{
 "T_tag_cam1": [
  [
   0.9989711485345765,
   -0.04222324025677907,
   0.016548183517435647,
   0.154506517240986
  ],
  [
   0.044316353678507996,
   0.9863575095140789,
   -0.1585399767308717,
   0.23653708209237528
  ],
  [
   -0.009628353553427995,
   0.15911021779697956,
   0.987213874193656,
   2.037168284034531
  ],
  [
   0.0,
   0.0,
   0.0,
   1.0
  ]
 ],
 "T_tag_imu": [
  [
   0.9991179981666177,
   -0.04005900540518067,
   0.012589750810732051,
   0.1599655586030229
  ],
  [
   0.041583823725303976,
   0.9855572163634079,
   -0.16415772561287723,
   0.23436060891185762
  ],
  [
   -0.005831924546105626,
   0.164536468176382,
   0.986353759711053,
   2.01908261085802
  ],
  [
   0.0,
   0.0,
   0.0,
   1.0
  ]
 ],
 "T_imu_tag": [
  [
   0.9991179981666195,
   0.041583823725304024,
   -0.005831924546105636,
   -0.15779494149732495
  ],
  [
   -0.040059005405180724,
   0.9855572163634088,
   0.16453646817638212,
   -0.5567804499146098
  ],
  [
   0.012589750810732074,
   -0.1641577256128775,
   0.9863537597110543,
   -1.9550715463759119
  ],
  [
   0.0,
   0.0,
   0.0,
   1.0
  ]
 ],
 "T_cam1_imu": [
  [
   0.9999890494210157,
   0.0020742962439658824,
   -0.004195036727409601,
   0.005531106719687354
  ],
  [
   -0.0020974012604044003,
   0.9999826157125995,
   -0.00551082394377236,
   -0.005254894478980169
  ],
  [
   0.004183532718277754,
   0.00551956227237901,
   0.9999760159555404,
   -0.017419032258300406
  ],
  [
   0.0,
   0.0,
   0.0,
   1.0
  ]
 ]
}