{
 "T_tag_cam1": [
  [
   0.8916886012457284,
   0.06648689962917631,
   0.4477398023251187,
   1.1555586122039943
  ],
  [
   -0.0343713432578415,
   0.9962433171013397,
   -0.07948499162464667,
   0.008956054116248762
  ],
  [
   -0.45134249652684844,
   0.05548644256589486,
   0.8906240539758027,
   1.5109173111916698
  ],
  [
   0.0,
   0.0,
   0.0,
   1.0
  ]
 ],
 "T_tag_imu": [
  [
   0.8934125211444909,
   0.07080669783891215,
   0.4436219996837314,
   1.152342061316401
  ],
  [
   -0.036793016923763903,
   0.9957159794119829,
   -0.0848290177314419,
   0.004915340674994372
  ],
  [
   -0.44772797653027135,
   0.05946511485554073,
   0.8921903155422194,
   1.4926155031493291
  ],
  [
   0.0,
   0.0,
   0.0,
   1.0
  ]
 ],
 "T_imu_tag": [
  [
   0.8934125211444918,
   -0.03679301692376396,
   -0.4477279765302718,
   -0.36105025704612254
  ],
  [
   0.07080669783891227,
   0.995715979411985,
   0.059465114855540846,
   -0.17524637172698107
  ],
  [
   0.44362199968373184,
   -0.08482901773144201,
   0.8921903155422204,
   -1.8424844227775903
  ],
  [
   0.0,
   0.0,
   0.0,
   1.0
  ]
 ],
 "T_cam1_imu": [
  [
   0.9999890494210157,
   0.0020742962439658824,
   -0.004195036727409601,
   0.005531106719687354
  ],
  [
   -0.0020974012604044003,
   0.9999826157125995,
   -0.00551082394377236,
   -0.005254894478980169
  ],
  [
   0.004183532718277754,
   0.00551956227237901,
   0.9999760159555404,
   -0.017419032258300406
  ],
  [
   0.0,
   0.0,
   0.0,
   1.0
  ]
 ]
}