{
 "T_tag_cam1": [
  [
   0.9989711485345771,
   0.044316353678508,
   -0.009628353553428,
   0.154506517240986
  ],
  [
   -0.04222324025677909,
   0.9863575095140787,
   0.1591102177969795,
   0.23653708209237528
  ],
  [
   0.016548183517435658,
   -0.15853997673087172,
   0.9872138741936561,
   2.037168284034531
  ],
  [
   0.0,
   0.0,
   0.0,
   1.0
  ]
 ],
 "T_tag_imu": [
  [
   0.9988269795139364,
   0.04633460107449604,
   -0.014063062907245611,
   0.15996677211228713
  ],
  [
   -0.043625922569549905,
   0.9871309976382833,
   0.15384788715351946,
   0.2283487901969871
  ],
  [
   0.02101056579489172,
   -0.15305390633666865,
   0.9879944624743924,
   2.0208966143315825
  ],
  [
   0.0,
   0.0,
   0.0,
   1.0
  ]
 ],
 "T_imu_tag": [
  [
   0.9988269795139368,
   -0.04362592256954993,
   0.021010565794891738,
   -0.19227738245161355
  ],
  [
   0.046334601074496086,
   0.9871309976382845,
   -0.15305390633666882,
   0.07648395547835238
  ],
  [
   -0.014063062907245625,
   0.15384788715351969,
   0.9879944624743937,
   -2.0295160203194387
  ],
  [
   0.0,
   0.0,
   0.0,
   1.0
  ]
 ],
 "T_cam1_imu": [
  [
   0.9999890494210157,
   0.0020742962439658824,
   -0.004195036727409601,
   0.005531106719687354
  ],
  [
   -0.0020974012604044003,
   0.9999826157125995,
   -0.00551082394377236,
   -0.005254894478980169
  ],
  [
   0.004183532718277754,
   0.00551956227237901,
   0.9999760159555404,
   -0.017419032258300406
  ],
  [
   0.0,
   0.0,
   0.0,
   1.0
  ]
 ]
}