{
 "T_tag_imu": [
  [
   -0.06181667309557375,
   -0.4429482014517418,
   0.8944135451557411,
   1.142011338972484
  ],
  [
   -0.9965429132209154,
   0.07722739129447184,
   -0.030629269384355822,
   0.0036267563039052387
  ],
  [
   -0.055506045045236894,
   -0.893214879446439,
   -0.44619083148235855,
   1.5231524946869694
  ],
  [
   0.0,
   0.0,
   0.0,
   1.0
  ]
 ],
 "T_april_imu": [
  [
   0.004183532718277754,
   0.00551956227237901,
   0.9999760159555404,
   -0.017419032258300406
  ],
  [
   -0.9999890494210157,
   -0.0020742962439658824,
   0.004195036727409601,
   -0.005531106719687354
  ],
  [
   0.0020974012604044003,
   -0.9999826157125995,
   0.00551082394377236,
   0.005254894478980169
  ],
  [
   0.0,
   0.0,
   0.0,
   1.0
  ]
 ],
 "T_cam1_imu": [
  [
   0.9999890494210157,
   0.0020742962439658824,
   -0.004195036727409601,
   0.005531106719687354
  ],
  [
   -0.0020974012604044003,
   0.9999826157125995,
   -0.00551082394377236,
   -0.005254894478980169
  ],
  [
   0.004183532718277754,
   0.00551956227237901,
   0.9999760159555404,
   -0.017419032258300406
  ],
  [
   0.0,
   0.0,
   0.0,
   1.0
  ]
 ]
}