{
 "T_tag_cam1": [
  [
   0.8427150120971726,
   -0.0426394819296682,
   0.5366686901309146,
   0.7405196965048351
  ],
  [
   0.026735500135277826,
   0.9989431834474743,
   0.03738621773249863,
   0.029448211396885544
  ],
  [
   -0.5376956587313857,
   -0.017157821091115685,
   0.8429644047982255,
   1.0094609810739046
  ],
  [
   0.0,
   0.0,
   0.0,
   1.0
  ]
 ],
 "T_tag_imu": [
  [
   0.8450403870070516,
   -0.03792852383351924,
   0.5333555768966713,
   0.7360566599237958
  ],
  [
   0.024796429139133356,
   0.999187630436491,
   0.031768164640986675,
   0.023695515549126737
  ],
  [
   -0.5341272146492061,
   -0.01362006837424323,
   0.8452943938703018,
   0.9918934673822924
  ],
  [
   0.0,
   0.0,
   0.0,
   1.0
  ]
 ],
 "T_imu_tag": [
  [
   0.845040387007053,
   0.02479642913913338,
   -0.5341272146492066,
   -0.09278787397170472
  ],
  [
   -0.037928523833519294,
   0.9991876304364924,
   -0.013620068374243236,
   0.017750933380949317
  ],
  [
   0.5333555768966721,
   0.03176816464098673,
   0.8452943938703027,
   -1.2317746748163392
  ],
  [
   0.0,
   0.0,
   0.0,
   1.0
  ]
 ],
 "T_cam1_imu": [
  [
   0.9999890494210157,
   0.0020742962439658824,
   -0.004195036727409601,
   0.005531106719687354
  ],
  [
   -0.0020974012604044003,
   0.9999826157125995,
   -0.00551082394377236,
   -0.005254894478980169
  ],
  [
   0.004183532718277754,
   0.00551956227237901,
   0.9999760159555404,
   -0.017419032258300406
  ],
  [
   0.0,
   0.0,
   0.0,
   1.0
  ]
 ]
}