{
 "T_tag_world": [
  [
   0.0,
   0.0,
   -1.0,
   -4.93
  ],
  [
   1.0,
   0.0,
   0.0,
   5.0
  ],
  [
   0.0,
   -1.0,
   0.0,
   1.745
  ],
  [
   0.0,
   0.0,
   0.0,
   1.0
  ]
 ],
 "origin": [
  [
   1.0,
   0.0,
   0.0,
   0.0
  ],
  [
   0.0,
   1.0,
   0.0,
   0.0
  ],
  [
   0.0,
   0.0,
   1.0,
   0.0
  ],
  [
   0.0,
   0.0,
   0.0,
   1.0
  ]
 ],
 "T_slam_world": [
  [
   -0.016548183517435658,
   0.15853997673087175,
   -0.9872138741936562,
   -2.9538229872227975
  ],
  [
   0.998971148534577,
   0.04431635367850799,
   -0.009628353553427997,
   4.854784562514121
  ],
  [
   0.04222324025677909,
   -0.9863575095140786,
   -0.15911021779697954,
   2.2959206507634917
  ],
  [
   0.0,
   0.0,
   0.0,
   1.0
  ]
 ]
}