{
 "T_tag_world": [
  [
   0.0,
   1.0,
   0.0,
   -4.93
  ],
  [
   0.0,
   0.0,
   -1.0,
   5.0
  ],
  [
   -1.0,
   0.0,
   0.0,
   1.745
  ],
  [
   0.0,
   0.0,
   0.0,
   1.0
  ]
 ],
 "origin": [
  [
   1.0,
   0.0,
   0.0,
   0.0
  ],
  [
   0.0,
   1.0,
   0.0,
   0.0
  ],
  [
   0.0,
   0.0,
   1.0,
   0.0
  ],
  [
   0.0,
   0.0,
   0.0,
   1.0
  ]
 ],
 "T_slam_world": [
  [
   0.05550604504523698,
   -0.06181667309557388,
   0.9965429132209176,
   -4.61606268546115
  ],
  [
   0.89321487944644,
   -0.4429482014517424,
   -0.07722739129447194,
   2.877285880622924
  ],
  [
   0.446190831482359,
   0.8944135451557422,
   0.03062926938435586,
   -5.682910772800108
  ],
  [
   0.0,
   0.0,
   0.0,
   1.0
  ]
 ]
}