{
 "T_tag_world": [
  [
   0.0,
   0.0,
   -1.0,
   -4.93
  ],
  [
   1.0,
   0.0,
   0.0,
   5.0
  ],
  [
   0.0,
   -1.0,
   0.0,
   1.745
  ],
  [
   0.0,
   0.0,
   0.0,
   1.0
  ]
 ],
 "origin": [
  [
   1.0,
   0.0,
   0.0,
   0.0
  ],
  [
   0.0,
   1.0,
   0.0,
   0.0
  ],
  [
   0.0,
   0.0,
   1.0,
   0.0
  ],
  [
   0.0,
   0.0,
   0.0,
   1.0
  ]
 ],
 "T_slam_world": [
  [
   -0.03679301692376396,
   0.4477279765302718,
   -0.8934125211444918,
   -5.730824389952611
  ],
  [
   0.995715979411985,
   -0.059465114855540846,
   -0.07080669783891227,
   4.558023130410025
  ],
  [
   -0.08482901773144201,
   -0.8921903155422204,
   -0.44362199968373184,
   -2.896813869254424
  ],
  [
   0.0,
   0.0,
   0.0,
   1.0
  ]
 ]
}