{
 "T_tag_world": [
  [
   0.0,
   0.0,
   -1.0,
   -4.845
  ],
  [
   1.0,
   0.0,
   0.0,
   5.365
  ],
  [
   0.0,
   -1.0,
   0.0,
   1.75
  ],
  [
   0.0,
   0.0,
   0.0,
   1.0
  ]
 ],
 "origin": [
  [
   1.0,
   0.0,
   0.0,
   0.0
  ],
  [
   0.0,
   1.0,
   0.0,
   0.0
  ],
  [
   0.0,
   0.0,
   1.0,
   0.0
  ],
  [
   0.0,
   0.0,
   0.0,
   1.0
  ]
 ],
 "T_slam_world": [
  [
   -0.44362199968373184,
   0.08482901773144201,
   -0.8921903155422204,
   -3.0025155772224092
  ],
  [
   0.8934125211444918,
   -0.03679301692376396,
   -0.4477279765302718,
   5.0039497429538775
  ],
  [
   -0.07080669783891227,
   -0.995715979411985,
   -0.059465114855540846,
   1.925246371726981
  ],
  [
   0.0,
   0.0,
   0.0,
   1.0
  ]
 ]
}