{
 "T_tag_world": [
  [
   0.0,
   0.0,
   -1.0,
   -4.845
  ],
  [
   1.0,
   0.0,
   0.0,
   5.365
  ],
  [
   0.0,
   -1.0,
   0.0,
   1.75
  ],
  [
   0.0,
   0.0,
   0.0,
   1.0
  ]
 ],
 "origin": [
  [
   1.0,
   0.0,
   0.0,
   0.0
  ],
  [
   0.0,
   1.0,
   0.0,
   0.0
  ],
  [
   0.0,
   0.0,
   1.0,
   0.0
  ],
  [
   0.0,
   0.0,
   0.0,
   1.0
  ]
 ],
 "T_slam_world": [
  [
   -0.5333555768966721,
   -0.03176816464098673,
   -0.8452943938703027,
   -3.6132253251836604
  ],
  [
   0.845040387007053,
   0.02479642913913338,
   -0.5341272146492066,
   5.272212126028296
  ],
  [
   0.037928523833519294,
   -0.9991876304364924,
   0.013620068374243236,
   1.7322490666190506
  ],
  [
   0.0,
   0.0,
   0.0,
   1.0
  ]
 ]
}