{
 "T_tag_world": [
  [
   0.0,
   0.0,
   -1.0,
   -4.93
  ],
  [
   1.0,
   0.0,
   0.0,
   5.0
  ],
  [
   0.0,
   -1.0,
   0.0,
   1.745
  ],
  [
   0.0,
   0.0,
   0.0,
   1.0
  ]
 ],
 "origin": [
  [
   1.0,
   0.0,
   0.0,
   0.0
  ],
  [
   0.0,
   1.0,
   0.0,
   0.0
  ],
  [
   0.0,
   0.0,
   1.0,
   0.0
  ],
  [
   0.0,
   0.0,
   0.0,
   1.0
  ]
 ],
 "T_slam_world": [
  [
   0.014063062907245625,
   -0.15384788715351969,
   -0.9879944624743937,
   -2.900483979680561
  ],
  [
   0.9988269795139368,
   -0.04362592256954993,
   0.021010565794891738,
   4.807722617548387
  ],
  [
   -0.046334601074496086,
   -0.9871309976382845,
   0.15305390633666882,
   1.6685160445216478
  ],
  [
   0.0,
   0.0,
   0.0,
   1.0
  ]
 ]
}