#time(ns),px,py,pz,qw,qx,qy,qz,vx,vy,vz,bwx,bwy,bwz,bax,bay,baz
1759345551048184576,-972.301,-975.23,-698.373,0.453445,0.824576,0.136851,-0.309409,53.5426,-92.1088,-211.716,-0.0139026,0.0257385,0.0360248,30.7725,20.618,49.9355
1759345551058184704,-971.766,-976.148,-700.49,0.453259,0.824385,0.136891,-0.310171,53.3235,-91.3945,-211.672,-0.0139026,0.0257385,0.0360248,30.7725,20.618,49.9355
1759345551068184576,-971.234,-977.059,-702.606,0.453079,0.824157,0.136972,-0.311002,53.1023,-90.6761,-211.63,-0.0139026,0.0257385,0.0360248,30.7725,20.618,49.9355
1759345551078184704,-970.704,-977.962,-704.722,0.452834,0.823903,0.137044,-0.311999,52.8793,-89.9593,-211.589,-0.0139026,0.0257385,0.0360248,30.7725,20.618,49.9355
1759345551088184576,-970.176,-978.858,-706.838,0.452659,0.823662,0.137101,-0.312866,52.6548,-89.2446,-211.549,-0.0139026,0.0257385,0.0360248,30.7725,20.618,49.9354
1759345551098184704,-969.651,-979.747,-708.953,0.452483,0.82343,0.137181,-0.313694,52.429,-88.5322,-211.511,-0.0139026,0.0257385,0.0360248,30.7725,20.618,49.9354
1759345551108184576,-969.128,-980.629,-711.068,0.452296,0.823208,0.137258,-0.31451,52.2019,-87.8216,-211.475,-0.0139026,0.0257385,0.0360248,30.7725,20.618,49.9354
1759345551118184448,-968.607,-981.504,-713.182,0.452177,0.823008,0.137319,-0.315178,51.9737,-87.1122,-211.439,-0.0139026,0.0257385,0.0360248,30.7725,20.618,49.9354
1759345551128184576,-968.088,-982.372,-715.297,0.452011,0.822768,0.137398,-0.316006,51.7447,-86.4039,-211.404,-0.0139026,0.0257384,0.0360248,30.7725,20.618,49.9354
1759345551138184448,-967.572,-983.232,-717.41,0.45187,0.822519,0.137484,-0.316818,51.5151,-85.6963,-211.37,-0.0139026,0.0257384,0.0360248,30.7725,20.618,49.9354
1759345551148184576,-967.058,-984.086,-719.524,0.451716,0.822271,0.137588,-0.317636,51.2847,-84.989,-211.335,-0.0139026,0.0257384,0.0360248,30.7725,20.6181,49.9354
1759345551158184448,-966.546,-984.932,-721.637,0.45155,0.822022,0.137665,-0.318482,51.0538,-84.2823,-211.301,-0.0139026,0.0257384,0.0360248,30.7725,20.6181,49.9353
1759345551168184576,-966.036,-985.772,-723.75,0.451302,0.821742,0.13774,-0.31952,50.8226,-83.576,-211.268,-0.0139026,0.0257384,0.0360248,30.7725,20.6181,49.9353
1759345551178184448,-965.529,-986.604,-725.862,0.451148,0.82147,0.137871,-0.320381,50.5915,-82.8697,-211.234,-0.0139026,0.0257384,0.0360247,30.7725,20.6181,49.9353
1759345551188184576,-965.024,-987.429,-727.974,0.45099,0.821226,0.137941,-0.321199,50.3604,-82.1634,-211.2,-0.0139026,0.0257383,0.0360247,30.7725,20.6181,49.9353
1759345551198184448,-964.522,-988.248,-730.086,0.450892,0.820937,0.138074,-0.322017,50.1291,-81.457,-211.167,-0.0139026,0.0257383,0.0360247,30.7726,20.6181,49.9353
1759345551208184576,-964.021,-989.059,-732.197,0.450734,0.820683,0.138145,-0.322855,49.8979,-80.7506,-211.134,-0.0139026,0.0257383,0.0360247,30.7726,20.6181,49.9352
1759345551218184448,-963.523,-989.863,-734.309,0.450665,0.820384,0.138317,-0.323635,49.6669,-80.044,-211.101,-0.0139026,0.0257383,0.0360247,30.7726,20.6181,49.9352
1759345551228184576,-963.028,-990.66,-736.419,0.450521,0.820117,0.138455,-0.324451,49.436,-79.3375,-211.068,-0.0139026,0.0257382,0.0360247,30.7726,20.6182,49.9352
1759345551238184448,-962.534,-991.45,-738.53,0.450371,0.819851,0.138546,-0.325291,49.2052,-78.6309,-211.034,-0.0139026,0.0257382,0.0360246,30.7726,20.6182,49.9352
1759345551248184320,-962.043,-992.233,-740.64,0.450172,0.819593,0.13859,-0.326199,48.9748,-77.924,-211.001,-0.0139026,0.0257382,0.0360246,30.7726,20.6182,49.9351
1759345551258184448,-961.555,-993.009,-742.75,0.450024,0.819316,0.138702,-0.327049,48.7451,-77.2165,-210.967,-0.0139026,0.0257382,0.0360246,30.7726,20.6182,49.9351
1759345551268184320,-961.068,-993.777,-744.859,0.449864,0.819028,0.138853,-0.327927,48.5159,-76.5086,-210.932,-0.0139026,0.0257381,0.0360246,30.7727,20.6182,49.9351
1759345551278184448,-960.584,-994.539,-746.968,0.449707,0.818784,0.138937,-0.328714,48.2873,-75.8001,-210.898,-0.0139026,0.0257381,0.0360246,30.7727,20.6182,49.9351
1759345551288184320,-960.102,-995.294,-749.077,0.449552,0.818524,0.139067,-0.329518,48.0592,-75.0913,-210.863,-0.0139026,0.025738,0.0360245,30.7727,20.6182,49.935
1759345551298184448,-959.623,-996.041,-751.185,0.449391,0.818256,0.139192,-0.330349,47.8317,-74.3822,-210.827,-0.0139026,0.025738,0.0360245,30.7727,20.6183,49.935
1759345551308184320,-959.145,-996.781,-753.293,0.449222,0.817933,0.139411,-0.331285,47.6045,-73.6731,-210.792,-0.0139026,0.025738,0.0360245,30.7727,20.6183,49.935
1759345551318184448,-958.67,-997.515,-755.401,0.449041,0.817664,0.139561,-0.332129,47.3781,-72.9637,-210.756,-0.0139026,0.0257379,0.0360244,30.7727,20.6183,49.935
1759345551328184320,-958.197,-998.241,-757.508,0.448867,0.817408,0.13972,-0.332927,47.1524,-72.2542,-210.719,-0.0139026,0.0257379,0.0360244,30.7728,20.6183,49.9349
1759345551338184448,-957.727,-998.96,-759.615,0.448651,0.817213,0.139807,-0.333661,46.9271,-71.5449,-210.683,-0.0139026,0.0257378,0.0360244,30.7728,20.6183,49.9349
1759345551348184320,-957.259,-999.672,-761.722,0.448459,0.816981,0.13995,-0.334427,46.7024,-70.8353,-210.646,-0.0139026,0.0257378,0.0360244,30.7728,20.6183,49.9349
1759345551358184448,-956.793,-1000.38,-763.828,0.448249,0.816739,0.140113,-0.335228,46.4784,-70.1253,-210.608,-0.0139026,0.0257377,0.0360243,30.7728,20.6184,49.9349
1759345551368184320,-956.329,-1001.07,-765.934,0.448026,0.816493,0.140289,-0.336052,46.2552,-69.4149,-210.57,-0.0139026,0.0257377,0.0360243,30.7728,20.6184,49.9348
1759345551378184192,-955.867,-1001.77,-768.039,0.447846,0.816181,0.140548,-0.336941,46.0327,-68.7042,-210.532,-0.0139026,0.0257376,0.0360243,30.7728,20.6184,49.9348
1759345551388184320,-955.408,-1002.45,-770.144,0.447643,0.815926,0.140745,-0.337745,45.8111,-67.9933,-210.494,-0.0139026,0.0257376,0.0360242,30.7729,20.6184,49.9348
1759345551398184192,-954.951,-1003.13,-772.249,0.447415,0.815685,0.140958,-0.338538,45.59,-67.2823,-210.456,-0.0139025,0.0257375,0.0360242,30.7729,20.6184,49.9347
1759345551408184320,-954.496,-1003.79,-774.353,0.447168,0.815458,0.14117,-0.339324,45.3695,-66.5709,-210.417,-0.0139025,0.0257375,0.0360241,30.7729,20.6184,49.9347
1759345551418184192,-954.043,-1004.46,-776.457,0.446934,0.815229,0.141361,-0.3401,45.1499,-65.8596,-210.378,-0.0139025,0.0257374,0.0360241,30.7729,20.6185,49.9347
1759345551428184320,-953.592,-1005.11,-778.56,0.446664,0.815058,0.141496,-0.34081,44.931,-65.1483,-210.338,-0.0139025,0.0257374,0.0360241,30.7729,20.6185,49.9346
1759345551438184192,-953.144,-1005.76,-780.664,0.446426,0.814846,0.141688,-0.341546,44.7129,-64.437,-210.297,-0.0139025,0.0257373,0.036024,30.773,20.6185,49.9346
1759345551448184320,-952.698,-1006.4,-782.766,0.446168,0.814616,0.141934,-0.34233,44.4951,-63.7253,-210.256,-0.0139025,0.0257372,0.036024,30.773,20.6185,49.9346
1759345551458184192,-952.254,-1007.03,-784.869,0.445937,0.814335,0.142263,-0.343162,44.2778,-63.0134,-210.215,-0.0139025,0.0257372,0.0360239,30.773,20.6185,49.9345
1759345551468184320,-951.812,-1007.66,-786.97,0.445662,0.814105,0.142539,-0.343949,44.0606,-62.3017,-210.173,-0.0139025,0.0257371,0.0360239,30.773,20.6185,49.9345
1759345551478184192,-951.372,-1008.28,-789.072,0.445392,0.813896,0.14279,-0.34469,43.8442,-61.5901,-210.131,-0.0139025,0.0257371,0.0360238,30.7731,20.6186,49.9345
1759345551488184320,-950.935,-1008.89,-791.173,0.445152,0.813684,0.143063,-0.345386,43.6286,-60.8785,-210.089,-0.0139025,0.025737,0.0360238,30.7731,20.6186,49.9344
1759345551498184192,-950.499,-1009.5,-793.273,0.444822,0.813529,0.143219,-0.34611,43.4133,-60.1672,-210.046,-0.0139025,0.0257369,0.0360237,30.7731,20.6186,49.9344
1759345551508184320,-950.066,-1010.1,-795.374,0.444566,0.813295,0.143498,-0.346872,43.1985,-59.4561,-210.003,-0.0139025,0.0257369,0.0360237,30.7731,20.6186,49.9344
1759345551518184192,-949.635,-1010.69,-797.473,0.444341,0.813075,0.143811,-0.347546,42.9837,-58.7452,-209.96,-0.0139025,0.0257368,0.0360236,30.7731,20.6186,49.9343
1759345551528184064,-949.206,-1011.27,-799.573,0.444042,0.81286,0.144088,-0.348317,42.7691,-58.0345,-209.915,-0.0139025,0.0257367,0.0360236,30.7732,20.6186,49.9343
1759345551538184192,-948.78,-1011.85,-801.672,0.443775,0.812581,0.144487,-0.349142,42.5549,-57.3239,-209.87,-0.0139025,0.0257366,0.0360235,30.7732,20.6187,49.9343
1759345551548184064,-948.355,-1012.42,-803.77,0.4435,0.812349,0.144823,-0.34989,42.3409,-56.6131,-209.824,-0.0139025,0.0257366,0.0360234,30.7732,20.6187,49.9342
1759345551558184192,-947.932,-1012.98,-805.868,0.443209,0.81213,0.145148,-0.350631,42.1275,-55.9023,-209.777,-0.0139024,0.0257365,0.0360234,30.7732,20.6187,49.9342
1759345551568184064,-947.512,-1013.54,-807.965,0.442896,0.811927,0.14548,-0.351359,41.9149,-55.1916,-209.729,-0.0139024,0.0257364,0.0360233,30.7733,20.6187,49.9341
1759345551578184192,-947.094,-1014.09,-810.062,0.442563,0.811772,0.145721,-0.352036,41.7031,-54.481,-209.682,-0.0139024,0.0257363,0.0360233,30.7733,20.6187,49.9341
1759345551588184064,-946.678,-1014.63,-812.159,0.442272,0.811578,0.146022,-0.352724,41.4919,-53.7704,-209.634,-0.0139024,0.0257363,0.0360232,30.7733,20.6187,49.9341
1759345551598184192,-946.264,-1015.16,-814.255,0.44203,0.811357,0.146369,-0.353392,41.2814,-53.0599,-209.586,-0.0139024,0.0257362,0.0360231,30.7733,20.6188,49.934
1759345551608184064,-945.852,-1015.69,-816.35,0.44172,0.811142,0.146668,-0.354147,41.0714,-52.3496,-209.538,-0.0139024,0.0257361,0.0360231,30.7734,20.6188,49.934
1759345551618184192,-945.442,-1016.21,-818.445,0.441471,0.810848,0.14706,-0.354968,40.862,-51.6393,-209.489,-0.0139024,0.025736,0.036023,30.7734,20.6188,49.9339
1759345551628184064,-945.034,-1016.72,-820.54,0.441185,0.810619,0.147365,-0.355718,40.653,-50.929,-209.44,-0.0139024,0.0257359,0.0360229,30.7734,20.6188,49.9339
1759345551638184192,-944.629,-1017.23,-822.634,0.440919,0.810409,0.147629,-0.356417,40.4445,-50.2186,-209.39,-0.0139024,0.0257359,0.0360228,30.7735,20.6188,49.9338
1759345551648184064,-944.225,-1017.73,-824.728,0.440633,0.810258,0.14781,-0.357039,40.2366,-49.5082,-209.34,-0.0139024,0.0257358,0.0360228,30.7735,20.6189,49.9338
1759345551658183936,-943.824,-1018.22,-826.821,0.440381,0.810023,0.14812,-0.357753,40.0292,-48.7977,-209.29,-0.0139024,0.0257357,0.0360227,30.7735,20.6189,49.9337
1759345551668184064,-943.424,-1018.7,-828.913,0.440143,0.809779,0.148412,-0.358476,39.8222,-48.0873,-209.239,-0.0139024,0.0257356,0.0360226,30.7735,20.6189,49.9337
1759345551678183936,-943.027,-1019.18,-831.005,0.439937,0.809529,0.14871,-0.359171,39.6159,-47.3771,-209.187,-0.0139023,0.0257355,0.0360225,30.7736,20.6189,49.9337
1759345551688184064,-942.632,-1019.65,-833.097,0.439667,0.809298,0.148957,-0.359919,39.4098,-46.6666,-209.136,-0.0139023,0.0257354,0.0360225,30.7736,20.6189,49.9336
1759345551698183936,-942.238,-1020.11,-835.188,0.439418,0.809069,0.149235,-0.360621,39.2042,-45.9563,-209.084,-0.0139023,0.0257353,0.0360224,30.7736,20.619,49.9336
1759345551708184064,-941.847,-1020.57,-837.278,0.439231,0.808764,0.149672,-0.361352,38.9993,-45.2466,-209.032,-0.0139023,0.0257353,0.0360223,30.7737,20.619,49.9335
1759345551718183936,-941.458,-1021.02,-839.368,0.438988,0.808523,0.150011,-0.362044,38.7946,-44.537,-208.98,-0.0139023,0.0257352,0.0360222,30.7737,20.619,49.9335
1759345551728184064,-941.071,-1021.46,-841.458,0.438727,0.808287,0.150331,-0.362755,38.5901,-43.8276,-208.927,-0.0139023,0.0257351,0.0360221,30.7737,20.619,49.9334
1759345551738183936,-940.686,-1021.89,-843.547,0.438463,0.808052,0.150643,-0.363469,38.3858,-43.1182,-208.874,-0.0139023,0.025735,0.0360221,30.7738,20.619,49.9334
1759345551748184064,-940.303,-1022.32,-845.635,0.438156,0.807886,0.150831,-0.364129,38.1818,-42.409,-208.821,-0.0139023,0.0257349,0.036022,30.7738,20.6191,49.9333
1759345551758183936,-939.922,-1022.74,-847.723,0.437891,0.807657,0.151161,-0.364818,37.978,-41.7,-208.767,-0.0139023,0.0257348,0.0360219,30.7738,20.6191,49.9333
1759345551768184064,-939.543,-1023.16,-849.81,0.437624,0.807419,0.151498,-0.365525,37.7743,-40.9909,-208.712,-0.0139023,0.0257347,0.0360218,30.7739,20.6191,49.9332
1759345551778183936,-939.166,-1023.56,-851.897,0.437408,0.807116,0.151934,-0.366269,37.571,-40.2818,-208.657,-0.0139023,0.0257346,0.0360217,30.7739,20.6191,49.9332
1759345551788183808,-938.791,-1023.96,-853.983,0.437127,0.806881,0.152272,-0.366983,37.368,-39.5726,-208.6,-0.0139022,0.0257345,0.0360216,30.7739,20.6191,49.9331
1759345551798183936,-938.418,-1024.35,-856.069,0.436846,0.806648,0.152629,-0.367682,37.1656,-38.8634,-208.543,-0.0139022,0.0257344,0.0360215,30.774,20.6192,49.9331
1759345551808183808,-938.048,-1024.74,-858.154,0.436568,0.806421,0.153002,-0.368353,36.9635,-38.1542,-208.486,-0.0139022,0.0257343,0.0360214,30.774,20.6192,49.933
1759345551818183936,-937.679,-1025.12,-860.239,0.436205,0.806259,0.153269,-0.369025,36.7618,-37.4452,-208.429,-0.0139022,0.0257343,0.0360213,30.774,20.6192,49.933
1759345551828183808,-937.312,-1025.49,-862.322,0.435895,0.806037,0.15362,-0.369732,36.5604,-36.7364,-208.371,-0.0139022,0.0257342,0.0360212,30.7741,20.6192,49.9329
1759345551838183936,-936.947,-1025.85,-864.406,0.435622,0.80584,0.153963,-0.370339,36.3593,-36.0279,-208.313,-0.0139022,0.0257341,0.0360211,30.7741,20.6192,49.9329
1759345551848183808,-936.585,-1026.21,-866.489,0.435319,0.805611,0.154284,-0.371058,36.1583,-35.3197,-208.255,-0.0139022,0.025734,0.036021,30.7741,20.6192,49.9328
1759345551858183936,-936.224,-1026.56,-868.571,0.435036,0.805387,0.154647,-0.371725,35.9576,-34.6116,-208.196,-0.0139022,0.0257339,0.0360209,30.7742,20.6193,49.9327
1759345551868183808,-935.865,-1026.9,-870.652,0.43476,0.805156,0.15501,-0.372397,35.7571,-33.9036,-208.136,-0.0139022,0.0257338,0.0360208,30.7742,20.6193,49.9327
1759345551878183936,-935.508,-1027.24,-872.733,0.434457,0.804937,0.155353,-0.373081,35.5568,-33.1957,-208.076,-0.0139022,0.0257337,0.0360207,30.7742,20.6193,49.9326
1759345551888183808,-935.154,-1027.56,-874.814,0.434183,0.804693,0.155759,-0.373756,35.3569,-32.4879,-208.015,-0.0139021,0.0257336,0.0360206,30.7743,20.6193,49.9326
1759345551898183936,-934.801,-1027.89,-876.893,0.433898,0.804466,0.15613,-0.37442,35.1573,-31.7803,-207.955,-0.0139021,0.0257335,0.0360205,30.7743,20.6193,49.9325
1759345551908183808,-934.45,-1028.2,-878.973,0.433615,0.80424,0.156509,-0.375074,34.9579,-31.0729,-207.893,-0.0139021,0.0257334,0.0360204,30.7743,20.6194,49.9325
1759345551918183680,-934.101,-1028.51,-881.051,0.433343,0.804017,0.156899,-0.375705,34.7586,-30.3656,-207.831,-0.0139021,0.0257333,0.0360203,30.7744,20.6194,49.9324
1759345551928183808,-933.755,-1028.81,-883.129,0.432979,0.803817,0.157269,-0.376395,34.5594,-29.6589,-207.77,-0.0139021,0.0257332,0.0360201,30.7744,20.6194,49.9324
1759345551938183680,-933.41,-1029.1,-885.206,0.43267,0.803592,0.157679,-0.37706,34.3605,-28.9526,-207.707,-0.0139021,0.0257331,0.03602,30.7744,20.6194,49.9323
1759345551948183808,-933.067,-1029.39,-887.283,0.432368,0.803355,0.158093,-0.377736,34.1618,-28.2467,-207.644,-0.0139021,0.025733,0.0360199,30.7745,20.6194,49.9323
1759345551958183680,-932.726,-1029.67,-889.359,0.432093,0.80313,0.158481,-0.378368,33.9634,-27.541,-207.581,-0.0139021,0.0257328,0.0360198,30.7745,20.6195,49.9322
1759345551968183808,-932.387,-1029.94,-891.435,0.43182,0.802889,0.15891,-0.379009,33.7652,-26.8355,-207.518,-0.0139021,0.0257327,0.0360197,30.7746,20.6195,49.9321
1759345551978183680,-932.051,-1030.2,-893.509,0.431537,0.80267,0.159303,-0.379631,33.5671,-26.1302,-207.454,-0.0139021,0.0257326,0.0360195,30.7746,20.6195,49.9321
1759345551988183808,-931.716,-1030.46,-895.583,0.431251,0.802437,0.159718,-0.380274,33.369,-25.4251,-207.389,-0.013902,0.0257325,0.0360194,30.7746,20.6195,49.932
1759345551998183680,-931.383,-1030.71,-897.657,0.43091,0.802223,0.160088,-0.380954,33.171,-24.72,-207.324,-0.013902,0.0257324,0.0360193,30.7747,20.6195,49.932
1759345552008183808,-931.052,-1030.96,-899.73,0.430603,0.802,0.160529,-0.381585,32.9734,-24.015,-207.259,-0.013902,0.0257323,0.0360192,30.7747,20.6195,49.9319
1759345552018183680,-930.723,-1031.19,-901.802,0.430283,0.801782,0.160964,-0.382221,32.7759,-23.3102,-207.193,-0.013902,0.0257322,0.036019,30.7747,20.6196,49.9319
1759345552028183808,-930.396,-1031.42,-903.874,0.429961,0.801549,0.161382,-0.382895,32.5784,-22.6058,-207.126,-0.013902,0.0257321,0.0360189,30.7748,20.6196,49.9318
1759345552038183680,-930.071,-1031.64,-905.944,0.429663,0.801316,0.161778,-0.38355,32.3813,-21.9014,-207.059,-0.013902,0.025732,0.0360188,30.7748,20.6196,49.9318
1759345552048183552,-929.748,-1031.86,-908.015,0.42937,0.801061,0.162259,-0.384207,32.1844,-21.1973,-206.991,-0.013902,0.0257319,0.0360186,30.7748,20.6196,49.9317
1759345552058183680,-929.427,-1032.07,-910.084,0.429097,0.800819,0.16268,-0.384837,31.9878,-20.4937,-206.923,-0.013902,0.0257318,0.0360185,30.7749,20.6196,49.9316
1759345552068183552,-929.108,-1032.27,-912.153,0.428812,0.800597,0.163092,-0.385443,31.7913,-19.7904,-206.855,-0.013902,0.0257316,0.0360184,30.7749,20.6196,49.9316
1759345552078183680,-928.791,-1032.46,-914.221,0.428528,0.80036,0.163486,-0.386083,31.595,-19.0874,-206.787,-0.0139019,0.0257315,0.0360182,30.775,20.6197,49.9315
1759345552088183552,-928.476,-1032.65,-916.288,0.428259,0.800103,0.163872,-0.38675,31.3988,-18.3845,-206.718,-0.0139019,0.0257314,0.0360181,30.775,20.6197,49.9315
1759345552098183680,-928.162,-1032.83,-918.355,0.427993,0.799784,0.164359,-0.387496,31.2029,-17.6819,-206.649,-0.0139019,0.0257313,0.0360179,30.775,20.6197,49.9314
1759345552108183552,-927.851,-1033,-920.421,0.42772,0.799522,0.164769,-0.388164,31.0071,-16.9796,-206.58,-0.0139019,0.0257312,0.0360178,30.7751,20.6197,49.9314
1759345552118183680,-927.542,-1033.17,-922.487,0.427477,0.799254,0.165149,-0.388823,30.8118,-16.2774,-206.51,-0.0139019,0.0257311,0.0360176,30.7751,20.6197,49.9313
1759345552128183552,-927.235,-1033.33,-924.551,0.427241,0.799057,0.165407,-0.389376,30.6167,-15.5754,-206.44,-0.0139019,0.025731,0.0360175,30.7751,20.6197,49.9313
1759345552138183680,-926.929,-1033.48,-926.615,0.427,0.798794,0.165775,-0.390024,30.4218,-14.8734,-206.369,-0.0139019,0.0257308,0.0360174,30.7752,20.6197,49.9312
1759345552148183552,-926.626,-1033.63,-928.678,0.426753,0.798514,0.166133,-0.390714,30.227,-14.1714,-206.298,-0.0139019,0.0257307,0.0360172,30.7752,20.6198,49.9312
1759345552158183680,-926.324,-1033.77,-930.741,0.426517,0.798247,0.166501,-0.39136,30.0321,-13.4696,-206.226,-0.0139019,0.0257306,0.036017,30.7753,20.6198,49.9311
1759345552168183552,-926.025,-1033.9,-932.803,0.42626,0.797985,0.166876,-0.392013,29.8374,-12.7679,-206.154,-0.0139018,0.0257305,0.0360169,30.7753,20.6198,49.9311
1759345552178183680,-925.727,-1034.02,-934.864,0.426033,0.79771,0.167258,-0.392657,29.6429,-12.0665,-206.081,-0.0139018,0.0257304,0.0360167,30.7753,20.6198,49.931
1759345552188183552,-925.431,-1034.14,-936.924,0.425804,0.797415,0.167628,-0.393346,29.4485,-11.3655,-206.009,-0.0139018,0.0257302,0.0360166,30.7754,20.6198,49.9309
1759345552198183424,-925.138,-1034.25,-938.984,0.425586,0.797117,0.16799,-0.394031,29.254,-10.665,-205.936,-0.0139018,0.0257301,0.0360164,30.7754,20.6198,49.9309
1759345552208183552,-924.846,-1034.35,-941.043,0.425386,0.796823,0.168328,-0.394696,29.0594,-9.96488,-205.864,-0.0139018,0.02573,0.0360163,30.7754,20.6198,49.9308
1759345552218183424,-924.556,-1034.45,-943.101,0.42523,0.796499,0.168702,-0.395359,28.8648,-9.26511,-205.79,-0.0139018,0.0257299,0.0360161,30.7755,20.6198,49.9308
1759345552228183552,-924.268,-1034.54,-945.158,0.425042,0.796179,0.169054,-0.396054,28.6699,-8.56548,-205.717,-0.0139018,0.0257297,0.0360159,30.7755,20.6199,49.9308
1759345552238183424,-923.982,-1034.62,-947.215,0.424896,0.79587,0.169392,-0.396687,28.4749,-7.86575,-205.642,-0.0139018,0.0257296,0.0360158,30.7756,20.6199,49.9307
1759345552248183552,-923.698,-1034.69,-949.271,0.424702,0.795545,0.169716,-0.397407,28.2798,-7.16585,-205.567,-0.0139018,0.0257295,0.0360156,30.7756,20.6199,49.9307
1759345552258183424,-923.416,-1034.76,-951.326,0.424542,0.795219,0.170077,-0.398075,28.0849,-6.4661,-205.491,-0.0139018,0.0257293,0.0360154,30.7756,20.6199,49.9306
1759345552268183552,-923.136,-1034.82,-953.381,0.424368,0.794887,0.170445,-0.398767,27.8903,-5.76665,-205.416,-0.0139017,0.0257292,0.0360153,30.7757,20.6199,49.9306
1759345552278183424,-922.858,-1034.88,-955.435,0.424222,0.794567,0.170788,-0.399413,27.6958,-5.06706,-205.34,-0.0139017,0.0257291,0.0360151,30.7757,20.6199,49.9305
1759345552288183552,-922.582,-1034.92,-957.487,0.424055,0.794235,0.171139,-0.4001,27.5014,-4.36762,-205.263,-0.0139017,0.0257289,0.0360149,30.7757,20.6199,49.9305
1759345552298183424,-922.307,-1034.97,-959.54,0.423892,0.793906,0.171499,-0.400771,27.3071,-3.66881,-205.187,-0.0139017,0.0257288,0.0360147,30.7758,20.6199,49.9304
1759345552308183552,-922.035,-1035,-961.591,0.423724,0.79358,0.171847,-0.401444,27.1126,-2.97037,-205.111,-0.0139017,0.0257287,0.0360145,30.7758,20.6199,49.9304
1759345552318183424,-921.765,-1035.02,-963.642,0.423594,0.793245,0.172187,-0.402099,26.9176,-2.27225,-205.035,-0.0139017,0.0257285,0.0360144,30.7758,20.6199,49.9303
1759345552328183296,-921.496,-1035.04,-965.692,0.423463,0.792889,0.172554,-0.40278,26.7224,-1.57436,-204.958,-0.0139017,0.0257284,0.0360142,30.7759,20.6199,49.9303
1759345552338183424,-921.23,-1035.06,-967.741,0.423368,0.792531,0.172898,-0.403436,26.527,-0.876679,-204.881,-0.0139017,0.0257282,0.036014,30.7759,20.6199,49.9303
1759345552348183296,-920.965,-1035.06,-969.789,0.423213,0.792201,0.173233,-0.404102,26.3311,-0.179129,-204.804,-0.0139017,0.0257281,0.0360138,30.7759,20.6199,49.9302
1759345552358183424,-920.703,-1035.06,-971.837,0.423092,0.791859,0.173571,-0.404753,26.1346,0.518044,-204.727,-0.0139017,0.025728,0.0360136,30.776,20.6199,49.9302
1759345552368183296,-920.442,-1035.05,-973.883,0.423013,0.791513,0.17386,-0.405388,25.9377,1.21493,-204.65,-0.0139017,0.0257278,0.0360134,30.776,20.6199,49.9302
1759345552378183424,-920.183,-1035.04,-975.929,0.422887,0.791172,0.174142,-0.406063,25.7406,1.91125,-204.572,-0.0139017,0.0257277,0.0360132,30.776,20.6199,49.9301
1759345552388183296,-919.927,-1035.01,-977.975,0.422825,0.79079,0.174535,-0.406703,25.5431,2.60732,-204.494,-0.0139017,0.0257275,0.0360131,30.7761,20.6199,49.9301
1759345552398183424,-919.672,-1034.98,-980.019,0.422728,0.790431,0.174875,-0.407355,25.345,3.30334,-204.416,-0.0139017,0.0257274,0.0360129,30.7761,20.6199,49.9301
1759345552408183296,-919.419,-1034.95,-982.063,0.422728,0.79009,0.175251,-0.407855,25.1468,3.99872,-204.339,-0.0139017,0.0257272,0.0360127,30.7761,20.6199,49.93
1759345552418183424,-919.168,-1034.9,-984.106,0.422641,0.789716,0.175622,-0.408509,24.9482,4.69368,-204.261,-0.0139017,0.0257271,0.0360125,30.7762,20.6199,49.93
1759345552428183296,-918.92,-1034.85,-986.148,0.422579,0.789335,0.175989,-0.409151,24.7493,5.38833,-204.184,-0.0139017,0.0257269,0.0360123,30.7762,20.6199,49.93
1759345552438183424,-918.673,-1034.8,-988.189,0.422501,0.788968,0.176358,-0.409781,24.5502,6.08223,-204.106,-0.0139017,0.0257268,0.0360121,30.7762,20.6199,49.93
1759345552448183296,-918.428,-1034.73,-990.23,0.422465,0.788557,0.176785,-0.410425,24.3508,6.77573,-204.029,-0.0139017,0.0257266,0.0360119,30.7762,20.6199,49.9299
1759345552458183168,-918.185,-1034.66,-992.27,0.422367,0.788192,0.177134,-0.411076,24.1508,7.46898,-203.95,-0.0139017,0.0257265,0.0360117,30.7763,20.6199,49.9299
1759345552468183296,-917.944,-1034.58,-994.309,0.422256,0.787825,0.177514,-0.41173,23.9507,8.16203,-203.871,-0.0139017,0.0257263,0.0360115,30.7763,20.6199,49.9299
1759345552478183168,-917.706,-1034.5,-996.347,0.422111,0.787406,0.177892,-0.412514,23.7503,8.85495,-203.792,-0.0139017,0.0257261,0.0360113,30.7763,20.6199,49.9299
1759345552488183296,-917.469,-1034.4,-998.384,0.422008,0.787022,0.178297,-0.413177,23.5502,9.54763,-203.713,-0.0139017,0.025726,0.0360111,30.7763,20.6198,49.9299
1759345552498183168,-917.234,-1034.31,-1000.42,0.421904,0.786666,0.178709,-0.413784,23.3503,10.24,-203.633,-0.0139017,0.0257258,0.0360108,30.7764,20.6198,49.9299
1759345552508183296,-917.001,-1034.2,-1002.46,0.421803,0.786293,0.179112,-0.41442,23.1505,10.932,-203.553,-0.0139017,0.0257257,0.0360106,30.7764,20.6198,49.9299
1759345552518183168,-916.77,-1034.09,-1004.49,0.421708,0.785921,0.179497,-0.415055,22.9506,11.6233,-203.473,-0.0139017,0.0257255,0.0360104,30.7764,20.6198,49.9298
1759345552528183296,-916.542,-1033.97,-1006.53,0.421624,0.785543,0.179886,-0.415688,22.7507,12.3142,-203.393,-0.0139018,0.0257253,0.0360102,30.7764,20.6198,49.9298
1759345552538183168,-916.315,-1033.84,-1008.56,0.421554,0.785168,0.180246,-0.416311,22.5506,13.0046,-203.313,-0.0139018,0.0257252,0.03601,30.7764,20.6198,49.9298
1759345552548183296,-916.09,-1033.71,-1010.59,0.421503,0.784784,0.180602,-0.416932,22.3504,13.6948,-203.234,-0.0139018,0.025725,0.0360098,30.7765,20.6197,49.9298
1759345552558183168,-915.867,-1033.57,-1012.62,0.421463,0.784385,0.180985,-0.417556,22.1499,14.3845,-203.154,-0.0139018,0.0257248,0.0360096,30.7765,20.6197,49.9298
1759345552568183296,-915.646,-1033.42,-1014.66,0.421415,0.783989,0.181363,-0.418183,21.9492,15.074,-203.073,-0.0139018,0.0257247,0.0360093,30.7765,20.6197,49.9298
1759345552578183168,-915.428,-1033.26,-1016.69,0.421362,0.783614,0.181697,-0.418794,21.7486,15.7631,-202.993,-0.0139018,0.0257245,0.0360091,30.7765,20.6197,49.9298
1759345552588183040,-915.211,-1033.1,-1018.71,0.42132,0.78322,0.182053,-0.419419,21.548,16.452,-202.912,-0.0139018,0.0257243,0.0360089,30.7765,20.6196,49.9299
1759345552598183168,-914.996,-1032.94,-1020.74,0.421311,0.782803,0.182407,-0.420053,21.3474,17.1408,-202.831,-0.0139019,0.0257242,0.0360087,30.7765,20.6196,49.9299
1759345552608183040,-914.783,-1032.76,-1022.77,0.421297,0.782405,0.182702,-0.420679,21.1469,17.8294,-202.75,-0.0139019,0.025724,0.0360084,30.7765,20.6196,49.9299
1759345552618183168,-914.572,-1032.58,-1024.8,0.421307,0.781968,0.183043,-0.421334,20.9465,18.5178,-202.67,-0.0139019,0.0257238,0.0360082,30.7766,20.6196,49.9299
1759345552628183040,-914.364,-1032.39,-1026.82,0.421311,0.781545,0.183351,-0.421979,20.7462,19.2061,-202.589,-0.0139019,0.0257236,0.036008,30.7766,20.6195,49.9299
1759345552638183168,-914.157,-1032.19,-1028.85,0.421305,0.781149,0.183614,-0.422603,20.5459,19.8941,-202.509,-0.0139019,0.0257234,0.0360077,30.7766,20.6195,49.9299
1759345552648183040,-913.952,-1031.99,-1030.87,0.421316,0.780716,0.183896,-0.42327,20.3459,20.5823,-202.428,-0.013902,0.0257233,0.0360075,30.7766,20.6195,49.93
1759345552658183168,-913.749,-1031.78,-1032.9,0.421348,0.78029,0.184168,-0.423906,20.1462,21.2703,-202.347,-0.013902,0.0257231,0.0360073,30.7766,20.6194,49.93
1759345552668183040,-913.549,-1031.57,-1034.92,0.421391,0.779848,0.184439,-0.424557,19.9467,21.9583,-202.267,-0.013902,0.0257229,0.036007,30.7766,20.6194,49.93
1759345552678183168,-913.35,-1031.34,-1036.94,0.421448,0.779432,0.184707,-0.425148,19.7473,22.6465,-202.186,-0.013902,0.0257227,0.0360068,30.7766,20.6193,49.93
1759345552688183040,-913.153,-1031.11,-1038.96,0.421472,0.778997,0.184948,-0.425817,19.5481,23.3346,-202.106,-0.013902,0.0257225,0.0360066,30.7766,20.6193,49.9301
1759345552698183168,-912.958,-1030.88,-1040.99,0.421486,0.778558,0.18515,-0.426518,19.3492,24.0224,-202.025,-0.0139021,0.0257224,0.0360063,30.7766,20.6193,49.9301
1759345552708183040,-912.765,-1030.63,-1043.01,0.421519,0.778116,0.185403,-0.42718,19.1507,24.7101,-201.945,-0.0139021,0.0257222,0.0360061,30.7766,20.6192,49.9301
1759345552718183168,-912.575,-1030.38,-1045.02,0.421557,0.777688,0.18566,-0.42781,18.9523,25.3978,-201.864,-0.0139021,0.025722,0.0360059,30.7766,20.6192,49.9302
1759345552728183040,-912.386,-1030.12,-1047.04,0.42159,0.777243,0.185941,-0.428464,18.7542,26.0851,-201.784,-0.0139021,0.0257218,0.0360056,30.7766,20.6191,49.9302
1759345552738182912,-912.199,-1029.86,-1049.06,0.421606,0.776822,0.186208,-0.429095,18.5562,26.7722,-201.703,-0.0139022,0.0257216,0.0360054,30.7766,20.6191,49.9303
1759345552748183040,-912.014,-1029.59,-1051.08,0.421631,0.776391,0.186477,-0.429734,18.3584,27.4591,-201.623,-0.0139022,0.0257214,0.0360051,30.7766,20.619,49.9303
1759345552758182912,-911.831,-1029.31,-1053.09,0.421636,0.775972,0.18675,-0.430365,18.1607,28.1457,-201.542,-0.0139022,0.0257212,0.0360049,30.7766,20.619,49.9304
1759345552768183040,-911.65,-1029.03,-1055.11,0.421627,0.775557,0.187042,-0.430997,17.9632,28.8321,-201.462,-0.0139023,0.025721,0.0360047,30.7766,20.6189,49.9304
1759345552778182912,-911.471,-1028.73,-1057.12,0.42164,0.77513,0.187318,-0.431632,17.766,29.5181,-201.382,-0.0139023,0.0257208,0.0360044,30.7766,20.6189,49.9305
1759345552788183040,-911.294,-1028.44,-1059.13,0.421645,0.774713,0.187606,-0.432249,17.5691,30.2039,-201.302,-0.0139023,0.0257206,0.0360042,30.7766,20.6188,49.9306
1759345552798182912,-911.119,-1028.13,-1061.15,0.421669,0.774265,0.187906,-0.432897,17.3725,30.8895,-201.222,-0.0139023,0.0257205,0.0360039,30.7766,20.6187,49.9306
1759345552808183040,-910.946,-1027.82,-1063.16,0.421707,0.773805,0.18821,-0.433551,17.1762,31.5753,-201.142,-0.0139024,0.0257203,0.0360037,30.7766,20.6187,49.9307
1759345552818182912,-910.775,-1027.5,-1065.17,0.421725,0.773367,0.188495,-0.43419,16.9801,32.261,-201.062,-0.0139024,0.0257201,0.0360034,30.7766,20.6186,49.9308
1759345552828183040,-910.606,-1027.17,-1067.18,0.421735,0.772946,0.188767,-0.434811,16.7844,32.9466,-200.982,-0.0139024,0.0257199,0.0360032,30.7765,20.6186,49.9309
1759345552838182912,-910.439,-1026.84,-1069.19,0.421733,0.772536,0.189049,-0.435419,16.5888,33.6321,-200.902,-0.0139025,0.0257197,0.0360029,30.7765,20.6185,49.9309
1759345552848183040,-910.273,-1026.5,-1071.2,0.42175,0.772099,0.189375,-0.436036,16.3935,34.3175,-200.821,-0.0139025,0.0257195,0.0360027,30.7765,20.6184,49.931
1759345552858182912,-910.11,-1026.15,-1073.21,0.421727,0.771674,0.189685,-0.436675,16.1981,35.0025,-200.741,-0.0139025,0.0257193,0.0360024,30.7765,20.6184,49.9311
1759345552868182784,-909.949,-1025.8,-1075.21,0.421702,0.771272,0.189981,-0.43728,16.003,35.6872,-200.661,-0.0139026,0.0257191,0.0360022,30.7765,20.6183,49.9312
1759345552878182912,-909.789,-1025.44,-1077.22,0.421697,0.77085,0.190291,-0.437894,15.8083,36.3717,-200.581,-0.0139026,0.0257189,0.0360019,30.7765,20.6182,49.9313
1759345552888182784,-909.632,-1025.07,-1079.22,0.421698,0.770418,0.190591,-0.438522,15.614,37.0555,-200.501,-0.0139026,0.0257187,0.0360016,30.7765,20.6182,49.9314
1759345552898182912,-909.476,-1024.7,-1081.23,0.421705,0.769981,0.190905,-0.439147,15.4199,37.7391,-200.421,-0.0139027,0.0257184,0.0360014,30.7764,20.6181,49.9315
1759345552908182784,-909.323,-1024.32,-1083.23,0.421725,0.76954,0.191201,-0.439771,15.226,38.4226,-200.341,-0.0139027,0.0257182,0.0360011,30.7764,20.618,49.9316
1759345552918182912,-909.171,-1023.93,-1085.23,0.421723,0.76911,0.191451,-0.440416,15.0324,39.106,-200.261,-0.0139027,0.025718,0.0360009,30.7764,20.6179,49.9317
1759345552928182784,-909.021,-1023.53,-1087.24,0.421726,0.768673,0.191739,-0.441049,14.8392,39.7893,-200.18,-0.0139028,0.0257178,0.0360006,30.7764,20.6179,49.9318
1759345552938182912,-908.874,-1023.13,-1089.24,0.421717,0.768241,0.192037,-0.441682,14.6463,40.4729,-200.099,-0.0139028,0.0257176,0.0360003,30.7763,20.6178,49.9319
1759345552948182784,-908.728,-1022.72,-1091.24,0.421755,0.767862,0.192361,-0.442162,14.454,41.1564,-200.018,-0.0139028,0.0257174,0.0360001,30.7763,20.6177,49.932
1759345552958182912,-908.584,-1022.31,-1093.24,0.421636,0.767419,0.192656,-0.442917,14.262,41.84,-199.937,-0.0139029,0.0257172,0.0359998,30.7763,20.6176,49.9321
1759345552968182784,-908.442,-1021.89,-1095.24,0.421554,0.767009,0.192982,-0.443561,14.0711,42.5238,-199.856,-0.0139029,0.025717,0.0359995,30.7763,20.6175,49.9323
1759345552978182912,-908.302,-1021.46,-1097.24,0.421478,0.766607,0.193326,-0.444179,13.881,43.2078,-199.774,-0.0139029,0.0257168,0.0359993,30.7762,20.6174,49.9324
1759345552988182784,-908.164,-1021.02,-1099.23,0.421411,0.766209,0.19366,-0.444784,13.6917,43.892,-199.694,-0.013903,0.0257166,0.035999,30.7762,20.6174,49.9325
1759345552998182656,-908.027,-1020.58,-1101.23,0.421336,0.765817,0.193976,-0.445392,13.5029,44.5762,-199.613,-0.013903,0.0257164,0.0359987,30.7762,20.6173,49.9327
1759345553008182784,-907.893,-1020.13,-1103.22,0.421261,0.765342,0.194424,-0.446082,13.3147,45.2604,-199.532,-0.013903,0.0257161,0.0359985,30.7761,20.6172,49.9328
1759345553018182656,-907.76,-1019.67,-1105.22,0.421149,0.76494,0.194812,-0.446709,13.127,45.9448,-199.451,-0.0139031,0.0257159,0.0359982,30.7761,20.6171,49.9329
1759345553028182784,-907.63,-1019.21,-1107.21,0.421007,0.764578,0.195141,-0.447318,12.9399,46.6291,-199.37,-0.0139031,0.0257157,0.0359979,30.7761,20.617,49.9331
1759345553038182656,-907.501,-1018.74,-1109.21,0.42088,0.764207,0.195512,-0.447909,12.7532,47.3134,-199.288,-0.0139031,0.0257155,0.0359976,30.776,20.6169,49.9332
1759345553048182784,-907.374,-1018.26,-1111.2,0.420752,0.763883,0.195814,-0.44845,12.5669,47.9977,-199.206,-0.0139032,0.0257153,0.0359974,30.776,20.6168,49.9334
1759345553058182656,-907.249,-1017.78,-1113.19,0.420621,0.763511,0.196203,-0.449036,12.381,48.6818,-199.124,-0.0139032,0.025715,0.0359971,30.776,20.6167,49.9335
1759345553068182784,-907.126,-1017.29,-1115.18,0.420482,0.763135,0.196611,-0.449627,12.196,49.3657,-199.041,-0.0139032,0.0257148,0.0359968,30.7759,20.6166,49.9337
1759345553078182656,-907.004,-1016.79,-1117.17,0.420355,0.762746,0.19703,-0.450221,12.011,50.0494,-198.958,-0.0139033,0.0257146,0.0359965,30.7759,20.6165,49.9338
1759345553088182784,-906.885,-1016.29,-1119.16,0.420209,0.762369,0.197467,-0.450804,11.8264,50.7329,-198.875,-0.0139033,0.0257144,0.0359963,30.7759,20.6164,49.934
1759345553098182656,-906.767,-1015.78,-1121.15,0.420065,0.761988,0.19793,-0.451379,11.6422,51.4157,-198.792,-0.0139033,0.0257142,0.035996,30.7758,20.6163,49.9342
1759345553108182784,-906.652,-1015.26,-1123.14,0.419929,0.761602,0.198394,-0.451953,11.4584,52.0983,-198.708,-0.0139034,0.0257139,0.0359957,30.7758,20.6162,49.9344
1759345553118182656,-906.538,-1014.74,-1125.12,0.419807,0.761217,0.19886,-0.45251,11.275,52.7805,-198.625,-0.0139034,0.0257137,0.0359954,30.7757,20.6161,49.9345
1759345553128182528,-906.425,-1014.21,-1127.11,0.419679,0.760856,0.199263,-0.453058,11.092,53.4623,-198.541,-0.0139035,0.0257135,0.0359951,30.7757,20.616,49.9347
1759345553138182656,-906.315,-1013.67,-1129.09,0.419557,0.760467,0.199727,-0.453619,10.9094,54.1437,-198.457,-0.0139035,0.0257133,0.0359948,30.7756,20.6159,49.9349
1759345553148182528,-906.207,-1013.12,-1131.08,0.419421,0.760075,0.200208,-0.45419,10.7272,54.8249,-198.373,-0.0139035,0.0257131,0.0359945,30.7756,20.6158,49.9351
1759345553158182656,-906.1,-1012.57,-1133.06,0.419257,0.759703,0.200698,-0.454747,10.5454,55.5057,-198.287,-0.0139036,0.0257128,0.0359943,30.7755,20.6157,49.9353
1759345553168182528,-905.995,-1012.01,-1135.04,0.419086,0.75932,0.201231,-0.455308,10.3639,56.1862,-198.202,-0.0139036,0.0257126,0.035994,30.7755,20.6156,49.9355
1759345553178182656,-905.892,-1011.45,-1137.02,0.418932,0.758932,0.201769,-0.455859,10.1829,56.8662,-198.115,-0.0139037,0.0257124,0.0359937,30.7755,20.6154,49.9357
1759345553188182528,-905.791,-1010.87,-1139.01,0.418776,0.758533,0.202344,-0.456412,10.0023,57.5458,-198.029,-0.0139037,0.0257122,0.0359934,30.7754,20.6153,49.9359
1759345553198182656,-905.691,-1010.3,-1140.98,0.418599,0.758158,0.202912,-0.456944,9.82208,58.2249,-197.942,-0.0139037,0.025712,0.0359931,30.7754,20.6152,49.9361
1759345553208182528,-905.594,-1009.71,-1142.96,0.418431,0.757736,0.203566,-0.457507,9.64206,58.9036,-197.855,-0.0139038,0.0257117,0.0359928,30.7753,20.6151,49.9363
1759345553218182656,-905.498,-1009.12,-1144.94,0.418228,0.757357,0.204177,-0.458047,9.46232,59.5817,-197.768,-0.0139038,0.0257115,0.0359925,30.7752,20.615,49.9365
1759345553228182528,-905.404,-1008.52,-1146.92,0.418018,0.756937,0.204862,-0.458627,9.2829,60.2589,-197.681,-0.0139039,0.0257113,0.0359922,30.7752,20.6149,49.9367
1759345553238182656,-905.312,-1007.91,-1148.9,0.417808,0.756566,0.205469,-0.459159,9.10391,60.9357,-197.594,-0.0139039,0.0257111,0.0359919,30.7751,20.6147,49.9369
1759345553248182528,-905.221,-1007.3,-1150.87,0.417615,0.756196,0.20609,-0.459666,8.92537,61.6122,-197.506,-0.013904,0.0257109,0.0359916,30.7751,20.6146,49.9372
1759345553258182400,-905.132,-1006.68,-1152.85,0.417396,0.755845,0.206672,-0.46018,8.7471,62.2883,-197.418,-0.013904,0.0257106,0.0359912,30.775,20.6145,49.9374
1759345553268182528,-905.046,-1006.05,-1154.82,0.41718,0.755473,0.207272,-0.460717,8.56932,62.9642,-197.329,-0.0139041,0.0257104,0.0359909,30.775,20.6144,49.9376
1759345553278182400,-904.961,-1005.42,-1156.79,0.41694,0.755209,0.207742,-0.461154,8.39208,63.6399,-197.239,-0.0139041,0.0257102,0.0359906,30.7749,20.6142,49.9379
1759345553288182528,-904.877,-1004.78,-1158.76,0.4167,0.754871,0.208335,-0.461657,8.21543,64.3154,-197.149,-0.0139042,0.02571,0.0359903,30.7749,20.6141,49.9381
1759345553298182400,-904.796,-1004.13,-1160.73,0.416448,0.754518,0.208957,-0.46218,8.03932,64.9906,-197.059,-0.0139042,0.0257098,0.03599,30.7748,20.614,49.9384
1759345553308182528,-904.716,-1003.48,-1162.7,0.416218,0.754092,0.209681,-0.462754,7.86389,65.6655,-196.968,-0.0139043,0.0257096,0.0359897,30.7747,20.6139,49.9386
1759345553318182400,-904.638,-1002.82,-1164.67,0.41595,0.75372,0.210349,-0.463297,7.68856,66.3398,-196.877,-0.0139044,0.0257093,0.0359894,30.7747,20.6137,49.9389
1759345553328182528,-904.561,-1002.15,-1166.64,0.415675,0.753373,0.210983,-0.463821,7.51362,67.0137,-196.785,-0.0139044,0.0257091,0.035989,30.7746,20.6136,49.9391
1759345553338182400,-904.487,-1001.48,-1168.61,0.415379,0.753022,0.211635,-0.464358,7.33908,67.6872,-196.692,-0.0139045,0.0257089,0.0359887,30.7746,20.6135,49.9394
1759345553348182528,-904.414,-1000.8,-1170.58,0.415053,0.752747,0.212213,-0.464831,7.16499,68.3602,-196.599,-0.0139045,0.0257087,0.0359884,30.7745,20.6133,49.9396
1759345553358182400,-904.343,-1000.11,-1172.54,0.414714,0.752449,0.212871,-0.465317,6.99132,69.033,-196.505,-0.0139046,0.0257085,0.035988,30.7744,20.6132,49.9399
1759345553368182528,-904.274,-999.417,-1174.51,0.414384,0.752115,0.213546,-0.465839,6.81802,69.7053,-196.409,-0.0139046,0.0257082,0.0359877,30.7744,20.6131,49.9402
1759345553378182400,-904.206,-998.716,-1176.47,0.414039,0.751789,0.214229,-0.466358,6.64533,70.3775,-196.313,-0.0139047,0.025708,0.0359874,30.7743,20.6129,49.9404
1759345553388182528,-904.14,-998.009,-1178.43,0.413685,0.751435,0.214968,-0.466903,6.47345,71.0494,-196.217,-0.0139048,0.0257078,0.035987,30.7742,20.6128,49.9407
1759345553398182400,-904.076,-997.295,-1180.39,0.413284,0.751095,0.215696,-0.46747,6.30225,71.7212,-196.12,-0.0139048,0.0257076,0.0359867,30.7742,20.6127,49.941
1759345553408182272,-904.014,-996.574,-1182.35,0.412951,0.750907,0.21631,-0.467783,6.13172,72.3928,-196.022,-0.0139049,0.0257074,0.0359864,30.7741,20.6125,49.9413
1759345553418182400,-903.953,-995.847,-1184.31,0.412574,0.750615,0.217002,-0.468262,5.96175,73.0638,-195.923,-0.0139049,0.0257071,0.035986,30.774,20.6124,49.9416
1759345553428182272,-903.894,-995.113,-1186.27,0.412175,0.750316,0.217692,-0.468773,5.79236,73.7344,-195.824,-0.013905,0.0257069,0.0359857,30.774,20.6123,49.9419
1759345553438182400,-903.837,-994.372,-1188.23,0.411711,0.749958,0.218374,-0.469435,5.62347,74.4049,-195.725,-0.0139051,0.0257067,0.0359853,30.7739,20.6121,49.9422
1759345553448182272,-903.781,-993.624,-1190.19,0.411301,0.749657,0.219025,-0.469972,5.45557,75.0751,-195.625,-0.0139051,0.0257065,0.035985,30.7738,20.612,49.9425
1759345553458182400,-903.727,-992.87,-1192.14,0.410924,0.749352,0.219664,-0.470491,5.28851,75.7449,-195.525,-0.0139052,0.0257063,0.0359846,30.7737,20.6118,49.9428
1759345553468182272,-903.675,-992.109,-1194.1,0.410584,0.748959,0.22041,-0.471063,5.12231,76.4142,-195.424,-0.0139052,0.0257061,0.0359843,30.7737,20.6117,49.9431
1759345553478182400,-903.624,-991.341,-1196.05,0.410232,0.74863,0.221086,-0.471576,4.95656,77.0834,-195.323,-0.0139053,0.0257059,0.0359839,30.7736,20.6116,49.9434
1759345553488182272,-903.575,-990.567,-1198,0.409877,0.748297,0.221728,-0.472111,4.79143,77.7523,-195.221,-0.0139054,0.0257056,0.0359836,30.7735,20.6114,49.9437
1759345553498182400,-903.528,-989.786,-1199.96,0.409551,0.747954,0.222377,-0.472633,4.6274,78.4209,-195.119,-0.0139054,0.0257054,0.0359832,30.7735,20.6113,49.944
1759345553508182272,-903.482,-988.998,-1201.91,0.409187,0.747697,0.222906,-0.473105,4.46431,79.0892,-195.017,-0.0139055,0.0257052,0.0359829,30.7734,20.6111,49.9443
1759345553518182400,-903.438,-988.204,-1203.86,0.408904,0.747333,0.223584,-0.473604,4.30231,79.7572,-194.914,-0.0139055,0.025705,0.0359825,30.7733,20.611,49.9447
1759345553528182272,-903.395,-987.403,-1205.8,0.408578,0.746983,0.224239,-0.474127,4.14086,80.4253,-194.811,-0.0139056,0.0257048,0.0359821,30.7732,20.6108,49.945
1759345553538182144,-903.354,-986.595,-1207.75,0.408247,0.746626,0.224875,-0.474674,3.98009,81.0932,-194.707,-0.0139057,0.0257046,0.0359818,30.7732,20.6107,49.9453
1759345553548182272,-903.315,-985.781,-1209.7,0.407912,0.746213,0.225627,-0.475254,3.82003,81.7612,-194.603,-0.0139057,0.0257044,0.0359814,30.7731,20.6105,49.9457
1759345553558182144,-903.278,-984.96,-1211.64,0.407542,0.745895,0.22625,-0.475774,3.6614,82.4289,-194.499,-0.0139058,0.0257042,0.035981,30.773,20.6104,49.946
1759345553568182272,-903.242,-984.132,-1213.59,0.407192,0.745538,0.226956,-0.476297,3.50377,83.0962,-194.395,-0.0139058,0.025704,0.0359807,30.7729,20.6103,49.9463
1759345553578182144,-903.207,-983.297,-1215.53,0.406842,0.745182,0.227627,-0.476833,3.3469,83.763,-194.29,-0.0139059,0.0257038,0.0359803,30.7729,20.6101,49.9467
1759345553588182272,-903.174,-982.456,-1217.47,0.406479,0.744893,0.22821,-0.477315,3.1907,84.4293,-194.185,-0.013906,0.0257036,0.0359799,30.7728,20.61,49.947
1759345553598182144,-903.143,-981.608,-1219.41,0.406111,0.744556,0.228858,-0.477842,3.03496,85.0949,-194.079,-0.013906,0.0257033,0.0359796,30.7727,20.6098,49.9474
1759345553608182272,-903.113,-980.754,-1221.35,0.405732,0.74421,0.229559,-0.478368,2.87991,85.7599,-193.972,-0.0139061,0.0257031,0.0359792,30.7726,20.6097,49.9477
1759345553618182144,-903.085,-979.893,-1223.29,0.405343,0.743771,0.230363,-0.478993,2.72565,86.4247,-193.864,-0.0139062,0.0257029,0.0359788,30.7725,20.6095,49.9481
1759345553628182272,-903.058,-979.025,-1225.23,0.40495,0.743405,0.231075,-0.47955,2.57223,87.0896,-193.755,-0.0139062,0.0257027,0.0359784,30.7725,20.6094,49.9485
1759345553638182144,-903.033,-978.151,-1227.17,0.404587,0.743004,0.231803,-0.480127,2.42,87.7543,-193.646,-0.0139063,0.0257025,0.035978,30.7724,20.6092,49.9488
1759345553648182272,-903.009,-977.27,-1229.1,0.40418,0.742637,0.232516,-0.480693,2.26876,88.4188,-193.536,-0.0139063,0.0257023,0.0359776,30.7723,20.6091,49.9492
1759345553658182144,-902.987,-976.382,-1231.04,0.403775,0.742273,0.233192,-0.481268,2.11846,89.0829,-193.426,-0.0139064,0.0257021,0.0359773,30.7722,20.6089,49.9496
1759345553668182016,-902.966,-975.488,-1232.97,0.40336,0.742018,0.233762,-0.481732,1.96905,89.7468,-193.315,-0.0139065,0.0257019,0.0359769,30.7722,20.6088,49.95
1759345553678182144,-902.947,-974.587,-1234.91,0.402923,0.741653,0.234377,-0.482361,1.82056,90.4104,-193.204,-0.0139065,0.0257017,0.0359765,30.7721,20.6086,49.9503
1759345553688182016,-902.93,-973.679,-1236.84,0.402571,0.74122,0.235162,-0.482938,1.673,91.0736,-193.092,-0.0139066,0.0257015,0.0359761,30.772,20.6085,49.9507
1759345553698182144,-902.913,-972.765,-1238.77,0.402235,0.740784,0.235916,-0.483518,1.52633,91.7363,-192.98,-0.0139067,0.0257013,0.0359757,30.7719,20.6083,49.9511
1759345553708182016,-902.899,-971.844,-1240.7,0.401918,0.740277,0.236696,-0.484176,1.38057,92.3986,-192.868,-0.0139067,0.0257011,0.0359753,30.7718,20.6082,49.9515
1759345553718182144,-902.885,-970.916,-1242.62,0.401628,0.739802,0.237404,-0.484796,1.23572,93.0605,-192.754,-0.0139068,0.0257009,0.0359749,30.7718,20.608,49.9519
1759345553728182016,-902.874,-969.982,-1244.55,0.401365,0.73932,0.238049,-0.485432,1.09179,93.7223,-192.64,-0.0139068,0.0257007,0.0359745,30.7717,20.6079,49.9523
1759345553738182144,-902.863,-969.042,-1246.48,0.401149,0.738831,0.238669,-0.486052,0.948727,94.384,-192.526,-0.0139069,0.0257005,0.0359741,30.7716,20.6077,49.9527
1759345553748182016,-902.854,-968.094,-1248.4,0.400941,0.738432,0.239171,-0.486582,0.806612,95.0456,-192.411,-0.013907,0.0257004,0.0359736,30.7715,20.6076,49.9531
1759345553758182144,-902.847,-967.14,-1250.33,0.400726,0.737894,0.23974,-0.487294,0.665494,95.7069,-192.296,-0.013907,0.0257002,0.0359732,30.7714,20.6075,49.9535
1759345553768182016,-902.841,-966.18,-1252.25,0.400561,0.737344,0.240337,-0.487968,0.525097,96.3683,-192.181,-0.0139071,0.0257,0.0359728,30.7714,20.6073,49.9539
1759345553778182144,-902.836,-965.213,-1254.17,0.400404,0.736796,0.24086,-0.488666,0.385504,97.0295,-192.066,-0.0139072,0.0256998,0.0359724,30.7713,20.6072,49.9543
1759345553788182016,-902.832,-964.239,-1256.09,0.400298,0.736221,0.241414,-0.489346,0.246841,97.6902,-191.95,-0.0139072,0.0256996,0.035972,30.7712,20.607,49.9547
1759345553798181888,-902.831,-963.259,-1258.01,0.400216,0.735631,0.241951,-0.490034,0.10901,98.3507,-191.835,-0.0139073,0.0256994,0.0359716,30.7711,20.6069,49.9551
1759345553808182016,-902.83,-962.272,-1259.93,0.400177,0.735008,0.242462,-0.490749,-0.0281697,99.011,-191.719,-0.0139074,0.0256992,0.0359711,30.7711,20.6067,49.9556
1759345553818181888,-902.831,-961.278,-1261.84,0.40017,0.734352,0.243004,-0.491467,-0.16478,99.6708,-191.603,-0.0139074,0.025699,0.0359707,30.771,20.6066,49.956
1759345553828182016,-902.833,-960.278,-1263.76,0.400163,0.7337,0.243509,-0.492196,-0.300944,100.33,-191.488,-0.0139075,0.0256988,0.0359703,30.7709,20.6065,49.9564
1759345553838181888,-902.836,-959.271,-1265.67,0.400186,0.733064,0.243991,-0.492886,-0.436766,100.99,-191.372,-0.0139076,0.0256986,0.0359699,30.7708,20.6063,49.9568
1759345553848182016,-902.841,-958.258,-1267.58,0.400221,0.732395,0.244435,-0.493633,-0.572358,101.649,-191.256,-0.0139077,0.0256984,0.0359694,30.7708,20.6062,49.9573
1759345553858181888,-902.848,-957.238,-1269.5,0.400276,0.731763,0.244797,-0.494345,-0.707373,102.308,-191.14,-0.0139077,0.0256982,0.035969,30.7707,20.606,49.9577
1759345553868182016,-902.855,-956.211,-1271.41,0.400368,0.731002,0.24532,-0.495136,-0.841601,102.968,-191.023,-0.0139078,0.025698,0.0359686,30.7706,20.6059,49.9581
1759345553878181888,-902.864,-955.178,-1273.32,0.400464,0.730291,0.245763,-0.495888,-0.974802,103.628,-190.907,-0.0139079,0.0256978,0.0359681,30.7705,20.6058,49.9586
1759345553888182016,-902.874,-954.138,-1275.23,0.400559,0.729564,0.246174,-0.496675,-1.10725,104.287,-190.791,-0.0139079,0.0256976,0.0359677,30.7705,20.6056,49.959
1759345553898181888,-902.886,-953.092,-1277.13,0.400692,0.728838,0.246585,-0.497429,-1.2389,104.947,-190.675,-0.013908,0.0256974,0.0359673,30.7704,20.6055,49.9595
1759345553908182016,-902.899,-952.039,-1279.04,0.400828,0.728074,0.246984,-0.498241,-1.37006,105.607,-190.558,-0.0139081,0.0256972,0.0359668,30.7703,20.6053,49.9599
1759345553918181888,-902.913,-950.979,-1280.94,0.400978,0.727303,0.247356,-0.499062,-1.5006,106.267,-190.442,-0.0139081,0.025697,0.0359664,30.7702,20.6052,49.9604
1759345553928181760,-902.928,-949.913,-1282.85,0.401144,0.726572,0.247661,-0.499841,-1.63009,106.927,-190.325,-0.0139082,0.0256968,0.0359659,30.7702,20.6051,49.9608
1759345553938181888,-902.945,-948.84,-1284.75,0.401338,0.725794,0.248002,-0.500645,-1.75876,107.587,-190.208,-0.0139083,0.0256966,0.0359655,30.7701,20.6049,49.9613
1759345553948181760,-902.963,-947.761,-1286.65,0.401505,0.725059,0.248259,-0.501448,-1.88659,108.247,-190.09,-0.0139084,0.0256964,0.035965,30.77,20.6048,49.9618
1759345553958181888,-902.983,-946.675,-1288.55,0.401725,0.724196,0.248693,-0.502304,-2.01376,108.909,-189.973,-0.0139084,0.0256962,0.0359646,30.7699,20.6047,49.9622
1759345553968181760,-903.003,-945.582,-1290.45,0.401938,0.723426,0.248989,-0.503096,-2.14059,109.57,-189.856,-0.0139085,0.0256961,0.0359641,30.7699,20.6045,49.9627
1759345553978181888,-903.025,-944.483,-1292.35,0.40218,0.722639,0.249325,-0.503866,-2.26726,110.232,-189.739,-0.0139086,0.0256959,0.0359637,30.7698,20.6044,49.9632
1759345553988181760,-903.048,-943.377,-1294.25,0.402433,0.721827,0.249661,-0.504661,-2.39403,110.894,-189.623,-0.0139086,0.0256957,0.0359632,30.7697,20.6043,49.9636
1759345553998181888,-903.073,-942.265,-1296.14,0.40269,0.72099,0.249905,-0.505531,-2.52141,111.557,-189.507,-0.0139087,0.0256955,0.0359628,30.7697,20.6041,49.9641
1759345554008181760,-903.098,-941.146,-1298.04,0.403024,0.720085,0.250264,-0.506377,-2.64911,112.219,-189.392,-0.0139088,0.0256953,0.0359623,30.7696,20.604,49.9646
1759345554018181888,-903.125,-940.02,-1299.93,0.403367,0.719246,0.250493,-0.507183,-2.77741,112.881,-189.277,-0.0139089,0.0256951,0.0359619,30.7695,20.6039,49.9651
1759345554028181760,-903.154,-938.888,-1301.82,0.403733,0.718476,0.250606,-0.507926,-2.90683,113.544,-189.163,-0.0139089,0.0256949,0.0359614,30.7695,20.6038,49.9655
1759345554038181888,-903.183,-937.749,-1303.71,0.404153,0.717576,0.250907,-0.508715,-3.03764,114.207,-189.048,-0.013909,0.0256947,0.035961,30.7694,20.6036,49.966
1759345554048181760,-903.214,-936.603,-1305.6,0.404587,0.716684,0.251148,-0.509507,-3.16923,114.87,-188.933,-0.0139091,0.0256945,0.0359605,30.7693,20.6035,49.9665
1759345554058181888,-903.246,-935.451,-1307.49,0.404985,0.715829,0.251383,-0.510277,-3.30169,115.533,-188.819,-0.0139092,0.0256943,0.0359601,30.7693,20.6034,49.967
1759345554068181760,-903.28,-934.292,-1309.38,0.405367,0.714999,0.251588,-0.511036,-3.43438,116.197,-188.705,-0.0139093,0.0256941,0.0359596,30.7692,20.6033,49.9675
1759345554078181632,-903.315,-933.127,-1311.26,0.405762,0.714114,0.251869,-0.51182,-3.56786,116.862,-188.591,-0.0139093,0.0256939,0.0359591,30.7691,20.6031,49.968
1759345554088181760,-903.351,-931.955,-1313.15,0.406131,0.713264,0.252122,-0.512588,-3.70154,117.527,-188.477,-0.0139094,0.0256937,0.0359587,30.7691,20.603,49.9685
1759345554098181632,-903.388,-930.776,-1315.03,0.406468,0.71246,0.252355,-0.513323,-3.83498,118.192,-188.364,-0.0139095,0.0256935,0.0359582,30.769,20.6029,49.969
1759345554108181760,-903.427,-929.59,-1316.92,0.406808,0.711636,0.252622,-0.514066,-3.96783,118.858,-188.251,-0.0139096,0.0256933,0.0359578,30.7689,20.6028,49.9695
1759345554118181632,-903.467,-928.398,-1318.8,0.407114,0.710872,0.252844,-0.514771,-4.09954,119.524,-188.137,-0.0139097,0.0256931,0.0359573,30.7689,20.6026,49.9701
1759345554128181760,-903.509,-927.199,-1320.68,0.407371,0.710144,0.25305,-0.515471,-4.23035,120.19,-188.024,-0.0139097,0.0256929,0.0359568,30.7688,20.6025,49.9706
1759345554138181632,-903.552,-925.994,-1322.56,0.407595,0.709453,0.25326,-0.516142,-4.35997,120.856,-187.911,-0.0139098,0.0256927,0.0359564,30.7687,20.6024,49.9711
1759345554148181760,-903.596,-924.782,-1324.44,0.407744,0.708817,0.253391,-0.516833,-4.48899,121.523,-187.798,-0.0139099,0.0256925,0.0359559,30.7687,20.6023,49.9716
1759345554158181632,-903.641,-923.563,-1326.31,0.407866,0.708182,0.253584,-0.517511,-4.61701,122.191,-187.685,-0.01391,0.0256923,0.0359554,30.7686,20.6022,49.9721
1759345554168181760,-903.688,-922.338,-1328.19,0.407982,0.707588,0.253833,-0.518111,-4.74441,122.859,-187.572,-0.01391,0.0256921,0.035955,30.7685,20.6021,49.9727
1759345554178181632,-903.736,-921.105,-1330.07,0.408049,0.707033,0.254043,-0.518713,-4.87125,123.527,-187.459,-0.0139101,0.025692,0.0359545,30.7685,20.6019,49.9732
1759345554188181760,-903.785,-919.867,-1331.94,0.40809,0.706504,0.254258,-0.519295,-4.99741,124.195,-187.347,-0.0139102,0.0256918,0.0359541,30.7684,20.6018,49.9737
1759345554198181632,-903.835,-918.621,-1333.81,0.408104,0.705977,0.254517,-0.519874,-5.12325,124.863,-187.235,-0.0139102,0.0256916,0.0359536,30.7684,20.6017,49.9743
1759345554208181504,-903.887,-917.369,-1335.68,0.408045,0.705549,0.254661,-0.52043,-5.24842,125.531,-187.123,-0.0139103,0.0256914,0.0359531,30.7683,20.6016,49.9748
1759345554218181632,-903.94,-916.11,-1337.56,0.408027,0.705087,0.254927,-0.52094,-5.37244,126.199,-187.011,-0.0139104,0.0256912,0.0359527,30.7682,20.6015,49.9754
1759345554228181504,-903.994,-914.845,-1339.42,0.407941,0.704695,0.255159,-0.521424,-5.49536,126.867,-186.9,-0.0139104,0.025691,0.0359522,30.7682,20.6014,49.9759
1759345554238181632,-904.049,-913.572,-1341.29,0.407766,0.704421,0.255271,-0.521876,-5.6163,127.535,-186.789,-0.0139105,0.0256908,0.0359518,30.7681,20.6013,49.9765
1759345554248181504,-904.106,-912.293,-1343.16,0.407603,0.70411,0.255572,-0.522277,-5.73565,128.205,-186.679,-0.0139106,0.0256907,0.0359513,30.7681,20.6011,49.977
1759345554258181632,-904.164,-911.008,-1345.03,0.40732,0.703985,0.255643,-0.52263,-5.85385,128.875,-186.569,-0.0139106,0.0256905,0.0359508,30.768,20.601,49.9776
1759345554268181504,-904.223,-909.715,-1346.89,0.407037,0.703798,0.255879,-0.522987,-5.97055,129.545,-186.46,-0.0139107,0.0256903,0.0359504,30.7679,20.6009,49.9782
1759345554278181632,-904.283,-908.416,-1348.76,0.406714,0.703672,0.256091,-0.523304,-6.08576,130.214,-186.353,-0.0139107,0.0256901,0.0359499,30.7679,20.6008,49.9787
1759345554288181504,-904.344,-907.111,-1350.62,0.406408,0.70349,0.256438,-0.523616,-6.19969,130.884,-186.246,-0.0139108,0.02569,0.0359495,30.7678,20.6007,49.9793
1759345554298181632,-904.407,-905.798,-1352.48,0.406059,0.703417,0.256619,-0.523896,-6.31236,131.553,-186.139,-0.0139109,0.0256898,0.035949,30.7678,20.6006,49.9799
1759345554308181504,-904.47,-904.479,-1354.34,0.405704,0.703289,0.256935,-0.524188,-6.42416,132.222,-186.033,-0.0139109,0.0256897,0.0359486,30.7677,20.6005,49.9804
1759345554318181632,-904.535,-903.153,-1356.2,0.405326,0.703275,0.257125,-0.524406,-6.53528,132.89,-185.928,-0.013911,0.0256895,0.0359482,30.7677,20.6004,49.981
1759345554328181504,-904.601,-901.821,-1358.06,0.404971,0.703226,0.257403,-0.524609,-6.64592,133.557,-185.823,-0.013911,0.0256894,0.0359477,30.7676,20.6003,49.9816
1759345554338181376,-904.668,-900.482,-1359.92,0.404657,0.703139,0.257682,-0.524831,-6.75577,134.223,-185.717,-0.0139111,0.0256892,0.0359473,30.7676,20.6002,49.9822
1759345554348181504,-904.736,-899.136,-1361.77,0.404348,0.703194,0.257754,-0.524961,-6.86463,134.888,-185.611,-0.0139111,0.0256891,0.0359468,30.7675,20.6001,49.9828
1759345554358181376,-904.805,-897.784,-1363.63,0.40405,0.703172,0.25791,-0.525144,-6.973,135.553,-185.504,-0.0139112,0.0256889,0.0359464,30.7675,20.6,49.9833
1759345554368181504,-904.875,-896.425,-1365.48,0.403764,0.703149,0.258072,-0.525314,-7.08088,136.216,-185.396,-0.0139112,0.0256888,0.035946,30.7674,20.5999,49.9839
1759345554378181376,-904.946,-895.059,-1367.34,0.403503,0.703044,0.258344,-0.525522,-7.18838,136.88,-185.288,-0.0139113,0.0256887,0.0359455,30.7674,20.5998,49.9845
1759345554388181504,-905.018,-893.687,-1369.19,0.403239,0.702972,0.258584,-0.525702,-7.29549,137.543,-185.179,-0.0139113,0.0256885,0.0359451,30.7673,20.5997,49.9851
1759345554398181376,-905.092,-892.308,-1371.04,0.402916,0.70302,0.258657,-0.525851,-7.40233,138.205,-185.07,-0.0139114,0.0256884,0.0359446,30.7673,20.5996,49.9857
1759345554408181504,-905.166,-890.922,-1372.89,0.402585,0.703082,0.258781,-0.525959,-7.5087,138.867,-184.96,-0.0139114,0.0256883,0.0359442,30.7672,20.5995,49.9863
1759345554418181376,-905.242,-889.53,-1374.74,0.402224,0.703114,0.25898,-0.526094,-7.61467,139.529,-184.849,-0.0139115,0.0256882,0.0359438,30.7672,20.5994,49.9869
1759345554428181504,-905.318,-888.131,-1376.59,0.401832,0.703195,0.25912,-0.526218,-7.7203,140.19,-184.739,-0.0139115,0.025688,0.0359433,30.7671,20.5993,49.9876
1759345554438181376,-905.396,-886.726,-1378.43,0.401415,0.703278,0.259295,-0.526338,-7.82551,140.852,-184.628,-0.0139116,0.0256879,0.0359429,30.7671,20.5993,49.9882
1759345554448181504,-905.474,-885.314,-1380.28,0.400962,0.703428,0.259412,-0.526426,-7.93034,141.513,-184.516,-0.0139116,0.0256878,0.0359425,30.7671,20.5992,49.9888
1759345554458181376,-905.554,-883.895,-1382.12,0.400553,0.70359,0.25965,-0.526402,-8.03483,142.174,-184.404,-0.0139117,0.0256877,0.035942,30.767,20.5991,49.9894
1759345554468181248,-905.635,-882.47,-1383.97,0.400071,0.703749,0.25982,-0.526473,-8.13925,142.835,-184.291,-0.0139117,0.0256876,0.0359416,30.767,20.599,49.99
1759345554478181376,-905.717,-881.038,-1385.81,0.399501,0.703935,0.259879,-0.526629,-8.24364,143.495,-184.177,-0.0139118,0.0256875,0.0359412,30.7669,20.5989,49.9906
1759345554488181248,-905.8,-879.599,-1387.65,0.398964,0.704114,0.260099,-0.526687,-8.3477,144.154,-184.063,-0.0139118,0.0256874,0.0359408,30.7669,20.5988,49.9913
1759345554498181376,-905.883,-878.154,-1389.49,0.39838,0.704396,0.260166,-0.526719,-8.45163,144.813,-183.949,-0.0139119,0.0256873,0.0359403,30.7669,20.5988,49.9919
1759345554508181248,-905.968,-876.703,-1391.33,0.397791,0.704643,0.260338,-0.526749,-8.55535,145.472,-183.834,-0.0139119,0.0256872,0.0359399,30.7668,20.5987,49.9925
1759345554518181376,-906.054,-875.244,-1393.17,0.397175,0.704987,0.26038,-0.526734,-8.65907,146.13,-183.719,-0.013912,0.0256872,0.0359395,30.7668,20.5986,49.9932
1759345554528181248,-906.141,-873.78,-1395,0.39651,0.705334,0.260485,-0.526718,-8.76264,146.788,-183.604,-0.013912,0.0256871,0.0359391,30.7668,20.5985,49.9938
1759345554538181376,-906.229,-872.308,-1396.84,0.395834,0.705671,0.260659,-0.526689,-8.8661,147.446,-183.488,-0.013912,0.025687,0.0359386,30.7667,20.5985,49.9944
1759345554548181248,-906.318,-870.83,-1398.67,0.39514,0.706109,0.260724,-0.526591,-8.96954,148.103,-183.371,-0.0139121,0.0256869,0.0359382,30.7667,20.5984,49.9951
1759345554558181376,-906.408,-869.346,-1400.51,0.394427,0.706525,0.260815,-0.526522,-9.07308,148.76,-183.253,-0.0139121,0.0256868,0.0359378,30.7667,20.5983,49.9957
1759345554568181248,-906.5,-867.855,-1402.34,0.393695,0.706952,0.2609,-0.526455,-9.17647,149.416,-183.134,-0.0139121,0.0256868,0.0359374,30.7666,20.5982,49.9964
1759345554578181376,-906.592,-866.357,-1404.17,0.392916,0.707416,0.260897,-0.526414,-9.27974,150.072,-183.015,-0.0139122,0.0256867,0.035937,30.7666,20.5982,49.997
1759345554588181248,-906.685,-864.853,-1406,0.39208,0.707978,0.260851,-0.526305,-9.38264,150.728,-182.894,-0.0139122,0.0256866,0.0359366,30.7666,20.5981,49.9977
1759345554598181120,-906.779,-863.342,-1407.83,0.391211,0.708561,0.260879,-0.526153,-9.48473,151.384,-182.772,-0.0139122,0.0256865,0.0359362,30.7666,20.598,49.9984
1759345554608181248,-906.874,-861.825,-1409.65,0.390291,0.709186,0.260894,-0.525987,-9.58634,152.039,-182.65,-0.0139122,0.0256865,0.0359357,30.7665,20.598,49.999
1759345554618181120,-906.971,-860.301,-1411.48,0.389328,0.709816,0.260937,-0.525829,-9.68734,152.694,-182.528,-0.0139123,0.0256864,0.0359353,30.7665,20.5979,49.9997
1759345554628181248,-907.068,-858.77,-1413.3,0.388365,0.710485,0.260938,-0.525638,-9.78796,153.349,-182.405,-0.0139123,0.0256864,0.0359349,30.7665,20.5979,50.0004
1759345554638181120,-907.166,-857.233,-1415.13,0.387426,0.711149,0.26093,-0.525437,-9.88798,154.004,-182.282,-0.0139123,0.0256863,0.0359345,30.7665,20.5978,50.001
1759345554648181248,-907.265,-855.69,-1416.95,0.386495,0.71184,0.260843,-0.525229,-9.98733,154.66,-182.16,-0.0139123,0.0256862,0.0359341,30.7664,20.5977,50.0017
1759345554658181120,-907.366,-854.14,-1418.77,0.385595,0.712506,0.260789,-0.525014,-10.0862,155.316,-182.037,-0.0139123,0.0256862,0.0359337,30.7664,20.5977,50.0024
1759345554668181248,-907.467,-852.583,-1420.59,0.384718,0.71318,0.260693,-0.524792,-10.1848,155.974,-181.914,-0.0139123,0.0256861,0.0359333,30.7664,20.5976,50.0031
1759345554678181120,-907.569,-851.02,-1422.41,0.383854,0.713912,0.260447,-0.524551,-10.2828,156.633,-181.79,-0.0139123,0.0256861,0.035933,30.7664,20.5976,50.0037
1759345554688181248,-907.672,-849.45,-1424.23,0.383011,0.714597,0.260276,-0.524319,-10.3802,157.292,-181.664,-0.0139122,0.025686,0.0359326,30.7663,20.5975,50.0044
1759345554698181120,-907.776,-847.873,-1426.04,0.382193,0.71529,0.260156,-0.52403,-10.4773,157.952,-181.537,-0.0139122,0.025686,0.0359322,30.7663,20.5975,50.0051
1759345554708181248,-907.881,-846.29,-1427.86,0.381336,0.715965,0.260041,-0.52379,-10.574,158.611,-181.409,-0.0139122,0.025686,0.0359318,30.7663,20.5974,50.0058
1759345554718181120,-907.987,-844.701,-1429.67,0.380451,0.716612,0.259983,-0.523577,-10.6702,159.27,-181.28,-0.0139122,0.0256859,0.0359314,30.7663,20.5974,50.0065
1759345554728181248,-908.095,-843.104,-1431.48,0.379488,0.717374,0.259869,-0.52329,-10.7654,159.929,-181.149,-0.0139122,0.0256859,0.035931,30.7663,20.5973,50.0072
1759345554738181120,-908.202,-841.502,-1433.29,0.378426,0.718172,0.259792,-0.523002,-10.86,160.587,-181.017,-0.0139121,0.0256859,0.0359306,30.7663,20.5973,50.0079
1759345554748180992,-908.311,-839.892,-1435.1,0.377287,0.719053,0.259718,-0.522651,-10.9539,161.245,-180.882,-0.0139121,0.0256859,0.0359302,30.7662,20.5972,50.0086
1759345554758181120,-908.421,-838.276,-1436.91,0.376017,0.720024,0.259691,-0.522243,-11.0483,161.903,-180.746,-0.0139121,0.0256858,0.0359299,30.7662,20.5972,50.0093
1759345554768180992,-908.532,-836.654,-1438.72,0.374672,0.720973,0.259788,-0.521851,-11.1425,162.56,-180.61,-0.013912,0.0256858,0.0359295,30.7662,20.5971,50.0101
1759345554778181120,-908.644,-835.025,-1440.52,0.373209,0.722031,0.259887,-0.521387,-11.2364,163.217,-180.472,-0.013912,0.0256858,0.0359291,30.7662,20.5971,50.0108
1759345554788180992,-908.757,-833.389,-1442.33,0.371678,0.723008,0.260209,-0.520967,-11.3296,163.873,-180.332,-0.013912,0.0256858,0.0359287,30.7662,20.597,50.0115
1759345554798181120,-908.87,-831.747,-1444.13,0.370062,0.724226,0.26035,-0.520354,-11.4223,164.527,-180.192,-0.0139119,0.0256858,0.0359283,30.7662,20.597,50.0122
1759345554808180992,-908.985,-830.098,-1445.93,0.368352,0.725287,0.260697,-0.519916,-11.5147,165.179,-180.05,-0.0139119,0.0256858,0.0359279,30.7661,20.597,50.0129
1759345554818181120,-909.1,-828.443,-1447.73,0.366663,0.726511,0.261025,-0.519237,-11.6064,165.829,-179.906,-0.0139118,0.0256858,0.0359276,30.7661,20.5969,50.0137
1759345554828180992,-909.217,-826.781,-1449.53,0.364905,0.72764,0.26149,-0.518659,-11.6976,166.477,-179.762,-0.0139118,0.0256858,0.0359272,30.7661,20.5969,50.0144
1759345554838181120,-909.334,-825.113,-1451.32,0.363202,0.728712,0.262148,-0.518017,-11.7874,167.123,-179.616,-0.0139117,0.0256858,0.0359268,30.7661,20.5968,50.0152
1759345554848180992,-909.452,-823.438,-1453.12,0.361437,0.730077,0.262379,-0.517212,-11.876,167.767,-179.469,-0.0139117,0.0256858,0.0359264,30.7661,20.5968,50.0159
1759345554858181120,-909.571,-821.757,-1454.91,0.359692,0.731234,0.262807,-0.516577,-11.963,168.41,-179.32,-0.0139116,0.0256858,0.035926,30.7661,20.5968,50.0166
1759345554868180992,-909.691,-820.069,-1456.71,0.357976,0.732372,0.263255,-0.515928,-12.049,169.053,-179.171,-0.0139116,0.0256859,0.0359257,30.7661,20.5967,50.0174
1759345554878180864,-909.812,-818.375,-1458.5,0.356248,0.733772,0.263356,-0.515082,-12.1333,169.694,-179.02,-0.0139115,0.0256859,0.0359253,30.7661,20.5967,50.0181
1759345554888180992,-909.933,-816.675,-1460.29,0.354549,0.734927,0.263708,-0.514427,-12.2164,170.335,-178.867,-0.0139115,0.0256859,0.0359249,30.7661,20.5967,50.0189
1759345554898180864,-910.056,-814.968,-1462.07,0.35291,0.7362,0.263885,-0.513642,-12.2986,170.976,-178.712,-0.0139114,0.025686,0.0359246,30.766,20.5966,50.0196
1759345554908180992,-910.179,-813.255,-1463.86,0.351309,0.73731,0.264178,-0.512997,-12.3799,171.615,-178.555,-0.0139113,0.025686,0.0359242,30.766,20.5966,50.0204
1759345554918180864,-910.303,-811.536,-1465.65,0.349733,0.738377,0.264521,-0.512363,-12.4604,172.252,-178.396,-0.0139113,0.0256861,0.0359238,30.766,20.5966,50.0212
1759345554928180992,-910.428,-809.81,-1467.43,0.348152,0.739601,0.264639,-0.511612,-12.5403,172.889,-178.234,-0.0139112,0.0256861,0.0359234,30.766,20.5966,50.0219
1759345554938180864,-910.554,-808.077,-1469.21,0.346492,0.741006,0.264413,-0.510822,-12.6196,173.523,-178.07,-0.0139111,0.0256862,0.0359231,30.766,20.5965,50.0227
1759345554948180992,-910.68,-806.339,-1470.99,0.344946,0.742142,0.264602,-0.510122,-12.6979,174.156,-177.904,-0.013911,0.0256862,0.0359227,30.766,20.5965,50.0235
1759345554958180864,-910.807,-804.594,-1472.77,0.343435,0.743203,0.264941,-0.509419,-12.7751,174.788,-177.736,-0.0139109,0.0256863,0.0359223,30.766,20.5965,50.0243
1759345554968180992,-910.935,-802.843,-1474.54,0.34195,0.744065,0.265579,-0.508827,-12.8508,175.417,-177.565,-0.0139109,0.0256863,0.035922,30.766,20.5965,50.025
1759345554978180864,-911.064,-801.085,-1476.32,0.340432,0.745139,0.265835,-0.508139,-12.9256,176.045,-177.391,-0.0139108,0.0256864,0.0359216,30.766,20.5965,50.0258
1759345554988180992,-911.194,-799.321,-1478.09,0.338927,0.746306,0.265915,-0.507391,-12.9993,176.672,-177.215,-0.0139107,0.0256865,0.0359212,30.766,20.5964,50.0266
1759345554998180864,-911.324,-797.551,-1479.86,0.337429,0.747281,0.26627,-0.506767,-13.0724,177.297,-177.037,-0.0139106,0.0256866,0.0359209,30.766,20.5964,50.0274
1759345555008180736,-911.455,-795.775,-1481.63,0.335888,0.748424,0.266361,-0.506055,-13.1449,177.921,-176.858,-0.0139105,0.0256866,0.0359205,30.766,20.5964,50.0282
1759345555018180864,-911.587,-793.992,-1483.4,0.334315,0.749655,0.266311,-0.505301,-13.2169,178.544,-176.677,-0.0139104,0.0256867,0.0359201,30.766,20.5964,50.029
1759345555028180736,-911.719,-792.204,-1485.17,0.332804,0.750847,0.266408,-0.504477,-13.2882,179.165,-176.495,-0.0139103,0.0256868,0.0359198,30.766,20.5964,50.0298
1759345555038180864,-911.852,-790.409,-1486.93,0.331324,0.751955,0.266669,-0.503662,-13.3589,179.784,-176.312,-0.0139102,0.0256869,0.0359194,30.766,20.5964,50.0306
1759345555048180736,-911.986,-788.608,-1488.69,0.329864,0.752834,0.267236,-0.503006,-13.4286,180.402,-176.128,-0.0139101,0.025687,0.035919,30.766,20.5964,50.0314
1759345555058180864,-912.12,-786.8,-1490.45,0.328375,0.753898,0.267503,-0.502245,-13.4975,181.019,-175.942,-0.01391,0.0256871,0.0359187,30.766,20.5964,50.0322
1759345555068180736,-912.256,-784.987,-1492.21,0.326882,0.754904,0.267837,-0.50153,-13.5654,181.634,-175.755,-0.0139099,0.0256872,0.0359183,30.766,20.5964,50.033
1759345555078180864,-912.392,-783.167,-1493.97,0.325357,0.756033,0.267988,-0.500738,-13.6323,182.247,-175.567,-0.0139098,0.0256873,0.0359179,30.766,20.5964,50.0338
1759345555088180736,-912.528,-781.341,-1495.72,0.323887,0.757066,0.268311,-0.499957,-13.6989,182.86,-175.376,-0.0139097,0.0256874,0.0359176,30.766,20.5964,50.0346
1759345555098180864,-912.665,-779.51,-1497.47,0.322427,0.758171,0.268534,-0.499106,-13.7654,183.471,-175.184,-0.0139096,0.0256875,0.0359172,30.766,20.5964,50.0354
1759345555108180736,-912.803,-777.672,-1499.22,0.320946,0.759288,0.268724,-0.49826,-13.8318,184.081,-174.99,-0.0139095,0.0256877,0.0359169,30.766,20.5964,50.0362
1759345555118180864,-912.942,-775.828,-1500.97,0.319447,0.760385,0.268962,-0.497421,-13.8983,184.688,-174.794,-0.0139094,0.0256878,0.0359165,30.766,20.5964,50.037
1759345555128180736,-913.081,-773.977,-1502.72,0.317959,0.761356,0.269333,-0.496688,-13.9633,185.293,-174.596,-0.0139093,0.0256879,0.0359161,30.766,20.5964,50.0379
1759345555138180608,-913.221,-772.121,-1504.47,0.31643,0.762401,0.26961,-0.49591,-14.0282,185.896,-174.396,-0.0139091,0.025688,0.0359158,30.766,20.5964,50.0387
1759345555148180736,-913.361,-770.259,-1506.21,0.314917,0.76347,0.269881,-0.495081,-14.0936,186.498,-174.194,-0.013909,0.0256881,0.0359154,30.766,20.5964,50.0395
1759345555158180608,-913.502,-768.391,-1507.95,0.313425,0.764562,0.270137,-0.494202,-14.1606,187.099,-173.992,-0.0139089,0.0256883,0.0359151,30.766,20.5964,50.0404
1759345555168180736,-913.644,-766.517,-1509.69,0.311908,0.765721,0.270296,-0.493279,-14.2282,187.698,-173.788,-0.0139088,0.0256884,0.0359147,30.766,20.5964,50.0412
1759345555178180608,-913.787,-764.636,-1511.42,0.310429,0.766686,0.270711,-0.492485,-14.2963,188.295,-173.583,-0.0139086,0.0256885,0.0359143,30.766,20.5964,50.042
1759345555188180736,-913.93,-762.75,-1513.16,0.30895,0.76768,0.271046,-0.491683,-14.3645,188.891,-173.377,-0.0139085,0.0256887,0.035914,30.766,20.5965,50.0429
1759345555198180608,-914.074,-760.858,-1514.89,0.307464,0.768926,0.27103,-0.490674,-14.4325,189.485,-173.17,-0.0139084,0.0256888,0.0359136,30.7661,20.5965,50.0437
1759345555208180736,-914.218,-758.96,-1516.62,0.305996,0.76994,0.271271,-0.489868,-14.5004,190.079,-172.964,-0.0139082,0.0256889,0.0359133,30.7661,20.5965,50.0446
1759345555218180608,-914.364,-757.056,-1518.35,0.304559,0.770961,0.271504,-0.489029,-14.5683,190.672,-172.757,-0.0139081,0.0256891,0.0359129,30.7661,20.5965,50.0454
1759345555228180736,-914.509,-755.146,-1520.08,0.303167,0.771946,0.271758,-0.488197,-14.6367,191.266,-172.551,-0.0139079,0.0256892,0.0359126,30.7661,20.5965,50.0463
1759345555238180608,-914.656,-753.231,-1521.8,0.301792,0.77298,0.271876,-0.487347,-14.7058,191.86,-172.345,-0.0139078,0.0256894,0.0359123,30.7661,20.5966,50.0471
1759345555248180736,-914.803,-751.309,-1523.52,0.3005,0.773994,0.271996,-0.486467,-14.7754,192.454,-172.139,-0.0139076,0.0256895,0.0359119,30.7661,20.5966,50.048
1759345555258180608,-914.951,-749.381,-1525.24,0.299271,0.774892,0.272175,-0.485696,-14.8462,193.048,-171.932,-0.0139075,0.0256897,0.0359116,30.7661,20.5966,50.0488
1759345555268180736,-915.1,-747.447,-1526.96,0.298051,0.77592,0.272066,-0.484864,-14.9176,193.641,-171.725,-0.0139073,0.0256898,0.0359113,30.7661,20.5966,50.0497
1759345555278180608,-915.249,-745.508,-1528.68,0.296893,0.776806,0.272043,-0.484169,-14.9904,194.233,-171.518,-0.0139071,0.02569,0.0359109,30.7661,20.5967,50.0506
1759345555288180480,-915.4,-743.562,-1530.39,0.295802,0.777597,0.272122,-0.483522,-15.0639,194.824,-171.309,-0.0139069,0.0256901,0.0359106,30.7662,20.5967,50.0514
1759345555298180608,-915.55,-741.611,-1532.1,0.294706,0.778379,0.272106,-0.482941,-15.1382,195.415,-171.099,-0.0139068,0.0256903,0.0359103,30.7662,20.5967,50.0523
1759345555308180480,-915.702,-739.654,-1533.81,0.293699,0.779126,0.272061,-0.482377,-15.2135,196.006,-170.889,-0.0139066,0.0256904,0.03591,30.7662,20.5968,50.0532
1759345555318180608,-915.854,-737.69,-1535.52,0.292752,0.779837,0.272018,-0.481826,-15.289,196.598,-170.677,-0.0139064,0.0256906,0.0359097,30.7662,20.5968,50.0541
1759345555328180480,-916.008,-735.721,-1537.23,0.291801,0.780534,0.271884,-0.48135,-15.3638,197.19,-170.465,-0.0139062,0.0256907,0.0359094,30.7662,20.5968,50.0549
1759345555338180608,-916.161,-733.746,-1538.93,0.290939,0.781193,0.271674,-0.480921,-15.4361,197.782,-170.252,-0.013906,0.0256909,0.035909,30.7662,20.5969,50.0558
1759345555348180480,-916.316,-731.765,-1540.63,0.290172,0.781773,0.271447,-0.480571,-15.5053,198.374,-170.04,-0.0139057,0.025691,0.0359087,30.7662,20.5969,50.0567
1759345555358180608,-916.471,-729.778,-1542.33,0.28946,0.782373,0.270976,-0.480289,-15.5739,198.966,-169.826,-0.0139055,0.0256911,0.0359084,30.7663,20.597,50.0576
1759345555368180480,-916.627,-727.785,-1544.03,0.288902,0.7827,0.270785,-0.480199,-15.6397,199.557,-169.613,-0.0139053,0.0256913,0.0359082,30.7663,20.597,50.0585
1759345555378180608,-916.784,-725.787,-1545.72,0.288424,0.783112,0.270318,-0.480078,-15.704,200.148,-169.399,-0.0139051,0.0256914,0.0359079,30.7663,20.5971,50.0594
1759345555388180480,-916.941,-723.782,-1547.42,0.288013,0.783481,0.269893,-0.479962,-15.7658,200.739,-169.184,-0.0139048,0.0256916,0.0359076,30.7663,20.5971,50.0603
1759345555398180608,-917.099,-721.771,-1549.11,0.287606,0.783993,0.268985,-0.47988,-15.8263,201.331,-168.968,-0.0139046,0.0256917,0.0359073,30.7663,20.5971,50.0612
1759345555408180480,-917.257,-719.755,-1550.8,0.287519,0.784072,0.268554,-0.480044,-15.8859,201.923,-168.752,-0.0139043,0.0256918,0.035907,30.7663,20.5972,50.0621
1759345555418180352,-917.416,-717.733,-1552.48,0.28749,0.78426,0.267753,-0.480201,-15.9449,202.516,-168.535,-0.0139041,0.025692,0.0359067,30.7664,20.5973,50.063
1759345555428180480,-917.576,-715.704,-1554.17,0.287612,0.784282,0.26703,-0.480495,-16.0039,203.108,-168.316,-0.0139038,0.0256921,0.0359064,30.7664,20.5973,50.0639
1759345555438180352,-917.736,-713.67,-1555.85,0.287923,0.784135,0.266471,-0.480859,-16.0627,203.701,-168.098,-0.0139035,0.0256922,0.0359062,30.7664,20.5974,50.0648
1759345555448180480,-917.897,-711.63,-1557.53,0.288279,0.784091,0.265629,-0.481184,-16.1224,204.294,-167.878,-0.0139033,0.0256923,0.0359059,30.7664,20.5974,50.0658
1759345555458180352,-918.058,-709.584,-1559.2,0.288598,0.783932,0.264742,-0.481741,-16.1824,204.886,-167.658,-0.013903,0.0256925,0.0359056,30.7664,20.5975,50.0667
1759345555468180480,-918.22,-707.532,-1560.88,0.289063,0.783643,0.264094,-0.482287,-16.2424,205.479,-167.436,-0.0139027,0.0256926,0.0359053,30.7664,20.5975,50.0676
1759345555478180352,-918.382,-705.474,-1562.55,0.289551,0.783329,0.263413,-0.482877,-16.3026,206.071,-167.214,-0.0139024,0.0256927,0.035905,30.7664,20.5976,50.0685
1759345555488180480,-918.546,-703.41,-1564.22,0.290078,0.782972,0.262761,-0.483493,-16.3625,206.663,-166.992,-0.0139022,0.0256928,0.0359047,30.7665,20.5977,50.0695
1759345555498180352,-918.709,-701.34,-1565.89,0.290616,0.782588,0.262136,-0.484131,-16.4225,207.256,-166.77,-0.0139019,0.0256929,0.0359044,30.7665,20.5977,50.0704
1759345555508180480,-918.874,-699.264,-1567.56,0.291163,0.782195,0.261522,-0.484769,-16.4829,207.85,-166.548,-0.0139016,0.025693,0.0359041,30.7665,20.5978,50.0714
1759345555518180352,-919.039,-697.182,-1569.22,0.291732,0.78177,0.261006,-0.48539,-16.5429,208.444,-166.327,-0.0139013,0.0256931,0.0359038,30.7665,20.5978,50.0723
1759345555528180480,-919.204,-695.095,-1570.89,0.292276,0.781304,0.260463,-0.486105,-16.6035,209.039,-166.107,-0.013901,0.0256931,0.0359035,30.7665,20.5979,50.0733
1759345555538180352,-919.37,-693.001,-1572.55,0.292884,0.780833,0.259966,-0.486762,-16.6641,209.634,-165.889,-0.0139008,0.0256932,0.0359032,30.7665,20.598,50.0742
1759345555548180224,-919.537,-690.902,-1574.2,0.293527,0.780317,0.259553,-0.487421,-16.725,210.229,-165.671,-0.0139005,0.0256933,0.035903,30.7665,20.5981,50.0752
1759345555558180352,-919.705,-688.796,-1575.86,0.294139,0.77986,0.259018,-0.488067,-16.7862,210.822,-165.455,-0.0139002,0.0256934,0.0359027,30.7666,20.5981,50.0761
1759345555568180224,-919.873,-686.685,-1577.51,0.294794,0.779346,0.258578,-0.488726,-16.8475,211.415,-165.241,-0.0139,0.0256935,0.0359024,30.7666,20.5982,50.0771
1759345555578180352,-920.041,-684.567,-1579.16,0.295469,0.778797,0.25819,-0.4894,-16.9094,212.008,-165.027,-0.0138997,0.0256936,0.0359021,30.7666,20.5983,50.0781
1759345555588180224,-920.21,-682.444,-1580.81,0.296159,0.778278,0.257813,-0.490006,-16.9714,212.6,-164.815,-0.0138994,0.0256936,0.0359018,30.7666,20.5983,50.079
1759345555598180352,-920.38,-680.315,-1582.46,0.296802,0.777767,0.257348,-0.490672,-17.0333,213.192,-164.604,-0.0138992,0.0256937,0.0359015,30.7666,20.5984,50.08
1759345555608180224,-920.551,-678.18,-1584.1,0.297551,0.777211,0.257004,-0.49128,-17.0951,213.784,-164.395,-0.0138989,0.0256938,0.0359012,30.7666,20.5985,50.081
1759345555618180352,-920.722,-676.039,-1585.75,0.298269,0.776654,0.256612,-0.491929,-17.157,214.376,-164.187,-0.0138986,0.0256939,0.0359009,30.7667,20.5986,50.082
1759345555628180224,-920.894,-673.892,-1587.39,0.298969,0.77608,0.25621,-0.49262,-17.2193,214.968,-163.981,-0.0138984,0.0256939,0.0359006,30.7667,20.5987,50.083
1759345555638180352,-921.066,-671.739,-1589.03,0.299664,0.775521,0.255735,-0.493323,-17.2822,215.559,-163.777,-0.0138981,0.025694,0.0359003,30.7667,20.5987,50.084
1759345555648180224,-921.239,-669.58,-1590.66,0.300467,0.77493,0.255359,-0.493958,-17.3454,216.15,-163.575,-0.0138979,0.0256941,0.0359,30.7667,20.5988,50.085
1759345555658180352,-921.412,-667.415,-1592.3,0.301269,0.774324,0.254923,-0.494645,-17.4092,216.74,-163.374,-0.0138976,0.0256941,0.0358997,30.7667,20.5989,50.086
1759345555668180224,-921.587,-665.245,-1593.93,0.302029,0.773712,0.254373,-0.495422,-17.4738,217.33,-163.174,-0.0138974,0.0256942,0.0358994,30.7667,20.599,50.087
1759345555678180096,-921.762,-663.068,-1595.56,0.302883,0.773067,0.253858,-0.49617,-17.5382,217.921,-162.977,-0.0138971,0.0256943,0.0358991,30.7668,20.5991,50.088
1759345555688180224,-921.937,-660.886,-1597.19,0.303812,0.772362,0.253448,-0.49691,-17.6021,218.511,-162.78,-0.0138969,0.0256943,0.0358988,30.7668,20.5992,50.089
1759345555698180096,-922.113,-658.697,-1598.82,0.304645,0.77179,0.252696,-0.497671,-17.6657,219.102,-162.584,-0.0138967,0.0256944,0.0358985,30.7668,20.5993,50.09
1759345555708180224,-922.29,-656.503,-1600.44,0.305533,0.771098,0.252174,-0.498464,-17.7286,219.693,-162.388,-0.0138964,0.0256945,0.0358982,30.7668,20.5994,50.0911
1759345555718180096,-922.467,-654.303,-1602.06,0.306377,0.770378,0.251616,-0.499339,-17.7904,220.286,-162.194,-0.0138962,0.0256945,0.0358979,30.7668,20.5995,50.0921
1759345555728180224,-922.645,-652.097,-1603.68,0.307184,0.76971,0.250992,-0.500188,-17.8509,220.881,-162,-0.013896,0.0256946,0.0358976,30.7668,20.5996,50.0931
1759345555738180096,-922.824,-649.885,-1605.3,0.307928,0.769065,0.250356,-0.50104,-17.9092,221.477,-161.809,-0.0138957,0.0256946,0.0358973,30.7669,20.5996,50.0942
1759345555748180224,-923.003,-647.667,-1606.92,0.308542,0.768436,0.249684,-0.501962,-17.9657,222.076,-161.619,-0.0138955,0.0256947,0.035897,30.7669,20.5997,50.0952
1759345555758180096,-923.183,-645.443,-1608.54,0.309133,0.767836,0.249013,-0.502849,-18.0208,222.676,-161.431,-0.0138953,0.0256947,0.0358968,30.7669,20.5998,50.0962
1759345555768180224,-923.363,-643.213,-1610.15,0.309698,0.767242,0.248369,-0.503726,-18.0752,223.277,-161.245,-0.013895,0.0256947,0.0358965,30.7669,20.5999,50.0973
1759345555778180096,-923.544,-640.977,-1611.76,0.31027,0.766635,0.247811,-0.504572,-18.1289,223.879,-161.062,-0.0138948,0.0256948,0.0358962,30.7669,20.6,50.0984
1759345555788180224,-923.726,-638.735,-1613.37,0.310818,0.766035,0.247242,-0.505425,-18.1822,224.482,-160.88,-0.0138946,0.0256948,0.0358959,30.7669,20.6001,50.0994
1759345555798180096,-923.907,-636.486,-1614.98,0.311206,0.765507,0.246373,-0.506409,-18.2351,225.084,-160.7,-0.0138943,0.0256948,0.0358956,30.767,20.6003,50.1005
1759345555808179968,-924.09,-634.232,-1616.58,0.311679,0.764926,0.245685,-0.507329,-18.2871,225.686,-160.521,-0.0138941,0.0256949,0.0358953,30.767,20.6004,50.1016
1759345555818180096,-924.273,-631.972,-1618.19,0.31224,0.764271,0.245214,-0.508199,-18.3389,226.287,-160.343,-0.0138939,0.0256949,0.035895,30.767,20.6005,50.1026
1759345555828179968,-924.456,-629.706,-1619.79,0.31264,0.763681,0.244524,-0.50917,-18.3904,226.89,-160.164,-0.0138937,0.0256949,0.0358947,30.767,20.6006,50.1037
1759345555838180096,-924.64,-627.434,-1621.39,0.312951,0.763095,0.243791,-0.51021,-18.4408,227.494,-159.987,-0.0138934,0.0256949,0.0358944,30.7671,20.6007,50.1048
1759345555848179968,-924.825,-625.156,-1622.99,0.313332,0.762472,0.243246,-0.511167,-18.4904,228.099,-159.81,-0.0138932,0.025695,0.0358941,30.7671,20.6008,50.1059
1759345555858180096,-925.01,-622.871,-1624.59,0.313661,0.761838,0.242651,-0.512192,-18.5396,228.706,-159.633,-0.013893,0.025695,0.0358938,30.7671,20.6009,50.107
1759345555868179968,-925.195,-620.581,-1626.18,0.313927,0.761322,0.241847,-0.513174,-18.5892,229.315,-159.458,-0.0138928,0.025695,0.0358935,30.7671,20.601,50.1081
1759345555878180096,-925.381,-618.284,-1627.77,0.314048,0.760738,0.241006,-0.514361,-18.639,229.925,-159.284,-0.0138925,0.025695,0.0358932,30.7671,20.6011,50.1092
1759345555888179968,-925.568,-615.982,-1629.37,0.314155,0.760181,0.240202,-0.515495,-18.6884,230.536,-159.112,-0.0138923,0.025695,0.0358929,30.7672,20.6013,50.1103
1759345555898180096,-925.755,-613.673,-1630.96,0.314368,0.759542,0.239703,-0.516538,-18.7384,231.147,-158.942,-0.0138921,0.025695,0.0358926,30.7672,20.6014,50.1114
1759345555908179968,-925.942,-611.358,-1632.55,0.314444,0.758965,0.238958,-0.517684,-18.7879,231.758,-158.773,-0.0138919,0.025695,0.0358923,30.7672,20.6015,50.1125
1759345555918180096,-926.13,-609.037,-1634.13,0.314565,0.75834,0.238351,-0.518804,-18.8361,232.369,-158.604,-0.0138916,0.0256949,0.035892,30.7672,20.6016,50.1136
1759345555928179968,-926.318,-606.71,-1635.72,0.314675,0.757723,0.237698,-0.519937,-18.8827,232.98,-158.434,-0.0138914,0.0256949,0.0358917,30.7673,20.6018,50.1148
1759345555938180096,-926.507,-604.377,-1637.3,0.314817,0.757064,0.237168,-0.521053,-18.9276,233.592,-158.265,-0.0138912,0.0256949,0.0358913,30.7673,20.6019,50.1159
1759345555948179968,-926.697,-602.038,-1638.88,0.314892,0.756388,0.236559,-0.522264,-18.9711,234.206,-158.096,-0.0138909,0.0256949,0.035891,30.7673,20.602,50.117
1759345555958179840,-926.886,-599.692,-1640.46,0.31487,0.755734,0.235796,-0.523568,-19.0119,234.822,-157.926,-0.0138907,0.0256948,0.0358907,30.7674,20.6021,50.1182
1759345555968179968,-927.076,-597.341,-1642.04,0.314916,0.755068,0.235086,-0.524819,-19.0505,235.439,-157.756,-0.0138905,0.0256948,0.0358904,30.7674,20.6023,50.1193
1759345555978179840,-927.267,-594.983,-1643.62,0.315007,0.754403,0.234487,-0.525987,-19.0874,236.058,-157.586,-0.0138902,0.0256948,0.0358901,30.7674,20.6024,50.1205
1759345555988179968,-927.458,-592.619,-1645.19,0.314937,0.753798,0.23378,-0.527209,-19.1241,236.681,-157.418,-0.01389,0.0256947,0.0358897,30.7674,20.6026,50.1216
1759345555998179840,-927.649,-590.249,-1646.76,0.314771,0.753212,0.233105,-0.528444,-19.1594,237.304,-157.25,-0.0138898,0.0256947,0.0358894,30.7675,20.6027,50.1228
1759345556008179968,-927.841,-587.872,-1648.34,0.314514,0.752681,0.232388,-0.529668,-19.1925,237.928,-157.082,-0.0138895,0.0256946,0.0358891,30.7675,20.6028,50.1239
1759345556018179840,-928.033,-585.49,-1649.91,0.314165,0.752112,0.231701,-0.530983,-19.2229,238.552,-156.915,-0.0138893,0.0256946,0.0358887,30.7675,20.603,50.1251
1759345556028179968,-928.225,-583.101,-1651.47,0.31381,0.751634,0.231018,-0.532165,-19.2493,239.174,-156.749,-0.013889,0.0256945,0.0358884,30.7676,20.6031,50.1263
1759345556038179840,-928.417,-580.706,-1653.04,0.313432,0.751143,0.23039,-0.533353,-19.2731,239.796,-156.584,-0.0138888,0.0256944,0.0358881,30.7676,20.6033,50.1275
1759345556048179968,-928.61,-578.304,-1654.61,0.313015,0.750769,0.229671,-0.534433,-19.2943,240.417,-156.419,-0.0138885,0.0256944,0.0358877,30.7676,20.6034,50.1286
1759345556058179840,-928.803,-575.897,-1656.17,0.312576,0.750348,0.22901,-0.535564,-19.3128,241.038,-156.253,-0.0138883,0.0256943,0.0358874,30.7677,20.6036,50.1298
1759345556068179968,-928.996,-573.483,-1657.73,0.312144,0.749905,0.22842,-0.536688,-19.3283,241.659,-156.087,-0.013888,0.0256942,0.0358871,30.7677,20.6037,50.131
1759345556078179840,-929.189,-571.063,-1659.29,0.311678,0.749497,0.227812,-0.537786,-19.3414,242.28,-155.921,-0.0138878,0.0256941,0.0358867,30.7678,20.6039,50.1322
1759345556088179712,-929.382,-568.637,-1660.85,0.311238,0.749101,0.227319,-0.5388,-19.3515,242.901,-155.754,-0.0138875,0.025694,0.0358864,30.7678,20.604,50.1334
1759345556098179840,-929.576,-566.204,-1662.41,0.310718,0.748717,0.226795,-0.539854,-19.3591,243.522,-155.587,-0.0138872,0.0256939,0.035886,30.7678,20.6042,50.1346
1759345556108179712,-929.769,-563.766,-1663.96,0.31012,0.748326,0.226303,-0.540943,-19.3636,244.142,-155.421,-0.0138869,0.0256939,0.0358857,30.7679,20.6043,50.1358
1759345556118179840,-929.963,-561.321,-1665.51,0.30945,0.747996,0.225839,-0.541977,-19.3647,244.763,-155.253,-0.0138867,0.0256938,0.0358853,30.7679,20.6045,50.1371
1759345556128179712,-930.156,-558.87,-1667.06,0.308584,0.747761,0.225282,-0.543025,-19.3629,245.383,-155.086,-0.0138864,0.0256937,0.035885,30.768,20.6047,50.1383
1759345556138179840,-930.35,-556.413,-1668.61,0.307829,0.747544,0.225093,-0.543831,-19.3578,246.002,-154.919,-0.0138861,0.0256936,0.0358846,30.768,20.6048,50.1395
1759345556148179712,-930.543,-553.949,-1670.16,0.306769,0.747478,0.224517,-0.544758,-19.3493,246.621,-154.751,-0.0138858,0.0256935,0.0358843,30.7681,20.605,50.1407
1759345556158179840,-930.736,-551.479,-1671.71,0.305702,0.747432,0.224095,-0.545594,-19.3378,247.24,-154.583,-0.0138855,0.0256934,0.0358839,30.7681,20.6052,50.142
1759345556168179712,-930.93,-549.004,-1673.25,0.304583,0.747423,0.223822,-0.546344,-19.3225,247.858,-154.415,-0.0138853,0.0256933,0.0358835,30.7682,20.6054,50.1432
1759345556178179840,-931.123,-546.522,-1674.8,0.303367,0.747461,0.223612,-0.547054,-19.3043,248.475,-154.247,-0.013885,0.0256932,0.0358832,30.7682,20.6055,50.1445
1759345556188179712,-931.315,-544.034,-1676.34,0.302127,0.747485,0.223623,-0.547703,-19.2829,249.092,-154.079,-0.0138847,0.0256931,0.0358828,30.7683,20.6057,50.1457
1759345556198179840,-931.508,-541.539,-1677.88,0.300773,0.7476,0.223553,-0.548319,-19.2595,249.707,-153.912,-0.0138844,0.025693,0.0358825,30.7683,20.6059,50.147
1759345556208179712,-931.7,-539.039,-1679.42,0.299268,0.747797,0.223396,-0.548938,-19.2341,250.322,-153.745,-0.0138841,0.0256929,0.0358821,30.7684,20.6061,50.1482
1759345556218179584,-931.892,-536.532,-1680.95,0.297816,0.747999,0.22352,-0.549402,-19.2069,250.934,-153.578,-0.0138838,0.0256928,0.0358817,30.7685,20.6063,50.1495
1759345556228179712,-932.084,-534.019,-1682.49,0.296277,0.748263,0.223591,-0.549845,-19.179,251.543,-153.41,-0.0138835,0.0256927,0.0358814,30.7685,20.6065,50.1507
1759345556238179584,-932.276,-531.501,-1684.02,0.294637,0.748573,0.223528,-0.55033,-19.1496,252.152,-153.242,-0.0138832,0.0256926,0.035881,30.7686,20.6067,50.152
1759345556248179712,-932.467,-528.976,-1685.55,0.293114,0.748827,0.223721,-0.550718,-19.1201,252.758,-153.073,-0.0138829,0.0256925,0.0358806,30.7686,20.6068,50.1533
1759345556258179584,-932.658,-526.445,-1687.08,0.291598,0.749084,0.223891,-0.551104,-19.0901,253.361,-152.904,-0.0138826,0.0256924,0.0358803,30.7687,20.607,50.1546
1759345556268179712,-932.848,-523.908,-1688.61,0.290189,0.749302,0.224188,-0.551431,-19.06,253.963,-152.734,-0.0138823,0.0256923,0.0358799,30.7688,20.6072,50.1559
1759345556278179584,-933.039,-521.365,-1690.14,0.288675,0.74959,0.224162,-0.551844,-19.0296,254.565,-152.564,-0.013882,0.0256922,0.0358795,30.7688,20.6075,50.1571
1759345556288179712,-933.229,-518.816,-1691.66,0.287303,0.749784,0.22444,-0.552184,-18.998,255.165,-152.392,-0.0138817,0.0256922,0.0358791,30.7689,20.6077,50.1584
1759345556298179584,-933.418,-516.261,-1693.18,0.285958,0.749983,0.22474,-0.552491,-18.9653,255.763,-152.219,-0.0138814,0.0256921,0.0358788,30.769,20.6079,50.1597
1759345556308179712,-933.608,-513.7,-1694.71,0.284518,0.750153,0.224949,-0.552917,-18.9305,256.361,-152.044,-0.0138811,0.025692,0.0358784,30.7691,20.6081,50.161
1759345556318179584,-933.797,-511.133,-1696.22,0.283096,0.750363,0.22516,-0.553276,-18.8939,256.957,-151.869,-0.0138808,0.0256919,0.035878,30.7691,20.6083,50.1623
1759345556328179712,-933.985,-508.56,-1697.74,0.281595,0.750618,0.225251,-0.55366,-18.8556,257.553,-151.692,-0.0138805,0.0256919,0.0358776,30.7692,20.6085,50.1637
1759345556338179584,-934.174,-505.982,-1699.26,0.280168,0.750843,0.225553,-0.553956,-18.8156,258.149,-151.515,-0.0138802,0.0256918,0.0358772,30.7693,20.6087,50.165
1759345556348179456,-934.361,-503.397,-1700.77,0.278681,0.751089,0.225749,-0.554292,-18.7745,258.745,-151.336,-0.0138799,0.0256917,0.0358768,30.7694,20.609,50.1663
1759345556358179584,-934.549,-500.806,-1702.28,0.277206,0.751305,0.225986,-0.554642,-18.7315,259.34,-151.157,-0.0138796,0.0256917,0.0358764,30.7694,20.6092,50.1676
1759345556368179456,-934.736,-498.209,-1703.8,0.275623,0.751568,0.226108,-0.555025,-18.6866,259.935,-150.976,-0.0138793,0.0256916,0.035876,30.7695,20.6094,50.1689
1759345556378179584,-934.922,-495.607,-1705.3,0.27412,0.751804,0.226455,-0.555308,-18.6394,260.529,-150.795,-0.013879,0.0256915,0.0358756,30.7696,20.6097,50.1703
1759345556388179456,-935.108,-492.998,-1706.81,0.272554,0.7521,0.226634,-0.555606,-18.5906,261.124,-150.612,-0.0138787,0.0256915,0.0358752,30.7697,20.6099,50.1716
1759345556398179584,-935.294,-490.384,-1708.32,0.271002,0.752368,0.226895,-0.555895,-18.5399,261.719,-150.429,-0.0138784,0.0256914,0.0358748,30.7698,20.6101,50.1729
1759345556408179456,-935.479,-487.763,-1709.82,0.269413,0.75268,0.227086,-0.556166,-18.4872,262.313,-150.244,-0.013878,0.0256914,0.0358744,30.7699,20.6104,50.1743
1759345556418179584,-935.664,-485.137,-1711.32,0.267835,0.752941,0.227487,-0.556411,-18.4327,262.908,-150.058,-0.0138777,0.0256913,0.035874,30.77,20.6106,50.1756
1759345556428179456,-935.848,-482.504,-1712.82,0.266119,0.753281,0.227611,-0.556723,-18.3764,263.503,-149.87,-0.0138774,0.0256913,0.0358736,30.7701,20.6109,50.177
1759345556438179584,-936.031,-479.866,-1714.32,0.264498,0.753591,0.227997,-0.55692,-18.3189,264.097,-149.681,-0.013877,0.0256912,0.0358732,30.7702,20.6111,50.1783
1759345556448179456,-936.214,-477.222,-1715.81,0.262807,0.75392,0.228314,-0.557144,-18.2604,264.691,-149.491,-0.0138767,0.0256912,0.0358728,30.7703,20.6114,50.1797
1759345556458179584,-936.396,-474.572,-1717.31,0.261135,0.754271,0.228703,-0.557295,-18.201,265.285,-149.299,-0.0138764,0.0256912,0.0358724,30.7704,20.6116,50.1811
1759345556468179456,-936.578,-471.916,-1718.8,0.259351,0.754658,0.228967,-0.557497,-18.1411,265.877,-149.105,-0.013876,0.0256911,0.035872,30.7705,20.6119,50.1824
1759345556478179328,-936.759,-469.254,-1720.29,0.257499,0.755014,0.229282,-0.557744,-18.0796,266.468,-148.91,-0.0138757,0.0256911,0.0358716,30.7706,20.6122,50.1838
1759345556488179456,-936.939,-466.586,-1721.78,0.255758,0.755347,0.229802,-0.55788,-18.0164,267.058,-148.714,-0.0138753,0.0256911,0.0358711,30.7707,20.6124,50.1852
1759345556498179328,-937.119,-463.912,-1723.26,0.254016,0.755703,0.230347,-0.557968,-17.9517,267.646,-148.516,-0.013875,0.025691,0.0358707,30.7708,20.6127,50.1866
1759345556508179456,-937.298,-461.232,-1724.75,0.252084,0.756134,0.230541,-0.55818,-17.8854,268.233,-148.317,-0.0138746,0.025691,0.0358703,30.7709,20.613,50.1879
1759345556518179328,-937.476,-458.547,-1726.23,0.250333,0.7565,0.231164,-0.558215,-17.8168,268.819,-148.116,-0.0138743,0.025691,0.0358699,30.771,20.6133,50.1893
1759345556528179456,-937.654,-455.855,-1727.71,0.248501,0.756899,0.231707,-0.558268,-17.7467,269.404,-147.914,-0.0138739,0.025691,0.0358694,30.7711,20.6136,50.1907
1759345556538179328,-937.831,-453.158,-1729.19,0.246595,0.757329,0.232259,-0.558301,-17.6752,269.988,-147.71,-0.0138736,0.025691,0.035869,30.7712,20.6138,50.1921
1759345556548179456,-938.007,-450.455,-1730.66,0.244634,0.757782,0.232837,-0.558308,-17.6022,270.57,-147.503,-0.0138732,0.025691,0.0358685,30.7714,20.6141,50.1935
1759345556558179328,-938.183,-447.746,-1732.14,0.24261,0.758271,0.233455,-0.558269,-17.5276,271.152,-147.295,-0.0138728,0.0256909,0.0358681,30.7715,20.6144,50.1949
1759345556568179456,-938.358,-445.031,-1733.61,0.240464,0.75882,0.233996,-0.558226,-17.4512,271.731,-147.085,-0.0138725,0.0256909,0.0358676,30.7716,20.6147,50.1963
1759345556578179328,-938.532,-442.311,-1735.08,0.238343,0.759355,0.234793,-0.558072,-17.3729,272.308,-146.873,-0.0138721,0.0256909,0.0358672,30.7717,20.615,50.1977
1759345556588179456,-938.705,-439.584,-1736.54,0.236036,0.759947,0.235483,-0.557956,-17.2933,272.883,-146.659,-0.0138717,0.0256909,0.0358667,30.7719,20.6153,50.1991
1759345556598179328,-938.878,-436.852,-1738.01,0.233714,0.76057,0.236372,-0.557709,-17.212,273.457,-146.443,-0.0138713,0.025691,0.0358662,30.772,20.6157,50.2005
1759345556608179456,-939.049,-434.115,-1739.47,0.231254,0.761282,0.237121,-0.557446,-17.1291,274.028,-146.224,-0.013871,0.025691,0.0358658,30.7721,20.616,50.2019
1759345556618179328,-939.22,-431.371,-1740.93,0.228789,0.761937,0.238132,-0.557137,-17.0441,274.596,-146.003,-0.0138706,0.025691,0.0358653,30.7722,20.6163,50.2033
1759345556628179200,-939.39,-428.622,-1742.39,0.226198,0.762675,0.239079,-0.556779,-16.9566,275.161,-145.779,-0.0138702,0.025691,0.0358648,30.7724,20.6166,50.2048
1759345556638179328,-939.559,-425.868,-1743.85,0.223514,0.76345,0.240068,-0.556374,-16.8671,275.723,-145.552,-0.0138698,0.025691,0.0358643,30.7725,20.6169,50.2062
1759345556648179200,-939.727,-423.107,-1745.3,0.220764,0.764276,0.241071,-0.555905,-16.775,276.283,-145.323,-0.0138694,0.025691,0.0358638,30.7727,20.6173,50.2076
1759345556658179328,-939.895,-420.341,-1746.75,0.217924,0.765137,0.242111,-0.555389,-16.6807,276.839,-145.091,-0.013869,0.0256911,0.0358634,30.7728,20.6176,50.209
1759345556668179200,-940.061,-417.57,-1748.2,0.215041,0.765975,0.243248,-0.55486,-16.5845,277.393,-144.857,-0.0138686,0.0256911,0.0358629,30.773,20.618,50.2105
1759345556678179328,-940.226,-414.793,-1749.65,0.212097,0.766887,0.244347,-0.554251,-16.4868,277.943,-144.621,-0.0138682,0.0256912,0.0358623,30.7731,20.6183,50.2119
1759345556688179200,-940.391,-412.011,-1751.1,0.209115,0.767786,0.245513,-0.553623,-16.3877,278.491,-144.382,-0.0138678,0.0256912,0.0358618,30.7732,20.6186,50.2133
1759345556698179328,-940.554,-409.223,-1752.54,0.206206,0.76864,0.246737,-0.552985,-16.2877,279.035,-144.14,-0.0138674,0.0256913,0.0358613,30.7734,20.619,50.2148
1759345556708179200,-940.716,-406.429,-1753.98,0.203301,0.769535,0.247815,-0.552334,-16.1867,279.576,-143.897,-0.013867,0.0256913,0.0358608,30.7736,20.6194,50.2162
1759345556718179328,-940.878,-403.631,-1755.42,0.200468,0.770396,0.248959,-0.551653,-16.0842,280.114,-143.651,-0.0138666,0.0256914,0.0358603,30.7737,20.6197,50.2177
1759345556728179200,-941.038,-400.826,-1756.85,0.197644,0.771272,0.250004,-0.550976,-15.9804,280.649,-143.403,-0.0138662,0.0256914,0.0358597,30.7739,20.6201,50.2191
1759345556738179328,-941.197,-398.017,-1758.28,0.19491,0.772084,0.251217,-0.55026,-15.8751,281.182,-143.152,-0.0138658,0.0256915,0.0358592,30.774,20.6205,50.2205
1759345556748179200,-941.356,-395.202,-1759.71,0.192157,0.772947,0.25225,-0.549544,-15.7686,281.712,-142.899,-0.0138654,0.0256916,0.0358587,30.7742,20.6208,50.222
1759345556758179072,-941.513,-392.382,-1761.14,0.189454,0.77375,0.253399,-0.548823,-15.6601,282.239,-142.644,-0.0138649,0.0256917,0.0358581,30.7744,20.6212,50.2234
1759345556768179200,-941.669,-389.557,-1762.57,0.186764,0.774583,0.254465,-0.548077,-15.5499,282.764,-142.386,-0.0138645,0.0256918,0.0358576,30.7745,20.6216,50.2249
1759345556778179072,-941.824,-386.727,-1763.99,0.184089,0.775385,0.255604,-0.547317,-15.4379,283.286,-142.127,-0.0138641,0.0256919,0.035857,30.7747,20.622,50.2264
1759345556788179200,-941.978,-383.891,-1765.41,0.181375,0.776219,0.256705,-0.546525,-15.3243,283.806,-141.865,-0.0138637,0.025692,0.0358565,30.7749,20.6224,50.2278
1759345556798179072,-942.13,-381.05,-1766.82,0.17864,0.777053,0.25779,-0.54573,-15.2094,284.323,-141.6,-0.0138632,0.0256921,0.0358559,30.7751,20.6228,50.2293
1759345556808179200,-942.282,-378.204,-1768.24,0.175901,0.777893,0.258972,-0.544862,-15.094,284.839,-141.332,-0.0138628,0.0256922,0.0358554,30.7753,20.6232,50.2307
1759345556818179072,-942.432,-375.353,-1769.65,0.173107,0.778718,0.260164,-0.54401,-14.978,285.351,-141.062,-0.0138624,0.0256923,0.0358548,30.7754,20.6236,50.2322
1759345556828179200,-942.582,-372.496,-1771.06,0.170262,0.779569,0.261323,-0.543133,-14.8618,285.86,-140.788,-0.013862,0.0256924,0.0358542,30.7756,20.624,50.2337
1759345556838179072,-942.73,-369.635,-1772.47,0.167383,0.780459,0.262415,-0.542223,-14.7456,286.366,-140.512,-0.0138615,0.0256925,0.0358536,30.7758,20.6244,50.2351
1759345556848179200,-942.877,-366.769,-1773.87,0.164543,0.781402,0.263554,-0.54118,-14.6291,286.869,-140.233,-0.0138611,0.0256927,0.035853,30.776,20.6248,50.2366
1759345556858179072,-943.022,-363.897,-1775.27,0.161649,0.782201,0.264784,-0.540296,-14.5125,287.368,-139.952,-0.0138607,0.0256928,0.0358524,30.7762,20.6253,50.238
1759345556868179200,-943.167,-361.021,-1776.67,0.158813,0.782996,0.266083,-0.539347,-14.3962,287.864,-139.668,-0.0138602,0.0256929,0.0358518,30.7764,20.6257,50.2395
1759345556878179072,-943.31,-358.139,-1778.06,0.15596,0.783843,0.267228,-0.538382,-14.2796,288.358,-139.381,-0.0138598,0.0256931,0.0358512,30.7766,20.6261,50.241
1759345556888178944,-943.453,-355.253,-1779.46,0.153176,0.784611,0.268536,-0.537412,-14.163,288.848,-139.093,-0.0138594,0.0256932,0.0358506,30.7768,20.6266,50.2425
1759345556898179072,-943.594,-352.362,-1780.84,0.150408,0.785399,0.269778,-0.53642,-14.0464,289.336,-138.802,-0.0138589,0.0256934,0.03585,30.777,20.627,50.2439
1759345556908178944,-943.734,-349.466,-1782.23,0.147634,0.786239,0.270844,-0.535422,-13.93,289.82,-138.508,-0.0138585,0.0256936,0.0358494,30.7772,20.6275,50.2454
1759345556918179072,-943.872,-346.565,-1783.61,0.144922,0.78699,0.272096,-0.534423,-13.8131,290.301,-138.212,-0.0138581,0.0256937,0.0358488,30.7774,20.6279,50.2469
1759345556928178944,-944.01,-343.659,-1784.99,0.142186,0.78776,0.273331,-0.533392,-13.6957,290.779,-137.914,-0.0138576,0.0256939,0.0358481,30.7777,20.6284,50.2484
1759345556938179072,-944.146,-340.749,-1786.37,0.139493,0.788556,0.274496,-0.532328,-13.5783,291.254,-137.613,-0.0138572,0.0256941,0.0358475,30.7779,20.6289,50.2498
1759345556948178944,-944.282,-337.834,-1787.75,0.136792,0.789376,0.275485,-0.531302,-13.4598,291.726,-137.31,-0.0138568,0.0256942,0.0358469,30.7781,20.6293,50.2513
1759345556958179072,-944.416,-334.914,-1789.12,0.134154,0.790099,0.276727,-0.530253,-13.3406,292.195,-137.005,-0.0138563,0.0256944,0.0358462,30.7783,20.6298,50.2528
1759345556968178944,-944.549,-331.99,-1790.49,0.131539,0.790843,0.27785,-0.529212,-13.2213,292.662,-136.698,-0.0138559,0.0256946,0.0358456,30.7786,20.6303,50.2543
1759345556978179072,-944.68,-329.06,-1791.85,0.128929,0.791597,0.278847,-0.5282,-13.1018,293.126,-136.389,-0.0138554,0.0256948,0.0358449,30.7788,20.6308,50.2558
1759345556988178944,-944.811,-326.127,-1793.21,0.126418,0.792341,0.279893,-0.527138,-12.9825,293.588,-136.079,-0.013855,0.025695,0.0358443,30.779,20.6313,50.2572
1759345556998179072,-944.94,-323.188,-1794.57,0.123952,0.79304,0.280915,-0.526127,-12.8639,294.047,-135.766,-0.0138546,0.0256952,0.0358436,30.7793,20.6318,50.2587
1759345557008178944,-945.068,-320.245,-1795.93,0.121569,0.793731,0.281905,-0.525111,-12.7454,294.503,-135.452,-0.0138541,0.0256954,0.035843,30.7795,20.6323,50.2602
1759345557018178816,-945.195,-317.298,-1797.28,0.119298,0.794457,0.282841,-0.524029,-12.6273,294.956,-135.136,-0.0138537,0.0256956,0.0358423,30.7797,20.6328,50.2617
1759345557028178944,-945.321,-314.346,-1798.63,0.117043,0.795173,0.283649,-0.523014,-12.509,295.406,-134.818,-0.0138532,0.0256958,0.0358416,30.78,20.6333,50.2632
1759345557038178816,-945.445,-311.389,-1799.98,0.114799,0.795767,0.284509,-0.52214,-12.3905,295.853,-134.498,-0.0138528,0.0256961,0.0358409,30.7802,20.6338,50.2647
1759345557048178944,-945.569,-308.428,-1801.32,0.112674,0.796328,0.285497,-0.521207,-12.271,296.297,-134.177,-0.0138523,0.0256963,0.0358403,30.7805,20.6343,50.2661
1759345557058178816,-945.691,-305.463,-1802.66,0.11061,0.796869,0.286436,-0.520307,-12.1514,296.74,-133.853,-0.0138519,0.0256965,0.0358396,30.7807,20.6349,50.2676
1759345557068178944,-945.812,-302.493,-1804,0.10858,0.797501,0.287145,-0.519375,-12.0322,297.181,-133.527,-0.0138514,0.0256968,0.0358389,30.781,20.6354,50.2691
1759345557078178816,-945.932,-299.519,-1805.33,0.106582,0.79809,0.287888,-0.518472,-11.914,297.623,-133.199,-0.013851,0.025697,0.0358382,30.7812,20.6359,50.2706
1759345557088178944,-946.05,-296.54,-1806.66,0.104625,0.79871,0.288498,-0.517577,-11.7963,298.064,-132.869,-0.0138505,0.0256972,0.0358375,30.7815,20.6365,50.2721
1759345557098178816,-946.168,-293.557,-1807.99,0.102713,0.799232,0.289264,-0.516725,-11.6787,298.503,-132.537,-0.01385,0.0256975,0.0358368,30.7818,20.637,50.2736
1759345557108178944,-946.284,-290.57,-1809.31,0.100791,0.799783,0.289967,-0.515855,-11.5603,298.939,-132.203,-0.0138496,0.0256977,0.0358361,30.782,20.6376,50.2751
1759345557118178816,-946.399,-287.578,-1810.63,0.0988376,0.800408,0.290502,-0.514963,-11.4412,299.373,-131.866,-0.0138491,0.0256979,0.0358354,30.7823,20.6381,50.2766
1759345557128178944,-946.513,-284.582,-1811.95,0.0969142,0.800923,0.291264,-0.514096,-11.3209,299.805,-131.527,-0.0138487,0.0256982,0.0358347,30.7826,20.6387,50.2781
1759345557138178816,-946.626,-281.582,-1813.26,0.0949778,0.801521,0.291945,-0.513139,-11.2007,300.235,-131.186,-0.0138482,0.0256984,0.0358339,30.7828,20.6392,50.2796
1759345557148178688,-946.737,-278.577,-1814.57,0.0929275,0.802061,0.292632,-0.512278,-11.0807,300.663,-130.842,-0.0138477,0.0256987,0.0358332,30.7831,20.6398,50.281
1759345557158178816,-946.847,-275.568,-1815.88,0.0908588,0.80264,0.293357,-0.511327,-10.9619,301.092,-130.495,-0.0138472,0.0256989,0.0358325,30.7834,20.6404,50.2825
1759345557168178688,-946.957,-272.555,-1817.18,0.088816,0.803318,0.293938,-0.510287,-10.8439,301.518,-130.147,-0.0138468,0.0256992,0.0358318,30.7837,20.641,50.284
1759345557178178816,-947.065,-269.537,-1818.48,0.0867033,0.803851,0.294655,-0.509397,-10.7273,301.943,-129.797,-0.0138463,0.0256995,0.035831,30.7839,20.6416,50.2855
1759345557188178688,-947.171,-266.516,-1819.77,0.0846449,0.804376,0.295445,-0.508455,-10.6106,302.365,-129.446,-0.0138458,0.0256997,0.0358303,30.7842,20.6421,50.287
1759345557198178816,-947.277,-263.49,-1821.07,0.0825904,0.804931,0.296191,-0.507479,-10.4938,302.784,-129.093,-0.0138454,0.0257,0.0358295,30.7845,20.6427,50.2885
1759345557208178688,-947.381,-260.46,-1822.35,0.0805725,0.805445,0.297009,-0.506511,-10.3764,303.201,-128.74,-0.0138449,0.0257002,0.0358288,30.7848,20.6433,50.29
1759345557218178816,-947.485,-257.425,-1823.64,0.0784809,0.806036,0.29765,-0.505522,-10.2587,303.615,-128.384,-0.0138444,0.0257005,0.035828,30.7851,20.6439,50.2915
1759345557228178688,-947.587,-254.387,-1824.92,0.0764451,0.80659,0.298436,-0.504485,-10.1403,304.026,-128.026,-0.0138439,0.0257008,0.0358272,30.7854,20.6446,50.293
1759345557238178816,-947.688,-251.345,-1826.2,0.0743699,0.807203,0.299126,-0.503404,-10.0221,304.433,-127.667,-0.0138435,0.0257011,0.0358265,30.7857,20.6452,50.2945
1759345557248178688,-947.787,-248.298,-1827.47,0.0723038,0.807762,0.299863,-0.50237,-9.90359,304.838,-127.305,-0.013843,0.0257013,0.0358257,30.786,20.6458,50.296
1759345557258178816,-947.886,-245.248,-1828.75,0.0702662,0.808322,0.300626,-0.5013,-9.78456,305.239,-126.943,-0.0138425,0.0257016,0.0358249,30.7863,20.6464,50.2975
1759345557268178688,-947.983,-242.193,-1830.01,0.0682431,0.808965,0.301219,-0.500185,-9.66468,305.636,-126.579,-0.013842,0.0257019,0.0358241,30.7866,20.647,50.299
1759345557278178816,-948.079,-239.135,-1831.28,0.0662866,0.809512,0.301967,-0.499111,-9.54366,306.03,-126.214,-0.0138416,0.0257022,0.0358233,30.7869,20.6477,50.3005
1759345557288178688,-948.174,-236.072,-1832.54,0.0643598,0.810041,0.30269,-0.498067,-9.42051,306.42,-125.848,-0.0138411,0.0257025,0.0358225,30.7872,20.6483,50.302
1759345557298178560,-948.268,-233.006,-1833.79,0.062409,0.810544,0.303322,-0.49711,-9.29629,306.808,-125.48,-0.0138406,0.0257028,0.0358217,30.7875,20.649,50.3035
1759345557308178688,-948.36,-229.936,-1835.05,0.0606138,0.811107,0.304089,-0.495944,-9.16957,307.193,-125.11,-0.0138401,0.025703,0.0358209,30.7879,20.6496,50.305
1759345557318178560,-948.451,-226.862,-1836.29,0.0587896,0.81163,0.304771,-0.49489,-9.04171,307.577,-124.739,-0.0138396,0.0257033,0.0358201,30.7882,20.6503,50.3065
1759345557328178688,-948.541,-223.784,-1837.54,0.057014,0.812149,0.305456,-0.493822,-8.91318,307.959,-124.366,-0.0138391,0.0257036,0.0358193,30.7885,20.6509,50.308
1759345557338178560,-948.63,-220.702,-1838.78,0.055241,0.812551,0.306309,-0.492832,-8.7841,308.338,-123.991,-0.0138387,0.025704,0.0358185,30.7888,20.6516,50.3095
1759345557348178688,-948.717,-217.617,-1840.02,0.0535008,0.81309,0.306916,-0.491756,-8.65486,308.715,-123.616,-0.0138382,0.0257043,0.0358177,30.7892,20.6522,50.311
1759345557358178560,-948.803,-214.528,-1841.25,0.0518205,0.813669,0.307456,-0.490641,-8.52575,309.09,-123.24,-0.0138377,0.0257046,0.0358169,30.7895,20.6529,50.3125
1759345557368178688,-948.888,-211.435,-1842.48,0.0501463,0.8141,0.308226,-0.489615,-8.39716,309.462,-122.862,-0.0138372,0.0257049,0.035816,30.7898,20.6536,50.314
1759345557378178560,-948.971,-208.338,-1843.71,0.0484345,0.814571,0.308866,-0.4886,-8.26889,309.833,-122.483,-0.0138367,0.0257052,0.0358152,30.7902,20.6543,50.3155
1759345557388178688,-949.054,-205.238,-1844.93,0.0468467,0.815005,0.3097,-0.487502,-8.14132,310.201,-122.103,-0.0138363,0.0257055,0.0358144,30.7905,20.655,50.317
1759345557398178560,-949.134,-202.134,-1846.15,0.0452687,0.815507,0.310376,-0.486381,-8.01457,310.567,-121.722,-0.0138358,0.0257059,0.0358135,30.7908,20.6556,50.3185
1759345557408178688,-949.214,-199.026,-1847.37,0.0436758,0.816041,0.310996,-0.485233,-7.88854,310.93,-121.34,-0.0138353,0.0257062,0.0358127,30.7912,20.6563,50.32
1759345557418178560,-949.292,-195.915,-1848.58,0.0421145,0.816434,0.311851,-0.48416,-7.76356,311.292,-120.957,-0.0138348,0.0257065,0.0358119,30.7915,20.657,50.3215
1759345557428178432,-949.37,-192.8,-1849.78,0.0405601,0.816867,0.312626,-0.483062,-7.63956,311.652,-120.574,-0.0138344,0.0257069,0.035811,30.7919,20.6578,50.323
1759345557438178560,-949.445,-189.682,-1850.99,0.0389832,0.817339,0.313267,-0.481976,-7.51624,312.01,-120.191,-0.0138339,0.0257072,0.0358102,30.7922,20.6585,50.3245
1759345557448178432,-949.52,-186.56,-1852.19,0.0375745,0.817764,0.314195,-0.480761,-7.39357,312.366,-119.808,-0.0138334,0.0257076,0.0358093,30.7926,20.6592,50.326
1759345557458178560,-949.594,-183.434,-1853.38,0.0360473,0.818108,0.314932,-0.47981,-7.27181,312.721,-119.424,-0.0138329,0.0257079,0.0358085,30.7929,20.6599,50.3275
1759345557468178432,-949.666,-180.305,-1854.58,0.0347367,0.818507,0.315784,-0.478666,-7.15085,313.074,-119.039,-0.0138325,0.0257083,0.0358076,30.7933,20.6606,50.3289
1759345557478178560,-949.737,-177.172,-1855.76,0.0333512,0.818852,0.316528,-0.47768,-7.0311,313.425,-118.654,-0.013832,0.0257087,0.0358068,30.7937,20.6614,50.3304
1759345557488178432,-949.807,-174.036,-1856.95,0.0320953,0.819247,0.317373,-0.476528,-6.9121,313.774,-118.268,-0.0138315,0.025709,0.0358059,30.794,20.6621,50.3319
1759345557498178560,-949.875,-170.897,-1858.13,0.0308123,0.819606,0.318178,-0.475456,-6.79422,314.12,-117.881,-0.0138311,0.0257094,0.035805,30.7944,20.6628,50.3334
1759345557508178432,-949.943,-167.754,-1859.31,0.0295238,0.819949,0.318985,-0.474405,-6.67755,314.464,-117.492,-0.0138306,0.0257098,0.0358042,30.7948,20.6636,50.3349
1759345557518178560,-950.009,-164.607,-1860.48,0.0282615,0.82034,0.319694,-0.473328,-6.5619,314.805,-117.101,-0.0138301,0.0257101,0.0358033,30.7952,20.6643,50.3364
1759345557528178432,-950.074,-161.457,-1861.65,0.026985,0.820601,0.320573,-0.472354,-6.44757,315.144,-116.71,-0.0138297,0.0257105,0.0358024,30.7955,20.6651,50.3379
1759345557538178560,-950.138,-158.304,-1862.81,0.0257242,0.820884,0.321414,-0.47136,-6.33396,315.48,-116.317,-0.0138292,0.0257109,0.0358015,30.7959,20.6658,50.3394
1759345557548178432,-950.201,-155.148,-1863.97,0.0244632,0.821128,0.322297,-0.470399,-6.22132,315.814,-115.923,-0.0138288,0.0257113,0.0358007,30.7963,20.6666,50.3409
1759345557558178304,-950.263,-151.988,-1865.13,0.0232273,0.821453,0.32303,-0.46939,-6.10973,316.146,-115.529,-0.0138283,0.0257117,0.0357998,30.7967,20.6674,50.3424
1759345557568178432,-950.324,-148.824,-1866.28,0.0220144,0.821726,0.323833,-0.468416,-5.99891,316.475,-115.134,-0.0138279,0.0257121,0.0357989,30.7971,20.6681,50.3439
1759345557578178304,-950.383,-145.658,-1867.43,0.0207694,0.821966,0.32456,-0.467549,-5.88858,316.803,-114.738,-0.0138274,0.0257125,0.035798,30.7975,20.6689,50.3454
1759345557588178432,-950.442,-142.488,-1868.58,0.0196744,0.822232,0.325394,-0.466548,-5.77865,317.128,-114.341,-0.0138269,0.0257128,0.0357971,30.7979,20.6697,50.3468
1759345557598178304,-950.499,-139.315,-1869.72,0.0185842,0.822487,0.326162,-0.465606,-5.66932,317.452,-113.944,-0.0138265,0.0257132,0.0357962,30.7982,20.6705,50.3483
1759345557608178432,-950.555,-136.139,-1870.85,0.0175223,0.822787,0.326822,-0.464652,-5.56021,317.775,-113.546,-0.013826,0.0257136,0.0357953,30.7986,20.6713,50.3498
1759345557618178304,-950.611,-132.96,-1871.99,0.016474,0.82297,0.327635,-0.463794,-5.45166,318.095,-113.147,-0.0138256,0.025714,0.0357944,30.799,20.6721,50.3513
1759345557628178432,-950.665,-129.777,-1873.12,0.0154293,0.823179,0.328398,-0.462918,-5.34329,318.415,-112.747,-0.0138251,0.0257144,0.0357935,30.7995,20.6729,50.3528
1759345557638178304,-950.718,-126.591,-1874.24,0.014422,0.823422,0.329071,-0.46204,-5.23575,318.734,-112.346,-0.0138247,0.0257149,0.0357926,30.7999,20.6737,50.3543
1759345557648178432,-950.77,-123.402,-1875.36,0.0134592,0.823649,0.329772,-0.461163,-5.12905,319.051,-111.944,-0.0138242,0.0257153,0.0357917,30.8003,20.6745,50.3558
1759345557658178304,-950.82,-120.21,-1876.48,0.0125024,0.823856,0.330444,-0.460339,-5.02333,319.367,-111.542,-0.0138238,0.0257157,0.0357908,30.8007,20.6753,50.3572
1759345557668178432,-950.87,-117.015,-1877.59,0.0116044,0.824023,0.331196,-0.459521,-4.91903,319.682,-111.138,-0.0138233,0.0257161,0.0357899,30.8011,20.6761,50.3587
1759345557678178304,-950.919,-113.816,-1878.7,0.0107384,0.824322,0.3317,-0.458643,-4.81594,319.995,-110.735,-0.0138229,0.0257165,0.035789,30.8015,20.677,50.3602
1759345557688178176,-950.967,-110.614,-1879.81,0.00990102,0.824472,0.332427,-0.457864,-4.71437,320.307,-110.331,-0.0138224,0.0257169,0.0357881,30.8019,20.6778,50.3617
1759345557698178304,-951.014,-107.41,-1880.91,0.0090919,0.824661,0.333089,-0.45706,-4.61363,320.617,-109.926,-0.013822,0.0257173,0.0357871,30.8024,20.6786,50.3632
1759345557708178176,-951.059,-104.202,-1882.01,0.00827862,0.824787,0.333782,-0.456341,-4.51394,320.926,-109.521,-0.0138215,0.0257177,0.0357862,30.8028,20.6795,50.3647
1759345557718178304,-951.104,-100.991,-1883.1,0.00751723,0.82495,0.334426,-0.455588,-4.4148,321.234,-109.115,-0.013821,0.0257182,0.0357853,30.8032,20.6803,50.3662
1759345557728178176,-951.148,-97.7771,-1884.19,0.00680233,0.825242,0.334871,-0.454743,-4.31618,321.541,-108.709,-0.0138206,0.0257186,0.0357844,30.8037,20.6812,50.3676
1759345557738178304,-951.191,-94.56,-1885.27,0.00610819,0.825269,0.33569,-0.454099,-4.21787,321.848,-108.301,-0.0138201,0.025719,0.0357835,30.8041,20.682,50.3691
1759345557748178176,-951.232,-91.3399,-1886.35,0.00544501,0.825423,0.336274,-0.453395,-4.12004,322.153,-107.894,-0.0138197,0.0257194,0.0357825,30.8045,20.6829,50.3706
1759345557758178304,-951.273,-88.1168,-1887.43,0.00484063,0.825641,0.336729,-0.452667,-4.02291,322.458,-107.486,-0.0138192,0.0257199,0.0357816,30.805,20.6837,50.3721
1759345557768178176,-951.313,-84.8906,-1888.5,0.00422684,0.825782,0.33717,-0.452087,-3.92654,322.763,-107.078,-0.0138188,0.0257203,0.0357807,30.8054,20.6846,50.3736
1759345557778178304,-951.352,-81.6613,-1889.57,0.00374194,0.825921,0.337644,-0.451483,-3.83089,323.067,-106.669,-0.0138183,0.0257207,0.0357798,30.8058,20.6855,50.375
1759345557788178176,-951.39,-78.4291,-1890.63,0.00339814,0.826046,0.338264,-0.450793,-3.7362,323.371,-106.261,-0.0138179,0.0257211,0.0357788,30.8063,20.6863,50.3765
1759345557798178304,-951.427,-75.1938,-1891.69,0.00304674,0.826164,0.338759,-0.450207,-3.64217,323.673,-105.852,-0.0138174,0.0257216,0.0357779,30.8067,20.6872,50.378
1759345557808178176,-951.463,-71.9554,-1892.75,0.00276834,0.826234,0.339395,-0.449601,-3.54867,323.973,-105.443,-0.013817,0.025722,0.035777,30.8072,20.6881,50.3795
1759345557818178304,-951.498,-68.7141,-1893.8,0.00243892,0.826301,0.339867,-0.449123,-3.45552,324.273,-105.033,-0.0138165,0.0257224,0.035776,30.8077,20.689,50.381
1759345557828178176,-951.532,-65.4698,-1894.85,0.0021441,0.826396,0.340306,-0.448618,-3.36185,324.572,-104.623,-0.013816,0.0257229,0.0357751,30.8081,20.6899,50.3825
1759345557838178048,-951.566,-62.2225,-1895.89,0.00168229,0.826496,0.340496,-0.44829,-3.26848,324.871,-104.212,-0.0138156,0.0257233,0.0357742,30.8086,20.6908,50.3839
1759345557848178176,-951.598,-58.9722,-1896.93,0.00133186,0.826536,0.340988,-0.447843,-3.17525,325.169,-103.8,-0.0138151,0.0257237,0.0357732,30.809,20.6917,50.3854
1759345557858178048,-951.629,-55.719,-1897.97,0.00114216,0.826602,0.34173,-0.447155,-3.0829,325.467,-103.388,-0.0138147,0.0257242,0.0357723,30.8095,20.6926,50.3869
1759345557868178176,-951.66,-52.4627,-1899,0.000813234,0.826677,0.342256,-0.446616,-2.99213,325.763,-102.976,-0.0138142,0.0257246,0.0357714,30.81,20.6935,50.3884
1759345557878178048,-951.689,-49.2035,-1900.03,0.000465729,0.826798,0.342676,-0.44607,-2.9038,326.06,-102.564,-0.0138138,0.0257251,0.0357704,30.8104,20.6944,50.3899
1759345557888178176,-951.718,-45.9414,-1901.05,3.63422e-05,-0.82681,-0.342956,0.445832,-2.81752,326.356,-102.153,-0.0138133,0.0257255,0.0357695,30.8109,20.6953,50.3913
1759345557898178048,-951.746,-42.6762,-1902.07,0.000248928,-0.82679,-0.343626,0.445354,-2.73349,326.652,-101.742,-0.0138129,0.0257259,0.0357685,30.8114,20.6963,50.3928
1759345557908178176,-951.773,-39.4081,-1903.09,0.000303713,-0.826812,-0.344393,0.44472,-2.65226,326.95,-101.333,-0.0138124,0.0257264,0.0357676,30.8119,20.6972,50.3943
1759345557918178048,-951.799,-36.1371,-1904.1,0.000495012,-0.826717,-0.34501,0.444416,-2.57323,327.247,-100.923,-0.013812,0.0257268,0.0357667,30.8123,20.6981,50.3958
1759345557928178176,-951.824,-32.863,-1905.1,0.00061504,-0.826706,-0.345501,0.444057,-2.4958,327.545,-100.512,-0.0138115,0.0257273,0.0357657,30.8128,20.6991,50.3973
1759345557938178048,-951.849,-29.586,-1906.11,0.000781668,-0.826681,-0.345873,0.443812,-2.41963,327.842,-100.102,-0.0138111,0.0257277,0.0357648,30.8133,20.7,50.3987
1759345557948178176,-951.873,-26.306,-1907.11,0.000935297,-0.826768,-0.346046,0.443516,-2.34449,328.138,-99.6898,-0.0138106,0.0257281,0.0357638,30.8138,20.7009,50.4002
1759345557958178048,-951.896,-23.0231,-1908.1,0.000929008,-0.826722,-0.346633,0.443142,-2.27054,328.434,-99.2763,-0.0138102,0.0257286,0.0357629,30.8143,20.7019,50.4017
1759345557968177920,-951.918,-19.7372,-1909.09,0.00122736,-0.826686,-0.34682,0.443062,-2.19784,328.73,-98.8618,-0.0138097,0.025729,0.0357619,30.8148,20.7028,50.4032
1759345557978178048,-951.94,-16.4483,-1910.08,0.0012604,-0.82657,-0.347589,0.442676,-2.12562,329.025,-98.4464,-0.0138093,0.0257295,0.035761,30.8153,20.7038,50.4047
1759345557988177920,-951.961,-13.1565,-1911.06,0.00146275,-0.826533,-0.348059,0.442375,-2.0534,329.319,-98.0312,-0.0138088,0.0257299,0.03576,30.8157,20.7048,50.4062
1759345557998178048,-951.981,-9.8618,-1912.04,0.00195341,-0.826534,-0.348141,0.442308,-1.98111,329.612,-97.6161,-0.0138084,0.0257304,0.0357591,30.8162,20.7057,50.4077
1759345558008177920,-952.001,-6.56413,-1913.01,0.00206515,-0.826401,-0.348983,0.441892,-1.90755,329.904,-97.2016,-0.0138079,0.0257308,0.0357581,30.8167,20.7067,50.4091
1759345558018178048,-952.02,-3.26356,-1913.98,0.00233352,-0.826351,-0.349414,0.441642,-1.83472,330.194,-96.7871,-0.0138074,0.0257312,0.0357572,30.8172,20.7077,50.4106
1759345558028177920,-952.038,0.0399143,-1914.95,0.00265739,-0.826238,-0.349771,0.441569,-1.76141,330.484,-96.3736,-0.013807,0.0257317,0.0357562,30.8177,20.7086,50.4121
1759345558038178048,-952.055,3.34629,-1915.91,0.0027786,-0.826136,-0.350341,0.441308,-1.68775,330.774,-95.9603,-0.0138065,0.0257321,0.0357553,30.8182,20.7096,50.4136
1759345558048177920,-952.071,6.65556,-1916.86,0.00296603,-0.826064,-0.350717,0.441142,-1.61431,331.064,-95.5466,-0.0138061,0.0257326,0.0357543,30.8188,20.7106,50.4151
1759345558058178048,-952.087,9.96772,-1917.82,0.00323486,-0.825892,-0.351131,0.441134,-1.54047,331.352,-95.1323,-0.0138056,0.025733,0.0357534,30.8193,20.7116,50.4166
1759345558068177920,-952.102,13.2828,-1918.77,0.00363531,-0.825847,-0.351277,0.441099,-1.46629,331.639,-94.7165,-0.0138052,0.0257335,0.0357524,30.8198,20.7126,50.4181
1759345558078178048,-952.117,16.6007,-1919.71,0.00386063,-0.825721,-0.351886,0.440847,-1.39197,331.925,-94.2996,-0.0138047,0.0257339,0.0357515,30.8203,20.7136,50.4196
1759345558088177920,-952.13,19.9214,-1920.65,0.00417837,-0.825564,-0.352563,0.440597,-1.31802,332.209,-93.8813,-0.0138042,0.0257343,0.0357505,30.8208,20.7146,50.4211
1759345558098177792,-952.143,23.245,-1921.59,0.00463912,-0.82542,-0.353115,0.440421,-1.24482,332.492,-93.4626,-0.0138038,0.0257348,0.0357495,30.8213,20.7156,50.4226
1759345558108177920,-952.155,26.5714,-1922.52,0.00526931,-0.825211,-0.353433,0.44055,-1.17271,332.774,-93.043,-0.0138033,0.0257352,0.0357486,30.8218,20.7166,50.4241
1759345558118177792,-952.167,29.9006,-1923.45,0.00579359,-0.824976,-0.353981,0.440543,-1.10159,333.053,-92.6231,-0.0138029,0.0257356,0.0357476,30.8223,20.7176,50.4256
1759345558128177920,-952.177,33.2327,-1924.37,0.00609789,-0.824926,-0.354669,0.440078,-1.03137,333.332,-92.2032,-0.0138024,0.0257361,0.0357466,30.8229,20.7186,50.4271
1759345558138177792,-952.187,36.5674,-1925.29,0.00675473,-0.8247,-0.355026,0.440205,-0.963264,333.609,-91.783,-0.0138019,0.0257365,0.0357456,30.8234,20.7196,50.4286
1759345558148177920,-952.197,39.905,-1926.21,0.0071872,-0.824459,-0.355778,0.440043,-0.896314,333.886,-91.3624,-0.0138015,0.0257369,0.0357447,30.8239,20.7206,50.4301
1759345558158177792,-952.205,43.2453,-1927.12,0.00783762,-0.824335,-0.356101,0.440003,-0.83027,334.161,-90.9414,-0.013801,0.0257374,0.0357437,30.8244,20.7216,50.4316
1759345558168177920,-952.213,46.5884,-1928.03,0.00838306,-0.824084,-0.356772,0.43992,-0.764614,334.436,-90.52,-0.0138006,0.0257378,0.0357427,30.825,20.7227,50.4331
1759345558178177792,-952.221,49.9342,-1928.93,0.00879695,-0.823876,-0.357561,0.43966,-0.699189,334.709,-90.0985,-0.0138001,0.0257382,0.0357417,30.8255,20.7237,50.4346
1759345558188177920,-952.227,53.2827,-1929.83,0.00935091,-0.82366,-0.358083,0.439629,-0.634668,334.982,-89.6772,-0.0137996,0.0257387,0.0357407,30.826,20.7247,50.4361
1759345558198177792,-952.233,56.634,-1930.72,0.00950913,-0.823463,-0.359091,0.439172,-0.570348,335.255,-89.2566,-0.0137992,0.0257391,0.0357397,30.8266,20.7258,50.4376
1759345558208177920,-952.239,59.988,-1931.61,0.0101604,-0.823386,-0.359097,0.439297,-0.507063,335.527,-88.8362,-0.0137987,0.0257395,0.0357388,30.8271,20.7268,50.4391
1759345558218177792,-952.244,63.3447,-1932.5,0.0105632,-0.823126,-0.359603,0.43936,-0.443843,335.799,-88.4163,-0.0137983,0.0257399,0.0357378,30.8276,20.7279,50.4406
1759345558228177664,-952.248,66.7041,-1933.38,0.0106797,-0.822836,-0.360535,0.439137,-0.380813,336.071,-87.9965,-0.0137978,0.0257404,0.0357368,30.8282,20.7289,50.4421
1759345558238177792,-952.251,70.0662,-1934.26,0.0110545,-0.8228,-0.360633,0.439115,-0.318178,336.343,-87.5768,-0.0137974,0.0257408,0.0357358,30.8287,20.73,50.4436
1759345558248177664,-952.254,73.4311,-1935.13,0.0114316,-0.82265,-0.360813,0.439239,-0.254912,336.614,-87.1575,-0.0137969,0.0257412,0.0357348,30.8293,20.731,50.4451
1759345558258177792,-952.256,76.7987,-1936,0.0116264,-0.822424,-0.361274,0.439277,-0.191205,336.886,-86.7384,-0.0137965,0.0257417,0.0357338,30.8298,20.7321,50.4467
1759345558268177664,-952.258,80.169,-1936.86,0.0117392,-0.822243,-0.361753,0.439219,-0.12685,337.157,-86.3199,-0.013796,0.0257421,0.0357328,30.8304,20.7331,50.4482
1759345558278177792,-952.259,83.542,-1937.72,0.0118542,-0.822113,-0.362153,0.43913,-0.0619465,337.428,-85.9022,-0.0137956,0.0257426,0.0357318,30.8309,20.7342,50.4497
1759345558288177664,-952.259,86.9177,-1938.58,0.0120641,-0.822046,-0.362179,0.439227,0.00299646,337.699,-85.4851,-0.0137951,0.025743,0.0357308,30.8314,20.7353,50.4512
1759345558298177792,-952.259,90.2961,-1939.43,0.0117671,-0.821795,-0.363107,0.438939,0.0681522,337.97,-85.0688,-0.0137947,0.0257434,0.0357298,30.832,20.7363,50.4527
1759345558308177664,-952.258,93.6773,-1940.28,0.0120156,-0.821691,-0.36288,0.439315,0.13273,338.241,-84.6529,-0.0137942,0.0257439,0.0357288,30.8326,20.7374,50.4543
1759345558318177792,-952.256,97.0611,-1941.13,0.0118729,-0.821531,-0.363207,0.439348,0.197921,338.511,-84.2372,-0.0137938,0.0257443,0.0357279,30.8331,20.7385,50.4558
1759345558328177664,-952.254,100.448,-1941.97,0.0119477,-0.821385,-0.363062,0.439738,0.262966,338.782,-83.8215,-0.0137933,0.0257447,0.0357269,30.8337,20.7396,50.4573
1759345558338177792,-952.251,103.837,-1942.8,0.0116795,-0.82114,-0.363425,0.439903,0.328632,339.052,-83.406,-0.0137929,0.0257452,0.0357259,30.8342,20.7407,50.4588
1759345558348177664,-952.247,107.229,-1943.63,0.0115226,-0.820968,-0.363436,0.440219,0.394857,339.323,-82.9903,-0.0137924,0.0257456,0.0357249,30.8348,20.7417,50.4604
1759345558358177536,-952.243,110.624,-1944.46,0.011001,-0.820703,-0.364115,0.440165,0.462175,339.593,-82.5742,-0.013792,0.0257461,0.0357239,30.8353,20.7428,50.4619
1759345558368177664,-952.238,114.021,-1945.28,0.0110325,-0.820523,-0.363778,0.440779,0.529336,339.864,-82.1579,-0.0137915,0.0257465,0.0357229,30.8359,20.7439,50.4634
1759345558378177536,-952.233,117.421,-1946.1,0.0105531,-0.820291,-0.364286,0.440803,0.597655,340.134,-81.7411,-0.0137911,0.0257469,0.0357219,30.8365,20.745,50.465
1759345558388177664,-952.226,120.824,-1946.92,0.0104737,-0.820155,-0.364051,0.441251,0.665906,340.405,-81.3239,-0.0137906,0.0257474,0.0357209,30.837,20.7461,50.4665
1759345558398177536,-952.219,124.229,-1947.73,0.0102932,-0.819931,-0.364068,0.441658,0.734712,340.676,-80.9064,-0.0137902,0.0257478,0.0357199,30.8376,20.7472,50.468
1759345558408177664,-952.212,127.637,-1948.54,0.0102362,-0.81967,-0.363978,0.442217,0.803674,340.948,-80.4884,-0.0137897,0.0257483,0.0357189,30.8382,20.7483,50.4696
1759345558418177536,-952.203,131.048,-1949.34,0.01013,-0.819421,-0.364001,0.442663,0.8732,341.22,-80.0705,-0.0137893,0.0257487,0.0357179,30.8387,20.7495,50.4711
1759345558428177664,-952.194,134.462,-1950.14,0.00989307,-0.819194,-0.364279,0.442859,0.942938,341.491,-79.6521,-0.0137888,0.0257491,0.0357169,30.8393,20.7506,50.4727
1759345558438177536,-952.184,137.878,-1950.93,0.0098129,-0.818964,-0.364356,0.443222,1.01238,341.763,-79.2333,-0.0137884,0.0257496,0.0357159,30.8399,20.7517,50.4742
1759345558448177664,-952.174,141.297,-1951.72,0.00993493,-0.818708,-0.364159,0.443854,1.08191,342.033,-78.8145,-0.0137879,0.02575,0.0357148,30.8405,20.7528,50.4758
1759345558458177536,-952.163,144.719,-1952.51,0.00973478,-0.81838,-0.364697,0.444023,1.1517,342.304,-78.3956,-0.0137875,0.0257504,0.0357138,30.841,20.7539,50.4773
1759345558468177664,-952.151,148.144,-1953.29,0.00981286,-0.818229,-0.364634,0.44435,1.22071,342.574,-77.9763,-0.013787,0.0257508,0.0357128,30.8416,20.7551,50.4789
1759345558478177536,-952.138,151.571,-1954.07,0.00998987,-0.818028,-0.364562,0.444775,1.28973,342.843,-77.5567,-0.0137866,0.0257513,0.0357118,30.8422,20.7562,50.4804
1759345558488177664,-952.125,155.001,-1954.84,0.0101618,-0.817796,-0.364666,0.445112,1.35878,343.112,-77.1368,-0.0137861,0.0257517,0.0357108,30.8428,20.7573,50.482
1759345558498177536,-952.111,158.433,-1955.61,0.0103281,-0.817507,-0.364931,0.445421,1.42799,343.38,-76.7169,-0.0137857,0.0257521,0.0357098,30.8434,20.7585,50.4835
1759345558508177408,-952.097,161.868,-1956.37,0.0106529,-0.817301,-0.364966,0.445764,1.49664,343.648,-76.2967,-0.0137852,0.0257526,0.0357087,30.844,20.7596,50.4851
1759345558518177536,-952.081,165.306,-1957.13,0.0109735,-0.817125,-0.365047,0.446013,1.56368,343.918,-75.876,-0.0137848,0.025753,0.0357077,30.8445,20.7608,50.4866
1759345558528177408,-952.065,168.747,-1957.89,0.0113586,-0.816921,-0.365223,0.446232,1.63006,344.188,-75.4552,-0.0137844,0.0257534,0.0357067,30.8451,20.7619,50.4882
1759345558538177536,-952.049,172.19,-1958.64,0.0118462,-0.816729,-0.365356,0.446461,1.69569,344.458,-75.0343,-0.0137839,0.0257539,0.0357056,30.8457,20.7631,50.4898
1759345558548177408,-952.031,175.636,-1959.39,0.0122046,-0.816567,-0.365745,0.44643,1.76179,344.729,-74.614,-0.0137835,0.0257543,0.0357046,30.8463,20.7642,50.4913
1759345558558177536,-952.014,179.085,-1960.13,0.0129177,-0.816425,-0.365671,0.446731,1.82852,344.998,-74.1939,-0.013783,0.0257547,0.0357036,30.8469,20.7654,50.4929
1759345558568177408,-951.995,182.536,-1960.87,0.0134528,-0.816247,-0.365985,0.446782,1.89767,345.267,-73.7742,-0.0137826,0.0257551,0.0357026,30.8475,20.7665,50.4945
1759345558578177536,-951.976,185.99,-1961.61,0.0141281,-0.816096,-0.366143,0.446908,1.96736,345.535,-73.3544,-0.0137821,0.0257556,0.0357015,30.8481,20.7677,50.496
1759345558588177408,-951.956,189.447,-1962.34,0.0147184,-0.816001,-0.36638,0.446869,2.03813,345.804,-72.9346,-0.0137817,0.025756,0.0357005,30.8487,20.7689,50.4976
1759345558598177536,-951.935,192.907,-1963.07,0.0154115,-0.815876,-0.366538,0.446943,2.10871,346.075,-72.5141,-0.0137812,0.0257564,0.0356995,30.8493,20.77,50.4992
1759345558608177408,-951.913,196.369,-1963.79,0.0162695,-0.815743,-0.366513,0.447177,2.17974,346.346,-72.0935,-0.0137808,0.0257569,0.0356984,30.8499,20.7712,50.5007
1759345558618177536,-951.891,199.834,-1964.51,0.0169803,-0.815669,-0.366627,0.447191,2.25178,346.616,-71.6734,-0.0137804,0.0257573,0.0356974,30.8505,20.7724,50.5023
1759345558628177408,-951.868,203.301,-1965.22,0.0175865,-0.815607,-0.366949,0.447018,2.32496,346.885,-71.254,-0.0137799,0.0257577,0.0356964,30.8511,20.7736,50.5039
1759345558638177280,-951.845,206.772,-1965.93,0.0185068,-0.815479,-0.366853,0.447292,2.39842,347.154,-70.8346,-0.0137795,0.0257582,0.0356953,30.8517,20.7747,50.5055
1759345558648177408,-951.82,210.245,-1966.64,0.0191923,-0.815438,-0.367045,0.447181,2.47253,347.423,-70.4147,-0.013779,0.0257586,0.0356943,30.8523,20.7759,50.5071
1759345558658177280,-951.795,213.72,-1967.34,0.0198724,-0.815381,-0.367238,0.447097,2.54663,347.69,-69.9943,-0.0137786,0.025759,0.0356932,30.8529,20.7771,50.5087
1759345558668177408,-951.77,217.199,-1968.04,0.0207432,-0.815255,-0.367224,0.447299,2.62002,347.956,-69.5728,-0.0137781,0.0257595,0.0356922,30.8536,20.7783,50.5102
1759345558678177280,-951.743,220.679,-1968.73,0.0214606,-0.815212,-0.367365,0.447227,2.69399,348.221,-69.1502,-0.0137777,0.0257599,0.0356912,30.8542,20.7795,50.5118
1759345558688177408,-951.716,224.163,-1969.42,0.022454,-0.815131,-0.367184,0.447473,2.76842,348.483,-68.7268,-0.0137772,0.0257603,0.0356901,30.8548,20.7807,50.5134
1759345558698177280,-951.688,227.649,-1970.1,0.0231504,-0.814996,-0.367596,0.447347,2.84425,348.744,-68.3023,-0.0137768,0.0257608,0.0356891,30.8554,20.7819,50.515
1759345558708177408,-951.659,231.138,-1970.78,0.024062,-0.814939,-0.367631,0.447374,2.92135,349.004,-67.877,-0.0137763,0.0257612,0.035688,30.856,20.7831,50.5166
1759345558718177280,-951.629,234.63,-1971.46,0.0252041,-0.814909,-0.367281,0.447652,3,349.264,-67.4513,-0.0137759,0.0257616,0.035687,30.8567,20.7843,50.5182
1759345558728177408,-951.599,238.124,-1972.13,0.0261004,-0.814785,-0.367463,0.447677,3.08128,349.522,-67.0255,-0.0137754,0.025762,0.0356859,30.8573,20.7855,50.5198
1759345558738177280,-951.568,241.62,-1972.8,0.0269958,-0.814698,-0.367603,0.447667,3.16392,349.78,-66.5998,-0.0137749,0.0257625,0.0356849,30.8579,20.7868,50.5214
1759345558748177408,-951.536,245.119,-1973.46,0.0280152,-0.814616,-0.367581,0.447772,3.2489,350.037,-66.1744,-0.0137745,0.0257629,0.0356838,30.8585,20.788,50.523
1759345558758177280,-951.503,248.621,-1974.12,0.0288243,-0.814547,-0.367937,0.447554,3.33629,350.293,-65.7493,-0.013774,0.0257633,0.0356828,30.8592,20.7892,50.5246
1759345558768177152,-951.469,252.125,-1974.78,0.0298073,-0.814538,-0.367938,0.447505,3.42486,350.547,-65.3244,-0.0137736,0.0257638,0.0356817,30.8598,20.7904,50.5262
1759345558778177280,-951.434,255.632,-1975.43,0.0309866,-0.814467,-0.367737,0.447721,3.51493,350.8,-64.8999,-0.0137731,0.0257642,0.0356807,30.8604,20.7916,50.5278
1759345558788177152,-951.399,259.141,-1976.08,0.0318167,-0.814343,-0.368263,0.447455,3.6067,351.051,-64.4759,-0.0137726,0.0257646,0.0356796,30.8611,20.7929,50.5294
1759345558798177280,-951.362,262.653,-1976.72,0.033075,-0.814452,-0.367794,0.44755,3.6992,351.302,-64.0521,-0.0137722,0.0257651,0.0356785,30.8617,20.7941,50.531
1759345558808177152,-951.325,266.167,-1977.36,0.0341032,-0.814388,-0.367991,0.447427,3.79339,351.55,-63.6288,-0.0137717,0.0257655,0.0356775,30.8623,20.7954,50.5326
1759345558818177280,-951.286,269.684,-1977.99,0.0350706,-0.814388,-0.368212,0.44717,3.8886,351.798,-63.2057,-0.0137712,0.025766,0.0356764,30.863,20.7966,50.5342
1759345558828177152,-951.247,273.204,-1978.62,0.0362372,-0.814328,-0.368255,0.447152,3.98485,352.043,-62.783,-0.0137708,0.0257664,0.0356754,30.8636,20.7978,50.5358
1759345558838177280,-951.207,276.725,-1979.24,0.0374576,-0.814281,-0.368276,0.44712,4.08277,352.287,-62.3602,-0.0137703,0.0257668,0.0356743,30.8643,20.7991,50.5375
1759345558848177152,-951.166,280.249,-1979.87,0.0386942,-0.814309,-0.368259,0.446978,4.18216,352.529,-61.9372,-0.0137698,0.0257673,0.0356732,30.8649,20.8003,50.5391
1759345558858177280,-951.123,283.776,-1980.48,0.0397056,-0.81426,-0.368744,0.446578,4.2828,352.77,-61.5137,-0.0137694,0.0257677,0.0356722,30.8656,20.8016,50.5407
1759345558868177152,-951.08,287.305,-1981.1,0.0410193,-0.814173,-0.368848,0.446532,4.38461,353.008,-61.0901,-0.0137689,0.0257682,0.0356711,30.8662,20.8029,50.5423
1759345558878177280,-951.036,290.836,-1981.7,0.0423018,-0.814218,-0.368894,0.446292,4.48779,353.246,-60.6666,-0.0137684,0.0257686,0.03567,30.8669,20.8041,50.5439
1759345558888177152,-950.99,294.37,-1982.31,0.0436351,-0.814137,-0.369078,0.446159,4.59163,353.481,-60.2434,-0.013768,0.0257691,0.035669,30.8675,20.8054,50.5455
1759345558898177024,-950.944,297.906,-1982.91,0.0450317,-0.813981,-0.369273,0.446144,4.69634,353.715,-59.82,-0.0137675,0.0257695,0.0356679,30.8682,20.8067,50.5472
1759345558908177152,-950.897,301.444,-1983.5,0.0463321,-0.813955,-0.369537,0.445839,4.80164,353.948,-59.3967,-0.013767,0.02577,0.0356668,30.8689,20.8079,50.5488
1759345558918177024,-950.848,304.985,-1984.09,0.0475339,-0.81399,-0.36991,0.44534,4.90725,354.178,-58.9731,-0.0137666,0.0257704,0.0356657,30.8695,20.8092,50.5504
1759345558928177152,-950.799,308.528,-1984.68,0.0488898,-0.814038,-0.37003,0.445005,5.01297,354.406,-58.5492,-0.0137661,0.0257709,0.0356646,30.8702,20.8105,50.552
1759345558938177024,-950.748,312.073,-1985.27,0.0504132,-0.813927,-0.370112,0.444971,5.11894,354.632,-58.125,-0.0137656,0.0257713,0.0356636,30.8709,20.8118,50.5536
1759345558948177152,-950.696,315.621,-1985.84,0.0516005,-0.813901,-0.370638,0.444443,5.22537,354.857,-57.7003,-0.0137652,0.0257718,0.0356625,30.8715,20.8131,50.5553
1759345558958177024,-950.644,319.17,-1986.42,0.0529654,-0.813837,-0.370917,0.444168,5.33164,355.081,-57.2752,-0.0137647,0.0257722,0.0356614,30.8722,20.8144,50.5569
1759345558968177152,-950.59,322.722,-1986.99,0.0543489,-0.813749,-0.371172,0.443947,5.43805,355.304,-56.8493,-0.0137642,0.0257727,0.0356603,30.8729,20.8157,50.5585
1759345558978177024,-950.535,326.277,-1987.55,0.0558926,-0.81365,-0.371205,0.443911,5.54443,355.527,-56.423,-0.0137637,0.0257731,0.0356592,30.8735,20.817,50.5601
1759345558988177152,-950.479,329.833,-1988.12,0.0571634,-0.813672,-0.371516,0.443448,5.65163,355.749,-55.9966,-0.0137633,0.0257736,0.0356581,30.8742,20.8183,50.5618
1759345558998177024,-950.422,333.392,-1988.67,0.0584119,-0.813667,-0.37181,0.443047,5.75812,355.969,-55.5698,-0.0137628,0.025774,0.0356571,30.8749,20.8196,50.5634
1759345559008177152,-950.364,336.952,-1989.23,0.0597097,-0.813645,-0.371974,0.442778,5.86443,356.189,-55.1428,-0.0137623,0.0257745,0.035656,30.8756,20.8209,50.565
1759345559018177024,-950.305,340.515,-1989.78,0.0611044,-0.813616,-0.371951,0.44266,5.97069,356.407,-54.7159,-0.0137618,0.025775,0.0356549,30.8763,20.8222,50.5667
1759345559028176896,-950.245,344.081,-1990.32,0.0624622,-0.81346,-0.372124,0.442611,6.07773,356.623,-54.2887,-0.0137613,0.0257754,0.0356538,30.877,20.8235,50.5683
1759345559038177024,-950.184,347.648,-1990.86,0.0636249,-0.813465,-0.372354,0.442243,6.18562,356.839,-53.8608,-0.0137608,0.0257759,0.0356527,30.8777,20.8249,50.5699
1759345559048176896,-950.121,351.217,-1991.4,0.0647927,-0.813398,-0.372682,0.44192,6.29387,357.053,-53.4315,-0.0137604,0.0257763,0.0356516,30.8783,20.8262,50.5716
1759345559058177024,-950.058,354.789,-1991.93,0.0659612,-0.813335,-0.372985,0.441609,6.40294,357.267,-53.0008,-0.0137599,0.0257768,0.0356505,30.879,20.8275,50.5732
1759345559068176896,-949.993,358.363,-1992.46,0.0672434,-0.813275,-0.373067,0.441456,6.51257,357.48,-52.5695,-0.0137594,0.0257772,0.0356494,30.8797,20.8288,50.5748
1759345559078177024,-949.928,361.939,-1992.98,0.068401,-0.813209,-0.373272,0.441227,6.62374,357.692,-52.1381,-0.0137589,0.0257777,0.0356483,30.8804,20.8302,50.5765
1759345559088176896,-949.861,365.517,-1993.5,0.0695963,-0.813167,-0.373354,0.441047,6.73614,357.903,-51.7066,-0.0137584,0.0257782,0.0356472,30.8811,20.8315,50.5781
1759345559098177024,-949.793,369.097,-1994.01,0.0705696,-0.813228,-0.373545,0.440617,6.85045,358.113,-51.275,-0.0137579,0.0257786,0.0356461,30.8818,20.8329,50.5797
1759345559108176896,-949.724,372.679,-1994.52,0.0716082,-0.813174,-0.373686,0.44043,6.96703,358.323,-50.8433,-0.0137573,0.0257791,0.035645,30.8826,20.8342,50.5814
1759345559118177024,-949.654,376.263,-1995.03,0.0727969,-0.813243,-0.373304,0.440433,7.0855,358.532,-50.4113,-0.0137568,0.0257795,0.035644,30.8833,20.8356,50.583
1759345559128176896,-949.583,379.85,-1995.53,0.0736887,-0.813179,-0.373573,0.440173,7.20688,358.742,-49.9787,-0.0137563,0.02578,0.0356429,30.884,20.8369,50.5846
1759345559138177024,-949.51,383.438,-1996.03,0.0746385,-0.813065,-0.373866,0.439975,7.33071,358.95,-49.545,-0.0137558,0.0257804,0.0356418,30.8847,20.8383,50.5863
1759345559148176896,-949.436,387.029,-1996.52,0.0756668,-0.813003,-0.373968,0.439827,7.45576,359.158,-49.1109,-0.0137553,0.0257809,0.0356407,30.8854,20.8397,50.5879
1759345559158177024,-949.361,390.622,-1997.01,0.0766685,-0.812958,-0.374091,0.439634,7.58298,359.365,-48.6754,-0.0137547,0.0257813,0.0356396,30.8861,20.841,50.5896
1759345559168176896,-949.285,394.216,-1997.49,0.0776329,-0.812965,-0.374187,0.439369,7.71125,359.571,-48.2393,-0.0137542,0.0257818,0.0356385,30.8868,20.8424,50.5912
1759345559178176768,-949.207,397.813,-1997.97,0.0785609,-0.812912,-0.37451,0.439027,7.83989,359.776,-47.8027,-0.0137537,0.0257823,0.0356374,30.8876,20.8438,50.5928
1759345559188176896,-949.128,401.412,-1998.45,0.0797037,-0.812847,-0.3745,0.43895,7.96722,359.979,-47.3663,-0.0137531,0.0257827,0.0356363,30.8883,20.8452,50.5945
1759345559198176768,-949.048,405.013,-1998.92,0.0807408,-0.812746,-0.374747,0.438736,8.09383,360.179,-46.9303,-0.0137526,0.0257832,0.0356352,30.889,20.8465,50.5961
1759345559208176896,-948.966,408.615,-1999.39,0.0817143,-0.812646,-0.375127,0.438417,8.2181,360.378,-46.4954,-0.0137521,0.0257836,0.0356341,30.8898,20.8479,50.5978
1759345559218176768,-948.884,412.22,-1999.85,0.0827243,-0.812498,-0.375454,0.438221,8.3399,360.573,-46.0613,-0.0137515,0.0257841,0.035633,30.8905,20.8493,50.5994
1759345559228176896,-948.8,415.827,-2000.31,0.0836259,-0.812367,-0.375877,0.43793,8.46105,360.767,-45.6275,-0.013751,0.0257846,0.0356319,30.8912,20.8507,50.6011
1759345559238176768,-948.714,419.436,-2000.76,0.0844076,-0.812187,-0.376479,0.437596,8.58032,360.959,-45.1942,-0.0137505,0.025785,0.0356308,30.892,20.8521,50.6027
1759345559248176896,-948.628,423.046,-2001.21,0.0853623,-0.812011,-0.37668,0.437567,8.69845,361.15,-44.761,-0.0137499,0.0257855,0.0356297,30.8927,20.8535,50.6043
1759345559258176768,-948.541,426.659,-2001.66,0.0861485,-0.811867,-0.377083,0.437332,8.8159,361.339,-44.3279,-0.0137494,0.0257859,0.0356286,30.8934,20.8549,50.606
1759345559268176896,-948.452,430.273,-2002.1,0.0869082,-0.811623,-0.377592,0.437195,8.93273,361.528,-43.8945,-0.0137489,0.0257864,0.0356275,30.8942,20.8563,50.6076
1759345559278176768,-948.362,433.889,-2002.53,0.0876206,-0.811473,-0.378032,0.436951,9.04943,361.715,-43.4606,-0.0137483,0.0257869,0.0356264,30.8949,20.8577,50.6093
1759345559288176896,-948.271,437.507,-2002.97,0.0883542,-0.811247,-0.378531,0.43679,9.16621,361.903,-43.026,-0.0137478,0.0257873,0.0356253,30.8957,20.8592,50.6109
1759345559298176768,-948.179,441.127,-2003.39,0.088928,-0.81107,-0.379181,0.436439,9.28293,362.09,-42.591,-0.0137472,0.0257878,0.0356242,30.8964,20.8606,50.6126
1759345559308176640,-948.086,444.749,-2003.82,0.0896675,-0.810874,-0.379529,0.436349,9.39928,362.276,-42.1555,-0.0137467,0.0257883,0.0356231,30.8972,20.862,50.6142
1759345559318176768,-947.991,448.373,-2004.24,0.090279,-0.810729,-0.380014,0.436071,9.51582,362.462,-41.7204,-0.0137462,0.0257887,0.035622,30.898,20.8634,50.6159
1759345559328176640,-947.895,451.998,-2004.65,0.0910137,-0.810642,-0.380214,0.435905,9.63221,362.647,-41.2854,-0.0137456,0.0257892,0.0356209,30.8987,20.8649,50.6175
1759345559338176768,-947.799,455.626,-2005.06,0.0915733,-0.810406,-0.380906,0.435623,9.74874,362.831,-40.851,-0.0137451,0.0257897,0.0356198,30.8995,20.8663,50.6192
1759345559348176640,-947.701,459.255,-2005.47,0.0923445,-0.810249,-0.381061,0.435617,9.86446,363.015,-40.4165,-0.0137445,0.0257902,0.0356186,30.9002,20.8677,50.6208
1759345559358176768,-947.601,462.886,-2005.87,0.0929151,-0.810179,-0.381447,0.435287,9.98011,363.198,-39.9819,-0.013744,0.0257906,0.0356175,30.901,20.8692,50.6225
1759345559368176640,-947.501,466.519,-2006.27,0.0935924,-0.809963,-0.38188,0.435165,10.0949,363.38,-39.5467,-0.0137435,0.0257911,0.0356164,30.9018,20.8706,50.6241
1759345559378176768,-947.4,470.154,-2006.66,0.0941861,-0.809784,-0.382363,0.434945,10.2105,363.56,-39.1117,-0.0137429,0.0257916,0.0356153,30.9026,20.8721,50.6258
1759345559388176640,-947.297,473.79,-2007.05,0.0947942,-0.80965,-0.382774,0.434701,10.3265,363.739,-38.6767,-0.0137424,0.0257921,0.0356142,30.9033,20.8735,50.6274
1759345559398176768,-947.193,477.428,-2007.43,0.0953687,-0.809452,-0.383326,0.434458,10.4436,363.916,-38.2418,-0.0137418,0.0257925,0.0356131,30.9041,20.875,50.6291
1759345559408176640,-947.088,481.068,-2007.81,0.0960267,-0.809448,-0.383419,0.434237,10.5616,364.091,-37.8067,-0.0137413,0.025793,0.035612,30.9049,20.8764,50.6307
1759345559418176768,-946.982,484.71,-2008.19,0.0966067,-0.809305,-0.383891,0.433959,10.681,364.265,-37.3713,-0.0137407,0.0257935,0.0356109,30.9057,20.8779,50.6324
1759345559428176640,-946.875,488.354,-2008.56,0.0972571,-0.809188,-0.384303,0.433667,10.8017,364.439,-36.9356,-0.0137402,0.025794,0.0356097,30.9065,20.8794,50.6341
1759345559438176512,-946.766,491.999,-2008.92,0.0979604,-0.809095,-0.384665,0.433362,10.9233,364.612,-36.4997,-0.0137396,0.0257944,0.0356086,30.9072,20.8808,50.6357
1759345559448176640,-946.657,495.646,-2009.29,0.0986268,-0.809029,-0.385066,0.432977,11.0463,364.784,-36.0636,-0.013739,0.0257949,0.0356075,30.908,20.8823,50.6374
1759345559458176512,-946.546,499.295,-2009.65,0.0993695,-0.808965,-0.385392,0.432637,11.1703,364.957,-35.6279,-0.0137385,0.0257954,0.0356064,30.9088,20.8838,50.639
1759345559468176640,-946.433,502.945,-2010,0.100212,-0.808887,-0.385624,0.432382,11.2947,365.128,-35.1923,-0.0137379,0.0257959,0.0356053,30.9096,20.8853,50.6407
1759345559478176512,-946.32,506.597,-2010.35,0.100902,-0.808834,-0.386133,0.431864,11.4201,365.299,-34.7564,-0.0137373,0.0257964,0.0356042,30.9104,20.8868,50.6423
1759345559488176640,-946.205,510.251,-2010.69,0.101704,-0.808817,-0.386432,0.431442,11.5453,365.469,-34.3203,-0.0137368,0.0257969,0.0356031,30.9112,20.8882,50.644
1759345559498176512,-946.089,513.907,-2011.03,0.102415,-0.808876,-0.386809,0.430823,11.6701,365.638,-33.8834,-0.0137362,0.0257974,0.035602,30.912,20.8897,50.6457
1759345559508176640,-945.972,517.564,-2011.37,0.10334,-0.80875,-0.387152,0.430532,11.7936,365.806,-33.4464,-0.0137356,0.0257978,0.0356008,30.9128,20.8912,50.6473
1759345559518176512,-945.853,521.223,-2011.7,0.104241,-0.808642,-0.38757,0.430141,11.9165,365.972,-33.0094,-0.0137351,0.0257983,0.0355997,30.9136,20.8927,50.649
1759345559528176640,-945.734,524.883,-2012.03,0.105107,-0.808646,-0.387924,0.429604,12.0386,366.136,-32.5727,-0.0137345,0.0257988,0.0355986,30.9144,20.8942,50.6507
1759345559538176512,-945.613,528.545,-2012.35,0.105989,-0.808549,-0.388374,0.429163,12.1595,366.298,-32.1357,-0.0137339,0.0257993,0.0355975,30.9152,20.8957,50.6523
1759345559548176640,-945.49,532.209,-2012.67,0.106876,-0.808483,-0.388815,0.428668,12.2797,366.459,-31.6984,-0.0137333,0.0257998,0.0355964,30.916,20.8973,50.654
1759345559558176512,-945.367,535.875,-2012.99,0.107709,-0.808487,-0.389218,0.428084,12.3986,366.619,-31.2606,-0.0137328,0.0258003,0.0355953,30.9169,20.8988,50.6556
1759345559568176384,-945.243,539.541,-2013.3,0.108637,-0.808365,-0.389671,0.427669,12.5163,366.779,-30.8224,-0.0137322,0.0258008,0.0355941,30.9177,20.9003,50.6573
1759345559578176512,-945.117,543.21,-2013.6,0.109472,-0.808382,-0.390108,0.427025,12.633,366.937,-30.3842,-0.0137316,0.0258013,0.035593,30.9185,20.9018,50.659
1759345559588176384,-944.99,546.88,-2013.9,0.110426,-0.808269,-0.390524,0.426612,12.7482,367.094,-29.9456,-0.013731,0.0258018,0.0355919,30.9193,20.9033,50.6606
1759345559598176512,-944.862,550.552,-2014.2,0.111161,-0.808158,-0.39135,0.425874,12.8623,367.25,-29.5068,-0.0137305,0.0258023,0.0355908,30.9201,20.9048,50.6623
1759345559608176384,-944.733,554.225,-2014.49,0.112107,-0.808202,-0.391651,0.425267,12.9744,367.405,-29.0677,-0.0137299,0.0258028,0.0355896,30.921,20.9064,50.664
1759345559618176512,-944.603,557.9,-2014.78,0.113206,-0.808162,-0.391835,0.42488,13.0851,367.558,-28.6277,-0.0137293,0.0258033,0.0355885,30.9218,20.9079,50.6657
1759345559628176384,-944.471,561.576,-2015.06,0.114124,-0.80813,-0.392375,0.424198,13.1949,367.71,-28.1871,-0.0137287,0.0258038,0.0355874,30.9226,20.9094,50.6673
1759345559638176512,-944.339,565.254,-2015.34,0.115119,-0.80811,-0.392864,0.423513,13.3033,367.859,-27.7453,-0.0137281,0.0258043,0.0355863,30.9235,20.911,50.669
1759345559648176384,-944.205,568.933,-2015.62,0.116199,-0.808037,-0.393364,0.422892,13.4105,368.006,-27.3024,-0.0137276,0.0258048,0.0355851,30.9243,20.9125,50.6707
1759345559658176512,-944.071,572.614,-2015.89,0.117306,-0.807951,-0.393943,0.422212,13.5166,368.152,-26.8581,-0.013727,0.0258053,0.035584,30.9251,20.9141,50.6723
1759345559668176384,-943.935,576.296,-2016.16,0.118541,-0.808118,-0.394017,0.421479,13.6214,368.294,-26.4129,-0.0137264,0.0258058,0.0355828,30.926,20.9156,50.674
1759345559678176512,-943.798,579.98,-2016.42,0.119721,-0.80797,-0.394756,0.420737,13.7251,368.435,-25.9673,-0.0137258,0.0258063,0.0355817,30.9268,20.9172,50.6757
1759345559688176384,-943.66,583.665,-2016.67,0.121094,-0.808024,-0.395021,0.419991,13.8275,368.574,-25.5215,-0.0137252,0.0258068,0.0355806,30.9276,20.9187,50.6774
1759345559698176256,-943.522,587.351,-2016.93,0.122359,-0.80789,-0.395736,0.419208,13.9287,368.71,-25.0757,-0.0137246,0.0258073,0.0355794,30.9285,20.9203,50.6791
1759345559708176384,-943.382,591.039,-2017.18,0.123677,-0.807913,-0.396186,0.41835,14.0289,368.845,-24.6296,-0.013724,0.0258077,0.0355783,30.9293,20.9218,50.6807
1759345559718176256,-943.241,594.728,-2017.42,0.124941,-0.808029,-0.396612,0.417346,14.128,368.977,-24.1835,-0.0137235,0.0258082,0.0355771,30.9302,20.9234,50.6824
1759345559728176384,-943.099,598.419,-2017.66,0.126238,-0.808055,-0.397069,0.416471,14.2258,369.108,-23.7371,-0.0137229,0.0258087,0.035576,30.931,20.9249,50.6841
1759345559738176256,-942.956,602.11,-2017.89,0.127556,-0.808095,-0.397434,0.415642,14.3225,369.237,-23.2901,-0.0137223,0.0258092,0.0355748,30.9319,20.9265,50.6858
1759345559748176384,-942.813,605.803,-2018.12,0.128765,-0.808134,-0.398019,0.414632,14.4186,369.365,-22.8426,-0.0137217,0.0258097,0.0355737,30.9327,20.9281,50.6875
1759345559758176256,-942.668,609.498,-2018.35,0.130096,-0.808266,-0.398322,0.413667,14.514,369.491,-22.3947,-0.0137211,0.0258102,0.0355725,30.9336,20.9296,50.6892
1759345559768176384,-942.522,613.193,-2018.57,0.131481,-0.808341,-0.398703,0.412715,14.6095,369.615,-21.9463,-0.0137205,0.0258107,0.0355713,30.9344,20.9312,50.6909
1759345559778176256,-942.376,616.89,-2018.79,0.132924,-0.808515,-0.398976,0.411647,14.7051,369.737,-21.4975,-0.0137199,0.0258112,0.0355702,30.9353,20.9328,50.6926
1759345559788176384,-942.228,620.588,-2019,0.134285,-0.808525,-0.399657,0.410523,14.8002,369.857,-21.0483,-0.0137193,0.0258117,0.035569,30.9361,20.9343,50.6943
1759345559798176256,-942.08,624.287,-2019.21,0.135827,-0.808624,-0.400057,0.409429,14.8951,369.976,-20.5992,-0.0137187,0.0258122,0.0355679,30.937,20.9359,50.696
1759345559808176384,-941.93,627.987,-2019.41,0.137451,-0.809036,-0.400004,0.408123,14.9895,370.092,-20.15,-0.0137181,0.0258127,0.0355667,30.9378,20.9375,50.6977
1759345559818176256,-941.78,631.689,-2019.61,0.139003,-0.809066,-0.400587,0.406966,15.0831,370.207,-19.7009,-0.0137175,0.0258132,0.0355655,30.9387,20.9391,50.6994
1759345559828176384,-941.629,635.391,-2019.8,0.140537,-0.809218,-0.401061,0.405668,15.1758,370.32,-19.2521,-0.0137168,0.0258137,0.0355644,30.9396,20.9407,50.7011
1759345559838176256,-941.476,639.095,-2019.99,0.142188,-0.80939,-0.401381,0.404431,15.2668,370.431,-18.8029,-0.0137162,0.0258143,0.0355632,30.9404,20.9423,50.7028
1759345559848176128,-941.323,642.8,-2020.18,0.143798,-0.809586,-0.401788,0.403061,15.3556,370.542,-18.3529,-0.0137156,0.0258148,0.035562,30.9413,20.9438,50.7045
1759345559858176256,-941.169,646.506,-2020.36,0.145466,-0.80972,-0.402252,0.401729,15.4423,370.652,-17.9019,-0.013715,0.0258153,0.0355609,30.9422,20.9454,50.7062
1759345559868176128,-941.014,650.213,-2020.54,0.147199,-0.809892,-0.402602,0.400398,15.5276,370.759,-17.4501,-0.0137144,0.0258158,0.0355597,30.943,20.947,50.7079
1759345559878176256,-940.859,653.921,-2020.71,0.148953,-0.810254,-0.402713,0.398903,15.6119,370.866,-16.9975,-0.0137138,0.0258163,0.0355585,30.9439,20.9486,50.7096
1759345559888176128,-940.702,657.63,-2020.88,0.150742,-0.810505,-0.402973,0.397456,15.6955,370.969,-16.5443,-0.0137132,0.0258168,0.0355573,30.9448,20.9502,50.7113
1759345559898176256,-940.545,661.34,-2021.04,0.152526,-0.810691,-0.40337,0.395991,15.7795,371.07,-16.0912,-0.0137125,0.0258173,0.0355562,30.9456,20.9518,50.713
1759345559908176128,-940.386,665.051,-2021.2,0.154328,-0.810883,-0.403801,0.394457,15.8639,371.166,-15.6382,-0.0137119,0.0258178,0.035555,30.9465,20.9534,50.7147
1759345559918176256,-940.227,668.763,-2021.35,0.156249,-0.81108,-0.404107,0.392979,15.9483,371.259,-15.1849,-0.0137113,0.0258183,0.0355538,30.9474,20.955,50.7165
1759345559928176128,-940.067,672.476,-2021.5,0.158223,-0.811298,-0.404402,0.391433,16.0329,371.349,-14.7306,-0.0137106,0.0258189,0.0355526,30.9482,20.9566,50.7182
1759345559938176256,-939.906,676.19,-2021.65,0.160258,-0.811459,-0.404819,0.389838,16.1155,371.437,-14.275,-0.01371,0.0258194,0.0355514,30.9491,20.9582,50.7199
1759345559948176128,-939.745,679.905,-2021.79,0.162367,-0.811654,-0.405155,0.388206,16.1968,371.522,-13.8186,-0.0137094,0.0258199,0.0355502,30.95,20.9598,50.7216
1759345559958176256,-939.582,683.621,-2021.92,0.164445,-0.811806,-0.405652,0.386491,16.2763,371.605,-13.3612,-0.0137088,0.0258204,0.035549,30.9509,20.9614,50.7234
1759345559968176128,-939.419,687.337,-2022.05,0.166662,-0.812045,-0.405856,0.384822,16.3542,371.686,-12.9033,-0.0137081,0.0258209,0.0355478,30.9517,20.963,50.7251
1759345559978176000,-939.255,691.054,-2022.18,0.168833,-0.812276,-0.40612,0.383105,16.4305,371.763,-12.4458,-0.0137075,0.0258214,0.0355466,30.9526,20.9646,50.7268
1759345559988176128,-939.091,694.772,-2022.3,0.171005,-0.812441,-0.406496,0.38139,16.5061,371.838,-11.9886,-0.0137068,0.0258219,0.0355454,30.9535,20.9663,50.7286
1759345559998176000,-938.925,698.491,-2022.42,0.1732,-0.812634,-0.40684,0.379618,16.5811,371.91,-11.5313,-0.0137062,0.0258225,0.0355442,30.9544,20.9679,50.7303
1759345560008176128,-938.759,702.21,-2022.53,0.17541,-0.812721,-0.407339,0.377877,16.6554,371.978,-11.0728,-0.0137055,0.025823,0.035543,30.9552,20.9695,50.732
1759345560018176000,-938.592,705.93,-2022.64,0.177658,-0.812832,-0.407791,0.376095,16.7298,372.042,-10.6136,-0.0137049,0.0258235,0.0355417,30.9561,20.9711,50.7338
1759345560028176128,-938.424,709.651,-2022.74,0.18001,-0.81294,-0.408241,0.374251,16.8038,372.102,-10.1541,-0.0137043,0.025824,0.0355405,30.957,20.9727,50.7355
1759345560038176000,-938.256,713.372,-2022.84,0.182432,-0.81302,-0.408749,0.372345,16.8779,372.159,-9.69371,-0.0137036,0.0258245,0.0355393,30.9579,20.9743,50.7373
1759345560048176128,-938.087,717.094,-2022.94,0.184917,-0.813097,-0.409248,0.3704,16.9519,372.212,-9.23301,-0.013703,0.025825,0.035538,30.9588,20.976,50.739
1759345560058176000,-937.917,720.816,-2023.03,0.187473,-0.813163,-0.409727,0.368435,17.0262,372.262,-8.77234,-0.0137023,0.0258255,0.0355368,30.9596,20.9776,50.7408
1759345560068176128,-937.746,724.539,-2023.11,0.190039,-0.813193,-0.410274,0.36644,17.1005,372.309,-8.31165,-0.0137016,0.0258261,0.0355356,30.9605,20.9792,50.7425
1759345560078176000,-937.574,728.262,-2023.19,0.192619,-0.813228,-0.410808,0.36441,17.1742,372.353,-7.85101,-0.013701,0.0258266,0.0355343,30.9614,20.9808,50.7443
1759345560088176128,-937.402,731.986,-2023.27,0.195229,-0.813244,-0.411358,0.362359,17.2464,372.393,-7.3906,-0.0137003,0.0258271,0.0355331,30.9623,20.9825,50.746
1759345560098176000,-937.229,735.71,-2023.34,0.197853,-0.813219,-0.411967,0.360293,17.3164,372.428,-6.93093,-0.0136997,0.0258276,0.0355318,30.9632,20.9841,50.7478
1759345560108175872,-937.056,739.434,-2023.41,0.200499,-0.813179,-0.41259,0.358203,17.3849,372.459,-6.47169,-0.013699,0.0258281,0.0355305,30.9641,20.9857,50.7495
1759345560118176000,-936.882,743.159,-2023.47,0.203136,-0.813054,-0.413341,0.356128,17.4512,372.485,-6.01399,-0.0136984,0.0258286,0.0355292,30.965,20.9874,50.7513
1759345560128175872,-936.707,746.884,-2023.53,0.205797,-0.813028,-0.41395,0.353947,17.5155,372.506,-5.55768,-0.0136977,0.0258292,0.035528,30.9658,20.989,50.753
1759345560138176000,-936.531,750.609,-2023.58,0.208461,-0.81291,-0.414683,0.351796,17.5776,372.522,-5.10403,-0.0136971,0.0258297,0.0355267,30.9667,20.9906,50.7548
1759345560148175872,-936.355,754.334,-2023.63,0.211113,-0.812782,-0.41541,0.349644,17.6386,372.534,-4.6525,-0.0136964,0.0258302,0.0355254,30.9676,20.9923,50.7566
1759345560158176000,-936.178,758.059,-2023.67,0.213737,-0.812637,-0.416168,0.347478,17.6986,372.541,-4.20249,-0.0136958,0.0258307,0.0355241,30.9685,20.9939,50.7583
1759345560168175872,-936.001,761.785,-2023.71,0.216338,-0.812462,-0.416945,0.345341,17.7584,372.544,-3.75415,-0.0136951,0.0258312,0.0355228,30.9694,20.9955,50.7601
1759345560178176000,-935.823,765.51,-2023.75,0.218915,-0.812262,-0.417725,0.343237,17.8178,372.542,-3.30635,-0.0136945,0.0258318,0.0355215,30.9703,20.9972,50.7619
1759345560188175872,-935.645,769.235,-2023.78,0.221464,-0.811942,-0.418662,0.341212,17.8765,372.537,-2.85904,-0.0136938,0.0258323,0.0355202,30.9712,20.9988,50.7637
1759345560198176000,-935.466,772.96,-2023.8,0.223973,-0.811864,-0.419262,0.339015,17.935,372.528,-2.41203,-0.0136931,0.0258328,0.0355188,30.9721,21.0005,50.7654
1759345560208175872,-935.286,776.685,-2023.82,0.226455,-0.811683,-0.419986,0.336898,17.9928,372.515,-1.96534,-0.0136925,0.0258333,0.0355175,30.973,21.0021,50.7672
1759345560218176000,-935.106,780.41,-2023.84,0.228932,-0.811476,-0.420709,0.334815,18.0499,372.499,-1.51893,-0.0136918,0.0258338,0.0355162,30.9739,21.0037,50.769
1759345560228175872,-934.925,784.135,-2023.85,0.231395,-0.811253,-0.421437,0.332741,18.106,372.478,-1.07332,-0.0136912,0.0258344,0.0355149,30.9748,21.0054,50.7708
1759345560238175744,-934.744,787.86,-2023.86,0.233827,-0.811023,-0.42216,0.330677,18.1612,372.453,-0.628456,-0.0136905,0.0258349,0.0355135,30.9757,21.007,50.7725
1759345560248175872,-934.562,791.584,-2023.87,0.236244,-0.810793,-0.422853,0.328633,18.2151,372.423,-0.184448,-0.0136899,0.0258354,0.0355122,30.9766,21.0087,50.7743
1759345560258175744,-934.379,795.308,-2023.86,0.238604,-0.81054,-0.423567,0.326625,18.2674,372.39,0.258526,-0.0136892,0.0258359,0.0355108,30.9775,21.0103,50.7761
1759345560268175872,-934.196,799.032,-2023.86,0.240918,-0.810295,-0.424251,0.324641,18.3185,372.352,0.700652,-0.0136886,0.0258365,0.0355094,30.9783,21.012,50.7779
1759345560278175744,-934.013,802.755,-2023.85,0.243178,-0.810035,-0.424951,0.322682,18.368,372.311,1.14173,-0.0136879,0.025837,0.0355081,30.9792,21.0136,50.7797
1759345560288175872,-933.829,806.477,-2023.84,0.245408,-0.809699,-0.425731,0.320804,18.416,372.266,1.58185,-0.0136873,0.0258375,0.0355067,30.9801,21.0153,50.7815
1759345560298175744,-933.644,810.2,-2023.82,0.247579,-0.809368,-0.426494,0.318954,18.4622,372.217,2.02074,-0.0136866,0.025838,0.0355053,30.981,21.0169,50.7833
1759345560308175872,-933.46,813.922,-2023.8,0.249657,-0.809147,-0.427097,0.317081,18.5073,372.165,2.4591,-0.013686,0.0258386,0.035504,30.9819,21.0186,50.7851
1759345560318175744,-933.274,817.643,-2023.77,0.251665,-0.808941,-0.4277,0.315201,18.5511,372.109,2.89707,-0.0136853,0.0258391,0.0355026,30.9828,21.0202,50.7868
1759345560328175872,-933.088,821.363,-2023.74,0.253631,-0.808766,-0.428213,0.313374,18.5942,372.052,3.33527,-0.0136847,0.0258396,0.0355012,30.9837,21.0219,50.7886
1759345560338175744,-932.902,825.084,-2023.7,0.255517,-0.808562,-0.428785,0.311581,18.6365,371.992,3.77355,-0.013684,0.0258401,0.0354998,30.9846,21.0236,50.7904
1759345560348175872,-932.716,828.803,-2023.66,0.25736,-0.808342,-0.429338,0.309868,18.6779,371.93,4.21162,-0.0136833,0.0258407,0.0354984,30.9856,21.0252,50.7922
1759345560358175744,-932.529,832.522,-2023.62,0.259146,-0.808113,-0.429886,0.308212,18.7185,371.866,4.64955,-0.0136827,0.0258412,0.035497,30.9865,21.0269,50.794
1759345560368175872,-932.341,836.24,-2023.57,0.260836,-0.807845,-0.430494,0.306638,18.7584,371.8,5.08722,-0.013682,0.0258417,0.0354956,30.9874,21.0285,50.7958
1759345560378175744,-932.154,839.958,-2023.51,0.262418,-0.807668,-0.430971,0.305079,18.7972,371.732,5.52475,-0.0136813,0.0258423,0.0354942,30.9883,21.0302,50.7976
1759345560388175616,-931.965,843.674,-2023.46,0.263896,-0.807539,-0.431367,0.30358,18.8348,371.663,5.9618,-0.0136807,0.0258428,0.0354928,30.9892,21.0319,50.7994
1759345560398175744,-931.777,847.391,-2023.39,0.265245,-0.807419,-0.431771,0.302149,18.8713,371.593,6.39849,-0.01368,0.0258433,0.0354914,30.9901,21.0335,50.8012
1759345560408175616,-931.588,851.106,-2023.33,0.266494,-0.807308,-0.432176,0.300762,18.9073,371.521,6.83541,-0.0136793,0.0258439,0.03549,30.991,21.0352,50.8031
1759345560418175744,-931.399,854.821,-2023.26,0.267673,-0.807223,-0.432522,0.299445,18.9432,371.448,7.27278,-0.0136786,0.0258444,0.0354886,30.9919,21.0369,50.8049
1759345560428175616,-931.209,858.535,-2023.18,0.268781,-0.807142,-0.432847,0.298198,18.9786,371.373,7.71032,-0.013678,0.0258449,0.0354872,30.9928,21.0385,50.8067
1759345560438175744,-931.019,862.248,-2023.1,0.269818,-0.806978,-0.433304,0.297038,19.0141,371.296,8.14811,-0.0136773,0.0258454,0.0354858,30.9937,21.0402,50.8085
1759345560448175616,-930.829,865.96,-2023.02,0.27081,-0.807039,-0.433441,0.29577,19.0496,371.217,8.58606,-0.0136766,0.025846,0.0354844,30.9946,21.0419,50.8103
1759345560458175744,-930.638,869.672,-2022.93,0.271778,-0.806903,-0.433814,0.294703,19.085,371.136,9.02456,-0.0136759,0.0258465,0.0354829,30.9955,21.0435,50.8121
1759345560468175616,-930.447,873.383,-2022.84,0.272667,-0.806834,-0.434094,0.293655,19.1197,371.053,9.4631,-0.0136752,0.025847,0.0354815,30.9964,21.0452,50.8139
1759345560478175744,-930.255,877.093,-2022.74,0.273494,-0.806829,-0.434295,0.292603,19.1536,370.969,9.90156,-0.0136745,0.0258476,0.0354801,30.9973,21.0469,50.8157
1759345560488175616,-930.064,880.802,-2022.64,0.274251,-0.806679,-0.434698,0.291706,19.1865,370.884,10.3395,-0.0136738,0.0258481,0.0354787,30.9983,21.0485,50.8176
1759345560498175744,-929.872,884.51,-2022.53,0.274921,-0.806606,-0.434995,0.290835,19.2183,370.797,10.777,-0.0136731,0.0258486,0.0354773,30.9992,21.0502,50.8194
1759345560508175616,-929.679,888.217,-2022.42,0.275494,-0.806548,-0.435276,0.29003,19.2491,370.708,11.2143,-0.0136724,0.0258492,0.0354759,31.0001,21.0519,50.8212
1759345560518175488,-929.487,891.924,-2022.31,0.276054,-0.806472,-0.435574,0.289261,19.2789,370.619,11.6517,-0.0136717,0.0258497,0.0354744,31.001,21.0536,50.823
1759345560528175616,-929.294,895.63,-2022.19,0.276539,-0.80639,-0.435908,0.288523,19.3079,370.528,12.0892,-0.013671,0.0258503,0.035473,31.0019,21.0552,50.8248
1759345560538175488,-929.1,899.334,-2022.07,0.276995,-0.806299,-0.436241,0.287837,19.3361,370.435,12.5275,-0.0136703,0.0258508,0.0354716,31.0028,21.0569,50.8267
1759345560548175616,-928.907,903.038,-2021.94,0.27743,-0.806204,-0.436576,0.287175,19.3634,370.341,12.9665,-0.0136696,0.0258513,0.0354702,31.0037,21.0586,50.8285
1759345560558175488,-928.713,906.741,-2021.81,0.277832,-0.806084,-0.436971,0.28652,19.3897,370.245,13.4059,-0.0136689,0.0258519,0.0354687,31.0046,21.0603,50.8303
1759345560568175616,-928.519,910.443,-2021.67,0.278245,-0.805896,-0.437432,0.285944,19.4151,370.148,13.8455,-0.0136682,0.0258524,0.0354673,31.0056,21.062,50.8322
1759345560578175488,-928.325,914.143,-2021.53,0.278641,-0.805752,-0.437831,0.285354,19.4395,370.05,14.2849,-0.0136675,0.0258529,0.0354659,31.0065,21.0636,50.834
1759345560588175616,-928.13,917.843,-2021.38,0.279018,-0.8056,-0.438247,0.284774,19.463,369.95,14.724,-0.0136668,0.0258535,0.0354644,31.0074,21.0653,50.8358
1759345560598175488,-927.935,921.542,-2021.23,0.279385,-0.805431,-0.438705,0.284189,19.4852,369.85,15.163,-0.0136661,0.025854,0.035463,31.0083,21.067,50.8377
1759345560608175616,-927.74,925.24,-2021.08,0.27976,-0.80532,-0.439058,0.283589,19.5068,369.749,15.6018,-0.0136654,0.0258545,0.0354615,31.0092,21.0687,50.8395
1759345560618175488,-927.545,928.937,-2020.92,0.280054,-0.805046,-0.439694,0.28309,19.5274,369.648,16.0407,-0.0136647,0.0258551,0.0354601,31.0101,21.0704,50.8413
1759345560628175616,-927.35,932.633,-2020.76,0.280365,-0.804885,-0.440152,0.282527,19.5473,369.547,16.48,-0.013664,0.0258556,0.0354587,31.011,21.072,50.8432
1759345560638175488,-927.154,936.327,-2020.59,0.280679,-0.804791,-0.44052,0.28191,19.5663,369.445,16.9198,-0.0136633,0.0258562,0.0354572,31.012,21.0737,50.845
1759345560648175360,-926.958,940.021,-2020.42,0.280942,-0.804517,-0.441148,0.281446,19.5838,369.344,17.3611,-0.0136626,0.0258567,0.0354558,31.0129,21.0754,50.8469
1759345560658175488,-926.762,943.714,-2020.24,0.281214,-0.804296,-0.441702,0.280939,19.6003,369.243,17.8032,-0.0136619,0.0258573,0.0354543,31.0138,21.0771,50.8487
1759345560668175360,-926.566,947.406,-2020.06,0.281508,-0.804072,-0.442267,0.280394,19.6161,369.141,18.2455,-0.0136612,0.0258578,0.0354529,31.0147,21.0788,50.8506
1759345560678175488,-926.37,951.097,-2019.88,0.28182,-0.803836,-0.442833,0.279865,19.6322,369.037,18.686,-0.0136605,0.0258583,0.0354514,31.0156,21.0805,50.8524
1759345560688175360,-926.173,954.786,-2019.69,0.282172,-0.80357,-0.443455,0.27929,19.6481,368.932,19.126,-0.0136598,0.0258589,0.03545,31.0165,21.0821,50.8543
1759345560698175488,-925.977,958.475,-2019.5,0.282561,-0.803291,-0.44408,0.278705,19.6651,368.825,19.564,-0.0136591,0.0258594,0.0354485,31.0174,21.0838,50.8561
1759345560708175360,-925.78,962.162,-2019.3,0.283002,-0.802977,-0.444745,0.278101,19.6817,368.717,20.0011,-0.0136584,0.02586,0.0354471,31.0184,21.0855,50.858
1759345560718175488,-925.583,965.849,-2019.1,0.283534,-0.802682,-0.44536,0.277427,19.6979,368.608,20.4373,-0.0136577,0.0258605,0.0354456,31.0193,21.0872,50.8598
1759345560728175360,-925.386,969.534,-2018.89,0.284111,-0.802274,-0.446144,0.276753,19.713,368.498,20.8724,-0.013657,0.0258611,0.0354441,31.0202,21.0889,50.8617
1759345560738175488,-925.189,973.219,-2018.68,0.284747,-0.801855,-0.446929,0.276047,19.7277,368.387,21.3064,-0.0136563,0.0258617,0.0354427,31.0211,21.0906,50.8636
1759345560748175360,-924.991,976.902,-2018.46,0.285473,-0.801491,-0.447592,0.275279,19.742,368.274,21.7393,-0.0136556,0.0258622,0.0354412,31.022,21.0923,50.8654
1759345560758175488,-924.794,980.584,-2018.24,0.286157,-0.801092,-0.448347,0.274502,19.7555,368.161,22.1703,-0.0136549,0.0258628,0.0354397,31.0229,21.0939,50.8673
1759345560768175360,-924.596,984.265,-2018.02,0.286822,-0.800598,-0.449196,0.273859,19.7685,368.047,22.6006,-0.0136542,0.0258633,0.0354383,31.0239,21.0956,50.8692
1759345560778175232,-924.398,987.944,-2017.79,0.287462,-0.800175,-0.44998,0.273139,19.7807,367.931,23.0289,-0.0136535,0.0258639,0.0354368,31.0248,21.0973,50.871
1759345560788175360,-924.2,991.623,-2017.56,0.288079,-0.799736,-0.45076,0.272485,19.792,367.814,23.456,-0.0136528,0.0258645,0.0354353,31.0257,21.099,50.8729
1759345560798175232,-924.002,995.3,-2017.32,0.288661,-0.799349,-0.451475,0.27182,19.8026,367.695,23.8821,-0.0136521,0.025865,0.0354338,31.0266,21.1007,50.8748
1759345560808175360,-923.804,998.976,-2017.08,0.289192,-0.798901,-0.452287,0.271223,19.8123,367.574,24.3076,-0.0136514,0.0258656,0.0354324,31.0275,21.1024,50.8767
1759345560818175232,-923.606,1002.65,-2016.83,0.289721,-0.79846,-0.453049,0.270684,19.8216,367.453,24.7329,-0.0136507,0.0258661,0.0354309,31.0284,21.1041,50.8785
1759345560828175360,-923.407,1006.33,-2016.58,0.29016,-0.79796,-0.453917,0.270234,19.8304,367.33,25.1581,-0.01365,0.0258667,0.0354294,31.0294,21.1058,50.8804
1759345560838175232,-923.209,1010,-2016.33,0.290567,-0.797565,-0.454625,0.269773,19.8394,367.206,25.5824,-0.0136493,0.0258673,0.0354279,31.0303,21.1074,50.8823
1759345560848175360,-923.011,1013.67,-2016.07,0.2909,-0.797065,-0.455507,0.269404,19.8482,367.082,26.0063,-0.0136486,0.0258678,0.0354264,31.0312,21.1091,50.8842
1759345560858175232,-922.812,1017.34,-2015.81,0.291234,-0.79669,-0.456174,0.269022,19.8574,366.956,26.4299,-0.0136479,0.0258684,0.0354249,31.0321,21.1108,50.8861
1759345560868175360,-922.613,1021.01,-2015.54,0.291581,-0.79634,-0.45678,0.268655,19.8663,366.83,26.8534,-0.0136472,0.025869,0.0354234,31.033,21.1125,50.888
1759345560878175232,-922.415,1024.68,-2015.27,0.29191,-0.795956,-0.457432,0.268326,19.875,366.702,27.2771,-0.0136465,0.0258695,0.0354219,31.034,21.1142,50.8898
1759345560888175360,-922.216,1028.34,-2015,0.292228,-0.795553,-0.458116,0.268009,19.8833,366.572,27.7013,-0.0136458,0.0258701,0.0354204,31.0349,21.1159,50.8917
1759345560898175232,-922.017,1032.01,-2014.72,0.292578,-0.795148,-0.458765,0.267719,19.8912,366.442,28.1258,-0.0136451,0.0258706,0.0354189,31.0358,21.1176,50.8936
1759345560908175104,-921.818,1035.67,-2014.43,0.292914,-0.794751,-0.459402,0.267436,19.8988,366.311,28.5505,-0.0136444,0.0258712,0.0354174,31.0367,21.1193,50.8955
1759345560918175232,-921.619,1039.33,-2014.15,0.293282,-0.794367,-0.459984,0.267173,19.9067,366.179,28.9759,-0.0136436,0.0258718,0.0354159,31.0376,21.121,50.8974
1759345560928175104,-921.419,1042.99,-2013.85,0.293646,-0.793999,-0.460559,0.266877,19.9148,366.047,29.4012,-0.0136429,0.0258723,0.0354144,31.0385,21.1227,50.8993
1759345560938175232,-921.22,1046.65,-2013.56,0.293998,-0.793563,-0.46122,0.266644,19.9233,365.914,29.8269,-0.0136422,0.0258729,0.0354129,31.0395,21.1243,50.9012
1759345560948175104,-921.021,1050.31,-2013.26,0.294399,-0.793257,-0.461652,0.266364,19.9325,365.782,30.2526,-0.0136415,0.0258735,0.0354114,31.0404,21.126,50.9031
1759345560958175232,-920.821,1053.97,-2012.95,0.294752,-0.792795,-0.462352,0.266134,19.9422,365.648,30.6784,-0.0136408,0.025874,0.0354099,31.0413,21.1277,50.905
1759345560968175104,-920.622,1057.62,-2012.64,0.295135,-0.792424,-0.462867,0.265921,19.9528,365.513,31.1046,-0.0136401,0.0258746,0.0354084,31.0422,21.1294,50.9069
1759345560978175232,-920.422,1061.28,-2012.33,0.295495,-0.792059,-0.463394,0.265691,19.9639,365.378,31.5305,-0.0136393,0.0258751,0.0354069,31.0431,21.1311,50.9089
1759345560988175104,-920.223,1064.93,-2012.01,0.295836,-0.791664,-0.463967,0.265487,19.9757,365.241,31.9562,-0.0136386,0.0258757,0.0354054,31.0441,21.1328,50.9108
1759345560998175232,-920.023,1068.58,-2011.69,0.296181,-0.791286,-0.464522,0.265259,19.9887,365.105,32.3819,-0.0136379,0.0258763,0.0354039,31.045,21.1345,50.9127
1759345561008175104,-919.823,1072.23,-2011.36,0.29661,-0.791019,-0.464813,0.265068,20.0021,364.967,32.8073,-0.0136371,0.0258768,0.0354024,31.0459,21.1362,50.9146
1759345561018175232,-919.623,1075.88,-2011.03,0.296932,-0.790582,-0.465448,0.264895,20.0166,364.828,33.232,-0.0136364,0.0258774,0.0354009,31.0468,21.1379,50.9165
1759345561028175104,-919.422,1079.53,-2010.7,0.297289,-0.79026,-0.465873,0.264709,20.0316,364.689,33.6568,-0.0136357,0.025878,0.0353994,31.0477,21.1396,50.9184
1759345561038175232,-919.222,1083.18,-2010.36,0.297651,-0.78991,-0.46633,0.26454,20.0469,364.55,34.0817,-0.0136349,0.0258785,0.0353978,31.0487,21.1413,50.9204
1759345561048175104,-919.021,1086.82,-2010.02,0.298007,-0.789558,-0.466798,0.264368,20.0631,364.409,34.5074,-0.0136342,0.0258791,0.0353963,31.0496,21.143,50.9223
1759345561058174976,-918.82,1090.46,-2009.67,0.298358,-0.789492,-0.466869,0.264042,20.0802,364.269,34.9327,-0.0136334,0.0258797,0.0353948,31.0505,21.1447,50.9242
1759345561068175104,-918.619,1094.1,-2009.32,0.298647,-0.789141,-0.46736,0.263895,20.0978,364.127,35.358,-0.0136327,0.0258802,0.0353933,31.0514,21.1464,50.9261
1759345561078174976,-918.418,1097.75,-2008.96,0.298993,-0.78868,-0.467927,0.263879,20.1164,363.985,35.7836,-0.0136319,0.0258808,0.0353918,31.0523,21.1481,50.9281
1759345561088175104,-918.217,1101.38,-2008.6,0.299322,-0.788276,-0.468473,0.263743,20.1357,363.842,36.2092,-0.0136312,0.0258814,0.0353902,31.0533,21.1497,50.93
1759345561098174976,-918.016,1105.02,-2008.24,0.299703,-0.788044,-0.468737,0.263534,20.1553,363.699,36.6352,-0.0136305,0.0258819,0.0353887,31.0542,21.1514,50.9319
1759345561108175104,-917.814,1108.66,-2007.87,0.300067,-0.78759,-0.469324,0.263433,20.175,363.555,37.0611,-0.0136297,0.0258825,0.0353872,31.0551,21.1531,50.9339
1759345561118174976,-917.612,1112.29,-2007.5,0.300461,-0.787208,-0.469799,0.263279,20.1951,363.411,37.487,-0.013629,0.0258831,0.0353857,31.056,21.1548,50.9358
1759345561128175104,-917.41,1115.93,-2007.12,0.300863,-0.786744,-0.470396,0.263139,20.2147,363.266,37.9127,-0.0136282,0.0258836,0.0353841,31.057,21.1565,50.9377
1759345561138174976,-917.208,1119.56,-2006.74,0.30135,-0.786459,-0.470705,0.262881,20.2343,363.12,38.3376,-0.0136275,0.0258842,0.0353826,31.0579,21.1582,50.9397
1759345561148175104,-917.005,1123.19,-2006.35,0.30184,-0.78596,-0.471326,0.262701,20.2538,362.973,38.7617,-0.0136267,0.0258848,0.0353811,31.0588,21.1599,50.9416
1759345561158174976,-916.802,1126.82,-2005.96,0.302397,-0.785466,-0.471914,0.262481,20.2732,362.824,39.1844,-0.013626,0.0258854,0.0353795,31.0597,21.1616,50.9436
1759345561168175104,-916.599,1130.44,-2005.57,0.303006,-0.785054,-0.472384,0.262167,20.2931,362.675,39.6065,-0.0136252,0.0258859,0.035378,31.0606,21.1633,50.9455
1759345561178174976,-916.396,1134.07,-2005.17,0.303656,-0.784563,-0.472942,0.26188,20.3126,362.524,40.0276,-0.0136245,0.0258865,0.0353764,31.0616,21.165,50.9475
1759345561188174848,-916.193,1137.69,-2004.77,0.304332,-0.783966,-0.473638,0.261624,20.3323,362.372,40.4475,-0.0136237,0.0258871,0.0353749,31.0625,21.1667,50.9494
1759345561198174976,-915.99,1141.32,-2004.36,0.305056,-0.783455,-0.47419,0.26131,20.3522,362.22,40.8663,-0.013623,0.0258877,0.0353734,31.0634,21.1684,50.9514
1759345561208174848,-915.786,1144.94,-2003.95,0.305737,-0.782863,-0.474891,0.261016,20.3715,362.067,41.2839,-0.0136222,0.0258883,0.0353718,31.0643,21.1701,50.9533
1759345561218174976,-915.582,1148.56,-2003.53,0.306412,-0.782288,-0.475547,0.260753,20.3904,361.913,41.7007,-0.0136215,0.0258889,0.0353702,31.0653,21.1718,50.9553
1759345561228174848,-915.378,1152.18,-2003.11,0.307094,-0.781735,-0.476178,0.26046,20.409,361.759,42.1167,-0.0136208,0.0258894,0.0353687,31.0662,21.1735,50.9573
1759345561238174976,-915.174,1155.79,-2002.69,0.307756,-0.781331,-0.47659,0.260136,20.4267,361.604,42.5315,-0.01362,0.02589,0.0353671,31.0671,21.1752,50.9592
1759345561248174848,-914.969,1159.41,-2002.26,0.308393,-0.780803,-0.47715,0.259939,20.4447,361.449,42.9458,-0.0136193,0.0258906,0.0353656,31.068,21.1769,50.9612
1759345561258174976,-914.765,1163.02,-2001.83,0.308991,-0.780267,-0.477757,0.259725,20.4623,361.293,43.3583,-0.0136186,0.0258912,0.035364,31.069,21.1786,50.9631
1759345561268174848,-914.56,1166.63,-2001.4,0.309568,-0.779719,-0.478376,0.259541,20.4797,361.136,43.7703,-0.0136178,0.0258918,0.0353624,31.0699,21.1803,50.9651
1759345561278174976,-914.355,1170.24,-2000.96,0.310196,-0.779252,-0.478821,0.259374,20.4968,360.979,44.182,-0.0136171,0.0258924,0.0353609,31.0708,21.182,50.9671
1759345561288174848,-914.15,1173.85,-2000.51,0.310791,-0.778773,-0.479298,0.25922,20.5117,360.822,44.5943,-0.0136164,0.0258931,0.0353593,31.0717,21.1837,50.969
1759345561298174976,-913.945,1177.46,-2000.06,0.311381,-0.778295,-0.479755,0.259102,20.526,360.664,45.0069,-0.0136157,0.0258937,0.0353577,31.0727,21.1854,50.971
1759345561308174848,-913.74,1181.07,-1999.61,0.311927,-0.777801,-0.480257,0.258998,20.54,360.505,45.4196,-0.0136149,0.0258943,0.0353561,31.0736,21.1871,50.973
1759345561318174720,-913.534,1184.67,-1999.16,0.312518,-0.777405,-0.480544,0.258944,20.555,360.345,45.8311,-0.0136142,0.0258949,0.0353546,31.0745,21.1888,50.975
1759345561328174848,-913.328,1188.27,-1998.69,0.313098,-0.777004,-0.480813,0.258946,20.5708,360.184,46.2423,-0.0136135,0.0258955,0.035353,31.0755,21.1905,50.9769
1759345561338174720,-913.123,1191.87,-1998.23,0.313584,-0.776567,-0.481201,0.258948,20.5886,360.022,46.6531,-0.0136127,0.0258961,0.0353514,31.0764,21.1922,50.9789
1759345561348174848,-912.917,1195.47,-1997.76,0.314147,-0.776159,-0.481459,0.25901,20.6078,359.859,47.065,-0.013612,0.0258967,0.0353498,31.0773,21.1939,50.9809
1759345561358174720,-912.71,1199.07,-1997.29,0.314705,-0.775772,-0.481681,0.25908,20.6284,359.694,47.4781,-0.0136113,0.0258973,0.0353482,31.0782,21.1956,50.9829
1759345561368174848,-912.504,1202.67,-1996.81,0.315217,-0.775366,-0.48196,0.259152,20.6509,359.529,47.893,-0.0136105,0.025898,0.0353466,31.0792,21.1973,50.9849
1759345561378174720,-912.297,1206.26,-1996.33,0.315842,-0.775034,-0.482014,0.259283,20.6758,359.362,48.3086,-0.0136098,0.0258986,0.035345,31.0801,21.199,50.9868
1759345561388174848,-912.09,1209.85,-1995.84,0.316401,-0.774624,-0.482247,0.259396,20.7031,359.194,48.7246,-0.013609,0.0258992,0.0353434,31.081,21.2007,50.9888
1759345561398174720,-911.883,1213.44,-1995.36,0.317095,-0.774262,-0.482311,0.25951,20.7335,359.023,49.1417,-0.0136083,0.0258998,0.0353418,31.082,21.2024,50.9908
1759345561408174848,-911.676,1217.03,-1994.86,0.317913,-0.773935,-0.482234,0.259627,20.765,358.852,49.559,-0.0136075,0.0259005,0.0353402,31.0829,21.2041,50.9928
1759345561418174720,-911.468,1220.62,-1994.36,0.318768,-0.773532,-0.48228,0.259694,20.7978,358.679,49.9785,-0.0136068,0.0259011,0.0353386,31.0838,21.2058,50.9948
1759345561428174848,-911.26,1224.21,-1993.86,0.31964,-0.773125,-0.482338,0.259726,20.8316,358.505,50.3989,-0.013606,0.0259017,0.035337,31.0848,21.2075,50.9968
1759345561438174720,-911.051,1227.79,-1993.36,0.320596,-0.772718,-0.48234,0.259756,20.8664,358.329,50.8197,-0.0136052,0.0259023,0.0353354,31.0857,21.2092,50.9988
1759345561448174592,-910.842,1231.37,-1992.85,0.321594,-0.772278,-0.482388,0.259743,20.9026,358.153,51.2396,-0.0136045,0.025903,0.0353338,31.0866,21.2109,51.0008
1759345561458174720,-910.633,1234.95,-1992.33,0.322637,-0.771815,-0.48244,0.259729,20.939,357.974,51.6586,-0.0136037,0.0259036,0.0353322,31.0876,21.2126,51.0028
1759345561468174592,-910.424,1238.53,-1991.81,0.323708,-0.771377,-0.482459,0.259661,20.9758,357.794,52.0767,-0.0136029,0.0259042,0.0353306,31.0885,21.2143,51.0048
1759345561478174720,-910.214,1242.11,-1991.29,0.324796,-0.770903,-0.482541,0.259557,21.0124,357.613,52.4934,-0.0136022,0.0259049,0.035329,31.0894,21.216,51.0068
1759345561488174592,-910.003,1245.68,-1990.76,0.325918,-0.770502,-0.482545,0.259333,21.0497,357.429,52.9095,-0.0136014,0.0259055,0.0353274,31.0904,21.2177,51.0088
1759345561498174720,-909.793,1249.26,-1990.23,0.327082,-0.769933,-0.482741,0.259196,21.0862,357.244,53.3243,-0.0136007,0.0259061,0.0353257,31.0913,21.2194,51.0108
1759345561508174592,-909.582,1252.83,-1989.69,0.328313,-0.769417,-0.482793,0.259073,21.1224,357.057,53.7392,-0.0135999,0.0259068,0.0353241,31.0922,21.2211,51.0128
1759345561518174720,-909.37,1256.4,-1989.16,0.329521,-0.768898,-0.482911,0.25886,21.1585,356.868,54.154,-0.0135991,0.0259074,0.0353225,31.0932,21.2228,51.0148
1759345561528174592,-909.158,1259.96,-1988.61,0.330747,-0.768465,-0.482945,0.258521,21.1947,356.679,54.5691,-0.0135983,0.0259081,0.0353209,31.0941,21.2245,51.0168
1759345561538174720,-908.946,1263.53,-1988.06,0.33199,-0.767834,-0.483219,0.258289,21.2329,356.488,54.9826,-0.0135976,0.0259087,0.0353192,31.095,21.2262,51.0188
1759345561548174592,-908.734,1267.09,-1987.51,0.333283,-0.767312,-0.483319,0.257988,21.2734,356.295,55.3946,-0.0135968,0.0259094,0.0353176,31.096,21.228,51.0208
1759345561558174720,-908.521,1270.66,-1986.96,0.334611,-0.766792,-0.483414,0.257636,21.3169,356.101,55.8047,-0.013596,0.02591,0.035316,31.0969,21.2297,51.0228
1759345561568174592,-908.307,1274.22,-1986.39,0.336024,-0.766344,-0.48334,0.257267,21.3618,355.906,56.214,-0.0135952,0.0259107,0.0353143,31.0979,21.2314,51.0248
1759345561578174464,-908.094,1277.77,-1985.83,0.337389,-0.765802,-0.483488,0.256818,21.4093,355.709,56.6224,-0.0135945,0.0259113,0.0353127,31.0988,21.2331,51.0268
1759345561588174592,-907.879,1281.33,-1985.26,0.338765,-0.765254,-0.483657,0.256323,21.459,355.511,57.0297,-0.0135937,0.025912,0.035311,31.0997,21.2348,51.0288
1759345561598174464,-907.664,1284.88,-1984.69,0.340264,-0.764932,-0.483413,0.255757,21.5107,355.311,57.4357,-0.0135929,0.0259127,0.0353094,31.1007,21.2365,51.0309
1759345561608174592,-907.449,1288.43,-1984.11,0.341719,-0.76441,-0.483469,0.255272,21.5651,355.11,57.8405,-0.0135921,0.0259133,0.0353077,31.1016,21.2382,51.0329
1759345561618174464,-907.233,1291.98,-1983.53,0.343201,-0.763861,-0.483562,0.25475,21.6219,354.908,58.2441,-0.0135913,0.025914,0.0353061,31.1026,21.2399,51.0349
1759345561628174592,-907.017,1295.53,-1982.95,0.344756,-0.763479,-0.48341,0.254084,21.6809,354.704,58.6464,-0.0135905,0.0259147,0.0353045,31.1035,21.2416,51.0369
1759345561638174464,-906.8,1299.08,-1982.36,0.346392,-0.762988,-0.483377,0.253392,21.7418,354.498,59.0471,-0.0135897,0.0259154,0.0353028,31.1045,21.2434,51.0389
1759345561648174592,-906.582,1302.62,-1981.77,0.348043,-0.762353,-0.483584,0.252647,21.8039,354.289,59.4466,-0.0135889,0.0259161,0.0353012,31.1054,21.2451,51.0409
1759345561658174464,-906.364,1306.16,-1981.17,0.349739,-0.76168,-0.483834,0.251857,21.8673,354.078,59.8442,-0.0135881,0.0259168,0.0352995,31.1064,21.2468,51.0429
1759345561668174592,-906.145,1309.7,-1980.57,0.351495,-0.760992,-0.484046,0.251081,21.9319,353.866,60.2399,-0.0135873,0.0259175,0.0352979,31.1073,21.2485,51.045
1759345561678174464,-905.925,1313.24,-1979.97,0.35345,-0.760585,-0.483653,0.250327,21.9978,353.651,60.6337,-0.0135865,0.0259182,0.0352962,31.1082,21.2502,51.047
1759345561688174592,-905.705,1316.78,-1979.36,0.355274,-0.759933,-0.48378,0.249479,22.0647,353.435,61.0253,-0.0135857,0.0259189,0.0352945,31.1092,21.2519,51.049
1759345561698174464,-905.484,1320.31,-1978.74,0.357124,-0.759372,-0.483765,0.248571,22.1322,353.218,61.4154,-0.0135849,0.0259197,0.0352929,31.1101,21.2537,51.051
1759345561708174592,-905.262,1323.84,-1978.13,0.358917,-0.758563,-0.484136,0.247738,22.2001,352.999,61.8042,-0.0135841,0.0259204,0.0352912,31.1111,21.2554,51.053
1759345561718174464,-905.04,1327.37,-1977.51,0.36082,-0.758043,-0.484016,0.246797,22.2681,352.778,62.1914,-0.0135833,0.0259211,0.0352896,31.1121,21.2571,51.055
1759345561728174336,-904.817,1330.9,-1976.88,0.362623,-0.757323,-0.484217,0.245967,22.3364,352.555,62.5774,-0.0135825,0.0259219,0.0352879,31.113,21.2588,51.057
1759345561738174464,-904.594,1334.42,-1976.26,0.364405,-0.756603,-0.484435,0.24512,22.4042,352.33,62.9619,-0.0135817,0.0259226,0.0352863,31.114,21.2606,51.0591
1759345561748174336,-904.369,1337.94,-1975.62,0.366253,-0.755964,-0.484477,0.244253,22.472,352.103,63.3452,-0.0135809,0.0259234,0.0352846,31.1149,21.2623,51.0611
1759345561758174464,-904.144,1341.46,-1974.99,0.368057,-0.755367,-0.484519,0.243302,22.5401,351.874,63.7273,-0.0135801,0.0259241,0.0352829,31.1159,21.264,51.0631
1759345561768174336,-903.919,1344.98,-1974.35,0.369868,-0.754594,-0.484771,0.242453,22.6083,351.642,64.1077,-0.0135793,0.0259249,0.0352813,31.1168,21.2657,51.0651
1759345561778174464,-903.692,1348.49,-1973.71,0.371688,-0.753864,-0.484948,0.241584,22.6772,351.409,64.487,-0.0135785,0.0259256,0.0352796,31.1178,21.2675,51.0671
1759345561788174336,-903.465,1352.01,-1973.06,0.373478,-0.753045,-0.485267,0.240735,22.7464,351.173,64.8651,-0.0135777,0.0259264,0.0352779,31.1188,21.2692,51.0691
1759345561798174464,-903.238,1355.52,-1972.41,0.375355,-0.752333,-0.485352,0.239868,22.8161,350.935,65.2426,-0.0135769,0.0259272,0.0352762,31.1197,21.2709,51.0712
1759345561808174336,-903.009,1359.02,-1971.75,0.377217,-0.751587,-0.485501,0.238984,22.8862,350.695,65.6188,-0.0135761,0.025928,0.0352746,31.1207,21.2727,51.0732
1759345561818174464,-902.78,1362.53,-1971.1,0.379047,-0.750754,-0.485804,0.238088,22.9563,350.453,65.9948,-0.0135753,0.0259288,0.0352729,31.1216,21.2744,51.0752
1759345561828174336,-902.55,1366.03,-1970.43,0.381045,-0.750116,-0.485656,0.237211,23.0269,350.208,66.3697,-0.0135744,0.0259295,0.0352712,31.1226,21.2761,51.0772
1759345561838174464,-902.32,1369.53,-1969.77,0.382997,-0.749328,-0.485782,0.236297,23.0978,349.961,66.7434,-0.0135736,0.0259303,0.0352695,31.1236,21.2779,51.0792
1759345561848174336,-902.089,1373.03,-1969.1,0.385031,-0.748655,-0.485698,0.235297,23.1698,349.71,67.1156,-0.0135728,0.0259311,0.0352679,31.1245,21.2796,51.0812
1759345561858174208,-901.857,1376.53,-1968.43,0.387046,-0.747676,-0.486057,0.234359,23.2425,349.456,67.4862,-0.013572,0.0259319,0.0352662,31.1255,21.2813,51.0832
1759345561868174336,-901.624,1380.02,-1967.75,0.389179,-0.746843,-0.486096,0.233401,23.3161,349.2,67.8554,-0.0135711,0.0259327,0.0352645,31.1265,21.2831,51.0852
1759345561878174208,-901.391,1383.51,-1967.07,0.391294,-0.7459,-0.486325,0.232402,23.3907,348.942,68.2229,-0.0135703,0.0259335,0.0352628,31.1275,21.2848,51.0873
1759345561888174336,-901.156,1387,-1966.38,0.393486,-0.745045,-0.486368,0.231349,23.4659,348.681,68.5887,-0.0135695,0.0259344,0.0352611,31.1284,21.2866,51.0893
1759345561898174208,-900.921,1390.48,-1965.7,0.395664,-0.744137,-0.486496,0.230285,23.542,348.418,68.9527,-0.0135686,0.0259352,0.0352594,31.1294,21.2883,51.0913
1759345561908174336,-900.686,1393.97,-1965.01,0.397817,-0.743143,-0.486736,0.229278,23.6189,348.152,69.3151,-0.0135678,0.025936,0.0352577,31.1304,21.2901,51.0933
1759345561918174208,-900.449,1397.45,-1964.31,0.400011,-0.74222,-0.486795,0.228322,23.6967,347.884,69.6761,-0.0135669,0.0259368,0.035256,31.1314,21.2918,51.0953
1759345561928174336,-900.212,1400.92,-1963.61,0.402184,-0.74139,-0.486767,0.227259,23.7753,347.614,70.0355,-0.0135661,0.0259376,0.0352543,31.1323,21.2936,51.0973
1759345561938174208,-899.974,1404.4,-1962.91,0.404254,-0.740331,-0.487135,0.226249,23.8543,347.34,70.3933,-0.0135652,0.0259385,0.0352526,31.1333,21.2953,51.0993
1759345561948174336,-899.735,1407.87,-1962.2,0.406354,-0.739297,-0.487408,0.225279,23.934,347.064,70.7493,-0.0135644,0.0259393,0.0352509,31.1343,21.2971,51.1013
1759345561958174208,-899.496,1411.34,-1961.49,0.408469,-0.738375,-0.487464,0.224352,24.0144,346.784,71.1038,-0.0135635,0.0259401,0.0352492,31.1353,21.2988,51.1033
1759345561968174336,-899.255,1414.81,-1960.78,0.410515,-0.737435,-0.487596,0.22342,24.0954,346.502,71.4564,-0.0135627,0.025941,0.0352475,31.1363,21.3006,51.1053
1759345561978174208,-899.014,1418.27,-1960.07,0.412536,-0.73647,-0.487768,0.222503,24.1766,346.217,71.8074,-0.0135618,0.0259418,0.0352458,31.1372,21.3023,51.1073
1759345561988174080,-898.772,1421.73,-1959.35,0.414552,-0.735618,-0.487779,0.221549,24.2582,345.929,72.1565,-0.0135609,0.0259426,0.0352441,31.1382,21.3041,51.1093
1759345561998174208,-898.529,1425.19,-1958.62,0.416555,-0.73472,-0.487814,0.220694,24.3401,345.639,72.5037,-0.0135601,0.0259435,0.0352424,31.1392,21.3058,51.1113
1759345562008174080,-898.285,1428.64,-1957.89,0.418454,-0.73372,-0.488088,0.219824,24.4225,345.346,72.8489,-0.0135592,0.0259443,0.0352407,31.1402,21.3076,51.1133
1759345562018174208,-898.041,1432.09,-1957.16,0.42034,-0.732674,-0.488406,0.219002,24.5057,345.05,73.1922,-0.0135583,0.0259452,0.0352389,31.1412,21.3094,51.1153
1759345562028174080,-897.795,1435.54,-1956.43,0.422239,-0.731674,-0.488624,0.218207,24.5897,344.752,73.5337,-0.0135574,0.025946,0.0352372,31.1422,21.3111,51.1173
1759345562038174208,-897.549,1438.99,-1955.69,0.424165,-0.730853,-0.48857,0.217342,24.6744,344.451,73.8732,-0.0135566,0.0259469,0.0352355,31.1432,21.3129,51.1193
1759345562048174080,-897.302,1442.43,-1954.95,0.426018,-0.729736,-0.488972,0.216564,24.7595,344.148,74.211,-0.0135557,0.0259478,0.0352338,31.1442,21.3147,51.1213
1759345562058174208,-897.054,1445.87,-1954.21,0.427945,-0.728867,-0.488991,0.215648,24.8454,343.842,74.5464,-0.0135548,0.0259486,0.035232,31.1452,21.3164,51.1233
1759345562068174080,-896.806,1449.31,-1953.46,0.429823,-0.727866,-0.489207,0.214802,24.9312,343.534,74.8795,-0.0135539,0.0259495,0.0352303,31.1462,21.3182,51.1253
1759345562078174208,-896.556,1452.74,-1952.71,0.431638,-0.726808,-0.489547,0.213971,25.0171,343.224,75.2104,-0.013553,0.0259504,0.0352286,31.1472,21.32,51.1273
1759345562088174080,-896.306,1456.17,-1951.96,0.433431,-0.725801,-0.489806,0.213168,25.1022,342.912,75.5386,-0.0135521,0.0259512,0.0352268,31.1482,21.3217,51.1293
1759345562098174208,-896.054,1459.6,-1951.2,0.435203,-0.724859,-0.489963,0.212402,25.1867,342.598,75.8646,-0.0135512,0.0259521,0.0352251,31.1492,21.3235,51.1313
1759345562108174080,-895.802,1463.02,-1950.44,0.43685,-0.723864,-0.490302,0.21163,25.2704,342.284,76.1884,-0.0135503,0.025953,0.0352233,31.1502,21.3253,51.1332
1759345562118173952,-895.549,1466.45,-1949.68,0.438462,-0.722908,-0.490586,0.210904,25.3533,341.967,76.5101,-0.0135494,0.0259539,0.0352216,31.1512,21.3271,51.1352
1759345562128174080,-895.295,1469.86,-1948.91,0.44002,-0.72203,-0.490763,0.210253,25.4363,341.648,76.8303,-0.0135486,0.0259548,0.0352198,31.1522,21.3289,51.1372
1759345562138173952,-895.041,1473.28,-1948.14,0.441466,-0.721097,-0.491117,0.209596,25.5182,341.328,77.15,-0.0135477,0.0259557,0.0352181,31.1532,21.3306,51.1392
1759345562148174080,-894.785,1476.69,-1947.37,0.442879,-0.720167,-0.491449,0.209035,25.5999,341.007,77.4687,-0.0135468,0.0259566,0.0352163,31.1542,21.3324,51.1412
1759345562158173952,-894.529,1480.1,-1946.59,0.444252,-0.719425,-0.491578,0.20837,25.6819,340.684,77.7866,-0.0135459,0.0259575,0.0352146,31.1552,21.3342,51.1432
1759345562168174080,-894.272,1483.5,-1945.81,0.445581,-0.718558,-0.491893,0.207785,25.7645,340.36,78.1041,-0.0135449,0.0259584,0.0352128,31.1562,21.336,51.1451
1759345562178173952,-894.014,1486.9,-1945.03,0.446907,-0.717737,-0.492131,0.207209,25.8482,340.035,78.4209,-0.013544,0.0259593,0.035211,31.1572,21.3378,51.1471
1759345562188174080,-893.755,1490.3,-1944.24,0.448173,-0.716903,-0.492432,0.206646,25.9327,339.708,78.737,-0.0135431,0.0259602,0.0352093,31.1582,21.3396,51.1491
1759345562198173952,-893.496,1493.7,-1943.45,0.449501,-0.716206,-0.492449,0.206135,26.0182,339.38,79.0522,-0.0135422,0.0259611,0.0352075,31.1592,21.3413,51.1511
1759345562208174080,-893.235,1497.09,-1942.66,0.450741,-0.715463,-0.492609,0.205626,26.1042,339.05,79.3665,-0.0135413,0.025962,0.0352058,31.1603,21.3431,51.153
1759345562218173952,-892.974,1500.48,-1941.87,0.451935,-0.714687,-0.492854,0.205115,26.1908,338.718,79.68,-0.0135404,0.025963,0.035204,31.1613,21.3449,51.155
1759345562228174080,-892.712,1503.86,-1941.07,0.453167,-0.714001,-0.492925,0.204616,26.2776,338.384,79.9926,-0.0135394,0.0259639,0.0352022,31.1623,21.3467,51.157
1759345562238173952,-892.449,1507.25,-1940.27,0.454364,-0.713223,-0.493161,0.204105,26.3646,338.048,80.3044,-0.0135385,0.0259648,0.0352005,31.1633,21.3485,51.1589
1759345562248174080,-892.185,1510.62,-1939.46,0.455607,-0.712472,-0.493301,0.203616,26.4517,337.71,80.6154,-0.0135376,0.0259657,0.0351987,31.1643,21.3503,51.1609
1759345562258173952,-891.92,1514,-1938.65,0.456854,-0.711735,-0.493419,0.203116,26.5393,337.37,80.9254,-0.0135367,0.0259667,0.0351969,31.1653,21.3521,51.1629
1759345562268173824,-891.654,1517.37,-1937.84,0.458049,-0.710958,-0.493637,0.202613,26.6272,337.029,81.2344,-0.0135357,0.0259676,0.0351951,31.1664,21.3539,51.1648
1759345562278173952,-891.388,1520.74,-1937.03,0.459303,-0.710226,-0.493688,0.202219,26.7153,336.688,81.5425,-0.0135348,0.0259686,0.0351934,31.1674,21.3557,51.1668
1759345562288173824,-891.12,1524.1,-1936.21,0.460488,-0.709496,-0.493818,0.201769,26.8041,336.345,81.8493,-0.0135338,0.0259695,0.0351916,31.1684,21.3575,51.1687
1759345562298173952,-890.852,1527.47,-1935.39,0.461669,-0.708906,-0.493779,0.201239,26.8935,336.001,82.1549,-0.0135329,0.0259705,0.0351898,31.1694,21.3593,51.1707
1759345562308173824,-890.583,1530.82,-1934.57,0.46283,-0.708211,-0.493879,0.200772,26.9836,335.656,82.4586,-0.0135319,0.0259714,0.0351881,31.1705,21.3611,51.1727
1759345562318173952,-890.312,1534.18,-1933.74,0.463951,-0.707537,-0.493981,0.20031,27.0747,335.31,82.7604,-0.0135309,0.0259724,0.0351863,31.1715,21.3629,51.1746
1759345562328173824,-890.041,1537.53,-1932.91,0.465024,-0.706818,-0.494184,0.199859,27.1672,334.961,83.0606,-0.01353,0.0259733,0.0351845,31.1725,21.3647,51.1766
1759345562338173952,-889.769,1540.88,-1932.08,0.466173,-0.706185,-0.494179,0.199429,27.2607,334.611,83.3596,-0.013529,0.0259743,0.0351827,31.1736,21.3665,51.1785
1759345562348173824,-889.496,1544.22,-1931.25,0.467322,-0.7055,-0.494265,0.198955,27.3551,334.259,83.6573,-0.013528,0.0259752,0.0351809,31.1746,21.3683,51.1805
1759345562358173952,-889.222,1547.56,-1930.41,0.468534,-0.704822,-0.494276,0.198479,27.4505,333.904,83.954,-0.0135271,0.0259762,0.0351792,31.1756,21.3702,51.1824
1759345562368173824,-888.948,1550.9,-1929.57,0.469737,-0.704053,-0.494438,0.197956,27.5467,333.547,84.2487,-0.0135261,0.0259772,0.0351774,31.1767,21.372,51.1844
1759345562378173952,-888.672,1554.23,-1928.72,0.470965,-0.703256,-0.494629,0.197393,27.6435,333.189,84.5415,-0.0135251,0.0259781,0.0351756,31.1777,21.3738,51.1863
1759345562388173824,-888.395,1557.56,-1927.88,0.472225,-0.702474,-0.494763,0.196833,27.7405,332.829,84.8327,-0.0135241,0.0259791,0.0351738,31.1787,21.3756,51.1883
1759345562398173696,-888.117,1560.89,-1927.03,0.473504,-0.701701,-0.494863,0.196266,27.8376,332.469,85.1222,-0.0135231,0.0259801,0.035172,31.1798,21.3774,51.1902
1759345562408173824,-887.839,1564.21,-1926.17,0.474717,-0.700821,-0.495176,0.19569,27.9345,332.106,85.4099,-0.0135221,0.0259811,0.0351703,31.1808,21.3792,51.1921
1759345562418173696,-887.559,1567.53,-1925.32,0.475989,-0.700075,-0.495237,0.195117,28.0314,331.743,85.6955,-0.0135211,0.0259821,0.0351685,31.1818,21.381,51.1941
1759345562428173824,-887.278,1570.85,-1924.46,0.477228,-0.699325,-0.495319,0.194568,28.128,331.379,85.9793,-0.0135201,0.025983,0.0351667,31.1829,21.3829,51.196
1759345562438173696,-886.997,1574.16,-1923.6,0.478433,-0.698621,-0.495349,0.194059,28.2246,331.012,86.2614,-0.0135191,0.025984,0.0351649,31.1839,21.3847,51.1979
1759345562448173824,-886.714,1577.47,-1922.73,0.479599,-0.697877,-0.495468,0.193558,28.3213,330.644,86.542,-0.0135181,0.025985,0.0351631,31.185,21.3865,51.1999
1759345562458173696,-886.43,1580.77,-1921.87,0.480755,-0.697128,-0.495604,0.193039,28.418,330.274,86.8214,-0.013517,0.025986,0.0351613,31.186,21.3883,51.2018
1759345562468173824,-886.146,1584.07,-1921,0.481898,-0.69636,-0.495778,0.192515,28.5151,329.902,87.0995,-0.013516,0.025987,0.0351595,31.187,21.3902,51.2037
1759345562478173696,-885.86,1587.37,-1920.13,0.483102,-0.695641,-0.495811,0.192006,28.6125,329.528,87.3764,-0.013515,0.025988,0.0351577,31.1881,21.392,51.2057
1759345562488173824,-885.574,1590.66,-1919.25,0.484299,-0.694865,-0.495946,0.191457,28.7098,329.151,87.6522,-0.013514,0.025989,0.0351559,31.1891,21.3938,51.2076
1759345562498173696,-885.286,1593.95,-1918.37,0.485523,-0.694059,-0.4961,0.190877,28.8069,328.773,87.9269,-0.0135129,0.02599,0.0351541,31.1902,21.3956,51.2095
1759345562508173824,-884.998,1597.24,-1917.49,0.486785,-0.693233,-0.496244,0.19029,28.9036,328.393,88.2005,-0.0135119,0.025991,0.0351523,31.1912,21.3975,51.2114
1759345562518173696,-884.709,1600.52,-1916.61,0.488062,-0.692401,-0.49639,0.189665,28.9992,328.012,88.4729,-0.0135109,0.025992,0.0351505,31.1923,21.3993,51.2134
1759345562528173568,-884.418,1603.8,-1915.72,0.48933,-0.691508,-0.496643,0.188993,29.0945,327.63,88.7438,-0.0135098,0.025993,0.0351487,31.1933,21.4011,51.2153
1759345562538173696,-884.127,1607.07,-1914.83,0.490588,-0.690609,-0.496907,0.188324,29.1894,327.247,89.0132,-0.0135088,0.025994,0.0351468,31.1944,21.403,51.2172
1759345562548173568,-883.835,1610.34,-1913.94,0.491885,-0.689801,-0.496999,0.187661,29.2841,326.862,89.2811,-0.0135077,0.025995,0.035145,31.1954,21.4048,51.2191
1759345562558173696,-883.542,1613.61,-1913.05,0.493201,-0.689016,-0.497038,0.186982,29.3785,326.475,89.5476,-0.0135067,0.025996,0.0351432,31.1965,21.4066,51.221
1759345562568173568,-883.247,1616.87,-1912.15,0.494477,-0.688112,-0.497298,0.18625,29.473,326.086,89.8128,-0.0135056,0.025997,0.0351414,31.1975,21.4085,51.2229
1759345562578173696,-882.952,1620.13,-1911.25,0.495804,-0.687237,-0.497466,0.185501,29.5674,325.695,90.0766,-0.0135045,0.025998,0.0351396,31.1986,21.4103,51.2249
1759345562588173568,-882.656,1623.38,-1910.35,0.497151,-0.68629,-0.497726,0.184702,29.6619,325.302,90.3388,-0.0135035,0.025999,0.0351377,31.1996,21.4121,51.2268
1759345562598173696,-882.359,1626.64,-1909.44,0.498551,-0.685371,-0.497894,0.183888,29.7563,324.906,90.5993,-0.0135024,0.026,0.0351359,31.2007,21.414,51.2287
1759345562608173568,-882.061,1629.88,-1908.54,0.500031,-0.684433,-0.498022,0.183014,29.8503,324.508,90.8575,-0.0135013,0.026001,0.0351341,31.2018,21.4158,51.2306
1759345562618173696,-881.763,1633.13,-1907.63,0.501564,-0.683463,-0.498161,0.182065,29.9441,324.108,91.1135,-0.0135003,0.026002,0.0351322,31.2028,21.4177,51.2325
1759345562628173568,-881.463,1636.36,-1906.71,0.503162,-0.682508,-0.498213,0.181092,30.0372,323.707,91.3673,-0.0134992,0.026003,0.0351304,31.2039,21.4195,51.2344
1759345562638173696,-881.162,1639.6,-1905.8,0.504772,-0.681501,-0.498334,0.180069,30.1297,323.304,91.6189,-0.0134981,0.026004,0.0351286,31.2049,21.4213,51.2363
1759345562648173568,-880.86,1642.83,-1904.88,0.506416,-0.680459,-0.498478,0.178989,30.2213,322.9,91.8687,-0.013497,0.026005,0.0351267,31.206,21.4232,51.2382
1759345562658173440,-880.558,1646.06,-1903.96,0.508104,-0.67946,-0.498526,0.177865,30.3126,322.494,92.1165,-0.0134959,0.026006,0.0351249,31.207,21.425,51.2401
1759345562668173568,-880.254,1649.28,-1903.04,0.509799,-0.678343,-0.49873,0.176703,30.4036,322.087,92.3623,-0.0134948,0.026007,0.035123,31.2081,21.4269,51.242
1759345562678173440,-879.95,1652.5,-1902.11,0.511544,-0.677235,-0.49888,0.175483,30.495,321.677,92.6057,-0.0134937,0.026008,0.0351212,31.2092,21.4287,51.2439
1759345562688173568,-879.645,1655.71,-1901.19,0.513316,-0.676141,-0.49898,0.174238,30.5864,321.266,92.8467,-0.0134926,0.026009,0.0351193,31.2102,21.4305,51.2458
1759345562698173440,-879.338,1658.92,-1900.26,0.515107,-0.675017,-0.499105,0.172947,30.6776,320.852,93.0853,-0.0134915,0.02601,0.0351175,31.2113,21.4324,51.2477
1759345562708173568,-879.031,1662.13,-1899.33,0.51695,-0.673883,-0.499191,0.171619,30.768,320.436,93.3218,-0.0134904,0.026011,0.0351156,31.2123,21.4342,51.2496
1759345562718173440,-878.723,1665.33,-1898.39,0.518839,-0.672795,-0.499169,0.170244,30.8574,320.018,93.5562,-0.0134893,0.026012,0.0351138,31.2134,21.4361,51.2515
1759345562728173568,-878.414,1668.53,-1897.45,0.520712,-0.671564,-0.499351,0.168848,30.9451,319.599,93.7877,-0.0134882,0.026013,0.0351119,31.2145,21.4379,51.2534
1759345562738173440,-878.104,1671.72,-1896.52,0.522616,-0.67037,-0.499447,0.167416,31.0318,319.177,94.0162,-0.013487,0.026014,0.03511,31.2155,21.4398,51.2553
1759345562748173568,-877.794,1674.91,-1895.57,0.524529,-0.669176,-0.499526,0.165972,31.1175,318.752,94.2416,-0.0134859,0.026015,0.0351082,31.2166,21.4416,51.2571
1759345562758173440,-877.482,1678.1,-1894.63,0.526452,-0.667969,-0.4996,0.164513,31.2019,318.326,94.4647,-0.0134848,0.026016,0.0351063,31.2176,21.4435,51.259
1759345562768173568,-877.17,1681.28,-1893.69,0.528345,-0.666767,-0.499686,0.163055,31.2854,317.897,94.6854,-0.0134836,0.026017,0.0351044,31.2187,21.4453,51.2609
1759345562778173440,-876.857,1684.46,-1892.74,0.530242,-0.665576,-0.499742,0.161584,31.368,317.466,94.9036,-0.0134825,0.026018,0.0351025,31.2198,21.4472,51.2628
1759345562788173312,-876.543,1687.63,-1891.79,0.532146,-0.664447,-0.499702,0.160089,31.4497,317.033,95.1192,-0.0134814,0.026019,0.0351006,31.2208,21.449,51.2647
1759345562798173440,-876.228,1690.8,-1890.83,0.534019,-0.663198,-0.499832,0.158621,31.5305,316.596,95.3323,-0.0134802,0.02602,0.0350987,31.2219,21.4509,51.2666
1759345562808173312,-875.912,1693.96,-1889.88,0.535881,-0.662019,-0.499872,0.157133,31.6103,316.158,95.5424,-0.0134791,0.026021,0.0350969,31.2229,21.4527,51.2684
1759345562818173440,-875.596,1697.12,-1888.92,0.537726,-0.660856,-0.499891,0.155654,31.689,315.717,95.7497,-0.0134779,0.0260219,0.035095,31.224,21.4546,51.2703
1759345562828173312,-875.279,1700.27,-1887.97,0.539534,-0.659637,-0.500004,0.1542,31.7664,315.273,95.9543,-0.0134768,0.0260229,0.0350931,31.2251,21.4564,51.2722
1759345562838173440,-874.961,1703.42,-1887,0.541336,-0.658472,-0.500045,0.152723,31.8421,314.828,96.1558,-0.0134756,0.0260239,0.0350911,31.2261,21.4583,51.2741
1759345562848173312,-874.642,1706.57,-1886.04,0.543193,-0.657563,-0.499713,0.151124,31.9162,314.38,96.3544,-0.0134745,0.0260249,0.0350892,31.2272,21.4601,51.276
1759345562858173440,-874.322,1709.71,-1885.08,0.544949,-0.656242,-0.499955,0.149739,31.9883,313.93,96.5502,-0.0134733,0.0260258,0.0350873,31.2282,21.462,51.2778
1759345562868173312,-874.002,1712.85,-1884.11,0.546747,-0.655264,-0.499741,0.148176,32.0587,313.478,96.7438,-0.0134722,0.0260268,0.0350854,31.2293,21.4638,51.2797
1759345562878173440,-873.681,1715.98,-1883.14,0.548474,-0.654109,-0.49979,0.146724,32.1269,313.023,96.9355,-0.013471,0.0260278,0.0350835,31.2304,21.4657,51.2816
1759345562888173312,-873.36,1719.11,-1882.17,0.550135,-0.652958,-0.499889,0.145286,32.192,312.567,97.1278,-0.0134699,0.0260287,0.0350816,31.2314,21.4675,51.2835
1759345562898173440,-873.037,1722.23,-1881.2,0.551781,-0.651911,-0.499858,0.143845,32.2559,312.109,97.318,-0.0134687,0.0260297,0.0350796,31.2325,21.4694,51.2853
1759345562908173312,-872.715,1725.35,-1880.23,0.553384,-0.650895,-0.499822,0.142411,32.3186,311.649,97.5058,-0.0134675,0.0260306,0.0350777,31.2335,21.4712,51.2872
1759345562918173440,-872.391,1728.47,-1879.25,0.554934,-0.64992,-0.49977,0.141006,32.3813,311.188,97.6895,-0.0134664,0.0260316,0.0350757,31.2346,21.4731,51.2891
1759345562928173312,-872.067,1731.57,-1878.27,0.556444,-0.649048,-0.499629,0.139563,32.4438,310.725,97.8702,-0.0134652,0.0260326,0.0350738,31.2357,21.4749,51.2909
1759345562938173184,-871.742,1734.68,-1877.29,0.557892,-0.648096,-0.499629,0.1382,32.5058,310.261,98.0479,-0.013464,0.0260335,0.0350719,31.2367,21.4767,51.2928
1759345562948173312,-871.417,1737.78,-1876.31,0.55932,-0.647181,-0.499597,0.136826,32.5675,309.795,98.2235,-0.0134629,0.0260345,0.0350699,31.2378,21.4786,51.2947
1759345562958173184,-871.091,1740.88,-1875.33,0.560748,-0.646317,-0.499488,0.135454,32.6286,309.326,98.397,-0.0134617,0.0260354,0.035068,31.2388,21.4804,51.2965
1759345562968173312,-870.764,1743.97,-1874.34,0.562108,-0.645413,-0.49949,0.134112,32.6883,308.857,98.5702,-0.0134605,0.0260363,0.035066,31.2399,21.4823,51.2984
1759345562978173184,-870.437,1747.05,-1873.36,0.563497,-0.644638,-0.499295,0.132727,32.7473,308.386,98.742,-0.0134593,0.0260373,0.0350641,31.2409,21.4841,51.3003
1759345562988173312,-870.11,1750.13,-1872.37,0.564818,-0.643859,-0.499173,0.13135,32.8056,307.913,98.9122,-0.0134582,0.0260382,0.0350621,31.242,21.486,51.3021
1759345562998173184,-869.781,1753.21,-1871.38,0.566141,-0.64316,-0.498939,0.129964,32.8638,307.44,99.0812,-0.013457,0.0260392,0.0350601,31.243,21.4878,51.304
1759345563008173312,-869.452,1756.28,-1870.39,0.567407,-0.642325,-0.498907,0.128682,32.9207,306.965,99.2488,-0.0134558,0.0260401,0.0350582,31.2441,21.4897,51.3059
1759345563018173184,-869.123,1759.35,-1869.39,0.568674,-0.641568,-0.498783,0.127341,32.9765,306.489,99.4149,-0.0134546,0.0260411,0.0350562,31.2451,21.4915,51.3077
1759345563028173312,-868.793,1762.41,-1868.4,0.56994,-0.640816,-0.498644,0.126008,33.0309,306.011,99.579,-0.0134534,0.026042,0.0350542,31.2462,21.4933,51.3096
1759345563038173184,-868.462,1765.47,-1867.4,0.571242,-0.640133,-0.498376,0.124631,33.0838,305.531,99.7408,-0.0134523,0.0260429,0.0350522,31.2472,21.4952,51.3115
1759345563048173312,-868.131,1768.52,-1866.4,0.572513,-0.63937,-0.498241,0.123249,33.1349,305.048,99.8986,-0.0134511,0.0260439,0.0350503,31.2483,21.497,51.3133
1759345563058173184,-867.799,1771.57,-1865.4,0.573808,-0.638474,-0.498218,0.121964,33.1846,304.564,100.053,-0.0134499,0.0260448,0.0350483,31.2493,21.4989,51.3152
1759345563068173056,-867.467,1774.61,-1864.4,0.575117,-0.637654,-0.498085,0.120615,33.2332,304.078,100.204,-0.0134487,0.0260457,0.0350463,31.2504,21.5007,51.3171
1759345563078173184,-867.135,1777.65,-1863.4,0.576432,-0.636928,-0.497842,0.119171,33.2803,303.591,100.351,-0.0134475,0.0260467,0.0350443,31.2514,21.5025,51.3189
1759345563088173056,-866.802,1780.68,-1862.4,0.577724,-0.636015,-0.497817,0.117891,33.3259,303.103,100.496,-0.0134464,0.0260476,0.0350423,31.2524,21.5044,51.3208
1759345563098173184,-866.468,1783.71,-1861.39,0.57899,-0.635193,-0.497712,0.116546,33.3703,302.614,100.639,-0.0134452,0.0260485,0.0350403,31.2535,21.5062,51.3226
1759345563108173056,-866.134,1786.74,-1860.38,0.580267,-0.634473,-0.497458,0.115198,33.4141,302.125,100.78,-0.013444,0.0260495,0.0350383,31.2545,21.508,51.3245
1759345563118173184,-865.8,1789.76,-1859.38,0.581426,-0.633656,-0.497435,0.113942,33.4574,301.634,100.918,-0.0134428,0.0260504,0.0350363,31.2556,21.5099,51.3264
1759345563128173056,-865.465,1792.77,-1858.37,0.582557,-0.632936,-0.49732,0.112662,33.5009,301.142,101.053,-0.0134416,0.0260513,0.0350343,31.2566,21.5117,51.3282
1759345563138173184,-865.13,1795.78,-1857.35,0.583682,-0.632222,-0.497184,0.111438,33.5442,300.649,101.187,-0.0134405,0.0260522,0.0350323,31.2576,21.5135,51.3301
1759345563148173056,-864.794,1798.78,-1856.34,0.584718,-0.631586,-0.497043,0.11024,33.5872,300.154,101.318,-0.0134393,0.0260531,0.0350302,31.2587,21.5154,51.3319
1759345563158173184,-864.458,1801.78,-1855.33,0.585726,-0.630978,-0.49689,0.109048,33.6294,299.659,101.448,-0.0134381,0.0260541,0.0350282,31.2597,21.5172,51.3338
1759345563168173056,-864.122,1804.78,-1854.31,0.586691,-0.630309,-0.496841,0.107951,33.6709,299.162,101.575,-0.0134369,0.026055,0.0350262,31.2607,21.519,51.3357
1759345563178173184,-863.785,1807.76,-1853.3,0.58764,-0.629809,-0.496604,0.106794,33.7118,298.665,101.7,-0.0134357,0.0260559,0.0350242,31.2618,21.5208,51.3375
1759345563188173056,-863.447,1810.75,-1852.28,0.58856,-0.62937,-0.496316,0.105648,33.7519,298.167,101.823,-0.0134346,0.0260568,0.0350222,31.2628,21.5226,51.3394
1759345563198172928,-863.11,1813.73,-1851.26,0.58941,-0.628879,-0.496147,0.104622,33.7913,297.668,101.944,-0.0134334,0.0260577,0.0350201,31.2638,21.5245,51.3412
1759345563208173056,-862.772,1816.7,-1850.24,0.5902,-0.628413,-0.496014,0.103593,33.8302,297.168,102.064,-0.0134322,0.0260586,0.0350181,31.2649,21.5263,51.3431
1759345563218172928,-862.433,1819.67,-1849.22,0.59099,-0.627962,-0.495848,0.102611,33.8692,296.666,102.182,-0.013431,0.0260596,0.0350161,31.2659,21.5281,51.3449
1759345563228173056,-862.094,1822.63,-1848.2,0.591741,-0.62753,-0.495695,0.10166,33.9083,296.163,102.298,-0.0134298,0.0260605,0.035014,31.2669,21.5299,51.3468
1759345563238172928,-861.755,1825.59,-1847.17,0.592468,-0.62712,-0.495535,0.10073,33.9477,295.658,102.414,-0.0134286,0.0260614,0.035012,31.2679,21.5317,51.3487
1759345563248173056,-861.415,1828.55,-1846.15,0.593202,-0.626696,-0.49538,0.0998125,33.9862,295.152,102.528,-0.0134275,0.0260623,0.0350099,31.2689,21.5336,51.3505
1759345563258172928,-861.075,1831.5,-1845.12,0.593917,-0.626213,-0.495313,0.0989158,34.0238,294.645,102.64,-0.0134263,0.0260632,0.0350079,31.27,21.5354,51.3524
1759345563268173056,-860.735,1834.44,-1844.1,0.594683,-0.625857,-0.495038,0.0979416,34.0604,294.137,102.752,-0.0134251,0.0260641,0.0350058,31.271,21.5372,51.3542
1759345563278172928,-860.394,1837.38,-1843.07,0.595434,-0.625439,-0.494849,0.0969977,34.0954,293.628,102.861,-0.0134239,0.026065,0.0350038,31.272,21.539,51.3561
1759345563288173056,-860.053,1840.31,-1842.04,0.596182,-0.625,-0.49469,0.0960378,34.1287,293.118,102.97,-0.0134227,0.0260659,0.0350017,31.273,21.5408,51.3579
1759345563298172928,-859.711,1843.24,-1841.01,0.596935,-0.624478,-0.494613,0.0951465,34.1606,292.608,103.077,-0.0134216,0.0260668,0.0349997,31.274,21.5426,51.3598
1759345563308173056,-859.37,1846.16,-1839.98,0.597686,-0.624018,-0.494467,0.0942084,34.1914,292.097,103.184,-0.0134204,0.0260677,0.0349976,31.275,21.5444,51.3616
1759345563318172928,-859.027,1849.08,-1838.94,0.598415,-0.623584,-0.49431,0.0932714,34.2207,291.585,103.289,-0.0134192,0.0260686,0.0349956,31.2761,21.5462,51.3635
1759345563328172800,-858.685,1852,-1837.91,0.599154,-0.62315,-0.494136,0.0923443,34.2491,291.072,103.395,-0.013418,0.0260696,0.0349935,31.2771,21.548,51.3653
1759345563338172928,-858.342,1854.9,-1836.88,0.59985,-0.622733,-0.493987,0.091432,34.2766,290.557,103.499,-0.0134168,0.0260705,0.0349914,31.2781,21.5498,51.3672
1759345563348172800,-858,1857.81,-1835.84,0.600553,-0.622336,-0.493796,0.0905509,34.3033,290.042,103.602,-0.0134156,0.0260714,0.0349894,31.2791,21.5516,51.369
1759345563358172928,-857.656,1860.71,-1834.81,0.601209,-0.622034,-0.493548,0.0896233,34.3292,289.525,103.705,-0.0134145,0.0260723,0.0349873,31.2801,21.5534,51.3708
1759345563368172800,-857.313,1863.6,-1833.77,0.601832,-0.621692,-0.493376,0.0887586,34.3538,289.008,103.807,-0.0134133,0.0260732,0.0349852,31.2811,21.5552,51.3727
1759345563378172928,-856.969,1866.49,-1832.73,0.602431,-0.621389,-0.493167,0.0879755,34.3769,288.489,103.909,-0.0134121,0.0260741,0.0349832,31.2821,21.557,51.3745
1759345563388172800,-856.625,1869.37,-1831.69,0.602954,-0.621114,-0.493011,0.0872027,34.3984,287.97,104.01,-0.0134109,0.026075,0.0349811,31.2831,21.5588,51.3764
1759345563398172928,-856.281,1872.24,-1830.65,0.60344,-0.620871,-0.492854,0.0864541,34.4187,287.45,104.11,-0.0134097,0.0260759,0.034979,31.2841,21.5606,51.3782
1759345563408172800,-855.937,1875.12,-1829.61,0.603881,-0.620665,-0.492695,0.0857594,34.4381,286.93,104.209,-0.0134085,0.0260767,0.0349769,31.2851,21.5624,51.3801
1759345563418172928,-855.592,1877.98,-1828.56,0.604243,-0.620416,-0.492673,0.0851398,34.4567,286.41,104.307,-0.0134074,0.0260776,0.0349749,31.2861,21.5642,51.3819
1759345563428172800,-855.248,1880.84,-1827.52,0.604563,-0.620282,-0.492552,0.0845394,34.4751,285.889,104.406,-0.0134062,0.0260785,0.0349728,31.2871,21.566,51.3837
1759345563438172928,-854.903,1883.7,-1826.48,0.604836,-0.620192,-0.492427,0.0839673,34.4934,285.367,104.504,-0.013405,0.0260794,0.0349707,31.2881,21.5678,51.3856
1759345563448172800,-854.558,1886.55,-1825.43,0.605036,-0.620195,-0.492268,0.0834364,34.513,284.845,104.602,-0.0134038,0.0260803,0.0349687,31.2891,21.5695,51.3874
1759345563458172672,-854.212,1889.4,-1824.38,0.605177,-0.62018,-0.492188,0.0830007,34.5325,284.322,104.701,-0.0134026,0.0260812,0.0349666,31.2901,21.5713,51.3893
1759345563468172800,-853.867,1892.24,-1823.34,0.605277,-0.620239,-0.492064,0.0825627,34.5519,283.799,104.799,-0.0134014,0.0260821,0.0349645,31.291,21.5731,51.3911
1759345563478172672,-853.521,1895.07,-1822.29,0.605326,-0.620272,-0.49202,0.0822174,34.5709,283.274,104.897,-0.0134002,0.026083,0.0349624,31.292,21.5749,51.3929
1759345563488172800,-853.175,1897.9,-1821.24,0.605341,-0.620455,-0.491833,0.0818451,34.5883,282.748,104.995,-0.013399,0.0260839,0.0349604,31.293,21.5767,51.3948
1759345563498172672,-852.829,1900.73,-1820.19,0.605369,-0.620534,-0.491756,0.0815009,34.604,282.221,105.093,-0.0133978,0.0260848,0.0349583,31.294,21.5784,51.3966
1759345563508172800,-852.483,1903.55,-1819.14,0.605422,-0.620509,-0.491773,0.0811876,34.6173,281.693,105.189,-0.0133967,0.0260857,0.0349562,31.295,21.5802,51.3984
1759345563518172672,-852.137,1906.36,-1818.09,0.605528,-0.620568,-0.491636,0.0807769,34.6284,281.165,105.285,-0.0133955,0.0260866,0.0349541,31.296,21.582,51.4003
1759345563528172800,-851.791,1909.17,-1817.03,0.605676,-0.620471,-0.491642,0.0803812,34.6362,280.635,105.379,-0.0133943,0.0260875,0.034952,31.2969,21.5837,51.4021
1759345563538172672,-851.444,1911.98,-1815.98,0.605864,-0.620346,-0.49164,0.079941,34.6416,280.106,105.472,-0.0133931,0.0260884,0.0349499,31.2979,21.5855,51.404
1759345563548172800,-851.098,1914.77,-1814.92,0.606145,-0.620195,-0.491565,0.0794314,34.6445,279.576,105.564,-0.0133919,0.0260893,0.0349479,31.2989,21.5872,51.4058
1759345563558172672,-850.751,1917.57,-1813.87,0.606434,-0.619959,-0.491595,0.0788921,34.6445,279.045,105.655,-0.0133908,0.0260902,0.0349458,31.2998,21.589,51.4076
1759345563568172800,-850.404,1920.35,-1812.81,0.606734,-0.619694,-0.491643,0.0783629,34.6429,278.515,105.746,-0.0133896,0.026091,0.0349437,31.3008,21.5908,51.4095
1759345563578172672,-850.058,1923.14,-1811.75,0.607039,-0.619358,-0.491772,0.0778447,34.6399,277.984,105.837,-0.0133884,0.0260919,0.0349416,31.3018,21.5925,51.4113
1759345563588172800,-849.711,1925.91,-1810.69,0.607387,-0.619076,-0.491792,0.0772482,34.6358,277.453,105.927,-0.0133872,0.0260928,0.0349395,31.3027,21.5943,51.4131
1759345563598172672,-849.365,1928.69,-1809.63,0.607739,-0.618867,-0.491723,0.0765856,34.6305,276.922,106.017,-0.013386,0.0260937,0.0349374,31.3037,21.596,51.415
1759345563608172544,-849.019,1931.45,-1808.57,0.608052,-0.61851,-0.49188,0.0759799,34.6234,276.391,106.107,-0.0133849,0.0260946,0.0349353,31.3046,21.5977,51.4168
1759345563618172672,-848.672,1934.21,-1807.51,0.608414,-0.618235,-0.491867,0.0753955,34.615,275.86,106.197,-0.0133837,0.0260955,0.0349332,31.3056,21.5995,51.4186
1759345563628172544,-848.326,1936.97,-1806.45,0.608735,-0.617963,-0.4919,0.0748116,34.6054,275.329,106.286,-0.0133825,0.0260964,0.0349311,31.3065,21.6012,51.4205
1759345563638172672,-847.98,1939.72,-1805.39,0.609026,-0.61773,-0.491924,0.0742158,34.595,274.798,106.374,-0.0133813,0.0260973,0.034929,31.3075,21.603,51.4223
1759345563648172544,-847.634,1942.47,-1804.32,0.60932,-0.617579,-0.49184,0.0736056,34.584,274.267,106.463,-0.0133802,0.0260982,0.0349269,31.3084,21.6047,51.4241
1759345563658172672,-847.288,1945.21,-1803.26,0.609557,-0.617342,-0.49192,0.0731031,34.5723,273.736,106.551,-0.013379,0.026099,0.0349248,31.3094,21.6064,51.426
1759345563668172544,-846.942,1947.94,-1802.19,0.609751,-0.617275,-0.49184,0.0725849,34.5602,273.205,106.638,-0.0133778,0.0260999,0.0349227,31.3103,21.6081,51.4278
1759345563678172672,-846.597,1950.67,-1801.12,0.609876,-0.617143,-0.49191,0.0721751,34.5476,272.673,106.726,-0.0133766,0.0261008,0.0349206,31.3113,21.6099,51.4296
1759345563688172544,-846.251,1953.39,-1800.06,0.609978,-0.617092,-0.491904,0.0717987,34.5348,272.139,106.814,-0.0133754,0.0261017,0.0349185,31.3122,21.6116,51.4315
1759345563698172672,-845.906,1956.11,-1798.99,0.610066,-0.617081,-0.491863,0.0714208,34.5209,271.604,106.902,-0.0133743,0.0261026,0.0349164,31.3131,21.6133,51.4333
1759345563708172544,-845.56,1958.83,-1797.92,0.610153,-0.617106,-0.491773,0.0710817,34.5057,271.068,106.992,-0.0133731,0.0261035,0.0349144,31.314,21.615,51.4351
1759345563718172672,-845.215,1961.53,-1796.85,0.610205,-0.617062,-0.491805,0.0708021,34.4901,270.531,107.081,-0.0133719,0.0261044,0.0349123,31.315,21.6167,51.437
1759345563728172544,-844.87,1964.24,-1795.78,0.610312,-0.617129,-0.491632,0.0704909,34.4745,269.994,107.17,-0.0133707,0.0261053,0.0349102,31.3159,21.6184,51.4388
1759345563738172416,-844.526,1966.93,-1794.71,0.610384,-0.617117,-0.491596,0.0702171,34.4589,269.456,107.257,-0.0133695,0.0261062,0.0349081,31.3168,21.6201,51.4406
1759345563748172544,-844.181,1969.63,-1793.63,0.610435,-0.617152,-0.491526,0.069963,34.4431,268.919,107.344,-0.0133683,0.026107,0.034906,31.3177,21.6218,51.4425
1759345563758172416,-843.836,1972.31,-1792.56,0.610514,-0.617276,-0.491313,0.0696758,34.4271,268.382,107.431,-0.0133672,0.0261079,0.0349039,31.3186,21.6235,51.4443
1759345563768172544,-843.492,1974.99,-1791.48,0.610553,-0.61732,-0.491239,0.0694746,34.4114,267.844,107.518,-0.013366,0.0261088,0.0349018,31.3195,21.6252,51.4461
1759345563778172416,-843.148,1977.67,-1790.41,0.610546,-0.617326,-0.491262,0.0693141,34.3957,267.305,107.605,-0.0133648,0.0261097,0.0348997,31.3205,21.6269,51.448
1759345563788172544,-842.804,1980.34,-1789.33,0.610568,-0.617376,-0.491196,0.0691388,34.3803,266.766,107.692,-0.0133636,0.0261106,0.0348976,31.3214,21.6286,51.4498
1759345563798172416,-842.46,1983,-1788.25,0.610639,-0.617489,-0.491001,0.0688863,34.3658,266.226,107.779,-0.0133624,0.0261115,0.0348956,31.3223,21.6303,51.4517
1759345563808172544,-842.116,1985.66,-1787.18,0.610724,-0.617528,-0.490877,0.0686649,34.3517,265.686,107.865,-0.0133612,0.0261124,0.0348935,31.3232,21.632,51.4535
1759345563818172416,-841.773,1988.32,-1786.1,0.610818,-0.617462,-0.49087,0.068476,34.3378,265.144,107.951,-0.01336,0.0261133,0.0348914,31.324,21.6336,51.4553
1759345563828172544,-841.429,1990.97,-1785.02,0.610949,-0.617344,-0.490887,0.0682498,34.3238,264.602,108.036,-0.0133588,0.0261142,0.0348893,31.3249,21.6353,51.4572
1759345563838172416,-841.086,1993.61,-1783.94,0.611161,-0.617371,-0.49063,0.067955,34.3095,264.059,108.122,-0.0133576,0.0261151,0.0348872,31.3258,21.637,51.459
1759345563848172544,-840.743,1996.25,-1782.86,0.611312,-0.617279,-0.490589,0.0677229,34.2939,263.516,108.207,-0.0133564,0.026116,0.0348852,31.3267,21.6386,51.4608
1759345563858172416,-840.4,1998.88,-1781.77,0.611448,-0.617219,-0.490526,0.0675082,34.2775,262.973,108.292,-0.0133552,0.0261169,0.0348831,31.3276,21.6403,51.4627
1759345563868172288,-840.057,2001.51,-1780.69,0.6116,-0.617154,-0.49045,0.067275,34.2602,262.43,108.376,-0.013354,0.0261178,0.034881,31.3285,21.642,51.4645
1759345563878172416,-839.714,2004.13,-1779.61,0.61175,-0.617001,-0.490487,0.0670364,34.2416,261.886,108.46,-0.0133528,0.0261187,0.0348789,31.3293,21.6436,51.4664
1759345563888172288,-839.372,2006.75,-1778.52,0.611941,-0.616912,-0.490395,0.0667827,34.2227,261.341,108.544,-0.0133516,0.0261196,0.0348769,31.3302,21.6453,51.4682
1759345563898172416,-839.029,2009.36,-1777.43,0.612136,-0.616829,-0.490293,0.0665152,34.2034,260.797,108.626,-0.0133504,0.0261205,0.0348748,31.3311,21.6469,51.47
1759345563908172288,-838.687,2011.96,-1776.35,0.612304,-0.616708,-0.49027,0.0662637,34.1836,260.251,108.709,-0.0133492,0.0261214,0.0348727,31.3319,21.6485,51.4719
1759345563918172416,-838.345,2014.56,-1775.26,0.61246,-0.616558,-0.490295,0.0660307,34.1635,259.706,108.792,-0.013348,0.0261223,0.0348706,31.3328,21.6502,51.4737
1759345563928172288,-838.004,2017.16,-1774.17,0.612597,-0.616347,-0.490417,0.065826,34.1424,259.16,108.875,-0.0133468,0.0261232,0.0348686,31.3336,21.6518,51.4755
1759345563938172416,-837.662,2019.74,-1773.08,0.612774,-0.616255,-0.490345,0.0655664,34.1204,258.615,108.958,-0.0133456,0.0261242,0.0348665,31.3345,21.6534,51.4774
1759345563948172288,-837.321,2022.33,-1771.99,0.612923,-0.616111,-0.490369,0.0653437,34.0972,258.069,109.04,-0.0133444,0.0261251,0.0348644,31.3353,21.6551,51.4792
1759345563958172416,-836.98,2024.91,-1770.9,0.613053,-0.615972,-0.490409,0.0651342,34.073,257.523,109.122,-0.0133432,0.026126,0.0348624,31.3362,21.6567,51.4811
1759345563968172288,-836.639,2027.48,-1769.81,0.613171,-0.615835,-0.490466,0.0648992,34.0479,256.977,109.203,-0.013342,0.0261269,0.0348603,31.337,21.6583,51.4829
1759345563978172416,-836.299,2030.05,-1768.72,0.61329,-0.615635,-0.490594,0.0647042,34.0219,256.431,109.283,-0.0133408,0.0261278,0.0348582,31.3379,21.6599,51.4847
1759345563988172288,-835.958,2032.61,-1767.63,0.613419,-0.615475,-0.490661,0.0644907,33.9956,255.886,109.363,-0.0133396,0.0261288,0.0348562,31.3387,21.6615,51.4866
1759345563998172160,-835.619,2035.16,-1766.53,0.613555,-0.615397,-0.490621,0.0642495,33.969,255.341,109.443,-0.0133384,0.0261297,0.0348541,31.3395,21.6631,51.4884
1759345564008172288,-835.279,2037.71,-1765.44,0.613619,-0.615235,-0.490764,0.0640894,33.9422,254.796,109.523,-0.0133372,0.0261306,0.034852,31.3403,21.6648,51.4903
1759345564018172160,-834.939,2040.26,-1764.34,0.613681,-0.615078,-0.490905,0.0639275,33.9153,254.252,109.603,-0.013336,0.0261315,0.03485,31.3412,21.6664,51.4921
1759345564028172288,-834.6,2042.8,-1763.25,0.613756,-0.615104,-0.490805,0.0637334,33.8883,253.708,109.683,-0.0133348,0.0261325,0.0348479,31.342,21.6679,51.494
1759345564038172160,-834.261,2045.33,-1762.15,0.613745,-0.614985,-0.490979,0.0636371,33.8609,253.164,109.765,-0.0133336,0.0261334,0.0348458,31.3428,21.6695,51.4958
1759345564048172288,-833.923,2047.86,-1761.05,0.613763,-0.614972,-0.49099,0.0635129,33.8335,252.621,109.846,-0.0133324,0.0261344,0.0348438,31.3436,21.6711,51.4976
1759345564058172160,-833.584,2050.39,-1759.95,0.613746,-0.614936,-0.491068,0.0634183,33.8059,252.077,109.927,-0.0133312,0.0261353,0.0348417,31.3444,21.6727,51.4995
1759345564068172288,-833.246,2052.9,-1758.85,0.613733,-0.614979,-0.491039,0.0633466,33.7786,251.534,110.009,-0.01333,0.0261362,0.0348397,31.3452,21.6743,51.5013
1759345564078172160,-832.908,2055.42,-1757.75,0.613736,-0.615074,-0.490926,0.0632714,33.751,250.99,110.09,-0.0133288,0.0261372,0.0348376,31.346,21.6759,51.5032
1759345564088172288,-832.571,2057.92,-1756.65,0.613708,-0.615201,-0.490809,0.0632106,33.7231,250.447,110.172,-0.0133276,0.0261381,0.0348356,31.3468,21.6774,51.505
1759345564098172160,-832.233,2060.43,-1755.55,0.613626,-0.615203,-0.490899,0.0632905,33.6949,249.903,110.253,-0.0133264,0.0261391,0.0348335,31.3476,21.679,51.5069
1759345564108172288,-831.896,2062.92,-1754.45,0.613561,-0.615325,-0.490823,0.0633381,33.6668,249.36,110.334,-0.0133252,0.02614,0.0348315,31.3484,21.6806,51.5087
1759345564118172160,-831.56,2065.41,-1753.34,0.613434,-0.615386,-0.490889,0.0634597,33.6388,248.817,110.415,-0.013324,0.026141,0.0348294,31.3492,21.6821,51.5105
1759345564128172032,-831.223,2067.9,-1752.24,0.613311,-0.615495,-0.490891,0.0635802,33.611,248.274,110.497,-0.0133228,0.026142,0.0348274,31.3499,21.6837,51.5124
1759345564138172160,-830.887,2070.38,-1751.13,0.613127,-0.615566,-0.491008,0.0637585,33.5833,247.73,110.579,-0.0133217,0.0261429,0.0348253,31.3507,21.6852,51.5142
1759345564148172032,-830.551,2072.85,-1750.03,0.613076,-0.615853,-0.490689,0.0639248,33.5561,247.186,110.662,-0.0133205,0.0261439,0.0348233,31.3515,21.6868,51.5161
1759345564158172160,-830.216,2075.32,-1748.92,0.612946,-0.616006,-0.490632,0.0641381,33.5287,246.641,110.745,-0.0133193,0.0261448,0.0348212,31.3523,21.6883,51.5179
1759345564168172032,-829.88,2077.79,-1747.81,0.612763,-0.616117,-0.490688,0.0644022,33.5017,246.096,110.83,-0.0133181,0.0261458,0.0348192,31.353,21.6898,51.5198
1759345564178172160,-829.545,2080.24,-1746.7,0.612583,-0.616252,-0.490706,0.0646764,33.4752,245.55,110.914,-0.0133169,0.0261468,0.0348171,31.3538,21.6914,51.5216
1759345564188172032,-829.211,2082.7,-1745.59,0.612468,-0.616462,-0.490548,0.0649596,33.4494,245.004,110.998,-0.0133157,0.0261477,0.0348151,31.3545,21.6929,51.5235
1759345564198172160,-828.876,2085.14,-1744.48,0.612367,-0.616703,-0.490333,0.0652566,33.4236,244.457,111.083,-0.0133145,0.0261487,0.034813,31.3553,21.6944,51.5253
1759345564208172032,-828.542,2087.59,-1743.37,0.612213,-0.616816,-0.490338,0.0655847,33.3976,243.91,111.167,-0.0133133,0.0261497,0.034811,31.356,21.696,51.5272
1759345564218172160,-828.208,2090.02,-1742.26,0.612087,-0.616971,-0.490257,0.0659054,33.3715,243.363,111.251,-0.0133121,0.0261507,0.0348089,31.3568,21.6975,51.529
1759345564228172032,-827.874,2092.45,-1741.15,0.61198,-0.617121,-0.490158,0.066238,33.3451,242.816,111.336,-0.0133109,0.0261516,0.0348069,31.3575,21.699,51.5309
1759345564238172160,-827.54,2094.88,-1740.03,0.611904,-0.617262,-0.490031,0.0665707,33.3187,242.269,111.421,-0.0133097,0.0261526,0.0348048,31.3582,21.7005,51.5327
1759345564248172032,-827.207,2097.3,-1738.92,0.611816,-0.617379,-0.489946,0.0669111,33.2922,241.721,111.505,-0.0133085,0.0261536,0.0348028,31.359,21.702,51.5346
1759345564258172160,-826.874,2099.71,-1737.8,0.611738,-0.617426,-0.489942,0.0672184,33.2658,241.173,111.59,-0.0133073,0.0261546,0.0348007,31.3597,21.7035,51.5364
1759345564268172032,-826.542,2102.12,-1736.69,0.611756,-0.617526,-0.489752,0.0675187,33.2395,240.624,111.675,-0.0133061,0.0261555,0.0347987,31.3604,21.705,51.5383
1759345564278171904,-826.209,2104.53,-1735.57,0.611752,-0.617523,-0.489726,0.0677807,33.2124,240.075,111.761,-0.0133049,0.0261565,0.0347966,31.3611,21.7065,51.5401
1759345564288172032,-825.877,2106.92,-1734.45,0.611841,-0.617553,-0.489542,0.0680218,33.1847,239.526,111.847,-0.0133038,0.0261575,0.0347946,31.3619,21.708,51.542
1759345564298171904,-825.545,2109.32,-1733.33,0.611927,-0.617479,-0.4895,0.0682226,33.1564,238.977,111.933,-0.0133026,0.0261585,0.0347926,31.3626,21.7094,51.5438
1759345564308172032,-825.213,2111.7,-1732.21,0.612059,-0.61742,-0.489385,0.0684016,33.1271,238.428,112.019,-0.0133014,0.0261595,0.0347905,31.3633,21.7109,51.5457
1759345564318171904,-824.882,2114.09,-1731.09,0.612213,-0.617344,-0.489265,0.0685628,33.0978,237.879,112.105,-0.0133002,0.0261605,0.0347885,31.364,21.7124,51.5475
1759345564328172032,-824.551,2116.46,-1729.97,0.612421,-0.617316,-0.489019,0.0687198,33.0672,237.33,112.192,-0.013299,0.0261615,0.0347864,31.3647,21.7139,51.5494
1759345564338171904,-824.22,2118.83,-1728.85,0.612609,-0.617229,-0.488875,0.0688452,33.0361,236.783,112.28,-0.0132978,0.0261625,0.0347844,31.3654,21.7153,51.5512
1759345564348172032,-823.89,2121.2,-1727.73,0.612809,-0.617143,-0.488717,0.0689647,33.0048,236.235,112.367,-0.0132966,0.0261635,0.0347823,31.3661,21.7168,51.5531
1759345564358171904,-823.56,2123.56,-1726.6,0.613011,-0.617058,-0.488556,0.0690672,32.9739,235.689,112.455,-0.0132955,0.0261645,0.0347803,31.3667,21.7182,51.5549
1759345564368172032,-823.23,2125.91,-1725.48,0.613228,-0.617014,-0.488323,0.0691814,32.9428,235.143,112.542,-0.0132943,0.0261655,0.0347783,31.3674,21.7197,51.5568
1759345564378171904,-822.901,2128.26,-1724.35,0.613391,-0.617,-0.488118,0.0693116,32.9113,234.596,112.631,-0.0132931,0.0261665,0.0347762,31.3681,21.7211,51.5586
1759345564388172032,-822.572,2130.6,-1723.22,0.613546,-0.616984,-0.487922,0.0694607,32.8792,234.05,112.72,-0.0132919,0.0261675,0.0347742,31.3688,21.7226,51.5605
1759345564398171904,-822.243,2132.94,-1722.1,0.613686,-0.617003,-0.487696,0.0696332,32.8472,233.504,112.81,-0.0132908,0.0261685,0.0347721,31.3694,21.724,51.5623
1759345564408171776,-821.914,2135.27,-1720.97,0.613797,-0.616982,-0.487559,0.0698062,32.815,232.959,112.9,-0.0132896,0.0261696,0.0347701,31.3701,21.7255,51.5642
1759345564418171904,-821.586,2137.6,-1719.84,0.613953,-0.617005,-0.48731,0.069973,32.7826,232.413,112.99,-0.0132884,0.0261706,0.0347681,31.3708,21.7269,51.566
1759345564428171776,-821.258,2139.92,-1718.71,0.614138,-0.61703,-0.487019,0.0701465,32.7501,231.867,113.08,-0.0132872,0.0261716,0.0347661,31.3714,21.7283,51.5679
1759345564438171904,-820.931,2142.24,-1717.58,0.614315,-0.616992,-0.486822,0.0702981,32.7176,231.32,113.17,-0.0132861,0.0261726,0.034764,31.3721,21.7297,51.5698
1759345564448171776,-820.604,2144.55,-1716.45,0.614667,-0.617069,-0.486259,0.0704469,32.6853,230.773,113.259,-0.0132849,0.0261737,0.034762,31.3727,21.7312,51.5716
1759345564458171904,-820.277,2146.85,-1715.31,0.614965,-0.616956,-0.486013,0.0705326,32.653,230.224,113.348,-0.0132837,0.0261747,0.03476,31.3733,21.7326,51.5735
1759345564468171776,-819.95,2149.15,-1714.18,0.615333,-0.616877,-0.485637,0.0706069,32.6219,229.674,113.437,-0.0132825,0.0261757,0.0347579,31.374,21.734,51.5753
1759345564478171904,-819.624,2151.45,-1713.04,0.615761,-0.616785,-0.485199,0.0706805,32.591,229.125,113.524,-0.0132814,0.0261768,0.0347559,31.3746,21.7354,51.5772
1759345564488171776,-819.298,2153.74,-1711.91,0.616236,-0.616672,-0.484732,0.0707287,32.5614,228.574,113.612,-0.0132802,0.0261778,0.0347539,31.3752,21.7368,51.579
1759345564498171904,-818.972,2156.02,-1710.77,0.616742,-0.616553,-0.484239,0.0707427,32.5326,228.023,113.7,-0.013279,0.0261789,0.0347519,31.3759,21.7382,51.5809
1759345564508171776,-818.647,2158.3,-1709.63,0.617333,-0.616469,-0.483588,0.0707675,32.5045,227.471,113.787,-0.0132778,0.0261799,0.0347499,31.3765,21.7396,51.5827
1759345564518171904,-818.322,2160.57,-1708.5,0.617881,-0.616327,-0.483071,0.0707571,32.4774,226.919,113.873,-0.0132766,0.0261809,0.0347478,31.3771,21.7409,51.5846
1759345564528171776,-817.997,2162.83,-1707.36,0.618395,-0.616144,-0.48265,0.070734,32.4508,226.366,113.96,-0.0132754,0.026182,0.0347458,31.3777,21.7423,51.5865
1759345564538171648,-817.673,2165.1,-1706.22,0.61894,-0.616013,-0.482118,0.0707369,32.4248,225.812,114.046,-0.0132743,0.026183,0.0347438,31.3783,21.7437,51.5883
1759345564548171776,-817.348,2167.35,-1705.08,0.619485,-0.615901,-0.481559,0.07075,32.4,225.258,114.131,-0.0132731,0.0261841,0.0347418,31.3789,21.7451,51.5902
1759345564558171648,-817.024,2169.6,-1703.93,0.620021,-0.615804,-0.48099,0.070766,32.3754,224.703,114.216,-0.0132719,0.0261851,0.0347398,31.3795,21.7464,51.592
1759345564568171776,-816.7,2171.85,-1702.79,0.620521,-0.615743,-0.480416,0.0708095,32.3524,224.149,114.3,-0.0132707,0.0261862,0.0347378,31.3801,21.7478,51.5939
1759345564578171648,-816.377,2174.08,-1701.65,0.621,-0.615687,-0.479862,0.0708577,32.3308,223.594,114.383,-0.0132695,0.0261872,0.0347358,31.3807,21.7492,51.5957
1759345564588171776,-816.054,2176.32,-1700.51,0.621403,-0.615603,-0.479434,0.0709474,32.3107,223.04,114.464,-0.0132683,0.0261883,0.0347338,31.3813,21.7505,51.5976
1759345564598171648,-815.73,2178.55,-1699.36,0.62186,-0.615628,-0.478795,0.071046,32.2923,222.485,114.546,-0.0132671,0.0261893,0.0347318,31.3819,21.7519,51.5995
1759345564608171776,-815.407,2180.77,-1698.21,0.622274,-0.615641,-0.478223,0.0711533,32.2741,221.93,114.627,-0.0132659,0.0261904,0.0347298,31.3825,21.7532,51.6013
1759345564618171648,-815.085,2182.98,-1697.07,0.622732,-0.6157,-0.477532,0.0712931,32.2561,221.376,114.709,-0.0132647,0.0261914,0.0347278,31.383,21.7546,51.6032
1759345564628171776,-814.762,2185.19,-1695.92,0.623072,-0.615674,-0.477101,0.0714201,32.2385,220.821,114.791,-0.0132635,0.0261925,0.0347258,31.3836,21.7559,51.605
1759345564638171648,-814.439,2187.4,-1694.77,0.623382,-0.615647,-0.476711,0.0715534,32.2211,220.267,114.872,-0.0132623,0.0261936,0.0347238,31.3842,21.7572,51.6069
1759345564648171776,-814.117,2189.6,-1693.62,0.623822,-0.615835,-0.475865,0.0717367,32.2043,219.712,114.953,-0.0132611,0.0261946,0.0347218,31.3847,21.7586,51.6087
1759345564658171648,-813.795,2191.79,-1692.47,0.624104,-0.615754,-0.47557,0.071931,32.1873,219.157,115.033,-0.0132599,0.0261957,0.0347198,31.3853,21.7599,51.6106
1759345564668171520,-813.473,2193.98,-1691.32,0.624464,-0.615799,-0.475008,0.0721345,32.1706,218.601,115.113,-0.0132587,0.0261968,0.0347178,31.3858,21.7612,51.6124
1759345564678171648,-813.151,2196.17,-1690.17,0.624774,-0.615732,-0.474661,0.0723078,32.1538,218.045,115.193,-0.0132575,0.0261978,0.0347158,31.3864,21.7625,51.6143
1759345564688171520,-812.83,2198.34,-1689.02,0.625221,-0.615783,-0.473979,0.0724831,32.1372,217.487,115.271,-0.0132563,0.0261989,0.0347138,31.3869,21.7639,51.6161
1759345564698171648,-812.508,2200.52,-1687.87,0.62555,-0.615608,-0.473751,0.072619,32.1206,216.929,115.35,-0.0132551,0.0262,0.0347118,31.3875,21.7652,51.618
1759345564708171520,-812.187,2202.68,-1686.71,0.625989,-0.615469,-0.473335,0.0727246,32.1039,216.371,115.428,-0.0132539,0.026201,0.0347098,31.388,21.7665,51.6199
1759345564718171648,-811.866,2204.84,-1685.56,0.626486,-0.615296,-0.472892,0.0727994,32.0878,215.812,115.507,-0.0132528,0.0262021,0.0347078,31.3885,21.7678,51.6217
1759345564728171520,-811.545,2207,-1684.4,0.626975,-0.615041,-0.47257,0.0728307,32.072,215.254,115.585,-0.0132516,0.0262032,0.0347058,31.3891,21.7691,51.6236
1759345564738171648,-811.224,2209.15,-1683.25,0.627449,-0.614725,-0.472353,0.0728248,32.0565,214.696,115.662,-0.0132504,0.0262043,0.0347038,31.3896,21.7704,51.6254
1759345564748171520,-810.904,2211.29,-1682.09,0.628134,-0.614623,-0.471566,0.0728719,32.0413,214.138,115.74,-0.0132492,0.0262054,0.0347019,31.3901,21.7716,51.6273
1759345564758171648,-810.583,2213.43,-1680.93,0.628707,-0.61439,-0.471106,0.0728831,32.0259,213.581,115.816,-0.013248,0.0262064,0.0346999,31.3906,21.7729,51.6291
1759345564768171520,-810.263,2215.57,-1679.77,0.62921,-0.614088,-0.470829,0.0728733,32.0106,213.025,115.892,-0.0132468,0.0262075,0.0346979,31.3911,21.7742,51.631
1759345564778171648,-809.943,2217.69,-1678.61,0.62968,-0.6138,-0.470574,0.0728849,31.9955,212.469,115.966,-0.0132456,0.0262086,0.0346959,31.3916,21.7755,51.6328
1759345564788171520,-809.623,2219.82,-1677.45,0.630173,-0.613638,-0.470118,0.0729418,31.9803,211.914,116.039,-0.0132444,0.0262097,0.0346939,31.3921,21.7768,51.6347
1759345564798171648,-809.303,2221.93,-1676.29,0.630577,-0.613499,-0.469741,0.0730376,31.9653,211.358,116.111,-0.0132432,0.0262108,0.0346919,31.3926,21.778,51.6365
1759345564808171520,-808.983,2224.04,-1675.13,0.630916,-0.613385,-0.469411,0.0731971,31.9507,210.802,116.182,-0.013242,0.0262119,0.0346899,31.3931,21.7793,51.6383
1759345564818171392,-808.664,2226.15,-1673.97,0.631209,-0.613319,-0.469071,0.0734065,31.9366,210.247,116.252,-0.0132408,0.026213,0.034688,31.3936,21.7806,51.6402
1759345564828171520,-808.344,2228.25,-1672.81,0.63145,-0.613289,-0.468746,0.0736568,31.9232,209.691,116.321,-0.0132396,0.0262141,0.034686,31.3941,21.7818,51.642
1759345564838171392,-808.025,2230.34,-1671.64,0.631683,-0.613357,-0.468293,0.0739684,31.9105,209.136,116.39,-0.0132384,0.0262152,0.034684,31.3946,21.7831,51.6439
1759345564848171520,-807.706,2232.43,-1670.48,0.631826,-0.613414,-0.46797,0.0743119,31.898,208.579,116.46,-0.0132372,0.0262163,0.034682,31.3951,21.7843,51.6457
1759345564858171392,-807.387,2234.51,-1669.31,0.631912,-0.613454,-0.467747,0.0746632,31.8856,208.021,116.53,-0.013236,0.0262174,0.03468,31.3955,21.7856,51.6476
1759345564868171520,-807.068,2236.59,-1668.15,0.632019,-0.613591,-0.467354,0.0750878,31.8727,207.463,116.601,-0.0132349,0.0262185,0.0346781,31.396,21.7868,51.6494
1759345564878171392,-806.749,2238.66,-1666.98,0.632078,-0.61375,-0.466999,0.0755063,31.8599,206.905,116.673,-0.0132337,0.0262196,0.0346761,31.3965,21.788,51.6512
1759345564888171520,-806.431,2240.73,-1665.82,0.632092,-0.613854,-0.466772,0.075941,31.8468,206.346,116.746,-0.0132325,0.0262207,0.0346741,31.397,21.7893,51.6531
1759345564898171392,-806.112,2242.79,-1664.65,0.632104,-0.614029,-0.46645,0.0764048,31.834,205.787,116.82,-0.0132313,0.0262218,0.0346722,31.3974,21.7905,51.6549
1759345564908171520,-805.794,2244.85,-1663.48,0.632137,-0.614287,-0.465978,0.0769357,31.8214,205.227,116.895,-0.0132301,0.0262229,0.0346702,31.3979,21.7917,51.6568
1759345564918171392,-805.475,2246.89,-1662.31,0.632106,-0.614503,-0.465653,0.0774271,31.8096,204.667,116.971,-0.0132289,0.026224,0.0346682,31.3983,21.7929,51.6586
1759345564928171520,-805.157,2248.94,-1661.14,0.632094,-0.614798,-0.46519,0.0779634,31.7983,204.107,117.05,-0.0132277,0.0262251,0.0346663,31.3988,21.7942,51.6604
1759345564938171392,-804.839,2250.98,-1659.97,0.632011,-0.615006,-0.464945,0.0784557,31.7878,203.547,117.13,-0.0132264,0.0262262,0.0346643,31.3992,21.7954,51.6623
1759345564948171264,-804.521,2253.01,-1658.8,0.631984,-0.615328,-0.464469,0.0789744,31.778,202.987,117.214,-0.0132252,0.0262273,0.0346624,31.3997,21.7966,51.6641
1759345564958171392,-804.204,2255.04,-1657.63,0.631878,-0.615543,-0.464239,0.0794864,31.7683,202.427,117.298,-0.013224,0.0262284,0.0346604,31.4001,21.7978,51.6659
1759345564968171264,-803.886,2257.06,-1656.45,0.631832,-0.615867,-0.46379,0.0799662,31.7588,201.866,117.386,-0.0132228,0.0262296,0.0346585,31.4005,21.799,51.6678
1759345564978171392,-803.568,2259.07,-1655.28,0.631759,-0.616205,-0.463359,0.080437,31.7493,201.305,117.474,-0.0132216,0.0262307,0.0346565,31.4009,21.8002,51.6696
1759345564988171264,-803.251,2261.08,-1654.1,0.63162,-0.616396,-0.463207,0.080943,31.7397,200.744,117.563,-0.0132204,0.0262318,0.0346546,31.4014,21.8014,51.6714
1759345564998171392,-802.933,2263.09,-1652.93,0.631514,-0.616641,-0.462934,0.0814604,31.7304,200.183,117.652,-0.0132192,0.0262329,0.0346526,31.4018,21.8026,51.6732
1759345565008171264,-802.616,2265.09,-1651.75,0.631398,-0.616924,-0.462628,0.0819496,31.721,199.622,117.742,-0.013218,0.026234,0.0346507,31.4022,21.8038,51.6751
1759345565018171392,-802.298,2267.08,-1650.57,0.63128,-0.617175,-0.462359,0.0824928,31.7112,199.06,117.833,-0.0132168,0.0262351,0.0346488,31.4026,21.805,51.6769
1759345565028171264,-801.981,2269.07,-1649.39,0.63118,-0.617397,-0.462108,0.0829983,31.7015,198.499,117.922,-0.0132155,0.0262363,0.0346468,31.403,21.8061,51.6787
1759345565038171392,-801.664,2271.05,-1648.21,0.631081,-0.617606,-0.461875,0.0834922,31.692,197.938,118.012,-0.0132143,0.0262374,0.0346449,31.4034,21.8073,51.6805
1759345565048171264,-801.347,2273.03,-1647.03,0.630954,-0.617812,-0.461681,0.0839989,31.6819,197.377,118.102,-0.0132131,0.0262385,0.034643,31.4038,21.8085,51.6824
1759345565058171392,-801.03,2275,-1645.85,0.630826,-0.618016,-0.461488,0.0845196,31.6719,196.817,118.191,-0.0132119,0.0262396,0.034641,31.4042,21.8096,51.6842
1759345565068171264,-800.714,2276.97,-1644.67,0.630652,-0.618163,-0.461435,0.085029,31.6621,196.257,118.28,-0.0132107,0.0262407,0.0346391,31.4046,21.8108,51.686
1759345565078171136,-800.397,2278.93,-1643.49,0.630555,-0.618382,-0.461185,0.0855112,31.6524,195.697,118.369,-0.0132095,0.0262419,0.0346372,31.405,21.812,51.6878
1759345565088171264,-800.08,2280.88,-1642.3,0.630465,-0.618618,-0.460906,0.0859767,31.6427,195.137,118.457,-0.0132082,0.026243,0.0346352,31.4054,21.8131,51.6897
1759345565098171136,-799.764,2282.83,-1641.12,0.630297,-0.618751,-0.460867,0.0864517,31.633,194.577,118.546,-0.013207,0.0262441,0.0346333,31.4058,21.8143,51.6915
1759345565108171264,-799.447,2284.77,-1639.93,0.630159,-0.618901,-0.460768,0.0869161,31.6233,194.018,118.634,-0.0132058,0.0262452,0.0346314,31.4061,21.8154,51.6933
1759345565118171136,-799.131,2286.71,-1638.75,0.630016,-0.619055,-0.460671,0.0873623,31.6143,193.458,118.722,-0.0132046,0.0262463,0.0346295,31.4065,21.8166,51.6951
1759345565128171264,-798.815,2288.64,-1637.56,0.629873,-0.619232,-0.460545,0.0878056,31.6062,192.9,118.81,-0.0132034,0.0262475,0.0346275,31.4069,21.8177,51.6969
1759345565138171136,-798.499,2290.57,-1636.37,0.629731,-0.619403,-0.460425,0.0882513,31.5991,192.342,118.897,-0.0132022,0.0262486,0.0346256,31.4072,21.8189,51.6987
1759345565148171264,-798.183,2292.49,-1635.18,0.629569,-0.619584,-0.460324,0.0886556,31.5933,191.786,118.984,-0.0132009,0.0262497,0.0346237,31.4076,21.82,51.7005
1759345565158171136,-797.867,2294.4,-1633.99,0.629391,-0.619717,-0.460317,0.0890273,31.5888,191.23,119.07,-0.0131997,0.0262508,0.0346218,31.4079,21.8211,51.7024
1759345565168171264,-797.551,2296.31,-1632.8,0.62925,-0.6199,-0.460194,0.0893806,31.5857,190.674,119.157,-0.0131985,0.026252,0.0346199,31.4083,21.8222,51.7042
1759345565178171136,-797.235,2298.22,-1631.61,0.629105,-0.620094,-0.460067,0.0897143,31.584,190.117,119.245,-0.0131973,0.0262531,0.034618,31.4086,21.8234,51.706
1759345565188171264,-796.919,2300.11,-1630.41,0.628984,-0.620317,-0.459865,0.0900519,31.5841,189.561,119.333,-0.0131961,0.0262542,0.034616,31.409,21.8245,51.7078
1759345565198171136,-796.603,2302.01,-1629.22,0.628837,-0.620535,-0.45971,0.0903694,31.5851,189.005,119.422,-0.0131948,0.0262553,0.0346141,31.4093,21.8256,51.7096
1759345565208171008,-796.287,2303.9,-1628.03,0.628708,-0.620735,-0.459557,0.0906719,31.5875,188.449,119.512,-0.0131936,0.0262565,0.0346122,31.4097,21.8267,51.7114
1759345565218171136,-795.971,2305.78,-1626.83,0.62857,-0.620947,-0.459402,0.0909581,31.5906,187.894,119.602,-0.0131924,0.0262576,0.0346103,31.41,21.8278,51.7132
1759345565228171008,-795.655,2307.65,-1625.63,0.628354,-0.62105,-0.459505,0.0912341,31.5941,187.339,119.694,-0.0131912,0.0262587,0.0346084,31.4103,21.8289,51.715
1759345565238171136,-795.339,2309.52,-1624.44,0.62819,-0.621329,-0.45929,0.0915486,31.5978,186.785,119.785,-0.0131899,0.0262599,0.0346065,31.4106,21.83,51.7168
1759345565248171008,-795.023,2311.39,-1623.24,0.627996,-0.621723,-0.458951,0.0918992,31.6019,186.232,119.877,-0.0131887,0.026261,0.0346046,31.411,21.8311,51.7186
1759345565258171136,-794.707,2313.25,-1622.04,0.627717,-0.621978,-0.458921,0.0922263,31.6064,185.68,119.97,-0.0131875,0.0262621,0.0346027,31.4113,21.8322,51.7204
1759345565268171008,-794.391,2315.1,-1620.84,0.627472,-0.622325,-0.458715,0.0925852,31.6117,185.127,120.063,-0.0131863,0.0262633,0.0346008,31.4116,21.8333,51.7222
1759345565278171136,-794.075,2316.95,-1619.64,0.627131,-0.622589,-0.458747,0.0929547,31.6174,184.574,120.157,-0.013185,0.0262644,0.0345989,31.4119,21.8344,51.724
1759345565288171008,-793.758,2318.79,-1618.44,0.626814,-0.622949,-0.458612,0.0933491,31.6246,184.02,120.252,-0.0131838,0.0262655,0.034597,31.4122,21.8355,51.7258
1759345565298171136,-793.442,2320.63,-1617.23,0.626488,-0.62332,-0.458474,0.0937345,31.6324,183.467,120.348,-0.0131826,0.0262666,0.0345951,31.4125,21.8366,51.7276
1759345565308171008,-793.125,2322.46,-1616.03,0.626145,-0.623695,-0.458352,0.0941297,31.6406,182.912,120.445,-0.0131813,0.0262678,0.0345933,31.4128,21.8376,51.7294
1759345565318171136,-792.809,2324.29,-1614.82,0.625826,-0.624108,-0.458144,0.0945276,31.6481,182.358,120.545,-0.0131801,0.0262689,0.0345914,31.4131,21.8387,51.7312
1759345565328171008,-792.492,2326.11,-1613.62,0.625494,-0.624459,-0.458033,0.0949423,31.6552,181.803,120.645,-0.0131789,0.02627,0.0345895,31.4134,21.8398,51.733
1759345565338170880,-792.176,2327.93,-1612.41,0.625158,-0.624824,-0.457912,0.0953383,31.6618,181.25,120.746,-0.0131777,0.0262711,0.0345876,31.4137,21.8408,51.7348
1759345565348171008,-791.859,2329.74,-1611.2,0.624786,-0.625206,-0.457822,0.0957029,31.6671,180.697,120.847,-0.0131764,0.0262723,0.0345857,31.4139,21.8419,51.7365
1759345565358170880,-791.542,2331.54,-1609.99,0.624431,-0.625519,-0.457792,0.0961162,31.6722,180.145,120.949,-0.0131752,0.0262734,0.0345838,31.4142,21.843,51.7383
1759345565368171008,-791.225,2333.34,-1608.78,0.624064,-0.625878,-0.457722,0.096495,31.6762,179.593,121.052,-0.013174,0.0262745,0.0345819,31.4145,21.844,51.7401
1759345565378170880,-790.909,2335.13,-1607.57,0.623716,-0.626214,-0.45766,0.0968599,31.6796,179.042,121.155,-0.0131728,0.0262756,0.0345801,31.4148,21.8451,51.7419
1759345565388171008,-790.592,2336.92,-1606.36,0.623399,-0.62668,-0.457382,0.0972017,31.6821,178.492,121.259,-0.0131715,0.0262768,0.0345782,31.415,21.8461,51.7437
1759345565398170880,-790.275,2338.7,-1605.15,0.623048,-0.627024,-0.457312,0.0975567,31.6837,177.942,121.364,-0.0131703,0.0262779,0.0345763,31.4153,21.8472,51.7455
1759345565408171008,-789.958,2340.48,-1603.93,0.622669,-0.62734,-0.457321,0.0979014,31.6852,177.392,121.469,-0.0131691,0.026279,0.0345744,31.4156,21.8482,51.7472
1759345565418170880,-789.641,2342.25,-1602.72,0.622326,-0.627703,-0.457219,0.098236,31.6866,176.842,121.574,-0.0131679,0.0262801,0.0345725,31.4158,21.8493,51.749
1759345565428171008,-789.324,2344.02,-1601.5,0.621977,-0.628064,-0.45713,0.0985493,31.6879,176.293,121.679,-0.0131667,0.0262812,0.0345707,31.4161,21.8503,51.7508
1759345565438170880,-789.007,2345.78,-1600.29,0.621661,-0.628437,-0.456985,0.0988413,31.6893,175.743,121.785,-0.0131654,0.0262823,0.0345688,31.4163,21.8513,51.7526
1759345565448171008,-788.69,2347.53,-1599.07,0.621359,-0.628805,-0.456838,0.099074,31.6907,175.193,121.891,-0.0131642,0.0262834,0.0345669,31.4165,21.8524,51.7543
1759345565458170880,-788.373,2349.28,-1597.85,0.621056,-0.629113,-0.456778,0.0993036,31.6924,174.644,121.997,-0.013163,0.0262846,0.0345651,31.4168,21.8534,51.7561
1759345565468171008,-788.056,2351.02,-1596.63,0.620773,-0.629476,-0.456618,0.0995035,31.6946,174.095,122.104,-0.0131618,0.0262857,0.0345632,31.417,21.8544,51.7579
1759345565478170880,-787.739,2352.76,-1595.41,0.620509,-0.629797,-0.456497,0.0996703,31.698,173.547,122.213,-0.0131605,0.0262868,0.0345613,31.4173,21.8554,51.7596
1759345565488170752,-787.422,2354.5,-1594.18,0.620346,-0.630317,-0.455975,0.0997829,31.7023,172.999,122.322,-0.0131593,0.0262879,0.0345595,31.4175,21.8565,51.7614
1759345565498170880,-787.105,2356.22,-1592.96,0.620094,-0.630652,-0.455816,0.0999616,31.7073,172.452,122.431,-0.0131581,0.026289,0.0345576,31.4177,21.8575,51.7632
1759345565508170752,-786.788,2357.94,-1591.74,0.619844,-0.631076,-0.455538,0.100109,31.714,171.905,122.542,-0.0131569,0.0262901,0.0345558,31.4179,21.8585,51.7649
1759345565518170880,-786.471,2359.66,-1590.51,0.619587,-0.631512,-0.455257,0.100226,31.7209,171.359,122.653,-0.0131557,0.0262912,0.0345539,31.4181,21.8595,51.7667
1759345565528170752,-786.153,2361.37,-1589.28,0.619298,-0.631915,-0.455064,0.100351,31.7287,170.813,122.766,-0.0131544,0.0262923,0.0345521,31.4184,21.8605,51.7684
1759345565538170880,-785.836,2363.08,-1588.05,0.619056,-0.63243,-0.454649,0.100478,31.7368,170.267,122.879,-0.0131532,0.0262934,0.0345502,31.4186,21.8615,51.7702
1759345565548170752,-785.519,2364.78,-1586.83,0.618797,-0.632838,-0.454403,0.100623,31.7448,169.721,122.994,-0.013152,0.0262945,0.0345484,31.4188,21.8625,51.7719
1759345565558170880,-785.201,2366.47,-1585.6,0.618526,-0.633236,-0.454191,0.100741,31.752,169.174,123.109,-0.0131508,0.0262956,0.0345465,31.419,21.8635,51.7737
1759345565568170752,-784.883,2368.16,-1584.36,0.618341,-0.63381,-0.453634,0.100778,31.7585,168.628,123.225,-0.0131496,0.0262967,0.0345447,31.4192,21.8645,51.7755
1759345565578170880,-784.566,2369.84,-1583.13,0.618109,-0.634202,-0.453382,0.100866,31.7636,168.082,123.341,-0.0131483,0.0262977,0.0345428,31.4194,21.8655,51.7772
1759345565588170752,-784.248,2371.52,-1581.9,0.617911,-0.634629,-0.453038,0.10094,31.7677,167.537,123.457,-0.0131471,0.0262988,0.034541,31.4196,21.8665,51.779
1759345565598170880,-783.93,2373.2,-1580.66,0.617733,-0.635023,-0.452714,0.101007,31.7714,166.992,123.574,-0.0131459,0.0262999,0.0345391,31.4198,21.8674,51.7807
1759345565608170752,-783.613,2374.86,-1579.43,0.61757,-0.63543,-0.452359,0.101034,31.774,166.447,123.692,-0.0131447,0.026301,0.0345373,31.4199,21.8684,51.7824
1759345565618170624,-783.295,2376.52,-1578.19,0.617436,-0.635831,-0.451977,0.101035,31.7762,165.902,123.809,-0.0131435,0.0263021,0.0345355,31.4201,21.8694,51.7842
1759345565628170752,-782.977,2378.18,-1576.95,0.61733,-0.636148,-0.45168,0.101015,31.778,165.356,123.928,-0.0131423,0.0263031,0.0345336,31.4203,21.8704,51.7859
1759345565638170624,-782.659,2379.83,-1575.71,0.617297,-0.636503,-0.451238,0.100958,31.7796,164.81,124.048,-0.0131411,0.0263042,0.0345318,31.4205,21.8713,51.7877
1759345565648170752,-782.341,2381.48,-1574.47,0.617256,-0.636858,-0.450807,0.100897,31.7808,164.263,124.168,-0.0131399,0.0263053,0.03453,31.4206,21.8723,51.7894
1759345565658170624,-782.023,2383.12,-1573.23,0.61723,-0.637134,-0.450474,0.100796,31.7814,163.716,124.29,-0.0131387,0.0263063,0.0345281,31.4208,21.8733,51.7911
1759345565668170752,-781.706,2384.75,-1571.98,0.617288,-0.637639,-0.449724,0.100601,31.7817,163.169,124.412,-0.0131375,0.0263074,0.0345263,31.421,21.8742,51.7929
1759345565678170624,-781.388,2386.38,-1570.74,0.617289,-0.637848,-0.449452,0.10049,31.781,162.622,124.535,-0.0131362,0.0263085,0.0345244,31.4211,21.8752,51.7946
1759345565688170752,-781.07,2388,-1569.49,0.617351,-0.638178,-0.448938,0.100309,31.7797,162.076,124.658,-0.013135,0.0263095,0.0345226,31.4213,21.8762,51.7963
1759345565698170624,-780.752,2389.62,-1568.25,0.617452,-0.63857,-0.448286,0.100106,31.7779,161.529,124.78,-0.0131338,0.0263106,0.0345208,31.4214,21.8771,51.7981
1759345565708170752,-780.434,2391.24,-1567,0.617517,-0.638945,-0.447715,0.0998667,31.7756,160.983,124.903,-0.0131326,0.0263116,0.0345189,31.4216,21.8781,51.7998
1759345565718170624,-780.116,2392.84,-1565.75,0.617534,-0.639188,-0.447387,0.0996761,31.7737,160.438,125.024,-0.0131315,0.0263127,0.0345171,31.4217,21.879,51.8015
1759345565728170752,-779.799,2394.44,-1564.5,0.61756,-0.639464,-0.447002,0.0994747,31.7719,159.893,125.145,-0.0131303,0.0263137,0.0345153,31.4219,21.88,51.8032
1759345565738170624,-779.481,2396.04,-1563.24,0.617624,-0.639882,-0.446371,0.0992169,31.7705,159.348,125.266,-0.0131291,0.0263147,0.0345135,31.422,21.8809,51.805
1759345565748170496,-779.163,2397.63,-1561.99,0.617672,-0.64026,-0.445811,0.0990015,31.7691,158.804,125.389,-0.0131279,0.0263158,0.0345116,31.4221,21.8818,51.8067
1759345565758170624,-778.846,2399.22,-1560.74,0.617688,-0.640676,-0.445244,0.0987613,31.7679,158.26,125.513,-0.0131267,0.0263168,0.0345098,31.4223,21.8828,51.8084
1759345565768170496,-778.528,2400.8,-1559.48,0.617709,-0.641195,-0.444522,0.0985147,31.7667,157.717,125.637,-0.0131255,0.0263178,0.034508,31.4224,21.8837,51.8101
1759345565778170624,-778.21,2402.37,-1558.22,0.617672,-0.641666,-0.443939,0.0983063,31.7657,157.173,125.763,-0.0131243,0.0263189,0.0345062,31.4225,21.8846,51.8118
1759345565788170496,-777.893,2403.94,-1556.97,0.617646,-0.642154,-0.443317,0.0980905,31.7651,156.631,125.888,-0.0131231,0.0263199,0.0345044,31.4226,21.8856,51.8135
1759345565798170624,-777.575,2405.5,-1555.71,0.617555,-0.642529,-0.442943,0.0978973,31.7647,156.088,126.015,-0.0131219,0.0263209,0.0345026,31.4227,21.8865,51.8153
1759345565808170496,-777.257,2407.06,-1554.45,0.61753,-0.643066,-0.442248,0.0976725,31.7646,155.545,126.142,-0.0131207,0.0263219,0.0345007,31.4229,21.8874,51.817
1759345565818170624,-776.94,2408.62,-1553.18,0.617517,-0.64357,-0.441584,0.0974349,31.7646,155.002,126.269,-0.0131196,0.0263229,0.0344989,31.423,21.8883,51.8187
1759345565828170496,-776.622,2410.16,-1551.92,0.617548,-0.644023,-0.440935,0.0971824,31.7645,154.459,126.396,-0.0131184,0.0263239,0.0344971,31.4231,21.8892,51.8204
1759345565838170624,-776.304,2411.7,-1550.66,0.617608,-0.644451,-0.44029,0.0968919,31.7638,153.915,126.524,-0.0131172,0.026325,0.0344953,31.4232,21.8902,51.8221
1759345565848170496,-775.987,2413.24,-1549.39,0.617716,-0.644855,-0.439619,0.0965578,31.7625,153.371,126.651,-0.013116,0.026326,0.0344935,31.4233,21.8911,51.8238
1759345565858170624,-775.669,2414.77,-1548.12,0.617876,-0.645208,-0.438956,0.0961968,31.7612,152.827,126.779,-0.0131148,0.0263269,0.0344917,31.4234,21.892,51.8255
1759345565868170496,-775.351,2416.3,-1546.86,0.61811,-0.645507,-0.438275,0.0957884,31.76,152.282,126.906,-0.0131137,0.0263279,0.0344899,31.4235,21.8929,51.8271
1759345565878170368,-775.034,2417.82,-1545.59,0.618366,-0.645776,-0.437611,0.0953581,31.7589,151.737,127.034,-0.0131125,0.0263289,0.0344881,31.4236,21.8938,51.8288
1759345565888170496,-774.716,2419.33,-1544.31,0.618703,-0.646082,-0.436794,0.0948475,31.7572,151.191,127.161,-0.0131113,0.0263299,0.0344863,31.4236,21.8947,51.8305
1759345565898170368,-774.399,2420.84,-1543.04,0.619027,-0.646208,-0.436255,0.0943504,31.7548,150.645,127.288,-0.0131101,0.0263309,0.0344845,31.4237,21.8956,51.8322
1759345565908170496,-774.081,2422.35,-1541.77,0.619396,-0.646368,-0.435613,0.0938014,31.7509,150.098,127.412,-0.013109,0.0263318,0.0344827,31.4238,21.8965,51.8339
1759345565918170368,-773.764,2423.84,-1540.49,0.619838,-0.646578,-0.434797,0.0932181,31.7459,149.551,127.536,-0.0131078,0.0263328,0.0344809,31.4239,21.8974,51.8356
1759345565928170496,-773.446,2425.34,-1539.22,0.620259,-0.646604,-0.434285,0.0926246,31.7393,149.005,127.657,-0.0131066,0.0263338,0.0344791,31.424,21.8983,51.8372
1759345565938170368,-773.129,2426.82,-1537.94,0.62069,-0.646701,-0.433655,0.0920026,31.7321,148.458,127.778,-0.0131055,0.0263347,0.0344773,31.424,21.8992,51.8389
1759345565948170496,-772.812,2428.31,-1536.66,0.621112,-0.6468,-0.433035,0.0913791,31.724,147.911,127.899,-0.0131043,0.0263357,0.0344755,31.4241,21.9001,51.8406
1759345565958170368,-772.495,2429.78,-1535.38,0.621539,-0.646885,-0.432422,0.0907713,31.7159,147.364,128.018,-0.0131032,0.0263366,0.0344737,31.4242,21.9009,51.8422
1759345565968170496,-772.178,2431.25,-1534.1,0.621957,-0.647074,-0.431669,0.0901465,31.7082,146.818,128.137,-0.013102,0.0263376,0.0344719,31.4242,21.9018,51.8439
1759345565978170368,-771.861,2432.72,-1532.82,0.6223,-0.647149,-0.431183,0.0895638,31.7008,146.272,128.255,-0.0131008,0.0263385,0.0344701,31.4243,21.9027,51.8456
1759345565988170496,-771.544,2434.18,-1531.54,0.622644,-0.647297,-0.430583,0.0889906,31.6943,145.725,128.372,-0.0130997,0.0263394,0.0344683,31.4243,21.9036,51.8472
1759345565998170368,-771.227,2435.63,-1530.25,0.622949,-0.647584,-0.429827,0.0884185,31.6881,145.179,128.488,-0.0130985,0.0263403,0.0344665,31.4244,21.9045,51.8489
1759345566008170240,-770.91,2437.08,-1528.97,0.623196,-0.647751,-0.429322,0.087913,31.6821,144.631,128.603,-0.0130974,0.0263413,0.0344647,31.4244,21.9053,51.8505
1759345566018170368,-770.593,2438.53,-1527.68,0.623393,-0.648011,-0.428738,0.0874379,31.6762,144.084,128.718,-0.0130962,0.0263422,0.0344629,31.4245,21.9062,51.8522
1759345566028170240,-770.277,2439.96,-1526.39,0.623534,-0.64834,-0.428123,0.0870155,31.6705,143.536,128.832,-0.0130951,0.0263431,0.0344611,31.4245,21.9071,51.8538
1759345566038170368,-769.96,2441.4,-1525.11,0.623611,-0.648639,-0.427632,0.0866489,31.6653,142.988,128.947,-0.0130939,0.026344,0.0344593,31.4246,21.9079,51.8555
1759345566048170240,-769.643,2442.82,-1523.82,0.62369,-0.649167,-0.426791,0.0862723,31.6604,142.439,129.062,-0.0130928,0.0263449,0.0344575,31.4246,21.9088,51.8571
1759345566058170368,-769.327,2444.25,-1522.52,0.623676,-0.649527,-0.426315,0.0860172,31.6554,141.891,129.178,-0.0130916,0.0263458,0.0344557,31.4247,21.9097,51.8588
1759345566068170240,-769.011,2445.66,-1521.23,0.623608,-0.650006,-0.425735,0.08576,31.6506,141.342,129.295,-0.0130905,0.0263467,0.0344539,31.4247,21.9105,51.8604
1759345566078170368,-768.694,2447.07,-1519.94,0.623495,-0.650608,-0.425031,0.0855111,31.6458,140.793,129.413,-0.0130893,0.0263476,0.0344521,31.4247,21.9114,51.862
1759345566088170240,-768.378,2448.48,-1518.64,0.623323,-0.651176,-0.424452,0.0853124,31.6407,140.245,129.531,-0.0130882,0.0263485,0.0344503,31.4248,21.9123,51.8636
1759345566098170368,-768.061,2449.88,-1517.35,0.623108,-0.651759,-0.423904,0.0851622,31.6352,139.698,129.65,-0.013087,0.0263493,0.0344485,31.4248,21.9131,51.8653
1759345566108170240,-767.745,2451.27,-1516.05,0.622863,-0.652367,-0.423359,0.0850118,31.629,139.15,129.77,-0.0130859,0.0263502,0.0344468,31.4248,21.914,51.8669
1759345566118170368,-767.429,2452.66,-1514.75,0.622614,-0.652964,-0.422828,0.0848913,31.6225,138.603,129.89,-0.0130847,0.0263511,0.034445,31.4249,21.9148,51.8685
1759345566128170240,-767.113,2454.05,-1513.45,0.622297,-0.653532,-0.422432,0.0848121,31.6156,138.057,130.011,-0.0130836,0.026352,0.0344432,31.4249,21.9157,51.8701
1759345566138170368,-766.797,2455.42,-1512.15,0.621957,-0.654175,-0.421953,0.0847365,31.6083,137.511,130.133,-0.0130825,0.0263528,0.0344414,31.4249,21.9165,51.8717
1759345566148170240,-766.481,2456.8,-1510.85,0.621573,-0.654849,-0.421483,0.0846868,31.6008,136.966,130.256,-0.0130813,0.0263537,0.0344396,31.4249,21.9174,51.8733
1759345566158170112,-766.165,2458.16,-1509.55,0.621149,-0.6556,-0.42095,0.0846336,31.5928,136.422,130.379,-0.0130802,0.0263546,0.0344379,31.4249,21.9182,51.8749
1759345566168170240,-765.849,2459.52,-1508.24,0.620689,-0.656328,-0.420493,0.0846462,31.5843,135.878,130.504,-0.0130791,0.0263554,0.0344361,31.425,21.9191,51.8765
1759345566178170112,-765.534,2460.88,-1506.94,0.620186,-0.657067,-0.42007,0.0846987,31.5753,135.335,130.629,-0.013078,0.0263563,0.0344343,31.425,21.9199,51.8781
1759345566188170240,-765.218,2462.23,-1505.63,0.619658,-0.657767,-0.419739,0.0847728,31.5658,134.792,130.756,-0.0130768,0.0263572,0.0344326,31.425,21.9207,51.8797
1759345566198170112,-764.903,2463.58,-1504.32,0.619109,-0.658517,-0.419354,0.0848626,31.556,134.25,130.882,-0.0130757,0.026358,0.0344308,31.425,21.9216,51.8813
1759345566208170240,-764.587,2464.92,-1503.01,0.618558,-0.659344,-0.418856,0.0849226,31.5457,133.708,131.009,-0.0130746,0.0263589,0.034429,31.425,21.9224,51.8829
1759345566218170112,-764.272,2466.25,-1501.7,0.618011,-0.660114,-0.418428,0.0850303,31.5348,133.167,131.136,-0.0130735,0.0263597,0.0344273,31.425,21.9233,51.8844
1759345566228170240,-763.957,2467.58,-1500.39,0.617425,-0.66088,-0.418068,0.0851046,31.5238,132.627,131.264,-0.0130724,0.0263606,0.0344255,31.425,21.9241,51.886
1759345566238170112,-763.642,2468.9,-1499.08,0.616849,-0.661708,-0.417595,0.0851735,31.5126,132.087,131.393,-0.0130713,0.0263614,0.0344237,31.425,21.9249,51.8876
1759345566248170240,-763.327,2470.22,-1497.76,0.616283,-0.662297,-0.417453,0.0853812,31.5012,131.549,131.523,-0.0130702,0.0263623,0.034422,31.425,21.9258,51.8891
1759345566258170112,-763.012,2471.53,-1496.45,0.615715,-0.662979,-0.417192,0.0854668,31.4898,131.011,131.655,-0.0130691,0.0263631,0.0344202,31.425,21.9266,51.8907
1759345566268170240,-762.697,2472.84,-1495.13,0.615136,-0.663729,-0.416837,0.0855519,31.4783,130.474,131.788,-0.013068,0.026364,0.0344185,31.425,21.9274,51.8923
1759345566278170112,-762.382,2474.14,-1493.81,0.614517,-0.664509,-0.416485,0.0856515,31.4667,129.938,131.922,-0.0130669,0.0263648,0.0344167,31.425,21.9283,51.8938
1759345566288169984,-762.068,2475.44,-1492.49,0.613897,-0.665358,-0.416025,0.0857421,31.455,129.402,132.058,-0.0130658,0.0263657,0.034415,31.425,21.9291,51.8954
1759345566298170112,-761.754,2476.73,-1491.17,0.613242,-0.666044,-0.415859,0.0859176,31.4432,128.868,132.196,-0.0130647,0.0263665,0.0344132,31.425,21.9299,51.8969
1759345566308169984,-761.439,2478.02,-1489.85,0.612582,-0.666822,-0.415553,0.0860718,31.4318,128.334,132.336,-0.0130636,0.0263674,0.0344115,31.425,21.9307,51.8984
1759345566318170112,-761.125,2479.3,-1488.52,0.611913,-0.667685,-0.415123,0.0862075,31.4205,127.801,132.477,-0.0130625,0.0263682,0.0344098,31.425,21.9316,51.9
1759345566328169984,-760.811,2480.57,-1487.2,0.611221,-0.668518,-0.414767,0.0863707,31.4091,127.268,132.621,-0.0130614,0.026369,0.034408,31.4249,21.9324,51.9015
1759345566338170112,-760.497,2481.84,-1485.87,0.610513,-0.66934,-0.414446,0.0865606,31.3974,126.736,132.766,-0.0130604,0.0263699,0.0344063,31.4249,21.9332,51.903
1759345566348169984,-760.183,2483.11,-1484.54,0.609812,-0.670122,-0.414175,0.0867448,31.3856,126.205,132.912,-0.0130593,0.0263707,0.0344046,31.4249,21.934,51.9046
1759345566358170112,-759.87,2484.37,-1483.21,0.609132,-0.670934,-0.413829,0.086893,31.3737,125.674,133.059,-0.0130582,0.0263716,0.0344028,31.4249,21.9348,51.9061
1759345566368169984,-759.556,2485.62,-1481.88,0.608451,-0.671717,-0.413526,0.08706,31.3613,125.145,133.208,-0.0130571,0.0263724,0.0344011,31.4249,21.9357,51.9076
1759345566378170112,-759.243,2486.87,-1480.55,0.607785,-0.672425,-0.413322,0.0872181,31.3481,124.616,133.359,-0.013056,0.0263732,0.0343994,31.4248,21.9365,51.9091
1759345566388169984,-758.93,2488.12,-1479.22,0.607133,-0.673201,-0.41299,0.0873475,31.3337,124.088,133.513,-0.013055,0.026374,0.0343977,31.4248,21.9373,51.9106
1759345566398170112,-758.616,2489.35,-1477.88,0.606466,-0.6739,-0.412791,0.0875298,31.3183,123.561,133.667,-0.0130539,0.0263749,0.0343959,31.4248,21.9381,51.9122
1759345566408169984,-758.303,2490.59,-1476.54,0.605801,-0.674746,-0.412364,0.0876323,31.3019,123.036,133.823,-0.0130528,0.0263757,0.0343942,31.4248,21.9389,51.9137
1759345566418169856,-757.991,2491.81,-1475.2,0.605106,-0.675433,-0.412218,0.0878318,31.2842,122.513,133.979,-0.0130518,0.0263765,0.0343925,31.4247,21.9397,51.9152
1759345566428169984,-757.678,2493.04,-1473.86,0.604371,-0.676159,-0.412061,0.0880344,31.2653,121.991,134.137,-0.0130507,0.0263774,0.0343908,31.4247,21.9405,51.9167
1759345566438169856,-757.366,2494.25,-1472.52,0.603581,-0.676898,-0.411952,0.0882896,31.2454,121.47,134.296,-0.0130497,0.0263782,0.0343891,31.4247,21.9413,51.9181
1759345566448169984,-757.053,2495.47,-1471.18,0.602774,-0.67769,-0.411769,0.088582,31.2251,120.951,134.456,-0.0130486,0.026379,0.0343874,31.4246,21.9421,51.9196
1759345566458169856,-756.741,2496.67,-1469.83,0.601927,-0.678488,-0.411623,0.0889125,31.2043,120.432,134.618,-0.0130476,0.0263798,0.0343857,31.4246,21.943,51.9211
1759345566468169984,-756.429,2497.88,-1468.48,0.601044,-0.679261,-0.411556,0.0892888,31.1833,119.914,134.782,-0.0130465,0.0263807,0.034384,31.4246,21.9438,51.9226
1759345566478169856,-756.118,2499.07,-1467.14,0.600133,-0.680105,-0.411405,0.0896792,31.1623,119.396,134.948,-0.0130455,0.0263815,0.0343823,31.4245,21.9446,51.9241
1759345566488169984,-755.806,2500.26,-1465.79,0.599216,-0.680884,-0.411361,0.0901047,31.1414,118.879,135.115,-0.0130444,0.0263823,0.0343806,31.4245,21.9454,51.9255
1759345566498169856,-755.495,2501.45,-1464.43,0.598323,-0.68172,-0.411183,0.0905285,31.1206,118.363,135.284,-0.0130434,0.0263831,0.0343789,31.4244,21.9462,51.927
1759345566508169984,-755.184,2502.63,-1463.08,0.597428,-0.682512,-0.411072,0.0909811,31.0999,117.847,135.454,-0.0130423,0.0263839,0.0343772,31.4244,21.947,51.9285
1759345566518169856,-754.874,2503.81,-1461.72,0.596543,-0.683285,-0.410977,0.0914099,31.0788,117.333,135.625,-0.0130413,0.0263847,0.0343755,31.4244,21.9478,51.9299
1759345566528169984,-754.563,2504.98,-1460.37,0.595701,-0.684053,-0.410828,0.091825,31.0571,116.82,135.797,-0.0130403,0.0263855,0.0343738,31.4243,21.9486,51.9314
1759345566538169856,-754.253,2506.14,-1459.01,0.594881,-0.684771,-0.410729,0.0922375,31.0348,116.308,135.972,-0.0130392,0.0263863,0.0343721,31.4243,21.9494,51.9329
1759345566548169728,-753.943,2507.3,-1457.65,0.594055,-0.685435,-0.410724,0.0926429,31.0118,115.797,136.148,-0.0130382,0.0263872,0.0343705,31.4242,21.9502,51.9343
1759345566558169856,-753.633,2508.46,-1456.29,0.593282,-0.68623,-0.410438,0.0929852,30.9884,115.286,136.326,-0.0130372,0.026388,0.0343688,31.4242,21.951,51.9358
1759345566568169728,-753.323,2509.61,-1454.92,0.592533,-0.686947,-0.410243,0.0933189,30.9646,114.777,136.505,-0.0130361,0.0263888,0.0343671,31.4241,21.9518,51.9372
1759345566578169856,-753.014,2510.75,-1453.56,0.591797,-0.687586,-0.410158,0.0936632,30.9405,114.267,136.685,-0.0130351,0.0263896,0.0343654,31.4241,21.9526,51.9386
1759345566588169728,-752.704,2511.89,-1452.19,0.591075,-0.68814,-0.410188,0.0940264,30.9165,113.759,136.865,-0.0130341,0.0263904,0.0343638,31.424,21.9534,51.9401
1759345566598169856,-752.395,2513.03,-1450.82,0.590377,-0.688729,-0.410123,0.0943729,30.8927,113.25,137.046,-0.0130331,0.0263911,0.0343621,31.4239,21.9542,51.9415
1759345566608169728,-752.087,2514.16,-1449.45,0.589691,-0.689332,-0.410018,0.09472,30.869,112.743,137.229,-0.013032,0.0263919,0.0343605,31.4239,21.9549,51.9429
1759345566618169856,-751.778,2515.28,-1448.07,0.588944,-0.689853,-0.410126,0.0951104,30.8456,112.236,137.412,-0.013031,0.0263927,0.0343588,31.4238,21.9557,51.9444
1759345566628169728,-751.47,2516.4,-1446.7,0.588166,-0.690395,-0.410223,0.0955717,30.8227,111.732,137.595,-0.01303,0.0263935,0.0343571,31.4238,21.9565,51.9458
1759345566638169856,-751.162,2517.52,-1445.32,0.587356,-0.690854,-0.41048,0.0961263,30.7996,111.228,137.779,-0.013029,0.0263943,0.0343555,31.4237,21.9573,51.9472
1759345566648169728,-750.854,2518.63,-1443.94,0.586531,-0.691307,-0.410768,0.0966704,30.7761,110.726,137.963,-0.013028,0.026395,0.0343538,31.4236,21.9581,51.9486
1759345566658169856,-750.547,2519.73,-1442.56,0.585725,-0.691898,-0.410814,0.0971346,30.7521,110.224,138.148,-0.0130269,0.0263958,0.0343522,31.4236,21.9589,51.95
1759345566668169728,-750.239,2520.83,-1441.18,0.584966,-0.692489,-0.410794,0.0975839,30.7271,109.722,138.334,-0.0130259,0.0263966,0.0343505,31.4235,21.9597,51.9515
1759345566678169600,-749.932,2521.93,-1439.8,0.584226,-0.692963,-0.410943,0.0980173,30.7013,109.22,138.519,-0.0130249,0.0263973,0.0343489,31.4234,21.9605,51.9529
1759345566688169728,-749.626,2523.02,-1438.41,0.583513,-0.693516,-0.410938,0.0983817,30.6751,108.717,138.705,-0.0130239,0.0263981,0.0343472,31.4234,21.9613,51.9543
1759345566698169600,-749.319,2524.1,-1437.02,0.582814,-0.69401,-0.411002,0.0987658,30.6483,108.215,138.892,-0.0130229,0.0263989,0.0343455,31.4233,21.962,51.9557
1759345566708169728,-749.013,2525.18,-1435.63,0.582166,-0.694479,-0.411045,0.0991129,30.6208,107.715,139.081,-0.0130219,0.0263996,0.0343439,31.4232,21.9628,51.9571
1759345566718169600,-748.707,2526.26,-1434.24,0.58155,-0.694948,-0.411044,0.0994456,30.5924,107.216,139.272,-0.0130209,0.0264004,0.0343423,31.4231,21.9636,51.9585
1759345566728169728,-748.401,2527.33,-1432.85,0.580935,-0.695346,-0.411169,0.0997393,30.563,106.718,139.464,-0.0130199,0.0264011,0.0343406,31.4231,21.9644,51.9599
1759345566738169600,-748.096,2528.39,-1431.45,0.580326,-0.695741,-0.411285,0.10005,30.533,106.223,139.658,-0.0130189,0.0264018,0.034339,31.423,21.9652,51.9613
1759345566748169728,-747.791,2529.45,-1430.05,0.579731,-0.696192,-0.411303,0.100294,30.5023,105.729,139.852,-0.0130179,0.0264026,0.0343373,31.4229,21.9659,51.9626
1759345566758169600,-747.486,2530.51,-1428.66,0.579141,-0.696559,-0.411446,0.100568,30.4713,105.236,140.048,-0.0130169,0.0264033,0.0343357,31.4228,21.9667,51.964
1759345566768169728,-747.181,2531.56,-1427.25,0.578611,-0.696986,-0.411421,0.100764,30.4398,104.744,140.244,-0.0130159,0.026404,0.034334,31.4227,21.9675,51.9654
1759345566778169600,-746.877,2532.6,-1425.85,0.578076,-0.697352,-0.411507,0.10095,30.4076,104.252,140.442,-0.0130149,0.0264048,0.0343324,31.4226,21.9683,51.9668
1759345566788169728,-746.573,2533.64,-1424.45,0.577663,-0.697743,-0.411392,0.101077,30.3743,103.759,140.642,-0.0130139,0.0264055,0.0343308,31.4226,21.969,51.9682
1759345566798169600,-746.27,2534.68,-1423.04,0.57724,-0.698005,-0.411512,0.101194,30.34,103.267,140.842,-0.013013,0.0264062,0.0343291,31.4225,21.9698,51.9695
1759345566808169728,-745.967,2535.71,-1421.63,0.576841,-0.698302,-0.411542,0.101302,30.305,102.775,141.044,-0.013012,0.0264069,0.0343275,31.4224,21.9706,51.9709
1759345566818169600,-745.664,2536.73,-1420.22,0.576485,-0.698563,-0.411576,0.101389,30.2695,102.284,141.246,-0.013011,0.0264076,0.0343259,31.4223,21.9713,51.9723
1759345566828169472,-745.361,2537.75,-1418.8,0.576141,-0.698804,-0.41163,0.101465,30.2336,101.794,141.449,-0.01301,0.0264083,0.0343242,31.4222,21.9721,51.9736
1759345566838169600,-745.059,2538.77,-1417.39,0.575838,-0.699067,-0.411592,0.101526,30.1977,101.306,141.653,-0.013009,0.026409,0.0343226,31.4221,21.9729,51.975
1759345566848169472,-744.757,2539.78,-1415.97,0.575538,-0.699355,-0.411505,0.101596,30.162,100.819,141.859,-0.013008,0.0264097,0.034321,31.422,21.9736,51.9764
1759345566858169600,-744.456,2540.78,-1414.55,0.575196,-0.699579,-0.411587,0.101664,30.1266,100.333,142.066,-0.013007,0.0264104,0.0343194,31.4219,21.9744,51.9777
1759345566868169472,-744.155,2541.79,-1413.13,0.574904,-0.699822,-0.41157,0.10171,30.092,99.8472,142.273,-0.0130061,0.0264111,0.0343178,31.4218,21.9751,51.9791
1759345566878169600,-743.854,2542.78,-1411.71,0.574629,-0.700074,-0.411509,0.101778,30.0576,99.3615,142.482,-0.0130051,0.0264118,0.0343161,31.4217,21.9759,51.9804
1759345566888169472,-743.554,2543.77,-1410.28,0.57431,-0.700254,-0.411623,0.101876,30.0237,98.8758,142.69,-0.0130041,0.0264125,0.0343145,31.4216,21.9767,51.9818
1759345566898169600,-743.254,2544.76,-1408.85,0.574002,-0.700493,-0.411632,0.101931,29.9898,98.3903,142.9,-0.0130031,0.0264131,0.0343129,31.4215,21.9774,51.9831
1759345566908169472,-742.954,2545.74,-1407.42,0.573769,-0.70076,-0.411475,0.102039,29.9557,97.9046,143.109,-0.0130021,0.0264138,0.0343113,31.4214,21.9782,51.9845
1759345566918169600,-742.655,2546.72,-1405.99,0.57347,-0.700946,-0.41156,0.102109,29.921,97.4186,143.319,-0.0130011,0.0264145,0.0343097,31.4212,21.9789,51.9858
1759345566928169472,-742.356,2547.69,-1404.56,0.573167,-0.701149,-0.411602,0.102244,29.886,96.9329,143.529,-0.0130002,0.0264151,0.0343081,31.4211,21.9797,51.9872
1759345566938169600,-742.057,2548.66,-1403.12,0.572831,-0.701349,-0.41169,0.102396,29.8507,96.4475,143.739,-0.0129992,0.0264158,0.0343065,31.421,21.9804,51.9885
1759345566948169472,-741.759,2549.62,-1401.68,0.572486,-0.70157,-0.411751,0.102572,29.8158,95.9628,143.948,-0.0129982,0.0264164,0.0343049,31.4209,21.9812,51.9899
1759345566958169344,-741.461,2550.57,-1400.24,0.57217,-0.701836,-0.411683,0.102786,29.7813,95.4788,144.158,-0.0129972,0.0264171,0.0343033,31.4208,21.9819,51.9912
1759345566968169472,-741.164,2551.53,-1398.8,0.571756,-0.702057,-0.411823,0.103019,29.7472,94.9956,144.368,-0.0129963,0.0264177,0.0343017,31.4207,21.9827,51.9925
1759345566978169344,-740.866,2552.47,-1397.35,0.571328,-0.702271,-0.41198,0.103306,29.7134,94.5131,144.578,-0.0129953,0.0264183,0.0343001,31.4205,21.9834,51.9939
1759345566988169472,-740.569,2553.42,-1395.91,0.570879,-0.702559,-0.412045,0.103573,29.6801,94.0315,144.788,-0.0129943,0.026419,0.0342985,31.4204,21.9842,51.9952
1759345566998169344,-740.273,2554.36,-1394.46,0.5704,-0.702811,-0.412189,0.103925,29.6462,93.5509,144.999,-0.0129933,0.0264196,0.0342969,31.4203,21.9849,51.9965
1759345567008169472,-739.976,2555.29,-1393.01,0.569878,-0.703105,-0.412322,0.104274,29.6119,93.071,145.21,-0.0129924,0.0264202,0.0342953,31.4202,21.9856,51.9979
1759345567018169344,-739.681,2556.22,-1391.55,0.569317,-0.703445,-0.412426,0.104632,29.5769,92.5921,145.421,-0.0129914,0.0264208,0.0342937,31.42,21.9864,51.9992
1759345567028169472,-739.385,2557.14,-1390.1,0.568719,-0.703778,-0.412582,0.10503,29.5411,92.1147,145.632,-0.0129905,0.0264214,0.0342921,31.4199,21.9871,52.0005
1759345567038169344,-739.09,2558.06,-1388.64,0.568124,-0.704099,-0.412745,0.105453,29.5049,91.638,145.844,-0.0129895,0.026422,0.0342905,31.4198,21.9879,52.0018
1759345567048169472,-738.795,2558.97,-1387.18,0.567485,-0.704421,-0.412964,0.105892,29.4684,91.1619,146.057,-0.0129885,0.0264227,0.0342889,31.4196,21.9886,52.0031
1759345567058169344,-738.501,2559.88,-1385.72,0.566877,-0.704715,-0.413168,0.10639,29.4321,90.6866,146.271,-0.0129876,0.0264232,0.0342873,31.4195,21.9893,52.0045
1759345567068169472,-738.206,2560.79,-1384.26,0.566254,-0.705069,-0.413304,0.10684,29.3962,90.2119,146.485,-0.0129866,0.0264238,0.0342857,31.4193,21.99,52.0058
1759345567078169344,-737.913,2561.69,-1382.79,0.565644,-0.705387,-0.413478,0.107289,29.3611,89.7372,146.702,-0.0129857,0.0264244,0.0342841,31.4192,21.9908,52.0071
1759345567088169216,-737.619,2562.58,-1381.32,0.565062,-0.705669,-0.413675,0.107748,29.3265,89.2628,146.919,-0.0129847,0.026425,0.0342825,31.4191,21.9915,52.0084
1759345567098169344,-737.326,2563.47,-1379.85,0.564523,-0.705925,-0.413858,0.108187,29.2925,88.7888,147.138,-0.0129838,0.0264256,0.034281,31.4189,21.9922,52.0097
1759345567108169216,-737.033,2564.36,-1378.38,0.564045,-0.706137,-0.414029,0.108648,29.259,88.3151,147.358,-0.0129828,0.0264262,0.0342794,31.4188,21.993,52.011
1759345567118169344,-736.741,2565.24,-1376.91,0.563567,-0.706354,-0.414216,0.109002,29.2256,87.8419,147.578,-0.0129819,0.0264267,0.0342778,31.4186,21.9937,52.0123
1759345567128169216,-736.449,2566.11,-1375.43,0.563126,-0.706531,-0.414425,0.109341,29.1919,87.3691,147.798,-0.0129809,0.0264273,0.0342762,31.4185,21.9944,52.0136
1759345567138169344,-736.157,2566.99,-1373.95,0.562753,-0.706667,-0.414617,0.109654,29.1581,86.8968,148.019,-0.01298,0.0264279,0.0342746,31.4183,21.9951,52.0149
1759345567148169216,-735.866,2567.85,-1372.47,0.562407,-0.706784,-0.414807,0.109955,29.1241,86.4249,148.241,-0.012979,0.0264284,0.034273,31.4182,21.9958,52.0162
1759345567158169344,-735.575,2568.71,-1370.98,0.562132,-0.706869,-0.414958,0.110245,29.0895,85.9538,148.462,-0.0129781,0.0264289,0.0342714,31.418,21.9965,52.0175
1759345567168169216,-735.284,2569.57,-1369.5,0.561859,-0.706944,-0.415136,0.110482,29.0548,85.4832,148.684,-0.0129771,0.0264295,0.0342699,31.4178,21.9973,52.0188
1759345567178169344,-734.994,2570.42,-1368.01,0.561606,-0.706989,-0.415341,0.11071,29.0199,85.013,148.906,-0.0129762,0.02643,0.0342683,31.4177,21.998,52.0201
1759345567188169216,-734.704,2571.27,-1366.52,0.561347,-0.707033,-0.415554,0.110944,28.9848,84.5433,149.129,-0.0129753,0.0264306,0.0342667,31.4175,21.9987,52.0214
1759345567198169344,-734.414,2572.11,-1365.03,0.561092,-0.707062,-0.415801,0.111123,28.9497,84.074,149.352,-0.0129743,0.0264311,0.0342651,31.4174,21.9994,52.0227
1759345567208169216,-734.125,2572.95,-1363.53,0.560888,-0.707083,-0.415981,0.111345,28.9145,83.6053,149.575,-0.0129734,0.0264316,0.0342635,31.4172,22.0001,52.024
1759345567218169088,-733.836,2573.79,-1362.04,0.560677,-0.707103,-0.41618,0.111542,28.8795,83.137,149.798,-0.0129725,0.0264321,0.034262,31.417,22.0008,52.0253
1759345567228169216,-733.547,2574.62,-1360.54,0.560424,-0.707118,-0.416452,0.1117,28.845,82.6693,150.022,-0.0129715,0.0264326,0.0342604,31.4169,22.0015,52.0266
1759345567238169088,-733.259,2575.44,-1359.04,0.560231,-0.707139,-0.416613,0.111935,28.8104,82.2025,150.245,-0.0129706,0.0264331,0.0342588,31.4167,22.0022,52.0279
1759345567248169216,-732.971,2576.26,-1357.53,0.560046,-0.707149,-0.41679,0.112137,28.7757,81.7365,150.469,-0.0129697,0.0264336,0.0342572,31.4165,22.0029,52.0292
1759345567258169088,-732.684,2577.07,-1356.03,0.559843,-0.707155,-0.416998,0.112335,28.741,81.2713,150.692,-0.0129688,0.0264341,0.0342557,31.4163,22.0036,52.0304
1759345567268169216,-732.396,2577.88,-1354.52,0.559635,-0.707174,-0.417191,0.112538,28.7062,80.8069,150.916,-0.0129678,0.0264346,0.0342541,31.4162,22.0043,52.0317
1759345567278169088,-732.11,2578.69,-1353.01,0.559429,-0.707213,-0.41733,0.112804,28.6716,80.3432,151.14,-0.0129669,0.0264351,0.0342525,31.416,22.005,52.033
1759345567288169216,-731.823,2579.49,-1351.5,0.559173,-0.70721,-0.417601,0.113092,28.6371,79.8802,151.365,-0.012966,0.0264356,0.0342509,31.4158,22.0057,52.0343
1759345567298169088,-731.537,2580.29,-1349.98,0.558854,-0.70733,-0.41775,0.113363,28.6031,79.4178,151.59,-0.0129651,0.026436,0.0342494,31.4156,22.0064,52.0356
1759345567308169216,-731.251,2581.08,-1348.47,0.558567,-0.707415,-0.417892,0.113729,28.5693,78.9562,151.815,-0.0129641,0.0264365,0.0342478,31.4154,22.0071,52.0368
1759345567318169088,-730.966,2581.87,-1346.95,0.558211,-0.707518,-0.418101,0.114059,28.5366,78.4949,152.041,-0.0129632,0.026437,0.0342462,31.4153,22.0078,52.0381
1759345567328169216,-730.68,2582.65,-1345.42,0.557886,-0.707592,-0.418284,0.11452,28.5044,78.0342,152.268,-0.0129623,0.0264374,0.0342447,31.4151,22.0085,52.0394
1759345567338169088,-730.396,2583.43,-1343.9,0.557482,-0.707749,-0.418447,0.114923,28.473,77.5741,152.496,-0.0129614,0.0264379,0.0342431,31.4149,22.0091,52.0407
1759345567348169216,-730.111,2584.2,-1342.37,0.557087,-0.707885,-0.418614,0.115394,28.4425,77.1143,152.725,-0.0129605,0.0264383,0.0342415,31.4147,22.0098,52.0419
1759345567358169088,-729.827,2584.97,-1340.85,0.556684,-0.70799,-0.418807,0.115991,28.4124,76.6552,152.955,-0.0129595,0.0264388,0.03424,31.4145,22.0105,52.0432
1759345567368168960,-729.543,2585.73,-1339.32,0.556122,-0.707991,-0.419397,0.116547,28.3828,76.1967,153.186,-0.0129586,0.0264392,0.0342384,31.4143,22.0112,52.0445
1759345567378169088,-729.259,2586.49,-1337.78,0.555722,-0.708339,-0.419163,0.117182,28.3535,75.7389,153.417,-0.0129577,0.0264396,0.0342368,31.4141,22.0119,52.0457
1759345567388168960,-728.976,2587.25,-1336.25,0.555199,-0.708576,-0.419295,0.117752,28.3239,75.2817,153.649,-0.0129568,0.0264401,0.0342353,31.4139,22.0125,52.047
1759345567398169088,-728.693,2588,-1334.71,0.554692,-0.708761,-0.419468,0.118407,28.2945,74.8243,153.881,-0.0129559,0.0264405,0.0342337,31.4137,22.0132,52.0483
1759345567408168960,-728.41,2588.74,-1333.17,0.554155,-0.708949,-0.419685,0.119031,28.2655,74.367,154.113,-0.012955,0.0264409,0.0342322,31.4135,22.0139,52.0495
1759345567418169088,-728.127,2589.49,-1331.63,0.553605,-0.708867,-0.420331,0.119799,28.2369,73.9096,154.346,-0.0129541,0.0264413,0.0342306,31.4133,22.0145,52.0508
1759345567428168960,-727.845,2590.22,-1330.08,0.553231,-0.70923,-0.420019,0.12047,28.2098,73.4519,154.579,-0.0129531,0.0264417,0.0342291,31.4131,22.0152,52.0521
1759345567438169088,-727.563,2590.95,-1328.54,0.55271,-0.709355,-0.4203,0.121139,28.1835,72.9948,154.814,-0.0129522,0.0264421,0.0342275,31.4129,22.0159,52.0533
1759345567448168960,-727.282,2591.68,-1326.99,0.552217,-0.709511,-0.420485,0.121834,28.1583,72.5381,155.049,-0.0129513,0.0264425,0.0342259,31.4127,22.0165,52.0546
1759345567458169088,-727,2592.41,-1325.44,0.55173,-0.709616,-0.420736,0.122558,28.134,72.082,155.285,-0.0129504,0.0264429,0.0342244,31.4125,22.0172,52.0559
1759345567468168960,-726.719,2593.12,-1323.88,0.551233,-0.70978,-0.420903,0.123266,28.1105,71.6266,155.523,-0.0129495,0.0264432,0.0342228,31.4123,22.0179,52.0571
1759345567478169088,-726.438,2593.84,-1322.33,0.550709,-0.709939,-0.421106,0.124002,28.0877,71.1724,155.761,-0.0129486,0.0264436,0.0342213,31.4121,22.0185,52.0584
1759345567488168960,-726.157,2594.55,-1320.77,0.550128,-0.710074,-0.421398,0.124808,28.0653,70.7191,156,-0.0129477,0.026444,0.0342197,31.4118,22.0192,52.0596
1759345567498168832,-725.877,2595.25,-1319.21,0.549544,-0.710298,-0.421551,0.125593,28.0434,70.2667,156.239,-0.0129468,0.0264444,0.0342182,31.4116,22.0198,52.0609
1759345567508168960,-725.596,2595.95,-1317.64,0.548927,-0.710454,-0.421843,0.126423,28.0219,69.8147,156.479,-0.0129459,0.0264447,0.0342166,31.4114,22.0205,52.0621
1759345567518168832,-725.316,2596.65,-1316.08,0.548284,-0.710696,-0.422043,0.127184,28.0012,69.363,156.72,-0.012945,0.0264451,0.0342151,31.4112,22.0212,52.0634
1759345567528168960,-725.036,2597.34,-1314.51,0.547643,-0.710894,-0.422311,0.127945,27.9812,68.9115,156.961,-0.0129441,0.0264454,0.0342135,31.411,22.0218,52.0646
1759345567538168832,-724.757,2598.03,-1312.94,0.547046,-0.711073,-0.422532,0.128775,27.9621,68.4599,157.204,-0.0129432,0.0264457,0.034212,31.4107,22.0225,52.0659
1759345567548168960,-724.477,2598.71,-1311.36,0.546421,-0.711255,-0.422776,0.129616,27.944,68.0092,157.448,-0.0129422,0.0264461,0.0342104,31.4105,22.0231,52.0671
1759345567558168832,-724.198,2599.39,-1309.79,0.545823,-0.711426,-0.422995,0.130483,27.9277,67.5586,157.693,-0.0129413,0.0264464,0.0342089,31.4103,22.0237,52.0684
1759345567568168960,-723.919,2600.06,-1308.21,0.545207,-0.71159,-0.423258,0.131308,27.9127,67.1089,157.939,-0.0129404,0.0264467,0.0342074,31.4101,22.0244,52.0696
1759345567578168832,-723.64,2600.73,-1306.63,0.54459,-0.711751,-0.423525,0.132134,27.8988,66.66,158.186,-0.0129395,0.0264471,0.0342058,31.4098,22.025,52.0709
1759345567588168960,-723.361,2601.39,-1305.05,0.543966,-0.711899,-0.423826,0.132941,27.8865,66.2116,158.433,-0.0129386,0.0264474,0.0342043,31.4096,22.0257,52.0721
1759345567598168832,-723.082,2602.05,-1303.46,0.543376,-0.712069,-0.424061,0.133691,27.8752,65.7641,158.681,-0.0129377,0.0264477,0.0342027,31.4094,22.0263,52.0734
1759345567608168960,-722.803,2602.71,-1301.87,0.542778,-0.712222,-0.42433,0.134444,27.8643,65.3175,158.929,-0.0129368,0.026448,0.0342012,31.4091,22.027,52.0746
1759345567618168832,-722.525,2603.36,-1300.28,0.542195,-0.712369,-0.424597,0.135176,27.8533,64.8722,159.179,-0.0129359,0.0264483,0.0341997,31.4089,22.0276,52.0759
1759345567628168704,-722.246,2604.01,-1298.69,0.541596,-0.712505,-0.424918,0.135848,27.8426,64.4279,159.429,-0.012935,0.0264486,0.0341981,31.4087,22.0282,52.0771
1759345567638168832,-721.968,2604.65,-1297.09,0.541001,-0.712638,-0.425231,0.136539,27.8308,63.9849,159.68,-0.0129341,0.0264489,0.0341966,31.4084,22.0289,52.0784
1759345567648168704,-721.689,2605.28,-1295.5,0.540415,-0.712761,-0.425549,0.137229,27.8185,63.5429,159.932,-0.0129333,0.0264491,0.0341951,31.4082,22.0295,52.0796
1759345567658168832,-721.411,2605.92,-1293.89,0.539795,-0.712898,-0.425879,0.137931,27.8059,63.1019,160.184,-0.0129324,0.0264494,0.0341935,31.408,22.0301,52.0809
1759345567668168704,-721.133,2606.55,-1292.29,0.539165,-0.713034,-0.426227,0.138614,27.7935,62.6627,160.436,-0.0129315,0.0264497,0.034192,31.4077,22.0307,52.0821
1759345567678168832,-720.855,2607.17,-1290.69,0.538546,-0.713133,-0.426602,0.139359,27.7816,62.2245,160.688,-0.0129306,0.02645,0.0341905,31.4075,22.0314,52.0833
1759345567688168704,-720.578,2607.79,-1289.08,0.537896,-0.713304,-0.426927,0.139995,27.7702,61.7874,160.941,-0.0129297,0.0264502,0.0341889,31.4072,22.032,52.0846
1759345567698168832,-720.3,2608.41,-1287.47,0.537242,-0.713454,-0.427275,0.140678,27.7595,61.351,161.194,-0.0129288,0.0264505,0.0341874,31.407,22.0326,52.0858
1759345567708168704,-720.023,2609.02,-1285.85,0.536561,-0.713561,-0.427711,0.141405,27.7494,60.9154,161.449,-0.0129279,0.0264507,0.0341859,31.4067,22.0332,52.0871
1759345567718168832,-719.745,2609.62,-1284.24,0.535911,-0.713739,-0.428004,0.142084,27.7398,60.4802,161.705,-0.0129271,0.026451,0.0341843,31.4065,22.0338,52.0883
1759345567728168704,-719.468,2610.23,-1282.62,0.535273,-0.713893,-0.428302,0.14282,27.7308,60.0455,161.962,-0.0129262,0.0264512,0.0341828,31.4062,22.0345,52.0896
1759345567738168832,-719.19,2610.83,-1281,0.534613,-0.713946,-0.428786,0.143573,27.7225,59.6112,162.22,-0.0129253,0.0264514,0.0341813,31.406,22.0351,52.0908
1759345567748168704,-718.913,2611.42,-1279.38,0.533962,-0.714173,-0.428986,0.144264,27.7147,59.1769,162.478,-0.0129244,0.0264517,0.0341797,31.4057,22.0357,52.092
1759345567758168576,-718.636,2612.01,-1277.75,0.533306,-0.71433,-0.429296,0.14499,27.7073,58.7432,162.738,-0.0129236,0.0264519,0.0341782,31.4055,22.0363,52.0933
1759345567768168704,-718.359,2612.59,-1276.12,0.532665,-0.714463,-0.429625,0.145714,27.7002,58.31,162.999,-0.0129227,0.0264521,0.0341767,31.4052,22.0369,52.0945
1759345567778168576,-718.082,2613.17,-1274.49,0.532016,-0.714586,-0.429984,0.146422,27.6934,57.8778,163.259,-0.0129218,0.0264523,0.0341751,31.4049,22.0375,52.0957
1759345567788168704,-717.805,2613.75,-1272.86,0.531396,-0.714689,-0.430343,0.147114,27.6871,57.4465,163.521,-0.0129209,0.0264525,0.0341736,31.4047,22.0381,52.097
1759345567798168576,-717.528,2614.32,-1271.22,0.530812,-0.714778,-0.430665,0.147849,27.6816,57.016,163.782,-0.0129201,0.0264527,0.0341721,31.4044,22.0387,52.0982
1759345567808168704,-717.252,2614.89,-1269.58,0.5302,-0.714848,-0.43106,0.148553,27.6768,56.5864,164.044,-0.0129192,0.0264529,0.0341706,31.4042,22.0393,52.0995
1759345567818168576,-716.975,2615.46,-1267.94,0.52954,-0.715016,-0.431375,0.149179,27.6727,56.1582,164.307,-0.0129183,0.0264531,0.034169,31.4039,22.0399,52.1007
1759345567828168704,-716.698,2616.01,-1266.29,0.528911,-0.715136,-0.431714,0.149859,27.6696,55.7309,164.571,-0.0129175,0.0264533,0.0341675,31.4036,22.0405,52.1019
1759345567838168576,-716.421,2616.57,-1264.65,0.528271,-0.715183,-0.432165,0.150588,27.6674,55.3046,164.836,-0.0129166,0.0264534,0.034166,31.4034,22.0411,52.1032
1759345567848168704,-716.145,2617.12,-1263,0.527479,-0.715312,-0.432734,0.151114,27.6665,54.8791,165.102,-0.0129157,0.0264536,0.0341645,31.4031,22.0417,52.1044
1759345567858168576,-715.868,2617.67,-1261.35,0.526854,-0.715375,-0.433122,0.151885,27.6666,54.4542,165.369,-0.0129149,0.0264538,0.0341629,31.4028,22.0423,52.1056
1759345567868168704,-715.591,2618.21,-1259.69,0.526175,-0.715634,-0.433305,0.152493,27.6677,54.0301,165.636,-0.012914,0.0264539,0.0341614,31.4025,22.0429,52.1069
1759345567878168576,-715.315,2618.75,-1258.03,0.525488,-0.715746,-0.433722,0.153153,27.6693,53.6067,165.905,-0.0129132,0.0264541,0.0341599,31.4023,22.0435,52.1081
1759345567888168448,-715.038,2619.28,-1256.37,0.524925,-0.715827,-0.433986,0.153954,27.6717,53.1841,166.175,-0.0129123,0.0264542,0.0341584,31.402,22.0441,52.1094
1759345567898168576,-714.761,2619.81,-1254.71,0.52423,-0.715943,-0.434387,0.154651,27.6749,52.7621,166.445,-0.0129115,0.0264544,0.0341569,31.4017,22.0447,52.1106
1759345567908168448,-714.484,2620.34,-1253.04,0.523541,-0.71612,-0.434681,0.155335,27.6782,52.341,166.716,-0.0129106,0.0264545,0.0341553,31.4014,22.0453,52.1118
1759345567918168576,-714.208,2620.86,-1251.37,0.522851,-0.716219,-0.435076,0.156096,27.6819,51.9207,166.988,-0.0129097,0.0264546,0.0341538,31.4011,22.0459,52.1131
1759345567928168448,-713.931,2621.37,-1249.7,0.522148,-0.716459,-0.435282,0.156772,27.6859,51.5014,167.26,-0.0129089,0.0264548,0.0341523,31.4009,22.0464,52.1143
1759345567938168576,-713.654,2621.89,-1248.03,0.521405,-0.716608,-0.435658,0.157517,27.6903,51.0829,167.533,-0.012908,0.0264549,0.0341508,31.4006,22.047,52.1155
1759345567948168448,-713.377,2622.4,-1246.35,0.520666,-0.716703,-0.436102,0.1583,27.6954,50.6653,167.806,-0.0129072,0.026455,0.0341493,31.4003,22.0476,52.1168
1759345567958168576,-713.1,2622.9,-1244.67,0.519867,-0.716894,-0.436481,0.159012,27.7012,50.2483,168.079,-0.0129064,0.0264551,0.0341477,31.4,22.0482,52.118
1759345567968168448,-712.823,2623.4,-1242.99,0.519137,-0.717084,-0.436766,0.159759,27.7078,49.832,168.354,-0.0129055,0.0264552,0.0341462,31.3997,22.0487,52.1193
1759345567978168576,-712.546,2623.9,-1241.31,0.518382,-0.717175,-0.437237,0.160511,27.7156,49.4162,168.629,-0.0129047,0.0264553,0.0341447,31.3994,22.0493,52.1205
1759345567988168448,-712.269,2624.39,-1239.62,0.517654,-0.717325,-0.437604,0.161189,27.7245,49.0012,168.906,-0.0129038,0.0264554,0.0341432,31.3991,22.0499,52.1217
1759345567998168576,-711.991,2624.88,-1237.93,0.516913,-0.717502,-0.437949,0.161841,27.7342,48.5872,169.184,-0.012903,0.0264555,0.0341417,31.3988,22.0505,52.123
1759345568008168448,-711.714,2625.36,-1236.24,0.516194,-0.717627,-0.438339,0.162524,27.7446,48.1741,169.463,-0.0129021,0.0264556,0.0341402,31.3986,22.051,52.1242
1759345568018168576,-711.436,2625.84,-1234.54,0.515484,-0.717778,-0.4387,0.163137,27.7554,47.7619,169.743,-0.0129013,0.0264557,0.0341387,31.3983,22.0516,52.1254
1759345568028168448,-711.159,2626.32,-1232.84,0.515026,-0.718293,-0.438158,0.16377,27.7668,47.3506,170.023,-0.0129005,0.0264557,0.0341372,31.398,22.0522,52.1267
1759345568038168320,-710.881,2626.79,-1231.14,0.514444,-0.718401,-0.438411,0.164444,27.7776,46.9403,170.304,-0.0128996,0.0264558,0.0341357,31.3977,22.0527,52.1279
1759345568048168448,-710.603,2627.25,-1229.43,0.513809,-0.718477,-0.438802,0.165058,27.7889,46.5305,170.586,-0.0128988,0.0264559,0.0341341,31.3974,22.0533,52.1292
1759345568058168320,-710.325,2627.72,-1227.73,0.513115,-0.718558,-0.43927,0.165616,27.8007,46.1209,170.868,-0.012898,0.0264559,0.0341326,31.3971,22.0539,52.1304
1759345568068168448,-710.047,2628.18,-1226.02,0.512481,-0.718627,-0.439664,0.166235,27.8133,45.7122,171.151,-0.0128971,0.026456,0.0341311,31.3968,22.0544,52.1316
1759345568078168320,-709.769,2628.63,-1224.3,0.511864,-0.718641,-0.440145,0.166801,27.8272,45.3042,171.434,-0.0128963,0.026456,0.0341296,31.3965,22.055,52.1329
1759345568088168448,-709.49,2629.08,-1222.59,0.511276,-0.71868,-0.440573,0.167307,27.8428,44.8968,171.717,-0.0128955,0.0264561,0.0341281,31.3962,22.0555,52.1341
1759345568098168320,-709.212,2629.53,-1220.87,0.510759,-0.718749,-0.440875,0.167791,27.86,44.4898,172.001,-0.0128947,0.0264561,0.0341266,31.3959,22.0561,52.1354
1759345568108168448,-708.933,2629.97,-1219.15,0.509982,-0.718478,-0.442093,0.168111,27.8779,44.0835,172.285,-0.0128938,0.0264561,0.0341251,31.3956,22.0566,52.1366
1759345568118168320,-708.654,2630.41,-1217.42,0.50948,-0.718314,-0.442754,0.168595,27.8964,43.6772,172.568,-0.012893,0.0264562,0.0341236,31.3952,22.0572,52.1378
1759345568128168448,-708.375,2630.84,-1215.7,0.509027,-0.718288,-0.443203,0.168894,27.9153,43.2712,172.852,-0.0128922,0.0264562,0.0341221,31.3949,22.0577,52.1391
1759345568138168320,-708.096,2631.28,-1213.97,0.508679,-0.718243,-0.443561,0.169192,27.934,42.8653,173.136,-0.0128914,0.0264562,0.0341206,31.3946,22.0583,52.1403
1759345568148168448,-707.817,2631.7,-1212.23,0.508341,-0.718129,-0.444031,0.169459,27.9519,42.4597,173.419,-0.0128906,0.0264562,0.0341191,31.3943,22.0588,52.1416
1759345568158168320,-707.537,2632.12,-1210.5,0.508089,-0.717992,-0.444478,0.169624,27.9694,42.0546,173.703,-0.0128898,0.0264562,0.0341176,31.394,22.0594,52.1428
1759345568168168192,-707.257,2632.54,-1208.76,0.507876,-0.717852,-0.444915,0.169709,27.9864,41.6501,173.985,-0.012889,0.0264562,0.0341161,31.3937,22.0599,52.1441
1759345568178168320,-706.977,2632.96,-1207.02,0.507704,-0.717687,-0.445353,0.169774,28.0028,41.2463,174.267,-0.0128882,0.0264562,0.0341146,31.3934,22.0605,52.1453
1759345568188168192,-706.697,2633.37,-1205.27,0.507551,-0.717515,-0.445788,0.169816,28.0194,40.8428,174.549,-0.0128874,0.0264562,0.0341131,31.3931,22.061,52.1465
1759345568198168320,-706.417,2633.77,-1203.53,0.507383,-0.717366,-0.446226,0.169795,28.0354,40.4399,174.83,-0.0128866,0.0264561,0.0341115,31.3928,22.0616,52.1478
1759345568208168192,-706.136,2634.18,-1201.78,0.507235,-0.717201,-0.446651,0.169816,28.0512,40.0373,175.11,-0.0128858,0.0264561,0.03411,31.3924,22.0621,52.149
1759345568218168320,-705.856,2634.57,-1200.03,0.507027,-0.717066,-0.447099,0.169833,28.0665,39.6351,175.39,-0.012885,0.0264561,0.0341085,31.3921,22.0626,52.1503
1759345568228168192,-705.575,2634.97,-1198.27,0.506809,-0.716955,-0.447494,0.169908,28.0812,39.2333,175.671,-0.0128842,0.026456,0.034107,31.3918,22.0632,52.1515
1759345568238168320,-705.294,2635.36,-1196.51,0.506527,-0.716879,-0.44791,0.169975,28.0961,38.8318,175.952,-0.0128834,0.026456,0.0341055,31.3915,22.0637,52.1528
1759345568248168192,-705.013,2635.74,-1194.75,0.506257,-0.716966,-0.448072,0.169986,28.1113,38.4307,176.234,-0.0128826,0.0264559,0.034104,31.3912,22.0642,52.154
1759345568258168320,-704.732,2636.13,-1192.99,0.505994,-0.717033,-0.448227,0.170081,28.127,38.0303,176.516,-0.0128818,0.0264559,0.0341025,31.3908,22.0648,52.1553
1759345568268168192,-704.451,2636.5,-1191.22,0.505728,-0.716955,-0.448588,0.170246,28.143,37.6303,176.799,-0.012881,0.0264558,0.034101,31.3905,22.0653,52.1565
1759345568278168320,-704.169,2636.88,-1189.45,0.505436,-0.71697,-0.448851,0.170358,28.1609,37.2312,177.082,-0.0128803,0.0264558,0.0340995,31.3902,22.0658,52.1578
1759345568288168192,-703.887,2637.25,-1187.68,0.505174,-0.716965,-0.449086,0.170537,28.1796,36.8331,177.365,-0.0128795,0.0264557,0.034098,31.3899,22.0664,52.159
1759345568298168064,-703.605,2637.62,-1185.9,0.504847,-0.716847,-0.449549,0.170778,28.1988,36.4362,177.649,-0.0128787,0.0264556,0.0340965,31.3895,22.0669,52.1603
1759345568308168192,-703.323,2637.98,-1184.13,0.504475,-0.716981,-0.449741,0.170809,28.2183,36.0401,177.935,-0.0128779,0.0264556,0.034095,31.3892,22.0674,52.1615
1759345568318168064,-703.041,2638.34,-1182.35,0.504109,-0.716872,-0.450246,0.171019,28.2379,35.6444,178.221,-0.0128771,0.0264555,0.0340935,31.3889,22.0679,52.1628
1759345568328168192,-702.759,2638.69,-1180.56,0.50377,-0.716977,-0.45044,0.171067,28.2579,35.2486,178.508,-0.0128764,0.0264554,0.034092,31.3886,22.0685,52.164
1759345568338168064,-702.476,2639.04,-1178.78,0.503551,-0.717001,-0.450566,0.17128,28.2778,34.8529,178.795,-0.0128756,0.0264553,0.0340905,31.3882,22.069,52.1653
1759345568348168192,-702.193,2639.39,-1176.99,0.503243,-0.716883,-0.451055,0.17139,28.2979,34.4575,179.082,-0.0128748,0.0264552,0.034089,31.3879,22.0695,52.1665
1759345568358168064,-701.91,2639.73,-1175.19,0.503074,-0.716842,-0.45127,0.171489,28.3187,34.0619,179.368,-0.012874,0.0264551,0.0340875,31.3876,22.07,52.1678
1759345568368168192,-701.627,2640.07,-1173.4,0.502908,-0.716736,-0.451579,0.171606,28.3401,33.6661,179.655,-0.0128733,0.026455,0.034086,31.3872,22.0705,52.169
1759345568378168064,-701.343,2640.4,-1171.6,0.502741,-0.716667,-0.451876,0.171604,28.3624,33.2699,179.942,-0.0128725,0.0264549,0.0340845,31.3869,22.0711,52.1703
1759345568388168192,-701.059,2640.73,-1169.8,0.502673,-0.716717,-0.451887,0.171566,28.3854,32.8732,180.228,-0.0128717,0.0264548,0.034083,31.3866,22.0716,52.1715
1759345568398168064,-700.775,2641.06,-1168,0.502774,-0.717032,-0.45132,0.171445,28.4088,32.4763,180.515,-0.0128709,0.0264546,0.0340815,31.3862,22.0721,52.1728
1759345568408168192,-700.491,2641.38,-1166.19,0.502785,-0.716917,-0.451521,0.171367,28.4324,32.079,180.801,-0.0128702,0.0264545,0.03408,31.3859,22.0726,52.174
1759345568418168064,-700.207,2641.7,-1164.38,0.502819,-0.716748,-0.451791,0.171258,28.4569,31.6815,181.085,-0.0128694,0.0264544,0.0340785,31.3856,22.0731,52.1753
1759345568428167936,-699.922,2642.02,-1162.57,0.502853,-0.716587,-0.452078,0.171076,28.4819,31.2839,181.37,-0.0128686,0.0264542,0.034077,31.3852,22.0736,52.1765
1759345568438168064,-699.637,2642.33,-1160.75,0.50298,-0.716382,-0.452313,0.17094,28.5074,30.8865,181.653,-0.0128679,0.0264541,0.0340755,31.3849,22.0741,52.1778
1759345568448167936,-699.352,2642.63,-1158.93,0.503071,-0.716187,-0.452608,0.17071,28.5332,30.4893,181.935,-0.0128671,0.0264539,0.034074,31.3846,22.0746,52.1791
1759345568458168064,-699.066,2642.94,-1157.11,0.503196,-0.715989,-0.452867,0.170484,28.5592,30.0922,182.217,-0.0128663,0.0264538,0.0340725,31.3842,22.0751,52.1803
1759345568468167936,-698.781,2643.23,-1155.29,0.503364,-0.715768,-0.45311,0.170269,28.5851,29.6952,182.499,-0.0128656,0.0264536,0.034071,31.3839,22.0757,52.1816
1759345568478168064,-698.495,2643.53,-1153.46,0.503484,-0.71558,-0.453382,0.169984,28.6111,29.2981,182.78,-0.0128648,0.0264535,0.0340695,31.3835,22.0762,52.1828
1759345568488167936,-698.209,2643.82,-1151.63,0.503624,-0.715386,-0.453639,0.169698,28.637,28.901,183.06,-0.012864,0.0264533,0.034068,31.3832,22.0767,52.1841
1759345568498168064,-697.922,2644.11,-1149.8,0.503735,-0.715197,-0.453928,0.169392,28.6623,28.5041,183.34,-0.0128633,0.0264531,0.0340666,31.3829,22.0772,52.1854
1759345568508167936,-697.635,2644.39,-1147.97,0.503873,-0.715026,-0.454141,0.169134,28.6875,28.107,183.62,-0.0128625,0.0264529,0.0340651,31.3825,22.0777,52.1866
1759345568518168064,-697.348,2644.67,-1146.13,0.503979,-0.71486,-0.454401,0.168819,28.7124,27.7098,183.898,-0.0128618,0.0264527,0.0340636,31.3822,22.0782,52.1879
1759345568528167936,-697.061,2644.94,-1144.29,0.504118,-0.714681,-0.45463,0.168546,28.7372,27.3126,184.175,-0.012861,0.0264525,0.0340621,31.3818,22.0787,52.1891
1759345568538168064,-696.774,2645.21,-1142.45,0.504203,-0.714532,-0.45489,0.168221,28.7619,26.9154,184.451,-0.0128602,0.0264523,0.0340606,31.3815,22.0792,52.1904
1759345568548167936,-696.486,2645.48,-1140.6,0.50432,-0.714375,-0.455108,0.167949,28.7865,26.5182,184.726,-0.0128595,0.0264521,0.0340591,31.3812,22.0797,52.1917
1759345568558167808,-696.198,2645.74,-1138.75,0.504401,-0.71424,-0.455333,0.16767,28.811,26.121,185.001,-0.0128587,0.0264519,0.0340576,31.3808,22.0802,52.1929
1759345568568167936,-695.91,2646,-1136.9,0.504461,-0.714103,-0.45557,0.167425,28.8354,25.724,185.277,-0.012858,0.0264517,0.0340561,31.3805,22.0807,52.1942
1759345568578167808,-695.621,2646.26,-1135.05,0.504502,-0.714002,-0.455781,0.16716,28.8597,25.3274,185.553,-0.0128572,0.0264515,0.0340546,31.3801,22.0812,52.1955
1759345568588167936,-695.333,2646.51,-1133.19,0.504523,-0.713904,-0.456008,0.166897,28.884,24.9308,185.829,-0.0128565,0.0264513,0.0340531,31.3798,22.0817,52.1967
1759345568598167808,-695.044,2646.76,-1131.33,0.50456,-0.713806,-0.456201,0.166675,28.9088,24.5345,186.105,-0.0128557,0.0264511,0.0340516,31.3794,22.0822,52.198
1759345568608167936,-694.755,2647,-1129.47,0.504605,-0.713728,-0.456348,0.166474,28.9342,24.1381,186.38,-0.0128549,0.0264508,0.0340501,31.3791,22.0827,52.1992
1759345568618167808,-694.465,2647.24,-1127.6,0.504625,-0.713643,-0.45655,0.166221,28.9604,23.7416,186.656,-0.0128542,0.0264506,0.0340486,31.3787,22.0832,52.2005
1759345568628167936,-694.175,2647.48,-1125.73,0.504683,-0.713585,-0.456666,0.165976,28.9877,23.3439,186.931,-0.0128534,0.0264503,0.0340472,31.3784,22.0837,52.2018
1759345568638167808,-693.885,2647.71,-1123.86,0.504813,-0.713476,-0.456764,0.165778,29.0155,22.9456,187.206,-0.0128527,0.0264501,0.0340457,31.3781,22.0842,52.203
1759345568648167936,-693.595,2647.93,-1121.99,0.504926,-0.71331,-0.456976,0.165562,29.044,22.5466,187.481,-0.0128519,0.0264498,0.0340442,31.3777,22.0846,52.2043
1759345568658167808,-693.305,2648.16,-1120.11,0.50502,-0.713215,-0.457151,0.165205,29.0725,22.1471,187.755,-0.0128512,0.0264496,0.0340427,31.3774,22.0851,52.2056
1759345568668167936,-693.014,2648.38,-1118.23,0.505203,-0.713069,-0.457269,0.16495,29.1011,21.7473,188.029,-0.0128504,0.0264493,0.0340412,31.377,22.0856,52.2068
1759345568678167808,-692.723,2648.59,-1116.35,0.505354,-0.712913,-0.457452,0.16465,29.1301,21.3474,188.301,-0.0128497,0.0264491,0.0340397,31.3767,22.0861,52.2081
1759345568688167936,-692.431,2648.8,-1114.47,0.505588,-0.712733,-0.457575,0.164371,29.1594,20.9475,188.573,-0.0128489,0.0264488,0.0340382,31.3763,22.0866,52.2094
1759345568698167808,-692.14,2649.01,-1112.58,0.505795,-0.712571,-0.457713,0.164052,29.1889,20.5476,188.844,-0.0128481,0.0264485,0.0340367,31.376,22.0871,52.2106
1759345568708167680,-691.848,2649.21,-1110.69,0.506033,-0.712398,-0.457821,0.163765,29.2188,20.1482,189.115,-0.0128474,0.0264482,0.0340353,31.3756,22.0876,52.2119
1759345568718167808,-691.555,2649.41,-1108.8,0.506239,-0.712242,-0.457955,0.163434,29.2492,19.7491,189.385,-0.0128466,0.0264479,0.0340338,31.3753,22.0881,52.2132
1759345568728167680,-691.263,2649.61,-1106.9,0.506387,-0.712118,-0.458099,0.163111,29.2801,19.3504,189.654,-0.0128459,0.0264476,0.0340323,31.3749,22.0886,52.2144
1759345568738167808,-690.97,2649.8,-1105.01,0.506547,-0.711998,-0.45822,0.162797,29.3111,18.9517,189.923,-0.0128451,0.0264474,0.0340308,31.3746,22.0891,52.2157
1759345568748167680,-690.677,2649.99,-1103.11,0.506639,-0.711838,-0.458481,0.162477,29.3423,18.5528,190.192,-0.0128444,0.0264471,0.0340293,31.3742,22.0896,52.217
1759345568758167808,-690.383,2650.17,-1101.2,0.506727,-0.711769,-0.458611,0.162135,29.3737,18.1537,190.461,-0.0128436,0.0264468,0.0340279,31.3739,22.0901,52.2182
1759345568768167680,-690.089,2650.35,-1099.3,0.506857,-0.711634,-0.458749,0.161937,29.4051,17.7544,190.728,-0.0128428,0.0264464,0.0340264,31.3735,22.0905,52.2195
1759345568778167808,-689.795,2650.53,-1097.39,0.506966,-0.711623,-0.458726,0.161704,29.4371,17.355,190.996,-0.0128421,0.0264461,0.0340249,31.3732,22.091,52.2208
1759345568788167680,-689.501,2650.7,-1095.48,0.506967,-0.711603,-0.45887,0.161382,29.4692,16.9559,191.262,-0.0128413,0.0264458,0.0340234,31.3728,22.0915,52.2221
1759345568798167808,-689.206,2650.86,-1093.56,0.507061,-0.711481,-0.458991,0.161278,29.5014,16.5569,191.529,-0.0128406,0.0264455,0.0340219,31.3725,22.092,52.2233
1759345568808167680,-688.911,2651.03,-1091.65,0.507104,-0.711418,-0.459124,0.161042,29.5343,16.1581,191.795,-0.0128398,0.0264452,0.0340205,31.3722,22.0925,52.2246
1759345568818167808,-688.615,2651.19,-1089.73,0.507194,-0.711387,-0.459156,0.160803,29.5674,15.759,192.061,-0.0128391,0.0264448,0.034019,31.3718,22.093,52.2259
1759345568828167680,-688.32,2651.34,-1087.8,0.507222,-0.711359,-0.459267,0.160526,29.6005,15.3599,192.327,-0.0128383,0.0264445,0.0340175,31.3715,22.0935,52.2271
1759345568838167552,-688.023,2651.49,-1085.88,0.507276,-0.711287,-0.459379,0.160354,29.6335,14.9603,192.594,-0.0128376,0.0264442,0.034016,31.3711,22.094,52.2284
1759345568848167680,-687.727,2651.64,-1083.95,0.507358,-0.71118,-0.459496,0.160234,29.6662,14.5602,192.861,-0.0128368,0.0264438,0.0340146,31.3708,22.0945,52.2297
1759345568858167552,-687.43,2651.78,-1082.02,0.507419,-0.711119,-0.459579,0.160071,29.6985,14.1595,193.128,-0.012836,0.0264435,0.0340131,31.3704,22.0949,52.2309
1759345568868167680,-687.133,2651.92,-1080.09,0.507477,-0.711098,-0.45961,0.159894,29.7307,13.7583,193.394,-0.0128353,0.0264431,0.0340116,31.3701,22.0954,52.2322
1759345568878167552,-686.836,2652.06,-1078.15,0.507563,-0.711016,-0.459706,0.159705,29.7628,13.357,193.66,-0.0128345,0.0264427,0.0340101,31.3697,22.0959,52.2335
1759345568888167680,-686.538,2652.19,-1076.22,0.507629,-0.710908,-0.459866,0.159516,29.7948,12.9557,193.926,-0.0128338,0.0264424,0.0340087,31.3694,22.0964,52.2347
1759345568898167552,-686.24,2652.32,-1074.28,0.507716,-0.710837,-0.459976,0.15924,29.8275,12.5548,194.191,-0.012833,0.026442,0.0340072,31.369,22.0969,52.236
1759345568908167680,-685.942,2652.44,-1072.33,0.507907,-0.710731,-0.459984,0.159082,29.8603,12.1539,194.455,-0.0128323,0.0264416,0.0340057,31.3687,22.0974,52.2373
1759345568918167552,-685.643,2652.56,-1070.39,0.508038,-0.710633,-0.460061,0.158879,29.8934,11.7532,194.718,-0.0128315,0.0264412,0.0340042,31.3683,22.0979,52.2385
1759345568928167680,-685.344,2652.68,-1068.44,0.508167,-0.710488,-0.460211,0.158679,29.9265,11.3521,194.982,-0.0128307,0.0264408,0.0340028,31.368,22.0984,52.2398
1759345568938167552,-685.045,2652.79,-1066.49,0.508251,-0.7104,-0.46035,0.158403,29.9599,10.9503,195.245,-0.01283,0.0264405,0.0340013,31.3677,22.0989,52.2411
1759345568948167680,-684.745,2652.89,-1064.53,0.508448,-0.710306,-0.460331,0.158244,29.9932,10.5475,195.507,-0.0128292,0.0264401,0.0339998,31.3673,22.0994,52.2423
1759345568958167552,-684.445,2653,-1062.58,0.508656,-0.710202,-0.460312,0.158098,30.0266,10.1442,195.769,-0.0128285,0.0264396,0.0339983,31.367,22.0999,52.2436
1759345568968167424,-684.145,2653.1,-1060.62,0.50879,-0.710058,-0.460479,0.157828,30.0601,9.74038,196.032,-0.0128277,0.0264392,0.0339969,31.3666,22.1003,52.2449
1759345568978167552,-683.844,2653.19,-1058.66,0.508998,-0.709908,-0.460557,0.157601,30.0938,9.33598,196.294,-0.0128269,0.0264388,0.0339954,31.3663,22.1008,52.2461
1759345568988167424,-683.543,2653.28,-1056.69,0.509207,-0.709765,-0.46065,0.157303,30.1278,8.9311,196.556,-0.0128262,0.0264384,0.0339939,31.3659,22.1013,52.2474
1759345568998167552,-683.242,2653.37,-1054.72,0.509509,-0.709588,-0.460675,0.157049,30.1619,8.52562,196.817,-0.0128254,0.026438,0.0339924,31.3656,22.1018,52.2487
1759345569008167424,-682.94,2653.45,-1052.76,0.509842,-0.709398,-0.460694,0.15677,30.196,8.1198,197.077,-0.0128247,0.0264375,0.033991,31.3653,22.1023,52.25
1759345569018167552,-682.638,2653.53,-1050.78,0.51018,-0.709191,-0.460723,0.15652,30.23,7.71361,197.338,-0.0128239,0.0264371,0.0339895,31.3649,22.1028,52.2512
1759345569028167424,-682.336,2653.61,-1048.81,0.510466,-0.709019,-0.460799,0.156148,30.2637,7.30718,197.598,-0.0128232,0.0264366,0.033988,31.3646,22.1033,52.2525
1759345569038167552,-682.033,2653.68,-1046.83,0.510882,-0.70881,-0.460721,0.155961,30.2975,6.90041,197.857,-0.0128224,0.0264362,0.0339865,31.3642,22.1038,52.2538
1759345569048167424,-681.73,2653.75,-1044.85,0.511194,-0.708466,-0.460977,0.155746,30.3316,6.49328,198.114,-0.0128216,0.0264357,0.033985,31.3639,22.1043,52.255
1759345569058167552,-681.426,2653.81,-1042.87,0.51151,-0.708426,-0.460846,0.15528,30.3665,6.08579,198.371,-0.0128209,0.0264352,0.0339836,31.3636,22.1048,52.2563
1759345569068167424,-681.123,2653.87,-1040.88,0.511921,-0.708228,-0.460782,0.155018,30.4014,5.67793,198.628,-0.0128201,0.0264348,0.0339821,31.3632,22.1053,52.2575
1759345569078167552,-680.819,2653.92,-1038.9,0.51226,-0.708018,-0.460846,0.154665,30.4368,5.2696,198.884,-0.0128194,0.0264343,0.0339806,31.3629,22.1058,52.2588
1759345569088167424,-680.514,2653.97,-1036.91,0.512696,-0.707864,-0.460704,0.154347,30.4725,4.86083,199.14,-0.0128186,0.0264338,0.0339791,31.3625,22.1063,52.2601
1759345569098167296,-680.209,2654.02,-1034.91,0.51304,-0.707646,-0.460789,0.153947,30.5085,4.45157,199.395,-0.0128178,0.0264333,0.0339776,31.3622,22.1068,52.2613
1759345569108167424,-679.904,2654.06,-1032.92,0.513498,-0.707428,-0.460719,0.153636,30.5444,4.04127,199.649,-0.0128171,0.0264328,0.0339761,31.3619,22.1073,52.2626
1759345569118167296,-679.599,2654.1,-1030.92,0.514048,-0.707222,-0.460503,0.153394,30.5805,3.63018,199.903,-0.0128163,0.0264323,0.0339746,31.3615,22.1078,52.2639
1759345569128167424,-679.293,2654.13,-1028.92,0.514501,-0.706974,-0.460491,0.15305,30.6167,3.21819,200.156,-0.0128156,0.0264318,0.0339732,31.3612,22.1083,52.2651
1759345569138167296,-678.987,2654.16,-1026.92,0.514976,-0.70674,-0.460451,0.152655,30.6524,2.80566,200.407,-0.0128148,0.0264313,0.0339717,31.3609,22.1088,52.2664
1759345569148167424,-678.68,2654.19,-1024.91,0.515513,-0.706485,-0.460346,0.152338,30.6879,2.39265,200.658,-0.012814,0.0264308,0.0339702,31.3605,22.1093,52.2677
1759345569158167296,-678.373,2654.21,-1022.9,0.515981,-0.706244,-0.460315,0.151965,30.7233,1.97923,200.909,-0.0128133,0.0264302,0.0339687,31.3602,22.1098,52.2689
1759345569168167424,-678.066,2654.23,-1020.89,0.516535,-0.70602,-0.460136,0.151665,30.7588,1.56546,201.159,-0.0128125,0.0264297,0.0339672,31.3599,22.1103,52.2702
1759345569178167296,-677.758,2654.24,-1018.88,0.516971,-0.705856,-0.460041,0.151228,30.7943,1.1515,201.408,-0.0128118,0.0264292,0.0339657,31.3595,22.1108,52.2714
1759345569188167424,-677.45,2654.25,-1016.86,0.517421,-0.705652,-0.459945,0.150933,30.8302,0.736939,201.657,-0.012811,0.0264286,0.0339642,31.3592,22.1113,52.2727
1759345569198167296,-677.142,2654.26,-1014.85,0.517863,-0.705488,-0.459781,0.150684,30.8667,0.321755,201.905,-0.0128103,0.0264281,0.0339627,31.3589,22.1118,52.274
1759345569208167424,-676.833,2654.26,-1012.83,0.518273,-0.705353,-0.459623,0.15039,30.9042,-0.0941986,202.153,-0.0128095,0.0264275,0.0339612,31.3585,22.1123,52.2752
1759345569218167296,-676.524,2654.25,-1010.8,0.518671,-0.705235,-0.459453,0.150091,30.9426,-0.511166,202.399,-0.0128087,0.026427,0.0339598,31.3582,22.1128,52.2765
1759345569228167168,-676.215,2654.25,-1008.78,0.519133,-0.705117,-0.459191,0.149849,30.9818,-0.928558,202.645,-0.012808,0.0264264,0.0339583,31.3579,22.1133,52.2777
1759345569238167296,-675.905,2654.23,-1006.75,0.519535,-0.704967,-0.459065,0.149548,31.0218,-1.34613,202.89,-0.0128072,0.0264258,0.0339568,31.3575,22.1138,52.279
1759345569248167168,-675.594,2654.22,-1004.72,0.519985,-0.704819,-0.458869,0.149284,31.0624,-1.7638,203.135,-0.0128065,0.0264253,0.0339553,31.3572,22.1143,52.2803
1759345569258167296,-675.284,2654.2,-1002.69,0.520477,-0.704702,-0.458569,0.149041,31.1038,-2.18128,203.38,-0.0128057,0.0264247,0.0339538,31.3569,22.1148,52.2815
1759345569268167168,-674.973,2654.17,-1000.65,0.520945,-0.70458,-0.458298,0.148816,31.146,-2.59818,203.623,-0.0128049,0.0264241,0.0339523,31.3566,22.1154,52.2828
1759345569278167296,-674.661,2654.15,-998.615,0.521384,-0.704513,-0.457973,0.148596,31.1886,-3.01508,203.866,-0.0128042,0.0264235,0.0339508,31.3562,22.1159,52.284
1759345569288167168,-674.349,2654.11,-996.575,0.521735,-0.704441,-0.457771,0.14833,31.2314,-3.43201,204.109,-0.0128034,0.0264229,0.0339493,31.3559,22.1164,52.2853
1759345569298167296,-674.037,2654.08,-994.533,0.522124,-0.704383,-0.457465,0.148177,31.2748,-3.84898,204.351,-0.0128027,0.0264223,0.0339478,31.3556,22.1169,52.2865
1759345569308167168,-673.724,2654.04,-992.488,0.52251,-0.704412,-0.456989,0.148149,31.319,-4.26606,204.593,-0.0128019,0.0264217,0.0339464,31.3553,22.1174,52.2878
1759345569318167296,-673.411,2653.99,-990.441,0.522629,-0.704451,-0.456862,0.147935,31.3645,-4.68317,204.833,-0.0128012,0.0264211,0.0339449,31.355,22.1179,52.289
1759345569328167168,-673.097,2653.94,-988.391,0.522863,-0.704539,-0.456434,0.148006,31.4108,-5.10032,205.074,-0.0128004,0.0264205,0.0339434,31.3546,22.1185,52.2903
1759345569338167296,-672.783,2653.89,-986.339,0.522939,-0.704673,-0.456158,0.147954,31.4585,-5.51736,205.314,-0.0127996,0.0264199,0.0339419,31.3543,22.119,52.2915
1759345569348167168,-672.468,2653.83,-984.285,0.522925,-0.704841,-0.455935,0.147887,31.507,-5.93475,205.554,-0.0127989,0.0264193,0.0339404,31.354,22.1195,52.2928
1759345569358167296,-672.153,2653.77,-982.228,0.523085,-0.704975,-0.455457,0.148158,31.556,-6.35219,205.794,-0.0127981,0.0264187,0.033939,31.3537,22.12,52.294
1759345569368167168,-671.838,2653.7,-980.169,0.523131,-0.705118,-0.455132,0.148318,31.6055,-6.76965,206.035,-0.0127974,0.0264181,0.0339375,31.3534,22.1206,52.2953
1759345569378167040,-671.522,2653.63,-978.107,0.523124,-0.705223,-0.45493,0.148458,31.6557,-7.18714,206.276,-0.0127966,0.0264174,0.033936,31.3531,22.1211,52.2965
1759345569388167168,-671.205,2653.56,-976.043,0.523112,-0.705387,-0.454657,0.14856,31.7068,-7.60438,206.517,-0.0127958,0.0264168,0.0339345,31.3528,22.1216,52.2977
1759345569398167040,-670.888,2653.48,-973.977,0.523127,-0.705484,-0.454434,0.14873,31.7589,-8.02108,206.758,-0.0127951,0.0264162,0.0339331,31.3525,22.1221,52.299
1759345569408167168,-670.57,2653.4,-971.908,0.523154,-0.705676,-0.454055,0.148881,31.8117,-8.43768,207,-0.0127943,0.0264155,0.0339316,31.3522,22.1227,52.3002
1759345569418167040,-670.252,2653.31,-969.837,0.523135,-0.705903,-0.453692,0.148979,31.8655,-8.85418,207.242,-0.0127935,0.0264149,0.0339301,31.3519,22.1232,52.3015
1759345569428167168,-669.933,2653.22,-967.763,0.523116,-0.7061,-0.453358,0.149125,31.9197,-9.27072,207.485,-0.0127928,0.0264142,0.0339287,31.3516,22.1237,52.3027
1759345569438167040,-669.614,2653.13,-965.687,0.523186,-0.706317,-0.452842,0.149422,31.9743,-9.6873,207.727,-0.012792,0.0264136,0.0339272,31.3513,22.1243,52.3039
1759345569448167168,-669.294,2653.03,-963.608,0.523169,-0.706551,-0.452432,0.14962,32.0295,-10.104,207.97,-0.0127912,0.0264129,0.0339258,31.351,22.1248,52.3052
1759345569458167040,-668.974,2652.93,-961.527,0.523037,-0.706812,-0.452164,0.149652,32.0855,-10.5211,208.213,-0.0127905,0.0264122,0.0339243,31.3507,22.1254,52.3064
1759345569468167168,-668.653,2652.82,-959.444,0.522971,-0.707058,-0.451806,0.149805,32.1418,-10.9382,208.456,-0.0127897,0.0264116,0.0339228,31.3504,22.1259,52.3076
1759345569478167040,-668.331,2652.71,-957.358,0.522863,-0.70733,-0.451481,0.14988,32.1988,-11.3553,208.7,-0.012789,0.0264109,0.0339214,31.3501,22.1265,52.3088
1759345569488167168,-668.009,2652.59,-955.27,0.522813,-0.707588,-0.451068,0.150078,32.256,-11.772,208.945,-0.0127882,0.0264102,0.0339199,31.3498,22.127,52.3101
1759345569498167040,-667.687,2652.47,-953.179,0.522679,-0.707837,-0.450783,0.150229,32.3139,-12.1885,209.189,-0.0127874,0.0264095,0.0339185,31.3495,22.1276,52.3113
1759345569508166912,-667.363,2652.35,-951.086,0.522562,-0.708121,-0.450396,0.150456,32.3718,-12.6046,209.435,-0.0127867,0.0264088,0.033917,31.3492,22.1281,52.3125
1759345569518167040,-667.04,2652.22,-948.99,0.522403,-0.708454,-0.449997,0.150636,32.4297,-13.0205,209.68,-0.0127859,0.0264081,0.0339156,31.3489,22.1287,52.3137
1759345569528166912,-666.715,2652.09,-946.892,0.522166,-0.708776,-0.449729,0.150742,32.4871,-13.4362,209.926,-0.0127851,0.0264075,0.0339142,31.3486,22.1292,52.315
1759345569538167040,-666.39,2651.95,-944.791,0.521975,-0.709112,-0.449362,0.150922,32.5434,-13.8511,210.171,-0.0127844,0.0264068,0.0339127,31.3483,22.1298,52.3162
1759345569548166912,-666.065,2651.81,-942.688,0.521745,-0.709499,-0.448962,0.151083,32.5992,-14.2654,210.416,-0.0127836,0.0264061,0.0339113,31.3481,22.1303,52.3174
1759345569558167040,-665.739,2651.66,-940.583,0.521461,-0.70989,-0.448636,0.151199,32.6545,-14.679,210.662,-0.0127828,0.0264053,0.0339098,31.3478,22.1309,52.3186
1759345569568166912,-665.412,2651.51,-938.475,0.52122,-0.710291,-0.448222,0.151374,32.7095,-15.0919,210.907,-0.0127821,0.0264046,0.0339084,31.3475,22.1315,52.3198
1759345569578167040,-665.085,2651.36,-936.365,0.520934,-0.710674,-0.447893,0.15153,32.7642,-15.5041,211.153,-0.0127813,0.0264039,0.033907,31.3472,22.132,52.321
1759345569588166912,-664.757,2651.2,-934.252,0.520623,-0.711106,-0.447531,0.151649,32.8184,-15.9151,211.399,-0.0127806,0.0264032,0.0339055,31.347,22.1326,52.3223
1759345569598167040,-664.429,2651.04,-932.136,0.520317,-0.711526,-0.447172,0.151781,32.8722,-16.3255,211.646,-0.0127798,0.0264025,0.0339041,31.3467,22.1332,52.3235
1759345569608166912,-664.1,2650.88,-930.019,0.519992,-0.712037,-0.44672,0.151828,32.9256,-16.7353,211.894,-0.0127791,0.0264018,0.0339027,31.3464,22.1337,52.3247
1759345569618167040,-663.771,2650.71,-927.898,0.519671,-0.712466,-0.446364,0.151968,32.9784,-17.1447,212.142,-0.0127783,0.026401,0.0339013,31.3462,22.1343,52.3259
1759345569628166912,-663.441,2650.53,-925.776,0.519337,-0.712896,-0.446037,0.152049,33.0309,-17.5535,212.39,-0.0127776,0.0264003,0.0338998,31.3459,22.1349,52.3271
1759345569638166784,-663.111,2650.36,-923.65,0.519078,-0.713315,-0.445618,0.152197,33.0828,-17.9616,212.639,-0.0127768,0.0263996,0.0338984,31.3456,22.1354,52.3283
1759345569648166912,-662.78,2650.17,-921.523,0.518786,-0.713677,-0.445327,0.15235,33.1346,-18.3691,212.887,-0.0127761,0.0263988,0.033897,31.3454,22.136,52.3295
1759345569658166784,-662.449,2649.99,-919.392,0.518471,-0.714069,-0.445026,0.152463,33.1863,-18.7758,213.136,-0.0127753,0.0263981,0.0338956,31.3451,22.1366,52.3307
1759345569668166912,-662.117,2649.8,-917.26,0.518195,-0.714508,-0.444584,0.152633,33.2386,-19.1819,213.385,-0.0127746,0.0263974,0.0338942,31.3448,22.1372,52.3319
1759345569678166784,-661.784,2649.6,-915.125,0.517867,-0.714934,-0.444222,0.152805,33.2912,-19.5875,213.634,-0.0127738,0.0263966,0.0338928,31.3446,22.1378,52.3331
1759345569688166912,-661.452,2649.41,-912.987,0.517495,-0.715374,-0.443903,0.152935,33.3444,-19.9927,213.884,-0.0127731,0.0263959,0.0338914,31.3443,22.1384,52.3343
1759345569698166784,-661.118,2649.2,-910.847,0.517134,-0.715818,-0.443528,0.153165,33.3986,-20.3983,214.135,-0.0127723,0.0263951,0.03389,31.3441,22.139,52.3355
1759345569708166912,-660.784,2649,-908.704,0.516754,-0.716282,-0.443143,0.153396,33.4533,-20.804,214.388,-0.0127716,0.0263943,0.0338886,31.3438,22.1396,52.3367
1759345569718166784,-660.449,2648.79,-906.559,0.516359,-0.716744,-0.442766,0.153653,33.5087,-21.2102,214.642,-0.0127708,0.0263936,0.0338872,31.3436,22.1401,52.3379
1759345569728166912,-660.114,2648.57,-904.411,0.515958,-0.71721,-0.442383,0.153929,33.5644,-21.616,214.897,-0.0127701,0.0263928,0.0338858,31.3433,22.1407,52.339
1759345569738166784,-659.779,2648.35,-902.261,0.515562,-0.717666,-0.442009,0.154202,33.6208,-22.0214,215.153,-0.0127693,0.026392,0.0338844,31.3431,22.1413,52.3402
1759345569748166912,-659.442,2648.13,-900.108,0.515226,-0.718115,-0.441562,0.154519,33.6774,-22.4267,215.411,-0.0127686,0.0263912,0.033883,31.3429,22.1419,52.3414
1759345569758166784,-659.106,2647.91,-897.952,0.514819,-0.718571,-0.441218,0.154734,33.7343,-22.8317,215.668,-0.0127678,0.0263905,0.0338816,31.3426,22.1425,52.3426
1759345569768166656,-658.768,2647.68,-895.794,0.514477,-0.718988,-0.440854,0.154975,33.7917,-23.2365,215.927,-0.0127671,0.0263897,0.0338802,31.3424,22.1432,52.3438
1759345569778166784,-658.43,2647.44,-893.634,0.514123,-0.719422,-0.440483,0.155193,33.8489,-23.6409,216.187,-0.0127663,0.0263889,0.0338789,31.3421,22.1438,52.345
1759345569788166656,-658.092,2647.2,-891.47,0.513843,-0.719899,-0.439939,0.155453,33.9059,-24.0447,216.449,-0.0127655,0.0263881,0.0338775,31.3419,22.1444,52.3461
1759345569798166784,-657.753,2646.96,-889.304,0.513469,-0.720327,-0.439623,0.155593,33.9625,-24.4479,216.712,-0.0127648,0.0263873,0.0338761,31.3417,22.145,52.3473
1759345569808166656,-657.413,2646.71,-887.136,0.513063,-0.720776,-0.439324,0.155701,34.0188,-24.8504,216.977,-0.012764,0.0263865,0.0338747,31.3414,22.1456,52.3485
1759345569818166784,-657.073,2646.46,-884.965,0.512718,-0.721222,-0.438946,0.155835,34.0747,-25.2518,217.243,-0.0127633,0.0263857,0.0338734,31.3412,22.1462,52.3497
1759345569828166656,-656.732,2646.21,-882.791,0.512465,-0.721706,-0.438371,0.156049,34.1301,-25.6515,217.51,-0.0127625,0.0263849,0.033872,31.341,22.1468,52.3508
1759345569838166784,-656.39,2645.95,-880.614,0.512049,-0.722186,-0.438066,0.156047,34.1851,-26.05,217.777,-0.0127618,0.0263841,0.0338706,31.3408,22.1475,52.352
1759345569848166656,-656.049,2645.69,-878.435,0.511672,-0.722647,-0.437745,0.156054,34.2391,-26.4469,218.044,-0.0127611,0.0263833,0.0338693,31.3406,22.1481,52.3532
1759345569858166784,-655.706,2645.42,-876.253,0.511321,-0.723156,-0.437303,0.156085,34.2913,-26.8424,218.311,-0.0127603,0.0263824,0.0338679,31.3403,22.1487,52.3544
1759345569868166656,-655.363,2645.15,-874.069,0.510935,-0.723636,-0.436964,0.156071,34.3425,-27.2369,218.577,-0.0127596,0.0263816,0.0338666,31.3401,22.1493,52.3555
1759345569878166784,-655.02,2644.87,-871.881,0.510491,-0.724158,-0.436631,0.156036,34.3925,-27.63,218.844,-0.0127588,0.0263808,0.0338652,31.3399,22.15,52.3567
1759345569888166656,-654.676,2644.6,-869.692,0.510131,-0.724716,-0.436111,0.156081,34.4417,-28.0223,219.111,-0.0127581,0.02638,0.0338639,31.3397,22.1506,52.3579
1759345569898166784,-654.331,2644.31,-867.499,0.509635,-0.725236,-0.435856,0.155997,34.4899,-28.4134,219.378,-0.0127574,0.0263792,0.0338625,31.3395,22.1512,52.359
1759345569908166656,-653.986,2644.03,-865.304,0.509195,-0.725791,-0.43546,0.155957,34.5378,-28.8034,219.645,-0.0127567,0.0263784,0.0338612,31.3393,22.1519,52.3602
1759345569918166528,-653.641,2643.74,-863.106,0.508751,-0.726376,-0.435021,0.155908,34.5851,-29.1924,219.912,-0.0127559,0.0263775,0.0338598,31.3391,22.1525,52.3613
1759345569928166656,-653.295,2643.44,-860.905,0.50828,-0.726899,-0.434725,0.155832,34.632,-29.5802,220.178,-0.0127552,0.0263767,0.0338585,31.3389,22.1531,52.3625
1759345569938166528,-652.949,2643.14,-858.702,0.507823,-0.727421,-0.434425,0.155718,34.6786,-29.9673,220.444,-0.0127545,0.0263759,0.0338572,31.3387,22.1538,52.3637
1759345569948166656,-652.602,2642.84,-856.496,0.507385,-0.728012,-0.433986,0.155612,34.7243,-30.3536,220.71,-0.0127538,0.0263751,0.0338558,31.3385,22.1544,52.3648
1759345569958166528,-652.255,2642.54,-854.288,0.506907,-0.728514,-0.43371,0.155588,34.7686,-30.7392,220.975,-0.0127531,0.0263742,0.0338545,31.3383,22.1551,52.366
1759345569968166656,-651.907,2642.23,-852.077,0.506504,-0.729042,-0.433279,0.155631,34.8117,-31.1242,221.241,-0.0127524,0.0263734,0.0338532,31.3381,22.1557,52.3671
1759345569978166528,-651.559,2641.91,-849.863,0.506013,-0.729566,-0.433002,0.155543,34.8529,-31.5086,221.507,-0.0127517,0.0263726,0.0338518,31.3379,22.1564,52.3683
1759345569988166656,-651.211,2641.6,-847.646,0.505515,-0.730089,-0.43274,0.155437,34.8914,-31.8924,221.774,-0.012751,0.0263717,0.0338505,31.3377,22.157,52.3694
1759345569998166528,-650.862,2641.28,-845.427,0.50504,-0.730567,-0.432504,0.155391,34.9278,-32.2757,222.042,-0.0127503,0.0263709,0.0338492,31.3375,22.1577,52.3706
1759345570008166656,-650.512,2640.95,-843.205,0.504514,-0.731093,-0.43227,0.155274,34.9618,-32.6584,222.311,-0.0127496,0.0263701,0.0338478,31.3373,22.1584,52.3717
1759345570018166528,-650.163,2640.62,-840.981,0.504072,-0.731565,-0.431974,0.155316,34.9934,-33.0399,222.582,-0.0127489,0.0263692,0.0338465,31.3372,22.159,52.3729
1759345570028166656,-649.813,2640.29,-838.753,0.503522,-0.732055,-0.431788,0.155307,35.0236,-33.4203,222.853,-0.0127483,0.0263684,0.0338452,31.337,22.1597,52.374
1759345570038166528,-649.463,2639.95,-836.523,0.50297,-0.732557,-0.431567,0.155344,35.0524,-33.7995,223.125,-0.0127476,0.0263675,0.0338439,31.3368,22.1604,52.3752
1759345570048166400,-649.112,2639.61,-834.291,0.502349,-0.733018,-0.431469,0.155448,35.0802,-34.1778,223.398,-0.0127469,0.0263667,0.0338426,31.3366,22.161,52.3763
1759345570058166528,-648.762,2639.27,-832.055,0.501747,-0.733638,-0.431068,0.15558,35.1068,-34.5553,223.672,-0.0127462,0.0263658,0.0338412,31.3364,22.1617,52.3775
1759345570068166400,-648.411,2638.92,-829.817,0.501038,-0.734177,-0.430908,0.155765,35.1326,-34.9312,223.948,-0.0127456,0.026365,0.0338399,31.3363,22.1624,52.3786
1759345570078166528,-648.059,2638.57,-827.576,0.500376,-0.734722,-0.430627,0.1561,35.158,-35.306,224.225,-0.0127449,0.0263641,0.0338386,31.3361,22.163,52.3797
1759345570088166400,-647.708,2638.22,-825.332,0.499629,-0.735363,-0.430316,0.156334,35.1838,-35.6794,224.503,-0.0127442,0.0263633,0.0338373,31.3359,22.1637,52.3809
1759345570098166528,-647.356,2637.86,-823.086,0.498877,-0.735879,-0.430165,0.156721,35.2105,-36.0518,224.782,-0.0127435,0.0263624,0.033836,31.3358,22.1644,52.382
1759345570108166400,-647.004,2637.49,-820.836,0.498097,-0.736411,-0.430006,0.15714,35.2378,-36.4232,225.062,-0.0127429,0.0263616,0.0338347,31.3356,22.1651,52.3832
1759345570118166528,-646.652,2637.13,-818.584,0.497351,-0.736938,-0.429789,0.157626,35.2661,-36.7935,225.343,-0.0127422,0.0263607,0.0338334,31.3354,22.1658,52.3843
1759345570128166400,-646.299,2636.76,-816.329,0.496607,-0.737485,-0.429524,0.158135,35.2949,-37.163,225.625,-0.0127415,0.0263598,0.0338321,31.3353,22.1665,52.3854
1759345570138166528,-645.946,2636.38,-814.072,0.495761,-0.738035,-0.429406,0.158541,35.3256,-37.5322,225.908,-0.0127408,0.026359,0.0338309,31.3351,22.1671,52.3866
1759345570148166400,-645.593,2636.01,-811.811,0.494927,-0.738485,-0.429417,0.159023,35.3575,-37.9015,226.192,-0.0127402,0.0263581,0.0338296,31.335,22.1678,52.3877
1759345570158166528,-645.239,2635.63,-809.547,0.494225,-0.738909,-0.429279,0.159609,35.3902,-38.2704,226.476,-0.0127395,0.0263572,0.0338283,31.3348,22.1685,52.3889
1759345570168166400,-644.886,2635.24,-807.281,0.493481,-0.73943,-0.429078,0.160035,35.4242,-38.6393,226.762,-0.0127388,0.0263564,0.033827,31.3347,22.1692,52.39
1759345570178166272,-644.531,2634.85,-805.012,0.492797,-0.739816,-0.429026,0.1605,35.4588,-39.0083,227.049,-0.0127381,0.0263555,0.0338257,31.3345,22.1699,52.3911
1759345570188166400,-644.177,2634.46,-802.74,0.492145,-0.740185,-0.428981,0.160922,35.4939,-39.3769,227.337,-0.0127375,0.0263546,0.0338245,31.3344,22.1706,52.3923
1759345570198166272,-643.822,2634.06,-800.465,0.491511,-0.740569,-0.428906,0.161288,35.5295,-39.7452,227.626,-0.0127368,0.0263537,0.0338232,31.3342,22.1713,52.3934
1759345570208166400,-643.467,2633.67,-798.187,0.49097,-0.740902,-0.428779,0.161748,35.5651,-40.1128,227.916,-0.0127361,0.0263528,0.0338219,31.3341,22.172,52.3945
1759345570218166272,-643.111,2633.26,-795.906,0.490361,-0.741245,-0.4288,0.161966,35.601,-40.4798,228.206,-0.0127354,0.0263519,0.0338206,31.3339,22.1727,52.3957
1759345570228166400,-642.755,2632.86,-793.623,0.489882,-0.741518,-0.428759,0.162274,35.6366,-40.8464,228.497,-0.0127348,0.026351,0.0338194,31.3338,22.1734,52.3968
1759345570238166272,-642.399,2632.44,-791.336,0.489351,-0.74182,-0.428778,0.16244,35.672,-41.2124,228.789,-0.0127341,0.0263501,0.0338181,31.3337,22.1741,52.3979
1759345570248166400,-642.042,2632.03,-789.047,0.488862,-0.742114,-0.428761,0.162617,35.7065,-41.5773,229.082,-0.0127334,0.0263492,0.0338169,31.3335,22.1748,52.3991
1759345570258166272,-641.685,2631.61,-786.754,0.48849,-0.742374,-0.428651,0.162839,35.7396,-41.9415,229.375,-0.0127328,0.0263483,0.0338156,31.3334,22.1755,52.4002
1759345570268166400,-641.327,2631.19,-784.459,0.488018,-0.742618,-0.428766,0.16284,35.7718,-42.305,229.669,-0.0127321,0.0263474,0.0338143,31.3333,22.1763,52.4013
1759345570278166272,-640.97,2630.77,-782.161,0.487663,-0.742822,-0.428761,0.162988,35.8026,-42.6675,229.963,-0.0127315,0.0263465,0.0338131,31.3331,22.177,52.4025
1759345570288166400,-640.612,2630.34,-779.86,0.487236,-0.743072,-0.428826,0.162952,35.8325,-43.0294,230.256,-0.0127308,0.0263456,0.0338118,31.333,22.1777,52.4036
1759345570298166272,-640.253,2629.91,-777.555,0.486908,-0.743301,-0.428792,0.162979,35.8608,-43.3905,230.55,-0.0127302,0.0263447,0.0338106,31.3329,22.1784,52.4047
1759345570308166144,-639.895,2629.47,-775.248,0.486501,-0.743567,-0.428832,0.162874,35.8869,-43.7505,230.844,-0.0127295,0.0263438,0.0338093,31.3328,22.1791,52.4059
1759345570318166272,-639.536,2629.03,-772.938,0.486085,-0.743779,-0.428945,0.162853,35.9114,-44.1093,231.137,-0.0127289,0.0263429,0.033808,31.3326,22.1799,52.407
1759345570328166144,-639.177,2628.59,-770.625,0.485676,-0.744122,-0.428826,0.162821,35.9343,-44.4664,231.43,-0.0127282,0.026342,0.0338068,31.3325,22.1806,52.4081
1759345570338166272,-638.818,2628.14,-768.309,0.485207,-0.744402,-0.428867,0.162829,35.9552,-44.8217,231.723,-0.0127276,0.0263411,0.0338055,31.3324,22.1813,52.4092
1759345570348166144,-638.458,2627.69,-765.991,0.484702,-0.744681,-0.428941,0.162865,35.9746,-45.1761,232.016,-0.012727,0.0263402,0.0338043,31.3323,22.182,52.4104
1759345570358166272,-638.098,2627.24,-763.669,0.484136,-0.745083,-0.428895,0.162828,35.9922,-45.5295,232.309,-0.0127263,0.0263393,0.033803,31.3322,22.1828,52.4115
1759345570368166144,-637.739,2626.78,-761.344,0.483607,-0.745288,-0.429041,0.163076,36.0084,-45.8823,232.601,-0.0127257,0.0263383,0.0338018,31.3321,22.1835,52.4126
1759345570378166272,-637.379,2626.32,-759.017,0.482926,-0.745638,-0.429171,0.163152,36.0237,-46.2345,232.893,-0.0127251,0.0263374,0.0338005,31.332,22.1842,52.4138
1759345570388166144,-637.018,2625.85,-756.686,0.482285,-0.745965,-0.429246,0.163357,36.038,-46.5862,233.185,-0.0127245,0.0263365,0.0337993,31.3318,22.185,52.4149
1759345570398166272,-636.658,2625.39,-754.353,0.48166,-0.746249,-0.429352,0.163623,36.0519,-46.9372,233.477,-0.0127238,0.0263356,0.033798,31.3317,22.1857,52.416
1759345570408166144,-636.298,2624.91,-752.016,0.480925,-0.746629,-0.42945,0.163795,36.0659,-47.2873,233.77,-0.0127232,0.0263347,0.0337968,31.3316,22.1864,52.4172
1759345570418166272,-635.937,2624.44,-749.677,0.48016,-0.747065,-0.429459,0.16403,36.0801,-47.6361,234.062,-0.0127226,0.0263337,0.0337956,31.3315,22.1872,52.4183
1759345570428166144,-635.576,2623.96,-747.335,0.479425,-0.747285,-0.429686,0.164579,36.0944,-47.9836,234.356,-0.012722,0.0263328,0.0337943,31.3314,22.1879,52.4194
1759345570438166016,-635.215,2623.48,-744.99,0.47856,-0.747655,-0.42985,0.164988,36.1096,-48.3296,234.65,-0.0127214,0.0263319,0.0337931,31.3313,22.1887,52.4206
1759345570448166144,-634.854,2622.99,-742.642,0.477678,-0.748007,-0.429995,0.16557,36.1253,-48.6744,234.947,-0.0127208,0.0263309,0.0337918,31.3312,22.1894,52.4217
1759345570458166016,-634.493,2622.51,-740.291,0.476708,-0.748495,-0.430021,0.166093,36.1411,-49.0179,235.244,-0.0127202,0.02633,0.0337906,31.3311,22.1902,52.4228
1759345570468166144,-634.132,2622.01,-737.936,0.475672,-0.748826,-0.430313,0.166811,36.1569,-49.3607,235.543,-0.0127195,0.0263291,0.0337894,31.331,22.1909,52.424
1759345570478166016,-633.77,2621.52,-735.579,0.474674,-0.749183,-0.430489,0.167595,36.1731,-49.7026,235.843,-0.0127189,0.0263281,0.0337882,31.3309,22.1917,52.4251
1759345570488166144,-633.409,2621.02,-733.219,0.473577,-0.749601,-0.430697,0.168296,36.1896,-50.0438,236.146,-0.0127183,0.0263272,0.0337869,31.3308,22.1924,52.4262
1759345570498166016,-633.047,2620.52,-730.856,0.472439,-0.750027,-0.430921,0.169018,36.2062,-50.3847,236.45,-0.0127177,0.0263262,0.0337857,31.3307,22.1932,52.4274
1759345570508166144,-632.685,2620.01,-728.49,0.471368,-0.75047,-0.431029,0.169769,36.223,-50.7247,236.756,-0.0127171,0.0263253,0.0337845,31.3307,22.1939,52.4285
1759345570518166016,-632.323,2619.5,-726.121,0.470273,-0.750776,-0.431355,0.170622,36.2399,-51.0642,237.064,-0.0127165,0.0263243,0.0337833,31.3306,22.1947,52.4296
1759345570528166144,-631.96,2618.99,-723.749,0.469224,-0.75105,-0.431675,0.171492,36.2575,-51.4028,237.373,-0.0127159,0.0263234,0.033782,31.3305,22.1954,52.4308
1759345570538166016,-631.598,2618.47,-721.373,0.468154,-0.751359,-0.43199,0.172266,36.2756,-51.7404,237.683,-0.0127153,0.0263224,0.0337808,31.3304,22.1962,52.4319
1759345570548166144,-631.235,2617.95,-718.995,0.467122,-0.751728,-0.432196,0.17294,36.2937,-52.0772,237.996,-0.0127147,0.0263215,0.0337796,31.3303,22.197,52.4331
1759345570558166016,-630.872,2617.43,-716.613,0.466207,-0.751844,-0.432623,0.173835,36.312,-52.4132,238.309,-0.0127141,0.0263205,0.0337784,31.3302,22.1977,52.4342
1759345570568166144,-630.509,2616.91,-714.228,0.465258,-0.752079,-0.432986,0.174459,36.3311,-52.7486,238.624,-0.0127135,0.0263196,0.0337772,31.3301,22.1985,52.4353
1759345570578166016,-630.146,2616.38,-711.84,0.464372,-0.752265,-0.43335,0.17511,36.3506,-53.0832,238.94,-0.0127129,0.0263186,0.033776,31.3301,22.1993,52.4365
1759345570588165888,-629.782,2615.84,-709.449,0.4635,-0.752413,-0.433775,0.175732,36.3704,-53.4171,239.257,-0.0127123,0.0263176,0.0337747,31.33,22.2,52.4376
1759345570598166016,-629.418,2615.31,-707.055,0.462648,-0.752617,-0.434129,0.176228,36.3903,-53.7503,239.575,-0.0127117,0.0263167,0.0337735,31.3299,22.2008,52.4388
1759345570608165888,-629.054,2614.77,-704.657,0.461939,-0.752629,-0.434577,0.176936,36.4099,-54.0824,239.894,-0.0127111,0.0263157,0.0337723,31.3298,22.2016,52.4399
1759345570618166016,-628.69,2614.23,-702.257,0.461098,-0.752809,-0.434967,0.177402,36.4299,-54.4137,240.213,-0.0127105,0.0263147,0.0337711,31.3298,22.2023,52.4411
1759345570628165888,-628.326,2613.68,-699.853,0.460305,-0.752943,-0.435366,0.17791,36.4486,-54.7439,240.533,-0.0127099,0.0263137,0.0337699,31.3297,22.2031,52.4422
1759345570638166016,-627.962,2613.13,-697.446,0.459528,-0.753036,-0.435821,0.178411,36.4665,-55.0731,240.853,-0.0127094,0.0263127,0.0337687,31.3296,22.2039,52.4433
1759345570648165888,-627.597,2612.58,-695.035,0.458724,-0.753141,-0.43627,0.178937,36.4831,-55.4014,241.174,-0.0127088,0.0263118,0.0337675,31.3295,22.2047,52.4445
1759345570658166016,-627.232,2612.02,-692.622,0.457915,-0.753283,-0.43669,0.179391,36.4984,-55.7285,241.496,-0.0127082,0.0263108,0.0337662,31.3295,22.2054,52.4456
1759345570668165888,-626.867,2611.46,-690.205,0.457152,-0.753396,-0.437087,0.179895,36.513,-56.0546,241.818,-0.0127076,0.0263098,0.033765,31.3294,22.2062,52.4468
1759345570678166016,-626.502,2610.9,-687.785,0.456329,-0.753495,-0.437605,0.180309,36.5267,-56.3795,242.14,-0.012707,0.0263088,0.0337638,31.3293,22.207,52.4479
1759345570688165888,-626.137,2610.33,-685.362,0.455592,-0.753512,-0.438108,0.180878,36.5406,-56.703,242.462,-0.0127065,0.0263078,0.0337626,31.3293,22.2078,52.4491
1759345570698166016,-625.771,2609.77,-682.936,0.4548,-0.753599,-0.438595,0.181328,36.555,-57.0254,242.784,-0.0127059,0.0263068,0.0337614,31.3292,22.2086,52.4503
1759345570708165888,-625.406,2609.19,-680.506,0.454028,-0.753721,-0.439,0.181778,36.5698,-57.3471,243.106,-0.0127054,0.0263058,0.0337601,31.3291,22.2093,52.4514
1759345570718165760,-625.04,2608.62,-678.073,0.453265,-0.753732,-0.439554,0.182291,36.5845,-57.6682,243.429,-0.0127048,0.0263049,0.0337589,31.3291,22.2101,52.4526
1759345570728165888,-624.674,2608.04,-675.637,0.452527,-0.753769,-0.440039,0.182805,36.599,-57.989,243.753,-0.0127042,0.0263039,0.0337577,31.329,22.2109,52.4537
1759345570738165760,-624.308,2607.46,-673.198,0.451797,-0.753764,-0.440558,0.183381,36.6139,-58.3095,244.079,-0.0127037,0.0263029,0.0337565,31.329,22.2117,52.4549
1759345570748165888,-623.942,2606.87,-670.755,0.451064,-0.753827,-0.441008,0.183843,36.6297,-58.6299,244.407,-0.0127031,0.0263019,0.0337553,31.3289,22.2125,52.456
1759345570758165760,-623.576,2606.28,-668.31,0.450353,-0.753801,-0.441554,0.184382,36.647,-58.9505,244.736,-0.0127026,0.0263009,0.033754,31.3288,22.2133,52.4572
1759345570768165888,-623.209,2605.69,-665.86,0.449771,-0.753573,-0.442205,0.185169,36.6654,-59.2707,245.066,-0.012702,0.0262999,0.0337528,31.3288,22.2141,52.4584
1759345570778165760,-622.843,2605.1,-663.408,0.449093,-0.753562,-0.442721,0.18563,36.6848,-59.5902,245.397,-0.0127015,0.0262989,0.0337516,31.3287,22.2149,52.4595
1759345570788165888,-622.476,2604.5,-660.952,0.44846,-0.753485,-0.44327,0.186158,36.7039,-59.9088,245.728,-0.0127009,0.0262978,0.0337504,31.3287,22.2157,52.4607
1759345570798165760,-622.109,2603.9,-658.493,0.44787,-0.753382,-0.443821,0.186684,36.7232,-60.2268,246.06,-0.0127004,0.0262968,0.0337491,31.3286,22.2165,52.4619
1759345570808165888,-621.742,2603.3,-656.031,0.44729,-0.753267,-0.44438,0.187208,36.7424,-60.5444,246.391,-0.0126998,0.0262958,0.0337479,31.3286,22.2173,52.463
1759345570818165760,-621.374,2602.69,-653.565,0.446777,-0.753162,-0.44486,0.187716,36.7622,-60.8624,246.722,-0.0126993,0.0262948,0.0337467,31.3285,22.2181,52.4642
1759345570828165888,-621.007,2602.08,-651.096,0.446226,-0.753005,-0.445481,0.188182,36.7825,-61.1804,247.053,-0.0126987,0.0262938,0.0337455,31.3285,22.2189,52.4654
1759345570838165760,-620.639,2601.47,-648.624,0.445762,-0.752861,-0.445984,0.188665,36.8032,-61.4988,247.384,-0.0126982,0.0262928,0.0337442,31.3284,22.2197,52.4665
1759345570848165632,-620.271,2600.85,-646.148,0.445351,-0.752628,-0.446565,0.189191,36.8245,-61.8171,247.716,-0.0126977,0.0262918,0.033743,31.3284,22.2205,52.4677
1759345570858165760,-619.902,2600.23,-643.669,0.444924,-0.752466,-0.447118,0.189535,36.8467,-62.1352,248.048,-0.0126971,0.0262908,0.0337418,31.3284,22.2213,52.4689
1759345570868165632,-619.534,2599.61,-641.187,0.444551,-0.752248,-0.447688,0.18993,36.8697,-62.4529,248.381,-0.0126966,0.0262898,0.0337406,31.3283,22.2221,52.4701
1759345570878165760,-619.165,2598.98,-638.701,0.44421,-0.752014,-0.448248,0.190328,36.894,-62.7702,248.714,-0.0126961,0.0262887,0.0337393,31.3283,22.2229,52.4712
1759345570888165632,-618.796,2598.35,-636.212,0.443927,-0.751752,-0.448816,0.190688,36.92,-63.0869,249.045,-0.0126955,0.0262877,0.0337381,31.3282,22.2237,52.4724
1759345570898165760,-618.427,2597.72,-633.72,0.443677,-0.751495,-0.449349,0.191029,36.9471,-63.4031,249.377,-0.012695,0.0262867,0.0337369,31.3282,22.2245,52.4736
1759345570908165632,-618.057,2597.08,-631.224,0.443437,-0.751248,-0.449889,0.191282,36.9749,-63.7191,249.707,-0.0126945,0.0262857,0.0337356,31.3282,22.2253,52.4748
1759345570918165760,-617.688,2596.44,-628.725,0.443264,-0.750991,-0.450379,0.191541,37.0033,-64.0347,250.037,-0.0126939,0.0262847,0.0337344,31.3281,22.2261,52.4759
1759345570928165632,-617.318,2595.8,-626.223,0.443194,-0.75058,-0.450968,0.191927,37.0321,-64.3499,250.367,-0.0126934,0.0262836,0.0337332,31.3281,22.2269,52.4771
1759345570938165760,-616.947,2595.15,-623.718,0.443104,-0.750233,-0.45151,0.192218,37.0618,-64.665,250.696,-0.0126929,0.0262826,0.0337319,31.3281,22.2277,52.4783
1759345570948165632,-616.576,2594.51,-621.209,0.443007,-0.749946,-0.451984,0.192446,37.0924,-64.9796,251.024,-0.0126924,0.0262816,0.0337307,31.328,22.2285,52.4795
1759345570958165760,-616.205,2593.85,-618.697,0.442872,-0.749682,-0.452475,0.192634,37.124,-65.294,251.352,-0.0126919,0.0262806,0.0337295,31.328,22.2294,52.4807
1759345570968165632,-615.834,2593.2,-616.182,0.44279,-0.749357,-0.452982,0.192898,37.1566,-65.6081,251.679,-0.0126913,0.0262796,0.0337282,31.328,22.2302,52.4819
1759345570978165504,-615.463,2592.54,-613.663,0.442771,-0.748968,-0.453517,0.193193,37.1908,-65.9222,252.005,-0.0126908,0.0262785,0.033727,31.3279,22.231,52.4831
1759345570988165632,-615.091,2591.88,-611.141,0.44277,-0.748591,-0.454021,0.19347,37.2263,-66.2364,252.332,-0.0126903,0.0262775,0.0337258,31.3279,22.2318,52.4842
1759345570998165504,-614.718,2591.22,-608.616,0.442779,-0.748223,-0.454535,0.193665,37.2632,-66.5507,252.659,-0.0126898,0.0262765,0.0337245,31.3279,22.2326,52.4854
1759345571008165632,-614.345,2590.55,-606.088,0.442849,-0.747813,-0.45506,0.193857,37.3012,-66.8647,252.986,-0.0126893,0.0262755,0.0337233,31.3279,22.2335,52.4866
1759345571018165504,-613.972,2589.88,-603.556,0.44291,-0.747476,-0.45551,0.193961,37.3401,-67.1787,253.313,-0.0126888,0.0262745,0.0337221,31.3279,22.2343,52.4878
1759345571028165632,-613.599,2589.21,-601.021,0.442961,-0.747063,-0.456077,0.194105,37.3802,-67.4922,253.64,-0.0126883,0.0262735,0.0337209,31.3278,22.2351,52.489
1759345571038165504,-613.225,2588.53,-598.483,0.443085,-0.746615,-0.456613,0.194285,37.4214,-67.8057,253.967,-0.0126877,0.0262724,0.0337196,31.3278,22.2359,52.4902
1759345571048165632,-612.851,2587.85,-595.942,0.443218,-0.746166,-0.457143,0.194458,37.4639,-68.1189,254.293,-0.0126872,0.0262714,0.0337184,31.3278,22.2368,52.4914
1759345571058165504,-612.476,2587.17,-593.397,0.443374,-0.745704,-0.457672,0.194631,37.5079,-68.4322,254.619,-0.0126867,0.0262704,0.0337172,31.3278,22.2376,52.4926
1759345571068165632,-612.101,2586.48,-590.849,0.443587,-0.745166,-0.458208,0.194946,37.5533,-68.7454,254.944,-0.0126862,0.0262694,0.0337159,31.3278,22.2384,52.4938
1759345571078165504,-611.725,2585.79,-588.298,0.443758,-0.744568,-0.458875,0.195271,37.6004,-69.0584,255.27,-0.0126857,0.0262684,0.0337147,31.3278,22.2392,52.495
1759345571088165632,-611.349,2585.1,-585.743,0.443886,-0.744094,-0.459428,0.195485,37.6495,-69.3712,255.596,-0.0126852,0.0262674,0.0337135,31.3277,22.2401,52.4962
1759345571098165504,-610.972,2584.4,-583.186,0.443992,-0.743637,-0.459972,0.195706,37.7001,-69.6842,255.922,-0.0126847,0.0262663,0.0337123,31.3277,22.2409,52.4974
1759345571108165376,-610.595,2583.7,-580.625,0.44406,-0.743203,-0.460525,0.195902,37.7521,-69.997,256.248,-0.0126841,0.0262653,0.033711,31.3277,22.2418,52.4986
1759345571118165504,-610.217,2583,-578.06,0.444156,-0.742684,-0.461113,0.19627,37.805,-70.3096,256.574,-0.0126836,0.0262643,0.0337098,31.3277,22.2426,52.4998
1759345571128165376,-609.839,2582.3,-575.493,0.44412,-0.742345,-0.461642,0.196388,37.8589,-70.6219,256.899,-0.0126831,0.0262633,0.0337086,31.3277,22.2434,52.501
1759345571138165504,-609.46,2581.59,-572.922,0.444104,-0.741899,-0.462247,0.196683,37.9129,-70.9345,257.224,-0.0126826,0.0262623,0.0337074,31.3277,22.2443,52.5022
1759345571148165376,-609.081,2580.88,-570.348,0.444027,-0.74149,-0.46286,0.196958,37.9676,-71.2474,257.549,-0.0126821,0.0262613,0.0337061,31.3277,22.2451,52.5034
1759345571158165504,-608.701,2580.16,-567.771,0.443939,-0.741099,-0.463452,0.197239,38.0224,-71.5607,257.874,-0.0126816,0.0262603,0.0337049,31.3277,22.246,52.5046
1759345571168165376,-608.321,2579.45,-565.19,0.443835,-0.740685,-0.464086,0.197536,38.0783,-71.8747,258.199,-0.012681,0.0262592,0.0337037,31.3277,22.2468,52.5058
1759345571178165504,-607.94,2578.73,-562.606,0.443676,-0.740361,-0.464673,0.197726,38.135,-72.189,258.524,-0.0126805,0.0262582,0.0337024,31.3277,22.2477,52.507
1759345571188165376,-607.558,2578,-560.019,0.443543,-0.73996,-0.465328,0.197985,38.1925,-72.5042,258.85,-0.01268,0.0262572,0.0337012,31.3277,22.2485,52.5082
1759345571198165504,-607.176,2577.28,-557.429,0.443427,-0.739536,-0.466001,0.198248,38.2508,-72.8199,259.176,-0.0126795,0.0262562,0.0337,31.3277,22.2494,52.5094
1759345571208165376,-606.794,2576.55,-554.836,0.443363,-0.739029,-0.46671,0.198612,38.3102,-73.1363,259.503,-0.012679,0.0262552,0.0336987,31.3277,22.2502,52.5107
1759345571218165504,-606.41,2575.81,-552.239,0.443233,-0.738624,-0.467423,0.198734,38.371,-73.4538,259.83,-0.0126784,0.0262541,0.0336975,31.3278,22.2511,52.5119
1759345571228165376,-606.027,2575.08,-549.639,0.443182,-0.738164,-0.468126,0.198903,38.4324,-73.7721,260.157,-0.0126779,0.0262531,0.0336963,31.3278,22.2519,52.5131
1759345571238165504,-605.642,2574.34,-547.035,0.443197,-0.737547,-0.46893,0.199262,38.4945,-74.0916,260.483,-0.0126774,0.0262521,0.033695,31.3278,22.2528,52.5143
1759345571248165376,-605.257,2573.59,-544.429,0.443145,-0.737107,-0.469611,0.199402,38.5575,-74.4122,260.81,-0.0126768,0.026251,0.0336938,31.3278,22.2536,52.5155
1759345571258165248,-604.871,2572.85,-541.819,0.443104,-0.73664,-0.470324,0.199541,38.621,-74.7333,261.137,-0.0126763,0.02625,0.0336925,31.3278,22.2545,52.5167
1759345571268165376,-604.485,2572.1,-539.206,0.44313,-0.736084,-0.471023,0.199884,38.6853,-75.0554,261.465,-0.0126758,0.0262489,0.0336913,31.3278,22.2554,52.5179
1759345571278165248,-604.098,2571.35,-536.589,0.443061,-0.735633,-0.471752,0.199974,38.7504,-75.3781,261.792,-0.0126752,0.0262479,0.03369,31.3279,22.2562,52.5191
1759345571288165376,-603.71,2570.59,-533.97,0.443037,-0.735156,-0.472445,0.200149,38.816,-75.7018,262.12,-0.0126747,0.0262469,0.0336888,31.3279,22.2571,52.5203
1759345571298165248,-603.322,2569.83,-531.347,0.44297,-0.734744,-0.473138,0.200174,38.8821,-76.026,262.448,-0.0126742,0.0262458,0.0336875,31.3279,22.258,52.5216
1759345571308165376,-602.933,2569.07,-528.72,0.442897,-0.734266,-0.47393,0.200215,38.9484,-76.3505,262.777,-0.0126736,0.0262448,0.0336863,31.3279,22.2588,52.5228
1759345571318165248,-602.543,2568.3,-526.091,0.442815,-0.733881,-0.474619,0.200175,39.0145,-76.6755,263.106,-0.0126731,0.0262437,0.033685,31.328,22.2597,52.524
1759345571328165376,-602.152,2567.54,-523.458,0.44289,-0.733261,-0.475344,0.20056,39.0802,-77.0004,263.436,-0.0126726,0.0262427,0.0336838,31.328,22.2606,52.5252
1759345571338165248,-601.761,2566.76,-520.822,0.442748,-0.732996,-0.475965,0.20037,39.1467,-77.3254,263.766,-0.012672,0.0262416,0.0336825,31.328,22.2615,52.5264
1759345571348165376,-601.37,2565.99,-518.182,0.442642,-0.732652,-0.47659,0.200378,39.2126,-77.6497,264.095,-0.0126715,0.0262405,0.0336813,31.3281,22.2623,52.5276
1759345571358165248,-600.977,2565.21,-515.54,0.442525,-0.732306,-0.477189,0.200477,39.2782,-77.9738,264.425,-0.0126709,0.0262395,0.03368,31.3281,22.2632,52.5288
1759345571368165376,-600.584,2564.43,-512.894,0.442341,-0.73201,-0.477794,0.200521,39.3433,-78.2973,264.754,-0.0126704,0.0262384,0.0336788,31.3281,22.2641,52.5301
1759345571378165248,-600.191,2563.64,-510.244,0.442144,-0.731747,-0.478351,0.200589,39.4072,-78.6204,265.083,-0.0126699,0.0262374,0.0336775,31.3282,22.265,52.5313
1759345571388165120,-599.797,2562.86,-507.592,0.441932,-0.731495,-0.478914,0.200628,39.4704,-78.9434,265.413,-0.0126693,0.0262363,0.0336763,31.3282,22.2659,52.5325
1759345571398165248,-599.402,2562.06,-504.936,0.441741,-0.731267,-0.47943,0.200649,39.5329,-79.2664,265.743,-0.0126688,0.0262353,0.033675,31.3283,22.2667,52.5337
1759345571408165120,-599.006,2561.27,-502.277,0.441567,-0.731022,-0.479961,0.200656,39.5944,-79.5895,266.073,-0.0126683,0.0262342,0.0336737,31.3283,22.2676,52.5349
1759345571418165248,-598.61,2560.47,-499.614,0.441375,-0.730821,-0.480462,0.200609,39.6556,-79.9127,266.403,-0.0126677,0.0262331,0.0336725,31.3283,22.2685,52.5362
1759345571428165120,-598.213,2559.67,-496.948,0.441518,-0.730346,-0.480794,0.201228,39.7163,-80.2361,266.734,-0.0126672,0.0262321,0.0336712,31.3284,22.2694,52.5374
1759345571438165248,-597.816,2558.87,-494.279,0.441108,-0.730366,-0.481351,0.200722,39.7775,-80.5593,267.064,-0.0126666,0.026231,0.03367,31.3284,22.2703,52.5386
1759345571448165120,-597.418,2558.06,-491.607,0.440927,-0.730176,-0.481822,0.200684,39.8374,-80.8822,267.395,-0.0126661,0.0262299,0.0336687,31.3285,22.2712,52.5398
1759345571458165248,-597.019,2557.25,-488.931,0.440793,-0.729936,-0.48229,0.200726,39.8976,-81.2051,267.725,-0.0126656,0.0262289,0.0336674,31.3285,22.2721,52.541
1759345571468165120,-596.62,2556.43,-486.252,0.440657,-0.729744,-0.482733,0.20066,39.9585,-81.528,268.056,-0.012665,0.0262278,0.0336662,31.3286,22.273,52.5423
1759345571478165248,-596.22,2555.62,-483.57,0.440505,-0.729564,-0.483229,0.200454,40.0206,-81.8514,268.387,-0.0126645,0.0262267,0.0336649,31.3287,22.2739,52.5435
1759345571488165120,-595.82,2554.8,-480.884,0.440433,-0.729362,-0.483669,0.200288,40.084,-82.1754,268.717,-0.0126639,0.0262257,0.0336637,31.3287,22.2748,52.5447
1759345571498165248,-595.419,2553.97,-478.195,0.440401,-0.72923,-0.484033,0.199954,40.148,-82.4999,269.046,-0.0126634,0.0262246,0.0336624,31.3288,22.2757,52.546
1759345571508165120,-595.017,2553.15,-475.503,0.44058,-0.728846,-0.484472,0.199899,40.213,-82.8251,269.376,-0.0126629,0.0262236,0.0336611,31.3288,22.2766,52.5472
1759345571518164992,-594.615,2552.32,-472.807,0.440763,-0.728609,-0.484794,0.199578,40.2791,-83.151,269.704,-0.0126623,0.0262225,0.0336599,31.3289,22.2775,52.5484
1759345571528165120,-594.212,2551.48,-470.108,0.441053,-0.728283,-0.485161,0.199234,40.346,-83.4775,270.032,-0.0126618,0.0262214,0.0336586,31.3289,22.2784,52.5496
1759345571538164992,-593.808,2550.65,-467.406,0.441343,-0.728022,-0.485507,0.198705,40.4137,-83.8045,270.357,-0.0126612,0.0262204,0.0336573,31.329,22.2793,52.5509
1759345571548165120,-593.404,2549.81,-464.701,0.441764,-0.727559,-0.485909,0.19848,40.4817,-84.132,270.682,-0.0126607,0.0262193,0.0336561,31.3291,22.2802,52.5521
1759345571558164992,-592.999,2548.96,-461.992,0.442166,-0.727225,-0.486238,0.198004,40.5503,-84.4596,271.005,-0.0126602,0.0262182,0.0336548,31.3291,22.2811,52.5533
1759345571568165120,-592.593,2548.12,-459.281,0.442585,-0.726898,-0.486538,0.197531,40.6191,-84.7872,271.326,-0.0126596,0.0262172,0.0336536,31.3292,22.282,52.5546
1759345571578164992,-592.186,2547.27,-456.566,0.443033,-0.726533,-0.486834,0.197141,40.6879,-85.1152,271.647,-0.0126591,0.0262161,0.0336523,31.3293,22.2829,52.5558
1759345571588165120,-591.779,2546.41,-453.847,0.44341,-0.726256,-0.487112,0.196626,40.757,-85.443,271.967,-0.0126585,0.0262151,0.033651,31.3294,22.2838,52.557
1759345571598164992,-591.371,2545.56,-451.126,0.443787,-0.725945,-0.487367,0.196293,40.8259,-85.7709,272.286,-0.012658,0.026214,0.0336498,31.3294,22.2847,52.5583
1759345571608165120,-590.963,2544.7,-448.401,0.444059,-0.725745,-0.487619,0.195788,40.8946,-86.0986,272.603,-0.0126575,0.0262129,0.0336485,31.3295,22.2857,52.5595
1759345571618164992,-590.554,2543.84,-445.674,0.444321,-0.72553,-0.487854,0.195405,40.9623,-86.4268,272.92,-0.0126569,0.0262119,0.0336472,31.3296,22.2866,52.5607
1759345571628165120,-590.144,2542.97,-442.943,0.444523,-0.725377,-0.488052,0.19502,41.0293,-86.7554,273.236,-0.0126564,0.0262108,0.033646,31.3297,22.2875,52.562
1759345571638164992,-589.733,2542.1,-440.209,0.444684,-0.725208,-0.488253,0.194778,41.0951,-87.0842,273.551,-0.0126558,0.0262098,0.0336447,31.3297,22.2884,52.5632
1759345571648164864,-589.322,2541.23,-437.472,0.444742,-0.725105,-0.488479,0.19446,41.16,-87.4135,273.866,-0.0126553,0.0262087,0.0336434,31.3298,22.2893,52.5644
1759345571658164992,-588.91,2540.35,-434.731,0.444819,-0.724946,-0.488709,0.194302,41.2244,-87.743,274.181,-0.0126548,0.0262076,0.0336422,31.3299,22.2902,52.5657
1759345571668164864,-588.498,2539.47,-431.988,0.444847,-0.724843,-0.488898,0.194145,41.2885,-88.0726,274.496,-0.0126542,0.0262066,0.0336409,31.33,22.2912,52.5669
1759345571678164992,-588.085,2538.59,-429.241,0.444806,-0.724782,-0.48909,0.193986,41.3525,-88.4023,274.811,-0.0126537,0.0262055,0.0336396,31.3301,22.2921,52.5682
1759345571688164864,-587.671,2537.7,-426.491,0.444751,-0.724744,-0.489253,0.193842,41.4168,-88.7326,275.126,-0.0126531,0.0262045,0.0336384,31.3302,22.293,52.5694
1759345571698164992,-587.257,2536.81,-423.738,0.444598,-0.724766,-0.489455,0.193601,41.4811,-89.0631,275.443,-0.0126526,0.0262034,0.0336371,31.3303,22.294,52.5706
1759345571708164864,-586.842,2535.92,-420.982,0.44456,-0.724666,-0.489632,0.193613,41.5451,-89.3941,275.761,-0.0126521,0.0262023,0.0336359,31.3303,22.2949,52.5719
1759345571718164992,-586.426,2535.03,-418.223,0.444716,-0.72446,-0.489671,0.193928,41.6091,-89.7256,276.08,-0.0126515,0.0262013,0.0336346,31.3304,22.2958,52.5731
1759345571728164864,-586.01,2534.13,-415.46,0.444799,-0.724294,-0.489783,0.194073,41.6734,-90.0579,276.401,-0.012651,0.0262002,0.0336333,31.3305,22.2968,52.5744
1759345571738164992,-585.593,2533.22,-412.695,0.44452,-0.724405,-0.490165,0.193335,41.7378,-90.3905,276.722,-0.0126504,0.0261992,0.0336321,31.3306,22.2977,52.5756
1759345571748164864,-585.175,2532.32,-409.926,0.444589,-0.724307,-0.49032,0.193145,41.8011,-90.724,277.042,-0.0126499,0.0261981,0.0336308,31.3307,22.2986,52.5768
1759345571758164992,-584.757,2531.41,-407.153,0.444761,-0.724133,-0.490481,0.192994,41.8638,-91.0578,277.363,-0.0126494,0.0261971,0.0336296,31.3308,22.2996,52.5781
1759345571768164864,-584.338,2530.5,-404.378,0.444972,-0.723958,-0.490644,0.192752,41.9258,-91.3921,277.683,-0.0126488,0.026196,0.0336283,31.3309,22.3005,52.5793
1759345571778164736,-583.919,2529.58,-401.6,0.445176,-0.723817,-0.490806,0.192397,41.9866,-91.7267,278.004,-0.0126483,0.0261949,0.033627,31.331,22.3014,52.5806
1759345571788164864,-583.498,2528.66,-398.818,0.445508,-0.723591,-0.490932,0.192157,42.0466,-92.0618,278.324,-0.0126477,0.0261939,0.0336258,31.3311,22.3024,52.5818
1759345571798164736,-583.078,2527.74,-396.033,0.445864,-0.723374,-0.491038,0.191875,42.1056,-92.3972,278.645,-0.0126472,0.0261928,0.0336245,31.3312,22.3033,52.5831
1759345571808164864,-582.656,2526.81,-393.245,0.44635,-0.723022,-0.491137,0.191823,42.1645,-92.7327,278.965,-0.0126466,0.0261918,0.0336233,31.3313,22.3043,52.5843
1759345571818164736,-582.235,2525.88,-390.453,0.446704,-0.72283,-0.491302,0.191298,42.2233,-93.0687,279.284,-0.0126461,0.0261907,0.033622,31.3315,22.3052,52.5856
1759345571828164864,-581.812,2524.95,-387.659,0.44716,-0.722613,-0.491366,0.190885,42.2816,-93.4051,279.604,-0.0126455,0.0261896,0.0336207,31.3316,22.3062,52.5868
1759345571838164736,-581.389,2524.02,-384.861,0.447672,-0.722361,-0.49143,0.190475,42.3396,-93.742,279.924,-0.012645,0.0261886,0.0336195,31.3317,22.3071,52.5881
1759345571848164864,-580.966,2523.08,-382.06,0.448243,-0.722072,-0.491475,0.190113,42.3976,-94.0791,280.244,-0.0126444,0.0261875,0.0336182,31.3318,22.3081,52.5893
1759345571858164736,-580.541,2522.13,-379.256,0.448838,-0.721779,-0.491523,0.189695,42.4553,-94.4166,280.563,-0.0126439,0.0261865,0.033617,31.3319,22.309,52.5906
1759345571868164864,-580.117,2521.19,-376.449,0.449487,-0.721488,-0.491527,0.189255,42.5125,-94.7547,280.882,-0.0126433,0.0261854,0.0336157,31.332,22.31,52.5918
1759345571878164736,-579.691,2520.24,-373.638,0.450065,-0.721238,-0.491607,0.188624,42.5692,-95.0929,281.201,-0.0126428,0.0261843,0.0336145,31.3321,22.3109,52.5931
1759345571888164864,-579.265,2519.29,-370.824,0.450771,-0.72093,-0.491608,0.188115,42.6249,-95.4313,281.519,-0.0126422,0.0261833,0.0336132,31.3322,22.3119,52.5943
1759345571898164736,-578.839,2518.33,-368.007,0.451477,-0.720652,-0.49159,0.187531,42.6797,-95.7705,281.836,-0.0126417,0.0261822,0.0336119,31.3324,22.3128,52.5956
1759345571908164864,-578.412,2517.37,-365.187,0.452211,-0.720355,-0.491587,0.186913,42.7335,-96.11,282.151,-0.0126411,0.0261812,0.0336107,31.3325,22.3138,52.5968
1759345571918164736,-577.984,2516.41,-362.364,0.452963,-0.720006,-0.491599,0.186401,42.7861,-96.4505,282.465,-0.0126406,0.0261801,0.0336094,31.3326,22.3147,52.5981
1759345571928164608,-577.556,2515.44,-359.538,0.453646,-0.719758,-0.49159,0.185721,42.8374,-96.792,282.775,-0.0126401,0.026179,0.0336082,31.3327,22.3157,52.5994
1759345571938164736,-577.128,2514.47,-356.708,0.454399,-0.719446,-0.491579,0.185118,42.8868,-97.1354,283.083,-0.0126395,0.026178,0.0336069,31.3328,22.3166,52.6006
1759345571948164608,-576.699,2513.5,-353.876,0.455174,-0.719128,-0.491568,0.184478,42.9344,-97.4802,283.389,-0.012639,0.0261769,0.0336056,31.333,22.3176,52.6019
1759345571958164736,-576.269,2512.52,-351.04,0.45596,-0.718788,-0.491579,0.183832,42.979,-97.8261,283.694,-0.0126384,0.0261758,0.0336044,31.3331,22.3186,52.6031
1759345571968164608,-575.839,2511.54,-348.202,0.456743,-0.718475,-0.491558,0.183166,43.0213,-98.1727,283.998,-0.0126379,0.0261748,0.0336031,31.3332,22.3195,52.6044
1759345571978164736,-575.409,2510.56,-345.36,0.45751,-0.718148,-0.491564,0.182521,43.0622,-98.5203,284.3,-0.0126373,0.0261737,0.0336018,31.3333,22.3205,52.6057
1759345571988164608,-574.978,2509.57,-342.516,0.458296,-0.71783,-0.491505,0.181955,43.1027,-98.8684,284.6,-0.0126368,0.0261727,0.0336006,31.3335,22.3214,52.6069
1759345571998164736,-574.547,2508.58,-339.668,0.458991,-0.717537,-0.491503,0.181366,43.1426,-99.2176,284.9,-0.0126363,0.0261716,0.0335993,31.3336,22.3224,52.6082
1759345572008164608,-574.115,2507.58,-336.818,0.459724,-0.717219,-0.491475,0.18084,43.1814,-99.568,285.2,-0.0126357,0.0261705,0.033598,31.3337,22.3234,52.6095
1759345572018164736,-573.683,2506.59,-333.964,0.460424,-0.716927,-0.491453,0.180276,43.2194,-99.9201,285.502,-0.0126352,0.0261695,0.0335968,31.3339,22.3243,52.6108
1759345572028164608,-573.251,2505.59,-331.107,0.461218,-0.716576,-0.491351,0.17992,43.2574,-100.274,285.803,-0.0126346,0.0261684,0.0335955,31.334,22.3253,52.612
1759345572038164736,-572.818,2504.58,-328.248,0.461961,-0.716223,-0.491333,0.179464,43.2968,-100.629,286.102,-0.0126341,0.0261673,0.0335942,31.3341,22.3263,52.6133
1759345572048164608,-572.385,2503.57,-325.385,0.462729,-0.715872,-0.491267,0.179067,43.3374,-100.986,286.402,-0.0126335,0.0261662,0.033593,31.3342,22.3272,52.6146
1759345572058164480,-571.951,2502.56,-322.519,0.463551,-0.715489,-0.491186,0.178696,43.3783,-101.344,286.701,-0.012633,0.0261652,0.0335917,31.3344,22.3282,52.6159
1759345572068164608,-571.517,2501.55,-319.651,0.464396,-0.715091,-0.491099,0.178336,43.419,-101.704,287.002,-0.0126324,0.0261641,0.0335904,31.3345,22.3291,52.6171
1759345572078164480,-571.083,2500.53,-316.779,0.465342,-0.714647,-0.490967,0.178008,43.4599,-102.065,287.302,-0.0126318,0.026163,0.0335891,31.3346,22.3301,52.6184
1759345572088164608,-570.648,2499.5,-313.905,0.466302,-0.714205,-0.490876,0.177524,43.5017,-102.427,287.602,-0.0126313,0.0261619,0.0335879,31.3348,22.3311,52.6197
1759345572098164480,-570.213,2498.48,-311.027,0.467384,-0.71367,-0.490762,0.177141,43.5448,-102.789,287.901,-0.0126307,0.0261609,0.0335866,31.3349,22.332,52.621
1759345572108164608,-569.777,2497.45,-308.146,0.46853,-0.71312,-0.490623,0.176714,43.5889,-103.153,288.2,-0.0126301,0.0261598,0.0335853,31.3351,22.333,52.6223
1759345572118164480,-569.341,2496.41,-305.263,0.469744,-0.712544,-0.490464,0.176257,43.6343,-103.517,288.498,-0.0126296,0.0261587,0.0335841,31.3352,22.334,52.6235
1759345572128164608,-568.905,2495.38,-302.376,0.471001,-0.711957,-0.490287,0.175765,43.6805,-103.881,288.796,-0.012629,0.0261576,0.0335828,31.3353,22.335,52.6248
1759345572138164480,-568.468,2494.34,-299.487,0.472263,-0.711386,-0.490119,0.175159,43.727,-104.245,289.093,-0.0126284,0.0261566,0.0335815,31.3355,22.3359,52.6261
1759345572148164608,-568.03,2493.29,-296.594,0.473656,-0.710748,-0.489854,0.174731,43.7736,-104.61,289.388,-0.0126278,0.0261555,0.0335803,31.3356,22.3369,52.6274
1759345572158164480,-567.592,2492.24,-293.699,0.475071,-0.710122,-0.489569,0.174234,43.8204,-104.976,289.682,-0.0126273,0.0261544,0.033579,31.3358,22.3379,52.6287
1759345572168164608,-567.154,2491.19,-290.8,0.476362,-0.709549,-0.48939,0.173541,43.8675,-105.343,289.974,-0.0126267,0.0261533,0.0335777,31.3359,22.3388,52.63
1759345572178164480,-566.715,2490.14,-287.899,0.477741,-0.708928,-0.489155,0.172953,43.9144,-105.71,290.264,-0.0126261,0.0261523,0.0335765,31.336,22.3398,52.6313
1759345572188164352,-566.276,2489.08,-284.995,0.479386,-0.708172,-0.488712,0.172748,43.9615,-106.078,290.552,-0.0126255,0.0261512,0.0335752,31.3362,22.3408,52.6326
1759345572198164480,-565.836,2488.01,-282.088,0.480674,-0.707599,-0.488572,0.171911,44.0096,-106.448,290.839,-0.0126249,0.0261501,0.0335739,31.3363,22.3417,52.6339
1759345572208164352,-565.396,2486.95,-279.178,0.482129,-0.706964,-0.488265,0.171317,44.0576,-106.82,291.124,-0.0126243,0.026149,0.0335727,31.3365,22.3427,52.6352
1759345572218164480,-564.955,2485.88,-276.265,0.483567,-0.706315,-0.488015,0.170657,44.1058,-107.193,291.408,-0.0126237,0.0261479,0.0335714,31.3366,22.3437,52.6365
1759345572228164352,-564.514,2484.8,-273.35,0.485006,-0.705664,-0.487783,0.169929,44.1541,-107.569,291.691,-0.0126231,0.0261469,0.0335701,31.3368,22.3447,52.6378
1759345572238164480,-564.072,2483.73,-270.431,0.486547,-0.70497,-0.487467,0.169308,44.2023,-107.945,291.973,-0.0126225,0.0261458,0.0335688,31.3369,22.3456,52.6391
1759345572248164352,-563.63,2482.64,-267.51,0.488003,-0.704272,-0.487278,0.168564,44.2498,-108.323,292.253,-0.0126219,0.0261447,0.0335676,31.3371,22.3466,52.6404
1759345572258164480,-563.187,2481.56,-264.586,0.489532,-0.703555,-0.486995,0.167944,44.2969,-108.703,292.531,-0.0126213,0.0261436,0.0335663,31.3372,22.3476,52.6417
1759345572268164352,-562.744,2480.47,-261.659,0.490959,-0.702889,-0.486795,0.167144,44.344,-109.085,292.806,-0.0126207,0.0261425,0.033565,31.3374,22.3486,52.643
1759345572278164480,-562.3,2479.38,-258.73,0.492495,-0.702143,-0.486503,0.166608,44.3913,-109.468,293.078,-0.0126201,0.0261415,0.0335637,31.3375,22.3495,52.6443
1759345572288164352,-561.856,2478.28,-255.798,0.49397,-0.701427,-0.486275,0.165922,44.4388,-109.854,293.348,-0.0126195,0.0261404,0.0335624,31.3377,22.3505,52.6456
1759345572298164480,-561.411,2477.18,-252.863,0.495374,-0.700784,-0.486069,0.165059,44.4865,-110.242,293.615,-0.0126189,0.0261393,0.0335611,31.3378,22.3515,52.6469
1759345572308164352,-560.966,2476.07,-249.925,0.496848,-0.700056,-0.485849,0.16436,44.5342,-110.631,293.881,-0.0126183,0.0261382,0.0335599,31.338,22.3525,52.6482
1759345572318164224,-560.521,2474.97,-246.985,0.498261,-0.69939,-0.485627,0.163572,44.582,-111.023,294.146,-0.0126177,0.0261371,0.0335586,31.3381,22.3535,52.6495
1759345572328164352,-560.075,2473.85,-244.042,0.499666,-0.698697,-0.485398,0.162925,44.6297,-111.415,294.409,-0.0126171,0.026136,0.0335573,31.3383,22.3544,52.6508
1759345572338164224,-559.628,2472.74,-241.097,0.501057,-0.698034,-0.485102,0.162377,44.6786,-111.808,294.671,-0.0126165,0.0261349,0.033556,31.3384,22.3554,52.6521
1759345572348164352,-559.181,2471.62,-238.149,0.502282,-0.697435,-0.484933,0.161671,44.7283,-112.203,294.932,-0.0126158,0.0261338,0.0335547,31.3386,22.3564,52.6534
1759345572358164224,-558.734,2470.49,-235.198,0.503569,-0.69683,-0.484617,0.161222,44.7786,-112.599,295.191,-0.0126152,0.0261327,0.0335534,31.3388,22.3574,52.6548
1759345572368164352,-558.286,2469.36,-232.245,0.50483,-0.696241,-0.484257,0.160905,44.8294,-112.996,295.449,-0.0126146,0.0261316,0.0335521,31.3389,22.3583,52.6561
1759345572378164224,-557.837,2468.23,-229.289,0.506016,-0.695686,-0.48395,0.160501,44.8807,-113.395,295.706,-0.012614,0.0261305,0.0335508,31.3391,22.3593,52.6574
1759345572388164352,-557.388,2467.1,-226.331,0.507173,-0.69513,-0.483676,0.160088,44.9324,-113.795,295.963,-0.0126133,0.0261295,0.0335495,31.3392,22.3603,52.6587
1759345572398164224,-556.939,2465.96,-223.37,0.508312,-0.694591,-0.483393,0.159665,44.984,-114.197,296.218,-0.0126127,0.0261284,0.0335482,31.3394,22.3613,52.66
1759345572408164352,-556.489,2464.81,-220.406,0.50945,-0.694065,-0.483101,0.159208,45.0352,-114.6,296.473,-0.0126121,0.0261273,0.0335469,31.3396,22.3623,52.6613
1759345572418164224,-556.038,2463.66,-217.44,0.510484,-0.693577,-0.482933,0.158535,45.0858,-115.004,296.726,-0.0126114,0.0261262,0.0335456,31.3397,22.3632,52.6627
1759345572428164352,-555.587,2462.51,-214.471,0.51179,-0.692962,-0.482519,0.158273,45.1358,-115.409,296.978,-0.0126108,0.0261251,0.0335443,31.3399,22.3642,52.664
1759345572438164224,-555.135,2461.35,-211.5,0.512951,-0.692415,-0.482251,0.157722,45.1859,-115.815,297.229,-0.0126101,0.026124,0.033543,31.3401,22.3652,52.6653
1759345572448164352,-554.683,2460.19,-208.527,0.514159,-0.691847,-0.481947,0.157208,45.2359,-116.222,297.477,-0.0126095,0.0261229,0.0335417,31.3402,22.3662,52.6666
1759345572458164224,-554.231,2459.03,-205.551,0.515359,-0.691286,-0.481676,0.15658,45.2858,-116.63,297.724,-0.0126088,0.0261218,0.0335404,31.3404,22.3672,52.668
1759345572468164096,-553.778,2457.86,-202.572,0.516814,-0.690587,-0.481203,0.156325,45.336,-117.039,297.97,-0.0126082,0.0261207,0.0335391,31.3406,22.3682,52.6693
1759345572478164224,-553.324,2456.69,-199.591,0.518147,-0.68995,-0.480866,0.155757,45.3865,-117.449,298.214,-0.0126075,0.0261196,0.0335378,31.3407,22.3691,52.6706
1759345572488164096,-552.87,2455.51,-196.608,0.519451,-0.689336,-0.48058,0.155014,45.4377,-117.859,298.457,-0.0126068,0.0261184,0.0335365,31.3409,22.3701,52.6719
1759345572498164224,-552.415,2454.33,-193.622,0.520796,-0.688697,-0.480285,0.154257,45.4883,-118.27,298.699,-0.0126062,0.0261173,0.0335352,31.3411,22.3711,52.6733
1759345572508164096,-551.96,2453.15,-190.634,0.522125,-0.688066,-0.479994,0.153481,45.5383,-118.681,298.941,-0.0126055,0.0261162,0.0335339,31.3413,22.3721,52.6746
1759345572518164224,-551.505,2451.96,-187.643,0.52351,-0.687397,-0.479638,0.152875,45.5876,-119.094,299.182,-0.0126048,0.0261151,0.0335326,31.3414,22.3731,52.6759
1759345572528164096,-551.049,2450.76,-184.65,0.524949,-0.686705,-0.479174,0.152503,45.6367,-119.506,299.421,-0.0126042,0.026114,0.0335313,31.3416,22.3741,52.6773
1759345572538164224,-550.592,2449.57,-181.655,0.526157,-0.686139,-0.47887,0.151842,45.6858,-119.919,299.658,-0.0126035,0.0261129,0.03353,31.3418,22.375,52.6786
1759345572548164096,-550.135,2448.36,-178.657,0.527325,-0.685593,-0.478545,0.151278,45.7342,-120.332,299.894,-0.0126028,0.0261118,0.0335287,31.342,22.376,52.6799
1759345572558164224,-549.677,2447.16,-175.657,0.528354,-0.685124,-0.478269,0.150688,45.7822,-120.745,300.128,-0.0126021,0.0261107,0.0335274,31.3421,22.377,52.6813
1759345572568164096,-549.219,2445.95,-172.654,0.529305,-0.684699,-0.477966,0.150242,45.8303,-121.159,300.361,-0.0126014,0.0261096,0.0335261,31.3423,22.378,52.6826
1759345572578164224,-548.761,2444.74,-169.649,0.530221,-0.684286,-0.477624,0.149981,45.8786,-121.574,300.592,-0.0126008,0.0261085,0.0335248,31.3425,22.379,52.6839
1759345572588164096,-548.302,2443.52,-166.642,0.53094,-0.683975,-0.477397,0.149576,45.927,-121.991,300.824,-0.0126001,0.0261074,0.0335235,31.3427,22.38,52.6853
1759345572598163968,-547.842,2442.3,-163.633,0.531622,-0.683677,-0.477151,0.149302,45.9751,-122.408,301.055,-0.0125994,0.0261063,0.0335222,31.3429,22.3809,52.6866
1759345572608164096,-547.382,2441.07,-160.621,0.532271,-0.683385,-0.47688,0.149192,46.0223,-122.827,301.287,-0.0125987,0.0261052,0.0335209,31.343,22.3819,52.688
1759345572618163968,-546.922,2439.84,-157.607,0.5327,-0.683202,-0.476765,0.148867,46.0686,-123.248,301.519,-0.012598,0.0261041,0.0335196,31.3432,22.3829,52.6893
1759345572628164096,-546.461,2438.6,-154.591,0.533178,-0.682979,-0.476582,0.14876,46.1131,-123.67,301.752,-0.0125973,0.026103,0.0335183,31.3434,22.3839,52.6907
1759345572638163968,-546,2437.36,-151.572,0.533653,-0.682742,-0.476391,0.148762,46.1568,-124.094,301.984,-0.0125965,0.0261019,0.033517,31.3436,22.3849,52.692
1759345572648164096,-545.538,2436.12,-148.551,0.534037,-0.682541,-0.476286,0.14864,46.1995,-124.519,302.217,-0.0125958,0.0261008,0.0335157,31.3438,22.3859,52.6934
1759345572658163968,-545.076,2434.87,-145.527,0.534431,-0.682327,-0.476202,0.148475,46.2412,-124.945,302.451,-0.0125951,0.0260997,0.0335144,31.3439,22.3869,52.6947
1759345572668164096,-544.613,2433.62,-142.502,0.534827,-0.682114,-0.476125,0.148276,46.2821,-125.372,302.685,-0.0125944,0.0260985,0.0335131,31.3441,22.3878,52.6961
1759345572678163968,-544.15,2432.37,-139.474,0.535235,-0.681879,-0.476074,0.148049,46.3226,-125.8,302.921,-0.0125937,0.0260974,0.0335118,31.3443,22.3888,52.6974
1759345572688164096,-543.686,2431.11,-136.443,0.535678,-0.68163,-0.476018,0.147774,46.363,-126.229,303.157,-0.012593,0.0260963,0.0335105,31.3445,22.3898,52.6988
1759345572698163968,-543.223,2429.84,-133.41,0.536147,-0.681352,-0.475986,0.147454,46.4032,-126.658,303.393,-0.0125922,0.0260952,0.0335092,31.3447,22.3908,52.7001
1759345572708164096,-542.758,2428.57,-130.375,0.536627,-0.681071,-0.475957,0.147102,46.443,-127.089,303.63,-0.0125915,0.0260941,0.0335079,31.3449,22.3918,52.7015
1759345572718163968,-542.294,2427.3,-127.338,0.537085,-0.680805,-0.475965,0.146633,46.4821,-127.52,303.867,-0.0125908,0.026093,0.0335066,31.345,22.3927,52.7029
1759345572728163840,-541.829,2426.02,-124.298,0.537597,-0.680509,-0.47595,0.146182,46.5201,-127.952,304.103,-0.01259,0.0260919,0.0335053,31.3452,22.3937,52.7042
1759345572738163968,-541.363,2424.74,-121.256,0.5382,-0.680159,-0.475894,0.145773,46.5569,-128.385,304.339,-0.0125893,0.0260908,0.033504,31.3454,22.3947,52.7056
1759345572748163840,-540.897,2423.45,-118.211,0.53877,-0.67984,-0.475867,0.145242,46.5928,-128.818,304.573,-0.0125886,0.0260896,0.0335026,31.3456,22.3957,52.7069
1759345572758163968,-540.431,2422.16,-115.164,0.539343,-0.679521,-0.475853,0.144655,46.6276,-129.252,304.805,-0.0125879,0.0260885,0.0335013,31.3458,22.3967,52.7083
1759345572768163840,-539.965,2420.87,-112.115,0.539863,-0.679238,-0.475877,0.143962,46.6609,-129.686,305.034,-0.0125871,0.0260874,0.0335,31.346,22.3976,52.7097
1759345572778163968,-539.498,2419.57,-109.063,0.540362,-0.678978,-0.475878,0.14331,46.693,-130.119,305.263,-0.0125864,0.0260863,0.0334987,31.3462,22.3986,52.7111
1759345572788163840,-539.031,2418.26,-106.01,0.540897,-0.678689,-0.475837,0.142797,46.7241,-130.553,305.488,-0.0125857,0.0260852,0.0334974,31.3463,22.3996,52.7124
1759345572798163968,-538.563,2416.96,-102.954,0.541315,-0.678478,-0.475853,0.142161,46.7545,-130.987,305.713,-0.0125849,0.0260841,0.0334961,31.3465,22.4006,52.7138
1759345572808163840,-538.096,2415.64,-99.8954,0.541631,-0.678344,-0.475886,0.141483,46.7841,-131.421,305.936,-0.0125842,0.026083,0.0334947,31.3467,22.4015,52.7152
1759345572818163968,-537.628,2414.33,-96.8349,0.541923,-0.678213,-0.475921,0.140875,46.8132,-131.856,306.156,-0.0125835,0.0260819,0.0334934,31.3469,22.4025,52.7166
1759345572828163840,-537.159,2413.01,-93.7723,0.5422,-0.678089,-0.475963,0.140267,46.8417,-132.291,306.374,-0.0125828,0.0260808,0.0334921,31.3471,22.4035,52.718
1759345572838163968,-536.691,2411.68,-90.7074,0.542427,-0.678005,-0.476027,0.139575,46.8693,-132.728,306.591,-0.012582,0.0260797,0.0334908,31.3473,22.4045,52.7193
1759345572848163840,-536.222,2410.35,-87.6404,0.542726,-0.677854,-0.47607,0.138992,46.8959,-133.167,306.806,-0.0125813,0.0260786,0.0334894,31.3475,22.4054,52.7207
1759345572858163712,-535.753,2409.02,-84.5713,0.542943,-0.677762,-0.476159,0.138292,46.9212,-133.606,307.02,-0.0125806,0.0260775,0.0334881,31.3477,22.4064,52.7221
1759345572868163840,-535.283,2407.68,-81.5,0.54317,-0.677655,-0.476262,0.137565,46.9447,-134.047,307.233,-0.0125799,0.0260764,0.0334868,31.3478,22.4074,52.7235
1759345572878163712,-534.814,2406.34,-78.4266,0.543512,-0.677452,-0.476331,0.136977,46.9669,-134.488,307.445,-0.0125792,0.0260754,0.0334854,31.348,22.4084,52.7249
1759345572888163840,-534.344,2404.99,-75.3511,0.543797,-0.677298,-0.476444,0.136214,46.9876,-134.93,307.656,-0.0125784,0.0260743,0.0334841,31.3482,22.4093,52.7263
1759345572898163712,-533.874,2403.64,-72.2735,0.54413,-0.6771,-0.476557,0.135469,47.006,-135.374,307.866,-0.0125777,0.0260732,0.0334827,31.3484,22.4103,52.7277
1759345572908163840,-533.403,2402.28,-69.1937,0.544537,-0.676848,-0.476652,0.134759,47.0228,-135.817,308.075,-0.012577,0.0260721,0.0334814,31.3486,22.4113,52.7291
1759345572918163712,-532.933,2400.92,-66.1119,0.544928,-0.676615,-0.476776,0.133904,47.0376,-136.262,308.284,-0.0125763,0.026071,0.03348,31.3488,22.4122,52.7305
1759345572928163840,-532.463,2399.56,-63.028,0.545412,-0.676308,-0.476875,0.133128,47.051,-136.708,308.492,-0.0125756,0.0260699,0.0334787,31.349,22.4132,52.7319
1759345572938163712,-531.992,2398.19,-59.9421,0.545914,-0.676,-0.476974,0.132278,47.0631,-137.155,308.699,-0.0125749,0.0260689,0.0334773,31.3491,22.4142,52.7333
1759345572948163840,-531.521,2396.81,-56.854,0.54646,-0.675663,-0.477066,0.131411,47.0736,-137.603,308.907,-0.0125741,0.0260678,0.0334759,31.3493,22.4151,52.7348
1759345572958163712,-531.05,2395.43,-53.7639,0.547051,-0.675298,-0.477154,0.130509,47.0829,-138.052,309.114,-0.0125734,0.0260667,0.0334746,31.3495,22.4161,52.7362
1759345572968163840,-530.579,2394.05,-50.6718,0.547706,-0.674897,-0.477224,0.129579,47.0907,-138.502,309.321,-0.0125727,0.0260656,0.0334732,31.3497,22.417,52.7376
1759345572978163712,-530.108,2392.66,-47.5775,0.548393,-0.674466,-0.477294,0.128655,47.0966,-138.952,309.528,-0.012572,0.0260646,0.0334719,31.3499,22.418,52.739
1759345572988163584,-529.637,2391.27,-44.4812,0.549154,-0.673996,-0.477343,0.127689,47.101,-139.403,309.734,-0.0125713,0.0260635,0.0334705,31.3501,22.419,52.7404
1759345572998163712,-529.166,2389.88,-41.3828,0.549915,-0.673526,-0.477405,0.12665,47.1042,-139.855,309.94,-0.0125706,0.0260624,0.0334691,31.3503,22.4199,52.7419
1759345573008163584,-528.695,2388.47,-38.2824,0.550799,-0.672967,-0.477423,0.125711,47.1065,-140.307,310.144,-0.0125698,0.0260614,0.0334677,31.3505,22.4209,52.7433
1759345573018163712,-528.224,2387.07,-35.1799,0.551676,-0.672421,-0.47746,0.124642,47.1082,-140.76,310.346,-0.0125691,0.0260603,0.0334664,31.3506,22.4218,52.7447
1759345573028163584,-527.753,2385.66,-32.0755,0.552599,-0.671849,-0.477468,0.123602,47.1092,-141.213,310.548,-0.0125684,0.0260593,0.033465,31.3508,22.4228,52.7462
1759345573038163712,-527.281,2384.24,-28.969,0.553587,-0.671226,-0.477443,0.122659,47.1096,-141.667,310.748,-0.0125677,0.0260582,0.0334636,31.351,22.4237,52.7476
1759345573048163584,-526.81,2382.83,-25.8605,0.55455,-0.670613,-0.477446,0.121646,47.1102,-142.121,310.948,-0.0125669,0.0260572,0.0334622,31.3512,22.4247,52.749
1759345573058163712,-526.339,2381.4,-22.75,0.555504,-0.670022,-0.477423,0.120638,47.1106,-142.575,311.146,-0.0125662,0.0260561,0.0334609,31.3514,22.4256,52.7505
1759345573068163584,-525.868,2379.97,-19.6376,0.556432,-0.669434,-0.477409,0.119681,47.1108,-143.029,311.343,-0.0125655,0.0260551,0.0334595,31.3516,22.4266,52.7519
1759345573078163712,-525.397,2378.54,-16.5232,0.557305,-0.668877,-0.477418,0.118689,47.111,-143.484,311.539,-0.0125648,0.026054,0.0334581,31.3517,22.4275,52.7534
1759345573088163584,-524.925,2377.1,-13.4068,0.55826,-0.668264,-0.477353,0.117908,47.1111,-143.94,311.732,-0.012564,0.026053,0.0334567,31.3519,22.4285,52.7548
1759345573098163712,-524.454,2375.66,-10.2885,0.559094,-0.667712,-0.477368,0.117019,47.1108,-144.397,311.925,-0.0125633,0.026052,0.0334553,31.3521,22.4294,52.7563
1759345573108163584,-523.983,2374.21,-7.16835,0.559912,-0.667161,-0.477383,0.116191,47.1103,-144.855,312.115,-0.0125626,0.0260509,0.0334539,31.3523,22.4304,52.7577
1759345573118163712,-523.512,2372.76,-4.04625,0.560711,-0.666626,-0.47737,0.115461,47.1092,-145.314,312.304,-0.0125618,0.0260499,0.0334525,31.3525,22.4313,52.7592
1759345573128163584,-523.041,2371.31,-0.922274,0.561441,-0.666102,-0.477424,0.114709,47.1078,-145.774,312.492,-0.0125611,0.0260489,0.0334512,31.3527,22.4322,52.7607
1759345573138163456,-522.569,2369.85,2.20357,0.562139,-0.665586,-0.477517,0.113903,47.106,-146.236,312.678,-0.0125604,0.0260479,0.0334498,31.3528,22.4332,52.7621
1759345573148163584,-522.098,2368.38,5.33126,0.562871,-0.665046,-0.477586,0.11314,47.1039,-146.699,312.862,-0.0125596,0.0260468,0.0334484,31.353,22.4341,52.7636
1759345573158163456,-521.627,2366.91,8.46078,0.563671,-0.664458,-0.477638,0.112394,47.1017,-147.164,313.045,-0.0125589,0.0260458,0.033447,31.3532,22.435,52.7651
1759345573168163584,-521.156,2365.44,11.5921,0.564424,-0.663865,-0.477771,0.111551,47.0997,-147.631,313.225,-0.0125582,0.0260448,0.0334456,31.3534,22.436,52.7665
1759345573178163456,-520.685,2363.96,14.7253,0.565207,-0.663253,-0.477907,0.11064,47.0976,-148.1,313.404,-0.0125574,0.0260438,0.0334441,31.3536,22.4369,52.768
1759345573188163584,-520.214,2362.48,17.8602,0.566107,-0.662549,-0.478027,0.109736,47.0958,-148.57,313.581,-0.0125567,0.0260428,0.0334427,31.3538,22.4378,52.7695
1759345573198163456,-519.743,2360.99,20.9969,0.567112,-0.66176,-0.478146,0.108783,47.0936,-149.042,313.757,-0.0125559,0.0260418,0.0334413,31.3539,22.4388,52.771
1759345573208163584,-519.272,2359.5,24.1353,0.568254,-0.660864,-0.478245,0.107834,47.091,-149.516,313.929,-0.0125552,0.0260408,0.0334399,31.3541,22.4397,52.7725
1759345573218163456,-518.801,2358,27.2754,0.569428,-0.659952,-0.478376,0.106639,47.0878,-149.992,314.099,-0.0125544,0.0260398,0.0334385,31.3543,22.4406,52.7739
1759345573228163584,-518.33,2356.5,30.4172,0.570748,-0.658917,-0.478479,0.10551,47.0838,-150.468,314.266,-0.0125537,0.0260388,0.0334371,31.3545,22.4416,52.7754
1759345573238163456,-517.859,2354.99,33.5607,0.572103,-0.657867,-0.478581,0.104262,47.0786,-150.945,314.429,-0.012553,0.0260378,0.0334356,31.3547,22.4425,52.7769
1759345573248163584,-517.388,2353.48,36.7058,0.57353,-0.656766,-0.478669,0.102941,47.0724,-151.422,314.589,-0.0125522,0.0260368,0.0334342,31.3548,22.4434,52.7784
1759345573258163456,-516.917,2351.96,39.8524,0.574991,-0.655642,-0.478746,0.101597,47.0651,-151.901,314.746,-0.0125515,0.0260358,0.0334328,31.355,22.4443,52.7799
1759345573268163328,-516.447,2350.44,43.0007,0.57644,-0.654522,-0.478816,0.100263,47.0566,-152.379,314.9,-0.0125507,0.0260348,0.0334313,31.3552,22.4452,52.7814
1759345573278163456,-515.976,2348.91,46.1504,0.577888,-0.653399,-0.478882,0.0989257,47.0475,-152.859,315.052,-0.01255,0.0260338,0.0334299,31.3554,22.4462,52.7829
1759345573288163328,-515.505,2347.38,49.3016,0.57936,-0.652243,-0.47894,0.097662,47.038,-153.339,315.2,-0.0125493,0.0260328,0.0334284,31.3556,22.4471,52.7844
1759345573298163456,-515.035,2345.84,52.4543,0.580776,-0.651148,-0.47899,0.0963047,47.0276,-153.82,315.345,-0.0125485,0.0260319,0.033427,31.3557,22.448,52.786
1759345573308163328,-514.565,2344.3,55.6085,0.582215,-0.649998,-0.479047,0.0950907,47.0163,-154.303,315.488,-0.0125478,0.0260309,0.0334255,31.3559,22.4489,52.7875
1759345573318163456,-514.095,2342.76,58.7641,0.583567,-0.648926,-0.479115,0.0937697,47.0038,-154.787,315.63,-0.012547,0.0260299,0.0334241,31.3561,22.4498,52.789
1759345573328163328,-513.624,2341.21,61.921,0.58495,-0.647817,-0.47916,0.0925819,46.9901,-155.271,315.77,-0.0125463,0.026029,0.0334226,31.3563,22.4507,52.7905
1759345573338163456,-513.154,2339.65,65.0794,0.586234,-0.646776,-0.47923,0.0913727,46.9759,-155.757,315.907,-0.0125455,0.026028,0.0334211,31.3565,22.4516,52.792
1759345573348163328,-512.685,2338.09,68.2391,0.58756,-0.645701,-0.479228,0.0904668,46.9615,-156.242,316.042,-0.0125448,0.0260271,0.0334197,31.3566,22.4526,52.7936
1759345573358163456,-512.215,2336.53,71.4002,0.588725,-0.64472,-0.479299,0.0895104,46.9468,-156.73,316.175,-0.012544,0.0260261,0.0334182,31.3568,22.4535,52.7951
1759345573368163328,-511.746,2334.96,74.5626,0.589765,-0.643796,-0.479438,0.0885639,46.9303,-157.219,316.31,-0.0125433,0.0260252,0.0334167,31.357,22.4544,52.7966
1759345573378163456,-511.276,2333.38,77.7263,0.590746,-0.642934,-0.479553,0.0876588,46.9118,-157.71,316.447,-0.0125425,0.0260243,0.0334153,31.3572,22.4553,52.7981
1759345573388163328,-510.807,2331.8,80.8915,0.591769,-0.642007,-0.479655,0.0869906,46.8925,-158.203,316.584,-0.0125418,0.0260233,0.0334138,31.3573,22.4562,52.7997
1759345573398163200,-510.338,2330.22,84.058,0.592729,-0.641129,-0.47978,0.0862352,46.8734,-158.696,316.722,-0.012541,0.0260224,0.0334123,31.3575,22.4571,52.8012
1759345573408163328,-509.869,2328.63,87.2258,0.593706,-0.640224,-0.479896,0.0855927,46.8545,-159.191,316.859,-0.0125403,0.0260215,0.0334108,31.3577,22.458,52.8028
1759345573418163200,-509.401,2327.03,90.3951,0.594544,-0.639417,-0.480057,0.0848997,46.836,-159.686,316.994,-0.0125395,0.0260206,0.0334094,31.3579,22.4589,52.8043
1759345573428163328,-508.933,2325.43,93.5657,0.595411,-0.638583,-0.480198,0.0843086,46.818,-160.181,317.13,-0.0125388,0.0260197,0.0334079,31.358,22.4598,52.8059
1759345573438163200,-508.464,2323.83,96.7376,0.596359,-0.637649,-0.480348,0.0838188,46.8002,-160.678,317.263,-0.012538,0.0260188,0.0334064,31.3582,22.4607,52.8074
1759345573448163328,-507.996,2322.22,99.9109,0.597257,-0.636755,-0.480517,0.0832431,46.7826,-161.176,317.395,-0.0125372,0.0260179,0.0334049,31.3584,22.4616,52.809
1759345573458163200,-507.528,2320.61,103.085,0.598137,-0.635861,-0.48071,0.0826516,46.7669,-161.676,317.525,-0.0125365,0.026017,0.0334034,31.3586,22.4624,52.8105
1759345573468163328,-507.061,2318.99,106.261,0.598986,-0.634984,-0.480907,0.0820952,46.7524,-162.177,317.652,-0.0125357,0.0260161,0.033402,31.3587,22.4633,52.8121
1759345573478163200,-506.593,2317.36,109.438,0.599768,-0.634142,-0.481132,0.081572,46.7401,-162.678,317.776,-0.0125349,0.0260152,0.0334005,31.3589,22.4642,52.8136
1759345573488163328,-506.126,2315.73,112.617,0.600486,-0.633331,-0.481377,0.0811406,46.73,-163.18,317.897,-0.0125341,0.0260143,0.033399,31.3591,22.4651,52.8152
1759345573498163200,-505.658,2314.1,115.796,0.601083,-0.632636,-0.481634,0.0806169,46.7216,-163.683,318.015,-0.0125334,0.0260135,0.0333975,31.3593,22.466,52.8168
1759345573508163328,-505.191,2312.46,118.977,0.601701,-0.631878,-0.481909,0.0803092,46.7154,-164.188,318.13,-0.0125326,0.0260126,0.033396,31.3594,22.4669,52.8183
1759345573518163200,-504.724,2310.81,122.159,0.602299,-0.631129,-0.482209,0.079915,46.7108,-164.695,318.243,-0.0125318,0.0260117,0.0333945,31.3596,22.4678,52.8199
1759345573528163072,-504.257,2309.16,125.342,0.602892,-0.630396,-0.482516,0.0793693,46.7072,-165.203,318.353,-0.012531,0.0260109,0.033393,31.3598,22.4687,52.8215
1759345573538163200,-503.79,2307.51,128.526,0.60358,-0.62956,-0.482836,0.0788276,46.7038,-165.714,318.461,-0.0125302,0.02601,0.0333915,31.36,22.4695,52.8231
1759345573548163072,-503.322,2305.85,131.711,0.604354,-0.628651,-0.483151,0.0782211,46.7005,-166.227,318.567,-0.0125295,0.0260092,0.03339,31.3601,22.4704,52.8247
1759345573558163200,-502.855,2304.18,134.897,0.605295,-0.627577,-0.483471,0.0775893,46.6966,-166.742,318.671,-0.0125287,0.0260083,0.0333885,31.3603,22.4713,52.8262
1759345573568163072,-502.388,2302.51,138.084,0.606339,-0.626432,-0.483787,0.0767184,46.6921,-167.259,318.772,-0.0125279,0.0260075,0.0333869,31.3605,22.4722,52.8278
1759345573578163200,-501.921,2300.84,141.272,0.607562,-0.62514,-0.48409,0.0756645,46.687,-167.779,318.87,-0.0125271,0.0260066,0.0333854,31.3606,22.473,52.8294
1759345573588163072,-501.454,2299.16,144.462,0.60889,-0.623759,-0.484384,0.0744921,46.681,-168.3,318.964,-0.0125263,0.0260058,0.0333839,31.3608,22.4739,52.831
1759345573598163200,-500.988,2297.47,147.652,0.610313,-0.622313,-0.484628,0.0733455,46.6751,-168.821,319.055,-0.0125255,0.0260049,0.0333823,31.361,22.4748,52.8326
1759345573608163072,-500.521,2295.78,150.843,0.611716,-0.620895,-0.484885,0.0719779,46.6693,-169.344,319.142,-0.0125247,0.0260041,0.0333808,31.3612,22.4757,52.8342
1759345573618163200,-500.054,2294.09,154.034,0.613275,-0.619356,-0.485075,0.0706657,46.6632,-169.866,319.227,-0.0125239,0.0260033,0.0333792,31.3613,22.4765,52.8358
1759345573628163072,-499.587,2292.38,157.227,0.614827,-0.617832,-0.485275,0.0691338,46.657,-170.389,319.309,-0.0125231,0.0260024,0.0333777,31.3615,22.4774,52.8374
1759345573638163200,-499.121,2290.68,160.421,0.61644,-0.616276,-0.485421,0.0676197,46.6498,-170.912,319.39,-0.0125223,0.0260016,0.0333761,31.3617,22.4783,52.839
1759345573648163072,-498.654,2288.97,163.615,0.618023,-0.614768,-0.485541,0.0660158,46.6424,-171.436,319.468,-0.0125215,0.0260008,0.0333745,31.3619,22.4791,52.8406
1759345573658162944,-498.188,2287.25,166.81,0.619713,-0.613156,-0.48561,0.0646344,46.6347,-171.961,319.544,-0.0125207,0.026,0.033373,31.362,22.48,52.8422
1759345573668163072,-497.721,2285.53,170.006,0.621295,-0.611648,-0.485695,0.0630866,46.6272,-172.487,319.616,-0.0125199,0.0259992,0.0333714,31.3622,22.4809,52.8439
1759345573678162944,-497.255,2283.8,173.202,0.62288,-0.61013,-0.485768,0.0615764,46.6193,-173.013,319.686,-0.0125191,0.0259984,0.0333698,31.3624,22.4817,52.8455
1759345573688163072,-496.789,2282.07,176.399,0.624443,-0.608631,-0.485827,0.0600954,46.6111,-173.541,319.754,-0.0125182,0.0259976,0.0333682,31.3625,22.4826,52.8471
1759345573698162944,-496.323,2280.33,179.597,0.62593,-0.6072,-0.485903,0.0584561,46.6026,-174.07,319.818,-0.0125174,0.0259968,0.0333666,31.3627,22.4835,52.8487
1759345573708163072,-495.856,2278.58,182.795,0.627555,-0.605632,-0.485927,0.0570988,46.5936,-174.601,319.88,-0.0125166,0.025996,0.0333651,31.3629,22.4843,52.8503
1759345573718162944,-495.39,2276.84,185.995,0.629108,-0.604127,-0.485964,0.0556123,46.5845,-175.132,319.938,-0.0125158,0.0259953,0.0333635,31.3631,22.4852,52.852
1759345573728163072,-494.925,2275.08,189.194,0.630667,-0.602604,-0.485992,0.0542094,46.5751,-175.664,319.992,-0.012515,0.0259945,0.0333619,31.3632,22.486,52.8536
1759345573738162944,-494.459,2273.32,192.394,0.632114,-0.601172,-0.486059,0.0526387,46.5656,-176.197,320.042,-0.0125141,0.0259937,0.0333603,31.3634,22.4869,52.8552
1759345573748163072,-493.993,2271.56,195.595,0.633604,-0.599694,-0.486105,0.0511245,46.5559,-176.731,320.089,-0.0125133,0.025993,0.0333587,31.3636,22.4877,52.8569
1759345573758162944,-493.528,2269.79,198.796,0.635098,-0.598191,-0.486167,0.0495921,46.5464,-177.267,320.131,-0.0125125,0.0259922,0.033357,31.3638,22.4886,52.8585
1759345573768163072,-493.062,2268.01,201.997,0.636569,-0.59671,-0.486227,0.0479615,46.5371,-177.805,320.17,-0.0125116,0.0259915,0.0333554,31.3639,22.4894,52.8601
1759345573778162944,-492.597,2266.23,205.199,0.638084,-0.59517,-0.486282,0.0463796,46.5286,-178.345,320.205,-0.0125108,0.0259907,0.0333538,31.3641,22.4903,52.8618
1759345573788163072,-492.131,2264.44,208.401,0.639667,-0.59355,-0.486324,0.0448786,46.5209,-178.886,320.236,-0.01251,0.02599,0.0333522,31.3643,22.4911,52.8634
1759345573798162944,-491.666,2262.65,211.604,0.641189,-0.591972,-0.486393,0.0432073,46.5147,-179.43,320.264,-0.0125091,0.0259892,0.0333506,31.3644,22.492,52.8651
1759345573808162816,-491.201,2260.86,214.807,0.642799,-0.590303,-0.486433,0.0416507,46.5099,-179.974,320.289,-0.0125082,0.0259885,0.0333489,31.3646,22.4928,52.8667
1759345573818162944,-490.736,2259.05,218.01,0.644315,-0.588716,-0.486493,0.0399544,46.5063,-180.519,320.31,-0.0125074,0.0259878,0.0333473,31.3648,22.4937,52.8684
1759345573828162816,-490.271,2257.24,221.213,0.645843,-0.587112,-0.486535,0.0383217,46.504,-181.065,320.329,-0.0125065,0.025987,0.0333456,31.365,22.4945,52.87
1759345573838162944,-489.806,2255.43,224.416,0.64735,-0.585512,-0.486585,0.0367111,46.5027,-181.613,320.344,-0.0125057,0.0259863,0.033344,31.3651,22.4954,52.8717
1759345573848162816,-489.341,2253.61,227.62,0.648858,-0.583903,-0.486622,0.0352072,46.502,-182.161,320.356,-0.0125048,0.0259856,0.0333424,31.3653,22.4962,52.8733
1759345573858162944,-488.876,2251.79,230.823,0.650305,-0.582341,-0.486675,0.0336074,46.5021,-182.711,320.364,-0.0125039,0.0259849,0.0333407,31.3655,22.4971,52.875
1759345573868162816,-488.41,2249.96,234.027,0.651721,-0.580792,-0.48674,0.0319951,46.5025,-183.262,320.368,-0.0125031,0.0259842,0.033339,31.3657,22.4979,52.8766
1759345573878162944,-487.945,2248.12,237.23,0.653105,-0.579272,-0.4868,0.0303913,46.5027,-183.814,320.369,-0.0125022,0.0259835,0.0333374,31.3658,22.4988,52.8783
1759345573888162816,-487.48,2246.28,240.434,0.654455,-0.57776,-0.486876,0.0288708,46.5018,-184.367,320.366,-0.0125013,0.0259828,0.0333357,31.366,22.4996,52.88
1759345573898162944,-487.015,2244.43,243.638,0.655691,-0.576353,-0.486975,0.0272212,46.4999,-184.922,320.359,-0.0125004,0.0259821,0.033334,31.3662,22.5005,52.8816
1759345573908162816,-486.55,2242.58,246.841,0.656894,-0.574952,-0.487098,0.0256238,46.4965,-185.476,320.348,-0.0124995,0.0259815,0.0333324,31.3664,22.5013,52.8833
1759345573918162944,-486.085,2240.73,250.044,0.658036,-0.573603,-0.487227,0.024043,46.492,-186.031,320.332,-0.0124987,0.0259808,0.0333307,31.3666,22.5021,52.8849
1759345573928162816,-485.62,2238.86,253.248,0.659099,-0.57232,-0.487373,0.0224766,46.4868,-186.585,320.314,-0.0124978,0.0259801,0.033329,31.3667,22.503,52.8866
1759345573938162688,-485.156,2236.99,256.451,0.660132,-0.571047,-0.487539,0.0209027,46.4807,-187.14,320.291,-0.0124969,0.0259795,0.0333273,31.3669,22.5038,52.8883
1759345573948162816,-484.691,2235.12,259.653,0.661125,-0.569809,-0.487707,0.0193348,46.4737,-187.696,320.265,-0.012496,0.0259788,0.0333256,31.3671,22.5047,52.89
1759345573958162688,-484.226,2233.24,262.856,0.662105,-0.568569,-0.487885,0.0177321,46.4654,-188.253,320.236,-0.0124951,0.0259782,0.0333239,31.3673,22.5055,52.8916
1759345573968162816,-483.761,2231.35,266.058,0.663084,-0.567311,-0.488076,0.0161311,46.4553,-188.812,320.204,-0.0124943,0.0259775,0.0333222,31.3675,22.5063,52.8933
1759345573978162688,-483.297,2229.46,269.26,0.664116,-0.565983,-0.488264,0.01456,46.4439,-189.372,320.169,-0.0124934,0.0259769,0.0333205,31.3676,22.5072,52.895
1759345573988162816,-482.832,2227.57,272.461,0.665128,-0.564684,-0.488439,0.0128001,46.4311,-189.934,320.132,-0.0124925,0.0259763,0.0333187,31.3678,22.508,52.8967
1759345573998162688,-482.368,2225.66,275.662,0.66619,-0.563323,-0.488605,0.0110721,46.4169,-190.496,320.092,-0.0124916,0.0259757,0.033317,31.368,22.5089,52.8983
1759345574008162816,-481.904,2223.76,278.863,0.667275,-0.561923,-0.488774,0.00932139,46.4015,-191.058,320.05,-0.0124907,0.0259751,0.0333153,31.3682,22.5097,52.9
1759345574018162688,-481.44,2221.84,282.063,0.668369,-0.560514,-0.488927,0.00753768,46.3847,-191.623,320.004,-0.0124898,0.0259745,0.0333136,31.3684,22.5105,52.9017
1759345574028162816,-480.976,2219.92,285.263,0.669481,-0.559072,-0.489082,0.00572479,46.3664,-192.188,319.955,-0.0124889,0.0259739,0.0333118,31.3686,22.5114,52.9034
1759345574038162688,-480.513,2218,288.462,0.670613,-0.557599,-0.489231,0.00390408,46.3467,-192.755,319.902,-0.0124881,0.0259733,0.0333101,31.3687,22.5122,52.9051
1759345574048162816,-480.049,2216.07,291.661,0.671742,-0.556118,-0.489378,0.00205574,46.3255,-193.324,319.845,-0.0124872,0.0259727,0.0333083,31.3689,22.513,52.9068
1759345574058162688,-479.586,2214.13,294.859,0.672896,-0.554608,-0.48951,0.000185347,46.303,-193.894,319.784,-0.0124863,0.0259721,0.0333066,31.3691,22.5139,52.9084
1759345574068162560,-479.123,2212.19,298.057,0.674054,-0.55308,-0.489643,-0.00176589,46.2791,-194.465,319.72,-0.0124854,0.0259715,0.0333048,31.3693,22.5147,52.9101
1759345574078162688,-478.66,2210.24,301.253,0.675272,-0.551498,-0.489739,-0.00365778,46.2537,-195.036,319.652,-0.0124845,0.0259709,0.033303,31.3695,22.5155,52.9118
1759345574088162560,-478.198,2208.29,304.45,0.676488,-0.549906,-0.489832,-0.00560128,46.2269,-195.609,319.58,-0.0124836,0.0259703,0.0333013,31.3697,22.5164,52.9135
1759345574098162688,-477.736,2206.33,307.645,0.677692,-0.548315,-0.489925,-0.0076244,46.1989,-196.181,319.504,-0.0124827,0.0259698,0.0332995,31.3699,22.5172,52.9152
1759345574108162560,-477.274,2204.37,310.84,0.678918,-0.54671,-0.489985,-0.0096341,46.1697,-196.755,319.425,-0.0124818,0.0259692,0.0332977,31.3701,22.518,52.9169
1759345574118162688,-476.812,2202.39,314.033,0.68018,-0.54506,-0.49003,-0.0115959,46.14,-197.328,319.343,-0.0124808,0.0259687,0.0332959,31.3702,22.5189,52.9186
1759345574128162560,-476.351,2200.42,317.226,0.68143,-0.543433,-0.49005,-0.0136154,46.1096,-197.903,319.256,-0.0124799,0.0259681,0.0332941,31.3704,22.5197,52.9203
1759345574138162688,-475.89,2198.44,320.418,0.682694,-0.54179,-0.490048,-0.0156703,46.0782,-198.477,319.164,-0.012479,0.0259676,0.0332923,31.3706,22.5205,52.922
1759345574148162560,-475.429,2196.45,323.61,0.683967,-0.540121,-0.490044,-0.0177437,46.0462,-199.053,319.069,-0.0124781,0.025967,0.0332905,31.3708,22.5214,52.9237
1759345574158162688,-474.969,2194.46,326.8,0.685263,-0.538434,-0.490009,-0.0198453,46.0133,-199.63,318.968,-0.0124772,0.0259665,0.0332887,31.371,22.5222,52.9254
1759345574168162560,-474.509,2192.46,329.989,0.686646,-0.536652,-0.489943,-0.021859,45.9795,-200.208,318.864,-0.0124763,0.025966,0.0332869,31.3712,22.523,52.9271
1759345574178162688,-474.049,2190.45,333.177,0.68797,-0.53492,-0.489875,-0.0240995,45.9447,-200.786,318.755,-0.0124753,0.0259655,0.0332851,31.3714,22.5238,52.9288
1759345574188162560,-473.59,2188.44,336.364,0.689335,-0.533128,-0.489797,-0.0262873,45.9089,-201.365,318.642,-0.0124744,0.0259649,0.0332832,31.3716,22.5247,52.9305
1759345574198162432,-473.131,2186.42,339.55,0.690691,-0.531347,-0.489694,-0.028555,45.872,-201.944,318.525,-0.0124735,0.0259644,0.0332814,31.3718,22.5255,52.9322
1759345574208162560,-472.672,2184.4,342.734,0.692087,-0.529507,-0.48958,-0.0308063,45.8342,-202.522,318.405,-0.0124725,0.0259639,0.0332796,31.3719,22.5263,52.934
1759345574218162432,-472.214,2182.37,345.918,0.693492,-0.527652,-0.489442,-0.0331414,45.7954,-203.1,318.281,-0.0124716,0.0259634,0.0332777,31.3721,22.5271,52.9357
1759345574228162560,-471.756,2180.34,349.1,0.69492,-0.52577,-0.489279,-0.0354597,45.7552,-203.678,318.152,-0.0124707,0.025963,0.0332759,31.3723,22.528,52.9374
1759345574238162432,-471.299,2178.3,352.281,0.696415,-0.523827,-0.489066,-0.0377694,45.714,-204.255,318.018,-0.0124697,0.0259625,0.033274,31.3725,22.5288,52.9391
1759345574248162560,-470.842,2176.25,355.46,0.697907,-0.521862,-0.488848,-0.0401606,45.6717,-204.832,317.88,-0.0124688,0.025962,0.0332722,31.3727,22.5296,52.9408
1759345574258162432,-470.385,2174.2,358.638,0.699425,-0.51985,-0.488618,-0.0425871,45.6283,-205.41,317.736,-0.0124678,0.0259615,0.0332703,31.3729,22.5304,52.9425
1759345574268162560,-469.929,2172.15,361.815,0.700967,-0.517787,-0.488379,-0.0450283,45.5838,-205.987,317.586,-0.0124669,0.0259611,0.0332684,31.3731,22.5312,52.9443
1759345574278162432,-469.473,2170.08,364.99,0.702532,-0.515694,-0.488109,-0.0475254,45.5386,-206.566,317.432,-0.0124659,0.0259606,0.0332665,31.3733,22.5321,52.946
1759345574288162560,-469.018,2168.01,368.163,0.70411,-0.513556,-0.48784,-0.0500158,45.4928,-207.144,317.272,-0.012465,0.0259602,0.0332647,31.3735,22.5329,52.9477
1759345574298162432,-468.563,2165.94,371.335,0.705672,-0.511409,-0.487569,-0.0525725,45.4466,-207.722,317.107,-0.012464,0.0259597,0.0332628,31.3737,22.5337,52.9494
1759345574308162560,-468.109,2163.86,374.505,0.707257,-0.509224,-0.487282,-0.0550903,45.4001,-208.301,316.937,-0.0124631,0.0259593,0.0332609,31.3739,22.5345,52.9512
1759345574318162432,-467.655,2161.77,377.674,0.708848,-0.507048,-0.486955,-0.057542,45.3532,-208.88,316.764,-0.0124621,0.0259588,0.033259,31.3741,22.5353,52.9529
1759345574328162304,-467.202,2159.68,380.841,0.710371,-0.504887,-0.48668,-0.0600461,45.3058,-209.459,316.586,-0.0124611,0.0259584,0.0332571,31.3742,22.5361,52.9546
1759345574338162432,-466.749,2157.58,384.005,0.711881,-0.502777,-0.48636,-0.0624104,45.2579,-210.039,316.403,-0.0124601,0.025958,0.0332552,31.3744,22.537,52.9563
1759345574348162304,-466.297,2155.48,387.169,0.713306,-0.500705,-0.486094,-0.0648288,45.2097,-210.619,316.216,-0.0124592,0.0259576,0.0332533,31.3746,22.5378,52.9581
1759345574358162432,-465.845,2153.37,390.33,0.714703,-0.498672,-0.485813,-0.067165,45.1615,-211.199,316.023,-0.0124582,0.0259572,0.0332514,31.3748,22.5386,52.9598
1759345574368162304,-465.393,2151.26,393.489,0.716114,-0.496643,-0.4855,-0.0693985,45.1134,-211.779,315.825,-0.0124572,0.0259568,0.0332494,31.375,22.5394,52.9615
1759345574378162432,-464.942,2149.14,396.646,0.717429,-0.49466,-0.485247,-0.071708,45.0648,-212.361,315.621,-0.0124562,0.0259564,0.0332475,31.3752,22.5402,52.9633
1759345574388162304,-464.492,2147.01,399.801,0.718758,-0.492691,-0.484956,-0.073896,45.0152,-212.943,315.412,-0.0124552,0.025956,0.0332456,31.3754,22.541,52.965
1759345574398162432,-464.042,2144.88,402.954,0.720108,-0.490725,-0.484623,-0.0759896,44.9637,-213.526,315.199,-0.0124542,0.0259556,0.0332436,31.3756,22.5418,52.9667
1759345574408162304,-463.593,2142.74,406.105,0.721337,-0.488789,-0.484392,-0.0782433,44.9108,-214.109,314.981,-0.0124532,0.0259552,0.0332417,31.3758,22.5426,52.9685
1759345574418162432,-463.144,2140.6,409.254,0.722529,-0.486882,-0.484167,-0.0805018,44.8564,-214.691,314.759,-0.0124522,0.0259548,0.0332398,31.376,22.5434,52.9702
1759345574428162304,-462.695,2138.45,412.4,0.723725,-0.484982,-0.48392,-0.0826787,44.8005,-215.273,314.533,-0.0124512,0.0259545,0.0332378,31.3762,22.5443,52.9719
1759345574438162432,-462.248,2136.29,415.545,0.724941,-0.483082,-0.483635,-0.0847993,44.7427,-215.854,314.301,-0.0124501,0.0259541,0.0332358,31.3764,22.5451,52.9737
1759345574448162304,-461.8,2134.13,418.686,0.726098,-0.481183,-0.483394,-0.0870309,44.6837,-216.435,314.065,-0.0124491,0.0259537,0.0332339,31.3766,22.5459,52.9754
1759345574458162432,-461.354,2131.96,421.826,0.727283,-0.479263,-0.483114,-0.0892529,44.6233,-217.016,313.824,-0.0124481,0.0259534,0.0332319,31.3768,22.5467,52.9772
1759345574468162304,-460.908,2129.79,424.963,0.728468,-0.477299,-0.482846,-0.0915343,44.562,-217.598,313.577,-0.0124471,0.025953,0.0332299,31.377,22.5475,52.9789
1759345574478162176,-460.462,2127.61,428.097,0.729798,-0.475254,-0.482449,-0.0936498,44.4993,-218.18,313.326,-0.012446,0.0259527,0.033228,31.3772,22.5483,52.9806
1759345574488162304,-460.018,2125.42,431.229,0.730985,-0.473186,-0.482202,-0.0961078,44.4352,-218.762,313.069,-0.012445,0.0259523,0.033226,31.3773,22.5491,52.9824
1759345574498162176,-459.574,2123.23,434.359,0.732357,-0.471014,-0.481786,-0.0983919,44.3701,-219.345,312.808,-0.0124439,0.025952,0.033224,31.3775,22.5499,52.9841
1759345574508162304,-459.13,2121.04,437.486,0.733685,-0.468787,-0.481431,-0.100845,44.3038,-219.928,312.541,-0.0124429,0.0259517,0.033222,31.3777,22.5507,52.9859
1759345574518162176,-458.687,2118.84,440.61,0.735032,-0.466506,-0.481063,-0.103339,44.2361,-220.51,312.268,-0.0124418,0.0259514,0.03322,31.3779,22.5515,52.9876
1759345574528162304,-458.245,2116.63,443.731,0.736427,-0.464173,-0.480645,-0.105827,44.167,-221.091,311.99,-0.0124408,0.025951,0.033218,31.3781,22.5523,52.9894
1759345574538162176,-457.804,2114.41,446.849,0.737861,-0.461799,-0.480174,-0.108327,44.0966,-221.672,311.707,-0.0124397,0.0259507,0.033216,31.3783,22.5531,52.9911
1759345574548162304,-457.363,2112.19,449.965,0.739307,-0.459368,-0.479698,-0.110889,44.025,-222.252,311.418,-0.0124387,0.0259504,0.0332139,31.3785,22.5539,52.9929
1759345574558162176,-456.923,2109.97,453.078,0.740836,-0.456856,-0.47914,-0.11344,43.952,-222.83,311.123,-0.0124376,0.0259501,0.0332119,31.3787,22.5547,52.9946
1759345574568162304,-456.484,2107.74,456.188,0.742307,-0.454305,-0.478641,-0.116146,43.8776,-223.408,310.822,-0.0124365,0.0259498,0.0332099,31.3789,22.5555,52.9964
1759345574578162176,-456.045,2105.5,459.294,0.743807,-0.451732,-0.47809,-0.118827,43.8012,-223.984,310.517,-0.0124355,0.0259495,0.0332078,31.3791,22.5563,52.9981
1759345574588162304,-455.608,2103.26,462.398,0.745322,-0.449132,-0.4775,-0.121531,43.723,-224.56,310.206,-0.0124344,0.0259492,0.0332058,31.3793,22.5571,52.9999
1759345574598162176,-455.171,2101.01,465.498,0.746845,-0.446501,-0.47689,-0.12424,43.643,-225.134,309.89,-0.0124333,0.025949,0.0332037,31.3795,22.5579,53.0016
1759345574608162048,-454.735,2098.76,468.596,0.748374,-0.443844,-0.47625,-0.126987,43.5612,-225.707,309.57,-0.0124322,0.0259487,0.0332017,31.3797,22.5587,53.0034
1759345574618162176,-454.299,2096.5,471.69,0.749901,-0.44116,-0.475599,-0.129739,43.4778,-226.279,309.243,-0.0124312,0.0259484,0.0331996,31.3798,22.5595,53.0051
1759345574628162048,-453.865,2094.23,474.781,0.751411,-0.438444,-0.474958,-0.132527,43.3931,-226.85,308.91,-0.0124301,0.0259481,0.0331975,31.38,22.5603,53.0069
1759345574638162176,-453.431,2091.96,477.868,0.753032,-0.435677,-0.474171,-0.135242,43.3071,-227.419,308.571,-0.012429,0.0259479,0.0331954,31.3802,22.5611,53.0086
1759345574648162048,-452.999,2089.68,480.952,0.754599,-0.432894,-0.473424,-0.138032,43.2198,-227.988,308.225,-0.0124279,0.0259476,0.0331934,31.3804,22.5619,53.0104
1759345574658162176,-452.567,2087.4,484.033,0.756121,-0.430068,-0.472728,-0.140896,43.131,-228.555,307.872,-0.0124268,0.0259474,0.0331913,31.3806,22.5627,53.0121
1759345574668162048,-452.136,2085.11,487.11,0.757681,-0.427186,-0.471991,-0.143725,43.0407,-229.121,307.514,-0.0124257,0.0259471,0.0331892,31.3808,22.5635,53.0139
1759345574678162176,-451.706,2082.82,490.183,0.75925,-0.424253,-0.471237,-0.146577,42.9485,-229.685,307.149,-0.0124246,0.0259469,0.0331871,31.381,22.5643,53.0157
1759345574688162048,-451.277,2080.52,493.253,0.760812,-0.421318,-0.470452,-0.149439,42.8546,-230.247,306.779,-0.0124235,0.0259467,0.0331849,31.3812,22.5651,53.0174
1759345574698162176,-450.848,2078.21,496.319,0.762408,-0.418328,-0.46962,-0.152288,42.7593,-230.808,306.402,-0.0124224,0.0259464,0.0331828,31.3813,22.5658,53.0192
1759345574708162048,-450.421,2075.9,499.381,0.764045,-0.415321,-0.468708,-0.155101,42.6625,-231.366,306.019,-0.0124213,0.0259462,0.0331807,31.3815,22.5666,53.0209
1759345574718162176,-449.995,2073.58,502.439,0.765664,-0.412314,-0.467775,-0.157934,42.5645,-231.921,305.631,-0.0124202,0.025946,0.0331785,31.3817,22.5674,53.0227
1759345574728162048,-449.57,2071.26,505.494,0.767206,-0.409253,-0.466957,-0.160807,42.4652,-232.475,305.236,-0.012419,0.0259458,0.0331764,31.3819,22.5682,53.0245
1759345574738161920,-449.145,2068.93,508.544,0.76871,-0.40616,-0.466162,-0.163746,42.3649,-233.027,304.834,-0.0124179,0.0259456,0.0331742,31.3821,22.569,53.0262
1759345574748162048,-448.722,2066.6,511.59,0.770397,-0.403106,-0.465045,-0.166513,42.2635,-233.578,304.426,-0.0124168,0.0259454,0.0331721,31.3823,22.5698,53.028
1759345574758161920,-448.3,2064.26,514.633,0.771958,-0.399952,-0.464156,-0.169346,42.1606,-234.126,304.011,-0.0124157,0.0259452,0.0331699,31.3824,22.5706,53.0297
1759345574768162048,-447.879,2061.92,517.671,0.773531,-0.396811,-0.46319,-0.172181,42.0571,-234.673,303.59,-0.0124145,0.025945,0.0331677,31.3826,22.5713,53.0315
1759345574778161920,-447.459,2059.57,520.705,0.77507,-0.393631,-0.462259,-0.175037,41.9527,-235.218,303.162,-0.0124134,0.0259448,0.0331656,31.3828,22.5721,53.0333
1759345574788162048,-447.039,2057.22,523.734,0.776692,-0.390432,-0.461189,-0.177814,41.8471,-235.761,302.728,-0.0124122,0.0259446,0.0331634,31.383,22.5729,53.035
1759345574798161920,-446.621,2054.85,526.759,0.778231,-0.387188,-0.460222,-0.180662,41.7403,-236.302,302.288,-0.0124111,0.0259444,0.0331612,31.3831,22.5737,53.0368
1759345574808162048,-446.204,2052.49,529.78,0.77981,-0.383912,-0.459174,-0.183485,41.6323,-236.841,301.841,-0.0124099,0.0259443,0.033159,31.3833,22.5745,53.0386
1759345574818161920,-445.789,2050.12,532.796,0.78141,-0.380628,-0.458078,-0.186241,41.5242,-237.377,301.388,-0.0124088,0.0259441,0.0331567,31.3835,22.5752,53.0403
1759345574828162048,-445.374,2047.74,535.808,0.782982,-0.377309,-0.456979,-0.189072,41.4158,-237.91,300.928,-0.0124076,0.0259439,0.0331545,31.3837,22.576,53.0421
1759345574838161920,-444.96,2045.36,538.815,0.784634,-0.373935,-0.455764,-0.191836,41.3077,-238.439,300.461,-0.0124065,0.0259438,0.0331523,31.3838,22.5768,53.0438
1759345574848162048,-444.547,2042.97,541.817,0.786233,-0.370533,-0.454594,-0.194648,41.1988,-238.966,299.988,-0.0124053,0.0259436,0.0331501,31.384,22.5776,53.0456
1759345574858161920,-444.136,2040.58,544.815,0.787768,-0.367102,-0.453478,-0.197522,41.089,-239.491,299.508,-0.0124041,0.0259435,0.0331478,31.3842,22.5783,53.0474
1759345574868161792,-443.725,2038.18,547.808,0.789399,-0.363641,-0.452216,-0.200287,40.9774,-240.014,299.023,-0.012403,0.0259433,0.0331456,31.3844,22.5791,53.0491
1759345574878161920,-443.316,2035.78,550.796,0.790991,-0.360159,-0.450976,-0.203075,40.864,-240.533,298.531,-0.0124018,0.0259432,0.0331433,31.3845,22.5799,53.0509
1759345574888161792,-442.908,2033.37,553.779,0.792563,-0.356656,-0.44973,-0.205872,40.7491,-241.05,298.034,-0.0124006,0.0259431,0.033141,31.3847,22.5806,53.0527
1759345574898161920,-442.501,2030.96,556.756,0.794104,-0.353179,-0.448479,-0.208638,40.6329,-241.563,297.53,-0.0123994,0.0259429,0.0331388,31.3849,22.5814,53.0544
1759345574908161792,-442.095,2028.54,559.729,0.795664,-0.349738,-0.447118,-0.211394,40.5154,-242.073,297.021,-0.0123982,0.0259428,0.0331365,31.385,22.5822,53.0562
1759345574918161920,-441.69,2026.12,562.697,0.797114,-0.346232,-0.445955,-0.214143,40.3968,-242.581,296.505,-0.012397,0.0259427,0.0331342,31.3852,22.5829,53.058
1759345574928161792,-441.287,2023.69,565.66,0.798566,-0.342789,-0.444697,-0.216869,40.277,-243.085,295.983,-0.0123959,0.0259426,0.0331319,31.3853,22.5837,53.0597
1759345574938161920,-440.884,2021.26,568.617,0.800011,-0.339347,-0.443416,-0.219564,40.1559,-243.585,295.455,-0.0123947,0.0259425,0.0331296,31.3855,22.5845,53.0615
1759345574948161792,-440.483,2018.82,571.569,0.801432,-0.335915,-0.44214,-0.222219,40.0334,-244.084,294.921,-0.0123935,0.0259424,0.0331273,31.3857,22.5852,53.0633
1759345574958161920,-440.084,2016.38,574.516,0.802842,-0.332461,-0.440854,-0.224862,39.9097,-244.58,294.381,-0.0123922,0.0259423,0.0331249,31.3858,22.586,53.065
1759345574968161792,-439.685,2013.93,577.457,0.804231,-0.329026,-0.43955,-0.227485,39.7851,-245.072,293.835,-0.012391,0.0259422,0.0331226,31.386,22.5868,53.0668
1759345574978161920,-439.288,2011.47,580.393,0.80562,-0.325571,-0.438244,-0.23005,39.6599,-245.561,293.283,-0.0123898,0.0259421,0.0331203,31.3861,22.5875,53.0686
1759345574988161792,-438.892,2009.02,583.323,0.806903,-0.322119,-0.437029,-0.232709,39.5345,-246.046,292.724,-0.0123886,0.025942,0.0331179,31.3863,22.5883,53.0703
1759345574998161920,-438.497,2006.55,586.247,0.80824,-0.318647,-0.435709,-0.235307,39.4092,-246.527,292.159,-0.0123874,0.025942,0.0331155,31.3865,22.589,53.0721
1759345575008161792,-438.103,2004.09,589.166,0.809646,-0.315129,-0.434289,-0.237823,39.284,-247.004,291.587,-0.0123861,0.0259419,0.0331132,31.3866,22.5898,53.0738
1759345575018161664,-437.711,2001.61,592.079,0.810941,-0.31156,-0.432994,-0.24046,39.1586,-247.476,291.008,-0.0123849,0.0259418,0.0331108,31.3868,22.5905,53.0756
1759345575028161792,-437.32,1999.14,594.987,0.812399,-0.307957,-0.431422,-0.242992,39.0338,-247.946,290.421,-0.0123837,0.0259418,0.0331084,31.3869,22.5913,53.0774
1759345575038161664,-436.93,1996.65,597.888,0.81372,-0.304214,-0.430094,-0.245627,38.9092,-248.411,289.829,-0.0123824,0.0259417,0.033106,31.3871,22.5921,53.0791
1759345575048161792,-436.541,1994.17,600.784,0.814997,-0.300471,-0.428751,-0.248332,38.785,-248.872,289.229,-0.0123812,0.0259417,0.0331036,31.3872,22.5928,53.0809
1759345575058161664,-436.154,1991.68,603.673,0.8164,-0.296691,-0.427212,-0.25091,38.6608,-249.331,288.624,-0.0123799,0.0259416,0.0331012,31.3874,22.5936,53.0827
1759345575068161792,-435.768,1989.18,606.557,0.817722,-0.292896,-0.425725,-0.253575,38.5361,-249.785,288.014,-0.0123787,0.0259416,0.0330988,31.3875,22.5943,53.0844
1759345575078161664,-435.383,1986.68,609.434,0.819049,-0.289057,-0.424219,-0.256208,38.4111,-250.234,287.398,-0.0123774,0.0259415,0.0330964,31.3876,22.5951,53.0862
1759345575088161792,-434.999,1984.18,612.305,0.820332,-0.285211,-0.422727,-0.258868,38.2861,-250.678,286.776,-0.0123761,0.0259415,0.0330939,31.3878,22.5958,53.0879
1759345575098161664,-434.617,1981.67,615.17,0.821536,-0.281365,-0.421292,-0.261581,38.1609,-251.118,286.148,-0.0123748,0.0259415,0.0330915,31.3879,22.5966,53.0897
1759345575108161792,-434.236,1979.16,618.028,0.822763,-0.277513,-0.41978,-0.264259,38.0355,-251.553,285.514,-0.0123736,0.0259415,0.0330891,31.3881,22.5973,53.0915
1759345575118161664,-433.856,1976.64,620.88,0.824053,-0.273642,-0.418145,-0.266854,37.9101,-251.984,284.874,-0.0123723,0.0259414,0.0330866,31.3882,22.598,53.0932
1759345575128161792,-433.478,1974.12,623.726,0.825186,-0.269756,-0.416689,-0.269575,37.7845,-252.41,284.228,-0.012371,0.0259414,0.0330841,31.3883,22.5988,53.095
1759345575138161664,-433.1,1971.59,626.565,0.826334,-0.265855,-0.41517,-0.272261,37.6589,-252.832,283.575,-0.0123697,0.0259414,0.0330817,31.3885,22.5995,53.0967
1759345575148161536,-432.724,1969.06,629.398,0.827543,-0.261966,-0.413513,-0.274868,37.5329,-253.249,282.917,-0.0123684,0.0259414,0.0330792,31.3886,22.6003,53.0985
1759345575158161664,-432.349,1966.52,632.224,0.828649,-0.258035,-0.411979,-0.277548,37.4065,-253.663,282.253,-0.0123671,0.0259414,0.0330767,31.3888,22.601,53.1002
1759345575168161536,-431.976,1963.99,635.043,0.829724,-0.254096,-0.41043,-0.280252,37.2794,-254.071,281.584,-0.0123658,0.0259414,0.0330742,31.3889,22.6018,53.102
1759345575178161664,-431.604,1961.44,637.856,0.83084,-0.250136,-0.408786,-0.282897,37.1516,-254.473,280.909,-0.0123644,0.0259415,0.0330717,31.389,22.6025,53.1037
1759345575188161536,-431.233,1958.9,640.662,0.831853,-0.246168,-0.40723,-0.285633,37.0226,-254.87,280.228,-0.0123631,0.0259415,0.0330692,31.3892,22.6032,53.1055
1759345575198161664,-430.863,1956.35,643.461,0.832766,-0.242183,-0.405796,-0.288407,36.8923,-255.26,279.542,-0.0123618,0.0259415,0.0330666,31.3893,22.604,53.1072
1759345575208161536,-430.495,1953.79,646.253,0.833711,-0.238203,-0.404267,-0.291124,36.7613,-255.645,278.85,-0.0123605,0.0259415,0.0330641,31.3894,22.6047,53.109
1759345575218161664,-430.128,1951.23,649.038,0.834619,-0.234221,-0.402742,-0.293854,36.6293,-256.024,278.152,-0.0123591,0.0259416,0.0330615,31.3895,22.6055,53.1107
1759345575228161536,-429.762,1948.67,651.817,0.835489,-0.230236,-0.40122,-0.296602,36.4972,-256.397,277.449,-0.0123578,0.0259416,0.033059,31.3897,22.6062,53.1125
1759345575238161664,-429.398,1946.11,654.588,0.836274,-0.226261,-0.399779,-0.299379,36.3646,-256.765,276.741,-0.0123564,0.0259417,0.0330564,31.3898,22.6069,53.1142
1759345575248161536,-429.034,1943.54,657.352,0.83712,-0.222326,-0.398204,-0.302052,36.2323,-257.127,276.027,-0.0123551,0.0259417,0.0330538,31.3899,22.6077,53.116
1759345575258161664,-428.673,1940.96,660.109,0.837891,-0.218406,-0.396694,-0.304749,36.1,-257.483,275.308,-0.0123537,0.0259418,0.0330512,31.39,22.6084,53.1177
1759345575268161536,-428.312,1938.39,662.859,0.838578,-0.214495,-0.395269,-0.307475,35.9679,-257.834,274.585,-0.0123524,0.0259418,0.0330487,31.3902,22.6091,53.1195
1759345575278161408,-427.953,1935.81,665.601,0.83933,-0.210628,-0.393704,-0.310094,35.8359,-258.178,273.856,-0.012351,0.0259419,0.033046,31.3903,22.6099,53.1212
1759345575288161536,-427.595,1933.22,668.336,0.839968,-0.206767,-0.392268,-0.312775,35.7037,-258.517,273.122,-0.0123496,0.025942,0.0330434,31.3904,22.6106,53.1229
1759345575298161408,-427.239,1930.64,671.064,0.840563,-0.202951,-0.390852,-0.315434,35.5718,-258.848,272.384,-0.0123483,0.0259421,0.0330408,31.3905,22.6113,53.1247
1759345575308161536,-426.884,1928.05,673.784,0.841202,-0.199177,-0.38934,-0.317996,35.4399,-259.174,271.642,-0.0123469,0.0259421,0.0330382,31.3907,22.6121,53.1264
1759345575318161408,-426.53,1925.45,676.497,0.841787,-0.195464,-0.38786,-0.320551,35.3082,-259.494,270.895,-0.0123455,0.0259422,0.0330355,31.3908,22.6128,53.1282
1759345575328161536,-426.178,1922.86,679.203,0.84234,-0.191778,-0.386399,-0.323079,35.1764,-259.808,270.145,-0.0123441,0.0259423,0.0330329,31.3909,22.6135,53.1299
1759345575338161408,-425.826,1920.26,681.901,0.84286,-0.188141,-0.384944,-0.32559,35.0445,-260.116,269.39,-0.0123427,0.0259424,0.0330302,31.391,22.6143,53.1316
1759345575348161536,-425.477,1917.65,684.591,0.84335,-0.184556,-0.383502,-0.328065,34.9124,-260.418,268.631,-0.0123413,0.0259426,0.0330276,31.3911,22.615,53.1333
1759345575358161408,-425.128,1915.05,687.274,0.843882,-0.181023,-0.381948,-0.330469,34.7802,-260.716,267.868,-0.0123399,0.0259427,0.0330249,31.3912,22.6157,53.1351
1759345575368161536,-424.781,1912.44,689.949,0.84433,-0.177467,-0.380503,-0.332912,34.6478,-261.007,267.101,-0.0123385,0.0259428,0.0330222,31.3914,22.6165,53.1368
1759345575378161408,-424.435,1909.83,692.616,0.844702,-0.173878,-0.379175,-0.335368,34.5155,-261.293,266.33,-0.0123371,0.0259429,0.0330195,31.3915,22.6172,53.1385
1759345575388161536,-424.09,1907.21,695.276,0.845024,-0.170298,-0.377872,-0.337853,34.3833,-261.574,265.555,-0.0123357,0.0259431,0.0330168,31.3916,22.6179,53.1403
1759345575398161408,-423.747,1904.6,697.928,0.845462,-0.166773,-0.376343,-0.340216,34.2511,-261.848,264.775,-0.0123343,0.0259432,0.0330141,31.3917,22.6187,53.142
1759345575408161280,-423.405,1901.98,700.572,0.845898,-0.163239,-0.374801,-0.342542,34.1184,-262.117,263.991,-0.0123328,0.0259433,0.0330114,31.3918,22.6194,53.1437
1759345575418161408,-423.065,1899.36,703.208,0.846203,-0.159654,-0.373429,-0.344966,33.9852,-262.38,263.203,-0.0123314,0.0259435,0.0330086,31.3919,22.6201,53.1454
1759345575428161280,-422.725,1896.73,705.836,0.846583,-0.156107,-0.371888,-0.347315,33.8516,-262.638,262.411,-0.01233,0.0259437,0.0330059,31.392,22.6209,53.1471
1759345575438161408,-422.387,1894.1,708.457,0.846898,-0.152541,-0.370425,-0.349687,33.7176,-262.889,261.615,-0.0123285,0.0259438,0.0330031,31.3922,22.6216,53.1488
1759345575448161280,-422.051,1891.47,711.069,0.84722,-0.149006,-0.368889,-0.352045,33.5833,-263.135,260.816,-0.0123271,0.025944,0.0330004,31.3923,22.6223,53.1506
1759345575458161408,-421.716,1888.84,713.674,0.847446,-0.145403,-0.367526,-0.354427,33.4486,-263.376,260.013,-0.0123256,0.0259442,0.0329976,31.3924,22.6231,53.1523
1759345575468161280,-421.382,1886.2,716.27,0.847683,-0.14182,-0.366082,-0.356798,33.3138,-263.61,259.207,-0.0123242,0.0259443,0.0329948,31.3925,22.6238,53.154
1759345575478161408,-421.049,1883.57,718.858,0.847945,-0.138299,-0.364532,-0.359136,33.1784,-263.838,258.397,-0.0123227,0.0259445,0.0329921,31.3926,22.6245,53.1557
1759345575488161280,-420.718,1880.93,721.439,0.848148,-0.134753,-0.363067,-0.361481,33.0421,-264.061,257.585,-0.0123212,0.0259447,0.0329893,31.3927,22.6252,53.1574
1759345575498161408,-420.388,1878.29,724.011,0.848325,-0.131206,-0.361593,-0.36384,32.9054,-264.277,256.77,-0.0123198,0.0259449,0.0329865,31.3928,22.626,53.1591
1759345575508161280,-420.06,1875.64,726.574,0.848482,-0.127675,-0.360125,-0.36618,32.7681,-264.487,255.952,-0.0123183,0.0259451,0.0329837,31.3929,22.6267,53.1608
1759345575518161408,-419.733,1873,729.13,0.848595,-0.124155,-0.358693,-0.368525,32.6303,-264.691,255.131,-0.0123168,0.0259453,0.0329808,31.393,22.6274,53.1625
1759345575528161280,-419.407,1870.35,731.678,0.848622,-0.120634,-0.357378,-0.370903,32.4921,-264.889,254.308,-0.0123153,0.0259456,0.032978,31.3931,22.6282,53.1642
1759345575538161152,-419.083,1867.7,734.217,0.848733,-0.117221,-0.355868,-0.373189,32.3537,-265.081,253.482,-0.0123139,0.0259458,0.0329752,31.3932,22.6289,53.1659
1759345575548161280,-418.76,1865.05,736.748,0.84875,-0.113829,-0.354507,-0.375488,32.2151,-265.268,252.654,-0.0123124,0.025946,0.0329723,31.3933,22.6296,53.1676
1759345575558161152,-418.438,1862.39,739.27,0.848833,-0.110519,-0.352996,-0.377706,32.0764,-265.449,251.824,-0.0123109,0.0259463,0.0329695,31.3935,22.6304,53.1693
1759345575568161280,-418.118,1859.74,741.785,0.84882,-0.107187,-0.351631,-0.379961,31.9376,-265.624,250.992,-0.0123094,0.0259465,0.0329666,31.3936,22.6311,53.171
1759345575578161152,-417.8,1857.08,744.291,0.848818,-0.103911,-0.350217,-0.382176,31.7989,-265.793,250.158,-0.0123079,0.0259468,0.0329638,31.3937,22.6318,53.1727
1759345575588161280,-417.482,1854.42,746.788,0.848772,-0.100686,-0.348869,-0.384369,31.6598,-265.957,249.322,-0.0123064,0.025947,0.0329609,31.3938,22.6326,53.1744
1759345575598161152,-417.166,1851.76,749.278,0.848778,-0.0975404,-0.347398,-0.386493,31.5206,-266.116,248.484,-0.0123049,0.0259473,0.032958,31.3939,22.6333,53.1761
1759345575608161280,-416.852,1849.1,751.759,0.848799,-0.0944533,-0.345889,-0.38856,31.3811,-266.269,247.644,-0.0123033,0.0259476,0.0329551,31.394,22.634,53.1778
1759345575618161152,-416.538,1846.44,754.231,0.848754,-0.0913476,-0.344473,-0.390654,31.2419,-266.416,246.802,-0.0123018,0.0259479,0.0329522,31.3941,22.6348,53.1795
1759345575628161280,-416.227,1843.77,756.695,0.848702,-0.0882428,-0.343058,-0.392719,31.1026,-266.557,245.958,-0.0123003,0.0259481,0.0329493,31.3942,22.6355,53.1811
1759345575638161152,-415.916,1841.11,759.151,0.848629,-0.0851387,-0.341655,-0.39478,30.9639,-266.693,245.112,-0.0122988,0.0259484,0.0329464,31.3943,22.6362,53.1828
1759345575648161280,-415.607,1838.44,761.598,0.848591,-0.0820388,-0.340164,-0.396801,30.8259,-266.824,244.263,-0.0122972,0.0259488,0.0329435,31.3944,22.6369,53.1845
1759345575658161152,-415.3,1835.77,764.037,0.848412,-0.0788491,-0.338927,-0.398883,30.6882,-266.948,243.413,-0.0122957,0.0259491,0.0329406,31.3945,22.6377,53.1862
1759345575668161280,-414.993,1833.1,766.467,0.848351,-0.0756856,-0.337407,-0.40091,30.5513,-267.068,242.559,-0.0122942,0.0259494,0.0329376,31.3946,22.6384,53.1879
1759345575678161152,-414.689,1830.43,768.888,0.84825,-0.072431,-0.335935,-0.402956,30.4143,-267.182,241.702,-0.0122926,0.0259497,0.0329347,31.3947,22.6391,53.1895
1759345575688161024,-414.385,1827.76,771.301,0.848131,-0.0691445,-0.334456,-0.405008,30.2773,-267.29,240.843,-0.012291,0.02595,0.0329317,31.3948,22.6399,53.1912
1759345575698161152,-414.083,1825.08,773.706,0.84795,-0.065773,-0.333043,-0.407109,30.1397,-267.392,239.982,-0.0122895,0.0259504,0.0329288,31.3949,22.6406,53.1929
1759345575708161024,-413.782,1822.41,776.102,0.847788,-0.0624011,-0.331569,-0.409175,30.002,-267.489,239.119,-0.0122879,0.0259507,0.0329258,31.395,22.6414,53.1946
1759345575718161152,-413.483,1819.73,778.489,0.84767,-0.059037,-0.329969,-0.411207,29.8638,-267.579,238.255,-0.0122864,0.0259511,0.0329228,31.3951,22.6421,53.1962
1759345575728161024,-413.185,1817.06,780.867,0.847482,-0.055638,-0.328449,-0.413279,29.7248,-267.663,237.39,-0.0122848,0.0259514,0.0329199,31.3952,22.6428,53.1979
1759345575738161152,-412.888,1814.38,783.237,0.847268,-0.0522267,-0.326938,-0.415357,29.5851,-267.741,236.523,-0.0122832,0.0259518,0.0329169,31.3953,22.6436,53.1996
1759345575748161024,-412.593,1811.7,785.598,0.847032,-0.0488014,-0.325424,-0.417439,29.4437,-267.814,235.656,-0.0122816,0.0259522,0.0329139,31.3954,22.6443,53.2012
1759345575758161152,-412.299,1809.02,787.951,0.846774,-0.045411,-0.32392,-0.419508,29.3011,-267.88,234.787,-0.01228,0.0259525,0.0329109,31.3955,22.645,53.2029
1759345575768161024,-412.007,1806.34,790.294,0.846454,-0.0420265,-0.32252,-0.42158,29.1576,-267.94,233.917,-0.0122784,0.0259529,0.0329079,31.3956,22.6458,53.2046
1759345575778161152,-411.716,1803.66,792.63,0.846152,-0.038695,-0.321062,-0.423614,29.0131,-267.994,233.046,-0.0122769,0.0259533,0.0329049,31.3957,22.6465,53.2062
1759345575788161024,-411.426,1800.98,794.956,0.845802,-0.0353991,-0.319679,-0.425641,28.8683,-268.043,232.173,-0.0122752,0.0259537,0.0329018,31.3958,22.6472,53.2079
1759345575798161152,-411.138,1798.3,797.274,0.845438,-0.0321568,-0.318331,-0.427629,28.7233,-268.086,231.3,-0.0122736,0.0259541,0.0328988,31.3959,22.648,53.2096
1759345575808161024,-410.852,1795.62,799.582,0.845234,-0.0290159,-0.316647,-0.429502,28.5783,-268.124,230.425,-0.012272,0.0259545,0.0328958,31.396,22.6487,53.2112
1759345575818160896,-410.566,1792.94,801.883,0.844867,-0.0258512,-0.315282,-0.431427,28.4329,-268.157,229.548,-0.0122704,0.0259549,0.0328927,31.3961,22.6494,53.2129
1759345575828161024,-410.283,1790.26,804.174,0.84456,-0.0227547,-0.313801,-0.433279,28.2877,-268.186,228.671,-0.0122688,0.0259553,0.0328897,31.3962,22.6502,53.2145
1759345575838160896,-410.001,1787.58,806.457,0.844201,-0.019668,-0.312435,-0.435112,28.1435,-268.209,227.792,-0.0122672,0.0259558,0.0328867,31.3963,22.6509,53.2162
1759345575848161024,-409.72,1784.89,808.73,0.843795,-0.0166188,-0.311128,-0.436959,28.0005,-268.227,226.913,-0.0122655,0.0259562,0.0328836,31.3964,22.6517,53.2179
1759345575858160896,-409.44,1782.21,810.995,0.843469,-0.0136284,-0.309665,-0.438728,27.8598,-268.238,226.032,-0.0122639,0.0259566,0.0328805,31.3965,22.6524,53.2195
1759345575868161024,-409.162,1779.53,813.251,0.843096,-0.0106398,-0.308292,-0.44049,27.7194,-268.244,225.151,-0.0122622,0.0259571,0.0328775,31.3966,22.6531,53.2212
1759345575878160896,-408.886,1776.85,815.499,0.842711,-0.00765505,-0.30693,-0.442237,27.581,-268.244,224.269,-0.0122606,0.0259575,0.0328744,31.3967,22.6539,53.2228
1759345575888161024,-408.611,1774.16,817.737,0.842306,-0.00466092,-0.305592,-0.443974,27.4441,-268.239,223.386,-0.0122589,0.025958,0.0328713,31.3968,22.6546,53.2245
1759345575898160896,-408.337,1771.48,819.967,0.841838,-0.00160491,-0.304333,-0.445744,27.3084,-268.227,222.501,-0.0122573,0.0259585,0.0328682,31.3969,22.6553,53.2261
1759345575908161024,-408.064,1768.8,822.188,0.841396,0.00152103,-0.302962,-0.44751,27.1734,-268.21,221.615,-0.0122556,0.0259589,0.0328651,31.397,22.6561,53.2278
1759345575918160896,-407.793,1766.12,824.4,0.840886,0.00472414,-0.30167,-0.449315,27.0384,-268.187,220.727,-0.0122539,0.0259594,0.032862,31.3971,22.6568,53.2294
1759345575928161024,-407.523,1763.43,826.603,0.840386,0.00800906,-0.300281,-0.451129,26.9038,-268.159,219.838,-0.0122523,0.0259599,0.0328589,31.3972,22.6576,53.2311
1759345575938160896,-407.255,1760.75,828.797,0.839821,0.0114003,-0.298957,-0.452986,26.7703,-268.122,218.949,-0.0122506,0.0259604,0.0328558,31.3973,22.6583,53.2327
1759345575948160768,-406.988,1758.07,830.982,0.839292,0.0148607,-0.297433,-0.454865,26.6376,-268.08,218.059,-0.0122489,0.0259609,0.0328527,31.3974,22.659,53.2344
1759345575958160896,-406.722,1755.39,833.159,0.83872,0.0183972,-0.295914,-0.456777,26.505,-268.029,217.17,-0.0122472,0.0259614,0.0328496,31.3975,22.6598,53.236
1759345575968160768,-406.457,1752.71,835.326,0.838098,0.0220197,-0.294434,-0.45871,26.3729,-267.971,216.282,-0.0122455,0.0259619,0.0328464,31.3976,22.6605,53.2377
1759345575978160896,-406.194,1750.03,837.485,0.837369,0.0257277,-0.293101,-0.460698,26.2412,-267.906,215.394,-0.0122438,0.0259624,0.0328433,31.3977,22.6612,53.2393
1759345575988160768,-405.932,1747.35,839.635,0.836785,0.0293695,-0.291428,-0.4626,26.109,-267.835,214.506,-0.0122421,0.0259629,0.0328401,31.3978,22.662,53.241
1759345575998160896,-405.672,1744.68,841.775,0.836051,0.0330584,-0.290004,-0.464568,25.9764,-267.758,213.619,-0.0122404,0.0259634,0.032837,31.3979,22.6627,53.2426
1759345576008160768,-405.413,1742,843.907,0.83528,0.036691,-0.288637,-0.466529,25.8441,-267.674,212.732,-0.0122387,0.0259639,0.0328338,31.398,22.6635,53.2443
1759345576018160896,-405.155,1739.32,846.031,0.834566,0.040258,-0.287151,-0.468426,25.7121,-267.584,211.846,-0.012237,0.0259644,0.0328306,31.3981,22.6642,53.2459
1759345576028160768,-404.898,1736.65,848.145,0.833874,0.0437112,-0.285635,-0.470272,25.5811,-267.488,210.959,-0.0122353,0.025965,0.0328274,31.3982,22.665,53.2475
1759345576038160896,-404.643,1733.97,850.25,0.83309,0.0471463,-0.284314,-0.472127,25.4505,-267.386,210.073,-0.0122336,0.0259655,0.0328242,31.3983,22.6657,53.2492
1759345576048160768,-404.389,1731.3,852.347,0.832378,0.0505073,-0.282867,-0.473901,25.321,-267.278,209.187,-0.0122319,0.0259661,0.032821,31.3984,22.6664,53.2508
1759345576058160896,-404.137,1728.63,854.434,0.831592,0.0538486,-0.281574,-0.47568,25.1922,-267.165,208.301,-0.0122302,0.0259666,0.0328178,31.3985,22.6672,53.2525
1759345576068160768,-403.885,1725.95,856.513,0.830843,0.0571011,-0.280238,-0.477396,25.0648,-267.047,207.415,-0.0122285,0.0259672,0.0328146,31.3986,22.6679,53.2541
1759345576078160640,-403.635,1723.28,858.583,0.830154,0.060256,-0.278814,-0.479037,24.9383,-266.923,206.531,-0.0122267,0.0259677,0.0328114,31.3987,22.6687,53.2558
1759345576088160768,-403.386,1720.62,860.644,0.8294,0.0633769,-0.277562,-0.480664,24.8126,-266.795,205.646,-0.012225,0.0259683,0.0328082,31.3988,22.6694,53.2574
1759345576098160640,-403.139,1717.95,862.697,0.828721,0.0664092,-0.276193,-0.482212,24.6879,-266.662,204.762,-0.0122233,0.0259689,0.032805,31.3989,22.6702,53.259
1759345576108160768,-402.892,1715.28,864.74,0.828027,0.0693766,-0.274902,-0.483721,24.5639,-266.524,203.878,-0.0122215,0.0259694,0.0328017,31.399,22.6709,53.2607
1759345576118160640,-402.647,1712.62,866.775,0.827333,0.0722786,-0.273644,-0.485196,24.4407,-266.381,202.994,-0.0122198,0.02597,0.0327985,31.3991,22.6717,53.2623
1759345576128160768,-402.404,1709.95,868.8,0.826657,0.0750855,-0.272382,-0.48663,24.3184,-266.235,202.111,-0.012218,0.0259706,0.0327952,31.3992,22.6724,53.2639
1759345576138160640,-402.161,1707.29,870.817,0.825897,0.0779251,-0.271457,-0.487989,24.1971,-266.084,201.229,-0.0122163,0.0259712,0.032792,31.3994,22.6731,53.2656
1759345576148160768,-401.919,1704.63,872.825,0.825424,0.0805477,-0.27002,-0.489159,24.0777,-265.928,200.347,-0.0122145,0.0259718,0.0327887,31.3995,22.6739,53.2672
1759345576158160640,-401.679,1701.97,874.825,0.824723,0.0831606,-0.268984,-0.490473,23.9592,-265.768,199.465,-0.0122128,0.0259724,0.0327855,31.3996,22.6746,53.2688
1759345576168160768,-401.44,1699.32,876.815,0.824098,0.0857171,-0.267878,-0.491688,23.842,-265.603,198.584,-0.012211,0.025973,0.0327822,31.3997,22.6754,53.2705
1759345576178160640,-401.202,1696.66,878.797,0.823456,0.0881911,-0.266898,-0.492858,23.7258,-265.433,197.703,-0.0122092,0.0259736,0.032779,31.3998,22.6761,53.2721
1759345576188160768,-400.965,1694.01,880.77,0.822934,0.0905338,-0.265809,-0.493892,23.6103,-265.26,196.823,-0.0122075,0.0259742,0.0327757,31.3999,22.6769,53.2737
1759345576198160640,-400.73,1691.36,882.734,0.82239,0.092808,-0.264821,-0.494905,23.4954,-265.082,195.943,-0.0122057,0.0259749,0.0327724,31.4,22.6776,53.2754
1759345576208160512,-400.495,1688.71,884.689,0.821808,0.094995,-0.263993,-0.495898,23.3815,-264.9,195.063,-0.0122039,0.0259755,0.0327691,31.4001,22.6784,53.277
1759345576218160640,-400.262,1686.06,886.635,0.821288,0.0970864,-0.263136,-0.49681,23.2684,-264.714,194.183,-0.0122021,0.0259761,0.0327658,31.4002,22.6792,53.2786
1759345576228160512,-400.03,1683.41,888.573,0.820847,0.0991052,-0.262212,-0.497627,23.1565,-264.523,193.303,-0.0122003,0.0259768,0.0327626,31.4003,22.6799,53.2802
1759345576238160640,-399.799,1680.77,890.502,0.82038,0.101106,-0.261427,-0.498408,23.0451,-264.329,192.423,-0.0121985,0.0259774,0.0327593,31.4004,22.6807,53.2819
1759345576248160512,-399.569,1678.13,892.422,0.81992,0.10305,-0.260631,-0.499182,22.9344,-264.13,191.543,-0.0121967,0.025978,0.032756,31.4006,22.6814,53.2835
1759345576258160640,-399.34,1675.48,894.333,0.819408,0.104996,-0.259954,-0.49997,22.8241,-263.928,190.663,-0.0121949,0.0259787,0.0327526,31.4007,22.6822,53.2851
1759345576268160512,-399.112,1672.85,896.236,0.819019,0.106888,-0.259156,-0.500621,22.7143,-263.723,189.782,-0.0121931,0.0259793,0.0327493,31.4008,22.6829,53.2868
1759345576278160640,-398.886,1670.21,898.129,0.818526,0.108787,-0.258518,-0.501347,22.6044,-263.513,188.901,-0.0121913,0.02598,0.032746,31.4009,22.6837,53.2884
1759345576288160512,-398.66,1667.58,900.014,0.818149,0.110622,-0.257773,-0.501944,22.4948,-263.301,188.02,-0.0121895,0.0259806,0.0327427,31.401,22.6844,53.29
1759345576298160640,-398.436,1664.94,901.89,0.817673,0.112471,-0.257178,-0.502614,22.3853,-263.085,187.139,-0.0121877,0.0259813,0.0327394,31.4011,22.6852,53.2916
1759345576308160512,-398.212,1662.31,903.757,0.817302,0.114271,-0.256462,-0.503176,22.2765,-262.866,186.259,-0.0121859,0.025982,0.032736,31.4013,22.686,53.2933
1759345576318160640,-397.99,1659.69,905.616,0.816843,0.116058,-0.255895,-0.503802,22.1679,-262.643,185.379,-0.0121841,0.0259826,0.0327327,31.4014,22.6867,53.2949
1759345576328160512,-397.769,1657.06,907.465,0.816424,0.117816,-0.255282,-0.504383,22.0595,-262.417,184.5,-0.0121823,0.0259833,0.0327294,31.4015,22.6875,53.2965
1759345576338160640,-397.549,1654.44,909.306,0.816102,0.119463,-0.254449,-0.504938,21.9506,-262.187,183.623,-0.0121804,0.025984,0.032726,31.4016,22.6882,53.2981
1759345576348160512,-397.33,1651.82,911.138,0.815712,0.121155,-0.2538,-0.505491,21.8415,-261.955,182.746,-0.0121786,0.0259846,0.0327227,31.4017,22.689,53.2997
1759345576358160384,-397.112,1649.2,912.961,0.815262,0.122857,-0.253279,-0.506068,21.7317,-261.72,181.87,-0.0121768,0.0259853,0.0327193,31.4019,22.6898,53.3014
1759345576368160512,-396.895,1646.58,914.776,0.814919,0.124512,-0.25261,-0.50655,21.6217,-261.481,180.995,-0.012175,0.025986,0.032716,31.402,22.6905,53.303
1759345576378160384,-396.679,1643.97,916.582,0.814484,0.126161,-0.252087,-0.507101,21.5114,-261.24,180.122,-0.0121731,0.0259867,0.0327126,31.4021,22.6913,53.3046
1759345576388160512,-396.464,1641.36,918.379,0.814088,0.127795,-0.251536,-0.507601,21.4008,-260.995,179.249,-0.0121713,0.0259874,0.0327092,31.4022,22.6921,53.3062
1759345576398160384,-396.251,1638.75,920.167,0.813789,0.129401,-0.250874,-0.508002,21.2897,-260.749,178.376,-0.0121695,0.0259881,0.0327059,31.4023,22.6928,53.3079
1759345576408160512,-396.038,1636.14,921.947,0.813419,0.131056,-0.250372,-0.508417,21.178,-260.5,177.504,-0.0121677,0.0259888,0.0327025,31.4025,22.6936,53.3095
1759345576418160384,-395.827,1633.54,923.718,0.813018,0.13266,-0.249857,-0.508895,21.0653,-260.249,176.632,-0.0121658,0.0259895,0.0326991,31.4026,22.6944,53.3111
1759345576428160512,-395.617,1630.94,925.48,0.812688,0.134199,-0.249265,-0.509309,20.9525,-259.995,175.761,-0.012164,0.0259902,0.0326958,31.4027,22.6951,53.3127
1759345576438160384,-395.408,1628.34,927.233,0.812379,0.135689,-0.248665,-0.509701,20.839,-259.739,174.89,-0.0121622,0.0259909,0.0326924,31.4028,22.6959,53.3143
1759345576448160512,-395.2,1625.74,928.978,0.812307,0.137127,-0.247853,-0.509825,20.7249,-259.48,174.019,-0.0121603,0.0259916,0.032689,31.403,22.6967,53.316
1759345576458160384,-394.993,1623.15,930.714,0.811956,0.138521,-0.247367,-0.510245,20.6099,-259.219,173.15,-0.0121585,0.0259923,0.0326856,31.4031,22.6974,53.3176
1759345576468160512,-394.787,1620.56,932.441,0.811661,0.139869,-0.246889,-0.510578,20.4953,-258.956,172.281,-0.0121567,0.0259931,0.0326822,31.4032,22.6982,53.3192
1759345576478160384,-394.583,1617.97,934.16,0.811522,0.141143,-0.246267,-0.510748,20.3806,-258.69,171.412,-0.0121548,0.0259938,0.0326788,31.4033,22.699,53.3208
1759345576488160256,-394.38,1615.38,935.87,0.8113,0.142334,-0.245796,-0.510997,20.2655,-258.422,170.544,-0.012153,0.0259945,0.0326755,31.4035,22.6997,53.3224
1759345576498160384,-394.177,1612.8,937.571,0.811237,0.143446,-0.245205,-0.51107,20.1495,-258.153,169.675,-0.0121511,0.0259952,0.0326721,31.4036,22.7005,53.3241
1759345576508160256,-393.976,1610.22,939.264,0.811166,0.144439,-0.244723,-0.511134,20.033,-257.882,168.806,-0.0121493,0.025996,0.0326687,31.4037,22.7013,53.3257
1759345576518160384,-393.777,1607.64,940.948,0.811191,0.145247,-0.244086,-0.511171,19.9154,-257.61,167.937,-0.0121474,0.0259967,0.0326653,31.4038,22.702,53.3273
1759345576528160256,-393.578,1605.07,942.623,0.811281,0.146022,-0.243529,-0.511071,19.7974,-257.337,167.067,-0.0121456,0.0259974,0.0326619,31.404,22.7028,53.3289
1759345576538160384,-393.38,1602.49,944.29,0.811263,0.146712,-0.243231,-0.511045,19.679,-257.063,166.197,-0.0121437,0.0259982,0.0326585,31.4041,22.7036,53.3305
1759345576548160256,-393.184,1599.92,945.947,0.811357,0.147321,-0.242869,-0.510892,19.5609,-256.787,165.326,-0.0121419,0.0259989,0.0326551,31.4042,22.7043,53.3322
1759345576558160384,-392.989,1597.36,947.597,0.811476,0.147917,-0.242484,-0.510714,19.4416,-256.512,164.453,-0.01214,0.0259997,0.0326517,31.4044,22.7051,53.3338
1759345576568160256,-392.795,1594.79,949.237,0.811603,0.148485,-0.242101,-0.51053,19.3211,-256.235,163.579,-0.0121382,0.0260004,0.0326483,31.4045,22.7059,53.3354
1759345576578160384,-392.602,1592.23,950.868,0.811674,0.149032,-0.241831,-0.510385,19.1987,-255.959,162.704,-0.0121363,0.0260012,0.0326449,31.4046,22.7066,53.337
1759345576588160256,-392.411,1589.67,952.491,0.811897,0.149583,-0.241354,-0.510094,19.0771,-255.682,161.828,-0.0121345,0.0260019,0.0326415,31.4047,22.7074,53.3387
1759345576598160384,-392.22,1587.12,954.105,0.811997,0.150144,-0.241025,-0.509925,18.9556,-255.403,160.952,-0.0121326,0.0260027,0.0326381,31.4049,22.7082,53.3403
1759345576608160256,-392.031,1584.57,955.711,0.812223,0.150747,-0.240499,-0.509637,18.8353,-255.123,160.077,-0.0121308,0.0260034,0.0326347,31.405,22.709,53.3419
1759345576618160128,-391.843,1582.02,957.307,0.812259,0.151399,-0.240185,-0.509534,18.7157,-254.841,159.201,-0.0121289,0.0260042,0.0326313,31.4051,22.7097,53.3435
1759345576628160256,-391.657,1579.47,958.895,0.812632,0.152101,-0.239422,-0.50909,18.5985,-254.556,158.327,-0.0121271,0.026005,0.0326279,31.4053,22.7105,53.3451
1759345576638160128,-391.471,1576.93,960.474,0.812642,0.15287,-0.239072,-0.509007,18.4815,-254.27,157.452,-0.0121252,0.0260057,0.0326244,31.4054,22.7113,53.3468
1759345576648160256,-391.287,1574.38,962.045,0.812834,0.153673,-0.238429,-0.50876,18.365,-253.982,156.578,-0.0121233,0.0260065,0.032621,31.4055,22.712,53.3484
1759345576658160128,-391.104,1571.85,963.606,0.812961,0.154503,-0.237793,-0.508604,18.249,-253.692,155.705,-0.0121215,0.0260073,0.0326176,31.4057,22.7128,53.35
1759345576668160256,-390.922,1569.31,965.159,0.812989,0.155392,-0.237263,-0.508535,18.1335,-253.4,154.833,-0.0121196,0.026008,0.0326142,31.4058,22.7136,53.3516
1759345576678160128,-390.741,1566.78,966.703,0.813094,0.156311,-0.236655,-0.508369,18.0185,-253.106,153.961,-0.0121178,0.0260088,0.0326108,31.4059,22.7143,53.3533
1759345576688160256,-390.561,1564.25,968.239,0.813181,0.157216,-0.235985,-0.508262,17.9039,-252.811,153.091,-0.0121159,0.0260096,0.0326074,31.406,22.7151,53.3549
1759345576698160128,-390.382,1561.72,969.766,0.813252,0.158128,-0.235326,-0.508172,17.7896,-252.513,152.222,-0.0121141,0.0260104,0.032604,31.4062,22.7159,53.3565
1759345576708160256,-390.205,1559.2,971.284,0.813412,0.159051,-0.234536,-0.507993,17.6761,-252.213,151.354,-0.0121122,0.0260111,0.0326006,31.4063,22.7166,53.3581
1759345576718160128,-390.029,1556.68,972.793,0.813419,0.159964,-0.233942,-0.507969,17.5622,-251.912,150.486,-0.0121104,0.0260119,0.0325972,31.4064,22.7174,53.3598
1759345576728160256,-389.853,1554.16,974.294,0.81342,0.160841,-0.233396,-0.507942,17.4483,-251.608,149.619,-0.0121085,0.0260127,0.0325938,31.4066,22.7182,53.3614
1759345576738160128,-389.679,1551.64,975.786,0.813496,0.161604,-0.232764,-0.507868,17.3341,-251.303,148.752,-0.0121066,0.0260135,0.0325903,31.4067,22.719,53.363
1759345576748160000,-389.506,1549.13,977.269,0.813852,0.16229,-0.231812,-0.507514,17.2192,-250.997,147.887,-0.0121048,0.0260143,0.0325869,31.4068,22.7197,53.3646
1759345576758160128,-389.335,1546.62,978.744,0.813787,0.162934,-0.231449,-0.507576,17.1033,-250.69,147.022,-0.0121029,0.0260151,0.0325835,31.4069,22.7205,53.3663
1759345576768160000,-389.164,1544.12,980.21,0.813896,0.163437,-0.230939,-0.507474,16.987,-250.383,146.157,-0.0121011,0.0260158,0.0325801,31.4071,22.7213,53.3679
1759345576778160128,-388.995,1541.61,981.667,0.814161,0.163817,-0.230295,-0.507217,16.8702,-250.077,145.293,-0.0120993,0.0260166,0.0325767,31.4072,22.722,53.3695
1759345576788160000,-388.826,1539.12,983.116,0.814373,0.164075,-0.229835,-0.507002,16.7526,-249.77,144.429,-0.0120974,0.0260174,0.0325733,31.4073,22.7228,53.3711
1759345576798160128,-388.659,1536.62,984.556,0.814585,0.164174,-0.229417,-0.50682,16.6343,-249.464,143.566,-0.0120956,0.0260182,0.0325699,31.4075,22.7236,53.3728
1759345576808160000,-388.494,1534.13,985.988,0.814961,0.164162,-0.228898,-0.506453,16.515,-249.159,142.703,-0.0120937,0.026019,0.0325665,31.4076,22.7243,53.3744
1759345576818160128,-388.329,1531.64,987.411,0.815282,0.16399,-0.228523,-0.506163,16.3935,-248.856,141.84,-0.0120919,0.0260199,0.0325631,31.4077,22.7251,53.376
1759345576828160000,-388.165,1529.15,988.825,0.815618,0.163737,-0.228197,-0.50585,16.2706,-248.554,140.977,-0.01209,0.0260207,0.0325597,31.4079,22.7259,53.3776
1759345576838160128,-388.003,1526.66,990.231,0.81593,0.163419,-0.228009,-0.505533,16.1463,-248.252,140.113,-0.0120882,0.0260215,0.0325563,31.408,22.7266,53.3793
1759345576848160000,-387.842,1524.18,991.628,0.816456,0.162941,-0.227529,-0.505055,16.0211,-247.952,139.25,-0.0120864,0.0260223,0.0325529,31.4081,22.7274,53.3809
1759345576858160128,-387.682,1521.7,993.016,0.816793,0.162452,-0.227423,-0.504716,15.8945,-247.653,138.385,-0.0120845,0.0260231,0.0325495,31.4082,22.7282,53.3825
1759345576868160000,-387.524,1519.23,994.396,0.817246,0.161887,-0.227223,-0.504253,15.7675,-247.355,137.52,-0.0120827,0.0260239,0.0325461,31.4084,22.7289,53.3841
1759345576878159872,-387.367,1516.76,995.767,0.817713,0.161223,-0.227058,-0.503783,15.6402,-247.059,136.652,-0.0120809,0.0260248,0.0325427,31.4085,22.7297,53.3858
1759345576888160000,-387.211,1514.29,997.13,0.818141,0.160517,-0.227034,-0.503325,15.5125,-246.764,135.783,-0.012079,0.0260256,0.0325394,31.4086,22.7305,53.3874
1759345576898159872,-387.056,1511.82,998.483,0.818624,0.159805,-0.226968,-0.502794,15.3848,-246.469,134.913,-0.0120772,0.0260264,0.032536,31.4088,22.7312,53.389
1759345576908160000,-386.903,1509.36,999.828,0.819147,0.159055,-0.226845,-0.502236,15.2562,-246.176,134.04,-0.0120753,0.0260272,0.0325326,31.4089,22.732,53.3907
1759345576918159872,-386.751,1506.9,1001.16,0.819671,0.158269,-0.22677,-0.501663,15.1264,-245.884,133.167,-0.0120735,0.0260281,0.0325293,31.409,22.7328,53.3923
1759345576928160000,-386.6,1504.44,1002.49,0.820377,0.157456,-0.226476,-0.500897,14.9952,-245.594,132.294,-0.0120717,0.0260289,0.0325259,31.4092,22.7335,53.3939
1759345576938159872,-386.451,1501.99,1003.81,0.820764,0.156672,-0.226651,-0.500429,14.862,-245.305,131.419,-0.0120698,0.0260297,0.0325226,31.4093,22.7343,53.3955
1759345576948160000,-386.303,1499.53,1005.12,0.821263,0.155868,-0.226704,-0.499837,14.7271,-245.018,130.545,-0.012068,0.0260306,0.0325192,31.4094,22.7351,53.3972
1759345576958159872,-386.156,1497.08,1006.42,0.821863,0.155015,-0.226599,-0.499163,14.5907,-244.731,129.67,-0.0120662,0.0260314,0.0325159,31.4095,22.7358,53.3988
1759345576968160000,-386.01,1494.64,1007.71,0.822402,0.154167,-0.226625,-0.498526,14.4526,-244.445,128.794,-0.0120643,0.0260322,0.0325125,31.4097,22.7366,53.4004
1759345576978159872,-385.866,1492.2,1009,0.822901,0.153292,-0.226708,-0.497934,14.3127,-244.161,127.918,-0.0120625,0.026033,0.0325092,31.4098,22.7373,53.402
1759345576988160000,-385.724,1489.76,1010.27,0.823389,0.152425,-0.226839,-0.497335,14.1712,-243.877,127.04,-0.0120607,0.0260339,0.0325058,31.4099,22.7381,53.4037
1759345576998159872,-385.583,1487.32,1011.54,0.823874,0.151522,-0.226984,-0.49674,14.0284,-243.594,126.162,-0.0120589,0.0260347,0.0325025,31.4101,22.7389,53.4053
1759345577008160000,-385.443,1484.88,1012.8,0.824367,0.15061,-0.227137,-0.49613,13.8847,-243.312,125.282,-0.012057,0.0260355,0.0324992,31.4102,22.7396,53.4069
1759345577018159872,-385.305,1482.45,1014.05,0.824856,0.149679,-0.227331,-0.49551,13.74,-243.031,124.401,-0.0120552,0.0260363,0.0324958,31.4103,22.7404,53.4085
1759345577028159744,-385.168,1480.02,1015.29,0.825336,0.148712,-0.227573,-0.49489,13.594,-242.751,123.52,-0.0120534,0.0260372,0.0324925,31.4104,22.7411,53.4102
1759345577038159872,-385.032,1477.6,1016.52,0.825808,0.147707,-0.227832,-0.494284,13.4471,-242.472,122.638,-0.0120516,0.026038,0.0324892,31.4105,22.7419,53.4118
1759345577048159744,-384.898,1475.17,1017.74,0.826213,0.146645,-0.228224,-0.493743,13.299,-242.195,121.756,-0.0120497,0.0260388,0.0324859,31.4107,22.7426,53.4134
1759345577058159872,-384.766,1472.75,1018.95,0.82666,0.145567,-0.228561,-0.493156,13.1495,-241.919,120.874,-0.0120479,0.0260396,0.0324826,31.4108,22.7434,53.415
1759345577068159744,-384.635,1470.33,1020.16,0.827111,0.144455,-0.22889,-0.492574,12.9984,-241.644,119.993,-0.0120461,0.0260405,0.0324792,31.4109,22.7442,53.4167
1759345577078159872,-384.506,1467.92,1021.35,0.827622,0.14332,-0.229151,-0.491926,12.8461,-241.371,119.111,-0.0120443,0.0260413,0.0324759,31.411,22.7449,53.4183
1759345577088159744,-384.378,1465.51,1022.54,0.827956,0.142175,-0.229647,-0.491465,12.6927,-241.1,118.23,-0.0120425,0.0260421,0.0324726,31.4112,22.7457,53.4199
1759345577098159872,-384.251,1463.1,1023.72,0.828453,0.14098,-0.229917,-0.490844,12.5387,-240.831,117.348,-0.0120407,0.0260429,0.0324693,31.4113,22.7464,53.4215
1759345577108159744,-384.127,1460.69,1024.89,0.828877,0.139751,-0.230288,-0.490306,12.3843,-240.565,116.466,-0.0120389,0.0260437,0.032466,31.4114,22.7472,53.4232
1759345577118159872,-384.003,1458.28,1026.05,0.829315,0.138466,-0.230694,-0.489738,12.2294,-240.301,115.582,-0.0120371,0.0260445,0.0324627,31.4115,22.7479,53.4248
1759345577128159744,-383.882,1455.88,1027.2,0.829746,0.137145,-0.231134,-0.489173,12.0741,-240.04,114.698,-0.0120353,0.0260454,0.0324594,31.4116,22.7487,53.4264
1759345577138159872,-383.761,1453.48,1028.34,0.830175,0.135767,-0.231567,-0.488625,11.9186,-239.782,113.813,-0.0120335,0.0260462,0.0324562,31.4117,22.7494,53.4281
1759345577148159744,-383.643,1451.09,1029.48,0.83061,0.134325,-0.232023,-0.488066,11.7627,-239.527,112.927,-0.0120317,0.026047,0.0324529,31.4119,22.7501,53.4297
1759345577158159616,-383.526,1448.69,1030.6,0.831059,0.132817,-0.232499,-0.487488,11.6064,-239.275,112.041,-0.0120299,0.0260478,0.0324496,31.412,22.7509,53.4313
1759345577168159744,-383.41,1446.3,1031.72,0.831501,0.131276,-0.23301,-0.486907,11.4501,-239.026,111.154,-0.0120281,0.0260486,0.0324463,31.4121,22.7516,53.4329
1759345577178159616,-383.296,1443.91,1032.82,0.831847,0.129672,-0.233682,-0.486424,11.2937,-238.778,110.267,-0.0120263,0.0260494,0.0324431,31.4122,22.7524,53.4346
1759345577188159744,-383.184,1441.52,1033.92,0.832453,0.127997,-0.233959,-0.485697,11.1379,-238.533,109.38,-0.0120245,0.0260502,0.0324398,31.4123,22.7531,53.4362
1759345577198159616,-383.073,1439.14,1035.01,0.832902,0.126327,-0.234515,-0.485096,10.9812,-238.291,108.491,-0.0120227,0.026051,0.0324366,31.4124,22.7539,53.4378
1759345577208159744,-382.964,1436.76,1036.09,0.833265,0.124684,-0.235219,-0.484556,10.8241,-238.052,107.601,-0.0120209,0.0260518,0.0324333,31.4125,22.7546,53.4395
1759345577218159616,-382.856,1434.38,1037.16,0.833677,0.123015,-0.235817,-0.483984,10.6673,-237.816,106.711,-0.0120191,0.0260526,0.0324301,31.4126,22.7553,53.4411
1759345577228159744,-382.75,1432,1038.23,0.834028,0.121329,-0.236487,-0.483477,10.51,-237.582,105.821,-0.0120173,0.0260534,0.0324268,31.4127,22.7561,53.4427
1759345577238159616,-382.646,1429.63,1039.28,0.834465,0.119664,-0.237044,-0.482866,10.3522,-237.351,104.93,-0.0120156,0.0260542,0.0324236,31.4128,22.7568,53.4443
1759345577248159744,-382.543,1427.25,1040.33,0.834832,0.11798,-0.237664,-0.48234,10.1936,-237.122,104.039,-0.0120138,0.026055,0.0324203,31.4129,22.7575,53.446
1759345577258159616,-382.441,1424.88,1041.36,0.835152,0.116284,-0.238367,-0.481851,10.0341,-236.896,103.148,-0.012012,0.0260558,0.0324171,31.413,22.7583,53.4476
1759345577268159744,-382.342,1422.52,1042.39,0.835536,0.11457,-0.238967,-0.481297,9.87363,-236.672,102.259,-0.0120102,0.0260566,0.0324139,31.4132,22.759,53.4492
1759345577278159616,-382.244,1420.15,1043.41,0.835937,0.112808,-0.239552,-0.480727,9.71192,-236.45,101.369,-0.0120085,0.0260573,0.0324106,31.4133,22.7597,53.4508
1759345577288159488,-382.147,1417.79,1044.42,0.836264,0.111018,-0.240277,-0.480212,9.54897,-236.231,100.48,-0.0120067,0.0260581,0.0324074,31.4134,22.7604,53.4525
1759345577298159616,-382.052,1415.43,1045.42,0.836585,0.109153,-0.241052,-0.479693,9.38436,-236.015,99.5913,-0.012005,0.0260589,0.0324042,31.4134,22.7612,53.4541
1759345577308159488,-381.959,1413.07,1046.41,0.836849,0.107244,-0.241958,-0.479207,9.21911,-235.801,98.7021,-0.0120032,0.0260597,0.032401,31.4135,22.7619,53.4557
1759345577318159616,-381.867,1410.71,1047.39,0.837122,0.105285,-0.242866,-0.478705,9.05345,-235.59,97.8124,-0.0120015,0.0260604,0.0323978,31.4136,22.7626,53.4574
1759345577328159488,-381.778,1408.35,1048.37,0.837483,0.103279,-0.243664,-0.478104,8.88726,-235.382,96.9222,-0.0119997,0.0260612,0.0323946,31.4137,22.7633,53.459
1759345577338159616,-381.689,1406,1049.33,0.837779,0.101222,-0.244585,-0.477555,8.72035,-235.178,96.0314,-0.011998,0.0260619,0.0323913,31.4138,22.7641,53.4606
1759345577348159488,-381.603,1403.65,1050.29,0.83813,0.0991146,-0.24544,-0.476942,8.55275,-234.977,95.1397,-0.0119962,0.0260627,0.0323881,31.4139,22.7648,53.4622
1759345577358159616,-381.518,1401.3,1051.24,0.838459,0.0969586,-0.246346,-0.476339,8.38435,-234.779,94.2475,-0.0119945,0.0260634,0.0323849,31.414,22.7655,53.4639
1759345577368159488,-381.435,1398.95,1052.17,0.838785,0.0947715,-0.247268,-0.475728,8.21523,-234.586,93.3548,-0.0119928,0.0260642,0.0323817,31.4141,22.7662,53.4655
1759345577378159616,-381.353,1396.61,1053.1,0.839075,0.0925755,-0.248267,-0.475127,8.04543,-234.395,92.461,-0.011991,0.0260649,0.0323785,31.4142,22.7669,53.4671
1759345577388159488,-381.273,1394.27,1054.02,0.8394,0.0903648,-0.2492,-0.47449,7.87494,-234.208,91.5667,-0.0119893,0.0260656,0.0323754,31.4143,22.7676,53.4687
1759345577398159616,-381.195,1391.92,1054.94,0.839754,0.0881362,-0.250063,-0.473828,7.7038,-234.024,90.6718,-0.0119876,0.0260664,0.0323722,31.4144,22.7683,53.4704
1759345577408159488,-381.119,1389.58,1055.84,0.840067,0.0859226,-0.250967,-0.473202,7.53203,-233.844,89.7763,-0.0119859,0.0260671,0.032369,31.4144,22.7691,53.472
1759345577418159360,-381.044,1387.25,1056.73,0.840364,0.0837186,-0.251866,-0.472592,7.35976,-233.666,88.8801,-0.0119842,0.0260678,0.0323658,31.4145,22.7698,53.4736
1759345577428159488,-380.971,1384.91,1057.62,0.840652,0.0815475,-0.25276,-0.471982,7.18736,-233.492,87.9836,-0.0119825,0.0260685,0.0323626,31.4146,22.7705,53.4753
1759345577438159360,-380.9,1382.58,1058.49,0.840941,0.0793654,-0.253626,-0.471373,7.01477,-233.321,87.0869,-0.0119808,0.0260692,0.0323594,31.4147,22.7712,53.4769
1759345577448159488,-380.83,1380.24,1059.36,0.841225,0.0772078,-0.254484,-0.470764,6.84195,-233.153,86.1901,-0.0119791,0.02607,0.0323563,31.4148,22.7719,53.4785
1759345577458159360,-380.763,1377.91,1060.22,0.841451,0.075074,-0.255363,-0.470227,6.6691,-232.989,85.2932,-0.0119774,0.0260707,0.0323531,31.4148,22.7726,53.4801
1759345577468159488,-380.697,1375.58,1061.06,0.841729,0.0729677,-0.256113,-0.469653,6.49673,-232.827,84.3963,-0.0119757,0.0260713,0.0323499,31.4149,22.7733,53.4818
1759345577478159360,-380.632,1373.26,1061.9,0.841974,0.0708857,-0.256881,-0.469113,6.32451,-232.669,83.4996,-0.011974,0.026072,0.0323468,31.415,22.774,53.4834
1759345577488159488,-380.57,1370.93,1062.74,0.842165,0.0688261,-0.257671,-0.468643,6.15236,-232.515,82.6028,-0.0119723,0.0260727,0.0323436,31.4151,22.7747,53.485
1759345577498159360,-380.509,1368.61,1063.56,0.842377,0.0668065,-0.258392,-0.468158,5.98027,-232.364,81.706,-0.0119706,0.0260734,0.0323405,31.4151,22.7754,53.4866
1759345577508159488,-380.45,1366.28,1064.37,0.842586,0.0647853,-0.259078,-0.467686,5.80775,-232.216,80.8093,-0.0119689,0.0260741,0.0323373,31.4152,22.7761,53.4883
1759345577518159360,-380.392,1363.96,1065.17,0.842879,0.0627408,-0.259584,-0.467157,5.63438,-232.071,79.913,-0.0119672,0.0260747,0.0323342,31.4153,22.7768,53.4899
1759345577528159488,-380.337,1361.64,1065.97,0.843112,0.0608076,-0.26021,-0.466642,5.45986,-231.929,79.0173,-0.0119656,0.0260754,0.032331,31.4154,22.7774,53.4915
1759345577538159360,-380.283,1359.32,1066.75,0.843208,0.0588572,-0.260922,-0.466321,5.28423,-231.788,78.1223,-0.0119639,0.0260761,0.0323279,31.4154,22.7781,53.4931
1759345577548159488,-380.231,1357.01,1067.53,0.843424,0.056905,-0.261429,-0.46589,5.10776,-231.65,77.228,-0.0119623,0.0260767,0.0323247,31.4155,22.7788,53.4948
1759345577558159360,-380.18,1354.69,1068.3,0.843577,0.0550165,-0.262063,-0.465484,4.93024,-231.514,76.3343,-0.0119606,0.0260774,0.0323216,31.4155,22.7795,53.4964
1759345577568159232,-380.132,1352.37,1069.06,0.843742,0.0531186,-0.262611,-0.465094,4.75139,-231.38,75.4414,-0.011959,0.026078,0.0323184,31.4156,22.7802,53.498
1759345577578159360,-380.085,1350.06,1069.81,0.843878,0.0512483,-0.263131,-0.464764,4.57111,-231.248,74.5492,-0.0119573,0.0260786,0.0323153,31.4157,22.7809,53.4996
1759345577588159232,-380.04,1347.75,1070.55,0.844027,0.0493756,-0.263646,-0.464404,4.38934,-231.12,73.6581,-0.0119557,0.0260793,0.0323122,31.4157,22.7816,53.5012
1759345577598159360,-379.997,1345.44,1071.28,0.844173,0.0474691,-0.264126,-0.464065,4.20623,-230.994,72.7675,-0.011954,0.0260799,0.032309,31.4158,22.7822,53.5029
1759345577608159232,-379.955,1343.13,1072.01,0.844331,0.045564,-0.264598,-0.463699,4.02183,-230.871,71.8774,-0.0119524,0.0260805,0.0323059,31.4159,22.7829,53.5045
1759345577618159360,-379.916,1340.82,1072.72,0.84448,0.0436501,-0.26505,-0.463353,3.83646,-230.751,70.9873,-0.0119508,0.0260811,0.0323028,31.4159,22.7836,53.5061
1759345577628159232,-379.878,1338.51,1073.43,0.844658,0.0417049,-0.265475,-0.462965,3.65,-230.635,70.0975,-0.0119492,0.0260817,0.0322997,31.416,22.7843,53.5077
1759345577638159360,-379.842,1336.21,1074.12,0.844843,0.0397367,-0.265852,-0.462583,3.46244,-230.521,69.2081,-0.0119476,0.0260823,0.0322965,31.416,22.785,53.5094
1759345577648159232,-379.808,1333.9,1074.81,0.84509,0.0377467,-0.266128,-0.462141,3.27348,-230.41,68.3188,-0.011946,0.0260829,0.0322934,31.4161,22.7856,53.511
1759345577658159360,-379.776,1331.6,1075.49,0.845212,0.0358014,-0.266619,-0.461789,3.083,-230.302,67.4297,-0.0119444,0.0260835,0.0322903,31.4161,22.7863,53.5126
1759345577668159232,-379.746,1329.3,1076.16,0.84545,0.0338301,-0.266894,-0.461342,2.89123,-230.197,66.5408,-0.0119428,0.0260841,0.0322872,31.4162,22.787,53.5142
1759345577678159360,-379.718,1327,1076.82,0.845687,0.0318625,-0.267161,-0.460894,2.69831,-230.094,65.6522,-0.0119412,0.0260847,0.0322841,31.4162,22.7876,53.5158
1759345577688159232,-379.692,1324.7,1077.47,0.845877,0.0299045,-0.267483,-0.46049,2.50434,-229.993,64.764,-0.0119396,0.0260853,0.032281,31.4163,22.7883,53.5175
1759345577698159104,-379.668,1322.4,1078.12,0.846111,0.0279319,-0.267724,-0.460043,2.30989,-229.896,63.8761,-0.011938,0.0260858,0.0322779,31.4163,22.789,53.5191
1759345577708159232,-379.645,1320.1,1078.75,0.84641,0.025943,-0.267851,-0.459535,2.11495,-229.801,62.9879,-0.0119364,0.0260864,0.0322748,31.4164,22.7896,53.5207
1759345577718159104,-379.625,1317.8,1079.38,0.846684,0.0239598,-0.268017,-0.459041,1.91922,-229.71,62.0995,-0.0119348,0.026087,0.0322717,31.4164,22.7903,53.5223
1759345577728159232,-379.607,1315.5,1079.99,0.84696,0.0219987,-0.268162,-0.458545,1.72304,-229.622,61.2108,-0.0119332,0.0260875,0.0322686,31.4164,22.7909,53.524
1759345577738159104,-379.59,1313.21,1080.6,0.847198,0.0200417,-0.268348,-0.458086,1.52626,-229.537,60.3218,-0.0119316,0.0260881,0.0322655,31.4165,22.7916,53.5256
1759345577748159232,-379.576,1310.91,1081.2,0.847486,0.0180762,-0.268447,-0.457577,1.32816,-229.456,59.4323,-0.0119301,0.0260886,0.0322625,31.4165,22.7923,53.5272
1759345577758159104,-379.563,1308.62,1081.79,0.847848,0.0160815,-0.268413,-0.457001,1.12881,-229.377,58.5433,-0.0119285,0.0260891,0.0322594,31.4166,22.7929,53.5288
1759345577768159232,-379.553,1306.32,1082.37,0.848164,0.0141182,-0.268423,-0.456473,0.927902,-229.301,57.6547,-0.0119269,0.0260897,0.0322563,31.4166,22.7936,53.5304
1759345577778159104,-379.544,1304.03,1082.95,0.848471,0.0121398,-0.268421,-0.45596,0.724047,-229.227,56.7665,-0.0119254,0.0260902,0.0322533,31.4166,22.7942,53.5321
1759345577788159232,-379.538,1301.74,1083.51,0.848787,0.0101519,-0.268414,-0.455424,0.517921,-229.157,55.8795,-0.0119238,0.0260907,0.0322502,31.4167,22.7949,53.5337
1759345577798159104,-379.533,1299.45,1084.06,0.849102,0.0081394,-0.268393,-0.454889,0.309769,-229.09,54.9934,-0.0119223,0.0260912,0.0322471,31.4167,22.7955,53.5353
1759345577808159232,-379.531,1297.16,1084.61,0.849418,0.00611215,-0.268363,-0.454349,0.0997203,-229.026,54.1082,-0.0119207,0.0260917,0.0322441,31.4167,22.7962,53.5369
1759345577818159104,-379.531,1294.87,1085.15,0.849748,0.00405239,-0.268298,-0.453792,-0.112009,-228.965,53.2238,-0.0119192,0.0260922,0.032241,31.4168,22.7968,53.5385
1759345577828158976,-379.533,1292.58,1085.67,0.850073,0.0019823,-0.268207,-0.453251,-0.324112,-228.906,52.3399,-0.0119177,0.0260927,0.032238,31.4168,22.7975,53.5402
1759345577838159104,-379.537,1290.29,1086.19,0.850392,-7.53552e-05,-0.268105,-0.452719,-0.535758,-228.849,51.4564,-0.0119161,0.0260932,0.0322349,31.4168,22.7981,53.5418
1759345577848158976,-379.543,1288,1086.7,0.850676,-0.00209559,-0.268055,-0.452209,-0.747381,-228.794,50.5734,-0.0119146,0.0260937,0.0322319,31.4169,22.7987,53.5434
1759345577858159104,-379.552,1285.71,1087.21,0.851048,-0.00409818,-0.267794,-0.45165,-0.961024,-228.742,49.6899,-0.0119131,0.0260942,0.0322289,31.4169,22.7994,53.545
1759345577868158976,-379.562,1283.42,1087.7,0.851386,-0.00603556,-0.267555,-0.451132,-1.17771,-228.695,48.8069,-0.0119116,0.0260947,0.0322258,31.4169,22.8,53.5467
1759345577878159104,-379.575,1281.14,1088.18,0.851725,-0.00799244,-0.267308,-0.450608,-1.39701,-228.652,47.9245,-0.0119101,0.0260952,0.0322228,31.4169,22.8006,53.5483
1759345577888158976,-379.59,1278.85,1088.66,0.852066,-0.00998192,-0.267048,-0.450078,-1.61705,-228.612,47.0447,-0.0119086,0.0260956,0.0322198,31.4169,22.8013,53.5499
1759345577898159104,-379.607,1276.57,1089.12,0.852367,-0.0119869,-0.266872,-0.449562,-1.83832,-228.575,46.1659,-0.0119071,0.0260961,0.0322168,31.417,22.8019,53.5515
1759345577908158976,-379.626,1274.28,1089.58,0.852764,-0.0140884,-0.26652,-0.448956,-2.05936,-228.541,45.2896,-0.0119056,0.0260966,0.0322137,31.417,22.8025,53.5531
1759345577918159104,-379.647,1271.99,1090.03,0.853125,-0.0162263,-0.266228,-0.448372,-2.28158,-228.51,44.4145,-0.0119041,0.026097,0.0322107,31.417,22.8032,53.5548
1759345577928158976,-379.671,1269.71,1090.47,0.853492,-0.0183936,-0.265944,-0.447756,-2.50504,-228.482,43.5406,-0.0119026,0.0260975,0.0322077,31.417,22.8038,53.5564
1759345577938159104,-379.697,1267.42,1090.9,0.85386,-0.0206078,-0.265663,-0.447126,-2.7301,-228.455,42.6682,-0.0119011,0.0260979,0.0322047,31.417,22.8044,53.558
1759345577948158976,-379.725,1265.14,1091.32,0.85423,-0.0228991,-0.265417,-0.446453,-2.95713,-228.43,41.797,-0.0118997,0.0260984,0.0322017,31.417,22.8051,53.5596
1759345577958158848,-379.756,1262.86,1091.74,0.85461,-0.0252461,-0.265175,-0.445743,-3.18598,-228.408,40.927,-0.0118982,0.0260988,0.0321988,31.417,22.8057,53.5612
1759345577968158976,-379.789,1260.57,1092.14,0.854982,-0.0276447,-0.264965,-0.445012,-3.41571,-228.389,40.0586,-0.0118967,0.0260993,0.0321958,31.4171,22.8063,53.5629
1759345577978158848,-379.824,1258.29,1092.54,0.855362,-0.0301143,-0.264782,-0.444228,-3.64678,-228.373,39.1912,-0.0118953,0.0260997,0.0321928,31.4171,22.8069,53.5645
1759345577988158976,-379.861,1256,1092.93,0.855758,-0.0326645,-0.264616,-0.443384,-3.878,-228.36,38.3256,-0.0118939,0.0261001,0.0321898,31.4171,22.8076,53.5661
1759345577998158848,-379.901,1253.72,1093.31,0.856105,-0.0353047,-0.264595,-0.442523,-4.10977,-228.352,37.4612,-0.0118924,0.0261005,0.0321869,31.4171,22.8082,53.5677
1759345578008158976,-379.943,1251.44,1093.68,0.856558,-0.038046,-0.264422,-0.441522,-4.34206,-228.348,36.598,-0.011891,0.026101,0.0321839,31.4171,22.8088,53.5693
1759345578018158848,-379.988,1249.15,1094.04,0.856988,-0.0408636,-0.264317,-0.440498,-4.57459,-228.347,35.7361,-0.0118896,0.0261014,0.032181,31.4171,22.8094,53.5709
1759345578028158976,-380.034,1246.87,1094.39,0.857468,-0.043769,-0.26411,-0.439407,-4.80844,-228.349,34.8749,-0.0118882,0.0261018,0.032178,31.4171,22.81,53.5726
1759345578038158848,-380.083,1244.59,1094.74,0.857835,-0.0466083,-0.264214,-0.438336,-5.0438,-228.354,34.0145,-0.0118868,0.0261022,0.0321751,31.4171,22.8106,53.5742
1759345578048158976,-380.135,1242.3,1095.07,0.858257,-0.0495102,-0.264168,-0.437217,-5.28,-228.362,33.1543,-0.0118854,0.0261026,0.0321721,31.4171,22.8113,53.5758
1759345578058158848,-380.189,1240.02,1095.4,0.858664,-0.0523977,-0.264171,-0.436077,-5.51756,-228.374,32.2953,-0.011884,0.026103,0.0321692,31.4171,22.8119,53.5774
1759345578068158976,-380.245,1237.73,1095.72,0.859071,-0.0552787,-0.264157,-0.434928,-5.75512,-228.388,31.4365,-0.0118826,0.0261034,0.0321663,31.4171,22.8125,53.579
1759345578078158848,-380.303,1235.45,1096.03,0.859478,-0.0581347,-0.264141,-0.43376,-5.99326,-228.406,30.5792,-0.0118812,0.0261038,0.0321634,31.4171,22.8131,53.5806
1759345578088158720,-380.364,1233.17,1096.33,0.859873,-0.0609795,-0.264122,-0.432597,-6.23204,-228.427,29.7234,-0.0118798,0.0261041,0.0321604,31.4171,22.8137,53.5823
1759345578098158848,-380.428,1230.88,1096.62,0.860265,-0.063854,-0.264125,-0.431399,-6.47114,-228.453,28.8695,-0.0118784,0.0261045,0.0321575,31.4171,22.8143,53.5839
1759345578108158720,-380.493,1228.6,1096.91,0.860651,-0.0667593,-0.264134,-0.430183,-6.71154,-228.483,28.0174,-0.0118771,0.0261049,0.0321546,31.4171,22.8149,53.5855
1759345578118158848,-380.562,1226.31,1097.19,0.861027,-0.0696927,-0.264163,-0.428946,-6.95338,-228.517,27.1669,-0.0118757,0.0261052,0.0321517,31.417,22.8155,53.5871
1759345578128158720,-380.632,1224.03,1097.45,0.861404,-0.0727047,-0.264188,-0.42767,-7.19754,-228.554,26.3179,-0.0118744,0.0261056,0.0321489,31.417,22.8161,53.5887
1759345578138158848,-380.705,1221.74,1097.71,0.861722,-0.0757497,-0.264355,-0.426397,-7.4432,-228.596,25.4702,-0.011873,0.0261059,0.032146,31.417,22.8167,53.5903
1759345578148158720,-380.781,1219.45,1097.96,0.862133,-0.0788256,-0.264331,-0.42502,-7.69111,-228.642,24.6233,-0.0118717,0.0261063,0.0321431,31.417,22.8173,53.5919
1759345578158158848,-380.859,1217.17,1098.21,0.862491,-0.081928,-0.264405,-0.42366,-7.94144,-228.692,23.7772,-0.0118704,0.0261066,0.0321402,31.417,22.8179,53.5935
1759345578168158720,-380.939,1214.88,1098.44,0.862822,-0.0850441,-0.264505,-0.422308,-8.194,-228.746,22.9321,-0.0118691,0.0261069,0.0321374,31.417,22.8185,53.5951
1759345578178158848,-381.022,1212.59,1098.66,0.863163,-0.0881793,-0.264606,-0.420901,-8.44936,-228.806,22.0884,-0.0118677,0.0261072,0.0321345,31.417,22.8192,53.5968
1759345578188158720,-381.108,1210.3,1098.88,0.86343,-0.0913512,-0.264822,-0.41954,-8.70637,-228.869,21.247,-0.0118664,0.0261075,0.0321317,31.4169,22.8198,53.5984
1759345578198158848,-381.196,1208.01,1099.09,0.863739,-0.0945986,-0.265007,-0.418063,-8.96482,-228.938,20.4078,-0.0118651,0.0261078,0.0321288,31.4169,22.8204,53.6
1759345578208158720,-381.287,1205.72,1099.29,0.864164,-0.0979652,-0.264988,-0.416419,-9.22486,-229.011,19.5714,-0.0118638,0.0261081,0.032126,31.4169,22.821,53.6016
1759345578218158848,-381.38,1203.43,1099.48,0.864421,-0.101424,-0.265297,-0.414858,-9.48631,-229.09,18.7371,-0.0118625,0.0261084,0.0321232,31.4169,22.8216,53.6032
1759345578228158720,-381.476,1201.14,1099.67,0.864623,-0.105032,-0.265711,-0.413271,-9.74839,-229.174,17.9057,-0.0118613,0.0261086,0.0321203,31.4168,22.8222,53.6048
1759345578238158592,-381.575,1198.85,1099.84,0.864987,-0.108777,-0.265902,-0.411415,-10.0106,-229.265,17.0764,-0.01186,0.0261089,0.0321175,31.4168,22.8228,53.6064
1759345578248158720,-381.676,1196.56,1100.01,0.865241,-0.112672,-0.266301,-0.409569,-10.2733,-229.361,16.249,-0.0118587,0.0261091,0.0321147,31.4168,22.8234,53.608
1759345578258158592,-381.78,1194.26,1100.17,0.865559,-0.116689,-0.266636,-0.407549,-10.5368,-229.465,15.4234,-0.0118575,0.0261093,0.0321119,31.4168,22.824,53.6096
1759345578268158720,-381.887,1191.97,1100.32,0.865716,-0.120886,-0.267247,-0.405588,-10.801,-229.576,14.6001,-0.0118562,0.0261096,0.0321091,31.4167,22.8246,53.6112
1759345578278158592,-381.996,1189.67,1100.46,0.865978,-0.125246,-0.26775,-0.403368,-11.0656,-229.694,13.7794,-0.011855,0.0261098,0.0321064,31.4167,22.8252,53.6128
1759345578288158720,-382.108,1187.37,1100.59,0.866226,-0.129764,-0.268293,-0.401039,-11.3303,-229.818,12.9616,-0.0118537,0.02611,0.0321036,31.4167,22.8258,53.6144
1759345578298158592,-382.222,1185.07,1100.72,0.86646,-0.134412,-0.268952,-0.398554,-11.5959,-229.949,12.1466,-0.0118525,0.0261102,0.0321009,31.4166,22.8264,53.616
1759345578308158720,-382.34,1182.77,1100.84,0.866594,-0.139229,-0.269763,-0.396053,-11.8618,-230.086,11.3344,-0.0118513,0.0261103,0.0320981,31.4166,22.827,53.6175
1759345578318158592,-382.459,1180.47,1100.95,0.866809,-0.144207,-0.270422,-0.393343,-12.1281,-230.229,10.525,-0.0118501,0.0261105,0.0320954,31.4165,22.8276,53.6191
1759345578328158720,-382.582,1178.17,1101.05,0.866883,-0.149275,-0.271318,-0.390663,-12.3951,-230.378,9.71854,-0.0118489,0.0261107,0.0320927,31.4165,22.8282,53.6207
1759345578338158592,-382.707,1175.87,1101.14,0.866861,-0.15446,-0.272369,-0.387956,-12.6632,-230.534,8.91494,-0.0118477,0.0261108,0.0320899,31.4165,22.8288,53.6223
1759345578348158720,-382.835,1173.56,1101.23,0.867005,-0.159684,-0.273168,-0.384945,-12.9321,-230.697,8.11442,-0.0118465,0.0261109,0.0320872,31.4164,22.8294,53.6239
1759345578358158592,-382.966,1171.25,1101.3,0.866901,-0.165007,-0.274304,-0.382115,-13.202,-230.868,7.31723,-0.0118453,0.026111,0.0320845,31.4164,22.83,53.6255
1759345578368158464,-383.099,1168.94,1101.37,0.866929,-0.170382,-0.275218,-0.379023,-13.4729,-231.045,6.52327,-0.0118442,0.0261111,0.0320819,31.4163,22.8306,53.6271
1759345578378158592,-383.235,1166.63,1101.43,0.866777,-0.175871,-0.276397,-0.375996,-13.7443,-231.229,5.73337,-0.011843,0.0261112,0.0320792,31.4163,22.8312,53.6286
1759345578388158464,-383.374,1164.32,1101.49,0.866593,-0.181546,-0.277591,-0.372827,-14.0165,-231.422,4.94802,-0.0118419,0.0261113,0.0320765,31.4162,22.8318,53.6302
1759345578398158592,-383.515,1162,1101.53,0.866546,-0.1873,-0.278588,-0.36933,-14.2895,-231.623,4.16785,-0.0118408,0.0261114,0.0320739,31.4162,22.8324,53.6318
1759345578408158464,-383.659,1159.68,1101.57,0.866238,-0.193249,-0.279897,-0.365984,-14.5637,-231.833,3.3932,-0.0118396,0.0261114,0.0320713,31.4161,22.833,53.6333
1759345578418158592,-383.806,1157.36,1101.6,0.865914,-0.199358,-0.281216,-0.362445,-14.8395,-232.053,2.62458,-0.0118385,0.0261114,0.0320686,31.4161,22.8336,53.6349
1759345578428158464,-383.956,1155.04,1101.63,0.865555,-0.205616,-0.282574,-0.358732,-15.1158,-232.281,1.86168,-0.0118375,0.0261114,0.032066,31.416,22.8342,53.6365
1759345578438158592,-384.108,1152.72,1101.64,0.865076,-0.212079,-0.284035,-0.35495,-15.3924,-232.518,1.10471,-0.0118364,0.0261114,0.0320634,31.4159,22.8348,53.638
1759345578448158464,-384.264,1150.39,1101.65,0.8646,-0.218724,-0.285472,-0.350901,-15.669,-232.766,0.353518,-0.0118353,0.0261114,0.0320608,31.4159,22.8354,53.6396
1759345578458158592,-384.422,1148.06,1101.65,0.863986,-0.225556,-0.287023,-0.3468,-15.9459,-233.023,-0.391394,-0.0118342,0.0261114,0.0320583,31.4158,22.836,53.6412
1759345578468158464,-384.582,1145.73,1101.64,0.863287,-0.23257,-0.288638,-0.342542,-16.2229,-233.292,-1.12997,-0.0118332,0.0261113,0.0320557,31.4158,22.8366,53.6427
1759345578478158592,-384.746,1143.4,1101.63,0.86257,-0.239772,-0.290249,-0.337992,-16.5,-233.57,-1.86141,-0.0118322,0.0261112,0.0320532,31.4157,22.8372,53.6443
1759345578488158464,-384.912,1141.06,1101.6,0.861789,-0.247194,-0.291902,-0.333179,-16.7772,-233.86,-2.58527,-0.0118312,0.0261112,0.0320507,31.4156,22.8378,53.6458
1759345578498158336,-385.081,1138.72,1101.57,0.860818,-0.254847,-0.293723,-0.328288,-17.0542,-234.159,-3.30091,-0.0118301,0.026111,0.0320482,31.4156,22.8384,53.6474
1759345578508158464,-385.253,1136.38,1101.54,0.859791,-0.262688,-0.295536,-0.323131,-17.3307,-234.469,-4.00812,-0.0118292,0.0261109,0.0320457,31.4155,22.839,53.6489
1759345578518158336,-385.428,1134.03,1101.5,0.858617,-0.270775,-0.297442,-0.317783,-17.6067,-234.79,-4.70652,-0.0118282,0.0261108,0.0320432,31.4154,22.8396,53.6504
1759345578528158464,-385.605,1131.68,1101.45,0.857368,-0.279051,-0.299364,-0.31214,-17.8814,-235.12,-5.39602,-0.0118272,0.0261106,0.0320408,31.4153,22.8403,53.652
1759345578538158336,-385.785,1129.33,1101.39,0.855932,-0.287526,-0.30139,-0.306388,-18.155,-235.462,-6.07593,-0.0118263,0.0261104,0.0320383,31.4153,22.8409,53.6535
1759345578548158464,-385.968,1126.97,1101.32,0.85431,-0.296184,-0.303511,-0.300515,-18.427,-235.815,-6.74614,-0.0118253,0.0261102,0.0320359,31.4152,22.8415,53.655
1759345578558158336,-386.154,1124.61,1101.25,0.852587,-0.30501,-0.305638,-0.294363,-18.6977,-236.181,-7.40602,-0.0118244,0.02611,0.0320335,31.4151,22.8421,53.6566
1759345578568158464,-386.342,1122.25,1101.18,0.85071,-0.314021,-0.307814,-0.287983,-18.9673,-236.558,-8.05487,-0.0118235,0.0261097,0.0320312,31.415,22.8427,53.6581
1759345578578158336,-386.533,1119.88,1101.09,0.848618,-0.323284,-0.31006,-0.281421,-19.2362,-236.949,-8.6915,-0.0118226,0.0261094,0.0320288,31.415,22.8433,53.6596
1759345578588158464,-386.727,1117.51,1101,0.846382,-0.332717,-0.312344,-0.27455,-19.5035,-237.352,-9.31535,-0.0118218,0.0261091,0.0320265,31.4149,22.844,53.6611
1759345578598158336,-386.923,1115.13,1100.91,0.843958,-0.342365,-0.314657,-0.267417,-19.7689,-237.768,-9.92582,-0.0118209,0.0261088,0.0320242,31.4148,22.8446,53.6626
1759345578608158464,-387.122,1112.75,1100.81,0.841364,-0.352203,-0.316986,-0.259961,-20.0308,-238.194,-10.5226,-0.0118201,0.0261085,0.0320219,31.4147,22.8452,53.6641
1759345578618158336,-387.324,1110.37,1100.7,0.83853,-0.362233,-0.319388,-0.252282,-20.29,-238.631,-11.1047,-0.0118193,0.0261081,0.0320196,31.4146,22.8458,53.6656
1759345578628158208,-387.528,1107.98,1100.58,0.835456,-0.372468,-0.321808,-0.244378,-20.5454,-239.08,-11.6718,-0.0118185,0.0261077,0.0320174,31.4145,22.8465,53.6671
1759345578638158336,-387.734,1105.59,1100.47,0.832141,-0.382892,-0.324258,-0.236203,-20.7978,-239.54,-12.2227,-0.0118177,0.0261073,0.0320152,31.4144,22.8471,53.6686
1759345578648158208,-387.944,1103.19,1100.34,0.828546,-0.393505,-0.326753,-0.22781,-21.0468,-240.012,-12.7569,-0.0118169,0.0261068,0.032013,31.4143,22.8477,53.6701
1759345578658158336,-388.155,1100.79,1100.21,0.824702,-0.404289,-0.329252,-0.219112,-21.2914,-240.495,-13.2742,-0.0118162,0.0261064,0.0320108,31.4142,22.8484,53.6716
1759345578668158208,-388.37,1098.38,1100.08,0.82069,-0.415139,-0.331737,-0.209948,-21.5319,-240.99,-13.7738,-0.0118154,0.0261059,0.0320087,31.4141,22.849,53.6731
1759345578678158336,-388.586,1095.97,1099.94,0.816214,-0.426292,-0.334271,-0.200831,-21.7678,-241.496,-14.255,-0.0118147,0.0261054,0.0320066,31.414,22.8497,53.6746
1759345578688158208,-388.805,1093.55,1099.79,0.811506,-0.437495,-0.336805,-0.19136,-21.9993,-242.014,-14.7171,-0.011814,0.0261048,0.0320045,31.414,22.8503,53.6761
1759345578698158336,-389.026,1091.13,1099.64,0.806546,-0.448769,-0.339313,-0.181539,-22.2261,-242.542,-15.1588,-0.0118134,0.0261042,0.0320025,31.4138,22.851,53.6775
1759345578708158208,-389.249,1088.7,1099.49,0.801221,-0.460196,-0.341804,-0.171564,-22.4485,-243.08,-15.5794,-0.0118127,0.0261036,0.0320004,31.4137,22.8516,53.679
1759345578718158336,-389.475,1086.27,1099.33,0.795613,-0.471674,-0.34427,-0.161251,-22.666,-243.627,-15.978,-0.0118121,0.026103,0.0319984,31.4136,22.8523,53.6805
1759345578728158208,-389.703,1083.83,1099.17,0.789645,-0.483256,-0.346706,-0.150731,-22.8781,-244.182,-16.3538,-0.0118115,0.0261023,0.0319965,31.4135,22.8529,53.6819
1759345578738158336,-389.933,1081.38,1099,0.783315,-0.494927,-0.349106,-0.139962,-23.0843,-244.744,-16.7066,-0.0118109,0.0261016,0.0319945,31.4134,22.8536,53.6834
1759345578748158208,-390.165,1078.93,1098.84,0.776595,-0.506695,-0.351459,-0.128985,-23.2839,-245.313,-17.0356,-0.0118104,0.0261009,0.0319926,31.4133,22.8542,53.6848
1759345578758158080,-390.398,1076.48,1098.66,0.769517,-0.518498,-0.353758,-0.117725,-23.4768,-245.887,-17.3404,-0.0118098,0.0261001,0.0319907,31.4132,22.8549,53.6863
1759345578768158208,-390.634,1074.02,1098.49,0.762045,-0.530357,-0.355979,-0.106248,-23.6624,-246.466,-17.6196,-0.0118093,0.0260993,0.0319889,31.4131,22.8556,53.6877
1759345578778158080,-390.872,1071.55,1098.31,0.754212,-0.5422,-0.358136,-0.0944598,-23.8406,-247.049,-17.8729,-0.0118089,0.0260985,0.0319871,31.413,22.8562,53.6892
1759345578788158208,-391.111,1069.07,1098.13,0.745943,-0.554093,-0.360221,-0.082409,-24.0119,-247.635,-18.0987,-0.0118084,0.0260976,0.0319853,31.4129,22.8569,53.6906
1759345578798158080,-391.352,1066.6,1097.95,0.737215,-0.566034,-0.362227,-0.0700778,-24.1755,-248.222,-18.2972,-0.011808,0.0260967,0.0319835,31.4128,22.8576,53.6921
1759345578808158208,-391.595,1064.11,1097.77,0.728038,-0.577986,-0.36413,-0.0574633,-24.3312,-248.81,-18.4679,-0.0118076,0.0260958,0.0319818,31.4127,22.8583,53.6935
1759345578818158080,-391.839,1061.62,1097.58,0.718374,-0.589946,-0.365949,-0.0445445,-24.4791,-249.398,-18.6103,-0.0118072,0.0260948,0.0319801,31.4126,22.859,53.6949
1759345578828158208,-392.084,1059.12,1097.4,0.708245,-0.601828,-0.367718,-0.0312338,-24.6176,-249.983,-18.7249,-0.0118069,0.0260938,0.0319785,31.4125,22.8597,53.6963
1759345578838158080,-392.331,1056.62,1097.21,0.697533,-0.613813,-0.369276,-0.0178161,-24.746,-250.565,-18.8115,-0.0118065,0.0260928,0.0319769,31.4123,22.8604,53.6978
1759345578848158208,-392.58,1054.11,1097.02,0.686342,-0.625656,-0.370773,-0.00401823,-24.8639,-251.141,-18.8705,-0.0118062,0.0260917,0.0319753,31.4122,22.8611,53.6992
1759345578858158080,-392.829,1051.6,1096.83,0.674598,-0.637446,-0.37213,0.00998949,-24.9717,-251.712,-18.9009,-0.011806,0.0260906,0.0319738,31.4121,22.8618,53.7006
1759345578868158208,-393.079,1049.08,1096.64,0.662297,-0.649144,-0.373343,0.0242703,-25.0686,-252.276,-18.903,-0.0118058,0.0260895,0.0319723,31.412,22.8625,53.702
1759345578878158080,-393.33,1046.55,1096.45,0.649465,-0.660639,-0.374483,0.038906,-25.1549,-252.832,-18.8764,-0.0118056,0.0260883,0.0319708,31.4119,22.8632,53.7034
1759345578888158208,-393.582,1044.02,1096.26,0.636052,-0.672021,-0.375422,0.0537073,-25.2302,-253.378,-18.821,-0.0118054,0.0260871,0.0319694,31.4118,22.8639,53.7048
1759345578898158080,-393.835,1041.48,1096.08,0.62209,-0.683167,-0.376241,0.0687724,-25.2945,-253.913,-18.7375,-0.0118052,0.0260858,0.031968,31.4117,22.8646,53.7062
1759345578908157952,-394.089,1038.94,1095.89,0.607541,-0.694113,-0.376885,0.0840178,-25.3477,-254.436,-18.6257,-0.0118051,0.0260845,0.0319667,31.4116,22.8653,53.7076
1759345578918158080,-394.342,1036.4,1095.71,0.592426,-0.704834,-0.377304,0.0994067,-25.3895,-254.945,-18.4859,-0.0118051,0.0260831,0.0319653,31.4115,22.8661,53.709
1759345578928157952,-394.597,1033.84,1095.52,0.576763,-0.715213,-0.377609,0.115003,-25.4205,-255.438,-18.3189,-0.011805,0.0260817,0.0319641,31.4114,22.8668,53.7104
1759345578938158080,-394.851,1031.29,1095.34,0.560556,-0.725315,-0.377654,0.13066,-25.4398,-255.915,-18.1248,-0.011805,0.0260803,0.0319629,31.4113,22.8675,53.7118
1759345578948157952,-395.106,1028.72,1095.16,0.543813,-0.735052,-0.37752,0.146438,-25.4478,-256.373,-17.9052,-0.011805,0.0260788,0.0319617,31.4112,22.8683,53.7132
1759345578958158080,-395.36,1026.16,1094.98,0.526526,-0.744419,-0.377179,0.16232,-25.4443,-256.812,-17.6602,-0.0118051,0.0260773,0.0319605,31.4111,22.869,53.7146
1759345578968157952,-395.615,1023.59,1094.81,0.5087,-0.753361,-0.376672,0.178294,-25.4292,-257.229,-17.3906,-0.0118051,0.0260757,0.0319594,31.411,22.8698,53.716
1759345578978158080,-395.869,1021.01,1094.63,0.490348,-0.761919,-0.375885,0.194289,-25.402,-257.624,-17.0977,-0.0118053,0.026074,0.0319584,31.4109,22.8706,53.7174
1759345578988157952,-396.123,1018.44,1094.46,0.471478,-0.770042,-0.374857,0.2103,-25.3634,-257.993,-16.7822,-0.0118054,0.0260724,0.0319573,31.4108,22.8713,53.7188
1759345578998158080,-396.377,1015.85,1094.3,0.452125,-0.777698,-0.373565,0.226314,-25.3135,-258.336,-16.4451,-0.0118056,0.0260706,0.0319564,31.4107,22.8721,53.7202
1759345579008157952,-396.63,1013.27,1094.14,0.432269,-0.784851,-0.372059,0.242332,-25.2528,-258.65,-16.0863,-0.0118058,0.0260689,0.0319554,31.4107,22.8729,53.7216
1759345579018158080,-396.882,1010.68,1093.98,0.411907,-0.791518,-0.370253,0.25835,-25.1812,-258.935,-15.7085,-0.0118061,0.026067,0.0319545,31.4106,22.8737,53.723
1759345579028157952,-397.133,1008.09,1093.82,0.391082,-0.797644,-0.368196,0.274319,-25.0991,-259.187,-15.313,-0.0118063,0.0260651,0.0319537,31.4105,22.8745,53.7244
1759345579038157824,-397.384,1005.5,1093.67,0.36982,-0.803221,-0.365859,0.2902,-25.0065,-259.408,-14.9015,-0.0118067,0.0260632,0.0319529,31.4104,22.8752,53.7258
1759345579048157952,-397.634,1002.9,1093.53,0.348126,-0.808234,-0.363244,0.305973,-24.9038,-259.594,-14.4758,-0.011807,0.0260612,0.0319521,31.4104,22.876,53.7272
1759345579058157824,-397.882,1000.31,1093.38,0.32607,-0.812685,-0.360279,0.321589,-24.7918,-259.747,-14.0376,-0.0118074,0.0260592,0.0319514,31.4103,22.8769,53.7286
1759345579068157952,-398.13,997.708,1093.24,0.30368,-0.816463,-0.357168,0.337043,-24.6707,-259.865,-13.5882,-0.0118078,0.0260571,0.0319508,31.4103,22.8777,53.73
1759345579078157824,-398.376,995.108,1093.11,0.281031,-0.819624,-0.353777,0.352248,-24.541,-259.947,-13.1292,-0.0118083,0.026055,0.0319501,31.4102,22.8785,53.7314
1759345579088157952,-398.621,992.509,1092.98,0.258173,-0.822161,-0.35013,0.36716,-24.4029,-259.993,-12.6621,-0.0118088,0.0260528,0.0319496,31.4102,22.8793,53.7328
1759345579098157824,-398.864,989.908,1092.86,0.235198,-0.824079,-0.34619,0.381744,-24.2573,-260.002,-12.1898,-0.0118093,0.0260506,0.031949,31.4101,22.8801,53.7342
1759345579108157952,-399.106,987.308,1092.74,0.212137,-0.82531,-0.342149,0.395974,-24.1041,-259.975,-11.714,-0.0118099,0.0260483,0.0319486,31.4101,22.881,53.7356
1759345579118157824,-399.347,984.709,1092.63,0.189074,-0.825912,-0.337915,0.409799,-23.9445,-259.911,-11.2369,-0.0118105,0.0260459,0.0319481,31.4101,22.8818,53.737
1759345579128157952,-399.585,982.11,1092.52,0.166086,-0.825919,-0.333446,0.423187,-23.779,-259.81,-10.7606,-0.0118111,0.0260436,0.0319477,31.4101,22.8826,53.7384
1759345579138157824,-399.822,979.513,1092.41,0.143187,-0.825328,-0.328797,0.436147,-23.6087,-259.671,-10.2872,-0.0118118,0.0260411,0.0319474,31.4101,22.8835,53.7399
1759345579148157952,-400.058,976.917,1092.31,0.120472,-0.824167,-0.32398,0.448634,-23.4342,-259.497,-9.81859,-0.0118125,0.0260386,0.0319471,31.4101,22.8843,53.7413
1759345579158157824,-400.291,974.323,1092.21,0.0979542,-0.822455,-0.319017,0.460653,-23.2564,-259.287,-9.35633,-0.0118132,0.0260361,0.0319468,31.4101,22.8852,53.7427
1759345579168157696,-400.523,971.731,1092.12,0.0756927,-0.820216,-0.313935,0.472187,-23.076,-259.043,-8.90187,-0.011814,0.0260335,0.0319466,31.4101,22.8861,53.7441
1759345579178157824,-400.753,969.142,1092.04,0.0537636,-0.817508,-0.308681,0.483225,-22.8937,-258.765,-8.45629,-0.0118148,0.0260309,0.0319464,31.4101,22.8869,53.7455
1759345579188157696,-400.981,966.556,1091.96,0.0321184,-0.814293,-0.303464,0.493766,-22.7103,-258.454,-8.02065,-0.0118157,0.0260282,0.0319462,31.4101,22.8878,53.7469
1759345579198157824,-401.207,963.973,1091.88,0.010859,-0.810665,-0.298143,0.5038,-22.527,-258.111,-7.59594,-0.0118165,0.0260255,0.0319461,31.4101,22.8887,53.7484
1759345579208157696,-401.432,961.394,1091.8,0.00998582,0.806644,0.292765,-0.513337,-22.3445,-257.736,-7.1833,-0.0118174,0.0260227,0.0319461,31.4102,22.8896,53.7498
1759345579218157824,-401.654,958.818,1091.73,0.0303903,0.802271,0.287358,-0.522363,-22.163,-257.331,-6.78382,-0.0118184,0.0260199,0.031946,31.4102,22.8904,53.7512
1759345579228157696,-401.875,956.247,1091.67,0.0503015,0.797579,0.281938,-0.530893,-21.9827,-256.898,-6.39872,-0.0118193,0.0260171,0.031946,31.4103,22.8913,53.7526
1759345579238157824,-402.094,953.68,1091.61,0.0697443,0.792596,0.276525,-0.538944,-21.804,-256.438,-6.02871,-0.0118203,0.0260142,0.0319461,31.4103,22.8922,53.7541
1759345579248157696,-402.311,951.118,1091.55,0.0887125,0.787348,0.271228,-0.546487,-21.6268,-255.953,-5.67424,-0.0118214,0.0260113,0.0319462,31.4104,22.8931,53.7555
1759345579258157824,-402.527,948.561,1091.49,0.107081,0.78191,0.265893,-0.553581,-21.4521,-255.444,-5.33571,-0.0118224,0.0260083,0.0319463,31.4105,22.894,53.7569
1759345579268157696,-402.741,946.009,1091.44,0.124856,0.776317,0.260523,-0.560242,-21.2797,-254.913,-5.01301,-0.0118235,0.0260053,0.0319464,31.4106,22.8949,53.7584
1759345579278157824,-402.953,943.463,1091.39,0.142106,0.770556,0.255295,-0.566457,-21.111,-254.359,-4.70639,-0.0118246,0.0260022,0.0319466,31.4106,22.8958,53.7598
1759345579288157696,-403.163,940.922,1091.35,0.15878,0.764716,0.250129,-0.572218,-20.9466,-253.784,-4.41598,-0.0118258,0.0259991,0.0319468,31.4107,22.8967,53.7612
1759345579298157568,-403.372,938.387,1091.31,0.174872,0.75878,0.245085,-0.577586,-20.7866,-253.188,-4.14186,-0.0118269,0.025996,0.0319471,31.4109,22.8976,53.7627
1759345579308157696,-403.579,935.859,1091.27,0.190358,0.752782,0.240177,-0.582578,-20.631,-252.573,-3.88409,-0.0118281,0.0259928,0.0319473,31.411,22.8985,53.7641
1759345579318157568,-403.784,933.336,1091.23,0.205267,0.74677,0.235382,-0.587193,-20.4799,-251.941,-3.64254,-0.0118294,0.0259897,0.0319476,31.4111,22.8994,53.7655
1759345579328157696,-403.988,930.82,1091.19,0.219574,0.740755,0.230845,-0.591422,-20.3335,-251.291,-3.41681,-0.0118306,0.0259864,0.0319479,31.4112,22.9003,53.767
1759345579338157568,-404.191,928.31,1091.16,0.233174,0.73485,0.226237,-0.595351,-20.1922,-250.626,-3.20652,-0.0118319,0.0259832,0.0319483,31.4113,22.9012,53.7684
1759345579348157696,-404.392,925.807,1091.13,0.24615,0.729007,0.221891,-0.598934,-20.0559,-249.947,-3.0114,-0.0118332,0.0259799,0.0319487,31.4115,22.9021,53.7699
1759345579358157568,-404.592,923.311,1091.1,0.258478,0.723283,0.217749,-0.602192,-19.9246,-249.255,-2.83108,-0.0118345,0.0259766,0.0319491,31.4116,22.903,53.7713
1759345579368157696,-404.791,920.822,1091.07,0.270206,0.717672,0.213911,-0.605126,-19.7983,-248.551,-2.66499,-0.0118358,0.0259732,0.0319495,31.4118,22.9039,53.7727
1759345579378157568,-404.988,918.34,1091.05,0.281289,0.71224,0.210134,-0.607811,-19.6765,-247.836,-2.51302,-0.0118372,0.0259699,0.0319499,31.4119,22.9048,53.7742
1759345579388157696,-405.184,915.865,1091.02,0.291777,0.706949,0.206523,-0.610277,-19.5594,-247.111,-2.3748,-0.0118385,0.0259665,0.0319504,31.4121,22.9058,53.7756
1759345579398157568,-405.379,913.398,1091,0.30168,0.701837,0.203104,-0.612506,-19.447,-246.376,-2.24981,-0.0118399,0.0259631,0.0319509,31.4122,22.9067,53.7771
1759345579408157696,-405.573,910.938,1090.98,0.311041,0.696898,0.199856,-0.614528,-19.3396,-245.633,-2.13769,-0.0118413,0.0259597,0.0319514,31.4124,22.9076,53.7785
1759345579418157568,-405.766,908.485,1090.96,0.319882,0.692122,0.196739,-0.61639,-19.2369,-244.882,-2.03778,-0.0118428,0.0259562,0.0319519,31.4126,22.9085,53.7799
1759345579428157440,-405.958,906.04,1090.94,0.328299,0.687488,0.193873,-0.618056,-19.1389,-244.123,-1.94951,-0.0118442,0.0259527,0.0319525,31.4128,22.9094,53.7814
1759345579438157568,-406.149,903.602,1090.92,0.336271,0.683016,0.191113,-0.619586,-19.0455,-243.357,-1.87245,-0.0118457,0.0259492,0.031953,31.4129,22.9103,53.7828
1759345579448157440,-406.339,901.173,1090.9,0.343808,0.678711,0.188379,-0.621016,-18.9567,-242.584,-1.80625,-0.0118471,0.0259457,0.0319536,31.4131,22.9112,53.7842
1759345579458157568,-406.528,898.75,1090.88,0.351012,0.674534,0.185865,-0.622293,-18.8722,-241.805,-1.75107,-0.0118486,0.0259422,0.0319542,31.4133,22.9121,53.7857
1759345579468157440,-406.717,896.336,1090.87,0.357919,0.670465,0.183486,-0.623461,-18.7921,-241.02,-1.7056,-0.0118501,0.0259386,0.0319548,31.4135,22.913,53.7871
1759345579478157568,-406.904,893.93,1090.85,0.364505,0.666536,0.18111,-0.624552,-18.7163,-240.229,-1.66944,-0.0118516,0.0259351,0.0319554,31.4137,22.9139,53.7885
1759345579488157440,-407.091,891.531,1090.83,0.370824,0.662729,0.178932,-0.62551,-18.6443,-239.433,-1.64218,-0.0118532,0.0259315,0.031956,31.4139,22.9148,53.79
1759345579498157568,-407.277,889.141,1090.82,0.37694,0.659005,0.176991,-0.626341,-18.5759,-238.633,-1.62332,-0.0118547,0.0259279,0.0319567,31.4141,22.9157,53.7914
1759345579508157440,-407.462,886.758,1090.8,0.382771,0.655422,0.175047,-0.62711,-18.5113,-237.828,-1.61246,-0.0118563,0.0259242,0.0319573,31.4143,22.9166,53.7928
1759345579518157568,-407.647,884.384,1090.79,0.388344,0.651971,0.173183,-0.627798,-18.4498,-237.018,-1.60969,-0.0118578,0.0259206,0.031958,31.4145,22.9175,53.7943
1759345579528157440,-407.831,882.018,1090.77,0.393675,0.648645,0.171422,-0.628406,-18.3912,-236.205,-1.61477,-0.0118594,0.025917,0.0319586,31.4148,22.9184,53.7957
1759345579538157568,-408.015,879.66,1090.75,0.398772,0.645432,0.169626,-0.628988,-18.335,-235.387,-1.62795,-0.011861,0.0259133,0.0319593,31.415,22.9193,53.7971
1759345579548157440,-408.198,877.31,1090.74,0.403814,0.642319,0.168359,-0.629298,-18.2815,-234.566,-1.64831,-0.0118626,0.0259096,0.03196,31.4152,22.9202,53.7985
1759345579558157568,-408.38,874.968,1090.72,0.408458,0.639358,0.166772,-0.629738,-18.2315,-233.741,-1.67526,-0.0118642,0.025906,0.0319607,31.4154,22.9211,53.7999
1759345579568157440,-408.562,872.634,1090.7,0.412937,0.636513,0.165332,-0.630078,-18.1838,-232.913,-1.70863,-0.0118658,0.0259023,0.0319614,31.4156,22.922,53.8014
1759345579578157312,-408.744,870.309,1090.69,0.417183,0.633779,0.163859,-0.630423,-18.139,-232.082,-1.7479,-0.0118674,0.0258986,0.0319622,31.4159,22.9229,53.8028
1759345579588157440,-408.925,867.992,1090.67,0.421235,0.631174,0.162464,-0.630702,-18.0968,-231.248,-1.7929,-0.011869,0.0258948,0.0319629,31.4161,22.9238,53.8042
1759345579598157312,-409.106,865.684,1090.65,0.425189,0.628666,0.161347,-0.630842,-18.0572,-230.411,-1.84369,-0.0118707,0.0258911,0.0319636,31.4163,22.9247,53.8056
1759345579608157440,-409.286,863.384,1090.63,0.428941,0.626281,0.160189,-0.630969,-18.0202,-229.572,-1.89992,-0.0118723,0.0258874,0.0319644,31.4165,22.9256,53.807
1759345579618157312,-409.466,861.092,1090.61,0.432514,0.623993,0.159084,-0.631076,-17.9857,-228.731,-1.96143,-0.0118739,0.0258836,0.0319652,31.4168,22.9264,53.8084
1759345579628157440,-409.646,858.809,1090.59,0.435943,0.62181,0.158029,-0.631136,-17.9546,-227.888,-2.02838,-0.0118756,0.0258799,0.0319659,31.417,22.9273,53.8098
1759345579638157312,-409.825,856.534,1090.57,0.43923,0.619713,0.157012,-0.631173,-17.9271,-227.043,-2.10061,-0.0118773,0.0258761,0.0319667,31.4172,22.9282,53.8112
1759345579648157440,-410.004,854.267,1090.55,0.442459,0.617689,0.156125,-0.631123,-17.9031,-226.197,-2.17734,-0.0118789,0.0258724,0.0319675,31.4175,22.929,53.8126
1759345579658157312,-410.183,852.009,1090.53,0.445408,0.615748,0.154986,-0.631226,-17.8828,-225.349,-2.2586,-0.0118806,0.0258686,0.0319683,31.4177,22.9299,53.814
1759345579668157440,-410.362,849.76,1090.51,0.448319,0.613873,0.154002,-0.631231,-17.8655,-224.5,-2.34443,-0.0118823,0.0258648,0.0319691,31.4179,22.9308,53.8154
1759345579678157312,-410.54,847.519,1090.48,0.451192,0.612065,0.153183,-0.631139,-17.8514,-223.649,-2.43459,-0.011884,0.025861,0.0319698,31.4182,22.9316,53.8168
1759345579688157440,-410.718,845.286,1090.46,0.453874,0.610354,0.152366,-0.631071,-17.8407,-222.797,-2.52882,-0.0118857,0.0258572,0.0319707,31.4184,22.9325,53.8181
1759345579698157312,-410.897,843.062,1090.43,0.456339,0.608766,0.151478,-0.631042,-17.8337,-221.942,-2.62655,-0.0118874,0.0258534,0.0319715,31.4186,22.9333,53.8195
1759345579708157184,-411.075,840.847,1090.4,0.458671,0.607293,0.150698,-0.630956,-17.8303,-221.085,-2.72848,-0.0118891,0.0258496,0.0319723,31.4189,22.9342,53.8209
1759345579718157312,-411.253,838.64,1090.38,0.460878,0.605964,0.150069,-0.630776,-17.8307,-220.227,-2.83445,-0.0118908,0.0258457,0.0319731,31.4191,22.935,53.8223
1759345579728157184,-411.431,836.442,1090.35,0.462886,0.604756,0.149456,-0.63061,-17.8356,-219.366,-2.9444,-0.0118925,0.0258419,0.0319739,31.4193,22.9359,53.8236
1759345579738157312,-411.61,834.252,1090.32,0.46474,0.603678,0.148996,-0.630389,-17.8436,-218.505,-3.05758,-0.0118942,0.0258381,0.0319747,31.4196,22.9367,53.825
1759345579748157184,-411.788,832.071,1090.29,0.466259,0.602764,0.148459,-0.630269,-17.8546,-217.643,-3.17362,-0.0118959,0.0258342,0.0319756,31.4198,22.9375,53.8264
1759345579758157312,-411.966,829.899,1090.25,0.4676,0.602009,0.148081,-0.630086,-17.868,-216.78,-3.29232,-0.0118976,0.0258304,0.0319764,31.42,22.9383,53.8277
1759345579768157184,-412.145,827.735,1090.22,0.468724,0.601412,0.147817,-0.629882,-17.8836,-215.915,-3.41326,-0.0118994,0.0258265,0.0319772,31.4203,22.9392,53.8291
1759345579778157312,-412.324,825.58,1090.19,0.469582,0.601015,0.147673,-0.629656,-17.9009,-215.048,-3.53537,-0.0119011,0.0258226,0.0319781,31.4205,22.94,53.8305
1759345579788157184,-412.503,823.433,1090.15,0.470167,0.600803,0.147653,-0.629426,-17.9196,-214.181,-3.65925,-0.0119028,0.0258188,0.0319789,31.4207,22.9408,53.8318
1759345579798157312,-412.682,821.296,1090.11,0.470512,0.600772,0.147727,-0.62918,-17.9394,-213.312,-3.78463,-0.0119045,0.0258149,0.0319797,31.421,22.9416,53.8332
1759345579808157184,-412.861,819.167,1090.08,0.470603,0.600935,0.147929,-0.628909,-17.96,-212.441,-3.91148,-0.0119062,0.025811,0.0319806,31.4212,22.9424,53.8345
1759345579818157312,-413.041,817.046,1090.04,0.470451,0.601301,0.148219,-0.628605,-17.9813,-211.57,-4.03895,-0.011908,0.0258071,0.0319814,31.4215,22.9432,53.8359
1759345579828157184,-413.221,814.935,1089.99,0.470071,0.601846,0.148715,-0.62825,-18.0034,-210.698,-4.16651,-0.0119097,0.0258032,0.0319822,31.4217,22.944,53.8372
1759345579838157056,-413.4,812.832,1089.95,0.469307,0.602582,0.149211,-0.627998,-18.0263,-209.824,-4.29323,-0.0119114,0.0257993,0.0319831,31.4219,22.9448,53.8385
1759345579848157184,-413.581,810.737,1089.91,0.468294,0.603517,0.149878,-0.627697,-18.0493,-208.95,-4.41857,-0.0119131,0.0257954,0.0319839,31.4222,22.9455,53.8399
1759345579858157056,-413.761,808.652,1089.86,0.466997,0.604657,0.15069,-0.627373,-18.0719,-208.074,-4.54135,-0.0119148,0.0257915,0.0319847,31.4224,22.9463,53.8412
1759345579868157184,-413.942,806.575,1089.82,0.46537,0.606022,0.151631,-0.627037,-18.0942,-207.198,-4.66122,-0.0119165,0.0257876,0.0319856,31.4226,22.9471,53.8425
1759345579878157056,-414.123,804.507,1089.77,0.463423,0.607611,0.152713,-0.62668,-18.116,-206.32,-4.7775,-0.0119183,0.0257837,0.0319864,31.4229,22.9479,53.8439
1759345579888157184,-414.304,802.448,1089.72,0.461132,0.609423,0.153933,-0.626311,-18.1372,-205.442,-4.8891,-0.01192,0.0257798,0.0319872,31.4231,22.9486,53.8452
1759345579898157056,-414.485,800.398,1089.67,0.458499,0.611456,0.155285,-0.625929,-18.1574,-204.562,-4.99603,-0.0119217,0.0257759,0.031988,31.4234,22.9494,53.8465
1759345579908157184,-414.666,798.356,1089.62,0.455541,0.613694,0.156776,-0.625526,-18.1764,-203.682,-5.09764,-0.0119234,0.025772,0.0319888,31.4236,22.9501,53.8478
1759345579918157056,-414.848,796.324,1089.57,0.452262,0.616132,0.158404,-0.625099,-18.1938,-202.8,-5.19338,-0.0119251,0.0257681,0.0319896,31.4238,22.9508,53.8491
1759345579928157184,-415.03,794.3,1089.52,0.448642,0.618767,0.160158,-0.624658,-18.2094,-201.917,-5.28248,-0.0119268,0.0257642,0.0319904,31.4241,22.9516,53.8504
1759345579938157056,-415.212,792.284,1089.47,0.444716,0.621578,0.162034,-0.62419,-18.223,-201.033,-5.36395,-0.0119284,0.0257603,0.0319912,31.4243,22.9523,53.8517
1759345579948157184,-415.394,790.278,1089.41,0.440477,0.624559,0.164031,-0.623699,-18.2345,-200.148,-5.43707,-0.0119301,0.0257565,0.031992,31.4246,22.953,53.853
1759345579958157056,-415.576,788.281,1089.36,0.435922,0.627716,0.166171,-0.623163,-18.2434,-199.262,-5.501,-0.0119318,0.0257526,0.0319927,31.4248,22.9537,53.8543
1759345579968156928,-415.759,786.292,1089.3,0.431084,0.631002,0.168505,-0.622582,-18.2498,-198.373,-5.55491,-0.0119334,0.0257487,0.0319935,31.425,22.9544,53.8556
1759345579978157056,-415.941,784.312,1089.25,0.425937,0.634475,0.17087,-0.621951,-18.2531,-197.483,-5.5979,-0.0119351,0.0257449,0.0319942,31.4253,22.9551,53.8569
1759345579988156928,-416.123,782.341,1089.19,0.420552,0.638035,0.173324,-0.621294,-18.2529,-196.592,-5.62923,-0.0119368,0.0257411,0.031995,31.4255,22.9558,53.8582
1759345579998157056,-416.306,780.379,1089.13,0.414894,0.6417,0.175808,-0.620625,-18.2491,-195.698,-5.64852,-0.0119384,0.0257372,0.0319957,31.4258,22.9565,53.8594
1759345580008156928,-416.488,778.426,1089.08,0.409046,0.645442,0.178414,-0.619883,-18.2413,-194.803,-5.6551,-0.01194,0.0257334,0.0319964,31.426,22.9572,53.8607
1759345580018157056,-416.67,776.482,1089.02,0.403057,0.64922,0.181079,-0.619087,-18.2298,-193.907,-5.64843,-0.0119416,0.0257296,0.0319971,31.4262,22.9578,53.862
1759345580028156928,-416.852,774.547,1088.96,0.396946,0.653023,0.183855,-0.618217,-18.2139,-193.008,-5.62778,-0.0119432,0.0257258,0.0319978,31.4265,22.9585,53.8632
1759345580038157056,-417.034,772.621,1088.91,0.39073,0.656808,0.186525,-0.617367,-18.1934,-192.108,-5.59259,-0.0119448,0.025722,0.0319985,31.4267,22.9591,53.8645
1759345580048156928,-417.216,770.704,1088.85,0.384486,0.660556,0.189237,-0.616463,-18.1688,-191.206,-5.54252,-0.0119464,0.0257183,0.0319991,31.4269,22.9598,53.8657
1759345580058157056,-417.397,768.796,1088.8,0.378214,0.664262,0.191898,-0.615536,-18.1397,-190.302,-5.47695,-0.011948,0.0257145,0.0319998,31.4271,22.9604,53.8669
1759345580068156928,-417.578,766.896,1088.74,0.371977,0.667894,0.194574,-0.614566,-18.1059,-189.396,-5.39562,-0.0119496,0.0257108,0.0320004,31.4274,22.961,53.8681
1759345580078157056,-417.759,765.006,1088.69,0.365848,0.671418,0.197278,-0.613542,-18.0679,-188.488,-5.29874,-0.0119511,0.025707,0.0320011,31.4276,22.9617,53.8693
1759345580088156928,-417.94,763.125,1088.64,0.359818,0.674808,0.199738,-0.612593,-18.0257,-187.578,-5.1864,-0.0119527,0.0257033,0.0320017,31.4278,22.9623,53.8705
1759345580098157056,-418.12,761.253,1088.59,0.354011,0.678001,0.202247,-0.611627,-17.9795,-186.666,-5.05925,-0.0119542,0.0256996,0.0320023,31.428,22.9629,53.8717
1759345580108156928,-418.299,759.39,1088.54,0.348472,0.681063,0.204637,-0.61061,-17.9291,-185.751,-4.91674,-0.0119558,0.0256959,0.0320029,31.4282,22.9635,53.8729
1759345580118156800,-418.478,757.537,1088.49,0.343212,0.683914,0.206862,-0.609652,-17.8749,-184.834,-4.75931,-0.0119573,0.0256922,0.0320035,31.4284,22.964,53.8741
1759345580128156928,-418.656,755.692,1088.44,0.338297,0.686526,0.208996,-0.608734,-17.8171,-183.915,-4.58736,-0.0119588,0.0256885,0.0320041,31.4285,22.9646,53.8752
1759345580138156800,-418.834,753.857,1088.39,0.333721,0.688936,0.210851,-0.607897,-17.7559,-182.994,-4.4021,-0.0119603,0.0256848,0.0320046,31.4287,22.9652,53.8764
1759345580148156928,-419.011,752.03,1088.35,0.329541,0.691105,0.212598,-0.607106,-17.6914,-182.071,-4.20468,-0.0119618,0.0256811,0.0320052,31.4289,22.9657,53.8775
1759345580158156800,-419.188,750.213,1088.31,0.325792,0.693036,0.214178,-0.606374,-17.6241,-181.147,-3.99696,-0.0119633,0.0256775,0.0320058,31.429,22.9663,53.8786
1759345580168156928,-419.364,748.406,1088.27,0.322509,0.694698,0.215568,-0.605733,-17.5542,-180.221,-3.7804,-0.0119648,0.0256738,0.0320063,31.4292,22.9668,53.8797
1759345580178156800,-419.539,746.607,1088.23,0.319712,0.696097,0.216768,-0.605182,-17.4815,-179.294,-3.55712,-0.0119662,0.0256701,0.0320069,31.4293,22.9673,53.8808
1759345580188156928,-419.713,744.818,1088.2,0.317387,0.697237,0.217777,-0.60473,-17.4068,-178.367,-3.3284,-0.0119677,0.0256665,0.0320074,31.4295,22.9678,53.8818
1759345580198156800,-419.887,743.038,1088.17,0.31556,0.698105,0.218583,-0.604394,-17.3303,-177.439,-3.09587,-0.0119692,0.0256628,0.032008,31.4296,22.9683,53.8829
1759345580208156928,-420.06,741.267,1088.14,0.314264,0.698688,0.219268,-0.604148,-17.2525,-176.513,-2.86121,-0.0119706,0.0256592,0.0320085,31.4297,22.9688,53.8839
1759345580218156800,-420.232,739.506,1088.11,0.31344,0.699035,0.219614,-0.604049,-17.1742,-175.587,-2.62565,-0.0119721,0.0256555,0.032009,31.4298,22.9693,53.885
1759345580228156928,-420.403,737.754,1088.08,0.313059,0.699145,0.219816,-0.604045,-17.0956,-174.663,-2.39076,-0.0119736,0.0256518,0.0320096,31.4299,22.9698,53.886
1759345580238156800,-420.574,736.011,1088.06,0.313168,0.698999,0.219971,-0.604102,-17.0171,-173.74,-2.15796,-0.011975,0.0256482,0.0320101,31.43,22.9702,53.887
1759345580248156672,-420.744,734.277,1088.04,0.313652,0.698661,0.219841,-0.604289,-16.9389,-172.82,-1.92853,-0.0119765,0.0256445,0.0320107,31.4301,22.9706,53.888
1759345580258156800,-420.913,732.552,1088.02,0.314518,0.698147,0.219573,-0.60453,-16.8605,-171.902,-1.70385,-0.0119779,0.0256408,0.0320112,31.4302,22.9711,53.8889
1759345580268156672,-421.081,730.837,1088,0.315663,0.697465,0.219154,-0.604872,-16.7826,-170.987,-1.48494,-0.0119794,0.0256371,0.0320118,31.4302,22.9715,53.8899
1759345580278156800,-421.248,729.131,1087.99,0.317074,0.696643,0.218656,-0.605263,-16.7052,-170.073,-1.27266,-0.0119809,0.0256334,0.0320123,31.4303,22.9719,53.8908
1759345580288156672,-421.415,727.434,1087.98,0.318716,0.695689,0.218142,-0.605683,-16.6284,-169.162,-1.06752,-0.0119823,0.0256297,0.0320129,31.4304,22.9723,53.8918
1759345580298156800,-421.581,725.746,1087.97,0.320495,0.694677,0.217414,-0.606166,-16.5526,-168.253,-0.869757,-0.0119838,0.025626,0.0320135,31.4304,22.9727,53.8927
1759345580308156672,-421.746,724.067,1087.96,0.322422,0.693566,0.216757,-0.606652,-16.4775,-167.346,-0.679698,-0.0119852,0.0256223,0.032014,31.4305,22.9731,53.8936
1759345580318156800,-421.91,722.397,1087.95,0.324427,0.692467,0.215963,-0.607122,-16.4042,-166.441,-0.497428,-0.0119867,0.0256186,0.0320146,31.4305,22.9734,53.8945
1759345580328156672,-422.074,720.737,1087.95,0.326405,0.691286,0.215152,-0.607694,-16.3325,-165.538,-0.322955,-0.0119882,0.0256149,0.0320152,31.4306,22.9738,53.8954
1759345580338156800,-422.237,719.085,1087.95,0.328395,0.69013,0.214293,-0.60824,-16.2636,-164.638,-0.155517,-0.0119897,0.0256112,0.0320158,31.4306,22.9741,53.8962
1759345580348156672,-422.399,717.442,1087.95,0.330324,0.688987,0.213546,-0.608754,-16.1966,-163.739,0.00545929,-0.0119912,0.0256075,0.0320164,31.4306,22.9745,53.8971
1759345580358156800,-422.561,715.809,1087.95,0.33214,0.687914,0.21272,-0.609268,-16.1315,-162.843,0.160513,-0.0119926,0.0256038,0.0320169,31.4307,22.9748,53.8979
1759345580368156672,-422.722,714.184,1087.95,0.333855,0.686908,0.212061,-0.609696,-16.0681,-161.949,0.310405,-0.0119941,0.0256,0.0320175,31.4307,22.9751,53.8988
1759345580378156544,-422.882,712.568,1087.95,0.335374,0.685952,0.211379,-0.610175,-16.0063,-161.057,0.455097,-0.0119956,0.0255963,0.0320181,31.4307,22.9754,53.8996
1759345580388156672,-423.041,710.961,1087.96,0.336705,0.685103,0.210736,-0.610617,-15.9456,-160.165,0.595066,-0.0119971,0.0255925,0.0320188,31.4307,22.9757,53.9004
1759345580398156544,-423.201,709.363,1087.96,0.337861,0.68436,0.210171,-0.611007,-15.8862,-159.275,0.73041,-0.0119986,0.0255888,0.0320194,31.4307,22.976,53.9012
1759345580408156672,-423.359,707.774,1087.97,0.338792,0.683726,0.209689,-0.611366,-15.8278,-158.386,0.861719,-0.0120001,0.025585,0.03202,31.4308,22.9763,53.902
1759345580418156544,-423.517,706.194,1087.98,0.339497,0.683193,0.209329,-0.611695,-15.7703,-157.497,0.989671,-0.0120016,0.0255813,0.0320206,31.4308,22.9765,53.9028
1759345580428156672,-423.674,704.623,1087.99,0.339997,0.682801,0.208975,-0.611976,-15.7132,-156.61,1.11507,-0.0120031,0.0255775,0.0320212,31.4308,22.9768,53.9036
1759345580438156544,-423.831,703.061,1088,0.340295,0.682492,0.208712,-0.612244,-15.6563,-155.724,1.23848,-0.0120046,0.0255738,0.0320218,31.4308,22.9771,53.9044
1759345580448156672,-423.987,701.507,1088.02,0.340391,0.68229,0.208548,-0.612472,-15.5993,-154.84,1.36032,-0.0120061,0.02557,0.0320224,31.4308,22.9773,53.9052
1759345580458156544,-424.143,699.963,1088.03,0.340253,0.682223,0.208415,-0.612669,-15.5421,-153.957,1.48172,-0.0120076,0.0255662,0.0320231,31.4308,22.9775,53.9059
1759345580468156672,-424.298,698.427,1088.05,0.339963,0.68225,0.208459,-0.612785,-15.4846,-153.075,1.60328,-0.0120091,0.0255625,0.0320237,31.4308,22.9778,53.9067
1759345580478156544,-424.452,696.9,1088.06,0.339467,0.682364,0.208505,-0.612917,-15.4269,-152.194,1.72571,-0.0120105,0.0255587,0.0320243,31.4308,22.978,53.9074
1759345580488156672,-424.606,695.382,1088.08,0.338796,0.682569,0.208632,-0.613017,-15.3688,-151.314,1.84949,-0.012012,0.0255549,0.0320249,31.4308,22.9782,53.9081
1759345580498156544,-424.76,693.872,1088.1,0.337942,0.682822,0.208815,-0.613144,-15.3095,-150.435,1.97543,-0.0120135,0.0255512,0.0320255,31.4308,22.9784,53.9089
1759345580508156416,-424.912,692.372,1088.12,0.336935,0.68322,0.208944,-0.61321,-15.2492,-149.557,2.10381,-0.012015,0.0255474,0.0320262,31.4308,22.9786,53.9096
1759345580518156544,-425.064,690.88,1088.14,0.3358,0.683681,0.20922,-0.613226,-15.1878,-148.68,2.23503,-0.0120165,0.0255436,0.0320268,31.4308,22.9788,53.9103
1759345580528156416,-425.216,689.397,1088.16,0.334571,0.684165,0.209673,-0.613203,-15.1248,-147.804,2.3697,-0.012018,0.0255399,0.0320274,31.4308,22.9789,53.911
1759345580538156544,-425.367,687.923,1088.19,0.333142,0.684769,0.209918,-0.613223,-15.0609,-146.929,2.50808,-0.0120194,0.0255361,0.032028,31.4308,22.9791,53.9117
1759345580548156416,-425.517,686.457,1088.21,0.331668,0.685414,0.210323,-0.613163,-14.9956,-146.055,2.65035,-0.0120209,0.0255324,0.0320286,31.4307,22.9793,53.9123
1759345580558156544,-425.666,685,1088.24,0.330083,0.686074,0.210755,-0.613131,-14.9286,-145.182,2.79632,-0.0120224,0.0255286,0.0320292,31.4307,22.9794,53.913
1759345580568156416,-425.815,683.552,1088.27,0.328479,0.686776,0.211209,-0.613051,-14.8595,-144.31,2.94612,-0.0120239,0.0255248,0.0320298,31.4307,22.9796,53.9137
1759345580578156544,-425.964,682.113,1088.3,0.326824,0.687517,0.211602,-0.61297,-14.7881,-143.439,3.09951,-0.0120253,0.0255211,0.0320304,31.4307,22.9797,53.9143
1759345580588156416,-426.111,680.682,1088.33,0.325179,0.688228,0.212041,-0.612894,-14.7145,-142.569,3.25677,-0.0120268,0.0255173,0.032031,31.4306,22.9798,53.915
1759345580598156544,-426.258,679.26,1088.36,0.323516,0.688936,0.212431,-0.612844,-14.6387,-141.7,3.41793,-0.0120282,0.0255135,0.0320316,31.4306,22.9799,53.9156
1759345580608156416,-426.404,677.847,1088.4,0.321922,0.689631,0.212871,-0.61275,-14.5604,-140.833,3.58319,-0.0120297,0.0255098,0.0320322,31.4306,22.9801,53.9162
1759345580618156544,-426.549,676.442,1088.44,0.320354,0.690254,0.213273,-0.61273,-14.4803,-139.967,3.7525,-0.0120311,0.025506,0.0320328,31.4305,22.9802,53.9169
1759345580628156416,-426.693,675.046,1088.47,0.318859,0.690848,0.213603,-0.612725,-14.3984,-139.102,3.92566,-0.0120326,0.0255022,0.0320334,31.4305,22.9803,53.9175
1759345580638156288,-426.837,673.659,1088.51,0.317453,0.691399,0.213938,-0.612717,-14.315,-138.237,4.10241,-0.012034,0.0254985,0.032034,31.4304,22.9803,53.9181
1759345580648156416,-426.979,672.28,1088.56,0.316165,0.691912,0.214237,-0.612699,-14.2301,-137.373,4.28262,-0.0120355,0.0254947,0.0320346,31.4304,22.9804,53.9187
1759345580658156288,-427.121,670.91,1088.6,0.314957,0.692349,0.21447,-0.612746,-14.1436,-136.511,4.46578,-0.0120369,0.0254909,0.0320352,31.4303,22.9805,53.9192
1759345580668156416,-427.262,669.549,1088.64,0.313895,0.692706,0.214686,-0.612812,-14.0554,-135.649,4.65124,-0.0120384,0.0254872,0.0320357,31.4303,22.9806,53.9198
1759345580678156288,-427.402,668.196,1088.69,0.312993,0.692959,0.214808,-0.612944,-13.9655,-134.789,4.8386,-0.0120398,0.0254834,0.0320363,31.4302,22.9806,53.9204
1759345580688156416,-427.542,666.852,1088.74,0.312244,0.693119,0.214838,-0.613135,-13.8748,-133.93,5.02755,-0.0120412,0.0254796,0.0320369,31.4301,22.9807,53.9209
1759345580698156288,-427.68,665.516,1088.79,0.311716,0.693163,0.214834,-0.613355,-13.7831,-133.071,5.21765,-0.0120427,0.0254759,0.0320375,31.4301,22.9807,53.9215
1759345580708156416,-427.817,664.189,1088.84,0.311385,0.693092,0.214709,-0.613647,-13.6905,-132.213,5.40848,-0.0120441,0.0254721,0.032038,31.43,22.9808,53.922
1759345580718156288,-427.954,662.871,1088.9,0.311302,0.69289,0.214517,-0.613984,-13.5978,-131.355,5.59939,-0.0120455,0.0254683,0.0320386,31.4299,22.9808,53.9225
1759345580728156416,-428.089,661.561,1088.96,0.311495,0.692544,0.214387,-0.614322,-13.5053,-130.497,5.78984,-0.012047,0.0254645,0.0320392,31.4298,22.9808,53.923
1759345580738156288,-428.224,660.26,1089.01,0.311817,0.692066,0.213938,-0.614854,-13.4141,-129.639,5.97933,-0.0120484,0.0254607,0.0320398,31.4297,22.9808,53.9236
1759345580748156416,-428.357,658.967,1089.07,0.312492,0.691474,0.213556,-0.615309,-13.3227,-128.781,6.16757,-0.0120498,0.0254569,0.0320404,31.4297,22.9808,53.9241
1759345580758156288,-428.49,657.683,1089.14,0.313329,0.690756,0.212997,-0.615884,-13.2314,-127.923,6.35428,-0.0120513,0.0254531,0.0320409,31.4296,22.9808,53.9245
1759345580768156416,-428.622,656.407,1089.2,0.31447,0.689899,0.212521,-0.616428,-13.1392,-127.066,6.53987,-0.0120527,0.0254493,0.0320415,31.4295,22.9808,53.925
1759345580778156288,-428.753,655.14,1089.27,0.315704,0.68891,0.211738,-0.617171,-13.0465,-126.208,6.72329,-0.0120542,0.0254454,0.0320421,31.4293,22.9808,53.9255
1759345580788156160,-428.883,653.882,1089.34,0.317248,0.687847,0.211125,-0.617775,-12.9531,-125.35,6.9039,-0.0120556,0.0254416,0.0320427,31.4292,22.9808,53.9259
1759345580798156288,-429.012,652.632,1089.41,0.318916,0.686686,0.210248,-0.618507,-12.8593,-124.491,7.08045,-0.012057,0.0254378,0.0320433,31.4291,22.9808,53.9264
1759345580808156160,-429.14,651.391,1089.48,0.320807,0.685426,0.209374,-0.619222,-12.7646,-123.63,7.25225,-0.0120585,0.0254339,0.0320439,31.429,22.9807,53.9268
1759345580818156288,-429.267,650.158,1089.55,0.322918,0.684026,0.208577,-0.619941,-12.67,-122.768,7.41862,-0.0120599,0.02543,0.0320445,31.4289,22.9807,53.9273
1759345580828156160,-429.394,648.934,1089.62,0.325154,0.68243,0.207737,-0.620813,-12.5755,-121.904,7.57987,-0.0120614,0.0254262,0.0320451,31.4288,22.9806,53.9277
1759345580838156288,-429.519,647.719,1089.7,0.327586,0.680873,0.20663,-0.621613,-12.481,-121.039,7.7356,-0.0120628,0.0254223,0.0320457,31.4286,22.9806,53.9281
1759345580848156160,-429.643,646.512,1089.78,0.330228,0.679076,0.205754,-0.622471,-12.3855,-120.174,7.88479,-0.0120643,0.0254184,0.0320463,31.4285,22.9805,53.9285
1759345580858156288,-429.767,645.314,1089.86,0.333029,0.677259,0.204636,-0.623327,-12.2901,-119.308,8.02743,-0.0120657,0.0254145,0.0320469,31.4284,22.9805,53.9289
1759345580868156160,-429.889,644.125,1089.94,0.336007,0.675358,0.203526,-0.624154,-12.1946,-118.441,8.16307,-0.0120672,0.0254106,0.0320476,31.4282,22.9804,53.9293
1759345580878156288,-430.011,642.944,1090.02,0.339103,0.673343,0.202408,-0.62502,-12.0991,-117.573,8.2916,-0.0120687,0.0254066,0.0320482,31.4281,22.9803,53.9297
1759345580888156160,-430.131,641.773,1090.1,0.342336,0.671298,0.201298,-0.625815,-12.0046,-116.704,8.41292,-0.0120701,0.0254027,0.0320488,31.4279,22.9802,53.93
1759345580898156288,-430.251,640.609,1090.19,0.345585,0.669145,0.20004,-0.626737,-11.9112,-115.832,8.52633,-0.0120716,0.0253988,0.0320495,31.4278,22.9802,53.9304
1759345580908156160,-430.369,639.455,1090.27,0.348894,0.666861,0.198768,-0.627742,-11.8185,-114.959,8.63161,-0.0120731,0.0253948,0.0320501,31.4276,22.9801,53.9307
1759345580918156032,-430.487,638.309,1090.36,0.352346,0.664579,0.197394,-0.628667,-11.7266,-114.085,8.72841,-0.0120746,0.0253908,0.0320508,31.4275,22.98,53.9311
1759345580928156160,-430.604,637.172,1090.45,0.355842,0.66216,0.196129,-0.629646,-11.6359,-113.209,8.81584,-0.0120761,0.0253868,0.0320515,31.4273,22.9798,53.9314
1759345580938156032,-430.72,636.044,1090.54,0.359474,0.659804,0.194776,-0.630475,-11.5462,-112.331,8.8942,-0.0120776,0.0253828,0.0320522,31.4272,22.9797,53.9317
1759345580948156160,-430.835,634.924,1090.63,0.36308,0.657347,0.193369,-0.631408,-11.4576,-111.451,8.96331,-0.0120791,0.0253788,0.0320528,31.427,22.9796,53.932
1759345580958156032,-430.949,633.814,1090.72,0.366697,0.654848,0.191924,-0.632355,-11.3699,-110.569,9.02297,-0.0120806,0.0253748,0.0320535,31.4269,22.9795,53.9324
1759345580968156160,-431.063,632.712,1090.81,0.370333,0.652378,0.190463,-0.63323,-11.2833,-109.685,9.07394,-0.0120821,0.0253708,0.0320542,31.4267,22.9794,53.9326
1759345580978156032,-431.175,631.619,1090.9,0.373934,0.649862,0.189199,-0.634079,-11.1978,-108.798,9.11619,-0.0120836,0.0253667,0.0320549,31.4265,22.9792,53.9329
1759345580988156160,-431.287,630.535,1090.99,0.37745,0.647395,0.18789,-0.634908,-11.1137,-107.909,9.15028,-0.0120852,0.0253627,0.0320557,31.4264,22.9791,53.9332
1759345580998156032,-431.397,629.459,1091.08,0.380835,0.644996,0.186436,-0.635756,-11.031,-107.016,9.17646,-0.0120867,0.0253586,0.0320564,31.4262,22.9789,53.9335
1759345581008156160,-431.507,628.393,1091.17,0.384159,0.642572,0.185205,-0.636571,-10.9498,-106.121,9.19537,-0.0120882,0.0253545,0.0320571,31.426,22.9788,53.9337
1759345581018156032,-431.616,627.336,1091.27,0.387355,0.640321,0.18392,-0.637274,-10.8699,-105.223,9.20699,-0.0120898,0.0253504,0.0320578,31.4259,22.9786,53.934
1759345581028156160,-431.725,626.288,1091.36,0.390429,0.63814,0.182692,-0.637939,-10.7913,-104.323,9.21163,-0.0120913,0.0253463,0.0320586,31.4257,22.9784,53.9342
1759345581038156032,-431.832,625.248,1091.45,0.393347,0.63598,0.181511,-0.638641,-10.714,-103.42,9.20961,-0.0120929,0.0253422,0.0320593,31.4255,22.9783,53.9344
1759345581048155904,-431.939,624.218,1091.54,0.396104,0.633936,0.18038,-0.639288,-10.6375,-102.514,9.20082,-0.0120944,0.0253381,0.0320601,31.4254,22.9781,53.9347
1759345581058156032,-432.045,623.197,1091.63,0.3987,0.63201,0.179331,-0.639877,-10.5615,-101.606,9.18648,-0.012096,0.025334,0.0320608,31.4252,22.9779,53.9349
1759345581068155904,-432.151,622.185,1091.73,0.40106,0.63021,0.178299,-0.640465,-10.4861,-100.696,9.16663,-0.0120976,0.0253298,0.0320616,31.425,22.9777,53.9351
1759345581078156032,-432.255,621.182,1091.82,0.403209,0.628552,0.177384,-0.640999,-10.4109,-99.7823,9.14175,-0.0120992,0.0253257,0.0320623,31.4249,22.9775,53.9352
1759345581088155904,-432.359,620.188,1091.91,0.405147,0.627038,0.176556,-0.641488,-10.3359,-98.8656,9.1123,-0.0121007,0.0253215,0.0320631,31.4247,22.9773,53.9354
1759345581098156032,-432.462,619.203,1092,0.406829,0.625668,0.175809,-0.641966,-10.2614,-97.9461,9.07822,-0.0121023,0.0253173,0.0320639,31.4245,22.9771,53.9356
1759345581108155904,-432.564,618.227,1092.09,0.408295,0.624436,0.175221,-0.642396,-10.1872,-97.0237,9.03998,-0.0121039,0.0253132,0.0320646,31.4243,22.9769,53.9357
1759345581118156032,-432.666,617.261,1092.18,0.409541,0.623411,0.174624,-0.64276,-10.1134,-96.0993,8.99851,-0.0121055,0.025309,0.0320654,31.4242,22.9766,53.9359
1759345581128155904,-432.767,616.304,1092.27,0.410562,0.622482,0.174175,-0.643131,-10.0396,-95.1728,8.95399,-0.012107,0.0253048,0.0320662,31.424,22.9764,53.936
1759345581138156032,-432.867,615.356,1092.36,0.41136,0.621738,0.173851,-0.643428,-9.96564,-94.2442,8.90789,-0.0121086,0.0253006,0.0320669,31.4238,22.9762,53.9361
1759345581148155904,-432.966,614.418,1092.45,0.411922,0.621151,0.173586,-0.643707,-9.89131,-93.3135,8.86015,-0.0121102,0.0252964,0.0320677,31.4236,22.9759,53.9362
1759345581158156032,-433.065,613.489,1092.54,0.412236,0.62069,0.173481,-0.64398,-9.81637,-92.3808,8.81122,-0.0121118,0.0252921,0.0320685,31.4235,22.9757,53.9363
1759345581168155904,-433.163,612.569,1092.62,0.412286,0.620385,0.173541,-0.644225,-9.74054,-91.4458,8.76169,-0.0121134,0.0252879,0.0320692,31.4233,22.9754,53.9364
1759345581178155776,-433.26,611.658,1092.71,0.412063,0.620332,0.173657,-0.644388,-9.66393,-90.5093,8.71163,-0.0121149,0.0252837,0.03207,31.4231,22.9751,53.9364
1759345581188155904,-433.356,610.757,1092.8,0.411573,0.620421,0.173928,-0.644542,-9.58641,-89.5716,8.66152,-0.0121165,0.0252794,0.0320708,31.4229,22.9749,53.9365
1759345581198155776,-433.452,609.866,1092.89,0.41082,0.620669,0.174299,-0.644683,-9.50798,-88.6325,8.61158,-0.0121181,0.0252752,0.0320715,31.4227,22.9746,53.9365
1759345581208155904,-433.547,608.983,1092.97,0.409808,0.621101,0.174743,-0.644791,-9.4285,-87.693,8.56265,-0.0121196,0.0252709,0.0320723,31.4226,22.9743,53.9365
1759345581218155776,-433.641,608.11,1093.06,0.408602,0.621645,0.175308,-0.644879,-9.34825,-86.7532,8.5144,-0.0121212,0.0252667,0.032073,31.4224,22.974,53.9366
1759345581228155904,-433.734,607.247,1093.14,0.407173,0.62225,0.176048,-0.644998,-9.26708,-85.8133,8.46751,-0.0121228,0.0252624,0.0320738,31.4222,22.9737,53.9366
1759345581238155776,-433.826,606.393,1093.23,0.405495,0.623015,0.176814,-0.645107,-9.18494,-84.8736,8.42233,-0.0121243,0.0252582,0.0320745,31.422,22.9734,53.9365
1759345581248155904,-433.918,605.548,1093.31,0.403649,0.623953,0.177733,-0.645106,-9.10101,-83.9338,8.37923,-0.0121259,0.0252539,0.0320753,31.4218,22.9731,53.9365
1759345581258155776,-434.008,604.712,1093.39,0.401554,0.625111,0.178615,-0.645048,-9.01527,-82.9948,8.3393,-0.0121274,0.0252496,0.032076,31.4217,22.9727,53.9365
1759345581268155904,-434.098,603.886,1093.48,0.399186,0.626366,0.179655,-0.645012,-8.9274,-82.0566,8.30305,-0.012129,0.0252454,0.0320768,31.4215,22.9724,53.9364
1759345581278155776,-434.187,603.07,1093.56,0.396643,0.627697,0.180951,-0.644924,-8.83747,-81.1189,8.27047,-0.0121305,0.0252411,0.0320775,31.4213,22.9721,53.9363
1759345581288155904,-434.275,602.263,1093.64,0.39386,0.629172,0.182246,-0.644828,-8.74584,-80.1827,8.24244,-0.012132,0.0252368,0.0320782,31.4211,22.9717,53.9363
1759345581298155776,-434.362,601.465,1093.73,0.390892,0.630762,0.183609,-0.644694,-8.65263,-79.2485,8.21811,-0.0121336,0.0252326,0.0320789,31.4209,22.9714,53.9362
1759345581308155648,-434.448,600.676,1093.81,0.387706,0.632465,0.184981,-0.644558,-8.55744,-78.317,8.19852,-0.0121351,0.0252283,0.0320797,31.4207,22.971,53.9361
1759345581318155776,-434.534,599.897,1093.89,0.384328,0.634278,0.186375,-0.644397,-8.46006,-77.3884,8.18397,-0.0121366,0.025224,0.0320804,31.4205,22.9706,53.9359
1759345581328155648,-434.618,599.127,1093.97,0.380792,0.636082,0.188052,-0.644231,-8.36093,-76.4632,8.17469,-0.0121381,0.0252198,0.0320811,31.4204,22.9703,53.9358
1759345581338155776,-434.701,598.366,1094.05,0.377051,0.63808,0.18956,-0.644014,-8.26001,-75.541,8.17152,-0.0121396,0.0252155,0.0320818,31.4202,22.9699,53.9356
1759345581348155648,-434.783,597.615,1094.14,0.37312,0.640183,0.191124,-0.643753,-8.15702,-74.6221,8.17476,-0.0121411,0.0252113,0.0320824,31.42,22.9695,53.9355
1759345581358155776,-434.864,596.873,1094.22,0.369038,0.642337,0.192765,-0.643472,-8.05159,-73.7064,8.18528,-0.0121426,0.025207,0.0320831,31.4198,22.9691,53.9353
1759345581368155648,-434.945,596.139,1094.3,0.364825,0.644554,0.194449,-0.643151,-7.94376,-72.794,8.20344,-0.0121441,0.0252028,0.0320838,31.4196,22.9687,53.9351
1759345581378155776,-435.024,595.415,1094.38,0.360431,0.646859,0.19618,-0.642789,-7.83272,-71.8849,8.23014,-0.0121455,0.0251985,0.0320844,31.4194,22.9683,53.9349
1759345581388155648,-435.101,594.7,1094.46,0.355827,0.649232,0.197996,-0.642404,-7.71854,-70.9791,8.26584,-0.012147,0.0251943,0.0320851,31.4192,22.9679,53.9347
1759345581398155776,-435.178,593.994,1094.55,0.350994,0.651764,0.199831,-0.641931,-7.60106,-70.0767,8.31122,-0.0121485,0.0251901,0.0320857,31.419,22.9675,53.9345
1759345581408155648,-435.254,593.298,1094.63,0.345955,0.654423,0.201671,-0.641385,-7.48054,-69.1779,8.36748,-0.0121499,0.0251859,0.0320863,31.4188,22.967,53.9343
1759345581418155776,-435.328,592.61,1094.71,0.340666,0.657145,0.203627,-0.640814,-7.35706,-68.2832,8.43454,-0.0121514,0.0251816,0.0320869,31.4187,22.9666,53.934
1759345581428155648,-435.401,591.931,1094.8,0.33512,0.66004,0.205594,-0.640135,-7.23055,-67.3931,8.51304,-0.0121528,0.0251774,0.0320875,31.4185,22.9662,53.9338
1759345581438155776,-435.473,591.26,1094.89,0.329361,0.662971,0.207651,-0.639431,-7.10175,-66.5081,8.60334,-0.0121542,0.0251732,0.0320881,31.4183,22.9657,53.9335
1759345581448155648,-435.543,590.599,1094.97,0.323411,0.665993,0.209721,-0.638652,-6.96963,-65.6281,8.70517,-0.0121556,0.0251691,0.0320887,31.4181,22.9653,53.9332
1759345581458155520,-435.612,589.947,1095.06,0.317281,0.669065,0.211822,-0.637821,-6.83469,-64.7538,8.81941,-0.012157,0.0251649,0.0320892,31.4179,22.9648,53.9329
1759345581468155648,-435.68,589.303,1095.15,0.311014,0.672178,0.21394,-0.636927,-6.69635,-63.8853,8.94624,-0.0121584,0.0251607,0.0320898,31.4177,22.9643,53.9327
1759345581478155520,-435.747,588.668,1095.24,0.304678,0.675304,0.216032,-0.635976,-6.55456,-63.0225,9.08599,-0.0121598,0.0251565,0.0320903,31.4175,22.9639,53.9323
1759345581488155648,-435.811,588.041,1095.33,0.29831,0.678382,0.218124,-0.635004,-6.41005,-62.165,9.23921,-0.0121612,0.0251524,0.0320908,31.4173,22.9634,53.932
1759345581498155520,-435.875,587.423,1095.42,0.291945,0.681423,0.220183,-0.633996,-6.26236,-61.313,9.40551,-0.0121626,0.0251482,0.0320913,31.4171,22.9629,53.9317
1759345581508155648,-435.937,586.814,1095.52,0.285569,0.684383,0.222209,-0.633004,-6.11152,-60.4665,9.58488,-0.0121639,0.0251441,0.0320918,31.4169,22.9624,53.9313
1759345581518155520,-435.997,586.213,1095.61,0.279302,0.687231,0.224284,-0.631982,-5.95706,-59.6258,9.77686,-0.0121653,0.0251399,0.0320923,31.4167,22.9619,53.931
1759345581528155648,-436.056,585.62,1095.71,0.273151,0.690009,0.226243,-0.630944,-5.79865,-58.7905,9.98112,-0.0121666,0.0251358,0.0320927,31.4165,22.9614,53.9306
1759345581538155520,-436.114,585.036,1095.81,0.267137,0.692684,0.228063,-0.629932,-5.63617,-57.9616,10.1969,-0.012168,0.0251317,0.0320932,31.4163,22.9609,53.9303
1759345581548155648,-436.169,584.46,1095.92,0.261378,0.69521,0.229912,-0.628892,-5.46966,-57.1383,10.4238,-0.0121693,0.0251276,0.0320936,31.416,22.9604,53.9299
1759345581558155520,-436.223,583.892,1096.02,0.255842,0.697575,0.231539,-0.627952,-5.29938,-56.3205,10.6613,-0.0121706,0.0251234,0.0320941,31.4158,22.9599,53.9295
1759345581568155648,-436.276,583.332,1096.13,0.250685,0.69972,0.233288,-0.626997,-5.12576,-55.5079,10.9087,-0.0121719,0.0251193,0.0320945,31.4156,22.9594,53.9291
1759345581578155520,-436.326,582.78,1096.24,0.24582,0.701724,0.234799,-0.626119,-4.94877,-54.7,11.1659,-0.0121732,0.0251152,0.0320949,31.4154,22.9588,53.9286
1759345581588155392,-436.375,582.237,1096.35,0.241344,0.703552,0.236173,-0.625292,-4.76833,-53.8967,11.4321,-0.0121745,0.0251112,0.0320953,31.4151,22.9583,53.9282
1759345581598155520,-436.422,581.701,1096.47,0.237229,0.705184,0.237467,-0.624538,-4.5844,-53.0974,11.7069,-0.0121758,0.0251071,0.0320957,31.4149,22.9578,53.9278
1759345581608155392,-436.467,581.174,1096.59,0.233503,0.70668,0.238598,-0.62382,-4.39748,-52.302,11.9891,-0.0121771,0.025103,0.0320961,31.4147,22.9572,53.9273
1759345581618155520,-436.51,580.654,1096.71,0.230158,0.7079,0.239716,-0.623251,-4.20761,-51.5095,12.2782,-0.0121784,0.0250989,0.0320965,31.4144,22.9567,53.9268
1759345581628155392,-436.551,580.142,1096.83,0.227204,0.709005,0.240654,-0.622717,-4.0148,-50.7199,12.5731,-0.0121797,0.0250948,0.0320969,31.4142,22.9561,53.9264
1759345581638155520,-436.591,579.638,1096.96,0.224615,0.709912,0.241399,-0.622334,-3.81916,-49.9331,12.8729,-0.0121809,0.0250907,0.0320972,31.4139,22.9555,53.9259
1759345581648155392,-436.628,579.142,1097.09,0.222466,0.710646,0.242205,-0.621954,-3.62096,-49.1485,13.1758,-0.0121822,0.0250867,0.0320976,31.4137,22.955,53.9254
1759345581658155520,-436.663,578.654,1097.22,0.220737,0.711224,0.242799,-0.621679,-3.42099,-48.366,13.4811,-0.0121835,0.0250826,0.032098,31.4134,22.9544,53.9249
1759345581668155392,-436.697,578.174,1097.36,0.219416,0.711598,0.243317,-0.621516,-3.21946,-47.585,13.7878,-0.0121847,0.0250785,0.0320983,31.4131,22.9538,53.9243
1759345581678155520,-436.728,577.701,1097.5,0.218475,0.711804,0.24372,-0.621453,-3.01648,-46.8052,14.0954,-0.012186,0.0250744,0.0320987,31.4129,22.9532,53.9238
1759345581688155392,-436.758,577.237,1097.64,0.217879,0.711862,0.243924,-0.621517,-2.81242,-46.0267,14.4032,-0.0121872,0.0250703,0.0320991,31.4126,22.9526,53.9232
1759345581698155520,-436.785,576.78,1097.78,0.217709,0.711743,0.244161,-0.621619,-2.60753,-45.2484,14.7105,-0.0121885,0.0250662,0.0320995,31.4123,22.952,53.9227
1759345581708155392,-436.81,576.331,1097.93,0.217901,0.711475,0.244256,-0.621821,-2.40183,-44.4704,15.0165,-0.0121897,0.0250621,0.0320998,31.412,22.9514,53.9221
1759345581718155264,-436.833,575.889,1098.08,0.218427,0.711202,0.244039,-0.622034,-2.19536,-43.6922,15.3204,-0.012191,0.025058,0.0321002,31.4117,22.9508,53.9215
1759345581728155392,-436.854,575.456,1098.24,0.219244,0.710851,0.24366,-0.622296,-1.98774,-42.9137,15.6208,-0.0121922,0.0250539,0.0321006,31.4114,22.9502,53.9209
1759345581738155264,-436.874,575.03,1098.39,0.220345,0.710352,0.243232,-0.622645,-1.77989,-42.1347,15.9172,-0.0121935,0.0250498,0.032101,31.4111,22.9495,53.9203
1759345581748155392,-436.89,574.612,1098.55,0.221734,0.709707,0.242748,-0.623076,-1.57212,-41.355,16.209,-0.0121948,0.0250457,0.0321013,31.4108,22.9489,53.9197
1759345581758155264,-436.905,574.202,1098.72,0.223341,0.708232,0.243344,-0.623947,-1.36472,-40.5747,16.4959,-0.012196,0.0250416,0.0321017,31.4105,22.9483,53.919
1759345581768155392,-436.918,573.799,1098.88,0.225222,0.707229,0.242946,-0.624563,-1.15831,-39.7938,16.7779,-0.0121973,0.0250374,0.0321021,31.4102,22.9476,53.9184
1759345581778155264,-436.929,573.405,1099.05,0.227301,0.706156,0.242439,-0.625221,-0.953453,-39.0124,17.0541,-0.0121985,0.0250333,0.0321025,31.4099,22.947,53.9177
1759345581788155392,-436.938,573.018,1099.22,0.229575,0.705031,0.241844,-0.62589,-0.75011,-38.2302,17.3243,-0.0121998,0.0250291,0.0321029,31.4096,22.9463,53.9171
1759345581798155264,-436.944,572.639,1099.4,0.231984,0.703792,0.241259,-0.626621,-0.548537,-37.4472,17.5884,-0.0122011,0.0250249,0.0321033,31.4093,22.9457,53.9164
1759345581808155392,-436.949,572.268,1099.58,0.234529,0.70251,0.240612,-0.627361,-0.348724,-36.663,17.8459,-0.0122024,0.0250208,0.0321038,31.409,22.945,53.9157
1759345581818155264,-436.952,571.905,1099.76,0.237142,0.701201,0.23991,-0.628111,-0.150635,-35.8776,18.0967,-0.0122036,0.0250166,0.0321042,31.4087,22.9443,53.915
1759345581828155392,-436.952,571.549,1099.94,0.239831,0.699877,0.23915,-0.628857,0.0456858,-35.0909,18.3408,-0.0122049,0.0250124,0.0321046,31.4083,22.9437,53.9143
1759345581838155264,-436.951,571.202,1100.12,0.24256,0.698516,0.238396,-0.629609,0.240191,-34.3027,18.5777,-0.0122062,0.0250082,0.032105,31.408,22.943,53.9136
1759345581848155136,-436.948,570.862,1100.31,0.245316,0.697087,0.237716,-0.630382,0.432346,-33.5129,18.8078,-0.0122075,0.0250039,0.0321055,31.4077,22.9423,53.9128
1759345581858155264,-436.943,570.531,1100.5,0.24805,0.695736,0.236928,-0.6311,0.621566,-32.7215,19.0309,-0.0122088,0.0249997,0.0321059,31.4074,22.9416,53.9121
1759345581868155136,-436.936,570.207,1100.69,0.250748,0.694382,0.236162,-0.631812,0.807972,-31.9285,19.2473,-0.0122101,0.0249955,0.0321064,31.407,22.941,53.9113
1759345581878155264,-436.927,569.891,1100.88,0.253395,0.69306,0.235411,-0.632487,0.991473,-31.1343,19.457,-0.0122114,0.0249912,0.0321068,31.4067,22.9403,53.9106
1759345581888155136,-436.916,569.583,1101.08,0.255936,0.691776,0.234622,-0.633163,1.17233,-30.3389,19.6601,-0.0122127,0.0249869,0.0321073,31.4064,22.9396,53.9098
1759345581898155264,-436.904,569.283,1101.28,0.25842,0.690535,0.233958,-0.633754,1.3506,-29.5421,19.8571,-0.012214,0.0249827,0.0321078,31.4061,22.9389,53.909
1759345581908155136,-436.89,568.991,1101.48,0.260758,0.689355,0.233302,-0.634323,1.52615,-28.7438,20.0484,-0.0122153,0.0249784,0.0321083,31.4058,22.9381,53.9082
1759345581918155264,-436.874,568.707,1101.68,0.262925,0.688229,0.232712,-0.634868,1.69912,-27.9441,20.2342,-0.0122167,0.0249741,0.0321087,31.4054,22.9374,53.9074
1759345581928155136,-436.856,568.432,1101.88,0.264898,0.687236,0.232115,-0.635341,1.86947,-27.1429,20.4149,-0.012218,0.0249698,0.0321092,31.4051,22.9367,53.9066
1759345581938155264,-436.836,568.164,1102.08,0.266647,0.686332,0.2316,-0.635774,2.03725,-26.3403,20.5907,-0.0122193,0.0249655,0.0321097,31.4048,22.936,53.9058
1759345581948155136,-436.815,567.904,1102.29,0.268144,0.685567,0.231129,-0.636142,2.20242,-25.5365,20.7621,-0.0122207,0.0249612,0.0321102,31.4045,22.9353,53.9049
1759345581958155264,-436.793,567.652,1102.5,0.269372,0.68496,0.230752,-0.636413,2.36515,-24.7319,20.9297,-0.012222,0.0249569,0.0321107,31.4041,22.9345,53.9041
1759345581968155136,-436.768,567.408,1102.71,0.270275,0.684487,0.230538,-0.636617,2.52567,-23.9268,21.0941,-0.0122233,0.0249526,0.0321112,31.4038,22.9338,53.9033
1759345581978155264,-436.742,567.173,1102.92,0.270872,0.684164,0.230488,-0.636729,2.68429,-23.1213,21.2563,-0.0122247,0.0249482,0.0321117,31.4035,22.9331,53.9024
1759345581988155136,-436.715,566.945,1103.14,0.271112,0.684068,0.230459,-0.63674,2.84125,-22.3156,21.4172,-0.012226,0.0249439,0.0321122,31.4032,22.9323,53.9015
1759345581998155008,-436.686,566.725,1103.35,0.271014,0.684109,0.230545,-0.636707,2.99718,-21.5102,21.5774,-0.0122273,0.0249396,0.0321127,31.4029,22.9315,53.9007
1759345582008155136,-436.655,566.514,1103.57,0.270574,0.684323,0.230717,-0.636601,3.15209,-20.7047,21.7378,-0.0122287,0.0249352,0.0321133,31.4026,22.9308,53.8998
1759345582018155008,-436.623,566.31,1103.79,0.26976,0.684742,0.230956,-0.63641,3.30657,-19.8991,21.8994,-0.01223,0.0249309,0.0321138,31.4022,22.93,53.8989
1759345582028155136,-436.589,566.115,1104.01,0.268619,0.685325,0.231347,-0.636123,3.4608,-19.0938,22.063,-0.0122313,0.0249265,0.0321143,31.4019,22.9293,53.898
1759345582038155008,-436.554,565.927,1104.23,0.267102,0.686102,0.231777,-0.635767,3.61504,-18.2892,22.2295,-0.0122327,0.0249222,0.0321148,31.4016,22.9285,53.8971
1759345582048155136,-436.517,565.748,1104.45,0.265242,0.687078,0.232314,-0.635296,3.76963,-17.4857,22.3998,-0.012234,0.0249178,0.0321153,31.4013,22.9277,53.8962
1759345582058155008,-436.478,565.577,1104.67,0.26303,0.688216,0.23301,-0.634729,3.9249,-16.6835,22.5746,-0.0122353,0.0249135,0.0321158,31.401,22.9269,53.8953
1759345582068155136,-436.438,565.414,1104.9,0.26048,0.689506,0.233812,-0.634085,4.08113,-15.8827,22.7548,-0.0122366,0.0249092,0.0321162,31.4007,22.9261,53.8944
1759345582078155008,-436.397,565.258,1105.13,0.257606,0.690962,0.234681,-0.633352,4.23827,-15.0843,22.9411,-0.012238,0.0249048,0.0321167,31.4004,22.9253,53.8934
1759345582088155136,-436.353,565.111,1105.36,0.254464,0.692543,0.235633,-0.632542,4.39701,-14.2881,23.1337,-0.0122393,0.0249005,0.0321172,31.4,22.9245,53.8925
1759345582098155008,-436.309,564.971,1105.59,0.251036,0.694258,0.236671,-0.631644,4.55736,-13.4941,23.3342,-0.0122406,0.0248961,0.0321177,31.3997,22.9237,53.8916
1759345582108155136,-436.262,564.84,1105.83,0.247359,0.696074,0.237775,-0.63068,4.71986,-12.7027,23.5425,-0.0122419,0.0248918,0.0321181,31.3994,22.9229,53.8906
1759345582118155008,-436.214,564.716,1106.06,0.24342,0.697997,0.238946,-0.629644,4.88483,-11.9141,23.7592,-0.0122432,0.0248875,0.0321186,31.3991,22.9221,53.8896
1759345582128154880,-436.165,564.601,1106.3,0.239248,0.700011,0.240185,-0.628534,5.05342,-11.1289,23.985,-0.0122445,0.0248831,0.0321191,31.3988,22.9212,53.8887
1759345582138155008,-436.113,564.493,1106.54,0.234902,0.7021,0.241459,-0.627355,5.22506,-10.3468,24.2194,-0.0122457,0.0248788,0.0321195,31.3985,22.9204,53.8877
1759345582148154880,-436.06,564.393,1106.79,0.230389,0.704242,0.242791,-0.626113,5.3998,-9.568,24.4626,-0.012247,0.0248745,0.0321199,31.3982,22.9195,53.8867
1759345582158155008,-436.006,564.301,1107.03,0.225758,0.706397,0.24419,-0.624826,5.57741,-8.79268,24.7143,-0.0122483,0.0248702,0.0321204,31.3978,22.9187,53.8857
1759345582168154880,-435.949,564.216,1107.28,0.221048,0.708583,0.24557,-0.623493,5.75833,-8.02129,24.9752,-0.0122496,0.0248659,0.0321208,31.3975,22.9179,53.8847
1759345582178155008,-435.891,564.139,1107.53,0.216305,0.710759,0.246964,-0.622128,5.94249,-7.25391,25.2449,-0.0122508,0.0248616,0.0321212,31.3972,22.917,53.8837
1759345582188154880,-435.83,564.07,1107.78,0.211599,0.712884,0.248351,-0.62076,6.12999,-6.4906,25.5235,-0.0122521,0.0248572,0.0321216,31.3969,22.9161,53.8826
1759345582198155008,-435.768,564.008,1108.04,0.206937,0.714966,0.249711,-0.61939,6.32078,-5.73133,25.8108,-0.0122533,0.0248529,0.032122,31.3966,22.9153,53.8816
1759345582208154880,-435.704,563.954,1108.3,0.202374,0.716984,0.251043,-0.618026,6.51527,-4.97632,26.1062,-0.0122545,0.0248487,0.0321224,31.3962,22.9144,53.8806
1759345582218155008,-435.638,563.908,1108.56,0.197933,0.71893,0.252326,-0.616679,6.71298,-4.22542,26.4099,-0.0122558,0.0248444,0.0321228,31.3959,22.9135,53.8795
1759345582228154880,-435.57,563.869,1108.83,0.19362,0.720802,0.253513,-0.615375,6.91373,-3.47855,26.7216,-0.012257,0.0248401,0.0321231,31.3956,22.9126,53.8784
1759345582238155008,-435.5,563.837,1109.1,0.189527,0.722577,0.254682,-0.614084,7.11754,-2.73548,27.0404,-0.0122582,0.0248358,0.0321235,31.3952,22.9117,53.8774
1759345582248154880,-435.428,563.813,1109.37,0.185611,0.724259,0.25578,-0.612841,7.32434,-1.99591,27.3663,-0.0122594,0.0248315,0.0321239,31.3949,22.9108,53.8763
1759345582258154752,-435.354,563.796,1109.64,0.181908,0.725849,0.256819,-0.611635,7.53397,-1.25962,27.6989,-0.0122606,0.0248272,0.0321242,31.3945,22.9099,53.8752
1759345582268154880,-435.278,563.787,1109.92,0.178438,0.727335,0.257773,-0.610489,7.74638,-0.526603,28.038,-0.0122618,0.024823,0.0321246,31.3942,22.909,53.8741
1759345582278154752,-435.199,563.785,1110.2,0.175215,0.728723,0.258663,-0.60939,7.96148,0.203315,28.383,-0.012263,0.0248187,0.0321249,31.3938,22.9081,53.873
1759345582288154880,-435.119,563.79,1110.49,0.172204,0.730018,0.259466,-0.608356,8.17885,0.929865,28.7337,-0.0122642,0.0248144,0.0321253,31.3935,22.9072,53.8718
1759345582298154752,-435.036,563.802,1110.78,0.169438,0.731224,0.260194,-0.607372,8.39825,1.65343,29.0897,-0.0122654,0.0248101,0.0321256,31.3931,22.9062,53.8707
1759345582308154880,-434.951,563.822,1111.07,0.166906,0.732344,0.260841,-0.606446,8.61945,2.37414,29.4506,-0.0122666,0.0248059,0.0321259,31.3928,22.9053,53.8695
1759345582318154752,-434.864,563.848,1111.37,0.164628,0.73336,0.261414,-0.605593,8.84158,3.09164,29.8157,-0.0122678,0.0248016,0.0321262,31.3924,22.9043,53.8684
1759345582328154880,-434.775,563.882,1111.67,0.162564,0.734304,0.261909,-0.604792,9.06501,3.80673,30.1843,-0.012269,0.0247973,0.0321266,31.392,22.9034,53.8672
1759345582338154752,-434.683,563.923,1111.97,0.160742,0.735157,0.26233,-0.604061,9.28939,4.51964,30.5561,-0.0122702,0.0247931,0.0321269,31.3917,22.9024,53.866
1759345582348154880,-434.589,563.972,1112.28,0.159189,0.735912,0.262704,-0.603389,9.51461,5.23055,30.9304,-0.0122714,0.0247888,0.0321272,31.3913,22.9015,53.8648
1759345582358154752,-434.493,564.027,1112.59,0.157853,0.736593,0.262977,-0.602791,9.7404,5.93962,31.3068,-0.0122725,0.0247845,0.0321275,31.3909,22.9005,53.8636
1759345582368154880,-434.395,564.089,1112.9,0.156754,0.73719,0.263174,-0.602261,9.96627,6.64663,31.6845,-0.0122737,0.0247803,0.0321278,31.3905,22.8995,53.8624
1759345582378154752,-434.294,564.159,1113.22,0.155888,0.73771,0.263296,-0.601795,10.1922,7.35188,32.063,-0.0122749,0.024776,0.0321281,31.3901,22.8986,53.8611
1759345582388154624,-434.191,564.235,1113.54,0.155209,0.738164,0.263301,-0.601412,10.418,8.0555,32.4417,-0.0122761,0.0247717,0.0321285,31.3897,22.8976,53.8599
1759345582398154752,-434.086,564.319,1113.87,0.154741,0.738547,0.263297,-0.601064,10.6439,8.75817,32.8207,-0.0122773,0.0247675,0.0321288,31.3894,22.8966,53.8586
1759345582408154624,-433.979,564.409,1114.2,0.154483,0.73886,0.263238,-0.600772,10.8696,9.45971,33.1994,-0.0122784,0.0247632,0.0321291,31.389,22.8956,53.8574
1759345582418154752,-433.869,564.507,1114.53,0.154438,0.739099,0.263112,-0.600545,11.0948,10.1603,33.5771,-0.0122796,0.0247589,0.0321294,31.3886,22.8946,53.8561
1759345582428154624,-433.757,564.612,1114.87,0.154596,0.739243,0.262958,-0.600394,11.3196,10.8598,33.9536,-0.0122808,0.0247546,0.0321297,31.3882,22.8936,53.8548
1759345582438154752,-433.643,564.723,1115.21,0.154937,0.739361,0.262741,-0.600256,11.5438,11.5584,34.3285,-0.012282,0.0247504,0.03213,31.3877,22.8925,53.8535
1759345582448154624,-433.527,564.842,1115.55,0.155432,0.739435,0.26241,-0.600181,11.767,12.2565,34.7014,-0.0122832,0.0247461,0.0321303,31.3873,22.8915,53.8522
1759345582458154752,-433.408,564.967,1115.9,0.156069,0.739464,0.262086,-0.600122,11.9895,12.9539,35.0723,-0.0122843,0.0247418,0.0321306,31.3869,22.8905,53.8508
1759345582468154624,-433.288,565.1,1116.26,0.156815,0.739454,0.261738,-0.600092,12.2111,13.6506,35.4408,-0.0122855,0.0247375,0.032131,31.3865,22.8895,53.8495
1759345582478154752,-433.165,565.239,1116.61,0.157654,0.739425,0.261349,-0.600077,12.4316,14.3464,35.8068,-0.0122867,0.0247332,0.0321313,31.3861,22.8884,53.8481
1759345582488154624,-433.039,565.386,1116.97,0.15859,0.73936,0.260952,-0.600083,12.6509,15.0417,36.17,-0.0122879,0.0247289,0.0321316,31.3857,22.8874,53.8468
1759345582498154752,-432.912,565.539,1117.33,0.159586,0.739287,0.260526,-0.600094,12.8686,15.7364,36.5304,-0.0122891,0.0247246,0.0321319,31.3853,22.8863,53.8454
1759345582508154624,-432.782,565.699,1117.7,0.160637,0.739215,0.260076,-0.600097,13.0851,16.43,36.8877,-0.0122903,0.0247203,0.0321323,31.3848,22.8853,53.844
1759345582518154496,-432.651,565.867,1118.07,0.161708,0.73914,0.259622,-0.6001,13.3003,17.1225,37.2418,-0.0122915,0.024716,0.0321326,31.3844,22.8842,53.8426
1759345582528154624,-432.517,566.041,1118.45,0.162771,0.739064,0.259172,-0.6001,13.5142,17.8141,37.5928,-0.0122927,0.0247116,0.0321329,31.384,22.8831,53.8412
1759345582538154496,-432.381,566.222,1118.82,0.16379,0.739011,0.258718,-0.600084,13.7268,18.5048,37.9407,-0.0122939,0.0247073,0.0321333,31.3836,22.8821,53.8398
1759345582548154624,-432.242,566.41,1119.2,0.164772,0.738973,0.258302,-0.600041,13.9382,19.1947,38.2855,-0.0122951,0.024703,0.0321336,31.3831,22.881,53.8384
1759345582558154496,-432.102,566.605,1119.59,0.165682,0.738978,0.257891,-0.599961,14.1485,19.8838,38.627,-0.0122963,0.0246987,0.0321339,31.3827,22.8799,53.837
1759345582568154624,-431.96,566.807,1119.98,0.166502,0.739043,0.25749,-0.599826,14.3577,20.572,38.9654,-0.0122975,0.0246943,0.0321343,31.3823,22.8788,53.8356
1759345582578154496,-431.815,567.016,1120.37,0.167241,0.739142,0.257129,-0.599653,14.5658,21.2589,39.301,-0.0122987,0.02469,0.0321346,31.3819,22.8777,53.8341
1759345582588154624,-431.669,567.231,1120.76,0.167892,0.739262,0.256802,-0.599464,14.7729,21.9444,39.6337,-0.0122999,0.0246857,0.032135,31.3814,22.8767,53.8327
1759345582598154496,-431.52,567.454,1121.16,0.168427,0.739415,0.25653,-0.599242,14.9792,22.628,39.9636,-0.0123011,0.0246813,0.0321353,31.381,22.8756,53.8312
1759345582608154624,-431.37,567.683,1121.56,0.168848,0.739621,0.256283,-0.598974,15.185,23.3099,40.2909,-0.0123023,0.024677,0.0321357,31.3806,22.8745,53.8297
1759345582618154496,-431.217,567.919,1121.97,0.169112,0.73989,0.256086,-0.598651,15.39,23.9904,40.6157,-0.0123035,0.0246726,0.032136,31.3801,22.8734,53.8282
1759345582628154624,-431.062,568.162,1122.37,0.16924,0.740233,0.255927,-0.59826,15.5945,24.6697,40.9383,-0.0123047,0.0246682,0.0321364,31.3797,22.8723,53.8268
1759345582638154496,-430.905,568.412,1122.78,0.16922,0.740615,0.255828,-0.597835,15.7987,25.3476,41.2585,-0.0123059,0.0246639,0.0321367,31.3793,22.8711,53.8253
1759345582648154624,-430.746,568.668,1123.2,0.169025,0.741069,0.255785,-0.597345,16.0022,26.0234,41.5764,-0.0123071,0.0246595,0.0321371,31.3788,22.87,53.8238
1759345582658154496,-430.585,568.932,1123.62,0.16867,0.741595,0.255789,-0.59679,16.2049,26.697,41.8921,-0.0123083,0.0246552,0.0321374,31.3784,22.8689,53.8223
1759345582668154368,-430.422,569.202,1124.04,0.168158,0.742183,0.255834,-0.596185,16.4071,27.3681,42.2065,-0.0123095,0.0246508,0.0321378,31.378,22.8678,53.8207
1759345582678154496,-430.258,569.479,1124.46,0.167488,0.742841,0.255946,-0.595506,16.6087,28.0363,42.5198,-0.0123107,0.0246464,0.0321382,31.3776,22.8667,53.8192
1759345582688154368,-430.091,569.762,1124.89,0.166612,0.743495,0.256121,-0.59486,16.8092,28.7019,42.8322,-0.0123119,0.0246421,0.0321385,31.3771,22.8656,53.8177
1759345582698154496,-429.922,570.052,1125.32,0.165589,0.744246,0.256327,-0.594116,17.0092,29.3652,43.1442,-0.0123131,0.0246377,0.0321389,31.3767,22.8644,53.8162
1759345582708154368,-429.751,570.349,1125.75,0.164381,0.745057,0.256612,-0.593312,17.209,30.0262,43.4563,-0.0123143,0.0246333,0.0321392,31.3763,22.8633,53.8146
1759345582718154496,-429.578,570.652,1126.19,0.162959,0.745967,0.256937,-0.59242,17.4084,30.6854,43.7685,-0.0123155,0.024629,0.0321396,31.3759,22.8622,53.8131
1759345582728154368,-429.403,570.962,1126.62,0.161311,0.746956,0.257399,-0.591424,17.608,31.3414,44.0808,-0.0123167,0.0246246,0.0321399,31.3755,22.8611,53.8115
1759345582738154496,-429.226,571.278,1127.07,0.159413,0.747998,0.257886,-0.590408,17.8081,31.9936,44.3936,-0.0123179,0.0246203,0.0321403,31.375,22.8599,53.81
1759345582748154368,-429.047,571.601,1127.51,0.15732,0.749127,0.258424,-0.589302,18.0085,32.6415,44.7068,-0.0123191,0.0246159,0.0321406,31.3746,22.8588,53.8084
1759345582758154496,-428.866,571.931,1127.96,0.154986,0.750328,0.259039,-0.588121,18.2092,33.2849,45.0204,-0.0123202,0.0246116,0.032141,31.3742,22.8577,53.8069
1759345582768154368,-428.683,572.266,1128.41,0.15238,0.75163,0.259721,-0.586837,18.411,33.9231,45.3348,-0.0123214,0.0246072,0.0321413,31.3738,22.8565,53.8053
1759345582778154496,-428.498,572.609,1128.87,0.149484,0.752993,0.260516,-0.58548,18.6135,34.556,45.6508,-0.0123226,0.0246029,0.0321417,31.3734,22.8554,53.8037
1759345582788154368,-428.311,572.957,1129.33,0.146311,0.754472,0.261351,-0.584004,18.8168,35.1835,45.9688,-0.0123238,0.0245986,0.032142,31.373,22.8543,53.8021
1759345582798154240,-428.122,573.312,1129.79,0.142817,0.756042,0.262279,-0.58242,19.0211,35.8052,46.2895,-0.0123249,0.0245942,0.0321423,31.3726,22.8531,53.8006
1759345582808154368,-427.931,573.673,1130.25,0.138981,0.757709,0.263296,-0.58072,19.2264,36.4208,46.6134,-0.0123261,0.0245899,0.0321426,31.3722,22.852,53.799
1759345582818154240,-427.738,574.04,1130.72,0.134827,0.759451,0.264429,-0.578907,19.4328,37.0296,46.9409,-0.0123272,0.0245856,0.032143,31.3718,22.8509,53.7974
1759345582828154368,-427.542,574.413,1131.19,0.130328,0.761298,0.26562,-0.576963,19.6399,37.631,47.2721,-0.0123284,0.0245813,0.0321433,31.3714,22.8497,53.7958
1759345582838154240,-427.345,574.792,1131.67,0.125454,0.763239,0.266911,-0.574879,19.8479,38.2243,47.6074,-0.0123295,0.024577,0.0321436,31.371,22.8486,53.7942
1759345582848154368,-427.146,575.177,1132.14,0.120179,0.765287,0.268279,-0.572642,20.0563,38.8083,47.9476,-0.0123307,0.0245727,0.0321439,31.3706,22.8475,53.7926
1759345582858154240,-426.944,575.568,1132.63,0.114578,0.767385,0.269757,-0.570283,20.2645,39.3835,48.2925,-0.0123318,0.0245684,0.0321441,31.3703,22.8463,53.791
1759345582868154368,-426.741,575.965,1133.11,0.108632,0.769554,0.271282,-0.567795,20.4722,39.9493,48.6424,-0.0123329,0.0245642,0.0321444,31.3699,22.8452,53.7894
1759345582878154240,-426.535,576.367,1133.6,0.102355,0.771778,0.272881,-0.565171,20.6787,40.505,48.9971,-0.012334,0.0245599,0.0321447,31.3695,22.8441,53.7878
1759345582888154368,-426.327,576.774,1134.09,0.0957794,0.774008,0.274617,-0.562426,20.8853,41.0508,49.3564,-0.0123351,0.0245557,0.0321449,31.3691,22.8429,53.7862
1759345582898154240,-426.118,577.187,1134.59,0.0889347,0.776279,0.27639,-0.559544,21.0918,41.5862,49.7202,-0.0123363,0.0245514,0.0321452,31.3688,22.8418,53.7845
1759345582908154368,-425.906,577.606,1135.08,0.0818133,0.778578,0.278177,-0.556543,21.2987,42.1117,50.089,-0.0123373,0.0245472,0.0321454,31.3684,22.8407,53.7829
1759345582918154240,-425.692,578.029,1135.59,0.0744416,0.78088,0.28003,-0.553414,21.5057,42.6267,50.4626,-0.0123384,0.024543,0.0321456,31.3681,22.8396,53.7813
1759345582928154112,-425.476,578.458,1136.09,0.0668213,0.783185,0.281954,-0.550143,21.7129,43.1312,50.8414,-0.0123395,0.0245388,0.0321458,31.3677,22.8384,53.7797
1759345582938154240,-425.258,578.892,1136.6,0.0589606,0.785496,0.283913,-0.54673,21.9205,43.6248,51.2255,-0.0123406,0.0245346,0.032146,31.3674,22.8373,53.7781
1759345582948154112,-425.038,579.33,1137.12,0.0508599,0.787787,0.285967,-0.543165,22.1285,44.1071,51.615,-0.0123416,0.0245304,0.0321462,31.367,22.8362,53.7764
1759345582958154240,-424.816,579.774,1137.64,0.042511,0.790071,0.28804,-0.539456,22.3367,44.5779,52.01,-0.0123427,0.0245263,0.0321463,31.3667,22.8351,53.7748
1759345582968154112,-424.591,580.222,1138.16,0.0339213,0.792333,0.290205,-0.535574,22.5452,45.0366,52.4104,-0.0123437,0.0245221,0.0321465,31.3663,22.834,53.7732
1759345582978154240,-424.365,580.674,1138.69,0.0251176,0.794563,0.292415,-0.531538,22.7539,45.4832,52.8161,-0.0123447,0.024518,0.0321466,31.366,22.8328,53.7715
1759345582988154112,-424.137,581.131,1139.22,0.016057,0.796772,0.294644,-0.527334,22.9624,45.9171,53.2275,-0.0123457,0.0245139,0.0321467,31.3657,22.8317,53.7699
1759345582998154240,-423.906,581.592,1139.75,0.00676091,0.79893,0.296957,-0.522955,23.1706,46.3382,53.6444,-0.0123467,0.0245098,0.0321468,31.3654,22.8306,53.7683
1759345583008154112,-423.673,582.058,1140.29,0.00275305,-0.801053,-0.299275,0.518402,23.378,46.7461,54.0667,-0.0123477,0.0245058,0.0321469,31.365,22.8295,53.7666
1759345583018154240,-423.439,582.527,1140.83,0.012498,-0.803104,-0.301683,0.513668,23.5848,47.1401,54.4943,-0.0123487,0.0245017,0.032147,31.3647,22.8284,53.765
1759345583028154112,-423.202,583,1141.38,0.0224743,-0.805107,-0.304072,0.508762,23.7907,47.5199,54.927,-0.0123497,0.0244977,0.032147,31.3644,22.8273,53.7633
1759345583038154240,-422.963,583.477,1141.93,0.0326763,-0.807027,-0.306523,0.503669,23.9956,47.8848,55.3645,-0.0123506,0.0244937,0.032147,31.3641,22.8262,53.7617
1759345583048154112,-422.722,583.958,1142.49,0.043069,-0.808886,-0.308958,0.498391,24.1999,48.2347,55.807,-0.0123515,0.0244897,0.0321471,31.3638,22.8251,53.7601
1759345583058153984,-422.479,584.441,1143.05,0.05367,-0.810644,-0.311471,0.492911,24.4035,48.5695,56.2545,-0.0123524,0.0244858,0.0321471,31.3635,22.824,53.7584
1759345583068154112,-422.234,584.929,1143.61,0.0645035,-0.812315,-0.313994,0.487228,24.6061,48.8884,56.7068,-0.0123533,0.0244818,0.032147,31.3632,22.8229,53.7568
1759345583078153984,-421.988,585.419,1144.18,0.0755504,-0.813887,-0.31652,0.481346,24.8078,49.1913,57.1639,-0.0123542,0.0244779,0.032147,31.363,22.8218,53.7551
1759345583088154112,-421.739,585.912,1144.76,0.0867984,-0.815338,-0.31909,0.475259,25.0086,49.478,57.6258,-0.0123551,0.024474,0.0321469,31.3627,22.8207,53.7535
1759345583098153984,-421.488,586.408,1145.34,0.0982633,-0.816669,-0.321681,0.468953,25.2081,49.7478,58.0922,-0.0123559,0.0244701,0.0321469,31.3624,22.8197,53.7519
1759345583108154112,-421.235,586.907,1145.92,0.109955,-0.817902,-0.324214,0.462419,25.4061,50.0002,58.5628,-0.0123568,0.0244663,0.0321468,31.3621,22.8186,53.7502
1759345583118153984,-420.98,587.408,1146.51,0.12185,-0.81901,-0.326742,0.455647,25.6024,50.2349,59.0375,-0.0123576,0.0244625,0.0321466,31.3619,22.8175,53.7486
1759345583128154112,-420.723,587.911,1147.1,0.133956,-0.819917,-0.329384,0.448663,25.7963,50.4513,59.5156,-0.0123584,0.0244587,0.0321465,31.3616,22.8164,53.7469
1759345583138153984,-420.464,588.417,1147.7,0.146272,-0.820708,-0.331948,0.441422,25.9877,50.6487,59.997,-0.0123592,0.0244549,0.0321463,31.3614,22.8154,53.7453
1759345583148154112,-420.203,588.924,1148.3,0.158788,-0.821341,-0.334454,0.433966,26.1763,50.827,60.481,-0.0123599,0.0244512,0.0321461,31.3611,22.8143,53.7436
1759345583158153984,-419.941,589.433,1148.91,0.171507,-0.821772,-0.336995,0.426276,26.3616,50.9855,60.9673,-0.0123607,0.0244474,0.0321459,31.3609,22.8132,53.742
1759345583168154112,-419.676,589.943,1149.52,0.18439,-0.822008,-0.339512,0.418371,26.5431,51.1235,61.4553,-0.0123614,0.0244437,0.0321457,31.3606,22.8122,53.7404
1759345583178153984,-419.41,590.455,1150.14,0.197433,-0.822039,-0.342026,0.410233,26.721,51.241,61.9446,-0.0123621,0.0244401,0.0321454,31.3604,22.8111,53.7387
1759345583188153856,-419.142,590.968,1150.76,0.210615,-0.821899,-0.344405,0.401881,26.8949,51.3378,62.4346,-0.0123628,0.0244364,0.0321451,31.3602,22.8101,53.7371
1759345583198153984,-418.873,591.481,1151.39,0.223891,-0.821531,-0.346791,0.393312,27.0649,51.4136,62.9247,-0.0123635,0.0244328,0.0321448,31.36,22.809,53.7354
1759345583208153856,-418.601,591.996,1152.02,0.23725,-0.820933,-0.349133,0.38456,27.2308,51.4682,63.4143,-0.0123641,0.0244292,0.0321445,31.3597,22.808,53.7338
1759345583218153984,-418.328,592.51,1152.66,0.250665,-0.820152,-0.35138,0.375566,27.3926,51.5014,63.9028,-0.0123648,0.0244257,0.0321441,31.3595,22.8069,53.7321
1759345583228153856,-418.054,593.025,1153.3,0.264183,-0.819085,-0.353549,0.366483,27.5495,51.5131,64.3894,-0.0123654,0.0244221,0.0321437,31.3593,22.8059,53.7305
1759345583238153984,-417.778,593.54,1153.94,0.277714,-0.817779,-0.355706,0.357192,27.7015,51.5033,64.8734,-0.012366,0.0244187,0.0321433,31.3591,22.8048,53.7289
1759345583248153856,-417.5,594.055,1154.6,0.291219,-0.816285,-0.357771,0.347662,27.8484,51.4718,65.3546,-0.0123665,0.0244152,0.0321429,31.3589,22.8038,53.7272
1759345583258153984,-417.221,594.569,1155.25,0.304765,-0.814507,-0.359784,0.338011,27.9898,51.4185,65.832,-0.0123671,0.0244117,0.0321424,31.3587,22.8028,53.7256
1759345583268153856,-416.94,595.083,1155.91,0.318292,-0.812442,-0.36177,0.328254,28.1255,51.3435,66.3049,-0.0123676,0.0244083,0.0321419,31.3586,22.8018,53.7239
1759345583278153984,-416.659,595.596,1156.58,0.331796,-0.81018,-0.363566,0.318339,28.2551,51.2465,66.7725,-0.0123681,0.024405,0.0321414,31.3584,22.8007,53.7223
1759345583288153856,-416.376,596.108,1157.25,0.345264,-0.807621,-0.365355,0.308314,28.3784,51.1277,67.2342,-0.0123686,0.0244016,0.0321408,31.3582,22.7997,53.7207
1759345583298153984,-416.091,596.618,1157.92,0.358617,-0.804873,-0.367021,0.298109,28.4952,50.9869,67.689,-0.0123691,0.0243983,0.0321402,31.358,22.7987,53.719
1759345583308153856,-415.806,597.127,1158.6,0.37193,-0.801843,-0.368587,0.287852,28.6053,50.8249,68.1363,-0.0123695,0.024395,0.0321396,31.3578,22.7977,53.7174
1759345583318153984,-415.52,597.634,1159.29,0.385097,-0.798615,-0.370057,0.277439,28.7085,50.642,68.5755,-0.01237,0.0243918,0.032139,31.3577,22.7967,53.7158
1759345583328153856,-415.232,598.139,1159.97,0.398181,-0.795116,-0.371452,0.266958,28.8044,50.4385,69.0054,-0.0123704,0.0243885,0.0321383,31.3575,22.7957,53.7141
1759345583338153728,-414.944,598.642,1160.67,0.41118,-0.791352,-0.372714,0.256472,28.8932,50.2146,69.4256,-0.0123708,0.0243853,0.0321376,31.3574,22.7947,53.7125
1759345583348153856,-414.655,599.143,1161.36,0.423949,-0.787427,-0.373924,0.245779,28.975,49.9706,69.8354,-0.0123712,0.0243822,0.0321369,31.3572,22.7937,53.7109
1759345583358153728,-414.365,599.641,1162.06,0.436617,-0.783237,-0.375,0.235117,29.0492,49.7066,70.2343,-0.0123715,0.024379,0.0321361,31.3571,22.7927,53.7092
1759345583368153856,-414.074,600.137,1162.77,0.449065,-0.778885,-0.375982,0.224315,29.1157,49.423,70.6216,-0.0123719,0.0243759,0.0321354,31.3569,22.7917,53.7076
1759345583378153728,-413.783,600.629,1163.48,0.461387,-0.774244,-0.3769,0.213575,29.1743,49.1203,70.9967,-0.0123722,0.0243729,0.0321346,31.3568,22.7907,53.7059
1759345583388153856,-413.491,601.119,1164.19,0.473512,-0.769397,-0.377737,0.202803,29.225,48.7989,71.3592,-0.0123725,0.0243698,0.0321337,31.3566,22.7898,53.7043
1759345583398153728,-413.199,601.605,1164.9,0.485436,-0.764362,-0.378446,0.192046,29.2675,48.4593,71.7086,-0.0123727,0.0243668,0.0321329,31.3565,22.7888,53.7027
1759345583408153856,-412.906,602.088,1165.62,0.497055,-0.759244,-0.379038,0.181148,29.3019,48.1024,72.0437,-0.012373,0.0243638,0.032132,31.3564,22.7878,53.701
1759345583418153728,-412.613,602.567,1166.34,0.508586,-0.753786,-0.379597,0.170449,29.3281,47.7288,72.3643,-0.0123732,0.0243609,0.0321311,31.3562,22.7868,53.6994
1759345583428153856,-412.32,603.042,1167.07,0.519828,-0.748207,-0.380065,0.159736,29.3465,47.339,72.6696,-0.0123735,0.024358,0.0321301,31.3561,22.7859,53.6978
1759345583438153728,-412.026,603.513,1167.8,0.530773,-0.742534,-0.380421,0.149003,29.3568,46.9337,72.9589,-0.0123737,0.0243551,0.0321291,31.356,22.7849,53.6961
1759345583448153856,-411.733,603.98,1168.53,0.54151,-0.736672,-0.380707,0.138359,29.3585,46.5133,73.2322,-0.0123738,0.0243522,0.0321281,31.3559,22.784,53.6945
1759345583458153728,-411.439,604.443,1169.26,0.552015,-0.730668,-0.380884,0.127793,29.3515,46.0784,73.4891,-0.012374,0.0243494,0.0321271,31.3557,22.783,53.6928
1759345583468153600,-411.146,604.902,1170,0.562163,-0.724638,-0.380979,0.117165,29.3362,45.6294,73.7294,-0.0123742,0.0243466,0.032126,31.3556,22.7821,53.6912
1759345583478153728,-410.853,605.356,1170.74,0.572177,-0.718334,-0.381045,0.106834,29.3123,45.167,73.9526,-0.0123743,0.0243438,0.032125,31.3555,22.7811,53.6896
1759345583488153600,-410.56,605.805,1171.48,0.581821,-0.712045,-0.381024,0.0964242,29.2803,44.6917,74.1585,-0.0123744,0.024341,0.0321239,31.3554,22.7802,53.6879
1759345583498153728,-410.268,606.249,1172.22,0.59127,-0.705586,-0.380939,0.0862174,29.2404,44.2048,74.3469,-0.0123745,0.0243383,0.0321227,31.3553,22.7792,53.6863
1759345583508153600,-409.976,606.689,1172.96,0.60046,-0.699038,-0.380792,0.0760961,29.1928,43.7068,74.5177,-0.0123746,0.0243356,0.0321216,31.3552,22.7783,53.6846
1759345583518153728,-409.684,607.123,1173.71,0.609325,-0.692491,-0.380555,0.0660125,29.1378,43.1982,74.6708,-0.0123746,0.0243329,0.0321204,31.3551,22.7774,53.683
1759345583528153600,-409.393,607.553,1174.46,0.617931,-0.685842,-0.380307,0.0561105,29.0751,42.6798,74.8063,-0.0123747,0.0243303,0.0321192,31.355,22.7765,53.6813
1759345583538153728,-409.103,607.977,1175.21,0.626287,-0.679132,-0.379995,0.0463437,29.0051,42.1519,74.9243,-0.0123747,0.0243277,0.0321179,31.3549,22.7755,53.6797
1759345583548153600,-408.814,608.396,1175.96,0.63435,-0.672379,-0.379684,0.0366846,28.9276,41.6154,75.0243,-0.0123747,0.0243251,0.0321167,31.3548,22.7746,53.678
1759345583558153728,-408.525,608.809,1176.71,0.642182,-0.665568,-0.379315,0.0272197,28.843,41.0709,75.1062,-0.0123747,0.0243225,0.0321154,31.3547,22.7737,53.6764
1759345583568153600,-408.237,609.217,1177.46,0.649751,-0.658733,-0.378911,0.0179136,28.7512,40.519,75.1701,-0.0123747,0.0243199,0.0321141,31.3546,22.7728,53.6747
1759345583578153728,-407.95,609.619,1178.21,0.65707,-0.651884,-0.378458,0.00872695,28.6526,39.9603,75.216,-0.0123746,0.0243174,0.0321128,31.3545,22.7719,53.673
1759345583588153600,-407.664,610.016,1178.96,0.664228,-0.644979,-0.377893,-0.00020006,28.5475,39.3953,75.2438,-0.0123746,0.0243149,0.0321114,31.3544,22.771,53.6714
1759345583598153472,-407.38,610.407,1179.72,0.670976,-0.63821,-0.377351,-0.00922759,28.4355,38.8243,75.2543,-0.0123745,0.0243124,0.03211,31.3543,22.7701,53.6697
1759345583608153600,-407.096,610.793,1180.47,0.677538,-0.63135,-0.376852,-0.0179725,28.317,38.2484,75.2473,-0.0123744,0.0243099,0.0321087,31.3542,22.7692,53.668
1759345583618153472,-406.813,611.172,1181.22,0.683906,-0.624504,-0.376247,-0.0265558,28.1926,37.6677,75.2229,-0.0123743,0.0243075,0.0321072,31.3541,22.7683,53.6663
1759345583628153600,-406.532,611.546,1181.97,0.690084,-0.617655,-0.375585,-0.034967,28.0622,37.0831,75.181,-0.0123742,0.0243051,0.0321058,31.354,22.7674,53.6647
1759345583638153472,-406.252,611.914,1182.72,0.696067,-0.610838,-0.374829,-0.0432615,27.926,36.4949,75.1217,-0.012374,0.0243027,0.0321043,31.3539,22.7665,53.663
1759345583648153600,-405.974,612.276,1183.48,0.701845,-0.603962,-0.374178,-0.0513241,27.7837,35.9029,75.0456,-0.0123739,0.0243003,0.0321029,31.3538,22.7656,53.6613
1759345583658153472,-405.697,612.632,1184.23,0.707394,-0.597142,-0.3735,-0.0592713,27.6359,35.3081,74.9526,-0.0123737,0.0242979,0.0321014,31.3537,22.7648,53.6596
1759345583668153600,-405.422,612.983,1184.97,0.712748,-0.590348,-0.372799,-0.0670895,27.4828,34.7108,74.843,-0.0123735,0.0242956,0.0320999,31.3536,22.7639,53.6579
1759345583678153472,-405.148,613.327,1185.72,0.717876,-0.583634,-0.372057,-0.0748223,27.3242,34.1115,74.7173,-0.0123733,0.0242933,0.0320983,31.3535,22.763,53.6562
1759345583688153600,-404.875,613.665,1186.47,0.722827,-0.576985,-0.371243,-0.082391,27.1605,33.5106,74.575,-0.0123731,0.0242909,0.0320968,31.3534,22.7621,53.6545
1759345583698153472,-404.605,613.997,1187.21,0.727611,-0.570351,-0.370424,-0.0898229,26.9917,32.9088,74.4162,-0.0123729,0.0242887,0.0320952,31.3533,22.7613,53.6528
1759345583708153600,-404.336,614.324,1187.96,0.732213,-0.563756,-0.369621,-0.0970786,26.818,32.3063,74.2411,-0.0123727,0.0242864,0.0320936,31.3532,22.7604,53.6511
1759345583718153472,-404.068,614.644,1188.7,0.736643,-0.557223,-0.368793,-0.104172,26.6396,31.7034,74.05,-0.0123724,0.0242841,0.032092,31.3531,22.7595,53.6494
1759345583728153344,-403.803,614.958,1189.44,0.740925,-0.550663,-0.368048,-0.111095,26.4567,31.1003,73.8423,-0.0123722,0.0242819,0.0320904,31.353,22.7587,53.6477
1759345583738153472,-403.54,615.266,1190.18,0.745086,-0.544162,-0.367199,-0.117892,26.2697,30.4974,73.6187,-0.0123719,0.0242797,0.0320887,31.3529,22.7578,53.646
1759345583748153344,-403.278,615.568,1190.91,0.749095,-0.537732,-0.366312,-0.124561,26.0788,29.895,73.3792,-0.0123716,0.0242774,0.0320871,31.3528,22.757,53.6442
1759345583758153472,-403.018,615.864,1191.64,0.752883,-0.531414,-0.365443,-0.131215,25.8842,29.2935,73.1243,-0.0123713,0.0242752,0.0320854,31.3527,22.7561,53.6425
1759345583768153344,-402.76,616.154,1192.37,0.756586,-0.525114,-0.364549,-0.137613,25.686,28.6935,72.8547,-0.012371,0.0242731,0.0320837,31.3526,22.7553,53.6408
1759345583778153472,-402.505,616.438,1193.1,0.760131,-0.518901,-0.363646,-0.143889,25.4845,28.0954,72.5706,-0.0123707,0.0242709,0.032082,31.3525,22.7544,53.639
1759345583788153344,-402.251,616.717,1193.83,0.763528,-0.512774,-0.362734,-0.150038,25.2794,27.4995,72.2723,-0.0123704,0.0242687,0.0320803,31.3524,22.7536,53.6373
1759345583798153472,-401.999,616.989,1194.55,0.766797,-0.506731,-0.361808,-0.156017,25.0712,26.9063,71.9601,-0.0123701,0.0242666,0.0320785,31.3523,22.7527,53.6355
1759345583808153344,-401.749,617.255,1195.27,0.769894,-0.500817,-0.360899,-0.161855,24.8601,26.3163,71.634,-0.0123697,0.0242645,0.0320768,31.3522,22.7519,53.6337
1759345583818153472,-401.502,617.516,1195.98,0.77289,-0.49498,-0.359974,-0.167493,24.6457,25.729,71.2947,-0.0123694,0.0242623,0.032075,31.3521,22.751,53.632
1759345583828153344,-401.257,617.77,1196.69,0.775715,-0.489294,-0.359068,-0.172997,24.4281,25.1449,70.9428,-0.012369,0.0242602,0.0320732,31.352,22.7502,53.6302
1759345583838153472,-401.013,618.019,1197.4,0.778467,-0.483699,-0.358095,-0.178308,24.2071,24.5644,70.5784,-0.0123686,0.0242581,0.0320714,31.3519,22.7494,53.6284
1759345583848153344,-400.773,618.262,1198.1,0.781041,-0.47822,-0.357223,-0.183501,23.9831,23.9875,70.2018,-0.0123683,0.0242561,0.0320696,31.3518,22.7485,53.6267
1759345583858153216,-400.534,618.499,1198.8,0.783507,-0.472869,-0.356315,-0.188549,23.7563,23.4144,69.8133,-0.0123679,0.024254,0.0320678,31.3516,22.7477,53.6249
1759345583868153344,-400.297,618.731,1199.5,0.785889,-0.467604,-0.355413,-0.193408,23.5267,22.845,69.4134,-0.0123675,0.0242519,0.032066,31.3515,22.7469,53.6231
1759345583878153216,-400.063,618.956,1200.19,0.788112,-0.462523,-0.354529,-0.198143,23.2946,22.2796,69.0026,-0.0123671,0.0242499,0.0320641,31.3514,22.746,53.6213
1759345583888153344,-399.832,619.177,1200.88,0.790215,-0.457574,-0.35367,-0.202739,23.0598,21.7184,68.5819,-0.0123667,0.0242479,0.0320623,31.3513,22.7452,53.6195
1759345583898153216,-399.602,619.391,1201.57,0.792259,-0.452728,-0.352799,-0.207114,22.8223,21.1606,68.1517,-0.0123662,0.0242458,0.0320604,31.3512,22.7444,53.6177
1759345583908153344,-399.375,619.6,1202.24,0.79417,-0.448027,-0.351971,-0.211381,22.582,20.6063,67.7123,-0.0123658,0.0242438,0.0320585,31.351,22.7436,53.6158
1759345583918153216,-399.151,619.804,1202.92,0.795954,-0.443476,-0.351185,-0.215535,22.3383,20.0551,67.2644,-0.0123654,0.0242418,0.0320566,31.3509,22.7427,53.614
1759345583928153344,-398.928,620.002,1203.59,0.797656,-0.439041,-0.350428,-0.219519,22.092,19.5073,66.8076,-0.012365,0.0242398,0.0320547,31.3508,22.7419,53.6122
1759345583938153216,-398.709,620.194,1204.26,0.799283,-0.434701,-0.349691,-0.223379,21.8431,18.9628,66.342,-0.0123645,0.0242378,0.0320528,31.3507,22.7411,53.6103
1759345583948153344,-398.492,620.382,1204.92,0.800777,-0.430542,-0.348966,-0.227183,21.5919,18.422,65.8678,-0.0123641,0.0242359,0.0320509,31.3505,22.7403,53.6085
1759345583958153216,-398.277,620.563,1205.57,0.80224,-0.426417,-0.348318,-0.230769,21.3379,17.8847,65.3853,-0.0123636,0.0242339,0.032049,31.3504,22.7394,53.6066
1759345583968153344,-398.065,620.74,1206.23,0.803618,-0.422408,-0.347674,-0.23429,21.0816,17.3505,64.8947,-0.0123631,0.0242319,0.032047,31.3502,22.7386,53.6048
1759345583978153216,-397.855,620.911,1206.87,0.804927,-0.418489,-0.347056,-0.237721,20.8232,16.8193,64.3963,-0.0123627,0.02423,0.0320451,31.3501,22.7378,53.6029
1759345583988153344,-397.648,621.077,1207.51,0.806171,-0.414658,-0.346472,-0.241048,20.5627,16.291,63.8902,-0.0123622,0.0242281,0.0320431,31.35,22.737,53.6011
1759345583998153216,-397.444,621.237,1208.15,0.807323,-0.410925,-0.345939,-0.244328,20.3006,15.7657,63.3761,-0.0123617,0.0242261,0.0320412,31.3498,22.7362,53.5992
1759345584008153088,-397.242,621.392,1208.78,0.808437,-0.407231,-0.345434,-0.247525,20.0371,15.2436,62.8546,-0.0123612,0.0242242,0.0320392,31.3497,22.7354,53.5973
1759345584018153216,-397.043,621.543,1209.41,0.809532,-0.403573,-0.34493,-0.250619,19.7725,14.7249,62.3257,-0.0123607,0.0242223,0.0320372,31.3495,22.7345,53.5954
1759345584028153088,-396.847,621.687,1210.03,0.810576,-0.399979,-0.344443,-0.253658,19.5068,14.2099,61.7897,-0.0123602,0.0242203,0.0320352,31.3494,22.7337,53.5935
1759345584038153216,-396.653,621.827,1210.65,0.811558,-0.396426,-0.344018,-0.256654,19.24,13.6988,61.2465,-0.0123597,0.0242184,0.0320332,31.3492,22.7329,53.5916
1759345584048153088,-396.462,621.962,1211.26,0.81252,-0.39292,-0.343588,-0.259564,18.9719,13.1915,60.6968,-0.0123592,0.0242165,0.0320312,31.3491,22.7321,53.5897
1759345584058153216,-396.273,622.091,1211.86,0.813421,-0.38949,-0.343185,-0.262428,18.7027,12.6881,60.1407,-0.0123586,0.0242146,0.0320292,31.3489,22.7313,53.5878
1759345584068153088,-396.088,622.216,1212.46,0.814306,-0.386115,-0.342788,-0.265176,18.4323,12.1886,59.5783,-0.0123581,0.0242127,0.0320272,31.3487,22.7305,53.5859
1759345584078153216,-395.905,622.336,1213.05,0.81513,-0.382823,-0.342421,-0.267878,18.1622,11.6932,59.0097,-0.0123576,0.0242108,0.0320252,31.3486,22.7297,53.584
1759345584088153088,-395.724,622.45,1213.64,0.815913,-0.379617,-0.342069,-0.27049,17.8919,11.2014,58.4351,-0.012357,0.024209,0.0320231,31.3484,22.7289,53.582
1759345584098153216,-395.547,622.56,1214.22,0.816699,-0.376467,-0.341705,-0.27297,17.6217,10.7126,57.8547,-0.0123565,0.0242071,0.0320211,31.3482,22.7281,53.5801
1759345584108153088,-395.372,622.665,1214.8,0.8174,-0.373391,-0.34144,-0.275418,17.3515,10.2269,57.269,-0.0123559,0.0242052,0.032019,31.348,22.7272,53.5782
1759345584118153216,-395.199,622.765,1215.37,0.818094,-0.370408,-0.341088,-0.277811,17.0819,9.74371,56.6779,-0.0123553,0.0242033,0.032017,31.3479,22.7264,53.5762
1759345584128153088,-395.03,622.86,1215.93,0.818754,-0.367415,-0.340888,-0.280077,16.8127,9.26291,56.0818,-0.0123548,0.0242015,0.0320149,31.3477,22.7256,53.5742
1759345584138152960,-394.863,622.951,1216.49,0.8194,-0.364541,-0.340609,-0.282274,16.5442,8.78487,55.481,-0.0123542,0.0241996,0.0320128,31.3475,22.7248,53.5723
1759345584148153088,-394.699,623.037,1217.04,0.819997,-0.361668,-0.340471,-0.284393,16.2767,8.30948,54.8755,-0.0123536,0.0241978,0.0320108,31.3473,22.724,53.5703
1759345584158152960,-394.537,623.118,1217.59,0.820593,-0.358885,-0.340229,-0.286485,16.0104,7.8362,54.2656,-0.012353,0.0241959,0.0320087,31.3471,22.7232,53.5683
1759345584168153088,-394.378,623.194,1218.13,0.821179,-0.356125,-0.340014,-0.288497,15.7448,7.36553,53.6517,-0.0123524,0.0241941,0.0320066,31.3469,22.7224,53.5664
1759345584178152960,-394.222,623.265,1218.66,0.821726,-0.353423,-0.339842,-0.290459,15.48,6.89728,53.034,-0.0123518,0.0241922,0.0320045,31.3467,22.7216,53.5644
1759345584188153088,-394.069,623.332,1219.19,0.822242,-0.350773,-0.33969,-0.292381,15.2162,6.43102,52.4127,-0.0123512,0.0241904,0.0320024,31.3465,22.7208,53.5624
1759345584198152960,-393.918,623.394,1219.71,0.822754,-0.348175,-0.339521,-0.294236,14.9528,5.96756,51.7875,-0.0123506,0.0241886,0.0320003,31.3463,22.72,53.5604
1759345584208153088,-393.769,623.452,1220.23,0.823244,-0.34564,-0.339362,-0.296035,14.6896,5.50675,51.1588,-0.01235,0.0241867,0.0319982,31.3461,22.7191,53.5584
1759345584218152960,-393.624,623.505,1220.74,0.823725,-0.343146,-0.33918,-0.297799,14.4263,5.04904,50.5261,-0.0123493,0.0241849,0.0319961,31.3459,22.7183,53.5564
1759345584228153088,-393.481,623.553,1221.24,0.824204,-0.340707,-0.338963,-0.299517,14.1628,4.5947,49.8896,-0.0123487,0.0241831,0.031994,31.3457,22.7175,53.5544
1759345584238152960,-393.34,623.597,1221.73,0.824633,-0.338326,-0.338799,-0.301215,13.8989,4.14461,49.2486,-0.0123481,0.0241813,0.0319919,31.3455,22.7167,53.5523
1759345584248153088,-393.203,623.637,1222.22,0.82506,-0.335973,-0.338607,-0.30289,13.6349,3.69806,48.604,-0.0123474,0.0241794,0.0319898,31.3453,22.7159,53.5503
1759345584258152960,-393.068,623.672,1222.71,0.825458,-0.333659,-0.338383,-0.304612,13.3705,3.25513,47.9558,-0.0123468,0.0241776,0.0319876,31.3451,22.7151,53.5483
1759345584268152832,-392.935,623.702,1223.18,0.8259,-0.331351,-0.3381,-0.306243,13.1055,2.81548,47.3044,-0.0123461,0.0241758,0.0319855,31.3449,22.7143,53.5462
1759345584278152960,-392.805,623.728,1223.65,0.826311,-0.329048,-0.337881,-0.307854,12.8405,2.37888,46.6497,-0.0123455,0.024174,0.0319834,31.3446,22.7135,53.5442
1759345584288152832,-392.678,623.75,1224.12,0.826707,-0.326802,-0.337615,-0.309472,12.5756,1.9457,45.9924,-0.0123448,0.0241722,0.0319812,31.3444,22.7127,53.5422
1759345584298152960,-392.554,623.768,1224.57,0.827109,-0.32457,-0.337313,-0.311069,12.3107,1.51587,45.3322,-0.0123442,0.0241704,0.0319791,31.3442,22.7119,53.5401
1759345584308152832,-392.432,623.781,1225.02,0.827483,-0.322378,-0.337044,-0.312644,12.046,1.08955,44.6693,-0.0123435,0.0241686,0.0319769,31.344,22.7111,53.538
1759345584318152960,-392.312,623.79,1225.47,0.82785,-0.320208,-0.336786,-0.314177,11.7812,0.666357,44.0035,-0.0123429,0.0241668,0.0319748,31.3437,22.7102,53.536
1759345584328152832,-392.196,623.794,1225.91,0.828212,-0.318072,-0.336518,-0.315675,11.5164,0.246233,43.3347,-0.0123422,0.024165,0.0319726,31.3435,22.7094,53.5339
1759345584338152960,-392.082,623.795,1226.34,0.82857,-0.315954,-0.336245,-0.317149,11.2514,-0.170764,42.6632,-0.0123415,0.0241632,0.0319704,31.3433,22.7086,53.5318
1759345584348152832,-391.971,623.791,1226.76,0.82894,-0.313847,-0.335941,-0.318594,10.9866,-0.584724,41.9891,-0.0123409,0.0241614,0.0319683,31.343,22.7078,53.5297
1759345584358152960,-391.862,623.784,1227.18,0.829291,-0.311781,-0.335657,-0.320005,10.7217,-0.995758,41.3124,-0.0123402,0.0241597,0.0319661,31.3428,22.707,53.5276
1759345584368152832,-391.756,623.772,1227.59,0.829607,-0.309758,-0.335424,-0.321393,10.4572,-1.40407,40.6334,-0.0123395,0.0241579,0.0319639,31.3426,22.7062,53.5255
1759345584378152960,-391.653,623.756,1227.99,0.829926,-0.307777,-0.335176,-0.322728,10.193,-1.80954,39.9522,-0.0123388,0.0241561,0.0319617,31.3423,22.7054,53.5235
1759345584388152832,-391.552,623.736,1228.39,0.830225,-0.30583,-0.334954,-0.324038,9.92911,-2.21211,39.2691,-0.0123382,0.0241543,0.0319595,31.3421,22.7046,53.5213
1759345584398152704,-391.454,623.712,1228.78,0.830511,-0.303947,-0.334729,-0.325305,9.66564,-2.61165,38.584,-0.0123375,0.0241525,0.0319573,31.3418,22.7038,53.5192
1759345584408152832,-391.359,623.684,1229.16,0.830814,-0.302094,-0.334488,-0.326504,9.40216,-3.00854,37.8967,-0.0123368,0.0241507,0.0319552,31.3416,22.703,53.5171
1759345584418152704,-391.266,623.652,1229.53,0.831087,-0.300275,-0.334296,-0.327683,9.1385,-3.40296,37.2073,-0.0123361,0.024149,0.031953,31.3413,22.7021,53.515
1759345584428152832,-391.176,623.616,1229.9,0.831332,-0.298531,-0.334148,-0.328803,8.87538,-3.79485,36.5157,-0.0123354,0.0241472,0.0319507,31.3411,22.7013,53.5129
1759345584438152704,-391.088,623.577,1230.27,0.831568,-0.296836,-0.333984,-0.329904,8.61249,-4.18431,35.8222,-0.0123347,0.0241454,0.0319485,31.3408,22.7005,53.5107
1759345584448152832,-391.003,623.533,1230.62,0.831806,-0.295163,-0.333816,-0.330975,8.34959,-4.57165,35.1277,-0.012334,0.0241436,0.0319463,31.3406,22.6997,53.5086
1759345584458152704,-390.921,623.486,1230.97,0.83204,-0.293548,-0.333653,-0.331985,8.08647,-4.95665,34.4318,-0.0123333,0.0241419,0.0319441,31.3403,22.6989,53.5065
1759345584468152832,-390.841,623.434,1231.31,0.832248,-0.291998,-0.333531,-0.332954,7.82284,-5.33927,33.7349,-0.0123326,0.0241401,0.0319419,31.34,22.6981,53.5043
1759345584478152704,-390.764,623.379,1231.64,0.832438,-0.290498,-0.333431,-0.333888,7.55857,-5.71936,33.0363,-0.0123319,0.0241383,0.0319397,31.3398,22.6973,53.5022
1759345584488152832,-390.69,623.32,1231.97,0.832609,-0.289041,-0.333349,-0.334807,7.29397,-6.09698,32.3359,-0.0123312,0.0241366,0.0319375,31.3395,22.6965,53.5
1759345584498152704,-390.618,623.257,1232.29,0.832768,-0.287628,-0.333302,-0.335675,7.02896,-6.47197,31.6336,-0.0123305,0.0241348,0.0319352,31.3392,22.6957,53.4979
1759345584508152832,-390.549,623.191,1232.61,0.832931,-0.286245,-0.333232,-0.336522,6.76295,-6.84437,30.9288,-0.0123298,0.024133,0.031933,31.339,22.6949,53.4957
1759345584518152704,-390.483,623.121,1232.91,0.833091,-0.284855,-0.333154,-0.337381,6.49675,-7.21464,30.2223,-0.0123291,0.0241313,0.0319308,31.3387,22.694,53.4935
1759345584528152832,-390.419,623.047,1233.21,0.833282,-0.283436,-0.333063,-0.338194,6.22989,-7.58296,29.5137,-0.0123284,0.0241295,0.0319285,31.3384,22.6932,53.4914
1759345584538152704,-390.358,622.969,1233.5,0.83344,-0.282052,-0.332988,-0.339032,5.96287,-7.94902,28.8034,-0.0123277,0.0241277,0.0319263,31.3382,22.6924,53.4892
1759345584548152576,-390.299,622.888,1233.79,0.833582,-0.280676,-0.332945,-0.339868,5.69581,-8.31253,28.0918,-0.012327,0.0241259,0.031924,31.3379,22.6916,53.487
1759345584558152704,-390.244,622.803,1234.06,0.833699,-0.279328,-0.332976,-0.34066,5.42848,-8.67352,27.3791,-0.0123263,0.0241242,0.0319218,31.3376,22.6908,53.4848
1759345584568152576,-390.191,622.715,1234.34,0.833816,-0.278037,-0.332996,-0.34141,5.16082,-9.03241,26.6653,-0.0123256,0.0241224,0.0319195,31.3373,22.69,53.4826
1759345584578152704,-390.14,622.623,1234.6,0.833924,-0.276783,-0.333031,-0.34213,4.89244,-9.38925,25.9507,-0.0123248,0.0241206,0.0319173,31.337,22.6892,53.4804
1759345584588152576,-390.093,622.527,1234.86,0.834039,-0.275573,-0.333066,-0.342791,4.62326,-9.74381,25.2349,-0.0123241,0.0241189,0.031915,31.3368,22.6884,53.4782
1759345584598152704,-390.048,622.428,1235.1,0.834151,-0.274406,-0.333127,-0.343394,4.35397,-10.0966,24.5179,-0.0123234,0.0241171,0.0319127,31.3365,22.6875,53.476
1759345584608152576,-390.005,622.326,1235.35,0.834222,-0.273279,-0.333268,-0.343984,4.08509,-10.4469,23.7991,-0.0123227,0.0241153,0.0319105,31.3362,22.6867,53.4738
1759345584618152704,-389.966,622.22,1235.58,0.834302,-0.272167,-0.33342,-0.344523,3.81668,-10.7954,23.0787,-0.0123219,0.0241136,0.0319082,31.3359,22.6859,53.4716
1759345584628152576,-389.929,622.11,1235.81,0.834413,-0.271096,-0.333515,-0.345008,3.54895,-11.1423,22.3566,-0.0123212,0.0241118,0.0319059,31.3356,22.6851,53.4694
1759345584638152704,-389.894,621.997,1236.03,0.834479,-0.270028,-0.333684,-0.345521,3.28253,-11.4884,21.6323,-0.0123205,0.02411,0.0319036,31.3353,22.6843,53.4672
1759345584648152576,-389.863,621.881,1236.24,0.834584,-0.268974,-0.333867,-0.345913,3.01695,-11.8335,20.9065,-0.0123197,0.0241083,0.0319014,31.335,22.6835,53.465
1759345584658152704,-389.834,621.761,1236.45,0.834703,-0.267914,-0.334128,-0.346196,2.75243,-12.1777,20.1795,-0.012319,0.0241065,0.0318991,31.3347,22.6826,53.4628
1759345584668152576,-389.807,621.637,1236.65,0.834788,-0.26691,-0.334453,-0.346451,2.48912,-12.521,19.4519,-0.0123183,0.0241047,0.0318968,31.3345,22.6818,53.4605
1759345584678152448,-389.784,621.51,1236.84,0.834852,-0.26602,-0.334709,-0.346734,2.22651,-12.8633,18.7235,-0.0123175,0.024103,0.0318945,31.3342,22.681,53.4583
1759345584688152576,-389.763,621.38,1237.02,0.834889,-0.265149,-0.335035,-0.346997,1.96455,-13.2044,17.9953,-0.0123168,0.0241012,0.0318922,31.3339,22.6802,53.4561
1759345584698152448,-389.744,621.247,1237.2,0.835041,-0.264227,-0.33537,-0.34701,1.70298,-13.5444,17.2669,-0.012316,0.0240994,0.03189,31.3336,22.6794,53.4538
1759345584708152576,-389.728,621.109,1237.37,0.835128,-0.263423,-0.335689,-0.347106,1.44178,-13.8832,16.5382,-0.0123153,0.0240977,0.0318877,31.3333,22.6785,53.4516
1759345584718152448,-389.715,620.969,1237.53,0.835189,-0.26258,-0.336117,-0.347183,1.18081,-14.2208,15.8091,-0.0123145,0.0240959,0.0318854,31.333,22.6777,53.4494
1759345584728152576,-389.704,620.825,1237.68,0.835317,-0.261731,-0.336479,-0.347166,0.920225,-14.5572,15.0794,-0.0123138,0.0240942,0.0318831,31.3326,22.6769,53.4471
1759345584738152448,-389.696,620.678,1237.83,0.835423,-0.260922,-0.33682,-0.347189,0.659959,-14.8923,14.3493,-0.012313,0.0240924,0.0318808,31.3323,22.6761,53.4449
1759345584748152576,-389.691,620.528,1237.97,0.835511,-0.260058,-0.337244,-0.347213,0.400199,-15.2257,13.6181,-0.0123123,0.0240907,0.0318785,31.332,22.6753,53.4426
1759345584758152448,-389.688,620.374,1238.1,0.835658,-0.259175,-0.337578,-0.347196,0.140882,-15.5582,12.8861,-0.0123115,0.0240889,0.0318762,31.3317,22.6744,53.4403
1759345584768152576,-389.688,620.217,1238.23,0.835776,-0.258247,-0.338019,-0.347174,-0.117418,-15.8893,12.1536,-0.0123108,0.0240872,0.0318739,31.3314,22.6736,53.4381
1759345584778152448,-389.69,620.056,1238.35,0.83589,-0.257351,-0.338369,-0.347224,-0.37501,-16.2196,11.4206,-0.01231,0.0240854,0.0318716,31.3311,22.6728,53.4358
1759345584788152576,-389.695,619.892,1238.46,0.836064,-0.256319,-0.338801,-0.347147,-0.632114,-16.549,10.6873,-0.0123092,0.0240837,0.0318693,31.3308,22.672,53.4336
1759345584798152448,-389.702,619.725,1238.56,0.836216,-0.255303,-0.33921,-0.34713,-0.889091,-16.8775,9.95387,-0.0123085,0.0240819,0.031867,31.3305,22.6711,53.4313
1759345584808152320,-389.712,619.555,1238.66,0.836384,-0.254281,-0.33961,-0.347086,-1.14598,-17.2051,9.22025,-0.0123077,0.0240802,0.0318647,31.3301,22.6703,53.429
1759345584818152448,-389.725,619.381,1238.75,0.836547,-0.253215,-0.340043,-0.347048,-1.40291,-17.5318,8.48668,-0.0123069,0.0240784,0.0318624,31.3298,22.6695,53.4268
1759345584828152320,-389.74,619.205,1238.83,0.836661,-0.252163,-0.340487,-0.347103,-1.6599,-17.8579,7.75292,-0.0123061,0.0240767,0.0318602,31.3295,22.6687,53.4245
1759345584838152448,-389.758,619.024,1238.9,0.836863,-0.251083,-0.340867,-0.347027,-1.91683,-18.183,7.01859,-0.0123054,0.0240749,0.0318579,31.3292,22.6678,53.4222
1759345584848152320,-389.778,618.841,1238.97,0.83702,-0.249956,-0.341382,-0.346955,-2.17461,-18.5081,6.28395,-0.0123046,0.0240732,0.0318556,31.3288,22.667,53.4199
1759345584858152448,-389.801,618.654,1239.03,0.837244,-0.248794,-0.341834,-0.346804,-2.43251,-18.8328,5.54861,-0.0123038,0.0240714,0.0318533,31.3285,22.6662,53.4176
1759345584868152320,-389.826,618.465,1239.08,0.837401,-0.247637,-0.34232,-0.346773,-2.69044,-19.1572,4.81238,-0.012303,0.0240697,0.031851,31.3282,22.6653,53.4154
1759345584878152448,-389.854,618.271,1239.13,0.837663,-0.246362,-0.34279,-0.346587,-2.94811,-19.4814,4.07478,-0.0123022,0.024068,0.0318487,31.3278,22.6645,53.4131
1759345584888152320,-389.885,618.075,1239.16,0.837815,-0.245178,-0.343222,-0.346631,-3.20548,-19.8055,3.33591,-0.0123014,0.0240662,0.0318464,31.3275,22.6636,53.4108
1759345584898152448,-389.918,617.875,1239.19,0.838007,-0.243867,-0.343712,-0.346606,-3.46282,-20.1301,2.59556,-0.0123006,0.0240645,0.0318441,31.3272,22.6628,53.4085
1759345584908152320,-389.953,617.673,1239.22,0.838261,-0.24242,-0.344265,-0.346459,-3.71967,-20.4559,1.85396,-0.0122998,0.0240627,0.0318417,31.3268,22.662,53.4062
1759345584918152448,-389.992,617.466,1239.23,0.838455,-0.240982,-0.344783,-0.346476,-3.97572,-20.7811,1.11121,-0.012299,0.024061,0.0318394,31.3265,22.6611,53.4039
1759345584928152320,-390.032,617.257,1239.24,0.838687,-0.239469,-0.345289,-0.34646,-4.23081,-21.1067,0.366376,-0.0122982,0.0240592,0.0318371,31.3261,22.6603,53.4016
1759345584938152192,-390.076,617.044,1239.24,0.838924,-0.237918,-0.345791,-0.346454,-4.48515,-21.4322,-0.379993,-0.0122973,0.0240574,0.0318348,31.3258,22.6594,53.3993
1759345584948152320,-390.122,616.829,1239.23,0.839236,-0.236275,-0.346267,-0.346346,-4.73892,-21.7581,-1.12787,-0.0122965,0.0240557,0.0318325,31.3254,22.6586,53.397
1759345584958152192,-390.17,616.609,1239.22,0.839514,-0.234623,-0.346728,-0.346335,-4.99171,-22.0844,-1.877,-0.0122957,0.0240539,0.0318302,31.3251,22.6577,53.3947
1759345584968152320,-390.221,616.387,1239.2,0.839725,-0.23298,-0.347214,-0.346447,-5.24299,-22.4099,-2.62754,-0.0122948,0.0240522,0.0318279,31.3247,22.6569,53.3924
1759345584978152192,-390.274,616.161,1239.17,0.840042,-0.231282,-0.347593,-0.346435,-5.49222,-22.7343,-3.37962,-0.012294,0.0240504,0.0318256,31.3244,22.656,53.3901
1759345584988152320,-390.33,615.932,1239.13,0.840276,-0.229613,-0.348029,-0.346539,-5.73926,-23.0573,-4.1334,-0.0122931,0.0240486,0.0318233,31.324,22.6552,53.3878
1759345584998152192,-390.389,615.7,1239.08,0.840582,-0.227866,-0.348477,-0.346501,-5.98497,-23.3789,-4.88865,-0.0122923,0.0240469,0.031821,31.3237,22.6543,53.3855
1759345585008152320,-390.449,615.465,1239.03,0.840931,-0.226086,-0.348918,-0.346376,-6.2294,-23.6992,-5.64556,-0.0122914,0.0240451,0.0318186,31.3233,22.6535,53.3832
1759345585018152192,-390.513,615.226,1238.97,0.841218,-0.224399,-0.349296,-0.346395,-6.47246,-24.0177,-6.40393,-0.0122905,0.0240434,0.0318163,31.3229,22.6526,53.3809
1759345585028152320,-390.578,614.985,1238.9,0.84154,-0.22277,-0.34958,-0.346377,-6.71405,-24.3336,-7.16369,-0.0122897,0.0240416,0.031814,31.3225,22.6517,53.3786
1759345585038152192,-390.646,614.74,1238.83,0.841856,-0.22109,-0.349977,-0.346285,-6.95426,-24.6463,-7.92467,-0.0122888,0.0240398,0.0318117,31.3222,22.6509,53.3763
1759345585048152320,-390.717,614.492,1238.75,0.842124,-0.219499,-0.3503,-0.346319,-7.1933,-24.9566,-8.68665,-0.0122879,0.0240381,0.0318093,31.3218,22.65,53.3739
1759345585058152192,-390.79,614.241,1238.66,0.842447,-0.217927,-0.350543,-0.346282,-7.43156,-25.2643,-9.44925,-0.0122871,0.0240363,0.031807,31.3214,22.6491,53.3716
1759345585068152064,-390.865,613.987,1238.56,0.842794,-0.216364,-0.350733,-0.346224,-7.66999,-25.5696,-10.2125,-0.0122862,0.0240345,0.0318047,31.321,22.6483,53.3693
1759345585078152192,-390.943,613.729,1238.45,0.843114,-0.214741,-0.351014,-0.34617,-7.90788,-25.8733,-10.9768,-0.0122853,0.0240328,0.0318023,31.3207,22.6474,53.367
1759345585088152064,-391.023,613.469,1238.34,0.843571,-0.213017,-0.351275,-0.345858,-8.14464,-26.1743,-11.742,-0.0122844,0.024031,0.0318,31.3203,22.6465,53.3647
1759345585098152192,-391.105,613.206,1238.22,0.843896,-0.211471,-0.351458,-0.345827,-8.3806,-26.4736,-12.5081,-0.0122835,0.0240293,0.0317977,31.3199,22.6456,53.3624
1759345585108152064,-391.19,612.94,1238.09,0.844191,-0.209947,-0.351623,-0.345868,-8.61644,-26.7709,-13.2747,-0.0122827,0.0240275,0.0317953,31.3195,22.6448,53.36
1759345585118152192,-391.277,612.671,1237.95,0.844601,-0.208301,-0.351779,-0.345704,-8.85252,-27.0668,-14.0418,-0.0122818,0.0240258,0.031793,31.3191,22.6439,53.3577
1759345585128152064,-391.366,612.399,1237.81,0.844994,-0.206631,-0.351925,-0.345598,-9.08811,-27.3612,-14.8098,-0.0122809,0.024024,0.0317907,31.3187,22.643,53.3554
1759345585138152192,-391.458,612.124,1237.66,0.845324,-0.204969,-0.352072,-0.34563,-9.32314,-27.654,-15.5789,-0.01228,0.0240223,0.0317883,31.3183,22.6421,53.3531
1759345585148152064,-391.552,611.846,1237.5,0.845772,-0.203109,-0.352241,-0.34546,-9.55717,-27.9458,-16.3493,-0.0122791,0.0240205,0.031786,31.3179,22.6412,53.3508
1759345585158152192,-391.649,611.565,1237.33,0.846189,-0.201303,-0.35228,-0.345456,-9.7902,-28.2362,-17.1211,-0.0122782,0.0240188,0.0317836,31.3175,22.6403,53.3484
1759345585168152064,-391.747,611.281,1237.16,0.84654,-0.199427,-0.352426,-0.345537,-10.0218,-28.5261,-17.8947,-0.0122773,0.024017,0.0317813,31.3171,22.6394,53.3461
1759345585178152192,-391.848,610.994,1236.97,0.846996,-0.197464,-0.352428,-0.345544,-10.2523,-28.8147,-18.6699,-0.0122764,0.0240153,0.031779,31.3167,22.6385,53.3438
1759345585188152064,-391.952,610.705,1236.78,0.847416,-0.195454,-0.352403,-0.345682,-10.4822,-29.102,-19.4468,-0.0122755,0.0240135,0.0317766,31.3163,22.6376,53.3415
1759345585198152192,-392.057,610.412,1236.59,0.847859,-0.193224,-0.35253,-0.345719,-10.711,-29.387,-20.2252,-0.0122746,0.0240118,0.0317743,31.3159,22.6367,53.3391
1759345585208152064,-392.165,610.117,1236.38,0.84829,-0.191037,-0.352483,-0.345926,-10.9389,-29.6698,-21.0052,-0.0122736,0.0240101,0.0317719,31.3154,22.6358,53.3368
1759345585218151936,-392.276,609.819,1236.17,0.848801,-0.188671,-0.35247,-0.345984,-11.1661,-29.9504,-21.7866,-0.0122727,0.0240083,0.0317696,31.315,22.6349,53.3345
1759345585228152064,-392.388,609.518,1235.95,0.849275,-0.186316,-0.352405,-0.346164,-11.3928,-30.2282,-22.5693,-0.0122718,0.0240066,0.0317672,31.3146,22.634,53.3322
1759345585238151936,-392.503,609.215,1235.72,0.849676,-0.184024,-0.352277,-0.346535,-11.6189,-30.5035,-23.3537,-0.0122709,0.0240048,0.0317648,31.3142,22.6331,53.3298
1759345585248152064,-392.62,608.908,1235.48,0.85014,-0.181525,-0.352215,-0.346779,-11.8446,-30.7754,-24.1398,-0.0122699,0.0240031,0.0317625,31.3137,22.6322,53.3275
1759345585258151936,-392.739,608.599,1235.23,0.850687,-0.17897,-0.352061,-0.346923,-12.0694,-31.0442,-24.9279,-0.012269,0.0240014,0.0317601,31.3133,22.6313,53.3252
1759345585268152064,-392.861,608.287,1234.98,0.85118,-0.176446,-0.351876,-0.347192,-12.2931,-31.3097,-25.7181,-0.0122681,0.0239996,0.0317578,31.3129,22.6303,53.3228
1759345585278151936,-392.984,607.973,1234.72,0.85158,-0.173987,-0.351654,-0.347676,-12.5153,-31.5718,-26.5103,-0.0122671,0.0239979,0.0317554,31.3124,22.6294,53.3205
1759345585288152064,-393.11,607.656,1234.45,0.852097,-0.171391,-0.351441,-0.347914,-12.7364,-31.8307,-27.3043,-0.0122661,0.0239962,0.031753,31.312,22.6285,53.3182
1759345585298151936,-393.238,607.337,1234.17,0.852529,-0.168828,-0.351275,-0.348278,-12.956,-32.0863,-28.1003,-0.0122652,0.0239944,0.0317506,31.3115,22.6276,53.3159
1759345585308152064,-393.369,607.014,1233.89,0.853015,-0.166165,-0.351124,-0.34852,-13.1742,-32.3388,-28.8982,-0.0122642,0.0239927,0.0317483,31.3111,22.6266,53.3135
1759345585318151936,-393.501,606.69,1233.6,0.853444,-0.163655,-0.350882,-0.348901,-13.3912,-32.5883,-29.698,-0.0122633,0.023991,0.0317459,31.3106,22.6257,53.3112
1759345585328152064,-393.636,606.363,1233.3,0.853899,-0.161048,-0.350746,-0.349137,-13.6067,-32.8354,-30.4998,-0.0122623,0.0239892,0.0317435,31.3102,22.6247,53.3089
1759345585338151936,-393.773,606.033,1232.99,0.854299,-0.158556,-0.350563,-0.349484,-13.8207,-33.0798,-31.3038,-0.0122613,0.0239875,0.0317411,31.3097,22.6238,53.3065
1759345585348151808,-393.912,605.701,1232.67,0.854722,-0.156051,-0.350358,-0.349782,-14.0332,-33.3216,-32.1102,-0.0122603,0.0239858,0.0317387,31.3093,22.6229,53.3042
1759345585358151936,-394.053,605.367,1232.35,0.855182,-0.153458,-0.350261,-0.349902,-14.2443,-33.5608,-32.9193,-0.0122593,0.0239841,0.0317364,31.3088,22.6219,53.3019
1759345585368151808,-394.196,605.03,1232.01,0.855576,-0.151074,-0.349964,-0.350273,-14.4541,-33.7974,-33.7307,-0.0122583,0.0239823,0.031734,31.3083,22.621,53.2995
1759345585378151936,-394.341,604.691,1231.67,0.856033,-0.14849,-0.349815,-0.350412,-14.6632,-34.0314,-34.5445,-0.0122573,0.0239806,0.0317316,31.3079,22.62,53.2972
1759345585388151808,-394.488,604.349,1231.32,0.856495,-0.145826,-0.349707,-0.350508,-14.8715,-34.2629,-35.3605,-0.0122563,0.0239789,0.0317292,31.3074,22.619,53.2949
1759345585398151936,-394.638,604.006,1230.97,0.856879,-0.143295,-0.349485,-0.350835,-15.0786,-34.4917,-36.1784,-0.0122553,0.0239772,0.0317268,31.3069,22.6181,53.2925
1759345585408151808,-394.789,603.66,1230.6,0.857296,-0.140656,-0.349334,-0.351035,-15.2852,-34.7181,-36.9979,-0.0122542,0.0239755,0.0317244,31.3065,22.6171,53.2902
1759345585418151936,-394.943,603.311,1230.23,0.857721,-0.138009,-0.349107,-0.351272,-15.4911,-34.9419,-37.8191,-0.0122532,0.0239737,0.031722,31.306,22.6161,53.2879
1759345585428151808,-395.099,602.961,1229.84,0.858091,-0.135461,-0.348814,-0.351651,-15.6964,-35.1634,-38.6418,-0.0122522,0.023972,0.0317196,31.3055,22.6152,53.2856
1759345585438151936,-395.256,602.608,1229.45,0.858568,-0.132789,-0.348506,-0.351814,-15.9013,-35.3825,-39.4656,-0.0122511,0.0239703,0.0317172,31.305,22.6142,53.2832
1759345585448151808,-395.416,602.253,1229.06,0.858947,-0.130124,-0.348246,-0.352141,-16.1056,-35.5989,-40.291,-0.0122501,0.0239686,0.0317148,31.3045,22.6132,53.2809
1759345585458151936,-395.578,601.896,1228.65,0.859398,-0.127389,-0.34793,-0.352352,-16.3091,-35.8127,-41.1181,-0.012249,0.0239669,0.0317124,31.304,22.6122,53.2786
1759345585468151808,-395.741,601.537,1228.23,0.859836,-0.124568,-0.347699,-0.35252,-16.5117,-36.0242,-41.9465,-0.0122479,0.0239652,0.03171,31.3035,22.6113,53.2762
1759345585478151680,-395.907,601.176,1227.81,0.860305,-0.121823,-0.347269,-0.352759,-16.7131,-36.2327,-42.7766,-0.0122469,0.0239635,0.0317076,31.303,22.6103,53.2739
1759345585488151808,-396.075,600.812,1227.38,0.860664,-0.119149,-0.346865,-0.353194,-16.9141,-36.4389,-43.6083,-0.0122458,0.0239618,0.0317052,31.3025,22.6093,53.2716
1759345585498151680,-396.245,600.447,1226.94,0.861068,-0.116359,-0.346461,-0.353535,-17.1144,-36.6422,-44.4418,-0.0122447,0.0239602,0.0317028,31.302,22.6083,53.2692
1759345585508151808,-396.416,600.08,1226.49,0.861566,-0.113486,-0.346023,-0.353684,-17.3137,-36.8426,-45.2769,-0.0122436,0.0239585,0.0317004,31.3015,22.6073,53.2669
1759345585518151680,-396.59,599.71,1226.03,0.861965,-0.110696,-0.345574,-0.354037,-17.5112,-37.0401,-46.1133,-0.0122425,0.0239568,0.0316979,31.301,22.6063,53.2646
1759345585528151808,-396.766,599.339,1225.57,0.862324,-0.10794,-0.34509,-0.354483,-17.7076,-37.2342,-46.9514,-0.0122414,0.0239551,0.0316955,31.3005,22.6053,53.2622
1759345585538151680,-396.944,598.965,1225.1,0.862768,-0.105045,-0.344633,-0.354718,-17.9027,-37.4248,-47.7911,-0.0122403,0.0239534,0.0316931,31.2999,22.6043,53.2599
1759345585548151808,-397.123,598.59,1224.61,0.863183,-0.102145,-0.34418,-0.354996,-18.0961,-37.612,-48.6326,-0.0122392,0.0239518,0.0316907,31.2994,22.6032,53.2576
1759345585558151680,-397.305,598.213,1224.12,0.863541,-0.0993493,-0.343612,-0.355467,-18.2885,-37.7957,-49.4758,-0.012238,0.0239501,0.0316883,31.2989,22.6022,53.2552
1759345585568151808,-397.488,597.834,1223.63,0.863928,-0.0964222,-0.343128,-0.355801,-18.4799,-37.9761,-50.3211,-0.0122369,0.0239485,0.0316859,31.2984,22.6012,53.2529
1759345585578151680,-397.674,597.454,1223.12,0.86435,-0.0935252,-0.342511,-0.356144,-18.6703,-38.1528,-51.1682,-0.0122358,0.0239468,0.0316834,31.2978,22.6002,53.2506
1759345585588151808,-397.861,597.071,1222.6,0.864723,-0.0906678,-0.34185,-0.356612,-18.8601,-38.3255,-52.017,-0.0122346,0.0239451,0.031681,31.2973,22.5992,53.2483
1759345585598151680,-398.05,596.687,1222.08,0.865108,-0.0876779,-0.341286,-0.356967,-19.0494,-38.4941,-52.8675,-0.0122335,0.0239435,0.0316786,31.2967,22.5981,53.2459
1759345585608151552,-398.241,596.301,1221.55,0.865481,-0.0847082,-0.340662,-0.357375,-19.238,-38.6585,-53.7197,-0.0122323,0.0239418,0.0316761,31.2962,22.5971,53.2436
1759345585618151680,-398.434,595.914,1221.01,0.865845,-0.0816746,-0.34007,-0.357763,-19.4261,-38.8183,-54.5736,-0.0122311,0.0239402,0.0316737,31.2957,22.5961,53.2413
1759345585628151552,-398.629,595.525,1220.46,0.86625,-0.0787116,-0.339288,-0.358188,-19.6133,-38.9735,-55.4293,-0.01223,0.0239386,0.0316713,31.2951,22.595,53.2389
1759345585638151680,-398.826,595.135,1219.9,0.866614,-0.0757779,-0.338452,-0.358732,-19.8,-39.1245,-56.2865,-0.0122288,0.0239369,0.0316688,31.2946,22.594,53.2366
1759345585648151552,-399.024,594.743,1219.33,0.866832,-0.0728341,-0.337724,-0.359499,-19.9865,-39.2711,-57.1453,-0.0122276,0.0239353,0.0316664,31.294,22.5929,53.2343
1759345585658151680,-399.225,594.349,1218.76,0.867258,-0.069733,-0.336854,-0.359903,-20.1724,-39.4135,-58.0058,-0.0122264,0.0239337,0.0316639,31.2934,22.5919,53.232
1759345585668151552,-399.427,593.954,1218.17,0.867586,-0.0666644,-0.33597,-0.360521,-20.3577,-39.5515,-58.8684,-0.0122252,0.0239321,0.0316615,31.2929,22.5908,53.2296
1759345585678151680,-399.631,593.558,1217.58,0.867919,-0.0634889,-0.335119,-0.361084,-20.5425,-39.6852,-59.7325,-0.012224,0.0239304,0.031659,31.2923,22.5898,53.2273
1759345585688151552,-399.837,593.161,1216.98,0.868216,-0.0603948,-0.334124,-0.361821,-20.727,-39.8148,-60.5982,-0.0122228,0.0239288,0.0316566,31.2917,22.5887,53.225
1759345585698151680,-400.045,592.762,1216.37,0.86852,-0.0572337,-0.333124,-0.362527,-20.9119,-39.9406,-61.4652,-0.0122216,0.0239272,0.0316541,31.2912,22.5876,53.2227
1759345585708151552,-400.255,592.362,1215.75,0.8688,-0.0540244,-0.33213,-0.363258,-21.0973,-40.0623,-62.3332,-0.0122203,0.0239256,0.0316517,31.2906,22.5866,53.2204
1759345585718151680,-400.466,591.96,1215.12,0.869082,-0.0507984,-0.331084,-0.364006,-21.2826,-40.1796,-63.2022,-0.0122191,0.023924,0.0316492,31.29,22.5855,53.218
1759345585728151552,-400.68,591.558,1214.49,0.869283,-0.047545,-0.33013,-0.36483,-21.4679,-40.2927,-64.072,-0.0122179,0.0239224,0.0316467,31.2894,22.5844,53.2157
1759345585738151424,-400.895,591.155,1213.84,0.869528,-0.0443038,-0.329056,-0.365623,-21.6529,-40.4012,-64.9432,-0.0122166,0.0239208,0.0316443,31.2888,22.5833,53.2134
1759345585748151552,-401.112,590.75,1213.19,0.869801,-0.0410472,-0.327936,-0.36636,-21.8376,-40.5052,-65.8156,-0.0122154,0.0239192,0.0316418,31.2882,22.5822,53.2111
1759345585758151424,-401.331,590.344,1212.52,0.870077,-0.0377692,-0.326776,-0.367094,-22.0219,-40.6047,-66.6896,-0.0122141,0.0239176,0.0316393,31.2876,22.5811,53.2088
1759345585768151552,-401.552,589.938,1211.85,0.870247,-0.0345148,-0.325684,-0.36798,-22.2061,-40.6993,-67.5653,-0.0122129,0.023916,0.0316368,31.287,22.58,53.2064
1759345585778151424,-401.774,589.53,1211.17,0.870563,-0.0312151,-0.324377,-0.36868,-22.3902,-40.7887,-68.4433,-0.0122116,0.0239145,0.0316343,31.2864,22.579,53.2041
1759345585788151552,-401.999,589.122,1210.49,0.870737,-0.0278305,-0.323179,-0.369591,-22.575,-40.8739,-69.3236,-0.0122103,0.0239129,0.0316319,31.2858,22.5778,53.2018
1759345585798151424,-402.225,588.713,1209.79,0.871009,-0.0243647,-0.321844,-0.370361,-22.7596,-40.9542,-70.2055,-0.012209,0.0239113,0.0316294,31.2852,22.5767,53.1995
1759345585808151552,-402.453,588.303,1209.08,0.871258,-0.0208469,-0.320455,-0.371193,-22.9438,-41.0298,-71.0888,-0.0122077,0.0239098,0.0316269,31.2846,22.5756,53.1972
1759345585818151424,-402.683,587.892,1208.37,0.871379,-0.0173352,-0.319133,-0.372227,-23.1276,-41.1,-71.9731,-0.0122064,0.0239082,0.0316244,31.284,22.5745,53.1949
1759345585828151552,-402.915,587.481,1207.64,0.871524,-0.0137634,-0.317725,-0.37324,-23.3102,-41.1646,-72.8583,-0.0122051,0.0239066,0.0316219,31.2834,22.5734,53.1926
1759345585838151424,-403.148,587.069,1206.91,0.871662,-0.010182,-0.316272,-0.374263,-23.4919,-41.2238,-73.7436,-0.0122038,0.0239051,0.0316194,31.2828,22.5723,53.1902
1759345585848151552,-403.384,586.656,1206.17,0.871786,-0.00660353,-0.314802,-0.375293,-23.6732,-41.2772,-74.6295,-0.0122025,0.0239035,0.0316169,31.2821,22.5712,53.1879
1759345585858151424,-403.621,586.243,1205.42,0.871739,-0.00291612,-0.313585,-0.376467,-23.8541,-41.3246,-75.5157,-0.0122012,0.023902,0.0316143,31.2815,22.57,53.1856
1759345585868151552,-403.86,585.83,1204.66,0.871781,0.000720238,-0.312158,-0.377565,-24.0344,-41.3648,-76.4028,-0.0121999,0.0239004,0.0316118,31.2809,22.5689,53.1833
1759345585878151424,-404.101,585.416,1203.89,0.87186,0.00422063,-0.310441,-0.378772,-24.2149,-41.3985,-77.2908,-0.0121985,0.0238989,0.0316093,31.2802,22.5678,53.181
1759345585888151296,-404.344,585.002,1203.11,0.871936,0.00792957,-0.308956,-0.379752,-24.3962,-41.4251,-78.1796,-0.0121972,0.0238973,0.0316068,31.2796,22.5666,53.1787
1759345585898151424,-404.588,584.587,1202.33,0.871983,0.0115469,-0.307328,-0.380871,-24.5777,-41.4454,-79.0692,-0.0121958,0.0238958,0.0316042,31.279,22.5655,53.1764
1759345585908151296,-404.834,584.173,1201.53,0.872152,0.0149907,-0.305272,-0.382014,-24.7598,-41.4586,-79.9591,-0.0121945,0.0238943,0.0316017,31.2783,22.5643,53.1741
1759345585918151424,-405.083,583.758,1200.73,0.872206,0.0186503,-0.303612,-0.383052,-24.9438,-41.4652,-80.8493,-0.0121931,0.0238927,0.0315992,31.2777,22.5632,53.1718
1759345585928151296,-405.333,583.343,1199.92,0.872285,0.0222381,-0.301815,-0.384098,-25.1286,-41.4658,-81.7399,-0.0121918,0.0238912,0.0315966,31.277,22.562,53.1695
1759345585938151424,-405.584,582.928,1199.1,0.872185,0.0258587,-0.30019,-0.385371,-25.3152,-41.4605,-82.6304,-0.0121904,0.0238897,0.031594,31.2764,22.5609,53.1672
1759345585948151296,-405.838,582.514,1198.27,0.872208,0.0294647,-0.298379,-0.386465,-25.5027,-41.4496,-83.5214,-0.0121891,0.0238882,0.0315915,31.2757,22.5597,53.1649
1759345585958151424,-406.094,582.099,1197.43,0.872155,0.0330709,-0.296602,-0.387658,-25.6908,-41.433,-84.4127,-0.0121877,0.0238867,0.0315889,31.275,22.5586,53.1626
1759345585968151296,-406.351,581.685,1196.58,0.872071,0.0367057,-0.294893,-0.388822,-25.8793,-41.4111,-85.3039,-0.0121863,0.0238851,0.0315864,31.2744,22.5574,53.1603
1759345585978151424,-406.61,581.271,1195.72,0.871978,0.0403194,-0.293082,-0.39004,-26.0677,-41.3832,-86.1953,-0.0121849,0.0238836,0.0315838,31.2737,22.5562,53.158
1759345585988151296,-406.872,580.857,1194.85,0.871853,0.0439492,-0.291228,-0.391315,-26.2558,-41.3492,-87.0865,-0.0121836,0.0238821,0.0315812,31.273,22.555,53.1557
1759345585998151424,-407.135,580.444,1193.98,0.87169,0.0476685,-0.289434,-0.392572,-26.4438,-41.309,-87.9774,-0.0121822,0.0238806,0.0315786,31.2724,22.5539,53.1534
1759345586008151296,-407.4,580.031,1193.1,0.871538,0.0514136,-0.287587,-0.393791,-26.632,-41.2626,-88.8682,-0.0121808,0.0238791,0.031576,31.2717,22.5527,53.1511
1759345586018151168,-407.667,579.619,1192.2,0.871317,0.0551427,-0.285792,-0.39508,-26.8207,-41.2102,-89.7586,-0.0121794,0.0238777,0.0315734,31.271,22.5515,53.1488
1759345586028151296,-407.935,579.207,1191.3,0.871128,0.0589081,-0.283932,-0.396294,-27.0102,-41.1517,-90.6489,-0.012178,0.0238762,0.0315708,31.2703,22.5503,53.1466
1759345586038151168,-408.206,578.795,1190.39,0.870902,0.0626827,-0.282035,-0.397563,-27.2002,-41.087,-91.5391,-0.0121766,0.0238747,0.0315682,31.2696,22.5491,53.1443
1759345586048151296,-408.479,578.385,1189.47,0.870644,0.0666033,-0.28028,-0.398732,-27.3909,-41.016,-92.429,-0.0121752,0.0238732,0.0315656,31.269,22.5479,53.142
1759345586058151168,-408.753,577.975,1188.54,0.870344,0.0704652,-0.278468,-0.399989,-27.5817,-40.9387,-93.3188,-0.0121737,0.0238717,0.031563,31.2683,22.5467,53.1397
1759345586068151296,-409.03,577.566,1187.6,0.870027,0.074248,-0.276594,-0.401292,-27.7725,-40.8552,-94.2081,-0.0121723,0.0238702,0.0315604,31.2676,22.5455,53.1374
1759345586078151168,-409.308,577.158,1186.66,0.869678,0.0781002,-0.274789,-0.402556,-27.963,-40.7651,-95.0968,-0.0121709,0.0238688,0.0315577,31.2669,22.5443,53.1351
1759345586088151296,-409.588,576.75,1185.7,0.869313,0.0819451,-0.272946,-0.403833,-28.1532,-40.6686,-95.9851,-0.0121694,0.0238673,0.0315551,31.2662,22.5431,53.1329
1759345586098151168,-409.87,576.344,1184.74,0.868928,0.0857605,-0.271129,-0.405091,-28.343,-40.5663,-96.8729,-0.012168,0.0238658,0.0315525,31.2655,22.5418,53.1306
1759345586108151296,-410.154,575.939,1183.77,0.868519,0.0895759,-0.269318,-0.406348,-28.5326,-40.458,-97.7601,-0.0121665,0.0238644,0.0315498,31.2648,22.5406,53.1283
1759345586118151168,-410.44,575.535,1182.78,0.868057,0.0933444,-0.267541,-0.407658,-28.7215,-40.344,-98.647,-0.0121651,0.0238629,0.0315472,31.2641,22.5394,53.126
1759345586128151296,-410.728,575.132,1181.79,0.867612,0.0970993,-0.265785,-0.408875,-28.91,-40.224,-99.5336,-0.0121636,0.0238615,0.0315445,31.2633,22.5382,53.1238
1759345586138151168,-411.017,574.73,1180.79,0.867136,0.100805,-0.264061,-0.410103,-29.0982,-40.0979,-100.42,-0.0121621,0.02386,0.0315419,31.2626,22.5369,53.1215
1759345586148151040,-411.309,574.33,1179.79,0.866633,0.104444,-0.262396,-0.411324,-29.2856,-39.9654,-101.305,-0.0121606,0.0238585,0.0315392,31.2619,22.5357,53.1192
1759345586158151168,-411.602,573.931,1178.77,0.866118,0.108051,-0.260752,-0.412521,-29.4719,-39.8268,-102.19,-0.0121592,0.0238571,0.0315366,31.2612,22.5345,53.117
1759345586168151040,-411.898,573.533,1177.74,0.865399,0.111603,-0.259375,-0.413949,-29.6577,-39.6822,-103.075,-0.0121577,0.0238556,0.0315339,31.2605,22.5332,53.1147
1759345586178151168,-412.195,573.137,1176.71,0.864826,0.115064,-0.257809,-0.415176,-29.8424,-39.5315,-103.959,-0.0121562,0.0238542,0.0315312,31.2597,22.532,53.1124
1759345586188151040,-412.494,572.742,1175.66,0.864268,0.118515,-0.256246,-0.416333,-30.0267,-39.375,-104.844,-0.0121546,0.0238527,0.0315285,31.259,22.5307,53.1102
1759345586198151168,-412.794,572.349,1174.61,0.863655,0.121972,-0.254794,-0.417495,-30.2104,-39.2128,-105.728,-0.0121531,0.0238513,0.0315258,31.2583,22.5295,53.1079
1759345586208151040,-413.097,571.958,1173.55,0.863006,0.125408,-0.253421,-0.418654,-30.3931,-39.0452,-106.613,-0.0121516,0.0238498,0.0315231,31.2576,22.5282,53.1056
1759345586218151168,-413.401,571.568,1172.48,0.862372,0.128722,-0.251955,-0.419839,-30.575,-38.872,-107.497,-0.0121501,0.0238484,0.0315204,31.2568,22.5269,53.1034
1759345586228151040,-413.708,571.18,1171.4,0.861679,0.13199,-0.250538,-0.421092,-30.7559,-38.6933,-108.381,-0.0121485,0.023847,0.0315177,31.2561,22.5257,53.1011
1759345586238151168,-414.016,570.794,1170.31,0.860967,0.135292,-0.249214,-0.422285,-30.936,-38.5088,-109.265,-0.012147,0.0238455,0.031515,31.2553,22.5244,53.0989
1759345586248151040,-414.326,570.41,1169.22,0.86029,0.138488,-0.247803,-0.423456,-31.1156,-38.3188,-110.148,-0.0121454,0.0238441,0.0315123,31.2546,22.5231,53.0966
1759345586258151168,-414.637,570.027,1168.11,0.859558,0.141719,-0.246576,-0.42459,-31.2951,-38.1232,-111.03,-0.0121439,0.0238426,0.0315096,31.2538,22.5219,53.0944
1759345586268151040,-414.951,569.647,1167,0.858836,0.144826,-0.245283,-0.425749,-31.4747,-37.9218,-111.912,-0.0121423,0.0238412,0.0315068,31.2531,22.5206,53.0921
1759345586278150912,-415.266,569.269,1165.87,0.858108,0.147872,-0.243999,-0.426906,-31.6541,-37.7151,-112.792,-0.0121407,0.0238398,0.0315041,31.2523,22.5193,53.0899
1759345586288151040,-415.583,568.892,1164.74,0.857359,0.150887,-0.242751,-0.428067,-31.8334,-37.5032,-113.671,-0.0121392,0.0238383,0.0315013,31.2516,22.518,53.0876
1759345586298150912,-415.902,568.518,1163.6,0.856617,0.153795,-0.241512,-0.429216,-32.0122,-37.2863,-114.548,-0.0121376,0.0238369,0.0314986,31.2508,22.5167,53.0854
1759345586308151040,-416.223,568.146,1162.45,0.855838,0.15656,-0.240243,-0.43048,-32.1907,-37.0642,-115.424,-0.012136,0.0238355,0.0314958,31.2501,22.5154,53.0831
1759345586318150912,-416.545,567.777,1161.29,0.855111,0.159417,-0.239092,-0.431517,-32.3687,-36.8369,-116.299,-0.0121344,0.0238341,0.031493,31.2493,22.5141,53.0809
1759345586328151040,-416.869,567.409,1160.12,0.854366,0.162132,-0.237945,-0.432614,-32.5464,-36.6049,-117.172,-0.0121328,0.0238326,0.0314903,31.2486,22.5128,53.0787
1759345586338150912,-417.195,567.044,1158.95,0.853583,0.164788,-0.236863,-0.433748,-32.7241,-36.3686,-118.044,-0.0121312,0.0238312,0.0314875,31.2478,22.5115,53.0764
1759345586348151040,-417.523,566.682,1157.76,0.852801,0.167412,-0.23578,-0.43487,-32.9018,-36.128,-118.914,-0.0121296,0.0238298,0.0314847,31.247,22.5102,53.0742
1759345586358150912,-417.853,566.322,1156.57,0.852005,0.170058,-0.234813,-0.435924,-33.0792,-35.8829,-119.783,-0.012128,0.0238284,0.0314819,31.2463,22.5089,53.072
1759345586368151040,-418.184,565.964,1155.37,0.851256,0.172546,-0.233734,-0.436989,-33.2563,-35.6335,-120.651,-0.0121264,0.023827,0.0314791,31.2455,22.5076,53.0697
1759345586378150912,-418.517,565.609,1154.16,0.850453,0.174965,-0.232713,-0.438135,-33.4331,-35.3798,-121.517,-0.0121248,0.0238256,0.0314763,31.2447,22.5063,53.0675
1759345586388151040,-418.852,565.256,1152.94,0.849653,0.177394,-0.23179,-0.439197,-33.6098,-35.1219,-122.381,-0.0121232,0.0238242,0.0314735,31.2439,22.505,53.0653
1759345586398150912,-419.188,564.906,1151.71,0.84883,0.179797,-0.230962,-0.440246,-33.7862,-34.8595,-123.244,-0.0121216,0.0238228,0.0314707,31.2432,22.5037,53.063
1759345586408150784,-419.527,564.559,1150.47,0.848061,0.182124,-0.230032,-0.441257,-33.9621,-34.593,-124.106,-0.0121199,0.0238214,0.0314678,31.2424,22.5024,53.0608
1759345586418150912,-419.867,564.214,1149.23,0.847237,0.184391,-0.229161,-0.442351,-34.1374,-34.3227,-124.968,-0.0121183,0.02382,0.031465,31.2416,22.501,53.0586
1759345586428150784,-420.209,563.872,1147.98,0.846407,0.186781,-0.228457,-0.443301,-34.3118,-34.0489,-125.83,-0.0121167,0.0238186,0.0314622,31.2408,22.4997,53.0564
1759345586438150912,-420.552,563.533,1146.71,0.845606,0.189022,-0.227605,-0.444317,-34.4849,-33.7716,-126.692,-0.012115,0.0238172,0.0314593,31.24,22.4984,53.0542
1759345586448150784,-420.898,563.196,1145.44,0.844737,0.191322,-0.226911,-0.445339,-34.6571,-33.4914,-127.554,-0.0121134,0.0238158,0.0314565,31.2392,22.497,53.052
1759345586458150912,-421.245,562.863,1144.16,0.843916,0.193552,-0.226118,-0.446334,-34.8278,-33.2078,-128.415,-0.0121118,0.0238144,0.0314536,31.2384,22.4957,53.0497
1759345586468150784,-421.594,562.532,1142.87,0.843041,0.195674,-0.225287,-0.447481,-34.997,-32.9218,-129.275,-0.0121101,0.023813,0.0314508,31.2377,22.4944,53.0475
1759345586478150912,-421.944,562.204,1141.58,0.842098,0.198022,-0.224782,-0.448477,-35.1648,-32.633,-130.134,-0.0121084,0.0238117,0.0314479,31.2369,22.493,53.0453
1759345586488150784,-422.296,561.879,1140.27,0.841205,0.200264,-0.224141,-0.449477,-35.3309,-32.3405,-130.992,-0.0121068,0.0238103,0.031445,31.2361,22.4917,53.0431
1759345586498150912,-422.65,561.557,1138.96,0.840368,0.202523,-0.223472,-0.450362,-35.4956,-32.044,-131.848,-0.0121051,0.0238089,0.0314421,31.2353,22.4903,53.0409
1759345586508150784,-423.005,561.238,1137.64,0.839382,0.204709,-0.222842,-0.451524,-35.6596,-31.7433,-132.703,-0.0121035,0.0238076,0.0314393,31.2345,22.489,53.0387
1759345586518150912,-423.362,560.922,1136.3,0.838477,0.206983,-0.222134,-0.452516,-35.8226,-31.438,-133.557,-0.0121018,0.0238062,0.0314364,31.2337,22.4876,53.0365
1759345586528150784,-423.721,560.609,1134.96,0.837471,0.209341,-0.22154,-0.453584,-35.9849,-31.1271,-134.411,-0.0121001,0.0238048,0.0314335,31.2329,22.4863,53.0343
1759345586538150912,-424.081,560.299,1133.62,0.836545,0.211743,-0.220785,-0.454545,-36.1457,-30.812,-135.263,-0.0120984,0.0238035,0.0314306,31.2321,22.4849,53.0321
1759345586548150784,-424.443,559.992,1132.26,0.83548,0.214182,-0.220104,-0.455691,-36.3051,-30.4919,-136.113,-0.0120967,0.0238021,0.0314277,31.2313,22.4835,53.0299
1759345586558150656,-424.807,559.689,1130.89,0.834352,0.216542,-0.219272,-0.457041,-36.4626,-30.1668,-136.963,-0.0120951,0.0238008,0.0314247,31.2305,22.4822,53.0277
1759345586568150784,-425.172,559.389,1129.52,0.833338,0.219139,-0.218439,-0.458051,-36.6184,-29.8372,-137.811,-0.0120934,0.0237994,0.0314218,31.2296,22.4808,53.0255
1759345586578150656,-425.539,559.092,1128.14,0.832263,0.221752,-0.217494,-0.459195,-36.7722,-29.5029,-138.656,-0.0120917,0.0237981,0.0314189,31.2288,22.4794,53.0234
1759345586588150784,-425.907,558.798,1126.75,0.830987,0.224479,-0.216732,-0.460539,-36.924,-29.1636,-139.499,-0.01209,0.0237967,0.0314159,31.228,22.4781,53.0212
1759345586598150656,-426.276,558.508,1125.35,0.82978,0.227245,-0.215884,-0.461756,-37.074,-28.8197,-140.341,-0.0120883,0.0237954,0.031413,31.2272,22.4767,53.019
1759345586608150784,-426.648,558.222,1123.94,0.828581,0.230002,-0.214935,-0.462986,-37.2222,-28.4708,-141.18,-0.0120866,0.0237941,0.03141,31.2264,22.4753,53.0168
1759345586618150656,-427.02,557.938,1122.53,0.827292,0.232687,-0.213877,-0.464437,-37.369,-28.1172,-142.018,-0.0120849,0.0237927,0.0314071,31.2256,22.4739,53.0146
1759345586628150784,-427.394,557.659,1121.1,0.826064,0.235504,-0.212831,-0.465681,-37.5147,-27.7586,-142.854,-0.0120831,0.0237914,0.0314041,31.2248,22.4726,53.0125
1759345586638150656,-427.77,557.383,1119.67,0.824789,0.238379,-0.211884,-0.46691,-37.6597,-27.395,-143.688,-0.0120814,0.02379,0.0314011,31.2239,22.4712,53.0103
1759345586648150784,-428.147,557.111,1118.23,0.823496,0.241206,-0.210817,-0.468221,-37.8037,-27.0265,-144.519,-0.0120797,0.0237887,0.0313981,31.2231,22.4698,53.0081
1759345586658150656,-428.525,556.842,1116.78,0.822308,0.244162,-0.209772,-0.469244,-37.9468,-26.6532,-145.348,-0.012078,0.0237874,0.0313951,31.2223,22.4684,53.0059
1759345586668150784,-428.905,556.577,1115.32,0.821027,0.247044,-0.208721,-0.470447,-38.0894,-26.2756,-146.175,-0.0120763,0.023786,0.0313921,31.2215,22.467,53.0038
1759345586678150656,-429.286,556.316,1113.86,0.819722,0.249925,-0.207665,-0.471665,-38.2312,-25.8937,-146.999,-0.0120745,0.0237847,0.0313891,31.2207,22.4656,53.0016
1759345586688150528,-429.669,556.059,1112.38,0.818347,0.252789,-0.206678,-0.472958,-38.3725,-25.5078,-147.82,-0.0120728,0.0237834,0.0313861,31.2198,22.4642,52.9995
1759345586698150656,-430.053,555.806,1110.9,0.817081,0.255615,-0.205542,-0.474123,-38.5124,-25.1176,-148.64,-0.0120711,0.0237821,0.0313831,31.219,22.4628,52.9973
1759345586708150528,-430.439,555.557,1109.41,0.815729,0.258366,-0.204428,-0.47544,-38.6517,-24.7237,-149.457,-0.0120693,0.0237807,0.03138,31.2182,22.4614,52.9951
1759345586718150656,-430.826,555.311,1107.91,0.814382,0.261233,-0.203483,-0.476587,-38.7896,-24.3264,-150.272,-0.0120676,0.0237794,0.031377,31.2174,22.46,52.993
1759345586728150528,-431.214,555.07,1106.4,0.813126,0.26403,-0.202381,-0.477657,-38.926,-23.9254,-151.084,-0.0120658,0.0237781,0.031374,31.2165,22.4586,52.9908
1759345586738150656,-431.604,554.832,1104.89,0.81181,0.266793,-0.201345,-0.478797,-39.0611,-23.521,-151.894,-0.0120641,0.0237768,0.0313709,31.2157,22.4572,52.9887
1759345586748150528,-431.995,554.599,1103.37,0.810453,0.269591,-0.200456,-0.479899,-39.1949,-23.1139,-152.702,-0.0120623,0.0237755,0.0313679,31.2149,22.4558,52.9865
1759345586758150656,-432.387,554.37,1101.84,0.809434,0.272407,-0.19933,-0.480499,-39.327,-22.7033,-153.507,-0.0120606,0.0237742,0.0313648,31.2141,22.4544,52.9844
1759345586768150528,-432.781,554.145,1100.3,0.808166,0.275091,-0.198397,-0.481489,-39.4578,-22.2891,-154.31,-0.0120588,0.0237729,0.0313617,31.2132,22.453,52.9822
1759345586778150656,-433.176,553.924,1098.75,0.806871,0.277729,-0.19747,-0.482525,-39.587,-21.8711,-155.112,-0.0120571,0.0237716,0.0313587,31.2124,22.4516,52.9801
1759345586788150528,-433.572,553.707,1097.19,0.805558,0.280337,-0.196605,-0.483564,-39.7146,-21.4496,-155.911,-0.0120553,0.0237703,0.0313556,31.2116,22.4502,52.9779
1759345586798150656,-433.969,553.495,1095.63,0.804255,0.282981,-0.195714,-0.484553,-39.8406,-21.0238,-156.708,-0.0120535,0.023769,0.0313525,31.2107,22.4488,52.9758
1759345586808150528,-434.368,553.286,1094.06,0.802989,0.285654,-0.194756,-0.485471,-39.965,-20.5939,-157.503,-0.0120518,0.0237677,0.0313494,31.2099,22.4474,52.9737
1759345586818150400,-434.768,553.082,1092.48,0.80162,0.288357,-0.193867,-0.486488,-40.0876,-20.16,-158.296,-0.01205,0.0237664,0.0313463,31.2091,22.446,52.9715
1759345586828150528,-435.169,552.883,1090.89,0.80024,0.291086,-0.192958,-0.487495,-40.2085,-19.722,-159.085,-0.0120482,0.0237652,0.0313433,31.2082,22.4445,52.9694
1759345586838150400,-435.572,552.688,1089.3,0.798847,0.293834,-0.191962,-0.488523,-40.3275,-19.2798,-159.872,-0.0120464,0.0237639,0.0313401,31.2074,22.4431,52.9673
1759345586848150528,-435.975,552.497,1087.7,0.797247,0.29674,-0.191286,-0.489646,-40.4445,-18.8334,-160.656,-0.0120446,0.0237626,0.031337,31.2066,22.4417,52.9651
1759345586858150400,-436.38,552.311,1086.09,0.795882,0.299519,-0.190152,-0.490615,-40.5593,-18.3826,-161.438,-0.0120428,0.0237613,0.0313339,31.2057,22.4403,52.963
1759345586868150528,-436.786,552.129,1084.47,0.794412,0.302357,-0.189101,-0.491661,-40.6722,-17.9274,-162.218,-0.012041,0.0237601,0.0313308,31.2049,22.4389,52.9609
1759345586878150400,-437.193,551.952,1082.84,0.792799,0.305319,-0.188255,-0.492759,-40.7827,-17.4677,-162.995,-0.0120392,0.0237588,0.0313277,31.2041,22.4374,52.9587
1759345586888150528,-437.601,551.78,1081.21,0.791228,0.308256,-0.187306,-0.493815,-40.8905,-17.0036,-163.77,-0.0120374,0.0237575,0.0313246,31.2032,22.436,52.9566
1759345586898150400,-438.01,551.612,1079.57,0.789636,0.311215,-0.186357,-0.494866,-40.9956,-16.5353,-164.542,-0.0120355,0.0237563,0.0313214,31.2024,22.4346,52.9545
1759345586908150528,-438.42,551.449,1077.92,0.788035,0.314153,-0.185403,-0.495918,-41.0976,-16.0627,-165.313,-0.0120337,0.023755,0.0313183,31.2015,22.4332,52.9524
1759345586918150400,-438.832,551.29,1076.26,0.786468,0.317041,-0.184339,-0.496962,-41.1972,-15.5858,-166.081,-0.0120319,0.0237537,0.0313151,31.2007,22.4317,52.9503
1759345586928150528,-439.244,551.137,1074.6,0.784814,0.319976,-0.183496,-0.498007,-41.2944,-15.1048,-166.847,-0.01203,0.0237525,0.031312,31.1999,22.4303,52.9482
1759345586938150400,-439.657,550.988,1072.93,0.783091,0.322924,-0.182772,-0.499082,-41.3893,-14.6196,-167.61,-0.0120282,0.0237512,0.0313088,31.199,22.4289,52.946
1759345586948150272,-440.071,550.844,1071.25,0.781497,0.325759,-0.181806,-0.50009,-41.4812,-14.1301,-168.37,-0.0120263,0.0237499,0.0313056,31.1982,22.4275,52.9439
1759345586958150400,-440.486,550.705,1069.56,0.779879,0.328568,-0.180908,-0.501103,-41.5705,-13.6361,-169.128,-0.0120244,0.0237487,0.0313025,31.1974,22.426,52.9418
1759345586968150272,-440.902,550.571,1067.86,0.778323,0.33131,-0.179936,-0.502066,-41.6573,-13.1378,-169.883,-0.0120226,0.0237474,0.0312993,31.1965,22.4246,52.9397
1759345586978150400,-441.319,550.442,1066.16,0.776663,0.334046,-0.179138,-0.503108,-41.7417,-12.6351,-170.635,-0.0120207,0.0237461,0.0312961,31.1957,22.4232,52.9376
1759345586988150272,-441.737,550.318,1064.45,0.774734,0.336672,-0.178561,-0.504534,-41.8235,-12.128,-171.385,-0.0120188,0.0237449,0.0312929,31.1949,22.4218,52.9355
1759345586998150400,-442.155,550.199,1062.73,0.773098,0.339328,-0.177754,-0.505548,-41.9026,-11.6168,-172.132,-0.0120169,0.0237436,0.0312897,31.194,22.4203,52.9334
1759345587008150272,-442.574,550.085,1061.01,0.771371,0.341978,-0.177094,-0.506631,-41.9795,-11.1013,-172.876,-0.012015,0.0237423,0.0312865,31.1932,22.4189,52.9313
1759345587018150400,-442.994,549.977,1059.28,0.769724,0.344551,-0.176311,-0.507665,-42.0541,-10.582,-173.617,-0.0120131,0.0237411,0.0312833,31.1924,22.4175,52.9292
1759345587028150272,-443.415,549.873,1057.54,0.768183,0.347033,-0.175444,-0.508607,-42.1271,-10.0588,-174.356,-0.0120112,0.0237398,0.0312801,31.1915,22.416,52.9271
1759345587038150400,-443.836,549.775,1055.79,0.766538,0.349523,-0.174759,-0.50962,-42.1992,-9.53162,-175.092,-0.0120093,0.0237385,0.0312768,31.1907,22.4146,52.925
1759345587048150272,-444.259,549.683,1054.03,0.764939,0.351959,-0.174023,-0.510596,-42.2697,-9.0008,-175.826,-0.0120073,0.0237373,0.0312736,31.1899,22.4132,52.9229
1759345587058150400,-444.681,549.595,1052.27,0.763447,0.354305,-0.173126,-0.511512,-42.339,-8.46612,-176.556,-0.0120054,0.023736,0.0312704,31.189,22.4117,52.9208
1759345587068150272,-445.105,549.513,1050.5,0.761839,0.356682,-0.172416,-0.512496,-42.4066,-7.92756,-177.283,-0.0120035,0.0237348,0.0312671,31.1882,22.4103,52.9187
1759345587078150400,-445.529,549.436,1048.73,0.760358,0.359012,-0.171604,-0.51334,-42.472,-7.38535,-178.007,-0.0120015,0.0237335,0.0312639,31.1874,22.4089,52.9166
1759345587088150272,-445.954,549.365,1046.94,0.758773,0.361312,-0.170945,-0.514291,-42.5351,-6.83925,-178.729,-0.0119996,0.0237322,0.0312606,31.1865,22.4075,52.9146
1759345587098150144,-446.379,549.299,1045.15,0.757229,0.363533,-0.170191,-0.51525,-42.5962,-6.28997,-179.449,-0.0119976,0.023731,0.0312573,31.1857,22.406,52.9125
1759345587108150272,-446.806,549.239,1043.35,0.755686,0.36572,-0.169442,-0.516215,-42.656,-5.73718,-180.166,-0.0119957,0.0237297,0.0312541,31.1849,22.4046,52.9104
1759345587118150144,-447.232,549.184,1041.55,0.754211,0.367926,-0.168736,-0.517034,-42.7152,-5.18154,-180.882,-0.0119937,0.0237285,0.0312508,31.184,22.4032,52.9083
1759345587128150272,-447.66,549.135,1039.74,0.752784,0.370024,-0.167884,-0.517894,-42.7733,-4.62325,-181.596,-0.0119917,0.0237272,0.0312475,31.1832,22.4017,52.9062
1759345587138150144,-448.087,549.092,1037.92,0.751291,0.372111,-0.167237,-0.518775,-42.831,-4.06271,-182.307,-0.0119898,0.023726,0.0312442,31.1824,22.4003,52.9041
1759345587148150272,-448.516,549.054,1036.09,0.749867,0.374148,-0.166544,-0.519593,-42.8878,-3.50019,-183.017,-0.0119878,0.0237247,0.0312409,31.1816,22.3989,52.9021
1759345587158150144,-448.945,549.021,1034.26,0.748498,0.376101,-0.16582,-0.520386,-42.9436,-2.93542,-183.724,-0.0119858,0.0237235,0.0312376,31.1807,22.3975,52.9
1759345587168150272,-449.374,548.995,1032.42,0.747088,0.378083,-0.165257,-0.521155,-42.9989,-2.36843,-184.429,-0.0119838,0.0237222,0.0312343,31.1799,22.396,52.8979
1759345587178150144,-449.805,548.974,1030.57,0.745756,0.379978,-0.164588,-0.521896,-43.0517,-1.79868,-185.131,-0.0119818,0.023721,0.031231,31.1791,22.3946,52.8958
1759345587188150272,-450.235,548.959,1028.71,0.744509,0.381809,-0.163806,-0.522586,-43.1025,-1.22646,-185.829,-0.0119798,0.0237197,0.0312276,31.1783,22.3932,52.8938
1759345587198150144,-450.666,548.949,1026.85,0.743163,0.38369,-0.163199,-0.523314,-43.1514,-0.651262,-186.525,-0.0119778,0.0237185,0.0312243,31.1774,22.3918,52.8917
1759345587208150272,-451.098,548.945,1024.98,0.741919,0.38554,-0.162399,-0.523967,-43.1979,-0.073369,-187.219,-0.0119758,0.0237172,0.031221,31.1766,22.3903,52.8896
1759345587218150144,-451.53,548.947,1023.11,0.740589,0.38747,-0.161617,-0.524666,-43.2416,0.507377,-187.91,-0.0119738,0.023716,0.0312177,31.1758,22.3889,52.8875
1759345587228150016,-451.963,548.955,1021.23,0.739578,0.389505,-0.160522,-0.524921,-43.2815,1.09003,-188.6,-0.0119718,0.0237148,0.0312143,31.175,22.3875,52.8855
1759345587238150144,-452.395,548.969,1019.34,0.738262,0.391622,-0.15965,-0.525465,-43.3187,1.67467,-189.287,-0.0119698,0.0237135,0.031211,31.1742,22.3861,52.8834
1759345587248150016,-452.829,548.988,1017.44,0.736851,0.393763,-0.158775,-0.52611,-43.3519,2.26091,-189.972,-0.0119678,0.0237123,0.0312076,31.1733,22.3847,52.8813
1759345587258150144,-453.262,549.014,1015.54,0.735443,0.395941,-0.157818,-0.526733,-43.3821,2.8487,-190.654,-0.0119657,0.0237111,0.0312043,31.1725,22.3832,52.8793
1759345587268150016,-453.696,549.045,1013.63,0.734082,0.398097,-0.156795,-0.527312,-43.4101,3.43877,-191.333,-0.0119637,0.0237099,0.0312009,31.1717,22.3818,52.8772
1759345587278150144,-454.13,549.082,1011.71,0.732611,0.400325,-0.156009,-0.527904,-43.4358,4.0306,-192.009,-0.0119617,0.0237086,0.0311976,31.1709,22.3804,52.8751
1759345587288150016,-454.565,549.126,1009.79,0.731264,0.402475,-0.154907,-0.52846,-43.4593,4.62471,-192.681,-0.0119596,0.0237074,0.0311942,31.1701,22.379,52.8731
1759345587298150144,-454.999,549.175,1007.86,0.729825,0.404645,-0.153971,-0.529066,-43.4813,5.22144,-193.351,-0.0119576,0.0237062,0.0311909,31.1693,22.3776,52.871
1759345587308150016,-455.434,549.23,1005.92,0.728515,0.406745,-0.152904,-0.52957,-43.5018,5.8209,-194.016,-0.0119555,0.023705,0.0311875,31.1685,22.3762,52.8689
1759345587318150144,-455.869,549.291,1003.98,0.727117,0.40884,-0.15198,-0.530143,-43.5208,6.423,-194.679,-0.0119535,0.0237038,0.0311841,31.1677,22.3748,52.8669
1759345587328150016,-456.304,549.358,1002.03,0.725864,0.410861,-0.150865,-0.530617,-43.5382,7.02777,-195.34,-0.0119514,0.0237026,0.0311807,31.1669,22.3734,52.8648
1759345587338150144,-456.74,549.431,1000.07,0.72458,0.412824,-0.149896,-0.531122,-43.5542,7.63528,-195.997,-0.0119493,0.0237013,0.0311773,31.1661,22.3719,52.8628
1759345587348150016,-457.175,549.511,998.107,0.723283,0.414723,-0.149054,-0.531647,-43.5687,8.24521,-196.652,-0.0119473,0.0237001,0.0311739,31.1653,22.3705,52.8607
1759345587358149888,-457.611,549.596,996.137,0.722089,0.41645,-0.148145,-0.532174,-43.582,8.85782,-197.304,-0.0119452,0.0236989,0.0311706,31.1645,22.3691,52.8586
1759345587368150016,-458.047,549.688,994.161,0.720892,0.418179,-0.147397,-0.532649,-43.5943,9.47304,-197.953,-0.0119431,0.0236977,0.0311672,31.1637,22.3677,52.8566
1759345587378149888,-458.483,549.785,992.178,0.719774,0.419791,-0.146533,-0.533131,-43.6056,10.0914,-198.6,-0.011941,0.0236965,0.0311637,31.1629,22.3663,52.8545
1759345587388150016,-458.919,549.889,990.189,0.718652,0.421387,-0.145691,-0.533616,-43.6165,10.7123,-199.243,-0.011939,0.0236953,0.0311603,31.1621,22.3649,52.8525
1759345587398149888,-459.355,549.999,988.193,0.717521,0.422973,-0.144895,-0.5341,-43.6268,11.3354,-199.884,-0.0119369,0.0236941,0.0311569,31.1613,22.3636,52.8504
1759345587408150016,-459.791,550.116,986.191,0.716364,0.424589,-0.144156,-0.53457,-43.6368,11.9609,-200.522,-0.0119348,0.0236929,0.0311535,31.1605,22.3622,52.8483
1759345587418149888,-460.228,550.238,984.183,0.715245,0.426147,-0.14336,-0.535043,-43.6468,12.5879,-201.158,-0.0119327,0.0236917,0.0311501,31.1598,22.3608,52.8463
1759345587428150016,-460.664,550.367,982.168,0.714185,0.427671,-0.142461,-0.535483,-43.656,13.2164,-201.791,-0.0119306,0.0236905,0.0311466,31.159,22.3594,52.8442
1759345587438149888,-461.101,550.502,980.147,0.713097,0.429228,-0.141647,-0.535903,-43.6651,13.8465,-202.422,-0.0119285,0.0236893,0.0311432,31.1582,22.358,52.8421
1759345587448150016,-461.537,550.644,978.12,0.712024,0.430789,-0.140821,-0.536295,-43.6737,14.4781,-203.049,-0.0119264,0.0236881,0.0311398,31.1574,22.3566,52.8401
1759345587458149888,-461.974,550.792,976.086,0.710944,0.432322,-0.139965,-0.536718,-43.6822,15.1113,-203.674,-0.0119243,0.0236869,0.0311363,31.1566,22.3552,52.838
1759345587468150016,-462.411,550.946,974.046,0.709886,0.433907,-0.13912,-0.537059,-43.6903,15.7463,-204.297,-0.0119222,0.0236858,0.0311329,31.1559,22.3539,52.836
1759345587478149888,-462.848,551.107,972,0.708855,0.43546,-0.138219,-0.537396,-43.6976,16.3832,-204.916,-0.0119201,0.0236846,0.0311295,31.1551,22.3525,52.8339
1759345587488149760,-463.285,551.273,969.948,0.707706,0.43715,-0.137614,-0.537694,-43.7039,17.0224,-205.533,-0.011918,0.0236834,0.031126,31.1543,22.3511,52.8318
1759345587498149888,-463.722,551.447,967.89,0.706704,0.438691,-0.136598,-0.538015,-43.7085,17.6631,-206.148,-0.0119159,0.0236822,0.0311226,31.1536,22.3497,52.8298
1759345587508149760,-464.159,551.627,965.825,0.705613,0.440346,-0.135779,-0.538303,-43.7124,18.3056,-206.76,-0.0119138,0.023681,0.0311191,31.1528,22.3484,52.8277
1759345587518149888,-464.596,551.813,963.754,0.704562,0.442005,-0.134879,-0.538546,-43.7138,18.9498,-207.371,-0.0119117,0.0236798,0.0311156,31.152,22.347,52.8257
1759345587528149760,-465.033,552.005,961.678,0.703538,0.443652,-0.133945,-0.538763,-43.7138,19.5959,-207.979,-0.0119096,0.0236787,0.0311122,31.1513,22.3457,52.8236
1759345587538149888,-465.47,552.204,959.595,0.702472,0.445355,-0.133166,-0.538943,-43.712,20.2438,-208.586,-0.0119074,0.0236775,0.0311087,31.1505,22.3443,52.8215
1759345587548149760,-465.907,552.41,957.506,0.70148,0.447008,-0.132269,-0.539087,-43.7087,20.8935,-209.191,-0.0119053,0.0236763,0.0311053,31.1498,22.3429,52.8195
1759345587558149888,-466.344,552.622,955.411,0.700467,0.448663,-0.131434,-0.539233,-43.7042,21.545,-209.795,-0.0119032,0.0236751,0.0311018,31.149,22.3416,52.8174
1759345587568149760,-466.781,552.841,953.31,0.699413,0.450413,-0.13082,-0.539292,-43.6983,22.1979,-210.398,-0.011901,0.0236739,0.0310983,31.1483,22.3402,52.8153
1759345587578149888,-467.218,553.066,951.203,0.698445,0.452046,-0.129863,-0.539412,-43.6902,22.8521,-210.999,-0.0118989,0.0236727,0.0310949,31.1475,22.3389,52.8133
1759345587588149760,-467.655,553.298,949.09,0.697456,0.453739,-0.129098,-0.539454,-43.6812,23.508,-211.599,-0.0118967,0.0236716,0.0310914,31.1468,22.3375,52.8112
1759345587598149888,-468.092,553.536,946.971,0.69651,0.455345,-0.12823,-0.539529,-43.6709,24.1648,-212.197,-0.0118946,0.0236704,0.0310879,31.146,22.3362,52.8092
1759345587608149760,-468.529,553.781,944.846,0.695586,0.456972,-0.127399,-0.539542,-43.6597,24.8227,-212.793,-0.0118924,0.0236692,0.0310845,31.1453,22.3349,52.8071
1759345587618149632,-468.965,554.032,942.715,0.694671,0.458574,-0.126585,-0.539553,-43.6474,25.4816,-213.387,-0.0118903,0.023668,0.031081,31.1446,22.3335,52.805
1759345587628149760,-469.402,554.29,940.579,0.693578,0.460325,-0.126215,-0.539555,-43.6347,26.1412,-213.98,-0.0118881,0.0236668,0.0310775,31.1438,22.3322,52.803
1759345587638149632,-469.838,554.555,938.436,0.692648,0.46193,-0.125462,-0.539555,-43.621,26.8021,-214.57,-0.0118859,0.0236657,0.0310741,31.1431,22.3309,52.8009
1759345587648149760,-470.274,554.826,936.287,0.691741,0.463533,-0.124685,-0.539523,-43.6077,27.4643,-215.158,-0.0118838,0.0236645,0.0310706,31.1424,22.3295,52.7988
1759345587658149632,-470.71,555.104,934.133,0.690837,0.465066,-0.123751,-0.539578,-43.5948,28.1285,-215.743,-0.0118816,0.0236633,0.0310671,31.1416,22.3282,52.7968
1759345587668149760,-471.146,555.388,931.972,0.689916,0.466618,-0.122804,-0.539632,-43.5822,28.7945,-216.326,-0.0118794,0.0236621,0.0310636,31.1409,22.3269,52.7947
1759345587678149632,-471.582,555.68,929.806,0.688964,0.468218,-0.121892,-0.539668,-43.5701,29.463,-216.906,-0.0118773,0.0236609,0.0310601,31.1402,22.3256,52.7926
1759345587688149760,-472.017,555.978,927.634,0.688053,0.469753,-0.120941,-0.539712,-43.558,30.1338,-217.483,-0.0118751,0.0236597,0.0310567,31.1395,22.3242,52.7906
1759345587698149632,-472.453,556.282,925.457,0.687106,0.471315,-0.119983,-0.539769,-43.5458,30.8071,-218.057,-0.0118729,0.0236585,0.0310532,31.1388,22.3229,52.7885
1759345587708149760,-472.888,556.593,923.273,0.68613,0.472905,-0.119113,-0.539814,-43.5336,31.4823,-218.628,-0.0118707,0.0236574,0.0310497,31.138,22.3216,52.7864
1759345587718149632,-473.323,556.912,921.084,0.685202,0.474558,-0.118379,-0.539703,-43.5213,32.1593,-219.197,-0.0118685,0.0236562,0.0310462,31.1373,22.3203,52.7843
1759345587728149760,-473.759,557.236,918.889,0.684211,0.476156,-0.117737,-0.539693,-43.5088,32.8374,-219.764,-0.0118664,0.023655,0.0310427,31.1366,22.319,52.7823
1759345587738149632,-474.194,557.568,916.689,0.683324,0.477569,-0.116843,-0.539763,-43.4962,33.517,-220.328,-0.0118642,0.0236538,0.0310392,31.1359,22.3177,52.7802
1759345587748149760,-474.629,557.907,914.483,0.682493,0.478899,-0.115951,-0.539828,-43.4835,34.1979,-220.889,-0.011862,0.0236526,0.0310357,31.1352,22.3164,52.7781
1759345587758149632,-475.063,558.252,912.271,0.68169,0.480201,-0.115186,-0.53985,-43.4714,34.8803,-221.447,-0.0118598,0.0236514,0.0310322,31.1345,22.3151,52.7761
1759345587768149504,-475.498,558.604,910.054,0.680935,0.481417,-0.114395,-0.539888,-43.4597,35.5642,-222.002,-0.0118576,0.0236501,0.0310287,31.1338,22.3138,52.774
1759345587778149632,-475.932,558.963,907.831,0.68026,0.482509,-0.11352,-0.539949,-43.4491,36.25,-222.554,-0.0118554,0.0236489,0.0310252,31.1331,22.3125,52.7719
1759345587788149504,-476.367,559.329,905.603,0.679531,0.483681,-0.11296,-0.539935,-43.4396,36.9377,-223.104,-0.0118532,0.0236477,0.0310217,31.1324,22.3113,52.7698
1759345587798149632,-476.801,559.702,903.369,0.678921,0.484655,-0.112133,-0.540001,-43.4303,37.627,-223.652,-0.0118511,0.0236465,0.0310181,31.1317,22.31,52.7678
1759345587808149504,-477.236,560.081,901.13,0.678299,0.485675,-0.111467,-0.540005,-43.4218,38.3178,-224.197,-0.0118489,0.0236453,0.0310146,31.131,22.3087,52.7657
1759345587818149632,-477.67,560.468,898.885,0.677726,0.486618,-0.110739,-0.540026,-43.4133,39.0098,-224.74,-0.0118467,0.0236441,0.0310111,31.1303,22.3074,52.7636
1759345587828149504,-478.104,560.861,896.635,0.677181,0.487527,-0.109985,-0.540043,-43.4048,39.7029,-225.282,-0.0118445,0.0236429,0.0310076,31.1297,22.3061,52.7616
1759345587838149632,-478.538,561.262,894.38,0.676593,0.488547,-0.109429,-0.539972,-43.3956,40.3964,-225.823,-0.0118423,0.0236416,0.0310041,31.129,22.3049,52.7595
1759345587848149504,-478.972,561.669,892.119,0.676059,0.489499,-0.108757,-0.539914,-43.3856,41.0904,-226.363,-0.0118401,0.0236404,0.0310005,31.1283,22.3036,52.7574
1759345587858149632,-479.406,562.083,889.852,0.675543,0.490467,-0.108128,-0.539807,-43.3748,41.7846,-226.903,-0.011838,0.0236392,0.030997,31.1276,22.3023,52.7553
1759345587868149504,-479.839,562.504,887.581,0.675032,0.491465,-0.107593,-0.539645,-43.3633,42.4794,-227.442,-0.0118358,0.023638,0.0309935,31.1269,22.3011,52.7532
1759345587878149632,-480.273,562.933,885.303,0.674571,0.492414,-0.107022,-0.539471,-43.3513,43.175,-227.98,-0.0118336,0.0236367,0.03099,31.1263,22.2998,52.7512
1759345587888149504,-480.706,563.368,883.021,0.674252,0.493276,-0.106239,-0.539236,-43.3385,43.8711,-228.518,-0.0118314,0.0236355,0.0309865,31.1256,22.2986,52.7491
1759345587898149376,-481.14,563.81,880.733,0.673735,0.494242,-0.105852,-0.539074,-43.3251,44.5678,-229.054,-0.0118292,0.0236343,0.0309829,31.1249,22.2973,52.747
1759345587908149504,-481.573,564.259,878.44,0.673378,0.495022,-0.105081,-0.538956,-43.3108,45.2651,-229.588,-0.011827,0.0236331,0.0309794,31.1243,22.2961,52.7449
1759345587918149376,-482.006,564.715,876.141,0.673002,0.496036,-0.104746,-0.538558,-43.2958,45.9625,-230.121,-0.0118248,0.0236318,0.0309759,31.1236,22.2948,52.7429
1759345587928149504,-482.439,565.178,873.837,0.672666,0.496751,-0.104044,-0.538455,-43.28,46.66,-230.653,-0.0118226,0.0236306,0.0309724,31.1229,22.2936,52.7408
1759345587938149376,-482.872,565.648,871.528,0.672263,0.497257,-0.103308,-0.538632,-43.2638,47.3572,-231.185,-0.0118205,0.0236293,0.0309689,31.1223,22.2923,52.7387
1759345587948149504,-483.304,566.125,869.214,0.672075,0.497927,-0.102775,-0.53835,-43.2471,48.0539,-231.716,-0.0118183,0.0236281,0.0309653,31.1216,22.2911,52.7366
1759345587958149376,-483.737,566.609,866.894,0.671907,0.498618,-0.102501,-0.537972,-43.2302,48.7505,-232.247,-0.0118161,0.0236269,0.0309618,31.121,22.2899,52.7345
1759345587968149504,-484.169,567.1,864.569,0.671804,0.49914,-0.102225,-0.53767,-43.2129,49.4467,-232.777,-0.0118139,0.0236256,0.0309583,31.1203,22.2887,52.7324
1759345587978149376,-484.601,567.598,862.238,0.671848,0.499371,-0.101765,-0.537487,-43.1954,50.1433,-233.306,-0.0118117,0.0236244,0.0309548,31.1197,22.2874,52.7304
1759345587988149504,-485.033,568.102,859.903,0.671945,0.499681,-0.101641,-0.537102,-43.178,50.84,-233.835,-0.0118095,0.0236231,0.0309513,31.119,22.2862,52.7283
1759345587998149376,-485.465,568.614,857.562,0.672009,0.499887,-0.1016,-0.536838,-43.1611,51.5376,-234.364,-0.0118073,0.0236219,0.0309478,31.1184,22.285,52.7262
1759345588008149504,-485.896,569.133,855.215,0.67218,0.49995,-0.10151,-0.536581,-43.144,52.2356,-234.893,-0.0118052,0.0236206,0.0309442,31.1178,22.2838,52.7241
1759345588018149376,-486.328,569.659,852.864,0.672396,0.499946,-0.101549,-0.536307,-43.1267,52.9337,-235.421,-0.011803,0.0236194,0.0309407,31.1171,22.2826,52.722
1759345588028149248,-486.759,570.192,850.507,0.672677,0.4999,-0.101717,-0.535965,-43.109,53.6314,-235.95,-0.0118008,0.0236181,0.0309372,31.1165,22.2814,52.7199
1759345588038149376,-487.19,570.731,848.145,0.673002,0.499717,-0.10189,-0.535695,-43.0911,54.3286,-236.478,-0.0117986,0.0236169,0.0309337,31.1159,22.2802,52.7178
1759345588048149248,-487.621,571.278,845.778,0.673433,0.499518,-0.102224,-0.535276,-43.0731,55.0251,-237.007,-0.0117965,0.0236156,0.0309302,31.1152,22.279,52.7157
1759345588058149376,-488.051,571.832,843.405,0.673847,0.499049,-0.102392,-0.53516,-43.0555,55.7213,-237.536,-0.0117943,0.0236143,0.0309267,31.1146,22.2778,52.7136
1759345588068149248,-488.482,572.392,841.027,0.67433,0.498591,-0.102703,-0.534919,-43.0378,56.4171,-238.066,-0.0117921,0.0236131,0.0309232,31.114,22.2766,52.7115
1759345588078149376,-488.912,572.96,838.644,0.674922,0.498049,-0.102976,-0.534624,-43.0203,57.1129,-238.596,-0.01179,0.0236118,0.0309197,31.1134,22.2754,52.7094
1759345588088149248,-489.343,573.534,836.255,0.675522,0.497466,-0.103449,-0.534318,-43.0026,57.8083,-239.128,-0.0117878,0.0236105,0.0309162,31.1128,22.2742,52.7073
1759345588098149376,-489.773,574.116,833.861,0.676092,0.496795,-0.103943,-0.534126,-42.9842,58.5034,-239.659,-0.0117856,0.0236093,0.0309127,31.1121,22.273,52.7052
1759345588108149248,-490.202,574.704,831.462,0.676819,0.496297,-0.104603,-0.533538,-42.964,59.1982,-240.192,-0.0117835,0.023608,0.0309092,31.1115,22.2719,52.7031
1759345588118149376,-490.632,575.299,829.057,0.677437,0.49565,-0.105145,-0.533249,-42.9425,59.8928,-240.727,-0.0117813,0.0236067,0.0309057,31.1109,22.2707,52.701
1759345588128149248,-491.061,575.902,826.647,0.678092,0.494952,-0.105561,-0.532983,-42.919,60.5877,-241.264,-0.0117792,0.0236054,0.0309022,31.1103,22.2695,52.6989
1759345588138149376,-491.491,576.511,824.232,0.678718,0.494287,-0.106084,-0.5327,-42.8941,61.2821,-241.802,-0.011777,0.0236041,0.0308987,31.1097,22.2684,52.6968
1759345588148149248,-491.92,577.127,821.811,0.679318,0.493625,-0.106596,-0.532446,-42.8684,61.9759,-242.342,-0.0117748,0.0236028,0.0308952,31.1091,22.2672,52.6947
1759345588158149120,-492.348,577.75,819.385,0.679927,0.492962,-0.107268,-0.532148,-42.8423,62.6682,-242.883,-0.0117727,0.0236015,0.0308918,31.1085,22.266,52.6926
1759345588168149248,-492.777,578.38,816.954,0.680637,0.492165,-0.107825,-0.531865,-42.8161,63.3592,-243.425,-0.0117705,0.0236002,0.0308883,31.108,22.2649,52.6905
1759345588178149120,-493.205,579.017,814.517,0.681391,0.491306,-0.108475,-0.531562,-42.7905,64.0485,-243.967,-0.0117684,0.0235989,0.0308848,31.1074,22.2637,52.6884
1759345588188149248,-493.633,579.661,812.074,0.682166,0.490421,-0.109279,-0.531221,-42.7656,64.737,-244.511,-0.0117662,0.0235976,0.0308813,31.1068,22.2626,52.6863
1759345588198149120,-494.06,580.312,809.626,0.683025,0.489394,-0.11007,-0.5309,-42.7405,65.4247,-245.057,-0.0117641,0.0235963,0.0308779,31.1062,22.2615,52.6842
1759345588208149248,-494.488,580.969,807.173,0.683974,0.488233,-0.110835,-0.530588,-42.7148,66.1116,-245.606,-0.0117619,0.0235949,0.0308744,31.1056,22.2603,52.682
1759345588218149120,-494.915,581.634,804.714,0.684932,0.487005,-0.111731,-0.530293,-42.6882,66.7978,-246.157,-0.0117598,0.0235936,0.0308709,31.1051,22.2592,52.6799
1759345588228149248,-495.342,582.305,802.25,0.68599,0.485645,-0.112587,-0.529991,-42.661,67.4829,-246.71,-0.0117577,0.0235923,0.0308675,31.1045,22.2581,52.6778
1759345588238149120,-495.768,582.983,799.78,0.687055,0.484266,-0.113658,-0.529645,-42.6334,68.1668,-247.266,-0.0117555,0.0235909,0.030864,31.1039,22.2569,52.6757
1759345588248149248,-496.194,583.668,797.305,0.688186,0.48274,-0.114754,-0.529334,-42.6053,68.8494,-247.825,-0.0117534,0.0235896,0.0308606,31.1034,22.2558,52.6735
1759345588258149120,-496.62,584.36,794.824,0.689387,0.481093,-0.115873,-0.529026,-42.5768,69.5302,-248.387,-0.0117512,0.0235882,0.0308571,31.1028,22.2547,52.6714
1759345588268149248,-497.046,585.059,792.337,0.690633,0.479399,-0.117154,-0.528655,-42.5481,70.2092,-248.952,-0.0117491,0.0235869,0.0308537,31.1022,22.2536,52.6693
1759345588278149120,-497.472,585.764,789.845,0.691947,0.477583,-0.118449,-0.528293,-42.5192,70.8863,-249.521,-0.011747,0.0235855,0.0308502,31.1017,22.2525,52.6671
1759345588288148992,-497.897,586.476,787.347,0.693298,0.475675,-0.119756,-0.527949,-42.4897,71.5614,-250.092,-0.0117448,0.0235842,0.0308468,31.1011,22.2514,52.665
1759345588298149120,-498.322,587.195,784.843,0.694698,0.473641,-0.121018,-0.527649,-42.4597,72.235,-250.666,-0.0117427,0.0235828,0.0308434,31.1006,22.2503,52.6629
1759345588308148992,-498.746,587.921,782.333,0.696128,0.471609,-0.12235,-0.527277,-42.4295,72.9067,-251.244,-0.0117406,0.0235814,0.0308399,31.1,22.2492,52.6607
1759345588318149120,-499.17,588.653,779.818,0.697504,0.469578,-0.12386,-0.526919,-42.3986,73.5771,-251.823,-0.0117385,0.02358,0.0308365,31.0995,22.2481,52.6586
1759345588328148992,-499.594,589.392,777.297,0.698955,0.467466,-0.12524,-0.526548,-42.3672,74.2457,-252.406,-0.0117364,0.0235786,0.0308331,31.099,22.247,52.6565
1759345588338149120,-500.018,590.138,774.77,0.70044,0.465297,-0.126517,-0.52619,-42.336,74.9128,-252.992,-0.0117343,0.0235772,0.0308297,31.0984,22.2459,52.6543
1759345588348148992,-500.441,590.89,772.237,0.70189,0.463124,-0.127863,-0.525849,-42.306,75.5772,-253.582,-0.0117322,0.0235758,0.0308263,31.0979,22.2449,52.6522
1759345588358149120,-500.864,591.649,769.698,0.703042,0.461094,-0.129804,-0.52562,-42.2769,76.2387,-254.174,-0.0117301,0.0235744,0.0308229,31.0974,22.2438,52.65
1759345588368148992,-501.287,592.415,767.154,0.704492,0.458884,-0.131282,-0.525245,-42.2484,76.8968,-254.77,-0.011728,0.023573,0.0308195,31.0968,22.2427,52.6479
1759345588378149120,-501.71,593.187,764.603,0.706001,0.456543,-0.132629,-0.524919,-42.2206,77.5517,-255.369,-0.0117259,0.0235716,0.0308161,31.0963,22.2417,52.6457
1759345588388148992,-502.132,593.965,762.046,0.707561,0.454136,-0.134037,-0.524549,-42.1935,78.2037,-255.971,-0.0117238,0.0235702,0.0308127,31.0958,22.2406,52.6435
1759345588398149120,-502.554,594.751,759.484,0.709156,0.451711,-0.135548,-0.524101,-42.1675,78.8529,-256.575,-0.0117217,0.0235688,0.0308093,31.0953,22.2395,52.6414
1759345588408148992,-502.975,595.542,756.915,0.711013,0.449016,-0.136504,-0.523653,-42.1423,79.4993,-257.183,-0.0117197,0.0235673,0.0308059,31.0948,22.2385,52.6392
1759345588418149120,-503.397,596.34,754.34,0.71269,0.446386,-0.137889,-0.523259,-42.119,80.1433,-257.793,-0.0117176,0.0235659,0.0308025,31.0943,22.2375,52.6371
1759345588428148992,-503.818,597.145,751.759,0.714359,0.443731,-0.13941,-0.522837,-42.0966,80.7851,-258.406,-0.0117155,0.0235644,0.0307991,31.0938,22.2364,52.6349
1759345588438148864,-504.239,597.956,749.172,0.71604,0.44104,-0.140953,-0.522401,-42.0747,81.4243,-259.023,-0.0117135,0.023563,0.0307958,31.0933,22.2354,52.6327
1759345588448148992,-504.66,598.773,746.579,0.717688,0.438406,-0.142663,-0.521892,-42.0529,82.0616,-259.643,-0.0117114,0.0235615,0.0307924,31.0928,22.2343,52.6306
1759345588458148864,-505.08,599.597,743.979,0.719462,0.435565,-0.143999,-0.52146,-42.0301,82.6965,-260.268,-0.0117094,0.02356,0.030789,31.0923,22.2333,52.6284
1759345588468148992,-505.501,600.427,741.374,0.721178,0.432781,-0.145491,-0.520994,-42.0077,83.3286,-260.897,-0.0117073,0.0235586,0.0307857,31.0918,22.2323,52.6262
1759345588478148864,-505.921,601.263,738.761,0.722828,0.430065,-0.147094,-0.520507,-41.9846,83.9576,-261.53,-0.0117053,0.0235571,0.0307823,31.0913,22.2313,52.624
1759345588488148992,-506.341,602.106,736.143,0.724488,0.427317,-0.148665,-0.520015,-41.9616,84.5835,-262.168,-0.0117033,0.0235556,0.030779,31.0908,22.2302,52.6219
1759345588498148864,-506.76,602.954,733.518,0.726152,0.424592,-0.150306,-0.519455,-41.939,85.206,-262.812,-0.0117012,0.0235541,0.0307757,31.0903,22.2292,52.6197
1759345588508148992,-507.18,603.809,730.887,0.727795,0.421853,-0.152024,-0.518886,-41.9177,85.8247,-263.46,-0.0116992,0.0235526,0.0307723,31.0899,22.2282,52.6175
1759345588518148864,-507.599,604.671,728.249,0.729495,0.419063,-0.15372,-0.51826,-41.8972,86.4397,-264.113,-0.0116972,0.0235511,0.030769,31.0894,22.2272,52.6153
1759345588528148992,-508.018,605.538,725.605,0.731253,0.416227,-0.155414,-0.517562,-41.8779,87.0507,-264.771,-0.0116952,0.0235496,0.0307657,31.0889,22.2262,52.6131
1759345588538148864,-508.437,606.411,722.954,0.73302,0.413241,-0.157088,-0.516949,-41.8583,87.6576,-265.433,-0.0116931,0.023548,0.0307624,31.0885,22.2252,52.6109
1759345588548148992,-508.855,607.291,720.296,0.734722,0.410295,-0.159089,-0.516268,-41.839,88.2606,-266.1,-0.0116911,0.0235465,0.0307591,31.088,22.2242,52.6087
1759345588558148864,-509.274,608.176,717.632,0.736563,0.407148,-0.160838,-0.515594,-41.8188,88.8592,-266.77,-0.0116891,0.023545,0.0307558,31.0875,22.2232,52.6065
1759345588568148736,-509.692,609.068,714.961,0.738411,0.403994,-0.162754,-0.514829,-41.7988,89.4537,-267.444,-0.0116871,0.0235434,0.0307526,31.0871,22.2222,52.6043
1759345588578148864,-510.11,609.965,712.283,0.740294,0.400692,-0.164602,-0.514117,-41.7792,90.044,-268.124,-0.0116851,0.0235419,0.0307493,31.0866,22.2212,52.6021
1759345588588148736,-510.528,610.868,709.598,0.742171,0.397358,-0.166502,-0.513386,-41.7604,90.6303,-268.809,-0.0116831,0.0235403,0.030746,31.0862,22.2203,52.5999
1759345588598148864,-510.945,611.777,706.907,0.743718,0.393844,-0.168659,-0.513152,-41.7423,91.2123,-269.498,-0.0116812,0.0235388,0.0307428,31.0857,22.2193,52.5977
1759345588608148736,-511.363,612.692,704.209,0.745546,0.390414,-0.17083,-0.512401,-41.7244,91.7896,-270.193,-0.0116792,0.0235372,0.0307395,31.0853,22.2183,52.5955
1759345588618148864,-511.78,613.613,701.503,0.747528,0.386794,-0.172672,-0.511641,-41.7069,92.3617,-270.891,-0.0116772,0.0235356,0.0307363,31.0848,22.2173,52.5933
1759345588628148736,-512.197,614.539,698.791,0.749429,0.383244,-0.174826,-0.5108,-41.6903,92.929,-271.593,-0.0116752,0.023534,0.0307331,31.0844,22.2164,52.5911
1759345588638148864,-512.614,615.471,696.072,0.751387,0.379594,-0.176842,-0.509954,-41.6746,93.4915,-272.299,-0.0116733,0.0235325,0.0307298,31.084,22.2154,52.5889
1759345588648148736,-513.031,616.409,693.345,0.753397,0.375846,-0.178711,-0.509113,-41.6599,94.0493,-273.009,-0.0116713,0.0235309,0.0307266,31.0835,22.2145,52.5866
1759345588658148864,-513.447,617.352,690.612,0.755342,0.37216,-0.180796,-0.508201,-41.647,94.6026,-273.723,-0.0116694,0.0235293,0.0307234,31.0831,22.2135,52.5844
1759345588668148736,-513.864,618.301,687.871,0.757331,0.368346,-0.182683,-0.507344,-41.6345,95.1504,-274.441,-0.0116674,0.0235277,0.0307203,31.0827,22.2126,52.5822
1759345588678148864,-514.28,619.255,685.123,0.759275,0.364558,-0.1847,-0.506443,-41.6228,95.6923,-275.164,-0.0116655,0.0235261,0.0307171,31.0823,22.2116,52.58
1759345588688148736,-514.697,620.214,682.368,0.761206,0.360686,-0.186732,-0.505571,-41.6115,96.2271,-275.893,-0.0116636,0.0235245,0.0307139,31.0818,22.2107,52.5777
1759345588698148608,-515.113,621.179,679.605,0.7632,0.356708,-0.188698,-0.504656,-41.6009,96.755,-276.626,-0.0116616,0.0235228,0.0307108,31.0814,22.2097,52.5755
1759345588708148736,-515.529,622.149,676.835,0.76524,0.352653,-0.19072,-0.503655,-41.5912,97.277,-277.364,-0.0116597,0.0235212,0.0307076,31.081,22.2088,52.5733
1759345588718148608,-515.945,623.124,674.058,0.767482,0.348536,-0.192681,-0.502362,-41.583,97.7926,-278.105,-0.0116578,0.0235196,0.0307045,31.0806,22.2079,52.571
1759345588728148736,-516.361,624.104,671.273,0.769584,0.344259,-0.194699,-0.501316,-41.5764,98.302,-278.851,-0.0116559,0.023518,0.0307013,31.0802,22.2069,52.5688
1759345588738148608,-516.777,625.09,668.481,0.771604,0.339965,-0.196914,-0.500275,-41.5715,98.8054,-279.6,-0.011654,0.0235163,0.0306982,31.0798,22.206,52.5665
1759345588748148736,-517.192,626.08,665.682,0.773683,0.335509,-0.199046,-0.499229,-41.5677,99.3028,-280.352,-0.0116521,0.0235147,0.0306951,31.0794,22.2051,52.5643
1759345588758148608,-517.608,627.076,662.874,0.775742,0.330998,-0.20119,-0.498185,-41.5651,99.7942,-281.109,-0.0116503,0.0235131,0.030692,31.079,22.2042,52.5621
1759345588768148736,-518.024,628.076,660.06,0.77775,0.326506,-0.203498,-0.49708,-41.5634,100.28,-281.869,-0.0116484,0.0235114,0.0306889,31.0786,22.2033,52.5598
1759345588778148608,-518.44,629.081,657.237,0.779777,0.321873,-0.205613,-0.496054,-41.5626,100.761,-282.634,-0.0116465,0.0235097,0.0306859,31.0782,22.2024,52.5576
1759345588788148736,-518.855,630.091,654.407,0.78175,0.317289,-0.20782,-0.49498,-41.5629,101.236,-283.403,-0.0116447,0.0235081,0.0306828,31.0778,22.2014,52.5553
1759345588798148608,-519.271,631.105,651.569,0.783681,0.312709,-0.210008,-0.493916,-41.5648,101.705,-284.176,-0.0116428,0.0235064,0.0306797,31.0774,22.2005,52.553
1759345588808148736,-519.687,632.125,648.724,0.785563,0.308165,-0.212194,-0.492847,-41.568,102.169,-284.952,-0.011641,0.0235047,0.0306767,31.077,22.1996,52.5508
1759345588818148608,-520.103,633.148,645.871,0.787389,0.303637,-0.214369,-0.491801,-41.5728,102.626,-285.732,-0.0116392,0.023503,0.0306736,31.0767,22.1987,52.5485
1759345588828148480,-520.519,634.177,643.009,0.789192,0.299094,-0.216463,-0.490778,-41.5793,103.078,-286.515,-0.0116374,0.0235014,0.0306706,31.0763,22.1979,52.5462
1759345588838148608,-520.934,635.21,640.14,0.791004,0.294715,-0.218673,-0.489528,-41.5872,103.523,-287.301,-0.0116356,0.0234997,0.0306676,31.0759,22.197,52.544
1759345588848148480,-521.35,636.247,637.264,0.792436,0.290163,-0.220993,-0.488889,-41.5963,103.962,-288.091,-0.0116338,0.023498,0.0306646,31.0755,22.1961,52.5417
1759345588858148608,-521.767,637.289,634.379,0.794256,0.285624,-0.22289,-0.487746,-41.606,104.394,-288.883,-0.011632,0.0234962,0.0306616,31.0752,22.1952,52.5394
1759345588868148480,-522.183,638.335,631.486,0.79596,0.281157,-0.224922,-0.48663,-41.6169,104.82,-289.679,-0.0116302,0.0234945,0.0306586,31.0748,22.1943,52.5372
1759345588878148608,-522.599,639.385,628.586,0.797744,0.276634,-0.226807,-0.485424,-41.6287,105.237,-290.479,-0.0116284,0.0234928,0.0306556,31.0744,22.1934,52.5349
1759345588888148480,-523.016,640.439,625.677,0.799433,0.27205,-0.228824,-0.484288,-41.6419,105.647,-291.282,-0.0116266,0.0234911,0.0306526,31.0741,22.1926,52.5326
1759345588898148608,-523.432,641.497,622.76,0.801062,0.267478,-0.231022,-0.483099,-41.6564,106.049,-292.089,-0.0116249,0.0234893,0.0306497,31.0737,22.1917,52.5303
1759345588908148480,-523.849,642.56,619.835,0.802708,0.262797,-0.233228,-0.481873,-41.6721,106.443,-292.9,-0.0116231,0.0234876,0.0306467,31.0733,22.1908,52.528
1759345588918148608,-524.266,643.626,616.903,0.804181,0.258019,-0.23563,-0.48083,-41.6891,106.829,-293.713,-0.0116214,0.0234858,0.0306438,31.073,22.19,52.5257
1759345588928148480,-524.683,644.696,613.961,0.805809,0.253083,-0.237965,-0.479576,-41.7073,107.208,-294.53,-0.0116196,0.0234841,0.0306409,31.0726,22.1891,52.5234
1759345588938148608,-525.1,645.77,611.012,0.807452,0.248077,-0.240346,-0.47824,-41.7267,107.579,-295.35,-0.0116179,0.0234823,0.030638,31.0723,22.1882,52.5211
1759345588948148480,-525.517,646.847,608.055,0.809162,0.243023,-0.24281,-0.476698,-41.7476,107.943,-296.174,-0.0116162,0.0234805,0.030635,31.0719,22.1874,52.5188
1759345588958148352,-525.935,647.928,605.089,0.810934,0.237788,-0.245098,-0.475152,-41.7701,108.299,-297.001,-0.0116145,0.0234787,0.0306321,31.0716,22.1865,52.5165
1759345588968148480,-526.353,649.013,602.115,0.812541,0.232498,-0.247539,-0.473757,-41.7945,108.647,-297.832,-0.0116127,0.023477,0.0306293,31.0712,22.1857,52.5142
1759345588978148352,-526.771,650.101,599.133,0.814077,0.227165,-0.250139,-0.47234,-41.8207,108.989,-298.668,-0.011611,0.0234752,0.0306264,31.0709,22.1848,52.5119
1759345588988148480,-527.19,651.192,596.142,0.815505,0.221836,-0.252948,-0.470912,-41.8486,109.324,-299.507,-0.0116093,0.0234733,0.0306235,31.0705,22.184,52.5096
1759345588998148352,-527.608,652.287,593.143,0.817067,0.216306,-0.25531,-0.4695,-41.8777,109.65,-300.349,-0.0116077,0.0234715,0.0306207,31.0702,22.1831,52.5073
1759345589008148480,-528.027,653.385,590.135,0.818496,0.210887,-0.257885,-0.468066,-41.9086,109.969,-301.195,-0.011606,0.0234697,0.0306178,31.0699,22.1823,52.505
1759345589018148352,-528.446,654.486,587.119,0.819808,0.205489,-0.260619,-0.466655,-41.9409,110.279,-302.044,-0.0116043,0.0234679,0.030615,31.0695,22.1814,52.5027
1759345589028148480,-528.866,655.59,584.095,0.821189,0.199998,-0.263131,-0.465201,-41.9743,110.58,-302.896,-0.0116027,0.023466,0.0306122,31.0692,22.1806,52.5004
1759345589038148352,-529.286,656.697,581.062,0.822434,0.194584,-0.265844,-0.463753,-42.0094,110.872,-303.751,-0.011601,0.0234642,0.0306094,31.0689,22.1798,52.498
1759345589048148480,-529.706,657.807,578.02,0.823712,0.189075,-0.268421,-0.462276,-42.0453,111.155,-304.608,-0.0115993,0.0234623,0.0306066,31.0685,22.1789,52.4957
1759345589058148352,-530.127,658.92,574.97,0.824951,0.183568,-0.27107,-0.460737,-42.0818,111.43,-305.466,-0.0115977,0.0234605,0.0306038,31.0682,22.1781,52.4934
1759345589068148480,-530.548,660.036,571.911,0.826125,0.178047,-0.273804,-0.459182,-42.1188,111.696,-306.327,-0.0115961,0.0234586,0.030601,31.0679,22.1773,52.4911
1759345589078148352,-530.969,661.154,568.844,0.827254,0.17246,-0.276506,-0.45766,-42.1565,111.953,-307.191,-0.0115945,0.0234567,0.0305982,31.0676,22.1764,52.4887
1759345589088148480,-531.391,662.274,565.768,0.828396,0.166789,-0.279143,-0.456093,-42.1946,112.202,-308.056,-0.0115928,0.0234548,0.0305955,31.0672,22.1756,52.4864
1759345589098148352,-531.813,663.397,562.683,0.829473,0.161106,-0.281864,-0.454503,-42.2334,112.442,-308.925,-0.0115912,0.0234529,0.0305927,31.0669,22.1748,52.4841
1759345589108148224,-532.236,664.523,559.59,0.830487,0.155394,-0.284621,-0.452919,-42.273,112.673,-309.797,-0.0115896,0.023451,0.03059,31.0666,22.174,52.4817
1759345589118148352,-532.659,665.651,556.488,0.831498,0.149639,-0.28735,-0.451275,-42.3128,112.895,-310.671,-0.011588,0.0234491,0.0305872,31.0663,22.1731,52.4794
1759345589128148224,-533.082,666.781,553.377,0.832508,0.143821,-0.290008,-0.449602,-42.3533,113.108,-311.547,-0.0115864,0.0234471,0.0305845,31.066,22.1723,52.477
1759345589138148352,-533.506,667.913,550.257,0.833347,0.138097,-0.292915,-0.447953,-42.394,113.312,-312.425,-0.0115848,0.0234452,0.0305818,31.0656,22.1715,52.4747
1759345589148148224,-533.93,669.047,547.129,0.834286,0.132222,-0.295566,-0.446234,-42.4348,113.506,-313.306,-0.0115833,0.0234433,0.0305791,31.0653,22.1707,52.4723
1759345589158148352,-534.355,670.182,543.992,0.835155,0.12636,-0.298248,-0.44452,-42.4762,113.691,-314.188,-0.0115817,0.0234413,0.0305764,31.065,22.1699,52.47
1759345589168148224,-534.78,671.32,540.846,0.835845,0.120567,-0.301172,-0.442857,-42.5185,113.866,-315.072,-0.0115801,0.0234393,0.0305738,31.0647,22.1691,52.4676
1759345589178148352,-535.205,672.459,537.691,0.836589,0.114672,-0.303924,-0.441133,-42.5613,114.031,-315.957,-0.0115786,0.0234374,0.0305711,31.0644,22.1683,52.4653
1759345589188148224,-535.631,673.6,534.527,0.837291,0.108761,-0.306677,-0.43939,-42.6047,114.187,-316.843,-0.011577,0.0234354,0.0305684,31.0641,22.1674,52.4629
1759345589198148352,-536.057,674.743,531.354,0.837899,0.10285,-0.309507,-0.437667,-42.6481,114.333,-317.73,-0.0115755,0.0234334,0.0305658,31.0637,22.1666,52.4605
1759345589208148224,-536.484,675.887,528.173,0.838576,0.0968803,-0.31215,-0.435853,-42.6921,114.469,-318.618,-0.011574,0.0234314,0.0305632,31.0634,22.1658,52.4582
1759345589218148352,-536.911,677.032,524.982,0.839214,0.0909367,-0.314758,-0.434025,-42.7369,114.597,-319.507,-0.0115725,0.0234294,0.0305605,31.0631,22.165,52.4558
1759345589228148224,-537.339,678.178,521.783,0.839764,0.0850412,-0.317391,-0.432235,-42.7825,114.714,-320.398,-0.011571,0.0234274,0.0305579,31.0628,22.1642,52.4534
1759345589238148096,-537.767,679.326,518.575,0.840158,0.0792667,-0.320189,-0.4305,-42.8289,114.822,-321.289,-0.0115695,0.0234253,0.0305553,31.0625,22.1634,52.4511
1759345589248148224,-538.195,680.475,515.358,0.840616,0.0734814,-0.322713,-0.428744,-42.8763,114.921,-322.181,-0.011568,0.0234233,0.0305527,31.0622,22.1626,52.4487
1759345589258148096,-538.624,681.624,512.132,0.841086,0.0677286,-0.325072,-0.426983,-42.9262,115.011,-323.073,-0.0115665,0.0234213,0.0305501,31.0619,22.1618,52.4463
1759345589268148224,-539.054,682.775,508.897,0.841425,0.0621376,-0.327609,-0.425225,-42.9786,115.091,-323.966,-0.011565,0.0234192,0.0305475,31.0616,22.161,52.4439
1759345589278148096,-539.484,683.926,505.653,0.841685,0.0567341,-0.330268,-0.423403,-43.0354,115.161,-324.859,-0.0115636,0.0234172,0.030545,31.0613,22.1602,52.4415
1759345589288148224,-539.915,685.078,502.4,0.842017,0.0511022,-0.332381,-0.421804,-43.0926,115.223,-325.752,-0.0115621,0.0234151,0.0305424,31.061,22.1594,52.4392
1759345589298148096,-540.346,686.23,499.139,0.842212,0.045714,-0.334775,-0.420136,-43.1521,115.276,-326.643,-0.0115607,0.023413,0.0305399,31.0607,22.1586,52.4368
1759345589308148224,-540.778,687.383,495.868,0.842513,0.0403405,-0.336922,-0.418364,-43.2101,115.323,-327.532,-0.0115592,0.0234109,0.0305373,31.0603,22.1578,52.4344
1759345589318148096,-541.21,688.536,492.589,0.84272,0.0350174,-0.339076,-0.416682,-43.2678,115.362,-328.419,-0.0115578,0.0234089,0.0305348,31.06,22.157,52.432
1759345589328148224,-541.643,689.69,489.3,0.842828,0.0297651,-0.341327,-0.415031,-43.3257,115.393,-329.306,-0.0115564,0.0234068,0.0305323,31.0597,22.1562,52.4296
1759345589338148096,-542.076,690.844,486.003,0.843022,0.0244874,-0.343365,-0.413297,-43.3854,115.413,-330.192,-0.011555,0.0234047,0.0305298,31.0594,22.1555,52.4272
1759345589348148224,-542.511,691.998,482.697,0.843082,0.0192972,-0.345566,-0.411613,-43.4466,115.424,-331.077,-0.0115536,0.0234025,0.0305273,31.0591,22.1547,52.4248
1759345589358148096,-542.945,693.152,479.382,0.84315,0.0140908,-0.347744,-0.409846,-43.5092,115.425,-331.962,-0.0115523,0.0234004,0.0305248,31.0588,22.1539,52.4224
1759345589368147968,-543.381,694.306,476.058,0.843253,0.00883362,-0.349795,-0.408031,-43.5723,115.418,-332.845,-0.0115509,0.0233983,0.0305223,31.0585,22.1531,52.4199
1759345589378148096,-543.817,695.46,472.726,0.843192,0.0036165,-0.352036,-0.406308,-43.6357,115.402,-333.726,-0.0115495,0.0233962,0.0305198,31.0582,22.1523,52.4175
1759345589388147968,-544.253,696.614,469.384,0.843054,-0.00158142,-0.354322,-0.404615,-43.6991,115.378,-334.607,-0.0115482,0.023394,0.0305174,31.0579,22.1515,52.4151
1759345589398148096,-544.691,697.768,466.034,0.843064,-0.0067681,-0.356361,-0.402746,-43.7626,115.345,-335.486,-0.0115468,0.0233919,0.0305149,31.0576,22.1507,52.4127
1759345589408147968,-545.129,698.921,462.675,0.842953,-0.0119248,-0.358463,-0.400988,-43.8256,115.306,-336.365,-0.0115455,0.0233897,0.0305125,31.0573,22.1499,52.4103
1759345589418148096,-545.567,700.074,459.308,0.842972,-0.0170617,-0.360314,-0.399101,-43.8887,115.259,-337.242,-0.0115442,0.0233875,0.03051,31.057,22.1491,52.4078
1759345589428147968,-546.006,701.226,455.931,0.842647,-0.0220528,-0.362618,-0.397453,-43.9527,115.206,-338.117,-0.0115429,0.0233854,0.0305076,31.0567,22.1484,52.4054
1759345589438148096,-546.446,702.378,452.546,0.842435,-0.0270804,-0.364674,-0.395706,-44.0172,115.144,-338.991,-0.0115416,0.0233832,0.0305052,31.0564,22.1476,52.403
1759345589448147968,-546.887,703.529,449.152,0.842248,-0.0321259,-0.36663,-0.393915,-44.0826,115.074,-339.863,-0.0115403,0.023381,0.0305028,31.0561,22.1468,52.4006
1759345589458148096,-547.328,704.679,445.749,0.841991,-0.0371461,-0.368613,-0.392169,-44.1493,114.996,-340.732,-0.011539,0.0233788,0.0305004,31.0558,22.146,52.3981
1759345589468147968,-547.77,705.829,442.338,0.841724,-0.0421836,-0.370587,-0.390367,-44.2171,114.91,-341.599,-0.0115377,0.0233766,0.030498,31.0554,22.1452,52.3957
1759345589478148096,-548.212,706.977,438.918,0.841427,-0.0472286,-0.372586,-0.388523,-44.2856,114.815,-342.465,-0.0115365,0.0233744,0.0304956,31.0551,22.1445,52.3932
1759345589488147968,-548.655,708.125,435.489,0.841066,-0.0522946,-0.374624,-0.386691,-44.3536,114.712,-343.327,-0.0115352,0.0233721,0.0304933,31.0548,22.1437,52.3908
1759345589498147840,-549.099,709.271,432.052,0.840785,-0.0573532,-0.376534,-0.384725,-44.4211,114.6,-344.188,-0.0115339,0.0233699,0.0304909,31.0545,22.1429,52.3883
1759345589508147968,-549.544,710.417,428.606,0.840298,-0.0624056,-0.378653,-0.382918,-44.4885,114.478,-345.047,-0.0115327,0.0233676,0.0304886,31.0542,22.1421,52.3859
1759345589518147840,-549.989,711.561,425.152,0.839856,-0.0675346,-0.380607,-0.381076,-44.5554,114.346,-345.904,-0.0115314,0.0233654,0.0304862,31.0539,22.1413,52.3834
1759345589528147968,-550.435,712.704,421.689,0.839444,-0.0726321,-0.382518,-0.379129,-44.6228,114.206,-346.758,-0.0115302,0.0233631,0.0304839,31.0536,22.1406,52.381
1759345589538147840,-550.881,713.845,418.217,0.838959,-0.077729,-0.384487,-0.377194,-44.6903,114.055,-347.61,-0.011529,0.0233608,0.0304816,31.0533,22.1398,52.3785
1759345589548147968,-551.329,714.985,414.737,0.838366,-0.082799,-0.386561,-0.37531,-44.7577,113.897,-348.46,-0.0115278,0.0233586,0.0304793,31.053,22.139,52.376
1759345589558147840,-551.777,716.123,411.249,0.837788,-0.0878666,-0.388573,-0.373366,-44.825,113.73,-349.307,-0.0115265,0.0233563,0.030477,31.0527,22.1382,52.3736
1759345589568147968,-552.225,717.259,407.752,0.83715,-0.0929119,-0.39055,-0.371508,-44.8925,113.557,-350.152,-0.0115253,0.023354,0.0304747,31.0524,22.1374,52.3711
1759345589578147840,-552.674,718.394,404.246,0.836678,-0.0979501,-0.392252,-0.369478,-44.9605,113.376,-350.993,-0.0115241,0.0233517,0.0304724,31.052,22.1367,52.3686
1759345589588147968,-553.124,719.527,400.732,0.836011,-0.102915,-0.394153,-0.367609,-45.0293,113.188,-351.831,-0.011523,0.0233493,0.0304702,31.0517,22.1359,52.3661
1759345589598147840,-553.575,720.658,397.21,0.835404,-0.107837,-0.395915,-0.365681,-45.0989,112.994,-352.665,-0.0115218,0.023347,0.0304679,31.0514,22.1351,52.3637
1759345589608147968,-554.026,721.787,393.68,0.834856,-0.112811,-0.397503,-0.363704,-45.1689,112.793,-353.496,-0.0115206,0.0233447,0.0304656,31.0511,22.1344,52.3612
1759345589618147840,-554.478,722.913,390.141,0.834235,-0.117788,-0.39914,-0.361754,-45.2395,112.585,-354.322,-0.0115195,0.0233423,0.0304634,31.0508,22.1336,52.3587
1759345589628147968,-554.931,724.038,386.594,0.833502,-0.122729,-0.400871,-0.35988,-45.3106,112.37,-355.144,-0.0115183,0.02334,0.0304612,31.0505,22.1328,52.3562
1759345589638147840,-555.385,725.161,383.039,0.832919,-0.127681,-0.402372,-0.357828,-45.3821,112.148,-355.962,-0.0115172,0.0233376,0.0304589,31.0502,22.132,52.3537
1759345589648147712,-555.839,726.281,379.475,0.832187,-0.132582,-0.40402,-0.355885,-45.4544,111.919,-356.775,-0.011516,0.0233352,0.0304567,31.0498,22.1313,52.3512
1759345589658147840,-556.294,727.399,375.904,0.831574,-0.137497,-0.40546,-0.353808,-45.5269,111.684,-357.586,-0.0115149,0.0233328,0.0304545,31.0495,22.1305,52.3487
1759345589668147712,-556.749,728.515,372.324,0.830736,-0.142375,-0.407113,-0.351947,-45.5999,111.442,-358.392,-0.0115138,0.0233304,0.0304523,31.0492,22.1297,52.3462
1759345589678147840,-557.206,729.628,368.737,0.830012,-0.147281,-0.408558,-0.349955,-45.6729,111.194,-359.195,-0.0115127,0.023328,0.0304501,31.0489,22.129,52.3437
1759345589688147712,-557.663,730.739,365.141,0.829264,-0.15219,-0.410014,-0.347918,-45.7464,110.938,-359.994,-0.0115115,0.0233256,0.030448,31.0486,22.1282,52.3412
1759345589698147840,-558.121,731.847,361.537,0.828558,-0.157155,-0.411372,-0.345785,-45.8198,110.674,-360.788,-0.0115104,0.0233232,0.0304458,31.0483,22.1274,52.3386
1759345589708147712,-558.579,732.952,357.926,0.827688,-0.162132,-0.412903,-0.343739,-45.8931,110.403,-361.577,-0.0115094,0.0233208,0.0304436,31.0479,22.1266,52.3361
1759345589718147840,-559.038,734.055,354.307,0.826905,-0.167124,-0.414334,-0.341504,-45.9664,110.125,-362.361,-0.0115083,0.0233184,0.0304415,31.0476,22.1259,52.3336
1759345589728147712,-559.498,735.155,350.679,0.826061,-0.172219,-0.415709,-0.339338,-46.0398,109.84,-363.139,-0.0115072,0.0233159,0.0304394,31.0473,22.1251,52.3311
1759345589738147840,-559.959,736.252,347.044,0.825255,-0.177348,-0.417036,-0.337021,-46.1141,109.547,-363.913,-0.0115061,0.0233135,0.0304372,31.047,22.1243,52.3285
1759345589748147712,-560.421,737.346,343.402,0.82442,-0.18252,-0.41836,-0.334652,-46.1892,109.246,-364.682,-0.0115051,0.023311,0.0304351,31.0467,22.1236,52.326
1759345589758147840,-560.883,738.437,339.751,0.823319,-0.187705,-0.419949,-0.3325,-46.2653,108.939,-365.448,-0.011504,0.0233085,0.030433,31.0463,22.1228,52.3235
1759345589768147712,-561.346,739.525,336.093,0.822328,-0.192905,-0.421357,-0.330186,-46.3422,108.624,-366.208,-0.011503,0.0233061,0.0304309,31.046,22.1221,52.3209
1759345589778147584,-561.81,740.609,332.428,0.821332,-0.19809,-0.422708,-0.32786,-46.4203,108.302,-366.963,-0.0115019,0.0233036,0.0304288,31.0457,22.1213,52.3184
1759345589788147712,-562.275,741.691,328.755,0.820319,-0.203232,-0.42404,-0.325521,-46.4997,107.973,-367.714,-0.0115009,0.0233011,0.0304267,31.0454,22.1205,52.3158
1759345589798147584,-562.74,742.769,325.074,0.81928,-0.208371,-0.425327,-0.323202,-46.5802,107.637,-368.459,-0.0114999,0.0232986,0.0304247,31.045,22.1198,52.3133
1759345589808147712,-563.206,743.844,321.386,0.818232,-0.213483,-0.426579,-0.32086,-46.6617,107.293,-369.2,-0.0114989,0.0232961,0.0304226,31.0447,22.119,52.3107
1759345589818147584,-563.673,744.915,317.691,0.817167,-0.218548,-0.427807,-0.318523,-46.7446,106.943,-369.935,-0.0114979,0.0232936,0.0304206,31.0444,22.1182,52.3082
1759345589828147712,-564.141,745.983,313.988,0.816161,-0.223617,-0.428893,-0.316112,-46.8288,106.586,-370.665,-0.0114969,0.023291,0.0304185,31.0441,22.1175,52.3056
1759345589838147584,-564.61,747.047,310.278,0.815005,-0.228664,-0.430112,-0.31382,-46.9144,106.223,-371.389,-0.0114959,0.0232885,0.0304165,31.0437,22.1167,52.303
1759345589848147712,-565.079,748.107,306.561,0.813899,-0.233682,-0.431233,-0.311446,-47.0011,105.854,-372.108,-0.0114949,0.0232859,0.0304145,31.0434,22.116,52.3005
1759345589858147584,-565.55,749.164,302.837,0.812794,-0.238674,-0.432304,-0.309053,-47.0888,105.478,-372.821,-0.0114939,0.0232834,0.0304125,31.0431,22.1152,52.2979
1759345589868147712,-566.021,750.217,299.105,0.81167,-0.243682,-0.433367,-0.3066,-47.1778,105.096,-373.528,-0.0114929,0.0232808,0.0304105,31.0428,22.1145,52.2953
1759345589878147584,-566.493,751.266,295.367,0.810527,-0.248695,-0.43439,-0.304141,-47.268,104.709,-374.229,-0.011492,0.0232783,0.0304085,31.0424,22.1137,52.2927
1759345589888147712,-566.967,752.311,291.621,0.809309,-0.253715,-0.435473,-0.301679,-47.3593,104.315,-374.923,-0.011491,0.0232757,0.0304065,31.0421,22.1129,52.2902
1759345589898147584,-567.441,753.353,287.869,0.808183,-0.258724,-0.436405,-0.299087,-47.4519,103.915,-375.61,-0.0114901,0.0232731,0.0304045,31.0418,22.1122,52.2876
1759345589908147456,-567.916,754.39,284.109,0.806992,-0.26373,-0.437365,-0.296515,-47.5457,103.51,-376.292,-0.0114892,0.0232705,0.0304026,31.0414,22.1114,52.285
1759345589918147584,-568.392,755.423,280.343,0.805766,-0.268724,-0.438321,-0.293945,-47.6407,103.1,-376.966,-0.0114882,0.023268,0.0304006,31.0411,22.1107,52.2824
1759345589928147456,-568.868,756.452,276.571,0.804623,-0.273701,-0.439159,-0.29122,-47.7367,102.684,-377.635,-0.0114873,0.0232654,0.0303987,31.0408,22.1099,52.2798
1759345589938147584,-569.346,757.477,272.791,0.803399,-0.278707,-0.439982,-0.288598,-47.8336,102.263,-378.297,-0.0114864,0.0232628,0.0303968,31.0404,22.1092,52.2772
1759345589948147456,-569.825,758.497,269.005,0.802112,-0.283637,-0.440922,-0.285927,-47.9317,101.837,-378.951,-0.0114855,0.0232602,0.0303949,31.0401,22.1084,52.2746
1759345589958147584,-570.305,759.514,265.213,0.800834,-0.288585,-0.44178,-0.283222,-48.0307,101.405,-379.599,-0.0114846,0.0232575,0.030393,31.0398,22.1077,52.272
1759345589968147456,-570.786,760.526,261.414,0.799564,-0.293512,-0.442588,-0.280472,-48.1304,100.969,-380.24,-0.0114838,0.0232549,0.0303911,31.0394,22.1069,52.2694
1759345589978147584,-571.268,761.533,257.608,0.798333,-0.298399,-0.443325,-0.277641,-48.2314,100.529,-380.872,-0.0114829,0.0232523,0.0303892,31.0391,22.1062,52.2667
1759345589988147456,-571.75,762.537,253.797,0.79696,-0.303282,-0.44419,-0.274899,-48.3338,100.083,-381.498,-0.011482,0.0232497,0.0303873,31.0388,22.1054,52.2641
1759345589998147584,-572.234,763.535,249.979,0.795741,-0.308156,-0.444842,-0.271941,-48.438,99.6321,-382.115,-0.0114812,0.023247,0.0303855,31.0384,22.1047,52.2615
1759345590008147456,-572.719,764.529,246.155,0.794449,-0.313061,-0.44552,-0.268988,-48.5437,99.1764,-382.725,-0.0114803,0.0232444,0.0303836,31.0381,22.1039,52.2589
1759345590018147584,-573.205,765.519,242.325,0.793105,-0.317974,-0.446225,-0.266006,-48.6516,98.7158,-383.327,-0.0114795,0.0232418,0.0303818,31.0378,22.1032,52.2562
1759345590028147456,-573.692,766.504,238.489,0.791482,-0.322879,-0.4472,-0.263283,-48.7609,98.2505,-383.921,-0.0114787,0.0232391,0.03038,31.0374,22.1024,52.2536
1759345590038147328,-574.18,767.484,234.647,0.79001,-0.327785,-0.447971,-0.260313,-48.8715,97.7804,-384.508,-0.0114778,0.0232365,0.0303782,31.0371,22.1017,52.251
1759345590048147456,-574.67,768.46,230.799,0.788519,-0.332635,-0.448769,-0.257292,-48.9833,97.3055,-385.086,-0.011477,0.0232338,0.0303764,31.0367,22.1009,52.2483
1759345590058147328,-575.16,769.431,226.946,0.787102,-0.337496,-0.449352,-0.254264,-49.0964,96.8257,-385.657,-0.0114762,0.0232312,0.0303746,31.0364,22.1002,52.2457
1759345590068147456,-575.651,770.397,223.087,0.785578,-0.342328,-0.45005,-0.251265,-49.2106,96.3412,-386.22,-0.0114754,0.0232285,0.0303728,31.0361,22.0994,52.243
1759345590078147328,-576.144,771.358,219.222,0.784015,-0.347102,-0.450768,-0.24829,-49.3258,95.8516,-386.776,-0.0114746,0.0232259,0.030371,31.0357,22.0987,52.2404
1759345590088147456,-576.638,772.314,215.352,0.782466,-0.351829,-0.451429,-0.245307,-49.4419,95.3577,-387.324,-0.0114739,0.0232232,0.0303693,31.0354,22.0979,52.2377
1759345590098147328,-577.133,773.265,211.476,0.780911,-0.356505,-0.452077,-0.242297,-49.5588,94.8591,-387.865,-0.0114731,0.0232205,0.0303675,31.035,22.0972,52.2351
1759345590108147456,-577.629,774.211,207.595,0.779393,-0.361121,-0.452644,-0.239271,-49.6766,94.3562,-388.397,-0.0114723,0.0232178,0.0303658,31.0347,22.0964,52.2324
1759345590118147328,-578.126,775.152,203.708,0.77777,-0.365675,-0.453314,-0.236352,-49.7954,93.8494,-388.922,-0.0114716,0.0232151,0.0303641,31.0343,22.0957,52.2298
1759345590128147456,-578.625,776.088,199.817,0.776217,-0.370178,-0.453863,-0.233375,-49.9151,93.339,-389.439,-0.0114708,0.0232125,0.0303624,31.034,22.0949,52.2271
1759345590138147328,-579.125,777.019,195.92,0.774661,-0.374656,-0.454382,-0.230369,-50.036,92.8252,-389.948,-0.0114701,0.0232098,0.0303607,31.0337,22.0942,52.2244
1759345590148147456,-579.626,777.945,192.018,0.773021,-0.379061,-0.455026,-0.227384,-50.1578,92.308,-390.449,-0.0114693,0.0232071,0.030359,31.0333,22.0934,52.2218
1759345590158147328,-580.128,778.866,188.111,0.771217,-0.383471,-0.455774,-0.224596,-50.28,91.7877,-390.942,-0.0114686,0.0232044,0.0303573,31.033,22.0927,52.2191
1759345590168147200,-580.631,779.781,184.2,0.769656,-0.387849,-0.45621,-0.221529,-50.403,91.2641,-391.427,-0.0114679,0.0232017,0.0303557,31.0326,22.0919,52.2164
1759345590178147328,-581.136,780.691,180.283,0.768048,-0.392213,-0.456658,-0.218483,-50.5267,90.7372,-391.905,-0.0114672,0.023199,0.030354,31.0323,22.0912,52.2138
1759345590188147200,-581.642,781.596,176.362,0.766293,-0.396569,-0.457235,-0.215554,-50.6511,90.207,-392.375,-0.0114665,0.0231962,0.0303524,31.0319,22.0904,52.2111
1759345590198147328,-582.149,782.496,172.436,0.764598,-0.400915,-0.457676,-0.21258,-50.7763,89.6737,-392.838,-0.0114658,0.0231935,0.0303507,31.0316,22.0897,52.2084
1759345590208147200,-582.657,783.39,168.505,0.762855,-0.405207,-0.458195,-0.209564,-50.9026,89.1373,-393.293,-0.0114651,0.0231908,0.0303491,31.0312,22.0889,52.2057
1759345590218147328,-583.167,784.279,164.57,0.761086,-0.409494,-0.458664,-0.206619,-51.03,88.598,-393.739,-0.0114644,0.0231881,0.0303475,31.0309,22.0882,52.203
1759345590228147200,-583.677,785.162,160.631,0.759384,-0.413696,-0.459079,-0.203563,-51.1586,88.0562,-394.178,-0.0114637,0.0231853,0.0303459,31.0305,22.0874,52.2003
1759345590238147328,-584.19,786.04,156.687,0.757625,-0.417957,-0.459419,-0.200626,-51.2885,87.5122,-394.609,-0.011463,0.0231826,0.0303443,31.0302,22.0867,52.1976
1759345590248147200,-584.703,786.913,152.739,0.755943,-0.422133,-0.459727,-0.197496,-51.4194,86.9658,-395.032,-0.0114624,0.0231799,0.0303428,31.0298,22.0859,52.1949
1759345590258147328,-585.218,787.78,148.787,0.75405,-0.426275,-0.460265,-0.194559,-51.5515,86.4173,-395.446,-0.0114617,0.0231771,0.0303412,31.0295,22.0852,52.1923
1759345590268147200,-585.734,788.641,144.83,0.752241,-0.430407,-0.460647,-0.19154,-51.6848,85.8666,-395.851,-0.011461,0.0231744,0.0303397,31.0291,22.0844,52.1896
1759345590278147328,-586.251,789.497,140.87,0.750451,-0.43449,-0.460986,-0.188507,-51.819,85.3138,-396.249,-0.0114604,0.0231716,0.0303381,31.0287,22.0837,52.1869
1759345590288147200,-586.77,790.348,136.906,0.748644,-0.43854,-0.461313,-0.185488,-51.9542,84.7588,-396.64,-0.0114597,0.0231689,0.0303366,31.0284,22.0829,52.1842
1759345590298147328,-587.29,791.192,132.937,0.746823,-0.442571,-0.46159,-0.182541,-52.0899,84.2017,-397.022,-0.0114591,0.0231661,0.0303351,31.028,22.0822,52.1815
1759345590308147200,-587.812,792.032,128.965,0.745061,-0.446515,-0.461828,-0.179509,-52.2262,83.6426,-397.398,-0.0114585,0.0231633,0.0303336,31.0277,22.0814,52.1788
1759345590318147072,-588.335,792.866,124.99,0.743345,-0.45038,-0.462008,-0.176478,-52.3627,83.081,-397.765,-0.0114578,0.0231606,0.0303321,31.0273,22.0807,52.176
1759345590328147200,-588.859,793.694,121.01,0.741575,-0.454178,-0.462247,-0.17354,-52.4991,82.5174,-398.124,-0.0114572,0.0231578,0.0303306,31.027,22.0799,52.1733
1759345590338147072,-589.385,794.516,117.027,0.739757,-0.457904,-0.462532,-0.170726,-52.6358,81.9522,-398.476,-0.0114566,0.023155,0.0303291,31.0266,22.0792,52.1706
1759345590348147200,-589.912,795.333,113.041,0.738057,-0.461542,-0.462698,-0.167813,-52.7731,81.385,-398.821,-0.011456,0.0231522,0.0303276,31.0262,22.0784,52.1679
1759345590358147072,-590.44,796.144,109.051,0.736294,-0.465124,-0.462909,-0.165064,-52.9111,80.8161,-399.158,-0.0114554,0.0231494,0.0303262,31.0259,22.0777,52.1652
1759345590368147200,-590.97,796.949,105.058,0.734595,-0.468597,-0.463092,-0.162273,-53.0504,80.2456,-399.487,-0.0114548,0.0231466,0.0303247,31.0255,22.0769,52.1625
1759345590378147072,-591.501,797.749,101.062,0.732923,-0.472027,-0.463202,-0.159557,-53.1902,79.6744,-399.809,-0.0114542,0.0231438,0.0303233,31.0252,22.0762,52.1598
1759345590388147200,-592.033,798.543,97.062,0.731358,-0.47538,-0.46322,-0.156706,-53.3305,79.1025,-400.125,-0.0114536,0.023141,0.0303219,31.0248,22.0754,52.1571
1759345590398147072,-592.567,799.331,93.0593,0.729579,-0.478734,-0.463424,-0.154163,-53.4716,78.5304,-400.434,-0.011453,0.0231382,0.0303205,31.0244,22.0747,52.1544
1759345590408147200,-593.103,800.114,89.0535,0.727969,-0.481986,-0.463491,-0.151411,-53.6127,77.9581,-400.737,-0.0114524,0.0231354,0.030319,31.0241,22.0739,52.1516
1759345590418147072,-593.639,800.891,85.0447,0.726344,-0.485212,-0.463543,-0.148732,-53.754,77.3854,-401.033,-0.0114518,0.0231326,0.0303176,31.0237,22.0731,52.1489
1759345590428147200,-594.177,801.662,81.0329,0.724728,-0.488337,-0.463636,-0.146075,-53.8954,76.812,-401.324,-0.0114512,0.0231297,0.0303162,31.0233,22.0724,52.1462
1759345590438147072,-594.717,802.427,77.0183,0.723193,-0.491496,-0.463519,-0.143437,-54.0369,76.2378,-401.61,-0.0114506,0.0231269,0.0303149,31.023,22.0716,52.1435
1759345590448146944,-595.258,803.187,73.0009,0.721571,-0.494555,-0.463563,-0.140923,-54.1781,75.6626,-401.89,-0.0114501,0.023124,0.0303135,31.0226,22.0709,52.1408
1759345590458147072,-595.8,803.94,68.9806,0.72006,-0.4975,-0.463559,-0.138278,-54.3184,75.0866,-402.164,-0.0114495,0.0231212,0.0303121,31.0222,22.0701,52.138
1759345590468146944,-596.344,804.688,64.9577,0.718564,-0.500453,-0.46348,-0.135643,-54.4579,74.5099,-402.431,-0.0114489,0.0231183,0.0303108,31.0219,22.0693,52.1353
1759345590478147072,-596.889,805.431,60.9321,0.716967,-0.503379,-0.463511,-0.133137,-54.5959,73.933,-402.691,-0.0114484,0.0231155,0.0303094,31.0215,22.0686,52.1326
1759345590488146944,-597.436,806.167,56.904,0.715383,-0.506229,-0.463589,-0.130558,-54.7333,73.3563,-402.945,-0.0114478,0.0231126,0.0303081,31.0211,22.0678,52.1299
1759345590498147072,-597.984,806.898,52.8733,0.713878,-0.509144,-0.463449,-0.127927,-54.8703,72.7797,-403.191,-0.0114473,0.0231097,0.0303067,31.0208,22.0671,52.1271
1759345590508146944,-598.533,807.623,48.8402,0.712263,-0.512008,-0.463484,-0.125348,-55.0077,72.2034,-403.432,-0.0114467,0.0231069,0.0303054,31.0204,22.0663,52.1244
1759345590518147072,-599.084,808.342,44.8048,0.71066,-0.51488,-0.463466,-0.122721,-55.1452,71.6274,-403.666,-0.0114462,0.023104,0.0303041,31.02,22.0655,52.1217
1759345590528146944,-599.636,809.056,40.767,0.70903,-0.517755,-0.463455,-0.120067,-55.2831,71.0519,-403.895,-0.0114456,0.0231011,0.0303028,31.0196,22.0648,52.119
1759345590538147072,-600.189,809.763,36.7269,0.707427,-0.520618,-0.463395,-0.117346,-55.421,70.4763,-404.118,-0.0114451,0.0230982,0.0303015,31.0193,22.064,52.1162
1759345590548146944,-600.744,810.465,32.6847,0.705841,-0.523454,-0.463312,-0.11457,-55.5587,69.9008,-404.335,-0.0114446,0.0230953,0.0303002,31.0189,22.0632,52.1135
1759345590558147072,-601.3,811.161,28.6403,0.704057,-0.526322,-0.463399,-0.112032,-55.6963,69.3254,-404.546,-0.011444,0.0230924,0.0302989,31.0185,22.0625,52.1108
1759345590568146944,-601.858,811.852,24.5938,0.702419,-0.529105,-0.463375,-0.109264,-55.834,68.7499,-404.75,-0.0114435,0.0230895,0.0302976,31.0181,22.0617,52.1081
1759345590578146816,-602.417,812.537,20.5454,0.700782,-0.531922,-0.463273,-0.106496,-55.9715,68.1743,-404.948,-0.011443,0.0230866,0.0302964,31.0178,22.0609,52.1053
1759345590588146944,-602.977,813.215,16.4949,0.699096,-0.534715,-0.463222,-0.103775,-56.1092,67.5987,-405.139,-0.0114425,0.0230837,0.0302951,31.0174,22.0601,52.1026
1759345590598146816,-603.539,813.889,12.4426,0.697416,-0.537446,-0.463192,-0.101069,-56.2468,67.0234,-405.324,-0.011442,0.0230808,0.0302939,31.017,22.0594,52.0999
1759345590608146944,-604.102,814.556,8.3885,0.695707,-0.540165,-0.463166,-0.0984416,-56.3844,66.4485,-405.503,-0.0114414,0.0230778,0.0302926,31.0166,22.0586,52.0972
1759345590618146816,-604.666,815.218,4.33261,0.694033,-0.542814,-0.463133,-0.0958067,-56.5222,65.8739,-405.676,-0.0114409,0.0230749,0.0302914,31.0163,22.0578,52.0944
1759345590628146944,-605.232,815.873,0.275012,0.692436,-0.545409,-0.463025,-0.0931037,-56.6599,65.2993,-405.844,-0.0114404,0.023072,0.0302902,31.0159,22.057,52.0917
1759345590638146816,-605.799,816.524,-3.78424,0.690786,-0.54792,-0.463024,-0.0905964,-56.7969,64.7243,-406.006,-0.0114399,0.023069,0.030289,31.0155,22.0563,52.089
1759345590648146944,-606.368,817.168,-7.8451,0.689265,-0.550305,-0.462958,-0.0880259,-56.9336,64.1498,-406.163,-0.0114394,0.0230661,0.0302878,31.0151,22.0555,52.0863
1759345590658146816,-606.938,817.807,-11.9075,0.687701,-0.552629,-0.462962,-0.0856371,-57.0698,63.5758,-406.315,-0.0114389,0.0230631,0.0302865,31.0147,22.0547,52.0835
1759345590668146944,-607.509,818.44,-15.9714,0.68622,-0.55489,-0.462891,-0.0832525,-57.2055,63.0023,-406.462,-0.0114384,0.0230602,0.0302854,31.0144,22.0539,52.0808
1759345590678146816,-608.081,819.067,-20.0367,0.684728,-0.557099,-0.462852,-0.0809749,-57.3408,62.4295,-406.604,-0.011438,0.0230572,0.0302842,31.014,22.0531,52.0781
1759345590688146944,-608.655,819.688,-24.1035,0.683289,-0.559182,-0.462865,-0.0786636,-57.4761,61.8579,-406.741,-0.0114375,0.0230543,0.030283,31.0136,22.0524,52.0754
1759345590698146816,-609.231,820.304,-28.1715,0.681936,-0.561261,-0.462727,-0.0763761,-57.6112,61.2869,-406.874,-0.011437,0.0230513,0.0302818,31.0132,22.0516,52.0726
1759345590708146688,-609.807,820.914,-32.2409,0.680579,-0.563261,-0.462664,-0.0741023,-57.7462,60.7166,-407.003,-0.0114365,0.0230483,0.0302806,31.0128,22.0508,52.0699
1759345590718146816,-610.385,821.518,-36.3116,0.679244,-0.565162,-0.46266,-0.0718754,-57.8812,60.1473,-407.127,-0.011436,0.0230453,0.0302795,31.0124,22.05,52.0672
1759345590728146688,-610.965,822.117,-40.3835,0.678015,-0.567017,-0.462539,-0.0696015,-58.016,59.5782,-407.247,-0.0114356,0.0230423,0.0302783,31.0121,22.0492,52.0645
1759345590738146816,-611.546,822.71,-44.4566,0.676748,-0.568827,-0.462493,-0.0674457,-58.1502,59.0096,-407.363,-0.0114351,0.0230393,0.0302772,31.0117,22.0484,52.0618
1759345590748146688,-612.128,823.297,-48.5308,0.675562,-0.570558,-0.462406,-0.0652701,-58.2831,58.4419,-407.475,-0.0114346,0.0230363,0.030276,31.0113,22.0477,52.059
1759345590758146816,-612.711,823.879,-52.6061,0.674322,-0.572223,-0.462441,-0.0632488,-58.4147,57.8749,-407.583,-0.0114341,0.0230333,0.0302749,31.0109,22.0469,52.0563
1759345590768146688,-613.296,824.454,-56.6825,0.673152,-0.573803,-0.462459,-0.0612201,-58.5451,57.3085,-407.687,-0.0114337,0.0230303,0.0302738,31.0105,22.0461,52.0536
1759345590778146816,-613.882,825.025,-60.7598,0.672018,-0.575323,-0.462479,-0.059229,-58.6744,56.7426,-407.787,-0.0114332,0.0230273,0.0302726,31.0101,22.0453,52.0509
1759345590788146688,-614.469,825.589,-64.8382,0.670916,-0.576771,-0.462522,-0.0572706,-58.8029,56.1772,-407.883,-0.0114327,0.0230243,0.0302715,31.0097,22.0445,52.0482
1759345590798146816,-615.057,826.148,-68.9175,0.669773,-0.578212,-0.462605,-0.055424,-58.9305,55.6119,-407.975,-0.0114323,0.0230212,0.0302704,31.0094,22.0437,52.0455
1759345590808146688,-615.647,826.701,-72.9978,0.668729,-0.579555,-0.462667,-0.0534436,-59.0573,55.0472,-408.063,-0.0114318,0.0230182,0.0302693,31.009,22.0429,52.0428
1759345590818146816,-616.238,827.249,-77.0788,0.667646,-0.580896,-0.46277,-0.0515072,-59.1829,54.4831,-408.146,-0.0114313,0.0230151,0.0302682,31.0086,22.0421,52.04
1759345590828146688,-616.831,827.791,-81.1607,0.666549,-0.582217,-0.462899,-0.0496008,-59.3079,53.9199,-408.224,-0.0114309,0.0230121,0.0302671,31.0082,22.0413,52.0373
1759345590838146560,-617.424,828.327,-85.2433,0.665442,-0.58352,-0.463055,-0.0476638,-59.4321,53.3577,-408.298,-0.0114304,0.023009,0.0302661,31.0078,22.0405,52.0346
1759345590848146688,-618.019,828.858,-89.3267,0.664274,-0.584835,-0.463257,-0.0458367,-59.556,52.7964,-408.367,-0.01143,0.023006,0.030265,31.0074,22.0397,52.0319
1759345590858146560,-618.615,829.383,-93.4107,0.663155,-0.586105,-0.463441,-0.0439113,-59.6794,52.2359,-408.432,-0.0114295,0.0230029,0.0302639,31.007,22.0389,52.0292
1759345590868146688,-619.212,829.903,-97.4954,0.662034,-0.587348,-0.463646,-0.0420103,-59.8021,51.6762,-408.493,-0.0114291,0.0229998,0.0302629,31.0066,22.0381,52.0265
1759345590878146560,-619.811,830.417,-101.581,0.660999,-0.588484,-0.463865,-0.0399451,-59.9239,51.1171,-408.551,-0.0114286,0.0229967,0.0302618,31.0062,22.0373,52.0238
1759345590888146688,-620.411,830.925,-105.666,0.65998,-0.58965,-0.463999,-0.0380051,-60.0444,50.5588,-408.605,-0.0114281,0.0229936,0.0302608,31.0059,22.0365,52.0211
1759345590898146560,-621.012,831.428,-109.753,0.658842,-0.590727,-0.464389,-0.036218,-60.1639,50.0012,-408.656,-0.0114277,0.0229905,0.0302597,31.0055,22.0357,52.0184
1759345590908146688,-621.614,831.925,-113.84,0.657806,-0.591837,-0.464574,-0.0345027,-60.2815,49.4444,-408.704,-0.0114272,0.0229874,0.0302587,31.0051,22.0349,52.0157
1759345590918146560,-622.217,832.417,-117.927,0.656842,-0.592824,-0.464807,-0.0327565,-60.3978,48.8883,-408.747,-0.0114268,0.0229843,0.0302577,31.0047,22.0341,52.013
1759345590928146688,-622.822,832.903,-122.015,0.655944,-0.593715,-0.465058,-0.0309797,-60.5128,48.3325,-408.787,-0.0114263,0.0229812,0.0302566,31.0043,22.0333,52.0103
1759345590938146560,-623.427,833.383,-126.103,0.655113,-0.594595,-0.465217,-0.0292671,-60.6272,47.7769,-408.822,-0.0114259,0.0229781,0.0302556,31.0039,22.0324,52.0076
1759345590948146688,-624.034,833.858,-130.191,0.654241,-0.595375,-0.465537,-0.0277942,-60.7407,47.2215,-408.854,-0.0114254,0.0229749,0.0302546,31.0035,22.0316,52.0049
1759345590958146560,-624.642,834.327,-134.28,0.653501,-0.596004,-0.46586,-0.0262898,-60.8525,46.6657,-408.883,-0.011425,0.0229718,0.0302536,31.0031,22.0308,52.0022
1759345590968146688,-625.251,834.791,-138.369,0.652847,-0.596573,-0.466124,-0.0249104,-60.9617,46.1105,-408.911,-0.0114245,0.0229686,0.0302526,31.0027,22.03,51.9995
1759345590978146560,-625.861,835.249,-142.458,0.65226,-0.597069,-0.466378,-0.0235912,-61.069,45.5559,-408.937,-0.0114241,0.0229655,0.0302516,31.0023,22.0292,51.9968
1759345590988146432,-626.472,835.702,-146.548,0.651714,-0.597507,-0.466642,-0.022342,-61.1735,45.0021,-408.962,-0.0114236,0.0229623,0.0302506,31.0019,22.0284,51.9941
1759345590998146560,-627.084,836.149,-150.637,0.651265,-0.597933,-0.466782,-0.0210992,-61.2758,44.4491,-408.986,-0.0114232,0.0229591,0.0302496,31.0015,22.0276,51.9914
1759345591008146432,-627.697,836.591,-154.727,0.650755,-0.598294,-0.467083,-0.0198913,-61.3764,43.8978,-409.008,-0.0114227,0.0229559,0.0302486,31.0011,22.0267,51.9888
1759345591018146560,-628.311,837.027,-158.818,0.650272,-0.598668,-0.467325,-0.018704,-61.4771,43.3476,-409.028,-0.0114223,0.0229527,0.0302476,31.0007,22.0259,51.9861
1759345591028146432,-628.926,837.458,-162.908,0.649787,-0.599058,-0.467548,-0.0174601,-61.5777,42.7985,-409.046,-0.0114218,0.0229495,0.0302467,31.0003,22.0251,51.9834
1759345591038146560,-629.543,837.883,-166.999,0.649281,-0.599499,-0.467732,-0.016181,-61.6781,42.2507,-409.062,-0.0114214,0.0229463,0.0302457,30.9999,22.0243,51.9807
1759345591048146432,-630.16,838.303,-171.089,0.648677,-0.60001,-0.467959,-0.0148388,-61.777,41.704,-409.076,-0.0114209,0.0229431,0.0302447,30.9995,22.0234,51.978
1759345591058146560,-630.778,838.717,-175.18,0.648072,-0.600587,-0.468101,-0.0133809,-61.8744,41.1583,-409.089,-0.0114205,0.0229399,0.0302437,30.9991,22.0226,51.9754
1759345591068146432,-631.397,839.126,-179.271,0.64731,-0.601194,-0.468416,-0.011952,-61.9705,40.6129,-409.101,-0.01142,0.0229366,0.0302428,30.9987,22.0218,51.9727
1759345591078146560,-632.017,839.529,-183.362,0.646503,-0.601888,-0.468675,-0.010438,-62.0652,40.0677,-409.111,-0.0114196,0.0229334,0.0302418,30.9983,22.021,51.97
1759345591088146432,-632.638,839.927,-187.453,0.645637,-0.602614,-0.468969,-0.00884657,-62.1593,39.5222,-409.118,-0.0114192,0.0229301,0.0302408,30.9979,22.0201,51.9673
1759345591098146560,-633.26,840.319,-191.545,0.644802,-0.603466,-0.469049,-0.0071801,-62.2531,38.977,-409.124,-0.0114187,0.0229269,0.0302399,30.9975,22.0193,51.9647
1759345591108146432,-633.883,840.706,-195.636,0.643802,-0.604291,-0.469382,-0.00558851,-62.3466,38.4322,-409.126,-0.0114183,0.0229236,0.0302389,30.9971,22.0185,51.962
1759345591118146304,-634.507,841.088,-199.727,0.642745,-0.605222,-0.469648,-0.00401344,-62.4397,37.8882,-409.126,-0.0114179,0.0229203,0.030238,30.9967,22.0176,51.9593
1759345591128146432,-635.131,841.464,-203.819,0.641744,-0.606097,-0.4699,-0.00222482,-62.531,37.3456,-409.124,-0.0114175,0.0229171,0.030237,30.9963,22.0168,51.9567
1759345591138146304,-635.757,841.835,-207.91,0.640689,-0.607014,-0.470162,-0.000521855,-62.6203,36.804,-409.119,-0.011417,0.0229138,0.0302361,30.9959,22.016,51.954
1759345591148146432,-636.384,842.2,-212.001,0.639652,-0.607926,-0.470393,0.00119776,-62.7073,36.2632,-409.111,-0.0114166,0.0229105,0.0302351,30.9955,22.0151,51.9513
1759345591158146304,-637.011,842.56,-216.092,0.638593,-0.608833,-0.470651,0.00289852,-62.7921,35.723,-409.101,-0.0114162,0.0229072,0.0302342,30.9951,22.0143,51.9487
1759345591168146432,-637.639,842.914,-220.183,0.637536,-0.609715,-0.470929,0.00460233,-62.8744,35.1836,-409.087,-0.0114158,0.0229039,0.0302333,30.9947,22.0134,51.946
1759345591178146304,-638.268,843.263,-224.274,0.636458,-0.610577,-0.471251,0.00628615,-62.9548,34.6452,-409.069,-0.0114154,0.0229006,0.0302324,30.9943,22.0126,51.9434
1759345591188146432,-638.898,843.607,-228.364,0.635393,-0.611479,-0.471493,0.00798338,-63.0336,34.1079,-409.049,-0.011415,0.0228973,0.0302314,30.9939,22.0117,51.9407
1759345591198146304,-639.529,843.945,-232.455,0.634285,-0.612338,-0.471837,0.00968682,-63.1112,33.5723,-409.026,-0.0114146,0.022894,0.0302305,30.9935,22.0109,51.9381
1759345591208146432,-640.16,844.278,-236.545,0.633269,-0.613254,-0.471973,0.0114457,-63.1874,33.0381,-409.001,-0.0114142,0.0228906,0.0302296,30.9931,22.0101,51.9354
1759345591218146304,-640.792,844.606,-240.635,0.63213,-0.614107,-0.472347,0.0131591,-63.2622,32.5053,-408.974,-0.0114138,0.0228873,0.0302287,30.9927,22.0092,51.9328
1759345591228146432,-641.425,844.928,-244.725,0.630989,-0.615041,-0.472605,0.0148632,-63.3352,31.9737,-408.945,-0.0114134,0.022884,0.0302278,30.9923,22.0084,51.9301
1759345591238146304,-642.059,845.245,-248.814,0.62986,-0.615939,-0.472885,0.0166121,-63.4065,31.4431,-408.913,-0.011413,0.0228806,0.0302269,30.9919,22.0075,51.9275
1759345591248146176,-642.693,845.557,-252.903,0.628717,-0.616865,-0.473133,0.0183894,-63.4759,30.9132,-408.881,-0.0114126,0.0228773,0.030226,30.9915,22.0067,51.9248
1759345591258146304,-643.328,845.863,-256.992,0.627541,-0.617771,-0.473441,0.0201359,-63.5435,30.3844,-408.845,-0.0114122,0.0228739,0.0302251,30.9911,22.0058,51.9222
1759345591268146176,-643.964,846.164,-261.08,0.626423,-0.618718,-0.473606,0.0218895,-63.6093,29.8565,-408.808,-0.0114119,0.0228706,0.0302242,30.9907,22.0049,51.9196
1759345591278146304,-644.6,846.46,-265.168,0.625304,-0.619623,-0.473819,0.0236217,-63.6728,29.3294,-408.767,-0.0114115,0.0228672,0.0302234,30.9903,22.0041,51.9169
1759345591288146176,-645.237,846.75,-269.255,0.624138,-0.620537,-0.47407,0.0253486,-63.7344,28.8032,-408.724,-0.0114111,0.0228639,0.0302225,30.9899,22.0032,51.9143
1759345591298146304,-645.875,847.036,-273.342,0.622963,-0.621424,-0.474355,0.0271166,-63.7942,28.278,-408.677,-0.0114107,0.0228605,0.0302216,30.9895,22.0024,51.9117
1759345591308146176,-646.513,847.316,-277.429,0.62177,-0.622362,-0.474593,0.0287803,-63.8524,27.7538,-408.627,-0.0114104,0.0228571,0.0302207,30.9891,22.0015,51.909
1759345591318146304,-647.151,847.591,-281.515,0.620661,-0.623262,-0.474752,0.030572,-63.9094,27.2306,-408.574,-0.01141,0.0228537,0.0302199,30.9887,22.0007,51.9064
1759345591328146176,-647.791,847.86,-285.6,0.619461,-0.624199,-0.474983,0.0321795,-63.9652,26.708,-408.519,-0.0114097,0.0228503,0.030219,30.9883,21.9998,51.9038
1759345591338146304,-648.431,848.124,-289.685,0.618399,-0.625046,-0.475123,0.0340286,-64.0202,26.1868,-408.461,-0.0114093,0.0228469,0.0302181,30.9878,21.9989,51.9012
1759345591348146176,-649.071,848.384,-293.77,0.617266,-0.625918,-0.475322,0.0357508,-64.074,25.6668,-408.401,-0.011409,0.0228436,0.0302173,30.9874,21.9981,51.8985
1759345591358146304,-649.712,848.638,-297.853,0.616167,-0.626779,-0.475483,0.0374605,-64.1275,25.1483,-408.339,-0.0114086,0.0228402,0.0302164,30.987,21.9972,51.8959
1759345591368146176,-650.353,848.886,-301.937,0.615115,-0.627658,-0.475541,0.039233,-64.18,24.6314,-408.276,-0.0114083,0.0228367,0.0302156,30.9866,21.9963,51.8933
1759345591378146048,-650.995,849.13,-306.019,0.614024,-0.628505,-0.475687,0.0409666,-64.2312,24.1159,-408.211,-0.0114079,0.0228333,0.0302147,30.9862,21.9955,51.8907
1759345591388146176,-651.638,849.368,-310.101,0.612853,-0.629355,-0.475925,0.0426412,-64.281,23.6018,-408.143,-0.0114076,0.0228299,0.0302139,30.9858,21.9946,51.8881
1759345591398146048,-652.281,849.602,-314.182,0.611796,-0.630241,-0.475947,0.0444626,-64.3295,23.089,-408.073,-0.0114073,0.0228265,0.030213,30.9854,21.9937,51.8854
1759345591408146176,-652.924,849.83,-318.262,0.6106,-0.631118,-0.476158,0.0461746,-64.3773,22.5774,-408.001,-0.011407,0.0228231,0.0302122,30.985,21.9929,51.8828
1759345591418146048,-653.568,850.053,-322.342,0.609422,-0.631995,-0.476328,0.0479352,-64.4241,22.0671,-407.925,-0.0114066,0.0228196,0.0302114,30.9846,21.992,51.8802
1759345591428146176,-654.213,850.271,-326.421,0.608234,-0.632849,-0.476533,0.0496892,-64.4697,21.5583,-407.846,-0.0114063,0.0228162,0.0302105,30.9842,21.9911,51.8776
1759345591438146048,-654.857,850.484,-330.499,0.607077,-0.633773,-0.47659,0.0514905,-64.5136,21.0514,-407.764,-0.011406,0.0228128,0.0302097,30.9838,21.9902,51.875
1759345591448146176,-655.503,850.692,-334.576,0.605912,-0.634702,-0.476632,0.0533527,-64.5566,20.5463,-407.678,-0.0114057,0.0228093,0.0302089,30.9834,21.9894,51.8724
1759345591458146048,-656.148,850.895,-338.653,0.604658,-0.63565,-0.476749,0.0552029,-64.5983,20.0429,-407.589,-0.0114054,0.0228059,0.0302081,30.9829,21.9885,51.8698
1759345591468146176,-656.795,851.092,-342.728,0.603286,-0.636605,-0.476999,0.0570336,-64.6389,19.5414,-407.498,-0.0114051,0.0228024,0.0302073,30.9825,21.9876,51.8672
1759345591478146048,-657.441,851.285,-346.803,0.601875,-0.637595,-0.477229,0.0589272,-64.6784,19.0416,-407.404,-0.0114048,0.022799,0.0302064,30.9821,21.9867,51.8646
1759345591488146176,-658.088,851.473,-350.876,0.600396,-0.638636,-0.477468,0.0607685,-64.7168,18.5434,-407.307,-0.0114045,0.0227955,0.0302056,30.9817,21.9858,51.862
1759345591498146048,-658.735,851.656,-354.949,0.599025,-0.639696,-0.477504,0.0628315,-64.7541,18.0464,-407.209,-0.0114042,0.022792,0.0302048,30.9813,21.985,51.8594
1759345591508145920,-659.383,851.834,-359.02,0.597446,-0.640808,-0.477747,0.0646629,-64.7899,17.5505,-407.108,-0.0114039,0.0227886,0.030204,30.9809,21.9841,51.8568
1759345591518146048,-660.031,852.007,-363.091,0.595915,-0.641865,-0.477973,0.0666043,-64.8241,17.0558,-407.004,-0.0114036,0.0227851,0.0302033,30.9805,21.9832,51.8542
1759345591528145920,-660.679,852.174,-367.16,0.594427,-0.643021,-0.477987,0.0686193,-64.8568,16.5626,-406.897,-0.0114033,0.0227816,0.0302025,30.9801,21.9823,51.8516
1759345591538146048,-661.328,852.338,-371.229,0.592856,-0.644165,-0.478113,0.0705745,-64.8882,16.0709,-406.787,-0.0114031,0.0227781,0.0302017,30.9797,21.9814,51.849
1759345591548145920,-661.977,852.496,-375.296,0.591218,-0.645309,-0.478307,0.0725238,-64.918,15.5811,-406.673,-0.0114028,0.0227746,0.0302009,30.9793,21.9806,51.8464
1759345591558146048,-662.626,852.649,-379.362,0.589541,-0.646537,-0.478412,0.0745178,-64.9464,15.0929,-406.556,-0.0114025,0.0227711,0.0302001,30.9789,21.9797,51.8438
1759345591568145920,-663.276,852.797,-383.427,0.58777,-0.647782,-0.47859,0.0765258,-64.973,14.6063,-406.435,-0.0114022,0.0227676,0.0301994,30.9785,21.9788,51.8412
1759345591578146048,-663.926,852.941,-387.491,0.585935,-0.649045,-0.478793,0.0785924,-64.9983,14.1211,-406.31,-0.0114019,0.0227641,0.0301986,30.978,21.9779,51.8387
1759345591588145920,-664.576,853.079,-391.554,0.583991,-0.650396,-0.479007,0.0805756,-65.0224,13.6373,-406.183,-0.0114017,0.0227606,0.0301978,30.9776,21.977,51.8361
1759345591598146048,-665.226,853.213,-395.615,0.582115,-0.651757,-0.479072,0.0827415,-65.0462,13.1542,-406.052,-0.0114014,0.0227571,0.0301971,30.9772,21.9761,51.8335
1759345591608145920,-665.876,853.342,-399.675,0.580107,-0.653119,-0.479279,0.0848723,-65.069,12.673,-405.917,-0.0114011,0.0227535,0.0301963,30.9768,21.9752,51.8309
1759345591618146048,-666.527,853.466,-403.733,0.578053,-0.654575,-0.479384,0.0870493,-65.0907,12.1938,-405.779,-0.0114009,0.02275,0.0301956,30.9764,21.9743,51.8283
1759345591628145920,-667.178,853.586,-407.79,0.575904,-0.656085,-0.479495,0.0892853,-65.1114,11.7158,-405.637,-0.0114006,0.0227465,0.0301949,30.976,21.9734,51.8258
1759345591638146048,-667.829,853.7,-411.846,0.573574,-0.657608,-0.479795,0.0914394,-65.1312,11.2393,-405.491,-0.0114003,0.0227429,0.0301941,30.9756,21.9726,51.8232
1759345591648145920,-668.481,853.81,-415.9,0.571304,-0.659199,-0.479885,0.0936927,-65.1498,10.7636,-405.341,-0.0114001,0.0227394,0.0301934,30.9752,21.9717,51.8206
1759345591658145792,-669.132,853.915,-419.953,0.568997,-0.660726,-0.480078,0.0959623,-65.1675,10.2893,-405.187,-0.0113998,0.0227358,0.0301927,30.9748,21.9708,51.818
1759345591668145920,-669.784,854.016,-424.004,0.56672,-0.662326,-0.480107,0.0982277,-65.1841,9.81673,-405.028,-0.0113996,0.0227323,0.030192,30.9744,21.9699,51.8155
1759345591678145792,-670.436,854.111,-428.053,0.564468,-0.663841,-0.480214,0.100432,-65.2004,9.34593,-404.864,-0.0113993,0.0227287,0.0301912,30.974,21.969,51.8129
1759345591688145920,-671.088,854.202,-432.101,0.56223,-0.665286,-0.480381,0.102592,-65.2167,8.87721,-404.697,-0.0113991,0.0227251,0.0301905,30.9736,21.9681,51.8103
1759345591698145792,-671.74,854.289,-436.147,0.560036,-0.666745,-0.480477,0.104659,-65.2328,8.41064,-404.525,-0.0113988,0.0227216,0.0301898,30.9731,21.9672,51.8078
1759345591708145920,-672.392,854.37,-440.192,0.557975,-0.668121,-0.480488,0.106813,-65.2486,7.94651,-404.349,-0.0113986,0.022718,0.0301891,30.9727,21.9663,51.8052
1759345591718145792,-673.045,854.447,-444.234,0.555937,-0.669424,-0.480585,0.108826,-65.264,7.48473,-404.17,-0.0113983,0.0227144,0.0301885,30.9723,21.9654,51.8026
1759345591728145920,-673.697,854.52,-448.275,0.553959,-0.670664,-0.480693,0.110786,-65.2797,7.02522,-403.986,-0.0113981,0.0227108,0.0301878,30.9719,21.9645,51.8001
1759345591738145792,-674.35,854.587,-452.314,0.552067,-0.671818,-0.480824,0.112655,-65.2951,6.5678,-403.799,-0.0113979,0.0227072,0.0301871,30.9715,21.9636,51.7975
1759345591748145920,-675.003,854.651,-456.351,0.550307,-0.672945,-0.480829,0.114502,-65.3101,6.11249,-403.607,-0.0113976,0.0227036,0.0301864,30.9711,21.9627,51.795
1759345591758145792,-675.656,854.709,-460.386,0.548583,-0.673997,-0.480896,0.116294,-65.3234,5.65963,-403.413,-0.0113974,0.0227,0.0301858,30.9707,21.9618,51.7924
1759345591768145920,-676.309,854.764,-464.419,0.54687,-0.674986,-0.481041,0.11801,-65.3347,5.20985,-403.216,-0.0113972,0.0226964,0.0301851,30.9703,21.9609,51.7898
1759345591778145792,-676.963,854.813,-468.45,0.545284,-0.675962,-0.481035,0.119775,-65.3445,4.76271,-403.016,-0.0113969,0.0226928,0.0301845,30.9699,21.96,51.7873
1759345591788145664,-677.616,854.859,-472.48,0.543677,-0.67693,-0.481085,0.1214,-65.3527,4.31832,-402.815,-0.0113967,0.0226892,0.0301838,30.9695,21.959,51.7847
1759345591798145792,-678.269,854.899,-476.507,0.542033,-0.677853,-0.481219,0.123058,-65.3595,3.87652,-402.61,-0.0113965,0.0226856,0.0301832,30.9691,21.9581,51.7822
1759345591808145664,-678.923,854.936,-480.532,0.540412,-0.678829,-0.481222,0.124786,-65.3648,3.43763,-402.403,-0.0113962,0.022682,0.0301826,30.9686,21.9572,51.7797
1759345591818145792,-679.577,854.968,-484.555,0.53868,-0.679853,-0.481263,0.126531,-65.3681,3.00187,-402.194,-0.011396,0.0226784,0.0301819,30.9682,21.9563,51.7771
1759345591828145664,-680.23,854.995,-488.576,0.536862,-0.680899,-0.481322,0.128394,-65.3695,2.56899,-401.982,-0.0113958,0.0226747,0.0301813,30.9678,21.9554,51.7746
1759345591838145792,-680.884,855.019,-492.594,0.534967,-0.681984,-0.4814,0.130239,-65.3684,2.13864,-401.766,-0.0113955,0.0226711,0.0301807,30.9674,21.9545,51.772
1759345591848145664,-681.537,855.038,-496.611,0.532945,-0.683181,-0.481457,0.13203,-65.3654,1.71005,-401.548,-0.0113953,0.0226675,0.0301801,30.967,21.9536,51.7695
1759345591858145792,-682.191,855.053,-500.625,0.530905,-0.6844,-0.48144,0.133986,-65.3608,1.28338,-401.326,-0.0113951,0.0226638,0.0301795,30.9666,21.9527,51.767
1759345591868145664,-682.844,855.063,-504.637,0.528852,-0.685632,-0.481374,0.13603,-65.3541,0.858233,-401.102,-0.0113948,0.0226602,0.0301789,30.9662,21.9517,51.7644
1759345591878145792,-683.498,855.07,-508.647,0.526668,-0.686905,-0.481387,0.138017,-65.3462,0.435442,-400.875,-0.0113946,0.0226565,0.0301784,30.9658,21.9508,51.7619
1759345591888145664,-684.151,855.072,-512.655,0.524465,-0.688234,-0.48131,0.140039,-65.3369,0.0141307,-400.644,-0.0113944,0.0226529,0.0301778,30.9653,21.9499,51.7594
1759345591898145792,-684.804,855.07,-516.66,0.522244,-0.68958,-0.481179,0.142152,-65.3262,-0.404853,-400.41,-0.0113941,0.0226492,0.0301772,30.9649,21.949,51.7568
1759345591908145664,-685.458,855.063,-520.663,0.519963,-0.690994,-0.481017,0.144179,-65.3141,-0.821296,-400.172,-0.0113939,0.0226455,0.0301766,30.9645,21.9481,51.7543
1759345591918145536,-686.111,855.053,-524.663,0.517586,-0.692386,-0.480975,0.14618,-65.3008,-1.23493,-399.929,-0.0113937,0.0226419,0.0301761,30.9641,21.9472,51.7518
1759345591928145664,-686.763,855.038,-528.662,0.515368,-0.693789,-0.480643,0.148438,-65.2868,-1.64545,-399.684,-0.0113935,0.0226382,0.0301755,30.9637,21.9462,51.7493
1759345591938145536,-687.416,855.02,-532.657,0.513083,-0.695187,-0.480387,0.150627,-65.2719,-2.05289,-399.434,-0.0113933,0.0226345,0.030175,30.9633,21.9453,51.7468
1759345591948145664,-688.069,854.997,-536.65,0.510722,-0.69662,-0.480201,0.152614,-65.2569,-2.45735,-399.182,-0.0113931,0.0226308,0.0301744,30.9629,21.9444,51.7442
1759345591958145536,-688.721,854.97,-540.641,0.508454,-0.697982,-0.479966,0.154687,-65.2415,-2.85897,-398.926,-0.0113929,0.0226272,0.0301739,30.9624,21.9435,51.7417
1759345591968145664,-689.373,854.939,-544.629,0.506236,-0.699321,-0.479707,0.156707,-65.2276,-3.25809,-398.669,-0.0113927,0.0226235,0.0301734,30.962,21.9425,51.7392
1759345591978145536,-690.025,854.905,-548.614,0.504196,-0.70061,-0.479262,0.15887,-65.2145,-3.65465,-398.409,-0.0113925,0.0226198,0.0301728,30.9616,21.9416,51.7367
1759345591988145664,-690.677,854.866,-552.597,0.502064,-0.701883,-0.479018,0.16073,-65.2019,-4.04861,-398.147,-0.0113923,0.0226161,0.0301723,30.9612,21.9407,51.7342
1759345591998145536,-691.329,854.823,-556.577,0.500121,-0.703142,-0.478534,0.162712,-65.1906,-4.43987,-397.883,-0.0113921,0.0226124,0.0301718,30.9608,21.9397,51.7317
1759345592008145664,-691.981,854.777,-560.554,0.498184,-0.704355,-0.478105,0.164659,-65.1799,-4.82801,-397.617,-0.0113919,0.0226087,0.0301713,30.9604,21.9388,51.7292
1759345592018145536,-692.633,854.726,-564.529,0.496208,-0.705558,-0.477731,0.166548,-65.1692,-5.21307,-397.348,-0.0113917,0.022605,0.0301708,30.96,21.9379,51.7267
1759345592028145664,-693.284,854.672,-568.501,0.494253,-0.706821,-0.47724,0.168405,-65.1584,-5.59439,-397.076,-0.0113915,0.0226014,0.0301703,30.9595,21.937,51.7242
1759345592038145536,-693.936,854.614,-572.471,0.492278,-0.708014,-0.476854,0.17026,-65.1472,-5.97293,-396.801,-0.0113913,0.0225977,0.0301698,30.9591,21.936,51.7217
1759345592048145408,-694.587,854.552,-576.437,0.490329,-0.70925,-0.476342,0.172162,-65.1358,-6.34784,-396.524,-0.0113912,0.022594,0.0301693,30.9587,21.9351,51.7192
1759345592058145536,-695.238,854.487,-580.401,0.48831,-0.710481,-0.475885,0.174083,-65.1238,-6.71951,-396.244,-0.011391,0.0225903,0.0301689,30.9583,21.9342,51.7167
1759345592068145408,-695.889,854.418,-584.362,0.486226,-0.711729,-0.475466,0.175947,-65.111,-7.08811,-395.961,-0.0113908,0.0225866,0.0301684,30.9579,21.9332,51.7142
1759345592078145536,-696.54,854.345,-588.32,0.484066,-0.713061,-0.474979,0.177816,-65.0971,-7.45395,-395.676,-0.0113907,0.0225829,0.0301679,30.9575,21.9323,51.7117
1759345592088145408,-697.191,854.268,-592.275,0.481925,-0.714336,-0.474462,0.179881,-65.0824,-7.81756,-395.388,-0.0113905,0.0225791,0.0301675,30.957,21.9313,51.7092
1759345592098145536,-697.842,854.188,-596.228,0.479619,-0.715685,-0.474051,0.181761,-65.0667,-8.17891,-395.098,-0.0113903,0.0225754,0.030167,30.9566,21.9304,51.7067
1759345592108145408,-698.492,854.104,-600.177,0.477375,-0.717027,-0.473524,0.18374,-65.0495,-8.539,-394.805,-0.0113902,0.0225717,0.0301666,30.9562,21.9295,51.7043
1759345592118145536,-699.143,854.017,-604.124,0.475047,-0.718407,-0.473026,0.185656,-65.0319,-8.89625,-394.51,-0.01139,0.022568,0.0301661,30.9558,21.9285,51.7018
1759345592128145408,-699.793,853.926,-608.067,0.472635,-0.719858,-0.472568,0.187352,-65.014,-9.2516,-394.211,-0.0113899,0.0225643,0.0301657,30.9554,21.9276,51.6993
1759345592138145536,-700.443,853.831,-612.008,0.47033,-0.721209,-0.472043,0.189267,-64.9957,-9.60451,-393.909,-0.0113897,0.0225606,0.0301653,30.9549,21.9266,51.6968
1759345592148145408,-701.092,853.733,-615.945,0.467995,-0.722599,-0.471489,0.191127,-64.9766,-9.95474,-393.604,-0.0113896,0.0225568,0.0301649,30.9545,21.9257,51.6943
1759345592158145536,-701.742,853.632,-619.88,0.465631,-0.72398,-0.470961,0.192966,-64.956,-10.302,-393.295,-0.0113894,0.0225531,0.0301645,30.9541,21.9247,51.6919
1759345592168145408,-702.391,853.527,-623.811,0.463299,-0.725351,-0.470409,0.194768,-64.9339,-10.6466,-392.982,-0.0113893,0.0225494,0.0301641,30.9537,21.9238,51.6894
1759345592178145536,-703.041,853.419,-627.739,0.460932,-0.726724,-0.469897,0.196496,-64.9105,-10.9883,-392.667,-0.0113891,0.0225457,0.0301637,30.9533,21.9229,51.6869
1759345592188145408,-703.689,853.307,-631.664,0.458544,-0.728079,-0.469439,0.198156,-64.8849,-11.3271,-392.348,-0.011389,0.0225419,0.0301633,30.9528,21.9219,51.6845
1759345592198145280,-704.338,853.192,-635.586,0.456223,-0.729421,-0.4689,0.199847,-64.8589,-11.6628,-392.026,-0.0113889,0.0225382,0.0301629,30.9524,21.921,51.682
1759345592208145408,-704.986,853.073,-639.505,0.453875,-0.730794,-0.468376,0.201398,-64.8314,-11.9959,-391.702,-0.0113887,0.0225345,0.0301625,30.952,21.92,51.6796
1759345592218145280,-705.634,852.952,-643.42,0.451657,-0.732038,-0.467849,0.203085,-64.8034,-12.3261,-391.375,-0.0113886,0.0225307,0.0301621,30.9516,21.9191,51.6771
1759345592228145408,-706.282,852.827,-647.332,0.44943,-0.733293,-0.467333,0.204679,-64.775,-12.6534,-391.045,-0.0113885,0.022527,0.0301618,30.9511,21.9181,51.6746
1759345592238145280,-706.93,852.698,-651.241,0.447236,-0.734577,-0.466768,0.206165,-64.7471,-12.9783,-390.711,-0.0113883,0.0225233,0.0301614,30.9507,21.9171,51.6722
1759345592248145408,-707.577,852.567,-655.146,0.445105,-0.735786,-0.466218,0.207703,-64.7195,-13.2999,-390.375,-0.0113882,0.0225195,0.0301611,30.9503,21.9162,51.6697
1759345592258145280,-708.224,852.432,-659.048,0.442989,-0.736967,-0.465642,0.209329,-64.6922,-13.6183,-390.037,-0.0113881,0.0225158,0.0301607,30.9499,21.9152,51.6673
1759345592268145408,-708.871,852.294,-662.947,0.440881,-0.738142,-0.46508,0.210882,-64.6657,-13.933,-389.695,-0.011388,0.0225121,0.0301604,30.9495,21.9143,51.6649
1759345592278145280,-709.517,852.153,-666.842,0.438743,-0.739375,-0.464494,0.212309,-64.6394,-14.2444,-389.351,-0.0113879,0.0225083,0.0301601,30.949,21.9133,51.6624
1759345592288145408,-710.163,852.009,-670.734,0.436706,-0.74052,-0.463844,0.213932,-64.6165,-14.5515,-389,-0.0113878,0.0225046,0.0301597,30.9486,21.9124,51.66
1759345592298145280,-710.809,851.861,-674.622,0.434618,-0.741683,-0.463219,0.215503,-64.5944,-14.8548,-388.646,-0.0113877,0.0225008,0.0301594,30.9482,21.9114,51.6575
1759345592308145408,-711.455,851.711,-678.507,0.432526,-0.742842,-0.462593,0.217057,-64.5723,-15.1544,-388.289,-0.0113876,0.0224971,0.0301591,30.9478,21.9104,51.6551
1759345592318145280,-712.101,851.558,-682.388,0.430385,-0.744049,-0.46196,0.218524,-64.5467,-15.4509,-387.933,-0.0113875,0.0224934,0.0301588,30.9473,21.9095,51.6527
1759345592328145152,-712.746,851.402,-686.265,0.428339,-0.745148,-0.461316,0.220153,-64.52,-15.744,-387.574,-0.0113874,0.0224896,0.0301585,30.9469,21.9085,51.6502
1759345592338145280,-713.391,851.243,-690.139,0.426257,-0.746272,-0.460735,0.221599,-64.4924,-16.0339,-387.213,-0.0113873,0.0224859,0.0301582,30.9465,21.9076,51.6478
1759345592348145152,-714.035,851.081,-694.009,0.424305,-0.747376,-0.460025,0.223097,-64.4638,-16.3217,-386.848,-0.0113872,0.0224822,0.0301579,30.946,21.9066,51.6454
1759345592358145280,-714.68,850.916,-697.876,0.422411,-0.748449,-0.459339,0.224502,-64.4346,-16.6068,-386.481,-0.0113871,0.0224784,0.0301577,30.9456,21.9056,51.643
1759345592368145152,-715.324,850.748,-701.739,0.420616,-0.749472,-0.458662,0.225839,-64.404,-16.8897,-386.113,-0.0113871,0.0224747,0.0301574,30.9452,21.9047,51.6405
1759345592378145280,-715.968,850.578,-705.598,0.418903,-0.750454,-0.458014,0.227073,-64.3733,-17.1697,-385.744,-0.011387,0.0224709,0.0301571,30.9448,21.9037,51.6381
1759345592388145152,-716.611,850.405,-709.453,0.417389,-0.751341,-0.457271,0.228422,-64.3426,-17.4471,-385.373,-0.0113869,0.0224672,0.0301569,30.9443,21.9027,51.6357
1759345592398145280,-717.254,850.229,-713.305,0.415802,-0.752377,-0.456538,0.22937,-64.3125,-17.722,-385.001,-0.0113869,0.0224635,0.0301566,30.9439,21.9018,51.6333
1759345592408145152,-717.897,850.05,-717.153,0.414434,-0.753208,-0.455783,0.230616,-64.2834,-17.9946,-384.629,-0.0113868,0.0224597,0.0301564,30.9435,21.9008,51.6309
1759345592418145280,-718.54,849.868,-720.997,0.413104,-0.75406,-0.455026,0.231712,-64.2547,-18.2652,-384.257,-0.0113868,0.022456,0.0301561,30.943,21.8998,51.6285
1759345592428145152,-719.182,849.684,-724.838,0.411786,-0.754962,-0.454238,0.232663,-64.2272,-18.5349,-383.885,-0.0113868,0.0224523,0.0301559,30.9426,21.8989,51.6261
1759345592438145280,-719.824,849.497,-728.675,0.410551,-0.755802,-0.45345,0.233653,-64.1998,-18.8029,-383.513,-0.0113867,0.0224485,0.0301556,30.9422,21.8979,51.6237
1759345592448145152,-720.466,849.308,-732.508,0.409408,-0.756618,-0.452621,0.234625,-64.1735,-19.0703,-383.141,-0.0113867,0.0224448,0.0301554,30.9418,21.8969,51.6213
1759345592458145024,-721.108,849.116,-736.338,0.408303,-0.757403,-0.451826,0.235547,-64.1469,-19.3376,-382.77,-0.0113867,0.022441,0.0301552,30.9413,21.8959,51.6189
1759345592468145152,-721.749,848.921,-740.163,0.407263,-0.758199,-0.450967,0.236432,-64.1198,-19.6043,-382.398,-0.0113866,0.0224373,0.030155,30.9409,21.895,51.6165
1759345592478145024,-722.39,848.723,-743.985,0.406197,-0.759032,-0.45013,0.237188,-64.0918,-19.8701,-382.025,-0.0113866,0.0224335,0.0301548,30.9405,21.894,51.6141
1759345592488145152,-723.031,848.523,-747.804,0.405217,-0.759757,-0.449305,0.238103,-64.0627,-20.1342,-381.651,-0.0113866,0.0224298,0.0301545,30.94,21.893,51.6117
1759345592498145024,-723.671,848.32,-751.618,0.404199,-0.760452,-0.448578,0.238985,-64.0323,-20.3963,-381.276,-0.0113866,0.022426,0.0301543,30.9396,21.892,51.6093
1759345592508145152,-724.311,848.115,-755.429,0.403174,-0.761267,-0.447683,0.239799,-63.9998,-20.6549,-380.9,-0.0113865,0.0224223,0.0301541,30.9392,21.8911,51.6069
1759345592518145024,-724.951,847.907,-759.236,0.402081,-0.762038,-0.44691,0.240625,-63.9667,-20.9115,-380.523,-0.0113865,0.0224185,0.030154,30.9387,21.8901,51.6045
1759345592528145152,-725.59,847.696,-763.039,0.400943,-0.762807,-0.446153,0.241491,-63.931,-21.1647,-380.145,-0.0113865,0.0224148,0.0301538,30.9383,21.8891,51.6021
1759345592538145024,-726.229,847.483,-766.839,0.399743,-0.763555,-0.445416,0.242475,-63.8938,-21.4147,-379.765,-0.0113865,0.022411,0.0301536,30.9379,21.8881,51.5997
1759345592548145152,-726.868,847.267,-770.634,0.398398,-0.764404,-0.444683,0.243357,-63.8551,-21.6617,-379.385,-0.0113865,0.0224072,0.0301534,30.9374,21.8872,51.5974
1759345592558145024,-727.506,847.049,-774.426,0.397,-0.765232,-0.443947,0.244381,-63.8153,-21.906,-379.003,-0.0113865,0.0224035,0.0301533,30.937,21.8862,51.595
1759345592568145152,-728.144,846.829,-778.214,0.395552,-0.766052,-0.443192,0.24553,-63.7746,-22.1482,-378.62,-0.0113865,0.0223997,0.0301531,30.9366,21.8852,51.5926
1759345592578145024,-728.782,846.606,-781.998,0.393931,-0.766993,-0.442425,0.246577,-63.733,-22.3881,-378.237,-0.0113865,0.022396,0.0301529,30.9361,21.8842,51.5902
1759345592588144896,-729.419,846.381,-785.779,0.392289,-0.767905,-0.441661,0.247723,-63.691,-22.6263,-377.851,-0.0113865,0.0223922,0.0301528,30.9357,21.8832,51.5879
1759345592598145024,-730.056,846.153,-789.555,0.390658,-0.768773,-0.440895,0.248969,-63.6486,-22.8621,-377.464,-0.0113865,0.0223884,0.0301527,30.9353,21.8823,51.5855
1759345592608144896,-730.692,845.923,-793.328,0.388943,-0.769746,-0.440088,0.250073,-63.606,-23.0964,-377.074,-0.0113865,0.0223847,0.0301525,30.9348,21.8813,51.5831
1759345592618145024,-731.328,845.691,-797.096,0.387282,-0.770677,-0.43926,0.251237,-63.5631,-23.3287,-376.683,-0.0113865,0.0223809,0.0301524,30.9344,21.8803,51.5808
1759345592628144896,-731.963,845.456,-800.861,0.385642,-0.771727,-0.438237,0.252321,-63.5197,-23.5589,-376.29,-0.0113865,0.0223771,0.0301523,30.934,21.8793,51.5784
1759345592638145024,-732.598,845.219,-804.622,0.384047,-0.772639,-0.437365,0.253472,-63.4761,-23.787,-375.896,-0.0113865,0.0223734,0.0301521,30.9335,21.8783,51.576
1759345592648144896,-733.232,844.98,-808.379,0.382784,-0.773132,-0.436563,0.255258,-63.4327,-24.0129,-375.499,-0.0113865,0.0223696,0.030152,30.9331,21.8774,51.5737
1759345592658145024,-733.866,844.739,-812.132,0.381642,-0.773552,-0.435754,0.25707,-63.3884,-24.2367,-375.101,-0.0113866,0.0223658,0.0301519,30.9327,21.8764,51.5713
1759345592668144896,-734.5,844.495,-815.88,0.380578,-0.77395,-0.434911,0.25887,-63.3429,-24.4585,-374.701,-0.0113866,0.022362,0.0301518,30.9322,21.8754,51.5689
1759345592678145024,-735.133,844.249,-819.625,0.378263,-0.776011,-0.433939,0.257723,-63.296,-24.6782,-374.299,-0.0113866,0.0223582,0.0301517,30.9318,21.8744,51.5666
1759345592688144896,-735.766,844.001,-823.366,0.376998,-0.776812,-0.433059,0.258641,-63.2528,-24.8957,-373.896,-0.0113866,0.0223544,0.0301516,30.9314,21.8734,51.5642
1759345592698145024,-736.398,843.751,-827.103,0.375796,-0.777571,-0.432224,0.259504,-63.2096,-25.1114,-373.491,-0.0113866,0.0223506,0.0301515,30.9309,21.8724,51.5619
1759345592708144896,-737.03,843.499,-830.836,0.374642,-0.778351,-0.431352,0.260285,-63.1664,-25.3255,-373.085,-0.0113867,0.0223468,0.0301514,30.9305,21.8715,51.5595
1759345592718144768,-737.661,843.244,-834.564,0.373596,-0.779046,-0.43049,0.261137,-63.1239,-25.5381,-372.678,-0.0113867,0.022343,0.0301514,30.9301,21.8705,51.5572
1759345592728144896,-738.292,842.988,-838.289,0.372636,-0.779656,-0.429659,0.262053,-63.0813,-25.7494,-372.271,-0.0113867,0.0223392,0.0301513,30.9296,21.8695,51.5548
1759345592738144768,-738.923,842.729,-842.01,0.371679,-0.780297,-0.428824,0.262871,-63.0384,-25.9592,-371.863,-0.0113868,0.0223354,0.0301512,30.9292,21.8685,51.5525
1759345592748144896,-739.553,842.468,-845.726,0.370742,-0.780931,-0.427964,0.263711,-62.9955,-26.1671,-371.454,-0.0113868,0.0223316,0.0301512,30.9288,21.8675,51.5501
1759345592758144768,-740.183,842.205,-849.438,0.369826,-0.781512,-0.427127,0.264632,-62.9521,-26.3734,-371.044,-0.0113868,0.0223278,0.0301511,30.9283,21.8665,51.5478
1759345592768144896,-740.812,841.94,-853.147,0.368852,-0.782172,-0.426259,0.265438,-62.9081,-26.5779,-370.633,-0.0113869,0.022324,0.030151,30.9279,21.8656,51.5455
1759345592778144768,-741.441,841.673,-856.851,0.367881,-0.782798,-0.425402,0.266314,-62.8636,-26.7806,-370.221,-0.0113869,0.0223202,0.030151,30.9275,21.8646,51.5431
1759345592788144896,-742.069,841.404,-860.551,0.366859,-0.78342,-0.424557,0.267244,-62.8186,-26.9814,-369.808,-0.011387,0.0223163,0.0301509,30.927,21.8636,51.5408
1759345592798144768,-742.697,841.133,-864.247,0.365826,-0.783993,-0.423731,0.268288,-62.7732,-27.1804,-369.396,-0.011387,0.0223125,0.0301509,30.9266,21.8626,51.5384
1759345592808144896,-743.325,840.861,-867.938,0.364687,-0.784653,-0.422849,0.2693,-62.7275,-27.3773,-368.983,-0.0113871,0.0223087,0.0301509,30.9262,21.8616,51.5361
1759345592818144768,-743.952,840.586,-871.626,0.363522,-0.785246,-0.422016,0.270449,-62.6818,-27.5721,-368.569,-0.0113871,0.0223048,0.0301508,30.9257,21.8606,51.5338
1759345592828144896,-744.578,840.309,-875.31,0.362225,-0.785936,-0.42114,0.27155,-62.6362,-27.7649,-368.156,-0.0113872,0.022301,0.0301508,30.9253,21.8597,51.5314
1759345592838144768,-745.204,840.03,-878.989,0.360901,-0.786547,-0.420303,0.272838,-62.5903,-27.9554,-367.741,-0.0113872,0.0222972,0.0301508,30.9249,21.8587,51.5291
1759345592848144896,-745.83,839.749,-882.664,0.359455,-0.787248,-0.419437,0.274053,-62.5442,-28.1438,-367.327,-0.0113873,0.0222933,0.0301508,30.9244,21.8577,51.5268
1759345592858144768,-746.455,839.467,-886.335,0.357912,-0.787994,-0.418525,0.27532,-62.498,-28.3297,-366.912,-0.0113873,0.0222895,0.0301508,30.924,21.8567,51.5245
1759345592868144640,-747.08,839.182,-890.002,0.356369,-0.788638,-0.417656,0.276795,-62.4514,-28.5128,-366.496,-0.0113874,0.0222856,0.0301508,30.9236,21.8557,51.5221
1759345592878144768,-747.704,838.896,-893.665,0.354727,-0.789328,-0.41678,0.278253,-62.4042,-28.6927,-366.08,-0.0113875,0.0222818,0.0301508,30.9231,21.8547,51.5198
1759345592888144640,-748.328,838.608,-897.323,0.353005,-0.790009,-0.415935,0.279771,-62.3562,-28.869,-365.663,-0.0113876,0.0222779,0.0301508,30.9227,21.8538,51.5175
1759345592898144768,-748.951,838.319,-900.978,0.351153,-0.79076,-0.415069,0.281262,-62.3076,-29.0419,-365.245,-0.0113876,0.0222741,0.0301508,30.9223,21.8528,51.5152
1759345592908144640,-749.574,838.027,-904.628,0.349245,-0.791452,-0.414215,0.282946,-62.2584,-29.2105,-364.827,-0.0113877,0.0222702,0.0301508,30.9218,21.8518,51.5128
1759345592918144768,-750.196,837.734,-908.274,0.347201,-0.792222,-0.413337,0.284584,-62.2085,-29.3759,-364.407,-0.0113878,0.0222664,0.0301509,30.9214,21.8508,51.5105
1759345592928144640,-750.818,837.439,-911.916,0.345058,-0.793013,-0.412456,0.286261,-62.1582,-29.5373,-363.985,-0.0113879,0.0222625,0.0301509,30.921,21.8498,51.5082
1759345592938144768,-751.44,837.143,-915.553,0.342957,-0.793713,-0.411539,0.288159,-62.1071,-29.6952,-363.563,-0.011388,0.0222587,0.030151,30.9206,21.8488,51.5059
1759345592948144640,-752.06,836.845,-919.187,0.340732,-0.794443,-0.410656,0.29004,-62.055,-29.8495,-363.139,-0.0113881,0.0222548,0.030151,30.9201,21.8479,51.5036
1759345592958144768,-752.681,836.546,-922.816,0.33827,-0.795363,-0.409782,0.291634,-62.0024,-29.9998,-362.713,-0.0113882,0.022251,0.0301511,30.9197,21.8469,51.5013
1759345592968144640,-753.3,836.245,-926.441,0.335954,-0.796073,-0.408873,0.29364,-61.95,-30.1462,-362.286,-0.0113883,0.0222471,0.0301512,30.9193,21.8459,51.499
1759345592978144768,-753.919,835.942,-930.061,0.333561,-0.796821,-0.407963,0.2956,-61.8972,-30.2887,-361.856,-0.0113884,0.0222432,0.0301512,30.9188,21.8449,51.4967
1759345592988144640,-754.538,835.639,-933.677,0.331073,-0.797645,-0.407046,0.297435,-61.8438,-30.4278,-361.425,-0.0113885,0.0222394,0.0301513,30.9184,21.8439,51.4943
1759345592998144512,-755.156,835.334,-937.289,0.328617,-0.798405,-0.406108,0.299393,-61.7899,-30.5632,-360.992,-0.0113886,0.0222355,0.0301514,30.918,21.8429,51.492
1759345593008144640,-755.774,835.027,-940.897,0.326111,-0.799195,-0.405164,0.301299,-61.7354,-30.6951,-360.557,-0.0113887,0.0222316,0.0301515,30.9175,21.842,51.4897
1759345593018144512,-756.391,834.719,-944.5,0.32361,-0.799945,-0.404229,0.303256,-61.6808,-30.8233,-360.12,-0.0113888,0.0222277,0.0301516,30.9171,21.841,51.4874
1759345593028144640,-757.007,834.41,-948.099,0.321048,-0.800731,-0.403304,0.305129,-61.6258,-30.9476,-359.681,-0.0113889,0.0222239,0.0301517,30.9167,21.84,51.4851
1759345593038144512,-757.623,834.1,-951.693,0.318525,-0.801471,-0.402371,0.307056,-61.5712,-31.0676,-359.241,-0.011389,0.02222,0.0301519,30.9163,21.839,51.4828
1759345593048144640,-758.239,833.789,-955.283,0.31599,-0.802226,-0.401418,0.308945,-61.5165,-31.1836,-358.798,-0.0113891,0.0222161,0.030152,30.9158,21.838,51.4806
1759345593058144512,-758.854,833.476,-958.869,0.313417,-0.803026,-0.400461,0.310723,-61.4615,-31.2955,-358.355,-0.0113893,0.0222122,0.0301521,30.9154,21.837,51.4783
1759345593068144640,-759.468,833.163,-962.45,0.310846,-0.80382,-0.399516,0.312466,-61.4062,-31.403,-357.91,-0.0113894,0.0222083,0.0301523,30.915,21.8361,51.476
1759345593078144512,-760.082,832.848,-966.027,0.308325,-0.804524,-0.398566,0.314361,-61.3506,-31.5065,-357.465,-0.0113895,0.0222044,0.0301524,30.9145,21.8351,51.4737
1759345593088144640,-760.695,832.532,-969.599,0.30574,-0.80529,-0.397598,0.316143,-61.2935,-31.6055,-357.017,-0.0113896,0.0222005,0.0301526,30.9141,21.8341,51.4714
1759345593098144512,-761.307,832.216,-973.167,0.303166,-0.806016,-0.396635,0.317977,-61.2352,-31.7005,-356.568,-0.0113897,0.0221966,0.0301527,30.9137,21.8331,51.4691
1759345593108144640,-761.919,831.898,-976.73,0.300587,-0.806711,-0.395711,0.319808,-61.1755,-31.7918,-356.117,-0.0113899,0.0221927,0.0301529,30.9132,21.8321,51.4668
1759345593118144512,-762.531,831.579,-980.289,0.298048,-0.807384,-0.394767,0.321649,-61.114,-31.8806,-355.665,-0.01139,0.0221888,0.0301531,30.9128,21.8311,51.4645
1759345593128144384,-763.141,831.26,-983.843,0.295508,-0.808062,-0.393838,0.323423,-61.0508,-31.9665,-355.211,-0.0113901,0.0221849,0.0301533,30.9124,21.8302,51.4623
1759345593138144512,-763.752,830.94,-987.393,0.293049,-0.808682,-0.392918,0.325224,-60.9864,-32.0494,-354.756,-0.0113903,0.022181,0.0301535,30.912,21.8292,51.46
1759345593148144384,-764.361,830.619,-990.938,0.290627,-0.809319,-0.392008,0.326908,-60.9208,-32.13,-354.3,-0.0113904,0.0221771,0.0301537,30.9115,21.8282,51.4577
1759345593158144512,-764.97,830.297,-994.478,0.288207,-0.809989,-0.391092,0.328484,-60.8543,-32.2069,-353.844,-0.0113905,0.0221731,0.0301539,30.9111,21.8272,51.4554
1759345593168144384,-765.578,829.974,-998.014,0.285767,-0.810672,-0.390227,0.329957,-60.7871,-32.2808,-353.388,-0.0113907,0.0221692,0.0301541,30.9107,21.8262,51.4532
1759345593178144512,-766.186,829.651,-1001.55,0.283498,-0.811205,-0.389314,0.331677,-60.7188,-32.3511,-352.931,-0.0113908,0.0221653,0.0301543,30.9102,21.8253,51.4509
1759345593188144384,-766.792,829.327,-1005.07,0.281161,-0.811782,-0.388447,0.333269,-60.6491,-32.4179,-352.475,-0.0113909,0.0221613,0.0301545,30.9098,21.8243,51.4486
1759345593198144512,-767.398,829.003,-1008.59,0.278836,-0.812344,-0.387517,0.334931,-60.5774,-32.4813,-352.018,-0.0113911,0.0221574,0.0301547,30.9094,21.8233,51.4464
1759345593208144384,-768.004,828.677,-1012.11,0.276466,-0.812891,-0.386625,0.336596,-60.5043,-32.5413,-351.56,-0.0113912,0.0221535,0.0301549,30.909,21.8223,51.4441
1759345593218144512,-768.608,828.351,-1015.63,0.274125,-0.813346,-0.38577,0.338387,-60.43,-32.5977,-351.102,-0.0113913,0.0221495,0.0301552,30.9085,21.8213,51.4418
1759345593228144384,-769.212,828.025,-1019.13,0.27167,-0.813911,-0.384909,0.339983,-60.3548,-32.6501,-350.643,-0.0113915,0.0221456,0.0301554,30.9081,21.8203,51.4396
1759345593238144512,-769.815,827.698,-1022.64,0.269221,-0.814417,-0.384041,0.341697,-60.279,-32.6987,-350.184,-0.0113916,0.0221416,0.0301557,30.9077,21.8194,51.4373
1759345593248144384,-770.418,827.371,-1026.14,0.266771,-0.814867,-0.38317,0.343519,-60.2036,-32.7432,-349.723,-0.0113918,0.0221377,0.0301559,30.9072,21.8184,51.4351
1759345593258144256,-771.019,827.043,-1029.63,0.264256,-0.815347,-0.382296,0.345295,-60.1282,-32.784,-349.263,-0.0113919,0.0221337,0.0301562,30.9068,21.8174,51.4328
1759345593268144384,-771.62,826.715,-1033.12,0.261666,-0.815856,-0.381423,0.347025,-60.0527,-32.8211,-348.803,-0.0113921,0.0221297,0.0301565,30.9064,21.8164,51.4306
1759345593278144256,-772.22,826.387,-1036.61,0.259047,-0.816354,-0.380526,0.348799,-59.978,-32.8542,-348.343,-0.0113923,0.0221258,0.0301567,30.906,21.8155,51.4283
1759345593288144384,-772.82,826.058,-1040.09,0.256504,-0.816712,-0.379619,0.350824,-59.9032,-32.8833,-347.882,-0.0113924,0.0221218,0.030157,30.9055,21.8145,51.4261
1759345593298144256,-773.418,825.729,-1043.56,0.253837,-0.817158,-0.378724,0.352687,-59.8277,-32.9083,-347.421,-0.0113926,0.0221178,0.0301573,30.9051,21.8135,51.4238
1759345593308144384,-774.016,825.399,-1047.04,0.251114,-0.817564,-0.37794,0.354531,-59.7519,-32.9297,-346.96,-0.0113928,0.0221138,0.0301576,30.9047,21.8125,51.4216
1759345593318144256,-774.613,825.07,-1050.5,0.248433,-0.817972,-0.377068,0.356403,-59.6755,-32.947,-346.498,-0.0113929,0.0221099,0.0301579,30.9043,21.8115,51.4193
1759345593328144384,-775.209,824.74,-1053.97,0.245752,-0.818368,-0.376192,0.358274,-59.599,-32.9606,-346.036,-0.0113931,0.0221059,0.0301581,30.9038,21.8106,51.4171
1759345593338144256,-775.805,824.41,-1057.42,0.243116,-0.818745,-0.375343,0.360095,-59.5222,-32.9703,-345.572,-0.0113933,0.0221019,0.0301584,30.9034,21.8096,51.4149
1759345593348144384,-776.4,824.081,-1060.88,0.240545,-0.819066,-0.374509,0.361956,-59.445,-32.976,-345.108,-0.0113935,0.0220979,0.0301588,30.903,21.8086,51.4126
1759345593358144256,-776.994,823.751,-1064.33,0.237923,-0.819444,-0.373713,0.363653,-59.3676,-32.9778,-344.642,-0.0113937,0.0220939,0.0301591,30.9026,21.8076,51.4104
1759345593368144384,-777.587,823.421,-1067.77,0.235394,-0.819778,-0.372918,0.365358,-59.2898,-32.9759,-344.176,-0.0113938,0.0220899,0.0301594,30.9021,21.8067,51.4082
1759345593378144256,-778.179,823.091,-1071.21,0.232922,-0.820093,-0.372147,0.367015,-59.2116,-32.9705,-343.709,-0.011394,0.0220859,0.0301597,30.9017,21.8057,51.4059
1759345593388144128,-778.771,822.761,-1074.64,0.230498,-0.820395,-0.371399,0.368627,-59.1327,-32.9617,-343.242,-0.0113942,0.0220819,0.03016,30.9013,21.8047,51.4037
1759345593398144256,-779.362,822.432,-1078.07,0.228128,-0.820683,-0.37071,0.370151,-59.0535,-32.9496,-342.774,-0.0113944,0.0220779,0.0301604,30.9009,21.8037,51.4015
1759345593408144128,-779.952,822.102,-1081.5,0.22585,-0.820949,-0.37002,0.371644,-58.9738,-32.9342,-342.305,-0.0113946,0.0220738,0.0301607,30.9004,21.8028,51.3993
1759345593418144256,-780.541,821.773,-1084.92,0.223641,-0.821208,-0.369365,0.373058,-58.8936,-32.916,-341.836,-0.0113948,0.0220698,0.0301611,30.9,21.8018,51.397
1759345593428144128,-781.13,821.444,-1088.33,0.22149,-0.821428,-0.368797,0.374416,-58.8128,-32.8949,-341.366,-0.011395,0.0220658,0.0301614,30.8996,21.8008,51.3948
1759345593438144256,-781.717,821.115,-1091.75,0.219449,-0.821589,-0.368298,0.375753,-58.7312,-32.8714,-340.897,-0.0113952,0.0220617,0.0301617,30.8992,21.7998,51.3926
1759345593448144128,-782.304,820.786,-1095.15,0.217469,-0.821785,-0.367785,0.376975,-58.6485,-32.8455,-340.427,-0.0113954,0.0220577,0.0301621,30.8988,21.7989,51.3904
1759345593458144256,-782.89,820.458,-1098.55,0.215483,-0.822011,-0.367314,0.378082,-58.5651,-32.8172,-339.957,-0.0113956,0.0220537,0.0301625,30.8983,21.7979,51.3882
1759345593468144128,-783.475,820.129,-1101.95,0.213628,-0.822139,-0.366865,0.379289,-58.4815,-32.7867,-339.486,-0.0113959,0.0220496,0.0301628,30.8979,21.7969,51.386
1759345593478144256,-784.06,819.802,-1105.34,0.21184,-0.822268,-0.366401,0.38046,-58.3971,-32.7538,-339.015,-0.0113961,0.0220456,0.0301632,30.8975,21.7959,51.3838
1759345593488144128,-784.643,819.474,-1108.73,0.210042,-0.822399,-0.366019,0.38154,-58.3119,-32.7186,-338.544,-0.0113963,0.0220415,0.0301636,30.8971,21.795,51.3816
1759345593498144256,-785.226,819.147,-1112.11,0.208236,-0.822538,-0.365668,0.382564,-58.2262,-32.6809,-338.073,-0.0113965,0.0220374,0.030164,30.8966,21.794,51.3794
1759345593508144128,-785.807,818.82,-1115.49,0.20643,-0.822691,-0.365385,0.383484,-58.1399,-32.6409,-337.602,-0.0113967,0.0220334,0.0301643,30.8962,21.793,51.3772
1759345593518144256,-786.388,818.494,-1118.86,0.204816,-0.822707,-0.365077,0.384608,-58.0525,-32.5979,-337.13,-0.011397,0.0220293,0.0301647,30.8958,21.7921,51.375
1759345593528144128,-786.968,818.168,-1122.23,0.203187,-0.822783,-0.364847,0.385527,-57.9645,-32.5515,-336.66,-0.0113972,0.0220252,0.0301651,30.8954,21.7911,51.3728
1759345593538144000,-787.547,817.843,-1125.6,0.201634,-0.822796,-0.364648,0.386499,-57.8762,-32.5017,-336.19,-0.0113974,0.0220212,0.0301655,30.895,21.7901,51.3706
1759345593548144128,-788.126,817.518,-1128.96,0.200102,-0.822823,-0.364513,0.387365,-57.7883,-32.4481,-335.721,-0.0113977,0.0220171,0.0301659,30.8945,21.7891,51.3684
1759345593558144000,-788.703,817.194,-1132.31,0.198662,-0.822806,-0.364417,0.388232,-57.7013,-32.3915,-335.253,-0.0113979,0.022013,0.0301663,30.8941,21.7882,51.3662
1759345593568144128,-789.279,816.87,-1135.66,0.197211,-0.822797,-0.364405,0.389002,-57.6152,-32.3324,-334.786,-0.0113982,0.0220089,0.0301668,30.8937,21.7872,51.364
1759345593578144000,-789.855,816.547,-1139.01,0.195968,-0.822703,-0.364338,0.389891,-57.5302,-32.271,-334.319,-0.0113984,0.0220048,0.0301672,30.8933,21.7862,51.3619
1759345593588144128,-790.43,816.225,-1142.35,0.19473,-0.82263,-0.364331,0.390669,-57.4461,-32.2076,-333.853,-0.0113987,0.0220007,0.0301676,30.8929,21.7853,51.3597
1759345593598144000,-791.004,815.903,-1145.68,0.19354,-0.822538,-0.364393,0.391397,-57.3636,-32.1425,-333.388,-0.0113989,0.0219966,0.030168,30.8925,21.7843,51.3575
1759345593608144128,-791.577,815.582,-1149.01,0.192484,-0.822403,-0.364364,0.392226,-57.2825,-32.0757,-332.924,-0.0113992,0.0219925,0.0301685,30.892,21.7833,51.3553
1759345593618144000,-792.149,815.261,-1152.34,0.191353,-0.822304,-0.364455,0.392904,-57.2025,-32.0073,-332.461,-0.0113995,0.0219884,0.0301689,30.8916,21.7824,51.3532
1759345593628144128,-792.721,814.941,-1155.66,0.190304,-0.822166,-0.364491,0.393667,-57.1241,-31.9371,-331.998,-0.0113997,0.0219843,0.0301693,30.8912,21.7814,51.351
1759345593638144000,-793.291,814.622,-1158.98,0.189224,-0.822041,-0.36463,0.39432,-57.0472,-31.8652,-331.535,-0.0114,0.0219802,0.0301698,30.8908,21.7804,51.3488
1759345593648144128,-793.861,814.304,-1162.29,0.188226,-0.821907,-0.364711,0.395,-56.9716,-31.7919,-331.073,-0.0114003,0.0219761,0.0301702,30.8904,21.7795,51.3467
1759345593658144000,-794.43,813.986,-1165.6,0.187202,-0.821805,-0.364865,0.395556,-56.8972,-31.7167,-330.61,-0.0114006,0.0219719,0.0301706,30.8899,21.7785,51.3445
1759345593668143872,-794.999,813.669,-1168.91,0.186295,-0.821673,-0.364973,0.39616,-56.8243,-31.6397,-330.147,-0.0114009,0.0219678,0.0301711,30.8895,21.7775,51.3424
1759345593678144000,-795.567,813.353,-1172.2,0.185372,-0.821554,-0.365124,0.396701,-56.7532,-31.5607,-329.682,-0.0114012,0.0219637,0.0301715,30.8891,21.7765,51.3402
1759345593688143872,-796.134,813.038,-1175.5,0.184475,-0.821433,-0.365313,0.397195,-56.6837,-31.4799,-329.216,-0.0114015,0.0219595,0.030172,30.8887,21.7756,51.3381
1759345593698144000,-796.7,812.724,-1178.79,0.183595,-0.821312,-0.36554,0.397643,-56.6154,-31.3974,-328.75,-0.0114018,0.0219554,0.0301724,30.8883,21.7746,51.336
1759345593708143872,-797.266,812.41,-1182.07,0.182779,-0.821206,-0.365725,0.398067,-56.5479,-31.3139,-328.284,-0.0114021,0.0219512,0.0301729,30.8878,21.7736,51.3338
1759345593718144000,-797.831,812.097,-1185.35,0.181903,-0.821141,-0.366029,0.398324,-56.4804,-31.2305,-327.818,-0.0114024,0.0219471,0.0301733,30.8874,21.7727,51.3317
1759345593728143872,-798.395,811.785,-1188.63,0.181078,-0.821047,-0.366314,0.39863,-56.4132,-31.1471,-327.353,-0.0114027,0.0219429,0.0301738,30.887,21.7717,51.3296
1759345593738144000,-798.959,811.474,-1191.9,0.180335,-0.820949,-0.366573,0.398933,-56.3465,-31.063,-326.888,-0.011403,0.0219387,0.0301743,30.8866,21.7707,51.3274
1759345593748143872,-799.522,811.164,-1195.17,0.179674,-0.820794,-0.366852,0.399291,-56.28,-30.9783,-326.423,-0.0114033,0.0219346,0.0301747,30.8862,21.7698,51.3253
1759345593758144000,-800.084,810.854,-1198.43,0.178954,-0.82069,-0.36723,0.399481,-56.2125,-30.8931,-325.958,-0.0114037,0.0219304,0.0301752,30.8857,21.7688,51.3232
1759345593768143872,-800.645,810.546,-1201.68,0.178323,-0.820575,-0.367564,0.399693,-56.1444,-30.8074,-325.493,-0.011404,0.0219262,0.0301757,30.8853,21.7678,51.3211
1759345593778144000,-801.206,810.238,-1204.94,0.177613,-0.820513,-0.367985,0.399748,-56.0756,-30.7208,-325.029,-0.0114043,0.021922,0.0301761,30.8849,21.7669,51.319
1759345593788143872,-801.767,809.931,-1208.18,0.176912,-0.820431,-0.368418,0.399829,-56.0064,-30.6311,-324.563,-0.0114046,0.0219178,0.0301766,30.8845,21.7659,51.3169
1759345593798143744,-802.326,809.625,-1211.43,0.176314,-0.820427,-0.368595,0.399938,-55.9369,-30.5395,-324.096,-0.011405,0.0219136,0.0301771,30.8841,21.7649,51.3148
1759345593808143872,-802.885,809.32,-1214.67,0.175577,-0.820385,-0.369108,0.399876,-55.8672,-30.4463,-323.629,-0.0114053,0.0219094,0.0301776,30.8836,21.764,51.3127
1759345593818143744,-803.443,809.016,-1217.9,0.174868,-0.820301,-0.36963,0.399877,-55.7967,-30.353,-323.163,-0.0114056,0.0219052,0.0301781,30.8832,21.763,51.3106
1759345593828143872,-804.001,808.713,-1221.13,0.174133,-0.820206,-0.370161,0.3999,-55.7253,-30.2595,-322.699,-0.011406,0.021901,0.0301785,30.8828,21.762,51.3085
1759345593838143744,-804.557,808.411,-1224.35,0.173275,-0.820165,-0.37075,0.399812,-55.6525,-30.1667,-322.236,-0.0114063,0.0218967,0.030179,30.8824,21.7611,51.3064
1759345593848143872,-805.113,808.11,-1227.57,0.17252,-0.820016,-0.371219,0.400008,-55.5801,-30.0738,-321.774,-0.0114066,0.0218925,0.0301795,30.8819,21.7601,51.3043
1759345593858143744,-805.668,807.81,-1230.79,0.171637,-0.81992,-0.371756,0.400088,-55.5078,-29.9807,-321.314,-0.011407,0.0218883,0.03018,30.8815,21.7591,51.3022
1759345593868143872,-806.223,807.51,-1234,0.170713,-0.819817,-0.372276,0.400209,-55.4363,-29.8869,-320.856,-0.0114073,0.0218841,0.0301805,30.8811,21.7582,51.3002
1759345593878143744,-806.777,807.212,-1237.2,0.169762,-0.81969,-0.372686,0.400492,-55.3657,-29.7915,-320.399,-0.0114077,0.0218798,0.0301811,30.8807,21.7572,51.2981
1759345593888143872,-807.33,806.914,-1240.41,0.168604,-0.819605,-0.373216,0.400662,-55.2956,-29.6947,-319.943,-0.0114081,0.0218756,0.0301816,30.8802,21.7562,51.296
1759345593898143744,-807.882,806.618,-1243.6,0.167444,-0.819464,-0.373624,0.401057,-55.2258,-29.5961,-319.488,-0.0114084,0.0218714,0.0301821,30.8798,21.7553,51.294
1759345593908143872,-808.434,806.322,-1246.8,0.166132,-0.819368,-0.374047,0.401405,-55.1559,-29.4958,-319.034,-0.0114088,0.0218671,0.0301826,30.8794,21.7543,51.2919
1759345593918143744,-808.985,806.028,-1249.98,0.164735,-0.819255,-0.374436,0.401847,-55.085,-29.3938,-318.581,-0.0114092,0.0218629,0.0301831,30.879,21.7533,51.2899
1759345593928143616,-809.535,805.734,-1253.17,0.163333,-0.819118,-0.374744,0.402411,-55.0139,-29.2905,-318.13,-0.0114096,0.0218586,0.0301836,30.8785,21.7524,51.2878
1759345593938143744,-810.085,805.442,-1256.34,0.161741,-0.81911,-0.375043,0.402792,-54.9425,-29.1858,-317.678,-0.0114099,0.0218544,0.0301842,30.8781,21.7514,51.2858
1759345593948143616,-810.634,805.151,-1259.52,0.16023,-0.818995,-0.375276,0.403411,-54.8717,-29.0802,-317.226,-0.0114103,0.0218501,0.0301847,30.8777,21.7504,51.2838
1759345593958143744,-811.182,804.86,-1262.69,0.158625,-0.818856,-0.375683,0.403949,-54.8014,-28.9735,-316.774,-0.0114107,0.0218459,0.0301852,30.8772,21.7495,51.2817
1759345593968143616,-811.729,804.571,-1265.85,0.157012,-0.818772,-0.375987,0.404466,-54.7316,-28.8656,-316.322,-0.0114111,0.0218416,0.0301858,30.8768,21.7485,51.2797
1759345593978143744,-812.276,804.283,-1269.01,0.155521,-0.81866,-0.37611,0.405155,-54.6623,-28.756,-315.87,-0.0114115,0.0218373,0.0301863,30.8764,21.7475,51.2777
1759345593988143616,-812.822,803.996,-1272.17,0.153934,-0.818574,-0.376283,0.405773,-54.5933,-28.6447,-315.418,-0.0114119,0.021833,0.0301868,30.8759,21.7465,51.2756
1759345593998143744,-813.368,803.71,-1275.32,0.152212,-0.818557,-0.376573,0.406188,-54.5244,-28.5312,-314.966,-0.0114124,0.0218288,0.0301874,30.8755,21.7456,51.2736
1759345594008143616,-813.912,803.425,-1278.47,0.15067,-0.818449,-0.376645,0.406913,-54.4563,-28.4154,-314.515,-0.0114128,0.0218245,0.0301879,30.8751,21.7446,51.2716
1759345594018143744,-814.456,803.142,-1281.61,0.14904,-0.81836,-0.376762,0.407583,-54.3885,-28.2974,-314.063,-0.0114132,0.0218202,0.0301885,30.8746,21.7436,51.2696
1759345594028143616,-815,802.859,-1284.75,0.147346,-0.818277,-0.376901,0.408237,-54.3222,-28.1768,-313.611,-0.0114136,0.0218159,0.030189,30.8742,21.7427,51.2676
1759345594038143744,-815.542,802.578,-1287.88,0.145685,-0.818187,-0.376937,0.40898,-54.2574,-28.0538,-313.16,-0.011414,0.0218116,0.0301896,30.8738,21.7417,51.2656
1759345594048143616,-816.084,802.298,-1291.01,0.14396,-0.818091,-0.376986,0.409737,-54.1939,-27.9286,-312.708,-0.0114145,0.0218073,0.0301901,30.8733,21.7407,51.2636
1759345594058143488,-816.626,802.019,-1294.14,0.142137,-0.818004,-0.376995,0.410539,-54.1317,-27.8013,-312.258,-0.0114149,0.021803,0.0301907,30.8729,21.7398,51.2616
1759345594068143616,-817.167,801.742,-1297.26,0.140232,-0.817891,-0.376959,0.411451,-54.0707,-27.6718,-311.808,-0.0114154,0.0217987,0.0301912,30.8725,21.7388,51.2597
1759345594078143488,-817.707,801.466,-1300.37,0.138238,-0.817812,-0.37688,0.412354,-54.0107,-27.54,-311.359,-0.0114158,0.0217944,0.0301918,30.872,21.7378,51.2577
1759345594088143616,-818.246,801.191,-1303.48,0.136199,-0.8177,-0.376729,0.413391,-53.9513,-27.4057,-310.91,-0.0114163,0.02179,0.0301924,30.8716,21.7369,51.2557
1759345594098143488,-818.785,800.918,-1306.59,0.134032,-0.817599,-0.37662,0.414396,-53.8923,-27.2688,-310.462,-0.0114167,0.0217857,0.0301929,30.8712,21.7359,51.2538
1759345594108143616,-819.324,800.646,-1309.69,0.131763,-0.817515,-0.376464,0.41543,-53.8333,-27.129,-310.014,-0.0114172,0.0217814,0.0301935,30.8707,21.7349,51.2518
1759345594118143488,-819.862,800.375,-1312.79,0.129435,-0.817423,-0.376219,0.416564,-53.775,-26.9864,-309.565,-0.0114177,0.021777,0.0301941,30.8703,21.734,51.2498
1759345594128143616,-820.399,800.106,-1315.88,0.127054,-0.817311,-0.375946,0.41776,-53.7171,-26.8409,-309.118,-0.0114181,0.0217727,0.0301946,30.8698,21.733,51.2479
1759345594138143488,-820.936,799.839,-1318.97,0.124553,-0.817232,-0.37569,0.418897,-53.6595,-26.6923,-308.67,-0.0114186,0.0217683,0.0301952,30.8694,21.732,51.2459
1759345594148143616,-821.472,799.572,-1322.06,0.122009,-0.817138,-0.37539,0.420098,-53.6024,-26.5407,-308.224,-0.0114191,0.021764,0.0301958,30.8689,21.7311,51.244
1759345594158143488,-822.007,799.308,-1325.14,0.119415,-0.817036,-0.375034,0.421357,-53.5453,-26.3866,-307.778,-0.0114196,0.0217596,0.0301964,30.8685,21.7301,51.2421
1759345594168143616,-822.542,799.045,-1328.21,0.116786,-0.816914,-0.374635,0.422684,-53.4881,-26.2292,-307.332,-0.0114201,0.0217553,0.030197,30.8681,21.7291,51.2401
1759345594178143488,-823.076,798.783,-1331.28,0.114112,-0.816812,-0.37425,0.423951,-53.4304,-26.0686,-306.887,-0.0114206,0.0217509,0.0301976,30.8676,21.7282,51.2382
1759345594188143616,-823.61,798.523,-1334.35,0.111353,-0.816736,-0.373908,0.425131,-53.3717,-25.9039,-306.443,-0.0114211,0.0217466,0.0301982,30.8672,21.7272,51.2363
1759345594198143488,-824.143,798.265,-1337.41,0.108616,-0.816629,-0.373461,0.426436,-53.3125,-25.7358,-305.999,-0.0114216,0.0217422,0.0301988,30.8667,21.7262,51.2344
1759345594208143360,-824.676,798.009,-1340.47,0.105846,-0.816533,-0.373038,0.427684,-53.2527,-25.5641,-305.555,-0.0114221,0.0217378,0.0301994,30.8663,21.7253,51.2325
1759345594218143488,-825.208,797.754,-1343.52,0.103172,-0.816389,-0.372518,0.429063,-53.1923,-25.389,-305.111,-0.0114226,0.0217335,0.0302,30.8658,21.7243,51.2306
1759345594228143360,-825.739,797.501,-1346.57,0.10042,-0.816276,-0.372093,0.430298,-53.1312,-25.2104,-304.668,-0.0114231,0.0217291,0.0302006,30.8654,21.7233,51.2287
1759345594238143488,-826.27,797.25,-1349.61,0.0977348,-0.816194,-0.371614,0.431483,-53.0705,-25.0287,-304.224,-0.0114236,0.0217247,0.0302012,30.8649,21.7224,51.2268
1759345594248143360,-826.8,797.001,-1352.65,0.0951305,-0.816051,-0.371146,0.432737,-53.0105,-24.844,-303.781,-0.0114241,0.0217203,0.0302018,30.8645,21.7214,51.2249
1759345594258143488,-827.33,796.753,-1355.69,0.0925605,-0.815948,-0.370672,0.433893,-52.9511,-24.6565,-303.338,-0.0114246,0.0217159,0.0302025,30.864,21.7204,51.223
1759345594268143360,-827.859,796.507,-1358.72,0.0900685,-0.81583,-0.370162,0.435073,-52.8923,-24.4661,-302.895,-0.0114252,0.0217115,0.0302031,30.8636,21.7195,51.2211
1759345594278143488,-828.387,796.264,-1361.75,0.0876177,-0.815681,-0.369706,0.43624,-52.8337,-24.2729,-302.453,-0.0114257,0.0217071,0.0302037,30.8631,21.7185,51.2193
1759345594288143360,-828.915,796.022,-1364.77,0.0851556,-0.815576,-0.369208,0.437345,-52.7752,-24.0768,-302.012,-0.0114262,0.0217027,0.0302044,30.8627,21.7175,51.2174
1759345594298143488,-829.442,795.782,-1367.78,0.082831,-0.815366,-0.368702,0.438607,-52.7166,-23.8775,-301.572,-0.0114268,0.0216983,0.030205,30.8622,21.7166,51.2155
1759345594308143360,-829.969,795.545,-1370.8,0.0805066,-0.815182,-0.368187,0.439813,-52.6576,-23.675,-301.133,-0.0114273,0.0216939,0.0302057,30.8618,21.7156,51.2137
1759345594318143488,-830.495,795.309,-1373.81,0.0781433,-0.814997,-0.367692,0.440994,-52.5991,-23.469,-300.695,-0.0114278,0.0216894,0.0302063,30.8613,21.7146,51.2118
1759345594328143360,-831.02,795.075,-1376.81,0.0758696,-0.814765,-0.367153,0.442267,-52.5409,-23.2601,-300.256,-0.0114284,0.021685,0.030207,30.8609,21.7137,51.21
1759345594338143232,-831.545,794.844,-1379.81,0.0734475,-0.814682,-0.366746,0.443166,-52.4828,-23.0484,-299.819,-0.0114289,0.0216806,0.0302076,30.8604,21.7127,51.2082
1759345594348143360,-832.07,794.615,-1382.81,0.0712968,-0.814436,-0.366184,0.444432,-52.4255,-22.8346,-299.381,-0.0114295,0.0216761,0.0302083,30.86,21.7117,51.2063
1759345594358143232,-832.593,794.387,-1385.8,0.0691566,-0.814152,-0.365675,0.445708,-52.3688,-22.6181,-298.944,-0.01143,0.0216717,0.0302089,30.8595,21.7108,51.2045
1759345594368143360,-833.117,794.162,-1388.79,0.0670308,-0.813897,-0.365132,0.446942,-52.3126,-22.3989,-298.507,-0.0114306,0.0216672,0.0302096,30.8591,21.7098,51.2027
1759345594378143232,-833.639,793.94,-1391.77,0.0648997,-0.81364,-0.364652,0.448115,-52.2567,-22.1768,-298.072,-0.0114311,0.0216628,0.0302103,30.8586,21.7088,51.2009
1759345594388143360,-834.161,793.719,-1394.75,0.0628212,-0.813388,-0.364133,0.44929,-52.2012,-21.952,-297.637,-0.0114317,0.0216583,0.030211,30.8581,21.7079,51.1991
1759345594398143232,-834.683,793.501,-1397.72,0.0607088,-0.813138,-0.363661,0.450413,-52.1453,-21.7246,-297.204,-0.0114322,0.0216539,0.0302116,30.8577,21.7069,51.1973
1759345594408143360,-835.204,793.285,-1400.69,0.0586486,-0.812845,-0.363152,0.451625,-52.0889,-21.4945,-296.773,-0.0114328,0.0216494,0.0302123,30.8572,21.706,51.1955
1759345594418143232,-835.724,793.071,-1403.65,0.056569,-0.812541,-0.362628,0.452855,-52.0319,-21.2617,-296.344,-0.0114334,0.0216449,0.030213,30.8568,21.705,51.1937
1759345594428143360,-836.244,792.86,-1406.62,0.0543991,-0.812269,-0.362172,0.453972,-51.9731,-21.0261,-295.918,-0.0114339,0.0216405,0.0302137,30.8563,21.704,51.1919
1759345594438143232,-836.763,792.651,-1409.57,0.0522688,-0.811959,-0.361651,0.45519,-51.914,-20.7875,-295.493,-0.0114345,0.021636,0.0302144,30.8559,21.7031,51.1901
1759345594448143360,-837.282,792.444,-1412.52,0.0500582,-0.811641,-0.361188,0.456374,-51.8545,-20.5459,-295.07,-0.0114351,0.0216315,0.0302151,30.8554,21.7021,51.1883
1759345594458143232,-837.8,792.24,-1415.47,0.0478922,-0.811282,-0.360658,0.457661,-51.7946,-20.3013,-294.648,-0.0114356,0.021627,0.0302158,30.8549,21.7011,51.1866
1759345594468143104,-838.317,792.038,-1418.42,0.0457293,-0.810936,-0.360077,0.458952,-51.7342,-20.054,-294.227,-0.0114362,0.0216225,0.0302165,30.8545,21.7002,51.1848
1759345594478143232,-838.834,791.839,-1421.36,0.0435204,-0.810595,-0.359557,0.460175,-51.6729,-19.8048,-293.808,-0.0114368,0.021618,0.0302172,30.854,21.6992,51.1831
1759345594488143104,-839.35,791.642,-1424.29,0.0413456,-0.810257,-0.358986,0.461413,-51.6109,-19.5536,-293.389,-0.0114374,0.0216135,0.0302179,30.8536,21.6983,51.1813
1759345594498143232,-839.866,791.448,-1427.22,0.0392276,-0.809879,-0.358428,0.462694,-51.5482,-19.3002,-292.972,-0.011438,0.021609,0.0302186,30.8531,21.6973,51.1796
1759345594508143104,-840.38,791.257,-1430.15,0.0371289,-0.809585,-0.357873,0.463811,-51.4856,-19.0446,-292.554,-0.0114385,0.0216045,0.0302194,30.8526,21.6964,51.1778
1759345594518143232,-840.895,791.068,-1433.07,0.0352,-0.809216,-0.357289,0.465054,-51.4236,-18.7864,-292.137,-0.0114391,0.0216,0.0302201,30.8522,21.6954,51.1761
1759345594528143104,-841.408,790.881,-1435.99,0.0332955,-0.808908,-0.356776,0.466121,-51.3618,-18.5258,-291.72,-0.0114397,0.0215955,0.0302208,30.8517,21.6944,51.1744
1759345594538143232,-841.922,790.697,-1438.91,0.0315459,-0.808566,-0.356213,0.467267,-51.3002,-18.2631,-291.304,-0.0114403,0.0215909,0.0302215,30.8513,21.6935,51.1727
1759345594548143104,-842.434,790.516,-1441.82,0.029858,-0.808275,-0.355652,0.468307,-51.2388,-17.9985,-290.889,-0.0114409,0.0215864,0.0302223,30.8508,21.6925,51.171
1759345594558143232,-842.946,790.338,-1444.72,0.0281458,-0.808045,-0.355129,0.469206,-51.1784,-17.732,-290.475,-0.0114415,0.0215819,0.030223,30.8503,21.6916,51.1693
1759345594568143104,-843.457,790.162,-1447.63,0.0265821,-0.807644,-0.354588,0.470396,-51.1186,-17.4631,-290.063,-0.0114421,0.0215773,0.0302237,30.8499,21.6906,51.1676
1759345594578143232,-843.968,789.989,-1450.53,0.0248914,-0.807398,-0.354029,0.47133,-51.0588,-17.1919,-289.652,-0.0114427,0.0215728,0.0302245,30.8494,21.6897,51.1659
1759345594588143104,-844.478,789.818,-1453.42,0.0232352,-0.807016,-0.353468,0.472489,-50.9987,-16.9184,-289.242,-0.0114433,0.0215683,0.0302252,30.849,21.6887,51.1642
1759345594598142976,-844.987,789.65,-1456.31,0.021544,-0.806667,-0.352865,0.473614,-50.9378,-16.6423,-288.834,-0.0114439,0.0215637,0.0302259,30.8485,21.6878,51.1625
1759345594608143104,-845.496,789.486,-1459.2,0.019764,-0.80633,-0.352308,0.474679,-50.876,-16.3633,-288.426,-0.0114445,0.0215592,0.0302267,30.848,21.6868,51.1608
1759345594618142976,-846.004,789.323,-1462.08,0.0179781,-0.805988,-0.351699,0.475782,-50.8138,-16.0818,-288.019,-0.0114451,0.0215546,0.0302274,30.8476,21.6859,51.1591
1759345594628143104,-846.512,789.164,-1464.96,0.0161688,-0.805665,-0.351056,0.476868,-50.751,-15.7976,-287.612,-0.0114457,0.02155,0.0302282,30.8471,21.6849,51.1575
1759345594638142976,-847.019,789.008,-1467.83,0.0143692,-0.805317,-0.350397,0.477996,-50.6879,-15.5115,-287.207,-0.0114464,0.0215455,0.0302289,30.8466,21.684,51.1558
1759345594648143104,-847.525,788.854,-1470.7,0.0124843,-0.804985,-0.349798,0.479046,-50.6246,-15.2236,-286.804,-0.011447,0.0215409,0.0302297,30.8462,21.683,51.1542
1759345594658142976,-848.031,788.704,-1473.56,0.0106045,-0.80464,-0.349138,0.480151,-50.5613,-14.934,-286.402,-0.0114476,0.0215363,0.0302305,30.8457,21.6821,51.1525
1759345594668143104,-848.536,788.556,-1476.43,0.00870467,-0.804292,-0.348438,0.48128,-50.499,-14.6424,-286.002,-0.0114482,0.0215318,0.0302312,30.8453,21.6811,51.1509
1759345594678142976,-849.04,788.411,-1479.28,0.00674432,-0.803942,-0.347734,0.482404,-50.4369,-14.3488,-285.604,-0.0114488,0.0215272,0.030232,30.8448,21.6802,51.1493
1759345594688143104,-849.544,788.269,-1482.14,0.00475005,-0.803569,-0.347003,0.483574,-50.375,-14.0529,-285.206,-0.0114495,0.0215226,0.0302328,30.8443,21.6792,51.1476
1759345594698142976,-850.047,788.13,-1484.99,0.00270671,-0.803172,-0.346254,0.484784,-50.3126,-13.755,-284.811,-0.0114501,0.021518,0.0302335,30.8439,21.6783,51.146
1759345594708143104,-850.55,787.994,-1487.83,0.000585385,-0.802843,-0.345503,0.485871,-50.2499,-13.4548,-284.417,-0.0114507,0.0215135,0.0302343,30.8434,21.6774,51.1444
1759345594718142976,-851.052,787.862,-1490.67,0.00154482,0.802486,0.34471,-0.487021,-50.1864,-13.1523,-284.024,-0.0114514,0.0215089,0.0302351,30.8429,21.6764,51.1428
1759345594728143104,-851.553,787.732,-1493.51,0.00369667,0.802186,0.343915,-0.488064,-50.1216,-12.8472,-283.631,-0.011452,0.0215043,0.0302359,30.8425,21.6755,51.1412
1759345594738142976,-852.054,787.605,-1496.35,0.00582852,0.801838,0.343121,-0.489173,-50.0557,-12.5397,-283.241,-0.0114526,0.0214997,0.0302367,30.842,21.6745,51.1396
1759345594748142848,-852.554,787.481,-1499.18,0.00794267,0.801492,0.342287,-0.490293,-49.9882,-12.2292,-282.851,-0.0114533,0.0214951,0.0302375,30.8416,21.6736,51.138
1759345594758142976,-853.053,787.361,-1502,0.0100201,0.801132,0.341494,-0.491395,-49.9197,-11.9158,-282.462,-0.0114539,0.0214905,0.0302383,30.8411,21.6727,51.1364
1759345594768142848,-853.552,787.243,-1504.83,0.0121418,0.800807,0.340686,-0.492437,-49.8503,-11.5996,-282.075,-0.0114545,0.0214859,0.0302391,30.8406,21.6717,51.1349
1759345594778142976,-854.05,787.129,-1507.64,0.0142595,0.800465,0.339869,-0.493499,-49.7799,-11.2806,-281.689,-0.0114552,0.0214813,0.0302399,30.8402,21.6708,51.1333
1759345594788142848,-854.547,787.018,-1510.46,0.0164077,0.800189,0.338999,-0.494479,-49.7085,-10.9589,-281.304,-0.0114558,0.0214767,0.0302407,30.8397,21.6699,51.1317
1759345594798142976,-855.044,786.91,-1513.27,0.0185437,0.799896,0.338174,-0.495441,-49.6353,-10.6351,-280.92,-0.0114565,0.0214721,0.0302415,30.8393,21.6689,51.1302
1759345594808142848,-855.539,786.806,-1516.08,0.0206443,0.799572,0.337369,-0.496427,-49.5611,-10.3087,-280.538,-0.0114571,0.0214675,0.0302423,30.8388,21.668,51.1286
1759345594818142976,-856.034,786.704,-1518.88,0.0227046,0.79927,0.336508,-0.497408,-49.4861,-9.97965,-280.156,-0.0114577,0.0214629,0.0302431,30.8383,21.6671,51.1271
1759345594828142848,-856.529,786.606,-1521.68,0.0247819,0.799033,0.335658,-0.498263,-49.4102,-9.64769,-279.774,-0.0114584,0.0214583,0.0302439,30.8379,21.6662,51.1255
1759345594838142976,-857.022,786.512,-1524.47,0.0268024,0.798778,0.334819,-0.49913,-49.3343,-9.31277,-279.393,-0.011459,0.0214537,0.0302447,30.8374,21.6652,51.124
1759345594848142848,-857.515,786.421,-1527.27,0.0288175,0.798579,0.334011,-0.499878,-49.2586,-8.97485,-279.013,-0.0114597,0.0214491,0.0302456,30.837,21.6643,51.1225
1759345594858142976,-858.007,786.333,-1530.05,0.0306747,0.798272,0.3332,-0.500798,-49.1826,-8.63408,-278.633,-0.0114603,0.0214445,0.0302464,30.8365,21.6634,51.121
1759345594868142848,-858.498,786.248,-1532.84,0.0324668,0.798023,0.332374,-0.50163,-49.1062,-8.29094,-278.255,-0.011461,0.0214399,0.0302472,30.8361,21.6625,51.1194
1759345594878142720,-858.989,786.167,-1535.62,0.0342994,0.797838,0.331623,-0.502299,-49.0293,-7.94554,-277.878,-0.0114616,0.0214353,0.0302481,30.8356,21.6616,51.1179
1759345594888142848,-859.478,786.09,-1538.39,0.035948,0.797557,0.330882,-0.503118,-48.9523,-7.59816,-277.502,-0.0114623,0.0214307,0.0302489,30.8352,21.6606,51.1164
1759345594898142720,-859.967,786.016,-1541.17,0.0375298,0.797325,0.330155,-0.503847,-48.8749,-7.24899,-277.127,-0.0114629,0.0214261,0.0302497,30.8347,21.6597,51.1149
1759345594908142848,-860.455,785.945,-1543.94,0.0389816,0.797107,0.329454,-0.50454,-48.797,-6.89872,-276.753,-0.0114636,0.0214215,0.0302506,30.8343,21.6588,51.1134
1759345594918142720,-860.943,785.878,-1546.7,0.0403214,0.796869,0.328801,-0.505236,-48.7196,-6.5465,-276.379,-0.0114642,0.0214169,0.0302514,30.8338,21.6579,51.112
1759345594928142848,-861.429,785.815,-1549.46,0.0415648,0.796713,0.328156,-0.505801,-48.6432,-6.19224,-276.006,-0.0114649,0.0214123,0.0302523,30.8334,21.657,51.1105
1759345594938142720,-861.915,785.755,-1552.22,0.0426196,0.796546,0.3276,-0.506336,-48.5685,-5.83524,-275.632,-0.0114656,0.0214077,0.0302531,30.8329,21.6561,51.109
1759345594948142848,-862.4,785.698,-1554.97,0.0434856,0.796365,0.327095,-0.506873,-48.4939,-5.47684,-275.259,-0.0114662,0.0214031,0.030254,30.8325,21.6552,51.1076
1759345594958142720,-862.885,785.646,-1557.72,0.0442545,0.796327,0.326529,-0.507231,-48.4197,-5.11743,-274.888,-0.0114669,0.0213985,0.0302548,30.832,21.6543,51.1061
1759345594968142848,-863.368,785.596,-1560.47,0.0447971,0.796179,0.32612,-0.507679,-48.3459,-4.75699,-274.517,-0.0114675,0.0213939,0.0302557,30.8316,21.6534,51.1046
1759345594978142720,-863.851,785.551,-1563.21,0.0452207,0.796092,0.325741,-0.508021,-48.2723,-4.39566,-274.148,-0.0114682,0.0213893,0.0302565,30.8311,21.6525,51.1032
1759345594988142848,-864.333,785.509,-1565.95,0.0454752,0.796027,0.325447,-0.508289,-48.2006,-4.0339,-273.781,-0.0114689,0.0213847,0.0302574,30.8307,21.6516,51.1017
1759345594998142720,-864.815,785.471,-1568.69,0.0455732,0.795994,0.325182,-0.508501,-48.1299,-3.67199,-273.414,-0.0114696,0.0213801,0.0302582,30.8302,21.6507,51.1003
1759345595008142592,-865.296,785.436,-1571.42,0.0455715,0.796022,0.324926,-0.50862,-48.0606,-3.3102,-273.047,-0.0114703,0.0213755,0.0302591,30.8298,21.6498,51.0989
1759345595018142720,-865.776,785.405,-1574.15,0.0453936,0.795995,0.324761,-0.508784,-47.9931,-2.94939,-272.68,-0.0114709,0.0213709,0.0302599,30.8294,21.6489,51.0975
1759345595028142592,-866.255,785.377,-1576.87,0.0451429,0.796113,0.32457,-0.508743,-47.9254,-2.58901,-272.313,-0.0114716,0.0213663,0.0302608,30.8289,21.648,51.096
1759345595038142720,-866.734,785.353,-1579.59,0.044684,0.79612,0.324488,-0.508826,-47.8569,-2.23147,-271.947,-0.0114723,0.0213618,0.0302616,30.8285,21.6471,51.0946
1759345595048142592,-867.212,785.333,-1582.31,0.0441362,0.796175,0.324458,-0.508807,-47.7877,-1.87535,-271.582,-0.011473,0.0213572,0.0302625,30.828,21.6462,51.0932
1759345595058142720,-867.689,785.316,-1585.03,0.0434792,0.796292,0.324434,-0.508696,-47.7179,-1.52068,-271.217,-0.0114737,0.0213526,0.0302634,30.8276,21.6453,51.0918
1759345595068142592,-868.166,785.303,-1587.74,0.0427039,0.796441,0.324405,-0.508546,-47.648,-1.16638,-270.853,-0.0114744,0.021348,0.0302642,30.8272,21.6444,51.0904
1759345595078142720,-868.642,785.293,-1590.44,0.0418743,0.79667,0.324409,-0.508255,-47.5777,-0.813157,-270.488,-0.0114751,0.0213435,0.0302651,30.8267,21.6435,51.0891
1759345595088142592,-869.117,785.287,-1593.14,0.0410277,0.796873,0.324449,-0.50798,-47.507,-0.461249,-270.124,-0.0114757,0.0213389,0.0302659,30.8263,21.6426,51.0877
1759345595098142720,-869.591,785.285,-1595.84,0.0401482,0.797094,0.324547,-0.507641,-47.4357,-0.109668,-269.76,-0.0114764,0.0213343,0.0302668,30.8259,21.6418,51.0863
1759345595108142592,-870.065,785.285,-1598.54,0.039212,0.797287,0.324613,-0.507368,-47.364,0.240974,-269.395,-0.0114771,0.0213298,0.0302677,30.8254,21.6409,51.0849
1759345595118142720,-870.538,785.29,-1601.23,0.0382778,0.797594,0.324676,-0.506916,-47.291,0.592014,-269.029,-0.0114778,0.0213252,0.0302685,30.825,21.64,51.0836
1759345595128142592,-871.011,785.298,-1603.92,0.0372995,0.797903,0.324795,-0.506427,-47.2172,0.942077,-268.662,-0.0114785,0.0213206,0.0302694,30.8246,21.6391,51.0822
1759345595138142464,-871.482,785.309,-1606.6,0.0363066,0.798212,0.324898,-0.505945,-47.1424,1.29084,-268.295,-0.0114792,0.0213161,0.0302702,30.8241,21.6382,51.0809
1759345595148142592,-871.953,785.324,-1609.28,0.0353039,0.798536,0.324989,-0.505447,-47.0675,1.63838,-267.927,-0.0114799,0.0213115,0.0302711,30.8237,21.6374,51.0795
1759345595158142464,-872.423,785.342,-1611.96,0.0342785,0.79882,0.325111,-0.50499,-46.9919,1.98457,-267.559,-0.0114805,0.021307,0.030272,30.8233,21.6365,51.0782
1759345595168142592,-872.893,785.364,-1614.63,0.0332794,0.799167,0.325236,-0.504427,-46.9154,2.3293,-267.19,-0.0114812,0.0213024,0.0302728,30.8228,21.6356,51.0769
1759345595178142464,-873.361,785.389,-1617.3,0.0322863,0.799533,0.32533,-0.503851,-46.8382,2.67421,-266.821,-0.0114819,0.0212979,0.0302737,30.8224,21.6348,51.0755
1759345595188142592,-873.829,785.418,-1619.97,0.0312742,0.7999,0.32544,-0.50326,-46.7606,3.01819,-266.452,-0.0114826,0.0212933,0.0302746,30.822,21.6339,51.0742
1759345595198142464,-874.296,785.45,-1622.63,0.0303038,0.800346,0.325566,-0.502528,-46.6823,3.36222,-266.081,-0.0114832,0.0212888,0.0302754,30.8216,21.633,51.0729
1759345595208142592,-874.762,785.485,-1625.29,0.0292329,0.80075,0.325678,-0.501876,-46.6036,3.70576,-265.71,-0.0114839,0.0212843,0.0302763,30.8211,21.6322,51.0716
1759345595218142464,-875.228,785.524,-1627.95,0.0282094,0.801221,0.32578,-0.501116,-46.5241,4.04901,-265.337,-0.0114846,0.0212798,0.0302772,30.8207,21.6313,51.0703
1759345595228142592,-875.692,785.567,-1630.6,0.0270352,0.801532,0.325986,-0.500548,-46.4442,4.39132,-264.964,-0.0114853,0.0212752,0.030278,30.8203,21.6305,51.069
1759345595238142464,-876.156,785.613,-1633.24,0.0259016,0.801995,0.326115,-0.499781,-46.3637,4.7323,-264.59,-0.0114859,0.0212707,0.0302789,30.8199,21.6296,51.0677
1759345595248142592,-876.619,785.662,-1635.89,0.024724,0.802442,0.326271,-0.499022,-46.2829,5.07185,-264.216,-0.0114866,0.0212662,0.0302798,30.8194,21.6287,51.0664
1759345595258142464,-877.082,785.714,-1638.53,0.0235285,0.802882,0.326438,-0.498262,-46.2016,5.40985,-263.842,-0.0114873,0.0212617,0.0302806,30.819,21.6279,51.0651
1759345595268142336,-877.543,785.77,-1641.16,0.0222451,0.803278,0.326662,-0.497535,-46.1198,5.7463,-263.467,-0.0114879,0.0212572,0.0302815,30.8186,21.627,51.0639
1759345595278142464,-878.004,785.83,-1643.8,0.0209552,0.803788,0.326805,-0.496673,-46.0367,6.08107,-263.092,-0.0114886,0.0212527,0.0302824,30.8182,21.6262,51.0626
1759345595288142336,-878.463,785.892,-1646.43,0.0196381,0.804259,0.326996,-0.495837,-45.9528,6.41418,-262.717,-0.0114892,0.0212482,0.0302833,30.8178,21.6254,51.0613
1759345595298142464,-878.922,785.958,-1649.05,0.0182794,0.804711,0.327192,-0.495026,-45.8679,6.74566,-262.342,-0.0114899,0.0212437,0.0302841,30.8174,21.6245,51.0601
1759345595308142336,-879.38,786.028,-1651.67,0.0169211,0.805181,0.327389,-0.49418,-45.7815,7.07544,-261.967,-0.0114905,0.0212392,0.030285,30.8169,21.6237,51.0588
1759345595318142464,-879.838,786.1,-1654.29,0.0155267,0.805627,0.327563,-0.493383,-45.6946,7.40345,-261.592,-0.0114912,0.0212348,0.0302859,30.8165,21.6228,51.0576
1759345595328142336,-880.294,786.176,-1656.9,0.0141605,0.806092,0.327752,-0.492538,-45.6073,7.72964,-261.217,-0.0114918,0.0212303,0.0302867,30.8161,21.622,51.0563
1759345595338142464,-880.749,786.255,-1659.51,0.0127803,0.806495,0.327922,-0.491802,-45.5194,8.05347,-260.842,-0.0114925,0.0212258,0.0302876,30.8157,21.6212,51.0551
1759345595348142336,-881.204,786.338,-1662.12,0.0115499,0.807064,0.328032,-0.490825,-45.4311,8.37551,-260.467,-0.0114931,0.0212214,0.0302885,30.8153,21.6203,51.0539
1759345595358142464,-881.658,786.423,-1664.72,0.0101775,0.807406,0.32819,-0.490186,-45.3425,8.69551,-260.091,-0.0114938,0.0212169,0.0302893,30.8149,21.6195,51.0527
1759345595368142336,-882.111,786.512,-1667.32,0.00890692,0.807881,0.328268,-0.489376,-45.2531,9.01365,-259.714,-0.0114944,0.0212125,0.0302902,30.8145,21.6187,51.0514
1759345595378142464,-882.563,786.604,-1669.91,0.00763179,0.808272,0.328381,-0.488676,-45.1631,9.32988,-259.337,-0.0114951,0.021208,0.0302911,30.8141,21.6179,51.0502
1759345595388142336,-883.014,786.699,-1672.51,0.00640825,0.808756,0.32842,-0.487866,-45.0725,9.64451,-258.959,-0.0114957,0.0212036,0.0302919,30.8137,21.6171,51.049
1759345595398142464,-883.464,786.797,-1675.09,0.00516054,0.809146,0.328491,-0.487186,-44.9819,9.95748,-258.58,-0.0114964,0.0211992,0.0302928,30.8133,21.6162,51.0478
1759345595408142336,-883.913,786.898,-1677.68,0.00397825,0.809632,0.328453,-0.486413,-44.8913,10.2686,-258.2,-0.011497,0.0211948,0.0302937,30.8128,21.6154,51.0466
1759345595418142208,-884.361,787.003,-1680.26,0.00277894,0.810079,0.328422,-0.485698,-44.8016,10.5776,-257.819,-0.0114976,0.0211903,0.0302945,30.8124,21.6146,51.0454
1759345595428142336,-884.809,787.11,-1682.83,0.00158587,0.810519,0.328417,-0.484973,-44.712,10.885,-257.438,-0.0114983,0.0211859,0.0302954,30.812,21.6138,51.0442
1759345595438142208,-885.255,787.221,-1685.4,0.000357609,0.81095,0.328379,-0.48428,-44.6233,11.1902,-257.055,-0.0114989,0.0211815,0.0302963,30.8116,21.613,51.043
1759345595448142336,-885.701,787.334,-1687.97,0.000888106,-0.811394,-0.328333,0.483566,-44.5351,11.4936,-256.671,-0.0114995,0.0211771,0.0302971,30.8112,21.6122,51.0419
1759345595458142208,-886.146,787.451,-1690.54,0.00215126,-0.811838,-0.328274,0.482856,-44.4476,11.795,-256.286,-0.0115002,0.0211727,0.030298,30.8108,21.6114,51.0407
1759345595468142336,-886.59,787.571,-1693.1,0.00344947,-0.812294,-0.328234,0.482108,-44.3604,12.0951,-255.9,-0.0115008,0.0211683,0.0302988,30.8105,21.6106,51.0395
1759345595478142208,-887.033,787.693,-1695.65,0.00480258,-0.812735,-0.328186,0.481386,-44.2731,12.3939,-255.513,-0.0115014,0.0211639,0.0302997,30.8101,21.6098,51.0384
1759345595488142336,-887.475,787.819,-1698.21,0.00615417,-0.813181,-0.328132,0.480653,-44.1855,12.6917,-255.125,-0.0115021,0.0211595,0.0303005,30.8097,21.609,51.0372
1759345595498142208,-887.916,787.947,-1700.76,0.00754403,-0.81364,-0.328091,0.479885,-44.0975,12.9882,-254.736,-0.0115027,0.0211552,0.0303014,30.8093,21.6082,51.036
1759345595508142336,-888.357,788.079,-1703.3,0.00899852,-0.814049,-0.328124,0.479142,-44.0094,13.2831,-254.347,-0.0115033,0.0211508,0.0303022,30.8089,21.6074,51.0349
1759345595518142208,-888.796,788.213,-1705.84,0.0104099,-0.814557,-0.328077,0.478282,-43.9215,13.5765,-253.958,-0.0115039,0.0211464,0.0303031,30.8085,21.6067,51.0338
1759345595528142336,-889.235,788.351,-1708.38,0.0118471,-0.815022,-0.328046,0.477477,-43.834,13.8681,-253.568,-0.0115045,0.021142,0.030304,30.8081,21.6059,51.0326
1759345595538142208,-889.672,788.491,-1710.91,0.0132665,-0.815476,-0.32804,0.476668,-43.7468,14.158,-253.177,-0.0115051,0.0211377,0.0303048,30.8077,21.6051,51.0315
1759345595548142080,-890.109,788.634,-1713.44,0.014666,-0.815939,-0.328037,0.475836,-43.6599,14.4464,-252.786,-0.0115058,0.0211333,0.0303057,30.8073,21.6043,51.0304
1759345595558142208,-890.545,788.78,-1715.97,0.0160453,-0.816379,-0.32802,0.475048,-43.5733,14.7334,-252.395,-0.0115064,0.021129,0.0303065,30.8069,21.6035,51.0292
1759345595568142080,-890.981,788.929,-1718.49,0.017377,-0.816815,-0.328003,0.474264,-43.4871,15.0195,-252.002,-0.011507,0.0211246,0.0303073,30.8066,21.6028,51.0281
1759345595578142208,-891.415,789.081,-1721.01,0.0186783,-0.817245,-0.327967,0.473498,-43.401,15.3046,-251.608,-0.0115076,0.0211203,0.0303082,30.8062,21.602,51.027
1759345595588142080,-891.848,789.236,-1723.52,0.0199693,-0.817666,-0.327923,0.472747,-43.315,15.5884,-251.213,-0.0115082,0.0211159,0.030309,30.8058,21.6012,51.0259
1759345595598142208,-892.281,789.393,-1726.03,0.0212149,-0.818147,-0.32784,0.471918,-43.2289,15.8705,-250.817,-0.0115088,0.0211116,0.0303099,30.8054,21.6005,51.0248
1759345595608142080,-892.713,789.553,-1728.54,0.0225205,-0.81852,-0.327845,0.471206,-43.1428,16.1512,-250.42,-0.0115094,0.0211073,0.0303107,30.805,21.5997,51.0237
1759345595618142208,-893.143,789.716,-1731.04,0.0238252,-0.818884,-0.32783,0.47052,-43.0569,16.4307,-250.022,-0.0115099,0.0211029,0.0303116,30.8047,21.599,51.0226
1759345595628142080,-893.573,789.882,-1733.53,0.0250674,-0.819352,-0.327752,0.469694,-42.9709,16.7083,-249.622,-0.0115105,0.0210986,0.0303124,30.8043,21.5982,51.0215
1759345595638142208,-894.003,790.051,-1736.03,0.0263452,-0.819779,-0.327714,0.468905,-42.8849,16.9843,-249.221,-0.0115111,0.0210943,0.0303133,30.8039,21.5975,51.0204
1759345595648142080,-894.431,790.222,-1738.52,0.0276438,-0.820203,-0.327704,0.468096,-42.7985,17.2584,-248.819,-0.0115117,0.02109,0.0303141,30.8035,21.5967,51.0193
1759345595658142208,-894.858,790.396,-1741,0.0290007,-0.820567,-0.327742,0.467347,-42.7113,17.5309,-248.417,-0.0115123,0.0210857,0.0303149,30.8032,21.596,51.0183
1759345595668142080,-895.285,790.573,-1743.49,0.0303749,-0.820973,-0.32774,0.466547,-42.6238,17.8018,-248.013,-0.0115128,0.0210814,0.0303158,30.8028,21.5952,51.0172
1759345595678141952,-895.711,790.752,-1745.96,0.0316974,-0.821564,-0.327657,0.465477,-42.5362,18.072,-247.608,-0.0115134,0.0210771,0.0303166,30.8024,21.5945,51.0161
1759345595688142080,-896.135,790.935,-1748.44,0.0332554,-0.821867,-0.327754,0.464765,-42.4491,18.3411,-247.202,-0.011514,0.0210728,0.0303175,30.802,21.5937,51.0151
1759345595698141952,-896.559,791.12,-1750.91,0.0348075,-0.822218,-0.327877,0.463942,-42.3623,18.6092,-246.795,-0.0115145,0.0210685,0.0303183,30.8017,21.593,51.014
1759345595708142080,-896.982,791.307,-1753.37,0.0363391,-0.822665,-0.327931,0.462994,-42.276,18.8761,-246.388,-0.0115151,0.0210642,0.0303192,30.8013,21.5923,51.013
1759345595718141952,-897.404,791.497,-1755.83,0.0379092,-0.823042,-0.328024,0.462131,-42.1907,19.1412,-245.98,-0.0115156,0.0210599,0.03032,30.8009,21.5915,51.0119
1759345595728142080,-897.826,791.69,-1758.29,0.0394574,-0.823449,-0.328117,0.461208,-42.1066,19.4043,-245.573,-0.0115162,0.0210556,0.0303208,30.8006,21.5908,51.0109
1759345595738141952,-898.246,791.886,-1760.74,0.0410403,-0.823821,-0.328218,0.460335,-42.0238,19.665,-245.165,-0.0115167,0.0210513,0.0303217,30.8002,21.5901,51.0098
1759345595748142080,-898.666,792.084,-1763.19,0.0426529,-0.824145,-0.328372,0.459496,-41.9418,19.9235,-244.757,-0.0115173,0.0210471,0.0303225,30.7998,21.5894,51.0088
1759345595758141952,-899.085,792.284,-1765.64,0.0442602,-0.824472,-0.328473,0.458685,-41.8605,20.1795,-244.349,-0.0115178,0.0210428,0.0303233,30.7995,21.5886,51.0078
1759345595768142080,-899.503,792.488,-1768.08,0.0459091,-0.82469,-0.328649,0.458005,-41.7795,20.4331,-243.94,-0.0115184,0.0210385,0.0303242,30.7991,21.5879,51.0068
1759345595778141952,-899.92,792.693,-1770.52,0.0475434,-0.824931,-0.328815,0.457285,-41.6982,20.684,-243.53,-0.0115189,0.0210343,0.030325,30.7988,21.5872,51.0057
1759345595788142080,-900.337,792.901,-1772.95,0.0491322,-0.825281,-0.328907,0.456418,-41.6168,20.9327,-243.12,-0.0115195,0.02103,0.0303258,30.7984,21.5865,51.0047
1759345595798141952,-900.752,793.112,-1775.38,0.0507218,-0.825588,-0.329017,0.45561,-41.5355,21.1792,-242.709,-0.01152,0.0210258,0.0303267,30.798,21.5858,51.0037
1759345595808141824,-901.167,793.325,-1777.8,0.0522723,-0.82585,-0.329154,0.45486,-41.4541,21.4234,-242.298,-0.0115205,0.0210215,0.0303275,30.7977,21.5851,51.0027
1759345595818141952,-901.581,793.541,-1780.22,0.0537941,-0.826065,-0.329281,0.454199,-41.3732,21.6661,-241.887,-0.0115211,0.0210173,0.0303283,30.7973,21.5844,51.0017
1759345595828141824,-901.994,793.759,-1782.64,0.0552406,-0.82632,-0.329383,0.453487,-41.2925,21.9071,-241.475,-0.0115216,0.021013,0.0303292,30.797,21.5837,51.0007
1759345595838141952,-902.406,793.979,-1785.05,0.0566138,-0.826559,-0.329459,0.452826,-41.2123,22.1471,-241.064,-0.0115221,0.0210088,0.03033,30.7966,21.583,50.9998
1759345595848141824,-902.818,794.202,-1787.46,0.0579152,-0.826776,-0.329503,0.452234,-41.1326,22.3858,-240.653,-0.0115226,0.0210046,0.0303308,30.7962,21.5823,50.9988
1759345595858141952,-903.229,794.427,-1789.86,0.0591175,-0.826936,-0.329569,0.451738,-41.0535,22.6236,-240.241,-0.0115232,0.0210003,0.0303317,30.7959,21.5816,50.9978
1759345595868141824,-903.639,794.655,-1792.26,0.0602334,-0.827122,-0.329557,0.451257,-40.9748,22.86,-239.83,-0.0115237,0.0209961,0.0303325,30.7955,21.5809,50.9968
1759345595878141952,-904.048,794.885,-1794.66,0.0612743,-0.8273,-0.329544,0.4508,-40.8967,23.0951,-239.418,-0.0115242,0.0209919,0.0303333,30.7952,21.5802,50.9959
1759345595888141824,-904.456,795.117,-1797.05,0.0622573,-0.827419,-0.329564,0.450432,-40.8197,23.3292,-239.004,-0.0115247,0.0209877,0.0303341,30.7948,21.5795,50.9949
1759345595898141952,-904.864,795.351,-1799.44,0.0631711,-0.82755,-0.329555,0.450071,-40.7433,23.5622,-238.591,-0.0115252,0.0209835,0.030335,30.7945,21.5788,50.994
1759345595908141824,-905.271,795.588,-1801.82,0.0640345,-0.827743,-0.329448,0.449672,-40.6673,23.7944,-238.177,-0.0115257,0.0209793,0.0303358,30.7941,21.5781,50.993
1759345595918141952,-905.677,795.827,-1804.2,0.0649089,-0.827839,-0.329413,0.449394,-40.5917,24.0254,-237.763,-0.0115262,0.0209751,0.0303366,30.7938,21.5774,50.9921
1759345595928141824,-906.082,796.069,-1806.58,0.0657346,-0.82802,-0.329324,0.449008,-40.5163,24.2556,-237.348,-0.0115268,0.0209709,0.0303374,30.7934,21.5768,50.9911
1759345595938141696,-906.487,796.313,-1808.95,0.0665633,-0.828126,-0.329279,0.448724,-40.4413,24.4856,-236.934,-0.0115273,0.0209667,0.0303383,30.7931,21.5761,50.9902
1759345595948141824,-906.891,796.559,-1811.32,0.0673268,-0.828288,-0.32918,0.448382,-40.366,24.7156,-236.518,-0.0115278,0.0209625,0.0303391,30.7927,21.5754,50.9893
1759345595958141696,-907.294,796.807,-1813.68,0.0680753,-0.828418,-0.329081,0.448101,-40.2906,24.9457,-236.103,-0.0115283,0.0209583,0.0303399,30.7924,21.5747,50.9883
1759345595968141824,-907.696,797.058,-1816.04,0.0687568,-0.828553,-0.328985,0.447818,-40.2149,25.1761,-235.687,-0.0115288,0.0209542,0.0303407,30.792,21.5741,50.9874
1759345595978141696,-908.098,797.311,-1818.39,0.069423,-0.828651,-0.328908,0.447592,-40.1393,25.4065,-235.271,-0.0115293,0.02095,0.0303415,30.7917,21.5734,50.9865
1759345595988141824,-908.499,797.566,-1820.74,0.0700707,-0.828771,-0.328819,0.447333,-40.0637,25.6365,-234.855,-0.0115298,0.0209458,0.0303424,30.7913,21.5727,50.9856
1759345595998141696,-908.899,797.824,-1823.09,0.0707189,-0.828938,-0.328714,0.446998,-39.9881,25.8656,-234.439,-0.0115303,0.0209416,0.0303432,30.791,21.5721,50.9847
1759345596008141824,-909.298,798.084,-1825.43,0.0714141,-0.829075,-0.328624,0.4467,-39.9128,26.0937,-234.022,-0.0115307,0.0209375,0.030344,30.7907,21.5714,50.9838
1759345596018141696,-909.697,798.346,-1827.77,0.0721769,-0.829169,-0.328566,0.446445,-39.838,26.3202,-233.604,-0.0115312,0.0209333,0.0303448,30.7903,21.5707,50.9829
1759345596028141824,-910.095,798.61,-1830.1,0.0729458,-0.82935,-0.328479,0.446049,-39.7633,26.5448,-233.185,-0.0115317,0.0209292,0.0303456,30.79,21.5701,50.982
1759345596038141696,-910.492,798.877,-1832.43,0.0737989,-0.829515,-0.328415,0.445648,-39.6886,26.7679,-232.766,-0.0115322,0.020925,0.0303464,30.7896,21.5694,50.9812
1759345596048141824,-910.888,799.146,-1834.75,0.0747377,-0.829673,-0.328365,0.445234,-39.6133,26.9894,-232.346,-0.0115327,0.0209209,0.0303473,30.7893,21.5688,50.9803
1759345596058141696,-911.284,799.417,-1837.08,0.0757472,-0.829832,-0.328358,0.444773,-39.5372,27.2096,-231.925,-0.0115331,0.0209167,0.0303481,30.7889,21.5681,50.9794
1759345596068141824,-911.679,799.69,-1839.39,0.076832,-0.829973,-0.328384,0.444303,-39.4608,27.4286,-231.504,-0.0115336,0.0209126,0.0303489,30.7886,21.5675,50.9785
1759345596078141696,-912.073,799.966,-1841.7,0.0779541,-0.830181,-0.328377,0.443725,-39.3832,27.646,-231.083,-0.0115341,0.0209085,0.0303497,30.7883,21.5668,50.9777
1759345596088141568,-912.466,800.243,-1844.01,0.0791456,-0.830302,-0.328482,0.443209,-39.3052,27.862,-230.662,-0.0115346,0.0209043,0.0303505,30.7879,21.5662,50.9768
1759345596098141696,-912.858,800.523,-1846.32,0.0803424,-0.830528,-0.328521,0.44254,-39.2267,28.0763,-230.24,-0.011535,0.0209002,0.0303513,30.7876,21.5655,50.976
1759345596108141568,-913.25,800.805,-1848.62,0.0815939,-0.830716,-0.328598,0.441901,-39.148,28.2886,-229.819,-0.0115355,0.0208961,0.0303521,30.7872,21.5649,50.9751
1759345596118141696,-913.641,801.089,-1850.91,0.0829187,-0.830802,-0.328767,0.441367,-39.0689,28.4989,-229.397,-0.0115359,0.0208919,0.0303529,30.7869,21.5643,50.9743
1759345596128141568,-914.031,801.375,-1853.2,0.0841734,-0.831012,-0.328879,0.440651,-38.989,28.7065,-228.975,-0.0115364,0.0208878,0.0303537,30.7866,21.5636,50.9735
1759345596138141696,-914.421,801.663,-1855.49,0.085479,-0.831179,-0.329005,0.439989,-38.9091,28.912,-228.554,-0.0115368,0.0208837,0.0303545,30.7862,21.563,50.9726
1759345596148141568,-914.809,801.953,-1857.77,0.0867654,-0.83131,-0.329149,0.439382,-38.8292,29.1156,-228.133,-0.0115373,0.0208796,0.0303553,30.7859,21.5624,50.9718
1759345596158141696,-915.197,802.246,-1860.05,0.0880044,-0.831417,-0.329304,0.438816,-38.7498,29.318,-227.711,-0.0115377,0.0208755,0.0303561,30.7856,21.5617,50.971
1759345596168141568,-915.584,802.54,-1862.33,0.0891804,-0.831545,-0.329424,0.438245,-38.6707,29.5192,-227.289,-0.0115382,0.0208714,0.0303569,30.7852,21.5611,50.9702
1759345596178141696,-915.97,802.836,-1864.6,0.0902986,-0.831703,-0.329517,0.437647,-38.5923,29.7196,-226.866,-0.0115386,0.0208673,0.0303577,30.7849,21.5605,50.9694
1759345596188141568,-916.355,803.135,-1866.86,0.0913496,-0.831802,-0.329626,0.437159,-38.5144,29.9194,-226.442,-0.0115391,0.0208631,0.0303585,30.7846,21.5599,50.9686
1759345596198141696,-916.74,803.435,-1869.13,0.0923156,-0.831899,-0.329723,0.436696,-38.4361,30.1184,-226.018,-0.0115395,0.0208591,0.0303592,30.7843,21.5592,50.9678
1759345596208141568,-917.124,803.737,-1871.38,0.0932465,-0.831983,-0.329821,0.436266,-38.3568,30.3163,-225.593,-0.01154,0.020855,0.03036,30.7839,21.5586,50.967
1759345596218141440,-917.507,804.041,-1873.64,0.0941286,-0.83204,-0.329934,0.435883,-38.2773,30.5132,-225.169,-0.0115404,0.0208509,0.0303608,30.7836,21.558,50.9662
1759345596228141568,-917.889,804.347,-1875.89,0.0949802,-0.832152,-0.330022,0.435417,-38.1975,30.7093,-224.743,-0.0115408,0.0208468,0.0303616,30.7833,21.5574,50.9654
1759345596238141440,-918.27,804.655,-1878.13,0.0958506,-0.83226,-0.330139,0.434931,-38.118,30.9043,-224.317,-0.0115412,0.0208427,0.0303624,30.7829,21.5568,50.9646
1759345596248141568,-918.651,804.966,-1880.37,0.0968181,-0.832286,-0.330304,0.434541,-38.0383,31.0979,-223.891,-0.0115417,0.0208386,0.0303631,30.7826,21.5562,50.9638
1759345596258141440,-919.031,805.278,-1882.61,0.097835,-0.832378,-0.330478,0.434004,-37.9583,31.2894,-223.463,-0.0115421,0.0208345,0.0303639,30.7823,21.5556,50.9631
1759345596268141568,-919.41,805.591,-1884.84,0.0989526,-0.832439,-0.330682,0.433478,-37.877,31.479,-223.035,-0.0115425,0.0208305,0.0303647,30.782,21.555,50.9623
1759345596278141440,-919.788,805.907,-1887.07,0.10016,-0.832479,-0.330936,0.43293,-37.7948,31.6671,-222.606,-0.0115429,0.0208264,0.0303655,30.7816,21.5544,50.9616
1759345596288141568,-920.166,806.225,-1889.29,0.101339,-0.832713,-0.331161,0.432031,-37.7114,31.8538,-222.175,-0.0115433,0.0208223,0.0303662,30.7813,21.5538,50.9608
1759345596298141440,-920.542,806.544,-1891.51,0.102815,-0.832709,-0.331511,0.431423,-37.6274,32.0392,-221.743,-0.0115437,0.0208183,0.030367,30.781,21.5532,50.9601
1759345596308141568,-920.918,806.866,-1893.73,0.104335,-0.832762,-0.3319,0.430655,-37.5427,32.2227,-221.311,-0.0115441,0.0208142,0.0303678,30.7807,21.5526,50.9593
1759345596318141440,-921.293,807.189,-1895.94,0.105994,-0.832825,-0.332184,0.429909,-37.458,32.4036,-220.878,-0.0115445,0.0208101,0.0303685,30.7804,21.552,50.9586
1759345596328141568,-921.667,807.514,-1898.14,0.107748,-0.832847,-0.332578,0.429125,-37.3727,32.5822,-220.445,-0.0115449,0.0208061,0.0303693,30.7801,21.5514,50.9578
1759345596338141440,-922.04,807.841,-1900.34,0.109476,-0.832919,-0.333047,0.428182,-37.2871,32.7578,-220.013,-0.0115453,0.020802,0.03037,30.7797,21.5508,50.9571
1759345596348141312,-922.412,808.169,-1902.54,0.111265,-0.832961,-0.333562,0.427239,-37.2019,32.9307,-219.581,-0.0115457,0.020798,0.0303708,30.7794,21.5502,50.9564
1759345596358141440,-922.784,808.499,-1904.74,0.113094,-0.832942,-0.334151,0.426334,-37.1168,33.1012,-219.149,-0.0115461,0.020794,0.0303716,30.7791,21.5496,50.9557
1759345596368141312,-923.154,808.831,-1906.92,0.114954,-0.832924,-0.334723,0.425421,-37.0317,33.2696,-218.717,-0.0115465,0.0207899,0.0303723,30.7788,21.549,50.9549
1759345596378141440,-923.524,809.165,-1909.11,0.116812,-0.832898,-0.335311,0.424503,-36.946,33.4368,-218.285,-0.0115469,0.0207859,0.030373,30.7785,21.5485,50.9542
1759345596388141312,-923.893,809.5,-1911.29,0.118594,-0.832881,-0.335911,0.423566,-36.8599,33.6022,-217.853,-0.0115473,0.0207818,0.0303738,30.7782,21.5479,50.9535
1759345596398141440,-924.261,809.837,-1913.47,0.120395,-0.832816,-0.336551,0.422677,-36.7732,33.7664,-217.422,-0.0115476,0.0207778,0.0303745,30.7779,21.5473,50.9528
1759345596408141312,-924.628,810.175,-1915.64,0.12223,-0.832693,-0.337159,0.421908,-36.6862,33.9284,-216.99,-0.011548,0.0207738,0.0303753,30.7776,21.5467,50.9521
1759345596418141440,-924.995,810.515,-1917.8,0.123961,-0.832614,-0.337774,0.421066,-36.5983,34.0892,-216.558,-0.0115484,0.0207698,0.030376,30.7773,21.5462,50.9514
1759345596428141312,-925.36,810.857,-1919.97,0.125633,-0.832523,-0.338452,0.420206,-36.5104,34.2482,-216.127,-0.0115487,0.0207657,0.0303767,30.7769,21.5456,50.9507
1759345596438141440,-925.725,811.2,-1922.13,0.127324,-0.832392,-0.339078,0.41945,-36.4227,34.4055,-215.696,-0.0115491,0.0207617,0.0303775,30.7766,21.545,50.95
1759345596448141312,-926.088,811.545,-1924.28,0.128945,-0.832282,-0.339717,0.418654,-36.3352,34.5613,-215.265,-0.0115495,0.0207577,0.0303782,30.7763,21.5445,50.9494
1759345596458141440,-926.451,811.892,-1926.43,0.130518,-0.832146,-0.340352,0.417923,-36.2483,34.7156,-214.834,-0.0115498,0.0207537,0.0303789,30.776,21.5439,50.9487
1759345596468141312,-926.813,812.24,-1928.58,0.132066,-0.832014,-0.340997,0.417171,-36.1617,34.8682,-214.403,-0.0115502,0.0207497,0.0303797,30.7757,21.5433,50.948
1759345596478141184,-927.174,812.589,-1930.72,0.133591,-0.831888,-0.341648,0.416404,-36.0757,35.0188,-213.971,-0.0115505,0.0207457,0.0303804,30.7754,21.5428,50.9473
1759345596488141312,-927.534,812.94,-1932.85,0.135207,-0.831717,-0.342274,0.41571,-35.9897,35.167,-213.539,-0.0115509,0.0207417,0.0303811,30.7751,21.5422,50.9467
1759345596498141184,-927.894,813.292,-1934.99,0.136837,-0.831583,-0.342897,0.414931,-35.9036,35.3119,-213.106,-0.0115512,0.0207377,0.0303818,30.7749,21.5417,50.946
1759345596508141312,-928.252,813.646,-1937.12,0.138559,-0.83145,-0.343546,0.414087,-35.8174,35.4535,-212.671,-0.0115516,0.0207337,0.0303825,30.7746,21.5411,50.9454
1759345596518141184,-928.61,814.002,-1939.24,0.14041,-0.831285,-0.344207,0.413246,-35.7312,35.5922,-212.235,-0.0115519,0.0207297,0.0303832,30.7743,21.5406,50.9447
1759345596528141312,-928.967,814.358,-1941.36,0.142291,-0.831174,-0.344874,0.412268,-35.645,35.728,-211.799,-0.0115523,0.0207257,0.0303839,30.774,21.54,50.944
1759345596538141184,-929.323,814.716,-1943.48,0.144347,-0.830994,-0.345529,0.411367,-35.5588,35.861,-211.362,-0.0115526,0.0207218,0.0303846,30.7737,21.5395,50.9434
1759345596548141312,-929.678,815.075,-1945.59,0.146408,-0.830831,-0.346241,0.410368,-35.4727,35.991,-210.926,-0.0115529,0.0207178,0.0303853,30.7734,21.539,50.9428
1759345596558141184,-930.032,815.436,-1947.69,0.148446,-0.830693,-0.346965,0.409302,-35.3869,36.1181,-210.489,-0.0115533,0.0207138,0.030386,30.7731,21.5384,50.9421
1759345596568141312,-930.385,815.798,-1949.8,0.150524,-0.830589,-0.347614,0.408202,-35.3015,36.2424,-210.052,-0.0115536,0.0207098,0.0303867,30.7728,21.5379,50.9415
1759345596578141184,-930.738,816.161,-1951.89,0.152661,-0.830405,-0.348387,0.407122,-35.2167,36.3637,-209.614,-0.0115539,0.0207058,0.0303874,30.7725,21.5373,50.9409
1759345596588141312,-931.089,816.525,-1953.99,0.154925,-0.830148,-0.349166,0.406123,-35.1321,36.4818,-209.176,-0.0115543,0.0207019,0.0303881,30.7722,21.5368,50.9402
1759345596598141184,-931.44,816.89,-1956.08,0.157178,-0.829959,-0.349945,0.40497,-35.0476,36.5967,-208.737,-0.0115546,0.0206979,0.0303887,30.772,21.5363,50.9396
1759345596608141056,-931.79,817.257,-1958.16,0.159513,-0.829731,-0.350758,0.40382,-34.9626,36.7082,-208.296,-0.0115549,0.0206939,0.0303894,30.7717,21.5358,50.939
1759345596618141184,-932.139,817.624,-1960.24,0.16195,-0.829498,-0.351559,0.402632,-34.8782,36.8164,-207.854,-0.0115552,0.02069,0.0303901,30.7714,21.5352,50.9384
1759345596628141056,-932.487,817.993,-1962.32,0.164476,-0.829237,-0.352357,0.401445,-34.7942,36.9214,-207.412,-0.0115555,0.020686,0.0303907,30.7711,21.5347,50.9378
1759345596638141184,-932.835,818.363,-1964.39,0.166972,-0.828978,-0.353235,0.400176,-34.7106,37.0235,-206.969,-0.0115558,0.020682,0.0303914,30.7708,21.5342,50.9372
1759345596648141056,-933.181,818.733,-1966.46,0.169537,-0.828697,-0.354085,0.398926,-34.6276,37.1222,-206.526,-0.0115561,0.0206781,0.030392,30.7705,21.5337,50.9366
1759345596658141184,-933.527,819.105,-1968.52,0.172118,-0.828403,-0.354911,0.397695,-34.5457,37.2177,-206.083,-0.0115564,0.0206741,0.0303927,30.7703,21.5332,50.936
1759345596668141056,-933.872,819.478,-1970.58,0.174627,-0.828104,-0.355841,0.396391,-34.4648,37.3104,-205.641,-0.0115567,0.0206702,0.0303933,30.77,21.5326,50.9354
1759345596678141184,-934.216,819.851,-1972.63,0.177223,-0.827755,-0.356734,0.395163,-34.3847,37.3997,-205.199,-0.011557,0.0206662,0.0303939,30.7697,21.5321,50.9348
1759345596688141056,-934.56,820.226,-1974.68,0.17985,-0.827383,-0.35759,0.39398,-34.305,37.4856,-204.757,-0.0115573,0.0206623,0.0303946,30.7694,21.5316,50.9342
1759345596698141184,-934.902,820.601,-1976.73,0.182375,-0.827051,-0.358579,0.392614,-34.2253,37.5683,-204.316,-0.0115576,0.0206583,0.0303952,30.7692,21.5311,50.9337
1759345596708141056,-935.244,820.977,-1978.77,0.184983,-0.826834,-0.359231,0.391254,-34.1457,37.6478,-203.875,-0.0115579,0.0206544,0.0303958,30.7689,21.5306,50.9331
1759345596718141184,-935.585,821.354,-1980.8,0.187409,-0.826535,-0.360318,0.389729,-34.066,37.7242,-203.434,-0.0115582,0.0206504,0.0303964,30.7686,21.5301,50.9325
1759345596728141056,-935.925,821.731,-1982.83,0.190074,-0.826093,-0.361197,0.388561,-33.987,37.797,-202.993,-0.0115585,0.0206465,0.030397,30.7683,21.5296,50.932
1759345596738141184,-936.264,822.11,-1984.86,0.192686,-0.825661,-0.362101,0.387348,-33.9085,37.8661,-202.552,-0.0115588,0.0206426,0.0303976,30.7681,21.5291,50.9314
1759345596748141056,-936.603,822.488,-1986.88,0.195271,-0.825218,-0.363068,0.38609,-33.8313,37.9323,-202.112,-0.0115591,0.0206386,0.0303982,30.7678,21.5286,50.9308
1759345596758140928,-936.941,822.868,-1988.9,0.197876,-0.824749,-0.363994,0.384893,-33.7557,37.9955,-201.671,-0.0115594,0.0206347,0.0303988,30.7675,21.5281,50.9303
1759345596768141056,-937.278,823.248,-1990.92,0.200404,-0.824293,-0.364947,0.383658,-33.6829,38.0565,-201.229,-0.0115596,0.0206308,0.0303994,30.7673,21.5276,50.9297
1759345596778140928,-937.614,823.629,-1992.93,0.202948,-0.823798,-0.365833,0.382538,-33.6121,38.1133,-200.789,-0.0115599,0.0206268,0.0304,30.767,21.5271,50.9292
1759345596788141056,-937.95,824.01,-1994.93,0.205465,-0.823312,-0.366687,0.381422,-33.542,38.1661,-200.349,-0.0115602,0.0206229,0.0304006,30.7667,21.5266,50.9287
1759345596798140928,-938.285,824.392,-1996.93,0.207832,-0.822843,-0.367648,0.380225,-33.4721,38.2139,-199.912,-0.0115605,0.020619,0.0304011,30.7665,21.5261,50.9281
1759345596808141056,-938.619,824.775,-1998.93,0.210274,-0.822341,-0.368426,0.379214,-33.4025,38.2578,-199.476,-0.0115608,0.0206151,0.0304017,30.7662,21.5256,50.9276
1759345596818140928,-938.952,825.157,-2000.92,0.212583,-0.82188,-0.369256,0.378116,-33.3326,38.2966,-199.042,-0.0115611,0.0206111,0.0304022,30.7659,21.5251,50.9271
1759345596828141056,-939.285,825.54,-2002.91,0.214981,-0.821296,-0.36997,0.377331,-33.2634,38.332,-198.607,-0.0115614,0.0206072,0.0304028,30.7657,21.5247,50.9265
1759345596838140928,-939.617,825.924,-2004.89,0.217188,-0.820796,-0.370795,0.376344,-33.1943,38.3643,-198.173,-0.0115617,0.0206033,0.0304033,30.7654,21.5242,50.926
1759345596848141056,-939.949,826.307,-2006.87,0.219255,-0.820311,-0.371626,0.375381,-33.1261,38.394,-197.739,-0.0115619,0.0205994,0.0304039,30.7651,21.5237,50.9255
1759345596858140928,-940.28,826.691,-2008.85,0.221155,-0.819908,-0.372451,0.374327,-33.0579,38.4212,-197.305,-0.0115622,0.0205955,0.0304044,30.7649,21.5232,50.925
1759345596868141056,-940.61,827.076,-2010.82,0.222988,-0.819445,-0.373257,0.37345,-32.9897,38.4456,-196.872,-0.0115625,0.0205916,0.0304049,30.7646,21.5227,50.9245
1759345596878140928,-940.939,827.46,-2012.78,0.224655,-0.819017,-0.374124,0.372523,-32.9209,38.4669,-196.439,-0.0115628,0.0205877,0.0304055,30.7643,21.5223,50.924
1759345596888140800,-941.268,827.845,-2014.75,0.226304,-0.818558,-0.374896,0.371757,-32.8521,38.4857,-196.006,-0.0115631,0.0205838,0.030406,30.7641,21.5218,50.9235
1759345596898140928,-941.596,828.23,-2016.7,0.227844,-0.818128,-0.375664,0.370986,-32.783,38.5019,-195.573,-0.0115633,0.0205799,0.0304065,30.7638,21.5213,50.923
1759345596908140800,-941.923,828.615,-2018.66,0.229271,-0.817746,-0.376481,0.370118,-32.7142,38.5157,-195.138,-0.0115636,0.020576,0.030407,30.7636,21.5208,50.9225
1759345596918140928,-942.25,829,-2020.61,0.230653,-0.817358,-0.377234,0.369351,-32.6454,38.527,-194.703,-0.0115639,0.0205721,0.0304075,30.7633,21.5204,50.922
1759345596928140800,-942.576,829.385,-2022.55,0.231978,-0.816953,-0.378052,0.36858,-32.576,38.5355,-194.267,-0.0115642,0.0205682,0.030408,30.763,21.5199,50.9215
1759345596938140928,-942.901,829.77,-2024.49,0.233255,-0.816557,-0.378825,0.367856,-32.5059,38.5422,-193.832,-0.0115645,0.0205643,0.0304085,30.7628,21.5194,50.9211
1759345596948140800,-943.226,830.156,-2026.43,0.234424,-0.816201,-0.379673,0.367028,-32.4353,38.5473,-193.397,-0.0115647,0.0205604,0.030409,30.7625,21.519,50.9206
1759345596958140928,-943.55,830.541,-2028.36,0.235545,-0.815837,-0.38056,0.366199,-32.3641,38.5516,-192.96,-0.011565,0.0205565,0.0304095,30.7623,21.5185,50.9201
1759345596968140800,-943.873,830.927,-2030.28,0.236674,-0.815435,-0.381444,0.365446,-32.2931,38.5543,-192.524,-0.0115653,0.0205526,0.0304099,30.762,21.518,50.9196
1759345596978140928,-944.196,831.312,-2032.21,0.237701,-0.815111,-0.382261,0.364648,-32.222,38.5562,-192.088,-0.0115656,0.0205487,0.0304104,30.7617,21.5176,50.9192
1759345596988140800,-944.517,831.698,-2034.13,0.238712,-0.814702,-0.383146,0.363973,-32.1512,38.557,-191.652,-0.0115658,0.0205448,0.0304109,30.7615,21.5171,50.9187
1759345596998140928,-944.838,832.083,-2036.04,0.239686,-0.814346,-0.38397,0.36326,-32.0805,38.5567,-191.216,-0.0115661,0.0205409,0.0304114,30.7612,21.5167,50.9183
1759345597008140800,-945.159,832.469,-2037.95,0.240592,-0.813978,-0.38488,0.362523,-32.0101,38.5555,-190.781,-0.0115664,0.0205371,0.0304118,30.761,21.5162,50.9178
1759345597018140672,-945.478,832.854,-2039.85,0.241501,-0.813574,-0.385705,0.361947,-31.9399,38.553,-190.346,-0.0115667,0.0205332,0.0304123,30.7607,21.5157,50.9174
1759345597028140800,-945.797,833.239,-2041.76,0.242321,-0.813171,-0.386631,0.361316,-31.8698,38.5491,-189.912,-0.011567,0.0205293,0.0304128,30.7605,21.5153,50.9169
1759345597038140672,-946.116,833.625,-2043.65,0.243066,-0.812832,-0.387557,0.360587,-31.7996,38.5434,-189.479,-0.0115672,0.0205254,0.0304132,30.7602,21.5148,50.9165
1759345597048140800,-946.433,834.01,-2045.54,0.24386,-0.812433,-0.388408,0.360033,-31.7293,38.5363,-189.045,-0.0115675,0.0205216,0.0304137,30.7599,21.5144,50.916
1759345597058140672,-946.75,834.395,-2047.43,0.244607,-0.812044,-0.389289,0.359452,-31.6581,38.5274,-188.612,-0.0115678,0.0205177,0.0304141,30.7597,21.5139,50.9156
1759345597068140800,-947.066,834.78,-2049.32,0.245343,-0.811684,-0.390157,0.358821,-31.5862,38.5171,-188.179,-0.0115681,0.0205139,0.0304146,30.7594,21.5135,50.9152
1759345597078140672,-947.381,835.165,-2051.19,0.246064,-0.81132,-0.391038,0.358192,-31.5138,38.5055,-187.745,-0.0115684,0.02051,0.030415,30.7592,21.5131,50.9147
1759345597088140800,-947.696,835.55,-2053.07,0.246766,-0.810907,-0.392027,0.357563,-31.4409,38.4926,-187.311,-0.0115686,0.0205061,0.0304154,30.7589,21.5126,50.9143
1759345597098140672,-948.01,835.935,-2054.94,0.247556,-0.810511,-0.392818,0.357045,-31.3676,38.4782,-186.877,-0.0115689,0.0205023,0.0304159,30.7587,21.5122,50.9139
1759345597108140800,-948.323,836.32,-2056.81,0.248243,-0.810162,-0.393721,0.356366,-31.2939,38.4624,-186.444,-0.0115692,0.0204984,0.0304163,30.7584,21.5117,50.9135
1759345597118140672,-948.636,836.704,-2058.67,0.248897,-0.809785,-0.394695,0.355688,-31.2202,38.4449,-186.013,-0.0115695,0.0204946,0.0304167,30.7582,21.5113,50.9131
1759345597128140800,-948.947,837.088,-2060.53,0.249564,-0.809406,-0.395564,0.355118,-31.1464,38.4259,-185.582,-0.0115698,0.0204908,0.0304172,30.7579,21.5109,50.9127
1759345597138140672,-949.259,837.472,-2062.38,0.250201,-0.808977,-0.396466,0.354642,-31.0729,38.4052,-185.154,-0.0115701,0.0204869,0.0304176,30.7577,21.5104,50.9123
1759345597148140544,-949.569,837.856,-2064.23,0.250695,-0.808235,-0.397936,0.354338,-30.9993,38.3832,-184.727,-0.0115704,0.0204831,0.030418,30.7574,21.51,50.9119
1759345597158140672,-949.878,838.24,-2066.07,0.251157,-0.807841,-0.398822,0.353913,-30.925,38.3599,-184.3,-0.0115707,0.0204792,0.0304184,30.7572,21.5096,50.9115
1759345597168140544,-950.187,838.623,-2067.91,0.251546,-0.807465,-0.399678,0.353528,-30.8498,38.3357,-183.874,-0.011571,0.0204754,0.0304188,30.757,21.5091,50.9111
1759345597178140672,-950.495,839.006,-2069.75,0.252063,-0.807238,-0.400057,0.353251,-30.7736,38.3111,-183.448,-0.0115713,0.0204716,0.0304192,30.7567,21.5087,50.9107
1759345597188140544,-950.802,839.389,-2071.58,0.252338,-0.807005,-0.400752,0.352796,-30.6965,38.2862,-183.021,-0.0115716,0.0204677,0.0304196,30.7565,21.5083,50.9103
1759345597198140672,-951.109,839.772,-2073.41,0.252594,-0.80668,-0.401556,0.352444,-30.6187,38.262,-182.594,-0.0115719,0.0204639,0.03042,30.7562,21.5078,50.9099
1759345597208140544,-951.415,840.154,-2075.23,0.252767,-0.806353,-0.402393,0.352113,-30.541,38.2372,-182.167,-0.0115722,0.0204601,0.0304204,30.756,21.5074,50.9096
1759345597218140672,-951.72,840.536,-2077.05,0.252891,-0.80602,-0.403265,0.351789,-30.4636,38.2125,-181.741,-0.0115725,0.0204563,0.0304208,30.7557,21.507,50.9092
1759345597228140544,-952.024,840.918,-2078.87,0.253002,-0.805715,-0.404042,0.351517,-30.3875,38.1867,-181.315,-0.0115728,0.0204525,0.0304212,30.7555,21.5066,50.9088
1759345597238140672,-952.327,841.3,-2080.68,0.253079,-0.805399,-0.404798,0.351314,-30.3126,38.1602,-180.89,-0.0115732,0.0204487,0.0304215,30.7553,21.5062,50.9084
1759345597248140544,-952.63,841.681,-2082.48,0.253135,-0.805086,-0.405523,0.351154,-30.2398,38.1328,-180.467,-0.0115735,0.0204448,0.0304219,30.755,21.5057,50.9081
1759345597258140672,-952.932,842.062,-2084.29,0.253162,-0.804778,-0.406214,0.351044,-30.1687,38.1041,-180.043,-0.0115738,0.020441,0.0304223,30.7548,21.5053,50.9077
1759345597268140544,-953.233,842.443,-2086.08,0.25311,-0.804499,-0.406897,0.350928,-30.0982,38.0744,-179.621,-0.0115741,0.0204372,0.0304227,30.7545,21.5049,50.9074
1759345597278140672,-953.534,842.823,-2087.88,0.252977,-0.804229,-0.407656,0.350763,-30.028,38.0432,-179.198,-0.0115745,0.0204334,0.030423,30.7543,21.5045,50.907
1759345597288140544,-953.833,843.204,-2089.67,0.252956,-0.803927,-0.408311,0.35071,-29.9575,38.0114,-178.775,-0.0115748,0.0204296,0.0304234,30.7541,21.5041,50.9067
1759345597298140416,-954.133,843.583,-2091.45,0.25291,-0.803663,-0.408989,0.350557,-29.8851,37.978,-178.352,-0.0115751,0.0204258,0.0304238,30.7538,21.5037,50.9063
1759345597308140544,-954.431,843.963,-2093.23,0.252886,-0.803404,-0.409665,0.350379,-29.8106,37.944,-177.929,-0.0115754,0.020422,0.0304241,30.7536,21.5033,50.906
1759345597318140416,-954.729,844.342,-2095.01,0.25296,-0.803173,-0.410179,0.350254,-29.735,37.9095,-177.505,-0.0115758,0.0204182,0.0304245,30.7534,21.5029,50.9056
1759345597328140544,-955.026,844.721,-2096.78,0.252949,-0.802942,-0.410877,0.349971,-29.6578,37.8745,-177.082,-0.0115761,0.0204144,0.0304248,30.7531,21.5025,50.9053
1759345597338140416,-955.322,845.099,-2098.55,0.25307,-0.802624,-0.411562,0.349809,-29.5815,37.8392,-176.656,-0.0115764,0.0204106,0.0304252,30.7529,21.5021,50.905
1759345597348140544,-955.617,845.477,-2100.32,0.253095,-0.8024,-0.412316,0.349417,-29.5062,37.8037,-176.23,-0.0115768,0.0204068,0.0304255,30.7527,21.5017,50.9046
1759345597358140416,-955.912,845.855,-2102.08,0.253277,-0.802075,-0.413019,0.349203,-29.4334,37.768,-175.804,-0.0115771,0.020403,0.0304259,30.7525,21.5013,50.9043
1759345597368140544,-956.205,846.232,-2103.83,0.253319,-0.80179,-0.413874,0.348814,-29.3615,37.732,-175.377,-0.0115775,0.0203992,0.0304262,30.7522,21.5009,50.904
1759345597378140416,-956.499,846.61,-2105.58,0.253545,-0.801473,-0.414504,0.348629,-29.2922,37.6964,-174.95,-0.0115778,0.0203954,0.0304265,30.752,21.5005,50.9037
1759345597388140544,-956.791,846.986,-2107.33,0.253725,-0.801131,-0.415239,0.34841,-29.2241,37.6604,-174.524,-0.0115781,0.0203916,0.0304269,30.7518,21.5001,50.9033
1759345597398140416,-957.083,847.362,-2109.07,0.253883,-0.800782,-0.415994,0.348194,-29.1565,37.6241,-174.097,-0.0115785,0.0203878,0.0304272,30.7516,21.4997,50.903
1759345597408140544,-957.374,847.738,-2110.81,0.253973,-0.800503,-0.416767,0.347848,-29.0891,37.5877,-173.672,-0.0115788,0.020384,0.0304275,30.7513,21.4993,50.9027
1759345597418140416,-957.665,848.114,-2112.55,0.254167,-0.800131,-0.417493,0.34769,-29.022,37.5519,-173.247,-0.0115792,0.0203802,0.0304279,30.7511,21.4989,50.9024
1759345597428140288,-957.954,848.489,-2114.28,0.254261,-0.799776,-0.418308,0.34746,-28.955,37.5163,-172.82,-0.0115795,0.0203764,0.0304282,30.7509,21.4985,50.9021
1759345597438140416,-958.243,848.864,-2116,0.254346,-0.799409,-0.419146,0.347231,-28.888,37.4813,-172.393,-0.0115798,0.0203726,0.0304285,30.7507,21.4981,50.9018
1759345597448140288,-958.532,849.239,-2117.72,0.254494,-0.799032,-0.419892,0.34709,-28.8212,37.446,-171.966,-0.0115802,0.0203688,0.0304288,30.7505,21.4978,50.9015
1759345597458140416,-958.82,849.613,-2119.44,0.254651,-0.798701,-0.420575,0.34691,-28.754,37.4108,-171.538,-0.0115805,0.020365,0.0304292,30.7502,21.4974,50.9012
1759345597468140288,-959.107,849.987,-2121.15,0.254745,-0.798346,-0.421389,0.346669,-28.6878,37.3757,-171.11,-0.0115809,0.0203612,0.0304295,30.75,21.497,50.901
1759345597478140416,-959.393,850.36,-2122.86,0.254873,-0.797984,-0.42206,0.346593,-28.6224,37.3406,-170.683,-0.0115812,0.0203574,0.0304298,30.7498,21.4966,50.9007
1759345597488140288,-959.679,850.733,-2124.57,0.25488,-0.797626,-0.422866,0.346429,-28.5584,37.3055,-170.256,-0.0115816,0.0203536,0.0304301,30.7496,21.4962,50.9004
1759345597498140416,-959.964,851.106,-2126.27,0.254921,-0.797267,-0.423678,0.346232,-28.4958,37.2695,-169.83,-0.0115819,0.0203498,0.0304304,30.7494,21.4959,50.9001
1759345597508140288,-960.249,851.478,-2127.96,0.255103,-0.796906,-0.424283,0.346189,-28.4342,37.2328,-169.404,-0.0115823,0.020346,0.0304307,30.7492,21.4955,50.8999
1759345597518140416,-960.533,851.85,-2129.65,0.255223,-0.796504,-0.425128,0.345989,-28.3736,37.195,-168.979,-0.0115826,0.0203422,0.030431,30.7489,21.4951,50.8996
1759345597528140288,-960.816,852.222,-2131.34,0.255318,-0.796144,-0.42594,0.34575,-28.3135,37.1568,-168.553,-0.011583,0.0203384,0.0304313,30.7487,21.4947,50.8993
1759345597538140416,-961.099,852.593,-2133.02,0.255484,-0.795784,-0.426616,0.345622,-28.2535,37.1183,-168.127,-0.0115833,0.0203346,0.0304317,30.7485,21.4944,50.8991
1759345597548140288,-961.381,852.964,-2134.7,0.255587,-0.795427,-0.427369,0.345438,-28.193,37.0797,-167.702,-0.0115837,0.0203308,0.030432,30.7483,21.494,50.8988
1759345597558140160,-961.662,853.334,-2136.38,0.25568,-0.795097,-0.428046,0.345291,-28.1324,37.0411,-167.277,-0.011584,0.020327,0.0304323,30.7481,21.4936,50.8986
1759345597568140288,-961.943,853.705,-2138.05,0.255707,-0.794774,-0.428742,0.345151,-28.0718,37.0031,-166.852,-0.0115844,0.0203232,0.0304326,30.7479,21.4933,50.8983
1759345597578140160,-962.223,854.074,-2139.71,0.255722,-0.794445,-0.429372,0.345113,-28.0118,36.9653,-166.428,-0.0115847,0.0203194,0.0304329,30.7477,21.4929,50.8981
1759345597588140288,-962.503,854.444,-2141.38,0.255636,-0.794127,-0.430073,0.345036,-27.9518,36.9274,-166.004,-0.0115851,0.0203157,0.0304332,30.7475,21.4925,50.8979
1759345597598140160,-962.782,854.813,-2143.03,0.255469,-0.793884,-0.430713,0.344921,-27.8915,36.8889,-165.581,-0.0115854,0.0203119,0.0304335,30.7473,21.4922,50.8976
1759345597608140288,-963.061,855.181,-2144.69,0.25525,-0.793595,-0.431342,0.344961,-27.8313,36.8504,-165.158,-0.0115858,0.0203081,0.0304338,30.7471,21.4918,50.8974
1759345597618140160,-963.339,855.549,-2146.34,0.254956,-0.793357,-0.431855,0.345085,-27.7702,36.8122,-164.737,-0.0115861,0.0203043,0.0304341,30.7468,21.4915,50.8972
1759345597628140288,-963.616,855.917,-2147.98,0.254585,-0.793117,-0.432346,0.345297,-27.7085,36.7739,-164.317,-0.0115865,0.0203005,0.0304344,30.7466,21.4911,50.897
1759345597638140160,-963.893,856.285,-2149.62,0.254079,-0.792911,-0.432872,0.345481,-27.6464,36.7357,-163.897,-0.0115868,0.0202967,0.0304347,30.7464,21.4907,50.8968
1759345597648140288,-964.169,856.652,-2151.26,0.253455,-0.792765,-0.433423,0.345586,-27.5838,36.6974,-163.478,-0.0115872,0.020293,0.030435,30.7462,21.4904,50.8966
1759345597658140160,-964.444,857.018,-2152.89,0.252788,-0.792627,-0.433882,0.345813,-27.521,36.6591,-163.058,-0.0115875,0.0202892,0.0304353,30.746,21.49,50.8963
1759345597668140288,-964.719,857.384,-2154.52,0.252079,-0.79249,-0.434344,0.346064,-27.4579,36.6211,-162.638,-0.0115879,0.0202854,0.0304356,30.7458,21.4897,50.8961
1759345597678140160,-964.993,857.75,-2156.14,0.251326,-0.792389,-0.434816,0.34625,-27.394,36.5828,-162.216,-0.0115882,0.0202816,0.0304359,30.7456,21.4893,50.896
1759345597688140032,-965.266,858.116,-2157.76,0.250617,-0.792306,-0.435207,0.346464,-27.3301,36.545,-161.794,-0.0115886,0.0202779,0.0304362,30.7454,21.489,50.8958
1759345597698140160,-965.539,858.481,-2159.38,0.249965,-0.792196,-0.435583,0.346714,-27.2656,36.5069,-161.37,-0.0115889,0.0202741,0.0304365,30.7452,21.4886,50.8956
1759345597708140032,-965.811,858.846,-2160.99,0.249345,-0.792101,-0.436031,0.346814,-27.2015,36.469,-160.944,-0.0115893,0.0202703,0.0304368,30.745,21.4883,50.8954
1759345597718140160,-966.083,859.21,-2162.6,0.248863,-0.792007,-0.436387,0.346927,-27.1377,36.4312,-160.517,-0.0115896,0.0202665,0.0304371,30.7448,21.4879,50.8952
1759345597728140032,-966.354,859.574,-2164.2,0.248456,-0.791882,-0.436851,0.34692,-27.0744,36.3932,-160.089,-0.01159,0.0202628,0.0304374,30.7446,21.4876,50.895
1759345597738140160,-966.624,859.938,-2165.8,0.248221,-0.791736,-0.437224,0.346952,-27.0114,36.3547,-159.661,-0.0115903,0.020259,0.0304377,30.7444,21.4872,50.8949
1759345597748140032,-966.894,860.301,-2167.39,0.248066,-0.791598,-0.43762,0.346879,-26.9487,36.316,-159.233,-0.0115907,0.0202552,0.030438,30.7442,21.4869,50.8947
1759345597758140160,-967.163,860.664,-2168.98,0.247973,-0.791424,-0.438103,0.346733,-26.887,36.2772,-158.805,-0.011591,0.0202514,0.0304383,30.744,21.4865,50.8946
1759345597768140032,-967.431,861.026,-2170.57,0.247944,-0.791251,-0.438539,0.346597,-26.8266,36.2387,-158.377,-0.0115913,0.0202477,0.0304386,30.7438,21.4862,50.8944
1759345597778140160,-967.699,861.388,-2172.15,0.248013,-0.791051,-0.438965,0.346464,-26.7667,36.2001,-157.949,-0.0115917,0.0202439,0.0304389,30.7436,21.4859,50.8943
1759345597788140032,-967.966,861.75,-2173.72,0.24819,-0.790781,-0.439375,0.346435,-26.7075,36.1613,-157.521,-0.011592,0.0202401,0.0304392,30.7434,21.4855,50.8941
1759345597798140160,-968.233,862.111,-2175.3,0.248375,-0.790551,-0.439819,0.346265,-26.6484,36.1222,-157.093,-0.0115924,0.0202364,0.0304395,30.7432,21.4852,50.894
1759345597808140032,-968.499,862.472,-2176.87,0.248685,-0.790017,-0.44046,0.346445,-26.5899,36.0828,-156.665,-0.0115927,0.0202326,0.0304397,30.743,21.4848,50.8938
1759345597818139904,-968.764,862.833,-2178.43,0.248947,-0.789742,-0.440887,0.34634,-26.5311,36.0434,-156.238,-0.0115931,0.0202289,0.03044,30.7429,21.4845,50.8937
1759345597828140032,-969.029,863.193,-2179.99,0.249215,-0.789511,-0.441323,0.346118,-26.4725,36.0038,-155.812,-0.0115934,0.0202251,0.0304403,30.7427,21.4842,50.8936
1759345597838139904,-969.294,863.553,-2181.55,0.249515,-0.789229,-0.441822,0.345909,-26.4151,35.9642,-155.386,-0.0115938,0.0202213,0.0304406,30.7425,21.4838,50.8935
1759345597848140032,-969.557,863.912,-2183.1,0.249856,-0.788917,-0.442309,0.345752,-26.3585,35.9244,-154.962,-0.0115941,0.0202176,0.0304409,30.7423,21.4835,50.8933
1759345597858139904,-969.82,864.271,-2184.64,0.250139,-0.788826,-0.442633,0.34534,-26.3022,35.8841,-154.539,-0.0115945,0.0202138,0.0304412,30.7421,21.4832,50.8932
1759345597868140032,-970.083,864.629,-2186.19,0.250459,-0.788546,-0.443079,0.345176,-26.2468,35.8435,-154.116,-0.0115948,0.0202101,0.0304414,30.7419,21.4828,50.8931
1759345597878139904,-970.345,864.987,-2187.73,0.250772,-0.788193,-0.443597,0.345091,-26.1914,35.8026,-153.695,-0.0115952,0.0202063,0.0304417,30.7417,21.4825,50.893
1759345597888140032,-970.607,865.345,-2189.26,0.251056,-0.787939,-0.444073,0.344851,-26.1357,35.7614,-153.275,-0.0115955,0.0202026,0.030442,30.7415,21.4822,50.8929
1759345597898139904,-970.868,865.702,-2190.79,0.251383,-0.787625,-0.444533,0.344737,-26.0792,35.7201,-152.856,-0.0115959,0.0201989,0.0304423,30.7413,21.4819,50.8928
1759345597908140032,-971.128,866.059,-2192.32,0.251666,-0.787332,-0.44498,0.344623,-26.0221,35.6785,-152.437,-0.0115962,0.0201951,0.0304426,30.7411,21.4815,50.8927
1759345597918139904,-971.388,866.416,-2193.84,0.25188,-0.787035,-0.445496,0.344478,-25.9646,35.6371,-152.018,-0.0115966,0.0201914,0.0304429,30.741,21.4812,50.8927
1759345597928140032,-971.647,866.772,-2195.36,0.252132,-0.786762,-0.445954,0.344325,-25.9063,35.5951,-151.599,-0.0115969,0.0201877,0.0304431,30.7408,21.4809,50.8926
1759345597938139904,-971.906,867.127,-2196.87,0.252362,-0.786493,-0.446437,0.344145,-25.8476,35.5526,-151.181,-0.0115973,0.0201839,0.0304434,30.7406,21.4806,50.8925
1759345597948140032,-972.164,867.482,-2198.38,0.252528,-0.786262,-0.446979,0.34385,-25.7879,35.5096,-150.763,-0.0115976,0.0201802,0.0304437,30.7404,21.4802,50.8924
1759345597958139904,-972.421,867.837,-2199.88,0.252681,-0.78601,-0.447509,0.343621,-25.7278,35.4661,-150.347,-0.011598,0.0201765,0.030444,30.7402,21.4799,50.8924
1759345597968139776,-972.678,868.191,-2201.39,0.252969,-0.785731,-0.447816,0.343648,-25.6673,35.4215,-149.93,-0.0115983,0.0201727,0.0304443,30.74,21.4796,50.8923
1759345597978139904,-972.934,868.545,-2202.88,0.253058,-0.785548,-0.448359,0.343293,-25.6068,35.3761,-149.513,-0.0115987,0.020169,0.0304445,30.7398,21.4793,50.8923
1759345597988139776,-973.19,868.899,-2204.38,0.253235,-0.785373,-0.448739,0.343068,-25.5468,35.3301,-149.095,-0.011599,0.0201653,0.0304448,30.7397,21.479,50.8922
1759345597998139904,-973.445,869.252,-2205.86,0.253391,-0.785183,-0.449226,0.342748,-25.4868,35.2833,-148.676,-0.0115994,0.0201616,0.0304451,30.7395,21.4786,50.8922
1759345598008139776,-973.699,869.604,-2207.35,0.253605,-0.784964,-0.449641,0.342548,-25.4264,35.2357,-148.257,-0.0115997,0.0201579,0.0304454,30.7393,21.4783,50.8921
1759345598018139904,-973.953,869.956,-2208.83,0.253791,-0.784793,-0.450122,0.342169,-25.3658,35.1875,-147.837,-0.0116001,0.0201542,0.0304456,30.7391,21.478,50.8921
1759345598028139776,-974.206,870.308,-2210.3,0.254103,-0.784597,-0.450545,0.34183,-25.3051,35.1387,-147.417,-0.0116004,0.0201505,0.0304459,30.7389,21.4777,50.892
1759345598038139904,-974.459,870.659,-2211.78,0.254487,-0.784387,-0.450986,0.341446,-25.2442,35.089,-146.997,-0.0116007,0.0201468,0.0304462,30.7388,21.4774,50.892
1759345598048139776,-974.711,871.009,-2213.24,0.254918,-0.784181,-0.451439,0.340999,-25.183,35.0386,-146.576,-0.0116011,0.020143,0.0304464,30.7386,21.4771,50.892
1759345598058139904,-974.962,871.359,-2214.71,0.255388,-0.783983,-0.45194,0.340438,-25.1219,34.9872,-146.156,-0.0116014,0.0201393,0.0304467,30.7384,21.4768,50.892
1759345598068139776,-975.213,871.709,-2216.17,0.255941,-0.783728,-0.452455,0.339927,-25.0611,34.9348,-145.736,-0.0116018,0.0201357,0.030447,30.7382,21.4764,50.892
1759345598078139904,-975.463,872.058,-2217.62,0.256569,-0.783455,-0.452946,0.339428,-25.0002,34.8812,-145.317,-0.0116021,0.020132,0.0304472,30.738,21.4761,50.892
1759345598088139776,-975.713,872.406,-2219.07,0.2572,-0.783247,-0.453374,0.338858,-24.9397,34.8264,-144.898,-0.0116025,0.0201283,0.0304475,30.7379,21.4758,50.892
1759345598098139648,-975.962,872.754,-2220.52,0.257858,-0.783012,-0.453833,0.338284,-24.8794,34.7704,-144.479,-0.0116028,0.0201246,0.0304478,30.7377,21.4755,50.892
1759345598108139776,-976.21,873.101,-2221.96,0.258505,-0.782776,-0.454339,0.337657,-24.8198,34.7143,-144.061,-0.0116032,0.0201209,0.030448,30.7375,21.4752,50.892
1759345598118139648,-976.458,873.448,-2223.4,0.259153,-0.782553,-0.454803,0.337052,-24.7608,34.6579,-143.644,-0.0116035,0.0201172,0.0304483,30.7373,21.4749,50.892
1759345598128139776,-976.705,873.794,-2224.83,0.259816,-0.782279,-0.455271,0.336545,-24.7032,34.6018,-143.229,-0.0116039,0.0201135,0.0304486,30.7372,21.4746,50.892
1759345598138139648,-976.951,874.14,-2226.26,0.260342,-0.78207,-0.455726,0.336009,-24.6467,34.546,-142.814,-0.0116043,0.0201099,0.0304488,30.737,21.4743,50.892
1759345598148139776,-977.197,874.485,-2227.69,0.260861,-0.781819,-0.456198,0.335552,-24.5912,34.4902,-142.401,-0.0116046,0.0201062,0.0304491,30.7368,21.474,50.892
1759345598158139648,-977.443,874.829,-2229.11,0.261324,-0.781595,-0.456629,0.335124,-24.5369,34.4347,-141.988,-0.011605,0.0201026,0.0304493,30.7366,21.4737,50.8921
1759345598168139776,-977.688,875.173,-2230.53,0.261756,-0.781407,-0.456953,0.334783,-24.4825,34.3792,-141.577,-0.0116053,0.0200989,0.0304496,30.7365,21.4734,50.8921
1759345598178139648,-977.932,875.516,-2231.94,0.262109,-0.781012,-0.457538,0.334632,-24.428,34.3233,-141.165,-0.0116057,0.0200953,0.0304499,30.7363,21.4731,50.8921
1759345598188139776,-978.176,875.859,-2233.35,0.262253,-0.780851,-0.458056,0.334184,-24.3733,34.2674,-140.755,-0.0116061,0.0200916,0.0304501,30.7361,21.4728,50.8922
1759345598198139648,-978.42,876.201,-2234.76,0.262376,-0.780742,-0.458426,0.333836,-24.319,34.2113,-140.345,-0.0116064,0.020088,0.0304504,30.736,21.4725,50.8922
1759345598208139776,-978.662,876.543,-2236.16,0.262489,-0.780818,-0.458472,0.333507,-24.2651,34.1551,-139.934,-0.0116068,0.0200843,0.0304506,30.7358,21.4722,50.8923
1759345598218139648,-978.905,876.884,-2237.55,0.262455,-0.780782,-0.458772,0.333204,-24.2112,34.0986,-139.524,-0.0116072,0.0200807,0.0304509,30.7356,21.4719,50.8923
1759345598228139520,-979.146,877.225,-2238.95,0.26225,-0.780864,-0.459105,0.332714,-24.1574,34.0419,-139.113,-0.0116075,0.0200771,0.0304511,30.7355,21.4716,50.8924
1759345598238139648,-979.387,877.565,-2240.33,0.262099,-0.780827,-0.459399,0.332515,-24.1043,33.985,-138.702,-0.0116079,0.0200735,0.0304514,30.7353,21.4714,50.8925
1759345598248139520,-979.628,877.904,-2241.72,0.261842,-0.780968,-0.459595,0.332115,-24.0511,33.928,-138.289,-0.0116083,0.0200698,0.0304516,30.7351,21.4711,50.8925
1759345598258139648,-979.868,878.243,-2243.1,0.261638,-0.780972,-0.459839,0.331927,-23.9982,33.871,-137.876,-0.0116087,0.0200662,0.0304519,30.735,21.4708,50.8926
1759345598268139520,-980.108,878.581,-2244.48,0.261342,-0.781101,-0.460065,0.331544,-23.9438,33.8129,-137.463,-0.011609,0.0200626,0.0304521,30.7348,21.4705,50.8927
1759345598278139648,-980.347,878.919,-2245.85,0.260973,-0.78133,-0.460291,0.330983,-23.8892,33.7546,-137.05,-0.0116094,0.020059,0.0304524,30.7346,21.4702,50.8928
1759345598288139520,-980.585,879.256,-2247.22,0.260716,-0.781449,-0.460408,0.33074,-23.8357,33.6965,-136.636,-0.0116098,0.0200554,0.0304526,30.7345,21.4699,50.8929
1759345598298139648,-980.823,879.593,-2248.58,0.260362,-0.781652,-0.460606,0.330264,-23.7839,33.6393,-136.219,-0.0116102,0.0200518,0.0304529,30.7343,21.4696,50.893
1759345598308139520,-981.061,879.929,-2249.94,0.260085,-0.781874,-0.460674,0.329861,-23.7337,33.5823,-135.801,-0.0116105,0.0200483,0.0304531,30.7341,21.4693,50.8931
1759345598318139648,-981.298,880.264,-2251.3,0.259704,-0.782157,-0.460833,0.329267,-23.6852,33.5251,-135.38,-0.0116109,0.0200447,0.0304534,30.734,21.4691,50.8932
1759345598328139520,-981.534,880.599,-2252.65,0.259453,-0.782343,-0.460959,0.328847,-23.6377,33.4666,-134.959,-0.0116113,0.0200411,0.0304536,30.7338,21.4688,50.8933
1759345598338139648,-981.77,880.933,-2253.99,0.259272,-0.782596,-0.460989,0.328347,-23.5907,33.4078,-134.538,-0.0116117,0.0200375,0.0304539,30.7336,21.4685,50.8934
1759345598348139520,-982.006,881.267,-2255.34,0.259136,-0.78286,-0.461077,0.327698,-23.544,33.3478,-134.116,-0.0116121,0.020034,0.0304541,30.7335,21.4682,50.8935
1759345598358139392,-982.241,881.6,-2256.68,0.259094,-0.7831,-0.461178,0.327017,-23.498,33.2867,-133.693,-0.0116125,0.0200304,0.0304543,30.7333,21.4679,50.8936
1759345598368139520,-982.475,881.932,-2258.01,0.25916,-0.783298,-0.461377,0.326209,-23.4527,33.2238,-133.27,-0.0116129,0.0200269,0.0304546,30.7332,21.4677,50.8938
1759345598378139392,-982.71,882.264,-2259.34,0.259439,-0.783481,-0.461501,0.325369,-23.4083,33.1589,-132.846,-0.0116133,0.0200233,0.0304548,30.733,21.4674,50.8939
1759345598388139520,-982.943,882.595,-2260.67,0.259994,-0.783556,-0.461552,0.324674,-23.3645,33.0922,-132.423,-0.0116137,0.0200198,0.030455,30.7328,21.4671,50.894
1759345598398139392,-983.177,882.925,-2261.99,0.26053,-0.783705,-0.461794,0.323539,-23.3206,33.0232,-132.002,-0.0116141,0.0200162,0.0304552,30.7327,21.4668,50.8942
1759345598408139520,-983.41,883.255,-2263.31,0.261337,-0.783826,-0.461872,0.322481,-23.2773,32.952,-131.583,-0.0116145,0.0200127,0.0304555,30.7325,21.4666,50.8943
1759345598418139392,-983.642,883.584,-2264.62,0.262253,-0.783861,-0.462056,0.321387,-23.2345,32.879,-131.164,-0.0116149,0.0200092,0.0304557,30.7324,21.4663,50.8945
1759345598428139520,-983.874,883.912,-2265.93,0.263202,-0.783879,-0.462376,0.320104,-23.1926,32.804,-130.747,-0.0116153,0.0200057,0.0304559,30.7322,21.466,50.8946
1759345598438139392,-984.106,884.24,-2267.23,0.264328,-0.783945,-0.462492,0.318845,-23.1518,32.7271,-130.331,-0.0116157,0.0200022,0.0304561,30.7321,21.4658,50.8948
1759345598448139520,-984.337,884.567,-2268.53,0.265476,-0.783934,-0.462746,0.317547,-23.1125,32.648,-129.917,-0.0116161,0.0199986,0.0304563,30.7319,21.4655,50.8949
1759345598458139392,-984.568,884.893,-2269.83,0.266716,-0.78385,-0.463013,0.316324,-23.0744,32.5665,-129.503,-0.0116165,0.0199951,0.0304565,30.7318,21.4652,50.8951
1759345598468139520,-984.798,885.218,-2271.12,0.267928,-0.783772,-0.463429,0.314881,-23.037,32.4827,-129.09,-0.0116169,0.0199916,0.0304567,30.7316,21.4649,50.8953
1759345598478139392,-985.028,885.542,-2272.41,0.269205,-0.783726,-0.463785,0.313377,-23.0005,32.3961,-128.677,-0.0116173,0.0199882,0.0304569,30.7315,21.4647,50.8955
1759345598488139264,-985.258,885.865,-2273.7,0.270565,-0.7836,-0.464139,0.311995,-22.9647,32.3072,-128.264,-0.0116177,0.0199847,0.0304571,30.7313,21.4644,50.8956
1759345598498139392,-985.487,886.188,-2274.98,0.271925,-0.783477,-0.464536,0.310527,-22.9293,32.216,-127.852,-0.0116181,0.0199812,0.0304573,30.7312,21.4641,50.8958
1759345598508139264,-985.716,886.509,-2276.25,0.273423,-0.783354,-0.464755,0.309192,-22.8944,32.1228,-127.44,-0.0116185,0.0199777,0.0304575,30.731,21.4639,50.896
1759345598518139392,-985.945,886.83,-2277.53,0.274789,-0.783254,-0.465141,0.30765,-22.8595,32.0277,-127.028,-0.0116189,0.0199742,0.0304577,30.7309,21.4636,50.8962
1759345598528139264,-986.173,887.149,-2278.79,0.276128,-0.78308,-0.465619,0.306165,-22.8243,31.9312,-126.616,-0.0116193,0.0199708,0.0304579,30.7307,21.4634,50.8964
1759345598538139392,-986.401,887.468,-2280.06,0.27748,-0.782912,-0.466101,0.304636,-22.7884,31.8334,-126.204,-0.0116198,0.0199673,0.0304581,30.7306,21.4631,50.8966
1759345598548139264,-986.629,887.786,-2281.32,0.278826,-0.782728,-0.46661,0.303098,-22.7521,31.734,-125.792,-0.0116202,0.0199638,0.0304583,30.7304,21.4628,50.8968
1759345598558139392,-986.856,888.102,-2282.57,0.280165,-0.782509,-0.467135,0.301616,-22.7151,31.6337,-125.38,-0.0116206,0.0199604,0.0304585,30.7303,21.4626,50.897
1759345598568139264,-987.083,888.418,-2283.82,0.281518,-0.782254,-0.467682,0.300165,-22.6777,31.5325,-124.967,-0.011621,0.0199569,0.0304586,30.7301,21.4623,50.8972
1759345598578139392,-987.31,888.733,-2285.07,0.282692,-0.782109,-0.468343,0.298406,-22.6403,31.4297,-124.555,-0.0116214,0.0199535,0.0304588,30.73,21.4621,50.8974
1759345598588139264,-987.536,889.046,-2286.31,0.284041,-0.781819,-0.468864,0.297063,-22.6037,31.3262,-124.144,-0.0116218,0.01995,0.030459,30.7298,21.4618,50.8976
1759345598598139392,-987.761,889.359,-2287.55,0.285277,-0.781559,-0.469452,0.295631,-22.5672,31.2216,-123.733,-0.0116222,0.0199466,0.0304592,30.7297,21.4615,50.8979
1759345598608139264,-987.987,889.67,-2288.79,0.286485,-0.781304,-0.470004,0.294257,-22.5316,31.1166,-123.323,-0.0116226,0.0199432,0.0304593,30.7296,21.4613,50.8981
1759345598618139392,-988.212,889.981,-2290.02,0.287647,-0.781058,-0.470561,0.292882,-22.4969,31.0103,-122.915,-0.011623,0.0199398,0.0304595,30.7294,21.461,50.8983
1759345598628139264,-988.437,890.29,-2291.25,0.288778,-0.780812,-0.471099,0.291557,-22.463,30.9025,-122.508,-0.0116234,0.0199364,0.0304597,30.7293,21.4608,50.8986
1759345598638139136,-988.661,890.599,-2292.47,0.289802,-0.780627,-0.471648,0.290145,-22.43,30.7931,-122.103,-0.0116238,0.019933,0.0304599,30.7291,21.4605,50.8988
1759345598648139264,-988.885,890.906,-2293.69,0.290816,-0.78041,-0.472173,0.288859,-22.398,30.6817,-121.697,-0.0116242,0.0199296,0.03046,30.729,21.4603,50.899
1759345598658139136,-989.109,891.212,-2294.9,0.291874,-0.780171,-0.472651,0.287652,-22.3664,30.5686,-121.293,-0.0116246,0.0199262,0.0304602,30.7289,21.46,50.8993
1759345598668139264,-989.332,891.517,-2296.11,0.292829,-0.780047,-0.47317,0.28616,-22.3345,30.4527,-120.888,-0.011625,0.0199228,0.0304603,30.7287,21.4598,50.8995
1759345598678139136,-989.555,891.821,-2297.32,0.293916,-0.779833,-0.473598,0.28492,-22.3027,30.3342,-120.484,-0.0116254,0.0199194,0.0304605,30.7286,21.4595,50.8998
1759345598688139264,-989.778,892.123,-2298.52,0.295011,-0.779637,-0.474022,0.283616,-22.2704,30.2127,-120.08,-0.0116258,0.019916,0.0304606,30.7285,21.4593,50.9
1759345598698139136,-990.001,892.424,-2299.72,0.296028,-0.779486,-0.474561,0.282065,-22.2375,30.0885,-119.675,-0.0116262,0.0199126,0.0304608,30.7283,21.459,50.9003
1759345598708139264,-990.223,892.725,-2300.92,0.297206,-0.779266,-0.474984,0.28072,-22.2046,29.9618,-119.271,-0.0116266,0.0199093,0.0304609,30.7282,21.4588,50.9006
1759345598718139136,-990.445,893.023,-2302.11,0.298335,-0.779091,-0.475475,0.279171,-22.1706,29.8323,-118.867,-0.011627,0.0199059,0.0304611,30.7281,21.4585,50.9008
1759345598728139264,-990.666,893.321,-2303.29,0.299568,-0.778852,-0.475913,0.277768,-22.136,29.701,-118.464,-0.0116273,0.0199026,0.0304612,30.7279,21.4583,50.9011
1759345598738139136,-990.887,893.617,-2304.47,0.300881,-0.778576,-0.476313,0.276435,-22.1014,29.5677,-118.061,-0.0116277,0.0198992,0.0304614,30.7278,21.4581,50.9014
1759345598748139264,-991.108,893.912,-2305.65,0.302094,-0.778397,-0.476764,0.274832,-22.0661,29.4326,-117.658,-0.0116281,0.0198959,0.0304615,30.7277,21.4578,50.9016
1759345598758139136,-991.329,894.205,-2306.83,0.303336,-0.778162,-0.477237,0.273306,-22.0312,29.2957,-117.256,-0.0116285,0.0198925,0.0304616,30.7275,21.4576,50.9019
1759345598768139008,-991.549,894.497,-2308,0.304504,-0.777958,-0.477717,0.271744,-21.9964,29.1576,-116.855,-0.0116289,0.0198892,0.0304618,30.7274,21.4574,50.9022
1759345598778139136,-991.769,894.788,-2309.16,0.305685,-0.777748,-0.478118,0.270309,-21.9626,29.0178,-116.455,-0.0116293,0.0198859,0.0304619,30.7273,21.4571,50.9025
1759345598788139008,-991.988,895.077,-2310.33,0.306783,-0.777518,-0.478612,0.268849,-21.9294,28.876,-116.057,-0.0116297,0.0198825,0.030462,30.7272,21.4569,50.9028
1759345598798139136,-992.207,895.365,-2311.48,0.307857,-0.777303,-0.479033,0.267493,-21.8971,28.7323,-115.659,-0.01163,0.0198792,0.0304622,30.7271,21.4567,50.9031
1759345598808139008,-992.426,895.651,-2312.64,0.308995,-0.777062,-0.479282,0.266431,-21.866,28.5866,-115.263,-0.0116304,0.0198759,0.0304623,30.7269,21.4564,50.9033
1759345598818139136,-992.644,895.936,-2313.79,0.309946,-0.776883,-0.479609,0.265258,-21.8354,28.4391,-114.867,-0.0116308,0.0198726,0.0304624,30.7268,21.4562,50.9036
1759345598828139008,-992.863,896.22,-2314.94,0.310721,-0.776789,-0.480004,0.263907,-21.8058,28.2898,-114.473,-0.0116312,0.0198693,0.0304625,30.7267,21.456,50.9039
1759345598838139136,-993.08,896.502,-2316.08,0.311624,-0.776619,-0.480268,0.26286,-21.7774,28.1388,-114.078,-0.0116316,0.019866,0.0304626,30.7266,21.4557,50.9042
1759345598848139008,-993.298,896.782,-2317.22,0.312437,-0.776531,-0.480515,0.261701,-21.7496,27.986,-113.685,-0.0116319,0.0198627,0.0304627,30.7265,21.4555,50.9045
1759345598858139136,-993.515,897.061,-2318.35,0.313198,-0.776419,-0.480789,0.260617,-21.7227,27.8314,-113.292,-0.0116323,0.0198594,0.0304629,30.7263,21.4553,50.9048
1759345598868139008,-993.732,897.338,-2319.48,0.313909,-0.776319,-0.48103,0.259615,-21.6965,27.6754,-112.9,-0.0116327,0.0198562,0.030463,30.7262,21.4551,50.9052
1759345598878139136,-993.949,897.614,-2320.61,0.314554,-0.776242,-0.481295,0.258573,-21.6707,27.5179,-112.508,-0.0116331,0.0198529,0.0304631,30.7261,21.4548,50.9055
1759345598888139008,-994.166,897.888,-2321.73,0.315181,-0.776167,-0.481526,0.2576,-21.6453,27.3594,-112.115,-0.0116335,0.0198496,0.0304632,30.726,21.4546,50.9058
1759345598898138880,-994.382,898.161,-2322.85,0.315781,-0.776116,-0.481706,0.256683,-21.6204,27.1999,-111.723,-0.0116338,0.0198464,0.0304633,30.7259,21.4544,50.9061
1759345598908139008,-994.598,898.432,-2323.97,0.316262,-0.776077,-0.481958,0.255734,-21.5956,27.0399,-111.331,-0.0116342,0.0198431,0.0304634,30.7258,21.4542,50.9064
1759345598918138880,-994.814,898.701,-2325.08,0.316706,-0.776041,-0.482203,0.254829,-21.5712,26.8791,-110.938,-0.0116346,0.0198399,0.0304635,30.7257,21.454,50.9067
1759345598928139008,-995.03,898.969,-2326.18,0.317019,-0.776063,-0.482449,0.253907,-21.5478,26.7176,-110.546,-0.0116349,0.0198366,0.0304636,30.7256,21.4538,50.9071
1759345598938138880,-995.245,899.235,-2327.29,0.317359,-0.776054,-0.482612,0.253199,-21.5252,26.5548,-110.153,-0.0116353,0.0198334,0.0304637,30.7255,21.4535,50.9074
1759345598948139008,-995.46,899.5,-2328.39,0.317597,-0.776094,-0.482787,0.252443,-21.5032,26.391,-109.76,-0.0116357,0.0198302,0.0304638,30.7254,21.4533,50.9077
1759345598958138880,-995.675,899.763,-2329.48,0.317759,-0.77616,-0.482991,0.251642,-21.482,26.2261,-109.368,-0.0116361,0.019827,0.0304639,30.7253,21.4531,50.908
1759345598968139008,-995.89,900.024,-2330.57,0.317905,-0.776219,-0.483179,0.250916,-21.4615,26.06,-108.975,-0.0116364,0.0198237,0.030464,30.7252,21.4529,50.9084
1759345598978138880,-996.104,900.283,-2331.66,0.318062,-0.776262,-0.483338,0.250277,-21.4415,25.8932,-108.582,-0.0116368,0.0198205,0.0304641,30.7251,21.4527,50.9087
1759345598988139008,-996.319,900.541,-2332.74,0.318163,-0.776331,-0.483502,0.249617,-21.4215,25.7256,-108.189,-0.0116372,0.0198173,0.0304642,30.725,21.4525,50.9091
1759345598998138880,-996.533,900.798,-2333.82,0.318196,-0.776431,-0.483684,0.248911,-21.4017,25.5574,-107.796,-0.0116375,0.0198141,0.0304643,30.7249,21.4523,50.9094
1759345599008139008,-996.747,901.052,-2334.9,0.318187,-0.77655,-0.483873,0.248183,-21.382,25.3885,-107.403,-0.0116379,0.0198109,0.0304643,30.7248,21.4521,50.9097
1759345599018138880,-996.96,901.305,-2335.97,0.318267,-0.776611,-0.483963,0.247713,-21.3624,25.2193,-107.01,-0.0116383,0.0198078,0.0304644,30.7247,21.4519,50.9101
1759345599028138752,-997.174,901.556,-2337.04,0.31827,-0.776672,-0.484147,0.247157,-21.3429,25.0497,-106.616,-0.0116386,0.0198046,0.0304645,30.7246,21.4517,50.9104
1759345599038138880,-997.387,901.805,-2338.1,0.318299,-0.776726,-0.484285,0.246679,-21.3235,24.8797,-106.223,-0.011639,0.0198014,0.0304646,30.7245,21.4515,50.9108
1759345599048138752,-997.6,902.053,-2339.16,0.318255,-0.776838,-0.48445,0.246059,-21.3046,24.7095,-105.829,-0.0116393,0.0197983,0.0304647,30.7244,21.4513,50.9111
1759345599058138880,-997.813,902.299,-2340.22,0.318309,-0.776795,-0.484626,0.245778,-21.2864,24.5392,-105.436,-0.0116397,0.0197951,0.0304648,30.7243,21.4511,50.9115
1759345599068138752,-998.026,902.544,-2341.27,0.318277,-0.776856,-0.484777,0.245328,-21.2682,24.3689,-105.043,-0.0116401,0.019792,0.0304649,30.7242,21.4509,50.9118
1759345599078138880,-998.239,902.786,-2342.32,0.318239,-0.776916,-0.484909,0.244927,-21.2504,24.1986,-104.65,-0.0116404,0.0197888,0.030465,30.7242,21.4507,50.9122
1759345599088138752,-998.451,903.027,-2343.36,0.318128,-0.777011,-0.485073,0.244444,-21.2329,24.0284,-104.257,-0.0116408,0.0197857,0.0304651,30.7241,21.4505,50.9126
1759345599098138880,-998.663,903.266,-2344.4,0.318017,-0.777092,-0.485225,0.244028,-21.2158,23.8583,-103.864,-0.0116411,0.0197826,0.0304652,30.724,21.4503,50.9129
1759345599108138752,-998.875,903.504,-2345.44,0.31788,-0.777193,-0.485349,0.243641,-21.1988,23.6881,-103.472,-0.0116415,0.0197794,0.0304653,30.7239,21.4501,50.9133
1759345599118138880,-999.087,903.74,-2346.47,0.317717,-0.77729,-0.485475,0.24329,-21.1814,23.5179,-103.078,-0.0116419,0.0197763,0.0304654,30.7238,21.45,50.9137
1759345599128138752,-999.299,903.974,-2347.5,0.317574,-0.777357,-0.48562,0.242972,-21.1636,23.348,-102.685,-0.0116422,0.0197732,0.0304654,30.7238,21.4498,50.914
1759345599138138880,-999.511,904.206,-2348.53,0.317422,-0.77743,-0.485752,0.242673,-21.1458,23.1782,-102.292,-0.0116426,0.0197701,0.0304655,30.7237,21.4496,50.9144
1759345599148138752,-999.722,904.437,-2349.55,0.317273,-0.777505,-0.48589,0.242353,-21.1277,23.0085,-101.899,-0.0116429,0.0197671,0.0304656,30.7236,21.4494,50.9148
1759345599158138624,-999.933,904.666,-2350.56,0.317086,-0.777623,-0.486044,0.241911,-21.1098,22.8388,-101.505,-0.0116433,0.019764,0.0304657,30.7235,21.4492,50.9152
1759345599168138752,-1000.14,904.893,-2351.58,0.316973,-0.777662,-0.486199,0.24162,-21.0924,22.6692,-101.111,-0.0116437,0.0197609,0.0304658,30.7235,21.449,50.9156
1759345599178138624,-1000.36,905.119,-2352.59,0.316874,-0.7777,-0.486338,0.241349,-21.0763,22.5003,-100.716,-0.011644,0.0197578,0.0304659,30.7234,21.4489,50.9159
1759345599188138752,-1000.57,905.343,-2353.59,0.316777,-0.777758,-0.486447,0.241071,-21.0614,22.3318,-100.32,-0.0116444,0.0197548,0.030466,30.7233,21.4487,50.9163
1759345599198138624,-1000.78,905.565,-2354.59,0.316683,-0.777809,-0.486588,0.240743,-21.0478,22.1636,-99.923,-0.0116447,0.0197517,0.0304661,30.7233,21.4485,50.9167
1759345599208138752,-1000.99,905.786,-2355.59,0.31662,-0.77785,-0.4867,0.240466,-21.0355,21.9952,-99.5265,-0.0116451,0.0197487,0.0304662,30.7232,21.4483,50.9171
1759345599218138624,-1001.2,906.005,-2356.58,0.316538,-0.777916,-0.486818,0.240122,-21.0239,21.8265,-99.1301,-0.0116455,0.0197457,0.0304663,30.7231,21.4482,50.9175
1759345599228138752,-1001.41,906.222,-2357.57,0.316579,-0.777933,-0.486876,0.239895,-21.0136,21.6568,-98.7343,-0.0116458,0.0197427,0.0304664,30.7231,21.448,50.9179
1759345599238138624,-1001.62,906.437,-2358.56,0.316678,-0.777919,-0.486952,0.239657,-21.004,21.4863,-98.3388,-0.0116462,0.0197396,0.0304665,30.723,21.4478,50.9183
1759345599248138752,-1001.83,906.651,-2359.54,0.316776,-0.777939,-0.487052,0.239259,-20.9948,21.3142,-97.944,-0.0116465,0.0197366,0.0304666,30.723,21.4477,50.9187
1759345599258138624,-1002.04,906.863,-2360.51,0.316988,-0.777915,-0.487155,0.238844,-20.986,21.1405,-97.5488,-0.0116469,0.0197336,0.0304667,30.7229,21.4475,50.9191
1759345599268138752,-1002.25,907.073,-2361.49,0.317395,-0.777807,-0.487202,0.238562,-20.9776,20.9657,-97.1535,-0.0116473,0.0197306,0.0304668,30.7228,21.4473,50.9195
1759345599278138624,-1002.46,907.282,-2362.46,0.317842,-0.777711,-0.487263,0.238153,-20.9693,20.7897,-96.7578,-0.0116476,0.0197276,0.0304669,30.7228,21.4472,50.9199
1759345599288138752,-1002.67,907.489,-2363.42,0.318301,-0.777597,-0.48739,0.237652,-20.9616,20.6137,-96.3616,-0.011648,0.0197246,0.030467,30.7227,21.447,50.9203
1759345599298138624,-1002.88,907.694,-2364.38,0.318889,-0.777422,-0.487504,0.237203,-20.9545,20.4375,-95.9654,-0.0116483,0.0197217,0.030467,30.7227,21.4468,50.9207
1759345599308138496,-1003.09,907.897,-2365.34,0.319462,-0.777233,-0.487691,0.236664,-20.9478,20.2615,-95.5693,-0.0116487,0.0197187,0.0304671,30.7226,21.4467,50.9211
1759345599318138624,-1003.29,908.099,-2366.29,0.32011,-0.777066,-0.487795,0.236123,-20.9417,20.0848,-95.1736,-0.011649,0.0197157,0.0304672,30.7226,21.4465,50.9215
1759345599328138496,-1003.5,908.298,-2367.24,0.320796,-0.776839,-0.487934,0.235654,-20.9362,19.9081,-94.7785,-0.0116494,0.0197128,0.0304673,30.7225,21.4464,50.922
1759345599338138624,-1003.71,908.496,-2368.19,0.321482,-0.776586,-0.488112,0.235179,-20.9317,19.7305,-94.3838,-0.0116497,0.0197098,0.0304674,30.7225,21.4462,50.9224
1759345599348138496,-1003.92,908.693,-2369.13,0.322264,-0.776331,-0.488239,0.234688,-20.928,19.5519,-93.9897,-0.0116501,0.0197069,0.0304675,30.7224,21.446,50.9228
1759345599358138624,-1004.13,908.887,-2370.07,0.323087,-0.77605,-0.488413,0.234123,-20.9252,19.3719,-93.5959,-0.0116504,0.0197039,0.0304676,30.7224,21.4459,50.9232
1759345599368138496,-1004.34,909.08,-2371,0.323956,-0.775724,-0.48862,0.23357,-20.9229,19.1905,-93.2025,-0.0116508,0.019701,0.0304677,30.7223,21.4457,50.9237
1759345599378138624,-1004.55,909.27,-2371.93,0.324897,-0.7754,-0.488777,0.233009,-20.9213,19.0076,-92.8097,-0.0116511,0.0196981,0.0304677,30.7223,21.4456,50.9241
1759345599388138496,-1004.76,909.459,-2372.86,0.325873,-0.775072,-0.488942,0.232392,-20.9205,18.8231,-92.4181,-0.0116515,0.0196951,0.0304678,30.7222,21.4454,50.9245
1759345599398138624,-1004.97,909.646,-2373.78,0.326914,-0.774725,-0.489063,0.231831,-20.9199,18.637,-92.0273,-0.0116518,0.0196922,0.0304679,30.7222,21.4453,50.925
1759345599408138496,-1005.18,909.832,-2374.7,0.328024,-0.774322,-0.489208,0.231306,-20.9192,18.4487,-91.6377,-0.0116521,0.0196893,0.030468,30.7222,21.4451,50.9254
1759345599418138624,-1005.39,910.015,-2375.61,0.329151,-0.773922,-0.489357,0.230725,-20.9182,18.2583,-91.2493,-0.0116525,0.0196864,0.030468,30.7221,21.445,50.9258
1759345599428138496,-1005.6,910.196,-2376.52,0.330348,-0.77351,-0.489491,0.230111,-20.9169,18.0659,-90.862,-0.0116528,0.0196835,0.0304681,30.7221,21.4448,50.9263
1759345599438138368,-1005.81,910.376,-2377.43,0.331633,-0.773036,-0.489662,0.229489,-20.9144,17.871,-90.4761,-0.0116531,0.0196806,0.0304682,30.7221,21.4447,50.9267
1759345599448138496,-1006.01,910.553,-2378.33,0.333027,-0.772534,-0.489814,0.228836,-20.9114,17.674,-90.0911,-0.0116535,0.0196777,0.0304682,30.722,21.4445,50.9272
1759345599458138368,-1006.22,910.729,-2379.23,0.334434,-0.772027,-0.490019,0.228058,-20.9078,17.4752,-89.7071,-0.0116538,0.0196748,0.0304683,30.722,21.4444,50.9276
1759345599468138496,-1006.43,910.902,-2380.13,0.335928,-0.771465,-0.49019,0.227391,-20.9035,17.2749,-89.3241,-0.0116541,0.0196719,0.0304684,30.7219,21.4443,50.9281
1759345599478138368,-1006.64,911.074,-2381.02,0.337414,-0.77091,-0.490359,0.226709,-20.8988,17.073,-88.9422,-0.0116544,0.019669,0.0304684,30.7219,21.4441,50.9285
1759345599488138496,-1006.85,911.244,-2381.9,0.338951,-0.770307,-0.49053,0.226095,-20.8934,16.8701,-88.5615,-0.0116548,0.0196662,0.0304685,30.7219,21.444,50.929
1759345599498138368,-1007.06,911.411,-2382.79,0.340405,-0.769724,-0.490769,0.225377,-20.8874,16.6653,-88.1824,-0.0116551,0.0196633,0.0304685,30.7219,21.4438,50.9294
1759345599508138496,-1007.27,911.576,-2383.67,0.341931,-0.769118,-0.49093,0.224786,-20.8808,16.4586,-87.8045,-0.0116554,0.0196604,0.0304686,30.7218,21.4437,50.9299
1759345599518138368,-1007.48,911.74,-2384.54,0.343429,-0.768507,-0.491139,0.224133,-20.8735,16.25,-87.4278,-0.0116557,0.0196576,0.0304686,30.7218,21.4436,50.9304
1759345599528138496,-1007.69,911.901,-2385.42,0.34492,-0.767891,-0.491315,0.223567,-20.8674,16.0406,-87.0502,-0.011656,0.0196547,0.0304687,30.7218,21.4434,50.9308
1759345599538138368,-1007.89,912.06,-2386.28,0.346413,-0.767273,-0.491482,0.223014,-20.8615,15.8298,-86.6727,-0.0116563,0.0196519,0.0304687,30.7217,21.4433,50.9313
1759345599548138496,-1008.1,912.217,-2387.15,0.347894,-0.766647,-0.491651,0.222491,-20.8548,15.6173,-86.2961,-0.0116566,0.019649,0.0304688,30.7217,21.4432,50.9318
1759345599558138368,-1008.31,912.372,-2388.01,0.349342,-0.76603,-0.491807,0.222,-20.8469,15.403,-85.9215,-0.0116569,0.0196462,0.0304688,30.7217,21.443,50.9323
1759345599568138240,-1008.52,912.525,-2388.87,0.350788,-0.765408,-0.491955,0.221538,-20.8355,15.1864,-85.5514,-0.0116572,0.0196433,0.0304689,30.7217,21.4429,50.9327
1759345599578138368,-1008.73,912.675,-2389.72,0.35225,-0.764779,-0.492096,0.221078,-20.8226,14.9676,-85.1828,-0.0116574,0.0196405,0.0304689,30.7216,21.4428,50.9332
1759345599588138240,-1008.94,912.824,-2390.57,0.35372,-0.764147,-0.49222,0.220636,-20.8095,14.7474,-84.8143,-0.0116577,0.0196377,0.0304689,30.7216,21.4426,50.9337
1759345599598138368,-1009.14,912.97,-2391.42,0.355196,-0.763504,-0.492359,0.220183,-20.7986,14.5275,-84.4429,-0.011658,0.0196348,0.030469,30.7216,21.4425,50.9342
1759345599608138240,-1009.35,913.114,-2392.26,0.356654,-0.762866,-0.492475,0.219775,-20.789,14.3083,-84.0705,-0.0116583,0.019632,0.030469,30.7216,21.4424,50.9347
1759345599618138368,-1009.56,913.256,-2393.1,0.358088,-0.762242,-0.492564,0.21941,-20.7783,14.0884,-83.6995,-0.0116585,0.0196292,0.030469,30.7216,21.4423,50.9352
1759345599628138240,-1009.77,913.395,-2393.93,0.359428,-0.761641,-0.492652,0.219109,-20.7631,13.8669,-83.3342,-0.0116588,0.0196264,0.0304691,30.7215,21.4421,50.9357
1759345599638138368,-1009.98,913.532,-2394.76,0.360677,-0.76107,-0.492715,0.218898,-20.7468,13.6437,-82.9703,-0.0116591,0.0196236,0.0304691,30.7215,21.442,50.9362
1759345599648138240,-1010.18,913.667,-2395.59,0.361901,-0.760518,-0.492756,0.218704,-20.7277,13.4183,-82.6094,-0.0116593,0.0196208,0.0304691,30.7215,21.4419,50.9367
1759345599658138368,-1010.39,913.8,-2396.41,0.363179,-0.759959,-0.492772,0.218492,-20.7132,13.1905,-82.2441,-0.0116596,0.019618,0.0304691,30.7215,21.4418,50.9372
1759345599668138240,-1010.6,913.931,-2397.23,0.364533,-0.75937,-0.492791,0.21824,-20.7023,12.9607,-81.876,-0.0116598,0.0196152,0.0304691,30.7215,21.4416,50.9377
1759345599678138368,-1010.8,914.059,-2398.05,0.36602,-0.758743,-0.492798,0.217918,-20.6985,12.7284,-81.503,-0.0116601,0.0196124,0.0304692,30.7215,21.4415,50.9382
1759345599688138240,-1011.01,914.185,-2398.86,0.367637,-0.758076,-0.4928,0.217514,-20.6949,12.4931,-81.1318,-0.0116603,0.0196096,0.0304692,30.7215,21.4414,50.9387
1759345599698138112,-1011.22,914.308,-2399.67,0.369358,-0.757361,-0.492819,0.217047,-20.6893,12.2557,-80.7633,-0.0116606,0.0196069,0.0304692,30.7215,21.4413,50.9392
1759345599708138240,-1011.42,914.43,-2400.48,0.3712,-0.756603,-0.492826,0.21653,-20.6774,12.0164,-80.4004,-0.0116608,0.0196041,0.0304692,30.7214,21.4412,50.9397
1759345599718138112,-1011.63,914.548,-2401.28,0.373187,-0.75579,-0.492834,0.215933,-20.6633,11.775,-80.0395,-0.011661,0.0196013,0.0304692,30.7214,21.4411,50.9402
1759345599728138240,-1011.84,914.665,-2402.08,0.375273,-0.754933,-0.492837,0.215309,-20.6431,11.5313,-79.6825,-0.0116613,0.0195985,0.0304692,30.7214,21.4409,50.9407
1759345599738138112,-1012.04,914.779,-2402.87,0.377369,-0.754056,-0.492839,0.214715,-20.6209,11.2866,-79.3284,-0.0116615,0.0195958,0.0304692,30.7214,21.4408,50.9413
1759345599748138240,-1012.25,914.89,-2403.67,0.379382,-0.753203,-0.492828,0.214184,-20.5977,11.0409,-78.977,-0.0116617,0.019593,0.0304692,30.7214,21.4407,50.9418
1759345599758138112,-1012.46,914.999,-2404.45,0.381244,-0.752408,-0.49279,0.213761,-20.5753,10.7964,-78.6289,-0.011662,0.0195903,0.0304692,30.7214,21.4406,50.9423
1759345599768138240,-1012.66,915.105,-2405.24,0.38288,-0.751699,-0.49272,0.21349,-20.5549,10.5526,-78.2845,-0.0116622,0.0195876,0.0304692,30.7214,21.4405,50.9428
1759345599778138112,-1012.87,915.209,-2406.02,0.38427,-0.751089,-0.49261,0.213391,-20.5356,10.3088,-77.9426,-0.0116624,0.0195848,0.0304692,30.7214,21.4404,50.9434
1759345599788138240,-1013.07,915.311,-2406.8,0.385475,-0.750559,-0.492432,0.213495,-20.5182,10.0649,-77.6036,-0.0116626,0.0195821,0.0304692,30.7214,21.4403,50.9439
1759345599798138112,-1013.28,915.41,-2407.57,0.386455,-0.750134,-0.492237,0.213667,-20.5006,9.81981,-77.2653,-0.0116628,0.0195794,0.0304692,30.7214,21.4402,50.9444
1759345599808138240,-1013.48,915.507,-2408.34,0.38727,-0.749768,-0.492034,0.213946,-20.4844,9.57274,-76.9282,-0.011663,0.0195767,0.0304691,30.7214,21.4401,50.945
1759345599818138112,-1013.69,915.601,-2409.11,0.387997,-0.749456,-0.491806,0.214242,-20.4672,9.32244,-76.5909,-0.0116633,0.019574,0.0304691,30.7214,21.44,50.9455
1759345599828138240,-1013.89,915.693,-2409.87,0.388739,-0.749137,-0.491581,0.214532,-20.4482,9.0698,-76.2532,-0.0116635,0.0195713,0.0304691,30.7214,21.4399,50.946
1759345599838138112,-1014.1,915.782,-2410.63,0.389499,-0.7488,-0.491394,0.214757,-20.4256,8.81387,-75.9139,-0.0116637,0.0195686,0.0304691,30.7214,21.4398,50.9466
1759345599848137984,-1014.3,915.869,-2411.39,0.390278,-0.748463,-0.491226,0.2149,-20.3992,8.55656,-75.5731,-0.0116639,0.0195659,0.0304691,30.7214,21.4397,50.9471
1759345599858138112,-1014.5,915.953,-2412.14,0.391119,-0.748075,-0.491099,0.215015,-20.37,8.29852,-75.2314,-0.0116641,0.0195632,0.0304691,30.7214,21.4396,50.9477
1759345599868137984,-1014.71,916.034,-2412.89,0.391902,-0.747662,-0.491134,0.214947,-20.3374,8.04059,-74.8884,-0.0116642,0.0195605,0.0304691,30.7214,21.4395,50.9482
1759345599878138112,-1014.91,916.113,-2413.64,0.392854,-0.747283,-0.490926,0.215,-20.3039,7.78221,-74.5459,-0.0116644,0.0195579,0.0304691,30.7214,21.4394,50.9488
1759345599888137984,-1015.11,916.19,-2414.39,0.393765,-0.746851,-0.490851,0.215007,-20.2685,7.52425,-74.2032,-0.0116646,0.0195552,0.030469,30.7214,21.4393,50.9493
1759345599898138112,-1015.32,916.263,-2415.13,0.39466,-0.74642,-0.4908,0.214982,-20.2328,7.26657,-73.8618,-0.0116648,0.0195525,0.030469,30.7215,21.4392,50.9499
1759345599908137984,-1015.52,916.334,-2415.86,0.395469,-0.745963,-0.490862,0.214936,-20.1972,7.00877,-73.5213,-0.011665,0.0195499,0.030469,30.7215,21.4391,50.9505
1759345599918138112,-1015.72,916.403,-2416.6,0.396302,-0.745535,-0.490821,0.214982,-20.1628,6.75111,-73.1822,-0.0116651,0.0195473,0.030469,30.7215,21.439,50.951
1759345599928137984,-1015.92,916.469,-2417.33,0.397164,-0.74511,-0.490743,0.215043,-20.1292,6.4929,-72.8436,-0.0116653,0.0195446,0.030469,30.7215,21.4389,50.9516
1759345599938138112,-1016.12,916.532,-2418.05,0.398003,-0.744699,-0.490652,0.215123,-20.0956,6.23392,-72.5058,-0.0116655,0.019542,0.030469,30.7215,21.4388,50.9521
1759345599948137984,-1016.32,916.593,-2418.78,0.398906,-0.744347,-0.490373,0.215307,-20.0622,5.97386,-72.1687,-0.0116657,0.0195394,0.0304689,30.7215,21.4387,50.9527
1759345599958138112,-1016.52,916.651,-2419.5,0.399702,-0.743948,-0.490304,0.215363,-20.028,5.71299,-71.8322,-0.0116658,0.0195367,0.0304689,30.7215,21.4386,50.9533
1759345599968137984,-1016.72,916.707,-2420.21,0.400533,-0.743558,-0.490178,0.215453,-19.9927,5.45102,-71.496,-0.011666,0.0195341,0.0304689,30.7216,21.4385,50.9538
1759345599978137856,-1016.92,916.76,-2420.92,0.401383,-0.743165,-0.490051,0.215515,-19.9563,5.18774,-71.1601,-0.0116661,0.0195315,0.0304689,30.7216,21.4385,50.9544
1759345599988137984,-1017.12,916.81,-2421.63,0.402279,-0.742802,-0.489821,0.215622,-19.9191,4.92343,-70.8246,-0.0116663,0.0195289,0.0304689,30.7216,21.4384,50.955
1759345599998137856,-1017.32,916.858,-2422.34,0.403105,-0.742402,-0.489736,0.21565,-19.8812,4.65817,-70.4892,-0.0116665,0.0195263,0.0304688,30.7216,21.4383,50.9556
1759345600008137984,-1017.52,916.903,-2423.04,0.40399,-0.742013,-0.489579,0.215687,-19.8432,4.39205,-70.1546,-0.0116666,0.0195237,0.0304688,30.7216,21.4382,50.9561
1759345600018137856,-1017.72,916.945,-2423.74,0.404855,-0.741645,-0.489428,0.215675,-19.8049,4.12496,-69.8208,-0.0116668,0.0195212,0.0304688,30.7217,21.4381,50.9567
1759345600028137984,-1017.92,916.985,-2424.44,0.405734,-0.741261,-0.489293,0.215647,-19.7665,3.85654,-69.4883,-0.0116669,0.0195186,0.0304688,30.7217,21.4381,50.9573
1759345600038137856,-1018.11,917.022,-2425.13,0.406658,-0.740881,-0.489099,0.215654,-19.7277,3.58725,-69.1563,-0.0116671,0.019516,0.0304687,30.7217,21.438,50.9579
1759345600048137984,-1018.31,917.056,-2425.82,0.407576,-0.740497,-0.488903,0.215685,-19.6887,3.317,-68.8248,-0.0116672,0.0195134,0.0304687,30.7217,21.4379,50.9585
1759345600058137856,-1018.51,917.088,-2426.51,0.408478,-0.740112,-0.488721,0.215711,-19.649,3.04631,-68.4936,-0.0116673,0.0195109,0.0304687,30.7218,21.4378,50.9591
1759345600068137984,-1018.7,917.117,-2427.19,0.409341,-0.73974,-0.488558,0.215721,-19.6085,2.77512,-68.1628,-0.0116675,0.0195083,0.0304686,30.7218,21.4378,50.9597
1759345600078137856,-1018.9,917.143,-2427.87,0.41021,-0.739374,-0.488372,0.215747,-19.5675,2.5036,-67.8326,-0.0116676,0.0195058,0.0304686,30.7218,21.4377,50.9602
1759345600088137984,-1019.1,917.166,-2428.55,0.411043,-0.739025,-0.48817,0.215814,-19.5255,2.23201,-67.5035,-0.0116678,0.0195032,0.0304686,30.7219,21.4376,50.9608
1759345600098137856,-1019.29,917.187,-2429.22,0.411833,-0.738683,-0.487982,0.215903,-19.4827,1.96003,-67.1752,-0.0116679,0.0195007,0.0304686,30.7219,21.4375,50.9614
1759345600108137728,-1019.49,917.205,-2429.89,0.412569,-0.738358,-0.487815,0.215988,-19.4388,1.68749,-66.848,-0.011668,0.0194981,0.0304685,30.7219,21.4375,50.962
1759345600118137856,-1019.68,917.22,-2430.56,0.413269,-0.738058,-0.487624,0.216105,-19.3943,1.41421,-66.5213,-0.0116681,0.0194956,0.0304685,30.7219,21.4374,50.9626
1759345600128137728,-1019.87,917.233,-2431.22,0.413957,-0.737759,-0.487424,0.216263,-19.3489,1.13982,-66.1953,-0.0116683,0.0194931,0.0304685,30.722,21.4373,50.9632
1759345600138137856,-1020.07,917.243,-2431.88,0.414604,-0.737493,-0.487205,0.216424,-19.3028,0.864883,-65.8693,-0.0116684,0.0194906,0.0304684,30.722,21.4373,50.9638
1759345600148137728,-1020.26,917.25,-2432.54,0.415233,-0.737225,-0.48701,0.21657,-19.256,0.589478,-65.5433,-0.0116685,0.0194881,0.0304684,30.7221,21.4372,50.9644
1759345600158137856,-1020.45,917.254,-2433.19,0.415858,-0.736962,-0.486808,0.216721,-19.2084,0.31367,-65.217,-0.0116686,0.0194856,0.0304684,30.7221,21.4372,50.965
1759345600168137728,-1020.64,917.255,-2433.84,0.416495,-0.736677,-0.486628,0.216869,-19.1605,0.0370993,-64.8915,-0.0116687,0.0194831,0.0304683,30.7221,21.4371,50.9657
1759345600178137856,-1020.83,917.254,-2434.49,0.417146,-0.736403,-0.486432,0.21699,-19.1121,-0.240146,-64.5665,-0.0116688,0.0194806,0.0304683,30.7222,21.437,50.9663
1759345600188137728,-1021.03,917.25,-2435.13,0.417821,-0.736125,-0.48622,0.217107,-19.0634,-0.51818,-64.242,-0.0116689,0.0194781,0.0304682,30.7222,21.437,50.9669
1759345600198137856,-1021.22,917.243,-2435.77,0.41852,-0.735838,-0.486018,0.217188,-19.014,-0.796935,-63.9181,-0.011669,0.0194756,0.0304682,30.7223,21.4369,50.9675
1759345600208137728,-1021.41,917.234,-2436.41,0.419252,-0.735538,-0.485818,0.217239,-18.964,-1.07701,-63.5947,-0.0116691,0.0194731,0.0304682,30.7223,21.4369,50.9681
1759345600218137856,-1021.6,917.221,-2437.05,0.420009,-0.735229,-0.485612,0.217284,-18.913,-1.35833,-63.2714,-0.0116692,0.0194706,0.0304681,30.7224,21.4368,50.9687
1759345600228137728,-1021.78,917.206,-2437.68,0.420783,-0.734933,-0.485387,0.217291,-18.8613,-1.64058,-62.9483,-0.0116693,0.0194682,0.0304681,30.7224,21.4368,50.9693
1759345600238137600,-1021.97,917.188,-2438.3,0.421571,-0.734622,-0.485169,0.2173,-18.8087,-1.92365,-62.6254,-0.0116694,0.0194657,0.0304681,30.7225,21.4367,50.97
1759345600248137728,-1022.16,917.167,-2438.93,0.42235,-0.734299,-0.484978,0.217305,-18.755,-2.20745,-62.3026,-0.0116695,0.0194632,0.030468,30.7225,21.4367,50.9706
1759345600258137600,-1022.35,917.143,-2439.55,0.423161,-0.733967,-0.48478,0.217293,-18.7005,-2.49204,-61.9803,-0.0116696,0.0194608,0.030468,30.7226,21.4366,50.9712
1759345600268137728,-1022.53,917.117,-2440.17,0.423996,-0.733643,-0.484545,0.217283,-18.645,-2.77765,-61.6585,-0.0116697,0.0194583,0.0304679,30.7226,21.4366,50.9718
1759345600278137600,-1022.72,917.087,-2440.78,0.424823,-0.733323,-0.484297,0.217299,-18.589,-3.06401,-61.3374,-0.0116698,0.0194559,0.0304679,30.7227,21.4365,50.9725
1759345600288137728,-1022.91,917.055,-2441.39,0.425641,-0.732981,-0.484092,0.217308,-18.5325,-3.35126,-61.0173,-0.0116698,0.0194534,0.0304678,30.7227,21.4365,50.9731
1759345600298137600,-1023.09,917.02,-2442,0.426456,-0.732647,-0.483876,0.217319,-18.476,-3.63918,-60.6983,-0.0116699,0.019451,0.0304678,30.7228,21.4365,50.9737
1759345600308137728,-1023.28,916.982,-2442.61,0.427243,-0.732331,-0.483642,0.21736,-18.419,-3.92773,-60.3802,-0.01167,0.0194485,0.0304677,30.7228,21.4364,50.9744
1759345600318137600,-1023.46,916.941,-2443.21,0.428032,-0.73202,-0.483389,0.217418,-18.3615,-4.21682,-60.0633,-0.0116701,0.0194461,0.0304677,30.7229,21.4364,50.975
1759345600328137728,-1023.64,916.897,-2443.81,0.428773,-0.731728,-0.483138,0.217498,-18.3035,-4.50633,-59.7471,-0.0116701,0.0194437,0.0304676,30.7229,21.4363,50.9756
1759345600338137600,-1023.83,916.85,-2444.4,0.429487,-0.731444,-0.482887,0.217603,-18.2451,-4.79642,-59.4315,-0.0116702,0.0194413,0.0304676,30.723,21.4363,50.9763
1759345600348137728,-1024.01,916.801,-2445,0.430164,-0.731183,-0.48262,0.217732,-18.1862,-5.08743,-59.1167,-0.0116703,0.0194389,0.0304675,30.7231,21.4363,50.9769
1759345600358137600,-1024.19,916.748,-2445.59,0.430818,-0.730934,-0.482332,0.217914,-18.1266,-5.37907,-58.8022,-0.0116703,0.0194365,0.0304675,30.7231,21.4362,50.9776
1759345600368137472,-1024.37,916.692,-2446.17,0.431422,-0.730694,-0.48207,0.218105,-18.0663,-5.67179,-58.4878,-0.0116704,0.019434,0.0304674,30.7232,21.4362,50.9782
1759345600378137600,-1024.55,916.634,-2446.76,0.43199,-0.730466,-0.481812,0.218314,-18.0057,-5.96519,-58.1729,-0.0116705,0.0194316,0.0304674,30.7233,21.4362,50.9788
1759345600388137472,-1024.73,916.573,-2447.34,0.432572,-0.730239,-0.481529,0.218545,-17.9445,-6.25906,-57.8579,-0.0116705,0.0194293,0.0304673,30.7233,21.4362,50.9795
1759345600398137600,-1024.91,916.508,-2447.91,0.433144,-0.730004,-0.48126,0.21879,-17.8825,-6.55328,-57.5428,-0.0116706,0.0194269,0.0304673,30.7234,21.4361,50.9801
1759345600408137472,-1025.09,916.441,-2448.49,0.433689,-0.729782,-0.480996,0.219031,-17.8192,-6.84796,-57.2286,-0.0116706,0.0194245,0.0304672,30.7235,21.4361,50.9808
1759345600418137600,-1025.27,916.371,-2449.06,0.434197,-0.729574,-0.480745,0.219271,-17.7546,-7.14294,-56.915,-0.0116707,0.0194221,0.0304672,30.7235,21.4361,50.9814
1759345600428137472,-1025.44,916.298,-2449.62,0.43474,-0.729335,-0.480476,0.219576,-17.6884,-7.43803,-56.6021,-0.0116707,0.0194197,0.0304671,30.7236,21.4361,50.9821
1759345600438137600,-1025.62,916.222,-2450.19,0.435257,-0.729103,-0.480231,0.21986,-17.621,-7.73337,-56.2896,-0.0116707,0.0194174,0.0304671,30.7237,21.436,50.9827
1759345600448137472,-1025.8,916.143,-2450.75,0.435773,-0.728877,-0.479961,0.220174,-17.5518,-8.02881,-55.9777,-0.0116708,0.019415,0.030467,30.7238,21.436,50.9834
1759345600458137600,-1025.97,916.061,-2451.31,0.436259,-0.728666,-0.479689,0.220506,-17.4816,-8.32443,-55.666,-0.0116708,0.0194126,0.030467,30.7238,21.436,50.984
1759345600468137472,-1026.15,915.976,-2451.86,0.43671,-0.728448,-0.479435,0.220884,-17.4106,-8.62013,-55.3543,-0.0116709,0.0194103,0.0304669,30.7239,21.436,50.9847
1759345600478137600,-1026.32,915.888,-2452.41,0.437146,-0.728266,-0.479153,0.221235,-17.3395,-8.91562,-55.0425,-0.0116709,0.0194079,0.0304669,30.724,21.436,50.9854
1759345600488137472,-1026.49,915.797,-2452.96,0.437553,-0.728089,-0.478858,0.221649,-17.2682,-9.211,-54.7315,-0.0116709,0.0194056,0.0304668,30.7241,21.436,50.986
1759345600498137600,-1026.67,915.703,-2453.51,0.437891,-0.72793,-0.478598,0.222063,-17.1963,-9.50633,-54.4211,-0.011671,0.0194033,0.0304667,30.7242,21.436,50.9867
1759345600508137472,-1026.84,915.606,-2454.05,0.438203,-0.727782,-0.478305,0.222565,-17.1239,-9.80153,-54.1121,-0.011671,0.0194009,0.0304667,30.7242,21.436,50.9873
1759345600518137344,-1027.01,915.507,-2454.59,0.438459,-0.727662,-0.478005,0.223098,-17.0504,-10.0966,-53.8033,-0.011671,0.0193986,0.0304666,30.7243,21.436,50.988
1759345600528137472,-1027.18,915.404,-2455.13,0.438666,-0.727562,-0.477713,0.22364,-16.976,-10.3913,-53.4956,-0.0116711,0.0193963,0.0304666,30.7244,21.4359,50.9887
1759345600538137344,-1027.35,915.298,-2455.66,0.438857,-0.727473,-0.477412,0.224198,-16.9001,-10.6855,-53.1881,-0.0116711,0.019394,0.0304665,30.7245,21.4359,50.9893
1759345600548137472,-1027.52,915.19,-2456.19,0.438985,-0.727408,-0.477133,0.224753,-16.8227,-10.9794,-52.8804,-0.0116711,0.0193917,0.0304665,30.7246,21.4359,50.99
1759345600558137344,-1027.68,915.078,-2456.72,0.439119,-0.727309,-0.476839,0.225434,-16.7437,-11.2728,-52.572,-0.0116711,0.0193894,0.0304664,30.7247,21.436,50.9907
1759345600568137472,-1027.85,914.964,-2457.24,0.439147,-0.727291,-0.476554,0.226041,-16.6631,-11.5657,-52.263,-0.0116712,0.0193871,0.0304664,30.7248,21.436,50.9913
1759345600578137344,-1028.02,914.846,-2457.76,0.439165,-0.727262,-0.476268,0.2267,-16.5812,-11.8583,-51.9538,-0.0116712,0.0193848,0.0304663,30.7249,21.436,50.992
1759345600588137472,-1028.18,914.726,-2458.28,0.439181,-0.727232,-0.475962,0.227405,-16.4985,-12.1504,-51.6444,-0.0116712,0.0193825,0.0304663,30.725,21.436,50.9927
1759345600598137344,-1028.35,914.603,-2458.79,0.439185,-0.727197,-0.47568,0.228099,-16.4149,-12.442,-51.335,-0.0116712,0.0193802,0.0304663,30.7251,21.436,50.9933
1759345600608137472,-1028.51,914.477,-2459.31,0.439189,-0.727156,-0.475408,0.22879,-16.3311,-12.7329,-51.0263,-0.0116712,0.0193779,0.0304662,30.7252,21.436,50.994
1759345600618137344,-1028.67,914.348,-2459.82,0.439142,-0.727132,-0.475149,0.229493,-16.2468,-13.0233,-50.7178,-0.0116713,0.0193757,0.0304662,30.7253,21.436,50.9947
1759345600628137472,-1028.84,914.216,-2460.32,0.439052,-0.727164,-0.474854,0.230174,-16.1618,-13.3132,-50.4093,-0.0116713,0.0193734,0.0304661,30.7254,21.436,50.9953
1759345600638137344,-1029,914.081,-2460.82,0.438945,-0.727177,-0.47457,0.230921,-16.0767,-13.6024,-50.1008,-0.0116713,0.0193712,0.0304661,30.7255,21.4361,50.996
1759345600648137216,-1029.16,913.943,-2461.32,0.438798,-0.727215,-0.474295,0.231645,-15.9901,-13.8911,-49.7928,-0.0116713,0.0193689,0.030466,30.7256,21.4361,50.9967
1759345600658137344,-1029.32,913.803,-2461.82,0.438627,-0.727211,-0.474131,0.232314,-15.9023,-14.1794,-49.4849,-0.0116713,0.0193667,0.030466,30.7257,21.4361,50.9974
1759345600668137216,-1029.48,913.659,-2462.31,0.438498,-0.727213,-0.473888,0.233045,-15.8135,-14.4676,-49.1764,-0.0116713,0.0193645,0.030466,30.7258,21.4361,50.998
1759345600678137344,-1029.63,913.513,-2462.8,0.438357,-0.727223,-0.473651,0.233762,-15.7235,-14.7553,-48.8675,-0.0116713,0.0193622,0.0304659,30.7259,21.4362,50.9987
1759345600688137216,-1029.79,913.364,-2463.29,0.438246,-0.72723,-0.473411,0.234435,-15.6325,-15.0427,-48.5576,-0.0116714,0.01936,0.0304659,30.726,21.4362,50.9994
1759345600698137344,-1029.95,913.212,-2463.77,0.438143,-0.72722,-0.473189,0.235104,-15.54,-15.3297,-48.2473,-0.0116714,0.0193578,0.0304658,30.7262,21.4362,51.0001
1759345600708137216,-1030.1,913.057,-2464.25,0.438071,-0.727182,-0.472995,0.235747,-15.4462,-15.6162,-47.9367,-0.0116714,0.0193556,0.0304658,30.7263,21.4363,51.0007
1759345600718137344,-1030.26,912.899,-2464.73,0.43804,-0.727126,-0.472804,0.236359,-15.3516,-15.902,-47.6259,-0.0116714,0.0193534,0.0304658,30.7264,21.4363,51.0014
1759345600728137216,-1030.41,912.738,-2465.21,0.438018,-0.727073,-0.472626,0.23692,-15.256,-16.1873,-47.3149,-0.0116714,0.0193512,0.0304657,30.7265,21.4363,51.0021
1759345600738137344,-1030.56,912.575,-2465.68,0.438004,-0.727001,-0.472467,0.23748,-15.1595,-16.472,-47.0036,-0.0116714,0.019349,0.0304657,30.7266,21.4364,51.0028
1759345600748137216,-1030.71,912.408,-2466.14,0.438053,-0.726937,-0.472234,0.238048,-15.0621,-16.7563,-46.6919,-0.0116714,0.0193469,0.0304657,30.7268,21.4364,51.0035
1759345600758137344,-1030.86,912.239,-2466.61,0.438078,-0.726838,-0.472091,0.238586,-14.9634,-17.0401,-46.3798,-0.0116714,0.0193447,0.0304657,30.7269,21.4365,51.0041
1759345600768137216,-1031.01,912.067,-2467.07,0.438114,-0.726721,-0.471982,0.239094,-14.8636,-17.3237,-46.0675,-0.0116714,0.0193425,0.0304656,30.727,21.4365,51.0048
1759345600778137088,-1031.16,911.892,-2467.53,0.438146,-0.726606,-0.471877,0.23959,-14.7629,-17.6075,-45.754,-0.0116713,0.0193404,0.0304656,30.7272,21.4366,51.0055
1759345600788137216,-1031.31,911.714,-2467.99,0.438196,-0.726482,-0.471774,0.240079,-14.661,-17.8912,-45.4397,-0.0116713,0.0193382,0.0304656,30.7273,21.4366,51.0062
1759345600798137088,-1031.45,911.534,-2468.44,0.438224,-0.726356,-0.471716,0.240521,-14.5571,-18.1748,-45.125,-0.0116713,0.019336,0.0304656,30.7274,21.4367,51.0068
1759345600808137216,-1031.6,911.35,-2468.89,0.438265,-0.726217,-0.471662,0.240972,-14.4515,-18.458,-44.81,-0.0116713,0.0193339,0.0304655,30.7276,21.4367,51.0075
1759345600818137088,-1031.74,911.164,-2469.34,0.438297,-0.726083,-0.471612,0.241413,-14.3444,-18.7407,-44.4947,-0.0116713,0.0193318,0.0304655,30.7277,21.4368,51.0082
1759345600828137216,-1031.89,910.975,-2469.78,0.438299,-0.725956,-0.471576,0.241861,-14.2358,-19.0227,-44.179,-0.0116713,0.0193296,0.0304655,30.7279,21.4369,51.0089
1759345600838137088,-1032.03,910.783,-2470.22,0.438288,-0.725839,-0.471537,0.242311,-14.126,-19.304,-43.8633,-0.0116712,0.0193275,0.0304655,30.728,21.4369,51.0096
1759345600848137216,-1032.17,910.589,-2470.66,0.438253,-0.725716,-0.471522,0.242771,-14.0151,-19.5849,-43.5475,-0.0116712,0.0193254,0.0304655,30.7281,21.437,51.0102
1759345600858137088,-1032.31,910.391,-2471.09,0.438208,-0.725615,-0.471486,0.243222,-13.903,-19.8652,-43.2321,-0.0116712,0.0193233,0.0304655,30.7283,21.4371,51.0109
1759345600868137216,-1032.45,910.191,-2471.52,0.438162,-0.72551,-0.471459,0.243671,-13.7895,-20.1451,-42.9168,-0.0116711,0.0193212,0.0304654,30.7285,21.4372,51.0116
1759345600878137088,-1032.59,909.988,-2471.95,0.438114,-0.725387,-0.471461,0.24412,-13.674,-20.4247,-42.6018,-0.0116711,0.0193191,0.0304654,30.7286,21.4372,51.0123
1759345600888137216,-1032.72,909.782,-2472.37,0.438064,-0.725312,-0.471406,0.244539,-13.5566,-20.7036,-42.2871,-0.0116711,0.019317,0.0304654,30.7288,21.4373,51.013
1759345600898137088,-1032.86,909.573,-2472.79,0.438011,-0.725209,-0.471401,0.244949,-13.4373,-20.9821,-41.9726,-0.011671,0.0193149,0.0304654,30.7289,21.4374,51.0137
1759345600908136960,-1032.99,909.362,-2473.21,0.43799,-0.725114,-0.471376,0.245314,-13.3162,-21.2602,-41.6587,-0.011671,0.0193128,0.0304654,30.7291,21.4375,51.0143
1759345600918137088,-1033.12,909.147,-2473.63,0.437967,-0.725019,-0.471357,0.245672,-13.1936,-21.5382,-41.3447,-0.0116709,0.0193107,0.0304654,30.7292,21.4376,51.015
1759345600928136960,-1033.26,908.93,-2474.04,0.437898,-0.725024,-0.471272,0.245942,-13.0698,-21.8159,-41.0308,-0.0116709,0.0193086,0.0304654,30.7294,21.4377,51.0157
1759345600938137088,-1033.39,908.711,-2474.45,0.437841,-0.725064,-0.471141,0.24618,-12.9456,-22.0937,-40.7172,-0.0116709,0.0193066,0.0304654,30.7296,21.4378,51.0164
1759345600948136960,-1033.51,908.488,-2474.85,0.43779,-0.725103,-0.471012,0.246399,-12.8209,-22.3716,-40.4038,-0.0116708,0.0193045,0.0304654,30.7298,21.4379,51.017
1759345600958137088,-1033.64,908.263,-2475.25,0.43775,-0.725139,-0.470897,0.246586,-12.6958,-22.6494,-40.0907,-0.0116708,0.0193025,0.0304654,30.7299,21.438,51.0177
1759345600968136960,-1033.77,908.035,-2475.65,0.437705,-0.725175,-0.470791,0.24676,-12.5695,-22.9276,-39.7779,-0.0116707,0.0193004,0.0304653,30.7301,21.4381,51.0184
1759345600978137088,-1033.89,907.804,-2476.05,0.437671,-0.725207,-0.470686,0.246929,-12.4423,-23.2059,-39.4651,-0.0116707,0.0192984,0.0304653,30.7303,21.4382,51.0191
1759345600988136960,-1034.02,907.57,-2476.44,0.437761,-0.724383,-0.471421,0.247781,-12.3139,-23.4843,-39.152,-0.0116706,0.0192964,0.0304653,30.7305,21.4383,51.0197
1759345600998137088,-1034.14,907.333,-2476.83,0.437763,-0.724301,-0.471431,0.248002,-12.1831,-23.7622,-38.839,-0.0116706,0.0192943,0.0304653,30.7307,21.4384,51.0204
1759345601008136960,-1034.26,907.094,-2477.22,0.437726,-0.724213,-0.471479,0.24823,-12.0515,-24.0399,-38.5259,-0.0116705,0.0192923,0.0304653,30.7308,21.4385,51.0211
1759345601018137088,-1034.38,906.852,-2477.6,0.437675,-0.724145,-0.471515,0.248452,-11.919,-24.3171,-38.2133,-0.0116704,0.0192903,0.0304653,30.731,21.4386,51.0218
1759345601028136960,-1034.5,906.607,-2477.98,0.437676,-0.724128,-0.471443,0.248637,-11.7857,-24.5942,-37.901,-0.0116704,0.0192883,0.0304653,30.7312,21.4388,51.0224
1759345601038136832,-1034.62,906.36,-2478.36,0.437666,-0.724061,-0.471463,0.248811,-11.6513,-24.8717,-37.589,-0.0116703,0.0192863,0.0304653,30.7314,21.4389,51.0231
1759345601048136960,-1034.73,906.109,-2478.73,0.437682,-0.723966,-0.471475,0.249036,-11.5154,-25.1493,-37.2766,-0.0116703,0.0192843,0.0304653,30.7316,21.439,51.0238
1759345601058136832,-1034.85,905.856,-2479.1,0.437713,-0.723871,-0.471517,0.249177,-11.3783,-25.4268,-36.9639,-0.0116702,0.0192823,0.0304653,30.7318,21.4392,51.0245
1759345601068136960,-1034.96,905.6,-2479.47,0.437772,-0.723777,-0.471549,0.249287,-11.2398,-25.7039,-36.6504,-0.0116701,0.0192804,0.0304653,30.732,21.4393,51.0251
1759345601078136832,-1035.07,905.342,-2479.84,0.437852,-0.723652,-0.471604,0.249408,-11.101,-25.9802,-36.3367,-0.0116701,0.0192784,0.0304653,30.7323,21.4394,51.0258
1759345601088136960,-1035.18,905.08,-2480.2,0.437935,-0.723553,-0.471636,0.249488,-10.9618,-26.2562,-36.023,-0.01167,0.0192764,0.0304653,30.7325,21.4396,51.0265
1759345601098136832,-1035.29,904.816,-2480.56,0.438027,-0.723455,-0.471673,0.249538,-10.8229,-26.5321,-35.7093,-0.0116699,0.0192745,0.0304653,30.7327,21.4397,51.0271
1759345601108136960,-1035.4,904.549,-2480.91,0.43812,-0.723356,-0.471727,0.24956,-10.684,-26.8078,-35.3957,-0.0116699,0.0192725,0.0304653,30.7329,21.4399,51.0278
1759345601118136832,-1035.51,904.28,-2481.26,0.438211,-0.723255,-0.471787,0.24958,-10.5454,-27.0833,-35.0821,-0.0116698,0.0192705,0.0304653,30.7331,21.44,51.0284
1759345601128136960,-1035.61,904.007,-2481.61,0.438297,-0.723128,-0.471879,0.249625,-10.4064,-27.3584,-34.7687,-0.0116697,0.0192686,0.0304653,30.7333,21.4402,51.0291
1759345601138136832,-1035.72,903.732,-2481.96,0.438379,-0.723034,-0.471938,0.249642,-10.2671,-27.6332,-34.4548,-0.0116697,0.0192667,0.0304653,30.7336,21.4404,51.0298
1759345601148136960,-1035.82,903.454,-2482.3,0.438434,-0.722907,-0.472067,0.249666,-10.1281,-27.9071,-34.1393,-0.0116696,0.0192647,0.0304653,30.7338,21.4405,51.0304
1759345601158136832,-1035.92,903.173,-2482.64,0.438517,-0.722865,-0.472079,0.249621,-9.98786,-28.1806,-33.8243,-0.0116695,0.0192628,0.0304653,30.734,21.4407,51.0311
1759345601168136960,-1036.02,902.89,-2482.98,0.438569,-0.722783,-0.472174,0.249588,-9.8469,-28.454,-33.5097,-0.0116695,0.0192609,0.0304653,30.7343,21.4409,51.0317
1759345601178136832,-1036.12,902.604,-2483.31,0.438624,-0.722721,-0.472215,0.249592,-9.70541,-28.7272,-33.1964,-0.0116694,0.019259,0.0304653,30.7345,21.4411,51.0324
1759345601188136704,-1036.21,902.315,-2483.64,0.438634,-0.722673,-0.472319,0.24952,-9.56359,-29.0003,-32.8836,-0.0116693,0.0192571,0.0304653,30.7348,21.4412,51.033
1759345601198136832,-1036.31,902.023,-2483.97,0.438678,-0.722628,-0.472358,0.249496,-9.4219,-29.2732,-32.5704,-0.0116693,0.0192552,0.0304653,30.735,21.4414,51.0337
1759345601208136704,-1036.4,901.729,-2484.29,0.438666,-0.722611,-0.472428,0.249434,-9.28077,-29.5468,-32.2563,-0.0116692,0.0192533,0.0304653,30.7352,21.4416,51.0344
1759345601218136832,-1036.49,901.432,-2484.61,0.438732,-0.7226,-0.472358,0.249482,-9.13982,-29.8209,-31.9417,-0.0116691,0.0192514,0.0304653,30.7355,21.4418,51.035
1759345601228136704,-1036.59,901.132,-2484.93,0.438799,-0.722622,-0.472245,0.249515,-8.99841,-30.096,-31.6271,-0.011669,0.0192496,0.0304653,30.7358,21.442,51.0356
1759345601238136832,-1036.68,900.829,-2485.25,0.438849,-0.722656,-0.472136,0.249536,-8.85702,-30.3713,-31.3122,-0.011669,0.0192477,0.0304653,30.736,21.4422,51.0363
1759345601248136704,-1036.76,900.524,-2485.56,0.438858,-0.722705,-0.472039,0.249558,-8.7155,-30.6466,-30.9972,-0.0116689,0.0192458,0.0304653,30.7363,21.4424,51.0369
1759345601258136832,-1036.85,900.216,-2485.86,0.438862,-0.722752,-0.471954,0.249576,-8.57398,-30.9225,-30.6821,-0.0116688,0.019244,0.0304653,30.7365,21.4426,51.0376
1759345601268136704,-1036.94,899.905,-2486.17,0.438324,-0.722713,-0.472903,0.248839,-8.43235,-31.1988,-30.3671,-0.0116687,0.0192421,0.0304653,30.7368,21.4428,51.0382
1759345601278136832,-1037.02,899.592,-2486.47,0.438055,-0.722785,-0.473263,0.248419,-8.29116,-31.4766,-30.0525,-0.0116687,0.0192403,0.0304653,30.7371,21.443,51.0389
1759345601288136704,-1037.1,899.275,-2486.77,0.437944,-0.722848,-0.473386,0.248195,-8.14983,-31.7561,-29.738,-0.0116686,0.0192384,0.0304653,30.7374,21.4432,51.0395
1759345601298136832,-1037.18,898.956,-2487.07,0.437875,-0.722901,-0.473492,0.247959,-8.0081,-32.0369,-29.4234,-0.0116685,0.0192366,0.0304653,30.7376,21.4435,51.0401
1759345601308136704,-1037.26,898.634,-2487.36,0.43783,-0.72292,-0.473681,0.247626,-7.86524,-32.3198,-29.1082,-0.0116684,0.0192348,0.0304653,30.7379,21.4437,51.0408
1759345601318136576,-1037.34,898.309,-2487.65,0.43787,-0.722935,-0.473836,0.247213,-7.7219,-32.6042,-28.7927,-0.0116683,0.0192329,0.0304653,30.7382,21.4439,51.0414
1759345601328136704,-1037.42,897.981,-2487.93,0.437998,-0.722895,-0.47403,0.246733,-7.57853,-32.8895,-28.4771,-0.0116683,0.0192311,0.0304653,30.7385,21.4441,51.0421
1759345601338136576,-1037.49,897.651,-2488.22,0.438205,-0.722829,-0.474215,0.246199,-7.43518,-33.176,-28.1616,-0.0116682,0.0192293,0.0304652,30.7388,21.4444,51.0427
1759345601348136704,-1037.57,897.317,-2488.5,0.438475,-0.722741,-0.474405,0.245611,-7.2922,-33.4633,-27.8464,-0.0116681,0.0192275,0.0304652,30.7391,21.4446,51.0433
1759345601358136576,-1037.64,896.981,-2488.77,0.438832,-0.722627,-0.474557,0.245016,-7.15017,-33.7513,-27.532,-0.011668,0.0192257,0.0304652,30.7394,21.4449,51.0439
1759345601368136704,-1037.71,896.642,-2489.05,0.439243,-0.722485,-0.474713,0.244394,-7.00887,-34.0395,-27.2189,-0.0116679,0.0192239,0.0304652,30.7397,21.4451,51.0446
1759345601378136576,-1037.78,896.3,-2489.32,0.439717,-0.722329,-0.474818,0.2438,-6.86823,-34.3281,-26.9068,-0.0116679,0.0192221,0.0304652,30.74,21.4454,51.0452
1759345601388136704,-1037.85,895.955,-2489.59,0.440146,-0.722186,-0.474974,0.243143,-6.72837,-34.6168,-26.5955,-0.0116678,0.0192203,0.0304651,30.7403,21.4456,51.0458
1759345601398136576,-1037.91,895.607,-2489.85,0.440627,-0.722027,-0.475102,0.242494,-6.58888,-34.906,-26.2844,-0.0116677,0.0192185,0.0304651,30.7406,21.4459,51.0464
1759345601408136704,-1037.98,895.256,-2490.11,0.441123,-0.721854,-0.475214,0.241888,-6.4498,-35.1958,-25.9736,-0.0116676,0.0192168,0.0304651,30.7409,21.4461,51.0471
1759345601418136576,-1038.04,894.903,-2490.37,0.441752,-0.72164,-0.47515,0.241502,-6.3106,-35.4862,-25.6626,-0.0116675,0.019215,0.0304651,30.7412,21.4464,51.0477
1759345601428136704,-1038.11,894.546,-2490.62,0.442424,-0.721436,-0.475045,0.241087,-6.17122,-35.7773,-25.3517,-0.0116675,0.0192132,0.030465,30.7415,21.4467,51.0483
1759345601438136576,-1038.17,894.186,-2490.88,0.443123,-0.721226,-0.474941,0.240636,-6.0317,-36.0689,-25.0408,-0.0116674,0.0192115,0.030465,30.7419,21.4469,51.0489
1759345601448136448,-1038.23,893.824,-2491.12,0.443862,-0.721,-0.47485,0.240131,-5.89215,-36.3614,-24.7303,-0.0116673,0.0192097,0.030465,30.7422,21.4472,51.0495
1759345601458136576,-1038.29,893.459,-2491.37,0.444632,-0.720756,-0.474771,0.239595,-5.75273,-36.6547,-24.4205,-0.0116672,0.019208,0.030465,30.7425,21.4475,51.0501
1759345601468136448,-1038.34,893.091,-2491.61,0.444887,-0.720531,-0.475588,0.238174,-5.6137,-36.949,-24.1113,-0.0116671,0.0192063,0.0304649,30.7428,21.4478,51.0508
1759345601478136576,-1038.4,892.719,-2491.85,0.44551,-0.720264,-0.475891,0.237208,-5.47631,-37.244,-23.803,-0.011667,0.0192045,0.0304649,30.7432,21.4481,51.0514
1759345601488136448,-1038.45,892.345,-2492.09,0.44629,-0.719973,-0.475977,0.236451,-5.33976,-37.54,-23.4955,-0.011667,0.0192028,0.0304649,30.7435,21.4484,51.052
1759345601498136576,-1038.51,891.968,-2492.32,0.447136,-0.719685,-0.475994,0.235698,-5.20424,-37.837,-23.1891,-0.0116669,0.0192011,0.0304648,30.7439,21.4486,51.0526
1759345601508136448,-1038.56,891.588,-2492.55,0.447992,-0.719379,-0.476041,0.234909,-5.06948,-38.1349,-22.8837,-0.0116668,0.0191994,0.0304648,30.7442,21.4489,51.0532
1759345601518136576,-1038.61,891.205,-2492.78,0.448851,-0.719065,-0.476115,0.234079,-4.93544,-38.4336,-22.5798,-0.0116667,0.0191977,0.0304648,30.7446,21.4492,51.0538
1759345601528136448,-1038.66,890.819,-2493,0.449763,-0.718735,-0.476134,0.233301,-4.80209,-38.7334,-22.277,-0.0116666,0.019196,0.0304647,30.7449,21.4496,51.0544
1759345601538136576,-1038.7,890.43,-2493.22,0.450681,-0.71842,-0.476137,0.232494,-4.66932,-39.0342,-21.9753,-0.0116666,0.0191943,0.0304647,30.7453,21.4499,51.055
1759345601548136448,-1038.75,890.038,-2493.44,0.4516,-0.718107,-0.47613,0.23169,-4.53722,-39.3358,-21.6745,-0.0116665,0.0191926,0.0304647,30.7456,21.4502,51.0556
1759345601558136576,-1038.8,889.642,-2493.66,0.452505,-0.717794,-0.476146,0.230861,-4.40594,-39.638,-21.3747,-0.0116664,0.019191,0.0304646,30.746,21.4505,51.0562
1759345601568136448,-1038.84,889.244,-2493.87,0.453386,-0.71748,-0.476157,0.230082,-4.27536,-39.9413,-21.0757,-0.0116663,0.0191893,0.0304646,30.7463,21.4508,51.0568
1759345601578136320,-1038.88,888.843,-2494.08,0.454235,-0.717184,-0.476171,0.229301,-4.14536,-40.2453,-20.7783,-0.0116662,0.0191876,0.0304645,30.7467,21.4511,51.0574
1759345601588136448,-1038.92,888.439,-2494.28,0.455038,-0.716919,-0.476148,0.228584,-4.01615,-40.5503,-20.482,-0.0116662,0.019186,0.0304645,30.7471,21.4515,51.058
1759345601598136320,-1038.96,888.032,-2494.49,0.455774,-0.716699,-0.476126,0.227853,-3.88826,-40.856,-20.1873,-0.0116661,0.0191843,0.0304644,30.7474,21.4518,51.0585
1759345601608136448,-1039,887.621,-2494.69,0.456458,-0.716493,-0.476092,0.227199,-3.76179,-41.1628,-19.8939,-0.011666,0.0191827,0.0304644,30.7478,21.4521,51.0591
1759345601618136320,-1039.04,887.208,-2494.88,0.457059,-0.716311,-0.47609,0.22657,-3.63634,-41.4706,-19.6013,-0.0116659,0.0191811,0.0304643,30.7482,21.4525,51.0597
1759345601628136448,-1039.07,886.791,-2495.08,0.45761,-0.716143,-0.476098,0.225973,-3.51187,-41.7796,-19.3093,-0.0116658,0.0191794,0.0304643,30.7486,21.4528,51.0603
1759345601638136320,-1039.11,886.372,-2495.27,0.458103,-0.71599,-0.476137,0.225374,-3.38807,-42.0898,-19.0175,-0.0116658,0.0191778,0.0304643,30.749,21.4531,51.0609
1759345601648136448,-1039.14,885.949,-2495.46,0.45857,-0.715851,-0.47617,0.224795,-3.26495,-42.4009,-18.7259,-0.0116657,0.0191762,0.0304642,30.7493,21.4535,51.0615
1759345601658136320,-1039.18,885.523,-2495.64,0.459016,-0.715721,-0.476191,0.224255,-3.14185,-42.7126,-18.4343,-0.0116656,0.0191746,0.0304642,30.7497,21.4538,51.062
1759345601668136448,-1039.21,885.094,-2495.83,0.45944,-0.715601,-0.476217,0.223713,-3.01893,-43.0249,-18.1427,-0.0116655,0.019173,0.0304641,30.7501,21.4542,51.0626
1759345601678136320,-1039.24,884.662,-2496.01,0.459838,-0.715485,-0.476265,0.223161,-2.89588,-43.3376,-17.8508,-0.0116654,0.0191714,0.0304641,30.7505,21.4546,51.0632
1759345601688136448,-1039.26,884.227,-2496.18,0.460295,-0.715345,-0.476259,0.222681,-2.77342,-43.6503,-17.5589,-0.0116653,0.0191698,0.030464,30.7509,21.4549,51.0638
1759345601698136320,-1039.29,883.789,-2496.36,0.460749,-0.71521,-0.476193,0.222317,-2.65154,-43.9635,-17.2673,-0.0116653,0.0191682,0.030464,30.7513,21.4553,51.0643
1759345601708136448,-1039.32,883.348,-2496.53,0.46121,-0.715095,-0.476069,0.221996,-2.53019,-44.2769,-16.976,-0.0116652,0.0191666,0.0304639,30.7517,21.4556,51.0649
1759345601718136320,-1039.34,882.903,-2496.7,0.461624,-0.715007,-0.47594,0.221696,-2.40919,-44.5912,-16.6848,-0.0116651,0.0191651,0.0304639,30.7521,21.456,51.0655
1759345601728136192,-1039.37,882.455,-2496.86,0.461977,-0.714947,-0.475819,0.221413,-2.28855,-44.906,-16.3937,-0.011665,0.0191635,0.0304638,30.7525,21.4564,51.0661
1759345601738136320,-1039.39,882.004,-2497.02,0.462307,-0.714897,-0.475705,0.221133,-2.16795,-45.2217,-16.1025,-0.0116649,0.0191619,0.0304638,30.753,21.4568,51.0666
1759345601748136192,-1039.41,881.55,-2497.18,0.462612,-0.714854,-0.475597,0.220866,-2.04753,-45.5381,-15.8113,-0.0116648,0.0191604,0.0304637,30.7534,21.4572,51.0672
1759345601758136320,-1039.43,881.093,-2497.34,0.462147,-0.714738,-0.476829,0.219555,-1.92733,-45.855,-15.5197,-0.0116647,0.0191588,0.0304637,30.7538,21.4575,51.0678
1759345601768136192,-1039.45,880.633,-2497.49,0.462306,-0.714713,-0.476885,0.219178,-1.80806,-46.1727,-15.2284,-0.0116646,0.0191573,0.0304636,30.7542,21.4579,51.0683
1759345601778136320,-1039.47,880.169,-2497.64,0.462443,-0.71466,-0.477015,0.21878,-1.68913,-46.491,-14.9372,-0.0116645,0.0191558,0.0304636,30.7546,21.4583,51.0689
1759345601788136192,-1039.48,879.702,-2497.79,0.462576,-0.714623,-0.477118,0.218394,-1.57069,-46.8097,-14.6453,-0.0116644,0.0191542,0.0304635,30.7551,21.4587,51.0694
1759345601798136320,-1039.5,879.233,-2497.94,0.462703,-0.714607,-0.47719,0.218019,-1.45271,-47.1293,-14.354,-0.0116643,0.0191527,0.0304635,30.7555,21.4591,51.07
1759345601808136192,-1039.51,878.759,-2498.08,0.462834,-0.714593,-0.477264,0.217627,-1.3353,-47.4494,-14.063,-0.0116642,0.0191512,0.0304634,30.7559,21.4595,51.0705
1759345601818136320,-1039.53,878.283,-2498.22,0.462955,-0.714579,-0.477358,0.217209,-1.21841,-47.7701,-13.7719,-0.0116641,0.0191497,0.0304634,30.7564,21.4599,51.0711
1759345601828136192,-1039.54,877.804,-2498.35,0.463095,-0.714549,-0.477441,0.216826,-1.1022,-48.0912,-13.4808,-0.011664,0.0191482,0.0304633,30.7568,21.4603,51.0717
1759345601838136320,-1039.55,877.321,-2498.49,0.46318,-0.714501,-0.477657,0.216324,-0.986738,-48.4126,-13.1898,-0.0116639,0.0191466,0.0304632,30.7572,21.4607,51.0722
1759345601848136192,-1039.56,876.835,-2498.62,0.463331,-0.714472,-0.477744,0.215906,-0.872754,-48.7345,-12.8994,-0.0116638,0.0191452,0.0304632,30.7577,21.4611,51.0728
1759345601858136064,-1039.57,876.346,-2498.75,0.463529,-0.714447,-0.477777,0.21549,-0.760066,-49.0569,-12.6093,-0.0116637,0.0191437,0.0304631,30.7581,21.4616,51.0733
1759345601868136192,-1039.57,875.853,-2498.87,0.46381,-0.714403,-0.477696,0.21521,-0.64886,-49.3799,-12.3196,-0.0116636,0.0191422,0.0304631,30.7586,21.462,51.0739
1759345601878136064,-1039.58,875.358,-2498.99,0.464131,-0.714362,-0.477564,0.214948,-0.538782,-49.7037,-12.0302,-0.0116635,0.0191407,0.030463,30.759,21.4624,51.0744
1759345601888136192,-1039.59,874.859,-2499.11,0.464454,-0.714322,-0.477435,0.214668,-0.429587,-50.028,-11.7411,-0.0116634,0.0191392,0.030463,30.7595,21.4628,51.075
1759345601898136064,-1039.59,874.357,-2499.23,0.464776,-0.714283,-0.477317,0.214364,-0.32113,-50.3527,-11.4523,-0.0116633,0.0191378,0.0304629,30.7599,21.4633,51.0755
1759345601908136192,-1039.59,873.851,-2499.34,0.465058,-0.714262,-0.477204,0.214074,-0.213427,-50.6776,-11.1639,-0.0116632,0.0191363,0.0304629,30.7604,21.4637,51.076
1759345601918136064,-1039.59,873.343,-2499.45,0.464824,-0.714334,-0.477806,0.212994,-0.106565,-51.0023,-10.8756,-0.0116631,0.0191348,0.0304628,30.7608,21.4641,51.0766
1759345601928136192,-1039.59,872.831,-2499.56,0.464902,-0.714335,-0.477984,0.212422,-0.0010611,-51.327,-10.587,-0.011663,0.0191334,0.0304627,30.7613,21.4646,51.0771
1759345601938136064,-1039.59,872.316,-2499.66,0.465019,-0.714367,-0.477998,0.212027,0.103551,-51.6517,-10.2984,-0.0116629,0.0191319,0.0304627,30.7618,21.465,51.0777
1759345601948136192,-1039.59,871.797,-2499.76,0.465089,-0.714384,-0.478047,0.211704,0.207059,-51.9759,-10.0094,-0.0116628,0.0191305,0.0304626,30.7622,21.4654,51.0782
1759345601958136064,-1039.59,871.276,-2499.86,0.465094,-0.714441,-0.478076,0.211434,0.310025,-52.3,-9.72022,-0.0116627,0.0191291,0.0304626,30.7627,21.4659,51.0787
1759345601968136192,-1039.59,870.751,-2499.96,0.46504,-0.714536,-0.478113,0.211147,0.41232,-52.6241,-9.43084,-0.0116626,0.0191276,0.0304625,30.7632,21.4663,51.0793
1759345601978136064,-1039.58,870.223,-2500.05,0.464998,-0.714621,-0.478121,0.210936,0.514003,-52.9482,-9.14128,-0.0116625,0.0191262,0.0304625,30.7637,21.4668,51.0798
1759345601988135936,-1039.58,869.691,-2500.14,0.464931,-0.71474,-0.47809,0.210753,0.615053,-53.2724,-8.85147,-0.0116624,0.0191248,0.0304624,30.7641,21.4672,51.0804
1759345601998136064,-1039.57,869.157,-2500.23,0.46479,-0.714838,-0.47815,0.210594,0.715596,-53.5964,-8.56122,-0.0116623,0.0191234,0.0304624,30.7646,21.4677,51.0809
1759345602008135936,-1039.56,868.619,-2500.31,0.464628,-0.714985,-0.478163,0.210422,0.814976,-53.9205,-8.27058,-0.0116622,0.019122,0.0304623,30.7651,21.4681,51.0814
1759345602018136064,-1039.55,868.078,-2500.39,0.464511,-0.715136,-0.478067,0.210385,0.913163,-54.2447,-7.97959,-0.0116621,0.0191206,0.0304623,30.7656,21.4686,51.082
1759345602028135936,-1039.55,867.534,-2500.47,0.464429,-0.715287,-0.477927,0.210371,1.01033,-54.5689,-7.68859,-0.011662,0.0191192,0.0304622,30.7661,21.4691,51.0825
1759345602038136064,-1039.53,866.986,-2500.54,0.464335,-0.715446,-0.477794,0.210341,1.10662,-54.8931,-7.39721,-0.0116619,0.0191178,0.0304622,30.7665,21.4695,51.083
1759345602048135936,-1039.52,866.435,-2500.62,0.464219,-0.715615,-0.477672,0.210298,1.2021,-55.2173,-7.10547,-0.0116618,0.0191165,0.0304621,30.767,21.47,51.0835
1759345602058136064,-1039.51,865.881,-2500.69,0.464081,-0.715794,-0.477551,0.210268,1.297,-55.5417,-6.81352,-0.0116617,0.0191151,0.0304621,30.7675,21.4705,51.0841
1759345602068135936,-1039.5,865.324,-2500.75,0.463441,-0.715896,-0.478344,0.209531,1.39127,-55.8664,-6.52131,-0.0116616,0.0191137,0.030462,30.768,21.4709,51.0846
1759345602078136064,-1039.48,864.763,-2500.82,0.463229,-0.716079,-0.478353,0.209352,1.48402,-56.1912,-6.22899,-0.0116615,0.0191123,0.030462,30.7685,21.4714,51.0851
1759345602088135936,-1039.47,864.2,-2500.88,0.463022,-0.716238,-0.478389,0.209186,1.57581,-56.5164,-5.93643,-0.0116615,0.019111,0.0304619,30.769,21.4719,51.0857
1759345602098136064,-1039.45,863.633,-2500.93,0.462829,-0.716399,-0.478398,0.209037,1.66664,-56.8417,-5.64367,-0.0116614,0.0191096,0.0304619,30.7695,21.4724,51.0862
1759345602108135936,-1039.44,863.062,-2500.99,0.462615,-0.716568,-0.47844,0.208835,1.75637,-57.1671,-5.35089,-0.0116613,0.0191083,0.0304618,30.77,21.4728,51.0867
1759345602118135808,-1039.42,862.489,-2501.04,0.462423,-0.71676,-0.478421,0.208645,1.84485,-57.4925,-5.05771,-0.0116612,0.0191069,0.0304618,30.7705,21.4733,51.0872
1759345602128135936,-1039.4,861.912,-2501.09,0.462188,-0.716898,-0.478533,0.208435,1.9322,-57.8179,-4.76415,-0.0116611,0.0191056,0.0304617,30.771,21.4738,51.0878
1759345602138135808,-1039.38,861.332,-2501.14,0.462031,-0.717069,-0.4785,0.208271,2.0189,-58.1433,-4.47043,-0.011661,0.0191043,0.0304617,30.7715,21.4743,51.0883
1759345602148135936,-1039.36,860.749,-2501.18,0.461821,-0.71721,-0.478561,0.208112,2.10496,-58.4688,-4.17647,-0.0116609,0.0191029,0.0304616,30.772,21.4748,51.0888
1759345602158135808,-1039.34,860.162,-2501.22,0.461703,-0.717373,-0.478444,0.208081,2.19022,-58.7943,-3.882,-0.0116608,0.0191016,0.0304616,30.7725,21.4753,51.0893
1759345602168135936,-1039.31,859.572,-2501.26,0.461575,-0.717558,-0.478294,0.208072,2.27461,-59.1197,-3.58705,-0.0116607,0.0191003,0.0304615,30.773,21.4758,51.0899
1759345602178135808,-1039.29,858.979,-2501.29,0.461415,-0.71776,-0.478151,0.208059,2.35815,-59.445,-3.29162,-0.0116606,0.019099,0.0304615,30.7736,21.4762,51.0904
1759345602188135936,-1039.27,858.383,-2501.32,0.461219,-0.71798,-0.478016,0.208044,2.44088,-59.7701,-2.99566,-0.0116605,0.0190977,0.0304615,30.7741,21.4767,51.0909
1759345602198135808,-1039.24,857.784,-2501.35,0.460929,-0.718174,-0.478063,0.207911,2.52283,-60.0953,-2.69938,-0.0116604,0.0190964,0.0304614,30.7746,21.4772,51.0914
1759345602208135936,-1039.22,857.181,-2501.38,0.46024,-0.718341,-0.478742,0.207294,2.60389,-60.4205,-2.40276,-0.0116603,0.0190951,0.0304614,30.7751,21.4777,51.092
1759345602218135808,-1039.19,856.575,-2501.4,0.459948,-0.718492,-0.478828,0.207224,2.68367,-60.7458,-2.1058,-0.0116602,0.0190938,0.0304613,30.7756,21.4782,51.0925
1759345602228135936,-1039.16,855.965,-2501.42,0.459636,-0.718675,-0.478911,0.207089,2.76269,-61.0711,-1.80851,-0.0116601,0.0190925,0.0304613,30.7761,21.4787,51.093
1759345602238135808,-1039.14,855.353,-2501.43,0.459342,-0.718858,-0.478963,0.206986,2.84087,-61.3968,-1.51095,-0.01166,0.0190912,0.0304612,30.7767,21.4792,51.0935
1759345602248135680,-1039.11,854.737,-2501.45,0.459024,-0.719069,-0.478989,0.206897,2.91832,-61.7223,-1.21278,-0.0116599,0.0190899,0.0304612,30.7772,21.4797,51.0941
1759345602258135808,-1039.08,854.118,-2501.46,0.458712,-0.719395,-0.478863,0.206747,2.99494,-62.0477,-0.913959,-0.0116598,0.0190886,0.0304611,30.7777,21.4803,51.0946
1759345602268135680,-1039.05,853.496,-2501.47,0.458422,-0.719621,-0.478857,0.206616,3.07054,-62.3731,-0.614226,-0.0116597,0.0190873,0.0304611,30.7782,21.4808,51.0951
1759345602278135808,-1039.02,852.87,-2501.47,0.458123,-0.719829,-0.478904,0.206447,3.14519,-62.6987,-0.314171,-0.0116596,0.0190861,0.0304611,30.7788,21.4813,51.0956
1759345602288135680,-1038.99,852.241,-2501.47,0.457876,-0.720028,-0.478891,0.206332,3.21887,-63.0245,-0.0138209,-0.0116595,0.0190848,0.030461,30.7793,21.4818,51.0962
1759345602298135808,-1038.95,851.609,-2501.47,0.457695,-0.720193,-0.478852,0.206249,3.2918,-63.3503,0.286951,-0.0116594,0.0190835,0.030461,30.7798,21.4823,51.0967
1759345602308135680,-1038.92,850.974,-2501.47,0.457491,-0.720375,-0.478817,0.206145,3.36395,-63.6761,0.588013,-0.0116593,0.0190823,0.0304609,30.7803,21.4828,51.0972
1759345602318135808,-1038.89,850.335,-2501.46,0.457318,-0.720544,-0.478789,0.206006,3.43527,-64.002,0.889203,-0.0116592,0.019081,0.0304609,30.7809,21.4833,51.0977
1759345602328135680,-1038.85,849.693,-2501.45,0.457195,-0.720721,-0.478667,0.205941,3.50585,-64.328,1.19078,-0.0116591,0.0190798,0.0304608,30.7814,21.4838,51.0983
1759345602338135808,-1038.82,849.048,-2501.43,0.457042,-0.720916,-0.47857,0.205822,3.57575,-64.654,1.49271,-0.011659,0.0190785,0.0304608,30.7819,21.4844,51.0988
1759345602348135680,-1038.78,848.4,-2501.42,0.45667,-0.721064,-0.478882,0.205406,3.64497,-64.9801,1.79465,-0.0116589,0.0190773,0.0304608,30.7825,21.4849,51.0993
1759345602358135808,-1038.74,847.748,-2501.4,0.456438,-0.721249,-0.478924,0.205176,3.71276,-65.3061,2.09705,-0.0116588,0.0190761,0.0304607,30.783,21.4854,51.0999
1759345602368135680,-1038.71,847.093,-2501.38,0.456263,-0.72142,-0.478909,0.204997,3.77936,-65.6321,2.39995,-0.0116587,0.0190748,0.0304607,30.7835,21.4859,51.1004
1759345602378135808,-1038.67,846.435,-2501.35,0.456091,-0.721562,-0.478932,0.204827,3.84576,-65.9577,2.70324,-0.0116586,0.0190736,0.0304606,30.7841,21.4864,51.1009
1759345602388135680,-1038.63,845.774,-2501.32,0.455943,-0.721724,-0.478902,0.20465,3.9114,-66.2832,3.0068,-0.0116585,0.0190724,0.0304606,30.7846,21.487,51.1014
1759345602398135552,-1038.59,845.109,-2501.29,0.455798,-0.721899,-0.47887,0.204433,3.97643,-66.6082,3.31069,-0.0116584,0.0190712,0.0304606,30.7851,21.4875,51.102
1759345602408135680,-1038.55,844.441,-2501.26,0.455699,-0.722056,-0.478783,0.204304,4.04031,-66.9331,3.61477,-0.0116583,0.01907,0.0304605,30.7857,21.488,51.1025
1759345602418135552,-1038.51,843.77,-2501.22,0.455549,-0.722208,-0.478797,0.204067,4.10307,-67.2578,3.91899,-0.0116583,0.0190688,0.0304605,30.7862,21.4885,51.103
1759345602428135680,-1038.47,843.096,-2501.18,0.45541,-0.722371,-0.478755,0.203901,4.16434,-67.5828,4.22311,-0.0116582,0.0190676,0.0304605,30.7868,21.4891,51.1036
1759345602438135552,-1038.43,842.418,-2501.13,0.455352,-0.722541,-0.478582,0.203836,4.22461,-67.9083,4.52722,-0.0116581,0.0190664,0.0304604,30.7873,21.4896,51.1041
1759345602448135680,-1038.38,841.737,-2501.09,0.455316,-0.722704,-0.478406,0.203749,4.28402,-68.2342,4.83133,-0.011658,0.0190652,0.0304604,30.7879,21.4901,51.1046
1759345602458135552,-1038.34,841.053,-2501.04,0.455283,-0.722868,-0.478236,0.203643,4.3428,-68.5611,5.13569,-0.0116579,0.019064,0.0304603,30.7884,21.4906,51.1052
1759345602468135680,-1038.3,840.365,-2500.98,0.455268,-0.723025,-0.478075,0.203497,4.4008,-68.8881,5.44027,-0.0116578,0.0190628,0.0304603,30.7889,21.4912,51.1057
1759345602478135552,-1038.25,839.675,-2500.93,0.455285,-0.723167,-0.477918,0.203319,4.45829,-69.2152,5.74523,-0.0116577,0.0190616,0.0304603,30.7895,21.4917,51.1062
1759345602488135680,-1038.21,838.981,-2500.87,0.455039,-0.723237,-0.478291,0.202744,4.51494,-69.5421,6.05049,-0.0116576,0.0190604,0.0304602,30.79,21.4922,51.1068
1759345602498135552,-1038.16,838.283,-2500.81,0.455002,-0.723331,-0.47835,0.202352,4.57038,-69.8688,6.35598,-0.0116575,0.0190592,0.0304602,30.7906,21.4928,51.1073
1759345602508135680,-1038.12,837.583,-2500.74,0.455059,-0.723426,-0.478264,0.202088,4.62492,-70.1949,6.66145,-0.0116574,0.0190581,0.0304602,30.7911,21.4933,51.1078
1759345602518135552,-1038.07,836.879,-2500.67,0.455126,-0.723463,-0.478244,0.201852,4.67865,-70.521,6.96693,-0.0116573,0.0190569,0.0304601,30.7917,21.4938,51.1084
1759345602528135424,-1038.02,836.172,-2500.6,0.455161,-0.723129,-0.478736,0.201805,4.73165,-70.8471,7.27243,-0.0116572,0.0190558,0.0304601,30.7922,21.4944,51.1089
1759345602538135552,-1037.97,835.462,-2500.53,0.455264,-0.723148,-0.478709,0.201568,4.78447,-71.1736,7.57842,-0.0116571,0.0190546,0.0304601,30.7928,21.4949,51.1095
1759345602548135424,-1037.93,834.748,-2500.45,0.455389,-0.723212,-0.478625,0.201258,4.83661,-71.5004,7.88446,-0.0116571,0.0190534,0.0304601,30.7933,21.4954,51.11
1759345602558135552,-1037.88,834.031,-2500.37,0.455559,-0.723294,-0.478483,0.200915,4.88827,-71.8276,8.19087,-0.011657,0.0190523,0.03046,30.7939,21.496,51.1106
1759345602568135424,-1037.83,833.311,-2500.29,0.455739,-0.723296,-0.478436,0.200608,4.93945,-72.1552,8.49741,-0.0116569,0.0190511,0.03046,30.7944,21.4965,51.1111
1759345602578135552,-1037.78,832.588,-2500.2,0.455957,-0.723348,-0.478267,0.200326,4.99031,-72.4831,8.80404,-0.0116568,0.01905,0.03046,30.795,21.497,51.1116
1759345602588135424,-1037.73,831.861,-2500.11,0.45621,-0.723397,-0.478073,0.200037,5.04054,-72.8108,9.11054,-0.0116567,0.0190489,0.0304599,30.7955,21.4976,51.1122
1759345602598135552,-1037.68,831.131,-2500.02,0.456445,-0.723454,-0.477887,0.19974,5.08989,-73.1387,9.41659,-0.0116566,0.0190477,0.0304599,30.7961,21.4981,51.1127
1759345602608135424,-1037.63,830.398,-2499.92,0.456676,-0.723513,-0.477714,0.199413,5.13828,-73.4668,9.72213,-0.0116565,0.0190466,0.0304599,30.7966,21.4987,51.1133
1759345602618135552,-1037.58,829.661,-2499.82,0.456885,-0.723581,-0.477547,0.199088,5.18582,-73.7953,10.0276,-0.0116564,0.0190455,0.0304598,30.7972,21.4992,51.1138
1759345602628135424,-1037.52,828.922,-2499.72,0.45699,-0.723579,-0.477632,0.19865,5.23257,-74.1242,10.3329,-0.0116563,0.0190443,0.0304598,30.7977,21.4997,51.1144
1759345602638135552,-1037.47,828.179,-2499.61,0.457156,-0.723597,-0.477594,0.198293,5.27853,-74.4531,10.6381,-0.0116562,0.0190432,0.0304598,30.7983,21.5003,51.1149
1759345602648135424,-1037.42,827.432,-2499.51,0.457353,-0.723656,-0.47746,0.197946,5.32381,-74.7822,10.9435,-0.0116561,0.0190421,0.0304598,30.7988,21.5008,51.1155
1759345602658135296,-1037.36,826.683,-2499.4,0.457524,-0.723731,-0.477304,0.197648,5.3684,-75.1114,11.249,-0.011656,0.019041,0.0304597,30.7994,21.5013,51.116
1759345602668135424,-1037.31,825.93,-2499.28,0.45769,-0.72381,-0.477163,0.197319,5.41263,-75.4406,11.5543,-0.0116559,0.0190399,0.0304597,30.7999,21.5019,51.1166
1759345602678135296,-1037.26,825.173,-2499.16,0.457852,-0.723892,-0.477014,0.197,5.45608,-75.7702,11.8591,-0.0116559,0.0190388,0.0304597,30.8005,21.5024,51.1172
1759345602688135424,-1037.2,824.414,-2499.04,0.458008,-0.723983,-0.476856,0.196689,5.4987,-76.1001,12.1632,-0.0116558,0.0190377,0.0304597,30.801,21.503,51.1177
1759345602698135296,-1037.15,823.651,-2498.92,0.458159,-0.72408,-0.476696,0.196366,5.54057,-76.431,12.4668,-0.0116557,0.0190366,0.0304596,30.8016,21.5035,51.1183
1759345602708135424,-1037.09,822.885,-2498.79,0.458335,-0.724163,-0.476532,0.196046,5.58172,-76.7623,12.7703,-0.0116556,0.0190355,0.0304596,30.8021,21.504,51.1188
1759345602718135296,-1037.03,822.115,-2498.67,0.458509,-0.724252,-0.476377,0.195687,5.62186,-77.0943,13.0735,-0.0116555,0.0190344,0.0304596,30.8027,21.5046,51.1194
1759345602728135424,-1036.98,821.342,-2498.53,0.458751,-0.724311,-0.476189,0.195358,5.66106,-77.4267,13.3764,-0.0116554,0.0190333,0.0304596,30.8032,21.5051,51.12
1759345602738135296,-1036.92,820.566,-2498.4,0.459025,-0.724356,-0.475992,0.195029,5.69931,-77.7596,13.6791,-0.0116553,0.0190323,0.0304595,30.8038,21.5056,51.1205
1759345602748135424,-1036.86,819.787,-2498.26,0.459311,-0.724395,-0.475804,0.194668,5.73647,-78.0929,13.9818,-0.0116552,0.0190312,0.0304595,30.8043,21.5062,51.1211
1759345602758135296,-1036.81,819.004,-2498.12,0.459624,-0.724422,-0.47563,0.194256,5.77277,-78.4265,14.2844,-0.0116551,0.0190301,0.0304595,30.8049,21.5067,51.1217
1759345602768135424,-1036.75,818.218,-2497.97,0.460011,-0.724413,-0.475461,0.193784,5.80818,-78.7604,14.5866,-0.0116551,0.019029,0.0304595,30.8054,21.5072,51.1222
1759345602778135296,-1036.69,817.428,-2497.83,0.460343,-0.724449,-0.47538,0.193059,5.84231,-79.0951,14.8894,-0.011655,0.019028,0.0304594,30.806,21.5078,51.1228
1759345602788135168,-1036.63,816.636,-2497.68,0.460852,-0.724384,-0.475206,0.192515,5.87532,-79.4304,15.1919,-0.0116549,0.0190269,0.0304594,30.8066,21.5083,51.1234
1759345602798135296,-1036.57,815.839,-2497.52,0.461394,-0.724303,-0.475041,0.191928,5.90736,-79.7667,15.4945,-0.0116548,0.0190259,0.0304594,30.8071,21.5089,51.124
1759345602808135168,-1036.51,815.04,-2497.37,0.462011,-0.724185,-0.474864,0.191327,5.93845,-80.1038,15.7966,-0.0116547,0.0190248,0.0304594,30.8077,21.5094,51.1245
1759345602818135296,-1036.45,814.237,-2497.21,0.462645,-0.724051,-0.474715,0.190671,5.96869,-80.442,16.0983,-0.0116546,0.0190238,0.0304594,30.8082,21.5099,51.1251
1759345602828135168,-1036.39,813.431,-2497.04,0.46333,-0.723896,-0.474555,0.189993,5.99797,-80.7809,16.3994,-0.0116545,0.0190227,0.0304593,30.8088,21.5105,51.1257
1759345602838135296,-1036.33,812.621,-2496.88,0.463988,-0.723637,-0.474569,0.18934,6.02687,-81.1205,16.6998,-0.0116544,0.0190217,0.0304593,30.8093,21.511,51.1263
1759345602848135168,-1036.27,811.808,-2496.71,0.464659,-0.723457,-0.474465,0.188638,6.05567,-81.4606,16.9994,-0.0116543,0.0190206,0.0304593,30.8099,21.5115,51.1268
1759345602858135296,-1036.21,810.991,-2496.54,0.465365,-0.723286,-0.474292,0.187987,6.08386,-81.8018,17.2986,-0.0116542,0.0190196,0.0304592,30.8104,21.5121,51.1274
1759345602868135168,-1036.15,810.171,-2496.36,0.466051,-0.723133,-0.474101,0.18736,6.11149,-82.1438,17.5972,-0.0116542,0.0190185,0.0304592,30.811,21.5126,51.128
1759345602878135296,-1036.09,809.348,-2496.19,0.466692,-0.722996,-0.473913,0.186769,6.13867,-82.4865,17.8955,-0.0116541,0.0190175,0.0304592,30.8115,21.5131,51.1286
1759345602888135168,-1036.03,808.521,-2496.01,0.467282,-0.722885,-0.473728,0.186192,6.16533,-82.8299,18.1931,-0.011654,0.0190165,0.0304592,30.8121,21.5137,51.1292
1759345602898135296,-1035.97,807.691,-2495.82,0.467807,-0.722808,-0.473547,0.185628,6.19145,-83.1742,18.4897,-0.0116539,0.0190154,0.0304591,30.8126,21.5142,51.1298
1759345602908135168,-1035.9,806.857,-2495.64,0.468303,-0.722747,-0.473367,0.185073,6.21702,-83.5195,18.7852,-0.0116538,0.0190144,0.0304591,30.8132,21.5147,51.1304
1759345602918135040,-1035.84,806.02,-2495.45,0.468871,-0.722615,-0.473134,0.184749,6.24224,-83.8657,19.08,-0.0116537,0.0190134,0.0304591,30.8137,21.5153,51.131
1759345602928135168,-1035.78,805.18,-2495.25,0.469338,-0.722549,-0.472929,0.184346,6.26743,-84.2127,19.3743,-0.0116536,0.0190123,0.030459,30.8143,21.5158,51.1316
1759345602938135040,-1035.72,804.336,-2495.06,0.469789,-0.722505,-0.472707,0.183935,6.29245,-84.5606,19.6681,-0.0116535,0.0190113,0.030459,30.8148,21.5163,51.1321
1759345602948135168,-1035.65,803.488,-2494.86,0.470224,-0.72247,-0.472488,0.183526,6.31708,-84.9091,19.9617,-0.0116534,0.0190103,0.030459,30.8154,21.5169,51.1327
1759345602958135040,-1035.59,802.637,-2494.66,0.470647,-0.722442,-0.472264,0.183129,6.34163,-85.2584,20.2551,-0.0116533,0.0190093,0.030459,30.8159,21.5174,51.1333
1759345602968135168,-1035.53,801.783,-2494.45,0.47106,-0.722417,-0.472036,0.182754,6.36586,-85.6084,20.5485,-0.0116532,0.0190083,0.0304589,30.8165,21.5179,51.1339
1759345602978135040,-1035.46,800.925,-2494.25,0.471468,-0.722393,-0.471804,0.182393,6.38974,-85.9591,20.8417,-0.0116531,0.0190073,0.0304589,30.817,21.5184,51.1345
1759345602988135168,-1035.4,800.063,-2494.04,0.471896,-0.722363,-0.471565,0.182025,6.41311,-86.3105,21.1348,-0.011653,0.0190063,0.0304589,30.8176,21.519,51.1351
1759345602998135040,-1035.34,799.198,-2493.82,0.472334,-0.722326,-0.471323,0.181657,6.43601,-86.6624,21.4276,-0.0116529,0.0190052,0.0304588,30.8181,21.5195,51.1357
1759345603008135168,-1035.27,798.329,-2493.61,0.472774,-0.7223,-0.471082,0.181242,6.45844,-87.015,21.7203,-0.0116528,0.0190042,0.0304588,30.8187,21.52,51.1364
1759345603018135040,-1035.21,797.457,-2493.39,0.473203,-0.722275,-0.470851,0.18082,6.48045,-87.368,22.0132,-0.0116527,0.0190032,0.0304588,30.8192,21.5205,51.137
1759345603028135168,-1035.14,796.582,-2493.17,0.473623,-0.722262,-0.470633,0.180341,6.50207,-87.7215,22.3057,-0.0116526,0.0190023,0.0304587,30.8198,21.5211,51.1376
1759345603038135040,-1035.08,795.702,-2492.94,0.474215,-0.72217,-0.470268,0.180107,6.52334,-88.0756,22.5986,-0.0116525,0.0190013,0.0304587,30.8203,21.5216,51.1382
1759345603048135168,-1035.01,794.82,-2492.72,0.474776,-0.722125,-0.469886,0.179807,6.54453,-88.4302,22.8911,-0.0116524,0.0190003,0.0304587,30.8209,21.5221,51.1388
1759345603058135040,-1034.94,793.933,-2492.49,0.475322,-0.7221,-0.469521,0.179419,6.56555,-88.7853,23.1832,-0.0116523,0.0189993,0.0304587,30.8214,21.5226,51.1394
1759345603068134912,-1034.88,793.044,-2492.25,0.475953,-0.722027,-0.469112,0.179111,6.58636,-89.1407,23.4743,-0.0116521,0.0189983,0.0304586,30.822,21.5232,51.14
1759345603078135040,-1034.81,792.15,-2492.02,0.476519,-0.72195,-0.468815,0.17869,6.60703,-89.4965,23.7646,-0.011652,0.0189973,0.0304586,30.8225,21.5237,51.1406
1759345603088134912,-1034.75,791.253,-2491.78,0.477051,-0.721788,-0.468686,0.178262,6.62744,-89.8527,24.0539,-0.0116519,0.0189964,0.0304586,30.8231,21.5242,51.1412
1759345603098135040,-1034.68,790.353,-2491.54,0.477663,-0.721691,-0.468367,0.177856,6.64712,-90.2094,24.3417,-0.0116518,0.0189954,0.0304585,30.8236,21.5247,51.1419
1759345603108134912,-1034.61,789.449,-2491.29,0.478304,-0.7216,-0.468013,0.177433,6.66646,-90.5669,24.629,-0.0116517,0.0189944,0.0304585,30.8242,21.5252,51.1425
1759345603118135040,-1034.55,788.541,-2491.04,0.479062,-0.721599,-0.467393,0.177026,6.68503,-90.9249,24.9158,-0.0116516,0.0189935,0.0304585,30.8247,21.5258,51.1431
1759345603128134912,-1034.48,787.63,-2490.79,0.479696,-0.7214,-0.467228,0.176558,6.70308,-91.2839,25.202,-0.0116515,0.0189925,0.0304585,30.8253,21.5263,51.1437
1759345603138135040,-1034.41,786.715,-2490.54,0.48036,-0.721276,-0.466905,0.176112,6.72078,-91.6438,25.4877,-0.0116514,0.0189915,0.0304584,30.8258,21.5268,51.1443
1759345603148134912,-1034.35,785.797,-2490.28,0.481074,-0.721157,-0.466522,0.175661,6.73774,-92.0041,25.7728,-0.0116513,0.0189906,0.0304584,30.8263,21.5273,51.145
1759345603158135040,-1034.28,784.875,-2490.02,0.481718,-0.721044,-0.466247,0.17509,6.75443,-92.3654,26.057,-0.0116512,0.0189896,0.0304584,30.8269,21.5278,51.1456
1759345603168134912,-1034.21,783.949,-2489.76,0.482331,-0.720937,-0.465994,0.174518,6.77075,-92.7276,26.3401,-0.0116511,0.0189887,0.0304584,30.8274,21.5284,51.1462
1759345603178135040,-1034.14,783.02,-2489.5,0.482906,-0.720855,-0.465751,0.173915,6.787,-93.0904,26.6224,-0.011651,0.0189877,0.0304583,30.828,21.5289,51.1469
1759345603188134912,-1034.07,782.087,-2489.23,0.483701,-0.720719,-0.465227,0.173669,6.80288,-93.4539,26.904,-0.0116509,0.0189868,0.0304583,30.8285,21.5294,51.1475
1759345603198134784,-1034.01,781.15,-2488.96,0.484607,-0.720576,-0.464533,0.173595,6.81871,-93.8176,27.1851,-0.0116507,0.0189859,0.0304583,30.8291,21.5299,51.1481
1759345603208134912,-1033.94,780.21,-2488.68,0.485261,-0.720492,-0.464105,0.17326,6.83495,-94.1815,27.4657,-0.0116506,0.0189849,0.0304582,30.8296,21.5304,51.1487
1759345603218134784,-1033.87,779.266,-2488.41,0.485857,-0.720423,-0.463716,0.172919,6.85137,-94.5457,27.7458,-0.0116505,0.018984,0.0304582,30.8301,21.5309,51.1494
1759345603228134912,-1033.8,778.319,-2488.13,0.486439,-0.720367,-0.463294,0.172647,6.86777,-94.9097,28.0257,-0.0116504,0.0189831,0.0304582,30.8307,21.5314,51.15
1759345603238134784,-1033.73,777.368,-2487.85,0.486966,-0.720343,-0.462861,0.172424,6.88402,-95.2739,28.3058,-0.0116503,0.0189821,0.0304582,30.8312,21.5319,51.1506
1759345603248134912,-1033.66,776.413,-2487.56,0.487462,-0.720332,-0.462422,0.172244,6.90012,-95.6382,28.586,-0.0116502,0.0189812,0.0304582,30.8318,21.5325,51.1513
1759345603258134784,-1033.59,775.455,-2487.28,0.48797,-0.720418,-0.461799,0.172118,6.91641,-96.0024,28.8662,-0.0116501,0.0189803,0.0304581,30.8323,21.533,51.1519
1759345603268134912,-1033.53,774.493,-2486.99,0.488258,-0.720359,-0.461678,0.171873,6.93272,-96.367,29.1462,-0.0116499,0.0189794,0.0304581,30.8328,21.5335,51.1526
1759345603278134784,-1033.46,773.527,-2486.69,0.488674,-0.720343,-0.461315,0.171733,6.94951,-96.7316,29.426,-0.0116498,0.0189785,0.0304581,30.8334,21.534,51.1532
1759345603288134912,-1033.39,772.558,-2486.4,0.489158,-0.72038,-0.460766,0.171676,6.96661,-97.0965,29.7054,-0.0116497,0.0189776,0.0304581,30.8339,21.5345,51.1538
1759345603298134784,-1033.32,771.585,-2486.1,0.489621,-0.72039,-0.460286,0.171598,6.98406,-97.4619,29.9845,-0.0116496,0.0189767,0.0304581,30.8345,21.535,51.1545
1759345603308134912,-1033.25,770.608,-2485.8,0.490076,-0.720395,-0.459843,0.171468,7.00125,-97.8279,30.263,-0.0116495,0.0189758,0.0304581,30.835,21.5355,51.1551
1759345603318134784,-1033.18,769.628,-2485.49,0.490538,-0.720395,-0.459396,0.171344,7.01828,-98.1946,30.5408,-0.0116493,0.0189749,0.030458,30.8355,21.536,51.1558
1759345603328134656,-1033.11,768.644,-2485.19,0.490992,-0.720386,-0.458994,0.171161,7.03511,-98.5619,30.818,-0.0116492,0.018974,0.030458,30.8361,21.5365,51.1564
1759345603338134784,-1033.04,767.656,-2484.88,0.491487,-0.720353,-0.458595,0.170947,7.05162,-98.9296,31.0944,-0.0116491,0.0189731,0.030458,30.8366,21.537,51.1571
1759345603348134656,-1032.97,766.665,-2484.56,0.491996,-0.720312,-0.458185,0.170752,7.06818,-99.2978,31.3704,-0.011649,0.0189722,0.030458,30.8371,21.5375,51.1577
1759345603358134784,-1032.89,765.67,-2484.25,0.492528,-0.720268,-0.457765,0.170534,7.08538,-99.6662,31.6455,-0.0116488,0.0189713,0.030458,30.8377,21.538,51.1584
1759345603368134656,-1032.82,764.671,-2483.93,0.493087,-0.720291,-0.457212,0.170305,7.10292,-100.035,31.9204,-0.0116487,0.0189705,0.030458,30.8382,21.5385,51.159
1759345603378134784,-1032.75,763.669,-2483.61,0.493614,-0.720216,-0.456825,0.170133,7.12077,-100.404,32.1951,-0.0116486,0.0189696,0.030458,30.8388,21.539,51.1597
1759345603388134656,-1032.68,762.663,-2483.29,0.493981,-0.720242,-0.456542,0.169714,7.13976,-100.773,32.4701,-0.0116485,0.0189687,0.030458,30.8393,21.5396,51.1603
1759345603398134784,-1032.61,761.653,-2482.96,0.494318,-0.720285,-0.456261,0.169304,7.15875,-101.143,32.7451,-0.0116483,0.0189679,0.030458,30.8398,21.5401,51.161
1759345603408134656,-1032.54,760.64,-2482.63,0.494596,-0.720363,-0.455983,0.168912,7.1777,-101.513,33.0204,-0.0116482,0.018967,0.030458,30.8404,21.5406,51.1616
1759345603418134784,-1032.47,759.622,-2482.3,0.494821,-0.720474,-0.455707,0.168527,7.19646,-101.884,33.2957,-0.0116481,0.0189661,0.030458,30.8409,21.5411,51.1623
1759345603428134656,-1032.39,758.601,-2481.97,0.495028,-0.720595,-0.455428,0.168154,7.21499,-102.255,33.5708,-0.0116479,0.0189653,0.030458,30.8414,21.5416,51.1629
1759345603438134784,-1032.32,757.577,-2481.63,0.496107,-0.720231,-0.454374,0.16938,7.23293,-102.627,33.8459,-0.0116478,0.0189644,0.030458,30.842,21.5421,51.1636
1759345603448134656,-1032.25,756.549,-2481.29,0.496389,-0.720235,-0.454084,0.169317,7.2526,-102.999,34.1209,-0.0116477,0.0189636,0.030458,30.8425,21.5426,51.1642
1759345603458134528,-1032.18,755.517,-2480.95,0.496687,-0.720263,-0.453694,0.169363,7.27243,-103.371,34.396,-0.0116475,0.0189627,0.030458,30.843,21.5431,51.1649
1759345603468134656,-1032.1,754.481,-2480.6,0.496921,-0.720349,-0.453337,0.169269,7.29279,-103.744,34.6716,-0.0116474,0.0189618,0.030458,30.8436,21.5436,51.1655
1759345603478134528,-1032.03,753.441,-2480.25,0.49716,-0.720419,-0.452977,0.169235,7.31348,-104.117,34.9471,-0.0116472,0.018961,0.030458,30.8441,21.5441,51.1662
1759345603488134656,-1031.96,752.398,-2479.9,0.497451,-0.720485,-0.452551,0.16924,7.33453,-104.491,35.2223,-0.0116471,0.0189602,0.030458,30.8446,21.5446,51.1668
1759345603498134528,-1031.88,751.351,-2479.55,0.497724,-0.72059,-0.452106,0.169178,7.35545,-104.866,35.4982,-0.0116469,0.0189593,0.030458,30.8452,21.5451,51.1675
1759345603508134656,-1031.81,750.301,-2479.19,0.497963,-0.720625,-0.451818,0.169095,7.37653,-105.241,35.7741,-0.0116468,0.0189585,0.030458,30.8457,21.5456,51.1682
1759345603518134528,-1031.74,749.246,-2478.83,0.498262,-0.720711,-0.451378,0.169023,7.3984,-105.616,36.0499,-0.0116466,0.0189576,0.030458,30.8462,21.5461,51.1688
1759345603528134656,-1031.66,748.188,-2478.47,0.498461,-0.720826,-0.451091,0.168707,7.42056,-105.992,36.3256,-0.0116465,0.0189568,0.030458,30.8468,21.5465,51.1695
1759345603538134528,-1031.59,747.126,-2478.11,0.498634,-0.720937,-0.450854,0.168357,7.44269,-106.368,36.6013,-0.0116463,0.018956,0.030458,30.8473,21.547,51.1701
1759345603548134656,-1031.51,746.06,-2477.74,0.498806,-0.721051,-0.450621,0.167986,7.46479,-106.745,36.8768,-0.0116462,0.0189551,0.030458,30.8478,21.5475,51.1708
1759345603558134528,-1031.44,744.991,-2477.37,0.498958,-0.72118,-0.45039,0.167596,7.48673,-107.122,37.152,-0.011646,0.0189543,0.030458,30.8483,21.548,51.1714
1759345603568134656,-1031.36,743.917,-2477,0.499138,-0.721298,-0.450159,0.167176,7.50847,-107.499,37.4271,-0.0116458,0.0189535,0.030458,30.8489,21.5485,51.1721
1759345603578134528,-1031.29,742.84,-2476.62,0.500161,-0.721024,-0.449112,0.168112,7.53019,-107.877,37.702,-0.0116457,0.0189527,0.030458,30.8494,21.549,51.1728
1759345603588134400,-1031.21,741.76,-2476.24,0.50064,-0.720893,-0.448746,0.168226,7.55349,-108.256,37.9766,-0.0116455,0.0189518,0.030458,30.8499,21.5495,51.1734
1759345603598134528,-1031.14,740.675,-2475.86,0.501034,-0.720962,-0.448251,0.168078,7.57784,-108.635,38.2508,-0.0116454,0.018951,0.0304581,30.8505,21.55,51.1741
1759345603608134400,-1031.06,739.586,-2475.48,0.501376,-0.720958,-0.447943,0.167894,7.60256,-109.014,38.525,-0.0116452,0.0189502,0.0304581,30.851,21.5505,51.1747
1759345603618134528,-1030.99,738.494,-2475.09,0.501719,-0.720994,-0.447546,0.167777,7.6276,-109.394,38.7993,-0.011645,0.0189494,0.0304581,30.8515,21.551,51.1754
1759345603628134400,-1030.91,737.398,-2474.7,0.502069,-0.721101,-0.447021,0.167667,7.65286,-109.774,39.0735,-0.0116449,0.0189486,0.0304581,30.8521,21.5515,51.1761
1759345603638134528,-1030.83,736.298,-2474.31,0.502388,-0.721167,-0.446575,0.167613,7.67827,-110.155,39.3475,-0.0116447,0.0189478,0.0304581,30.8526,21.552,51.1767
1759345603648134400,-1030.76,735.195,-2473.91,0.502712,-0.72124,-0.446103,0.167589,7.70391,-110.535,39.6213,-0.0116445,0.0189469,0.0304581,30.8531,21.5525,51.1774
1759345603658134528,-1030.68,734.087,-2473.52,0.50298,-0.721363,-0.445654,0.167449,7.72965,-110.917,39.8951,-0.0116443,0.0189461,0.0304581,30.8536,21.553,51.178
1759345603668134400,-1030.6,732.976,-2473.12,0.503139,-0.721525,-0.445324,0.167149,7.75541,-111.298,40.1689,-0.0116442,0.0189453,0.0304581,30.8542,21.5535,51.1787
1759345603678134528,-1030.52,731.861,-2472.71,0.503288,-0.721686,-0.445011,0.166837,7.78101,-111.68,40.4429,-0.011644,0.0189445,0.0304582,30.8547,21.554,51.1794
1759345603688134400,-1030.45,730.742,-2472.31,0.503452,-0.721844,-0.444701,0.166484,7.80661,-112.062,40.7171,-0.0116438,0.0189437,0.0304582,30.8552,21.5545,51.18
1759345603698134528,-1030.37,729.62,-2471.9,0.503595,-0.722019,-0.444396,0.166113,7.83225,-112.446,40.9914,-0.0116436,0.0189429,0.0304582,30.8558,21.555,51.1807
1759345603708134400,-1030.29,728.493,-2471.49,0.503746,-0.72219,-0.44409,0.165729,7.85763,-112.829,41.266,-0.0116435,0.0189421,0.0304582,30.8563,21.5555,51.1813
1759345603718134528,-1030.21,727.363,-2471.07,0.50488,-0.721965,-0.442743,0.166856,7.88277,-113.213,41.5404,-0.0116433,0.0189413,0.0304582,30.8568,21.556,51.182
1759345603728134400,-1030.13,726.228,-2470.66,0.505268,-0.722056,-0.442197,0.166737,7.90948,-113.597,41.8143,-0.0116431,0.0189405,0.0304582,30.8574,21.5564,51.1827
1759345603738134272,-1030.05,725.09,-2470.24,0.505646,-0.722137,-0.441696,0.166567,7.93606,-113.982,42.0877,-0.0116429,0.0189398,0.0304583,30.8579,21.5569,51.1833
1759345603748134400,-1029.97,723.948,-2469.81,0.506038,-0.722163,-0.441259,0.166422,7.96229,-114.367,42.3605,-0.0116428,0.018939,0.0304583,30.8584,21.5574,51.184
1759345603758134272,-1029.89,722.803,-2469.39,0.50639,-0.72225,-0.440829,0.166115,7.98816,-114.752,42.6327,-0.0116426,0.0189382,0.0304583,30.859,21.5579,51.1846
1759345603768134400,-1029.81,721.653,-2468.96,0.506903,-0.722325,-0.440192,0.16591,8.0135,-115.137,42.9047,-0.0116424,0.0189374,0.0304583,30.8595,21.5584,51.1853
1759345603778134272,-1029.73,720.5,-2468.53,0.507415,-0.7224,-0.439575,0.165655,8.0383,-115.523,43.1763,-0.0116422,0.0189366,0.0304584,30.86,21.5589,51.186
1759345603788134400,-1029.65,719.342,-2468.1,0.508081,-0.722467,-0.438736,0.165549,8.06255,-115.909,43.4473,-0.011642,0.0189358,0.0304584,30.8606,21.5594,51.1866
1759345603798134272,-1029.57,718.181,-2467.66,0.508661,-0.722457,-0.438182,0.165274,8.08632,-116.296,43.7177,-0.0116419,0.0189351,0.0304584,30.8611,21.5599,51.1873
1759345603808134400,-1029.49,717.016,-2467.22,0.509112,-0.722462,-0.437869,0.164695,8.10943,-116.683,43.9875,-0.0116417,0.0189343,0.0304584,30.8616,21.5604,51.1879
1759345603818134272,-1029.41,715.847,-2466.78,0.509559,-0.722467,-0.437565,0.164098,8.13149,-117.071,44.2561,-0.0116415,0.0189335,0.0304585,30.8621,21.5609,51.1886
1759345603828134400,-1029.33,714.674,-2466.34,0.510001,-0.722478,-0.437265,0.163476,8.15276,-117.459,44.5238,-0.0116413,0.0189327,0.0304585,30.8627,21.5614,51.1892
1759345603838134272,-1029.25,713.498,-2465.89,0.510429,-0.722501,-0.436968,0.162831,8.17322,-117.846,44.7907,-0.0116411,0.018932,0.0304585,30.8632,21.5619,51.1899
1759345603848134400,-1029.17,712.317,-2465.44,0.510842,-0.722533,-0.436669,0.162192,8.19292,-118.235,45.0571,-0.011641,0.0189312,0.0304585,30.8637,21.5624,51.1905
1759345603858134272,-1029.08,711.133,-2464.99,0.51246,-0.722442,-0.43456,0.163155,8.21182,-118.623,45.3228,-0.0116408,0.0189304,0.0304586,30.8643,21.5628,51.1912
1759345603868134144,-1029,709.944,-2464.54,0.513255,-0.722475,-0.433621,0.163008,8.23149,-119.011,45.5877,-0.0116406,0.0189297,0.0304586,30.8648,21.5633,51.1919
1759345603878134272,-1028.92,708.752,-2464.08,0.513913,-0.722457,-0.432954,0.162789,8.2509,-119.4,45.8522,-0.0116404,0.0189289,0.0304586,30.8653,21.5638,51.1925
1759345603888134144,-1028.84,707.556,-2463.62,0.514507,-0.722435,-0.432377,0.162544,8.27,-119.789,46.1164,-0.0116402,0.0189282,0.0304587,30.8659,21.5643,51.1932
1759345603898134272,-1028.75,706.356,-2463.16,0.515101,-0.722515,-0.431633,0.162282,8.28865,-120.178,46.3803,-0.01164,0.0189274,0.0304587,30.8664,21.5648,51.1938
1759345603908134144,-1028.67,705.152,-2462.69,0.515683,-0.722536,-0.430953,0.162146,8.30705,-120.567,46.6439,-0.0116399,0.0189267,0.0304587,30.8669,21.5653,51.1945
1759345603918134272,-1028.59,703.944,-2462.22,0.516234,-0.72264,-0.430181,0.161984,8.32538,-120.957,46.9072,-0.0116397,0.0189259,0.0304588,30.8675,21.5658,51.1951
1759345603928134144,-1028.51,702.733,-2461.75,0.516701,-0.722644,-0.429652,0.16188,8.34353,-121.346,47.1704,-0.0116395,0.0189252,0.0304588,30.868,21.5663,51.1958
1759345603938134272,-1028.42,701.517,-2461.28,0.517203,-0.722737,-0.428913,0.16182,8.36167,-121.735,47.4337,-0.0116393,0.0189244,0.0304589,30.8686,21.5668,51.1964
1759345603948134144,-1028.34,700.298,-2460.8,0.517417,-0.722894,-0.428515,0.161489,8.37992,-122.124,47.6974,-0.0116391,0.0189237,0.0304589,30.8691,21.5673,51.1971
1759345603958134272,-1028.25,699.074,-2460.33,0.517577,-0.723059,-0.428176,0.161137,8.39747,-122.513,47.9613,-0.0116389,0.0189229,0.030459,30.8696,21.5678,51.1977
1759345603968134144,-1028.17,697.847,-2459.84,0.517709,-0.723243,-0.427839,0.160781,8.41423,-122.902,48.2253,-0.0116387,0.0189222,0.030459,30.8702,21.5683,51.1984
1759345603978134272,-1028.09,696.616,-2459.36,0.517809,-0.723451,-0.427505,0.160416,8.42989,-123.29,48.4885,-0.0116385,0.0189215,0.0304591,30.8707,21.5687,51.199
1759345603988134144,-1028,695.381,-2458.87,0.517872,-0.72368,-0.427168,0.160071,8.44481,-123.68,48.7514,-0.0116383,0.0189207,0.0304591,30.8712,21.5692,51.1997
1759345603998134016,-1027.92,694.142,-2458.39,0.51929,-0.723438,-0.425237,0.161705,8.45899,-124.069,49.0141,-0.0116382,0.01892,0.0304592,30.8718,21.5697,51.2003
1759345604008134144,-1027.83,692.899,-2457.89,0.519945,-0.723431,-0.424241,0.162247,8.47486,-124.46,49.2769,-0.011638,0.0189193,0.0304592,30.8723,21.5702,51.2009
1759345604018134016,-1027.75,691.653,-2457.4,0.520263,-0.723543,-0.423658,0.162254,8.49127,-124.85,49.54,-0.0116378,0.0189185,0.0304593,30.8728,21.5707,51.2016
1759345604028134144,-1027.66,690.402,-2456.9,0.520607,-0.723593,-0.423127,0.162312,8.50762,-125.241,49.804,-0.0116376,0.0189178,0.0304594,30.8734,21.5712,51.2022
1759345604038134016,-1027.58,689.148,-2456.4,0.520995,-0.723674,-0.422458,0.162447,8.52381,-125.632,50.0685,-0.0116373,0.0189171,0.0304594,30.8739,21.5717,51.2029
1759345604048134144,-1027.49,687.889,-2455.9,0.521308,-0.723775,-0.421874,0.162512,8.53981,-126.022,50.3335,-0.0116371,0.0189164,0.0304595,30.8744,21.5722,51.2035
1759345604058134016,-1027.41,686.627,-2455.4,0.521599,-0.723878,-0.42133,0.162531,8.5551,-126.412,50.5987,-0.0116369,0.0189157,0.0304596,30.875,21.5727,51.2042
1759345604068134144,-1027.32,685.361,-2454.89,0.521968,-0.723972,-0.420638,0.162722,8.56926,-126.802,50.8641,-0.0116367,0.0189149,0.0304597,30.8755,21.5731,51.2048
1759345604078134016,-1027.24,684.091,-2454.38,0.522288,-0.724072,-0.419998,0.162899,8.58238,-127.191,51.1301,-0.0116365,0.0189142,0.0304597,30.876,21.5736,51.2055
1759345604088134144,-1027.15,682.817,-2453.87,0.522311,-0.724303,-0.41967,0.162648,8.59487,-127.58,51.3965,-0.0116363,0.0189135,0.0304598,30.8766,21.5741,51.2061
1759345604098134016,-1027.06,681.539,-2453.35,0.522305,-0.724547,-0.419354,0.16239,8.60617,-127.968,51.6636,-0.0116361,0.0189128,0.0304599,30.8771,21.5746,51.2067
1759345604108134144,-1026.98,680.257,-2452.83,0.522255,-0.724819,-0.41904,0.16215,8.61692,-128.356,51.9307,-0.0116359,0.0189121,0.03046,30.8776,21.5751,51.2074
1759345604118134016,-1026.89,678.971,-2452.31,0.522156,-0.725123,-0.418727,0.161917,8.62739,-128.744,52.198,-0.0116357,0.0189114,0.0304601,30.8782,21.5756,51.208
1759345604128133888,-1026.81,677.682,-2451.79,0.522024,-0.725449,-0.418413,0.161698,8.6376,-129.132,52.4656,-0.0116355,0.0189107,0.0304602,30.8787,21.5761,51.2087
1759345604138134016,-1026.72,676.388,-2451.26,0.52277,-0.725298,-0.417282,0.16288,8.64737,-129.52,52.7342,-0.0116352,0.01891,0.0304603,30.8792,21.5766,51.2093
1759345604148133888,-1026.63,675.091,-2450.74,0.523624,-0.72507,-0.416059,0.164275,8.65833,-129.908,53.0032,-0.011635,0.0189093,0.0304604,30.8798,21.577,51.2099
1759345604158134016,-1026.55,673.79,-2450.2,0.523761,-0.725215,-0.415526,0.164545,8.67068,-130.296,53.2728,-0.0116348,0.0189086,0.0304605,30.8803,21.5775,51.2106
1759345604168133888,-1026.46,672.485,-2449.67,0.523901,-0.725336,-0.415037,0.164802,8.6832,-130.685,53.5428,-0.0116346,0.0189079,0.0304606,30.8808,21.578,51.2112
1759345604178134016,-1026.37,671.176,-2449.13,0.523988,-0.725452,-0.414658,0.164971,8.69596,-131.074,53.8131,-0.0116343,0.0189072,0.0304607,30.8814,21.5785,51.2119
1759345604188133888,-1026.29,669.863,-2448.59,0.524084,-0.725585,-0.414261,0.165075,8.70872,-131.463,54.0836,-0.0116341,0.0189065,0.0304608,30.8819,21.579,51.2125
1759345604198134016,-1026.2,668.546,-2448.05,0.524253,-0.725654,-0.413849,0.16527,8.721,-131.852,54.3537,-0.0116339,0.0189058,0.0304609,30.8824,21.5794,51.2131
1759345604208133888,-1026.11,667.226,-2447.51,0.524376,-0.725754,-0.413501,0.165311,8.73287,-132.241,54.6233,-0.0116336,0.0189051,0.030461,30.883,21.5799,51.2138
1759345604218134016,-1026.02,665.901,-2446.96,0.524567,-0.725835,-0.413084,0.165394,8.74402,-132.631,54.8921,-0.0116334,0.0189044,0.0304611,30.8835,21.5804,51.2144
1759345604228133888,-1025.94,664.573,-2446.41,0.524783,-0.725896,-0.412693,0.165417,8.75462,-133.022,55.1609,-0.0116332,0.0189038,0.0304613,30.884,21.5809,51.2151
1759345604238134016,-1025.85,663.241,-2445.86,0.525011,-0.72597,-0.412301,0.165345,8.76465,-133.414,55.4297,-0.0116329,0.0189031,0.0304614,30.8845,21.5814,51.2157
1759345604248133888,-1025.76,661.904,-2445.3,0.525313,-0.726035,-0.4118,0.165348,8.77455,-133.806,55.6988,-0.0116327,0.0189024,0.0304615,30.8851,21.5818,51.2163
1759345604258134016,-1025.67,660.564,-2444.74,0.525569,-0.726058,-0.411455,0.165293,8.78448,-134.2,55.9684,-0.0116324,0.0189017,0.0304616,30.8856,21.5823,51.217
1759345604268133888,-1025.59,659.22,-2444.18,0.525764,-0.726059,-0.411249,0.165179,8.79454,-134.594,56.2389,-0.0116322,0.018901,0.0304617,30.8861,21.5828,51.2176
1759345604278133760,-1025.5,657.872,-2443.62,0.526002,-0.726109,-0.410881,0.165115,8.80451,-134.987,56.5097,-0.0116319,0.0189003,0.0304619,30.8867,21.5833,51.2182
1759345604288133888,-1025.41,656.52,-2443.05,0.526246,-0.726153,-0.410524,0.165037,8.8144,-135.381,56.7807,-0.0116317,0.0188996,0.030462,30.8872,21.5837,51.2189
1759345604298133760,-1025.32,655.164,-2442.48,0.526464,-0.726198,-0.410179,0.165002,8.82427,-135.776,57.0515,-0.0116314,0.018899,0.0304621,30.8877,21.5842,51.2195
1759345604308133888,-1025.23,653.804,-2441.91,0.526655,-0.726261,-0.409835,0.164966,8.83396,-136.171,57.3223,-0.0116312,0.0188983,0.0304622,30.8882,21.5847,51.2202
1759345604318133760,-1025.15,652.441,-2441.33,0.526816,-0.726349,-0.409492,0.164918,8.8434,-136.566,57.5933,-0.0116309,0.0188976,0.0304624,30.8888,21.5852,51.2208
1759345604328133888,-1025.06,651.073,-2440.76,0.526934,-0.726462,-0.40915,0.164894,8.85257,-136.961,57.8642,-0.0116307,0.0188969,0.0304625,30.8893,21.5856,51.2214
1759345604338133760,-1024.97,649.701,-2440.18,0.527142,-0.726486,-0.40876,0.165093,8.86153,-137.357,58.1353,-0.0116304,0.0188963,0.0304626,30.8898,21.5861,51.2221
1759345604348133888,-1024.88,648.325,-2439.59,0.527179,-0.726645,-0.408455,0.165025,8.87118,-137.753,58.4066,-0.0116301,0.0188956,0.0304628,30.8903,21.5866,51.2227
1759345604358133760,-1024.79,646.946,-2439.01,0.527265,-0.726771,-0.408132,0.164996,8.88095,-138.15,58.6784,-0.0116299,0.0188949,0.0304629,30.8908,21.587,51.2233
1759345604368133888,-1024.7,645.562,-2438.42,0.527531,-0.726901,-0.407514,0.165103,8.89098,-138.546,58.9505,-0.0116296,0.0188943,0.030463,30.8914,21.5875,51.224
1759345604378133760,-1024.61,644.175,-2437.83,0.52767,-0.72695,-0.407258,0.165074,8.90156,-138.943,59.2227,-0.0116293,0.0188936,0.0304632,30.8919,21.588,51.2246
1759345604388133888,-1024.52,642.783,-2437.24,0.527865,-0.727066,-0.406826,0.165005,8.91195,-139.34,59.495,-0.0116291,0.0188929,0.0304633,30.8924,21.5884,51.2253
1759345604398133760,-1024.44,641.387,-2436.64,0.528084,-0.727147,-0.406459,0.16485,8.92196,-139.737,59.7676,-0.0116288,0.0188923,0.0304635,30.8929,21.5889,51.2259
1759345604408133632,-1024.35,639.988,-2436.04,0.528369,-0.727148,-0.406147,0.164699,8.93141,-140.133,60.0401,-0.0116286,0.0188916,0.0304636,30.8934,21.5894,51.2265
1759345604418133760,-1024.26,638.585,-2435.44,0.528708,-0.727137,-0.405807,0.164501,8.94037,-140.53,60.3124,-0.0116283,0.018891,0.0304637,30.8939,21.5898,51.2272
1759345604428133632,-1024.17,637.177,-2434.84,0.529049,-0.727113,-0.405555,0.16413,8.94885,-140.926,60.5841,-0.011628,0.0188904,0.0304639,30.8945,21.5903,51.2278
1759345604438133760,-1024.08,635.766,-2434.23,0.529535,-0.727098,-0.405072,0.163822,8.95642,-141.323,60.8549,-0.0116278,0.0188897,0.030464,30.895,21.5907,51.2284
1759345604448133632,-1023.99,634.35,-2433.62,0.530005,-0.727055,-0.404695,0.163423,8.96301,-141.719,61.1248,-0.0116275,0.0188891,0.0304642,30.8955,21.5912,51.2291
1759345604458133760,-1023.9,632.931,-2433.01,0.530489,-0.727007,-0.404335,0.16296,8.96783,-142.115,61.3935,-0.0116273,0.0188885,0.0304643,30.896,21.5917,51.2297
1759345604468133632,-1023.81,631.508,-2432.39,0.531041,-0.726923,-0.403969,0.162443,8.97156,-142.511,61.6612,-0.011627,0.0188878,0.0304645,30.8965,21.5921,51.2303
1759345604478133760,-1023.72,630.081,-2431.77,0.531605,-0.726829,-0.403635,0.161844,8.97424,-142.907,61.9279,-0.0116267,0.0188872,0.0304646,30.897,21.5926,51.231
1759345604488133632,-1023.63,628.65,-2431.15,0.532189,-0.726656,-0.403411,0.161262,8.97552,-143.304,62.1937,-0.0116265,0.0188866,0.0304648,30.8975,21.593,51.2316
1759345604498133760,-1023.54,627.214,-2430.53,0.53281,-0.726525,-0.403071,0.160649,8.9754,-143.7,62.4584,-0.0116262,0.018886,0.0304649,30.898,21.5935,51.2322
1759345604508133632,-1023.45,625.775,-2429.9,0.533491,-0.726445,-0.402573,0.159999,8.97379,-144.098,62.7224,-0.011626,0.0188854,0.0304651,30.8986,21.5939,51.2329
1759345604518133760,-1023.36,624.332,-2429.27,0.53418,-0.726289,-0.402207,0.159331,8.97102,-144.495,62.9853,-0.0116258,0.0188848,0.0304652,30.8991,21.5944,51.2335
1759345604528133632,-1023.27,622.885,-2428.64,0.534854,-0.726125,-0.40186,0.158689,8.96718,-144.892,63.247,-0.0116255,0.0188842,0.0304654,30.8996,21.5948,51.2341
1759345604538133504,-1023.18,621.434,-2428.01,0.535509,-0.725965,-0.401542,0.158013,8.96222,-145.289,63.5073,-0.0116253,0.0188836,0.0304655,30.9001,21.5953,51.2348
1759345604548133632,-1023.09,619.979,-2427.37,0.536146,-0.725807,-0.40123,0.157371,8.95606,-145.686,63.7665,-0.011625,0.018883,0.0304657,30.9006,21.5957,51.2354
1759345604558133504,-1023,618.52,-2426.73,0.536656,-0.725607,-0.401164,0.156724,8.94868,-146.082,64.0246,-0.0116248,0.0188824,0.0304658,30.9011,21.5962,51.2361
1759345604568133632,-1022.91,617.057,-2426.09,0.537098,-0.725589,-0.400913,0.155932,8.94033,-146.48,64.2817,-0.0116246,0.0188818,0.030466,30.9016,21.5966,51.2367
1759345604578133504,-1022.82,615.59,-2425.45,0.537505,-0.72561,-0.400628,0.155163,8.93062,-146.877,64.5378,-0.0116243,0.0188812,0.0304661,30.9021,21.5971,51.2373
1759345604588133632,-1022.73,614.119,-2424.8,0.537867,-0.72566,-0.400342,0.154412,8.91911,-147.275,64.7931,-0.0116241,0.0188806,0.0304663,30.9026,21.5975,51.238
1759345604598133504,-1022.64,612.645,-2424.15,0.538162,-0.725753,-0.400058,0.153683,8.90636,-147.674,65.048,-0.0116239,0.01888,0.0304664,30.9031,21.598,51.2386
1759345604608133632,-1022.56,611.166,-2423.5,0.53838,-0.72589,-0.399774,0.153005,8.8924,-148.072,65.3025,-0.0116236,0.0188795,0.0304666,30.9036,21.5984,51.2392
1759345604618133504,-1022.47,609.683,-2422.85,0.539106,-0.725223,-0.399818,0.153499,8.87759,-148.471,65.557,-0.0116234,0.0188789,0.0304667,30.9041,21.5988,51.2398
1759345604628133632,-1022.38,608.196,-2422.19,0.539617,-0.724833,-0.399744,0.153738,8.86393,-148.87,65.8109,-0.0116232,0.0188783,0.0304669,30.9046,21.5993,51.2405
1759345604638133504,-1022.29,606.705,-2421.53,0.539826,-0.724774,-0.399651,0.153524,8.85086,-149.269,66.0646,-0.0116229,0.0188778,0.030467,30.9051,21.5997,51.2411
1759345604648133632,-1022.2,605.21,-2420.87,0.539963,-0.724677,-0.399695,0.153387,8.83746,-149.668,66.3186,-0.0116227,0.0188772,0.0304672,30.9056,21.6001,51.2417
1759345604658133504,-1022.11,603.712,-2420.2,0.540012,-0.724657,-0.399698,0.1533,8.82394,-150.067,66.573,-0.0116225,0.0188766,0.0304673,30.9061,21.6006,51.2424
1759345604668133376,-1022.02,602.209,-2419.54,0.540026,-0.724632,-0.399688,0.153392,8.81098,-150.466,66.8282,-0.0116222,0.0188761,0.0304675,30.9066,21.601,51.243
1759345604678133504,-1021.94,600.702,-2418.87,0.539905,-0.724668,-0.39975,0.153487,8.79842,-150.864,67.084,-0.011622,0.0188755,0.0304676,30.907,21.6014,51.2436
1759345604688133376,-1021.85,599.191,-2418.2,0.539728,-0.724707,-0.399848,0.153668,8.78626,-151.263,67.3404,-0.0116218,0.018875,0.0304678,30.9075,21.6019,51.2443
1759345604698133504,-1021.76,597.677,-2417.52,0.539501,-0.724759,-0.399969,0.153905,8.77486,-151.662,67.5976,-0.0116215,0.0188744,0.0304679,30.908,21.6023,51.2449
1759345604708133376,-1021.67,596.158,-2416.84,0.539227,-0.724859,-0.400072,0.154127,8.76381,-152.062,67.8555,-0.0116213,0.0188738,0.0304681,30.9085,21.6027,51.2455
1759345604718133504,-1021.59,594.635,-2416.16,0.538944,-0.724921,-0.400209,0.154472,8.753,-152.462,68.1143,-0.0116211,0.0188733,0.0304683,30.909,21.6032,51.2462
1759345604728133376,-1021.5,593.108,-2415.48,0.538617,-0.724888,-0.400559,0.154859,8.74217,-152.862,68.3739,-0.0116208,0.0188727,0.0304684,30.9095,21.6036,51.2468
1759345604738133504,-1021.41,591.578,-2414.8,0.538226,-0.725075,-0.400653,0.155097,8.73149,-153.261,68.6343,-0.0116206,0.0188722,0.0304686,30.91,21.604,51.2474
1759345604748133376,-1021.32,590.043,-2414.11,0.537794,-0.725303,-0.400736,0.155318,8.72096,-153.661,68.8962,-0.0116204,0.0188716,0.0304687,30.9105,21.6044,51.2481
1759345604758133504,-1021.24,588.504,-2413.42,0.537334,-0.725559,-0.400819,0.155501,8.71062,-154.061,69.1589,-0.0116201,0.0188711,0.0304689,30.9109,21.6048,51.2487
1759345604768133376,-1021.15,586.961,-2412.73,0.537095,-0.725179,-0.401475,0.156404,8.70043,-154.461,69.4223,-0.0116199,0.0188705,0.030469,30.9114,21.6053,51.2493
1759345604778133504,-1021.06,585.415,-2412.03,0.536666,-0.725288,-0.401705,0.156778,8.69186,-154.861,69.6862,-0.0116196,0.01887,0.0304692,30.9119,21.6057,51.25
1759345604788133376,-1020.98,583.864,-2411.33,0.536207,-0.72533,-0.402111,0.157118,8.68355,-155.261,69.9505,-0.0116194,0.0188694,0.0304694,30.9124,21.6061,51.2506
1759345604798133248,-1020.89,582.309,-2410.63,0.53575,-0.725365,-0.402512,0.157488,8.67557,-155.662,70.2152,-0.0116191,0.0188689,0.0304695,30.9128,21.6065,51.2512
1759345604808133376,-1020.8,580.75,-2409.93,0.535319,-0.725378,-0.402925,0.157834,8.66784,-156.062,70.4806,-0.0116189,0.0188684,0.0304697,30.9133,21.6069,51.2519
1759345604818133248,-1020.72,579.188,-2409.22,0.53489,-0.725392,-0.403348,0.158145,8.66034,-156.463,70.7464,-0.0116187,0.0188678,0.0304698,30.9138,21.6073,51.2525
1759345604828133376,-1020.63,577.621,-2408.51,0.534468,-0.725385,-0.403802,0.158443,8.65299,-156.864,71.0122,-0.0116184,0.0188673,0.03047,30.9143,21.6077,51.2531
1759345604838133248,-1020.54,576.05,-2407.8,0.534061,-0.725311,-0.404343,0.158772,8.64593,-157.265,71.2782,-0.0116182,0.0188667,0.0304702,30.9147,21.6081,51.2537
1759345604848133376,-1020.46,574.475,-2407.09,0.533665,-0.725246,-0.404874,0.159047,8.63924,-157.667,71.5445,-0.0116179,0.0188662,0.0304703,30.9152,21.6086,51.2544
1759345604858133248,-1020.37,572.897,-2406.37,0.533248,-0.725245,-0.405318,0.159321,8.63237,-158.068,71.8111,-0.0116177,0.0188656,0.0304705,30.9157,21.609,51.255
1759345604868133376,-1020.28,571.314,-2405.65,0.5328,-0.725243,-0.405817,0.159559,8.62507,-158.47,72.0787,-0.0116174,0.0188651,0.0304706,30.9161,21.6094,51.2556
1759345604878133248,-1020.2,569.727,-2404.93,0.532366,-0.725231,-0.406301,0.159834,8.61735,-158.871,72.3472,-0.0116172,0.0188645,0.0304708,30.9166,21.6098,51.2563
1759345604888133376,-1020.11,568.136,-2404.2,0.531876,-0.725602,-0.406267,0.159864,8.60969,-159.272,72.6162,-0.011617,0.018864,0.0304709,30.9171,21.6102,51.2569
1759345604898133248,-1020.03,566.541,-2403.48,0.531354,-0.726008,-0.406214,0.159888,8.6014,-159.673,72.8858,-0.0116167,0.0188635,0.0304711,30.9175,21.6106,51.2575
1759345604908133376,-1019.94,564.943,-2402.75,0.530803,-0.726441,-0.406167,0.159875,8.59289,-160.074,73.1548,-0.0116165,0.0188629,0.0304712,30.918,21.611,51.2582
1759345604918133248,-1019.85,563.34,-2402.01,0.530387,-0.725309,-0.408276,0.161019,8.58425,-160.474,73.4243,-0.0116162,0.0188624,0.0304714,30.9185,21.6113,51.2588
1759345604928133376,-1019.77,561.733,-2401.28,0.529894,-0.72522,-0.408938,0.161365,8.57843,-160.875,73.6933,-0.011616,0.0188619,0.0304715,30.9189,21.6117,51.2594
1759345604938133248,-1019.68,560.122,-2400.54,0.529408,-0.725259,-0.409399,0.161612,8.57281,-161.276,73.9627,-0.0116158,0.0188613,0.0304716,30.9194,21.6121,51.2601
1759345604948133120,-1019.6,558.507,-2399.8,0.528945,-0.725188,-0.410014,0.16189,8.56714,-161.676,74.2325,-0.0116155,0.0188608,0.0304718,30.9198,21.6125,51.2607
1759345604958133248,-1019.51,556.888,-2399.05,0.528501,-0.725131,-0.41059,0.162136,8.56158,-162.076,74.5028,-0.0116153,0.0188603,0.0304719,30.9203,21.6129,51.2613
1759345604968133120,-1019.42,555.265,-2398.31,0.528085,-0.725089,-0.411103,0.162379,8.55603,-162.477,74.7736,-0.0116151,0.0188597,0.0304721,30.9207,21.6133,51.262
1759345604978133248,-1019.34,553.638,-2397.56,0.527581,-0.724966,-0.411917,0.162504,8.55044,-162.877,75.045,-0.0116148,0.0188592,0.0304722,30.9212,21.6137,51.2626
1759345604988133120,-1019.25,552.008,-2396.81,0.527192,-0.7248,-0.412617,0.162728,8.54517,-163.277,75.3168,-0.0116146,0.0188587,0.0304723,30.9216,21.6141,51.2632
1759345604998133248,-1019.17,550.373,-2396.05,0.526847,-0.724671,-0.413218,0.162897,8.54022,-163.677,75.5888,-0.0116144,0.0188582,0.0304725,30.9221,21.6144,51.2639
1759345605008133120,-1019.08,548.734,-2395.3,0.52653,-0.724526,-0.413806,0.163074,8.53552,-164.077,75.8611,-0.0116141,0.0188576,0.0304726,30.9225,21.6148,51.2645
1759345605018133248,-1019,547.091,-2394.54,0.526246,-0.724414,-0.414324,0.16317,8.53144,-164.476,76.134,-0.0116139,0.0188571,0.0304727,30.923,21.6152,51.2651
1759345605028133120,-1018.91,545.444,-2393.77,0.525991,-0.724283,-0.414835,0.163278,8.52749,-164.874,76.4076,-0.0116137,0.0188566,0.0304729,30.9234,21.6156,51.2658
1759345605038133248,-1018.83,543.793,-2393.01,0.525738,-0.724132,-0.415361,0.163426,8.52369,-165.273,76.6819,-0.0116134,0.0188561,0.030473,30.9239,21.6159,51.2664
1759345605048133120,-1018.74,542.138,-2392.24,0.525476,-0.723992,-0.415885,0.163558,8.52004,-165.67,76.9569,-0.0116132,0.0188556,0.0304731,30.9243,21.6163,51.267
1759345605058133248,-1018.66,540.48,-2391.47,0.525213,-0.723859,-0.416407,0.163656,8.51647,-166.068,77.2325,-0.011613,0.0188551,0.0304733,30.9248,21.6167,51.2677
1759345605068133120,-1018.57,538.817,-2390.69,0.524972,-0.723716,-0.416934,0.163726,8.51283,-166.466,77.5084,-0.0116128,0.0188545,0.0304734,30.9252,21.617,51.2683
1759345605078132992,-1018.49,537.15,-2389.92,0.52477,-0.723179,-0.417987,0.16406,8.5095,-166.864,77.7843,-0.0116125,0.018854,0.0304735,30.9256,21.6174,51.2689
1759345605088133120,-1018.4,535.479,-2389.14,0.524576,-0.722987,-0.418545,0.164104,8.50721,-167.263,78.06,-0.0116123,0.0188535,0.0304737,30.9261,21.6178,51.2696
1759345605098132992,-1018.32,533.805,-2388.36,0.524418,-0.722767,-0.419115,0.164123,8.50566,-167.663,78.3356,-0.0116121,0.018853,0.0304738,30.9265,21.6181,51.2702
1759345605108133120,-1018.23,532.126,-2387.57,0.5243,-0.722472,-0.419761,0.164146,8.50499,-168.063,78.6113,-0.0116119,0.0188525,0.0304739,30.9269,21.6185,51.2708
1759345605118132992,-1018.15,530.443,-2386.79,0.524222,-0.722141,-0.420442,0.16411,8.50526,-168.464,78.887,-0.0116116,0.018852,0.030474,30.9274,21.6188,51.2715
1759345605128133120,-1018.06,528.756,-2385.99,0.524128,-0.721764,-0.421242,0.164018,8.50631,-168.865,79.163,-0.0116114,0.0188515,0.0304742,30.9278,21.6192,51.2721
1759345605138132992,-1017.98,527.066,-2385.2,0.524105,-0.721382,-0.421956,0.163938,8.50821,-169.265,79.4392,-0.0116112,0.018851,0.0304743,30.9282,21.6196,51.2727
1759345605148133120,-1017.89,525.371,-2384.41,0.524132,-0.720979,-0.422643,0.16385,8.5114,-169.666,79.7157,-0.0116109,0.0188504,0.0304744,30.9286,21.6199,51.2734
1759345605158132992,-1017.81,523.672,-2383.61,0.524177,-0.720669,-0.423169,0.163719,8.51514,-170.068,79.9918,-0.0116107,0.0188499,0.0304745,30.9291,21.6203,51.274
1759345605168133120,-1017.72,521.969,-2382.81,0.524204,-0.720742,-0.423185,0.163267,8.51925,-170.469,80.2674,-0.0116105,0.0188494,0.0304747,30.9295,21.6206,51.2746
1759345605178132992,-1017.63,520.262,-2382,0.52424,-0.720893,-0.423074,0.162771,8.52292,-170.871,80.5423,-0.0116103,0.0188489,0.0304748,30.9299,21.6209,51.2753
1759345605188133120,-1017.55,518.552,-2381.2,0.524266,-0.721061,-0.422956,0.162252,8.52598,-171.274,80.8164,-0.01161,0.0188484,0.0304749,30.9303,21.6213,51.2759
1759345605198132992,-1017.46,516.837,-2380.39,0.524285,-0.721241,-0.422836,0.161702,8.52843,-171.676,81.0899,-0.0116098,0.0188479,0.030475,30.9307,21.6216,51.2765
1759345605208132864,-1017.38,515.118,-2379.57,0.524328,-0.721373,-0.422766,0.161148,8.53065,-172.08,81.3628,-0.0116096,0.0188474,0.0304751,30.9311,21.622,51.2772
1759345605218132992,-1017.29,513.395,-2378.76,0.524455,-0.718153,-0.427385,0.162928,8.53281,-172.483,81.6353,-0.0116093,0.0188469,0.0304753,30.9316,21.6223,51.2778
1759345605228132864,-1017.21,511.668,-2377.94,0.524483,-0.717681,-0.428196,0.162785,8.5418,-172.888,81.9058,-0.0116091,0.0188464,0.0304754,30.932,21.6226,51.2784
1759345605238132992,-1017.12,509.937,-2377.12,0.524504,-0.717287,-0.428896,0.162613,8.55202,-173.293,82.1761,-0.0116089,0.0188459,0.0304755,30.9324,21.623,51.2791
1759345605248132864,-1017.04,508.202,-2376.3,0.524517,-0.716903,-0.429595,0.162421,8.56334,-173.699,82.4465,-0.0116086,0.0188454,0.0304756,30.9328,21.6233,51.2797
1759345605258132992,-1016.95,506.463,-2375.47,0.524496,-0.716541,-0.430297,0.162225,8.57611,-174.105,82.717,-0.0116084,0.0188449,0.0304757,30.9332,21.6236,51.2803
1759345605268132864,-1016.87,504.72,-2374.64,0.524485,-0.716174,-0.430989,0.162047,8.5897,-174.512,82.9873,-0.0116082,0.0188444,0.0304758,30.9336,21.624,51.281
1759345605278132992,-1016.78,502.972,-2373.81,0.524454,-0.715745,-0.431796,0.161894,8.60408,-174.919,83.2575,-0.011608,0.0188439,0.0304759,30.934,21.6243,51.2816
1759345605288132864,-1016.69,501.221,-2372.98,0.524441,-0.715433,-0.432413,0.161666,8.619,-175.326,83.5274,-0.0116077,0.0188434,0.030476,30.9344,21.6246,51.2822
1759345605298132992,-1016.61,499.466,-2372.14,0.52442,-0.715142,-0.433014,0.161416,8.63411,-175.734,83.7971,-0.0116075,0.0188429,0.0304761,30.9348,21.625,51.2829
1759345605308132864,-1016.52,497.706,-2371.3,0.52442,-0.7152,-0.433095,0.160934,8.64855,-176.142,84.0659,-0.0116073,0.0188425,0.0304762,30.9352,21.6253,51.2835
1759345605318132992,-1016.43,495.943,-2370.46,0.524452,-0.715346,-0.433013,0.160405,8.66188,-176.552,84.3338,-0.011607,0.018842,0.0304763,30.9356,21.6256,51.2841
1759345605328132864,-1016.35,494.175,-2369.62,0.524502,-0.715492,-0.432931,0.159813,8.67391,-176.962,84.601,-0.0116068,0.0188415,0.0304764,30.936,21.6259,51.2848
1759345605338132736,-1016.26,492.403,-2368.77,0.524546,-0.715644,-0.432853,0.159198,8.68422,-177.373,84.8672,-0.0116066,0.018841,0.0304765,30.9364,21.6262,51.2854
1759345605348132864,-1016.17,490.627,-2367.92,0.524398,-0.713373,-0.436489,0.15995,8.69357,-177.784,85.1328,-0.0116064,0.0188405,0.0304765,30.9368,21.6265,51.286
1759345605358132736,-1016.09,488.847,-2367.07,0.524446,-0.713073,-0.43706,0.159566,8.70627,-178.196,85.3967,-0.0116062,0.01884,0.0304766,30.9372,21.6269,51.2867
1759345605368132864,-1016,487.063,-2366.21,0.524484,-0.712712,-0.437754,0.159152,8.71899,-178.609,85.6597,-0.0116059,0.0188395,0.0304767,30.9376,21.6272,51.2873
1759345605378132736,-1015.91,485.275,-2365.35,0.524545,-0.712355,-0.438417,0.158726,8.73173,-179.021,85.9218,-0.0116057,0.018839,0.0304768,30.938,21.6275,51.2879
1759345605388132864,-1015.83,483.482,-2364.49,0.524593,-0.712012,-0.43906,0.158323,8.74439,-179.434,86.1832,-0.0116055,0.0188386,0.0304769,30.9384,21.6278,51.2886
1759345605398132736,-1015.74,481.686,-2363.63,0.524625,-0.711697,-0.439678,0.15792,8.75651,-179.846,86.444,-0.0116053,0.0188381,0.0304769,30.9388,21.6281,51.2892
1759345605408132864,-1015.65,479.885,-2362.76,0.524605,-0.71143,-0.440279,0.157516,8.76799,-180.258,86.7045,-0.0116051,0.0188376,0.030477,30.9392,21.6284,51.2898
1759345605418132736,-1015.56,478.081,-2361.9,0.524578,-0.711183,-0.44084,0.157151,8.77869,-180.67,86.9649,-0.0116049,0.0188371,0.0304771,30.9395,21.6287,51.2905
1759345605428132864,-1015.47,476.272,-2361.02,0.524492,-0.71083,-0.441606,0.156885,8.78893,-181.083,87.2249,-0.0116047,0.0188366,0.0304771,30.9399,21.629,51.2911
1759345605438132736,-1015.39,474.459,-2360.15,0.524476,-0.711,-0.441519,0.156409,8.79898,-181.496,87.4844,-0.0116045,0.0188361,0.0304772,30.9403,21.6293,51.2917
1759345605448132864,-1015.3,472.642,-2359.27,0.524433,-0.711212,-0.441397,0.155936,8.80807,-181.909,87.7441,-0.0116042,0.0188357,0.0304773,30.9407,21.6296,51.2923
1759345605458132736,-1015.21,470.82,-2358.4,0.524344,-0.711459,-0.441277,0.15545,8.81618,-182.323,88.004,-0.011604,0.0188352,0.0304773,30.9411,21.6299,51.293
1759345605468132608,-1015.12,468.995,-2357.51,0.524218,-0.711717,-0.441174,0.154984,8.8232,-182.738,88.2647,-0.0116038,0.0188347,0.0304774,30.9414,21.6302,51.2936
1759345605478132736,-1015.03,467.165,-2356.63,0.523875,-0.709788,-0.44439,0.155802,8.82967,-183.153,88.5258,-0.0116036,0.0188342,0.0304774,30.9418,21.6305,51.2942
1759345605488132608,-1014.95,465.332,-2355.74,0.52368,-0.709532,-0.445073,0.155668,8.83956,-183.57,88.7863,-0.0116034,0.0188338,0.0304775,30.9422,21.6308,51.2949
1759345605498132736,-1014.86,463.494,-2354.86,0.523485,-0.709336,-0.44567,0.155511,8.85036,-183.988,89.0473,-0.0116032,0.0188333,0.0304776,30.9426,21.6311,51.2955
1759345605508132608,-1014.77,461.652,-2353.96,0.523328,-0.709164,-0.446189,0.155337,8.86166,-184.405,89.3088,-0.011603,0.0188328,0.0304776,30.943,21.6313,51.2961
1759345605518132736,-1014.68,459.805,-2353.07,0.523141,-0.708797,-0.447015,0.155266,8.87335,-184.823,89.5707,-0.0116028,0.0188323,0.0304777,30.9433,21.6316,51.2967
1759345605528132608,-1014.59,457.955,-2352.17,0.522987,-0.70867,-0.447488,0.155001,8.88566,-185.24,89.8335,-0.0116026,0.0188319,0.0304777,30.9437,21.6319,51.2974
1759345605538132736,-1014.5,456.1,-2351.27,0.52287,-0.708453,-0.448029,0.154826,8.89767,-185.657,90.0963,-0.0116024,0.0188314,0.0304778,30.9441,21.6322,51.298
1759345605548132608,-1014.41,454.242,-2350.37,0.522734,-0.708197,-0.448646,0.15467,8.90963,-186.073,90.3591,-0.0116022,0.0188309,0.0304778,30.9444,21.6325,51.2986
1759345605558132736,-1014.32,452.379,-2349.47,0.522651,-0.707984,-0.449138,0.154501,8.92151,-186.488,90.6216,-0.011602,0.0188305,0.0304779,30.9448,21.6327,51.2992
1759345605568132608,-1014.23,450.512,-2348.56,0.522545,-0.707814,-0.449594,0.154308,8.93311,-186.904,90.8838,-0.0116018,0.01883,0.030478,30.9452,21.633,51.2999
1759345605578132736,-1014.15,448.641,-2347.65,0.522431,-0.707614,-0.450095,0.154151,8.94382,-187.319,91.1452,-0.0116016,0.0188295,0.030478,30.9455,21.6333,51.3005
1759345605588132608,-1014.06,446.765,-2346.73,0.52233,-0.707461,-0.450513,0.153977,8.95372,-187.734,91.4064,-0.0116014,0.0188291,0.0304781,30.9459,21.6336,51.3011
1759345605598132736,-1013.97,444.886,-2345.82,0.522207,-0.707646,-0.45051,0.153553,8.96263,-188.149,91.6675,-0.0116012,0.0188286,0.0304781,30.9462,21.6338,51.3017
1759345605608132608,-1013.88,443.002,-2344.9,0.522089,-0.707901,-0.450405,0.153081,8.9697,-188.565,91.9286,-0.011601,0.0188281,0.0304782,30.9466,21.6341,51.3023
1759345605618132480,-1013.79,441.114,-2343.98,0.521938,-0.708186,-0.4503,0.152586,8.9754,-188.981,92.1898,-0.0116008,0.0188277,0.0304782,30.947,21.6344,51.303
1759345605628132608,-1013.7,439.222,-2343.06,0.521736,-0.708502,-0.450199,0.152112,8.9794,-189.397,92.4508,-0.0116006,0.0188272,0.0304783,30.9473,21.6346,51.3036
1759345605638132480,-1013.61,437.326,-2342.13,0.521485,-0.706615,-0.453078,0.153198,8.98189,-189.813,92.7119,-0.0116004,0.0188268,0.0304783,30.9477,21.6349,51.3042
1759345605648132608,-1013.52,435.426,-2341.2,0.52126,-0.706524,-0.453526,0.153054,8.98709,-190.231,92.9723,-0.0116002,0.0188263,0.0304784,30.948,21.6351,51.3048
1759345605658132480,-1013.43,433.521,-2340.27,0.521025,-0.706428,-0.453991,0.152923,8.99197,-190.649,93.2337,-0.0116,0.0188258,0.0304784,30.9484,21.6354,51.3054
1759345605668132608,-1013.34,431.613,-2339.34,0.52077,-0.70633,-0.454488,0.152769,8.99631,-191.067,93.4953,-0.0115998,0.0188254,0.0304785,30.9487,21.6357,51.3061
1759345605678132480,-1013.25,429.7,-2338.4,0.520517,-0.706175,-0.455045,0.152687,9.00008,-191.486,93.757,-0.0115996,0.0188249,0.0304785,30.9491,21.6359,51.3067
1759345605688132608,-1013.16,427.783,-2337.46,0.520251,-0.706137,-0.455455,0.152548,9.00316,-191.904,94.0193,-0.0115995,0.0188245,0.0304786,30.9494,21.6362,51.3073
1759345605698132480,-1013.07,425.861,-2336.52,0.519964,-0.7061,-0.455871,0.152454,9.0058,-192.323,94.2817,-0.0115993,0.018824,0.0304786,30.9498,21.6364,51.3079
1759345605708132608,-1012.98,423.936,-2335.58,0.519639,-0.706016,-0.456384,0.152413,9.00782,-192.742,94.5443,-0.0115991,0.0188235,0.0304787,30.9501,21.6367,51.3086
1759345605718132480,-1012.89,422.006,-2334.63,0.519307,-0.705978,-0.456835,0.152372,9.00964,-193.16,94.8068,-0.0115989,0.0188231,0.0304787,30.9504,21.6369,51.3092
1759345605728132608,-1012.8,420.073,-2333.68,0.518959,-0.706343,-0.45676,0.152093,9.01124,-193.579,95.0693,-0.0115987,0.0188226,0.0304787,30.9508,21.6371,51.3098
1759345605738132480,-1012.71,418.135,-2332.73,0.518571,-0.706773,-0.456625,0.151821,9.01176,-193.997,95.3326,-0.0115985,0.0188222,0.0304788,30.9511,21.6374,51.3104
1759345605748132352,-1012.62,416.193,-2331.78,0.518172,-0.707218,-0.456494,0.151506,9.0113,-194.415,95.5967,-0.0115983,0.0188217,0.0304788,30.9514,21.6376,51.311
1759345605758132480,-1012.53,414.246,-2330.82,0.517764,-0.706968,-0.457282,0.151695,9.00984,-194.832,95.8617,-0.0115981,0.0188213,0.0304789,30.9518,21.6378,51.3117
1759345605768132352,-1012.44,412.296,-2329.86,0.517359,-0.706129,-0.458832,0.152297,9.00889,-195.25,96.1272,-0.0115979,0.0188208,0.0304789,30.9521,21.6381,51.3123
1759345605778132480,-1012.35,410.341,-2328.9,0.516975,-0.706129,-0.459257,0.15232,9.00932,-195.668,96.3927,-0.0115977,0.0188204,0.030479,30.9524,21.6383,51.3129
1759345605788132352,-1012.26,408.382,-2327.93,0.516622,-0.706081,-0.459721,0.152341,9.01006,-196.086,96.6581,-0.0115975,0.0188199,0.030479,30.9527,21.6385,51.3135
1759345605798132480,-1012.17,406.419,-2326.96,0.516285,-0.706074,-0.460114,0.152328,9.01102,-196.504,96.9239,-0.0115973,0.0188195,0.0304791,30.9531,21.6388,51.3141
1759345605808132352,-1012.08,404.452,-2325.99,0.515983,-0.706011,-0.46056,0.1523,9.01206,-196.922,97.19,-0.0115971,0.018819,0.0304791,30.9534,21.639,51.3148
1759345605818132480,-1011.99,402.48,-2325.02,0.515705,-0.706033,-0.460864,0.152217,9.01292,-197.341,97.4568,-0.011597,0.0188186,0.0304791,30.9537,21.6392,51.3154
1759345605828132352,-1011.9,400.505,-2324.04,0.51546,-0.706002,-0.461214,0.152131,9.01396,-197.759,97.724,-0.0115968,0.0188181,0.0304792,30.954,21.6394,51.316
1759345605838132480,-1011.8,398.525,-2323.07,0.515232,-0.70596,-0.461573,0.15201,9.01528,-198.177,97.9914,-0.0115966,0.0188177,0.0304792,30.9543,21.6396,51.3166
1759345605848132352,-1011.71,396.541,-2322.08,0.515014,-0.706305,-0.461426,0.151595,9.01659,-198.595,98.2595,-0.0115964,0.0188172,0.0304793,30.9547,21.6398,51.3172
1759345605858132480,-1011.62,394.553,-2321.1,0.514804,-0.706685,-0.461217,0.151169,9.01696,-199.013,98.5278,-0.0115962,0.0188168,0.0304793,30.955,21.6401,51.3179
1759345605868132352,-1011.53,392.561,-2320.11,0.514574,-0.707085,-0.461006,0.150725,9.01596,-199.43,98.7961,-0.011596,0.0188163,0.0304793,30.9553,21.6403,51.3185
1759345605878132224,-1011.44,390.564,-2319.12,0.514335,-0.707481,-0.460815,0.150266,9.01343,-199.848,99.0642,-0.0115958,0.0188159,0.0304794,30.9556,21.6405,51.3191
1759345605888132352,-1011.35,388.564,-2318.13,0.514087,-0.706508,-0.462392,0.150848,9.00927,-200.265,99.3318,-0.0115956,0.0188155,0.0304794,30.9559,21.6407,51.3197
1759345605898132224,-1011.26,386.559,-2317.14,0.513905,-0.705831,-0.463475,0.151312,9.00637,-200.684,99.5986,-0.0115954,0.018815,0.0304795,30.9562,21.6409,51.3203
1759345605908132352,-1011.17,384.55,-2316.14,0.51369,-0.705831,-0.463763,0.151161,9.00504,-201.103,99.865,-0.0115952,0.0188146,0.0304795,30.9565,21.6411,51.321
1759345605918132224,-1011.08,382.537,-2315.14,0.51347,-0.705836,-0.464068,0.150948,9.00406,-201.523,100.131,-0.011595,0.0188141,0.0304796,30.9568,21.6413,51.3216
1759345605928132352,-1010.99,380.519,-2314.14,0.513309,-0.705714,-0.464456,0.15087,9.00449,-201.942,100.397,-0.0115948,0.0188137,0.0304796,30.9571,21.6415,51.3222
1759345605938132224,-1010.9,378.498,-2313.13,0.513154,-0.705742,-0.464656,0.150652,9.00518,-202.362,100.664,-0.0115946,0.0188132,0.0304796,30.9574,21.6417,51.3228
1759345605948132352,-1010.81,376.472,-2312.12,0.513001,-0.705719,-0.464915,0.150481,9.00695,-202.782,100.93,-0.0115944,0.0188128,0.0304797,30.9576,21.6418,51.3235
1759345605958132224,-1010.72,374.442,-2311.11,0.512932,-0.705679,-0.465083,0.150383,9.00875,-203.201,101.197,-0.0115942,0.0188124,0.0304797,30.9579,21.642,51.3241
1759345605968132352,-1010.63,372.408,-2310.1,0.512779,-0.705643,-0.46537,0.150189,9.01056,-203.62,101.463,-0.011594,0.0188119,0.0304797,30.9582,21.6422,51.3247
1759345605978132224,-1010.54,370.369,-2309.09,0.512635,-0.705663,-0.465564,0.14998,9.01204,-204.039,101.728,-0.0115938,0.0188115,0.0304798,30.9585,21.6424,51.3253
1759345605988132352,-1010.45,368.327,-2308.07,0.512459,-0.705873,-0.465564,0.149594,9.01278,-204.457,101.992,-0.0115935,0.0188111,0.0304798,30.9588,21.6426,51.326
1759345605998132224,-1010.36,366.28,-2307.05,0.512324,-0.70582,-0.465842,0.149444,9.0124,-204.876,102.257,-0.0115933,0.0188106,0.0304799,30.9591,21.6427,51.3266
1759345606008132096,-1010.27,364.229,-2306.02,0.512175,-0.706127,-0.465686,0.148994,9.0116,-205.294,102.522,-0.0115931,0.0188102,0.0304799,30.9593,21.6429,51.3272
1759345606018132224,-1010.18,362.174,-2304.99,0.512008,-0.706497,-0.46546,0.148515,9.00999,-205.713,102.787,-0.0115929,0.0188098,0.03048,30.9596,21.6431,51.3278
1759345606028132096,-1010.09,360.115,-2303.97,0.511806,-0.706897,-0.465234,0.148016,9.00757,-206.133,103.054,-0.0115927,0.0188093,0.03048,30.9599,21.6433,51.3284
1759345606038132224,-1010,358.051,-2302.93,0.51166,-0.706968,-0.465362,0.147779,9.00459,-206.552,103.32,-0.0115925,0.0188089,0.03048,30.9602,21.6434,51.3291
1759345606048132096,-1009.91,355.983,-2301.9,0.511609,-0.705885,-0.466814,0.14855,9.0017,-206.972,103.586,-0.0115923,0.0188085,0.0304801,30.9604,21.6436,51.3297
1759345606058132224,-1009.82,353.911,-2300.86,0.511508,-0.705825,-0.467065,0.148395,9.00096,-207.393,103.851,-0.0115921,0.018808,0.0304801,30.9607,21.6437,51.3303
1759345606068132096,-1009.73,351.835,-2299.82,0.511433,-0.705786,-0.467247,0.148263,8.99962,-207.815,104.117,-0.0115919,0.0188076,0.0304801,30.9609,21.6439,51.3309
1759345606078132224,-1009.64,349.755,-2298.78,0.51133,-0.705736,-0.4675,0.148058,8.99767,-208.236,104.382,-0.0115917,0.0188072,0.0304802,30.9612,21.6441,51.3316
1759345606088132096,-1009.55,347.67,-2297.74,0.511268,-0.70571,-0.467685,0.147813,8.99512,-208.658,104.648,-0.0115915,0.0188067,0.0304802,30.9615,21.6442,51.3322
1759345606098132224,-1009.46,345.582,-2296.69,0.511212,-0.705685,-0.467863,0.147564,8.99237,-209.08,104.913,-0.0115912,0.0188063,0.0304803,30.9617,21.6444,51.3328
1759345606108132096,-1009.37,343.489,-2295.64,0.511184,-0.705658,-0.468021,0.147292,8.98889,-209.502,105.179,-0.011591,0.0188059,0.0304803,30.962,21.6445,51.3334
1759345606118132224,-1009.28,341.392,-2294.58,0.511129,-0.705626,-0.468206,0.147043,8.98505,-209.923,105.445,-0.0115908,0.0188055,0.0304803,30.9622,21.6447,51.3341
1759345606128132096,-1009.19,339.29,-2293.53,0.511089,-0.705526,-0.468457,0.146862,8.98089,-210.344,105.712,-0.0115906,0.018805,0.0304804,30.9625,21.6448,51.3347
1759345606138131968,-1009.1,337.184,-2292.47,0.511014,-0.705851,-0.468225,0.146301,8.97643,-210.765,105.977,-0.0115904,0.0188046,0.0304804,30.9627,21.6449,51.3353
1759345606148132096,-1009.01,335.075,-2291.41,0.510916,-0.706199,-0.467985,0.145735,8.97092,-211.187,106.243,-0.0115902,0.0188042,0.0304804,30.963,21.6451,51.3359
1759345606158131968,-1008.92,332.961,-2290.34,0.510821,-0.706545,-0.467758,0.145118,8.96431,-211.61,106.508,-0.01159,0.0188038,0.0304805,30.9632,21.6452,51.3365
1759345606168132096,-1008.83,330.842,-2289.28,0.510873,-0.706257,-0.468144,0.145093,8.95661,-212.034,106.773,-0.0115898,0.0188033,0.0304805,30.9634,21.6453,51.3372
1759345606178131968,-1008.74,328.72,-2288.21,0.511023,-0.705619,-0.468847,0.145397,8.94933,-212.458,107.038,-0.0115895,0.0188029,0.0304805,30.9637,21.6455,51.3378
1759345606188132096,-1008.65,326.593,-2287.14,0.511158,-0.705496,-0.468972,0.145117,8.94342,-212.883,107.303,-0.0115893,0.0188025,0.0304806,30.9639,21.6456,51.3384
1759345606198131968,-1008.56,324.462,-2286.06,0.51131,-0.70537,-0.469082,0.144835,8.93801,-213.308,107.568,-0.0115891,0.0188021,0.0304806,30.9641,21.6457,51.339
1759345606208132096,-1008.47,322.327,-2284.99,0.511466,-0.705259,-0.469186,0.144486,8.93311,-213.733,107.832,-0.0115889,0.0188016,0.0304806,30.9644,21.6458,51.3397
1759345606218131968,-1008.38,320.187,-2283.91,0.511658,-0.70512,-0.469292,0.144144,8.92866,-214.158,108.096,-0.0115887,0.0188012,0.0304807,30.9646,21.646,51.3403
1759345606228132096,-1008.3,318.043,-2282.82,0.511903,-0.704975,-0.469351,0.143791,8.9246,-214.583,108.359,-0.0115885,0.0188008,0.0304807,30.9648,21.6461,51.3409
1759345606238131968,-1008.21,315.895,-2281.74,0.512163,-0.704782,-0.469457,0.143461,8.92088,-215.008,108.623,-0.0115882,0.0188004,0.0304807,30.965,21.6462,51.3415
1759345606248132096,-1008.12,313.743,-2280.65,0.512451,-0.704611,-0.469509,0.143104,8.91727,-215.434,108.886,-0.011588,0.0187999,0.0304808,30.9653,21.6463,51.3422
1759345606258131968,-1008.03,311.587,-2279.56,0.512685,-0.704755,-0.469265,0.142354,8.9138,-215.86,109.149,-0.0115878,0.0187995,0.0304808,30.9655,21.6464,51.3428
1759345606268132096,-1007.94,309.426,-2278.47,0.512919,-0.704924,-0.468992,0.141576,8.91073,-216.287,109.412,-0.0115876,0.0187991,0.0304808,30.9657,21.6465,51.3434
1759345606278131968,-1007.85,307.261,-2277.37,0.513168,-0.705091,-0.468717,0.140745,8.90734,-216.715,109.673,-0.0115873,0.0187987,0.0304809,30.9659,21.6466,51.344
1759345606288131840,-1007.76,305.091,-2276.28,0.513435,-0.70524,-0.468457,0.13989,8.9035,-217.143,109.935,-0.0115871,0.0187982,0.0304809,30.9661,21.6468,51.3446
1759345606298131968,-1007.67,302.918,-2275.18,0.514165,-0.70384,-0.469512,0.14072,8.89874,-217.571,110.197,-0.0115869,0.0187978,0.030481,30.9663,21.6469,51.3453
1759345606308131840,-1007.58,300.74,-2274.07,0.51477,-0.703158,-0.469852,0.140783,8.89656,-218.001,110.458,-0.0115867,0.0187974,0.030481,30.9665,21.647,51.3459
1759345606318131968,-1007.49,298.557,-2272.97,0.515273,-0.702855,-0.469892,0.140322,8.8954,-218.431,110.718,-0.0115864,0.018797,0.030481,30.9667,21.6471,51.3465
1759345606328131840,-1007.4,296.371,-2271.86,0.515812,-0.702524,-0.46994,0.139837,8.89416,-218.862,110.976,-0.0115862,0.0187965,0.0304811,30.9669,21.6471,51.3471
1759345606338131968,-1007.32,294.18,-2270.75,0.516364,-0.702262,-0.469898,0.139257,8.89295,-219.293,111.234,-0.011586,0.0187961,0.0304811,30.9671,21.6472,51.3477
1759345606348131840,-1007.23,291.985,-2269.63,0.516971,-0.701822,-0.470031,0.138771,8.8914,-219.725,111.491,-0.0115858,0.0187957,0.0304811,30.9673,21.6473,51.3484
1759345606358131968,-1007.14,289.785,-2268.52,0.517599,-0.701498,-0.470003,0.138161,8.8895,-220.158,111.747,-0.0115855,0.0187953,0.0304811,30.9675,21.6474,51.349
1759345606368131840,-1007.05,287.582,-2267.4,0.518255,-0.701144,-0.469993,0.137531,8.88692,-220.592,112.001,-0.0115853,0.0187948,0.0304812,30.9677,21.6475,51.3496
1759345606378131968,-1006.96,285.373,-2266.28,0.51896,-0.700756,-0.469978,0.136903,8.88313,-221.027,112.254,-0.0115851,0.0187944,0.0304812,30.9679,21.6476,51.3502
1759345606388131840,-1006.87,283.161,-2265.15,0.519683,-0.700361,-0.469958,0.136246,8.87886,-221.463,112.506,-0.0115849,0.018794,0.0304812,30.9681,21.6477,51.3508
1759345606398131968,-1006.78,280.944,-2264.03,0.52043,-0.700006,-0.469857,0.135572,8.87419,-221.9,112.756,-0.0115846,0.0187935,0.0304812,30.9683,21.6478,51.3515
1759345606408131840,-1006.69,278.723,-2262.9,0.521172,-0.699629,-0.469796,0.134874,8.86922,-222.338,113.005,-0.0115844,0.0187931,0.0304813,30.9685,21.6478,51.3521
1759345606418131712,-1006.6,276.497,-2261.77,0.521828,-0.699529,-0.469521,0.133807,8.86422,-222.776,113.252,-0.0115842,0.0187927,0.0304813,30.9687,21.6479,51.3527
1759345606428131840,-1006.52,274.267,-2260.63,0.522464,-0.699455,-0.469234,0.132714,8.85819,-223.216,113.499,-0.011584,0.0187922,0.0304813,30.9688,21.648,51.3533
1759345606438131712,-1006.43,272.033,-2259.5,0.52309,-0.699391,-0.468951,0.131582,8.85111,-223.656,113.745,-0.0115838,0.0187918,0.0304813,30.969,21.648,51.3539
1759345606448131840,-1006.34,269.794,-2258.36,0.523869,-0.698963,-0.468907,0.13091,8.84292,-224.097,113.99,-0.0115835,0.0187914,0.0304813,30.9692,21.6481,51.3545
1759345606458131712,-1006.25,267.551,-2257.22,0.525039,-0.697512,-0.469568,0.131591,8.83373,-224.539,114.234,-0.0115833,0.0187909,0.0304813,30.9694,21.6482,51.3551
1759345606468131840,-1006.16,265.303,-2256.07,0.525827,-0.697108,-0.469469,0.130941,8.82628,-224.981,114.478,-0.0115831,0.0187905,0.0304814,30.9695,21.6482,51.3557
1759345606478131712,-1006.07,263.051,-2254.93,0.526615,-0.696686,-0.469385,0.130319,8.81825,-225.424,114.721,-0.0115829,0.01879,0.0304814,30.9697,21.6483,51.3564
1759345606488131840,-1005.99,260.794,-2253.78,0.527405,-0.696292,-0.469269,0.129648,8.81011,-225.868,114.962,-0.0115827,0.0187896,0.0304814,30.9699,21.6484,51.357
1759345606498131712,-1005.9,258.534,-2252.63,0.528218,-0.695736,-0.469331,0.129096,8.80199,-226.313,115.203,-0.0115824,0.0187892,0.0304814,30.97,21.6484,51.3576
1759345606508131840,-1005.81,256.268,-2251.48,0.529076,-0.695194,-0.469318,0.128548,8.79425,-226.758,115.442,-0.0115822,0.0187887,0.0304814,30.9702,21.6485,51.3582
1759345606518131712,-1005.72,253.998,-2250.32,0.529954,-0.694704,-0.469218,0.127943,8.78741,-227.204,115.681,-0.011582,0.0187883,0.0304814,30.9704,21.6485,51.3588
1759345606528131840,-1005.63,251.724,-2249.16,0.530868,-0.694248,-0.469034,0.127304,8.78141,-227.651,115.917,-0.0115818,0.0187878,0.0304814,30.9705,21.6486,51.3594
1759345606538131712,-1005.55,249.445,-2248,0.531816,-0.693642,-0.469015,0.126719,8.77686,-228.098,116.15,-0.0115816,0.0187874,0.0304814,30.9707,21.6486,51.36
1759345606548131584,-1005.46,247.162,-2246.84,0.532636,-0.693444,-0.468693,0.125544,8.77293,-228.547,116.382,-0.0115813,0.018787,0.0304814,30.9708,21.6487,51.3606
1759345606558131712,-1005.37,244.874,-2245.67,0.533478,-0.693233,-0.468378,0.124302,8.76855,-228.997,116.614,-0.0115811,0.0187865,0.0304815,30.971,21.6487,51.3612
1759345606568131584,-1005.28,242.582,-2244.51,0.534343,-0.693002,-0.468074,0.123015,8.7641,-229.447,116.845,-0.0115809,0.0187861,0.0304815,30.9711,21.6488,51.3618
1759345606578131712,-1005.2,240.285,-2243.34,0.535606,-0.692057,-0.468105,0.122722,8.75911,-229.898,117.075,-0.0115807,0.0187856,0.0304815,30.9713,21.6488,51.3624
1759345606588131584,-1005.11,237.984,-2242.17,0.537189,-0.690594,-0.468334,0.123171,8.75649,-230.35,117.305,-0.0115805,0.0187852,0.0304815,30.9714,21.6489,51.363
1759345606598131712,-1005.02,235.678,-2240.99,0.538344,-0.689911,-0.468208,0.122433,8.75693,-230.802,117.532,-0.0115802,0.0187847,0.0304815,30.9716,21.6489,51.3636
1759345606608131584,-1004.93,233.368,-2239.82,0.539507,-0.689191,-0.468104,0.121767,8.75831,-231.256,117.759,-0.01158,0.0187843,0.0304815,30.9717,21.649,51.3642
1759345606618131712,-1004.85,231.053,-2238.64,0.540611,-0.688541,-0.467988,0.120992,8.76051,-231.71,117.983,-0.0115798,0.0187838,0.0304815,30.9719,21.649,51.3648
1759345606628131584,-1004.76,228.733,-2237.46,0.541754,-0.687848,-0.467852,0.120342,8.76287,-232.165,118.205,-0.0115796,0.0187834,0.0304815,30.972,21.649,51.3654
1759345606638131712,-1004.67,226.409,-2236.27,0.542876,-0.68714,-0.467735,0.119782,8.76563,-232.622,118.426,-0.0115793,0.0187829,0.0304815,30.9721,21.6491,51.366
1759345606648131584,-1004.58,224.081,-2235.09,0.543851,-0.686594,-0.467583,0.119083,8.76937,-233.079,118.643,-0.0115791,0.0187825,0.0304815,30.9723,21.6491,51.3666
1759345606658131712,-1004.49,221.748,-2233.9,0.544742,-0.6861,-0.46744,0.118422,8.77349,-233.537,118.86,-0.0115789,0.018782,0.0304815,30.9724,21.6491,51.3672
1759345606668131584,-1004.41,219.41,-2232.71,0.54541,-0.685948,-0.467148,0.117372,8.7772,-233.996,119.075,-0.0115787,0.0187816,0.0304815,30.9725,21.6492,51.3677
1759345606678131456,-1004.32,217.068,-2231.52,0.545964,-0.685915,-0.466818,0.116299,8.77977,-234.457,119.292,-0.0115785,0.0187811,0.0304815,30.9727,21.6492,51.3683
1759345606688131584,-1004.23,214.721,-2230.33,0.546426,-0.685946,-0.466489,0.115259,8.78111,-234.919,119.509,-0.0115783,0.0187807,0.0304815,30.9728,21.6492,51.3689
1759345606698131456,-1004.14,212.369,-2229.13,0.546846,-0.685991,-0.466178,0.114256,8.78075,-235.383,119.725,-0.011578,0.0187802,0.0304815,30.9729,21.6492,51.3695
1759345606708131584,-1004.06,210.013,-2227.93,0.548001,-0.684479,-0.46673,0.115526,8.7797,-235.848,119.94,-0.0115778,0.0187798,0.0304815,30.9731,21.6493,51.3701
1759345606718131456,-1003.97,207.652,-2226.73,0.548747,-0.683729,-0.466889,0.115787,8.78195,-236.314,120.152,-0.0115776,0.0187793,0.0304814,30.9732,21.6493,51.3707
1759345606728131584,-1003.88,205.287,-2225.53,0.549199,-0.68349,-0.466818,0.115336,8.78528,-236.781,120.361,-0.0115774,0.0187788,0.0304814,30.9733,21.6493,51.3712
1759345606738131456,-1003.79,202.916,-2224.32,0.549676,-0.683204,-0.466759,0.114999,8.78909,-237.248,120.568,-0.0115772,0.0187784,0.0304814,30.9734,21.6493,51.3718
1759345606748131584,-1003.7,200.542,-2223.12,0.550186,-0.682883,-0.466702,0.114696,8.79321,-237.716,120.773,-0.011577,0.0187779,0.0304814,30.9736,21.6493,51.3724
1759345606758131456,-1003.62,198.162,-2221.91,0.550602,-0.68265,-0.466655,0.114277,8.79803,-238.184,120.977,-0.0115768,0.0187775,0.0304814,30.9737,21.6494,51.3729
1759345606768131584,-1003.53,195.778,-2220.7,0.551076,-0.682485,-0.466424,0.113919,8.8035,-238.652,121.179,-0.0115766,0.018777,0.0304813,30.9738,21.6494,51.3735
1759345606778131456,-1003.44,193.389,-2219.48,0.551496,-0.68226,-0.466336,0.113599,8.81045,-239.12,121.382,-0.0115764,0.0187765,0.0304813,30.9739,21.6494,51.3741
1759345606788131584,-1003.35,190.995,-2218.27,0.551893,-0.682007,-0.466309,0.113297,8.81931,-239.589,121.584,-0.0115762,0.0187761,0.0304813,30.974,21.6494,51.3746
1759345606798131456,-1003.26,188.597,-2217.05,0.552327,-0.681829,-0.466126,0.113011,8.83005,-240.058,121.785,-0.011576,0.0187756,0.0304813,30.9741,21.6494,51.3752
1759345606808131584,-1003.18,186.194,-2215.83,0.552752,-0.681648,-0.465972,0.112659,8.84265,-240.529,121.986,-0.0115758,0.0187752,0.0304812,30.9742,21.6494,51.3757
1759345606818131456,-1003.09,183.786,-2214.61,0.553194,-0.68143,-0.465839,0.112361,8.85589,-240.999,122.187,-0.0115756,0.0187747,0.0304812,30.9744,21.6494,51.3763
1759345606828131328,-1003,181.374,-2213.39,0.553498,-0.681494,-0.465559,0.111625,8.86967,-241.47,122.386,-0.0115754,0.0187743,0.0304812,30.9745,21.6494,51.3769
1759345606838131456,-1002.91,178.957,-2212.17,0.553797,-0.681625,-0.465222,0.11075,8.88254,-241.94,122.584,-0.0115752,0.0187738,0.0304812,30.9746,21.6495,51.3774
1759345606848131328,-1002.82,176.535,-2210.94,0.554104,-0.681753,-0.464891,0.109812,8.89432,-242.412,122.781,-0.011575,0.0187734,0.0304811,30.9747,21.6495,51.3779
1759345606858131456,-1002.73,174.109,-2209.71,0.554575,-0.681555,-0.464718,0.109393,8.90527,-242.883,122.975,-0.0115748,0.0187729,0.0304811,30.9748,21.6495,51.3785
1759345606868131328,-1002.64,171.677,-2208.48,0.555775,-0.680106,-0.465062,0.110851,8.91623,-243.354,123.168,-0.0115746,0.0187725,0.0304811,30.9749,21.6495,51.379
1759345606878131456,-1002.56,169.242,-2207.25,0.556303,-0.679778,-0.464986,0.110536,8.9303,-243.825,123.359,-0.0115744,0.018772,0.030481,30.975,21.6495,51.3796
1759345606888131328,-1002.47,166.801,-2206.01,0.556838,-0.679547,-0.464775,0.110148,8.94467,-244.298,123.55,-0.0115743,0.0187716,0.030481,30.9751,21.6495,51.3801
1759345606898131456,-1002.38,164.356,-2204.78,0.557352,-0.679288,-0.464636,0.10973,8.95944,-244.77,123.74,-0.0115741,0.0187711,0.0304809,30.9752,21.6495,51.3806
1759345606908131328,-1002.29,161.905,-2203.54,0.557815,-0.679005,-0.464584,0.109348,8.97483,-245.243,123.928,-0.0115739,0.0187707,0.0304809,30.9753,21.6495,51.3811
1759345606918131456,-1002.2,159.451,-2202.3,0.558333,-0.678787,-0.464341,0.10909,8.99078,-245.716,124.116,-0.0115737,0.0187702,0.0304809,30.9754,21.6495,51.3817
1759345606928131328,-1002.11,156.991,-2201.06,0.558738,-0.678599,-0.464199,0.108788,9.00726,-246.19,124.304,-0.0115735,0.0187698,0.0304808,30.9755,21.6495,51.3822
1759345606938131456,-1002.02,154.527,-2199.81,0.55909,-0.678459,-0.464045,0.108507,9.02416,-246.663,124.491,-0.0115734,0.0187693,0.0304808,30.9756,21.6495,51.3827
1759345606948131328,-1001.93,152.058,-2198.57,0.559449,-0.678281,-0.463907,0.108362,9.04097,-247.137,124.677,-0.0115732,0.0187689,0.0304807,30.9757,21.6495,51.3832
1759345606958131200,-1001.84,149.584,-2197.32,0.559719,-0.678234,-0.46371,0.1081,9.05781,-247.611,124.862,-0.011573,0.0187684,0.0304807,30.9758,21.6495,51.3837
1759345606968131328,-1001.75,147.105,-2196.07,0.559958,-0.67824,-0.463488,0.107777,9.0739,-248.087,125.046,-0.0115728,0.018768,0.0304806,30.9759,21.6495,51.3842
1759345606978131200,-1001.66,144.622,-2194.82,0.560134,-0.678296,-0.46327,0.107455,9.09003,-248.563,125.229,-0.0115727,0.0187675,0.0304806,30.976,21.6495,51.3847
1759345606988131328,-1001.56,142.134,-2193.56,0.560282,-0.678356,-0.463065,0.107179,9.10583,-249.039,125.412,-0.0115725,0.0187671,0.0304805,30.9761,21.6495,51.3852
1759345606998131200,-1001.47,139.641,-2192.31,0.56075,-0.677707,-0.463282,0.107904,9.12191,-249.516,125.594,-0.0115723,0.0187666,0.0304805,30.9762,21.6495,51.3857
1759345607008131328,-1001.38,137.144,-2191.05,0.560918,-0.677656,-0.463169,0.107832,9.13999,-249.993,125.775,-0.0115722,0.0187662,0.0304804,30.9763,21.6495,51.3862
1759345607018131200,-1001.29,134.641,-2189.79,0.561058,-0.677604,-0.46308,0.107808,9.15838,-250.47,125.956,-0.011572,0.0187658,0.0304804,30.9764,21.6495,51.3867
1759345607028131328,-1001.2,132.134,-2188.53,0.561134,-0.677645,-0.462944,0.107745,9.17698,-250.948,126.136,-0.0115718,0.0187653,0.0304803,30.9765,21.6495,51.3872
1759345607038131200,-1001.11,129.622,-2187.27,0.561306,-0.677462,-0.462926,0.108075,9.19557,-251.425,126.316,-0.0115717,0.0187649,0.0304802,30.9766,21.6495,51.3877
1759345607048131328,-1001.02,127.106,-2186.01,0.561353,-0.677539,-0.462754,0.108088,9.21445,-251.903,126.497,-0.0115715,0.0187644,0.0304802,30.9767,21.6495,51.3882
1759345607058131200,-1000.92,124.584,-2184.74,0.561364,-0.67757,-0.462678,0.108159,9.23378,-252.38,126.677,-0.0115713,0.018764,0.0304801,30.9768,21.6495,51.3886
1759345607068131328,-1000.83,122.058,-2183.47,0.561401,-0.677635,-0.462505,0.108296,9.25365,-252.858,126.858,-0.0115712,0.0187635,0.0304801,30.9769,21.6495,51.3891
1759345607078131200,-1000.74,119.527,-2182.2,0.561214,-0.678049,-0.462214,0.107917,9.27391,-253.336,127.04,-0.011571,0.0187631,0.03048,30.977,21.6495,51.3896
1759345607088131072,-1000.65,116.991,-2180.93,0.56098,-0.678548,-0.461883,0.107413,9.29372,-253.814,127.222,-0.0115708,0.0187627,0.03048,30.9771,21.6495,51.39
1759345607098131200,-1000.55,114.451,-2179.66,0.560698,-0.67909,-0.46155,0.106892,9.31288,-254.292,127.405,-0.0115707,0.0187622,0.0304799,30.9771,21.6496,51.3905
1759345607108131072,-1000.46,111.905,-2178.38,0.560424,-0.679601,-0.46124,0.106418,9.33094,-254.77,127.589,-0.0115705,0.0187618,0.0304799,30.9772,21.6496,51.3909
1759345607118131200,-1000.37,109.355,-2177.11,0.561159,-0.678169,-0.461922,0.108706,9.34793,-255.248,127.774,-0.0115703,0.0187613,0.0304798,30.9773,21.6496,51.3914
1759345607128131072,-1000.27,106.8,-2175.83,0.561491,-0.677677,-0.462011,0.109672,9.36868,-255.726,127.96,-0.0115701,0.0187609,0.0304798,30.9774,21.6496,51.3918
1759345607138131200,-1000.18,104.241,-2174.55,0.561556,-0.677631,-0.461936,0.109937,9.39108,-256.205,128.148,-0.01157,0.0187605,0.0304797,30.9775,21.6496,51.3923
1759345607148131072,-1000.09,101.676,-2173.27,0.561653,-0.677544,-0.461877,0.110226,9.41396,-256.684,128.337,-0.0115698,0.01876,0.0304797,30.9776,21.6496,51.3927
1759345607158131200,-999.993,99.107,-2171.98,0.561737,-0.67758,-0.461692,0.110356,9.43783,-257.163,128.527,-0.0115696,0.0187596,0.0304796,30.9777,21.6496,51.3932
1759345607168131072,-999.898,96.5329,-2170.7,0.561833,-0.677498,-0.461643,0.110572,9.46235,-257.642,128.717,-0.0115694,0.0187592,0.0304796,30.9778,21.6496,51.3936
1759345607178131200,-999.804,93.9541,-2169.41,0.561941,-0.677429,-0.461563,0.110781,9.48787,-258.121,128.909,-0.0115692,0.0187587,0.0304795,30.9779,21.6496,51.394
1759345607188131072,-999.709,91.3705,-2168.12,0.562081,-0.677363,-0.461442,0.110976,9.51446,-258.6,129.101,-0.011569,0.0187583,0.0304795,30.9779,21.6496,51.3944
1759345607198131200,-999.614,88.782,-2166.83,0.562284,-0.677304,-0.461242,0.111141,9.54208,-259.08,129.292,-0.0115688,0.0187578,0.0304795,30.978,21.6496,51.3949
1759345607208131072,-999.519,86.1888,-2165.53,0.562442,-0.677234,-0.46113,0.111227,9.57086,-259.559,129.484,-0.0115686,0.0187574,0.0304794,30.9781,21.6496,51.3953
1759345607218130944,-999.423,83.5908,-2164.24,0.562631,-0.677182,-0.460952,0.111332,9.60042,-260.038,129.676,-0.0115684,0.018757,0.0304794,30.9782,21.6496,51.3957
1759345607228131072,-999.327,80.988,-2162.94,0.562826,-0.67703,-0.460887,0.111535,9.63059,-260.516,129.867,-0.0115682,0.0187565,0.0304793,30.9783,21.6496,51.3961
1759345607238130944,-999.231,78.3804,-2161.64,0.562991,-0.676945,-0.460785,0.111642,9.6618,-260.995,130.058,-0.011568,0.0187561,0.0304793,30.9784,21.6496,51.3965
1759345607248131072,-999.134,75.7681,-2160.34,0.563176,-0.676856,-0.460646,0.111825,9.6939,-261.473,130.248,-0.0115678,0.0187556,0.0304793,30.9785,21.6496,51.3969
1759345607258130944,-999.037,73.1509,-2159.03,0.563321,-0.676907,-0.460392,0.111832,9.72787,-261.951,130.437,-0.0115676,0.0187552,0.0304792,30.9786,21.6496,51.3973
1759345607268131072,-998.94,70.529,-2157.73,0.563415,-0.676933,-0.460236,0.111842,9.76218,-262.429,130.625,-0.0115674,0.0187548,0.0304792,30.9786,21.6496,51.3977
1759345607278130944,-998.842,67.9023,-2156.42,0.563325,-0.677303,-0.459931,0.111309,9.79666,-262.908,130.811,-0.0115672,0.0187543,0.0304791,30.9787,21.6496,51.3981
1759345607288131072,-998.744,65.2708,-2155.11,0.563233,-0.677753,-0.459549,0.110606,9.82994,-263.387,130.997,-0.011567,0.0187539,0.0304791,30.9788,21.6496,51.3985
1759345607298130944,-998.646,62.6345,-2153.8,0.563175,-0.678187,-0.459163,0.109848,9.86133,-263.868,131.182,-0.0115668,0.0187535,0.0304791,30.9789,21.6496,51.3988
1759345607308131072,-998.547,59.9934,-2152.49,0.563159,-0.678593,-0.458778,0.109024,9.89089,-264.349,131.366,-0.0115666,0.018753,0.030479,30.979,21.6496,51.3992
1759345607318130944,-998.449,57.3474,-2151.17,0.56318,-0.67897,-0.458397,0.108168,9.91826,-264.83,131.55,-0.0115664,0.0187526,0.030479,30.9791,21.6497,51.3996
1759345607328131072,-998.349,54.6967,-2149.86,0.564143,-0.677812,-0.458606,0.109514,9.94329,-265.313,131.733,-0.0115661,0.0187522,0.0304789,30.9792,21.6497,51.4
1759345607338130944,-998.25,52.0411,-2148.54,0.56521,-0.676501,-0.45888,0.110968,9.96863,-265.796,131.915,-0.0115659,0.0187517,0.0304789,30.9792,21.6497,51.4003
1759345607348130816,-998.15,49.3807,-2147.22,0.565668,-0.676356,-0.458611,0.110629,9.99489,-266.28,132.096,-0.0115657,0.0187513,0.0304788,30.9793,21.6497,51.4007
1759345607358130944,-998.051,46.7155,-2145.9,0.566098,-0.676182,-0.45843,0.11024,10.0192,-266.764,132.277,-0.0115655,0.0187509,0.0304788,30.9794,21.6497,51.401
1759345607368130816,-997.95,44.0454,-2144.57,0.566533,-0.676062,-0.458177,0.10979,10.0412,-267.247,132.457,-0.0115653,0.0187504,0.0304787,30.9795,21.6497,51.4014
1759345607378130944,-997.85,41.3705,-2143.25,0.566993,-0.675904,-0.45793,0.109421,10.0618,-267.729,132.636,-0.0115651,0.01875,0.0304787,30.9796,21.6497,51.4017
1759345607388130816,-997.75,38.6907,-2141.92,0.567419,-0.6758,-0.457644,0.109049,10.0813,-268.211,132.814,-0.0115649,0.0187496,0.0304786,30.9797,21.6497,51.4021
1759345607398130944,-997.649,36.0062,-2140.59,0.567827,-0.675763,-0.457277,0.108694,10.0998,-268.693,132.992,-0.0115647,0.0187491,0.0304786,30.9797,21.6497,51.4024
1759345607408130816,-997.548,33.3168,-2139.26,0.56824,-0.675658,-0.456977,0.10845,10.1172,-269.174,133.171,-0.0115645,0.0187487,0.0304786,30.9798,21.6498,51.4028
1759345607418130944,-997.447,30.6226,-2137.93,0.56835,-0.675981,-0.456576,0.10755,10.1334,-269.655,133.351,-0.0115642,0.0187483,0.0304785,30.9799,21.6498,51.4031
1759345607428130816,-997.346,27.9236,-2136.6,0.568412,-0.676344,-0.456173,0.10664,10.1483,-270.136,133.532,-0.011564,0.0187478,0.0304785,30.98,21.6498,51.4034
1759345607438130944,-997.244,25.2199,-2135.26,0.568419,-0.676749,-0.45577,0.105758,10.162,-270.615,133.714,-0.0115638,0.0187474,0.0304784,30.9801,21.6498,51.4038
1759345607448130816,-997.143,22.5113,-2133.92,0.568338,-0.677215,-0.455371,0.104923,10.175,-271.093,133.896,-0.0115636,0.018747,0.0304784,30.9802,21.6498,51.4041
1759345607458130944,-997.041,19.7979,-2132.58,0.56819,-0.677727,-0.454977,0.104131,10.1877,-271.57,134.077,-0.0115634,0.0187466,0.0304784,30.9802,21.6498,51.4044
1759345607468130816,-996.939,17.0798,-2131.24,0.568348,-0.677748,-0.45472,0.104243,10.1999,-272.046,134.258,-0.0115632,0.0187461,0.0304783,30.9803,21.6498,51.4047
1759345607478130944,-996.837,14.357,-2129.9,0.569793,-0.675888,-0.454905,0.107573,10.213,-272.521,134.439,-0.011563,0.0187457,0.0304783,30.9804,21.6498,51.405
1759345607488130816,-996.735,11.6293,-2128.55,0.569823,-0.676053,-0.454616,0.107603,10.2319,-272.997,134.618,-0.0115628,0.0187453,0.0304783,30.9805,21.6499,51.4053
1759345607498130688,-996.633,8.89694,-2127.2,0.569824,-0.676169,-0.454427,0.107663,10.2511,-273.474,134.797,-0.0115625,0.0187449,0.0304783,30.9806,21.6499,51.4056
1759345607508130816,-996.531,6.15978,-2125.86,0.569834,-0.676296,-0.454212,0.107727,10.2714,-273.951,134.976,-0.0115623,0.0187445,0.0304782,30.9806,21.6499,51.4059
1759345607518130688,-996.428,3.41785,-2124.5,0.569819,-0.676442,-0.453995,0.107796,10.2925,-274.429,135.154,-0.0115621,0.0187441,0.0304782,30.9807,21.6499,51.4062
1759345607528130816,-996.325,0.671136,-2123.15,0.569828,-0.676548,-0.453823,0.107818,10.3155,-274.906,135.332,-0.0115618,0.0187437,0.0304782,30.9808,21.6499,51.4065
1759345607538130688,-996.222,-2.08035,-2121.8,0.569869,-0.676627,-0.453656,0.107807,10.3396,-275.384,135.509,-0.0115616,0.0187432,0.0304782,30.9809,21.6499,51.4068
1759345607548130816,-996.119,-4.83663,-2120.44,0.569911,-0.676655,-0.453571,0.107764,10.3645,-275.863,135.686,-0.0115614,0.0187428,0.0304782,30.981,21.65,51.4071
1759345607558130688,-996.015,-7.59769,-2119.08,0.570015,-0.676721,-0.453367,0.107653,10.3896,-276.342,135.863,-0.0115611,0.0187424,0.0304782,30.981,21.65,51.4074
1759345607568130816,-995.911,-10.3636,-2117.73,0.570116,-0.67675,-0.453243,0.107458,10.4145,-276.822,136.041,-0.0115609,0.018742,0.0304782,30.9811,21.65,51.4077
1759345607578130688,-995.807,-13.1342,-2116.36,0.570257,-0.676751,-0.45312,0.107227,10.4385,-277.304,136.218,-0.0115606,0.0187416,0.0304781,30.9812,21.65,51.4079
1759345607588130816,-995.703,-15.9097,-2115,0.570431,-0.676731,-0.452998,0.106946,10.4613,-277.786,136.395,-0.0115604,0.0187412,0.0304781,30.9813,21.65,51.4082
1759345607598130688,-995.598,-18.69,-2113.64,0.570645,-0.676686,-0.452876,0.106599,10.4831,-278.269,136.573,-0.0115602,0.0187408,0.0304781,30.9813,21.65,51.4085
1759345607608130816,-995.493,-21.4752,-2112.27,0.570914,-0.676604,-0.452755,0.106197,10.5034,-278.753,136.749,-0.0115599,0.0187404,0.0304781,30.9814,21.6501,51.4087
1759345607618130688,-995.388,-24.2652,-2110.9,0.571318,-0.676333,-0.452707,0.10595,10.5227,-279.238,136.925,-0.0115597,0.01874,0.0304781,30.9815,21.6501,51.409
1759345607628130560,-995.283,-27.06,-2109.53,0.571712,-0.676149,-0.452592,0.105497,10.5413,-279.724,137.1,-0.0115594,0.0187395,0.0304781,30.9816,21.6501,51.4093
1759345607638130688,-995.178,-29.8597,-2108.16,0.572089,-0.676035,-0.452417,0.104926,10.5585,-280.209,137.274,-0.0115592,0.0187391,0.030478,30.9816,21.6501,51.4095
1759345607648130560,-995.072,-32.6643,-2106.79,0.572438,-0.675888,-0.452343,0.104286,10.5739,-280.695,137.447,-0.0115589,0.0187387,0.030478,30.9817,21.6501,51.4098
1759345607658130688,-994.967,-35.4737,-2105.41,0.572853,-0.675697,-0.45222,0.103778,10.5862,-281.18,137.619,-0.0115587,0.0187383,0.030478,30.9818,21.6502,51.41
1759345607668130560,-994.861,-38.288,-2104.03,0.573261,-0.675587,-0.451995,0.10322,10.5967,-281.664,137.791,-0.0115584,0.0187379,0.030478,30.9819,21.6502,51.4103
1759345607678130688,-994.755,-41.1071,-2102.65,0.57362,-0.675396,-0.451932,0.102753,10.6057,-282.148,137.963,-0.0115582,0.0187375,0.030478,30.9819,21.6502,51.4105
1759345607688130560,-994.649,-43.931,-2101.27,0.573954,-0.675422,-0.451603,0.102154,10.6144,-282.631,138.134,-0.011558,0.0187371,0.030478,30.982,21.6502,51.4107
1759345607698130688,-994.543,-46.7598,-2099.89,0.574265,-0.675345,-0.451418,0.101739,10.6219,-283.113,138.305,-0.0115577,0.0187367,0.030478,30.9821,21.6502,51.411
1759345607708130560,-994.437,-49.5934,-2098.51,0.574441,-0.675305,-0.451349,0.101315,10.6288,-283.595,138.476,-0.0115575,0.0187363,0.0304779,30.9822,21.6503,51.4112
1759345607718130688,-994.331,-52.4318,-2097.12,0.574577,-0.675372,-0.451163,0.10093,10.6351,-284.075,138.647,-0.0115572,0.018736,0.0304779,30.9822,21.6503,51.4114
1759345607728130560,-994.225,-55.275,-2095.74,0.574671,-0.675432,-0.451,0.100712,10.6407,-284.554,138.819,-0.011557,0.0187356,0.0304779,30.9823,21.6503,51.4117
1759345607738130688,-994.118,-58.123,-2094.35,0.574699,-0.675556,-0.450828,0.100498,10.6452,-285.033,138.99,-0.0115568,0.0187352,0.0304779,30.9824,21.6503,51.4119
1759345607748130560,-994.012,-60.9757,-2092.96,0.574642,-0.675726,-0.450694,0.100277,10.6484,-285.511,139.162,-0.0115565,0.0187348,0.0304779,30.9824,21.6503,51.4121
1759345607758130432,-993.906,-63.8333,-2091.56,0.574552,-0.675915,-0.450555,0.100148,10.6507,-285.988,139.333,-0.0115563,0.0187344,0.0304779,30.9825,21.6504,51.4123
1759345607768130560,-993.799,-66.6956,-2090.17,0.574218,-0.676515,-0.450204,0.0995865,10.6534,-286.464,139.503,-0.011556,0.018734,0.0304779,30.9826,21.6504,51.4125
1759345607778130432,-993.693,-69.5626,-2088.77,0.573811,-0.677205,-0.449815,0.0989993,10.6556,-286.94,139.672,-0.0115558,0.0187337,0.0304779,30.9827,21.6504,51.4127
1759345607788130560,-993.586,-72.4345,-2087.38,0.573357,-0.677929,-0.449428,0.0984274,10.6569,-287.415,139.841,-0.0115556,0.0187333,0.0304779,30.9827,21.6504,51.4129
1759345607798130432,-993.48,-75.311,-2085.98,0.572867,-0.678681,-0.449044,0.0978545,10.6568,-287.889,140.011,-0.0115554,0.018733,0.0304779,30.9828,21.6505,51.4131
1759345607808130560,-993.373,-78.1923,-2084.58,0.572358,-0.679438,-0.448667,0.0973021,10.6553,-288.363,140.181,-0.0115551,0.0187326,0.030478,30.9829,21.6505,51.4134
1759345607818130432,-993.267,-81.0784,-2083.17,0.572942,-0.677634,-0.450048,0.100031,10.6522,-288.838,140.353,-0.0115549,0.0187322,0.030478,30.9829,21.6505,51.4135
1759345607828130560,-993.161,-83.9692,-2081.77,0.572666,-0.677866,-0.45003,0.100123,10.6534,-289.313,140.525,-0.0115547,0.0187319,0.030478,30.983,21.6505,51.4137
1759345607838130432,-993.054,-86.8648,-2080.36,0.57235,-0.678128,-0.450019,0.100203,10.6542,-289.79,140.698,-0.0115544,0.0187315,0.030478,30.9831,21.6505,51.4139
1759345607848130560,-992.948,-89.7651,-2078.95,0.571967,-0.678374,-0.450141,0.100172,10.6552,-290.267,140.871,-0.0115542,0.0187312,0.030478,30.9831,21.6506,51.4141
1759345607858130432,-992.841,-92.6702,-2077.54,0.571646,-0.678591,-0.450215,0.100207,10.6559,-290.744,141.045,-0.011554,0.0187308,0.030478,30.9832,21.6506,51.4143
1759345607868130560,-992.735,-95.5801,-2076.13,0.571329,-0.678687,-0.450465,0.100245,10.6562,-291.221,141.218,-0.0115537,0.0187304,0.030478,30.9832,21.6506,51.4145
1759345607878130432,-992.628,-98.4948,-2074.72,0.571037,-0.67884,-0.450616,0.100191,10.6558,-291.699,141.392,-0.0115535,0.0187301,0.030478,30.9833,21.6506,51.4147
1759345607888130304,-992.522,-101.414,-2073.31,0.570779,-0.678932,-0.450814,0.100145,10.6544,-292.177,141.565,-0.0115533,0.0187297,0.030478,30.9834,21.6506,51.4149
1759345607898130432,-992.415,-104.338,-2071.89,0.570526,-0.679108,-0.450912,0.0999551,10.6517,-292.656,141.738,-0.011553,0.0187294,0.030478,30.9834,21.6507,51.415
1759345607908130304,-992.309,-107.267,-2070.47,0.570294,-0.67921,-0.451097,0.099749,10.6477,-293.135,141.912,-0.0115528,0.018729,0.030478,30.9835,21.6507,51.4152
1759345607918130432,-992.203,-110.201,-2069.05,0.570134,-0.679351,-0.45114,0.0995026,10.6427,-293.614,142.085,-0.0115526,0.0187287,0.030478,30.9835,21.6507,51.4154
1759345607928130304,-992.096,-113.14,-2067.63,0.569997,-0.679442,-0.451241,0.0992142,10.6368,-294.094,142.258,-0.0115523,0.0187283,0.030478,30.9836,21.6507,51.4156
1759345607938130432,-991.99,-116.083,-2066.21,0.569919,-0.679289,-0.451603,0.0990622,10.6306,-294.574,142.433,-0.0115521,0.0187279,0.030478,30.9837,21.6507,51.4157
1759345607948130304,-991.884,-119.031,-2064.78,0.569795,-0.679295,-0.451825,0.0987247,10.6244,-295.053,142.607,-0.0115519,0.0187276,0.030478,30.9837,21.6508,51.4159
1759345607958130432,-991.778,-121.984,-2063.35,0.569698,-0.679358,-0.451927,0.0983793,10.6179,-295.532,142.781,-0.0115516,0.0187273,0.030478,30.9838,21.6508,51.4161
1759345607968130304,-991.672,-124.942,-2061.93,0.569634,-0.679451,-0.451931,0.0980944,10.6109,-296.011,142.955,-0.0115514,0.0187269,0.030478,30.9838,21.6508,51.4162
1759345607978130432,-991.566,-127.905,-2060.5,0.56952,-0.679395,-0.45221,0.0978517,10.6036,-296.488,143.13,-0.0115512,0.0187266,0.030478,30.9839,21.6508,51.4164
1759345607988130304,-991.46,-130.872,-2059.06,0.569427,-0.67945,-0.452303,0.0975881,10.5962,-296.965,143.304,-0.011551,0.0187262,0.0304781,30.9839,21.6508,51.4165
1759345607998130432,-991.354,-133.844,-2057.63,0.569299,-0.679484,-0.452462,0.0973561,10.5882,-297.44,143.479,-0.0115508,0.0187259,0.0304781,30.984,21.6509,51.4167
1759345608008130304,-991.248,-136.821,-2056.19,0.569122,-0.679553,-0.452642,0.0970688,10.5792,-297.915,143.653,-0.0115506,0.0187256,0.0304781,30.984,21.6509,51.4168
1759345608018130176,-991.143,-139.803,-2054.76,0.568952,-0.679614,-0.452811,0.0968522,10.5687,-298.389,143.829,-0.0115503,0.0187252,0.0304781,30.9841,21.6509,51.417
1759345608028130304,-991.037,-142.789,-2053.32,0.56881,-0.679702,-0.452899,0.0966563,10.557,-298.862,144.004,-0.0115501,0.0187249,0.0304781,30.9841,21.6509,51.4171
1759345608038130176,-990.932,-145.78,-2051.88,0.56863,-0.679788,-0.45304,0.0964481,10.5444,-299.335,144.18,-0.0115499,0.0187246,0.0304781,30.9842,21.6509,51.4173
1759345608048130304,-990.826,-148.776,-2050.43,0.568299,-0.680333,-0.452773,0.0958134,10.5309,-299.806,144.356,-0.0115497,0.0187243,0.0304781,30.9842,21.6509,51.4174
1759345608058130176,-990.721,-151.776,-2048.99,0.567922,-0.680975,-0.452426,0.0951237,10.5153,-300.277,144.532,-0.0115495,0.018724,0.0304781,30.9843,21.651,51.4176
1759345608068130304,-990.616,-154.781,-2047.54,0.567481,-0.681667,-0.452075,0.0944599,10.4981,-300.746,144.709,-0.0115493,0.0187237,0.0304781,30.9843,21.651,51.4177
1759345608078130176,-990.511,-157.791,-2046.09,0.566992,-0.682397,-0.451724,0.0938077,10.4793,-301.214,144.885,-0.0115492,0.0187234,0.0304781,30.9844,21.651,51.4178
1759345608088130304,-990.407,-160.806,-2044.65,0.566426,-0.683166,-0.451391,0.0932293,10.4586,-301.681,145.063,-0.011549,0.0187231,0.0304781,30.9844,21.651,51.418
1759345608098130176,-990.302,-163.825,-2043.19,0.566152,-0.682491,-0.452542,0.0942555,10.4361,-302.147,145.242,-0.0115488,0.0187228,0.0304781,30.9845,21.651,51.4181
1759345608108130304,-990.198,-166.849,-2041.74,0.565935,-0.681104,-0.454528,0.096019,10.4153,-302.613,145.422,-0.0115486,0.0187225,0.0304781,30.9845,21.651,51.4182
1759345608118130176,-990.094,-169.878,-2040.29,0.565341,-0.681408,-0.454792,0.0961126,10.398,-303.079,145.601,-0.0115484,0.0187222,0.0304781,30.9846,21.651,51.4184
1759345608128130304,-989.99,-172.911,-2038.83,0.564715,-0.681713,-0.455091,0.096212,10.3807,-303.544,145.781,-0.0115482,0.0187219,0.0304781,30.9846,21.6511,51.4185
1759345608138130176,-989.887,-175.949,-2037.37,0.564076,-0.682039,-0.455376,0.0963028,10.3648,-304.011,145.961,-0.0115481,0.0187217,0.0304781,30.9847,21.6511,51.4186
1759345608148130304,-989.783,-178.991,-2035.91,0.563429,-0.682293,-0.455774,0.0964046,10.3488,-304.477,146.142,-0.0115479,0.0187214,0.0304781,30.9847,21.6511,51.4187
1759345608158130176,-989.68,-182.038,-2034.45,0.562814,-0.682575,-0.456103,0.0964482,10.3327,-304.944,146.324,-0.0115477,0.0187211,0.0304781,30.9847,21.6511,51.4189
1759345608168130048,-989.577,-185.09,-2032.98,0.562222,-0.682804,-0.456478,0.0964998,10.3147,-305.411,146.51,-0.0115475,0.0187208,0.0304781,30.9848,21.6511,51.419
1759345608178130176,-989.474,-188.147,-2031.52,0.561681,-0.682969,-0.456901,0.0964841,10.2955,-305.878,146.697,-0.0115474,0.0187206,0.0304781,30.9848,21.6511,51.4191
1759345608188130048,-989.371,-191.208,-2030.05,0.561166,-0.683051,-0.457414,0.0964713,10.2752,-306.345,146.886,-0.0115472,0.0187203,0.0304782,30.9848,21.6511,51.4192
1759345608198130176,-989.268,-194.274,-2028.58,0.560659,-0.68373,-0.457151,0.0958528,10.2562,-306.812,147.073,-0.011547,0.01872,0.0304782,30.9849,21.6511,51.4193
1759345608208130048,-989.166,-197.344,-2027.11,0.560179,-0.684452,-0.456801,0.09517,10.237,-307.277,147.258,-0.0115469,0.0187198,0.0304782,30.9849,21.6511,51.4194
1759345608218130176,-989.064,-200.42,-2025.63,0.559744,-0.685161,-0.456426,0.0944316,10.2179,-307.742,147.44,-0.0115467,0.0187195,0.0304782,30.985,21.6512,51.4195
1759345608228130048,-988.962,-203.499,-2024.16,0.559354,-0.685837,-0.456051,0.0936393,10.1965,-308.207,147.621,-0.0115466,0.0187193,0.0304782,30.985,21.6512,51.4197
1759345608238130176,-988.86,-206.584,-2022.68,0.559029,-0.686468,-0.455678,0.0927719,10.1725,-308.672,147.801,-0.0115465,0.0187191,0.0304781,30.985,21.6512,51.4198
1759345608248130048,-988.759,-209.673,-2021.2,0.558769,-0.68705,-0.455309,0.0918406,10.1446,-309.138,147.981,-0.0115463,0.0187188,0.0304781,30.9851,21.6512,51.4199
1759345608258130176,-988.657,-212.767,-2019.72,0.558545,-0.687525,-0.455045,0.0909467,10.1146,-309.604,148.159,-0.0115462,0.0187186,0.0304781,30.9851,21.6512,51.42
1759345608268130048,-988.556,-215.865,-2018.24,0.558414,-0.683497,-0.460663,0.0937806,10.0828,-310.071,148.337,-0.011546,0.0187183,0.0304781,30.9851,21.6512,51.4201
1759345608278130176,-988.456,-218.968,-2016.76,0.558174,-0.682901,-0.461852,0.0937096,10.0597,-310.538,148.513,-0.0115459,0.0187181,0.0304781,30.9851,21.6512,51.4202
1759345608288130048,-988.355,-222.076,-2015.27,0.557962,-0.682777,-0.462375,0.0932899,10.0383,-311.005,148.689,-0.0115458,0.0187178,0.0304781,30.9852,21.6512,51.4203
1759345608298129920,-988.255,-225.189,-2013.78,0.557724,-0.682606,-0.462982,0.0929547,10.0181,-311.471,148.865,-0.0115456,0.0187176,0.0304781,30.9852,21.6512,51.4204
1759345608308130048,-988.155,-228.306,-2012.29,0.557482,-0.682493,-0.463511,0.0925998,9.998,-311.939,149.041,-0.0115455,0.0187173,0.030478,30.9852,21.6512,51.4205
1759345608318129920,-988.055,-231.428,-2010.8,0.557202,-0.682387,-0.464074,0.0922421,9.97789,-312.408,149.217,-0.0115453,0.0187171,0.030478,30.9853,21.6512,51.4206
1759345608328130048,-987.956,-234.554,-2009.31,0.556893,-0.682315,-0.464606,0.0919655,9.95732,-312.877,149.393,-0.0115452,0.0187169,0.030478,30.9853,21.6512,51.4207
1759345608338129920,-987.856,-237.685,-2007.81,0.556557,-0.68226,-0.465141,0.0917028,9.93703,-313.347,149.57,-0.0115451,0.0187166,0.0304779,30.9853,21.6512,51.4207
1759345608348130048,-987.757,-240.821,-2006.32,0.556185,-0.682229,-0.465671,0.0915012,9.91704,-313.818,149.747,-0.0115449,0.0187164,0.0304779,30.9853,21.6512,51.4208
1759345608358129920,-987.658,-243.962,-2004.82,0.555807,-0.682202,-0.466204,0.091288,9.89736,-314.288,149.924,-0.0115448,0.0187161,0.0304778,30.9854,21.6512,51.4209
1759345608368130048,-987.559,-247.107,-2003.32,0.555408,-0.682196,-0.466723,0.0911076,9.87811,-314.758,150.102,-0.0115447,0.0187159,0.0304778,30.9854,21.6512,51.421
1759345608378129920,-987.461,-250.257,-2001.82,0.555013,-0.682803,-0.466443,0.0903956,9.8602,-315.228,150.28,-0.0115445,0.0187157,0.0304778,30.9854,21.6512,51.4211
1759345608388130048,-987.362,-253.412,-2000.31,0.554583,-0.683478,-0.466105,0.089679,9.84179,-315.696,150.459,-0.0115444,0.0187154,0.0304777,30.9854,21.6513,51.4212
1759345608398129920,-987.264,-256.572,-1998.81,0.554129,-0.684173,-0.465762,0.0889634,9.8227,-316.163,150.639,-0.0115443,0.0187152,0.0304777,30.9855,21.6513,51.4213
1759345608408130048,-987.166,-259.736,-1997.3,0.55363,-0.684902,-0.465418,0.0882553,9.80298,-316.629,150.819,-0.0115442,0.018715,0.0304777,30.9855,21.6513,51.4213
1759345608418129920,-987.068,-262.904,-1995.79,0.5531,-0.685651,-0.465077,0.0875615,9.78271,-317.093,150.998,-0.0115441,0.0187148,0.0304776,30.9855,21.6513,51.4214
1759345608428129792,-986.97,-266.078,-1994.28,0.552682,-0.684183,-0.467466,0.0889532,9.76173,-317.556,151.177,-0.011544,0.0187146,0.0304776,30.9855,21.6513,51.4215
1759345608438129920,-986.873,-269.256,-1992.77,0.552159,-0.682694,-0.46997,0.0904302,9.74358,-318.019,151.356,-0.0115438,0.0187144,0.0304776,30.9855,21.6513,51.4216
1759345608448129792,-986.776,-272.438,-1991.25,0.551543,-0.682899,-0.47039,0.0904563,9.7282,-318.481,151.536,-0.0115437,0.0187142,0.0304775,30.9856,21.6513,51.4216
1759345608458129920,-986.679,-275.626,-1989.74,0.550921,-0.683127,-0.470787,0.0904604,9.71135,-318.943,151.717,-0.0115436,0.018714,0.0304775,30.9856,21.6513,51.4217
1759345608468129792,-986.582,-278.817,-1988.22,0.550295,-0.683371,-0.471164,0.0904644,9.69368,-319.404,151.899,-0.0115435,0.0187138,0.0304774,30.9856,21.6513,51.4218
1759345608478129920,-986.485,-282.014,-1986.7,0.549653,-0.683605,-0.471576,0.0904529,9.67523,-319.866,152.082,-0.0115434,0.0187136,0.0304774,30.9856,21.6513,51.4219
1759345608488129792,-986.388,-285.215,-1985.18,0.549017,-0.683836,-0.471987,0.0904278,9.65627,-320.328,152.266,-0.0115433,0.0187134,0.0304773,30.9856,21.6513,51.4219
1759345608498129920,-986.292,-288.421,-1983.65,0.548432,-0.684099,-0.472312,0.0902925,9.63738,-320.791,152.45,-0.0115432,0.0187132,0.0304773,30.9857,21.6513,51.422
1759345608508129792,-986.196,-291.631,-1982.13,0.5479,-0.684268,-0.472707,0.0901693,9.61829,-321.254,152.634,-0.0115431,0.018713,0.0304773,30.9857,21.6513,51.4221
1759345608518129920,-986.1,-294.846,-1980.6,0.547456,-0.684419,-0.473048,0.0899359,9.59921,-321.717,152.819,-0.011543,0.0187129,0.0304772,30.9857,21.6513,51.4221
1759345608528129792,-986.004,-298.066,-1979.07,0.547094,-0.684471,-0.473444,0.0896594,9.57995,-322.181,153.004,-0.0115429,0.0187127,0.0304772,30.9857,21.6513,51.4222
1759345608538129920,-985.908,-301.29,-1977.54,0.546794,-0.684356,-0.474007,0.0893922,9.56033,-322.646,153.189,-0.0115428,0.0187125,0.0304771,30.9857,21.6513,51.4222
1759345608548129792,-985.813,-304.519,-1976.01,0.546588,-0.684171,-0.474566,0.089098,9.54088,-323.111,153.375,-0.0115427,0.0187123,0.0304771,30.9858,21.6513,51.4223
1759345608558129664,-985.718,-307.752,-1974.47,0.546424,-0.684215,-0.474797,0.0885391,9.52176,-323.575,153.561,-0.0115426,0.0187121,0.030477,30.9858,21.6513,51.4224
1759345608568129792,-985.622,-310.991,-1972.94,0.546318,-0.684178,-0.475076,0.0879793,9.50287,-324.039,153.748,-0.0115425,0.018712,0.030477,30.9858,21.6513,51.4224
1759345608578129664,-985.528,-314.234,-1971.4,0.54624,-0.68408,-0.475403,0.0874611,9.48429,-324.502,153.934,-0.0115424,0.0187118,0.0304769,30.9858,21.6513,51.4225
1759345608588129792,-985.433,-317.481,-1969.86,0.546143,-0.683943,-0.475796,0.0869942,9.46592,-324.964,154.119,-0.0115423,0.0187116,0.0304769,30.9858,21.6513,51.4225
1759345608598129664,-985.338,-320.733,-1968.32,0.546031,-0.683884,-0.476092,0.0865419,9.44774,-325.425,154.304,-0.0115422,0.0187115,0.0304768,30.9858,21.6513,51.4226
1759345608608129792,-985.244,-323.99,-1966.77,0.545836,-0.68391,-0.476367,0.086055,9.42901,-325.886,154.489,-0.0115421,0.0187113,0.0304768,30.9859,21.6513,51.4226
1759345608618129664,-985.15,-327.251,-1965.23,0.545596,-0.684038,-0.476541,0.0855936,9.4096,-326.346,154.673,-0.011542,0.0187111,0.0304767,30.9859,21.6513,51.4227
1759345608628129792,-985.056,-330.517,-1963.68,0.545286,-0.684172,-0.476771,0.0852183,9.38899,-326.806,154.857,-0.0115419,0.018711,0.0304767,30.9859,21.6513,51.4227
1759345608638129664,-984.962,-333.788,-1962.13,0.544878,-0.684325,-0.477069,0.0849266,9.36725,-327.264,155.042,-0.0115418,0.0187108,0.0304766,30.9859,21.6513,51.4227
1759345608648129792,-984.869,-337.063,-1960.58,0.544383,-0.684604,-0.477282,0.0846528,9.34401,-327.723,155.226,-0.0115417,0.0187107,0.0304766,30.9859,21.6513,51.4228
1759345608658129664,-984.776,-340.342,-1959.03,0.543822,-0.684988,-0.477423,0.0843537,9.31918,-328.181,155.409,-0.0115417,0.0187105,0.0304765,30.9859,21.6513,51.4228
1759345608668129792,-984.683,-343.627,-1957.47,0.543178,-0.685791,-0.477105,0.0837834,9.29274,-328.639,155.593,-0.0115416,0.0187104,0.0304765,30.9859,21.6513,51.4229
1759345608678129664,-984.59,-346.915,-1955.91,0.542479,-0.6867,-0.476693,0.0832097,9.26349,-329.097,155.776,-0.0115415,0.0187102,0.0304764,30.986,21.6513,51.4229
1759345608688129536,-984.498,-350.209,-1954.35,0.541732,-0.687646,-0.476275,0.0826521,9.23232,-329.554,155.96,-0.0115414,0.0187101,0.0304764,30.986,21.6513,51.423
1759345608698129664,-984.405,-353.507,-1952.79,0.540934,-0.688631,-0.475855,0.0821045,9.19867,-330.011,156.144,-0.0115414,0.01871,0.0304763,30.986,21.6513,51.423
1759345608708129536,-984.314,-356.809,-1951.23,0.540109,-0.68963,-0.475435,0.0815726,9.16301,-330.468,156.329,-0.0115413,0.0187099,0.0304763,30.986,21.6513,51.423
1759345608718129664,-984.222,-360.116,-1949.67,0.539239,-0.687976,-0.4785,0.0833557,9.12544,-330.924,156.514,-0.0115413,0.0187097,0.0304762,30.986,21.6513,51.4231
1759345608728129536,-984.131,-363.428,-1948.1,0.538399,-0.688532,-0.478671,0.0832138,9.0918,-331.381,156.699,-0.0115412,0.0187096,0.0304762,30.986,21.6513,51.4231
1759345608738129664,-984.041,-366.744,-1946.53,0.537572,-0.689067,-0.478852,0.0830857,9.05748,-331.837,156.887,-0.0115411,0.0187095,0.0304761,30.986,21.6513,51.4231
1759345608748129536,-983.95,-370.065,-1944.96,0.536757,-0.689612,-0.479002,0.0829767,9.02257,-332.293,157.075,-0.0115411,0.0187093,0.0304761,30.986,21.6513,51.4232
1759345608758129664,-983.86,-373.391,-1943.39,0.535932,-0.690246,-0.479045,0.0827841,8.98715,-332.746,157.263,-0.011541,0.0187092,0.030476,30.9861,21.6513,51.4232
1759345608768129536,-983.771,-376.72,-1941.82,0.535099,-0.690849,-0.479131,0.0826483,8.95079,-333.199,157.453,-0.011541,0.0187091,0.030476,30.9861,21.6513,51.4232
1759345608778129664,-983.681,-380.055,-1940.24,0.534255,-0.691514,-0.479141,0.082491,8.91327,-333.65,157.643,-0.011541,0.018709,0.0304759,30.9861,21.6513,51.4233
1759345608788129536,-983.592,-383.394,-1938.67,0.5334,-0.692116,-0.479238,0.082405,8.87472,-334.099,157.834,-0.0115409,0.0187089,0.0304759,30.9861,21.6513,51.4233
1759345608798129664,-983.504,-386.737,-1937.09,0.532565,-0.692747,-0.479274,0.0822966,8.83527,-334.548,158.025,-0.0115409,0.0187088,0.0304759,30.9861,21.6513,51.4233
1759345608808129536,-983.416,-390.085,-1935.51,0.531743,-0.693383,-0.47929,0.08216,8.79443,-334.996,158.217,-0.0115408,0.0187087,0.0304758,30.9861,21.6513,51.4233
1759345608818129664,-983.328,-393.437,-1933.92,0.530909,-0.69408,-0.479233,0.0820017,8.75235,-335.442,158.409,-0.0115408,0.0187086,0.0304758,30.9861,21.6513,51.4234
1759345608828129536,-983.241,-396.794,-1932.34,0.530052,-0.695081,-0.478808,0.0815493,8.70901,-335.888,158.603,-0.0115408,0.0187085,0.0304757,30.9861,21.6513,51.4234
1759345608838129408,-983.154,-400.156,-1930.75,0.529233,-0.696108,-0.47831,0.081026,8.6635,-336.333,158.798,-0.0115408,0.0187084,0.0304757,30.9861,21.6513,51.4234
1759345608848129536,-983.068,-403.521,-1929.16,0.528427,-0.697129,-0.477807,0.0804759,8.61611,-336.777,158.994,-0.0115407,0.0187084,0.0304757,30.9862,21.6513,51.4234
1759345608858129408,-982.982,-406.891,-1927.57,0.527636,-0.698142,-0.477301,0.0798879,8.56564,-337.22,159.191,-0.0115407,0.0187083,0.0304756,30.9862,21.6513,51.4235
1759345608868129536,-982.897,-410.266,-1925.98,0.526867,-0.699137,-0.476796,0.079271,8.51257,-337.662,159.389,-0.0115407,0.0187082,0.0304756,30.9862,21.6513,51.4235
1759345608878129408,-982.812,-413.645,-1924.38,0.526208,-0.699345,-0.477194,0.0794251,8.4571,-338.103,159.588,-0.0115407,0.0187082,0.0304756,30.9862,21.6512,51.4235
1759345608888129536,-982.727,-417.029,-1922.79,0.525691,-0.698371,-0.478972,0.0807047,8.4013,-338.544,159.787,-0.0115407,0.0187081,0.0304755,30.9862,21.6512,51.4235
1759345608898129408,-982.644,-420.416,-1921.19,0.525103,-0.698804,-0.479023,0.0804785,8.34821,-338.984,159.986,-0.0115407,0.018708,0.0304755,30.9862,21.6512,51.4236
1759345608908129536,-982.561,-423.809,-1919.59,0.524569,-0.699317,-0.47892,0.080117,8.29459,-339.425,160.184,-0.0115407,0.018708,0.0304754,30.9862,21.6512,51.4236
1759345608918129408,-982.478,-427.205,-1917.98,0.524104,-0.699766,-0.478839,0.07972,8.24079,-339.864,160.383,-0.0115406,0.0187079,0.0304754,30.9862,21.6512,51.4236
1759345608928129536,-982.396,-430.606,-1916.38,0.523732,-0.70009,-0.478831,0.0793697,8.18619,-340.303,160.581,-0.0115406,0.0187079,0.0304754,30.9862,21.6512,51.4236
1759345608938129408,-982.314,-434.012,-1914.77,0.523418,-0.700472,-0.4787,0.0788614,8.13223,-340.742,160.78,-0.0115406,0.0187078,0.0304754,30.9862,21.6512,51.4236
1759345608948129536,-982.233,-437.422,-1913.16,0.523192,-0.700709,-0.47867,0.0784332,8.07859,-341.181,160.978,-0.0115406,0.0187077,0.0304753,30.9862,21.6512,51.4236
1759345608958129408,-982.153,-440.836,-1911.55,0.523013,-0.701025,-0.478495,0.0778668,8.02541,-341.62,161.177,-0.0115406,0.0187077,0.0304753,30.9863,21.6512,51.4237
1759345608968129280,-982.073,-444.254,-1909.94,0.522892,-0.701203,-0.478444,0.077401,7.97302,-342.059,161.376,-0.0115406,0.0187077,0.0304753,30.9863,21.6512,51.4237
1759345608978129408,-981.993,-447.677,-1908.32,0.52278,-0.701457,-0.478288,0.0768073,7.92138,-342.498,161.575,-0.0115406,0.0187076,0.0304753,30.9863,21.6512,51.4237
1759345608988129280,-981.915,-451.105,-1906.71,0.522689,-0.701668,-0.478167,0.0762595,7.87022,-342.936,161.775,-0.0115405,0.0187076,0.0304752,30.9863,21.6512,51.4237
1759345608998129408,-981.836,-454.536,-1905.09,0.522516,-0.702196,-0.477728,0.0753303,7.81903,-343.374,161.975,-0.0115405,0.0187075,0.0304752,30.9863,21.6512,51.4237
1759345609008129280,-981.758,-457.973,-1903.47,0.522295,-0.702809,-0.477217,0.0743739,7.76643,-343.812,162.176,-0.0115405,0.0187075,0.0304752,30.9863,21.6512,51.4237
1759345609018129408,-981.681,-461.413,-1901.85,0.522015,-0.703466,-0.4767,0.0734392,7.71257,-344.248,162.377,-0.0115405,0.0187074,0.0304752,30.9863,21.6512,51.4238
1759345609028129280,-981.604,-464.858,-1900.22,0.521652,-0.70418,-0.476181,0.0725378,7.65765,-344.684,162.578,-0.0115405,0.0187074,0.0304752,30.9863,21.6512,51.4238
1759345609038129408,-981.528,-468.307,-1898.59,0.52124,-0.704923,-0.475662,0.0716731,7.60143,-345.118,162.779,-0.0115405,0.0187074,0.0304752,30.9863,21.6512,51.4238
1759345609048129280,-981.452,-471.761,-1896.97,0.521357,-0.703477,-0.477367,0.0736711,7.5429,-345.553,162.979,-0.0115404,0.0187074,0.0304752,30.9863,21.6512,51.4238
1759345609058129408,-981.377,-475.219,-1895.33,0.52092,-0.703967,-0.477169,0.0733656,7.48712,-345.987,163.179,-0.0115404,0.0187073,0.0304751,30.9863,21.6512,51.4238
1759345609068129280,-981.303,-478.681,-1893.7,0.520402,-0.704475,-0.477019,0.0731435,7.42961,-346.422,163.379,-0.0115404,0.0187073,0.0304751,30.9863,21.6512,51.4238
1759345609078129408,-981.229,-482.148,-1892.07,0.519881,-0.705031,-0.476795,0.0729485,7.37034,-346.857,163.579,-0.0115404,0.0187073,0.0304751,30.9863,21.6512,51.4238
1759345609088129280,-981.155,-485.619,-1890.43,0.519281,-0.705588,-0.476642,0.0728349,7.31021,-347.29,163.78,-0.0115404,0.0187072,0.0304751,30.9863,21.6512,51.4238
1759345609098129152,-981.083,-489.094,-1888.79,0.518586,-0.706281,-0.476408,0.0725936,7.24878,-347.723,163.982,-0.0115404,0.0187072,0.0304751,30.9864,21.6512,51.4239
1759345609108129280,-981.01,-492.573,-1887.15,0.517858,-0.706977,-0.476195,0.0724246,7.18645,-348.155,164.185,-0.0115404,0.0187072,0.0304751,30.9864,21.6512,51.4239
1759345609118129152,-980.939,-496.057,-1885.51,0.517073,-0.707684,-0.476015,0.0723095,7.12323,-348.586,164.389,-0.0115403,0.0187072,0.0304751,30.9864,21.6512,51.4239
1759345609128129280,-980.868,-499.546,-1883.86,0.516299,-0.70843,-0.47577,0.0721487,7.05888,-349.016,164.595,-0.0115403,0.0187072,0.0304751,30.9864,21.6512,51.4239
1759345609138129152,-980.798,-503.038,-1882.22,0.515522,-0.709185,-0.475512,0.0719844,6.99301,-349.445,164.801,-0.0115403,0.0187072,0.0304751,30.9864,21.6512,51.4239
1759345609148129280,-980.728,-506.535,-1880.57,0.514784,-0.709797,-0.475408,0.0719212,6.92563,-349.875,165.008,-0.0115403,0.0187071,0.0304751,30.9864,21.6512,51.4239
1759345609158129152,-980.659,-510.036,-1878.92,0.514109,-0.710497,-0.475128,0.0716836,6.85703,-350.304,165.215,-0.0115403,0.0187071,0.0304751,30.9864,21.6513,51.4239
1759345609168129280,-980.591,-513.542,-1877.26,0.513517,-0.711078,-0.474932,0.0714717,6.78724,-350.733,165.423,-0.0115403,0.0187071,0.0304751,30.9864,21.6513,51.4239
1759345609178129152,-980.524,-517.051,-1875.61,0.512958,-0.711688,-0.474686,0.0710443,6.71598,-351.162,165.631,-0.0115403,0.0187071,0.0304751,30.9864,21.6513,51.4239
1759345609188129280,-980.457,-520.565,-1873.95,0.51253,-0.712187,-0.474462,0.0706292,6.64364,-351.59,165.84,-0.0115403,0.0187071,0.0304751,30.9864,21.6513,51.4239
1759345609198129152,-980.391,-524.084,-1872.29,0.512209,-0.712545,-0.474329,0.0702369,6.57038,-352.019,166.05,-0.0115403,0.0187071,0.0304751,30.9864,21.6513,51.424
1759345609208129280,-980.326,-527.606,-1870.63,0.511967,-0.712949,-0.474069,0.069651,6.49699,-352.448,166.26,-0.0115403,0.0187071,0.0304751,30.9864,21.6513,51.424
1759345609218129152,-980.261,-531.133,-1868.97,0.511846,-0.713217,-0.473869,0.0691537,6.42289,-352.877,166.47,-0.0115403,0.0187071,0.0304751,30.9864,21.6513,51.424
1759345609228129024,-980.197,-534.664,-1867.3,0.511768,-0.713444,-0.473707,0.0685061,6.34819,-353.306,166.68,-0.0115403,0.0187071,0.0304751,30.9864,21.6513,51.424
1759345609238129152,-980.134,-538.2,-1865.63,0.511784,-0.713633,-0.473509,0.0677839,6.27275,-353.736,166.889,-0.0115403,0.0187071,0.0304751,30.9865,21.6513,51.424
1759345609248129024,-980.072,-541.74,-1863.96,0.511901,-0.713763,-0.473296,0.0670158,6.19626,-354.166,167.099,-0.0115403,0.0187071,0.0304751,30.9865,21.6513,51.424
1759345609258129152,-980.01,-545.284,-1862.29,0.512073,-0.713876,-0.473054,0.0661939,6.11882,-354.596,167.307,-0.0115403,0.0187071,0.0304751,30.9865,21.6513,51.424
1759345609268129024,-979.95,-548.832,-1860.62,0.512299,-0.713916,-0.472867,0.0653459,6.04002,-355.027,167.513,-0.0115403,0.0187071,0.0304751,30.9865,21.6513,51.424
1759345609278129152,-979.89,-552.385,-1858.94,0.512463,-0.714237,-0.472377,0.0640822,5.95987,-355.458,167.719,-0.0115403,0.0187071,0.0304751,30.9865,21.6513,51.424
1759345609288129024,-979.831,-555.942,-1857.26,0.512653,-0.714591,-0.471819,0.0627274,5.87713,-355.89,167.923,-0.0115403,0.0187071,0.0304751,30.9865,21.6513,51.424
1759345609298129152,-979.772,-559.503,-1855.58,0.512857,-0.714931,-0.471263,0.0613389,5.79188,-356.322,168.127,-0.0115403,0.0187071,0.030475,30.9865,21.6513,51.424
1759345609308129024,-979.715,-563.069,-1853.9,0.513059,-0.715269,-0.470713,0.0599197,5.70415,-356.756,168.329,-0.0115403,0.0187071,0.030475,30.9865,21.6513,51.424
1759345609318129152,-979.658,-566.639,-1852.21,0.513259,-0.715604,-0.470165,0.0584857,5.6139,-357.19,168.531,-0.0115403,0.0187071,0.030475,30.9865,21.6513,51.424
1759345609328129024,-979.603,-570.213,-1850.53,0.513971,-0.71462,-0.470829,0.0589313,5.52126,-357.624,168.732,-0.0115403,0.0187071,0.030475,30.9865,21.6513,51.424
1759345609338129152,-979.548,-573.792,-1848.84,0.514645,-0.713951,-0.471105,0.058945,5.42953,-358.059,168.933,-0.0115403,0.0187071,0.030475,30.9865,21.6513,51.424
1759345609348129024,-979.494,-577.375,-1847.15,0.51508,-0.71387,-0.470867,0.0580197,5.3379,-358.495,169.133,-0.0115403,0.0187071,0.030475,30.9865,21.6513,51.4241
1759345609358129152,-979.441,-580.962,-1845.46,0.515554,-0.713779,-0.470596,0.0571199,5.2447,-358.932,169.332,-0.0115403,0.0187071,0.030475,30.9865,21.6514,51.4241
1759345609368129024,-979.389,-584.554,-1843.76,0.516013,-0.713736,-0.470275,0.0561473,5.14963,-359.367,169.531,-0.0115403,0.0187071,0.030475,30.9866,21.6514,51.4241
1759345609378128896,-979.338,-588.15,-1842.07,0.516483,-0.713744,-0.469868,0.0551244,5.05291,-359.802,169.731,-0.0115403,0.0187071,0.030475,30.9866,21.6514,51.4241
1759345609388129024,-979.288,-591.75,-1840.37,0.516988,-0.713676,-0.469523,0.0542149,4.95446,-360.238,169.929,-0.0115403,0.0187071,0.030475,30.9866,21.6514,51.4241
1759345609398128896,-979.239,-595.355,-1838.67,0.517477,-0.713616,-0.469188,0.0532198,4.85494,-360.674,170.128,-0.0115403,0.0187071,0.030475,30.9866,21.6514,51.4241
1759345609408129024,-979.191,-598.964,-1836.97,0.518088,-0.713422,-0.468897,0.052433,4.75381,-361.11,170.326,-0.0115403,0.0187071,0.030475,30.9866,21.6514,51.4241
1759345609418128896,-979.144,-602.578,-1835.26,0.518684,-0.713283,-0.468553,0.0515015,4.65197,-361.547,170.524,-0.0115403,0.0187071,0.030475,30.9866,21.6514,51.4241
1759345609428129024,-979.098,-606.196,-1833.56,0.519316,-0.71318,-0.468127,0.0504144,4.54912,-361.985,170.721,-0.0115403,0.0187071,0.030475,30.9866,21.6514,51.4241
1759345609438128896,-979.053,-609.818,-1831.85,0.520105,-0.712902,-0.467777,0.0494616,4.44508,-362.423,170.918,-0.0115403,0.0187071,0.030475,30.9866,21.6514,51.4241
1759345609448129024,-979.009,-613.445,-1830.14,0.520946,-0.712592,-0.467432,0.0483255,4.34028,-362.865,171.115,-0.0115403,0.0187071,0.030475,30.9866,21.6514,51.4241
1759345609458128896,-978.966,-617.076,-1828.43,0.521879,-0.712221,-0.467081,0.0471004,4.23457,-363.316,171.309,-0.0115403,0.0187071,0.030475,30.9866,21.6514,51.4241
