1757625501266490112.000000 -0.000000004 -0.000000000 0.000000013 0.000000023 -0.000000002 -0.000000002 1.000000000
1757625501299831040.000000 -0.002083871 0.001679193 -0.001860430 0.000576581 -0.002293396 -0.000878754 0.999996901
1757625501333171968.000000 -0.003481180 0.001494910 -0.001381742 0.000291521 -0.004427413 -0.001315067 0.999989331
1757625501366512640.000000 -0.007220945 0.000703051 -0.002893856 0.000004589 -0.006064243 -0.001702056 0.999980152
1757625501399853312.000000 -0.011512229 0.000345622 -0.005313595 -0.000910860 -0.007251478 -0.002600523 0.999969959
1757625501433192960.000000 -0.013049541 0.001003272 -0.003862727 -0.001805418 -0.007989569 -0.003685288 0.999959707
1757625501499874560.000000 -0.020564718 0.002621660 -0.006688091 -0.001983649 -0.007178474 -0.005878264 0.999955058
1757625501533214976.000000 -0.021586940 0.002275509 -0.005143673 -0.002677482 -0.006956227 -0.006761339 0.999949396
1757625501566555904.000000 -0.028871642 0.001284685 -0.007529739 -0.003111725 -0.006395768 -0.008647964 0.999937356
1757625501599896320.000000 -0.032791693 0.003256715 -0.006708981 -0.002745728 -0.006183843 -0.009445891 0.999932528
1757625501633237248.000000 -0.036641877 0.002425683 -0.008814631 -0.002884776 -0.005688585 -0.009637608 0.999933243
1757625501666577920.000000 -0.040870719 0.001704617 -0.010135891 -0.003365953 -0.005048974 -0.009895142 0.999932706
1757625501699919104.000000 -0.046560943 0.004039389 -0.009937991 -0.003426801 -0.004292426 -0.010945343 0.999925077
1757625501733259776.000000 -0.049822692 0.003377544 -0.012669896 -0.003935480 -0.003710364 -0.011693780 0.999917030
1757625501766600960.000000 -0.054557823 0.003178909 -0.014052525 -0.004652772 -0.002697726 -0.012324450 0.999909639
1757625501799941632.000000 -0.052025612 0.004778330 -0.011455833 -0.005126149 -0.002384519 -0.012594615 0.999904752
1757625501833282816.000000 -0.047420129 0.004039890 -0.010743642 -0.005688149 -0.002328033 -0.012482805 0.999903262
1757625501866622464.000000 -0.091388978 0.009523147 -0.014206786 -0.005341159 0.004640304 -0.014704071 0.999866903
1757625501899963392.000000 -0.096937723 0.008353866 -0.015463386 -0.005809321 0.006424682 -0.014946104 0.999850869
1757625501933304576.000000 -0.101835191 0.009047465 -0.016373988 -0.005947147 0.008285137 -0.015079726 0.999834299
1757625501966645248.000000 -0.109157547 0.009982481 -0.017058484 -0.006058850 0.010626605 -0.015294851 0.999808252
1757625501999986176.000000 -0.112499721 0.011400620 -0.018335244 -0.006024763 0.012748512 -0.014812766 0.999790847
1757625502033327104.000000 -0.119069569 0.011486741 -0.020240135 -0.005833264 0.015384689 -0.014609024 0.999757946
1757625502066668032.000000 -0.083572052 0.008390911 -0.020818530 -0.005890375 0.012776362 -0.012577327 0.999821961
1757625502100008960.000000 -0.126472414 0.012350165 -0.025761368 -0.005143214 0.020647807 -0.013891877 0.999677062
1757625502133349888.000000 -0.105731107 0.009856638 -0.027810017 -0.005254801 0.019680472 -0.012918998 0.999709129
1757625502166690560.000000 -0.108182102 0.009678725 -0.032079291 -0.005488241 0.021427764 -0.012738896 0.999674201
1757625502200031488.000000 -0.116281770 0.016943531 -0.029259967 -0.006010883 0.023764752 -0.013006415 0.999614954
1757625502233372416.000000 -0.117629454 0.018361351 -0.027968034 -0.007817275 0.024755348 -0.012594075 0.999583662
1757625502266713344.000000 -0.121301353 0.017793404 -0.030780977 -0.009141345 0.025078373 -0.012541942 0.999565005
1757625502300052992.000000 -0.122689404 0.016490869 -0.033190228 -0.009364979 0.024452554 -0.012275316 0.999581814
1757625502333394176.000000 -0.107258879 0.016054299 -0.031322300 -0.008898466 0.021348657 -0.011108341 0.999670804
1757625502366735104.000000 -0.109892219 0.016369171 -0.031880043 -0.008011173 0.020347591 -0.010752857 0.999703109
1757625502400076032.000000 -0.120581463 0.013098713 -0.040989358 -0.006811476 0.020427581 -0.010296378 0.999715149
1757625502433416960.000000 -0.121681571 0.011156884 -0.042460091 -0.005901385 0.019536536 -0.010122513 0.999740541
1757625502466757632.000000 -0.128003985 0.014287070 -0.041792866 -0.004596954 0.020031352 -0.009524457 0.999743462
1757625502500098560.000000 -0.125900462 0.015555894 -0.043536205 -0.003698962 0.019631758 -0.007999063 0.999768436
1757625502533439232.000000 -0.129701987 0.015611947 -0.039774343 -0.004310218 0.020731395 -0.007494207 0.999747753
1757625502566780416.000000 -0.129791558 0.015374341 -0.039143309 -0.005082348 0.021748275 -0.006567025 0.999729097
1757625502600121088.000000 -0.115290835 0.015918365 -0.036110841 -0.005382711 0.021379914 -0.005098294 0.999743938
1757625502633462016.000000 -0.116065748 0.015334461 -0.035795290 -0.005953713 0.022720426 -0.004912566 0.999712050
1757625502666802688.000000 -0.130922660 0.016713524 -0.035946667 -0.006664333 0.025591748 -0.005502478 0.999635160
1757625502700143872.000000 -0.130652055 0.017331593 -0.035265181 -0.007613705 0.026654150 -0.005776834 0.999599099
1757625502733484800.000000 -0.130690530 0.019215785 -0.029729631 -0.008330956 0.028345734 -0.005904380 0.999546111
1757625502766824960.000000 -0.129148424 0.017936803 -0.030988496 -0.009422358 0.030301131 -0.005423554 0.999481678
1757625502800166144.000000 -0.127673596 0.017420243 -0.028886409 -0.010409666 0.032817621 -0.005592007 0.999391556
1757625502833507072.000000 -0.128431320 0.020157898 -0.026499469 -0.011145251 0.036337279 -0.005548638 0.999262035
1757625502866848256.000000 -0.111428313 0.018467570 -0.021102371 -0.012810337 0.038036179 -0.004557069 0.999183953
1757625502900189184.000000 -0.108770899 0.016040001 -0.021317469 -0.014343924 0.041284174 -0.004535473 0.999034166
1757625502933530368.000000 -0.121861957 0.019787893 -0.015544280 -0.014829555 0.046878438 -0.004563796 0.998780131
1757625502966871296.000000 -0.118625291 0.020373918 -0.011323331 -0.015157226 0.049717050 -0.003718434 0.998641431
1757625503000212480.000000 -0.112146795 0.018849693 -0.010631383 -0.014911217 0.051879674 -0.002919127 0.998537779
1757625503033553408.000000 -0.108749732 0.019880284 -0.005670113 -0.014365538 0.054635689 -0.002106671 0.998400807
1757625503066894592.000000 -0.104260139 0.019140918 -0.004918109 -0.013858398 0.057124358 -0.001552360 0.998269677
1757625503100235776.000000 -0.097837590 0.020713335 0.002234521 -0.013234001 0.059527844 -0.001140364 0.998138309
1757625503133576704.000000 -0.082007058 0.018381674 0.006658357 -0.012790502 0.060547896 -0.000616565 0.998083174
1757625503166917888.000000 -0.077818647 0.018379159 0.010642367 -0.012589937 0.062589027 -0.000214701 0.997959971
1757625503200257792.000000 -0.082130134 0.017848413 0.011550128 -0.013230119 0.064915635 -0.000797949 0.997802794
1757625503233598976.000000 -0.074016623 0.016759908 0.019354805 -0.013938099 0.065261647 0.000625353 0.997770727
1757625503266939904.000000 -0.068137132 0.019730290 0.024477312 -0.014087196 0.065546744 0.001143186 0.997749448
1757625503300281088.000000 -0.061491903 0.018800614 0.029584276 -0.014802883 0.065934986 0.002230988 0.997711599
1757625503333622016.000000 -0.054539297 0.018956531 0.039475109 -0.015487680 0.066436127 0.002331697 0.997667789
1757625503366963200.000000 -0.046289086 0.016903549 0.045085303 -0.016297188 0.067257956 0.003179993 0.997597516
1757625503433645312.000000 -0.028984083 0.017750835 0.060579102 -0.018109480 0.067673780 0.003371237 0.997537494
1757625503466986496.000000 -0.022903938 0.016249407 0.065437749 -0.019061731 0.066980749 0.002861703 0.997568130
1757625503500327424.000000 -0.015665423 0.016238585 0.072651364 -0.019148458 0.065158129 0.002119812 0.997689009
1757625503567009280.000000 -0.003006036 0.016248517 0.082157470 -0.017228195 0.061521176 0.001260049 0.997956336
1757625503600350464.000000 0.006081241 0.013969795 0.088263094 -0.016185327 0.059731226 0.000929084 0.998082876
1757625503633690368.000000 0.011818115 0.013960504 0.092816792 -0.014635150 0.058757644 0.000816862 0.998164654
1757625503667031552.000000 0.020070042 0.012877650 0.096697316 -0.013108176 0.058055703 0.000749453 0.998227060
1757625503733713920.000000 0.032754511 0.010294713 0.105692692 -0.010935298 0.058687363 0.000805675 0.998216271
1757625503767055360.000000 0.040366743 0.009897977 0.108664431 -0.009969469 0.058921281 0.001295581 0.998212039
1757625503800396288.000000 0.048541084 0.007604508 0.111765355 -0.009579719 0.059329886 0.002329065 0.998189807
1757625503867078656.000000 0.063678995 0.007230289 0.122371532 -0.009201837 0.062118571 0.003954318 0.998018563
1757625503900419840.000000 0.069917828 0.006894805 0.127067760 -0.010059695 0.064064704 0.003983983 0.997887075
1757625503933761024.000000 0.077480912 0.007210573 0.132024094 -0.012069146 0.066026658 0.003435540 0.997738957
1757625503967102208.000000 0.080744512 0.008326029 0.135067940 -0.014905103 0.068288811 0.002738781 0.997550488
1757625504000443648.000000 0.086898156 0.009550186 0.140605867 -0.018181441 0.070726566 0.001707842 0.997328579
1757625504033784576.000000 0.092142455 0.010514474 0.146434158 -0.021534447 0.073556162 0.000621782 0.997058392
1757625504100465920.000000 0.102205388 0.013329469 0.156778648 -0.028120415 0.078608669 -0.001307022 0.996508002
1757625504133807360.000000 0.106472842 0.015434979 0.162377983 -0.031281915 0.080686972 -0.001674083 0.996247172
1757625504167148288.000000 0.117692024 0.014022612 0.166316062 -0.035192348 0.082132950 -0.000716133 0.995999634
1757625504200489472.000000 0.115776889 0.017070094 0.170967773 -0.038160864 0.085514352 -0.000063153 0.995605946
1757625504233830912.000000 0.119939163 0.017580399 0.175262779 -0.039984398 0.088619150 0.000956455 0.995262325
1757625504267171840.000000 0.123181723 0.018071374 0.179424390 -0.040816333 0.091617018 0.001623161 0.994956195
1757625504300513280.000000 0.125851244 0.018089442 0.183752030 -0.042034194 0.093935058 0.002221939 0.994688153
1757625504333854208.000000 0.129905045 0.015641116 0.185585618 -0.043194696 0.095727094 0.003123557 0.994465113
1757625504367195648.000000 0.129788339 0.017109092 0.191204473 -0.044277914 0.097914100 0.004068705 0.994201064
1757625504400536576.000000 0.130511910 0.017355118 0.196039706 -0.045581006 0.100483656 0.005053430 0.993881226
1757625504433877760.000000 0.130898610 0.018385263 0.202373967 -0.047292743 0.103305712 0.005596535 0.993508995
1757625504467218944.000000 0.130712882 0.018980570 0.208934680 -0.049853105 0.106303073 0.005980280 0.993065238
1757625504500560128.000000 0.134840637 0.019098684 0.210150868 -0.052688036 0.108869404 0.006815508 0.992635369
1757625504533900288.000000 0.135794625 0.019499060 0.213163227 -0.055440459 0.111384168 0.006680955 0.992207348
1757625504600582656.000000 0.129509404 0.024226209 0.229246169 -0.059537873 0.118311591 0.004841907 0.991178155
1757625504633923584.000000 0.124963351 0.026548190 0.236122340 -0.060814481 0.122215077 0.002925734 0.990634441
1757625504667264768.000000 0.120483190 0.028160818 0.242064983 -0.061186016 0.126489505 0.000535390 0.990078986
1757625504700605952.000000 0.115747117 0.029716590 0.247971028 -0.060154051 0.131247044 -0.002288218 0.989520371
1757625504733947392.000000 0.114439644 0.026684931 0.245481923 -0.058652319 0.136500388 -0.004683582 0.988891184
1757625504767288576.000000 0.109703198 0.031162689 0.252939790 -0.056885660 0.142391741 -0.007829623 0.988143384
1757625504800629504.000000 0.103473276 0.031947497 0.257679701 -0.055426542 0.148467392 -0.011388150 0.987297177
1757625504867312128.000000 0.090872429 0.033051193 0.268966347 -0.051778939 0.158811390 -0.018498760 0.985776782
1757625504900653568.000000 0.084430382 0.032916378 0.276063293 -0.049835339 0.162693858 -0.021738894 0.985177457
1757625504933994752.000000 0.082007542 0.032417666 0.284265339 -0.047414668 0.165762872 -0.024231095 0.984727085
1757625504967334912.000000 0.075233176 0.033346549 0.292375118 -0.045788981 0.168864250 -0.026448423 0.984219849
1757625505000676096.000000 0.069565356 0.034699738 0.300203174 -0.044542871 0.172208205 -0.027961530 0.983655691
1757625505034017536.000000 0.064825751 0.036724869 0.309237629 -0.043382794 0.176631883 -0.028958987 0.982893944
1757625505067358720.000000 0.060288362 0.038087912 0.319265991 -0.042536151 0.181407288 -0.029811118 0.982035398
1757625505100699904.000000 0.060243744 0.037749354 0.325896859 -0.042113639 0.186240390 -0.029601155 0.981154799
1757625505134041344.000000 0.056724958 0.038586091 0.335601509 -0.041633487 0.191964507 -0.029670034 0.980069458
1757625505167382528.000000 0.054656610 0.034932494 0.345097989 -0.041587442 0.197080851 -0.029962573 0.979046404
1757625505200723712.000000 0.049248964 0.039044451 0.354158640 -0.040567562 0.201872081 -0.030886767 0.978083849
1757625505234065152.000000 0.045183212 0.038931474 0.365869045 -0.040691346 0.207135856 -0.031107241 0.976970494
1757625505267406336.000000 0.043541506 0.040054701 0.373024702 -0.040981203 0.211938709 -0.031002624 0.975931108
1757625505300747520.000000 0.039944157 0.040011480 0.382452905 -0.042176291 0.216856509 -0.030915258 0.974801898
1757625505334088448.000000 0.036894027 0.040327948 0.393291503 -0.043046746 0.221687987 -0.030555731 0.973687768
1757625505367429888.000000 0.033486214 0.041144907 0.403476864 -0.043911852 0.226474017 -0.030474165 0.972549558
1757625505400771072.000000 0.029819485 0.043365449 0.413241595 -0.044606283 0.231268018 -0.030480511 0.971388876
1757625505434111232.000000 0.029087063 0.044307686 0.418532431 -0.045999307 0.235538468 -0.030100994 0.970309019
1757625505467452416.000000 0.025065886 0.046543386 0.426996052 -0.048358206 0.239494711 -0.030833846 0.969202280
1757625505500793600.000000 0.022436021 0.050225925 0.438104182 -0.051078223 0.242980286 -0.032170802 0.968151212
1757625505534135040.000000 0.018754469 0.051508524 0.446787566 -0.053163648 0.246019900 -0.033595826 0.967222393
1757625505567476224.000000 0.015626224 0.053487360 0.454304338 -0.054737348 0.248629466 -0.035057221 0.966415107
1757625505600817408.000000 0.013300058 0.055373296 0.462000549 -0.056865945 0.250961274 -0.035934292 0.965657055
1757625505634158592.000000 0.011759564 0.057481360 0.470991373 -0.059187129 0.253466100 -0.036054529 0.964858472
1757625505667500032.000000 0.012334099 0.058629677 0.475638151 -0.061435618 0.255443901 -0.035704717 0.964209139
1757625505700841472.000000 0.012093619 0.059749492 0.483328640 -0.063811660 0.257874519 -0.035242710 0.963424504
1757625505734182912.000000 0.012674622 0.060809411 0.491231143 -0.066944383 0.260458767 -0.034662507 0.962537408
1757625505767524352.000000 0.013924658 0.061557863 0.498745710 -0.070595756 0.262939185 -0.033700634 0.961635888
1757625505800865536.000000 0.015595203 0.062421113 0.506775320 -0.073435247 0.265420347 -0.033008918 0.960765243
1757625505834206976.000000 0.017960638 0.063251972 0.514528751 -0.075816818 0.268100441 -0.032408927 0.959856093
1757625505867547392.000000 0.020803036 0.063909866 0.521507442 -0.078053005 0.271616697 -0.032034762 0.958700120
1757625505900888832.000000 0.024678817 0.062061682 0.512979746 -0.080570161 0.275209039 -0.031119853 0.957496822
1757625505934230272.000000 0.028248483 0.065210372 0.530042768 -0.083480373 0.280288041 -0.031309567 0.955766380
1757625505967571712.000000 0.033140685 0.066393189 0.537442625 -0.086395890 0.284135163 -0.030398125 0.954399765
1757625506000913152.000000 0.038478434 0.066695988 0.545250237 -0.090260640 0.286895245 -0.029152391 0.953254640
1757625506034254336.000000 0.044233136 0.067750946 0.553767562 -0.093732968 0.289039344 -0.028416840 0.952293515
1757625506067596032.000000 0.050392814 0.068535306 0.561784089 -0.095566697 0.290718049 -0.028151212 0.951607883
1757625506100937472.000000 0.060016282 0.068422735 0.559139609 -0.095047131 0.291495085 -0.027629552 0.951437533
1757625506134278656.000000 0.064187109 0.068188727 0.568196833 -0.095295064 0.293942183 -0.026376741 0.950695157
1757625506200961536.000000 0.079864651 0.069374874 0.579136670 -0.094388761 0.294672370 -0.022855451 0.950650692
1757625506234302976.000000 0.089214124 0.068516918 0.583259225 -0.092953227 0.294460654 -0.021643911 0.950886071
1757625506267644672.000000 0.098674744 0.067401037 0.586823106 -0.091062352 0.294498056 -0.020577777 0.951081038
1757625506300984832.000000 0.108649716 0.066553198 0.591132522 -0.088414855 0.294912070 -0.020171065 0.951211333
1757625506334326528.000000 0.119416624 0.065271422 0.595571280 -0.086001679 0.295019358 -0.019788653 0.951407254
1757625506367667712.000000 0.130904227 0.061131012 0.593245924 -0.084159359 0.293828130 -0.019420141 0.951948106
1757625506401009408.000000 0.138430834 0.062178839 0.603166997 -0.082178824 0.291457415 -0.020053819 0.952836335
1757625506434350592.000000 0.148264214 0.060608041 0.611183643 -0.079861961 0.288537890 -0.019982986 0.953922808
1757625506467692032.000000 0.158620819 0.059579045 0.618083537 -0.078445695 0.284464240 -0.019222770 0.955278397
1757625506501033472.000000 0.169170722 0.059181552 0.626187682 -0.076892599 0.279556096 -0.019066222 0.956855536
1757625506534374912.000000 0.179019511 0.058345541 0.632824183 -0.075695410 0.274048328 -0.019525940 0.958533466
1757625506567716352.000000 0.188504174 0.058083389 0.639644861 -0.075946130 0.266937047 -0.020268321 0.960503042
1757625506601057792.000000 0.200074151 0.052467730 0.630207658 -0.075770676 0.257871032 -0.021123016 0.962972105
1757625506634399232.000000 0.207039624 0.053752095 0.637979269 -0.074485399 0.249696061 -0.023424601 0.965171039
1757625506667740928.000000 0.215199068 0.053358786 0.644696712 -0.072944522 0.242099985 -0.024822097 0.967186928
1757625506701082368.000000 0.224004999 0.052944634 0.651223421 -0.070415698 0.234613016 -0.025978012 0.969187021
1757625506734424064.000000 0.232921600 0.052433971 0.657529354 -0.067655101 0.227368444 -0.026033215 0.971106946
1757625506767764736.000000 0.242078796 0.052296165 0.662221789 -0.066016011 0.219718844 -0.025792809 0.972985268
1757625506801106688.000000 0.250975311 0.051909417 0.667682052 -0.064347655 0.212288588 -0.025429973 0.974754453
1757625506834448640.000000 0.261465639 0.047137640 0.662676632 -0.062680788 0.204234287 -0.024568938 0.976604283
1757625506867790080.000000 0.269959927 0.047098450 0.667458236 -0.061798777 0.196470395 -0.024380391 0.978256583
1757625506901131776.000000 0.278533548 0.047118492 0.671905220 -0.061923929 0.188591719 -0.023935361 0.979809046
1757625506934473472.000000 0.291777730 0.046984114 0.682577312 -0.063208021 0.180138364 -0.023922814 0.981316864
1757625506967815424.000000 0.296295404 0.048040561 0.681402981 -0.064509377 0.172351941 -0.023094557 0.982649505
1757625507001157376.000000 0.305005580 0.048759628 0.685844421 -0.066281796 0.164966077 -0.022423433 0.983814120
1757625507067840768.000000 0.320420772 0.050768789 0.694213390 -0.070000701 0.152189389 -0.020694885 0.985652089
1757625507101182720.000000 0.330421120 0.050922845 0.706080556 -0.072640449 0.146762878 -0.020444399 0.986289024
1757625507134524416.000000 0.329809338 0.050930932 0.696749926 -0.075115062 0.142554775 -0.020492829 0.986719787
1757625507167866112.000000 0.335804433 0.052524392 0.700136185 -0.077353485 0.138989314 -0.019826429 0.987069070
1757625507201206784.000000 0.341198564 0.053465273 0.702811778 -0.079244949 0.135873809 -0.019328538 0.987362623
1757625507234548480.000000 0.345766634 0.054431036 0.707316041 -0.081186689 0.132932216 -0.019086985 0.987610042
1757625507267890432.000000 0.350126803 0.054701723 0.711011231 -0.082893670 0.129812285 -0.018907996 0.987886608
1757625507301232384.000000 0.353308350 0.054374721 0.714589417 -0.083098330 0.126934215 -0.018930234 0.988242924
1757625507334574336.000000 0.356169254 0.055694621 0.721131325 -0.082903311 0.124285862 -0.018949922 0.988595486
1757625507367916032.000000 0.358013123 0.054082185 0.723510563 -0.083892718 0.121523529 -0.018989818 0.988854647
1757625507401257728.000000 0.360847265 0.053561717 0.726864040 -0.084063150 0.118674509 -0.018680319 0.989192069
1757625507434599680.000000 0.363207549 0.053599820 0.732425034 -0.084501341 0.116022617 -0.018669240 0.989469528
1757625507501283072.000000 0.368850887 0.054342199 0.744067252 -0.086890548 0.111318663 -0.017894652 0.989817142
1757625507534625024.000000 0.371376097 0.055085864 0.751790881 -0.088877037 0.110155232 -0.017490843 0.989778161
1757625507567966720.000000 0.372898728 0.056520969 0.759675205 -0.089875601 0.109916851 -0.017672971 0.989711225
1757625507601308672.000000 0.373960376 0.057979535 0.767650902 -0.090999328 0.109994046 -0.018758465 0.989579976
1757625507634649856.000000 0.375319123 0.060404465 0.780375898 -0.093586855 0.110257648 -0.020129539 0.989282370
1757625507667991296.000000 0.374933839 0.063950308 0.789561868 -0.096483573 0.111196987 -0.021876462 0.988861859
1757625507701332736.000000 0.377472222 0.064335681 0.798432112 -0.098241478 0.111958519 -0.022777658 0.988582432
1757625507734673920.000000 0.377533108 0.066062771 0.807409048 -0.099160209 0.113966040 -0.024313796 0.988224626
1757625507801356800.000000 0.374721676 0.069970705 0.823612571 -0.098515779 0.121285230 -0.028726941 0.987299025
1757625507834697984.000000 0.375309110 0.069759764 0.833246469 -0.097854055 0.125885144 -0.030575465 0.986733377
1757625507868039424.000000 0.373496413 0.068957970 0.833347440 -0.096665062 0.131651238 -0.033416573 0.986005664
1757625507901380608.000000 0.374058723 0.070961952 0.849959433 -0.094502114 0.138396591 -0.035398521 0.985222220
1757625507934722304.000000 0.373033047 0.070207819 0.851575136 -0.093894958 0.145101205 -0.038146444 0.984212518
1757625507968063488.000000 0.373396337 0.070817575 0.861926019 -0.093675464 0.152052552 -0.040217124 0.983101010
1757625508034746112.000000 0.375380129 0.073019020 0.885022104 -0.094543725 0.167874992 -0.043476880 0.980300605
1757625508068087296.000000 0.376949042 0.074297681 0.896222532 -0.094616063 0.177381083 -0.044118900 0.978589475
1757625508101427712.000000 0.379066676 0.074690744 0.906731844 -0.093525149 0.188678682 -0.044578936 0.976558328
1757625508134768896.000000 0.380354762 0.074999772 0.919980109 -0.092033587 0.201693699 -0.044885155 0.974081516
1757625508168110336.000000 0.381895989 0.074640177 0.924269438 -0.090230405 0.215146855 -0.045681708 0.971330822
1757625508201452032.000000 0.385142982 0.074089713 0.933569849 -0.087873377 0.228545070 -0.045685105 0.968482494
1757625508234793216.000000 0.388032168 0.073395357 0.943303168 -0.086169317 0.241640091 -0.045600295 0.965456188
1757625508268134656.000000 0.391101211 0.072854057 0.952117562 -0.084701031 0.255072415 -0.045100883 0.962148488
1757625508301475840.000000 0.393935025 0.073165596 0.962244093 -0.083263420 0.269249439 -0.044327304 0.958439887
1757625508334817280.000000 0.398057699 0.072938442 0.971743286 -0.081997342 0.284595907 -0.043494426 0.954143584
1757625508368158464.000000 0.401562899 0.073383085 0.980558872 -0.081231713 0.301342398 -0.042920232 0.949079573
1757625508401499648.000000 0.405763090 0.074226692 0.988884091 -0.080364384 0.318769038 -0.042243198 0.943474114
1757625508434841344.000000 0.408129334 0.074716955 0.995810986 -0.078715518 0.336972237 -0.041645478 0.937293589
1757625508468182528.000000 0.412085414 0.075966448 1.002955198 -0.078125209 0.354889780 -0.041276071 0.930723429
1757625508501523968.000000 0.416416913 0.077292755 1.010839462 -0.078191675 0.371447802 -0.040695496 0.924260020
1757625508534864128.000000 0.420828819 0.078163326 1.017673612 -0.078256771 0.386954606 -0.040150065 0.917894363
1757625508568205568.000000 0.424776673 0.079284854 1.023454905 -0.078436673 0.401641011 -0.038952466 0.911600232
1757625508601546752.000000 0.428913295 0.080453336 1.028416395 -0.079341181 0.415580869 -0.037280891 0.905321896
1757625508634888192.000000 0.433655262 0.081109859 1.033304811 -0.080341853 0.428779095 -0.035659570 0.899122953
1757625508668229888.000000 0.438266307 0.080784380 1.038195252 -0.081351928 0.441019326 -0.034245916 0.893146694
1757625508701624832.000000 0.450280428 0.083393581 1.040741205 -0.080671802 0.451823592 -0.032708243 0.887850046
1757625508735043328.000000 0.448041618 0.081758663 1.045329332 -0.080545105 0.463286668 -0.031914800 0.881963432
1757625508768461824.000000 0.451770604 0.081536695 1.046459913 -0.080327675 0.473655343 -0.030767394 0.876499593
1757625508801881344.000000 0.456586242 0.081158549 1.048297167 -0.079550408 0.483030707 -0.029485663 0.871483684
1757625508835301120.000000 0.462564409 0.081537858 1.050371885 -0.078193538 0.491463900 -0.028222000 0.866921365
1757625508868721408.000000 0.468562394 0.081179701 1.052123666 -0.077236533 0.498952925 -0.027087359 0.862755358
1757625508902142208.000000 0.475325435 0.080729924 1.053738356 -0.076955765 0.505060077 -0.026408289 0.859240770
1757625508935563776.000000 0.483510852 0.080763191 1.055767536 -0.076739639 0.509961963 -0.026035888 0.856371462
1757625508968984576.000000 0.494504124 0.080860041 1.065187216 -0.076807573 0.513966262 -0.025518434 0.853983760
1757625509002406912.000000 0.504006505 0.083001137 1.067871571 -0.076939650 0.516625047 -0.024897126 0.852384329
1757625509035829504.000000 0.513900459 0.084139057 1.069025993 -0.077935524 0.517677903 -0.023868974 0.851684213
1757625509069252864.000000 0.524500728 0.085296780 1.071497798 -0.078596562 0.517445803 -0.022270646 0.851807833
1757625509102676992.000000 0.536489189 0.085839808 1.073281169 -0.078248493 0.516370833 -0.020281516 0.852541506
1757625509136101120.000000 0.548866272 0.085507311 1.073762655 -0.076284461 0.514908314 -0.018740268 0.853638709
1757625509169525760.000000 0.561625004 0.084316015 1.073559523 -0.072613083 0.512969315 -0.017293708 0.855155408
1757625509202951168.000000 0.577449381 0.082044937 1.061426640 -0.068395495 0.510016918 -0.014677205 0.857315242
1757625509236377088.000000 0.590868950 0.079703353 1.060698986 -0.064134128 0.507859349 -0.012196028 0.858962774
1757625509269803264.000000 0.593466282 0.074230209 1.070687056 -0.060246937 0.506493270 -0.010947100 0.860066950
1757625509303229952.000000 0.606459677 0.072423533 1.068247557 -0.055218603 0.503759980 -0.009606599 0.862023473
1757625509336657408.000000 0.619302452 0.071346126 1.066234112 -0.050070547 0.501667738 -0.008434127 0.863569021
1757625509370085120.000000 0.632867694 0.070983566 1.063732505 -0.045680553 0.500061750 -0.006991837 0.864755869
1757625509403513088.000000 0.647422493 0.071270183 1.062897444 -0.042387053 0.499044687 -0.005623777 0.865520775
1757625509436940800.000000 0.660589695 0.071540564 1.062682390 -0.039556611 0.497653723 -0.005253555 0.866457462
1757625509470370048.000000 0.673589826 0.071856186 1.062191486 -0.037531201 0.496025652 -0.004894865 0.867482603
1757625509503799808.000000 0.699493468 0.066250607 1.051496625 -0.036703609 0.492639720 -0.003882135 0.869450390
1757625509537230080.000000 0.698190033 0.063959971 1.066121578 -0.036702894 0.491386294 -0.004255809 0.870157719
1757625509570660608.000000 0.712854862 0.063473798 1.066577911 -0.035773635 0.488476872 -0.003854895 0.871834695
1757625509604092160.000000 0.724697769 0.061279759 1.067567110 -0.034519110 0.485702515 -0.003234527 0.873436391
1757625509637523712.000000 0.739770055 0.061437175 1.066281080 -0.033634290 0.483200788 -0.001531956 0.874862015
1757625509670955776.000000 0.754524648 0.062687814 1.065337062 -0.033638202 0.481090814 0.000902389 0.876024783
1757625509704317696.000000 0.763761640 0.074832864 1.071281672 -0.032967657 0.480879396 0.003255779 0.876160741
1757625509737650944.000000 0.777281046 0.077564307 1.070665598 -0.033094514 0.481680006 0.006830344 0.875695527
1757625509770983936.000000 0.805647314 0.066600472 1.046348333 -0.034509681 0.481851637 0.012422323 0.875484943
1757625509804316672.000000 0.816796243 0.066637523 1.047987938 -0.035527252 0.484634519 0.016267091 0.873843551
1757625509837649664.000000 0.826055944 0.066400252 1.051565647 -0.036931586 0.486887544 0.018897532 0.872479022
1757625509870981376.000000 0.833679795 0.065202445 1.055614233 -0.038529661 0.487975061 0.020626936 0.871762812
1757625509904314112.000000 0.839671969 0.063998841 1.061262846 -0.039659530 0.488156706 0.021863693 0.871580243
1757625509937646592.000000 0.847023189 0.064457737 1.068318367 -0.040282641 0.487472475 0.022720205 0.871912718
1757625509970979328.000000 0.851738691 0.063702837 1.075618982 -0.041646518 0.486802042 0.023896594 0.872191727
1757625510004311808.000000 0.857168317 0.063959137 1.082879066 -0.043595515 0.486564547 0.024323545 0.872217178
1757625510037644032.000000 0.858733118 0.061702888 1.083989859 -0.046727505 0.486087084 0.024402050 0.872319102
1757625510070976512.000000 0.865003824 0.062245507 1.091972351 -0.051095925 0.486962467 0.025084149 0.871566236
1757625510104308736.000000 0.871315300 0.062470786 1.099827290 -0.056512333 0.488401890 0.025633240 0.870409608
1757625510137640960.000000 0.878689349 0.062710851 1.107386470 -0.061877303 0.489941448 0.025426609 0.869184732
1757625510170973184.000000 0.884609759 0.063550860 1.114846349 -0.066424422 0.491495997 0.024154199 0.868007004
1757625510204305152.000000 0.888996959 0.063365310 1.122078657 -0.068874024 0.493174046 0.022016713 0.866920471
1757625510237637376.000000 0.893402815 0.062036872 1.128572345 -0.069338940 0.495694757 0.019841436 0.865497112
1757625510270968832.000000 0.915057540 0.068803534 1.122943163 -0.067325734 0.497456133 0.018890992 0.864666343
1757625510304299776.000000 0.916446447 0.069003016 1.128029466 -0.066046610 0.501208663 0.017091686 0.862632930
1757625510337631744.000000 0.919532895 0.068507835 1.134774685 -0.064936690 0.505704105 0.015272107 0.860124052
1757625510370963456.000000 0.922951400 0.068335690 1.142653704 -0.064495750 0.510674059 0.012975693 0.857253790
1757625510404294912.000000 0.926239014 0.068543367 1.150837898 -0.064787380 0.515382648 0.010240842 0.854446352
1757625510437626368.000000 0.929394245 0.069384672 1.160316825 -0.065533899 0.518679857 0.008487422 0.852410972
1757625510470958080.000000 0.933546841 0.069926143 1.169469714 -0.066316925 0.521363616 0.007485013 0.850720942
1757625510504289536.000000 0.936771750 0.069510601 1.178301334 -0.065543927 0.524547219 0.005680049 0.848835707
1757625510537620736.000000 0.941094398 0.068803102 1.187587500 -0.062840417 0.528914809 0.002603369 0.846341252
1757625510570952192.000000 0.938995123 0.066232666 1.191995859 -0.060567379 0.534277558 -0.001510608 0.843135118
1757625510604283136.000000 0.943019450 0.066965163 1.200210094 -0.057747766 0.540454805 -0.006401041 0.839364588
1757625510637614592.000000 0.947409272 0.065900810 1.208047867 -0.054369465 0.546922326 -0.011132873 0.835341871
1757625510670945536.000000 0.952096224 0.064925611 1.215957999 -0.050863989 0.553365111 -0.015143813 0.831246495
1757625510704278272.000000 0.956804276 0.064036824 1.224159479 -0.047272652 0.559601963 -0.018792927 0.827198803
1757625510737611776.000000 0.961725473 0.063975357 1.232925057 -0.043961734 0.565620422 -0.021888847 0.823202193
1757625510770944000.000000 0.967720270 0.061829865 1.241104126 -0.040617600 0.571427345 -0.023928318 0.819297612
1757625510804277248.000000 0.975189805 0.060419608 1.247579336 -0.037132461 0.577063739 -0.025484253 0.815456510
1757625510837610240.000000 0.983300209 0.059683956 1.253775597 -0.033639848 0.582570374 -0.026777063 0.811642289
1757625510870943232.000000 0.990273356 0.058918763 1.260387897 -0.030152014 0.587861955 -0.027982173 0.807914734
1757625510904276480.000000 0.987492442 0.055357378 1.274458885 -0.027478153 0.594177485 -0.028677654 0.803352773
1757625510937609472.000000 0.991130650 0.054762717 1.274168730 -0.025710318 0.598744690 -0.028118884 0.800033212
1757625510970942464.000000 0.999203146 0.055555847 1.279998302 -0.025461504 0.602655828 -0.026759403 0.797145963
1757625511004275200.000000 1.007382393 0.056964952 1.285694242 -0.024612553 0.607177854 -0.025532518 0.793774188
1757625511037607936.000000 1.015036702 0.058486510 1.291004181 -0.022782745 0.612378776 -0.024606107 0.789852977
1757625511070940416.000000 1.024122596 0.059886891 1.296231985 -0.021763898 0.617830038 -0.022941517 0.785675645
1757625511104272896.000000 1.034278870 0.061286859 1.301816344 -0.021636596 0.623667002 -0.020346219 0.781125784
1757625511137605376.000000 1.041724920 0.061174631 1.324134946 -0.022476070 0.630518496 -0.018461753 0.775629163
1757625511170938112.000000 1.050490618 0.060667798 1.330292702 -0.022409767 0.636613727 -0.016046086 0.770690203
1757625511204269568.000000 1.058414817 0.060355272 1.337166548 -0.022227537 0.643387318 -0.014159954 0.765087187
1757625511237601792.000000 1.063976884 0.060309865 1.344942093 -0.022235671 0.650266230 -0.012369820 0.759280264
1757625511270934016.000000 1.072922468 0.059605472 1.348424673 -0.023201289 0.656290829 -0.010748993 0.754074693
1757625511304266240.000000 1.080632806 0.058660865 1.351539969 -0.024734255 0.662082374 -0.008967852 0.748969197
1757625511337598208.000000 1.088767648 0.057652503 1.355363250 -0.025004404 0.667091429 -0.008196695 0.744511127
1757625511370930432.000000 1.099371910 0.058532327 1.355591059 -0.025194665 0.671472371 -0.008716485 0.740549922
1757625511404262400.000000 1.105612993 0.057788678 1.353905797 -0.024935959 0.675634086 -0.008210847 0.736769617
1757625511437594112.000000 1.112700582 0.057052027 1.352858424 -0.025081130 0.679634154 -0.007160845 0.733087420
1757625511470926080.000000 1.121762037 0.056232408 1.350356102 -0.025336558 0.683464587 -0.005905742 0.729520023
1757625511504257792.000000 1.130553722 0.055481296 1.347478271 -0.025852488 0.687482774 -0.004558213 0.725726128
1757625511537589504.000000 1.140936852 0.054805696 1.343386412 -0.027712176 0.690394998 -0.003248689 0.722894430
1757625511570921216.000000 1.168411970 0.055116937 1.352142930 -0.029915266 0.692460001 -0.001594963 0.720834017
1757625511604252672.000000 1.166888833 0.055819694 1.364099503 0.031465847 -0.693640172 0.001782856 -0.719631910
1757625511637583360.000000 1.177343607 0.056094334 1.362828970 0.031261515 -0.692912698 0.002012131 -0.720340729
1757625511670914560.000000 1.187043667 0.054102764 1.359728336 0.029546451 -0.691828728 0.001613560 -0.721455157
1757625511704250368.000000 1.194535851 0.052188221 1.355757952 0.026414052 -0.691243649 0.001385303 -0.722137630
1757625511737587456.000000 1.202202797 0.050741009 1.351525545 0.023222324 -0.690802336 0.000805062 -0.722670257
1757625511770924288.000000 1.213612914 0.050062135 1.345987678 0.020086436 -0.690111160 0.000033559 -0.723424613
1757625511804261120.000000 1.225010991 0.049486473 1.340451956 0.017233485 -0.688877940 -0.000633205 -0.724672258
1757625511837598208.000000 1.241077542 0.051639244 1.331075788 0.013831154 -0.686523139 -0.001155008 -0.726975501
1757625511870935296.000000 1.254108429 0.049887564 1.323208928 0.010152233 -0.684070408 -0.001825743 -0.729343116
1757625511904272128.000000 1.268268943 0.048501369 1.315485597 0.006731568 -0.681304872 -0.003115654 -0.731962204
1757625511937608960.000000 1.282534599 0.046179719 1.308386207 0.003876307 -0.678634048 -0.004499853 -0.734452605
1757625511970945792.000000 1.297164917 0.043624833 1.303372145 0.001615111 -0.676310778 -0.006196493 -0.736588597
1757625512004282368.000000 1.310713291 0.042012893 1.298065066 0.000340296 -0.674440861 -0.007833717 -0.738287270
1757625512037619200.000000 1.312639356 0.028710011 1.253240228 -0.000359177 0.670413136 0.010512330 0.741913497
1757625512070955776.000000 1.330395699 0.037786178 1.281481266 -0.000131790 0.669523895 0.008867423 0.742737591
1757625512104291328.000000 1.345440030 0.036238238 1.277227044 -0.000866315 0.666319847 0.007494422 0.745627999
1757625512137627904.000000 1.355860710 0.027994635 1.273613572 -0.001725843 0.662991643 0.005791230 0.748602509
1757625512170964224.000000 1.367684603 0.027315589 1.267617941 -0.002338224 0.659471989 0.004974475 0.751709163
1757625512204301056.000000 1.380771399 0.026993623 1.261815786 -0.002882769 0.656259596 0.004795564 0.754514515
1757625512237637632.000000 1.391704559 0.027759176 1.256701589 -0.002577455 0.654280543 0.004071346 0.756236613
1757625512270973952.000000 1.406115055 0.034493245 1.230776310 -0.001098325 0.652155995 0.003905271 0.758073986
1757625512304310016.000000 1.416058302 0.034673873 1.225795984 -0.000857984 0.652677655 0.004109984 0.757624090
1757625512337646592.000000 1.425482035 0.034653530 1.222903967 -0.000574431 0.654242754 0.004341457 0.756272018
1757625512370982656.000000 1.433538318 0.034447953 1.221624613 -0.000466639 0.656098485 0.004209661 0.754663527
1757625512404318720.000000 1.440971136 0.033844121 1.221689224 -0.000903953 0.658134043 0.004468299 0.752887011
1757625512437655040.000000 1.437203884 0.032330014 1.230784059 -0.002188646 0.660678208 0.004527935 0.750652373
1757625512470991104.000000 1.445332766 0.032218438 1.231946826 -0.003077046 0.662948132 0.005089614 0.748641789
1757625512504327424.000000 1.453723788 0.030855369 1.232516408 -0.004004993 0.665551186 0.005906437 0.746318102
1757625512537662208.000000 1.462966323 0.030656816 1.234165430 -0.005379845 0.668252468 0.007082510 0.743881464
1757625512570998272.000000 1.472785473 0.030598812 1.236694098 -0.007389454 0.670707107 0.008673087 0.741634905
1757625512604334080.000000 1.482935309 0.030865517 1.238041759 -0.009772441 0.673086643 0.010803848 0.739420235
1757625512637670400.000000 1.493839025 0.031570219 1.240847588 -0.012300498 0.675557375 0.013042231 0.737089515
1757625512671006208.000000 1.499699354 0.026803887 1.222690463 -0.015081859 0.677055418 0.015940148 0.735604823
1757625512704340480.000000 1.508656502 0.026944764 1.224135995 -0.017669942 0.680496752 0.017576147 0.732327223
1757625512737674496.000000 1.522144914 0.026640564 1.220573902 -0.020808045 0.683400869 0.018708766 0.729506969
1757625512771008256.000000 1.534152269 0.025785245 1.219022989 -0.024059411 0.686249435 0.019629018 0.726703286
1757625512804342016.000000 1.545440316 0.024696797 1.217568278 -0.026851352 0.689431608 0.020289799 0.723568559
1757625512837675520.000000 1.556352615 0.023922004 1.216878176 -0.028950548 0.692779839 0.020812115 0.720267296
1757625512871009024.000000 1.567202210 0.023824476 1.217695594 -0.030899236 0.696731389 0.021457875 0.716345072
1757625512904342528.000000 1.565514803 0.023975171 1.231347084 0.033302084 -0.702203274 -0.021777084 -0.710863829
1757625512937676032.000000 1.573722005 0.028325096 1.236961484 0.035026532 -0.707385480 -0.021658555 -0.705627263
1757625512971008256.000000 1.586412668 0.028694451 1.237571001 0.036969319 -0.712595105 -0.021570636 -0.700268745
1757625513004341760.000000 1.597707629 0.028083786 1.237823248 0.038684323 -0.718240917 -0.021110505 -0.694397509
1757625513037675264.000000 1.610118389 0.028263539 1.240419626 0.039965961 -0.724106729 -0.020014515 -0.688238144
1757625513071008000.000000 1.621116400 0.028436609 1.243063807 0.040553316 -0.730223477 -0.018692518 -0.681747556
1757625513104341248.000000 1.624525428 0.024701834 1.244706869 0.041173246 -0.737093925 -0.017782444 -0.674300551
1757625513137674240.000000 1.633514524 0.024754182 1.246969342 0.041086834 -0.743821561 -0.015833760 -0.666926384
1757625513171007488.000000 1.641178489 0.022520706 1.251282692 0.040635146 -0.749753833 -0.012348361 -0.660352588
1757625513204339968.000000 1.649742126 0.021312796 1.255304694 0.040808968 -0.754858017 -0.009281596 -0.654551625
1757625513237672960.000000 1.659295321 0.019205220 1.261523724 0.040445670 -0.759157419 -0.005983693 -0.649621665
1757625513271005952.000000 1.669548154 0.017298006 1.267779708 0.039826822 -0.762857497 -0.002295053 -0.645334780
1757625513304338688.000000 1.696499825 0.017673612 1.248878837 -0.039167807 0.764765918 -0.001463511 0.643115044
1757625513337671168.000000 1.688056588 0.017587475 1.273730993 0.038635671 -0.768850505 0.004850070 -0.638241887
1757625513371003648.000000 1.697795749 0.016700495 1.278821468 0.038320310 -0.771370411 0.006663623 -0.635196805
1757625513404336128.000000 1.710655332 0.014359195 1.284173369 0.037501771 -0.773666620 0.008058175 -0.632430851
1757625513437667584.000000 1.721953511 0.011061519 1.286864042 0.037044492 -0.775829673 0.008699276 -0.629793942
1757625513471000320.000000 1.733562112 0.009153120 1.291082263 0.037017744 -0.778215349 0.009061264 -0.626840115
1757625513504332544.000000 1.746755719 0.007233553 1.293877959 0.036832832 -0.780948639 0.009293325 -0.623439133
1757625513537664768.000000 1.768219471 0.005234607 1.270604372 -0.036647283 0.782528341 -0.008698342 0.621474683
1757625513570996736.000000 1.765062332 0.003352910 1.295638442 0.037664715 -0.786207855 0.007917776 -0.616762519
1757625513604329216.000000 1.774641275 0.001809344 1.297397971 0.039363187 -0.788805723 0.007234131 -0.613338172
1757625513637661184.000000 1.787238002 0.002113283 1.296123266 0.040909447 -0.791275442 0.006435853 -0.610055923
1757625513670993152.000000 1.792994022 0.006011464 1.290732026 0.042535447 -0.793985486 0.005577154 -0.606421232
1757625513704325888.000000 1.806333899 0.007478446 1.288642406 0.044735264 -0.797574401 0.004752533 -0.601540744
1757625513737659136.000000 1.818372488 0.009295486 1.288208723 0.047644045 -0.801568866 0.002906684 -0.595994174
1757625513770992128.000000 1.862204194 0.005143195 1.282080293 -0.051147841 0.806226611 0.000144189 0.589391708
1757625513804324864.000000 1.850857615 0.008744434 1.311384559 0.054968264 -0.812643111 -0.003132793 -0.580155134
1757625513837657600.000000 1.857419610 0.007159665 1.311195612 0.058469877 -0.818023622 -0.006423419 -0.572169125
1757625513870989568.000000 1.858195305 0.006509602 1.313803434 0.060577285 -0.823605955 -0.009005785 -0.563846290
1757625513904322048.000000 1.857885599 0.010407925 1.310626388 0.062425785 -0.829176784 -0.010563477 -0.555389345
1757625513937654784.000000 1.864294052 0.008786365 1.305705190 0.063490696 -0.834536135 -0.012399929 -0.547142208
1757625513970987264.000000 1.870564699 0.006767482 1.300992966 0.063823178 -0.839245200 -0.013651606 -0.539821982
1757625514004320000.000000 1.906974316 0.006398290 1.310892105 0.064258449 -0.844813943 -0.014010827 -0.531002820
1757625514037652224.000000 1.911143422 0.004602909 1.307128310 0.064395733 -0.849037409 -0.014848216 -0.524183452
1757625514070984704.000000 1.919095516 0.004057676 1.299707532 0.065171681 -0.852876186 -0.015863437 -0.517786801
1757625514104316928.000000 1.926443934 0.004830360 1.291755199 0.066395305 -0.856582701 -0.016965358 -0.511439145
1757625514137648896.000000 1.933743119 0.006343573 1.283164501 0.067761123 -0.860146463 -0.018737651 -0.505178690
1757625514170981120.000000 1.941197395 0.008758068 1.274839759 0.069056354 -0.863386452 -0.021036692 -0.499352127
1757625514204313344.000000 1.952839494 0.003693938 1.294225454 0.071223289 -0.867313325 -0.023334039 -0.492087752
1757625514237645056.000000 1.961652398 0.003831834 1.282785892 0.072533727 -0.869416475 -0.025363987 -0.488068223
1757625514270977024.000000 1.970189571 0.006395221 1.273362994 0.072339699 -0.871173620 -0.026885210 -0.484871805
1757625514304307968.000000 1.976791143 0.006231815 1.261961102 0.071660288 -0.872622311 -0.028211318 -0.482285529
1757625514337639680.000000 1.982331872 0.005960047 1.249823928 0.069840945 -0.873593271 -0.029249532 -0.480730176
1757625514370971392.000000 1.982046723 0.001373440 1.189209223 -0.066742964 0.872147977 0.029606711 0.483763158
1757625514404303104.000000 1.989624143 -0.002368242 1.250627995 0.063179381 -0.875038207 -0.029072931 -0.479031742
1757625514437634560.000000 1.993781567 -0.002793789 1.233918667 0.058336709 -0.874429643 -0.029188201 -0.480747014
1757625514470966016.000000 1.997033477 -0.003698766 1.218181849 0.053060781 -0.873253167 -0.029942639 -0.483442843
1757625514504297216.000000 2.000663280 -0.004214734 1.200133681 0.047088079 -0.871986210 -0.031512521 -0.486240476
1757625514537628672.000000 2.007964373 -0.001829267 1.196316242 0.040550191 -0.870869398 -0.032813337 -0.488738686
1757625514570960128.000000 2.013445616 -0.002312794 1.178859234 0.034565158 -0.868942201 -0.034731809 -0.492481858
1757625514604291072.000000 2.014555454 -0.010070369 1.175859094 0.029280351 -0.867073774 -0.036636844 -0.495967239
1757625514637622272.000000 2.018969059 -0.012912437 1.155911326 0.024014821 -0.864968777 -0.036753573 -0.499901563
1757625514670953216.000000 2.024382353 -0.015583247 1.137337804 0.019621277 -0.863019049 -0.036135640 -0.503495216
1757625514704285952.000000 2.029339314 -0.018285334 1.122893333 0.016208174 -0.861424327 -0.035489269 -0.506385148
1757625514737619200.000000 2.034069300 -0.019610368 1.104845285 0.013159876 -0.859554410 -0.034862235 -0.509683967
1757625514770951168.000000 2.040421486 -0.021559402 1.107090354 0.010725361 -0.858515680 -0.033630218 -0.511571109
1757625514804283904.000000 2.048840523 -0.023935631 1.048860431 -0.007314400 0.854539812 0.033606097 0.518245995
1757625514837616896.000000 2.053450584 -0.024906501 1.031334877 -0.005437758 0.851633072 0.032393795 0.523108184
1757625514870949632.000000 2.059212208 -0.024729617 1.015594482 -0.003882914 0.848376155 0.031805269 0.528423369
1757625514904282624.000000 2.056434631 -0.027635455 1.062521458 0.002597728 -0.847653031 -0.032114603 -0.529571831
1757625514937615104.000000 2.061121464 -0.025401048 1.060506582 0.000148074 -0.846063912 -0.032516710 -0.532088757
1757625514970947840.000000 2.064951658 -0.026098892 1.044847012 -0.003979646 -0.844919026 -0.032768495 -0.533874869
1757625515004280320.000000 2.068854094 -0.025622308 1.029979944 -0.008562655 -0.844879985 -0.033419732 -0.533842444
1757625515037612800.000000 2.071572304 -0.025647156 1.016059875 -0.013311171 -0.845791340 -0.034323912 -0.532242239
1757625515070945280.000000 2.074734926 -0.023198547 1.015107393 -0.017501190 -0.848073125 -0.033759054 -0.528513074
1757625515104277504.000000 2.071751118 -0.030191673 0.995819330 -0.021301528 -0.849124372 -0.033732098 -0.526684165
1757625515137609984.000000 2.072280645 -0.036870021 0.998849869 -0.023993837 -0.851355731 -0.033154204 -0.522990048
1757625515170941952.000000 2.075710297 -0.037628796 0.990183592 -0.025621260 -0.852680624 -0.033403505 -0.520733654
1757625515204273152.000000 2.078568459 -0.038240362 0.983424664 -0.025604339 -0.853553295 -0.033298209 -0.519309759
1757625515237605376.000000 2.084445000 -0.039242439 0.977898121 -0.024346916 -0.853733957 -0.032185335 -0.519143343
1757625515270937088.000000 2.089066029 -0.040306367 0.974134684 -0.022804184 -0.853460670 -0.031712707 -0.519691527
1757625515304269056.000000 2.095672846 -0.036006600 0.961078405 -0.021455768 -0.852453172 -0.031804424 -0.521394193
1757625515337601024.000000 2.102960587 -0.038016915 0.960261822 -0.020447357 -0.851877451 -0.032161541 -0.522352815
1757625515370932480.000000 2.108304024 -0.038066000 0.952879190 -0.020493383 -0.851280510 -0.033034477 -0.523268759
1757625515404264192.000000 2.114737034 -0.038046788 0.946340322 -0.020447537 -0.851007164 -0.034320395 -0.523632407
1757625515437595904.000000 2.122756720 -0.036926355 0.941165686 -0.019836258 -0.851336062 -0.036132574 -0.522998989
1757625515470927360.000000 2.131862640 -0.036003754 0.936684608 -0.018116340 -0.852127850 -0.038535666 -0.521598518
1757625515504258816.000000 2.145004988 -0.037047461 0.906419992 0.015841495 0.852820337 0.041828014 0.520285487
1757625515537590272.000000 2.142493248 -0.039010465 0.934947491 -0.012617997 -0.856266320 -0.045233425 -0.514395595
1757625515570921728.000000 2.152211666 -0.038294084 0.931913376 -0.010260579 -0.859540582 -0.047969982 -0.508707941
1757625515604252928.000000 2.161470890 -0.037932150 0.929610252 -0.008045883 -0.863778651 -0.049401600 -0.501379371
1757625515637583104.000000 2.170582294 -0.038313515 0.929142237 -0.006338051 -0.868357599 -0.049333371 -0.493438125
1757625515670914048.000000 2.178966522 -0.039504141 0.930168867 -0.005480626 -0.873252988 -0.047847304 -0.484881312
1757625515704247040.000000 2.186714649 -0.041611694 0.929853201 -0.004639330 -0.878622830 -0.045413949 -0.475329429
1757625515737580544.000000 2.201412678 -0.042479143 0.906545401 0.004176485 0.883732736 0.042437654 0.466045290
1757625515770914048.000000 2.196152210 -0.041082241 0.931239367 -0.003857076 -0.890781522 -0.038752887 -0.452760160
1757625515804247552.000000 2.200486660 -0.039524470 0.930488586 -0.004085662 -0.897834837 -0.033829723 -0.439011931
1757625515837580800.000000 2.207685947 -0.038544383 0.930098772 -0.004672275 -0.905045331 -0.028882891 -0.424307704
1757625515870914304.000000 2.215183735 -0.038087927 0.930369735 -0.005792575 -0.912226200 -0.024318175 -0.408923626
1757625515904247552.000000 2.223421574 -0.038438722 0.931224108 -0.006241799 -0.919393957 -0.018999934 -0.392829359
1757625515937580544.000000 2.231873989 -0.039084204 0.934182763 -0.007643591 -0.925966680 -0.011905576 -0.377340168
1757625515970913792.000000 2.254232407 -0.045440704 0.898871899 0.009004327 0.930991530 0.007313497 0.364856422
1757625516004246784.000000 2.260964870 -0.051231302 0.950064063 -0.007943003 -0.937710822 -0.000684541 -0.347325414
1757625516037579520.000000 2.273447514 -0.054869957 0.950318933 -0.007332618 -0.942306936 0.004749228 -0.334636331
1757625516070912512.000000 2.286578178 -0.057099722 0.949722886 -0.005623304 -0.946503758 0.008444588 -0.322533399
1757625516104244480.000000 2.298271418 -0.057949211 0.948871374 -0.003160649 -0.950373888 0.009877909 -0.310937226
1757625516137576960.000000 2.311313868 -0.058810644 0.947217882 -0.001099794 -0.953967333 0.010387232 -0.299728811
1757625516170909952.000000 2.320198774 -0.060932491 0.941608131 0.000302780 -0.957150877 0.009931237 -0.289419264
1757625516204242432.000000 2.339118242 -0.058290754 0.955682814 0.000705382 -0.960848808 0.009321022 -0.276915520
1757625516237575168.000000 2.349023342 -0.060145359 0.950932741 0.001056474 -0.963795543 0.008860338 -0.266493112
1757625516270907648.000000 2.356881618 -0.065112785 0.865901947 -0.000469446 0.964995801 -0.009321695 0.262099266
1757625516304239872.000000 2.349188566 -0.059014421 0.952695906 -0.000887709 -0.968892038 0.009611839 -0.247295588
1757625516337572608.000000 2.354290247 -0.065438822 0.886230230 0.001664284 0.969846547 -0.009158871 0.243538678
1757625516370904576.000000 2.397305012 -0.071278423 0.845073402 0.001622777 0.971820295 -0.008713922 0.235556439
1757625516404237056.000000 2.406174898 -0.066622101 0.948893189 -0.002327290 -0.975529611 0.007771202 -0.219718680
1757625516437569024.000000 2.408993959 -0.069250390 0.942819595 -0.002127389 -0.977391660 0.006843182 -0.211315587
1757625516470901248.000000 2.417594671 -0.068416953 0.938546598 -0.002198187 -0.979321480 0.006566515 -0.202191979
1757625516504233472.000000 2.426173210 -0.067937866 0.933593988 -0.001204785 -0.981157064 0.005774762 -0.193122074
1757625516537564160.000000 2.434167147 -0.069366418 0.925761819 -0.000056066 -0.982836783 0.004553493 -0.184421137
1757625516570896128.000000 2.449139833 -0.066755101 0.911244214 0.000145634 0.984388471 -0.004638960 0.175948352
1757625516604228096.000000 2.461871624 -0.064341888 0.939778686 0.000213596 -0.986320794 0.005224188 -0.164754480
1757625516637559808.000000 2.467483759 -0.063688248 0.933027267 0.000594815 -0.987701297 0.006654389 -0.156210065
1757625516670891520.000000 2.472070456 -0.064203948 0.926883221 0.000582126 -0.988872647 0.008452931 -0.148523316
1757625516704224256.000000 2.475111008 -0.065754905 0.920894742 0.000160949 -0.989926934 0.009866573 -0.141235381
1757625516737557248.000000 2.476983786 -0.068126798 0.918212235 -0.001148606 -0.990883648 0.011293530 -0.134241894
1757625516770890240.000000 2.477219343 -0.069868870 0.912654042 -0.003132674 -0.991791666 0.012735369 -0.127190083
1757625516804222720.000000 2.480674505 -0.074999996 0.890389085 0.005931354 0.992591381 -0.012322144 0.120728396
1757625516837555712.000000 2.480187893 -0.077193148 0.881306112 0.008307846 0.993387163 -0.011630006 0.113919765
1757625516870888192.000000 2.476995230 -0.086942174 0.807856083 0.012669161 0.993572176 -0.009643277 0.112075433
1757625516904221184.000000 2.473876476 -0.088635497 0.798859358 0.016999915 0.994254529 -0.009132390 0.105287962
1757625516937553152.000000 2.471340179 -0.090691283 0.790518701 0.020540914 0.994819283 -0.008326938 0.099214025
1757625516970884864.000000 2.468345404 -0.093658023 0.779929638 0.022899032 0.995258868 -0.006636619 0.094294854
1757625517004217088.000000 2.465495348 -0.091093555 0.832355678 0.024505712 0.996045113 -0.005262319 0.085241228
1757625517037549312.000000 2.461749792 -0.093895420 0.821191549 0.026685134 0.996253669 -0.002921737 0.082207575
1757625517070881536.000000 2.457452774 -0.096363470 0.811219752 0.030180458 0.996355474 -0.000644237 0.079778172
1757625517104213760.000000 2.450571775 -0.098385036 0.800010264 0.035280906 0.996355832 0.001812118 0.077634357
1757625517137545728.000000 2.465993404 -0.076252207 0.847810566 -0.044133022 -0.996358871 -0.002480471 -0.072904728
1757625517170877696.000000 2.435760498 -0.105809301 0.777755737 0.048829731 0.995826006 0.003051805 0.077051908
1757625517204209920.000000 2.426780939 -0.110142961 0.767759919 0.056442916 0.995296955 0.000864840 0.078724056
1757625517237541376.000000 2.418819427 -0.113596365 0.756615400 0.064078458 0.994656742 -0.000953103 0.080938913
1757625517270873344.000000 2.412806749 -0.118394583 0.747197986 0.071697161 0.993937910 -0.002525294 0.083309807
1757625517304205056.000000 2.432009459 -0.081241339 0.796399415 -0.081550688 -0.993250132 0.006706591 -0.082212515
1757625517337536512.000000 2.423068285 -0.084163606 0.782779396 -0.087449603 -0.992599964 0.007984525 -0.083869673
1757625517370868224.000000 2.416600227 -0.085717946 0.769011855 -0.092399329 -0.992073834 0.008078130 -0.084773757
1757625517404199680.000000 2.411319971 -0.086712003 0.750670195 0.095760718 0.991653442 -0.008330630 0.085930668
1757625517437530112.000000 2.405627966 -0.087792009 0.735106468 0.098665424 0.991215348 -0.008286533 0.087684400
1757625517470861312.000000 2.402238846 -0.087848812 0.719070852 0.100809865 0.990743637 -0.009657072 0.090395011
1757625517504192512.000000 2.398044825 -0.089102536 0.704142153 0.102234729 0.990231454 -0.010780917 0.094199263
1757625517537523712.000000 2.394446373 -0.090626478 0.689892292 0.103066690 0.989743173 -0.011159871 0.098291978
1757625517570854656.000000 2.390842199 -0.092780650 0.676222742 0.103529364 0.989336431 -0.011879205 0.101754747
1757625517604185856.000000 2.389978647 -0.086921036 0.689384282 -0.104635447 -0.989039361 0.013993905 -0.103231326
1757625517637516800.000000 2.390315533 -0.092095852 0.680608869 -0.103866108 -0.989033759 0.014870687 -0.103936926
1757625517670847744.000000 2.389490843 -0.095704973 0.670646548 -0.103042983 -0.989143252 0.015167769 -0.103671566
1757625517704180224.000000 2.389687538 -0.098114789 0.661412954 -0.101636142 -0.989345551 0.016112786 -0.102985375
1757625517737513472.000000 2.390465498 -0.099133968 0.653947830 -0.099978678 -0.989638150 0.016648307 -0.101703368
1757625517770846720.000000 2.378788471 -0.101300538 0.627030849 0.098299481 0.989860713 -0.015715934 0.101321757
1757625517804179712.000000 2.379337311 -0.102296233 0.616956115 0.096659862 0.990283608 -0.014646511 0.098897696
1757625517837512704.000000 2.374642372 -0.095118910 0.624003530 -0.095570661 -0.990695477 0.013162917 -0.095998138
1757625517870844928.000000 2.375918388 -0.095610201 0.617129803 -0.093865976 -0.991172910 0.010406049 -0.093044221
1757625517904177408.000000 2.375890970 -0.097689480 0.609640360 -0.092437103 -0.991631687 0.007595629 -0.089802146
1757625517937510144.000000 2.376523972 -0.099449426 0.603748977 -0.091394067 -0.992060006 0.007127485 -0.086100571
1757625517970843136.000000 2.378537178 -0.101291031 0.600012779 -0.090417340 -0.992495060 0.007384398 -0.081998706
1757625518004175360.000000 2.378788948 -0.107735932 0.580916584 0.089420483 0.992889464 -0.006966076 0.078269295
1757625518037508096.000000 2.380406857 -0.110084921 0.574642777 0.089369431 0.993251920 -0.006643543 0.073618807
1757625518070840576.000000 2.382229805 -0.111226082 0.567790329 0.089832999 0.993595421 -0.005715140 0.068305366
1757625518104173056.000000 2.371873856 -0.103201926 0.580491900 -0.091032445 -0.993853271 0.003421581 -0.062906228
1757625518137505280.000000 2.376247168 -0.105157346 0.573385656 -0.091262192 -0.994199216 -0.000552152 -0.056911573
1757625518170837760.000000 2.379016161 -0.105474234 0.565247357 -0.091443345 -0.994530320 -0.004956483 -0.050230868
1757625518204169984.000000 2.383790016 -0.106084108 0.556553304 -0.090775117 -0.994885683 -0.009523690 -0.043263406
1757625518237502208.000000 2.388433695 -0.107242435 0.547655404 -0.089322262 -0.995235085 -0.014049319 -0.036486167
1757625518270834176.000000 2.392783642 -0.107830703 0.539647937 -0.087873921 -0.995531082 -0.017609814 -0.029766230
1757625518304165120.000000 2.375927210 -0.104565561 0.540475965 -0.087034829 -0.995700002 -0.019657765 -0.024901180
1757625518337497088.000000 2.379169941 -0.106980234 0.535462260 -0.086199917 -0.995884359 -0.020703146 -0.018853422
1757625518370828800.000000 2.381428957 -0.108041286 0.530492902 -0.086057693 -0.995995998 -0.020823153 -0.012348416
1757625518404160768.000000 2.384039879 -0.108373970 0.525062680 -0.086269505 -0.996046185 -0.020549666 -0.005228835
1757625518437492480.000000 2.385300398 -0.109689891 0.512477160 0.087031797 0.995991051 0.020553540 -0.002214395
1757625518504155904.000000 2.384216785 -0.108837605 0.506946862 -0.087552562 -0.995783329 -0.020887772 0.017717777
1757625518537487104.000000 2.386559248 -0.108530909 0.501958370 -0.086751595 -0.995676756 -0.020876052 0.025811808
1757625518570818560.000000 2.390216589 -0.108640462 0.495179474 -0.085544243 -0.995528519 -0.020721458 0.034290202
1757625518604149760.000000 2.392781973 -0.109283030 0.487918973 -0.084156692 -0.995326340 -0.020319169 0.042781942
1757625518637481216.000000 2.396348238 -0.110209316 0.480846882 -0.081995256 -0.995163620 -0.018819112 0.050715394
1757625518704145152.000000 2.409518719 -0.117053479 0.462096572 -0.077528514 -0.994772911 -0.014673547 0.064814977
1757625518737478400.000000 2.413869619 -0.118043184 0.453777790 -0.075192824 -0.994608641 -0.012659193 0.070281535
1757625518770810624.000000 2.418174267 -0.119705543 0.446050048 -0.072637565 -0.994443536 -0.011469755 0.075328194
1757625518804143872.000000 2.422870159 -0.120416939 0.436383128 -0.070708729 -0.994223118 -0.011687350 0.079900905
1757625518837476608.000000 2.428238630 -0.121367678 0.425166726 -0.068010174 -0.994066119 -0.012840168 0.083918378
1757625518904142592.000000 2.443942785 -0.120415226 0.402297854 -0.063149258 -0.993833601 -0.012687498 0.090255499
1757625518937475328.000000 2.448772192 -0.122799978 0.393635273 -0.061759036 -0.993702173 -0.011701038 0.092763305
1757625518970808064.000000 2.455293894 -0.124974608 0.383756280 -0.060299162 -0.993542671 -0.009882309 0.095600456
1757625519004140800.000000 2.461797953 -0.128547102 0.373976707 -0.058921665 -0.993290484 -0.007732269 0.099209309
1757625519037473536.000000 2.468155622 -0.130008191 0.363830328 -0.057492416 -0.992958069 -0.005637993 0.103427298
1757625519104138496.000000 2.482980013 -0.133878440 0.339449167 -0.054366730 -0.992030084 -0.002492599 0.113641493
1757625519137470720.000000 2.488343477 -0.138100773 0.331151366 -0.053292882 -0.991437018 -0.001249776 0.119209781
1757625519170802944.000000 2.493813515 -0.141011700 0.321005464 -0.052406080 -0.990770996 -0.000165627 0.125005990
1757625519204134144.000000 2.499531746 -0.143576413 0.311259389 -0.051740699 -0.990001917 0.000232516 0.131221592
1757625519270798592.000000 2.509068966 -0.143774480 0.291827798 -0.051506415 -0.988129556 -0.000910412 0.144728303
1757625519304130560.000000 2.510179043 -0.136769444 0.283211350 -0.051944699 -0.987015903 -0.002251201 0.151975006
1757625519337462784.000000 2.511976480 -0.134905279 0.275013089 -0.052633747 -0.985847116 -0.004468339 0.159107611
1757625519370794496.000000 2.513609648 -0.133845508 0.266394258 -0.053436272 -0.984611928 -0.005898262 0.166280806
1757625519404126464.000000 2.514050007 -0.132328749 0.258391142 -0.054420106 -0.983296275 -0.006955475 0.173547223
1757625519437458176.000000 2.514222622 -0.131464198 0.251173139 -0.054785606 -0.982030749 -0.008558203 0.180391207
1757625519470789888.000000 2.515916348 -0.133533195 0.240651011 -0.054663759 -0.980864465 -0.010389942 0.186571687
1757625519537453056.000000 2.514449120 -0.133707821 0.226973057 -0.055030882 -0.978683889 -0.012435312 0.197471365
1757625519570784256.000000 2.512986183 -0.133758172 0.220479012 -0.055120829 -0.977678299 -0.013018655 0.202330142
1757625519604115968.000000 2.509357929 -0.134803280 0.214993238 -0.055845290 -0.976689935 -0.013396719 0.206830114
1757625519637446400.000000 2.503701210 -0.135903269 0.209250927 -0.057249077 -0.975689769 -0.013881964 0.211090952
1757625519670777600.000000 2.498420715 -0.136704206 0.200174093 -0.058500752 -0.974748313 -0.015602144 0.214941993
1757625519704110336.000000 2.490602493 -0.136929020 0.195262194 -0.059819866 -0.973901808 -0.017965656 0.218206972
1757625519737443840.000000 2.481176376 -0.137986049 0.188881397 -0.060879696 -0.973206758 -0.020729519 0.220754892
1757625519804110592.000000 2.464385509 -0.134503677 0.175562620 -0.062714905 -0.972272933 -0.026667185 0.223698676
1757625519837443840.000000 2.454548120 -0.132524773 0.169744015 -0.064599842 -0.971856415 -0.029116960 0.224664763
1757625519870777088.000000 2.450560331 -0.129821196 0.158603430 -0.066589065 -0.971492767 -0.029873149 0.225555658
1757625519904110336.000000 2.438546658 -0.128629521 0.153339624 -0.069166958 -0.971314847 -0.029178644 0.225636944
1757625519970776320.000000 2.415374517 -0.127786651 0.145957947 -0.073755682 -0.971030533 -0.021755390 0.226244360
1757625520004109312.000000 2.402924061 -0.126810372 0.144161940 -0.076539405 -0.970837593 -0.017454905 0.226520345
1757625520037442560.000000 2.390026093 -0.126528114 0.140908241 -0.079528958 -0.970525384 -0.013198306 0.227115750
1757625520070775040.000000 2.380563021 -0.128150195 0.135284424 -0.082955375 -0.969947517 -0.009399971 0.228543088
1757625520104107008.000000 2.365911007 -0.129128113 0.133268833 -0.085933767 -0.969380975 -0.006720927 0.229936585
1757625520137439744.000000 2.352551937 -0.129231215 0.129429102 -0.088489801 -0.968684673 -0.004285449 0.231951058
1757625520204104704.000000 2.325944901 -0.131325409 0.119703293 -0.091920696 -0.967195153 0.000842664 0.236819565
1757625520237437184.000000 2.313237667 -0.132805645 0.113987684 -0.092667185 -0.966620088 0.004163918 0.238832861
1757625520270769920.000000 2.303503990 -0.132752120 0.106522560 -0.092678137 -0.966241896 0.007400301 0.240276366
1757625520304101888.000000 2.292263985 -0.132828534 0.101563931 -0.092734188 -0.966039181 0.010331539 0.240960449
1757625520337434368.000000 2.281702042 -0.134176448 0.095717192 -0.092686303 -0.965967655 0.012750831 0.241149694
1757625520404099072.000000 2.259701252 -0.135686398 0.081798792 -0.091444977 -0.966541290 0.016151860 0.239112899
1757625520437430784.000000 2.249651194 -0.135292649 0.074333906 -0.091218479 -0.966927290 0.016398897 0.237617090
1757625520470763008.000000 2.233220100 -0.137272745 0.068213463 -0.092008822 -0.967441618 0.014385341 0.235338569
1757625520504094976.000000 2.223655224 -0.134341314 0.059791088 -0.093470395 -0.967564821 0.011348234 0.234420463
1757625520570757632.000000 2.204867840 -0.130970016 0.042893410 -0.097529031 -0.966949046 0.003129099 0.235558569
1757625520604089344.000000 2.195411682 -0.129514575 0.035137892 -0.099668056 -0.966279447 -0.000723477 0.237423241
1757625520637421056.000000 2.186423063 -0.129540652 0.027567983 -0.101831742 -0.965441585 -0.004321038 0.239862919
1757625520670752768.000000 2.170052052 -0.128243983 0.024556875 -0.103430241 -0.964875281 -0.006343682 0.241407871
1757625520704085760.000000 2.163637161 -0.129494250 0.020317078 -0.104255579 -0.964229524 -0.006919872 0.243606865
1757625520737419264.000000 2.154939651 -0.129510134 0.013358235 -0.105125487 -0.963689208 -0.006987724 0.245363086
1757625520770752512.000000 2.148535490 -0.129534543 0.007284880 -0.106100023 -0.963248134 -0.006395604 0.246687829
1757625520804085760.000000 2.143017292 -0.129550844 0.001495957 -0.107295297 -0.962859571 -0.005913115 0.247697815
1757625520870751744.000000 2.131999016 -0.128577799 -0.012166262 -0.110031717 -0.961719394 -0.008337842 0.250837237
1757625520904084736.000000 2.129547119 -0.128433049 -0.020628452 -0.111251272 -0.960732281 -0.010312404 0.253988892
1757625520937417728.000000 2.118847847 -0.125170946 -0.034112334 0.112025775 0.959724903 0.012923479 -0.257315785
1757625520970749696.000000 2.113383770 -0.128409386 -0.036458611 -0.112142079 -0.958637536 -0.016403709 0.261092216
1757625521004082176.000000 2.109786510 -0.129551470 -0.044722557 -0.111690812 -0.957265913 -0.019514374 0.266056925
1757625521070747648.000000 2.105597019 -0.129900396 -0.061625123 -0.108024143 -0.954332650 -0.022566501 0.277616233
1757625521137412608.000000 2.102831364 -0.131182134 -0.074787617 -0.102224343 -0.950602770 -0.021688962 0.292291313
1757625521170744832.000000 2.103790998 -0.131228641 -0.081924915 -0.098625831 -0.948222995 -0.019466927 0.301275849
1757625521204077312.000000 2.106372595 -0.134618863 -0.087900162 -0.094541758 -0.945546508 -0.016157579 0.311034769
1757625521237409280.000000 2.110747814 -0.126915023 -0.103534937 0.090246290 0.942621946 0.011372874 -0.321232289
1757625521270741760.000000 2.107697010 -0.130782604 -0.110808611 -0.085695334 -0.939893663 -0.006846095 0.330468535
1757625521337405696.000000 2.111970901 -0.136981219 -0.122574568 -0.073945977 -0.934660733 0.003864385 0.347744912
1757625521370737664.000000 2.117554665 -0.141968712 -0.130571365 -0.068081774 -0.932202280 0.009306873 0.355355114
1757625521404069888.000000 2.121529818 -0.145684436 -0.139325380 -0.062196791 -0.929901898 0.015070575 0.362197518
1757625521437400576.000000 2.124549389 -0.149236903 -0.149860859 -0.056184363 -0.928001285 0.019120298 0.367819786
1757625521504064000.000000 2.124289513 -0.151071548 -0.185354233 -0.045317136 -0.924970925 0.024360549 0.376539260
1757625521537395712.000000 2.123524189 -0.151607662 -0.196361303 -0.042368650 -0.923456371 0.026907332 0.380406827
1757625521570727424.000000 2.123239756 -0.152179614 -0.207903624 -0.040442929 -0.921647727 0.028342554 0.384872288
1757625521637390080.000000 2.120948792 -0.149278581 -0.233352661 -0.040273882 -0.917174935 0.026931025 0.395528644
1757625521670721792.000000 2.119472504 -0.147643626 -0.245454073 -0.040070917 -0.914818048 0.024740636 0.401111215
1757625521704085760.000000 2.118100882 -0.145711973 -0.255933523 -0.039807908 -0.912406087 0.023929438 0.406642288
1757625521737497344.000000 2.111243725 -0.151335582 -0.278705359 -0.038509797 -0.909960628 0.021635666 0.412335694
1757625521770909184.000000 2.109995842 -0.149451986 -0.288565397 -0.038325295 -0.907609999 0.019374780 0.417612284
1757625521804321280.000000 2.106215000 -0.147821337 -0.298841238 -0.039035399 -0.905118585 0.016747799 0.423032075
1757625521871146240.000000 2.098120928 -0.147774011 -0.315227270 -0.043018218 -0.898396969 0.013857130 0.436852872
1757625521904559872.000000 2.092850685 -0.150200412 -0.320258856 -0.045302559 -0.894672871 0.013869669 0.444202363
1757625521937974016.000000 2.086074352 -0.153758764 -0.322197914 -0.047132544 -0.891002357 0.014965157 0.451297551
1757625521971388160.000000 2.087332010 -0.156182706 -0.344929218 0.048570909 0.886379302 -0.016313937 -0.460115790
1757625522004802816.000000 2.072801352 -0.155191094 -0.342009068 -0.050218258 -0.883074760 0.017385930 0.466213316
1757625522038218240.000000 2.069325924 -0.155738056 -0.347644091 -0.052297164 -0.878857493 0.017414052 0.473889589
1757625522105050368.000000 2.057589293 -0.155627117 -0.358232737 -0.057043411 -0.870116234 0.013214151 0.489355952
1757625522138466816.000000 2.050206900 -0.155202210 -0.363110065 -0.059135888 -0.866151929 0.009246558 0.496183813
1757625522171883776.000000 2.042940617 -0.155514717 -0.368523598 -0.061069772 -0.862648189 0.005845952 0.502070189
1757625522205301248.000000 2.031975508 -0.153280765 -0.379853487 0.062182724 0.859546363 -0.004217278 -0.507243276
1757625522238718976.000000 2.016371250 -0.151700348 -0.375456572 -0.062423456 -0.858061254 0.003309709 0.509728611
1757625522272137472.000000 2.006796122 -0.150870606 -0.376262903 -0.063569248 -0.856261015 0.004027517 0.512601078
1757625522338974464.000000 1.986847997 -0.152021661 -0.378615379 -0.067580536 -0.853137612 0.006278935 0.517252147
1757625522372393728.000000 1.975895286 -0.150095388 -0.379878283 -0.069254115 -0.852414548 0.007173752 0.518210351
1757625522405814016.000000 1.965143800 -0.147989422 -0.381496191 -0.071769185 -0.852048039 0.008453753 0.518451393
1757625522439234304.000000 1.954285502 -0.145513579 -0.384441853 -0.074373499 -0.852239668 0.009815289 0.517745018
1757625522472655360.000000 1.949649453 -0.142051458 -0.397136927 0.075700924 0.852265537 -0.012372007 -0.517455161
1757625522506076672.000000 1.935608268 -0.140929118 -0.396900654 0.077577055 0.853427708 -0.015425836 -0.515174747
1757625522572920576.000000 1.912019491 -0.140426904 -0.401905298 -0.081512973 -0.856095374 0.019506520 0.509976327
1757625522606343168.000000 1.899564981 -0.140258119 -0.404275417 -0.082978792 -0.857356131 0.021917978 0.507518053
1757625522639766528.000000 1.884703159 -0.140787765 -0.405967236 -0.084528707 -0.858804703 0.023136642 0.504751563
1757625522673189632.000000 1.871951699 -0.140182018 -0.408029079 -0.085125536 -0.860326767 0.024226863 0.502000690
1757625522739889920.000000 1.837983847 -0.136952221 -0.411625385 0.084848158 0.863858581 -0.027141163 -0.495794892
1757625522773215232.000000 1.826353073 -0.136686414 -0.415185690 0.083909556 0.865457416 -0.028756415 -0.493067831
1757625522806541568.000000 1.813588381 -0.139358446 -0.417614460 0.082692258 0.867109776 -0.030991850 -0.490226656
1757625522839867648.000000 1.800929666 -0.140693098 -0.418080091 0.080347732 0.869052231 -0.033737268 -0.486984938
1757625522906519808.000000 1.778177023 -0.142009109 -0.422363758 0.074795663 0.872676909 -0.038950916 -0.480961025
1757625522939845888.000000 1.766690731 -0.140962526 -0.423830271 0.072453260 0.874395907 -0.039985068 -0.478104144
1757625522973171456.000000 1.754757524 -0.133881658 -0.427884102 0.070980191 0.875647545 -0.039568726 -0.476064742
1757625523039822336.000000 1.729547620 -0.128915176 -0.434891105 0.074071258 0.876944423 -0.033594590 -0.473659575
1757625523073147648.000000 1.716205359 -0.126872241 -0.438292265 0.076490074 0.876956999 -0.028891925 -0.473561943
1757625523139798016.000000 1.688173294 -0.126527101 -0.444377184 -0.081538908 -0.876079500 0.018381706 0.474866480
1757625523173122560.000000 1.675606489 -0.127746418 -0.448354840 -0.082656495 -0.875585556 0.014550460 0.475716501
1757625523206446592.000000 1.667864561 -0.120853677 -0.458599567 -0.082956843 -0.875047565 0.012418534 0.476713568
1757625523239770880.000000 1.658161879 -0.120618716 -0.464485645 -0.084168442 -0.874570370 0.009983829 0.477433443
1757625523306419968.000000 1.641452789 -0.118496366 -0.472571969 -0.087744728 -0.873258591 0.005185911 0.479263425
1757625523339744256.000000 1.632846951 -0.117386937 -0.476137877 -0.089225575 -0.871582806 0.003389700 0.482048571
1757625523373068288.000000 1.623653173 -0.115912408 -0.479766488 -0.091493316 -0.869286656 0.001427040 0.485765219
1757625523439716352.000000 1.600222349 -0.108618639 -0.481844664 -0.096365280 -0.863546789 -0.004135569 0.494958252
1757625523473040128.000000 1.591966629 -0.107731342 -0.484077454 -0.097702071 -0.860700846 -0.006933697 0.499600291
1757625523506363904.000000 1.585214615 -0.110021360 -0.486039042 -0.098093845 -0.858055353 -0.009290696 0.504016042
1757625523573010432.000000 1.571190715 -0.111068577 -0.495672107 -0.096769415 -0.851673782 -0.012321739 0.514913321
1757625523606333696.000000 1.564885259 -0.112692907 -0.500094891 -0.095237099 -0.847565114 -0.012987913 0.521914363
1757625523639655936.000000 1.555061102 -0.103730120 -0.511575341 0.092808530 0.842658579 0.012371727 -0.530245423
1757625523672978944.000000 1.550516129 -0.107704110 -0.515385985 -0.090298742 -0.837605655 -0.012479334 0.538616061
1757625523739632128.000000 1.538975120 -0.108600080 -0.523465395 -0.085385688 -0.826296329 -0.009542504 0.556644142
1757625523772958208.000000 1.532943845 -0.108948350 -0.528700113 -0.083004549 -0.820105493 -0.007919356 0.566104710
1757625523806284288.000000 1.525842071 -0.110363014 -0.534506440 -0.080989063 -0.813474417 -0.006468405 0.575897932
1757625523839610112.000000 1.519770265 -0.112059399 -0.540444851 -0.077468038 -0.806592226 -0.002822234 0.586003304
1757625523906261248.000000 1.508023620 -0.114779375 -0.556619406 -0.073368728 -0.791836023 0.001276774 0.606309414
1757625523939586560.000000 1.491955400 -0.110883802 -0.561480641 -0.071372092 -0.784471333 0.002476648 0.616039515
1757625523972911872.000000 1.486879110 -0.109715402 -0.570198178 -0.069766104 -0.775809944 0.003414358 0.627088547
1757625524006236928.000000 1.478697777 -0.109822661 -0.579373479 -0.069109790 -0.766480803 0.004289698 0.638523817
1757625524072887040.000000 1.461051702 -0.111818694 -0.596080422 -0.067910239 -0.749635279 0.005831146 0.658332169
1757625524106210816.000000 1.450954795 -0.114638649 -0.603648901 -0.067363359 -0.743364692 0.006013552 0.665458560
1757625524139535360.000000 1.440736294 -0.117641844 -0.610456467 -0.067089923 -0.737806499 0.006558512 0.671638072
1757625524172859904.000000 1.429505110 -0.120927438 -0.616490483 0.067247309 0.732315898 -0.007382127 -0.677596331
1757625524206184448.000000 1.406042337 -0.123294383 -0.622429729 -0.067264624 -0.726655960 0.008078632 0.683652997
1757625524272832768.000000 1.386510611 -0.126153469 -0.634296060 -0.068784520 -0.713070571 0.010435859 0.697631836
1757625524306156544.000000 1.376838446 -0.126757368 -0.639666200 -0.069556274 -0.706228912 0.010960073 0.704473317
1757625524339480320.000000 1.366661549 -0.126633480 -0.644163489 0.070412263 0.699995458 -0.010464160 -0.710590601
1757625524372804096.000000 1.357074022 -0.125971794 -0.650714636 0.071267948 0.693953156 -0.009651105 -0.716419399
1757625524406127616.000000 1.349684000 -0.125042617 -0.658168435 0.071179464 0.688379467 -0.008944252 -0.721794486
1757625524439451136.000000 1.342199326 -0.125389799 -0.664110661 0.070989773 0.683216751 -0.008219035 -0.726710260
1757625524472774400.000000 1.334105968 -0.119316354 -0.677572966 -0.069262668 -0.678089797 0.007675474 0.731667995
1757625524539419648.000000 1.320437193 -0.121854737 -0.686653495 -0.067386270 -0.669646323 0.007355769 0.739580214
1757625524572742656.000000 1.313733101 -0.123285972 -0.690641999 -0.066872098 -0.666238070 0.006831901 0.742703378
1757625524606065408.000000 1.306885004 -0.125041977 -0.695334196 -0.066673398 -0.663333416 0.005923046 0.745324373
1757625524639388160.000000 1.299107432 -0.125763118 -0.699207306 -0.066545464 -0.660482287 0.006057539 0.747862399
1757625524672710656.000000 1.291715622 -0.127181023 -0.701900721 -0.066795081 -0.657639444 0.006025179 0.750341594
1757625524739507968.000000 1.275975466 -0.117319092 -0.715038538 -0.065477490 -0.650496125 0.004492749 0.756668508
1757625524772954624.000000 1.267145038 -0.117472492 -0.716186166 -0.065600254 -0.647377253 0.003307197 0.759334207
1757625524806402304.000000 1.259635687 -0.115838364 -0.716704726 -0.065973870 -0.645066679 0.002069815 0.761270046
1757625524839851008.000000 1.250543594 -0.115357518 -0.717087388 -0.067008913 -0.643521011 0.000235090 0.762489617
1757625524873300224.000000 1.241620898 -0.115568966 -0.717760563 -0.068210095 -0.642662942 -0.001906341 0.763104320
1757625524940201984.000000 1.225598454 -0.111876465 -0.728023648 -0.069955625 -0.641572595 -0.005915972 0.763842881
1757625524973653248.000000 1.214769602 -0.110670060 -0.724694729 -0.070334308 -0.642546713 -0.006498964 0.762983978
1757625525007106560.000000 1.204972029 -0.109416559 -0.720657229 -0.070126593 -0.643899024 -0.005520470 0.761870027
1757625525074015744.000000 1.184885025 -0.106546044 -0.712967634 -0.070270404 -0.647867322 -0.001745441 0.758503139
1757625525107471360.000000 1.173961997 -0.103461459 -0.707088828 -0.071027152 -0.650654376 0.000469318 0.756044924
1757625525140928512.000000 1.161885381 -0.102271929 -0.701503396 -0.072669245 -0.653990209 0.001844560 0.753002465
1757625525174386176.000000 1.150118947 -0.101377100 -0.696362615 -0.074290700 -0.657894254 0.003526335 0.749428868
1757625525241304320.000000 1.123259306 -0.098602399 -0.685836673 -0.077733800 -0.665391803 0.008410077 0.742388427
1757625525274765312.000000 1.111034393 -0.096916363 -0.681831121 -0.079057977 -0.668547988 0.010971337 0.739373446
1757625525308226560.000000 1.098561287 -0.096472576 -0.676657677 -0.079439275 -0.671112716 0.013683764 0.736959934
1757625525341688832.000000 1.087164044 -0.096061759 -0.672569036 -0.078845836 -0.672842503 0.016280932 0.735391915
1757625525408616448.000000 1.063865423 -0.094402432 -0.666409850 -0.073997311 -0.676394939 0.018462073 0.732580006
1757625525442080512.000000 1.054053426 -0.092781626 -0.663656473 -0.070458129 -0.678732812 0.019022359 0.730750144
1757625525475546624.000000 1.046630383 -0.095609337 -0.662901521 -0.067171417 -0.681007743 0.018941581 0.728942931
1757625525509013760.000000 1.033823609 -0.089903533 -0.658606291 -0.063422628 -0.683200657 0.019463062 0.727210879
1757625525575950336.000000 1.015658021 -0.084241912 -0.655041575 -0.056673609 -0.684731722 0.020464689 0.726300180
1757625525609420032.000000 1.007885933 -0.082856506 -0.654244244 -0.054418661 -0.684390724 0.021567721 0.726761937
1757625525642891008.000000 0.999674916 -0.082052767 -0.650969625 -0.052125610 -0.684315979 0.023763649 0.726931870
1757625525709804288.000000 0.986549973 -0.082716808 -0.646256447 -0.045516137 -0.683664024 0.031224482 0.727706552
1757625525743130368.000000 0.976974249 -0.084222846 -0.642166138 -0.043295562 -0.682686806 0.033369668 0.728663623
1757625525776456704.000000 0.967993081 -0.086559281 -0.638770282 -0.042897411 -0.680898309 0.034671776 0.730297983
1757625525843108608.000000 0.944859505 -0.088888071 -0.626935959 -0.044116881 -0.676603079 0.035464704 0.734169126
1757625525876433408.000000 0.934754193 -0.087708011 -0.624438167 -0.045211013 -0.674157381 0.034511510 0.736394465
1757625525909758976.000000 0.924427152 -0.086498849 -0.623090386 -0.047746509 -0.671700239 0.032882947 0.738551259
1757625525976409856.000000 0.901131511 -0.081474699 -0.618333995 -0.055047199 -0.668032110 0.027293740 0.741591573
1757625526009735424.000000 0.889265060 -0.079192348 -0.617092192 -0.058607943 -0.666243374 0.024535682 0.743022859
1757625526043060224.000000 0.877844572 -0.077094346 -0.616395116 -0.061314285 -0.664464533 0.021777788 0.744481862
1757625526076385280.000000 0.866699040 -0.078112230 -0.616270304 -0.064176992 -0.662649751 0.018534906 0.745944500
1757625526143034880.000000 0.845150054 -0.076940730 -0.618149281 -0.068331666 -0.658654213 0.012061264 0.749239624
1757625526176359680.000000 0.834184170 -0.076694906 -0.619538307 -0.069175661 -0.655750453 0.009864960 0.751737177
1757625526209684224.000000 0.823449850 -0.076867595 -0.620863676 -0.069463462 -0.651872814 0.008550833 0.755091727
1757625526243008256.000000 0.812635064 -0.076415896 -0.621491969 -0.069758169 -0.647156835 0.007290010 0.759123743
1757625526309655552.000000 0.791107059 -0.073459052 -0.625202477 -0.070615262 -0.637138247 0.004026177 0.767497361
1757625526342979328.000000 0.775342464 -0.070514366 -0.624376416 -0.071014106 -0.632445157 0.002799802 0.771337986
1757625526376303104.000000 0.764121413 -0.068818428 -0.627167404 -0.070998304 -0.627611101 0.002053354 0.775280178
1757625526409626880.000000 0.752172410 -0.067887962 -0.629849494 -0.070081726 -0.622776628 0.001948726 0.779252231
1757625526476273920.000000 0.732238412 -0.067858294 -0.636764169 -0.065570042 -0.611515105 0.005627426 0.788491130
1757625526509597184.000000 0.722065687 -0.067881808 -0.640615582 -0.062818162 -0.604947150 0.008038999 0.793743193
1757625526542920192.000000 0.710313559 -0.069049582 -0.644096136 -0.061379559 -0.598406255 0.009075572 0.798786700
1757625526576243200.000000 0.691981912 -0.070910640 -0.643224657 -0.059323054 -0.592145145 0.009275102 0.803591251
1757625526609566208.000000 0.679862618 -0.072353050 -0.646771789 -0.057154734 -0.586064279 0.009409705 0.808191538
1757625526676211456.000000 0.656080008 -0.074763216 -0.655924380 -0.053887885 -0.576330304 0.008362336 0.815395415
1757625526709538560.000000 0.644480228 -0.075503558 -0.660042703 -0.053089026 -0.571761787 0.008358489 0.818657577
1757625526742942208.000000 0.632882118 -0.075384155 -0.664660990 -0.052422639 -0.566520154 0.008979652 0.822329819
1757625526776345856.000000 0.622662306 -0.074827343 -0.669166088 -0.051677492 -0.560953796 0.009447685 0.826178610
1757625526843155456.000000 0.597785354 -0.071335480 -0.674335659 -0.048355851 -0.551383018 0.011978433 0.832763553
1757625526876560384.000000 0.590051115 -0.070578769 -0.677842200 -0.045758225 -0.547748625 0.013799038 0.835276783
1757625526909966336.000000 0.582081556 -0.069368333 -0.682236075 -0.043316964 -0.544807017 0.015345085 0.837301373
1757625526943372288.000000 0.574375153 -0.068144724 -0.686372638 -0.041432284 -0.542115331 0.016332613 0.839123189
1757625526976778752.000000 0.566669643 -0.068362311 -0.689507365 -0.039639242 -0.538965285 0.017157204 0.841219902
1757625527010185472.000000 0.560790658 -0.068566807 -0.692889810 -0.037565053 -0.535159171 0.018215474 0.843719065
1757625527043592704.000000 0.549448431 -0.065107770 -0.692873716 -0.034969959 -0.531502843 0.019283589 0.846114695
1757625527110408192.000000 0.535605311 -0.063265614 -0.697114110 -0.031920847 -0.524047554 0.019532934 0.850866437
1757625527143816448.000000 0.527054191 -0.063341916 -0.698527217 -0.031958401 -0.520725548 0.018451774 0.852926254
1757625527177225216.000000 0.519468069 -0.062877908 -0.698590279 -0.031757634 -0.517467320 0.017806560 0.854928076
1757625527210632960.000000 0.512031615 -0.063717119 -0.698717117 -0.031116817 -0.513976753 0.017873779 0.857053220
1757625527244042496.000000 0.504340768 -0.063659228 -0.697792947 -0.030730780 -0.509762585 0.017938880 0.859578967
1757625527277452288.000000 0.499407887 -0.062839657 -0.699349046 -0.029777106 -0.504614115 0.017998246 0.862643659
1757625527310862336.000000 0.488394082 -0.062808856 -0.693513632 -0.029223081 -0.500265062 0.017457072 0.865202963
1757625527377683712.000000 0.473493814 -0.062864080 -0.689228952 -0.028792746 -0.492180526 0.015517278 0.869878471
1757625527411094784.000000 0.465439439 -0.061426796 -0.686330080 -0.029083453 -0.489643633 0.014322056 0.871319771
1757625527444506112.000000 0.458037943 -0.060698863 -0.682565451 -0.030095784 -0.487963080 0.013034351 0.872247934
1757625527477918208.000000 0.450311273 -0.059764892 -0.678085566 -0.031447794 -0.486900210 0.011913921 0.872810006
1757625527511330304.000000 0.442736000 -0.058245413 -0.673470199 -0.032914493 -0.486009747 0.010583496 0.873269260
1757625527544742912.000000 0.435167402 -0.055701382 -0.667557478 -0.033793669 -0.486078233 0.009570769 0.873209298
1757625527578156032.000000 0.426952899 -0.053661637 -0.662145555 -0.034556586 -0.486656040 0.009308886 0.872860312
1757625527644982016.000000 0.413297117 -0.050109703 -0.649910629 -0.035519183 -0.490384519 0.011677848 0.870703816
1757625527678396160.000000 0.406777143 -0.048422001 -0.642551184 -0.036086693 -0.493465662 0.013447595 0.868912339
1757625527711810048.000000 0.400025845 -0.046309758 -0.634418368 -0.035641387 -0.496985435 0.016161337 0.866876006
1757625527745130240.000000 0.393657506 -0.045725398 -0.626059890 -0.035639998 -0.500711203 0.019210408 0.864666998
1757625527811770112.000000 0.380044699 -0.043229189 -0.608914554 -0.036043800 -0.508132160 0.023750469 0.860196829
1757625527845089792.000000 0.368397653 -0.041448060 -0.600772142 -0.036562342 -0.510347724 0.025711253 0.858805776
1757625527878409472.000000 0.359883249 -0.040677465 -0.591148019 -0.037767328 -0.512086213 0.027227852 0.857671320
1757625527911728896.000000 0.351112902 -0.039721221 -0.581354976 -0.039254263 -0.513561845 0.027974615 0.856697619
1757625527978366720.000000 0.331488192 -0.038374603 -0.562283397 -0.041186806 -0.516095996 0.027973831 0.855082512
1757625528011685632.000000 0.321464300 -0.038548589 -0.553437948 -0.041550204 -0.517479420 0.027366256 0.854248047
1757625528045004032.000000 0.312047601 -0.039157946 -0.545258880 -0.041332319 -0.518858671 0.026929073 0.853435516
1757625528078322432.000000 0.299956292 -0.036606882 -0.539231062 -0.040536150 -0.520205975 0.026015064 0.852681577
1757625528111640064.000000 0.290697873 -0.036839236 -0.530900002 -0.039630696 -0.522205949 0.025160056 0.851526439
1757625528144957696.000000 0.282471806 -0.036147956 -0.522741735 -0.038627647 -0.524130404 0.025053054 0.850392640
1757625528211593472.000000 0.264580131 -0.032697503 -0.507694483 -0.037812080 -0.526112616 0.023682425 0.849243820
1757625528244910848.000000 0.255840868 -0.029410034 -0.500868440 -0.038297024 -0.525605261 0.022777567 0.849560976
1757625528311545600.000000 0.239634693 -0.022997130 -0.487218499 -0.041239586 -0.522547901 0.018781472 0.851404905
1757625528344862464.000000 0.230515316 -0.021135228 -0.482086420 -0.043409169 -0.520415246 0.016079120 0.852657676
1757625528378179584.000000 0.222133636 -0.019904189 -0.475375056 -0.045996521 -0.518539429 0.013171666 0.853714108
1757625528411496192.000000 0.215033397 -0.018952873 -0.470074415 -0.048068989 -0.517266572 0.010564986 0.854408085
1757625528444812544.000000 0.208739012 -0.018778730 -0.464590698 -0.048815239 -0.516685128 0.008670012 0.854738832
1757625528478128640.000000 0.203083128 -0.018947858 -0.459216207 -0.049361899 -0.516586065 0.007620914 0.854777217
1757625528511444736.000000 0.196699321 -0.019004369 -0.454810917 -0.049919318 -0.516471207 0.007135956 0.854818523
1757625528578075392.000000 0.181130365 -0.016997805 -0.445919752 -0.050569434 -0.514330328 0.009113899 0.856051326
1757625528611390976.000000 0.174671724 -0.015923847 -0.441040099 -0.052071128 -0.512049556 0.010644875 0.857310116
1757625528644706560.000000 0.167767838 -0.015379582 -0.435929835 -0.054119062 -0.508917689 0.011503355 0.859035313
1757625528678021632.000000 0.159467012 -0.015403298 -0.430986702 -0.056584820 -0.504966557 0.011444882 0.861206174
1757625528711337216.000000 0.144190490 -0.014534242 -0.426304758 -0.058779199 -0.499946326 0.010598599 0.863994420
1757625528777974784.000000 0.127066672 -0.013340059 -0.419996232 -0.061066829 -0.488404274 0.007954850 0.870441735
1757625528811293440.000000 0.118297622 -0.012548960 -0.417683601 -0.060447633 -0.481595755 0.006704256 0.874280751
1757625528844611840.000000 0.109225579 -0.011782609 -0.416146696 -0.059366714 -0.473967999 0.005709038 0.878520012
1757625528911247872.000000 0.091294870 -0.008350609 -0.413448870 -0.056697767 -0.456698239 0.002294837 0.887810171
1757625528944565760.000000 0.078985587 -0.007101257 -0.411578536 -0.055519059 -0.447071284 0.001321506 0.892772734
1757625528977882368.000000 0.065105513 -0.007001895 -0.409698725 -0.054115638 -0.437407076 -0.000246830 0.897633851
1757625529011199744.000000 0.054963037 -0.007801030 -0.408871174 -0.051581848 -0.427862048 -0.000783852 0.902370632
1757625529077833984.000000 0.033192273 -0.008226918 -0.406210721 -0.048056561 -0.408326119 -0.002213125 0.911567628
1757625529111150848.000000 0.020785511 -0.007132857 -0.403822422 -0.047944330 -0.398565769 -0.003359182 0.915879607
1757625529144467456.000000 0.007744595 -0.005852508 -0.401215315 -0.048451353 -0.388525307 -0.004485371 0.920152485
1757625529177783808.000000 -0.006045036 -0.004385357 -0.397528648 -0.049766067 -0.378416002 -0.006514841 0.924273908
1757625529244415744.000000 -0.038495958 -0.000338142 -0.389864773 -0.053206045 -0.357005835 -0.010475172 0.932526827
1757625529277731584.000000 -0.051201373 0.001041919 -0.385277241 -0.054554217 -0.345854402 -0.011877077 0.936625659
1757625529311047424.000000 -0.062834352 0.002070729 -0.380835593 -0.055816643 -0.335322887 -0.013093538 0.940357208
1757625529377677824.000000 -0.086357221 0.004074263 -0.373915970 -0.057421412 -0.315129369 -0.014906686 0.947192729
1757625529410992896.000000 -0.096906923 0.004029286 -0.370642006 -0.057660606 -0.305410475 -0.015312525 0.950350106
1757625529444306944.000000 -0.111734606 0.003927032 -0.367351919 -0.058402356 -0.295058668 -0.015370010 0.953568757
1757625529510936064.000000 -0.138244718 0.000791833 -0.362709731 -0.061038718 -0.273975641 -0.017428357 0.959639490
1757625529544250368.000000 -0.147474691 0.001281627 -0.360352665 -0.062596910 -0.263908058 -0.018414943 0.962338388
1757625529577564160.000000 -0.156431615 0.002803477 -0.358886600 -0.064073987 -0.253928721 -0.019714613 0.964896977
1757625529644191744.000000 -0.174278796 0.003722185 -0.355406731 -0.065186098 -0.236611351 -0.023042275 0.969141364
1757625529677505024.000000 -0.182939693 0.005364146 -0.354407072 -0.064418219 -0.228287995 -0.024180790 0.971159220
1757625529710818816.000000 -0.190119177 0.006839000 -0.353459537 -0.063702509 -0.220535889 -0.024812005 0.972980082
1757625529744169728.000000 -0.215327695 0.011820423 -0.342539400 -0.063987836 -0.212294683 -0.026469450 0.974749148
1757625529810913280.000000 -0.229010463 0.014536248 -0.336864829 -0.066527419 -0.195056558 -0.027716121 0.978140533
1757625529844291584.000000 -0.233542576 0.016584981 -0.333690017 -0.067810781 -0.186317936 -0.028613608 0.979728878
1757625529911047680.000000 -0.244279563 0.017947037 -0.326533884 -0.069534026 -0.169177607 -0.030528618 0.982655585
1757625529944426240.000000 -0.249139100 0.017581046 -0.322825581 -0.069113731 -0.160995260 -0.031043639 0.984042764
1757625529977805312.000000 -0.243893996 0.020844243 -0.316311568 -0.068932340 -0.153417885 -0.030787706 0.985273242
1757625530044563712.000000 -0.248347610 0.021685373 -0.304645389 -0.069754623 -0.136532232 -0.031369749 0.987678707
1757625530077943040.000000 -0.250212342 0.023160072 -0.298076600 -0.070390865 -0.127826497 -0.031762831 0.988785446
1757625530111322880.000000 -0.252028555 0.023872904 -0.290766805 -0.071684860 -0.119782761 -0.032293808 0.989682019
1757625530178082816.000000 -0.256016344 0.027300751 -0.274134427 -0.075782932 -0.103948064 -0.033276308 0.991132915
1757625530211462912.000000 -0.267765939 0.025720049 -0.267265528 -0.077507094 -0.095774107 -0.034521934 0.991780341
1757625530244843264.000000 -0.267320305 0.034679845 -0.251691729 -0.077595003 -0.090993039 -0.034166571 0.992235839
1757625530311603456.000000 -0.264771819 0.040515751 -0.231529534 -0.077084623 -0.084126227 -0.032516237 0.992936790
1757625530344984576.000000 -0.263384104 0.042701520 -0.221251652 -0.076428741 -0.082659848 -0.031552680 0.993141711
1757625530378365696.000000 -0.266320527 0.031735603 -0.218904644 -0.077511713 -0.080268577 -0.030659245 0.993281901
1757625530445128448.000000 -0.264902472 0.035542887 -0.195049778 -0.077048995 -0.078241155 -0.027960381 0.993559301
1757625530478509824.000000 -0.264393091 0.036336213 -0.183820084 -0.078141317 -0.077396818 -0.026959902 0.993567765
1757625530511891968.000000 -0.263482273 0.037158020 -0.171883598 -0.078299239 -0.076654226 -0.025290444 0.993656814
1757625530578656000.000000 -0.262373835 0.036484301 -0.151188493 -0.074961543 -0.076455034 -0.022612054 0.993994057
1757625530612038400.000000 -0.262714475 0.035286732 -0.141813129 -0.072080933 -0.077807210 -0.022532810 0.994103968
1757625530678803712.000000 -0.262656003 0.030143009 -0.122681811 -0.067286849 -0.084323816 -0.023108425 0.993895411
1757625530712186624.000000 -0.261096030 0.032125510 -0.113208637 -0.064895056 -0.089177884 -0.023850411 0.993613243
1757625530778913024.000000 -0.258202434 0.036370311 -0.092764571 -0.062430199 -0.097700492 -0.024282891 0.992958963
1757625530812226048.000000 -0.257044464 0.038556214 -0.081992343 -0.063111506 -0.100297593 -0.024458360 0.992652595
1757625530878851584.000000 -0.257107437 0.041753046 -0.067147426 -0.062853225 -0.101467118 -0.024287071 0.992554307
1757625530912164096.000000 -0.254879028 0.043003615 -0.058350593 -0.060433809 -0.100622982 -0.023414657 0.992811441
1757625530978787840.000000 -0.251022816 0.045036640 -0.041253310 -0.057730954 -0.096941292 -0.022847233 0.993351698
1757625531012099584.000000 -0.250098169 0.045998957 -0.033126246 -0.058177017 -0.094372310 -0.022567386 0.993579447
1757625531045410816.000000 -0.249683365 0.047185831 -0.024271445 -0.059874244 -0.091747351 -0.022628523 0.993723035
1757625531112032768.000000 -0.247730941 0.046929281 -0.006749995 -0.063112162 -0.087615244 -0.023839470 0.993867338
1757625531145343488.000000 -0.248101801 0.047243074 0.001533100 -0.063796498 -0.085753091 -0.024454646 0.993971050
1757625531211963136.000000 -0.248103142 0.049520299 0.019039271 -0.068216234 -0.082280949 -0.024586132 0.993967831
1757625531278582528.000000 -0.247321576 0.050368853 0.031549226 -0.074929513 -0.076171644 -0.024758251 0.993967116
1757625531311891968.000000 -0.245864838 0.052301478 0.040303245 -0.078937165 -0.071660042 -0.024409477 0.994000971
1757625531345201152.000000 -0.244461536 0.054584280 0.048091769 -0.083689466 -0.066233128 -0.023875479 0.994001627
1757625531411818496.000000 -0.243131950 0.058262553 0.064577632 -0.094068870 -0.054218166 -0.023446959 0.993811727
1757625531445127168.000000 -0.242210165 0.059901427 0.073141344 -0.097775683 -0.047866359 -0.023410888 0.993781030
1757625531511742976.000000 -0.243201688 0.061908253 0.087423712 -0.100579478 -0.035598245 -0.023760239 0.994008124
1757625531545050880.000000 -0.244503126 0.062061481 0.094670147 -0.100055590 -0.029201578 -0.024279734 0.994256854
1757625531578358272.000000 -0.247395620 0.061926235 0.102572016 -0.099575765 -0.022308163 -0.025179837 0.994461179
1757625531644971264.000000 -0.250662088 0.061571643 0.114601359 -0.097604267 -0.007458676 -0.027079262 0.994828880
1757625531678277888.000000 -0.252282917 0.062009297 0.121245161 -0.095347710 0.000536304 -0.027910843 0.995052516
1757625531744890624.000000 -0.256187141 0.061937723 0.135321468 -0.090845682 0.016132822 -0.029288150 0.995303512
1757625531778231040.000000 -0.258163482 0.062396888 0.143626735 -0.087753780 0.024118239 -0.029659973 0.995408416
1757625531811622144.000000 -0.260177046 0.062299486 0.152216613 -0.084848911 0.032085765 -0.030006196 0.995424926
1757625531845013248.000000 -0.262885451 0.061974965 0.161829621 -0.083547875 0.040519621 -0.029993083 0.995227754
1757625531878404608.000000 -0.265167773 0.062259972 0.171842694 -0.081819385 0.048960313 -0.030581523 0.994974017
1757625531945188096.000000 -0.272928178 0.064195596 0.193321005 -0.078929946 0.064487442 -0.032917749 0.994247437
1757625531978579968.000000 -0.271808028 0.064379022 0.208284080 -0.078448489 0.070088230 -0.033802073 0.993876755
1757625532011972352.000000 -0.274706841 0.064947695 0.219073698 -0.078007087 0.075329229 -0.034990873 0.993486881
1757625532045364992.000000 -0.280501395 0.066452876 0.226558715 -0.077900715 0.080706306 -0.035829823 0.993042946
1757625532078757888.000000 -0.283151209 0.067739889 0.240156651 -0.078190416 0.085581519 -0.036235970 0.992597163
1757625532145543168.000000 -0.288456351 0.068798386 0.261885941 -0.079386942 0.097185411 -0.035206862 0.991470218
1757625532178936832.000000 -0.290873736 0.068005137 0.272345006 -0.079590157 0.103833333 -0.034527857 0.990803719
1757625532212330496.000000 -0.292913646 0.067929268 0.282951772 -0.078862771 0.111058146 -0.033807963 0.990102947
1757625532245724672.000000 -0.295536757 0.068395853 0.293100715 -0.078391641 0.119171947 -0.033403009 0.989210308
1757625532279119104.000000 -0.298504442 0.068304889 0.302506536 -0.078258023 0.127671316 -0.033508036 0.988156378
1757625532312513280.000000 -0.301509947 0.068553261 0.312591225 -0.078214869 0.135333225 -0.033916891 0.987125635
1757625532379303168.000000 -0.308030605 0.071611039 0.332254350 -0.079240248 0.147783890 -0.035836473 0.985188663
1757625532412698624.000000 -0.311385512 0.072828114 0.341722369 -0.079602540 0.153133437 -0.036624491 0.984313071
1757625532446094336.000000 -0.314828426 0.074237436 0.350687891 -0.079855531 0.159045190 -0.037199143 0.983333111
1757625532479490048.000000 -0.315503895 0.077907644 0.360511094 -0.080311179 0.165180922 -0.038033579 0.982251942
1757625532546281216.000000 -0.323393375 0.077413209 0.376917750 -0.080115139 0.178864315 -0.038731445 0.979841352
1757625532613074688.000000 -0.328622669 0.078946590 0.391806513 -0.079186849 0.192816153 -0.040599644 0.977191448
1757625532646471680.000000 -0.329885125 0.080292940 0.399405867 -0.079816818 0.199811220 -0.041746721 0.975685418
1757625532679868928.000000 -0.331511945 0.081545778 0.407277584 -0.081385776 0.207497641 -0.043041315 0.973893523
1757625532713266688.000000 -0.332444370 0.083306044 0.414266706 -0.083238609 0.215137631 -0.044129353 0.972028673
1757625532746664192.000000 -0.333742112 0.084311619 0.420579016 -0.085410088 0.221686095 -0.045385662 0.970309556
1757625532813345024.000000 -0.333638936 0.087445669 0.434360296 -0.090637155 0.231303200 -0.046422686 0.967537463
1757625532846650368.000000 -0.332658798 0.088376150 0.441269249 -0.092567056 0.235207736 -0.046340667 0.966416717
1757625532879955200.000000 -0.329897821 0.088357978 0.447559595 -0.093304791 0.239532545 -0.045410164 0.965327024
1757625532913260288.000000 -0.325896442 0.086270995 0.452802122 -0.093977213 0.244023949 -0.044085037 0.964197695
1757625532946564608.000000 -0.322446376 0.086479247 0.458513141 -0.095138848 0.249300584 -0.042623341 0.962798595
1757625533013171712.000000 -0.315793276 0.089928202 0.469438314 -0.097387753 0.261119455 -0.039501056 0.959568679
1757625533046475264.000000 -0.310280621 0.087852478 0.476297140 -0.099344827 0.266274750 -0.038540319 0.957989097
1757625533079778560.000000 -0.305767834 0.090910189 0.481029958 -0.101210900 0.271242052 -0.037585642 0.956436872
1757625533113081344.000000 -0.299539477 0.090911336 0.486939669 -0.103043467 0.275672138 -0.036364410 0.955020726
1757625533146383872.000000 -0.293318629 0.091173492 0.491951525 -0.104351819 0.279583752 -0.035378169 0.953777850
1757625533179686144.000000 -0.286338687 0.092230856 0.496890485 -0.104799531 0.282916099 -0.034804478 0.952766657
1757625533212988160.000000 -0.279492825 0.092809707 0.501049280 -0.105127849 0.285301149 -0.033812251 0.952054679
1757625533246289664.000000 -0.272192210 0.093150377 0.504526138 -0.104801640 0.287015378 -0.032092828 0.951634824
1757625533312892160.000000 -0.255775034 0.091669440 0.511503518 -0.099764906 0.288384944 -0.026929291 0.951922297
1757625533346192896.000000 -0.244294375 0.088732913 0.515595496 -0.095274597 0.288211256 -0.023950960 0.952514231
1757625533379493120.000000 -0.234496102 0.087324873 0.520566285 -0.090962775 0.288450629 -0.020750538 0.952938378
1757625533446092032.000000 -0.214995384 0.082832985 0.522300124 -0.083556503 0.289417475 -0.014288566 0.953442037
1757625533479391488.000000 -0.205519497 0.082692355 0.533845544 -0.080499321 0.291022569 -0.012511283 0.953241408
1757625533512690688.000000 -0.196000561 0.079903424 0.530756593 -0.078137420 0.291583449 -0.011059640 0.953284562
1757625533545989632.000000 -0.189446062 0.080494560 0.538660705 -0.075911559 0.293367535 -0.010620010 0.952921927
1757625533579288064.000000 -0.180273831 0.079172634 0.544289827 -0.074297301 0.294211209 -0.010763848 0.952787399
1757625533645884160.000000 -0.162607178 0.077827007 0.554636657 -0.071308739 0.294339716 -0.011739106 0.952964544
1757625533679181568.000000 -0.153881058 0.077511348 0.559295237 -0.069389313 0.293429226 -0.011983506 0.953383923
1757625533712479232.000000 -0.144500226 0.077112913 0.564634264 -0.068183236 0.291499227 -0.011953535 0.954063177
1757625533745775872.000000 -0.134885281 0.077333771 0.569557905 -0.067336649 0.288927495 -0.011461983 0.954911172
1757625533779075328.000000 -0.125227630 0.077171139 0.574102819 -0.066251837 0.286271989 -0.010964573 0.955792308
1757625533845686272.000000 -0.106463358 0.076459162 0.582450569 -0.063479044 0.282412231 -0.011112281 0.957126141
1757625533878990336.000000 -0.096979469 0.075849153 0.586413145 -0.062099688 0.281540871 -0.010790549 0.957476854
1757625533912295168.000000 -0.086017221 0.073328041 0.584438205 -0.060036328 0.280221850 -0.010828845 0.957994878
1757625533978903808.000000 -0.069618717 0.072349630 0.599194288 -0.053849146 0.281030148 -0.013056498 0.958098054
1757625534012207616.000000 -0.061959799 0.070979379 0.594948292 -0.050638177 0.281565189 -0.014512680 0.958095133
1757625534045510912.000000 -0.055516474 0.071604393 0.605049372 -0.047977049 0.283998430 -0.016074512 0.957488775
1757625534078814208.000000 -0.049446650 0.071204521 0.601937175 -0.046508901 0.286008984 -0.016637318 0.956953049
1757625534112116992.000000 -0.042639270 0.071992077 0.605029106 -0.046053492 0.288716614 -0.016718164 0.956160188
1757625534145419520.000000 -0.036460303 0.072171651 0.608038723 -0.046236731 0.292223424 -0.016410990 0.955090761
1757625534178721792.000000 -0.030045927 0.072316796 0.612861216 -0.047184065 0.296018362 -0.016127970 0.953879833
1757625534245325312.000000 -0.018234774 0.071501054 0.622683287 -0.050591987 0.303416371 -0.014878091 0.951397777
1757625534278626560.000000 -0.012271568 0.070818156 0.627836585 -0.052011482 0.306409180 -0.014307138 0.950370252
1757625534311926528.000000 -0.007050410 0.071141824 0.632677019 -0.053374931 0.309197575 -0.013219056 0.949406862
1757625534345227264.000000 -0.001812845 0.071615592 0.638030469 -0.054631568 0.312299967 -0.011829885 0.948337674
1757625534411827456.000000 0.008777767 0.073427126 0.649166226 -0.058274060 0.320605487 -0.007982024 0.945384920
1757625534445127424.000000 0.013655268 0.074355379 0.653686583 -0.061991975 0.325779259 -0.005496732 0.943395317
1757625534478426624.000000 0.019065306 0.075953215 0.665134549 -0.066575609 0.331379861 -0.003843891 0.941137791
1757625534511725824.000000 0.023350522 0.077963881 0.677104652 -0.071137890 0.337018639 -0.002759121 0.938802600
1757625534545024512.000000 0.027664252 0.079074115 0.682874799 -0.074777089 0.342420995 -0.002792750 0.936562121
1757625534578323200.000000 0.030302122 0.079688594 0.691950560 -0.076319270 0.347824991 -0.004064507 0.934439242
1757625534644919040.000000 0.032786906 0.079599351 0.705194950 -0.074521638 0.358921170 -0.008896730 0.930345714
1757625534678216704.000000 0.034796268 0.080410630 0.712376535 -0.072885245 0.365151495 -0.011446089 0.928020000
1757625534711514112.000000 0.037041180 0.081505388 0.720417023 -0.072477825 0.372483462 -0.013528043 0.925105453
1757625534744810752.000000 0.039489776 0.082474351 0.729355633 -0.071993969 0.380916804 -0.015597623 0.921670258
1757625534778109184.000000 0.042529359 0.082872726 0.737749994 -0.071926646 0.389777601 -0.017530769 0.917928457
1757625534811414272.000000 0.045604050 0.082605839 0.746272862 -0.071639262 0.398647726 -0.018917529 0.914106190
1757625534844719104.000000 0.048758298 0.081829533 0.754497945 -0.070218258 0.406907976 -0.019988611 0.910546958
1757625534911328256.000000 0.054059729 0.081026599 0.772272706 -0.068813190 0.421052396 -0.022688895 0.904137611
1757625534944632320.000000 0.056975275 0.080840796 0.781336904 -0.067630455 0.426854670 -0.024760185 0.901447833
1757625534977936128.000000 0.059397206 0.081003197 0.790522516 -0.065941893 0.431891620 -0.026262047 0.899128318
1757625535011239168.000000 0.064901844 0.081654713 0.806504905 -0.065004922 0.436307430 -0.028043399 0.897008240
1757625535044542208.000000 0.064116076 0.079708815 0.809853256 -0.063289657 0.440116674 -0.029056849 0.895236015
1757625535077844736.000000 0.066945702 0.079541475 0.818360448 -0.061796833 0.444078475 -0.029484516 0.893367946
1757625535111147520.000000 0.069995373 0.079190135 0.824891031 -0.060827732 0.447959542 -0.029646665 0.891489446
1757625535177751552.000000 0.076378524 0.078996897 0.841908395 -0.060413066 0.457481951 -0.030315511 0.886646211
1757625535211051776.000000 0.079720676 0.078888677 0.849165142 -0.059614506 0.462117761 -0.030444514 0.884288728
1757625535244353024.000000 0.082111657 0.079074919 0.855605662 -0.058713339 0.466469407 -0.030438438 0.882061601
1757625535277653760.000000 0.085677817 0.078520447 0.862728536 -0.057876147 0.470593363 -0.030137837 0.879934072
1757625535310954240.000000 0.088978395 0.077950954 0.869910121 -0.057021357 0.474638164 -0.030148098 0.877814531
1757625535344254464.000000 0.092070892 0.078070685 0.877748966 -0.056065075 0.479232520 -0.030186748 0.875375211
1757625535377554432.000000 0.094774529 0.077699400 0.884734154 -0.055258136 0.484013081 -0.030240200 0.872790635
1757625535410854144.000000 0.102015823 0.078998141 0.892946064 -0.055009194 0.488726735 -0.029746598 0.870192707
1757625535444153088.000000 0.102429837 0.077982694 0.900905907 -0.055399325 0.493292063 -0.029797155 0.867586374
1757625535477452032.000000 0.105094671 0.078853220 0.908399761 -0.055519708 0.497551143 -0.029795483 0.865143180
1757625535510750720.000000 0.109221280 0.080318622 0.914079309 -0.055570643 0.501602948 -0.029929768 0.862792373
1757625535544049152.000000 0.108088076 0.080909923 0.920506835 -0.055227425 0.505703509 -0.030673362 0.860391259
1757625535610644736.000000 0.108968318 0.084186204 0.933806300 -0.054527197 0.514139950 -0.031602830 0.855387807
1757625535643940864.000000 0.111097544 0.085475586 0.939036310 -0.053811215 0.518742859 -0.031370118 0.852658331
1757625535677238016.000000 0.113361508 0.087122798 0.943191707 -0.053110275 0.523308218 -0.031350672 0.849908829
1757625535710534656.000000 0.115388423 0.088636726 0.946271420 -0.053032421 0.528154850 -0.031102225 0.846919537
1757625535743831040.000000 0.117999136 0.089326277 0.949672341 -0.053814583 0.533226430 -0.030489288 0.843708456
1757625535777130240.000000 0.121866733 0.090550721 0.953418732 -0.055108842 0.538108230 -0.029765816 0.840545475
1757625535810435328.000000 0.125931680 0.090178281 0.955608130 -0.056621537 0.542548776 -0.029164046 0.837606370
1757625535877045248.000000 0.134700894 0.089884028 0.961875916 -0.056283474 0.550503194 -0.028148178 0.832457900
1757625535910349568.000000 0.138270348 0.089424640 0.963547826 -0.056110833 0.554665267 -0.027222570 0.829733074
1757625535943653888.000000 0.145482630 0.090620890 0.966364264 -0.056762446 0.559065044 -0.026661126 0.826748788
1757625535976957440.000000 0.151862383 0.091116503 0.970414519 -0.058188777 0.563777030 -0.025532428 0.823478997
1757625536010260992.000000 0.161980748 0.092025012 0.973088980 -0.059942104 0.568185270 -0.024071826 0.820361495
1757625536043564288.000000 0.165022701 0.093131959 0.974464893 -0.063046105 0.571274519 -0.023280619 0.818002760
1757625536076866816.000000 0.171861202 0.094003543 0.976315379 -0.065791465 0.573101342 -0.021936048 0.816544652
1757625536143470848.000000 0.185599118 0.088263758 0.984361589 -0.070048042 0.574381828 -0.018436238 0.815376520
1757625536176772352.000000 0.193104208 0.087138072 0.984351516 -0.070507556 0.574189842 -0.016852548 0.815506458
1757625536210074112.000000 0.199853659 0.085078239 0.983968079 -0.069739453 0.572565138 -0.016356183 0.816724002
1757625536243375616.000000 0.208194315 0.085445501 0.983840287 -0.068214774 0.570019126 -0.015945371 0.818639517
1757625536276676096.000000 0.217403978 0.084184334 0.984003305 -0.067026056 0.566666782 -0.015622272 0.821067750
1757625536309977088.000000 0.226132989 0.083465092 0.982833803 -0.065809324 0.563036859 -0.015064221 0.823669732
1757625536343277568.000000 0.237045199 0.083558410 0.982763112 -0.064289592 0.559537292 -0.014824278 0.826175034
1757625536376577024.000000 0.246961683 0.081892088 0.983246446 -0.062338933 0.556690156 -0.015043695 0.828241348
1757625536409876992.000000 0.257266432 0.081065670 0.981250405 -0.061093282 0.554018855 -0.015265663 0.830119133
1757625536476475136.000000 0.279840708 0.078664199 0.981295407 -0.059761692 0.549642622 -0.014998363 0.833124518
1757625536509774080.000000 0.286289215 0.076221667 0.974058926 -0.059438180 0.547040045 -0.014119457 0.834874272
1757625536543071488.000000 0.302619785 0.078975290 0.974038720 -0.059771933 0.544592142 -0.013694914 0.836456358
1757625536576369408.000000 0.314260125 0.078459561 0.972677231 -0.060533389 0.542375028 -0.013017521 0.837851822
1757625536609667328.000000 0.331572652 0.081237026 0.973773003 -0.061303098 0.540144265 -0.012627820 0.839241743
1757625536642964736.000000 0.345015943 0.082249463 0.974309683 -0.062739842 0.537448525 -0.012344605 0.840868831
1757625536709558784.000000 0.368296027 0.075383559 0.979112744 -0.065795124 0.529143333 -0.011533407 0.845899105
1757625536742855424.000000 0.380803943 0.072369300 0.979226887 -0.066827402 0.523872852 -0.011257985 0.849096417
1757625536776154368.000000 0.393563539 0.070740774 0.980871975 -0.067746893 0.518572628 -0.011368423 0.852269709
1757625536809459968.000000 0.404821277 0.070765339 0.979859471 -0.068554141 0.513123512 -0.011938923 0.855489492
1757625536842765312.000000 0.416414291 0.070043951 0.978980064 -0.069267444 0.507286727 -0.012748683 0.858894527
1757625536909375488.000000 0.438962102 0.068412438 0.976806164 -0.072301909 0.493347347 -0.013186064 0.866721988
1757625536942679808.000000 0.449679226 0.067726344 0.974952042 -0.073149204 0.486285746 -0.012864434 0.870637655
1757625536975983104.000000 0.461376131 0.065891042 0.973724246 -0.074458428 0.479851007 -0.012604731 0.874093890
1757625537009287168.000000 0.472850323 0.064822443 0.971329331 -0.076382048 0.474219054 -0.011663055 0.877009749
1757625537042590720.000000 0.483296573 0.064948328 0.969293356 -0.078139961 0.469636470 -0.010465759 0.879332900
1757625537075893760.000000 0.500101566 0.067306146 0.962527156 -0.079274431 0.464512020 -0.009674240 0.881958425
1757625537109196544.000000 0.509625018 0.067392603 0.958380580 -0.080022477 0.460713387 -0.008391528 0.883894384
1757625537142499328.000000 0.518811703 0.066978253 0.956238151 -0.080973178 0.457563877 -0.006742849 0.885456502
1757625537175801856.000000 0.527722359 0.066939279 0.955467939 -0.081763439 0.455399990 -0.005366514 0.886508226
1757625537209103872.000000 0.536043227 0.067722566 0.951938570 -0.082342014 0.454385310 -0.003895873 0.886982918
1757625537242405376.000000 0.543357313 0.064565338 0.949443340 -0.083635613 0.454292178 -0.002507544 0.886914611
1757625537275706880.000000 0.550901532 0.064282566 0.948921561 -0.085647851 0.454137325 -0.001482061 0.886804163
1757625537342308608.000000 0.563941956 0.064070486 0.946820498 -0.088443503 0.453996867 0.000644589 0.886602640
1757625537375609088.000000 0.570726156 0.062957525 0.944672704 -0.088976584 0.453584343 0.001530259 0.886759341
1757625537408909056.000000 0.575607061 0.062143005 0.943432808 -0.088724546 0.453650594 0.002155569 0.886749387
1757625537475507200.000000 0.583314300 0.060752116 0.942268789 -0.087426275 0.453180671 0.001491699 0.887119949
1757625537508806656.000000 0.587649107 0.061488509 0.943578839 -0.087394707 0.452565402 0.000569163 0.887438118
1757625537542105344.000000 0.591982484 0.061515681 0.945169687 -0.087957241 0.451753527 -0.000234788 0.887796342
1757625537575404288.000000 0.599624336 0.062590763 0.949411273 -0.088630460 0.450831801 -0.000652350 0.888197601
1757625537608702208.000000 0.602020681 0.062906958 0.949179113 -0.089887276 0.449816763 -0.001786536 0.888584316
1757625537675297792.000000 0.608742416 0.064546734 0.957716942 -0.093566269 0.447456330 -0.005848978 0.889378428
1757625537708594944.000000 0.610958219 0.065492570 0.960887492 -0.093842641 0.445909381 -0.008905088 0.890100598
1757625537741892096.000000 0.613399267 0.067539081 0.964682102 -0.092874847 0.444014460 -0.011378895 0.891120672
1757625537775201024.000000 0.622616112 0.066491872 0.966389656 -0.092584185 0.441846073 -0.013668595 0.892195821
1757625537841898496.000000 0.628347516 0.068092331 0.974664152 -0.092586823 0.440008461 -0.019303396 0.892999232
1757625537875246592.000000 0.626229823 0.067924343 0.982618868 -0.093084596 0.439712256 -0.023266071 0.892998934
1757625537908595712.000000 0.635740995 0.065889478 0.986014962 -0.094154142 0.438240260 -0.027061401 0.893503308
1757625537941945344.000000 0.640878320 0.065261312 0.992853045 -0.095202878 0.436883032 -0.031051241 0.893926978
1757625537975294976.000000 0.646941900 0.065315336 1.000497222 -0.096165225 0.434829384 -0.035663888 0.894652903
1757625538008645120.000000 0.653261781 0.064942114 1.007586360 -0.097441271 0.432366610 -0.039712328 0.895537436
1757625538075345920.000000 0.667744696 0.066349305 1.021214247 -0.101132281 0.426614285 -0.046362139 0.897565067
1757625538108696576.000000 0.674995422 0.068178147 1.026001692 -0.102185532 0.424031049 -0.048864625 0.898536623
1757625538142047744.000000 0.682091415 0.070424862 1.031798720 -0.102415547 0.422018558 -0.050946705 0.899341881
1757625538175398912.000000 0.687440991 0.078078501 1.043042660 -0.102504142 0.420926571 -0.053211715 0.899712384
1757625538208750592.000000 0.698439538 0.076368943 1.043753862 -0.103357732 0.418453544 -0.054553673 0.900687337
1757625538242102272.000000 0.703114390 0.078408726 1.054018259 -0.104841873 0.417386860 -0.055504024 0.900952637
1757625538275454208.000000 0.713412642 0.073600993 1.050389290 -0.106955513 0.414398342 -0.055836175 0.902062654
1757625538308805376.000000 0.720865250 0.073625088 1.056024194 -0.108198017 0.411828935 -0.056307890 0.903061211
1757625538375510784.000000 0.732291222 0.076159716 1.065637469 -0.108248442 0.406812966 -0.056424182 0.905318677
1757625538408863744.000000 0.738044143 0.076555051 1.068423033 -0.107284911 0.404293120 -0.056168534 0.906577170
1757625538442217216.000000 0.745043755 0.076342121 1.068806291 -0.106548637 0.400749415 -0.055254120 0.908291996
1757625538475570432.000000 0.750944972 0.076825537 1.070987821 -0.106833324 0.395892411 -0.054345332 0.910440862
1757625538508924160.000000 0.756164074 0.076903403 1.072627902 -0.107556075 0.389740705 -0.053911317 0.913032055
1757625538575632640.000000 0.765658259 0.074750960 1.074397087 -0.107691385 0.375197828 -0.053772911 0.919096172
1757625538608987136.000000 0.769333065 0.072076224 1.072466612 -0.104454346 0.367527723 -0.053234067 0.922593534
1757625538642341888.000000 0.773297191 0.077809319 1.077994585 -0.100037016 0.360593021 -0.052253414 0.925869823
1757625538675696896.000000 0.776728272 0.077272266 1.073362589 -0.095609434 0.352998644 -0.051429316 0.929304004
1757625538709052160.000000 0.784493685 0.070581250 1.068523765 -0.092908226 0.344873875 -0.051413421 0.932623684
1757625538742407680.000000 0.790396869 0.067058623 1.065346003 -0.091245174 0.336177319 -0.051073771 0.935975730
1757625538809065216.000000 0.799251199 0.065192319 1.064744949 -0.091516316 0.314540327 -0.051093098 0.943439841
1757625538842378496.000000 0.803514183 0.064046606 1.066004515 -0.092684411 0.301508039 -0.051705521 0.947538435
1757625538875691520.000000 0.808551848 0.062755600 1.066704512 -0.094164625 0.286812723 -0.052457381 0.951903224
1757625538909004032.000000 0.812259972 0.059863046 1.067549467 -0.095137060 0.271868706 -0.053044569 0.956149936
1757625538942316032.000000 0.817501068 0.058370184 1.065837383 -0.095497206 0.256459773 -0.054010157 0.960308075
1757625538975628032.000000 0.822934806 0.057090208 1.064353824 -0.095460303 0.241713181 -0.055659615 0.964035392
1757625539042251776.000000 0.834970653 0.052800637 1.060082316 -0.094130114 0.214901015 -0.060101733 0.970229268
1757625539075563008.000000 0.841344118 0.051051594 1.059114814 -0.092602551 0.202452049 -0.061841439 0.972940683
1757625539108873984.000000 0.847530186 0.056035247 1.058277369 -0.090662479 0.189857528 -0.063947968 0.975522995
1757625539142184704.000000 0.860186398 0.053627551 1.061998248 -0.089137286 0.178073198 -0.065332852 0.977791488
1757625539175495424.000000 0.867465198 0.050483640 1.060489178 -0.087298319 0.168058395 -0.066605367 0.979642391
1757625539208804608.000000 0.875229001 0.049131699 1.058532357 -0.085641481 0.158724278 -0.067413636 0.981288791
1757625539242114816.000000 0.882294476 0.047437694 1.057013273 -0.085478291 0.149241328 -0.067935124 0.982753992
1757625539275424512.000000 0.890013218 0.048176873 1.056025982 -0.086473547 0.139310002 -0.067999080 0.984119534
1757625539308734208.000000 0.897879660 0.048608679 1.054703712 -0.087758437 0.129321590 -0.067892648 0.985375643
1757625539342043392.000000 0.904579997 0.049131565 1.053034782 -0.088666767 0.119210593 -0.068108521 0.986553788
1757625539375352576.000000 0.910948336 0.049058873 1.051427722 -0.089643106 0.108869918 -0.068211369 0.987653077
1757625539408661248.000000 0.916641474 0.047788668 1.048856735 -0.091067158 0.097822040 -0.068319276 0.988670886
1757625539441969920.000000 0.922834396 0.047073260 1.044845819 -0.092330970 0.085566193 -0.068253301 0.989694357
1757625539475278336.000000 0.928937614 0.046568815 1.042402983 -0.092817925 0.072758973 -0.067887627 0.990697920
1757625539508586496.000000 0.938777506 0.041680962 1.032304883 -0.092915416 0.057956919 -0.068062939 0.991652787
1757625539541894144.000000 0.946410418 0.044128671 1.029309511 -0.093566261 0.042875569 -0.067764796 0.992378414
1757625539575202048.000000 0.950400293 0.045614988 1.028535962 -0.094633043 0.028541069 -0.068046682 0.992773712
1757625539608509184.000000 0.950152695 0.046275739 1.031672239 -0.096442737 0.014706009 -0.068616740 0.992861688
1757625539641815296.000000 0.953858495 0.047026806 1.030702591 -0.099178344 0.000040196 -0.069429107 0.992644608
1757625539675121920.000000 0.956486881 0.049037650 1.029389143 -0.103383198 -0.015290061 -0.070587859 0.992015958
1757625539708428544.000000 0.958868384 0.051319204 1.027639747 -0.107345246 -0.030778309 -0.071848378 0.991144538
1757625539741735168.000000 0.961037397 0.052388381 1.023654938 -0.110398188 -0.046062779 -0.072678432 0.990155756
1757625539775043072.000000 0.964203119 0.052391760 1.018594265 -0.112238333 -0.060890391 -0.073219553 0.989107609
1757625539841668096.000000 0.970090449 0.052016824 1.008236647 -0.113351852 -0.087004885 -0.072866060 0.987052202
1757625539874980096.000000 0.962237477 0.049513567 0.997569501 -0.114436477 -0.097151622 -0.073341548 0.985944688
1757625539908292352.000000 0.966448247 0.049556181 0.994194448 -0.115222856 -0.108030714 -0.072633125 0.984772801
1757625539941603840.000000 0.984714806 0.049948167 0.990616798 -0.115869425 -0.119915687 -0.069957174 0.983514369
1757625539974915328.000000 0.987081289 0.049957123 0.987677395 -0.116892599 -0.129101858 -0.069097191 0.982290387
1757625540041537280.000000 0.990794241 0.048916966 0.980693579 -0.117334172 -0.145191297 -0.065999955 0.980202138
1757625540074848256.000000 0.992988944 0.047479644 0.977832615 -0.116776660 -0.151960671 -0.064434417 0.979346395
1757625540108157440.000000 0.994811654 0.046128388 0.973946095 -0.115818225 -0.158065200 -0.063089557 0.978581250
1757625540141467904.000000 0.995645165 0.045308176 0.970722258 -0.115265705 -0.163832873 -0.061732415 0.977784097
1757625540208087552.000000 0.997187138 0.043417010 0.964241266 -0.115759991 -0.174286008 -0.060069382 0.976020336
1757625540241396736.000000 0.996911466 0.043992236 0.961785734 -0.116535343 -0.178626224 -0.059084106 0.975203216
1757625540274705920.000000 0.994072020 0.043667495 0.960523605 -0.117603675 -0.182021394 -0.058659889 0.974472463
1757625540341323264.000000 0.990388274 0.043336872 0.953588784 -0.118216366 -0.189598620 -0.059289608 0.972914219
1757625540374631936.000000 0.988474727 0.043351144 0.949620366 -0.118028484 -0.192951828 -0.059402492 0.972270668
1757625540441247744.000000 0.983658850 0.043055557 0.941482663 -0.117572732 -0.198124021 -0.059101813 0.971303523
1757625540474555392.000000 0.985125840 0.042818796 0.937667549 -0.117225379 -0.201038942 -0.058568422 0.970778763
1757625540507862784.000000 0.982145071 0.042738758 0.932886302 -0.116278842 -0.203055918 -0.058855049 0.970455408
1757625540574475776.000000 0.974533319 0.041881550 0.922172546 -0.115027182 -0.207299545 -0.058097396 0.969752729
1757625540641089024.000000 0.965681136 0.040555451 0.910446167 -0.114985004 -0.211949944 -0.057620980 0.968780458
1757625540674395136.000000 0.960161269 0.039925944 0.904575825 -0.115577802 -0.213815734 -0.057674516 0.968296587
1757625540741006592.000000 0.947480738 0.037073728 0.893856823 -0.118815966 -0.218667462 -0.059898205 0.966684818
1757625540774323200.000000 0.941156864 0.036122195 0.887886167 -0.120875880 -0.222421303 -0.061772168 0.965454340
1757625540841033984.000000 0.928127468 0.036781598 0.876844347 -0.125395074 -0.230823874 -0.066084072 0.962615907
1757625540874389760.000000 0.922122002 0.037457794 0.871164143 -0.128490284 -0.234790251 -0.068432495 0.961083114
1757625540907745536.000000 0.917095184 0.037920661 0.865044296 -0.131720439 -0.238377839 -0.070130996 0.959639192
1757625540974457600.000000 0.907308459 0.038036030 0.855563998 -0.138268933 -0.244025424 -0.071582757 0.957188249
1757625541007814400.000000 0.903170645 0.037805911 0.850256681 -0.141840130 -0.246191964 -0.071835697 0.956091285
1757625541074529536.000000 0.896359503 0.038244568 0.840843916 -0.147259638 -0.247969180 -0.070930727 0.954879463
1757625541107887104.000000 0.892588079 0.038948413 0.836091578 -0.149783343 -0.247876510 -0.070650473 0.954531670
1757625541141245184.000000 0.889240146 0.039565884 0.831304789 -0.152395859 -0.247671559 -0.070535056 0.954179823
1757625541207962624.000000 0.882911444 0.043157950 0.823463798 -0.157897770 -0.247234747 -0.070784681 0.953379750
1757625541241321472.000000 0.879474401 0.045363650 0.820104241 -0.160541967 -0.247087091 -0.071460761 0.952925861
1757625541308040704.000000 0.873421073 0.049558848 0.812519133 -0.165648296 -0.247301921 -0.072941318 0.951883376
1757625541341400576.000000 0.872744858 0.052028701 0.808986902 -0.168104813 -0.248506337 -0.073698506 0.951080382
1757625541374761216.000000 0.870583415 0.052618597 0.807132065 -0.170698881 -0.249488398 -0.074513786 0.950297415
1757625541441481472.000000 0.865549207 0.054648198 0.803448081 -0.174430162 -0.253047705 -0.075183369 0.948624551
1757625541474842880.000000 0.863583446 0.055357665 0.803196192 -0.177698448 -0.254932821 -0.075011872 0.947526157
1757625541541566208.000000 0.859970212 0.058918498 0.804489851 -0.187256128 -0.257352412 -0.074251659 0.945088148
1757625541574928384.000000 0.858001828 0.061682411 0.806413770 -0.192266867 -0.258465022 -0.073940948 0.943801939
1757625541641653248.000000 0.855186999 0.064496003 0.809857488 -0.199894816 -0.261570305 -0.073366947 0.941403389
1757625541675016448.000000 0.854254246 0.065791577 0.812062919 -0.202058539 -0.263451099 -0.073552042 0.940402091
1757625541741743360.000000 0.854513526 0.065963164 0.816557825 -0.204844192 -0.266835749 -0.073119015 0.938877583
1757625541775097600.000000 0.854832053 0.066063121 0.819254756 -0.205704600 -0.269015133 -0.071807429 0.938168526
1757625541841739776.000000 0.857455373 0.066235155 0.825350404 -0.206554025 -0.275918216 -0.067846261 0.936269999
1757625541875059968.000000 0.858528495 0.066832028 0.829807580 -0.206743106 -0.279417694 -0.065431491 0.935361862
1757625541908380416.000000 0.860663474 0.066301242 0.834197283 -0.206921384 -0.282603234 -0.063416183 0.934503794
1757625541975021568.000000 0.866267025 0.064610019 0.843937457 -0.204844967 -0.288229913 -0.057912070 0.933599651
1757625542041661696.000000 0.871532381 0.064577095 0.856343627 -0.204506576 -0.293838710 -0.051488131 0.932300866
1757625542074981632.000000 0.873583436 0.065114394 0.863935053 -0.205845788 -0.296155244 -0.048557773 0.931429923
1757625542141620992.000000 0.876565456 0.067512795 0.880903244 -0.210068092 -0.299217999 -0.045902800 0.929641366
1757625542174939904.000000 0.877535582 0.069187559 0.889394403 -0.211911514 -0.300419301 -0.045391154 0.928860366
1757625542208259328.000000 0.877295375 0.069298714 0.898012638 -0.213635549 -0.301704854 -0.045551430 0.928040504
1757625542274896896.000000 0.878814459 0.073438734 0.915857315 -0.216073737 -0.304918081 -0.044252042 0.926487446
1757625542341532928.000000 0.879647076 0.076249562 0.932825625 -0.216926172 -0.309735268 -0.044407267 0.924681127
1757625542374851072.000000 0.880502582 0.077235110 0.941110611 -0.216587588 -0.312839299 -0.044727005 0.923699558
1757625542441487104.000000 0.882318079 0.077006318 0.958185494 -0.214395374 -0.319461733 -0.043969832 0.921979129
1757625542474804992.000000 0.883568823 0.076771900 0.966740012 -0.212656796 -0.322865188 -0.043279991 0.921228588
1757625542541439744.000000 0.884678960 0.077552311 0.984153152 -0.211327046 -0.329070300 -0.042171896 0.919388533
1757625542574756864.000000 0.884887815 0.079003364 0.992482662 -0.211025417 -0.331256509 -0.041996278 0.918680489
1757625542608073984.000000 0.884409785 0.081174187 1.002327561 -0.211375967 -0.333124220 -0.042044580 0.917921960
1757625542674707200.000000 0.883827925 0.083126739 1.018310785 -0.211790055 -0.334952354 -0.042707015 0.917130351
1757625542708023808.000000 0.883361995 0.083587766 1.025452852 -0.211451635 -0.335472941 -0.043791361 0.916967034
1757625542774665728.000000 0.880792379 0.083762757 1.038429141 -0.209794298 -0.337818801 -0.048167091 0.916266799
1757625542808028672.000000 0.879525483 0.084499724 1.043658853 -0.208750159 -0.339870214 -0.050670102 0.915611386
1757625542874756096.000000 0.876958013 0.087819323 1.052927136 -0.207955375 -0.344538629 -0.054822862 0.913806438
1757625542908120320.000000 0.876151025 0.089588329 1.057245493 -0.208368778 -0.346882075 -0.055852298 0.912762761
1757625542974850048.000000 0.872682035 0.091282420 1.065064311 -0.208717734 -0.349554658 -0.057588689 0.911554754
1757625543008215552.000000 0.870999634 0.090309352 1.067744970 -0.208570018 -0.349829286 -0.058032557 0.911455035
1757625543041581056.000000 0.869143128 0.090037443 1.069796920 -0.207440302 -0.350449800 -0.058654286 0.911434710
1757625543108313856.000000 0.865312457 0.089346059 1.072770357 -0.205466673 -0.351552010 -0.058544047 0.911464393
1757625543141680640.000000 0.862445235 0.089288615 1.074264526 -0.205244973 -0.351466238 -0.058436412 0.911554277
1757625543208414464.000000 0.856336951 0.089184634 1.077166080 -0.206052184 -0.348692417 -0.058766685 0.912415862
1757625543275150848.000000 0.849865198 0.088522851 1.079303265 -0.206550986 -0.345535487 -0.059040546 0.913485706
1757625543341889024.000000 0.844011188 0.086618789 1.079884410 -0.206221327 -0.342765778 -0.057366636 0.914709568
1757625543375258368.000000 0.841388702 0.086043447 1.080522180 -0.205242813 -0.341260046 -0.056869332 0.915523291
1757625543441998848.000000 0.835452020 0.085949078 1.080769300 -0.204758763 -0.337377101 -0.057562321 0.917026281
1757625543475369472.000000 0.832261682 0.086405814 1.081288218 -0.205044195 -0.335679233 -0.058167525 0.917547226
1757625543542112000.000000 0.827489376 0.087352775 1.083101869 -0.206057787 -0.333282381 -0.058973826 0.918142259
1757625543575483648.000000 0.824702919 0.088127345 1.083897591 -0.207141086 -0.332103103 -0.059643038 0.918282509
1757625543642227712.000000 0.820148349 0.089104481 1.085194945 -0.209922388 -0.331390321 -0.062390268 0.917725742
1757625543675600384.000000 0.818404138 0.089394718 1.085552096 -0.210377023 -0.331783086 -0.063517846 0.917402327
1757625543742347520.000000 0.815748453 0.089450672 1.086021662 -0.210306212 -0.332557112 -0.064392023 0.917077363
1757625543775710720.000000 0.814789414 0.089891635 1.086349964 -0.210480079 -0.332908422 -0.064857528 0.916877151
1757625543842365952.000000 0.813319325 0.090895131 1.087142348 -0.211512133 -0.333394378 -0.066135041 0.916371644
1757625543875693568.000000 0.811604023 0.092298947 1.088387370 -0.212317720 -0.333728373 -0.067174636 0.915988088
1757625543942348032.000000 0.811890125 0.093226053 1.088533282 -0.212992415 -0.335223794 -0.068241365 0.915206194
1757625543975675136.000000 0.812026620 0.093200602 1.089108348 -0.213132769 -0.336078078 -0.068605475 0.914832950
1757625544042328576.000000 0.813292384 0.092462331 1.089512944 -0.212404653 -0.337202251 -0.068997920 0.914559066
1757625544075655168.000000 0.814443350 0.092238329 1.089914680 -0.212286249 -0.337841153 -0.069485337 0.914313853
1757625544142307328.000000 0.816686034 0.092918210 1.090353370 -0.212719589 -0.339113384 -0.070344709 0.913676202
1757625544175633408.000000 0.818058431 0.093301207 1.090571880 -0.213238552 -0.339286774 -0.070021510 0.913515627
1757625544242286080.000000 0.821514964 0.093488976 1.091264367 -0.214244246 -0.339525372 -0.070037954 0.913190365
1757625544275611904.000000 0.823544145 0.093651384 1.091463447 -0.214590341 -0.339667052 -0.070261732 0.913039267
1757625544342263552.000000 0.828128815 0.093326896 1.091125369 -0.213806704 -0.340581745 -0.070471011 0.912866175
1757625544375588864.000000 0.830217600 0.093396261 1.091403127 -0.213260919 -0.341291368 -0.070295140 0.912742376
1757625544442239744.000000 0.835091352 0.092910886 1.091326237 -0.212155670 -0.342693269 -0.069567829 0.912530363
1757625544475565056.000000 0.837639868 0.092568591 1.090824008 -0.211177722 -0.343125254 -0.069443762 0.912604332
1757625544542214144.000000 0.841880918 0.092443511 1.091092587 -0.210655183 -0.343813628 -0.069130033 0.912489891
1757625544608863744.000000 0.844828784 0.092570551 1.090961099 -0.211265042 -0.343880087 -0.068908408 0.912340581
1757625544642188288.000000 0.846147954 0.092351727 1.090958714 -0.211728409 -0.343876660 -0.068970256 0.912229776
1757625544708837376.000000 0.849369347 0.092759013 1.090233803 -0.211875141 -0.344631433 -0.069152012 0.911897004
1757625544742161152.000000 0.850554645 0.093310706 1.089672446 -0.211814389 -0.345519543 -0.068868481 0.911596477
1757625544808815104.000000 0.852620602 0.093459621 1.087820768 -0.211736381 -0.346995026 -0.067413941 0.911162794
1757625544842143232.000000 0.853485644 0.093319185 1.086221337 -0.211760163 -0.346847296 -0.066359803 0.911290884
1757625544875471360.000000 0.853811622 0.093158655 1.084608197 -0.211655214 -0.346027642 -0.065162584 0.911713123
1757625544942127104.000000 0.852066219 0.092537627 1.080466509 -0.211680636 -0.342361987 -0.064142443 0.913162291
1757625545008781568.000000 0.850214601 0.090872295 1.073213100 -0.209347144 -0.338157415 -0.063819051 0.915287137
1757625545042108928.000000 0.848473251 0.089763053 1.068567753 -0.206967860 -0.336085260 -0.063497879 0.916612864
1757625545108763904.000000 0.842743814 0.087015480 1.059498191 -0.204292804 -0.332838476 -0.063661769 0.918384612
1757625545142091008.000000 0.838986874 0.084606349 1.055773020 -0.202749476 -0.331548423 -0.063419081 0.919209659
1757625545208744960.000000 0.831072569 0.083066814 1.046689391 -0.201049685 -0.327229261 -0.062575020 0.921186447
1757625545242072064.000000 0.826772928 0.083035097 1.042435646 -0.201377288 -0.322931767 -0.062544718 0.922632337
1757625545308725248.000000 0.818812788 0.082164221 1.033670664 -0.201313183 -0.311750948 -0.062243011 0.926504314
1757625545342052096.000000 0.814235389 0.081028655 1.029449582 -0.200944036 -0.306168109 -0.061683115 0.928481460
1757625545408704512.000000 0.805165648 0.078330889 1.019331098 -0.199406371 -0.296764493 -0.060066681 0.931965649
1757625545442029824.000000 0.800611198 0.077708408 1.014014006 -0.198784217 -0.291251868 -0.059041310 0.933901131
1757625545508681472.000000 0.789922833 0.077055492 1.005167723 -0.198907688 -0.278856426 -0.058367636 0.937692940
1757625545542007296.000000 0.785932481 0.076766960 1.001808524 -0.198892176 -0.272750556 -0.058720883 0.939468443
1757625545575333120.000000 0.780950010 0.076425955 0.997199774 -0.198528543 -0.266770184 -0.058935430 0.941247463
1757625545641984256.000000 0.772414088 0.075717062 0.987588406 -0.197332993 -0.255506635 -0.058488082 0.944645584
1757625545708634624.000000 0.765339196 0.074206553 0.978377938 -0.194934413 -0.244058162 -0.055858836 0.948322713
1757625545741959936.000000 0.762338281 0.073508739 0.973774016 -0.193534076 -0.236939430 -0.053973455 0.950521529
1757625545775292160.000000 0.760236621 0.073293790 0.969659686 -0.192441046 -0.229561359 -0.052035131 0.952659667
1757625545842013952.000000 0.757053733 0.073283270 0.962388515 -0.192264363 -0.211567476 -0.047851920 0.957070470
1757625545875374080.000000 0.755258441 0.073892906 0.959952593 -0.192905590 -0.201232642 -0.045397446 0.959287226
1757625545942097408.000000 0.751704693 0.074930139 0.955662549 -0.194850564 -0.177247643 -0.041427992 0.963794768
1757625545975459840.000000 0.751027048 0.074948139 0.953206360 -0.195524469 -0.164470330 -0.039488807 0.966002285
1757625546042184960.000000 0.750049472 0.076183595 0.948177516 -0.195349082 -0.136606291 -0.036408998 0.970490515
1757625546075548160.000000 0.749727607 0.076424420 0.944978774 -0.195230439 -0.122472405 -0.035816617 0.972421110
1757625546142275072.000000 0.748181164 0.077258542 0.940318704 -0.194532380 -0.095199846 -0.035874765 0.975606084
1757625546175639040.000000 0.747496188 0.077906325 0.937960804 -0.194080472 -0.082858026 -0.035918254 0.976819932
1757625546242368512.000000 0.746127546 0.078636810 0.934258342 -0.192377761 -0.058895998 -0.035863675 0.978895247
1757625546275733248.000000 0.746187210 0.079056568 0.934575379 -0.191947743 -0.048379563 -0.036311064 0.979539216
1757625546342462976.000000 0.746253490 0.078350112 0.932768106 -0.192232504 -0.030413616 -0.037194584 0.980172575
1757625546375829248.000000 0.747053862 0.078108691 0.932710946 -0.192478225 -0.023534177 -0.036884408 0.980325460
1757625546442561792.000000 0.751193821 0.077324890 0.932935953 -0.192301795 -0.011303817 -0.035251431 0.980637312
1757625546475928832.000000 0.754691124 0.076692216 0.933410227 -0.191675439 -0.005138244 -0.033794314 0.980862975
1757625546509295872.000000 0.758269846 0.075585641 0.934133470 -0.190884024 0.001309961 -0.032256596 0.981081605
1757625546576030976.000000 0.766256094 0.074534200 0.935787141 -0.188773334 0.012864775 -0.029030854 0.981507182
1757625546609399040.000000 0.770918608 0.074413240 0.936378062 -0.187822789 0.018003691 -0.027427461 0.981654823
1757625546642767616.000000 0.775974810 0.073958069 0.937909424 -0.187299713 0.022389188 -0.026162218 0.981699109
1757625546709505280.000000 0.786283076 0.073809482 0.941438556 -0.186608493 0.029092809 -0.024195807 0.981705427
1757625546742874880.000000 0.794663608 0.073833480 0.941825569 -0.186358020 0.030824790 -0.022717519 0.981735468
1757625546776235264.000000 0.801387072 0.072976582 0.944426358 -0.186698511 0.032922581 -0.021651736 0.981626689
1757625546809569280.000000 0.808763564 0.072057478 0.947310805 -0.186847612 0.034841321 -0.020019114 0.981566787
1757625546876237056.000000 0.823049664 0.072237924 0.952831507 -0.186896041 0.039233360 -0.015927071 0.981466770
1757625546909570816.000000 0.831203341 0.072064020 0.955508769 -0.187071994 0.040956825 -0.013622678 0.981397569
1757625546942904576.000000 0.839968264 0.072031423 0.958282471 -0.187043548 0.042532403 -0.011182645 0.981366813
1757625547009571840.000000 0.858270228 0.071064837 0.962925673 -0.185736567 0.045567371 -0.006934672 0.981517971
1757625547076238848.000000 0.878303826 0.068037666 0.965879083 -0.180483982 0.048348702 -0.002923016 0.982384562
1757625547109572096.000000 0.889254928 0.066044562 0.967463315 -0.176817894 0.049532298 -0.000925417 0.982996047
1757625547142905600.000000 0.899788082 0.064073160 0.969062626 -0.172988340 0.050811727 0.001353471 0.983611405
1757625547176238848.000000 0.910670042 0.062355071 0.970981658 -0.169090539 0.052373759 0.003502162 0.984201789
1757625547242904064.000000 0.932631612 0.060172737 0.976201653 -0.162224218 0.056833059 0.006834593 0.985092223
1757625547276237056.000000 0.944300592 0.059948802 0.979459107 -0.159587055 0.059443276 0.008205755 0.985358417
1757625547342903040.000000 0.967264414 0.060902528 0.986482024 -0.156555668 0.066586152 0.010390786 0.985367358
1757625547376235776.000000 0.977423370 0.058068741 0.988881469 -0.155726895 0.070733659 0.011767680 0.985194147
1757625547409568512.000000 0.989446819 0.057152379 0.991417050 -0.154755861 0.075338177 0.012958145 0.984990776
1757625547476234240.000000 1.014020801 0.055200718 0.998202443 -0.152272433 0.086158514 0.016009187 0.984445870
1757625547509566464.000000 1.025807142 0.054234285 1.001016140 -0.150846705 0.092215039 0.017337337 0.984094024
1757625547576231680.000000 1.048236251 0.052549679 1.007550120 -0.149038911 0.104908355 0.019939058 0.983048379
1757625547609564416.000000 1.058783412 0.052102767 1.010829687 -0.148720220 0.111165918 0.020606011 0.982394934
1757625547642895360.000000 1.069758058 0.051636498 1.014561415 -0.148934543 0.117575914 0.021208467 0.981603146
1757625547709560064.000000 1.090155125 0.052068196 1.020211577 -0.148037195 0.132098839 0.022213180 0.979868114
1757625547742892032.000000 1.099781394 0.052516595 1.021891117 -0.147302821 0.140060499 0.023000240 0.978854418
1757625547809609984.000000 1.121657252 0.056345090 1.023554206 -0.146342307 0.157725468 0.025489539 0.976246357
1757625547876363776.000000 1.137734771 0.054876111 1.028725028 -0.146294221 0.177736416 0.028135099 0.972736418
1757625547909741568.000000 1.145197988 0.053845029 1.032555461 -0.146995395 0.188103780 0.030050332 0.970621645
1757625547943119872.000000 1.151640654 0.055429012 1.036436081 -0.147827640 0.198735252 0.031881683 0.968315482
1757625548009878016.000000 1.165450215 0.057807080 1.040235043 -0.148016572 0.220864922 0.035622209 0.963348746
1757625548043257600.000000 1.172233820 0.058556620 1.042681932 -0.147724494 0.232362285 0.037592914 0.960610271
1757625548076638208.000000 1.178545833 0.058878299 1.044583917 -0.147793964 0.243994564 0.039623369 0.957629144
1757625548143399168.000000 1.190921903 0.059226420 1.049508333 -0.148480773 0.265779018 0.043707404 0.951527536
1757625548176781056.000000 1.196304798 0.059047647 1.051553965 -0.147927299 0.276169121 0.045293510 0.948576093
1757625548243546112.000000 1.208251953 0.059024736 1.057047367 -0.147167504 0.295993358 0.048414681 0.942542195
1757625548310312960.000000 1.220728397 0.062350698 1.064910293 -0.146855354 0.316289961 0.050868336 0.935845435
1757625548343697408.000000 1.235593796 0.069745615 1.062342048 -0.146617383 0.326164663 0.052239358 0.932411432
1757625548410467328.000000 1.240804434 0.067573719 1.085105538 -0.149824634 0.350816876 0.054060929 0.922798753
1757625548443853056.000000 1.246128678 0.070298769 1.094001293 -0.150063261 0.363582104 0.054822788 0.917760134
1757625548510626048.000000 1.255113482 0.072890773 1.106986523 -0.148088008 0.390665352 0.055099487 0.906870782
1757625548544012288.000000 1.259898543 0.075564146 1.111503839 -0.146098718 0.404804051 0.054758083 0.900994122
1757625548577400064.000000 1.264698029 0.078063443 1.117849827 -0.144690484 0.419919968 0.054517772 0.894292831
1757625548644176640.000000 1.275142312 0.079639733 1.129423141 -0.139230743 0.452096194 0.053615127 0.879402816
1757625548677565696.000000 1.279657245 0.078045599 1.135248423 -0.135177568 0.468709350 0.052934747 0.871341825
1757625548744345856.000000 1.289677858 0.074164942 1.148453474 -0.127135634 0.499665499 0.050094124 0.855372190
1757625548777719040.000000 1.294165134 0.073274538 1.153878331 -0.124228641 0.513057888 0.048914652 0.847907066
1757625548811060992.000000 1.299320817 0.077480651 1.165116072 -0.122132652 0.525459945 0.049024060 0.840578437
1757625548877744384.000000 1.313421845 0.068495169 1.173627019 -0.119650073 0.547942460 0.050716948 0.826359987
1757625548911086080.000000 1.319668770 0.064487904 1.178847432 0.118060820 -0.559952736 -0.051952463 -0.818422675
1757625548944428032.000000 1.327344060 0.061844945 1.185043812 0.116616756 -0.572558343 -0.053332180 -0.809773564
1757625549011110656.000000 1.340536356 0.059550896 1.198169589 0.115532890 -0.597377002 -0.055472482 -0.791653872
1757625549044452608.000000 1.346038580 0.059613049 1.205090404 0.115022361 -0.608683944 -0.055971697 -0.783033192
1757625549111136256.000000 1.356520057 0.058560431 1.217007756 0.114386588 -0.627318799 -0.056684755 -0.768227637
1757625549144478208.000000 1.361552238 0.058444947 1.223986387 0.113560408 -0.635497391 -0.057209451 -0.761560440
1757625549177819648.000000 1.366170406 0.059229448 1.228497028 0.112024270 -0.643424749 -0.058276989 -0.755022526
1757625549211161600.000000 1.370721102 0.059307352 1.232376099 0.110892080 -0.651252151 -0.060063485 -0.748308837
1757625549277845504.000000 1.377303839 0.066358596 1.235120535 0.107175820 -0.667005122 -0.064103708 -0.734512269
1757625549311187200.000000 1.381091475 0.060514927 1.238873482 0.106313631 -0.674974322 -0.065699168 -0.727180064
1757625549377871104.000000 1.386837006 0.056174010 1.240732312 0.103989936 -0.690018415 -0.068153940 -0.713032842
1757625549411212800.000000 1.389351845 0.053519309 1.241158366 0.102249213 -0.697434187 -0.068557203 -0.705996215
1757625549477895680.000000 1.394120216 0.049527049 1.240692377 0.097528093 -0.711074531 -0.068257980 -0.692966223
1757625549544579584.000000 1.401886821 0.047219157 1.236055493 0.094278350 -0.723021805 -0.068994358 -0.680875123
1757625549577921280.000000 1.408117652 0.048734099 1.233392715 0.093268052 -0.728188396 -0.069395266 -0.675445914
1757625549644605184.000000 1.420082331 0.047468275 1.228874445 0.093331397 -0.737089813 -0.071349293 -0.665505230
1757625549677947392.000000 1.426572561 0.046814680 1.224474311 0.093272872 -0.740362823 -0.072083786 -0.661790788
1757625549711289088.000000 1.432929635 0.046516299 1.219000816 0.092393219 -0.743001163 -0.072560370 -0.658898950
1757625549744631040.000000 1.439685106 0.047663778 1.206725478 -0.090058208 0.744660556 0.073413834 0.657252371
1757625549777965312.000000 1.447724938 0.048027813 1.201649904 -0.088370107 0.745867431 0.074484028 0.655991375
1757625549844803840.000000 1.465697527 0.050751776 1.188685060 0.083055787 -0.746866226 -0.075769447 -0.655401886
1757625549911643392.000000 1.481066823 0.048729956 1.173834682 0.077583231 -0.746381223 -0.075690515 -0.656633079
1757625549945064192.000000 1.491059780 0.046468884 1.166650057 0.074466340 -0.746154547 -0.075266622 -0.657299876
1757625550011907840.000000 1.508275986 0.041790053 1.151210904 0.068456687 -0.745482266 -0.073443703 -0.658920348
1757625550045330176.000000 1.517213464 0.039497241 1.143426418 0.066105396 -0.745137393 -0.072316982 -0.659674704
1757625550078753536.000000 1.526490569 0.037838399 1.136245370 0.064944386 -0.744323134 -0.071031243 -0.660847902
1757625550112176640.000000 1.536559582 0.035568312 1.129261851 0.064166456 -0.742893159 -0.069201767 -0.662724435
1757625550179025408.000000 1.556034088 0.032136768 1.116278887 0.064433537 -0.739819765 -0.066563271 -0.666396677
1757625550212450304.000000 1.566985369 0.029004022 1.109350443 0.064519241 -0.738637507 -0.065360874 -0.667817295
1757625550245875712.000000 1.571825743 0.018856511 1.098393679 -0.064592525 0.737075210 0.064854302 0.669583380
1757625550312727296.000000 1.592477441 0.016110316 1.088176966 -0.064554513 0.733300924 0.061197527 0.674060404
1757625550379581696.000000 1.609879136 0.017319798 1.074050307 0.064634271 -0.728880465 -0.058020070 -0.679109335
1757625550413009920.000000 1.619480491 0.018907920 1.069533348 0.065213725 -0.727972388 -0.057877544 -0.680039465
1757625550446438400.000000 1.627862692 0.018070862 1.063168287 0.065591432 -0.728201389 -0.058209680 -0.679729581
1757625550513296640.000000 1.645040154 0.019297004 1.051626444 0.067988425 -0.730567873 -0.060494669 -0.676748574
1757625550546726656.000000 1.652548432 0.019921690 1.044795990 0.069176383 -0.731807232 -0.062576115 -0.675097942
1757625550613587968.000000 1.665533781 0.017830253 1.036105752 0.072210260 -0.735012114 -0.065923750 -0.670967162
1757625550647019776.000000 1.671266556 0.016486973 1.032399774 0.072612204 -0.736960292 -0.065892071 -0.668786407
1757625550680451584.000000 1.676049232 0.015513361 1.029294133 0.071485281 -0.738976598 -0.064990275 -0.666768193
1757625550747316992.000000 1.683457136 0.011197150 1.023773313 0.066885911 -0.743685365 -0.061088823 -0.662364364
1757625550780758272.000000 1.688094139 0.009172022 1.020743132 -0.064797595 0.746470928 0.059895974 0.659541488
1757625550814092800.000000 1.694769263 0.010731831 1.018749356 -0.063210748 0.749860704 0.058887001 0.655931234
1757625550847427072.000000 1.699761391 0.011709496 1.015513301 -0.062042926 0.753835857 0.059353132 0.651428759
1757625550914095872.000000 1.709312201 0.013908207 1.011585116 0.063201725 -0.762282312 -0.062591307 -0.641103506
1757625550947430144.000000 1.716468215 0.015231580 1.011270046 0.064586513 -0.766758084 -0.063354641 -0.635528862
1757625550980764416.000000 1.724001169 0.015564859 1.010687709 0.066133209 -0.771305919 -0.064001366 -0.629775763
1757625551014098432.000000 1.731488347 0.014770865 1.010071158 0.067763656 -0.776085079 -0.063993990 -0.623702526
1757625551080766464.000000 1.746334434 0.015869498 1.010867834 0.069644570 -0.786831319 -0.061567612 -0.610127509
1757625551114100480.000000 1.753557920 0.016231000 1.011769056 0.069819517 -0.792150557 -0.059704915 -0.603372335
1757625551147433984.000000 1.761561751 0.015895009 1.012910962 0.070603170 -0.796913087 -0.058320157 -0.597112775
1757625551214100480.000000 1.778836608 0.013927788 1.014075279 0.067692615 -0.804954708 -0.053935662 -0.586989462
1757625551247434496.000000 1.788975716 0.011958241 1.014030337 0.064902008 -0.808617771 -0.051104639 -0.582506180
1757625551280768000.000000 1.798002839 0.010643721 1.014280677 0.061976522 -0.812406898 -0.048142564 -0.577785671
1757625551347434752.000000 1.819126844 0.008074582 1.012874365 0.056943841 -0.820120215 -0.044358153 -0.567620218
1757625551380768256.000000 1.834254742 0.005093798 1.007608891 -0.055813324 0.823837638 0.043760642 0.562371314
1757625551414101504.000000 1.843866348 0.004170433 1.008148432 0.054278411 -0.827730894 -0.042832125 -0.556849122
1757625551480768000.000000 1.869123101 0.002016425 1.008078218 0.050898977 -0.833947361 -0.040392533 -0.548005044
1757625551514100992.000000 1.880543232 -0.000198022 1.008192182 0.049081929 -0.837034762 -0.040119365 -0.543465018
1757625551580767488.000000 1.904043913 -0.002731383 1.004590750 0.045173917 -0.844858408 -0.040601451 -0.531531096
1757625551614099968.000000 1.915655851 -0.004120499 1.003270745 0.043500111 -0.849632382 -0.040719405 -0.523998559
1757625551647432192.000000 1.926777244 -0.006298080 1.001284361 0.041859474 -0.854877651 -0.041072216 -0.515504837
1757625551714097664.000000 1.948175192 -0.006854370 1.001027703 0.039204139 -0.865128636 -0.040504001 -0.498372406
1757625551747430400.000000 1.958485603 -0.009370103 0.999630451 0.037659287 -0.870170832 -0.039365161 -0.489729553
1757625551814096896.000000 1.978660107 -0.011861861 0.999784112 0.034569561 -0.880456090 -0.037779003 -0.471354306
1757625551847430912.000000 1.993410468 -0.017700553 1.002043843 -0.034567505 0.885987341 0.038960654 0.460775107
1757625551914098432.000000 2.012054682 -0.017703533 1.000061393 -0.035877593 0.896156371 0.042915940 0.440198630
1757625551947431936.000000 2.018857718 -0.017665461 0.996825099 0.035477087 -0.901048243 -0.044581525 -0.429960459
1757625552014099200.000000 2.033657551 -0.018427074 0.988503695 0.037028808 -0.908903658 -0.047957104 -0.412581205
1757625552047432704.000000 2.039606094 -0.018632680 0.985318780 0.037344135 -0.912305593 -0.049002878 -0.404849052
1757625552080766208.000000 2.046222687 -0.020279869 0.981344342 0.036301147 -0.915721178 -0.049254660 -0.397128552
1757625552147431680.000000 2.056976795 -0.023059428 0.971271038 0.035761259 -0.922766268 -0.051883027 -0.380173385
1757625552180764928.000000 2.062914848 -0.023853317 0.965593457 0.034967162 -0.926294982 -0.053873900 -0.371285051
1757625552214097920.000000 2.068620682 -0.024988726 0.959460020 0.034246836 -0.929678380 -0.055865560 -0.362497330
1757625552247430912.000000 2.072987556 -0.027439222 0.953478813 0.033588760 -0.932713628 -0.058231443 -0.354296923
1757625552314096896.000000 2.081261635 -0.029408187 0.938206077 0.032500718 -0.937327743 -0.062682822 -0.341220349
1757625552347429632.000000 2.085830688 -0.030716300 0.930894852 0.031899132 -0.939082026 -0.064124830 -0.336147964
1757625552380762624.000000 2.089186668 -0.027736068 0.920331836 -0.030794038 0.940747261 0.064827986 0.331426889
1757625552447428096.000000 2.091322184 -0.024811953 0.899544716 -0.027204039 0.943526328 0.066646174 0.323382735
1757625552480760576.000000 2.097496986 -0.024161652 0.895726919 0.024714146 -0.944922268 -0.067955151 -0.319207370
1757625552547424512.000000 2.098508358 -0.025703892 0.873384655 0.017243223 -0.947144985 -0.068393752 -0.312955856
1757625552580756992.000000 2.099968910 -0.026544482 0.861849606 0.013381984 -0.947997093 -0.068112381 -0.310617447
1757625552647421696.000000 2.101272106 -0.031042971 0.837613523 0.006425078 -0.949276984 -0.068845659 -0.306744695
1757625552714086144.000000 2.103475094 -0.034121566 0.813880205 0.002340234 -0.950194657 -0.068475783 -0.304032594
1757625552780749824.000000 2.109352112 -0.040075988 0.792666674 0.001764327 -0.951094568 -0.068087004 -0.301297575
1757625552814084096.000000 2.112489939 -0.041050576 0.781174898 0.002073837 -0.951229751 -0.067487702 -0.301003486
1757625552880752128.000000 2.117001534 -0.041788206 0.758388042 0.002413835 -0.951205552 -0.066337928 -0.301332682
1757625552914086144.000000 2.118466616 -0.041275568 0.747865200 0.001615888 -0.951379359 -0.065794729 -0.300908387
1757625552980752896.000000 2.110990047 -0.040669315 0.722612023 0.001394818 0.952864766 0.062817961 0.296817750
1757625553014086912.000000 2.117557049 -0.041103840 0.713429332 -0.002272108 -0.954286218 -0.060914963 -0.292612433
1757625553080753920.000000 2.118476868 -0.041652434 0.697428584 -0.004542863 -0.957097352 -0.059902474 -0.283471078
1757625553147421440.000000 2.121549606 -0.039468300 0.680561483 -0.005001856 -0.960157692 -0.060436890 -0.272799671
1757625553180754944.000000 2.123285770 -0.040997230 0.673616409 -0.005146182 -0.961677611 -0.061487418 -0.267149806
1757625553247421696.000000 2.125585079 -0.041799333 0.659786701 -0.006134570 -0.964197397 -0.061233360 -0.257946193
1757625553280754688.000000 2.127063274 -0.042843133 0.654134452 -0.007248993 -0.965176940 -0.060456280 -0.254412979
1757625553314088192.000000 2.129146338 -0.043319114 0.646940529 -0.008319429 -0.965977967 -0.060294788 -0.251360178
1757625553380754432.000000 2.131602049 -0.044143349 0.630024433 -0.010816711 -0.967601895 -0.062153235 -0.244471997
1757625553414087168.000000 2.133046150 -0.043734390 0.621019065 -0.012281493 -0.968703866 -0.064214654 -0.239454597
1757625553480752384.000000 2.134652376 -0.043689862 0.601165414 0.015096827 0.971026897 0.072925851 0.227069750
1757625553547417856.000000 2.135524035 -0.047225468 0.579759002 -0.017817499 -0.973407626 -0.084236726 -0.212283537
1757625553580750592.000000 2.138695240 -0.047772110 0.570790946 -0.019428428 -0.974858999 -0.088210538 -0.203694791
1757625553647416064.000000 2.140236616 -0.048011880 0.552182794 -0.023295976 -0.978375554 -0.092137940 -0.183709592
1757625553680748544.000000 2.140962601 -0.047989689 0.544878840 -0.026005758 -0.980374694 -0.093046017 -0.171847716
1757625553747413504.000000 2.143363476 -0.049808577 0.528779268 -0.031909868 -0.984557867 -0.092928857 -0.144885525
1757625553780745472.000000 2.144840240 -0.051065348 0.521192193 -0.035425782 -0.986419559 -0.093004353 -0.130659074
1757625553814080256.000000 2.147331476 -0.052946299 0.513118684 -0.038568299 -0.988054693 -0.093511693 -0.116258174
1757625553880748288.000000 2.153257370 -0.058573350 0.496290296 -0.043752480 -0.990903556 -0.092417479 -0.087492235
1757625553914082816.000000 2.157210827 -0.061411843 0.487552077 -0.045188125 -0.991884291 -0.092817023 -0.074220203
1757625553980751872.000000 2.172663212 -0.058191285 0.459350109 0.044613332 0.993268132 0.094034038 0.050850496
1757625554014085888.000000 2.178512096 -0.063005939 0.452605277 0.043716170 0.993558407 0.095839702 0.041779533
1757625554080754176.000000 2.189086676 -0.067564383 0.431692809 -0.042774566 -0.993927896 -0.097396486 -0.028135600
1757625554147422464.000000 2.205737591 -0.076201648 0.412431419 -0.041017912 -0.994209468 -0.097646214 -0.018174207
1757625554214090496.000000 2.221880436 -0.082554325 0.390341818 -0.038920403 -0.994283915 -0.098967046 -0.009501349
1757625554280758272.000000 2.235888481 -0.091396481 0.370143026 -0.038511619 -0.994203091 -0.100290671 0.004344162
1757625554314091008.000000 2.242391586 -0.095227122 0.358770698 -0.038355283 -0.994126201 -0.100446321 0.012354146
1757625554380758272.000000 2.254318476 -0.100570202 0.339058518 -0.038042672 -0.994016767 -0.098586127 0.027645538
1757625554480758784.000000 2.268624067 -0.103387192 0.312010050 -0.040099390 -0.993286252 -0.096497886 0.049625803
1757625554514092288.000000 2.271558285 -0.095696226 0.301595390 0.041705430 0.992919981 0.094768479 -0.058220796
1757625554580758784.000000 2.278699875 -0.091795221 0.288065553 -0.045134362 -0.991750360 -0.092381954 0.076549001
1757625554680758272.000000 2.281273842 -0.089852005 0.266295671 -0.050718628 -0.988827705 -0.094441913 0.103577010
1757625554714091264.000000 2.281721592 -0.089072436 0.257976413 -0.052324682 -0.987640738 -0.096107095 0.112210982
1757625554780756224.000000 2.279777527 -0.090087891 0.245265484 -0.053455953 -0.985509872 -0.098557852 0.127276197
1757625554847424000.000000 2.274426937 -0.091561079 0.231407285 -0.054029278 -0.983706951 -0.099382788 0.139730394
1757625554914091520.000000 2.268536091 -0.094609141 0.219008803 -0.055079445 -0.981912255 -0.101387367 0.150117412
1757625554980758784.000000 2.259960175 -0.095539540 0.203612208 -0.056552444 -0.980217338 -0.103401870 0.159009308
1757625555047425792.000000 2.246561050 -0.095849842 0.187163353 -0.058191255 -0.978963077 -0.106175810 0.164231181
1757625555114092544.000000 2.231482506 -0.090663850 0.167925239 -0.060168080 -0.978518665 -0.107713565 0.165162817
1757625555147425792.000000 2.221196890 -0.096027792 0.163180590 0.061587196 0.978537798 0.108319044 -0.164127782
1757625555214091008.000000 2.204679966 -0.090839922 0.148609161 -0.064109556 -0.979510009 -0.103053480 0.160717487
1757625555280757248.000000 2.184488535 -0.095703393 0.135515690 -0.067084931 -0.980821311 -0.093498953 0.157312408
1757625555347422720.000000 2.161213636 -0.100624472 0.123333216 -0.071129955 -0.981551230 -0.085129641 0.155726641
1757625555414088448.000000 2.138266087 -0.105401754 0.111449242 -0.073122032 -0.982212782 -0.077646919 0.154538780
1757625555447421184.000000 2.128074884 -0.107600659 0.106288791 -0.072866939 -0.982701361 -0.073807538 0.153430954
1757625555514086144.000000 2.107859612 -0.108907342 0.094952345 -0.072474375 -0.983706534 -0.066004984 0.150705785
1757625555580751104.000000 2.083045959 -0.110280871 0.084615946 0.075882986 0.984042585 0.060128886 -0.149287209
1757625555647414784.000000 2.058270216 -0.100863248 0.076541185 -0.084381431 -0.982841372 -0.059837297 0.152715966
1757625555714079232.000000 2.037738085 -0.100317150 0.065458417 -0.092493460 -0.980734289 -0.059448410 0.161465526
1757625555747411200.000000 2.030749798 -0.099100620 0.060119152 -0.095634922 -0.979836285 -0.059607621 0.164990395
1757625555814077184.000000 2.014214993 -0.098486722 0.051641226 -0.101837203 -0.978426158 -0.058153637 0.170087203
1757625555880745216.000000 2.000241280 -0.097192347 0.044733167 -0.108857624 -0.977046072 -0.053975735 0.174979135
1757625555947412480.000000 1.984904289 -0.095813841 0.036129951 -0.116411619 -0.974572599 -0.053412076 0.183858052
1757625555980746240.000000 1.977580547 -0.095695317 0.030604243 -0.119182095 -0.973086655 -0.054946896 0.189417347
1757625556047413248.000000 1.966269612 -0.094471574 0.016989827 -0.121446364 -0.969926059 -0.059779655 0.202288613
1757625556114079232.000000 1.954638958 -0.097924709 0.004514933 0.121791363 0.966442347 0.063857123 -0.216975674
1757625556180745984.000000 1.940972090 -0.100417346 -0.006560683 -0.121503085 -0.962357759 -0.064491995 0.234404534
1757625556247412480.000000 1.936069846 -0.100849450 -0.020704031 -0.120086096 -0.956758857 -0.064839505 0.256880969
1757625556314078208.000000 1.932284951 -0.099449635 -0.037084818 -0.117007770 -0.949441016 -0.063731387 0.284269750
1757625556380744448.000000 1.930339813 -0.099614799 -0.052253962 -0.111221530 -0.940980732 -0.060245465 0.313935637
1757625556414076928.000000 1.928161621 -0.101818621 -0.060240030 -0.108968258 -0.935949266 -0.059780173 0.329471260
1757625556480742400.000000 1.921441078 -0.106579363 -0.078349113 -0.105293848 -0.924245238 -0.055185713 0.362820417
1757625556547406592.000000 1.914495707 -0.117876649 -0.100398540 0.103180654 0.911351562 0.053928945 -0.394821316
1757625556614071552.000000 1.904860854 -0.121260703 -0.121240139 0.100104339 0.899398327 0.052909996 -0.422211200
1757625556647404032.000000 1.899567127 -0.121218592 -0.131430387 0.099785306 0.893785894 0.051756162 -0.434178591
1757625556714068480.000000 1.886112094 -0.113325387 -0.154163361 -0.101730406 -0.882902741 -0.048342809 0.455847293
1757625556780732672.000000 1.874429345 -0.123824850 -0.173624992 0.102678254 0.871532440 0.047737729 -0.477084428
1757625556847399424.000000 1.860309362 -0.116396129 -0.193482876 -0.104093857 -0.859882832 -0.044441897 0.497786105
1757625556914066176.000000 1.848389268 -0.115831584 -0.208596230 -0.105881229 -0.848888218 -0.041195069 0.516217887
1757625556980731392.000000 1.835288763 -0.112781793 -0.222880602 -0.107023336 -0.837747097 -0.038855601 0.534056246
1757625557014064640.000000 1.827535391 -0.109808147 -0.228344679 -0.108715758 -0.832263947 -0.040135417 0.542131841
1757625557080730368.000000 1.809324265 -0.104327857 -0.240080357 -0.112970337 -0.820530355 -0.044453613 0.558562100
1757625557147396096.000000 1.790270805 -0.102749079 -0.249320030 -0.116280191 -0.809498549 -0.048535451 0.573441625
1757625557247394048.000000 1.758547783 -0.102752432 -0.259537697 -0.120016083 -0.795366645 -0.049877096 0.592030764
1757625557280726528.000000 1.748481035 -0.096642628 -0.264509201 -0.121832967 -0.790901423 -0.049374785 0.597656965
1757625557347391232.000000 1.726972580 -0.100777924 -0.265825272 0.125477508 0.782525241 0.049660996 -0.607818663
1757625557414055680.000000 1.698853970 -0.090861395 -0.263473868 -0.128241345 -0.776446044 -0.048359677 0.615099192
1757625557480718848.000000 1.672100425 -0.084067285 -0.259404540 -0.129473761 -0.773789406 -0.044906985 0.618441463
1757625557580714752.000000 1.627947807 -0.078811571 -0.252021551 -0.131035596 -0.774066448 -0.036294196 0.618331313
1757625557647378176.000000 1.596304774 -0.080482803 -0.246108532 -0.131417170 -0.775605381 -0.032855570 0.616511464
1757625557680709632.000000 1.579162359 -0.081118733 -0.245696068 -0.130989015 -0.776558697 -0.031461366 0.615474343
1757625557747372800.000000 1.547444820 -0.083642714 -0.245011330 -0.128288969 -0.778750479 -0.029917281 0.613347173
1757625557814038016.000000 1.517661095 -0.089462727 -0.249825597 -0.123450719 -0.782226980 -0.031568326 0.609823167
1757625557880705280.000000 1.491816640 -0.084139816 -0.252683878 -0.120908275 -0.787142992 -0.034701779 0.603806973
1757625557947373056.000000 1.467512131 -0.081834793 -0.258466363 0.120092079 0.790827811 0.039066844 -0.598868132
1757625557980706816.000000 1.455056190 -0.080114022 -0.261093378 0.120984666 0.791392863 0.041210644 -0.597797453
1757625558047374336.000000 1.427309990 -0.080424711 -0.263811707 -0.122938238 -0.792036355 -0.046276279 0.596173763
1757625558114041600.000000 1.405020714 -0.078767076 -0.268488765 -0.123512946 -0.793781400 -0.050823614 0.593357086
1757625558180708096.000000 1.384071708 -0.078765616 -0.273785710 -0.125023410 -0.796004891 -0.054244488 0.589748204
1757625558247375104.000000 1.362779737 -0.077748716 -0.280793548 -0.126468092 -0.797521770 -0.057797741 0.587047219
1757625558280708352.000000 1.351802826 -0.075740039 -0.284290910 -0.127682954 -0.797873914 -0.059679884 0.586116612
1757625558347373568.000000 1.324320793 -0.069029748 -0.285508752 -0.131396770 -0.796921849 -0.064142242 0.586119771
1757625558414039552.000000 1.309503078 -0.068543226 -0.302987337 -0.131906316 -0.791400015 -0.067050599 0.593119800
1757625558480705280.000000 1.289399028 -0.066250667 -0.312258482 -0.130530983 -0.784511626 -0.067421645 0.602459610
1757625558547371008.000000 1.273073196 -0.065674722 -0.329126596 0.128307492 0.776485026 0.064935870 -0.613507569
1757625558580703232.000000 1.253274918 -0.059659943 -0.324828863 -0.126179427 -0.773687482 -0.062820569 0.617689371
1757625558647368704.000000 1.232632875 -0.056577131 -0.338781238 -0.121839806 -0.764451265 -0.058568105 0.630348504
1757625558714033408.000000 1.208863735 -0.053956866 -0.351740956 -0.116338328 -0.753199458 -0.052171968 0.645317078
1757625558747365632.000000 1.194573879 -0.055568993 -0.358561397 -0.114619873 -0.747340798 -0.049731772 0.652587712
1757625558814030080.000000 1.166955709 -0.057801992 -0.375728011 -0.110348850 -0.736464798 -0.044176869 0.665951431
1757625558880696576.000000 1.145875454 -0.065379493 -0.396306515 -0.108490326 -0.728497922 -0.041835241 0.675107777
1757625558914029568.000000 1.121395230 -0.061146386 -0.402066231 -0.109728962 -0.724999964 -0.040714491 0.678731978
1757625558980695296.000000 1.093562126 -0.059546471 -0.416655779 -0.113570705 -0.712567151 -0.037032437 0.691359818
1757625559047361024.000000 1.077815533 -0.056093834 -0.437527299 0.118509963 0.695020735 0.037974060 -0.708138168
1757625559114025984.000000 1.052968979 -0.054103017 -0.448649645 0.124059439 0.679208815 0.043328870 -0.722085357
1757625559147358720.000000 1.036985397 -0.058401123 -0.448960066 -0.128237560 -0.672293842 -0.047357608 0.727553070
1757625559214022400.000000 1.014076233 -0.059179418 -0.458849728 -0.134066120 -0.659749269 -0.054525495 0.737417281
1757625559280687104.000000 0.992603719 -0.059791557 -0.466505647 -0.138644978 -0.647426128 -0.059747599 0.747025609
1757625559347351040.000000 0.972798407 -0.057318687 -0.473253310 -0.142462790 -0.634592772 -0.064149782 0.756889224
1757625559414014976.000000 0.953001261 -0.050492264 -0.480686128 -0.145505950 -0.620802641 -0.069609813 0.767194033
1757625559447346944.000000 0.942536712 -0.054545365 -0.478855133 -0.147561103 -0.614957035 -0.072734706 0.771209002
1757625559514010112.000000 0.923703313 -0.052716129 -0.483069122 -0.148991913 -0.607616067 -0.076845765 0.776336849
1757625559547342080.000000 0.915375531 -0.051860802 -0.485098720 -0.148726121 -0.606406152 -0.076875523 0.777330279
1757625559614004992.000000 0.902303994 -0.048616305 -0.488257825 0.148439512 0.607034087 0.074926294 -0.777085185
1757625559680666624.000000 0.879269004 -0.044069327 -0.488342583 -0.147615075 -0.609323323 -0.071077898 0.775811136
1757625559747329280.000000 0.857935190 -0.040239505 -0.487063944 -0.144918427 -0.615135789 -0.067488194 0.772044063
1757625559813993984.000000 0.834370136 -0.034677409 -0.484827697 -0.140856177 -0.624205709 -0.064122923 0.765777469
1757625559847327488.000000 0.821747363 -0.033563323 -0.483036876 -0.138333514 -0.629252613 -0.061042942 0.762350857
1757625559913993984.000000 0.794329762 -0.034171626 -0.476744652 -0.134570122 -0.639154255 -0.053761363 0.755302966
1757625559947327488.000000 0.781201005 -0.031925298 -0.471607387 -0.133519217 -0.643737435 -0.049134389 0.751904726
1757625560013993984.000000 0.752489448 -0.034344397 -0.464566886 -0.132258803 -0.650753260 -0.042288512 0.746484816
1757625560080660224.000000 0.723311663 -0.034045331 -0.456797123 -0.131271839 -0.655293584 -0.039610740 0.742825091
1757625560113991936.000000 0.709486842 -0.034874499 -0.454141378 0.128839463 0.657952547 0.040021196 -0.740875959
1757625560180657664.000000 0.683408022 -0.034686200 -0.449277937 0.123596482 0.664029121 0.039646272 -0.736354172
1757625560213990400.000000 0.669564724 -0.030038014 -0.445382059 -0.121380642 -0.666826189 -0.037934650 0.734282434
1757625560280655872.000000 0.644546807 -0.025949895 -0.440159738 -0.120600402 -0.669908106 -0.038279083 0.731582940
1757625560313988096.000000 0.631963849 -0.023802929 -0.438276768 -0.122108452 -0.669020653 -0.039536096 0.732077837
1757625560380653312.000000 0.606900752 -0.019837700 -0.433179617 -0.126793623 -0.663259864 -0.044379875 0.736233771
1757625560413985536.000000 0.595804095 -0.018817425 -0.432007313 -0.128840134 -0.659770727 -0.047868256 0.738790631
1757625560480650240.000000 0.574797273 -0.019417241 -0.431044161 -0.130284816 -0.655385673 -0.053298283 0.742061198
1757625560513982208.000000 0.565203607 -0.016500220 -0.429359853 -0.130638227 -0.654628634 -0.054510556 0.742579043
1757625560580645376.000000 0.546698093 -0.018553682 -0.434633911 0.130749032 0.653110862 0.058775228 -0.743570089
1757625560647309056.000000 0.529333174 -0.015801445 -0.432257116 0.134658873 0.650138319 0.062175069 -0.745199025
1757625560680641024.000000 0.520688474 -0.011433259 -0.425209969 -0.137055054 -0.648326278 -0.064295799 0.746160209
1757625560747304192.000000 0.501551509 -0.009244993 -0.420616090 -0.142327189 -0.641112983 -0.068237968 0.751039743
1757625560813969664.000000 0.483060896 -0.008459792 -0.415138453 -0.145538479 -0.631364405 -0.069301456 0.758547902
1757625560880638208.000000 0.465365171 -0.007006086 -0.410364121 -0.147560775 -0.618108392 -0.067939818 0.769124210
1757625560913972480.000000 0.456144363 -0.005551130 -0.408084363 -0.147533000 -0.610242963 -0.066967323 0.775469482
1757625560980639488.000000 0.436891019 -0.002614543 -0.404798001 0.148296550 0.592195988 0.065737486 -0.789297640
1757625561013973504.000000 0.423991263 -0.004626647 -0.403906703 -0.148987412 -0.581952870 -0.066538602 0.796684563
1757625561080640768.000000 0.405728817 0.000030309 -0.402984202 -0.148153007 -0.561774254 -0.065501563 0.811276793
1757625561147308288.000000 0.383265078 0.000028647 -0.403562784 -0.144469112 -0.542308152 -0.062559575 0.825298131
1757625561213975552.000000 0.363077015 0.001253828 -0.404402435 -0.141394928 -0.523355842 -0.060207013 0.838141620
1757625561247309056.000000 0.351395607 -0.000361033 -0.405089557 -0.139545128 -0.514195979 -0.058395986 0.844227314
1757625561313975808.000000 0.326503456 -0.003079224 -0.406678081 -0.136600688 -0.498767048 -0.056286201 0.854051292
1757625561380642304.000000 0.301286340 -0.005171783 -0.406121969 -0.136122242 -0.483477533 -0.054495096 0.862989306
1757625561413975552.000000 0.288614690 -0.005595062 -0.405225933 -0.136351451 -0.473896980 -0.052698009 0.868362248
1757625561480640768.000000 0.265510738 -0.005120568 -0.402282208 -0.136938870 -0.452145755 -0.050560348 0.879918039
1757625561547306496.000000 0.222786233 -0.005572237 -0.402414560 -0.140469760 -0.425552309 -0.050897185 0.892515004
1757625561613972224.000000 0.201895937 -0.000669319 -0.400087535 -0.143900558 -0.400573254 -0.051310647 0.903438389
1757625561680637696.000000 0.181484565 0.004345175 -0.398684591 -0.146846920 -0.375459492 -0.052831247 0.913605511
1757625561747302912.000000 0.161533713 0.007608216 -0.393683702 -0.150303975 -0.351843953 -0.056546073 0.922180653
1757625561780635392.000000 0.149696946 0.007667076 -0.391469121 -0.152113855 -0.341291338 -0.058254194 0.925736547
1757625561847302912.000000 0.133382812 0.006304502 -0.385694921 -0.153398708 -0.319781691 -0.058733959 0.933144629
1757625561913969152.000000 0.120243192 0.005186910 -0.379919231 -0.153588325 -0.295901507 -0.058278982 0.940986991
1757625561947303168.000000 0.138603270 0.007068906 -0.375226140 -0.151976794 -0.287375122 -0.057509612 0.943933904
1757625562013969664.000000 0.102545254 0.008966917 -0.362885058 -0.152941495 -0.264843971 -0.058751799 0.950270951
1757625562080636416.000000 0.088515535 0.012518065 -0.350710154 -0.154001907 -0.249276757 -0.059961654 0.954226971
1757625562147302912.000000 0.079453722 0.014910504 -0.334391594 -0.154324815 -0.240486488 -0.059495050 0.956457317
1757625562213969152.000000 0.073228262 0.018085392 -0.317268908 -0.152290270 -0.237222418 -0.055448737 0.957840681
1757625562280635136.000000 0.070609599 0.020349106 -0.298102528 -0.150254190 -0.237608418 -0.048102267 0.958463490
1757625562347299840.000000 0.068205476 0.019005550 -0.273983717 -0.149244577 -0.239249259 -0.039932929 0.958588183
1757625562413965056.000000 0.063256636 0.018345788 -0.249235541 -0.148757055 -0.240653455 -0.033337995 0.958564520
1757625562480630272.000000 0.060118116 0.023555148 -0.222670987 -0.147802159 -0.241727099 -0.029770752 0.958559453
1757625562547294976.000000 0.057953812 0.022842355 -0.200242504 -0.149069920 -0.243730947 -0.029079514 0.957876682
1757625562613959424.000000 0.049607471 0.025607422 -0.175684750 -0.153264701 -0.246239722 -0.030951226 0.956513464
1757625562647291648.000000 0.046121612 0.026688274 -0.165041938 -0.154031515 -0.247113034 -0.031715114 0.956139982
1757625562713955840.000000 0.040742073 0.029711155 -0.147424325 -0.151416674 -0.248161271 -0.033496499 0.956225455
1757625562780618752.000000 0.037111122 0.033394750 -0.132556751 -0.149662361 -0.245510563 -0.034616437 0.957145452
1757625562847285760.000000 0.033042859 0.038663443 -0.118277922 -0.151804224 -0.237810597 -0.037176710 0.958655059
1757625562913952000.000000 0.027924757 0.040843941 -0.104791276 -0.155492648 -0.226557374 -0.039175421 0.960707664
1757625562980618752.000000 0.023922348 0.043463204 -0.096166149 -0.154540807 -0.216553941 -0.039780580 0.963140190
1757625563047284480.000000 0.018402509 0.041457664 -0.086319491 -0.152645499 -0.208165407 -0.038823161 0.965328634
1757625563113950464.000000 0.012539312 0.042282507 -0.078347981 -0.151435167 -0.197356954 -0.038172457 0.967812240
1757625563147283200.000000 0.008650566 0.042422488 -0.073295809 -0.152433515 -0.191378012 -0.038353942 0.968848586
1757625563213947648.000000 -0.001055110 0.043862656 -0.062155515 -0.154505312 -0.179701194 -0.040483661 0.970668197
1757625563280612608.000000 -0.013052475 0.044757877 -0.053512361 -0.153930515 -0.168036431 -0.042742126 0.972749829
1757625563347277568.000000 -0.025531413 0.046475150 -0.044939712 -0.151556522 -0.154549569 -0.044056091 0.975297034
1757625563413942016.000000 -0.038891289 0.048976205 -0.036019981 -0.148702815 -0.137760043 -0.043223627 0.978284955
1757625563447274496.000000 -0.046020050 0.048850842 -0.031357303 -0.146742702 -0.127985090 -0.042485207 0.979939520
1757625563513938432.000000 -0.062909685 0.050828893 -0.022492500 -0.140756160 -0.106581092 -0.040575363 0.983454108
1757625563580602368.000000 -0.075515069 0.047595669 -0.012295259 -0.135691896 -0.086035378 -0.039044179 0.986235917
1757625563647265024.000000 -0.092722327 0.047667425 -0.002010911 -0.133055300 -0.064708106 -0.039145023 0.988219023
1757625563713928192.000000 -0.110691451 0.048141632 0.009272858 -0.131156847 -0.042531524 -0.038493346 0.989700615
1757625563780591104.000000 -0.127153859 0.047564123 0.020035900 -0.128903717 -0.022282507 -0.036960207 0.990717530
1757625563847257856.000000 -0.142502785 0.047244154 0.028256614 -0.125747800 -0.004594442 -0.035872672 0.991402805
1757625563880591104.000000 -0.149570972 0.047248229 0.033279244 -0.124576449 0.003646486 -0.035442315 0.991570175
1757625563947257344.000000 -0.163260549 0.048448540 0.041892085 -0.122805960 0.019330947 -0.034013201 0.991659284
1757625564013923584.000000 -0.176332340 0.049386762 0.049166370 -0.121050820 0.034044243 -0.034209456 0.991472363
1757625564047256320.000000 -0.182769060 0.050633956 0.053092442 -0.120646231 0.041343879 -0.034311499 0.991240621
1757625564113921024.000000 -0.194243342 0.053877547 0.060582902 -0.121106729 0.055105992 -0.034114610 0.990521431
1757625564147253760.000000 -0.198398709 0.054296542 0.064030610 -0.122246146 0.061399952 -0.033838086 0.990020692
1757625564213918976.000000 -0.206167698 0.056283630 0.070417225 -0.124014422 0.074776173 -0.032208189 0.988934636
1757625564247251456.000000 -0.210036561 0.057608582 0.072484083 -0.123741187 0.082183801 -0.030878574 0.988423228
1757625564313915904.000000 -0.215252548 0.059283800 0.074823871 -0.122512348 0.098080456 -0.028421173 0.987199664
1757625564347248384.000000 -0.217627734 0.059845865 0.074802049 -0.121722050 0.105933949 -0.027098149 0.986522913
1757625564413912576.000000 -0.222310111 0.060556319 0.076089077 -0.119490400 0.119232774 -0.025854364 0.985310733
1757625564480576768.000000 -0.228607893 0.060993589 0.076130167 -0.116879731 0.128008366 -0.026216622 0.984512925
1757625564513908736.000000 -0.231979966 0.060752928 0.074788094 -0.115113713 0.131376296 -0.026951501 0.984257460
1757625564580571136.000000 -0.235997066 0.059757490 0.074612424 -0.110360928 0.136808529 -0.028956775 0.984004796
1757625564613902848.000000 -0.237143651 0.057666302 0.073382966 -0.107760414 0.139409706 -0.029918242 0.983899176
1757625564680566016.000000 -0.237142980 0.057217475 0.071659714 -0.102546223 0.144134447 -0.031665646 0.983720958
1757625564747229184.000000 -0.237320617 0.053661253 0.067183435 -0.099165842 0.146375701 -0.032555562 0.983707547
1757625564780560128.000000 -0.236397758 0.052983001 0.066416837 -0.098246515 0.146275908 -0.032496568 0.983816564
1757625564847226112.000000 -0.232278690 0.054380298 0.067557022 -0.096266821 0.145595998 -0.032130584 0.984125137
1757625564913891584.000000 -0.227778599 0.053922959 0.067841597 -0.093381360 0.147114649 -0.031781722 0.984188557
1757625564980556032.000000 -0.224067032 0.054376204 0.067638770 -0.091028899 0.148222253 -0.031603027 0.984248519
1757625565013888256.000000 -0.222273991 0.052898224 0.066931449 -0.090455368 0.147686511 -0.031537134 0.984384120
1757625565080553216.000000 -0.219658285 0.052794144 0.067484856 -0.089765273 0.144880608 -0.032142110 0.984844506
1757625565113885440.000000 -0.218613297 0.052589048 0.066972315 -0.090030484 0.143390566 -0.032534778 0.985025525
1757625565180550144.000000 -0.217355683 0.052626323 0.068229049 -0.090941451 0.141524792 -0.032734323 0.985205054
1757625565247214080.000000 -0.216773197 0.048784710 0.067950279 -0.091045335 0.142224833 -0.031959817 0.985119998
1757625565313877760.000000 -0.214389607 0.052745618 0.073040821 -0.091751099 0.146094903 -0.032076728 0.984484196
1757625565347209728.000000 -0.216169357 0.050319128 0.073245406 -0.092982963 0.148539245 -0.032271549 0.983996332
1757625565413872896.000000 -0.216565579 0.051815595 0.077015936 -0.094942793 0.153488025 -0.031784642 0.983065188
1757625565480535296.000000 -0.217827320 0.053282641 0.079632491 -0.096817099 0.160851151 -0.031546377 0.981711924
1757625565513866752.000000 -0.218284875 0.053085215 0.081793152 -0.097916819 0.165283069 -0.031420838 0.980870306
1757625565580529152.000000 -0.220047146 0.054502133 0.084196314 -0.099817500 0.174939066 -0.030560156 0.979029655
1757625565647191808.000000 -0.220365316 0.056653216 0.088649318 -0.103246473 0.187301785 -0.029339178 0.976420760
1757625565713853952.000000 -0.220303208 0.059235960 0.094582230 -0.108049795 0.203187242 -0.028967837 0.972728729
1757625565747184640.000000 -0.220595628 0.060430329 0.097931251 -0.110887699 0.211084872 -0.028698556 0.970733523
1757625565813885184.000000 -0.220346898 0.064196117 0.104213238 -0.116943836 0.225063443 -0.027391834 0.966912806
1757625565847261184.000000 -0.217680484 0.062503472 0.108157158 -0.118721627 0.231219143 -0.026072934 0.965278804
1757625565914014208.000000 -0.215167999 0.063112669 0.117070980 -0.121423997 0.242937922 -0.023962377 0.962113976
1757625565980770048.000000 -0.208355889 0.067394957 0.128489092 -0.124356441 0.253501147 -0.022146776 0.959052801
1757625566014148352.000000 -0.206616476 0.067716859 0.133133158 -0.126248494 0.257887691 -0.021375382 0.957652509
1757625566080907264.000000 -0.202144861 0.067580730 0.138882965 -0.129273579 0.263814956 -0.019349884 0.955675542
1757625566147667968.000000 -0.192349494 0.066749781 0.148352370 -0.129459783 0.266592324 -0.016581232 0.954931319
1757625566181049088.000000 -0.186885998 0.065912589 0.152519032 -0.129142866 0.266856283 -0.014662539 0.954931855
1757625566247812864.000000 -0.173535898 0.065858930 0.164318249 -0.128008649 0.264925450 -0.010180289 0.955680251
1757625566281195520.000000 -0.166001603 0.065193258 0.170070156 -0.127094954 0.262525797 -0.008081434 0.956484139
1757625566347960832.000000 -0.145709753 0.067438491 0.189576715 -0.124686934 0.257328868 -0.002191140 0.958243370
1757625566414729472.000000 -0.130306125 0.065762348 0.200692818 -0.122338600 0.253272593 0.003292137 0.959622562
1757625566448114432.000000 -0.121254429 0.066171944 0.209032610 -0.122213498 0.251308590 0.005123177 0.960146666
1757625566481499904.000000 -0.110967867 0.067371190 0.217632279 -0.122024164 0.249406189 0.007585160 0.960650384
1757625566548272384.000000 -0.090686209 0.067928150 0.233724177 -0.119176753 0.245625168 0.011856776 0.961937964
1757625566581659392.000000 -0.080717348 0.066923626 0.241506994 -0.116244756 0.243126422 0.013144604 0.962914288
1757625566615047168.000000 -0.068773657 0.062393092 0.249785170 -0.113123581 0.240038604 0.014010865 0.964047909
1757625566681823488.000000 -0.049696960 0.060109712 0.266240448 -0.108092323 0.233078301 0.013473528 0.966337979
1757625566748601856.000000 -0.031978093 0.058237568 0.290225148 -0.104754955 0.226720318 0.010837946 0.968249381
1757625566781996800.000000 -0.023574725 0.056725211 0.299056202 -0.103820197 0.223370194 0.008987990 0.969147265
1757625566848679424.000000 -0.007051399 0.054916754 0.316739798 -0.103941925 0.216118202 0.006059865 0.970799863
1757625566915361792.000000 0.009734675 0.059729099 0.338009268 -0.105624586 0.209044605 0.004380411 0.972175241
1757625566948702976.000000 0.017901618 0.061997361 0.347735137 -0.108409300 0.205903128 0.004281566 0.972539485
1757625567015385344.000000 0.033045996 0.066065691 0.369799078 -0.117882945 0.201293603 0.003965619 0.972403646
1757625567048726784.000000 0.039364599 0.067010790 0.380709976 -0.122966304 0.199310064 0.003108000 0.972185731
1757625567115409152.000000 0.050253093 0.068158925 0.403695554 -0.130584478 0.193687186 0.001964765 0.972331882
1757625567182091776.000000 0.059150767 0.068909571 0.424127549 -0.134780139 0.187870353 0.002853033 0.972898245
1757625567248773120.000000 0.065016538 0.069369867 0.442838013 -0.138641745 0.185568750 0.003852538 0.972793877
1757625567282114560.000000 0.068500742 0.071275435 0.454512805 -0.141947567 0.186005712 0.004559354 0.972230434
1757625567348797184.000000 0.075989448 0.074379325 0.481862307 -0.149142236 0.189682916 0.005108177 0.970438540
1757625567415479296.000000 0.079355575 0.081472680 0.509396017 -0.155379221 0.196915984 0.003636510 0.968022883
1757625567482161920.000000 0.081457973 0.083625138 0.532628357 -0.161219001 0.207007051 0.000040715 0.964964569
1757625567548844544.000000 0.082349911 0.086711854 0.558013678 -0.162893206 0.218924895 -0.002557179 0.962045372
1757625567582185728.000000 0.082250722 0.088176697 0.571520448 -0.162562445 0.224990204 -0.003930716 0.960696340
1757625567648867328.000000 0.082163177 0.088699490 0.597921789 -0.161819398 0.237779424 -0.006135124 0.957725346
1757625567715549952.000000 0.081977814 0.087312222 0.624755263 -0.159369379 0.251704812 -0.006375219 0.954570830
1757625567782232576.000000 0.081151009 0.085890226 0.651165843 -0.156731457 0.263845742 -0.007843859 0.951713800
1757625567848914944.000000 0.080183007 0.086672246 0.675664008 -0.152566582 0.275536478 -0.006904534 0.949081421
1757625567915597056.000000 0.079707131 0.084290504 0.697378337 -0.146624237 0.289569050 -0.004835256 0.945847631
1757625567948937984.000000 0.078084230 0.085373253 0.705131471 -0.141249642 0.297511637 -0.003677026 0.944204390
1757625568015620352.000000 0.077630945 0.087082252 0.721752703 -0.133360744 0.312828839 -0.001425132 0.940399408
1757625568082302464.000000 0.080067657 0.087620072 0.739518166 -0.131886110 0.327494681 0.001351725 0.935602188
1757625568148983808.000000 0.084506899 0.087226570 0.757195532 -0.130691409 0.342590958 0.002828425 0.930345774
1757625568182324736.000000 0.087059550 0.087005407 0.765440464 -0.129499704 0.350484878 0.003507128 0.927565634
1757625568249006848.000000 0.094641104 0.088287428 0.779140115 -0.127591014 0.367342293 0.005238625 0.921277821
1757625568315688960.000000 0.103201397 0.090239674 0.791068792 -0.125545248 0.384233177 0.007495749 0.914629519
1757625568382371072.000000 0.113628462 0.091211200 0.803796411 -0.126820400 0.399692923 0.008974579 0.907789469
1757625568415712256.000000 0.120782182 0.093075909 0.810886145 -0.127898961 0.406372935 0.009682734 0.904659688
1757625568482394368.000000 0.135380000 0.093294129 0.821385801 -0.129379123 0.415202409 0.010774007 0.900417745
1757625568515735552.000000 0.143325880 0.093113102 0.826544821 -0.128942773 0.417126834 0.011743610 0.899578333
1757625568582416896.000000 0.160839573 0.093118094 0.834196627 -0.125252157 0.418366194 0.015408137 0.899468899
1757625568649098752.000000 0.180922925 0.094703183 0.840902627 -0.118788272 0.416198343 0.020613069 0.901245475
1757625568682439936.000000 0.192432970 0.094840862 0.843201220 -0.114812948 0.414394736 0.023876959 0.902510345
1757625568749122048.000000 0.217144296 0.093521908 0.850467503 -0.104136296 0.411653012 0.030712452 0.904850364
1757625568782462976.000000 0.231363386 0.091918044 0.854107738 -0.099337280 0.411326617 0.033925913 0.905423462
1757625568849145600.000000 0.258708358 0.090356424 0.863088131 -0.093324408 0.412093461 0.038833421 0.905517280
1757625568882486784.000000 0.272457242 0.091225192 0.872051120 -0.092520557 0.412651062 0.041479945 0.905228436
1757625568949169408.000000 0.297836125 0.085669808 0.881126642 -0.088096477 0.412517220 0.043942280 0.905614555
1757625569015851008.000000 0.318946660 0.080867715 0.895954430 -0.083080709 0.411781102 0.043046579 0.906466186
1757625569049192448.000000 0.329012871 0.078652024 0.901931345 -0.081165358 0.411348313 0.042207506 0.906875610
1757625569115874816.000000 0.347131908 0.077836193 0.913558304 -0.079254806 0.412468046 0.040777706 0.906601310
1757625569149216256.000000 0.356272876 0.078478813 0.919764280 -0.078869127 0.415341288 0.039444145 0.905381441
1757625569215898880.000000 0.374743879 0.080674648 0.934478045 -0.083389953 0.424004465 0.039751891 0.900936306
1757625569282580992.000000 0.391862154 0.080751933 0.947751462 -0.089835770 0.432556063 0.039779220 0.896237969
1757625569315922176.000000 0.399487913 0.081812501 0.953792214 -0.093633175 0.436106563 0.040128522 0.894110501
1757625569349263616.000000 0.407372236 0.082059786 0.959295034 -0.097110458 0.439256728 0.040414944 0.892182648
1757625569415946240.000000 0.421898544 0.079546489 0.968724668 -0.100002669 0.444939315 0.041391972 0.888996780
1757625569449286656.000000 0.428343236 0.081915244 0.975429058 -0.100037351 0.448334247 0.042394757 0.887238264
1757625569515969024.000000 0.442909300 0.082926698 0.985708475 -0.101940431 0.457916677 0.044466000 0.882010996
1757625569549310208.000000 0.450595051 0.081425481 0.990659356 -0.103658482 0.463882327 0.044538926 0.878683329
1757625569582651648.000000 0.457058966 0.082100220 0.996407747 -0.105363354 0.470382661 0.044337403 0.875027418
1757625569649334272.000000 0.466405898 0.082609594 1.005153656 -0.106235854 0.482648045 0.043160737 0.868275344
1757625569682675712.000000 0.471569747 0.083325535 1.011039495 -0.105383880 0.488439173 0.042300999 0.865177512
1757625569749357824.000000 0.481995314 0.082818091 1.023699284 -0.103109911 0.501290560 0.041446898 0.858113229
1757625569782699008.000000 0.487281084 0.084205113 1.029290676 -0.102492832 0.508420289 0.040814608 0.854013085
1757625569816040704.000000 0.493256599 0.086536244 1.035618782 -0.102110572 0.516129255 0.040753938 0.849425197
1757625569882723072.000000 0.504565835 0.086791895 1.050213575 -0.098774597 0.531774580 0.039327297 0.840186179
1757625569916065024.000000 0.508278608 0.087094173 1.058245897 -0.096287593 0.538815796 0.038260195 0.836027801
1757625569982748160.000000 0.519511938 0.085838959 1.074216247 -0.091100194 0.552191913 0.038709395 0.827820361
1757625570016089856.000000 0.524717987 0.085562497 1.082690477 -0.088524766 0.558928251 0.038867947 0.823560536
1757625570082773248.000000 0.535240650 0.084739357 1.100687981 -0.084500082 0.571347117 0.037932787 0.815465152
1757625570149456384.000000 0.545633554 0.087539151 1.117715120 -0.079294264 0.579452157 0.035472818 0.810363710
1757625570182798336.000000 0.549705923 0.086946756 1.126875639 -0.077224329 0.583358169 0.035517860 0.807755113
1757625570249481728.000000 0.557558775 0.082771540 1.145866275 -0.073271275 0.594399810 0.034455720 0.800083041
1757625570282823680.000000 0.562689066 0.080241039 1.156301260 -0.072127536 0.600711048 0.033860870 0.795485616
1757625570349505792.000000 0.575041652 0.078825146 1.174784064 -0.071628451 0.610618651 0.031792883 0.788037717
1757625570382847488.000000 0.580596268 0.080096051 1.185763955 -0.072255313 0.614964783 0.030699067 0.784636915
1757625570416189440.000000 0.586644530 0.082670391 1.202647328 -0.073819712 0.620099187 0.028311914 0.780529499
1757625570482872832.000000 0.594979405 0.085558444 1.218426228 0.078428403 -0.629705489 -0.022789383 -0.772528708
1757625570549556480.000000 0.606182694 0.089819148 1.237048626 0.084827363 -0.638707101 -0.021541623 -0.764456391
1757625570582897920.000000 0.612087250 0.090981111 1.244244576 0.088139817 -0.643490911 -0.022277361 -0.760035932
1757625570649581312.000000 0.629383147 0.095230997 1.256753922 0.091995887 -0.653490841 -0.022908395 -0.750973821
1757625570716265216.000000 0.634569645 0.090900905 1.265471101 0.091679618 -0.664731145 -0.022131899 -0.741105735
1757625570749606912.000000 0.638109207 0.090302520 1.272870064 -0.090019852 0.670691431 0.021490457 0.735939980
1757625570782947584.000000 0.642645359 0.088145517 1.274383068 -0.088418014 0.676351488 0.021663118 0.730932117
1757625570849631744.000000 0.654224396 0.086626634 1.276412010 0.085577749 -0.688340604 -0.024943767 -0.719889998
1757625570882974208.000000 0.660706997 0.086003393 1.275771737 0.085731715 -0.694469094 -0.027194196 -0.713879108
1757625570949658368.000000 0.676053762 0.086594261 1.273268223 0.088533655 -0.706767738 -0.032041192 -0.701152384
1757625570983000576.000000 0.684062183 0.085711725 1.272228122 0.089915410 -0.712645113 -0.034391373 -0.694888115
1757625571016342784.000000 0.692462683 0.084941611 1.271097660 0.089647107 -0.717920959 -0.036972951 -0.689337313
1757625571083027200.000000 0.707471848 0.080743022 1.261515141 0.084523842 -0.726522863 -0.040842790 -0.680699825
1757625571116369408.000000 0.715310454 0.079358868 1.256186485 0.080341652 -0.730159998 -0.042681839 -0.677192748
1757625571183053824.000000 0.727881670 0.076154657 1.243113279 0.068211973 -0.737277448 -0.046379767 -0.670535684
1757625571216395008.000000 0.734711945 0.075709775 1.235402584 0.061022077 -0.740896344 -0.048190627 -0.667103171
1757625571249737216.000000 0.743484318 0.074577123 1.220944047 -0.053227980 0.745094240 0.050291695 0.662926912
1757625571316421632.000000 0.761535764 0.069392227 1.206688046 -0.041013461 0.755851924 0.056487903 0.651010752
1757625571349763840.000000 0.766952574 0.069970801 1.202710032 0.035765789 -0.761715412 -0.058133341 -0.644306600
1757625571383106304.000000 0.775592506 0.066531494 1.196179867 0.031030400 -0.767029941 -0.059668463 -0.638076723
1757625571449790720.000000 0.802076519 0.068090096 1.188147545 0.024502080 -0.775410354 -0.064000204 -0.627727985
1757625571483132928.000000 0.807821989 0.061864834 1.179623365 0.021311238 -0.779481351 -0.067762002 -0.622385025
1757625571516475136.000000 0.817813456 0.060637053 1.171619892 0.018396294 -0.783734858 -0.070357017 -0.616823554
1757625571583159808.000000 0.837206423 0.058048837 1.161343455 0.013479494 -0.792160869 -0.073675901 -0.605699062
1757625571616502016.000000 0.845770419 0.057353567 1.156876802 0.011456884 -0.795462012 -0.074914284 -0.601246059
1757625571683185664.000000 0.862853050 0.053067490 1.144557953 -0.008283081 0.799747348 0.075689092 0.595488727
1757625571716527872.000000 0.869794369 0.051721673 1.141049385 -0.007215464 0.801141381 0.075491317 0.593651116
1757625571783212544.000000 0.883992970 0.051202957 1.134330273 -0.007868201 0.803462625 0.076396033 0.590380967
1757625571816553472.000000 0.892687380 0.052073881 1.128705859 -0.008456939 0.805113673 0.076995403 0.588040948
1757625571883235840.000000 0.906509042 0.055632453 1.122069001 -0.011202478 0.808876932 0.078932807 0.582548141
1757625571916576768.000000 0.913321495 0.057626575 1.119080067 -0.013001397 0.810815156 0.080454029 0.579600692
1757625571983258624.000000 0.932853639 0.063066170 1.114100218 0.015570637 -0.814959824 -0.081528082 -0.573542714
1757625572016599808.000000 0.936667144 0.062148303 1.110820293 0.015270215 -0.816877604 -0.081138566 -0.570871592
1757625572083281920.000000 0.946766317 0.060040727 1.104737878 0.012893300 -0.820707917 -0.081137069 -0.565410614
1757625572116622080.000000 0.950891078 0.060459021 1.100019932 0.010579714 -0.823278189 -0.082032226 -0.561579823
1757625572183304192.000000 0.962877452 0.061161280 1.089269757 0.009279729 -0.831086755 -0.088043824 -0.549051106
1757625572216645120.000000 0.970705450 0.062841728 1.083861113 0.010365524 -0.835944891 -0.091340490 -0.541059792
1757625572283326976.000000 0.985897183 0.065156527 1.073654175 0.013282995 -0.845953226 -0.098282881 -0.523953497
1757625572316668160.000000 0.991279364 0.063943416 1.070577860 0.014243791 -0.850588977 -0.100517437 -0.515937746
1757625572383350016.000000 1.002544761 0.061850641 1.062695742 0.012863859 -0.859007955 -0.101996005 -0.501534402
1757625572416690944.000000 1.008545518 0.061239965 1.059597015 0.011314043 -0.863217771 -0.101821281 -0.494327366
1757625572483373312.000000 1.017947912 0.064399913 1.054287672 0.010136533 -0.872656405 -0.102024376 -0.477450728
1757625572550054400.000000 1.033316851 0.055308376 1.044276714 -0.009992163 0.882801890 0.102899358 0.458227992
1757625572583395328.000000 1.039451480 0.063331991 1.042742610 0.008608951 -0.888369739 -0.101777218 -0.447623134
1757625572650077440.000000 1.053140283 0.060690798 1.038286805 0.005462009 -0.899140358 -0.098499522 -0.426397264
1757625572683418368.000000 1.060419321 0.058540121 1.036137223 0.002933244 -0.905027330 -0.094532952 -0.414705247
1757625572750100480.000000 1.075068831 0.054949280 1.034973979 -0.002004544 -0.915544331 -0.086011738 -0.392907739
1757625572816782592.000000 1.092871547 0.053117447 1.033076644 -0.004336882 -0.924589753 -0.078682877 -0.372725129
1757625572850123776.000000 1.103087664 0.052603029 1.035039306 -0.004618410 -0.928424239 -0.075280711 -0.363785625
1757625572883464960.000000 1.113597035 0.053522214 1.037288308 -0.004266461 -0.931589127 -0.072248243 -0.356235534
1757625572950147584.000000 1.129433393 0.035712674 1.033840537 0.004228734 0.936670423 0.068162546 0.343488812
1757625572983487744.000000 1.145152450 0.040380329 1.038270950 -0.006731413 -0.939659178 -0.065325826 -0.335749865
1757625573050170368.000000 1.157859087 0.031847239 1.031868815 0.011702999 0.945490181 0.060717311 0.319726318
1757625573083511552.000000 1.166535020 0.031813905 1.030352116 0.014114164 0.948715210 0.059718259 0.310119539
1757625573116852736.000000 1.180403948 0.038477570 1.032922387 -0.016463518 -0.951669276 -0.059583399 -0.300839424
1757625573183535360.000000 1.197391033 0.040263049 1.026551962 -0.018991536 -0.956447840 -0.062550679 -0.284489691
1757625573216876544.000000 1.207730770 0.040268891 1.020457268 -0.016856432 -0.958423376 -0.065298349 -0.277266562
1757625573283559168.000000 1.225892186 0.039068364 1.009701133 -0.009939497 -0.961863101 -0.069814526 -0.264284968
1757625573350241536.000000 1.238345623 0.036327440 0.999831855 -0.007226834 -0.964527786 -0.071409218 -0.254037052
1757625573383582720.000000 1.243042111 0.033568341 0.994656324 -0.008297685 -0.965880334 -0.071770720 -0.248707518
1757625573450264320.000000 1.251299977 0.033407278 0.983596861 -0.011515282 -0.968938828 -0.072207130 -0.236243710
1757625573483605504.000000 1.254251838 0.030020565 0.971039116 -0.012186034 -0.970356166 -0.073389001 -0.229944453
1757625573550288128.000000 1.262004375 0.031774610 0.956563711 -0.011522179 -0.972793698 -0.078083701 -0.217813447
1757625573583629056.000000 1.265078187 0.031271450 0.946219921 -0.010768960 -0.973609805 -0.081085421 -0.213056907
1757625573650311680.000000 1.263014078 0.030659266 0.922706902 0.011521897 0.974255264 0.085384868 0.208334848
1757625573683652864.000000 1.266631484 0.030623674 0.911200404 0.012209262 0.974230111 0.086295992 0.208037868
1757625573750335488.000000 1.278370857 0.027506493 0.884687424 -0.014685526 -0.973454416 -0.086542435 -0.211379677
1757625573783676672.000000 1.280431390 0.028906949 0.872153103 -0.016738767 -0.972845376 -0.086070880 -0.214204684
1757625573817018624.000000 1.281604052 0.029614843 0.859760284 -0.018103549 -0.972054958 -0.085910060 -0.217717648
1757625573883701504.000000 1.284334183 0.026651755 0.832788944 -0.019976519 -0.970226169 -0.086420879 -0.225374237
1757625573917043712.000000 1.286192775 0.022412948 0.819066882 -0.021048820 -0.969658673 -0.085810445 -0.227937862
1757625573983727616.000000 1.286270857 0.014732294 0.789796114 -0.025313169 -0.969615459 -0.082210131 -0.229012311
1757625574050412032.000000 1.285689116 0.008963861 0.764069200 -0.030592894 -0.969295800 -0.079584278 -0.230642989
1757625574083753728.000000 1.285568237 0.006706789 0.750230730 -0.032224353 -0.968829095 -0.078401379 -0.232776761
1757625574150438144.000000 1.282243490 0.003524065 0.720983744 0.033231445 0.968383849 0.078408472 0.234479308
1757625574217122048.000000 1.282740355 0.002273172 0.692302585 0.031272393 0.968291819 0.080195062 0.234524876
1757625574250464256.000000 1.283565044 0.003552094 0.675952375 -0.029932756 -0.967934072 -0.080346227 -0.236118913
1757625574317147136.000000 1.284000397 0.000999965 0.655470908 -0.029027387 -0.967035294 -0.080466248 -0.239844590
1757625574350489600.000000 1.284825087 0.002049930 0.645128548 -0.029708868 -0.966589332 -0.080703877 -0.241473451
1757625574383831552.000000 1.284642816 0.002241790 0.636034727 -0.030368939 -0.966379225 -0.080795355 -0.242200568
1757625574450515456.000000 1.285169840 0.001140065 0.619007289 -0.030827366 -0.966709554 -0.082155377 -0.240360051
1757625574483857920.000000 1.275917768 -0.001050033 0.612717032 -0.030771917 -0.966778219 -0.082757242 -0.239884019
1757625574550541824.000000 1.287386179 -0.004057400 0.596045673 -0.029285474 -0.966964841 -0.083450362 -0.239076510
1757625574583884288.000000 1.287510395 -0.006542452 0.588652492 -0.029500630 -0.966905534 -0.083453983 -0.239288509
1757625574617226240.000000 1.288641930 -0.007429529 0.580471992 -0.029892815 -0.966953039 -0.084035963 -0.238843694
1757625574683910656.000000 1.290208578 -0.007891331 0.562196970 -0.030442655 -0.967745364 -0.086386621 -0.234690309
1757625574717252608.000000 1.291561007 -0.003268480 0.559027731 0.030677477 0.968705893 0.087679848 0.230174080
1757625574783936000.000000 1.293804646 -0.005216792 0.540120423 0.029808227 0.970846117 0.090121001 0.220108047
1757625574817277952.000000 1.285030603 -0.011297408 0.527164340 -0.029798089 -0.971554816 -0.091228031 -0.216496587
1757625574850619392.000000 1.288842559 -0.010930985 0.519887984 -0.029588781 -0.972620368 -0.090842925 -0.211853161
1757625574917302784.000000 1.292066216 -0.014554072 0.504660547 -0.029356074 -0.974366963 -0.087260462 -0.205263019
1757625574983986176.000000 1.302317381 -0.015877392 0.492357463 -0.028961426 -0.976066709 -0.084786572 -0.198157117
1757625575017327616.000000 1.303999424 -0.015501391 0.481091291 -0.028770395 -0.976757407 -0.084216066 -0.195000172
1757625575084011008.000000 1.314734221 -0.015272133 0.463036269 -0.024769459 -0.978717148 -0.083134897 -0.185978472
1757625575117352704.000000 1.322033644 -0.016901083 0.454284728 -0.022493184 -0.979861081 -0.082212366 -0.180575863
1757625575184036096.000000 1.336399436 -0.020119548 0.438015074 -0.013818594 -0.981999815 -0.076834276 -0.171993986
1757625575217376768.000000 1.346441865 -0.022613084 0.433085978 -0.008093844 -0.982649267 -0.073120177 -0.170260116
1757625575250718720.000000 1.357014179 -0.033891134 0.423494011 -0.000168916 0.982997775 0.069096647 0.170120493
1757625575317401600.000000 1.372851729 -0.039053157 0.412639856 -0.008753499 0.983843267 0.059247252 0.168717667
1757625575350743296.000000 1.379633307 -0.034141328 0.407607079 0.011162882 -0.984441042 -0.053813536 -0.166899458
1757625575417426944.000000 1.393839717 -0.037651863 0.394815445 0.015129648 -0.985167980 -0.047607299 -0.164160818
1757625575450768128.000000 1.401713848 -0.036470924 0.388344616 0.017192651 -0.985548377 -0.044766340 -0.162464797
1757625575517451776.000000 1.417003512 -0.034301825 0.376405180 0.022030611 -0.986007452 -0.041762721 -0.159874722
1757625575550793472.000000 1.421814919 -0.033677787 0.368256837 0.023607733 -0.986103892 -0.041239180 -0.159189329
1757625575617476608.000000 1.434129119 -0.033650540 0.350834072 0.027502812 -0.985933423 -0.042231523 -0.159359381
1757625575650817280.000000 1.438877821 -0.035329163 0.342315227 0.029892499 -0.985635281 -0.043154240 -0.160521790
1757625575717500928.000000 1.445943117 -0.037728801 0.324915111 0.031494688 -0.985090733 -0.044616815 -0.163137212
1757625575750842624.000000 1.447886348 -0.040238403 0.316578954 0.030503321 -0.985012531 -0.044850606 -0.163732246
1757625575817525504.000000 1.450619817 -0.042644374 0.299985498 0.028866474 -0.985060632 -0.043963104 -0.163980335
1757625575850866944.000000 1.451517105 -0.043715365 0.290737599 0.028290180 -0.985002279 -0.043975104 -0.164427608
1757625575884208128.000000 1.450172544 -0.043786399 0.273069084 -0.028780077 0.984786928 0.044569924 0.165469080
1757625575950890752.000000 1.450447321 -0.046165802 0.248497218 -0.030022591 0.983882427 0.048002753 0.169616640
1757625576017573632.000000 1.460689425 -0.046031341 0.220835686 0.031114658 -0.982320130 -0.052564982 -0.176963165
1757625576050914560.000000 1.462277293 -0.046243258 0.207029462 0.031367511 -0.981266439 -0.053927597 -0.182274863
1757625576117596160.000000 1.466036916 -0.044288814 0.180362999 0.033377014 -0.978772342 -0.055122919 -0.194556624
1757625576150937600.000000 1.464928746 -0.043047056 0.166467130 0.034355506 -0.977224648 -0.054176107 -0.202278793
1757625576217620224.000000 1.461126685 -0.040162086 0.141432405 0.034339018 -0.973839223 -0.051194217 -0.218717203
1757625576250961664.000000 1.458865285 -0.040504739 0.125888348 0.034305036 -0.971921265 -0.052031096 -0.226903155
1757625576317644032.000000 1.456519842 -0.042896837 0.092627764 0.035426784 -0.967792273 -0.050914250 -0.243989408
1757625576384326656.000000 1.454811335 -0.046748176 0.057603002 0.036818191 -0.963400424 -0.051676918 -0.260448754
1757625576417667840.000000 1.455060124 -0.049518079 0.039123178 0.037137080 -0.961283922 -0.052686770 -0.267914593
1757625576484350720.000000 1.456193686 -0.053159371 0.006506324 0.038778327 -0.956769526 -0.050071850 -0.283868253
1757625576551032320.000000 1.449011207 -0.051521152 -0.029507399 0.041280091 -0.951029420 -0.047475733 -0.302630424
1757625576584373504.000000 1.449101686 -0.054112703 -0.044450879 -0.042725071 0.948074281 0.048680600 0.311384052
1757625576617714944.000000 1.450772047 -0.049998611 -0.060561061 0.043858986 -0.945299029 -0.049386352 -0.319448292
1757625576684397312.000000 1.454981327 -0.047297925 -0.092170238 0.044823915 -0.939610839 -0.055092908 -0.334794223
1757625576751079680.000000 1.460627913 -0.047111824 -0.123360872 0.045644436 -0.933538020 -0.065202214 -0.349531293
1757625576817762304.000000 1.465397954 -0.049810246 -0.151491404 0.046021271 -0.927016795 -0.075066268 -0.364536762
1757625576851103488.000000 1.467781186 -0.048850939 -0.163768172 0.045607604 -0.923729479 -0.076884702 -0.372468382
1757625576917785600.000000 1.472527981 -0.050927714 -0.185557961 0.043666888 -0.917089939 -0.080125578 -0.388097018
1757625576951126784.000000 1.476302028 -0.048770487 -0.195356011 0.042869996 -0.913964093 -0.081565976 -0.395194739
1757625577017807872.000000 1.483778596 -0.045909822 -0.216510296 0.042786706 -0.908761621 -0.087677971 -0.405751407
1757625577051149056.000000 1.476127028 -0.055037349 -0.223007202 0.043799683 -0.906074882 -0.091965936 -0.410672992
1757625577117831168.000000 1.499724030 -0.046222180 -0.240599990 0.047727451 -0.902801037 -0.095680162 -0.416554600
1757625577151172352.000000 1.510395646 -0.046137840 -0.248733282 -0.049597714 0.901150703 0.096102394 0.419799834
1757625577184513280.000000 1.498785973 -0.056225389 -0.252736807 0.051350888 -0.899211705 -0.095785491 -0.423800170
1757625577251195904.000000 1.510875225 -0.056248903 -0.264454246 0.054527346 -0.897188246 -0.091962047 -0.428512663
1757625577284536832.000000 1.516321898 -0.056564480 -0.269493103 0.056645066 -0.896841407 -0.089927994 -0.429394782
1757625577351218944.000000 1.528278112 -0.059599936 -0.278530836 0.061275259 -0.897138357 -0.084723175 -0.429197222
1757625577384560128.000000 1.535971403 -0.060556591 -0.284029484 0.063600220 -0.897481978 -0.081265762 -0.428808868
1757625577451241472.000000 1.554902554 -0.062311441 -0.293035626 0.069687471 -0.897999227 -0.075241975 -0.427878141
1757625577484582400.000000 1.566586971 -0.064753979 -0.297003865 0.073838636 -0.898138344 -0.072846375 -0.427304178
1757625577551264768.000000 1.593983889 -0.067985415 -0.305573106 0.088152125 -0.898036361 -0.066512473 -0.425835669
1757625577584605696.000000 1.609529495 -0.068211019 -0.309679627 0.096322171 -0.897861600 -0.063226126 -0.424934208
1757625577617946880.000000 1.624423027 -0.068803102 -0.313448429 0.103849150 -0.897130668 -0.060391873 -0.425117493
1757625577684629248.000000 1.656553030 -0.066200793 -0.324193001 0.114594720 -0.895010054 -0.053149469 -0.427785337
1757625577717970176.000000 1.672592402 -0.066073507 -0.327267408 -0.117640957 0.894133329 0.048546180 0.429336041
1757625577784652288.000000 1.693877578 -0.066356063 -0.335238218 -0.121180542 0.893278360 0.042406935 0.430779338
1757625577851335168.000000 1.708016515 -0.067039311 -0.345170736 0.121958360 -0.892362893 -0.039341301 -0.432743609
1757625577884675328.000000 1.716515899 -0.066966295 -0.350614548 0.122560374 -0.891222775 -0.039655730 -0.434889019
1757625577951357952.000000 1.732550621 -0.068988383 -0.360762835 0.124086961 -0.887507915 -0.039807398 -0.441981465
1757625577984699392.000000 1.739060402 -0.070615679 -0.365662575 0.123212680 -0.885294139 -0.037973214 -0.446800888
1757625578051382016.000000 1.749001265 -0.075048134 -0.374128103 0.119229503 -0.881537318 -0.032783028 -0.455633312
1757625578084723456.000000 1.754114866 -0.078113914 -0.378782034 0.117054969 -0.879836619 -0.030748812 -0.459608823
1757625578151406080.000000 1.765377998 -0.080862314 -0.388753891 0.114482857 -0.875622571 -0.027945332 -0.468399346
1757625578184747264.000000 1.783374071 -0.079082385 -0.397562742 0.115273431 -0.872724593 -0.027458724 -0.473613709
1757625578218088704.000000 1.782926083 -0.082847834 -0.399764776 0.116081320 -0.869109571 -0.028219124 -0.479976535
1757625578284771328.000000 1.801007748 -0.084990695 -0.412539959 0.118833154 -0.861469686 -0.031412691 -0.492708892
1757625578318112000.000000 1.808948517 -0.086510152 -0.418604136 0.119733796 -0.857545078 -0.032252539 -0.499239504
1757625578351453184.000000 1.819821715 -0.083919033 -0.428864479 -0.119803503 0.853307784 0.031921491 0.506452382
1757625578418135552.000000 1.835958958 -0.085994974 -0.441292763 -0.120051414 0.844034374 0.029942188 0.521821141
1757625578451476992.000000 1.848261356 -0.086633444 -0.448207378 0.119328760 -0.839146316 -0.028853323 -0.529869437
1757625578518159616.000000 1.863008380 -0.086261734 -0.461455822 0.117065728 -0.827779710 -0.023846697 -0.548185825
1757625578551501312.000000 1.870741963 -0.087103456 -0.468871593 0.116325609 -0.821491897 -0.020801812 -0.557841182
1757625578584842496.000000 1.877681017 -0.089437254 -0.475234270 0.115092233 -0.814914227 -0.016941752 -0.567786515
1757625578618183936.000000 1.884525418 -0.090604030 -0.482412338 0.113305755 -0.808400393 -0.012855430 -0.577481925
1757625578684866304.000000 1.898351789 -0.095009312 -0.496287107 0.110300235 -0.795920789 -0.006600405 -0.595231354
1757625578718208000.000000 1.907901168 -0.099194564 -0.502345920 0.110179067 -0.789881468 -0.005599289 -0.603255033
1757625578751549184.000000 1.918956995 -0.099716760 -0.510884166 0.110598736 -0.784689844 -0.005126716 -0.609920979
1757625578818230528.000000 1.939200878 -0.103730708 -0.523768663 0.115112565 -0.773505211 -0.003541737 -0.623238504
1757625578851571456.000000 1.949292660 -0.107815914 -0.529127836 0.117836736 -0.767499983 -0.001786668 -0.630123138
1757625578884912384.000000 1.959701896 -0.111593425 -0.533975959 0.119826086 -0.760961413 -0.000177446 -0.637635887
1757625578951594496.000000 1.973239541 -0.115992554 -0.539053202 -0.122612767 0.746099889 -0.003628984 0.654437125
1757625578984935424.000000 1.981934547 -0.115677729 -0.542084336 -0.124316543 0.738298059 -0.003433442 0.662909925
1757625579018276608.000000 1.992123961 -0.110677317 -0.555542827 0.126163676 -0.730793238 0.002487945 -0.670833707
1757625579051617280.000000 2.002835989 -0.109414555 -0.561521649 0.129199535 -0.723061979 0.000740841 -0.678592920
1757625579118299392.000000 2.021728992 -0.109394982 -0.567043781 -0.135857299 0.708352983 0.006247903 0.692632616
1757625579151640320.000000 2.032115221 -0.109970137 -0.569137216 -0.139185593 0.700822294 0.009840620 0.699556053
1757625579184981248.000000 2.043957710 -0.104438558 -0.579113722 -0.141602471 0.692675352 0.011862950 0.707113087
1757625579251662336.000000 2.059185266 -0.114948362 -0.574039936 -0.142791167 0.678366661 0.015652224 0.720544517
1757625579285003264.000000 2.068293333 -0.115293570 -0.575206876 -0.141538501 0.670732439 0.017315116 0.727863371
1757625579318344448.000000 2.076574326 -0.116729803 -0.576066136 -0.140359819 0.663277030 0.019350830 0.734838963
1757625579385026304.000000 2.095280409 -0.120040655 -0.568008304 0.140561000 -0.648640037 -0.026280606 -0.747541368
1757625579418366976.000000 2.107041121 -0.116057858 -0.568359256 0.141189530 -0.641995311 -0.029763352 -0.753008485
1757625579451708160.000000 2.117469788 -0.114404619 -0.567484856 0.142156586 -0.635936975 -0.032567021 -0.757835865
1757625579518390016.000000 2.123482943 -0.123559788 -0.553793907 0.145871431 -0.626126289 -0.035130743 -0.765149236
1757625579551730688.000000 2.133711338 -0.122253567 -0.552094221 0.146085918 -0.622590423 -0.034771703 -0.768004596
1757625579585071872.000000 2.144606352 -0.108781986 -0.569745302 -0.145033672 0.619299054 0.032402609 0.770963073
1757625579651752704.000000 2.160248041 -0.107552722 -0.559824765 -0.144792646 0.616399050 0.027410418 0.773521841
1757625579685093376.000000 2.176180363 -0.108343109 -0.560547054 -0.145284712 0.614972532 0.024528671 0.774660945
1757625579751775488.000000 2.185551643 -0.102953024 -0.534836411 -0.147274554 0.616895139 0.016242340 0.772972763
1757625579785116416.000000 2.196000814 -0.103345066 -0.526543379 -0.147750020 0.617349088 0.012737352 0.772585213
1757625579851919104.000000 2.214219332 -0.100759968 -0.512045860 -0.147193924 0.618235886 0.004507543 0.772073865
1757625579885339392.000000 2.223202229 -0.100382432 -0.505158901 -0.146645799 0.619170785 0.001257970 0.771440864
1757625579952181760.000000 2.242519855 -0.100671381 -0.491009831 -0.144307464 0.622925997 -0.003807434 0.768846035
1757625579985603840.000000 2.251844645 -0.101224877 -0.484737992 -0.142984554 0.625424385 -0.005203635 0.767054617
1757625580019026176.000000 2.260608912 -0.107571416 -0.477631450 -0.141671568 0.628244579 -0.005735228 0.764987051
1757625580052449280.000000 2.270759106 -0.108707763 -0.472425699 -0.140368983 0.631027281 -0.006422022 0.762928545
1757625580119295232.000000 2.283158779 -0.104242168 -0.455087185 0.136896059 -0.637434065 0.007238482 -0.758211732
1757625580152719872.000000 2.292166948 -0.125556752 -0.470771909 -0.136052608 0.637551963 -0.004806140 0.758283556
1757625580219570432.000000 2.303245544 -0.106181428 -0.440486193 0.133919939 -0.644009829 0.003769645 -0.753194928
1757625580286422528.000000 2.321438551 -0.125458047 -0.459049344 -0.135097131 0.645397961 0.001534361 0.751803160
1757625580319849472.000000 2.326766968 -0.125423849 -0.456741333 -0.134549320 0.646707416 0.002062315 0.750774145
1757625580386704896.000000 2.338985443 -0.126315087 -0.451846838 -0.132359236 0.649965703 0.004010549 0.748337924
1757625580420133376.000000 2.343946457 -0.128884494 -0.452396631 -0.130744010 0.651453316 0.004029931 0.747327507
1757625580453562368.000000 2.349803925 -0.131450489 -0.451974154 -0.129541680 0.652763903 0.003407170 0.746395767
1757625580520421632.000000 2.361268044 -0.133579880 -0.448535800 -0.129614443 0.653159380 0.003299269 0.746037662
1757625580553851392.000000 2.367948771 -0.133950368 -0.447648883 -0.130388826 0.652234018 0.004022725 0.746708393
1757625580587282176.000000 2.375750542 -0.133471668 -0.445573688 -0.131694764 0.650329709 0.004813459 0.748134136
1757625580654145536.000000 2.397052050 -0.136695027 -0.436745405 -0.133589014 0.645467579 0.006935873 0.751982450
1757625580687578112.000000 2.401212692 -0.138929605 -0.422837734 0.134104788 -0.642941356 -0.007421950 -0.754047334
1757625580754444544.000000 2.418328285 -0.139181763 -0.422443271 0.134727016 -0.633630991 -0.008532481 -0.761766076
1757625580787878400.000000 2.427430630 -0.139031783 -0.422669172 0.135522395 -0.627612770 -0.009018023 -0.766586363
1757625580821244160.000000 2.440782785 -0.135944724 -0.436854005 -0.136269554 0.620698273 0.009699503 0.772055864
1757625580887911168.000000 2.461553574 -0.135539114 -0.436836362 -0.137662798 0.605502784 0.009261471 0.783791840
1757625580921244416.000000 2.471823692 -0.134699717 -0.438159943 -0.136244580 0.597221553 0.007298971 0.790386319
1757625580954577664.000000 2.481195927 -0.135074645 -0.439333797 -0.134287700 0.588289320 0.005091500 0.797406197
1757625581021242880.000000 2.500838518 -0.135179386 -0.439116836 -0.129564598 0.570263386 0.001134615 0.811179101
1757625581054575872.000000 2.510243177 -0.136229694 -0.438604891 -0.128914282 0.561497211 -0.000094065 0.817375124
1757625581087908864.000000 2.521456718 -0.135411531 -0.438296139 -0.128596082 0.553036034 -0.001031347 0.823172688
1757625581154574592.000000 2.544578552 -0.144835219 -0.425464869 -0.130671471 0.536887705 -0.002065283 0.833470106
1757625581187907584.000000 2.550504208 -0.132807359 -0.418952823 -0.131547332 0.529980242 -0.005424133 0.837727249
1757625581254573056.000000 2.561691284 -0.136823595 -0.413463116 -0.134325072 0.513748169 -0.009206613 0.847310424
1757625581287905536.000000 2.583720446 -0.146813929 -0.419195890 0.135445207 -0.503488541 0.009807563 -0.853263021
1757625581321238016.000000 2.593162775 -0.147849083 -0.417434990 0.136040837 -0.494503766 0.012175616 -0.858376861
1757625581421235200.000000 2.619447708 -0.147633553 -0.412426531 0.138432905 -0.466323912 0.015865959 -0.873571217
1757625581454566400.000000 2.628977299 -0.146775275 -0.411051124 0.140649706 -0.455875456 0.015231249 -0.878728211
1757625581521230336.000000 2.645355701 -0.146722019 -0.408216298 0.146114618 -0.434796035 0.012798819 -0.888503909
1757625581554562560.000000 2.654102325 -0.146837831 -0.408264667 0.147797182 -0.425122708 0.012035809 -0.892906427
1757625581621226240.000000 2.665191174 -0.146460846 -0.405462533 0.151582390 -0.405883133 0.011981814 -0.901187122
1757625581687889920.000000 2.673895836 -0.139766559 -0.398787528 -0.155344337 0.385661542 -0.012919674 0.909376919
1757625581721221632.000000 2.675282240 -0.138106510 -0.394043535 -0.157686666 0.375128478 -0.014827241 0.913342118
1757625581754553344.000000 2.676917553 -0.137717932 -0.389402479 -0.159653932 0.364265740 -0.016282430 0.917363584
1757625581821219072.000000 2.679815054 -0.138627395 -0.379722655 -0.162426934 0.343863279 -0.017752431 0.924694777
1757625581854552064.000000 2.683233738 -0.136949107 -0.374847293 -0.162972242 0.333615184 -0.018485244 0.928331494
1757625581921216768.000000 2.687242508 -0.135284856 -0.362880856 -0.164608002 0.315385729 -0.020119509 0.934361458
1757625581954549504.000000 2.690271378 -0.134226620 -0.355729163 -0.165515989 0.307266295 -0.020429784 0.936896265
1757625582021215232.000000 2.694357634 -0.131701961 -0.338821471 -0.167305917 0.293783993 -0.020316372 0.940896928
1757625582087880192.000000 2.697412252 -0.128135681 -0.318184137 -0.169576824 0.283845395 -0.022673510 0.943483710
1757625582121212672.000000 2.697499037 -0.126523554 -0.307515442 -0.170722067 0.280823499 -0.024418468 0.944137633
1757625582187877376.000000 2.695436239 -0.123990290 -0.286757946 -0.173002347 0.277060747 -0.028363213 0.944723785
1757625582221209856.000000 2.691774368 -0.134394184 -0.285780460 -0.174496830 0.275206894 -0.032177556 0.944868565
1757625582287873792.000000 2.689849377 -0.113348961 -0.251450598 -0.172343239 0.274587870 -0.037675407 0.945240676
1757625582321204992.000000 2.686761379 -0.113281354 -0.240814656 -0.171123818 0.273173600 -0.041306172 0.945720196
1757625582387868672.000000 2.677333593 -0.133495450 -0.233014181 -0.168755382 0.268901557 -0.048088554 0.947048604
1757625582421200640.000000 2.674670935 -0.134274513 -0.222910389 -0.165650591 0.268608004 -0.048713423 0.947647989
1757625582454532096.000000 2.671982288 -0.133688182 -0.213208884 -0.163377613 0.268755078 -0.049050547 0.947983384
1757625582521195776.000000 2.667434931 -0.132324040 -0.192315295 -0.159156874 0.270129859 -0.049538355 0.948285282
1757625582554526720.000000 2.666479588 -0.131477267 -0.180680484 -0.157985389 0.270803988 -0.049822345 0.948273957
1757625582621189632.000000 2.663368940 -0.128953144 -0.157153711 -0.156504825 0.271776080 -0.050112259 0.948226094
1757625582654521088.000000 2.661320210 -0.126681238 -0.145577729 -0.156165063 0.271411240 -0.049974117 0.948393941
1757625582721183232.000000 2.658271551 -0.123731516 -0.127292499 -0.155580848 0.270391822 -0.049512010 0.948805332
1757625582754514432.000000 2.665057659 -0.130781963 -0.131788120 -0.157573715 0.267639637 -0.049068887 0.949279666
1757625582821177088.000000 2.656368256 -0.119204529 -0.098985605 -0.160673112 0.266301215 -0.047418278 0.949220419
1757625582854510080.000000 2.656190634 -0.118251771 -0.091304563 -0.161923811 0.265253484 -0.047088034 0.949317634
1757625582887843072.000000 2.656137943 -0.118285418 -0.084308140 -0.161678717 0.263861567 -0.046820410 0.949760437
1757625582954509056.000000 2.663964272 -0.126683682 -0.088917039 -0.160644203 0.259137213 -0.046624020 0.951245248
1757625583021174784.000000 2.665571213 -0.126284376 -0.078474075 -0.158343107 0.255373031 -0.045423970 0.952706039
1757625583054507008.000000 2.666370153 -0.125219926 -0.073949561 -0.158553556 0.253324986 -0.045514151 0.953213453
1757625583121172480.000000 2.670167446 -0.122194007 -0.060552940 -0.162849411 0.247059867 -0.046199843 0.954100192
1757625583154504704.000000 2.672762156 -0.121770903 -0.054271698 -0.165931761 0.242634907 -0.046755549 0.954677403
1757625583221168640.000000 2.678058147 -0.120842226 -0.041324764 -0.169777974 0.231917426 -0.048127402 0.956594825
1757625583254500608.000000 2.681844473 -0.122022927 -0.036607727 -0.170381963 0.226574168 -0.048499312 0.957748413
1757625583287833088.000000 2.685413122 -0.129087716 -0.028777234 -0.170813173 0.220771790 -0.048324674 0.959034681
1757625583354497024.000000 2.681261539 -0.118712679 -0.002789445 -0.166171536 0.210435361 -0.047561683 0.962206841
1757625583387828992.000000 2.686018705 -0.118771188 0.000292614 -0.163809091 0.204155445 -0.046855070 0.963997781
1757625583421160960.000000 2.703105688 -0.129295260 -0.015602835 -0.162335813 0.195709050 -0.045737490 0.966050327
1757625583487824384.000000 2.716569901 -0.130284041 -0.008850522 -0.158082172 0.183904693 -0.044381864 0.969133377
1757625583521156352.000000 2.724652529 -0.131183565 -0.005386211 -0.155855641 0.177905023 -0.043905627 0.970634460
1757625583587819264.000000 2.740748405 -0.135494143 0.003676210 -0.151140645 0.166921631 -0.041927792 0.973414540
1757625583621150976.000000 2.748764515 -0.138012409 0.010120668 -0.148416594 0.161834478 -0.040889781 0.974735975
1757625583687812608.000000 2.767338514 -0.140248552 0.023813799 -0.147534609 0.151924521 -0.037722692 0.976590812
1757625583721143808.000000 2.776426792 -0.140197918 0.031482831 -0.148167923 0.146149710 -0.037181702 0.977396548
1757625583754474752.000000 2.784600496 -0.138605669 0.040823389 -0.148892596 0.139848694 -0.036918491 0.978218019
1757625583821161728.000000 2.796316862 -0.135600016 0.079261832 -0.150427327 0.128759176 -0.037765473 0.979472578
1757625583854573824.000000 2.796761036 -0.126945227 0.083407320 -0.149613321 0.122402638 -0.038430735 0.980385959
1757625583954811648.000000 2.815754175 -0.134336829 0.105679244 -0.151073262 0.097447746 -0.043049965 0.982765257
1757625583988225024.000000 2.825639486 -0.138094395 0.114189185 -0.151758105 0.088128917 -0.045197096 0.983442962
1757625584055053312.000000 2.834829330 -0.138181776 0.124854371 -0.150601298 0.070796482 -0.048763908 0.984849811
1757625584088467968.000000 2.838663340 -0.137247518 0.131096169 -0.151433751 0.062437870 -0.049954064 0.985227883
1757625584155297792.000000 2.845216513 -0.135820299 0.141906902 -0.156344876 0.045447625 -0.051648814 0.985303640
1757625584188713984.000000 2.846575975 -0.135581225 0.147905692 -0.158957094 0.036995221 -0.052159112 0.985212386
1757625584222130432.000000 2.848284721 -0.134494677 0.152942762 -0.160439327 0.028807037 -0.052790120 0.985211968
1757625584288964864.000000 2.849603176 -0.137910813 0.164099306 -0.161799952 0.013746092 -0.052729271 0.985318005
1757625584322382336.000000 2.851310730 -0.127558619 0.195718616 -0.159087852 0.005877740 -0.053085100 0.985818684
1757625584355801088.000000 2.844630718 -0.132978007 0.186789915 -0.157330811 -0.003311360 -0.053612646 0.986084104
1757625584422638592.000000 2.847065926 -0.123580411 0.211575136 -0.157132119 -0.022437505 -0.052585863 0.985921323
1757625584456058368.000000 2.844816208 -0.122150652 0.219070017 -0.157995537 -0.031249391 -0.051738098 0.985588193
1757625584522898688.000000 2.841386080 -0.120776854 0.233066946 -0.162169591 -0.046743486 -0.050713029 0.984349728
1757625584589739776.000000 2.833784580 -0.117852598 0.248341799 -0.167558894 -0.060036220 -0.051969446 0.982659101
1757625584623161344.000000 2.829253435 -0.118045464 0.256458998 -0.168707103 -0.065937713 -0.052471615 0.982057512
1757625584690006016.000000 2.819515944 -0.118110128 0.271931946 -0.168442503 -0.074157149 -0.054385129 0.981412292
1757625584723429120.000000 2.814834595 -0.116217069 0.281756401 -0.167388171 -0.076235197 -0.055774555 0.981355488
1757625584790276352.000000 2.805048227 -0.114768028 0.297856212 -0.165479422 -0.078033216 -0.059728038 0.981305242
1757625584856990208.000000 2.792931080 -0.115734100 0.316592366 -0.162409320 -0.079350583 -0.063978769 0.981444657
1757625584923641600.000000 2.776781797 -0.114865310 0.332728356 -0.157089099 -0.081247620 -0.066962436 0.981956244
1757625584956967424.000000 2.768801689 -0.115372762 0.340289295 -0.154020026 -0.083068162 -0.068773024 0.982164919
1757625585023617024.000000 2.753312349 -0.114204809 0.355948687 -0.150462493 -0.085292250 -0.070837997 0.982378900
1757625585056942336.000000 2.745909214 -0.114222579 0.363101125 -0.148175970 -0.085307524 -0.071062632 0.982708812
1757625585123592192.000000 2.731228590 -0.114643618 0.379312575 -0.142678306 -0.084126092 -0.070550993 0.983660698
1757625585156916736.000000 2.724015474 -0.114850461 0.388390571 -0.139875695 -0.083920106 -0.070054457 0.984116137
1757625585223565824.000000 2.707792759 -0.115219802 0.405805945 -0.138152167 -0.085630037 -0.070809409 0.984158337
1757625585290214656.000000 2.691923618 -0.111088127 0.428483039 -0.136955947 -0.090375312 -0.071518101 0.983849883
1757625585356862464.000000 2.681912661 -0.108967498 0.441488564 -0.135848224 -0.094818227 -0.071872391 0.983559430
1757625585423510016.000000 2.667528868 -0.104284115 0.454212606 -0.135101020 -0.099961743 -0.073275231 0.983049452
1757625585456832768.000000 2.662231922 -0.101060629 0.461213887 -0.135863051 -0.104060158 -0.074399784 0.982434452
1757625585523479552.000000 2.650186777 -0.095564328 0.476189524 -0.139522791 -0.112908512 -0.078081220 0.980657160
1757625585590125568.000000 2.641106844 -0.093020231 0.492930889 -0.143237099 -0.122620538 -0.082356364 0.978603482
1757625585623448320.000000 2.638588905 -0.092534468 0.500858307 -0.142743722 -0.126138031 -0.082414836 0.978223562
1757625585690093824.000000 2.634369373 -0.092373721 0.515998483 -0.141333520 -0.131123662 -0.080383152 0.977941692
1757625585756738304.000000 2.633615971 -0.092148587 0.533008695 -0.139873341 -0.134220243 -0.076475963 0.978044868
1757625585823386368.000000 2.628476858 -0.088573419 0.558359265 -0.144063070 -0.135290891 -0.075610593 0.977356255
1757625585856712192.000000 2.632804394 -0.088058069 0.576053262 -0.147069380 -0.136136532 -0.075243466 0.976819277
1757625585923362304.000000 2.635907173 -0.084371649 0.599795341 -0.150009722 -0.138687834 -0.075032368 0.976029158
1757625585990012928.000000 2.641685486 -0.081322543 0.622783720 -0.148640200 -0.143566549 -0.072282933 0.975740731
1757625586056663040.000000 2.649727345 -0.081307970 0.643091917 -0.141546875 -0.149733156 -0.067063726 0.976241291
1757625586123312384.000000 2.656909704 -0.083054855 0.664331496 -0.132035747 -0.159935340 -0.063751519 0.976177812
1757625586156636928.000000 2.660501242 -0.084923558 0.676249206 -0.128483370 -0.166597143 -0.063715726 0.975539744
1757625586223285760.000000 2.664597750 -0.087986574 0.701626718 -0.125240490 -0.182102531 -0.065508805 0.973068416
1757625586289933824.000000 2.665348530 -0.086954050 0.725893557 -0.123350069 -0.200547963 -0.068639949 0.969460607
1757625586323256832.000000 2.666054964 -0.085499212 0.737081468 -0.121298738 -0.210567370 -0.070273027 0.967476010
1757625586389904128.000000 2.669709444 -0.076149859 0.767546356 -0.118740283 -0.229912847 -0.071839355 0.963265240
1757625586456550912.000000 2.664306879 -0.080465436 0.772779524 -0.119935498 -0.246553421 -0.075800069 0.958687305
1757625586489874176.000000 2.669134378 -0.069702312 0.795731664 -0.120375723 -0.254399002 -0.076326139 0.956538141
1757625586556519936.000000 2.666824818 -0.067071825 0.813862920 -0.123888358 -0.271473348 -0.080072030 0.951074362
1757625586623165696.000000 2.662569046 -0.066525802 0.831428766 -0.125765622 -0.288201541 -0.081803903 0.945743680
1757625586656487936.000000 2.660724640 -0.068207160 0.839333355 -0.125508338 -0.296219110 -0.082052834 0.943275809
1757625586723132672.000000 2.659174919 -0.067472085 0.852910936 -0.126957551 -0.313591063 -0.082344770 0.937422931
1757625586789775616.000000 2.653536797 -0.068376318 0.866303444 -0.130352795 -0.333243608 -0.082550853 0.930130184
1757625586823100928.000000 2.650589943 -0.069181025 0.872683406 -0.133036762 -0.343166947 -0.083797306 0.926021457
1757625586889911296.000000 2.649084806 -0.062683553 0.880710125 -0.136124462 -0.360165566 -0.083093666 0.919155300
1757625586923317504.000000 2.644127369 -0.070956364 0.888972759 -0.137674972 -0.366171271 -0.083673313 0.916494966
1757625586990130432.000000 2.628570557 -0.080573857 0.880472302 -0.138148516 -0.374227673 -0.083428569 0.913185835
1757625587056944896.000000 2.628935814 -0.065826043 0.901346684 -0.135281801 -0.382501334 -0.081053108 0.910396636
1757625587090352640.000000 2.624694824 -0.065247357 0.902938068 -0.133960009 -0.385889858 -0.082309604 0.909048378
1757625587157169152.000000 2.613267660 -0.062905475 0.905183911 -0.130562082 -0.392669350 -0.086572357 0.906239271
1757625587223986432.000000 2.601165295 -0.059730276 0.907894254 -0.125125334 -0.399333864 -0.090383172 0.903718472
1757625587290806016.000000 2.587183475 -0.057231963 0.911257207 -0.117999837 -0.405537635 -0.094419703 0.901498854
1757625587324216576.000000 2.581415415 -0.056799263 0.912018657 -0.111437649 -0.408755124 -0.096239619 0.900687993
1757625587391038720.000000 2.547894955 -0.055329554 0.910857260 -0.099364333 -0.415240347 -0.100939333 0.898617506
1757625587457862144.000000 2.548384666 -0.051086701 0.913214207 -0.087788910 -0.426041961 -0.103307955 0.894488096
1757625587524687104.000000 2.507283688 -0.051830024 0.903324723 -0.082558766 -0.434055358 -0.111963935 0.890081048
1757625587591513344.000000 2.484738350 -0.050703824 0.914913654 -0.076883525 -0.442365289 -0.113021873 0.886356533
1757625587624927232.000000 2.474227428 -0.050777279 0.917459011 -0.074472494 -0.446526438 -0.114156224 0.884328187
1757625587691755008.000000 2.451661348 -0.050958052 0.921963573 -0.072098292 -0.456609190 -0.115752980 0.879153669
1757625587758585088.000000 2.431614399 -0.050163262 0.927776694 -0.071957640 -0.467053860 -0.113641828 0.873938382
1757625587825416960.000000 2.411375999 -0.046684962 0.933383048 -0.073897868 -0.474888325 -0.111765757 0.869786561
1757625587858775296.000000 2.401018143 -0.045480728 0.935369432 -0.075190619 -0.478025734 -0.111035191 0.868048966
1757625587925456640.000000 2.377438068 -0.037458591 0.938065529 -0.078282557 -0.484565407 -0.109513715 0.864335001
1757625587992133376.000000 2.365301609 -0.040795762 0.944450498 -0.080845326 -0.493072569 -0.107384399 0.859541774
1757625588025471744.000000 2.374064684 -0.033045847 0.939784527 -0.079182968 -0.497580707 -0.105958372 0.857272625
1757625588092147968.000000 2.339517117 -0.033734702 0.942699909 -0.078690685 -0.504250944 -0.103524916 0.853710413
1757625588158822656.000000 2.325056076 -0.031921245 0.940992713 -0.077459268 -0.511106133 -0.101602651 0.849969149
1757625588192160512.000000 2.317836761 -0.030772049 0.940718770 -0.077640250 -0.514226556 -0.101184934 0.848118305
1757625588258836224.000000 2.304967642 -0.029166790 0.941226363 -0.078902885 -0.522574186 -0.102427341 0.842733204
1757625588325511424.000000 2.293054104 -0.027833706 0.943245828 -0.078631863 -0.533759832 -0.102923438 0.835658014
1757625588358849024.000000 2.286363125 -0.026659381 0.944301605 -0.079550304 -0.540105700 -0.103182554 0.831451178
1757625588425523968.000000 2.280967712 -0.026473187 0.945659220 -0.082199961 -0.552925289 -0.105186470 0.822467446
1757625588458861056.000000 2.279450893 -0.025653780 0.946582019 -0.083666056 -0.559861004 -0.106947437 0.817384839
1757625588525535232.000000 2.256096840 -0.021620415 0.949870408 -0.088704787 -0.572672665 -0.111599006 0.807293773
1757625588592208384.000000 2.239449024 -0.017440625 0.952227414 -0.093977511 -0.586435378 -0.117174648 0.795947194
1757625588658882304.000000 2.223817825 -0.013337485 0.955436528 -0.097992666 -0.601294994 -0.120828740 0.783736110
1757625588725555712.000000 2.212066889 -0.009220436 0.959137440 -0.099777855 -0.616573691 -0.122153223 0.771336436
1757625588792228864.000000 2.202524662 -0.005325079 0.966114104 -0.098019086 -0.634533226 -0.120490260 0.757127523
1757625588825565440.000000 2.198124886 -0.002998978 0.968827546 -0.095700145 -0.644029975 -0.118139178 0.749740005
1757625588892223744.000000 2.194282770 0.000639156 0.981880188 -0.089857996 -0.666423440 -0.111135684 0.731747448
1757625588958855680.000000 2.174163103 -0.004497409 0.990072727 -0.084057398 -0.689059258 -0.102913469 0.712418795
1757625589025485568.000000 2.159996510 -0.003785998 0.996018410 -0.079164565 -0.712539375 -0.099318579 0.690040886
1757625589058800640.000000 2.150430679 -0.003469065 0.998451352 -0.077913567 -0.724332511 -0.098719575 0.677883744
1757625589125430272.000000 2.126506805 -0.000682652 1.003877759 -0.079752378 -0.743260920 -0.103250176 0.656157255
1757625589192059136.000000 2.102502108 0.000020593 1.008881330 -0.078540914 -0.758457124 -0.106215566 0.638194740
1757625589258686720.000000 2.080732107 -0.001698792 1.012724996 -0.073574059 -0.774088919 -0.106311768 0.619734764
1757625589325313792.000000 2.061836243 -0.005544633 1.017596602 -0.068655051 -0.790385008 -0.105877101 0.599473178
1757625589391939840.000000 2.041634083 -0.004960388 1.024049997 -0.065758042 -0.805559874 -0.107073374 0.579037488
1757625589425252352.000000 2.033276081 -0.007097989 1.025436878 0.064953014 0.811990380 0.107477501 -0.570001245
1757625589491876096.000000 1.998862863 -0.006096214 1.057852030 -0.063149408 -0.826095521 -0.105251372 0.550000608
1757625589558500096.000000 1.985038042 -0.003227115 1.061902046 -0.061204527 -0.838314056 -0.101135738 0.532217264
1757625589625123072.000000 1.967468023 -0.001104563 1.070950985 -0.061646733 -0.849807084 -0.097320616 0.514350533
1757625589658434304.000000 1.959939837 -0.000730097 1.074364901 -0.062958777 -0.855271935 -0.096513227 0.505204320
1757625589725056000.000000 1.943280339 0.002855480 1.079216957 -0.067017719 -0.865893781 -0.097399153 0.486055583
1757625589791676672.000000 1.927827835 0.005129486 1.082315922 -0.071361393 -0.875258148 -0.098681897 0.468073487
1757625589824986880.000000 1.920404673 0.005365193 1.082040787 -0.073182285 -0.878988802 -0.099281132 0.460615098
1757625589891610880.000000 1.899286032 0.005278319 1.091897726 0.077823102 0.887145638 0.098649152 -0.444054723
1757625589958244096.000000 1.881621122 0.006091237 1.095908403 -0.081442662 -0.894334257 -0.095353581 0.429466039
1757625589991560192.000000 1.878784895 0.006512195 1.092358589 -0.082284711 -0.897378266 -0.094105102 0.423185140
1757625590058192384.000000 1.868454695 0.005533218 1.085251808 -0.084533833 -0.902680755 -0.094451442 0.411218256
1757625590124823552.000000 1.857210040 0.005756497 1.073837757 -0.086374320 -0.907308638 -0.097844914 0.399696141
1757625590191453952.000000 1.846805215 0.004848897 1.059963942 -0.085846744 -0.910214961 -0.102543682 0.391948849
1757625590258083328.000000 1.838871241 0.003160626 1.045022964 -0.081363700 -0.912412763 -0.104292430 0.387306094
1757625590291397888.000000 1.835279465 0.003731191 1.036177874 -0.078766055 -0.912844121 -0.103695281 0.386987090
1757625590358024960.000000 1.824285030 0.006360918 1.022381306 0.070355646 0.913170695 0.101741433 -0.388352990
1757625590424652032.000000 1.818545818 0.006462038 1.003681421 -0.061054282 -0.913042307 -0.097586595 0.391283929
1757625590457965568.000000 1.815852404 0.004856467 0.992681742 -0.057559408 -0.913171768 -0.096291728 0.391831845
1757625590524591360.000000 1.805834055 0.002409458 0.971048117 -0.051389627 -0.913518906 -0.092999205 0.392674744
1757625590591216896.000000 1.794126868 0.001312613 0.949294567 -0.046664402 -0.911855042 -0.094418846 0.396771938
1757625590624529152.000000 1.787266254 0.001727909 0.936519384 -0.044153396 -0.910640061 -0.095076978 0.399681866
1757625590691152896.000000 1.776013851 0.001213998 0.912903786 -0.039923895 -0.908247948 -0.093694836 0.405848652
1757625590724464640.000000 1.769280672 0.000059962 0.902446270 -0.038020547 -0.907841384 -0.093199812 0.407053202
1757625590791086080.000000 1.754495859 -0.004782349 0.880872488 -0.036757715 -0.907676339 -0.094414234 0.407257348
1757625590891023360.000000 1.735846639 -0.006105810 0.849768400 -0.040793452 -0.907180667 -0.092500463 0.408415020
1757625590957656320.000000 1.719502926 -0.009416461 0.835721016 -0.046616443 -0.906044960 -0.094141237 0.409935117
1757625591024288768.000000 1.704240203 -0.009090483 0.820641041 -0.053027436 -0.903889298 -0.097905420 0.413021624
1757625591090920192.000000 1.690535426 -0.008103132 0.805315971 -0.057456758 -0.902275205 -0.102503359 0.414838880
1757625591157550848.000000 1.679373503 -0.008685321 0.793673515 -0.059200197 -0.902022600 -0.102160789 0.415227383
1757625591224179456.000000 1.669893026 -0.009429187 0.781977892 -0.059410751 -0.901804447 -0.103043847 0.415452987
1757625591290808320.000000 1.658366919 -0.008470237 0.768932581 -0.059846211 -0.901997805 -0.106609948 0.414068609
1757625591357436160.000000 1.643929243 -0.005827725 0.754141569 -0.061505843 -0.903871059 -0.110453971 0.408698082
1757625591424063488.000000 1.629177451 -0.003300488 0.741830826 -0.063537501 -0.907525957 -0.109962270 0.400334865
1757625591490689792.000000 1.615272284 -0.002958149 0.729862452 -0.064315803 -0.912569761 -0.105761990 0.389736235
1757625591524002816.000000 1.607171059 -0.002549589 0.723903656 -0.064684257 -0.915583909 -0.104675420 0.382838398
1757625591590627584.000000 1.588271141 -0.001150399 0.710976124 -0.067683414 -0.922295094 -0.104602464 0.365853876
1757625591657250560.000000 1.569415569 -0.001488715 0.696940660 -0.068106607 -0.930423796 -0.100667484 0.345744461
1757625591723874304.000000 1.547752738 -0.002869189 0.684852362 -0.070773333 -0.938362479 -0.093699768 0.325096160
1757625591790496512.000000 1.524121404 -0.005037725 0.673848391 -0.073791355 -0.945295095 -0.084657736 0.306276202
1757625591857118208.000000 1.499421120 -0.006940335 0.665030360 -0.077469185 -0.950182438 -0.076028280 0.292184263
1757625591923865600.000000 1.476766825 -0.010271400 0.656609893 0.079155847 0.954139709 0.066688687 -0.280899256
1757625591957259008.000000 1.458985686 -0.008476287 0.657404780 -0.079578497 -0.956279755 -0.061050478 0.274716705
1757625592024046848.000000 1.436449528 -0.014546588 0.650125623 -0.080193177 -0.960303903 -0.050070185 0.262447178
1757625592090835712.000000 1.413763404 -0.015362486 0.640871644 -0.079832219 -0.964285851 -0.039161406 0.249491796
1757625592157624576.000000 1.389827490 -0.014462873 0.632283092 -0.081600010 -0.966837525 -0.029923037 0.240148529
1757625592224415488.000000 1.365558386 -0.012783021 0.622544527 -0.084303349 -0.968822420 -0.026291460 0.231484145
1757625592291207680.000000 1.344482899 -0.010235429 0.610589266 -0.087523542 -0.970209360 -0.026899699 0.224298835
1757625592358000896.000000 1.327818274 -0.008564234 0.597772241 -0.089284025 -0.971107900 -0.028577674 0.219456300
1757625592424795136.000000 1.312112570 -0.011916474 0.582911730 0.090252578 0.971732676 0.029731127 -0.216116071
1757625592491590400.000000 1.302688837 -0.014340386 0.569397688 -0.089216851 -0.972810268 -0.028099636 0.211875111
1757625592524988672.000000 1.299636960 -0.018879697 0.563612103 -0.088753857 -0.973538816 -0.026563263 0.208900556
1757625592591784960.000000 1.291682482 -0.021480858 0.550468802 -0.088872366 -0.974958122 -0.023703013 0.202476189
1757625592691982592.000000 1.279492140 -0.020348892 0.527004361 -0.092210986 -0.975287080 -0.022546511 0.199509248
1757625592725382144.000000 1.274070740 -0.019890130 0.519273758 -0.093044817 -0.974894941 -0.022039529 0.201089278
1757625592792182528.000000 1.267893791 -0.019663706 0.500363231 -0.092993729 -0.973579466 -0.022540638 0.207333520
1757625592858983936.000000 1.262875795 -0.018787056 0.479802132 -0.089251973 -0.971405864 -0.025656534 0.218510106
1757625592925656832.000000 1.261519194 -0.012766361 0.460405111 0.081872150 0.969152987 0.027338684 -0.230850622
1757625592992274176.000000 1.255470753 -0.015831336 0.439262390 -0.075370245 -0.967582226 -0.029344290 0.239254937
1757625593058891008.000000 1.251817942 -0.023476303 0.412702799 -0.070121840 -0.966424942 -0.033507392 0.244914323
1757625593092199424.000000 1.248457551 -0.025812477 0.398374677 -0.068398304 -0.965612650 -0.034593884 0.248429418
1757625593158814720.000000 1.243250847 -0.030505031 0.371649742 -0.064521119 -0.963630974 -0.034747254 0.256992310
1757625593192121856.000000 1.241817594 -0.031603426 0.361139178 -0.064255618 -0.962180614 -0.034313321 0.262492567
1757625593258735872.000000 1.239346743 -0.032769442 0.338771462 -0.063635960 -0.958933592 -0.030218378 0.274742961
1757625593325348352.000000 1.235822558 -0.034224689 0.315926552 -0.063223049 -0.956053793 -0.027630255 0.284957319
1757625593391959808.000000 1.233283997 -0.032840945 0.293473959 -0.062707305 -0.954269469 -0.026580753 0.291086137
1757625593458569216.000000 1.227586269 -0.028565362 0.272498846 -0.062742442 -0.952730358 -0.028309029 0.295917094
1757625593491874304.000000 1.225402951 -0.023276031 0.260566235 -0.062564023 -0.952083707 -0.029405916 0.297922373
1757625593591786752.000000 1.210272312 -0.021290302 0.232667685 -0.063076578 -0.950648546 -0.035036359 0.301763624
1757625593625090560.000000 1.205779076 -0.022858903 0.223080397 -0.064445712 -0.949866533 -0.037199084 0.303671896
1757625593691697152.000000 1.197606802 -0.023998231 0.204787374 -0.066968821 -0.947830021 -0.041123830 0.308937579
1757625593758302208.000000 1.187938929 -0.023678258 0.187349439 -0.069472037 -0.946144223 -0.045088630 0.312972486
1757625593824906496.000000 1.175860167 -0.025151968 0.169794679 -0.071409844 -0.944347858 -0.049545888 0.317258745
1757625593858208256.000000 1.168163538 -0.026428193 0.160660386 -0.072243176 -0.943531692 -0.051818427 0.319129825
1757625593924821504.000000 1.153881311 -0.027164906 0.143286109 -0.073144212 -0.943035543 -0.056423537 0.319609523
1757625593991438848.000000 1.141070962 -0.025467843 0.118485451 0.075266473 0.943481922 0.060050372 -0.317129135
1757625594024747008.000000 1.132971048 -0.023390174 0.116798043 -0.077305943 -0.944327950 -0.061346088 0.313855559
1757625594091362816.000000 1.114325404 -0.019731909 0.098796368 -0.081442274 -0.946428001 -0.062553905 0.306150585
1757625594157977344.000000 1.093502045 -0.017664358 0.082052469 -0.085185178 -0.949532747 -0.060178012 0.295820326
1757625594224590848.000000 1.071985245 -0.018474624 0.065761089 -0.087484665 -0.952979922 -0.055531286 0.284766704
1757625594257896960.000000 1.060882449 -0.018922821 0.055733204 -0.087722123 -0.954854429 -0.053310014 0.278775662
1757625594324507648.000000 1.039171219 -0.019129634 0.034729123 -0.087145694 -0.958647966 -0.049590383 0.266346663
1757625594391118592.000000 1.018360853 -0.018583268 0.012770236 -0.086572133 -0.961857080 -0.046938252 0.255212009
1757625594424422912.000000 1.007640243 -0.019482225 0.002134502 -0.085991524 -0.963276625 -0.045996778 0.250175804
1757625594491032064.000000 0.988240898 -0.026481792 -0.019636869 -0.084056720 -0.965844154 -0.044314470 0.241072372
1757625594557639936.000000 0.974407911 -0.027856037 -0.038693666 -0.080963925 -0.968618453 -0.040357281 0.231504902
1757625594624246528.000000 0.956370533 -0.030759349 -0.057005286 -0.078018174 -0.971503437 -0.034774024 0.221099809
1757625594690852096.000000 0.942216516 -0.028386228 -0.075755775 -0.075906359 -0.974041760 -0.032554246 0.210763529
1757625594724154112.000000 0.933790624 -0.026767634 -0.086636066 -0.075396262 -0.975150824 -0.033431191 0.205617949
1757625594790757120.000000 0.918308079 -0.023561038 -0.107986450 -0.074075632 -0.976974189 -0.038956977 0.196256652
1757625594857359872.000000 0.903035462 -0.025622465 -0.126858383 -0.072528616 -0.978469610 -0.046317730 0.187594146
1757625594923974912.000000 0.894218266 -0.034232400 -0.149372220 0.071718358 0.979753256 0.049821712 -0.180160820
1757625594990594304.000000 0.880556107 -0.030452885 -0.162386835 -0.073164262 -0.981350958 -0.048606444 0.170982018
1757625595057212672.000000 0.871877789 -0.031053111 -0.178356811 -0.075359508 -0.982241154 -0.048751462 0.164762199
1757625595090521344.000000 0.867007256 -0.030630805 -0.187320486 -0.076221399 -0.982406735 -0.049537871 0.163135737
1757625595190445824.000000 0.857047498 -0.028156094 -0.215315044 -0.078176208 -0.982203960 -0.055046514 0.161659464
1757625595257059584.000000 0.851976335 -0.027523220 -0.233877838 -0.077676162 -0.981539011 -0.056026798 0.165555581
1757625595323673344.000000 0.851743102 -0.026806578 -0.250495106 -0.075166695 -0.980717897 -0.053440131 0.172297761
1757625595356979968.000000 0.852584243 -0.027102321 -0.259857714 -0.073934786 -0.980079710 -0.051591460 0.176962674
1757625595456897792.000000 0.858994246 -0.024798147 -0.295131683 0.068967506 0.976689398 0.043638702 -0.198537067
1757625595523507968.000000 0.857166708 -0.030161843 -0.312228203 -0.065965451 -0.973491549 -0.037173886 0.215826303
1757625595590117376.000000 0.856198013 -0.036381342 -0.336871684 -0.066035472 -0.969382524 -0.036546320 0.233669043
1757625595656724736.000000 0.851087332 -0.042855680 -0.365977824 -0.064406238 -0.965340614 -0.035503305 0.250417501
1757625595723331584.000000 0.846276641 -0.046158709 -0.396739721 -0.064105093 -0.961742520 -0.037704378 0.263666898
1757625595756634880.000000 0.844967306 -0.047073476 -0.409852684 -0.065162383 -0.959856331 -0.038554933 0.270079970
1757625595823240448.000000 0.841229379 -0.049287662 -0.435389161 -0.067508735 -0.955248952 -0.037058815 0.285602421
1757625595889865216.000000 0.838577509 -0.054480746 -0.456967950 -0.069305748 -0.950384378 -0.034821928 0.301253676
1757625595956571136.000000 0.835147560 -0.057840094 -0.478588343 -0.071247727 -0.945499718 -0.033120420 0.316001743
1757625596023278080.000000 0.844258070 -0.052111901 -0.514967203 0.071620896 0.939722717 0.035132300 -0.332501739
1757625596056632064.000000 0.836661875 -0.054480299 -0.520413458 -0.072430499 -0.937161565 -0.037028994 0.339280158
1757625596123340032.000000 0.830045462 -0.056684166 -0.540021300 -0.073117830 -0.932041287 -0.042259622 0.352373421
1757625596190050048.000000 0.822770000 -0.060254328 -0.555334568 -0.073441491 -0.927652538 -0.047725346 0.363028049
1757625596256761088.000000 0.815209448 -0.061289005 -0.569866061 -0.073990092 -0.923398256 -0.051300190 0.373134643
1757625596323473408.000000 0.806564271 -0.060846232 -0.584311247 -0.074749090 -0.918797314 -0.053240344 0.383913457
1757625596390186752.000000 0.795111477 -0.059180841 -0.597661316 -0.076164886 -0.914288640 -0.056563426 0.393796682
1757625596423543808.000000 0.788554549 -0.057072252 -0.604297400 -0.076612987 -0.912665248 -0.058811612 0.397132069
1757625596490258944.000000 0.775722086 -0.055518724 -0.617610931 0.078561254 0.910759509 0.062743194 -0.400510460
1757625596556974336.000000 0.763137579 -0.049224064 -0.628683031 -0.082255706 -0.909695685 -0.060330465 0.402551830
1757625596623691776.000000 0.744448304 -0.047520280 -0.636364222 -0.086295798 -0.909966707 -0.055652831 0.401766807
1757625596690410496.000000 0.721195281 -0.046324357 -0.645397782 -0.092398740 -0.911856413 -0.051148821 0.396691501
1757625596757130240.000000 0.697332978 -0.044494838 -0.656035721 -0.098149106 -0.913584948 -0.046568915 0.391868144
1757625596790490368.000000 0.683958292 -0.043292254 -0.662039936 -0.101138160 -0.913782716 -0.044326864 0.390906036
1757625596857211904.000000 0.659292936 -0.043876201 -0.675772965 -0.104986846 -0.913078249 -0.040903319 0.391909361
1757625596923872000.000000 0.635237396 -0.047491595 -0.685969830 -0.106705643 -0.911845207 -0.037536189 0.394643426
1757625596990503424.000000 0.611498535 -0.050147071 -0.696537673 -0.104693919 -0.911660373 -0.035083722 0.395832866
1757625597023819520.000000 0.598590016 -0.045861885 -0.696645737 0.103917912 0.912175655 0.033443760 -0.394991398
1757625597090450176.000000 0.580710053 -0.043795466 -0.711880803 -0.100921340 -0.912590027 -0.031752866 0.394950956
1757625597157080576.000000 0.563310683 -0.039208546 -0.721221745 -0.099918716 -0.911102057 -0.032141987 0.398592800
1757625597190395392.000000 0.554149330 -0.035875067 -0.725090623 -0.100141741 -0.909882963 -0.033557802 0.401196510
1757625597257024256.000000 0.535496294 -0.033992469 -0.733008206 -0.102289937 -0.906070769 -0.038267024 0.408788890
1757625597323652096.000000 0.522063971 -0.035266861 -0.738838971 -0.102453992 -0.902299285 -0.042872570 0.416558683
1757625597356965888.000000 0.517669380 -0.038272277 -0.742346585 -0.101286232 -0.900723815 -0.042836320 0.420241475
1757625597423592448.000000 0.506053865 -0.037849069 -0.747101367 -0.100856796 -0.897577286 -0.044347893 0.426867962
1757625597490217216.000000 0.486989856 -0.032435343 -0.751699448 0.102603175 0.893480599 0.048345931 -0.434543222
1757625597556842240.000000 0.472525120 -0.030953765 -0.753451228 -0.106629446 -0.888193011 -0.055335805 0.443487853
1757625597590154752.000000 0.464107335 -0.030458719 -0.753608167 -0.109108992 -0.885211110 -0.058035675 0.448473364
1757625597656777984.000000 0.450228572 -0.029883653 -0.756220937 -0.112875633 -0.878244817 -0.061329182 0.460634291
1757625597723400704.000000 0.439721584 -0.029730603 -0.757900596 -0.115474209 -0.869960368 -0.060600977 0.475565106
1757625597790022912.000000 0.429118097 -0.029344901 -0.758822918 -0.118797369 -0.860333920 -0.060594819 0.491976708
1757625597823333376.000000 0.424034476 -0.029983580 -0.761432767 -0.120877698 -0.854960978 -0.060997084 0.500709295
1757625597889956096.000000 0.413226485 -0.028395474 -0.765197814 -0.125358045 -0.843390286 -0.062355895 0.518738866
1757625597956588544.000000 0.403382361 -0.025484890 -0.771179318 -0.130127206 -0.829976082 -0.063827708 0.538639605
1757625598023220480.000000 0.397947550 -0.021723360 -0.775741875 0.131590307 0.817015231 0.063356385 -0.557813644
1757625598056536320.000000 0.383856535 -0.025407583 -0.780774117 -0.133235738 -0.810582578 -0.063200369 0.566753864
1757625598123166464.000000 0.371221244 -0.027379036 -0.788514256 -0.134333760 -0.798422039 -0.062606409 0.583572686
1757625598189796096.000000 0.356429994 -0.030210510 -0.797719955 -0.135285974 -0.787020385 -0.062156945 0.598692834
1757625598256424960.000000 0.341267288 -0.030909225 -0.811103702 -0.135687917 -0.776199281 -0.062836476 0.612499118
1757625598323051776.000000 0.325741231 -0.028602868 -0.826391697 -0.135706842 -0.767839730 -0.064854138 0.622735739
1757625598389678592.000000 0.311728477 -0.031228468 -0.840985656 -0.135303140 -0.762344122 -0.063212290 0.629705310
1757625598456305152.000000 0.297965407 -0.033668309 -0.854592025 -0.134390667 -0.757010043 -0.058758993 0.636727810
1757625598489617664.000000 0.290549159 -0.030498654 -0.858802676 0.133657709 0.753545225 0.055988617 -0.641225874
1757625598556242432.000000 0.276608050 -0.033851027 -0.880877614 -0.131686598 -0.743089020 -0.049727358 0.654220641
1757625598589554432.000000 0.270625591 -0.036515698 -0.889013946 -0.130691350 -0.737149477 -0.047052924 0.661299050
1757625598656177920.000000 0.256547451 -0.038618311 -0.902734160 -0.129383713 -0.725112915 -0.043914840 0.674939036
1757625598689489408.000000 0.248758793 -0.038081482 -0.908339798 -0.129102975 -0.719155967 -0.044266511 0.681313217
1757625598756111616.000000 0.232647836 -0.033894569 -0.923001945 -0.129177153 -0.707127154 -0.046208218 0.693649352
1757625598822732032.000000 0.216684580 -0.029453278 -0.936342955 -0.132325321 -0.694793761 -0.052213501 0.705000281
1757625598856042240.000000 0.210073769 -0.028202072 -0.942471981 -0.134374544 -0.688383460 -0.056290910 0.710565388
1757625598922671360.000000 0.190977573 -0.026633903 -0.955853581 -0.138987124 -0.676441848 -0.065197296 0.720318317
1757625598955987456.000000 0.183093727 -0.026808247 -0.958564699 -0.141425371 -0.670723855 -0.068299808 0.724888682
1757625599022619392.000000 0.171358943 -0.025871262 -0.961170077 -0.144122690 -0.657456696 -0.069469303 0.736310661
1757625599089250048.000000 0.162084699 -0.025313392 -0.963329971 -0.144250140 -0.641263485 -0.069081634 0.750467062
1757625599155879936.000000 0.150656879 -0.023592472 -0.963755846 -0.145966291 -0.624376535 -0.071869768 0.763991296
1757625599189194752.000000 0.143987000 -0.022218257 -0.965371013 -0.146923095 -0.616733372 -0.074320592 0.769759774
1757625599255822080.000000 0.124583840 -0.023017794 -0.963800192 0.149915382 0.605455935 0.080068804 -0.777520180
1757625599322449920.000000 0.111567318 -0.018930167 -0.954500198 -0.152649626 -0.598949492 -0.080293134 0.781991422
1757625599389076736.000000 0.102176428 -0.017959446 -0.946939826 -0.152516216 -0.595312953 -0.074440345 0.785366118
1757625599455702528.000000 0.092002392 -0.016997799 -0.936873913 -0.152817577 -0.594093680 -0.066851392 0.786911964
1757625599489015296.000000 0.085685194 -0.016028464 -0.931206465 -0.154371873 -0.593152285 -0.062669441 0.787662506
1757625599555640320.000000 0.070915282 -0.012994945 -0.918970883 -0.157567099 -0.590591133 -0.055392697 0.789497614
1757625599588951808.000000 0.063096821 -0.011028498 -0.912428498 -0.158895940 -0.588425696 -0.050841670 0.791152656
1757625599655574272.000000 0.045340776 -0.007945269 -0.896587491 -0.162758082 -0.582247078 -0.043650817 0.795356989
1757625599688885760.000000 0.035091519 -0.005957246 -0.887512863 0.164265290 0.578186452 0.040663909 -0.798162758
1757625599755507456.000000 0.013213694 -0.004956305 -0.870602906 -0.166153759 -0.569058597 -0.034985453 0.804575324
1757625599788818432.000000 0.003030539 -0.002921462 -0.863025069 -0.166246340 -0.565286398 -0.032855369 0.807300448
1757625599855438848.000000 -0.016123474 -0.000622034 -0.849307656 -0.165299997 -0.560062885 -0.028302934 0.811298072
1757625599922128128.000000 -0.034385800 -0.000132725 -0.837310135 -0.164777085 -0.556983173 -0.024742249 0.813637555
1757625599955488000.000000 -0.043753684 -0.000576496 -0.831008673 -0.164758682 -0.555320799 -0.023256930 0.814820647
1757625600022209280.000000 -0.059687495 -0.002180561 -0.821449220 -0.161953196 -0.554211497 -0.022748059 0.816151559
1757625600088931584.000000 -0.073000610 -0.000297830 -0.812722325 -0.155844867 -0.556405127 -0.020381767 0.815910697
1757625600122292480.000000 -0.078963339 0.000391528 -0.807047367 -0.152973980 -0.558165610 -0.018538874 0.815295398
1757625600189016832.000000 -0.087729752 0.002219886 -0.797921002 -0.149212882 -0.558659434 -0.014825406 0.815729976
1757625600255742976.000000 -0.094480693 0.004894912 -0.788543582 -0.147514448 -0.554275692 -0.010220773 0.819093108
1757625600289106432.000000 -0.097934276 0.006450236 -0.784182847 -0.147924632 -0.550262451 -0.008496981 0.821740508
1757625600322470144.000000 -0.101399571 0.007727936 -0.778974891 -0.148918435 -0.545077860 -0.006934119 0.825024545
1757625600389199104.000000 -0.109418005 0.008084446 -0.769189775 -0.152139261 -0.530531228 -0.004833126 0.833886623
1757625600455929344.000000 -0.116190851 0.006059915 -0.762033284 -0.152486280 -0.517787099 -0.004366033 0.841798961
1757625600522660608.000000 -0.124320030 0.005776234 -0.756954491 -0.154047459 -0.507087588 -0.003205440 0.848010242
1757625600556025856.000000 -0.128925979 0.006477557 -0.754321694 -0.154964581 -0.501305997 -0.002890205 0.851275563
1757625600622759680.000000 -0.139022559 0.008173645 -0.748860121 -0.159204721 -0.488556862 -0.004036688 0.857875168
1757625600689494528.000000 -0.150137603 0.009331994 -0.743788362 -0.165188178 -0.473790586 -0.006534616 0.864981353
1757625600756231168.000000 -0.158371627 0.012547307 -0.742722034 -0.169469148 -0.458732158 -0.009008631 0.872217774
1757625600822968832.000000 -0.171156943 0.012325734 -0.740806162 -0.170940667 -0.442843080 -0.009877677 0.880097628
1757625600856338176.000000 -0.176530689 0.012805276 -0.740097284 -0.170009807 -0.434184134 -0.009878659 0.884580851
1757625600923013888.000000 -0.186537176 0.013204299 -0.741703749 -0.168344498 -0.415913343 -0.010644233 0.893623590
1757625600989660672.000000 -0.199316204 0.013599589 -0.742797196 -0.167124406 -0.395701200 -0.011795036 0.902967811
1757625601022983936.000000 -0.206345946 0.012997679 -0.743433833 -0.165070489 -0.385528356 -0.011707538 0.907734871
1757625601089630720.000000 -0.222562417 0.011224039 -0.742956817 -0.159239382 -0.365567803 -0.010471479 0.917002439
1757625601189599488.000000 -0.252977014 0.012366809 -0.741328716 -0.155509546 -0.335003585 -0.014416943 0.929183304
1757625601256244736.000000 -0.275275409 0.011564471 -0.738511562 -0.154212758 -0.315309376 -0.017967436 0.936202824
1757625601322889216.000000 -0.293515891 0.010923862 -0.735119283 -0.153504282 -0.293943971 -0.017478798 0.943253875
1757625601356211200.000000 -0.302534580 0.011970669 -0.733176291 -0.153712943 -0.281138837 -0.017003568 0.947124183
1757625601422854656.000000 -0.316903353 0.013238285 -0.730140865 -0.153971881 -0.254480779 -0.015987422 0.954608142
1757625601489496576.000000 -0.332523704 0.014044784 -0.726442099 -0.154090554 -0.229060084 -0.013746037 0.961040378
1757625601556139008.000000 -0.351842910 0.014826048 -0.719462395 -0.154082522 -0.205949977 -0.012941412 0.966269016
1757625601622780672.000000 -0.366180658 0.016777351 -0.717090666 -0.154572353 -0.184789851 -0.011376739 0.970479608
1757625601689421824.000000 -0.379659593 0.017739743 -0.714574754 -0.155343637 -0.162800044 -0.010286116 0.974299073
1757625601722742016.000000 -0.386283815 0.018300962 -0.712873757 -0.156275257 -0.150577068 -0.010214644 0.976114929
1757625601789382144.000000 -0.399154752 0.020096108 -0.709949076 -0.157547876 -0.126554027 -0.009667167 0.979320824
1757625601856021760.000000 -0.411357939 0.022510121 -0.709211469 -0.157695964 -0.102706157 -0.009686007 0.982084394
1757625601955992064.000000 -0.425590962 0.027614903 -0.709849954 -0.157836661 -0.067557238 -0.010467076 0.985095978
1757625601989316352.000000 -0.428595930 0.030465605 -0.711887598 -0.158649907 -0.056390092 -0.011358811 0.985657871
1757625602055964928.000000 -0.439566404 0.031166630 -0.710786104 -0.159831822 -0.035978410 -0.014046357 0.986388445
1757625602122612736.000000 -0.445671439 0.029676653 -0.709918141 -0.158454850 -0.018462967 -0.015372973 0.987073958
1757625602189260032.000000 -0.450144351 0.029453177 -0.707851171 -0.155697972 -0.001485527 -0.015277286 0.987685442
1757625602222583296.000000 -0.451971471 0.029292133 -0.705028772 -0.155412555 0.007609787 -0.015184528 0.987703621
1757625602289229568.000000 -0.455560356 0.029393617 -0.696732402 -0.156936556 0.025385274 -0.015673501 0.987158000
1757625602322551808.000000 -0.457994938 0.028426189 -0.691160321 -0.158630669 0.033033956 -0.016501015 0.986647248
1757625602389197056.000000 -0.459442228 0.028437134 -0.679870129 -0.161118940 0.043529011 -0.016796647 0.985831559
1757625602455842048.000000 -0.458939314 0.028494962 -0.667738020 -0.163343653 0.050147582 -0.014463987 0.985187769
1757625602489164288.000000 -0.455066413 0.029209752 -0.661597371 -0.163364112 0.051365975 -0.012639137 0.985146761
1757625602555808000.000000 -0.451538861 0.027507666 -0.649850249 -0.163403034 0.051096745 -0.009157476 0.985192776
1757625602589129984.000000 -0.451917797 0.032630220 -0.641715825 -0.163163304 0.048977416 -0.007867694 0.985351264
1757625602655772928.000000 -0.448905438 0.034874987 -0.627197623 -0.163584054 0.042748693 -0.005473116 0.985587537
1757625602722415360.000000 -0.443620592 0.036185328 -0.612970412 -0.161845863 0.034927785 -0.003843844 0.986190259
1757625602755736576.000000 -0.440721571 0.036763363 -0.605709493 -0.159841850 0.031722393 -0.002447627 0.986629784
1757625602822377216.000000 -0.433711052 0.036334958 -0.592856944 -0.153434977 0.028172987 0.001556993 0.987755835
1757625602855697920.000000 -0.429858834 0.037769094 -0.586213291 -0.151141152 0.027539358 0.003049910 0.988123894
1757625602922404864.000000 -0.420044869 0.041833162 -0.570214391 -0.147718325 0.028690062 0.006846013 0.988589585
1757625602989142784.000000 -0.409905791 0.043650325 -0.553518176 -0.142682776 0.031123603 0.010007748 0.989228368
1757625603022512128.000000 -0.404654562 0.043908171 -0.545315504 -0.138901457 0.032255925 0.012242721 0.989705026
1757625603089252608.000000 -0.394548118 0.038779579 -0.529559731 -0.130074129 0.033771504 0.017514780 0.990774155
1757625603122623488.000000 -0.385550469 0.040619709 -0.518522263 -0.125239953 0.033517521 0.020368304 0.991351008
1757625603189366272.000000 -0.375753492 0.041444454 -0.503507078 -0.118391454 0.033224262 0.023455413 0.992133856
1757625603222737664.000000 -0.370620906 0.041709572 -0.492762446 -0.116163477 0.033115737 0.024712019 0.992370307
1757625603289483008.000000 -0.362085879 0.040855974 -0.472861201 -0.113750607 0.034712639 0.024764398 0.992593884
1757625603356230144.000000 -0.355576038 0.041644320 -0.451850533 -0.113781437 0.038662296 0.021116674 0.992528617
1757625603422979328.000000 -0.349820197 0.043157935 -0.432984769 -0.114191271 0.040318076 0.017786190 0.992480993
1757625603456354304.000000 -0.346865147 0.045191791 -0.424247801 -0.116221450 0.040792622 0.017018650 0.992239416
1757625603523105792.000000 -0.340761691 0.048943754 -0.407142222 -0.119618468 0.045857899 0.016018640 0.991630971
1757625603589859328.000000 -0.337392598 0.041609898 -0.391631603 -0.124485657 0.050858114 0.015383143 0.990797758
1757625603656613120.000000 -0.332995534 0.045758467 -0.374922663 -0.124885574 0.052021839 0.017266348 0.990655959
1757625603689990912.000000 -0.331799179 0.044693913 -0.367420316 -0.124597594 0.053166814 0.019024601 0.990599275
1757625603756748544.000000 -0.333081335 0.039260708 -0.351046264 -0.128107816 0.057299010 0.020776521 0.989885688
1757625603823507456.000000 -0.337087959 0.042518299 -0.329383105 -0.133199558 0.060684256 0.016739076 0.989088058
1757625603856887552.000000 -0.339636892 0.044376899 -0.316787899 -0.137701914 0.064818747 0.014447802 0.988244891
1757625603923596288.000000 -0.343533874 0.048419055 -0.290101856 -0.146473408 0.077251270 0.008461166 0.986157358
1757625603990282496.000000 -0.349804252 0.051201217 -0.266403288 -0.152118623 0.092348695 0.001273125 0.984037638
1757625604023625472.000000 -0.352058858 0.053096578 -0.255086362 -0.152685225 0.099951856 -0.001784806 0.983205855
1757625604090311936.000000 -0.355004579 0.057821807 -0.237435475 -0.152015507 0.114783518 -0.006805294 0.981666803
1757625604156997376.000000 -0.361984849 0.057394266 -0.213148177 -0.147019327 0.129752576 -0.009915994 0.980536222
1757625604190341120.000000 -0.364276677 0.057127070 -0.203533992 -0.142105550 0.136335075 -0.011462134 0.980350673
1757625604257028096.000000 -0.369143605 0.058498822 -0.180419549 -0.136445910 0.149859607 -0.013856735 0.979148924
1757625604290371584.000000 -0.370335102 0.057919469 -0.169000313 -0.134251907 0.155818447 -0.015124404 0.978503108
1757625604357059072.000000 -0.371294588 0.056415495 -0.147513390 -0.131908000 0.165835857 -0.015766583 0.977164388
1757625604390402816.000000 -0.372011989 0.056010656 -0.136211649 -0.129972041 0.170982689 -0.015375059 0.976542771
1757625604457090560.000000 -0.372246802 0.053409837 -0.112843253 -0.127231002 0.181181177 -0.013679427 0.975089073
1757625604490434560.000000 -0.372191101 0.052482877 -0.101925284 -0.125366375 0.187128752 -0.012573260 0.974221766
1757625604557121792.000000 -0.371610224 0.051204082 -0.081145249 -0.123075321 0.199284643 -0.009634011 0.972134411
1757625604590465792.000000 -0.373142719 0.054944959 -0.071381427 -0.122195005 0.205482498 -0.008735964 0.970962942
1757625604657154560.000000 -0.371214449 0.055859506 -0.050714158 -0.123143688 0.215652287 -0.006767686 0.968650579
1757625604690498816.000000 -0.370660961 0.057543010 -0.041328430 -0.124072582 0.219807476 -0.006359279 0.967600286
1757625604757187840.000000 -0.370045602 0.059505548 -0.021675428 -0.125986263 0.227377370 -0.004734830 0.965610981
1757625604823876864.000000 -0.369036794 0.062121063 -0.004021365 -0.125018433 0.236676112 -0.002159835 0.963509321
1757625604857221632.000000 -0.366437852 0.062789857 0.005558478 -0.124679394 0.242205799 -0.000726418 0.962180316
1757625604923895808.000000 -0.363685131 0.065959342 0.019540796 -0.126482964 0.255389333 0.000871943 0.958528876
1757625604990562048.000000 -0.357728213 0.067384288 0.033766419 -0.129609585 0.268706352 0.002823937 0.954458117
1757625605023895552.000000 -0.354902476 0.067492574 0.041135762 -0.130001605 0.275277436 0.003048165 0.952529609
1757625605090562304.000000 -0.349645853 0.068736285 0.056125797 -0.131945282 0.287828267 0.004009123 0.948540628
1757625605157228800.000000 -0.341395617 0.070351049 0.070023045 -0.134624377 0.299905509 0.004240111 0.944412589
1757625605190561792.000000 -0.335640490 0.070692010 0.077525809 -0.137386411 0.304549992 0.004614506 0.942524791
1757625605257228032.000000 -0.323590606 0.071819022 0.093158320 -0.141342789 0.310791731 0.005740275 0.939892471
1757625605323893760.000000 -0.309646100 0.073699355 0.108442783 -0.143093199 0.312154919 0.006445654 0.939171016
1757625605357226496.000000 -0.301907748 0.074464694 0.115625173 -0.143365547 0.310363770 0.006928403 0.939719498
1757625605423891968.000000 -0.283914864 0.078749493 0.130778149 -0.142205283 0.299708575 0.008997002 0.943329990
1757625605490556160.000000 -0.265772372 0.079301670 0.145466000 -0.139595628 0.284032196 0.011393038 0.948529959
1757625605557220864.000000 -0.245206624 0.076119155 0.160663679 -0.136064023 0.270871043 0.014236440 0.952844620
1757625605590553344.000000 -0.235859334 0.076104321 0.167741716 -0.134131998 0.265726894 0.015151958 0.954551339
1757625605657217792.000000 -0.213118419 0.075280115 0.186747000 -0.131255791 0.257166713 0.018484825 0.957233250
1757625605723882240.000000 -0.193351716 0.072895169 0.203488231 -0.130109981 0.248798832 0.019196682 0.959584355
1757625605790545920.000000 -0.172731057 0.071156368 0.222802907 -0.130521774 0.240847215 0.018987844 0.961559236
1757625605823877632.000000 -0.162820101 0.070713975 0.233012646 -0.132137924 0.235779285 0.018705791 0.962599576
1757625605923874816.000000 -0.133942366 0.068808019 0.259848297 -0.133509904 0.220347807 0.017186487 0.966088295
1757625605957208064.000000 -0.125254095 0.069359228 0.266472071 -0.133558989 0.216076240 0.017064780 0.967048049
1757625606023875328.000000 -0.107903197 0.071832448 0.278134853 -0.134646237 0.212903783 0.018137801 0.967581272
1757625606057208832.000000 -0.100340448 0.073445387 0.284063756 -0.136531100 0.214041233 0.018305823 0.967062891
1757625606123875072.000000 -0.086667314 0.076419793 0.295172095 -0.143634379 0.217797503 0.018468212 0.965190351
1757625606190541568.000000 -0.074564800 0.075606905 0.304101020 -0.147568792 0.219605878 0.018182473 0.964191973
1757625606223874560.000000 -0.069424786 0.076771460 0.308374166 -0.146310002 0.220279872 0.019205036 0.964210272
1757625606290540544.000000 -0.060096998 0.075164221 0.313656360 -0.143585816 0.221603647 0.021606561 0.964265585
1757625606357205248.000000 -0.050872035 0.075789593 0.321159899 -0.142854676 0.224463671 0.023786699 0.963661134
1757625606423870464.000000 -0.042520680 0.076467432 0.332815886 -0.146414474 0.229730904 0.026394852 0.961815894
1757625606490535680.000000 -0.034430906 0.077342108 0.344624877 -0.151128769 0.235958338 0.027359786 0.959549487
1757625606523867904.000000 -0.031031638 0.077069491 0.349172950 -0.151780844 0.239479050 0.027468625 0.958570719
1757625606590532864.000000 -0.025764761 0.076750755 0.361103028 -0.150076315 0.247471079 0.026704250 0.956829190
1757625606657197056.000000 -0.021420009 0.077626020 0.374788105 -0.147477880 0.257194042 0.025129355 0.954709411
1757625606723861248.000000 -0.016547754 0.078546897 0.393489242 -0.145829633 0.268886358 0.023627859 0.951775014
1757625606757193216.000000 -0.015109874 0.079749554 0.400304556 -0.144605011 0.274968714 0.022203624 0.950257123
1757625606823855872.000000 -0.011741344 0.080524743 0.422036529 -0.142625213 0.287298799 0.019386599 0.946964502
1757625606890520320.000000 -0.009791099 0.080307849 0.444638431 -0.138342962 0.296862811 0.013986780 0.944742322
1757625606957187840.000000 -0.006432556 0.078683734 0.469932199 -0.137615815 0.304390550 0.012012716 0.942477584
1757625607023855360.000000 -0.003827780 0.076930806 0.496198863 -0.133647606 0.311543971 0.008122076 0.940751135
1757625607090522880.000000 -0.001491554 0.076681867 0.522030771 -0.132471278 0.317843765 0.004914609 0.938830435
1757625607123856384.000000 -0.000317492 0.075809687 0.534634531 -0.131266102 0.320939392 0.003558191 0.937952280
1757625607190522880.000000 0.002848007 0.075002879 0.559116960 -0.128834695 0.325868189 0.002464872 0.936592519
1757625607257188352.000000 0.005216770 0.074291036 0.582421422 -0.127342939 0.331609100 0.001394743 0.934781969
1757625607323854336.000000 0.007464647 0.074730985 0.603961110 -0.124326997 0.340019673 0.001590156 0.932162523
1757625607390520576.000000 0.008084998 0.076602325 0.623202384 -0.121255390 0.350236535 -0.000057099 0.928779602
1757625607423853312.000000 0.008584745 0.079119101 0.633866012 -0.120627157 0.354927748 -0.001029977 0.927078366
1757625607490519040.000000 0.009419411 0.084009930 0.652493477 -0.121894971 0.362851977 -0.003018754 0.923834920
1757625607523851520.000000 0.010759152 0.085832551 0.661574244 -0.123338200 0.366846412 -0.003360389 0.922062933
1757625607590516736.000000 0.013580240 0.086256556 0.676781774 -0.125333726 0.375062138 -0.004098822 0.918478727
1757625607657180672.000000 0.017886952 0.085040681 0.689354062 -0.126196712 0.381739289 -0.004379672 0.915603876
1757625607723845120.000000 0.023464233 0.083636686 0.699694335 -0.125542089 0.386404663 -0.003011048 0.913740396
1757625607790509824.000000 0.030178636 0.086113885 0.716450691 -0.125321999 0.390900463 -0.002405811 0.911858261
1757625607823841792.000000 0.033548906 0.086176276 0.720097542 -0.126118228 0.392584473 -0.001949963 0.911025763
1757625607890522112.000000 0.042727612 0.089309499 0.734071612 -0.130849108 0.393754721 -0.001744588 0.909853220
1757625607957274112.000000 0.053851180 0.093104668 0.750106573 -0.137064800 0.390232354 -0.001698279 0.910455525
1757625607990650880.000000 0.060039870 0.094735488 0.756844819 -0.139087349 0.386759460 -0.001074712 0.911630809
1757625608057405952.000000 0.073268972 0.095874108 0.767574668 -0.138571963 0.380018920 0.001520968 0.914538741
1757625608090784256.000000 0.081033893 0.095670432 0.769872904 -0.137648076 0.376190186 0.003320912 0.916254878
1757625608190921216.000000 0.106793486 0.097350873 0.788230658 -0.134092852 0.364158213 0.009908422 0.921580076
1757625608224301568.000000 0.116516620 0.097038560 0.794875145 -0.132934615 0.361627996 0.012075468 0.922717690
1757625608291063552.000000 0.137426749 0.095422879 0.809110463 -0.132324561 0.360031426 0.015483228 0.923378587
1757625608357827584.000000 0.158013552 0.093898505 0.827839851 -0.130649015 0.359486401 0.017119087 0.923800528
1757625608391210240.000000 0.168951452 0.092532292 0.835499704 -0.129824802 0.359408706 0.018210746 0.923926055
1757625608457977088.000000 0.190201387 0.089578666 0.845302820 -0.129427969 0.360587478 0.019592468 0.923494041
1757625608524746240.000000 0.211148530 0.087486699 0.859494984 -0.128413022 0.362465292 0.019226147 0.922908127
1757625608558129920.000000 0.221212864 0.086050987 0.865027666 -0.127589688 0.362281114 0.019320903 0.923092663
1757625608624901888.000000 0.241138265 0.083713010 0.877325296 -0.125353634 0.359028071 0.018890066 0.924677491
1757625608658288384.000000 0.251071990 0.083871700 0.886391819 -0.124185361 0.356806815 0.018922379 0.925693750
1757625608725063424.000000 0.270652831 0.083408862 0.895533919 -0.120970443 0.353834838 0.018788094 0.927261651
1757625608791839744.000000 0.290013790 0.083958030 0.902272642 -0.121419214 0.352720916 0.020654546 0.927587628
1757625608858618624.000000 0.307861567 0.088448562 0.911659181 -0.124737024 0.353627801 0.023339335 0.926738024
1757625608891990016.000000 0.316020906 0.089716554 0.920766473 -0.127668366 0.354952067 0.024044694 0.925814092
1757625608958672640.000000 0.331435323 0.088077031 0.928065538 -0.133256137 0.355741471 0.025044579 0.924696505
1757625609025354496.000000 0.344072104 0.085582927 0.935682774 -0.132110044 0.353888780 0.025751300 0.925552070
1757625609058695936.000000 0.350012213 0.084761538 0.941609263 -0.131015435 0.352868199 0.027375715 0.926050544
1757625609125378816.000000 0.364752173 0.085312642 0.955303431 -0.130375594 0.352789789 0.031752888 0.926030993
1757625609158720512.000000 0.371986479 0.086977646 0.961819410 -0.131958947 0.353610426 0.033848133 0.925419271
1757625609225403392.000000 0.386876523 0.089482710 0.975943804 -0.137213439 0.357256800 0.038572971 0.923066735
1757625609292086016.000000 0.397235513 0.091828734 0.987751961 -0.138893038 0.364094436 0.040808029 0.920042813
1757625609358768896.000000 0.406940788 0.090513855 1.003402233 -0.136455089 0.372896522 0.039432120 0.916936994
1757625609425452032.000000 0.412865371 0.091047555 1.016499281 -0.130766109 0.383900225 0.036938917 0.913321614
1757625609458792448.000000 0.415380418 0.091826215 1.023805141 -0.127301782 0.390570879 0.035317991 0.911044121
1757625609525475328.000000 0.418108821 0.095215410 1.037694693 -0.120081298 0.407467633 0.032652449 0.904701352
1757625609592158208.000000 0.421511889 0.092827469 1.054301262 -0.110727333 0.426373243 0.028274881 0.897299230
1757625609625499648.000000 0.421760440 0.093073912 1.061602712 -0.105582893 0.435199648 0.026101489 0.893740654
1757625609692182528.000000 0.425887376 0.088664539 1.080094218 -0.097757302 0.449451119 0.021842571 0.887671232
1757625609758865664.000000 0.430441767 0.088562228 1.103569269 -0.095473252 0.460712910 0.018940635 0.882196069
1757625609792207104.000000 0.435344219 0.087960012 1.109264016 -0.094339803 0.466812372 0.019221045 0.879099965
1757625609858889728.000000 0.443132520 0.088957369 1.133419991 -0.091126867 0.482358247 0.018475035 0.871025383
1757625609925572352.000000 0.454062641 0.089703254 1.152354360 -0.090809874 0.495360374 0.020619964 0.863681912
1757625609958914560.000000 0.458389014 0.091748714 1.161192894 -0.091470212 0.500652015 0.021713069 0.860528588
1757625610025598464.000000 0.467027932 0.093345538 1.180726051 -0.093828194 0.510873139 0.023046482 0.854209363
1757625610092282880.000000 0.475741148 0.096038036 1.196824193 -0.095233701 0.520334423 0.024536896 0.848280966
1757625610125624576.000000 0.478075325 0.096411817 1.204345465 -0.094835594 0.524698675 0.024720524 0.845627844
1757625610158966784.000000 0.481617808 0.098858044 1.207585812 -0.093330108 0.528616548 0.024461154 0.843359828
1757625610225650688.000000 0.487365723 0.100162990 1.218644142 -0.092084035 0.537498415 0.023631310 0.837888777
1757625610258992896.000000 0.489431351 0.100413762 1.224144936 -0.092478901 0.541746616 0.023291746 0.835114241
1757625610325676032.000000 0.493740678 0.099054649 1.240128875 -0.095485128 0.549929142 0.022386530 0.829433262
1757625610392360192.000000 0.501456797 0.102012575 1.243173122 -0.097999394 0.555375874 0.021430859 0.825526774
1757625610425702144.000000 0.503018200 0.098715007 1.254021764 -0.098243229 0.558998466 0.020913132 0.823062479
1757625610492386304.000000 0.510227919 0.097433798 1.258663893 -0.097411506 0.566191971 0.020964995 0.818228662
1757625610525728256.000000 0.515181422 0.096777610 1.261657715 -0.097240776 0.570665598 0.021259207 0.815127671
1757625610592412672.000000 0.526030123 0.098270357 1.265660763 -0.099109471 0.579804540 0.022727676 0.808385789
1757625610625754624.000000 0.532939911 0.099630684 1.269026279 0.101220056 -0.583673298 -0.023734031 -0.805305362
1757625610692438528.000000 0.548675418 0.099719733 1.271783233 0.105293147 -0.587628901 -0.026706239 -0.801805735
1757625610725780736.000000 0.557047963 0.099849522 1.272570372 0.106268749 -0.588168025 -0.029067852 -0.801199317
1757625610792464128.000000 0.572594762 0.099392347 1.271287203 0.104412071 -0.587728739 -0.032500129 -0.801633835
1757625610825806080.000000 0.582773209 0.101385593 1.270540476 -0.101203509 0.586638808 0.034281250 0.802768767
1757625610892490240.000000 0.598705769 0.094944164 1.265998125 -0.093222208 0.582572103 0.038642887 0.806490004
1757625610925832192.000000 0.608339787 0.093807995 1.264695406 -0.088370353 0.580295861 0.040368162 0.808589995
1757625610992515840.000000 0.630118787 0.089564912 1.260243177 -0.081346497 0.577326477 0.044442680 0.811234772
1757625611059199744.000000 0.655458450 0.081743956 1.258120179 -0.078292459 0.576872647 0.048785377 0.811608493
1757625611125883648.000000 0.678525805 0.082663678 1.258813858 -0.076644406 0.576905668 0.050220609 0.811654747
1757625611159225600.000000 0.690167367 0.083934404 1.260375261 -0.075969204 0.576586545 0.049420193 0.811994135
1757625611225908480.000000 0.710963011 0.090611830 1.263480902 0.073414646 -0.575339198 -0.047168061 -0.813246787
1757625611292592384.000000 0.729777575 0.087298758 1.264785528 0.072683312 -0.571895182 -0.044122446 -0.815908253
1757625611325934336.000000 0.743815005 0.083398104 1.258846760 -0.072421044 0.568037629 0.042199604 0.818723261
1757625611392618240.000000 0.760217726 0.085024953 1.264106393 0.072379418 -0.561293960 -0.039829277 -0.823482871
1757625611459302144.000000 0.782816768 0.081857853 1.258124828 -0.075283572 0.556051910 0.042544831 0.826636970
1757625611525986560.000000 0.803987622 0.085656285 1.257368565 -0.079454497 0.556755960 0.047463167 0.825504124
1757625611559328256.000000 0.813614964 0.087101258 1.257133722 -0.083332837 0.557398856 0.050309610 0.824518800
1757625611626012416.000000 0.829485655 0.087157674 1.257073998 -0.087443203 0.558063626 0.053569637 0.823437274
1757625611659353344.000000 0.835674107 0.086507790 1.257057667 -0.087416813 0.557603955 0.053735457 0.823740661
1757625611726037248.000000 0.847387195 0.086026922 1.258524895 -0.087899044 0.554830849 0.055543561 0.825440168
1757625611759379456.000000 0.854477286 0.087044492 1.259825945 -0.089056514 0.553617358 0.057184201 0.826018631
1757625611826063360.000000 0.868087173 0.091316164 1.264588356 -0.094497129 0.553763568 0.061243776 0.825024545
1757625611859405568.000000 0.877857029 0.091174342 1.264971733 -0.099102445 0.554190576 0.063852727 0.823999047
1757625611926089216.000000 0.892318130 0.092981324 1.272130609 -0.106211148 0.555290222 0.067516319 0.822078824
1757625611959431424.000000 0.896998525 0.092931464 1.274895310 -0.107462049 0.555841446 0.068123773 0.821493447
1757625612026115072.000000 0.905476570 0.095886670 1.282473803 -0.105433315 0.561231136 0.068093657 0.818087280
1757625612059457024.000000 0.910221636 0.095935434 1.285099506 -0.104409710 0.566551745 0.068017974 0.814549804
1757625612126139904.000000 0.920177698 0.096530817 1.291473150 0.104239397 -0.580012083 -0.066558674 -0.805164695
1757625612159481856.000000 0.924285114 0.096634962 1.295301199 0.104833908 -0.586764038 -0.065483198 -0.800268650
1757625612226165504.000000 0.932896376 0.096496478 1.303521156 0.103396632 -0.601245880 -0.062267911 -0.789895654
1757625612292849408.000000 0.940992892 0.096708573 1.312544107 0.097752422 -0.619659007 -0.058284797 -0.776575923
1757625612359533312.000000 0.946095228 0.092478216 1.323057413 -0.089063376 0.640540719 0.051848203 0.760977745
1757625612426216960.000000 0.955257893 0.091150030 1.332975864 0.081883565 -0.659237266 -0.047848590 -0.745930195
1757625612459558912.000000 0.959837437 0.089063756 1.340074897 0.079107016 -0.668292582 -0.046668507 -0.738206804
1757625612492901120.000000 0.966056168 0.088124938 1.346216917 -0.077011399 0.677136004 0.045531161 0.730399251
1757625612559584000.000000 0.980041385 0.084859692 1.360684991 -0.074811034 0.691533804 0.043464966 0.717143714
1757625612626267904.000000 0.995593071 0.081262320 1.374008536 -0.071783118 0.699375570 0.043212034 0.709826529
1757625612659609856.000000 1.004511714 0.079192862 1.381474733 -0.070692331 0.702568829 0.044343140 0.706706047
1757625612726293760.000000 1.020524263 0.075787485 1.392047286 -0.068839215 0.710564494 0.046951234 0.698680818
1757625612759635712.000000 1.029277802 0.079814866 1.394943714 -0.067302316 0.715430319 0.047746662 0.693794072
1757625612826319872.000000 1.042472482 0.074739218 1.405478477 -0.065470912 0.725017965 0.049181856 0.683844864
1757625612893003520.000000 1.053129435 0.073769301 1.419887066 0.063435800 -0.734052241 -0.048776820 -0.674362004
1757625612926344704.000000 1.059317827 0.072263122 1.425175309 -0.063570812 0.738670766 0.048350826 0.669317901
1757625612993025792.000000 1.070475578 0.072683632 1.439365149 0.065204404 -0.747200668 -0.047028061 -0.659718096
1757625613059708416.000000 1.082943439 0.071989149 1.453005791 0.068571299 -0.753743768 -0.047096346 -0.651882172
1757625613126390784.000000 1.094203711 0.072076499 1.462970018 0.069918647 -0.760596275 -0.048530445 -0.643622279
1757625613159731712.000000 1.098095894 0.071461871 1.466272354 0.069551818 -0.764774561 -0.048905794 -0.638663292
1757625613193072896.000000 1.102510095 0.070850268 1.469085336 0.068800844 -0.769452393 -0.049241714 -0.633075595
1757625613259755008.000000 1.110600471 0.072098881 1.473074198 0.066738233 -0.780296683 -0.049246944 -0.619885385
1757625613293096192.000000 1.114508629 0.073008612 1.474135876 0.066766120 -0.785727262 -0.049105041 -0.612995744
1757625613359778560.000000 1.121273875 0.072844267 1.476896763 0.066545770 -0.795871198 -0.048495486 -0.599840701
1757625613393119488.000000 1.126296997 0.078087583 1.476947188 0.065450191 -0.800905704 -0.047876708 -0.593274236
1757625613459800832.000000 1.131350875 0.074687988 1.474556684 0.062785663 -0.811759114 -0.048549205 -0.578574359
1757625613493142016.000000 1.133581996 0.075486824 1.471473694 0.061224610 -0.818059564 -0.049624447 -0.569708347
1757625613526482944.000000 1.137652278 0.074546129 1.467954397 0.060541883 -0.824455678 -0.051104575 -0.560353458
1757625613593165312.000000 1.149862528 0.074114501 1.461216211 -0.060842134 0.836926281 0.053556785 0.541280329
1757625613626506496.000000 1.152272344 0.072082698 1.453115940 -0.060525630 0.842075706 0.055163093 0.533106267
1757625613693188608.000000 1.159430265 0.078767180 1.441698432 0.057750452 -0.851199865 -0.057861473 -0.518435955
1757625613759870720.000000 1.165793657 0.080395125 1.428259730 0.051867031 -0.858769774 -0.060903486 -0.506078124
1757625613826553088.000000 1.171819568 0.081275083 1.411471248 0.044548336 -0.864571512 -0.062902637 -0.496563107
1757625613859894272.000000 1.173611403 0.081025861 1.404386044 0.039307911 -0.867088616 -0.062972866 -0.492591769
1757625613926575104.000000 1.179756403 0.073341295 1.389859676 0.027634280 -0.872069359 -0.061466392 -0.484719813
1757625613959916032.000000 1.181425333 0.074315295 1.378635406 0.020941157 -0.875072002 -0.060080200 -0.479792684
1757625614026597632.000000 1.188442469 0.072102167 1.360142350 0.009181976 -0.882461846 -0.059142627 -0.466560781
1757625614059938304.000000 1.193117976 0.065411255 1.350927830 -0.006050578 0.885910153 0.061013307 0.459786922
1757625614126620416.000000 1.205672264 0.064734928 1.331812978 -0.003108311 0.891678929 0.063865565 0.448129803
1757625614159961344.000000 1.212214351 0.069972396 1.323480606 0.001946404 -0.893822372 -0.064134680 -0.443807036
1757625614226642944.000000 1.219540954 0.063353233 1.298877239 -0.000499110 0.896367550 0.064900249 0.438535154
1757625614259983616.000000 1.225207329 0.063102901 1.293562174 0.000220440 0.897392154 0.064954817 0.436426610
1757625614326664192.000000 1.234990239 0.063329712 1.287280917 -0.000999511 -0.899102509 -0.061823100 -0.433349311
1757625614393345792.000000 1.241812706 0.063137993 1.277959585 0.000170140 -0.900925517 -0.056355827 -0.430298954
1757625614460027648.000000 1.251863956 0.059899069 1.267325878 0.000709908 -0.903341353 -0.052931946 -0.425643325
1757625614493368320.000000 1.251970768 0.060460623 1.265062094 0.000521599 -0.904831588 -0.051301051 -0.422667563
1757625614560049664.000000 1.255917788 0.058529206 1.256618738 -0.000907656 -0.908735156 -0.050851204 -0.414262980
1757625614626731520.000000 1.257249236 0.054798864 1.245958447 -0.004544985 -0.913701534 -0.052323043 -0.402977824
1757625614693413120.000000 1.259275079 0.052234244 1.235146284 -0.009509362 -0.920035064 -0.053042982 -0.388112754
1757625614760094464.000000 1.262471318 0.052298672 1.222243428 -0.012526974 -0.926048994 -0.056511555 -0.372938097
1757625614793434368.000000 1.261732817 0.052586518 1.211563945 0.012890010 0.929075241 0.060157232 0.364738464
1757625614826775040.000000 1.260544181 0.054887749 1.200283527 0.013003107 0.932150066 0.064516939 0.356040508
1757625614893456640.000000 1.267125845 0.054719225 1.187702775 0.012389351 0.938863873 0.074790105 0.335838586
1757625614926798080.000000 1.274557114 0.052983116 1.184058905 -0.012477011 -0.942243755 -0.078963123 -0.325247437
1757625614993480704.000000 1.277086020 0.054262787 1.171211481 -0.015072502 -0.948416352 -0.082233861 -0.305805355
1757625615060163072.000000 1.279924512 0.053633355 1.160495400 -0.018056957 -0.954664469 -0.084837534 -0.284767121
1757625615093504512.000000 1.281869650 0.052860133 1.154154181 -0.018815521 -0.957879961 -0.086800776 -0.273089230
1757625615160186880.000000 1.287743568 0.052191094 1.140720963 -0.019416708 -0.964102626 -0.091799684 -0.248399138
1757625615193528064.000000 1.290577173 0.051946446 1.135273099 -0.020022672 -0.967088640 -0.093977503 -0.235599115
1757625615260209920.000000 1.297154903 0.050627470 1.123980045 -0.021725116 -0.972618759 -0.095694698 -0.210673764
1757625615293550848.000000 1.301443100 0.048864290 1.118675709 -0.023172235 -0.975281596 -0.094219044 -0.198523730
1757625615360233216.000000 1.311193228 0.043183967 1.107611895 -0.025291203 -0.980109751 -0.092107318 -0.173958719
1757625615393574656.000000 1.315462947 0.041277662 1.100199223 -0.024667811 -0.982003510 -0.092805393 -0.162628040
1757625615460257024.000000 1.328115225 0.038793147 1.084554672 -0.022844685 -0.985023081 -0.094318978 -0.142518818
1757625615493598464.000000 1.336791396 0.041522950 1.073886991 -0.021891261 -0.986016691 -0.094670191 -0.135386199
1757625615560280832.000000 1.349933147 0.034113526 1.061183333 -0.022330867 -0.987390399 -0.093777515 -0.125567824
1757625615593622016.000000 1.355175972 0.031238928 1.050757170 0.022790715 0.987940788 0.092573389 0.121999353
1757625615660303360.000000 1.368802190 0.025589421 1.034611702 0.023727348 0.988872468 0.090821967 0.115411095
1757625615726986240.000000 1.385335565 0.024546638 1.017090678 -0.024155820 -0.989806056 -0.090315215 -0.107441768
1757625615793668608.000000 1.399149656 0.020495743 0.999392867 -0.023677327 -0.990823627 -0.090688489 -0.097383916
1757625615860350720.000000 1.413669348 0.019255236 0.982813239 -0.023049677 -0.991923213 -0.091681041 -0.084568225
1757625615893696256.000000 1.420267701 0.019201651 0.973825395 -0.022819746 -0.992472529 -0.092209913 -0.077297419
1757625615960536576.000000 1.432531595 0.018368363 0.957206786 -0.023787018 -0.993622184 -0.092850022 -0.059398130
1757625615993957376.000000 1.438783884 0.016455457 0.953681588 -0.025159061 -0.994278908 -0.091913544 -0.048253402
1757625616060800512.000000 1.445470572 0.011113480 0.936695039 -0.028582748 -0.995316803 -0.088934846 -0.024862800
1757625616127644928.000000 1.454375148 0.010603309 0.924485803 -0.031178495 -0.995765448 -0.086481109 -0.000193113
1757625616194492160.000000 1.464103580 0.011344492 0.913176298 -0.033942927 -0.995433807 -0.086191244 0.023031833
1757625616261341696.000000 1.465201735 0.010472566 0.897745132 0.036512345 0.994641781 0.085804060 -0.044635776
1757625616328193024.000000 1.469111323 0.013778925 0.886757374 0.038983025 0.993112981 0.087928712 -0.066898845
1757625616395046144.000000 1.475432754 0.014928192 0.881809235 -0.040605839 -0.991224110 -0.089237601 0.088672251
1757625616461901568.000000 1.476156950 0.016334385 0.870500326 -0.041316371 -0.989689052 -0.089445628 0.103962362
1757625616528759040.000000 1.464621305 0.013456374 0.856497407 -0.043897890 -0.988443434 -0.089589566 0.114132434
1757625616595617280.000000 1.461405516 0.017437965 0.845747352 -0.048054975 -0.987254739 -0.086223938 0.124837190
1757625616662478592.000000 1.448264122 0.020361006 0.831570268 -0.050407570 -0.986067414 -0.084007867 0.134435594
1757625616729341952.000000 1.430543900 0.019032717 0.815709233 -0.054016408 -0.985072136 -0.083560526 0.140473813
1757625616796207360.000000 1.409713745 0.014941484 0.802571535 -0.059727598 -0.985069871 -0.074970081 0.143001825
1757625616829640960.000000 1.392778873 0.007806361 0.792937398 0.063516542 0.985144734 0.070530713 -0.143112093
1757625616896503552.000000 1.371848583 0.002650231 0.782926202 0.069315948 0.985639691 0.059622686 -0.141967967
1757625616996502016.000000 1.338129759 0.005997419 0.763885498 0.074886546 0.986710370 0.049200777 -0.135550842
1757625617063167744.000000 1.317161918 0.002995700 0.748324633 -0.075175092 -0.986967862 -0.048013445 0.133932620
1757625617129833472.000000 1.301528692 0.006958842 0.733954668 -0.074752443 -0.987179339 -0.048561793 0.132404000
1757625617163166208.000000 1.294139862 0.004282176 0.725609660 -0.075406723 -0.987179756 -0.049651403 0.131623581
1757625617229831424.000000 1.279932499 0.006347060 0.709860206 -0.076982252 -0.986925960 -0.052496698 0.131510228
1757625617296496640.000000 1.268705606 0.004609078 0.695037007 -0.078715511 -0.986297965 -0.056688298 0.133441880
1757625617363161088.000000 1.259608507 -0.000608176 0.682289958 -0.078607880 -0.986265957 -0.058136094 0.133118138
1757625617429825792.000000 1.253460169 -0.000990987 0.669916630 -0.079818025 -0.986643493 -0.057707675 0.129744485
1757625617496488704.000000 1.247625351 -0.001882046 0.655934811 -0.082340017 -0.986686349 -0.059001744 0.127236232
1757625617563152640.000000 1.242056847 -0.002289593 0.638956070 -0.084696576 -0.986273885 -0.064600475 0.126163542
1757625617596484352.000000 1.238875628 0.005808532 0.630040526 -0.083923869 -0.986196935 -0.067742690 0.125632375
1757625617663147776.000000 1.235230923 -0.001088768 0.609548926 -0.082095087 -0.985548735 -0.075505674 0.127487555
1757625617729810688.000000 1.237718105 0.001559556 0.589881659 0.079153135 0.985023022 0.076986559 -0.132429793
1757625617796473856.000000 1.239756107 0.000402063 0.574095130 0.076294146 0.983989775 0.075444475 -0.142308161
1757625617863136256.000000 1.242511749 0.003308624 0.562018991 -0.072616942 -0.982601047 -0.073204726 0.154476941
1757625617929800448.000000 1.247433186 0.001815647 0.545009732 -0.069580868 -0.981230736 -0.070522524 0.165442914
1757625617996467456.000000 1.252159119 0.000215769 0.525197864 -0.066710450 -0.979735553 -0.069330260 0.175673917
1757625618063133696.000000 1.256549835 -0.001321703 0.502886653 -0.063028991 -0.978118598 -0.069789506 0.185582459
1757625618129800192.000000 1.262451649 -0.005319268 0.477019906 -0.059480093 -0.977096915 -0.070097968 0.191911712
1757625618196465920.000000 1.268465281 -0.005918607 0.453890204 -0.058000948 -0.976434171 -0.069087923 0.196059182
1757625618229798912.000000 1.269910336 -0.006345555 0.441017032 -0.057753347 -0.976069033 -0.068488002 0.198149756
1757625618296464640.000000 1.273228049 -0.008800343 0.417460561 -0.058271155 -0.974715114 -0.068046525 0.204706520
1757625618363128832.000000 1.275411963 -0.012619585 0.394306540 -0.060339309 -0.972377598 -0.067988351 0.214985132
1757625618429793792.000000 1.282526016 -0.026663929 0.372043610 0.062094070 0.969467700 0.069407687 -0.226846665
1757625618463126528.000000 1.282980561 -0.028507218 0.361716509 0.063207321 0.968045890 0.069352984 -0.232555926
1757625618529791232.000000 1.282948852 -0.027698457 0.342279673 -0.065479770 -0.965466976 -0.069000565 0.242538467
1757625618596455424.000000 1.286379814 -0.031602383 0.324725389 -0.067243211 -0.963365436 -0.069119930 0.250255793
1757625618663119616.000000 1.281168461 -0.023697391 0.310258508 -0.067061462 -0.962154567 -0.070121966 0.254645437
1757625618729783552.000000 1.284138918 -0.033510268 0.292694211 -0.068567052 -0.960985422 -0.073973082 0.257553190
1757625618796446208.000000 1.280906677 -0.037563235 0.279838204 0.070035383 0.959485590 0.073477603 -0.262837619
1757625618863109376.000000 1.274651170 -0.033005357 0.267257333 -0.070700705 -0.957940459 -0.071993269 0.268642008
1757625618929778944.000000 1.272978783 -0.034701779 0.252114654 0.070571482 0.956265032 0.072715320 -0.274389118
1757625618996450048.000000 1.265025377 -0.029176414 0.234614372 -0.068864450 -0.955308616 -0.077715091 0.276773661
1757625619063120384.000000 1.259158611 -0.027944103 0.215415835 -0.067017443 -0.955908358 -0.082803749 0.273663282
1757625619096455680.000000 1.264775276 -0.039902374 0.200480700 0.066472478 0.956175566 0.086106762 -0.271837205
1757625619163125760.000000 1.252302289 -0.029540494 0.181937218 -0.066549890 -0.958081007 -0.085966855 0.265069127
1757625619229795072.000000 1.236123085 -0.020763725 0.166968107 -0.068140261 -0.961407185 -0.082156457 0.253581405
1757625619296464640.000000 1.222621202 -0.016833261 0.149278164 -0.071249694 -0.965333104 -0.076841019 0.239062831
1757625619363134208.000000 1.213827014 -0.021229669 0.127388120 -0.076150745 -0.969079316 -0.070934579 0.223729208
1757625619396468736.000000 1.206678867 -0.021278128 0.118043303 -0.078467697 -0.971153140 -0.066099703 0.215256631
1757625619463138048.000000 1.189724445 -0.022282854 0.094377875 -0.082924984 -0.974559128 -0.062529609 0.198615164
1757625619529807104.000000 1.171756506 -0.022405937 0.068266213 -0.085852154 -0.976737618 -0.063123696 0.186087564
1757625619629810432.000000 1.146967173 -0.028258562 0.031077862 -0.084691353 -0.979645550 -0.062199797 0.171035960
1757625619663143680.000000 1.141558647 -0.033956319 0.021300733 -0.083442114 -0.980641723 -0.059833087 0.166731194
1757625619729811712.000000 1.131412983 -0.028190702 -0.003400028 -0.079769030 -0.982281804 -0.054766141 0.160499588
1757625619796480000.000000 1.117537022 -0.035169348 -0.023229778 0.076492682 0.983072996 0.053937938 -0.157502785
1757625619863148032.000000 1.106391191 -0.031523854 -0.045792162 0.075156622 0.983413577 0.056396823 -0.155140877
1757625619929816064.000000 1.095346928 -0.027752727 -0.069810450 -0.073779479 -0.983675659 -0.061483108 0.152179688
1757625619996483584.000000 1.087749481 -0.028783634 -0.089214981 -0.070533492 -0.984288275 -0.065063842 0.148217037
1757625620063151104.000000 1.080338836 -0.032631874 -0.105885535 -0.067178316 -0.985539079 -0.065128654 0.141273662
1757625620129817600.000000 1.075174928 -0.033062831 -0.122239202 -0.065227203 -0.986777127 -0.065496556 0.133141398
1757625620163150848.000000 1.071403980 -0.035140336 -0.132821411 -0.065011702 -0.987163842 -0.067020856 0.129573897
1757625620229817856.000000 1.066678643 -0.029517487 -0.153784513 -0.065360203 -0.987192333 -0.074036807 0.125291437
1757625620296484352.000000 1.060940266 -0.026594654 -0.177792728 -0.066415854 -0.986000359 -0.086784109 0.125939563
1757625620363150592.000000 1.056714654 -0.027772427 -0.200815126 -0.066175945 -0.984542012 -0.094231613 0.131978169
1757625620396483584.000000 1.056416392 -0.028533131 -0.210033685 -0.065668769 -0.984045386 -0.093974248 0.136055455
