1762962580850437632.000000 0.079473376 0.112517357 -0.037155882 -0.911509097 -0.103247285 0.002257104 0.398103237
1762962580883808512.000000 0.081455104 0.099614710 0.006847426 -0.909699023 -0.095156290 -0.002554095 0.404210955
1762962580950551040.000000 0.090646863 0.074297391 0.096694976 -0.907798350 -0.084572218 -0.019362608 0.410335124
1762962581017293056.000000 0.095477372 0.055509433 0.184926495 -0.910892129 -0.075363815 -0.041496526 0.403576434
1762962581050664960.000000 0.110490799 0.042772591 0.226728112 -0.911095440 -0.071467772 -0.049248077 0.402954251
1762962581084036608.000000 0.107105777 0.034643501 0.266272247 -0.911167443 -0.069606654 -0.061161503 0.401482522
1762962581150780928.000000 0.078656949 0.007526278 0.345217615 -0.908319890 -0.066145018 -0.089970991 0.403094441
1762962581184153600.000000 0.072364137 -0.007038683 0.373407066 -0.905533254 -0.065612078 -0.103181064 0.406273663
1762962581250898944.000000 0.068605892 -0.030507058 0.439802825 -0.905211747 -0.077025250 -0.130621329 0.396984786
1762962581284271872.000000 0.062810898 -0.043585360 0.462902129 -0.905474484 -0.088985257 -0.145259976 0.388712317
1762962581317645056.000000 0.063177794 -0.050951272 0.493373454 -0.905902922 -0.097993247 -0.159487188 0.379869759
1762962581351018752.000000 0.065770373 -0.065401167 0.512630224 -0.904894650 -0.105649725 -0.171082586 0.375146031
1762962581417765632.000000 0.045179546 -0.088886380 0.554238737 -0.900744021 -0.105638281 -0.186765522 0.377649903
1762962581451139328.000000 0.043083787 -0.104998350 0.571008801 -0.894216835 -0.099819951 -0.186462402 0.394517571
1762962581484512512.000000 0.049042091 -0.132813096 0.635510087 -0.889012992 -0.091134436 -0.179174960 0.411396116
1762962581517886720.000000 0.046958312 -0.144936562 0.660886526 -0.882907152 -0.082169667 -0.177026242 0.427065521
1762962581551235072.000000 0.042962790 -0.166773498 0.677806258 -0.878105640 -0.079105772 -0.178081766 0.436989367
1762962581584574208.000000 0.042585224 -0.180747926 0.686464071 -0.875341833 -0.076655671 -0.181237593 0.441648632
1762962581617913344.000000 0.040713862 -0.194975913 0.696789205 -0.873679101 -0.075891048 -0.187428117 0.442488462
1762962581651252736.000000 0.039691061 -0.206482708 0.706840992 -0.872262716 -0.073603950 -0.195686534 0.442093998
1762962581717930752.000000 0.023743331 -0.207499981 0.664514661 -0.866369247 -0.070675857 -0.218543768 0.443450034
1762962581751270144.000000 0.019965976 -0.210655630 0.669237077 -0.864156663 -0.066759177 -0.223547801 0.445873111
1762962581784608768.000000 0.018941253 -0.216476440 0.674809337 -0.860397518 -0.063762829 -0.227982864 0.451302886
1762962581817948160.000000 0.012315094 -0.225041687 0.681617677 -0.857517064 -0.064269461 -0.232934922 0.454175502
1762962581851287040.000000 0.005137891 -0.224927843 0.686706841 -0.856071591 -0.064603373 -0.239905924 0.453225106
1762962581884626176.000000 0.006945848 -0.227376223 0.688451767 -0.855830669 -0.064802073 -0.246511951 0.450096160
1762962581917964288.000000 0.000795841 -0.228915274 0.692092657 -0.856772065 -0.068237312 -0.252997041 0.444159746
1762962581951302912.000000 -0.003334105 -0.226153016 0.690461874 -0.856177509 -0.072409831 -0.260136992 0.440506279
1762962581984642048.000000 -0.005607963 -0.228082895 0.685343266 -0.853881717 -0.075572491 -0.266654879 0.440533876
1762962582017980928.000000 -0.011145830 -0.229772985 0.691236556 -0.850462019 -0.078426741 -0.270847023 0.444078267
1762962582051319808.000000 -0.013895839 -0.224961996 0.689748049 -0.844687939 -0.080770671 -0.271687567 0.454053253
1762962582117997568.000000 -0.025435388 -0.233611882 0.697080135 -0.835820317 -0.077301756 -0.264242291 0.474978805
1762962582151336448.000000 -0.028979301 -0.247427762 0.738543808 -0.830330908 -0.074928515 -0.263756126 0.485148519
1762962582184675328.000000 -0.027625829 -0.237736046 0.711674571 -0.824603498 -0.073759809 -0.264164239 0.494778574
1762962582218014208.000000 -0.018307716 -0.248006225 0.707938731 -0.821534276 -0.072650477 -0.255542994 0.504481137
1762962582251353088.000000 -0.023170620 -0.247870505 0.717582524 -0.817682445 -0.063678183 -0.250134408 0.514561236
1762962582284691456.000000 -0.024425805 -0.245756865 0.715527952 -0.814316332 -0.051842041 -0.247414201 0.522482038
1762962582318030592.000000 -0.024641216 -0.249536216 0.715151250 -0.813629210 -0.039304711 -0.241627380 0.527331948
1762962582351368192.000000 -0.012978956 -0.271459699 0.715274930 -0.811264634 -0.027792400 -0.236764178 0.533872724
1762962582384706816.000000 -0.012619168 -0.268228233 0.705979705 -0.808477402 -0.021055736 -0.237048492 0.538264871
1762962582451384320.000000 -0.019179985 -0.275097787 0.714665592 -0.803499222 -0.003144629 -0.231099948 0.548609197
1762962582484722944.000000 -0.024271876 -0.280607402 0.719843626 -0.800233185 0.002477962 -0.236779034 0.550959647
1762962582551399936.000000 -0.014088124 -0.301420987 0.716434479 -0.798152328 0.014686088 -0.268309534 0.539209902
1762962582584738048.000000 -0.018028975 -0.316484809 0.713056266 -0.788910449 0.018541852 -0.281988293 0.545673132
1762962582618076160.000000 -0.011751890 -0.334649026 0.708548903 -0.781297743 0.030441916 -0.280845463 0.556572556
1762962582684752128.000000 -0.009245887 -0.360148072 0.734961092 -0.758637309 0.049985874 -0.273362219 0.589274168
1762962582718090240.000000 -0.028242752 -0.362103760 0.722890854 -0.748176157 0.055782061 -0.271115363 0.603006959
1762962582751428096.000000 -0.052464448 -0.361129761 0.683816612 -0.737785101 0.065933675 -0.265145540 0.617271185
1762962582818103040.000000 -0.028622322 -0.405506730 0.752548695 -0.724862456 0.078626126 -0.247317970 0.638142884
1762962582851440896.000000 -0.039934792 -0.408479691 0.746783197 -0.720277309 0.086854421 -0.242080614 0.644246817
1762962582918116864.000000 -0.042404972 -0.417494953 0.757011175 -0.710655212 0.103321090 -0.226566136 0.657998264
1762962582951454720.000000 -0.042890914 -0.423969150 0.758724093 -0.707122445 0.107951410 -0.220135435 0.663223088
1762962583018130176.000000 -0.043408982 -0.432073772 0.754299164 -0.704620719 0.124638557 -0.198581219 0.669731617
1762962583051468032.000000 -0.043781832 -0.436329186 0.755319476 -0.702533305 0.131318033 -0.192155644 0.672516823
1762962583118143232.000000 -0.043121971 -0.459135115 0.728566587 -0.706706524 0.133305967 -0.185850412 0.669518530
1762962583184818432.000000 -0.052066751 -0.457700133 0.730178177 -0.696886957 0.116755262 -0.189148933 0.681864738
1762962583218156288.000000 -0.059832357 -0.459395289 0.726737082 -0.694076061 0.108554743 -0.190879703 0.685594201
1762962583284830464.000000 -0.073701613 -0.463217080 0.727018595 -0.687908232 0.102538675 -0.188514158 0.693347335
1762962583318167808.000000 -0.069682240 -0.474601209 0.725146055 -0.682102203 0.098897293 -0.189224318 0.699392676
1762962583384843008.000000 -0.091660574 -0.476828992 0.731439590 -0.675431371 0.092668720 -0.187066093 0.707256138
1762962583451517952.000000 -0.098407000 -0.480433404 0.732529521 -0.661711991 0.088951565 -0.191501856 0.719410837
1762962583518192640.000000 -0.102005526 -0.485090733 0.726391375 0.655059099 -0.079680815 0.199011654 -0.724529505
1762962583584869632.000000 -0.119432881 -0.489386082 0.732937455 -0.643957973 0.077195957 -0.202686831 0.733673692
1762962583618208256.000000 -0.117977180 -0.488454759 0.733190238 -0.640350163 0.077004701 -0.198548511 0.737970591
1762962583684884480.000000 -0.120339990 -0.492850304 0.731269360 -0.626782358 0.078426592 -0.194091424 0.750547647
1762962583718222848.000000 -0.132306069 -0.495073140 0.735054970 -0.622380137 0.079252981 -0.193152472 0.754356742
1762962583751561728.000000 -0.133343443 -0.496510744 0.735114813 -0.620052338 0.077100314 -0.191765934 0.756846488
1762962583818238464.000000 -0.133361533 -0.497196674 0.734307170 -0.612877727 0.078209586 -0.193534508 0.762108028
1762962583851576832.000000 -0.130206719 -0.507804394 0.750457883 -0.610188663 0.079403095 -0.194401667 0.763919532
1762962583918253568.000000 -0.141404614 -0.501115739 0.737977862 -0.605567396 0.083312124 -0.193356439 0.767437696
1762962583951591936.000000 -0.151858285 -0.498197556 0.733469605 -0.607965410 0.089220613 -0.185316846 0.766860783
1762962584018268672.000000 -0.147774428 -0.496744812 0.734688401 -0.620533943 0.099982373 -0.155675650 0.762040913
1762962584051606784.000000 -0.143143132 -0.490469337 0.734601796 -0.627671301 0.106465593 -0.137477070 0.758810937
1762962584084944896.000000 -0.125685662 -0.489129186 0.720662534 -0.635883152 0.111258894 -0.119256578 0.754355371
1762962584118283520.000000 -0.118631579 -0.483677566 0.722021461 -0.645772338 0.116538346 -0.103240982 0.747488022
1762962584184958720.000000 -0.128420413 -0.466566205 0.724670112 -0.661822259 0.127549395 -0.082966089 0.734056652
1762962584251635200.000000 -0.122856475 -0.459048450 0.726346612 -0.672708035 0.128844544 -0.074753143 0.724758625
1762962584284973056.000000 -0.124001697 -0.457663178 0.727508664 -0.674199641 0.122004107 -0.071791597 0.724855781
1762962584351649280.000000 -0.112857267 -0.444468379 0.725683212 -0.673155010 0.100143954 -0.065185845 0.729783833
1762962584384987392.000000 -0.112609133 -0.444932282 0.725134969 -0.671378732 0.087366320 -0.062191438 0.733314395
1762962584418325248.000000 -0.115508080 -0.437848568 0.733763099 -0.669561625 0.073666073 -0.061733861 0.736511707
1762962584451663360.000000 -0.133736387 -0.423299611 0.727990746 -0.666974962 0.059327465 -0.064065956 0.739946127
1762962584485001216.000000 -0.134603322 -0.416504204 0.727640629 -0.666147411 0.045943633 -0.063197456 0.741716266
1762962584551677952.000000 -0.138379246 -0.402332306 0.727451742 -0.665914178 0.033394273 -0.052989587 0.743394494
1762962584585016064.000000 -0.137792736 -0.401197314 0.727313519 -0.666806757 0.030647447 -0.042408116 0.743391633
1762962584651694336.000000 -0.110667996 -0.383256078 0.731564105 -0.668814003 0.015835000 -0.008933597 0.743207455
1762962584685033472.000000 -0.109673977 -0.383129776 0.730419278 -0.668702185 0.005002889 0.008064251 0.743469834
1762962584718372608.000000 -0.110231832 -0.383166313 0.730736017 -0.667494178 -0.006983054 0.025624540 0.744141221
1762962584751711488.000000 -0.124932960 -0.358548343 0.736021161 -0.665836275 -0.020127216 0.041093178 0.744693458
1762962584818389760.000000 -0.084268235 -0.355715513 0.735525966 -0.660982430 -0.055096000 0.075960547 0.744511068
1762962584851728640.000000 -0.090761796 -0.352595031 0.733245909 -0.658133984 -0.072327510 0.091142498 0.743855834
1762962584918406656.000000 -0.085352093 -0.345091820 0.736962497 -0.653239012 -0.112584703 0.120058939 0.739046335
1762962584985084416.000000 -0.054620650 -0.326521277 0.744115233 -0.647030175 -0.154747546 0.149949029 0.731382549
1762962585051761152.000000 -0.056400895 -0.320915759 0.743862748 -0.639736831 -0.193090796 0.175583050 0.722926915
1762962585085100288.000000 -0.061286226 -0.318769813 0.748597801 -0.636429667 -0.209590361 0.186757103 0.718436539
1762962585151777792.000000 -0.033553392 -0.297006786 0.737891614 -0.628155351 -0.242211863 0.212069631 0.708364844
1762962585185116672.000000 -0.034893602 -0.298155546 0.735286057 -0.622870266 -0.255309850 0.224122599 0.704711735
1762962585251794176.000000 -0.028963521 -0.287485063 0.734234571 -0.612163126 -0.276703060 0.246255472 0.698605776
1762962585318471424.000000 -0.027271777 -0.291272163 0.739111781 -0.604595959 -0.297555238 0.266436160 0.689156353
1762962585351810304.000000 -0.022033423 -0.286963463 0.747464418 -0.602771282 -0.307777911 0.276279896 0.682355464
1762962585418487552.000000 -0.042349145 -0.299825907 0.732470751 -0.598986566 -0.324806035 0.298208386 0.668421984
1762962585451826176.000000 -0.015201017 -0.274213791 0.743277073 -0.593815088 -0.337633222 0.312455177 0.660120666
1762962585518502400.000000 -0.019104600 -0.273729861 0.742987990 -0.589166284 -0.353872925 0.329189837 0.647527039
1762962585551841024.000000 -0.029001430 -0.281385481 0.745579362 -0.588878155 -0.360896230 0.335162520 0.640813947
1762962585618518528.000000 -0.025004193 -0.279936910 0.739319205 -0.593992472 -0.364753425 0.348534673 0.626619101
1762962585651857408.000000 -0.017312095 -0.262558818 0.742272019 -0.594394326 -0.368254721 0.355008185 0.620526433
1762962585718534656.000000 -0.023930281 -0.265838921 0.754405737 -0.591873884 -0.372745633 0.356699258 0.619283199
1762962585751873280.000000 -0.022306994 -0.268262029 0.751250982 -0.584147751 -0.380561620 0.357508898 0.621394992
1762962585818550528.000000 -0.038611710 -0.293417573 0.746010780 -0.571371198 -0.393917203 0.360083371 0.623461425
1762962585851889152.000000 -0.048009127 -0.304814219 0.747689068 -0.568868279 -0.395428896 0.363000810 0.623101413
1762962585918565376.000000 -0.045696810 -0.295392454 0.747452378 -0.571656466 -0.392609060 0.370541573 0.617872119
1762962585951903744.000000 -0.061417989 -0.322057247 0.741840959 -0.574970186 -0.388984472 0.370415181 0.617165327
1762962585985242112.000000 -0.051924832 -0.306046546 0.740494728 -0.576437235 -0.388456792 0.372764051 0.614710093
1762962586051919104.000000 -0.053997517 -0.309416533 0.740715683 -0.581490755 -0.384565711 0.372464061 0.612575114
1762962586085257472.000000 -0.077354752 -0.329881191 0.745186448 -0.584824026 -0.382464767 0.369562507 0.612474561
1762962586151934464.000000 -0.079390787 -0.329530776 0.739869475 -0.589418232 -0.379736900 0.366037458 0.611884534
1762962586185272576.000000 -0.079197057 -0.330623448 0.733711183 -0.591370583 -0.377446145 0.364515036 0.612326801
1762962586251949568.000000 -0.097065769 -0.347138166 0.733847022 -0.595089674 -0.372204751 0.359268397 0.615026951
1762962586285287680.000000 -0.105776891 -0.351725817 0.747122347 -0.596622288 -0.369618088 0.356328964 0.616809547
1762962586351963136.000000 -0.116818585 -0.363057554 0.749241233 -0.598236620 -0.362881482 0.350164384 0.622747838
1762962586418639616.000000 -0.130197063 -0.376289189 0.736536384 -0.602041483 -0.355215490 0.339944959 0.629130781
1762962586451977728.000000 -0.132235706 -0.375668287 0.737935483 -0.603304386 -0.355074883 0.335235178 0.630526006
1762962586518654208.000000 -0.131113037 -0.376826227 0.740382671 -0.600944996 -0.354675591 0.326649934 0.637471676
1762962586585449216.000000 -0.158679798 -0.405556977 0.732950568 -0.599389613 -0.349903762 0.317649961 0.646063507
1762962586652292864.000000 -0.155773968 -0.407857180 0.733033538 -0.599566042 -0.343467295 0.311306536 0.652410269
1762962586719138816.000000 -0.152084976 -0.407858193 0.729489326 -0.598849297 -0.337952048 0.307325810 0.657813728
1762962586785986560.000000 -0.176472872 -0.435215950 0.729807854 -0.598866642 -0.329663545 0.307109356 0.662091136
1762962586819410432.000000 -0.181325421 -0.433313727 0.730046630 -0.600046217 -0.325970322 0.310025513 0.661492348
1762962586886261248.000000 -0.185527831 -0.435893357 0.733583212 -0.604054093 -0.315030336 0.314880520 0.660851717
1762962586953114112.000000 -0.179022029 -0.428751647 0.731534064 -0.607010007 -0.305664212 0.317271531 0.661397815
1762962586986541312.000000 -0.189204156 -0.437215865 0.731199443 -0.605966091 -0.302243352 0.316591561 0.664246857
1762962587053396992.000000 -0.185406625 -0.433122993 0.741868317 -0.601048470 -0.299782276 0.317085236 0.669573247
1762962587120254976.000000 -0.191010565 -0.431624055 0.738742709 -0.595715046 -0.297879845 0.319147885 0.674192727
1762962587187114752.000000 -0.189086258 -0.427742779 0.730720043 -0.589412332 -0.298554510 0.321483254 0.678311765
1762962587253975552.000000 -0.196539372 -0.426107407 0.732144713 -0.586636484 -0.302687794 0.321491390 0.678882182
1762962587320839680.000000 -0.202265769 -0.425138772 0.733789682 -0.586616576 -0.305287361 0.321695775 0.677637398
1762962587387705600.000000 -0.197108790 -0.412009895 0.742733955 -0.590000927 -0.307068169 0.321311146 0.674067616
1762962587454573312.000000 -0.202965081 -0.401272535 0.739872813 -0.594645381 -0.309659451 0.323125869 0.667905450
1762962587521443328.000000 -0.206577837 -0.384875834 0.736388445 -0.602164090 -0.311586469 0.329972714 0.656833649
1762962587588167936.000000 -0.208793268 -0.367930353 0.736009359 -0.610686064 -0.314605981 0.337139219 0.643756866
1762962587621498624.000000 -0.206368417 -0.355715632 0.733659029 -0.613016665 -0.315732807 0.340984643 0.638946712
1762962587688158720.000000 -0.199318469 -0.333379030 0.729766011 -0.615790129 -0.313372970 0.347769856 0.633763433
1762962587754819584.000000 -0.195717707 -0.322426856 0.730606735 -0.614082038 -0.310010880 0.349883497 0.635907352
1762962587821479680.000000 -0.193226814 -0.303207159 0.732312202 -0.609932125 -0.310891300 0.350641012 0.639046431
1762962587854809856.000000 -0.188408539 -0.294782460 0.732349753 -0.607417524 -0.312357128 0.351583362 0.640207887
1762962587921469696.000000 -0.182579815 -0.276215553 0.736601233 -0.600985587 -0.317198485 0.353036135 0.643091798
1762962587988129024.000000 -0.175230801 -0.258066177 0.738780320 -0.592315733 -0.326323032 0.351052165 0.647640169
1762962588054788096.000000 -0.177277237 -0.240485907 0.735506296 -0.583755970 -0.333692014 0.349866956 0.652281940
1762962588121446912.000000 -0.165527880 -0.220560610 0.742130518 -0.579171956 -0.340975672 0.348843277 0.653149128
1762962588154775040.000000 -0.163691223 -0.211977124 0.741896749 -0.577038646 -0.343011290 0.348711133 0.654041469
1762962588221433088.000000 -0.158911347 -0.195279360 0.742717981 -0.573012471 -0.346062332 0.348169506 0.656258762
1762962588288090624.000000 -0.155161962 -0.181907296 0.742794871 -0.569841504 -0.348866016 0.347128987 0.658084154
1762962588354748160.000000 -0.150950029 -0.164854527 0.744452238 -0.568191588 -0.348982185 0.347966433 0.659006238
1762962588388076544.000000 -0.151273578 -0.156971574 0.744378924 -0.568249047 -0.348439187 0.348711282 0.658850312
1762962588454733312.000000 -0.147036448 -0.147113204 0.746397674 -0.565922976 -0.347426146 0.351076633 0.660129964
1762962588521390080.000000 -0.146796763 -0.142509520 0.743499637 -0.562617660 -0.348646313 0.352967113 0.661302865
1762962588588049408.000000 -0.147413924 -0.135562539 0.745024800 -0.561495423 -0.351065993 0.354261130 0.660283744
1762962588654711552.000000 -0.149666920 -0.124249995 0.751054227 -0.559770286 -0.350995928 0.356179953 0.660753369
1762962588721373440.000000 -0.158458784 -0.119999170 0.745462716 -0.554506242 -0.350626469 0.358237892 0.664266229
1762962588788034816.000000 -0.173246771 -0.114821255 0.749145687 -0.556004465 -0.350990623 0.356817752 0.663585484
1762962588854695680.000000 -0.196766049 -0.114639223 0.745610476 -0.562745750 -0.351141125 0.350730598 0.661063790
1762962588921356800.000000 -0.213108569 -0.097488463 0.739907563 -0.569411397 -0.348561317 0.344104052 0.660203159
1762962588988017152.000000 -0.234458178 -0.083846867 0.736422420 -0.575662792 -0.338619769 0.335355550 0.664443970
1762962589021345792.000000 -0.246287674 -0.074613631 0.737790883 -0.578397155 -0.332382232 0.329908252 0.667936683
1762962589088005888.000000 -0.271647990 -0.065067112 0.737254083 -0.584434390 -0.317560822 0.314860642 0.677092612
1762962589154665216.000000 -0.302175879 -0.049956203 0.732569814 -0.592628896 -0.299271524 0.298089176 0.685835540
1762962589221324288.000000 -0.338130832 -0.037369907 0.727051258 -0.600155473 -0.280972004 0.279997557 0.694600284
1762962589254653696.000000 -0.352204323 -0.032850772 0.723773718 -0.603627324 -0.270023733 0.272648454 0.698844790
1762962589321312256.000000 -0.380300045 -0.012383997 0.733494043 -0.614332438 -0.245931342 0.255820185 0.704747915
1762962589387970560.000000 -0.405766666 0.003301799 0.732920468 -0.628805518 -0.217934489 0.236012414 0.708100617
1762962589421299200.000000 -0.413265347 0.018098235 0.734055459 -0.633328676 -0.201793581 0.227788165 0.711538255
1762962589487955712.000000 -0.449249148 0.050016433 0.735838652 -0.638065159 -0.165043339 0.208162189 0.722704709
1762962589554614272.000000 -0.470048249 0.077447325 0.736699402 -0.640084326 -0.132050663 0.182725728 0.734483480
1762962589621278208.000000 -0.483650714 0.105687350 0.732469857 -0.646815658 -0.104736999 0.153212070 0.739720047
1762962589687941888.000000 -0.499164402 0.132266879 0.729164183 -0.651171088 -0.079691656 0.126653627 0.744032562
1762962589721273600.000000 -0.500345588 0.155138314 0.719286025 -0.650460422 -0.067294635 0.115142733 0.747739851
1762962589787936768.000000 -0.515017390 0.180095017 0.729368687 -0.652126551 -0.040832769 0.092700474 0.751312435
1762962589854599680.000000 -0.520697296 0.218366712 0.729675293 -0.651395559 -0.021393491 0.072512291 0.754962325
1762962589921261056.000000 -0.525398731 0.257967651 0.732470512 -0.650310576 -0.008178011 0.057250340 0.757464051
1762962589954592256.000000 -0.525756061 0.273111343 0.732570410 -0.649069607 -0.004405225 0.052682292 0.758889854
1762962590021254144.000000 -0.528600812 0.328409821 0.721082568 -0.644652128 0.000453853 0.048118334 0.762960076
1762962590087915776.000000 -0.517181516 0.373774022 0.713604331 -0.645814180 0.001680533 0.047065198 0.762040794
1762962590121246464.000000 -0.535221398 0.392878175 0.724503875 -0.649672627 0.002320212 0.043333992 0.758974552
1762962590187907584.000000 -0.536022842 0.438004822 0.718379319 -0.653358936 -0.000088258 0.041833710 0.755891621
1762962590254568704.000000 -0.537921607 0.474102378 0.727353930 -0.650275826 -0.002638448 0.040238228 0.758627295
1762962590287899136.000000 -0.542753160 0.490013391 0.725653529 -0.652138293 0.001170368 0.039288893 0.757080376
1762962590354557952.000000 -0.542140186 0.521983624 0.737764239 -0.659319520 0.014953476 0.037860230 0.750760198
1762962590421217792.000000 -0.541580081 0.565665185 0.742884398 -0.661358714 0.020284588 0.032324452 0.749098361
1762962590454547968.000000 -0.549949169 0.581229389 0.744953752 -0.661843777 0.020070966 0.026018405 0.748921275
1762962590521207552.000000 -0.555747271 0.615554035 0.754114628 -0.664361417 0.019114975 0.010455457 0.747093916
1762962590554537728.000000 -0.554941356 0.632975698 0.743306696 -0.664420247 0.020156827 0.002978546 0.747081459
1762962590621202432.000000 -0.555331647 0.664055705 0.756121755 -0.666098177 0.023173407 -0.013339950 0.745384693
1762962590687866368.000000 -0.561047554 0.699928641 0.740680277 -0.662956536 0.029702729 -0.028350873 0.747531056
1762962590721198336.000000 -0.562261164 0.720618546 0.732476830 -0.660664022 0.034386087 -0.035332277 0.749060988
1762962590754530304.000000 -0.571164608 0.735878766 0.737101555 -0.658959687 0.039868794 -0.043177836 0.749878883
1762962590821192704.000000 -0.583223164 0.775135279 0.734723628 -0.654660881 0.053675257 -0.061366718 0.751513302
1762962590854524160.000000 -0.589938939 0.797655761 0.733197510 -0.652273238 0.061459497 -0.071925193 0.752056658
1762962590921186816.000000 -0.607620299 0.844035149 0.729427934 -0.649855614 0.077459365 -0.099391975 0.749539256
1762962590954518272.000000 -0.578011751 0.866929173 0.731017590 -0.648988843 0.084317870 -0.111566454 0.747834861
1762962591021180672.000000 -0.567969561 0.904345810 0.750540793 -0.648450255 0.106835954 -0.141188204 0.740381181
1762962591054511872.000000 -0.557923198 0.917029619 0.758950353 -0.644971728 0.118853837 -0.154734015 0.738879323
1762962591121173504.000000 -0.538842201 0.950793087 0.782245994 -0.635204136 0.141557395 -0.184475273 0.736509502
1762962591154504192.000000 -0.531165123 0.966499329 0.790358067 -0.632975340 0.154847220 -0.200412229 0.731573343
1762962591221165568.000000 -0.536199093 0.999807239 0.796681643 -0.632616282 0.189298436 -0.238324761 0.712154508
1762962591254495488.000000 -0.539773345 1.061305642 0.751262665 -0.629387140 0.208034694 -0.257614166 0.703013837
1762962591321156352.000000 -0.524050236 1.108631730 0.751111507 -0.631538451 0.240154743 -0.289034605 0.678191662
1762962591354486272.000000 -0.504734576 1.118078947 0.745232940 -0.630141616 0.252370656 -0.301763505 0.669454515
1762962591421146624.000000 -0.488309264 1.128945827 0.792323172 -0.627932847 0.275436282 -0.325020820 0.651303768
1762962591454476800.000000 -0.470991910 1.147459507 0.777857006 -0.622328520 0.285307646 -0.334828496 0.647453964
1762962591487806720.000000 -0.465305507 1.158582449 0.783973217 -0.618852139 0.294502914 -0.344368368 0.641638994
1762962591554466816.000000 -0.403035522 1.166907787 0.787005305 -0.612901270 0.306006998 -0.358228385 0.634337664
1762962591587797760.000000 -0.409786940 1.193966150 0.743085742 -0.604799926 0.316152900 -0.365019113 0.633265734
1762962591621128448.000000 -0.401028991 1.210105062 0.724220097 -0.598687172 0.323096365 -0.370312601 0.632495821
1762962591687789056.000000 -0.365233183 1.193422914 0.756766558 -0.594535649 0.330401510 -0.374503583 0.630166173
1762962591721119744.000000 -0.350555301 1.217590809 0.732431114 -0.587268770 0.337025225 -0.376510501 0.632273197
1762962591754449920.000000 -0.339211702 1.249897957 0.722340882 -0.580733895 0.342871636 -0.378375590 0.634049773
1762962591821110528.000000 -0.298920035 1.196096182 0.780496895 -0.583900928 0.342157036 -0.373501092 0.634417236
1762962591854440960.000000 -0.255116463 1.263152838 0.749366522 -0.578663230 0.340140641 -0.373166293 0.640468776
1762962591921100800.000000 -0.187765002 1.297015429 0.769053340 -0.582909703 0.340086073 -0.361687660 0.643226087
1762962591954430464.000000 -0.200705290 1.369880557 0.723044395 -0.577699184 0.346988410 -0.360069126 0.645145714
1762962592021090304.000000 -0.154086351 1.389885664 0.724397182 -0.578830838 0.342601806 -0.352306396 0.650737405
1762962592054419968.000000 -0.144906878 1.412345886 0.715893388 -0.578703046 0.341714174 -0.351430565 0.651790500
1762962592121079040.000000 -0.135143995 1.457669973 0.737226486 -0.582981706 0.350225300 -0.349507779 0.644452512
1762962592154407168.000000 -0.088585615 1.363543034 0.767391980 -0.593396544 0.344521642 -0.344144881 0.640897691
1762962592221065472.000000 -0.055885077 1.396390200 0.766623020 -0.596077502 0.350431710 -0.350292951 0.631810248
1762962592254394624.000000 -0.037711740 1.407859564 0.768478513 -0.595935464 0.353441566 -0.354750276 0.627767682
1762962592287723520.000000 -0.024913311 1.410932422 0.772125959 -0.594667256 0.356610686 -0.359750807 0.624322891
1762962592354381056.000000 0.004777908 1.433281660 0.762776494 -0.587112963 0.364110589 -0.373732656 0.618906975
1762962592387709696.000000 0.021661997 1.444612741 0.767576575 -0.583578765 0.368462443 -0.381425500 0.614968240
1762962592454366976.000000 0.050644636 1.451005220 0.760622978 -0.572374046 0.377814382 -0.397255629 0.609780490
1762962592487695104.000000 0.078755617 1.481068134 0.748121977 -0.564182043 0.384255290 -0.406805098 0.607088268
1762962592521023488.000000 0.091836452 1.481720805 0.742380619 -0.557090282 0.390635878 -0.416680545 0.602852762
1762962592587684352.000000 0.110662341 1.494973660 0.749358714 -0.542666256 0.403960943 -0.439293742 0.591058373
1762962592621016320.000000 0.121641636 1.489696980 0.745682478 -0.533825934 0.408671021 -0.451476276 0.586674631
1762962592687680512.000000 0.140587926 1.491811991 0.737312794 -0.514532506 0.419510514 -0.479117960 0.574206650
1762962592721012224.000000 0.160920739 1.509788871 0.745458305 -0.504487395 0.427946895 -0.492673874 0.565355182
1762962592754344192.000000 0.207833409 1.551796436 0.747532070 -0.493682683 0.436435401 -0.505878925 0.556676030
1762962592821007616.000000 0.230592847 1.549950600 0.754335225 -0.470953822 0.449242324 -0.531058252 0.542550504
1762962592854339072.000000 0.247709870 1.561957002 0.757648408 -0.460701555 0.455990434 -0.544077575 0.532734931
1762962592921001984.000000 0.269331455 1.554452658 0.763843894 -0.442308575 0.472416520 -0.564705074 0.512146473
1762962592954333184.000000 0.290068150 1.598192930 0.763778806 -0.429171264 0.484243155 -0.576089263 0.499441534
1762962592987664384.000000 0.301299453 1.589675188 0.764387906 -0.420200527 0.495419711 -0.583670378 0.487154871
1762962593054325504.000000 0.309858322 1.558235645 0.793551564 -0.407634526 0.521373153 -0.591810584 0.460178733
1762962593087656704.000000 0.390136003 1.599582911 0.751728654 -0.396890968 0.531419992 -0.595956922 0.452665269
1762962593120987648.000000 0.394865274 1.593282342 0.753458619 -0.389200240 0.539179206 -0.599609315 0.445283890
1762962593187649280.000000 0.403637409 1.603538752 0.754756153 -0.368961304 0.548562050 -0.610581040 0.436048150
1762962593220979712.000000 0.445677519 1.604916930 0.768068790 -0.360989243 0.549895823 -0.617446363 0.431348294
1762962593254310400.000000 0.435415030 1.590630293 0.764908314 -0.352715313 0.550758958 -0.622408688 0.429958194
1762962593320971264.000000 0.454424620 1.540283561 0.797988772 -0.343325377 0.549170077 -0.631565213 0.426222295
1762962593354301440.000000 0.510562658 1.565434813 0.738294363 -0.330918968 0.545085013 -0.641992331 0.425700486
1762962593387631872.000000 0.517268181 1.565725923 0.739757359 -0.324270010 0.541489601 -0.648818374 0.425056249
1762962593454291968.000000 0.530874491 1.557422400 0.746339738 -0.314947426 0.534318686 -0.659566879 0.424597710
1762962593487620864.000000 0.538274288 1.552475214 0.745644450 -0.310712397 0.532326996 -0.662527919 0.425608486
1762962593520951040.000000 0.583592892 1.567704678 0.766817629 -0.305086523 0.534529269 -0.663360596 0.425621182
1762962593554281216.000000 0.613672972 1.560321569 0.771550655 -0.301709622 0.536162436 -0.663859725 0.425195873
1762962593587613184.000000 0.615675211 1.567043304 0.776472688 -0.298797369 0.541573346 -0.662826478 0.421994746
1762962593620944384.000000 0.665850401 1.483497858 0.744640410 -0.300668657 0.540940046 -0.661767244 0.423138589
1762962593687607808.000000 0.655764341 1.488980055 0.736303031 -0.303812444 0.548005641 -0.660308242 0.413981736
1762962593720939264.000000 0.694717884 1.478232861 0.754929662 -0.307262093 0.547567844 -0.661335945 0.410358787
1762962593754270464.000000 0.705680609 1.489016294 0.759018898 -0.305861861 0.549345434 -0.662392378 0.407313734
1762962593820932864.000000 0.723477840 1.477864742 0.766305625 -0.301421553 0.559145927 -0.661029637 0.399425536
1762962593854264064.000000 0.804040313 1.421866536 0.751303732 -0.303885967 0.558060467 -0.662353933 0.396874279
1762962593887594752.000000 0.813452959 1.409960032 0.760811806 -0.305055737 0.561094165 -0.662101865 0.392091334
1762962593920924928.000000 0.818021297 1.405250192 0.760404348 -0.306073189 0.560279727 -0.665101469 0.387357533
1762962593987586304.000000 0.831233144 1.391313195 0.762043297 -0.308066130 0.557280779 -0.672481537 0.377229393
1762962594020916736.000000 0.838474870 1.382733226 0.763631880 -0.308743834 0.556310833 -0.675713003 0.372300237
1762962594054247424.000000 0.843464136 1.377935290 0.763599515 -0.309515923 0.555018783 -0.680014849 0.365696520
1762962594087577600.000000 0.864959002 1.372964740 0.778082848 -0.308484197 0.557196915 -0.683530211 0.356588900
1762962594154238208.000000 0.882503986 1.367001057 0.771120310 -0.301665068 0.558571041 -0.693397403 0.340876281
1762962594187568384.000000 0.994092822 1.341993213 0.745314062 -0.294444531 0.559412837 -0.700600326 0.330936462
1762962594220898304.000000 1.001638770 1.340878129 0.745134115 -0.287210405 0.564637899 -0.704607368 0.319722861
1762962594254228480.000000 1.014055252 1.339612961 0.745871365 -0.278747916 0.571521103 -0.707832336 0.307630777
1762962594320888320.000000 1.047306538 1.341898799 0.747721076 -0.255565971 0.586245537 -0.715736389 0.280577362
1762962594354216704.000000 1.047626257 1.316383004 0.744022071 -0.246130511 0.589026630 -0.720853925 0.269883543
1762962594387546624.000000 1.056063771 1.309361696 0.744588017 -0.233981967 0.592057824 -0.727113366 0.256955445
1762962594454205440.000000 1.146956801 1.210929990 0.748817682 -0.210996285 0.603747129 -0.732899845 0.232008487
1762962594487535104.000000 1.153422594 1.203600168 0.752043009 -0.199333534 0.608321965 -0.736306846 0.219232157
1762962594520864256.000000 1.157936454 1.195168734 0.752197623 -0.186254457 0.609230220 -0.741974235 0.208859041
1762962594554193664.000000 1.162713885 1.184150219 0.762197971 -0.176270291 0.610541463 -0.746679068 0.196566105
1762962594587525120.000000 1.175380945 1.176236272 0.753027976 -0.164663166 0.611501873 -0.752108693 0.182439312
1762962594620856064.000000 1.177738905 1.156556368 0.759933174 -0.152784050 0.616356611 -0.753718257 0.169323117
1762962594687517952.000000 1.199351311 1.150750756 0.766179740 -0.120962135 0.628092110 -0.755461574 0.141937703
1762962594720848384.000000 1.256035686 1.082159162 0.770013273 -0.106646143 0.633732975 -0.754977107 0.130455777
1762962594754179328.000000 1.262566805 1.076237440 0.777291477 -0.096127272 0.639265120 -0.753670931 0.118658572
1762962594787509504.000000 1.262374520 1.081018925 0.776064277 -0.085195020 0.644117177 -0.752512932 0.107607044
1762962594854169344.000000 1.261715531 1.074795485 0.779846966 -0.065828599 0.651715815 -0.750058115 0.091355994
1762962594887499520.000000 1.258340716 1.067004204 0.783870041 -0.058721412 0.653181016 -0.750293136 0.083467081
1762962594920829696.000000 1.264542699 1.063415051 0.787498355 -0.049647816 0.654400051 -0.750706494 0.075732738
1762962594954159872.000000 1.290081620 1.024823427 0.763678908 -0.039179724 0.651720464 -0.754042327 0.071733154
1762962594987489792.000000 1.311336040 0.935220003 0.767744839 -0.033486150 0.652444065 -0.754034698 0.068022788
1762962595054149376.000000 1.316154838 0.926958740 0.768723369 -0.017437071 0.651540577 -0.755939007 0.061213017
1762962595087479040.000000 1.318588018 0.898710966 0.778391004 -0.010177468 0.651380539 -0.756287158 0.060245797
1762962595120808704.000000 1.318652272 0.852435052 0.761686444 -0.004367912 0.647045493 -0.760093451 0.059757687
1762962595154138112.000000 1.322380304 0.848241210 0.763741434 0.002303144 0.644302964 -0.762542903 0.058281440
1762962595187467520.000000 1.320096135 0.843726039 0.760883868 0.008909079 0.643404245 -0.763312817 0.057490893
1762962595254125056.000000 1.337725043 0.805651546 0.769086182 0.035818975 0.651261687 -0.755684316 0.059300423
1762962595287454208.000000 1.347316146 0.793860734 0.773610651 0.049053852 0.654534340 -0.752158761 0.058614880
1762962595320782848.000000 1.315464973 0.755913734 0.764236689 0.056878235 0.652992904 -0.752781808 0.060701966
1762962595387440640.000000 1.296889424 0.663379192 0.767667413 0.069382176 0.650613725 -0.754445672 0.051958814
1762962595420769536.000000 1.304935336 0.645453811 0.768042922 0.077401683 0.651053727 -0.753706217 0.045443662
1762962595487426816.000000 1.288931370 0.612591863 0.762491226 0.092962079 0.657621801 -0.746876895 0.032657489
1762962595554084352.000000 1.296235442 0.558446884 0.767211318 0.103231266 0.664119422 -0.740332484 0.014019333
1762962595587415296.000000 1.303604126 0.543858111 0.769240379 0.105044298 0.666008949 -0.738503933 0.003137320
1762962595654076928.000000 1.309143543 0.513302386 0.762730956 0.106174171 0.665652037 -0.738468945 -0.017265629
1762962595720737280.000000 1.313866377 0.485085547 0.768423498 0.107307874 0.664188981 -0.738876104 -0.037419468
1762962595754067968.000000 1.304220080 0.457003891 0.757420301 -0.107137755 -0.660968125 0.741277695 0.046368632
1762962595820728832.000000 1.323370576 0.416953623 0.778252840 0.108593710 0.656368792 -0.743487775 -0.067922510
1762962595887389184.000000 1.332234740 0.381936669 0.771247268 0.111102559 0.647275150 -0.749043107 -0.087324165
1762962595954049024.000000 1.337080479 0.346464396 0.776124775 0.116922386 0.643382728 -0.748778403 -0.108253434
1762962595987378944.000000 1.337327719 0.328963399 0.778159559 0.121389903 0.642101884 -0.747546315 -0.118929513
1762962596054038272.000000 1.347505569 0.262880683 0.751846790 0.132943109 0.636753380 -0.746321917 -0.140978172
1762962596120697344.000000 1.350149632 0.221056938 0.758284509 0.146785438 0.635838032 -0.740495622 -0.160718203
1762962596187355136.000000 1.344746828 0.181942701 0.763458788 0.158796996 0.632267952 -0.737152874 -0.177838430
1762962596220684032.000000 1.341971993 0.161940932 0.766334236 0.165226936 0.627464771 -0.737856448 -0.185892105
1762962596287342336.000000 1.338865161 0.103028297 0.761916816 0.181428775 0.616728067 -0.738201082 -0.204424277
1762962596353999872.000000 1.326945662 0.062771201 0.775418818 0.201548815 0.610625863 -0.731665432 -0.226229578
1762962596420657152.000000 1.314819813 0.036892891 0.793234706 0.218992323 0.608773232 -0.720831275 -0.248676211
1762962596453985792.000000 1.296188831 0.026629090 0.798001885 0.227113143 0.609178185 -0.714946270 -0.257241964
1762962596520642304.000000 1.302485108 -0.051954865 0.762743354 0.249219283 0.601350963 -0.706445634 -0.277851403
1762962596587321344.000000 1.299851179 -0.095433712 0.760274231 0.269319028 0.590753019 -0.700044751 -0.297347605
1762962596620668416.000000 1.283325672 -0.106041670 0.761223614 0.277902007 0.585725546 -0.696298599 -0.308000803
1762962596687363328.000000 1.262559772 -0.134631276 0.748973012 0.294128656 0.576209426 -0.686491966 -0.331963569
1762962596720710656.000000 1.247316241 -0.147845268 0.746995628 0.299130082 0.571875930 -0.681388378 -0.345237672
1762962596787406080.000000 1.217004061 -0.202692151 0.748713255 0.311514616 0.561590850 -0.672686815 -0.367514342
1762962596854102016.000000 1.192072511 -0.227488995 0.751047730 0.322430164 0.547815919 -0.671210527 -0.381330639
1762962596887449856.000000 1.182387114 -0.240080595 0.759531260 0.329686493 0.542093456 -0.669270337 -0.386676699
1762962596954146304.000000 1.148455858 -0.259356856 0.755890250 0.346200764 0.533283770 -0.663049936 -0.395118117
1762962597020842240.000000 1.110299349 -0.297962666 0.755801976 0.355755270 0.530288458 -0.654644251 -0.404565543
1762962597087539968.000000 1.090636849 -0.323919296 0.753060043 0.353232682 0.525850475 -0.651783168 -0.416997343
1762962597120888832.000000 1.079164267 -0.333970785 0.748367131 0.354655802 0.524049938 -0.647856653 -0.424114108
1762962597187586816.000000 1.059193492 -0.354813099 0.745182991 0.363953501 0.522469878 -0.634841502 -0.437652141
1762962597254285056.000000 1.009932280 -0.418439269 0.759467542 0.368844688 0.522541165 -0.619242370 -0.455459327
1762962597320984064.000000 0.990932941 -0.442568064 0.758953571 0.361455142 0.518898308 -0.610847831 -0.476402968
1762962597387683584.000000 0.971971035 -0.462136626 0.756960273 0.355917692 0.514466882 -0.602684319 -0.495396912
1762962597454383616.000000 0.948774457 -0.481362939 0.751562417 0.356922507 0.508376777 -0.595119953 -0.509893715
1762962597521082880.000000 0.909463465 -0.496485710 0.747201681 -0.364493906 -0.503349900 0.587137282 0.518703163
1762962597621096192.000000 0.862798572 -0.535269976 0.741956174 -0.379492909 -0.491809934 0.577501833 0.529716730
1762962597654429952.000000 0.844191432 -0.554244518 0.741678476 -0.385575980 -0.486993223 0.573709309 0.533878744
1762962597754430208.000000 0.776032388 -0.600622296 0.735627055 -0.400791109 -0.470966280 0.561341345 0.549957395
1762962597787763456.000000 0.782232642 -0.583731592 0.741637230 -0.406322122 -0.467003316 0.555462360 0.555222392
1762962597854429952.000000 0.744260311 -0.606275678 0.740717411 -0.421282291 -0.456816792 0.538980782 0.568629384
1762962597921094912.000000 0.719344378 -0.622646630 0.748306453 -0.430755526 -0.441412777 0.528661072 0.583199799
1762962597987760896.000000 0.684531569 -0.640801668 0.748764277 -0.436191916 -0.421227902 0.524406254 0.597747326
1762962598021093632.000000 0.670162737 -0.639511466 0.749006152 -0.442676604 -0.414812148 0.518610597 0.602504373
1762962598087759104.000000 0.634180844 -0.647563696 0.748629689 -0.454818696 -0.403933972 0.505513847 0.611909389
1762962598154424064.000000 0.600572705 -0.654265702 0.748428583 -0.464057446 -0.397850037 0.490302563 0.621264398
1762962598221088768.000000 0.578282237 -0.661919355 0.759528458 -0.476888001 -0.390792251 0.477320194 0.626118779
1762962598254421248.000000 0.557936072 -0.664067090 0.778924108 -0.483697504 -0.387297064 0.473120123 0.626254857
1762962598321085696.000000 0.443325639 -0.710084558 0.749152720 -0.491529912 -0.379804134 0.464832693 0.630934000
1762962598387748608.000000 0.494120777 -0.661630094 0.764853239 -0.504404724 -0.371695369 0.460863650 0.628508747
1762962598454412800.000000 0.359410018 -0.700472057 0.736672699 -0.514747381 -0.359360844 0.451657146 0.633956492
1762962598487744256.000000 0.343666434 -0.700691462 0.733415425 -0.521170318 -0.350230366 0.448001117 0.636408150
1762962598554408704.000000 0.290953577 -0.648679137 0.718320310 -0.526098371 -0.336273015 0.444070786 0.642605722
1762962598621073664.000000 0.235005379 -0.611728191 0.743002057 -0.535559714 -0.324505389 0.437314123 0.645467579
1762962598687738112.000000 0.185764492 -0.614995718 0.738883078 -0.542877138 -0.311439723 0.427656114 0.652226985
1762962598787734528.000000 0.121291906 -0.601832390 0.732621312 -0.546450078 -0.312710106 0.405352592 0.662792563
1762962598854397440.000000 0.083148360 -0.588542700 0.723537683 -0.549033046 -0.311100036 0.394139111 0.668157101
1762962598921061120.000000 0.093441539 -0.611836076 0.744297862 -0.560308576 -0.305017054 0.378789604 0.670475543
1762962598987724288.000000 0.049864568 -0.622794569 0.745261669 -0.569514990 -0.302544653 0.357961237 0.675265372
1762962599087718400.000000 -0.004561841 -0.612742722 0.748516083 -0.575325012 -0.305304348 0.327644557 0.684426427
1762962599121049600.000000 -0.017613720 -0.602963567 0.742201746 -0.577276468 -0.305257350 0.318765551 0.686992347
1762962599187712000.000000 -0.049615927 -0.590928316 0.746065021 -0.588689029 -0.297769904 0.299733818 0.689157426
1762962599254372608.000000 -0.083944321 -0.575365603 0.743540168 -0.602893651 -0.282670468 0.282838553 0.690375984
1762962599321034240.000000 -0.106171846 -0.552165806 0.737861156 -0.613122821 -0.262636572 0.269720674 0.694516540
1762962599387695360.000000 -0.143319055 -0.540810704 0.733907104 -0.623068988 -0.239395484 0.251832515 0.700753331
1762962599454356224.000000 -0.180215076 -0.520008981 0.740437508 -0.631977379 -0.216881230 0.234003022 0.706264675
1762962599521016832.000000 -0.209060654 -0.517052472 0.723970652 -0.637254715 -0.194234043 0.215010956 0.714107811
1762962599821017856.000000 -0.394709438 -0.511848211 0.937703252 -0.653112471 -0.169574112 0.174937889 0.716997564
1762962599887685376.000000 -0.604703546 -0.497435391 1.166455626 -0.669331789 -0.140879855 0.136573598 0.716586053
1762962599921018880.000000 -0.074653737 -0.915492773 1.387338519 -0.692583084 -0.128528535 0.114457354 0.700506032
1762962600021018624.000000 0.236697257 -0.665504217 0.914511144 -0.671685934 -0.085540190 0.114517152 0.726915896
1762962600121017856.000000 -0.216721579 -0.417497337 0.763663292 -0.667004764 -0.034347825 0.077081203 0.740259051
1762962600154349824.000000 -0.415862501 -0.340590894 0.736518741 -0.666303337 -0.017339934 0.057487939 0.743259311
1762962600254348288.000000 -0.456304759 -0.282659233 0.727555156 -0.667725325 -0.006909259 0.049162347 0.742750466
1762962600321013760.000000 -0.464428127 -0.237963200 0.717742860 -0.668116271 -0.008217504 0.047173340 0.742514551
1762962600421010944.000000 -0.481744975 -0.180746198 0.721868098 -0.669382095 -0.011169204 0.045179155 0.741459191
1762962600454343424.000000 -0.482833207 -0.156668842 0.713645458 -0.668584585 -0.010893181 0.044849955 0.742202520
1762962600521007872.000000 -0.485536993 -0.117207885 0.725026190 -0.669546306 -0.012187782 0.043102164 0.741418540
1762962600587672832.000000 -0.499833554 -0.075041950 0.725497901 -0.672340035 -0.009957314 0.037328608 0.739233673
1762962600654338304.000000 -0.521688104 -0.035499334 0.723466635 -0.670100212 -0.005964169 0.029735710 0.741650820
1762962600754336256.000000 -0.543395281 0.013469875 0.725208282 -0.668580294 0.005407963 0.016917728 0.743427813
1762962600821001216.000000 -0.575202048 0.091461658 0.711237252 -0.665837526 0.010067698 0.009028274 0.745974243
1762962600887665920.000000 -0.580155909 0.121588051 0.713626027 -0.660627007 0.009583735 0.001566807 0.750651598
1762962600954330112.000000 -0.583363235 0.146455348 0.709811866 -0.653115332 0.010443439 -0.005034640 0.757169664
1762962601020993536.000000 -0.575358450 0.170005590 0.706640482 -0.647960603 0.015734365 -0.013785983 0.761386573
1762962601087656960.000000 -0.588807464 0.211206645 0.704506278 -0.649254680 0.021603212 -0.028432896 0.759732425
1762962601154320384.000000 -0.604539812 0.250745118 0.695384860 -0.652194321 0.029165132 -0.040506143 0.756406784
1762962601220983808.000000 -0.606766760 0.284064054 0.697324038 -0.650257409 0.042823043 -0.050232112 0.756841063
1762962601254315008.000000 -0.623572409 0.311067909 0.694261551 -0.647876322 0.052086666 -0.057214335 0.757805943
1762962601320977664.000000 -0.641781926 0.353168637 0.702361941 -0.646429718 0.070696004 -0.073304765 0.756146312
1762962601387640320.000000 -0.698146462 0.413094312 0.728495896 -0.646206915 0.093923733 -0.094675079 0.751419723
1762962601454302208.000000 -0.695008755 0.451175541 0.726221979 -0.642043173 0.108783297 -0.113116726 0.750434160
1762962601487632128.000000 -0.698286474 0.484123319 0.726046324 -0.639045835 0.117740944 -0.122282296 0.750203013
1762962601554293760.000000 -0.697959721 0.549041271 0.712654829 -0.635194540 0.138997883 -0.141604483 0.746428668
1762962601620960512.000000 -0.699106634 0.588504076 0.716276526 -0.635428905 0.162036717 -0.166214213 0.736442268
1762962601687626496.000000 -0.719011426 0.634425461 0.722961664 -0.635040700 0.183881611 -0.192079678 0.725269854
1762962601720959744.000000 -0.745966792 0.671638668 0.730015337 -0.632820070 0.195368305 -0.204491064 0.720800638
1762962601787625472.000000 -0.747355342 0.704601467 0.749084413 -0.627227962 0.216732919 -0.219887733 0.715025425
1762962601854290944.000000 -0.679358006 0.663636625 0.768617988 -0.623614728 0.229993731 -0.231234804 0.710449278
1762962601920955136.000000 -0.690123141 0.729014993 0.765096545 -0.614108026 0.244912311 -0.242202684 0.710089564
1762962601987619840.000000 -0.661404967 0.752735615 0.755509853 -0.609634280 0.254336774 -0.249600202 0.708066821
1762962602054284288.000000 -0.644860864 0.803904712 0.763486385 -0.606931925 0.264341593 -0.255760908 0.704516530
1762962602120948736.000000 -0.621033847 0.842819750 0.745928645 -0.604177475 0.272923559 -0.260775208 0.701768219
1762962602154280704.000000 -0.603214324 0.854486287 0.782727599 -0.605832219 0.281359553 -0.261899054 0.696572423
1762962602254276352.000000 -0.562944651 0.913002789 0.773646832 -0.602543592 0.309182137 -0.268135667 0.685164869
1762962602287607808.000000 -0.546783924 0.929342985 0.749710321 -0.596055448 0.313594878 -0.272329330 0.687177479
1762962602354270208.000000 -0.532489121 0.965935111 0.771273732 -0.589991868 0.323938906 -0.280619293 0.684270382
1762962602420933120.000000 -0.514031053 0.993984103 0.774454594 -0.583361208 0.330434918 -0.289512336 0.683143616
1762962602487595776.000000 -0.496975243 1.034440041 0.767167985 -0.581246614 0.326057792 -0.302423477 0.681453466
1762962602554262016.000000 -0.502037883 1.084359765 0.765881956 -0.577962458 0.317062587 -0.318151057 0.681330025
1762962602621019392.000000 -0.492594659 1.125928998 0.770146072 -0.570629835 0.307701290 -0.332995445 0.684701085
1762962602687778304.000000 -0.478239775 1.153689504 0.763259113 -0.564271092 0.297168434 -0.347254097 0.687534571
1762962602754539776.000000 -0.462445796 1.182861328 0.769694209 -0.564641178 0.289090335 -0.357660264 0.685336649
1762962602821302272.000000 -0.452836454 1.230061412 0.761279106 -0.564313173 0.282759160 -0.365747243 0.683978796
1762962602888067840.000000 -0.435304821 1.279159307 0.758772850 -0.564541996 0.281111062 -0.369466513 0.682468653
1762962602954835200.000000 -0.418691516 1.312539935 0.770321131 -0.562471926 0.285430849 -0.371343821 0.681365132
1762962603021605120.000000 -0.398942471 1.354792237 0.760317385 -0.557017088 0.295746982 -0.376807839 0.678440630
1762962603088376832.000000 -0.375224113 1.397766352 0.779530942 -0.554423094 0.312720150 -0.383611917 0.669076264
1762962603155150336.000000 -0.353429317 1.420127988 0.786037803 -0.546491444 0.324989289 -0.393818945 0.663803995
1762962603188538112.000000 -0.341696501 1.456305742 0.779940426 -0.541708767 0.332641691 -0.400632977 0.659844220
1762962603255314176.000000 -0.319565058 1.495428562 0.789256930 -0.527459443 0.347563535 -0.413072377 0.656016290
1762962603322093312.000000 -0.309262156 1.523175716 0.779688895 -0.510248363 0.356058031 -0.429768652 0.654345691
1762962603388874240.000000 -0.278181911 1.563295484 0.783335626 -0.504481733 0.367087007 -0.443558156 0.643429518
1762962603455657728.000000 -0.254700303 1.595568538 0.778517008 -0.498786181 0.379633248 -0.455382258 0.632232606
1762962603522442752.000000 -0.212978959 1.598218679 0.780034602 -0.491059393 0.388539106 -0.465458781 0.625496805
1762962603589171968.000000 -0.187352777 1.638639450 0.767685652 -0.483764410 0.393600017 -0.478092164 0.618448853
1762962603622512640.000000 -0.156467319 1.628892899 0.767546117 -0.482821614 0.396016300 -0.482774019 0.613989949
1762962603689192960.000000 -0.111514211 1.634094834 0.760029495 -0.476918668 0.406887382 -0.491370082 0.604604661
1762962603755874048.000000 -0.066712737 1.654827595 0.757152677 -0.468171895 0.423403382 -0.497578174 0.594945967
1762962603822555904.000000 -0.032058716 1.660184383 0.766403079 -0.461221606 0.438811541 -0.501310647 0.586009085
1762962603889237248.000000 0.019802451 1.658185959 0.764168918 -0.458449125 0.444947928 -0.508021295 0.577719808
1762962603955918336.000000 0.058569670 1.665258288 0.775278568 -0.456133902 0.442716330 -0.518930316 0.571537852
1762962603989258752.000000 0.070085406 1.677748561 0.773409128 -0.451363146 0.439261585 -0.526863694 0.570732296
1762962604055939840.000000 0.097814083 1.680535436 0.779357433 -0.443557382 0.437089801 -0.540387273 0.565854311
1762962604122621184.000000 0.127067685 1.692782879 0.773981988 -0.436753631 0.438122839 -0.551086664 0.559998333
1762962604189301248.000000 0.160624385 1.696980357 0.776736140 -0.432965249 0.437223911 -0.560023487 0.554752350
1762962604222641920.000000 0.188066602 1.705839396 0.776911080 -0.430198640 0.437441707 -0.564930737 0.551749289
1762962604289323008.000000 0.216585159 1.703138828 0.782577038 -0.424858361 0.440140903 -0.572726190 0.545670390
1762962604356004096.000000 0.246010065 1.710727215 0.776179373 -0.415500253 0.445720792 -0.581438184 0.539093792
1762962604422684928.000000 0.287654638 1.706927657 0.762023091 -0.405929953 0.448777676 -0.593354642 0.530801058
1762962604456025344.000000 0.306120872 1.709133267 0.771117866 -0.400669903 0.450616181 -0.599836648 0.525932252
1762962604522706176.000000 0.340902090 1.718143106 0.756660700 -0.384280384 0.453917444 -0.615828753 0.516761661
1762962604589386240.000000 0.378144979 1.725154042 0.733873487 -0.368373573 0.459894657 -0.631251514 0.504301012
1762962604656067072.000000 0.431903362 1.714699388 0.742717862 -0.356509984 0.473257273 -0.642434537 0.486010462
1762962604722747904.000000 0.475077152 1.711269975 0.739754677 -0.343425006 0.488685429 -0.654080451 0.464138538
1762962604756088064.000000 0.509229183 1.736596465 0.736733913 -0.333963841 0.496285528 -0.661767244 0.451921344
1762962604822768640.000000 0.536961555 1.704625368 0.712251186 -0.317817986 0.507004559 -0.673407972 0.434119731
1762962604889449472.000000 0.581854582 1.730184793 0.707169294 -0.299247891 0.519676924 -0.685226500 0.413341552
1762962604922789888.000000 0.612332582 1.727918148 0.693693697 -0.291250437 0.525527120 -0.690387130 0.402939349
1762962604956130048.000000 0.632425308 1.713349819 0.683195651 -0.285032123 0.531438529 -0.694384217 0.392632633
1762962605022809600.000000 0.670155764 1.699738026 0.691932082 -0.273549259 0.545397162 -0.699215770 0.372572273
1762962605056150016.000000 0.693196297 1.705527782 0.724405229 -0.268335223 0.553881228 -0.699602187 0.362999469
1762962605122830592.000000 0.731909752 1.642840147 0.724092245 -0.258812606 0.563258648 -0.701143682 0.352354020
1762962605189511168.000000 0.767340899 1.656889439 0.698378563 -0.245151281 0.572310865 -0.705049098 0.339509964
1762962605222851328.000000 0.789637566 1.646684289 0.684756815 -0.239203289 0.575366616 -0.706849158 0.334812462
1762962605289531648.000000 0.813598394 1.620295167 0.692982912 -0.226467580 0.581998050 -0.709466815 0.326569468
1762962605322871808.000000 0.817673206 1.586874485 0.679429173 -0.220265538 0.582611561 -0.711650968 0.324961275
1762962605389552384.000000 0.838511229 1.519245625 0.687594712 -0.211852387 0.584262013 -0.714389443 0.321565211
1762962605456232448.000000 0.836481810 1.463230252 0.719675839 -0.203380331 0.587573647 -0.716145694 0.317063212
1762962605522911744.000000 0.860044241 1.396441340 0.728142738 -0.194567710 0.590744555 -0.721497476 0.304312080
1762962605556252160.000000 0.867552996 1.364934683 0.762186408 -0.193087488 0.593706608 -0.724348247 0.292488277
1762962605622935040.000000 0.908828259 1.346770644 0.738973320 -0.191816732 0.592122614 -0.736438990 0.265056312
1762962605656276736.000000 0.902054071 1.307725906 0.766281188 -0.193369776 0.591775000 -0.741597772 0.249886662
1762962605722959360.000000 0.935856104 1.246754885 0.781581104 -0.182073891 0.600404680 -0.745399773 0.225261033
1762962605789641984.000000 0.955846429 1.186145306 0.786361396 -0.166910619 0.612800181 -0.744672060 0.205135062
1762962605822983680.000000 0.958587885 1.199653029 0.760911107 -0.159348160 0.616519690 -0.745212376 0.197914645
1762962605889666560.000000 0.970345140 1.164511919 0.784474611 -0.151586950 0.621823549 -0.746497154 0.181931064
1762962605956348160.000000 0.994720340 1.148263216 0.786695600 -0.143179193 0.622929752 -0.750241935 0.169101775
1762962605989689600.000000 1.009062052 1.138353109 0.786642969 -0.138702586 0.622631669 -0.752367616 0.164421484
1762962606056372736.000000 1.034273624 1.112928510 0.786036551 -0.130359054 0.622375369 -0.755850196 0.156031802
1762962606123055104.000000 1.050491810 1.100195169 0.773563504 -0.121945150 0.621338546 -0.759488225 0.149148971
1762962606189737984.000000 1.053009152 1.047554731 0.773553967 -0.112261005 0.621255994 -0.762765765 0.140096426
1762962606256420864.000000 1.084788084 1.011781096 0.765820920 -0.097971067 0.624077797 -0.765030801 0.125125960
1762962606289762304.000000 1.085433125 0.991358876 0.749081016 -0.089876816 0.624754965 -0.766912520 0.115968242
1762962606356444160.000000 1.090879083 0.951546609 0.751239896 -0.073507294 0.631395996 -0.766496241 0.091756381
1762962606423127040.000000 1.096389532 0.911812842 0.760528326 -0.053339165 0.638253987 -0.765402615 0.062815063
1762962606456468224.000000 1.119249344 0.889805257 0.754605830 -0.040051877 0.639092743 -0.766616404 0.047494140
1762962606523151104.000000 1.123716831 0.839658380 0.766136765 -0.016476890 0.636588037 -0.770702958 0.022388840
1762962606589834752.000000 1.130844474 0.803097606 0.765938163 0.008426358 0.631931365 -0.774977922 0.001021768
1762962606656518912.000000 1.162660837 0.787576139 0.765606523 0.036308523 0.634828568 -0.771496892 -0.021611098
1762962606723203072.000000 1.150940180 0.733318746 0.756528020 -0.057343401 -0.638731360 0.765888155 0.046360739
1762962606789887488.000000 1.171916485 0.718109965 0.760441065 0.073294371 0.642070055 -0.760080099 -0.068207823
1762962606856570624.000000 1.176733017 0.678673148 0.759691954 0.088885233 0.641608417 -0.757348359 -0.082834318
1762962606956597248.000000 1.180039406 0.630301595 0.756134331 0.104392521 0.636480212 -0.757988870 -0.097201325
1762962607023281920.000000 1.173377633 0.593211293 0.753008246 0.109709240 0.635812819 -0.756910861 -0.103884213
1762962607089966080.000000 1.161628962 0.557464361 0.743607342 0.118823014 0.633817792 -0.756761849 -0.107087508
1762962607156650496.000000 1.146638274 0.515860558 0.754611492 0.132896483 0.631882310 -0.756159544 -0.106236257
1762962607223334912.000000 1.135548592 0.481143057 0.753003597 0.144028649 0.634721875 -0.752060115 -0.103872821
1762962607290018560.000000 1.096343040 0.422495186 0.763264120 -0.141256437 -0.637122571 0.750697613 0.102832913
1762962607356702720.000000 1.092294931 0.384007037 0.748439431 -0.134970933 -0.640755355 0.748116434 0.107411660
1762962607423387648.000000 1.104221940 0.359764159 0.768639743 0.127654955 0.644613922 -0.745023310 -0.114531234
1762962607523414272.000000 1.086838365 0.305636644 0.765352845 0.116184212 0.643365562 -0.745952606 -0.127030820
1762962607590097664.000000 1.089302897 0.274674177 0.761076987 0.117684104 0.643531501 -0.743612885 -0.138049185
1762962607656780288.000000 1.084896445 0.233163118 0.765129685 0.119204834 0.644943893 -0.739926219 -0.149488643
1762962607723461632.000000 1.085783482 0.209917068 0.770052910 0.118228331 0.642843485 -0.739880562 -0.159220517
1762962607790144000.000000 1.081010222 0.181861281 0.769008577 0.117274955 0.638770103 -0.742058396 -0.166038260
1762962607856826368.000000 1.072216988 0.149587631 0.770186961 0.119410351 0.636551023 -0.742498279 -0.170997724
1762962607923508992.000000 1.049294710 0.095128655 0.757825971 -0.122194961 -0.634174764 0.742747426 0.176683500
1762962608023532288.000000 1.064246416 0.049958944 0.757873237 -0.133151859 -0.638423026 0.734778643 0.186512902
1762962608090214656.000000 1.050160408 0.008607864 0.751421452 0.138052776 0.635279477 -0.732786000 -0.200963154
1762962608156896256.000000 1.050775528 -0.036279321 0.748372138 0.128448457 0.633268714 -0.730454326 -0.221152470
1762962608223578624.000000 1.031514168 -0.063882470 0.751182258 0.130073875 0.636193156 -0.722845316 -0.236291885
1762962608290260736.000000 1.022925138 -0.107444525 0.762974739 0.146620438 0.636671662 -0.713866293 -0.252084523
1762962608356943104.000000 1.006106615 -0.140032649 0.755676329 0.173433632 0.633944273 -0.703271329 -0.271007478
1762962608390284032.000000 0.989920974 -0.155202866 0.753635585 0.189257979 0.632849336 -0.695505500 -0.282763690
1762962608456966656.000000 0.984216452 -0.202365160 0.755254269 0.219558209 0.632343113 -0.674603641 -0.311201572
1762962608523648768.000000 0.954378486 -0.251535773 0.760808051 -0.247894913 -0.632483780 0.651444018 0.337835819
1762962608590330880.000000 0.927011430 -0.268602729 0.763718247 -0.278600425 -0.629447937 0.630548835 0.358587950
1762962608657014272.000000 0.892959595 -0.270459890 0.770659745 -0.305553436 -0.620939493 0.614475787 0.378801972
1762962608723698176.000000 0.874160886 -0.307838261 0.771954656 -0.336309761 -0.606166184 0.597340703 0.403289467
1762962608790381824.000000 0.839766979 -0.297200143 0.762586892 -0.362201273 -0.596177518 0.578658521 0.422536492
1762962608890407680.000000 0.788302541 -0.303111613 0.761545658 -0.396077543 -0.579561412 0.554075837 0.447472036
1762962608957091328.000000 0.764830232 -0.293139756 0.753649414 -0.417186409 -0.558303237 0.546538532 0.464272290
1762962609023773952.000000 0.738013268 -0.299287260 0.759021401 -0.430720657 -0.541291237 0.542488396 0.476644397
1762962609090457600.000000 0.708676577 -0.285943568 0.751669288 -0.436990619 -0.526865482 0.546601474 0.482367903
1762962609190483456.000000 0.659770608 -0.267486572 0.755619884 0.467461735 0.515475154 -0.531971216 -0.482464105
1762962609257167360.000000 0.622607648 -0.261458457 0.757746935 -0.492625177 -0.510606527 0.508825421 0.487542987
1762962609323851008.000000 0.592704654 -0.262432754 0.760645390 -0.501774549 -0.495339930 0.498020351 0.504813254
1762962609390534912.000000 0.561287642 -0.232453644 0.744828701 0.509836257 0.479571730 -0.493884832 -0.515902877
1762962609457218560.000000 0.532334805 -0.241530001 0.747388899 0.520689309 0.475368410 -0.479457378 -0.522521019
1762962609557243648.000000 0.485871375 -0.241502583 0.746982336 0.521290720 0.476509184 -0.467282921 -0.531828642
1762962609623928832.000000 0.454984218 -0.251134813 0.742715538 0.516366422 0.477209181 -0.468365043 -0.535043240
1762962609690613760.000000 0.434653461 -0.261549234 0.767518282 -0.516427159 -0.481059283 0.465988606 0.533610046
1762962609757299200.000000 0.391377538 -0.250662982 0.744457185 0.517667472 0.484557539 -0.465878725 -0.529321671
1762962609857326848.000000 0.335934401 -0.269798160 0.736980140 0.515965760 0.489020497 -0.464192659 -0.528359354
1762962609924011008.000000 0.307267427 -0.284657121 0.731718481 0.513736129 0.488166869 -0.464156091 -0.531345010
1762962609990695936.000000 0.276828796 -0.319971502 0.734713674 -0.511910319 -0.486176699 0.460066199 0.538441300
1762962610057381376.000000 0.249223635 -0.312220454 0.740614891 -0.503866136 -0.486184627 0.460326046 0.545750380
1762962610157409536.000000 0.203317344 -0.325578034 0.742934644 -0.498288363 -0.485118747 0.456633538 0.554846287
1762962610224094720.000000 0.178754643 -0.331386983 0.750999093 -0.496464491 -0.480776072 0.457818449 0.559267163
1762962610290780160.000000 0.153038740 -0.337665200 0.745292425 -0.493445039 -0.477313489 0.462004066 0.561458945
1762962610357464320.000000 0.123451978 -0.350550771 0.745301306 -0.489981771 -0.484317869 0.461036026 0.559285164
1762962610424150016.000000 0.106708594 -0.352309227 0.746090353 -0.485138178 -0.490257442 0.462797284 0.556872845
1762962610524177920.000000 0.072404467 -0.366762936 0.745647669 -0.470036507 -0.500164092 0.479783624 0.546543062
1762962610590860800.000000 0.051957071 -0.371874034 0.751150608 -0.461646289 -0.512312710 0.493409365 0.530061901
1762962610657541632.000000 0.030805513 -0.389555097 0.744416118 -0.452062339 -0.528428614 0.503923476 0.512312472
1762962610757562624.000000 -0.006040379 -0.395041287 0.745033503 -0.431466013 -0.550998390 0.522141635 0.487448394
1762962610824242432.000000 -0.026349040 -0.398683935 0.739854038 -0.414425492 -0.563218176 0.537796259 0.470969230
1762962610890923008.000000 -0.050817460 -0.410825253 0.736805141 -0.399207324 -0.575096369 0.552856863 0.451936930
1762962610990944000.000000 -0.087158874 -0.417215854 0.740454376 -0.372666687 -0.593798041 0.577824831 0.417901874
1762962611057624576.000000 -0.106084980 -0.427409798 0.736652255 -0.344634265 -0.605957806 0.599689543 0.392956495
1762962611124304896.000000 -0.134879649 -0.425833851 0.742657781 -0.314335525 -0.619911075 0.621939898 0.360685706
1762962611190985472.000000 -0.157288760 -0.432962298 0.759827733 -0.281881005 -0.633202732 0.643099964 0.325607151
1762962611257665280.000000 -0.182240069 -0.449046642 0.757196784 0.246596873 0.648624480 -0.660971403 -0.285645097
1762962611291005184.000000 -0.176213801 -0.468306214 0.757643878 -0.226497754 -0.656579256 0.666943967 0.269793034
1762962611357685504.000000 -0.223068208 -0.450755060 0.767071426 -0.183357403 -0.665281832 0.685906589 0.230894849
1762962611391025664.000000 -0.201053694 -0.472104132 0.763150573 -0.162178323 -0.667361557 0.694006920 0.216058239
1762962611424366080.000000 -0.216230839 -0.469298631 0.753252089 -0.138719231 -0.669640660 0.702538192 0.196922481
1762962611491046400.000000 -0.154569253 -0.518943429 0.827591538 -0.108121194 -0.680540025 0.707012653 0.159085751
1762962611557726976.000000 -0.244105473 -0.486414135 0.757128060 -0.056862958 -0.679332972 0.723034859 0.111776285
1762962611591067904.000000 -0.295982867 -0.477422655 0.758680701 -0.031030914 -0.680680215 0.726799667 0.086451896
1762962611657750784.000000 -0.230091125 -0.501956820 0.764300346 0.002811327 -0.677654743 0.733523428 0.052150488
1762962611724432384.000000 -0.231471509 -0.516987443 0.757921100 0.038394377 -0.672507226 0.739006877 0.011345011
1762962611791115264.000000 -0.221446216 -0.526560545 0.755138934 -0.067217566 0.669536412 -0.739417613 0.021550037
1762962611824456448.000000 -0.203474045 -0.532532930 0.745137572 -0.079502635 0.668081105 -0.739124060 0.032289941
1762962611891139328.000000 -0.183077157 -0.538580775 0.742805958 -0.103646889 0.662137508 -0.740479171 0.050219104
1762962611957821952.000000 -0.173449218 -0.552460253 0.753095448 -0.126656711 0.653353930 -0.743696868 0.063260071
1762962611991163136.000000 -0.150121391 -0.551193357 0.742882729 -0.133945599 0.648404896 -0.746495903 0.066132776
1762962612057845760.000000 -0.131163418 -0.563549459 0.746169388 -0.148564383 0.637998521 -0.752125025 0.072072446
1762962612124528640.000000 -0.114204884 -0.578921676 0.766357601 -0.168707862 0.631402969 -0.753123522 0.075318687
1762962612191210240.000000 -0.082612246 -0.589155912 0.776810944 -0.175708845 0.619681776 -0.761048317 0.076983199
1762962612257892864.000000 -0.054463744 -0.598644137 0.767218709 -0.180679083 0.608134806 -0.768690467 0.081499264
1762962612291234048.000000 -0.041575402 -0.609719455 0.756003201 -0.182524770 0.602724969 -0.772249877 0.083889887
1762962612357917184.000000 -0.006321132 -0.618499458 0.758547306 -0.184027478 0.596787691 -0.775734961 0.090628736
1762962612424599552.000000 0.014147460 -0.634024501 0.761411488 -0.190984443 0.594759524 -0.774557292 0.099232741
1762962612457940736.000000 0.016487449 -0.647941709 0.769716740 -0.196110159 0.595930219 -0.771618485 0.104942963
1762962612524623616.000000 0.044915497 -0.667584181 0.756384790 -0.204124287 0.598758459 -0.765866697 0.115194596
1762962612591305984.000000 0.058678240 -0.690546751 0.762733221 -0.214361891 0.599477053 -0.759732783 0.132221162
1762962612624647680.000000 0.067747146 -0.702926576 0.756078780 -0.219362438 0.598739147 -0.757037997 0.142425656
1762962612691331328.000000 0.094241261 -0.719441116 0.752843618 -0.229697630 0.599531353 -0.748745561 0.164867565
1762962612791356928.000000 0.119428217 -0.769614637 0.751680553 -0.251759797 0.600387514 -0.734334409 0.192106336
1762962612858040576.000000 0.139340788 -0.793154538 0.752224505 -0.263788164 0.599426925 -0.726497769 0.208096653
1762962612891382272.000000 0.142043293 -0.814748108 0.755672514 -0.270938367 0.596760631 -0.722984552 0.218546569
1762962612958066176.000000 0.150319338 -0.848247409 0.751623690 -0.282282591 0.589399934 -0.717669070 0.240573227
1762962612991407872.000000 0.169350058 -0.862188458 0.741411030 -0.288039267 0.584919035 -0.715549409 0.250783354
1762962613058091008.000000 0.194133550 -0.889454007 0.746670365 -0.304548204 0.576933801 -0.706303477 0.274832964
1762962613124774656.000000 0.212715954 -0.913129032 0.748955071 -0.320966572 0.564783692 -0.697030008 0.303560555
1762962613158116352.000000 0.215767741 -0.928301811 0.740919173 -0.327280253 0.556628287 -0.693463385 0.319626510
1762962613224800256.000000 0.222724557 -0.937868953 0.761392713 -0.350112617 0.540697336 -0.682534754 0.345273703
1762962613258141952.000000 0.233392000 -0.950513482 0.763613224 -0.363681763 0.528997719 -0.676932216 0.360083044
1762962613324826112.000000 0.245768309 -0.978986740 0.773508906 -0.387597263 0.509420812 -0.660931230 0.391699702
1762962613391509760.000000 0.251460254 -1.014389277 0.775042534 -0.408942789 0.497012645 -0.641823828 0.416901022
1762962613424851968.000000 0.257640660 -1.011478901 0.761091292 -0.417970031 0.491400659 -0.633656859 0.426972359
1762962613491534592.000000 0.273276150 -1.027013898 0.779685915 -0.441939294 0.472629249 -0.620132923 0.443561226
1762962613524876288.000000 0.271732211 -1.046929955 0.773844838 -0.453850448 0.459691018 -0.614582479 0.452760905
1762962613591560192.000000 0.291356802 -1.021338940 0.776906729 -0.474743575 0.438650936 -0.603341699 0.467100382
1762962613658243072.000000 0.309112489 -1.022732615 0.781800985 -0.495257050 0.418095887 -0.587914407 0.484017581
1762962613691584768.000000 0.313201010 -1.007964730 0.791291654 -0.504064262 0.410569876 -0.578763425 0.492325574
1762962613758268160.000000 0.332548380 -1.002345800 0.811938703 -0.519440651 0.398852676 -0.556526363 0.511249900
1762962613824951296.000000 0.364881277 -0.981294036 0.770145237 -0.529415369 0.384321272 -0.539335907 0.530220211
1762962613858292736.000000 0.365364015 -0.950442672 0.804310203 -0.535948336 0.378959566 -0.531436563 0.535466373
1762962613924975104.000000 0.381437838 -0.928435743 0.775095105 -0.544243693 0.360246092 -0.520925581 0.550143659
1762962613991658240.000000 0.391864657 -0.909761608 0.747553349 -0.551263332 0.337953627 -0.514832079 0.562889040
1762962614058341376.000000 0.404167801 -0.880854905 0.762966633 -0.560030699 0.320455551 -0.504911840 0.573356688
1762962614091683072.000000 0.420604825 -0.853557825 0.767897189 -0.565137744 0.315264463 -0.498008013 0.577248335
1762962614158366208.000000 0.441333473 -0.853697896 0.774622560 -0.574270010 0.308937907 -0.475723982 0.590303421
1762962614225049600.000000 0.456767857 -0.817944884 0.768718243 -0.579689860 0.296509504 -0.454027772 0.608194590
1762962614291732480.000000 0.456276447 -0.745901227 0.742309511 -0.585414946 0.277449489 -0.434716284 0.625566125
1762962614358415104.000000 0.493220389 -0.752002120 0.741004050 -0.599538863 0.257167190 -0.410871774 0.636869371
1762962614425098240.000000 0.499647737 -0.715520561 0.741071224 -0.613613069 0.236294016 -0.389764339 0.644769609
1762962614458439680.000000 0.504114926 -0.703436375 0.713867068 -0.617737353 0.224022418 -0.377517253 0.652453303
1762962614525123072.000000 0.536536574 -0.706626356 0.723317385 -0.629840136 0.199408919 -0.346258432 0.666065037
1762962614591806976.000000 0.532822132 -0.659398198 0.735484242 -0.642940998 0.177853584 -0.314404815 0.675384820
1762962614658490880.000000 0.556155682 -0.635875344 0.710326433 -0.652981102 0.154246256 -0.285786062 0.684215009
1762962614725175040.000000 0.573022246 -0.609594285 0.725681067 -0.664020538 0.131048694 -0.260823637 0.688385129
1762962614791859456.000000 0.576102376 -0.563495040 0.740695953 -0.669373870 0.111840621 -0.236762866 0.695250750
1762962614858542336.000000 0.564826131 -0.529181480 0.718723297 -0.669304729 0.095658764 -0.217243284 0.704049766
1762962614891884544.000000 0.578878284 -0.515854716 0.727679968 -0.670266449 0.087961525 -0.207541183 0.707058966
1762962614958568448.000000 0.611628473 -0.484499216 0.725183666 -0.672535717 0.077452108 -0.185819238 0.712157428
1762962615025252864.000000 0.609255612 -0.442505658 0.740593731 -0.674565136 0.073459744 -0.163518950 0.716119587
1762962615091937024.000000 0.616140723 -0.406849504 0.747261345 -0.673047066 0.067465119 -0.140376568 0.723014951
1762962615158621184.000000 0.600694180 -0.361081779 0.728484511 -0.667389214 0.051095575 -0.124488324 0.732450426
1762962615225305600.000000 0.616898775 -0.324684858 0.724634647 -0.661900520 0.037601482 -0.106674865 0.741008997
1762962615291988736.000000 0.607755184 -0.287492633 0.713195562 -0.663731098 0.028927518 -0.093363307 0.741557539
1762962615325330688.000000 0.597094476 -0.269818127 0.700754762 -0.664592624 0.022631159 -0.087846652 0.741678834
1762962615392015104.000000 0.628715873 -0.244880438 0.744136214 -0.667074144 0.004023763 -0.071329273 0.741557896
1762962615458699520.000000 0.580204844 -0.208185971 0.713696897 -0.662689924 -0.012517714 -0.062850639 0.746146917
1762962615525383424.000000 0.614706576 -0.181352437 0.721113861 -0.662053108 -0.030542573 -0.046963736 0.747360229
1762962615592068608.000000 0.590146601 -0.151646137 0.735300004 -0.664579868 -0.041758947 -0.036612529 0.745150626
1762962615625411328.000000 0.574282527 -0.130760014 0.720647216 -0.664578617 -0.045763109 -0.031375837 0.745155513
1762962615692096256.000000 0.557198524 -0.096373737 0.738087475 -0.666116834 -0.053356938 -0.021521254 0.743625104
1762962615758781952.000000 0.547828197 -0.070230007 0.721887648 -0.662578821 -0.060153026 -0.014712908 0.746427894
1762962615858810880.000000 0.532537937 -0.021151960 0.720200300 -0.655726969 -0.068244331 -0.001773122 0.751905501
1762962615925496576.000000 0.531779885 0.024135649 0.718346119 -0.655229330 -0.066854328 0.007080414 0.752432704
1762962615992182784.000000 0.496053934 0.067134380 0.715177894 -0.656265199 -0.057767820 0.010025745 0.752248883
1762962616058868480.000000 0.509516239 0.102736592 0.724550962 -0.653358698 -0.057825688 0.008907058 0.754784226
1762962616158896384.000000 0.493304938 0.155481726 0.734984696 -0.647308767 -0.053340647 0.004649993 0.760345042
1762962616225582592.000000 0.474892080 0.201713502 0.727283239 -0.650579572 -0.053563163 -0.001176797 0.757546008
1762962616292268800.000000 0.455381036 0.241577417 0.726840258 -0.654038489 -0.054292388 -0.007733121 0.754470766
1762962616358955008.000000 0.444871187 0.278287917 0.722881317 -0.653986752 -0.053804003 -0.006999419 0.754557788
1762962616425640960.000000 0.423801363 0.306263208 0.733131289 -0.655542612 -0.048522938 0.000010134 0.753597736
1762962616492327424.000000 0.443893671 0.347970039 0.724134445 -0.657184184 -0.045704246 0.013501701 0.752221942
1762962616559013632.000000 0.428771883 0.388255686 0.722648501 -0.661603212 -0.040405612 0.024010664 0.748379588
1762962616625694976.000000 0.421771675 0.431971192 0.711701334 -0.661838055 -0.034765348 0.034196682 0.748059094
1762962616692377600.000000 0.429382712 0.474241644 0.725772142 -0.660129189 -0.028270079 0.045016032 0.749268889
1762962616792401408.000000 0.438014001 0.528945982 0.732719958 -0.655416429 -0.018521082 0.055953089 0.752964616
1762962616859083776.000000 0.448711812 0.569892824 0.747732878 -0.652932584 -0.014954276 0.060361072 0.754858911
1762962616959107328.000000 0.440208673 0.640956700 0.741431117 -0.637570500 -0.021701142 0.050255995 0.768444777
1762962617025788672.000000 0.440930784 0.671248376 0.748996139 -0.630505979 -0.033787355 0.040937394 0.774367392
1762962617092471040.000000 0.424588889 0.706874669 0.751414597 -0.629464865 -0.046715967 0.030773390 0.775012732
1762962617159153664.000000 0.420995384 0.739285529 0.759444952 -0.628018737 -0.059839703 0.025580160 0.775472343
1762962617225836288.000000 0.401880443 0.769647360 0.757789791 -0.621853113 -0.078063563 0.022199938 0.778917253
1762962617292518656.000000 0.381796032 0.794281125 0.752177775 -0.617850244 -0.091832638 0.021744752 0.780611992
1762962617359201024.000000 0.371093929 0.828332245 0.757542133 -0.617057323 -0.099511378 0.024795538 0.780207038
1762962617425883136.000000 0.357322365 0.866135597 0.758806646 -0.618313372 -0.099794134 0.026693681 0.779113114
1762962617492564480.000000 0.349997103 0.898612261 0.747973084 -0.617683053 -0.100058779 0.026361968 0.779590309
1762962617559246848.000000 0.332922190 0.928537607 0.734937072 -0.615525305 -0.102683097 0.021923840 0.781091630
1762962617659270656.000000 0.303713828 0.976510584 0.732503176 -0.607372820 -0.102101229 0.014430140 0.787696302
1762962617725953536.000000 0.292136908 1.008439302 0.726108193 -0.603006899 -0.098254047 0.008283355 0.791618824
1762962617792636160.000000 0.274830669 1.044273853 0.735367060 -0.603908181 -0.089278124 -0.000046638 0.792038143
1762962617892660480.000000 0.253896266 1.101040721 0.738875866 -0.598445296 -0.070724897 -0.010276500 0.797969699
1762962617959342080.000000 0.232740507 1.135277152 0.743338168 -0.599816501 -0.060482439 -0.013374582 0.797736287
1762962618026024704.000000 0.225195795 1.169770598 0.739175022 -0.605263948 -0.053703163 -0.016724722 0.794035196
1762962618126048512.000000 0.213233829 1.221920729 0.757694840 -0.616130888 -0.047601704 -0.028497059 0.785687447
1762962618192731392.000000 0.191368550 1.262294888 0.750671864 -0.618267119 -0.043622661 -0.031816293 0.784111381
1762962618259414016.000000 0.189978361 1.290088534 0.742165804 -0.618634820 -0.040777583 -0.028236557 0.784111619
1762962618326096896.000000 0.167984426 1.332330227 0.733660340 -0.622272015 -0.038242143 -0.023942385 0.781499743
1762962618392778496.000000 0.169365689 1.369525671 0.740847945 -0.628205478 -0.039084215 -0.019339133 0.776824594
1762962618459461120.000000 0.163278222 1.405464768 0.738392591 -0.631023407 -0.037714511 -0.015065937 0.774699986
1762962618526143744.000000 0.181164309 1.433497787 0.743374825 -0.631944239 -0.032475993 -0.009176531 0.774278820
1762962618592826368.000000 0.178237557 1.474701047 0.726397514 -0.629658103 -0.027959459 -0.004367348 0.776356876
1762962618659508992.000000 0.179394379 1.501642227 0.732738733 -0.624574006 -0.022171631 -0.000971048 0.780650318
1762962618726191872.000000 0.176715031 1.530205369 0.728087664 -0.619192839 -0.017232416 -0.000798167 0.785049438
1762962618826214400.000000 0.184811011 1.574114799 0.735462308 -0.613651276 -0.011956516 -0.011882172 0.789397299
1762962618892896768.000000 0.183817238 1.589178801 0.741508484 -0.607916832 -0.013019954 -0.025945023 0.793469965
1762962618959579648.000000 0.180920869 1.613382101 0.755575061 -0.611887991 -0.009186716 -0.042131159 0.789768219
1762962618992920832.000000 0.178058624 1.630373955 0.768952966 -0.614976764 -0.003695190 -0.051305111 0.786865830
1762962619059603456.000000 0.184622213 1.654080629 0.770287752 -0.614338338 0.000169734 -0.069322221 0.785991669
1762962619126285824.000000 0.160286382 1.681524634 0.766498804 -0.610079169 0.002702218 -0.084483907 0.787818909
1762962619159627264.000000 0.156891853 1.688406229 0.771365047 -0.610162258 0.006965385 -0.089701787 0.787151277
1762962619226309888.000000 0.154082298 1.717338562 0.752550960 -0.609455705 0.021431848 -0.101756833 0.785970807
1762962619292991232.000000 0.143068448 1.739322901 0.768430352 -0.615682304 0.047810152 -0.111032195 0.778666437
1762962619326332672.000000 0.130847424 1.758983374 0.749690056 -0.615490735 0.060342602 -0.118598625 0.776829600
1762962619393015040.000000 0.135461807 1.771405816 0.767735958 -0.615382135 0.083636932 -0.126925945 0.773433626
1762962619459697408.000000 0.122824281 1.788891196 0.791236043 -0.615333974 0.108608045 -0.146142513 0.766949058
1762962619493038848.000000 0.122428209 1.810487509 0.756494522 -0.610679269 0.120560795 -0.157375827 0.766660810
1762962619593062656.000000 0.096691728 1.790120959 0.765373588 -0.603420258 0.155815363 -0.194898173 0.757377326
1762962619626404352.000000 0.089242816 1.834597349 0.796617985 -0.601131797 0.175457761 -0.208961353 0.751126051
1762962619659746048.000000 0.151358843 1.897932768 0.732921362 -0.590771258 0.187830672 -0.222601399 0.752434492
1762962619726427904.000000 0.134335458 1.912487268 0.742861390 -0.586900115 0.205205992 -0.254264593 0.740802526
1762962619793110784.000000 0.131837904 1.932412863 0.734288573 -0.579314888 0.219247371 -0.291241437 0.729042709
1762962619859793664.000000 0.123932838 1.932013154 0.735428214 -0.575386047 0.237430960 -0.331333071 0.709066987
1762962619893135360.000000 0.111133099 1.971037626 0.712950110 -0.569323480 0.250315994 -0.354270667 0.698358774
1762962619959818240.000000 0.099401593 1.987920761 0.715382576 -0.562107086 0.274717659 -0.392722994 0.674043477
1762962620026501120.000000 0.034397244 1.949896693 0.787919044 -0.562981725 0.296334386 -0.427348167 0.642348170
1762962620059842816.000000 0.042228937 1.965342522 0.767419219 -0.555752516 0.310554504 -0.444544911 0.630138874
1762962620126525696.000000 0.009347200 1.942838192 0.770499706 -0.543827951 0.339382231 -0.476880670 0.601378262
1762962620193207808.000000 0.027590513 1.991879940 0.770940661 -0.527480066 0.366868526 -0.511072040 0.570944548
1762962620259890432.000000 0.019151449 1.992104530 0.759348214 -0.509110808 0.393089473 -0.541946054 0.540907919
1762962620326573824.000000 0.018531084 1.996584654 0.757699311 -0.489987165 0.418730706 -0.571232736 0.508203030
1762962620359915008.000000 0.029705524 1.974432230 0.772186041 -0.481074244 0.431299090 -0.582356572 0.493365586
1762962620426598144.000000 0.026632547 1.986408949 0.761412501 -0.462871581 0.454677343 -0.604271710 0.462465286
1762962620493280768.000000 0.029386997 1.981468678 0.769118309 -0.443579942 0.476236761 -0.623051822 0.433868498
1762962620526622464.000000 0.032663822 1.987875342 0.746545613 -0.432953298 0.483415663 -0.633328259 0.421611398
1762962620593304320.000000 0.031893969 1.990222931 0.732637823 -0.414472580 0.497398734 -0.650492966 0.397071689
1762962620659986944.000000 0.017392635 1.933934689 0.761064053 -0.402901441 0.505630612 -0.662342370 0.378564119
1762962620726669824.000000 0.042456865 1.962962866 0.727411985 -0.387827575 0.514539599 -0.674476087 0.360445350
1762962620760011008.000000 0.045504570 1.950314760 0.743776321 -0.383749843 0.520719707 -0.676566362 0.351916194
1762962620826693888.000000 0.055646896 1.942013502 0.743694067 -0.375256687 0.532628834 -0.681768715 0.332686573
1762962620860035072.000000 0.055902243 1.956176400 0.751229107 -0.369173199 0.540741742 -0.683965504 0.321715444
1762962620926717696.000000 0.059193850 1.935454249 0.750844717 -0.359424859 0.550828874 -0.689457774 0.303396255
1762962620993400320.000000 0.086962461 1.940188766 0.738875747 -0.346168309 0.558254004 -0.698018789 0.285113662
1762962621060081920.000000 0.088354349 1.926612973 0.727865815 -0.332578272 0.565886080 -0.705464184 0.267366737
1762962621093423360.000000 0.081273794 1.895800114 0.781563520 -0.328386933 0.571571112 -0.706335783 0.257989049
1762962621160105728.000000 0.098619938 1.913734078 0.728911221 -0.309292883 0.579246581 -0.715327919 0.238992333
1762962621226788352.000000 0.112098217 1.888991594 0.763972759 -0.295465678 0.587954640 -0.720213115 0.219778031
1762962621260129792.000000 0.145684123 1.922847509 0.722520888 -0.282514215 0.592052102 -0.725225508 0.209064573
1762962621326812160.000000 0.163453102 1.909645319 0.725217581 -0.264880061 0.599598944 -0.730509460 0.191509083
1762962621393494528.000000 0.173444152 1.905937195 0.723773956 -0.242742538 0.603902102 -0.738067865 0.177859947
1762962621426835968.000000 0.210574269 1.912824631 0.703328490 -0.229894653 0.606372714 -0.742017269 0.169914678
1762962621493517312.000000 0.225341916 1.913443089 0.722956061 -0.208455935 0.613718152 -0.745810270 0.153828606
1762962621560199936.000000 0.246801257 1.893060446 0.720826387 -0.185115457 0.617900491 -0.751862288 0.136508077
1762962621593541632.000000 0.258077979 1.899548769 0.729096532 -0.174211562 0.620279789 -0.754188955 0.126895368
1762962621660224768.000000 0.281448245 1.860990286 0.743548155 -0.157236189 0.625297606 -0.756563723 0.109046079
1762962621726907648.000000 0.315596104 1.861173153 0.742875218 -0.136880293 0.632304788 -0.757490039 0.087540656
1762962621793590784.000000 0.349719107 1.848096609 0.718298435 -0.120780565 0.640395939 -0.755704939 0.064924784
1762962621860274176.000000 0.364780605 1.816136599 0.746921301 -0.106364086 0.651997328 -0.749338746 0.045581128
1762962621926956288.000000 0.364543617 1.770845652 0.741478443 -0.093774192 0.655990958 -0.748165727 0.033621773
1762962621960297728.000000 0.365891874 1.767475843 0.724186063 -0.088502005 0.656209528 -0.748843968 0.028094342
1762962622026980864.000000 0.367779493 1.719858885 0.748313546 -0.079093203 0.656925678 -0.749523163 0.020198803
1762962622093664256.000000 0.358831823 1.689334154 0.749688387 -0.067920879 0.657865822 -0.749918580 0.014883760
1762962622127005696.000000 0.365083039 1.664940119 0.753295302 -0.063801862 0.658617437 -0.749678671 0.011588635
1762962622193688832.000000 0.371378988 1.663214207 0.733586907 -0.056463711 0.658737361 -0.750220537 0.006797664
1762962622260372224.000000 0.371436566 1.609011889 0.762443662 -0.053475212 0.661951125 -0.747604549 0.006973259
1762962622327055104.000000 0.355384886 1.560020685 0.755172133 -0.050245311 0.665625870 -0.744499862 0.011730128
1762962622360395776.000000 0.349139214 1.534644246 0.742015839 -0.045571264 0.665505588 -0.744869173 0.013982967
1762962622427078912.000000 0.362655103 1.508237362 0.737642407 -0.036567215 0.662074089 -0.748346806 0.017258471
1762962622493762048.000000 0.346379697 1.473089695 0.759030938 -0.044473480 0.659857690 -0.749809384 0.019898111
1762962622560445184.000000 0.332496226 1.440790176 0.763175130 -0.050265469 0.652965486 -0.755387902 0.022329824
1762962622593786624.000000 0.340515077 1.437529802 0.777657986 -0.050853971 0.651901662 -0.756282091 0.021807821
1762962622660469760.000000 0.336090595 1.397865772 0.781872392 -0.052255064 0.653708637 -0.754653692 0.020789942
1762962622727152640.000000 0.327549368 1.386491418 0.743630528 -0.053113610 0.655698419 -0.752862215 0.020906067
1762962622760494080.000000 0.312573761 1.369769812 0.729230404 -0.056928705 0.655964732 -0.752310038 0.022340523
1762962622827176192.000000 0.332681954 1.331700087 0.753830910 -0.064547420 0.656886220 -0.750864208 0.023177529
1762962622893858816.000000 0.339885533 1.314955711 0.738356233 -0.071419701 0.655796468 -0.751018763 0.028303506
1762962622960541696.000000 0.337441802 1.266759872 0.744961262 -0.077225484 0.659081101 -0.747268915 0.035179708
1762962623027224576.000000 0.344003677 1.233037710 0.744375229 -0.081459068 0.661052585 -0.744853258 0.039593000
1762962623093907712.000000 0.366916716 1.195611119 0.736851990 -0.086476721 0.659803033 -0.745322108 0.040947177
1762962623160590592.000000 0.387961507 1.161071301 0.731417835 -0.089845583 0.658929944 -0.745900989 0.037025828
1762962623193932032.000000 0.398934305 1.141071320 0.732068539 -0.090936013 0.658459365 -0.746329129 0.033981152
1762962623260613888.000000 0.434305966 1.104297400 0.733206749 -0.092389584 0.657068729 -0.747722208 0.025225915
1762962623327297024.000000 0.439390481 1.063310027 0.738169253 -0.092465349 0.654941380 -0.749914885 0.011383270
1762962623393979904.000000 0.468304425 1.030726790 0.734391332 0.082968876 -0.648086131 0.757032037 0.001758623
1762962623427321088.000000 0.490405291 1.007076263 0.750645339 0.075567879 -0.646481216 0.759138823 0.007743410
1762962623527345664.000000 0.509738207 0.955702424 0.753771842 0.061721042 -0.646390617 0.760001957 0.027689025
1762962623560687360.000000 0.515547991 0.946850240 0.746311963 0.058043931 -0.647354007 0.759143531 0.035564784
1762962623627368960.000000 0.526229024 0.909627974 0.740322471 0.052882310 -0.648047268 0.758306861 0.046998747
1762962623694049792.000000 0.518268824 0.872931898 0.747346044 0.050751250 -0.648040473 0.758348644 0.048736528
1762962623760731392.000000 0.535237730 0.832834423 0.747296751 -0.049729779 0.649842024 -0.757016838 -0.046452247
1762962623860753920.000000 0.549541116 0.780741632 0.720434487 0.050208140 -0.649895191 0.757447541 0.037265636
1762962623927435776.000000 0.560190499 0.742636621 0.727261305 0.050888255 -0.650669992 0.757068336 0.029773004
1762962623994117376.000000 0.539868712 0.701298475 0.723337591 0.055504858 -0.650310993 0.757357180 0.020616360
1762962624060799232.000000 0.540122032 0.661056161 0.710285127 0.059963468 -0.648238420 0.758966684 0.012684184
1762962624094139904.000000 0.542434394 0.639294028 0.715046883 0.061848849 -0.648060679 0.759006381 0.010070466
1762962624160820480.000000 0.540132284 0.592393339 0.720994830 0.065918140 -0.647204518 0.759451091 0.003896355
1762962624227501824.000000 0.532191396 0.542270839 0.733302951 -0.070733741 0.640619516 -0.764587224 0.003138442
1762962624294183424.000000 0.528445244 0.506468713 0.746070504 -0.077342704 0.632191181 -0.770843863 0.012339761
1762962624360865024.000000 0.537447631 0.466903627 0.761607528 0.087314710 -0.632326663 0.769477308 -0.021069206
1762962624427546880.000000 0.552508235 0.421925247 0.756812334 -0.094597705 0.638879120 -0.762980819 0.027296321
1762962624460887552.000000 0.554556489 0.402343631 0.763600528 -0.098427206 0.642845690 -0.759014606 0.030958222
1762962624527569152.000000 0.560606718 0.359411836 0.760148108 -0.108129628 0.644085467 -0.756106913 0.042004488
1762962624594249472.000000 0.564459682 0.322781742 0.775050938 -0.116607688 0.647274256 -0.751534402 0.051330674
1762962624660930304.000000 0.585713327 0.284045815 0.764868677 -0.118940830 0.649796963 -0.748666644 0.055815112
1762962624727611648.000000 0.600926876 0.246307909 0.755848885 -0.115112029 0.650445640 -0.748510122 0.058329880
1762962624794292736.000000 0.595633864 0.202679515 0.742643774 -0.110895976 0.648592830 -0.750475824 0.061769679
1762962624827633408.000000 0.615409613 0.186492741 0.748747826 -0.106417447 0.648985982 -0.750955820 0.059648991
1762962624894314240.000000 0.617532730 0.145663738 0.741980672 -0.098352030 0.651200175 -0.750546813 0.054265700
1762962624960995328.000000 0.641061187 0.107714713 0.740636766 -0.087875545 0.651737452 -0.752172410 0.041867856
1762962625027675392.000000 0.649490833 0.067194521 0.735977530 -0.075943470 0.646058977 -0.759005427 0.027409587
1762962625094356224.000000 0.661148071 0.025335312 0.751516700 -0.066779152 0.639696121 -0.765669942 0.008884363
1762962625161037312.000000 0.679252625 -0.006574094 0.743282080 0.056640115 -0.638399720 0.767543018 0.010740168
1762962625227718144.000000 0.703447580 -0.041556895 0.741188347 0.047154818 -0.640889347 0.765466452 0.033143304
1762962625294398976.000000 0.710921407 -0.074298620 0.749704361 -0.037376512 0.644751072 -0.761615694 -0.053298194
1762962625361079808.000000 0.710432231 -0.107163846 0.753729522 0.030187337 -0.645254135 0.760333478 0.068035245
1762962625427760896.000000 0.732836246 -0.138596714 0.749853551 -0.023227442 0.645687401 -0.759012520 -0.080300726
1762962625494440448.000000 0.729539692 -0.171828449 0.750036061 -0.016747002 0.646798313 -0.757416427 -0.087703556
1762962625561121280.000000 0.733077824 -0.206682622 0.741268516 -0.007402639 0.648541510 -0.755597770 -0.091713078
1762962625627803648.000000 0.714978993 -0.244164765 0.747882307 0.002344666 0.651597142 -0.752775490 -0.093513981
1762962625661144576.000000 0.706376314 -0.262091398 0.742715001 0.008251436 0.651365519 -0.752745926 -0.095018551
1762962625727826688.000000 0.697333336 -0.289606869 0.733201385 0.019282391 0.648931563 -0.754055023 -0.099585034
1762962625794508800.000000 0.685647070 -0.323535264 0.746738493 0.025157114 0.647067845 -0.755167782 -0.101941019
1762962625861190912.000000 0.668712318 -0.352633893 0.740462422 0.030734546 0.645683587 -0.755876064 -0.103920884
1762962625961213184.000000 0.638362706 -0.395670861 0.748050570 0.048436932 0.639550209 -0.758985043 -0.112120748
1762962625994554368.000000 0.635622561 -0.413794994 0.750209332 -0.054751378 -0.636207223 0.760812223 0.115791030
1762962626094577408.000000 0.608538330 -0.448871881 0.750960410 -0.067085385 -0.633532107 0.760632038 0.124802262
1762962626161259776.000000 0.597521842 -0.472071260 0.758103848 0.080427021 0.635956526 -0.755500555 -0.135313019
1762962626227941888.000000 0.582612276 -0.497701913 0.744511664 0.095714428 0.635653079 -0.751903594 -0.146372557
1762962626294624000.000000 0.564571142 -0.520301640 0.755020261 0.109828129 0.637468994 -0.746646464 -0.155210555
1762962626361305344.000000 0.541981220 -0.542148650 0.752191663 0.130072773 0.635670662 -0.742770672 -0.165214330
1762962626394646272.000000 0.537164152 -0.556183815 0.747153044 0.142031074 0.634650469 -0.739877403 -0.172126323
1762962626461328384.000000 0.518277109 -0.575504184 0.752030671 0.164576665 0.634835184 -0.731516063 -0.186502412
1762962626528010496.000000 0.480538130 -0.593744397 0.754024267 -0.186553523 -0.634808719 0.721872747 0.202769637
1762962626594691584.000000 0.465090215 -0.618075430 0.764115214 -0.209336624 -0.633054733 0.711503744 0.221771091
1762962626661370880.000000 0.443379700 -0.639124632 0.753487527 -0.235908046 -0.626414359 0.701106310 0.245769158
1762962626728049920.000000 0.418391824 -0.657643318 0.729565680 -0.263902634 -0.613075852 0.691527963 0.276192963
1762962626761389824.000000 0.396797299 -0.651714563 0.746519566 -0.279073864 -0.607709467 0.683959782 0.291557968
1762962626828067840.000000 0.376599371 -0.674163938 0.737073541 0.310552984 0.594509065 -0.664901972 -0.328665972
1762962626894746880.000000 0.361666828 -0.697462320 0.752537251 0.341256052 0.573516607 -0.644778788 -0.372670591
1762962626961425664.000000 0.333256781 -0.707543492 0.750475228 0.366986692 0.547956645 -0.628693044 -0.412079394
1762962627028104704.000000 0.309311360 -0.714456320 0.751984298 -0.393568635 -0.527766824 0.606193602 0.446200997
1762962627094783744.000000 0.282895386 -0.709662676 0.748521805 -0.421634048 -0.507187724 0.582760334 0.474737674
1762962627194801920.000000 0.235429317 -0.725810528 0.740165114 -0.465538085 -0.476152241 0.537907779 0.516922295
1762962627261479936.000000 0.198957875 -0.722186148 0.746584296 -0.495306611 -0.457262218 0.502835155 0.541054130
1762962627328158464.000000 0.165939391 -0.726640344 0.741921306 -0.516545355 -0.435669661 0.473430663 0.565009952
1762962627394837248.000000 0.150391132 -0.709115744 0.742293656 -0.532142878 -0.414958298 0.446664780 0.587472737
1762962627494854912.000000 0.099898152 -0.702939868 0.733912468 -0.555916667 -0.385021120 0.411946803 0.610749841
1762962627561533440.000000 0.066743314 -0.787662506 0.739170432 -0.572336376 -0.359857857 0.390014768 0.625157535
1762962627628213760.000000 0.046336226 -0.651564419 0.734824717 -0.574048817 -0.352757066 0.390947670 0.627048969
1762962627694893056.000000 0.015530542 -0.631094158 0.737106681 -0.578848839 -0.343723267 0.387283415 0.629920542
1762962627761573376.000000 -0.013753310 -0.598097742 0.740576208 -0.581754982 -0.337891132 0.384009778 0.632398069
1762962627828253440.000000 -0.044786464 -0.577074468 0.736791193 -0.580676138 -0.334399492 0.382643014 0.636063397
1762962627894933760.000000 -0.068508267 -0.559297502 0.747612000 -0.577141345 -0.333390683 0.383830249 0.639087558
1762962627994953984.000000 -0.111055560 -0.526289821 0.747930646 -0.583937347 -0.327709049 0.383507907 0.636039078
1762962628061634048.000000 -0.132303864 -0.499520421 0.742492974 -0.588519037 -0.323573828 0.381253064 0.635288537
1762962628161652992.000000 -0.172277778 -0.473209321 0.744903862 -0.587986588 -0.323483080 0.378592134 0.637415528
1762962628228333056.000000 -0.221967995 -0.464509994 0.723780036 -0.593898237 -0.318149924 0.370370418 0.639446139
1762962628295013120.000000 -0.254452676 -0.450517297 0.720988989 -0.602697611 -0.310907841 0.358424842 0.641578972
1762962628361693184.000000 -0.266889691 -0.418295622 0.732751608 -0.609713316 -0.303625613 0.347020715 0.644699872
1762962628461712896.000000 -0.329134166 -0.410983235 0.707434595 -0.615697145 -0.287986070 0.324598402 0.657736301
1762962628528392448.000000 -0.370256841 -0.398239464 0.709287822 -0.620169938 -0.273075193 0.310612947 0.666587532
1762962628595072256.000000 -0.395998508 -0.381389737 0.709884286 -0.625656307 -0.258362502 0.295265526 0.674256146
1762962628661754112.000000 -0.444283575 -0.364864290 0.701388001 -0.633330941 -0.240838513 0.277647018 0.681029320
1762962628728435712.000000 -0.464012474 -0.339100420 0.738776982 -0.637295485 -0.222009599 0.261950701 0.689889908
1762962628795117312.000000 -0.493528634 -0.314960331 0.734690785 -0.636249483 -0.205912426 0.248170763 0.700855136
1762962628861798912.000000 -0.519128203 -0.299354911 0.729031146 -0.642739236 -0.197865933 0.220935166 0.706344843
1762962628928480512.000000 -0.548402607 -0.278809071 0.733512819 -0.648230851 -0.184649780 0.194278300 0.712711155
1762962628995162368.000000 -0.565102637 -0.256589055 0.717882156 -0.649641752 -0.175105408 0.170416147 0.719904244
1762962629061842944.000000 -0.578202605 -0.226087868 0.717057586 -0.653198957 -0.168555066 0.152770072 0.722206116
1762962629128524544.000000 -0.615282655 -0.194546044 0.708592832 -0.658355892 -0.163623512 0.135212347 0.722158253
1762962629195206144.000000 -0.631800950 -0.162497520 0.704907477 -0.661172032 -0.156477213 0.123368852 0.723288715
1762962629261887744.000000 -0.623598337 -0.126080513 0.721511841 -0.663988888 -0.146823198 0.118681669 0.723516703
1762962629328569344.000000 -0.639569938 -0.108963549 0.714695811 -0.665386796 -0.136596441 0.112499490 0.725221217
1762962629395250688.000000 -0.675737202 -0.074564278 0.711310208 -0.663625658 -0.125251412 0.109645814 0.729308605
1762962629461932544.000000 -0.668271959 -0.027279854 0.692563355 -0.658301353 -0.120570578 0.111339815 0.734646618
1762962629528612864.000000 -0.668959618 0.010351598 0.706454515 -0.658680975 -0.112793587 0.113687418 0.735181749
1762962629595295232.000000 -0.670147777 0.044993907 0.706852615 -0.657017827 -0.100022674 0.112905964 0.738630712
1762962629661978368.000000 -0.688532770 0.082141638 0.721351624 -0.652494907 -0.095991351 0.108086638 0.743877292
1762962629728662016.000000 -0.688680649 0.120639861 0.725027561 -0.645846367 -0.097891062 0.105213478 0.749819994
1762962629795345664.000000 -0.719931901 0.126898199 0.735566020 -0.650323391 -0.094723247 0.097279146 0.747424781
1762962629862028800.000000 -0.732820272 0.177961707 0.728376746 -0.658882022 -0.090022877 0.091960683 0.741156995
1762962629928711424.000000 -0.718504548 0.222581446 0.729915977 -0.662050486 -0.090146467 0.089391403 0.738628507
1762962629995394816.000000 -0.748380423 0.233637840 0.729879975 -0.661714911 -0.085287146 0.082643807 0.740290225
1762962630095419904.000000 -0.751761436 0.273561269 0.726610065 -0.665130675 -0.068736374 0.070130356 0.740242124
1762962630162103296.000000 -0.768832088 0.308567792 0.747583508 -0.672347486 -0.054708410 0.059162717 0.735836744
1762962630228787200.000000 -0.771630228 0.346839517 0.740111947 -0.679288387 -0.041427642 0.046695787 0.731211782
1762962630262128640.000000 -0.787741780 0.374087512 0.725411415 -0.680906713 -0.034540262 0.037857503 0.730575025
1762962630328812288.000000 -0.794274271 0.402407646 0.724459648 -0.683820903 -0.020303894 0.018058013 0.729143798
1762962630395494912.000000 -0.809255540 0.436991155 0.722206473 -0.682019651 -0.004369680 -0.006857316 0.731288671
1762962630462178304.000000 -0.796814919 0.486295789 0.717108369 -0.677504480 0.013990276 -0.030899296 0.734736204
1762962630528861696.000000 -0.813078642 0.524580836 0.711837530 -0.673312545 0.036503237 -0.058399327 0.736143589
1762962630628886272.000000 -0.825278997 0.576160312 0.730079889 -0.664421916 0.061789833 -0.098193474 0.738297820
1762962630662227456.000000 -0.831010580 0.592009425 0.727740228 -0.660621822 0.074044652 -0.111326866 0.738716900
1762962630728910080.000000 -0.839687943 0.611167908 0.746203840 -0.655585647 0.100035094 -0.137640059 0.735700846
1762962630795592192.000000 -0.850470543 0.640701532 0.753083110 -0.653203905 0.119914331 -0.169112250 0.728248835
1762962630862274048.000000 -0.861617446 0.667474389 0.744047642 -0.652594566 0.137896642 -0.196471304 0.718682110
1762962630928956160.000000 -0.852740288 0.690171719 0.761468649 -0.652230561 0.153108820 -0.218884274 0.709396064
1762962630962297600.000000 -0.862410069 0.725853205 0.745708764 -0.649611473 0.162906677 -0.229675651 0.706197977
1762962631028980224.000000 -0.864723027 0.746345401 0.758909404 -0.648737013 0.171611398 -0.249850988 0.698043227
1762962631095662592.000000 -0.859139919 0.777091503 0.766816139 -0.647608876 0.182595029 -0.262459308 0.691647947
1762962631162345216.000000 -0.850027382 0.803233504 0.762741804 -0.646912694 0.193721712 -0.268936932 0.686766922
1762962631229027840.000000 -0.837444186 0.831586421 0.758540034 -0.643788755 0.203164905 -0.271696061 0.685887218
1762962631295709184.000000 -0.821035266 0.856884897 0.778929591 -0.642266989 0.211828426 -0.272386819 0.684417546
1762962631329050624.000000 -0.809759378 0.874406457 0.752643585 -0.639310122 0.216488987 -0.272242606 0.685783625
1762962631395732992.000000 -0.773227334 0.884193957 0.755022883 -0.638559759 0.228173733 -0.268148184 0.684306085
1762962631462415616.000000 -0.761297405 0.907543540 0.750406146 -0.633781433 0.241864368 -0.266907990 0.684531152
1762962631529098240.000000 -0.729551435 0.923673570 0.789965510 -0.629555225 0.251262635 -0.271355301 0.683296204
1762962631595782144.000000 -0.714956343 0.941775203 0.775890052 -0.619326293 0.256748021 -0.281856418 0.686347127
1762962631662467584.000000 -0.706205249 0.966332972 0.742213607 -0.608201087 0.267403960 -0.295307040 0.686571419
1762962631729152512.000000 -0.679471433 0.973820329 0.745068729 -0.610495269 0.281090409 -0.307618976 0.673538625
1762962631795837952.000000 -0.667700589 1.006492615 0.761113644 -0.613506436 0.293859720 -0.323937833 0.657510936
1762962631862523904.000000 -0.644719005 1.013743520 0.748357773 -0.608406067 0.302966237 -0.340656817 0.649620295
1762962631929209344.000000 -0.625060976 1.019101024 0.736117542 -0.600687683 0.317651421 -0.358096570 0.640342653
1762962631962552320.000000 -0.619417608 1.034645319 0.757901549 -0.598781347 0.328423142 -0.367907852 0.631065011
1762962632062580992.000000 -0.627159297 0.948801994 0.717520237 -0.593788266 0.353770435 -0.395530671 0.604828537
1762962632129266944.000000 -0.555723310 1.061187387 0.751437306 -0.585641384 0.375752747 -0.418866217 0.583425403
1762962632162608896.000000 -0.550265670 1.068024635 0.739914894 -0.581252635 0.385519117 -0.427265286 0.575295448
1762962632229295104.000000 -0.523135662 1.095611811 0.737023473 -0.574221492 0.403975546 -0.440422207 0.559555054
1762962632295981056.000000 -0.502745986 1.110409975 0.737559617 -0.563242912 0.420486122 -0.452943295 0.548444450
1762962632396010240.000000 -0.465855360 1.131275177 0.742967844 -0.545723796 0.444241494 -0.473867983 0.529418707
1762962632429353216.000000 -0.455027223 1.137369514 0.732992828 -0.540219188 0.450099587 -0.482278764 0.522475719
1762962632496039680.000000 -0.430866361 1.169061661 0.742248178 -0.527208090 0.458444387 -0.503856897 0.507945538
1762962632562725888.000000 -0.403310299 1.193391323 0.759410739 -0.512708783 0.466730207 -0.526190341 0.492358118
1762962632629407232.000000 -0.372313499 1.195984483 0.743020415 -0.494788975 0.479335845 -0.545508683 0.477327317
1762962632696089856.000000 -0.348091483 1.219923735 0.739371777 -0.482084125 0.494793445 -0.563016951 0.453636706
1762962632762772480.000000 -0.321055174 1.228089333 0.742570579 -0.476093531 0.505481482 -0.580112875 0.425784618
1762962632829454848.000000 -0.288795352 1.240244865 0.762043715 -0.469345331 0.513186455 -0.598679841 0.397413105
1762962632862796032.000000 -0.276735544 1.231429338 0.755493999 -0.463897973 0.515423298 -0.608665109 0.385570079
1762962632929478656.000000 -0.240571618 1.244456291 0.748503983 -0.451195866 0.521849096 -0.623919785 0.367178470
1762962632996161280.000000 -0.206389904 1.239752293 0.741872966 -0.442779511 0.528168321 -0.632429779 0.353577703
1762962633062842880.000000 -0.180728078 1.218576193 0.744493306 -0.433906764 0.534676433 -0.636263967 0.347870976
1762962633129525248.000000 -0.146001935 1.192960024 0.732380569 -0.424950272 0.537253439 -0.639590383 0.348855525
1762962633162866432.000000 -0.121124148 1.197018862 0.733905137 -0.421172142 0.539158106 -0.640610993 0.348626226
1762962633262889984.000000 -0.065794587 1.143983722 0.730227888 -0.411989659 0.551528573 -0.633448720 0.353303760
1762962633296231424.000000 -0.042023182 1.131649733 0.733387589 -0.409423649 0.558764577 -0.628212929 0.354263902
1762962633362914048.000000 -0.009479046 1.109670877 0.756799698 -0.403522164 0.571189523 -0.621209145 0.353569776
1762962633429596416.000000 0.027891994 1.088936090 0.737739861 -0.397785008 0.566020489 -0.626907349 0.358294606
1762962633496278016.000000 0.063271165 1.067108154 0.750770450 -0.396462142 0.558660388 -0.631927192 0.362469941
1762962633529619456.000000 0.081373334 1.051995635 0.736977220 -0.397910118 0.554494798 -0.632803738 0.365735680
1762962633596301568.000000 0.122817039 1.052047014 0.758499265 -0.407137930 0.554385781 -0.623511612 0.371656299
1762962633662983424.000000 0.159089923 1.027083874 0.759368539 -0.421217442 0.551052392 -0.609318733 0.384249806
1762962633729665024.000000 0.196647644 1.024406314 0.754958630 -0.430078149 0.545862317 -0.600555182 0.395475149
1762962633796346880.000000 0.233198762 1.027064443 0.761083066 -0.433539093 0.544804275 -0.594675720 0.401986361
1762962633829687808.000000 0.255521297 1.026491284 0.773852289 -0.434297353 0.545840800 -0.591831982 0.403953820
1762962633896369408.000000 0.287248492 1.020591259 0.768119454 -0.434449404 0.548450172 -0.586462677 0.408065736
1762962633963050240.000000 0.324672937 0.995932817 0.741731882 -0.430947393 0.554910779 -0.581179917 0.410595179
1762962634029732096.000000 0.347373724 0.960311651 0.746915519 -0.427195311 0.563058317 -0.579388499 0.405929238
1762962634096413952.000000 0.396859527 0.932567537 0.705285907 -0.420238346 0.568361223 -0.586629808 0.395260394
1762962634163095552.000000 0.444694996 0.948113441 0.736816704 -0.412437797 0.574691772 -0.595465064 0.380848706
1762962634196436224.000000 0.459407806 0.956500590 0.761224389 -0.408280611 0.576779544 -0.598877609 0.376799613
1762962634263118080.000000 0.500801682 0.944367588 0.762412846 -0.396194696 0.581230700 -0.607152879 0.369548410
1762962634329799680.000000 0.525977135 0.941464782 0.766855121 -0.381404191 0.585089803 -0.618942320 0.359320581
1762962634396480256.000000 0.582875371 0.948883057 0.763726830 -0.365621418 0.588616729 -0.630281329 0.350138247
1762962634429820928.000000 0.587976575 0.929197967 0.753532708 -0.361723900 0.588758767 -0.634977221 0.345431507
1762962634496502784.000000 0.620995045 0.916344345 0.773504674 -0.356794715 0.593350291 -0.641939104 0.329465181
1762962634563184384.000000 0.667657495 0.893626332 0.761009037 -0.350817859 0.599313796 -0.645729423 0.317464024
1762962634596527104.000000 0.671547532 0.893419087 0.759333372 -0.347300023 0.602808952 -0.646034777 0.314075261
1762962634663212544.000000 0.707469940 0.884601533 0.773068845 -0.342340946 0.609537959 -0.642646849 0.313482434
1762962634729898240.000000 0.740166068 0.865620434 0.779791534 -0.343058944 0.612495065 -0.638528347 0.315344185
1762962634796583680.000000 0.777988315 0.843652844 0.765340507 -0.347159564 0.610473156 -0.635754585 0.320341945
1762962634863268352.000000 0.813823462 0.821268916 0.770367146 -0.352660954 0.609483182 -0.630539477 0.326466680
1762962634896611072.000000 0.828904748 0.814284980 0.778153062 -0.355435371 0.608066916 -0.628275692 0.330439150
1762962634963296768.000000 0.861240506 0.799559951 0.763341367 -0.358700782 0.600601435 -0.626377583 0.343893528
1762962634996639744.000000 0.883014679 0.778032541 0.766386986 -0.360490203 0.596738279 -0.624146700 0.352691352
1762962635063325440.000000 0.908954978 0.741151094 0.755173683 -0.368682325 0.588734090 -0.618977249 0.366514355
1762962635130011392.000000 0.945223808 0.698453128 0.750268579 -0.374605298 0.584767044 -0.614373147 0.374518484
1762962635163353856.000000 0.963030577 0.708972633 0.764504731 -0.374430567 0.582904398 -0.615458071 0.375813425
1762962635230039808.000000 0.988141060 0.708163142 0.769608319 -0.371999532 0.572697401 -0.622981071 0.381482095
1762962635296724480.000000 1.011258602 0.696348965 0.789020300 -0.373545498 0.562814236 -0.628510296 0.385588735
1762962635330067712.000000 1.019776940 0.688270271 0.806527734 -0.375174403 0.560520947 -0.629732609 0.385353655
1762962635396753408.000000 1.049950600 0.658957958 0.780388594 -0.379997283 0.551021636 -0.634454191 0.386581331
1762962635463439360.000000 1.074872732 0.636370242 0.782030761 -0.388696969 0.542523086 -0.634936810 0.389151156
1762962635496782592.000000 1.092739105 0.647872746 0.773936450 -0.390134037 0.538835168 -0.635301352 0.392230034
1762962635563468288.000000 1.111747026 0.622646749 0.784415364 -0.391446739 0.530646086 -0.633779109 0.404361606
1762962635596842496.000000 1.132776618 0.646477580 0.761419058 -0.387222022 0.527907252 -0.636586607 0.407591254
1762962635663683072.000000 1.154022217 0.610380709 0.758875549 -0.386857718 0.524252355 -0.635363936 0.414503783
1762962635730524928.000000 1.178110838 0.590784669 0.774154484 -0.391046971 0.524724603 -0.631748497 0.415500104
1762962635763946752.000000 1.183737159 0.573683858 0.791907609 -0.392936885 0.525964320 -0.628546357 0.417003304
1762962635830792448.000000 1.220501184 0.574287832 0.797621310 -0.392521620 0.528801918 -0.625847638 0.417863637
1762962635897640192.000000 1.246764183 0.588589430 0.795124590 -0.389590144 0.528884530 -0.627955139 0.417340606
1762962635931064832.000000 1.262501478 0.588150680 0.797801673 -0.388846099 0.529097736 -0.628448963 0.417020768
1762962635997915392.000000 1.292826891 0.579516172 0.795457900 -0.388745844 0.527919292 -0.629755676 0.416636169
1762962636031341824.000000 1.299782276 0.547614992 0.814530969 -0.390433848 0.524933040 -0.630337477 0.417949200
1762962636098195456.000000 1.336824179 0.566916704 0.788632035 -0.386919469 0.516077399 -0.639671266 0.418064833
1762962636165050368.000000 1.355096102 0.589158237 0.820662737 -0.384878963 0.509487987 -0.647889197 0.415367156
1762962636231907840.000000 1.382350445 0.622191668 0.816681027 -0.384898186 0.505344987 -0.653786182 0.411149114
1762962636265337600.000000 1.386452198 0.567984164 0.811507463 -0.392107636 0.502515078 -0.652531385 0.409796476
1762962636332198400.000000 1.414489388 0.568399727 0.804675460 -0.401470959 0.497929394 -0.654295087 0.403466672
1762962636399061248.000000 1.440845251 0.553863466 0.820813060 -0.409621000 0.486927778 -0.653294086 0.410266846
1762962636432493568.000000 1.445997953 0.568599105 0.803811431 -0.413365364 0.479601622 -0.652859628 0.415795177
1762962636499359488.000000 1.474824309 0.559582829 0.808661103 -0.428876489 0.465616405 -0.643839002 0.429811239
1762962636599618816.000000 1.526721478 0.560574532 0.770488739 -0.458138824 0.440219402 -0.625339091 0.453063786
1762962636666290688.000000 1.544062376 0.552127540 0.778251052 -0.478895426 0.423474103 -0.603847861 0.476126820
1762962636699626752.000000 1.563043833 0.564553440 0.767208219 -0.486996531 0.413211763 -0.592681944 0.490732789
1762962636766298368.000000 1.582315683 0.542198718 0.738272429 -0.506668389 0.385199398 -0.564448297 0.525648952
1762962636832969728.000000 1.602805734 0.547827959 0.748013139 -0.528978825 0.357505977 -0.533176243 0.555062234
1762962636899640832.000000 1.640914798 0.531339765 0.724688292 -0.548529327 0.322289735 -0.500958800 0.586758196
1762962636966311936.000000 1.650401592 0.521631837 0.741289496 -0.569495916 0.284510702 -0.466864854 0.613812149
1762962636999647488.000000 1.645416737 0.547775745 0.767714858 -0.577861488 0.269828051 -0.449712425 0.625322163
1762962637066317056.000000 1.684965611 0.512843609 0.770830274 -0.594263792 0.229245201 -0.412160963 0.651475728
1762962637132987392.000000 1.707240343 0.510103166 0.779789090 -0.603779614 0.192700833 -0.370971352 0.678746521
1762962637166322688.000000 1.720211506 0.512340307 0.765101373 -0.607728183 0.174444631 -0.349793017 0.691288948
1762962637232992768.000000 1.728540778 0.483601272 0.764823854 -0.620634973 0.136945292 -0.304979593 0.709257185
1762962637299663104.000000 1.764766812 0.459772021 0.771044612 -0.632563114 0.095942654 -0.259028614 0.723576605
1762962637332997888.000000 1.742062569 0.465058982 0.827391922 -0.642593384 0.076635249 -0.237031817 0.724580407
1762962637399667712.000000 1.675815582 0.464815319 0.751146972 -0.644316852 0.042753067 -0.198580012 0.737288296
1762962637466337280.000000 1.743069410 0.451019585 0.794283032 -0.654387534 -0.006289763 -0.145668700 0.741969049
1762962637499671040.000000 1.770062923 0.444400281 0.814194024 -0.656443536 -0.029163249 -0.120347477 0.744142413
1762962637566340096.000000 1.730728269 0.481854051 0.702533841 -0.644600332 -0.069826931 -0.074116670 0.757708013
