1761310161109296128.000000 0.000000000 0.000000000 -0.000000002 0.000000027 -0.000000004 -0.000000005 1.000000000
1761310161175966208.000000 -0.008443199 -0.001889932 -0.004535950 0.017049547 -0.007884678 -0.019641602 0.999630630
1761310161242636544.000000 -0.020979384 -0.006334321 -0.010902285 0.035079312 -0.020346981 -0.046662975 0.998087168
1761310161275970560.000000 -0.021946259 -0.004568881 -0.012692316 0.042698845 -0.023759808 -0.053544048 0.997369289
1761310161309305600.000000 -0.023412371 -0.006993070 -0.014428750 0.048632246 -0.022922821 -0.055329118 0.997019649
1761310161375975424.000000 -0.019059984 -0.009433553 -0.015697068 0.048269823 -0.008555073 -0.049357075 0.997577488
1761310161409310208.000000 -0.014775109 -0.007516867 -0.012477863 0.047977582 0.000020365 -0.044104669 0.997874200
1761310161442644992.000000 -0.010317020 -0.009131569 -0.014129748 0.047589585 0.007809331 -0.040338412 0.998021603
1761310161509314304.000000 -0.007598932 -0.008600344 -0.012527774 0.046254251 0.025935397 -0.047449127 0.997465014
1761310161542649088.000000 -0.007550685 -0.007941770 -0.016085291 0.051600941 0.033272509 -0.045322813 0.997083843
1761310161575983360.000000 -0.004757142 -0.005601676 -0.013563631 0.056910135 0.037986375 -0.043122705 0.996724010
1761310161642652160.000000 -0.000538627 -0.004409332 -0.012147800 0.054842759 0.037217766 -0.036861498 0.997120023
1761310161675986688.000000 -0.004282635 -0.005229790 -0.013839633 0.049671728 0.038111433 -0.033147644 0.997487605
1761310161742654208.000000 0.003254023 -0.001466647 -0.004778279 0.042786848 0.040096659 -0.029069219 0.997856021
1761310161775988480.000000 0.005576246 -0.001430442 -0.005300958 0.038629580 0.039683793 -0.020565679 0.998253524
1761310161809322752.000000 0.009988100 0.001551834 -0.005192722 0.033693574 0.038849775 -0.010064863 0.998626113
1761310161842657024.000000 0.011081136 0.001335487 -0.001509628 0.027351493 0.039647166 -0.006117903 0.998820603
1761310161909324800.000000 0.015211975 0.001453603 0.005879615 0.016671743 0.042680126 -0.020015147 0.998749197
1761310161942658816.000000 0.005197157 -0.001123505 -0.002131986 0.016087327 0.044957306 -0.028757744 0.998445392
1761310161975992832.000000 0.007832536 0.000319589 0.003179317 0.021776741 0.043440819 -0.030090274 0.998365283
1761310162009326592.000000 0.011874495 -0.001856984 0.002214346 0.026707303 0.041188858 -0.025743663 0.998462617
1761310162042660352.000000 0.008141677 -0.002807369 -0.001008649 0.028421467 0.041453384 -0.021405669 0.998506784
1761310162075994368.000000 0.013609211 -0.001168259 -0.003132360 0.030059462 0.041283987 -0.011868001 0.998624682
1761310162142661376.000000 0.019712944 -0.004766865 -0.005938621 0.038691763 0.039741583 -0.001452517 0.998459518
1761310162175996160.000000 0.022880087 -0.001640671 0.000998876 0.045115843 0.036256894 -0.004201569 0.998314798
1761310162209330688.000000 0.023771435 -0.004757767 -0.003215259 0.051636465 0.034195907 -0.005362535 0.998065889
1761310162242665472.000000 0.012718461 -0.000257836 -0.003718881 0.055236187 0.034895856 -0.012159867 0.997789264
1761310162309334784.000000 0.024443902 -0.003899851 -0.005703995 0.057125118 0.032397185 -0.022281086 0.997592509
1761310162342669312.000000 0.017200593 -0.003819302 -0.010018293 0.059564307 0.033299677 -0.026368152 0.997320473
1761310162376003840.000000 0.018814577 -0.004032011 -0.010717335 0.060572665 0.032543540 -0.026445433 0.997282565
1761310162409338112.000000 0.018560410 -0.002801881 -0.007756282 0.059565391 0.030935494 -0.026582774 0.997390747
1761310162476006400.000000 0.021281734 -0.001769769 -0.004376852 0.059875306 0.030287083 -0.025070691 0.997431278
1761310162509340672.000000 0.023264136 -0.001011322 -0.002701370 0.059928861 0.031867810 -0.024330819 0.997397125
1761310162542674944.000000 0.025046414 0.001242016 0.000445278 0.060295310 0.032135058 -0.022501750 0.997409463
1761310162576009216.000000 0.026704803 0.001110748 -0.000720983 0.062856987 0.032599431 -0.020974424 0.997269452
1761310162642676480.000000 0.027073041 0.000666402 -0.005524404 0.064928263 0.033443671 -0.018142998 0.997164309
1761310162676009984.000000 0.028199498 0.000784109 -0.007435069 0.065887906 0.034400709 -0.020157175 0.997030199
1761310162709344000.000000 0.027780227 0.000522085 -0.008773861 0.068858303 0.034611393 -0.022173189 0.996779323
1761310162742677760.000000 0.030600507 0.000405707 -0.007817113 0.072638653 0.034497507 -0.021633480 0.996526778
1761310162776011520.000000 0.030519392 0.001656078 -0.007211044 0.075860009 0.033956829 -0.022131216 0.996294439
1761310162809345280.000000 0.030298268 0.001633834 -0.014224777 0.079923786 0.033167183 -0.022391992 0.995997429
1761310162876012544.000000 0.034367170 -0.000370780 -0.014376514 0.084283300 0.035618156 -0.022498546 0.995550931
1761310162909345792.000000 0.034619864 0.002061107 -0.016955262 0.082670398 0.039635215 -0.020938227 0.995568335
1761310162976012800.000000 0.033512902 0.000054244 -0.015240594 0.076428458 0.046139896 -0.015651880 0.995884001
1761310163009346304.000000 0.040843099 0.001712842 -0.012750543 0.076040894 0.045457743 -0.014828962 0.995957613
1761310163042678272.000000 0.038898613 -0.000214468 -0.017230367 0.075260103 0.047392137 -0.012774294 0.995955229
1761310163076011520.000000 0.040144369 0.002253012 -0.017791998 0.075061686 0.047904748 -0.013778362 0.995932281
1761310163142678784.000000 0.046695817 0.004828037 -0.010768424 0.076772064 0.048704736 -0.014711820 0.995749712
1761310163176013312.000000 0.044312004 0.006148583 -0.013531541 0.078208290 0.049380813 -0.015642984 0.995590508
1761310163209347840.000000 0.045210037 0.004975371 -0.013224944 0.078589715 0.048926257 -0.016378302 0.995571017
1761310163242682368.000000 0.041350108 0.002631938 -0.021300787 0.079344198 0.050591398 -0.015949758 0.995434940
1761310163276016640.000000 0.044254024 0.004044905 -0.012528671 0.082320102 0.051776610 -0.014159840 0.995159328
1761310163309350912.000000 0.053509466 0.002843118 -0.007358331 0.086045273 0.050864849 -0.015264116 0.994874895
1761310163342685184.000000 0.044867437 0.005695386 -0.014403012 0.090991184 0.052428991 -0.018998252 0.994289219
1761310163376019456.000000 0.043577351 0.003740618 -0.016231503 0.090844467 0.053756122 -0.019852459 0.994215012
1761310163409353728.000000 0.044470463 0.003606705 -0.014482364 0.090056427 0.054899890 -0.021631705 0.994187117
1761310163476020736.000000 0.043843385 0.002337570 -0.016183795 0.086956382 0.059080709 -0.023466790 0.994181812
1761310163509354752.000000 0.046126053 0.005110682 -0.009495338 0.086559542 0.059423015 -0.024806174 0.994163454
1761310163542688512.000000 0.043713391 0.003440939 -0.010022874 0.084347814 0.059322733 -0.026580058 0.994313776
1761310163576022528.000000 0.043976042 0.004091258 -0.008872312 0.082977004 0.060308911 -0.031280007 0.994232953
1761310163642690304.000000 0.036809698 0.005979725 -0.013112209 0.081089653 0.063268773 -0.035529338 0.994061947
1761310163676024064.000000 0.036418408 0.005776219 -0.011626291 0.079496413 0.063344643 -0.035978071 0.994169712
1761310163709357568.000000 0.038561493 0.004657692 -0.006071670 0.079433255 0.062445071 -0.036549848 0.994210780
1761310163742691328.000000 0.038116328 0.004687227 -0.004496962 0.079158813 0.061102621 -0.039730459 0.994194090
1761310163776024576.000000 0.039007876 0.003991132 -0.003109148 0.078704268 0.060041670 -0.040939603 0.994245708
1761310163809358080.000000 0.038860906 0.003679766 -0.002974479 0.078122750 0.059049923 -0.041246120 0.994338393
1761310163842691328.000000 0.039871424 0.003994341 -0.002003981 0.078140937 0.056967117 -0.040769316 0.994478106
1761310163876025088.000000 0.040215079 0.004513184 -0.001053062 0.078528807 0.054548863 -0.041942060 0.994534373
1761310163942690304.000000 0.040148515 0.006401010 0.005012838 0.074874878 0.050734196 -0.047015931 0.994791150
1761310163976023552.000000 0.039270483 0.008081368 0.006819994 0.072450012 0.051430080 -0.048245024 0.994876087
1761310164009356800.000000 0.039248958 0.008636269 0.008751880 0.070095547 0.051355075 -0.049195368 0.995002091
1761310164042689792.000000 0.038608968 0.008558495 0.011474797 0.067671053 0.051148735 -0.049751371 0.995152950
1761310164076022528.000000 0.038504817 0.009699624 0.013811340 0.066327274 0.052542567 -0.050660226 0.995124876
1761310164109355776.000000 0.042021576 0.012685822 0.018364033 0.066229232 0.053492296 -0.052450147 0.994988084
1761310164142690048.000000 0.041957945 0.013494227 0.019745991 0.065833457 0.053287335 -0.053743586 0.994956315
1761310164176024832.000000 0.041762970 0.014298205 0.020707201 0.065763272 0.052552924 -0.054934256 0.994935036
1761310164242694912.000000 0.040884625 0.015262272 0.021981278 0.064779878 0.051319107 -0.057399314 0.994924784
1761310164276029952.000000 0.038144704 0.011469861 0.020026376 0.063852340 0.051536627 -0.058550365 0.994906425
1761310164309364736.000000 0.035488807 0.011353112 0.018891960 0.065057799 0.052707445 -0.060980711 0.994620979
1761310164342699520.000000 0.037196364 0.015882980 0.021408584 0.065090664 0.054460663 -0.061674234 0.994481564
1761310164376033280.000000 0.040533002 0.016202757 0.024880666 0.064093724 0.053915504 -0.060523007 0.994646788
1761310164409368064.000000 0.040231835 0.016858332 0.025008129 0.066144675 0.051511943 -0.061217207 0.994597316
1761310164442702336.000000 0.039834604 0.017152274 0.024244938 0.066594914 0.049965899 -0.061869286 0.994605839
1761310164509371392.000000 0.039791357 0.017248217 0.024894780 0.064809367 0.046620950 -0.060615588 0.994963348
1761310164542705920.000000 0.040177908 0.016924478 0.025185026 0.064599410 0.045797635 -0.061150327 0.994982541
1761310164576040448.000000 0.041290943 0.016777765 0.026828215 0.062739581 0.046686716 -0.059351198 0.995169163
1761310164609374720.000000 0.041705430 0.016984867 0.026969958 0.061626706 0.045908961 -0.058897082 0.995301843
1761310164642709248.000000 0.042436074 0.017031180 0.028322440 0.059923451 0.043441646 -0.061270069 0.995373368
1761310164676043520.000000 0.042045880 0.017288307 0.030252783 0.057924539 0.043013580 -0.061026532 0.995525181
1761310164709377792.000000 0.042638313 0.017920475 0.031275488 0.055976447 0.041927472 -0.059725478 0.995761871
1761310164776045824.000000 0.041536793 0.018598057 0.034537442 0.054501254 0.038954161 -0.062832326 0.995773196
1761310164809378816.000000 0.043093555 0.018548219 0.036613833 0.054187488 0.040078159 -0.062011909 0.995797157
1761310164842712832.000000 0.043775298 0.018876813 0.037106615 0.055660486 0.039885793 -0.063126363 0.995653629
1761310164876046848.000000 0.041883737 0.020339064 0.033877332 0.056004047 0.040820107 -0.063727744 0.995558143
1761310164909380608.000000 0.042218626 0.022017598 0.037807159 0.054966789 0.042175256 -0.062865779 0.995614290
1761310164942714624.000000 0.042734548 0.022425609 0.039321627 0.053951871 0.043336112 -0.062984042 0.995612502
1761310164976048128.000000 0.043789912 0.022111576 0.038476467 0.053060275 0.043643806 -0.062710345 0.995664239
1761310165009381888.000000 0.041547380 0.023397617 0.040428240 0.052223098 0.045168553 -0.060791943 0.995759428
1761310165042715904.000000 0.045861639 0.021855496 0.039711393 0.050228614 0.045151323 -0.061412249 0.995824814
1761310165109382912.000000 0.046054788 0.023242366 0.042271581 0.046352796 0.048352633 -0.060357608 0.995926976
1761310165142718208.000000 0.045172356 0.023953268 0.043255724 0.043116208 0.048409451 -0.062133767 0.995960355
1761310165176055040.000000 0.047302503 0.026256930 0.047794838 0.041437864 0.050009154 -0.063332349 0.995877087
1761310165209391616.000000 0.042869095 0.026678611 0.048725568 0.038813028 0.052297689 -0.062746018 0.995902359
1761310165242728192.000000 0.048016071 0.028087391 0.053677198 0.035662200 0.050224461 -0.065265834 0.995964944
1761310165276064000.000000 0.044563018 0.027633978 0.053475607 0.034831628 0.050569054 -0.066252090 0.995911837
1761310165342736896.000000 0.044144314 0.030782171 0.059079416 0.028650748 0.054676499 -0.068705618 0.995725453
1761310165376073728.000000 0.043546196 0.031467721 0.060670096 0.025477910 0.054202795 -0.070525937 0.995710313
1761310165409410304.000000 0.043009549 0.032810003 0.063761763 0.020972896 0.055091366 -0.071719751 0.995681345
1761310165442746624.000000 0.040269017 0.035808410 0.068727128 0.017870443 0.057288814 -0.073814079 0.995464861
1761310165476082944.000000 0.041392472 0.037700173 0.071770847 0.013288038 0.058382887 -0.075071834 0.995378911
1761310165542755840.000000 0.042048581 0.038875405 0.077127144 0.004911994 0.060037341 -0.076929905 0.995215178
1761310165576092160.000000 0.043711375 0.039327137 0.079707824 0.001979041 0.061889678 -0.077125512 0.995096743
1761310165609428480.000000 0.044583373 0.040938977 0.081752062 -0.000502504 0.063460886 -0.077055745 0.995004952
1761310165642764544.000000 0.045456342 0.042458534 0.083460055 -0.002111780 0.063864566 -0.077484049 0.994943738
1761310165676100864.000000 0.045131568 0.043540049 0.085632607 -0.004901824 0.063805185 -0.077463731 0.994939327
1761310165742772224.000000 0.044665013 0.044180796 0.088402070 -0.010348497 0.062138155 -0.081169814 0.994707644
1761310165776108544.000000 0.046651967 0.044328757 0.089365572 -0.012531009 0.062401667 -0.081245765 0.994659841
1761310165809444608.000000 0.045162976 0.043726895 0.088738553 -0.012849604 0.064767249 -0.085972361 0.994107068
1761310165842780672.000000 0.045642503 0.044479173 0.089528404 -0.015553977 0.069312066 -0.089504443 0.993450046
1761310165909452800.000000 0.045993600 0.052344844 0.098906845 -0.023246372 0.075735584 -0.100020580 0.991826475
1761310165942788608.000000 0.047662050 0.052990235 0.102404758 -0.025049109 0.078588724 -0.104951210 0.991050839
1761310165976124416.000000 0.049582962 0.053574666 0.103946798 -0.030148745 0.082612596 -0.105721422 0.990499556
1761310166009460480.000000 0.053961739 0.054507602 0.106181525 -0.035751525 0.088793866 -0.101992622 0.990169227
1761310166076132096.000000 0.059838176 0.061979044 0.112789385 -0.046009813 0.105820283 -0.099324122 0.988342047
1761310166109467648.000000 0.065030418 0.063262500 0.116243184 -0.051646106 0.114040449 -0.098422587 0.987238824
1761310166142802176.000000 0.070454217 0.064787634 0.119772643 -0.057217062 0.121217579 -0.094553024 0.986454427
1761310166176136960.000000 0.075500324 0.065793768 0.121412069 -0.061450019 0.128680155 -0.089277297 0.985745847
1761310166209472000.000000 0.081365176 0.066437922 0.123228133 -0.064115368 0.134559199 -0.083247483 0.985318720
1761310166242806784.000000 0.083183274 0.064119197 0.122337490 -0.065444782 0.139280289 -0.076499663 0.985122204
1761310166276141312.000000 0.087738782 0.061085384 0.122161448 -0.063190877 0.142647579 -0.071017735 0.985198021
1761310166309476096.000000 0.090775430 0.057575557 0.120420478 -0.059243374 0.144864500 -0.067044102 0.985398233
1761310166342810624.000000 0.092513926 0.054305904 0.117780536 -0.054782055 0.146291405 -0.063794136 0.985661268
1761310166376145408.000000 0.093626410 0.050104670 0.114435501 -0.049945865 0.146553129 -0.062723286 0.985948026
1761310166409479680.000000 0.094696797 0.048880436 0.110848948 -0.045563571 0.145941690 -0.063234016 0.986218214
1761310166442814208.000000 0.093084291 0.044947159 0.108663052 -0.040239602 0.145737603 -0.063750647 0.986446798
1761310166476148480.000000 0.091408476 0.040863089 0.104847558 -0.035706390 0.145454258 -0.064122654 0.986638963
1761310166542817024.000000 0.090723351 0.035983749 0.100256786 -0.028146394 0.142718673 -0.064963378 0.987227917
1761310166576151296.000000 0.101455688 0.041475922 0.105312116 -0.025836423 0.139388591 -0.064941101 0.987768233
1761310166609484800.000000 0.101067327 0.043601923 0.103589460 -0.022493308 0.136334315 -0.064892150 0.988279343
1761310166642818816.000000 0.100529283 0.041398551 0.103960238 -0.020423109 0.133829892 -0.065118909 0.988651633
1761310166709486848.000000 0.099866070 0.038764574 0.106803373 -0.021359542 0.128351435 -0.064457200 0.989401340
1761310166742820864.000000 0.099530116 0.037299879 0.109912969 -0.024195110 0.123528235 -0.064148754 0.989969850
1761310166776154624.000000 0.098913968 0.035507564 0.113082238 -0.025444277 0.116825074 -0.064178944 0.990750074
1761310166809488640.000000 0.097004637 0.034325156 0.116231292 -0.026421517 0.111376755 -0.063581519 0.991390169
1761310166842822400.000000 0.095750809 0.033203959 0.119470656 -0.028696604 0.106511138 -0.063156329 0.991888702
1761310166876156160.000000 0.094578251 0.031484786 0.123385809 -0.030775610 0.100771010 -0.064948611 0.992310345
1761310166909489664.000000 0.091432363 0.026964167 0.120829351 -0.032898098 0.096681438 -0.067030542 0.992510676
1761310166976156928.000000 0.088512197 0.024429740 0.128375575 -0.035979144 0.092400342 -0.070298314 0.992585480
1761310167009490432.000000 0.087285690 0.022899780 0.132014930 -0.037328426 0.092016898 -0.071652152 0.992474437
1761310167042823168.000000 0.085508890 0.021858959 0.135234609 -0.038981106 0.091571145 -0.074290916 0.992258072
1761310167076156160.000000 0.083475389 0.020615095 0.138359249 -0.040820021 0.090692170 -0.077892944 0.991988599
1761310167109489664.000000 0.086001061 0.022550136 0.149212599 -0.041819431 0.090512387 -0.080436677 0.991760433
1761310167142824192.000000 0.081778564 0.019491684 0.150040478 -0.044309471 0.092048824 -0.083151385 0.991286814
1761310167209494784.000000 0.079939798 0.015137619 0.155312240 -0.046600189 0.092780665 -0.086554818 0.990822136
1761310167242830336.000000 0.080401212 0.012533551 0.157389551 -0.047581732 0.093995944 -0.086394884 0.990674913
1761310167276165376.000000 0.080499940 0.009188764 0.158760682 -0.048158497 0.095969401 -0.084540218 0.990617812
1761310167309500672.000000 0.080339536 0.006079592 0.159951374 -0.049096197 0.096421756 -0.083487011 0.990617156
1761310167342835712.000000 0.082576737 0.004104535 0.164022341 -0.048876267 0.095927283 -0.082382351 0.990768552
1761310167409505792.000000 0.078845084 -0.002843195 0.163230628 -0.045696434 0.099337734 -0.078028455 0.990936637
1761310167442840832.000000 0.077109486 -0.004928235 0.163169146 -0.044183381 0.099015601 -0.077934705 0.991044879
1761310167476174848.000000 0.075281762 -0.006694625 0.164073437 -0.042448621 0.099071801 -0.078064367 0.991104901
1761310167509509632.000000 0.073209070 -0.007340988 0.165015489 -0.041343704 0.099833079 -0.077836975 0.991093040
1761310167576179200.000000 0.067520432 -0.008908559 0.165270448 -0.041440673 0.099484026 -0.080715574 0.990893900
1761310167609513984.000000 0.064069301 -0.009310599 0.166275740 -0.039487157 0.099074110 -0.081891805 0.990918219
1761310167642848768.000000 0.061932005 -0.008211837 0.166519389 -0.039470423 0.098861314 -0.082676955 0.990874887
1761310167709517568.000000 0.054561082 -0.009469957 0.167463005 -0.039622571 0.098035909 -0.085430324 0.990717292
1761310167742852096.000000 0.051766708 -0.009390043 0.169150472 -0.041067369 0.098082215 -0.087287821 0.990491927
1761310167776186368.000000 0.048565887 -0.009653499 0.170782506 -0.042612780 0.097708136 -0.089641333 0.990253389
1761310167809520896.000000 0.046724927 -0.009545336 0.172230363 -0.042727448 0.098039672 -0.090803005 0.990109801
1761310167842855168.000000 0.044848654 -0.010868223 0.172573254 -0.043279164 0.098779082 -0.090682767 0.990023375
1761310167909523712.000000 0.040399980 -0.015662920 0.170784071 -0.041750185 0.096469864 -0.091516815 0.990239978
1761310167942856960.000000 0.038260393 -0.018287756 0.169133887 -0.039488479 0.096471488 -0.092217401 0.990267634
1761310167976190720.000000 0.036731318 -0.020731099 0.167485520 -0.038160004 0.097212598 -0.092164196 0.990252197
1761310168009524992.000000 0.034511287 -0.023293186 0.165851414 -0.038371816 0.098034136 -0.092208177 0.990158856
1761310168042859008.000000 0.031625006 -0.025451960 0.164611012 -0.038054466 0.096872568 -0.094253972 0.990092814
1761310168076193024.000000 0.028427841 -0.028173033 0.161948070 -0.036012329 0.095141940 -0.096298091 0.990140319
1761310168142862080.000000 0.024222082 -0.030284826 0.160672173 -0.033757284 0.093512967 -0.097724460 0.990235209
1761310168176197632.000000 0.020875454 -0.035294574 0.157356620 -0.032844268 0.092297621 -0.098721847 0.990280986
1761310168209532928.000000 0.017560238 -0.039350521 0.154257178 -0.031617958 0.090939671 -0.099534236 0.990365207
1761310168276203520.000000 0.011058569 -0.049535666 0.147261471 -0.029772915 0.088378549 -0.101937100 0.990409851
1761310168309538816.000000 0.009227354 -0.055599727 0.143870071 -0.026314063 0.088106900 -0.102516927 0.990472198
1761310168342873856.000000 0.007555502 -0.061713211 0.141106799 -0.026491443 0.089511834 -0.102968700 0.990294576
1761310168376208128.000000 0.006337884 -0.068572275 0.136491939 -0.026554957 0.092273504 -0.102691785 0.990068078
1761310168409542912.000000 0.002391353 -0.072478466 0.134522676 -0.026866896 0.095912404 -0.103391759 0.989640951
1761310168476212992.000000 0.001172371 -0.082461372 0.126310796 -0.025015000 0.099763595 -0.103905350 0.989254892
1761310168509548032.000000 0.001071265 -0.085220516 0.123221762 -0.025884176 0.102951638 -0.103117943 0.988988280
1761310168542882560.000000 0.001136529 -0.086914353 0.121581852 -0.026327381 0.106290668 -0.102266222 0.988711715
1761310168576217088.000000 0.001834359 -0.087905757 0.120349839 -0.028549194 0.109034993 -0.102598973 0.988316655
1761310168609551872.000000 0.002899487 -0.087725595 0.120969966 -0.032868139 0.112767532 -0.102806628 0.987741888
1761310168676221440.000000 0.004357224 -0.087796554 0.121399000 -0.043382633 0.124049149 -0.103411399 0.985918820
1761310168709555968.000000 0.006848761 -0.085551180 0.122986302 -0.051380996 0.133567289 -0.103737541 0.984255195
1761310168742890240.000000 0.010100293 -0.082086556 0.127157405 -0.060495287 0.145056322 -0.104375720 0.982041121
1761310168776224768.000000 0.013788491 -0.078035302 0.130877048 -0.069492765 0.155999884 -0.106186740 0.979570925
1761310168809558272.000000 0.017785056 -0.074660562 0.133396968 -0.077142194 0.166605100 -0.107489631 0.977106869
1761310168842892544.000000 0.021992013 -0.071531862 0.134502620 -0.082550019 0.176382393 -0.108566470 0.974827230
1761310168909560832.000000 0.030703783 -0.066623412 0.133884907 -0.089477420 0.190879658 -0.109236613 0.971404254
1761310168942895104.000000 0.032106556 -0.066612609 0.133010581 -0.090931714 0.195090964 -0.109098546 0.970447600
1761310168976229120.000000 0.035128217 -0.065267928 0.131515428 -0.091740727 0.197330281 -0.108877972 0.969943285
1761310169009563392.000000 0.038572423 -0.064034313 0.130096346 -0.093496181 0.200067818 -0.108232439 0.969286919
1761310169042897408.000000 0.042268723 -0.063786075 0.128966972 -0.094241247 0.202933639 -0.106947049 0.968761563
1761310169076231168.000000 0.046104398 -0.063742235 0.126973063 -0.094127171 0.205923393 -0.105909392 0.968255639
1761310169109565184.000000 0.050138719 -0.063884296 0.125468269 -0.093804032 0.208254635 -0.106252275 0.967750609
1761310169176236032.000000 0.059746735 -0.063811213 0.122573413 -0.094671868 0.215852141 -0.104139023 0.966229916
1761310169209572096.000000 0.067229047 -0.058803700 0.121734127 -0.094456956 0.220441416 -0.101655833 0.965479016
1761310169242907648.000000 0.070518285 -0.059907589 0.117779106 -0.096210159 0.222609192 -0.100973524 0.964879870
1761310169276242432.000000 0.075148933 -0.059281051 0.117652833 -0.098119915 0.224321201 -0.100156315 0.964376092
1761310169309578240.000000 0.079390556 -0.058436636 0.116591103 0.098537832 -0.227374181 0.099814676 -0.963653624
1761310169342913792.000000 0.082969241 -0.057631649 0.114542335 0.098005779 -0.229297027 0.100219354 -0.963210225
1761310169409584896.000000 0.089257590 -0.053918619 0.110474885 -0.093814775 0.229529977 -0.100137196 0.963580489
1761310169442920448.000000 0.092080384 -0.051745534 0.109114364 -0.092811823 0.228875905 -0.098326720 0.964019537
1761310169476256000.000000 0.096239105 -0.047641557 0.108485706 -0.091356181 0.225648254 -0.097958647 0.964956522
1761310169542926848.000000 0.095638059 -0.042224318 0.109426960 -0.086535141 0.217399865 -0.102502912 0.966820657
1761310169576261888.000000 0.093844086 -0.039590854 0.109494738 -0.082535475 0.211888120 -0.105134346 0.968110561
1761310169609597440.000000 0.094160669 -0.037165109 0.108291849 -0.079271078 0.205851659 -0.106169023 0.969571710
1761310169642932736.000000 0.093836524 -0.036617965 0.107942708 -0.077947944 0.199097991 -0.105028369 0.971212208
1761310169676267520.000000 0.091505744 -0.035080269 0.109005906 -0.076223969 0.192216396 -0.104181357 0.972825289
1761310169742936832.000000 0.081686683 -0.037766606 0.105398104 -0.074064530 0.179945409 -0.101600476 0.975608230
1761310169776272128.000000 0.074958026 -0.039067086 0.104743540 -0.072240792 0.174154624 -0.100482173 0.976910830
1761310169809606912.000000 0.066239595 -0.041302115 0.103233509 -0.067776173 0.169499025 -0.098051019 0.978295743
1761310169842941952.000000 0.054388151 -0.043896049 0.101265505 -0.063509472 0.163858965 -0.097542770 0.979592919
1761310169909611520.000000 0.022995628 -0.049230382 0.097222142 -0.058218613 0.157300770 -0.095262900 0.981219709
1761310169942946304.000000 0.004784679 -0.053903606 0.093521968 -0.053610370 0.151934162 -0.097869165 0.982071102
1761310169976280832.000000 -0.019203292 -0.057209503 0.089526013 -0.049976967 0.145203993 -0.104991548 0.982545137
1761310170009615616.000000 -0.042173225 -0.060859896 0.086290143 -0.047708079 0.142287374 -0.107295744 0.982835650
1761310170076284928.000000 -0.085564621 -0.070041597 0.079974927 -0.041850410 0.138163298 -0.106665224 0.983759165
1761310170109619712.000000 -0.103973314 -0.076702349 0.076142281 -0.040143751 0.136752188 -0.105062932 0.984199762
1761310170142953728.000000 -0.120267272 -0.083253689 0.074158303 -0.037515052 0.135567009 -0.104497999 0.984527528
1761310170176289024.000000 -0.138151735 -0.091021053 0.073794305 -0.036064420 0.134321660 -0.105974458 0.984594584
1761310170209624832.000000 -0.152638704 -0.099805713 0.072290212 -0.033794831 0.132499039 -0.105406962 0.984982908
1761310170276295424.000000 -0.177029848 -0.121494025 0.067279398 -0.025165696 0.128903121 -0.104493536 0.985815287
1761310170309630976.000000 -0.188087597 -0.135020420 0.063769728 -0.017970571 0.127236575 -0.102210440 0.986428380
1761310170342966016.000000 -0.198837265 -0.150485605 0.058432110 -0.011711599 0.125221670 -0.102194495 0.986781955
1761310170409636608.000000 -0.217015594 -0.182739913 0.054065656 -0.001072443 0.122539796 -0.100521974 0.987359226
1761310170442971648.000000 -0.223547205 -0.198313758 0.053027950 0.001945314 0.122703947 -0.097893640 0.987601578
1761310170509641728.000000 -0.231409639 -0.229645759 0.056352433 0.003777426 0.120218620 -0.093397513 0.988337040
1761310170542976768.000000 -0.231035113 -0.241142899 0.059592165 0.001197233 0.118176773 -0.091657400 0.988752663
1761310170576311808.000000 -0.227463722 -0.251209378 0.063113868 0.000624197 0.116957754 -0.086248726 0.989384532
1761310170642980608.000000 -0.219623476 -0.266543418 0.069107562 0.003588462 0.107335314 -0.081254527 0.990890563
1761310170676315136.000000 -0.215460494 -0.270923972 0.072639763 0.006258938 0.100643389 -0.079557844 0.991716921
1761310170742984448.000000 -0.207901776 -0.279119283 0.080049381 0.010762518 0.087951109 -0.077480927 0.993048668
1761310170776319232.000000 -0.204139441 -0.282963991 0.085986182 0.012824994 0.081671074 -0.077598147 0.993551135
1761310170842988288.000000 -0.198045433 -0.295081258 0.092309609 0.012716264 0.072096862 -0.074595354 0.994522989
1761310170876323072.000000 -0.191829950 -0.295813888 0.101846479 0.013039431 0.067517944 -0.074185342 0.994870782
1761310170909657344.000000 -0.187876225 -0.296570182 0.112513170 0.014459443 0.062114820 -0.075311765 0.995118558
1761310170976326144.000000 -0.177291259 -0.301398128 0.131348267 0.019765818 0.044864334 -0.080159068 0.995575786
1761310171009660416.000000 -0.173443720 -0.306175739 0.141619548 0.022208331 0.032839537 -0.083250456 0.995739877
1761310171076327680.000000 -0.161105186 -0.318775237 0.165146410 0.026609369 0.013143176 -0.083485678 0.996066988
1761310171109661696.000000 -0.157009497 -0.327690542 0.176916659 0.027075473 0.002090497 -0.087808885 0.995767176
1761310171142996992.000000 -0.154945359 -0.346561164 0.174260721 0.027893635 -0.007154074 -0.091549367 0.995384097
1761310171209667840.000000 -0.153798684 -0.366652369 0.204255879 0.021848060 -0.027235780 -0.103669330 0.993998826
1761310171243003392.000000 -0.155867204 -0.378456146 0.217061713 0.020236019 -0.038063850 -0.112762280 0.992686450
1761310171309673984.000000 -0.157445669 -0.407550812 0.241185933 0.014837597 -0.049055457 -0.120874599 0.991343915
1761310171343009280.000000 -0.156431571 -0.424378872 0.254767686 0.011022645 -0.052867662 -0.124338634 0.990769148
1761310171409679616.000000 -0.160434440 -0.462672979 0.275761336 -0.001908903 -0.061045710 -0.131122440 0.989483058
1761310171476348672.000000 -0.170739427 -0.509635806 0.273300081 -0.015100604 -0.071963362 -0.134828180 0.988136947
1761310171509683712.000000 -0.173408091 -0.536975920 0.281460166 -0.022908123 -0.082135059 -0.140418231 0.986413658
1761310171576353536.000000 -0.187638178 -0.588058472 0.290554196 -0.033506408 -0.104234889 -0.149948955 0.982612789
1761310171643023360.000000 -0.197793081 -0.637880802 0.291395366 -0.036529221 -0.125094280 -0.151397705 0.979844809
1761310171676357888.000000 -0.201743662 -0.661279261 0.288290620 -0.036361724 -0.134584755 -0.149410427 0.978897989
1761310171743027200.000000 -0.211293533 -0.701757491 0.273699939 -0.033257086 -0.152309686 -0.147858441 0.976644039
1761310171809696000.000000 -0.226523146 -0.732500076 0.251069129 -0.030176619 -0.170475319 -0.149932712 0.973420680
1761310171843030528.000000 -0.240773037 -0.751986325 0.233628958 -0.029103028 -0.177993387 -0.152080983 0.971773028
1761310171909699328.000000 -0.252932221 -0.771781683 0.202497184 -0.025027314 -0.190981925 -0.151349217 0.969532371
1761310171976367104.000000 -0.261300802 -0.783263803 0.167264000 -0.015035233 -0.209169492 -0.152033925 0.965871513
1761310172009701376.000000 -0.266316354 -0.785916209 0.151777297 -0.011924868 -0.214841157 -0.149934694 0.964997768
1761310172076369408.000000 -0.274008840 -0.790139437 0.118160106 -0.007696164 -0.224981576 -0.147206947 0.963148117
1761310172109703424.000000 -0.279040188 -0.790203929 0.104261532 -0.006881955 -0.227683783 -0.145642623 0.962756991
1761310172176374272.000000 -0.294258356 -0.808828413 0.073626369 -0.011959194 -0.236168340 -0.142470151 0.961136699
1761310172243046144.000000 -0.301699340 -0.809233129 0.057663612 -0.006121338 -0.248170972 -0.133646891 0.959433377
1761310172276381696.000000 -0.303623974 -0.809429884 0.050627187 -0.004786889 -0.253598928 -0.128940299 0.958665311
1761310172343053568.000000 -0.312878370 -0.808404684 0.037173942 -0.001818460 -0.268883765 -0.126377016 0.954843998
1761310172376388096.000000 -0.319018364 -0.806740701 0.029806755 -0.001862437 -0.278159499 -0.128932327 0.951840520
1761310172443059456.000000 -0.331945837 -0.802900791 0.021363057 -0.001837925 -0.294790268 -0.133160859 0.946236491
1761310172509730304.000000 -0.341942877 -0.799972534 0.011581495 0.002046125 -0.308635980 -0.137304887 0.941215754
1761310172543065856.000000 -0.342041552 -0.813954234 -0.008808754 0.003076898 -0.313997179 -0.139485404 0.939116716
1761310172609736704.000000 -0.341967821 -0.813202381 -0.015015684 0.007859120 -0.323343128 -0.140370801 0.935779631
1761310172643072000.000000 -0.341171235 -0.813055813 -0.014623038 0.009965474 -0.327745169 -0.140602723 0.934192002
1761310172709742080.000000 -0.337913603 -0.813679755 -0.013451532 0.010416302 -0.335095614 -0.143530667 0.931129098
1761310172776412160.000000 -0.328599304 -0.815789282 -0.012613818 0.017157771 -0.342945546 -0.142815918 0.928276658
1761310172809746432.000000 -0.346693635 -0.815273762 -0.016156241 0.020913394 -0.345141143 -0.143496722 0.927280426
1761310172876416512.000000 -0.312682658 -0.825184226 -0.009818889 0.026528744 -0.352428317 -0.139650732 0.924980164
1761310172909751296.000000 -0.303944051 -0.828427374 -0.006191604 0.027333522 -0.355228871 -0.139240563 0.923946679
1761310172976421120.000000 -0.295145988 -0.832137823 -0.001660272 0.032381382 -0.360875189 -0.136741713 0.921966553
1761310173043090688.000000 -0.290102661 -0.832765102 0.002421543 0.036135949 -0.367061853 -0.137599185 0.919253170
1761310173076425216.000000 -0.289900720 -0.831392407 0.003899753 0.035767343 -0.370089799 -0.138849363 0.917864442
1761310173143102464.000000 -0.309180677 -0.827011347 0.001075089 0.036475737 -0.375631303 -0.142906412 0.914958179
1761310173209931008.000000 -0.302052200 -0.831222296 -0.000572696 0.038595885 -0.382239223 -0.144994408 0.911800563
1761310173243345920.000000 -0.304305434 -0.830271721 -0.001292422 0.039488256 -0.385078192 -0.146117464 0.910387397
1761310173310176256.000000 -0.311503440 -0.828121364 -0.006832853 0.042684436 -0.389423907 -0.144898534 0.908587635
1761310173343592960.000000 -0.313621759 -0.826446414 -0.011587769 0.045593973 -0.392400652 -0.144459188 0.907234550
1761310173410426880.000000 -0.324828893 -0.821935415 -0.023254991 0.050703220 -0.396438628 -0.144370347 0.905219793
1761310173443844608.000000 -0.331191957 -0.820397794 -0.027302861 0.052462418 -0.397962749 -0.144187823 0.904479563
1761310173510681344.000000 -0.351941586 -0.818347991 -0.049018487 0.054941118 -0.399433732 -0.143676639 0.903765082
1761310173544100352.000000 -0.357948214 -0.818017781 -0.048504174 0.054577652 -0.399038523 -0.141520426 0.904301763
1761310173610939904.000000 -0.378942490 -0.811754823 -0.056895390 0.055409510 -0.397766918 -0.139446467 0.905133188
1761310173677781248.000000 -0.398795158 -0.807085395 -0.062022470 0.053722244 -0.397983283 -0.137668073 0.905411959
1761310173711201536.000000 -0.409106165 -0.807113588 -0.061616644 0.051764410 -0.399272054 -0.138030037 0.904903412
1761310173778045440.000000 -0.441992640 -0.804131985 -0.068772495 0.047225781 -0.399709851 -0.138687983 0.904857755
1761310173811468288.000000 -0.453158617 -0.808282256 -0.063908786 0.046511259 -0.399199933 -0.137383103 0.905318737
1761310173878315008.000000 -0.478071243 -0.812130690 -0.053978950 0.047117192 -0.396936476 -0.132960275 0.906941652
1761310173945163264.000000 -0.503424287 -0.812940598 -0.035615101 0.042627968 -0.397074223 -0.130411834 0.907473266
1761310174012013568.000000 -0.528727710 -0.814555705 -0.012680694 0.040723260 -0.400185734 -0.126257867 0.906781137
1761310174078865920.000000 -0.566684484 -0.806779742 0.003481090 0.040565688 -0.404875189 -0.120859995 0.905440986
1761310174112292864.000000 -0.576280951 -0.811991274 0.019481570 0.040481035 -0.409591466 -0.117824115 0.903722107
1761310174212435968.000000 -0.618053317 -0.823630452 0.070178866 0.048998438 -0.428112179 -0.099694431 0.896872461
1761310174279161088.000000 -0.649693668 -0.838744283 0.107827991 0.050205134 -0.442968786 -0.085511506 0.891036451
1761310174345887488.000000 -0.686333120 -0.858980000 0.144688934 0.047335029 -0.456881583 -0.080299594 0.884630263
1761310174379251200.000000 -0.731937528 -0.946916342 0.124439359 0.038684051 -0.460009575 -0.082750574 0.883202732
1761310174445979904.000000 -0.768518806 -0.962247014 0.154461414 0.034861747 -0.472644001 -0.080696397 0.876858234
1761310174479344384.000000 -0.786591351 -0.966685116 0.165783644 0.033797301 -0.479490668 -0.081522427 0.873098314
1761310174546074624.000000 -0.829710603 -0.971441329 0.185327530 0.031039709 -0.490021169 -0.086913384 0.866811335
1761310174612805376.000000 -0.874105394 -0.977508068 0.198504686 0.032060970 -0.497385353 -0.100976117 0.861036539
1761310174646171904.000000 -0.914374471 -0.973983467 0.189405680 0.037062738 -0.497897655 -0.108385012 0.859637678
1761310174712905472.000000 -0.947876692 -0.899649978 0.225800931 0.050117452 -0.499943525 -0.113809302 0.857083619
1761310174779640320.000000 -0.989375651 -0.898159444 0.237943053 0.053341556 -0.500282109 -0.118571453 0.856045187
1761310174846376704.000000 -1.030753136 -0.893139303 0.249695718 0.057521179 -0.500838101 -0.122010104 0.854965568
1761310174879745280.000000 -1.051378846 -0.889436960 0.256493568 0.059696626 -0.498925239 -0.124219827 0.855616331
1761310174946483712.000000 -1.096335649 -0.881685257 0.267035246 0.067790039 -0.492544293 -0.128218338 0.858116925
1761310174979853056.000000 -1.135885358 -0.879472554 0.253005624 0.074696347 -0.487424552 -0.130085483 0.860183477
1761310175046592512.000000 -1.164041877 -0.868640125 0.271227062 0.088089682 -0.480509430 -0.132427290 0.862446547
1761310175113334272.000000 -1.213222623 -0.870714903 0.283249557 0.092748947 -0.468449473 -0.139428169 0.867474794
1761310175180034560.000000 -1.264723897 -0.878235400 0.296797633 0.092971325 -0.456477493 -0.145674020 0.872790813
1761310175213367552.000000 -1.287431955 -0.883383095 0.304723561 0.094443157 -0.450612932 -0.144896165 0.875804603
1761310175280032512.000000 -1.328085661 -0.892230988 0.325048327 0.093993306 -0.434663385 -0.139124066 0.884803712
1761310175346697216.000000 -1.369969964 -0.902383268 0.349943519 0.086343467 -0.414984703 -0.140536204 0.894752562
1761310175380029440.000000 -1.420038939 -0.906474650 0.349000335 0.082407519 -0.402873635 -0.141343951 0.900513113
1761310175446694144.000000 -1.433321357 -0.910587788 0.386096179 0.080430582 -0.388080299 -0.131225467 0.908682883
1761310175513357056.000000 -1.459560275 -0.917906880 0.417403191 0.077355638 -0.373720437 -0.121843636 0.916244090
1761310175580020736.000000 -1.491265655 -0.921781778 0.449416250 0.070483834 -0.362285376 -0.119367979 0.921701014
1761310175613352448.000000 -1.506975651 -0.920999229 0.466023475 0.067960031 -0.358785123 -0.117967062 0.923438430
1761310175680015872.000000 -1.535326600 -0.923152685 0.500136137 0.068682775 -0.357153982 -0.113651328 0.924557805
1761310175746679040.000000 -1.564725399 -0.928793848 0.533277273 0.072921671 -0.357449442 -0.108318359 0.924759150
1761310175813341696.000000 -1.593006849 -0.931997895 0.567076445 0.081051439 -0.357512444 -0.099343419 0.925065696
1761310175880004096.000000 -1.618896246 -0.944788992 0.606863022 0.084463075 -0.359132826 -0.093931772 0.924698055
1761310175913335296.000000 -1.632117867 -0.956712127 0.626812935 0.085079819 -0.360249758 -0.092528000 0.924348474
1761310175979996160.000000 -1.658395052 -0.973448992 0.666550159 0.087429509 -0.360614091 -0.087541871 0.924472868
1761310176046657792.000000 -1.683862448 -0.984510422 0.703979313 0.093407586 -0.361241490 -0.084230982 0.923950672
1761310176113319168.000000 -1.709826469 -0.991508722 0.738679051 0.089901172 -0.361944467 -0.085368708 0.923918962
1761310176213317120.000000 -1.759576201 -1.000735641 0.778821409 0.081349134 -0.357181370 -0.092299879 0.925896645
1761310176246650624.000000 -1.766536593 -1.004390717 0.792244792 0.084754139 -0.353303522 -0.091298006 0.927177489
1761310176313317120.000000 -1.787915587 -1.012295604 0.821436822 0.091362029 -0.342420995 -0.088621661 0.930885196
1761310176379982592.000000 -1.810420036 -1.016628265 0.849681020 0.094816685 -0.330423772 -0.086804584 0.935037434
1761310176446648576.000000 -1.832871795 -1.016567707 0.879622340 0.095855169 -0.311915010 -0.084199272 0.941504836
1761310176513314816.000000 -1.861566901 -1.015409708 0.913204253 0.096016236 -0.284476101 -0.082365215 0.950300097
1761310176579980032.000000 -1.900327086 -1.016828418 0.945249200 0.102602340 -0.252146035 -0.084029548 0.958558440
1761310176613313024.000000 -1.910750628 -1.018268585 0.957216740 0.109213330 -0.234270692 -0.083982922 0.962359905
1761310176679978496.000000 -1.940805912 -1.027642727 0.986696839 0.119635105 -0.195320860 -0.083747089 0.969806015
1761310176746642944.000000 -1.966115594 -1.041640878 1.018393159 0.123633146 -0.155707449 -0.082629919 0.976546168
1761310176813306880.000000 -1.987169981 -1.054541707 1.052190185 0.128213093 -0.118033007 -0.079916999 0.981449425
1761310176879971328.000000 -2.003929615 -1.067739725 1.085831523 0.134925157 -0.079935737 -0.072643690 0.984950960
1761310176946635264.000000 -2.041081905 -1.079782605 1.128350258 0.136592358 -0.042012706 -0.067539021 0.987428963
1761310176979967232.000000 -2.044776201 -1.084015727 1.145231962 0.136961684 -0.025875868 -0.065031707 0.988100648
1761310177046631168.000000 -2.050722837 -1.094233513 1.179109931 0.141140699 0.001518301 -0.058435440 0.988262296
1761310177113294336.000000 -2.049735785 -1.102503777 1.211902261 0.149195224 0.025705058 -0.049277503 0.987244546
1761310177146626560.000000 -2.047940493 -1.106898308 1.227449059 0.151513949 0.036710571 -0.045518462 0.986723840
1761310177213293312.000000 -2.044807911 -1.112495661 1.262654543 0.155874610 0.056511447 -0.038286202 0.985415578
1761310177246626304.000000 -2.041245937 -1.113174677 1.281899452 0.157511473 0.064962998 -0.034399096 0.984777510
1761310177313292032.000000 -2.051821470 -1.121185422 1.329885006 0.158037499 0.074717283 -0.028160056 0.984199464
1761310177379958016.000000 -2.040713072 -1.129875183 1.371002078 0.158660561 0.076302096 -0.020903364 0.984158516
1761310177413291008.000000 -2.031759977 -1.139190674 1.389092922 0.159093827 0.077478059 -0.016091278 0.984087169
1761310177479956992.000000 -2.016850948 -1.158643126 1.432690740 0.156475157 0.082867868 -0.006646841 0.984176993
1761310177513289472.000000 -2.008528948 -1.173124075 1.455393434 0.153570622 0.086372934 -0.003218083 0.984350324
1761310177579954944.000000 -1.998234391 -1.197144389 1.497168422 0.156558290 0.094052352 0.000860081 0.983180046
1761310177613287680.000000 -1.994677544 -1.208592892 1.513290167 0.160236746 0.096983239 0.001748687 0.982301116
1761310177679952384.000000 -2.007121086 -1.206207871 1.575536966 0.159122512 0.104041159 -0.000029579 0.981761456
1761310177746615808.000000 -1.986583471 -1.231041074 1.616105914 0.144490466 0.104518279 -0.005440091 0.983955741
1761310177779948288.000000 -1.984807134 -1.241564512 1.638789058 0.141642570 0.104201607 -0.007909875 0.984386504
1761310177846612480.000000 -1.983367682 -1.257715344 1.673895717 0.143187195 0.105378501 -0.014610284 0.983961046
1761310177879944448.000000 -1.981901646 -1.265912414 1.692474008 0.143628895 0.107958980 -0.018064834 0.983559489
1761310177946608384.000000 -1.976246476 -1.279126406 1.732890129 0.141738951 0.114759810 -0.024300395 0.982929230
1761310178013272064.000000 -2.019925594 -1.264245391 1.773498654 0.139791653 0.128500357 -0.027415616 0.981424689
1761310178046603520.000000 -1.992835760 -1.267678261 1.807670712 0.139426634 0.133486629 -0.027279206 0.980814695
1761310178113266944.000000 -1.982548118 -1.276903033 1.847491741 0.137487903 0.152440175 -0.026186556 0.978352368
1761310178179931392.000000 -1.979668021 -1.283379078 1.885136247 0.143281385 0.176368609 -0.027762305 0.973444402
1761310178213264896.000000 -1.977831244 -1.291859388 1.903417587 0.145805821 0.188088298 -0.029219689 0.970829427
1761310178279931904.000000 -1.972814441 -1.314522743 1.943542719 0.141939580 0.212478995 -0.024192899 0.966499150
1761310178313265664.000000 -1.968560219 -1.325176835 1.962513924 0.140481874 0.223754689 -0.020281680 0.964254797
1761310178379932416.000000 -1.958420992 -1.343638897 1.998588324 0.143149793 0.246567100 -0.016143654 0.958359182
1761310178413265664.000000 -1.979691744 -1.344045639 2.018837929 0.145271122 0.261472821 -0.014119538 0.954111576
1761310178479932160.000000 -1.950340986 -1.358553290 2.075469255 0.145974770 0.283924401 -0.009627050 0.947621047
1761310178513265152.000000 -1.938802004 -1.366658449 2.091120720 0.145950675 0.296144009 -0.007192815 0.943899095
1761310178546598144.000000 -1.926382780 -1.381180882 2.096458673 0.147306994 0.308180392 -0.004420215 0.939843655
1761310178613262848.000000 -1.907702684 -1.394919872 2.117863894 0.156370655 0.330711633 0.000568250 0.930686772
1761310178646595840.000000 -1.897952795 -1.400137186 2.128430605 0.162360519 0.340132684 0.002409019 0.926252186
1761310178713261056.000000 -1.875845432 -1.409160495 2.149882317 0.174809933 0.357241571 0.006652690 0.917483389
1761310178746594048.000000 -1.864681482 -1.412074327 2.161759615 0.179315582 0.364084125 0.007804132 0.913908005
1761310178779926528.000000 -1.850593567 -1.412845731 2.177258015 0.181251004 0.369685322 0.009211236 0.911260664
1761310178813259008.000000 -1.844476581 -1.399772406 2.212502480 0.182716131 0.375412703 0.011073828 0.908601999
1761310178879923712.000000 -1.811945915 -1.400979877 2.242971897 0.185538068 0.381180048 0.014247120 0.905579627
1761310178913256192.000000 -1.792201042 -1.401656508 2.259794474 0.189145371 0.382908672 0.014944058 0.904091656
1761310178946588160.000000 -1.784941792 -1.417263508 2.273370504 0.192683458 0.384712338 0.015617965 0.902566135
1761310179013252608.000000 -1.747219682 -1.429965973 2.299708366 0.198555455 0.387146741 0.021203328 0.900135279
1761310179046583296.000000 -1.739398599 -1.443059444 2.311954021 0.197420493 0.386528045 0.022533497 0.900618374
1761310179113247488.000000 -1.678608179 -1.441233635 2.346143484 0.199678421 0.385857314 0.026604632 0.900297105
1761310179146579456.000000 -1.660694122 -1.447787642 2.362937212 0.199442491 0.388562053 0.029778091 0.899085939
1761310179179912704.000000 -1.642944813 -1.454894900 2.379064083 0.195957065 0.391869277 0.032138038 0.898335397
1761310179246579200.000000 -1.609561920 -1.466773510 2.411122561 0.185136274 0.400798410 0.033717182 0.896631658
1761310179279911936.000000 -1.594935775 -1.473599792 2.427620888 0.179123700 0.406343967 0.034494538 0.895326495
1761310179313245184.000000 -1.582062364 -1.480202079 2.426902056 0.176019415 0.413203359 0.033194866 0.892848372
1761310179379911168.000000 -1.548809528 -1.498898983 2.471697330 0.172321424 0.431731522 0.027845558 0.884950757
1761310179413243904.000000 -1.536559582 -1.502976418 2.485679626 0.169572681 0.442013085 0.026149461 0.880446374
1761310179446576384.000000 -1.523355722 -1.506310463 2.501081467 0.165776342 0.453189135 0.026004845 0.875477910
1761310179513240832.000000 -1.493850827 -1.510678530 2.530224323 0.157602116 0.474153221 0.025958586 0.865832865
1761310179546573056.000000 -1.479668379 -1.510272264 2.544399023 0.154744476 0.485099018 0.026447343 0.860252082
1761310179613238016.000000 -1.439311147 -1.520434499 2.584206343 0.150169343 0.509871781 0.030371040 0.846497238
1761310179646570240.000000 -1.424486876 -1.521709204 2.598109007 0.149592459 0.522602558 0.031066136 0.838775098
1761310179679902464.000000 -1.410300374 -1.521950245 2.611085653 0.149263993 0.535628974 0.030650461 0.830591619
1761310179746566912.000000 -1.379227519 -1.527409077 2.638165474 0.147523120 0.563761473 0.031222096 0.812056184
1761310179779898624.000000 -1.361588955 -1.531753778 2.651053190 0.145378724 0.579324365 0.033438031 0.801330388
1761310179813230848.000000 -1.334692717 -1.542364359 2.681795359 0.141250074 0.595990717 0.035848547 0.789657235
1761310179879894272.000000 -1.294512510 -1.554403067 2.702202320 0.131036505 0.629740179 0.041196883 0.764564991
1761310179913226240.000000 -1.273690701 -1.560764551 2.711574554 0.126090959 0.647272289 0.045047190 0.750406861
1761310179946556672.000000 -1.252226353 -1.566829562 2.719663858 0.121142581 0.663690090 0.048861403 0.736513853
1761310179979888384.000000 -1.225724220 -1.572683692 2.745945930 0.114383318 0.680140793 0.052317202 0.722210467
1761310180046551296.000000 -1.191951513 -1.585688829 2.753826857 -0.100648127 -0.705750942 -0.063205183 -0.698420167
1761310180079882496.000000 -1.173470020 -1.589489937 2.755229950 -0.097730927 -0.717579365 -0.069047563 -0.686120272
1761310180113213696.000000 -1.155407906 -1.591982245 2.753602743 0.096517123 0.728081822 0.074437022 0.674566865
1761310180179878656.000000 -1.094787836 -1.587569952 2.735714436 0.095690802 0.744631946 0.084980935 0.655091524
1761310180213211904.000000 -1.073331594 -1.586295247 2.731043816 0.094183102 0.750788510 0.089986861 0.647571385
1761310180246544896.000000 -1.051405191 -1.584209442 2.726583719 0.093384087 0.756201208 0.093387209 0.640872836
1761310180279877888.000000 -1.030230045 -1.580510616 2.723685741 0.092473820 0.760006666 0.095479101 0.636177897
1761310180313210880.000000 -1.009881973 -1.577414989 2.719877720 0.091197081 0.762944579 0.098038249 0.632445514
1761310180346543872.000000 -0.988817692 -1.572245598 2.717175961 0.089380115 0.764922619 0.100407936 0.629938841
1761310180413208320.000000 -0.942653418 -1.562386155 2.709025383 0.089241162 0.765984893 0.100706428 0.628618717
1761310180446541056.000000 -0.918627262 -1.559034944 2.703816414 0.092582874 0.766010523 0.101887211 0.627913415
1761310180479873536.000000 -0.896471024 -1.556541443 2.698863268 0.096951663 0.765337288 0.102374747 0.627995849
1761310180513206016.000000 -0.848363876 -1.566614151 2.775211334 -0.099077210 -0.770504177 -0.102432288 -0.621300876
1761310180546538240.000000 -0.847943306 -1.556129694 2.689272881 0.102594584 0.762942195 0.106359117 0.629349947
1761310180613202944.000000 -0.792917967 -1.558937430 2.676743507 0.102755830 0.758993328 0.107557788 0.633878350
1761310180646535424.000000 -0.766706228 -1.561425924 2.671936989 0.103257917 0.757122636 0.107718058 0.636003196
1761310180679867392.000000 -0.742585182 -1.563755512 2.669079304 0.103846304 0.755361259 0.106756374 0.638160229
1761310180746531584.000000 -0.695078135 -1.568369508 2.666475058 0.101159185 0.749684513 0.103272401 0.645813346
1761310180779863552.000000 -0.670894146 -1.571580887 2.666604042 0.096767314 0.746423423 0.103121035 0.650272489
1761310180813194240.000000 -0.649303436 -1.573811531 2.668712616 0.091893055 0.743311107 0.103128873 0.654529393
1761310180846526208.000000 -0.629662037 -1.571547031 2.679493904 0.089320339 0.741991103 0.101229861 0.656676292
1761310180879857920.000000 -0.611815929 -1.572415829 2.680955172 0.088741615 0.741591334 0.099185579 0.657517672
1761310180913189632.000000 -0.582295418 -1.590251923 2.641207457 0.085787058 0.740785420 0.095733121 0.659327567
1761310180946521344.000000 -0.519414425 -1.608116150 2.769162655 -0.082297884 -0.750721753 -0.090846047 -0.649146259
1761310181013184000.000000 -0.477067947 -1.610570788 2.771443367 -0.075725920 -0.754362464 -0.088132456 -0.646092474
1761310181046515456.000000 -0.475638151 -1.601382613 2.717135191 -0.072844252 -0.754818797 -0.088159464 -0.645887256
1761310181079846656.000000 -0.431824207 -1.608487487 2.771645546 -0.071466200 -0.760934949 -0.088169754 -0.638824463
1761310181113178112.000000 -0.409842730 -1.605827928 2.772716045 -0.068720013 -0.764130294 -0.089252539 -0.635150850
1761310181146509312.000000 -0.386612177 -1.603507996 2.772406578 -0.066066094 -0.768197358 -0.092227831 -0.630081058
1761310181213176320.000000 -0.325240135 -1.590923309 2.741082668 0.063230097 0.775966406 0.094200663 0.620487273
1761310181246509568.000000 -0.302384615 -1.590476632 2.740356445 0.063566476 0.781102359 0.092361733 0.614253879
1761310181279841792.000000 -0.281103849 -1.592650175 2.740214348 0.063300811 0.787062109 0.091936491 0.606690943
1761310181313174784.000000 -0.255235672 -1.596612453 2.736678600 0.062953390 0.794192672 0.094253540 0.597001851
1761310181346508032.000000 -0.228863955 -1.601608753 2.733880281 0.061360519 0.801601112 0.097709469 0.586620331
1761310181413174272.000000 -0.176666260 -1.611359358 2.724816322 0.057015963 0.817737699 0.103784092 0.563278794
1761310181446506752.000000 -0.153854370 -1.614600658 2.721749306 0.056931082 0.826461971 0.104577184 0.550257266
1761310181479839488.000000 -0.111780405 -1.612753630 2.763084173 -0.054932076 -0.838331938 -0.105369866 -0.532051861
1761310181513172480.000000 -0.089515448 -1.609259367 2.755582571 -0.052721698 -0.845863819 -0.110487938 -0.519160151
1761310181546505216.000000 -0.066135883 -1.607285380 2.748114347 -0.048583351 -0.851753891 -0.115742765 -0.508683205
1761310181579837440.000000 -0.043183804 -1.608048677 2.740510941 -0.043366764 -0.856275916 -0.121663667 -0.500108957
1761310181613170176.000000 -0.022135496 -1.607229114 2.729732037 -0.040359236 -0.860352695 -0.127464145 -0.491850853
1761310181646502656.000000 0.006901503 -1.609231830 2.714581013 0.040348336 0.865100682 0.131310239 0.482421458
1761310181713166592.000000 0.046977043 -1.608086586 2.693421125 0.041389428 0.873061597 0.132357389 0.467473924
1761310181746498816.000000 0.065969944 -1.606208324 2.683398008 0.042365763 0.876296282 0.134184256 0.460765243
1761310181779830784.000000 0.084226370 -1.602360010 2.673856974 0.042649705 0.878456473 0.136464134 0.455930740
1761310181813163008.000000 0.105131865 -1.597231030 2.664111614 0.042433504 0.879460633 0.138478741 0.453400612
1761310181846495232.000000 0.125662088 -1.591179132 2.655269146 0.042000823 0.879596770 0.139626786 0.452824354
1761310181879827200.000000 0.166619539 -1.585798383 2.656760931 -0.043385297 -0.880348802 -0.140600637 -0.450927019
1761310181913158912.000000 0.189288378 -1.578317881 2.654279709 -0.044903591 -0.879905105 -0.139683753 -0.451928318
1761310181946490880.000000 0.208930492 -1.571638584 2.643996239 -0.047604978 -0.878853440 -0.138312429 -0.454114556
1761310181979822592.000000 0.210401058 -1.564826965 2.621716976 0.052430075 0.877031326 0.134546950 0.458218664
1761310182013154304.000000 0.251112461 -1.559617758 2.619937897 -0.059202787 -0.877217293 -0.131009445 -0.458062708
1761310182046486016.000000 0.272748232 -1.554927826 2.605578899 -0.065175191 -0.875704885 -0.127889365 -0.461017966
1761310182079817472.000000 0.269858360 -1.552716613 2.580204487 0.069898054 0.872189164 0.125834361 0.467510641
1761310182146479872.000000 0.336170197 -1.553584099 2.551080942 0.076279663 0.866883039 0.121935390 0.477312356
1761310182179813376.000000 0.338337660 -1.551439762 2.531280518 0.078613766 0.863609791 0.118036374 0.483803064
1761310182213146880.000000 0.361475468 -1.550622940 2.515863419 0.080305219 0.861479938 0.116505019 0.487678200
1761310182246480128.000000 0.406812668 -1.551561356 2.505273819 0.079396285 0.859700918 0.118483871 0.490481585
1761310182279813888.000000 0.410806656 -1.547940016 2.488484621 0.075981356 0.856132388 0.119302899 0.497022092
1761310182313147136.000000 0.455998182 -1.549484134 2.480340004 0.072586291 0.854457319 0.120263778 0.500170588
1761310182346480128.000000 0.479563475 -1.548329234 2.468983173 0.068822652 0.852589607 0.121076398 0.503681421
1761310182379813120.000000 0.502704382 -1.548057795 2.458770752 0.065739430 0.851087928 0.121729419 0.506467879
1761310182413146368.000000 0.553943157 -1.557510495 2.455891609 -0.062347479 -0.851285398 -0.120496474 -0.506859601
1761310182446479360.000000 0.574794531 -1.557418108 2.447218180 -0.059683464 -0.850308478 -0.117825501 -0.509441555
1761310182479812096.000000 0.595381498 -1.557143211 2.439503431 -0.056395173 -0.849791706 -0.115568712 -0.511192322
1761310182513145088.000000 0.616837263 -1.555226922 2.430200338 -0.053344771 -0.850043774 -0.114463344 -0.511349261
1761310182546477824.000000 0.638513803 -1.554212928 2.420252800 -0.050200332 -0.850552142 -0.114612557 -0.510788739
1761310182579810560.000000 0.659075737 -1.548532844 2.414258957 -0.046850186 -0.851211607 -0.114472620 -0.510039091
1761310182646474752.000000 0.707559109 -1.542435408 2.396904707 0.042481188 0.854541242 0.117502719 0.504130781
1761310182679807232.000000 0.728406906 -1.536809921 2.387664557 0.041814547 0.857229590 0.117580660 0.499583662
1761310182713139456.000000 0.749629974 -1.530297041 2.378726959 0.040910486 0.860746682 0.119181439 0.493191093
1761310182746471936.000000 0.772044659 -1.523973465 2.370278835 0.040045660 0.865086198 0.121523529 0.485030323
1761310182779804160.000000 0.815473795 -1.523176670 2.359198570 -0.039807178 -0.870659709 -0.123132020 -0.474558324
1761310182813136640.000000 0.816231728 -1.513942957 2.353546619 0.041302096 0.875786424 0.121860132 0.465233743
1761310182846468608.000000 0.858640909 -1.516683102 2.342158318 -0.041378960 -0.881655335 -0.121846929 -0.454009950
1761310182879800832.000000 0.880140543 -1.514761567 2.330481052 -0.041668072 -0.887190700 -0.123714224 -0.442550898
1761310182913132800.000000 0.902705193 -1.514980316 2.317528725 -0.042429369 -0.892635763 -0.126770943 -0.430500031
1761310182946464512.000000 0.924016476 -1.516470790 2.302916527 -0.043828066 -0.898077905 -0.129529387 -0.418039829
1761310182979796480.000000 0.945607901 -1.517928004 2.289981127 -0.044471893 -0.902961195 -0.130455658 -0.407019377
1761310183013128192.000000 0.979839802 -1.517250896 2.275401831 -0.045651395 -0.908122361 -0.129716620 -0.395478606
1761310183046458880.000000 0.996057987 -1.517977953 2.262370825 -0.046414372 -0.912944794 -0.130180418 -0.383966863
1761310183079790592.000000 1.013160467 -1.519785643 2.249662399 -0.045914497 -0.917509377 -0.132067814 -0.372325897
1761310183113122304.000000 1.028133631 -1.523752928 2.234177113 -0.043015417 -0.921002746 -0.134795189 -0.362951636
1761310183146454016.000000 1.044708729 -1.524295211 2.220949888 -0.039123293 -0.924135923 -0.139265358 -0.353620410
1761310183179787776.000000 1.060533762 -1.523492575 2.206133127 -0.036408041 -0.927297533 -0.143291354 -0.343891501
1761310183213121792.000000 1.074079514 -1.528804660 2.190626860 -0.034031868 -0.930052161 -0.146680295 -0.335156262
1761310183246455552.000000 1.109996796 -1.512001872 2.174783230 -0.033843189 -0.933668256 -0.146558434 -0.325021416
1761310183279789056.000000 1.121816158 -1.511600733 2.161358356 -0.032445874 -0.935828865 -0.147613645 -0.318405271
1761310183313122816.000000 1.133612871 -1.506722927 2.146110058 -0.031746637 -0.937273026 -0.150341272 -0.312904060
1761310183346456320.000000 1.144296885 -1.501486659 2.131090879 -0.032496892 -0.938594580 -0.152778625 -0.307641059
1761310183379789824.000000 1.155179024 -1.493611813 2.113509655 -0.033433005 -0.939684093 -0.155358255 -0.302885920
1761310183413123328.000000 1.164477825 -1.486021042 2.095756769 -0.034317277 -0.940433323 -0.157222956 -0.299480379
1761310183446456320.000000 1.187776566 -1.477492094 2.069437742 -0.036084749 -0.941257715 -0.158860251 -0.295796037
1761310183479788800.000000 1.191600323 -1.468416929 2.051560402 -0.038958915 -0.942045331 -0.157701135 -0.293535888
1761310183513122048.000000 1.197793007 -1.459911346 2.033473730 -0.042429261 -0.942857206 -0.155929640 -0.291386306
1761310183546455296.000000 1.203787804 -1.451063395 2.013273239 -0.045965996 -0.943374574 -0.152952418 -0.290752828
1761310183579788544.000000 1.209470034 -1.444417715 1.994981289 -0.050725713 -0.944218874 -0.148916394 -0.289312243
1761310183613121280.000000 1.220867395 -1.437235236 1.975995898 0.054987628 0.944832027 0.145191446 0.288423836
1761310183646454272.000000 1.238238573 -1.430537462 1.947900414 -0.058061127 -0.944998324 -0.143937990 -0.287904620
1761310183679787520.000000 1.244701385 -1.424837470 1.925213218 -0.061036687 -0.944389462 -0.144680917 -0.288912684
1761310183713120256.000000 1.253304243 -1.419204235 1.900817037 -0.061924011 -0.943247855 -0.146215275 -0.291667789
1761310183746452736.000000 1.263127804 -1.415731430 1.876511097 -0.061572663 -0.942257404 -0.147012860 -0.294528604
1761310183779785728.000000 1.273088932 -1.414253473 1.853525281 -0.061112847 -0.941764653 -0.147603378 -0.295901626
1761310183846450688.000000 1.292741060 -1.413894892 1.808620214 0.059290491 0.943191767 0.145890951 0.292557359
1761310183879783168.000000 1.312886715 -1.406749487 1.781663418 -0.055636130 -0.944179356 -0.144985616 -0.290532649
1761310183913115648.000000 1.322256565 -1.407052279 1.764141798 -0.051695284 -0.944564641 -0.145736575 -0.289630920
1761310183946447104.000000 1.331119061 -1.404934764 1.744522572 -0.047721438 -0.944641352 -0.149442330 -0.288170844
1761310183979779584.000000 1.340830564 -1.402611732 1.724966168 -0.044565998 -0.944858134 -0.153409243 -0.285871774
1761310184046444032.000000 1.357692957 -1.399749517 1.689977288 -0.040469259 -0.947230577 -0.153385088 -0.278549165
1761310184079775744.000000 1.363542557 -1.397774458 1.673241854 -0.038724024 -0.948872507 -0.153116137 -0.273307264
1761310184113107968.000000 1.383918285 -1.385880232 1.647383928 -0.036034055 -0.951055586 -0.153379843 -0.265837520
1761310184146440192.000000 1.386790514 -1.383731246 1.629659891 -0.033785194 -0.952655852 -0.155267864 -0.259224474
1761310184179774976.000000 1.375387669 -1.381776810 1.622340083 0.033310339 0.954074919 0.158310652 0.252129316
1761310184213109760.000000 1.397123814 -1.370879769 1.594986081 -0.031542730 -0.956405044 -0.161842793 -0.241042584
1761310184246444032.000000 1.403122663 -1.363409042 1.576448798 -0.030419219 -0.958524168 -0.164617151 -0.230667204
1761310184279778560.000000 1.408514500 -1.354802847 1.557997465 -0.029749138 -0.960753202 -0.167850956 -0.218847975
1761310184313113088.000000 1.414466619 -1.346109867 1.540143132 -0.028722141 -0.963005245 -0.171863720 -0.205569670
1761310184346447104.000000 1.442630768 -1.331848741 1.513916850 -0.026468655 -0.966113925 -0.174962595 -0.187913358
1761310184379780608.000000 1.449128628 -1.324672461 1.498325944 -0.024687290 -0.969168007 -0.175082132 -0.171610445
1761310184413114880.000000 1.457166910 -1.320335388 1.483362675 -0.022185408 -0.972598672 -0.172071099 -0.154761881
1761310184446449152.000000 1.465112209 -1.314933181 1.466536641 -0.018634818 -0.975692809 -0.169401571 -0.137765810
1761310184479783424.000000 1.473798037 -1.309794784 1.448997498 -0.016477529 -0.978177130 -0.169113517 -0.119577035
1761310184513117184.000000 1.482863903 -1.305264711 1.430087209 -0.013377103 -0.979949772 -0.170255944 -0.102627806
1761310184546451200.000000 1.496291041 -1.298784614 1.400445342 -0.010931332 -0.981167436 -0.172999471 -0.085218430
1761310184613118976.000000 1.507323742 -1.293758631 1.359034300 -0.009562944 -0.983046651 -0.174900547 -0.054201193
1761310184646452992.000000 1.483317614 -1.297139764 1.349945068 0.011768643 0.983872175 0.173512787 0.041837681
1761310184679786752.000000 1.519882560 -1.286252856 1.314949751 -0.010754205 -0.984570324 -0.173013151 -0.023920050
1761310184713120512.000000 1.522565484 -1.282006621 1.295757055 -0.009567931 -0.984430730 -0.175082624 -0.012278254
1761310184746453760.000000 1.526896477 -1.276462913 1.274259925 0.007580636 0.983880997 0.178654343 0.001883044
1761310184779787264.000000 1.534831524 -1.270368814 1.250298023 -0.005194438 -0.983223796 -0.182065889 0.009797432
1761310184813120000.000000 1.536867142 -1.265542269 1.231073380 -0.003953706 -0.982503593 -0.185091153 0.020308055
1761310184879787008.000000 1.538026929 -1.256521821 1.194660544 -0.003828231 -0.981371403 -0.187793329 0.040365145
1761310184913120000.000000 1.539148927 -1.250777125 1.172469497 -0.004651069 -0.980876863 -0.187892273 0.050552413
1761310184979786752.000000 1.537706494 -1.237993479 1.137556911 -0.005015623 -0.979665875 -0.187853858 0.070289813
1761310185046452992.000000 1.532050967 -1.223930478 1.102632642 -0.004849467 -0.978533387 -0.186612576 0.087319754
1761310185079785728.000000 1.522627354 -1.215707541 1.085123301 -0.004708173 -0.978260398 -0.185321167 0.092954092
1761310185146452480.000000 1.511759758 -1.198976994 1.048795581 -0.006983687 -0.977603197 -0.184051305 0.101825461
1761310185213119232.000000 1.496136904 -1.182988048 1.012708187 -0.013076001 -0.977778614 -0.179743782 0.107099496
1761310185279784960.000000 1.481158257 -1.171747923 0.965773344 -0.019626299 -0.977849126 -0.176613197 0.110605992
1761310185313118208.000000 1.472580433 -1.167297840 0.943106890 -0.022663066 -0.977249146 -0.179128036 0.111281969
1761310185379784704.000000 1.455818176 -1.159025431 0.896281242 -0.024120882 -0.976484001 -0.181949198 0.113100342
1761310185413117696.000000 1.453478456 -1.153082490 0.868100643 -0.023902675 -0.976445436 -0.180464491 0.115825862
1761310185479783424.000000 1.441859126 -1.143841505 0.827543497 -0.023046819 -0.976313651 -0.178068042 0.120716222
1761310185546449152.000000 1.429412842 -1.133346558 0.791545510 -0.022601640 -0.975151956 -0.180258200 0.126786336
1761310185579781888.000000 1.422883034 -1.129374385 0.773314357 -0.023347018 -0.974235833 -0.183050588 0.129661530
1761310185646446848.000000 1.410866976 -1.122710705 0.735977888 -0.023602648 -0.973347962 -0.183979437 0.134864494
1761310185679779584.000000 1.401948690 -1.119148254 0.721053958 -0.023893505 -0.973070204 -0.182437450 0.138852656
1761310185746443520.000000 1.385925531 -1.110664248 0.689032674 -0.025060954 -0.971392512 -0.180767894 0.151959315
1761310185813108224.000000 1.365124583 -1.097851992 0.656938910 -0.026329657 -0.967650533 -0.184521019 0.170032948
1761310185846440192.000000 1.361224890 -1.093414783 0.632423759 -0.025904607 -0.965310454 -0.186707795 0.180679113
1761310185879772416.000000 1.351723909 -1.085057974 0.617087722 -0.026018569 -0.962847471 -0.187430471 0.192659453
1761310185946436096.000000 1.333626509 -1.067272425 0.587317348 -0.024764111 -0.957078636 -0.189873636 0.217566535
1761310186013100032.000000 1.319011688 -1.057498336 0.555382967 -0.021919087 -0.951628625 -0.187556967 0.242373556
1761310186079763712.000000 1.306440592 -1.047169566 0.526806951 -0.016914723 -0.946840703 -0.179931685 0.266141444
1761310186113095168.000000 1.300617218 -1.044695377 0.511466384 -0.015136796 -0.943929255 -0.175959513 0.278938502
1761310186179759360.000000 1.284582376 -1.041887045 0.474700451 -0.010511502 -0.936167657 -0.174448207 0.305036813
1761310186213092608.000000 1.273767710 -1.042092085 0.450271726 -0.006850160 -0.932359874 -0.174567088 0.316519529
1761310186279758848.000000 1.257100463 -1.036139727 0.416666985 -0.002131783 -0.924725473 -0.169607088 0.340751737
1761310186346424832.000000 1.237432241 -1.028014302 0.385145664 -0.001873883 -0.916151762 -0.170509517 0.362751961
1761310186379757824.000000 1.225754380 -1.023782372 0.371227264 -0.001533549 -0.912122130 -0.172141135 0.372019261
1761310186446423296.000000 1.204723477 -1.015803576 0.340296388 -0.001814860 -0.903647423 -0.174997821 0.390888453
1761310186479756032.000000 1.192298651 -1.013275981 0.327507496 -0.003056727 -0.899572253 -0.175324649 0.400027156
1761310186546420992.000000 1.168115735 -1.006744981 0.304202557 -0.004556669 -0.892526925 -0.174260169 0.415942729
1761310186579753728.000000 1.155846357 -1.002987385 0.292609692 -0.005217335 -0.889242768 -0.173743740 0.423123211
1761310186646417408.000000 1.130743027 -0.986913800 0.267660618 -0.004401935 -0.882571101 -0.173226133 0.437083155
1761310186713082112.000000 1.103898525 -0.974339068 0.244405508 -0.003061900 -0.876098812 -0.174228251 0.449539870
1761310186746413824.000000 1.089631796 -0.966878951 0.232597947 -0.002884933 -0.873594463 -0.174741849 0.454191297
1761310186813078272.000000 1.058530807 -0.951852202 0.210243344 -0.004237132 -0.870219946 -0.174681082 0.460636377
1761310186846409728.000000 1.036136031 -0.939439237 0.196830988 -0.004607635 -0.869920969 -0.171977624 0.462212175
1761310186913073664.000000 0.999809861 -0.930072546 0.171814442 -0.009092213 -0.869478762 -0.167545989 0.464599192
1761310186946405120.000000 0.980567217 -0.928857088 0.159618974 -0.012570677 -0.869280577 -0.166915119 0.465115786
1761310187013068800.000000 0.941207409 -0.926473856 0.132718086 -0.016405044 -0.869327724 -0.164909258 0.465623438
1761310187046398976.000000 0.917172909 -0.920300484 0.120071530 -0.016835673 -0.869278908 -0.163039714 0.466357023
1761310187113061632.000000 0.884326458 -0.915635407 0.094522834 -0.014663888 -0.868991077 -0.159400061 0.468221247
1761310187179727616.000000 0.853637815 -0.907453358 0.068746567 -0.011177881 -0.868812680 -0.161565691 0.467906058
1761310187213061888.000000 0.837177515 -0.902289033 0.056365967 -0.012160427 -0.868287444 -0.163719088 0.468108088
1761310187279730176.000000 0.800653160 -0.893077970 0.026900291 -0.016113173 -0.867312491 -0.170634255 0.467325926
1761310187313063936.000000 0.785106301 -0.890224993 0.015213251 -0.016579816 -0.866702497 -0.172915742 0.467602551
1761310187379731712.000000 0.752882004 -0.882418454 -0.007658839 -0.016452953 -0.863389671 -0.175514773 0.472739100
1761310187446399232.000000 0.722118258 -0.869615436 -0.031601787 -0.014812012 -0.858939469 -0.179306835 0.479429692
1761310187479731968.000000 0.703749001 -0.864512742 -0.047546029 -0.014183036 -0.855987966 -0.181646943 0.483826309
1761310187546399232.000000 0.674413204 -0.849406719 -0.071337044 -0.011480208 -0.851095855 -0.183832854 0.491639614
1761310187613066240.000000 0.645124197 -0.832174778 -0.098017037 -0.011762772 -0.843950391 -0.187762469 0.502349198
1761310187646399488.000000 0.631692410 -0.824630022 -0.110343277 -0.011277417 -0.840257823 -0.187880144 0.508469045
1761310187713065984.000000 0.606078506 -0.817674756 -0.133756876 -0.007231939 -0.833272994 -0.183801547 0.521364450
1761310187746399232.000000 0.593740821 -0.812787414 -0.145739138 -0.005922382 -0.829127371 -0.182209432 0.528500319
1761310187813065216.000000 0.564995885 -0.807032466 -0.175138354 -0.004751782 -0.820110857 -0.183900386 0.541826904
1761310187879731200.000000 0.534947932 -0.803729594 -0.203967512 -0.001429190 -0.811294198 -0.183566645 0.555070221
1761310187913063936.000000 0.521956563 -0.802481055 -0.216754973 0.000554256 -0.806507409 -0.179798886 0.563221037
1761310187979728384.000000 0.487749696 -0.795872629 -0.239788890 0.001529442 -0.795922518 -0.179845765 0.578066289
1761310188046393856.000000 0.455522001 -0.786222458 -0.257978916 0.001530716 -0.786354959 -0.188362285 0.588356495
1761310188113058816.000000 0.421601415 -0.780643940 -0.272130728 -0.000173485 -0.777640104 -0.191784099 0.598744392
1761310188146391552.000000 0.405428469 -0.779990375 -0.275814027 0.000425042 -0.774488091 -0.189420417 0.603562593
1761310188213059328.000000 0.369688451 -0.773381591 -0.294809371 0.000134730 0.766372323 0.190097019 -0.613625824
1761310188246393088.000000 0.351109236 -0.770047665 -0.302612215 0.000207306 -0.763060808 -0.190392941 0.617647767
1761310188313060864.000000 0.315140754 -0.762469769 -0.306237698 -0.000750327 -0.758603752 -0.193224832 0.622241080
1761310188379726848.000000 0.278153658 -0.752833843 -0.304646939 0.003986565 0.756718278 0.197064564 -0.623319507
1761310188446393856.000000 0.238352090 -0.742397189 -0.309080034 -0.006084869 -0.756337523 -0.196186975 0.624041140
1761310188479727360.000000 0.215118140 -0.737930417 -0.315460414 0.006181346 0.756220102 0.194530368 -0.624700606
1761310188546393856.000000 0.171419352 -0.737133443 -0.319835722 -0.007522748 -0.756801128 -0.191253707 0.624993980
1761310188579726848.000000 0.149803087 -0.741111279 -0.319845498 -0.007167757 -0.757854939 -0.189001694 0.624406040
1761310188646393088.000000 0.108193822 -0.744781435 -0.319825381 -0.006079732 -0.759772837 -0.185267031 0.623205006
1761310188713059072.000000 0.072783023 -0.749550164 -0.317671537 -0.002179337 -0.762091994 -0.179190353 0.622175157
1761310188746391808.000000 0.058039330 -0.749573886 -0.315159470 0.001738508 -0.763197303 -0.174840808 0.622059107
1761310188813056512.000000 0.016856819 -0.744948506 -0.313392252 0.005141080 -0.762335539 -0.172457784 0.623759925
1761310188879721728.000000 -0.018667340 -0.743720412 -0.309595495 0.003194429 -0.757398009 -0.174665093 0.629150391
1761310188913054208.000000 -0.036268979 -0.742264867 -0.309660673 0.001672406 -0.754209816 -0.177353933 0.632226586
1761310188979719168.000000 -0.069763750 -0.742356658 -0.308780491 0.004448561 -0.750657022 -0.178752393 0.636036158
1761310189046383872.000000 -0.102406077 -0.742603660 -0.308017105 0.005652264 -0.747328520 -0.179278910 0.639786899
1761310189079715840.000000 -0.121063508 -0.739991128 -0.307284534 0.005200617 -0.745070338 -0.179875821 0.642252266
1761310189146380544.000000 -0.158481389 -0.736917317 -0.302919686 0.002616776 -0.741187811 -0.181544691 0.646278083
1761310189213248000.000000 -0.195819184 -0.730513096 -0.298048794 0.000971250 -0.737267792 -0.180589810 0.651016593
1761310189246705152.000000 -0.214818284 -0.726934612 -0.297484934 -0.000443487 -0.734835863 -0.180719689 0.653725147
1761310189313621248.000000 -0.254964739 -0.720826507 -0.297365904 -0.000641394 -0.730151832 -0.180248976 0.659081459
1761310189380542720.000000 -0.289380074 -0.715966284 -0.298165500 0.003758955 -0.725761890 -0.176235646 0.664978743
1761310189447468032.000000 -0.330524892 -0.716438413 -0.300390661 0.007029986 -0.719889760 -0.175637215 0.671461701
1761310189480932352.000000 -0.353771210 -0.718198001 -0.301810235 0.007200146 -0.716250539 -0.177021116 0.674979270
1761310189547863808.000000 -0.398656040 -0.722705424 -0.306154668 0.008932576 -0.708196878 -0.178446665 0.683033109
1761310189614799360.000000 -0.442949653 -0.722406209 -0.302093267 0.013786478 -0.701342404 -0.176680177 0.690443993
1761310189681738752.000000 -0.484198689 -0.723381877 -0.298557341 0.013171852 -0.692662001 -0.178631574 0.698667824
1761310189715208960.000000 -0.503163099 -0.724485695 -0.295588315 0.010545166 -0.688756406 -0.180043265 0.702202201
1761310189782154496.000000 -0.541264713 -0.729482770 -0.289451957 0.009816798 -0.682240963 -0.176388577 0.709463179
1761310189849104128.000000 -0.574362993 -0.735802054 -0.282851815 0.014896128 -0.678338289 -0.170058459 0.714643598
1761310189882580480.000000 -0.591060758 -0.738763511 -0.277499527 0.016012015 -0.675258398 -0.168894261 0.717805326
1761310189949536256.000000 -0.628162682 -0.737133503 -0.258261859 -0.017513366 0.667318225 0.165611506 -0.725915015
1761310189983015424.000000 -0.645525992 -0.736947477 -0.247439861 0.018125055 -0.662031949 -0.164366201 0.731005490
1761310190049977600.000000 -0.679726660 -0.736774564 -0.227186263 0.020284293 -0.649691701 -0.159536570 0.742992222
1761310190083459840.000000 -0.695770502 -0.735674679 -0.214137852 0.021611061 -0.643598676 -0.156896710 0.748797238
1761310190150426880.000000 -0.727239728 -0.735588849 -0.191133261 -0.027000446 0.633730054 0.149417430 -0.758506238
1761310190217145600.000000 -0.758880496 -0.739964843 -0.166483611 -0.035315111 0.627030492 0.139828101 -0.765528381
1761310190250478336.000000 -0.778900981 -0.756749034 -0.144901335 0.036754344 -0.624577045 -0.136114299 0.768131256
1761310190317143040.000000 -0.820493281 -0.768531680 -0.119613409 0.037368640 -0.618423820 -0.131983072 0.773780406
1761310190383808000.000000 -0.857112825 -0.783221483 -0.094296515 0.039178379 -0.607930839 -0.121524595 0.783656180
1761310190417139968.000000 -0.872173071 -0.787548482 -0.082885087 0.043561861 -0.602055192 -0.115778342 0.788813889
1761310190483803904.000000 -0.903191090 -0.792746484 -0.061972201 0.050481420 -0.589832127 -0.108637407 0.798591077
1761310190550467840.000000 -0.928296566 -0.807850599 -0.035145462 0.050554868 -0.578599393 -0.105834611 0.807134449
1761310190583799552.000000 -0.946243644 -0.810396135 -0.029376864 0.052418143 -0.574143767 -0.105955757 0.810175657
1761310190650462208.000000 -0.973424971 -0.817237914 -0.019281507 0.062213436 -0.568810463 -0.106728561 0.813137949
1761310190717125120.000000 -1.003272653 -0.821506083 -0.010630131 0.070487335 -0.561175466 -0.106489234 0.817785919
1761310190750456576.000000 -1.019015312 -0.823329151 -0.005161345 0.072612025 -0.556673050 -0.105440281 0.820807517
1761310190817119232.000000 -1.057749629 -0.826295197 0.017655253 0.078405224 -0.547415197 -0.101868376 0.826929390
1761310190883781376.000000 -1.087275863 -0.822753370 0.023403466 0.080010399 -0.535578847 -0.097259410 0.835041523
1761310190950443520.000000 -1.117731690 -0.821058035 0.028916597 0.082167327 -0.523824036 -0.092884600 0.842751086
1761310191017105664.000000 -1.150138974 -0.819586277 0.027594745 0.090847977 -0.513161361 -0.086390570 0.849087059
1761310191083766016.000000 -1.186877489 -0.823235512 0.026724041 0.095348157 -0.498255640 -0.082545407 0.857809067
1761310191117096448.000000 -1.207154751 -0.826034427 0.025166631 0.095452756 -0.490365088 -0.082625136 0.862324715
1761310191183759616.000000 -1.270740390 -0.844224215 0.077287853 0.096251115 -0.478361756 -0.081305698 0.869077206
1761310191250427136.000000 -1.310168028 -0.844128966 0.079409003 0.100228824 -0.464003235 -0.075885192 0.876867533
1761310191317094656.000000 -1.350351453 -0.839214206 0.085306704 0.101433128 -0.449706882 -0.075597905 0.884171963
1761310191350427904.000000 -1.370763779 -0.835144997 0.089945436 0.099955045 -0.443580061 -0.078788877 0.887151718
1761310191417094656.000000 -1.410659552 -0.835145295 0.102824926 0.096750759 -0.431226939 -0.079477549 0.893513262
1761310191517093120.000000 -1.465177536 -0.837310553 0.123574615 0.101498239 -0.414949298 -0.074845657 0.901062369
1761310191583759360.000000 -1.496089339 -0.865918040 0.179062545 0.103622839 -0.408502311 -0.073872529 0.903842390
1761310191650424832.000000 -1.529843807 -0.863794565 0.202125907 0.103330098 -0.403670877 -0.074549094 0.905988574
1761310191717090560.000000 -1.563636065 -0.859141111 0.230523944 0.102092549 -0.401609570 -0.073739052 0.907110512
1761310191783755776.000000 -1.597718000 -0.859994292 0.262364745 0.104139447 -0.399304301 -0.066266201 0.908471167
1761310191850420992.000000 -1.631780148 -0.865292788 0.295419335 0.101557121 -0.398740143 -0.060991667 0.909380317
1761310191917085440.000000 -1.674987674 -0.884639502 0.317635775 0.100690737 -0.398797423 -0.057199717 0.909697831
1761310191983748864.000000 -1.720400453 -0.906687081 0.348110020 0.099784389 -0.398877710 -0.055621237 0.909860373
1761310192050413056.000000 -1.752531409 -0.906830430 0.380117953 0.106625035 -0.401772261 -0.054404117 0.907882333
1761310192117076992.000000 -1.778252840 -0.911068499 0.415377855 0.108273134 -0.403684348 -0.056014821 0.906740427
1761310192183742208.000000 -1.807626486 -0.913837433 0.447671413 0.103018187 -0.404196292 -0.059933972 0.906874120
1761310192250409984.000000 -1.836601973 -0.913909793 0.474508882 0.101455286 -0.403058827 -0.060651463 0.907508612
1761310192283744000.000000 -1.848578215 -0.911310315 0.486741900 0.102948405 -0.401046962 -0.060945161 0.908211827
1761310192350411776.000000 -1.878079891 -0.912233591 0.511295199 0.104945011 -0.394325852 -0.063943855 0.910716712
1761310192417077760.000000 -1.955374837 -0.925048113 0.484724343 0.103405029 -0.379156590 -0.067298338 0.917070746
1761310192483744768.000000 -1.982581139 -0.921862364 0.508920848 0.103979945 -0.370732188 -0.069314390 0.920294166
1761310192550411776.000000 -2.014262676 -0.919199049 0.530482173 0.104348093 -0.359897405 -0.068508089 0.924603701
1761310192617078016.000000 -2.046497822 -0.917420924 0.547628105 0.111790627 -0.348590165 -0.066209577 0.928226352
1761310192683744512.000000 -2.082423687 -0.916747987 0.567265511 0.116895147 -0.333042949 -0.063283212 0.933495164
1761310192750410240.000000 -2.118906498 -0.919893146 0.589379072 0.120627403 -0.313422471 -0.060839579 0.939954221
1761310192817075200.000000 -2.156177998 -0.928350687 0.613493800 0.119432673 -0.288169980 -0.058013208 0.948329270
1761310192850408192.000000 -2.197045326 -0.933121562 0.614269614 0.119349889 -0.272182673 -0.055492423 0.953201413
1761310192917073152.000000 -2.226791382 -0.932375193 0.636504591 0.119570985 -0.243595898 -0.050869156 0.961132765
1761310192983738112.000000 -2.255005836 -0.932491720 0.670654118 0.111161299 -0.213850513 -0.049079217 0.969279289
1761310193050403072.000000 -2.278513193 -0.937132061 0.704384565 0.103337698 -0.184072584 -0.045555606 0.976403296
1761310193117067520.000000 -2.300373077 -0.942727327 0.733162999 0.101879820 -0.156537399 -0.037517954 0.981686831
1761310193183732736.000000 -2.314307690 -0.944195986 0.766301215 0.101914532 -0.131789014 -0.029761042 0.985575676
1761310193250399232.000000 -2.326117992 -0.945350051 0.801936805 0.100013793 -0.112433255 -0.024888355 0.988299906
1761310193283731456.000000 -2.344331026 -0.959935725 0.813165009 0.097940348 -0.103355743 -0.024146497 0.989516199
1761310193383730432.000000 -2.359039545 -0.966258228 0.876182795 0.100848071 -0.079931818 -0.019608857 0.991491854
1761310193417063168.000000 -2.362068415 -0.968046725 0.895335793 0.102270402 -0.072873257 -0.015983406 0.991955042
1761310193483728640.000000 -2.365878582 -0.974627435 0.936088979 0.102148488 -0.062426943 -0.009261284 0.992765248
1761310193550394112.000000 -2.372566462 -0.987498581 0.980032265 0.095349744 -0.059938125 -0.005408089 0.993623018
1761310193583726592.000000 -2.375277042 -0.996275067 1.000869393 0.093231000 -0.061308417 -0.005597953 0.993739426
1761310193650391296.000000 -2.381863356 -1.011447906 1.039641380 0.092750140 -0.062023800 -0.004316004 0.993746400
1761310193717054720.000000 -2.390255213 -1.021421432 1.075922608 0.097315215 -0.060134348 -0.005199241 0.993421674
1761310193783719168.000000 -2.414563894 -1.030574918 1.116675496 0.097639404 -0.053120088 -0.007918585 0.993771672
1761310193850382848.000000 -2.420659542 -1.042162180 1.151096821 0.091920666 -0.046119049 -0.009561831 0.994651794
1761310193883714816.000000 -2.422531366 -1.047555923 1.166176558 0.092733487 -0.043541182 -0.010957137 0.994678140
1761310193950378496.000000 -2.430007458 -1.060086727 1.196798086 0.098249458 -0.035445638 -0.011928719 0.994458854
1761310194017041408.000000 -2.438063622 -1.068514466 1.229034424 0.099332511 -0.023545461 -0.012315934 0.994699538
1761310194083704576.000000 -2.445952654 -1.076564550 1.265878201 0.099211589 -0.007020988 -0.011237835 0.994978189
1761310194117035776.000000 -2.448435068 -1.079699993 1.285043240 0.099498086 0.002412783 -0.010783114 0.994976461
1761310194183698432.000000 -2.454003811 -1.081376433 1.322782040 0.097949438 0.025584383 -0.006779509 0.994839430
1761310194250363648.000000 -2.477308512 -1.091802597 1.353881001 0.098527119 0.051874354 -0.002465271 0.993778348
1761310194283695872.000000 -2.473154306 -1.094940424 1.368399858 0.103836298 0.064591244 0.000639426 0.992494643
1761310194350360832.000000 -2.471898556 -1.107593179 1.398069620 0.110590406 0.093368858 0.009346320 0.989426434
1761310194383693312.000000 -2.472349644 -1.116037130 1.414032102 0.111676030 0.108897969 0.013178928 0.987672031
1761310194450357504.000000 -2.471059561 -1.131937146 1.444953203 0.114501111 0.140315071 0.018920003 0.983281910
1761310194483689472.000000 -2.472413540 -1.139436960 1.457378626 0.116986401 0.157486975 0.022784373 0.980302513
1761310194550353408.000000 -2.470392704 -1.147764683 1.481349826 0.121376112 0.191621274 0.031435780 0.973427415
1761310194583685120.000000 -2.468318939 -1.151610970 1.492425084 0.120937243 0.208330870 0.034830239 0.969927490
1761310194650347520.000000 -2.488262177 -1.157384634 1.518975616 0.114831842 0.243683606 0.042382862 0.962099612
1761310194717010432.000000 -2.474407673 -1.166377664 1.540712595 0.108763248 0.274109036 0.051298052 0.954150558
1761310194783673344.000000 -2.457633972 -1.180641174 1.555812240 0.108175442 0.299911290 0.060078189 0.945908010
1761310194817004800.000000 -2.449149609 -1.184134364 1.567216277 0.107224144 0.310844660 0.064896695 0.942160845
1761310194850335744.000000 -2.439924955 -1.186303616 1.577712536 0.106489696 0.320020407 0.068817802 0.938888192
1761310194916998144.000000 -2.419844151 -1.190834045 1.602081776 0.105561219 0.334995955 0.072548851 0.933472633
1761310194950329088.000000 -2.410740614 -1.192683816 1.616010189 0.104349516 0.340030402 0.073120221 0.931742489
1761310195016990976.000000 -2.386001348 -1.196844816 1.643509030 0.102453128 0.343451113 0.072754785 0.930726290
1761310195050320896.000000 -2.373359919 -1.200798988 1.657843113 0.105236523 0.345517248 0.072724089 0.929652810
1761310195116982016.000000 -2.343394041 -1.202636957 1.701449752 0.115102865 0.350683421 0.074415594 0.926409602
1761310195183645440.000000 -2.308228016 -1.224382877 1.723402619 0.118221477 0.353242338 0.079367571 0.924632013
1761310195216979712.000000 -2.293069839 -1.236393690 1.732114434 0.119238183 0.353480756 0.079342358 0.924412489
1761310195283647744.000000 -2.263706207 -1.258272409 1.750077724 0.125378922 0.355159581 0.076322243 0.923210025
1761310195316981504.000000 -2.249658108 -1.266858578 1.759407520 0.127695769 0.356321633 0.075366050 0.922523022
1761310195383649024.000000 -2.224456787 -1.276504397 1.777690291 0.127471715 0.360357016 0.078632057 0.920712173
1761310195416982784.000000 -2.211709976 -1.281261683 1.790011287 0.124945201 0.362825602 0.080818884 0.919899225
1761310195450316544.000000 -2.199069977 -1.287482262 1.803499579 0.122369811 0.366430342 0.082952119 0.918625891
1761310195516982272.000000 -2.170403481 -1.276633978 1.809538722 0.121911556 0.372473955 0.084814347 0.916082561
1761310195583649280.000000 -2.145558834 -1.292199612 1.833892107 0.120532997 0.380616307 0.084187038 0.912970781
1761310195616982784.000000 -2.137735367 -1.289377451 1.849451065 0.122441404 0.385490239 0.084734775 0.910618186
1761310195650316032.000000 -2.127604485 -1.294927478 1.862681746 0.123266108 0.390437663 0.086438715 0.908235848
1761310195716982016.000000 -2.104566574 -1.305674314 1.887961149 0.123638511 0.400148660 0.088660479 0.903733313
1761310195750315264.000000 -2.093542099 -1.308311105 1.902518749 0.122462742 0.405737877 0.090332940 0.901232302
1761310195783648256.000000 -2.083451271 -1.310404420 1.919631481 0.119601898 0.411651760 0.092041388 0.898758411
1761310195850313984.000000 -2.065146446 -1.317839622 1.950955033 0.115485385 0.425421298 0.094589256 0.892598927
1761310195916979456.000000 -2.045441151 -1.323920965 1.974880219 0.121917829 0.446195722 0.096340336 0.881342173
1761310195950311168.000000 -2.035966873 -1.328244209 1.985046983 0.127010196 0.458124459 0.097814798 0.874312758
1761310196016976384.000000 -2.004009962 -1.337855935 1.984593868 0.132424533 0.481654733 0.101509079 0.860330462
1761310196050308864.000000 -2.002695560 -1.340640306 1.993698239 0.131945714 0.496997774 0.104431361 0.851280093
1761310196083641088.000000 -1.992108226 -1.347475648 2.003317833 0.131755382 0.512369156 0.107009403 0.841823936
1761310196150306048.000000 -1.969721198 -1.356203556 2.019660234 0.132976308 0.542755604 0.111411795 0.821779251
1761310196183638784.000000 -1.958640099 -1.360220909 2.027585983 0.132474110 0.557382703 0.115528435 0.811435997
1761310196250305536.000000 -1.934085965 -1.366848946 2.041214943 0.125196859 0.583816707 0.125071973 0.792364120
1761310196283639296.000000 -1.922798753 -1.369549513 2.047713041 0.120974645 0.596748829 0.130437061 0.782458961
1761310196350305280.000000 -1.897872686 -1.374943495 2.057986498 0.117199428 0.622275174 0.137600556 0.761645675
1761310196383637504.000000 -1.890298843 -1.378134966 2.062612772 0.116068564 0.635011613 0.139530987 0.750879169
1761310196416970496.000000 -1.882263184 -1.382294536 2.066339731 0.114947751 0.647639871 0.142172113 0.739686966
1761310196450303488.000000 -1.840295315 -1.391794682 2.052095413 0.113824621 0.657219291 0.145075604 0.730794013
1761310196516969216.000000 -1.809939861 -1.374915838 2.064694166 -0.114974879 -0.675975919 -0.150193378 -0.712235451
1761310196550301952.000000 -1.802445889 -1.376810908 2.062512875 -0.115112767 -0.683990479 -0.153724238 -0.703757823
1761310196616967168.000000 -1.770405531 -1.375459075 2.061269045 -0.116018303 -0.696078837 -0.157825246 -0.690728128
1761310196650299904.000000 -1.755070925 -1.373542070 2.061887026 -0.116753042 -0.700158238 -0.159767106 -0.686018705
1761310196716964608.000000 -1.718266726 -1.372311831 2.063162327 -0.119860306 -0.704480052 -0.161008462 -0.680747807
1761310196750296832.000000 -1.698000431 -1.370957613 2.064887047 -0.122858822 -0.704683363 -0.161860183 -0.679800272
1761310196783629056.000000 -1.677579880 -1.371533990 2.066010237 -0.126092181 -0.703652382 -0.162805602 -0.680050433
1761310196850292480.000000 -1.627493382 -1.376063466 2.068526745 -0.127476841 -0.698467612 -0.169762328 -0.683427691
1761310196883624448.000000 -1.601423264 -1.379949212 2.072035789 -0.126428977 -0.696253002 -0.171339244 -0.685485542
1761310196950288640.000000 -1.539152384 -1.383071184 2.055773735 0.127263203 0.693971336 0.167719275 0.688533425
1761310196983620352.000000 -1.502166271 -1.369422555 2.078733921 -0.128859013 -0.695230842 -0.164025322 -0.687855482
1761310197016952064.000000 -1.483396053 -1.377909899 2.086802959 -0.126629770 -0.695499241 -0.162088513 -0.688457012
1761310197083615488.000000 -1.442064285 -1.383497000 2.094871044 -0.118705057 -0.694558442 -0.163279250 -0.690534353
1761310197116946944.000000 -1.421355486 -1.385318518 2.098277092 -0.116070129 -0.693437517 -0.165390536 -0.691605568
1761310197183611136.000000 -1.380254507 -1.391068935 2.104107380 -0.112984292 -0.695712566 -0.163530692 -0.690272629
1761310197216944128.000000 -1.361694574 -1.392297029 2.108862400 -0.110482782 -0.699498475 -0.160476997 -0.687562823
1761310197283609344.000000 -1.319828987 -1.395566463 2.115541458 -0.102634884 -0.709075928 -0.158283547 -0.679429054
1761310197316942336.000000 -1.298801422 -1.393607616 2.119594574 -0.099186271 -0.714333892 -0.158318996 -0.674406648
1761310197383607808.000000 -1.251234055 -1.393870354 2.105817795 0.096718930 0.723324239 0.157872155 0.665224671
1761310197416940800.000000 -1.220947266 -1.385169744 2.123132706 -0.097426586 -0.730320573 -0.155379191 -0.658025265
1761310197450273280.000000 -1.200962067 -1.382206678 2.124881268 -0.098216727 -0.737359464 -0.153975934 -0.650342941
1761310197483605504.000000 -1.178742886 -1.380427957 2.128694057 -0.099164926 -0.744305551 -0.151941702 -0.642720222
1761310197550270720.000000 -1.131628752 -1.377139091 2.133091688 -0.102760315 -0.758446574 -0.147865310 -0.626366496
1761310197583603200.000000 -1.106409788 -1.376713276 2.134612560 -0.102860726 -0.766757071 -0.146378011 -0.616503716
1761310197650267648.000000 -1.052959681 -1.379089713 2.134666681 -0.098169871 -0.785041690 -0.148823634 -0.593231678
1761310197683599616.000000 -1.025407314 -1.381266356 2.134995222 -0.093781255 -0.793222845 -0.151723221 -0.582222283
1761310197716930560.000000 -0.999681950 -1.384062290 2.134643316 -0.091904156 -0.801273763 -0.151790500 -0.571378827
1761310197783594496.000000 -0.958571196 -1.392680168 2.128134489 0.093499869 0.818922341 0.153560907 0.545016706
1761310197816926464.000000 -0.949078560 -1.386105895 2.133983135 -0.091325626 -0.827480614 -0.157891169 -0.531042397
1761310197850258432.000000 -0.928109407 -1.384409428 2.127916574 -0.087488636 -0.834380269 -0.162844434 -0.519265950
1761310197916921600.000000 -0.886901379 -1.381733894 2.115738153 -0.084275022 -0.846011996 -0.169507161 -0.498426348
1761310197950253312.000000 -0.869263649 -1.377163649 2.109064341 -0.085494645 -0.851226389 -0.170783937 -0.488812119
1761310197983584768.000000 -0.850396395 -1.373266816 2.100543976 -0.086894162 -0.855439365 -0.172388405 -0.480578005
1761310198050247424.000000 -0.815525055 -1.368405104 2.083482742 -0.087826118 -0.862257957 -0.179059118 -0.465548784
1761310198083578624.000000 -0.797623396 -1.360630512 2.077146769 -0.087985247 -0.865270853 -0.180182040 -0.459455639
1761310198116910080.000000 -0.778820992 -1.354586005 2.067922354 -0.087292261 -0.867758870 -0.180789828 -0.454631388
1761310198150240000.000000 -0.748992682 -1.366906762 2.062064886 0.085795917 0.870137036 0.182992786 0.449460030
1761310198216908032.000000 -0.713992357 -1.359821439 2.054053783 -0.087771311 -0.873568773 -0.185014129 -0.441524297
1761310198250242304.000000 -0.696161985 -1.352147937 2.043800831 -0.090512998 -0.874861419 -0.184548959 -0.438596159
1761310198283576576.000000 -0.679132223 -1.345886469 2.033703566 -0.095344089 -0.876563072 -0.182802111 -0.434891015
1761310198316910848.000000 -0.662490845 -1.339636445 2.023093462 -0.100868307 -0.878016949 -0.179897726 -0.431912869
1761310198383579136.000000 -0.628759861 -1.325807214 1.995204091 -0.110325590 -0.878820062 -0.177688330 -0.428871155
1761310198416913152.000000 -0.610749245 -1.321721077 1.979753494 -0.114911243 -0.878321588 -0.177998662 -0.428559273
1761310198450247168.000000 -0.591134787 -1.318585873 1.964502335 -0.119847976 -0.877575278 -0.179388851 -0.428156167
1761310198516914944.000000 -0.551656246 -1.314088345 1.931410551 -0.131476030 -0.876579940 -0.182037741 -0.425657094
1761310198550248704.000000 -0.530834198 -1.324552298 1.903831244 0.134123072 0.876184583 0.183528841 0.425004542
1761310198583582208.000000 -0.505396843 -1.327067733 1.896804333 -0.134809017 -0.876518190 -0.183604047 -0.424066097
1761310198650248448.000000 -0.464258909 -1.318413496 1.878466129 -0.130690888 -0.874281466 -0.187624171 -0.428192765
1761310198683581952.000000 -0.441832066 -1.313866615 1.868628502 -0.125963807 -0.872396052 -0.192479759 -0.431288511
1761310198716915712.000000 -0.418306351 -1.311792016 1.858418465 -0.121326886 -0.870429456 -0.196687758 -0.434679657
1761310198750248960.000000 -0.398199797 -1.307814002 1.846447468 -0.118800044 -0.868640304 -0.198645040 -0.438053459
1761310198783582464.000000 -0.378725290 -1.302491903 1.835556507 -0.117863327 -0.868088722 -0.198598713 -0.439418733
1761310198850248960.000000 -0.340698481 -1.294640064 1.814965487 -0.113755323 -0.869036973 -0.199112087 -0.438393533
1761310198883582208.000000 -0.318991423 -1.291927338 1.805220127 -0.110408403 -0.869723976 -0.200570837 -0.437220305
1761310198916915200.000000 -0.298301935 -1.287459016 1.795850158 -0.107888103 -0.870684564 -0.202383339 -0.435097277
1761310198950248192.000000 -0.277160883 -1.301023960 1.777404666 0.103818409 0.871373415 0.205739826 0.433129668
1761310199016914432.000000 -0.229203939 -1.301848054 1.760046482 -0.097385965 -0.874632359 -0.208776608 -0.426551998
1761310199050245888.000000 -0.208762646 -1.294921160 1.753861666 -0.093782090 -0.876801848 -0.208819553 -0.422868639
1761310199083578880.000000 -0.188987255 -1.290639639 1.746839523 -0.090561531 -0.879302144 -0.205921337 -0.419789016
1761310199116911616.000000 -0.168477774 -1.287360668 1.742100716 -0.087528817 -0.882054985 -0.200843856 -0.417108476
1761310199183578112.000000 -0.126410961 -1.279252052 1.731004357 -0.082677610 -0.886641145 -0.195322841 -0.410951227
1761310199216912384.000000 -0.103696585 -1.277245998 1.722222567 -0.081026927 -0.889048219 -0.194548726 -0.406421810
1761310199250246656.000000 -0.082937956 -1.276307821 1.712376356 -0.078979872 -0.891623735 -0.195103601 -0.400878936
1761310199316914944.000000 -0.041769266 -1.280644178 1.691710949 -0.079207726 -0.899431646 -0.187540531 -0.386752486
1761310199350249216.000000 -0.020939112 -1.290832520 1.677300096 0.078270867 0.904483199 0.182867274 0.377284318
1761310199383583232.000000 0.007189512 -1.307968378 1.662955284 -0.076238662 -0.909680009 -0.183220714 -0.364828944
1761310199416917248.000000 0.016138315 -1.300419688 1.651855707 -0.074954256 -0.914052010 -0.185031623 -0.353063971
1761310199483584000.000000 0.045307159 -1.293445349 1.628477573 -0.067857936 -0.920478642 -0.191039160 -0.334093362
1761310199516917760.000000 0.058269978 -1.290697932 1.615716219 -0.066577636 -0.923252523 -0.194090471 -0.324809432
1761310199550251520.000000 0.070551157 -1.287826538 1.601720810 -0.068130121 -0.926434219 -0.195750952 -0.314260513
1761310199583585280.000000 0.080419064 -1.284922838 1.588493228 -0.070243068 -0.929310143 -0.196788773 -0.304504216
1761310199616918784.000000 0.090002537 -1.281516433 1.575979233 -0.071883939 -0.931859314 -0.198310003 -0.295201808
1761310199650252032.000000 0.100518227 -1.277233362 1.562282562 -0.072679751 -0.933665276 -0.200711370 -0.287579358
1761310199716919296.000000 0.124600053 -1.265848279 1.535015225 -0.074610583 -0.936017811 -0.206267685 -0.275240928
1761310199750252544.000000 0.150051594 -1.267069578 1.512904882 0.074040033 0.937286854 0.207611009 0.270016998
1761310199783585792.000000 0.172790647 -1.268474579 1.505260706 -0.075162388 -0.939186752 -0.206651449 -0.263769209
1761310199816918784.000000 0.181527853 -1.261242390 1.491043091 -0.077446528 -0.940874696 -0.203662083 -0.259381175
1761310199883585280.000000 0.205129266 -1.244826317 1.464449644 -0.081165925 -0.944041908 -0.197581887 -0.251313269
1761310199916918272.000000 0.217722893 -1.238716125 1.447235823 -0.084399946 -0.945384204 -0.194217041 -0.247800559
1761310199950250240.000000 0.226445556 -1.230235338 1.430000663 -0.089244284 -0.946476102 -0.190446332 -0.244844317
1761310200016915968.000000 0.251179576 -1.221190214 1.389618039 -0.100577317 -0.946605623 -0.190169722 -0.240119770
1761310200050248960.000000 0.261156082 -1.216780663 1.366402030 -0.105329357 -0.945497096 -0.192304239 -0.240749016
1761310200083581440.000000 0.271085024 -1.213877439 1.343672991 -0.109432459 -0.945001125 -0.190856189 -0.242015257
1761310200116913920.000000 0.257042646 -1.215716720 1.315932274 0.113463663 0.944876015 0.185981289 0.244430631
1761310200183580416.000000 0.294498086 -1.210738540 1.267184734 -0.115815513 -0.947189808 -0.179564029 -0.239113197
1761310200216914176.000000 0.303592086 -1.208086491 1.250128269 -0.113893680 -0.947596192 -0.179410204 -0.238540933
1761310200250247680.000000 0.312676787 -1.204084396 1.234438181 -0.110988617 -0.947735131 -0.181483075 -0.237789020
1761310200283581440.000000 0.323368430 -1.199934602 1.216023803 -0.109055154 -0.947482109 -0.185231343 -0.236799613
1761310200316915200.000000 0.334493518 -1.196375847 1.198372006 -0.107497044 -0.947885036 -0.187036365 -0.234469175
1761310200383581696.000000 0.354055285 -1.190791845 1.167597890 -0.104516715 -0.950904369 -0.185441345 -0.224652320
1761310200416914944.000000 0.365227103 -1.186968088 1.153967738 -0.102469325 -0.953352392 -0.182972595 -0.217118427
1761310200450248192.000000 0.375803351 -1.183160782 1.138831258 -0.099266835 -0.955688298 -0.181036443 -0.209837362
1761310200516915200.000000 0.380270600 -1.179232478 1.116504908 0.093846947 0.959000647 0.183175355 0.194826320
1761310200550248448.000000 0.408290386 -1.171399355 1.093961596 -0.090528391 -0.961379111 -0.185025334 -0.182539061
1761310200583581184.000000 0.420471430 -1.164848566 1.078269958 -0.087904334 -0.963907480 -0.185551360 -0.169487551
1761310200616914432.000000 0.431874633 -1.158664703 1.062606812 -0.085243262 -0.966682136 -0.186065435 -0.153749570
1761310200683580672.000000 0.454581738 -1.144707680 1.029930830 -0.077182308 -0.971540570 -0.188427061 -0.121024936
1761310200716913152.000000 0.468185663 -1.136651754 1.013045788 -0.073694810 -0.973769069 -0.188250706 -0.104424752
1761310200783579136.000000 0.494683683 -1.125590563 0.976562977 -0.070997037 -0.977557659 -0.185758829 -0.069528133
1761310200816911104.000000 0.509976387 -1.123755574 0.957189918 -0.069784753 -0.979273438 -0.183593959 -0.049466390
1761310200883576064.000000 0.536055505 -1.123376131 0.918281555 -0.064002417 -0.981017351 -0.182818651 -0.009274310
1761310200916908800.000000 0.525123060 -1.122027874 0.906589985 -0.062017310 -0.981175423 -0.182661891 0.009130689
1761310200983573504.000000 0.548315287 -1.119337320 0.873232126 -0.058317568 -0.981460810 -0.176009417 0.048523922
1761310201050238208.000000 0.571085215 -1.110463142 0.837163806 -0.051885538 -0.978893161 -0.178503186 0.084928423
1761310201083570176.000000 0.586273074 -1.105087519 0.817145705 -0.046734050 -0.976857781 -0.183131680 0.100138053
1761310201150234624.000000 0.600979686 -1.097494483 0.779623866 -0.039249159 -0.972885489 -0.189201415 0.127106681
1761310201216900864.000000 0.607502997 -1.091420054 0.749145746 -0.037888464 -0.969779015 -0.185127884 0.154340133
1761310201250234112.000000 0.517207503 -1.082480431 0.777497292 0.044699337 0.969238281 0.182032257 -0.159510285
1761310201316899072.000000 0.557927191 -1.069959164 0.722432733 -0.041281328 -0.964477479 -0.184172556 0.184823275
1761310201383565312.000000 0.556736469 -1.055741787 0.688336968 -0.040308200 -0.961195529 -0.184968382 0.200661719
1761310201450231040.000000 0.552237630 -1.038368464 0.655217171 -0.040303316 -0.958322883 -0.186518818 0.212611392
1761310201483563520.000000 0.549387217 -1.028721213 0.636572957 -0.040428780 -0.957172275 -0.186718583 0.217538401
1761310201550228736.000000 0.541993558 -1.014865279 0.600821376 -0.040377405 -0.956298828 -0.181460515 0.225686371
1761310201616893696.000000 0.536613882 -1.004463911 0.561128497 -0.039082393 -0.956367791 -0.178643733 0.227859020
1761310201683558400.000000 0.525035858 -0.997594833 0.515321374 -0.038098432 -0.956510961 -0.178302974 0.227691606
1761310201750222080.000000 0.494458675 -0.986943603 0.489195108 0.038234662 0.957452893 0.172199667 -0.228406355
1761310201816886016.000000 0.481372923 -0.980645657 0.454080343 -0.034903284 -0.957614839 -0.172429368 0.228087470
1761310201850217728.000000 0.477439106 -0.977279782 0.435592234 -0.034164429 -0.957408130 -0.174848452 0.227223635
1761310201950213376.000000 0.462466300 -0.962970734 0.377946496 -0.032467578 -0.955082119 -0.185120776 0.229116544
1761310202016876544.000000 0.451779455 -0.958763957 0.344940424 -0.027946822 -0.953952551 -0.185445338 0.234101564
1761310202083539456.000000 0.440838635 -0.948903620 0.311805844 -0.024863422 -0.951655269 -0.187990695 0.241647512
1761310202116870912.000000 0.433583587 -0.943860352 0.295078099 -0.024335848 -0.949888051 -0.190556452 0.246594355
1761310202183534336.000000 0.414108038 -0.925347030 0.267119646 -0.024407649 -0.945657432 -0.195388705 0.258765519
1761310202250203136.000000 0.398120165 -0.912257910 0.234441876 -0.023336656 -0.940896034 -0.198523045 0.273420632
1761310202316871680.000000 0.385323972 -0.898321509 0.202877462 -0.019713541 -0.935422480 -0.202424005 0.289172679
1761310202383539456.000000 0.373336613 -0.888134360 0.175024569 -0.016251430 -0.929886460 -0.197771713 0.309731215
1761310202450207488.000000 0.362204671 -0.881018043 0.148495853 -0.013720999 -0.923140228 -0.189556509 0.334203839
1761310202516875008.000000 0.350703239 -0.877024829 0.118821144 -0.010338856 -0.914346397 -0.185624063 0.359732628
1761310202583542528.000000 0.341621220 -0.876194417 0.089293599 -0.006509632 -0.903689146 -0.183593273 0.386777759
1761310202650208512.000000 0.330334157 -0.866122842 0.063333571 -0.004177109 -0.891246319 -0.178215817 0.417015195
1761310202683542016.000000 0.323287159 -0.863922894 0.051543891 -0.003629056 -0.884743154 -0.176376417 0.431402087
1761310202750208256.000000 0.306783110 -0.857105255 0.026831925 -0.002171648 -0.871554434 -0.174746603 0.458095759
1761310202816875008.000000 0.276423782 -0.848819077 0.007749379 0.003505324 0.857830048 0.179162785 -0.481680453
1761310202850208256.000000 0.276297510 -0.850483775 -0.003850073 -0.003173430 -0.850732803 -0.181675643 0.493191332
1761310202950207232.000000 0.231568083 -0.845528245 -0.025723010 0.001181342 0.833852172 0.178298786 -0.522397041
1761310203016872960.000000 0.211019784 -0.840151072 -0.037071466 0.001698270 -0.824516833 -0.175539985 0.537917256
1761310203083537408.000000 0.185037196 -0.834266067 -0.051691711 0.005481305 -0.816273272 -0.172430083 0.551303685
1761310203116869888.000000 0.170845285 -0.829766810 -0.058316529 0.007312234 -0.812505484 -0.170440808 0.557432771
1761310203183535872.000000 0.141319036 -0.821613193 -0.064616695 0.010012822 -0.807105422 -0.167567402 0.566040516
1761310203250203392.000000 0.110234730 -0.815391362 -0.067874461 0.012078864 -0.804638624 -0.157382995 0.572399795
1761310203283536896.000000 0.092994526 -0.814487696 -0.067320064 0.012451907 -0.803849101 -0.150391787 0.575372875
1761310203350203648.000000 0.058405571 -0.813296556 -0.066997737 0.013897504 -0.801481605 -0.136549726 0.582055211
1761310203416870656.000000 0.018942669 -0.826905489 -0.046036080 -0.014340620 0.797246933 0.126948461 -0.589979529
1761310203450203904.000000 -0.000672452 -0.822286308 -0.061407600 0.017470729 -0.793718159 -0.124322474 0.595189214
1761310203516869120.000000 -0.035083789 -0.822069824 -0.066224858 -0.025089502 0.786476612 0.113150023 -0.606648266
1761310203583535360.000000 -0.065140039 -0.816789091 -0.069539696 -0.033596832 0.781092763 0.106291205 -0.614383936
1761310203616868352.000000 -0.081710860 -0.814485490 -0.072113559 -0.034754824 0.778604865 0.106232375 -0.617479682
1761310203683533824.000000 -0.116315320 -0.810388803 -0.077708110 -0.032808740 0.772691607 0.109496348 -0.624405265
1761310203750199552.000000 -0.152447462 -0.811120927 -0.081610948 -0.033088982 0.766149879 0.113409303 -0.631710291
1761310203783532032.000000 -0.170535266 -0.816906691 -0.078555614 0.034877263 -0.763491094 -0.114455417 0.634637713
1761310203850196992.000000 -0.204516143 -0.813701808 -0.087392434 0.039539218 -0.759082913 -0.117617138 0.639058769
1761310203916861696.000000 -0.240071803 -0.811077595 -0.093842566 0.040709127 -0.755904436 -0.121670894 0.641987205
1761310203983525376.000000 -0.277618051 -0.803779602 -0.101329476 0.042740993 -0.753410101 -0.124854393 0.644172311
1761310204050189824.000000 -0.317608714 -0.793982625 -0.107449323 0.041768964 -0.748517096 -0.129968062 0.648911297
1761310204116853504.000000 -0.353936672 -0.786667049 -0.115999401 0.043995157 -0.742801487 -0.132208601 0.654852211
1761310204183518720.000000 -0.391202867 -0.783321679 -0.124762952 0.047721766 -0.734069705 -0.128277197 0.665138602
1761310204250185984.000000 -0.430708945 -0.783200502 -0.132171452 0.050656002 -0.720225573 -0.124367841 0.680618763
1761310204316853248.000000 -0.473782003 -0.779087007 -0.156789213 0.054892868 -0.699923038 -0.121487066 0.701666236
1761310204350187008.000000 -0.487345517 -0.787879884 -0.149373800 0.059045553 -0.690698862 -0.116830438 0.711195827
1761310204416852736.000000 -0.519121587 -0.791314125 -0.157468438 0.069658980 -0.669450283 -0.105832495 0.731972337
1761310204483519232.000000 -0.542680323 -0.797440886 -0.147290617 0.075323105 -0.646689475 -0.101363510 0.752226472
1761310204550185472.000000 -0.574489534 -0.800063491 -0.143528908 0.077244714 -0.625073016 -0.102446817 0.769949138
1761310204616851712.000000 -0.602872014 -0.804299831 -0.132858008 0.075585172 -0.604217410 -0.097137608 0.787256300
1761310204683517696.000000 -0.629756331 -0.809069097 -0.122324675 0.076787360 -0.585264862 -0.090011142 0.802163839
1761310204750183168.000000 -0.658328772 -0.812572300 -0.107966065 0.080141850 -0.568946600 -0.082815960 0.814259529
1761310204816847104.000000 -0.686097264 -0.811487854 -0.090359747 0.083202586 -0.556116700 -0.076850414 0.823350251
1761310204850179840.000000 -0.706250489 -0.807943046 -0.087266833 0.085407645 -0.550500214 -0.073264696 0.827216685
1761310204916844800.000000 -0.736629307 -0.802654028 -0.066782683 0.088385165 -0.543436170 -0.068042278 0.832006931
1761310204983509248.000000 -0.766138077 -0.804836750 -0.041769117 0.093897916 -0.540473878 -0.057382863 0.834133327
1761310205050173440.000000 -0.794092536 -0.810420036 -0.010664225 0.098972932 -0.539612591 -0.042445652 0.834997654
1761310205116837632.000000 -0.826059699 -0.819733024 0.014350235 0.100722753 -0.538492203 -0.033006657 0.835937679
1761310205150169600.000000 -0.844292462 -0.826813757 0.024949133 0.103018448 -0.537596285 -0.030624798 0.836325049
1761310205216905984.000000 -0.881332695 -0.839793861 0.042019725 0.109125376 -0.535959899 -0.031048721 0.836585104
1761310205283661824.000000 -0.919033945 -0.845850527 0.057874441 0.114143774 -0.536423683 -0.033536799 0.835521519
1761310205350420992.000000 -0.959557354 -0.850427568 0.073876441 0.111159876 -0.538571417 -0.038582571 0.834323525
1761310205417181952.000000 -0.999878466 -0.856533289 0.091181695 0.104285173 -0.539052427 -0.044880401 0.834585488
1761310205450563072.000000 -1.019485593 -0.860721946 0.100391567 0.104512602 -0.537657201 -0.046770867 0.835352838
1761310205550710016.000000 -1.074110150 -0.865246713 0.118695438 0.106044307 -0.529075146 -0.053488966 0.840222061
1761310205584093440.000000 -1.089024067 -0.871231556 0.126826525 0.105605699 -0.526398718 -0.055562355 0.841822267
1761310205650861312.000000 -1.124773502 -0.872395575 0.141182899 0.104581848 -0.519000292 -0.056058861 0.846497953
1761310205717630720.000000 -1.158523321 -0.870649576 0.154607892 0.105204031 -0.507669806 -0.056142002 0.853259385
1761310205784402688.000000 -1.191495299 -0.869680285 0.166969895 0.107479438 -0.492807806 -0.056608234 0.861617208
1761310205851176960.000000 -1.224353433 -0.867114782 0.177370787 0.119046301 -0.476552069 -0.054688152 0.869330406
1761310205884564736.000000 -1.241653562 -0.868367672 0.179856062 0.123979166 -0.468118817 -0.053417657 0.873292923
1761310205984731392.000000 -1.299790144 -0.862903953 0.181880116 0.136000976 -0.440006733 -0.046063874 0.886440098
1761310206051511808.000000 -1.340120912 -0.874386311 0.192282557 0.141226843 -0.420600623 -0.041749232 0.895213544
1761310206118294016.000000 -1.374866724 -0.881743550 0.200989902 0.147428289 -0.401722819 -0.036215313 0.903090358
1761310206151685120.000000 -1.395645618 -0.883801401 0.202481478 0.150412574 -0.392342359 -0.033311013 0.906826317
1761310206218386176.000000 -1.428163767 -0.886785388 0.215987355 0.152513295 -0.374258935 -0.030673424 0.914182246
1761310206285069312.000000 -1.462932587 -0.889825106 0.234763294 0.147259280 -0.356076330 -0.035674863 0.922090948
1761310206351752448.000000 -1.494689941 -0.894494593 0.258764237 0.139486477 -0.336447150 -0.035759933 0.930627823
1761310206418435328.000000 -1.517446637 -0.898257792 0.282498628 0.139346391 -0.315121531 -0.027235582 0.938370526
1761310206485118464.000000 -1.541502595 -0.900539160 0.308608770 0.139709577 -0.296159774 -0.021307798 0.944625199
1761310206551801088.000000 -1.557982922 -0.886396766 0.345782161 0.140254110 -0.282304108 -0.016281741 0.948877275
1761310206585142784.000000 -1.569832563 -0.883383870 0.362199336 0.140184447 -0.276333183 -0.015105275 0.950662971
1761310206685166336.000000 -1.597469449 -0.884222865 0.413077295 0.143980145 -0.261053205 -0.008311478 0.954490423
1761310206718507520.000000 -1.606855512 -0.887014627 0.428255916 0.147013560 -0.257304698 -0.003344013 0.955076039
1761310206818532096.000000 -1.634028077 -0.903624594 0.482432753 0.150014073 -0.253417671 0.013564524 0.955558121
1761310206851873536.000000 -1.642694116 -0.911193490 0.502321362 0.149535522 -0.252435803 0.017488902 0.955829263
1761310206918556416.000000 -1.662471652 -0.924496889 0.534983099 0.151176974 -0.245062813 0.023218049 0.957366526
1761310206985239296.000000 -1.684123516 -0.930823505 0.566428542 0.159529865 -0.235533297 0.024664832 0.958366275
1761310207051921408.000000 -1.719283342 -0.944154024 0.597742081 0.158480197 -0.228235915 0.020637045 0.960399151
1761310207118604288.000000 -1.745512843 -0.954594970 0.630366921 0.151502877 -0.223512873 0.013417820 0.962761104
1761310207185286656.000000 -1.769306779 -0.961075127 0.659513474 0.152609602 -0.215847135 0.008178755 0.964392841
1761310207251968768.000000 -1.798094749 -0.969299793 0.687786400 0.153173193 -0.206750691 0.003636717 0.966322422
1761310207318650624.000000 -1.829840660 -0.973558605 0.718919992 0.151432738 -0.197896346 -0.000487061 0.968454957
1761310207385332736.000000 -1.862686634 -0.975761473 0.750030041 0.151844129 -0.186620802 -0.002293815 0.970623970
1761310207485354496.000000 -1.909919620 -0.975845039 0.795437574 0.155256614 -0.165771499 -0.003932430 0.973858237
1761310207552036608.000000 -1.926004529 -0.984014452 0.818091810 0.161205947 -0.152048871 -0.002612615 0.975134373
1761310207585377536.000000 -1.951128483 -0.983211875 0.835697711 0.165462434 -0.141498610 0.000024350 0.976012468
1761310207652059392.000000 -1.970770359 -0.996585488 0.863214731 0.172231436 -0.121410094 0.002492247 0.977542758
1761310207718741504.000000 -2.000962973 -1.009838104 0.892311037 0.173646048 -0.096115604 0.003881209 0.980098903
1761310207785423360.000000 -2.024031162 -1.021482587 0.922738135 0.176613510 -0.065058991 0.010335728 0.982073486
1761310207852105216.000000 -2.042011976 -1.029009342 0.953765988 0.177766666 -0.031841498 0.017779913 0.983396709
1761310207918787072.000000 -2.057308435 -1.036048532 0.985008478 0.172092631 -0.000157347 0.019462742 0.984888494
1761310207985467904.000000 -2.066490412 -1.044187784 1.015402436 0.163174376 0.032761976 0.020240255 0.985845447
1761310208052150016.000000 -2.055525780 -1.061061621 1.037194729 0.159198642 0.064527027 0.024372846 0.984834075
1761310208085490688.000000 -2.065277338 -1.053573608 1.057132840 0.159396917 0.078995176 0.027892800 0.983653605
1761310208152172544.000000 -2.050137281 -1.071222186 1.080213547 0.157531768 0.098903082 0.031798612 0.982034028
1761310208218854912.000000 -2.045549393 -1.075619817 1.112984180 0.158034578 0.110964313 0.034830958 0.980560541
1761310208285537536.000000 -2.039397717 -1.080639362 1.149281979 0.156723410 0.118382566 0.035389267 0.979883134
1761310208318878976.000000 -2.035099030 -1.084920764 1.168023586 0.156105295 0.121181466 0.035699509 0.979628325
1761310208385560320.000000 -2.025759459 -1.093844652 1.203845263 0.155956283 0.128601491 0.041208666 0.978489220
1761310208418901760.000000 -2.019409180 -1.099719644 1.222478986 0.154994577 0.131509393 0.044839982 0.978095770
1761310208485584128.000000 -2.006690264 -1.114672422 1.258373857 0.155600891 0.136522934 0.050596938 0.977031171
1761310208518925312.000000 -2.000331640 -1.123091698 1.274446011 0.157142952 0.138951361 0.051700708 0.976384044
1761310208585607680.000000 -2.003526926 -1.141212225 1.308376074 0.163447008 0.143377066 0.050011113 0.974795938
1761310208652290304.000000 -1.995415688 -1.155748248 1.333202124 0.166972175 0.143766299 0.046566170 0.974311709
1761310208718972672.000000 -1.990155101 -1.170420766 1.363403678 0.161816165 0.142316326 0.043258402 0.975546122
1761310208752313856.000000 -1.986712813 -1.178259969 1.378984928 0.159066200 0.142839536 0.042988576 0.975933790
1761310208818995712.000000 -1.983180761 -1.193222404 1.407569170 0.158804551 0.146352962 0.038394798 0.975647390
1761310208885678080.000000 -1.979430914 -1.207077384 1.436064601 0.160590351 0.151839674 0.033499938 0.974696517
1761310208919019264.000000 -1.977323055 -1.212650657 1.452435613 0.160994425 0.153721407 0.031461302 0.974402785
1761310208985701888.000000 -1.971495390 -1.222324610 1.487769604 0.159288839 0.160194159 0.030943053 0.973656774
1761310209052384256.000000 -1.961011767 -1.217139959 1.528625965 0.157990471 0.169650257 0.029785769 0.972301722
1761310209119066880.000000 -1.955363274 -1.214202642 1.564007401 0.156740546 0.184323654 0.031632811 0.969771445
1761310209152408064.000000 -1.951509953 -1.220798016 1.580565453 0.156487659 0.192947686 0.031849802 0.968126237
1761310209219184128.000000 -1.944640517 -1.235574484 1.619869590 0.156859174 0.210897729 0.031162880 0.964337289
1761310209252604416.000000 -1.939877987 -1.246103048 1.637017012 0.158599675 0.220736861 0.032865096 0.961790681
1761310209319445504.000000 -1.932537556 -1.265268087 1.671932459 0.163177356 0.243330866 0.036864702 0.955407917
1761310209386290176.000000 -1.926427364 -1.279923439 1.703855634 0.166851938 0.269368857 0.042343635 0.947527230
1761310209419712768.000000 -1.924051881 -1.283507705 1.717143893 0.171028867 0.283613771 0.045293726 0.942475915
1761310209486560000.000000 -1.915438533 -1.290231228 1.743319869 0.178237021 0.313718528 0.049871281 0.931302965
1761310209553409280.000000 -1.902924895 -1.300941825 1.765388608 0.173870355 0.342960775 0.051416788 0.921685040
1761310209586834944.000000 -1.895517230 -1.304588437 1.778277874 0.170059830 0.356892556 0.053081375 0.917000473
1761310209653687296.000000 -1.876642704 -1.307816982 1.814660549 0.164679959 0.380655617 0.057762820 0.908099890
1761310209720540416.000000 -1.855219603 -1.313894153 1.831160545 0.166117579 0.402085960 0.063737117 0.898147762
1761310209753968384.000000 -1.845091343 -1.315443277 1.840255857 0.167123795 0.411418796 0.065095909 0.893625617
1761310209820825856.000000 -1.820960760 -1.317334175 1.861567974 0.169496804 0.426039249 0.066299036 0.886208773
1761310209854255104.000000 -1.809556961 -1.318415046 1.873668313 0.170551658 0.431229889 0.065731376 0.883534074
1761310209921115648.000000 -1.782690763 -1.317677975 1.896182299 0.171102852 0.437356919 0.063791253 0.880552948
1761310209954546688.000000 -1.767197013 -1.318575263 1.908616066 0.171956137 0.437970757 0.061070610 0.880274475
1761310210021410048.000000 -1.734652400 -1.324012041 1.928250313 0.180160835 0.438281864 0.059178825 0.878606319
1761310210088275456.000000 -1.698532939 -1.339155197 1.946756601 0.188206196 0.437607259 0.061148107 0.877119839
1761310210121708544.000000 -1.679041266 -1.346975565 1.955558181 0.191037029 0.436708301 0.061904319 0.876902819
1761310210155141888.000000 -1.648031592 -1.350519657 1.975053787 0.193453819 0.436521649 0.061765693 0.876475573
1761310210221890560.000000 -1.614425778 -1.364418983 2.000365019 0.197392121 0.437012106 0.060661726 0.875429571
1761310210288557568.000000 -1.578521967 -1.374578476 2.027274370 0.193747818 0.436431825 0.057609800 0.876738369
1761310210321891328.000000 -1.560981154 -1.377398849 2.038665533 0.192381695 0.436573118 0.056938212 0.877012730
1761310210388558080.000000 -1.529165983 -1.390284300 2.062187433 0.186643884 0.437486500 0.053333532 0.878023446
1761310210421891584.000000 -1.514104366 -1.397657514 2.071974754 0.185590878 0.439908415 0.049802806 0.877243578
1761310210488558080.000000 -1.486885428 -1.408810019 2.094271421 0.184410751 0.448972851 0.041018449 0.873346150
1761310210555224320.000000 -1.457430601 -1.414720535 2.117695808 0.177386642 0.458222359 0.035481457 0.870234072
1761310210588557568.000000 -1.440047979 -1.416437626 2.128792286 0.173795745 0.462932259 0.035222597 0.868474662
1761310210655222272.000000 -1.413100481 -1.416692615 2.138587475 0.167639405 0.473502964 0.037748732 0.863867521
1761310210721887488.000000 -1.375523448 -1.421016574 2.164716721 0.165255234 0.490573257 0.042097464 0.854550481
1761310210788552960.000000 -1.341134191 -1.422742963 2.181045532 0.163715288 0.511112869 0.044994827 0.842577338
1761310210821885696.000000 -1.323980093 -1.425204992 2.188639164 0.166399106 0.523240685 0.044225123 0.834610522
1761310210855217664.000000 -1.308575392 -1.427140355 2.195852995 0.169163972 0.536094427 0.044347543 0.825844884
1761310210921882624.000000 -1.272989750 -1.435603142 2.205648661 0.173082873 0.566303909 0.050775833 0.804216504
1761310210955214848.000000 -1.254196644 -1.440218210 2.207454205 0.175817087 0.584257424 0.054943994 0.790387809
1761310211021879296.000000 -1.219219685 -1.446278811 2.213606358 0.177293241 0.624285638 0.060632747 0.758391917
1761310211055210240.000000 -1.202036858 -1.448411703 2.215990067 0.173957899 0.644366145 0.063311271 0.741972148
1761310211088541952.000000 -1.184244633 -1.451408386 2.220176935 0.169619322 0.662564814 0.065781489 0.726574183
1761310211155205632.000000 -1.150469780 -1.457247019 2.225294113 0.163954765 0.693997622 0.071833268 0.697370946
1761310211188538112.000000 -1.140981674 -1.456123948 2.253529549 0.162669107 0.710059345 0.074482813 0.681033671
1761310211288539648.000000 -1.086774111 -1.466715813 2.259545803 -0.154905275 -0.746577203 -0.081713013 -0.641833186
1761310211321873152.000000 -1.068079233 -1.467252016 2.260360718 -0.152069971 -0.756370842 -0.082552582 -0.630843163
1761310211388540416.000000 -1.032356501 -1.466483593 2.259860992 -0.148601636 -0.773235083 -0.084357969 -0.610662639
1761310211421873920.000000 -1.014300585 -1.463740349 2.255702496 -0.147519484 -0.780463576 -0.084533907 -0.601638377
1761310211455207680.000000 -0.996128559 -1.459217787 2.250882864 -0.147467062 -0.786903620 -0.084775195 -0.593168914
1761310211521872896.000000 -0.958676338 -1.449542284 2.240353584 -0.150691807 -0.798531711 -0.087113440 -0.576238096
1761310211555206400.000000 -0.937649727 -1.444570303 2.235424519 -0.151520073 -0.802939236 -0.087689832 -0.569772601
1761310211621872640.000000 -0.896731615 -1.434843540 2.222066402 -0.154492915 -0.809334755 -0.089785427 -0.559506774
1761310211655205632.000000 -0.880353689 -1.443352580 2.222363949 -0.157207727 -0.812173307 -0.090496294 -0.554500461
1761310211721871616.000000 -0.841095448 -1.435106039 2.211436033 0.163277209 0.815650225 0.093607917 0.547076643
1761310211755204608.000000 -0.821002960 -1.449748755 2.204047918 -0.164207548 -0.817383945 -0.095214240 -0.543924391
1761310211821870080.000000 -0.781666994 -1.430947781 2.185350180 0.171648905 0.820460498 0.086203299 0.538470268
1761310211855202560.000000 -0.764794588 -1.430910587 2.177321434 0.175478444 0.822718740 0.083270393 0.534235239
1761310211921867520.000000 -0.724857092 -1.436886668 2.166167498 0.174758494 0.827676177 0.081898302 0.526976645
1761310211955199232.000000 -0.705555916 -1.436787963 2.159791708 0.171297252 0.829608023 0.083095402 0.524883866
1761310212021863936.000000 -0.666977406 -1.436305165 2.145039320 0.164570928 0.834706426 0.087301791 0.518227816
1761310212055196160.000000 -0.648617983 -1.436492443 2.137484312 0.162854075 0.837786317 0.087354489 0.513772130
1761310212121860608.000000 -0.615494013 -1.437412977 2.125545263 0.162879348 0.845669031 0.084852315 0.501113117
1761310212155192576.000000 -0.598087072 -1.434089899 2.119509459 0.162027746 0.849205256 0.082455710 0.495780736
1761310212221858048.000000 -0.561552763 -1.429898143 2.108155012 0.161839798 0.857471645 0.078685053 0.482036263
1761310212255190528.000000 -0.545091391 -1.436728835 2.113876820 0.160359219 0.861959696 0.077434465 0.474672943
1761310212288523776.000000 -0.523858786 -1.428309441 2.100468636 0.159775391 0.865075469 0.076696180 0.469291002
1761310212321856256.000000 -0.508337975 -1.416377306 2.100568056 0.159142539 0.869014263 0.076425709 0.462219685
1761310212388520448.000000 -0.467000723 -1.408720493 2.089598894 0.156306803 0.876567423 0.077068649 0.448618233
1761310212421853184.000000 -0.444958448 -1.405077457 2.084367275 0.153998822 0.880040944 0.077885948 0.442431986
1761310212488517632.000000 -0.402192593 -1.400391340 2.072965384 0.152337223 0.887430608 0.075486116 0.428441554
1761310212521849856.000000 -0.379030466 -1.402606487 2.066150427 0.150768057 0.891289115 0.074571542 0.421084166
1761310212555182336.000000 -0.355194330 -1.408737659 2.058015347 0.148150593 0.895040095 0.075500436 0.413828969
1761310212588514048.000000 -0.331084251 -1.412309408 2.050280571 0.146065488 0.898979187 0.077155314 0.405645728
1761310212655178240.000000 -0.286786318 -1.421783090 2.034181833 0.142444432 0.906765819 0.076340944 0.389432251
1761310212688509952.000000 -0.266857386 -1.424129009 2.027694225 0.142405748 0.911195815 0.076054081 0.379023194
1761310212721842176.000000 -0.242123365 -1.421997786 2.024315834 -0.141420230 -0.915798545 -0.077117264 -0.367921710
1761310212788505344.000000 -0.193070412 -1.424520731 2.008180618 0.132214397 0.923547149 0.082391150 0.350416571
1761310212821836032.000000 -0.172557354 -1.425612688 1.997557878 0.127415672 0.927077770 0.086412609 0.341796875
1761310212855167488.000000 -0.150370836 -1.429865122 1.988558173 0.125146270 0.930353343 0.089404210 0.332848221
1761310212888498944.000000 -0.134509325 -1.431622744 1.975653410 0.124640025 0.933210731 0.091032796 0.324492991
1761310212955161600.000000 -0.102715731 -1.424810052 1.953791857 0.124878347 0.938389897 0.094907418 0.307932675
1761310212988493056.000000 -0.087397337 -1.419755697 1.941956997 0.124518156 0.940943122 0.096715480 0.299612164
1761310213021824000.000000 -0.071801662 -1.415760517 1.930467367 0.122619711 0.943349183 0.098132059 0.292278796
1761310213055154944.000000 -0.056623697 -1.410822868 1.915191412 0.119897701 0.945534229 0.099834517 0.285696924
1761310213121817088.000000 -0.024786234 -1.396410942 1.887939095 0.116992183 0.950313330 0.100033633 0.270574749
1761310213155148032.000000 -0.008856773 -1.388496280 1.875476360 0.116833657 0.952654123 0.099537157 0.262473732
1761310213221812480.000000 0.018029213 -1.370945692 1.843555570 0.119759172 0.957083881 0.098502845 0.244837657
1761310213255145728.000000 0.018844366 -1.362211704 1.818804264 -0.123018116 -0.958772838 -0.095202662 -0.237818733
1761310213288477952.000000 0.033936143 -1.360800266 1.798871636 0.128447190 0.960827947 0.092141375 0.227642104
1761310213355143680.000000 0.056514263 -1.354695916 1.759485841 0.135543123 0.963809788 0.087954886 0.212043941
1761310213388476672.000000 0.069412351 -1.351012468 1.739972472 0.136250615 0.965226710 0.086016707 0.205850229
1761310213455142144.000000 0.096292138 -1.343382835 1.702879190 0.136297330 0.967822492 0.081581995 0.195159242
1761310213488474880.000000 0.110332012 -1.338415861 1.686668754 0.135598108 0.968550146 0.080888219 0.192304492
1761310213555139840.000000 0.139412045 -1.330385804 1.652374387 0.130591989 0.969081104 0.083685510 0.191896871
1761310213588472320.000000 0.152322054 -1.327505112 1.635148883 0.126694247 0.969008982 0.088475302 0.192723542
1761310213621804800.000000 0.165416718 -1.327194214 1.617438316 0.123944804 0.969144464 0.092923082 0.191734165
1761310213688469248.000000 0.190959811 -1.324721694 1.585100412 0.117808908 0.970771313 0.094371118 0.186596826
1761310213721800448.000000 0.198654413 -1.329534292 1.564288497 -0.113440178 -0.971913636 -0.094373181 -0.183327690
1761310213788464384.000000 0.225730419 -1.318908691 1.533422709 -0.106559068 -0.974183261 -0.096263878 -0.174199477
1761310213855128320.000000 0.247549891 -1.304455519 1.502694368 0.100718588 0.976028442 0.102097735 0.163708225
1761310213888460032.000000 0.259696126 -1.297350407 1.487502575 0.097927995 0.977269173 0.104647905 0.156217635
1761310213921791744.000000 0.272756219 -1.288997769 1.473130703 0.095830746 0.978929460 0.104932792 0.146638170
1761310213955123200.000000 0.286005616 -1.280769706 1.458581567 0.093628891 0.980664611 0.104779065 0.136205524
1761310214021786368.000000 0.315083265 -1.261737227 1.427517176 0.087807186 0.983755171 0.108315028 0.113064699
1761310214055117824.000000 0.331764102 -1.253490210 1.412006497 0.084714100 0.985163152 0.108105384 0.102909349
1761310214121780736.000000 0.360022128 -1.240520716 1.382278323 0.082832217 0.988052189 0.101883344 0.080693945
1761310214155110656.000000 0.374654055 -1.237163424 1.365347505 0.083073534 0.989247918 0.099616639 0.067556657
1761310214221776384.000000 0.398978591 -1.234748363 1.330431223 0.083529443 0.991023302 0.097336575 0.037699372
1761310214255110144.000000 0.411124945 -1.233775258 1.311893463 0.082280070 0.991553605 0.097519249 0.023270831
1761310214321777664.000000 0.437202156 -1.230221987 1.276040673 0.076361068 0.992327094 0.096980602 -0.007120738
1761310214355111424.000000 0.450415611 -1.230746508 1.260212898 -0.073632412 -0.992189705 -0.097740464 0.024180859
1761310214421778176.000000 0.455105066 -1.226424217 1.230428934 0.066164762 0.991109252 0.101434693 -0.055097256
1761310214488444928.000000 0.469499260 -1.217015624 1.196969867 0.058687449 0.988778293 0.107467093 -0.085581355
1761310214555111680.000000 0.481961846 -1.205454350 1.165885091 0.053444728 0.985917509 0.111434095 -0.112662300
1761310214588444672.000000 0.487735510 -1.202237606 1.148329496 0.050819252 0.984445155 0.112389743 -0.125115037
1761310214655110144.000000 0.494951308 -1.192922831 1.114461064 0.046752404 0.980961680 0.113717765 -0.150322124
1761310214721775872.000000 0.498989344 -1.181440830 1.077108502 0.041170094 0.977417588 0.115623042 -0.172021046
1761310214788441600.000000 0.500291348 -1.167259455 1.039317012 0.038665909 0.974068642 0.114401989 -0.191330492
1761310214821774592.000000 0.505438805 -1.155192137 1.020017385 -0.039493054 -0.972289324 -0.113051631 0.200781107
1761310214888439296.000000 0.497650951 -1.139484763 0.987800360 -0.042628042 -0.969194770 -0.111867882 0.215243965
1761310214955104512.000000 0.481112003 -1.123202443 0.949934244 0.047746424 0.967004299 0.107821301 -0.225826338
1761310215021769216.000000 0.471068025 -1.111191750 0.905528069 0.053578723 0.964830399 0.111641027 -0.231879175
1761310215088432896.000000 0.464777648 -1.103345037 0.861110687 0.054421060 0.963530481 0.113670155 -0.236064702
1761310215121764864.000000 0.466356516 -1.097709179 0.841191530 0.053284302 0.963386774 0.112013035 -0.237697020
1761310215188429312.000000 0.462166011 -1.088676333 0.802731395 0.049721573 0.963574231 0.113216363 -0.237138450
1761310215255095808.000000 0.459756464 -1.078267455 0.764954686 0.047080386 0.963208139 0.122853875 -0.234351382
1761310215321761536.000000 0.451709598 -1.070888758 0.724740744 0.043329697 0.962660193 0.129635677 -0.233672038
1761310215388427264.000000 0.442658782 -1.064875364 0.688238144 0.038826838 0.961144149 0.131158739 -0.239774480
1761310215421760000.000000 0.450603604 -1.061102390 0.661514521 -0.035675865 -0.959571898 -0.131925642 0.246058390
1761310215488424192.000000 0.429860145 -1.050356507 0.641843200 0.031534612 0.956410944 0.134559065 -0.257250100
1761310215555089408.000000 0.420049697 -1.035631180 0.606895804 -0.028594047 -0.952128291 -0.138435692 0.271053135
1761310215621754112.000000 0.407801926 -1.022068501 0.572162867 -0.026881147 -0.947172642 -0.142381892 0.286127299
1761310215655086592.000000 0.402372003 -1.013082266 0.554541886 -0.025502168 -0.944931746 -0.143569306 0.292987138
1761310215755082752.000000 0.391791999 -0.990542471 0.498896182 -0.021200424 -0.938143969 -0.141598135 0.315256178
1761310215788414720.000000 0.388180166 -0.986214340 0.482143819 -0.019135196 -0.935418606 -0.138257906 0.324824005
1761310215855078656.000000 0.380890191 -0.978636742 0.445070446 0.015189792 0.928455174 0.133628517 -0.346242458
1761310215921742080.000000 0.367455065 -0.976222813 0.404768646 0.011396802 0.919411600 0.133388370 -0.369810760
1761310215988404224.000000 0.360733956 -0.967788339 0.368524313 -0.006483165 -0.909833074 -0.128440380 0.394543886
1761310216055067136.000000 0.346479595 -0.958151460 0.333166540 0.003605180 0.898810506 0.128272414 -0.419133604
1761310216121729792.000000 0.328583956 -0.951333106 0.298703015 -0.001167118 -0.887815654 -0.137055427 0.439315230
1761310216188392960.000000 0.306796670 -0.943348050 0.266661316 0.000160555 -0.876778185 -0.143771797 0.458900511
1761310216255059712.000000 0.284410149 -0.936154246 0.240075409 0.001682988 -0.866115391 -0.146660566 0.477841049
1761310216321726464.000000 0.258872747 -0.928426027 0.217577755 0.002429998 -0.855555177 -0.148401648 0.495980233
1761310216355059968.000000 0.245922059 -0.922669768 0.206535608 0.003443952 -0.850919247 -0.149584919 0.503536463
1761310216421724928.000000 0.216694206 -0.910045803 0.186684072 0.001032568 -0.843193412 -0.150046885 0.516245902
1761310216488391424.000000 0.185615301 -0.898885846 0.172433048 -0.001542269 -0.838353097 -0.147902355 0.524677694
1761310216555057152.000000 0.154291689 -0.885191679 0.159760594 0.001698964 0.835167348 0.143968835 -0.530816078
1761310216588389888.000000 0.134475559 -0.879247963 0.150847882 -0.002994511 -0.833787441 -0.142644435 0.533331275
1761310216655055360.000000 0.096229225 -0.872612357 0.131409228 -0.007821270 -0.831209958 -0.142569736 0.537310779
1761310216721720320.000000 0.055805385 -0.868366182 0.112108707 -0.010844094 -0.829290867 -0.145933330 0.539316833
1761310216788385280.000000 0.022282273 -0.865456820 0.092229083 -0.007991526 -0.828415453 -0.143844008 0.541269779
1761310216855048704.000000 -0.009399801 -0.858285427 0.072694480 -0.003806811 -0.828303337 -0.148010567 0.540362954
1761310216888380672.000000 -0.025956571 -0.853453755 0.063230000 -0.003933349 -0.828688443 -0.153414696 0.538260162
1761310216955044864.000000 -0.060050607 -0.848136187 0.044772878 -0.007506210 -0.828567684 -0.162256658 0.535809755
1761310217021708800.000000 -0.090370744 -0.844682634 0.029629242 -0.007036677 -0.827949643 -0.164761201 0.536007226
1761310217088372224.000000 -0.119504750 -0.842951715 0.022421263 0.005358649 0.826922238 0.166998923 -0.536919177
1761310217155035648.000000 -0.148055434 -0.834901512 0.010580890 -0.006435933 -0.824620187 -0.170139119 0.539456010
1761310217221701120.000000 -0.178164050 -0.827666521 -0.006802335 -0.008565073 -0.822219014 -0.176481023 0.541051805
1761310217288366848.000000 -0.210331038 -0.813391268 -0.024535403 -0.011898239 -0.819829226 -0.183750927 0.542193711
1761310217355033088.000000 -0.244619891 -0.794801176 -0.047522187 -0.014738542 -0.816470981 -0.192425713 0.544178665
1761310217421699328.000000 -0.277328640 -0.776854873 -0.072003305 -0.014445496 -0.812612474 -0.198606133 0.547729731
1761310217488365056.000000 -0.312888086 -0.763606131 -0.096898764 -0.017866090 -0.806256533 -0.207048729 0.553861201
1761310217555030528.000000 -0.347332686 -0.756390631 -0.121537447 -0.016338095 -0.800941408 -0.208850592 0.560898721
1761310217588363264.000000 -0.362364084 -0.752633631 -0.130127072 -0.013998837 -0.798835814 -0.206086099 0.564972520
1761310217655028224.000000 -0.393692434 -0.744657636 -0.152548671 0.013796678 0.792562842 0.206177086 -0.573711514
1761310217721692160.000000 -0.420358300 -0.740807831 -0.158825994 -0.015462150 -0.787420094 -0.208815411 0.579764366
1761310217788356864.000000 -0.449819922 -0.734406948 -0.163289189 -0.018459583 -0.780982912 -0.212349758 0.587054193
1761310217855021056.000000 -0.476336360 -0.732376575 -0.165053725 -0.020993272 -0.773684978 -0.211932361 0.596703827
1761310217921684992.000000 -0.502366066 -0.732695222 -0.160328805 -0.026589813 -0.766219497 -0.210706472 0.606468081
1761310217988348672.000000 -0.529428065 -0.733354449 -0.151942939 -0.034451839 -0.759602726 -0.210621804 0.614373803
1761310218021680384.000000 -0.542711318 -0.732301772 -0.146293461 -0.036421083 -0.757142723 -0.208704993 0.617940664
1761310218088343808.000000 -0.568848073 -0.733672142 -0.135663509 -0.039259143 -0.753883004 -0.205223799 0.622898340
1761310218155005696.000000 -0.594109535 -0.736320436 -0.124883980 -0.041611765 -0.752635241 -0.201130360 0.625583947
1761310218188337664.000000 -0.612670779 -0.737028599 -0.114262998 0.043562908 0.753295124 0.198026359 -0.625647068
1761310218255005440.000000 -0.635201156 -0.735614479 -0.100817561 -0.046594597 -0.755573213 -0.189883143 0.625205994
1761310218321672960.000000 -0.659928083 -0.739387095 -0.080393732 -0.047109570 -0.761762857 -0.179297492 0.620766163
1761310218388339968.000000 -0.684626698 -0.744251728 -0.057782710 -0.046095744 -0.770378470 -0.168168634 0.613279343
1761310218455006976.000000 -0.711342931 -0.752373874 -0.036926210 -0.045047224 -0.776410520 -0.156330317 0.608866453
1761310218488340736.000000 -0.726658762 -0.757042646 -0.025471747 -0.046020877 -0.777631462 -0.152230009 0.608274221
1761310218555006976.000000 -0.756879449 -0.765644670 -0.006935298 -0.046829231 -0.778476715 -0.147349611 0.608333111
1761310218621672448.000000 -0.782712758 -0.776256442 0.010818660 -0.040051498 -0.777782559 -0.139783323 0.611482441
1761310218655005440.000000 -0.795693278 -0.780486822 0.019735098 -0.036376070 -0.775756121 -0.136567667 0.615002751
1761310218721671424.000000 -0.822602212 -0.791973174 0.043988824 0.032292452 0.769231558 0.132886916 -0.624164402
1761310218788336896.000000 -0.844708741 -0.806424379 0.064620078 -0.032185581 -0.757842481 -0.129254013 0.638695896
1761310218855002368.000000 -0.868003190 -0.815183043 0.080168486 -0.025042705 -0.743532360 -0.121596709 0.657074451
1761310218921667584.000000 -0.891262054 -0.822403073 0.099295080 -0.020088065 -0.725210547 -0.116685659 0.678270340
1761310218988332544.000000 -0.914314270 -0.827222228 0.117511392 -0.015441939 -0.705117583 -0.111131355 0.700157642
1761310219054995968.000000 -0.942043424 -0.829955637 0.136197746 -0.008891915 -0.682128549 -0.104672201 0.723647296
1761310219088328448.000000 -0.953970730 -0.826104760 0.137070239 0.004631775 0.668886960 0.101395048 -0.736402035
1761310219154992640.000000 -0.980771780 -0.825977385 0.156486809 -0.002587409 0.642457426 0.097714320 -0.760061681
1761310219221658368.000000 -1.007815599 -0.829871655 0.177445531 0.008749750 -0.615754247 -0.092918865 0.782391429
1761310219288325632.000000 -1.034648299 -0.828275740 0.201419592 0.018182412 -0.592163563 -0.087697960 0.800825000
1761310219354991872.000000 -1.070392013 -0.851632178 0.216026545 0.021489497 -0.572291255 -0.087118559 0.815126657
1761310219421658624.000000 -1.107602000 -0.863328218 0.228717327 0.021971641 -0.550780475 -0.084884584 0.830031812
1761310219488323328.000000 -1.136777639 -0.875131547 0.244865060 0.028879179 -0.525959194 -0.074904270 0.846712708
1761310219554989312.000000 -1.162519693 -0.883626521 0.257586956 0.036713507 -0.499620646 -0.068700060 0.862735033
1761310219621654784.000000 -1.189897299 -0.881011903 0.272994578 0.040293366 -0.472018629 -0.066514999 0.878151834
1761310219688320256.000000 -1.215861559 -0.890880466 0.289687574 0.037892185 -0.448276132 -0.067710415 0.890521169
1761310219754984960.000000 -1.238534927 -0.901200533 0.307098329 0.039569009 -0.426472008 -0.064960524 0.901296973
1761310219821649664.000000 -1.259789824 -0.905860245 0.327708155 0.043888010 -0.407444000 -0.062384229 0.910039246
1761310219888314112.000000 -1.285768509 -0.907963872 0.348782927 0.044016987 -0.393010408 -0.061863307 0.916394174
1761310219954977024.000000 -1.309209108 -0.910740793 0.374117881 0.044434059 -0.383088201 -0.060183201 0.920677543
1761310220021640960.000000 -1.329117894 -0.913287938 0.404367715 0.046381041 -0.376893312 -0.058703255 0.923230290
1761310220088304640.000000 -1.349507928 -0.918146789 0.438086808 0.046777338 -0.372979492 -0.055166002 0.925016224
1761310220154967808.000000 -1.370357990 -0.926600456 0.473679066 0.048274733 -0.371773571 -0.047589678 0.925845146
1761310220221632768.000000 -1.392932653 -0.936663091 0.509854913 0.046480078 -0.372786015 -0.041327048 0.925830603
1761310220288298496.000000 -1.419096231 -0.951979578 0.545310736 0.041502122 -0.371171802 -0.038293399 0.926845610
1761310220388295424.000000 -1.458024263 -0.967740774 0.589012861 0.047221772 -0.371810794 -0.041130707 0.926193893
1761310220454960384.000000 -1.485139847 -0.965242982 0.616701305 0.049344540 -0.375596017 -0.043884847 0.924427927
1761310220521625088.000000 -1.514686465 -0.976432502 0.642435730 0.039623693 -0.384507835 -0.051612519 0.920825720
1761310220588289536.000000 -1.547381878 -0.981815517 0.666872203 0.031587970 -0.391686976 -0.058085773 0.917719781
1761310220654953728.000000 -1.581114054 -0.980697870 0.689444184 0.031383652 -0.396125257 -0.064355083 0.915400684
1761310220721617408.000000 -1.612164617 -0.984866798 0.712745547 0.029965991 -0.399199903 -0.069834344 0.913709283
1761310220788281088.000000 -1.642463207 -0.986207783 0.736975312 0.026689596 -0.401270896 -0.074074470 0.912569106
1761310220854942976.000000 -1.672303200 -0.985034645 0.761422455 0.024781704 -0.400564671 -0.075648151 0.912804008
1761310220921606400.000000 -1.702396393 -0.983402431 0.783313870 0.025185112 -0.395609945 -0.075912289 0.914929450
1761310220988268800.000000 -1.736199856 -0.980366230 0.798623860 0.032489844 -0.387264967 -0.075176157 0.918323994
1761310221054931200.000000 -1.764900446 -0.988888264 0.816913366 0.042934537 -0.373047858 -0.071339853 0.924068511
1761310221121593344.000000 -1.791493177 -1.001146317 0.841496706 0.053560089 -0.347835332 -0.063037626 0.933899522
1761310221188255488.000000 -1.823431373 -1.006021857 0.856408894 0.061764456 -0.315578520 -0.057833169 0.945119381
1761310221254923264.000000 -1.846836567 -1.012536645 0.874128878 0.071923420 -0.280420542 -0.049804524 0.955882311
1761310221321589760.000000 -1.869127393 -1.013098478 0.897218823 0.074177645 -0.247629449 -0.045729984 0.964928091
1761310221354923264.000000 -1.876521945 -1.020855904 0.911685705 0.072983891 -0.233871520 -0.044577207 0.968499064
1761310221421590272.000000 -1.893386841 -1.026020288 0.940092564 0.068768889 -0.206986487 -0.039969798 0.975105107
1761310221521590272.000000 -1.913776040 -1.023565769 0.984907150 0.078288369 -0.169527262 -0.020667294 0.982193708
1761310221554923264.000000 -1.914931536 -1.035271525 0.999299943 0.080822468 -0.158655539 -0.015405471 0.983899832
1761310221654922752.000000 -1.928195477 -1.036982417 1.045983315 0.092963286 -0.132201552 -0.003568865 0.986847460
1761310221688255488.000000 -1.932844400 -1.039378643 1.061165690 0.096837342 -0.125506818 -0.001275596 0.987354517
1761310221788253184.000000 -1.946951985 -1.034893394 1.119204164 0.112157986 -0.109185360 0.006929905 0.987649322
1761310221821585664.000000 -1.949589729 -1.040465355 1.139719009 0.116015136 -0.102776937 0.012097388 0.987841666
1761310221888251136.000000 -1.954503775 -1.054084182 1.179554224 0.122250490 -0.091221765 0.020809488 0.988079131
1761310221954915840.000000 -1.960632920 -1.071257114 1.217683434 0.126134530 -0.080405138 0.026013266 0.988407016
1761310222021580544.000000 -1.971197844 -1.084755778 1.246300340 0.139763236 -0.071657375 0.026197392 0.987241268
1761310222088244992.000000 -1.981650710 -1.104655504 1.274932027 0.147684142 -0.068130188 0.020920705 0.986463428
1761310222154908160.000000 -2.000063419 -1.104538202 1.304204345 0.149551407 -0.066448241 0.014533338 0.986411631
1761310222221575168.000000 -2.011278629 -1.113574862 1.329567790 0.156119764 -0.062601008 0.009729601 0.985704422
1761310222288243968.000000 -2.030033588 -1.130074978 1.350089312 0.163817629 -0.055059023 0.003867820 0.984945357
1761310222354912256.000000 -2.046250582 -1.140116930 1.378307343 0.170120418 -0.047369942 -0.001282358 0.984283268
1761310222421580544.000000 -2.061253071 -1.149504066 1.414815664 0.172122270 -0.039316718 -0.003913871 0.984282911
1761310222454914816.000000 -2.069678307 -1.154707789 1.432544589 0.174237162 -0.033270322 -0.003565054 0.984135032
1761310222521582592.000000 -2.087677002 -1.164418578 1.466435909 0.176575035 -0.015431022 -0.002251624 0.984163642
1761310222588250112.000000 -2.104442358 -1.170917034 1.497699976 0.180606261 0.005431441 -0.000655037 0.983540356
1761310222654916608.000000 -2.119213343 -1.179727793 1.533110142 0.189880893 0.030511318 0.001774885 0.981331348
1761310222688250368.000000 -2.127561569 -1.185354590 1.546727300 0.193543866 0.044748038 0.002669421 0.980067015
1761310222754917120.000000 -2.143795013 -1.200740337 1.578269124 0.193837196 0.071804851 0.000676816 0.978402197
1761310222821583872.000000 -2.156194448 -1.214701056 1.605987906 0.198159337 0.101590320 0.006927433 0.974866331
1761310222854917376.000000 -2.161942005 -1.221226931 1.618586302 0.199935809 0.118056186 0.011437939 0.972603559
1761310222921583616.000000 -2.172744751 -1.232671380 1.651220322 0.198386163 0.153804436 0.017060034 0.967830658
1761310222954916864.000000 -2.177420139 -1.236109257 1.659738302 0.195255488 0.171334729 0.018291658 0.965497434
1761310223021583104.000000 -2.177898407 -1.245761037 1.681133032 0.192226544 0.207341015 0.024492512 0.958884180
1761310223088247808.000000 -2.172017097 -1.254212379 1.700093031 0.195621416 0.240943804 0.032801848 0.950053930
1761310223121580544.000000 -2.173774481 -1.258433104 1.718105197 0.197783411 0.256570399 0.036824599 0.945355713
1761310223188246272.000000 -2.162030935 -1.263107300 1.732778788 0.201861247 0.281599045 0.043334432 0.937057197
1761310223221580032.000000 -2.156212091 -1.264225721 1.745836139 0.204619318 0.291765392 0.045967959 0.933215380
1761310223288247552.000000 -2.144980907 -1.263730645 1.775450826 0.210054100 0.304063529 0.047817316 0.927974284
1761310223354914560.000000 -2.127572060 -1.266406298 1.803271294 0.212377444 0.309552431 0.052182160 0.925391912
1761310223388248064.000000 -2.117131710 -1.270514846 1.820496917 0.216805235 0.310699493 0.055448703 0.923789382
1761310223454914560.000000 -2.094030857 -1.280179143 1.856139302 0.223219529 0.308247328 0.061310012 0.922712147
1761310223521580032.000000 -2.062802553 -1.298634052 1.881894469 0.221995726 0.303277433 0.065402023 0.924371898
1761310223554913024.000000 -2.051935196 -1.308124542 1.905873299 0.222988561 0.302514106 0.064868413 0.924420595
1761310223621579264.000000 -2.037688732 -1.321365476 1.947573066 0.228075013 0.303119004 0.060800027 0.923257291
1761310223654912000.000000 -2.025439978 -1.326360703 1.963942409 0.229164109 0.303309172 0.058428340 0.923078358
1761310223721577728.000000 -2.011075258 -1.338155627 1.995114565 0.226847142 0.303640902 0.055597357 0.923716187
1761310223754910464.000000 -2.003589392 -1.344415784 2.012100458 0.224106312 0.305150241 0.056170892 0.923853159
1761310223821575424.000000 -1.987574458 -1.357448101 2.037889242 0.224651933 0.312378317 0.054703340 0.921389639
1761310223888240640.000000 -1.972875357 -1.368369579 2.062303066 0.228382841 0.326488167 0.052020550 0.915718675
1761310223921572608.000000 -1.964544535 -1.373902678 2.074985027 0.229894713 0.334779561 0.050164860 0.912444353
1761310223988236544.000000 -1.945564032 -1.381207585 2.102891445 0.228727549 0.353569269 0.050507829 0.905605614
1761310224021568256.000000 -1.934220433 -1.384560466 2.117310047 0.226544887 0.363777071 0.053027540 0.901960015
1761310224054900736.000000 -1.916034818 -1.383028150 2.118067980 0.225026876 0.373506695 0.055834651 0.898186028
1761310224121564416.000000 -1.894373655 -1.383113623 2.152325869 0.219295666 0.395706296 0.061785437 0.889667690
1761310224188228608.000000 -1.875802398 -1.389136076 2.180676937 0.212742150 0.417216837 0.062561318 0.881338179
1761310224254896384.000000 -1.854866982 -1.394239426 2.224526405 0.215574428 0.441590041 0.053895772 0.869264781
1761310224288230144.000000 -1.848983526 -1.403327227 2.225264072 0.215311944 0.454719335 0.049576681 0.862793863
1761310224354897664.000000 -1.827226877 -1.421169281 2.258269072 0.212328345 0.485964447 0.045869492 0.846552610
1761310224388230400.000000 -1.814704180 -1.428162098 2.273054123 0.208701119 0.501491070 0.044358175 0.838440776
1761310224454897152.000000 -1.790399432 -1.440287352 2.301225424 0.204735518 0.531119347 0.041668434 0.821132958
1761310224521563904.000000 -1.762979388 -1.442324519 2.322259665 0.201500684 0.561635375 0.043940574 0.801269293
1761310224554897408.000000 -1.750768423 -1.445566416 2.330630302 0.196654692 0.576717794 0.044776026 0.791655540
1761310224621563648.000000 -1.724979877 -1.451132536 2.347515106 0.185814932 0.606452525 0.048546433 0.771577179
1761310224654896640.000000 -1.710804224 -1.453515053 2.353740931 0.182657942 0.620084345 0.052367713 0.761176169
1761310224721562880.000000 -1.684614897 -1.458018541 2.365934372 0.182786256 0.646022141 0.059734751 0.738699079
1761310224754895360.000000 -1.669928551 -1.456277847 2.370884180 0.183835775 0.658088863 0.061855238 0.727528334
1761310224821560064.000000 -1.643847227 -1.455900669 2.375810623 0.187775776 0.679091990 0.062941559 0.706832886
1761310224854892800.000000 -1.631343126 -1.456983089 2.375932693 0.190432161 0.688891470 0.063352667 0.696527600
1761310224921558016.000000 -1.598728418 -1.452820063 2.377890825 0.195664972 0.707709789 0.064963259 0.675752819
1761310224954890496.000000 -1.578328371 -1.450937748 2.378044844 0.197450966 0.715359747 0.064660214 0.667152643
1761310225021555200.000000 -1.534210205 -1.445212960 2.378298283 0.206212997 0.727867842 0.066322722 0.650604308
1761310225054887424.000000 -1.510522842 -1.444948673 2.376373768 0.209832579 0.731738508 0.069090456 0.644791126
1761310225088219392.000000 -1.486423492 -1.447717905 2.374723911 0.211681560 0.734429359 0.071881659 0.640810072
1761310225154883840.000000 -1.438626051 -1.456149817 2.370473385 0.215234309 0.738841474 0.076508164 0.633982658
1761310225188222208.000000 -1.416603327 -1.459984541 2.369105816 0.219317898 0.741894782 0.074675575 0.629218042
1761310225254978048.000000 -1.372898102 -1.468404770 2.379852057 0.221761167 0.747408569 0.072322376 0.622070789
1761310225321735168.000000 -1.330802917 -1.471125245 2.373645306 0.214816332 0.748216867 0.073419958 0.623406053
1761310225355114752.000000 -1.313473225 -1.475406408 2.377180099 0.211818546 0.749090493 0.073262282 0.623401284
1761310225421875712.000000 -1.277270555 -1.483183265 2.380941868 0.210485801 0.753587663 0.068445899 0.618964195
1761310225455256832.000000 -1.256735563 -1.489446402 2.390891790 0.209763393 0.756809175 0.065930016 0.615542352
1761310225522021120.000000 -1.219782591 -1.493680239 2.395152569 -0.206361160 -0.761918783 -0.062122416 -0.610766470
1761310225555403776.000000 -1.199505806 -1.493509889 2.397062778 -0.204748601 -0.765199423 -0.061400980 -0.607270777
1761310225622170880.000000 -1.159317255 -1.493467450 2.399974585 -0.201469064 -0.773787141 -0.062567264 -0.597284794
1761310225655555328.000000 -1.138894558 -1.492667437 2.402425289 -0.199890360 -0.779039443 -0.062771209 -0.590932548
1761310225688940032.000000 -1.119804144 -1.490707397 2.404761553 -0.197886631 -0.784552693 -0.063406296 -0.584206879
1761310225755710208.000000 -1.080099583 -1.486289024 2.420491695 0.195980236 0.795991361 0.062054567 0.569331944
1761310225822483200.000000 -1.045289516 -1.485841036 2.414875507 -0.198258027 -0.807877898 -0.057971720 -0.551965952
1761310225855870720.000000 -1.027903080 -1.487754822 2.415834904 -0.201069966 -0.814592838 -0.056531779 -0.541122556
1761310225889258496.000000 -1.010735273 -1.492305398 2.415134430 -0.203167304 -0.821695030 -0.053603813 -0.529780149
1761310225956035840.000000 -0.974987030 -1.496397734 2.410541296 -0.203235924 -0.836135626 -0.050662983 -0.506957293
1761310225989425152.000000 -0.956309557 -1.500423193 2.413021326 -0.200495049 -0.843630135 -0.049742687 -0.495596260
1761310226056205568.000000 -0.915760756 -1.504922390 2.433625221 0.197618276 0.858078957 0.046540175 0.471679568
1761310226089596416.000000 -0.898456335 -1.506359935 2.435155153 0.196511239 0.864825308 0.045924153 0.459729731
1761310226156378880.000000 -0.862262011 -1.509989262 2.434535265 0.187388048 0.876683414 0.048062462 0.440456569
1761310226189764096.000000 -0.844115496 -1.510350227 2.431475163 0.182483062 0.882347107 0.050276935 0.430854797
1761310226256447744.000000 -0.804207087 -1.502768278 2.423336506 0.178172365 0.893949807 0.050850455 0.408071965
1761310226289789696.000000 -0.792698383 -1.509435177 2.419982910 0.176265240 0.899222493 0.052337699 0.396976471
1761310226323131904.000000 -0.777146578 -1.507748604 2.412585258 0.175789982 0.903513253 0.054629374 0.387010843
1761310226389815808.000000 -0.744552851 -1.498347282 2.394995689 0.174082190 0.910140276 0.057903551 0.371466428
1761310226423157760.000000 -0.729414701 -1.492125392 2.370713949 -0.171918258 -0.911750734 -0.059016079 -0.368336678
1761310226489841664.000000 -0.692438841 -1.478492498 2.353411198 -0.167108640 -0.915089071 -0.059950013 -0.362067491
1761310226523183872.000000 -0.674001217 -1.471278429 2.341913939 -0.163617000 -0.915497780 -0.060318194 -0.362567306
1761310226556525824.000000 -0.653944492 -1.471662164 2.334552526 -0.162446097 -0.915822268 -0.060355231 -0.362268001
1761310226589868032.000000 -0.636136532 -1.464693546 2.320499897 -0.164625376 -0.915935338 -0.058484334 -0.361303985
1761310226656551424.000000 -0.590413332 -1.445445061 2.305167675 0.172434643 0.916589379 0.057860933 0.356065124
1761310226723235328.000000 -0.555528402 -1.442513704 2.268207550 0.176324263 0.914976835 0.060970925 0.357784510
1761310226756577536.000000 -0.542445183 -1.446509361 2.244847298 0.175944567 0.913781703 0.060445752 0.361099571
1761310226789919488.000000 -0.517876148 -1.444638848 2.234747171 0.176266164 0.913419425 0.058008928 0.362257153
1761310226856603904.000000 -0.477881193 -1.438183188 2.210599422 0.173993543 0.912205696 0.053951554 0.367009848
1761310226889945856.000000 -0.457582235 -1.437607288 2.197365522 0.171501637 0.910932779 0.054357793 0.371259868
1761310226923288064.000000 -0.436905861 -1.436379194 2.184868813 0.168806717 0.909424901 0.055731423 0.375958323
1761310226989972480.000000 -0.395389795 -1.436748981 2.161186934 0.162899166 0.907019734 0.061268356 0.383438677
1761310227023314432.000000 -0.376848459 -1.437150955 2.149401665 0.160336167 0.906154156 0.061936554 0.386446416
1761310227056655360.000000 -0.358396530 -1.439654112 2.139524937 0.157064587 0.905641973 0.060640164 0.389186591
1761310227123339776.000000 -0.319404602 -1.444484711 2.116139650 -0.151394024 -0.903983235 -0.057596646 -0.395697802
1761310227190024192.000000 -0.278819799 -1.443661809 2.096506834 -0.146642864 -0.901671529 -0.057285871 -0.402743906
1761310227223365888.000000 -0.258705616 -1.443002820 2.086678267 -0.145257011 -0.901284456 -0.057964560 -0.404013544
1761310227256707072.000000 -0.244357347 -1.438298225 2.073271275 0.144963175 0.901303709 0.058699388 0.403970063
1761310227323390208.000000 -0.202319860 -1.434691668 2.059591055 0.141733810 0.903564572 0.059533153 0.399923146
1761310227356731648.000000 -0.182387352 -1.430742025 2.051599026 0.139314651 0.904596031 0.062164914 0.398036510
1761310227390073088.000000 -0.160658598 -1.426261425 2.044144154 0.137729079 0.905775905 0.062847629 0.395791620
1761310227456755968.000000 -0.120814562 -1.420958996 2.032547712 0.136930197 0.908335209 0.052639369 0.391671240
1761310227490096384.000000 -0.100411654 -1.419257402 2.027797699 0.136490360 0.910085678 0.047384501 0.388418913
1761310227556779264.000000 -0.058378458 -1.419288635 2.011059999 0.135393426 0.914286077 0.043715563 0.379260659
1761310227590120704.000000 -0.036865234 -1.422158003 2.001398802 0.134329632 0.916432142 0.043924280 0.374404013
1761310227623462400.000000 -0.014926434 -1.425250530 1.992222667 0.132670075 0.918601513 0.042464837 0.369819939
1761310227656803584.000000 0.004612923 -1.426169634 1.983785272 0.132540941 0.921339750 0.039533656 0.363322318
1761310227723486976.000000 0.050044537 -1.435597897 1.965559125 -0.129906610 -0.928334057 -0.039562084 -0.346056342
1761310227756828416.000000 0.067440271 -1.421189308 1.955852985 0.126441047 0.931637108 0.040023968 0.338324010
1761310227790169600.000000 0.083177567 -1.434150219 1.942338705 -0.121257059 -0.934784949 -0.044106115 -0.330950886
1761310227856852736.000000 0.116515636 -1.421186566 1.920396686 0.117222235 0.940774918 0.046231594 0.314744771
1761310227890194432.000000 0.131941795 -1.418328524 1.908744097 0.118354335 0.943536937 0.046834670 0.305837989
1761310227923535616.000000 0.147037268 -1.416554213 1.897119522 0.120436579 0.946183264 0.047762763 0.296565294
1761310227990217728.000000 0.175939322 -1.409172893 1.872413397 0.123999938 0.950871468 0.050286956 0.279175222
1761310228023559424.000000 0.190301418 -1.404085159 1.858009100 0.124432757 0.952699780 0.052252166 0.272304028
1761310228056900864.000000 0.205203533 -1.397437930 1.844044209 0.124872595 0.954441130 0.055190343 0.265335590
1761310228123583744.000000 0.235847235 -1.381636739 1.813443661 0.125066683 0.956855893 0.060378592 0.255224705
1761310228156925184.000000 0.250376463 -1.372566342 1.798555136 0.125724733 0.957572043 0.061834488 0.251844436
1761310228223608832.000000 0.279248238 -1.356420636 1.768051624 0.133365288 0.958530724 0.061059810 0.244344577
1761310228256950272.000000 0.293516159 -1.351653099 1.750490904 0.139431998 0.958344162 0.059636075 0.242030501
1761310228323634176.000000 0.313410521 -1.351645350 1.711413741 -0.151289791 -0.957293928 -0.060496654 -0.238830492
1761310228356975872.000000 0.326497793 -1.347747326 1.691747427 -0.155817419 -0.956970036 -0.061763849 -0.236885056
1761310228423658496.000000 0.358339787 -1.331352115 1.656016350 0.162730932 0.956303358 0.057990734 0.235880658
1761310228490342144.000000 0.386025906 -1.326523304 1.621337891 0.166479111 0.955813348 0.052811120 0.236467093
1761310228523683840.000000 0.400028944 -1.322924733 1.605409861 0.167358398 0.955105960 0.052739285 0.238709956
1761310228590367232.000000 0.428709507 -1.316974401 1.573977947 0.164894640 0.953485489 0.055496793 0.246161208
1761310228623709184.000000 0.442190170 -1.315436721 1.557273626 0.163298562 0.953470111 0.058869921 0.246500999
1761310228657051136.000000 0.454984426 -1.312822700 1.542066813 0.161541671 0.954084396 0.061088763 0.244735524
1761310228690392832.000000 0.467851639 -1.310571909 1.527114391 0.159109801 0.955218732 0.061458614 0.241793573
1761310228757076480.000000 0.491051793 -1.312962055 1.498107791 0.153076380 0.958589137 0.061698258 0.232094690
1761310228790418176.000000 0.502230883 -1.302210450 1.487935543 0.150986895 0.960343421 0.060451809 0.226470977
1761310228823759104.000000 0.513186693 -1.299312830 1.475075245 0.147944853 0.962330222 0.060952570 0.219812959
1761310228890442496.000000 0.538946509 -1.298748970 1.441283703 -0.141105875 -0.967287123 -0.064276502 -0.200781882
1761310228923784448.000000 0.549286246 -1.294679403 1.429185152 -0.138156220 -0.969850183 -0.065015852 -0.189938143
1761310228990468352.000000 0.575036645 -1.283460498 1.400743246 -0.132517204 -0.974704325 -0.066365741 -0.167291373
1761310229023810048.000000 0.588432312 -1.279446721 1.386962652 -0.129113942 -0.977103949 -0.064703912 -0.156240165
1761310229090493696.000000 0.613967419 -1.269338608 1.361506701 -0.123310678 -0.982043505 -0.057794251 -0.130556211
1761310229123835648.000000 0.627602100 -1.265529633 1.349359751 -0.120025031 -0.984639764 -0.053090312 -0.115152158
1761310229190519040.000000 0.652934194 -1.256618500 1.321275949 -0.113403209 -0.989398122 -0.047222108 -0.077467382
1761310229223860480.000000 0.666013598 -1.256553888 1.304601312 -0.108861394 -0.991192281 -0.048480082 -0.057765551
1761310229290661888.000000 0.690560222 -1.255861759 1.269200206 0.099319011 0.993468523 0.053230755 0.017961139
1761310229324081920.000000 0.704220653 -1.247488260 1.251030684 -0.094954006 -0.993950069 -0.055164862 0.001981352
1761310229357501952.000000 0.714855552 -1.244350672 1.236859441 -0.091324799 -0.993911088 -0.057439703 0.022390114
1761310229424344064.000000 0.732044637 -1.233684301 1.199787736 -0.082886830 -0.992439091 -0.064441539 0.063575588
1761310229491187968.000000 0.747550249 -1.225771308 1.165373445 -0.069894895 -0.989196777 -0.076173425 0.103933044
1761310229558034176.000000 0.757868528 -1.219400406 1.135619640 -0.062053896 -0.984282851 -0.084807761 0.141930997
1761310229624881920.000000 0.761789501 -1.211837769 1.106068850 -0.057324398 -0.978830159 -0.088462792 0.175441846
1761310229691731968.000000 0.760633409 -1.200668573 1.077565193 -0.053813536 -0.973664403 -0.087431669 0.203561932
1761310229758583040.000000 0.758844614 -1.189117551 1.047183752 -0.049700815 -0.969063759 -0.087004475 0.225556076
1761310229825437184.000000 0.755746484 -1.175988913 1.014147162 0.044445951 0.965131998 0.088443831 -0.242327362
1761310229858864896.000000 0.745264292 -1.165253043 1.000248671 -0.044758823 -0.963272452 -0.086231098 0.250334114
1761310229925721600.000000 0.732670248 -1.151571989 0.965287566 -0.047480870 -0.959905088 -0.079652652 0.264543474
1761310229992580608.000000 0.722579837 -1.139862776 0.926558018 -0.054666508 -0.956415176 -0.075905211 0.276622653
1761310230059441408.000000 0.703911901 -1.129178286 0.884041190 -0.066694237 -0.954791605 -0.079000957 0.278718203
1761310230126304512.000000 0.691262960 -1.119147420 0.841247559 0.073175997 0.952425718 0.085007407 -0.283380061
1761310230193168128.000000 0.679959178 -1.107264400 0.800942302 0.073624782 0.950106561 0.088883437 -0.289787501
1761310230259981568.000000 0.676603615 -1.093086720 0.758446932 0.072703823 0.947887957 0.096473508 -0.294814527
1761310230326649344.000000 0.672731638 -1.083726048 0.717359424 0.071860217 0.944565773 0.106263556 -0.302224517
1761310230393317120.000000 0.666888714 -1.080693126 0.679743767 0.064598054 0.941899240 0.109264798 -0.310989082
1761310230459984384.000000 0.664163113 -1.071647763 0.644090772 0.058499232 0.939005792 0.108934402 -0.320903778
1761310230526651392.000000 0.660654366 -1.060783505 0.607947230 0.055404730 0.934751868 0.107852533 -0.333971888
1761310230593318144.000000 0.659030616 -1.049347281 0.569878578 -0.051320128 -0.929471672 -0.105079502 0.349867195
1761310230659983360.000000 0.657149553 -1.034484744 0.533452749 -0.046574585 -0.923431218 -0.104584284 0.366289347
1761310230726649856.000000 0.660252571 -1.021524787 0.496245027 0.040942337 0.917000115 0.104690559 -0.382719785
1761310230793315584.000000 0.659202099 -1.016164541 0.459819436 0.033767793 0.910050988 0.099079005 -0.401061594
1761310230859981568.000000 0.653442264 -1.011615992 0.429131508 0.027314940 0.902298629 0.096556604 -0.419270813
1761310230926646784.000000 0.652123809 -1.007113457 0.389411747 -0.021416187 -0.892296314 -0.094430529 0.440944016
1761310230993312000.000000 0.647640228 -0.995861590 0.357949972 -0.015892055 -0.881155729 -0.093535952 0.463209599
1761310231026644480.000000 0.643374383 -0.990307271 0.342029154 -0.012861650 -0.875860691 -0.097008191 0.472537905
1761310231093308416.000000 0.632260859 -0.979597211 0.312428951 -0.008221973 -0.865043402 -0.103019945 0.490937144
1761310231193305088.000000 0.612529635 -0.970997155 0.265711963 -0.003120537 -0.849322617 -0.104911782 0.517334461
1761310231226636800.000000 0.603715599 -0.965615928 0.254240155 -0.002047263 -0.844356060 -0.105293177 0.525330484
1761310231293304576.000000 0.583989143 -0.950592041 0.229430020 -0.000412602 -0.835550129 -0.106249988 0.539042592
1761310231359972864.000000 0.559108257 -0.936991632 0.209320068 -0.000853927 0.828787923 0.109312072 -0.548781157
1761310231426640896.000000 0.532888472 -0.919251978 0.184010148 -0.002979765 0.824376762 0.112268075 -0.554788291
1761310231493307904.000000 0.499448806 -0.907259047 0.162905157 0.001841276 -0.821990907 -0.111909367 0.558394015
1761310231559975424.000000 0.462920487 -0.895410657 0.139044821 -0.004183310 -0.819952667 -0.110842817 0.561581671
1761310231593309184.000000 0.442871749 -0.891201794 0.129234791 -0.007874459 -0.819039285 -0.110558517 0.562929451
1761310231659975936.000000 0.403822243 -0.884962261 0.105505049 -0.013994718 -0.816790342 -0.112910926 0.565604985
1761310231726643200.000000 0.371611744 -0.878513038 0.081096083 -0.014143332 -0.815191269 -0.113688163 0.567748308
1761310231759976448.000000 0.359234810 -0.874943972 0.067707747 -0.011907712 -0.814953148 -0.114281125 0.568022490
1761310231826642688.000000 0.333607137 -0.869046688 0.045773327 -0.010401252 -0.815274000 -0.119747303 0.566463351
1761310231893309184.000000 0.305737495 -0.859417379 0.025365174 0.012862315 0.814840317 0.128160998 -0.565194309
1761310231959974144.000000 0.281810850 -0.862273216 0.006363004 -0.010995999 -0.813538730 -0.129966989 0.566694379
1761310232026639872.000000 0.257359564 -0.851180494 -0.013870537 -0.009879677 -0.809472859 -0.129277185 0.572663546
1761310232093305088.000000 0.230794951 -0.842925191 -0.031749964 -0.009859228 -0.804976881 -0.132297873 0.578283906
1761310232159970560.000000 0.205154985 -0.832509279 -0.052025050 -0.011832800 -0.798671901 -0.135911167 0.586098492
1761310232226635520.000000 0.176473200 -0.819283366 -0.074720323 -0.012783726 -0.792481840 -0.141407952 0.593138278
1761310232293303808.000000 0.148358420 -0.804032385 -0.101403594 -0.013022264 -0.784670234 -0.147139117 0.602057397
1761310232359972352.000000 0.122341923 -0.789189279 -0.128618136 -0.014072256 -0.775955915 -0.151104286 0.612259746
1761310232393305856.000000 0.107488215 -0.784241617 -0.144413024 0.015645497 0.770744681 0.151989907 -0.618552387
1761310232459974144.000000 0.081266403 -0.770151317 -0.168553695 -0.015928568 -0.762926459 -0.154892877 0.627453506
1761310232526642432.000000 0.053574868 -0.754754722 -0.194786102 -0.015349684 -0.755933225 -0.158607990 0.634959102
1761310232593310464.000000 0.028626505 -0.738929510 -0.212243378 -0.013790974 -0.749682605 -0.159671187 0.642098844
1761310232659977984.000000 0.001934826 -0.724654317 -0.226737484 -0.014870036 -0.744673729 -0.162939489 0.647063196
1761310232726645504.000000 -0.027543701 -0.713363409 -0.236978337 -0.019179313 -0.739237428 -0.166902706 0.652153194
1761310232793312768.000000 -0.056904122 -0.700289845 -0.242834508 -0.021882867 -0.734363496 -0.167628959 0.657367527
1761310232859978752.000000 -0.088439494 -0.684201300 -0.243496314 -0.027485605 -0.729921162 -0.169575185 0.661592066
1761310232926645504.000000 -0.119514585 -0.667335868 -0.240714997 -0.033634651 -0.726597190 -0.170936227 0.664609790
1761310232993312000.000000 -0.152990699 -0.651017785 -0.237772703 -0.039063111 -0.727497816 -0.172131091 0.663017392
1761310233059978240.000000 -0.182020456 -0.631870925 -0.226778448 -0.046424199 -0.728140593 -0.173949286 0.661360562
1761310233093311232.000000 -0.198506743 -0.622548103 -0.223176867 0.048759256 0.728441775 0.173224032 -0.661051154
1761310233159977216.000000 -0.230488211 -0.603895426 -0.216272756 -0.050412212 -0.729638457 -0.171625778 0.660023510
1761310233226642944.000000 -0.261288106 -0.584199905 -0.208730280 -0.052336004 -0.732756019 -0.175320938 0.655432820
1761310233293310208.000000 -0.291288316 -0.567625403 -0.202092737 -0.054372210 -0.734215915 -0.178882390 0.652665198
1761310233359978496.000000 -0.319363892 -0.553134203 -0.192080662 -0.055602178 -0.735449612 -0.180243865 0.650795221
1761310233426646784.000000 -0.346106112 -0.539588451 -0.183115825 -0.061114047 -0.734840572 -0.182419911 0.650382578
1761310233459980800.000000 -0.359726816 -0.535808444 -0.180168122 -0.064811416 -0.734095275 -0.185071111 0.650117278
1761310233526648576.000000 -0.383990794 -0.529901624 -0.168266773 -0.072585218 -0.730646372 -0.187553108 0.652465463
1761310233593316096.000000 -0.408702761 -0.543454647 -0.159334332 -0.073657818 -0.727941692 -0.190596506 0.654483378
1761310233659983360.000000 -0.424157590 -0.564739585 -0.146960407 -0.066608787 -0.723500788 -0.184552833 0.661853671
1761310233726649600.000000 -0.441510528 -0.591229796 -0.134637058 0.063155681 0.718929112 0.179761305 -0.668459594
1761310233793316352.000000 -0.454268396 -0.610489964 -0.125956118 0.060688179 0.715061307 0.178512156 -0.673155010
1761310233826649600.000000 -0.459726691 -0.611865103 -0.125441939 -0.058385480 -0.714022279 -0.178657070 0.674421966
1761310233893316352.000000 -0.473046303 -0.626938820 -0.122124940 -0.054391611 -0.712459266 -0.179236516 0.676252723
1761310233959982080.000000 -0.487265170 -0.640721440 -0.118373662 -0.051173937 -0.710806966 -0.178221554 0.678507090
1761310234026648320.000000 -0.504146516 -0.653454185 -0.115252197 -0.046976861 -0.708247185 -0.174754471 0.682378232
1761310234059981056.000000 -0.512407899 -0.670319974 -0.109455138 -0.042524789 -0.707719207 -0.172952399 0.683675945
1761310234126646784.000000 -0.531285405 -0.672926545 -0.108592182 -0.035875231 -0.704661965 -0.168217301 0.688380420
1761310234193310976.000000 -0.553791046 -0.683328807 -0.105685323 -0.030114029 -0.702573717 -0.163382709 0.691946149
1761310234259977216.000000 -0.583705187 -0.696730614 -0.104538232 0.024824809 0.699616015 0.160761833 -0.695756376
1761310234326645248.000000 -0.621379495 -0.707305312 -0.099971324 0.024534432 0.694799840 0.158647835 -0.701057971
1761310234393313024.000000 -0.659717143 -0.721500874 -0.089570999 -0.026315315 -0.690157473 -0.157822222 0.705749571
1761310234459980800.000000 -0.692961812 -0.734690845 -0.082424998 -0.020332322 -0.683307767 -0.154503703 0.713306189
1761310234493314560.000000 -0.708669186 -0.741037071 -0.076190770 -0.019220116 -0.677463710 -0.153371409 0.719132006
1761310234559981568.000000 -0.733748913 -0.757663965 -0.063962340 -0.012046692 -0.667189479 -0.149505526 0.729630888
1761310234626647808.000000 -0.758163095 -0.767969608 -0.051428378 0.000194146 -0.651169777 -0.141082644 0.745703399
1761310234693314816.000000 -0.776648521 -0.780562222 -0.037454545 0.010764239 -0.629862905 -0.134519592 0.764893115
1761310234759981056.000000 -0.791444182 -0.793145418 -0.019564092 0.019846337 -0.605778396 -0.130138323 0.784667373
1761310234826647296.000000 -0.806052446 -0.797548473 -0.002609253 0.029969359 -0.579542756 -0.122616842 0.805106997
1761310234893313280.000000 -0.819617569 -0.806377292 0.022591829 0.037591405 -0.551158845 -0.115254886 0.825546622
1761310234959979008.000000 -0.831787765 -0.815523565 0.047121704 0.046566114 -0.528134048 -0.111391194 0.840534449
1761310235026644480.000000 -0.843805909 -0.826851130 0.071458757 0.062354326 -0.511584222 -0.104089595 0.850622654
1761310235093308672.000000 -0.858181596 -0.843769372 0.103549361 0.079051301 -0.497923940 -0.088046916 0.859110236
1761310235159973632.000000 -0.870923996 -0.861984253 0.128420353 0.089204207 -0.488334000 -0.073549971 0.864964128
1761310235226638336.000000 -0.889208198 -0.874748707 0.155652225 0.096145175 -0.475342184 -0.060018461 0.872469902
1761310235259973376.000000 -0.897657454 -0.880643308 0.168450564 0.097841233 -0.467655212 -0.055810653 0.876704633
1761310235326641920.000000 -0.919697225 -0.888906360 0.188606858 0.102756329 -0.453457326 -0.050986048 0.883865416
1761310235393310208.000000 -0.939515054 -0.903864563 0.208545089 0.107821308 -0.442211270 -0.049867265 0.889008999
1761310235459978496.000000 -0.964589238 -0.913213074 0.223555118 0.112495251 -0.434000403 -0.050044239 0.892459631
1761310235526645504.000000 -0.989043713 -0.918001235 0.237396002 0.121400721 -0.427370876 -0.049817137 0.894502282
1761310235593313024.000000 -1.014375448 -0.911505818 0.259603709 0.126675993 -0.419845611 -0.049204435 0.897363842
1761310235659980544.000000 -1.046168447 -0.917782426 0.281742781 0.124735013 -0.410015404 -0.047440697 0.902262688
1761310235726647296.000000 -1.069794536 -0.916987121 0.299592435 0.125455886 -0.399169147 -0.045215007 0.907127678
1761310235793314560.000000 -1.097249389 -0.916226387 0.320166439 0.128936216 -0.384800524 -0.042592585 0.912956715
1761310235859981056.000000 -1.123306274 -0.914064288 0.337699324 0.134121552 -0.368341535 -0.039161354 0.919131339
1761310235926647552.000000 -1.149169564 -0.909736872 0.353866100 0.147948354 -0.350152880 -0.030786362 0.924422264
1761310235993312512.000000 -1.176863313 -0.911597908 0.365914643 0.163834095 -0.326117545 -0.020202558 0.930804849
1761310236059978496.000000 -1.214938521 -0.928488851 0.376967877 0.173740327 -0.298672676 -0.013866101 0.938305199
1761310236126644224.000000 -1.241779566 -0.932784081 0.398789287 0.184665635 -0.270481855 -0.007211794 0.944820762
1761310236193309184.000000 -1.268043041 -0.935425997 0.416089952 0.193708047 -0.240396664 -0.000258438 0.951150119
1761310236259975168.000000 -1.295110703 -0.941137552 0.437073648 0.196496859 -0.212853506 0.001227267 0.957121134
1761310236326642688.000000 -1.319317460 -0.947655439 0.459795415 0.196925879 -0.185762584 0.001475289 0.962657928
1761310236393309184.000000 -1.338785291 -0.952478111 0.486700624 0.195149377 -0.157939315 0.006292533 0.967952669
1761310236459976448.000000 -1.353805184 -0.957340956 0.517100215 0.193162218 -0.132847831 0.010432424 0.972075641
1761310236526642944.000000 -1.366035461 -0.960935056 0.548585176 0.195280850 -0.110414058 0.014275416 0.974407673
1761310236593309952.000000 -1.373294353 -0.963869452 0.585591793 0.195372149 -0.090954199 0.017141169 0.976352096
1761310236659975936.000000 -1.382399559 -0.976544321 0.620197475 0.188565522 -0.074244320 0.018033460 0.979084134
1761310236726642176.000000 -1.380988240 -0.973704755 0.665980279 0.188335210 -0.057372503 0.022387691 0.980171978
1761310236793307904.000000 -1.387235403 -0.979547441 0.704039633 0.187068388 -0.040004477 0.032749169 0.980985522
1761310236893304832.000000 -1.382201195 -0.995370030 0.763675690 0.195023254 -0.022425562 0.053096220 0.979103625
1761310236959970048.000000 -1.375887156 -1.014544368 0.802576005 0.192484826 -0.011760882 0.063395508 0.979179382
1761310236993302272.000000 -1.372729182 -1.023628235 0.820726633 0.190883756 -0.007012900 0.066905871 0.979304790
1761310237059966720.000000 -1.372009635 -1.037759185 0.848965406 0.197318256 0.000637374 0.068079032 0.977972627
1761310237126631168.000000 -1.375262856 -1.050151706 0.878511071 0.198194399 0.005571491 0.066431955 0.977892995
1761310237159963392.000000 -1.376443267 -1.056582212 0.893553138 0.195935503 0.007457186 0.064072520 0.978492916
1761310237226627072.000000 -1.391748071 -1.062228680 0.933562934 0.188132405 0.010057255 0.057170808 0.980426729
1761310237259960064.000000 -1.391095161 -1.074926257 0.945583820 0.186029360 0.011960520 0.052459985 0.981069863
1761310237326626816.000000 -1.398185492 -1.085275054 0.976887405 0.187179342 0.019140728 0.046865523 0.981020510
1761310237393293824.000000 -1.404788375 -1.093311906 1.007991910 0.188711643 0.027463077 0.043706108 0.980675042
1761310237459960832.000000 -1.414805293 -1.101284266 1.034446955 0.185465842 0.037587788 0.041430119 0.981057167
1761310237526628096.000000 -1.426285505 -1.106257439 1.074082494 0.183219343 0.051951487 0.040219046 0.980874240
1761310237559961088.000000 -1.441558123 -1.101718187 1.105072260 0.183006436 0.061058100 0.040320095 0.980385065
1761310237626627328.000000 -1.454448104 -1.107067466 1.141457558 0.185687959 0.080153368 0.037272528 0.978624642
1761310237693293824.000000 -1.471133590 -1.117437601 1.174083829 0.195085257 0.099467553 0.034132998 0.975132287
1761310237726625536.000000 -1.480474114 -1.125094891 1.189741373 0.198828578 0.108787894 0.032716800 0.973427951
1761310237793291264.000000 -1.498810053 -1.135118842 1.208404660 0.202702954 0.127428517 0.029825160 0.970455587
1761310237859956736.000000 -1.510397673 -1.162227154 1.253290296 0.205980852 0.146816149 0.028460374 0.967060983
1761310237893289216.000000 -1.518105030 -1.168903232 1.267048836 0.210036889 0.157669812 0.027444761 0.964505851
1761310237959954176.000000 -1.526137233 -1.178211212 1.293632150 0.216173932 0.179921016 0.025638923 0.959291399
1761310237993286912.000000 -1.528936386 -1.183209538 1.300751805 0.216891408 0.190672532 0.023124637 0.957114100
1761310238059951360.000000 -1.530171871 -1.191704273 1.331464171 0.211185634 0.212148637 0.021547131 0.953902125
1761310238126615808.000000 -1.529178023 -1.208284616 1.371935487 0.208650693 0.237401783 0.026323369 0.948373556
1761310238159946752.000000 -1.526101232 -1.210564733 1.382084489 0.209250391 0.250508249 0.029648578 0.944765031
1761310238226610944.000000 -1.519483805 -1.202663660 1.396619797 0.211140156 0.275667429 0.037281364 0.937036574
1761310238259943424.000000 -1.512237787 -1.202218294 1.410846710 0.211653650 0.286234289 0.040244490 0.933623612
1761310238326611712.000000 -1.487233996 -1.213919759 1.452065110 0.211141855 0.303237170 0.045238771 0.928127110
1761310238359945728.000000 -1.481412411 -1.215257525 1.466106296 0.211283937 0.310724735 0.047709592 0.925490737
1761310238426613504.000000 -1.459712267 -1.215923667 1.493816376 0.213569358 0.321489006 0.052612044 0.921013057
1761310238493280768.000000 -1.435657978 -1.218742847 1.521713734 0.223296925 0.327406138 0.058118284 0.916278362
1761310238526614528.000000 -1.423996806 -1.219724059 1.534880161 0.229824901 0.328353494 0.060227916 0.914186597
1761310238593281792.000000 -1.399309158 -1.231237650 1.560306668 0.240119740 0.328254163 0.066194333 0.911158621
1761310238659947520.000000 -1.375006437 -1.247680902 1.585722208 0.249675438 0.327263027 0.066736348 0.908904493
1761310238693280768.000000 -1.362073541 -1.256121874 1.600167871 0.254384905 0.326860517 0.064525813 0.907902539
1761310238759947264.000000 -1.332249880 -1.261933327 1.628226280 0.257328838 0.325784326 0.060890105 0.907710791
1761310238826613504.000000 -1.303964615 -1.277991176 1.663482428 0.248271927 0.323718429 0.059890024 0.911032736
1761310238893279232.000000 -1.277840257 -1.286973476 1.701805353 0.238419861 0.325002640 0.062910810 0.913001359
1761310238926612480.000000 -1.266879082 -1.291441917 1.718851686 0.234960645 0.327264935 0.062810570 0.913096964
1761310238993277696.000000 -1.248490334 -1.309506893 1.744432449 0.231152952 0.337005407 0.059399817 0.910751045
1761310239026610432.000000 -1.238496065 -1.315328836 1.758733153 0.229558975 0.342953205 0.056354981 0.909125924
1761310239093274624.000000 -1.218541861 -1.324940681 1.787421942 0.226681903 0.357259393 0.054254133 0.904454350
1761310239159939584.000000 -1.198155522 -1.332187772 1.815119386 0.223316625 0.376098543 0.057183713 0.897446215
1761310239193271552.000000 -1.190779567 -1.331056595 1.830578566 0.223067150 0.387446046 0.058427617 0.892587781
1761310239259937024.000000 -1.169304609 -1.338979125 1.858269930 0.220671400 0.413720667 0.058426928 0.881320357
1761310239326605056.000000 -1.153931379 -1.340536237 1.893048763 0.211122647 0.439662308 0.056796093 0.871147811
1761310239359938816.000000 -1.142483592 -1.343261957 1.897034764 0.207136124 0.452311426 0.055158254 0.865717411
1761310239393272832.000000 -1.138082862 -1.349096417 1.921701312 0.206513926 0.466755778 0.053154547 0.858292341
1761310239459940352.000000 -1.121459007 -1.361990809 1.947147369 0.211885959 0.497031927 0.049320348 0.840018570
1761310239526606592.000000 -1.095729709 -1.378270864 1.960009575 0.213627353 0.529814601 0.054010965 0.818988860
1761310239593273344.000000 -1.072748423 -1.391701341 1.980729818 0.217403948 0.563445747 0.056004703 0.795064807
1761310239659940352.000000 -1.047716856 -1.397500396 1.998421192 0.217517465 0.596422315 0.059337579 0.770354271
1761310239693273600.000000 -1.033591270 -1.400339365 2.004577875 0.215158358 0.612994850 0.061424829 0.757740915
1761310239759939584.000000 -1.010708213 -1.402138233 2.029249430 0.207158491 0.647940278 0.064958483 0.730095387
1761310239793272832.000000 -0.992830515 -1.403737307 2.033616781 0.201858371 0.664613008 0.067686334 0.716213226
1761310239859938304.000000 -0.955523014 -1.405569077 2.041506052 0.190942049 0.693957925 0.076154917 0.690046430
1761310239926604288.000000 -0.908555746 -1.408917069 2.056705475 0.182718962 0.718201697 0.082122788 0.666375339
1761310239959936000.000000 -0.895650864 -1.405792236 2.048674583 0.180156186 0.727365613 0.085195400 0.656677186
1761310240026600960.000000 -0.857822180 -1.399751663 2.046477079 0.178342536 0.743753731 0.090232059 0.637873530
1761310240093265920.000000 -0.815347433 -1.391017437 2.041267157 0.177062958 0.757719457 0.096766084 0.620601535
1761310240126598400.000000 -0.784357548 -1.388918877 2.046055317 0.175321653 0.764024615 0.100510307 0.612720490
1761310240193263104.000000 -0.739576817 -1.383491993 2.037975788 0.176493376 0.774935961 0.103842430 0.597947419
1761310240226595072.000000 -0.717125416 -1.382827997 2.032837391 0.179502979 0.779908180 0.104121335 0.590491891
1761310240259928064.000000 -0.695058107 -1.384261012 2.027608395 0.182551920 0.784135282 0.104519270 0.583851397
1761310240326595328.000000 -0.649027109 -1.388290405 2.018057346 0.186186805 0.789915085 0.105181031 0.574722290
1761310240359928576.000000 -0.626941442 -1.389550328 2.012592316 0.187631711 0.792767763 0.104615435 0.570411563
1761310240426594560.000000 -0.582584620 -1.387748480 2.006221771 0.185819268 0.797680497 0.106344387 0.563797772
1761310240493261056.000000 -0.542120218 -1.388031721 1.996699572 -0.176472232 -0.800496757 -0.110538706 -0.561999738
1761310240526594048.000000 -0.519155979 -1.388037682 1.994212151 0.170961082 0.801773548 0.114299931 0.561130226
1761310240559927296.000000 -0.496502161 -1.389241219 1.991914034 0.165399343 0.803620160 0.115994342 0.559806347
1761310240626593280.000000 -0.454704762 -1.390489817 1.986054063 0.159475490 0.809644401 0.113866910 0.553242922
1761310240659926272.000000 -0.437123060 -1.393476009 1.983100414 0.156809092 0.813172400 0.112953015 0.549002051
1761310240726591744.000000 -0.397261381 -1.395719647 1.976681232 -0.150365308 -0.819956958 -0.114432238 -0.540338933
1761310240793256960.000000 -0.351303816 -1.388589621 1.972719550 -0.142987415 -0.827264965 -0.119732812 -0.529954135
1761310240826588672.000000 -0.331405878 -1.386010408 1.969120979 -0.140298665 -0.831420064 -0.121980950 -0.523619711
1761310240859921152.000000 -0.314936161 -1.386442661 1.958669901 -0.137567490 -0.835641026 -0.124349870 -0.517026484
1761310240926585856.000000 -0.273193121 -1.379162788 1.954203844 -0.131847203 -0.844472826 -0.128114507 -0.503059387
1761310240959918336.000000 -0.253305435 -1.376309633 1.953394890 -0.130308703 -0.848863959 -0.127817929 -0.496096939
1761310241026582528.000000 -0.215293169 -1.372838974 1.951393008 -0.131606296 -0.858707547 -0.120436341 -0.480412692
1761310241059914496.000000 -0.194946051 -1.374007225 1.951390743 -0.132153213 -0.864474952 -0.117887042 -0.470447898
1761310241126578688.000000 -0.150398970 -1.380452871 1.947770000 -0.129533142 -0.875703514 -0.115432903 -0.450599343
1761310241159910400.000000 -0.127289534 -1.385692120 1.944964528 -0.126940012 -0.881205440 -0.116147108 -0.440310329
1761310241226573824.000000 -0.084475517 -1.395858765 1.938261747 -0.123653568 -0.891879082 -0.112687230 -0.420194149
1761310241259907072.000000 -0.056777716 -1.403869748 1.939373851 -0.125339776 -0.898466766 -0.112441510 -0.405468285
1761310241326575872.000000 -0.024267197 -1.397609711 1.930858135 -0.124965914 -0.909849346 -0.113085128 -0.379169494
1761310241359910656.000000 -0.004862547 -1.399472237 1.927331686 0.119845055 0.914734066 0.115574576 0.368159294
1761310241393245696.000000 0.011556625 -1.395421505 1.917487979 0.115309425 0.918965816 0.120280124 0.357405037
1761310241426580480.000000 0.030248165 -1.394685626 1.910327077 0.110115573 0.923174858 0.125555262 0.346206129
1761310241459914752.000000 0.054467440 -1.402119398 1.904986143 0.106253684 0.927294195 0.130034134 0.334554672
1761310241493249536.000000 0.071131706 -1.402501583 1.897452593 0.104624733 0.931372821 0.131560862 0.322940022
1761310241559918336.000000 0.101634741 -1.401304722 1.882293105 0.101516314 0.938948452 0.132364154 0.300915301
1761310241593252864.000000 0.118139982 -1.400415182 1.875339985 0.098857567 0.941678345 0.132479295 0.293118238
1761310241626587392.000000 0.135603428 -1.399020076 1.867015600 0.096410193 0.943951905 0.132505089 0.286535025
1761310241659921664.000000 0.146728754 -1.390876293 1.854842901 0.094903030 0.945440352 0.131908402 0.282375991
1761310241726589184.000000 0.186154604 -1.388667107 1.835071325 0.094143838 0.947760463 0.129976064 0.275668681
1761310241759923456.000000 0.198640823 -1.371822119 1.812843323 -0.097054616 -0.948187947 -0.128045321 -0.274088383
1761310241793257216.000000 0.218377590 -1.376869082 1.804602146 0.100784168 0.948779285 0.126813009 0.271254480
1761310241826591232.000000 0.232851267 -1.370488405 1.788601398 0.106900036 0.948909461 0.123350866 0.270051569
1761310241893259264.000000 0.254712343 -1.350914598 1.751070976 -0.121853746 -0.947555006 -0.119001433 -0.270425290
1761310241926593024.000000 0.268921137 -1.345218658 1.731147766 -0.129026651 -0.946360648 -0.118602008 -0.271454036
1761310241959926784.000000 0.284445286 -1.339837432 1.710726023 -0.134360552 -0.945123672 -0.119434245 -0.272807658
1761310242026594048.000000 0.313174725 -1.333611488 1.672482729 -0.140316829 -0.943531752 -0.120027110 -0.275050253
1761310242059927808.000000 0.326421499 -1.342891932 1.657483220 -0.142038062 -0.943472385 -0.119036019 -0.274800926
1761310242093261312.000000 0.342494726 -1.336437225 1.638405323 -0.142954275 -0.943551123 -0.118369639 -0.274342895
1761310242159927040.000000 0.380477428 -1.322695613 1.599167585 -0.139699355 -0.942380786 -0.123629443 -0.277701944
1761310242193260544.000000 0.396016121 -1.320190668 1.582619905 -0.137457952 -0.941830397 -0.126908258 -0.279204577
1761310242226594048.000000 0.412669420 -1.317865849 1.566353083 -0.134728134 -0.941782951 -0.128225222 -0.280092001
1761310242259927808.000000 0.421360493 -1.321141481 1.561962366 -0.131035224 -0.942338645 -0.127118215 -0.280479491
1761310242293262336.000000 0.441650152 -1.315642834 1.541624188 -0.127006054 -0.943454683 -0.125249237 -0.279419810
1761310242359930880.000000 0.476001978 -1.313410997 1.515504718 0.120770939 0.946762443 0.121228397 0.272688270
1761310242393265408.000000 0.493746996 -1.308779240 1.501517057 0.117668562 0.948191464 0.121286072 0.269029528
1761310242459933440.000000 0.528903723 -1.295555234 1.473270893 -0.111683242 -0.950568616 -0.126744062 -0.260542363
1761310242493267712.000000 0.545276165 -1.289091468 1.459520459 -0.109204911 -0.951791525 -0.129965916 -0.255491793
1761310242526601728.000000 0.562640309 -1.281967878 1.444303751 -0.107109770 -0.953671575 -0.132195786 -0.248117805
1761310242559935744.000000 0.581197500 -1.275494337 1.428837538 -0.103713430 -0.955722928 -0.134611771 -0.240243405
1761310242626602752.000000 0.619749546 -1.263928056 1.403273463 -0.095786281 -0.960981250 -0.134067774 -0.222184584
1761310242659936256.000000 0.643410087 -1.254704118 1.386544943 0.093544148 0.964598238 0.128964007 0.210162163
1761310242726603776.000000 0.679349422 -1.256717682 1.369566917 -0.089459822 -0.971264422 -0.120312154 -0.184844241
1761310242759937280.000000 0.690721631 -1.264309764 1.359742403 0.086356618 0.974071264 0.117858641 0.172734171
1761310242826604288.000000 0.724202037 -1.269901872 1.333278179 0.079875715 0.979396224 0.113572799 0.146643043
1761310242893271040.000000 0.754986644 -1.272458076 1.307966590 0.076648362 0.984297216 0.107422888 0.117236584
1761310242926604544.000000 0.769376516 -1.270089746 1.296638966 0.074584872 0.986219108 0.105919316 0.102907956
1761310242993270528.000000 0.799682021 -1.265265703 1.268418431 0.064701304 0.988892019 0.108440451 0.078402445
1761310243026603776.000000 0.810700536 -1.262045383 1.254679918 0.061516009 0.989618063 0.112028480 0.065738246
1761310243059935744.000000 0.821280599 -1.258738279 1.237677574 0.059355505 0.990212977 0.114568368 0.053191062
1761310243126601728.000000 0.840869546 -1.253164649 1.205528617 0.056649208 0.991111815 0.116500020 0.030266009
1761310243193267456.000000 0.856393218 -1.243913531 1.173504472 0.054190841 0.991398811 0.118703149 0.010065558
1761310243226600192.000000 0.871171415 -1.231954813 1.153620839 -0.052898917 -0.991465032 -0.119159445 -0.000171180
1761310243293266944.000000 0.883629799 -1.220687389 1.113699079 0.050442882 0.991180241 0.121332750 -0.017196273
1761310243359934208.000000 0.891880333 -1.200395346 1.076470137 -0.051793516 -0.990449309 -0.122444235 0.036538117
1761310243426601728.000000 0.894982994 -1.182302713 1.037429690 -0.059049625 -0.989113331 -0.120874770 0.059643108
1761310243493267200.000000 0.895906091 -1.169402242 0.996804595 0.067599893 0.987587214 0.116041876 -0.081462197
1761310243559934208.000000 0.896595836 -1.157438755 0.953063011 0.072667621 0.985391974 0.115943477 -0.101387300
1761310243626600192.000000 0.897452354 -1.150817990 0.907474279 0.073693216 0.983281672 0.114779562 -0.120632336
1761310243659933440.000000 0.898498654 -1.147767067 0.887694955 0.072638646 0.982303202 0.112255760 -0.131159276
1761310243726599168.000000 0.902462482 -1.137417793 0.849077106 0.069557495 0.979831159 0.112977393 -0.149428338
1761310243793264896.000000 0.906993091 -1.128338099 0.812309384 0.061892647 0.977574050 0.120201759 -0.161461785
1761310243859930368.000000 0.907309890 -1.121330976 0.776611805 0.057467744 0.974659145 0.126781330 -0.175110176
1761310243926595328.000000 0.909529448 -1.112141609 0.744423032 -0.051940758 -0.972167134 -0.125809580 0.190696999
1761310243993258752.000000 0.912650585 -1.104670167 0.710770369 -0.047192793 -0.969150662 -0.125486925 0.206816122
1761310244059923456.000000 0.913460851 -1.091296196 0.675872564 -0.044267107 -0.964972258 -0.130981371 0.222963780
1761310244126587648.000000 0.915977895 -1.079062939 0.642113209 0.042665903 0.960535586 0.134233266 -0.239859402
1761310244193251328.000000 0.918877602 -1.063000083 0.609716535 0.038746055 0.955964923 0.135492340 -0.257433027
1761310244259916288.000000 0.926230431 -1.044962525 0.575918078 0.031479068 0.952245533 0.133676246 -0.272705376
1761310244326586112.000000 0.934395313 -1.030825138 0.541161537 0.026291616 0.947697937 0.125869766 -0.292120278
1761310244393254144.000000 0.944083869 -1.028260231 0.499741316 0.020655816 0.941000700 0.119721010 -0.315844744
1761310244459922944.000000 0.943199098 -1.021455884 0.459687352 0.016269069 0.932098508 0.117559426 -0.342209786
1761310244526592000.000000 0.946140051 -1.020258904 0.417523026 0.008551134 0.923110187 0.116542831 -0.366349936
1761310244593260544.000000 0.943090916 -1.011967182 0.377771020 -0.003064297 -0.913181603 -0.116444081 0.390551805
1761310244659928832.000000 0.930976450 -0.998485565 0.348699212 -0.000501884 -0.902376652 -0.122174785 0.413266987
1761310244726596864.000000 0.919062257 -0.989188135 0.315933824 -0.000119922 -0.890173376 -0.129195377 0.436921000
1761310244793264640.000000 0.901704490 -0.982254446 0.287225604 0.000320991 -0.877593756 -0.132219061 0.460811526
1761310244826597376.000000 0.892168999 -0.977824092 0.273400784 -0.000623256 0.871335745 0.133368224 -0.472214520
1761310244893264896.000000 0.873952806 -0.971203864 0.251690149 0.001816607 -0.859911025 -0.136578858 0.491829127
1761310244959932160.000000 0.847627521 -0.954600751 0.223945498 -0.001497928 0.850431323 0.139108822 -0.507358968
1761310245026599168.000000 0.819446266 -0.940495968 0.200849414 0.000525293 0.844209015 0.139553204 -0.517528534
1761310245093265664.000000 0.788883209 -0.927677751 0.178648591 0.004944279 0.839966595 0.135410964 -0.525448084
1761310245159932160.000000 0.754880667 -0.916445255 0.156435013 -0.011323000 -0.838071287 -0.125975341 0.530696332
1761310245259944704.000000 0.695501983 -0.906134963 0.120142698 -0.023140999 -0.836877763 -0.115608208 0.534541667
1761310245326697472.000000 0.657555640 -0.903803468 0.103742838 -0.027704915 -0.834771454 -0.113605984 0.538036048
1761310245360074752.000000 0.641806066 -0.899761796 0.089218080 -0.027335165 -0.833159924 -0.109667070 0.541359961
