1753297853336494336.000000 -0.000000000 0.000000003 0.000000007 0.000000032 0.000000001 0.000000000 1.000000000
1753297853369835520.000000 -0.001553680 0.001067798 0.001067567 0.000140577 0.000894404 -0.000623839 0.999999404
1753297853436517632.000000 -0.003364199 0.000230420 0.001666088 0.000281485 -0.000063362 0.000051736 1.000000000
1753297853469859328.000000 -0.005440393 0.001665159 0.004023091 0.000255769 -0.001024261 0.000568648 0.999999344
1753297853536542208.000000 -0.008778031 0.004240171 0.007087238 0.000947927 -0.006192183 -0.000282000 0.999980390
1753297853603225088.000000 -0.013570110 0.004520699 0.010794784 0.004851435 -0.013394845 0.000340078 0.999898553
1753297853636566528.000000 -0.016657086 0.005167907 0.009789241 0.007364020 -0.017707525 -0.000197328 0.999816060
1753297853703249408.000000 -0.022135803 0.008487977 0.013944130 0.011005621 -0.025649600 -0.001388958 0.999609470
1753297853736591104.000000 -0.025171645 0.009921258 0.016492290 0.012226425 -0.029573768 -0.003380042 0.999482214
1753297853769932288.000000 -0.028663395 0.011430672 0.018806614 0.012275384 -0.032774758 -0.004646624 0.999376595
1753297853803273984.000000 -0.032826509 0.014642776 0.025592720 0.013553362 -0.035128474 -0.004811704 0.999279320
1753297853836614400.000000 -0.035607055 0.014399116 0.028548645 0.014834300 -0.037689917 -0.005905733 0.999161899
1753297853903297280.000000 -0.039683778 0.017681090 0.045419127 0.007993972 -0.040555611 -0.006795891 0.999122262
1753297853936638720.000000 -0.043992195 0.015500618 0.052896991 0.003846072 -0.039944012 -0.006268117 0.999174953
1753297853969979904.000000 -0.059945144 0.023272084 0.061935756 0.003561207 -0.037911046 -0.006884598 0.999251127
1753297854003321088.000000 -0.063032433 0.023081083 0.066542022 0.002987156 -0.037211005 -0.007733835 0.999273062
1753297854036662784.000000 -0.065822937 0.024590181 0.078728512 0.000703766 -0.037566327 -0.008974157 0.999253690
1753297854070004224.000000 -0.070662051 0.023820469 0.088328242 -0.002816271 -0.039233461 -0.011143302 0.999163985
1753297854103345664.000000 -0.073492937 0.026650669 0.097530276 -0.006217412 -0.042936776 -0.013847247 0.998962462
1753297854136687104.000000 -0.077337436 0.029283393 0.111672617 -0.009970230 -0.047354911 -0.015636064 0.998705983
1753297854203369728.000000 -0.062378962 0.037646789 0.143153131 -0.014008705 -0.057858348 -0.013442263 0.998136044
1753297854236711168.000000 -0.069598511 0.036961570 0.150140837 -0.013477432 -0.060524158 -0.009298130 0.998032510
1753297854270052352.000000 -0.054787159 0.038779046 0.163985312 -0.011918447 -0.065375090 -0.004374390 0.997780025
1753297854303392768.000000 -0.048418801 0.040983718 0.178170651 -0.009618813 -0.069785975 0.001777074 0.997514069
1753297854336734208.000000 -0.043847464 0.040267952 0.191512734 -0.006182750 -0.075106122 0.007736056 0.997126400
1753297854370075648.000000 -0.038649958 0.042160913 0.204523712 -0.001574619 -0.082881153 0.012914354 0.996474564
1753297854436758272.000000 -0.030845419 0.045446105 0.236673921 0.004707520 -0.105246484 0.018898232 0.994255483
1753297854470099712.000000 -0.023662791 0.044389542 0.256312847 0.007674962 -0.119065627 0.021003706 0.992634535
1753297854503440896.000000 -0.023053845 0.042712409 0.273229629 0.010428301 -0.134123370 0.023274681 0.990636468
1753297854570123520.000000 -0.020200115 0.038570903 0.309010446 0.013510089 -0.167533770 0.029316265 0.985337794
1753297854603464960.000000 -0.016314175 0.036334686 0.328124553 0.015145385 -0.186448723 0.033220749 0.981786072
1753297854670147328.000000 -0.015013225 0.038468957 0.364189446 0.017151030 -0.225841060 0.041764967 0.973117352
1753297854703488768.000000 -0.015745480 0.039391726 0.381150991 0.016611520 -0.244695812 0.045763701 0.968376875
1753297854770170368.000000 -0.020339131 0.052107833 0.422336400 0.017309634 -0.279387295 0.049170427 0.958762407
1753297854803511552.000000 -0.023738347 0.051182605 0.437395751 0.016692169 -0.294070482 0.049611349 0.954349339
1753297854870194176.000000 -0.038710028 0.050828725 0.469884455 0.016242633 -0.319390863 0.049883701 0.946169853
1753297854903535360.000000 -0.045115832 0.054483455 0.480859905 0.015908860 -0.329863816 0.050878823 0.942522287
1753297854936876800.000000 -0.054825071 0.055651404 0.493374705 0.016734481 -0.339289695 0.051122662 0.939142704
1753297854970217984.000000 -0.064829484 0.052641906 0.507583141 0.017958436 -0.347190857 0.051650424 0.936198831
1753297855036900352.000000 -0.084709980 0.052950222 0.523378372 0.020834139 -0.357795149 0.049396284 0.932259977
1753297855070241792.000000 -0.096753240 0.054891393 0.531152904 0.022510311 -0.360795230 0.047904983 0.931141913
1753297855136923904.000000 -0.126335800 0.059093162 0.549651206 0.025487410 -0.364137977 0.044955503 0.929910243
1753297855170264320.000000 -0.141537666 0.062949158 0.554881454 0.025507716 -0.364379019 0.044030238 0.929859519
1753297855236946688.000000 -0.170745552 0.069215924 0.568575919 0.026997378 -0.364439726 0.041637041 0.929903924
1753297855270287872.000000 -0.186300159 0.073627561 0.574673235 0.029349880 -0.363140225 0.040829629 0.930376649
1753297855303629568.000000 -0.208359793 0.068918169 0.586355567 0.031756613 -0.361219585 0.039873850 0.931086540
1753297855370312960.000000 -0.243124709 0.071391933 0.599023819 0.037141081 -0.355973512 0.040061440 0.932897985
1753297855403654656.000000 -0.255102664 0.076272875 0.607185364 0.039018534 -0.353784502 0.040888779 0.933617830
1753297855470337536.000000 -0.292473465 0.070651263 0.623060405 0.038497198 -0.351036847 0.043332797 0.934565842
1753297855537020928.000000 -0.324850619 0.072807401 0.638951898 0.037688557 -0.350190639 0.048850100 0.934644222
1753297855570362624.000000 -0.353386849 0.059712455 0.651585698 0.035678901 -0.349915177 0.049047261 0.934815943
1753297855603704320.000000 -0.367429197 0.062568814 0.660687506 0.034041893 -0.349438459 0.049323749 0.935040772
1753297855670386432.000000 -0.398218930 0.064660944 0.678711534 0.031543329 -0.346752793 0.049384400 0.936124265
1753297855737069568.000000 -0.424905658 0.070006594 0.701201379 0.031508427 -0.342421979 0.048945926 0.937741339
1753297855770411008.000000 -0.440983474 0.071534105 0.710179806 0.029668322 -0.339699984 0.048259467 0.938826263
1753297855837094400.000000 -0.484730244 0.064155445 0.735215604 0.024079720 -0.336279809 0.046008214 0.940329373
1753297855870435840.000000 -0.503476620 0.064713635 0.746263564 0.022396034 -0.336049408 0.045252930 0.940489948
1753297855937119232.000000 -0.531627774 0.072930463 0.771591187 0.020943163 -0.338793188 0.044803400 0.939560115
1753297856003802368.000000 -0.563128471 0.080175720 0.791913986 0.018828664 -0.341879547 0.048703998 0.938292027
1753297856037143808.000000 -0.576404274 0.084500134 0.807811737 0.018601947 -0.343910843 0.053062480 0.937317252
1753297856070484480.000000 -0.589776218 0.089012891 0.821625113 0.018687416 -0.345869482 0.057436164 0.936336577
1753297856137167360.000000 -0.626208961 0.095533028 0.862328887 0.017534731 -0.351061165 0.063676752 0.934020340
1753297856203850496.000000 -0.657375813 0.100379914 0.901472270 0.012160140 -0.357799977 0.067101255 0.931304872
1753297856237192192.000000 -0.673785746 0.100911424 0.921132088 0.007540130 -0.360594422 0.067760348 0.930227578
1753297856303875328.000000 -0.712813735 0.094562225 0.962447703 0.005290742 -0.364404261 0.070556201 0.928549051
1753297856337217280.000000 -0.728267729 0.094681747 0.976008892 0.004252724 -0.366319031 0.071733728 0.927710414
1753297856370558720.000000 -0.742127955 0.094840541 0.990209162 0.002482453 -0.369369715 0.072271474 0.926464677
1753297856437242624.000000 -0.773721516 0.094622105 1.012946248 0.003293080 -0.375858307 0.071494706 0.923909187
1753297856470584064.000000 -0.804875731 0.079606786 1.015014052 0.003811165 -0.377264112 0.069344826 0.923498094
1753297856537266432.000000 -0.830377221 0.089216538 1.047502398 0.007768844 -0.384165794 0.067846254 0.920735121
1753297856570608384.000000 -0.846381843 0.092711017 1.057455659 0.008394627 -0.386268526 0.066191383 0.919970036
1753297856603950080.000000 -0.863654137 0.096124753 1.066950679 0.008953121 -0.388047963 0.063543126 0.919402480
1753297856670633472.000000 -0.900934935 0.102610134 1.085504532 0.008236236 -0.389125228 0.056506693 0.919413269
1753297856703975168.000000 -0.933853447 0.090691373 1.088766575 0.005971530 -0.386408240 0.050588336 0.920920074
1753297856770658816.000000 -0.975172460 0.102524877 1.109055638 0.003273221 -0.377678722 0.039483123 0.925088763
1753297856804000256.000000 -0.993811369 0.111267112 1.118334770 0.000435259 -0.371884614 0.034735329 0.927628756
1753297856837341952.000000 -1.013907790 0.118540421 1.126175880 -0.001211606 -0.365237832 0.031565893 0.930378199
1753297856904025344.000000 -1.052382946 0.126946092 1.142922878 -0.000084104 -0.347613275 0.028991064 0.937189698
1753297856937367296.000000 -1.070241451 0.130267620 1.150797009 0.001346502 -0.335791528 0.028724896 0.941497326
1753297857004049664.000000 -1.116592169 0.122876354 1.171043038 0.000638826 -0.303203642 0.030767560 0.952428758
1753297857070732800.000000 -1.149145603 0.120324925 1.193261623 -0.002071326 -0.267100066 0.033466179 0.963085294
1753297857104074496.000000 -1.162765861 0.120788842 1.203967452 -0.003550247 -0.248765871 0.036045190 0.967886209
1753297857170757888.000000 -1.189810276 0.121980272 1.226078510 -0.007265976 -0.210935324 0.039637666 0.976669073
1753297857204099584.000000 -1.216447711 0.118944556 1.234338403 -0.008658046 -0.191567048 0.037964083 0.980706811
1753297857270782976.000000 -1.241468549 0.120679542 1.258208394 -0.013912710 -0.154097855 0.036611632 0.987279058
1753297857304124928.000000 -1.251259923 0.123610556 1.271874666 -0.017595150 -0.136146858 0.035544954 0.989894450
1753297857370808320.000000 -1.269353509 0.126975119 1.297557950 -0.022912463 -0.101112135 0.034626890 0.994008303
1753297857404148992.000000 -1.299813867 0.129799798 1.324094892 -0.024696080 -0.083961889 0.034158364 0.995577157
1753297857470832896.000000 -1.313475847 0.135529384 1.352063656 -0.025931865 -0.056221843 0.034249820 0.997493744
1753297857504174592.000000 -1.318871737 0.140450656 1.367428541 -0.025765806 -0.045598745 0.034699753 0.998024464
1753297857537516288.000000 -1.323658228 0.145445064 1.383956194 -0.025183514 -0.037066758 0.035259169 0.998373032
1753297857604199936.000000 -1.332023025 0.155805349 1.417698383 -0.023699805 -0.025278820 0.037009437 0.998713970
1753297857637541888.000000 -1.347381949 0.157296970 1.445024490 -0.024807315 -0.020680914 0.038701206 0.998728812
1753297857704225280.000000 -1.351570964 0.165862158 1.485913396 -0.022591921 -0.018553859 0.044968687 0.998560548
1753297857737567232.000000 -1.352516532 0.168365359 1.506678700 -0.019129654 -0.020144744 0.048969176 0.998413980
1753297857804250624.000000 -1.355773926 0.170959935 1.550688386 -0.013669767 -0.028184792 0.057693955 0.997842729
1753297857837591296.000000 -1.361778259 0.171143860 1.574415684 -0.012386481 -0.033506092 0.061416544 0.997472823
1753297857904274944.000000 -1.366230011 0.173539281 1.621539712 -0.013586809 -0.045000970 0.068779655 0.996523798
1753297857937616640.000000 -1.369193196 0.174443886 1.644228578 -0.015559192 -0.048972253 0.072422601 0.996049583
1753297858004300288.000000 -1.376291513 0.174974829 1.686457276 -0.018346949 -0.055230092 0.076750033 0.995350480
1753297858037641728.000000 -1.379996419 0.175247535 1.706794262 -0.019311866 -0.058301199 0.076646678 0.995164990
1753297858104325632.000000 -1.392552018 0.174682260 1.743117452 -0.017431261 -0.063776001 0.073259823 0.995119035
1753297858171009024.000000 -1.405746102 0.174961209 1.776967406 -0.013368862 -0.067045256 0.068929106 0.995276332
1753297858237692416.000000 -1.420639634 0.177455068 1.809806943 -0.009050918 -0.065636300 0.061504968 0.995905221
1753297858271034368.000000 -1.428238153 0.180923656 1.826651931 -0.009073791 -0.063936204 0.056878038 0.996290505
1753297858304375296.000000 -1.434908628 0.178520471 1.846251011 -0.010357042 -0.061897922 0.052390780 0.996652722
1753297858371059200.000000 -1.455291152 0.190396830 1.887627721 -0.012599143 -0.054294024 0.043074358 0.997515917
1753297858437742848.000000 -1.475877047 0.199878931 1.925525784 -0.015668789 -0.043151323 0.032566566 0.998414755
1753297858471085056.000000 -1.486546397 0.205129102 1.943558693 -0.015409955 -0.037392501 0.026062397 0.998841941
1753297858537768960.000000 -1.508944869 0.210730135 1.978107929 -0.008054296 -0.027835988 0.012345532 0.999503851
1753297858604452608.000000 -1.529832363 0.213433087 2.008061171 0.006321460 -0.018342566 0.001843048 0.999810100
1753297858637794560.000000 -1.540318012 0.202772826 2.013446569 0.011916040 -0.011753732 -0.001656938 0.999858618
1753297858704478208.000000 -1.558529377 0.202977836 2.058282137 0.023477701 0.002969125 -0.009232513 0.999677300
1753297858737819392.000000 -1.565334678 0.202967077 2.078677177 0.026180867 0.010993536 -0.011760914 0.999527633
1753297858771161088.000000 -1.573714256 0.201037779 2.086336374 0.026037170 0.020155774 -0.012805573 0.999375701
1753297858837844992.000000 -1.585020781 0.206823766 2.139710188 0.020652646 0.037074085 -0.016008893 0.998970866
1753297858871186944.000000 -1.606821537 0.209910944 2.163420916 0.019056920 0.045922883 -0.016113309 0.998633265
1753297858904528896.000000 -1.594791532 0.208732262 2.177533627 0.017658288 0.052427232 -0.015549164 0.998347521
1753297858937870848.000000 -1.598672390 0.207845598 2.184393644 0.014612026 0.058873408 -0.014791661 0.998048902
1753297858971212544.000000 -1.601266265 0.210147947 2.203841209 0.010027334 0.063308515 -0.014200839 0.997842610
1753297859037896448.000000 -1.603437543 0.214375898 2.244021654 -0.000753942 0.068693712 -0.010531984 0.997581959
1753297859071238400.000000 -1.603790045 0.217237353 2.263834476 -0.004761558 0.069620267 -0.008213381 0.997528434
1753297859104580352.000000 -1.603150964 0.220738322 2.283398151 -0.008293827 0.069761164 -0.005729557 0.997512817
1753297859137922048.000000 -1.593612432 0.221316561 2.310411692 -0.011121097 0.069123298 -0.003190326 0.997541070
1753297859171263232.000000 -1.621846557 0.234196737 2.348519325 -0.012665550 0.070561960 -0.002045566 0.997424901
1753297859237946880.000000 -1.621031880 0.246316582 2.387221575 -0.016290206 0.067445926 0.000797476 0.997589648
1753297859271288832.000000 -1.621341109 0.251712084 2.408562899 -0.018989293 0.063041732 0.002630340 0.997826755
1753297859304630784.000000 -1.619839430 0.256799668 2.429661751 -0.021318937 0.056147087 0.004854733 0.998183072
1753297859337972992.000000 -1.604727864 0.255806327 2.451020241 -0.022861131 0.046467304 0.007797678 0.998627722
1753297859371314944.000000 -1.602121472 0.257888258 2.472679377 -0.023268981 0.037697196 0.010721189 0.998960793
1753297859437999104.000000 -1.605825901 0.264938027 2.515527248 -0.018769447 0.022327755 0.017668881 0.999418318
1753297859471341056.000000 -1.588371754 0.263747573 2.543472052 -0.017132888 0.013205153 0.021552751 0.999533713
1753297859504683008.000000 -1.580132723 0.259203792 2.562074661 -0.014677841 0.004175311 0.024137028 0.999592185
1753297859538025216.000000 -1.592800140 0.268295616 2.594755650 -0.012746266 -0.003483560 0.026216203 0.999568999
1753297859571367168.000000 -1.592513919 0.268069834 2.617059469 -0.014521863 -0.013755064 0.028821433 0.999384463
1753297859638050048.000000 -1.592422724 0.269230843 2.662598372 -0.021052966 -0.035451651 0.031703610 0.998646557
1753297859671392256.000000 -1.593288660 0.271255106 2.686006069 -0.024504365 -0.044556707 0.031531036 0.998208404
1753297859704734208.000000 -1.595734477 0.272065103 2.708507061 -0.028535472 -0.051856343 0.030589253 0.997778058
1753297859771418112.000000 -1.595990539 0.276451707 2.758911133 -0.040585596 -0.064534165 0.027983868 0.996697128
1753297859804760320.000000 -1.600886703 0.278342456 2.783367634 -0.047319960 -0.069269411 0.026592137 0.996120214
1753297859871444224.000000 -1.610318184 0.282804430 2.827663898 -0.059168618 -0.077619545 0.022717573 0.994966447
1753297859904786432.000000 -1.615189910 0.286101907 2.849686623 -0.063127294 -0.081231408 0.019727459 0.994498491
1753297859971470080.000000 -1.626525640 0.292679608 2.889762402 -0.068403721 -0.086720817 0.012783610 0.993799329
1753297860004812288.000000 -1.630824566 0.297950923 2.916237593 -0.068734147 -0.089499101 0.008723493 0.993574142
1753297860071495168.000000 -1.644874573 0.306326538 2.953716040 -0.073450506 -0.092140831 0.000486491 0.993033171
1753297860138179584.000000 -1.661430717 0.314677507 2.990864992 -0.078873768 -0.093419343 -0.009512366 0.992452204
1753297860171521536.000000 -1.671686888 0.318372309 3.009466648 -0.081139594 -0.094527900 -0.015159014 0.992094278
1753297860238205440.000000 -1.692276120 0.325914294 3.048414469 -0.085053496 -0.107242443 -0.023914890 0.990299523
1753297860271547648.000000 -1.702936649 0.329287559 3.070038319 -0.087988600 -0.112299606 -0.027670246 0.989384294
1753297860338231808.000000 -1.723422766 0.337108821 3.121528387 -0.095773354 -0.115017660 -0.032940511 0.988186955
1753297860371574016.000000 -1.730446935 0.337190181 3.142527819 -0.098029211 -0.114410907 -0.034036227 0.987999022
1753297860438258176.000000 -1.741733909 0.338717818 3.180441856 -0.098833315 -0.110831350 -0.032924768 0.988364518
1753297860504941568.000000 -1.748333335 0.338565379 3.214856625 -0.095325962 -0.101129688 -0.031023059 0.989809752
1753297860571625472.000000 -1.752128959 0.339772165 3.249787569 -0.092001043 -0.085460559 -0.030081101 0.991628706
1753297860604967936.000000 -1.757615209 0.341154426 3.274719954 -0.092544526 -0.077081054 -0.029539743 0.992280900
1753297860671651840.000000 -1.759409547 0.344179600 3.311129570 -0.093226932 -0.061758090 -0.028999835 0.993304431
1753297860704994304.000000 -1.759558558 0.345471650 3.329650879 -0.095105425 -0.055640861 -0.028434619 0.993504226
1753297860771678208.000000 -1.760442734 0.349409968 3.367096186 -0.099071488 -0.048395429 -0.026290325 0.993555069
1753297860838362368.000000 -1.761156678 0.354462981 3.405308723 -0.103027403 -0.046837956 -0.023508094 0.993297040
1753297860871704576.000000 -1.759099841 0.356840819 3.424677610 -0.102841459 -0.049373016 -0.022166528 0.993224323
1753297860938388736.000000 -1.764725924 0.368227810 3.468164206 -0.101642385 -0.061315961 -0.020534394 0.992717326
1753297860971729920.000000 -1.766786933 0.372367561 3.487047911 -0.100134328 -0.071378082 -0.019077169 0.992227018
1753297861038414336.000000 -1.767879725 0.377226114 3.523909569 -0.094925500 -0.098059721 -0.014643007 0.990534723
1753297861105098752.000000 -1.768941760 0.378008306 3.560843706 -0.084831960 -0.127723098 -0.009770171 0.988126993
1753297861138440704.000000 -1.769802213 0.378606945 3.580187321 -0.081061572 -0.142529562 -0.007372685 0.986438096
1753297861205125120.000000 -1.774160624 0.376384169 3.620356321 -0.074217133 -0.173565179 -0.005800919 0.982004821
1753297861271809280.000000 -1.775852799 0.373949796 3.643612623 -0.067255564 -0.204179287 -0.003366514 0.976614714
1753297861305151488.000000 -1.783529282 0.372372866 3.678065300 -0.064065121 -0.219066173 -0.002566514 0.973601103
1753297861371835904.000000 -1.793144941 0.369798481 3.711121559 -0.058501270 -0.250440776 -0.002655291 0.966359138
1753297861438519552.000000 -1.804845810 0.368878037 3.742842913 -0.054108582 -0.282783568 -0.002568065 0.957652926
1753297861471861504.000000 -1.812602282 0.369277805 3.757408381 -0.051676914 -0.298608065 -0.002187178 0.952973306
1753297861538546176.000000 -1.828364134 0.368874967 3.785034895 -0.048909493 -0.329366088 -0.000281981 0.942934752
1753297861571888384.000000 -1.836297154 0.369311780 3.799368143 -0.048186436 -0.343767405 0.000861693 0.937817335
1753297861605230848.000000 -1.842526793 0.364178807 3.812458992 -0.046617802 -0.357856393 0.001152612 0.932611525
1753297861671915008.000000 -1.862810135 0.369583637 3.842978954 -0.042972796 -0.383961827 0.002376818 0.922345400
1753297861705257472.000000 -1.873524547 0.372926146 3.852204800 -0.041795786 -0.395697206 0.002883911 0.917424977
1753297861771941888.000000 -1.897210717 0.379026532 3.870129108 -0.040380061 -0.415812373 0.003538724 0.908546627
1753297861805284352.000000 -1.909644842 0.382479370 3.878112793 -0.039044894 -0.424543858 0.003219699 0.904559374
1753297861871967744.000000 -1.935597658 0.387599170 3.893531799 -0.031319581 -0.440255791 0.002420175 0.897322774
1753297861905309952.000000 -1.948985577 0.389489204 3.899472713 -0.026764575 -0.447473198 0.000647783 0.893896580
1753297861938652160.000000 -1.963252544 0.389763445 3.904608727 -0.020799713 -0.453665465 -0.000633678 0.890929103
1753297862005336832.000000 -1.994061112 0.386223942 3.931533337 -0.005457948 -0.466512948 -0.002206456 0.884494841
1753297862038678784.000000 -2.008843899 0.386599332 3.937465191 0.002932502 -0.471675366 -0.001089114 0.881766796
1753297862072021248.000000 -2.024338722 0.385982633 3.943549633 0.009813474 -0.475612313 -0.000571200 0.879600108
1753297862105363712.000000 -2.039993763 0.386228532 3.950984955 0.014628654 -0.478594005 -0.000091941 0.877914429
1753297862172048128.000000 -2.070427895 0.388610601 3.965946913 0.018851077 -0.484476060 0.001066439 0.874600768
1753297862205390336.000000 -2.083652496 0.389947683 3.975573540 0.019637169 -0.488342464 0.001865914 0.872429132
1753297862238732288.000000 -2.106089115 0.380094349 3.975682259 0.020175135 -0.490903586 0.002190413 0.870977581
1753297862305416448.000000 -2.134582281 0.382574946 4.005039215 0.023319403 -0.499567777 0.006930598 0.865933180
1753297862338758656.000000 -2.147532701 0.383957058 4.014784813 0.024598010 -0.503922164 0.009468566 0.863346875
1753297862372101120.000000 -2.159435511 0.384773493 4.023056030 0.025132237 -0.508223891 0.011873248 0.860776305
1753297862438786048.000000 -2.185396194 0.386825323 4.040822029 0.026222369 -0.516704082 0.015750300 0.855617464
1753297862472128512.000000 -2.197673082 0.386975169 4.048992634 0.027948016 -0.521561027 0.018661991 0.852551937
1753297862505470976.000000 -2.210279942 0.387709737 4.058029175 0.028630845 -0.527375698 0.021580897 0.848875403
1753297862572155648.000000 -2.240412474 0.383345127 4.077167511 0.028825579 -0.539751589 0.026706349 0.840906799
1753297862605498368.000000 -2.261238575 0.384888113 4.093533516 0.027206611 -0.545445621 0.029501822 0.837184966
1753297862638840832.000000 -2.277078152 0.387136698 4.104553223 0.024965582 -0.551338732 0.031900879 0.833297551
1753297862672183040.000000 -2.291812420 0.390692115 4.116693020 0.022181977 -0.557539403 0.034567457 0.829133809
1753297862738867200.000000 -2.322571993 0.396208376 4.139735222 0.018301267 -0.569193244 0.040932782 0.820980370
1753297862772209408.000000 -2.337322950 0.399000049 4.151574135 0.016730802 -0.574642718 0.044493265 0.817022800
1753297862838894592.000000 -2.365858555 0.401272058 4.175780296 0.017372508 -0.583662391 0.051846910 0.810153365
1753297862872237056.000000 -2.379578829 0.402447402 4.188617706 0.019347873 -0.587706566 0.055916324 0.806907654
1753297862938921984.000000 -2.414732933 0.402071208 4.227339268 0.020185269 -0.598990798 0.061915081 0.798103511
1753297862972264192.000000 -2.429473162 0.401553184 4.241345882 0.020098953 -0.604904473 0.064449631 0.793431103
1753297863005606912.000000 -2.445336580 0.399353623 4.253964424 0.019650811 -0.611312389 0.066655993 0.788332462
1753297863072292096.000000 -2.476881266 0.398970068 4.277170181 0.016796688 -0.625153482 0.073698275 0.776833117
1753297863105634304.000000 -2.491729259 0.399610251 4.288335323 0.014742553 -0.633055508 0.076897241 0.770136476
1753297863172318464.000000 -2.522840977 0.399961501 4.304106712 0.014475803 -0.648228407 0.082517259 0.756823182
1753297863205660928.000000 -2.546869755 0.395060539 4.318872452 0.013336575 -0.656269908 0.083382793 0.749786198
1753297863272346112.000000 -2.579802036 0.395401627 4.327761650 0.011064001 -0.669880748 0.083859749 0.737634778
1753297863305688320.000000 -2.597398281 0.396163017 4.329849243 0.009046799 -0.675692201 0.083160050 0.732422471
1753297863372373248.000000 -2.632098436 0.397706449 4.333333015 0.007095115 -0.686038554 0.080375463 0.723077238
1753297863405715712.000000 -2.647542000 0.399638146 4.333632946 0.008264106 -0.689812362 0.078859635 0.719633102
1753297863439058176.000000 -2.664022684 0.400432080 4.331720352 0.009435216 -0.692508996 0.077431597 0.717179716
1753297863505743616.000000 -2.697624207 0.404314071 4.325366020 0.011854675 -0.696784377 0.074726366 0.713279068
1753297863539085824.000000 -2.722846031 0.401106626 4.332915783 0.010943986 -0.699533761 0.071990892 0.710879862
1753297863605771008.000000 -2.755136490 0.405596286 4.322886467 0.012726079 -0.700423181 0.067621537 0.710403204
1753297863639112448.000000 -2.770499229 0.406922400 4.317226887 0.016046206 -0.700707853 0.066377103 0.710172594
1753297863705797632.000000 -2.800788403 0.407807380 4.303051949 0.024948537 -0.701646268 0.064933605 0.709121823
1753297863739140096.000000 -2.816455364 0.407824039 4.295752525 0.028069839 -0.702312946 0.064331241 0.708399713
1753297863805825280.000000 -2.849989414 0.405078143 4.283254623 0.032256912 -0.703030765 0.066004544 0.707354784
1753297863839167744.000000 -2.871914148 0.400617570 4.279808521 0.033813130 -0.703906000 0.066784970 0.706337690
1753297863905852672.000000 -2.903472424 0.398228586 4.267348766 0.033663578 -0.705044925 0.068948001 0.704999745
1753297863939195392.000000 -2.919147015 0.399466604 4.261919022 0.033588048 -0.706037760 0.070806049 0.703824639
1753297863972537856.000000 -2.934056759 0.400602579 4.256243229 0.033983950 -0.707068264 0.071957260 0.702653408
1753297864039223040.000000 -2.962318897 0.400515556 4.245564461 0.033906348 -0.709256113 0.074583642 0.700173914
1753297864105906944.000000 -2.990184069 0.401388139 4.234791279 0.032982923 -0.715679824 0.071914271 0.693932950
1753297864139249920.000000 -3.009439707 0.393224955 4.234512806 0.031189824 -0.721493363 0.069343381 0.688234091
1753297864205934848.000000 -3.036475897 0.394113719 4.230070114 0.029519403 -0.732256830 0.068927690 0.676888227
1753297864239277312.000000 -3.050940990 0.396197110 4.229113579 0.028117005 -0.737841427 0.069160849 0.670832574
1753297864305963008.000000 -3.080819607 0.396130770 4.224698067 0.024113297 -0.749268174 0.068760037 0.658246100
1753297864339305984.000000 -3.096233368 0.397908181 4.224411964 0.021760434 -0.755036414 0.068919703 0.651687503
1753297864405991680.000000 -3.130114794 0.399302840 4.221157074 0.015295245 -0.767024696 0.068528689 0.637764156
1753297864439334656.000000 -3.147654295 0.388368875 4.205634594 0.010439381 -0.771956086 0.065555803 0.632200301
1753297864506019584.000000 -3.182012320 0.396526933 4.208654404 -0.005600282 0.788576841 -0.065053716 -0.611460030
1753297864539362304.000000 -3.200330734 0.397966981 4.207620621 -0.002070589 0.797508478 -0.064280555 -0.599870026
1753297864606048256.000000 -3.235754251 0.400463015 4.204360962 0.001822262 0.815320313 -0.065350123 -0.575307727
1753297864639391488.000000 -3.252914667 0.400404900 4.203862190 0.002126382 0.823984921 -0.068527199 -0.562448621
1753297864706077440.000000 -3.286682129 0.400969565 4.198906422 0.003670408 0.841271400 -0.073958941 -0.535517693
1753297864739420160.000000 -3.304587841 0.399852902 4.196514130 0.004630326 0.850249052 -0.075361639 -0.520937383
1753297864772763136.000000 -3.320611000 0.399540275 4.191303253 0.004399971 0.859293699 -0.076567359 -0.505700052
1753297864839449088.000000 -3.354846001 0.394278824 4.184267044 0.004484939 0.877872288 -0.076628715 -0.472703218
1753297864906135296.000000 -3.388999462 0.388662279 4.174318790 0.005055427 0.895397782 -0.075587064 -0.438775450
1753297864939478272.000000 -3.405250072 0.385868132 4.168591499 0.004742344 0.903707743 -0.074299060 -0.421627283
1753297865006163200.000000 -3.433515072 0.383278817 4.153353691 0.003469408 0.920003355 -0.069644913 -0.385657310
1753297865039506176.000000 -3.446747780 0.381676376 4.145409584 0.003099647 0.927634060 -0.067378871 -0.367349565
1753297865072849152.000000 -3.458064556 0.380219102 4.136549950 0.002952018 0.934833646 -0.065273069 -0.349022746
1753297865139535104.000000 -3.484800816 0.383703649 4.118052483 0.002360452 0.948298097 -0.060529854 -0.311546654
1753297865172878592.000000 -3.493102074 0.383111179 4.109463215 0.002040401 0.954294562 -0.058336362 -0.293111980
1753297865206221312.000000 -3.501081467 0.383022964 4.098736286 0.001756630 0.959881961 -0.056252051 -0.274698496
1753297865272907776.000000 -3.516029358 0.380200714 4.074440479 -0.001934222 -0.969919920 0.052243713 0.237744123
1753297865306251264.000000 -3.522346020 0.379870951 4.061807156 -0.001716993 -0.974224210 0.050191518 0.219920680
1753297865372938496.000000 -3.532825470 0.379566073 4.034064293 -0.001996445 -0.981171966 0.045630015 0.187657937
1753297865406280960.000000 -3.537042618 0.380110383 4.019035339 -0.002269508 -0.983911514 0.043225512 0.173333749
1753297865439624704.000000 -3.543719292 0.363722444 3.989177704 0.005418043 0.986038744 -0.036967721 -0.162270606
1753297865472968704.000000 -3.546555996 0.365518898 3.979430914 0.005970541 0.988019645 -0.034710236 -0.150256053
1753297865539655680.000000 -3.548756599 0.367607594 3.949329615 0.006485614 0.990787148 -0.028580399 -0.132219166
1753297865572999424.000000 -3.549134254 0.368839622 3.933191299 0.005251345 0.991846561 -0.026287755 -0.124587081
1753297865606342912.000000 -3.546507835 0.369917631 3.917181969 0.002988439 0.992765605 -0.024682589 -0.117466055
1753297865639686912.000000 -3.545021057 0.383804858 3.912639380 -0.000894435 -0.993638754 0.025049184 0.109789833
1753297865706374144.000000 -3.540181160 0.383284926 3.876417637 0.002790439 -0.995006680 0.019044075 0.097935267
1753297865739717888.000000 -3.536523342 0.381069243 3.858305693 0.005118131 -0.995467663 0.018023120 0.093237020
1753297865806405632.000000 -3.528525829 0.375542223 3.820438862 0.009169626 -0.996201694 0.014382077 0.085388772
1753297865839748352.000000 -3.525553226 0.371590197 3.803271770 0.008741691 -0.996443570 0.012250139 0.082909085
1753297865906435840.000000 -3.509849548 0.362453640 3.760256767 -0.006070706 0.996370196 -0.008588520 -0.084474020
1753297865939779840.000000 -3.511865139 0.362911791 3.751855612 -0.004295602 0.996497512 -0.008009700 -0.083126962
1753297865973123584.000000 -3.511784077 0.363558233 3.737067461 -0.003446514 0.996576369 -0.006276172 -0.082366690
1753297866006467328.000000 -3.510411263 0.362485260 3.723065615 -0.002292517 0.996668756 -0.003508693 -0.081448644
1753297866073154816.000000 -3.508349895 0.359668195 3.692878723 -0.001691890 0.996933281 0.001614220 -0.078221388
1753297866106498816.000000 -3.507486343 0.357858419 3.679071665 -0.000993101 0.997116268 0.003201955 -0.075815506
1753297866173186560.000000 -3.513768673 0.361262888 3.658245564 -0.001677054 -0.997574568 -0.005831597 0.069341294
1753297866206530560.000000 -3.513725758 0.359393418 3.644340038 -0.003337022 -0.997736096 -0.008241724 0.066661485
1753297866273217792.000000 -3.514932156 0.358492821 3.613664389 -0.006063435 -0.998070002 -0.011961112 0.060634639
1753297866306560000.000000 -3.515200615 0.358441025 3.597815037 -0.007519375 -0.998231173 -0.014005335 0.057288397
1753297866373246208.000000 -3.518160343 0.358190536 3.568166018 -0.010456064 -0.998621583 -0.016500659 0.048716873
1753297866406589184.000000 -3.513242722 0.352350414 3.551401615 0.011371938 0.998792827 0.018245008 -0.044167332
1753297866473275392.000000 -3.526643991 0.360707849 3.524072886 -0.014289032 -0.999291778 -0.018186199 0.029683433
1753297866539961600.000000 -3.533494473 0.360339701 3.492145777 -0.017893752 -0.999597907 -0.017664252 0.013107929
1753297866573304832.000000 -3.537381887 0.359029293 3.476079941 -0.020446004 -0.999636233 -0.017032886 0.004401295
1753297866639991296.000000 -3.546837330 0.355704188 3.441814423 -0.026983140 -0.999471962 -0.014098496 -0.011358826
1753297866673334016.000000 -3.551468372 0.352666199 3.423393965 -0.030928837 -0.999244988 -0.015094460 -0.018028194
1753297866740019712.000000 -3.559811354 0.353997350 3.386082172 -0.035097424 -0.998829424 -0.013816312 -0.030284820
1753297866773362944.000000 -3.564003944 0.351615757 3.367503405 -0.037479635 -0.998593807 -0.013978194 -0.034790777
1753297866840049152.000000 -3.568137884 0.344656944 3.331191063 -0.042627584 -0.998056889 -0.011491221 -0.043971106
1753297866873392384.000000 -3.568804502 0.341666818 3.314466476 -0.042339798 -0.997766674 -0.011252520 -0.050423253
1753297866906735616.000000 -3.567991734 0.340504766 3.297615051 -0.041482519 -0.997450292 -0.012916600 -0.056616507
1753297866940078848.000000 -3.566602707 0.338246226 3.279731750 -0.039741918 -0.997155666 -0.015593119 -0.062112417
1753297867006765056.000000 -3.560281038 0.334253103 3.244021416 -0.033767618 -0.996589065 -0.020861983 -0.072352037
1753297867040108544.000000 -3.561349869 0.329406410 3.215218067 0.031529520 0.996133208 0.025036607 0.078088164
1753297867073451776.000000 -3.558838129 0.332005769 3.214024067 -0.028976347 -0.995721817 -0.026577560 -0.083619110
1753297867140138240.000000 -3.549060345 0.330052376 3.182573795 -0.023431847 -0.994880497 -0.031226518 -0.093212701
1753297867173480448.000000 -3.544195175 0.331028581 3.166280270 -0.020577718 -0.994436324 -0.033812929 -0.097620599
1753297867206823936.000000 -3.537670135 0.330386519 3.151854515 -0.017524874 -0.994080186 -0.036062483 -0.100980476
1753297867273509632.000000 -3.524035454 0.331200778 3.121033669 -0.013873382 -0.993514776 -0.039819155 -0.105595447
1753297867306852352.000000 -3.517183304 0.330577612 3.106923103 -0.013099862 -0.993429899 -0.040924471 -0.106069259
1753297867340195072.000000 -3.514004946 0.328123093 3.093671799 -0.012521106 -0.993395627 -0.043067202 -0.105610870
1753297867406880256.000000 -3.500441790 0.327817768 3.068750858 -0.008627286 -0.993761301 -0.044676773 -0.101823859
1753297867440222720.000000 -3.492827415 0.327008009 3.057132721 -0.005971237 -0.994015753 -0.041888691 -0.100709811
1753297867473565440.000000 -3.483759165 0.326539278 3.045640469 -0.002951241 -0.994227827 -0.037843645 -0.100350678
1753297867540250624.000000 -3.464188576 0.325767815 3.022660255 0.003192804 -0.994718075 -0.028126141 -0.098664902
1753297867573592832.000000 -3.453366756 0.324916035 3.010730267 0.005798060 -0.994982421 -0.023667343 -0.097037546
1753297867606935808.000000 -3.425737858 0.321372807 2.993877888 -0.008014771 0.995406747 0.020399196 0.093194097
1753297867673619968.000000 -3.411441088 0.320227861 2.973161697 0.010082967 -0.995709956 -0.014751285 -0.090788186
1753297867706962688.000000 -3.403045416 0.320244074 2.960422516 0.010747664 -0.995786607 -0.010812437 -0.090424635
1753297867740305152.000000 -3.391915083 0.317153662 2.947384357 0.011187733 -0.995837092 -0.006965284 -0.090193324
1753297867773647872.000000 -3.383069277 0.315658659 2.934389830 0.010932429 -0.995864213 -0.004434498 -0.090085112
1753297867840333056.000000 -3.365163565 0.311795235 2.906941414 0.010208373 -0.995871246 -0.003158199 -0.090146892
1753297867873675776.000000 -3.357714653 0.310188621 2.892274857 0.009861738 -0.995888054 -0.002652738 -0.090014964
1753297867907018496.000000 -3.351073980 0.308577687 2.878648758 0.008534607 -0.995996475 -0.002485232 -0.088950068
1753297867973703680.000000 -3.321853161 0.288395107 2.856106520 -0.006481553 0.996515393 0.005401901 0.082981601
1753297868007046400.000000 -3.319092989 0.288486451 2.843906641 -0.005358664 0.996688962 0.003914380 0.081037909
1753297868040388864.000000 -3.322517157 0.291483939 2.831563711 0.004153704 -0.996817350 -0.002769893 -0.079563662
1753297868107073280.000000 -3.315209389 0.290832341 2.803037405 0.001699231 -0.997078896 -0.003830476 -0.076264456
1753297868140416000.000000 -3.312623501 0.290728182 2.787289858 0.000207744 -0.997184336 -0.004758340 -0.074837901
1753297868173758464.000000 -3.309869766 0.291089386 2.771611929 -0.001598236 -0.997282505 -0.006160497 -0.073396936
1753297868240443904.000000 -3.303558588 0.289680153 2.738717556 -0.004782663 -0.997553408 -0.008919488 -0.069173180
1753297868273786624.000000 -3.300238132 0.290284991 2.722555637 -0.005577867 -0.997732580 -0.009621262 -0.066378579
1753297868307129088.000000 -3.265910625 0.272440344 2.710451126 0.005467071 0.998155177 0.012873948 0.059082139
1753297868373814528.000000 -3.273304462 0.279900402 2.676479101 0.006289599 0.998335063 0.009996017 0.056458704
1753297868407157248.000000 -3.280399561 0.283102542 2.662272215 -0.007661173 -0.998412907 -0.007764062 -0.055252433
1753297868473842688.000000 -3.278065205 0.281600326 2.626910925 -0.012261561 -0.998723745 -0.001811530 -0.048963036
1753297868507184384.000000 -3.277842283 0.281251639 2.608752966 -0.014387825 -0.998777330 0.001104149 -0.047283255
1753297868573869824.000000 -3.272668600 0.278602839 2.571164608 -0.017295962 -0.998740971 0.003035819 -0.046989642
1753297868607212288.000000 -3.269711733 0.275189459 2.552920818 -0.018186387 -0.998693347 0.004413875 -0.047555305
1753297868640555264.000000 -3.264730930 0.272128701 2.536007881 -0.017260505 -0.998661637 0.006402943 -0.048333030
1753297868673897984.000000 -3.249287128 0.261829466 2.520110369 0.015502761 0.998717546 -0.007188108 0.047658641
1753297868740583168.000000 -3.243633509 0.255839109 2.492586136 -0.010430812 -0.998637915 0.011163373 -0.049888868
1753297868773926144.000000 -3.239175558 0.253459901 2.478066683 -0.007794952 -0.998606622 0.013658593 -0.050374858
1753297868807268864.000000 -3.233352423 0.251643747 2.464544296 -0.005268554 -0.998555124 0.016935499 -0.050725888
1753297868840611584.000000 -3.227357149 0.249539763 2.451637268 -0.002833763 -0.998481214 0.020095985 -0.051219106
1753297868907296768.000000 -3.213282585 0.245833114 2.425836563 0.001664299 -0.998123467 0.025385950 -0.055699803
1753297868940639744.000000 -3.206208467 0.245794386 2.413259506 0.003364952 -0.997868001 0.027287314 -0.059191525
1753297868973981440.000000 -3.198040485 0.244773269 2.400547743 0.004923477 -0.997545004 0.028866967 -0.063611545
1753297869040667136.000000 -3.173088074 0.226970792 2.370267153 -0.008279786 0.996765673 -0.027218189 0.075159363
1753297869074009600.000000 -3.167563915 0.230062008 2.357754946 0.009978886 -0.996064782 0.028047455 -0.083478816
1753297869107352576.000000 -3.158118486 0.231326520 2.344059467 0.011371396 -0.995302737 0.028978983 -0.091670126
1753297869140695296.000000 -3.147863865 0.233092204 2.330432177 0.012634501 -0.994421959 0.029929044 -0.100347601
1753297869207380736.000000 -3.123094082 0.236112803 2.303806067 0.015133173 -0.992447436 0.030213239 -0.117924884
1753297869240723712.000000 -3.111183167 0.237879276 2.290658474 0.017220063 -0.991289556 0.030374786 -0.126987860
1753297869274066176.000000 -3.097315311 0.240028143 2.277622223 0.019394832 -0.990068734 0.031060996 -0.135731444
1753297869307408384.000000 -3.083591461 0.240666762 2.264890194 0.022084562 -0.988871396 0.031962864 -0.143610433
1753297869374093056.000000 -3.046966553 0.226922125 2.239451885 -0.025464732 0.987066686 -0.032734886 0.154852942
1753297869407434240.000000 -3.034107924 0.227713257 2.229944468 -0.026253985 0.986083150 -0.033649623 0.160681456
1753297869440776704.000000 -3.020803452 0.228446051 2.214854240 -0.026583692 0.985199749 -0.033144899 0.166060701
1753297869507461120.000000 -2.993705273 0.222481370 2.186264038 -0.023500960 0.984067380 -0.032779660 0.173160985
1753297869540803072.000000 -2.981113911 0.221603215 2.173360109 -0.022393996 0.983367622 -0.033764802 0.177049547
1753297869574145536.000000 -2.971463442 0.219191521 2.164109230 0.020052245 -0.982742786 0.034701049 -0.180583790
1753297869607487744.000000 -2.958163261 0.217629001 2.148483515 -0.017564451 0.982042909 -0.035617247 0.184430555
1753297869640829952.000000 -2.946000338 0.216007352 2.136730671 -0.015800223 0.981187284 -0.035950854 0.189022288
1753297869707514880.000000 -2.923471928 0.212508708 2.111461878 -0.014166454 0.979294717 -0.035008822 0.198885843
1753297869740856832.000000 -2.912262917 0.210587412 2.098038912 -0.013070371 0.978396177 -0.033702020 0.203554317
1753297869774199296.000000 -2.901321411 0.209709018 2.085355282 -0.012311601 0.977430224 -0.032866459 0.208322704
1753297869807541504.000000 -2.890801430 0.207607463 2.072257757 -0.012005962 0.976369679 -0.032795183 0.213266805
1753297869840882688.000000 -2.880243778 0.206703097 2.060981274 -0.012111797 0.975370705 -0.033177815 0.217725992
1753297869874224896.000000 -2.870073080 0.206365451 2.049620628 -0.011668552 0.974448025 -0.033346493 0.221817464
1753297869940909312.000000 -2.848618507 0.202121869 2.024197340 -0.010480423 0.972844899 -0.033664595 0.228756964
1753297869974251776.000000 -2.837680817 0.200100526 2.011061907 -0.009936207 0.972252846 -0.034489542 0.231162727
1753297870007593984.000000 -2.821498156 0.193939269 2.001389027 -0.009033804 0.972178519 -0.034230988 0.231550440
1753297870040936192.000000 -2.816629171 0.192419708 1.988182306 0.008573692 -0.971499801 0.034909964 -0.234299019
1753297870074278656.000000 -2.805561066 0.191022098 1.971964598 0.008591728 -0.970576346 0.035949931 -0.237939894
1753297870107620864.000000 -2.796186447 0.191625744 1.956800699 0.007970395 -0.969288111 0.037078086 -0.242986411
1753297870140962816.000000 -2.786530495 0.192374438 1.940734386 0.007113460 -0.967586637 0.037208930 -0.249681905
1753297870207647488.000000 -2.767032385 0.193046346 1.907968521 0.002759981 -0.963491678 0.037456140 -0.265091091
1753297870240989696.000000 -2.759219646 0.192006916 1.890977144 -0.000887342 -0.961166382 0.038601641 -0.273255169
1753297870274332160.000000 -2.751545429 0.189514875 1.873528004 -0.006363642 -0.958877027 0.041996170 -0.280625701
1753297870307674368.000000 -2.739789486 0.187523708 1.858421803 0.010978759 0.956976593 -0.044701166 0.286490977
1753297870341017344.000000 -2.731037140 0.185478389 1.839532614 -0.014887149 -0.954907358 0.045937505 -0.292950749
1753297870374360320.000000 -2.720064163 0.182439029 1.819648743 -0.017256012 -0.953005135 0.045573942 -0.299009085
1753297870407703296.000000 -2.708441973 0.177969366 1.800710917 -0.018459463 -0.951117575 0.045180749 -0.304948032
1753297870441046528.000000 -2.696181297 0.173312947 1.782242298 -0.019247262 -0.949190378 0.044977967 -0.310876518
1753297870474389248.000000 -2.683670044 0.169580251 1.764057636 -0.018676808 -0.947117388 0.043674137 -0.317352235
1753297870541075456.000000 -2.658768654 0.164356291 1.732581854 -0.014684827 -0.942558646 0.040647101 -0.331233084
1753297870574418432.000000 -2.646849632 0.161690086 1.717898130 -0.012756577 -0.940002024 0.039850704 -0.338593364
1753297870607761664.000000 -2.632490635 0.157556087 1.705163240 0.010793087 0.937581360 -0.038444545 0.345466048
1753297870641104640.000000 -2.620289803 0.155763805 1.692051649 0.008262984 0.934957981 -0.037587836 0.352664888
1753297870674447872.000000 -2.607081890 0.154374942 1.678593397 0.006951084 0.932360232 -0.036644485 0.359601676
1753297870707790848.000000 -2.594271660 0.152469248 1.665928602 0.006142185 0.929838717 -0.035852473 0.366165161
1753297870741132800.000000 -2.579648972 0.149006143 1.653583527 -0.004920328 -0.927276134 0.033832897 -0.372813880
1753297870807819008.000000 -2.550853968 0.146129131 1.630743027 0.000065322 -0.921758115 0.030269649 -0.386582106
1753297870841162240.000000 -2.535468102 0.145577416 1.619957447 0.002952048 -0.919113040 0.029421434 -0.392882884
1753297870874504960.000000 -2.520844698 0.145740047 1.610347986 0.005628020 -0.916750550 0.029066756 -0.398361534
1753297870907848192.000000 -2.505584240 0.145554826 1.600429535 0.007915570 -0.914624572 0.028795207 -0.403199732
1753297870941191168.000000 -2.490940094 0.145827681 1.590439081 0.010397270 -0.912517011 0.028361484 -0.407921970
1753297871007877376.000000 -2.456457853 0.148591608 1.571691036 -0.015507988 0.907905102 -0.026303751 0.418062210
1753297871041220352.000000 -2.440536976 0.149761587 1.563324213 -0.016672855 0.905516982 -0.024554832 0.423270822
1753297871074563584.000000 -2.423912525 0.150603265 1.555486679 -0.017115908 0.903329551 -0.024713865 0.427892625
1753297871107906816.000000 -2.407616615 0.150836915 1.547923088 -0.018090364 0.900965154 -0.027119374 0.432665169
1753297871141249536.000000 -2.391181469 0.149988204 1.541019440 -0.019093599 0.898633420 -0.030658338 0.437210977
1753297871174591744.000000 -2.376302481 0.151154205 1.532654285 0.019639540 -0.896128654 0.036119442 -0.441886067
1753297871207934976.000000 -2.359730721 0.149448976 1.526558876 0.019758003 -0.893963933 0.041966800 -0.445731968
1753297871241278208.000000 -2.342625141 0.148080468 1.521807671 -0.019411627 0.892197430 -0.048127025 0.448654383
1753297871274621184.000000 -2.324718714 0.145194307 1.516488552 -0.019595608 0.890624166 -0.053086147 0.451205552
1753297871341307904.000000 -2.287476301 0.137687817 1.503521442 -0.019678866 0.888013124 -0.062624730 0.455108345
1753297871374651136.000000 -2.268789291 0.134283096 1.496058702 -0.019383762 0.886593461 -0.066865340 0.457280487
1753297871407994368.000000 -2.251356840 0.131327733 1.487582445 -0.019330440 0.884922087 -0.070006721 0.460041732
1753297871441337600.000000 -2.232640505 0.128068790 1.482117891 0.019475691 -0.883562088 0.072155699 -0.462311924
1753297871474680832.000000 -2.221064329 0.127392024 1.472972631 -0.018650303 0.881862223 -0.074110866 0.465272933
1753297871508024320.000000 -2.205920219 0.125402242 1.463283300 -0.017720917 0.880702078 -0.074631579 0.467418432
1753297871541367552.000000 -2.190843582 0.123711422 1.451997757 -0.016877046 0.880043864 -0.073799051 0.468819529
1753297871574710528.000000 -2.176248789 0.122139692 1.440339565 -0.015868036 0.879873157 -0.072042346 0.469447970
1753297871608054016.000000 -2.161936283 0.120741010 1.428714514 -0.015272508 0.879881442 -0.070251271 0.469723493
1753297871641396224.000000 -2.147444725 0.119609863 1.417097569 -0.014953487 0.879929721 -0.067716822 0.470015526
1753297871674739712.000000 -2.131976366 0.116659254 1.408469915 0.014673037 -0.880326986 0.064581059 -0.469721675
1753297871708082944.000000 -2.118908644 0.115390584 1.397695065 0.014306142 -0.880021870 0.062205337 -0.470624536
1753297871741426176.000000 -2.105502605 0.113981411 1.387198687 0.014076121 -0.879512727 0.060688645 -0.471779704
1753297871808113152.000000 -2.078208685 0.111533955 1.364334106 0.014042541 -0.877831876 0.057815041 -0.475259393
1753297871841456384.000000 -2.064417124 0.110590756 1.351946831 0.013881748 -0.876456439 0.056785271 -0.477919370
1753297871874799616.000000 -2.051032782 0.110668048 1.340349674 0.013916749 -0.874567807 0.055619206 -0.481501758
1753297871908142848.000000 -2.037329912 0.110690884 1.328368664 0.014038697 -0.872067988 0.054227088 -0.486168534
1753297871941486336.000000 -2.023609161 0.111089319 1.316314459 0.013963950 -0.868806303 0.053392202 -0.492067009
1753297871974829568.000000 -2.008190155 0.113942519 1.301499367 -0.013113840 0.865151525 -0.052643079 0.498567581
1753297872008173056.000000 -1.993856907 0.112587050 1.288059950 -0.012584191 0.861160159 -0.051075768 0.505604684
1753297872041516288.000000 -1.980366468 0.111999348 1.274071217 -0.011267234 0.856881261 -0.051513903 0.512809932
1753297872074858752.000000 -1.966699600 0.110086620 1.259701014 -0.009661576 0.852666080 -0.051830124 0.519789279
1753297872108202240.000000 -1.951906919 0.107031219 1.244690180 -0.007973287 0.848473310 -0.051922578 0.526624739
1753297872141545216.000000 -1.937731743 0.103938505 1.229846239 -0.006387141 0.843983531 -0.051830292 0.533820748
1753297872208232192.000000 -1.905356765 0.099049531 1.203788519 0.007309642 -0.834228456 0.050698426 -0.549034834
1753297872241575680.000000 -1.889185429 0.094590403 1.192024708 0.008679011 -0.828933537 0.049199488 -0.557111561
1753297872274918912.000000 -1.872925043 0.091415815 1.180675030 0.009731729 -0.823250890 0.048411522 -0.565526068
1753297872308261376.000000 -1.857043743 0.088916481 1.170189977 0.011150222 -0.817703962 0.047831617 -0.573539913
1753297872341604352.000000 -1.840734482 0.087310135 1.160104156 0.013711264 -0.812073827 0.046372570 -0.581547737
1753297872374947072.000000 -1.829753637 0.087061971 1.152868271 0.016550712 -0.805926442 0.043822102 -0.590159595
1753297872408289792.000000 -1.813002110 0.085150532 1.144801259 -0.019421764 0.799051583 -0.041433327 0.599518716
1753297872441632256.000000 -1.797760010 0.083680600 1.139342785 -0.021922985 0.791721165 -0.039635874 0.609201133
1753297872474975232.000000 -1.781718254 0.082263753 1.133281350 -0.025013026 0.783703208 -0.037833948 0.619477391
1753297872508316928.000000 -1.766394258 0.081008017 1.128274202 -0.027441911 0.775720060 -0.036274124 0.629435956
1753297872541659648.000000 -1.751005650 0.080583170 1.123408437 -0.029647939 0.767865956 -0.034854908 0.638974190
1753297872575002368.000000 -1.736056209 0.081070565 1.120985150 -0.032766584 0.760607362 -0.033594392 0.647513986
1753297872608345344.000000 -1.719845176 0.082747668 1.115937710 0.035404000 -0.753249347 0.032487009 -0.655977607
1753297872641687808.000000 -1.704839587 0.083288364 1.114485502 0.037916977 -0.746564507 0.032053117 -0.663457930
1753297872708373504.000000 -1.674029350 0.084315673 1.111186028 0.041378148 -0.736039877 0.030514808 -0.674983025
1753297872741716480.000000 -1.659006238 0.085314944 1.111760616 0.042888019 -0.732749522 0.029810948 -0.678491116
1753297872775058688.000000 -1.643350482 0.085662022 1.113021255 0.044096965 -0.731072068 0.028672123 -0.680269837
1753297872808401664.000000 -1.627204895 0.088046104 1.113796592 0.045276266 -0.730359912 0.028350163 -0.680970550
1753297872841744384.000000 -1.610048413 0.089287832 1.104066849 0.045121741 -0.729206741 0.028182855 -0.682222307
1753297872875087360.000000 -1.595157504 0.091512196 1.104661226 0.045057356 -0.728876591 0.029122468 -0.682539940
1753297872908429824.000000 -1.580269814 0.094274394 1.105917811 0.045391146 -0.728389561 0.030967962 -0.682956338
1753297872941772800.000000 -1.564370155 0.097158253 1.107198477 0.045586362 -0.728327811 0.033441164 -0.682892501
1753297872975114496.000000 -1.548668027 0.099960387 1.110400796 0.045443106 -0.728771031 0.036280796 -0.682284057
1753297873008457216.000000 -1.532966256 0.101897836 1.112252235 0.044693191 -0.729715645 0.039492868 -0.681144655
1753297873041799936.000000 -1.509000897 0.094689310 1.112927675 -0.044164795 0.731406212 -0.040868323 0.679282129
1753297873075142912.000000 -1.492707014 0.095502853 1.115908742 0.042701066 -0.733566463 0.042559557 -0.676938474
1753297873141828352.000000 -1.459117651 0.092885867 1.121163249 0.039211065 -0.738458812 0.045333449 -0.671629369
1753297873175171072.000000 -1.442720056 0.091606081 1.125479221 0.038507264 -0.740529120 0.046012796 -0.669340551
1753297873208514048.000000 -1.426620603 0.091796748 1.128698111 0.036749147 -0.742650926 0.046642222 -0.667041004
1753297873241856512.000000 -1.409571767 0.091281347 1.130650997 0.035011470 -0.744642735 0.046516225 -0.664919376
1753297873275199488.000000 -1.393425584 0.090876848 1.133474827 0.034118153 -0.746801853 0.045984015 -0.662577212
1753297873308541952.000000 -1.378247499 0.088855773 1.130603075 -0.033494577 0.748574078 -0.045697652 0.660626054
1753297873341884672.000000 -1.362972975 0.089872003 1.131669521 -0.032336198 0.751397133 -0.045272317 0.657500803
1753297873375226880.000000 -1.348397255 0.088656120 1.132857084 -0.031769078 0.754894018 -0.043975573 0.653599262
1753297873408568576.000000 -1.333516836 0.089042515 1.134113431 -0.031857189 0.758348167 -0.042953670 0.649652362
1753297873441911296.000000 -1.319020391 0.089436606 1.135656118 0.031871323 -0.761542439 0.042078353 -0.645962000
1753297873475253504.000000 -1.304700851 0.089188613 1.136308432 0.032067448 -0.764386117 0.041090697 -0.642648458
1753297873508596224.000000 -1.285724878 0.085223302 1.130759239 -0.032277014 0.766377211 -0.040076315 0.640326619
1753297873541938688.000000 -1.273215652 0.085681081 1.129549146 -0.031937044 0.768619657 -0.039945688 0.637658477
1753297873575281152.000000 -1.260157347 0.086111397 1.128804326 -0.031509552 0.770830870 -0.039441384 0.635036528
1753297873608623616.000000 -1.246809483 0.087099858 1.127066851 -0.030989101 0.773098648 -0.038294576 0.632369876
1753297873641966592.000000 -1.232839227 0.088685527 1.125034332 -0.030218245 0.775861561 -0.036368635 0.629128873
1753297873675309056.000000 -1.218699098 0.090129808 1.122118235 -0.030062327 0.778831244 -0.034340806 0.625570774
1753297873708651520.000000 -1.204145908 0.090709612 1.119877934 -0.030315703 0.781824410 -0.033035398 0.621884406
1753297873741994240.000000 -1.190097451 0.091514617 1.116868854 -0.030128021 0.784521163 -0.032280181 0.618528068
1753297873808679168.000000 -1.160676241 0.090595677 1.101442218 0.029338621 -0.786457717 0.030448761 -0.616195083
1753297873842020864.000000 -1.146908283 0.092932574 1.097864747 0.028489882 -0.787182868 0.030109676 -0.615325034
1753297873875363328.000000 -1.132828832 0.093792811 1.092012405 0.027093627 -0.788259506 0.028572002 -0.614081919
1753297873908705792.000000 -1.118431449 0.093870260 1.087504864 0.025327180 -0.790082932 0.027739739 -0.611848056
1753297873942048256.000000 -1.104977846 0.093494013 1.082068682 0.022740507 -0.792493463 0.028522536 -0.608788610
1753297873975390976.000000 -1.090365648 0.091749437 1.076162577 0.019396644 -0.795704484 0.029381270 -0.604660988
1753297874008733440.000000 -1.074540615 0.089813776 1.068064094 -0.016038321 0.798874617 -0.029951025 0.600537360
1753297874042075904.000000 -1.058926702 0.088527046 1.061205387 -0.013625310 0.801943421 -0.029518975 0.596514702
1753297874075418368.000000 -1.041856527 0.086109594 1.055132627 -0.012838813 0.804378092 -0.028563306 0.593291879
1753297874108761344.000000 -1.023120403 0.082681179 1.046232700 0.011562248 -0.806136131 0.028723776 -0.590919554
1753297874142103552.000000 -1.006331563 0.080257148 1.040659070 0.010916336 -0.807961404 0.029012661 -0.588419557
1753297874208788992.000000 -0.971730769 0.077547491 1.031026602 0.015619568 -0.809855521 0.026086260 -0.585841000
1753297874242131200.000000 -0.953047633 0.077332817 1.025200844 0.019366050 -0.810019314 0.023034627 -0.585630536
1753297874275473664.000000 -0.933957398 0.078583345 1.019207954 0.023668190 -0.810196579 0.017809190 -0.585409462
1753297874308814592.000000 -0.915265679 0.079592004 1.013282537 0.028180994 -0.810709178 0.011397591 -0.584659398
1753297874342156288.000000 -0.895323575 0.078242555 1.008465052 0.031430963 -0.812746704 0.004367405 -0.581752419
1753297874375498496.000000 -0.879060030 0.078053162 1.003523827 0.034319662 -0.815704405 -0.001703756 -0.577447593
1753297874408840704.000000 -0.863134325 0.077789307 1.000054359 0.037173610 -0.819316924 -0.007992344 -0.572078824
1753297874475524352.000000 -0.830469012 0.077044182 0.992388368 0.045152459 -0.825450778 -0.019824244 -0.562316060
1753297874508866560.000000 -0.814310133 0.078335844 0.990290403 0.050004821 -0.827892661 -0.026162697 -0.558040202
1753297874542208256.000000 -0.795537949 0.081242360 0.984186292 -0.054869246 0.829848349 0.031787582 0.554374158
1753297874575550208.000000 -0.778435647 0.082972325 0.982719660 0.058628179 -0.832790554 -0.036226995 -0.549281538
1753297874608892416.000000 -0.763695478 0.083697699 0.979860187 0.061127726 -0.836701274 -0.039935172 -0.542770326
1753297874642234112.000000 -0.748425364 0.084238030 0.977792621 0.063572004 -0.841996908 -0.042940971 -0.533999979
1753297874675576320.000000 -0.733068585 0.085809439 0.976646602 0.066648491 -0.847809792 -0.045232628 -0.524147451
1753297874742258944.000000 -0.702773392 0.089856833 0.976534367 0.071950108 -0.859447122 -0.050144393 -0.503646076
1753297874775600896.000000 -0.687018096 0.091747358 0.975890160 -0.073681161 0.866028070 0.053844474 0.491596729
1753297874808942848.000000 -0.671772778 0.094975263 0.978673875 0.075840279 -0.873090029 -0.055939548 -0.478364825
1753297874842284800.000000 -0.657956719 0.097718552 0.978985906 0.076497421 -0.880216539 -0.057157423 -0.464865655
1753297874875626752.000000 -0.644517004 0.098586082 0.979971945 0.076037973 -0.887669504 -0.058161650 -0.450420290
1753297874908968448.000000 -0.631124735 0.099281050 0.981623232 0.074718542 -0.895347834 -0.057744320 -0.435241371
1753297874942310656.000000 -0.617820442 0.099953502 0.983389139 0.072630353 -0.902972817 -0.057873420 -0.419542164
1753297874975652352.000000 -0.604978383 0.100236602 0.985833228 0.069989055 -0.910217643 -0.058855157 -0.403907657
1753297875008994048.000000 -0.588238716 0.101186916 0.989929974 0.068597555 -0.917260587 -0.061195642 -0.387533844
1753297875042336256.000000 -0.574330091 0.100081086 0.991475642 0.065587766 -0.923967183 -0.064745001 -0.371202141
1753297875075677952.000000 -0.560803235 0.098855145 0.993051529 0.063443527 -0.930268705 -0.068286441 -0.354841053
1753297875109019904.000000 -0.546760917 0.098449387 0.994759619 0.061985619 -0.936163843 -0.071818382 -0.338522285
1753297875142361856.000000 -0.533174038 0.097645879 0.995608509 0.059434053 -0.941910028 -0.075070627 -0.321927965
1753297875175702528.000000 -0.520624757 0.097091019 0.996354759 0.055286765 -0.947600186 -0.077374920 -0.304976255
1753297875209044480.000000 -0.506552100 0.096552968 0.994898081 -0.051160961 0.952801943 0.079983853 0.288363934
1753297875242386688.000000 -0.495147973 0.096641615 0.996006846 -0.047655165 0.957706809 0.081782803 0.271732122
1753297875275728384.000000 -0.483629346 0.096910566 0.995764971 -0.044083092 0.962315142 0.083983660 0.254858971
1753297875342413824.000000 -0.460079998 0.099460125 0.995223641 0.039315622 -0.970299184 -0.090288259 -0.220956758
1753297875375756288.000000 -0.452247441 0.100904569 0.993022680 0.037497364 -0.973479867 -0.093840457 -0.205243543
1753297875409098752.000000 -0.444773763 0.100288123 0.987411141 -0.035262793 0.976066649 0.099058032 0.190362841
1753297875442441472.000000 -0.432538927 0.102066085 0.986826301 0.035506763 -0.978486419 -0.102241233 -0.175642908
1753297875475783936.000000 -0.423831701 0.101915851 0.984061241 0.035105936 -0.980416358 -0.104945935 -0.162904039
1753297875509126656.000000 -0.415020674 0.101874456 0.980621099 0.035094786 -0.982103050 -0.106698282 -0.151186839
1753297875542469376.000000 -0.403677166 0.101546630 0.977758408 0.034996480 -0.983832240 -0.107534386 -0.138873458
1753297875575811840.000000 -0.397652149 0.100704372 0.974172235 0.033842552 -0.985536456 -0.106343217 -0.127529010
1753297875609154304.000000 -0.391666055 0.099834010 0.970345140 0.032163668 -0.987022161 -0.105577633 -0.116645798
1753297875642495744.000000 -0.385656357 0.099187359 0.966022849 0.030181637 -0.988215625 -0.105210960 -0.107003175
1753297875709181184.000000 -0.377483487 0.096482441 0.954513669 -0.025372267 0.990070760 0.103239983 0.091965906
1753297875742523648.000000 -0.374880403 0.095554799 0.950888932 -0.023590304 0.990775704 0.101562656 0.086557224
1753297875775866368.000000 -0.367376268 0.096468791 0.947462738 -0.022514788 0.991453290 0.098694116 0.082298264
1753297875809208576.000000 -0.367923945 0.095530987 0.941715658 -0.019297978 0.992039084 0.095608562 0.079656094
1753297875875893760.000000 -0.360652775 0.095384449 0.931103468 -0.011663287 0.993293822 0.087329008 0.074866988
1753297875909236736.000000 -0.359429568 0.094766870 0.925096154 -0.006740472 0.993849516 0.082302317 0.073784590
1753297875942578944.000000 -0.357683510 0.093736514 0.918717921 -0.001371636 0.994358242 0.077576719 0.072330959
1753297875975921664.000000 -0.358817220 0.091242969 0.910348177 0.003813880 0.994671822 0.074812807 0.070828304
1753297876009264128.000000 -0.352672845 0.090888217 0.903196990 0.006407824 0.994997501 0.071484707 0.069490589
1753297876042606592.000000 -0.340505600 0.086748093 0.891652405 -0.007551630 -0.995145559 -0.071687534 -0.067002267
1753297876075948288.000000 -0.334605992 0.087419212 0.883732438 -0.007303040 -0.995126367 -0.070767313 -0.068280607
1753297876109290752.000000 -0.329237819 0.086085372 0.874603033 -0.007702613 -0.995129883 -0.069222517 -0.069752783
1753297876142633216.000000 -0.324015856 0.084553391 0.865998030 -0.007374535 -0.995155692 -0.067173228 -0.071404442
1753297876209318656.000000 -0.314276129 0.082547605 0.848969877 -0.006412623 -0.994965017 -0.065145977 -0.075892165
1753297876242661120.000000 -0.309386373 0.082228854 0.840863347 -0.005782239 -0.994826436 -0.064877667 -0.077960983
1753297876276003584.000000 -0.304203868 0.081322357 0.830108404 0.004352015 0.994552970 0.066603504 0.080059491
1753297876309346048.000000 -0.298998684 0.081677273 0.821509182 0.002965510 0.994411886 0.067324884 0.081262320
1753297876342688512.000000 -0.294039160 0.080991708 0.813192904 0.002402973 0.994444847 0.067040570 0.081112958
1753297876376030976.000000 -0.289462835 0.079174399 0.804503679 0.001843176 0.994509280 0.067395993 0.080036402
1753297876409373184.000000 -0.284691453 0.076977983 0.795752525 0.001141716 0.994597852 0.068145335 0.078294083
1753297876442715904.000000 -0.280048728 0.074545458 0.787003458 0.000959342 0.994753063 0.068376102 0.076093607
1753297876476058112.000000 -0.275029272 0.071883403 0.777961195 0.000680347 0.994935036 0.068686090 0.073390521
1753297876509399552.000000 -0.270200491 0.070499212 0.768555999 0.000265567 0.995042205 0.069908664 0.070737772
1753297876576084480.000000 -0.256099820 0.067029707 0.744756281 0.000352062 -0.995087981 -0.075364545 -0.064188130
1753297876609426688.000000 -0.251151115 0.066871569 0.734284043 0.000727393 -0.995147407 -0.077331573 -0.060836323
1753297876642769408.000000 -0.244864970 0.066690989 0.724451303 0.001523292 -0.995201111 -0.079727612 -0.056710120
1753297876676111360.000000 -0.238418296 0.066637568 0.715435565 0.002466667 -0.995355129 -0.080963776 -0.052029707
1753297876709454080.000000 -0.231366485 0.066117741 0.707014203 0.003464467 -0.995509088 -0.082034625 -0.047117051
1753297876742796544.000000 -0.224189878 0.065381549 0.699784040 0.004273860 -0.995694220 -0.082506970 -0.042040680
1753297876776139008.000000 -0.214964092 0.064703129 0.691926122 -0.005076907 0.995960116 0.082058765 0.036111984
1753297876809481472.000000 -0.206893146 0.063432246 0.685299814 -0.005861435 0.996197283 0.081330135 0.030694898
1753297876842823680.000000 -0.198698252 0.062104240 0.678924620 -0.006218624 0.996397734 0.080717199 0.025250208
1753297876876166400.000000 -0.191164017 0.060204245 0.672206759 -0.005893925 0.996607006 0.079652637 0.019880492
1753297876909508352.000000 -0.182645380 0.058664180 0.665887773 -0.005412761 0.996737063 0.079148136 0.014882877
1753297876942850816.000000 -0.172688380 0.056692652 0.656395376 0.004082126 -0.996872246 -0.078317218 -0.009778362
1753297877009534720.000000 -0.156052336 0.053381048 0.644524872 0.002062785 -0.997173667 -0.075100593 -0.000583767
1753297877042877184.000000 -0.148119017 0.051733993 0.638774455 -0.000030581 -0.997286677 -0.073467113 0.004673244
1753297877109561856.000000 -0.133042142 0.048230030 0.627453446 -0.004133476 -0.997388661 -0.070161305 0.016623242
1753297877142904320.000000 -0.125863984 0.046235345 0.622256041 0.005376955 0.997338057 0.068941429 -0.023132440
1753297877209588992.000000 -0.112324357 0.044406593 0.612640083 0.007590270 0.997154832 0.065025628 -0.037368242
1753297877242931456.000000 -0.105871692 0.044432729 0.607813835 0.008297829 0.996943712 0.063575156 -0.044639256
1753297877309616640.000000 -0.095253244 0.044815265 0.596864998 0.009977776 0.996271789 0.062424354 -0.058705423
1753297877342958848.000000 -0.090860039 0.044608831 0.590825200 0.010800038 0.995822549 0.062944107 -0.065260656
1753297877376301568.000000 -0.087245136 0.044279605 0.585134327 0.011257134 0.995377064 0.063607372 -0.071077101
1753297877442985216.000000 -0.079765469 0.040427789 0.571140587 -0.012076677 -0.994399250 -0.066081986 0.081593297
1753297877476327936.000000 -0.077210069 0.038926937 0.565487921 -0.012117201 -0.994148493 -0.065822393 0.084790215
1753297877543012864.000000 -0.073540062 0.036454052 0.555217862 -0.013545586 -0.993939698 -0.064158365 0.088227786
1753297877609698048.000000 -0.071480870 0.035852857 0.544887900 -0.014563115 -0.993925810 -0.064239562 0.088163331
1753297877643040512.000000 -0.071563005 0.036802310 0.540021062 0.014083842 0.994045675 0.064158887 -0.086939871
1753297877709725440.000000 -0.071003869 0.037534423 0.529890776 0.010653882 0.994349897 0.066534445 -0.082024500
1753297877743067904.000000 -0.072125509 0.037555173 0.525152624 0.009509400 0.994689763 0.067467898 -0.077136345
1753297877776410368.000000 -0.073823333 0.036745645 0.521256149 0.009710718 0.995074987 0.067343496 -0.072085828
1753297877843094272.000000 -0.079576924 0.033914201 0.513687193 0.011393184 0.995763958 0.065879285 -0.063121788
1753297877876436736.000000 -0.082624733 0.033177417 0.509473920 0.012360128 0.996004820 0.065246090 -0.059703548
1753297877909779200.000000 -0.085760951 0.033044133 0.504748464 0.012935657 0.996169806 0.065596655 -0.056352850
1753297877943121920.000000 -0.088423610 0.032911580 0.500634789 -0.013166616 -0.996271312 -0.066320904 0.053588297
1753297878009806592.000000 -0.091258824 0.034421243 0.492003590 -0.012765482 -0.996444821 -0.066971906 0.049492359
1753297878043149312.000000 -0.092438862 0.035165116 0.487362593 -0.012360774 -0.996487081 -0.067867517 0.047483839
1753297878109834240.000000 -0.091354892 0.035470594 0.479528964 -0.012459109 -0.996390462 -0.070769474 0.045194268
1753297878176519168.000000 -0.087255999 0.034385830 0.474041551 -0.012106179 -0.996258736 -0.072631449 0.045240059
1753297878209861632.000000 -0.083601788 0.033977482 0.472737789 0.011623503 0.996288061 0.071309812 -0.046796922
1753297878276546560.000000 -0.074225426 0.031763528 0.471702963 0.010476848 0.996216536 0.067709692 -0.053463534
1753297878309887232.000000 -0.069101200 0.031647202 0.472223759 0.010116275 0.996104956 0.065371320 -0.058302768
1753297878343228928.000000 -0.062811047 0.031499490 0.472363681 0.010124388 0.995860636 0.063367300 -0.064372368
1753297878409912832.000000 -0.047848880 0.030835256 0.472987413 0.010618538 0.995088518 0.059487581 -0.078404948
1753297878476596480.000000 -0.027415574 0.029233750 0.472186089 -0.013234706 -0.993605137 -0.055831611 0.097244672
1753297878509938432.000000 -0.016789600 0.029637776 0.472594798 -0.014805893 -0.992700160 -0.054320011 0.106660932
1753297878576622336.000000 0.006239057 0.030094206 0.471780390 -0.018179003 -0.990410566 -0.053470906 0.126084566
1753297878609964032.000000 0.018833190 0.030038714 0.470531464 -0.019269466 -0.988988519 -0.053934436 0.136460826
1753297878676647936.000000 0.046362966 0.028806534 0.466981769 -0.020573825 -0.986249983 -0.054082431 0.154799625
1753297878709989888.000000 0.058545887 0.027213730 0.465365738 0.021163860 0.985011101 0.054014333 -0.162443161
1753297878776672256.000000 0.084557801 0.026998796 0.463105232 0.021954900 0.982186794 0.051981829 -0.179234684
1753297878810014464.000000 0.097509518 0.026879463 0.458660394 -0.021856753 -0.980137467 -0.053175330 0.189803392
1753297878876698112.000000 0.120609820 0.028495047 0.454208463 -0.020917203 -0.975886226 -0.059030175 0.209102735
1753297878910039808.000000 0.130450338 0.029632390 0.452982873 -0.020329198 -0.973622322 -0.061637476 0.218740180
1753297878976723456.000000 0.151069954 0.030686963 0.453673542 -0.017521543 -0.968816876 -0.066484287 0.238047689
1753297879043406848.000000 0.171927422 0.029352110 0.458506972 0.012258818 0.964251399 0.065746501 -0.256410509
1753297879076748800.000000 0.182625175 0.029319882 0.462608159 0.008456857 0.962133050 0.063749216 -0.264885813
1753297879143432448.000000 0.204756394 0.028506525 0.468961984 0.000557571 -0.958277404 -0.060955137 0.279264599
1753297879176773376.000000 0.215489402 0.028742459 0.472454280 0.005404701 -0.957023501 -0.059610538 0.283766478
1753297879243456768.000000 0.234719604 0.029310707 0.481820613 0.013439555 -0.955556333 -0.056564867 0.289018899
1753297879310141440.000000 0.251804292 0.031099740 0.492053330 0.019468546 -0.954440892 -0.053186167 0.292975962
1753297879376826368.000000 0.265356243 0.033147864 0.502557516 -0.022023063 0.953764737 0.054117810 -0.294820577
1753297879443511296.000000 0.277112305 0.036831096 0.514159203 -0.020982049 0.953430533 0.056197539 -0.295587480
1753297879476853504.000000 0.282171786 0.038504578 0.520709813 -0.019377364 0.953350127 0.056692589 -0.295861691
1753297879543538432.000000 0.292092234 0.043358095 0.535378754 -0.015042218 0.952989280 0.059114147 -0.296801001
1753297879576880896.000000 0.297234803 0.046132430 0.543397725 -0.012421095 0.952648103 0.060688946 -0.297698259
1753297879643564800.000000 0.311266601 0.046943128 0.556905150 0.006952634 -0.951459765 -0.064896584 0.300772995
1753297879710249472.000000 0.322683454 0.050482512 0.574060142 0.001942461 -0.951440454 -0.068599731 0.300085604
1753297879743591936.000000 0.328380585 0.051418692 0.582722902 -0.000939537 -0.951453805 -0.070039742 0.299715400
1753297879810276864.000000 0.340909421 0.053124085 0.600158811 -0.006355180 -0.951347589 -0.072531141 0.299393982
1753297879876961792.000000 0.353779316 0.054971047 0.616630316 0.010994564 0.951159179 0.074256338 -0.299435258
1753297879910304256.000000 0.360630035 0.054847263 0.625317872 0.012436680 0.951555550 0.073864996 -0.298213691
1753297879976988928.000000 0.374180049 0.053889379 0.641872287 0.016471175 0.952068090 0.073288307 -0.296519756
1753297880010331392.000000 0.380830616 0.053511359 0.649242163 0.018650949 0.952169418 0.072989896 -0.296138674
1753297880077015040.000000 0.394974619 0.052411802 0.664350390 0.023185685 0.951928020 0.070262454 -0.297251999
1753297880110357760.000000 0.406433165 0.048215374 0.668255627 -0.025656227 -0.950773358 -0.068639405 0.301098734
1753297880177042432.000000 0.421072483 0.046313442 0.682360709 -0.028509250 -0.949296892 -0.061489359 0.306988299
1753297880243727104.000000 0.436879843 0.044790067 0.693896055 -0.032393791 -0.946358085 -0.056667954 0.316458195
1753297880277069824.000000 0.444770873 0.044922352 0.697601020 -0.034375068 -0.944541216 -0.056022413 0.321748048
1753297880343755264.000000 0.461885899 0.046245307 0.701189816 -0.038180154 -0.940578640 -0.054679066 0.332962871
1753297880377097728.000000 0.470436215 0.046152540 0.704623997 0.040004797 0.938763916 0.054369040 -0.337884694
1753297880443783424.000000 0.489979684 0.048916884 0.704284787 0.046151686 0.933620572 0.054678019 -0.351045609
1753297880510468096.000000 0.509956181 0.050088614 0.700535119 0.051686145 0.928309739 0.055798583 -0.363945216
1753297880543810816.000000 0.521832287 0.050560169 0.698364258 0.053246517 0.926125109 0.056546886 -0.369133532
1753297880610496256.000000 0.542439997 0.048335351 0.693290472 -0.054986816 -0.923872769 -0.061649747 0.373677433
1753297880677181952.000000 0.566116869 0.050390534 0.687528968 -0.055270601 -0.923100233 -0.064680174 0.375030249
1753297880743867136.000000 0.587125897 0.050817437 0.682781756 -0.057319634 -0.922908425 -0.066009559 0.374963015
1753297880777210112.000000 0.597270191 0.050839655 0.681266248 -0.057362903 -0.922957242 -0.066244647 0.374794722
1753297880843895552.000000 0.614129782 0.050163843 0.679151833 0.057339236 0.923721790 0.067393683 -0.372704208
1753297880877238272.000000 0.622373819 0.050113037 0.679119706 0.057052907 0.924310386 0.067409270 -0.371283442
1753297880943924224.000000 0.636872888 0.049656980 0.681795001 0.057261292 0.925327361 0.065213315 -0.369103789
1753297880977265664.000000 0.643806517 0.050147630 0.684396923 0.057279557 0.925690234 0.063644372 -0.368464261
1753297881043951616.000000 0.655052006 0.050337501 0.692983687 0.058812346 0.926113844 0.061665069 -0.367493778
1753297881110637056.000000 0.662884116 0.048371203 0.703849316 -0.059302926 -0.926345885 -0.060733985 0.366984993
1753297881143979776.000000 0.667078853 0.048204184 0.710505486 -0.058336452 -0.926203191 -0.059908021 0.367635190
1753297881210665216.000000 0.675065577 0.049213432 0.727156401 -0.058395512 -0.925407887 -0.056725111 0.370125055
1753297881277351168.000000 0.680644631 0.050823309 0.748633206 -0.059417408 -0.924788594 -0.052292023 0.372157514
1753297881310693888.000000 0.682149947 0.051671170 0.759451628 0.060813613 0.924083769 0.050242431 -0.373960704
1753297881377380096.000000 0.684268892 0.052812919 0.783297598 0.064845659 0.922476351 0.049243044 -0.377369434
1753297881444065024.000000 0.684104264 0.053815000 0.806065381 0.068819068 0.921571672 0.050067518 -0.378765017
1753297881510751232.000000 0.688570619 0.055545576 0.825271487 -0.074338302 -0.919786215 -0.050619766 0.381974906
1753297881544094464.000000 0.687399387 0.056839012 0.834698021 -0.077090159 -0.918920577 -0.051207781 0.383431703
1753297881610780416.000000 0.685611725 0.059687227 0.851966143 -0.082166217 -0.917321444 -0.054053746 0.385808676
1753297881677466880.000000 0.683916628 0.063224085 0.867015362 -0.085797131 -0.917678952 -0.054449644 0.384108663
1753297881744152832.000000 0.682115316 0.067751758 0.878762543 0.090273313 0.919926465 0.053967766 -0.377721578
1753297881777496064.000000 0.680228293 0.068376929 0.882672191 0.092868783 0.921719670 0.054638822 -0.372589409
1753297881844180992.000000 0.676328063 0.069067746 0.888556480 0.096479923 0.926818609 0.053600490 -0.358923197
1753297881877524480.000000 0.673861504 0.068705291 0.891175628 0.097819120 0.929767549 0.051954489 -0.351090401
1753297881944210688.000000 0.668669283 0.068669677 0.893869877 0.099735908 0.934920430 0.048256658 -0.337117165
1753297882010896896.000000 0.661294818 0.069842942 0.894188881 -0.100690506 -0.937502980 -0.045357011 0.329988450
1753297882044239872.000000 0.654903650 0.070623688 0.893353462 -0.100649767 -0.937406361 -0.044201531 0.330431998
1753297882110926080.000000 0.640522599 0.072808430 0.889899373 -0.100684419 -0.934782028 -0.043737222 0.337834805
1753297882177612800.000000 0.625217319 0.073911965 0.883040369 -0.098695599 -0.931374788 -0.044038996 0.347650319
1753297882244299264.000000 0.609558940 0.073737018 0.870440900 0.093261845 0.929058254 0.043707460 -0.355306536
1753297882277641984.000000 0.601821482 0.073411480 0.863819003 0.089056119 0.928016782 0.043710347 -0.359086871
1753297882344326656.000000 0.584485829 0.071498699 0.849377990 0.080267578 0.924857378 0.043488618 -0.369194686
1753297882377669632.000000 0.574517965 0.070039995 0.842047036 0.076088548 0.923084557 0.043482669 -0.374479443
1753297882444355328.000000 0.551717162 0.065654606 0.828500032 0.071697578 0.918180346 0.043311499 -0.387205988
1753297882511041024.000000 0.527237654 0.061082326 0.813721120 -0.069960758 -0.910477221 -0.041757435 0.405454129
1753297882544383744.000000 0.515375912 0.059303205 0.807687759 -0.069290780 -0.906057239 -0.040447209 0.415479481
1753297882644412160.000000 0.479803324 0.056954831 0.794090390 -0.070462443 -0.893846095 -0.036869243 0.441265106
1753297882677755136.000000 0.467599392 0.056116506 0.790171862 -0.070591278 -0.890193164 -0.036022097 0.448637277
1753297882744439808.000000 0.441891611 0.054261174 0.786375523 0.072045572 0.883343995 0.034755368 -0.461849511
1753297882811125760.000000 0.415641963 0.054531425 0.787889361 -0.074804813 -0.874800444 -0.031645868 0.477626473
1753297882877811456.000000 0.388023078 0.054785900 0.789922833 -0.078114413 -0.863858163 -0.028995153 0.496796280
1753297882911154176.000000 0.373313248 0.054945722 0.792253017 -0.079762071 -0.857833922 -0.028182834 0.506916821
1753297882977840128.000000 0.343022346 0.056480020 0.799048185 -0.083522096 -0.845263898 -0.026267158 0.527127326
1753297883044525824.000000 0.312271357 0.059036303 0.808748782 -0.085121818 -0.833613217 -0.023462679 0.545245647
1753297883077869056.000000 0.297915697 0.059782356 0.815679789 0.084531531 0.829004943 0.022494225 -0.552357972
1753297883144554496.000000 0.271061063 0.061879311 0.827996314 -0.081232220 -0.821533620 -0.016187638 0.564111590
1753297883177896448.000000 0.257677734 0.063381299 0.837134242 -0.078885987 -0.818661690 -0.011359137 0.568718791
1753297883244582144.000000 0.229330420 0.065250523 0.855430186 -0.073369667 -0.813778758 -0.000944904 0.576524258
1753297883277925120.000000 0.213010788 0.066253290 0.865824342 -0.073247045 -0.810704172 0.003838186 0.580843329
1753297883344610048.000000 0.177390695 0.066840164 0.885821939 -0.076028533 -0.803487301 0.009779963 0.590366185
1753297883377952256.000000 0.159971118 0.064357042 0.889710188 -0.075501956 -0.798945844 0.011519604 0.596533537
1753297883444637440.000000 0.121128082 0.061557345 0.906548798 -0.076670669 -0.791486621 0.013509894 0.606207967
1753297883511322368.000000 0.084602833 0.059498642 0.921425104 -0.078103259 -0.784364581 0.014173002 0.615200162
1753297883544664832.000000 0.067649722 0.058741733 0.928022802 -0.078727297 -0.781014502 0.014201629 0.619368017
1753297883611349504.000000 0.035596251 0.058140278 0.937550426 -0.080102548 -0.774749696 0.014175914 0.627013266
1753297883678033408.000000 0.004264593 0.059202075 0.940310359 -0.079682760 -0.768129289 0.010774571 0.635226011
1753297883711375872.000000 -0.011240244 0.058262207 0.941533744 -0.079641610 -0.765651643 0.007977374 0.638256311
1753297883778060800.000000 -0.041735768 0.059276167 0.942864776 -0.079646841 -0.761052608 0.003478237 0.643772721
1753297883811403264.000000 -0.056688070 0.059525263 0.942498684 -0.079698265 -0.758726716 0.001784525 0.646512866
1753297883878088192.000000 -0.084478021 0.059797790 0.941881359 -0.078255452 -0.755197942 0.000430018 0.650808811
1753297883911430656.000000 -0.100368857 0.059902087 0.941377401 0.077553868 0.753653824 0.000641178 -0.652679861
1753297883978115584.000000 -0.133785903 0.062077045 0.934256077 -0.075010642 -0.749859273 -0.002520719 0.657326519
1753297884011457792.000000 -0.148649931 0.062593862 0.932387233 -0.074066095 -0.747383296 -0.002839668 0.660245776
1753297884078141696.000000 -0.179495275 0.066019416 0.926090062 -0.071945876 -0.740213096 -0.002534092 0.668507278
1753297884111484160.000000 -0.195758522 0.068019159 0.921758413 -0.070515744 -0.735536098 -0.002553434 0.673800945
1753297884178169088.000000 -0.227652609 0.071844958 0.913306236 -0.067893378 -0.724432588 -0.002979459 0.685987711
1753297884244853760.000000 -0.264871180 0.076579109 0.904125214 -0.064269096 -0.711551309 -0.000838889 0.699688256
1753297884278196224.000000 -0.283643782 0.074764296 0.899005890 -0.064708963 -0.704390705 -0.001814859 0.706854463
1753297884311537664.000000 -0.303612888 0.072849810 0.894933701 -0.065917745 -0.697148323 -0.002433783 0.713885963
1753297884378221568.000000 -0.341676772 0.066539854 0.889265239 0.064153306 0.680522740 0.002906951 -0.729907453
1753297884411563264.000000 -0.359328121 0.063027859 0.887295485 0.064339332 0.669732153 0.003031129 -0.739804089
1753297884478246912.000000 -0.398338735 0.068582565 0.882035375 -0.066719435 -0.645386875 -0.000594949 0.760936320
1753297884544929280.000000 -0.430904478 0.065330923 0.883391559 -0.070861079 -0.620431364 0.001244828 0.781051993
1753297884578270976.000000 -0.446210980 0.064012751 0.885996342 -0.073084995 -0.607585788 0.002680633 0.790879846
1753297884644954624.000000 -0.475603968 0.063815095 0.892844915 -0.077466860 -0.580426872 0.005022565 0.810603738
1753297884678296320.000000 -0.488919735 0.065055162 0.898139119 -0.080003083 -0.566906393 0.005828748 0.819867551
1753297884711638272.000000 -0.509468019 0.081275232 0.898905993 -0.081253298 -0.553166866 0.006588828 0.829072356
1753297884778321408.000000 -0.538915396 0.084693432 0.912324607 -0.087063737 -0.526757479 0.004911582 0.845530868
1753297884811663360.000000 -0.552798629 0.085277244 0.919239998 -0.089590326 -0.514105439 0.004802615 0.853021741
1753297884878346752.000000 -0.581463575 0.090160906 0.938010335 -0.093516596 -0.491015494 0.006450388 0.866092920
1753297884911688448.000000 -0.596879184 0.092378020 0.948022008 -0.095333077 -0.481192857 0.007760057 0.871381044
1753297884945029888.000000 -0.611809254 0.096355788 0.959429622 -0.096977092 -0.472678930 0.009495808 0.875831008
1753297885011712256.000000 -0.650299549 0.115639724 0.986298919 -0.098957360 -0.458189309 0.013625963 0.883223891
1753297885045054208.000000 -0.665140986 0.119013056 0.997826815 -0.100074381 -0.451833874 0.015718102 0.886331916
1753297885111737600.000000 -0.698935330 0.119607404 1.026131868 -0.103303097 -0.440062433 0.019969838 0.891781807
1753297885145079040.000000 -0.715824842 0.120314874 1.042038918 -0.105135188 -0.435088277 0.021807823 0.893962741
1753297885211762432.000000 -0.749035418 0.118057981 1.072064996 -0.106590606 -0.425920129 0.024999453 0.898112237
1753297885245104384.000000 -0.766582966 0.119989164 1.090777874 -0.105925485 -0.422723740 0.026062751 0.899669528
1753297885311788544.000000 -0.800657153 0.123823971 1.110032439 -0.106149197 -0.416552663 0.023187678 0.902595520
1753297885345131264.000000 -0.814887524 0.124050573 1.116434574 -0.106609911 -0.413908571 0.021467019 0.903799355
1753297885411815168.000000 -0.842032671 0.122510761 1.133512259 -0.108047709 -0.408982217 0.020238841 0.905897141
1753297885445157888.000000 -0.855298042 0.122556277 1.143096328 -0.108090334 -0.406017214 0.019827178 0.907233953
1753297885511842560.000000 -0.881378591 0.122802630 1.160874486 -0.107297361 -0.399589241 0.017340951 0.910228074
1753297885545185024.000000 -0.896165311 0.117437959 1.175432801 -0.108198851 -0.395720065 0.015893040 0.911836743
1753297885611869952.000000 -0.925830722 0.127702281 1.192315340 -0.108091116 -0.385472655 0.013677363 0.916264296
1753297885645212416.000000 -0.938955188 0.127783090 1.200086713 -0.108499840 -0.379295737 0.012454838 0.918807626
1753297885711897344.000000 -0.967228234 0.133234456 1.218079686 -0.107810467 -0.365127593 0.011179010 0.924626350
1753297885745240064.000000 -0.981210589 0.135283038 1.227580309 -0.107734583 -0.357344866 0.010240614 0.927681625
1753297885811924736.000000 -1.011830568 0.143129155 1.245890617 -0.108462587 -0.339597613 0.007095799 0.934269249
1753297885878608640.000000 -1.045909166 0.149836197 1.265511274 -0.107724853 -0.321086556 0.004172035 0.940893948
1753297885911951104.000000 -1.064143062 0.149935097 1.274166346 -0.106891975 -0.311505735 0.003440561 0.944206834
1753297885978636032.000000 -1.093993306 0.154584408 1.291710854 -0.101533890 -0.291656584 0.004222055 0.951109588
1753297886011978752.000000 -1.108814240 0.155328199 1.301670074 -0.099352546 -0.281567872 0.004752288 0.954372108
1753297886045320960.000000 -1.124649048 0.155432150 1.310543537 -0.097980499 -0.271199822 0.005274745 0.957508564
1753297886112005888.000000 -1.154889107 0.153111339 1.330641031 -0.095110141 -0.250332713 0.007185225 0.963450015
1753297886145348352.000000 -1.169201612 0.151403517 1.342320681 -0.093452409 -0.239540532 0.009245406 0.966334105
1753297886212033280.000000 -1.205126524 0.150919169 1.359897137 -0.090115361 -0.217660502 0.012874494 0.971770287
1753297886245375744.000000 -1.215137124 0.153371423 1.369842291 -0.088277332 -0.207184806 0.014811124 0.974198282
1753297886312060928.000000 -1.241423607 0.150218040 1.394839048 -0.086121432 -0.185866579 0.018758789 0.978613734
1753297886378747136.000000 -1.263525367 0.157204419 1.413685441 -0.090704203 -0.162351757 0.023070032 0.982284307
1753297886445433856.000000 -1.281779408 0.159283638 1.450081706 -0.099643365 -0.140029028 0.021528374 0.984885633
1753297886478777088.000000 -1.296881914 0.164899826 1.455618382 -0.101137251 -0.129942358 0.022377986 0.986096144
1753297886545463552.000000 -1.317720413 0.170952737 1.475775003 -0.101978526 -0.114522815 0.025194434 0.987851322
1753297886612150528.000000 -1.338105321 0.178307027 1.497611284 -0.099601507 -0.103187777 0.029130232 0.989233732
1753297886678836736.000000 -1.359034181 0.190695569 1.524742126 -0.095042609 -0.096576974 0.033618860 0.990206897
1753297886745522688.000000 -1.387329459 0.211717144 1.560442209 -0.087863915 -0.093361571 0.040481038 0.990921199
1753297886812209152.000000 -1.345994353 0.201766253 1.631703615 -0.085003771 -0.099552885 0.045803610 0.990336120
1753297886878895872.000000 -1.356717944 0.197789013 1.682988644 -0.080669828 -0.104108416 0.053768151 0.989829779
1753297886945582848.000000 -1.366045833 0.199667484 1.732681274 -0.082679406 -0.109242544 0.059511337 0.988781393
1753297887012269568.000000 -1.374145150 0.202063948 1.781612992 -0.086817048 -0.114349857 0.063874409 0.987576306
1753297887078956288.000000 -1.383133888 0.205702394 1.826033354 -0.090146720 -0.118698716 0.066510454 0.986590385
1753297887112300032.000000 -1.388538480 0.206342593 1.846415520 -0.092025645 -0.120243073 0.067002200 0.986196578
1753297887178985472.000000 -1.400864959 0.208481714 1.886082888 -0.096445963 -0.121526875 0.066125371 0.985675871
1753297887245672448.000000 -1.415453553 0.209824830 1.921972156 -0.099456556 -0.122134849 0.062501132 0.985538006
1753297887312358400.000000 -1.425173998 0.207741618 1.958686113 -0.101827905 -0.122719638 0.055335879 0.985651553
1753297887379044352.000000 -1.447167277 0.212781489 1.994722009 -0.102201141 -0.118634500 0.048477493 0.986473858
1753297887445730304.000000 -1.465943098 0.217920393 2.027743340 -0.102427274 -0.110349014 0.041543439 0.987727702
1753297887479073024.000000 -1.475119948 0.221989453 2.043523788 -0.102700070 -0.104501925 0.038478553 0.988459110
1753297887545758976.000000 -1.492765546 0.229722664 2.078060389 -0.103201449 -0.091417320 0.031670913 0.989944160
1753297887612444928.000000 -1.513059020 0.237786397 2.110299826 -0.101366185 -0.077586152 0.025272861 0.991497159
1753297887679129856.000000 -1.534324646 0.244010776 2.143210173 -0.098566763 -0.063306458 0.018622009 0.992940187
1753297887745815808.000000 -1.554681182 0.246435106 2.179499626 -0.093691222 -0.047005821 0.014626877 0.994383454
1753297887812501760.000000 -1.571220994 0.245202050 2.214321613 -0.091004714 -0.032175001 0.012048958 0.995257676
1753297887879187712.000000 -1.595245123 0.242446125 2.255827665 -0.086268261 -0.019334072 0.011159860 0.996021867
1753297887912530688.000000 -1.604681015 0.241809532 2.272058964 -0.084560812 -0.013925961 0.011611370 0.996253431
1753297887979216640.000000 -1.618147612 0.241471976 2.305449963 -0.080446087 -0.003389941 0.011926738 0.996681869
1753297888045902592.000000 -1.628074884 0.241337508 2.337541580 -0.080183156 0.010508169 0.011243166 0.996661365
1753297888112587776.000000 -1.634429693 0.242632315 2.370763302 -0.081793644 0.026274774 0.012046516 0.996230125
1753297888145930752.000000 -1.637463093 0.242651522 2.385895491 -0.082532555 0.032853700 0.011928190 0.995975316
1753297888212616704.000000 -1.642367244 0.245186761 2.419477940 -0.083586343 0.041619252 0.011945398 0.995559394
1753297888245959936.000000 -1.641885519 0.248412430 2.441816807 -0.084216319 0.044582661 0.012505198 0.995371163
1753297888312645376.000000 -1.642914414 0.256576777 2.479090452 -0.086133607 0.051360883 0.015029109 0.994845331
1753297888345988096.000000 -1.642609835 0.259985119 2.496304989 -0.086178519 0.054673266 0.016959351 0.994633913
1753297888412673536.000000 -1.639771938 0.268983036 2.534375191 -0.085802637 0.059027750 0.018785732 0.994384646
1753297888446016256.000000 -1.638016105 0.273810506 2.553961754 -0.086043462 0.059184108 0.019711629 0.994336605
1753297888512700672.000000 -1.632324219 0.283397138 2.593190432 -0.084682934 0.055561908 0.024579048 0.994553983
1753297888546043392.000000 -1.628097296 0.287104070 2.613196373 -0.082213297 0.052814379 0.028622283 0.994802713
1753297888612729088.000000 -1.618984461 0.291552395 2.654834747 -0.075243726 0.047974415 0.038228381 0.995276630
1753297888679414272.000000 -1.608640552 0.292456031 2.698847294 -0.069760412 0.043302961 0.045976803 0.995562434
1753297888712756992.000000 -1.606534958 0.291589648 2.721075296 -0.066442743 0.040021170 0.047661174 0.995847464
1753297888746099968.000000 -1.605093718 0.290789306 2.743664980 -0.063471355 0.035934813 0.048677113 0.996147871
1753297888812785152.000000 -1.608849525 0.294930816 2.788522720 -0.063155659 0.026007948 0.049871467 0.996417522
1753297888846127872.000000 -1.610898376 0.296336383 2.810835838 -0.064256191 0.019216005 0.049143970 0.996537387
1753297888912813312.000000 -1.615220428 0.297372639 2.851010323 -0.066585906 0.007734125 0.045163356 0.996728063
1753297888946156288.000000 -1.619097114 0.297455460 2.870858431 -0.067318998 0.002803143 0.042301469 0.996830463
1753297889012840704.000000 -1.627562404 0.296960920 2.907522440 -0.066611998 -0.006481568 0.036504466 0.997089922
1753297889046183424.000000 -1.632783651 0.297846675 2.925182819 -0.065695584 -0.010994819 0.032872699 0.997237504
1753297889112868864.000000 -1.642958760 0.301595390 2.959167004 -0.063649766 -0.019235458 0.024894128 0.997476280
1753297889146211584.000000 -1.650788069 0.303914070 2.975640774 -0.062738672 -0.022201264 0.021437833 0.997552812
1753297889212897280.000000 -1.658661962 0.307164907 3.010520697 -0.060992546 -0.025947491 0.017420979 0.997648835
1753297889279582464.000000 -1.671789646 0.313242346 3.044109344 -0.059524432 -0.025140787 0.013067801 0.997824728
1753297889346266624.000000 -1.685261726 0.321812630 3.078473091 -0.058710091 -0.022187563 0.007937541 0.997996986
1753297889412950016.000000 -1.700951099 0.328973770 3.111792803 -0.055627424 -0.017022265 0.001734692 0.998305023
1753297889479633920.000000 -1.718283653 0.334877849 3.148313284 -0.050882291 -0.010300787 -0.003653992 0.998644888
1753297889546318336.000000 -1.736654639 0.339131713 3.187103987 -0.049572568 -0.005331889 -0.007052374 0.998731434
1753297889579660288.000000 -1.744783998 0.339713991 3.208118200 -0.049666081 -0.003740427 -0.007617712 0.998729825
1753297889613002752.000000 -1.749371767 0.341491550 3.228230476 -0.048725490 -0.002584093 -0.007264475 0.998782516
1753297889679686912.000000 -1.763140917 0.339487284 3.267220497 -0.045742217 0.000921309 -0.004130655 0.998944342
1753297889746370816.000000 -1.775000334 0.338142931 3.301689386 -0.042731151 0.004503407 -0.001274991 0.999075651
1753297889779713280.000000 -1.780861735 0.336663634 3.318552732 -0.041521925 0.006641202 -0.000229689 0.999115527
1753297889846396160.000000 -1.790418029 0.337043434 3.354417562 -0.043790579 0.010223707 0.001288242 0.998987615
1753297889879738368.000000 -1.794809699 0.337946385 3.372462511 -0.045544211 0.011047035 0.001644832 0.998899937
1753297889946422272.000000 -1.803943992 0.340227365 3.407444477 -0.049032368 0.009855110 0.003555515 0.998742282
1753297889979764736.000000 -1.808537841 0.341853410 3.424170256 -0.050841466 0.007976461 0.004469190 0.998664916
1753297890013106688.000000 -1.812137961 0.343880475 3.441759348 -0.052640200 0.005630948 0.005697104 0.998581469
1753297890079790848.000000 -1.817114830 0.350412130 3.475917101 -0.057207223 -0.000463182 0.007570244 0.998333573
1753297890113132800.000000 -1.822104931 0.353180826 3.494677067 -0.060120016 -0.004056531 0.008888899 0.998143375
1753297890179816960.000000 -1.832708716 0.360942811 3.533450127 -0.065201789 -0.014392950 0.012290608 0.997692645
1753297890213158912.000000 -1.836418986 0.364659458 3.552157640 -0.066610940 -0.021655653 0.014161121 0.997443497
1753297890279843584.000000 -1.844974875 0.373120546 3.589755535 -0.069019176 -0.041690454 0.017796205 0.996584952
1753297890313185280.000000 -1.849922180 0.377616286 3.609354496 -0.068144880 -0.053372528 0.020487990 0.996036112
1753297890379871232.000000 -1.858412862 0.384205043 3.647244453 -0.065624826 -0.078242026 0.026354942 0.994422972
1753297890446556928.000000 -1.866172791 0.386093438 3.687612772 -0.059573229 -0.102541521 0.034246739 0.992352486
1753297890479899648.000000 -1.870288014 0.386278689 3.710129261 -0.058220126 -0.114530772 0.037776377 0.990992546
1753297890546585600.000000 -1.880648613 0.384975463 3.755262852 -0.056865476 -0.138226211 0.042204805 0.987865686
1753297890613271040.000000 -1.894102931 0.388051093 3.794419765 -0.052754458 -0.166001350 0.043272458 0.983762205
1753297890646614016.000000 -1.904196501 0.385705531 3.819545984 -0.052466303 -0.181386292 0.043097675 0.981065214
1753297890713299712.000000 -1.924700141 0.385980576 3.858026981 -0.054106656 -0.214835241 0.039764199 0.974339306
1753297890779984384.000000 -1.950697899 0.386835396 3.890872240 -0.055658434 -0.251799285 0.033052150 0.965612233
1753297890813327360.000000 -1.963852525 0.387421042 3.905599117 -0.056876022 -0.271565229 0.029684272 0.960279286
1753297890880013056.000000 -1.990311742 0.386679113 3.932735443 -0.060043283 -0.312584937 0.023906076 0.947688818
1753297890913356032.000000 -2.004541397 0.387298703 3.945180416 -0.060500592 -0.333198786 0.021451749 0.940668941
1753297890980041472.000000 -2.033359766 0.387748361 3.965097189 -0.058757059 -0.370673418 0.018057721 0.926726937
1753297891046727168.000000 -2.062126398 0.388797402 3.984023094 -0.056710303 -0.400512487 0.016930617 0.914377928
1753297891080070144.000000 -2.079901218 0.393793434 3.983637333 -0.054880287 -0.411516517 0.017241165 0.909585178
1753297891146755840.000000 -2.110998869 0.394406825 4.003494740 -0.053364482 -0.429096282 0.015258885 0.901551902
1753297891180097792.000000 -2.127497196 0.397037327 4.010555267 -0.052608207 -0.436142594 0.013480992 0.898237348
1753297891246783488.000000 -2.163302660 0.402022183 4.021407127 -0.049090464 -0.448238194 0.010012981 0.892509103
1753297891313469184.000000 -2.198304892 0.404706180 4.031551361 -0.042389188 -0.454852402 0.008169138 0.889519930
1753297891380155136.000000 -2.236038685 0.404088914 4.041314125 -0.037500445 -0.455731064 0.006888539 0.889300525
1753297891446840576.000000 -2.273415804 0.401416004 4.051167011 -0.033297069 -0.452621549 0.008264787 0.891042531
1753297891513526528.000000 -2.314410210 0.398392558 4.055480003 -0.030270910 -0.450191826 0.009107979 0.892372191
1753297891546868992.000000 -2.333011627 0.393255532 4.059844494 -0.027964011 -0.450157672 0.010802126 0.892445803
1753297891613554944.000000 -2.364877939 0.393738478 4.068476200 -0.024724046 -0.450689137 0.013842648 0.892231166
1753297891680239360.000000 -2.398194313 0.393064201 4.079771996 -0.027131505 -0.450279921 0.012431867 0.892388582
1753297891746925312.000000 -2.433512688 0.394703954 4.092103481 -0.032477796 -0.451766998 0.009596149 0.891492963
1753297891813611008.000000 -2.468912363 0.396368027 4.103753567 -0.038684301 -0.457882166 0.007348896 0.888140440
1753297891880296704.000000 -2.501558781 0.399962276 4.116706371 -0.044433322 -0.468361527 0.006209600 0.882397115
1753297891913639424.000000 -2.519282818 0.401457965 4.123298645 -0.047128573 -0.474795103 0.005841657 0.878814220
1753297891980325376.000000 -2.553617716 0.402917653 4.137812614 -0.051362097 -0.490141422 0.006028407 0.870107532
1753297892013668352.000000 -2.572632313 0.406372666 4.147207260 -0.052615225 -0.500169933 0.006452326 0.864303291
1753297892080353024.000000 -2.609519243 0.412664026 4.159474373 -0.055179745 -0.523957431 0.006525250 0.849930108
1753297892147038976.000000 -2.645629406 0.418382585 4.172171116 -0.056000769 -0.550310791 0.008983321 0.833031416
1753297892180381440.000000 -2.664142370 0.419123590 4.181108475 -0.055951156 -0.562613845 0.011418043 0.824745357
1753297892247067392.000000 -2.700413227 0.419926167 4.199553490 -0.055728279 -0.584481001 0.017984683 0.809291720
1753297892280410112.000000 -2.718670845 0.418888718 4.209293365 -0.055869069 -0.594628692 0.020949872 0.801783323
1753297892347095296.000000 -2.756995440 0.416778892 4.227686405 -0.053565416 -0.614730597 0.025589598 0.786500037
1753297892413780480.000000 -2.790620804 0.422980934 4.239223480 -0.048910432 -0.633319616 0.031070689 0.771718025
1753297892447122944.000000 -2.808412075 0.419719964 4.249351501 -0.047585361 -0.642732978 0.031976968 0.763942063
1753297892513807104.000000 -2.844080210 0.410544783 4.272506714 -0.046986554 -0.661293626 0.031150339 0.748005807
1753297892547149568.000000 -2.860893011 0.408789903 4.280138493 -0.047233295 -0.669442534 0.031450078 0.740693390
1753297892613834496.000000 -2.893509150 0.407411009 4.288725853 -0.048613340 -0.684044123 0.030492568 0.727179945
1753297892680519936.000000 -2.923844814 0.406466216 4.294239044 -0.049021933 -0.698188245 0.029261449 0.713634312
1753297892747205120.000000 -2.951943874 0.404857457 4.297514915 -0.049086690 -0.711311638 0.029205944 0.700552225
1753297892813890304.000000 -2.977603912 0.404181480 4.297311783 0.047035284 0.722751498 -0.030489320 -0.688831210
1753297892847232768.000000 -2.990359306 0.403587967 4.296438217 0.045947950 0.727880895 -0.030727131 -0.683472157
1753297892913917952.000000 -3.017928600 0.403721869 4.288258553 0.044342212 0.736767948 -0.030624254 -0.673994839
1753297892980602112.000000 -3.046373367 0.409022391 4.281944752 -0.043674096 -0.744938731 0.031115592 0.664974272
1753297893013944576.000000 -3.059294462 0.410812438 4.277436733 -0.042992137 -0.748053372 0.031114955 0.661513209
1753297893080629504.000000 -3.085426807 0.411077321 4.265946388 -0.040491085 -0.753761172 0.030070795 0.655210257
1753297893113972480.000000 -3.096305132 0.411207438 4.257002831 -0.038091063 -0.756850958 0.029817862 0.651795030
1753297893180657408.000000 -3.121727705 0.409538895 4.242931366 -0.031572334 -0.761632204 0.032079842 0.646444499
1753297893247342592.000000 -3.147344112 0.407955676 4.227212906 -0.025369629 -0.766548753 0.035364751 0.640709639
1753297893314028032.000000 -3.172261953 0.404437870 4.211975098 0.019571533 0.770490110 -0.040943544 -0.635834634
1753297893380713728.000000 -3.196904182 0.399488002 4.197502136 -0.013976865 -0.773725986 0.047908962 0.631551683
1753297893414055424.000000 -3.207801580 0.398848414 4.191140175 0.011106604 0.775233090 -0.052694459 -0.629375696
1753297893480741120.000000 -3.227336407 0.397247851 4.174707413 0.005084867 0.778414249 -0.060522627 -0.624805987
1753297893514083584.000000 -3.237542629 0.395991772 4.167228699 0.002949480 0.780729651 -0.063286647 -0.621648967
1753297893547426560.000000 -3.247562647 0.394740045 4.160198212 0.000741609 0.783276975 -0.067489207 -0.617998362
1753297893614112256.000000 -3.268767357 0.391133070 4.147567749 -0.001257972 0.789803326 -0.076568417 -0.608561039
1753297893680797696.000000 -3.291342020 0.389945716 4.136175156 -0.001257795 0.797968209 -0.080920771 -0.597241282
1753297893714140416.000000 -3.302853823 0.388579994 4.129765511 -0.000598525 0.802312255 -0.082512543 -0.591173708
1753297893780826112.000000 -3.325948477 0.385748684 4.115412712 0.000818036 0.812631130 -0.083640575 -0.576744676
1753297893814168832.000000 -3.334074736 0.381246656 4.105678558 -0.001826969 -0.817955673 0.083547041 0.569179356
1753297893880853504.000000 -3.359268427 0.381387174 4.091128349 0.003358759 0.831067562 -0.084164999 -0.549756110
1753297893914196224.000000 -3.371289492 0.381510437 4.082681179 0.004344289 0.838258624 -0.084037073 -0.538740635
1753297893980881920.000000 -3.398108959 0.381608903 4.063922882 0.007739942 0.853271902 -0.082057282 -0.514911473
1753297894047567616.000000 -3.425469875 0.383044541 4.044229984 0.011325832 0.868566632 -0.078152321 -0.489240229
1753297894080910336.000000 -3.440096855 0.383518875 4.033917427 0.013125353 0.876462519 -0.076238014 -0.475214690
1753297894147595776.000000 -3.469052315 0.383913219 4.016371250 0.016578760 0.892677546 -0.076527596 -0.443841845
1753297894180938752.000000 -3.484371185 0.382746518 4.008176327 0.017653756 0.900446117 -0.079466715 -0.427282363
1753297894247624448.000000 -3.508748055 0.381952941 3.987954140 -0.020809621 -0.914383292 0.084579647 0.395368785
1753297894280966656.000000 -3.520212650 0.376117408 3.973750591 0.022765981 0.921230257 -0.085181490 -0.378894061
1753297894347649024.000000 -3.548738956 0.371346414 3.950892448 0.024087900 0.936129928 -0.085117050 -0.340346426
1753297894414332928.000000 -3.575055122 0.365041524 3.926284552 0.025609557 0.950174570 -0.082585663 -0.299486548
1753297894447674624.000000 -3.587349415 0.362543941 3.913266182 0.026378758 0.956550777 -0.080475964 -0.278995454
1753297894514357760.000000 -3.607053280 0.359513938 3.887260914 0.027496094 0.967917800 -0.074583165 -0.238362387
1753297894581041664.000000 -3.624045372 0.356127799 3.857092619 -0.027479896 -0.977584004 0.067148603 0.197649688
1753297894647724800.000000 -3.634134769 0.353702724 3.830979347 -0.028808307 -0.984459460 0.060176622 0.162445337
1753297894681066752.000000 -3.634490490 0.350254834 3.819796324 -0.029299280 -0.986983597 0.056925032 0.147527739
1753297894747749120.000000 -3.636875629 0.350779355 3.794275284 -0.028174758 -0.990960300 0.052641649 0.120136492
1753297894781090560.000000 -3.632092476 0.354094595 3.783978462 -0.026537979 -0.992446661 0.051436797 0.108165108
1753297894847773952.000000 -3.629337788 0.354513437 3.755974531 0.024906490 0.994715393 -0.046405986 -0.088133797
1753297894881115392.000000 -3.626876831 0.354377925 3.740918875 0.024125464 0.995547533 -0.042652410 -0.080522344
1753297894947798784.000000 -3.620416641 0.355496377 3.708010435 0.023748104 0.996594965 -0.032074302 -0.072151683
1753297895014482176.000000 -3.609873772 0.358412325 3.672684193 0.022821430 0.997108400 -0.015140633 -0.070886463
1753297895047823616.000000 -3.603577614 0.359869659 3.654528618 0.022136386 0.997161686 -0.007523070 -0.071568891
1753297895114507264.000000 -3.588994503 0.362806082 3.619057417 0.019508075 0.997119009 0.003631113 -0.073212221
1753297895181189376.000000 -3.577053547 0.360668898 3.585058212 0.017795613 0.996972501 0.009477599 -0.075095817
1753297895214530816.000000 -3.568327904 0.360537648 3.569221973 0.018045384 0.996797085 0.009959418 -0.077271342
1753297895281213952.000000 -3.551051617 0.355494559 3.538318157 -0.018227873 -0.996281564 -0.009280572 0.083694294
1753297895347898368.000000 -3.533735752 0.346919686 3.509903908 -0.018486563 -0.995703697 -0.005488973 0.090567112
1753297895414582272.000000 -3.520611763 0.339824349 3.483152866 -0.023225013 -0.994757891 0.000122262 0.099586204
1753297895481266176.000000 -3.508658409 0.336827040 3.454364061 -0.027231539 -0.993374228 -0.000286770 0.111651383
1753297895514608384.000000 -3.503726959 0.335998416 3.439177513 -0.028732916 -0.992634535 -0.002451432 0.117665060
1753297895581292288.000000 -3.494477272 0.333994061 3.409993649 -0.030321652 -0.991286755 -0.006010037 0.128043026
1753297895647975680.000000 -3.487695217 0.331584752 3.382464409 -0.030640587 -0.990250111 -0.008865978 0.135599539
1753297895714659584.000000 -3.485121727 0.330770969 3.352123976 0.031880960 0.989337325 0.017082531 -0.141080007
1753297895748001792.000000 -3.481275082 0.329998404 3.337538242 -0.033056721 -0.988817871 -0.021917742 0.143757507
1753297895814685696.000000 -3.481270790 0.330565482 3.302943468 -0.036894999 -0.987885833 -0.034345865 0.146767899
1753297895881369600.000000 -3.483180046 0.333591849 3.265289307 -0.042074919 -0.986993670 -0.048268184 0.147456706
1753297895914711808.000000 -3.485184669 0.336487889 3.245248079 -0.044418104 -0.986440361 -0.056897677 0.147394925
1753297895981395456.000000 -3.490478039 0.341874808 3.204585791 -0.050279353 -0.985398591 -0.070957489 0.146378502
1753297896081420544.000000 -3.501550674 0.341889679 3.146682024 -0.061053570 -0.985314369 -0.077130072 0.139567226
1753297896114762496.000000 -3.504286289 0.339971721 3.128340006 -0.064751573 -0.985470593 -0.076082900 0.137354791
1753297896181446656.000000 -3.509480953 0.334148526 3.092658997 0.068670861 0.986414135 0.071680948 -0.130894750
1753297896248130304.000000 -3.514564991 0.332233846 3.054515362 -0.069788635 -0.988045812 -0.067896105 0.119520754
1753297896314815488.000000 -3.514505386 0.325295001 3.018490553 -0.068757080 -0.989647269 -0.064788409 0.108043410
1753297896381500928.000000 -3.510434628 0.318990499 2.985704899 -0.063562043 -0.991349518 -0.062481664 0.096343867
1753297896414843904.000000 -3.507181168 0.316337407 2.969982147 -0.059952509 -0.992164373 -0.061238330 0.090914898
1753297896481529088.000000 -3.500443459 0.310019374 2.940777540 -0.052081164 -0.993578613 -0.059542418 0.080894694
1753297896514870784.000000 -3.497153282 0.306378961 2.926300526 -0.049035531 -0.994072974 -0.058915183 0.077093832
1753297896581556224.000000 -3.489435196 0.299946994 2.897514820 -0.042894401 -0.994937897 -0.058565691 0.069489792
1753297896648241920.000000 -3.482069016 0.296432853 2.871373653 0.036831953 0.995709479 0.057283647 -0.062646955
1753297896681584384.000000 -3.479449749 0.298100352 2.858943701 -0.034107301 -0.996007919 -0.056143820 0.060438827
1753297896748270080.000000 -3.469536781 0.297018528 2.831556320 -0.031275392 -0.996189117 -0.056071453 0.059035268
1753297896814955520.000000 -3.460169315 0.297818333 2.804461956 -0.030462721 -0.996122718 -0.055228874 0.061330911
1753297896881641216.000000 -3.446348190 0.297605336 2.777955532 -0.027139800 -0.995997012 -0.054082513 0.065791450
1753297896948326656.000000 -3.430569172 0.295680910 2.752416611 -0.022032382 -0.996202767 -0.047903106 0.069281869
1753297896981668352.000000 -3.419976711 0.292414933 2.740578651 -0.019812081 -0.996378183 -0.042021267 0.071220666
1753297897048353792.000000 -3.402191162 0.288226932 2.717318058 -0.016702760 -0.996630073 -0.028854819 0.074946620
1753297897081696512.000000 -3.396921158 0.288350374 2.704194307 0.015992645 0.996634424 0.023914773 -0.076760709
1753297897148382208.000000 -3.381118298 0.280209929 2.678136349 -0.016200783 -0.996310830 -0.016783034 0.082587384
1753297897215067648.000000 -3.366793156 0.272798836 2.652614117 -0.017355369 -0.995869339 -0.008988365 0.088670187
1753297897248410368.000000 -3.360946178 0.270171255 2.639776468 -0.018025320 -0.995644689 -0.006113213 0.091266163
1753297897315095808.000000 -3.349628925 0.265089452 2.613389015 -0.021087606 -0.995045006 -0.005175076 0.097026005
1753297897381781760.000000 -3.339995861 0.260631323 2.584430933 -0.024342749 -0.994227648 -0.007732818 0.104207255
1753297897448466176.000000 -3.332141399 0.256790578 2.555214405 -0.025611470 -0.993518591 -0.012685634 0.110018164
1753297897481809152.000000 -3.328890324 0.255756140 2.540598869 -0.025276890 -0.993393421 -0.014174568 0.111039780
1753297897548494848.000000 -3.319070816 0.251942039 2.511881590 0.024921881 0.993359447 0.015334589 -0.111269236
1753297897615180544.000000 -3.315914154 0.252780974 2.485870838 -0.025094457 -0.993727982 -0.015251166 0.107900091
1753297897648523264.000000 -3.313366413 0.251378238 2.471776962 -0.025588881 -0.993927956 -0.015690604 0.105859280
1753297897715208960.000000 -3.312064171 0.251038671 2.442287922 -0.027931215 -0.994545996 -0.014633521 0.099419042
1753297897781894656.000000 -3.312398434 0.251771331 2.411725998 -0.029106006 -0.995518744 -0.012108232 0.089155316
1753297897848579328.000000 -3.314728022 0.250661016 2.379718542 -0.032350276 -0.996531844 -0.007861645 0.076263219
1753297897881922048.000000 -3.316922903 0.249566913 2.363662720 -0.034420472 -0.996997416 -0.005279942 0.069163978
1753297897948608000.000000 -3.319851875 0.247301042 2.332009077 -0.037992395 -0.997824371 0.001601225 0.053858284
1753297898015293696.000000 -3.319238186 0.243327975 2.294781685 0.038841069 0.998567402 -0.003910748 -0.036596853
1753297898048636416.000000 -3.315683126 0.238895267 2.276962042 -0.039403908 -0.998774886 0.005286980 0.029465409
1753297898115322368.000000 -3.315879822 0.230901569 2.239655733 -0.039683945 -0.999067187 0.005928654 0.015964027
1753297898182008064.000000 -3.315365553 0.224590838 2.204923630 -0.038589809 -0.999181092 0.009002685 0.008188388
1753297898215350784.000000 -3.314412594 0.223355561 2.188230276 -0.037135169 -0.999237955 0.010762593 0.005362380
1753297898282036480.000000 -3.310402870 0.221216783 2.155321598 -0.034509819 -0.999343514 0.010962938 0.001253395
1753297898348721152.000000 -3.304100275 0.216298014 2.124621153 -0.031984698 -0.999430060 0.010686586 -0.001570648
1753297898415406592.000000 -3.293344259 0.210859790 2.096046448 -0.026301010 -0.999578655 0.011639132 -0.003923485
1753297898448749312.000000 -3.289464235 0.204666927 2.082700968 0.022545841 0.999650478 -0.012316708 0.006243310
1753297898515434752.000000 -3.275404930 0.197537780 2.056311369 -0.015183378 -0.999679267 0.017082632 -0.010911087
1753297898582120448.000000 -3.258313656 0.196329623 2.033187628 -0.008435661 -0.999621153 0.023083525 -0.012391018
1753297898648805888.000000 -3.237847567 0.194559440 2.012633562 -0.001189388 -0.999460816 0.030768091 -0.011403627
1753297898715491584.000000 -3.216541767 0.193668306 1.992743254 0.005921019 -0.999210775 0.037837487 -0.010542635
1753297898748833024.000000 -3.205006838 0.195956618 1.982689619 0.007903711 -0.999104977 0.040344838 -0.009956690
1753297898815518720.000000 -3.181904316 0.194691986 1.960578918 0.011116380 -0.998924911 0.043796543 -0.010359559
1753297898882204160.000000 -3.157549143 0.194576278 1.940213442 -0.011760791 0.998654604 -0.049515970 0.009947544
1753297898948889856.000000 -3.137313128 0.191275001 1.920202732 0.012773325 -0.998427987 0.053734206 -0.009542998
1753297898982232320.000000 -3.128209352 0.185037673 1.910655022 -0.012531179 0.998301268 -0.056063149 0.009719372
1753297899048918016.000000 -3.105993271 0.178386420 1.890410185 -0.009572520 0.997990787 -0.061974093 0.009053553
1753297899115603712.000000 -3.084599257 0.175694078 1.869083881 -0.004622610 0.997760057 -0.066242307 0.008092905
1753297899182288384.000000 -3.063691378 0.173457533 1.846527815 -0.000426214 0.997801125 -0.066046141 0.005535268
1753297899248973824.000000 -3.042557240 0.172150195 1.824108124 0.000306146 0.997826993 -0.065888613 0.000125950
1753297899315659520.000000 -3.021914005 0.170909733 1.800834417 -0.001107258 0.997928441 -0.064138390 -0.004900389
1753297899349001984.000000 -3.010830879 0.170281306 1.788807511 -0.002804536 0.998097360 -0.061356310 -0.005410993
1753297899415687680.000000 -2.993845463 0.164590031 1.765547633 0.003592944 -0.998477876 0.055021517 0.001299925
1753297899482373120.000000 -2.976586342 0.162780583 1.742101669 0.002687872 -0.998671174 0.050980136 -0.007053759
1753297899549058560.000000 -2.959234238 0.161680892 1.716573596 -0.002808966 0.998752117 -0.046798415 0.017213736
1753297899582401280.000000 -2.951215029 0.161333129 1.703181148 -0.002470142 0.998718977 -0.044876721 0.023248564
1753297899649085952.000000 -2.933108568 0.162774354 1.674520969 -0.002676901 0.998415232 -0.040937785 0.038523167
1753297899682428672.000000 -2.924276829 0.164990336 1.659078360 -0.003690028 0.998115301 -0.037825774 0.048181746
1753297899749114368.000000 -2.905483723 0.166251063 1.626926661 -0.003916902 0.997067630 -0.032035626 0.069387168
1753297899782457088.000000 -2.895731926 0.165648103 1.610171795 -0.003105968 0.996300220 -0.029333949 0.080720246
1753297899849142528.000000 -2.877815485 0.163893893 1.575506926 0.001365060 0.994219124 -0.024055408 0.104632407
1753297899915828224.000000 -2.857244015 0.160782620 1.540575981 0.004478271 0.991578162 -0.015765743 0.128469080
1753297899949170944.000000 -2.844767809 0.155140072 1.530189753 -0.004761016 -0.990111470 0.010414734 -0.139814809
1753297900015856640.000000 -2.820110798 0.148847446 1.495265007 -0.004510357 -0.986418903 0.004011397 -0.164138660
1753297900049199616.000000 -2.807066917 0.146072522 1.479564667 -0.003669819 -0.984327972 0.001037182 -0.176306307
1753297900115884032.000000 -2.780442238 0.140801296 1.451484442 0.000612281 -0.978990734 -0.002266009 -0.203891277
1753297900149227008.000000 -2.766409874 0.140363783 1.441253901 0.003600181 -0.975561559 -0.003762424 -0.219664797
1753297900215912448.000000 -2.737479210 0.136117697 1.419102192 0.009284722 -0.967292905 -0.009488359 -0.253314614
1753297900249255168.000000 -2.723275423 0.133522898 1.409321070 0.011894977 -0.962924898 -0.012030934 -0.269238740
1753297900315940352.000000 -2.694038153 0.131376415 1.391571760 0.018307021 -0.954402983 -0.017957985 -0.297417909
1753297900349283072.000000 -2.678460121 0.130752549 1.382822752 0.021259926 -0.950168431 -0.022595927 -0.310189426
1753297900415968256.000000 -2.646147013 0.134227425 1.362297058 -0.030403432 0.940987945 0.031433143 0.335603148
1753297900449310720.000000 -2.631744862 0.132807910 1.356105566 0.033747673 -0.936167419 -0.035534404 -0.348122299
1753297900515995136.000000 -2.597399473 0.133535713 1.349088669 0.039833482 -0.928046584 -0.038444992 -0.368327111
1753297900549337600.000000 -2.580777168 0.134795576 1.346215248 0.042305738 -0.924434364 -0.038365621 -0.377040416
1753297900616022528.000000 -2.546761513 0.136518329 1.344397068 0.045889143 -0.918907702 -0.036228489 -0.390115798
1753297900649365248.000000 -2.529370785 0.137573197 1.344605446 0.048434146 -0.916742325 -0.033961959 -0.395075142
1753297900716050688.000000 -2.494863987 0.140397683 1.349279642 0.052601296 -0.913257658 -0.027631549 -0.403026193
1753297900749392896.000000 -2.477200985 0.141325250 1.353277922 0.053497590 -0.912209332 -0.023820980 -0.405517906
1753297900816078080.000000 -2.441934109 0.142970204 1.362170458 0.055236209 -0.910964191 -0.015054026 -0.408493161
1753297900849420800.000000 -2.424678564 0.144434690 1.366029978 -0.055517685 0.910997272 0.010546083 0.408522546
1753297900916105984.000000 -2.387739897 0.138444066 1.375589371 -0.055524364 0.910582840 0.000710095 0.409579664
1753297900949448704.000000 -2.369478941 0.136187136 1.376712799 0.055299766 -0.909516633 0.002683646 -0.411963880
1753297901016132608.000000 -2.333018303 0.134383127 1.383141518 0.051745847 -0.907090366 0.007321786 -0.417679191
1753297901082817792.000000 -2.297708511 0.134115845 1.388733387 0.052267957 -0.901948869 0.009175164 -0.428569794
1753297901116160512.000000 -2.279500008 0.134465888 1.390113354 0.053829838 -0.898636878 0.007949165 -0.435305595
1753297901149502976.000000 -2.261574030 0.135022402 1.390425205 0.055587415 -0.895121753 0.006008744 -0.442301899
1753297901216187904.000000 -2.227634668 0.133597746 1.390330791 0.058142390 -0.888212979 0.002042233 -0.455733448
1753297901282873344.000000 -2.196084976 0.132123217 1.388660431 0.059356324 -0.881274819 0.000172377 -0.468861997
1753297901316216320.000000 -2.181409121 0.131897047 1.387571096 0.059369739 -0.877772629 -0.000231488 -0.475384414
1753297901382902528.000000 -2.150994778 0.132725924 1.388145685 -0.060380898 0.870590866 0.000910615 0.488287747
1753297901416244736.000000 -2.137012959 0.133510441 1.384240389 -0.060597509 0.866732240 0.002113339 0.495074570
1753297901482930944.000000 -2.106092691 0.130177066 1.377262115 0.058952514 -0.858771265 -0.005046550 -0.508931279
1753297901516273920.000000 -2.090789557 0.130318090 1.372214079 0.058837947 -0.853993118 -0.006150214 -0.516910017
1753297901582960128.000000 -2.060012341 0.133400232 1.361560106 0.059218839 -0.843240023 -0.009167216 -0.534186721
1753297901649646592.000000 -2.028026581 0.136914790 1.350632787 0.059329968 -0.830949008 -0.011880166 -0.553048432
1753297901682989568.000000 -2.011711121 0.137937695 1.345074773 0.058242124 -0.824556589 -0.012472245 -0.562635541
1753297901749675776.000000 -1.977573395 0.136793822 1.333650112 0.055132754 -0.811236799 -0.012602524 -0.581976295
1753297901783018752.000000 -1.959372282 0.135521159 1.327778101 0.054092102 -0.804337502 -0.013553482 -0.591550171
1753297901849703936.000000 -1.921225786 0.132420868 1.318042994 0.053555712 -0.789966524 -0.014311829 -0.610638916
1753297901916390400.000000 -1.883911490 0.130032778 1.305660963 -0.054176126 0.776211858 0.015625469 0.627945840
1753297901949733376.000000 -1.864872694 0.125776052 1.303669810 -0.054860312 0.770159841 0.016030936 0.635285199
1753297901983076608.000000 -1.847971082 0.125362873 1.303693891 0.055942290 -0.764441371 -0.016054617 -0.642060935
1753297902049763072.000000 -1.811877131 0.122788966 1.294037580 0.057478018 -0.754788220 -0.015879983 -0.653252542
1753297902083106304.000000 -1.794122934 0.123225614 1.288033605 0.058687504 -0.751231670 -0.016742757 -0.657211185
1753297902149792512.000000 -1.759271979 0.122577913 1.278661013 0.062304959 -0.747707188 -0.019936515 -0.660798490
1753297902183135488.000000 -1.741793871 0.122048646 1.274882317 0.065375641 -0.747436345 -0.021863785 -0.660747290
1753297902249822208.000000 -1.706717610 0.121984646 1.269619942 0.071691260 -0.747778296 -0.024612429 -0.659607649
1753297902316506112.000000 -1.675420880 0.120389432 1.267086744 0.073998623 -0.747408509 -0.024766775 -0.659766138
1753297902349848832.000000 -1.660893202 0.120305970 1.266540527 0.074414976 -0.746840715 -0.024295498 -0.660379648
1753297902416533248.000000 -1.629807949 0.118764937 1.266868830 -0.074792773 0.747037053 0.025284616 0.660077631
1753297902483217920.000000 -1.598511934 0.121856980 1.271345139 0.074971303 -0.750299156 -0.025302162 -0.656346202
1753297902516560640.000000 -1.583807111 0.123768605 1.273855925 0.074863985 -0.752943754 -0.024603939 -0.653349698
1753297902583245312.000000 -1.550949574 0.127506927 1.278696895 0.077416025 -0.758340120 -0.021777788 -0.646879375
1753297902649930240.000000 -1.519552708 0.130981445 1.287985444 0.078446455 -0.762753308 -0.012589740 -0.641790569
1753297902683272448.000000 -1.503976941 0.133419856 1.293803692 0.077894419 -0.764818847 -0.005906991 -0.639491856
1753297902749956352.000000 -1.471585035 0.133914411 1.303707123 0.076152101 -0.770256996 0.004373305 -0.633155584
1753297902783298816.000000 -1.453562737 0.133865222 1.309627533 0.076488048 -0.773687661 0.007408862 -0.628889740
1753297902849983744.000000 -1.416664720 0.127045169 1.316157579 -0.077285074 0.779627442 -0.012029272 0.621340036
1753297902916668416.000000 -1.383728027 0.122722417 1.323777676 -0.074541815 0.785237908 -0.016865253 0.614459693
1753297902983353344.000000 -1.351557136 0.121733606 1.328214407 0.071315400 -0.791679919 0.019057801 -0.606460094
1753297903016695552.000000 -1.335648894 0.121627949 1.328842163 0.070735060 -0.795810997 0.018688371 -0.601109207
1753297903083380480.000000 -1.304122210 0.120965660 1.326441288 0.071180686 -0.805787563 0.014462041 -0.587733507
1753297903150065152.000000 -1.274627090 0.119066119 1.322282314 0.070968613 -0.815730751 0.009749641 -0.573978901
1753297903183406848.000000 -1.260489702 0.118352875 1.321109772 0.070114061 -0.820084333 0.008730364 -0.567863882
1753297903250091520.000000 -1.233587861 0.116708741 1.314903975 0.068048410 -0.827153444 0.007282553 -0.557793617
1753297903316775680.000000 -1.207027793 0.115949117 1.306303740 0.066187426 -0.834092140 0.004203355 -0.547623873
1753297903383460608.000000 -1.179806471 0.116446026 1.295061350 0.065456547 -0.840202630 0.001778678 -0.538304627
1753297903416802560.000000 -1.165985346 0.116123900 1.285243392 -0.065126404 0.842112541 -0.000794631 0.535354555
1753297903483487232.000000 -1.139895320 0.117057122 1.272772789 0.065535322 -0.843548715 0.001501043 -0.533036947
1753297903516829184.000000 -1.126404047 0.118171200 1.266012669 0.064005323 -0.844149888 0.001263737 -0.532271326
1753297903583513856.000000 -1.100333452 0.119447127 1.245598793 0.059149124 -0.848686755 -0.000840137 -0.525577366
1753297903616855808.000000 -1.086256146 0.119864978 1.234068394 0.056117970 -0.852326870 -0.001711222 -0.519987226
1753297903683539456.000000 -1.056481719 0.117015645 1.210896611 0.051179331 -0.859995782 -0.004454665 -0.507708669
1753297903750223616.000000 -1.025871158 0.112414844 1.188290834 0.047715701 -0.866787910 -0.008628348 -0.496313930
1753297903783565824.000000 -1.010357857 0.109133512 1.178163886 0.046515416 -0.869738579 -0.009904044 -0.491215914
1753297903850250240.000000 -0.981202602 0.104293928 1.161027431 0.045543049 -0.875751555 -0.008540331 -0.480533242
1753297903916934400.000000 -0.953853965 0.101696417 1.148267627 -0.046802323 0.880760908 0.005705363 0.471208245
1753297903950276608.000000 -0.940179169 0.101156250 1.144582272 0.047964849 -0.883233845 -0.005182781 -0.466444612
1753297904050303232.000000 -0.901735008 0.097519062 1.126575232 0.052270107 -0.890057027 -0.007220230 -0.452784985
1753297904083644416.000000 -0.888973415 0.096046835 1.121153712 0.053971872 -0.892307460 -0.008305928 -0.448113292
1753297904116986624.000000 -0.876333356 0.095061310 1.116167307 0.055787634 -0.894534111 -0.010236713 -0.443386644
1753297904183671040.000000 -0.850733578 0.092731133 1.105573773 0.057974823 -0.899672747 -0.014931471 -0.432440639
1753297904250355200.000000 -0.825924635 0.091903031 1.095342755 0.057683170 -0.905655801 -0.019208355 -0.419632465
1753297904317039616.000000 -0.799746633 0.091963500 1.085126638 0.056552801 -0.912564278 -0.024239566 -0.404277980
1753297904383724288.000000 -0.772591352 0.093405098 1.079518914 -0.055196337 0.920929313 0.027758466 0.384801418
1753297904450408704.000000 -0.744560182 0.094132796 1.076812029 0.055947870 -0.929157376 -0.027815286 -0.364366204
1753297904517092096.000000 -0.715204835 0.095737539 1.078162074 0.055987377 -0.936787128 -0.023880282 -0.344564974
1753297904583776768.000000 -0.685026884 0.096539214 1.079472542 0.053780735 -0.943676353 -0.019161467 -0.325907350
1753297904617118720.000000 -0.670547962 0.097899176 1.081049204 0.052025095 -0.946973801 -0.016565401 -0.316638023
1753297904683803648.000000 -0.640672982 0.097842708 1.084057808 0.047055352 -0.953303933 -0.013208196 -0.298031926
1753297904750487808.000000 -0.610274434 0.095274597 1.086647868 0.041712672 -0.959605634 -0.011284626 -0.278010547
1753297904783830272.000000 -0.594938278 0.092489243 1.087175131 0.039120067 -0.962515533 -0.010209779 -0.268196285
1753297904850514688.000000 -0.565380394 0.087666564 1.087170243 -0.033668626 0.967855930 0.008659770 0.249091178
1753297904917198848.000000 -0.539977431 0.087611899 1.086669445 -0.030293025 0.972882807 0.008368747 0.229153886
1753297904950541312.000000 -0.526578426 0.087914973 1.085394502 0.030549707 -0.975327134 -0.009023866 -0.218454629
1753297905017224448.000000 -0.503098309 0.087117583 1.081506848 0.030334322 -0.979666352 -0.011624323 -0.197986364
1753297905050566912.000000 -0.491937041 0.086460702 1.079391837 0.029928122 -0.981469274 -0.012514159 -0.188854054
1753297905083909376.000000 -0.481565684 0.085548863 1.075862646 0.029692207 -0.983038843 -0.013805833 -0.180451006
1753297905150593536.000000 -0.463232934 0.084234118 1.068686604 0.029235706 -0.985586405 -0.015932674 -0.165864110
1753297905183936000.000000 -0.455163002 0.083779089 1.064949512 0.028340258 -0.986735642 -0.016897228 -0.158946916
1753297905250620160.000000 -0.440418899 0.082739666 1.055427909 0.025771093 -0.988925576 -0.018999495 -0.144917741
1753297905317305088.000000 -0.426821381 0.082570881 1.044580698 0.023913819 -0.990884900 -0.021339308 -0.130843222
1753297905350647808.000000 -0.421144664 0.082228519 1.037300348 -0.022665784 0.991651773 0.022629144 0.124903828
1753297905417331712.000000 -0.409238160 0.083742134 1.024242878 -0.023080179 0.992579281 0.026336443 0.116447933
1753297905484016896.000000 -0.401012182 0.085626617 1.010598421 0.017806396 -0.993292153 -0.028461056 -0.110650748
1753297905517359360.000000 -0.398021311 0.085641712 1.004017591 0.014086363 -0.993658543 -0.028606262 -0.107823573
1753297905617387008.000000 -0.389561594 0.083659612 0.981642842 0.000803578 -0.994986176 -0.029177517 -0.095658407
1753297905650729472.000000 -0.386792660 0.082948670 0.973869324 -0.003858336 -0.995407045 -0.028769225 -0.091227300
1753297905717414656.000000 -0.378750443 0.080706000 0.957990527 -0.009767323 -0.996057332 -0.029421953 -0.083119541
1753297905750756864.000000 -0.374176055 0.079191796 0.949524164 -0.012148992 -0.996293724 -0.030195639 -0.079621419
1753297905817442304.000000 -0.364058554 0.076070070 0.933533549 -0.014113808 -0.996648788 -0.032040402 -0.073929213
1753297905884126208.000000 -0.353031397 0.075426489 0.919246972 0.012611817 0.996872842 0.031424392 0.071400791
1753297905917468672.000000 -0.346828163 0.075341314 0.912739456 0.011463334 0.996913314 0.031984609 0.070777118
1753297905984153600.000000 -0.336159885 0.076097749 0.898974001 -0.010071831 -0.996794999 -0.035134636 -0.071161285
1753297906050838784.000000 -0.325229317 0.077143535 0.887705028 -0.008516756 -0.996844351 -0.038364630 -0.068971522
1753297906117523712.000000 -0.314305067 0.075213447 0.879715502 -0.006767647 -0.997027218 -0.040127013 -0.065428883
1753297906150866176.000000 -0.308934212 0.073753968 0.877209783 -0.005661111 -0.997170568 -0.039464913 -0.063729115
1753297906217551104.000000 -0.297183037 0.071081616 0.873883009 -0.003609319 -0.997506082 -0.036289364 -0.060430497
1753297906284252160.000000 -0.284903139 0.069379613 0.871213138 -0.001981795 -0.997796595 -0.034816574 -0.056444257
1753297906317671168.000000 -0.278459877 0.069236025 0.870561540 -0.000878687 -0.997943401 -0.034485139 -0.054028522
1753297906384512512.000000 -0.264936775 0.066872135 0.870111287 -0.001712209 0.998245597 0.033471122 0.048811175
1753297906451355904.000000 -0.251754820 0.067175724 0.872785628 -0.002549522 0.998572886 0.031544846 0.043018449
1753297906484778496.000000 -0.247197762 0.066669725 0.874152601 0.001831600 -0.998673022 -0.031890925 -0.040397309
1753297906551624704.000000 -0.235645786 0.064437643 0.877385736 -0.000261052 -0.998932838 -0.031134311 -0.034115057
1753297906585048576.000000 -0.230302185 0.063363992 0.879233718 -0.000681396 -0.999032497 -0.030314833 -0.031855803
1753297906651898112.000000 -0.220672548 0.063153319 0.881402612 -0.001738309 -0.999140620 -0.031195456 -0.027239712
1753297906718749440.000000 -0.212813839 0.065468952 0.878979146 -0.003728085 -0.998978019 -0.040232226 -0.020260455
1753297906752174848.000000 -0.209352210 0.066279881 0.877377152 -0.004711406 -0.998838902 -0.044788022 -0.017112952
1753297906819029248.000000 -0.202166334 0.068344310 0.875397027 -0.005712268 -0.998572767 -0.051637761 -0.012385780
1753297906885885696.000000 -0.196058944 0.068657994 0.876338720 -0.005604126 -0.998604298 -0.051837515 -0.008422698
1753297906919314432.000000 -0.192964226 0.067573808 0.876488328 0.005928616 0.998587728 0.052322071 0.007057767
1753297906986173952.000000 -0.188313410 0.068442784 0.876350105 -0.005700663 -0.998460233 -0.054877646 -0.005765591
1753297907053035264.000000 -0.183267608 0.069497406 0.875878096 -0.005889741 -0.998360217 -0.056860615 -0.003014426
1753297907119898880.000000 -0.178889900 0.069355898 0.877251983 -0.006942883 -0.998398185 -0.056151066 -0.000066103
1753297907186763008.000000 -0.174947158 0.069372326 0.878921926 -0.008139547 -0.998420894 -0.055497035 0.003085665
1753297907253630208.000000 -0.169830531 0.069825403 0.880379975 -0.008350237 -0.998389482 -0.055769365 0.006215587
1753297907320379392.000000 -0.163930252 0.070466056 0.882304907 -0.007441392 -0.998388469 -0.055442225 0.009556936
1753297907387050752.000000 -0.156892389 0.070935607 0.883597136 0.005980486 0.998317182 0.055774927 -0.014703475
1753297907453722112.000000 -0.149296150 0.072069824 0.885681927 0.003914725 0.998308539 0.054905321 -0.018711744
1753297907520393216.000000 -0.141526163 0.071030512 0.889147043 -0.002585859 -0.998319447 -0.053933349 0.021046337
1753297907587064064.000000 -0.132228613 0.071436860 0.892009676 -0.001407606 -0.998299599 -0.052590143 0.025104728
1753297907653733632.000000 -0.122392029 0.071641408 0.894364595 -0.000947031 -0.998194039 -0.052119162 0.029858535
1753297907720403968.000000 -0.112356663 0.072029181 0.896337211 -0.000869459 -0.998043299 -0.051748708 0.035085332
1753297907787074048.000000 -0.102260143 0.072520882 0.898599803 -0.000274193 -0.997815549 -0.050759014 0.042279765
1753297907853743872.000000 -0.091602594 0.073457859 0.901241779 -0.000452457 -0.997541547 -0.049464736 0.049638264
1753297907920413184.000000 -0.081042171 0.074123606 0.902060926 0.001204646 0.997268200 0.049612757 -0.054711249
1753297907987082752.000000 -0.070658714 0.075708173 0.902798533 0.000474938 0.997126579 0.049609579 -0.057247452
1753297908053752064.000000 -0.059586078 0.076323576 0.902194202 0.001976214 -0.997138321 -0.050523430 0.056202784
1753297908120420096.000000 -0.047428444 0.075876944 0.901040375 0.005277980 -0.997400284 -0.051940583 0.049670227
1753297908187088384.000000 -0.033131510 0.075283080 0.899384201 0.010510528 -0.998024702 -0.051036704 0.035092641
1753297908253756672.000000 -0.017722949 0.075053386 0.896832705 0.016708305 -0.998519421 -0.049851805 0.013950293
1753297908320427008.000000 -0.002122175 0.074166067 0.893161774 0.023191057 -0.998541296 -0.047816306 -0.009540383
1753297908353762304.000000 0.005976960 0.074669950 0.891324282 0.026677974 -0.998297215 -0.046852939 -0.022266909
1753297908420433152.000000 0.022688881 0.074725851 0.886865199 -0.033458512 0.997190058 0.044638876 0.049999774
1753297908487103488.000000 0.041231751 0.075033754 0.880520165 -0.039672710 0.995155692 0.043228593 0.078883655
1753297908520437504.000000 0.048982739 0.075058967 0.878081143 0.042055763 -0.993776441 -0.042535342 -0.093970433
1753297908587107584.000000 0.066522121 0.075302824 0.869238794 0.045139201 -0.990724504 -0.041649539 -0.121213451
1753297908620442624.000000 0.075928152 0.075768813 0.864441156 0.047227476 -0.988918543 -0.041082632 -0.134618029
1753297908687112448.000000 0.094849169 0.075893387 0.854036391 0.048936095 -0.984561384 -0.039905347 -0.163253382
1753297908753781760.000000 0.114885628 0.074042603 0.841323078 0.048765913 -0.979540884 -0.038600866 -0.191393808
1753297908787116544.000000 0.125140011 0.072786778 0.834638953 0.048314705 -0.976930022 -0.037999555 -0.204522669
1753297908820451072.000000 0.136210084 0.071972400 0.827940941 0.048057120 -0.974240243 -0.037522916 -0.217114016
1753297908887119872.000000 0.157757223 0.070603758 0.812393904 0.047094774 -0.968473732 -0.035837620 -0.241984397
1753297908920454144.000000 0.167127132 0.068370171 0.805642486 -0.046774972 0.965397120 0.033890370 0.254307032
1753297908953788416.000000 0.178046405 0.067550451 0.796688557 -0.046298385 0.962351501 0.031942766 0.265924484
1753297909020455936.000000 0.199749351 0.061765715 0.783292532 0.045115102 -0.955775023 -0.028126132 -0.289253920
1753297909053790208.000000 0.210612118 0.058590624 0.774987876 0.044983841 -0.952107489 -0.027387524 -0.301193982
1753297909087124224.000000 0.223868966 0.055391382 0.766088665 0.045066226 -0.948275387 -0.027595660 -0.313019931
1753297909120458240.000000 0.235394716 0.053197972 0.758886397 0.044410106 -0.944109082 -0.027217472 -0.325492084
1753297909187125760.000000 0.258457780 0.049590189 0.745055616 0.044043288 -0.934839785 -0.027187845 -0.351277143
1753297909220459776.000000 0.268481433 0.048736043 0.740114033 0.044700414 -0.929852843 -0.027492726 -0.364169896
1753297909253793536.000000 0.278825819 0.048228107 0.736081600 0.045674846 -0.924530208 -0.028098773 -0.377317190
1753297909287127552.000000 0.289024770 0.047414321 0.732962906 0.047147863 -0.919037998 -0.029065941 -0.390258193
1753297909353797120.000000 0.309399188 0.045426637 0.727090538 0.049848847 -0.907372892 -0.031068265 -0.416202426
1753297909387131904.000000 0.321459055 0.044157326 0.720504582 -0.051162504 0.901270509 0.033356447 0.428930491
1753297909453800192.000000 0.340048015 0.043329041 0.710687041 0.049694665 -0.890027106 -0.035796080 -0.451775342
1753297909487134720.000000 0.351107776 0.042968944 0.709112525 0.050929427 -0.884985805 -0.037292656 -0.461319536
1753297909520469248.000000 0.362669528 0.043259401 0.707438469 0.053400844 -0.880020797 -0.038915228 -0.470316350
1753297909587138048.000000 0.387937427 0.044840235 0.704110146 0.058714531 -0.870931447 -0.042064000 -0.486067533
1753297909620472320.000000 0.401441574 0.045358893 0.702874839 0.061788566 -0.866642416 -0.044005640 -0.493129432
1753297909653806336.000000 0.414281547 0.046046458 0.701881647 0.064160235 -0.863130927 -0.045799926 -0.498789370
1753297909687140608.000000 0.427331388 0.047168825 0.700415432 0.066929936 -0.860390782 -0.047605731 -0.502972960
1753297909720474624.000000 0.440837622 0.048712131 0.699333310 0.069815524 -0.858577967 -0.049057607 -0.505532444
1753297909753808640.000000 0.453726172 0.050072983 0.699521661 0.072223358 -0.857576191 -0.049882393 -0.506812334
1753297909787142400.000000 0.463968515 0.050441764 0.699672461 -0.073646091 0.856266558 0.051201422 0.508686900
1753297909820476416.000000 0.475833118 0.052659936 0.701975405 -0.076274753 0.855923116 0.050720565 0.508925617
1753297909887143168.000000 0.505513430 0.052651398 0.684482813 0.078740887 -0.853976965 -0.047727384 -0.512099028
1753297909920476928.000000 0.519029498 0.053823523 0.685020268 0.078807704 -0.854523778 -0.044532105 -0.511463881
1753297909953810432.000000 0.531629682 0.054800130 0.687633872 0.078210324 -0.855496466 -0.041509569 -0.510182142
1753297909987143936.000000 0.541943073 0.056066170 0.691705883 0.077237308 -0.856778800 -0.037833776 -0.508461595
1753297910020477440.000000 0.558876395 0.052254669 0.696581006 -0.076414511 0.858544767 0.036289789 0.505712211
1753297910053810944.000000 0.572308004 0.051727183 0.700103998 -0.074100778 0.860278249 0.034433316 0.503234327
1753297910087144448.000000 0.586522222 0.051099531 0.704283834 -0.073273942 0.861662984 0.032522202 0.501109064
1753297910120477440.000000 0.599800110 0.049220145 0.708778381 -0.073323458 0.862559438 0.030347530 0.499693960
1753297910153810688.000000 0.612923682 0.048389614 0.713537097 -0.072300799 0.863230526 0.027936308 0.498824000
1753297910187143680.000000 0.621644080 0.044943824 0.708047152 0.069801584 -0.862026334 -0.024762096 -0.501423240
1753297910220477184.000000 0.633977890 0.044152930 0.711487472 0.068125650 -0.862720966 -0.022074897 -0.500583887
1753297910253810176.000000 0.645178735 0.042841941 0.715034842 0.066053845 -0.863612473 -0.019163255 -0.499442965
1753297910287143424.000000 0.664528787 0.041201033 0.730819345 -0.064978123 0.866709530 0.018070577 0.494232655
1753297910320477952.000000 0.675942361 0.041073419 0.733847260 -0.063124493 0.868043840 0.016749494 0.492173404
1753297910353813504.000000 0.686354160 0.041584186 0.736755133 -0.062011212 0.869035006 0.015181949 0.490614146
1753297910387148800.000000 0.695665002 0.041829079 0.739536643 -0.061561670 0.869684756 0.013662831 0.489563167
1753297910420484352.000000 0.705305576 0.042269379 0.741736352 -0.061522759 0.869897902 0.012782414 0.489212841
1753297910453819392.000000 0.710070789 0.042212568 0.733132005 -0.060757544 0.868324101 0.012116601 0.492112905
1753297910487154688.000000 0.724214435 0.043005168 0.744071960 -0.062432762 0.869496465 0.012275685 0.489823818
1753297910520489984.000000 0.733646512 0.043087170 0.745000243 -0.064080633 0.868412197 0.012121423 0.491535366
1753297910553825024.000000 0.742587447 0.043247454 0.745848536 -0.065219909 0.866792560 0.011471881 0.494252473
1753297910587159808.000000 0.751776218 0.041812189 0.746500015 -0.065890394 0.864369631 0.010185246 0.498417467
1753297910620494848.000000 0.755544901 0.040935904 0.737398386 -0.065236628 0.859717071 0.007804214 0.506527305
1753297910653829888.000000 0.769643426 0.039108068 0.736101747 0.065448098 -0.856018960 -0.007800050 -0.512725413
1753297910687164672.000000 0.777870417 0.040221006 0.735602736 0.066689745 -0.851902604 -0.006269090 -0.519398808
1753297910720499200.000000 0.779737830 0.043171361 0.735745847 -0.069193095 0.847110569 0.003445724 0.526881576
1753297910753832960.000000 0.795677006 0.040704206 0.735781908 -0.073713332 0.841547668 0.005492039 0.535101712
1753297910787167488.000000 0.807833850 0.041271634 0.732293248 -0.076009706 0.834437728 0.006449155 0.545797229
1753297910820502272.000000 0.817561865 0.042016521 0.730140448 -0.079179399 0.826194167 0.006970187 0.557750106
1753297910853836800.000000 0.824685633 0.042691812 0.729349673 -0.083026960 0.816681862 0.007281460 0.571037948
1753297910887171072.000000 0.833534122 0.043328039 0.726398289 -0.084945761 0.805344641 0.007788879 0.586637557
1753297910920505344.000000 0.841667533 0.042808630 0.722518086 -0.085574619 0.792414725 0.007470715 0.603904068
1753297910953839616.000000 0.848113418 0.041722223 0.718087673 -0.085139446 0.778232634 0.007103776 0.622137368
1753297910987173888.000000 0.855001450 0.040416367 0.712253869 -0.084595360 0.763176262 0.006987975 0.640591025
1753297911020508160.000000 0.862023473 0.037078813 0.705031931 -0.082844958 0.747803569 0.007125817 0.658692598
1753297911053842176.000000 0.869128704 0.034730732 0.697707951 -0.080852099 0.732612908 0.007153779 0.675788522
1753297911087176192.000000 0.878008485 0.034475669 0.698362768 -0.080326356 0.719686329 0.007935354 0.689591527
1753297911120510208.000000 0.887720346 0.032477155 0.690994084 -0.081648923 0.704787135 0.009592675 0.704639375
1753297911153843968.000000 0.908857584 0.031097334 0.674267173 -0.084464818 0.685938597 0.009736396 0.722675085
1753297911220510464.000000 0.928094029 0.027555354 0.665294349 0.087395214 -0.654893637 -0.010767198 -0.750573516
1753297911253844224.000000 0.937170208 0.026521716 0.661998093 0.088584699 -0.639021993 -0.011836018 -0.763978779
1753297911320514048.000000 0.955659509 0.025436878 0.651305377 -0.089991257 0.605792761 0.014960581 0.790375233
1753297911353849088.000000 0.964150250 0.025439613 0.646488011 -0.090891853 0.588600516 0.016511088 0.803128600
1753297911420519936.000000 0.978182197 0.023782665 0.638656557 -0.092533283 0.552784681 0.019970708 0.827929974
1753297911453854720.000000 0.983753085 0.023956252 0.635255158 -0.092947923 0.534494817 0.021623755 0.839766920
1753297911487190016.000000 0.994129539 0.016265431 0.624623895 0.096222445 -0.512298226 -0.023554470 -0.853075087
1753297911553859840.000000 1.000171423 0.020256799 0.621866882 -0.097228929 0.474996597 0.025752088 0.874220669
1753297911587194880.000000 0.999858677 0.018998276 0.620456338 -0.097723365 0.457081705 0.028228331 0.883589149
1753297911620529664.000000 0.999973595 0.018352142 0.618294120 -0.097840980 0.439149648 0.030186802 0.892560065
1753297911687197952.000000 0.997850776 0.016719244 0.614722013 -0.096248791 0.403048307 0.031536821 0.909556866
1753297911720532736.000000 0.993659317 0.015683590 0.613006711 -0.094395265 0.383698791 0.031283122 0.918088317
1753297911753867264.000000 0.987508953 0.014667447 0.611142933 -0.091795616 0.363204926 0.030298850 0.926681101
1753297911820536064.000000 0.973067760 0.010912438 0.604438365 -0.084312119 0.319168627 0.026422672 0.943570256
1753297911887204864.000000 0.954337299 0.012541670 0.607614815 -0.074744955 0.270811975 0.021811353 0.959478140
1753297911920539136.000000 0.944912851 0.008878146 0.603607297 -0.071659856 0.243368477 0.020535355 0.967065156
1753297911953873408.000000 0.930747509 0.007564712 0.600662291 -0.068729952 0.216665685 0.018787244 0.973642230
1753297911987207168.000000 0.917614996 0.006861541 0.596999705 -0.066876180 0.190052420 0.016715772 0.979350984
1753297912053875200.000000 0.890960991 0.005030740 0.590238392 -0.066794038 0.138343319 0.012493987 0.988050401
1753297912087208192.000000 0.878091156 0.003326603 0.587730110 -0.067392357 0.113262966 0.009304619 0.991233230
1753297912120541952.000000 0.864200890 0.003134353 0.579557419 -0.067344755 0.087540887 0.005090432 0.993868887
1753297912187209472.000000 0.836381316 0.013537832 0.575771093 -0.065457001 0.036860202 -0.001095319 0.997173786
1753297912220543232.000000 0.823414028 0.013003330 0.569246709 -0.065044776 0.013150910 -0.002376531 0.997792840
1753297912253876736.000000 0.811324239 0.012906549 0.564063251 -0.065027826 -0.008031818 -0.003592056 0.997844696
1753297912287211008.000000 0.798437834 0.013232612 0.560494781 -0.064804219 -0.025648374 -0.005001188 0.997555792
1753297912320546560.000000 0.787557483 0.013040483 0.555555284 -0.064692900 -0.043020096 -0.006392528 0.996957064
1753297912387217664.000000 0.763552010 0.014488222 0.546547174 -0.064882889 -0.077695489 -0.007944136 0.994831979
1753297912420553216.000000 0.753297269 0.014656927 0.541921079 -0.065289587 -0.095133528 -0.008518326 0.993284643
1753297912487224064.000000 0.732693911 0.016231444 0.534193575 -0.065899998 -0.130599350 -0.010074574 0.989191353
1753297912553893888.000000 0.712097704 0.019136498 0.529224515 -0.065281369 -0.161248133 -0.010173135 0.984699965
1753297912587228928.000000 0.703768790 0.020331321 0.527341008 -0.064473540 -0.176152155 -0.010722171 0.982190728
1753297912653899264.000000 0.687376380 0.021562269 0.526247263 -0.065385714 -0.205406055 -0.011047370 0.976427734
1753297912720569088.000000 0.672572017 0.022567371 0.527056932 -0.066064745 -0.233180270 -0.010766826 0.970127046
1753297912753904128.000000 0.664783597 0.023361892 0.528775811 -0.066680372 -0.246130630 -0.010701426 0.966881096
1753297912820573696.000000 0.648228586 0.021716719 0.528167963 -0.067248873 -0.270092547 -0.010066496 0.960430264
1753297912887243264.000000 0.633919477 0.023816604 0.535772324 -0.069820352 -0.292073846 -0.009635442 0.953795195
1753297912953912064.000000 0.616692424 0.026677005 0.546694815 -0.073016621 -0.311900437 -0.009442810 0.947257936
1753297913020580096.000000 0.597981691 0.030128483 0.559884667 -0.076053455 -0.333588451 -0.009196888 0.939601004
1753297913053914368.000000 0.587145269 0.031597864 0.567690313 -0.077875622 -0.345455647 -0.009131911 0.935153723
1753297913120582912.000000 0.563503444 0.037607752 0.587309539 -0.080728628 -0.369844556 -0.006911637 0.925553977
1753297913187251200.000000 0.540291309 0.041405566 0.605144918 -0.080846824 -0.392220110 -0.003029543 0.916306734
1753297913220585216.000000 0.529211640 0.041831441 0.613508523 -0.080684178 -0.403059065 -0.001240013 0.911609590
1753297913287253504.000000 0.505491018 0.044519041 0.633802414 -0.080653436 -0.425240487 0.002825290 0.901475251
1753297913320589312.000000 0.492998898 0.045007765 0.643776298 -0.080328077 -0.436405391 0.004915069 0.896143794
1753297913387260416.000000 0.466657132 0.044674039 0.663643837 -0.077727042 -0.457689196 0.008187560 0.885670424
1753297913420594944.000000 0.453483731 0.047413122 0.676937461 -0.077899873 -0.467353523 0.009812405 0.880577087
1753297913487265792.000000 0.430719584 0.043275520 0.691826403 -0.079586126 -0.485480458 0.011730837 0.870538473
1753297913520601088.000000 0.419117123 0.043307085 0.697804809 -0.079082385 -0.494300634 0.012570724 0.865595102
1753297913587271680.000000 0.396571279 0.043156143 0.711119592 -0.078208908 -0.512479067 0.014540508 0.855007172
1753297913620606720.000000 0.386207134 0.042091504 0.715646625 -0.077828147 -0.521357119 0.015432472 0.849641979
1753297913687276800.000000 0.364388943 0.040166069 0.723640740 -0.076450825 -0.538886368 0.016107842 0.838747501
1753297913753946880.000000 0.334771395 0.038769096 0.732762933 -0.077711746 -0.555565119 0.016686825 0.827665210
1753297913787281408.000000 0.323350012 0.037426852 0.734510303 -0.078873180 -0.563291907 0.016434684 0.822320640
1753297913853949952.000000 0.299772739 0.038427688 0.738042057 -0.081290014 -0.577118933 0.016767807 0.812431276
1753297913920619264.000000 0.274953187 0.038761754 0.738535762 -0.081739075 -0.588473558 0.017352501 0.804186881
1753297913987288064.000000 0.249372125 0.041375376 0.736654580 -0.081466556 -0.597699881 0.017939676 0.797368348
1753297914020622592.000000 0.233902097 0.043245316 0.739496529 -0.081379488 -0.601765096 0.018180637 0.794308305
1753297914087291136.000000 0.208374441 0.045253295 0.733684778 -0.080520317 -0.606264949 0.017711665 0.790977716
1753297914153959424.000000 0.181630433 0.047981258 0.725408077 -0.078392781 -0.606830835 0.016383251 0.790786028
1753297914187293696.000000 0.167299092 0.049291350 0.720381856 -0.077066280 -0.606129289 0.015616676 0.791469693
1753297914253961472.000000 0.137032509 0.049476001 0.708305895 -0.071489632 -0.604269743 0.016484842 0.793394983
1753297914320630272.000000 0.106310904 0.045033246 0.695363462 -0.066324309 -0.602057755 0.017568208 0.795499146
1753297914387301376.000000 0.078567505 0.041999210 0.685787618 -0.062430304 -0.597467244 0.021806506 0.799162030
1753297914453972224.000000 0.049474955 0.038690817 0.674059212 -0.059601780 -0.591695786 0.023522865 0.803610861
1753297914520642816.000000 0.024784088 0.039164536 0.666027129 -0.058217820 -0.586492121 0.026569974 0.807422817
1753297914587312896.000000 -0.013728708 0.035307322 0.659342587 -0.060530111 -0.581934869 0.026075669 0.810560346
1753297914653983232.000000 -0.037993103 0.038517006 0.656318665 -0.063530497 -0.577778578 0.022603016 0.813403368
1753297914753986560.000000 -0.076668113 0.041690074 0.654829502 -0.068468757 -0.574140966 0.017135648 0.815708697
1753297914820656128.000000 -0.097603470 0.043629352 0.658961058 -0.069778293 -0.572403610 0.018399660 0.816790462
1753297914920659712.000000 -0.133049056 0.048630591 0.670900822 -0.074817494 -0.566230655 0.019550746 0.820611358
1753297915020662784.000000 -0.187902585 0.047816817 0.687644482 -0.085143156 -0.561461627 0.018772531 0.822896779
1753297915087331072.000000 -0.217823178 0.055604860 0.701915026 -0.090610854 -0.560037017 0.022706548 0.823184431
1753297915187332352.000000 -0.257800519 0.062295318 0.730883062 -0.096780479 -0.557046056 0.034522336 0.824100435
1753297915253999872.000000 -0.284288704 0.065651059 0.752726197 -0.097454794 -0.555185080 0.044256382 0.824811161
1753297915354003200.000000 -0.330821484 0.066321865 0.785630465 -0.097370192 -0.554072380 0.054956626 0.824925900
1753297915420672256.000000 -0.365059733 0.064936332 0.805321097 -0.096388526 -0.554331064 0.058413211 0.824629843
1753297915487340800.000000 -0.399521887 0.064555869 0.821521759 -0.094758049 -0.558079123 0.057248794 0.822369277
1753297915587343360.000000 -0.446457773 0.065675125 0.844225585 -0.094343215 -0.568839133 0.054842725 0.815177143
1753297915654010624.000000 -0.475431144 0.059307393 0.856075346 -0.095437758 -0.572050989 0.052443858 0.812956989
1753297915720678144.000000 -0.504471660 0.059367381 0.866046786 -0.096242256 -0.573042691 0.048248604 0.812423348
1753297915787345408.000000 -0.533009410 0.065941222 0.874062479 -0.096141234 -0.574031234 0.045657966 0.811886966
1753297915854012672.000000 -0.562772214 0.066866010 0.879736900 -0.095937915 -0.573326051 0.042158317 0.812598288
1753297915954012928.000000 -0.609918892 0.072737724 0.887759030 -0.097859710 -0.566663384 0.036838178 0.817287683
1753297916020679168.000000 -0.642905712 0.078332573 0.890663922 -0.099656850 -0.558479667 0.031580519 0.822904408
1753297916087344384.000000 -0.675411224 0.084868178 0.886217713 -0.097701870 -0.548123121 0.025091881 0.830292642
1753297916187343360.000000 -0.716537833 0.082632557 0.887373149 -0.082780980 -0.530415237 0.022182453 0.843394876
1753297916254008832.000000 -0.753012002 0.089567408 0.879955053 -0.073124632 -0.511869192 0.023230882 0.855630219
1753297916320749056.000000 -0.788961411 0.090438388 0.881031632 -0.068556316 -0.489011139 0.024014680 0.869247615
1753297916387574528.000000 -0.824404418 0.089325890 0.883095324 -0.064436175 -0.465971917 0.024379216 0.882113278
1753297916487815936.000000 -0.876857579 0.090835996 0.886402428 -0.059594344 -0.435178876 0.022914460 0.898077309
1753297916554644480.000000 -0.905373216 0.085594051 0.898142338 -0.058235042 -0.415982604 0.020322416 0.907278538
1753297916621476096.000000 -0.945683300 0.089085303 0.904388249 -0.060805831 -0.394128174 0.013246476 0.916946113
1753297916721726720.000000 -1.000470161 0.100468650 0.926170588 -0.073973022 -0.360275000 -0.001003094 0.929908037
1753297916788562176.000000 -1.032308578 0.104712740 0.943370283 -0.080239743 -0.338260174 -0.007142794 0.937598407
1753297916855399680.000000 -1.055424571 0.102460705 0.966295004 -0.085696273 -0.316338897 -0.008787729 0.944726765
1753297916922238720.000000 -1.078455806 0.108553164 0.991678298 -0.090907991 -0.297390252 -0.006283839 0.950397432
1753297917022499840.000000 -1.105880857 0.118337162 1.038153648 -0.098006293 -0.280004770 0.006072885 0.954963505
1753297917089343232.000000 -1.119664073 0.125413030 1.072140217 -0.100948527 -0.270917386 0.021880303 0.957044661
1753297917156188416.000000 -1.129375100 0.128540829 1.112502098 -0.101419702 -0.263898313 0.040510356 0.958347857
1753297917223035392.000000 -1.140565038 0.132129401 1.152566791 -0.102439098 -0.259050816 0.057359103 0.958701730
1753297917289891840.000000 -1.154631376 0.131563097 1.192117572 -0.102630347 -0.257433712 0.067800544 0.958435178
1753297917389875712.000000 -1.182963729 0.136322230 1.247765779 -0.103942350 -0.259638697 0.077915244 0.956928968
1753297917456530432.000000 -1.196734786 0.138507545 1.280827045 -0.106287949 -0.258909047 0.083263390 0.956418455
1753297917523184896.000000 -1.211586952 0.141046673 1.312158346 -0.112055220 -0.251617104 0.083197534 0.957711160
1753297917589839360.000000 -1.228534460 0.142617077 1.340590596 -0.114047162 -0.241001278 0.080801167 0.960407674
1753297917656493312.000000 -1.245003939 0.144729823 1.364175797 -0.113559417 -0.228160337 0.078190021 0.963811934
1753297917756472832.000000 -1.273041844 0.149186328 1.398622870 -0.114771135 -0.197128356 0.072454251 0.970936894
1753297917823125504.000000 -1.292886615 0.161310568 1.418666124 -0.114369929 -0.171129569 0.067371987 0.976266026
1753297917889776640.000000 -1.319081426 0.168597504 1.439972281 -0.112539209 -0.146910563 0.059938774 0.980897367
1753297917956428032.000000 -1.345677853 0.175399274 1.462584734 -0.110013999 -0.123569876 0.050178193 0.984941423
1753297918023079168.000000 -1.374793172 0.180890977 1.483996511 -0.106352836 -0.099602357 0.039165940 0.988551676
1753297918123054848.000000 -1.419593573 0.183465853 1.520276189 -0.095152520 -0.063597769 0.027984347 0.993034840
1753297918189704448.000000 -1.449210763 0.180729225 1.549117088 -0.089901410 -0.041908354 0.021118209 0.994844437
1753297918256353536.000000 -1.476566672 0.176780015 1.580685139 -0.084521137 -0.027220776 0.013903330 0.995952845
1753297918323021056.000000 -1.503160357 0.174679801 1.609567285 -0.081813887 -0.016228344 0.009506525 0.996470213
1753297918423105792.000000 -1.531230092 0.176451355 1.656070232 -0.085169211 -0.002795976 0.005623891 0.996346772
1753297918456469248.000000 -1.537791252 0.178416133 1.672879815 -0.088499889 0.001651947 0.005341866 0.996060550
1753297918523196160.000000 -1.547648191 0.182373464 1.706008434 -0.094991125 0.011151369 0.005766518 0.995398998
1753297918589923840.000000 -1.554337978 0.186791629 1.739838600 -0.102471657 0.020588042 0.006564950 0.994501233
1753297918656651520.000000 -1.557838559 0.192899048 1.775711179 -0.111026950 0.028544258 0.007308790 0.993380487
1753297918723379968.000000 -1.556766629 0.202957198 1.815419555 -0.119462520 0.033353798 0.008979051 0.992237687
1753297918790107392.000000 -1.558089614 0.213996500 1.853727937 -0.125148192 0.035017923 0.011720386 0.991450608
1753297918856836352.000000 -1.553905368 0.224779740 1.893413067 -0.129957378 0.030043837 0.015917860 0.990936458
1753297918923565568.000000 -1.548405528 0.234488815 1.934327245 -0.130810812 0.023019053 0.022939822 0.990874588
1753297918990295296.000000 -1.539890647 0.241507992 1.978862643 -0.133653268 0.015238972 0.029736660 0.990464747
1753297919057025792.000000 -1.532537341 0.246349275 2.025012970 -0.136899382 0.008253402 0.035854567 0.989901483
1753297919123756288.000000 -1.527625084 0.249007538 2.073165178 -0.141672626 0.000240511 0.037039686 0.989220321
1753297919190486016.000000 -1.528311849 0.251069695 2.118720531 -0.146096841 -0.009254480 0.034564301 0.988622963
1753297919223851776.000000 -1.526524305 0.253377706 2.142467022 -0.150143966 -0.015022652 0.032670699 0.988010049
1753297919290582784.000000 -1.533397198 0.255358219 2.182248354 -0.158705220 -0.025080347 0.029423499 0.986568749
1753297919357285376.000000 -1.539508820 0.259742171 2.222727060 -0.169621110 -0.032626726 0.024939489 0.984653354
1753297919457254912.000000 -1.549249887 0.264614165 2.277029037 -0.179839090 -0.040127989 0.018232062 0.982708156
1753297919523900160.000000 -1.556679606 0.268547624 2.310071468 -0.183883667 -0.044218123 0.013600052 0.981858790
1753297919590544896.000000 -1.565615177 0.274200857 2.344530106 -0.190036014 -0.045806158 0.009848112 0.980658531
1753297919657187840.000000 -1.574663281 0.281045914 2.379089594 -0.194858029 -0.044147186 0.007745835 0.979806900
1753297919723831296.000000 -1.584450722 0.289663732 2.416420460 -0.197565690 -0.039551914 0.004015526 0.979483247
1753297919790474240.000000 -1.601052165 0.296276867 2.448590517 -0.199527025 -0.031027699 -0.003122414 0.979396045
1753297919857115904.000000 -1.618713856 0.302467018 2.482675076 -0.200183302 -0.020550961 -0.011194600 0.979478955
1753297919923757312.000000 -1.635015607 0.307296693 2.518859625 -0.200988188 -0.010717068 -0.016989537 0.979387760
1753297919990398208.000000 -1.650216937 0.310972661 2.557714224 -0.203285471 -0.003903768 -0.020387433 0.978899479
1753297920057038080.000000 -1.665174127 0.311681747 2.597966909 -0.205287531 0.001077335 -0.020869888 0.978478611
1753297920123676416.000000 -1.678236842 0.311594367 2.635872126 -0.203397781 0.006437959 -0.017659107 0.978915811
1753297920190315008.000000 -1.688009024 0.312172234 2.670517445 -0.202076659 0.013405577 -0.014820267 0.979165852
1753297920223633920.000000 -1.691105366 0.312674612 2.686858654 -0.202066556 0.017748408 -0.013667737 0.979115546
1753297920290271744.000000 -1.695523500 0.315589905 2.718639374 -0.203200057 0.027003923 -0.012740853 0.978681922
1753297920356912384.000000 -1.699575067 0.320601404 2.753928661 -0.203904003 0.034618765 -0.010127526 0.978326261
1753297920423559680.000000 -1.700345278 0.324046463 2.784920931 -0.205026552 0.040671434 -0.005948928 0.977892935
1753297920490205696.000000 -1.698521733 0.328090519 2.816687584 -0.206472978 0.045938566 -0.002182897 0.977370918
1753297920556850688.000000 -1.695176005 0.333611816 2.850149393 -0.207954153 0.050169162 0.000875761 0.976850748
1753297920623495680.000000 -1.687970638 0.341921091 2.886152029 -0.209919840 0.052971497 0.005071687 0.976269424
1753297920690140160.000000 -1.678827882 0.350339860 2.922860146 -0.210431665 0.052362584 0.009295736 0.976161063
1753297920756783872.000000 -1.668432355 0.359494179 2.961442232 -0.210522592 0.049780756 0.016155828 0.976187050
1753297920823426816.000000 -1.656942248 0.367581010 3.002639294 -0.209206700 0.047390867 0.025883008 0.976379395
1753297920856748032.000000 -1.650228858 0.365388334 3.025093794 -0.208240077 0.046795610 0.030634217 0.976477265
1753297920923390208.000000 -1.642295837 0.370585412 3.071282387 -0.208005682 0.044159018 0.036053021 0.976464927
1753297920990030592.000000 -1.633098960 0.373263776 3.117622137 -0.210036784 0.038174175 0.037279956 0.976236403
1753297921056671488.000000 -1.626998067 0.376050144 3.160023451 -0.211571917 0.028796386 0.035367399 0.976297796
1753297921089991680.000000 -1.625362277 0.377123803 3.179955482 -0.213354513 0.023837587 0.034713428 0.976066947
1753297921156631040.000000 -1.623471498 0.380079806 3.217373133 -0.216278017 0.012631102 0.033831954 0.975663722
1753297921223269888.000000 -1.624081731 0.382573813 3.253169298 -0.222258121 0.002326564 0.032575797 0.974440813
1753297921289908480.000000 -1.626554012 0.384009361 3.287878036 -0.225372106 -0.005495770 0.029870884 0.973799288
1753297921356549888.000000 -1.630744934 0.386274844 3.319765568 -0.228325233 -0.012088560 0.026262574 0.973155558
1753297921389873664.000000 -1.627488375 0.384607285 3.335711241 -0.229735896 -0.016097184 0.024786133 0.972804248
1753297921456519680.000000 -1.636552215 0.388091326 3.365954399 -0.232634529 -0.022845795 0.021064967 0.972067654
1753297921523165696.000000 -1.646961451 0.393779814 3.394660711 -0.235307306 -0.029840859 0.015791133 0.971334457
1753297921589811200.000000 -1.661870718 0.399620324 3.422762156 -0.235799521 -0.037754051 0.008371892 0.971032023
1753297921656456192.000000 -1.677577376 0.402629942 3.448671579 -0.229531050 -0.046308648 0.000598609 0.972198904
1753297921723100416.000000 -1.695420861 0.403447181 3.473216057 -0.217300370 -0.055400092 -0.007749307 0.974500597
1753297921789743872.000000 -1.716358781 0.403920949 3.501708984 -0.203936592 -0.065627716 -0.016057560 0.976649940
1753297921856386048.000000 -1.735972404 0.403869033 3.532379389 -0.193275675 -0.073938690 -0.023419680 0.978074253
1753297921923027968.000000 -1.753580332 0.405009449 3.561133623 -0.189265132 -0.079886541 -0.030210583 0.978204608
1753297921989669632.000000 -1.770558834 0.404894471 3.594100475 -0.183226019 -0.083133675 -0.034156632 0.978953719
1753297922056310784.000000 -1.786910295 0.402935326 3.621234655 -0.174599171 -0.087271944 -0.038886193 0.979993224
1753297922122950912.000000 -1.799259186 0.400562584 3.646829844 -0.164933175 -0.092987306 -0.040807847 0.981063306
1753297922189590784.000000 -1.808394194 0.400396019 3.672711134 -0.159920961 -0.098765150 -0.041531403 0.981298089
1753297922256229376.000000 -1.818349004 0.401273817 3.698440075 -0.157608822 -0.108310364 -0.044158168 0.980550051
1753297922322866688.000000 -1.827868581 0.402636468 3.723709106 -0.155158073 -0.122960404 -0.044632141 0.979190886
1753297922389585664.000000 -1.836078763 0.405904830 3.750287056 -0.154258221 -0.140210167 -0.043420035 0.977067232
1753297922456319488.000000 -1.845076084 0.408880711 3.779071569 -0.153207332 -0.159097493 -0.041471269 0.974420726
1753297922523055104.000000 -1.852848053 0.412251115 3.805996418 -0.152034074 -0.181715444 -0.038692351 0.970756412
1753297922589792256.000000 -1.864607573 0.419596493 3.836026192 -0.151536718 -0.209462672 -0.036313444 0.965320349
1753297922656530944.000000 -1.877074957 0.427279294 3.866374731 -0.150220439 -0.240986273 -0.035447787 0.958176911
1753297922723270912.000000 -1.889972568 0.432722002 3.896871090 -0.147553623 -0.274320930 -0.034944378 0.949607730
1753297922790011648.000000 -1.903301239 0.434826016 3.928042889 -0.140064955 -0.309760869 -0.034089539 0.939823389
1753297922856754688.000000 -1.919037104 0.434871703 3.959884644 -0.135301858 -0.345305800 -0.034624353 0.928040147
1753297922923499776.000000 -1.935875893 0.432077765 3.990385771 -0.129152611 -0.379290581 -0.036627766 0.915487170
1753297922990246144.000000 -1.949764967 0.424770534 4.016897678 -0.121626452 -0.411747843 -0.038034506 0.902343690
1753297923056994304.000000 -1.964938879 0.416183203 4.047008514 -0.113370866 -0.443324655 -0.038878232 0.888312399
1753297923123743488.000000 -1.980740070 0.413367093 4.069652081 -0.107813083 -0.473328561 -0.039068814 0.873390019
1753297923190493696.000000 -1.998096585 0.411237627 4.091054440 -0.104286440 -0.501286745 -0.039060924 0.858085215
1753297923257246464.000000 -2.016598940 0.410684913 4.110715866 -0.104061589 -0.525485873 -0.038677100 0.843528211
1753297923324000768.000000 -2.034286022 0.411454916 4.127239227 -0.105156697 -0.545873880 -0.037812725 0.830381870
1753297923390676736.000000 -2.054024935 0.411816239 4.140559196 -0.105770208 -0.563466311 -0.037324615 0.818489671
1753297923457339648.000000 -2.072957516 0.411561906 4.151624680 -0.104418710 -0.577239394 -0.036835093 0.809033215
1753297923524001536.000000 -2.092054605 0.409743071 4.161649227 -0.102687307 -0.586146116 -0.035092644 0.802905083
1753297923590663936.000000 -2.113410473 0.411746413 4.168514729 -0.098448195 -0.590206742 -0.031704523 0.800598979
1753297923657324288.000000 -2.137401104 0.412782609 4.167602539 -0.093115486 -0.590401113 -0.029195514 0.801189005
1753297923723985408.000000 -2.158143520 0.412588984 4.170592308 -0.086882800 -0.590710282 -0.027643610 0.801716089
1753297923790646272.000000 -2.181723356 0.412887722 4.167439938 -0.078601390 -0.589496195 -0.025852216 0.803522110
1753297923857306624.000000 -2.207701206 0.410496056 4.163626194 -0.070800930 -0.588163316 -0.024661260 0.805259526
1753297923923966720.000000 -2.233622551 0.407004952 4.160341740 -0.062090781 -0.585713685 -0.019651094 0.807897329
1753297923957296384.000000 -2.247057199 0.405000001 4.159279823 -0.058663879 -0.584358811 -0.017267987 0.809187949
1753297924057285376.000000 -2.288352251 0.400881469 4.156145573 -0.053928412 -0.578113794 -0.011981272 0.814083993
1753297924090614016.000000 -2.300995350 0.401316851 4.155342102 -0.052230936 -0.575960279 -0.010163893 0.815744042
1753297924157272832.000000 -2.325958967 0.399860263 4.152452469 -0.049567875 -0.572765112 -0.007737401 0.818182945
1753297924223930880.000000 -2.354253292 0.398864627 4.151773930 -0.046912253 -0.571242690 -0.005712749 0.819419563
1753297924290588928.000000 -2.374980688 0.395040244 4.152294636 -0.045843825 -0.571248889 -0.003577664 0.819487810
1753297924357248512.000000 -2.398076296 0.395014346 4.153806686 -0.045378044 -0.571483731 0.000209831 0.819357753
1753297924423911424.000000 -2.420043707 0.395339072 4.157974720 -0.043349303 -0.572759449 0.004179555 0.818565786
1753297924490573824.000000 -2.443255186 0.396824300 4.161105156 -0.041239340 -0.574735045 0.008283509 0.817257822
1753297924557234944.000000 -2.468253136 0.398347288 4.165649414 -0.039516822 -0.579595506 0.012801580 0.813845038
1753297924623897088.000000 -2.492726803 0.400248259 4.171527386 -0.035703633 -0.588133812 0.018906496 0.807753980
1753297924690558464.000000 -2.517057180 0.400557548 4.180672646 -0.030924272 -0.600302160 0.025194330 0.798778057
1753297924757219584.000000 -2.547573805 0.402503163 4.187850475 -0.025389919 -0.612800121 0.033172585 0.789133072
1753297924790549760.000000 -2.557946444 0.402422130 4.196750641 -0.022398977 -0.619793832 0.038870223 0.783481300
1753297924857210112.000000 -2.586312532 0.402297199 4.208785057 -0.015234866 -0.631466329 0.053000692 0.773439884
1753297924923870208.000000 -2.614994526 0.403626800 4.222384453 -0.007912951 -0.642952621 0.066267498 0.762992859
1753297924990529024.000000 -2.645400524 0.402034879 4.235248566 -0.000702141 -0.654413283 0.077294767 0.752175748
1753297925057188352.000000 -2.675093412 0.398822993 4.248367310 0.007201826 -0.666833580 0.085985281 0.740194321
1753297925123847168.000000 -2.705484867 0.396392196 4.258208275 0.013629805 -0.681106865 0.091111660 0.726365268
1753297925190505472.000000 -2.737774611 0.395605177 4.256462097 0.017109016 -0.695260286 0.094247043 0.712346852
1753297925257163776.000000 -2.763901472 0.388820618 4.269206047 0.020149523 -0.710877478 0.095805980 0.696468651
1753297925323821568.000000 -2.790760040 0.388661385 4.273058891 0.021902483 -0.723807335 0.094294816 0.683177710
1753297925390483456.000000 -2.815466642 0.386612296 4.272545815 0.025876792 -0.734884441 0.093736351 0.671184719
1753297925457144576.000000 -2.837969542 0.385700524 4.269579887 0.030468568 -0.745347440 0.094972409 0.659173071
1753297925490475520.000000 -2.849236965 0.385847867 4.266032219 0.032650653 -0.749941707 0.095988870 0.653687775
1753297925557136896.000000 -2.872110367 0.386569440 4.258612156 0.035391215 -0.757837296 0.098234549 0.644034207
1753297925623798016.000000 -2.895977020 0.390021622 4.249266624 0.035458028 -0.763983667 0.097336903 0.636865318
1753297925723788800.000000 -2.937141895 0.392231882 4.223129272 0.033119515 -0.770358622 0.090919368 0.630225718
1753297925757118976.000000 -2.950474739 0.390064299 4.214130402 0.033297710 -0.772508621 0.088319868 0.627950191
1753297925823778816.000000 -2.973879099 0.391459227 4.195519447 0.035724968 -0.776508152 0.087726489 0.622947037
1753297925890437376.000000 -2.998112679 0.388531268 4.175323963 0.037174013 -0.781006873 0.087936766 0.617181897
1753297925957096192.000000 -3.021095514 0.385246634 4.156168938 0.037128363 -0.786779642 0.089104533 0.609639049
1753297926023754752.000000 -3.043705463 0.384290278 4.137286663 0.034422636 -0.794496179 0.089455150 0.599657297
1753297926090413056.000000 -3.067407370 0.384731084 4.121653080 0.027752914 -0.803668380 0.088505022 0.587804258
1753297926157071104.000000 -3.088884354 0.385123551 4.106873035 0.022602579 -0.813763261 0.088227361 0.574016154
1753297926223728384.000000 -3.107409477 0.376870066 4.090108871 0.018452538 -0.824838877 0.086313307 0.558435738
1753297926290385408.000000 -3.131861210 0.376078218 4.075147629 -0.015875963 0.837336302 -0.083363205 -0.540061593
1753297926357043712.000000 -3.151958942 0.372767746 4.061014175 -0.013025870 0.849953055 -0.083342046 -0.520061910
1753297926457038592.000000 -3.182179928 0.369227588 4.036153316 -0.011326090 0.870332301 -0.083000027 -0.485287964
1753297926523701504.000000 -3.207149029 0.371286303 4.016296387 -0.008668896 0.884245336 -0.079642616 -0.460100263
1753297926590363648.000000 -3.234375954 0.373849630 3.993739128 -0.003275712 0.898714006 -0.071866654 -0.432594180
1753297926623694848.000000 -3.250130653 0.375449479 3.983527899 -0.000416861 0.906122983 -0.068874672 -0.417369515
1753297926690356736.000000 -3.277373314 0.380277097 3.959107876 -0.003501959 -0.920186639 0.065014102 0.386027962
1753297926757017344.000000 -3.300679684 0.377345800 3.936442375 -0.009236731 -0.932950974 0.064859733 0.353992164
1753297926823678208.000000 -3.331538200 0.374632269 3.918270350 0.013983744 0.944441974 -0.068349913 -0.321188748
1753297926890339072.000000 -3.364258289 0.373159885 3.895273209 0.018229423 0.954560101 -0.071772583 -0.288672060
1753297926956999424.000000 -3.394030571 0.368385792 3.871653318 0.019331941 0.963033915 -0.077513702 -0.257261902
1753297927023659520.000000 -3.422606945 0.360976011 3.847023010 0.019230619 0.970268130 -0.082675263 -0.226660132
1753297927090318848.000000 -3.447973251 0.355621338 3.822664022 0.020332502 0.976181388 -0.086968794 -0.197719648
1753297927156978176.000000 -3.473220348 0.353211045 3.796959877 -0.023763556 -0.981247783 0.088444598 0.169604689
1753297927223635968.000000 -3.494202137 0.350410163 3.770905018 -0.029639855 -0.985524535 0.086010925 0.143056169
1753297927290294528.000000 -3.513828754 0.344680905 3.744770527 -0.036207203 -0.988732040 0.081444502 0.120270036
1753297927356955136.000000 -3.531908512 0.347970188 3.718736887 0.043676492 0.990772367 -0.078770943 -0.101279706
1753297927423618304.000000 -3.540806293 0.345799625 3.693170786 0.046331048 0.992371678 -0.076998405 -0.084399283
1753297927490281728.000000 -3.544982910 0.344447643 3.665864229 0.045001116 0.993945479 -0.074589282 -0.066961914
1753297927523612928.000000 -3.545444012 0.345476955 3.650226831 0.044493541 0.994719684 -0.071515895 -0.058639780
1753297927623607040.000000 -3.543735504 0.348550439 3.600808382 0.043336075 0.996604323 -0.055945363 -0.042095747
1753297927690267904.000000 -3.535601139 0.351199210 3.567528963 -0.037581887 -0.997504830 0.045830093 0.038359467
1753297927723598848.000000 -3.529566765 0.351595849 3.552646399 -0.033310674 -0.997771680 0.043631960 0.037926335
1753297927790260224.000000 -3.512910366 0.352700889 3.522913218 -0.021751871 -0.998067737 0.042812880 0.039430641
1753297927856921344.000000 -3.496265411 0.345995605 3.493089914 0.008045455 0.998201728 -0.042634279 -0.041365411
1753297927956912384.000000 -3.471542358 0.347612441 3.441905499 0.005978860 -0.998211861 0.032610938 0.049737375
1753297928023572480.000000 -3.457062244 0.342056662 3.406606674 0.005912124 -0.997884750 0.023751883 0.060224492
1753297928090231296.000000 -3.445791721 0.338195235 3.371343613 0.002745217 -0.997335553 0.016637351 0.070975244
1753297928156890624.000000 -3.435414791 0.335892975 3.339191675 0.000269541 -0.996586561 0.007635062 0.082200579
1753297928223549952.000000 -3.426237106 0.333030909 3.306818247 -0.000999994 -0.995748043 -0.003028955 0.092063546
1753297928290208512.000000 -3.421411514 0.329347074 3.276324034 -0.004166543 -0.994999051 -0.012223545 0.099046178
1753297928356868864.000000 -3.417875767 0.326927334 3.246755123 -0.007361437 -0.994223297 -0.020152599 0.105165608
1753297928423532544.000000 -3.416765690 0.327213168 3.216488123 -0.010558445 -0.993388832 -0.029579742 0.110418350
1753297928490195712.000000 -3.414760113 0.328818381 3.185303450 -0.013540651 -0.992462397 -0.039950583 0.115061395
1753297928556857856.000000 -3.416297913 0.325394988 3.151414394 0.015764665 0.991976082 0.051223915 -0.114503898
1753297928590189312.000000 -3.416415691 0.328610688 3.135856390 -0.016645428 -0.992040694 -0.055546939 0.111771613
1753297928656851456.000000 -3.417902470 0.330356717 3.102456093 -0.019674137 -0.992305219 -0.065493576 0.103218466
1753297928756844544.000000 -3.423328400 0.333186150 3.047642708 -0.027246049 -0.992421687 -0.080550589 0.088704884
1753297928823506176.000000 -3.429506779 0.334019452 3.009485483 -0.033513844 -0.992552102 -0.087661512 0.077670239
1753297928890167296.000000 -3.435258865 0.332240403 2.970860243 -0.038604293 -0.993064642 -0.089939035 0.065140679
1753297928956827904.000000 -3.440835476 0.330039382 2.930483103 -0.042247582 -0.993549705 -0.092581809 0.050027661
1753297929023487232.000000 -3.443151951 0.324872673 2.892939091 -0.044140887 -0.993735313 -0.095723055 0.037134048
1753297929090147328.000000 -3.446515560 0.319045782 2.854368687 0.043602865 0.993821442 0.098749064 -0.025814721
1753297929156806912.000000 -3.445552826 0.317902267 2.823447227 -0.040826969 -0.993858874 -0.101572059 0.016150165
1753297929223466240.000000 -3.444615126 0.317551345 2.791840076 -0.038975641 -0.993377805 -0.107835710 0.007277137
1753297929290124800.000000 -3.444083452 0.317063808 2.760354042 -0.038078059 -0.992179215 -0.118867196 0.001040326
1753297929356785408.000000 -3.442501307 0.315025866 2.731173515 -0.036368176 -0.990997732 -0.128820032 -0.002509884
1753297929423448832.000000 -3.439976215 0.313416392 2.704320431 -0.034332935 -0.990224421 -0.135095403 -0.005112937
1753297929490112256.000000 -3.434916258 0.312782645 2.678194046 -0.033239100 -0.989535272 -0.140286490 -0.005912117
1753297929523443968.000000 -3.432246923 0.311304867 2.663913727 0.033482503 0.989116967 0.143180937 0.005091014
1753297929590106880.000000 -3.427277565 0.312183976 2.636585712 -0.033132229 -0.988323390 -0.148723304 -0.000753662
1753297929656769536.000000 -3.417948008 0.311972618 2.612728357 -0.031233458 -0.987737119 -0.152825266 0.006664897
1753297929723431936.000000 -3.405703783 0.310663879 2.590079069 -0.026977779 -0.988021731 -0.151245534 0.014494681
1753297929790093568.000000 -3.390663624 0.306357861 2.569981098 -0.022145079 -0.989346266 -0.142221466 0.021833301
1753297929856754176.000000 -3.374368429 0.301017940 2.548237085 -0.018925179 -0.990775943 -0.130985916 0.029116280
1753297929923415296.000000 -3.358083963 0.296918303 2.524366856 -0.016060267 -0.991879880 -0.120736778 0.036592498
1753297929990076416.000000 -3.342439651 0.292527407 2.498018742 -0.015048677 -0.992160082 -0.115950130 0.044129819
1753297930056736768.000000 -3.328057528 0.286078751 2.468405724 -0.015946727 -0.992025197 -0.114675090 0.049813312
1753297930123396864.000000 -3.318026066 0.278109610 2.442436695 -0.020520637 -0.992078543 -0.110325851 0.056456726
1753297930190056448.000000 -3.305289507 0.274783015 2.418252468 -0.024035228 -0.991689980 -0.107797019 0.065977648
1753297930256715776.000000 -3.294121981 0.271294177 2.394176960 -0.025807409 -0.990694940 -0.110128321 0.075692043
1753297930323373824.000000 -3.284128428 0.267002493 2.372027159 -0.027131688 -0.989914954 -0.111855350 0.082587548
1753297930356705536.000000 -3.278996944 0.264495403 2.361177683 -0.027170477 -0.989588678 -0.112842634 0.085103594
1753297930423369216.000000 -3.271281958 0.260990024 2.341395855 -0.028016133 -0.989334404 -0.112250596 0.088500530
1753297930490032896.000000 -3.263756275 0.256914139 2.322307587 -0.027715394 -0.989675283 -0.108640224 0.089286014
1753297930590027520.000000 -3.255469084 0.251710385 2.292433739 -0.027022241 -0.990485430 -0.101995729 0.088348247
1753297930623358976.000000 -3.256256580 0.252409130 2.280033588 0.026574638 0.990867853 0.100224830 -0.086195432
1753297930690021632.000000 -3.252479553 0.253012180 2.258600712 -0.024033433 -0.991986752 -0.095756941 0.078837954
1753297930756682752.000000 -3.246723175 0.251478314 2.234866858 -0.021387592 -0.993582666 -0.090262167 0.064721398
1753297930823344384.000000 -3.244579792 0.250167370 2.210941553 -0.023623625 -0.995122254 -0.083611146 0.046720501
1753297930890005760.000000 -3.246069670 0.245590955 2.184202194 -0.031207085 -0.996207416 -0.075739391 0.029336756
1753297930956666624.000000 -3.250353813 0.241738975 2.153331280 -0.039677750 -0.996826828 -0.067823529 0.012730104
1753297931023327232.000000 -3.252837420 0.239108279 2.120938063 -0.046125133 -0.996879637 -0.063975744 -0.003263863
1753297931089987840.000000 -3.254492760 0.234321609 2.086759329 -0.051275797 -0.996659040 -0.061056390 -0.017712627
1753297931156647680.000000 -3.254783154 0.222560078 2.051590681 0.052685134 0.996203065 0.062184889 0.030609664
1753297931223306496.000000 -3.247981310 0.222382113 2.017743587 -0.048265155 -0.995881259 -0.061394829 -0.046063066
1753297931289965568.000000 -3.241100550 0.217639625 1.987725258 -0.042382892 -0.995173693 -0.061190251 -0.063943915
1753297931356625920.000000 -3.233039618 0.214622647 1.960098267 -0.035597377 -0.994103670 -0.061804667 -0.081676051
1753297931389957376.000000 -3.228549242 0.212655395 1.948203802 -0.031505518 -0.993607998 -0.060654644 -0.089842178
1753297931456620544.000000 -3.217995405 0.207553223 1.924797058 -0.022578951 -0.992159784 -0.061032791 -0.106697403
1753297931523282688.000000 -3.206461430 0.202144906 1.903035879 -0.015298190 -0.990343094 -0.059433818 -0.124315195
1753297931556613888.000000 -3.199532032 0.199970186 1.893734694 -0.012121563 -0.989432931 -0.057028059 -0.132753506
1753297931623275520.000000 -3.186517715 0.196968913 1.874137402 -0.006836399 -0.987547457 -0.053110532 -0.147927627
1753297931689936128.000000 -3.177807808 0.197063416 1.853113651 0.003976554 0.985818565 0.051912621 0.159534007
1753297931789927680.000000 -3.152192593 0.196516722 1.825962543 0.001884388 -0.984983623 -0.051999427 -0.164620563
1753297931823257856.000000 -3.143766165 0.197125167 1.817746639 0.004149253 -0.985002220 -0.050638568 -0.164891481
1753297931889918208.000000 -3.125488281 0.196669102 1.801556349 0.007739664 -0.985449195 -0.045188181 -0.163670629
1753297931956578048.000000 -3.105350971 0.193301320 1.787232876 0.010333938 -0.986248970 -0.035638545 -0.161047235
1753297932023237376.000000 -3.084222555 0.190056413 1.772625685 0.012815607 -0.987084925 -0.024335338 -0.157819614
1753297932089895424.000000 -3.063220501 0.185892865 1.755647898 0.015800886 -0.987694800 -0.017033182 -0.154658690
1753297932123225088.000000 -3.052391052 0.183401838 1.746539116 0.016242819 -0.988086224 -0.015236360 -0.152281627
1753297932189883392.000000 -3.031537056 0.177570239 1.728333950 0.016841024 -0.988696337 -0.009597722 -0.148673683
1753297932256541440.000000 -3.012444019 0.173590079 1.711512089 -0.014906381 0.988998890 -0.000628437 0.147168815
1753297932323199232.000000 -2.993521690 0.171434164 1.696970940 0.011933373 -0.989161909 0.009724875 -0.146019980
1753297932389935360.000000 -2.976790905 0.169180050 1.678624153 0.009141332 -0.989079952 0.015362345 -0.146291941
1753297932456686080.000000 -2.960652590 0.167355433 1.657767057 0.010226512 -0.988846362 0.013732715 -0.147951856
1753297932490062080.000000 -2.952440262 0.166132614 1.647121668 0.011239051 -0.988571584 0.012601458 -0.149804175
1753297932556814592.000000 -2.936230659 0.163244888 1.626533747 0.013507882 -0.987377048 0.009382718 -0.157531440
1753297932590192128.000000 -2.928666830 0.161469728 1.616438389 0.013814788 -0.986473143 0.008453431 -0.163120791
1753297932656948480.000000 -2.914631367 0.159585655 1.595788002 0.013694441 -0.984546781 0.007325550 -0.174431980
1753297932723706368.000000 -2.901094437 0.158605248 1.572165251 0.013863891 -0.982533753 0.004841596 -0.185504213
1753297932790466560.000000 -2.887546301 0.157688767 1.547283649 0.013211843 -0.979642630 0.002433696 -0.200299740
1753297932823847168.000000 -2.882442236 0.157740504 1.532745361 0.012406227 -0.977677464 0.001869197 -0.209736556
1753297932857228544.000000 -2.875297546 0.157423794 1.520883322 -0.011333850 0.975704253 -0.001738526 0.218791693
1753297932923992320.000000 -2.868499279 0.154895276 1.491949081 0.005507448 -0.971523523 0.003047104 -0.236859456
1753297932990756864.000000 -2.859056234 0.152163655 1.464095592 -0.000265961 -0.968101799 0.008074954 -0.250426918
1753297933024140544.000000 -2.853720188 0.151056781 1.449897528 -0.002525921 -0.966303110 0.010766022 -0.257169306
1753297933090908928.000000 -2.839464426 0.146028951 1.420765877 -0.003944243 -0.961615026 0.013988095 -0.274017036
1753297933157679104.000000 -2.821935892 0.139102697 1.389365673 -0.003762668 -0.955923200 0.017056219 -0.293097079
1753297933191065088.000000 -2.813352346 0.135914117 1.374207258 -0.003430506 -0.952913642 0.018188184 -0.302676350
1753297933257838336.000000 -2.794062614 0.128432423 1.345070601 -0.000841479 -0.947049797 0.018316623 -0.320562750
1753297933324613376.000000 -2.774227619 0.125640303 1.318701506 0.003132952 -0.940611601 0.017956635 -0.338995099
1753297933391306496.000000 -2.752575397 0.123549774 1.298248768 -0.007266921 0.933548987 -0.016065152 0.358016014
1753297933457985280.000000 -2.730122805 0.117679119 1.275453568 0.011972153 -0.926166475 0.014365814 -0.376651019
1753297933491325440.000000 -2.718544722 0.115845636 1.266415596 0.015396848 -0.922575414 0.012453788 -0.385308325
1753297933558005248.000000 -2.694249630 0.113593817 1.252691031 0.022272227 -0.915231407 0.008441617 -0.402224272
1753297933624685056.000000 -2.670631886 0.112226628 1.241656303 0.028230811 -0.907553077 0.005756135 -0.418948084
1753297933658024704.000000 -2.658715963 0.112063281 1.237624407 0.030842112 -0.903855145 0.005124099 -0.426694691
1753297933724704256.000000 -2.633013725 0.111272603 1.232124805 0.034887850 -0.896739125 0.005228271 -0.441151321
1753297933758044160.000000 -2.620729446 0.111368924 1.230321169 0.036317579 -0.893113315 0.005679438 -0.448327363
1753297933824723712.000000 -2.595208645 0.114494674 1.228156090 0.038352918 -0.885804057 0.006404910 -0.462427646
1753297933858062592.000000 -2.577455282 0.113359198 1.234436512 -0.039871238 0.883360028 -0.006651752 0.466948867
1753297933958081280.000000 -2.536701202 0.118046343 1.234990597 -0.042287212 0.875435531 -0.011964933 0.481332809
1753297933991420928.000000 -2.522796154 0.118777327 1.234627247 0.043070130 -0.873701811 0.013765823 -0.484355867
1753297934058099968.000000 -2.492479801 0.120683230 1.239530563 0.044628773 -0.870929599 0.018267374 -0.489036053
1753297934124779008.000000 -2.460632086 0.120229632 1.245051622 0.045295641 -0.867159188 0.021448780 -0.495502979
1753297934158118656.000000 -2.444584370 0.118120477 1.248694658 0.044860382 -0.864923894 0.023464795 -0.499343246
1753297934224797184.000000 -2.411413670 0.113943160 1.255536318 0.045422714 -0.860700965 0.026404951 -0.506392598
1753297934258137088.000000 -2.395983219 0.111066386 1.259577274 0.043674018 -0.859220445 0.027764278 -0.508981407
1753297934324814848.000000 -2.367769241 0.111241564 1.269816637 0.036248598 -0.858297050 0.032778885 -0.510820866
1753297934391527424.000000 -2.338930130 0.109941140 1.277054071 -0.034489706 0.859181583 -0.033363517 0.509415865
1753297934458246400.000000 -2.308520555 0.111361250 1.283839941 -0.039642327 0.860729933 -0.035143401 0.506297886
1753297934524966400.000000 -2.279946327 0.114486717 1.288823128 0.047140311 -0.862263501 0.035972316 -0.502976775
1753297934591687680.000000 -2.252843380 0.114966169 1.292921782 0.052912269 -0.861979783 0.036236487 -0.502869844
1753297934625048576.000000 -2.240993500 0.115084916 1.294820070 0.054036431 -0.861095428 0.036462508 -0.504247248
1753297934691771136.000000 -2.218830585 0.113663852 1.296694517 0.053238738 -0.858947814 0.039602052 -0.507746100
1753297934758493440.000000 -2.195694447 0.113125339 1.296235800 0.052625146 -0.855854154 0.042631961 -0.512763977
1753297934825217536.000000 -2.168189764 0.114551425 1.296104193 0.053826597 -0.849996865 0.042332549 -0.522318006
1753297934891942912.000000 -2.142191648 0.117596306 1.291913271 0.054970801 -0.839945436 0.039618932 -0.538423836
1753297934925305600.000000 -2.127400875 0.118191861 1.287921429 -0.054491960 0.833865941 -0.038054548 0.547950923
1753297934992032512.000000 -2.099720478 0.119274110 1.283227563 -0.050380703 0.820744395 -0.036415223 0.567903578
1753297935058759936.000000 -2.070080280 0.120381787 1.276117086 0.043366950 -0.806099176 0.036484074 -0.589060545
1753297935092123904.000000 -2.055127382 0.120153837 1.271981597 0.039700430 -0.797773600 0.036088899 -0.600565434
1753297935158853120.000000 -2.022563457 0.119105913 1.264015317 0.035297953 -0.778969884 0.033013161 -0.625196159
1753297935225581824.000000 -1.988613248 0.115835682 1.256068826 0.033292789 -0.758884788 0.029598452 -0.649699569
1753297935258947072.000000 -1.971893430 0.112467445 1.252320766 -0.033484720 0.748087525 -0.028257174 0.662152052
1753297935325678080.000000 -1.938590765 0.112153076 1.248339653 0.033901829 -0.727553487 0.026522279 -0.684699357
1753297935392370176.000000 -1.907808065 0.108834311 1.249165773 -0.035595816 0.708065569 -0.026536550 0.704749525
1753297935459055616.000000 -1.877922654 0.112374827 1.254586458 0.041437387 -0.688314319 0.025129264 -0.723792017
1753297935492398592.000000 -1.863746762 0.112620316 1.254812002 -0.043848176 0.678266644 -0.025037324 0.733079016
1753297935559084032.000000 -1.836457491 0.114345998 1.265467882 -0.051105037 0.658215880 -0.025054328 0.750674665
1753297935592426752.000000 -1.823461294 0.117592677 1.270593524 0.053810112 -0.647166550 0.026075643 -0.759999990
1753297935659111168.000000 -1.801825881 0.119820938 1.284132361 0.059031803 -0.623788238 0.026755296 -0.778901577
1753297935725796864.000000 -1.780885220 0.121154986 1.299861670 0.062026355 -0.601383805 0.026817651 -0.796097457
1753297935759139584.000000 -1.771479487 0.122895122 1.309066653 0.062747836 -0.591128170 0.026670266 -0.803690851
1753297935792482304.000000 -1.762113690 0.124508321 1.319583297 0.063531376 -0.581270218 0.027244082 -0.810769141
1753297935859168000.000000 -1.750995994 0.122672334 1.322801590 -0.067508228 0.557994187 -0.027226053 0.826646209
1753297935925853440.000000 -1.732043862 0.134637475 1.361892700 0.071784578 -0.538681924 0.027865160 -0.838982880
1753297935959196416.000000 -1.728616595 0.136325315 1.371154308 0.073845461 -0.528460145 0.029482778 -0.845226347
1753297936025881856.000000 -1.732418895 0.153482646 1.380005836 0.076797932 -0.508519292 0.035051677 -0.856902301
1753297936059224576.000000 -1.715518832 0.145129427 1.424407244 -0.078178249 0.501798272 -0.035959378 0.860693634
1753297936125908736.000000 -1.724595785 0.164978385 1.429264784 -0.077723749 0.479640067 -0.040951282 0.873056352
1753297936159251712.000000 -1.728842497 0.166393280 1.421913624 -0.079289801 0.466493815 -0.041059244 0.880006194
1753297936192594432.000000 -1.725898743 0.167899862 1.435751677 -0.080910400 0.455854863 -0.041036647 0.885418475
1753297936259279872.000000 -1.719508886 0.168496117 1.463803768 -0.082086347 0.436667174 -0.040095124 0.894972682
1753297936325965568.000000 -1.714373589 0.167555287 1.492872357 -0.080955170 0.418990105 -0.039868362 0.903495491
1753297936359308544.000000 -1.692780018 0.155346781 1.523589849 -0.081070773 0.411423147 -0.038665038 0.907008052
1753297936425994496.000000 -1.701161385 0.172692701 1.555188656 -0.080365725 0.393257231 -0.043699175 0.914866388
1753297936459337216.000000 -1.698414445 0.174433857 1.571295738 -0.082914203 0.382838100 -0.045212716 0.918975592
1753297936526022144.000000 -1.693517923 0.178392887 1.597348809 -0.090628266 0.359400421 -0.046824351 0.927591205
1753297936592708096.000000 -1.699292898 0.183634654 1.610184073 -0.095241107 0.334818721 -0.045109138 0.936371088
1753297936626051072.000000 -1.686506987 0.177746177 1.618313193 -0.096212119 0.321683109 -0.040510759 0.941075027
1753297936692736768.000000 -1.676108241 0.172827795 1.636271715 -0.094390012 0.297968298 -0.037058145 0.949174464
1753297936726080000.000000 -1.657255888 0.156115949 1.643597841 -0.094368815 0.286170989 -0.032290421 0.952973306
1753297936792765696.000000 -1.659596801 0.169703960 1.665631533 -0.091216423 0.266520888 -0.032079484 0.958966732
1753297936859451648.000000 -1.650101423 0.179413527 1.698710442 -0.091728821 0.244410589 -0.029736409 0.964865386
1753297936892794368.000000 -1.646129727 0.177043512 1.704968572 -0.093704231 0.232067212 -0.027782397 0.967777133
1753297936959480576.000000 -1.636255622 0.184825778 1.733724475 -0.098668285 0.204580590 -0.023079688 0.973590672
1753297937026165248.000000 -1.628102541 0.191677153 1.763734460 -0.100698009 0.177700281 -0.017612966 0.978760660
1753297937092851456.000000 -1.613399386 0.188579604 1.786064267 -0.098535292 0.154334441 -0.011865431 0.983021379
1753297937159537152.000000 -1.607569575 0.196508303 1.825721860 -0.095346846 0.134949416 -0.007785094 0.986223638
1753297937192880128.000000 -1.603823781 0.199573070 1.844214678 -0.093970902 0.126610339 -0.004665463 0.987480402
1753297937259565824.000000 -1.591282606 0.205225319 1.882808328 -0.093700431 0.112204134 0.000719035 0.989257276
1753297937326252032.000000 -1.579758406 0.210764289 1.919113755 -0.093107633 0.103127681 0.005450270 0.990285814
1753297937359594752.000000 -1.577016950 0.211005166 1.934826970 -0.093009584 0.099995092 0.006598698 0.990609229
1753297937426279424.000000 -1.564065814 0.214394897 1.972404480 -0.093902484 0.093562737 0.008784157 0.991136312
1753297937492964864.000000 -1.555820942 0.216735512 2.007656336 -0.096780829 0.087970048 0.010301346 0.991357028
1753297937559650304.000000 -1.551234603 0.220271245 2.041185856 -0.101101801 0.080404915 0.010710935 0.991563797
1753297937626335744.000000 -1.545427680 0.228539497 2.077088594 -0.108681731 0.071181543 0.011953852 0.991452813
1753297937693021440.000000 -1.546172261 0.231425524 2.109620810 -0.119725727 0.062698841 0.013303964 0.990735948
1753297937726364416.000000 -1.550247550 0.230701387 2.123785257 -0.126504585 0.058688842 0.013676112 0.990133941
1753297937793049856.000000 -1.553117394 0.237185568 2.159396172 -0.140916571 0.048993070 0.013475035 0.988716662
1753297937859734272.000000 -1.557059169 0.247910127 2.199824095 -0.153666392 0.039932735 0.013398338 0.987224698
1753297937926419712.000000 -1.564745426 0.257011324 2.235615969 -0.166482389 0.034951106 0.013869764 0.985327184
1753297937993105152.000000 -1.572192550 0.267899871 2.273051262 -0.177532747 0.035985183 0.014635013 0.983347893
1753297938026448128.000000 -1.577612281 0.272806793 2.290341854 -0.180396274 0.037533320 0.014046124 0.982777297
1753297938093133568.000000 -1.590067625 0.280980825 2.324106693 -0.182282895 0.042015355 0.011267835 0.982283413
1753297938159819008.000000 -1.602007270 0.286220104 2.359350204 -0.177587956 0.046440464 0.007797871 0.982977629
1753297938226504448.000000 -1.617566824 0.284829617 2.390409708 -0.171030521 0.053593189 0.006468014 0.983785868
1753297938293190144.000000 -1.633062959 0.280848801 2.421168089 -0.164376721 0.061872032 0.005827741 0.984438002
1753297938359875328.000000 -1.650747180 0.278285831 2.449802399 -0.154392779 0.067600459 0.005221193 0.985680401
1753297938426562048.000000 -1.663684130 0.275629401 2.475876093 -0.144976735 0.070626497 0.006191276 0.986891806
1753297938493248768.000000 -1.674116611 0.273972571 2.503820419 -0.139320180 0.073313184 0.007438592 0.987501740
1753297938526592256.000000 -1.679111481 0.274903595 2.518718481 -0.138601407 0.074885562 0.007452037 0.987484872
1753297938593279232.000000 -1.687565207 0.276192486 2.547891378 -0.138960406 0.078239687 0.006005033 0.987184107
1753297938659965952.000000 -1.692970991 0.278559059 2.576315641 -0.138149232 0.081642546 0.005231557 0.987026811
1753297938726652928.000000 -1.695111513 0.282111913 2.604632139 -0.136160553 0.084711142 0.006148360 0.987039328
1753297938759995392.000000 -1.695061803 0.284951597 2.619237423 -0.136170968 0.086311415 0.007291578 0.986891448
1753297938826682368.000000 -1.694006920 0.289970577 2.649811745 -0.136969075 0.089479797 0.009353288 0.986481309
1753297938893369088.000000 -1.690500140 0.296342015 2.683679104 -0.137689739 0.090001933 0.011183323 0.986314416
1753297938960056064.000000 -1.686067700 0.303088546 2.714788198 -0.137486607 0.085919477 0.014151926 0.986668646
1753297939026743296.000000 -1.680415273 0.311344147 2.748784065 -0.132466331 0.081087433 0.019395391 0.987674773
1753297939093430272.000000 -1.673330784 0.317454040 2.782977343 -0.128163069 0.076456256 0.023753276 0.988516390
1753297939160117248.000000 -1.665838361 0.320766509 2.818979979 -0.124122731 0.069049120 0.028711645 0.989445090
1753297939193459712.000000 -1.662126541 0.321828812 2.837421179 -0.120692521 0.064206786 0.030807793 0.990132153
1753297939260146688.000000 -1.657199264 0.319965571 2.874212980 -0.113813676 0.052637059 0.033159558 0.991552472
1753297939326833664.000000 -1.654955983 0.319661915 2.908387423 -0.107687920 0.040227104 0.033516049 0.992805004
1753297939393520640.000000 -1.653833747 0.319861859 2.941572428 -0.105257794 0.030094322 0.034348495 0.993395865
1753297939426863616.000000 -1.655128241 0.319673002 2.957047462 -0.103445299 0.026741484 0.034301281 0.993683815
1753297939493550592.000000 -1.656901836 0.320818007 2.990343094 -0.103960015 0.019455317 0.031139513 0.993903518
1753297939560237312.000000 -1.663854837 0.324295759 3.023473978 -0.109140910 0.009100772 0.024936067 0.993671834
1753297939626924032.000000 -1.672616839 0.327542245 3.054251432 -0.110111803 -0.002053334 0.018712455 0.993740976
1753297939693609984.000000 -1.681551695 0.328974694 3.084022999 -0.108803019 -0.008889880 0.014219725 0.993921876
1753297939726953216.000000 -1.686844587 0.330588251 3.098612309 -0.108467117 -0.010512534 0.012383548 0.993967295
1753297939793640192.000000 -1.696184635 0.334212244 3.128058434 -0.107966885 -0.011094547 0.008784943 0.994053781
1753297939860326912.000000 -1.707869291 0.339661777 3.157492399 -0.107097797 -0.008197214 0.004088256 0.994206369
1753297939893670400.000000 -1.714034081 0.341066837 3.170624018 -0.105782576 -0.006029125 0.000992956 0.994370520
1753297939960357120.000000 -1.727936029 0.346014142 3.198028326 -0.098530263 -0.000985593 -0.004798667 0.995122015
1753297940027044352.000000 -1.743831873 0.349039078 3.223639250 -0.087036923 0.004815431 -0.010267670 0.996140599
1753297940093730048.000000 -1.759463429 0.352502108 3.251793861 -0.079419456 0.008932393 -0.017687429 0.996644378
1753297940160417024.000000 -1.778075933 0.354905188 3.281955719 -0.076376684 0.009579472 -0.024513956 0.996731639
1753297940227103744.000000 -1.793977857 0.354111433 3.312633753 -0.072072215 0.008423400 -0.027868357 0.996974409
1753297940260447232.000000 -1.801346660 0.353135109 3.328702450 -0.070309810 0.008662532 -0.027228178 0.997115910
1753297940327134464.000000 -1.814325929 0.353428692 3.358853817 -0.068193577 0.012262827 -0.024021029 0.997307479
1753297940393819904.000000 -1.825814486 0.353319228 3.388248205 -0.067302451 0.018163018 -0.022498222 0.997313559
1753297940427162624.000000 -1.832015991 0.355868757 3.402767897 -0.066798270 0.021584995 -0.022895832 0.997270226
1753297940493847808.000000 -1.841628671 0.356980860 3.431723118 -0.068079151 0.026434192 -0.024754586 0.997022450
1753297940560532224.000000 -1.848066211 0.359116733 3.461802483 -0.074990034 0.028079383 -0.023850769 0.996503472
1753297940593874944.000000 -1.850249052 0.360496163 3.477292061 -0.078954212 0.028670408 -0.021452194 0.996234953
1753297940660560384.000000 -1.851434112 0.361920029 3.507055998 -0.085423850 0.029203296 -0.015880879 0.995790064
1753297940727245824.000000 -1.853091002 0.365576476 3.538419008 -0.089583792 0.029660732 -0.010435869 0.995482862
1753297940760588288.000000 -1.854996800 0.368890256 3.555978775 -0.092018917 0.029329073 -0.007968535 0.995293319
1753297940827273728.000000 -1.856256843 0.374907702 3.588798761 -0.096532293 0.025887959 -0.003316651 0.994987607
1753297940860616448.000000 -1.857896447 0.378260165 3.604736090 -0.098318353 0.021990001 -0.001369617 0.994911134
1753297940927301632.000000 -1.856642604 0.386565030 3.636448383 -0.099880107 0.009194437 0.002304424 0.994954407
1753297940993986304.000000 -1.857385039 0.390416712 3.670593739 -0.099739850 -0.008224709 0.007688109 0.994949877
1753297941027329024.000000 -1.857385516 0.392941475 3.688829422 -0.099329017 -0.017870776 0.010975872 0.994833648
1753297941094014464.000000 -1.857842565 0.398138642 3.723937988 -0.096232779 -0.039160218 0.018243110 0.994420946
1753297941127356928.000000 -1.858729005 0.399306655 3.742006540 -0.095136896 -0.050934963 0.020785874 0.993942916
1753297941194042112.000000 -1.859206319 0.399329752 3.775300503 -0.091431402 -0.075214341 0.025176531 0.992647648
1753297941260727808.000000 -1.864634514 0.397585481 3.812310219 -0.085725851 -0.099811733 0.026670080 0.990947783
1753297941327412992.000000 -1.871983171 0.394861370 3.846132755 -0.076522969 -0.125590727 0.026073435 0.988782823
1753297941360756224.000000 -1.875131845 0.395010620 3.860716105 -0.070964888 -0.139835849 0.025916995 0.987288356
1753297941427441664.000000 -1.890394568 0.389585018 3.891496658 -0.066575691 -0.169736624 0.024775684 0.982925951
1753297941494128384.000000 -1.900188446 0.396982640 3.922750950 -0.068567052 -0.201486975 0.025109867 0.976765633
1753297941560814848.000000 -1.914609432 0.398214579 3.954649925 -0.075659968 -0.234860003 0.025223650 0.968751848
1753297941627501568.000000 -1.930472493 0.399798810 3.984827042 -0.082372412 -0.268309653 0.027209060 0.959418774
1753297941660844800.000000 -1.939388037 0.400581509 3.998352051 -0.084766001 -0.285102934 0.028666701 0.954310894
1753297941727531520.000000 -1.960353851 0.403042078 4.020397186 -0.086390831 -0.315265656 0.032191437 0.944514692
1753297941794217984.000000 -1.984186053 0.403710693 4.040308952 -0.085685477 -0.344228953 0.032859888 0.934390008
1753297941860903680.000000 -2.010995865 0.403593987 4.056646347 -0.086405002 -0.370791048 0.031170813 0.924162686
1753297941927590400.000000 -2.044430256 0.399744123 4.070045471 -0.088038549 -0.391770065 0.025652016 0.915482104
1753297941994277120.000000 -2.072998762 0.406195283 4.078375340 -0.083096080 -0.407860994 0.019192811 0.909052312
1753297942027620352.000000 -2.089613914 0.406567425 4.079383373 -0.078604929 -0.414017498 0.015523273 0.906735897
1753297942094307072.000000 -2.123363256 0.406618476 4.077719688 -0.064512134 -0.425185800 0.009207596 0.902757168
1753297942160993536.000000 -2.158344507 0.403943330 4.074161053 -0.048505187 -0.435412496 0.004665080 0.898911297
1753297942227680512.000000 -2.195734978 0.400362104 4.073448181 -0.037217122 -0.442104727 0.001992060 0.896188855
1753297942294366976.000000 -2.232594490 0.396665841 4.075857162 -0.033565041 -0.446492583 -0.002010163 0.894155324
1753297942327709440.000000 -2.250663757 0.395638049 4.076799393 -0.031688370 -0.448271394 -0.002565010 0.893332005
1753297942394395136.000000 -2.283497810 0.393991232 4.079627991 -0.027381035 -0.452424169 -0.002820278 0.891377985
1753297942461080064.000000 -2.313722610 0.393236250 4.082221031 -0.023955708 -0.457526088 -0.003012389 0.888868392
1753297942494422784.000000 -2.327586889 0.393393338 4.083570480 -0.023221316 -0.460742414 -0.004050198 0.887220919
1753297942561107968.000000 -2.351765156 0.393879920 4.089690208 -0.021777909 -0.470261902 -0.004207396 0.882248223
1753297942627793152.000000 -2.375980139 0.394102275 4.097256184 -0.022085451 -0.483685434 -0.002702552 0.874959052
1753297942694478080.000000 -2.401403427 0.394765019 4.106919289 -0.023699529 -0.497155279 -0.000299992 0.867337823
1753297942761162240.000000 -2.428079605 0.396271944 4.118146896 -0.027670708 -0.508319795 0.001363400 0.860722661
1753297942794504960.000000 -2.441972494 0.397243917 4.124871254 -0.030796066 -0.514056385 0.002016481 0.857200980
1753297942861189888.000000 -2.469681501 0.399616420 4.138562202 -0.036394037 -0.526170075 0.004123908 0.849590242
1753297942927875072.000000 -2.496308804 0.403331190 4.152845383 -0.039943736 -0.540270269 0.007866543 0.840506256
1753297942994560256.000000 -2.525546789 0.405654639 4.166412354 -0.042935319 -0.554710686 0.012209199 0.830845118
1753297943027902720.000000 -2.536634922 0.412596166 4.174448013 -0.043035775 -0.561768413 0.016249234 0.826014638
1753297943094587904.000000 -2.567163706 0.408862501 4.192934990 -0.043698333 -0.574484706 0.022980234 0.817024946
1753297943161273088.000000 -2.599575520 0.409976512 4.210793495 -0.047212854 -0.586367071 0.028823260 0.808154643
1753297943227956992.000000 -2.635158300 0.409616888 4.229426384 -0.052045185 -0.598048866 0.031336728 0.799153864
1753297943294641920.000000 -2.671806335 0.408591092 4.244290352 -0.054546729 -0.609565437 0.031661946 0.790222883
1753297943327984640.000000 -2.689912081 0.407927901 4.250489235 -0.054453894 -0.615494132 0.030878976 0.785651565
1753297943394670080.000000 -2.723157406 0.405498981 4.260399818 -0.051857594 -0.627699316 0.029432312 0.776168942
1753297943461355008.000000 -2.752984524 0.403920740 4.267605782 -0.048462346 -0.640996099 0.030170575 0.765418410
1753297943528039936.000000 -2.780580997 0.406759709 4.277592659 -0.046573244 -0.655726314 0.030528184 0.752942204
1753297943594725376.000000 -2.809807539 0.405509531 4.280511856 -0.047396954 -0.669107378 0.027596790 0.741139293
1753297943661409280.000000 -2.840726376 0.404875755 4.275003910 -0.050094105 -0.682351053 0.022044914 0.728973091
1753297943728094464.000000 -2.869177341 0.404879779 4.279807091 -0.050876666 -0.697482109 0.016670505 0.714599490
1753297943794779904.000000 -2.896497250 0.405284375 4.278272152 -0.050470497 -0.708879530 0.013471059 0.703392565
1753297943861464832.000000 -2.922694206 0.406499535 4.276911736 0.051554531 0.715082526 -0.011342240 -0.697044194
1753297943928150016.000000 -2.948748350 0.408997089 4.273624420 0.051877841 0.716473341 -0.009418327 -0.695619226
1753297943994834944.000000 -2.974016666 0.410215795 4.265087128 0.048710909 0.715298235 -0.007878751 -0.697075129
1753297944028177408.000000 -2.987564564 0.412396550 4.266117096 -0.045183118 -0.715569317 0.007808320 0.697035313
1753297944094861568.000000 -3.011311054 0.414269209 4.253961563 -0.035954315 -0.713673472 0.007709967 0.699512780
1753297944161546752.000000 -3.035699368 0.413463295 4.235634804 -0.027017632 -0.708426595 0.007517124 0.705227196
1753297944228231936.000000 -3.065001488 0.407973588 4.218573570 -0.021677215 -0.702184319 0.006316699 0.711637139
1753297944328259584.000000 -3.112589359 0.406054109 4.196242332 -0.019482832 -0.696535647 0.006360299 0.717229545
1753297944394944768.000000 -3.143815041 0.408386111 4.187725067 -0.017723681 -0.698639274 0.007523673 0.715214968
1753297944428286976.000000 -3.159450054 0.407309711 4.181352615 -0.018033812 -0.699759364 0.009272805 0.714090884
1753297944494972416.000000 -3.189410448 0.407467127 4.170687675 -0.020330537 -0.702822626 0.010412904 0.710998416
1753297944561656576.000000 -3.221797466 0.403928250 4.170403481 -0.024328090 -0.707647562 0.009647689 0.706080794
1753297944628341504.000000 -3.245524883 0.405783892 4.155461788 -0.025389686 -0.711049676 0.009789387 0.702615082
1753297944695026688.000000 -3.270309448 0.404878974 4.147539616 -0.029065436 -0.719291925 0.007323255 0.694061041
1753297944728369152.000000 -3.282516479 0.404711068 4.144470215 -0.030879106 -0.725344181 0.006500196 0.687662840
1753297944795054336.000000 -3.308190346 0.399375916 4.125852585 0.035790846 0.737492681 -0.003864984 -0.674395025
1753297944861739520.000000 -3.331587076 0.398972452 4.120709419 0.037955783 0.753131747 -0.002685730 -0.656768441
1753297944928424704.000000 -3.359316111 0.400576264 4.128704548 0.039697871 0.772094429 -0.000457762 -0.634266675
1753297944995108608.000000 -3.385283470 0.400764108 4.118592262 0.042614821 0.790597856 0.003844649 -0.610839069
1753297945061793792.000000 -3.411302090 0.403041691 4.096590042 -0.044159878 -0.809772789 -0.006778618 0.585040152
1753297945128478720.000000 -3.437264919 0.404039532 4.085335732 -0.045802251 -0.831806123 -0.009150182 0.553097665
1753297945195163648.000000 -3.460564613 0.402613670 4.070056438 0.046299227 0.852281153 0.006366080 -0.520992100
1753297945228506368.000000 -3.473064423 0.402129412 4.064571381 0.045636520 0.862284780 0.003891019 -0.504348338
1753297945295191296.000000 -3.497714043 0.399251759 4.053267479 0.042272106 0.881288648 -0.004287284 -0.470664471
1753297945361876480.000000 -3.522381783 0.399148881 4.038126469 0.040326487 0.898931026 -0.009853060 -0.436118931
1753297945428560640.000000 -3.551300526 0.396344692 4.022481441 0.039902635 0.915909231 -0.010439882 -0.399260819
1753297945495246080.000000 -3.578246117 0.391395390 4.005013943 0.037962452 0.930909216 -0.009738625 -0.363141954
1753297945561931264.000000 -3.598155022 0.389614344 3.985093117 -0.034285065 -0.943600118 0.008471601 0.329198509
1753297945595274240.000000 -3.607265949 0.388130367 3.974386215 -0.031785581 -0.949706018 0.008021914 0.311422408
1753297945695301888.000000 -3.634880543 0.381664723 3.942523956 0.026646035 0.967502475 -0.003199475 -0.251433402
1753297945761987328.000000 -3.647421360 0.380018353 3.920350313 0.024190180 0.976921797 0.001065860 -0.212220490
1753297945828672512.000000 -3.656302929 0.379718840 3.897133350 0.023663929 0.984353423 0.006628195 -0.174483299
1753297945895356672.000000 -3.665572166 0.379375041 3.873868465 0.024686841 0.990192175 0.012398643 -0.136954099
1753297945962042112.000000 -3.665345669 0.377818286 3.851589918 0.024445962 0.994314969 0.013175214 -0.102794029
1753297946028727296.000000 -3.663337231 0.375872701 3.828895807 0.024065817 0.996986091 0.011984036 -0.072774045
1753297946128755200.000000 -3.653146267 0.375230581 3.793941021 -0.020115091 -0.999058485 -0.013984607 0.035805400
1753297946195440384.000000 -3.645526886 0.376142234 3.763654232 0.015436473 0.999583304 0.016554683 -0.017913155
1753297946262125568.000000 -3.632386446 0.377254516 3.736833096 0.010034719 0.999764621 0.017924849 -0.006979851
1753297946328809472.000000 -3.617776394 0.376980156 3.710317850 0.004083240 0.999866784 0.015804736 -0.000163232
1753297946395494912.000000 -3.601787806 0.377999067 3.683897495 -0.002258679 0.999938905 0.010735355 0.001368447
1753297946462180096.000000 -3.586139679 0.376900792 3.655724525 -0.006809789 0.999951363 0.006771370 -0.002249523
1753297946562208000.000000 -3.560410023 0.367566586 3.619180202 -0.010130582 0.999881268 0.003056406 -0.011202477
1753297946628893184.000000 -3.545596361 0.359785527 3.597191811 0.008130685 -0.999802411 0.002686364 0.017943004
1753297946695578368.000000 -3.532895803 0.357211083 3.573750019 0.006251602 -0.999661148 0.002558083 0.025140356
1753297946762262272.000000 -3.522284985 0.355255842 3.549450159 0.005058983 -0.999452949 -0.000570261 0.032681491
1753297946828947712.000000 -3.515032768 0.352078199 3.524380684 0.003134686 -0.999254584 -0.003423909 0.038323779
1753297946928975616.000000 -3.506634712 0.347768843 3.489726782 -0.000176449 -0.998974442 -0.005910269 0.044889361
1753297946995660544.000000 -3.501009464 0.345233351 3.466383934 -0.001022232 -0.998819053 -0.006634583 0.048119690
1753297947062345728.000000 -3.497013092 0.343939483 3.440572023 -0.000936641 -0.998801827 -0.008387263 0.048204385
1753297947129030912.000000 -3.497834682 0.346911341 3.411687851 -0.001473817 -0.999054730 -0.010662886 0.042117521
1753297947195715072.000000 -3.495661020 0.344692737 3.382125854 0.004533777 0.999420226 0.010980413 -0.031907279
1753297947262400256.000000 -3.499967813 0.343591869 3.354355812 0.010974721 0.999704957 0.006554678 -0.020656653
1753297947362427904.000000 -3.511834383 0.343801916 3.309483290 -0.021687604 -0.999746084 0.001787522 0.005860345
1753297947429113344.000000 -3.517649651 0.342920065 3.275187731 -0.028936408 -0.999553919 0.004839945 -0.005596602
1753297947495798272.000000 -3.524265289 0.340291232 3.238383770 -0.035871189 -0.999202013 0.005649921 -0.016633483
1753297947562483456.000000 -3.529172659 0.333437145 3.201964617 -0.039122548 -0.998910189 0.007659871 -0.024273269
1753297947629168640.000000 -3.532228708 0.332012862 3.167508364 -0.037381057 -0.998728096 0.012141742 -0.031582374
1753297947695853056.000000 -3.530108452 0.324414790 3.138461113 -0.033275552 -0.998528063 0.013394803 -0.040682647
1753297947762538240.000000 -3.527889967 0.322854489 3.107617855 -0.030586323 -0.998167932 0.010138576 -0.051211324
1753297947795880448.000000 -3.526454687 0.321869344 3.092512608 -0.029504480 -0.997957945 0.008019032 -0.056081265
1753297947862565888.000000 -3.519618511 0.314071178 3.060773134 0.025337961 0.997667730 -0.003216072 0.063300446
1753297947929251072.000000 -3.513463259 0.310492992 3.034962416 0.018185295 0.997262895 -0.001146340 0.071656652
1753297947995936512.000000 -3.510177135 0.315081120 3.008318424 -0.012257745 -0.996688068 0.000246778 -0.080390953
1753297948029278720.000000 -3.507587910 0.314904869 2.994246483 -0.010748664 -0.996492982 -0.001048297 -0.082977802
1753297948095962880.000000 -3.501786947 0.314515084 2.966583729 -0.007899032 -0.996395886 -0.005236924 -0.084293447
1753297948162648064.000000 -3.491573811 0.306697965 2.937036753 -0.004297134 -0.996589005 -0.013070899 -0.081370771
1753297948229333248.000000 -3.484993696 0.314512581 2.905876637 -0.000262675 -0.997015476 -0.018997189 -0.074827775
1753297948262675712.000000 -3.480393887 0.314345956 2.890826464 0.001539203 -0.997315705 -0.021546165 -0.069962919
1753297948329360640.000000 -3.469288349 0.313835025 2.862106323 0.006635651 -0.997955382 -0.024095206 -0.058826856
1753297948396046080.000000 -3.456931114 0.311834812 2.833165169 0.012027144 -0.998558521 -0.023614749 -0.046675690
1753297948462731264.000000 -3.442136526 0.306824148 2.803597212 -0.015927834 0.999106765 0.021048604 0.033000480
1753297948529415680.000000 -3.431116581 0.300421119 2.774250507 -0.017159725 0.999481499 0.019722067 0.018795023
1753297948596100864.000000 -3.421358347 0.290730000 2.745579481 0.016690422 -0.999687731 -0.018234584 -0.003656034
1753297948662786304.000000 -3.408389807 0.286274970 2.718520164 0.014898063 -0.999721944 -0.014309659 0.011378281
1753297948696128512.000000 -3.409147501 0.283364415 2.705185413 0.012592867 -0.999680340 -0.012934173 0.017703548
1753297948762813952.000000 -3.401273012 0.278488696 2.679342270 0.010403936 -0.999408722 -0.011508667 0.030685378
1753297948829498880.000000 -3.393914700 0.274343252 2.655038595 0.009193534 -0.999024212 -0.009864002 0.042058479
1753297948929526784.000000 -3.386932850 0.270865053 2.617732286 -0.006127288 0.998626351 0.008950326 -0.051261783
1753297948996211200.000000 -3.384552956 0.267104775 2.592303276 -0.001868702 0.998342097 0.009748775 -0.056697678
1753297949062896128.000000 -3.381930590 0.263053238 2.566101313 0.001625307 0.997983456 0.012742626 -0.062162101
1753297949129581568.000000 -3.380615234 0.261760414 2.536600590 0.002563211 0.997783065 0.017585289 -0.064134598
1753297949196266752.000000 -3.377704144 0.264951199 2.505877256 -0.003022165 -0.997901917 -0.022367015 0.060682688
1753297949229609472.000000 -3.376083612 0.265183181 2.489809275 -0.003119705 -0.998063624 -0.024435148 0.057116289
1753297949296294400.000000 -3.375600100 0.266374886 2.457703590 -0.004284117 -0.998567164 -0.026435953 0.046330947
1753297949362979584.000000 -3.377327681 0.267697155 2.425458431 -0.006979775 -0.999114215 -0.026340002 0.032067779
1753297949429664512.000000 -3.379367828 0.266599357 2.391491413 -0.009899608 -0.999446273 -0.026728433 0.017167680
1753297949529693440.000000 -3.386348486 0.260224760 2.339468241 -0.017609457 -0.999499619 -0.026218314 -0.001768278
1753297949596379136.000000 -3.389037132 0.254255831 2.305332422 -0.020910287 -0.999472022 -0.022372628 -0.010863245
1753297949663064832.000000 -3.391052246 0.247298807 2.273075581 -0.020512585 -0.999408007 -0.018998487 -0.020049894
1753297949729750528.000000 -3.388693571 0.241366908 2.239940405 -0.017571341 -0.999232948 -0.017735906 -0.030171560
1753297949796436480.000000 -3.389400721 0.238108605 2.208092213 -0.016458688 -0.998830736 -0.019060634 -0.041267551
1753297949829779712.000000 -3.389534950 0.236184761 2.192356348 -0.016624305 -0.998572230 -0.020766580 -0.046323936
1753297949896464384.000000 -3.386919737 0.233616322 2.163890123 -0.016080704 -0.998103023 -0.024482315 -0.054152682
1753297949963150336.000000 -3.381351709 0.230177045 2.136103630 -0.012506107 -0.997597277 -0.028751593 -0.061780140
1753297950029836032.000000 -3.372849226 0.227100581 2.109972239 -0.007892065 -0.996994257 -0.031417586 -0.070378512
1753297950096521728.000000 -3.362919092 0.223922864 2.083608389 -0.003176786 -0.996264458 -0.033588804 -0.079491541
1753297950163207680.000000 -3.351547718 0.221638292 2.056519508 0.000701444 -0.995440364 -0.038338039 -0.087339520
1753297950229893376.000000 -3.336859465 0.216816604 2.030281782 0.004158980 -0.994797528 -0.044745199 -0.091425091
1753297950296579584.000000 -3.319415092 0.215250909 2.002784014 -0.008976691 0.994556367 0.048261486 0.091912940
1753297950329921536.000000 -3.311532736 0.214744240 1.990906954 -0.011288466 0.994537175 0.048629336 0.091671571
1753297950429949440.000000 -3.290138960 0.213822156 1.961059809 0.016318601 -0.995125830 -0.043525357 -0.086970977
1753297950463292160.000000 -3.282181025 0.212666780 1.951884747 0.017096439 -0.995618820 -0.039261606 -0.083123289
1753297950529977600.000000 -3.266147614 0.209946334 1.934016705 0.018117111 -0.996613562 -0.031091303 -0.073936813
1753297950596663040.000000 -3.250467062 0.206409514 1.915099621 0.016857339 -0.997554719 -0.022795975 -0.063882142
1753297950630005504.000000 -3.243264914 0.203953415 1.905207872 0.014952897 -0.997968793 -0.018353358 -0.059143893
1753297950696691200.000000 -3.226386786 0.196682721 1.885719061 0.011057069 -0.998552859 -0.009874208 -0.051696450
1753297950763375616.000000 -3.207797289 0.193219543 1.868002892 0.006945250 -0.998923242 -0.002262503 -0.045815125
1753297950830060800.000000 -3.193493843 0.189305618 1.848150492 0.003298909 -0.999145091 0.001319547 -0.041190386
1753297950896746240.000000 -3.177473545 0.187041670 1.827812433 -0.003226898 0.999236763 -0.003121464 0.038803995
1753297950963431680.000000 -3.157295465 0.187850937 1.810483694 0.005312873 -0.999219656 0.003122382 -0.039015383
1753297950996774144.000000 -3.149549723 0.184405625 1.800146341 0.006866862 -0.999119461 0.000731985 -0.041384596
1753297951063459328.000000 -3.132848978 0.181583941 1.780959129 0.010116326 -0.998714149 -0.000846124 -0.049668938
1753297951130144768.000000 -3.115621090 0.180698305 1.763798714 0.014186112 -0.997901440 -0.000922475 -0.063171498
1753297951196829184.000000 -3.099622011 0.178697020 1.744066477 0.017821528 -0.996666610 -0.001511387 -0.079598770
1753297951263514880.000000 -3.084529400 0.175777659 1.721393347 0.022268122 -0.994791687 -0.004832486 -0.099349305
1753297951330200064.000000 -3.065997124 0.178246126 1.699664116 0.026040498 -0.992039502 -0.007024504 -0.123005047
1753297951363542528.000000 -3.056858063 0.179328695 1.688038826 0.027399777 -0.990266263 -0.008536710 -0.136195287
1753297951430227712.000000 -3.044298649 0.177577749 1.661998749 -0.028201126 0.985789418 0.013175361 0.165076971
1753297951496913408.000000 -3.029790401 0.179621667 1.638067722 0.025494670 -0.981153548 -0.013341187 -0.191075459
1753297951530255872.000000 -3.024368763 0.174570635 1.621839762 -0.023126880 0.978629410 0.012632829 0.203936324
1753297951596941312.000000 -3.012205124 0.170232177 1.593919516 -0.016745962 0.973876119 0.009162482 0.226276323
1753297951663625472.000000 -2.997957468 0.169340730 1.568744183 0.012981234 -0.968633175 -0.005408257 -0.248096704
1753297951730310656.000000 -2.981669903 0.163948998 1.540104866 0.011104479 -0.963045776 -0.004447999 -0.269072205
1753297951796996096.000000 -2.961956978 0.157264456 1.513823509 0.012670876 -0.957304478 -0.003132717 -0.288786739
1753297951863681280.000000 -2.940278530 0.150827914 1.488179922 0.018694241 -0.949959934 -0.004408243 -0.311780810
1753297951897024256.000000 -2.929825306 0.149829090 1.476124525 0.022339698 -0.945330203 -0.005045655 -0.325309575
1753297951963709440.000000 -2.907471657 0.148184866 1.454375982 0.029181646 -0.934599996 -0.008451843 -0.354400814
1753297952030394880.000000 -2.886926651 0.145462781 1.429185629 0.033877447 -0.922834039 -0.014271030 -0.383439779
1753297952063737344.000000 -2.874483109 0.148003131 1.420751572 0.037496224 -0.917317808 -0.016515605 -0.396042079
1753297952130421760.000000 -2.850962400 0.143996939 1.400351763 -0.043769244 0.905361295 0.026240820 0.421564609
1753297952197106944.000000 -2.827544928 0.144059762 1.387056351 -0.048757721 0.893636882 0.032708049 0.444933802
1753297952230449664.000000 -2.815803528 0.144426167 1.382158518 -0.050225861 0.888264596 0.033795305 0.455325544
1753297952330477568.000000 -2.781187057 0.144357741 1.370079756 0.052849650 -0.874208570 -0.036818229 -0.481259584
1753297952397163008.000000 -2.756110430 0.144795254 1.364519835 0.055016253 -0.867849290 -0.039396856 -0.492197841
1753297952430505472.000000 -2.742666960 0.145051375 1.362506628 0.056645300 -0.865855634 -0.040150113 -0.495452791
1753297952497190912.000000 -2.715374708 0.147598609 1.361681938 0.061328195 -0.862972677 -0.039015230 -0.499994963
1753297952563875328.000000 -2.688628674 0.145812094 1.365882397 0.064575545 -0.861203790 -0.033077512 -0.503054619
1753297952597218048.000000 -2.675873041 0.148824453 1.369484186 0.064810678 -0.860931218 -0.026790613 -0.503864467
1753297952663903488.000000 -2.648835421 0.148293734 1.379863262 0.064533532 -0.860413194 -0.013023836 -0.505326748
1753297952730588928.000000 -2.620348454 0.147056594 1.389893532 -0.063517585 0.859887600 0.000044428 0.506516278
1753297952797274112.000000 -2.589136839 0.144453421 1.397730350 -0.063703083 0.859194994 -0.007910660 0.507605493
1753297952863959552.000000 -2.557968378 0.139414847 1.406248331 -0.063258015 0.858200312 -0.012596864 0.509246588
1753297952897302272.000000 -2.543462992 0.139337972 1.410010576 -0.062853679 0.857033074 -0.014669386 0.511203170
1753297952963987712.000000 -2.514268875 0.137196988 1.414369345 0.062354792 -0.853869617 0.014760296 -0.516527593
1753297953030671872.000000 -2.485514641 0.137653977 1.415027618 0.063362598 -0.850295484 0.013883730 -0.522293031
1753297953097357568.000000 -2.457288027 0.138163924 1.415489674 0.065680705 -0.847148716 0.011339219 -0.527158916
1753297953164042752.000000 -2.432337046 0.134959161 1.414065838 0.065665632 -0.844110429 0.008788893 -0.532060504
1753297953197385216.000000 -2.420769691 0.136365503 1.413250446 -0.064362891 0.842842817 -0.009345462 0.534215450
1753297953264070656.000000 -2.399339199 0.134128332 1.412315369 -0.060230285 0.839999437 -0.010518912 0.539131522
1753297953330756096.000000 -2.375623226 0.133625925 1.409145117 -0.056723826 0.837142587 -0.009478161 0.543953061
1753297953397441280.000000 -2.348942757 0.135018826 1.405721188 -0.055355012 0.833267212 -0.006080720 0.550058722
1753297953430782976.000000 -2.333663940 0.135499597 1.405239582 -0.055753611 0.830135226 -0.004303042 0.554751039
1753297953497468416.000000 -2.305210114 0.138137311 1.404919624 -0.056258999 0.820490658 -0.003234033 0.568875849
1753297953564153856.000000 -2.275220156 0.139792353 1.402436972 0.054268874 -0.809042037 0.003302966 -0.585230768
1753297953630839040.000000 -2.244206667 0.141489983 1.396844983 0.050981756 -0.798088908 0.002996162 -0.600371599
1753297953697524224.000000 -2.212022305 0.140890360 1.390875816 0.046363566 -0.786115706 0.002786687 -0.616331756
1753297953730867200.000000 -2.195338726 0.139912754 1.386700869 0.043399375 -0.780059397 0.001589992 -0.624196589
1753297953797552640.000000 -2.162298679 0.137452692 1.379384875 0.037013520 -0.768633485 0.000267468 -0.638617694
1753297953864236800.000000 -2.128766537 0.132700413 1.374045610 0.031788308 -0.755589962 0.001766412 -0.654270768
1753297953930921984.000000 -2.095564842 0.129168794 1.370088935 -0.027560983 0.740699291 -0.003047391 0.671264231
1753297953997607424.000000 -2.063219070 0.126242265 1.368596315 -0.022911558 0.725431681 -0.003540122 0.687903702
1753297954030950400.000000 -2.047182083 0.125832796 1.367904067 -0.021800309 0.717977166 -0.001642847 0.695723295
1753297954097635584.000000 -2.012978077 0.127130434 1.370221853 -0.024037218 0.703572631 0.004316432 0.710203648
1753297954164320768.000000 -1.977550983 0.127773151 1.371413708 -0.031818200 0.685539246 0.009111842 0.727283061
1753297954231006208.000000 -1.946897864 0.131950542 1.393000722 -0.044901188 0.659873128 0.010821147 0.749956250
1753297954297691392.000000 -1.916373014 0.136821866 1.405896783 -0.057493396 0.625693858 0.011070401 0.777868390
1753297954331033088.000000 -1.903492808 0.139154702 1.416699409 -0.062650919 0.608280659 0.010240383 0.791179359
1753297954397718784.000000 -1.880731702 0.142643243 1.437291384 -0.070128098 0.574118137 0.007612529 0.815728247
1753297954464404992.000000 -1.861501098 0.147590235 1.459380627 -0.076318361 0.543357253 0.006131898 0.836002886
1753297954497748224.000000 -1.853610754 0.148216277 1.470817327 -0.080023557 0.529764771 0.005957486 0.844340086
1753297954531090944.000000 -1.846512556 0.149417907 1.482353330 -0.083193727 0.517581403 0.005924724 0.851559341
1753297954597777152.000000 -1.837489486 0.162099779 1.497984052 -0.087811962 0.496514559 0.000387557 0.863575220
1753297954664463104.000000 -1.821825862 0.158694997 1.505597830 -0.089021415 0.476975441 -0.009279019 0.874347568
1753297954697806080.000000 -1.827257633 0.172858685 1.532336712 -0.086400911 0.470949471 -0.018182211 0.877730608
1753297954764491520.000000 -1.820485353 0.176024333 1.558003426 -0.084170178 0.456951946 -0.033430483 0.884868801
1753297954831177472.000000 -1.819291472 0.179970682 1.595453858 -0.084472425 0.447128356 -0.043132052 0.889426947
1753297954864520448.000000 -1.813420057 0.180395529 1.611117482 -0.084735349 0.442017823 -0.047064956 0.891753972
1753297954931206656.000000 -1.798720121 0.178997189 1.644693851 -0.083532415 0.429430246 -0.055072613 0.897540569
1753297954997892864.000000 -1.787755251 0.179848135 1.676791310 -0.078088976 0.416589618 -0.061625842 0.903635681
1753297955031235840.000000 -1.781830788 0.180529594 1.691154957 -0.076668829 0.410020292 -0.063956887 0.906595230
1753297955097922048.000000 -1.771201849 0.183488399 1.719866395 -0.077245429 0.396501333 -0.067330062 0.912297428
1753297955164608512.000000 -1.753325462 0.178820238 1.731809258 -0.081108831 0.380413741 -0.065126598 0.918947935
1753297955231293440.000000 -1.742572308 0.187189370 1.762276649 -0.081335627 0.366307169 -0.063495822 0.924755096
1753297955264636672.000000 -1.734504342 0.186403215 1.769880295 -0.080685943 0.358655840 -0.060526296 0.928004503
1753297955331322624.000000 -1.720785022 0.187018886 1.787428617 -0.078470670 0.342884004 -0.055485904 0.934448719
1753297955364666112.000000 -1.713883638 0.187524468 1.795614004 -0.077286951 0.334522575 -0.053056501 0.937713385
1753297955398009088.000000 -1.710631967 0.191657633 1.812218189 -0.076955661 0.325810581 -0.053054094 0.940803170
1753297955464695296.000000 -1.697756886 0.193232089 1.833470345 -0.078011476 0.304919481 -0.049120277 0.947905898
1753297955531381504.000000 -1.680310130 0.187144339 1.847655416 -0.080078937 0.279968679 -0.043229684 0.955686212
1753297955598067968.000000 -1.669470310 0.189472914 1.871870995 -0.081266880 0.256394118 -0.038344499 0.962386370
1753297955631411200.000000 -1.667636633 0.199336842 1.896422386 -0.081418917 0.245736942 -0.038309529 0.965151131
1753297955698096640.000000 -1.658760428 0.201300979 1.921868443 -0.079940267 0.222492456 -0.034452502 0.971040547
1753297955731439616.000000 -1.648923874 0.203280687 1.936390400 -0.077571854 0.209828049 -0.033062708 0.974095345
1753297955798126336.000000 -1.634077311 0.203629687 1.964210510 -0.069390655 0.185130104 -0.028092846 0.979858458
1753297955864812544.000000 -1.617795110 0.203908935 1.994686007 -0.061484851 0.161144346 -0.020676620 0.984796762
1753297955898155776.000000 -1.608952403 0.205037042 2.011553764 -0.058833957 0.149865136 -0.016759031 0.986812115
1753297955964841984.000000 -1.592093945 0.205565602 2.045597792 -0.054964077 0.129221797 -0.009768947 0.990043044
1753297956031528448.000000 -1.577658415 0.203418151 2.076103926 -0.053537797 0.110417299 -0.003761152 0.992435217
1753297956064871680.000000 -1.571887612 0.207206711 2.094104052 -0.053296737 0.101094365 -0.001292416 0.993447483
1753297956131557376.000000 -1.563486695 0.212147355 2.125737667 -0.053411756 0.080255024 0.002331506 0.995339632
1753297956198243584.000000 -1.559643269 0.217147693 2.154547930 -0.051766515 0.058386933 0.004873263 0.996939123
1753297956264930304.000000 -1.555261493 0.218724117 2.182695150 -0.052553400 0.038957376 0.007400108 0.997830570
1753297956331616768.000000 -1.554407954 0.221130192 2.209485054 -0.052631173 0.022075603 0.009259372 0.998327136
1753297956398302464.000000 -1.556205750 0.224044368 2.235789299 -0.052236516 0.006174844 0.009849092 0.998567164
1753297956431645184.000000 -1.558520555 0.225511774 2.247596264 -0.051000673 -0.001082744 0.009870513 0.998649299
1753297956498331136.000000 -1.563603282 0.230043560 2.271919966 -0.047235124 -0.012584195 0.010583485 0.998748481
1753297956565015552.000000 -1.570799947 0.234213591 2.296012640 -0.045118850 -0.018645754 0.011161989 0.998745263
1753297956631701248.000000 -1.582309723 0.241243228 2.319977045 -0.042830657 -0.020425647 0.007735077 0.998843610
1753297956698386944.000000 -1.598189592 0.244678572 2.345353842 -0.041653689 -0.020887824 0.000708553 0.998913527
1753297956765072640.000000 -1.617111444 0.250475496 2.367847919 -0.034683757 -0.019260759 -0.008471318 0.999176860
1753297956798415104.000000 -1.626297832 0.249044225 2.381217957 -0.030632786 -0.017308192 -0.013521707 0.999289393
1753297956865101056.000000 -1.645585299 0.251625985 2.408409119 -0.021921134 -0.013608543 -0.023763921 0.999384582
1753297956931786496.000000 -1.665850997 0.251576483 2.436435938 -0.011570691 -0.011610564 -0.033055045 0.999319136
1753297956998471168.000000 -1.684038758 0.251117289 2.466936350 -0.005031035 -0.007447307 -0.038619488 0.999213576
1753297957065156864.000000 -1.698811054 0.251030356 2.497504711 -0.000888002 -0.000471496 -0.040756214 0.999168634
1753297957098499840.000000 -1.705453038 0.251258433 2.512659073 -0.000077492 0.003976246 -0.040601868 0.999167502
1753297957165185280.000000 -1.716706634 0.253169209 2.541420937 0.001702129 0.012538682 -0.040035203 0.999118209
1753297957231871232.000000 -1.724174738 0.255631685 2.568591833 0.002932922 0.020643236 -0.038007170 0.999059916
1753297957298556672.000000 -1.729458690 0.257706761 2.599209547 -0.001933863 0.027638318 -0.035401799 0.998989046
1753297957331899392.000000 -1.731665134 0.258903235 2.613660574 -0.003745315 0.030818181 -0.033241030 0.998965144
1753297957398585856.000000 -1.731961012 0.264218926 2.639393568 -0.006233475 0.035888620 -0.028295917 0.998935699
1753297957465271296.000000 -1.733210921 0.264447957 2.668637037 -0.006332392 0.040435027 -0.022944724 0.998898625
1753297957531957760.000000 -1.735040426 0.268800616 2.697249174 -0.006693390 0.044898726 -0.018551927 0.998796940
1753297957565300992.000000 -1.734770417 0.269566625 2.711878777 -0.008570912 0.045774486 -0.016978525 0.998770773
1753297957631987456.000000 -1.735285997 0.274620861 2.742419720 -0.011085885 0.041961655 -0.013482419 0.998966753
1753297957698673664.000000 -1.733437896 0.280559778 2.773175478 -0.011095371 0.031527877 -0.007846068 0.999410510
1753297957765360384.000000 -1.731159568 0.287050843 2.803965092 -0.006045825 0.018941266 -0.000163602 0.999802291
1753297957832047104.000000 -1.724163413 0.290250957 2.833470345 0.003000062 0.006435905 0.010224218 0.999922574
1753297957898732544.000000 -1.717781305 0.293248951 2.865919590 0.012842776 -0.007063136 0.019493593 0.999702573
1753297957932076032.000000 -1.714177370 0.293656230 2.884447098 0.015617050 -0.013882686 0.023796311 0.999498487
1753297957998762496.000000 -1.708164215 0.294657171 2.924079895 0.016995668 -0.027295310 0.030568626 0.999015391
1753297958065448960.000000 -1.706267238 0.295266777 2.965083838 0.014366993 -0.038469158 0.034105819 0.998574257
1753297958132135680.000000 -1.704709649 0.301551282 3.000707626 0.010531383 -0.048124071 0.035280921 0.998162568
1753297958198822144.000000 -1.707126737 0.305024743 3.037687063 0.006262670 -0.053389303 0.035796020 0.997912407
1753297958265509120.000000 -1.712440491 0.302863240 3.072332621 -0.000639521 -0.054778274 0.033680249 0.997930169
1753297958332194560.000000 -1.720520496 0.305299819 3.104080200 -0.005764377 -0.057224870 0.030166781 0.997888863
1753297958398881280.000000 -1.728263021 0.307485282 3.133655310 -0.008138601 -0.058637291 0.025908682 0.997909904
1753297958465567744.000000 -1.738644004 0.311854333 3.161326647 -0.010117402 -0.055899911 0.020816656 0.998168170
1753297958532254464.000000 -1.748909235 0.315991729 3.190069675 -0.013998753 -0.049993392 0.015587191 0.998529851
1753297958565597696.000000 -1.754221320 0.319294930 3.204754829 -0.016710592 -0.045931172 0.013108761 0.998718798
1753297958632284416.000000 -1.765477419 0.324830085 3.234107494 -0.021797219 -0.038679317 0.007328039 0.998987079
1753297958732314112.000000 -1.784533501 0.331654698 3.273323774 -0.018755637 -0.028809587 -0.002216310 0.999406517
1753297958765656576.000000 -1.791318297 0.333268821 3.285661459 -0.017088408 -0.023942867 -0.005596456 0.999551594
1753297958832343296.000000 -1.806289196 0.336825222 3.312129974 -0.013200461 -0.009751033 -0.011837447 0.999795318
1753297958932373248.000000 -1.825538158 0.345215619 3.356530905 -0.008952740 0.018635867 -0.020567641 0.999574721
1753297958965716480.000000 -1.832530499 0.343618155 3.371590614 -0.007038876 0.028406557 -0.022901595 0.999309361
1753297959032403200.000000 -1.846018076 0.340560347 3.400776148 -0.003780710 0.045294292 -0.026480766 0.998615503
1753297959099089920.000000 -1.858231068 0.335906059 3.427031994 -0.002672342 0.059625871 -0.026035190 0.997877717
1753297959132433408.000000 -1.864280224 0.336576939 3.440367937 -0.003345382 0.066898577 -0.025777588 0.997421145
1753297959199118848.000000 -1.875728607 0.339937061 3.465381622 -0.006285036 0.079548769 -0.027406925 0.996434331
1753297959265805824.000000 -1.889539957 0.344681591 3.490311861 -0.008031467 0.082487240 -0.030751703 0.996085227
1753297959299149312.000000 -1.891606927 0.342869669 3.500213623 -0.011280207 0.079290405 -0.031750549 0.996281981
1753297959365835520.000000 -1.900729418 0.344460160 3.524426699 -0.016755976 0.068831056 -0.031547725 0.996988595
1753297959432521216.000000 -1.907636166 0.347402781 3.548661232 -0.020227397 0.054379657 -0.028657876 0.997904062
1753297959499206656.000000 -1.912935019 0.350380659 3.574267864 -0.023107456 0.037642319 -0.024771096 0.998716950
1753297959532549888.000000 -1.915547013 0.352344453 3.587545156 -0.025248507 0.028817223 -0.023040526 0.999000132
1753297959599235328.000000 -1.920747280 0.357507348 3.617300034 -0.030898746 0.010500976 -0.020476349 0.999257624
1753297959665920256.000000 -1.926832676 0.363141358 3.648210287 -0.037163656 -0.012110436 -0.017987501 0.999073923
1753297959699262976.000000 -1.929980159 0.367820233 3.664743185 -0.039447028 -0.025913170 -0.015788717 0.998760819
1753297959765948672.000000 -1.943061948 0.375026017 3.698075294 -0.041173350 -0.054843761 -0.010389618 0.997591615
1753297959832634368.000000 -1.947947860 0.380334079 3.728964090 -0.038346022 -0.086558960 -0.003555446 0.995502174
1753297959899320064.000000 -1.954940796 0.383565456 3.762244225 -0.033441756 -0.121215910 0.003679211 0.992055833
1753297959966005760.000000 -1.962541938 0.385524750 3.797944069 -0.031311054 -0.156876355 0.011452163 0.987055421
1753297959999348736.000000 -1.965844393 0.386115819 3.816798687 -0.030459313 -0.174261555 0.015400777 0.984107792
1753297960066034432.000000 -1.973185897 0.385667711 3.852691174 -0.028353214 -0.207845047 0.022925066 0.977481961
1753297960132719360.000000 -1.980930209 0.384558499 3.887011051 -0.026101017 -0.239832506 0.029979309 0.970000267
1753297960199404800.000000 -1.991025567 0.383585215 3.920348167 -0.023980901 -0.272052944 0.035731833 0.961319566
1753297960266090752.000000 -2.001553297 0.385913730 3.950650692 -0.026263978 -0.305313915 0.040735699 0.951017559
1753297960332776192.000000 -2.015203238 0.387812436 3.980958700 -0.030592443 -0.340066731 0.042854406 0.938926160
1753297960399462144.000000 -2.031868219 0.391358972 4.006125450 -0.039690528 -0.376579851 0.042129606 0.924574256
1753297960466147584.000000 -2.054296970 0.392939985 4.030527592 -0.045355204 -0.413442910 0.043349262 0.908365965
1753297960532832512.000000 -2.076246977 0.392322719 4.050277710 -0.047607116 -0.445799559 0.046254940 0.892668426
1753297960599518208.000000 -2.098306656 0.393268764 4.066375732 -0.047415353 -0.472439915 0.048666574 0.878739953
1753297960632861184.000000 -2.110623360 0.393927783 4.073987007 -0.048214708 -0.483370334 0.049111474 0.872706473
1753297960699546880.000000 -2.135358810 0.395489693 4.085292816 -0.049401134 -0.499887854 0.048667774 0.863309383
1753297960766232832.000000 -2.160515547 0.396479934 4.090126991 -0.048027966 -0.509411693 0.045837805 0.857958078
1753297960799575296.000000 -2.172245502 0.395813912 4.092957497 -0.045256134 -0.512600124 0.044488631 0.856279016
1753297960866261248.000000 -2.196597099 0.395918190 4.093246460 -0.037916020 -0.514910877 0.041804381 0.855383873
1753297960932946944.000000 -2.224811077 0.396404266 4.090932846 -0.029197123 -0.512801528 0.038584061 0.857142568
1753297960999631872.000000 -2.255261898 0.396163732 4.087353706 -0.021361692 -0.508622348 0.036056310 0.859969079
1753297961066317312.000000 -2.285498619 0.394418180 4.084516048 -0.014174682 -0.504446387 0.034575932 0.862634063
1753297961166345984.000000 -2.330161810 0.388790131 4.079946041 -0.004318083 -0.496657670 0.038123574 0.867098212
1753297961199688960.000000 -2.345319748 0.387923270 4.078186989 -0.001813736 -0.492176592 0.040727336 0.869540274
1753297961266374912.000000 -2.372134686 0.388475060 4.077275276 0.002759146 -0.483061045 0.045411531 0.874403954
1753297961333060608.000000 -2.398925304 0.389254570 4.076236248 0.005472924 -0.476266980 0.046030648 0.878078043
1753297961399746304.000000 -2.427847385 0.390603423 4.078206062 0.004703362 -0.471475512 0.044141855 0.880761206
1753297961433087744.000000 -2.442018747 0.390239149 4.081160545 0.002512760 -0.470060736 0.042687256 0.881597638
1753297961499773696.000000 -2.471402884 0.389990836 4.087544441 -0.003587283 -0.468439221 0.040741570 0.882548630
1753297961566459392.000000 -2.501102924 0.391031146 4.093979836 -0.008265946 -0.467812836 0.041405249 0.882818520
1753297961633145088.000000 -2.529504299 0.392991424 4.100414753 -0.011088492 -0.469116747 0.042144671 0.882060349
1753297961699830784.000000 -2.558752775 0.395267963 4.107982635 -0.013879783 -0.475790232 0.041590255 0.878465354
1753297961766516480.000000 -2.591924667 0.397449732 4.116988182 -0.018435374 -0.489250898 0.041002683 0.870983720
1753297961833202176.000000 -2.625412703 0.405620545 4.128416061 -0.022730151 -0.508840263 0.043126736 0.859479547
1753297961899886848.000000 -2.660640955 0.409565985 4.140988827 -0.026934871 -0.527476251 0.049281254 0.847711444
1753297961966572544.000000 -2.696950674 0.412284762 4.157727242 -0.028180951 -0.543962598 0.059077121 0.836552680
1753297962033258240.000000 -2.732869625 0.413360327 4.176987171 -0.030523160 -0.560826421 0.068490461 0.824530959
1753297962066600960.000000 -2.750105381 0.411779195 4.185008526 -0.031398091 -0.569317818 0.072299704 0.818330169
1753297962133286912.000000 -2.786095142 0.407470703 4.203067780 -0.033137295 -0.585342944 0.076597169 0.806479096
1753297962199972352.000000 -2.819908142 0.401610434 4.218917847 -0.033329427 -0.598007441 0.078878030 0.796903133
1753297962233315584.000000 -2.835434675 0.401911974 4.222979546 -0.032001287 -0.602629125 0.080966488 0.793258250
1753297962300001024.000000 -2.866306782 0.402501881 4.234416962 -0.031096434 -0.611440122 0.084454201 0.786156178
1753297962366686464.000000 -2.896921635 0.402728677 4.240484238 -0.030013401 -0.618976593 0.084807158 0.780240357
1753297962466716672.000000 -2.941067934 0.399631649 4.243489265 -0.030703332 -0.630234420 0.075427972 0.772122085
1753297962533403904.000000 -2.969052076 0.398027956 4.242424488 -0.028378015 -0.639533520 0.072158135 0.764842987
1753297962566747392.000000 -2.981360197 0.397102982 4.242687225 -0.026961075 -0.644839823 0.072058119 0.760435641
1753297962666777856.000000 -3.022154331 0.399425358 4.237488747 -0.024809960 -0.656815171 0.070526689 0.750336170
1753297962733464832.000000 -3.051704168 0.404704124 4.232775688 -0.026704859 -0.660945952 0.066692278 0.746986926
1753297962766807296.000000 -3.065459013 0.404687852 4.229686737 -0.027879482 -0.662009418 0.063693970 0.746263683
1753297962833494784.000000 -3.091202021 0.401347995 4.222689152 -0.025632409 -0.663568854 0.059252180 0.745324492
1753297962900181504.000000 -3.113628864 0.405605555 4.204844952 -0.016462801 -0.664584994 0.057470120 0.744817436
1753297962966868992.000000 -3.136336327 0.404568851 4.188160896 -0.006295559 -0.666164875 0.057735678 0.743539751
1753297963033555968.000000 -3.159590721 0.403338760 4.169244766 0.004843174 -0.667258441 0.059610061 0.742421269
1753297963100243200.000000 -3.185375214 0.400428593 4.150503635 0.014650959 -0.669677079 0.060568426 0.740033388
1753297963166930432.000000 -3.211165905 0.397103995 4.132526398 0.021919552 -0.673689008 0.062852964 0.736011028
1753297963233616384.000000 -3.236847401 0.394997627 4.115699768 0.026225433 -0.678533614 0.066003606 0.731127858
1753297963266960128.000000 -3.248875618 0.393394589 4.107136726 0.026413932 -0.680746138 0.066993698 0.728971124
1753297963333647360.000000 -3.273151159 0.389098704 4.098300457 0.023863493 -0.686331153 0.066299953 0.723867774
1753297963400332800.000000 -3.296017647 0.387122899 4.083940506 0.023373602 -0.692569017 0.063743800 0.718149483
1753297963467018496.000000 -3.316375732 0.384768158 4.071396828 0.023805980 -0.702365935 0.061788831 0.708729565
1753297963533704192.000000 -3.335228920 0.383084983 4.059696198 0.022023927 -0.716238081 0.059918743 0.694930077
1753297963600389888.000000 -3.355032921 0.381761342 4.049520493 0.018798549 -0.733889401 0.058548074 0.676479995
1753297963667074560.000000 -3.374699593 0.379593968 4.039855003 0.016081708 -0.753647029 0.056780465 0.654624701
1753297963733760256.000000 -3.394995451 0.377879649 4.028371811 0.011814699 -0.773890615 0.053809322 0.630918682
1753297963800445952.000000 -3.417450428 0.381187081 4.010142326 0.006968823 -0.794349313 0.049842164 0.605372965
1753297963867131648.000000 -3.437257290 0.380040050 3.991347551 -0.001969154 0.814942539 -0.044943385 -0.577793121
1753297963933817344.000000 -3.456561327 0.380226284 3.973932028 0.001306002 0.834856212 -0.042965718 -0.548787177
1753297963967160320.000000 -3.468057394 0.381641448 3.965883017 -0.002061181 -0.844858885 0.042613667 0.533285499
1753297964033845760.000000 -3.486404896 0.381413698 3.947794437 -0.003497423 -0.863682926 0.044147674 0.502086282
1753297964100530688.000000 -3.503175259 0.378338724 3.928318024 0.004935483 0.881073892 -0.049222410 -0.470384598
1753297964167216128.000000 -3.523446560 0.372884095 3.912161112 0.006552399 0.896312892 -0.059441388 -0.439371347
1753297964233901568.000000 -3.545957088 0.369787425 3.894912243 0.008943429 0.909226835 -0.068203464 -0.410578698
1753297964300587520.000000 -3.570953846 0.369166762 3.876507282 -0.012707411 -0.919674695 0.071671471 0.385876000
1753297964367273216.000000 -3.585742474 0.367307186 3.852888584 0.013710569 0.927182972 -0.074846148 -0.366799384
1753297964400616960.000000 -3.595387459 0.365491450 3.841217756 0.014051805 0.930802107 -0.076031871 -0.357252389
1753297964467303936.000000 -3.621201038 0.358556807 3.818577290 -0.014487578 -0.938543081 0.076553345 0.336253911
1753297964533990144.000000 -3.639069080 0.355182767 3.794027328 -0.013948803 -0.946608126 0.075892285 0.313015759
1753297964600677376.000000 -3.658285618 0.350703001 3.769024849 -0.015067819 -0.955558538 0.072100647 0.285451323
1753297964700707584.000000 -3.674718380 0.347447038 3.732614517 -0.017086770 -0.966922224 0.066252626 0.245723650
1753297964767395072.000000 -3.676309586 0.346517265 3.707046509 0.017797019 0.972877145 -0.061709810 -0.222228006
1753297964834082048.000000 -3.686303616 0.342417121 3.683826447 -0.019399676 -0.978765488 0.058052875 0.195631593
1753297964867425536.000000 -3.684672832 0.344420552 3.674476862 0.019155402 0.981250882 -0.058084399 -0.182773381
1753297964934112768.000000 -3.685780048 0.340330005 3.647164345 -0.020213470 -0.985741198 0.055472098 0.157570943
1753297965000798976.000000 -3.681366920 0.340151817 3.621631622 -0.019709352 -0.989170492 0.053122047 0.135393739
1753297965067485952.000000 -3.674593449 0.339684963 3.596299171 -0.019115889 -0.991509616 0.052772488 0.117296085
1753297965134173440.000000 -3.664103985 0.340374678 3.572481394 -0.016983120 -0.992815077 0.054668162 0.105077721
1753297965200860416.000000 -3.650539875 0.341826469 3.550068855 -0.014065093 -0.993216872 0.059288852 0.099031426
1753297965267547904.000000 -3.636050701 0.341268122 3.524612427 -0.010165047 -0.993168116 0.065449223 0.096074551
1753297965334234880.000000 -3.620482445 0.342996180 3.499850273 -0.007480074 -0.993047416 0.069821760 0.094476640
1753297965400921344.000000 -3.608168602 0.338294327 3.477438450 0.006399313 0.992630959 -0.075513586 -0.094555378
1753297965467607040.000000 -3.593530655 0.333035886 3.451198816 0.006358741 0.992213011 -0.078847721 -0.096208438
1753297965534293504.000000 -3.581726074 0.328412414 3.424895763 0.007628562 0.991697848 -0.082142122 -0.098640881
1753297965600979712.000000 -3.571051121 0.325789571 3.399325848 0.009396818 0.991132259 -0.083202630 -0.103179112
1753297965634322944.000000 -3.565722466 0.324458718 3.387117863 0.009418816 0.990869939 -0.083302557 -0.105588205
1753297965701009408.000000 -3.557221413 0.322864950 3.361164093 0.009074304 0.990755022 -0.079432495 -0.109602138
1753297965767695872.000000 -3.549774170 0.320333958 3.335488081 0.008157359 0.990847170 -0.073952720 -0.112634227
1753297965834382336.000000 -3.546086788 0.317839682 3.312242985 0.009025231 0.990660787 -0.072934203 -0.114849880
1753297965901068032.000000 -3.545294762 0.314045370 3.289141417 0.009457814 0.990479708 -0.073922269 -0.115741648
1753297965967754240.000000 -3.544299126 0.315383047 3.268158913 0.010524908 0.990199983 -0.074776433 -0.117480658
1753297966034440960.000000 -3.543843269 0.317027181 3.237325668 -0.012123236 -0.990077853 0.072588131 0.119707681
1753297966101127168.000000 -3.547342777 0.316295952 3.209722042 -0.014586319 -0.990294814 0.070328467 0.118984871
1753297966167813888.000000 -3.551012039 0.315266907 3.182404995 -0.017265039 -0.990763605 0.071359254 0.114006221
1753297966234500096.000000 -3.558837414 0.310487270 3.157794237 0.022562917 0.991185784 -0.074250370 -0.107371964
1753297966301186816.000000 -3.567639351 0.308754027 3.128935814 0.028028212 0.990953088 -0.081401944 -0.102956966
1753297966367871744.000000 -3.576605797 0.306997180 3.099441767 0.035464276 0.990326643 -0.087590434 -0.101604506
1753297966434557440.000000 -3.581712723 0.305959314 3.068395138 0.042741749 0.989567280 -0.091534592 -0.102719516
1753297966501242624.000000 -3.591886520 0.294751942 3.036325693 0.046800036 0.989415050 -0.093627036 -0.100506358
1753297966601271040.000000 -3.596822739 0.282801867 2.989521027 0.043760415 0.990403891 -0.099993870 -0.084772445
1753297966667956480.000000 -3.599428654 0.280117393 2.960081577 0.039940450 0.991644561 -0.102156393 -0.067897171
1753297966734641664.000000 -3.598746300 0.280980885 2.929480553 -0.038634147 -0.992616415 0.101435207 0.054138515
1753297966801326336.000000 -3.601005554 0.276578367 2.898056746 -0.037330244 -0.993854463 0.093969330 0.045051087
1753297966901354240.000000 -3.595807076 0.270536244 2.858344078 0.034596775 0.995738328 -0.079782985 -0.030707596
1753297966934696960.000000 -3.592010975 0.270617276 2.844130993 0.033151217 0.996049762 -0.078092851 -0.026217217
1753297967001382400.000000 -3.583686590 0.267875254 2.820837975 0.029790374 0.996525347 -0.075609446 -0.018248130
1753297967068067584.000000 -3.573939800 0.266928732 2.794643641 0.026986763 0.997010231 -0.071394436 -0.012046667
1753297967134753280.000000 -3.561054945 0.266353071 2.766976833 0.022942470 0.997498274 -0.066143148 -0.009793471
1753297967201437440.000000 -3.546260595 0.265643150 2.738100052 0.017343683 0.997882247 -0.061776049 -0.010675590
1753297967268122880.000000 -3.527745008 0.265187562 2.711981535 0.009097862 0.997916102 -0.062915750 -0.011058931
1753297967368151040.000000 -3.497687340 0.262765497 2.673317909 0.003264808 -0.997209728 0.073826872 0.010569328
1753297967434836480.000000 -3.481567621 0.261576623 2.645677567 -0.011231742 0.996783912 -0.079014055 -0.007246795
1753297967501522176.000000 -3.458245039 0.258673549 2.621273756 -0.017422477 0.996338248 -0.083623141 -0.003711139
1753297967568207616.000000 -3.443863869 0.252863884 2.592813253 -0.022052031 0.995904088 -0.087683879 0.000544480
1753297967634893056.000000 -3.429010630 0.249322832 2.566893816 -0.022163117 0.995577633 -0.091282561 -0.001220575
1753297967701577728.000000 -3.415959597 0.246912256 2.541035175 -0.021337699 0.995616555 -0.090693228 -0.008196775
1753297967768263168.000000 -3.405324221 0.246441275 2.516592026 -0.021740019 0.995576262 -0.089682557 -0.017674735
1753297967834948864.000000 -3.395280361 0.243764266 2.491719246 -0.022746405 0.995726645 -0.085638352 -0.026023403
1753297967901634304.000000 -3.388627768 0.240901753 2.466576815 -0.021230455 0.996193469 -0.078393139 -0.031660225
1753297967968320000.000000 -3.382420778 0.235522896 2.444395781 -0.015402105 0.996551394 -0.071480207 -0.039227981
1753297968035005440.000000 -3.388211250 0.239594519 2.417554379 0.009816694 -0.996691108 0.067247771 0.044589780
1753297968135032576.000000 -3.387246370 0.238850549 2.381854057 0.005309002 -0.996864736 0.060717307 0.050458208
1753297968201718016.000000 -3.379996061 0.234571740 2.359175682 -0.004016624 0.997176588 -0.053476475 -0.052564707
1753297968268403456.000000 -3.379046202 0.234619230 2.331753731 0.003164446 -0.997588098 0.048563577 0.049494501
1753297968335089152.000000 -3.380125284 0.234285325 2.304589272 -0.000365055 -0.998037696 0.045974053 0.042509783
1753297968368432384.000000 -3.381510019 0.234901011 2.289952993 -0.003073013 -0.998221219 0.045295015 0.038643532
1753297968435119360.000000 -3.386474609 0.234387130 2.259360790 -0.009046603 -0.998524487 0.043692611 0.030951114
1753297968501806336.000000 -3.391549826 0.228617862 2.227270126 -0.015190047 -0.998618901 0.044297885 0.023818949
1753297968568492288.000000 -3.395359039 0.230482176 2.196057320 -0.021193212 -0.998548508 0.046057820 0.018181218
1753297968635179264.000000 -3.398366213 0.227510601 2.162701130 -0.025447922 -0.998499215 0.046556674 0.013574879
1753297968735209472.000000 -3.398741484 0.217554465 2.109173298 0.026922608 0.998670042 -0.043413658 -0.006980443
1753297968801896448.000000 -3.395709038 0.213184237 2.076474428 0.024287231 0.998880684 -0.040589605 -0.000277226
1753297968868583424.000000 -3.396092415 0.208059862 2.044292212 -0.023604145 -0.999182463 0.031924795 -0.007621335
1753297968968614144.000000 -3.388620853 0.204174697 1.998923779 -0.019508772 -0.999459863 0.020551728 -0.016648101
1753297969035300096.000000 -3.382366896 0.200394884 1.973801851 -0.013893538 -0.999471724 0.014329022 -0.025651425
1753297969101987328.000000 -3.372401953 0.197758377 1.950911760 -0.006343125 -0.999106467 0.011319736 -0.040224805
1753297969168674304.000000 -3.360795736 0.194197848 1.929748774 -0.001932167 -0.998407006 0.010726477 -0.055359941
1753297969235361280.000000 -3.350835323 0.191956893 1.908362865 -0.000008577 -0.997698367 0.009162937 -0.067187399
1753297969302048512.000000 -3.339161158 0.191020429 1.887039900 0.001923646 -0.997133672 0.005673060 -0.075423293
1753297969368734720.000000 -3.323524237 0.193826094 1.869542360 -0.003917758 0.996844590 -0.003130423 0.079220369
1753297969435419136.000000 -3.309118748 0.194079399 1.850895882 -0.006493034 0.996697545 -0.002677638 0.080899179
1753297969502104576.000000 -3.294813156 0.189325690 1.835008621 0.009423385 -0.996698558 0.004215056 -0.080532357
1753297969568790016.000000 -3.276492834 0.189815283 1.822032452 0.011850934 -0.996944666 0.008914897 -0.076690391
1753297969635475456.000000 -3.256693125 0.188296065 1.809597731 0.012664918 -0.997165620 0.015673801 -0.072490200
1753297969702160640.000000 -3.236103058 0.184727997 1.797019958 0.013374139 -0.997220695 0.022798406 -0.069658600
1753297969735503104.000000 -3.225345373 0.183477938 1.791731358 0.013887020 -0.997182727 0.026662417 -0.068723306
1753297969802188544.000000 -3.201472044 0.179433852 1.780128717 0.016232330 -0.996890545 0.033511147 -0.069446251
1753297969868872960.000000 -3.178248405 0.175634861 1.769727230 0.015621951 -0.996204376 0.042809796 -0.074162856
1753297969935558144.000000 -3.155727386 0.174877882 1.758211851 0.015370521 -0.995331943 0.047784165 -0.082430601
1753297970002243584.000000 -3.133171558 0.174620330 1.745527744 0.017550731 -0.994220138 0.049606666 -0.093581714
1753297970068928768.000000 -3.109725714 0.173502237 1.731070757 0.023048421 -0.992794037 0.048445784 -0.107152864
1753297970135613952.000000 -3.089584827 0.176356763 1.717691183 -0.026361026 0.991250813 -0.046653710 0.120625280
1753297970202299392.000000 -3.072128296 0.174635261 1.707062244 -0.027013406 0.989693403 -0.044081707 0.133544415
1753297970235642112.000000 -3.064019203 0.173036233 1.703554153 -0.027000707 0.988797247 -0.043378893 0.140247196
1753297970302327040.000000 -3.045365334 0.166615665 1.695306063 0.027291603 -0.986715794 0.042897906 -0.154294863
1753297970369044224.000000 -3.026405334 0.163807184 1.688038826 0.028892897 -0.984197497 0.043634851 -0.169164270
1753297970402464000.000000 -3.016506195 0.162292793 1.684490681 0.030151231 -0.982673049 0.043771472 -0.177563280
1753297970469304064.000000 -2.994774818 0.161047295 1.678058863 0.033270311 -0.978657246 0.043890230 -0.197981834
1753297970536146688.000000 -2.971254349 0.165106982 1.671380281 -0.037511140 0.972662389 -0.045271337 0.224658400
1753297970602991104.000000 -2.947222948 0.164782509 1.660855055 0.040702034 -0.965271354 0.043502465 -0.254366159
1753297970669837824.000000 -2.923565865 0.167202502 1.648939848 -0.041636165 0.957031310 -0.042266481 0.283850580
1753297970703261440.000000 -2.911483765 0.167111516 1.641674757 -0.040812869 0.952769876 -0.041719079 0.298032612
1753297970770109952.000000 -2.885621309 0.167076036 1.625537157 -0.037328836 0.944207132 -0.040334791 0.324734718
1753297970836961280.000000 -2.859861135 0.165058076 1.605740547 -0.030262943 0.936611414 -0.039644778 0.346801996
1753297970903814656.000000 -2.834156275 0.160912573 1.581578255 -0.022141537 0.930151105 -0.036433071 0.364693582
1753297970970669824.000000 -2.805872440 0.154437810 1.557790756 0.015897339 -0.924643934 0.031220321 -0.379217982
1753297971037526784.000000 -2.777209520 0.147882536 1.537569523 0.012188911 -0.919353902 0.031008244 -0.392018199
1753297971070956288.000000 -2.762871742 0.146159142 1.529589176 0.012945024 -0.916584611 0.030422205 -0.398471683
1753297971137816320.000000 -2.733018398 0.144841447 1.519548416 0.015759192 -0.910973251 0.027956935 -0.411215186
1753297971204677632.000000 -2.707798958 0.138769269 1.505096436 0.017588452 -0.903446198 0.027512873 -0.427456170
1753297971238109184.000000 -2.695295095 0.137218997 1.501300812 0.019077180 -0.899921358 0.028147677 -0.434724540
1753297971304974080.000000 -2.671468735 0.135887444 1.495688915 -0.022923145 0.893568993 -0.029366404 0.447377473
1753297971371798272.000000 -2.647934914 0.133511990 1.489225388 -0.025442204 0.887817144 -0.029350895 0.458554208
1753297971438468352.000000 -2.624395370 0.132632554 1.483480930 -0.027448257 0.883328855 -0.028252691 0.467095941
1753297971505138688.000000 -2.600661755 0.132977366 1.476710796 -0.029682515 0.879629076 -0.027199658 0.473953426
1753297971571808256.000000 -2.575286388 0.134428501 1.472747326 -0.032560419 0.876838565 -0.025885470 0.478982329
1753297971671811328.000000 -2.536067724 0.136493385 1.467669725 0.038968094 -0.874647021 0.025829289 -0.482500762
1753297971738480384.000000 -2.509862185 0.137660280 1.472625494 0.040645473 -0.873673737 0.030932315 -0.483823776
1753297971771814656.000000 -2.498755455 0.139641374 1.469473362 0.040904626 -0.872792244 0.033881582 -0.485193312
1753297971838483456.000000 -2.472200632 0.140580803 1.469409704 0.041604526 -0.872044683 0.038593028 -0.486125171
1753297971905151488.000000 -2.445370674 0.140870124 1.467576027 0.040106710 -0.872354448 0.043483920 -0.485281795
1753297971971819520.000000 -2.417888165 0.140229136 1.467113495 -0.036912557 0.873015404 -0.048228234 0.483896285
1753297972038487552.000000 -2.390219450 0.137228906 1.466348886 -0.032036826 0.874231517 -0.051375639 0.481719285
1753297972105154048.000000 -2.362111092 0.133182168 1.465863228 -0.027123399 0.876482010 -0.054060966 0.477620155
1753297972171821312.000000 -2.332691908 0.131132498 1.463445902 -0.023946194 0.880057096 -0.053605743 0.471224606
1753297972238488320.000000 -2.303752899 0.132420570 1.460349321 -0.023475517 0.884329379 -0.050649218 0.463514030
1753297972305154816.000000 -2.275282860 0.133919150 1.459456921 -0.026571708 0.887565911 -0.048011795 0.457400888
1753297972371822592.000000 -2.246336460 0.135422766 1.459280252 -0.031332511 0.888276696 -0.044717770 0.456051707
1753297972438493696.000000 -2.221982241 0.131672695 1.457762480 -0.034587909 0.888162255 -0.038154420 0.456635267
1753297972505164544.000000 -2.199495077 0.130962461 1.454768896 -0.034417149 0.887563288 -0.035023931 0.458061397
1753297972571834368.000000 -2.177629948 0.130390286 1.452513218 0.033774544 -0.884651244 0.034855746 -0.463720411
1753297972638504704.000000 -2.152303457 0.130977243 1.449594259 0.035663113 -0.880468249 0.032664314 -0.471632242
1753297972671840000.000000 -2.138358831 0.131179973 1.452150345 0.038193833 -0.878279507 0.030532682 -0.475640833
1753297972738509568.000000 -2.110167742 0.132403120 1.445774317 0.043451082 -0.871527970 0.025824867 -0.487733603
1753297972805179392.000000 -2.081399202 0.135467261 1.444061756 0.047761500 -0.861111045 0.022691853 -0.505659699
1753297972871848704.000000 -2.053386688 0.137275174 1.441521883 -0.050248172 0.847236574 -0.020224780 0.528447151
1753297972905183488.000000 -2.040359497 0.140178725 1.437983513 0.049586963 -0.839390576 0.019854654 -0.540897906
1753297972938518016.000000 -2.026680470 0.139658630 1.435129404 -0.048019666 0.831743538 -0.019311942 0.552742243
