0.000000 0.000000 0.000000 -0.000000 -0.000000 -0.000000 -0.000000 1.000000
1750711241.298615 37369026.651634 2971251.884211 5333200.488689 -0.029465 -0.907960 -0.125489 -0.398739
1750711241.303615 37369026.651634 2971251.884211 5333200.488689 -0.029465 -0.907960 -0.125489 -0.398739
1750711241.308614 37369026.651634 2971251.884211 5333200.488689 -0.029465 -0.907960 -0.125489 -0.398739
1750711241.313615 37369026.651634 2971251.884211 5333200.488689 -0.029465 -0.907960 -0.125489 -0.398739
1750711241.318614 37369026.651634 2971251.884211 5333200.488689 -0.029465 -0.907960 -0.125489 -0.398739
1750711241.323614 37369026.651634 2971251.884211 5333200.488689 -0.029465 -0.907960 -0.125489 -0.398739
1750711241.328614 37369026.663731 2971251.886281 5333200.486497 -0.029606 -0.909154 -0.127419 -0.395381
1750711241.333614 37369026.663731 2971251.886281 5333200.486497 -0.029606 -0.909154 -0.127419 -0.395381
1750711241.338614 37369026.663731 2971251.886281 5333200.486497 -0.029606 -0.909154 -0.127419 -0.395381
1750711241.343613 37369026.663731 2971251.886281 5333200.486497 -0.029606 -0.909154 -0.127419 -0.395381
1750711241.348614 37369026.663731 2971251.886281 5333200.486497 -0.029606 -0.909154 -0.127419 -0.395381
1750711241.353613 37369026.663731 2971251.886281 5333200.486497 -0.029606 -0.909154 -0.127419 -0.395381
1750711241.358613 37369026.663731 2971251.886281 5333200.486497 -0.029606 -0.909154 -0.127419 -0.395381
1750711241.363613 37369026.663731 2971251.886281 5333200.486497 -0.029606 -0.909154 -0.127419 -0.395381
1750711241.368613 37369026.663731 2971251.886281 5333200.486497 -0.029606 -0.909154 -0.127419 -0.395381
1750711241.373612 37369026.663731 2971251.886281 5333200.486497 -0.029606 -0.909154 -0.127419 -0.395381
1750711241.378612 37369026.663731 2971251.886281 5333200.486497 -0.029606 -0.909154 -0.127419 -0.395381
1750711241.383612 37369026.663731 2971251.886281 5333200.486497 -0.029606 -0.909154 -0.127419 -0.395381
1750711241.388612 37369026.663731 2971251.886281 5333200.486497 -0.029606 -0.909154 -0.127419 -0.395381
1750711241.393612 37369026.663731 2971251.886281 5333200.486497 -0.029606 -0.909154 -0.127419 -0.395381
1750711241.398612 37369026.683407 2971251.885830 5333200.477266 -0.028900 -0.910557 -0.132761 -0.390417
1750711241.403612 37369026.683407 2971251.885830 5333200.477266 -0.028900 -0.910557 -0.132761 -0.390417
1750711241.408611 37369026.683407 2971251.885830 5333200.477266 -0.028900 -0.910557 -0.132761 -0.390417
1750711241.413611 37369026.683407 2971251.885830 5333200.477266 -0.028900 -0.910557 -0.132761 -0.390417
1750711241.418610 37369026.683407 2971251.885830 5333200.477266 -0.028900 -0.910557 -0.132761 -0.390417
1750711241.423611 37369026.683407 2971251.885830 5333200.477266 -0.028900 -0.910557 -0.132761 -0.390417
1750711241.428610 37369026.697427 2971251.909036 5333200.474471 -0.029666 -0.911383 -0.139441 -0.386078
1750711241.433610 37369026.697427 2971251.909036 5333200.474471 -0.029666 -0.911383 -0.139441 -0.386078
1750711241.438617 37369026.697427 2971251.909036 5333200.474471 -0.029666 -0.911383 -0.139441 -0.386078
1750711241.443623 37369026.697427 2971251.909036 5333200.474471 -0.029666 -0.911383 -0.139441 -0.386078
1750711241.448630 37369026.697427 2971251.909036 5333200.474471 -0.029666 -0.911383 -0.139441 -0.386078
1750711241.453636 37369026.697427 2971251.909036 5333200.474471 -0.029666 -0.911383 -0.139441 -0.386078
1750711241.458643 37369026.697427 2971251.909036 5333200.474471 -0.029666 -0.911383 -0.139441 -0.386078
1750711241.463649 37369026.697427 2971251.909036 5333200.474471 -0.029666 -0.911383 -0.139441 -0.386078
1750711241.468656 37369026.697427 2971251.909036 5333200.474471 -0.029666 -0.911383 -0.139441 -0.386078
1750711241.473663 37369026.697427 2971251.909036 5333200.474471 -0.029666 -0.911383 -0.139441 -0.386078
1750711241.478668 37369026.697427 2971251.909036 5333200.474471 -0.029666 -0.911383 -0.139441 -0.386078
1750711241.483676 37369026.697427 2971251.909036 5333200.474471 -0.029666 -0.911383 -0.139441 -0.386078
1750711241.488682 37369026.697427 2971251.909036 5333200.474471 -0.029666 -0.911383 -0.139441 -0.386078
1750711241.493689 37369026.697427 2971251.909036 5333200.474471 -0.029666 -0.911383 -0.139441 -0.386078
1750711241.498695 37369026.717201 2971251.911448 5333200.466642 -0.028034 -0.913608 -0.143877 -0.379253
1750711241.503702 37369026.717201 2971251.911448 5333200.466642 -0.028034 -0.913608 -0.143877 -0.379253
1750711241.508708 37369026.717201 2971251.911448 5333200.466642 -0.028034 -0.913608 -0.143877 -0.379253
1750711241.513715 37369026.717201 2971251.911448 5333200.466642 -0.028034 -0.913608 -0.143877 -0.379253
1750711241.518722 37369026.717201 2971251.911448 5333200.466642 -0.028034 -0.913608 -0.143877 -0.379253
1750711241.523728 37369026.717201 2971251.911448 5333200.466642 -0.028034 -0.913608 -0.143877 -0.379253
1750711241.528735 37369026.717201 2971251.911448 5333200.466642 -0.028034 -0.913608 -0.143877 -0.379253
1750711241.533741 37369026.717201 2971251.911448 5333200.466642 -0.028034 -0.913608 -0.143877 -0.379253
1750711241.538749 37369026.717201 2971251.911448 5333200.466642 -0.028034 -0.913608 -0.143877 -0.379253
1750711241.543755 37369026.717201 2971251.911448 5333200.466642 -0.028034 -0.913608 -0.143877 -0.379253
1750711241.548762 37369026.717201 2971251.911448 5333200.466642 -0.028034 -0.913608 -0.143877 -0.379253
1750711241.553768 37369026.717201 2971251.911448 5333200.466642 -0.028034 -0.913608 -0.143877 -0.379253
1750711241.558775 37369026.717201 2971251.911448 5333200.466642 -0.028034 -0.913608 -0.143877 -0.379253
1750711241.563782 37369026.738161 2971251.911955 5333200.457771 -0.027169 -0.916077 -0.148979 -0.371308
1750711241.568788 37369026.738161 2971251.911955 5333200.457771 -0.027169 -0.916077 -0.148979 -0.371308
1750711241.573795 37369026.738161 2971251.911955 5333200.457771 -0.027169 -0.916077 -0.148979 -0.371308
1750711241.578801 37369026.738161 2971251.911955 5333200.457771 -0.027169 -0.916077 -0.148979 -0.371308
1750711241.583809 37369026.738161 2971251.911955 5333200.457771 -0.027169 -0.916077 -0.148979 -0.371308
1750711241.588815 37369026.738161 2971251.911955 5333200.457771 -0.027169 -0.916077 -0.148979 -0.371308
1750711241.593822 37369026.738161 2971251.911955 5333200.457771 -0.027169 -0.916077 -0.148979 -0.371308
1750711241.598829 37369026.745752 2971251.906962 5333200.449870 -0.026236 -0.916888 -0.151351 -0.368403
1750711241.603836 37369026.745752 2971251.906962 5333200.449870 -0.026236 -0.916888 -0.151351 -0.368403
1750711241.608842 37369026.745752 2971251.906962 5333200.449870 -0.026236 -0.916888 -0.151351 -0.368403
1750711241.613849 37369026.745752 2971251.906962 5333200.449870 -0.026236 -0.916888 -0.151351 -0.368403
1750711241.618857 37369026.745752 2971251.906962 5333200.449870 -0.026236 -0.916888 -0.151351 -0.368403
1750711241.623863 37369026.745752 2971251.906962 5333200.449870 -0.026236 -0.916888 -0.151351 -0.368403
1750711241.628870 37369026.745752 2971251.906962 5333200.449870 -0.026236 -0.916888 -0.151351 -0.368403
1750711241.633877 37369026.745752 2971251.906962 5333200.449870 -0.026236 -0.916888 -0.151351 -0.368403
1750711241.638884 37369026.745752 2971251.906962 5333200.449870 -0.026236 -0.916888 -0.151351 -0.368403
1750711241.643890 37369026.745752 2971251.906962 5333200.449870 -0.026236 -0.916888 -0.151351 -0.368403
1750711241.648898 37369026.745752 2971251.906962 5333200.449870 -0.026236 -0.916888 -0.151351 -0.368403
1750711241.653905 37369026.745752 2971251.906962 5333200.449870 -0.026236 -0.916888 -0.151351 -0.368403
1750711241.658912 37369026.745752 2971251.906962 5333200.449870 -0.026236 -0.916888 -0.151351 -0.368403
1750711241.663919 37369026.763506 2971251.906041 5333200.437903 -0.024986 -0.918651 -0.154831 -0.362606
1750711241.668925 37369026.763506 2971251.906041 5333200.437903 -0.024986 -0.918651 -0.154831 -0.362606
1750711241.673933 37369026.763506 2971251.906041 5333200.437903 -0.024986 -0.918651 -0.154831 -0.362606
1750711241.678939 37369026.763506 2971251.906041 5333200.437903 -0.024986 -0.918651 -0.154831 -0.362606
1750711241.683947 37369026.763506 2971251.906041 5333200.437903 -0.024986 -0.918651 -0.154831 -0.362606
1750711241.688953 37369026.763506 2971251.906041 5333200.437903 -0.024986 -0.918651 -0.154831 -0.362606
1750711241.693961 37369026.763506 2971251.906041 5333200.437903 -0.024986 -0.918651 -0.154831 -0.362606
1750711241.698968 37369026.763506 2971251.906041 5333200.437903 -0.024986 -0.918651 -0.154831 -0.362606
1750711241.703975 37369026.763506 2971251.906041 5333200.437903 -0.024986 -0.918651 -0.154831 -0.362606
1750711241.708982 37369026.763506 2971251.906041 5333200.437903 -0.024986 -0.918651 -0.154831 -0.362606
1750711241.713989 37369026.763506 2971251.906041 5333200.437903 -0.024986 -0.918651 -0.154831 -0.362606
1750711241.718996 37369026.763506 2971251.906041 5333200.437903 -0.024986 -0.918651 -0.154831 -0.362606
1750711241.724003 37369026.763506 2971251.906041 5333200.437903 -0.024986 -0.918651 -0.154831 -0.362606
1750711241.729010 37369026.782849 2971251.900939 5333200.425052 -0.024241 -0.919764 -0.155870 -0.359376
1750711241.734017 37369026.782849 2971251.900939 5333200.425052 -0.024241 -0.919764 -0.155870 -0.359376
1750711241.739024 37369026.782849 2971251.900939 5333200.425052 -0.024241 -0.919764 -0.155870 -0.359376
1750711241.744031 37369026.782849 2971251.900939 5333200.425052 -0.024241 -0.919764 -0.155870 -0.359376
1750711241.749039 37369026.782849 2971251.900939 5333200.425052 -0.024241 -0.919764 -0.155870 -0.359376
1750711241.754046 37369026.782849 2971251.900939 5333200.425052 -0.024241 -0.919764 -0.155870 -0.359376
1750711241.759053 37369026.782849 2971251.900939 5333200.425052 -0.024241 -0.919764 -0.155870 -0.359376
1750711241.764061 37369026.782849 2971251.900939 5333200.425052 -0.024241 -0.919764 -0.155870 -0.359376
1750711241.769067 37369026.782849 2971251.900939 5333200.425052 -0.024241 -0.919764 -0.155870 -0.359376
1750711241.774075 37369026.782849 2971251.900939 5333200.425052 -0.024241 -0.919764 -0.155870 -0.359376
1750711241.779081 37369026.782849 2971251.900939 5333200.425052 -0.024241 -0.919764 -0.155870 -0.359376
1750711241.784089 37369026.782849 2971251.900939 5333200.425052 -0.024241 -0.919764 -0.155870 -0.359376
1750711241.789096 37369026.782849 2971251.900939 5333200.425052 -0.024241 -0.919764 -0.155870 -0.359376
1750711241.794104 37369026.782849 2971251.900939 5333200.425052 -0.024241 -0.919764 -0.155870 -0.359376
1750711241.799111 37369026.802083 2971251.899627 5333200.409420 -0.023240 -0.920060 -0.154691 -0.359193
1750711241.804118 37369026.802083 2971251.899627 5333200.409420 -0.023240 -0.920060 -0.154691 -0.359193
1750711241.809125 37369026.802083 2971251.899627 5333200.409420 -0.023240 -0.920060 -0.154691 -0.359193
1750711241.814132 37369026.802083 2971251.899627 5333200.409420 -0.023240 -0.920060 -0.154691 -0.359193
1750711241.819140 37369026.802083 2971251.899627 5333200.409420 -0.023240 -0.920060 -0.154691 -0.359193
1750711241.824147 37369026.802083 2971251.899627 5333200.409420 -0.023240 -0.920060 -0.154691 -0.359193
1750711241.829154 37369026.802083 2971251.899627 5333200.409420 -0.023240 -0.920060 -0.154691 -0.359193
1750711241.834162 37369026.802083 2971251.899627 5333200.409420 -0.023240 -0.920060 -0.154691 -0.359193
1750711241.839169 37369026.802083 2971251.899627 5333200.409420 -0.023240 -0.920060 -0.154691 -0.359193
1750711241.844177 37369026.802083 2971251.899627 5333200.409420 -0.023240 -0.920060 -0.154691 -0.359193
1750711241.849184 37369026.802083 2971251.899627 5333200.409420 -0.023240 -0.920060 -0.154691 -0.359193
1750711241.854192 37369026.802083 2971251.899627 5333200.409420 -0.023240 -0.920060 -0.154691 -0.359193
1750711241.859199 37369026.802083 2971251.899627 5333200.409420 -0.023240 -0.920060 -0.154691 -0.359193
1750711241.864206 37369026.813839 2971251.903939 5333200.386129 -0.022634 -0.918388 -0.152075 -0.364587
1750711241.869215 37369026.813839 2971251.903939 5333200.386129 -0.022634 -0.918388 -0.152075 -0.364587
1750711241.874221 37369026.813839 2971251.903939 5333200.386129 -0.022634 -0.918388 -0.152075 -0.364587
1750711241.879229 37369026.813839 2971251.903939 5333200.386129 -0.022634 -0.918388 -0.152075 -0.364587
1750711241.884236 37369026.813839 2971251.903939 5333200.386129 -0.022634 -0.918388 -0.152075 -0.364587
1750711241.889244 37369026.813839 2971251.903939 5333200.386129 -0.022634 -0.918388 -0.152075 -0.364587
1750711241.894251 37369026.813839 2971251.903939 5333200.386129 -0.022634 -0.918388 -0.152075 -0.364587
1750711241.899259 37369026.813839 2971251.903939 5333200.386129 -0.022634 -0.918388 -0.152075 -0.364587
1750711241.904266 37369026.813839 2971251.903939 5333200.386129 -0.022634 -0.918388 -0.152075 -0.364587
1750711241.909274 37369026.813839 2971251.903939 5333200.386129 -0.022634 -0.918388 -0.152075 -0.364587
1750711241.914280 37369026.813839 2971251.903939 5333200.386129 -0.022634 -0.918388 -0.152075 -0.364587
1750711241.919289 37369026.813839 2971251.903939 5333200.386129 -0.022634 -0.918388 -0.152075 -0.364587
1750711241.924297 37369026.813839 2971251.903939 5333200.386129 -0.022634 -0.918388 -0.152075 -0.364587
1750711241.929304 37369026.832533 2971251.904714 5333200.369195 -0.022687 -0.915338 -0.148080 -0.373784
1750711241.934311 37369026.832533 2971251.904714 5333200.369195 -0.022687 -0.915338 -0.148080 -0.373784
1750711241.939318 37369026.832533 2971251.904714 5333200.369195 -0.022687 -0.915338 -0.148080 -0.373784
1750711241.944327 37369026.832533 2971251.904714 5333200.369195 -0.022687 -0.915338 -0.148080 -0.373784
1750711241.949334 37369026.832533 2971251.904714 5333200.369195 -0.022687 -0.915338 -0.148080 -0.373784
1750711241.954342 37369026.832533 2971251.904714 5333200.369195 -0.022687 -0.915338 -0.148080 -0.373784
1750711241.959350 37369026.832533 2971251.904714 5333200.369195 -0.022687 -0.915338 -0.148080 -0.373784
1750711241.964357 37369026.832533 2971251.904714 5333200.369195 -0.022687 -0.915338 -0.148080 -0.373784
1750711241.969365 37369026.832533 2971251.904714 5333200.369195 -0.022687 -0.915338 -0.148080 -0.373784
1750711241.974372 37369026.832533 2971251.904714 5333200.369195 -0.022687 -0.915338 -0.148080 -0.373784
1750711241.979380 37369026.832533 2971251.904714 5333200.369195 -0.022687 -0.915338 -0.148080 -0.373784
1750711241.984387 37369026.832533 2971251.904714 5333200.369195 -0.022687 -0.915338 -0.148080 -0.373784
1750711241.989395 37369026.832533 2971251.904714 5333200.369195 -0.022687 -0.915338 -0.148080 -0.373784
1750711241.994403 37369026.832533 2971251.904714 5333200.369195 -0.022687 -0.915338 -0.148080 -0.373784
1750711241.999411 37369026.849624 2971251.933266 5333200.348979 -0.023526 -0.910260 -0.153246 -0.383911
1750711242.004419 37369026.849624 2971251.933266 5333200.348979 -0.023526 -0.910260 -0.153246 -0.383911
1750711242.009426 37369026.849624 2971251.933266 5333200.348979 -0.023526 -0.910260 -0.153246 -0.383911
1750711242.014434 37369026.849624 2971251.933266 5333200.348979 -0.023526 -0.910260 -0.153246 -0.383911
1750711242.019441 37369026.849624 2971251.933266 5333200.348979 -0.023526 -0.910260 -0.153246 -0.383911
1750711242.024450 37369026.849624 2971251.933266 5333200.348979 -0.023526 -0.910260 -0.153246 -0.383911
1750711242.029457 37369026.849624 2971251.933266 5333200.348979 -0.023526 -0.910260 -0.153246 -0.383911
1750711242.034465 37369026.849624 2971251.933266 5333200.348979 -0.023526 -0.910260 -0.153246 -0.383911
1750711242.039472 37369026.849624 2971251.933266 5333200.348979 -0.023526 -0.910260 -0.153246 -0.383911
1750711242.044481 37369026.849624 2971251.933266 5333200.348979 -0.023526 -0.910260 -0.153246 -0.383911
1750711242.049489 37369026.849624 2971251.933266 5333200.348979 -0.023526 -0.910260 -0.153246 -0.383911
1750711242.054496 37369026.849624 2971251.933266 5333200.348979 -0.023526 -0.910260 -0.153246 -0.383911
1750711242.059505 37369026.849624 2971251.933266 5333200.348979 -0.023526 -0.910260 -0.153246 -0.383911
1750711242.064512 37369026.867513 2971251.934002 5333200.329892 -0.022771 -0.906345 -0.151806 -0.393668
1750711242.069520 37369026.867513 2971251.934002 5333200.329892 -0.022771 -0.906345 -0.151806 -0.393668
1750711242.074528 37369026.867513 2971251.934002 5333200.329892 -0.022771 -0.906345 -0.151806 -0.393668
1750711242.079536 37369026.867513 2971251.934002 5333200.329892 -0.022771 -0.906345 -0.151806 -0.393668
1750711242.084543 37369026.867513 2971251.934002 5333200.329892 -0.022771 -0.906345 -0.151806 -0.393668
1750711242.089552 37369026.867513 2971251.934002 5333200.329892 -0.022771 -0.906345 -0.151806 -0.393668
1750711242.094560 37369026.867513 2971251.934002 5333200.329892 -0.022771 -0.906345 -0.151806 -0.393668
1750711242.099567 37369026.867513 2971251.934002 5333200.329892 -0.022771 -0.906345 -0.151806 -0.393668
1750711242.104576 37369026.867513 2971251.934002 5333200.329892 -0.022771 -0.906345 -0.151806 -0.393668
1750711242.109583 37369026.867513 2971251.934002 5333200.329892 -0.022771 -0.906345 -0.151806 -0.393668
1750711242.114592 37369026.867513 2971251.934002 5333200.329892 -0.022771 -0.906345 -0.151806 -0.393668
1750711242.119599 37369026.867513 2971251.934002 5333200.329892 -0.022771 -0.906345 -0.151806 -0.393668
1750711242.124608 37369026.867513 2971251.934002 5333200.329892 -0.022771 -0.906345 -0.151806 -0.393668
1750711242.129615 37369026.888833 2971251.926904 5333200.310393 -0.022000 -0.903269 -0.150493 -0.401215
1750711242.134623 37369026.888833 2971251.926904 5333200.310393 -0.022000 -0.903269 -0.150493 -0.401215
1750711242.139632 37369026.888833 2971251.926904 5333200.310393 -0.022000 -0.903269 -0.150493 -0.401215
1750711242.144639 37369026.888833 2971251.926904 5333200.310393 -0.022000 -0.903269 -0.150493 -0.401215
1750711242.149648 37369026.888833 2971251.926904 5333200.310393 -0.022000 -0.903269 -0.150493 -0.401215
1750711242.154655 37369026.888833 2971251.926904 5333200.310393 -0.022000 -0.903269 -0.150493 -0.401215
1750711242.159664 37369026.888833 2971251.926904 5333200.310393 -0.022000 -0.903269 -0.150493 -0.401215
1750711242.164671 37369026.888833 2971251.926904 5333200.310393 -0.022000 -0.903269 -0.150493 -0.401215
1750711242.169680 37369026.888833 2971251.926904 5333200.310393 -0.022000 -0.903269 -0.150493 -0.401215
1750711242.174689 37369026.888833 2971251.926904 5333200.310393 -0.022000 -0.903269 -0.150493 -0.401215
1750711242.179696 37369026.888833 2971251.926904 5333200.310393 -0.022000 -0.903269 -0.150493 -0.401215
1750711242.184705 37369026.888833 2971251.926904 5333200.310393 -0.022000 -0.903269 -0.150493 -0.401215
1750711242.189712 37369026.888833 2971251.926904 5333200.310393 -0.022000 -0.903269 -0.150493 -0.401215
1750711242.194721 37369026.888833 2971251.926904 5333200.310393 -0.022000 -0.903269 -0.150493 -0.401215
1750711242.199728 37369026.888833 2971251.926904 5333200.310393 -0.022000 -0.903269 -0.150493 -0.401215
1750711242.204737 37369026.888833 2971251.926904 5333200.310393 -0.022000 -0.903269 -0.150493 -0.401215
1750711242.209745 37369026.888833 2971251.926904 5333200.310393 -0.022000 -0.903269 -0.150493 -0.401215
1750711242.214753 37369026.888833 2971251.926904 5333200.310393 -0.022000 -0.903269 -0.150493 -0.401215
1750711242.219762 37369026.888833 2971251.926904 5333200.310393 -0.022000 -0.903269 -0.150493 -0.401215
1750711242.224770 37369026.888833 2971251.926904 5333200.310393 -0.022000 -0.903269 -0.150493 -0.401215
1750711242.229779 37369026.912737 2971251.918281 5333200.276417 -0.022842 -0.898529 -0.150780 -0.411570
1750711242.234786 37369026.912737 2971251.918281 5333200.276417 -0.022842 -0.898529 -0.150780 -0.411570
1750711242.239795 37369026.912737 2971251.918281 5333200.276417 -0.022842 -0.898529 -0.150780 -0.411570
1750711242.244802 37369026.912737 2971251.918281 5333200.276417 -0.022842 -0.898529 -0.150780 -0.411570
1750711242.249811 37369026.912737 2971251.918281 5333200.276417 -0.022842 -0.898529 -0.150780 -0.411570
1750711242.254820 37369026.912737 2971251.918281 5333200.276417 -0.022842 -0.898529 -0.150780 -0.411570
1750711242.259828 37369026.912737 2971251.918281 5333200.276417 -0.022842 -0.898529 -0.150780 -0.411570
1750711242.264836 37369026.912737 2971251.918281 5333200.276417 -0.022842 -0.898529 -0.150780 -0.411570
1750711242.269844 37369026.912737 2971251.918281 5333200.276417 -0.022842 -0.898529 -0.150780 -0.411570
1750711242.274853 37369026.912737 2971251.918281 5333200.276417 -0.022842 -0.898529 -0.150780 -0.411570
1750711242.279860 37369026.912737 2971251.918281 5333200.276417 -0.022842 -0.898529 -0.150780 -0.411570
1750711242.284869 37369026.912737 2971251.918281 5333200.276417 -0.022842 -0.898529 -0.150780 -0.411570
1750711242.289877 37369026.912737 2971251.918281 5333200.276417 -0.022842 -0.898529 -0.150780 -0.411570
1750711242.294886 37369026.912737 2971251.918281 5333200.276417 -0.022842 -0.898529 -0.150780 -0.411570
1750711242.299894 37369026.937982 2971251.867228 5333200.255056 -0.020785 -0.897623 -0.137660 -0.418199
1750711242.304903 37369026.937982 2971251.867228 5333200.255056 -0.020785 -0.897623 -0.137660 -0.418199
1750711242.309911 37369026.937982 2971251.867228 5333200.255056 -0.020785 -0.897623 -0.137660 -0.418199
1750711242.314919 37369026.937982 2971251.867228 5333200.255056 -0.020785 -0.897623 -0.137660 -0.418199
1750711242.319929 37369026.937982 2971251.867228 5333200.255056 -0.020785 -0.897623 -0.137660 -0.418199
1750711242.324936 37369026.937982 2971251.867228 5333200.255056 -0.020785 -0.897623 -0.137660 -0.418199
1750711242.329945 37369026.937982 2971251.867228 5333200.255056 -0.020785 -0.897623 -0.137660 -0.418199
1750711242.334953 37369026.937982 2971251.867228 5333200.255056 -0.020785 -0.897623 -0.137660 -0.418199
1750711242.339962 37369026.937982 2971251.867228 5333200.255056 -0.020785 -0.897623 -0.137660 -0.418199
1750711242.344970 37369026.937982 2971251.867228 5333200.255056 -0.020785 -0.897623 -0.137660 -0.418199
1750711242.349979 37369026.937982 2971251.867228 5333200.255056 -0.020785 -0.897623 -0.137660 -0.418199
1750711242.354987 37369026.937982 2971251.867228 5333200.255056 -0.020785 -0.897623 -0.137660 -0.418199
1750711242.359996 37369026.937982 2971251.867228 5333200.255056 -0.020785 -0.897623 -0.137660 -0.418199
1750711242.365005 37369026.953712 2971251.868325 5333200.230650 -0.022258 -0.895135 -0.136518 -0.423792
1750711242.370013 37369026.953712 2971251.868325 5333200.230650 -0.022258 -0.895135 -0.136518 -0.423792
1750711242.375022 37369026.953712 2971251.868325 5333200.230650 -0.022258 -0.895135 -0.136518 -0.423792
1750711242.380030 37369026.953712 2971251.868325 5333200.230650 -0.022258 -0.895135 -0.136518 -0.423792
1750711242.385039 37369026.953712 2971251.868325 5333200.230650 -0.022258 -0.895135 -0.136518 -0.423792
1750711242.390047 37369026.953712 2971251.868325 5333200.230650 -0.022258 -0.895135 -0.136518 -0.423792
1750711242.395056 37369026.953712 2971251.868325 5333200.230650 -0.022258 -0.895135 -0.136518 -0.423792
1750711242.400065 37369026.953712 2971251.868325 5333200.230650 -0.022258 -0.895135 -0.136518 -0.423792
1750711242.405073 37369026.953712 2971251.868325 5333200.230650 -0.022258 -0.895135 -0.136518 -0.423792
1750711242.410082 37369026.953712 2971251.868325 5333200.230650 -0.022258 -0.895135 -0.136518 -0.423792
1750711242.415090 37369026.953712 2971251.868325 5333200.230650 -0.022258 -0.895135 -0.136518 -0.423792
1750711242.420099 37369026.953712 2971251.868325 5333200.230650 -0.022258 -0.895135 -0.136518 -0.423792
1750711242.425107 37369026.953712 2971251.868325 5333200.230650 -0.022258 -0.895135 -0.136518 -0.423792
1750711242.430117 37369026.953712 2971251.868325 5333200.230650 -0.022258 -0.895135 -0.136518 -0.423792
1750711242.435124 37369026.953712 2971251.868325 5333200.230650 -0.022258 -0.895135 -0.136518 -0.423792
1750711242.440126 37369026.953712 2971251.868325 5333200.230650 -0.022258 -0.895135 -0.136518 -0.423792
1750711242.445128 37369026.953712 2971251.868325 5333200.230650 -0.022258 -0.895135 -0.136518 -0.423792
1750711242.450128 37369026.953712 2971251.868325 5333200.230650 -0.022258 -0.895135 -0.136518 -0.423792
1750711242.455130 37369026.953712 2971251.868325 5333200.230650 -0.022258 -0.895135 -0.136518 -0.423792
1750711242.460130 37369026.953712 2971251.868325 5333200.230650 -0.022258 -0.895135 -0.136518 -0.423792
1750711242.465132 37369026.984455 2971251.859165 5333200.201700 -0.023304 -0.890949 -0.130543 -0.434311
1750711242.470133 37369026.984455 2971251.859165 5333200.201700 -0.023304 -0.890949 -0.130543 -0.434311
1750711242.475134 37369026.984455 2971251.859165 5333200.201700 -0.023304 -0.890949 -0.130543 -0.434311
1750711242.480136 37369026.984455 2971251.859165 5333200.201700 -0.023304 -0.890949 -0.130543 -0.434311
1750711242.485137 37369026.984455 2971251.859165 5333200.201700 -0.023304 -0.890949 -0.130543 -0.434311
1750711242.490139 37369026.984455 2971251.859165 5333200.201700 -0.023304 -0.890949 -0.130543 -0.434311
1750711242.495139 37369026.984455 2971251.859165 5333200.201700 -0.023304 -0.890949 -0.130543 -0.434311
1750711242.500141 37369026.984455 2971251.859165 5333200.201700 -0.023304 -0.890949 -0.130543 -0.434311
1750711242.505141 37369026.984455 2971251.859165 5333200.201700 -0.023304 -0.890949 -0.130543 -0.434311
1750711242.510143 37369026.984455 2971251.859165 5333200.201700 -0.023304 -0.890949 -0.130543 -0.434311
1750711242.515144 37369026.984455 2971251.859165 5333200.201700 -0.023304 -0.890949 -0.130543 -0.434311
1750711242.520145 37369026.984455 2971251.859165 5333200.201700 -0.023304 -0.890949 -0.130543 -0.434311
1750711242.525146 37369026.984455 2971251.859165 5333200.201700 -0.023304 -0.890949 -0.130543 -0.434311
1750711242.530148 37369027.002816 2971251.854961 5333200.182293 -0.023370 -0.887845 -0.127324 -0.441558
1750711242.535150 37369027.002816 2971251.854961 5333200.182293 -0.023370 -0.887845 -0.127324 -0.441558
1750711242.540150 37369027.002816 2971251.854961 5333200.182293 -0.023370 -0.887845 -0.127324 -0.441558
1750711242.545152 37369027.002816 2971251.854961 5333200.182293 -0.023370 -0.887845 -0.127324 -0.441558
1750711242.550153 37369027.002816 2971251.854961 5333200.182293 -0.023370 -0.887845 -0.127324 -0.441558
1750711242.555154 37369027.002816 2971251.854961 5333200.182293 -0.023370 -0.887845 -0.127324 -0.441558
1750711242.560155 37369027.002816 2971251.854961 5333200.182293 -0.023370 -0.887845 -0.127324 -0.441558
1750711242.565157 37369027.002816 2971251.854961 5333200.182293 -0.023370 -0.887845 -0.127324 -0.441558
1750711242.570158 37369027.002816 2971251.854961 5333200.182293 -0.023370 -0.887845 -0.127324 -0.441558
1750711242.575159 37369027.002816 2971251.854961 5333200.182293 -0.023370 -0.887845 -0.127324 -0.441558
1750711242.580161 37369027.002816 2971251.854961 5333200.182293 -0.023370 -0.887845 -0.127324 -0.441558
1750711242.585161 37369027.002816 2971251.854961 5333200.182293 -0.023370 -0.887845 -0.127324 -0.441558
1750711242.590163 37369027.002816 2971251.854961 5333200.182293 -0.023370 -0.887845 -0.127324 -0.441558
1750711242.595164 37369027.002816 2971251.854961 5333200.182293 -0.023370 -0.887845 -0.127324 -0.441558
1750711242.596698 37369027.009771 2971251.867750 5333200.157615 -0.023808 -0.884650 -0.128226 -0.447644
1750711242.600165 37369027.009771 2971251.867750 5333200.157615 -0.023808 -0.884650 -0.128226 -0.447644
1750711242.605166 37369027.009771 2971251.867750 5333200.157615 -0.023808 -0.884650 -0.128226 -0.447644
1750711242.610168 37369027.009771 2971251.867750 5333200.157615 -0.023808 -0.884650 -0.128226 -0.447644
1750711242.615168 37369027.009771 2971251.867750 5333200.157615 -0.023808 -0.884650 -0.128226 -0.447644
1750711242.620170 37369027.009771 2971251.867750 5333200.157615 -0.023808 -0.884650 -0.128226 -0.447644
1750711242.625171 37369027.009771 2971251.867750 5333200.157615 -0.023808 -0.884650 -0.128226 -0.447644
1750711242.630172 37369027.009771 2971251.867750 5333200.157615 -0.023808 -0.884650 -0.128226 -0.447644
1750711242.635174 37369027.009771 2971251.867750 5333200.157615 -0.023808 -0.884650 -0.128226 -0.447644
1750711242.640175 37369027.009771 2971251.867750 5333200.157615 -0.023808 -0.884650 -0.128226 -0.447644
1750711242.645176 37369027.009771 2971251.867750 5333200.157615 -0.023808 -0.884650 -0.128226 -0.447644
1750711242.650177 37369027.009771 2971251.867750 5333200.157615 -0.023808 -0.884650 -0.128226 -0.447644
1750711242.655179 37369027.009771 2971251.867750 5333200.157615 -0.023808 -0.884650 -0.128226 -0.447644
1750711242.660180 37369027.009771 2971251.867750 5333200.157615 -0.023808 -0.884650 -0.128226 -0.447644
1750711242.665181 37369027.025070 2971251.865981 5333200.137253 -0.022208 -0.883350 -0.123098 -0.451715
1750711242.670182 37369027.025070 2971251.865981 5333200.137253 -0.022208 -0.883350 -0.123098 -0.451715
1750711242.675183 37369027.025070 2971251.865981 5333200.137253 -0.022208 -0.883350 -0.123098 -0.451715
1750711242.680185 37369027.025070 2971251.865981 5333200.137253 -0.022208 -0.883350 -0.123098 -0.451715
1750711242.685185 37369027.025070 2971251.865981 5333200.137253 -0.022208 -0.883350 -0.123098 -0.451715
1750711242.690187 37369027.025070 2971251.865981 5333200.137253 -0.022208 -0.883350 -0.123098 -0.451715
1750711242.695189 37369027.025070 2971251.865981 5333200.137253 -0.022208 -0.883350 -0.123098 -0.451715
1750711242.700189 37369027.031522 2971251.864811 5333200.127636 -0.020768 -0.882912 -0.121760 -0.453001
1750711242.705191 37369027.031522 2971251.864811 5333200.127636 -0.020768 -0.882912 -0.121760 -0.453001
1750711242.710192 37369027.031522 2971251.864811 5333200.127636 -0.020768 -0.882912 -0.121760 -0.453001
1750711242.715193 37369027.031522 2971251.864811 5333200.127636 -0.020768 -0.882912 -0.121760 -0.453001
1750711242.720194 37369027.031522 2971251.864811 5333200.127636 -0.020768 -0.882912 -0.121760 -0.453001
1750711242.725196 37369027.031522 2971251.864811 5333200.127636 -0.020768 -0.882912 -0.121760 -0.453001
1750711242.730196 37369027.031522 2971251.864811 5333200.127636 -0.020768 -0.882912 -0.121760 -0.453001
1750711242.735198 37369027.031522 2971251.864811 5333200.127636 -0.020768 -0.882912 -0.121760 -0.453001
1750711242.740200 37369027.031522 2971251.864811 5333200.127636 -0.020768 -0.882912 -0.121760 -0.453001
1750711242.745200 37369027.031522 2971251.864811 5333200.127636 -0.020768 -0.882912 -0.121760 -0.453001
1750711242.750202 37369027.031522 2971251.864811 5333200.127636 -0.020768 -0.882912 -0.121760 -0.453001
1750711242.755203 37369027.031522 2971251.864811 5333200.127636 -0.020768 -0.882912 -0.121760 -0.453001
1750711242.760204 37369027.031522 2971251.864811 5333200.127636 -0.020768 -0.882912 -0.121760 -0.453001
1750711242.765205 37369027.047867 2971251.859554 5333200.111986 -0.018580 -0.882908 -0.118530 -0.453958
1750711242.770207 37369027.047867 2971251.859554 5333200.111986 -0.018580 -0.882908 -0.118530 -0.453958
1750711242.775207 37369027.047867 2971251.859554 5333200.111986 -0.018580 -0.882908 -0.118530 -0.453958
1750711242.780209 37369027.047867 2971251.859554 5333200.111986 -0.018580 -0.882908 -0.118530 -0.453958
1750711242.785211 37369027.047867 2971251.859554 5333200.111986 -0.018580 -0.882908 -0.118530 -0.453958
1750711242.790211 37369027.047867 2971251.859554 5333200.111986 -0.018580 -0.882908 -0.118530 -0.453958
1750711242.795213 37369027.047867 2971251.859554 5333200.111986 -0.018580 -0.882908 -0.118530 -0.453958
1750711242.800214 37369027.047867 2971251.859554 5333200.111986 -0.018580 -0.882908 -0.118530 -0.453958
1750711242.805215 37369027.047867 2971251.859554 5333200.111986 -0.018580 -0.882908 -0.118530 -0.453958
1750711242.810216 37369027.047867 2971251.859554 5333200.111986 -0.018580 -0.882908 -0.118530 -0.453958
1750711242.815218 37369027.047867 2971251.859554 5333200.111986 -0.018580 -0.882908 -0.118530 -0.453958
1750711242.820218 37369027.047867 2971251.859554 5333200.111986 -0.018580 -0.882908 -0.118530 -0.453958
1750711242.825220 37369027.047867 2971251.859554 5333200.111986 -0.018580 -0.882908 -0.118530 -0.453958
1750711242.830221 37369027.058542 2971251.866332 5333200.096113 -0.018528 -0.881777 -0.119332 -0.455945
1750711242.835222 37369027.058542 2971251.866332 5333200.096113 -0.018528 -0.881777 -0.119332 -0.455945
1750711242.840224 37369027.058542 2971251.866332 5333200.096113 -0.018528 -0.881777 -0.119332 -0.455945
1750711242.845225 37369027.058542 2971251.866332 5333200.096113 -0.018528 -0.881777 -0.119332 -0.455945
1750711242.850226 37369027.058542 2971251.866332 5333200.096113 -0.018528 -0.881777 -0.119332 -0.455945
1750711242.855227 37369027.058542 2971251.866332 5333200.096113 -0.018528 -0.881777 -0.119332 -0.455945
1750711242.860229 37369027.058542 2971251.866332 5333200.096113 -0.018528 -0.881777 -0.119332 -0.455945
1750711242.865229 37369027.070641 2971251.867072 5333200.092197 -0.018668 -0.881854 -0.117851 -0.456175
1750711242.870231 37369027.070641 2971251.867072 5333200.092197 -0.018668 -0.881854 -0.117851 -0.456175
1750711242.875233 37369027.070641 2971251.867072 5333200.092197 -0.018668 -0.881854 -0.117851 -0.456175
1750711242.880234 37369027.070641 2971251.867072 5333200.092197 -0.018668 -0.881854 -0.117851 -0.456175
1750711242.885235 37369027.070641 2971251.867072 5333200.092197 -0.018668 -0.881854 -0.117851 -0.456175
1750711242.890236 37369027.070641 2971251.867072 5333200.092197 -0.018668 -0.881854 -0.117851 -0.456175
1750711242.895237 37369027.070641 2971251.867072 5333200.092197 -0.018668 -0.881854 -0.117851 -0.456175
1750711242.900238 37369027.070641 2971251.867072 5333200.092197 -0.018668 -0.881854 -0.117851 -0.456175
1750711242.905240 37369027.070641 2971251.867072 5333200.092197 -0.018668 -0.881854 -0.117851 -0.456175
1750711242.910241 37369027.070641 2971251.867072 5333200.092197 -0.018668 -0.881854 -0.117851 -0.456175
1750711242.915242 37369027.070641 2971251.867072 5333200.092197 -0.018668 -0.881854 -0.117851 -0.456175
1750711242.920244 37369027.070641 2971251.867072 5333200.092197 -0.018668 -0.881854 -0.117851 -0.456175
1750711242.925244 37369027.070641 2971251.867072 5333200.092197 -0.018668 -0.881854 -0.117851 -0.456175
1750711242.930246 37369027.090292 2971251.868545 5333200.082552 -0.018053 -0.881962 -0.113961 -0.456978
1750711242.935247 37369027.090292 2971251.868545 5333200.082552 -0.018053 -0.881962 -0.113961 -0.456978
1750711242.940248 37369027.090292 2971251.868545 5333200.082552 -0.018053 -0.881962 -0.113961 -0.456978
1750711242.945249 37369027.090292 2971251.868545 5333200.082552 -0.018053 -0.881962 -0.113961 -0.456978
1750711242.950251 37369027.090292 2971251.868545 5333200.082552 -0.018053 -0.881962 -0.113961 -0.456978
1750711242.955251 37369027.090292 2971251.868545 5333200.082552 -0.018053 -0.881962 -0.113961 -0.456978
1750711242.960253 37369027.090292 2971251.868545 5333200.082552 -0.018053 -0.881962 -0.113961 -0.456978
1750711242.965254 37369027.090292 2971251.868545 5333200.082552 -0.018053 -0.881962 -0.113961 -0.456978
1750711242.970255 37369027.090292 2971251.868545 5333200.082552 -0.018053 -0.881962 -0.113961 -0.456978
1750711242.975257 37369027.090292 2971251.868545 5333200.082552 -0.018053 -0.881962 -0.113961 -0.456978
1750711242.980258 37369027.090292 2971251.868545 5333200.082552 -0.018053 -0.881962 -0.113961 -0.456978
1750711242.985259 37369027.090292 2971251.868545 5333200.082552 -0.018053 -0.881962 -0.113961 -0.456978
1750711242.990260 37369027.090292 2971251.868545 5333200.082552 -0.018053 -0.881962 -0.113961 -0.456978
1750711242.995262 37369027.090292 2971251.868545 5333200.082552 -0.018053 -0.881962 -0.113961 -0.456978
1750711243.000262 37369027.109977 2971251.862602 5333200.073692 -0.017068 -0.883342 -0.109792 -0.455369
1750711243.005264 37369027.109977 2971251.862602 5333200.073692 -0.017068 -0.883342 -0.109792 -0.455369
1750711243.010265 37369027.109977 2971251.862602 5333200.073692 -0.017068 -0.883342 -0.109792 -0.455369
1750711243.015266 37369027.109977 2971251.862602 5333200.073692 -0.017068 -0.883342 -0.109792 -0.455369
1750711243.020268 37369027.109977 2971251.862602 5333200.073692 -0.017068 -0.883342 -0.109792 -0.455369
1750711243.025269 37369027.109977 2971251.862602 5333200.073692 -0.017068 -0.883342 -0.109792 -0.455369
1750711243.030270 37369027.109977 2971251.862602 5333200.073692 -0.017068 -0.883342 -0.109792 -0.455369
1750711243.035271 37369027.109977 2971251.862602 5333200.073692 -0.017068 -0.883342 -0.109792 -0.455369
1750711243.040273 37369027.109977 2971251.862602 5333200.073692 -0.017068 -0.883342 -0.109792 -0.455369
1750711243.045273 37369027.109977 2971251.862602 5333200.073692 -0.017068 -0.883342 -0.109792 -0.455369
1750711243.050275 37369027.109977 2971251.862602 5333200.073692 -0.017068 -0.883342 -0.109792 -0.455369
1750711243.055275 37369027.109977 2971251.862602 5333200.073692 -0.017068 -0.883342 -0.109792 -0.455369
1750711243.060277 37369027.109977 2971251.862602 5333200.073692 -0.017068 -0.883342 -0.109792 -0.455369
1750711243.065279 37369027.128617 2971251.864975 5333200.065960 -0.018572 -0.885147 -0.108477 -0.452109
1750711243.070279 37369027.128617 2971251.864975 5333200.065960 -0.018572 -0.885147 -0.108477 -0.452109
1750711243.075281 37369027.128617 2971251.864975 5333200.065960 -0.018572 -0.885147 -0.108477 -0.452109
1750711243.080282 37369027.128617 2971251.864975 5333200.065960 -0.018572 -0.885147 -0.108477 -0.452109
1750711243.085284 37369027.128617 2971251.864975 5333200.065960 -0.018572 -0.885147 -0.108477 -0.452109
1750711243.090285 37369027.128617 2971251.864975 5333200.065960 -0.018572 -0.885147 -0.108477 -0.452109
1750711243.095286 37369027.128617 2971251.864975 5333200.065960 -0.018572 -0.885147 -0.108477 -0.452109
1750711243.100287 37369027.128617 2971251.864975 5333200.065960 -0.018572 -0.885147 -0.108477 -0.452109
1750711243.105289 37369027.128617 2971251.864975 5333200.065960 -0.018572 -0.885147 -0.108477 -0.452109
1750711243.110290 37369027.128617 2971251.864975 5333200.065960 -0.018572 -0.885147 -0.108477 -0.452109
1750711243.115291 37369027.128617 2971251.864975 5333200.065960 -0.018572 -0.885147 -0.108477 -0.452109
1750711243.120292 37369027.128617 2971251.864975 5333200.065960 -0.018572 -0.885147 -0.108477 -0.452109
1750711243.125293 37369027.128617 2971251.864975 5333200.065960 -0.018572 -0.885147 -0.108477 -0.452109
1750711243.130295 37369027.148010 2971251.867297 5333200.059568 -0.021703 -0.886242 -0.108730 -0.449756
1750711243.135297 37369027.148010 2971251.867297 5333200.059568 -0.021703 -0.886242 -0.108730 -0.449756
1750711243.140297 37369027.148010 2971251.867297 5333200.059568 -0.021703 -0.886242 -0.108730 -0.449756
1750711243.145299 37369027.148010 2971251.867297 5333200.059568 -0.021703 -0.886242 -0.108730 -0.449756
1750711243.150299 37369027.148010 2971251.867297 5333200.059568 -0.021703 -0.886242 -0.108730 -0.449756
1750711243.155301 37369027.148010 2971251.867297 5333200.059568 -0.021703 -0.886242 -0.108730 -0.449756
1750711243.160302 37369027.148010 2971251.867297 5333200.059568 -0.021703 -0.886242 -0.108730 -0.449756
1750711243.165303 37369027.148010 2971251.867297 5333200.059568 -0.021703 -0.886242 -0.108730 -0.449756
1750711243.170304 37369027.148010 2971251.867297 5333200.059568 -0.021703 -0.886242 -0.108730 -0.449756
1750711243.175306 37369027.148010 2971251.867297 5333200.059568 -0.021703 -0.886242 -0.108730 -0.449756
1750711243.180307 37369027.148010 2971251.867297 5333200.059568 -0.021703 -0.886242 -0.108730 -0.449756
1750711243.185308 37369027.148010 2971251.867297 5333200.059568 -0.021703 -0.886242 -0.108730 -0.449756
1750711243.190310 37369027.148010 2971251.867297 5333200.059568 -0.021703 -0.886242 -0.108730 -0.449756
1750711243.195310 37369027.148010 2971251.867297 5333200.059568 -0.021703 -0.886242 -0.108730 -0.449756
1750711243.200312 37369027.148010 2971251.867297 5333200.059568 -0.021703 -0.886242 -0.108730 -0.449756
1750711243.205312 37369027.148010 2971251.867297 5333200.059568 -0.021703 -0.886242 -0.108730 -0.449756
1750711243.210314 37369027.148010 2971251.867297 5333200.059568 -0.021703 -0.886242 -0.108730 -0.449756
1750711243.215316 37369027.148010 2971251.867297 5333200.059568 -0.021703 -0.886242 -0.108730 -0.449756
1750711243.220317 37369027.148010 2971251.867297 5333200.059568 -0.021703 -0.886242 -0.108730 -0.449756
1750711243.225318 37369027.148010 2971251.867297 5333200.059568 -0.021703 -0.886242 -0.108730 -0.449756
1750711243.230319 37369027.180993 2971251.868622 5333200.051521 -0.025009 -0.888580 -0.109704 -0.444707
1750711243.235321 37369027.180993 2971251.868622 5333200.051521 -0.025009 -0.888580 -0.109704 -0.444707
1750711243.240321 37369027.180993 2971251.868622 5333200.051521 -0.025009 -0.888580 -0.109704 -0.444707
1750711243.245323 37369027.180993 2971251.868622 5333200.051521 -0.025009 -0.888580 -0.109704 -0.444707
1750711243.250324 37369027.180993 2971251.868622 5333200.051521 -0.025009 -0.888580 -0.109704 -0.444707
1750711243.255325 37369027.180993 2971251.868622 5333200.051521 -0.025009 -0.888580 -0.109704 -0.444707
1750711243.260326 37369027.180993 2971251.868622 5333200.051521 -0.025009 -0.888580 -0.109704 -0.444707
1750711243.265328 37369027.192434 2971251.868766 5333200.048900 -0.026394 -0.889464 -0.110611 -0.442630
1750711243.270328 37369027.192434 2971251.868766 5333200.048900 -0.026394 -0.889464 -0.110611 -0.442630
1750711243.275330 37369027.192434 2971251.868766 5333200.048900 -0.026394 -0.889464 -0.110611 -0.442630
1750711243.280332 37369027.192434 2971251.868766 5333200.048900 -0.026394 -0.889464 -0.110611 -0.442630
1750711243.285332 37369027.192434 2971251.868766 5333200.048900 -0.026394 -0.889464 -0.110611 -0.442630
1750711243.290334 37369027.192434 2971251.868766 5333200.048900 -0.026394 -0.889464 -0.110611 -0.442630
1750711243.295335 37369027.192434 2971251.868766 5333200.048900 -0.026394 -0.889464 -0.110611 -0.442630
1750711243.300336 37369027.192434 2971251.868766 5333200.048900 -0.026394 -0.889464 -0.110611 -0.442630
1750711243.305338 37369027.192434 2971251.868766 5333200.048900 -0.026394 -0.889464 -0.110611 -0.442630
1750711243.310338 37369027.192434 2971251.868766 5333200.048900 -0.026394 -0.889464 -0.110611 -0.442630
1750711243.315340 37369027.192434 2971251.868766 5333200.048900 -0.026394 -0.889464 -0.110611 -0.442630
1750711243.320341 37369027.192434 2971251.868766 5333200.048900 -0.026394 -0.889464 -0.110611 -0.442630
1750711243.325343 37369027.192434 2971251.868766 5333200.048900 -0.026394 -0.889464 -0.110611 -0.442630
1750711243.330343 37369027.192434 2971251.868766 5333200.048900 -0.026394 -0.889464 -0.110611 -0.442630
1750711243.335345 37369027.192434 2971251.868766 5333200.048900 -0.026394 -0.889464 -0.110611 -0.442630
1750711243.340346 37369027.192434 2971251.868766 5333200.048900 -0.026394 -0.889464 -0.110611 -0.442630
1750711243.345347 37369027.192434 2971251.868766 5333200.048900 -0.026394 -0.889464 -0.110611 -0.442630
1750711243.350349 37369027.192434 2971251.868766 5333200.048900 -0.026394 -0.889464 -0.110611 -0.442630
1750711243.355350 37369027.192434 2971251.868766 5333200.048900 -0.026394 -0.889464 -0.110611 -0.442630
1750711243.360351 37369027.192434 2971251.868766 5333200.048900 -0.026394 -0.889464 -0.110611 -0.442630
1750711243.365352 37369027.226733 2971251.868660 5333200.039256 -0.028015 -0.891528 -0.112209 -0.437951
1750711243.370354 37369027.226733 2971251.868660 5333200.039256 -0.028015 -0.891528 -0.112209 -0.437951
1750711243.375354 37369027.226733 2971251.868660 5333200.039256 -0.028015 -0.891528 -0.112209 -0.437951
1750711243.380356 37369027.226733 2971251.868660 5333200.039256 -0.028015 -0.891528 -0.112209 -0.437951
1750711243.385358 37369027.226733 2971251.868660 5333200.039256 -0.028015 -0.891528 -0.112209 -0.437951
1750711243.390358 37369027.226733 2971251.868660 5333200.039256 -0.028015 -0.891528 -0.112209 -0.437951
1750711243.395359 37369027.226733 2971251.868660 5333200.039256 -0.028015 -0.891528 -0.112209 -0.437951
1750711243.400361 37369027.226733 2971251.868660 5333200.039256 -0.028015 -0.891528 -0.112209 -0.437951
1750711243.405362 37369027.226733 2971251.868660 5333200.039256 -0.028015 -0.891528 -0.112209 -0.437951
1750711243.410363 37369027.226733 2971251.868660 5333200.039256 -0.028015 -0.891528 -0.112209 -0.437951
1750711243.415365 37369027.226733 2971251.868660 5333200.039256 -0.028015 -0.891528 -0.112209 -0.437951
1750711243.420366 37369027.226733 2971251.868660 5333200.039256 -0.028015 -0.891528 -0.112209 -0.437951
1750711243.425367 37369027.226733 2971251.868660 5333200.039256 -0.028015 -0.891528 -0.112209 -0.437951
1750711243.430368 37369027.250420 2971251.869466 5333200.033942 -0.027655 -0.893001 -0.111281 -0.435201
1750711243.435369 37369027.250420 2971251.869466 5333200.033942 -0.027655 -0.893001 -0.111281 -0.435201
1750711243.440371 37369027.250420 2971251.869466 5333200.033942 -0.027655 -0.893001 -0.111281 -0.435201
1750711243.445372 37369027.250420 2971251.869466 5333200.033942 -0.027655 -0.893001 -0.111281 -0.435201
1750711243.450373 37369027.250420 2971251.869466 5333200.033942 -0.027655 -0.893001 -0.111281 -0.435201
1750711243.455374 37369027.250420 2971251.869466 5333200.033942 -0.027655 -0.893001 -0.111281 -0.435201
1750711243.460376 37369027.250420 2971251.869466 5333200.033942 -0.027655 -0.893001 -0.111281 -0.435201
1750711243.465377 37369027.250420 2971251.869466 5333200.033942 -0.027655 -0.893001 -0.111281 -0.435201
1750711243.470378 37369027.250420 2971251.869466 5333200.033942 -0.027655 -0.893001 -0.111281 -0.435201
1750711243.475379 37369027.250420 2971251.869466 5333200.033942 -0.027655 -0.893001 -0.111281 -0.435201
1750711243.480381 37369027.250420 2971251.869466 5333200.033942 -0.027655 -0.893001 -0.111281 -0.435201
1750711243.485381 37369027.250420 2971251.869466 5333200.033942 -0.027655 -0.893001 -0.111281 -0.435201
1750711243.490383 37369027.250420 2971251.869466 5333200.033942 -0.027655 -0.893001 -0.111281 -0.435201
1750711243.495384 37369027.250420 2971251.869466 5333200.033942 -0.027655 -0.893001 -0.111281 -0.435201
1750711243.500385 37369027.274271 2971251.871907 5333200.029562 -0.027975 -0.893440 -0.110982 -0.434355
1750711243.510387 37369027.274271 2971251.871907 5333200.029562 -0.027975 -0.893440 -0.110982 -0.434355
1750711243.515389 37369027.274271 2971251.871907 5333200.029562 -0.027975 -0.893440 -0.110982 -0.434355
1750711243.520391 37369027.274271 2971251.871907 5333200.029562 -0.027975 -0.893440 -0.110982 -0.434355
1750711243.525391 37369027.274271 2971251.871907 5333200.029562 -0.027975 -0.893440 -0.110982 -0.434355
1750711243.530393 37369027.274271 2971251.871907 5333200.029562 -0.027975 -0.893440 -0.110982 -0.434355
1750711243.535395 37369027.274271 2971251.871907 5333200.029562 -0.027975 -0.893440 -0.110982 -0.434355
1750711243.540395 37369027.274271 2971251.871907 5333200.029562 -0.027975 -0.893440 -0.110982 -0.434355
1750711243.545396 37369027.274271 2971251.871907 5333200.029562 -0.027975 -0.893440 -0.110982 -0.434355
1750711243.550398 37369027.274271 2971251.871907 5333200.029562 -0.027975 -0.893440 -0.110982 -0.434355
1750711243.555399 37369027.274271 2971251.871907 5333200.029562 -0.027975 -0.893440 -0.110982 -0.434355
1750711243.560400 37369027.274271 2971251.871907 5333200.029562 -0.027975 -0.893440 -0.110982 -0.434355
1750711243.565402 37369027.274271 2971251.871907 5333200.029562 -0.027975 -0.893440 -0.110982 -0.434355
1750711243.570402 37369027.274271 2971251.871907 5333200.029562 -0.027975 -0.893440 -0.110982 -0.434355
1750711243.575404 37369027.274271 2971251.871907 5333200.029562 -0.027975 -0.893440 -0.110982 -0.434355
1750711243.580405 37369027.274271 2971251.871907 5333200.029562 -0.027975 -0.893440 -0.110982 -0.434355
1750711243.585406 37369027.274271 2971251.871907 5333200.029562 -0.027975 -0.893440 -0.110982 -0.434355
1750711243.590407 37369027.274271 2971251.871907 5333200.029562 -0.027975 -0.893440 -0.110982 -0.434355
1750711243.595409 37369027.274271 2971251.871907 5333200.029562 -0.027975 -0.893440 -0.110982 -0.434355
1750711243.600409 37369027.307385 2971251.874768 5333200.024404 -0.027862 -0.891997 -0.111857 -0.437096
1750711243.605411 37369027.307385 2971251.874768 5333200.024404 -0.027862 -0.891997 -0.111857 -0.437096
1750711243.610413 37369027.307385 2971251.874768 5333200.024404 -0.027862 -0.891997 -0.111857 -0.437096
1750711243.615413 37369027.307385 2971251.874768 5333200.024404 -0.027862 -0.891997 -0.111857 -0.437096
1750711243.620415 37369027.307385 2971251.874768 5333200.024404 -0.027862 -0.891997 -0.111857 -0.437096
1750711243.625415 37369027.307385 2971251.874768 5333200.024404 -0.027862 -0.891997 -0.111857 -0.437096
1750711243.630417 37369027.317850 2971251.875751 5333200.021854 -0.027535 -0.891073 -0.111830 -0.439004
1750711243.635419 37369027.317850 2971251.875751 5333200.021854 -0.027535 -0.891073 -0.111830 -0.439004
1750711243.640419 37369027.317850 2971251.875751 5333200.021854 -0.027535 -0.891073 -0.111830 -0.439004
1750711243.645420 37369027.317850 2971251.875751 5333200.021854 -0.027535 -0.891073 -0.111830 -0.439004
1750711243.650422 37369027.317850 2971251.875751 5333200.021854 -0.027535 -0.891073 -0.111830 -0.439004
1750711243.655423 37369027.317850 2971251.875751 5333200.021854 -0.027535 -0.891073 -0.111830 -0.439004
1750711243.660424 37369027.317850 2971251.875751 5333200.021854 -0.027535 -0.891073 -0.111830 -0.439004
1750711243.665426 37369027.317850 2971251.875751 5333200.021854 -0.027535 -0.891073 -0.111830 -0.439004
1750711243.670427 37369027.317850 2971251.875751 5333200.021854 -0.027535 -0.891073 -0.111830 -0.439004
1750711243.675428 37369027.317850 2971251.875751 5333200.021854 -0.027535 -0.891073 -0.111830 -0.439004
1750711243.680430 37369027.317850 2971251.875751 5333200.021854 -0.027535 -0.891073 -0.111830 -0.439004
1750711243.685431 37369027.317850 2971251.875751 5333200.021854 -0.027535 -0.891073 -0.111830 -0.439004
1750711243.690432 37369027.317850 2971251.875751 5333200.021854 -0.027535 -0.891073 -0.111830 -0.439004
1750711243.695433 37369027.317850 2971251.875751 5333200.021854 -0.027535 -0.891073 -0.111830 -0.439004
1750711243.700435 37369027.338681 2971251.878868 5333200.017997 -0.026724 -0.890204 -0.111283 -0.440952
1750711243.705435 37369027.338681 2971251.878868 5333200.017997 -0.026724 -0.890204 -0.111283 -0.440952
1750711243.710437 37369027.338681 2971251.878868 5333200.017997 -0.026724 -0.890204 -0.111283 -0.440952
1750711243.715438 37369027.338681 2971251.878868 5333200.017997 -0.026724 -0.890204 -0.111283 -0.440952
1750711243.720439 37369027.338681 2971251.878868 5333200.017997 -0.026724 -0.890204 -0.111283 -0.440952
1750711243.725440 37369027.338681 2971251.878868 5333200.017997 -0.026724 -0.890204 -0.111283 -0.440952
1750711243.730442 37369027.338681 2971251.878868 5333200.017997 -0.026724 -0.890204 -0.111283 -0.440952
1750711243.735443 37369027.338681 2971251.878868 5333200.017997 -0.026724 -0.890204 -0.111283 -0.440952
1750711243.740444 37369027.338681 2971251.878868 5333200.017997 -0.026724 -0.890204 -0.111283 -0.440952
1750711243.745446 37369027.338681 2971251.878868 5333200.017997 -0.026724 -0.890204 -0.111283 -0.440952
1750711243.750446 37369027.338681 2971251.878868 5333200.017997 -0.026724 -0.890204 -0.111283 -0.440952
1750711243.755448 37369027.338681 2971251.878868 5333200.017997 -0.026724 -0.890204 -0.111283 -0.440952
1750711243.760448 37369027.338681 2971251.878868 5333200.017997 -0.026724 -0.890204 -0.111283 -0.440952
1750711243.765450 37369027.359769 2971251.881858 5333200.015352 -0.027485 -0.889417 -0.108681 -0.443136
1750711243.770451 37369027.359769 2971251.881858 5333200.015352 -0.027485 -0.889417 -0.108681 -0.443136
1750711243.775453 37369027.359769 2971251.881858 5333200.015352 -0.027485 -0.889417 -0.108681 -0.443136
1750711243.780454 37369027.359769 2971251.881858 5333200.015352 -0.027485 -0.889417 -0.108681 -0.443136
1750711243.785455 37369027.359769 2971251.881858 5333200.015352 -0.027485 -0.889417 -0.108681 -0.443136
1750711243.790457 37369027.359769 2971251.881858 5333200.015352 -0.027485 -0.889417 -0.108681 -0.443136
1750711243.795457 37369027.359769 2971251.881858 5333200.015352 -0.027485 -0.889417 -0.108681 -0.443136
1750711243.800459 37369027.359769 2971251.881858 5333200.015352 -0.027485 -0.889417 -0.108681 -0.443136
1750711243.805459 37369027.359769 2971251.881858 5333200.015352 -0.027485 -0.889417 -0.108681 -0.443136
1750711243.810461 37369027.359769 2971251.881858 5333200.015352 -0.027485 -0.889417 -0.108681 -0.443136
1750711243.815463 37369027.359769 2971251.881858 5333200.015352 -0.027485 -0.889417 -0.108681 -0.443136
1750711243.820464 37369027.359769 2971251.881858 5333200.015352 -0.027485 -0.889417 -0.108681 -0.443136
1750711243.825465 37369027.359769 2971251.881858 5333200.015352 -0.027485 -0.889417 -0.108681 -0.443136
1750711243.830466 37369027.379214 2971251.885473 5333200.012704 -0.028655 -0.887231 -0.103885 -0.448563
1750711243.835468 37369027.379214 2971251.885473 5333200.012704 -0.028655 -0.887231 -0.103885 -0.448563
1750711243.840468 37369027.379214 2971251.885473 5333200.012704 -0.028655 -0.887231 -0.103885 -0.448563
1750711243.845470 37369027.379214 2971251.885473 5333200.012704 -0.028655 -0.887231 -0.103885 -0.448563
1750711243.850470 37369027.379214 2971251.885473 5333200.012704 -0.028655 -0.887231 -0.103885 -0.448563
1750711243.855472 37369027.379214 2971251.885473 5333200.012704 -0.028655 -0.887231 -0.103885 -0.448563
1750711243.860474 37369027.379214 2971251.885473 5333200.012704 -0.028655 -0.887231 -0.103885 -0.448563
1750711243.865474 37369027.379214 2971251.885473 5333200.012704 -0.028655 -0.887231 -0.103885 -0.448563
1750711243.870476 37369027.379214 2971251.885473 5333200.012704 -0.028655 -0.887231 -0.103885 -0.448563
1750711243.875477 37369027.379214 2971251.885473 5333200.012704 -0.028655 -0.887231 -0.103885 -0.448563
1750711243.880478 37369027.379214 2971251.885473 5333200.012704 -0.028655 -0.887231 -0.103885 -0.448563
1750711243.885479 37369027.379214 2971251.885473 5333200.012704 -0.028655 -0.887231 -0.103885 -0.448563
1750711243.890481 37369027.379214 2971251.885473 5333200.012704 -0.028655 -0.887231 -0.103885 -0.448563
1750711243.895481 37369027.379214 2971251.885473 5333200.012704 -0.028655 -0.887231 -0.103885 -0.448563
1750711243.897024 37369027.395216 2971251.889501 5333200.006333 -0.029456 -0.882718 -0.102689 -0.457597
1750711243.900483 37369027.395216 2971251.889501 5333200.006333 -0.029456 -0.882718 -0.102689 -0.457597
1750711243.905485 37369027.395216 2971251.889501 5333200.006333 -0.029456 -0.882718 -0.102689 -0.457597
1750711243.910486 37369027.395216 2971251.889501 5333200.006333 -0.029456 -0.882718 -0.102689 -0.457597
1750711243.915487 37369027.395216 2971251.889501 5333200.006333 -0.029456 -0.882718 -0.102689 -0.457597
1750711243.920488 37369027.395216 2971251.889501 5333200.006333 -0.029456 -0.882718 -0.102689 -0.457597
1750711243.925489 37369027.395216 2971251.889501 5333200.006333 -0.029456 -0.882718 -0.102689 -0.457597
1750711243.930490 37369027.395216 2971251.889501 5333200.006333 -0.029456 -0.882718 -0.102689 -0.457597
1750711243.935492 37369027.395216 2971251.889501 5333200.006333 -0.029456 -0.882718 -0.102689 -0.457597
1750711243.940493 37369027.395216 2971251.889501 5333200.006333 -0.029456 -0.882718 -0.102689 -0.457597
1750711243.945494 37369027.395216 2971251.889501 5333200.006333 -0.029456 -0.882718 -0.102689 -0.457597
1750711243.950496 37369027.395216 2971251.889501 5333200.006333 -0.029456 -0.882718 -0.102689 -0.457597
1750711243.955497 37369027.395216 2971251.889501 5333200.006333 -0.029456 -0.882718 -0.102689 -0.457597
1750711243.960498 37369027.395216 2971251.889501 5333200.006333 -0.029456 -0.882718 -0.102689 -0.457597
1750711243.965499 37369027.412019 2971251.891177 5333200.002841 -0.028989 -0.877651 -0.099576 -0.467946
1750711243.970501 37369027.412019 2971251.891177 5333200.002841 -0.028989 -0.877651 -0.099576 -0.467946
1750711243.975501 37369027.412019 2971251.891177 5333200.002841 -0.028989 -0.877651 -0.099576 -0.467946
1750711243.980503 37369027.412019 2971251.891177 5333200.002841 -0.028989 -0.877651 -0.099576 -0.467946
1750711243.985503 37369027.412019 2971251.891177 5333200.002841 -0.028989 -0.877651 -0.099576 -0.467946
1750711243.990505 37369027.412019 2971251.891177 5333200.002841 -0.028989 -0.877651 -0.099576 -0.467946
1750711243.995507 37369027.412019 2971251.891177 5333200.002841 -0.028989 -0.877651 -0.099576 -0.467946
1750711244.000508 37369027.420966 2971251.891523 5333200.000518 -0.028076 -0.874781 -0.097796 -0.473715
1750711244.005509 37369027.420966 2971251.891523 5333200.000518 -0.028076 -0.874781 -0.097796 -0.473715
1750711244.010510 37369027.420966 2971251.891523 5333200.000518 -0.028076 -0.874781 -0.097796 -0.473715
1750711244.015512 37369027.420966 2971251.891523 5333200.000518 -0.028076 -0.874781 -0.097796 -0.473715
1750711244.020512 37369027.420966 2971251.891523 5333200.000518 -0.028076 -0.874781 -0.097796 -0.473715
1750711244.025514 37369027.420966 2971251.891523 5333200.000518 -0.028076 -0.874781 -0.097796 -0.473715
1750711244.030516 37369027.420966 2971251.891523 5333200.000518 -0.028076 -0.874781 -0.097796 -0.473715
1750711244.035516 37369027.420966 2971251.891523 5333200.000518 -0.028076 -0.874781 -0.097796 -0.473715
1750711244.040518 37369027.420966 2971251.891523 5333200.000518 -0.028076 -0.874781 -0.097796 -0.473715
1750711244.045519 37369027.420966 2971251.891523 5333200.000518 -0.028076 -0.874781 -0.097796 -0.473715
1750711244.050520 37369027.420966 2971251.891523 5333200.000518 -0.028076 -0.874781 -0.097796 -0.473715
1750711244.055521 37369027.420966 2971251.891523 5333200.000518 -0.028076 -0.874781 -0.097796 -0.473715
1750711244.060523 37369027.420966 2971251.891523 5333200.000518 -0.028076 -0.874781 -0.097796 -0.473715
1750711244.065523 37369027.420966 2971251.891523 5333200.000518 -0.028076 -0.874781 -0.097796 -0.473715
1750711244.070525 37369027.420966 2971251.891523 5333200.000518 -0.028076 -0.874781 -0.097796 -0.473715
1750711244.075527 37369027.420966 2971251.891523 5333200.000518 -0.028076 -0.874781 -0.097796 -0.473715
1750711244.080527 37369027.420966 2971251.891523 5333200.000518 -0.028076 -0.874781 -0.097796 -0.473715
1750711244.085529 37369027.420966 2971251.891523 5333200.000518 -0.028076 -0.874781 -0.097796 -0.473715
1750711244.090529 37369027.420966 2971251.891523 5333200.000518 -0.028076 -0.874781 -0.097796 -0.473715
1750711244.095531 37369027.420966 2971251.891523 5333200.000518 -0.028076 -0.874781 -0.097796 -0.473715
1750711244.100532 37369027.448443 2971251.896150 5333199.999265 -0.026711 -0.866889 -0.092111 -0.489188
1750711244.105533 37369027.448443 2971251.896150 5333199.999265 -0.026711 -0.866889 -0.092111 -0.489188
1750711244.110534 37369027.448443 2971251.896150 5333199.999265 -0.026711 -0.866889 -0.092111 -0.489188
1750711244.115536 37369027.448443 2971251.896150 5333199.999265 -0.026711 -0.866889 -0.092111 -0.489188
1750711244.120538 37369027.448443 2971251.896150 5333199.999265 -0.026711 -0.866889 -0.092111 -0.489188
1750711244.125538 37369027.448443 2971251.896150 5333199.999265 -0.026711 -0.866889 -0.092111 -0.489188
1750711244.130540 37369027.448443 2971251.896150 5333199.999265 -0.026711 -0.866889 -0.092111 -0.489188
1750711244.135540 37369027.448443 2971251.896150 5333199.999265 -0.026711 -0.866889 -0.092111 -0.489188
1750711244.140542 37369027.448443 2971251.896150 5333199.999265 -0.026711 -0.866889 -0.092111 -0.489188
1750711244.145543 37369027.448443 2971251.896150 5333199.999265 -0.026711 -0.866889 -0.092111 -0.489188
1750711244.150544 37369027.448443 2971251.896150 5333199.999265 -0.026711 -0.866889 -0.092111 -0.489188
1750711244.155545 37369027.448443 2971251.896150 5333199.999265 -0.026711 -0.866889 -0.092111 -0.489188
1750711244.160547 37369027.448443 2971251.896150 5333199.999265 -0.026711 -0.866889 -0.092111 -0.489188
1750711244.165549 37369027.466128 2971251.897787 5333199.995833 0.026514 0.858378 0.087786 0.504755
1750711244.170549 37369027.466128 2971251.897787 5333199.995833 0.026514 0.858378 0.087786 0.504755
1750711244.175551 37369027.466128 2971251.897787 5333199.995833 0.026514 0.858378 0.087786 0.504755
1750711244.180552 37369027.466128 2971251.897787 5333199.995833 0.026514 0.858378 0.087786 0.504755
1750711244.185553 37369027.466128 2971251.897787 5333199.995833 0.026514 0.858378 0.087786 0.504755
1750711244.190554 37369027.466128 2971251.897787 5333199.995833 0.026514 0.858378 0.087786 0.504755
1750711244.195556 37369027.466128 2971251.897787 5333199.995833 0.026514 0.858378 0.087786 0.504755
1750711244.200556 37369027.466128 2971251.897787 5333199.995833 0.026514 0.858378 0.087786 0.504755
1750711244.210560 37369027.466128 2971251.897787 5333199.995833 0.026514 0.858378 0.087786 0.504755
1750711244.215560 37369027.466128 2971251.897787 5333199.995833 0.026514 0.858378 0.087786 0.504755
1750711244.220562 37369027.466128 2971251.897787 5333199.995833 0.026514 0.858378 0.087786 0.504755
1750711244.225563 37369027.466128 2971251.897787 5333199.995833 0.026514 0.858378 0.087786 0.504755
1750711244.230564 37369027.484078 2971251.901852 5333199.996230 0.027416 0.848498 0.085614 0.521507
1750711244.235566 37369027.484078 2971251.901852 5333199.996230 0.027416 0.848498 0.085614 0.521507
1750711244.240566 37369027.484078 2971251.901852 5333199.996230 0.027416 0.848498 0.085614 0.521507
1750711244.245568 37369027.484078 2971251.901852 5333199.996230 0.027416 0.848498 0.085614 0.521507
1750711244.250569 37369027.484078 2971251.901852 5333199.996230 0.027416 0.848498 0.085614 0.521507
1750711244.255570 37369027.484078 2971251.901852 5333199.996230 0.027416 0.848498 0.085614 0.521507
1750711244.260571 37369027.484078 2971251.901852 5333199.996230 0.027416 0.848498 0.085614 0.521507
1750711244.265573 37369027.484078 2971251.901852 5333199.996230 0.027416 0.848498 0.085614 0.521507
1750711244.270574 37369027.484078 2971251.901852 5333199.996230 0.027416 0.848498 0.085614 0.521507
1750711244.275575 37369027.484078 2971251.901852 5333199.996230 0.027416 0.848498 0.085614 0.521507
1750711244.280576 37369027.484078 2971251.901852 5333199.996230 0.027416 0.848498 0.085614 0.521507
1750711244.285578 37369027.484078 2971251.901852 5333199.996230 0.027416 0.848498 0.085614 0.521507
1750711244.290578 37369027.484078 2971251.901852 5333199.996230 0.027416 0.848498 0.085614 0.521507
1750711244.295580 37369027.484078 2971251.901852 5333199.996230 0.027416 0.848498 0.085614 0.521507
1750711244.300582 37369027.501563 2971251.905701 5333199.995020 0.027908 0.836760 0.082001 0.540674
1750711244.305582 37369027.501563 2971251.905701 5333199.995020 0.027908 0.836760 0.082001 0.540674
1750711244.310584 37369027.501563 2971251.905701 5333199.995020 0.027908 0.836760 0.082001 0.540674
1750711244.315585 37369027.501563 2971251.905701 5333199.995020 0.027908 0.836760 0.082001 0.540674
1750711244.320586 37369027.501563 2971251.905701 5333199.995020 0.027908 0.836760 0.082001 0.540674
1750711244.325587 37369027.501563 2971251.905701 5333199.995020 0.027908 0.836760 0.082001 0.540674
1750711244.330589 37369027.501563 2971251.905701 5333199.995020 0.027908 0.836760 0.082001 0.540674
1750711244.335590 37369027.501563 2971251.905701 5333199.995020 0.027908 0.836760 0.082001 0.540674
1750711244.340591 37369027.501563 2971251.905701 5333199.995020 0.027908 0.836760 0.082001 0.540674
1750711244.345593 37369027.501563 2971251.905701 5333199.995020 0.027908 0.836760 0.082001 0.540674
1750711244.350593 37369027.501563 2971251.905701 5333199.995020 0.027908 0.836760 0.082001 0.540674
1750711244.355595 37369027.501563 2971251.905701 5333199.995020 0.027908 0.836760 0.082001 0.540674
1750711244.360596 37369027.501563 2971251.905701 5333199.995020 0.027908 0.836760 0.082001 0.540674
1750711244.365597 37369027.519734 2971251.909838 5333199.993961 0.028092 0.821746 0.079163 0.563629
1750711244.370598 37369027.519734 2971251.909838 5333199.993961 0.028092 0.821746 0.079163 0.563629
1750711244.375600 37369027.519734 2971251.909838 5333199.993961 0.028092 0.821746 0.079163 0.563629
1750711244.380600 37369027.519734 2971251.909838 5333199.993961 0.028092 0.821746 0.079163 0.563629
1750711244.385602 37369027.519734 2971251.909838 5333199.993961 0.028092 0.821746 0.079163 0.563629
1750711244.390604 37369027.519734 2971251.909838 5333199.993961 0.028092 0.821746 0.079163 0.563629
1750711244.395604 37369027.519734 2971251.909838 5333199.993961 0.028092 0.821746 0.079163 0.563629
1750711244.400606 37369027.519734 2971251.909838 5333199.993961 0.028092 0.821746 0.079163 0.563629
1750711244.405607 37369027.519734 2971251.909838 5333199.993961 0.028092 0.821746 0.079163 0.563629
1750711244.410608 37369027.519734 2971251.909838 5333199.993961 0.028092 0.821746 0.079163 0.563629
1750711244.415609 37369027.519734 2971251.909838 5333199.993961 0.028092 0.821746 0.079163 0.563629
1750711244.420611 37369027.519734 2971251.909838 5333199.993961 0.028092 0.821746 0.079163 0.563629
1750711244.425612 37369027.519734 2971251.909838 5333199.993961 0.028092 0.821746 0.079163 0.563629
1750711244.430613 37369027.519734 2971251.909838 5333199.993961 0.028092 0.821746 0.079163 0.563629
1750711244.435615 37369027.519734 2971251.909838 5333199.993961 0.028092 0.821746 0.079163 0.563629
1750711244.440615 37369027.519734 2971251.909838 5333199.993961 0.028092 0.821746 0.079163 0.563629
1750711244.445617 37369027.519734 2971251.909838 5333199.993961 0.028092 0.821746 0.079163 0.563629
1750711244.450617 37369027.519734 2971251.909838 5333199.993961 0.028092 0.821746 0.079163 0.563629
1750711244.455619 37369027.519734 2971251.909838 5333199.993961 0.028092 0.821746 0.079163 0.563629
1750711244.460621 37369027.519734 2971251.909838 5333199.993961 0.028092 0.821746 0.079163 0.563629
1750711244.465621 37369027.548312 2971251.913450 5333199.995366 0.025841 0.795415 0.076713 0.600635
1750711244.470623 37369027.548312 2971251.913450 5333199.995366 0.025841 0.795415 0.076713 0.600635
1750711244.475623 37369027.548312 2971251.913450 5333199.995366 0.025841 0.795415 0.076713 0.600635
1750711244.480625 37369027.548312 2971251.913450 5333199.995366 0.025841 0.795415 0.076713 0.600635
1750711244.485626 37369027.548312 2971251.913450 5333199.995366 0.025841 0.795415 0.076713 0.600635
1750711244.490627 37369027.548312 2971251.913450 5333199.995366 0.025841 0.795415 0.076713 0.600635
1750711244.495628 37369027.548312 2971251.913450 5333199.995366 0.025841 0.795415 0.076713 0.600635
1750711244.500630 37369027.548312 2971251.913450 5333199.995366 0.025841 0.795415 0.076713 0.600635
1750711244.505631 37369027.548312 2971251.913450 5333199.995366 0.025841 0.795415 0.076713 0.600635
1750711244.510632 37369027.548312 2971251.913450 5333199.995366 0.025841 0.795415 0.076713 0.600635
1750711244.515633 37369027.548312 2971251.913450 5333199.995366 0.025841 0.795415 0.076713 0.600635
1750711244.520634 37369027.548312 2971251.913450 5333199.995366 0.025841 0.795415 0.076713 0.600635
1750711244.525636 37369027.548312 2971251.913450 5333199.995366 0.025841 0.795415 0.076713 0.600635
1750711244.530636 37369027.568310 2971251.914658 5333199.994298 0.024040 0.774665 0.075784 0.627353
1750711244.535638 37369027.568310 2971251.914658 5333199.994298 0.024040 0.774665 0.075784 0.627353
1750711244.540638 37369027.568310 2971251.914658 5333199.994298 0.024040 0.774665 0.075784 0.627353
1750711244.545640 37369027.568310 2971251.914658 5333199.994298 0.024040 0.774665 0.075784 0.627353
1750711244.550642 37369027.568310 2971251.914658 5333199.994298 0.024040 0.774665 0.075784 0.627353
1750711244.555642 37369027.568310 2971251.914658 5333199.994298 0.024040 0.774665 0.075784 0.627353
1750711244.560644 37369027.568310 2971251.914658 5333199.994298 0.024040 0.774665 0.075784 0.627353
1750711244.565645 37369027.568310 2971251.914658 5333199.994298 0.024040 0.774665 0.075784 0.627353
1750711244.570646 37369027.568310 2971251.914658 5333199.994298 0.024040 0.774665 0.075784 0.627353
1750711244.575647 37369027.568310 2971251.914658 5333199.994298 0.024040 0.774665 0.075784 0.627353
1750711244.580648 37369027.568310 2971251.914658 5333199.994298 0.024040 0.774665 0.075784 0.627353
1750711244.585650 37369027.568310 2971251.914658 5333199.994298 0.024040 0.774665 0.075784 0.627353
1750711244.590651 37369027.568310 2971251.914658 5333199.994298 0.024040 0.774665 0.075784 0.627353
1750711244.595652 37369027.568310 2971251.914658 5333199.994298 0.024040 0.774665 0.075784 0.627353
1750711244.600653 37369027.588271 2971251.915323 5333199.993099 0.020424 0.753418 0.073882 0.653058
1750711244.605654 37369027.588271 2971251.915323 5333199.993099 0.020424 0.753418 0.073882 0.653058
1750711244.610655 37369027.588271 2971251.915323 5333199.993099 0.020424 0.753418 0.073882 0.653058
1750711244.615656 37369027.588271 2971251.915323 5333199.993099 0.020424 0.753418 0.073882 0.653058
1750711244.620658 37369027.588271 2971251.915323 5333199.993099 0.020424 0.753418 0.073882 0.653058
1750711244.625659 37369027.588271 2971251.915323 5333199.993099 0.020424 0.753418 0.073882 0.653058
1750711244.630660 37369027.588271 2971251.915323 5333199.993099 0.020424 0.753418 0.073882 0.653058
1750711244.635661 37369027.588271 2971251.915323 5333199.993099 0.020424 0.753418 0.073882 0.653058
1750711244.640662 37369027.588271 2971251.915323 5333199.993099 0.020424 0.753418 0.073882 0.653058
1750711244.645663 37369027.588271 2971251.915323 5333199.993099 0.020424 0.753418 0.073882 0.653058
1750711244.650665 37369027.588271 2971251.915323 5333199.993099 0.020424 0.753418 0.073882 0.653058
1750711244.655665 37369027.588271 2971251.915323 5333199.993099 0.020424 0.753418 0.073882 0.653058
1750711244.660667 37369027.588271 2971251.915323 5333199.993099 0.020424 0.753418 0.073882 0.653058
1750711244.665668 37369027.606693 2971251.914837 5333199.993438 0.016852 0.732706 0.074078 0.676291
1750711244.670669 37369027.606693 2971251.914837 5333199.993438 0.016852 0.732706 0.074078 0.676291
1750711244.675671 37369027.606693 2971251.914837 5333199.993438 0.016852 0.732706 0.074078 0.676291
1750711244.680671 37369027.606693 2971251.914837 5333199.993438 0.016852 0.732706 0.074078 0.676291
1750711244.685673 37369027.606693 2971251.914837 5333199.993438 0.016852 0.732706 0.074078 0.676291
1750711244.690674 37369027.606693 2971251.914837 5333199.993438 0.016852 0.732706 0.074078 0.676291
1750711244.695675 37369027.606693 2971251.914837 5333199.993438 0.016852 0.732706 0.074078 0.676291
1750711244.700676 37369027.606693 2971251.914837 5333199.993438 0.016852 0.732706 0.074078 0.676291
1750711244.705678 37369027.606693 2971251.914837 5333199.993438 0.016852 0.732706 0.074078 0.676291
1750711244.710679 37369027.606693 2971251.914837 5333199.993438 0.016852 0.732706 0.074078 0.676291
1750711244.715680 37369027.606693 2971251.914837 5333199.993438 0.016852 0.732706 0.074078 0.676291
1750711244.720681 37369027.606693 2971251.914837 5333199.993438 0.016852 0.732706 0.074078 0.676291
1750711244.725682 37369027.606693 2971251.914837 5333199.993438 0.016852 0.732706 0.074078 0.676291
1750711244.730684 37369027.606693 2971251.914837 5333199.993438 0.016852 0.732706 0.074078 0.676291
1750711244.735684 37369027.606693 2971251.914837 5333199.993438 0.016852 0.732706 0.074078 0.676291
1750711244.740686 37369027.606693 2971251.914837 5333199.993438 0.016852 0.732706 0.074078 0.676291
1750711244.745686 37369027.606693 2971251.914837 5333199.993438 0.016852 0.732706 0.074078 0.676291
1750711244.750688 37369027.606693 2971251.914837 5333199.993438 0.016852 0.732706 0.074078 0.676291
1750711244.755689 37369027.606693 2971251.914837 5333199.993438 0.016852 0.732706 0.074078 0.676291
1750711244.760690 37369027.606693 2971251.914837 5333199.993438 0.016852 0.732706 0.074078 0.676291
1750711244.765692 37369027.634661 2971251.916987 5333199.994742 0.015140 0.699333 0.071624 0.711037
1750711244.770692 37369027.634661 2971251.916987 5333199.994742 0.015140 0.699333 0.071624 0.711037
1750711244.775694 37369027.634661 2971251.916987 5333199.994742 0.015140 0.699333 0.071624 0.711037
1750711244.780694 37369027.634661 2971251.916987 5333199.994742 0.015140 0.699333 0.071624 0.711037
1750711244.785696 37369027.634661 2971251.916987 5333199.994742 0.015140 0.699333 0.071624 0.711037
1750711244.790697 37369027.634661 2971251.916987 5333199.994742 0.015140 0.699333 0.071624 0.711037
1750711244.795698 37369027.634661 2971251.916987 5333199.994742 0.015140 0.699333 0.071624 0.711037
1750711244.800700 37369027.634661 2971251.916987 5333199.994742 0.015140 0.699333 0.071624 0.711037
1750711244.805701 37369027.634661 2971251.916987 5333199.994742 0.015140 0.699333 0.071624 0.711037
1750711244.810702 37369027.634661 2971251.916987 5333199.994742 0.015140 0.699333 0.071624 0.711037
1750711244.815703 37369027.634661 2971251.916987 5333199.994742 0.015140 0.699333 0.071624 0.711037
1750711244.820704 37369027.634661 2971251.916987 5333199.994742 0.015140 0.699333 0.071624 0.711037
1750711244.825705 37369027.634661 2971251.916987 5333199.994742 0.015140 0.699333 0.071624 0.711037
1750711244.830706 37369027.651156 2971251.919230 5333199.998453 0.015643 0.675998 0.070036 0.733401
1750711244.835707 37369027.651156 2971251.919230 5333199.998453 0.015643 0.675998 0.070036 0.733401
1750711244.840709 37369027.651156 2971251.919230 5333199.998453 0.015643 0.675998 0.070036 0.733401
1750711244.845710 37369027.651156 2971251.919230 5333199.998453 0.015643 0.675998 0.070036 0.733401
1750711244.850711 37369027.651156 2971251.919230 5333199.998453 0.015643 0.675998 0.070036 0.733401
1750711244.855713 37369027.651156 2971251.919230 5333199.998453 0.015643 0.675998 0.070036 0.733401
1750711244.860713 37369027.651156 2971251.919230 5333199.998453 0.015643 0.675998 0.070036 0.733401
1750711244.865715 37369027.651156 2971251.919230 5333199.998453 0.015643 0.675998 0.070036 0.733401
1750711244.870716 37369027.651156 2971251.919230 5333199.998453 0.015643 0.675998 0.070036 0.733401
1750711244.875717 37369027.651156 2971251.919230 5333199.998453 0.015643 0.675998 0.070036 0.733401
1750711244.880719 37369027.651156 2971251.919230 5333199.998453 0.015643 0.675998 0.070036 0.733401
1750711244.885719 37369027.651156 2971251.919230 5333199.998453 0.015643 0.675998 0.070036 0.733401
1750711244.890721 37369027.651156 2971251.919230 5333199.998453 0.015643 0.675998 0.070036 0.733401
1750711244.895721 37369027.651156 2971251.919230 5333199.998453 0.015643 0.675998 0.070036 0.733401
1750711244.900723 37369027.665573 2971251.920778 5333200.004656 0.016888 0.653766 0.068076 0.753439
1750711244.905724 37369027.665573 2971251.920778 5333200.004656 0.016888 0.653766 0.068076 0.753439
1750711244.910725 37369027.665573 2971251.920778 5333200.004656 0.016888 0.653766 0.068076 0.753439
1750711244.915726 37369027.665573 2971251.920778 5333200.004656 0.016888 0.653766 0.068076 0.753439
1750711244.920727 37369027.665573 2971251.920778 5333200.004656 0.016888 0.653766 0.068076 0.753439
1750711244.925729 37369027.665573 2971251.920778 5333200.004656 0.016888 0.653766 0.068076 0.753439
1750711244.930730 37369027.665573 2971251.920778 5333200.004656 0.016888 0.653766 0.068076 0.753439
1750711244.935731 37369027.665573 2971251.920778 5333200.004656 0.016888 0.653766 0.068076 0.753439
1750711244.940732 37369027.665573 2971251.920778 5333200.004656 0.016888 0.653766 0.068076 0.753439
1750711244.945734 37369027.665573 2971251.920778 5333200.004656 0.016888 0.653766 0.068076 0.753439
1750711244.950734 37369027.665573 2971251.920778 5333200.004656 0.016888 0.653766 0.068076 0.753439
1750711244.955736 37369027.665573 2971251.920778 5333200.004656 0.016888 0.653766 0.068076 0.753439
1750711244.960736 37369027.665573 2971251.920778 5333200.004656 0.016888 0.653766 0.068076 0.753439
1750711244.965738 37369027.678188 2971251.923983 5333200.010190 0.018967 0.630763 0.066516 0.772887
1750711244.970739 37369027.678188 2971251.923983 5333200.010190 0.018967 0.630763 0.066516 0.772887
1750711244.975740 37369027.678188 2971251.923983 5333200.010190 0.018967 0.630763 0.066516 0.772887
1750711244.980742 37369027.678188 2971251.923983 5333200.010190 0.018967 0.630763 0.066516 0.772887
1750711244.985742 37369027.678188 2971251.923983 5333200.010190 0.018967 0.630763 0.066516 0.772887
1750711244.990744 37369027.678188 2971251.923983 5333200.010190 0.018967 0.630763 0.066516 0.772887
1750711244.995744 37369027.678188 2971251.923983 5333200.010190 0.018967 0.630763 0.066516 0.772887
1750711245.000746 37369027.678188 2971251.923983 5333200.010190 0.018967 0.630763 0.066516 0.772887
1750711245.005747 37369027.678188 2971251.923983 5333200.010190 0.018967 0.630763 0.066516 0.772887
1750711245.010748 37369027.678188 2971251.923983 5333200.010190 0.018967 0.630763 0.066516 0.772887
1750711245.015750 37369027.678188 2971251.923983 5333200.010190 0.018967 0.630763 0.066516 0.772887
1750711245.020751 37369027.678188 2971251.923983 5333200.010190 0.018967 0.630763 0.066516 0.772887
1750711245.025752 37369027.678188 2971251.923983 5333200.010190 0.018967 0.630763 0.066516 0.772887
1750711245.030753 37369027.689139 2971251.927884 5333200.017828 0.020753 0.609008 0.063580 0.790339
1750711245.035754 37369027.689139 2971251.927884 5333200.017828 0.020753 0.609008 0.063580 0.790339
1750711245.040755 37369027.689139 2971251.927884 5333200.017828 0.020753 0.609008 0.063580 0.790339
1750711245.045757 37369027.689139 2971251.927884 5333200.017828 0.020753 0.609008 0.063580 0.790339
1750711245.050757 37369027.689139 2971251.927884 5333200.017828 0.020753 0.609008 0.063580 0.790339
1750711245.055759 37369027.689139 2971251.927884 5333200.017828 0.020753 0.609008 0.063580 0.790339
1750711245.060760 37369027.689139 2971251.927884 5333200.017828 0.020753 0.609008 0.063580 0.790339
1750711245.065761 37369027.689139 2971251.927884 5333200.017828 0.020753 0.609008 0.063580 0.790339
1750711245.070763 37369027.689139 2971251.927884 5333200.017828 0.020753 0.609008 0.063580 0.790339
1750711245.075763 37369027.689139 2971251.927884 5333200.017828 0.020753 0.609008 0.063580 0.790339
1750711245.080765 37369027.689139 2971251.927884 5333200.017828 0.020753 0.609008 0.063580 0.790339
1750711245.085765 37369027.689139 2971251.927884 5333200.017828 0.020753 0.609008 0.063580 0.790339
1750711245.090767 37369027.689139 2971251.927884 5333200.017828 0.020753 0.609008 0.063580 0.790339
1750711245.095769 37369027.689139 2971251.927884 5333200.017828 0.020753 0.609008 0.063580 0.790339
1750711245.100769 37369027.689139 2971251.927884 5333200.017828 0.020753 0.609008 0.063580 0.790339
1750711245.105771 37369027.689139 2971251.927884 5333200.017828 0.020753 0.609008 0.063580 0.790339
1750711245.110771 37369027.689139 2971251.927884 5333200.017828 0.020753 0.609008 0.063580 0.790339
1750711245.115773 37369027.689139 2971251.927884 5333200.017828 0.020753 0.609008 0.063580 0.790339
1750711245.120774 37369027.689139 2971251.927884 5333200.017828 0.020753 0.609008 0.063580 0.790339
1750711245.125775 37369027.689139 2971251.927884 5333200.017828 0.020753 0.609008 0.063580 0.790339
1750711245.130776 37369027.703369 2971251.933118 5333200.030091 0.021463 0.580064 0.058918 0.812154
1750711245.135777 37369027.703369 2971251.933118 5333200.030091 0.021463 0.580064 0.058918 0.812154
1750711245.140778 37369027.703369 2971251.933118 5333200.030091 0.021463 0.580064 0.058918 0.812154
1750711245.145780 37369027.703369 2971251.933118 5333200.030091 0.021463 0.580064 0.058918 0.812154
1750711245.150781 37369027.703369 2971251.933118 5333200.030091 0.021463 0.580064 0.058918 0.812154
1750711245.155782 37369027.703369 2971251.933118 5333200.030091 0.021463 0.580064 0.058918 0.812154
1750711245.160783 37369027.703369 2971251.933118 5333200.030091 0.021463 0.580064 0.058918 0.812154
1750711245.165784 37369027.703369 2971251.933118 5333200.030091 0.021463 0.580064 0.058918 0.812154
1750711245.170785 37369027.703369 2971251.933118 5333200.030091 0.021463 0.580064 0.058918 0.812154
1750711245.175786 37369027.703369 2971251.933118 5333200.030091 0.021463 0.580064 0.058918 0.812154
1750711245.180788 37369027.703369 2971251.933118 5333200.030091 0.021463 0.580064 0.058918 0.812154
1750711245.185789 37369027.703369 2971251.933118 5333200.030091 0.021463 0.580064 0.058918 0.812154
1750711245.190790 37369027.703369 2971251.933118 5333200.030091 0.021463 0.580064 0.058918 0.812154
1750711245.195792 37369027.703369 2971251.933118 5333200.030091 0.021463 0.580064 0.058918 0.812154
1750711245.200792 37369027.712040 2971251.934799 5333200.038975 0.020750 0.564592 0.053770 0.823355
1750711245.205794 37369027.712040 2971251.934799 5333200.038975 0.020750 0.564592 0.053770 0.823355
1750711245.210794 37369027.712040 2971251.934799 5333200.038975 0.020750 0.564592 0.053770 0.823355
1750711245.215796 37369027.712040 2971251.934799 5333200.038975 0.020750 0.564592 0.053770 0.823355
1750711245.220797 37369027.712040 2971251.934799 5333200.038975 0.020750 0.564592 0.053770 0.823355
1750711245.225798 37369027.712040 2971251.934799 5333200.038975 0.020750 0.564592 0.053770 0.823355
1750711245.230800 37369027.712040 2971251.934799 5333200.038975 0.020750 0.564592 0.053770 0.823355
1750711245.235801 37369027.712040 2971251.934799 5333200.038975 0.020750 0.564592 0.053770 0.823355
1750711245.240802 37369027.712040 2971251.934799 5333200.038975 0.020750 0.564592 0.053770 0.823355
1750711245.245803 37369027.712040 2971251.934799 5333200.038975 0.020750 0.564592 0.053770 0.823355
1750711245.250804 37369027.712040 2971251.934799 5333200.038975 0.020750 0.564592 0.053770 0.823355
1750711245.255805 37369027.712040 2971251.934799 5333200.038975 0.020750 0.564592 0.053770 0.823355
1750711245.260807 37369027.712040 2971251.934799 5333200.038975 0.020750 0.564592 0.053770 0.823355
1750711245.265807 37369027.721024 2971251.938909 5333200.048839 0.021603 0.551244 0.049185 0.832613
1750711245.270809 37369027.721024 2971251.938909 5333200.048839 0.021603 0.551244 0.049185 0.832613
1750711245.275810 37369027.721024 2971251.938909 5333200.048839 0.021603 0.551244 0.049185 0.832613
1750711245.280811 37369027.721024 2971251.938909 5333200.048839 0.021603 0.551244 0.049185 0.832613
1750711245.285812 37369027.721024 2971251.938909 5333200.048839 0.021603 0.551244 0.049185 0.832613
1750711245.290813 37369027.721024 2971251.938909 5333200.048839 0.021603 0.551244 0.049185 0.832613
1750711245.295815 37369027.721024 2971251.938909 5333200.048839 0.021603 0.551244 0.049185 0.832613
1750711245.300815 37369027.721024 2971251.938909 5333200.048839 0.021603 0.551244 0.049185 0.832613
1750711245.305817 37369027.721024 2971251.938909 5333200.048839 0.021603 0.551244 0.049185 0.832613
1750711245.310819 37369027.721024 2971251.938909 5333200.048839 0.021603 0.551244 0.049185 0.832613
1750711245.315819 37369027.721024 2971251.938909 5333200.048839 0.021603 0.551244 0.049185 0.832613
1750711245.320821 37369027.721024 2971251.938909 5333200.048839 0.021603 0.551244 0.049185 0.832613
1750711245.325821 37369027.721024 2971251.938909 5333200.048839 0.021603 0.551244 0.049185 0.832613
1750711245.330706 37369027.727438 2971251.942656 5333200.061854 0.022943 0.542180 0.046271 0.838674
1750711245.330823 37369027.727438 2971251.942656 5333200.061854 0.022943 0.542180 0.046271 0.838674
1750711245.335823 37369027.727438 2971251.942656 5333200.061854 0.022943 0.542180 0.046271 0.838674
1750711245.340825 37369027.727438 2971251.942656 5333200.061854 0.022943 0.542180 0.046271 0.838674
1750711245.345826 37369027.727438 2971251.942656 5333200.061854 0.022943 0.542180 0.046271 0.838674
1750711245.350827 37369027.727438 2971251.942656 5333200.061854 0.022943 0.542180 0.046271 0.838674
1750711245.355829 37369027.727438 2971251.942656 5333200.061854 0.022943 0.542180 0.046271 0.838674
1750711245.360830 37369027.727438 2971251.942656 5333200.061854 0.022943 0.542180 0.046271 0.838674
1750711245.365831 37369027.727438 2971251.942656 5333200.061854 0.022943 0.542180 0.046271 0.838674
1750711245.370832 37369027.727438 2971251.942656 5333200.061854 0.022943 0.542180 0.046271 0.838674
1750711245.375833 37369027.727438 2971251.942656 5333200.061854 0.022943 0.542180 0.046271 0.838674
1750711245.380834 37369027.727438 2971251.942656 5333200.061854 0.022943 0.542180 0.046271 0.838674
1750711245.385835 37369027.727438 2971251.942656 5333200.061854 0.022943 0.542180 0.046271 0.838674
1750711245.390836 37369027.727438 2971251.942656 5333200.061854 0.022943 0.542180 0.046271 0.838674
1750711245.395838 37369027.727438 2971251.942656 5333200.061854 0.022943 0.542180 0.046271 0.838674
1750711245.400839 37369027.730119 2971251.943859 5333200.081486 0.023326 0.536831 0.043109 0.842265
1750711245.405840 37369027.730119 2971251.943859 5333200.081486 0.023326 0.536831 0.043109 0.842265
1750711245.410842 37369027.730119 2971251.943859 5333200.081486 0.023326 0.536831 0.043109 0.842265
1750711245.415842 37369027.730119 2971251.943859 5333200.081486 0.023326 0.536831 0.043109 0.842265
1750711245.420844 37369027.730119 2971251.943859 5333200.081486 0.023326 0.536831 0.043109 0.842265
1750711245.425844 37369027.730119 2971251.943859 5333200.081486 0.023326 0.536831 0.043109 0.842265
1750711245.430846 37369027.730119 2971251.943859 5333200.081486 0.023326 0.536831 0.043109 0.842265
1750711245.435847 37369027.730119 2971251.943859 5333200.081486 0.023326 0.536831 0.043109 0.842265
1750711245.440848 37369027.730119 2971251.943859 5333200.081486 0.023326 0.536831 0.043109 0.842265
1750711245.445850 37369027.730119 2971251.943859 5333200.081486 0.023326 0.536831 0.043109 0.842265
1750711245.450850 37369027.730119 2971251.943859 5333200.081486 0.023326 0.536831 0.043109 0.842265
1750711245.455852 37369027.730119 2971251.943859 5333200.081486 0.023326 0.536831 0.043109 0.842265
1750711245.460853 37369027.730119 2971251.943859 5333200.081486 0.023326 0.536831 0.043109 0.842265
1750711245.465854 37369027.732940 2971251.948631 5333200.097004 0.023427 0.532761 0.039869 0.845001
1750711245.470855 37369027.732940 2971251.948631 5333200.097004 0.023427 0.532761 0.039869 0.845001
1750711245.475857 37369027.732940 2971251.948631 5333200.097004 0.023427 0.532761 0.039869 0.845001
1750711245.480864 37369027.732940 2971251.948631 5333200.097004 0.023427 0.532761 0.039869 0.845001
1750711245.485873 37369027.732940 2971251.948631 5333200.097004 0.023427 0.532761 0.039869 0.845001
1750711245.490883 37369027.732940 2971251.948631 5333200.097004 0.023427 0.532761 0.039869 0.845001
1750711245.495893 37369027.732940 2971251.948631 5333200.097004 0.023427 0.532761 0.039869 0.845001
1750711245.500903 37369027.732940 2971251.948631 5333200.097004 0.023427 0.532761 0.039869 0.845001
1750711245.505913 37369027.732940 2971251.948631 5333200.097004 0.023427 0.532761 0.039869 0.845001
1750711245.510923 37369027.732940 2971251.948631 5333200.097004 0.023427 0.532761 0.039869 0.845001
1750711245.515933 37369027.732940 2971251.948631 5333200.097004 0.023427 0.532761 0.039869 0.845001
1750711245.520943 37369027.732940 2971251.948631 5333200.097004 0.023427 0.532761 0.039869 0.845001
1750711245.525953 37369027.732940 2971251.948631 5333200.097004 0.023427 0.532761 0.039869 0.845001
1750711245.530963 37369027.736054 2971251.955981 5333200.112238 0.022329 0.531834 0.038018 0.845700
1750711245.535974 37369027.736054 2971251.955981 5333200.112238 0.022329 0.531834 0.038018 0.845700
1750711245.540983 37369027.736054 2971251.955981 5333200.112238 0.022329 0.531834 0.038018 0.845700
1750711245.545994 37369027.736054 2971251.955981 5333200.112238 0.022329 0.531834 0.038018 0.845700
1750711245.551004 37369027.736054 2971251.955981 5333200.112238 0.022329 0.531834 0.038018 0.845700
1750711245.556014 37369027.736054 2971251.955981 5333200.112238 0.022329 0.531834 0.038018 0.845700
1750711245.561024 37369027.736054 2971251.955981 5333200.112238 0.022329 0.531834 0.038018 0.845700
1750711245.566034 37369027.736054 2971251.955981 5333200.112238 0.022329 0.531834 0.038018 0.845700
1750711245.571045 37369027.736054 2971251.955981 5333200.112238 0.022329 0.531834 0.038018 0.845700
1750711245.576055 37369027.736054 2971251.955981 5333200.112238 0.022329 0.531834 0.038018 0.845700
1750711245.581065 37369027.736054 2971251.955981 5333200.112238 0.022329 0.531834 0.038018 0.845700
1750711245.586075 37369027.736054 2971251.955981 5333200.112238 0.022329 0.531834 0.038018 0.845700
1750711245.591086 37369027.736054 2971251.955981 5333200.112238 0.022329 0.531834 0.038018 0.845700
1750711245.596095 37369027.736054 2971251.955981 5333200.112238 0.022329 0.531834 0.038018 0.845700
1750711245.601106 37369027.736054 2971251.955981 5333200.112238 0.022329 0.531834 0.038018 0.845700
1750711245.606116 37369027.736054 2971251.955981 5333200.112238 0.022329 0.531834 0.038018 0.845700
1750711245.611126 37369027.736054 2971251.955981 5333200.112238 0.022329 0.531834 0.038018 0.845700
1750711245.616137 37369027.736054 2971251.955981 5333200.112238 0.022329 0.531834 0.038018 0.845700
1750711245.621146 37369027.736054 2971251.955981 5333200.112238 0.022329 0.531834 0.038018 0.845700
1750711245.626157 37369027.736054 2971251.955981 5333200.112238 0.022329 0.531834 0.038018 0.845700
1750711245.631167 37369027.735906 2971251.964134 5333200.145861 0.022879 0.533025 0.035297 0.845053
1750711245.636178 37369027.735906 2971251.964134 5333200.145861 0.022879 0.533025 0.035297 0.845053
1750711245.641188 37369027.735906 2971251.964134 5333200.145861 0.022879 0.533025 0.035297 0.845053
1750711245.646198 37369027.735906 2971251.964134 5333200.145861 0.022879 0.533025 0.035297 0.845053
1750711245.651209 37369027.735906 2971251.964134 5333200.145861 0.022879 0.533025 0.035297 0.845053
1750711245.656219 37369027.735906 2971251.964134 5333200.145861 0.022879 0.533025 0.035297 0.845053
1750711245.661230 37369027.735906 2971251.964134 5333200.145861 0.022879 0.533025 0.035297 0.845053
1750711245.666239 37369027.735906 2971251.964134 5333200.145861 0.022879 0.533025 0.035297 0.845053
1750711245.671250 37369027.735906 2971251.964134 5333200.145861 0.022879 0.533025 0.035297 0.845053
1750711245.676260 37369027.735906 2971251.964134 5333200.145861 0.022879 0.533025 0.035297 0.845053
1750711245.681271 37369027.735906 2971251.964134 5333200.145861 0.022879 0.533025 0.035297 0.845053
1750711245.686281 37369027.735906 2971251.964134 5333200.145861 0.022879 0.533025 0.035297 0.845053
1750711245.691291 37369027.735906 2971251.964134 5333200.145861 0.022879 0.533025 0.035297 0.845053
1750711245.696302 37369027.735906 2971251.964134 5333200.145861 0.022879 0.533025 0.035297 0.845053
1750711245.701312 37369027.734795 2971251.967350 5333200.159678 0.021491 0.531516 0.036649 0.845982
1750711245.706322 37369027.734795 2971251.967350 5333200.159678 0.021491 0.531516 0.036649 0.845982
1750711245.711333 37369027.734795 2971251.967350 5333200.159678 0.021491 0.531516 0.036649 0.845982
1750711245.716343 37369027.734795 2971251.967350 5333200.159678 0.021491 0.531516 0.036649 0.845982
1750711245.721354 37369027.734795 2971251.967350 5333200.159678 0.021491 0.531516 0.036649 0.845982
1750711245.726364 37369027.734795 2971251.967350 5333200.159678 0.021491 0.531516 0.036649 0.845982
1750711245.731375 37369027.734795 2971251.967350 5333200.159678 0.021491 0.531516 0.036649 0.845982
1750711245.736385 37369027.734795 2971251.967350 5333200.159678 0.021491 0.531516 0.036649 0.845982
1750711245.741396 37369027.734795 2971251.967350 5333200.159678 0.021491 0.531516 0.036649 0.845982
1750711245.746406 37369027.734795 2971251.967350 5333200.159678 0.021491 0.531516 0.036649 0.845982
1750711245.751417 37369027.734795 2971251.967350 5333200.159678 0.021491 0.531516 0.036649 0.845982
1750711245.756427 37369027.734795 2971251.967350 5333200.159678 0.021491 0.531516 0.036649 0.845982
1750711245.761437 37369027.734795 2971251.967350 5333200.159678 0.021491 0.531516 0.036649 0.845982
1750711245.766448 37369027.731007 2971251.971837 5333200.181064 0.020571 0.530839 0.039266 0.846312
1750711245.771458 37369027.731007 2971251.971837 5333200.181064 0.020571 0.530839 0.039266 0.846312
1750711245.776469 37369027.731007 2971251.971837 5333200.181064 0.020571 0.530839 0.039266 0.846312
1750711245.781479 37369027.731007 2971251.971837 5333200.181064 0.020571 0.530839 0.039266 0.846312
1750711245.786490 37369027.731007 2971251.971837 5333200.181064 0.020571 0.530839 0.039266 0.846312
1750711245.791500 37369027.731007 2971251.971837 5333200.181064 0.020571 0.530839 0.039266 0.846312
1750711245.796511 37369027.731007 2971251.971837 5333200.181064 0.020571 0.530839 0.039266 0.846312
1750711245.801521 37369027.731007 2971251.971837 5333200.181064 0.020571 0.530839 0.039266 0.846312
1750711245.806532 37369027.731007 2971251.971837 5333200.181064 0.020571 0.530839 0.039266 0.846312
1750711245.811543 37369027.731007 2971251.971837 5333200.181064 0.020571 0.530839 0.039266 0.846312
1750711245.816553 37369027.731007 2971251.971837 5333200.181064 0.020571 0.530839 0.039266 0.846312
1750711245.821564 37369027.731007 2971251.971837 5333200.181064 0.020571 0.530839 0.039266 0.846312
1750711245.826574 37369027.731007 2971251.971837 5333200.181064 0.020571 0.530839 0.039266 0.846312
1750711245.831585 37369027.725818 2971251.977112 5333200.202453 0.019357 0.528370 0.041495 0.847779
1750711245.836595 37369027.725818 2971251.977112 5333200.202453 0.019357 0.528370 0.041495 0.847779
1750711245.841606 37369027.725818 2971251.977112 5333200.202453 0.019357 0.528370 0.041495 0.847779
1750711245.846617 37369027.725818 2971251.977112 5333200.202453 0.019357 0.528370 0.041495 0.847779
1750711245.851628 37369027.725818 2971251.977112 5333200.202453 0.019357 0.528370 0.041495 0.847779
1750711245.856638 37369027.725818 2971251.977112 5333200.202453 0.019357 0.528370 0.041495 0.847779
1750711245.861649 37369027.725818 2971251.977112 5333200.202453 0.019357 0.528370 0.041495 0.847779
1750711245.866660 37369027.725818 2971251.977112 5333200.202453 0.019357 0.528370 0.041495 0.847779
1750711245.871670 37369027.725818 2971251.977112 5333200.202453 0.019357 0.528370 0.041495 0.847779
1750711245.876681 37369027.725818 2971251.977112 5333200.202453 0.019357 0.528370 0.041495 0.847779
1750711245.881691 37369027.725818 2971251.977112 5333200.202453 0.019357 0.528370 0.041495 0.847779
1750711245.886702 37369027.725818 2971251.977112 5333200.202453 0.019357 0.528370 0.041495 0.847779
1750711245.891712 37369027.725818 2971251.977112 5333200.202453 0.019357 0.528370 0.041495 0.847779
1750711245.896724 37369027.725818 2971251.977112 5333200.202453 0.019357 0.528370 0.041495 0.847779
1750711245.901735 37369027.720165 2971251.982511 5333200.223601 0.018480 0.524329 0.043642 0.850196
1750711245.906745 37369027.720165 2971251.982511 5333200.223601 0.018480 0.524329 0.043642 0.850196
1750711245.911756 37369027.720165 2971251.982511 5333200.223601 0.018480 0.524329 0.043642 0.850196
1750711245.916766 37369027.720165 2971251.982511 5333200.223601 0.018480 0.524329 0.043642 0.850196
1750711245.921777 37369027.720165 2971251.982511 5333200.223601 0.018480 0.524329 0.043642 0.850196
1750711245.926788 37369027.720165 2971251.982511 5333200.223601 0.018480 0.524329 0.043642 0.850196
1750711245.931799 37369027.720165 2971251.982511 5333200.223601 0.018480 0.524329 0.043642 0.850196
1750711245.936810 37369027.720165 2971251.982511 5333200.223601 0.018480 0.524329 0.043642 0.850196
1750711245.941820 37369027.720165 2971251.982511 5333200.223601 0.018480 0.524329 0.043642 0.850196
1750711245.946832 37369027.720165 2971251.982511 5333200.223601 0.018480 0.524329 0.043642 0.850196
1750711245.951842 37369027.720165 2971251.982511 5333200.223601 0.018480 0.524329 0.043642 0.850196
1750711245.956853 37369027.720165 2971251.982511 5333200.223601 0.018480 0.524329 0.043642 0.850196
1750711245.961863 37369027.720165 2971251.982511 5333200.223601 0.018480 0.524329 0.043642 0.850196
1750711245.966875 37369027.715690 2971251.988456 5333200.245434 0.019494 0.518557 0.043839 0.853696
1750711245.971885 37369027.715690 2971251.988456 5333200.245434 0.019494 0.518557 0.043839 0.853696
1750711245.976896 37369027.715690 2971251.988456 5333200.245434 0.019494 0.518557 0.043839 0.853696
1750711245.981907 37369027.715690 2971251.988456 5333200.245434 0.019494 0.518557 0.043839 0.853696
1750711245.986918 37369027.715690 2971251.988456 5333200.245434 0.019494 0.518557 0.043839 0.853696
1750711245.991929 37369027.715690 2971251.988456 5333200.245434 0.019494 0.518557 0.043839 0.853696
1750711245.996939 37369027.715690 2971251.988456 5333200.245434 0.019494 0.518557 0.043839 0.853696
1750711246.001951 37369027.715690 2971251.988456 5333200.245434 0.019494 0.518557 0.043839 0.853696
1750711246.006961 37369027.715690 2971251.988456 5333200.245434 0.019494 0.518557 0.043839 0.853696
1750711246.011972 37369027.715690 2971251.988456 5333200.245434 0.019494 0.518557 0.043839 0.853696
1750711246.016983 37369027.715690 2971251.988456 5333200.245434 0.019494 0.518557 0.043839 0.853696
1750711246.021994 37369027.715690 2971251.988456 5333200.245434 0.019494 0.518557 0.043839 0.853696
1750711246.027005 37369027.715690 2971251.988456 5333200.245434 0.019494 0.518557 0.043839 0.853696
1750711246.032016 37369027.711139 2971251.993449 5333200.275701 0.022218 0.513044 0.043297 0.856981
1750711246.037027 37369027.711139 2971251.993449 5333200.275701 0.022218 0.513044 0.043297 0.856981
1750711246.042038 37369027.711139 2971251.993449 5333200.275701 0.022218 0.513044 0.043297 0.856981
1750711246.047049 37369027.711139 2971251.993449 5333200.275701 0.022218 0.513044 0.043297 0.856981
1750711246.052060 37369027.711139 2971251.993449 5333200.275701 0.022218 0.513044 0.043297 0.856981
1750711246.057071 37369027.711139 2971251.993449 5333200.275701 0.022218 0.513044 0.043297 0.856981
1750711246.062082 37369027.711139 2971251.993449 5333200.275701 0.022218 0.513044 0.043297 0.856981
1750711246.067093 37369027.711139 2971251.993449 5333200.275701 0.022218 0.513044 0.043297 0.856981
1750711246.072103 37369027.711139 2971251.993449 5333200.275701 0.022218 0.513044 0.043297 0.856981
1750711246.077115 37369027.711139 2971251.993449 5333200.275701 0.022218 0.513044 0.043297 0.856981
1750711246.082126 37369027.711139 2971251.993449 5333200.275701 0.022218 0.513044 0.043297 0.856981
1750711246.087137 37369027.711139 2971251.993449 5333200.275701 0.022218 0.513044 0.043297 0.856981
1750711246.092148 37369027.711139 2971251.993449 5333200.275701 0.022218 0.513044 0.043297 0.856981
1750711246.097159 37369027.711139 2971251.993449 5333200.275701 0.022218 0.513044 0.043297 0.856981
1750711246.102170 37369027.710446 2971251.995940 5333200.279820 0.024267 0.500526 0.041872 0.864368
1750711246.107181 37369027.710446 2971251.995940 5333200.279820 0.024267 0.500526 0.041872 0.864368
1750711246.112192 37369027.710446 2971251.995940 5333200.279820 0.024267 0.500526 0.041872 0.864368
1750711246.117204 37369027.710446 2971251.995940 5333200.279820 0.024267 0.500526 0.041872 0.864368
1750711246.122214 37369027.710446 2971251.995940 5333200.279820 0.024267 0.500526 0.041872 0.864368
1750711246.127226 37369027.710446 2971251.995940 5333200.279820 0.024267 0.500526 0.041872 0.864368
1750711246.132236 37369027.709599 2971251.997992 5333200.288009 0.024780 0.494585 0.041923 0.867764
1750711246.137248 37369027.709599 2971251.997992 5333200.288009 0.024780 0.494585 0.041923 0.867764
1750711246.142258 37369027.709599 2971251.997992 5333200.288009 0.024780 0.494585 0.041923 0.867764
1750711246.147270 37369027.709599 2971251.997992 5333200.288009 0.024780 0.494585 0.041923 0.867764
1750711246.152282 37369027.709599 2971251.997992 5333200.288009 0.024780 0.494585 0.041923 0.867764
1750711246.157292 37369027.709599 2971251.997992 5333200.288009 0.024780 0.494585 0.041923 0.867764
1750711246.162304 37369027.709599 2971251.997992 5333200.288009 0.024780 0.494585 0.041923 0.867764
1750711246.167315 37369027.709599 2971251.997992 5333200.288009 0.024780 0.494585 0.041923 0.867764
1750711246.172326 37369027.709599 2971251.997992 5333200.288009 0.024780 0.494585 0.041923 0.867764
1750711246.177337 37369027.709599 2971251.997992 5333200.288009 0.024780 0.494585 0.041923 0.867764
1750711246.182348 37369027.709599 2971251.997992 5333200.288009 0.024780 0.494585 0.041923 0.867764
1750711246.187360 37369027.709599 2971251.997992 5333200.288009 0.024780 0.494585 0.041923 0.867764
1750711246.192371 37369027.709599 2971251.997992 5333200.288009 0.024780 0.494585 0.041923 0.867764
1750711246.197382 37369027.709599 2971251.997992 5333200.288009 0.024780 0.494585 0.041923 0.867764
1750711246.202393 37369027.709599 2971251.997992 5333200.288009 0.024780 0.494585 0.041923 0.867764
1750711246.207405 37369027.709599 2971251.997992 5333200.288009 0.024780 0.494585 0.041923 0.867764
1750711246.212415 37369027.709599 2971251.997992 5333200.288009 0.024780 0.494585 0.041923 0.867764
1750711246.217427 37369027.709599 2971251.997992 5333200.288009 0.024780 0.494585 0.041923 0.867764
1750711246.222438 37369027.709599 2971251.997992 5333200.288009 0.024780 0.494585 0.041923 0.867764
1750711246.227449 37369027.709599 2971251.997992 5333200.288009 0.024780 0.494585 0.041923 0.867764
1750711246.232460 37369027.707258 2971252.001319 5333200.312312 0.026738 0.477563 0.042928 0.877141
1750711246.237472 37369027.707258 2971252.001319 5333200.312312 0.026738 0.477563 0.042928 0.877141
1750711246.242484 37369027.707258 2971252.001319 5333200.312312 0.026738 0.477563 0.042928 0.877141
1750711246.247495 37369027.707258 2971252.001319 5333200.312312 0.026738 0.477563 0.042928 0.877141
1750711246.252506 37369027.707258 2971252.001319 5333200.312312 0.026738 0.477563 0.042928 0.877141
1750711246.257517 37369027.707258 2971252.001319 5333200.312312 0.026738 0.477563 0.042928 0.877141
1750711246.262529 37369027.707258 2971252.001319 5333200.312312 0.026738 0.477563 0.042928 0.877141
1750711246.267540 37369027.707258 2971252.001319 5333200.312312 0.026738 0.477563 0.042928 0.877141
1750711246.272551 37369027.707258 2971252.001319 5333200.312312 0.026738 0.477563 0.042928 0.877141
1750711246.277563 37369027.707258 2971252.001319 5333200.312312 0.026738 0.477563 0.042928 0.877141
1750711246.282574 37369027.707258 2971252.001319 5333200.312312 0.026738 0.477563 0.042928 0.877141
1750711246.287586 37369027.707258 2971252.001319 5333200.312312 0.026738 0.477563 0.042928 0.877141
1750711246.292597 37369027.707258 2971252.001319 5333200.312312 0.026738 0.477563 0.042928 0.877141
1750711246.297608 37369027.707258 2971252.001319 5333200.312312 0.026738 0.477563 0.042928 0.877141
1750711246.302619 37369027.702594 2971252.004247 5333200.330818 0.028119 0.467143 0.043438 0.882666
1750711246.307631 37369027.702594 2971252.004247 5333200.330818 0.028119 0.467143 0.043438 0.882666
1750711246.312642 37369027.702594 2971252.004247 5333200.330818 0.028119 0.467143 0.043438 0.882666
1750711246.317654 37369027.702594 2971252.004247 5333200.330818 0.028119 0.467143 0.043438 0.882666
1750711246.322665 37369027.702594 2971252.004247 5333200.330818 0.028119 0.467143 0.043438 0.882666
1750711246.327677 37369027.702594 2971252.004247 5333200.330818 0.028119 0.467143 0.043438 0.882666
1750711246.332688 37369027.702594 2971252.004247 5333200.330818 0.028119 0.467143 0.043438 0.882666
1750711246.337700 37369027.702594 2971252.004247 5333200.330818 0.028119 0.467143 0.043438 0.882666
1750711246.342711 37369027.702594 2971252.004247 5333200.330818 0.028119 0.467143 0.043438 0.882666
1750711246.347722 37369027.702594 2971252.004247 5333200.330818 0.028119 0.467143 0.043438 0.882666
1750711246.352734 37369027.702594 2971252.004247 5333200.330818 0.028119 0.467143 0.043438 0.882666
1750711246.357745 37369027.702594 2971252.004247 5333200.330818 0.028119 0.467143 0.043438 0.882666
1750711246.362757 37369027.702594 2971252.004247 5333200.330818 0.028119 0.467143 0.043438 0.882666
1750711246.367768 37369027.709908 2971252.006350 5333200.338596 0.029105 0.453229 0.041660 0.889944
1750711246.372780 37369027.709908 2971252.006350 5333200.338596 0.029105 0.453229 0.041660 0.889944
1750711246.377792 37369027.709908 2971252.006350 5333200.338596 0.029105 0.453229 0.041660 0.889944
1750711246.382803 37369027.709908 2971252.006350 5333200.338596 0.029105 0.453229 0.041660 0.889944
1750711246.387815 37369027.709908 2971252.006350 5333200.338596 0.029105 0.453229 0.041660 0.889944
1750711246.392826 37369027.709908 2971252.006350 5333200.338596 0.029105 0.453229 0.041660 0.889944
1750711246.397838 37369027.709908 2971252.006350 5333200.338596 0.029105 0.453229 0.041660 0.889944
1750711246.402849 37369027.709908 2971252.006350 5333200.338596 0.029105 0.453229 0.041660 0.889944
1750711246.407861 37369027.709908 2971252.006350 5333200.338596 0.029105 0.453229 0.041660 0.889944
1750711246.412872 37369027.709908 2971252.006350 5333200.338596 0.029105 0.453229 0.041660 0.889944
1750711246.417884 37369027.709908 2971252.006350 5333200.338596 0.029105 0.453229 0.041660 0.889944
1750711246.422896 37369027.709908 2971252.006350 5333200.338596 0.029105 0.453229 0.041660 0.889944
1750711246.427907 37369027.709908 2971252.006350 5333200.338596 0.029105 0.453229 0.041660 0.889944
1750711246.432919 37369027.716017 2971252.009880 5333200.351469 0.030002 0.441092 0.039317 0.896098
1750711246.437930 37369027.716017 2971252.009880 5333200.351469 0.030002 0.441092 0.039317 0.896098
1750711246.442942 37369027.716017 2971252.009880 5333200.351469 0.030002 0.441092 0.039317 0.896098
1750711246.447953 37369027.716017 2971252.009880 5333200.351469 0.030002 0.441092 0.039317 0.896098
1750711246.452966 37369027.716017 2971252.009880 5333200.351469 0.030002 0.441092 0.039317 0.896098
1750711246.457978 37369027.716017 2971252.009880 5333200.351469 0.030002 0.441092 0.039317 0.896098
1750711246.462989 37369027.716017 2971252.009880 5333200.351469 0.030002 0.441092 0.039317 0.896098
1750711246.468001 37369027.716017 2971252.009880 5333200.351469 0.030002 0.441092 0.039317 0.896098
1750711246.473012 37369027.716017 2971252.009880 5333200.351469 0.030002 0.441092 0.039317 0.896098
1750711246.478024 37369027.716017 2971252.009880 5333200.351469 0.030002 0.441092 0.039317 0.896098
1750711246.483024 37369027.716017 2971252.009880 5333200.351469 0.030002 0.441092 0.039317 0.896098
1750711246.488024 37369027.716017 2971252.009880 5333200.351469 0.030002 0.441092 0.039317 0.896098
1750711246.493025 37369027.716017 2971252.009880 5333200.351469 0.030002 0.441092 0.039317 0.896098
1750711246.498025 37369027.716017 2971252.009880 5333200.351469 0.030002 0.441092 0.039317 0.896098
1750711246.503026 37369027.724046 2971252.014599 5333200.364031 0.030031 0.429454 0.035627 0.901886
1750711246.508025 37369027.724046 2971252.014599 5333200.364031 0.030031 0.429454 0.035627 0.901886
1750711246.513026 37369027.724046 2971252.014599 5333200.364031 0.030031 0.429454 0.035627 0.901886
1750711246.518026 37369027.724046 2971252.014599 5333200.364031 0.030031 0.429454 0.035627 0.901886
1750711246.523027 37369027.724046 2971252.014599 5333200.364031 0.030031 0.429454 0.035627 0.901886
1750711246.528026 37369027.724046 2971252.014599 5333200.364031 0.030031 0.429454 0.035627 0.901886
1750711246.533027 37369027.727808 2971252.017267 5333200.369496 0.030026 0.424470 0.034195 0.904298
1750711246.538028 37369027.727808 2971252.017267 5333200.369496 0.030026 0.424470 0.034195 0.904298
1750711246.543028 37369027.727808 2971252.017267 5333200.369496 0.030026 0.424470 0.034195 0.904298
1750711246.548028 37369027.727808 2971252.017267 5333200.369496 0.030026 0.424470 0.034195 0.904298
1750711246.553028 37369027.727808 2971252.017267 5333200.369496 0.030026 0.424470 0.034195 0.904298
1750711246.558028 37369027.727808 2971252.017267 5333200.369496 0.030026 0.424470 0.034195 0.904298
1750711246.563028 37369027.727808 2971252.017267 5333200.369496 0.030026 0.424470 0.034195 0.904298
1750711246.568029 37369027.727808 2971252.017267 5333200.369496 0.030026 0.424470 0.034195 0.904298
1750711246.573029 37369027.727808 2971252.017267 5333200.369496 0.030026 0.424470 0.034195 0.904298
1750711246.578030 37369027.727808 2971252.017267 5333200.369496 0.030026 0.424470 0.034195 0.904298
1750711246.583029 37369027.727808 2971252.017267 5333200.369496 0.030026 0.424470 0.034195 0.904298
1750711246.588030 37369027.727808 2971252.017267 5333200.369496 0.030026 0.424470 0.034195 0.904298
1750711246.593030 37369027.727808 2971252.017267 5333200.369496 0.030026 0.424470 0.034195 0.904298
1750711246.598030 37369027.727808 2971252.017267 5333200.369496 0.030026 0.424470 0.034195 0.904298
1750711246.603031 37369027.727808 2971252.017267 5333200.369496 0.030026 0.424470 0.034195 0.904298
1750711246.608031 37369027.727808 2971252.017267 5333200.369496 0.030026 0.424470 0.034195 0.904298
1750711246.613031 37369027.727808 2971252.017267 5333200.369496 0.030026 0.424470 0.034195 0.904298
1750711246.618032 37369027.727808 2971252.017267 5333200.369496 0.030026 0.424470 0.034195 0.904298
1750711246.623032 37369027.727808 2971252.017267 5333200.369496 0.030026 0.424470 0.034195 0.904298
1750711246.628032 37369027.727808 2971252.017267 5333200.369496 0.030026 0.424470 0.034195 0.904298
1750711246.633032 37369027.743139 2971252.026178 5333200.386444 0.029759 0.410713 0.028005 0.910848
1750711246.638033 37369027.743139 2971252.026178 5333200.386444 0.029759 0.410713 0.028005 0.910848
1750711246.643033 37369027.743139 2971252.026178 5333200.386444 0.029759 0.410713 0.028005 0.910848
1750711246.648033 37369027.743139 2971252.026178 5333200.386444 0.029759 0.410713 0.028005 0.910848
1750711246.653034 37369027.743139 2971252.026178 5333200.386444 0.029759 0.410713 0.028005 0.910848
1750711246.658033 37369027.743139 2971252.026178 5333200.386444 0.029759 0.410713 0.028005 0.910848
1750711246.663034 37369027.743139 2971252.026178 5333200.386444 0.029759 0.410713 0.028005 0.910848
1750711246.668034 37369027.743139 2971252.026178 5333200.386444 0.029759 0.410713 0.028005 0.910848
1750711246.673035 37369027.743139 2971252.026178 5333200.386444 0.029759 0.410713 0.028005 0.910848
1750711246.678034 37369027.743139 2971252.026178 5333200.386444 0.029759 0.410713 0.028005 0.910848
1750711246.683035 37369027.743139 2971252.026178 5333200.386444 0.029759 0.410713 0.028005 0.910848
1750711246.688035 37369027.743139 2971252.026178 5333200.386444 0.029759 0.410713 0.028005 0.910848
1750711246.693035 37369027.743139 2971252.026178 5333200.386444 0.029759 0.410713 0.028005 0.910848
1750711246.698035 37369027.743139 2971252.026178 5333200.386444 0.029759 0.410713 0.028005 0.910848
1750711246.699594 37369027.756967 2971252.031098 5333200.398624 0.027866 0.400899 0.024336 0.915375
1750711246.703036 37369027.756967 2971252.031098 5333200.398624 0.027866 0.400899 0.024336 0.915375
1750711246.708036 37369027.756967 2971252.031098 5333200.398624 0.027866 0.400899 0.024336 0.915375
1750711246.713036 37369027.756967 2971252.031098 5333200.398624 0.027866 0.400899 0.024336 0.915375
1750711246.718037 37369027.756967 2971252.031098 5333200.398624 0.027866 0.400899 0.024336 0.915375
1750711246.723037 37369027.756967 2971252.031098 5333200.398624 0.027866 0.400899 0.024336 0.915375
1750711246.728037 37369027.756967 2971252.031098 5333200.398624 0.027866 0.400899 0.024336 0.915375
1750711246.733037 37369027.756967 2971252.031098 5333200.398624 0.027866 0.400899 0.024336 0.915375
1750711246.738037 37369027.756967 2971252.031098 5333200.398624 0.027866 0.400899 0.024336 0.915375
1750711246.743038 37369027.756967 2971252.031098 5333200.398624 0.027866 0.400899 0.024336 0.915375
1750711246.748038 37369027.756967 2971252.031098 5333200.398624 0.027866 0.400899 0.024336 0.915375
1750711246.753038 37369027.756967 2971252.031098 5333200.398624 0.027866 0.400899 0.024336 0.915375
1750711246.758038 37369027.756967 2971252.031098 5333200.398624 0.027866 0.400899 0.024336 0.915375
1750711246.763038 37369027.756967 2971252.031098 5333200.398624 0.027866 0.400899 0.024336 0.915375
1750711246.768039 37369027.756967 2971252.031098 5333200.398624 0.027866 0.400899 0.024336 0.915375
1750711246.773039 37369027.756967 2971252.031098 5333200.398624 0.027866 0.400899 0.024336 0.915375
1750711246.778039 37369027.756967 2971252.031098 5333200.398624 0.027866 0.400899 0.024336 0.915375
1750711246.783039 37369027.756967 2971252.031098 5333200.398624 0.027866 0.400899 0.024336 0.915375
1750711246.788040 37369027.756967 2971252.031098 5333200.398624 0.027866 0.400899 0.024336 0.915375
1750711246.793040 37369027.756967 2971252.031098 5333200.398624 0.027866 0.400899 0.024336 0.915375
1750711246.798040 37369027.756967 2971252.031098 5333200.398624 0.027866 0.400899 0.024336 0.915375
1750711246.803040 37369027.780955 2971252.037830 5333200.409990 0.018519 0.384789 0.022790 0.922537
1750711246.808040 37369027.780955 2971252.037830 5333200.409990 0.018519 0.384789 0.022790 0.922537
1750711246.813040 37369027.780955 2971252.037830 5333200.409990 0.018519 0.384789 0.022790 0.922537
1750711246.818041 37369027.780955 2971252.037830 5333200.409990 0.018519 0.384789 0.022790 0.922537
1750711246.823041 37369027.780955 2971252.037830 5333200.409990 0.018519 0.384789 0.022790 0.922537
1750711246.828041 37369027.780955 2971252.037830 5333200.409990 0.018519 0.384789 0.022790 0.922537
1750711246.833042 37369027.780955 2971252.037830 5333200.409990 0.018519 0.384789 0.022790 0.922537
1750711246.838041 37369027.780955 2971252.037830 5333200.409990 0.018519 0.384789 0.022790 0.922537
1750711246.843042 37369027.780955 2971252.037830 5333200.409990 0.018519 0.384789 0.022790 0.922537
1750711246.848042 37369027.780955 2971252.037830 5333200.409990 0.018519 0.384789 0.022790 0.922537
1750711246.853042 37369027.780955 2971252.037830 5333200.409990 0.018519 0.384789 0.022790 0.922537
1750711246.858043 37369027.780955 2971252.037830 5333200.409990 0.018519 0.384789 0.022790 0.922537
1750711246.863043 37369027.780955 2971252.037830 5333200.409990 0.018519 0.384789 0.022790 0.922537
1750711246.868043 37369027.780955 2971252.037830 5333200.409990 0.018519 0.384789 0.022790 0.922537
1750711246.873043 37369027.780955 2971252.037830 5333200.409990 0.018519 0.384789 0.022790 0.922537
1750711246.878043 37369027.780955 2971252.037830 5333200.409990 0.018519 0.384789 0.022790 0.922537
1750711246.883043 37369027.780955 2971252.037830 5333200.409990 0.018519 0.384789 0.022790 0.922537
1750711246.888044 37369027.780955 2971252.037830 5333200.409990 0.018519 0.384789 0.022790 0.922537
1750711246.893043 37369027.780955 2971252.037830 5333200.409990 0.018519 0.384789 0.022790 0.922537
1750711246.898044 37369027.780955 2971252.037830 5333200.409990 0.018519 0.384789 0.022790 0.922537
1750711246.903044 37369027.808134 2971252.044192 5333200.422706 0.005625 0.372362 0.020132 0.927852
1750711246.908044 37369027.808134 2971252.044192 5333200.422706 0.005625 0.372362 0.020132 0.927852
1750711246.913045 37369027.808134 2971252.044192 5333200.422706 0.005625 0.372362 0.020132 0.927852
1750711246.918044 37369027.808134 2971252.044192 5333200.422706 0.005625 0.372362 0.020132 0.927852
1750711246.923045 37369027.808134 2971252.044192 5333200.422706 0.005625 0.372362 0.020132 0.927852
1750711246.928045 37369027.808134 2971252.044192 5333200.422706 0.005625 0.372362 0.020132 0.927852
1750711246.933045 37369027.808134 2971252.044192 5333200.422706 0.005625 0.372362 0.020132 0.927852
1750711246.938045 37369027.808134 2971252.044192 5333200.422706 0.005625 0.372362 0.020132 0.927852
1750711246.943045 37369027.808134 2971252.044192 5333200.422706 0.005625 0.372362 0.020132 0.927852
1750711246.948046 37369027.808134 2971252.044192 5333200.422706 0.005625 0.372362 0.020132 0.927852
1750711246.953046 37369027.808134 2971252.044192 5333200.422706 0.005625 0.372362 0.020132 0.927852
1750711246.958046 37369027.808134 2971252.044192 5333200.422706 0.005625 0.372362 0.020132 0.927852
1750711246.963046 37369027.808134 2971252.044192 5333200.422706 0.005625 0.372362 0.020132 0.927852
1750711246.968046 37369027.808134 2971252.044192 5333200.422706 0.005625 0.372362 0.020132 0.927852
1750711246.973046 37369027.808134 2971252.044192 5333200.422706 0.005625 0.372362 0.020132 0.927852
1750711246.978047 37369027.808134 2971252.044192 5333200.422706 0.005625 0.372362 0.020132 0.927852
1750711246.983046 37369027.808134 2971252.044192 5333200.422706 0.005625 0.372362 0.020132 0.927852
1750711246.988047 37369027.808134 2971252.044192 5333200.422706 0.005625 0.372362 0.020132 0.927852
1750711246.993047 37369027.808134 2971252.044192 5333200.422706 0.005625 0.372362 0.020132 0.927852
1750711246.998047 37369027.808134 2971252.044192 5333200.422706 0.005625 0.372362 0.020132 0.927852
1750711247.003048 37369027.835023 2971252.051024 5333200.440245 -0.005877 0.363979 0.016809 0.931237
1750711247.008047 37369027.835023 2971252.051024 5333200.440245 -0.005877 0.363979 0.016809 0.931237
1750711247.013048 37369027.835023 2971252.051024 5333200.440245 -0.005877 0.363979 0.016809 0.931237
1750711247.018048 37369027.835023 2971252.051024 5333200.440245 -0.005877 0.363979 0.016809 0.931237
1750711247.023048 37369027.835023 2971252.051024 5333200.440245 -0.005877 0.363979 0.016809 0.931237
1750711247.028048 37369027.835023 2971252.051024 5333200.440245 -0.005877 0.363979 0.016809 0.931237
1750711247.033048 37369027.835023 2971252.051024 5333200.440245 -0.005877 0.363979 0.016809 0.931237
1750711247.038048 37369027.835023 2971252.051024 5333200.440245 -0.005877 0.363979 0.016809 0.931237
1750711247.043048 37369027.835023 2971252.051024 5333200.440245 -0.005877 0.363979 0.016809 0.931237
1750711247.048049 37369027.835023 2971252.051024 5333200.440245 -0.005877 0.363979 0.016809 0.931237
1750711247.053049 37369027.835023 2971252.051024 5333200.440245 -0.005877 0.363979 0.016809 0.931237
1750711247.058049 37369027.835023 2971252.051024 5333200.440245 -0.005877 0.363979 0.016809 0.931237
1750711247.063049 37369027.835023 2971252.051024 5333200.440245 -0.005877 0.363979 0.016809 0.931237
1750711247.068049 37369027.854515 2971252.054608 5333200.453413 -0.009708 0.356527 0.013760 0.934133
1750711247.073049 37369027.854515 2971252.054608 5333200.453413 -0.009708 0.356527 0.013760 0.934133
1750711247.078049 37369027.854515 2971252.054608 5333200.453413 -0.009708 0.356527 0.013760 0.934133
1750711247.083050 37369027.854515 2971252.054608 5333200.453413 -0.009708 0.356527 0.013760 0.934133
1750711247.088050 37369027.854515 2971252.054608 5333200.453413 -0.009708 0.356527 0.013760 0.934133
1750711247.093050 37369027.854515 2971252.054608 5333200.453413 -0.009708 0.356527 0.013760 0.934133
1750711247.098050 37369027.854515 2971252.054608 5333200.453413 -0.009708 0.356527 0.013760 0.934133
1750711247.103050 37369027.854515 2971252.054608 5333200.453413 -0.009708 0.356527 0.013760 0.934133
1750711247.108050 37369027.854515 2971252.054608 5333200.453413 -0.009708 0.356527 0.013760 0.934133
1750711247.113051 37369027.854515 2971252.054608 5333200.453413 -0.009708 0.356527 0.013760 0.934133
1750711247.118051 37369027.854515 2971252.054608 5333200.453413 -0.009708 0.356527 0.013760 0.934133
1750711247.123051 37369027.854515 2971252.054608 5333200.453413 -0.009708 0.356527 0.013760 0.934133
1750711247.128051 37369027.854515 2971252.054608 5333200.453413 -0.009708 0.356527 0.013760 0.934133
1750711247.133051 37369027.871947 2971252.059416 5333200.468057 -0.010818 0.347117 0.009622 0.937710
1750711247.138052 37369027.871947 2971252.059416 5333200.468057 -0.010818 0.347117 0.009622 0.937710
1750711247.143051 37369027.871947 2971252.059416 5333200.468057 -0.010818 0.347117 0.009622 0.937710
1750711247.148052 37369027.871947 2971252.059416 5333200.468057 -0.010818 0.347117 0.009622 0.937710
1750711247.153051 37369027.871947 2971252.059416 5333200.468057 -0.010818 0.347117 0.009622 0.937710
1750711247.158052 37369027.871947 2971252.059416 5333200.468057 -0.010818 0.347117 0.009622 0.937710
1750711247.163052 37369027.871947 2971252.059416 5333200.468057 -0.010818 0.347117 0.009622 0.937710
1750711247.168052 37369027.871947 2971252.059416 5333200.468057 -0.010818 0.347117 0.009622 0.937710
1750711247.173052 37369027.871947 2971252.059416 5333200.468057 -0.010818 0.347117 0.009622 0.937710
1750711247.178052 37369027.871947 2971252.059416 5333200.468057 -0.010818 0.347117 0.009622 0.937710
1750711247.183053 37369027.871947 2971252.059416 5333200.468057 -0.010818 0.347117 0.009622 0.937710
1750711247.188052 37369027.871947 2971252.059416 5333200.468057 -0.010818 0.347117 0.009622 0.937710
1750711247.193053 37369027.871947 2971252.059416 5333200.468057 -0.010818 0.347117 0.009622 0.937710
1750711247.198052 37369027.871947 2971252.059416 5333200.468057 -0.010818 0.347117 0.009622 0.937710
1750711247.203053 37369027.887632 2971252.062925 5333200.483806 -0.011391 0.337526 0.006374 0.941225
1750711247.208053 37369027.887632 2971252.062925 5333200.483806 -0.011391 0.337526 0.006374 0.941225
1750711247.213053 37369027.887632 2971252.062925 5333200.483806 -0.011391 0.337526 0.006374 0.941225
1750711247.218053 37369027.887632 2971252.062925 5333200.483806 -0.011391 0.337526 0.006374 0.941225
1750711247.223053 37369027.887632 2971252.062925 5333200.483806 -0.011391 0.337526 0.006374 0.941225
1750711247.228054 37369027.887632 2971252.062925 5333200.483806 -0.011391 0.337526 0.006374 0.941225
1750711247.233053 37369027.887632 2971252.062925 5333200.483806 -0.011391 0.337526 0.006374 0.941225
1750711247.238053 37369027.887632 2971252.062925 5333200.483806 -0.011391 0.337526 0.006374 0.941225
1750711247.243053 37369027.887632 2971252.062925 5333200.483806 -0.011391 0.337526 0.006374 0.941225
1750711247.248054 37369027.887632 2971252.062925 5333200.483806 -0.011391 0.337526 0.006374 0.941225
1750711247.253053 37369027.887632 2971252.062925 5333200.483806 -0.011391 0.337526 0.006374 0.941225
1750711247.258054 37369027.887632 2971252.062925 5333200.483806 -0.011391 0.337526 0.006374 0.941225
1750711247.263054 37369027.887632 2971252.062925 5333200.483806 -0.011391 0.337526 0.006374 0.941225
1750711247.268054 37369027.898094 2971252.065363 5333200.500135 -0.008283 0.326973 0.004001 0.944989
1750711247.273054 37369027.898094 2971252.065363 5333200.500135 -0.008283 0.326973 0.004001 0.944989
1750711247.278054 37369027.898094 2971252.065363 5333200.500135 -0.008283 0.326973 0.004001 0.944989
1750711247.283054 37369027.898094 2971252.065363 5333200.500135 -0.008283 0.326973 0.004001 0.944989
1750711247.288055 37369027.898094 2971252.065363 5333200.500135 -0.008283 0.326973 0.004001 0.944989
1750711247.293055 37369027.898094 2971252.065363 5333200.500135 -0.008283 0.326973 0.004001 0.944989
1750711247.298055 37369027.898094 2971252.065363 5333200.500135 -0.008283 0.326973 0.004001 0.944989
1750711247.303054 37369027.898094 2971252.065363 5333200.500135 -0.008283 0.326973 0.004001 0.944989
1750711247.308055 37369027.898094 2971252.065363 5333200.500135 -0.008283 0.326973 0.004001 0.944989
1750711247.313055 37369027.898094 2971252.065363 5333200.500135 -0.008283 0.326973 0.004001 0.944989
1750711247.318055 37369027.898094 2971252.065363 5333200.500135 -0.008283 0.326973 0.004001 0.944989
1750711247.323054 37369027.898094 2971252.065363 5333200.500135 -0.008283 0.326973 0.004001 0.944989
1750711247.328055 37369027.898094 2971252.065363 5333200.500135 -0.008283 0.326973 0.004001 0.944989
1750711247.333055 37369027.904674 2971252.070863 5333200.518180 -0.003535 0.315960 0.001643 0.948764
1750711247.338055 37369027.904674 2971252.070863 5333200.518180 -0.003535 0.315960 0.001643 0.948764
1750711247.343056 37369027.904674 2971252.070863 5333200.518180 -0.003535 0.315960 0.001643 0.948764
1750711247.348055 37369027.904674 2971252.070863 5333200.518180 -0.003535 0.315960 0.001643 0.948764
1750711247.353056 37369027.904674 2971252.070863 5333200.518180 -0.003535 0.315960 0.001643 0.948764
1750711247.358055 37369027.904674 2971252.070863 5333200.518180 -0.003535 0.315960 0.001643 0.948764
1750711247.363056 37369027.904674 2971252.070863 5333200.518180 -0.003535 0.315960 0.001643 0.948764
1750711247.368055 37369027.904674 2971252.070863 5333200.518180 -0.003535 0.315960 0.001643 0.948764
1750711247.373056 37369027.904674 2971252.070863 5333200.518180 -0.003535 0.315960 0.001643 0.948764
1750711247.378055 37369027.904674 2971252.070863 5333200.518180 -0.003535 0.315960 0.001643 0.948764
1750711247.383056 37369027.904674 2971252.070863 5333200.518180 -0.003535 0.315960 0.001643 0.948764
1750711247.388056 37369027.904674 2971252.070863 5333200.518180 -0.003535 0.315960 0.001643 0.948764
1750711247.393056 37369027.904674 2971252.070863 5333200.518180 -0.003535 0.315960 0.001643 0.948764
1750711247.398056 37369027.904674 2971252.070863 5333200.518180 -0.003535 0.315960 0.001643 0.948764
1750711247.403056 37369027.904674 2971252.070863 5333200.518180 -0.003535 0.315960 0.001643 0.948764
1750711247.408056 37369027.904674 2971252.070863 5333200.518180 -0.003535 0.315960 0.001643 0.948764
1750711247.413056 37369027.904674 2971252.070863 5333200.518180 -0.003535 0.315960 0.001643 0.948764
1750711247.418056 37369027.904674 2971252.070863 5333200.518180 -0.003535 0.315960 0.001643 0.948764
1750711247.423057 37369027.904674 2971252.070863 5333200.518180 -0.003535 0.315960 0.001643 0.948764
1750711247.428056 37369027.904674 2971252.070863 5333200.518180 -0.003535 0.315960 0.001643 0.948764
1750711247.433057 37369027.920005 2971252.081532 5333200.537448 0.000614 0.301953 -0.003194 0.953317
1750711247.438056 37369027.920005 2971252.081532 5333200.537448 0.000614 0.301953 -0.003194 0.953317
1750711247.443057 37369027.920005 2971252.081532 5333200.537448 0.000614 0.301953 -0.003194 0.953317
1750711247.448056 37369027.920005 2971252.081532 5333200.537448 0.000614 0.301953 -0.003194 0.953317
1750711247.453057 37369027.920005 2971252.081532 5333200.537448 0.000614 0.301953 -0.003194 0.953317
1750711247.458056 37369027.920005 2971252.081532 5333200.537448 0.000614 0.301953 -0.003194 0.953317
1750711247.463057 37369027.920005 2971252.081532 5333200.537448 0.000614 0.301953 -0.003194 0.953317
1750711247.468057 37369027.920005 2971252.081532 5333200.537448 0.000614 0.301953 -0.003194 0.953317
1750711247.473057 37369027.920005 2971252.081532 5333200.537448 0.000614 0.301953 -0.003194 0.953317
1750711247.478057 37369027.920005 2971252.081532 5333200.537448 0.000614 0.301953 -0.003194 0.953317
1750711247.483057 37369027.920005 2971252.081532 5333200.537448 0.000614 0.301953 -0.003194 0.953317
1750711247.488058 37369027.920005 2971252.081532 5333200.537448 0.000614 0.301953 -0.003194 0.953317
1750711247.493057 37369027.920005 2971252.081532 5333200.537448 0.000614 0.301953 -0.003194 0.953317
1750711247.498058 37369027.920005 2971252.081532 5333200.537448 0.000614 0.301953 -0.003194 0.953317
1750711247.503059 37369027.927274 2971252.086541 5333200.555347 0.004268 0.295225 -0.008229 0.955383
1750711247.508059 37369027.927274 2971252.086541 5333200.555347 0.004268 0.295225 -0.008229 0.955383
1750711247.513059 37369027.927274 2971252.086541 5333200.555347 0.004268 0.295225 -0.008229 0.955383
1750711247.518059 37369027.927274 2971252.086541 5333200.555347 0.004268 0.295225 -0.008229 0.955383
1750711247.523060 37369027.927274 2971252.086541 5333200.555347 0.004268 0.295225 -0.008229 0.955383
1750711247.528060 37369027.927274 2971252.086541 5333200.555347 0.004268 0.295225 -0.008229 0.955383
1750711247.533060 37369027.927274 2971252.086541 5333200.555347 0.004268 0.295225 -0.008229 0.955383
1750711247.538060 37369027.927274 2971252.086541 5333200.555347 0.004268 0.295225 -0.008229 0.955383
1750711247.543061 37369027.927274 2971252.086541 5333200.555347 0.004268 0.295225 -0.008229 0.955383
1750711247.548061 37369027.927274 2971252.086541 5333200.555347 0.004268 0.295225 -0.008229 0.955383
1750711247.553061 37369027.927274 2971252.086541 5333200.555347 0.004268 0.295225 -0.008229 0.955383
1750711247.558062 37369027.927274 2971252.086541 5333200.555347 0.004268 0.295225 -0.008229 0.955383
1750711247.563062 37369027.927274 2971252.086541 5333200.555347 0.004268 0.295225 -0.008229 0.955383
1750711247.568063 37369027.932442 2971252.091337 5333200.573173 0.006127 0.286717 -0.013484 0.957901
1750711247.573062 37369027.932442 2971252.091337 5333200.573173 0.006127 0.286717 -0.013484 0.957901
1750711247.578063 37369027.932442 2971252.091337 5333200.573173 0.006127 0.286717 -0.013484 0.957901
1750711247.583063 37369027.932442 2971252.091337 5333200.573173 0.006127 0.286717 -0.013484 0.957901
1750711247.588063 37369027.932442 2971252.091337 5333200.573173 0.006127 0.286717 -0.013484 0.957901
1750711247.593064 37369027.932442 2971252.091337 5333200.573173 0.006127 0.286717 -0.013484 0.957901
1750711247.598064 37369027.932442 2971252.091337 5333200.573173 0.006127 0.286717 -0.013484 0.957901
1750711247.603065 37369027.932442 2971252.091337 5333200.573173 0.006127 0.286717 -0.013484 0.957901
1750711247.608064 37369027.932442 2971252.091337 5333200.573173 0.006127 0.286717 -0.013484 0.957901
1750711247.613065 37369027.932442 2971252.091337 5333200.573173 0.006127 0.286717 -0.013484 0.957901
1750711247.618066 37369027.932442 2971252.091337 5333200.573173 0.006127 0.286717 -0.013484 0.957901
1750711247.623065 37369027.932442 2971252.091337 5333200.573173 0.006127 0.286717 -0.013484 0.957901
1750711247.628065 37369027.932442 2971252.091337 5333200.573173 0.006127 0.286717 -0.013484 0.957901
1750711247.633066 37369027.936134 2971252.096695 5333200.591649 0.007138 0.277477 -0.018570 0.960526
1750711247.638067 37369027.936134 2971252.096695 5333200.591649 0.007138 0.277477 -0.018570 0.960526
1750711247.643066 37369027.936134 2971252.096695 5333200.591649 0.007138 0.277477 -0.018570 0.960526
1750711247.648067 37369027.936134 2971252.096695 5333200.591649 0.007138 0.277477 -0.018570 0.960526
1750711247.653067 37369027.936134 2971252.096695 5333200.591649 0.007138 0.277477 -0.018570 0.960526
1750711247.658068 37369027.936134 2971252.096695 5333200.591649 0.007138 0.277477 -0.018570 0.960526
1750711247.663067 37369027.936134 2971252.096695 5333200.591649 0.007138 0.277477 -0.018570 0.960526
1750711247.668068 37369027.936134 2971252.096695 5333200.591649 0.007138 0.277477 -0.018570 0.960526
1750711247.673069 37369027.936134 2971252.096695 5333200.591649 0.007138 0.277477 -0.018570 0.960526
1750711247.678068 37369027.936134 2971252.096695 5333200.591649 0.007138 0.277477 -0.018570 0.960526
1750711247.683069 37369027.936134 2971252.096695 5333200.591649 0.007138 0.277477 -0.018570 0.960526
1750711247.688069 37369027.936134 2971252.096695 5333200.591649 0.007138 0.277477 -0.018570 0.960526
1750711247.693069 37369027.936134 2971252.096695 5333200.591649 0.007138 0.277477 -0.018570 0.960526
1750711247.698070 37369027.936134 2971252.096695 5333200.591649 0.007138 0.277477 -0.018570 0.960526
1750711247.703070 37369027.936134 2971252.096695 5333200.591649 0.007138 0.277477 -0.018570 0.960526
1750711247.708071 37369027.936134 2971252.096695 5333200.591649 0.007138 0.277477 -0.018570 0.960526
1750711247.713070 37369027.936134 2971252.096695 5333200.591649 0.007138 0.277477 -0.018570 0.960526
1750711247.718071 37369027.936134 2971252.096695 5333200.591649 0.007138 0.277477 -0.018570 0.960526
1750711247.723071 37369027.936134 2971252.096695 5333200.591649 0.007138 0.277477 -0.018570 0.960526
1750711247.728071 37369027.936134 2971252.096695 5333200.591649 0.007138 0.277477 -0.018570 0.960526
1750711247.733071 37369027.939515 2971252.103282 5333200.619350 0.007628 0.263888 -0.021837 0.964276
1750711247.738072 37369027.939515 2971252.103282 5333200.619350 0.007628 0.263888 -0.021837 0.964276
1750711247.743072 37369027.939515 2971252.103282 5333200.619350 0.007628 0.263888 -0.021837 0.964276
1750711247.748072 37369027.939515 2971252.103282 5333200.619350 0.007628 0.263888 -0.021837 0.964276
1750711247.753073 37369027.939515 2971252.103282 5333200.619350 0.007628 0.263888 -0.021837 0.964276
1750711247.758073 37369027.939515 2971252.103282 5333200.619350 0.007628 0.263888 -0.021837 0.964276
1750711247.763073 37369027.939515 2971252.103282 5333200.619350 0.007628 0.263888 -0.021837 0.964276
1750711247.768073 37369027.939515 2971252.103282 5333200.619350 0.007628 0.263888 -0.021837 0.964276
1750711247.773074 37369027.939515 2971252.103282 5333200.619350 0.007628 0.263888 -0.021837 0.964276
1750711247.778074 37369027.939515 2971252.103282 5333200.619350 0.007628 0.263888 -0.021837 0.964276
1750711247.783074 37369027.939515 2971252.103282 5333200.619350 0.007628 0.263888 -0.021837 0.964276
1750711247.788075 37369027.939515 2971252.103282 5333200.619350 0.007628 0.263888 -0.021837 0.964276
1750711247.793074 37369027.939515 2971252.103282 5333200.619350 0.007628 0.263888 -0.021837 0.964276
1750711247.798075 37369027.939515 2971252.103282 5333200.619350 0.007628 0.263888 -0.021837 0.964276
1750711247.803075 37369027.937330 2971252.106417 5333200.636909 0.008098 0.257195 -0.021661 0.966083
1750711247.813075 37369027.937330 2971252.106417 5333200.636909 0.008098 0.257195 -0.021661 0.966083
1750711247.818076 37369027.937330 2971252.106417 5333200.636909 0.008098 0.257195 -0.021661 0.966083
1750711247.823076 37369027.937330 2971252.106417 5333200.636909 0.008098 0.257195 -0.021661 0.966083
1750711247.828076 37369027.937330 2971252.106417 5333200.636909 0.008098 0.257195 -0.021661 0.966083
1750711247.833077 37369027.934350 2971252.108690 5333200.645871 0.007509 0.254961 -0.019762 0.966720
1750711247.838076 37369027.934350 2971252.108690 5333200.645871 0.007509 0.254961 -0.019762 0.966720
1750711247.843077 37369027.934350 2971252.108690 5333200.645871 0.007509 0.254961 -0.019762 0.966720
1750711247.848077 37369027.934350 2971252.108690 5333200.645871 0.007509 0.254961 -0.019762 0.966720
1750711247.853078 37369027.934350 2971252.108690 5333200.645871 0.007509 0.254961 -0.019762 0.966720
1750711247.858077 37369027.934350 2971252.108690 5333200.645871 0.007509 0.254961 -0.019762 0.966720
1750711247.863078 37369027.934350 2971252.108690 5333200.645871 0.007509 0.254961 -0.019762 0.966720
1750711247.868079 37369027.934350 2971252.108690 5333200.645871 0.007509 0.254961 -0.019762 0.966720
1750711247.873078 37369027.934350 2971252.108690 5333200.645871 0.007509 0.254961 -0.019762 0.966720
1750711247.878079 37369027.934350 2971252.108690 5333200.645871 0.007509 0.254961 -0.019762 0.966720
1750711247.883079 37369027.934350 2971252.108690 5333200.645871 0.007509 0.254961 -0.019762 0.966720
1750711247.888079 37369027.934350 2971252.108690 5333200.645871 0.007509 0.254961 -0.019762 0.966720
1750711247.893079 37369027.934350 2971252.108690 5333200.645871 0.007509 0.254961 -0.019762 0.966720
1750711247.898079 37369027.934350 2971252.108690 5333200.645871 0.007509 0.254961 -0.019762 0.966720
1750711247.903079 37369027.934350 2971252.108690 5333200.645871 0.007509 0.254961 -0.019762 0.966720
1750711247.908080 37369027.934350 2971252.108690 5333200.645871 0.007509 0.254961 -0.019762 0.966720
1750711247.913081 37369027.934350 2971252.108690 5333200.645871 0.007509 0.254961 -0.019762 0.966720
1750711247.918080 37369027.934350 2971252.108690 5333200.645871 0.007509 0.254961 -0.019762 0.966720
1750711247.923081 37369027.934350 2971252.108690 5333200.645871 0.007509 0.254961 -0.019762 0.966720
1750711247.928081 37369027.934350 2971252.108690 5333200.645871 0.007509 0.254961 -0.019762 0.966720
1750711247.933081 37369027.923438 2971252.112676 5333200.674887 0.004478 0.252086 -0.008785 0.967655
1750711247.938081 37369027.923438 2971252.112676 5333200.674887 0.004478 0.252086 -0.008785 0.967655
1750711247.943081 37369027.923438 2971252.112676 5333200.674887 0.004478 0.252086 -0.008785 0.967655
1750711247.948082 37369027.923438 2971252.112676 5333200.674887 0.004478 0.252086 -0.008785 0.967655
1750711247.953082 37369027.923438 2971252.112676 5333200.674887 0.004478 0.252086 -0.008785 0.967655
1750711247.958083 37369027.923438 2971252.112676 5333200.674887 0.004478 0.252086 -0.008785 0.967655
1750711247.963082 37369027.923438 2971252.112676 5333200.674887 0.004478 0.252086 -0.008785 0.967655
1750711247.968083 37369027.923438 2971252.112676 5333200.674887 0.004478 0.252086 -0.008785 0.967655
1750711247.973082 37369027.923438 2971252.112676 5333200.674887 0.004478 0.252086 -0.008785 0.967655
1750711247.978083 37369027.923438 2971252.112676 5333200.674887 0.004478 0.252086 -0.008785 0.967655
1750711247.983083 37369027.923438 2971252.112676 5333200.674887 0.004478 0.252086 -0.008785 0.967655
1750711247.988083 37369027.923438 2971252.112676 5333200.674887 0.004478 0.252086 -0.008785 0.967655
1750711247.993083 37369027.923438 2971252.112676 5333200.674887 0.004478 0.252086 -0.008785 0.967655
1750711247.998084 37369027.923438 2971252.112676 5333200.674887 0.004478 0.252086 -0.008785 0.967655
1750711248.003083 37369027.913295 2971252.114244 5333200.697483 0.005227 0.251581 -0.001561 0.967821
1750711248.008084 37369027.913295 2971252.114244 5333200.697483 0.005227 0.251581 -0.001561 0.967821
1750711248.013084 37369027.913295 2971252.114244 5333200.697483 0.005227 0.251581 -0.001561 0.967821
1750711248.018084 37369027.913295 2971252.114244 5333200.697483 0.005227 0.251581 -0.001561 0.967821
1750711248.023085 37369027.913295 2971252.114244 5333200.697483 0.005227 0.251581 -0.001561 0.967821
1750711248.028085 37369027.913295 2971252.114244 5333200.697483 0.005227 0.251581 -0.001561 0.967821
1750711248.033085 37369027.913295 2971252.114244 5333200.697483 0.005227 0.251581 -0.001561 0.967821
1750711248.038086 37369027.913295 2971252.114244 5333200.697483 0.005227 0.251581 -0.001561 0.967821
1750711248.043085 37369027.913295 2971252.114244 5333200.697483 0.005227 0.251581 -0.001561 0.967821
1750711248.048086 37369027.913295 2971252.114244 5333200.697483 0.005227 0.251581 -0.001561 0.967821
1750711248.053085 37369027.913295 2971252.114244 5333200.697483 0.005227 0.251581 -0.001561 0.967821
1750711248.058086 37369027.913295 2971252.114244 5333200.697483 0.005227 0.251581 -0.001561 0.967821
1750711248.063086 37369027.913295 2971252.114244 5333200.697483 0.005227 0.251581 -0.001561 0.967821
1750711248.068087 37369027.913295 2971252.114244 5333200.697483 0.005227 0.251581 -0.001561 0.967821
1750711248.073086 37369027.913295 2971252.114244 5333200.697483 0.005227 0.251581 -0.001561 0.967821
1750711248.078087 37369027.913295 2971252.114244 5333200.697483 0.005227 0.251581 -0.001561 0.967821
1750711248.083087 37369027.913295 2971252.114244 5333200.697483 0.005227 0.251581 -0.001561 0.967821
1750711248.088087 37369027.913295 2971252.114244 5333200.697483 0.005227 0.251581 -0.001561 0.967821
1750711248.093087 37369027.913295 2971252.114244 5333200.697483 0.005227 0.251581 -0.001561 0.967821
1750711248.098087 37369027.913295 2971252.114244 5333200.697483 0.005227 0.251581 -0.001561 0.967821
1750711248.103088 37369027.896124 2971252.118226 5333200.733331 0.009455 0.249257 0.011112 0.968327
1750711248.108087 37369027.896124 2971252.118226 5333200.733331 0.009455 0.249257 0.011112 0.968327
1750711248.113088 37369027.896124 2971252.118226 5333200.733331 0.009455 0.249257 0.011112 0.968327
1750711248.118089 37369027.896124 2971252.118226 5333200.733331 0.009455 0.249257 0.011112 0.968327
1750711248.123088 37369027.896124 2971252.118226 5333200.733331 0.009455 0.249257 0.011112 0.968327
1750711248.128089 37369027.896124 2971252.118226 5333200.733331 0.009455 0.249257 0.011112 0.968327
1750711248.133088 37369027.896124 2971252.118226 5333200.733331 0.009455 0.249257 0.011112 0.968327
1750711248.138089 37369027.896124 2971252.118226 5333200.733331 0.009455 0.249257 0.011112 0.968327
1750711248.143089 37369027.896124 2971252.118226 5333200.733331 0.009455 0.249257 0.011112 0.968327
1750711248.148089 37369027.896124 2971252.118226 5333200.733331 0.009455 0.249257 0.011112 0.968327
1750711248.153089 37369027.896124 2971252.118226 5333200.733331 0.009455 0.249257 0.011112 0.968327
1750711248.158090 37369027.896124 2971252.118226 5333200.733331 0.009455 0.249257 0.011112 0.968327
1750711248.163090 37369027.896124 2971252.118226 5333200.733331 0.009455 0.249257 0.011112 0.968327
1750711248.168090 37369027.882561 2971252.120016 5333200.759386 0.014122 0.246008 0.018262 0.968993
1750711248.173090 37369027.882561 2971252.120016 5333200.759386 0.014122 0.246008 0.018262 0.968993
1750711248.178090 37369027.882561 2971252.120016 5333200.759386 0.014122 0.246008 0.018262 0.968993
1750711248.183091 37369027.882561 2971252.120016 5333200.759386 0.014122 0.246008 0.018262 0.968993
1750711248.188090 37369027.882561 2971252.120016 5333200.759386 0.014122 0.246008 0.018262 0.968993
1750711248.193091 37369027.882561 2971252.120016 5333200.759386 0.014122 0.246008 0.018262 0.968993
1750711248.198091 37369027.882561 2971252.120016 5333200.759386 0.014122 0.246008 0.018262 0.968993
1750711248.203091 37369027.882561 2971252.120016 5333200.759386 0.014122 0.246008 0.018262 0.968993
1750711248.208092 37369027.882561 2971252.120016 5333200.759386 0.014122 0.246008 0.018262 0.968993
1750711248.213091 37369027.882561 2971252.120016 5333200.759386 0.014122 0.246008 0.018262 0.968993
1750711248.218091 37369027.882561 2971252.120016 5333200.759386 0.014122 0.246008 0.018262 0.968993
1750711248.223091 37369027.882561 2971252.120016 5333200.759386 0.014122 0.246008 0.018262 0.968993
1750711248.228092 37369027.882561 2971252.120016 5333200.759386 0.014122 0.246008 0.018262 0.968993
1750711248.232992 37369027.867917 2971252.122088 5333200.784740 0.016101 0.242835 0.026033 0.969584
1750711248.233092 37369027.867917 2971252.122088 5333200.784740 0.016101 0.242835 0.026033 0.969584
1750711248.238092 37369027.867917 2971252.122088 5333200.784740 0.016101 0.242835 0.026033 0.969584
1750711248.243093 37369027.867917 2971252.122088 5333200.784740 0.016101 0.242835 0.026033 0.969584
1750711248.248092 37369027.867917 2971252.122088 5333200.784740 0.016101 0.242835 0.026033 0.969584
1750711248.253093 37369027.867917 2971252.122088 5333200.784740 0.016101 0.242835 0.026033 0.969584
1750711248.258092 37369027.867917 2971252.122088 5333200.784740 0.016101 0.242835 0.026033 0.969584
1750711248.263093 37369027.867917 2971252.122088 5333200.784740 0.016101 0.242835 0.026033 0.969584
1750711248.268092 37369027.867917 2971252.122088 5333200.784740 0.016101 0.242835 0.026033 0.969584
1750711248.273093 37369027.867917 2971252.122088 5333200.784740 0.016101 0.242835 0.026033 0.969584
1750711248.278093 37369027.867917 2971252.122088 5333200.784740 0.016101 0.242835 0.026033 0.969584
1750711248.283093 37369027.867917 2971252.122088 5333200.784740 0.016101 0.242835 0.026033 0.969584
1750711248.288094 37369027.867917 2971252.122088 5333200.784740 0.016101 0.242835 0.026033 0.969584
1750711248.293094 37369027.867917 2971252.122088 5333200.784740 0.016101 0.242835 0.026033 0.969584
1750711248.298094 37369027.867917 2971252.122088 5333200.784740 0.016101 0.242835 0.026033 0.969584
1750711248.303093 37369027.852987 2971252.124744 5333200.809167 0.017655 0.239325 0.033763 0.970192
1750711248.313094 37369027.852987 2971252.124744 5333200.809167 0.017655 0.239325 0.033763 0.970192
1750711248.318094 37369027.852987 2971252.124744 5333200.809167 0.017655 0.239325 0.033763 0.970192
1750711248.323095 37369027.852987 2971252.124744 5333200.809167 0.017655 0.239325 0.033763 0.970192
1750711248.328094 37369027.852987 2971252.124744 5333200.809167 0.017655 0.239325 0.033763 0.970192
1750711248.333095 37369027.852987 2971252.124744 5333200.809167 0.017655 0.239325 0.033763 0.970192
1750711248.338094 37369027.852987 2971252.124744 5333200.809167 0.017655 0.239325 0.033763 0.970192
1750711248.343095 37369027.852987 2971252.124744 5333200.809167 0.017655 0.239325 0.033763 0.970192
1750711248.348095 37369027.852987 2971252.124744 5333200.809167 0.017655 0.239325 0.033763 0.970192
1750711248.353095 37369027.852987 2971252.124744 5333200.809167 0.017655 0.239325 0.033763 0.970192
1750711248.358095 37369027.852987 2971252.124744 5333200.809167 0.017655 0.239325 0.033763 0.970192
1750711248.363096 37369027.852987 2971252.124744 5333200.809167 0.017655 0.239325 0.033763 0.970192
1750711248.368096 37369027.839337 2971252.125946 5333200.827747 0.020481 0.233903 0.040311 0.971208
1750711248.373096 37369027.839337 2971252.125946 5333200.827747 0.020481 0.233903 0.040311 0.971208
1750711248.378096 37369027.839337 2971252.125946 5333200.827747 0.020481 0.233903 0.040311 0.971208
1750711248.383096 37369027.839337 2971252.125946 5333200.827747 0.020481 0.233903 0.040311 0.971208
1750711248.388096 37369027.839337 2971252.125946 5333200.827747 0.020481 0.233903 0.040311 0.971208
1750711248.393096 37369027.839337 2971252.125946 5333200.827747 0.020481 0.233903 0.040311 0.971208
1750711248.398096 37369027.839337 2971252.125946 5333200.827747 0.020481 0.233903 0.040311 0.971208
1750711248.403097 37369027.839337 2971252.125946 5333200.827747 0.020481 0.233903 0.040311 0.971208
1750711248.413097 37369027.839337 2971252.125946 5333200.827747 0.020481 0.233903 0.040311 0.971208
1750711248.418096 37369027.839337 2971252.125946 5333200.827747 0.020481 0.233903 0.040311 0.971208
1750711248.423097 37369027.839337 2971252.125946 5333200.827747 0.020481 0.233903 0.040311 0.971208
1750711248.428097 37369027.839337 2971252.125946 5333200.827747 0.020481 0.233903 0.040311 0.971208
1750711248.433097 37369027.829677 2971252.130272 5333200.847946 0.023980 0.226968 0.044644 0.972583
1750711248.438098 37369027.829677 2971252.130272 5333200.847946 0.023980 0.226968 0.044644 0.972583
1750711248.443097 37369027.829677 2971252.130272 5333200.847946 0.023980 0.226968 0.044644 0.972583
1750711248.448098 37369027.829677 2971252.130272 5333200.847946 0.023980 0.226968 0.044644 0.972583
1750711248.453098 37369027.829677 2971252.130272 5333200.847946 0.023980 0.226968 0.044644 0.972583
1750711248.458098 37369027.829677 2971252.130272 5333200.847946 0.023980 0.226968 0.044644 0.972583
1750711248.463097 37369027.829677 2971252.130272 5333200.847946 0.023980 0.226968 0.044644 0.972583
1750711248.468098 37369027.829677 2971252.130272 5333200.847946 0.023980 0.226968 0.044644 0.972583
1750711248.473098 37369027.829677 2971252.130272 5333200.847946 0.023980 0.226968 0.044644 0.972583
1750711248.478098 37369027.829677 2971252.130272 5333200.847946 0.023980 0.226968 0.044644 0.972583
1750711248.483098 37369027.829677 2971252.130272 5333200.847946 0.023980 0.226968 0.044644 0.972583
1750711248.488098 37369027.829677 2971252.130272 5333200.847946 0.023980 0.226968 0.044644 0.972583
1750711248.493099 37369027.829677 2971252.130272 5333200.847946 0.023980 0.226968 0.044644 0.972583
1750711248.498099 37369027.829677 2971252.130272 5333200.847946 0.023980 0.226968 0.044644 0.972583
1750711248.503100 37369027.829677 2971252.130272 5333200.847946 0.023980 0.226968 0.044644 0.972583
1750711248.508099 37369027.829677 2971252.130272 5333200.847946 0.023980 0.226968 0.044644 0.972583
1750711248.513100 37369027.829677 2971252.130272 5333200.847946 0.023980 0.226968 0.044644 0.972583
1750711248.518100 37369027.829677 2971252.130272 5333200.847946 0.023980 0.226968 0.044644 0.972583
1750711248.523100 37369027.829677 2971252.130272 5333200.847946 0.023980 0.226968 0.044644 0.972583
1750711248.528100 37369027.829677 2971252.130272 5333200.847946 0.023980 0.226968 0.044644 0.972583
1750711248.533101 37369027.817995 2971252.135098 5333200.875277 0.026485 0.217623 0.050779 0.974351
1750711248.538101 37369027.817995 2971252.135098 5333200.875277 0.026485 0.217623 0.050779 0.974351
1750711248.543101 37369027.817995 2971252.135098 5333200.875277 0.026485 0.217623 0.050779 0.974351
1750711248.548102 37369027.817995 2971252.135098 5333200.875277 0.026485 0.217623 0.050779 0.974351
1750711248.553101 37369027.817995 2971252.135098 5333200.875277 0.026485 0.217623 0.050779 0.974351
1750711248.558102 37369027.817995 2971252.135098 5333200.875277 0.026485 0.217623 0.050779 0.974351
1750711248.563102 37369027.817995 2971252.135098 5333200.875277 0.026485 0.217623 0.050779 0.974351
1750711248.568102 37369027.817995 2971252.135098 5333200.875277 0.026485 0.217623 0.050779 0.974351
1750711248.573103 37369027.817995 2971252.135098 5333200.875277 0.026485 0.217623 0.050779 0.974351
1750711248.578103 37369027.817995 2971252.135098 5333200.875277 0.026485 0.217623 0.050779 0.974351
1750711248.583103 37369027.817995 2971252.135098 5333200.875277 0.026485 0.217623 0.050779 0.974351
1750711248.588103 37369027.817995 2971252.135098 5333200.875277 0.026485 0.217623 0.050779 0.974351
1750711248.593103 37369027.817995 2971252.135098 5333200.875277 0.026485 0.217623 0.050779 0.974351
1750711248.598103 37369027.817995 2971252.135098 5333200.875277 0.026485 0.217623 0.050779 0.974351
1750711248.603104 37369027.811729 2971252.137895 5333200.890907 0.024680 0.212383 0.055688 0.975286
1750711248.608104 37369027.811729 2971252.137895 5333200.890907 0.024680 0.212383 0.055688 0.975286
1750711248.613104 37369027.811729 2971252.137895 5333200.890907 0.024680 0.212383 0.055688 0.975286
1750711248.618104 37369027.811729 2971252.137895 5333200.890907 0.024680 0.212383 0.055688 0.975286
1750711248.623104 37369027.811729 2971252.137895 5333200.890907 0.024680 0.212383 0.055688 0.975286
1750711248.628105 37369027.811729 2971252.137895 5333200.890907 0.024680 0.212383 0.055688 0.975286
1750711248.633104 37369027.811729 2971252.137895 5333200.890907 0.024680 0.212383 0.055688 0.975286
1750711248.638105 37369027.811729 2971252.137895 5333200.890907 0.024680 0.212383 0.055688 0.975286
1750711248.643105 37369027.811729 2971252.137895 5333200.890907 0.024680 0.212383 0.055688 0.975286
1750711248.648105 37369027.811729 2971252.137895 5333200.890907 0.024680 0.212383 0.055688 0.975286
1750711248.653106 37369027.811729 2971252.137895 5333200.890907 0.024680 0.212383 0.055688 0.975286
1750711248.658106 37369027.811729 2971252.137895 5333200.890907 0.024680 0.212383 0.055688 0.975286
1750711248.663106 37369027.811729 2971252.137895 5333200.890907 0.024680 0.212383 0.055688 0.975286
1750711248.668106 37369027.808132 2971252.140841 5333200.905475 0.022207 0.205471 0.059557 0.976597
1750711248.673107 37369027.808132 2971252.140841 5333200.905475 0.022207 0.205471 0.059557 0.976597
1750711248.678106 37369027.808132 2971252.140841 5333200.905475 0.022207 0.205471 0.059557 0.976597
1750711248.683107 37369027.808132 2971252.140841 5333200.905475 0.022207 0.205471 0.059557 0.976597
1750711248.688107 37369027.808132 2971252.140841 5333200.905475 0.022207 0.205471 0.059557 0.976597
1750711248.693107 37369027.808132 2971252.140841 5333200.905475 0.022207 0.205471 0.059557 0.976597
1750711248.698108 37369027.808132 2971252.140841 5333200.905475 0.022207 0.205471 0.059557 0.976597
1750711248.703107 37369027.808132 2971252.140841 5333200.905475 0.022207 0.205471 0.059557 0.976597
1750711248.708108 37369027.808132 2971252.140841 5333200.905475 0.022207 0.205471 0.059557 0.976597
1750711248.713108 37369027.808132 2971252.140841 5333200.905475 0.022207 0.205471 0.059557 0.976597
1750711248.718108 37369027.808132 2971252.140841 5333200.905475 0.022207 0.205471 0.059557 0.976597
1750711248.723108 37369027.808132 2971252.140841 5333200.905475 0.022207 0.205471 0.059557 0.976597
1750711248.728108 37369027.808132 2971252.140841 5333200.905475 0.022207 0.205471 0.059557 0.976597
1750711248.733109 37369027.808132 2971252.140841 5333200.905475 0.022207 0.205471 0.059557 0.976597
1750711248.738109 37369027.808132 2971252.140841 5333200.905475 0.022207 0.205471 0.059557 0.976597
1750711248.743109 37369027.808132 2971252.140841 5333200.905475 0.022207 0.205471 0.059557 0.976597
1750711248.748109 37369027.808132 2971252.140841 5333200.905475 0.022207 0.205471 0.059557 0.976597
1750711248.753109 37369027.808132 2971252.140841 5333200.905475 0.022207 0.205471 0.059557 0.976597
1750711248.758109 37369027.808132 2971252.140841 5333200.905475 0.022207 0.205471 0.059557 0.976597
1750711248.763110 37369027.808132 2971252.140841 5333200.905475 0.022207 0.205471 0.059557 0.976597
1750711248.768109 37369027.802548 2971252.139989 5333200.931681 0.020463 0.191202 0.060248 0.979486
1750711248.773110 37369027.802548 2971252.139989 5333200.931681 0.020463 0.191202 0.060248 0.979486
1750711248.778110 37369027.802548 2971252.139989 5333200.931681 0.020463 0.191202 0.060248 0.979486
1750711248.783110 37369027.802548 2971252.139989 5333200.931681 0.020463 0.191202 0.060248 0.979486
1750711248.788110 37369027.802548 2971252.139989 5333200.931681 0.020463 0.191202 0.060248 0.979486
1750711248.793110 37369027.802548 2971252.139989 5333200.931681 0.020463 0.191202 0.060248 0.979486
1750711248.798111 37369027.802548 2971252.139989 5333200.931681 0.020463 0.191202 0.060248 0.979486
1750711248.803111 37369027.802548 2971252.139989 5333200.931681 0.020463 0.191202 0.060248 0.979486
1750711248.808111 37369027.802548 2971252.139989 5333200.931681 0.020463 0.191202 0.060248 0.979486
1750711248.813112 37369027.802548 2971252.139989 5333200.931681 0.020463 0.191202 0.060248 0.979486
1750711248.818111 37369027.802548 2971252.139989 5333200.931681 0.020463 0.191202 0.060248 0.979486
1750711248.823112 37369027.802548 2971252.139989 5333200.931681 0.020463 0.191202 0.060248 0.979486
1750711248.828112 37369027.802548 2971252.139989 5333200.931681 0.020463 0.191202 0.060248 0.979486
1750711248.833112 37369027.810557 2971252.147135 5333200.951029 0.020617 0.179060 0.055111 0.982077
1750711248.838111 37369027.810557 2971252.147135 5333200.951029 0.020617 0.179060 0.055111 0.982077
1750711248.843112 37369027.810557 2971252.147135 5333200.951029 0.020617 0.179060 0.055111 0.982077
1750711248.848112 37369027.810557 2971252.147135 5333200.951029 0.020617 0.179060 0.055111 0.982077
1750711248.853112 37369027.810557 2971252.147135 5333200.951029 0.020617 0.179060 0.055111 0.982077
1750711248.858112 37369027.810557 2971252.147135 5333200.951029 0.020617 0.179060 0.055111 0.982077
1750711248.863112 37369027.810557 2971252.147135 5333200.951029 0.020617 0.179060 0.055111 0.982077
1750711248.868113 37369027.810557 2971252.147135 5333200.951029 0.020617 0.179060 0.055111 0.982077
1750711248.873113 37369027.810557 2971252.147135 5333200.951029 0.020617 0.179060 0.055111 0.982077
1750711248.878113 37369027.810557 2971252.147135 5333200.951029 0.020617 0.179060 0.055111 0.982077
1750711248.883113 37369027.810557 2971252.147135 5333200.951029 0.020617 0.179060 0.055111 0.982077
1750711248.888113 37369027.810557 2971252.147135 5333200.951029 0.020617 0.179060 0.055111 0.982077
1750711248.893113 37369027.810557 2971252.147135 5333200.951029 0.020617 0.179060 0.055111 0.982077
1750711248.898113 37369027.810557 2971252.147135 5333200.951029 0.020617 0.179060 0.055111 0.982077
1750711248.903114 37369027.820953 2971252.156690 5333200.971301 0.020372 0.165473 0.048008 0.984834
1750711248.908114 37369027.820953 2971252.156690 5333200.971301 0.020372 0.165473 0.048008 0.984834
1750711248.913114 37369027.820953 2971252.156690 5333200.971301 0.020372 0.165473 0.048008 0.984834
1750711248.918114 37369027.820953 2971252.156690 5333200.971301 0.020372 0.165473 0.048008 0.984834
1750711248.923115 37369027.820953 2971252.156690 5333200.971301 0.020372 0.165473 0.048008 0.984834
1750711248.928114 37369027.820953 2971252.156690 5333200.971301 0.020372 0.165473 0.048008 0.984834
1750711248.933115 37369027.820953 2971252.156690 5333200.971301 0.020372 0.165473 0.048008 0.984834
1750711248.938114 37369027.820953 2971252.156690 5333200.971301 0.020372 0.165473 0.048008 0.984834
1750711248.943115 37369027.820953 2971252.156690 5333200.971301 0.020372 0.165473 0.048008 0.984834
1750711248.948115 37369027.820953 2971252.156690 5333200.971301 0.020372 0.165473 0.048008 0.984834
1750711248.953115 37369027.820953 2971252.156690 5333200.971301 0.020372 0.165473 0.048008 0.984834
1750711248.958116 37369027.820953 2971252.156690 5333200.971301 0.020372 0.165473 0.048008 0.984834
1750711248.963115 37369027.820953 2971252.156690 5333200.971301 0.020372 0.165473 0.048008 0.984834
1750711248.968116 37369027.831465 2971252.163961 5333200.991734 0.014939 0.151773 0.041490 0.987431
1750711248.973115 37369027.831465 2971252.163961 5333200.991734 0.014939 0.151773 0.041490 0.987431
1750711248.978116 37369027.831465 2971252.163961 5333200.991734 0.014939 0.151773 0.041490 0.987431
1750711248.983116 37369027.831465 2971252.163961 5333200.991734 0.014939 0.151773 0.041490 0.987431
1750711248.988116 37369027.831465 2971252.163961 5333200.991734 0.014939 0.151773 0.041490 0.987431
1750711248.993116 37369027.831465 2971252.163961 5333200.991734 0.014939 0.151773 0.041490 0.987431
1750711248.998116 37369027.831465 2971252.163961 5333200.991734 0.014939 0.151773 0.041490 0.987431
1750711249.003116 37369027.831465 2971252.163961 5333200.991734 0.014939 0.151773 0.041490 0.987431
1750711249.008116 37369027.831465 2971252.163961 5333200.991734 0.014939 0.151773 0.041490 0.987431
1750711249.013116 37369027.831465 2971252.163961 5333200.991734 0.014939 0.151773 0.041490 0.987431
1750711249.018117 37369027.831465 2971252.163961 5333200.991734 0.014939 0.151773 0.041490 0.987431
1750711249.023117 37369027.831465 2971252.163961 5333200.991734 0.014939 0.151773 0.041490 0.987431
1750711249.028117 37369027.831465 2971252.163961 5333200.991734 0.014939 0.151773 0.041490 0.987431
1750711249.033117 37369027.845713 2971252.172108 5333201.013466 0.006009 0.140814 0.034723 0.989409
1750711249.038117 37369027.845713 2971252.172108 5333201.013466 0.006009 0.140814 0.034723 0.989409
1750711249.043117 37369027.845713 2971252.172108 5333201.013466 0.006009 0.140814 0.034723 0.989409
1750711249.048117 37369027.845713 2971252.172108 5333201.013466 0.006009 0.140814 0.034723 0.989409
1750711249.053118 37369027.845713 2971252.172108 5333201.013466 0.006009 0.140814 0.034723 0.989409
1750711249.058117 37369027.845713 2971252.172108 5333201.013466 0.006009 0.140814 0.034723 0.989409
1750711249.063118 37369027.845713 2971252.172108 5333201.013466 0.006009 0.140814 0.034723 0.989409
1750711249.068118 37369027.854333 2971252.176206 5333201.025449 0.000489 0.135892 0.030927 0.990241
1750711249.073118 37369027.854333 2971252.176206 5333201.025449 0.000489 0.135892 0.030927 0.990241
1750711249.078117 37369027.854333 2971252.176206 5333201.025449 0.000489 0.135892 0.030927 0.990241
1750711249.083118 37369027.854333 2971252.176206 5333201.025449 0.000489 0.135892 0.030927 0.990241
1750711249.088118 37369027.854333 2971252.176206 5333201.025449 0.000489 0.135892 0.030927 0.990241
1750711249.093118 37369027.854333 2971252.176206 5333201.025449 0.000489 0.135892 0.030927 0.990241
1750711249.098117 37369027.854333 2971252.176206 5333201.025449 0.000489 0.135892 0.030927 0.990241
1750711249.103118 37369027.854333 2971252.176206 5333201.025449 0.000489 0.135892 0.030927 0.990241
1750711249.108119 37369027.854333 2971252.176206 5333201.025449 0.000489 0.135892 0.030927 0.990241
1750711249.113118 37369027.854333 2971252.176206 5333201.025449 0.000489 0.135892 0.030927 0.990241
1750711249.118119 37369027.854333 2971252.176206 5333201.025449 0.000489 0.135892 0.030927 0.990241
1750711249.123118 37369027.854333 2971252.176206 5333201.025449 0.000489 0.135892 0.030927 0.990241
1750711249.128119 37369027.854333 2971252.176206 5333201.025449 0.000489 0.135892 0.030927 0.990241
1750711249.133119 37369027.854333 2971252.176206 5333201.025449 0.000489 0.135892 0.030927 0.990241
1750711249.138119 37369027.854333 2971252.176206 5333201.025449 0.000489 0.135892 0.030927 0.990241
1750711249.143119 37369027.854333 2971252.176206 5333201.025449 0.000489 0.135892 0.030927 0.990241
1750711249.148118 37369027.854333 2971252.176206 5333201.025449 0.000489 0.135892 0.030927 0.990241
1750711249.153119 37369027.854333 2971252.176206 5333201.025449 0.000489 0.135892 0.030927 0.990241
1750711249.158119 37369027.854333 2971252.176206 5333201.025449 0.000489 0.135892 0.030927 0.990241
1750711249.163119 37369027.854333 2971252.176206 5333201.025449 0.000489 0.135892 0.030927 0.990241
1750711249.168118 37369027.857622 2971252.183800 5333201.065290 -0.011169 0.122980 0.022073 0.992101
1750711249.173119 37369027.857622 2971252.183800 5333201.065290 -0.011169 0.122980 0.022073 0.992101
1750711249.178119 37369027.857622 2971252.183800 5333201.065290 -0.011169 0.122980 0.022073 0.992101
1750711249.183119 37369027.857622 2971252.183800 5333201.065290 -0.011169 0.122980 0.022073 0.992101
1750711249.188120 37369027.857622 2971252.183800 5333201.065290 -0.011169 0.122980 0.022073 0.992101
1750711249.193119 37369027.857622 2971252.183800 5333201.065290 -0.011169 0.122980 0.022073 0.992101
1750711249.198120 37369027.857622 2971252.183800 5333201.065290 -0.011169 0.122980 0.022073 0.992101
1750711249.203119 37369027.857622 2971252.183800 5333201.065290 -0.011169 0.122980 0.022073 0.992101
1750711249.213119 37369027.857622 2971252.183800 5333201.065290 -0.011169 0.122980 0.022073 0.992101
1750711249.218120 37369027.857622 2971252.183800 5333201.065290 -0.011169 0.122980 0.022073 0.992101
1750711249.223119 37369027.857622 2971252.183800 5333201.065290 -0.011169 0.122980 0.022073 0.992101
1750711249.228120 37369027.857622 2971252.183800 5333201.065290 -0.011169 0.122980 0.022073 0.992101
1750711249.233120 37369027.874603 2971252.191534 5333201.090954 -0.016042 0.110189 0.015393 0.993662
1750711249.238120 37369027.874603 2971252.191534 5333201.090954 -0.016042 0.110189 0.015393 0.993662
1750711249.243120 37369027.874603 2971252.191534 5333201.090954 -0.016042 0.110189 0.015393 0.993662
1750711249.248120 37369027.874603 2971252.191534 5333201.090954 -0.016042 0.110189 0.015393 0.993662
1750711249.253120 37369027.874603 2971252.191534 5333201.090954 -0.016042 0.110189 0.015393 0.993662
1750711249.258120 37369027.874603 2971252.191534 5333201.090954 -0.016042 0.110189 0.015393 0.993662
1750711249.263120 37369027.874603 2971252.191534 5333201.090954 -0.016042 0.110189 0.015393 0.993662
1750711249.268121 37369027.874603 2971252.191534 5333201.090954 -0.016042 0.110189 0.015393 0.993662
1750711249.273120 37369027.874603 2971252.191534 5333201.090954 -0.016042 0.110189 0.015393 0.993662
1750711249.278121 37369027.874603 2971252.191534 5333201.090954 -0.016042 0.110189 0.015393 0.993662
1750711249.283120 37369027.874603 2971252.191534 5333201.090954 -0.016042 0.110189 0.015393 0.993662
1750711249.288120 37369027.874603 2971252.191534 5333201.090954 -0.016042 0.110189 0.015393 0.993662
1750711249.293120 37369027.874603 2971252.191534 5333201.090954 -0.016042 0.110189 0.015393 0.993662
1750711249.298120 37369027.874603 2971252.191534 5333201.090954 -0.016042 0.110189 0.015393 0.993662
1750711249.303120 37369027.887434 2971252.197421 5333201.118356 -0.019430 0.096610 0.010766 0.995074
1750711249.308120 37369027.887434 2971252.197421 5333201.118356 -0.019430 0.096610 0.010766 0.995074
1750711249.313120 37369027.887434 2971252.197421 5333201.118356 -0.019430 0.096610 0.010766 0.995074
1750711249.318120 37369027.887434 2971252.197421 5333201.118356 -0.019430 0.096610 0.010766 0.995074
1750711249.323121 37369027.887434 2971252.197421 5333201.118356 -0.019430 0.096610 0.010766 0.995074
1750711249.328120 37369027.887434 2971252.197421 5333201.118356 -0.019430 0.096610 0.010766 0.995074
1750711249.333121 37369027.887434 2971252.197421 5333201.118356 -0.019430 0.096610 0.010766 0.995074
1750711249.338120 37369027.887434 2971252.197421 5333201.118356 -0.019430 0.096610 0.010766 0.995074
1750711249.343121 37369027.887434 2971252.197421 5333201.118356 -0.019430 0.096610 0.010766 0.995074
1750711249.348120 37369027.887434 2971252.197421 5333201.118356 -0.019430 0.096610 0.010766 0.995074
1750711249.353121 37369027.887434 2971252.197421 5333201.118356 -0.019430 0.096610 0.010766 0.995074
1750711249.358120 37369027.887434 2971252.197421 5333201.118356 -0.019430 0.096610 0.010766 0.995074
1750711249.363120 37369027.887434 2971252.197421 5333201.118356 -0.019430 0.096610 0.010766 0.995074
1750711249.368121 37369027.896099 2971252.202564 5333201.145830 -0.020315 0.082191 0.008113 0.996376
1750711249.373120 37369027.896099 2971252.202564 5333201.145830 -0.020315 0.082191 0.008113 0.996376
1750711249.378121 37369027.896099 2971252.202564 5333201.145830 -0.020315 0.082191 0.008113 0.996376
1750711249.383120 37369027.896099 2971252.202564 5333201.145830 -0.020315 0.082191 0.008113 0.996376
1750711249.388121 37369027.896099 2971252.202564 5333201.145830 -0.020315 0.082191 0.008113 0.996376
1750711249.393120 37369027.896099 2971252.202564 5333201.145830 -0.020315 0.082191 0.008113 0.996376
1750711249.398121 37369027.896099 2971252.202564 5333201.145830 -0.020315 0.082191 0.008113 0.996376
1750711249.403121 37369027.896099 2971252.202564 5333201.145830 -0.020315 0.082191 0.008113 0.996376
1750711249.408121 37369027.896099 2971252.202564 5333201.145830 -0.020315 0.082191 0.008113 0.996376
1750711249.413121 37369027.896099 2971252.202564 5333201.145830 -0.020315 0.082191 0.008113 0.996376
1750711249.418120 37369027.896099 2971252.202564 5333201.145830 -0.020315 0.082191 0.008113 0.996376
1750711249.423121 37369027.896099 2971252.202564 5333201.145830 -0.020315 0.082191 0.008113 0.996376
1750711249.428120 37369027.896099 2971252.202564 5333201.145830 -0.020315 0.082191 0.008113 0.996376
1750711249.433120 37369027.900155 2971252.207233 5333201.172689 -0.020535 0.067228 0.006651 0.997504
1750711249.438120 37369027.900155 2971252.207233 5333201.172689 -0.020535 0.067228 0.006651 0.997504
1750711249.443121 37369027.900155 2971252.207233 5333201.172689 -0.020535 0.067228 0.006651 0.997504
1750711249.448121 37369027.900155 2971252.207233 5333201.172689 -0.020535 0.067228 0.006651 0.997504
1750711249.453120 37369027.900155 2971252.207233 5333201.172689 -0.020535 0.067228 0.006651 0.997504
1750711249.458121 37369027.900155 2971252.207233 5333201.172689 -0.020535 0.067228 0.006651 0.997504
1750711249.463120 37369027.900155 2971252.207233 5333201.172689 -0.020535 0.067228 0.006651 0.997504
1750711249.468121 37369027.900155 2971252.207233 5333201.172689 -0.020535 0.067228 0.006651 0.997504
1750711249.473120 37369027.900155 2971252.207233 5333201.172689 -0.020535 0.067228 0.006651 0.997504
1750711249.478121 37369027.900155 2971252.207233 5333201.172689 -0.020535 0.067228 0.006651 0.997504
1750711249.483121 37369027.900155 2971252.207233 5333201.172689 -0.020535 0.067228 0.006651 0.997504
1750711249.488121 37369027.900155 2971252.207233 5333201.172689 -0.020535 0.067228 0.006651 0.997504
1750711249.493122 37369027.900155 2971252.207233 5333201.172689 -0.020535 0.067228 0.006651 0.997504
1750711249.498122 37369027.900155 2971252.207233 5333201.172689 -0.020535 0.067228 0.006651 0.997504
1750711249.503122 37369027.887422 2971252.213351 5333201.197680 -0.019491 0.053473 0.005773 0.998362
1750711249.508122 37369027.887422 2971252.213351 5333201.197680 -0.019491 0.053473 0.005773 0.998362
1750711249.513123 37369027.887422 2971252.213351 5333201.197680 -0.019491 0.053473 0.005773 0.998362
1750711249.518123 37369027.887422 2971252.213351 5333201.197680 -0.019491 0.053473 0.005773 0.998362
1750711249.523123 37369027.887422 2971252.213351 5333201.197680 -0.019491 0.053473 0.005773 0.998362
1750711249.528123 37369027.887422 2971252.213351 5333201.197680 -0.019491 0.053473 0.005773 0.998362
1750711249.533123 37369027.887422 2971252.213351 5333201.197680 -0.019491 0.053473 0.005773 0.998362
1750711249.538124 37369027.887422 2971252.213351 5333201.197680 -0.019491 0.053473 0.005773 0.998362
1750711249.543124 37369027.887422 2971252.213351 5333201.197680 -0.019491 0.053473 0.005773 0.998362
1750711249.548124 37369027.887422 2971252.213351 5333201.197680 -0.019491 0.053473 0.005773 0.998362
1750711249.553124 37369027.887422 2971252.213351 5333201.197680 -0.019491 0.053473 0.005773 0.998362
1750711249.558125 37369027.887422 2971252.213351 5333201.197680 -0.019491 0.053473 0.005773 0.998362
1750711249.563124 37369027.887422 2971252.213351 5333201.197680 -0.019491 0.053473 0.005773 0.998362
1750711249.568125 37369027.886988 2971252.220608 5333201.217164 -0.017458 0.041742 0.004009 0.998968
1750711249.573126 37369027.886988 2971252.220608 5333201.217164 -0.017458 0.041742 0.004009 0.998968
1750711249.578125 37369027.886988 2971252.220608 5333201.217164 -0.017458 0.041742 0.004009 0.998968
1750711249.583126 37369027.886988 2971252.220608 5333201.217164 -0.017458 0.041742 0.004009 0.998968
1750711249.588126 37369027.886988 2971252.220608 5333201.217164 -0.017458 0.041742 0.004009 0.998968
1750711249.593126 37369027.886988 2971252.220608 5333201.217164 -0.017458 0.041742 0.004009 0.998968
1750711249.598126 37369027.886988 2971252.220608 5333201.217164 -0.017458 0.041742 0.004009 0.998968
1750711249.603127 37369027.886988 2971252.220608 5333201.217164 -0.017458 0.041742 0.004009 0.998968
1750711249.608126 37369027.886988 2971252.220608 5333201.217164 -0.017458 0.041742 0.004009 0.998968
1750711249.613127 37369027.886988 2971252.220608 5333201.217164 -0.017458 0.041742 0.004009 0.998968
1750711249.618128 37369027.886988 2971252.220608 5333201.217164 -0.017458 0.041742 0.004009 0.998968
1750711249.623127 37369027.886988 2971252.220608 5333201.217164 -0.017458 0.041742 0.004009 0.998968
1750711249.628128 37369027.886988 2971252.220608 5333201.217164 -0.017458 0.041742 0.004009 0.998968
1750711249.633036 37369027.884607 2971252.227254 5333201.239730 -0.011954 0.030704 0.001260 0.999456
1750711249.633128 37369027.884607 2971252.227254 5333201.239730 -0.011954 0.030704 0.001260 0.999456
1750711249.638129 37369027.884607 2971252.227254 5333201.239730 -0.011954 0.030704 0.001260 0.999456
1750711249.643129 37369027.884607 2971252.227254 5333201.239730 -0.011954 0.030704 0.001260 0.999456
1750711249.648129 37369027.884607 2971252.227254 5333201.239730 -0.011954 0.030704 0.001260 0.999456
1750711249.653130 37369027.884607 2971252.227254 5333201.239730 -0.011954 0.030704 0.001260 0.999456
1750711249.658129 37369027.884607 2971252.227254 5333201.239730 -0.011954 0.030704 0.001260 0.999456
1750711249.663130 37369027.884607 2971252.227254 5333201.239730 -0.011954 0.030704 0.001260 0.999456
1750711249.668129 37369027.884607 2971252.227254 5333201.239730 -0.011954 0.030704 0.001260 0.999456
1750711249.673130 37369027.884607 2971252.227254 5333201.239730 -0.011954 0.030704 0.001260 0.999456
1750711249.678130 37369027.884607 2971252.227254 5333201.239730 -0.011954 0.030704 0.001260 0.999456
1750711249.683130 37369027.884607 2971252.227254 5333201.239730 -0.011954 0.030704 0.001260 0.999456
1750711249.688130 37369027.884607 2971252.227254 5333201.239730 -0.011954 0.030704 0.001260 0.999456
1750711249.693131 37369027.884607 2971252.227254 5333201.239730 -0.011954 0.030704 0.001260 0.999456
1750711249.698132 37369027.884607 2971252.227254 5333201.239730 -0.011954 0.030704 0.001260 0.999456
1750711249.703131 37369027.878769 2971252.231993 5333201.261967 -0.007746 0.017020 0.000138 0.999825
1750711249.708132 37369027.878769 2971252.231993 5333201.261967 -0.007746 0.017020 0.000138 0.999825
1750711249.713131 37369027.878769 2971252.231993 5333201.261967 -0.007746 0.017020 0.000138 0.999825
1750711249.718132 37369027.878769 2971252.231993 5333201.261967 -0.007746 0.017020 0.000138 0.999825
1750711249.723132 37369027.878769 2971252.231993 5333201.261967 -0.007746 0.017020 0.000138 0.999825
1750711249.728132 37369027.878769 2971252.231993 5333201.261967 -0.007746 0.017020 0.000138 0.999825
1750711249.733133 37369027.878769 2971252.231993 5333201.261967 -0.007746 0.017020 0.000138 0.999825
1750711249.738132 37369027.878769 2971252.231993 5333201.261967 -0.007746 0.017020 0.000138 0.999825
1750711249.743133 37369027.878769 2971252.231993 5333201.261967 -0.007746 0.017020 0.000138 0.999825
1750711249.748133 37369027.878769 2971252.231993 5333201.261967 -0.007746 0.017020 0.000138 0.999825
1750711249.753134 37369027.878769 2971252.231993 5333201.261967 -0.007746 0.017020 0.000138 0.999825
1750711249.758133 37369027.878769 2971252.231993 5333201.261967 -0.007746 0.017020 0.000138 0.999825
1750711249.763134 37369027.878769 2971252.231993 5333201.261967 -0.007746 0.017020 0.000138 0.999825
1750711249.768133 37369027.871464 2971252.236071 5333201.282954 -0.005314 0.001765 0.000354 0.999984
1750711249.773134 37369027.871464 2971252.236071 5333201.282954 -0.005314 0.001765 0.000354 0.999984
1750711249.778135 37369027.871464 2971252.236071 5333201.282954 -0.005314 0.001765 0.000354 0.999984
1750711249.783134 37369027.871464 2971252.236071 5333201.282954 -0.005314 0.001765 0.000354 0.999984
1750711249.788135 37369027.871464 2971252.236071 5333201.282954 -0.005314 0.001765 0.000354 0.999984
1750711249.793135 37369027.871464 2971252.236071 5333201.282954 -0.005314 0.001765 0.000354 0.999984
1750711249.798135 37369027.871464 2971252.236071 5333201.282954 -0.005314 0.001765 0.000354 0.999984
1750711249.803135 37369027.871464 2971252.236071 5333201.282954 -0.005314 0.001765 0.000354 0.999984
1750711249.808136 37369027.871464 2971252.236071 5333201.282954 -0.005314 0.001765 0.000354 0.999984
1750711249.813136 37369027.871464 2971252.236071 5333201.282954 -0.005314 0.001765 0.000354 0.999984
1750711249.818135 37369027.871464 2971252.236071 5333201.282954 -0.005314 0.001765 0.000354 0.999984
1750711249.823136 37369027.871464 2971252.236071 5333201.282954 -0.005314 0.001765 0.000354 0.999984
1750711249.828136 37369027.871464 2971252.236071 5333201.282954 -0.005314 0.001765 0.000354 0.999984
1750711249.833136 37369027.863123 2971252.240173 5333201.302355 -0.004610 -0.011512 0.000248 0.999923
1750711249.838137 37369027.863123 2971252.240173 5333201.302355 -0.004610 -0.011512 0.000248 0.999923
1750711249.843137 37369027.863123 2971252.240173 5333201.302355 -0.004610 -0.011512 0.000248 0.999923
1750711249.848137 37369027.863123 2971252.240173 5333201.302355 -0.004610 -0.011512 0.000248 0.999923
1750711249.853137 37369027.863123 2971252.240173 5333201.302355 -0.004610 -0.011512 0.000248 0.999923
1750711249.858137 37369027.863123 2971252.240173 5333201.302355 -0.004610 -0.011512 0.000248 0.999923
1750711249.863137 37369027.863123 2971252.240173 5333201.302355 -0.004610 -0.011512 0.000248 0.999923
1750711249.868138 37369027.863123 2971252.240173 5333201.302355 -0.004610 -0.011512 0.000248 0.999923
1750711249.873137 37369027.863123 2971252.240173 5333201.302355 -0.004610 -0.011512 0.000248 0.999923
1750711249.878138 37369027.863123 2971252.240173 5333201.302355 -0.004610 -0.011512 0.000248 0.999923
1750711249.883137 37369027.863123 2971252.240173 5333201.302355 -0.004610 -0.011512 0.000248 0.999923
1750711249.888138 37369027.863123 2971252.240173 5333201.302355 -0.004610 -0.011512 0.000248 0.999923
1750711249.893139 37369027.863123 2971252.240173 5333201.302355 -0.004610 -0.011512 0.000248 0.999923
1750711249.898138 37369027.863123 2971252.240173 5333201.302355 -0.004610 -0.011512 0.000248 0.999923
1750711249.903139 37369027.872313 2971252.239423 5333201.340123 -0.004409 -0.024666 -0.001464 0.999685
1750711249.908139 37369027.872313 2971252.239423 5333201.340123 -0.004409 -0.024666 -0.001464 0.999685
1750711249.913139 37369027.872313 2971252.239423 5333201.340123 -0.004409 -0.024666 -0.001464 0.999685
1750711249.918139 37369027.872313 2971252.239423 5333201.340123 -0.004409 -0.024666 -0.001464 0.999685
1750711249.923139 37369027.872313 2971252.239423 5333201.340123 -0.004409 -0.024666 -0.001464 0.999685
1750711249.928139 37369027.872313 2971252.239423 5333201.340123 -0.004409 -0.024666 -0.001464 0.999685
1750711249.933140 37369027.872313 2971252.239423 5333201.340123 -0.004409 -0.024666 -0.001464 0.999685
1750711249.938140 37369027.872313 2971252.239423 5333201.340123 -0.004409 -0.024666 -0.001464 0.999685
1750711249.943140 37369027.872313 2971252.239423 5333201.340123 -0.004409 -0.024666 -0.001464 0.999685
1750711249.948140 37369027.872313 2971252.239423 5333201.340123 -0.004409 -0.024666 -0.001464 0.999685
1750711249.953140 37369027.872313 2971252.239423 5333201.340123 -0.004409 -0.024666 -0.001464 0.999685
1750711249.958140 37369027.872313 2971252.239423 5333201.340123 -0.004409 -0.024666 -0.001464 0.999685
1750711249.963140 37369027.872313 2971252.239423 5333201.340123 -0.004409 -0.024666 -0.001464 0.999685
1750711249.968141 37369027.865883 2971252.247260 5333201.360334 -0.003060 -0.033148 -0.001492 0.999444
1750711249.973140 37369027.865883 2971252.247260 5333201.360334 -0.003060 -0.033148 -0.001492 0.999444
1750711249.978141 37369027.865883 2971252.247260 5333201.360334 -0.003060 -0.033148 -0.001492 0.999444
1750711249.983141 37369027.865883 2971252.247260 5333201.360334 -0.003060 -0.033148 -0.001492 0.999444
1750711249.988141 37369027.865883 2971252.247260 5333201.360334 -0.003060 -0.033148 -0.001492 0.999444
1750711249.993141 37369027.865883 2971252.247260 5333201.360334 -0.003060 -0.033148 -0.001492 0.999444
1750711249.998141 37369027.865883 2971252.247260 5333201.360334 -0.003060 -0.033148 -0.001492 0.999444
1750711250.003142 37369027.865883 2971252.247260 5333201.360334 -0.003060 -0.033148 -0.001492 0.999444
1750711250.008141 37369027.865883 2971252.247260 5333201.360334 -0.003060 -0.033148 -0.001492 0.999444
1750711250.013142 37369027.865883 2971252.247260 5333201.360334 -0.003060 -0.033148 -0.001492 0.999444
1750711250.018142 37369027.865883 2971252.247260 5333201.360334 -0.003060 -0.033148 -0.001492 0.999444
1750711250.023142 37369027.865883 2971252.247260 5333201.360334 -0.003060 -0.033148 -0.001492 0.999444
1750711250.028143 37369027.865883 2971252.247260 5333201.360334 -0.003060 -0.033148 -0.001492 0.999444
1750711250.033142 37369027.865883 2971252.247260 5333201.360334 -0.003060 -0.033148 -0.001492 0.999444
1750711250.038143 37369027.865883 2971252.247260 5333201.360334 -0.003060 -0.033148 -0.001492 0.999444
1750711250.043142 37369027.865883 2971252.247260 5333201.360334 -0.003060 -0.033148 -0.001492 0.999444
1750711250.048143 37369027.865883 2971252.247260 5333201.360334 -0.003060 -0.033148 -0.001492 0.999444
1750711250.053143 37369027.865883 2971252.247260 5333201.360334 -0.003060 -0.033148 -0.001492 0.999444
1750711250.058143 37369027.865883 2971252.247260 5333201.360334 -0.003060 -0.033148 -0.001492 0.999444
1750711250.063144 37369027.865883 2971252.247260 5333201.360334 -0.003060 -0.033148 -0.001492 0.999444
1750711250.068143 37369027.845015 2971252.255870 5333201.392250 0.001217 -0.041244 0.001224 0.999147
1750711250.073143 37369027.845015 2971252.255870 5333201.392250 0.001217 -0.041244 0.001224 0.999147
1750711250.078144 37369027.845015 2971252.255870 5333201.392250 0.001217 -0.041244 0.001224 0.999147
1750711250.083144 37369027.845015 2971252.255870 5333201.392250 0.001217 -0.041244 0.001224 0.999147
1750711250.088144 37369027.845015 2971252.255870 5333201.392250 0.001217 -0.041244 0.001224 0.999147
1750711250.093144 37369027.845015 2971252.255870 5333201.392250 0.001217 -0.041244 0.001224 0.999147
1750711250.098145 37369027.845015 2971252.255870 5333201.392250 0.001217 -0.041244 0.001224 0.999147
1750711250.103144 37369027.845015 2971252.255870 5333201.392250 0.001217 -0.041244 0.001224 0.999147
1750711250.108145 37369027.845015 2971252.255870 5333201.392250 0.001217 -0.041244 0.001224 0.999147
1750711250.113144 37369027.845015 2971252.255870 5333201.392250 0.001217 -0.041244 0.001224 0.999147
1750711250.118145 37369027.845015 2971252.255870 5333201.392250 0.001217 -0.041244 0.001224 0.999147
1750711250.123144 37369027.845015 2971252.255870 5333201.392250 0.001217 -0.041244 0.001224 0.999147
1750711250.128145 37369027.845015 2971252.255870 5333201.392250 0.001217 -0.041244 0.001224 0.999147
1750711250.133144 37369027.845015 2971252.255870 5333201.392250 0.001217 -0.041244 0.001224 0.999147
1750711250.138145 37369027.845015 2971252.255870 5333201.392250 0.001217 -0.041244 0.001224 0.999147
1750711250.143145 37369027.845015 2971252.255870 5333201.392250 0.001217 -0.041244 0.001224 0.999147
1750711250.148145 37369027.845015 2971252.255870 5333201.392250 0.001217 -0.041244 0.001224 0.999147
1750711250.153146 37369027.845015 2971252.255870 5333201.392250 0.001217 -0.041244 0.001224 0.999147
1750711250.158145 37369027.845015 2971252.255870 5333201.392250 0.001217 -0.041244 0.001224 0.999147
1750711250.163146 37369027.845015 2971252.255870 5333201.392250 0.001217 -0.041244 0.001224 0.999147
1750711250.168145 37369027.819130 2971252.264880 5333201.423064 0.003349 -0.046114 0.008008 0.998898
1750711250.173146 37369027.819130 2971252.264880 5333201.423064 0.003349 -0.046114 0.008008 0.998898
1750711250.178145 37369027.819130 2971252.264880 5333201.423064 0.003349 -0.046114 0.008008 0.998898
1750711250.183146 37369027.819130 2971252.264880 5333201.423064 0.003349 -0.046114 0.008008 0.998898
1750711250.188146 37369027.819130 2971252.264880 5333201.423064 0.003349 -0.046114 0.008008 0.998898
1750711250.193146 37369027.819130 2971252.264880 5333201.423064 0.003349 -0.046114 0.008008 0.998898
1750711250.198146 37369027.819130 2971252.264880 5333201.423064 0.003349 -0.046114 0.008008 0.998898
1750711250.203146 37369027.819130 2971252.264880 5333201.423064 0.003349 -0.046114 0.008008 0.998898
1750711250.208146 37369027.819130 2971252.264880 5333201.423064 0.003349 -0.046114 0.008008 0.998898
1750711250.213146 37369027.819130 2971252.264880 5333201.423064 0.003349 -0.046114 0.008008 0.998898
1750711250.218146 37369027.819130 2971252.264880 5333201.423064 0.003349 -0.046114 0.008008 0.998898
1750711250.223146 37369027.819130 2971252.264880 5333201.423064 0.003349 -0.046114 0.008008 0.998898
1750711250.228146 37369027.819130 2971252.264880 5333201.423064 0.003349 -0.046114 0.008008 0.998898
1750711250.233147 37369027.801434 2971252.267471 5333201.445003 0.003671 -0.044847 0.012377 0.998910
1750711250.238147 37369027.801434 2971252.267471 5333201.445003 0.003671 -0.044847 0.012377 0.998910
1750711250.243147 37369027.801434 2971252.267471 5333201.445003 0.003671 -0.044847 0.012377 0.998910
1750711250.248147 37369027.801434 2971252.267471 5333201.445003 0.003671 -0.044847 0.012377 0.998910
1750711250.253147 37369027.801434 2971252.267471 5333201.445003 0.003671 -0.044847 0.012377 0.998910
1750711250.258147 37369027.801434 2971252.267471 5333201.445003 0.003671 -0.044847 0.012377 0.998910
1750711250.263147 37369027.801434 2971252.267471 5333201.445003 0.003671 -0.044847 0.012377 0.998910
1750711250.268147 37369027.801434 2971252.267471 5333201.445003 0.003671 -0.044847 0.012377 0.998910
1750711250.273147 37369027.801434 2971252.267471 5333201.445003 0.003671 -0.044847 0.012377 0.998910
1750711250.278148 37369027.801434 2971252.267471 5333201.445003 0.003671 -0.044847 0.012377 0.998910
1750711250.283147 37369027.801434 2971252.267471 5333201.445003 0.003671 -0.044847 0.012377 0.998910
1750711250.288147 37369027.801434 2971252.267471 5333201.445003 0.003671 -0.044847 0.012377 0.998910
1750711250.293147 37369027.801434 2971252.267471 5333201.445003 0.003671 -0.044847 0.012377 0.998910
1750711250.298148 37369027.801434 2971252.267471 5333201.445003 0.003671 -0.044847 0.012377 0.998910
1750711250.303147 37369027.801434 2971252.267471 5333201.445003 0.003671 -0.044847 0.012377 0.998910
1750711250.308147 37369027.801434 2971252.267471 5333201.445003 0.003671 -0.044847 0.012377 0.998910
1750711250.313148 37369027.801434 2971252.267471 5333201.445003 0.003671 -0.044847 0.012377 0.998910
1750711250.318148 37369027.801434 2971252.267471 5333201.445003 0.003671 -0.044847 0.012377 0.998910
1750711250.323148 37369027.801434 2971252.267471 5333201.445003 0.003671 -0.044847 0.012377 0.998910
1750711250.328147 37369027.801434 2971252.267471 5333201.445003 0.003671 -0.044847 0.012377 0.998910
1750711250.333148 37369027.761934 2971252.263124 5333201.484668 0.007169 -0.036654 0.012745 0.999221
1750711250.338148 37369027.761934 2971252.263124 5333201.484668 0.007169 -0.036654 0.012745 0.999221
1750711250.343148 37369027.761934 2971252.263124 5333201.484668 0.007169 -0.036654 0.012745 0.999221
1750711250.348147 37369027.761934 2971252.263124 5333201.484668 0.007169 -0.036654 0.012745 0.999221
1750711250.353148 37369027.761934 2971252.263124 5333201.484668 0.007169 -0.036654 0.012745 0.999221
1750711250.358148 37369027.761934 2971252.263124 5333201.484668 0.007169 -0.036654 0.012745 0.999221
1750711250.363148 37369027.761934 2971252.263124 5333201.484668 0.007169 -0.036654 0.012745 0.999221
1750711250.368149 37369027.761934 2971252.263124 5333201.484668 0.007169 -0.036654 0.012745 0.999221
1750711250.373148 37369027.761934 2971252.263124 5333201.484668 0.007169 -0.036654 0.012745 0.999221
1750711250.378148 37369027.761934 2971252.263124 5333201.484668 0.007169 -0.036654 0.012745 0.999221
1750711250.383149 37369027.761934 2971252.263124 5333201.484668 0.007169 -0.036654 0.012745 0.999221
1750711250.388149 37369027.761934 2971252.263124 5333201.484668 0.007169 -0.036654 0.012745 0.999221
1750711250.393149 37369027.761934 2971252.263124 5333201.484668 0.007169 -0.036654 0.012745 0.999221
1750711250.398148 37369027.761934 2971252.263124 5333201.484668 0.007169 -0.036654 0.012745 0.999221
1750711250.403149 37369027.751434 2971252.270357 5333201.508678 0.005509 -0.032224 0.009798 0.999417
1750711250.408149 37369027.751434 2971252.270357 5333201.508678 0.005509 -0.032224 0.009798 0.999417
1750711250.413149 37369027.751434 2971252.270357 5333201.508678 0.005509 -0.032224 0.009798 0.999417
1750711250.418148 37369027.751434 2971252.270357 5333201.508678 0.005509 -0.032224 0.009798 0.999417
1750711250.423149 37369027.751434 2971252.270357 5333201.508678 0.005509 -0.032224 0.009798 0.999417
1750711250.428148 37369027.751434 2971252.270357 5333201.508678 0.005509 -0.032224 0.009798 0.999417
1750711250.433149 37369027.751434 2971252.270357 5333201.508678 0.005509 -0.032224 0.009798 0.999417
1750711250.438149 37369027.751434 2971252.270357 5333201.508678 0.005509 -0.032224 0.009798 0.999417
1750711250.443149 37369027.751434 2971252.270357 5333201.508678 0.005509 -0.032224 0.009798 0.999417
1750711250.448149 37369027.751434 2971252.270357 5333201.508678 0.005509 -0.032224 0.009798 0.999417
1750711250.453149 37369027.751434 2971252.270357 5333201.508678 0.005509 -0.032224 0.009798 0.999417
1750711250.458149 37369027.751434 2971252.270357 5333201.508678 0.005509 -0.032224 0.009798 0.999417
1750711250.463150 37369027.751434 2971252.270357 5333201.508678 0.005509 -0.032224 0.009798 0.999417
1750711250.468149 37369027.740242 2971252.276025 5333201.530669 0.004577 -0.028293 0.006080 0.999571
1750711250.473150 37369027.740242 2971252.276025 5333201.530669 0.004577 -0.028293 0.006080 0.999571
1750711250.478149 37369027.740242 2971252.276025 5333201.530669 0.004577 -0.028293 0.006080 0.999571
1750711250.483150 37369027.740242 2971252.276025 5333201.530669 0.004577 -0.028293 0.006080 0.999571
1750711250.488150 37369027.740242 2971252.276025 5333201.530669 0.004577 -0.028293 0.006080 0.999571
1750711250.493151 37369027.740242 2971252.276025 5333201.530669 0.004577 -0.028293 0.006080 0.999571
1750711250.498151 37369027.740242 2971252.276025 5333201.530669 0.004577 -0.028293 0.006080 0.999571
1750711250.503151 37369027.740242 2971252.276025 5333201.530669 0.004577 -0.028293 0.006080 0.999571
1750711250.508152 37369027.740242 2971252.276025 5333201.530669 0.004577 -0.028293 0.006080 0.999571
1750711250.513152 37369027.740242 2971252.276025 5333201.530669 0.004577 -0.028293 0.006080 0.999571
1750711250.518153 37369027.740242 2971252.276025 5333201.530669 0.004577 -0.028293 0.006080 0.999571
1750711250.523152 37369027.740242 2971252.276025 5333201.530669 0.004577 -0.028293 0.006080 0.999571
1750711250.528153 37369027.740242 2971252.276025 5333201.530669 0.004577 -0.028293 0.006080 0.999571
1750711250.533153 37369027.729100 2971252.280981 5333201.552585 0.005777 -0.026076 0.003575 0.999637
1750711250.538153 37369027.729100 2971252.280981 5333201.552585 0.005777 -0.026076 0.003575 0.999637
1750711250.543154 37369027.729100 2971252.280981 5333201.552585 0.005777 -0.026076 0.003575 0.999637
1750711250.548154 37369027.729100 2971252.280981 5333201.552585 0.005777 -0.026076 0.003575 0.999637
1750711250.553154 37369027.729100 2971252.280981 5333201.552585 0.005777 -0.026076 0.003575 0.999637
1750711250.558154 37369027.729100 2971252.280981 5333201.552585 0.005777 -0.026076 0.003575 0.999637
1750711250.563155 37369027.729100 2971252.280981 5333201.552585 0.005777 -0.026076 0.003575 0.999637
1750711250.568155 37369027.729100 2971252.280981 5333201.552585 0.005777 -0.026076 0.003575 0.999637
1750711250.573155 37369027.729100 2971252.280981 5333201.552585 0.005777 -0.026076 0.003575 0.999637
1750711250.578156 37369027.729100 2971252.280981 5333201.552585 0.005777 -0.026076 0.003575 0.999637
1750711250.583156 37369027.729100 2971252.280981 5333201.552585 0.005777 -0.026076 0.003575 0.999637
1750711250.588156 37369027.729100 2971252.280981 5333201.552585 0.005777 -0.026076 0.003575 0.999637
1750711250.593156 37369027.729100 2971252.280981 5333201.552585 0.005777 -0.026076 0.003575 0.999637
1750711250.598157 37369027.729100 2971252.280981 5333201.552585 0.005777 -0.026076 0.003575 0.999637
1750711250.603157 37369027.717625 2971252.284242 5333201.572497 0.007513 -0.026985 0.001133 0.999607
1750711250.608157 37369027.717625 2971252.284242 5333201.572497 0.007513 -0.026985 0.001133 0.999607
1750711250.613158 37369027.717625 2971252.284242 5333201.572497 0.007513 -0.026985 0.001133 0.999607
1750711250.618158 37369027.717625 2971252.284242 5333201.572497 0.007513 -0.026985 0.001133 0.999607
1750711250.623158 37369027.717625 2971252.284242 5333201.572497 0.007513 -0.026985 0.001133 0.999607
1750711250.628158 37369027.717625 2971252.284242 5333201.572497 0.007513 -0.026985 0.001133 0.999607
1750711250.633159 37369027.717625 2971252.284242 5333201.572497 0.007513 -0.026985 0.001133 0.999607
1750711250.638158 37369027.717625 2971252.284242 5333201.572497 0.007513 -0.026985 0.001133 0.999607
1750711250.643159 37369027.717625 2971252.284242 5333201.572497 0.007513 -0.026985 0.001133 0.999607
1750711250.648159 37369027.717625 2971252.284242 5333201.572497 0.007513 -0.026985 0.001133 0.999607
1750711250.653159 37369027.717625 2971252.284242 5333201.572497 0.007513 -0.026985 0.001133 0.999607
1750711250.658160 37369027.717625 2971252.284242 5333201.572497 0.007513 -0.026985 0.001133 0.999607
1750711250.663160 37369027.717625 2971252.284242 5333201.572497 0.007513 -0.026985 0.001133 0.999607
1750711250.668161 37369027.717625 2971252.284242 5333201.572497 0.007513 -0.026985 0.001133 0.999607
1750711250.673160 37369027.717625 2971252.284242 5333201.572497 0.007513 -0.026985 0.001133 0.999607
1750711250.678161 37369027.717625 2971252.284242 5333201.572497 0.007513 -0.026985 0.001133 0.999607
1750711250.683161 37369027.717625 2971252.284242 5333201.572497 0.007513 -0.026985 0.001133 0.999607
1750711250.688161 37369027.717625 2971252.284242 5333201.572497 0.007513 -0.026985 0.001133 0.999607
1750711250.693162 37369027.717625 2971252.284242 5333201.572497 0.007513 -0.026985 0.001133 0.999607
1750711250.698162 37369027.717625 2971252.284242 5333201.572497 0.007513 -0.026985 0.001133 0.999607
1750711250.703162 37369027.696034 2971252.279288 5333201.599778 0.005510 -0.029148 0.001340 0.999559
1750711250.708162 37369027.696034 2971252.279288 5333201.599778 0.005510 -0.029148 0.001340 0.999559
1750711250.713162 37369027.696034 2971252.279288 5333201.599778 0.005510 -0.029148 0.001340 0.999559
1750711250.718163 37369027.696034 2971252.279288 5333201.599778 0.005510 -0.029148 0.001340 0.999559
1750711250.723163 37369027.696034 2971252.279288 5333201.599778 0.005510 -0.029148 0.001340 0.999559
1750711250.728163 37369027.696034 2971252.279288 5333201.599778 0.005510 -0.029148 0.001340 0.999559
1750711250.733163 37369027.702436 2971252.286005 5333201.607391 0.002884 -0.032900 0.002930 0.999450
1750711250.738163 37369027.702436 2971252.286005 5333201.607391 0.002884 -0.032900 0.002930 0.999450
1750711250.743164 37369027.702436 2971252.286005 5333201.607391 0.002884 -0.032900 0.002930 0.999450
1750711250.748164 37369027.702436 2971252.286005 5333201.607391 0.002884 -0.032900 0.002930 0.999450
1750711250.753164 37369027.702436 2971252.286005 5333201.607391 0.002884 -0.032900 0.002930 0.999450
1750711250.758165 37369027.702436 2971252.286005 5333201.607391 0.002884 -0.032900 0.002930 0.999450
1750711250.763165 37369027.702436 2971252.286005 5333201.607391 0.002884 -0.032900 0.002930 0.999450
1750711250.768165 37369027.702436 2971252.286005 5333201.607391 0.002884 -0.032900 0.002930 0.999450
1750711250.773166 37369027.702436 2971252.286005 5333201.607391 0.002884 -0.032900 0.002930 0.999450
1750711250.778165 37369027.702436 2971252.286005 5333201.607391 0.002884 -0.032900 0.002930 0.999450
1750711250.783165 37369027.702436 2971252.286005 5333201.607391 0.002884 -0.032900 0.002930 0.999450
1750711250.788166 37369027.702436 2971252.286005 5333201.607391 0.002884 -0.032900 0.002930 0.999450
1750711250.793166 37369027.702436 2971252.286005 5333201.607391 0.002884 -0.032900 0.002930 0.999450
1750711250.798166 37369027.702436 2971252.286005 5333201.607391 0.002884 -0.032900 0.002930 0.999450
1750711250.803166 37369027.702436 2971252.286005 5333201.607391 0.002884 -0.032900 0.002930 0.999450
1750711250.808166 37369027.702436 2971252.286005 5333201.607391 0.002884 -0.032900 0.002930 0.999450
1750711250.813167 37369027.702436 2971252.286005 5333201.607391 0.002884 -0.032900 0.002930 0.999450
1750711250.818166 37369027.702436 2971252.286005 5333201.607391 0.002884 -0.032900 0.002930 0.999450
1750711250.823167 37369027.702436 2971252.286005 5333201.607391 0.002884 -0.032900 0.002930 0.999450
1750711250.828168 37369027.702436 2971252.286005 5333201.607391 0.002884 -0.032900 0.002930 0.999450
1750711250.833167 37369027.694701 2971252.292982 5333201.633196 -0.000075 -0.044739 0.005122 0.998985
1750711250.838168 37369027.694701 2971252.292982 5333201.633196 -0.000075 -0.044739 0.005122 0.998985
1750711250.843168 37369027.694701 2971252.292982 5333201.633196 -0.000075 -0.044739 0.005122 0.998985
1750711250.848168 37369027.694701 2971252.292982 5333201.633196 -0.000075 -0.044739 0.005122 0.998985
1750711250.853168 37369027.694701 2971252.292982 5333201.633196 -0.000075 -0.044739 0.005122 0.998985
1750711250.858169 37369027.694701 2971252.292982 5333201.633196 -0.000075 -0.044739 0.005122 0.998985
1750711250.863169 37369027.694701 2971252.292982 5333201.633196 -0.000075 -0.044739 0.005122 0.998985
1750711250.868169 37369027.694701 2971252.292982 5333201.633196 -0.000075 -0.044739 0.005122 0.998985
1750711250.873170 37369027.694701 2971252.292982 5333201.633196 -0.000075 -0.044739 0.005122 0.998985
1750711250.878169 37369027.694701 2971252.292982 5333201.633196 -0.000075 -0.044739 0.005122 0.998985
1750711250.883170 37369027.694701 2971252.292982 5333201.633196 -0.000075 -0.044739 0.005122 0.998985
1750711250.888170 37369027.694701 2971252.292982 5333201.633196 -0.000075 -0.044739 0.005122 0.998985
1750711250.893170 37369027.694701 2971252.292982 5333201.633196 -0.000075 -0.044739 0.005122 0.998985
1750711250.898170 37369027.694701 2971252.292982 5333201.633196 -0.000075 -0.044739 0.005122 0.998985
1750711250.903170 37369027.694701 2971252.292982 5333201.633196 -0.000075 -0.044739 0.005122 0.998985
1750711250.908171 37369027.694701 2971252.292982 5333201.633196 -0.000075 -0.044739 0.005122 0.998985
1750711250.913171 37369027.694701 2971252.292982 5333201.633196 -0.000075 -0.044739 0.005122 0.998985
1750711250.918171 37369027.694701 2971252.292982 5333201.633196 -0.000075 -0.044739 0.005122 0.998985
1750711250.923171 37369027.694701 2971252.292982 5333201.633196 -0.000075 -0.044739 0.005122 0.998985
1750711250.928172 37369027.694701 2971252.292982 5333201.633196 -0.000075 -0.044739 0.005122 0.998985
1750711250.933171 37369027.690470 2971252.302592 5333201.664572 -0.002985 -0.057707 0.001696 0.998327
1750711250.938172 37369027.690470 2971252.302592 5333201.664572 -0.002985 -0.057707 0.001696 0.998327
1750711250.943172 37369027.690470 2971252.302592 5333201.664572 -0.002985 -0.057707 0.001696 0.998327
1750711250.948172 37369027.690470 2971252.302592 5333201.664572 -0.002985 -0.057707 0.001696 0.998327
1750711250.953172 37369027.690470 2971252.302592 5333201.664572 -0.002985 -0.057707 0.001696 0.998327
1750711250.958172 37369027.690470 2971252.302592 5333201.664572 -0.002985 -0.057707 0.001696 0.998327
1750711250.963173 37369027.690470 2971252.302592 5333201.664572 -0.002985 -0.057707 0.001696 0.998327
1750711250.968173 37369027.690470 2971252.302592 5333201.664572 -0.002985 -0.057707 0.001696 0.998327
1750711250.973173 37369027.690470 2971252.302592 5333201.664572 -0.002985 -0.057707 0.001696 0.998327
1750711250.978174 37369027.690470 2971252.302592 5333201.664572 -0.002985 -0.057707 0.001696 0.998327
1750711250.983173 37369027.690470 2971252.302592 5333201.664572 -0.002985 -0.057707 0.001696 0.998327
1750711250.988174 37369027.690470 2971252.302592 5333201.664572 -0.002985 -0.057707 0.001696 0.998327
1750711250.993174 37369027.690470 2971252.302592 5333201.664572 -0.002985 -0.057707 0.001696 0.998327
1750711250.998174 37369027.690470 2971252.302592 5333201.664572 -0.002985 -0.057707 0.001696 0.998327
1750711251.003174 37369027.690674 2971252.310483 5333201.685296 -0.006960 -0.066450 -0.001411 0.997764
1750711251.008174 37369027.690674 2971252.310483 5333201.685296 -0.006960 -0.066450 -0.001411 0.997764
1750711251.013174 37369027.690674 2971252.310483 5333201.685296 -0.006960 -0.066450 -0.001411 0.997764
1750711251.018174 37369027.690674 2971252.310483 5333201.685296 -0.006960 -0.066450 -0.001411 0.997764
1750711251.023175 37369027.690674 2971252.310483 5333201.685296 -0.006960 -0.066450 -0.001411 0.997764
1750711251.028175 37369027.690674 2971252.310483 5333201.685296 -0.006960 -0.066450 -0.001411 0.997764
1750711251.033175 37369027.690674 2971252.310483 5333201.685296 -0.006960 -0.066450 -0.001411 0.997764
1750711251.038175 37369027.690674 2971252.310483 5333201.685296 -0.006960 -0.066450 -0.001411 0.997764
1750711251.043175 37369027.690674 2971252.310483 5333201.685296 -0.006960 -0.066450 -0.001411 0.997764
1750711251.048175 37369027.690674 2971252.310483 5333201.685296 -0.006960 -0.066450 -0.001411 0.997764
1750711251.053176 37369027.690674 2971252.310483 5333201.685296 -0.006960 -0.066450 -0.001411 0.997764
1750711251.058175 37369027.690674 2971252.310483 5333201.685296 -0.006960 -0.066450 -0.001411 0.997764
1750711251.063176 37369027.690674 2971252.310483 5333201.685296 -0.006960 -0.066450 -0.001411 0.997764
1750711251.068177 37369027.690775 2971252.318133 5333201.707336 -0.013207 -0.074615 -0.004785 0.997113
1750711251.073176 37369027.690775 2971252.318133 5333201.707336 -0.013207 -0.074615 -0.004785 0.997113
1750711251.078177 37369027.690775 2971252.318133 5333201.707336 -0.013207 -0.074615 -0.004785 0.997113
1750711251.083176 37369027.690775 2971252.318133 5333201.707336 -0.013207 -0.074615 -0.004785 0.997113
1750711251.088177 37369027.690775 2971252.318133 5333201.707336 -0.013207 -0.074615 -0.004785 0.997113
1750711251.093177 37369027.690775 2971252.318133 5333201.707336 -0.013207 -0.074615 -0.004785 0.997113
1750711251.098177 37369027.690775 2971252.318133 5333201.707336 -0.013207 -0.074615 -0.004785 0.997113
1750711251.103178 37369027.690775 2971252.318133 5333201.707336 -0.013207 -0.074615 -0.004785 0.997113
1750711251.108177 37369027.690775 2971252.318133 5333201.707336 -0.013207 -0.074615 -0.004785 0.997113
1750711251.113178 37369027.690775 2971252.318133 5333201.707336 -0.013207 -0.074615 -0.004785 0.997113
1750711251.118178 37369027.690775 2971252.318133 5333201.707336 -0.013207 -0.074615 -0.004785 0.997113
1750711251.123178 37369027.690775 2971252.318133 5333201.707336 -0.013207 -0.074615 -0.004785 0.997113
1750711251.128177 37369027.690775 2971252.318133 5333201.707336 -0.013207 -0.074615 -0.004785 0.997113
1750711251.133178 37369027.690775 2971252.318133 5333201.707336 -0.013207 -0.074615 -0.004785 0.997113
1750711251.138178 37369027.690775 2971252.318133 5333201.707336 -0.013207 -0.074615 -0.004785 0.997113
1750711251.143178 37369027.690775 2971252.318133 5333201.707336 -0.013207 -0.074615 -0.004785 0.997113
1750711251.148179 37369027.690775 2971252.318133 5333201.707336 -0.013207 -0.074615 -0.004785 0.997113
1750711251.153178 37369027.690775 2971252.318133 5333201.707336 -0.013207 -0.074615 -0.004785 0.997113
1750711251.158179 37369027.690775 2971252.318133 5333201.707336 -0.013207 -0.074615 -0.004785 0.997113
1750711251.163178 37369027.690775 2971252.318133 5333201.707336 -0.013207 -0.074615 -0.004785 0.997113
1750711251.166429 37369027.671415 2971252.313668 5333201.745618 -0.018497 -0.082008 -0.013208 0.996372
1750711251.168179 37369027.671415 2971252.313668 5333201.745618 -0.018497 -0.082008 -0.013208 0.996372
1750711251.173179 37369027.671415 2971252.313668 5333201.745618 -0.018497 -0.082008 -0.013208 0.996372
1750711251.178179 37369027.671415 2971252.313668 5333201.745618 -0.018497 -0.082008 -0.013208 0.996372
1750711251.183179 37369027.671415 2971252.313668 5333201.745618 -0.018497 -0.082008 -0.013208 0.996372
1750711251.188179 37369027.671415 2971252.313668 5333201.745618 -0.018497 -0.082008 -0.013208 0.996372
1750711251.193179 37369027.671415 2971252.313668 5333201.745618 -0.018497 -0.082008 -0.013208 0.996372
1750711251.198179 37369027.671415 2971252.313668 5333201.745618 -0.018497 -0.082008 -0.013208 0.996372
1750711251.203180 37369027.671415 2971252.313668 5333201.745618 -0.018497 -0.082008 -0.013208 0.996372
1750711251.208180 37369027.671415 2971252.313668 5333201.745618 -0.018497 -0.082008 -0.013208 0.996372
1750711251.213180 37369027.671415 2971252.313668 5333201.745618 -0.018497 -0.082008 -0.013208 0.996372
1750711251.218180 37369027.671415 2971252.313668 5333201.745618 -0.018497 -0.082008 -0.013208 0.996372
1750711251.223181 37369027.671415 2971252.313668 5333201.745618 -0.018497 -0.082008 -0.013208 0.996372
1750711251.228180 37369027.671415 2971252.313668 5333201.745618 -0.018497 -0.082008 -0.013208 0.996372
1750711251.233181 37369027.680712 2971252.323046 5333201.776027 -0.024797 -0.087733 -0.021374 0.995606
1750711251.238181 37369027.680712 2971252.323046 5333201.776027 -0.024797 -0.087733 -0.021374 0.995606
1750711251.243181 37369027.680712 2971252.323046 5333201.776027 -0.024797 -0.087733 -0.021374 0.995606
1750711251.248181 37369027.680712 2971252.323046 5333201.776027 -0.024797 -0.087733 -0.021374 0.995606
1750711251.253181 37369027.680712 2971252.323046 5333201.776027 -0.024797 -0.087733 -0.021374 0.995606
1750711251.258181 37369027.680712 2971252.323046 5333201.776027 -0.024797 -0.087733 -0.021374 0.995606
1750711251.263180 37369027.680712 2971252.323046 5333201.776027 -0.024797 -0.087733 -0.021374 0.995606
1750711251.268181 37369027.680712 2971252.323046 5333201.776027 -0.024797 -0.087733 -0.021374 0.995606
1750711251.273182 37369027.680712 2971252.323046 5333201.776027 -0.024797 -0.087733 -0.021374 0.995606
1750711251.278181 37369027.680712 2971252.323046 5333201.776027 -0.024797 -0.087733 -0.021374 0.995606
1750711251.283182 37369027.680712 2971252.323046 5333201.776027 -0.024797 -0.087733 -0.021374 0.995606
1750711251.288182 37369027.680712 2971252.323046 5333201.776027 -0.024797 -0.087733 -0.021374 0.995606
1750711251.293182 37369027.680712 2971252.323046 5333201.776027 -0.024797 -0.087733 -0.021374 0.995606
1750711251.298181 37369027.680712 2971252.323046 5333201.776027 -0.024797 -0.087733 -0.021374 0.995606
1750711251.303182 37369027.680712 2971252.323046 5333201.776027 -0.024797 -0.087733 -0.021374 0.995606
1750711251.313182 37369027.680712 2971252.323046 5333201.776027 -0.024797 -0.087733 -0.021374 0.995606
1750711251.318183 37369027.680712 2971252.323046 5333201.776027 -0.024797 -0.087733 -0.021374 0.995606
1750711251.323182 37369027.680712 2971252.323046 5333201.776027 -0.024797 -0.087733 -0.021374 0.995606
1750711251.328182 37369027.680712 2971252.323046 5333201.776027 -0.024797 -0.087733 -0.021374 0.995606
1750711251.333182 37369027.680712 2971252.323046 5333201.776027 -0.024797 -0.087733 -0.021374 0.995606
1750711251.338183 37369027.680712 2971252.323046 5333201.776027 -0.024797 -0.087733 -0.021374 0.995606
1750711251.343183 37369027.680712 2971252.323046 5333201.776027 -0.024797 -0.087733 -0.021374 0.995606
1750711251.348183 37369027.680712 2971252.323046 5333201.776027 -0.024797 -0.087733 -0.021374 0.995606
1750711251.353183 37369027.680712 2971252.323046 5333201.776027 -0.024797 -0.087733 -0.021374 0.995606
1750711251.358183 37369027.680712 2971252.323046 5333201.776027 -0.024797 -0.087733 -0.021374 0.995606
1750711251.363183 37369027.680712 2971252.323046 5333201.776027 -0.024797 -0.087733 -0.021374 0.995606
1750711251.368183 37369027.688593 2971252.335314 5333201.837355 -0.036861 -0.092575 -0.032054 0.994507
1750711251.373183 37369027.688593 2971252.335314 5333201.837355 -0.036861 -0.092575 -0.032054 0.994507
1750711251.378183 37369027.688593 2971252.335314 5333201.837355 -0.036861 -0.092575 -0.032054 0.994507
1750711251.383184 37369027.688593 2971252.335314 5333201.837355 -0.036861 -0.092575 -0.032054 0.994507
1750711251.388183 37369027.688593 2971252.335314 5333201.837355 -0.036861 -0.092575 -0.032054 0.994507
1750711251.393183 37369027.688593 2971252.335314 5333201.837355 -0.036861 -0.092575 -0.032054 0.994507
1750711251.398184 37369027.688593 2971252.335314 5333201.837355 -0.036861 -0.092575 -0.032054 0.994507
1750711251.403184 37369027.688593 2971252.335314 5333201.837355 -0.036861 -0.092575 -0.032054 0.994507
1750711251.408184 37369027.688593 2971252.335314 5333201.837355 -0.036861 -0.092575 -0.032054 0.994507
1750711251.413183 37369027.688593 2971252.335314 5333201.837355 -0.036861 -0.092575 -0.032054 0.994507
1750711251.418184 37369027.688593 2971252.335314 5333201.837355 -0.036861 -0.092575 -0.032054 0.994507
1750711251.423184 37369027.688593 2971252.335314 5333201.837355 -0.036861 -0.092575 -0.032054 0.994507
1750711251.428184 37369027.688593 2971252.335314 5333201.837355 -0.036861 -0.092575 -0.032054 0.994507
1750711251.433185 37369027.688593 2971252.335314 5333201.837355 -0.036861 -0.092575 -0.032054 0.994507
1750711251.438184 37369027.688593 2971252.335314 5333201.837355 -0.036861 -0.092575 -0.032054 0.994507
1750711251.443185 37369027.688593 2971252.335314 5333201.837355 -0.036861 -0.092575 -0.032054 0.994507
1750711251.448184 37369027.688593 2971252.335314 5333201.837355 -0.036861 -0.092575 -0.032054 0.994507
1750711251.453185 37369027.688593 2971252.335314 5333201.837355 -0.036861 -0.092575 -0.032054 0.994507
1750711251.458184 37369027.688593 2971252.335314 5333201.837355 -0.036861 -0.092575 -0.032054 0.994507
1750711251.463185 37369027.688593 2971252.335314 5333201.837355 -0.036861 -0.092575 -0.032054 0.994507
1750711251.468184 37369027.676170 2971252.337197 5333201.880381 -0.041441 -0.092352 -0.031319 0.994370
1750711251.473185 37369027.676170 2971252.337197 5333201.880381 -0.041441 -0.092352 -0.031319 0.994370
1750711251.478185 37369027.676170 2971252.337197 5333201.880381 -0.041441 -0.092352 -0.031319 0.994370
1750711251.483185 37369027.676170 2971252.337197 5333201.880381 -0.041441 -0.092352 -0.031319 0.994370
1750711251.488186 37369027.676170 2971252.337197 5333201.880381 -0.041441 -0.092352 -0.031319 0.994370
1750711251.493185 37369027.676170 2971252.337197 5333201.880381 -0.041441 -0.092352 -0.031319 0.994370
1750711251.498186 37369027.676170 2971252.337197 5333201.880381 -0.041441 -0.092352 -0.031319 0.994370
1750711251.503186 37369027.676170 2971252.337197 5333201.880381 -0.041441 -0.092352 -0.031319 0.994370
1750711251.508186 37369027.676170 2971252.337197 5333201.880381 -0.041441 -0.092352 -0.031319 0.994370
1750711251.513187 37369027.676170 2971252.337197 5333201.880381 -0.041441 -0.092352 -0.031319 0.994370
1750711251.518187 37369027.676170 2971252.337197 5333201.880381 -0.041441 -0.092352 -0.031319 0.994370
1750711251.523187 37369027.676170 2971252.337197 5333201.880381 -0.041441 -0.092352 -0.031319 0.994370
1750711251.528187 37369027.676170 2971252.337197 5333201.880381 -0.041441 -0.092352 -0.031319 0.994370
1750711251.533188 37369027.672671 2971252.341178 5333201.905838 -0.043118 -0.094497 -0.028809 0.994173
1750711251.538187 37369027.672671 2971252.341178 5333201.905838 -0.043118 -0.094497 -0.028809 0.994173
1750711251.543188 37369027.672671 2971252.341178 5333201.905838 -0.043118 -0.094497 -0.028809 0.994173
1750711251.548188 37369027.672671 2971252.341178 5333201.905838 -0.043118 -0.094497 -0.028809 0.994173
1750711251.553188 37369027.672671 2971252.341178 5333201.905838 -0.043118 -0.094497 -0.028809 0.994173
1750711251.558188 37369027.672671 2971252.341178 5333201.905838 -0.043118 -0.094497 -0.028809 0.994173
1750711251.563189 37369027.672671 2971252.341178 5333201.905838 -0.043118 -0.094497 -0.028809 0.994173
1750711251.568189 37369027.672671 2971252.341178 5333201.905838 -0.043118 -0.094497 -0.028809 0.994173
1750711251.573189 37369027.672671 2971252.341178 5333201.905838 -0.043118 -0.094497 -0.028809 0.994173
1750711251.578190 37369027.672671 2971252.341178 5333201.905838 -0.043118 -0.094497 -0.028809 0.994173
1750711251.583189 37369027.672671 2971252.341178 5333201.905838 -0.043118 -0.094497 -0.028809 0.994173
1750711251.588190 37369027.672671 2971252.341178 5333201.905838 -0.043118 -0.094497 -0.028809 0.994173
1750711251.593190 37369027.672671 2971252.341178 5333201.905838 -0.043118 -0.094497 -0.028809 0.994173
1750711251.598190 37369027.672671 2971252.341178 5333201.905838 -0.043118 -0.094497 -0.028809 0.994173
1750711251.603191 37369027.667147 2971252.343490 5333201.929299 -0.044442 -0.098091 -0.026314 0.993836
1750711251.608191 37369027.667147 2971252.343490 5333201.929299 -0.044442 -0.098091 -0.026314 0.993836
1750711251.613191 37369027.667147 2971252.343490 5333201.929299 -0.044442 -0.098091 -0.026314 0.993836
1750711251.618191 37369027.667147 2971252.343490 5333201.929299 -0.044442 -0.098091 -0.026314 0.993836
1750711251.623191 37369027.667147 2971252.343490 5333201.929299 -0.044442 -0.098091 -0.026314 0.993836
1750711251.628191 37369027.667147 2971252.343490 5333201.929299 -0.044442 -0.098091 -0.026314 0.993836
1750711251.633192 37369027.667147 2971252.343490 5333201.929299 -0.044442 -0.098091 -0.026314 0.993836
1750711251.638191 37369027.667147 2971252.343490 5333201.929299 -0.044442 -0.098091 -0.026314 0.993836
1750711251.643192 37369027.667147 2971252.343490 5333201.929299 -0.044442 -0.098091 -0.026314 0.993836
1750711251.648192 37369027.667147 2971252.343490 5333201.929299 -0.044442 -0.098091 -0.026314 0.993836
1750711251.653193 37369027.667147 2971252.343490 5333201.929299 -0.044442 -0.098091 -0.026314 0.993836
1750711251.658193 37369027.667147 2971252.343490 5333201.929299 -0.044442 -0.098091 -0.026314 0.993836
1750711251.663193 37369027.667147 2971252.343490 5333201.929299 -0.044442 -0.098091 -0.026314 0.993836
1750711251.668193 37369027.659748 2971252.346300 5333201.953092 -0.043708 -0.101047 -0.025692 0.993589
1750711251.673193 37369027.659748 2971252.346300 5333201.953092 -0.043708 -0.101047 -0.025692 0.993589
1750711251.678194 37369027.659748 2971252.346300 5333201.953092 -0.043708 -0.101047 -0.025692 0.993589
1750711251.683193 37369027.659748 2971252.346300 5333201.953092 -0.043708 -0.101047 -0.025692 0.993589
1750711251.688194 37369027.659748 2971252.346300 5333201.953092 -0.043708 -0.101047 -0.025692 0.993589
1750711251.693194 37369027.659748 2971252.346300 5333201.953092 -0.043708 -0.101047 -0.025692 0.993589
1750711251.698194 37369027.659748 2971252.346300 5333201.953092 -0.043708 -0.101047 -0.025692 0.993589
1750711251.703195 37369027.659748 2971252.346300 5333201.953092 -0.043708 -0.101047 -0.025692 0.993589
1750711251.708194 37369027.659748 2971252.346300 5333201.953092 -0.043708 -0.101047 -0.025692 0.993589
1750711251.713195 37369027.659748 2971252.346300 5333201.953092 -0.043708 -0.101047 -0.025692 0.993589
1750711251.718195 37369027.659748 2971252.346300 5333201.953092 -0.043708 -0.101047 -0.025692 0.993589
1750711251.723195 37369027.659748 2971252.346300 5333201.953092 -0.043708 -0.101047 -0.025692 0.993589
1750711251.728196 37369027.659748 2971252.346300 5333201.953092 -0.043708 -0.101047 -0.025692 0.993589
1750711251.733195 37369027.659748 2971252.346300 5333201.953092 -0.043708 -0.101047 -0.025692 0.993589
1750711251.738196 37369027.659748 2971252.346300 5333201.953092 -0.043708 -0.101047 -0.025692 0.993589
1750711251.743196 37369027.659748 2971252.346300 5333201.953092 -0.043708 -0.101047 -0.025692 0.993589
1750711251.748196 37369027.659748 2971252.346300 5333201.953092 -0.043708 -0.101047 -0.025692 0.993589
1750711251.753196 37369027.659748 2971252.346300 5333201.953092 -0.043708 -0.101047 -0.025692 0.993589
1750711251.758197 37369027.659748 2971252.346300 5333201.953092 -0.043708 -0.101047 -0.025692 0.993589
1750711251.763196 37369027.659748 2971252.346300 5333201.953092 -0.043708 -0.101047 -0.025692 0.993589
1750711251.768197 37369027.645539 2971252.351853 5333201.986566 -0.039394 -0.103143 -0.025936 0.993548
1750711251.773197 37369027.645539 2971252.351853 5333201.986566 -0.039394 -0.103143 -0.025936 0.993548
1750711251.778197 37369027.645539 2971252.351853 5333201.986566 -0.039394 -0.103143 -0.025936 0.993548
1750711251.783197 37369027.645539 2971252.351853 5333201.986566 -0.039394 -0.103143 -0.025936 0.993548
1750711251.788197 37369027.645539 2971252.351853 5333201.986566 -0.039394 -0.103143 -0.025936 0.993548
1750711251.793198 37369027.645539 2971252.351853 5333201.986566 -0.039394 -0.103143 -0.025936 0.993548
1750711251.798197 37369027.645539 2971252.351853 5333201.986566 -0.039394 -0.103143 -0.025936 0.993548
1750711251.803198 37369027.645539 2971252.351853 5333201.986566 -0.039394 -0.103143 -0.025936 0.993548
1750711251.808198 37369027.645539 2971252.351853 5333201.986566 -0.039394 -0.103143 -0.025936 0.993548
1750711251.813198 37369027.645539 2971252.351853 5333201.986566 -0.039394 -0.103143 -0.025936 0.993548
1750711251.818199 37369027.645539 2971252.351853 5333201.986566 -0.039394 -0.103143 -0.025936 0.993548
1750711251.823198 37369027.645539 2971252.351853 5333201.986566 -0.039394 -0.103143 -0.025936 0.993548
1750711251.828199 37369027.645539 2971252.351853 5333201.986566 -0.039394 -0.103143 -0.025936 0.993548
1750711251.833199 37369027.638339 2971252.356561 5333202.021115 -0.035934 -0.104277 -0.025541 0.993570
1750711251.838199 37369027.638339 2971252.356561 5333202.021115 -0.035934 -0.104277 -0.025541 0.993570
1750711251.843199 37369027.638339 2971252.356561 5333202.021115 -0.035934 -0.104277 -0.025541 0.993570
1750711251.848199 37369027.638339 2971252.356561 5333202.021115 -0.035934 -0.104277 -0.025541 0.993570
1750711251.853200 37369027.638339 2971252.356561 5333202.021115 -0.035934 -0.104277 -0.025541 0.993570
1750711251.858200 37369027.638339 2971252.356561 5333202.021115 -0.035934 -0.104277 -0.025541 0.993570
1750711251.863200 37369027.638339 2971252.356561 5333202.021115 -0.035934 -0.104277 -0.025541 0.993570
1750711251.868200 37369027.638339 2971252.356561 5333202.021115 -0.035934 -0.104277 -0.025541 0.993570
1750711251.873200 37369027.638339 2971252.356561 5333202.021115 -0.035934 -0.104277 -0.025541 0.993570
1750711251.878200 37369027.638339 2971252.356561 5333202.021115 -0.035934 -0.104277 -0.025541 0.993570
1750711251.883200 37369027.638339 2971252.356561 5333202.021115 -0.035934 -0.104277 -0.025541 0.993570
1750711251.888201 37369027.638339 2971252.356561 5333202.021115 -0.035934 -0.104277 -0.025541 0.993570
1750711251.893201 37369027.638339 2971252.356561 5333202.021115 -0.035934 -0.104277 -0.025541 0.993570
1750711251.898201 37369027.638339 2971252.356561 5333202.021115 -0.035934 -0.104277 -0.025541 0.993570
1750711251.903201 37369027.638339 2971252.356561 5333202.021115 -0.035934 -0.104277 -0.025541 0.993570
1750711251.908201 37369027.638339 2971252.356561 5333202.021115 -0.035934 -0.104277 -0.025541 0.993570
1750711251.913201 37369027.638339 2971252.356561 5333202.021115 -0.035934 -0.104277 -0.025541 0.993570
1750711251.918201 37369027.638339 2971252.356561 5333202.021115 -0.035934 -0.104277 -0.025541 0.993570
1750711251.923201 37369027.638339 2971252.356561 5333202.021115 -0.035934 -0.104277 -0.025541 0.993570
1750711251.928202 37369027.638339 2971252.356561 5333202.021115 -0.035934 -0.104277 -0.025541 0.993570
1750711251.933202 37369027.623763 2971252.362563 5333202.049285 -0.033811 -0.104762 -0.023109 0.993654
1750711251.938202 37369027.623763 2971252.362563 5333202.049285 -0.033811 -0.104762 -0.023109 0.993654
1750711251.943202 37369027.623763 2971252.362563 5333202.049285 -0.033811 -0.104762 -0.023109 0.993654
1750711251.948202 37369027.623763 2971252.362563 5333202.049285 -0.033811 -0.104762 -0.023109 0.993654
1750711251.953202 37369027.623763 2971252.362563 5333202.049285 -0.033811 -0.104762 -0.023109 0.993654
1750711251.958202 37369027.623763 2971252.362563 5333202.049285 -0.033811 -0.104762 -0.023109 0.993654
1750711251.963202 37369027.623763 2971252.362563 5333202.049285 -0.033811 -0.104762 -0.023109 0.993654
1750711251.968202 37369027.623763 2971252.362563 5333202.049285 -0.033811 -0.104762 -0.023109 0.993654
1750711251.973203 37369027.623763 2971252.362563 5333202.049285 -0.033811 -0.104762 -0.023109 0.993654
1750711251.978203 37369027.623763 2971252.362563 5333202.049285 -0.033811 -0.104762 -0.023109 0.993654
1750711251.983203 37369027.623763 2971252.362563 5333202.049285 -0.033811 -0.104762 -0.023109 0.993654
1750711251.988203 37369027.623763 2971252.362563 5333202.049285 -0.033811 -0.104762 -0.023109 0.993654
1750711251.993203 37369027.623763 2971252.362563 5333202.049285 -0.033811 -0.104762 -0.023109 0.993654
1750711251.998204 37369027.623763 2971252.362563 5333202.049285 -0.033811 -0.104762 -0.023109 0.993654
1750711252.003203 37369027.610841 2971252.366713 5333202.066701 -0.032815 -0.103935 -0.021096 0.993819
1750711252.008204 37369027.610841 2971252.366713 5333202.066701 -0.032815 -0.103935 -0.021096 0.993819
1750711252.013204 37369027.610841 2971252.366713 5333202.066701 -0.032815 -0.103935 -0.021096 0.993819
1750711252.018204 37369027.610841 2971252.366713 5333202.066701 -0.032815 -0.103935 -0.021096 0.993819
1750711252.023203 37369027.610841 2971252.366713 5333202.066701 -0.032815 -0.103935 -0.021096 0.993819
1750711252.028204 37369027.610841 2971252.366713 5333202.066701 -0.032815 -0.103935 -0.021096 0.993819
1750711252.033204 37369027.610841 2971252.366713 5333202.066701 -0.032815 -0.103935 -0.021096 0.993819
1750711252.038204 37369027.610841 2971252.366713 5333202.066701 -0.032815 -0.103935 -0.021096 0.993819
1750711252.043204 37369027.610841 2971252.366713 5333202.066701 -0.032815 -0.103935 -0.021096 0.993819
1750711252.048204 37369027.610841 2971252.366713 5333202.066701 -0.032815 -0.103935 -0.021096 0.993819
1750711252.053205 37369027.610841 2971252.366713 5333202.066701 -0.032815 -0.103935 -0.021096 0.993819
1750711252.058204 37369027.610841 2971252.366713 5333202.066701 -0.032815 -0.103935 -0.021096 0.993819
1750711252.063205 37369027.610841 2971252.366713 5333202.066701 -0.032815 -0.103935 -0.021096 0.993819
1750711252.068205 37369027.596294 2971252.370845 5333202.084789 -0.030227 -0.100451 -0.019455 0.994292
1750711252.073205 37369027.596294 2971252.370845 5333202.084789 -0.030227 -0.100451 -0.019455 0.994292
1750711252.078205 37369027.596294 2971252.370845 5333202.084789 -0.030227 -0.100451 -0.019455 0.994292
1750711252.083205 37369027.596294 2971252.370845 5333202.084789 -0.030227 -0.100451 -0.019455 0.994292
1750711252.088205 37369027.596294 2971252.370845 5333202.084789 -0.030227 -0.100451 -0.019455 0.994292
1750711252.093205 37369027.596294 2971252.370845 5333202.084789 -0.030227 -0.100451 -0.019455 0.994292
1750711252.098205 37369027.596294 2971252.370845 5333202.084789 -0.030227 -0.100451 -0.019455 0.994292
1750711252.103205 37369027.596294 2971252.370845 5333202.084789 -0.030227 -0.100451 -0.019455 0.994292
1750711252.108205 37369027.596294 2971252.370845 5333202.084789 -0.030227 -0.100451 -0.019455 0.994292
1750711252.113206 37369027.596294 2971252.370845 5333202.084789 -0.030227 -0.100451 -0.019455 0.994292
1750711252.118206 37369027.596294 2971252.370845 5333202.084789 -0.030227 -0.100451 -0.019455 0.994292
1750711252.123206 37369027.596294 2971252.370845 5333202.084789 -0.030227 -0.100451 -0.019455 0.994292
1750711252.128206 37369027.596294 2971252.370845 5333202.084789 -0.030227 -0.100451 -0.019455 0.994292
1750711252.133206 37369027.581270 2971252.375769 5333202.103532 -0.027317 -0.095327 -0.017468 0.994918
1750711252.138206 37369027.581270 2971252.375769 5333202.103532 -0.027317 -0.095327 -0.017468 0.994918
1750711252.143206 37369027.581270 2971252.375769 5333202.103532 -0.027317 -0.095327 -0.017468 0.994918
1750711252.148206 37369027.581270 2971252.375769 5333202.103532 -0.027317 -0.095327 -0.017468 0.994918
1750711252.153206 37369027.581270 2971252.375769 5333202.103532 -0.027317 -0.095327 -0.017468 0.994918
1750711252.158206 37369027.581270 2971252.375769 5333202.103532 -0.027317 -0.095327 -0.017468 0.994918
1750711252.163206 37369027.581270 2971252.375769 5333202.103532 -0.027317 -0.095327 -0.017468 0.994918
1750711252.168207 37369027.581270 2971252.375769 5333202.103532 -0.027317 -0.095327 -0.017468 0.994918
1750711252.173206 37369027.581270 2971252.375769 5333202.103532 -0.027317 -0.095327 -0.017468 0.994918
1750711252.178207 37369027.581270 2971252.375769 5333202.103532 -0.027317 -0.095327 -0.017468 0.994918
1750711252.183206 37369027.581270 2971252.375769 5333202.103532 -0.027317 -0.095327 -0.017468 0.994918
1750711252.188207 37369027.581270 2971252.375769 5333202.103532 -0.027317 -0.095327 -0.017468 0.994918
1750711252.193207 37369027.581270 2971252.375769 5333202.103532 -0.027317 -0.095327 -0.017468 0.994918
1750711252.198207 37369027.581270 2971252.375769 5333202.103532 -0.027317 -0.095327 -0.017468 0.994918
1750711252.203207 37369027.581270 2971252.375769 5333202.103532 -0.027317 -0.095327 -0.017468 0.994918
1750711252.208207 37369027.581270 2971252.375769 5333202.103532 -0.027317 -0.095327 -0.017468 0.994918
1750711252.213207 37369027.581270 2971252.375769 5333202.103532 -0.027317 -0.095327 -0.017468 0.994918
1750711252.218207 37369027.581270 2971252.375769 5333202.103532 -0.027317 -0.095327 -0.017468 0.994918
1750711252.223207 37369027.581270 2971252.375769 5333202.103532 -0.027317 -0.095327 -0.017468 0.994918
1750711252.228208 37369027.581270 2971252.375769 5333202.103532 -0.027317 -0.095327 -0.017468 0.994918
1750711252.233207 37369027.555434 2971252.379155 5333202.134207 -0.023051 -0.086637 -0.013175 0.995886
1750711252.238208 37369027.555434 2971252.379155 5333202.134207 -0.023051 -0.086637 -0.013175 0.995886
1750711252.243207 37369027.555434 2971252.379155 5333202.134207 -0.023051 -0.086637 -0.013175 0.995886
1750711252.248208 37369027.555434 2971252.379155 5333202.134207 -0.023051 -0.086637 -0.013175 0.995886
1750711252.253207 37369027.555434 2971252.379155 5333202.134207 -0.023051 -0.086637 -0.013175 0.995886
1750711252.258208 37369027.555434 2971252.379155 5333202.134207 -0.023051 -0.086637 -0.013175 0.995886
1750711252.263207 37369027.555434 2971252.379155 5333202.134207 -0.023051 -0.086637 -0.013175 0.995886
1750711252.268208 37369027.555434 2971252.379155 5333202.134207 -0.023051 -0.086637 -0.013175 0.995886
1750711252.273208 37369027.555434 2971252.379155 5333202.134207 -0.023051 -0.086637 -0.013175 0.995886
1750711252.278208 37369027.555434 2971252.379155 5333202.134207 -0.023051 -0.086637 -0.013175 0.995886
1750711252.283208 37369027.555434 2971252.379155 5333202.134207 -0.023051 -0.086637 -0.013175 0.995886
1750711252.288208 37369027.555434 2971252.379155 5333202.134207 -0.023051 -0.086637 -0.013175 0.995886
1750711252.293208 37369027.555434 2971252.379155 5333202.134207 -0.023051 -0.086637 -0.013175 0.995886
1750711252.298208 37369027.555434 2971252.379155 5333202.134207 -0.023051 -0.086637 -0.013175 0.995886
1750711252.303208 37369027.540472 2971252.383036 5333202.154335 -0.022853 -0.080868 -0.009574 0.996417
1750711252.308208 37369027.540472 2971252.383036 5333202.154335 -0.022853 -0.080868 -0.009574 0.996417
1750711252.313208 37369027.540472 2971252.383036 5333202.154335 -0.022853 -0.080868 -0.009574 0.996417
1750711252.318208 37369027.540472 2971252.383036 5333202.154335 -0.022853 -0.080868 -0.009574 0.996417
1750711252.323208 37369027.540472 2971252.383036 5333202.154335 -0.022853 -0.080868 -0.009574 0.996417
1750711252.328208 37369027.540472 2971252.383036 5333202.154335 -0.022853 -0.080868 -0.009574 0.996417
1750711252.333208 37369027.540472 2971252.383036 5333202.154335 -0.022853 -0.080868 -0.009574 0.996417
1750711252.338208 37369027.540472 2971252.383036 5333202.154335 -0.022853 -0.080868 -0.009574 0.996417
1750711252.343209 37369027.540472 2971252.383036 5333202.154335 -0.022853 -0.080868 -0.009574 0.996417
1750711252.348208 37369027.540472 2971252.383036 5333202.154335 -0.022853 -0.080868 -0.009574 0.996417
1750711252.353209 37369027.540472 2971252.383036 5333202.154335 -0.022853 -0.080868 -0.009574 0.996417
1750711252.358208 37369027.540472 2971252.383036 5333202.154335 -0.022853 -0.080868 -0.009574 0.996417
1750711252.363209 37369027.540472 2971252.383036 5333202.154335 -0.022853 -0.080868 -0.009574 0.996417
1750711252.368208 37369027.522021 2971252.385684 5333202.174037 -0.022024 -0.075187 -0.005695 0.996910
1750711252.373209 37369027.522021 2971252.385684 5333202.174037 -0.022024 -0.075187 -0.005695 0.996910
1750711252.378208 37369027.522021 2971252.385684 5333202.174037 -0.022024 -0.075187 -0.005695 0.996910
1750711252.383209 37369027.522021 2971252.385684 5333202.174037 -0.022024 -0.075187 -0.005695 0.996910
1750711252.388209 37369027.522021 2971252.385684 5333202.174037 -0.022024 -0.075187 -0.005695 0.996910
1750711252.393209 37369027.522021 2971252.385684 5333202.174037 -0.022024 -0.075187 -0.005695 0.996910
1750711252.398209 37369027.522021 2971252.385684 5333202.174037 -0.022024 -0.075187 -0.005695 0.996910
1750711252.403208 37369027.522021 2971252.385684 5333202.174037 -0.022024 -0.075187 -0.005695 0.996910
1750711252.408209 37369027.522021 2971252.385684 5333202.174037 -0.022024 -0.075187 -0.005695 0.996910
1750711252.413209 37369027.522021 2971252.385684 5333202.174037 -0.022024 -0.075187 -0.005695 0.996910
1750711252.418209 37369027.522021 2971252.385684 5333202.174037 -0.022024 -0.075187 -0.005695 0.996910
1750711252.423209 37369027.522021 2971252.385684 5333202.174037 -0.022024 -0.075187 -0.005695 0.996910
1750711252.428208 37369027.522021 2971252.385684 5333202.174037 -0.022024 -0.075187 -0.005695 0.996910
1750711252.433209 37369027.502579 2971252.386578 5333202.193436 -0.020563 -0.072612 -0.003255 0.997143
1750711252.438209 37369027.502579 2971252.386578 5333202.193436 -0.020563 -0.072612 -0.003255 0.997143
1750711252.443209 37369027.502579 2971252.386578 5333202.193436 -0.020563 -0.072612 -0.003255 0.997143
1750711252.448208 37369027.502579 2971252.386578 5333202.193436 -0.020563 -0.072612 -0.003255 0.997143
1750711252.453209 37369027.502579 2971252.386578 5333202.193436 -0.020563 -0.072612 -0.003255 0.997143
1750711252.458209 37369027.502579 2971252.386578 5333202.193436 -0.020563 -0.072612 -0.003255 0.997143
1750711252.463209 37369027.502579 2971252.386578 5333202.193436 -0.020563 -0.072612 -0.003255 0.997143
1750711252.468209 37369027.502579 2971252.386578 5333202.193436 -0.020563 -0.072612 -0.003255 0.997143
1750711252.473209 37369027.502579 2971252.386578 5333202.193436 -0.020563 -0.072612 -0.003255 0.997143
1750711252.478209 37369027.502579 2971252.386578 5333202.193436 -0.020563 -0.072612 -0.003255 0.997143
1750711252.483209 37369027.502579 2971252.386578 5333202.193436 -0.020563 -0.072612 -0.003255 0.997143
1750711252.488210 37369027.502579 2971252.386578 5333202.193436 -0.020563 -0.072612 -0.003255 0.997143
1750711252.493210 37369027.502579 2971252.386578 5333202.193436 -0.020563 -0.072612 -0.003255 0.997143
1750711252.498210 37369027.502579 2971252.386578 5333202.193436 -0.020563 -0.072612 -0.003255 0.997143
1750711252.503211 37369027.502579 2971252.386578 5333202.193436 -0.020563 -0.072612 -0.003255 0.997143
1750711252.508211 37369027.502579 2971252.386578 5333202.193436 -0.020563 -0.072612 -0.003255 0.997143
1750711252.513211 37369027.502579 2971252.386578 5333202.193436 -0.020563 -0.072612 -0.003255 0.997143
1750711252.518211 37369027.502579 2971252.386578 5333202.193436 -0.020563 -0.072612 -0.003255 0.997143
1750711252.523212 37369027.502579 2971252.386578 5333202.193436 -0.020563 -0.072612 -0.003255 0.997143
1750711252.528212 37369027.502579 2971252.386578 5333202.193436 -0.020563 -0.072612 -0.003255 0.997143
1750711252.533212 37369027.465874 2971252.384755 5333202.220152 -0.020408 -0.070250 -0.001689 0.997319
1750711252.538213 37369027.465874 2971252.384755 5333202.220152 -0.020408 -0.070250 -0.001689 0.997319
1750711252.543213 37369027.465874 2971252.384755 5333202.220152 -0.020408 -0.070250 -0.001689 0.997319
1750711252.548213 37369027.465874 2971252.384755 5333202.220152 -0.020408 -0.070250 -0.001689 0.997319
1750711252.553213 37369027.465874 2971252.384755 5333202.220152 -0.020408 -0.070250 -0.001689 0.997319
1750711252.558214 37369027.465874 2971252.384755 5333202.220152 -0.020408 -0.070250 -0.001689 0.997319
1750711252.563214 37369027.465874 2971252.384755 5333202.220152 -0.020408 -0.070250 -0.001689 0.997319
1750711252.568214 37369027.465874 2971252.384755 5333202.220152 -0.020408 -0.070250 -0.001689 0.997319
1750711252.573214 37369027.465874 2971252.384755 5333202.220152 -0.020408 -0.070250 -0.001689 0.997319
1750711252.578215 37369027.465874 2971252.384755 5333202.220152 -0.020408 -0.070250 -0.001689 0.997319
1750711252.583216 37369027.465874 2971252.384755 5333202.220152 -0.020408 -0.070250 -0.001689 0.997319
1750711252.588215 37369027.465874 2971252.384755 5333202.220152 -0.020408 -0.070250 -0.001689 0.997319
1750711252.593216 37369027.465874 2971252.384755 5333202.220152 -0.020408 -0.070250 -0.001689 0.997319
1750711252.598216 37369027.465874 2971252.384755 5333202.220152 -0.020408 -0.070250 -0.001689 0.997319
1750711252.603217 37369027.465874 2971252.384755 5333202.220152 -0.020408 -0.070250 -0.001689 0.997319
1750711252.608216 37369027.465874 2971252.384755 5333202.220152 -0.020408 -0.070250 -0.001689 0.997319
1750711252.613217 37369027.465874 2971252.384755 5333202.220152 -0.020408 -0.070250 -0.001689 0.997319
1750711252.618217 37369027.465874 2971252.384755 5333202.220152 -0.020408 -0.070250 -0.001689 0.997319
1750711252.623217 37369027.465874 2971252.384755 5333202.220152 -0.020408 -0.070250 -0.001689 0.997319
1750711252.628218 37369027.465874 2971252.384755 5333202.220152 -0.020408 -0.070250 -0.001689 0.997319
1750711252.633218 37369027.437649 2971252.384616 5333202.243345 -0.020078 -0.071652 -0.001135 0.997227
1750711252.638218 37369027.437649 2971252.384616 5333202.243345 -0.020078 -0.071652 -0.001135 0.997227
1750711252.643218 37369027.437649 2971252.384616 5333202.243345 -0.020078 -0.071652 -0.001135 0.997227
1750711252.648219 37369027.437649 2971252.384616 5333202.243345 -0.020078 -0.071652 -0.001135 0.997227
1750711252.653219 37369027.437649 2971252.384616 5333202.243345 -0.020078 -0.071652 -0.001135 0.997227
1750711252.658220 37369027.437649 2971252.384616 5333202.243345 -0.020078 -0.071652 -0.001135 0.997227
1750711252.663219 37369027.437649 2971252.384616 5333202.243345 -0.020078 -0.071652 -0.001135 0.997227
1750711252.668220 37369027.437649 2971252.384616 5333202.243345 -0.020078 -0.071652 -0.001135 0.997227
1750711252.673221 37369027.437649 2971252.384616 5333202.243345 -0.020078 -0.071652 -0.001135 0.997227
1750711252.678220 37369027.437649 2971252.384616 5333202.243345 -0.020078 -0.071652 -0.001135 0.997227
1750711252.683221 37369027.437649 2971252.384616 5333202.243345 -0.020078 -0.071652 -0.001135 0.997227
1750711252.688221 37369027.437649 2971252.384616 5333202.243345 -0.020078 -0.071652 -0.001135 0.997227
1750711252.693221 37369027.437649 2971252.384616 5333202.243345 -0.020078 -0.071652 -0.001135 0.997227
1750711252.698222 37369027.437649 2971252.384616 5333202.243345 -0.020078 -0.071652 -0.001135 0.997227
1750711252.703222 37369027.420898 2971252.387000 5333202.258324 -0.020006 -0.074676 -0.000295 0.997007
1750711252.708222 37369027.420898 2971252.387000 5333202.258324 -0.020006 -0.074676 -0.000295 0.997007
1750711252.713222 37369027.420898 2971252.387000 5333202.258324 -0.020006 -0.074676 -0.000295 0.997007
1750711252.718223 37369027.420898 2971252.387000 5333202.258324 -0.020006 -0.074676 -0.000295 0.997007
1750711252.723222 37369027.420898 2971252.387000 5333202.258324 -0.020006 -0.074676 -0.000295 0.997007
1750711252.728224 37369027.420898 2971252.387000 5333202.258324 -0.020006 -0.074676 -0.000295 0.997007
1750711252.733223 37369027.420898 2971252.387000 5333202.258324 -0.020006 -0.074676 -0.000295 0.997007
1750711252.738224 37369027.420898 2971252.387000 5333202.258324 -0.020006 -0.074676 -0.000295 0.997007
1750711252.743223 37369027.420898 2971252.387000 5333202.258324 -0.020006 -0.074676 -0.000295 0.997007
1750711252.748224 37369027.420898 2971252.387000 5333202.258324 -0.020006 -0.074676 -0.000295 0.997007
1750711252.753225 37369027.420898 2971252.387000 5333202.258324 -0.020006 -0.074676 -0.000295 0.997007
1750711252.758224 37369027.420898 2971252.387000 5333202.258324 -0.020006 -0.074676 -0.000295 0.997007
1750711252.763225 37369027.420898 2971252.387000 5333202.258324 -0.020006 -0.074676 -0.000295 0.997007
1750711252.768225 37369027.420898 2971252.387000 5333202.258324 -0.020006 -0.074676 -0.000295 0.997007
1750711252.773226 37369027.420898 2971252.387000 5333202.258324 -0.020006 -0.074676 -0.000295 0.997007
1750711252.778225 37369027.420898 2971252.387000 5333202.258324 -0.020006 -0.074676 -0.000295 0.997007
1750711252.783226 37369027.420898 2971252.387000 5333202.258324 -0.020006 -0.074676 -0.000295 0.997007
1750711252.788226 37369027.420898 2971252.387000 5333202.258324 -0.020006 -0.074676 -0.000295 0.997007
1750711252.793226 37369027.420898 2971252.387000 5333202.258324 -0.020006 -0.074676 -0.000295 0.997007
1750711252.798227 37369027.420898 2971252.387000 5333202.258324 -0.020006 -0.074676 -0.000295 0.997007
1750711252.799819 37369027.394315 2971252.391095 5333202.279844 -0.016562 -0.083843 -0.001622 0.996340
1750711252.803227 37369027.394315 2971252.391095 5333202.279844 -0.016562 -0.083843 -0.001622 0.996340
1750711252.808227 37369027.394315 2971252.391095 5333202.279844 -0.016562 -0.083843 -0.001622 0.996340
1750711252.813227 37369027.394315 2971252.391095 5333202.279844 -0.016562 -0.083843 -0.001622 0.996340
1750711252.818228 37369027.394315 2971252.391095 5333202.279844 -0.016562 -0.083843 -0.001622 0.996340
1750711252.823228 37369027.394315 2971252.391095 5333202.279844 -0.016562 -0.083843 -0.001622 0.996340
1750711252.828228 37369027.394315 2971252.391095 5333202.279844 -0.016562 -0.083843 -0.001622 0.996340
1750711252.833229 37369027.394315 2971252.391095 5333202.279844 -0.016562 -0.083843 -0.001622 0.996340
1750711252.838228 37369027.394315 2971252.391095 5333202.279844 -0.016562 -0.083843 -0.001622 0.996340
1750711252.843229 37369027.394315 2971252.391095 5333202.279844 -0.016562 -0.083843 -0.001622 0.996340
1750711252.848229 37369027.394315 2971252.391095 5333202.279844 -0.016562 -0.083843 -0.001622 0.996340
1750711252.853229 37369027.394315 2971252.391095 5333202.279844 -0.016562 -0.083843 -0.001622 0.996340
1750711252.858229 37369027.394315 2971252.391095 5333202.279844 -0.016562 -0.083843 -0.001622 0.996340
1750711252.863230 37369027.394315 2971252.391095 5333202.279844 -0.016562 -0.083843 -0.001622 0.996340
1750711252.868230 37369027.378288 2971252.391772 5333202.293056 -0.014179 -0.092901 -0.003005 0.995570
1750711252.873230 37369027.378288 2971252.391772 5333202.293056 -0.014179 -0.092901 -0.003005 0.995570
1750711252.878231 37369027.378288 2971252.391772 5333202.293056 -0.014179 -0.092901 -0.003005 0.995570
1750711252.883230 37369027.378288 2971252.391772 5333202.293056 -0.014179 -0.092901 -0.003005 0.995570
1750711252.888231 37369027.378288 2971252.391772 5333202.293056 -0.014179 -0.092901 -0.003005 0.995570
1750711252.893231 37369027.378288 2971252.391772 5333202.293056 -0.014179 -0.092901 -0.003005 0.995570
1750711252.898231 37369027.378288 2971252.391772 5333202.293056 -0.014179 -0.092901 -0.003005 0.995570
1750711252.903231 37369027.378288 2971252.391772 5333202.293056 -0.014179 -0.092901 -0.003005 0.995570
1750711252.908231 37369027.378288 2971252.391772 5333202.293056 -0.014179 -0.092901 -0.003005 0.995570
1750711252.913232 37369027.378288 2971252.391772 5333202.293056 -0.014179 -0.092901 -0.003005 0.995570
1750711252.918232 37369027.378288 2971252.391772 5333202.293056 -0.014179 -0.092901 -0.003005 0.995570
1750711252.923233 37369027.378288 2971252.391772 5333202.293056 -0.014179 -0.092901 -0.003005 0.995570
1750711252.928232 37369027.378288 2971252.391772 5333202.293056 -0.014179 -0.092901 -0.003005 0.995570
1750711252.933233 37369027.361599 2971252.389501 5333202.306019 -0.013002 -0.105122 -0.004237 0.994365
1750711252.938232 37369027.361599 2971252.389501 5333202.306019 -0.013002 -0.105122 -0.004237 0.994365
1750711252.943233 37369027.361599 2971252.389501 5333202.306019 -0.013002 -0.105122 -0.004237 0.994365
1750711252.948234 37369027.361599 2971252.389501 5333202.306019 -0.013002 -0.105122 -0.004237 0.994365
1750711252.953233 37369027.361599 2971252.389501 5333202.306019 -0.013002 -0.105122 -0.004237 0.994365
1750711252.958234 37369027.361599 2971252.389501 5333202.306019 -0.013002 -0.105122 -0.004237 0.994365
1750711252.963233 37369027.361599 2971252.389501 5333202.306019 -0.013002 -0.105122 -0.004237 0.994365
1750711252.968235 37369027.361599 2971252.389501 5333202.306019 -0.013002 -0.105122 -0.004237 0.994365
1750711252.973234 37369027.361599 2971252.389501 5333202.306019 -0.013002 -0.105122 -0.004237 0.994365
1750711252.978235 37369027.361599 2971252.389501 5333202.306019 -0.013002 -0.105122 -0.004237 0.994365
1750711252.983234 37369027.361599 2971252.389501 5333202.306019 -0.013002 -0.105122 -0.004237 0.994365
1750711252.988235 37369027.361599 2971252.389501 5333202.306019 -0.013002 -0.105122 -0.004237 0.994365
1750711252.993234 37369027.361599 2971252.389501 5333202.306019 -0.013002 -0.105122 -0.004237 0.994365
1750711252.998235 37369027.361599 2971252.389501 5333202.306019 -0.013002 -0.105122 -0.004237 0.994365
1750711253.003236 37369027.361599 2971252.389501 5333202.306019 -0.013002 -0.105122 -0.004237 0.994365
1750711253.008235 37369027.361599 2971252.389501 5333202.306019 -0.013002 -0.105122 -0.004237 0.994365
1750711253.013236 37369027.361599 2971252.389501 5333202.306019 -0.013002 -0.105122 -0.004237 0.994365
1750711253.018236 37369027.361599 2971252.389501 5333202.306019 -0.013002 -0.105122 -0.004237 0.994365
1750711253.023236 37369027.361599 2971252.389501 5333202.306019 -0.013002 -0.105122 -0.004237 0.994365
1750711253.028236 37369027.361599 2971252.389501 5333202.306019 -0.013002 -0.105122 -0.004237 0.994365
1750711253.033237 37369027.340333 2971252.392958 5333202.324605 -0.010454 -0.129708 -0.006407 0.991476
1750711253.038237 37369027.340333 2971252.392958 5333202.324605 -0.010454 -0.129708 -0.006407 0.991476
1750711253.043237 37369027.340333 2971252.392958 5333202.324605 -0.010454 -0.129708 -0.006407 0.991476
1750711253.048237 37369027.340333 2971252.392958 5333202.324605 -0.010454 -0.129708 -0.006407 0.991476
1750711253.053237 37369027.340333 2971252.392958 5333202.324605 -0.010454 -0.129708 -0.006407 0.991476
1750711253.058238 37369027.340333 2971252.392958 5333202.324605 -0.010454 -0.129708 -0.006407 0.991476
1750711253.063238 37369027.340333 2971252.392958 5333202.324605 -0.010454 -0.129708 -0.006407 0.991476
1750711253.068238 37369027.340333 2971252.392958 5333202.324605 -0.010454 -0.129708 -0.006407 0.991476
1750711253.073239 37369027.340333 2971252.392958 5333202.324605 -0.010454 -0.129708 -0.006407 0.991476
1750711253.078238 37369027.340333 2971252.392958 5333202.324605 -0.010454 -0.129708 -0.006407 0.991476
1750711253.083239 37369027.340333 2971252.392958 5333202.324605 -0.010454 -0.129708 -0.006407 0.991476
1750711253.088238 37369027.340333 2971252.392958 5333202.324605 -0.010454 -0.129708 -0.006407 0.991476
1750711253.093239 37369027.340333 2971252.392958 5333202.324605 -0.010454 -0.129708 -0.006407 0.991476
1750711253.098238 37369027.340333 2971252.392958 5333202.324605 -0.010454 -0.129708 -0.006407 0.991476
1750711253.103239 37369027.326999 2971252.395225 5333202.340049 -0.007871 -0.146867 -0.008796 0.989086
1750711253.108239 37369027.326999 2971252.395225 5333202.340049 -0.007871 -0.146867 -0.008796 0.989086
1750711253.113239 37369027.326999 2971252.395225 5333202.340049 -0.007871 -0.146867 -0.008796 0.989086
1750711253.118240 37369027.326999 2971252.395225 5333202.340049 -0.007871 -0.146867 -0.008796 0.989086
1750711253.123240 37369027.326999 2971252.395225 5333202.340049 -0.007871 -0.146867 -0.008796 0.989086
1750711253.128240 37369027.326999 2971252.395225 5333202.340049 -0.007871 -0.146867 -0.008796 0.989086
1750711253.133240 37369027.326999 2971252.395225 5333202.340049 -0.007871 -0.146867 -0.008796 0.989086
1750711253.138240 37369027.326999 2971252.395225 5333202.340049 -0.007871 -0.146867 -0.008796 0.989086
1750711253.143240 37369027.326999 2971252.395225 5333202.340049 -0.007871 -0.146867 -0.008796 0.989086
1750711253.148240 37369027.326999 2971252.395225 5333202.340049 -0.007871 -0.146867 -0.008796 0.989086
1750711253.153241 37369027.326999 2971252.395225 5333202.340049 -0.007871 -0.146867 -0.008796 0.989086
1750711253.158241 37369027.326999 2971252.395225 5333202.340049 -0.007871 -0.146867 -0.008796 0.989086
1750711253.163241 37369027.326999 2971252.395225 5333202.340049 -0.007871 -0.146867 -0.008796 0.989086
1750711253.168241 37369027.311107 2971252.398501 5333202.356196 -0.002784 -0.165804 -0.012579 0.986074
1750711253.173241 37369027.311107 2971252.398501 5333202.356196 -0.002784 -0.165804 -0.012579 0.986074
1750711253.178241 37369027.311107 2971252.398501 5333202.356196 -0.002784 -0.165804 -0.012579 0.986074
1750711253.183242 37369027.311107 2971252.398501 5333202.356196 -0.002784 -0.165804 -0.012579 0.986074
1750711253.188242 37369027.311107 2971252.398501 5333202.356196 -0.002784 -0.165804 -0.012579 0.986074
1750711253.193242 37369027.311107 2971252.398501 5333202.356196 -0.002784 -0.165804 -0.012579 0.986074
1750711253.198242 37369027.311107 2971252.398501 5333202.356196 -0.002784 -0.165804 -0.012579 0.986074
1750711253.203242 37369027.311107 2971252.398501 5333202.356196 -0.002784 -0.165804 -0.012579 0.986074
1750711253.208243 37369027.311107 2971252.398501 5333202.356196 -0.002784 -0.165804 -0.012579 0.986074
1750711253.213242 37369027.311107 2971252.398501 5333202.356196 -0.002784 -0.165804 -0.012579 0.986074
1750711253.218243 37369027.311107 2971252.398501 5333202.356196 -0.002784 -0.165804 -0.012579 0.986074
1750711253.223242 37369027.311107 2971252.398501 5333202.356196 -0.002784 -0.165804 -0.012579 0.986074
1750711253.228243 37369027.311107 2971252.398501 5333202.356196 -0.002784 -0.165804 -0.012579 0.986074
1750711253.233242 37369027.296889 2971252.402447 5333202.372736 -0.000112 -0.188519 -0.016747 0.981926
1750711253.238243 37369027.296889 2971252.402447 5333202.372736 -0.000112 -0.188519 -0.016747 0.981926
1750711253.243244 37369027.296889 2971252.402447 5333202.372736 -0.000112 -0.188519 -0.016747 0.981926
1750711253.248243 37369027.296889 2971252.402447 5333202.372736 -0.000112 -0.188519 -0.016747 0.981926
1750711253.253244 37369027.296889 2971252.402447 5333202.372736 -0.000112 -0.188519 -0.016747 0.981926
1750711253.258243 37369027.296889 2971252.402447 5333202.372736 -0.000112 -0.188519 -0.016747 0.981926
1750711253.263244 37369027.296889 2971252.402447 5333202.372736 -0.000112 -0.188519 -0.016747 0.981926
1750711253.268244 37369027.296889 2971252.402447 5333202.372736 -0.000112 -0.188519 -0.016747 0.981926
1750711253.273244 37369027.296889 2971252.402447 5333202.372736 -0.000112 -0.188519 -0.016747 0.981926
1750711253.278244 37369027.296889 2971252.402447 5333202.372736 -0.000112 -0.188519 -0.016747 0.981926
1750711253.283244 37369027.296889 2971252.402447 5333202.372736 -0.000112 -0.188519 -0.016747 0.981926
1750711253.288245 37369027.296889 2971252.402447 5333202.372736 -0.000112 -0.188519 -0.016747 0.981926
1750711253.293244 37369027.296889 2971252.402447 5333202.372736 -0.000112 -0.188519 -0.016747 0.981926
1750711253.298245 37369027.296889 2971252.402447 5333202.372736 -0.000112 -0.188519 -0.016747 0.981926
1750711253.303244 37369027.296889 2971252.402447 5333202.372736 -0.000112 -0.188519 -0.016747 0.981926
1750711253.308245 37369027.296889 2971252.402447 5333202.372736 -0.000112 -0.188519 -0.016747 0.981926
1750711253.313245 37369027.296889 2971252.402447 5333202.372736 -0.000112 -0.188519 -0.016747 0.981926
1750711253.318245 37369027.296889 2971252.402447 5333202.372736 -0.000112 -0.188519 -0.016747 0.981926
1750711253.323246 37369027.296889 2971252.402447 5333202.372736 -0.000112 -0.188519 -0.016747 0.981926
1750711253.328245 37369027.296889 2971252.402447 5333202.372736 -0.000112 -0.188519 -0.016747 0.981926
1750711253.333246 37369027.273778 2971252.405966 5333202.395994 0.001726 -0.226820 -0.022126 0.973684
1750711253.338245 37369027.273778 2971252.405966 5333202.395994 0.001726 -0.226820 -0.022126 0.973684
1750711253.343246 37369027.273778 2971252.405966 5333202.395994 0.001726 -0.226820 -0.022126 0.973684
1750711253.348245 37369027.273778 2971252.405966 5333202.395994 0.001726 -0.226820 -0.022126 0.973684
1750711253.353246 37369027.273778 2971252.405966 5333202.395994 0.001726 -0.226820 -0.022126 0.973684
1750711253.358246 37369027.273778 2971252.405966 5333202.395994 0.001726 -0.226820 -0.022126 0.973684
1750711253.363246 37369027.273778 2971252.405966 5333202.395994 0.001726 -0.226820 -0.022126 0.973684
1750711253.368247 37369027.273778 2971252.405966 5333202.395994 0.001726 -0.226820 -0.022126 0.973684
1750711253.373246 37369027.273778 2971252.405966 5333202.395994 0.001726 -0.226820 -0.022126 0.973684
1750711253.378247 37369027.273778 2971252.405966 5333202.395994 0.001726 -0.226820 -0.022126 0.973684
1750711253.383246 37369027.273778 2971252.405966 5333202.395994 0.001726 -0.226820 -0.022126 0.973684
1750711253.388247 37369027.273778 2971252.405966 5333202.395994 0.001726 -0.226820 -0.022126 0.973684
1750711253.393247 37369027.273778 2971252.405966 5333202.395994 0.001726 -0.226820 -0.022126 0.973684
1750711253.398247 37369027.273778 2971252.405966 5333202.395994 0.001726 -0.226820 -0.022126 0.973684
1750711253.403247 37369027.263177 2971252.411508 5333202.414991 0.000968 -0.252958 -0.027223 0.967094
1750711253.408247 37369027.263177 2971252.411508 5333202.414991 0.000968 -0.252958 -0.027223 0.967094
1750711253.413247 37369027.263177 2971252.411508 5333202.414991 0.000968 -0.252958 -0.027223 0.967094
1750711253.418247 37369027.263177 2971252.411508 5333202.414991 0.000968 -0.252958 -0.027223 0.967094
1750711253.423248 37369027.263177 2971252.411508 5333202.414991 0.000968 -0.252958 -0.027223 0.967094
1750711253.428247 37369027.263177 2971252.411508 5333202.414991 0.000968 -0.252958 -0.027223 0.967094
1750711253.433248 37369027.263177 2971252.411508 5333202.414991 0.000968 -0.252958 -0.027223 0.967094
1750711253.438248 37369027.263177 2971252.411508 5333202.414991 0.000968 -0.252958 -0.027223 0.967094
1750711253.443248 37369027.263177 2971252.411508 5333202.414991 0.000968 -0.252958 -0.027223 0.967094
1750711253.448248 37369027.263177 2971252.411508 5333202.414991 0.000968 -0.252958 -0.027223 0.967094
1750711253.453248 37369027.263177 2971252.411508 5333202.414991 0.000968 -0.252958 -0.027223 0.967094
1750711253.458248 37369027.263177 2971252.411508 5333202.414991 0.000968 -0.252958 -0.027223 0.967094
1750711253.463248 37369027.263177 2971252.411508 5333202.414991 0.000968 -0.252958 -0.027223 0.967094
1750711253.468248 37369027.263177 2971252.411508 5333202.414991 0.000968 -0.252958 -0.027223 0.967094
1750711253.473249 37369027.263177 2971252.411508 5333202.414991 0.000968 -0.252958 -0.027223 0.967094
1750711253.478248 37369027.263177 2971252.411508 5333202.414991 0.000968 -0.252958 -0.027223 0.967094
1750711253.483249 37369027.263177 2971252.411508 5333202.414991 0.000968 -0.252958 -0.027223 0.967094
1750711253.488249 37369027.263177 2971252.411508 5333202.414991 0.000968 -0.252958 -0.027223 0.967094
1750711253.493250 37369027.263177 2971252.411508 5333202.414991 0.000968 -0.252958 -0.027223 0.967094
1750711253.498249 37369027.263177 2971252.411508 5333202.414991 0.000968 -0.252958 -0.027223 0.967094
1750711253.503250 37369027.242012 2971252.415131 5333202.444242 -0.001968 -0.288834 -0.034553 0.956753
1750711253.508250 37369027.242012 2971252.415131 5333202.444242 -0.001968 -0.288834 -0.034553 0.956753
1750711253.513250 37369027.242012 2971252.415131 5333202.444242 -0.001968 -0.288834 -0.034553 0.956753
1750711253.518251 37369027.242012 2971252.415131 5333202.444242 -0.001968 -0.288834 -0.034553 0.956753
1750711253.523251 37369027.242012 2971252.415131 5333202.444242 -0.001968 -0.288834 -0.034553 0.956753
1750711253.528251 37369027.242012 2971252.415131 5333202.444242 -0.001968 -0.288834 -0.034553 0.956753
1750711253.533251 37369027.242012 2971252.415131 5333202.444242 -0.001968 -0.288834 -0.034553 0.956753
1750711253.538252 37369027.242012 2971252.415131 5333202.444242 -0.001968 -0.288834 -0.034553 0.956753
1750711253.543252 37369027.242012 2971252.415131 5333202.444242 -0.001968 -0.288834 -0.034553 0.956753
1750711253.548252 37369027.242012 2971252.415131 5333202.444242 -0.001968 -0.288834 -0.034553 0.956753
1750711253.553252 37369027.242012 2971252.415131 5333202.444242 -0.001968 -0.288834 -0.034553 0.956753
1750711253.558253 37369027.242012 2971252.415131 5333202.444242 -0.001968 -0.288834 -0.034553 0.956753
1750711253.563252 37369027.242012 2971252.415131 5333202.444242 -0.001968 -0.288834 -0.034553 0.956753
1750711253.568253 37369027.229670 2971252.416481 5333202.465483 -0.002387 -0.309126 -0.039477 0.950198
1750711253.573253 37369027.229670 2971252.416481 5333202.465483 -0.002387 -0.309126 -0.039477 0.950198
1750711253.578253 37369027.229670 2971252.416481 5333202.465483 -0.002387 -0.309126 -0.039477 0.950198
1750711253.583254 37369027.229670 2971252.416481 5333202.465483 -0.002387 -0.309126 -0.039477 0.950198
1750711253.588253 37369027.229670 2971252.416481 5333202.465483 -0.002387 -0.309126 -0.039477 0.950198
1750711253.593254 37369027.229670 2971252.416481 5333202.465483 -0.002387 -0.309126 -0.039477 0.950198
1750711253.598255 37369027.229670 2971252.416481 5333202.465483 -0.002387 -0.309126 -0.039477 0.950198
1750711253.603255 37369027.229670 2971252.416481 5333202.465483 -0.002387 -0.309126 -0.039477 0.950198
1750711253.608255 37369027.229670 2971252.416481 5333202.465483 -0.002387 -0.309126 -0.039477 0.950198
1750711253.613255 37369027.229670 2971252.416481 5333202.465483 -0.002387 -0.309126 -0.039477 0.950198
1750711253.618256 37369027.229670 2971252.416481 5333202.465483 -0.002387 -0.309126 -0.039477 0.950198
1750711253.623255 37369027.229670 2971252.416481 5333202.465483 -0.002387 -0.309126 -0.039477 0.950198
1750711253.628256 37369027.229670 2971252.416481 5333202.465483 -0.002387 -0.309126 -0.039477 0.950198
1750711253.633256 37369027.229670 2971252.416481 5333202.465483 -0.002387 -0.309126 -0.039477 0.950198
1750711253.638256 37369027.229670 2971252.416481 5333202.465483 -0.002387 -0.309126 -0.039477 0.950198
1750711253.643257 37369027.229670 2971252.416481 5333202.465483 -0.002387 -0.309126 -0.039477 0.950198
1750711253.648257 37369027.229670 2971252.416481 5333202.465483 -0.002387 -0.309126 -0.039477 0.950198
1750711253.653257 37369027.229670 2971252.416481 5333202.465483 -0.002387 -0.309126 -0.039477 0.950198
1750711253.658257 37369027.229670 2971252.416481 5333202.465483 -0.002387 -0.309126 -0.039477 0.950198
1750711253.663258 37369027.229670 2971252.416481 5333202.465483 -0.002387 -0.309126 -0.039477 0.950198
1750711253.668257 37369027.207018 2971252.417507 5333202.495227 -0.004531 -0.335858 -0.045451 0.940804
1750711253.673258 37369027.207018 2971252.417507 5333202.495227 -0.004531 -0.335858 -0.045451 0.940804
1750711253.678258 37369027.207018 2971252.417507 5333202.495227 -0.004531 -0.335858 -0.045451 0.940804
1750711253.683258 37369027.207018 2971252.417507 5333202.495227 -0.004531 -0.335858 -0.045451 0.940804
1750711253.688259 37369027.207018 2971252.417507 5333202.495227 -0.004531 -0.335858 -0.045451 0.940804
1750711253.693259 37369027.207018 2971252.417507 5333202.495227 -0.004531 -0.335858 -0.045451 0.940804
1750711253.698259 37369027.207018 2971252.417507 5333202.495227 -0.004531 -0.335858 -0.045451 0.940804
1750711253.703259 37369027.207018 2971252.417507 5333202.495227 -0.004531 -0.335858 -0.045451 0.940804
1750711253.708260 37369027.207018 2971252.417507 5333202.495227 -0.004531 -0.335858 -0.045451 0.940804
1750711253.713259 37369027.207018 2971252.417507 5333202.495227 -0.004531 -0.335858 -0.045451 0.940804
1750711253.718260 37369027.207018 2971252.417507 5333202.495227 -0.004531 -0.335858 -0.045451 0.940804
1750711253.723259 37369027.207018 2971252.417507 5333202.495227 -0.004531 -0.335858 -0.045451 0.940804
1750711253.728260 37369027.207018 2971252.417507 5333202.495227 -0.004531 -0.335858 -0.045451 0.940804
1750711253.733261 37369027.193733 2971252.421157 5333202.513876 -0.004053 -0.351272 -0.048067 0.935030
1750711253.738260 37369027.193733 2971252.421157 5333202.513876 -0.004053 -0.351272 -0.048067 0.935030
1750711253.743261 37369027.193733 2971252.421157 5333202.513876 -0.004053 -0.351272 -0.048067 0.935030
1750711253.748260 37369027.193733 2971252.421157 5333202.513876 -0.004053 -0.351272 -0.048067 0.935030
1750711253.753261 37369027.193733 2971252.421157 5333202.513876 -0.004053 -0.351272 -0.048067 0.935030
1750711253.758261 37369027.193733 2971252.421157 5333202.513876 -0.004053 -0.351272 -0.048067 0.935030
1750711253.763262 37369027.193733 2971252.421157 5333202.513876 -0.004053 -0.351272 -0.048067 0.935030
1750711253.768262 37369027.193733 2971252.421157 5333202.513876 -0.004053 -0.351272 -0.048067 0.935030
1750711253.773262 37369027.193733 2971252.421157 5333202.513876 -0.004053 -0.351272 -0.048067 0.935030
1750711253.778263 37369027.193733 2971252.421157 5333202.513876 -0.004053 -0.351272 -0.048067 0.935030
1750711253.783262 37369027.193733 2971252.421157 5333202.513876 -0.004053 -0.351272 -0.048067 0.935030
1750711253.788263 37369027.193733 2971252.421157 5333202.513876 -0.004053 -0.351272 -0.048067 0.935030
1750711253.793262 37369027.193733 2971252.421157 5333202.513876 -0.004053 -0.351272 -0.048067 0.935030
1750711253.798263 37369027.193733 2971252.421157 5333202.513876 -0.004053 -0.351272 -0.048067 0.935030
1750711253.803262 37369027.181293 2971252.423919 5333202.531507 -0.006109 -0.366925 -0.050387 0.928865
1750711253.808263 37369027.181293 2971252.423919 5333202.531507 -0.006109 -0.366925 -0.050387 0.928865
1750711253.813264 37369027.181293 2971252.423919 5333202.531507 -0.006109 -0.366925 -0.050387 0.928865
1750711253.818264 37369027.181293 2971252.423919 5333202.531507 -0.006109 -0.366925 -0.050387 0.928865
1750711253.823264 37369027.181293 2971252.423919 5333202.531507 -0.006109 -0.366925 -0.050387 0.928865
1750711253.828264 37369027.181293 2971252.423919 5333202.531507 -0.006109 -0.366925 -0.050387 0.928865
1750711253.833264 37369027.181293 2971252.423919 5333202.531507 -0.006109 -0.366925 -0.050387 0.928865
1750711253.838265 37369027.181293 2971252.423919 5333202.531507 -0.006109 -0.366925 -0.050387 0.928865
1750711253.843265 37369027.181293 2971252.423919 5333202.531507 -0.006109 -0.366925 -0.050387 0.928865
1750711253.848265 37369027.181293 2971252.423919 5333202.531507 -0.006109 -0.366925 -0.050387 0.928865
1750711253.853265 37369027.181293 2971252.423919 5333202.531507 -0.006109 -0.366925 -0.050387 0.928865
1750711253.858265 37369027.181293 2971252.423919 5333202.531507 -0.006109 -0.366925 -0.050387 0.928865
1750711253.863265 37369027.181293 2971252.423919 5333202.531507 -0.006109 -0.366925 -0.050387 0.928865
1750711253.868266 37369027.181293 2971252.423919 5333202.531507 -0.006109 -0.366925 -0.050387 0.928865
1750711253.873266 37369027.181293 2971252.423919 5333202.531507 -0.006109 -0.366925 -0.050387 0.928865
1750711253.878266 37369027.181293 2971252.423919 5333202.531507 -0.006109 -0.366925 -0.050387 0.928865
1750711253.883266 37369027.181293 2971252.423919 5333202.531507 -0.006109 -0.366925 -0.050387 0.928865
1750711253.888266 37369027.181293 2971252.423919 5333202.531507 -0.006109 -0.366925 -0.050387 0.928865
1750711253.893267 37369027.181293 2971252.423919 5333202.531507 -0.006109 -0.366925 -0.050387 0.928865
1750711253.898266 37369027.181293 2971252.423919 5333202.531507 -0.006109 -0.366925 -0.050387 0.928865
1750711253.903267 37369027.166122 2971252.426567 5333202.554491 -0.008709 -0.388792 -0.056386 0.919557
1750711253.908266 37369027.166122 2971252.426567 5333202.554491 -0.008709 -0.388792 -0.056386 0.919557
1750711253.913267 37369027.166122 2971252.426567 5333202.554491 -0.008709 -0.388792 -0.056386 0.919557
1750711253.918268 37369027.166122 2971252.426567 5333202.554491 -0.008709 -0.388792 -0.056386 0.919557
1750711253.923267 37369027.166122 2971252.426567 5333202.554491 -0.008709 -0.388792 -0.056386 0.919557
1750711253.928268 37369027.166122 2971252.426567 5333202.554491 -0.008709 -0.388792 -0.056386 0.919557
1750711253.933267 37369027.166122 2971252.426567 5333202.554491 -0.008709 -0.388792 -0.056386 0.919557
1750711253.938268 37369027.166122 2971252.426567 5333202.554491 -0.008709 -0.388792 -0.056386 0.919557
1750711253.943268 37369027.166122 2971252.426567 5333202.554491 -0.008709 -0.388792 -0.056386 0.919557
1750711253.948268 37369027.166122 2971252.426567 5333202.554491 -0.008709 -0.388792 -0.056386 0.919557
1750711253.953268 37369027.166122 2971252.426567 5333202.554491 -0.008709 -0.388792 -0.056386 0.919557
1750711253.958268 37369027.166122 2971252.426567 5333202.554491 -0.008709 -0.388792 -0.056386 0.919557
1750711253.963269 37369027.166122 2971252.426567 5333202.554491 -0.008709 -0.388792 -0.056386 0.919557
1750711253.968269 37369027.151597 2971252.425231 5333202.570173 -0.008119 -0.403786 -0.061586 0.912742
1750711253.973269 37369027.151597 2971252.425231 5333202.570173 -0.008119 -0.403786 -0.061586 0.912742
1750711253.978269 37369027.151597 2971252.425231 5333202.570173 -0.008119 -0.403786 -0.061586 0.912742
1750711253.983269 37369027.151597 2971252.425231 5333202.570173 -0.008119 -0.403786 -0.061586 0.912742
1750711253.988269 37369027.151597 2971252.425231 5333202.570173 -0.008119 -0.403786 -0.061586 0.912742
1750711253.993269 37369027.151597 2971252.425231 5333202.570173 -0.008119 -0.403786 -0.061586 0.912742
1750711253.998269 37369027.151597 2971252.425231 5333202.570173 -0.008119 -0.403786 -0.061586 0.912742
1750711254.003270 37369027.151597 2971252.425231 5333202.570173 -0.008119 -0.403786 -0.061586 0.912742
1750711254.008269 37369027.151597 2971252.425231 5333202.570173 -0.008119 -0.403786 -0.061586 0.912742
1750711254.013270 37369027.151597 2971252.425231 5333202.570173 -0.008119 -0.403786 -0.061586 0.912742
1750711254.018270 37369027.151597 2971252.425231 5333202.570173 -0.008119 -0.403786 -0.061586 0.912742
1750711254.023270 37369027.151597 2971252.425231 5333202.570173 -0.008119 -0.403786 -0.061586 0.912742
1750711254.028270 37369027.151597 2971252.425231 5333202.570173 -0.008119 -0.403786 -0.061586 0.912742
1750711254.033270 37369027.143408 2971252.428066 5333202.582151 -0.007816 -0.420000 -0.066733 0.905033
1750711254.038270 37369027.143408 2971252.428066 5333202.582151 -0.007816 -0.420000 -0.066733 0.905033
1750711254.043270 37369027.143408 2971252.428066 5333202.582151 -0.007816 -0.420000 -0.066733 0.905033
1750711254.048271 37369027.143408 2971252.428066 5333202.582151 -0.007816 -0.420000 -0.066733 0.905033
1750711254.053271 37369027.143408 2971252.428066 5333202.582151 -0.007816 -0.420000 -0.066733 0.905033
1750711254.058271 37369027.143408 2971252.428066 5333202.582151 -0.007816 -0.420000 -0.066733 0.905033
1750711254.063272 37369027.143408 2971252.428066 5333202.582151 -0.007816 -0.420000 -0.066733 0.905033
1750711254.068271 37369027.143408 2971252.428066 5333202.582151 -0.007816 -0.420000 -0.066733 0.905033
1750711254.073272 37369027.143408 2971252.428066 5333202.582151 -0.007816 -0.420000 -0.066733 0.905033
1750711254.078271 37369027.143408 2971252.428066 5333202.582151 -0.007816 -0.420000 -0.066733 0.905033
1750711254.083272 37369027.143408 2971252.428066 5333202.582151 -0.007816 -0.420000 -0.066733 0.905033
1750711254.088272 37369027.143408 2971252.428066 5333202.582151 -0.007816 -0.420000 -0.066733 0.905033
1750711254.093272 37369027.143408 2971252.428066 5333202.582151 -0.007816 -0.420000 -0.066733 0.905033
1750711254.098272 37369027.143408 2971252.428066 5333202.582151 -0.007816 -0.420000 -0.066733 0.905033
1750711254.103272 37369027.131932 2971252.430702 5333202.590331 -0.006575 -0.437358 -0.070718 0.896479
1750711254.108272 37369027.131932 2971252.430702 5333202.590331 -0.006575 -0.437358 -0.070718 0.896479
1750711254.113272 37369027.131932 2971252.430702 5333202.590331 -0.006575 -0.437358 -0.070718 0.896479
1750711254.118273 37369027.131932 2971252.430702 5333202.590331 -0.006575 -0.437358 -0.070718 0.896479
1750711254.123273 37369027.131932 2971252.430702 5333202.590331 -0.006575 -0.437358 -0.070718 0.896479
1750711254.128273 37369027.131932 2971252.430702 5333202.590331 -0.006575 -0.437358 -0.070718 0.896479
1750711254.133273 37369027.131932 2971252.430702 5333202.590331 -0.006575 -0.437358 -0.070718 0.896479
1750711254.138273 37369027.131932 2971252.430702 5333202.590331 -0.006575 -0.437358 -0.070718 0.896479
1750711254.143273 37369027.131932 2971252.430702 5333202.590331 -0.006575 -0.437358 -0.070718 0.896479
1750711254.148273 37369027.131932 2971252.430702 5333202.590331 -0.006575 -0.437358 -0.070718 0.896479
1750711254.153273 37369027.131932 2971252.430702 5333202.590331 -0.006575 -0.437358 -0.070718 0.896479
1750711254.158273 37369027.131932 2971252.430702 5333202.590331 -0.006575 -0.437358 -0.070718 0.896479
1750711254.163274 37369027.131932 2971252.430702 5333202.590331 -0.006575 -0.437358 -0.070718 0.896479
1750711254.168274 37369027.119896 2971252.431961 5333202.596514 -0.004282 -0.456466 -0.075072 0.886558
1750711254.173273 37369027.119896 2971252.431961 5333202.596514 -0.004282 -0.456466 -0.075072 0.886558
1750711254.178274 37369027.119896 2971252.431961 5333202.596514 -0.004282 -0.456466 -0.075072 0.886558
1750711254.183274 37369027.119896 2971252.431961 5333202.596514 -0.004282 -0.456466 -0.075072 0.886558
1750711254.188274 37369027.119896 2971252.431961 5333202.596514 -0.004282 -0.456466 -0.075072 0.886558
1750711254.193274 37369027.119896 2971252.431961 5333202.596514 -0.004282 -0.456466 -0.075072 0.886558
1750711254.198274 37369027.119896 2971252.431961 5333202.596514 -0.004282 -0.456466 -0.075072 0.886558
1750711254.203274 37369027.119896 2971252.431961 5333202.596514 -0.004282 -0.456466 -0.075072 0.886558
1750711254.208274 37369027.119896 2971252.431961 5333202.596514 -0.004282 -0.456466 -0.075072 0.886558
1750711254.213275 37369027.119896 2971252.431961 5333202.596514 -0.004282 -0.456466 -0.075072 0.886558
1750711254.218274 37369027.119896 2971252.431961 5333202.596514 -0.004282 -0.456466 -0.075072 0.886558
1750711254.223275 37369027.119896 2971252.431961 5333202.596514 -0.004282 -0.456466 -0.075072 0.886558
1750711254.228274 37369027.119896 2971252.431961 5333202.596514 -0.004282 -0.456466 -0.075072 0.886558
1750711254.233275 37369027.108237 2971252.432489 5333202.601456 -0.002550 -0.475151 -0.079099 0.876338
1750711254.238274 37369027.108237 2971252.432489 5333202.601456 -0.002550 -0.475151 -0.079099 0.876338
1750711254.243275 37369027.108237 2971252.432489 5333202.601456 -0.002550 -0.475151 -0.079099 0.876338
1750711254.248274 37369027.108237 2971252.432489 5333202.601456 -0.002550 -0.475151 -0.079099 0.876338
1750711254.253275 37369027.108237 2971252.432489 5333202.601456 -0.002550 -0.475151 -0.079099 0.876338
1750711254.258275 37369027.108237 2971252.432489 5333202.601456 -0.002550 -0.475151 -0.079099 0.876338
1750711254.263275 37369027.108237 2971252.432489 5333202.601456 -0.002550 -0.475151 -0.079099 0.876338
1750711254.266542 37369027.102254 2971252.432465 5333202.602810 -0.001381 -0.483905 -0.081062 0.871357
1750711254.268275 37369027.102254 2971252.432465 5333202.602810 -0.001381 -0.483905 -0.081062 0.871357
1750711254.273275 37369027.102254 2971252.432465 5333202.602810 -0.001381 -0.483905 -0.081062 0.871357
1750711254.278275 37369027.102254 2971252.432465 5333202.602810 -0.001381 -0.483905 -0.081062 0.871357
1750711254.283275 37369027.102254 2971252.432465 5333202.602810 -0.001381 -0.483905 -0.081062 0.871357
1750711254.288275 37369027.102254 2971252.432465 5333202.602810 -0.001381 -0.483905 -0.081062 0.871357
1750711254.293275 37369027.102254 2971252.432465 5333202.602810 -0.001381 -0.483905 -0.081062 0.871357
1750711254.298275 37369027.102254 2971252.432465 5333202.602810 -0.001381 -0.483905 -0.081062 0.871357
1750711254.303276 37369027.102254 2971252.432465 5333202.602810 -0.001381 -0.483905 -0.081062 0.871357
1750711254.308276 37369027.102254 2971252.432465 5333202.602810 -0.001381 -0.483905 -0.081062 0.871357
1750711254.313276 37369027.102254 2971252.432465 5333202.602810 -0.001381 -0.483905 -0.081062 0.871357
1750711254.318276 37369027.102254 2971252.432465 5333202.602810 -0.001381 -0.483905 -0.081062 0.871357
1750711254.323276 37369027.102254 2971252.432465 5333202.602810 -0.001381 -0.483905 -0.081062 0.871357
1750711254.328276 37369027.102254 2971252.432465 5333202.602810 -0.001381 -0.483905 -0.081062 0.871357
1750711254.333276 37369027.083597 2971252.429608 5333202.601735 -0.000386 -0.501896 -0.082976 0.860938
1750711254.338277 37369027.083597 2971252.429608 5333202.601735 -0.000386 -0.501896 -0.082976 0.860938
1750711254.343276 37369027.083597 2971252.429608 5333202.601735 -0.000386 -0.501896 -0.082976 0.860938
1750711254.348277 37369027.083597 2971252.429608 5333202.601735 -0.000386 -0.501896 -0.082976 0.860938
1750711254.353276 37369027.083597 2971252.429608 5333202.601735 -0.000386 -0.501896 -0.082976 0.860938
1750711254.358277 37369027.083597 2971252.429608 5333202.601735 -0.000386 -0.501896 -0.082976 0.860938
1750711254.363276 37369027.083597 2971252.429608 5333202.601735 -0.000386 -0.501896 -0.082976 0.860938
1750711254.368277 37369027.083597 2971252.429608 5333202.601735 -0.000386 -0.501896 -0.082976 0.860938
1750711254.373276 37369027.083597 2971252.429608 5333202.601735 -0.000386 -0.501896 -0.082976 0.860938
1750711254.378276 37369027.083597 2971252.429608 5333202.601735 -0.000386 -0.501896 -0.082976 0.860938
1750711254.383277 37369027.083597 2971252.429608 5333202.601735 -0.000386 -0.501896 -0.082976 0.860938
1750711254.388277 37369027.083597 2971252.429608 5333202.601735 -0.000386 -0.501896 -0.082976 0.860938
1750711254.393277 37369027.083597 2971252.429608 5333202.601735 -0.000386 -0.501896 -0.082976 0.860938
1750711254.398276 37369027.083597 2971252.429608 5333202.601735 -0.000386 -0.501896 -0.082976 0.860938
1750711254.403277 37369027.068911 2971252.430172 5333202.617379 0.002006 -0.524433 -0.087106 0.846982
1750711254.408277 37369027.068911 2971252.430172 5333202.617379 0.002006 -0.524433 -0.087106 0.846982
1750711254.413277 37369027.068911 2971252.430172 5333202.617379 0.002006 -0.524433 -0.087106 0.846982
1750711254.418276 37369027.068911 2971252.430172 5333202.617379 0.002006 -0.524433 -0.087106 0.846982
1750711254.423277 37369027.068911 2971252.430172 5333202.617379 0.002006 -0.524433 -0.087106 0.846982
1750711254.428277 37369027.068911 2971252.430172 5333202.617379 0.002006 -0.524433 -0.087106 0.846982
1750711254.433277 37369027.068911 2971252.430172 5333202.617379 0.002006 -0.524433 -0.087106 0.846982
1750711254.438277 37369027.068911 2971252.430172 5333202.617379 0.002006 -0.524433 -0.087106 0.846982
1750711254.443277 37369027.068911 2971252.430172 5333202.617379 0.002006 -0.524433 -0.087106 0.846982
1750711254.448277 37369027.068911 2971252.430172 5333202.617379 0.002006 -0.524433 -0.087106 0.846982
1750711254.453277 37369027.068911 2971252.430172 5333202.617379 0.002006 -0.524433 -0.087106 0.846982
1750711254.458277 37369027.068911 2971252.430172 5333202.617379 0.002006 -0.524433 -0.087106 0.846982
1750711254.463278 37369027.068911 2971252.430172 5333202.617379 0.002006 -0.524433 -0.087106 0.846982
1750711254.468277 37369027.053610 2971252.430350 5333202.614817 0.003704 -0.545382 -0.090999 0.833225
1750711254.473278 37369027.053610 2971252.430350 5333202.614817 0.003704 -0.545382 -0.090999 0.833225
1750711254.478277 37369027.053610 2971252.430350 5333202.614817 0.003704 -0.545382 -0.090999 0.833225
1750711254.483278 37369027.053610 2971252.430350 5333202.614817 0.003704 -0.545382 -0.090999 0.833225
1750711254.488277 37369027.053610 2971252.430350 5333202.614817 0.003704 -0.545382 -0.090999 0.833225
1750711254.493278 37369027.053610 2971252.430350 5333202.614817 0.003704 -0.545382 -0.090999 0.833225
1750711254.498279 37369027.053610 2971252.430350 5333202.614817 0.003704 -0.545382 -0.090999 0.833225
1750711254.503278 37369027.044032 2971252.430106 5333202.612651 0.004847 -0.555378 -0.092715 0.826399
1750711254.508279 37369027.044032 2971252.430106 5333202.612651 0.004847 -0.555378 -0.092715 0.826399
1750711254.513279 37369027.044032 2971252.430106 5333202.612651 0.004847 -0.555378 -0.092715 0.826399
1750711254.518280 37369027.044032 2971252.430106 5333202.612651 0.004847 -0.555378 -0.092715 0.826399
1750711254.523280 37369027.044032 2971252.430106 5333202.612651 0.004847 -0.555378 -0.092715 0.826399
1750711254.528280 37369027.044032 2971252.430106 5333202.612651 0.004847 -0.555378 -0.092715 0.826399
1750711254.533280 37369027.044032 2971252.430106 5333202.612651 0.004847 -0.555378 -0.092715 0.826399
1750711254.538281 37369027.044032 2971252.430106 5333202.612651 0.004847 -0.555378 -0.092715 0.826399
1750711254.543281 37369027.044032 2971252.430106 5333202.612651 0.004847 -0.555378 -0.092715 0.826399
1750711254.548281 37369027.044032 2971252.430106 5333202.612651 0.004847 -0.555378 -0.092715 0.826399
1750711254.553282 37369027.044032 2971252.430106 5333202.612651 0.004847 -0.555378 -0.092715 0.826399
1750711254.558281 37369027.044032 2971252.430106 5333202.612651 0.004847 -0.555378 -0.092715 0.826399
1750711254.563282 37369027.044032 2971252.430106 5333202.612651 0.004847 -0.555378 -0.092715 0.826399
1750711254.568282 37369027.024007 2971252.429605 5333202.605980 0.005147 -0.574746 -0.094175 0.812878
1750711254.573283 37369027.024007 2971252.429605 5333202.605980 0.005147 -0.574746 -0.094175 0.812878
1750711254.578284 37369027.024007 2971252.429605 5333202.605980 0.005147 -0.574746 -0.094175 0.812878
1750711254.583283 37369027.024007 2971252.429605 5333202.605980 0.005147 -0.574746 -0.094175 0.812878
1750711254.588284 37369027.024007 2971252.429605 5333202.605980 0.005147 -0.574746 -0.094175 0.812878
1750711254.593284 37369027.024007 2971252.429605 5333202.605980 0.005147 -0.574746 -0.094175 0.812878
1750711254.598284 37369027.024007 2971252.429605 5333202.605980 0.005147 -0.574746 -0.094175 0.812878
1750711254.603284 37369027.024007 2971252.429605 5333202.605980 0.005147 -0.574746 -0.094175 0.812878
1750711254.608285 37369027.024007 2971252.429605 5333202.605980 0.005147 -0.574746 -0.094175 0.812878
1750711254.613285 37369027.024007 2971252.429605 5333202.605980 0.005147 -0.574746 -0.094175 0.812878
1750711254.618285 37369027.024007 2971252.429605 5333202.605980 0.005147 -0.574746 -0.094175 0.812878
1750711254.623286 37369027.024007 2971252.429605 5333202.605980 0.005147 -0.574746 -0.094175 0.812878
1750711254.628285 37369027.024007 2971252.429605 5333202.605980 0.005147 -0.574746 -0.094175 0.812878
1750711254.633286 37369027.003616 2971252.428205 5333202.580452 0.002827 -0.591629 -0.095090 0.800578
1750711254.638286 37369027.003616 2971252.428205 5333202.580452 0.002827 -0.591629 -0.095090 0.800578
1750711254.643286 37369027.003616 2971252.428205 5333202.580452 0.002827 -0.591629 -0.095090 0.800578
1750711254.648287 37369027.003616 2971252.428205 5333202.580452 0.002827 -0.591629 -0.095090 0.800578
1750711254.653287 37369027.003616 2971252.428205 5333202.580452 0.002827 -0.591629 -0.095090 0.800578
1750711254.658288 37369027.003616 2971252.428205 5333202.580452 0.002827 -0.591629 -0.095090 0.800578
1750711254.663287 37369027.003616 2971252.428205 5333202.580452 0.002827 -0.591629 -0.095090 0.800578
1750711254.668288 37369027.003616 2971252.428205 5333202.580452 0.002827 -0.591629 -0.095090 0.800578
1750711254.673288 37369027.003616 2971252.428205 5333202.580452 0.002827 -0.591629 -0.095090 0.800578
1750711254.678288 37369027.003616 2971252.428205 5333202.580452 0.002827 -0.591629 -0.095090 0.800578
1750711254.683288 37369027.003616 2971252.428205 5333202.580452 0.002827 -0.591629 -0.095090 0.800578
1750711254.688289 37369027.003616 2971252.428205 5333202.580452 0.002827 -0.591629 -0.095090 0.800578
1750711254.693290 37369027.003616 2971252.428205 5333202.580452 0.002827 -0.591629 -0.095090 0.800578
1750711254.698289 37369027.003616 2971252.428205 5333202.580452 0.002827 -0.591629 -0.095090 0.800578
1750711254.703290 37369026.981850 2971252.425270 5333202.587529 0.000902 -0.608895 -0.096219 0.787393
1750711254.708290 37369026.981850 2971252.425270 5333202.587529 0.000902 -0.608895 -0.096219 0.787393
1750711254.713290 37369026.981850 2971252.425270 5333202.587529 0.000902 -0.608895 -0.096219 0.787393
1750711254.718290 37369026.981850 2971252.425270 5333202.587529 0.000902 -0.608895 -0.096219 0.787393
1750711254.723291 37369026.981850 2971252.425270 5333202.587529 0.000902 -0.608895 -0.096219 0.787393
1750711254.728290 37369026.981850 2971252.425270 5333202.587529 0.000902 -0.608895 -0.096219 0.787393
1750711254.733291 37369026.981850 2971252.425270 5333202.587529 0.000902 -0.608895 -0.096219 0.787393
1750711254.738292 37369026.981850 2971252.425270 5333202.587529 0.000902 -0.608895 -0.096219 0.787393
1750711254.743291 37369026.981850 2971252.425270 5333202.587529 0.000902 -0.608895 -0.096219 0.787393
1750711254.748292 37369026.981850 2971252.425270 5333202.587529 0.000902 -0.608895 -0.096219 0.787393
1750711254.753292 37369026.981850 2971252.425270 5333202.587529 0.000902 -0.608895 -0.096219 0.787393
1750711254.758292 37369026.981850 2971252.425270 5333202.587529 0.000902 -0.608895 -0.096219 0.787393
1750711254.763292 37369026.981850 2971252.425270 5333202.587529 0.000902 -0.608895 -0.096219 0.787393
1750711254.768292 37369026.966010 2971252.411611 5333202.575338 -0.000215 -0.622622 -0.095117 0.776720
1750711254.773293 37369026.966010 2971252.411611 5333202.575338 -0.000215 -0.622622 -0.095117 0.776720
1750711254.778293 37369026.966010 2971252.411611 5333202.575338 -0.000215 -0.622622 -0.095117 0.776720
1750711254.783294 37369026.966010 2971252.411611 5333202.575338 -0.000215 -0.622622 -0.095117 0.776720
1750711254.788293 37369026.966010 2971252.411611 5333202.575338 -0.000215 -0.622622 -0.095117 0.776720
1750711254.793294 37369026.966010 2971252.411611 5333202.575338 -0.000215 -0.622622 -0.095117 0.776720
1750711254.798294 37369026.966010 2971252.411611 5333202.575338 -0.000215 -0.622622 -0.095117 0.776720
1750711254.803294 37369026.966010 2971252.411611 5333202.575338 -0.000215 -0.622622 -0.095117 0.776720
1750711254.808294 37369026.966010 2971252.411611 5333202.575338 -0.000215 -0.622622 -0.095117 0.776720
1750711254.813294 37369026.966010 2971252.411611 5333202.575338 -0.000215 -0.622622 -0.095117 0.776720
1750711254.818295 37369026.966010 2971252.411611 5333202.575338 -0.000215 -0.622622 -0.095117 0.776720
1750711254.823295 37369026.966010 2971252.411611 5333202.575338 -0.000215 -0.622622 -0.095117 0.776720
1750711254.828295 37369026.966010 2971252.411611 5333202.575338 -0.000215 -0.622622 -0.095117 0.776720
1750711254.833295 37369026.947887 2971252.410200 5333202.562087 -0.004174 -0.637022 -0.092871 0.765219
1750711254.838296 37369026.947887 2971252.410200 5333202.562087 -0.004174 -0.637022 -0.092871 0.765219
1750711254.843296 37369026.947887 2971252.410200 5333202.562087 -0.004174 -0.637022 -0.092871 0.765219
1750711254.848296 37369026.947887 2971252.410200 5333202.562087 -0.004174 -0.637022 -0.092871 0.765219
1750711254.853296 37369026.947887 2971252.410200 5333202.562087 -0.004174 -0.637022 -0.092871 0.765219
1750711254.858296 37369026.947887 2971252.410200 5333202.562087 -0.004174 -0.637022 -0.092871 0.765219
1750711254.863297 37369026.947887 2971252.410200 5333202.562087 -0.004174 -0.637022 -0.092871 0.765219
1750711254.868297 37369026.920786 2971252.416790 5333202.528759 -0.007455 -0.640026 -0.088850 0.763162
1750711254.873297 37369026.920786 2971252.416790 5333202.528759 -0.007455 -0.640026 -0.088850 0.763162
1750711254.878297 37369026.920786 2971252.416790 5333202.528759 -0.007455 -0.640026 -0.088850 0.763162
1750711254.883297 37369026.920786 2971252.416790 5333202.528759 -0.007455 -0.640026 -0.088850 0.763162
1750711254.888298 37369026.920786 2971252.416790 5333202.528759 -0.007455 -0.640026 -0.088850 0.763162
1750711254.893298 37369026.920786 2971252.416790 5333202.528759 -0.007455 -0.640026 -0.088850 0.763162
1750711254.898299 37369026.920786 2971252.416790 5333202.528759 -0.007455 -0.640026 -0.088850 0.763162
1750711254.903298 37369026.929695 2971252.412269 5333202.549736 -0.009236 -0.648677 -0.090293 0.755632
1750711254.908299 37369026.929695 2971252.412269 5333202.549736 -0.009236 -0.648677 -0.090293 0.755632
1750711254.913298 37369026.929695 2971252.412269 5333202.549736 -0.009236 -0.648677 -0.090293 0.755632
1750711254.918299 37369026.929695 2971252.412269 5333202.549736 -0.009236 -0.648677 -0.090293 0.755632
1750711254.923299 37369026.929695 2971252.412269 5333202.549736 -0.009236 -0.648677 -0.090293 0.755632
1750711254.928299 37369026.929695 2971252.412269 5333202.549736 -0.009236 -0.648677 -0.090293 0.755632
1750711254.933300 37369026.929695 2971252.412269 5333202.549736 -0.009236 -0.648677 -0.090293 0.755632
1750711254.938300 37369026.929695 2971252.412269 5333202.549736 -0.009236 -0.648677 -0.090293 0.755632
1750711254.943300 37369026.929695 2971252.412269 5333202.549736 -0.009236 -0.648677 -0.090293 0.755632
1750711254.948300 37369026.929695 2971252.412269 5333202.549736 -0.009236 -0.648677 -0.090293 0.755632
1750711254.953300 37369026.929695 2971252.412269 5333202.549736 -0.009236 -0.648677 -0.090293 0.755632
1750711254.958300 37369026.929695 2971252.412269 5333202.549736 -0.009236 -0.648677 -0.090293 0.755632
1750711254.963301 37369026.929695 2971252.412269 5333202.549736 -0.009236 -0.648677 -0.090293 0.755632
1750711254.968300 37369026.909964 2971252.411233 5333202.535075 -0.011619 -0.661298 -0.085158 0.745183
1750711254.973301 37369026.909964 2971252.411233 5333202.535075 -0.011619 -0.661298 -0.085158 0.745183
1750711254.978302 37369026.909964 2971252.411233 5333202.535075 -0.011619 -0.661298 -0.085158 0.745183
1750711254.983301 37369026.909964 2971252.411233 5333202.535075 -0.011619 -0.661298 -0.085158 0.745183
1750711254.988302 37369026.909964 2971252.411233 5333202.535075 -0.011619 -0.661298 -0.085158 0.745183
1750711254.993301 37369026.909964 2971252.411233 5333202.535075 -0.011619 -0.661298 -0.085158 0.745183
1750711254.998302 37369026.909964 2971252.411233 5333202.535075 -0.011619 -0.661298 -0.085158 0.745183
1750711255.003302 37369026.900128 2971252.410332 5333202.528065 -0.013353 -0.667186 -0.083325 0.740095
1750711255.008302 37369026.900128 2971252.410332 5333202.528065 -0.013353 -0.667186 -0.083325 0.740095
1750711255.013303 37369026.900128 2971252.410332 5333202.528065 -0.013353 -0.667186 -0.083325 0.740095
1750711255.018302 37369026.900128 2971252.410332 5333202.528065 -0.013353 -0.667186 -0.083325 0.740095
1750711255.023303 37369026.900128 2971252.410332 5333202.528065 -0.013353 -0.667186 -0.083325 0.740095
1750711255.028303 37369026.900128 2971252.410332 5333202.528065 -0.013353 -0.667186 -0.083325 0.740095
1750711255.033303 37369026.891086 2971252.410601 5333202.522511 -0.014390 -0.672904 -0.082666 0.734955
1750711255.038303 37369026.891086 2971252.410601 5333202.522511 -0.014390 -0.672904 -0.082666 0.734955
1750711255.043303 37369026.891086 2971252.410601 5333202.522511 -0.014390 -0.672904 -0.082666 0.734955
1750711255.048303 37369026.891086 2971252.410601 5333202.522511 -0.014390 -0.672904 -0.082666 0.734955
1750711255.053304 37369026.891086 2971252.410601 5333202.522511 -0.014390 -0.672904 -0.082666 0.734955
1750711255.058304 37369026.891086 2971252.410601 5333202.522511 -0.014390 -0.672904 -0.082666 0.734955
1750711255.063304 37369026.891086 2971252.410601 5333202.522511 -0.014390 -0.672904 -0.082666 0.734955
1750711255.068304 37369026.891086 2971252.410601 5333202.522511 -0.014390 -0.672904 -0.082666 0.734955
1750711255.073304 37369026.891086 2971252.410601 5333202.522511 -0.014390 -0.672904 -0.082666 0.734955
1750711255.078305 37369026.891086 2971252.410601 5333202.522511 -0.014390 -0.672904 -0.082666 0.734955
1750711255.083304 37369026.891086 2971252.410601 5333202.522511 -0.014390 -0.672904 -0.082666 0.734955
1750711255.088305 37369026.891086 2971252.410601 5333202.522511 -0.014390 -0.672904 -0.082666 0.734955
1750711255.093304 37369026.891086 2971252.410601 5333202.522511 -0.014390 -0.672904 -0.082666 0.734955
1750711255.098305 37369026.891086 2971252.410601 5333202.522511 -0.014390 -0.672904 -0.082666 0.734955
1750711255.103306 37369026.873241 2971252.410755 5333202.513150 -0.016435 -0.682559 -0.083197 0.725893
1750711255.108305 37369026.873241 2971252.410755 5333202.513150 -0.016435 -0.682559 -0.083197 0.725893
1750711255.113306 37369026.873241 2971252.410755 5333202.513150 -0.016435 -0.682559 -0.083197 0.725893
1750711255.118305 37369026.873241 2971252.410755 5333202.513150 -0.016435 -0.682559 -0.083197 0.725893
1750711255.123306 37369026.873241 2971252.410755 5333202.513150 -0.016435 -0.682559 -0.083197 0.725893
1750711255.128306 37369026.873241 2971252.410755 5333202.513150 -0.016435 -0.682559 -0.083197 0.725893
1750711255.133306 37369026.873241 2971252.410755 5333202.513150 -0.016435 -0.682559 -0.083197 0.725893
1750711255.138307 37369026.873241 2971252.410755 5333202.513150 -0.016435 -0.682559 -0.083197 0.725893
1750711255.143306 37369026.873241 2971252.410755 5333202.513150 -0.016435 -0.682559 -0.083197 0.725893
1750711255.148307 37369026.873241 2971252.410755 5333202.513150 -0.016435 -0.682559 -0.083197 0.725893
1750711255.153306 37369026.873241 2971252.410755 5333202.513150 -0.016435 -0.682559 -0.083197 0.725893
1750711255.158307 37369026.873241 2971252.410755 5333202.513150 -0.016435 -0.682559 -0.083197 0.725893
1750711255.163307 37369026.873241 2971252.410755 5333202.513150 -0.016435 -0.682559 -0.083197 0.725893
1750711255.168307 37369026.857797 2971252.410288 5333202.504840 -0.016595 -0.690897 -0.083398 0.717934
1750711255.173308 37369026.857797 2971252.410288 5333202.504840 -0.016595 -0.690897 -0.083398 0.717934
1750711255.178307 37369026.857797 2971252.410288 5333202.504840 -0.016595 -0.690897 -0.083398 0.717934
1750711255.183308 37369026.857797 2971252.410288 5333202.504840 -0.016595 -0.690897 -0.083398 0.717934
1750711255.188308 37369026.857797 2971252.410288 5333202.504840 -0.016595 -0.690897 -0.083398 0.717934
1750711255.193308 37369026.857797 2971252.410288 5333202.504840 -0.016595 -0.690897 -0.083398 0.717934
1750711255.198308 37369026.857797 2971252.410288 5333202.504840 -0.016595 -0.690897 -0.083398 0.717934
1750711255.203308 37369026.855120 2971252.386198 5333202.497005 -0.012853 -0.694754 -0.085879 0.713987
1750711255.208308 37369026.855120 2971252.386198 5333202.497005 -0.012853 -0.694754 -0.085879 0.713987
1750711255.213308 37369026.855120 2971252.386198 5333202.497005 -0.012853 -0.694754 -0.085879 0.713987
1750711255.218308 37369026.855120 2971252.386198 5333202.497005 -0.012853 -0.694754 -0.085879 0.713987
1750711255.223309 37369026.855120 2971252.386198 5333202.497005 -0.012853 -0.694754 -0.085879 0.713987
1750711255.228309 37369026.855120 2971252.386198 5333202.497005 -0.012853 -0.694754 -0.085879 0.713987
1750711255.233309 37369026.855120 2971252.386198 5333202.497005 -0.012853 -0.694754 -0.085879 0.713987
1750711255.238309 37369026.855120 2971252.386198 5333202.497005 -0.012853 -0.694754 -0.085879 0.713987
1750711255.243309 37369026.855120 2971252.386198 5333202.497005 -0.012853 -0.694754 -0.085879 0.713987
1750711255.248309 37369026.855120 2971252.386198 5333202.497005 -0.012853 -0.694754 -0.085879 0.713987
1750711255.253309 37369026.855120 2971252.386198 5333202.497005 -0.012853 -0.694754 -0.085879 0.713987
1750711255.258309 37369026.855120 2971252.386198 5333202.497005 -0.012853 -0.694754 -0.085879 0.713987
1750711255.263310 37369026.855120 2971252.386198 5333202.497005 -0.012853 -0.694754 -0.085879 0.713987
1750711255.268310 37369026.845387 2971252.388488 5333202.493800 -0.014075 -0.705214 -0.086419 0.703567
1750711255.273310 37369026.845387 2971252.388488 5333202.493800 -0.014075 -0.705214 -0.086419 0.703567
1750711255.278310 37369026.845387 2971252.388488 5333202.493800 -0.014075 -0.705214 -0.086419 0.703567
1750711255.283310 37369026.845387 2971252.388488 5333202.493800 -0.014075 -0.705214 -0.086419 0.703567
1750711255.288310 37369026.845387 2971252.388488 5333202.493800 -0.014075 -0.705214 -0.086419 0.703567
1750711255.293310 37369026.845387 2971252.388488 5333202.493800 -0.014075 -0.705214 -0.086419 0.703567
1750711255.298311 37369026.845387 2971252.388488 5333202.493800 -0.014075 -0.705214 -0.086419 0.703567
1750711255.303310 37369026.845387 2971252.388488 5333202.493800 -0.014075 -0.705214 -0.086419 0.703567
1750711255.308311 37369026.845387 2971252.388488 5333202.493800 -0.014075 -0.705214 -0.086419 0.703567
1750711255.313310 37369026.845387 2971252.388488 5333202.493800 -0.014075 -0.705214 -0.086419 0.703567
1750711255.318311 37369026.845387 2971252.388488 5333202.493800 -0.014075 -0.705214 -0.086419 0.703567
1750711255.323311 37369026.845387 2971252.388488 5333202.493800 -0.014075 -0.705214 -0.086419 0.703567
1750711255.328311 37369026.845387 2971252.388488 5333202.493800 -0.014075 -0.705214 -0.086419 0.703567
1750711255.333312 37369026.833124 2971252.387203 5333202.489481 -0.015606 -0.715902 -0.087883 0.692472
1750711255.338311 37369026.833124 2971252.387203 5333202.489481 -0.015606 -0.715902 -0.087883 0.692472
1750711255.343312 37369026.833124 2971252.387203 5333202.489481 -0.015606 -0.715902 -0.087883 0.692472
1750711255.348311 37369026.833124 2971252.387203 5333202.489481 -0.015606 -0.715902 -0.087883 0.692472
1750711255.353312 37369026.833124 2971252.387203 5333202.489481 -0.015606 -0.715902 -0.087883 0.692472
1750711255.358311 37369026.833124 2971252.387203 5333202.489481 -0.015606 -0.715902 -0.087883 0.692472
1750711255.363312 37369026.833124 2971252.387203 5333202.489481 -0.015606 -0.715902 -0.087883 0.692472
1750711255.366584 37369026.826144 2971252.386492 5333202.487296 -0.016560 -0.722073 -0.088373 0.685949
1750711255.368311 37369026.826144 2971252.386492 5333202.487296 -0.016560 -0.722073 -0.088373 0.685949
1750711255.373312 37369026.826144 2971252.386492 5333202.487296 -0.016560 -0.722073 -0.088373 0.685949
1750711255.378312 37369026.826144 2971252.386492 5333202.487296 -0.016560 -0.722073 -0.088373 0.685949
1750711255.383312 37369026.826144 2971252.386492 5333202.487296 -0.016560 -0.722073 -0.088373 0.685949
1750711255.388313 37369026.826144 2971252.386492 5333202.487296 -0.016560 -0.722073 -0.088373 0.685949
1750711255.393312 37369026.826144 2971252.386492 5333202.487296 -0.016560 -0.722073 -0.088373 0.685949
1750711255.398312 37369026.826144 2971252.386492 5333202.487296 -0.016560 -0.722073 -0.088373 0.685949
1750711255.403312 37369026.826144 2971252.386492 5333202.487296 -0.016560 -0.722073 -0.088373 0.685949
1750711255.408313 37369026.826144 2971252.386492 5333202.487296 -0.016560 -0.722073 -0.088373 0.685949
1750711255.413312 37369026.826144 2971252.386492 5333202.487296 -0.016560 -0.722073 -0.088373 0.685949
1750711255.418313 37369026.826144 2971252.386492 5333202.487296 -0.016560 -0.722073 -0.088373 0.685949
1750711255.423313 37369026.826144 2971252.386492 5333202.487296 -0.016560 -0.722073 -0.088373 0.685949
1750711255.428313 37369026.826144 2971252.386492 5333202.487296 -0.016560 -0.722073 -0.088373 0.685949
1750711255.433313 37369026.810240 2971252.385802 5333202.483954 -0.016285 -0.734043 -0.090485 0.672851
1750711255.438313 37369026.810240 2971252.385802 5333202.483954 -0.016285 -0.734043 -0.090485 0.672851
1750711255.443313 37369026.810240 2971252.385802 5333202.483954 -0.016285 -0.734043 -0.090485 0.672851
1750711255.448313 37369026.810240 2971252.385802 5333202.483954 -0.016285 -0.734043 -0.090485 0.672851
1750711255.453313 37369026.810240 2971252.385802 5333202.483954 -0.016285 -0.734043 -0.090485 0.672851
1750711255.458313 37369026.810240 2971252.385802 5333202.483954 -0.016285 -0.734043 -0.090485 0.672851
1750711255.463313 37369026.810240 2971252.385802 5333202.483954 -0.016285 -0.734043 -0.090485 0.672851
1750711255.468314 37369026.810240 2971252.385802 5333202.483954 -0.016285 -0.734043 -0.090485 0.672851
1750711255.473313 37369026.810240 2971252.385802 5333202.483954 -0.016285 -0.734043 -0.090485 0.672851
1750711255.478314 37369026.810240 2971252.385802 5333202.483954 -0.016285 -0.734043 -0.090485 0.672851
1750711255.483314 37369026.810240 2971252.385802 5333202.483954 -0.016285 -0.734043 -0.090485 0.672851
1750711255.488315 37369026.810240 2971252.385802 5333202.483954 -0.016285 -0.734043 -0.090485 0.672851
1750711255.493315 37369026.810240 2971252.385802 5333202.483954 -0.016285 -0.734043 -0.090485 0.672851
1750711255.498316 37369026.810240 2971252.385802 5333202.483954 -0.016285 -0.734043 -0.090485 0.672851
1750711255.503316 37369026.771027 2971252.374410 5333202.448456 -0.012291 -0.741661 -0.090542 0.664523
1750711255.508317 37369026.771027 2971252.374410 5333202.448456 -0.012291 -0.741661 -0.090542 0.664523
1750711255.513317 37369026.771027 2971252.374410 5333202.448456 -0.012291 -0.741661 -0.090542 0.664523
1750711255.518317 37369026.771027 2971252.374410 5333202.448456 -0.012291 -0.741661 -0.090542 0.664523
1750711255.523318 37369026.771027 2971252.374410 5333202.448456 -0.012291 -0.741661 -0.090542 0.664523
1750711255.528318 37369026.771027 2971252.374410 5333202.448456 -0.012291 -0.741661 -0.090542 0.664523
1750711255.533319 37369026.771027 2971252.374410 5333202.448456 -0.012291 -0.741661 -0.090542 0.664523
1750711255.538320 37369026.771027 2971252.374410 5333202.448456 -0.012291 -0.741661 -0.090542 0.664523
1750711255.543319 37369026.771027 2971252.374410 5333202.448456 -0.012291 -0.741661 -0.090542 0.664523
1750711255.548320 37369026.771027 2971252.374410 5333202.448456 -0.012291 -0.741661 -0.090542 0.664523
1750711255.553320 37369026.771027 2971252.374410 5333202.448456 -0.012291 -0.741661 -0.090542 0.664523
1750711255.558321 37369026.771027 2971252.374410 5333202.448456 -0.012291 -0.741661 -0.090542 0.664523
1750711255.563321 37369026.771027 2971252.374410 5333202.448456 -0.012291 -0.741661 -0.090542 0.664523
1750711255.568322 37369026.754505 2971252.372968 5333202.446738 -0.009294 -0.751212 -0.094256 0.653230
1750711255.573322 37369026.754505 2971252.372968 5333202.446738 -0.009294 -0.751212 -0.094256 0.653230
1750711255.578322 37369026.754505 2971252.372968 5333202.446738 -0.009294 -0.751212 -0.094256 0.653230
1750711255.583323 37369026.754505 2971252.372968 5333202.446738 -0.009294 -0.751212 -0.094256 0.653230
1750711255.588323 37369026.754505 2971252.372968 5333202.446738 -0.009294 -0.751212 -0.094256 0.653230
1750711255.593323 37369026.754505 2971252.372968 5333202.446738 -0.009294 -0.751212 -0.094256 0.653230
1750711255.598324 37369026.754505 2971252.372968 5333202.446738 -0.009294 -0.751212 -0.094256 0.653230
1750711255.603325 37369026.757136 2971252.372970 5333202.461807 -0.008992 -0.757699 -0.095451 0.645523
1750711255.608325 37369026.757136 2971252.372970 5333202.461807 -0.008992 -0.757699 -0.095451 0.645523
1750711255.613326 37369026.757136 2971252.372970 5333202.461807 -0.008992 -0.757699 -0.095451 0.645523
1750711255.618325 37369026.757136 2971252.372970 5333202.461807 -0.008992 -0.757699 -0.095451 0.645523
1750711255.623327 37369026.757136 2971252.372970 5333202.461807 -0.008992 -0.757699 -0.095451 0.645523
1750711255.628327 37369026.757136 2971252.372970 5333202.461807 -0.008992 -0.757699 -0.095451 0.645523
1750711255.633327 37369026.757136 2971252.372970 5333202.461807 -0.008992 -0.757699 -0.095451 0.645523
1750711255.638328 37369026.757136 2971252.372970 5333202.461807 -0.008992 -0.757699 -0.095451 0.645523
1750711255.643328 37369026.757136 2971252.372970 5333202.461807 -0.008992 -0.757699 -0.095451 0.645523
1750711255.648329 37369026.757136 2971252.372970 5333202.461807 -0.008992 -0.757699 -0.095451 0.645523
1750711255.653329 37369026.757136 2971252.372970 5333202.461807 -0.008992 -0.757699 -0.095451 0.645523
1750711255.658329 37369026.757136 2971252.372970 5333202.461807 -0.008992 -0.757699 -0.095451 0.645523
1750711255.663329 37369026.757136 2971252.372970 5333202.461807 -0.008992 -0.757699 -0.095451 0.645523
1750711255.668330 37369026.740570 2971252.371895 5333202.463615 -0.007587 -0.768101 -0.098278 0.632696
1750711255.673331 37369026.740570 2971252.371895 5333202.463615 -0.007587 -0.768101 -0.098278 0.632696
1750711255.678331 37369026.740570 2971252.371895 5333202.463615 -0.007587 -0.768101 -0.098278 0.632696
1750711255.683331 37369026.740570 2971252.371895 5333202.463615 -0.007587 -0.768101 -0.098278 0.632696
1750711255.688332 37369026.740570 2971252.371895 5333202.463615 -0.007587 -0.768101 -0.098278 0.632696
1750711255.693332 37369026.740570 2971252.371895 5333202.463615 -0.007587 -0.768101 -0.098278 0.632696
1750711255.698333 37369026.740570 2971252.371895 5333202.463615 -0.007587 -0.768101 -0.098278 0.632696
1750711255.703333 37369026.740570 2971252.371895 5333202.463615 -0.007587 -0.768101 -0.098278 0.632696
1750711255.708334 37369026.740570 2971252.371895 5333202.463615 -0.007587 -0.768101 -0.098278 0.632696
1750711255.713334 37369026.740570 2971252.371895 5333202.463615 -0.007587 -0.768101 -0.098278 0.632696
1750711255.718334 37369026.740570 2971252.371895 5333202.463615 -0.007587 -0.768101 -0.098278 0.632696
1750711255.723334 37369026.740570 2971252.371895 5333202.463615 -0.007587 -0.768101 -0.098278 0.632696
1750711255.728335 37369026.740570 2971252.371895 5333202.463615 -0.007587 -0.768101 -0.098278 0.632696
1750711255.733336 37369026.722235 2971252.365293 5333202.486242 -0.004079 -0.778900 -0.106874 0.617961
1750711255.738336 37369026.722235 2971252.365293 5333202.486242 -0.004079 -0.778900 -0.106874 0.617961
1750711255.743337 37369026.722235 2971252.365293 5333202.486242 -0.004079 -0.778900 -0.106874 0.617961
1750711255.748336 37369026.722235 2971252.365293 5333202.486242 -0.004079 -0.778900 -0.106874 0.617961
1750711255.753337 37369026.722235 2971252.365293 5333202.486242 -0.004079 -0.778900 -0.106874 0.617961
1750711255.758337 37369026.722235 2971252.365293 5333202.486242 -0.004079 -0.778900 -0.106874 0.617961
1750711255.763338 37369026.722235 2971252.365293 5333202.486242 -0.004079 -0.778900 -0.106874 0.617961
1750711255.768338 37369026.712533 2971252.371194 5333202.468543 -0.004766 -0.783002 -0.104653 0.613134
1750711255.773339 37369026.712533 2971252.371194 5333202.468543 -0.004766 -0.783002 -0.104653 0.613134
1750711255.778340 37369026.712533 2971252.371194 5333202.468543 -0.004766 -0.783002 -0.104653 0.613134
1750711255.783339 37369026.712533 2971252.371194 5333202.468543 -0.004766 -0.783002 -0.104653 0.613134
1750711255.788340 37369026.712533 2971252.371194 5333202.468543 -0.004766 -0.783002 -0.104653 0.613134
1750711255.793340 37369026.712533 2971252.371194 5333202.468543 -0.004766 -0.783002 -0.104653 0.613134
1750711255.798341 37369026.712533 2971252.371194 5333202.468543 -0.004766 -0.783002 -0.104653 0.613134
1750711255.803340 37369026.712533 2971252.371194 5333202.468543 -0.004766 -0.783002 -0.104653 0.613134
1750711255.808342 37369026.712533 2971252.371194 5333202.468543 -0.004766 -0.783002 -0.104653 0.613134
1750711255.813341 37369026.712533 2971252.371194 5333202.468543 -0.004766 -0.783002 -0.104653 0.613134
1750711255.818342 37369026.712533 2971252.371194 5333202.468543 -0.004766 -0.783002 -0.104653 0.613134
1750711255.823343 37369026.712533 2971252.371194 5333202.468543 -0.004766 -0.783002 -0.104653 0.613134
1750711255.828343 37369026.712533 2971252.371194 5333202.468543 -0.004766 -0.783002 -0.104653 0.613134
1750711255.833344 37369026.692023 2971252.368416 5333202.473459 -0.005879 -0.791596 -0.109715 0.601086
1750711255.838343 37369026.692023 2971252.368416 5333202.473459 -0.005879 -0.791596 -0.109715 0.601086
1750711255.843344 37369026.692023 2971252.368416 5333202.473459 -0.005879 -0.791596 -0.109715 0.601086
1750711255.848344 37369026.692023 2971252.368416 5333202.473459 -0.005879 -0.791596 -0.109715 0.601086
1750711255.853345 37369026.692023 2971252.368416 5333202.473459 -0.005879 -0.791596 -0.109715 0.601086
1750711255.858346 37369026.692023 2971252.368416 5333202.473459 -0.005879 -0.791596 -0.109715 0.601086
1750711255.863345 37369026.692023 2971252.368416 5333202.473459 -0.005879 -0.791596 -0.109715 0.601086
1750711255.868346 37369026.692023 2971252.368416 5333202.473459 -0.005879 -0.791596 -0.109715 0.601086
1750711255.873346 37369026.692023 2971252.368416 5333202.473459 -0.005879 -0.791596 -0.109715 0.601086
1750711255.878347 37369026.692023 2971252.368416 5333202.473459 -0.005879 -0.791596 -0.109715 0.601086
1750711255.883347 37369026.692023 2971252.368416 5333202.473459 -0.005879 -0.791596 -0.109715 0.601086
1750711255.888347 37369026.692023 2971252.368416 5333202.473459 -0.005879 -0.791596 -0.109715 0.601086
1750711255.893348 37369026.692023 2971252.368416 5333202.473459 -0.005879 -0.791596 -0.109715 0.601086
1750711255.898348 37369026.692023 2971252.368416 5333202.473459 -0.005879 -0.791596 -0.109715 0.601086
1750711255.903349 37369026.669562 2971252.365305 5333202.478802 -0.007069 -0.800655 -0.113990 0.588139
1750711255.908349 37369026.669562 2971252.365305 5333202.478802 -0.007069 -0.800655 -0.113990 0.588139
1750711255.913349 37369026.669562 2971252.365305 5333202.478802 -0.007069 -0.800655 -0.113990 0.588139
1750711255.918349 37369026.669562 2971252.365305 5333202.478802 -0.007069 -0.800655 -0.113990 0.588139
1750711255.923350 37369026.669562 2971252.365305 5333202.478802 -0.007069 -0.800655 -0.113990 0.588139
1750711255.928350 37369026.669562 2971252.365305 5333202.478802 -0.007069 -0.800655 -0.113990 0.588139
1750711255.933351 37369026.657874 2971252.364128 5333202.482992 -0.007336 -0.805993 -0.115907 0.580419
1750711255.938350 37369026.657874 2971252.364128 5333202.482992 -0.007336 -0.805993 -0.115907 0.580419
1750711255.943351 37369026.657874 2971252.364128 5333202.482992 -0.007336 -0.805993 -0.115907 0.580419
1750711255.948352 37369026.657874 2971252.364128 5333202.482992 -0.007336 -0.805993 -0.115907 0.580419
1750711255.953352 37369026.657874 2971252.364128 5333202.482992 -0.007336 -0.805993 -0.115907 0.580419
1750711255.958353 37369026.657874 2971252.364128 5333202.482992 -0.007336 -0.805993 -0.115907 0.580419
1750711255.963353 37369026.657874 2971252.364128 5333202.482992 -0.007336 -0.805993 -0.115907 0.580419
1750711255.968353 37369026.657874 2971252.364128 5333202.482992 -0.007336 -0.805993 -0.115907 0.580419
1750711255.973353 37369026.657874 2971252.364128 5333202.482992 -0.007336 -0.805993 -0.115907 0.580419
1750711255.978354 37369026.657874 2971252.364128 5333202.482992 -0.007336 -0.805993 -0.115907 0.580419
1750711255.983354 37369026.657874 2971252.364128 5333202.482992 -0.007336 -0.805993 -0.115907 0.580419
1750711255.988354 37369026.657874 2971252.364128 5333202.482992 -0.007336 -0.805993 -0.115907 0.580419
1750711255.993355 37369026.657874 2971252.364128 5333202.482992 -0.007336 -0.805993 -0.115907 0.580419
1750711255.998355 37369026.657874 2971252.364128 5333202.482992 -0.007336 -0.805993 -0.115907 0.580419
1750711256.003356 37369026.635821 2971252.361585 5333202.488098 -0.009236 -0.816832 -0.119938 0.564194
1750711256.008356 37369026.635821 2971252.361585 5333202.488098 -0.009236 -0.816832 -0.119938 0.564194
1750711256.013356 37369026.635821 2971252.361585 5333202.488098 -0.009236 -0.816832 -0.119938 0.564194
1750711256.018357 37369026.635821 2971252.361585 5333202.488098 -0.009236 -0.816832 -0.119938 0.564194
1750711256.023357 37369026.635821 2971252.361585 5333202.488098 -0.009236 -0.816832 -0.119938 0.564194
1750711256.028358 37369026.635821 2971252.361585 5333202.488098 -0.009236 -0.816832 -0.119938 0.564194
1750711256.033357 37369026.635821 2971252.361585 5333202.488098 -0.009236 -0.816832 -0.119938 0.564194
1750711256.038358 37369026.635821 2971252.361585 5333202.488098 -0.009236 -0.816832 -0.119938 0.564194
1750711256.043358 37369026.635821 2971252.361585 5333202.488098 -0.009236 -0.816832 -0.119938 0.564194
1750711256.048359 37369026.635821 2971252.361585 5333202.488098 -0.009236 -0.816832 -0.119938 0.564194
1750711256.053358 37369026.635821 2971252.361585 5333202.488098 -0.009236 -0.816832 -0.119938 0.564194
1750711256.058359 37369026.635821 2971252.361585 5333202.488098 -0.009236 -0.816832 -0.119938 0.564194
1750711256.063360 37369026.635821 2971252.361585 5333202.488098 -0.009236 -0.816832 -0.119938 0.564194
1750711256.068360 37369026.614369 2971252.357244 5333202.492729 -0.012192 -0.827997 -0.123818 0.546755
1750711256.073361 37369026.614369 2971252.357244 5333202.492729 -0.012192 -0.827997 -0.123818 0.546755
1750711256.078360 37369026.614369 2971252.357244 5333202.492729 -0.012192 -0.827997 -0.123818 0.546755
1750711256.083361 37369026.614369 2971252.357244 5333202.492729 -0.012192 -0.827997 -0.123818 0.546755
1750711256.088361 37369026.614369 2971252.357244 5333202.492729 -0.012192 -0.827997 -0.123818 0.546755
1750711256.093362 37369026.614369 2971252.357244 5333202.492729 -0.012192 -0.827997 -0.123818 0.546755
1750711256.098361 37369026.614369 2971252.357244 5333202.492729 -0.012192 -0.827997 -0.123818 0.546755
1750711256.103362 37369026.608623 2971252.352993 5333202.467424 -0.013049 -0.831378 -0.123228 0.541715
1750711256.108363 37369026.608623 2971252.352993 5333202.467424 -0.013049 -0.831378 -0.123228 0.541715
1750711256.113363 37369026.608623 2971252.352993 5333202.467424 -0.013049 -0.831378 -0.123228 0.541715
1750711256.118364 37369026.608623 2971252.352993 5333202.467424 -0.013049 -0.831378 -0.123228 0.541715
1750711256.123363 37369026.608623 2971252.352993 5333202.467424 -0.013049 -0.831378 -0.123228 0.541715
1750711256.128364 37369026.608623 2971252.352993 5333202.467424 -0.013049 -0.831378 -0.123228 0.541715
1750711256.133364 37369026.608623 2971252.352993 5333202.467424 -0.013049 -0.831378 -0.123228 0.541715
1750711256.138364 37369026.608623 2971252.352993 5333202.467424 -0.013049 -0.831378 -0.123228 0.541715
1750711256.143364 37369026.608623 2971252.352993 5333202.467424 -0.013049 -0.831378 -0.123228 0.541715
1750711256.148365 37369026.608623 2971252.352993 5333202.467424 -0.013049 -0.831378 -0.123228 0.541715
1750711256.153366 37369026.608623 2971252.352993 5333202.467424 -0.013049 -0.831378 -0.123228 0.541715
1750711256.158365 37369026.608623 2971252.352993 5333202.467424 -0.013049 -0.831378 -0.123228 0.541715
1750711256.163366 37369026.608623 2971252.352993 5333202.467424 -0.013049 -0.831378 -0.123228 0.541715
1750711256.168366 37369026.575288 2971252.343661 5333202.513697 -0.013831 -0.844912 -0.134734 0.517474
1750711256.173367 37369026.575288 2971252.343661 5333202.513697 -0.013831 -0.844912 -0.134734 0.517474
1750711256.178366 37369026.575288 2971252.343661 5333202.513697 -0.013831 -0.844912 -0.134734 0.517474
1750711256.183367 37369026.575288 2971252.343661 5333202.513697 -0.013831 -0.844912 -0.134734 0.517474
1750711256.188368 37369026.575288 2971252.343661 5333202.513697 -0.013831 -0.844912 -0.134734 0.517474
1750711256.193367 37369026.575288 2971252.343661 5333202.513697 -0.013831 -0.844912 -0.134734 0.517474
1750711256.198369 37369026.575288 2971252.343661 5333202.513697 -0.013831 -0.844912 -0.134734 0.517474
1750711256.203368 37369026.575288 2971252.343661 5333202.513697 -0.013831 -0.844912 -0.134734 0.517474
1750711256.208369 37369026.575288 2971252.343661 5333202.513697 -0.013831 -0.844912 -0.134734 0.517474
1750711256.213370 37369026.575288 2971252.343661 5333202.513697 -0.013831 -0.844912 -0.134734 0.517474
1750711256.218369 37369026.575288 2971252.343661 5333202.513697 -0.013831 -0.844912 -0.134734 0.517474
1750711256.223370 37369026.575288 2971252.343661 5333202.513697 -0.013831 -0.844912 -0.134734 0.517474
1750711256.228370 37369026.575288 2971252.343661 5333202.513697 -0.013831 -0.844912 -0.134734 0.517474
1750711256.233371 37369026.557696 2971252.346792 5333202.481816 -0.017118 -0.855172 -0.132000 0.500962
1750711256.238370 37369026.557696 2971252.346792 5333202.481816 -0.017118 -0.855172 -0.132000 0.500962
1750711256.243371 37369026.557696 2971252.346792 5333202.481816 -0.017118 -0.855172 -0.132000 0.500962
1750711256.248371 37369026.557696 2971252.346792 5333202.481816 -0.017118 -0.855172 -0.132000 0.500962
1750711256.253372 37369026.557696 2971252.346792 5333202.481816 -0.017118 -0.855172 -0.132000 0.500962
1750711256.258372 37369026.557696 2971252.346792 5333202.481816 -0.017118 -0.855172 -0.132000 0.500962
1750711256.263372 37369026.557696 2971252.346792 5333202.481816 -0.017118 -0.855172 -0.132000 0.500962
1750711256.268373 37369026.557696 2971252.346792 5333202.481816 -0.017118 -0.855172 -0.132000 0.500962
1750711256.273373 37369026.557696 2971252.346792 5333202.481816 -0.017118 -0.855172 -0.132000 0.500962
1750711256.278373 37369026.557696 2971252.346792 5333202.481816 -0.017118 -0.855172 -0.132000 0.500962
1750711256.283373 37369026.557696 2971252.346792 5333202.481816 -0.017118 -0.855172 -0.132000 0.500962
1750711256.288374 37369026.557696 2971252.346792 5333202.481816 -0.017118 -0.855172 -0.132000 0.500962
1750711256.293373 37369026.557696 2971252.346792 5333202.481816 -0.017118 -0.855172 -0.132000 0.500962
1750711256.298374 37369026.557696 2971252.346792 5333202.481816 -0.017118 -0.855172 -0.132000 0.500962
1750711256.303374 37369026.537183 2971252.338312 5333202.522358 -0.018575 -0.868145 -0.142399 0.475080
1750711256.308375 37369026.537183 2971252.338312 5333202.522358 -0.018575 -0.868145 -0.142399 0.475080
1750711256.313375 37369026.537183 2971252.338312 5333202.522358 -0.018575 -0.868145 -0.142399 0.475080
1750711256.318375 37369026.537183 2971252.338312 5333202.522358 -0.018575 -0.868145 -0.142399 0.475080
1750711256.323376 37369026.537183 2971252.338312 5333202.522358 -0.018575 -0.868145 -0.142399 0.475080
1750711256.328376 37369026.537183 2971252.338312 5333202.522358 -0.018575 -0.868145 -0.142399 0.475080
1750711256.333376 37369026.537183 2971252.338312 5333202.522358 -0.018575 -0.868145 -0.142399 0.475080
1750711256.338376 37369026.537183 2971252.338312 5333202.522358 -0.018575 -0.868145 -0.142399 0.475080
1750711256.343377 37369026.537183 2971252.338312 5333202.522358 -0.018575 -0.868145 -0.142399 0.475080
1750711256.348377 37369026.537183 2971252.338312 5333202.522358 -0.018575 -0.868145 -0.142399 0.475080
1750711256.353377 37369026.537183 2971252.338312 5333202.522358 -0.018575 -0.868145 -0.142399 0.475080
1750711256.358378 37369026.537183 2971252.338312 5333202.522358 -0.018575 -0.868145 -0.142399 0.475080
1750711256.363378 37369026.537183 2971252.338312 5333202.522358 -0.018575 -0.868145 -0.142399 0.475080
1750711256.368378 37369026.512802 2971252.334930 5333202.517286 -0.016812 -0.878406 -0.144427 0.455260
1750711256.373378 37369026.512802 2971252.334930 5333202.517286 -0.016812 -0.878406 -0.144427 0.455260
1750711256.378379 37369026.512802 2971252.334930 5333202.517286 -0.016812 -0.878406 -0.144427 0.455260
1750711256.383379 37369026.512802 2971252.334930 5333202.517286 -0.016812 -0.878406 -0.144427 0.455260
1750711256.388379 37369026.512802 2971252.334930 5333202.517286 -0.016812 -0.878406 -0.144427 0.455260
1750711256.393380 37369026.512802 2971252.334930 5333202.517286 -0.016812 -0.878406 -0.144427 0.455260
1750711256.398380 37369026.512802 2971252.334930 5333202.517286 -0.016812 -0.878406 -0.144427 0.455260
1750711256.403380 37369026.508235 2971252.333467 5333202.515611 -0.015435 -0.883023 -0.145577 0.445914
1750711256.408380 37369026.508235 2971252.333467 5333202.515611 -0.015435 -0.883023 -0.145577 0.445914
1750711256.413381 37369026.508235 2971252.333467 5333202.515611 -0.015435 -0.883023 -0.145577 0.445914
1750711256.418380 37369026.508235 2971252.333467 5333202.515611 -0.015435 -0.883023 -0.145577 0.445914
1750711256.423381 37369026.508235 2971252.333467 5333202.515611 -0.015435 -0.883023 -0.145577 0.445914
1750711256.428382 37369026.508235 2971252.333467 5333202.515611 -0.015435 -0.883023 -0.145577 0.445914
1750711256.433382 37369026.508235 2971252.333467 5333202.515611 -0.015435 -0.883023 -0.145577 0.445914
1750711256.438382 37369026.508235 2971252.333467 5333202.515611 -0.015435 -0.883023 -0.145577 0.445914
1750711256.443382 37369026.508235 2971252.333467 5333202.515611 -0.015435 -0.883023 -0.145577 0.445914
1750711256.448382 37369026.508235 2971252.333467 5333202.515611 -0.015435 -0.883023 -0.145577 0.445914
1750711256.453382 37369026.508235 2971252.333467 5333202.515611 -0.015435 -0.883023 -0.145577 0.445914
1750711256.458383 37369026.508235 2971252.333467 5333202.515611 -0.015435 -0.883023 -0.145577 0.445914
1750711256.463382 37369026.508235 2971252.333467 5333202.515611 -0.015435 -0.883023 -0.145577 0.445914
1750711256.468383 37369026.492102 2971252.331075 5333202.510248 -0.011452 -0.892365 -0.148245 0.426118
1750711256.473384 37369026.492102 2971252.331075 5333202.510248 -0.011452 -0.892365 -0.148245 0.426118
1750711256.478384 37369026.492102 2971252.331075 5333202.510248 -0.011452 -0.892365 -0.148245 0.426118
1750711256.483385 37369026.492102 2971252.331075 5333202.510248 -0.011452 -0.892365 -0.148245 0.426118
1750711256.488384 37369026.492102 2971252.331075 5333202.510248 -0.011452 -0.892365 -0.148245 0.426118
1750711256.493385 37369026.492102 2971252.331075 5333202.510248 -0.011452 -0.892365 -0.148245 0.426118
1750711256.498385 37369026.492102 2971252.331075 5333202.510248 -0.011452 -0.892365 -0.148245 0.426118
1750711256.503386 37369026.492102 2971252.331075 5333202.510248 -0.011452 -0.892365 -0.148245 0.426118
1750711256.508387 37369026.492102 2971252.331075 5333202.510248 -0.011452 -0.892365 -0.148245 0.426118
1750711256.513386 37369026.492102 2971252.331075 5333202.510248 -0.011452 -0.892365 -0.148245 0.426118
1750711256.518387 37369026.492102 2971252.331075 5333202.510248 -0.011452 -0.892365 -0.148245 0.426118
1750711256.523387 37369026.492102 2971252.331075 5333202.510248 -0.011452 -0.892365 -0.148245 0.426118
1750711256.528388 37369026.492102 2971252.331075 5333202.510248 -0.011452 -0.892365 -0.148245 0.426118
1750711256.533334 37369026.478283 2971252.328344 5333202.503296 -0.008781 -0.902042 -0.150497 0.404467
1750711256.533388 37369026.478283 2971252.328344 5333202.503296 -0.008781 -0.902042 -0.150497 0.404467
1750711256.538388 37369026.478283 2971252.328344 5333202.503296 -0.008781 -0.902042 -0.150497 0.404467
1750711256.543388 37369026.478283 2971252.328344 5333202.503296 -0.008781 -0.902042 -0.150497 0.404467
1750711256.548389 37369026.478283 2971252.328344 5333202.503296 -0.008781 -0.902042 -0.150497 0.404467
1750711256.553390 37369026.478283 2971252.328344 5333202.503296 -0.008781 -0.902042 -0.150497 0.404467
1750711256.558390 37369026.478283 2971252.328344 5333202.503296 -0.008781 -0.902042 -0.150497 0.404467
1750711256.563391 37369026.478283 2971252.328344 5333202.503296 -0.008781 -0.902042 -0.150497 0.404467
1750711256.568390 37369026.478283 2971252.328344 5333202.503296 -0.008781 -0.902042 -0.150497 0.404467
1750711256.573391 37369026.478283 2971252.328344 5333202.503296 -0.008781 -0.902042 -0.150497 0.404467
1750711256.578392 37369026.478283 2971252.328344 5333202.503296 -0.008781 -0.902042 -0.150497 0.404467
1750711256.583392 37369026.478283 2971252.328344 5333202.503296 -0.008781 -0.902042 -0.150497 0.404467
1750711256.588393 37369026.478283 2971252.328344 5333202.503296 -0.008781 -0.902042 -0.150497 0.404467
1750711256.593392 37369026.478283 2971252.328344 5333202.503296 -0.008781 -0.902042 -0.150497 0.404467
1750711256.598393 37369026.478283 2971252.328344 5333202.503296 -0.008781 -0.902042 -0.150497 0.404467
1750711256.603393 37369026.466702 2971252.326174 5333202.494241 -0.007571 -0.911059 -0.151960 0.383173
1750711256.608394 37369026.466702 2971252.326174 5333202.494241 -0.007571 -0.911059 -0.151960 0.383173
1750711256.613394 37369026.466702 2971252.326174 5333202.494241 -0.007571 -0.911059 -0.151960 0.383173
1750711256.618394 37369026.466702 2971252.326174 5333202.494241 -0.007571 -0.911059 -0.151960 0.383173
1750711256.623395 37369026.466702 2971252.326174 5333202.494241 -0.007571 -0.911059 -0.151960 0.383173
1750711256.628395 37369026.466702 2971252.326174 5333202.494241 -0.007571 -0.911059 -0.151960 0.383173
1750711256.633396 37369026.466702 2971252.326174 5333202.494241 -0.007571 -0.911059 -0.151960 0.383173
1750711256.638395 37369026.466702 2971252.326174 5333202.494241 -0.007571 -0.911059 -0.151960 0.383173
1750711256.643396 37369026.466702 2971252.326174 5333202.494241 -0.007571 -0.911059 -0.151960 0.383173
1750711256.648396 37369026.466702 2971252.326174 5333202.494241 -0.007571 -0.911059 -0.151960 0.383173
1750711256.653397 37369026.466702 2971252.326174 5333202.494241 -0.007571 -0.911059 -0.151960 0.383173
1750711256.658397 37369026.466702 2971252.326174 5333202.494241 -0.007571 -0.911059 -0.151960 0.383173
1750711256.663397 37369026.466702 2971252.326174 5333202.494241 -0.007571 -0.911059 -0.151960 0.383173
1750711256.668398 37369026.456060 2971252.324402 5333202.482088 -0.007439 -0.919265 -0.153476 0.362410
1750711256.673398 37369026.456060 2971252.324402 5333202.482088 -0.007439 -0.919265 -0.153476 0.362410
1750711256.678399 37369026.456060 2971252.324402 5333202.482088 -0.007439 -0.919265 -0.153476 0.362410
1750711256.683399 37369026.456060 2971252.324402 5333202.482088 -0.007439 -0.919265 -0.153476 0.362410
1750711256.688399 37369026.456060 2971252.324402 5333202.482088 -0.007439 -0.919265 -0.153476 0.362410
1750711256.693399 37369026.456060 2971252.324402 5333202.482088 -0.007439 -0.919265 -0.153476 0.362410
1750711256.698400 37369026.456060 2971252.324402 5333202.482088 -0.007439 -0.919265 -0.153476 0.362410
1750711256.703400 37369026.440357 2971252.319431 5333202.478749 -0.006773 -0.922945 -0.155112 0.352232
1750711256.708400 37369026.440357 2971252.319431 5333202.478749 -0.006773 -0.922945 -0.155112 0.352232
1750711256.713401 37369026.440357 2971252.319431 5333202.478749 -0.006773 -0.922945 -0.155112 0.352232
1750711256.718401 37369026.440357 2971252.319431 5333202.478749 -0.006773 -0.922945 -0.155112 0.352232
1750711256.723402 37369026.440357 2971252.319431 5333202.478749 -0.006773 -0.922945 -0.155112 0.352232
1750711256.728402 37369026.440357 2971252.319431 5333202.478749 -0.006773 -0.922945 -0.155112 0.352232
1750711256.733402 37369026.440357 2971252.319431 5333202.478749 -0.006773 -0.922945 -0.155112 0.352232
1750711256.738402 37369026.440357 2971252.319431 5333202.478749 -0.006773 -0.922945 -0.155112 0.352232
1750711256.743403 37369026.440357 2971252.319431 5333202.478749 -0.006773 -0.922945 -0.155112 0.352232
1750711256.748404 37369026.440357 2971252.319431 5333202.478749 -0.006773 -0.922945 -0.155112 0.352232
1750711256.753403 37369026.440357 2971252.319431 5333202.478749 -0.006773 -0.922945 -0.155112 0.352232
1750711256.758404 37369026.440357 2971252.319431 5333202.478749 -0.006773 -0.922945 -0.155112 0.352232
1750711256.763404 37369026.440357 2971252.319431 5333202.478749 -0.006773 -0.922945 -0.155112 0.352232
1750711256.768405 37369026.431134 2971252.314364 5333202.472733 -0.006105 -0.929700 -0.156844 0.333198
1750711256.773404 37369026.431134 2971252.314364 5333202.472733 -0.006105 -0.929700 -0.156844 0.333198
1750711256.778405 37369026.431134 2971252.314364 5333202.472733 -0.006105 -0.929700 -0.156844 0.333198
1750711256.783405 37369026.431134 2971252.314364 5333202.472733 -0.006105 -0.929700 -0.156844 0.333198
1750711256.788406 37369026.431134 2971252.314364 5333202.472733 -0.006105 -0.929700 -0.156844 0.333198
1750711256.793406 37369026.431134 2971252.314364 5333202.472733 -0.006105 -0.929700 -0.156844 0.333198
1750711256.798406 37369026.431134 2971252.314364 5333202.472733 -0.006105 -0.929700 -0.156844 0.333198
1750711256.803407 37369026.427752 2971252.312416 5333202.465003 -0.005878 -0.932630 -0.156155 0.325241
1750711256.808407 37369026.427752 2971252.312416 5333202.465003 -0.005878 -0.932630 -0.156155 0.325241
1750711256.813407 37369026.427752 2971252.312416 5333202.465003 -0.005878 -0.932630 -0.156155 0.325241
1750711256.818408 37369026.427752 2971252.312416 5333202.465003 -0.005878 -0.932630 -0.156155 0.325241
1750711256.823408 37369026.427752 2971252.312416 5333202.465003 -0.005878 -0.932630 -0.156155 0.325241
1750711256.828408 37369026.427752 2971252.312416 5333202.465003 -0.005878 -0.932630 -0.156155 0.325241
1750711256.833409 37369026.427752 2971252.312416 5333202.465003 -0.005878 -0.932630 -0.156155 0.325241
1750711256.838409 37369026.427752 2971252.312416 5333202.465003 -0.005878 -0.932630 -0.156155 0.325241
1750711256.843409 37369026.427752 2971252.312416 5333202.465003 -0.005878 -0.932630 -0.156155 0.325241
1750711256.848410 37369026.427752 2971252.312416 5333202.465003 -0.005878 -0.932630 -0.156155 0.325241
1750711256.853410 37369026.427752 2971252.312416 5333202.465003 -0.005878 -0.932630 -0.156155 0.325241
1750711256.858410 37369026.427752 2971252.312416 5333202.465003 -0.005878 -0.932630 -0.156155 0.325241
1750711256.863410 37369026.427752 2971252.312416 5333202.465003 -0.005878 -0.932630 -0.156155 0.325241
1750711256.868411 37369026.419567 2971252.313238 5333202.434239 -0.007040 -0.937846 -0.153222 0.311317
1750711256.873410 37369026.419567 2971252.313238 5333202.434239 -0.007040 -0.937846 -0.153222 0.311317
1750711256.878411 37369026.419567 2971252.313238 5333202.434239 -0.007040 -0.937846 -0.153222 0.311317
1750711256.883412 37369026.419567 2971252.313238 5333202.434239 -0.007040 -0.937846 -0.153222 0.311317
1750711256.888412 37369026.419567 2971252.313238 5333202.434239 -0.007040 -0.937846 -0.153222 0.311317
1750711256.893412 37369026.419567 2971252.313238 5333202.434239 -0.007040 -0.937846 -0.153222 0.311317
1750711256.898413 37369026.419567 2971252.313238 5333202.434239 -0.007040 -0.937846 -0.153222 0.311317
1750711256.903413 37369026.417359 2971252.311734 5333202.424732 -0.008245 -0.940237 -0.151863 0.304671
1750711256.908414 37369026.417359 2971252.311734 5333202.424732 -0.008245 -0.940237 -0.151863 0.304671
1750711256.913413 37369026.417359 2971252.311734 5333202.424732 -0.008245 -0.940237 -0.151863 0.304671
1750711256.918414 37369026.417359 2971252.311734 5333202.424732 -0.008245 -0.940237 -0.151863 0.304671
1750711256.923414 37369026.417359 2971252.311734 5333202.424732 -0.008245 -0.940237 -0.151863 0.304671
1750711256.928415 37369026.417359 2971252.311734 5333202.424732 -0.008245 -0.940237 -0.151863 0.304671
1750711256.933414 37369026.415411 2971252.309597 5333202.414195 -0.010348 -0.942290 -0.150856 0.298704
1750711256.938415 37369026.415411 2971252.309597 5333202.414195 -0.010348 -0.942290 -0.150856 0.298704
1750711256.943414 37369026.415411 2971252.309597 5333202.414195 -0.010348 -0.942290 -0.150856 0.298704
1750711256.948415 37369026.415411 2971252.309597 5333202.414195 -0.010348 -0.942290 -0.150856 0.298704
1750711256.953416 37369026.415411 2971252.309597 5333202.414195 -0.010348 -0.942290 -0.150856 0.298704
1750711256.958416 37369026.415411 2971252.309597 5333202.414195 -0.010348 -0.942290 -0.150856 0.298704
1750711256.963417 37369026.415411 2971252.309597 5333202.414195 -0.010348 -0.942290 -0.150856 0.298704
1750711256.968416 37369026.413922 2971252.307316 5333202.404315 -0.013402 -0.944098 -0.149302 0.293613
1750711256.973417 37369026.413922 2971252.307316 5333202.404315 -0.013402 -0.944098 -0.149302 0.293613
1750711256.978417 37369026.413922 2971252.307316 5333202.404315 -0.013402 -0.944098 -0.149302 0.293613
1750711256.983418 37369026.413922 2971252.307316 5333202.404315 -0.013402 -0.944098 -0.149302 0.293613
1750711256.988418 37369026.413922 2971252.307316 5333202.404315 -0.013402 -0.944098 -0.149302 0.293613
1750711256.993418 37369026.413922 2971252.307316 5333202.404315 -0.013402 -0.944098 -0.149302 0.293613
1750711256.998418 37369026.413922 2971252.307316 5333202.404315 -0.013402 -0.944098 -0.149302 0.293613
1750711257.003418 37369026.413922 2971252.307316 5333202.404315 -0.013402 -0.944098 -0.149302 0.293613
1750711257.008419 37369026.413922 2971252.307316 5333202.404315 -0.013402 -0.944098 -0.149302 0.293613
1750711257.013419 37369026.413922 2971252.307316 5333202.404315 -0.013402 -0.944098 -0.149302 0.293613
1750711257.018420 37369026.413922 2971252.307316 5333202.404315 -0.013402 -0.944098 -0.149302 0.293613
1750711257.023420 37369026.413922 2971252.307316 5333202.404315 -0.013402 -0.944098 -0.149302 0.293613
1750711257.028420 37369026.413922 2971252.307316 5333202.404315 -0.013402 -0.944098 -0.149302 0.293613
1750711257.033420 37369026.415699 2971252.300261 5333202.390607 -0.019122 -0.947730 -0.145629 0.283255
1750711257.038420 37369026.415699 2971252.300261 5333202.390607 -0.019122 -0.947730 -0.145629 0.283255
1750711257.043421 37369026.415699 2971252.300261 5333202.390607 -0.019122 -0.947730 -0.145629 0.283255
1750711257.048421 37369026.415699 2971252.300261 5333202.390607 -0.019122 -0.947730 -0.145629 0.283255
1750711257.053421 37369026.415699 2971252.300261 5333202.390607 -0.019122 -0.947730 -0.145629 0.283255
1750711257.058422 37369026.415699 2971252.300261 5333202.390607 -0.019122 -0.947730 -0.145629 0.283255
1750711257.063422 37369026.415699 2971252.300261 5333202.390607 -0.019122 -0.947730 -0.145629 0.283255
1750711257.068422 37369026.414559 2971252.298792 5333202.382426 -0.022175 -0.949637 -0.143873 0.277485
1750711257.073422 37369026.414559 2971252.298792 5333202.382426 -0.022175 -0.949637 -0.143873 0.277485
1750711257.078423 37369026.414559 2971252.298792 5333202.382426 -0.022175 -0.949637 -0.143873 0.277485
1750711257.083423 37369026.414559 2971252.298792 5333202.382426 -0.022175 -0.949637 -0.143873 0.277485
1750711257.088423 37369026.414559 2971252.298792 5333202.382426 -0.022175 -0.949637 -0.143873 0.277485
1750711257.093423 37369026.414559 2971252.298792 5333202.382426 -0.022175 -0.949637 -0.143873 0.277485
1750711257.098423 37369026.414559 2971252.298792 5333202.382426 -0.022175 -0.949637 -0.143873 0.277485
1750711257.103424 37369026.415144 2971252.294150 5333202.365172 -0.024431 -0.951477 -0.140962 0.272441
1750711257.108424 37369026.415144 2971252.294150 5333202.365172 -0.024431 -0.951477 -0.140962 0.272441
1750711257.113425 37369026.415144 2971252.294150 5333202.365172 -0.024431 -0.951477 -0.140962 0.272441
1750711257.118424 37369026.415144 2971252.294150 5333202.365172 -0.024431 -0.951477 -0.140962 0.272441
1750711257.123425 37369026.415144 2971252.294150 5333202.365172 -0.024431 -0.951477 -0.140962 0.272441
1750711257.128425 37369026.415144 2971252.294150 5333202.365172 -0.024431 -0.951477 -0.140962 0.272441
1750711257.133425 37369026.415144 2971252.294150 5333202.365172 -0.024431 -0.951477 -0.140962 0.272441
1750711257.138425 37369026.415144 2971252.294150 5333202.365172 -0.024431 -0.951477 -0.140962 0.272441
1750711257.143426 37369026.415144 2971252.294150 5333202.365172 -0.024431 -0.951477 -0.140962 0.272441
1750711257.148427 37369026.415144 2971252.294150 5333202.365172 -0.024431 -0.951477 -0.140962 0.272441
1750711257.153426 37369026.415144 2971252.294150 5333202.365172 -0.024431 -0.951477 -0.140962 0.272441
1750711257.158427 37369026.415144 2971252.294150 5333202.365172 -0.024431 -0.951477 -0.140962 0.272441
1750711257.163427 37369026.415144 2971252.294150 5333202.365172 -0.024431 -0.951477 -0.140962 0.272441
1750711257.168427 37369026.414832 2971252.287539 5333202.337670 -0.028476 -0.955060 -0.135916 0.261869
1750711257.173427 37369026.414832 2971252.287539 5333202.337670 -0.028476 -0.955060 -0.135916 0.261869
1750711257.178427 37369026.414832 2971252.287539 5333202.337670 -0.028476 -0.955060 -0.135916 0.261869
1750711257.183427 37369026.414832 2971252.287539 5333202.337670 -0.028476 -0.955060 -0.135916 0.261869
1750711257.188428 37369026.414832 2971252.287539 5333202.337670 -0.028476 -0.955060 -0.135916 0.261869
1750711257.193429 37369026.414832 2971252.287539 5333202.337670 -0.028476 -0.955060 -0.135916 0.261869
1750711257.198428 37369026.414832 2971252.287539 5333202.337670 -0.028476 -0.955060 -0.135916 0.261869
1750711257.203429 37369026.414332 2971252.284263 5333202.323932 -0.029295 -0.956457 -0.133772 0.257753
1750711257.208429 37369026.414332 2971252.284263 5333202.323932 -0.029295 -0.956457 -0.133772 0.257753
1750711257.213429 37369026.414332 2971252.284263 5333202.323932 -0.029295 -0.956457 -0.133772 0.257753
1750711257.218429 37369026.414332 2971252.284263 5333202.323932 -0.029295 -0.956457 -0.133772 0.257753
1750711257.223429 37369026.414332 2971252.284263 5333202.323932 -0.029295 -0.956457 -0.133772 0.257753
1750711257.228430 37369026.414332 2971252.284263 5333202.323932 -0.029295 -0.956457 -0.133772 0.257753
1750711257.233430 37369026.412142 2971252.280063 5333202.316075 -0.029744 -0.957540 -0.132825 0.254145
1750711257.238431 37369026.412142 2971252.280063 5333202.316075 -0.029744 -0.957540 -0.132825 0.254145
1750711257.243430 37369026.412142 2971252.280063 5333202.316075 -0.029744 -0.957540 -0.132825 0.254145
1750711257.248431 37369026.412142 2971252.280063 5333202.316075 -0.029744 -0.957540 -0.132825 0.254145
1750711257.253431 37369026.412142 2971252.280063 5333202.316075 -0.029744 -0.957540 -0.132825 0.254145
1750711257.258431 37369026.412142 2971252.280063 5333202.316075 -0.029744 -0.957540 -0.132825 0.254145
1750711257.263431 37369026.412142 2971252.280063 5333202.316075 -0.029744 -0.957540 -0.132825 0.254145
1750711257.268431 37369026.410209 2971252.276819 5333202.302678 -0.030259 -0.958274 -0.132026 0.251723
1750711257.273432 37369026.410209 2971252.276819 5333202.302678 -0.030259 -0.958274 -0.132026 0.251723
1750711257.278432 37369026.410209 2971252.276819 5333202.302678 -0.030259 -0.958274 -0.132026 0.251723
1750711257.283432 37369026.410209 2971252.276819 5333202.302678 -0.030259 -0.958274 -0.132026 0.251723
1750711257.288432 37369026.410209 2971252.276819 5333202.302678 -0.030259 -0.958274 -0.132026 0.251723
1750711257.293432 37369026.410209 2971252.276819 5333202.302678 -0.030259 -0.958274 -0.132026 0.251723
1750711257.298433 37369026.410209 2971252.276819 5333202.302678 -0.030259 -0.958274 -0.132026 0.251723
1750711257.303433 37369026.408654 2971252.273583 5333202.289647 -0.030550 -0.958967 -0.131109 0.249520
1750711257.308434 37369026.408654 2971252.273583 5333202.289647 -0.030550 -0.958967 -0.131109 0.249520
1750711257.313433 37369026.408654 2971252.273583 5333202.289647 -0.030550 -0.958967 -0.131109 0.249520
1750711257.318434 37369026.408654 2971252.273583 5333202.289647 -0.030550 -0.958967 -0.131109 0.249520
1750711257.323433 37369026.408654 2971252.273583 5333202.289647 -0.030550 -0.958967 -0.131109 0.249520
1750711257.328434 37369026.408654 2971252.273583 5333202.289647 -0.030550 -0.958967 -0.131109 0.249520
1750711257.333434 37369026.408654 2971252.273583 5333202.289647 -0.030550 -0.958967 -0.131109 0.249520
1750711257.338434 37369026.408654 2971252.273583 5333202.289647 -0.030550 -0.958967 -0.131109 0.249520
1750711257.343435 37369026.408654 2971252.273583 5333202.289647 -0.030550 -0.958967 -0.131109 0.249520
1750711257.348435 37369026.408654 2971252.273583 5333202.289647 -0.030550 -0.958967 -0.131109 0.249520
1750711257.353436 37369026.408654 2971252.273583 5333202.289647 -0.030550 -0.958967 -0.131109 0.249520
1750711257.358435 37369026.408654 2971252.273583 5333202.289647 -0.030550 -0.958967 -0.131109 0.249520
1750711257.363436 37369026.408654 2971252.273583 5333202.289647 -0.030550 -0.958967 -0.131109 0.249520
1750711257.368435 37369026.407375 2971252.266073 5333202.258082 -0.031283 -0.959953 -0.128910 0.246767
1750711257.373436 37369026.407375 2971252.266073 5333202.258082 -0.031283 -0.959953 -0.128910 0.246767
1750711257.378436 37369026.407375 2971252.266073 5333202.258082 -0.031283 -0.959953 -0.128910 0.246767
1750711257.383436 37369026.407375 2971252.266073 5333202.258082 -0.031283 -0.959953 -0.128910 0.246767
1750711257.388437 37369026.407375 2971252.266073 5333202.258082 -0.031283 -0.959953 -0.128910 0.246767
1750711257.393436 37369026.407375 2971252.266073 5333202.258082 -0.031283 -0.959953 -0.128910 0.246767
1750711257.398437 37369026.407375 2971252.266073 5333202.258082 -0.031283 -0.959953 -0.128910 0.246767
1750711257.403437 37369026.406167 2971252.262945 5333202.244215 -0.030945 -0.960380 -0.127988 0.245623
1750711257.408437 37369026.406167 2971252.262945 5333202.244215 -0.030945 -0.960380 -0.127988 0.245623
1750711257.413437 37369026.406167 2971252.262945 5333202.244215 -0.030945 -0.960380 -0.127988 0.245623
1750711257.418437 37369026.406167 2971252.262945 5333202.244215 -0.030945 -0.960380 -0.127988 0.245623
1750711257.423437 37369026.406167 2971252.262945 5333202.244215 -0.030945 -0.960380 -0.127988 0.245623
1750711257.428438 37369026.406167 2971252.262945 5333202.244215 -0.030945 -0.960380 -0.127988 0.245623
1750711257.433439 37369026.406167 2971252.262945 5333202.244215 -0.030945 -0.960380 -0.127988 0.245623
1750711257.438438 37369026.406167 2971252.262945 5333202.244215 -0.030945 -0.960380 -0.127988 0.245623
1750711257.443439 37369026.406167 2971252.262945 5333202.244215 -0.030945 -0.960380 -0.127988 0.245623
1750711257.448438 37369026.406167 2971252.262945 5333202.244215 -0.030945 -0.960380 -0.127988 0.245623
1750711257.453439 37369026.406167 2971252.262945 5333202.244215 -0.030945 -0.960380 -0.127988 0.245623
1750711257.458439 37369026.406167 2971252.262945 5333202.244215 -0.030945 -0.960380 -0.127988 0.245623
1750711257.463439 37369026.406167 2971252.262945 5333202.244215 -0.030945 -0.960380 -0.127988 0.245623
1750711257.466722 37369026.404383 2971252.258018 5333202.218381 -0.030006 -0.961550 -0.125869 0.242236
1750711257.468440 37369026.404383 2971252.258018 5333202.218381 -0.030006 -0.961550 -0.125869 0.242236
1750711257.473439 37369026.404383 2971252.258018 5333202.218381 -0.030006 -0.961550 -0.125869 0.242236
1750711257.478440 37369026.404383 2971252.258018 5333202.218381 -0.030006 -0.961550 -0.125869 0.242236
1750711257.483440 37369026.404383 2971252.258018 5333202.218381 -0.030006 -0.961550 -0.125869 0.242236
1750711257.488441 37369026.404383 2971252.258018 5333202.218381 -0.030006 -0.961550 -0.125869 0.242236
1750711257.493442 37369026.404383 2971252.258018 5333202.218381 -0.030006 -0.961550 -0.125869 0.242236
1750711257.498441 37369026.404383 2971252.258018 5333202.218381 -0.030006 -0.961550 -0.125869 0.242236
1750711257.503442 37369026.404160 2971252.256111 5333202.207043 -0.030227 -0.961990 -0.126052 0.240360
1750711257.508442 37369026.404160 2971252.256111 5333202.207043 -0.030227 -0.961990 -0.126052 0.240360
1750711257.513443 37369026.404160 2971252.256111 5333202.207043 -0.030227 -0.961990 -0.126052 0.240360
1750711257.518443 37369026.404160 2971252.256111 5333202.207043 -0.030227 -0.961990 -0.126052 0.240360
1750711257.523443 37369026.404160 2971252.256111 5333202.207043 -0.030227 -0.961990 -0.126052 0.240360
1750711257.528445 37369026.404160 2971252.256111 5333202.207043 -0.030227 -0.961990 -0.126052 0.240360
1750711257.533444 37369026.404160 2971252.256111 5333202.207043 -0.030227 -0.961990 -0.126052 0.240360
1750711257.538445 37369026.404160 2971252.256111 5333202.207043 -0.030227 -0.961990 -0.126052 0.240360
1750711257.543444 37369026.404160 2971252.256111 5333202.207043 -0.030227 -0.961990 -0.126052 0.240360
1750711257.548445 37369026.404160 2971252.256111 5333202.207043 -0.030227 -0.961990 -0.126052 0.240360
1750711257.553445 37369026.404160 2971252.256111 5333202.207043 -0.030227 -0.961990 -0.126052 0.240360
1750711257.558446 37369026.404160 2971252.256111 5333202.207043 -0.030227 -0.961990 -0.126052 0.240360
1750711257.563446 37369026.404160 2971252.256111 5333202.207043 -0.030227 -0.961990 -0.126052 0.240360
1750711257.568447 37369026.399869 2971252.250141 5333202.194573 -0.030173 -0.962617 -0.127745 0.236937
1750711257.573447 37369026.399869 2971252.250141 5333202.194573 -0.030173 -0.962617 -0.127745 0.236937
1750711257.578447 37369026.399869 2971252.250141 5333202.194573 -0.030173 -0.962617 -0.127745 0.236937
1750711257.583448 37369026.399869 2971252.250141 5333202.194573 -0.030173 -0.962617 -0.127745 0.236937
1750711257.588448 37369026.399869 2971252.250141 5333202.194573 -0.030173 -0.962617 -0.127745 0.236937
1750711257.593449 37369026.399869 2971252.250141 5333202.194573 -0.030173 -0.962617 -0.127745 0.236937
1750711257.598448 37369026.399869 2971252.250141 5333202.194573 -0.030173 -0.962617 -0.127745 0.236937
1750711257.603449 37369026.397270 2971252.247816 5333202.188850 -0.029755 -0.962783 -0.128830 0.235723
1750711257.608449 37369026.397270 2971252.247816 5333202.188850 -0.029755 -0.962783 -0.128830 0.235723
1750711257.613450 37369026.397270 2971252.247816 5333202.188850 -0.029755 -0.962783 -0.128830 0.235723
1750711257.618451 37369026.397270 2971252.247816 5333202.188850 -0.029755 -0.962783 -0.128830 0.235723
1750711257.623450 37369026.397270 2971252.247816 5333202.188850 -0.029755 -0.962783 -0.128830 0.235723
1750711257.628450 37369026.397270 2971252.247816 5333202.188850 -0.029755 -0.962783 -0.128830 0.235723
1750711257.633451 37369026.395433 2971252.246583 5333202.179977 -0.029122 -0.963000 -0.128789 0.234940
1750711257.638452 37369026.395433 2971252.246583 5333202.179977 -0.029122 -0.963000 -0.128789 0.234940
1750711257.643451 37369026.395433 2971252.246583 5333202.179977 -0.029122 -0.963000 -0.128789 0.234940
1750711257.648452 37369026.395433 2971252.246583 5333202.179977 -0.029122 -0.963000 -0.128789 0.234940
1750711257.653452 37369026.395433 2971252.246583 5333202.179977 -0.029122 -0.963000 -0.128789 0.234940
1750711257.658453 37369026.395433 2971252.246583 5333202.179977 -0.029122 -0.963000 -0.128789 0.234940
1750711257.663454 37369026.395433 2971252.246583 5333202.179977 -0.029122 -0.963000 -0.128789 0.234940
1750711257.668453 37369026.395433 2971252.246583 5333202.179977 -0.029122 -0.963000 -0.128789 0.234940
1750711257.673454 37369026.395433 2971252.246583 5333202.179977 -0.029122 -0.963000 -0.128789 0.234940
1750711257.678454 37369026.395433 2971252.246583 5333202.179977 -0.029122 -0.963000 -0.128789 0.234940
1750711257.683455 37369026.395433 2971252.246583 5333202.179977 -0.029122 -0.963000 -0.128789 0.234940
1750711257.688455 37369026.395433 2971252.246583 5333202.179977 -0.029122 -0.963000 -0.128789 0.234940
1750711257.693455 37369026.395433 2971252.246583 5333202.179977 -0.029122 -0.963000 -0.128789 0.234940
1750711257.698455 37369026.395433 2971252.246583 5333202.179977 -0.029122 -0.963000 -0.128789 0.234940
1750711257.703456 37369026.392778 2971252.243763 5333202.160955 -0.026911 -0.964043 -0.127007 0.231874
1750711257.708457 37369026.392778 2971252.243763 5333202.160955 -0.026911 -0.964043 -0.127007 0.231874
1750711257.713456 37369026.392778 2971252.243763 5333202.160955 -0.026911 -0.964043 -0.127007 0.231874
1750711257.718457 37369026.392778 2971252.243763 5333202.160955 -0.026911 -0.964043 -0.127007 0.231874
1750711257.723457 37369026.392778 2971252.243763 5333202.160955 -0.026911 -0.964043 -0.127007 0.231874
1750711257.728458 37369026.392778 2971252.243763 5333202.160955 -0.026911 -0.964043 -0.127007 0.231874
1750711257.733457 37369026.392778 2971252.243763 5333202.160955 -0.026911 -0.964043 -0.127007 0.231874
1750711257.738458 37369026.392778 2971252.243763 5333202.160955 -0.026911 -0.964043 -0.127007 0.231874
1750711257.743459 37369026.392778 2971252.243763 5333202.160955 -0.026911 -0.964043 -0.127007 0.231874
1750711257.748459 37369026.392778 2971252.243763 5333202.160955 -0.026911 -0.964043 -0.127007 0.231874
1750711257.753459 37369026.392778 2971252.243763 5333202.160955 -0.026911 -0.964043 -0.127007 0.231874
1750711257.758459 37369026.392778 2971252.243763 5333202.160955 -0.026911 -0.964043 -0.127007 0.231874
1750711257.763460 37369026.392778 2971252.243763 5333202.160955 -0.026911 -0.964043 -0.127007 0.231874
1750711257.768460 37369026.389380 2971252.240121 5333202.142335 -0.027004 -0.965455 -0.125259 0.226885
1750711257.773460 37369026.389380 2971252.240121 5333202.142335 -0.027004 -0.965455 -0.125259 0.226885
1750711257.778460 37369026.389380 2971252.240121 5333202.142335 -0.027004 -0.965455 -0.125259 0.226885
1750711257.783461 37369026.389380 2971252.240121 5333202.142335 -0.027004 -0.965455 -0.125259 0.226885
1750711257.788462 37369026.389380 2971252.240121 5333202.142335 -0.027004 -0.965455 -0.125259 0.226885
1750711257.793462 37369026.389380 2971252.240121 5333202.142335 -0.027004 -0.965455 -0.125259 0.226885
1750711257.798462 37369026.389380 2971252.240121 5333202.142335 -0.027004 -0.965455 -0.125259 0.226885
1750711257.803462 37369026.387773 2971252.236165 5333202.136151 -0.027846 -0.966448 -0.124522 0.222926
1750711257.808463 37369026.387773 2971252.236165 5333202.136151 -0.027846 -0.966448 -0.124522 0.222926
1750711257.813463 37369026.387773 2971252.236165 5333202.136151 -0.027846 -0.966448 -0.124522 0.222926
1750711257.818464 37369026.387773 2971252.236165 5333202.136151 -0.027846 -0.966448 -0.124522 0.222926
1750711257.823464 37369026.387773 2971252.236165 5333202.136151 -0.027846 -0.966448 -0.124522 0.222926
1750711257.828464 37369026.387773 2971252.236165 5333202.136151 -0.027846 -0.966448 -0.124522 0.222926
1750711257.833465 37369026.389770 2971252.237087 5333202.117570 -0.030344 -0.967287 -0.123864 0.219301
1750711257.838464 37369026.389770 2971252.237087 5333202.117570 -0.030344 -0.967287 -0.123864 0.219301
1750711257.843465 37369026.389770 2971252.237087 5333202.117570 -0.030344 -0.967287 -0.123864 0.219301
1750711257.848465 37369026.389770 2971252.237087 5333202.117570 -0.030344 -0.967287 -0.123864 0.219301
1750711257.853466 37369026.389770 2971252.237087 5333202.117570 -0.030344 -0.967287 -0.123864 0.219301
1750711257.858466 37369026.389770 2971252.237087 5333202.117570 -0.030344 -0.967287 -0.123864 0.219301
1750711257.863466 37369026.389770 2971252.237087 5333202.117570 -0.030344 -0.967287 -0.123864 0.219301
1750711257.868467 37369026.389770 2971252.237087 5333202.117570 -0.030344 -0.967287 -0.123864 0.219301
1750711257.873466 37369026.389770 2971252.237087 5333202.117570 -0.030344 -0.967287 -0.123864 0.219301
1750711257.878467 37369026.389770 2971252.237087 5333202.117570 -0.030344 -0.967287 -0.123864 0.219301
1750711257.883467 37369026.389770 2971252.237087 5333202.117570 -0.030344 -0.967287 -0.123864 0.219301
1750711257.888468 37369026.389770 2971252.237087 5333202.117570 -0.030344 -0.967287 -0.123864 0.219301
1750711257.893468 37369026.389770 2971252.237087 5333202.117570 -0.030344 -0.967287 -0.123864 0.219301
1750711257.898468 37369026.389770 2971252.237087 5333202.117570 -0.030344 -0.967287 -0.123864 0.219301
1750711257.903469 37369026.384618 2971252.233769 5333202.101552 -0.031134 -0.969409 -0.124503 0.209227
1750711257.908468 37369026.384618 2971252.233769 5333202.101552 -0.031134 -0.969409 -0.124503 0.209227
1750711257.913469 37369026.384618 2971252.233769 5333202.101552 -0.031134 -0.969409 -0.124503 0.209227
1750711257.918469 37369026.384618 2971252.233769 5333202.101552 -0.031134 -0.969409 -0.124503 0.209227
1750711257.923470 37369026.384618 2971252.233769 5333202.101552 -0.031134 -0.969409 -0.124503 0.209227
1750711257.928469 37369026.384618 2971252.233769 5333202.101552 -0.031134 -0.969409 -0.124503 0.209227
1750711257.933470 37369026.379856 2971252.231678 5333202.094219 -0.030250 -0.970529 -0.124322 0.204211
1750711257.938470 37369026.379856 2971252.231678 5333202.094219 -0.030250 -0.970529 -0.124322 0.204211
1750711257.943470 37369026.379856 2971252.231678 5333202.094219 -0.030250 -0.970529 -0.124322 0.204211
1750711257.948471 37369026.379856 2971252.231678 5333202.094219 -0.030250 -0.970529 -0.124322 0.204211
1750711257.953471 37369026.379856 2971252.231678 5333202.094219 -0.030250 -0.970529 -0.124322 0.204211
1750711257.958472 37369026.379856 2971252.231678 5333202.094219 -0.030250 -0.970529 -0.124322 0.204211
1750711257.963471 37369026.379856 2971252.231678 5333202.094219 -0.030250 -0.970529 -0.124322 0.204211
1750711257.968472 37369026.374546 2971252.229638 5333202.083373 -0.029119 -0.971605 -0.123818 0.199509
1750711257.973473 37369026.374546 2971252.229638 5333202.083373 -0.029119 -0.971605 -0.123818 0.199509
1750711257.978473 37369026.374546 2971252.229638 5333202.083373 -0.029119 -0.971605 -0.123818 0.199509
1750711257.983473 37369026.374546 2971252.229638 5333202.083373 -0.029119 -0.971605 -0.123818 0.199509
1750711257.988473 37369026.374546 2971252.229638 5333202.083373 -0.029119 -0.971605 -0.123818 0.199509
1750711257.993474 37369026.374546 2971252.229638 5333202.083373 -0.029119 -0.971605 -0.123818 0.199509
1750711257.998473 37369026.374546 2971252.229638 5333202.083373 -0.029119 -0.971605 -0.123818 0.199509
1750711258.003474 37369026.368584 2971252.227884 5333202.073854 -0.027851 -0.972693 -0.123513 0.194516
1750711258.008475 37369026.368584 2971252.227884 5333202.073854 -0.027851 -0.972693 -0.123513 0.194516
1750711258.013474 37369026.368584 2971252.227884 5333202.073854 -0.027851 -0.972693 -0.123513 0.194516
1750711258.018475 37369026.368584 2971252.227884 5333202.073854 -0.027851 -0.972693 -0.123513 0.194516
1750711258.023475 37369026.368584 2971252.227884 5333202.073854 -0.027851 -0.972693 -0.123513 0.194516
1750711258.028476 37369026.368584 2971252.227884 5333202.073854 -0.027851 -0.972693 -0.123513 0.194516
1750711258.033475 37369026.368584 2971252.227884 5333202.073854 -0.027851 -0.972693 -0.123513 0.194516
1750711258.038476 37369026.368584 2971252.227884 5333202.073854 -0.027851 -0.972693 -0.123513 0.194516
1750711258.043476 37369026.368584 2971252.227884 5333202.073854 -0.027851 -0.972693 -0.123513 0.194516
1750711258.048476 37369026.368584 2971252.227884 5333202.073854 -0.027851 -0.972693 -0.123513 0.194516
1750711258.053476 37369026.368584 2971252.227884 5333202.073854 -0.027851 -0.972693 -0.123513 0.194516
1750711258.058477 37369026.368584 2971252.227884 5333202.073854 -0.027851 -0.972693 -0.123513 0.194516
1750711258.063478 37369026.368584 2971252.227884 5333202.073854 -0.027851 -0.972693 -0.123513 0.194516
1750711258.068477 37369026.358344 2971252.226372 5333202.060040 -0.025300 -0.974874 -0.125017 0.182625
1750711258.073478 37369026.358344 2971252.226372 5333202.060040 -0.025300 -0.974874 -0.125017 0.182625
1750711258.078478 37369026.358344 2971252.226372 5333202.060040 -0.025300 -0.974874 -0.125017 0.182625
1750711258.083478 37369026.358344 2971252.226372 5333202.060040 -0.025300 -0.974874 -0.125017 0.182625
1750711258.088479 37369026.358344 2971252.226372 5333202.060040 -0.025300 -0.974874 -0.125017 0.182625
1750711258.093479 37369026.358344 2971252.226372 5333202.060040 -0.025300 -0.974874 -0.125017 0.182625
1750711258.098479 37369026.358344 2971252.226372 5333202.060040 -0.025300 -0.974874 -0.125017 0.182625
1750711258.103479 37369026.351683 2971252.225004 5333202.051163 -0.023871 -0.976002 -0.126309 0.175774
1750711258.108480 37369026.351683 2971252.225004 5333202.051163 -0.023871 -0.976002 -0.126309 0.175774
1750711258.113479 37369026.351683 2971252.225004 5333202.051163 -0.023871 -0.976002 -0.126309 0.175774
1750711258.118480 37369026.351683 2971252.225004 5333202.051163 -0.023871 -0.976002 -0.126309 0.175774
1750711258.123480 37369026.351683 2971252.225004 5333202.051163 -0.023871 -0.976002 -0.126309 0.175774
1750711258.128480 37369026.351683 2971252.225004 5333202.051163 -0.023871 -0.976002 -0.126309 0.175774
1750711258.133481 37369026.351683 2971252.225004 5333202.051163 -0.023871 -0.976002 -0.126309 0.175774
1750711258.138481 37369026.351683 2971252.225004 5333202.051163 -0.023871 -0.976002 -0.126309 0.175774
1750711258.143481 37369026.351683 2971252.225004 5333202.051163 -0.023871 -0.976002 -0.126309 0.175774
1750711258.148481 37369026.351683 2971252.225004 5333202.051163 -0.023871 -0.976002 -0.126309 0.175774
1750711258.153482 37369026.351683 2971252.225004 5333202.051163 -0.023871 -0.976002 -0.126309 0.175774
1750711258.158482 37369026.351683 2971252.225004 5333202.051163 -0.023871 -0.976002 -0.126309 0.175774
1750711258.163482 37369026.351683 2971252.225004 5333202.051163 -0.023871 -0.976002 -0.126309 0.175774
1750711258.168483 37369026.335650 2971252.220381 5333202.031218 -0.022441 -0.977888 -0.130401 0.161943
1750711258.173482 37369026.335650 2971252.220381 5333202.031218 -0.022441 -0.977888 -0.130401 0.161943
1750711258.178483 37369026.335650 2971252.220381 5333202.031218 -0.022441 -0.977888 -0.130401 0.161943
1750711258.183483 37369026.335650 2971252.220381 5333202.031218 -0.022441 -0.977888 -0.130401 0.161943
1750711258.188483 37369026.335650 2971252.220381 5333202.031218 -0.022441 -0.977888 -0.130401 0.161943
1750711258.193483 37369026.335650 2971252.220381 5333202.031218 -0.022441 -0.977888 -0.130401 0.161943
1750711258.198484 37369026.335650 2971252.220381 5333202.031218 -0.022441 -0.977888 -0.130401 0.161943
1750711258.203483 37369026.335650 2971252.220381 5333202.031218 -0.022441 -0.977888 -0.130401 0.161943
1750711258.208484 37369026.335650 2971252.220381 5333202.031218 -0.022441 -0.977888 -0.130401 0.161943
1750711258.213485 37369026.335650 2971252.220381 5333202.031218 -0.022441 -0.977888 -0.130401 0.161943
1750711258.218484 37369026.335650 2971252.220381 5333202.031218 -0.022441 -0.977888 -0.130401 0.161943
1750711258.223485 37369026.335650 2971252.220381 5333202.031218 -0.022441 -0.977888 -0.130401 0.161943
1750711258.228485 37369026.335650 2971252.220381 5333202.031218 -0.022441 -0.977888 -0.130401 0.161943
1750711258.233485 37369026.317785 2971252.210982 5333202.012363 -0.024384 -0.979083 -0.136761 0.148656
1750711258.238486 37369026.317785 2971252.210982 5333202.012363 -0.024384 -0.979083 -0.136761 0.148656
1750711258.243486 37369026.317785 2971252.210982 5333202.012363 -0.024384 -0.979083 -0.136761 0.148656
1750711258.248487 37369026.317785 2971252.210982 5333202.012363 -0.024384 -0.979083 -0.136761 0.148656
1750711258.253486 37369026.317785 2971252.210982 5333202.012363 -0.024384 -0.979083 -0.136761 0.148656
1750711258.258487 37369026.317785 2971252.210982 5333202.012363 -0.024384 -0.979083 -0.136761 0.148656
1750711258.263486 37369026.317785 2971252.210982 5333202.012363 -0.024384 -0.979083 -0.136761 0.148656
1750711258.268487 37369026.317785 2971252.210982 5333202.012363 -0.024384 -0.979083 -0.136761 0.148656
1750711258.273487 37369026.317785 2971252.210982 5333202.012363 -0.024384 -0.979083 -0.136761 0.148656
1750711258.278487 37369026.317785 2971252.210982 5333202.012363 -0.024384 -0.979083 -0.136761 0.148656
1750711258.283488 37369026.317785 2971252.210982 5333202.012363 -0.024384 -0.979083 -0.136761 0.148656
1750711258.288487 37369026.317785 2971252.210982 5333202.012363 -0.024384 -0.979083 -0.136761 0.148656
1750711258.293489 37369026.317785 2971252.210982 5333202.012363 -0.024384 -0.979083 -0.136761 0.148656
1750711258.298488 37369026.317785 2971252.210982 5333202.012363 -0.024384 -0.979083 -0.136761 0.148656
1750711258.303488 37369026.300864 2971252.202045 5333201.990444 -0.026306 -0.980097 -0.142856 0.135310
1750711258.308488 37369026.300864 2971252.202045 5333201.990444 -0.026306 -0.980097 -0.142856 0.135310
1750711258.313489 37369026.300864 2971252.202045 5333201.990444 -0.026306 -0.980097 -0.142856 0.135310
1750711258.318490 37369026.300864 2971252.202045 5333201.990444 -0.026306 -0.980097 -0.142856 0.135310
1750711258.323489 37369026.300864 2971252.202045 5333201.990444 -0.026306 -0.980097 -0.142856 0.135310
1750711258.328490 37369026.300864 2971252.202045 5333201.990444 -0.026306 -0.980097 -0.142856 0.135310
1750711258.333489 37369026.300864 2971252.202045 5333201.990444 -0.026306 -0.980097 -0.142856 0.135310
1750711258.338490 37369026.300864 2971252.202045 5333201.990444 -0.026306 -0.980097 -0.142856 0.135310
1750711258.343490 37369026.300864 2971252.202045 5333201.990444 -0.026306 -0.980097 -0.142856 0.135310
1750711258.348490 37369026.300864 2971252.202045 5333201.990444 -0.026306 -0.980097 -0.142856 0.135310
1750711258.353491 37369026.300864 2971252.202045 5333201.990444 -0.026306 -0.980097 -0.142856 0.135310
1750711258.358490 37369026.300864 2971252.202045 5333201.990444 -0.026306 -0.980097 -0.142856 0.135310
1750711258.363491 37369026.300864 2971252.202045 5333201.990444 -0.026306 -0.980097 -0.142856 0.135310
1750711258.368491 37369026.285295 2971252.193157 5333201.967276 -0.026997 -0.981070 -0.146234 0.124046
1750711258.373492 37369026.285295 2971252.193157 5333201.967276 -0.026997 -0.981070 -0.146234 0.124046
1750711258.378491 37369026.285295 2971252.193157 5333201.967276 -0.026997 -0.981070 -0.146234 0.124046
1750711258.383492 37369026.285295 2971252.193157 5333201.967276 -0.026997 -0.981070 -0.146234 0.124046
1750711258.388491 37369026.285295 2971252.193157 5333201.967276 -0.026997 -0.981070 -0.146234 0.124046
1750711258.393492 37369026.285295 2971252.193157 5333201.967276 -0.026997 -0.981070 -0.146234 0.124046
1750711258.398491 37369026.285295 2971252.193157 5333201.967276 -0.026997 -0.981070 -0.146234 0.124046
1750711258.403492 37369026.276216 2971252.189077 5333201.954522 -0.027097 -0.981379 -0.147894 0.119530
1750711258.408493 37369026.276216 2971252.189077 5333201.954522 -0.027097 -0.981379 -0.147894 0.119530
1750711258.413492 37369026.276216 2971252.189077 5333201.954522 -0.027097 -0.981379 -0.147894 0.119530
1750711258.418493 37369026.276216 2971252.189077 5333201.954522 -0.027097 -0.981379 -0.147894 0.119530
1750711258.423493 37369026.276216 2971252.189077 5333201.954522 -0.027097 -0.981379 -0.147894 0.119530
1750711258.428493 37369026.276216 2971252.189077 5333201.954522 -0.027097 -0.981379 -0.147894 0.119530
1750711258.433493 37369026.276216 2971252.189077 5333201.954522 -0.027097 -0.981379 -0.147894 0.119530
1750711258.438493 37369026.276216 2971252.189077 5333201.954522 -0.027097 -0.981379 -0.147894 0.119530
1750711258.443494 37369026.276216 2971252.189077 5333201.954522 -0.027097 -0.981379 -0.147894 0.119530
1750711258.448493 37369026.276216 2971252.189077 5333201.954522 -0.027097 -0.981379 -0.147894 0.119530
1750711258.453494 37369026.276216 2971252.189077 5333201.954522 -0.027097 -0.981379 -0.147894 0.119530
1750711258.458494 37369026.276216 2971252.189077 5333201.954522 -0.027097 -0.981379 -0.147894 0.119530
1750711258.463494 37369026.276216 2971252.189077 5333201.954522 -0.027097 -0.981379 -0.147894 0.119530
1750711258.466783 37369026.258849 2971252.179945 5333201.929356 -0.028583 -0.982190 -0.148972 0.110870
1750711258.468494 37369026.258849 2971252.179945 5333201.929356 -0.028583 -0.982190 -0.148972 0.110870
1750711258.473495 37369026.258849 2971252.179945 5333201.929356 -0.028583 -0.982190 -0.148972 0.110870
1750711258.478496 37369026.258849 2971252.179945 5333201.929356 -0.028583 -0.982190 -0.148972 0.110870
1750711258.483495 37369026.258849 2971252.179945 5333201.929356 -0.028583 -0.982190 -0.148972 0.110870
1750711258.488496 37369026.258849 2971252.179945 5333201.929356 -0.028583 -0.982190 -0.148972 0.110870
1750711258.493495 37369026.258849 2971252.179945 5333201.929356 -0.028583 -0.982190 -0.148972 0.110870
1750711258.498496 37369026.258849 2971252.179945 5333201.929356 -0.028583 -0.982190 -0.148972 0.110870
1750711258.503496 37369026.258849 2971252.179945 5333201.929356 -0.028583 -0.982190 -0.148972 0.110870
1750711258.508497 37369026.258849 2971252.179945 5333201.929356 -0.028583 -0.982190 -0.148972 0.110870
1750711258.513496 37369026.258849 2971252.179945 5333201.929356 -0.028583 -0.982190 -0.148972 0.110870
1750711258.518497 37369026.258849 2971252.179945 5333201.929356 -0.028583 -0.982190 -0.148972 0.110870
1750711258.523497 37369026.258849 2971252.179945 5333201.929356 -0.028583 -0.982190 -0.148972 0.110870
1750711258.528498 37369026.258849 2971252.179945 5333201.929356 -0.028583 -0.982190 -0.148972 0.110870
1750711258.533498 37369026.244277 2971252.171208 5333201.903450 -0.030372 -0.983459 -0.147926 0.100014
1750711258.538498 37369026.244277 2971252.171208 5333201.903450 -0.030372 -0.983459 -0.147926 0.100014
1750711258.543499 37369026.244277 2971252.171208 5333201.903450 -0.030372 -0.983459 -0.147926 0.100014
1750711258.548498 37369026.244277 2971252.171208 5333201.903450 -0.030372 -0.983459 -0.147926 0.100014
1750711258.553499 37369026.244277 2971252.171208 5333201.903450 -0.030372 -0.983459 -0.147926 0.100014
1750711258.558499 37369026.244277 2971252.171208 5333201.903450 -0.030372 -0.983459 -0.147926 0.100014
1750711258.563500 37369026.244277 2971252.171208 5333201.903450 -0.030372 -0.983459 -0.147926 0.100014
1750711258.568501 37369026.244277 2971252.171208 5333201.903450 -0.030372 -0.983459 -0.147926 0.100014
1750711258.573500 37369026.244277 2971252.171208 5333201.903450 -0.030372 -0.983459 -0.147926 0.100014
1750711258.578501 37369026.244277 2971252.171208 5333201.903450 -0.030372 -0.983459 -0.147926 0.100014
1750711258.583501 37369026.244277 2971252.171208 5333201.903450 -0.030372 -0.983459 -0.147926 0.100014
1750711258.588501 37369026.244277 2971252.171208 5333201.903450 -0.030372 -0.983459 -0.147926 0.100014
1750711258.593501 37369026.244277 2971252.171208 5333201.903450 -0.030372 -0.983459 -0.147926 0.100014
1750711258.598502 37369026.244277 2971252.171208 5333201.903450 -0.030372 -0.983459 -0.147926 0.100014
1750711258.603502 37369026.230152 2971252.161269 5333201.882270 -0.032006 -0.984859 -0.146876 0.086347
1750711258.608502 37369026.230152 2971252.161269 5333201.882270 -0.032006 -0.984859 -0.146876 0.086347
1750711258.613503 37369026.230152 2971252.161269 5333201.882270 -0.032006 -0.984859 -0.146876 0.086347
1750711258.618502 37369026.230152 2971252.161269 5333201.882270 -0.032006 -0.984859 -0.146876 0.086347
1750711258.623503 37369026.230152 2971252.161269 5333201.882270 -0.032006 -0.984859 -0.146876 0.086347
1750711258.628503 37369026.230152 2971252.161269 5333201.882270 -0.032006 -0.984859 -0.146876 0.086347
1750711258.633504 37369026.223129 2971252.158430 5333201.870763 -0.031995 -0.985501 -0.146472 0.079429
1750711258.638503 37369026.223129 2971252.158430 5333201.870763 -0.031995 -0.985501 -0.146472 0.079429
1750711258.643504 37369026.223129 2971252.158430 5333201.870763 -0.031995 -0.985501 -0.146472 0.079429
1750711258.648504 37369026.223129 2971252.158430 5333201.870763 -0.031995 -0.985501 -0.146472 0.079429
1750711258.653505 37369026.223129 2971252.158430 5333201.870763 -0.031995 -0.985501 -0.146472 0.079429
1750711258.658505 37369026.223129 2971252.158430 5333201.870763 -0.031995 -0.985501 -0.146472 0.079429
1750711258.663505 37369026.223129 2971252.158430 5333201.870763 -0.031995 -0.985501 -0.146472 0.079429
1750711258.668506 37369026.223129 2971252.158430 5333201.870763 -0.031995 -0.985501 -0.146472 0.079429
1750711258.673506 37369026.223129 2971252.158430 5333201.870763 -0.031995 -0.985501 -0.146472 0.079429
1750711258.678506 37369026.223129 2971252.158430 5333201.870763 -0.031995 -0.985501 -0.146472 0.079429
1750711258.683507 37369026.223129 2971252.158430 5333201.870763 -0.031995 -0.985501 -0.146472 0.079429
1750711258.688506 37369026.223129 2971252.158430 5333201.870763 -0.031995 -0.985501 -0.146472 0.079429
1750711258.693507 37369026.223129 2971252.158430 5333201.870763 -0.031995 -0.985501 -0.146472 0.079429
1750711258.698507 37369026.223129 2971252.158430 5333201.870763 -0.031995 -0.985501 -0.146472 0.079429
1750711258.703507 37369026.211488 2971252.152219 5333201.848953 -0.030992 -0.986415 -0.147181 0.066044
1750711258.708507 37369026.211488 2971252.152219 5333201.848953 -0.030992 -0.986415 -0.147181 0.066044
1750711258.713508 37369026.211488 2971252.152219 5333201.848953 -0.030992 -0.986415 -0.147181 0.066044
1750711258.718507 37369026.211488 2971252.152219 5333201.848953 -0.030992 -0.986415 -0.147181 0.066044
1750711258.723508 37369026.211488 2971252.152219 5333201.848953 -0.030992 -0.986415 -0.147181 0.066044
1750711258.728509 37369026.211488 2971252.152219 5333201.848953 -0.030992 -0.986415 -0.147181 0.066044
1750711258.733508 37369026.211488 2971252.152219 5333201.848953 -0.030992 -0.986415 -0.147181 0.066044
1750711258.738509 37369026.211488 2971252.152219 5333201.848953 -0.030992 -0.986415 -0.147181 0.066044
1750711258.743509 37369026.211488 2971252.152219 5333201.848953 -0.030992 -0.986415 -0.147181 0.066044
1750711258.748509 37369026.211488 2971252.152219 5333201.848953 -0.030992 -0.986415 -0.147181 0.066044
1750711258.753509 37369026.211488 2971252.152219 5333201.848953 -0.030992 -0.986415 -0.147181 0.066044
1750711258.758510 37369026.211488 2971252.152219 5333201.848953 -0.030992 -0.986415 -0.147181 0.066044
1750711258.763510 37369026.211488 2971252.152219 5333201.848953 -0.030992 -0.986415 -0.147181 0.066044
1750711258.768510 37369026.202994 2971252.147892 5333201.827303 -0.028981 -0.987305 -0.146581 0.053878
1750711258.773511 37369026.202994 2971252.147892 5333201.827303 -0.028981 -0.987305 -0.146581 0.053878
1750711258.778511 37369026.202994 2971252.147892 5333201.827303 -0.028981 -0.987305 -0.146581 0.053878
1750711258.783511 37369026.202994 2971252.147892 5333201.827303 -0.028981 -0.987305 -0.146581 0.053878
1750711258.788511 37369026.202994 2971252.147892 5333201.827303 -0.028981 -0.987305 -0.146581 0.053878
1750711258.793511 37369026.202994 2971252.147892 5333201.827303 -0.028981 -0.987305 -0.146581 0.053878
1750711258.798511 37369026.202994 2971252.147892 5333201.827303 -0.028981 -0.987305 -0.146581 0.053878
1750711258.803512 37369026.199542 2971252.146610 5333201.815956 -0.027824 -0.987790 -0.145434 0.048433
1750711258.808512 37369026.199542 2971252.146610 5333201.815956 -0.027824 -0.987790 -0.145434 0.048433
1750711258.813512 37369026.199542 2971252.146610 5333201.815956 -0.027824 -0.987790 -0.145434 0.048433
1750711258.818513 37369026.199542 2971252.146610 5333201.815956 -0.027824 -0.987790 -0.145434 0.048433
1750711258.823513 37369026.199542 2971252.146610 5333201.815956 -0.027824 -0.987790 -0.145434 0.048433
1750711258.828513 37369026.199542 2971252.146610 5333201.815956 -0.027824 -0.987790 -0.145434 0.048433
1750711258.833513 37369026.199542 2971252.146610 5333201.815956 -0.027824 -0.987790 -0.145434 0.048433
1750711258.838513 37369026.199542 2971252.146610 5333201.815956 -0.027824 -0.987790 -0.145434 0.048433
1750711258.843514 37369026.199542 2971252.146610 5333201.815956 -0.027824 -0.987790 -0.145434 0.048433
1750711258.848514 37369026.199542 2971252.146610 5333201.815956 -0.027824 -0.987790 -0.145434 0.048433
1750711258.853514 37369026.199542 2971252.146610 5333201.815956 -0.027824 -0.987790 -0.145434 0.048433
1750711258.858514 37369026.199542 2971252.146610 5333201.815956 -0.027824 -0.987790 -0.145434 0.048433
1750711258.863515 37369026.199542 2971252.146610 5333201.815956 -0.027824 -0.987790 -0.145434 0.048433
1750711258.868514 37369026.195870 2971252.139773 5333201.796941 -0.026014 -0.988700 -0.142424 0.038869
1750711258.873515 37369026.195870 2971252.139773 5333201.796941 -0.026014 -0.988700 -0.142424 0.038869
1750711258.878516 37369026.195870 2971252.139773 5333201.796941 -0.026014 -0.988700 -0.142424 0.038869
1750711258.883515 37369026.195870 2971252.139773 5333201.796941 -0.026014 -0.988700 -0.142424 0.038869
1750711258.888515 37369026.195870 2971252.139773 5333201.796941 -0.026014 -0.988700 -0.142424 0.038869
1750711258.893516 37369026.195870 2971252.139773 5333201.796941 -0.026014 -0.988700 -0.142424 0.038869
1750711258.898516 37369026.195870 2971252.139773 5333201.796941 -0.026014 -0.988700 -0.142424 0.038869
1750711258.903516 37369026.193589 2971252.137829 5333201.788776 -0.025884 -0.988971 -0.141892 0.033663
1750711258.908516 37369026.193589 2971252.137829 5333201.788776 -0.025884 -0.988971 -0.141892 0.033663
1750711258.913516 37369026.193589 2971252.137829 5333201.788776 -0.025884 -0.988971 -0.141892 0.033663
1750711258.918517 37369026.193589 2971252.137829 5333201.788776 -0.025884 -0.988971 -0.141892 0.033663
1750711258.923517 37369026.193589 2971252.137829 5333201.788776 -0.025884 -0.988971 -0.141892 0.033663
1750711258.928517 37369026.193589 2971252.137829 5333201.788776 -0.025884 -0.988971 -0.141892 0.033663
1750711258.933517 37369026.193589 2971252.137829 5333201.788776 -0.025884 -0.988971 -0.141892 0.033663
1750711258.938517 37369026.193589 2971252.137829 5333201.788776 -0.025884 -0.988971 -0.141892 0.033663
1750711258.943518 37369026.193589 2971252.137829 5333201.788776 -0.025884 -0.988971 -0.141892 0.033663
1750711258.948518 37369026.193589 2971252.137829 5333201.788776 -0.025884 -0.988971 -0.141892 0.033663
1750711258.953518 37369026.193589 2971252.137829 5333201.788776 -0.025884 -0.988971 -0.141892 0.033663
1750711258.958519 37369026.193589 2971252.137829 5333201.788776 -0.025884 -0.988971 -0.141892 0.033663
1750711258.963518 37369026.193589 2971252.137829 5333201.788776 -0.025884 -0.988971 -0.141892 0.033663
1750711258.968519 37369026.191521 2971252.131937 5333201.773096 -0.025545 -0.989273 -0.141827 0.023886
1750711258.973519 37369026.191521 2971252.131937 5333201.773096 -0.025545 -0.989273 -0.141827 0.023886
1750711258.978519 37369026.191521 2971252.131937 5333201.773096 -0.025545 -0.989273 -0.141827 0.023886
1750711258.983519 37369026.191521 2971252.131937 5333201.773096 -0.025545 -0.989273 -0.141827 0.023886
1750711258.988519 37369026.191521 2971252.131937 5333201.773096 -0.025545 -0.989273 -0.141827 0.023886
1750711258.993519 37369026.191521 2971252.131937 5333201.773096 -0.025545 -0.989273 -0.141827 0.023886
1750711258.998520 37369026.191521 2971252.131937 5333201.773096 -0.025545 -0.989273 -0.141827 0.023886
1750711259.003520 37369026.189742 2971252.130432 5333201.763634 -0.024922 -0.989428 -0.141483 0.019843
1750711259.008520 37369026.189742 2971252.130432 5333201.763634 -0.024922 -0.989428 -0.141483 0.019843
1750711259.013520 37369026.189742 2971252.130432 5333201.763634 -0.024922 -0.989428 -0.141483 0.019843
1750711259.018520 37369026.189742 2971252.130432 5333201.763634 -0.024922 -0.989428 -0.141483 0.019843
1750711259.023521 37369026.189742 2971252.130432 5333201.763634 -0.024922 -0.989428 -0.141483 0.019843
1750711259.028520 37369026.189742 2971252.130432 5333201.763634 -0.024922 -0.989428 -0.141483 0.019843
1750711259.033521 37369026.189742 2971252.130432 5333201.763634 -0.024922 -0.989428 -0.141483 0.019843
1750711259.038522 37369026.189742 2971252.130432 5333201.763634 -0.024922 -0.989428 -0.141483 0.019843
1750711259.043521 37369026.189742 2971252.130432 5333201.763634 -0.024922 -0.989428 -0.141483 0.019843
1750711259.048522 37369026.189742 2971252.130432 5333201.763634 -0.024922 -0.989428 -0.141483 0.019843
1750711259.053521 37369026.189742 2971252.130432 5333201.763634 -0.024922 -0.989428 -0.141483 0.019843
1750711259.058522 37369026.189742 2971252.130432 5333201.763634 -0.024922 -0.989428 -0.141483 0.019843
1750711259.063522 37369026.189742 2971252.130432 5333201.763634 -0.024922 -0.989428 -0.141483 0.019843
1750711259.068522 37369026.188872 2971252.128184 5333201.743030 -0.022765 -0.989860 -0.139458 0.014500
1750711259.073522 37369026.188872 2971252.128184 5333201.743030 -0.022765 -0.989860 -0.139458 0.014500
1750711259.078522 37369026.188872 2971252.128184 5333201.743030 -0.022765 -0.989860 -0.139458 0.014500
1750711259.083523 37369026.188872 2971252.128184 5333201.743030 -0.022765 -0.989860 -0.139458 0.014500
1750711259.088523 37369026.188872 2971252.128184 5333201.743030 -0.022765 -0.989860 -0.139458 0.014500
1750711259.093523 37369026.188872 2971252.128184 5333201.743030 -0.022765 -0.989860 -0.139458 0.014500
1750711259.098523 37369026.188872 2971252.128184 5333201.743030 -0.022765 -0.989860 -0.139458 0.014500
1750711259.103523 37369026.188872 2971252.128184 5333201.743030 -0.022765 -0.989860 -0.139458 0.014500
1750711259.108523 37369026.188872 2971252.128184 5333201.743030 -0.022765 -0.989860 -0.139458 0.014500
1750711259.113524 37369026.188872 2971252.128184 5333201.743030 -0.022765 -0.989860 -0.139458 0.014500
1750711259.118524 37369026.188872 2971252.128184 5333201.743030 -0.022765 -0.989860 -0.139458 0.014500
1750711259.123524 37369026.188872 2971252.128184 5333201.743030 -0.022765 -0.989860 -0.139458 0.014500
1750711259.128524 37369026.188872 2971252.128184 5333201.743030 -0.022765 -0.989860 -0.139458 0.014500
1750711259.133524 37369026.191453 2971252.126757 5333201.721104 -0.020100 -0.990483 -0.135688 0.011286
1750711259.138525 37369026.191453 2971252.126757 5333201.721104 -0.020100 -0.990483 -0.135688 0.011286
1750711259.143524 37369026.191453 2971252.126757 5333201.721104 -0.020100 -0.990483 -0.135688 0.011286
1750711259.148525 37369026.191453 2971252.126757 5333201.721104 -0.020100 -0.990483 -0.135688 0.011286
1750711259.153524 37369026.191453 2971252.126757 5333201.721104 -0.020100 -0.990483 -0.135688 0.011286
1750711259.158525 37369026.191453 2971252.126757 5333201.721104 -0.020100 -0.990483 -0.135688 0.011286
1750711259.163526 37369026.191453 2971252.126757 5333201.721104 -0.020100 -0.990483 -0.135688 0.011286
1750711259.168525 37369026.191453 2971252.126757 5333201.721104 -0.020100 -0.990483 -0.135688 0.011286
1750711259.173526 37369026.191453 2971252.126757 5333201.721104 -0.020100 -0.990483 -0.135688 0.011286
1750711259.178525 37369026.191453 2971252.126757 5333201.721104 -0.020100 -0.990483 -0.135688 0.011286
1750711259.183526 37369026.191453 2971252.126757 5333201.721104 -0.020100 -0.990483 -0.135688 0.011286
1750711259.188525 37369026.191453 2971252.126757 5333201.721104 -0.020100 -0.990483 -0.135688 0.011286
1750711259.193526 37369026.191453 2971252.126757 5333201.721104 -0.020100 -0.990483 -0.135688 0.011286
1750711259.198526 37369026.191453 2971252.126757 5333201.721104 -0.020100 -0.990483 -0.135688 0.011286
1750711259.203526 37369026.196127 2971252.127657 5333201.698539 -0.019200 -0.991228 -0.130425 0.009389
1750711259.208527 37369026.196127 2971252.127657 5333201.698539 -0.019200 -0.991228 -0.130425 0.009389
1750711259.213526 37369026.196127 2971252.127657 5333201.698539 -0.019200 -0.991228 -0.130425 0.009389
1750711259.218527 37369026.196127 2971252.127657 5333201.698539 -0.019200 -0.991228 -0.130425 0.009389
1750711259.223526 37369026.196127 2971252.127657 5333201.698539 -0.019200 -0.991228 -0.130425 0.009389
1750711259.228527 37369026.196127 2971252.127657 5333201.698539 -0.019200 -0.991228 -0.130425 0.009389
1750711259.233526 37369026.196127 2971252.127657 5333201.698539 -0.019200 -0.991228 -0.130425 0.009389
1750711259.238527 37369026.196127 2971252.127657 5333201.698539 -0.019200 -0.991228 -0.130425 0.009389
1750711259.243528 37369026.196127 2971252.127657 5333201.698539 -0.019200 -0.991228 -0.130425 0.009389
1750711259.248527 37369026.196127 2971252.127657 5333201.698539 -0.019200 -0.991228 -0.130425 0.009389
1750711259.253528 37369026.196127 2971252.127657 5333201.698539 -0.019200 -0.991228 -0.130425 0.009389
1750711259.258527 37369026.196127 2971252.127657 5333201.698539 -0.019200 -0.991228 -0.130425 0.009389
1750711259.263528 37369026.196127 2971252.127657 5333201.698539 -0.019200 -0.991228 -0.130425 0.009389
1750711259.268528 37369026.203589 2971252.126430 5333201.676253 -0.021308 -0.991749 -0.126043 0.009671
1750711259.273528 37369026.203589 2971252.126430 5333201.676253 -0.021308 -0.991749 -0.126043 0.009671
1750711259.278527 37369026.203589 2971252.126430 5333201.676253 -0.021308 -0.991749 -0.126043 0.009671
1750711259.283528 37369026.203589 2971252.126430 5333201.676253 -0.021308 -0.991749 -0.126043 0.009671
1750711259.288529 37369026.203589 2971252.126430 5333201.676253 -0.021308 -0.991749 -0.126043 0.009671
1750711259.293528 37369026.203589 2971252.126430 5333201.676253 -0.021308 -0.991749 -0.126043 0.009671
1750711259.298529 37369026.203589 2971252.126430 5333201.676253 -0.021308 -0.991749 -0.126043 0.009671
1750711259.303529 37369026.203589 2971252.126430 5333201.676253 -0.021308 -0.991749 -0.126043 0.009671
1750711259.308529 37369026.203589 2971252.126430 5333201.676253 -0.021308 -0.991749 -0.126043 0.009671
1750711259.313529 37369026.203589 2971252.126430 5333201.676253 -0.021308 -0.991749 -0.126043 0.009671
1750711259.318529 37369026.203589 2971252.126430 5333201.676253 -0.021308 -0.991749 -0.126043 0.009671
1750711259.323529 37369026.203589 2971252.126430 5333201.676253 -0.021308 -0.991749 -0.126043 0.009671
1750711259.328529 37369026.203589 2971252.126430 5333201.676253 -0.021308 -0.991749 -0.126043 0.009671
1750711259.333530 37369026.214130 2971252.125286 5333201.654047 -0.024135 -0.992116 -0.122478 0.011045
1750711259.338529 37369026.214130 2971252.125286 5333201.654047 -0.024135 -0.992116 -0.122478 0.011045
1750711259.343530 37369026.214130 2971252.125286 5333201.654047 -0.024135 -0.992116 -0.122478 0.011045
1750711259.348529 37369026.214130 2971252.125286 5333201.654047 -0.024135 -0.992116 -0.122478 0.011045
1750711259.353530 37369026.214130 2971252.125286 5333201.654047 -0.024135 -0.992116 -0.122478 0.011045
1750711259.358530 37369026.214130 2971252.125286 5333201.654047 -0.024135 -0.992116 -0.122478 0.011045
1750711259.363530 37369026.214130 2971252.125286 5333201.654047 -0.024135 -0.992116 -0.122478 0.011045
1750711259.368530 37369026.220798 2971252.123783 5333201.642329 -0.026084 -0.992260 -0.120853 0.011580
1750711259.373530 37369026.220798 2971252.123783 5333201.642329 -0.026084 -0.992260 -0.120853 0.011580
1750711259.378531 37369026.220798 2971252.123783 5333201.642329 -0.026084 -0.992260 -0.120853 0.011580
1750711259.383530 37369026.220798 2971252.123783 5333201.642329 -0.026084 -0.992260 -0.120853 0.011580
1750711259.388530 37369026.220798 2971252.123783 5333201.642329 -0.026084 -0.992260 -0.120853 0.011580
1750711259.393530 37369026.220798 2971252.123783 5333201.642329 -0.026084 -0.992260 -0.120853 0.011580
1750711259.398530 37369026.220798 2971252.123783 5333201.642329 -0.026084 -0.992260 -0.120853 0.011580
1750711259.403530 37369026.226594 2971252.121530 5333201.630227 -0.027430 -0.992519 -0.118355 0.012039
1750711259.408530 37369026.226594 2971252.121530 5333201.630227 -0.027430 -0.992519 -0.118355 0.012039
1750711259.413531 37369026.226594 2971252.121530 5333201.630227 -0.027430 -0.992519 -0.118355 0.012039
1750711259.418530 37369026.226594 2971252.121530 5333201.630227 -0.027430 -0.992519 -0.118355 0.012039
1750711259.423531 37369026.226594 2971252.121530 5333201.630227 -0.027430 -0.992519 -0.118355 0.012039
1750711259.428531 37369026.226594 2971252.121530 5333201.630227 -0.027430 -0.992519 -0.118355 0.012039
1750711259.433531 37369026.226594 2971252.121530 5333201.630227 -0.027430 -0.992519 -0.118355 0.012039
1750711259.438532 37369026.226594 2971252.121530 5333201.630227 -0.027430 -0.992519 -0.118355 0.012039
1750711259.443531 37369026.226594 2971252.121530 5333201.630227 -0.027430 -0.992519 -0.118355 0.012039
1750711259.448532 37369026.226594 2971252.121530 5333201.630227 -0.027430 -0.992519 -0.118355 0.012039
1750711259.453531 37369026.226594 2971252.121530 5333201.630227 -0.027430 -0.992519 -0.118355 0.012039
1750711259.458532 37369026.226594 2971252.121530 5333201.630227 -0.027430 -0.992519 -0.118355 0.012039
1750711259.463531 37369026.226594 2971252.121530 5333201.630227 -0.027430 -0.992519 -0.118355 0.012039
1750711259.468532 37369026.235852 2971252.115108 5333201.605996 -0.030756 -0.992749 -0.115414 0.013509
1750711259.473531 37369026.235852 2971252.115108 5333201.605996 -0.030756 -0.992749 -0.115414 0.013509
1750711259.478532 37369026.235852 2971252.115108 5333201.605996 -0.030756 -0.992749 -0.115414 0.013509
1750711259.483532 37369026.235852 2971252.115108 5333201.605996 -0.030756 -0.992749 -0.115414 0.013509
1750711259.488532 37369026.235852 2971252.115108 5333201.605996 -0.030756 -0.992749 -0.115414 0.013509
1750711259.493533 37369026.235852 2971252.115108 5333201.605996 -0.030756 -0.992749 -0.115414 0.013509
1750711259.498533 37369026.235852 2971252.115108 5333201.605996 -0.030756 -0.992749 -0.115414 0.013509
1750711259.503534 37369026.241876 2971252.111118 5333201.592594 -0.032146 -0.992941 -0.113307 0.013978
1750711259.508533 37369026.241876 2971252.111118 5333201.592594 -0.032146 -0.992941 -0.113307 0.013978
1750711259.513534 37369026.241876 2971252.111118 5333201.592594 -0.032146 -0.992941 -0.113307 0.013978
1750711259.518534 37369026.241876 2971252.111118 5333201.592594 -0.032146 -0.992941 -0.113307 0.013978
1750711259.523534 37369026.241876 2971252.111118 5333201.592594 -0.032146 -0.992941 -0.113307 0.013978
1750711259.528535 37369026.241876 2971252.111118 5333201.592594 -0.032146 -0.992941 -0.113307 0.013978
1750711259.533535 37369026.241876 2971252.111118 5333201.592594 -0.032146 -0.992941 -0.113307 0.013978
1750711259.538536 37369026.241876 2971252.111118 5333201.592594 -0.032146 -0.992941 -0.113307 0.013978
1750711259.543535 37369026.241876 2971252.111118 5333201.592594 -0.032146 -0.992941 -0.113307 0.013978
1750711259.548536 37369026.241876 2971252.111118 5333201.592594 -0.032146 -0.992941 -0.113307 0.013978
1750711259.553537 37369026.241876 2971252.111118 5333201.592594 -0.032146 -0.992941 -0.113307 0.013978
1750711259.558537 37369026.241876 2971252.111118 5333201.592594 -0.032146 -0.992941 -0.113307 0.013978
1750711259.563537 37369026.241876 2971252.111118 5333201.592594 -0.032146 -0.992941 -0.113307 0.013978
1750711259.566832 37369026.254355 2971252.104859 5333201.564597 -0.033431 -0.993110 -0.111349 0.014669
1750711259.568537 37369026.254355 2971252.104859 5333201.564597 -0.033431 -0.993110 -0.111349 0.014669
1750711259.573538 37369026.254355 2971252.104859 5333201.564597 -0.033431 -0.993110 -0.111349 0.014669
1750711259.578537 37369026.254355 2971252.104859 5333201.564597 -0.033431 -0.993110 -0.111349 0.014669
1750711259.583539 37369026.254355 2971252.104859 5333201.564597 -0.033431 -0.993110 -0.111349 0.014669
1750711259.588538 37369026.254355 2971252.104859 5333201.564597 -0.033431 -0.993110 -0.111349 0.014669
1750711259.593539 37369026.254355 2971252.104859 5333201.564597 -0.033431 -0.993110 -0.111349 0.014669
1750711259.598539 37369026.254355 2971252.104859 5333201.564597 -0.033431 -0.993110 -0.111349 0.014669
1750711259.603539 37369026.259651 2971252.102192 5333201.550939 -0.033999 -0.993164 -0.110685 0.014785
1750711259.608540 37369026.259651 2971252.102192 5333201.550939 -0.033999 -0.993164 -0.110685 0.014785
1750711259.613540 37369026.259651 2971252.102192 5333201.550939 -0.033999 -0.993164 -0.110685 0.014785
1750711259.618540 37369026.259651 2971252.102192 5333201.550939 -0.033999 -0.993164 -0.110685 0.014785
1750711259.623540 37369026.259651 2971252.102192 5333201.550939 -0.033999 -0.993164 -0.110685 0.014785
1750711259.628541 37369026.259651 2971252.102192 5333201.550939 -0.033999 -0.993164 -0.110685 0.014785
1750711259.633541 37369026.259651 2971252.102192 5333201.550939 -0.033999 -0.993164 -0.110685 0.014785
1750711259.638541 37369026.259651 2971252.102192 5333201.550939 -0.033999 -0.993164 -0.110685 0.014785
1750711259.643542 37369026.259651 2971252.102192 5333201.550939 -0.033999 -0.993164 -0.110685 0.014785
1750711259.648541 37369026.259651 2971252.102192 5333201.550939 -0.033999 -0.993164 -0.110685 0.014785
1750711259.653542 37369026.259651 2971252.102192 5333201.550939 -0.033999 -0.993164 -0.110685 0.014785
1750711259.658542 37369026.259651 2971252.102192 5333201.550939 -0.033999 -0.993164 -0.110685 0.014785
1750711259.663543 37369026.259651 2971252.102192 5333201.550939 -0.033999 -0.993164 -0.110685 0.014785
1750711259.668543 37369026.270562 2971252.097393 5333201.524808 -0.034671 -0.993310 -0.109300 0.013653
1750711259.673543 37369026.270562 2971252.097393 5333201.524808 -0.034671 -0.993310 -0.109300 0.013653
1750711259.678544 37369026.270562 2971252.097393 5333201.524808 -0.034671 -0.993310 -0.109300 0.013653
1750711259.683543 37369026.270562 2971252.097393 5333201.524808 -0.034671 -0.993310 -0.109300 0.013653
1750711259.688544 37369026.270562 2971252.097393 5333201.524808 -0.034671 -0.993310 -0.109300 0.013653
1750711259.693544 37369026.270562 2971252.097393 5333201.524808 -0.034671 -0.993310 -0.109300 0.013653
1750711259.698545 37369026.270562 2971252.097393 5333201.524808 -0.034671 -0.993310 -0.109300 0.013653
1750711259.703544 37369026.270562 2971252.097393 5333201.524808 -0.034671 -0.993310 -0.109300 0.013653
1750711259.708545 37369026.270562 2971252.097393 5333201.524808 -0.034671 -0.993310 -0.109300 0.013653
1750711259.713546 37369026.270562 2971252.097393 5333201.524808 -0.034671 -0.993310 -0.109300 0.013653
1750711259.718545 37369026.270562 2971252.097393 5333201.524808 -0.034671 -0.993310 -0.109300 0.013653
1750711259.723546 37369026.270562 2971252.097393 5333201.524808 -0.034671 -0.993310 -0.109300 0.013653
1750711259.728545 37369026.270562 2971252.097393 5333201.524808 -0.034671 -0.993310 -0.109300 0.013653
1750711259.733546 37369026.281373 2971252.096543 5333201.499369 -0.034992 -0.993305 -0.109596 0.010401
1750711259.738546 37369026.281373 2971252.096543 5333201.499369 -0.034992 -0.993305 -0.109596 0.010401
1750711259.743547 37369026.281373 2971252.096543 5333201.499369 -0.034992 -0.993305 -0.109596 0.010401
1750711259.748547 37369026.281373 2971252.096543 5333201.499369 -0.034992 -0.993305 -0.109596 0.010401
1750711259.753547 37369026.281373 2971252.096543 5333201.499369 -0.034992 -0.993305 -0.109596 0.010401
1750711259.758548 37369026.281373 2971252.096543 5333201.499369 -0.034992 -0.993305 -0.109596 0.010401
1750711259.763547 37369026.281373 2971252.096543 5333201.499369 -0.034992 -0.993305 -0.109596 0.010401
1750711259.768548 37369026.284689 2971252.094211 5333201.488506 -0.034976 -0.993334 -0.109597 0.007287
1750711259.773548 37369026.284689 2971252.094211 5333201.488506 -0.034976 -0.993334 -0.109597 0.007287
1750711259.778548 37369026.284689 2971252.094211 5333201.488506 -0.034976 -0.993334 -0.109597 0.007287
1750711259.783549 37369026.284689 2971252.094211 5333201.488506 -0.034976 -0.993334 -0.109597 0.007287
1750711259.788549 37369026.284689 2971252.094211 5333201.488506 -0.034976 -0.993334 -0.109597 0.007287
1750711259.793550 37369026.284689 2971252.094211 5333201.488506 -0.034976 -0.993334 -0.109597 0.007287
1750711259.798549 37369026.284689 2971252.094211 5333201.488506 -0.034976 -0.993334 -0.109597 0.007287
1750711259.803550 37369026.284689 2971252.094211 5333201.488506 -0.034976 -0.993334 -0.109597 0.007287
1750711259.808551 37369026.284689 2971252.094211 5333201.488506 -0.034976 -0.993334 -0.109597 0.007287
1750711259.813550 37369026.284689 2971252.094211 5333201.488506 -0.034976 -0.993334 -0.109597 0.007287
1750711259.818550 37369026.284689 2971252.094211 5333201.488506 -0.034976 -0.993334 -0.109597 0.007287
1750711259.823550 37369026.284689 2971252.094211 5333201.488506 -0.034976 -0.993334 -0.109597 0.007287
1750711259.828551 37369026.284689 2971252.094211 5333201.488506 -0.034976 -0.993334 -0.109597 0.007287
1750711259.833551 37369026.288860 2971252.090572 5333201.470084 -0.032787 -0.993376 -0.110127 0.000989
1750711259.838552 37369026.288860 2971252.090572 5333201.470084 -0.032787 -0.993376 -0.110127 0.000989
1750711259.843551 37369026.288860 2971252.090572 5333201.470084 -0.032787 -0.993376 -0.110127 0.000989
1750711259.848552 37369026.288860 2971252.090572 5333201.470084 -0.032787 -0.993376 -0.110127 0.000989
1750711259.853552 37369026.288860 2971252.090572 5333201.470084 -0.032787 -0.993376 -0.110127 0.000989
1750711259.858552 37369026.288860 2971252.090572 5333201.470084 -0.032787 -0.993376 -0.110127 0.000989
1750711259.863553 37369026.288860 2971252.090572 5333201.470084 -0.032787 -0.993376 -0.110127 0.000989
1750711259.868552 37369026.290692 2971252.088656 5333201.460432 -0.031837 -0.993420 -0.109998 -0.001980
1750711259.873553 37369026.290692 2971252.088656 5333201.460432 -0.031837 -0.993420 -0.109998 -0.001980
1750711259.878553 37369026.290692 2971252.088656 5333201.460432 -0.031837 -0.993420 -0.109998 -0.001980
1750711259.883554 37369026.290692 2971252.088656 5333201.460432 -0.031837 -0.993420 -0.109998 -0.001980
1750711259.888553 37369026.290692 2971252.088656 5333201.460432 -0.031837 -0.993420 -0.109998 -0.001980
1750711259.893554 37369026.290692 2971252.088656 5333201.460432 -0.031837 -0.993420 -0.109998 -0.001980
1750711259.898554 37369026.290692 2971252.088656 5333201.460432 -0.031837 -0.993420 -0.109998 -0.001980
1750711259.903554 37369026.292607 2971252.086460 5333201.451429 -0.030731 -0.993458 -0.109880 -0.004784
1750711259.908555 37369026.292607 2971252.086460 5333201.451429 -0.030731 -0.993458 -0.109880 -0.004784
1750711259.913554 37369026.292607 2971252.086460 5333201.451429 -0.030731 -0.993458 -0.109880 -0.004784
1750711259.918555 37369026.292607 2971252.086460 5333201.451429 -0.030731 -0.993458 -0.109880 -0.004784
1750711259.923556 37369026.292607 2971252.086460 5333201.451429 -0.030731 -0.993458 -0.109880 -0.004784
1750711259.928555 37369026.292607 2971252.086460 5333201.451429 -0.030731 -0.993458 -0.109880 -0.004784
1750711259.933555 37369026.292607 2971252.086460 5333201.451429 -0.030731 -0.993458 -0.109880 -0.004784
1750711259.938555 37369026.292607 2971252.086460 5333201.451429 -0.030731 -0.993458 -0.109880 -0.004784
1750711259.943556 37369026.292607 2971252.086460 5333201.451429 -0.030731 -0.993458 -0.109880 -0.004784
1750711259.948556 37369026.292607 2971252.086460 5333201.451429 -0.030731 -0.993458 -0.109880 -0.004784
1750711259.953557 37369026.292607 2971252.086460 5333201.451429 -0.030731 -0.993458 -0.109880 -0.004784
1750711259.958556 37369026.292607 2971252.086460 5333201.451429 -0.030731 -0.993458 -0.109880 -0.004784
1750711259.963557 37369026.292607 2971252.086460 5333201.451429 -0.030731 -0.993458 -0.109880 -0.004784
1750711259.968557 37369026.297653 2971252.081994 5333201.434666 -0.030256 -0.993322 -0.110698 -0.011885
1750711259.973557 37369026.297653 2971252.081994 5333201.434666 -0.030256 -0.993322 -0.110698 -0.011885
1750711259.978557 37369026.297653 2971252.081994 5333201.434666 -0.030256 -0.993322 -0.110698 -0.011885
1750711259.983557 37369026.297653 2971252.081994 5333201.434666 -0.030256 -0.993322 -0.110698 -0.011885
1750711259.988558 37369026.297653 2971252.081994 5333201.434666 -0.030256 -0.993322 -0.110698 -0.011885
1750711259.993557 37369026.297653 2971252.081994 5333201.434666 -0.030256 -0.993322 -0.110698 -0.011885
1750711259.998558 37369026.297653 2971252.081994 5333201.434666 -0.030256 -0.993322 -0.110698 -0.011885
1750711260.003558 37369026.297653 2971252.081994 5333201.434666 -0.030256 -0.993322 -0.110698 -0.011885
1750711260.008558 37369026.297653 2971252.081994 5333201.434666 -0.030256 -0.993322 -0.110698 -0.011885
1750711260.013559 37369026.297653 2971252.081994 5333201.434666 -0.030256 -0.993322 -0.110698 -0.011885
1750711260.018559 37369026.297653 2971252.081994 5333201.434666 -0.030256 -0.993322 -0.110698 -0.011885
1750711260.023559 37369026.297653 2971252.081994 5333201.434666 -0.030256 -0.993322 -0.110698 -0.011885
1750711260.028559 37369026.297653 2971252.081994 5333201.434666 -0.030256 -0.993322 -0.110698 -0.011885
1750711260.033560 37369026.303518 2971252.080170 5333201.416708 -0.030518 -0.993069 -0.111286 -0.022302
1750711260.038559 37369026.303518 2971252.080170 5333201.416708 -0.030518 -0.993069 -0.111286 -0.022302
1750711260.043560 37369026.303518 2971252.080170 5333201.416708 -0.030518 -0.993069 -0.111286 -0.022302
1750711260.048559 37369026.303518 2971252.080170 5333201.416708 -0.030518 -0.993069 -0.111286 -0.022302
1750711260.053560 37369026.303518 2971252.080170 5333201.416708 -0.030518 -0.993069 -0.111286 -0.022302
1750711260.058561 37369026.303518 2971252.080170 5333201.416708 -0.030518 -0.993069 -0.111286 -0.022302
1750711260.063560 37369026.303518 2971252.080170 5333201.416708 -0.030518 -0.993069 -0.111286 -0.022302
1750711260.068561 37369026.303518 2971252.080170 5333201.416708 -0.030518 -0.993069 -0.111286 -0.022302
1750711260.073560 37369026.303518 2971252.080170 5333201.416708 -0.030518 -0.993069 -0.111286 -0.022302
1750711260.078561 37369026.303518 2971252.080170 5333201.416708 -0.030518 -0.993069 -0.111286 -0.022302
1750711260.083561 37369026.303518 2971252.080170 5333201.416708 -0.030518 -0.993069 -0.111286 -0.022302
1750711260.088561 37369026.303518 2971252.080170 5333201.416708 -0.030518 -0.993069 -0.111286 -0.022302
1750711260.093562 37369026.303518 2971252.080170 5333201.416708 -0.030518 -0.993069 -0.111286 -0.022302
1750711260.098562 37369026.303518 2971252.080170 5333201.416708 -0.030518 -0.993069 -0.111286 -0.022302
1750711260.103562 37369026.308132 2971252.077502 5333201.399907 -0.029594 -0.992810 -0.110877 -0.034034
1750711260.108562 37369026.308132 2971252.077502 5333201.399907 -0.029594 -0.992810 -0.110877 -0.034034
1750711260.113562 37369026.308132 2971252.077502 5333201.399907 -0.029594 -0.992810 -0.110877 -0.034034
1750711260.118562 37369026.308132 2971252.077502 5333201.399907 -0.029594 -0.992810 -0.110877 -0.034034
1750711260.123563 37369026.308132 2971252.077502 5333201.399907 -0.029594 -0.992810 -0.110877 -0.034034
1750711260.128562 37369026.308132 2971252.077502 5333201.399907 -0.029594 -0.992810 -0.110877 -0.034034
1750711260.133563 37369026.308801 2971252.075983 5333201.390587 -0.028262 -0.992686 -0.110319 -0.040068
1750711260.138563 37369026.308801 2971252.075983 5333201.390587 -0.028262 -0.992686 -0.110319 -0.040068
1750711260.143563 37369026.308801 2971252.075983 5333201.390587 -0.028262 -0.992686 -0.110319 -0.040068
1750711260.148563 37369026.308801 2971252.075983 5333201.390587 -0.028262 -0.992686 -0.110319 -0.040068
1750711260.153563 37369026.308801 2971252.075983 5333201.390587 -0.028262 -0.992686 -0.110319 -0.040068
1750711260.158564 37369026.308801 2971252.075983 5333201.390587 -0.028262 -0.992686 -0.110319 -0.040068
1750711260.163563 37369026.308801 2971252.075983 5333201.390587 -0.028262 -0.992686 -0.110319 -0.040068
1750711260.168564 37369026.308801 2971252.075983 5333201.390587 -0.028262 -0.992686 -0.110319 -0.040068
1750711260.173563 37369026.308801 2971252.075983 5333201.390587 -0.028262 -0.992686 -0.110319 -0.040068
1750711260.178564 37369026.308801 2971252.075983 5333201.390587 -0.028262 -0.992686 -0.110319 -0.040068
1750711260.183565 37369026.308801 2971252.075983 5333201.390587 -0.028262 -0.992686 -0.110319 -0.040068
1750711260.188564 37369026.308801 2971252.075983 5333201.390587 -0.028262 -0.992686 -0.110319 -0.040068
1750711260.193565 37369026.308801 2971252.075983 5333201.390587 -0.028262 -0.992686 -0.110319 -0.040068
1750711260.198564 37369026.308801 2971252.075983 5333201.390587 -0.028262 -0.992686 -0.110319 -0.040068
1750711260.203565 37369026.309909 2971252.074767 5333201.371792 -0.024874 -0.992396 -0.109000 -0.051474
1750711260.208565 37369026.309909 2971252.074767 5333201.371792 -0.024874 -0.992396 -0.109000 -0.051474
1750711260.213565 37369026.309909 2971252.074767 5333201.371792 -0.024874 -0.992396 -0.109000 -0.051474
1750711260.218566 37369026.309909 2971252.074767 5333201.371792 -0.024874 -0.992396 -0.109000 -0.051474
1750711260.223565 37369026.309909 2971252.074767 5333201.371792 -0.024874 -0.992396 -0.109000 -0.051474
1750711260.228566 37369026.309909 2971252.074767 5333201.371792 -0.024874 -0.992396 -0.109000 -0.051474
1750711260.233565 37369026.309908 2971252.072894 5333201.362027 -0.023340 -0.992218 -0.108105 -0.057196
1750711260.238566 37369026.309908 2971252.072894 5333201.362027 -0.023340 -0.992218 -0.108105 -0.057196
1750711260.243565 37369026.309908 2971252.072894 5333201.362027 -0.023340 -0.992218 -0.108105 -0.057196
1750711260.248566 37369026.309908 2971252.072894 5333201.362027 -0.023340 -0.992218 -0.108105 -0.057196
1750711260.253567 37369026.309908 2971252.072894 5333201.362027 -0.023340 -0.992218 -0.108105 -0.057196
1750711260.258566 37369026.309908 2971252.072894 5333201.362027 -0.023340 -0.992218 -0.108105 -0.057196
1750711260.263566 37369026.309908 2971252.072894 5333201.362027 -0.023340 -0.992218 -0.108105 -0.057196
1750711260.268567 37369026.309908 2971252.072894 5333201.362027 -0.023340 -0.992218 -0.108105 -0.057196
1750711260.273567 37369026.309908 2971252.072894 5333201.362027 -0.023340 -0.992218 -0.108105 -0.057196
1750711260.278566 37369026.309908 2971252.072894 5333201.362027 -0.023340 -0.992218 -0.108105 -0.057196
1750711260.283567 37369026.309908 2971252.072894 5333201.362027 -0.023340 -0.992218 -0.108105 -0.057196
1750711260.288567 37369026.309908 2971252.072894 5333201.362027 -0.023340 -0.992218 -0.108105 -0.057196
1750711260.293567 37369026.309908 2971252.072894 5333201.362027 -0.023340 -0.992218 -0.108105 -0.057196
1750711260.298568 37369026.309908 2971252.072894 5333201.362027 -0.023340 -0.992218 -0.108105 -0.057196
1750711260.303567 37369026.312382 2971252.068885 5333201.341892 -0.021960 -0.991585 -0.107296 -0.069020
1750711260.308568 37369026.312382 2971252.068885 5333201.341892 -0.021960 -0.991585 -0.107296 -0.069020
1750711260.313567 37369026.312382 2971252.068885 5333201.341892 -0.021960 -0.991585 -0.107296 -0.069020
1750711260.318568 37369026.312382 2971252.068885 5333201.341892 -0.021960 -0.991585 -0.107296 -0.069020
1750711260.323568 37369026.312382 2971252.068885 5333201.341892 -0.021960 -0.991585 -0.107296 -0.069020
1750711260.328568 37369026.312382 2971252.068885 5333201.341892 -0.021960 -0.991585 -0.107296 -0.069020
1750711260.333569 37369026.312382 2971252.068885 5333201.341892 -0.021960 -0.991585 -0.107296 -0.069020
1750711260.338568 37369026.312382 2971252.068885 5333201.341892 -0.021960 -0.991585 -0.107296 -0.069020
1750711260.343569 37369026.312382 2971252.068885 5333201.341892 -0.021960 -0.991585 -0.107296 -0.069020
1750711260.348568 37369026.312382 2971252.068885 5333201.341892 -0.021960 -0.991585 -0.107296 -0.069020
1750711260.353569 37369026.312382 2971252.068885 5333201.341892 -0.021960 -0.991585 -0.107296 -0.069020
1750711260.358568 37369026.312382 2971252.068885 5333201.341892 -0.021960 -0.991585 -0.107296 -0.069020
1750711260.363569 37369026.312382 2971252.068885 5333201.341892 -0.021960 -0.991585 -0.107296 -0.069020
1750711260.368569 37369026.314249 2971252.065001 5333201.320130 -0.021507 -0.990400 -0.107056 -0.084762
1750711260.373569 37369026.314249 2971252.065001 5333201.320130 -0.021507 -0.990400 -0.107056 -0.084762
1750711260.378569 37369026.314249 2971252.065001 5333201.320130 -0.021507 -0.990400 -0.107056 -0.084762
1750711260.383569 37369026.314249 2971252.065001 5333201.320130 -0.021507 -0.990400 -0.107056 -0.084762
1750711260.388570 37369026.314249 2971252.065001 5333201.320130 -0.021507 -0.990400 -0.107056 -0.084762
1750711260.393569 37369026.314249 2971252.065001 5333201.320130 -0.021507 -0.990400 -0.107056 -0.084762
1750711260.398570 37369026.314249 2971252.065001 5333201.320130 -0.021507 -0.990400 -0.107056 -0.084762
1750711260.403570 37369026.314249 2971252.065001 5333201.320130 -0.021507 -0.990400 -0.107056 -0.084762
1750711260.408570 37369026.314249 2971252.065001 5333201.320130 -0.021507 -0.990400 -0.107056 -0.084762
1750711260.413570 37369026.314249 2971252.065001 5333201.320130 -0.021507 -0.990400 -0.107056 -0.084762
1750711260.418570 37369026.314249 2971252.065001 5333201.320130 -0.021507 -0.990400 -0.107056 -0.084762
1750711260.423570 37369026.314249 2971252.065001 5333201.320130 -0.021507 -0.990400 -0.107056 -0.084762
1750711260.428570 37369026.314249 2971252.065001 5333201.320130 -0.021507 -0.990400 -0.107056 -0.084762
1750711260.433570 37369026.315360 2971252.062733 5333201.296105 -0.020413 -0.988902 -0.106071 -0.102006
1750711260.438570 37369026.315360 2971252.062733 5333201.296105 -0.020413 -0.988902 -0.106071 -0.102006
1750711260.443570 37369026.315360 2971252.062733 5333201.296105 -0.020413 -0.988902 -0.106071 -0.102006
1750711260.448571 37369026.315360 2971252.062733 5333201.296105 -0.020413 -0.988902 -0.106071 -0.102006
1750711260.453571 37369026.315360 2971252.062733 5333201.296105 -0.020413 -0.988902 -0.106071 -0.102006
1750711260.458571 37369026.315360 2971252.062733 5333201.296105 -0.020413 -0.988902 -0.106071 -0.102006
1750711260.463570 37369026.315360 2971252.062733 5333201.296105 -0.020413 -0.988902 -0.106071 -0.102006
1750711260.468571 37369026.315698 2971252.063143 5333201.282302 -0.019296 -0.988069 -0.105648 -0.110391
1750711260.473571 37369026.315698 2971252.063143 5333201.282302 -0.019296 -0.988069 -0.105648 -0.110391
1750711260.478571 37369026.315698 2971252.063143 5333201.282302 -0.019296 -0.988069 -0.105648 -0.110391
1750711260.483572 37369026.315698 2971252.063143 5333201.282302 -0.019296 -0.988069 -0.105648 -0.110391
1750711260.488572 37369026.315698 2971252.063143 5333201.282302 -0.019296 -0.988069 -0.105648 -0.110391
1750711260.493573 37369026.315698 2971252.063143 5333201.282302 -0.019296 -0.988069 -0.105648 -0.110391
1750711260.498572 37369026.315698 2971252.063143 5333201.282302 -0.019296 -0.988069 -0.105648 -0.110391
1750711260.503573 37369026.315698 2971252.063143 5333201.282302 -0.019296 -0.988069 -0.105648 -0.110391
1750711260.508573 37369026.315698 2971252.063143 5333201.282302 -0.019296 -0.988069 -0.105648 -0.110391
1750711260.513574 37369026.315698 2971252.063143 5333201.282302 -0.019296 -0.988069 -0.105648 -0.110391
1750711260.518574 37369026.315698 2971252.063143 5333201.282302 -0.019296 -0.988069 -0.105648 -0.110391
1750711260.523575 37369026.315698 2971252.063143 5333201.282302 -0.019296 -0.988069 -0.105648 -0.110391
1750711260.528575 37369026.315698 2971252.063143 5333201.282302 -0.019296 -0.988069 -0.105648 -0.110391
1750711260.533575 37369026.316349 2971252.059709 5333201.257530 -0.019003 -0.985917 -0.108075 -0.126195
1750711260.538576 37369026.316349 2971252.059709 5333201.257530 -0.019003 -0.985917 -0.108075 -0.126195
1750711260.543576 37369026.316349 2971252.059709 5333201.257530 -0.019003 -0.985917 -0.108075 -0.126195
1750711260.548577 37369026.316349 2971252.059709 5333201.257530 -0.019003 -0.985917 -0.108075 -0.126195
1750711260.553577 37369026.316349 2971252.059709 5333201.257530 -0.019003 -0.985917 -0.108075 -0.126195
1750711260.558577 37369026.316349 2971252.059709 5333201.257530 -0.019003 -0.985917 -0.108075 -0.126195
1750711260.563578 37369026.316349 2971252.059709 5333201.257530 -0.019003 -0.985917 -0.108075 -0.126195
1750711260.568578 37369026.316349 2971252.059709 5333201.257530 -0.019003 -0.985917 -0.108075 -0.126195
1750711260.573579 37369026.316349 2971252.059709 5333201.257530 -0.019003 -0.985917 -0.108075 -0.126195
1750711260.578578 37369026.316349 2971252.059709 5333201.257530 -0.019003 -0.985917 -0.108075 -0.126195
1750711260.583579 37369026.316349 2971252.059709 5333201.257530 -0.019003 -0.985917 -0.108075 -0.126195
1750711260.588579 37369026.316349 2971252.059709 5333201.257530 -0.019003 -0.985917 -0.108075 -0.126195
1750711260.593580 37369026.316349 2971252.059709 5333201.257530 -0.019003 -0.985917 -0.108075 -0.126195
1750711260.598580 37369026.316349 2971252.059709 5333201.257530 -0.019003 -0.985917 -0.108075 -0.126195
1750711260.603580 37369026.316768 2971252.051706 5333201.232202 -0.019791 -0.983554 -0.110696 -0.141337
1750711260.608581 37369026.316768 2971252.051706 5333201.232202 -0.019791 -0.983554 -0.110696 -0.141337
1750711260.613581 37369026.316768 2971252.051706 5333201.232202 -0.019791 -0.983554 -0.110696 -0.141337
1750711260.618582 37369026.316768 2971252.051706 5333201.232202 -0.019791 -0.983554 -0.110696 -0.141337
1750711260.623581 37369026.316768 2971252.051706 5333201.232202 -0.019791 -0.983554 -0.110696 -0.141337
1750711260.628582 37369026.316768 2971252.051706 5333201.232202 -0.019791 -0.983554 -0.110696 -0.141337
1750711260.633582 37369026.316768 2971252.051706 5333201.232202 -0.019791 -0.983554 -0.110696 -0.141337
1750711260.638583 37369026.316768 2971252.051706 5333201.232202 -0.019791 -0.983554 -0.110696 -0.141337
1750711260.643583 37369026.316768 2971252.051706 5333201.232202 -0.019791 -0.983554 -0.110696 -0.141337
1750711260.648583 37369026.316768 2971252.051706 5333201.232202 -0.019791 -0.983554 -0.110696 -0.141337
1750711260.653584 37369026.316768 2971252.051706 5333201.232202 -0.019791 -0.983554 -0.110696 -0.141337
1750711260.658584 37369026.316768 2971252.051706 5333201.232202 -0.019791 -0.983554 -0.110696 -0.141337
1750711260.663585 37369026.316768 2971252.051706 5333201.232202 -0.019791 -0.983554 -0.110696 -0.141337
1750711260.666884 37369026.318220 2971252.045217 5333201.207665 -0.020051 -0.981130 -0.111924 -0.156382
1750711260.668584 37369026.318220 2971252.045217 5333201.207665 -0.020051 -0.981130 -0.111924 -0.156382
1750711260.673585 37369026.318220 2971252.045217 5333201.207665 -0.020051 -0.981130 -0.111924 -0.156382
1750711260.678586 37369026.318220 2971252.045217 5333201.207665 -0.020051 -0.981130 -0.111924 -0.156382
1750711260.683586 37369026.318220 2971252.045217 5333201.207665 -0.020051 -0.981130 -0.111924 -0.156382
1750711260.688587 37369026.318220 2971252.045217 5333201.207665 -0.020051 -0.981130 -0.111924 -0.156382
1750711260.693586 37369026.318220 2971252.045217 5333201.207665 -0.020051 -0.981130 -0.111924 -0.156382
1750711260.698587 37369026.318220 2971252.045217 5333201.207665 -0.020051 -0.981130 -0.111924 -0.156382
1750711260.703587 37369026.318220 2971252.045217 5333201.207665 -0.020051 -0.981130 -0.111924 -0.156382
1750711260.708587 37369026.318220 2971252.045217 5333201.207665 -0.020051 -0.981130 -0.111924 -0.156382
1750711260.713588 37369026.318220 2971252.045217 5333201.207665 -0.020051 -0.981130 -0.111924 -0.156382
1750711260.718588 37369026.318220 2971252.045217 5333201.207665 -0.020051 -0.981130 -0.111924 -0.156382
1750711260.723589 37369026.318220 2971252.045217 5333201.207665 -0.020051 -0.981130 -0.111924 -0.156382
1750711260.728589 37369026.318220 2971252.045217 5333201.207665 -0.020051 -0.981130 -0.111924 -0.156382
1750711260.733589 37369026.318074 2971252.035025 5333201.182211 -0.020998 -0.978360 -0.112899 -0.172115
1750711260.738590 37369026.318074 2971252.035025 5333201.182211 -0.020998 -0.978360 -0.112899 -0.172115
1750711260.743590 37369026.318074 2971252.035025 5333201.182211 -0.020998 -0.978360 -0.112899 -0.172115
1750711260.748590 37369026.318074 2971252.035025 5333201.182211 -0.020998 -0.978360 -0.112899 -0.172115
1750711260.753591 37369026.318074 2971252.035025 5333201.182211 -0.020998 -0.978360 -0.112899 -0.172115
1750711260.758591 37369026.318074 2971252.035025 5333201.182211 -0.020998 -0.978360 -0.112899 -0.172115
1750711260.763591 37369026.318074 2971252.035025 5333201.182211 -0.020998 -0.978360 -0.112899 -0.172115
1750711260.768592 37369026.317194 2971252.031230 5333201.172526 -0.021024 -0.977003 -0.113405 -0.179339
1750711260.773592 37369026.317194 2971252.031230 5333201.172526 -0.021024 -0.977003 -0.113405 -0.179339
1750711260.778593 37369026.317194 2971252.031230 5333201.172526 -0.021024 -0.977003 -0.113405 -0.179339
1750711260.783592 37369026.317194 2971252.031230 5333201.172526 -0.021024 -0.977003 -0.113405 -0.179339
1750711260.788593 37369026.317194 2971252.031230 5333201.172526 -0.021024 -0.977003 -0.113405 -0.179339
1750711260.793593 37369026.317194 2971252.031230 5333201.172526 -0.021024 -0.977003 -0.113405 -0.179339
1750711260.798594 37369026.317194 2971252.031230 5333201.172526 -0.021024 -0.977003 -0.113405 -0.179339
1750711260.803594 37369026.317705 2971252.027838 5333201.161988 -0.020911 -0.975713 -0.113215 -0.186358
1750711260.808594 37369026.317705 2971252.027838 5333201.161988 -0.020911 -0.975713 -0.113215 -0.186358
1750711260.813595 37369026.317705 2971252.027838 5333201.161988 -0.020911 -0.975713 -0.113215 -0.186358
1750711260.818594 37369026.317705 2971252.027838 5333201.161988 -0.020911 -0.975713 -0.113215 -0.186358
1750711260.823595 37369026.317705 2971252.027838 5333201.161988 -0.020911 -0.975713 -0.113215 -0.186358
1750711260.828595 37369026.317705 2971252.027838 5333201.161988 -0.020911 -0.975713 -0.113215 -0.186358
1750711260.833596 37369026.317705 2971252.027838 5333201.161988 -0.020911 -0.975713 -0.113215 -0.186358
1750711260.838596 37369026.317705 2971252.027838 5333201.161988 -0.020911 -0.975713 -0.113215 -0.186358
1750711260.843596 37369026.317705 2971252.027838 5333201.161988 -0.020911 -0.975713 -0.113215 -0.186358
1750711260.848597 37369026.317705 2971252.027838 5333201.161988 -0.020911 -0.975713 -0.113215 -0.186358
1750711260.853597 37369026.317705 2971252.027838 5333201.161988 -0.020911 -0.975713 -0.113215 -0.186358
1750711260.858597 37369026.317705 2971252.027838 5333201.161988 -0.020911 -0.975713 -0.113215 -0.186358
1750711260.863597 37369026.317705 2971252.027838 5333201.161988 -0.020911 -0.975713 -0.113215 -0.186358
1750711260.868598 37369026.320783 2971252.021819 5333201.139996 -0.021551 -0.972834 -0.113995 -0.200333
1750711260.873599 37369026.320783 2971252.021819 5333201.139996 -0.021551 -0.972834 -0.113995 -0.200333
1750711260.878598 37369026.320783 2971252.021819 5333201.139996 -0.021551 -0.972834 -0.113995 -0.200333
1750711260.883599 37369026.320783 2971252.021819 5333201.139996 -0.021551 -0.972834 -0.113995 -0.200333
1750711260.888599 37369026.320783 2971252.021819 5333201.139996 -0.021551 -0.972834 -0.113995 -0.200333
1750711260.893600 37369026.320783 2971252.021819 5333201.139996 -0.021551 -0.972834 -0.113995 -0.200333
1750711260.898599 37369026.320783 2971252.021819 5333201.139996 -0.021551 -0.972834 -0.113995 -0.200333
1750711260.903600 37369026.320783 2971252.021819 5333201.139996 -0.021551 -0.972834 -0.113995 -0.200333
1750711260.908601 37369026.320783 2971252.021819 5333201.139996 -0.021551 -0.972834 -0.113995 -0.200333
1750711260.913600 37369026.320783 2971252.021819 5333201.139996 -0.021551 -0.972834 -0.113995 -0.200333
1750711260.918601 37369026.320783 2971252.021819 5333201.139996 -0.021551 -0.972834 -0.113995 -0.200333
1750711260.923601 37369026.320783 2971252.021819 5333201.139996 -0.021551 -0.972834 -0.113995 -0.200333
1750711260.928602 37369026.320783 2971252.021819 5333201.139996 -0.021551 -0.972834 -0.113995 -0.200333
1750711260.933601 37369026.326765 2971252.013208 5333201.121038 -0.021370 -0.970031 -0.113575 -0.213735
1750711260.938602 37369026.326765 2971252.013208 5333201.121038 -0.021370 -0.970031 -0.113575 -0.213735
1750711260.943603 37369026.326765 2971252.013208 5333201.121038 -0.021370 -0.970031 -0.113575 -0.213735
1750711260.948603 37369026.326765 2971252.013208 5333201.121038 -0.021370 -0.970031 -0.113575 -0.213735
1750711260.953603 37369026.326765 2971252.013208 5333201.121038 -0.021370 -0.970031 -0.113575 -0.213735
1750711260.958603 37369026.326765 2971252.013208 5333201.121038 -0.021370 -0.970031 -0.113575 -0.213735
1750711260.963604 37369026.326765 2971252.013208 5333201.121038 -0.021370 -0.970031 -0.113575 -0.213735
1750711260.968603 37369026.326765 2971252.013208 5333201.121038 -0.021370 -0.970031 -0.113575 -0.213735
1750711260.973604 37369026.326765 2971252.013208 5333201.121038 -0.021370 -0.970031 -0.113575 -0.213735
1750711260.978604 37369026.326765 2971252.013208 5333201.121038 -0.021370 -0.970031 -0.113575 -0.213735
1750711260.983604 37369026.326765 2971252.013208 5333201.121038 -0.021370 -0.970031 -0.113575 -0.213735
1750711260.988605 37369026.326765 2971252.013208 5333201.121038 -0.021370 -0.970031 -0.113575 -0.213735
1750711260.993605 37369026.326765 2971252.013208 5333201.121038 -0.021370 -0.970031 -0.113575 -0.213735
1750711260.998606 37369026.326765 2971252.013208 5333201.121038 -0.021370 -0.970031 -0.113575 -0.213735
1750711261.003606 37369026.333540 2971252.011073 5333201.100879 -0.021481 -0.967512 -0.114128 -0.224576
1750711261.008606 37369026.333540 2971252.011073 5333201.100879 -0.021481 -0.967512 -0.114128 -0.224576
1750711261.013606 37369026.333540 2971252.011073 5333201.100879 -0.021481 -0.967512 -0.114128 -0.224576
1750711261.018606 37369026.333540 2971252.011073 5333201.100879 -0.021481 -0.967512 -0.114128 -0.224576
1750711261.023606 37369026.333540 2971252.011073 5333201.100879 -0.021481 -0.967512 -0.114128 -0.224576
1750711261.028607 37369026.333540 2971252.011073 5333201.100879 -0.021481 -0.967512 -0.114128 -0.224576
1750711261.033608 37369026.333540 2971252.011073 5333201.100879 -0.021481 -0.967512 -0.114128 -0.224576
1750711261.038607 37369026.333540 2971252.011073 5333201.100879 -0.021481 -0.967512 -0.114128 -0.224576
1750711261.043608 37369026.333540 2971252.011073 5333201.100879 -0.021481 -0.967512 -0.114128 -0.224576
1750711261.048608 37369026.333540 2971252.011073 5333201.100879 -0.021481 -0.967512 -0.114128 -0.224576
1750711261.053608 37369026.333540 2971252.011073 5333201.100879 -0.021481 -0.967512 -0.114128 -0.224576
1750711261.058608 37369026.333540 2971252.011073 5333201.100879 -0.021481 -0.967512 -0.114128 -0.224576
1750711261.063609 37369026.333540 2971252.011073 5333201.100879 -0.021481 -0.967512 -0.114128 -0.224576
1750711261.068609 37369026.341027 2971252.006616 5333201.083244 -0.020191 -0.965276 -0.113027 -0.234648
1750711261.073609 37369026.341027 2971252.006616 5333201.083244 -0.020191 -0.965276 -0.113027 -0.234648
1750711261.078610 37369026.341027 2971252.006616 5333201.083244 -0.020191 -0.965276 -0.113027 -0.234648
1750711261.083610 37369026.341027 2971252.006616 5333201.083244 -0.020191 -0.965276 -0.113027 -0.234648
1750711261.088610 37369026.341027 2971252.006616 5333201.083244 -0.020191 -0.965276 -0.113027 -0.234648
1750711261.093610 37369026.341027 2971252.006616 5333201.083244 -0.020191 -0.965276 -0.113027 -0.234648
1750711261.098611 37369026.341027 2971252.006616 5333201.083244 -0.020191 -0.965276 -0.113027 -0.234648
1750711261.103610 37369026.346245 2971252.004951 5333201.074518 -0.019799 -0.964103 -0.112297 -0.239796
1750711261.108611 37369026.346245 2971252.004951 5333201.074518 -0.019799 -0.964103 -0.112297 -0.239796
1750711261.113612 37369026.346245 2971252.004951 5333201.074518 -0.019799 -0.964103 -0.112297 -0.239796
1750711261.118612 37369026.346245 2971252.004951 5333201.074518 -0.019799 -0.964103 -0.112297 -0.239796
1750711261.123612 37369026.346245 2971252.004951 5333201.074518 -0.019799 -0.964103 -0.112297 -0.239796
1750711261.128612 37369026.346245 2971252.004951 5333201.074518 -0.019799 -0.964103 -0.112297 -0.239796
1750711261.133613 37369026.330482 2971252.002446 5333201.062488 -0.019735 -0.961966 -0.112184 -0.248286
1750711261.138612 37369026.330482 2971252.002446 5333201.062488 -0.019735 -0.961966 -0.112184 -0.248286
1750711261.143613 37369026.330482 2971252.002446 5333201.062488 -0.019735 -0.961966 -0.112184 -0.248286
1750711261.148612 37369026.330482 2971252.002446 5333201.062488 -0.019735 -0.961966 -0.112184 -0.248286
1750711261.153613 37369026.330482 2971252.002446 5333201.062488 -0.019735 -0.961966 -0.112184 -0.248286
1750711261.158614 37369026.330482 2971252.002446 5333201.062488 -0.019735 -0.961966 -0.112184 -0.248286
1750711261.163614 37369026.330482 2971252.002446 5333201.062488 -0.019735 -0.961966 -0.112184 -0.248286
1750711261.168614 37369026.330482 2971252.002446 5333201.062488 -0.019735 -0.961966 -0.112184 -0.248286
1750711261.173614 37369026.330482 2971252.002446 5333201.062488 -0.019735 -0.961966 -0.112184 -0.248286
1750711261.178615 37369026.330482 2971252.002446 5333201.062488 -0.019735 -0.961966 -0.112184 -0.248286
1750711261.183614 37369026.330482 2971252.002446 5333201.062488 -0.019735 -0.961966 -0.112184 -0.248286
1750711261.188615 37369026.330482 2971252.002446 5333201.062488 -0.019735 -0.961966 -0.112184 -0.248286
1750711261.193615 37369026.330482 2971252.002446 5333201.062488 -0.019735 -0.961966 -0.112184 -0.248286
1750711261.198615 37369026.330482 2971252.002446 5333201.062488 -0.019735 -0.961966 -0.112184 -0.248286
1750711261.203616 37369026.339952 2971252.000061 5333201.047716 -0.019402 -0.958831 -0.109582 -0.261262
1750711261.208616 37369026.339952 2971252.000061 5333201.047716 -0.019402 -0.958831 -0.109582 -0.261262
1750711261.213616 37369026.339952 2971252.000061 5333201.047716 -0.019402 -0.958831 -0.109582 -0.261262
1750711261.218617 37369026.339952 2971252.000061 5333201.047716 -0.019402 -0.958831 -0.109582 -0.261262
1750711261.223617 37369026.339952 2971252.000061 5333201.047716 -0.019402 -0.958831 -0.109582 -0.261262
1750711261.228616 37369026.339952 2971252.000061 5333201.047716 -0.019402 -0.958831 -0.109582 -0.261262
1750711261.233617 37369026.365018 2971251.999628 5333201.045487 -0.019464 -0.958054 -0.106879 -0.265199
1750711261.238617 37369026.365018 2971251.999628 5333201.045487 -0.019464 -0.958054 -0.106879 -0.265199
1750711261.243617 37369026.365018 2971251.999628 5333201.045487 -0.019464 -0.958054 -0.106879 -0.265199
1750711261.248618 37369026.365018 2971251.999628 5333201.045487 -0.019464 -0.958054 -0.106879 -0.265199
1750711261.253618 37369026.365018 2971251.999628 5333201.045487 -0.019464 -0.958054 -0.106879 -0.265199
1750711261.258618 37369026.365018 2971251.999628 5333201.045487 -0.019464 -0.958054 -0.106879 -0.265199
1750711261.263619 37369026.365018 2971251.999628 5333201.045487 -0.019464 -0.958054 -0.106879 -0.265199
1750711261.268619 37369026.365018 2971251.999628 5333201.045487 -0.019464 -0.958054 -0.106879 -0.265199
1750711261.273619 37369026.365018 2971251.999628 5333201.045487 -0.019464 -0.958054 -0.106879 -0.265199
1750711261.278619 37369026.365018 2971251.999628 5333201.045487 -0.019464 -0.958054 -0.106879 -0.265199
1750711261.283619 37369026.365018 2971251.999628 5333201.045487 -0.019464 -0.958054 -0.106879 -0.265199
1750711261.288619 37369026.365018 2971251.999628 5333201.045487 -0.019464 -0.958054 -0.106879 -0.265199
1750711261.293620 37369026.365018 2971251.999628 5333201.045487 -0.019464 -0.958054 -0.106879 -0.265199
1750711261.298620 37369026.365018 2971251.999628 5333201.045487 -0.019464 -0.958054 -0.106879 -0.265199
1750711261.303620 37369026.376077 2971251.996770 5333201.032274 -0.018234 -0.954314 -0.104944 -0.279176
1750711261.308620 37369026.376077 2971251.996770 5333201.032274 -0.018234 -0.954314 -0.104944 -0.279176
1750711261.313621 37369026.376077 2971251.996770 5333201.032274 -0.018234 -0.954314 -0.104944 -0.279176
1750711261.318621 37369026.376077 2971251.996770 5333201.032274 -0.018234 -0.954314 -0.104944 -0.279176
1750711261.323622 37369026.376077 2971251.996770 5333201.032274 -0.018234 -0.954314 -0.104944 -0.279176
1750711261.328621 37369026.376077 2971251.996770 5333201.032274 -0.018234 -0.954314 -0.104944 -0.279176
1750711261.333621 37369026.376077 2971251.996770 5333201.032274 -0.018234 -0.954314 -0.104944 -0.279176
1750711261.338622 37369026.376077 2971251.996770 5333201.032274 -0.018234 -0.954314 -0.104944 -0.279176
1750711261.343621 37369026.376077 2971251.996770 5333201.032274 -0.018234 -0.954314 -0.104944 -0.279176
1750711261.348622 37369026.376077 2971251.996770 5333201.032274 -0.018234 -0.954314 -0.104944 -0.279176
1750711261.353622 37369026.376077 2971251.996770 5333201.032274 -0.018234 -0.954314 -0.104944 -0.279176
1750711261.358622 37369026.376077 2971251.996770 5333201.032274 -0.018234 -0.954314 -0.104944 -0.279176
1750711261.363623 37369026.376077 2971251.996770 5333201.032274 -0.018234 -0.954314 -0.104944 -0.279176
1750711261.368622 37369026.360435 2971251.992630 5333201.010930 -0.016994 -0.948298 -0.105817 -0.298738
1750711261.373623 37369026.360435 2971251.992630 5333201.010930 -0.016994 -0.948298 -0.105817 -0.298738
1750711261.378623 37369026.360435 2971251.992630 5333201.010930 -0.016994 -0.948298 -0.105817 -0.298738
1750711261.383623 37369026.360435 2971251.992630 5333201.010930 -0.016994 -0.948298 -0.105817 -0.298738
1750711261.388624 37369026.360435 2971251.992630 5333201.010930 -0.016994 -0.948298 -0.105817 -0.298738
1750711261.393624 37369026.360435 2971251.992630 5333201.010930 -0.016994 -0.948298 -0.105817 -0.298738
1750711261.398624 37369026.360435 2971251.992630 5333201.010930 -0.016994 -0.948298 -0.105817 -0.298738
1750711261.403624 37369026.366807 2971251.991404 5333201.006004 -0.017045 -0.945989 -0.105293 -0.306150
1750711261.408624 37369026.366807 2971251.991404 5333201.006004 -0.017045 -0.945989 -0.105293 -0.306150
1750711261.413624 37369026.366807 2971251.991404 5333201.006004 -0.017045 -0.945989 -0.105293 -0.306150
1750711261.418624 37369026.366807 2971251.991404 5333201.006004 -0.017045 -0.945989 -0.105293 -0.306150
1750711261.423625 37369026.366807 2971251.991404 5333201.006004 -0.017045 -0.945989 -0.105293 -0.306150
1750711261.428625 37369026.366807 2971251.991404 5333201.006004 -0.017045 -0.945989 -0.105293 -0.306150
1750711261.433626 37369026.366807 2971251.991404 5333201.006004 -0.017045 -0.945989 -0.105293 -0.306150
1750711261.438625 37369026.366807 2971251.991404 5333201.006004 -0.017045 -0.945989 -0.105293 -0.306150
1750711261.443626 37369026.366807 2971251.991404 5333201.006004 -0.017045 -0.945989 -0.105293 -0.306150
1750711261.448625 37369026.366807 2971251.991404 5333201.006004 -0.017045 -0.945989 -0.105293 -0.306150
1750711261.453626 37369026.366807 2971251.991404 5333201.006004 -0.017045 -0.945989 -0.105293 -0.306150
1750711261.458627 37369026.366807 2971251.991404 5333201.006004 -0.017045 -0.945989 -0.105293 -0.306150
1750711261.463626 37369026.366807 2971251.991404 5333201.006004 -0.017045 -0.945989 -0.105293 -0.306150
1750711261.468627 37369026.381490 2971251.990161 5333200.996084 -0.017189 -0.941584 -0.104621 -0.319652
1750711261.473626 37369026.381490 2971251.990161 5333200.996084 -0.017189 -0.941584 -0.104621 -0.319652
1750711261.478627 37369026.381490 2971251.990161 5333200.996084 -0.017189 -0.941584 -0.104621 -0.319652
1750711261.483632 37369026.381490 2971251.990161 5333200.996084 -0.017189 -0.941584 -0.104621 -0.319652
1750711261.488637 37369026.381490 2971251.990161 5333200.996084 -0.017189 -0.941584 -0.104621 -0.319652
1750711261.493643 37369026.381490 2971251.990161 5333200.996084 -0.017189 -0.941584 -0.104621 -0.319652
1750711261.498648 37369026.381490 2971251.990161 5333200.996084 -0.017189 -0.941584 -0.104621 -0.319652
1750711261.503653 37369026.381490 2971251.990161 5333200.996084 -0.017189 -0.941584 -0.104621 -0.319652
1750711261.508658 37369026.381490 2971251.990161 5333200.996084 -0.017189 -0.941584 -0.104621 -0.319652
1750711261.513664 37369026.381490 2971251.990161 5333200.996084 -0.017189 -0.941584 -0.104621 -0.319652
1750711261.518669 37369026.381490 2971251.990161 5333200.996084 -0.017189 -0.941584 -0.104621 -0.319652
1750711261.523674 37369026.381490 2971251.990161 5333200.996084 -0.017189 -0.941584 -0.104621 -0.319652
1750711261.528679 37369026.381490 2971251.990161 5333200.996084 -0.017189 -0.941584 -0.104621 -0.319652
1750711261.533685 37369026.399716 2971251.989085 5333200.985579 -0.016862 -0.937889 -0.102620 -0.330981
1750711261.538691 37369026.399716 2971251.989085 5333200.985579 -0.016862 -0.937889 -0.102620 -0.330981
1750711261.543696 37369026.399716 2971251.989085 5333200.985579 -0.016862 -0.937889 -0.102620 -0.330981
1750711261.548701 37369026.399716 2971251.989085 5333200.985579 -0.016862 -0.937889 -0.102620 -0.330981
1750711261.553706 37369026.399716 2971251.989085 5333200.985579 -0.016862 -0.937889 -0.102620 -0.330981
1750711261.558712 37369026.399716 2971251.989085 5333200.985579 -0.016862 -0.937889 -0.102620 -0.330981
1750711261.563717 37369026.399716 2971251.989085 5333200.985579 -0.016862 -0.937889 -0.102620 -0.330981
1750711261.568722 37369026.399716 2971251.989085 5333200.985579 -0.016862 -0.937889 -0.102620 -0.330981
1750711261.573728 37369026.399716 2971251.989085 5333200.985579 -0.016862 -0.937889 -0.102620 -0.330981
1750711261.578733 37369026.399716 2971251.989085 5333200.985579 -0.016862 -0.937889 -0.102620 -0.330981
1750711261.583739 37369026.399716 2971251.989085 5333200.985579 -0.016862 -0.937889 -0.102620 -0.330981
1750711261.588744 37369026.399716 2971251.989085 5333200.985579 -0.016862 -0.937889 -0.102620 -0.330981
1750711261.593750 37369026.399716 2971251.989085 5333200.985579 -0.016862 -0.937889 -0.102620 -0.330981
1750711261.598755 37369026.399716 2971251.989085 5333200.985579 -0.016862 -0.937889 -0.102620 -0.330981
1750711261.603760 37369026.411314 2971251.990872 5333200.967911 -0.016954 -0.934463 -0.100489 -0.341165
1750711261.608767 37369026.411314 2971251.990872 5333200.967911 -0.016954 -0.934463 -0.100489 -0.341165
1750711261.613771 37369026.411314 2971251.990872 5333200.967911 -0.016954 -0.934463 -0.100489 -0.341165
1750711261.618777 37369026.411314 2971251.990872 5333200.967911 -0.016954 -0.934463 -0.100489 -0.341165
1750711261.623782 37369026.411314 2971251.990872 5333200.967911 -0.016954 -0.934463 -0.100489 -0.341165
1750711261.628788 37369026.411314 2971251.990872 5333200.967911 -0.016954 -0.934463 -0.100489 -0.341165
1750711261.633793 37369026.420675 2971251.990041 5333200.962472 -0.016917 -0.933517 -0.098825 -0.344228
1750711261.638799 37369026.420675 2971251.990041 5333200.962472 -0.016917 -0.933517 -0.098825 -0.344228
1750711261.643805 37369026.420675 2971251.990041 5333200.962472 -0.016917 -0.933517 -0.098825 -0.344228
1750711261.648810 37369026.420675 2971251.990041 5333200.962472 -0.016917 -0.933517 -0.098825 -0.344228
1750711261.653816 37369026.420675 2971251.990041 5333200.962472 -0.016917 -0.933517 -0.098825 -0.344228
1750711261.658821 37369026.420675 2971251.990041 5333200.962472 -0.016917 -0.933517 -0.098825 -0.344228
1750711261.663827 37369026.420675 2971251.990041 5333200.962472 -0.016917 -0.933517 -0.098825 -0.344228
1750711261.668832 37369026.420675 2971251.990041 5333200.962472 -0.016917 -0.933517 -0.098825 -0.344228
1750711261.673838 37369026.420675 2971251.990041 5333200.962472 -0.016917 -0.933517 -0.098825 -0.344228
1750711261.678843 37369026.420675 2971251.990041 5333200.962472 -0.016917 -0.933517 -0.098825 -0.344228
1750711261.683849 37369026.420675 2971251.990041 5333200.962472 -0.016917 -0.933517 -0.098825 -0.344228
1750711261.688854 37369026.420675 2971251.990041 5333200.962472 -0.016917 -0.933517 -0.098825 -0.344228
1750711261.693860 37369026.420675 2971251.990041 5333200.962472 -0.016917 -0.933517 -0.098825 -0.344228
1750711261.698866 37369026.420675 2971251.990041 5333200.962472 -0.016917 -0.933517 -0.098825 -0.344228
1750711261.703871 37369026.439138 2971251.990618 5333200.951358 -0.016171 -0.932457 -0.097119 -0.347608
1750711261.708877 37369026.439138 2971251.990618 5333200.951358 -0.016171 -0.932457 -0.097119 -0.347608
1750711261.713882 37369026.439138 2971251.990618 5333200.951358 -0.016171 -0.932457 -0.097119 -0.347608
1750711261.718889 37369026.439138 2971251.990618 5333200.951358 -0.016171 -0.932457 -0.097119 -0.347608
1750711261.723895 37369026.439138 2971251.990618 5333200.951358 -0.016171 -0.932457 -0.097119 -0.347608
1750711261.728899 37369026.439138 2971251.990618 5333200.951358 -0.016171 -0.932457 -0.097119 -0.347608
1750711261.733906 37369026.439138 2971251.990618 5333200.951358 -0.016171 -0.932457 -0.097119 -0.347608
1750711261.738911 37369026.439138 2971251.990618 5333200.951358 -0.016171 -0.932457 -0.097119 -0.347608
1750711261.743917 37369026.439138 2971251.990618 5333200.951358 -0.016171 -0.932457 -0.097119 -0.347608
1750711261.748922 37369026.439138 2971251.990618 5333200.951358 -0.016171 -0.932457 -0.097119 -0.347608
1750711261.753928 37369026.439138 2971251.990618 5333200.951358 -0.016171 -0.932457 -0.097119 -0.347608
1750711261.758933 37369026.439138 2971251.990618 5333200.951358 -0.016171 -0.932457 -0.097119 -0.347608
1750711261.763939 37369026.439138 2971251.990618 5333200.951358 -0.016171 -0.932457 -0.097119 -0.347608
1750711261.767248 37369026.458535 2971251.991938 5333200.943045 -0.018903 -0.931744 -0.099006 -0.348845
1750711261.768946 37369026.458535 2971251.991938 5333200.943045 -0.018903 -0.931744 -0.099006 -0.348845
1750711261.773951 37369026.458535 2971251.991938 5333200.943045 -0.018903 -0.931744 -0.099006 -0.348845
1750711261.778957 37369026.458535 2971251.991938 5333200.943045 -0.018903 -0.931744 -0.099006 -0.348845
1750711261.783962 37369026.458535 2971251.991938 5333200.943045 -0.018903 -0.931744 -0.099006 -0.348845
1750711261.788969 37369026.458535 2971251.991938 5333200.943045 -0.018903 -0.931744 -0.099006 -0.348845
1750711261.793974 37369026.458535 2971251.991938 5333200.943045 -0.018903 -0.931744 -0.099006 -0.348845
1750711261.798980 37369026.458535 2971251.991938 5333200.943045 -0.018903 -0.931744 -0.099006 -0.348845
1750711261.803986 37369026.458535 2971251.991938 5333200.943045 -0.018903 -0.931744 -0.099006 -0.348845
1750711261.808991 37369026.458535 2971251.991938 5333200.943045 -0.018903 -0.931744 -0.099006 -0.348845
1750711261.813998 37369026.458535 2971251.991938 5333200.943045 -0.018903 -0.931744 -0.099006 -0.348845
1750711261.819003 37369026.458535 2971251.991938 5333200.943045 -0.018903 -0.931744 -0.099006 -0.348845
1750711261.824009 37369026.458535 2971251.991938 5333200.943045 -0.018903 -0.931744 -0.099006 -0.348845
1750711261.829015 37369026.458535 2971251.991938 5333200.943045 -0.018903 -0.931744 -0.099006 -0.348845
1750711261.834021 37369026.486259 2971251.987524 5333200.936069 -0.023780 -0.930453 -0.099141 -0.351941
1750711261.839027 37369026.486259 2971251.987524 5333200.936069 -0.023780 -0.930453 -0.099141 -0.351941
1750711261.844032 37369026.486259 2971251.987524 5333200.936069 -0.023780 -0.930453 -0.099141 -0.351941
1750711261.849039 37369026.486259 2971251.987524 5333200.936069 -0.023780 -0.930453 -0.099141 -0.351941
1750711261.854044 37369026.486259 2971251.987524 5333200.936069 -0.023780 -0.930453 -0.099141 -0.351941
1750711261.859050 37369026.486259 2971251.987524 5333200.936069 -0.023780 -0.930453 -0.099141 -0.351941
1750711261.864056 37369026.486259 2971251.987524 5333200.936069 -0.023780 -0.930453 -0.099141 -0.351941
1750711261.869062 37369026.496608 2971251.986329 5333200.933236 -0.025742 -0.929297 -0.099778 -0.354667
1750711261.874068 37369026.496608 2971251.986329 5333200.933236 -0.025742 -0.929297 -0.099778 -0.354667
1750711261.879074 37369026.496608 2971251.986329 5333200.933236 -0.025742 -0.929297 -0.099778 -0.354667
1750711261.884080 37369026.496608 2971251.986329 5333200.933236 -0.025742 -0.929297 -0.099778 -0.354667
1750711261.889086 37369026.496608 2971251.986329 5333200.933236 -0.025742 -0.929297 -0.099778 -0.354667
1750711261.894092 37369026.496608 2971251.986329 5333200.933236 -0.025742 -0.929297 -0.099778 -0.354667
1750711261.899097 37369026.496608 2971251.986329 5333200.933236 -0.025742 -0.929297 -0.099778 -0.354667
1750711261.904104 37369026.496608 2971251.986329 5333200.933236 -0.025742 -0.929297 -0.099778 -0.354667
1750711261.909109 37369026.496608 2971251.986329 5333200.933236 -0.025742 -0.929297 -0.099778 -0.354667
1750711261.914116 37369026.496608 2971251.986329 5333200.933236 -0.025742 -0.929297 -0.099778 -0.354667
1750711261.919122 37369026.496608 2971251.986329 5333200.933236 -0.025742 -0.929297 -0.099778 -0.354667
1750711261.924128 37369026.496608 2971251.986329 5333200.933236 -0.025742 -0.929297 -0.099778 -0.354667
1750711261.929134 37369026.496608 2971251.986329 5333200.933236 -0.025742 -0.929297 -0.099778 -0.354667
1750711261.934139 37369026.519704 2971251.986621 5333200.926932 -0.029542 -0.927094 -0.102144 -0.359430
1750711261.939146 37369026.519704 2971251.986621 5333200.926932 -0.029542 -0.927094 -0.102144 -0.359430
1750711261.944151 37369026.519704 2971251.986621 5333200.926932 -0.029542 -0.927094 -0.102144 -0.359430
1750711261.949158 37369026.519704 2971251.986621 5333200.926932 -0.029542 -0.927094 -0.102144 -0.359430
1750711261.954163 37369026.519704 2971251.986621 5333200.926932 -0.029542 -0.927094 -0.102144 -0.359430
1750711261.959170 37369026.519704 2971251.986621 5333200.926932 -0.029542 -0.927094 -0.102144 -0.359430
1750711261.964176 37369026.519704 2971251.986621 5333200.926932 -0.029542 -0.927094 -0.102144 -0.359430
1750711261.969182 37369026.530689 2971252.000373 5333200.920812 -0.031781 -0.925825 -0.104867 -0.361720
1750711261.974188 37369026.530689 2971252.000373 5333200.920812 -0.031781 -0.925825 -0.104867 -0.361720
1750711261.979194 37369026.530689 2971252.000373 5333200.920812 -0.031781 -0.925825 -0.104867 -0.361720
1750711261.984200 37369026.530689 2971252.000373 5333200.920812 -0.031781 -0.925825 -0.104867 -0.361720
1750711261.989206 37369026.530689 2971252.000373 5333200.920812 -0.031781 -0.925825 -0.104867 -0.361720
1750711261.994212 37369026.530689 2971252.000373 5333200.920812 -0.031781 -0.925825 -0.104867 -0.361720
1750711261.999218 37369026.530689 2971252.000373 5333200.920812 -0.031781 -0.925825 -0.104867 -0.361720
1750711262.004225 37369026.542012 2971252.002802 5333200.916035 -0.032457 -0.924765 -0.104207 -0.364549
1750711262.009231 37369026.542012 2971252.002802 5333200.916035 -0.032457 -0.924765 -0.104207 -0.364549
1750711262.014237 37369026.542012 2971252.002802 5333200.916035 -0.032457 -0.924765 -0.104207 -0.364549
1750711262.019243 37369026.542012 2971252.002802 5333200.916035 -0.032457 -0.924765 -0.104207 -0.364549
1750711262.024249 37369026.542012 2971252.002802 5333200.916035 -0.032457 -0.924765 -0.104207 -0.364549
1750711262.029256 37369026.542012 2971252.002802 5333200.916035 -0.032457 -0.924765 -0.104207 -0.364549
1750711262.034261 37369026.542012 2971252.002802 5333200.916035 -0.032457 -0.924765 -0.104207 -0.364549
1750711262.039268 37369026.542012 2971252.002802 5333200.916035 -0.032457 -0.924765 -0.104207 -0.364549
1750711262.044273 37369026.542012 2971252.002802 5333200.916035 -0.032457 -0.924765 -0.104207 -0.364549
1750711262.049280 37369026.542012 2971252.002802 5333200.916035 -0.032457 -0.924765 -0.104207 -0.364549
1750711262.054287 37369026.542012 2971252.002802 5333200.916035 -0.032457 -0.924765 -0.104207 -0.364549
1750711262.059292 37369026.542012 2971252.002802 5333200.916035 -0.032457 -0.924765 -0.104207 -0.364549
1750711262.064299 37369026.542012 2971252.002802 5333200.916035 -0.032457 -0.924765 -0.104207 -0.364549
1750711262.069305 37369026.566716 2971252.004559 5333200.906690 -0.031276 -0.922819 -0.101703 -0.370248
1750711262.074311 37369026.566716 2971252.004559 5333200.906690 -0.031276 -0.922819 -0.101703 -0.370248
1750711262.079318 37369026.566716 2971252.004559 5333200.906690 -0.031276 -0.922819 -0.101703 -0.370248
1750711262.084324 37369026.566716 2971252.004559 5333200.906690 -0.031276 -0.922819 -0.101703 -0.370248
1750711262.089331 37369026.566716 2971252.004559 5333200.906690 -0.031276 -0.922819 -0.101703 -0.370248
1750711262.094337 37369026.566716 2971252.004559 5333200.906690 -0.031276 -0.922819 -0.101703 -0.370248
1750711262.099343 37369026.566716 2971252.004559 5333200.906690 -0.031276 -0.922819 -0.101703 -0.370248
1750711262.104349 37369026.566716 2971252.004559 5333200.906690 -0.031276 -0.922819 -0.101703 -0.370248
1750711262.109356 37369026.566716 2971252.004559 5333200.906690 -0.031276 -0.922819 -0.101703 -0.370248
1750711262.114362 37369026.566716 2971252.004559 5333200.906690 -0.031276 -0.922819 -0.101703 -0.370248
1750711262.119368 37369026.566716 2971252.004559 5333200.906690 -0.031276 -0.922819 -0.101703 -0.370248
1750711262.124375 37369026.566716 2971252.004559 5333200.906690 -0.031276 -0.922819 -0.101703 -0.370248
1750711262.129381 37369026.566716 2971252.004559 5333200.906690 -0.031276 -0.922819 -0.101703 -0.370248
1750711262.134388 37369026.587473 2971252.006570 5333200.899553 -0.031435 -0.920925 -0.100827 -0.375157
1750711262.139394 37369026.587473 2971252.006570 5333200.899553 -0.031435 -0.920925 -0.100827 -0.375157
1750711262.144400 37369026.587473 2971252.006570 5333200.899553 -0.031435 -0.920925 -0.100827 -0.375157
1750711262.149406 37369026.587473 2971252.006570 5333200.899553 -0.031435 -0.920925 -0.100827 -0.375157
1750711262.154413 37369026.587473 2971252.006570 5333200.899553 -0.031435 -0.920925 -0.100827 -0.375157
1750711262.159420 37369026.587473 2971252.006570 5333200.899553 -0.031435 -0.920925 -0.100827 -0.375157
1750711262.164425 37369026.587473 2971252.006570 5333200.899553 -0.031435 -0.920925 -0.100827 -0.375157
1750711262.169432 37369026.605098 2971251.999159 5333200.897317 -0.031580 -0.920159 -0.098879 -0.377535
1750711262.174438 37369026.605098 2971251.999159 5333200.897317 -0.031580 -0.920159 -0.098879 -0.377535
1750711262.179445 37369026.605098 2971251.999159 5333200.897317 -0.031580 -0.920159 -0.098879 -0.377535
1750711262.184451 37369026.605098 2971251.999159 5333200.897317 -0.031580 -0.920159 -0.098879 -0.377535
1750711262.189458 37369026.605098 2971251.999159 5333200.897317 -0.031580 -0.920159 -0.098879 -0.377535
1750711262.194465 37369026.605098 2971251.999159 5333200.897317 -0.031580 -0.920159 -0.098879 -0.377535
1750711262.199471 37369026.605098 2971251.999159 5333200.897317 -0.031580 -0.920159 -0.098879 -0.377535
1750711262.204478 37369026.605098 2971251.999159 5333200.897317 -0.031580 -0.920159 -0.098879 -0.377535
1750711262.209484 37369026.605098 2971251.999159 5333200.897317 -0.031580 -0.920159 -0.098879 -0.377535
1750711262.214491 37369026.605098 2971251.999159 5333200.897317 -0.031580 -0.920159 -0.098879 -0.377535
1750711262.219497 37369026.605098 2971251.999159 5333200.897317 -0.031580 -0.920159 -0.098879 -0.377535
1750711262.224504 37369026.605098 2971251.999159 5333200.897317 -0.031580 -0.920159 -0.098879 -0.377535
1750711262.229510 37369026.605098 2971251.999159 5333200.897317 -0.031580 -0.920159 -0.098879 -0.377535
1750711262.234516 37369026.623086 2971252.000184 5333200.893487 -0.032599 -0.917478 -0.099222 -0.383830
1750711262.239523 37369026.623086 2971252.000184 5333200.893487 -0.032599 -0.917478 -0.099222 -0.383830
1750711262.244530 37369026.623086 2971252.000184 5333200.893487 -0.032599 -0.917478 -0.099222 -0.383830
1750711262.249536 37369026.623086 2971252.000184 5333200.893487 -0.032599 -0.917478 -0.099222 -0.383830
1750711262.254543 37369026.623086 2971252.000184 5333200.893487 -0.032599 -0.917478 -0.099222 -0.383830
1750711262.259549 37369026.623086 2971252.000184 5333200.893487 -0.032599 -0.917478 -0.099222 -0.383830
1750711262.264557 37369026.623086 2971252.000184 5333200.893487 -0.032599 -0.917478 -0.099222 -0.383830
1750711262.269563 37369026.623086 2971252.000184 5333200.893487 -0.032599 -0.917478 -0.099222 -0.383830
1750711262.274570 37369026.623086 2971252.000184 5333200.893487 -0.032599 -0.917478 -0.099222 -0.383830
1750711262.279576 37369026.623086 2971252.000184 5333200.893487 -0.032599 -0.917478 -0.099222 -0.383830
1750711262.284583 37369026.623086 2971252.000184 5333200.893487 -0.032599 -0.917478 -0.099222 -0.383830
1750711262.289589 37369026.623086 2971252.000184 5333200.893487 -0.032599 -0.917478 -0.099222 -0.383830
1750711262.294596 37369026.623086 2971252.000184 5333200.893487 -0.032599 -0.917478 -0.099222 -0.383830
1750711262.299603 37369026.623086 2971252.000184 5333200.893487 -0.032599 -0.917478 -0.099222 -0.383830
1750711262.304609 37369026.636147 2971252.005764 5333200.891566 -0.033041 -0.913995 -0.100460 -0.391700
1750711262.309616 37369026.636147 2971252.005764 5333200.891566 -0.033041 -0.913995 -0.100460 -0.391700
1750711262.314622 37369026.636147 2971252.005764 5333200.891566 -0.033041 -0.913995 -0.100460 -0.391700
1750711262.319629 37369026.636147 2971252.005764 5333200.891566 -0.033041 -0.913995 -0.100460 -0.391700
1750711262.324636 37369026.636147 2971252.005764 5333200.891566 -0.033041 -0.913995 -0.100460 -0.391700
1750711262.329643 37369026.636147 2971252.005764 5333200.891566 -0.033041 -0.913995 -0.100460 -0.391700
1750711262.334649 37369026.641568 2971252.005818 5333200.888439 -0.032087 -0.912103 -0.101147 -0.395989
1750711262.339656 37369026.641568 2971252.005818 5333200.888439 -0.032087 -0.912103 -0.101147 -0.395989
1750711262.344663 37369026.641568 2971252.005818 5333200.888439 -0.032087 -0.912103 -0.101147 -0.395989
1750711262.349669 37369026.641568 2971252.005818 5333200.888439 -0.032087 -0.912103 -0.101147 -0.395989
1750711262.354676 37369026.641568 2971252.005818 5333200.888439 -0.032087 -0.912103 -0.101147 -0.395989
1750711262.359683 37369026.641568 2971252.005818 5333200.888439 -0.032087 -0.912103 -0.101147 -0.395989
1750711262.364690 37369026.641568 2971252.005818 5333200.888439 -0.032087 -0.912103 -0.101147 -0.395989
1750711262.369696 37369026.641568 2971252.005818 5333200.888439 -0.032087 -0.912103 -0.101147 -0.395989
1750711262.374703 37369026.641568 2971252.005818 5333200.888439 -0.032087 -0.912103 -0.101147 -0.395989
1750711262.379710 37369026.641568 2971252.005818 5333200.888439 -0.032087 -0.912103 -0.101147 -0.395989
1750711262.384717 37369026.641568 2971252.005818 5333200.888439 -0.032087 -0.912103 -0.101147 -0.395989
1750711262.389724 37369026.641568 2971252.005818 5333200.888439 -0.032087 -0.912103 -0.101147 -0.395989
1750711262.394730 37369026.641568 2971252.005818 5333200.888439 -0.032087 -0.912103 -0.101147 -0.395989
1750711262.399738 37369026.641568 2971252.005818 5333200.888439 -0.032087 -0.912103 -0.101147 -0.395989
1750711262.404744 37369026.654459 2971252.005570 5333200.883516 -0.030726 -0.908429 -0.102835 -0.404025
1750711262.409751 37369026.654459 2971252.005570 5333200.883516 -0.030726 -0.908429 -0.102835 -0.404025
1750711262.414758 37369026.654459 2971252.005570 5333200.883516 -0.030726 -0.908429 -0.102835 -0.404025
1750711262.419765 37369026.654459 2971252.005570 5333200.883516 -0.030726 -0.908429 -0.102835 -0.404025
1750711262.424772 37369026.654459 2971252.005570 5333200.883516 -0.030726 -0.908429 -0.102835 -0.404025
1750711262.429778 37369026.654459 2971252.005570 5333200.883516 -0.030726 -0.908429 -0.102835 -0.404025
1750711262.434786 37369026.654459 2971252.005570 5333200.883516 -0.030726 -0.908429 -0.102835 -0.404025
1750711262.439792 37369026.654459 2971252.005570 5333200.883516 -0.030726 -0.908429 -0.102835 -0.404025
1750711262.444799 37369026.654459 2971252.005570 5333200.883516 -0.030726 -0.908429 -0.102835 -0.404025
1750711262.449805 37369026.654459 2971252.005570 5333200.883516 -0.030726 -0.908429 -0.102835 -0.404025
1750711262.454813 37369026.654459 2971252.005570 5333200.883516 -0.030726 -0.908429 -0.102835 -0.404025
1750711262.459819 37369026.654459 2971252.005570 5333200.883516 -0.030726 -0.908429 -0.102835 -0.404025
1750711262.464827 37369026.654459 2971252.005570 5333200.883516 -0.030726 -0.908429 -0.102835 -0.404025
1750711262.469834 37369026.665830 2971252.005176 5333200.878085 -0.030230 -0.904642 -0.103486 -0.412311
1750711262.474841 37369026.665830 2971252.005176 5333200.878085 -0.030230 -0.904642 -0.103486 -0.412311
1750711262.479847 37369026.665830 2971252.005176 5333200.878085 -0.030230 -0.904642 -0.103486 -0.412311
1750711262.484848 37369026.665830 2971252.005176 5333200.878085 -0.030230 -0.904642 -0.103486 -0.412311
1750711262.489850 37369026.665830 2971252.005176 5333200.878085 -0.030230 -0.904642 -0.103486 -0.412311
1750711262.494850 37369026.665830 2971252.005176 5333200.878085 -0.030230 -0.904642 -0.103486 -0.412311
1750711262.499852 37369026.665830 2971252.005176 5333200.878085 -0.030230 -0.904642 -0.103486 -0.412311
1750711262.504853 37369026.665830 2971252.005176 5333200.878085 -0.030230 -0.904642 -0.103486 -0.412311
1750711262.509854 37369026.665830 2971252.005176 5333200.878085 -0.030230 -0.904642 -0.103486 -0.412311
1750711262.514856 37369026.665830 2971252.005176 5333200.878085 -0.030230 -0.904642 -0.103486 -0.412311
1750711262.519856 37369026.665830 2971252.005176 5333200.878085 -0.030230 -0.904642 -0.103486 -0.412311
1750711262.524858 37369026.665830 2971252.005176 5333200.878085 -0.030230 -0.904642 -0.103486 -0.412311
1750711262.529859 37369026.665830 2971252.005176 5333200.878085 -0.030230 -0.904642 -0.103486 -0.412311
1750711262.534860 37369026.683621 2971252.002138 5333200.872065 -0.030770 -0.899918 -0.102794 -0.422650
1750711262.539862 37369026.683621 2971252.002138 5333200.872065 -0.030770 -0.899918 -0.102794 -0.422650
1750711262.544863 37369026.683621 2971252.002138 5333200.872065 -0.030770 -0.899918 -0.102794 -0.422650
1750711262.549864 37369026.683621 2971252.002138 5333200.872065 -0.030770 -0.899918 -0.102794 -0.422650
1750711262.554865 37369026.683621 2971252.002138 5333200.872065 -0.030770 -0.899918 -0.102794 -0.422650
1750711262.559866 37369026.683621 2971252.002138 5333200.872065 -0.030770 -0.899918 -0.102794 -0.422650
1750711262.564867 37369026.683621 2971252.002138 5333200.872065 -0.030770 -0.899918 -0.102794 -0.422650
1750711262.569868 37369026.690423 2971252.002491 5333200.869167 -0.031149 -0.897035 -0.102818 -0.428703
1750711262.574869 37369026.690423 2971252.002491 5333200.869167 -0.031149 -0.897035 -0.102818 -0.428703
1750711262.579871 37369026.690423 2971252.002491 5333200.869167 -0.031149 -0.897035 -0.102818 -0.428703
1750711262.584872 37369026.690423 2971252.002491 5333200.869167 -0.031149 -0.897035 -0.102818 -0.428703
1750711262.589873 37369026.690423 2971252.002491 5333200.869167 -0.031149 -0.897035 -0.102818 -0.428703
1750711262.594875 37369026.690423 2971252.002491 5333200.869167 -0.031149 -0.897035 -0.102818 -0.428703
1750711262.599875 37369026.690423 2971252.002491 5333200.869167 -0.031149 -0.897035 -0.102818 -0.428703
1750711262.604877 37369026.690423 2971252.002491 5333200.869167 -0.031149 -0.897035 -0.102818 -0.428703
1750711262.609878 37369026.690423 2971252.002491 5333200.869167 -0.031149 -0.897035 -0.102818 -0.428703
1750711262.614879 37369026.690423 2971252.002491 5333200.869167 -0.031149 -0.897035 -0.102818 -0.428703
1750711262.619880 37369026.690423 2971252.002491 5333200.869167 -0.031149 -0.897035 -0.102818 -0.428703
1750711262.624881 37369026.690423 2971252.002491 5333200.869167 -0.031149 -0.897035 -0.102818 -0.428703
1750711262.629882 37369026.690423 2971252.002491 5333200.869167 -0.031149 -0.897035 -0.102818 -0.428703
1750711262.634883 37369026.703203 2971252.000096 5333200.863799 -0.030921 -0.891006 -0.101556 -0.441405
1750711262.639885 37369026.703203 2971252.000096 5333200.863799 -0.030921 -0.891006 -0.101556 -0.441405
1750711262.644886 37369026.703203 2971252.000096 5333200.863799 -0.030921 -0.891006 -0.101556 -0.441405
1750711262.649887 37369026.703203 2971252.000096 5333200.863799 -0.030921 -0.891006 -0.101556 -0.441405
1750711262.654888 37369026.703203 2971252.000096 5333200.863799 -0.030921 -0.891006 -0.101556 -0.441405
1750711262.659889 37369026.703203 2971252.000096 5333200.863799 -0.030921 -0.891006 -0.101556 -0.441405
1750711262.664890 37369026.703203 2971252.000096 5333200.863799 -0.030921 -0.891006 -0.101556 -0.441405
1750711262.669892 37369026.710939 2971252.002192 5333200.860582 -0.030625 -0.887687 -0.100986 -0.448191
1750711262.674893 37369026.710939 2971252.002192 5333200.860582 -0.030625 -0.887687 -0.100986 -0.448191
1750711262.679894 37369026.710939 2971252.002192 5333200.860582 -0.030625 -0.887687 -0.100986 -0.448191
1750711262.684896 37369026.710939 2971252.002192 5333200.860582 -0.030625 -0.887687 -0.100986 -0.448191
1750711262.689896 37369026.710939 2971252.002192 5333200.860582 -0.030625 -0.887687 -0.100986 -0.448191
1750711262.694898 37369026.710939 2971252.002192 5333200.860582 -0.030625 -0.887687 -0.100986 -0.448191
1750711262.699899 37369026.710939 2971252.002192 5333200.860582 -0.030625 -0.887687 -0.100986 -0.448191
1750711262.704900 37369026.710939 2971252.002192 5333200.860582 -0.030625 -0.887687 -0.100986 -0.448191
1750711262.709902 37369026.710939 2971252.002192 5333200.860582 -0.030625 -0.887687 -0.100986 -0.448191
1750711262.714902 37369026.710939 2971252.002192 5333200.860582 -0.030625 -0.887687 -0.100986 -0.448191
1750711262.719904 37369026.710939 2971252.002192 5333200.860582 -0.030625 -0.887687 -0.100986 -0.448191
1750711262.724904 37369026.710939 2971252.002192 5333200.860582 -0.030625 -0.887687 -0.100986 -0.448191
1750711262.729906 37369026.710939 2971252.002192 5333200.860582 -0.030625 -0.887687 -0.100986 -0.448191
1750711262.734907 37369026.710939 2971252.002192 5333200.860582 -0.030625 -0.887687 -0.100986 -0.448191
1750711262.739908 37369026.710939 2971252.002192 5333200.860582 -0.030625 -0.887687 -0.100986 -0.448191
1750711262.744910 37369026.710939 2971252.002192 5333200.860582 -0.030625 -0.887687 -0.100986 -0.448191
1750711262.749911 37369026.710939 2971252.002192 5333200.860582 -0.030625 -0.887687 -0.100986 -0.448191
1750711262.754912 37369026.710939 2971252.002192 5333200.860582 -0.030625 -0.887687 -0.100986 -0.448191
1750711262.759913 37369026.710939 2971252.002192 5333200.860582 -0.030625 -0.887687 -0.100986 -0.448191
1750711262.764915 37369026.710939 2971252.002192 5333200.860582 -0.030625 -0.887687 -0.100986 -0.448191
1750711262.769915 37369026.733475 2971252.007161 5333200.847801 -0.028371 -0.876242 -0.099320 -0.470669
1750711262.774917 37369026.733475 2971252.007161 5333200.847801 -0.028371 -0.876242 -0.099320 -0.470669
1750711262.779918 37369026.733475 2971252.007161 5333200.847801 -0.028371 -0.876242 -0.099320 -0.470669
1750711262.784919 37369026.733475 2971252.007161 5333200.847801 -0.028371 -0.876242 -0.099320 -0.470669
1750711262.789920 37369026.733475 2971252.007161 5333200.847801 -0.028371 -0.876242 -0.099320 -0.470669
1750711262.794921 37369026.733475 2971252.007161 5333200.847801 -0.028371 -0.876242 -0.099320 -0.470669
1750711262.799923 37369026.733475 2971252.007161 5333200.847801 -0.028371 -0.876242 -0.099320 -0.470669
1750711262.804923 37369026.733475 2971252.007161 5333200.847801 -0.028371 -0.876242 -0.099320 -0.470669
1750711262.809925 37369026.733475 2971252.007161 5333200.847801 -0.028371 -0.876242 -0.099320 -0.470669
1750711262.814926 37369026.733475 2971252.007161 5333200.847801 -0.028371 -0.876242 -0.099320 -0.470669
1750711262.819927 37369026.733475 2971252.007161 5333200.847801 -0.028371 -0.876242 -0.099320 -0.470669
1750711262.824929 37369026.733475 2971252.007161 5333200.847801 -0.028371 -0.876242 -0.099320 -0.470669
1750711262.829929 37369026.733475 2971252.007161 5333200.847801 -0.028371 -0.876242 -0.099320 -0.470669
1750711262.834931 37369026.755049 2971252.005211 5333200.839975 -0.025780 -0.867860 -0.099160 -0.486128
1750711262.839931 37369026.755049 2971252.005211 5333200.839975 -0.025780 -0.867860 -0.099160 -0.486128
1750711262.844933 37369026.755049 2971252.005211 5333200.839975 -0.025780 -0.867860 -0.099160 -0.486128
1750711262.849934 37369026.755049 2971252.005211 5333200.839975 -0.025780 -0.867860 -0.099160 -0.486128
1750711262.854935 37369026.755049 2971252.005211 5333200.839975 -0.025780 -0.867860 -0.099160 -0.486128
1750711262.859936 37369026.755049 2971252.005211 5333200.839975 -0.025780 -0.867860 -0.099160 -0.486128
1750711262.864938 37369026.755049 2971252.005211 5333200.839975 -0.025780 -0.867860 -0.099160 -0.486128
1750711262.869939 37369026.755049 2971252.005211 5333200.839975 -0.025780 -0.867860 -0.099160 -0.486128
1750711262.874940 37369026.755049 2971252.005211 5333200.839975 -0.025780 -0.867860 -0.099160 -0.486128
1750711262.879941 37369026.755049 2971252.005211 5333200.839975 -0.025780 -0.867860 -0.099160 -0.486128
1750711262.884942 37369026.755049 2971252.005211 5333200.839975 -0.025780 -0.867860 -0.099160 -0.486128
1750711262.889943 37369026.755049 2971252.005211 5333200.839975 -0.025780 -0.867860 -0.099160 -0.486128
1750711262.894945 37369026.755049 2971252.005211 5333200.839975 -0.025780 -0.867860 -0.099160 -0.486128
1750711262.899946 37369026.755049 2971252.005211 5333200.839975 -0.025780 -0.867860 -0.099160 -0.486128
1750711262.901590 37369026.763078 2971252.004644 5333200.825445 0.023875 0.857214 0.101288 0.504335
1750711262.904947 37369026.763078 2971252.004644 5333200.825445 0.023875 0.857214 0.101288 0.504335
1750711262.909948 37369026.763078 2971252.004644 5333200.825445 0.023875 0.857214 0.101288 0.504335
1750711262.914949 37369026.763078 2971252.004644 5333200.825445 0.023875 0.857214 0.101288 0.504335
1750711262.919950 37369026.763078 2971252.004644 5333200.825445 0.023875 0.857214 0.101288 0.504335
1750711262.924952 37369026.763078 2971252.004644 5333200.825445 0.023875 0.857214 0.101288 0.504335
1750711262.929953 37369026.763078 2971252.004644 5333200.825445 0.023875 0.857214 0.101288 0.504335
1750711262.934954 37369026.771365 2971252.004277 5333200.819876 0.022744 0.852379 0.101784 0.512417
1750711262.939955 37369026.771365 2971252.004277 5333200.819876 0.022744 0.852379 0.101784 0.512417
1750711262.944956 37369026.771365 2971252.004277 5333200.819876 0.022744 0.852379 0.101784 0.512417
1750711262.949958 37369026.771365 2971252.004277 5333200.819876 0.022744 0.852379 0.101784 0.512417
1750711262.954959 37369026.771365 2971252.004277 5333200.819876 0.022744 0.852379 0.101784 0.512417
1750711262.959960 37369026.771365 2971252.004277 5333200.819876 0.022744 0.852379 0.101784 0.512417
1750711262.964961 37369026.771365 2971252.004277 5333200.819876 0.022744 0.852379 0.101784 0.512417
1750711262.969962 37369026.771365 2971252.004277 5333200.819876 0.022744 0.852379 0.101784 0.512417
1750711262.974963 37369026.771365 2971252.004277 5333200.819876 0.022744 0.852379 0.101784 0.512417
1750711262.979964 37369026.771365 2971252.004277 5333200.819876 0.022744 0.852379 0.101784 0.512417
1750711262.984966 37369026.771365 2971252.004277 5333200.819876 0.022744 0.852379 0.101784 0.512417
1750711262.989967 37369026.771365 2971252.004277 5333200.819876 0.022744 0.852379 0.101784 0.512417
1750711262.994968 37369026.771365 2971252.004277 5333200.819876 0.022744 0.852379 0.101784 0.512417
1750711262.999969 37369026.771365 2971252.004277 5333200.819876 0.022744 0.852379 0.101784 0.512417
1750711263.004971 37369026.790137 2971252.003498 5333200.809203 0.023388 0.841673 0.101341 0.529877
1750711263.009971 37369026.790137 2971252.003498 5333200.809203 0.023388 0.841673 0.101341 0.529877
1750711263.014973 37369026.790137 2971252.003498 5333200.809203 0.023388 0.841673 0.101341 0.529877
1750711263.019974 37369026.790137 2971252.003498 5333200.809203 0.023388 0.841673 0.101341 0.529877
1750711263.024975 37369026.790137 2971252.003498 5333200.809203 0.023388 0.841673 0.101341 0.529877
1750711263.029977 37369026.790137 2971252.003498 5333200.809203 0.023388 0.841673 0.101341 0.529877
1750711263.034977 37369026.790137 2971252.003498 5333200.809203 0.023388 0.841673 0.101341 0.529877
1750711263.039979 37369026.790137 2971252.003498 5333200.809203 0.023388 0.841673 0.101341 0.529877
1750711263.044979 37369026.790137 2971252.003498 5333200.809203 0.023388 0.841673 0.101341 0.529877
1750711263.049981 37369026.790137 2971252.003498 5333200.809203 0.023388 0.841673 0.101341 0.529877
1750711263.054982 37369026.790137 2971252.003498 5333200.809203 0.023388 0.841673 0.101341 0.529877
1750711263.059983 37369026.790137 2971252.003498 5333200.809203 0.023388 0.841673 0.101341 0.529877
1750711263.064985 37369026.790137 2971252.003498 5333200.809203 0.023388 0.841673 0.101341 0.529877
1750711263.069985 37369026.810312 2971252.002086 5333200.797188 0.022918 0.830831 0.098331 0.547288
1750711263.074987 37369026.810312 2971252.002086 5333200.797188 0.022918 0.830831 0.098331 0.547288
1750711263.079988 37369026.810312 2971252.002086 5333200.797188 0.022918 0.830831 0.098331 0.547288
1750711263.084989 37369026.810312 2971252.002086 5333200.797188 0.022918 0.830831 0.098331 0.547288
1750711263.089990 37369026.810312 2971252.002086 5333200.797188 0.022918 0.830831 0.098331 0.547288
1750711263.094991 37369026.810312 2971252.002086 5333200.797188 0.022918 0.830831 0.098331 0.547288
1750711263.099993 37369026.810312 2971252.002086 5333200.797188 0.022918 0.830831 0.098331 0.547288
1750711263.104994 37369026.820640 2971252.001290 5333200.790761 0.022394 0.825783 0.097644 0.555018
1750711263.109995 37369026.820640 2971252.001290 5333200.790761 0.022394 0.825783 0.097644 0.555018
1750711263.114996 37369026.820640 2971252.001290 5333200.790761 0.022394 0.825783 0.097644 0.555018
1750711263.119998 37369026.820640 2971252.001290 5333200.790761 0.022394 0.825783 0.097644 0.555018
1750711263.124998 37369026.820640 2971252.001290 5333200.790761 0.022394 0.825783 0.097644 0.555018
1750711263.130000 37369026.820640 2971252.001290 5333200.790761 0.022394 0.825783 0.097644 0.555018
1750711263.135001 37369026.820640 2971252.001290 5333200.790761 0.022394 0.825783 0.097644 0.555018
1750711263.140002 37369026.820640 2971252.001290 5333200.790761 0.022394 0.825783 0.097644 0.555018
1750711263.145004 37369026.820640 2971252.001290 5333200.790761 0.022394 0.825783 0.097644 0.555018
1750711263.150004 37369026.820640 2971252.001290 5333200.790761 0.022394 0.825783 0.097644 0.555018
1750711263.155006 37369026.820640 2971252.001290 5333200.790761 0.022394 0.825783 0.097644 0.555018
1750711263.160007 37369026.820640 2971252.001290 5333200.790761 0.022394 0.825783 0.097644 0.555018
1750711263.165008 37369026.820640 2971252.001290 5333200.790761 0.022394 0.825783 0.097644 0.555018
1750711263.170010 37369026.841690 2971252.000244 5333200.780841 0.021381 0.817787 0.096626 0.566948
1750711263.175010 37369026.841690 2971252.000244 5333200.780841 0.021381 0.817787 0.096626 0.566948
1750711263.180012 37369026.841690 2971252.000244 5333200.780841 0.021381 0.817787 0.096626 0.566948
1750711263.185013 37369026.841690 2971252.000244 5333200.780841 0.021381 0.817787 0.096626 0.566948
1750711263.190014 37369026.841690 2971252.000244 5333200.780841 0.021381 0.817787 0.096626 0.566948
1750711263.195015 37369026.841690 2971252.000244 5333200.780841 0.021381 0.817787 0.096626 0.566948
1750711263.200016 37369026.841690 2971252.000244 5333200.780841 0.021381 0.817787 0.096626 0.566948
1750711263.205018 37369026.841690 2971252.000244 5333200.780841 0.021381 0.817787 0.096626 0.566948
1750711263.210019 37369026.841690 2971252.000244 5333200.780841 0.021381 0.817787 0.096626 0.566948
1750711263.215020 37369026.841690 2971252.000244 5333200.780841 0.021381 0.817787 0.096626 0.566948
1750711263.220021 37369026.841690 2971252.000244 5333200.780841 0.021381 0.817787 0.096626 0.566948
1750711263.225022 37369026.841690 2971252.000244 5333200.780841 0.021381 0.817787 0.096626 0.566948
1750711263.230023 37369026.841690 2971252.000244 5333200.780841 0.021381 0.817787 0.096626 0.566948
1750711263.235025 37369026.862246 2971251.998565 5333200.767488 0.020681 0.809831 0.094766 0.578589
1750711263.240025 37369026.862246 2971251.998565 5333200.767488 0.020681 0.809831 0.094766 0.578589
1750711263.245027 37369026.862246 2971251.998565 5333200.767488 0.020681 0.809831 0.094766 0.578589
1750711263.250028 37369026.862246 2971251.998565 5333200.767488 0.020681 0.809831 0.094766 0.578589
1750711263.255029 37369026.862246 2971251.998565 5333200.767488 0.020681 0.809831 0.094766 0.578589
1750711263.260031 37369026.862246 2971251.998565 5333200.767488 0.020681 0.809831 0.094766 0.578589
1750711263.265031 37369026.862246 2971251.998565 5333200.767488 0.020681 0.809831 0.094766 0.578589
1750711263.270033 37369026.862246 2971251.998565 5333200.767488 0.020681 0.809831 0.094766 0.578589
1750711263.275034 37369026.862246 2971251.998565 5333200.767488 0.020681 0.809831 0.094766 0.578589
1750711263.280035 37369026.862246 2971251.998565 5333200.767488 0.020681 0.809831 0.094766 0.578589
1750711263.285036 37369026.862246 2971251.998565 5333200.767488 0.020681 0.809831 0.094766 0.578589
1750711263.290037 37369026.862246 2971251.998565 5333200.767488 0.020681 0.809831 0.094766 0.578589
1750711263.295039 37369026.862246 2971251.998565 5333200.767488 0.020681 0.809831 0.094766 0.578589
1750711263.300040 37369026.862246 2971251.998565 5333200.767488 0.020681 0.809831 0.094766 0.578589
1750711263.305041 37369026.881776 2971251.996600 5333200.754907 0.018545 0.801507 0.093272 0.590375
1750711263.310042 37369026.881776 2971251.996600 5333200.754907 0.018545 0.801507 0.093272 0.590375
1750711263.315043 37369026.881776 2971251.996600 5333200.754907 0.018545 0.801507 0.093272 0.590375
1750711263.320045 37369026.881776 2971251.996600 5333200.754907 0.018545 0.801507 0.093272 0.590375
1750711263.325046 37369026.881776 2971251.996600 5333200.754907 0.018545 0.801507 0.093272 0.590375
1750711263.330047 37369026.881776 2971251.996600 5333200.754907 0.018545 0.801507 0.093272 0.590375
1750711263.335048 37369026.881776 2971251.996600 5333200.754907 0.018545 0.801507 0.093272 0.590375
1750711263.340050 37369026.881776 2971251.996600 5333200.754907 0.018545 0.801507 0.093272 0.590375
1750711263.345050 37369026.881776 2971251.996600 5333200.754907 0.018545 0.801507 0.093272 0.590375
1750711263.350052 37369026.881776 2971251.996600 5333200.754907 0.018545 0.801507 0.093272 0.590375
1750711263.355052 37369026.881776 2971251.996600 5333200.754907 0.018545 0.801507 0.093272 0.590375
1750711263.360054 37369026.881776 2971251.996600 5333200.754907 0.018545 0.801507 0.093272 0.590375
1750711263.365056 37369026.881776 2971251.996600 5333200.754907 0.018545 0.801507 0.093272 0.590375
1750711263.370056 37369026.899148 2971251.994392 5333200.743129 0.017139 0.793449 0.092251 0.601361
1750711263.375058 37369026.899148 2971251.994392 5333200.743129 0.017139 0.793449 0.092251 0.601361
1750711263.380058 37369026.899148 2971251.994392 5333200.743129 0.017139 0.793449 0.092251 0.601361
1750711263.385060 37369026.899148 2971251.994392 5333200.743129 0.017139 0.793449 0.092251 0.601361
1750711263.390060 37369026.899148 2971251.994392 5333200.743129 0.017139 0.793449 0.092251 0.601361
1750711263.395062 37369026.899148 2971251.994392 5333200.743129 0.017139 0.793449 0.092251 0.601361
1750711263.400064 37369026.899148 2971251.994392 5333200.743129 0.017139 0.793449 0.092251 0.601361
1750711263.405064 37369026.899148 2971251.994392 5333200.743129 0.017139 0.793449 0.092251 0.601361
1750711263.410066 37369026.899148 2971251.994392 5333200.743129 0.017139 0.793449 0.092251 0.601361
1750711263.415067 37369026.899148 2971251.994392 5333200.743129 0.017139 0.793449 0.092251 0.601361
1750711263.420068 37369026.899148 2971251.994392 5333200.743129 0.017139 0.793449 0.092251 0.601361
1750711263.425069 37369026.899148 2971251.994392 5333200.743129 0.017139 0.793449 0.092251 0.601361
1750711263.430070 37369026.899148 2971251.994392 5333200.743129 0.017139 0.793449 0.092251 0.601361
1750711263.435071 37369026.918510 2971251.995211 5333200.731604 0.016968 0.784858 0.091342 0.612671
1750711263.440073 37369026.918510 2971251.995211 5333200.731604 0.016968 0.784858 0.091342 0.612671
1750711263.445074 37369026.918510 2971251.995211 5333200.731604 0.016968 0.784858 0.091342 0.612671
1750711263.450075 37369026.918510 2971251.995211 5333200.731604 0.016968 0.784858 0.091342 0.612671
1750711263.455076 37369026.918510 2971251.995211 5333200.731604 0.016968 0.784858 0.091342 0.612671
1750711263.460077 37369026.918510 2971251.995211 5333200.731604 0.016968 0.784858 0.091342 0.612671
1750711263.465079 37369026.918510 2971251.995211 5333200.731604 0.016968 0.784858 0.091342 0.612671
1750711263.470079 37369026.918510 2971251.995211 5333200.731604 0.016968 0.784858 0.091342 0.612671
1750711263.475081 37369026.918510 2971251.995211 5333200.731604 0.016968 0.784858 0.091342 0.612671
1750711263.480082 37369026.918510 2971251.995211 5333200.731604 0.016968 0.784858 0.091342 0.612671
1750711263.485083 37369026.918510 2971251.995211 5333200.731604 0.016968 0.784858 0.091342 0.612671
1750711263.490085 37369026.918510 2971251.995211 5333200.731604 0.016968 0.784858 0.091342 0.612671
1750711263.495085 37369026.918510 2971251.995211 5333200.731604 0.016968 0.784858 0.091342 0.612671
1750711263.500087 37369026.918510 2971251.995211 5333200.731604 0.016968 0.784858 0.091342 0.612671
1750711263.505088 37369026.934630 2971251.995089 5333200.725997 0.017841 0.774677 0.090596 0.625580
1750711263.510089 37369026.934630 2971251.995089 5333200.725997 0.017841 0.774677 0.090596 0.625580
1750711263.515090 37369026.934630 2971251.995089 5333200.725997 0.017841 0.774677 0.090596 0.625580
1750711263.520092 37369026.934630 2971251.995089 5333200.725997 0.017841 0.774677 0.090596 0.625580
1750711263.525093 37369026.934630 2971251.995089 5333200.725997 0.017841 0.774677 0.090596 0.625580
1750711263.530094 37369026.934630 2971251.995089 5333200.725997 0.017841 0.774677 0.090596 0.625580
1750711263.535095 37369026.934630 2971251.995089 5333200.725997 0.017841 0.774677 0.090596 0.625580
1750711263.540096 37369026.934630 2971251.995089 5333200.725997 0.017841 0.774677 0.090596 0.625580
1750711263.545098 37369026.934630 2971251.995089 5333200.725997 0.017841 0.774677 0.090596 0.625580
1750711263.550098 37369026.934630 2971251.995089 5333200.725997 0.017841 0.774677 0.090596 0.625580
1750711263.555100 37369026.934630 2971251.995089 5333200.725997 0.017841 0.774677 0.090596 0.625580
1750711263.560101 37369026.934630 2971251.995089 5333200.725997 0.017841 0.774677 0.090596 0.625580
1750711263.565103 37369026.934630 2971251.995089 5333200.725997 0.017841 0.774677 0.090596 0.625580
1750711263.570104 37369026.949894 2971251.996375 5333200.723047 0.019707 0.761813 0.088925 0.641362
1750711263.575105 37369026.949894 2971251.996375 5333200.723047 0.019707 0.761813 0.088925 0.641362
1750711263.580106 37369026.949894 2971251.996375 5333200.723047 0.019707 0.761813 0.088925 0.641362
1750711263.585107 37369026.949894 2971251.996375 5333200.723047 0.019707 0.761813 0.088925 0.641362
1750711263.590109 37369026.949894 2971251.996375 5333200.723047 0.019707 0.761813 0.088925 0.641362
1750711263.595109 37369026.949894 2971251.996375 5333200.723047 0.019707 0.761813 0.088925 0.641362
1750711263.600111 37369026.949894 2971251.996375 5333200.723047 0.019707 0.761813 0.088925 0.641362
1750711263.605113 37369026.949894 2971251.996375 5333200.723047 0.019707 0.761813 0.088925 0.641362
1750711263.610113 37369026.949894 2971251.996375 5333200.723047 0.019707 0.761813 0.088925 0.641362
1750711263.615115 37369026.949894 2971251.996375 5333200.723047 0.019707 0.761813 0.088925 0.641362
1750711263.620116 37369026.949894 2971251.996375 5333200.723047 0.019707 0.761813 0.088925 0.641362
1750711263.625117 37369026.949894 2971251.996375 5333200.723047 0.019707 0.761813 0.088925 0.641362
1750711263.630118 37369026.949894 2971251.996375 5333200.723047 0.019707 0.761813 0.088925 0.641362
1750711263.635119 37369026.966684 2971251.997772 5333200.720895 0.020694 0.747514 0.085006 0.658459
1750711263.640121 37369026.966684 2971251.997772 5333200.720895 0.020694 0.747514 0.085006 0.658459
1750711263.645122 37369026.966684 2971251.997772 5333200.720895 0.020694 0.747514 0.085006 0.658459
1750711263.650123 37369026.966684 2971251.997772 5333200.720895 0.020694 0.747514 0.085006 0.658459
1750711263.655124 37369026.966684 2971251.997772 5333200.720895 0.020694 0.747514 0.085006 0.658459
1750711263.660126 37369026.966684 2971251.997772 5333200.720895 0.020694 0.747514 0.085006 0.658459
1750711263.665126 37369026.966684 2971251.997772 5333200.720895 0.020694 0.747514 0.085006 0.658459
1750711263.670128 37369026.966684 2971251.997772 5333200.720895 0.020694 0.747514 0.085006 0.658459
1750711263.675130 37369026.966684 2971251.997772 5333200.720895 0.020694 0.747514 0.085006 0.658459
1750711263.680130 37369026.966684 2971251.997772 5333200.720895 0.020694 0.747514 0.085006 0.658459
1750711263.685132 37369026.966684 2971251.997772 5333200.720895 0.020694 0.747514 0.085006 0.658459
1750711263.690132 37369026.966684 2971251.997772 5333200.720895 0.020694 0.747514 0.085006 0.658459
1750711263.695134 37369026.966684 2971251.997772 5333200.720895 0.020694 0.747514 0.085006 0.658459
1750711263.700135 37369026.966684 2971251.997772 5333200.720895 0.020694 0.747514 0.085006 0.658459
1750711263.705136 37369026.984120 2971251.999951 5333200.719530 0.020060 0.732323 0.078880 0.676076
1750711263.710137 37369026.984120 2971251.999951 5333200.719530 0.020060 0.732323 0.078880 0.676076
1750711263.715139 37369026.984120 2971251.999951 5333200.719530 0.020060 0.732323 0.078880 0.676076
1750711263.720140 37369026.984120 2971251.999951 5333200.719530 0.020060 0.732323 0.078880 0.676076
1750711263.725141 37369026.984120 2971251.999951 5333200.719530 0.020060 0.732323 0.078880 0.676076
1750711263.730143 37369026.984120 2971251.999951 5333200.719530 0.020060 0.732323 0.078880 0.676076
1750711263.735143 37369026.984120 2971251.999951 5333200.719530 0.020060 0.732323 0.078880 0.676076
1750711263.740145 37369026.984120 2971251.999951 5333200.719530 0.020060 0.732323 0.078880 0.676076
1750711263.745146 37369026.984120 2971251.999951 5333200.719530 0.020060 0.732323 0.078880 0.676076
1750711263.750147 37369026.984120 2971251.999951 5333200.719530 0.020060 0.732323 0.078880 0.676076
1750711263.755149 37369026.984120 2971251.999951 5333200.719530 0.020060 0.732323 0.078880 0.676076
1750711263.760150 37369026.984120 2971251.999951 5333200.719530 0.020060 0.732323 0.078880 0.676076
1750711263.765151 37369026.984120 2971251.999951 5333200.719530 0.020060 0.732323 0.078880 0.676076
1750711263.770152 37369027.006914 2971251.977124 5333200.732855 0.019009 0.720089 0.067289 0.690349
1750711263.775154 37369027.006914 2971251.977124 5333200.732855 0.019009 0.720089 0.067289 0.690349
1750711263.780154 37369027.006914 2971251.977124 5333200.732855 0.019009 0.720089 0.067289 0.690349
1750711263.785156 37369027.006914 2971251.977124 5333200.732855 0.019009 0.720089 0.067289 0.690349
1750711263.790157 37369027.006914 2971251.977124 5333200.732855 0.019009 0.720089 0.067289 0.690349
1750711263.795158 37369027.006914 2971251.977124 5333200.732855 0.019009 0.720089 0.067289 0.690349
1750711263.800160 37369027.006914 2971251.977124 5333200.732855 0.019009 0.720089 0.067289 0.690349
1750711263.805161 37369027.006914 2971251.977124 5333200.732855 0.019009 0.720089 0.067289 0.690349
1750711263.810162 37369027.006914 2971251.977124 5333200.732855 0.019009 0.720089 0.067289 0.690349
1750711263.815163 37369027.006914 2971251.977124 5333200.732855 0.019009 0.720089 0.067289 0.690349
1750711263.820164 37369027.006914 2971251.977124 5333200.732855 0.019009 0.720089 0.067289 0.690349
1750711263.825165 37369027.006914 2971251.977124 5333200.732855 0.019009 0.720089 0.067289 0.690349
1750711263.830167 37369027.006914 2971251.977124 5333200.732855 0.019009 0.720089 0.067289 0.690349
1750711263.835168 37369027.022544 2971251.980058 5333200.737470 0.019842 0.706094 0.062992 0.705032
1750711263.840169 37369027.022544 2971251.980058 5333200.737470 0.019842 0.706094 0.062992 0.705032
1750711263.845171 37369027.022544 2971251.980058 5333200.737470 0.019842 0.706094 0.062992 0.705032
1750711263.850171 37369027.022544 2971251.980058 5333200.737470 0.019842 0.706094 0.062992 0.705032
1750711263.855173 37369027.022544 2971251.980058 5333200.737470 0.019842 0.706094 0.062992 0.705032
1750711263.860173 37369027.022544 2971251.980058 5333200.737470 0.019842 0.706094 0.062992 0.705032
1750711263.865175 37369027.022544 2971251.980058 5333200.737470 0.019842 0.706094 0.062992 0.705032
1750711263.870177 37369027.022544 2971251.980058 5333200.737470 0.019842 0.706094 0.062992 0.705032
1750711263.875177 37369027.022544 2971251.980058 5333200.737470 0.019842 0.706094 0.062992 0.705032
1750711263.880179 37369027.022544 2971251.980058 5333200.737470 0.019842 0.706094 0.062992 0.705032
1750711263.885180 37369027.022544 2971251.980058 5333200.737470 0.019842 0.706094 0.062992 0.705032
1750711263.890181 37369027.022544 2971251.980058 5333200.737470 0.019842 0.706094 0.062992 0.705032
1750711263.895182 37369027.022544 2971251.980058 5333200.737470 0.019842 0.706094 0.062992 0.705032
1750711263.900183 37369027.022544 2971251.980058 5333200.737470 0.019842 0.706094 0.062992 0.705032
1750711263.905184 37369027.037379 2971251.984761 5333200.741432 0.020691 0.692478 0.059590 0.718676
1750711263.910186 37369027.037379 2971251.984761 5333200.741432 0.020691 0.692478 0.059590 0.718676
1750711263.915187 37369027.037379 2971251.984761 5333200.741432 0.020691 0.692478 0.059590 0.718676
1750711263.920188 37369027.037379 2971251.984761 5333200.741432 0.020691 0.692478 0.059590 0.718676
1750711263.925190 37369027.037379 2971251.984761 5333200.741432 0.020691 0.692478 0.059590 0.718676
1750711263.930190 37369027.037379 2971251.984761 5333200.741432 0.020691 0.692478 0.059590 0.718676
1750711263.935192 37369027.037379 2971251.984761 5333200.741432 0.020691 0.692478 0.059590 0.718676
1750711263.940193 37369027.037379 2971251.984761 5333200.741432 0.020691 0.692478 0.059590 0.718676
1750711263.945194 37369027.037379 2971251.984761 5333200.741432 0.020691 0.692478 0.059590 0.718676
1750711263.950196 37369027.037379 2971251.984761 5333200.741432 0.020691 0.692478 0.059590 0.718676
1750711263.955197 37369027.037379 2971251.984761 5333200.741432 0.020691 0.692478 0.059590 0.718676
1750711263.960198 37369027.037379 2971251.984761 5333200.741432 0.020691 0.692478 0.059590 0.718676
1750711263.965199 37369027.037379 2971251.984761 5333200.741432 0.020691 0.692478 0.059590 0.718676
1750711263.970201 37369027.052550 2971251.990904 5333200.747971 0.021463 0.678438 0.054799 0.732297
1750711263.975202 37369027.052550 2971251.990904 5333200.747971 0.021463 0.678438 0.054799 0.732297
1750711263.980203 37369027.052550 2971251.990904 5333200.747971 0.021463 0.678438 0.054799 0.732297
1750711263.985204 37369027.052550 2971251.990904 5333200.747971 0.021463 0.678438 0.054799 0.732297
1750711263.990206 37369027.052550 2971251.990904 5333200.747971 0.021463 0.678438 0.054799 0.732297
1750711263.995207 37369027.052550 2971251.990904 5333200.747971 0.021463 0.678438 0.054799 0.732297
1750711264.000208 37369027.052550 2971251.990904 5333200.747971 0.021463 0.678438 0.054799 0.732297
1750711264.005209 37369027.052550 2971251.990904 5333200.747971 0.021463 0.678438 0.054799 0.732297
1750711264.010210 37369027.052550 2971251.990904 5333200.747971 0.021463 0.678438 0.054799 0.732297
1750711264.015212 37369027.052550 2971251.990904 5333200.747971 0.021463 0.678438 0.054799 0.732297
1750711264.020212 37369027.052550 2971251.990904 5333200.747971 0.021463 0.678438 0.054799 0.732297
1750711264.025214 37369027.052550 2971251.990904 5333200.747971 0.021463 0.678438 0.054799 0.732297
1750711264.030216 37369027.052550 2971251.990904 5333200.747971 0.021463 0.678438 0.054799 0.732297
1750711264.035216 37369027.071547 2971251.994105 5333200.756314 0.021147 0.667130 0.049438 0.742998
1750711264.040218 37369027.071547 2971251.994105 5333200.756314 0.021147 0.667130 0.049438 0.742998
1750711264.045218 37369027.071547 2971251.994105 5333200.756314 0.021147 0.667130 0.049438 0.742998
1750711264.050220 37369027.071547 2971251.994105 5333200.756314 0.021147 0.667130 0.049438 0.742998
1750711264.055222 37369027.071547 2971251.994105 5333200.756314 0.021147 0.667130 0.049438 0.742998
1750711264.060222 37369027.071547 2971251.994105 5333200.756314 0.021147 0.667130 0.049438 0.742998
1750711264.065224 37369027.071547 2971251.994105 5333200.756314 0.021147 0.667130 0.049438 0.742998
1750711264.070225 37369027.071547 2971251.994105 5333200.756314 0.021147 0.667130 0.049438 0.742998
1750711264.075226 37369027.071547 2971251.994105 5333200.756314 0.021147 0.667130 0.049438 0.742998
1750711264.080227 37369027.071547 2971251.994105 5333200.756314 0.021147 0.667130 0.049438 0.742998
1750711264.085228 37369027.071547 2971251.994105 5333200.756314 0.021147 0.667130 0.049438 0.742998
1750711264.090230 37369027.071547 2971251.994105 5333200.756314 0.021147 0.667130 0.049438 0.742998
1750711264.095231 37369027.071547 2971251.994105 5333200.756314 0.021147 0.667130 0.049438 0.742998
1750711264.100232 37369027.071547 2971251.994105 5333200.756314 0.021147 0.667130 0.049438 0.742998
1750711264.105233 37369027.071547 2971251.994105 5333200.756314 0.021147 0.667130 0.049438 0.742998
1750711264.110235 37369027.071547 2971251.994105 5333200.756314 0.021147 0.667130 0.049438 0.742998
1750711264.115235 37369027.071547 2971251.994105 5333200.756314 0.021147 0.667130 0.049438 0.742998
1750711264.120237 37369027.071547 2971251.994105 5333200.756314 0.021147 0.667130 0.049438 0.742998
1750711264.125238 37369027.071547 2971251.994105 5333200.756314 0.021147 0.667130 0.049438 0.742998
1750711264.130239 37369027.071547 2971251.994105 5333200.756314 0.021147 0.667130 0.049438 0.742998
1750711264.135240 37369027.096777 2971252.007279 5333200.770131 0.020217 0.654988 0.042164 0.754191
1750711264.140242 37369027.096777 2971252.007279 5333200.770131 0.020217 0.654988 0.042164 0.754191
1750711264.145243 37369027.096777 2971252.007279 5333200.770131 0.020217 0.654988 0.042164 0.754191
1750711264.150244 37369027.096777 2971252.007279 5333200.770131 0.020217 0.654988 0.042164 0.754191
1750711264.155246 37369027.096777 2971252.007279 5333200.770131 0.020217 0.654988 0.042164 0.754191
1750711264.160246 37369027.096777 2971252.007279 5333200.770131 0.020217 0.654988 0.042164 0.754191
1750711264.165248 37369027.096777 2971252.007279 5333200.770131 0.020217 0.654988 0.042164 0.754191
1750711264.170249 37369027.096777 2971252.007279 5333200.770131 0.020217 0.654988 0.042164 0.754191
1750711264.175250 37369027.096777 2971252.007279 5333200.770131 0.020217 0.654988 0.042164 0.754191
1750711264.180252 37369027.096777 2971252.007279 5333200.770131 0.020217 0.654988 0.042164 0.754191
1750711264.185252 37369027.096777 2971252.007279 5333200.770131 0.020217 0.654988 0.042164 0.754191
1750711264.190254 37369027.096777 2971252.007279 5333200.770131 0.020217 0.654988 0.042164 0.754191
1750711264.195255 37369027.096777 2971252.007279 5333200.770131 0.020217 0.654988 0.042164 0.754191
1750711264.200256 37369027.096777 2971252.007279 5333200.770131 0.020217 0.654988 0.042164 0.754191
1750711264.201906 37369027.109577 2971252.026316 5333200.774949 0.021431 0.647272 0.042556 0.760768
1750711264.205258 37369027.109577 2971252.026316 5333200.774949 0.021431 0.647272 0.042556 0.760768
1750711264.210258 37369027.109577 2971252.026316 5333200.774949 0.021431 0.647272 0.042556 0.760768
1750711264.215259 37369027.109577 2971252.026316 5333200.774949 0.021431 0.647272 0.042556 0.760768
1750711264.220261 37369027.109577 2971252.026316 5333200.774949 0.021431 0.647272 0.042556 0.760768
1750711264.225263 37369027.109577 2971252.026316 5333200.774949 0.021431 0.647272 0.042556 0.760768
1750711264.230263 37369027.109577 2971252.026316 5333200.774949 0.021431 0.647272 0.042556 0.760768
1750711264.235265 37369027.109577 2971252.026316 5333200.774949 0.021431 0.647272 0.042556 0.760768
1750711264.240267 37369027.109577 2971252.026316 5333200.774949 0.021431 0.647272 0.042556 0.760768
1750711264.245267 37369027.109577 2971252.026316 5333200.774949 0.021431 0.647272 0.042556 0.760768
1750711264.250269 37369027.109577 2971252.026316 5333200.774949 0.021431 0.647272 0.042556 0.760768
1750711264.255270 37369027.109577 2971252.026316 5333200.774949 0.021431 0.647272 0.042556 0.760768
1750711264.260271 37369027.109577 2971252.026316 5333200.774949 0.021431 0.647272 0.042556 0.760768
1750711264.265272 37369027.109577 2971252.026316 5333200.774949 0.021431 0.647272 0.042556 0.760768
1750711264.270273 37369027.125486 2971252.032363 5333200.787227 0.021682 0.640942 0.042559 0.766102
1750711264.275274 37369027.125486 2971252.032363 5333200.787227 0.021682 0.640942 0.042559 0.766102
1750711264.280276 37369027.125486 2971252.032363 5333200.787227 0.021682 0.640942 0.042559 0.766102
1750711264.285277 37369027.125486 2971252.032363 5333200.787227 0.021682 0.640942 0.042559 0.766102
1750711264.290278 37369027.125486 2971252.032363 5333200.787227 0.021682 0.640942 0.042559 0.766102
1750711264.295280 37369027.125486 2971252.032363 5333200.787227 0.021682 0.640942 0.042559 0.766102
1750711264.300280 37369027.125486 2971252.032363 5333200.787227 0.021682 0.640942 0.042559 0.766102
1750711264.305282 37369027.125486 2971252.032363 5333200.787227 0.021682 0.640942 0.042559 0.766102
1750711264.310282 37369027.125486 2971252.032363 5333200.787227 0.021682 0.640942 0.042559 0.766102
1750711264.315284 37369027.125486 2971252.032363 5333200.787227 0.021682 0.640942 0.042559 0.766102
1750711264.320286 37369027.125486 2971252.032363 5333200.787227 0.021682 0.640942 0.042559 0.766102
1750711264.325286 37369027.125486 2971252.032363 5333200.787227 0.021682 0.640942 0.042559 0.766102
1750711264.330288 37369027.125486 2971252.032363 5333200.787227 0.021682 0.640942 0.042559 0.766102
1750711264.335289 37369027.141399 2971252.037902 5333200.801422 0.022396 0.635050 0.042871 0.770955
1750711264.340291 37369027.141399 2971252.037902 5333200.801422 0.022396 0.635050 0.042871 0.770955
1750711264.345291 37369027.141399 2971252.037902 5333200.801422 0.022396 0.635050 0.042871 0.770955
1750711264.350293 37369027.141399 2971252.037902 5333200.801422 0.022396 0.635050 0.042871 0.770955
1750711264.355294 37369027.141399 2971252.037902 5333200.801422 0.022396 0.635050 0.042871 0.770955
1750711264.360295 37369027.141399 2971252.037902 5333200.801422 0.022396 0.635050 0.042871 0.770955
1750711264.365297 37369027.141399 2971252.037902 5333200.801422 0.022396 0.635050 0.042871 0.770955
1750711264.370297 37369027.141399 2971252.037902 5333200.801422 0.022396 0.635050 0.042871 0.770955
1750711264.375299 37369027.141399 2971252.037902 5333200.801422 0.022396 0.635050 0.042871 0.770955
1750711264.380300 37369027.141399 2971252.037902 5333200.801422 0.022396 0.635050 0.042871 0.770955
1750711264.385301 37369027.141399 2971252.037902 5333200.801422 0.022396 0.635050 0.042871 0.770955
1750711264.390303 37369027.141399 2971252.037902 5333200.801422 0.022396 0.635050 0.042871 0.770955
1750711264.395303 37369027.141399 2971252.037902 5333200.801422 0.022396 0.635050 0.042871 0.770955
1750711264.400304 37369027.141399 2971252.037902 5333200.801422 0.022396 0.635050 0.042871 0.770955
1750711264.405306 37369027.155169 2971252.042801 5333200.816425 0.022619 0.630269 0.043329 0.774837
1750711264.410307 37369027.155169 2971252.042801 5333200.816425 0.022619 0.630269 0.043329 0.774837
1750711264.415308 37369027.155169 2971252.042801 5333200.816425 0.022619 0.630269 0.043329 0.774837
1750711264.420310 37369027.155169 2971252.042801 5333200.816425 0.022619 0.630269 0.043329 0.774837
1750711264.425310 37369027.155169 2971252.042801 5333200.816425 0.022619 0.630269 0.043329 0.774837
1750711264.430312 37369027.155169 2971252.042801 5333200.816425 0.022619 0.630269 0.043329 0.774837
1750711264.435313 37369027.155169 2971252.042801 5333200.816425 0.022619 0.630269 0.043329 0.774837
1750711264.440314 37369027.155169 2971252.042801 5333200.816425 0.022619 0.630269 0.043329 0.774837
1750711264.445316 37369027.155169 2971252.042801 5333200.816425 0.022619 0.630269 0.043329 0.774837
1750711264.450316 37369027.155169 2971252.042801 5333200.816425 0.022619 0.630269 0.043329 0.774837
1750711264.455318 37369027.155169 2971252.042801 5333200.816425 0.022619 0.630269 0.043329 0.774837
1750711264.460319 37369027.155169 2971252.042801 5333200.816425 0.022619 0.630269 0.043329 0.774837
1750711264.465320 37369027.155169 2971252.042801 5333200.816425 0.022619 0.630269 0.043329 0.774837
1750711264.470321 37369027.170571 2971252.045878 5333200.832517 0.021698 0.626090 0.044218 0.778193
1750711264.475323 37369027.170571 2971252.045878 5333200.832517 0.021698 0.626090 0.044218 0.778193
1750711264.480324 37369027.170571 2971252.045878 5333200.832517 0.021698 0.626090 0.044218 0.778193
1750711264.485325 37369027.170571 2971252.045878 5333200.832517 0.021698 0.626090 0.044218 0.778193
1750711264.490327 37369027.170571 2971252.045878 5333200.832517 0.021698 0.626090 0.044218 0.778193
1750711264.495327 37369027.170571 2971252.045878 5333200.832517 0.021698 0.626090 0.044218 0.778193
1750711264.500329 37369027.170571 2971252.045878 5333200.832517 0.021698 0.626090 0.044218 0.778193
1750711264.505331 37369027.170571 2971252.045878 5333200.832517 0.021698 0.626090 0.044218 0.778193
1750711264.510331 37369027.170571 2971252.045878 5333200.832517 0.021698 0.626090 0.044218 0.778193
1750711264.515332 37369027.170571 2971252.045878 5333200.832517 0.021698 0.626090 0.044218 0.778193
1750711264.520334 37369027.170571 2971252.045878 5333200.832517 0.021698 0.626090 0.044218 0.778193
1750711264.525335 37369027.170571 2971252.045878 5333200.832517 0.021698 0.626090 0.044218 0.778193
1750711264.530336 37369027.170571 2971252.045878 5333200.832517 0.021698 0.626090 0.044218 0.778193
1750711264.535338 37369027.170571 2971252.045878 5333200.832517 0.021698 0.626090 0.044218 0.778193
1750711264.540338 37369027.170571 2971252.045878 5333200.832517 0.021698 0.626090 0.044218 0.778193
1750711264.545340 37369027.170571 2971252.045878 5333200.832517 0.021698 0.626090 0.044218 0.778193
1750711264.550342 37369027.170571 2971252.045878 5333200.832517 0.021698 0.626090 0.044218 0.778193
1750711264.555342 37369027.170571 2971252.045878 5333200.832517 0.021698 0.626090 0.044218 0.778193
1750711264.560344 37369027.170571 2971252.045878 5333200.832517 0.021698 0.626090 0.044218 0.778193
1750711264.565345 37369027.170571 2971252.045878 5333200.832517 0.021698 0.626090 0.044218 0.778193
1750711264.570346 37369027.187433 2971252.055121 5333200.855104 0.022468 0.619591 0.045628 0.783275
1750711264.575347 37369027.187433 2971252.055121 5333200.855104 0.022468 0.619591 0.045628 0.783275
1750711264.580348 37369027.187433 2971252.055121 5333200.855104 0.022468 0.619591 0.045628 0.783275
1750711264.585350 37369027.187433 2971252.055121 5333200.855104 0.022468 0.619591 0.045628 0.783275
1750711264.590351 37369027.187433 2971252.055121 5333200.855104 0.022468 0.619591 0.045628 0.783275
1750711264.595352 37369027.187433 2971252.055121 5333200.855104 0.022468 0.619591 0.045628 0.783275
1750711264.600353 37369027.187433 2971252.055121 5333200.855104 0.022468 0.619591 0.045628 0.783275
1750711264.605355 37369027.187433 2971252.055121 5333200.855104 0.022468 0.619591 0.045628 0.783275
1750711264.610355 37369027.187433 2971252.055121 5333200.855104 0.022468 0.619591 0.045628 0.783275
1750711264.615357 37369027.187433 2971252.055121 5333200.855104 0.022468 0.619591 0.045628 0.783275
1750711264.620358 37369027.187433 2971252.055121 5333200.855104 0.022468 0.619591 0.045628 0.783275
1750711264.625359 37369027.187433 2971252.055121 5333200.855104 0.022468 0.619591 0.045628 0.783275
1750711264.630361 37369027.187433 2971252.055121 5333200.855104 0.022468 0.619591 0.045628 0.783275
1750711264.635361 37369027.197884 2971252.060820 5333200.871813 0.023657 0.615184 0.047622 0.786588
1750711264.640363 37369027.197884 2971252.060820 5333200.871813 0.023657 0.615184 0.047622 0.786588
1750711264.645364 37369027.197884 2971252.060820 5333200.871813 0.023657 0.615184 0.047622 0.786588
1750711264.650365 37369027.197884 2971252.060820 5333200.871813 0.023657 0.615184 0.047622 0.786588
1750711264.655366 37369027.197884 2971252.060820 5333200.871813 0.023657 0.615184 0.047622 0.786588
1750711264.660367 37369027.197884 2971252.060820 5333200.871813 0.023657 0.615184 0.047622 0.786588
1750711264.665369 37369027.197884 2971252.060820 5333200.871813 0.023657 0.615184 0.047622 0.786588
1750711264.670370 37369027.197884 2971252.060820 5333200.871813 0.023657 0.615184 0.047622 0.786588
1750711264.675371 37369027.197884 2971252.060820 5333200.871813 0.023657 0.615184 0.047622 0.786588
1750711264.680372 37369027.197884 2971252.060820 5333200.871813 0.023657 0.615184 0.047622 0.786588
1750711264.685374 37369027.197884 2971252.060820 5333200.871813 0.023657 0.615184 0.047622 0.786588
1750711264.690374 37369027.197884 2971252.060820 5333200.871813 0.023657 0.615184 0.047622 0.786588
1750711264.695376 37369027.197884 2971252.060820 5333200.871813 0.023657 0.615184 0.047622 0.786588
1750711264.700378 37369027.197884 2971252.060820 5333200.871813 0.023657 0.615184 0.047622 0.786588
1750711264.705378 37369027.210936 2971252.062901 5333200.890760 0.023976 0.611204 0.047990 0.789652
1750711264.710380 37369027.210936 2971252.062901 5333200.890760 0.023976 0.611204 0.047990 0.789652
1750711264.715381 37369027.210936 2971252.062901 5333200.890760 0.023976 0.611204 0.047990 0.789652
1750711264.720382 37369027.210936 2971252.062901 5333200.890760 0.023976 0.611204 0.047990 0.789652
1750711264.725383 37369027.210936 2971252.062901 5333200.890760 0.023976 0.611204 0.047990 0.789652
1750711264.730385 37369027.210936 2971252.062901 5333200.890760 0.023976 0.611204 0.047990 0.789652
1750711264.735385 37369027.210936 2971252.062901 5333200.890760 0.023976 0.611204 0.047990 0.789652
1750711264.740387 37369027.210936 2971252.062901 5333200.890760 0.023976 0.611204 0.047990 0.789652
1750711264.745389 37369027.210936 2971252.062901 5333200.890760 0.023976 0.611204 0.047990 0.789652
1750711264.750389 37369027.210936 2971252.062901 5333200.890760 0.023976 0.611204 0.047990 0.789652
1750711264.755391 37369027.210936 2971252.062901 5333200.890760 0.023976 0.611204 0.047990 0.789652
1750711264.760391 37369027.210936 2971252.062901 5333200.890760 0.023976 0.611204 0.047990 0.789652
1750711264.765393 37369027.210936 2971252.062901 5333200.890760 0.023976 0.611204 0.047990 0.789652
1750711264.770394 37369027.218286 2971252.069371 5333200.906226 0.024565 0.606530 0.049580 0.793133
1750711264.775395 37369027.218286 2971252.069371 5333200.906226 0.024565 0.606530 0.049580 0.793133
1750711264.780396 37369027.218286 2971252.069371 5333200.906226 0.024565 0.606530 0.049580 0.793133
1750711264.785398 37369027.218286 2971252.069371 5333200.906226 0.024565 0.606530 0.049580 0.793133
1750711264.790399 37369027.218286 2971252.069371 5333200.906226 0.024565 0.606530 0.049580 0.793133
1750711264.795400 37369027.218286 2971252.069371 5333200.906226 0.024565 0.606530 0.049580 0.793133
1750711264.800401 37369027.218286 2971252.069371 5333200.906226 0.024565 0.606530 0.049580 0.793133
1750711264.805402 37369027.218286 2971252.069371 5333200.906226 0.024565 0.606530 0.049580 0.793133
1750711264.810404 37369027.218286 2971252.069371 5333200.906226 0.024565 0.606530 0.049580 0.793133
1750711264.815404 37369027.218286 2971252.069371 5333200.906226 0.024565 0.606530 0.049580 0.793133
1750711264.820406 37369027.218286 2971252.069371 5333200.906226 0.024565 0.606530 0.049580 0.793133
1750711264.825407 37369027.218286 2971252.069371 5333200.906226 0.024565 0.606530 0.049580 0.793133
1750711264.830408 37369027.218286 2971252.069371 5333200.906226 0.024565 0.606530 0.049580 0.793133
1750711264.835410 37369027.225676 2971252.075621 5333200.920789 0.026799 0.598840 0.049746 0.798873
1750711264.840410 37369027.225676 2971252.075621 5333200.920789 0.026799 0.598840 0.049746 0.798873
1750711264.845412 37369027.225676 2971252.075621 5333200.920789 0.026799 0.598840 0.049746 0.798873
1750711264.850413 37369027.225676 2971252.075621 5333200.920789 0.026799 0.598840 0.049746 0.798873
1750711264.855414 37369027.225676 2971252.075621 5333200.920789 0.026799 0.598840 0.049746 0.798873
1750711264.860415 37369027.225676 2971252.075621 5333200.920789 0.026799 0.598840 0.049746 0.798873
1750711264.865417 37369027.225676 2971252.075621 5333200.920789 0.026799 0.598840 0.049746 0.798873
1750711264.870418 37369027.225676 2971252.075621 5333200.920789 0.026799 0.598840 0.049746 0.798873
1750711264.875419 37369027.225676 2971252.075621 5333200.920789 0.026799 0.598840 0.049746 0.798873
1750711264.880421 37369027.225676 2971252.075621 5333200.920789 0.026799 0.598840 0.049746 0.798873
1750711264.885421 37369027.225676 2971252.075621 5333200.920789 0.026799 0.598840 0.049746 0.798873
1750711264.890423 37369027.225676 2971252.075621 5333200.920789 0.026799 0.598840 0.049746 0.798873
1750711264.895423 37369027.225676 2971252.075621 5333200.920789 0.026799 0.598840 0.049746 0.798873
1750711264.900425 37369027.225676 2971252.075621 5333200.920789 0.026799 0.598840 0.049746 0.798873
1750711264.905427 37369027.225676 2971252.075621 5333200.920789 0.026799 0.598840 0.049746 0.798873
1750711264.910427 37369027.225676 2971252.075621 5333200.920789 0.026799 0.598840 0.049746 0.798873
1750711264.915429 37369027.225676 2971252.075621 5333200.920789 0.026799 0.598840 0.049746 0.798873
1750711264.920429 37369027.225676 2971252.075621 5333200.920789 0.026799 0.598840 0.049746 0.798873
1750711264.925431 37369027.225676 2971252.075621 5333200.920789 0.026799 0.598840 0.049746 0.798873
1750711264.930432 37369027.225676 2971252.075621 5333200.920789 0.026799 0.598840 0.049746 0.798873
1750711264.935433 37369027.235128 2971252.080881 5333200.941294 0.029583 0.585125 0.048731 0.808936
1750711264.940434 37369027.235128 2971252.080881 5333200.941294 0.029583 0.585125 0.048731 0.808936
1750711264.945436 37369027.235128 2971252.080881 5333200.941294 0.029583 0.585125 0.048731 0.808936
1750711264.950437 37369027.235128 2971252.080881 5333200.941294 0.029583 0.585125 0.048731 0.808936
1750711264.955438 37369027.235128 2971252.080881 5333200.941294 0.029583 0.585125 0.048731 0.808936
1750711264.960440 37369027.235128 2971252.080881 5333200.941294 0.029583 0.585125 0.048731 0.808936
1750711264.965441 37369027.235128 2971252.080881 5333200.941294 0.029583 0.585125 0.048731 0.808936
1750711264.970442 37369027.235128 2971252.080881 5333200.941294 0.029583 0.585125 0.048731 0.808936
1750711264.975444 37369027.235128 2971252.080881 5333200.941294 0.029583 0.585125 0.048731 0.808936
1750711264.980444 37369027.235128 2971252.080881 5333200.941294 0.029583 0.585125 0.048731 0.808936
1750711264.985446 37369027.235128 2971252.080881 5333200.941294 0.029583 0.585125 0.048731 0.808936
1750711264.990447 37369027.235128 2971252.080881 5333200.941294 0.029583 0.585125 0.048731 0.808936
1750711264.995448 37369027.235128 2971252.080881 5333200.941294 0.029583 0.585125 0.048731 0.808936
1750711265.000449 37369027.235128 2971252.080881 5333200.941294 0.029583 0.585125 0.048731 0.808936
1750711265.005450 37369027.244440 2971252.084199 5333200.953214 0.028357 0.576641 0.049232 0.815020
1750711265.010452 37369027.244440 2971252.084199 5333200.953214 0.028357 0.576641 0.049232 0.815020
1750711265.015453 37369027.244440 2971252.084199 5333200.953214 0.028357 0.576641 0.049232 0.815020
1750711265.020454 37369027.244440 2971252.084199 5333200.953214 0.028357 0.576641 0.049232 0.815020
1750711265.025455 37369027.244440 2971252.084199 5333200.953214 0.028357 0.576641 0.049232 0.815020
1750711265.030457 37369027.244440 2971252.084199 5333200.953214 0.028357 0.576641 0.049232 0.815020
1750711265.035457 37369027.244440 2971252.084199 5333200.953214 0.028357 0.576641 0.049232 0.815020
1750711265.040459 37369027.244440 2971252.084199 5333200.953214 0.028357 0.576641 0.049232 0.815020
1750711265.045460 37369027.244440 2971252.084199 5333200.953214 0.028357 0.576641 0.049232 0.815020
1750711265.050461 37369027.244440 2971252.084199 5333200.953214 0.028357 0.576641 0.049232 0.815020
1750711265.055462 37369027.244440 2971252.084199 5333200.953214 0.028357 0.576641 0.049232 0.815020
1750711265.060464 37369027.244440 2971252.084199 5333200.953214 0.028357 0.576641 0.049232 0.815020
1750711265.065465 37369027.244440 2971252.084199 5333200.953214 0.028357 0.576641 0.049232 0.815020
1750711265.070466 37369027.256303 2971252.086386 5333200.959540 0.027863 0.567213 0.048249 0.821684
1750711265.075468 37369027.256303 2971252.086386 5333200.959540 0.027863 0.567213 0.048249 0.821684
1750711265.080468 37369027.256303 2971252.086386 5333200.959540 0.027863 0.567213 0.048249 0.821684
1750711265.085470 37369027.256303 2971252.086386 5333200.959540 0.027863 0.567213 0.048249 0.821684
1750711265.090470 37369027.256303 2971252.086386 5333200.959540 0.027863 0.567213 0.048249 0.821684
1750711265.095472 37369027.256303 2971252.086386 5333200.959540 0.027863 0.567213 0.048249 0.821684
1750711265.100474 37369027.256303 2971252.086386 5333200.959540 0.027863 0.567213 0.048249 0.821684
1750711265.105474 37369027.256303 2971252.086386 5333200.959540 0.027863 0.567213 0.048249 0.821684
1750711265.110476 37369027.256303 2971252.086386 5333200.959540 0.027863 0.567213 0.048249 0.821684
1750711265.115476 37369027.256303 2971252.086386 5333200.959540 0.027863 0.567213 0.048249 0.821684
1750711265.120478 37369027.256303 2971252.086386 5333200.959540 0.027863 0.567213 0.048249 0.821684
1750711265.125480 37369027.256303 2971252.086386 5333200.959540 0.027863 0.567213 0.048249 0.821684
1750711265.130480 37369027.256303 2971252.086386 5333200.959540 0.027863 0.567213 0.048249 0.821684
1750711265.135481 37369027.256303 2971252.086386 5333200.959540 0.027863 0.567213 0.048249 0.821684
1750711265.140483 37369027.256303 2971252.086386 5333200.959540 0.027863 0.567213 0.048249 0.821684
1750711265.145484 37369027.256303 2971252.086386 5333200.959540 0.027863 0.567213 0.048249 0.821684
1750711265.150485 37369027.256303 2971252.086386 5333200.959540 0.027863 0.567213 0.048249 0.821684
1750711265.155486 37369027.256303 2971252.086386 5333200.959540 0.027863 0.567213 0.048249 0.821684
1750711265.160487 37369027.256303 2971252.086386 5333200.959540 0.027863 0.567213 0.048249 0.821684
1750711265.165489 37369027.256303 2971252.086386 5333200.959540 0.027863 0.567213 0.048249 0.821684
1750711265.170490 37369027.275179 2971252.091484 5333200.971145 0.028376 0.553679 0.043491 0.831109
1750711265.175491 37369027.275179 2971252.091484 5333200.971145 0.028376 0.553679 0.043491 0.831109
1750711265.180493 37369027.275179 2971252.091484 5333200.971145 0.028376 0.553679 0.043491 0.831109
1750711265.185493 37369027.275179 2971252.091484 5333200.971145 0.028376 0.553679 0.043491 0.831109
1750711265.190495 37369027.275179 2971252.091484 5333200.971145 0.028376 0.553679 0.043491 0.831109
1750711265.195496 37369027.275179 2971252.091484 5333200.971145 0.028376 0.553679 0.043491 0.831109
1750711265.200497 37369027.275179 2971252.091484 5333200.971145 0.028376 0.553679 0.043491 0.831109
1750711265.205498 37369027.275179 2971252.091484 5333200.971145 0.028376 0.553679 0.043491 0.831109
1750711265.210500 37369027.275179 2971252.091484 5333200.971145 0.028376 0.553679 0.043491 0.831109
1750711265.215501 37369027.275179 2971252.091484 5333200.971145 0.028376 0.553679 0.043491 0.831109
1750711265.220502 37369027.275179 2971252.091484 5333200.971145 0.028376 0.553679 0.043491 0.831109
1750711265.225504 37369027.275179 2971252.091484 5333200.971145 0.028376 0.553679 0.043491 0.831109
1750711265.230504 37369027.275179 2971252.091484 5333200.971145 0.028376 0.553679 0.043491 0.831109
1750711265.235506 37369027.275179 2971252.091484 5333200.971145 0.028376 0.553679 0.043491 0.831109
1750711265.240507 37369027.275179 2971252.091484 5333200.971145 0.028376 0.553679 0.043491 0.831109
1750711265.245508 37369027.275179 2971252.091484 5333200.971145 0.028376 0.553679 0.043491 0.831109
1750711265.250509 37369027.275179 2971252.091484 5333200.971145 0.028376 0.553679 0.043491 0.831109
1750711265.255511 37369027.275179 2971252.091484 5333200.971145 0.028376 0.553679 0.043491 0.831109
1750711265.260512 37369027.275179 2971252.091484 5333200.971145 0.028376 0.553679 0.043491 0.831109
1750711265.265513 37369027.275179 2971252.091484 5333200.971145 0.028376 0.553679 0.043491 0.831109
1750711265.270514 37369027.299303 2971252.099416 5333200.984637 0.029816 0.537590 0.035746 0.841920
1750711265.275515 37369027.299303 2971252.099416 5333200.984637 0.029816 0.537590 0.035746 0.841920
1750711265.280517 37369027.299303 2971252.099416 5333200.984637 0.029816 0.537590 0.035746 0.841920
1750711265.285518 37369027.299303 2971252.099416 5333200.984637 0.029816 0.537590 0.035746 0.841920
1750711265.290519 37369027.299303 2971252.099416 5333200.984637 0.029816 0.537590 0.035746 0.841920
1750711265.295521 37369027.299303 2971252.099416 5333200.984637 0.029816 0.537590 0.035746 0.841920
1750711265.300521 37369027.299303 2971252.099416 5333200.984637 0.029816 0.537590 0.035746 0.841920
1750711265.305523 37369027.299303 2971252.099416 5333200.984637 0.029816 0.537590 0.035746 0.841920
1750711265.310524 37369027.299303 2971252.099416 5333200.984637 0.029816 0.537590 0.035746 0.841920
1750711265.315525 37369027.299303 2971252.099416 5333200.984637 0.029816 0.537590 0.035746 0.841920
1750711265.320526 37369027.299303 2971252.099416 5333200.984637 0.029816 0.537590 0.035746 0.841920
1750711265.325527 37369027.299303 2971252.099416 5333200.984637 0.029816 0.537590 0.035746 0.841920
1750711265.330529 37369027.299303 2971252.099416 5333200.984637 0.029816 0.537590 0.035746 0.841920
1750711265.335530 37369027.299303 2971252.099416 5333200.984637 0.029816 0.537590 0.035746 0.841920
1750711265.340531 37369027.299303 2971252.099416 5333200.984637 0.029816 0.537590 0.035746 0.841920
1750711265.345532 37369027.299303 2971252.099416 5333200.984637 0.029816 0.537590 0.035746 0.841920
1750711265.350533 37369027.299303 2971252.099416 5333200.984637 0.029816 0.537590 0.035746 0.841920
1750711265.355534 37369027.299303 2971252.099416 5333200.984637 0.029816 0.537590 0.035746 0.841920
1750711265.360536 37369027.299303 2971252.099416 5333200.984637 0.029816 0.537590 0.035746 0.841920
1750711265.365537 37369027.299303 2971252.099416 5333200.984637 0.029816 0.537590 0.035746 0.841920
1750711265.370538 37369027.299303 2971252.099416 5333200.984637 0.029816 0.537590 0.035746 0.841920
1750711265.375540 37369027.299303 2971252.099416 5333200.984637 0.029816 0.537590 0.035746 0.841920
1750711265.380540 37369027.299303 2971252.099416 5333200.984637 0.029816 0.537590 0.035746 0.841920
1750711265.385542 37369027.299303 2971252.099416 5333200.984637 0.029816 0.537590 0.035746 0.841920
1750711265.390544 37369027.299303 2971252.099416 5333200.984637 0.029816 0.537590 0.035746 0.841920
1750711265.395544 37369027.299303 2971252.099416 5333200.984637 0.029816 0.537590 0.035746 0.841920
1750711265.400546 37369027.299303 2971252.099416 5333200.984637 0.029816 0.537590 0.035746 0.841920
1750711265.405547 37369027.335460 2971252.105293 5333200.982967 0.026510 0.505831 0.028937 0.861739
1750711265.410548 37369027.335460 2971252.105293 5333200.982967 0.026510 0.505831 0.028937 0.861739
1750711265.415549 37369027.335460 2971252.105293 5333200.982967 0.026510 0.505831 0.028937 0.861739
1750711265.420551 37369027.335460 2971252.105293 5333200.982967 0.026510 0.505831 0.028937 0.861739
1750711265.425551 37369027.335460 2971252.105293 5333200.982967 0.026510 0.505831 0.028937 0.861739
1750711265.430553 37369027.335460 2971252.105293 5333200.982967 0.026510 0.505831 0.028937 0.861739
1750711265.435555 37369027.335460 2971252.105293 5333200.982967 0.026510 0.505831 0.028937 0.861739
1750711265.440555 37369027.335460 2971252.105293 5333200.982967 0.026510 0.505831 0.028937 0.861739
1750711265.445557 37369027.335460 2971252.105293 5333200.982967 0.026510 0.505831 0.028937 0.861739
1750711265.450557 37369027.335460 2971252.105293 5333200.982967 0.026510 0.505831 0.028937 0.861739
1750711265.455559 37369027.335460 2971252.105293 5333200.982967 0.026510 0.505831 0.028937 0.861739
1750711265.460560 37369027.335460 2971252.105293 5333200.982967 0.026510 0.505831 0.028937 0.861739
1750711265.465561 37369027.335460 2971252.105293 5333200.982967 0.026510 0.505831 0.028937 0.861739
1750711265.470562 37369027.335460 2971252.105293 5333200.982967 0.026510 0.505831 0.028937 0.861739
1750711265.475564 37369027.335460 2971252.105293 5333200.982967 0.026510 0.505831 0.028937 0.861739
1750711265.480565 37369027.335460 2971252.105293 5333200.982967 0.026510 0.505831 0.028937 0.861739
1750711265.485566 37369027.335460 2971252.105293 5333200.982967 0.026510 0.505831 0.028937 0.861739
1750711265.490567 37369027.335460 2971252.105293 5333200.982967 0.026510 0.505831 0.028937 0.861739
1750711265.495568 37369027.335460 2971252.105293 5333200.982967 0.026510 0.505831 0.028937 0.861739
1750711265.500570 37369027.335460 2971252.105293 5333200.982967 0.026510 0.505831 0.028937 0.861739
1750711265.505570 37369027.335460 2971252.105293 5333200.982967 0.026510 0.505831 0.028937 0.861739
1750711265.510572 37369027.335460 2971252.105293 5333200.982967 0.026510 0.505831 0.028937 0.861739
1750711265.515574 37369027.335460 2971252.105293 5333200.982967 0.026510 0.505831 0.028937 0.861739
1750711265.520574 37369027.335460 2971252.105293 5333200.982967 0.026510 0.505831 0.028937 0.861739
1750711265.525576 37369027.335460 2971252.105293 5333200.982967 0.026510 0.505831 0.028937 0.861739
1750711265.530576 37369027.335460 2971252.105293 5333200.982967 0.026510 0.505831 0.028937 0.861739
1750711265.535578 37369027.367714 2971252.123274 5333201.025994 0.023106 0.485597 0.028220 0.873422
1750711265.540580 37369027.367714 2971252.123274 5333201.025994 0.023106 0.485597 0.028220 0.873422
1750711265.545580 37369027.367714 2971252.123274 5333201.025994 0.023106 0.485597 0.028220 0.873422
1750711265.550582 37369027.367714 2971252.123274 5333201.025994 0.023106 0.485597 0.028220 0.873422
1750711265.555583 37369027.367714 2971252.123274 5333201.025994 0.023106 0.485597 0.028220 0.873422
1750711265.560584 37369027.367714 2971252.123274 5333201.025994 0.023106 0.485597 0.028220 0.873422
1750711265.565585 37369027.367714 2971252.123274 5333201.025994 0.023106 0.485597 0.028220 0.873422
1750711265.570586 37369027.367714 2971252.123274 5333201.025994 0.023106 0.485597 0.028220 0.873422
1750711265.575587 37369027.367714 2971252.123274 5333201.025994 0.023106 0.485597 0.028220 0.873422
1750711265.580589 37369027.367714 2971252.123274 5333201.025994 0.023106 0.485597 0.028220 0.873422
1750711265.585590 37369027.367714 2971252.123274 5333201.025994 0.023106 0.485597 0.028220 0.873422
1750711265.590591 37369027.367714 2971252.123274 5333201.025994 0.023106 0.485597 0.028220 0.873422
1750711265.595592 37369027.367714 2971252.123274 5333201.025994 0.023106 0.485597 0.028220 0.873422
1750711265.600593 37369027.367714 2971252.123274 5333201.025994 0.023106 0.485597 0.028220 0.873422
1750711265.605595 37369027.367714 2971252.123274 5333201.025994 0.023106 0.485597 0.028220 0.873422
1750711265.610596 37369027.367714 2971252.123274 5333201.025994 0.023106 0.485597 0.028220 0.873422
1750711265.615597 37369027.367714 2971252.123274 5333201.025994 0.023106 0.485597 0.028220 0.873422
1750711265.620598 37369027.367714 2971252.123274 5333201.025994 0.023106 0.485597 0.028220 0.873422
1750711265.625599 37369027.367714 2971252.123274 5333201.025994 0.023106 0.485597 0.028220 0.873422
1750711265.630601 37369027.367714 2971252.123274 5333201.025994 0.023106 0.485597 0.028220 0.873422
1750711265.635602 37369027.367714 2971252.123274 5333201.025994 0.023106 0.485597 0.028220 0.873422
1750711265.640603 37369027.367714 2971252.123274 5333201.025994 0.023106 0.485597 0.028220 0.873422
1750711265.645604 37369027.367714 2971252.123274 5333201.025994 0.023106 0.485597 0.028220 0.873422
1750711265.650606 37369027.367714 2971252.123274 5333201.025994 0.023106 0.485597 0.028220 0.873422
1750711265.655606 37369027.367714 2971252.123274 5333201.025994 0.023106 0.485597 0.028220 0.873422
1750711265.660608 37369027.367714 2971252.123274 5333201.025994 0.023106 0.485597 0.028220 0.873422
1750711265.665609 37369027.367714 2971252.123274 5333201.025994 0.023106 0.485597 0.028220 0.873422
1750711265.670610 37369027.410288 2971252.125814 5333201.038674 0.017328 0.459155 0.024846 0.887840
1750711265.675612 37369027.410288 2971252.125814 5333201.038674 0.017328 0.459155 0.024846 0.887840
1750711265.680612 37369027.410288 2971252.125814 5333201.038674 0.017328 0.459155 0.024846 0.887840
1750711265.685614 37369027.410288 2971252.125814 5333201.038674 0.017328 0.459155 0.024846 0.887840
1750711265.690614 37369027.410288 2971252.125814 5333201.038674 0.017328 0.459155 0.024846 0.887840
1750711265.695616 37369027.410288 2971252.125814 5333201.038674 0.017328 0.459155 0.024846 0.887840
1750711265.700617 37369027.410288 2971252.125814 5333201.038674 0.017328 0.459155 0.024846 0.887840
1750711265.705618 37369027.410288 2971252.125814 5333201.038674 0.017328 0.459155 0.024846 0.887840
1750711265.710620 37369027.410288 2971252.125814 5333201.038674 0.017328 0.459155 0.024846 0.887840
1750711265.715621 37369027.410288 2971252.125814 5333201.038674 0.017328 0.459155 0.024846 0.887840
1750711265.720622 37369027.410288 2971252.125814 5333201.038674 0.017328 0.459155 0.024846 0.887840
1750711265.725623 37369027.410288 2971252.125814 5333201.038674 0.017328 0.459155 0.024846 0.887840
1750711265.730624 37369027.410288 2971252.125814 5333201.038674 0.017328 0.459155 0.024846 0.887840
1750711265.735625 37369027.410288 2971252.125814 5333201.038674 0.017328 0.459155 0.024846 0.887840
1750711265.740627 37369027.410288 2971252.125814 5333201.038674 0.017328 0.459155 0.024846 0.887840
1750711265.745628 37369027.410288 2971252.125814 5333201.038674 0.017328 0.459155 0.024846 0.887840
1750711265.750629 37369027.410288 2971252.125814 5333201.038674 0.017328 0.459155 0.024846 0.887840
1750711265.755630 37369027.410288 2971252.125814 5333201.038674 0.017328 0.459155 0.024846 0.887840
1750711265.760631 37369027.410288 2971252.125814 5333201.038674 0.017328 0.459155 0.024846 0.887840
1750711265.765633 37369027.410288 2971252.125814 5333201.038674 0.017328 0.459155 0.024846 0.887840
1750711265.770633 37369027.410288 2971252.125814 5333201.038674 0.017328 0.459155 0.024846 0.887840
1750711265.775635 37369027.410288 2971252.125814 5333201.038674 0.017328 0.459155 0.024846 0.887840
1750711265.780637 37369027.410288 2971252.125814 5333201.038674 0.017328 0.459155 0.024846 0.887840
1750711265.785637 37369027.410288 2971252.125814 5333201.038674 0.017328 0.459155 0.024846 0.887840
1750711265.790639 37369027.410288 2971252.125814 5333201.038674 0.017328 0.459155 0.024846 0.887840
1750711265.795640 37369027.410288 2971252.125814 5333201.038674 0.017328 0.459155 0.024846 0.887840
1750711265.800641 37369027.410288 2971252.125814 5333201.038674 0.017328 0.459155 0.024846 0.887840
1750711265.805643 37369027.446655 2971252.126087 5333201.055627 0.016057 0.433034 0.020740 0.900996
1750711265.810643 37369027.446655 2971252.126087 5333201.055627 0.016057 0.433034 0.020740 0.900996
1750711265.815644 37369027.446655 2971252.126087 5333201.055627 0.016057 0.433034 0.020740 0.900996
1750711265.820646 37369027.446655 2971252.126087 5333201.055627 0.016057 0.433034 0.020740 0.900996
1750711265.825647 37369027.446655 2971252.126087 5333201.055627 0.016057 0.433034 0.020740 0.900996
1750711265.830648 37369027.446655 2971252.126087 5333201.055627 0.016057 0.433034 0.020740 0.900996
1750711265.835649 37369027.446655 2971252.126087 5333201.055627 0.016057 0.433034 0.020740 0.900996
1750711265.840651 37369027.446655 2971252.126087 5333201.055627 0.016057 0.433034 0.020740 0.900996
1750711265.845652 37369027.446655 2971252.126087 5333201.055627 0.016057 0.433034 0.020740 0.900996
1750711265.850653 37369027.446655 2971252.126087 5333201.055627 0.016057 0.433034 0.020740 0.900996
1750711265.855654 37369027.446655 2971252.126087 5333201.055627 0.016057 0.433034 0.020740 0.900996
1750711265.860656 37369027.446655 2971252.126087 5333201.055627 0.016057 0.433034 0.020740 0.900996
1750711265.865657 37369027.446655 2971252.126087 5333201.055627 0.016057 0.433034 0.020740 0.900996
1750711265.870658 37369027.446655 2971252.126087 5333201.055627 0.016057 0.433034 0.020740 0.900996
1750711265.875659 37369027.446655 2971252.126087 5333201.055627 0.016057 0.433034 0.020740 0.900996
1750711265.880661 37369027.446655 2971252.126087 5333201.055627 0.016057 0.433034 0.020740 0.900996
1750711265.885661 37369027.446655 2971252.126087 5333201.055627 0.016057 0.433034 0.020740 0.900996
1750711265.890663 37369027.446655 2971252.126087 5333201.055627 0.016057 0.433034 0.020740 0.900996
1750711265.895663 37369027.446655 2971252.126087 5333201.055627 0.016057 0.433034 0.020740 0.900996
1750711265.900665 37369027.446655 2971252.126087 5333201.055627 0.016057 0.433034 0.020740 0.900996
1750711265.905667 37369027.446655 2971252.126087 5333201.055627 0.016057 0.433034 0.020740 0.900996
1750711265.910667 37369027.446655 2971252.126087 5333201.055627 0.016057 0.433034 0.020740 0.900996
1750711265.915669 37369027.446655 2971252.126087 5333201.055627 0.016057 0.433034 0.020740 0.900996
1750711265.920670 37369027.446655 2971252.126087 5333201.055627 0.016057 0.433034 0.020740 0.900996
1750711265.925671 37369027.446655 2971252.126087 5333201.055627 0.016057 0.433034 0.020740 0.900996
1750711265.930672 37369027.446655 2971252.126087 5333201.055627 0.016057 0.433034 0.020740 0.900996
1750711265.935673 37369027.475114 2971252.128264 5333201.073502 0.015319 0.407600 0.020699 0.912797
1750711265.940675 37369027.475114 2971252.128264 5333201.073502 0.015319 0.407600 0.020699 0.912797
1750711265.945676 37369027.475114 2971252.128264 5333201.073502 0.015319 0.407600 0.020699 0.912797
1750711265.950677 37369027.475114 2971252.128264 5333201.073502 0.015319 0.407600 0.020699 0.912797
1750711265.955678 37369027.475114 2971252.128264 5333201.073502 0.015319 0.407600 0.020699 0.912797
1750711265.960680 37369027.475114 2971252.128264 5333201.073502 0.015319 0.407600 0.020699 0.912797
1750711265.965680 37369027.475114 2971252.128264 5333201.073502 0.015319 0.407600 0.020699 0.912797
1750711265.970682 37369027.475114 2971252.128264 5333201.073502 0.015319 0.407600 0.020699 0.912797
1750711265.975682 37369027.475114 2971252.128264 5333201.073502 0.015319 0.407600 0.020699 0.912797
1750711265.980684 37369027.475114 2971252.128264 5333201.073502 0.015319 0.407600 0.020699 0.912797
1750711265.985686 37369027.475114 2971252.128264 5333201.073502 0.015319 0.407600 0.020699 0.912797
1750711265.990686 37369027.475114 2971252.128264 5333201.073502 0.015319 0.407600 0.020699 0.912797
1750711265.995688 37369027.475114 2971252.128264 5333201.073502 0.015319 0.407600 0.020699 0.912797
1750711266.000688 37369027.475114 2971252.128264 5333201.073502 0.015319 0.407600 0.020699 0.912797
1750711266.005690 37369027.475114 2971252.128264 5333201.073502 0.015319 0.407600 0.020699 0.912797
1750711266.010690 37369027.475114 2971252.128264 5333201.073502 0.015319 0.407600 0.020699 0.912797
1750711266.015692 37369027.475114 2971252.128264 5333201.073502 0.015319 0.407600 0.020699 0.912797
1750711266.020694 37369027.475114 2971252.128264 5333201.073502 0.015319 0.407600 0.020699 0.912797
1750711266.025694 37369027.475114 2971252.128264 5333201.073502 0.015319 0.407600 0.020699 0.912797
1750711266.030696 37369027.475114 2971252.128264 5333201.073502 0.015319 0.407600 0.020699 0.912797
1750711266.035697 37369027.475114 2971252.128264 5333201.073502 0.015319 0.407600 0.020699 0.912797
1750711266.040698 37369027.475114 2971252.128264 5333201.073502 0.015319 0.407600 0.020699 0.912797
1750711266.045699 37369027.475114 2971252.128264 5333201.073502 0.015319 0.407600 0.020699 0.912797
1750711266.050701 37369027.475114 2971252.128264 5333201.073502 0.015319 0.407600 0.020699 0.912797
1750711266.055702 37369027.475114 2971252.128264 5333201.073502 0.015319 0.407600 0.020699 0.912797
1750711266.060703 37369027.475114 2971252.128264 5333201.073502 0.015319 0.407600 0.020699 0.912797
1750711266.065705 37369027.475114 2971252.128264 5333201.073502 0.015319 0.407600 0.020699 0.912797
1750711266.069031 37369027.493073 2971252.147662 5333201.101989 0.019662 0.392680 0.019561 0.919257
1750711266.070705 37369027.493073 2971252.147662 5333201.101989 0.019662 0.392680 0.019561 0.919257
1750711266.075707 37369027.493073 2971252.147662 5333201.101989 0.019662 0.392680 0.019561 0.919257
1750711266.080707 37369027.493073 2971252.147662 5333201.101989 0.019662 0.392680 0.019561 0.919257
1750711266.085709 37369027.493073 2971252.147662 5333201.101989 0.019662 0.392680 0.019561 0.919257
1750711266.090710 37369027.493073 2971252.147662 5333201.101989 0.019662 0.392680 0.019561 0.919257
1750711266.095711 37369027.493073 2971252.147662 5333201.101989 0.019662 0.392680 0.019561 0.919257
1750711266.100713 37369027.493073 2971252.147662 5333201.101989 0.019662 0.392680 0.019561 0.919257
1750711266.105714 37369027.493073 2971252.147662 5333201.101989 0.019662 0.392680 0.019561 0.919257
1750711266.110715 37369027.493073 2971252.147662 5333201.101989 0.019662 0.392680 0.019561 0.919257
1750711266.115716 37369027.493073 2971252.147662 5333201.101989 0.019662 0.392680 0.019561 0.919257
1750711266.120717 37369027.493073 2971252.147662 5333201.101989 0.019662 0.392680 0.019561 0.919257
1750711266.125718 37369027.493073 2971252.147662 5333201.101989 0.019662 0.392680 0.019561 0.919257
1750711266.130720 37369027.493073 2971252.147662 5333201.101989 0.019662 0.392680 0.019561 0.919257
1750711266.135721 37369027.502682 2971252.150491 5333201.112488 0.023005 0.386501 0.015822 0.921866
1750711266.140722 37369027.502682 2971252.150491 5333201.112488 0.023005 0.386501 0.015822 0.921866
1750711266.145723 37369027.502682 2971252.150491 5333201.112488 0.023005 0.386501 0.015822 0.921866
1750711266.150724 37369027.502682 2971252.150491 5333201.112488 0.023005 0.386501 0.015822 0.921866
1750711266.155726 37369027.502682 2971252.150491 5333201.112488 0.023005 0.386501 0.015822 0.921866
1750711266.160726 37369027.502682 2971252.150491 5333201.112488 0.023005 0.386501 0.015822 0.921866
1750711266.165728 37369027.502682 2971252.150491 5333201.112488 0.023005 0.386501 0.015822 0.921866
1750711266.170730 37369027.502682 2971252.150491 5333201.112488 0.023005 0.386501 0.015822 0.921866
1750711266.175730 37369027.502682 2971252.150491 5333201.112488 0.023005 0.386501 0.015822 0.921866
1750711266.180732 37369027.502682 2971252.150491 5333201.112488 0.023005 0.386501 0.015822 0.921866
1750711266.185732 37369027.502682 2971252.150491 5333201.112488 0.023005 0.386501 0.015822 0.921866
1750711266.190734 37369027.502682 2971252.150491 5333201.112488 0.023005 0.386501 0.015822 0.921866
1750711266.195735 37369027.502682 2971252.150491 5333201.112488 0.023005 0.386501 0.015822 0.921866
1750711266.200736 37369027.502682 2971252.150491 5333201.112488 0.023005 0.386501 0.015822 0.921866
1750711266.205738 37369027.502682 2971252.150491 5333201.112488 0.023005 0.386501 0.015822 0.921866
1750711266.210738 37369027.502682 2971252.150491 5333201.112488 0.023005 0.386501 0.015822 0.921866
1750711266.215740 37369027.502682 2971252.150491 5333201.112488 0.023005 0.386501 0.015822 0.921866
1750711266.220741 37369027.502682 2971252.150491 5333201.112488 0.023005 0.386501 0.015822 0.921866
1750711266.225742 37369027.502682 2971252.150491 5333201.112488 0.023005 0.386501 0.015822 0.921866
1750711266.230743 37369027.502682 2971252.150491 5333201.112488 0.023005 0.386501 0.015822 0.921866
1750711266.235745 37369027.502682 2971252.150491 5333201.112488 0.023005 0.386501 0.015822 0.921866
1750711266.240746 37369027.502682 2971252.150491 5333201.112488 0.023005 0.386501 0.015822 0.921866
1750711266.245747 37369027.502682 2971252.150491 5333201.112488 0.023005 0.386501 0.015822 0.921866
1750711266.250748 37369027.502682 2971252.150491 5333201.112488 0.023005 0.386501 0.015822 0.921866
1750711266.255749 37369027.502682 2971252.150491 5333201.112488 0.023005 0.386501 0.015822 0.921866
1750711266.260751 37369027.502682 2971252.150491 5333201.112488 0.023005 0.386501 0.015822 0.921866
1750711266.265752 37369027.502682 2971252.150491 5333201.112488 0.023005 0.386501 0.015822 0.921866
1750711266.270753 37369027.515274 2971252.160917 5333201.137234 0.027747 0.368879 0.011559 0.928991
1750711266.275754 37369027.515274 2971252.160917 5333201.137234 0.027747 0.368879 0.011559 0.928991
1750711266.280756 37369027.515274 2971252.160917 5333201.137234 0.027747 0.368879 0.011559 0.928991
1750711266.285756 37369027.515274 2971252.160917 5333201.137234 0.027747 0.368879 0.011559 0.928991
1750711266.290758 37369027.515274 2971252.160917 5333201.137234 0.027747 0.368879 0.011559 0.928991
1750711266.295759 37369027.515274 2971252.160917 5333201.137234 0.027747 0.368879 0.011559 0.928991
1750711266.300760 37369027.515274 2971252.160917 5333201.137234 0.027747 0.368879 0.011559 0.928991
1750711266.305762 37369027.515274 2971252.160917 5333201.137234 0.027747 0.368879 0.011559 0.928991
1750711266.310762 37369027.515274 2971252.160917 5333201.137234 0.027747 0.368879 0.011559 0.928991
1750711266.315764 37369027.515274 2971252.160917 5333201.137234 0.027747 0.368879 0.011559 0.928991
1750711266.320764 37369027.515274 2971252.160917 5333201.137234 0.027747 0.368879 0.011559 0.928991
1750711266.325766 37369027.515274 2971252.160917 5333201.137234 0.027747 0.368879 0.011559 0.928991
1750711266.330768 37369027.515274 2971252.160917 5333201.137234 0.027747 0.368879 0.011559 0.928991
1750711266.335768 37369027.518563 2971252.161158 5333201.147704 0.029288 0.357207 0.009849 0.933514
1750711266.340770 37369027.518563 2971252.161158 5333201.147704 0.029288 0.357207 0.009849 0.933514
1750711266.345771 37369027.518563 2971252.161158 5333201.147704 0.029288 0.357207 0.009849 0.933514
1750711266.350772 37369027.518563 2971252.161158 5333201.147704 0.029288 0.357207 0.009849 0.933514
1750711266.355774 37369027.518563 2971252.161158 5333201.147704 0.029288 0.357207 0.009849 0.933514
1750711266.360775 37369027.518563 2971252.161158 5333201.147704 0.029288 0.357207 0.009849 0.933514
1750711266.365776 37369027.518563 2971252.161158 5333201.147704 0.029288 0.357207 0.009849 0.933514
1750711266.370777 37369027.518563 2971252.161158 5333201.147704 0.029288 0.357207 0.009849 0.933514
1750711266.375778 37369027.518563 2971252.161158 5333201.147704 0.029288 0.357207 0.009849 0.933514
1750711266.380779 37369027.518563 2971252.161158 5333201.147704 0.029288 0.357207 0.009849 0.933514
1750711266.385781 37369027.518563 2971252.161158 5333201.147704 0.029288 0.357207 0.009849 0.933514
1750711266.390782 37369027.518563 2971252.161158 5333201.147704 0.029288 0.357207 0.009849 0.933514
1750711266.395783 37369027.518563 2971252.161158 5333201.147704 0.029288 0.357207 0.009849 0.933514
1750711266.400784 37369027.518563 2971252.161158 5333201.147704 0.029288 0.357207 0.009849 0.933514
1750711266.405785 37369027.521776 2971252.163552 5333201.160655 0.029910 0.345983 0.007570 0.937733
1750711266.410787 37369027.521776 2971252.163552 5333201.160655 0.029910 0.345983 0.007570 0.937733
1750711266.415787 37369027.521776 2971252.163552 5333201.160655 0.029910 0.345983 0.007570 0.937733
1750711266.420789 37369027.521776 2971252.163552 5333201.160655 0.029910 0.345983 0.007570 0.937733
1750711266.425789 37369027.521776 2971252.163552 5333201.160655 0.029910 0.345983 0.007570 0.937733
1750711266.430791 37369027.521776 2971252.163552 5333201.160655 0.029910 0.345983 0.007570 0.937733
1750711266.435793 37369027.521776 2971252.163552 5333201.160655 0.029910 0.345983 0.007570 0.937733
1750711266.440793 37369027.521776 2971252.163552 5333201.160655 0.029910 0.345983 0.007570 0.937733
1750711266.445795 37369027.521776 2971252.163552 5333201.160655 0.029910 0.345983 0.007570 0.937733
1750711266.450796 37369027.521776 2971252.163552 5333201.160655 0.029910 0.345983 0.007570 0.937733
1750711266.455797 37369027.521776 2971252.163552 5333201.160655 0.029910 0.345983 0.007570 0.937733
1750711266.460799 37369027.521776 2971252.163552 5333201.160655 0.029910 0.345983 0.007570 0.937733
1750711266.465800 37369027.521776 2971252.163552 5333201.160655 0.029910 0.345983 0.007570 0.937733
1750711266.470801 37369027.521776 2971252.163552 5333201.160655 0.029910 0.345983 0.007570 0.937733
1750711266.475802 37369027.521776 2971252.163552 5333201.160655 0.029910 0.345983 0.007570 0.937733
1750711266.480803 37369027.521776 2971252.163552 5333201.160655 0.029910 0.345983 0.007570 0.937733
1750711266.485804 37369027.521776 2971252.163552 5333201.160655 0.029910 0.345983 0.007570 0.937733
1750711266.490806 37369027.521776 2971252.163552 5333201.160655 0.029910 0.345983 0.007570 0.937733
1750711266.495806 37369027.521776 2971252.163552 5333201.160655 0.029910 0.345983 0.007570 0.937733
1750711266.500808 37369027.521776 2971252.163552 5333201.160655 0.029910 0.345983 0.007570 0.937733
1750711266.505810 37369027.523163 2971252.168537 5333201.181353 0.031091 0.331730 0.006375 0.942840
1750711266.510810 37369027.523163 2971252.168537 5333201.181353 0.031091 0.331730 0.006375 0.942840
1750711266.515812 37369027.523163 2971252.168537 5333201.181353 0.031091 0.331730 0.006375 0.942840
1750711266.520813 37369027.523163 2971252.168537 5333201.181353 0.031091 0.331730 0.006375 0.942840
1750711266.525814 37369027.523163 2971252.168537 5333201.181353 0.031091 0.331730 0.006375 0.942840
1750711266.530815 37369027.523163 2971252.168537 5333201.181353 0.031091 0.331730 0.006375 0.942840
1750711266.535816 37369027.523163 2971252.168537 5333201.181353 0.031091 0.331730 0.006375 0.942840
1750711266.540818 37369027.523163 2971252.168537 5333201.181353 0.031091 0.331730 0.006375 0.942840
1750711266.545819 37369027.523163 2971252.168537 5333201.181353 0.031091 0.331730 0.006375 0.942840
1750711266.550820 37369027.523163 2971252.168537 5333201.181353 0.031091 0.331730 0.006375 0.942840
1750711266.555821 37369027.523163 2971252.168537 5333201.181353 0.031091 0.331730 0.006375 0.942840
1750711266.560822 37369027.523163 2971252.168537 5333201.181353 0.031091 0.331730 0.006375 0.942840
1750711266.565823 37369027.523163 2971252.168537 5333201.181353 0.031091 0.331730 0.006375 0.942840
1750711266.570825 37369027.523163 2971252.168537 5333201.181353 0.031091 0.331730 0.006375 0.942840
1750711266.575825 37369027.523163 2971252.168537 5333201.181353 0.031091 0.331730 0.006375 0.942840
1750711266.580827 37369027.523163 2971252.168537 5333201.181353 0.031091 0.331730 0.006375 0.942840
1750711266.585829 37369027.523163 2971252.168537 5333201.181353 0.031091 0.331730 0.006375 0.942840
1750711266.590829 37369027.523163 2971252.168537 5333201.181353 0.031091 0.331730 0.006375 0.942840
1750711266.595831 37369027.523163 2971252.168537 5333201.181353 0.031091 0.331730 0.006375 0.942840
1750711266.600832 37369027.523163 2971252.168537 5333201.181353 0.031091 0.331730 0.006375 0.942840
1750711266.605833 37369027.519074 2971252.183168 5333201.210751 0.033745 0.319884 0.009130 0.946811
1750711266.610834 37369027.519074 2971252.183168 5333201.210751 0.033745 0.319884 0.009130 0.946811
1750711266.615835 37369027.519074 2971252.183168 5333201.210751 0.033745 0.319884 0.009130 0.946811
1750711266.620837 37369027.519074 2971252.183168 5333201.210751 0.033745 0.319884 0.009130 0.946811
1750711266.625838 37369027.519074 2971252.183168 5333201.210751 0.033745 0.319884 0.009130 0.946811
1750711266.630839 37369027.519074 2971252.183168 5333201.210751 0.033745 0.319884 0.009130 0.946811
1750711266.635840 37369027.519074 2971252.183168 5333201.210751 0.033745 0.319884 0.009130 0.946811
1750711266.640841 37369027.519074 2971252.183168 5333201.210751 0.033745 0.319884 0.009130 0.946811
1750711266.645842 37369027.519074 2971252.183168 5333201.210751 0.033745 0.319884 0.009130 0.946811
1750711266.650844 37369027.519074 2971252.183168 5333201.210751 0.033745 0.319884 0.009130 0.946811
1750711266.655845 37369027.519074 2971252.183168 5333201.210751 0.033745 0.319884 0.009130 0.946811
1750711266.660846 37369027.519074 2971252.183168 5333201.210751 0.033745 0.319884 0.009130 0.946811
1750711266.665848 37369027.519074 2971252.183168 5333201.210751 0.033745 0.319884 0.009130 0.946811
1750711266.670849 37369027.519074 2971252.183168 5333201.210751 0.033745 0.319884 0.009130 0.946811
1750711266.675850 37369027.519074 2971252.183168 5333201.210751 0.033745 0.319884 0.009130 0.946811
1750711266.680851 37369027.519074 2971252.183168 5333201.210751 0.033745 0.319884 0.009130 0.946811
1750711266.685853 37369027.519074 2971252.183168 5333201.210751 0.033745 0.319884 0.009130 0.946811
1750711266.690854 37369027.519074 2971252.183168 5333201.210751 0.033745 0.319884 0.009130 0.946811
1750711266.695855 37369027.519074 2971252.183168 5333201.210751 0.033745 0.319884 0.009130 0.946811
1750711266.700856 37369027.519074 2971252.183168 5333201.210751 0.033745 0.319884 0.009130 0.946811
1750711266.705857 37369027.514940 2971252.188324 5333201.236531 0.032847 0.306445 0.013566 0.951225
1750711266.710859 37369027.514940 2971252.188324 5333201.236531 0.032847 0.306445 0.013566 0.951225
1750711266.715859 37369027.514940 2971252.188324 5333201.236531 0.032847 0.306445 0.013566 0.951225
1750711266.720861 37369027.514940 2971252.188324 5333201.236531 0.032847 0.306445 0.013566 0.951225
1750711266.725861 37369027.514940 2971252.188324 5333201.236531 0.032847 0.306445 0.013566 0.951225
1750711266.730863 37369027.514940 2971252.188324 5333201.236531 0.032847 0.306445 0.013566 0.951225
1750711266.735865 37369027.514940 2971252.188324 5333201.236531 0.032847 0.306445 0.013566 0.951225
1750711266.740865 37369027.514940 2971252.188324 5333201.236531 0.032847 0.306445 0.013566 0.951225
1750711266.745867 37369027.514940 2971252.188324 5333201.236531 0.032847 0.306445 0.013566 0.951225
1750711266.750868 37369027.514940 2971252.188324 5333201.236531 0.032847 0.306445 0.013566 0.951225
1750711266.755869 37369027.514940 2971252.188324 5333201.236531 0.032847 0.306445 0.013566 0.951225
1750711266.760870 37369027.514940 2971252.188324 5333201.236531 0.032847 0.306445 0.013566 0.951225
1750711266.765872 37369027.514940 2971252.188324 5333201.236531 0.032847 0.306445 0.013566 0.951225
1750711266.770873 37369027.514940 2971252.188324 5333201.236531 0.032847 0.306445 0.013566 0.951225
1750711266.775874 37369027.514940 2971252.188324 5333201.236531 0.032847 0.306445 0.013566 0.951225
1750711266.780875 37369027.514940 2971252.188324 5333201.236531 0.032847 0.306445 0.013566 0.951225
1750711266.785876 37369027.514940 2971252.188324 5333201.236531 0.032847 0.306445 0.013566 0.951225
1750711266.790878 37369027.514940 2971252.188324 5333201.236531 0.032847 0.306445 0.013566 0.951225
1750711266.795878 37369027.514940 2971252.188324 5333201.236531 0.032847 0.306445 0.013566 0.951225
1750711266.800880 37369027.514940 2971252.188324 5333201.236531 0.032847 0.306445 0.013566 0.951225
1750711266.805882 37369027.510380 2971252.193070 5333201.265434 0.030325 0.289171 0.018015 0.956627
1750711266.810882 37369027.510380 2971252.193070 5333201.265434 0.030325 0.289171 0.018015 0.956627
1750711266.815884 37369027.510380 2971252.193070 5333201.265434 0.030325 0.289171 0.018015 0.956627
1750711266.820884 37369027.510380 2971252.193070 5333201.265434 0.030325 0.289171 0.018015 0.956627
1750711266.825886 37369027.510380 2971252.193070 5333201.265434 0.030325 0.289171 0.018015 0.956627
1750711266.830887 37369027.510380 2971252.193070 5333201.265434 0.030325 0.289171 0.018015 0.956627
1750711266.835888 37369027.510380 2971252.193070 5333201.265434 0.030325 0.289171 0.018015 0.956627
1750711266.840889 37369027.510380 2971252.193070 5333201.265434 0.030325 0.289171 0.018015 0.956627
1750711266.845891 37369027.510380 2971252.193070 5333201.265434 0.030325 0.289171 0.018015 0.956627
1750711266.850892 37369027.510380 2971252.193070 5333201.265434 0.030325 0.289171 0.018015 0.956627
1750711266.855893 37369027.510380 2971252.193070 5333201.265434 0.030325 0.289171 0.018015 0.956627
1750711266.860894 37369027.510380 2971252.193070 5333201.265434 0.030325 0.289171 0.018015 0.956627
1750711266.865895 37369027.510380 2971252.193070 5333201.265434 0.030325 0.289171 0.018015 0.956627
1750711266.870897 37369027.510380 2971252.193070 5333201.265434 0.030325 0.289171 0.018015 0.956627
1750711266.875897 37369027.510380 2971252.193070 5333201.265434 0.030325 0.289171 0.018015 0.956627
1750711266.880899 37369027.510380 2971252.193070 5333201.265434 0.030325 0.289171 0.018015 0.956627
1750711266.885900 37369027.510380 2971252.193070 5333201.265434 0.030325 0.289171 0.018015 0.956627
1750711266.890901 37369027.510380 2971252.193070 5333201.265434 0.030325 0.289171 0.018015 0.956627
1750711266.895903 37369027.510380 2971252.193070 5333201.265434 0.030325 0.289171 0.018015 0.956627
1750711266.900904 37369027.510380 2971252.193070 5333201.265434 0.030325 0.289171 0.018015 0.956627
1750711266.905905 37369027.502758 2971252.197282 5333201.296339 0.029048 0.274489 0.022551 0.960887
1750711266.910906 37369027.502758 2971252.197282 5333201.296339 0.029048 0.274489 0.022551 0.960887
1750711266.915908 37369027.502758 2971252.197282 5333201.296339 0.029048 0.274489 0.022551 0.960887
1750711266.920908 37369027.502758 2971252.197282 5333201.296339 0.029048 0.274489 0.022551 0.960887
1750711266.925910 37369027.502758 2971252.197282 5333201.296339 0.029048 0.274489 0.022551 0.960887
1750711266.930912 37369027.502758 2971252.197282 5333201.296339 0.029048 0.274489 0.022551 0.960887
1750711266.935912 37369027.502758 2971252.197282 5333201.296339 0.029048 0.274489 0.022551 0.960887
1750711266.940914 37369027.502758 2971252.197282 5333201.296339 0.029048 0.274489 0.022551 0.960887
1750711266.945914 37369027.502758 2971252.197282 5333201.296339 0.029048 0.274489 0.022551 0.960887
1750711266.950916 37369027.502758 2971252.197282 5333201.296339 0.029048 0.274489 0.022551 0.960887
1750711266.955917 37369027.502758 2971252.197282 5333201.296339 0.029048 0.274489 0.022551 0.960887
1750711266.960918 37369027.502758 2971252.197282 5333201.296339 0.029048 0.274489 0.022551 0.960887
1750711266.965920 37369027.502758 2971252.197282 5333201.296339 0.029048 0.274489 0.022551 0.960887
1750711266.970921 37369027.493702 2971252.199475 5333201.317719 0.028943 0.264945 0.022605 0.963564
1750711266.975922 37369027.493702 2971252.199475 5333201.317719 0.028943 0.264945 0.022605 0.963564
1750711266.980923 37369027.493702 2971252.199475 5333201.317719 0.028943 0.264945 0.022605 0.963564
1750711266.985924 37369027.493702 2971252.199475 5333201.317719 0.028943 0.264945 0.022605 0.963564
1750711266.990925 37369027.493702 2971252.199475 5333201.317719 0.028943 0.264945 0.022605 0.963564
1750711266.995927 37369027.493702 2971252.199475 5333201.317719 0.028943 0.264945 0.022605 0.963564
1750711267.000928 37369027.493702 2971252.199475 5333201.317719 0.028943 0.264945 0.022605 0.963564
1750711267.005929 37369027.493702 2971252.199475 5333201.317719 0.028943 0.264945 0.022605 0.963564
1750711267.010931 37369027.493702 2971252.199475 5333201.317719 0.028943 0.264945 0.022605 0.963564
1750711267.015931 37369027.493702 2971252.199475 5333201.317719 0.028943 0.264945 0.022605 0.963564
1750711267.020933 37369027.493702 2971252.199475 5333201.317719 0.028943 0.264945 0.022605 0.963564
1750711267.025933 37369027.493702 2971252.199475 5333201.317719 0.028943 0.264945 0.022605 0.963564
1750711267.030935 37369027.493702 2971252.199475 5333201.317719 0.028943 0.264945 0.022605 0.963564
1750711267.035937 37369027.493702 2971252.199475 5333201.317719 0.028943 0.264945 0.022605 0.963564
1750711267.040937 37369027.493702 2971252.199475 5333201.317719 0.028943 0.264945 0.022605 0.963564
1750711267.045939 37369027.493702 2971252.199475 5333201.317719 0.028943 0.264945 0.022605 0.963564
1750711267.050939 37369027.493702 2971252.199475 5333201.317719 0.028943 0.264945 0.022605 0.963564
1750711267.055941 37369027.493702 2971252.199475 5333201.317719 0.028943 0.264945 0.022605 0.963564
1750711267.060942 37369027.493702 2971252.199475 5333201.317719 0.028943 0.264945 0.022605 0.963564
1750711267.065943 37369027.493702 2971252.199475 5333201.317719 0.028943 0.264945 0.022605 0.963564
1750711267.070944 37369027.485133 2971252.209593 5333201.347722 0.026784 0.249336 0.023567 0.967760
1750711267.075946 37369027.485133 2971252.209593 5333201.347722 0.026784 0.249336 0.023567 0.967760
1750711267.080947 37369027.485133 2971252.209593 5333201.347722 0.026784 0.249336 0.023567 0.967760
1750711267.085948 37369027.485133 2971252.209593 5333201.347722 0.026784 0.249336 0.023567 0.967760
1750711267.090950 37369027.485133 2971252.209593 5333201.347722 0.026784 0.249336 0.023567 0.967760
1750711267.095950 37369027.485133 2971252.209593 5333201.347722 0.026784 0.249336 0.023567 0.967760
1750711267.100952 37369027.485133 2971252.209593 5333201.347722 0.026784 0.249336 0.023567 0.967760
1750711267.105953 37369027.485133 2971252.209593 5333201.347722 0.026784 0.249336 0.023567 0.967760
1750711267.110954 37369027.485133 2971252.209593 5333201.347722 0.026784 0.249336 0.023567 0.967760
1750711267.115956 37369027.485133 2971252.209593 5333201.347722 0.026784 0.249336 0.023567 0.967760
1750711267.120956 37369027.485133 2971252.209593 5333201.347722 0.026784 0.249336 0.023567 0.967760
1750711267.125958 37369027.485133 2971252.209593 5333201.347722 0.026784 0.249336 0.023567 0.967760
1750711267.130959 37369027.485133 2971252.209593 5333201.347722 0.026784 0.249336 0.023567 0.967760
1750711267.135960 37369027.485133 2971252.209593 5333201.347722 0.026784 0.249336 0.023567 0.967760
1750711267.140961 37369027.485133 2971252.209593 5333201.347722 0.026784 0.249336 0.023567 0.967760
1750711267.145963 37369027.485133 2971252.209593 5333201.347722 0.026784 0.249336 0.023567 0.967760
1750711267.150964 37369027.485133 2971252.209593 5333201.347722 0.026784 0.249336 0.023567 0.967760
1750711267.155965 37369027.485133 2971252.209593 5333201.347722 0.026784 0.249336 0.023567 0.967760
1750711267.160967 37369027.485133 2971252.209593 5333201.347722 0.026784 0.249336 0.023567 0.967760
1750711267.165967 37369027.485133 2971252.209593 5333201.347722 0.026784 0.249336 0.023567 0.967760
1750711267.170969 37369027.477794 2971252.215723 5333201.372677 0.025250 0.235046 0.023310 0.971376
1750711267.175970 37369027.477794 2971252.215723 5333201.372677 0.025250 0.235046 0.023310 0.971376
1750711267.180971 37369027.477794 2971252.215723 5333201.372677 0.025250 0.235046 0.023310 0.971376
1750711267.185973 37369027.477794 2971252.215723 5333201.372677 0.025250 0.235046 0.023310 0.971376
1750711267.190974 37369027.477794 2971252.215723 5333201.372677 0.025250 0.235046 0.023310 0.971376
1750711267.195975 37369027.477794 2971252.215723 5333201.372677 0.025250 0.235046 0.023310 0.971376
1750711267.200976 37369027.477794 2971252.215723 5333201.372677 0.025250 0.235046 0.023310 0.971376
1750711267.205977 37369027.477794 2971252.215723 5333201.372677 0.025250 0.235046 0.023310 0.971376
1750711267.210978 37369027.477794 2971252.215723 5333201.372677 0.025250 0.235046 0.023310 0.971376
1750711267.215980 37369027.477794 2971252.215723 5333201.372677 0.025250 0.235046 0.023310 0.971376
1750711267.220981 37369027.477794 2971252.215723 5333201.372677 0.025250 0.235046 0.023310 0.971376
1750711267.225982 37369027.477794 2971252.215723 5333201.372677 0.025250 0.235046 0.023310 0.971376
1750711267.230983 37369027.477794 2971252.215723 5333201.372677 0.025250 0.235046 0.023310 0.971376
1750711267.235984 37369027.477794 2971252.215723 5333201.372677 0.025250 0.235046 0.023310 0.971376
1750711267.240986 37369027.477794 2971252.215723 5333201.372677 0.025250 0.235046 0.023310 0.971376
1750711267.245986 37369027.477794 2971252.215723 5333201.372677 0.025250 0.235046 0.023310 0.971376
1750711267.250988 37369027.477794 2971252.215723 5333201.372677 0.025250 0.235046 0.023310 0.971376
1750711267.255989 37369027.477794 2971252.215723 5333201.372677 0.025250 0.235046 0.023310 0.971376
1750711267.260990 37369027.477794 2971252.215723 5333201.372677 0.025250 0.235046 0.023310 0.971376
1750711267.265992 37369027.477794 2971252.215723 5333201.372677 0.025250 0.235046 0.023310 0.971376
1750711267.270992 37369027.469808 2971252.219429 5333201.395121 0.023474 0.217913 0.023748 0.975397
1750711267.275994 37369027.469808 2971252.219429 5333201.395121 0.023474 0.217913 0.023748 0.975397
1750711267.280995 37369027.469808 2971252.219429 5333201.395121 0.023474 0.217913 0.023748 0.975397
1750711267.285996 37369027.469808 2971252.219429 5333201.395121 0.023474 0.217913 0.023748 0.975397
1750711267.290997 37369027.469808 2971252.219429 5333201.395121 0.023474 0.217913 0.023748 0.975397
1750711267.295999 37369027.469808 2971252.219429 5333201.395121 0.023474 0.217913 0.023748 0.975397
1750711267.300999 37369027.469808 2971252.219429 5333201.395121 0.023474 0.217913 0.023748 0.975397
1750711267.306001 37369027.469808 2971252.219429 5333201.395121 0.023474 0.217913 0.023748 0.975397
1750711267.311002 37369027.469808 2971252.219429 5333201.395121 0.023474 0.217913 0.023748 0.975397
1750711267.316003 37369027.469808 2971252.219429 5333201.395121 0.023474 0.217913 0.023748 0.975397
1750711267.321005 37369027.469808 2971252.219429 5333201.395121 0.023474 0.217913 0.023748 0.975397
1750711267.326005 37369027.469808 2971252.219429 5333201.395121 0.023474 0.217913 0.023748 0.975397
1750711267.331007 37369027.469808 2971252.219429 5333201.395121 0.023474 0.217913 0.023748 0.975397
1750711267.336008 37369027.469351 2971252.222968 5333201.407723 0.022524 0.204712 0.022078 0.978314
1750711267.341009 37369027.469351 2971252.222968 5333201.407723 0.022524 0.204712 0.022078 0.978314
1750711267.346011 37369027.469351 2971252.222968 5333201.407723 0.022524 0.204712 0.022078 0.978314
1750711267.351012 37369027.469351 2971252.222968 5333201.407723 0.022524 0.204712 0.022078 0.978314
1750711267.356013 37369027.469351 2971252.222968 5333201.407723 0.022524 0.204712 0.022078 0.978314
1750711267.361014 37369027.469351 2971252.222968 5333201.407723 0.022524 0.204712 0.022078 0.978314
1750711267.366015 37369027.469351 2971252.222968 5333201.407723 0.022524 0.204712 0.022078 0.978314
1750711267.371017 37369027.469351 2971252.222968 5333201.407723 0.022524 0.204712 0.022078 0.978314
1750711267.376018 37369027.469351 2971252.222968 5333201.407723 0.022524 0.204712 0.022078 0.978314
1750711267.381019 37369027.469351 2971252.222968 5333201.407723 0.022524 0.204712 0.022078 0.978314
1750711267.386020 37369027.469351 2971252.222968 5333201.407723 0.022524 0.204712 0.022078 0.978314
1750711267.391021 37369027.469351 2971252.222968 5333201.407723 0.022524 0.204712 0.022078 0.978314
1750711267.396022 37369027.469351 2971252.222968 5333201.407723 0.022524 0.204712 0.022078 0.978314
1750711267.401024 37369027.469351 2971252.222968 5333201.407723 0.022524 0.204712 0.022078 0.978314
1750711267.406024 37369027.469351 2971252.222968 5333201.407723 0.022524 0.204712 0.022078 0.978314
1750711267.411026 37369027.469351 2971252.222968 5333201.407723 0.022524 0.204712 0.022078 0.978314
1750711267.416028 37369027.469351 2971252.222968 5333201.407723 0.022524 0.204712 0.022078 0.978314
1750711267.421028 37369027.469351 2971252.222968 5333201.407723 0.022524 0.204712 0.022078 0.978314
1750711267.426030 37369027.469351 2971252.222968 5333201.407723 0.022524 0.204712 0.022078 0.978314
1750711267.431031 37369027.469351 2971252.222968 5333201.407723 0.022524 0.204712 0.022078 0.978314
1750711267.436032 37369027.464177 2971252.223329 5333201.430909 0.019805 0.186559 0.022873 0.981978
1750711267.441033 37369027.464177 2971252.223329 5333201.430909 0.019805 0.186559 0.022873 0.981978
1750711267.446034 37369027.464177 2971252.223329 5333201.430909 0.019805 0.186559 0.022873 0.981978
1750711267.451036 37369027.464177 2971252.223329 5333201.430909 0.019805 0.186559 0.022873 0.981978
1750711267.456037 37369027.464177 2971252.223329 5333201.430909 0.019805 0.186559 0.022873 0.981978
1750711267.461038 37369027.464177 2971252.223329 5333201.430909 0.019805 0.186559 0.022873 0.981978
1750711267.466039 37369027.464177 2971252.223329 5333201.430909 0.019805 0.186559 0.022873 0.981978
1750711267.471040 37369027.464177 2971252.223329 5333201.430909 0.019805 0.186559 0.022873 0.981978
1750711267.476041 37369027.464177 2971252.223329 5333201.430909 0.019805 0.186559 0.022873 0.981978
1750711267.481043 37369027.464177 2971252.223329 5333201.430909 0.019805 0.186559 0.022873 0.981978
1750711267.486043 37369027.464177 2971252.223329 5333201.430909 0.019805 0.186559 0.022873 0.981978
1750711267.491045 37369027.464177 2971252.223329 5333201.430909 0.019805 0.186559 0.022873 0.981978
1750711267.496047 37369027.464177 2971252.223329 5333201.430909 0.019805 0.186559 0.022873 0.981978
1750711267.501047 37369027.464177 2971252.223329 5333201.430909 0.019805 0.186559 0.022873 0.981978
1750711267.506049 37369027.462345 2971252.223430 5333201.444818 0.017844 0.172448 0.023987 0.984565
1750711267.511050 37369027.462345 2971252.223430 5333201.444818 0.017844 0.172448 0.023987 0.984565
1750711267.516051 37369027.462345 2971252.223430 5333201.444818 0.017844 0.172448 0.023987 0.984565
1750711267.521053 37369027.462345 2971252.223430 5333201.444818 0.017844 0.172448 0.023987 0.984565
1750711267.526054 37369027.462345 2971252.223430 5333201.444818 0.017844 0.172448 0.023987 0.984565
1750711267.531055 37369027.462345 2971252.223430 5333201.444818 0.017844 0.172448 0.023987 0.984565
1750711267.536056 37369027.462345 2971252.223430 5333201.444818 0.017844 0.172448 0.023987 0.984565
1750711267.541058 37369027.462345 2971252.223430 5333201.444818 0.017844 0.172448 0.023987 0.984565
1750711267.546058 37369027.462345 2971252.223430 5333201.444818 0.017844 0.172448 0.023987 0.984565
1750711267.551060 37369027.462345 2971252.223430 5333201.444818 0.017844 0.172448 0.023987 0.984565
1750711267.556060 37369027.462345 2971252.223430 5333201.444818 0.017844 0.172448 0.023987 0.984565
1750711267.561062 37369027.462345 2971252.223430 5333201.444818 0.017844 0.172448 0.023987 0.984565
1750711267.566063 37369027.462345 2971252.223430 5333201.444818 0.017844 0.172448 0.023987 0.984565
1750711267.571064 37369027.462345 2971252.223430 5333201.444818 0.017844 0.172448 0.023987 0.984565
1750711267.576066 37369027.462345 2971252.223430 5333201.444818 0.017844 0.172448 0.023987 0.984565
1750711267.581067 37369027.462345 2971252.223430 5333201.444818 0.017844 0.172448 0.023987 0.984565
1750711267.586068 37369027.462345 2971252.223430 5333201.444818 0.017844 0.172448 0.023987 0.984565
1750711267.591069 37369027.462345 2971252.223430 5333201.444818 0.017844 0.172448 0.023987 0.984565
1750711267.596071 37369027.462345 2971252.223430 5333201.444818 0.017844 0.172448 0.023987 0.984565
1750711267.601071 37369027.462345 2971252.223430 5333201.444818 0.017844 0.172448 0.023987 0.984565
1750711267.606073 37369027.459353 2971252.228691 5333201.468211 0.018161 0.148396 0.023091 0.988491
1750711267.611074 37369027.459353 2971252.228691 5333201.468211 0.018161 0.148396 0.023091 0.988491
1750711267.616075 37369027.459353 2971252.228691 5333201.468211 0.018161 0.148396 0.023091 0.988491
1750711267.621077 37369027.459353 2971252.228691 5333201.468211 0.018161 0.148396 0.023091 0.988491
1750711267.626077 37369027.459353 2971252.228691 5333201.468211 0.018161 0.148396 0.023091 0.988491
1750711267.631079 37369027.459353 2971252.228691 5333201.468211 0.018161 0.148396 0.023091 0.988491
1750711267.636080 37369027.459353 2971252.228691 5333201.468211 0.018161 0.148396 0.023091 0.988491
1750711267.641081 37369027.459353 2971252.228691 5333201.468211 0.018161 0.148396 0.023091 0.988491
1750711267.646083 37369027.459353 2971252.228691 5333201.468211 0.018161 0.148396 0.023091 0.988491
1750711267.651083 37369027.459353 2971252.228691 5333201.468211 0.018161 0.148396 0.023091 0.988491
1750711267.656085 37369027.459353 2971252.228691 5333201.468211 0.018161 0.148396 0.023091 0.988491
1750711267.661086 37369027.459353 2971252.228691 5333201.468211 0.018161 0.148396 0.023091 0.988491
1750711267.666087 37369027.459353 2971252.228691 5333201.468211 0.018161 0.148396 0.023091 0.988491
1750711267.671088 37369027.459353 2971252.228691 5333201.468211 0.018161 0.148396 0.023091 0.988491
1750711267.676090 37369027.459353 2971252.228691 5333201.468211 0.018161 0.148396 0.023091 0.988491
1750711267.681091 37369027.459353 2971252.228691 5333201.468211 0.018161 0.148396 0.023091 0.988491
1750711267.686092 37369027.459353 2971252.228691 5333201.468211 0.018161 0.148396 0.023091 0.988491
1750711267.691093 37369027.459353 2971252.228691 5333201.468211 0.018161 0.148396 0.023091 0.988491
1750711267.696094 37369027.459353 2971252.228691 5333201.468211 0.018161 0.148396 0.023091 0.988491
1750711267.701096 37369027.459353 2971252.228691 5333201.468211 0.018161 0.148396 0.023091 0.988491
1750711267.706096 37369027.457214 2971252.235740 5333201.493293 0.013968 0.119115 0.022401 0.992529
1750711267.711098 37369027.457214 2971252.235740 5333201.493293 0.013968 0.119115 0.022401 0.992529
1750711267.716099 37369027.457214 2971252.235740 5333201.493293 0.013968 0.119115 0.022401 0.992529
1750711267.721100 37369027.457214 2971252.235740 5333201.493293 0.013968 0.119115 0.022401 0.992529
1750711267.726102 37369027.457214 2971252.235740 5333201.493293 0.013968 0.119115 0.022401 0.992529
1750711267.731102 37369027.457214 2971252.235740 5333201.493293 0.013968 0.119115 0.022401 0.992529
1750711267.736104 37369027.457214 2971252.235740 5333201.493293 0.013968 0.119115 0.022401 0.992529
1750711267.741105 37369027.457214 2971252.235740 5333201.493293 0.013968 0.119115 0.022401 0.992529
1750711267.746106 37369027.457214 2971252.235740 5333201.493293 0.013968 0.119115 0.022401 0.992529
1750711267.751107 37369027.457214 2971252.235740 5333201.493293 0.013968 0.119115 0.022401 0.992529
1750711267.756109 37369027.457214 2971252.235740 5333201.493293 0.013968 0.119115 0.022401 0.992529
1750711267.761110 37369027.457214 2971252.235740 5333201.493293 0.013968 0.119115 0.022401 0.992529
1750711267.766111 37369027.457214 2971252.235740 5333201.493293 0.013968 0.119115 0.022401 0.992529
1750711267.771112 37369027.453555 2971252.238376 5333201.515124 0.012232 0.097608 0.021227 0.994923
1750711267.776114 37369027.453555 2971252.238376 5333201.515124 0.012232 0.097608 0.021227 0.994923
1750711267.781115 37369027.453555 2971252.238376 5333201.515124 0.012232 0.097608 0.021227 0.994923
1750711267.786116 37369027.453555 2971252.238376 5333201.515124 0.012232 0.097608 0.021227 0.994923
1750711267.791117 37369027.453555 2971252.238376 5333201.515124 0.012232 0.097608 0.021227 0.994923
1750711267.796118 37369027.453555 2971252.238376 5333201.515124 0.012232 0.097608 0.021227 0.994923
1750711267.801120 37369027.453555 2971252.238376 5333201.515124 0.012232 0.097608 0.021227 0.994923
1750711267.806121 37369027.453555 2971252.238376 5333201.515124 0.012232 0.097608 0.021227 0.994923
1750711267.811122 37369027.453555 2971252.238376 5333201.515124 0.012232 0.097608 0.021227 0.994923
1750711267.816123 37369027.453555 2971252.238376 5333201.515124 0.012232 0.097608 0.021227 0.994923
1750711267.821124 37369027.453555 2971252.238376 5333201.515124 0.012232 0.097608 0.021227 0.994923
1750711267.826126 37369027.453555 2971252.238376 5333201.515124 0.012232 0.097608 0.021227 0.994923
1750711267.831126 37369027.453555 2971252.238376 5333201.515124 0.012232 0.097608 0.021227 0.994923
1750711267.836128 37369027.453555 2971252.238376 5333201.515124 0.012232 0.097608 0.021227 0.994923
1750711267.841130 37369027.453555 2971252.238376 5333201.515124 0.012232 0.097608 0.021227 0.994923
1750711267.846130 37369027.453555 2971252.238376 5333201.515124 0.012232 0.097608 0.021227 0.994923
1750711267.851132 37369027.453555 2971252.238376 5333201.515124 0.012232 0.097608 0.021227 0.994923
1750711267.856132 37369027.453555 2971252.238376 5333201.515124 0.012232 0.097608 0.021227 0.994923
1750711267.861134 37369027.453555 2971252.238376 5333201.515124 0.012232 0.097608 0.021227 0.994923
1750711267.866135 37369027.453555 2971252.238376 5333201.515124 0.012232 0.097608 0.021227 0.994923
1750711267.869470 37369027.455071 2971252.246854 5333201.545488 0.009741 0.064763 0.016226 0.997721
1750711267.871136 37369027.455071 2971252.246854 5333201.545488 0.009741 0.064763 0.016226 0.997721
1750711267.876138 37369027.455071 2971252.246854 5333201.545488 0.009741 0.064763 0.016226 0.997721
1750711267.881138 37369027.455071 2971252.246854 5333201.545488 0.009741 0.064763 0.016226 0.997721
1750711267.886140 37369027.455071 2971252.246854 5333201.545488 0.009741 0.064763 0.016226 0.997721
1750711267.891141 37369027.455071 2971252.246854 5333201.545488 0.009741 0.064763 0.016226 0.997721
1750711267.896142 37369027.455071 2971252.246854 5333201.545488 0.009741 0.064763 0.016226 0.997721
1750711267.901144 37369027.455071 2971252.246854 5333201.545488 0.009741 0.064763 0.016226 0.997721
1750711267.906145 37369027.455071 2971252.246854 5333201.545488 0.009741 0.064763 0.016226 0.997721
1750711267.911146 37369027.455071 2971252.246854 5333201.545488 0.009741 0.064763 0.016226 0.997721
1750711267.916147 37369027.455071 2971252.246854 5333201.545488 0.009741 0.064763 0.016226 0.997721
1750711267.921149 37369027.455071 2971252.246854 5333201.545488 0.009741 0.064763 0.016226 0.997721
1750711267.926149 37369027.455071 2971252.246854 5333201.545488 0.009741 0.064763 0.016226 0.997721
1750711267.931151 37369027.455071 2971252.246854 5333201.545488 0.009741 0.064763 0.016226 0.997721
1750711267.936151 37369027.455071 2971252.246854 5333201.545488 0.009741 0.064763 0.016226 0.997721
1750711267.941153 37369027.455071 2971252.246854 5333201.545488 0.009741 0.064763 0.016226 0.997721
1750711267.946155 37369027.455071 2971252.246854 5333201.545488 0.009741 0.064763 0.016226 0.997721
1750711267.951155 37369027.455071 2971252.246854 5333201.545488 0.009741 0.064763 0.016226 0.997721
1750711267.956157 37369027.455071 2971252.246854 5333201.545488 0.009741 0.064763 0.016226 0.997721
1750711267.961158 37369027.455071 2971252.246854 5333201.545488 0.009741 0.064763 0.016226 0.997721
1750711267.966159 37369027.455071 2971252.246854 5333201.545488 0.009741 0.064763 0.016226 0.997721
1750711267.971160 37369027.457671 2971252.253511 5333201.578444 0.004438 0.030937 0.010744 0.999454
1750711267.976161 37369027.457671 2971252.253511 5333201.578444 0.004438 0.030937 0.010744 0.999454
1750711267.981162 37369027.457671 2971252.253511 5333201.578444 0.004438 0.030937 0.010744 0.999454
1750711267.986164 37369027.457671 2971252.253511 5333201.578444 0.004438 0.030937 0.010744 0.999454
1750711267.991165 37369027.457671 2971252.253511 5333201.578444 0.004438 0.030937 0.010744 0.999454
1750711267.996166 37369027.457671 2971252.253511 5333201.578444 0.004438 0.030937 0.010744 0.999454
1750711268.001168 37369027.457671 2971252.253511 5333201.578444 0.004438 0.030937 0.010744 0.999454
1750711268.006168 37369027.457671 2971252.253511 5333201.578444 0.004438 0.030937 0.010744 0.999454
1750711268.011170 37369027.457671 2971252.253511 5333201.578444 0.004438 0.030937 0.010744 0.999454
1750711268.016171 37369027.457671 2971252.253511 5333201.578444 0.004438 0.030937 0.010744 0.999454
1750711268.021172 37369027.457671 2971252.253511 5333201.578444 0.004438 0.030937 0.010744 0.999454
1750711268.026174 37369027.457671 2971252.253511 5333201.578444 0.004438 0.030937 0.010744 0.999454
1750711268.031175 37369027.457671 2971252.253511 5333201.578444 0.004438 0.030937 0.010744 0.999454
1750711268.036176 37369027.457671 2971252.253511 5333201.578444 0.004438 0.030937 0.010744 0.999454
1750711268.041177 37369027.457671 2971252.253511 5333201.578444 0.004438 0.030937 0.010744 0.999454
1750711268.046179 37369027.457671 2971252.253511 5333201.578444 0.004438 0.030937 0.010744 0.999454
1750711268.051179 37369027.457671 2971252.253511 5333201.578444 0.004438 0.030937 0.010744 0.999454
1750711268.056181 37369027.457671 2971252.253511 5333201.578444 0.004438 0.030937 0.010744 0.999454
1750711268.061182 37369027.457671 2971252.253511 5333201.578444 0.004438 0.030937 0.010744 0.999454
1750711268.066183 37369027.457671 2971252.253511 5333201.578444 0.004438 0.030937 0.010744 0.999454
1750711268.071185 37369027.460620 2971252.258463 5333201.616079 0.000568 0.001468 0.004163 0.999990
1750711268.076185 37369027.460620 2971252.258463 5333201.616079 0.000568 0.001468 0.004163 0.999990
1750711268.081187 37369027.460620 2971252.258463 5333201.616079 0.000568 0.001468 0.004163 0.999990
1750711268.086188 37369027.460620 2971252.258463 5333201.616079 0.000568 0.001468 0.004163 0.999990
1750711268.091189 37369027.460620 2971252.258463 5333201.616079 0.000568 0.001468 0.004163 0.999990
1750711268.096191 37369027.460620 2971252.258463 5333201.616079 0.000568 0.001468 0.004163 0.999990
1750711268.101192 37369027.460620 2971252.258463 5333201.616079 0.000568 0.001468 0.004163 0.999990
1750711268.106193 37369027.460620 2971252.258463 5333201.616079 0.000568 0.001468 0.004163 0.999990
1750711268.111194 37369027.460620 2971252.258463 5333201.616079 0.000568 0.001468 0.004163 0.999990
1750711268.116195 37369027.460620 2971252.258463 5333201.616079 0.000568 0.001468 0.004163 0.999990
1750711268.121196 37369027.460620 2971252.258463 5333201.616079 0.000568 0.001468 0.004163 0.999990
1750711268.126198 37369027.460620 2971252.258463 5333201.616079 0.000568 0.001468 0.004163 0.999990
1750711268.131198 37369027.460620 2971252.258463 5333201.616079 0.000568 0.001468 0.004163 0.999990
1750711268.136200 37369027.460620 2971252.258463 5333201.616079 0.000568 0.001468 0.004163 0.999990
1750711268.141201 37369027.460620 2971252.258463 5333201.616079 0.000568 0.001468 0.004163 0.999990
1750711268.146202 37369027.460620 2971252.258463 5333201.616079 0.000568 0.001468 0.004163 0.999990
1750711268.151204 37369027.460620 2971252.258463 5333201.616079 0.000568 0.001468 0.004163 0.999990
1750711268.156204 37369027.460620 2971252.258463 5333201.616079 0.000568 0.001468 0.004163 0.999990
1750711268.161206 37369027.460620 2971252.258463 5333201.616079 0.000568 0.001468 0.004163 0.999990
1750711268.166206 37369027.460620 2971252.258463 5333201.616079 0.000568 0.001468 0.004163 0.999990
1750711268.171208 37369027.465812 2971252.263906 5333201.660157 -0.002668 -0.023371 0.000533 0.999723
1750711268.176210 37369027.465812 2971252.263906 5333201.660157 -0.002668 -0.023371 0.000533 0.999723
1750711268.181210 37369027.465812 2971252.263906 5333201.660157 -0.002668 -0.023371 0.000533 0.999723
1750711268.186212 37369027.465812 2971252.263906 5333201.660157 -0.002668 -0.023371 0.000533 0.999723
1750711268.191213 37369027.465812 2971252.263906 5333201.660157 -0.002668 -0.023371 0.000533 0.999723
1750711268.196214 37369027.465812 2971252.263906 5333201.660157 -0.002668 -0.023371 0.000533 0.999723
1750711268.201215 37369027.465812 2971252.263906 5333201.660157 -0.002668 -0.023371 0.000533 0.999723
1750711268.206216 37369027.465812 2971252.263906 5333201.660157 -0.002668 -0.023371 0.000533 0.999723
1750711268.211217 37369027.465812 2971252.263906 5333201.660157 -0.002668 -0.023371 0.000533 0.999723
1750711268.216219 37369027.465812 2971252.263906 5333201.660157 -0.002668 -0.023371 0.000533 0.999723
1750711268.221220 37369027.465812 2971252.263906 5333201.660157 -0.002668 -0.023371 0.000533 0.999723
1750711268.226221 37369027.465812 2971252.263906 5333201.660157 -0.002668 -0.023371 0.000533 0.999723
1750711268.231223 37369027.465812 2971252.263906 5333201.660157 -0.002668 -0.023371 0.000533 0.999723
1750711268.236223 37369027.465812 2971252.263906 5333201.660157 -0.002668 -0.023371 0.000533 0.999723
1750711268.241225 37369027.467435 2971252.267613 5333201.686231 -0.004933 -0.040177 -0.001537 0.999179
1750711268.246227 37369027.467435 2971252.267613 5333201.686231 -0.004933 -0.040177 -0.001537 0.999179
1750711268.251227 37369027.467435 2971252.267613 5333201.686231 -0.004933 -0.040177 -0.001537 0.999179
1750711268.256229 37369027.467435 2971252.267613 5333201.686231 -0.004933 -0.040177 -0.001537 0.999179
1750711268.261230 37369027.467435 2971252.267613 5333201.686231 -0.004933 -0.040177 -0.001537 0.999179
1750711268.266231 37369027.467435 2971252.267613 5333201.686231 -0.004933 -0.040177 -0.001537 0.999179
1750711268.271232 37369027.467435 2971252.267613 5333201.686231 -0.004933 -0.040177 -0.001537 0.999179
1750711268.276233 37369027.467435 2971252.267613 5333201.686231 -0.004933 -0.040177 -0.001537 0.999179
1750711268.281234 37369027.467435 2971252.267613 5333201.686231 -0.004933 -0.040177 -0.001537 0.999179
1750711268.286236 37369027.467435 2971252.267613 5333201.686231 -0.004933 -0.040177 -0.001537 0.999179
1750711268.291237 37369027.467435 2971252.267613 5333201.686231 -0.004933 -0.040177 -0.001537 0.999179
1750711268.296238 37369027.467435 2971252.267613 5333201.686231 -0.004933 -0.040177 -0.001537 0.999179
1750711268.301239 37369027.467435 2971252.267613 5333201.686231 -0.004933 -0.040177 -0.001537 0.999179
1750711268.306240 37369027.467435 2971252.267613 5333201.686231 -0.004933 -0.040177 -0.001537 0.999179
1750711268.311242 37369027.467435 2971252.267613 5333201.686231 -0.004933 -0.040177 -0.001537 0.999179
1750711268.316243 37369027.467435 2971252.267613 5333201.686231 -0.004933 -0.040177 -0.001537 0.999179
1750711268.321244 37369027.467435 2971252.267613 5333201.686231 -0.004933 -0.040177 -0.001537 0.999179
1750711268.326246 37369027.467435 2971252.267613 5333201.686231 -0.004933 -0.040177 -0.001537 0.999179
1750711268.331246 37369027.467435 2971252.267613 5333201.686231 -0.004933 -0.040177 -0.001537 0.999179
1750711268.336248 37369027.467435 2971252.267613 5333201.686231 -0.004933 -0.040177 -0.001537 0.999179
1750711268.341249 37369027.469836 2971252.272175 5333201.723241 -0.011166 -0.069269 -0.005203 0.997522
1750711268.346250 37369027.469836 2971252.272175 5333201.723241 -0.011166 -0.069269 -0.005203 0.997522
1750711268.351252 37369027.469836 2971252.272175 5333201.723241 -0.011166 -0.069269 -0.005203 0.997522
1750711268.356252 37369027.469836 2971252.272175 5333201.723241 -0.011166 -0.069269 -0.005203 0.997522
1750711268.361253 37369027.469836 2971252.272175 5333201.723241 -0.011166 -0.069269 -0.005203 0.997522
1750711268.366255 37369027.469836 2971252.272175 5333201.723241 -0.011166 -0.069269 -0.005203 0.997522
1750711268.371256 37369027.469836 2971252.272175 5333201.723241 -0.011166 -0.069269 -0.005203 0.997522
1750711268.376257 37369027.469836 2971252.272175 5333201.723241 -0.011166 -0.069269 -0.005203 0.997522
1750711268.381258 37369027.469836 2971252.272175 5333201.723241 -0.011166 -0.069269 -0.005203 0.997522
1750711268.386259 37369027.469836 2971252.272175 5333201.723241 -0.011166 -0.069269 -0.005203 0.997522
1750711268.391261 37369027.469836 2971252.272175 5333201.723241 -0.011166 -0.069269 -0.005203 0.997522
1750711268.396262 37369027.469836 2971252.272175 5333201.723241 -0.011166 -0.069269 -0.005203 0.997522
1750711268.401263 37369027.469836 2971252.272175 5333201.723241 -0.011166 -0.069269 -0.005203 0.997522
1750711268.406265 37369027.469836 2971252.272175 5333201.723241 -0.011166 -0.069269 -0.005203 0.997522
1750711268.411265 37369027.469836 2971252.272175 5333201.723241 -0.011166 -0.069269 -0.005203 0.997522
1750711268.416267 37369027.469836 2971252.272175 5333201.723241 -0.011166 -0.069269 -0.005203 0.997522
1750711268.421268 37369027.469836 2971252.272175 5333201.723241 -0.011166 -0.069269 -0.005203 0.997522
1750711268.426269 37369027.469836 2971252.272175 5333201.723241 -0.011166 -0.069269 -0.005203 0.997522
1750711268.431271 37369027.469836 2971252.272175 5333201.723241 -0.011166 -0.069269 -0.005203 0.997522
1750711268.436271 37369027.469836 2971252.272175 5333201.723241 -0.011166 -0.069269 -0.005203 0.997522
1750711268.441273 37369027.469451 2971252.277992 5333201.757308 -0.017385 -0.099084 -0.011076 0.994865
1750711268.446274 37369027.469451 2971252.277992 5333201.757308 -0.017385 -0.099084 -0.011076 0.994865
1750711268.451275 37369027.469451 2971252.277992 5333201.757308 -0.017385 -0.099084 -0.011076 0.994865
1750711268.456276 37369027.469451 2971252.277992 5333201.757308 -0.017385 -0.099084 -0.011076 0.994865
1750711268.461278 37369027.469451 2971252.277992 5333201.757308 -0.017385 -0.099084 -0.011076 0.994865
1750711268.466278 37369027.469451 2971252.277992 5333201.757308 -0.017385 -0.099084 -0.011076 0.994865
1750711268.471280 37369027.469451 2971252.277992 5333201.757308 -0.017385 -0.099084 -0.011076 0.994865
1750711268.476282 37369027.469451 2971252.277992 5333201.757308 -0.017385 -0.099084 -0.011076 0.994865
1750711268.481282 37369027.469451 2971252.277992 5333201.757308 -0.017385 -0.099084 -0.011076 0.994865
1750711268.486284 37369027.469451 2971252.277992 5333201.757308 -0.017385 -0.099084 -0.011076 0.994865
1750711268.491284 37369027.469451 2971252.277992 5333201.757308 -0.017385 -0.099084 -0.011076 0.994865
1750711268.496286 37369027.469451 2971252.277992 5333201.757308 -0.017385 -0.099084 -0.011076 0.994865
1750711268.501287 37369027.469451 2971252.277992 5333201.757308 -0.017385 -0.099084 -0.011076 0.994865
1750711268.506288 37369027.469451 2971252.277992 5333201.757308 -0.017385 -0.099084 -0.011076 0.994865
1750711268.511289 37369027.469451 2971252.277992 5333201.757308 -0.017385 -0.099084 -0.011076 0.994865
1750711268.516291 37369027.469451 2971252.277992 5333201.757308 -0.017385 -0.099084 -0.011076 0.994865
1750711268.521292 37369027.469451 2971252.277992 5333201.757308 -0.017385 -0.099084 -0.011076 0.994865
1750711268.526293 37369027.469451 2971252.277992 5333201.757308 -0.017385 -0.099084 -0.011076 0.994865
1750711268.531294 37369027.469451 2971252.277992 5333201.757308 -0.017385 -0.099084 -0.011076 0.994865
1750711268.536295 37369027.469451 2971252.277992 5333201.757308 -0.017385 -0.099084 -0.011076 0.994865
1750711268.541297 37369027.469368 2971252.285930 5333201.790033 -0.019566 -0.128962 -0.018012 0.991293
1750711268.546297 37369027.469368 2971252.285930 5333201.790033 -0.019566 -0.128962 -0.018012 0.991293
1750711268.551299 37369027.469368 2971252.285930 5333201.790033 -0.019566 -0.128962 -0.018012 0.991293
1750711268.556301 37369027.469368 2971252.285930 5333201.790033 -0.019566 -0.128962 -0.018012 0.991293
1750711268.561301 37369027.469368 2971252.285930 5333201.790033 -0.019566 -0.128962 -0.018012 0.991293
1750711268.566303 37369027.469368 2971252.285930 5333201.790033 -0.019566 -0.128962 -0.018012 0.991293
1750711268.571303 37369027.469368 2971252.285930 5333201.790033 -0.019566 -0.128962 -0.018012 0.991293
1750711268.576305 37369027.469368 2971252.285930 5333201.790033 -0.019566 -0.128962 -0.018012 0.991293
1750711268.581305 37369027.469368 2971252.285930 5333201.790033 -0.019566 -0.128962 -0.018012 0.991293
1750711268.586307 37369027.469368 2971252.285930 5333201.790033 -0.019566 -0.128962 -0.018012 0.991293
1750711268.591307 37369027.469368 2971252.285930 5333201.790033 -0.019566 -0.128962 -0.018012 0.991293
1750711268.596309 37369027.469368 2971252.285930 5333201.790033 -0.019566 -0.128962 -0.018012 0.991293
1750711268.601311 37369027.469368 2971252.285930 5333201.790033 -0.019566 -0.128962 -0.018012 0.991293
1750711268.606311 37369027.464672 2971252.289311 5333201.808542 -0.018889 -0.146553 -0.023472 0.988744
1750711268.611313 37369027.464672 2971252.289311 5333201.808542 -0.018889 -0.146553 -0.023472 0.988744
1750711268.616314 37369027.464672 2971252.289311 5333201.808542 -0.018889 -0.146553 -0.023472 0.988744
1750711268.621315 37369027.464672 2971252.289311 5333201.808542 -0.018889 -0.146553 -0.023472 0.988744
1750711268.626316 37369027.464672 2971252.289311 5333201.808542 -0.018889 -0.146553 -0.023472 0.988744
1750711268.631318 37369027.464672 2971252.289311 5333201.808542 -0.018889 -0.146553 -0.023472 0.988744
1750711268.636319 37369027.464672 2971252.289311 5333201.808542 -0.018889 -0.146553 -0.023472 0.988744
1750711268.641320 37369027.464672 2971252.289311 5333201.808542 -0.018889 -0.146553 -0.023472 0.988744
1750711268.646321 37369027.464672 2971252.289311 5333201.808542 -0.018889 -0.146553 -0.023472 0.988744
1750711268.651322 37369027.464672 2971252.289311 5333201.808542 -0.018889 -0.146553 -0.023472 0.988744
1750711268.656324 37369027.464672 2971252.289311 5333201.808542 -0.018889 -0.146553 -0.023472 0.988744
1750711268.661324 37369027.464672 2971252.289311 5333201.808542 -0.018889 -0.146553 -0.023472 0.988744
1750711268.666326 37369027.464672 2971252.289311 5333201.808542 -0.018889 -0.146553 -0.023472 0.988744
1750711268.671328 37369027.459377 2971252.292255 5333201.824501 -0.017716 -0.162004 -0.027388 0.986251
1750711268.676328 37369027.459377 2971252.292255 5333201.824501 -0.017716 -0.162004 -0.027388 0.986251
1750711268.681330 37369027.459377 2971252.292255 5333201.824501 -0.017716 -0.162004 -0.027388 0.986251
1750711268.686330 37369027.459377 2971252.292255 5333201.824501 -0.017716 -0.162004 -0.027388 0.986251
1750711268.691332 37369027.459377 2971252.292255 5333201.824501 -0.017716 -0.162004 -0.027388 0.986251
1750711268.696332 37369027.459377 2971252.292255 5333201.824501 -0.017716 -0.162004 -0.027388 0.986251
1750711268.701334 37369027.459377 2971252.292255 5333201.824501 -0.017716 -0.162004 -0.027388 0.986251
1750711268.706335 37369027.459377 2971252.292255 5333201.824501 -0.017716 -0.162004 -0.027388 0.986251
1750711268.711336 37369027.459377 2971252.292255 5333201.824501 -0.017716 -0.162004 -0.027388 0.986251
1750711268.716338 37369027.459377 2971252.292255 5333201.824501 -0.017716 -0.162004 -0.027388 0.986251
1750711268.721339 37369027.459377 2971252.292255 5333201.824501 -0.017716 -0.162004 -0.027388 0.986251
1750711268.726340 37369027.459377 2971252.292255 5333201.824501 -0.017716 -0.162004 -0.027388 0.986251
1750711268.731341 37369027.459377 2971252.292255 5333201.824501 -0.017716 -0.162004 -0.027388 0.986251
1750711268.736342 37369027.459377 2971252.292255 5333201.824501 -0.017716 -0.162004 -0.027388 0.986251
1750711268.741343 37369027.459377 2971252.292255 5333201.824501 -0.017716 -0.162004 -0.027388 0.986251
1750711268.746345 37369027.459377 2971252.292255 5333201.824501 -0.017716 -0.162004 -0.027388 0.986251
1750711268.751346 37369027.459377 2971252.292255 5333201.824501 -0.017716 -0.162004 -0.027388 0.986251
1750711268.756347 37369027.459377 2971252.292255 5333201.824501 -0.017716 -0.162004 -0.027388 0.986251
1750711268.761349 37369027.459377 2971252.292255 5333201.824501 -0.017716 -0.162004 -0.027388 0.986251
1750711268.766349 37369027.459377 2971252.292255 5333201.824501 -0.017716 -0.162004 -0.027388 0.986251
1750711268.771351 37369027.448350 2971252.295088 5333201.843845 -0.016761 -0.182957 -0.030329 0.982510
1750711268.776352 37369027.448350 2971252.295088 5333201.843845 -0.016761 -0.182957 -0.030329 0.982510
1750711268.781353 37369027.448350 2971252.295088 5333201.843845 -0.016761 -0.182957 -0.030329 0.982510
1750711268.786355 37369027.448350 2971252.295088 5333201.843845 -0.016761 -0.182957 -0.030329 0.982510
1750711268.791355 37369027.448350 2971252.295088 5333201.843845 -0.016761 -0.182957 -0.030329 0.982510
1750711268.796357 37369027.448350 2971252.295088 5333201.843845 -0.016761 -0.182957 -0.030329 0.982510
1750711268.801357 37369027.448350 2971252.295088 5333201.843845 -0.016761 -0.182957 -0.030329 0.982510
1750711268.806359 37369027.448350 2971252.295088 5333201.843845 -0.016761 -0.182957 -0.030329 0.982510
1750711268.811360 37369027.448350 2971252.295088 5333201.843845 -0.016761 -0.182957 -0.030329 0.982510
1750711268.816361 37369027.448350 2971252.295088 5333201.843845 -0.016761 -0.182957 -0.030329 0.982510
1750711268.821363 37369027.448350 2971252.295088 5333201.843845 -0.016761 -0.182957 -0.030329 0.982510
1750711268.826364 37369027.448350 2971252.295088 5333201.843845 -0.016761 -0.182957 -0.030329 0.982510
1750711268.831365 37369027.448350 2971252.295088 5333201.843845 -0.016761 -0.182957 -0.030329 0.982510
1750711268.836366 37369027.448350 2971252.295088 5333201.843845 -0.016761 -0.182957 -0.030329 0.982510
1750711268.841367 37369027.448350 2971252.295088 5333201.843845 -0.016761 -0.182957 -0.030329 0.982510
1750711268.846368 37369027.448350 2971252.295088 5333201.843845 -0.016761 -0.182957 -0.030329 0.982510
1750711268.851370 37369027.448350 2971252.295088 5333201.843845 -0.016761 -0.182957 -0.030329 0.982510
1750711268.856370 37369027.448350 2971252.295088 5333201.843845 -0.016761 -0.182957 -0.030329 0.982510
1750711268.861372 37369027.448350 2971252.295088 5333201.843845 -0.016761 -0.182957 -0.030329 0.982510
1750711268.866373 37369027.448350 2971252.295088 5333201.843845 -0.016761 -0.182957 -0.030329 0.982510
1750711268.871374 37369027.435930 2971252.301154 5333201.860823 -0.015125 -0.200735 -0.032744 0.978981
1750711268.876376 37369027.435930 2971252.301154 5333201.860823 -0.015125 -0.200735 -0.032744 0.978981
1750711268.881376 37369027.435930 2971252.301154 5333201.860823 -0.015125 -0.200735 -0.032744 0.978981
1750711268.886378 37369027.435930 2971252.301154 5333201.860823 -0.015125 -0.200735 -0.032744 0.978981
1750711268.891378 37369027.435930 2971252.301154 5333201.860823 -0.015125 -0.200735 -0.032744 0.978981
1750711268.896380 37369027.435930 2971252.301154 5333201.860823 -0.015125 -0.200735 -0.032744 0.978981
1750711268.901382 37369027.435930 2971252.301154 5333201.860823 -0.015125 -0.200735 -0.032744 0.978981
1750711268.906382 37369027.435930 2971252.301154 5333201.860823 -0.015125 -0.200735 -0.032744 0.978981
1750711268.911384 37369027.435930 2971252.301154 5333201.860823 -0.015125 -0.200735 -0.032744 0.978981
1750711268.916384 37369027.435930 2971252.301154 5333201.860823 -0.015125 -0.200735 -0.032744 0.978981
1750711268.921386 37369027.435930 2971252.301154 5333201.860823 -0.015125 -0.200735 -0.032744 0.978981
1750711268.926387 37369027.435930 2971252.301154 5333201.860823 -0.015125 -0.200735 -0.032744 0.978981
1750711268.931388 37369027.435930 2971252.301154 5333201.860823 -0.015125 -0.200735 -0.032744 0.978981
1750711268.936389 37369027.435930 2971252.301154 5333201.860823 -0.015125 -0.200735 -0.032744 0.978981
1750711268.941391 37369027.435930 2971252.301154 5333201.860823 -0.015125 -0.200735 -0.032744 0.978981
1750711268.946392 37369027.435930 2971252.301154 5333201.860823 -0.015125 -0.200735 -0.032744 0.978981
1750711268.951393 37369027.435930 2971252.301154 5333201.860823 -0.015125 -0.200735 -0.032744 0.978981
1750711268.956394 37369027.435930 2971252.301154 5333201.860823 -0.015125 -0.200735 -0.032744 0.978981
1750711268.961395 37369027.435930 2971252.301154 5333201.860823 -0.015125 -0.200735 -0.032744 0.978981
1750711268.966397 37369027.435930 2971252.301154 5333201.860823 -0.015125 -0.200735 -0.032744 0.978981
1750711268.971398 37369027.418795 2971252.304508 5333201.879083 -0.010993 -0.212714 -0.035022 0.976425
1750711268.976399 37369027.418795 2971252.304508 5333201.879083 -0.010993 -0.212714 -0.035022 0.976425
1750711268.981400 37369027.418795 2971252.304508 5333201.879083 -0.010993 -0.212714 -0.035022 0.976425
1750711268.986401 37369027.418795 2971252.304508 5333201.879083 -0.010993 -0.212714 -0.035022 0.976425
1750711268.991402 37369027.418795 2971252.304508 5333201.879083 -0.010993 -0.212714 -0.035022 0.976425
1750711268.996403 37369027.418795 2971252.304508 5333201.879083 -0.010993 -0.212714 -0.035022 0.976425
1750711269.001405 37369027.418795 2971252.304508 5333201.879083 -0.010993 -0.212714 -0.035022 0.976425
1750711269.006406 37369027.418795 2971252.304508 5333201.879083 -0.010993 -0.212714 -0.035022 0.976425
1750711269.011407 37369027.418795 2971252.304508 5333201.879083 -0.010993 -0.212714 -0.035022 0.976425
1750711269.016409 37369027.418795 2971252.304508 5333201.879083 -0.010993 -0.212714 -0.035022 0.976425
1750711269.021410 37369027.418795 2971252.304508 5333201.879083 -0.010993 -0.212714 -0.035022 0.976425
1750711269.026411 37369027.418795 2971252.304508 5333201.879083 -0.010993 -0.212714 -0.035022 0.976425
1750711269.031412 37369027.418795 2971252.304508 5333201.879083 -0.010993 -0.212714 -0.035022 0.976425
1750711269.036413 37369027.418795 2971252.304508 5333201.879083 -0.010993 -0.212714 -0.035022 0.976425
1750711269.041414 37369027.406983 2971252.307041 5333201.888416 -0.009343 -0.218867 -0.034450 0.975101
1750711269.046416 37369027.406983 2971252.307041 5333201.888416 -0.009343 -0.218867 -0.034450 0.975101
1750711269.051417 37369027.406983 2971252.307041 5333201.888416 -0.009343 -0.218867 -0.034450 0.975101
1750711269.056418 37369027.406983 2971252.307041 5333201.888416 -0.009343 -0.218867 -0.034450 0.975101
1750711269.061419 37369027.406983 2971252.307041 5333201.888416 -0.009343 -0.218867 -0.034450 0.975101
1750711269.066420 37369027.406983 2971252.307041 5333201.888416 -0.009343 -0.218867 -0.034450 0.975101
1750711269.071421 37369027.406983 2971252.307041 5333201.888416 -0.009343 -0.218867 -0.034450 0.975101
1750711269.076423 37369027.406983 2971252.307041 5333201.888416 -0.009343 -0.218867 -0.034450 0.975101
1750711269.081424 37369027.406983 2971252.307041 5333201.888416 -0.009343 -0.218867 -0.034450 0.975101
1750711269.086425 37369027.406983 2971252.307041 5333201.888416 -0.009343 -0.218867 -0.034450 0.975101
1750711269.091426 37369027.406983 2971252.307041 5333201.888416 -0.009343 -0.218867 -0.034450 0.975101
1750711269.096427 37369027.406983 2971252.307041 5333201.888416 -0.009343 -0.218867 -0.034450 0.975101
1750711269.101428 37369027.406983 2971252.307041 5333201.888416 -0.009343 -0.218867 -0.034450 0.975101
1750711269.106430 37369027.393288 2971252.308016 5333201.895731 -0.008947 -0.223636 -0.031789 0.974113
1750711269.111431 37369027.393288 2971252.308016 5333201.895731 -0.008947 -0.223636 -0.031789 0.974113
1750711269.116432 37369027.393288 2971252.308016 5333201.895731 -0.008947 -0.223636 -0.031789 0.974113
1750711269.121433 37369027.393288 2971252.308016 5333201.895731 -0.008947 -0.223636 -0.031789 0.974113
1750711269.126434 37369027.393288 2971252.308016 5333201.895731 -0.008947 -0.223636 -0.031789 0.974113
1750711269.131436 37369027.393288 2971252.308016 5333201.895731 -0.008947 -0.223636 -0.031789 0.974113
1750711269.136436 37369027.393288 2971252.308016 5333201.895731 -0.008947 -0.223636 -0.031789 0.974113
1750711269.141438 37369027.393288 2971252.308016 5333201.895731 -0.008947 -0.223636 -0.031789 0.974113
1750711269.146439 37369027.393288 2971252.308016 5333201.895731 -0.008947 -0.223636 -0.031789 0.974113
1750711269.151440 37369027.393288 2971252.308016 5333201.895731 -0.008947 -0.223636 -0.031789 0.974113
1750711269.156442 37369027.393288 2971252.308016 5333201.895731 -0.008947 -0.223636 -0.031789 0.974113
1750711269.161442 37369027.393288 2971252.308016 5333201.895731 -0.008947 -0.223636 -0.031789 0.974113
1750711269.166444 37369027.393288 2971252.308016 5333201.895731 -0.008947 -0.223636 -0.031789 0.974113
1750711269.171445 37369027.393288 2971252.308016 5333201.895731 -0.008947 -0.223636 -0.031789 0.974113
1750711269.176446 37369027.393288 2971252.308016 5333201.895731 -0.008947 -0.223636 -0.031789 0.974113
1750711269.181447 37369027.393288 2971252.308016 5333201.895731 -0.008947 -0.223636 -0.031789 0.974113
1750711269.186448 37369027.393288 2971252.308016 5333201.895731 -0.008947 -0.223636 -0.031789 0.974113
1750711269.191450 37369027.393288 2971252.308016 5333201.895731 -0.008947 -0.223636 -0.031789 0.974113
1750711269.196450 37369027.393288 2971252.308016 5333201.895731 -0.008947 -0.223636 -0.031789 0.974113
1750711269.201452 37369027.393288 2971252.308016 5333201.895731 -0.008947 -0.223636 -0.031789 0.974113
1750711269.206453 37369027.371168 2971252.309724 5333201.906298 -0.011654 -0.226846 -0.026012 0.973513
1750711269.211454 37369027.371168 2971252.309724 5333201.906298 -0.011654 -0.226846 -0.026012 0.973513
1750711269.216455 37369027.371168 2971252.309724 5333201.906298 -0.011654 -0.226846 -0.026012 0.973513
1750711269.221457 37369027.371168 2971252.309724 5333201.906298 -0.011654 -0.226846 -0.026012 0.973513
1750711269.226458 37369027.371168 2971252.309724 5333201.906298 -0.011654 -0.226846 -0.026012 0.973513
1750711269.231459 37369027.371168 2971252.309724 5333201.906298 -0.011654 -0.226846 -0.026012 0.973513
1750711269.236461 37369027.371168 2971252.309724 5333201.906298 -0.011654 -0.226846 -0.026012 0.973513
1750711269.241461 37369027.371168 2971252.309724 5333201.906298 -0.011654 -0.226846 -0.026012 0.973513
1750711269.246463 37369027.371168 2971252.309724 5333201.906298 -0.011654 -0.226846 -0.026012 0.973513
1750711269.251464 37369027.371168 2971252.309724 5333201.906298 -0.011654 -0.226846 -0.026012 0.973513
1750711269.256465 37369027.371168 2971252.309724 5333201.906298 -0.011654 -0.226846 -0.026012 0.973513
1750711269.261466 37369027.371168 2971252.309724 5333201.906298 -0.011654 -0.226846 -0.026012 0.973513
1750711269.266467 37369027.371168 2971252.309724 5333201.906298 -0.011654 -0.226846 -0.026012 0.973513
1750711269.271469 37369027.371168 2971252.309724 5333201.906298 -0.011654 -0.226846 -0.026012 0.973513
1750711269.276469 37369027.371168 2971252.309724 5333201.906298 -0.011654 -0.226846 -0.026012 0.973513
1750711269.281471 37369027.371168 2971252.309724 5333201.906298 -0.011654 -0.226846 -0.026012 0.973513
1750711269.286472 37369027.371168 2971252.309724 5333201.906298 -0.011654 -0.226846 -0.026012 0.973513
1750711269.291473 37369027.371168 2971252.309724 5333201.906298 -0.011654 -0.226846 -0.026012 0.973513
1750711269.296474 37369027.371168 2971252.309724 5333201.906298 -0.011654 -0.226846 -0.026012 0.973513
1750711269.301476 37369027.371168 2971252.309724 5333201.906298 -0.011654 -0.226846 -0.026012 0.973513
1750711269.306477 37369027.349032 2971252.309707 5333201.918266 -0.015338 -0.228461 -0.021029 0.973205
1750711269.311478 37369027.349032 2971252.309707 5333201.918266 -0.015338 -0.228461 -0.021029 0.973205
1750711269.316479 37369027.349032 2971252.309707 5333201.918266 -0.015338 -0.228461 -0.021029 0.973205
1750711269.321480 37369027.349032 2971252.309707 5333201.918266 -0.015338 -0.228461 -0.021029 0.973205
1750711269.326482 37369027.349032 2971252.309707 5333201.918266 -0.015338 -0.228461 -0.021029 0.973205
1750711269.331483 37369027.349032 2971252.309707 5333201.918266 -0.015338 -0.228461 -0.021029 0.973205
1750711269.336484 37369027.349032 2971252.309707 5333201.918266 -0.015338 -0.228461 -0.021029 0.973205
1750711269.341486 37369027.349032 2971252.309707 5333201.918266 -0.015338 -0.228461 -0.021029 0.973205
1750711269.346486 37369027.349032 2971252.309707 5333201.918266 -0.015338 -0.228461 -0.021029 0.973205
1750711269.351488 37369027.349032 2971252.309707 5333201.918266 -0.015338 -0.228461 -0.021029 0.973205
1750711269.356488 37369027.349032 2971252.309707 5333201.918266 -0.015338 -0.228461 -0.021029 0.973205
1750711269.361490 37369027.349032 2971252.309707 5333201.918266 -0.015338 -0.228461 -0.021029 0.973205
1750711269.366490 37369027.349032 2971252.309707 5333201.918266 -0.015338 -0.228461 -0.021029 0.973205
1750711269.371492 37369027.335672 2971252.308810 5333201.926393 -0.019789 -0.233504 -0.017692 0.971993
1750711269.376494 37369027.335672 2971252.308810 5333201.926393 -0.019789 -0.233504 -0.017692 0.971993
1750711269.381494 37369027.335672 2971252.308810 5333201.926393 -0.019789 -0.233504 -0.017692 0.971993
1750711269.386496 37369027.335672 2971252.308810 5333201.926393 -0.019789 -0.233504 -0.017692 0.971993
1750711269.391497 37369027.335672 2971252.308810 5333201.926393 -0.019789 -0.233504 -0.017692 0.971993
1750711269.396498 37369027.335672 2971252.308810 5333201.926393 -0.019789 -0.233504 -0.017692 0.971993
1750711269.401499 37369027.335672 2971252.308810 5333201.926393 -0.019789 -0.233504 -0.017692 0.971993
1750711269.406501 37369027.335672 2971252.308810 5333201.926393 -0.019789 -0.233504 -0.017692 0.971993
1750711269.411502 37369027.335672 2971252.308810 5333201.926393 -0.019789 -0.233504 -0.017692 0.971993
1750711269.416503 37369027.335672 2971252.308810 5333201.926393 -0.019789 -0.233504 -0.017692 0.971993
1750711269.421504 37369027.335672 2971252.308810 5333201.926393 -0.019789 -0.233504 -0.017692 0.971993
1750711269.426505 37369027.335672 2971252.308810 5333201.926393 -0.019789 -0.233504 -0.017692 0.971993
1750711269.431507 37369027.335672 2971252.308810 5333201.926393 -0.019789 -0.233504 -0.017692 0.971993
1750711269.436507 37369027.335672 2971252.308810 5333201.926393 -0.019789 -0.233504 -0.017692 0.971993
1750711269.441509 37369027.335672 2971252.308810 5333201.926393 -0.019789 -0.233504 -0.017692 0.971993
1750711269.446511 37369027.335672 2971252.308810 5333201.926393 -0.019789 -0.233504 -0.017692 0.971993
1750711269.451511 37369027.335672 2971252.308810 5333201.926393 -0.019789 -0.233504 -0.017692 0.971993
1750711269.456513 37369027.335672 2971252.308810 5333201.926393 -0.019789 -0.233504 -0.017692 0.971993
1750711269.461513 37369027.335672 2971252.308810 5333201.926393 -0.019789 -0.233504 -0.017692 0.971993
1750711269.466515 37369027.335672 2971252.308810 5333201.926393 -0.019789 -0.233504 -0.017692 0.971993
1750711269.471515 37369027.307875 2971252.306974 5333201.939028 -0.028206 -0.238367 -0.014060 0.970664
1750711269.476517 37369027.307875 2971252.306974 5333201.939028 -0.028206 -0.238367 -0.014060 0.970664
1750711269.481518 37369027.307875 2971252.306974 5333201.939028 -0.028206 -0.238367 -0.014060 0.970664
1750711269.486519 37369027.307875 2971252.306974 5333201.939028 -0.028206 -0.238367 -0.014060 0.970664
1750711269.491521 37369027.307875 2971252.306974 5333201.939028 -0.028206 -0.238367 -0.014060 0.970664
1750711269.496521 37369027.307875 2971252.306974 5333201.939028 -0.028206 -0.238367 -0.014060 0.970664
1750711269.501523 37369027.307875 2971252.306974 5333201.939028 -0.028206 -0.238367 -0.014060 0.970664
1750711269.506524 37369027.307875 2971252.306974 5333201.939028 -0.028206 -0.238367 -0.014060 0.970664
1750711269.511525 37369027.307875 2971252.306974 5333201.939028 -0.028206 -0.238367 -0.014060 0.970664
1750711269.516526 37369027.307875 2971252.306974 5333201.939028 -0.028206 -0.238367 -0.014060 0.970664
1750711269.521528 37369027.307875 2971252.306974 5333201.939028 -0.028206 -0.238367 -0.014060 0.970664
1750711269.526529 37369027.307875 2971252.306974 5333201.939028 -0.028206 -0.238367 -0.014060 0.970664
1750711269.531530 37369027.307875 2971252.306974 5333201.939028 -0.028206 -0.238367 -0.014060 0.970664
1750711269.536531 37369027.307875 2971252.306974 5333201.939028 -0.028206 -0.238367 -0.014060 0.970664
1750711269.541532 37369027.292523 2971252.305606 5333201.946275 -0.032046 -0.240300 -0.011851 0.970097
1750711269.546534 37369027.292523 2971252.305606 5333201.946275 -0.032046 -0.240300 -0.011851 0.970097
1750711269.551534 37369027.292523 2971252.305606 5333201.946275 -0.032046 -0.240300 -0.011851 0.970097
1750711269.556536 37369027.292523 2971252.305606 5333201.946275 -0.032046 -0.240300 -0.011851 0.970097
1750711269.561536 37369027.292523 2971252.305606 5333201.946275 -0.032046 -0.240300 -0.011851 0.970097
1750711269.566538 37369027.292523 2971252.305606 5333201.946275 -0.032046 -0.240300 -0.011851 0.970097
1750711269.571540 37369027.292523 2971252.305606 5333201.946275 -0.032046 -0.240300 -0.011851 0.970097
1750711269.576540 37369027.292523 2971252.305606 5333201.946275 -0.032046 -0.240300 -0.011851 0.970097
1750711269.581542 37369027.292523 2971252.305606 5333201.946275 -0.032046 -0.240300 -0.011851 0.970097
1750711269.586543 37369027.292523 2971252.305606 5333201.946275 -0.032046 -0.240300 -0.011851 0.970097
1750711269.591544 37369027.292523 2971252.305606 5333201.946275 -0.032046 -0.240300 -0.011851 0.970097
1750711269.596545 37369027.292523 2971252.305606 5333201.946275 -0.032046 -0.240300 -0.011851 0.970097
1750711269.601547 37369027.292523 2971252.305606 5333201.946275 -0.032046 -0.240300 -0.011851 0.970097
1750711269.606548 37369027.292523 2971252.305606 5333201.946275 -0.032046 -0.240300 -0.011851 0.970097
1750711269.611549 37369027.292523 2971252.305606 5333201.946275 -0.032046 -0.240300 -0.011851 0.970097
1750711269.616550 37369027.292523 2971252.305606 5333201.946275 -0.032046 -0.240300 -0.011851 0.970097
1750711269.621551 37369027.292523 2971252.305606 5333201.946275 -0.032046 -0.240300 -0.011851 0.970097
1750711269.626553 37369027.292523 2971252.305606 5333201.946275 -0.032046 -0.240300 -0.011851 0.970097
1750711269.631553 37369027.292523 2971252.305606 5333201.946275 -0.032046 -0.240300 -0.011851 0.970097
1750711269.636555 37369027.292523 2971252.305606 5333201.946275 -0.032046 -0.240300 -0.011851 0.970097
1750711269.636563 37369027.265868 2971252.304663 5333201.956905 -0.033175 -0.248469 -0.007774 0.968040
1750711269.641555 37369027.265868 2971252.304663 5333201.956905 -0.033175 -0.248469 -0.007774 0.968040
1750711269.646557 37369027.265868 2971252.304663 5333201.956905 -0.033175 -0.248469 -0.007774 0.968040
1750711269.651559 37369027.265868 2971252.304663 5333201.956905 -0.033175 -0.248469 -0.007774 0.968040
1750711269.656559 37369027.265868 2971252.304663 5333201.956905 -0.033175 -0.248469 -0.007774 0.968040
1750711269.661561 37369027.265868 2971252.304663 5333201.956905 -0.033175 -0.248469 -0.007774 0.968040
1750711269.666561 37369027.265868 2971252.304663 5333201.956905 -0.033175 -0.248469 -0.007774 0.968040
1750711269.671563 37369027.265868 2971252.304663 5333201.956905 -0.033175 -0.248469 -0.007774 0.968040
1750711269.676564 37369027.265868 2971252.304663 5333201.956905 -0.033175 -0.248469 -0.007774 0.968040
1750711269.681565 37369027.265868 2971252.304663 5333201.956905 -0.033175 -0.248469 -0.007774 0.968040
1750711269.686567 37369027.265868 2971252.304663 5333201.956905 -0.033175 -0.248469 -0.007774 0.968040
1750711269.691567 37369027.265868 2971252.304663 5333201.956905 -0.033175 -0.248469 -0.007774 0.968040
1750711269.696569 37369027.265868 2971252.304663 5333201.956905 -0.033175 -0.248469 -0.007774 0.968040
1750711269.701570 37369027.265868 2971252.304663 5333201.956905 -0.033175 -0.248469 -0.007774 0.968040
1750711269.706571 37369027.265868 2971252.304663 5333201.956905 -0.033175 -0.248469 -0.007774 0.968040
1750711269.711573 37369027.265868 2971252.304663 5333201.956905 -0.033175 -0.248469 -0.007774 0.968040
1750711269.716573 37369027.265868 2971252.304663 5333201.956905 -0.033175 -0.248469 -0.007774 0.968040
1750711269.721575 37369027.265868 2971252.304663 5333201.956905 -0.033175 -0.248469 -0.007774 0.968040
1750711269.726576 37369027.265868 2971252.304663 5333201.956905 -0.033175 -0.248469 -0.007774 0.968040
1750711269.731577 37369027.265868 2971252.304663 5333201.956905 -0.033175 -0.248469 -0.007774 0.968040
1750711269.736578 37369027.265868 2971252.304663 5333201.956905 -0.033175 -0.248469 -0.007774 0.968040
1750711269.741580 37369027.239087 2971252.304745 5333201.967619 -0.033072 -0.264805 -0.005914 0.963716
1750711269.746580 37369027.239087 2971252.304745 5333201.967619 -0.033072 -0.264805 -0.005914 0.963716
1750711269.751582 37369027.239087 2971252.304745 5333201.967619 -0.033072 -0.264805 -0.005914 0.963716
1750711269.756583 37369027.239087 2971252.304745 5333201.967619 -0.033072 -0.264805 -0.005914 0.963716
1750711269.761584 37369027.239087 2971252.304745 5333201.967619 -0.033072 -0.264805 -0.005914 0.963716
1750711269.766585 37369027.239087 2971252.304745 5333201.967619 -0.033072 -0.264805 -0.005914 0.963716
1750711269.771586 37369027.239087 2971252.304745 5333201.967619 -0.033072 -0.264805 -0.005914 0.963716
1750711269.776587 37369027.239087 2971252.304745 5333201.967619 -0.033072 -0.264805 -0.005914 0.963716
1750711269.781589 37369027.239087 2971252.304745 5333201.967619 -0.033072 -0.264805 -0.005914 0.963716
1750711269.786590 37369027.239087 2971252.304745 5333201.967619 -0.033072 -0.264805 -0.005914 0.963716
1750711269.791592 37369027.239087 2971252.304745 5333201.967619 -0.033072 -0.264805 -0.005914 0.963716
1750711269.796592 37369027.239087 2971252.304745 5333201.967619 -0.033072 -0.264805 -0.005914 0.963716
1750711269.801594 37369027.239087 2971252.304745 5333201.967619 -0.033072 -0.264805 -0.005914 0.963716
1750711269.806595 37369027.239087 2971252.304745 5333201.967619 -0.033072 -0.264805 -0.005914 0.963716
1750711269.811596 37369027.239087 2971252.304745 5333201.967619 -0.033072 -0.264805 -0.005914 0.963716
1750711269.816598 37369027.239087 2971252.304745 5333201.967619 -0.033072 -0.264805 -0.005914 0.963716
1750711269.821598 37369027.239087 2971252.304745 5333201.967619 -0.033072 -0.264805 -0.005914 0.963716
1750711269.826599 37369027.239087 2971252.304745 5333201.967619 -0.033072 -0.264805 -0.005914 0.963716
1750711269.831601 37369027.239087 2971252.304745 5333201.967619 -0.033072 -0.264805 -0.005914 0.963716
1750711269.836602 37369027.239087 2971252.304745 5333201.967619 -0.033072 -0.264805 -0.005914 0.963716
1750711269.841603 37369027.210657 2971252.305176 5333201.978844 -0.035068 -0.281048 -0.005441 0.959037
1750711269.846604 37369027.210657 2971252.305176 5333201.978844 -0.035068 -0.281048 -0.005441 0.959037
1750711269.851605 37369027.210657 2971252.305176 5333201.978844 -0.035068 -0.281048 -0.005441 0.959037
1750711269.856606 37369027.210657 2971252.305176 5333201.978844 -0.035068 -0.281048 -0.005441 0.959037
1750711269.861608 37369027.210657 2971252.305176 5333201.978844 -0.035068 -0.281048 -0.005441 0.959037
1750711269.866609 37369027.210657 2971252.305176 5333201.978844 -0.035068 -0.281048 -0.005441 0.959037
1750711269.871610 37369027.210657 2971252.305176 5333201.978844 -0.035068 -0.281048 -0.005441 0.959037
1750711269.876611 37369027.210657 2971252.305176 5333201.978844 -0.035068 -0.281048 -0.005441 0.959037
1750711269.881613 37369027.210657 2971252.305176 5333201.978844 -0.035068 -0.281048 -0.005441 0.959037
1750711269.886613 37369027.210657 2971252.305176 5333201.978844 -0.035068 -0.281048 -0.005441 0.959037
1750711269.891615 37369027.210657 2971252.305176 5333201.978844 -0.035068 -0.281048 -0.005441 0.959037
1750711269.896616 37369027.210657 2971252.305176 5333201.978844 -0.035068 -0.281048 -0.005441 0.959037
1750711269.901617 37369027.210657 2971252.305176 5333201.978844 -0.035068 -0.281048 -0.005441 0.959037
1750711269.906619 37369027.210657 2971252.305176 5333201.978844 -0.035068 -0.281048 -0.005441 0.959037
1750711269.911619 37369027.210657 2971252.305176 5333201.978844 -0.035068 -0.281048 -0.005441 0.959037
1750711269.916621 37369027.210657 2971252.305176 5333201.978844 -0.035068 -0.281048 -0.005441 0.959037
1750711269.921622 37369027.210657 2971252.305176 5333201.978844 -0.035068 -0.281048 -0.005441 0.959037
1750711269.926623 37369027.210657 2971252.305176 5333201.978844 -0.035068 -0.281048 -0.005441 0.959037
1750711269.931624 37369027.210657 2971252.305176 5333201.978844 -0.035068 -0.281048 -0.005441 0.959037
1750711269.936625 37369027.210657 2971252.305176 5333201.978844 -0.035068 -0.281048 -0.005441 0.959037
1750711269.941626 37369027.192748 2971252.305858 5333201.990707 -0.034356 -0.294285 -0.006751 0.955076
1750711269.946627 37369027.192748 2971252.305858 5333201.990707 -0.034356 -0.294285 -0.006751 0.955076
1750711269.951629 37369027.192748 2971252.305858 5333201.990707 -0.034356 -0.294285 -0.006751 0.955076
1750711269.956630 37369027.192748 2971252.305858 5333201.990707 -0.034356 -0.294285 -0.006751 0.955076
1750711269.961631 37369027.192748 2971252.305858 5333201.990707 -0.034356 -0.294285 -0.006751 0.955076
1750711269.966633 37369027.192748 2971252.305858 5333201.990707 -0.034356 -0.294285 -0.006751 0.955076
1750711269.971634 37369027.192748 2971252.305858 5333201.990707 -0.034356 -0.294285 -0.006751 0.955076
1750711269.976635 37369027.192748 2971252.305858 5333201.990707 -0.034356 -0.294285 -0.006751 0.955076
1750711269.981636 37369027.192748 2971252.305858 5333201.990707 -0.034356 -0.294285 -0.006751 0.955076
1750711269.986638 37369027.192748 2971252.305858 5333201.990707 -0.034356 -0.294285 -0.006751 0.955076
1750711269.991638 37369027.192748 2971252.305858 5333201.990707 -0.034356 -0.294285 -0.006751 0.955076
1750711269.996640 37369027.192748 2971252.305858 5333201.990707 -0.034356 -0.294285 -0.006751 0.955076
1750711270.001640 37369027.192748 2971252.305858 5333201.990707 -0.034356 -0.294285 -0.006751 0.955076
1750711270.006642 37369027.180949 2971252.304884 5333202.000276 -0.034336 -0.304551 -0.009073 0.951834
1750711270.011643 37369027.180949 2971252.304884 5333202.000276 -0.034336 -0.304551 -0.009073 0.951834
1750711270.016644 37369027.180949 2971252.304884 5333202.000276 -0.034336 -0.304551 -0.009073 0.951834
1750711270.021646 37369027.180949 2971252.304884 5333202.000276 -0.034336 -0.304551 -0.009073 0.951834
1750711270.026646 37369027.180949 2971252.304884 5333202.000276 -0.034336 -0.304551 -0.009073 0.951834
1750711270.031648 37369027.180949 2971252.304884 5333202.000276 -0.034336 -0.304551 -0.009073 0.951834
1750711270.036649 37369027.180949 2971252.304884 5333202.000276 -0.034336 -0.304551 -0.009073 0.951834
1750711270.041650 37369027.180949 2971252.304884 5333202.000276 -0.034336 -0.304551 -0.009073 0.951834
1750711270.046651 37369027.180949 2971252.304884 5333202.000276 -0.034336 -0.304551 -0.009073 0.951834
1750711270.051652 37369027.180949 2971252.304884 5333202.000276 -0.034336 -0.304551 -0.009073 0.951834
1750711270.056654 37369027.180949 2971252.304884 5333202.000276 -0.034336 -0.304551 -0.009073 0.951834
1750711270.061655 37369027.180949 2971252.304884 5333202.000276 -0.034336 -0.304551 -0.009073 0.951834
1750711270.066656 37369027.180949 2971252.304884 5333202.000276 -0.034336 -0.304551 -0.009073 0.951834
1750711270.071657 37369027.180949 2971252.304884 5333202.000276 -0.034336 -0.304551 -0.009073 0.951834
1750711270.076658 37369027.180949 2971252.304884 5333202.000276 -0.034336 -0.304551 -0.009073 0.951834
1750711270.081659 37369027.180949 2971252.304884 5333202.000276 -0.034336 -0.304551 -0.009073 0.951834
1750711270.086661 37369027.180949 2971252.304884 5333202.000276 -0.034336 -0.304551 -0.009073 0.951834
1750711270.091661 37369027.180949 2971252.304884 5333202.000276 -0.034336 -0.304551 -0.009073 0.951834
1750711270.096663 37369027.180949 2971252.304884 5333202.000276 -0.034336 -0.304551 -0.009073 0.951834
1750711270.101664 37369027.180949 2971252.304884 5333202.000276 -0.034336 -0.304551 -0.009073 0.951834
1750711270.106665 37369027.162738 2971252.304741 5333202.013528 -0.033687 -0.323140 -0.012898 0.945663
1750711270.111666 37369027.162738 2971252.304741 5333202.013528 -0.033687 -0.323140 -0.012898 0.945663
1750711270.116667 37369027.162738 2971252.304741 5333202.013528 -0.033687 -0.323140 -0.012898 0.945663
1750711270.121669 37369027.162738 2971252.304741 5333202.013528 -0.033687 -0.323140 -0.012898 0.945663
1750711270.126670 37369027.162738 2971252.304741 5333202.013528 -0.033687 -0.323140 -0.012898 0.945663
1750711270.131671 37369027.162738 2971252.304741 5333202.013528 -0.033687 -0.323140 -0.012898 0.945663
1750711270.136672 37369027.162738 2971252.304741 5333202.013528 -0.033687 -0.323140 -0.012898 0.945663
1750711270.141673 37369027.162738 2971252.304741 5333202.013528 -0.033687 -0.323140 -0.012898 0.945663
1750711270.146675 37369027.162738 2971252.304741 5333202.013528 -0.033687 -0.323140 -0.012898 0.945663
1750711270.151676 37369027.162738 2971252.304741 5333202.013528 -0.033687 -0.323140 -0.012898 0.945663
1750711270.156677 37369027.162738 2971252.304741 5333202.013528 -0.033687 -0.323140 -0.012898 0.945663
1750711270.161679 37369027.162738 2971252.304741 5333202.013528 -0.033687 -0.323140 -0.012898 0.945663
1750711270.166679 37369027.162738 2971252.304741 5333202.013528 -0.033687 -0.323140 -0.012898 0.945663
1750711270.171681 37369027.151116 2971252.304414 5333202.022051 -0.031667 -0.338034 -0.016590 0.940455
1750711270.176682 37369027.151116 2971252.304414 5333202.022051 -0.031667 -0.338034 -0.016590 0.940455
1750711270.181683 37369027.151116 2971252.304414 5333202.022051 -0.031667 -0.338034 -0.016590 0.940455
1750711270.186684 37369027.151116 2971252.304414 5333202.022051 -0.031667 -0.338034 -0.016590 0.940455
1750711270.191685 37369027.151116 2971252.304414 5333202.022051 -0.031667 -0.338034 -0.016590 0.940455
1750711270.196686 37369027.151116 2971252.304414 5333202.022051 -0.031667 -0.338034 -0.016590 0.940455
1750711270.201688 37369027.151116 2971252.304414 5333202.022051 -0.031667 -0.338034 -0.016590 0.940455
1750711270.206689 37369027.151116 2971252.304414 5333202.022051 -0.031667 -0.338034 -0.016590 0.940455
1750711270.211690 37369027.151116 2971252.304414 5333202.022051 -0.031667 -0.338034 -0.016590 0.940455
1750711270.216691 37369027.151116 2971252.304414 5333202.022051 -0.031667 -0.338034 -0.016590 0.940455
1750711270.221692 37369027.151116 2971252.304414 5333202.022051 -0.031667 -0.338034 -0.016590 0.940455
1750711270.226694 37369027.151116 2971252.304414 5333202.022051 -0.031667 -0.338034 -0.016590 0.940455
1750711270.231694 37369027.151116 2971252.304414 5333202.022051 -0.031667 -0.338034 -0.016590 0.940455
1750711270.236696 37369027.151116 2971252.304414 5333202.022051 -0.031667 -0.338034 -0.016590 0.940455
1750711270.241698 37369027.151116 2971252.304414 5333202.022051 -0.031667 -0.338034 -0.016590 0.940455
1750711270.246698 37369027.151116 2971252.304414 5333202.022051 -0.031667 -0.338034 -0.016590 0.940455
1750711270.251700 37369027.151116 2971252.304414 5333202.022051 -0.031667 -0.338034 -0.016590 0.940455
1750711270.256700 37369027.151116 2971252.304414 5333202.022051 -0.031667 -0.338034 -0.016590 0.940455
1750711270.261702 37369027.151116 2971252.304414 5333202.022051 -0.031667 -0.338034 -0.016590 0.940455
1750711270.266702 37369027.151116 2971252.304414 5333202.022051 -0.031667 -0.338034 -0.016590 0.940455
1750711270.271704 37369027.126438 2971252.309120 5333202.037980 -0.029424 -0.364533 -0.021824 0.930469
1750711270.276705 37369027.126438 2971252.309120 5333202.037980 -0.029424 -0.364533 -0.021824 0.930469
1750711270.281706 37369027.126438 2971252.309120 5333202.037980 -0.029424 -0.364533 -0.021824 0.930469
1750711270.286708 37369027.126438 2971252.309120 5333202.037980 -0.029424 -0.364533 -0.021824 0.930469
1750711270.291708 37369027.126438 2971252.309120 5333202.037980 -0.029424 -0.364533 -0.021824 0.930469
1750711270.296710 37369027.126438 2971252.309120 5333202.037980 -0.029424 -0.364533 -0.021824 0.930469
1750711270.301711 37369027.126438 2971252.309120 5333202.037980 -0.029424 -0.364533 -0.021824 0.930469
1750711270.306712 37369027.126438 2971252.309120 5333202.037980 -0.029424 -0.364533 -0.021824 0.930469
1750711270.311713 37369027.126438 2971252.309120 5333202.037980 -0.029424 -0.364533 -0.021824 0.930469
1750711270.316715 37369027.126438 2971252.309120 5333202.037980 -0.029424 -0.364533 -0.021824 0.930469
1750711270.321716 37369027.126438 2971252.309120 5333202.037980 -0.029424 -0.364533 -0.021824 0.930469
1750711270.326717 37369027.126438 2971252.309120 5333202.037980 -0.029424 -0.364533 -0.021824 0.930469
1750711270.331718 37369027.126438 2971252.309120 5333202.037980 -0.029424 -0.364533 -0.021824 0.930469
1750711270.336719 37369027.126438 2971252.309120 5333202.037980 -0.029424 -0.364533 -0.021824 0.930469
1750711270.341721 37369027.126438 2971252.309120 5333202.037980 -0.029424 -0.364533 -0.021824 0.930469
1750711270.346722 37369027.126438 2971252.309120 5333202.037980 -0.029424 -0.364533 -0.021824 0.930469
1750711270.351723 37369027.126438 2971252.309120 5333202.037980 -0.029424 -0.364533 -0.021824 0.930469
1750711270.356725 37369027.126438 2971252.309120 5333202.037980 -0.029424 -0.364533 -0.021824 0.930469
1750711270.361725 37369027.126438 2971252.309120 5333202.037980 -0.029424 -0.364533 -0.021824 0.930469
1750711270.366727 37369027.126438 2971252.309120 5333202.037980 -0.029424 -0.364533 -0.021824 0.930469
1750711270.371727 37369027.109158 2971252.309819 5333202.053317 -0.028821 -0.399069 -0.028549 0.916023
1750711270.376729 37369027.109158 2971252.309819 5333202.053317 -0.028821 -0.399069 -0.028549 0.916023
1750711270.381730 37369027.109158 2971252.309819 5333202.053317 -0.028821 -0.399069 -0.028549 0.916023
1750711270.386731 37369027.109158 2971252.309819 5333202.053317 -0.028821 -0.399069 -0.028549 0.916023
1750711270.391733 37369027.109158 2971252.309819 5333202.053317 -0.028821 -0.399069 -0.028549 0.916023
1750711270.396733 37369027.109158 2971252.309819 5333202.053317 -0.028821 -0.399069 -0.028549 0.916023
1750711270.401735 37369027.109158 2971252.309819 5333202.053317 -0.028821 -0.399069 -0.028549 0.916023
1750711270.406735 37369027.109158 2971252.309819 5333202.053317 -0.028821 -0.399069 -0.028549 0.916023
1750711270.411737 37369027.109158 2971252.309819 5333202.053317 -0.028821 -0.399069 -0.028549 0.916023
1750711270.416738 37369027.109158 2971252.309819 5333202.053317 -0.028821 -0.399069 -0.028549 0.916023
1750711270.421739 37369027.109158 2971252.309819 5333202.053317 -0.028821 -0.399069 -0.028549 0.916023
1750711270.426740 37369027.109158 2971252.309819 5333202.053317 -0.028821 -0.399069 -0.028549 0.916023
1750711270.431741 37369027.109158 2971252.309819 5333202.053317 -0.028821 -0.399069 -0.028549 0.916023
1750711270.436743 37369027.109158 2971252.309819 5333202.053317 -0.028821 -0.399069 -0.028549 0.916023
1750711270.441744 37369027.097748 2971252.311499 5333202.064969 -0.028356 -0.422756 -0.034407 0.905146
1750711270.446745 37369027.097748 2971252.311499 5333202.064969 -0.028356 -0.422756 -0.034407 0.905146
1750711270.451746 37369027.097748 2971252.311499 5333202.064969 -0.028356 -0.422756 -0.034407 0.905146
1750711270.456748 37369027.097748 2971252.311499 5333202.064969 -0.028356 -0.422756 -0.034407 0.905146
1750711270.461748 37369027.097748 2971252.311499 5333202.064969 -0.028356 -0.422756 -0.034407 0.905146
1750711270.466750 37369027.097748 2971252.311499 5333202.064969 -0.028356 -0.422756 -0.034407 0.905146
1750711270.471751 37369027.097748 2971252.311499 5333202.064969 -0.028356 -0.422756 -0.034407 0.905146
1750711270.476752 37369027.097748 2971252.311499 5333202.064969 -0.028356 -0.422756 -0.034407 0.905146
1750711270.481753 37369027.097748 2971252.311499 5333202.064969 -0.028356 -0.422756 -0.034407 0.905146
1750711270.486754 37369027.097748 2971252.311499 5333202.064969 -0.028356 -0.422756 -0.034407 0.905146
1750711270.491755 37369027.097748 2971252.311499 5333202.064969 -0.028356 -0.422756 -0.034407 0.905146
1750711270.496757 37369027.097748 2971252.311499 5333202.064969 -0.028356 -0.422756 -0.034407 0.905146
1750711270.501757 37369027.097748 2971252.311499 5333202.064969 -0.028356 -0.422756 -0.034407 0.905146
1750711270.506759 37369027.097748 2971252.311499 5333202.064969 -0.028356 -0.422756 -0.034407 0.905146
1750711270.511760 37369027.097748 2971252.311499 5333202.064969 -0.028356 -0.422756 -0.034407 0.905146
1750711270.516761 37369027.097748 2971252.311499 5333202.064969 -0.028356 -0.422756 -0.034407 0.905146
1750711270.521762 37369027.097748 2971252.311499 5333202.064969 -0.028356 -0.422756 -0.034407 0.905146
1750711270.526763 37369027.097748 2971252.311499 5333202.064969 -0.028356 -0.422756 -0.034407 0.905146
1750711270.531765 37369027.097748 2971252.311499 5333202.064969 -0.028356 -0.422756 -0.034407 0.905146
1750711270.536765 37369027.097748 2971252.311499 5333202.064969 -0.028356 -0.422756 -0.034407 0.905146
1750711270.541767 37369027.077326 2971252.314937 5333202.085905 -0.029623 -0.458176 -0.043970 0.887279
1750711270.546767 37369027.077326 2971252.314937 5333202.085905 -0.029623 -0.458176 -0.043970 0.887279
1750711270.551769 37369027.077326 2971252.314937 5333202.085905 -0.029623 -0.458176 -0.043970 0.887279
1750711270.556769 37369027.077326 2971252.314937 5333202.085905 -0.029623 -0.458176 -0.043970 0.887279
1750711270.561771 37369027.077326 2971252.314937 5333202.085905 -0.029623 -0.458176 -0.043970 0.887279
1750711270.566772 37369027.077326 2971252.314937 5333202.085905 -0.029623 -0.458176 -0.043970 0.887279
1750711270.571773 37369027.077326 2971252.314937 5333202.085905 -0.029623 -0.458176 -0.043970 0.887279
1750711270.576774 37369027.077326 2971252.314937 5333202.085905 -0.029623 -0.458176 -0.043970 0.887279
1750711270.581775 37369027.077326 2971252.314937 5333202.085905 -0.029623 -0.458176 -0.043970 0.887279
1750711270.586776 37369027.077326 2971252.314937 5333202.085905 -0.029623 -0.458176 -0.043970 0.887279
1750711270.591777 37369027.077326 2971252.314937 5333202.085905 -0.029623 -0.458176 -0.043970 0.887279
1750711270.596778 37369027.077326 2971252.314937 5333202.085905 -0.029623 -0.458176 -0.043970 0.887279
1750711270.601779 37369027.077326 2971252.314937 5333202.085905 -0.029623 -0.458176 -0.043970 0.887279
1750711270.606781 37369027.063079 2971252.314491 5333202.101388 -0.030561 -0.481129 -0.050760 0.874645
1750711270.611782 37369027.063079 2971252.314491 5333202.101388 -0.030561 -0.481129 -0.050760 0.874645
1750711270.616783 37369027.063079 2971252.314491 5333202.101388 -0.030561 -0.481129 -0.050760 0.874645
1750711270.621784 37369027.063079 2971252.314491 5333202.101388 -0.030561 -0.481129 -0.050760 0.874645
1750711270.626785 37369027.063079 2971252.314491 5333202.101388 -0.030561 -0.481129 -0.050760 0.874645
1750711270.631786 37369027.063079 2971252.314491 5333202.101388 -0.030561 -0.481129 -0.050760 0.874645
1750711270.636787 37369027.063079 2971252.314491 5333202.101388 -0.030561 -0.481129 -0.050760 0.874645
1750711270.641788 37369027.063079 2971252.314491 5333202.101388 -0.030561 -0.481129 -0.050760 0.874645
1750711270.646789 37369027.063079 2971252.314491 5333202.101388 -0.030561 -0.481129 -0.050760 0.874645
1750711270.651790 37369027.063079 2971252.314491 5333202.101388 -0.030561 -0.481129 -0.050760 0.874645
1750711270.656792 37369027.063079 2971252.314491 5333202.101388 -0.030561 -0.481129 -0.050760 0.874645
1750711270.661792 37369027.063079 2971252.314491 5333202.101388 -0.030561 -0.481129 -0.050760 0.874645
1750711270.666794 37369027.063079 2971252.314491 5333202.101388 -0.030561 -0.481129 -0.050760 0.874645
1750711270.671794 37369027.042979 2971252.316916 5333202.118526 -0.033581 -0.504944 -0.055310 0.860723
1750711270.676796 37369027.042979 2971252.316916 5333202.118526 -0.033581 -0.504944 -0.055310 0.860723
1750711270.681796 37369027.042979 2971252.316916 5333202.118526 -0.033581 -0.504944 -0.055310 0.860723
1750711270.686798 37369027.042979 2971252.316916 5333202.118526 -0.033581 -0.504944 -0.055310 0.860723
1750711270.691800 37369027.042979 2971252.316916 5333202.118526 -0.033581 -0.504944 -0.055310 0.860723
1750711270.696800 37369027.042979 2971252.316916 5333202.118526 -0.033581 -0.504944 -0.055310 0.860723
1750711270.701802 37369027.042979 2971252.316916 5333202.118526 -0.033581 -0.504944 -0.055310 0.860723
1750711270.706802 37369027.042979 2971252.316916 5333202.118526 -0.033581 -0.504944 -0.055310 0.860723
1750711270.711803 37369027.042979 2971252.316916 5333202.118526 -0.033581 -0.504944 -0.055310 0.860723
1750711270.716804 37369027.042979 2971252.316916 5333202.118526 -0.033581 -0.504944 -0.055310 0.860723
1750711270.721806 37369027.042979 2971252.316916 5333202.118526 -0.033581 -0.504944 -0.055310 0.860723
1750711270.726807 37369027.042979 2971252.316916 5333202.118526 -0.033581 -0.504944 -0.055310 0.860723
1750711270.731808 37369027.042979 2971252.316916 5333202.118526 -0.033581 -0.504944 -0.055310 0.860723
1750711270.736809 37369027.042979 2971252.316916 5333202.118526 -0.033581 -0.504944 -0.055310 0.860723
1750711270.741810 37369027.028582 2971252.316561 5333202.131980 -0.034693 -0.527621 -0.059663 0.846672
1750711270.746811 37369027.028582 2971252.316561 5333202.131980 -0.034693 -0.527621 -0.059663 0.846672
1750711270.751812 37369027.028582 2971252.316561 5333202.131980 -0.034693 -0.527621 -0.059663 0.846672
1750711270.756813 37369027.028582 2971252.316561 5333202.131980 -0.034693 -0.527621 -0.059663 0.846672
1750711270.761815 37369027.028582 2971252.316561 5333202.131980 -0.034693 -0.527621 -0.059663 0.846672
1750711270.766815 37369027.028582 2971252.316561 5333202.131980 -0.034693 -0.527621 -0.059663 0.846672
1750711270.771817 37369027.028582 2971252.316561 5333202.131980 -0.034693 -0.527621 -0.059663 0.846672
1750711270.776817 37369027.028582 2971252.316561 5333202.131980 -0.034693 -0.527621 -0.059663 0.846672
1750711270.781819 37369027.028582 2971252.316561 5333202.131980 -0.034693 -0.527621 -0.059663 0.846672
1750711270.786819 37369027.028582 2971252.316561 5333202.131980 -0.034693 -0.527621 -0.059663 0.846672
1750711270.791821 37369027.028582 2971252.316561 5333202.131980 -0.034693 -0.527621 -0.059663 0.846672
1750711270.796822 37369027.028582 2971252.316561 5333202.131980 -0.034693 -0.527621 -0.059663 0.846672
1750711270.801823 37369027.028582 2971252.316561 5333202.131980 -0.034693 -0.527621 -0.059663 0.846672
1750711270.806824 37369027.015052 2971252.315425 5333202.145515 -0.037606 -0.549866 -0.061544 0.832133
1750711270.811825 37369027.015052 2971252.315425 5333202.145515 -0.037606 -0.549866 -0.061544 0.832133
1750711270.816826 37369027.015052 2971252.315425 5333202.145515 -0.037606 -0.549866 -0.061544 0.832133
1750711270.821827 37369027.015052 2971252.315425 5333202.145515 -0.037606 -0.549866 -0.061544 0.832133
1750711270.826828 37369027.015052 2971252.315425 5333202.145515 -0.037606 -0.549866 -0.061544 0.832133
1750711270.831830 37369027.015052 2971252.315425 5333202.145515 -0.037606 -0.549866 -0.061544 0.832133
1750711270.836830 37369027.015052 2971252.315425 5333202.145515 -0.037606 -0.549866 -0.061544 0.832133
1750711270.841832 37369027.015052 2971252.315425 5333202.145515 -0.037606 -0.549866 -0.061544 0.832133
1750711270.846833 37369027.015052 2971252.315425 5333202.145515 -0.037606 -0.549866 -0.061544 0.832133
1750711270.851834 37369027.015052 2971252.315425 5333202.145515 -0.037606 -0.549866 -0.061544 0.832133
1750711270.856835 37369027.015052 2971252.315425 5333202.145515 -0.037606 -0.549866 -0.061544 0.832133
1750711270.861836 37369027.015052 2971252.315425 5333202.145515 -0.037606 -0.549866 -0.061544 0.832133
1750711270.866838 37369027.015052 2971252.315425 5333202.145515 -0.037606 -0.549866 -0.061544 0.832133
1750711270.871838 37369027.001601 2971252.313678 5333202.157838 -0.041445 -0.570764 -0.062953 0.817648
1750711270.876840 37369027.001601 2971252.313678 5333202.157838 -0.041445 -0.570764 -0.062953 0.817648
1750711270.881840 37369027.001601 2971252.313678 5333202.157838 -0.041445 -0.570764 -0.062953 0.817648
1750711270.886842 37369027.001601 2971252.313678 5333202.157838 -0.041445 -0.570764 -0.062953 0.817648
1750711270.891842 37369027.001601 2971252.313678 5333202.157838 -0.041445 -0.570764 -0.062953 0.817648
1750711270.896843 37369027.001601 2971252.313678 5333202.157838 -0.041445 -0.570764 -0.062953 0.817648
1750711270.901844 37369027.001601 2971252.313678 5333202.157838 -0.041445 -0.570764 -0.062953 0.817648
1750711270.906846 37369027.001601 2971252.313678 5333202.157838 -0.041445 -0.570764 -0.062953 0.817648
1750711270.911847 37369027.001601 2971252.313678 5333202.157838 -0.041445 -0.570764 -0.062953 0.817648
1750711270.916848 37369027.001601 2971252.313678 5333202.157838 -0.041445 -0.570764 -0.062953 0.817648
1750711270.921849 37369027.001601 2971252.313678 5333202.157838 -0.041445 -0.570764 -0.062953 0.817648
1750711270.926850 37369027.001601 2971252.313678 5333202.157838 -0.041445 -0.570764 -0.062953 0.817648
1750711270.931851 37369027.001601 2971252.313678 5333202.157838 -0.041445 -0.570764 -0.062953 0.817648
1750711270.936853 37369027.001601 2971252.313678 5333202.157838 -0.041445 -0.570764 -0.062953 0.817648
1750711270.941853 37369026.990380 2971252.313360 5333202.169247 -0.047855 -0.591011 -0.065249 0.802595
1750711270.946855 37369026.990380 2971252.313360 5333202.169247 -0.047855 -0.591011 -0.065249 0.802595
1750711270.951855 37369026.990380 2971252.313360 5333202.169247 -0.047855 -0.591011 -0.065249 0.802595
1750711270.956856 37369026.990380 2971252.313360 5333202.169247 -0.047855 -0.591011 -0.065249 0.802595
1750711270.961857 37369026.990380 2971252.313360 5333202.169247 -0.047855 -0.591011 -0.065249 0.802595
1750711270.966859 37369026.990380 2971252.313360 5333202.169247 -0.047855 -0.591011 -0.065249 0.802595
1750711270.971859 37369026.990380 2971252.313360 5333202.169247 -0.047855 -0.591011 -0.065249 0.802595
1750711270.976861 37369026.990380 2971252.313360 5333202.169247 -0.047855 -0.591011 -0.065249 0.802595
1750711270.981862 37369026.990380 2971252.313360 5333202.169247 -0.047855 -0.591011 -0.065249 0.802595
1750711270.986863 37369026.990380 2971252.313360 5333202.169247 -0.047855 -0.591011 -0.065249 0.802595
1750711270.991864 37369026.990380 2971252.313360 5333202.169247 -0.047855 -0.591011 -0.065249 0.802595
1750711270.996865 37369026.990380 2971252.313360 5333202.169247 -0.047855 -0.591011 -0.065249 0.802595
1750711271.001867 37369026.990380 2971252.313360 5333202.169247 -0.047855 -0.591011 -0.065249 0.802595
1750711271.006868 37369026.990380 2971252.313360 5333202.169247 -0.047855 -0.591011 -0.065249 0.802595
1750711271.011868 37369026.990380 2971252.313360 5333202.169247 -0.047855 -0.591011 -0.065249 0.802595
1750711271.016870 37369026.990380 2971252.313360 5333202.169247 -0.047855 -0.591011 -0.065249 0.802595
1750711271.021870 37369026.990380 2971252.313360 5333202.169247 -0.047855 -0.591011 -0.065249 0.802595
1750711271.026872 37369026.990380 2971252.313360 5333202.169247 -0.047855 -0.591011 -0.065249 0.802595
1750711271.031873 37369026.990380 2971252.313360 5333202.169247 -0.047855 -0.591011 -0.065249 0.802595
1750711271.036874 37369026.990380 2971252.313360 5333202.169247 -0.047855 -0.591011 -0.065249 0.802595
1750711271.041874 37369026.968265 2971252.314949 5333202.186920 -0.057247 -0.617126 -0.071317 0.781532
1750711271.046876 37369026.968265 2971252.314949 5333202.186920 -0.057247 -0.617126 -0.071317 0.781532
1750711271.051877 37369026.968265 2971252.314949 5333202.186920 -0.057247 -0.617126 -0.071317 0.781532
1750711271.056878 37369026.968265 2971252.314949 5333202.186920 -0.057247 -0.617126 -0.071317 0.781532
1750711271.061880 37369026.968265 2971252.314949 5333202.186920 -0.057247 -0.617126 -0.071317 0.781532
1750711271.066880 37369026.968265 2971252.314949 5333202.186920 -0.057247 -0.617126 -0.071317 0.781532
1750711271.071882 37369026.968265 2971252.314949 5333202.186920 -0.057247 -0.617126 -0.071317 0.781532
1750711271.076882 37369026.968265 2971252.314949 5333202.186920 -0.057247 -0.617126 -0.071317 0.781532
1750711271.081884 37369026.968265 2971252.314949 5333202.186920 -0.057247 -0.617126 -0.071317 0.781532
1750711271.086885 37369026.968265 2971252.314949 5333202.186920 -0.057247 -0.617126 -0.071317 0.781532
1750711271.091886 37369026.968265 2971252.314949 5333202.186920 -0.057247 -0.617126 -0.071317 0.781532
1750711271.096887 37369026.968265 2971252.314949 5333202.186920 -0.057247 -0.617126 -0.071317 0.781532
1750711271.101888 37369026.968265 2971252.314949 5333202.186920 -0.057247 -0.617126 -0.071317 0.781532
1750711271.106889 37369026.955356 2971252.311132 5333202.202505 -0.059438 -0.632472 -0.076613 0.768489
1750711271.111890 37369026.955356 2971252.311132 5333202.202505 -0.059438 -0.632472 -0.076613 0.768489
1750711271.116891 37369026.955356 2971252.311132 5333202.202505 -0.059438 -0.632472 -0.076613 0.768489
1750711271.121891 37369026.955356 2971252.311132 5333202.202505 -0.059438 -0.632472 -0.076613 0.768489
1750711271.126893 37369026.955356 2971252.311132 5333202.202505 -0.059438 -0.632472 -0.076613 0.768489
1750711271.131893 37369026.955356 2971252.311132 5333202.202505 -0.059438 -0.632472 -0.076613 0.768489
1750711271.136895 37369026.955356 2971252.311132 5333202.202505 -0.059438 -0.632472 -0.076613 0.768489
1750711271.141897 37369026.955356 2971252.311132 5333202.202505 -0.059438 -0.632472 -0.076613 0.768489
1750711271.146897 37369026.955356 2971252.311132 5333202.202505 -0.059438 -0.632472 -0.076613 0.768489
1750711271.151899 37369026.955356 2971252.311132 5333202.202505 -0.059438 -0.632472 -0.076613 0.768489
1750711271.156899 37369026.955356 2971252.311132 5333202.202505 -0.059438 -0.632472 -0.076613 0.768489
1750711271.161901 37369026.955356 2971252.311132 5333202.202505 -0.059438 -0.632472 -0.076613 0.768489
1750711271.166901 37369026.955356 2971252.311132 5333202.202505 -0.059438 -0.632472 -0.076613 0.768489
1750711271.171902 37369026.940799 2971252.312562 5333202.211320 -0.060522 -0.649159 -0.080189 0.753989
1750711271.176904 37369026.940799 2971252.312562 5333202.211320 -0.060522 -0.649159 -0.080189 0.753989
1750711271.181905 37369026.940799 2971252.312562 5333202.211320 -0.060522 -0.649159 -0.080189 0.753989
1750711271.186906 37369026.940799 2971252.312562 5333202.211320 -0.060522 -0.649159 -0.080189 0.753989
1750711271.191907 37369026.940799 2971252.312562 5333202.211320 -0.060522 -0.649159 -0.080189 0.753989
1750711271.196908 37369026.940799 2971252.312562 5333202.211320 -0.060522 -0.649159 -0.080189 0.753989
1750711271.201909 37369026.940799 2971252.312562 5333202.211320 -0.060522 -0.649159 -0.080189 0.753989
1750711271.203592 37369026.932830 2971252.312260 5333202.215117 -0.060274 -0.658419 -0.082151 0.745722
1750711271.206910 37369026.932830 2971252.312260 5333202.215117 -0.060274 -0.658419 -0.082151 0.745722
1750711271.211912 37369026.932830 2971252.312260 5333202.215117 -0.060274 -0.658419 -0.082151 0.745722
1750711271.216912 37369026.932830 2971252.312260 5333202.215117 -0.060274 -0.658419 -0.082151 0.745722
1750711271.221914 37369026.932830 2971252.312260 5333202.215117 -0.060274 -0.658419 -0.082151 0.745722
1750711271.226914 37369026.932830 2971252.312260 5333202.215117 -0.060274 -0.658419 -0.082151 0.745722
1750711271.231916 37369026.932830 2971252.312260 5333202.215117 -0.060274 -0.658419 -0.082151 0.745722
1750711271.236916 37369026.932830 2971252.312260 5333202.215117 -0.060274 -0.658419 -0.082151 0.745722
1750711271.241918 37369026.932830 2971252.312260 5333202.215117 -0.060274 -0.658419 -0.082151 0.745722
1750711271.246918 37369026.932830 2971252.312260 5333202.215117 -0.060274 -0.658419 -0.082151 0.745722
1750711271.251920 37369026.932830 2971252.312260 5333202.215117 -0.060274 -0.658419 -0.082151 0.745722
1750711271.256921 37369026.932830 2971252.312260 5333202.215117 -0.060274 -0.658419 -0.082151 0.745722
1750711271.261922 37369026.932830 2971252.312260 5333202.215117 -0.060274 -0.658419 -0.082151 0.745722
1750711271.266923 37369026.932830 2971252.312260 5333202.215117 -0.060274 -0.658419 -0.082151 0.745722
1750711271.271924 37369026.932830 2971252.312260 5333202.215117 -0.060274 -0.658419 -0.082151 0.745722
1750711271.276925 37369026.932830 2971252.312260 5333202.215117 -0.060274 -0.658419 -0.082151 0.745722
1750711271.281926 37369026.932830 2971252.312260 5333202.215117 -0.060274 -0.658419 -0.082151 0.745722
1750711271.286927 37369026.932830 2971252.312260 5333202.215117 -0.060274 -0.658419 -0.082151 0.745722
1750711271.291929 37369026.932830 2971252.312260 5333202.215117 -0.060274 -0.658419 -0.082151 0.745722
1750711271.296930 37369026.932830 2971252.312260 5333202.215117 -0.060274 -0.658419 -0.082151 0.745722
1750711271.301931 37369026.932830 2971252.312260 5333202.215117 -0.060274 -0.658419 -0.082151 0.745722
1750711271.306931 37369026.908691 2971252.311167 5333202.223131 -0.058354 -0.686406 -0.086923 0.719642
1750711271.311933 37369026.908691 2971252.311167 5333202.223131 -0.058354 -0.686406 -0.086923 0.719642
1750711271.316933 37369026.908691 2971252.311167 5333202.223131 -0.058354 -0.686406 -0.086923 0.719642
1750711271.321935 37369026.908691 2971252.311167 5333202.223131 -0.058354 -0.686406 -0.086923 0.719642
1750711271.326936 37369026.908691 2971252.311167 5333202.223131 -0.058354 -0.686406 -0.086923 0.719642
1750711271.331937 37369026.908691 2971252.311167 5333202.223131 -0.058354 -0.686406 -0.086923 0.719642
1750711271.336938 37369026.908691 2971252.311167 5333202.223131 -0.058354 -0.686406 -0.086923 0.719642
1750711271.341939 37369026.908691 2971252.311167 5333202.223131 -0.058354 -0.686406 -0.086923 0.719642
1750711271.346941 37369026.908691 2971252.311167 5333202.223131 -0.058354 -0.686406 -0.086923 0.719642
1750711271.351941 37369026.908691 2971252.311167 5333202.223131 -0.058354 -0.686406 -0.086923 0.719642
1750711271.356942 37369026.908691 2971252.311167 5333202.223131 -0.058354 -0.686406 -0.086923 0.719642
1750711271.361944 37369026.908691 2971252.311167 5333202.223131 -0.058354 -0.686406 -0.086923 0.719642
1750711271.366944 37369026.908691 2971252.311167 5333202.223131 -0.058354 -0.686406 -0.086923 0.719642
1750711271.371946 37369026.892940 2971252.309868 5333202.226225 -0.055836 -0.703237 -0.090516 0.702955
1750711271.376946 37369026.892940 2971252.309868 5333202.226225 -0.055836 -0.703237 -0.090516 0.702955
1750711271.381948 37369026.892940 2971252.309868 5333202.226225 -0.055836 -0.703237 -0.090516 0.702955
1750711271.386949 37369026.892940 2971252.309868 5333202.226225 -0.055836 -0.703237 -0.090516 0.702955
1750711271.391950 37369026.892940 2971252.309868 5333202.226225 -0.055836 -0.703237 -0.090516 0.702955
1750711271.396951 37369026.892940 2971252.309868 5333202.226225 -0.055836 -0.703237 -0.090516 0.702955
1750711271.401952 37369026.892940 2971252.309868 5333202.226225 -0.055836 -0.703237 -0.090516 0.702955
1750711271.406954 37369026.892940 2971252.309868 5333202.226225 -0.055836 -0.703237 -0.090516 0.702955
1750711271.411954 37369026.892940 2971252.309868 5333202.226225 -0.055836 -0.703237 -0.090516 0.702955
1750711271.416955 37369026.892940 2971252.309868 5333202.226225 -0.055836 -0.703237 -0.090516 0.702955
1750711271.421957 37369026.892940 2971252.309868 5333202.226225 -0.055836 -0.703237 -0.090516 0.702955
1750711271.426958 37369026.892940 2971252.309868 5333202.226225 -0.055836 -0.703237 -0.090516 0.702955
1750711271.431958 37369026.892940 2971252.309868 5333202.226225 -0.055836 -0.703237 -0.090516 0.702955
1750711271.436960 37369026.892940 2971252.309868 5333202.226225 -0.055836 -0.703237 -0.090516 0.702955
1750711271.441961 37369026.875816 2971252.309296 5333202.228429 -0.051784 -0.718508 -0.094155 0.687167
1750711271.446961 37369026.875816 2971252.309296 5333202.228429 -0.051784 -0.718508 -0.094155 0.687167
1750711271.451963 37369026.875816 2971252.309296 5333202.228429 -0.051784 -0.718508 -0.094155 0.687167
1750711271.456963 37369026.875816 2971252.309296 5333202.228429 -0.051784 -0.718508 -0.094155 0.687167
1750711271.461965 37369026.875816 2971252.309296 5333202.228429 -0.051784 -0.718508 -0.094155 0.687167
1750711271.466965 37369026.875816 2971252.309296 5333202.228429 -0.051784 -0.718508 -0.094155 0.687167
1750711271.471967 37369026.875816 2971252.309296 5333202.228429 -0.051784 -0.718508 -0.094155 0.687167
1750711271.476969 37369026.875816 2971252.309296 5333202.228429 -0.051784 -0.718508 -0.094155 0.687167
1750711271.481969 37369026.875816 2971252.309296 5333202.228429 -0.051784 -0.718508 -0.094155 0.687167
1750711271.486971 37369026.875816 2971252.309296 5333202.228429 -0.051784 -0.718508 -0.094155 0.687167
1750711271.491971 37369026.875816 2971252.309296 5333202.228429 -0.051784 -0.718508 -0.094155 0.687167
1750711271.496973 37369026.875816 2971252.309296 5333202.228429 -0.051784 -0.718508 -0.094155 0.687167
1750711271.501975 37369026.875816 2971252.309296 5333202.228429 -0.051784 -0.718508 -0.094155 0.687167
1750711271.506975 37369026.860783 2971252.307496 5333202.228482 -0.050271 -0.733378 -0.097959 0.670845
1750711271.511977 37369026.860783 2971252.307496 5333202.228482 -0.050271 -0.733378 -0.097959 0.670845
1750711271.516978 37369026.860783 2971252.307496 5333202.228482 -0.050271 -0.733378 -0.097959 0.670845
1750711271.521979 37369026.860783 2971252.307496 5333202.228482 -0.050271 -0.733378 -0.097959 0.670845
1750711271.526980 37369026.860783 2971252.307496 5333202.228482 -0.050271 -0.733378 -0.097959 0.670845
1750711271.531981 37369026.860783 2971252.307496 5333202.228482 -0.050271 -0.733378 -0.097959 0.670845
1750711271.536983 37369026.860783 2971252.307496 5333202.228482 -0.050271 -0.733378 -0.097959 0.670845
1750711271.541984 37369026.860783 2971252.307496 5333202.228482 -0.050271 -0.733378 -0.097959 0.670845
1750711271.546986 37369026.860783 2971252.307496 5333202.228482 -0.050271 -0.733378 -0.097959 0.670845
1750711271.551986 37369026.860783 2971252.307496 5333202.228482 -0.050271 -0.733378 -0.097959 0.670845
1750711271.556988 37369026.860783 2971252.307496 5333202.228482 -0.050271 -0.733378 -0.097959 0.670845
1750711271.561989 37369026.860783 2971252.307496 5333202.228482 -0.050271 -0.733378 -0.097959 0.670845
1750711271.566991 37369026.860783 2971252.307496 5333202.228482 -0.050271 -0.733378 -0.097959 0.670845
1750711271.571991 37369026.848031 2971252.303722 5333202.223337 -0.050032 -0.749397 -0.101303 0.652410
1750711271.576993 37369026.848031 2971252.303722 5333202.223337 -0.050032 -0.749397 -0.101303 0.652410
1750711271.581995 37369026.848031 2971252.303722 5333202.223337 -0.050032 -0.749397 -0.101303 0.652410
1750711271.586995 37369026.848031 2971252.303722 5333202.223337 -0.050032 -0.749397 -0.101303 0.652410
1750711271.591997 37369026.848031 2971252.303722 5333202.223337 -0.050032 -0.749397 -0.101303 0.652410
1750711271.596998 37369026.848031 2971252.303722 5333202.223337 -0.050032 -0.749397 -0.101303 0.652410
1750711271.601999 37369026.848031 2971252.303722 5333202.223337 -0.050032 -0.749397 -0.101303 0.652410
1750711271.607000 37369026.848031 2971252.303722 5333202.223337 -0.050032 -0.749397 -0.101303 0.652410
1750711271.612002 37369026.848031 2971252.303722 5333202.223337 -0.050032 -0.749397 -0.101303 0.652410
1750711271.617003 37369026.848031 2971252.303722 5333202.223337 -0.050032 -0.749397 -0.101303 0.652410
1750711271.622004 37369026.848031 2971252.303722 5333202.223337 -0.050032 -0.749397 -0.101303 0.652410
1750711271.627006 37369026.848031 2971252.303722 5333202.223337 -0.050032 -0.749397 -0.101303 0.652410
1750711271.632006 37369026.848031 2971252.303722 5333202.223337 -0.050032 -0.749397 -0.101303 0.652410
1750711271.637008 37369026.848031 2971252.303722 5333202.223337 -0.050032 -0.749397 -0.101303 0.652410
1750711271.642009 37369026.833329 2971252.299297 5333202.216054 -0.049114 -0.765504 -0.103769 0.633106
1750711271.647011 37369026.833329 2971252.299297 5333202.216054 -0.049114 -0.765504 -0.103769 0.633106
1750711271.652011 37369026.833329 2971252.299297 5333202.216054 -0.049114 -0.765504 -0.103769 0.633106
1750711271.657013 37369026.833329 2971252.299297 5333202.216054 -0.049114 -0.765504 -0.103769 0.633106
1750711271.662014 37369026.833329 2971252.299297 5333202.216054 -0.049114 -0.765504 -0.103769 0.633106
1750711271.667015 37369026.833329 2971252.299297 5333202.216054 -0.049114 -0.765504 -0.103769 0.633106
1750711271.672017 37369026.833329 2971252.299297 5333202.216054 -0.049114 -0.765504 -0.103769 0.633106
1750711271.677018 37369026.833329 2971252.299297 5333202.216054 -0.049114 -0.765504 -0.103769 0.633106
1750711271.682019 37369026.833329 2971252.299297 5333202.216054 -0.049114 -0.765504 -0.103769 0.633106
1750711271.687020 37369026.833329 2971252.299297 5333202.216054 -0.049114 -0.765504 -0.103769 0.633106
1750711271.692022 37369026.833329 2971252.299297 5333202.216054 -0.049114 -0.765504 -0.103769 0.633106
1750711271.697023 37369026.833329 2971252.299297 5333202.216054 -0.049114 -0.765504 -0.103769 0.633106
1750711271.702024 37369026.833329 2971252.299297 5333202.216054 -0.049114 -0.765504 -0.103769 0.633106
1750711271.707026 37369026.820967 2971252.296877 5333202.205753 -0.049005 -0.779819 -0.105780 0.615053
1750711271.712026 37369026.820967 2971252.296877 5333202.205753 -0.049005 -0.779819 -0.105780 0.615053
1750711271.717028 37369026.820967 2971252.296877 5333202.205753 -0.049005 -0.779819 -0.105780 0.615053
1750711271.722029 37369026.820967 2971252.296877 5333202.205753 -0.049005 -0.779819 -0.105780 0.615053
1750711271.727030 37369026.820967 2971252.296877 5333202.205753 -0.049005 -0.779819 -0.105780 0.615053
1750711271.732032 37369026.820967 2971252.296877 5333202.205753 -0.049005 -0.779819 -0.105780 0.615053
1750711271.737033 37369026.820967 2971252.296877 5333202.205753 -0.049005 -0.779819 -0.105780 0.615053
1750711271.742034 37369026.820967 2971252.296877 5333202.205753 -0.049005 -0.779819 -0.105780 0.615053
1750711271.747035 37369026.820967 2971252.296877 5333202.205753 -0.049005 -0.779819 -0.105780 0.615053
1750711271.752037 37369026.820967 2971252.296877 5333202.205753 -0.049005 -0.779819 -0.105780 0.615053
1750711271.757038 37369026.820967 2971252.296877 5333202.205753 -0.049005 -0.779819 -0.105780 0.615053
1750711271.762039 37369026.820967 2971252.296877 5333202.205753 -0.049005 -0.779819 -0.105780 0.615053
1750711271.767041 37369026.820967 2971252.296877 5333202.205753 -0.049005 -0.779819 -0.105780 0.615053
1750711271.772042 37369026.809220 2971252.293088 5333202.194068 -0.049551 -0.791850 -0.106801 0.599259
1750711271.777043 37369026.809220 2971252.293088 5333202.194068 -0.049551 -0.791850 -0.106801 0.599259
1750711271.782044 37369026.809220 2971252.293088 5333202.194068 -0.049551 -0.791850 -0.106801 0.599259
1750711271.787046 37369026.809220 2971252.293088 5333202.194068 -0.049551 -0.791850 -0.106801 0.599259
1750711271.792046 37369026.809220 2971252.293088 5333202.194068 -0.049551 -0.791850 -0.106801 0.599259
1750711271.797048 37369026.809220 2971252.293088 5333202.194068 -0.049551 -0.791850 -0.106801 0.599259
1750711271.802050 37369026.809220 2971252.293088 5333202.194068 -0.049551 -0.791850 -0.106801 0.599259
1750711271.807050 37369026.801647 2971252.291987 5333202.187605 -0.049410 -0.796558 -0.106925 0.592976
1750711271.812052 37369026.801647 2971252.291987 5333202.187605 -0.049410 -0.796558 -0.106925 0.592976
1750711271.817053 37369026.801647 2971252.291987 5333202.187605 -0.049410 -0.796558 -0.106925 0.592976
1750711271.822054 37369026.801647 2971252.291987 5333202.187605 -0.049410 -0.796558 -0.106925 0.592976
1750711271.827055 37369026.801647 2971252.291987 5333202.187605 -0.049410 -0.796558 -0.106925 0.592976
1750711271.832057 37369026.801647 2971252.291987 5333202.187605 -0.049410 -0.796558 -0.106925 0.592976
1750711271.837059 37369026.801647 2971252.291987 5333202.187605 -0.049410 -0.796558 -0.106925 0.592976
1750711271.842059 37369026.801647 2971252.291987 5333202.187605 -0.049410 -0.796558 -0.106925 0.592976
1750711271.847061 37369026.801647 2971252.291987 5333202.187605 -0.049410 -0.796558 -0.106925 0.592976
1750711271.852062 37369026.801647 2971252.291987 5333202.187605 -0.049410 -0.796558 -0.106925 0.592976
1750711271.857063 37369026.801647 2971252.291987 5333202.187605 -0.049410 -0.796558 -0.106925 0.592976
1750711271.862064 37369026.801647 2971252.291987 5333202.187605 -0.049410 -0.796558 -0.106925 0.592976
1750711271.867066 37369026.801647 2971252.291987 5333202.187605 -0.049410 -0.796558 -0.106925 0.592976
1750711271.872067 37369026.790249 2971252.288147 5333202.172948 -0.050452 -0.802934 -0.105865 0.584417
1750711271.877068 37369026.790249 2971252.288147 5333202.172948 -0.050452 -0.802934 -0.105865 0.584417
1750711271.882070 37369026.790249 2971252.288147 5333202.172948 -0.050452 -0.802934 -0.105865 0.584417
1750711271.887070 37369026.790249 2971252.288147 5333202.172948 -0.050452 -0.802934 -0.105865 0.584417
1750711271.892072 37369026.790249 2971252.288147 5333202.172948 -0.050452 -0.802934 -0.105865 0.584417
1750711271.897073 37369026.790249 2971252.288147 5333202.172948 -0.050452 -0.802934 -0.105865 0.584417
1750711271.902074 37369026.790249 2971252.288147 5333202.172948 -0.050452 -0.802934 -0.105865 0.584417
1750711271.907075 37369026.790249 2971252.288147 5333202.172948 -0.050452 -0.802934 -0.105865 0.584417
1750711271.912077 37369026.790249 2971252.288147 5333202.172948 -0.050452 -0.802934 -0.105865 0.584417
1750711271.917078 37369026.790249 2971252.288147 5333202.172948 -0.050452 -0.802934 -0.105865 0.584417
1750711271.922079 37369026.790249 2971252.288147 5333202.172948 -0.050452 -0.802934 -0.105865 0.584417
1750711271.927081 37369026.790249 2971252.288147 5333202.172948 -0.050452 -0.802934 -0.105865 0.584417
1750711271.932082 37369026.790249 2971252.288147 5333202.172948 -0.050452 -0.802934 -0.105865 0.584417
1750711271.937083 37369026.790249 2971252.288147 5333202.172948 -0.050452 -0.802934 -0.105865 0.584417
1750711271.942085 37369026.776231 2971252.284909 5333202.159060 -0.053915 -0.806753 -0.104008 0.579159
1750711271.947086 37369026.776231 2971252.284909 5333202.159060 -0.053915 -0.806753 -0.104008 0.579159
1750711271.952087 37369026.776231 2971252.284909 5333202.159060 -0.053915 -0.806753 -0.104008 0.579159
1750711271.957088 37369026.776231 2971252.284909 5333202.159060 -0.053915 -0.806753 -0.104008 0.579159
1750711271.962090 37369026.776231 2971252.284909 5333202.159060 -0.053915 -0.806753 -0.104008 0.579159
1750711271.967090 37369026.776231 2971252.284909 5333202.159060 -0.053915 -0.806753 -0.104008 0.579159
1750711271.972092 37369026.776231 2971252.284909 5333202.159060 -0.053915 -0.806753 -0.104008 0.579159
1750711271.977093 37369026.776231 2971252.284909 5333202.159060 -0.053915 -0.806753 -0.104008 0.579159
1750711271.982095 37369026.776231 2971252.284909 5333202.159060 -0.053915 -0.806753 -0.104008 0.579159
1750711271.987096 37369026.776231 2971252.284909 5333202.159060 -0.053915 -0.806753 -0.104008 0.579159
1750711271.992097 37369026.776231 2971252.284909 5333202.159060 -0.053915 -0.806753 -0.104008 0.579159
1750711271.997099 37369026.776231 2971252.284909 5333202.159060 -0.053915 -0.806753 -0.104008 0.579159
1750711272.002099 37369026.776231 2971252.284909 5333202.159060 -0.053915 -0.806753 -0.104008 0.579159
1750711272.007101 37369026.776231 2971252.284909 5333202.159060 -0.053915 -0.806753 -0.104008 0.579159
1750711272.012102 37369026.776231 2971252.284909 5333202.159060 -0.053915 -0.806753 -0.104008 0.579159
1750711272.017103 37369026.776231 2971252.284909 5333202.159060 -0.053915 -0.806753 -0.104008 0.579159
1750711272.022105 37369026.776231 2971252.284909 5333202.159060 -0.053915 -0.806753 -0.104008 0.579159
1750711272.027106 37369026.776231 2971252.284909 5333202.159060 -0.053915 -0.806753 -0.104008 0.579159
1750711272.032108 37369026.776231 2971252.284909 5333202.159060 -0.053915 -0.806753 -0.104008 0.579159
1750711272.037108 37369026.776231 2971252.284909 5333202.159060 -0.053915 -0.806753 -0.104008 0.579159
1750711272.042110 37369026.756006 2971252.277584 5333202.124826 -0.058783 -0.810812 -0.099799 0.573731
1750711272.047110 37369026.756006 2971252.277584 5333202.124826 -0.058783 -0.810812 -0.099799 0.573731
1750711272.052112 37369026.756006 2971252.277584 5333202.124826 -0.058783 -0.810812 -0.099799 0.573731
1750711272.057113 37369026.756006 2971252.277584 5333202.124826 -0.058783 -0.810812 -0.099799 0.573731
1750711272.062114 37369026.756006 2971252.277584 5333202.124826 -0.058783 -0.810812 -0.099799 0.573731
1750711272.067116 37369026.756006 2971252.277584 5333202.124826 -0.058783 -0.810812 -0.099799 0.573731
1750711272.072117 37369026.756006 2971252.277584 5333202.124826 -0.058783 -0.810812 -0.099799 0.573731
1750711272.077119 37369026.756006 2971252.277584 5333202.124826 -0.058783 -0.810812 -0.099799 0.573731
1750711272.082119 37369026.756006 2971252.277584 5333202.124826 -0.058783 -0.810812 -0.099799 0.573731
1750711272.087121 37369026.756006 2971252.277584 5333202.124826 -0.058783 -0.810812 -0.099799 0.573731
1750711272.092122 37369026.756006 2971252.277584 5333202.124826 -0.058783 -0.810812 -0.099799 0.573731
1750711272.097123 37369026.756006 2971252.277584 5333202.124826 -0.058783 -0.810812 -0.099799 0.573731
1750711272.102125 37369026.756006 2971252.277584 5333202.124826 -0.058783 -0.810812 -0.099799 0.573731
1750711272.107126 37369026.741499 2971252.271845 5333202.106451 -0.058442 -0.813594 -0.097330 0.570242
1750711272.112128 37369026.741499 2971252.271845 5333202.106451 -0.058442 -0.813594 -0.097330 0.570242
1750711272.117128 37369026.741499 2971252.271845 5333202.106451 -0.058442 -0.813594 -0.097330 0.570242
1750711272.122130 37369026.741499 2971252.271845 5333202.106451 -0.058442 -0.813594 -0.097330 0.570242
1750711272.127132 37369026.741499 2971252.271845 5333202.106451 -0.058442 -0.813594 -0.097330 0.570242
1750711272.132132 37369026.741499 2971252.271845 5333202.106451 -0.058442 -0.813594 -0.097330 0.570242
1750711272.137134 37369026.741499 2971252.271845 5333202.106451 -0.058442 -0.813594 -0.097330 0.570242
1750711272.142134 37369026.741499 2971252.271845 5333202.106451 -0.058442 -0.813594 -0.097330 0.570242
1750711272.147136 37369026.741499 2971252.271845 5333202.106451 -0.058442 -0.813594 -0.097330 0.570242
1750711272.152137 37369026.741499 2971252.271845 5333202.106451 -0.058442 -0.813594 -0.097330 0.570242
1750711272.157139 37369026.741499 2971252.271845 5333202.106451 -0.058442 -0.813594 -0.097330 0.570242
1750711272.162139 37369026.741499 2971252.271845 5333202.106451 -0.058442 -0.813594 -0.097330 0.570242
1750711272.167141 37369026.741499 2971252.271845 5333202.106451 -0.058442 -0.813594 -0.097330 0.570242
1750711272.172143 37369026.727083 2971252.265880 5333202.088018 -0.059020 -0.815676 -0.096663 0.567315
1750711272.177144 37369026.727083 2971252.265880 5333202.088018 -0.059020 -0.815676 -0.096663 0.567315
1750711272.182145 37369026.727083 2971252.265880 5333202.088018 -0.059020 -0.815676 -0.096663 0.567315
1750711272.187146 37369026.727083 2971252.265880 5333202.088018 -0.059020 -0.815676 -0.096663 0.567315
1750711272.192147 37369026.727083 2971252.265880 5333202.088018 -0.059020 -0.815676 -0.096663 0.567315
1750711272.197148 37369026.727083 2971252.265880 5333202.088018 -0.059020 -0.815676 -0.096663 0.567315
1750711272.202150 37369026.727083 2971252.265880 5333202.088018 -0.059020 -0.815676 -0.096663 0.567315
1750711272.207151 37369026.727083 2971252.265880 5333202.088018 -0.059020 -0.815676 -0.096663 0.567315
1750711272.212152 37369026.727083 2971252.265880 5333202.088018 -0.059020 -0.815676 -0.096663 0.567315
1750711272.217154 37369026.727083 2971252.265880 5333202.088018 -0.059020 -0.815676 -0.096663 0.567315
1750711272.222155 37369026.727083 2971252.265880 5333202.088018 -0.059020 -0.815676 -0.096663 0.567315
1750711272.227156 37369026.727083 2971252.265880 5333202.088018 -0.059020 -0.815676 -0.096663 0.567315
1750711272.232157 37369026.727083 2971252.265880 5333202.088018 -0.059020 -0.815676 -0.096663 0.567315
1750711272.237159 37369026.727083 2971252.265880 5333202.088018 -0.059020 -0.815676 -0.096663 0.567315
1750711272.242159 37369026.727083 2971252.265880 5333202.088018 -0.059020 -0.815676 -0.096663 0.567315
1750711272.247161 37369026.727083 2971252.265880 5333202.088018 -0.059020 -0.815676 -0.096663 0.567315
1750711272.252163 37369026.727083 2971252.265880 5333202.088018 -0.059020 -0.815676 -0.096663 0.567315
1750711272.257164 37369026.727083 2971252.265880 5333202.088018 -0.059020 -0.815676 -0.096663 0.567315
1750711272.262165 37369026.727083 2971252.265880 5333202.088018 -0.059020 -0.815676 -0.096663 0.567315
1750711272.267166 37369026.727083 2971252.265880 5333202.088018 -0.059020 -0.815676 -0.096663 0.567315
1750711272.272168 37369026.704057 2971252.258893 5333202.059039 -0.054829 -0.817715 -0.095235 0.565037
1750711272.277168 37369026.704057 2971252.258893 5333202.059039 -0.054829 -0.817715 -0.095235 0.565037
1750711272.282170 37369026.704057 2971252.258893 5333202.059039 -0.054829 -0.817715 -0.095235 0.565037
1750711272.287172 37369026.704057 2971252.258893 5333202.059039 -0.054829 -0.817715 -0.095235 0.565037
1750711272.292172 37369026.704057 2971252.258893 5333202.059039 -0.054829 -0.817715 -0.095235 0.565037
1750711272.297174 37369026.704057 2971252.258893 5333202.059039 -0.054829 -0.817715 -0.095235 0.565037
1750711272.302175 37369026.704057 2971252.258893 5333202.059039 -0.054829 -0.817715 -0.095235 0.565037
1750711272.307176 37369026.704057 2971252.258893 5333202.059039 -0.054829 -0.817715 -0.095235 0.565037
1750711272.312177 37369026.704057 2971252.258893 5333202.059039 -0.054829 -0.817715 -0.095235 0.565037
1750711272.317179 37369026.704057 2971252.258893 5333202.059039 -0.054829 -0.817715 -0.095235 0.565037
1750711272.322181 37369026.704057 2971252.258893 5333202.059039 -0.054829 -0.817715 -0.095235 0.565037
1750711272.327181 37369026.704057 2971252.258893 5333202.059039 -0.054829 -0.817715 -0.095235 0.565037
1750711272.332183 37369026.704057 2971252.258893 5333202.059039 -0.054829 -0.817715 -0.095235 0.565037
1750711272.337184 37369026.704057 2971252.258893 5333202.059039 -0.054829 -0.817715 -0.095235 0.565037
1750711272.342185 37369026.692444 2971252.254251 5333202.039392 -0.051012 -0.820380 -0.093316 0.561842
1750711272.347186 37369026.692444 2971252.254251 5333202.039392 -0.051012 -0.820380 -0.093316 0.561842
1750711272.352188 37369026.692444 2971252.254251 5333202.039392 -0.051012 -0.820380 -0.093316 0.561842
1750711272.357188 37369026.692444 2971252.254251 5333202.039392 -0.051012 -0.820380 -0.093316 0.561842
1750711272.362190 37369026.692444 2971252.254251 5333202.039392 -0.051012 -0.820380 -0.093316 0.561842
1750711272.367192 37369026.692444 2971252.254251 5333202.039392 -0.051012 -0.820380 -0.093316 0.561842
1750711272.372193 37369026.692444 2971252.254251 5333202.039392 -0.051012 -0.820380 -0.093316 0.561842
1750711272.377194 37369026.692444 2971252.254251 5333202.039392 -0.051012 -0.820380 -0.093316 0.561842
1750711272.382195 37369026.692444 2971252.254251 5333202.039392 -0.051012 -0.820380 -0.093316 0.561842
1750711272.387197 37369026.692444 2971252.254251 5333202.039392 -0.051012 -0.820380 -0.093316 0.561842
1750711272.392198 37369026.692444 2971252.254251 5333202.039392 -0.051012 -0.820380 -0.093316 0.561842
1750711272.397199 37369026.692444 2971252.254251 5333202.039392 -0.051012 -0.820380 -0.093316 0.561842
1750711272.402200 37369026.692444 2971252.254251 5333202.039392 -0.051012 -0.820380 -0.093316 0.561842
1750711272.407202 37369026.681458 2971252.249973 5333202.021230 -0.049128 -0.824830 -0.090936 0.555852
1750711272.412203 37369026.681458 2971252.249973 5333202.021230 -0.049128 -0.824830 -0.090936 0.555852
1750711272.417204 37369026.681458 2971252.249973 5333202.021230 -0.049128 -0.824830 -0.090936 0.555852
1750711272.422205 37369026.681458 2971252.249973 5333202.021230 -0.049128 -0.824830 -0.090936 0.555852
1750711272.427207 37369026.681458 2971252.249973 5333202.021230 -0.049128 -0.824830 -0.090936 0.555852
1750711272.432208 37369026.681458 2971252.249973 5333202.021230 -0.049128 -0.824830 -0.090936 0.555852
1750711272.437210 37369026.681458 2971252.249973 5333202.021230 -0.049128 -0.824830 -0.090936 0.555852
1750711272.442211 37369026.681458 2971252.249973 5333202.021230 -0.049128 -0.824830 -0.090936 0.555852
1750711272.447212 37369026.681458 2971252.249973 5333202.021230 -0.049128 -0.824830 -0.090936 0.555852
1750711272.452213 37369026.681458 2971252.249973 5333202.021230 -0.049128 -0.824830 -0.090936 0.555852
1750711272.457214 37369026.681458 2971252.249973 5333202.021230 -0.049128 -0.824830 -0.090936 0.555852
1750711272.462216 37369026.681458 2971252.249973 5333202.021230 -0.049128 -0.824830 -0.090936 0.555852
1750711272.467217 37369026.681458 2971252.249973 5333202.021230 -0.049128 -0.824830 -0.090936 0.555852
1750711272.472219 37369026.674723 2971252.243721 5333202.005595 -0.050462 -0.830444 -0.089848 0.547489
1750711272.477219 37369026.674723 2971252.243721 5333202.005595 -0.050462 -0.830444 -0.089848 0.547489
1750711272.482221 37369026.674723 2971252.243721 5333202.005595 -0.050462 -0.830444 -0.089848 0.547489
1750711272.487222 37369026.674723 2971252.243721 5333202.005595 -0.050462 -0.830444 -0.089848 0.547489
1750711272.492223 37369026.674723 2971252.243721 5333202.005595 -0.050462 -0.830444 -0.089848 0.547489
1750711272.497224 37369026.674723 2971252.243721 5333202.005595 -0.050462 -0.830444 -0.089848 0.547489
1750711272.502225 37369026.674723 2971252.243721 5333202.005595 -0.050462 -0.830444 -0.089848 0.547489
1750711272.507227 37369026.672152 2971252.240115 5333201.997790 -0.052800 -0.833524 -0.089455 0.542631
1750711272.512228 37369026.672152 2971252.240115 5333201.997790 -0.052800 -0.833524 -0.089455 0.542631
1750711272.517229 37369026.672152 2971252.240115 5333201.997790 -0.052800 -0.833524 -0.089455 0.542631
1750711272.522230 37369026.672152 2971252.240115 5333201.997790 -0.052800 -0.833524 -0.089455 0.542631
1750711272.527231 37369026.672152 2971252.240115 5333201.997790 -0.052800 -0.833524 -0.089455 0.542631
1750711272.532232 37369026.672152 2971252.240115 5333201.997790 -0.052800 -0.833524 -0.089455 0.542631
1750711272.537234 37369026.672152 2971252.240115 5333201.997790 -0.052800 -0.833524 -0.089455 0.542631
1750711272.542235 37369026.672152 2971252.240115 5333201.997790 -0.052800 -0.833524 -0.089455 0.542631
1750711272.547236 37369026.672152 2971252.240115 5333201.997790 -0.052800 -0.833524 -0.089455 0.542631
1750711272.552238 37369026.672152 2971252.240115 5333201.997790 -0.052800 -0.833524 -0.089455 0.542631
1750711272.557238 37369026.672152 2971252.240115 5333201.997790 -0.052800 -0.833524 -0.089455 0.542631
1750711272.562240 37369026.672152 2971252.240115 5333201.997790 -0.052800 -0.833524 -0.089455 0.542631
1750711272.567240 37369026.672152 2971252.240115 5333201.997790 -0.052800 -0.833524 -0.089455 0.542631
1750711272.570596 37369026.669477 2971252.234249 5333201.977311 -0.057578 -0.840932 -0.087046 0.530981
1750711272.572242 37369026.669477 2971252.234249 5333201.977311 -0.057578 -0.840932 -0.087046 0.530981
1750711272.577244 37369026.669477 2971252.234249 5333201.977311 -0.057578 -0.840932 -0.087046 0.530981
1750711272.582244 37369026.669477 2971252.234249 5333201.977311 -0.057578 -0.840932 -0.087046 0.530981
1750711272.587246 37369026.669477 2971252.234249 5333201.977311 -0.057578 -0.840932 -0.087046 0.530981
1750711272.592247 37369026.669477 2971252.234249 5333201.977311 -0.057578 -0.840932 -0.087046 0.530981
1750711272.597248 37369026.669477 2971252.234249 5333201.977311 -0.057578 -0.840932 -0.087046 0.530981
1750711272.602249 37369026.669477 2971252.234249 5333201.977311 -0.057578 -0.840932 -0.087046 0.530981
1750711272.607250 37369026.667030 2971252.232619 5333201.967478 -0.058535 -0.846260 -0.084279 0.522794
1750711272.612251 37369026.667030 2971252.232619 5333201.967478 -0.058535 -0.846260 -0.084279 0.522794
1750711272.617253 37369026.667030 2971252.232619 5333201.967478 -0.058535 -0.846260 -0.084279 0.522794
1750711272.622253 37369026.667030 2971252.232619 5333201.967478 -0.058535 -0.846260 -0.084279 0.522794
1750711272.627255 37369026.667030 2971252.232619 5333201.967478 -0.058535 -0.846260 -0.084279 0.522794
1750711272.632257 37369026.667030 2971252.232619 5333201.967478 -0.058535 -0.846260 -0.084279 0.522794
1750711272.637257 37369026.667030 2971252.232619 5333201.967478 -0.058535 -0.846260 -0.084279 0.522794
1750711272.642259 37369026.667030 2971252.232619 5333201.967478 -0.058535 -0.846260 -0.084279 0.522794
1750711272.647260 37369026.667030 2971252.232619 5333201.967478 -0.058535 -0.846260 -0.084279 0.522794
1750711272.652261 37369026.667030 2971252.232619 5333201.967478 -0.058535 -0.846260 -0.084279 0.522794
1750711272.657263 37369026.667030 2971252.232619 5333201.967478 -0.058535 -0.846260 -0.084279 0.522794
1750711272.662264 37369026.667030 2971252.232619 5333201.967478 -0.058535 -0.846260 -0.084279 0.522794
1750711272.667265 37369026.667030 2971252.232619 5333201.967478 -0.058535 -0.846260 -0.084279 0.522794
1750711272.672266 37369026.667030 2971252.232619 5333201.967478 -0.058535 -0.846260 -0.084279 0.522794
1750711272.677267 37369026.667030 2971252.232619 5333201.967478 -0.058535 -0.846260 -0.084279 0.522794
1750711272.682268 37369026.667030 2971252.232619 5333201.967478 -0.058535 -0.846260 -0.084279 0.522794
1750711272.687270 37369026.667030 2971252.232619 5333201.967478 -0.058535 -0.846260 -0.084279 0.522794
1750711272.692270 37369026.667030 2971252.232619 5333201.967478 -0.058535 -0.846260 -0.084279 0.522794
1750711272.697272 37369026.667030 2971252.232619 5333201.967478 -0.058535 -0.846260 -0.084279 0.522794
1750711272.702274 37369026.667030 2971252.232619 5333201.967478 -0.058535 -0.846260 -0.084279 0.522794
1750711272.707274 37369026.659711 2971252.227459 5333201.939265 -0.058567 -0.867509 -0.075573 0.488145
1750711272.712276 37369026.659711 2971252.227459 5333201.939265 -0.058567 -0.867509 -0.075573 0.488145
1750711272.717276 37369026.659711 2971252.227459 5333201.939265 -0.058567 -0.867509 -0.075573 0.488145
1750711272.722278 37369026.659711 2971252.227459 5333201.939265 -0.058567 -0.867509 -0.075573 0.488145
1750711272.727280 37369026.659711 2971252.227459 5333201.939265 -0.058567 -0.867509 -0.075573 0.488145
1750711272.732280 37369026.659711 2971252.227459 5333201.939265 -0.058567 -0.867509 -0.075573 0.488145
1750711272.737282 37369026.659711 2971252.227459 5333201.939265 -0.058567 -0.867509 -0.075573 0.488145
1750711272.742282 37369026.659711 2971252.227459 5333201.939265 -0.058567 -0.867509 -0.075573 0.488145
1750711272.747284 37369026.659711 2971252.227459 5333201.939265 -0.058567 -0.867509 -0.075573 0.488145
1750711272.752285 37369026.659711 2971252.227459 5333201.939265 -0.058567 -0.867509 -0.075573 0.488145
1750711272.757286 37369026.659711 2971252.227459 5333201.939265 -0.058567 -0.867509 -0.075573 0.488145
1750711272.762287 37369026.659711 2971252.227459 5333201.939265 -0.058567 -0.867509 -0.075573 0.488145
1750711272.767288 37369026.659711 2971252.227459 5333201.939265 -0.058567 -0.867509 -0.075573 0.488145
1750711272.772290 37369026.652283 2971252.224730 5333201.922994 -0.054468 -0.881906 -0.071220 0.462821
1750711272.777291 37369026.652283 2971252.224730 5333201.922994 -0.054468 -0.881906 -0.071220 0.462821
1750711272.782292 37369026.652283 2971252.224730 5333201.922994 -0.054468 -0.881906 -0.071220 0.462821
1750711272.787293 37369026.652283 2971252.224730 5333201.922994 -0.054468 -0.881906 -0.071220 0.462821
1750711272.792295 37369026.652283 2971252.224730 5333201.922994 -0.054468 -0.881906 -0.071220 0.462821
1750711272.797295 37369026.652283 2971252.224730 5333201.922994 -0.054468 -0.881906 -0.071220 0.462821
1750711272.802297 37369026.652283 2971252.224730 5333201.922994 -0.054468 -0.881906 -0.071220 0.462821
1750711272.807298 37369026.652283 2971252.224730 5333201.922994 -0.054468 -0.881906 -0.071220 0.462821
1750711272.812299 37369026.652283 2971252.224730 5333201.922994 -0.054468 -0.881906 -0.071220 0.462821
1750711272.817301 37369026.652283 2971252.224730 5333201.922994 -0.054468 -0.881906 -0.071220 0.462821
1750711272.822301 37369026.652283 2971252.224730 5333201.922994 -0.054468 -0.881906 -0.071220 0.462821
1750711272.827303 37369026.652283 2971252.224730 5333201.922994 -0.054468 -0.881906 -0.071220 0.462821
1750711272.832303 37369026.652283 2971252.224730 5333201.922994 -0.054468 -0.881906 -0.071220 0.462821
1750711272.837305 37369026.652283 2971252.224730 5333201.922994 -0.054468 -0.881906 -0.071220 0.462821
1750711272.842307 37369026.643831 2971252.223493 5333201.911351 -0.052971 -0.894628 -0.071705 0.437828
1750711272.847307 37369026.643831 2971252.223493 5333201.911351 -0.052971 -0.894628 -0.071705 0.437828
1750711272.852309 37369026.643831 2971252.223493 5333201.911351 -0.052971 -0.894628 -0.071705 0.437828
1750711272.857310 37369026.643831 2971252.223493 5333201.911351 -0.052971 -0.894628 -0.071705 0.437828
1750711272.862311 37369026.643831 2971252.223493 5333201.911351 -0.052971 -0.894628 -0.071705 0.437828
1750711272.867313 37369026.643831 2971252.223493 5333201.911351 -0.052971 -0.894628 -0.071705 0.437828
1750711272.872313 37369026.643831 2971252.223493 5333201.911351 -0.052971 -0.894628 -0.071705 0.437828
1750711272.877315 37369026.643831 2971252.223493 5333201.911351 -0.052971 -0.894628 -0.071705 0.437828
1750711272.882316 37369026.643831 2971252.223493 5333201.911351 -0.052971 -0.894628 -0.071705 0.437828
1750711272.887317 37369026.643831 2971252.223493 5333201.911351 -0.052971 -0.894628 -0.071705 0.437828
1750711272.892318 37369026.643831 2971252.223493 5333201.911351 -0.052971 -0.894628 -0.071705 0.437828
1750711272.897320 37369026.643831 2971252.223493 5333201.911351 -0.052971 -0.894628 -0.071705 0.437828
1750711272.902321 37369026.643831 2971252.223493 5333201.911351 -0.052971 -0.894628 -0.071705 0.437828
1750711272.907322 37369026.635272 2971252.221544 5333201.903781 -0.054668 -0.904929 -0.074993 0.415321
1750711272.912323 37369026.635272 2971252.221544 5333201.903781 -0.054668 -0.904929 -0.074993 0.415321
1750711272.917324 37369026.635272 2971252.221544 5333201.903781 -0.054668 -0.904929 -0.074993 0.415321
1750711272.922326 37369026.635272 2971252.221544 5333201.903781 -0.054668 -0.904929 -0.074993 0.415321
1750711272.927326 37369026.635272 2971252.221544 5333201.903781 -0.054668 -0.904929 -0.074993 0.415321
1750711272.932328 37369026.635272 2971252.221544 5333201.903781 -0.054668 -0.904929 -0.074993 0.415321
1750711272.937330 37369026.635272 2971252.221544 5333201.903781 -0.054668 -0.904929 -0.074993 0.415321
1750711272.942330 37369026.635272 2971252.221544 5333201.903781 -0.054668 -0.904929 -0.074993 0.415321
1750711272.947332 37369026.635272 2971252.221544 5333201.903781 -0.054668 -0.904929 -0.074993 0.415321
1750711272.952332 37369026.635272 2971252.221544 5333201.903781 -0.054668 -0.904929 -0.074993 0.415321
1750711272.957334 37369026.635272 2971252.221544 5333201.903781 -0.054668 -0.904929 -0.074993 0.415321
1750711272.962335 37369026.635272 2971252.221544 5333201.903781 -0.054668 -0.904929 -0.074993 0.415321
1750711272.967336 37369026.635272 2971252.221544 5333201.903781 -0.054668 -0.904929 -0.074993 0.415321
1750711272.972337 37369026.623531 2971252.219846 5333201.896811 -0.056438 -0.913789 -0.079250 0.394364
1750711272.977339 37369026.623531 2971252.219846 5333201.896811 -0.056438 -0.913789 -0.079250 0.394364
1750711272.982340 37369026.623531 2971252.219846 5333201.896811 -0.056438 -0.913789 -0.079250 0.394364
1750711272.987341 37369026.623531 2971252.219846 5333201.896811 -0.056438 -0.913789 -0.079250 0.394364
1750711272.992342 37369026.623531 2971252.219846 5333201.896811 -0.056438 -0.913789 -0.079250 0.394364
1750711272.997343 37369026.623531 2971252.219846 5333201.896811 -0.056438 -0.913789 -0.079250 0.394364
1750711273.002345 37369026.623531 2971252.219846 5333201.896811 -0.056438 -0.913789 -0.079250 0.394364
1750711273.007346 37369026.623531 2971252.219846 5333201.896811 -0.056438 -0.913789 -0.079250 0.394364
1750711273.012347 37369026.623531 2971252.219846 5333201.896811 -0.056438 -0.913789 -0.079250 0.394364
1750711273.017347 37369026.623531 2971252.219846 5333201.896811 -0.056438 -0.913789 -0.079250 0.394364
1750711273.022349 37369026.623531 2971252.219846 5333201.896811 -0.056438 -0.913789 -0.079250 0.394364
1750711273.027351 37369026.623531 2971252.219846 5333201.896811 -0.056438 -0.913789 -0.079250 0.394364
1750711273.032351 37369026.623531 2971252.219846 5333201.896811 -0.056438 -0.913789 -0.079250 0.394364
1750711273.037353 37369026.623531 2971252.219846 5333201.896811 -0.056438 -0.913789 -0.079250 0.394364
1750711273.042354 37369026.606213 2971252.218158 5333201.890513 -0.056043 -0.921595 -0.083180 0.374969
1750711273.047355 37369026.606213 2971252.218158 5333201.890513 -0.056043 -0.921595 -0.083180 0.374969
1750711273.052357 37369026.606213 2971252.218158 5333201.890513 -0.056043 -0.921595 -0.083180 0.374969
1750711273.057357 37369026.606213 2971252.218158 5333201.890513 -0.056043 -0.921595 -0.083180 0.374969
1750711273.062359 37369026.606213 2971252.218158 5333201.890513 -0.056043 -0.921595 -0.083180 0.374969
1750711273.067360 37369026.606213 2971252.218158 5333201.890513 -0.056043 -0.921595 -0.083180 0.374969
1750711273.072361 37369026.606213 2971252.218158 5333201.890513 -0.056043 -0.921595 -0.083180 0.374969
1750711273.077363 37369026.606213 2971252.218158 5333201.890513 -0.056043 -0.921595 -0.083180 0.374969
1750711273.082364 37369026.606213 2971252.218158 5333201.890513 -0.056043 -0.921595 -0.083180 0.374969
1750711273.087365 37369026.606213 2971252.218158 5333201.890513 -0.056043 -0.921595 -0.083180 0.374969
1750711273.092366 37369026.606213 2971252.218158 5333201.890513 -0.056043 -0.921595 -0.083180 0.374969
1750711273.097368 37369026.606213 2971252.218158 5333201.890513 -0.056043 -0.921595 -0.083180 0.374969
1750711273.102368 37369026.606213 2971252.218158 5333201.890513 -0.056043 -0.921595 -0.083180 0.374969
1750711273.107370 37369026.592739 2971252.214196 5333201.879621 -0.054575 -0.927399 -0.087951 0.359468
1750711273.112370 37369026.592739 2971252.214196 5333201.879621 -0.054575 -0.927399 -0.087951 0.359468
1750711273.117372 37369026.592739 2971252.214196 5333201.879621 -0.054575 -0.927399 -0.087951 0.359468
1750711273.122374 37369026.592739 2971252.214196 5333201.879621 -0.054575 -0.927399 -0.087951 0.359468
1750711273.127374 37369026.592739 2971252.214196 5333201.879621 -0.054575 -0.927399 -0.087951 0.359468
1750711273.132376 37369026.592739 2971252.214196 5333201.879621 -0.054575 -0.927399 -0.087951 0.359468
1750711273.137377 37369026.592739 2971252.214196 5333201.879621 -0.054575 -0.927399 -0.087951 0.359468
1750711273.142378 37369026.582973 2971252.212459 5333201.877814 -0.054373 -0.930105 -0.091305 0.351584
1750711273.147379 37369026.582973 2971252.212459 5333201.877814 -0.054373 -0.930105 -0.091305 0.351584
1750711273.152380 37369026.582973 2971252.212459 5333201.877814 -0.054373 -0.930105 -0.091305 0.351584
1750711273.157382 37369026.582973 2971252.212459 5333201.877814 -0.054373 -0.930105 -0.091305 0.351584
1750711273.162383 37369026.582973 2971252.212459 5333201.877814 -0.054373 -0.930105 -0.091305 0.351584
1750711273.167384 37369026.582973 2971252.212459 5333201.877814 -0.054373 -0.930105 -0.091305 0.351584
1750711273.172385 37369026.582973 2971252.212459 5333201.877814 -0.054373 -0.930105 -0.091305 0.351584
1750711273.177387 37369026.582973 2971252.212459 5333201.877814 -0.054373 -0.930105 -0.091305 0.351584
1750711273.182387 37369026.582973 2971252.212459 5333201.877814 -0.054373 -0.930105 -0.091305 0.351584
1750711273.187389 37369026.582973 2971252.212459 5333201.877814 -0.054373 -0.930105 -0.091305 0.351584
1750711273.192390 37369026.582973 2971252.212459 5333201.877814 -0.054373 -0.930105 -0.091305 0.351584
1750711273.197391 37369026.582973 2971252.212459 5333201.877814 -0.054373 -0.930105 -0.091305 0.351584
1750711273.202393 37369026.582973 2971252.212459 5333201.877814 -0.054373 -0.930105 -0.091305 0.351584
1750711273.207393 37369026.582973 2971252.212459 5333201.877814 -0.054373 -0.930105 -0.091305 0.351584
1750711273.212395 37369026.582973 2971252.212459 5333201.877814 -0.054373 -0.930105 -0.091305 0.351584
1750711273.217396 37369026.582973 2971252.212459 5333201.877814 -0.054373 -0.930105 -0.091305 0.351584
1750711273.222397 37369026.582973 2971252.212459 5333201.877814 -0.054373 -0.930105 -0.091305 0.351584
1750711273.227399 37369026.582973 2971252.212459 5333201.877814 -0.054373 -0.930105 -0.091305 0.351584
1750711273.232399 37369026.582973 2971252.212459 5333201.877814 -0.054373 -0.930105 -0.091305 0.351584
1750711273.237401 37369026.582973 2971252.212459 5333201.877814 -0.054373 -0.930105 -0.091305 0.351584
1750711273.242402 37369026.548059 2971252.204755 5333201.870088 -0.053895 -0.937230 -0.103759 0.328526
1750711273.247403 37369026.548059 2971252.204755 5333201.870088 -0.053895 -0.937230 -0.103759 0.328526
1750711273.252404 37369026.548059 2971252.204755 5333201.870088 -0.053895 -0.937230 -0.103759 0.328526
1750711273.257406 37369026.548059 2971252.204755 5333201.870088 -0.053895 -0.937230 -0.103759 0.328526
1750711273.262406 37369026.548059 2971252.204755 5333201.870088 -0.053895 -0.937230 -0.103759 0.328526
1750711273.267408 37369026.548059 2971252.204755 5333201.870088 -0.053895 -0.937230 -0.103759 0.328526
1750711273.272409 37369026.535643 2971252.201401 5333201.866018 -0.052436 -0.939265 -0.107351 0.321724
1750711273.277410 37369026.535643 2971252.201401 5333201.866018 -0.052436 -0.939265 -0.107351 0.321724
1750711273.282412 37369026.535643 2971252.201401 5333201.866018 -0.052436 -0.939265 -0.107351 0.321724
1750711273.287412 37369026.535643 2971252.201401 5333201.866018 -0.052436 -0.939265 -0.107351 0.321724
1750711273.292414 37369026.535643 2971252.201401 5333201.866018 -0.052436 -0.939265 -0.107351 0.321724
1750711273.297415 37369026.535643 2971252.201401 5333201.866018 -0.052436 -0.939265 -0.107351 0.321724
1750711273.302416 37369026.535643 2971252.201401 5333201.866018 -0.052436 -0.939265 -0.107351 0.321724
1750711273.307418 37369026.535643 2971252.201401 5333201.866018 -0.052436 -0.939265 -0.107351 0.321724
1750711273.312418 37369026.535643 2971252.201401 5333201.866018 -0.052436 -0.939265 -0.107351 0.321724
1750711273.317420 37369026.535643 2971252.201401 5333201.866018 -0.052436 -0.939265 -0.107351 0.321724
1750711273.322421 37369026.535643 2971252.201401 5333201.866018 -0.052436 -0.939265 -0.107351 0.321724
1750711273.327422 37369026.535643 2971252.201401 5333201.866018 -0.052436 -0.939265 -0.107351 0.321724
1750711273.332423 37369026.535643 2971252.201401 5333201.866018 -0.052436 -0.939265 -0.107351 0.321724
1750711273.337424 37369026.535643 2971252.201401 5333201.866018 -0.052436 -0.939265 -0.107351 0.321724
1750711273.342425 37369026.508631 2971252.194916 5333201.855727 -0.046632 -0.942754 -0.114035 0.309898
1750711273.347427 37369026.508631 2971252.194916 5333201.855727 -0.046632 -0.942754 -0.114035 0.309898
1750711273.352428 37369026.508631 2971252.194916 5333201.855727 -0.046632 -0.942754 -0.114035 0.309898
1750711273.357429 37369026.508631 2971252.194916 5333201.855727 -0.046632 -0.942754 -0.114035 0.309898
1750711273.362431 37369026.508631 2971252.194916 5333201.855727 -0.046632 -0.942754 -0.114035 0.309898
1750711273.367431 37369026.508631 2971252.194916 5333201.855727 -0.046632 -0.942754 -0.114035 0.309898
1750711273.372433 37369026.508631 2971252.194916 5333201.855727 -0.046632 -0.942754 -0.114035 0.309898
1750711273.377433 37369026.508631 2971252.194916 5333201.855727 -0.046632 -0.942754 -0.114035 0.309898
1750711273.382435 37369026.508631 2971252.194916 5333201.855727 -0.046632 -0.942754 -0.114035 0.309898
1750711273.387437 37369026.508631 2971252.194916 5333201.855727 -0.046632 -0.942754 -0.114035 0.309898
1750711273.392437 37369026.508631 2971252.194916 5333201.855727 -0.046632 -0.942754 -0.114035 0.309898
1750711273.397439 37369026.508631 2971252.194916 5333201.855727 -0.046632 -0.942754 -0.114035 0.309898
1750711273.402439 37369026.508631 2971252.194916 5333201.855727 -0.046632 -0.942754 -0.114035 0.309898
1750711273.407441 37369026.508631 2971252.194916 5333201.855727 -0.046632 -0.942754 -0.114035 0.309898
1750711273.412442 37369026.508631 2971252.194916 5333201.855727 -0.046632 -0.942754 -0.114035 0.309898
1750711273.417443 37369026.508631 2971252.194916 5333201.855727 -0.046632 -0.942754 -0.114035 0.309898
1750711273.422445 37369026.508631 2971252.194916 5333201.855727 -0.046632 -0.942754 -0.114035 0.309898
1750711273.427445 37369026.508631 2971252.194916 5333201.855727 -0.046632 -0.942754 -0.114035 0.309898
1750711273.432447 37369026.508631 2971252.194916 5333201.855727 -0.046632 -0.942754 -0.114035 0.309898
1750711273.437448 37369026.508631 2971252.194916 5333201.855727 -0.046632 -0.942754 -0.114035 0.309898
1750711273.442449 37369026.470282 2971252.185670 5333201.838783 -0.040223 -0.947668 -0.121645 0.292419
1750711273.447451 37369026.470282 2971252.185670 5333201.838783 -0.040223 -0.947668 -0.121645 0.292419
1750711273.452451 37369026.470282 2971252.185670 5333201.838783 -0.040223 -0.947668 -0.121645 0.292419
1750711273.457453 37369026.470282 2971252.185670 5333201.838783 -0.040223 -0.947668 -0.121645 0.292419
1750711273.462454 37369026.470282 2971252.185670 5333201.838783 -0.040223 -0.947668 -0.121645 0.292419
1750711273.467455 37369026.470282 2971252.185670 5333201.838783 -0.040223 -0.947668 -0.121645 0.292419
1750711273.472456 37369026.470282 2971252.185670 5333201.838783 -0.040223 -0.947668 -0.121645 0.292419
1750711273.477458 37369026.470282 2971252.185670 5333201.838783 -0.040223 -0.947668 -0.121645 0.292419
1750711273.482459 37369026.470282 2971252.185670 5333201.838783 -0.040223 -0.947668 -0.121645 0.292419
1750711273.487460 37369026.470282 2971252.185670 5333201.838783 -0.040223 -0.947668 -0.121645 0.292419
1750711273.492462 37369026.470282 2971252.185670 5333201.838783 -0.040223 -0.947668 -0.121645 0.292419
1750711273.497463 37369026.470282 2971252.185670 5333201.838783 -0.040223 -0.947668 -0.121645 0.292419
1750711273.502464 37369026.470282 2971252.185670 5333201.838783 -0.040223 -0.947668 -0.121645 0.292419
1750711273.507465 37369026.442255 2971252.181061 5333201.824881 -0.039302 -0.950531 -0.125789 0.281286
1750711273.512466 37369026.442255 2971252.181061 5333201.824881 -0.039302 -0.950531 -0.125789 0.281286
1750711273.517468 37369026.442255 2971252.181061 5333201.824881 -0.039302 -0.950531 -0.125789 0.281286
1750711273.522468 37369026.442255 2971252.181061 5333201.824881 -0.039302 -0.950531 -0.125789 0.281286
1750711273.527470 37369026.442255 2971252.181061 5333201.824881 -0.039302 -0.950531 -0.125789 0.281286
1750711273.532470 37369026.442255 2971252.181061 5333201.824881 -0.039302 -0.950531 -0.125789 0.281286
1750711273.537472 37369026.442255 2971252.181061 5333201.824881 -0.039302 -0.950531 -0.125789 0.281286
1750711273.542473 37369026.442255 2971252.181061 5333201.824881 -0.039302 -0.950531 -0.125789 0.281286
1750711273.547474 37369026.442255 2971252.181061 5333201.824881 -0.039302 -0.950531 -0.125789 0.281286
1750711273.552475 37369026.442255 2971252.181061 5333201.824881 -0.039302 -0.950531 -0.125789 0.281286
1750711273.557476 37369026.442255 2971252.181061 5333201.824881 -0.039302 -0.950531 -0.125789 0.281286
1750711273.562478 37369026.442255 2971252.181061 5333201.824881 -0.039302 -0.950531 -0.125789 0.281286
1750711273.567478 37369026.442255 2971252.181061 5333201.824881 -0.039302 -0.950531 -0.125789 0.281286
1750711273.572480 37369026.442255 2971252.181061 5333201.824881 -0.039302 -0.950531 -0.125789 0.281286
1750711273.577481 37369026.442255 2971252.181061 5333201.824881 -0.039302 -0.950531 -0.125789 0.281286
1750711273.582482 37369026.442255 2971252.181061 5333201.824881 -0.039302 -0.950531 -0.125789 0.281286
1750711273.587483 37369026.442255 2971252.181061 5333201.824881 -0.039302 -0.950531 -0.125789 0.281286
1750711273.592485 37369026.442255 2971252.181061 5333201.824881 -0.039302 -0.950531 -0.125789 0.281286
1750711273.597485 37369026.442255 2971252.181061 5333201.824881 -0.039302 -0.950531 -0.125789 0.281286
1750711273.602487 37369026.442255 2971252.181061 5333201.824881 -0.039302 -0.950531 -0.125789 0.281286
1750711273.607487 37369026.412222 2971252.169193 5333201.803927 -0.039333 -0.954513 -0.128759 0.266043
1750711273.612489 37369026.412222 2971252.169193 5333201.803927 -0.039333 -0.954513 -0.128759 0.266043
1750711273.617491 37369026.412222 2971252.169193 5333201.803927 -0.039333 -0.954513 -0.128759 0.266043
1750711273.622491 37369026.412222 2971252.169193 5333201.803927 -0.039333 -0.954513 -0.128759 0.266043
1750711273.627493 37369026.412222 2971252.169193 5333201.803927 -0.039333 -0.954513 -0.128759 0.266043
1750711273.632493 37369026.412222 2971252.169193 5333201.803927 -0.039333 -0.954513 -0.128759 0.266043
1750711273.637495 37369026.412222 2971252.169193 5333201.803927 -0.039333 -0.954513 -0.128759 0.266043
1750711273.642497 37369026.403710 2971252.166924 5333201.796603 -0.038684 -0.955928 -0.128420 0.261177
1750711273.647497 37369026.403710 2971252.166924 5333201.796603 -0.038684 -0.955928 -0.128420 0.261177
1750711273.652499 37369026.403710 2971252.166924 5333201.796603 -0.038684 -0.955928 -0.128420 0.261177
1750711273.657499 37369026.403710 2971252.166924 5333201.796603 -0.038684 -0.955928 -0.128420 0.261177
1750711273.662501 37369026.403710 2971252.166924 5333201.796603 -0.038684 -0.955928 -0.128420 0.261177
1750711273.667501 37369026.403710 2971252.166924 5333201.796603 -0.038684 -0.955928 -0.128420 0.261177
1750711273.672503 37369026.403710 2971252.166924 5333201.796603 -0.038684 -0.955928 -0.128420 0.261177
1750711273.677505 37369026.403710 2971252.166924 5333201.796603 -0.038684 -0.955928 -0.128420 0.261177
1750711273.682505 37369026.403710 2971252.166924 5333201.796603 -0.038684 -0.955928 -0.128420 0.261177
1750711273.687507 37369026.403710 2971252.166924 5333201.796603 -0.038684 -0.955928 -0.128420 0.261177
1750711273.692508 37369026.403710 2971252.166924 5333201.796603 -0.038684 -0.955928 -0.128420 0.261177
1750711273.697509 37369026.403710 2971252.166924 5333201.796603 -0.038684 -0.955928 -0.128420 0.261177
1750711273.702510 37369026.403710 2971252.166924 5333201.796603 -0.038684 -0.955928 -0.128420 0.261177
1750711273.707511 37369026.387241 2971252.162734 5333201.781010 -0.038463 -0.958901 -0.127549 0.250522
1750711273.712513 37369026.387241 2971252.162734 5333201.781010 -0.038463 -0.958901 -0.127549 0.250522
1750711273.717514 37369026.387241 2971252.162734 5333201.781010 -0.038463 -0.958901 -0.127549 0.250522
1750711273.722515 37369026.387241 2971252.162734 5333201.781010 -0.038463 -0.958901 -0.127549 0.250522
1750711273.727516 37369026.387241 2971252.162734 5333201.781010 -0.038463 -0.958901 -0.127549 0.250522
1750711273.732517 37369026.387241 2971252.162734 5333201.781010 -0.038463 -0.958901 -0.127549 0.250522
1750711273.737518 37369026.387241 2971252.162734 5333201.781010 -0.038463 -0.958901 -0.127549 0.250522
1750711273.742519 37369026.387241 2971252.162734 5333201.781010 -0.038463 -0.958901 -0.127549 0.250522
1750711273.747521 37369026.387241 2971252.162734 5333201.781010 -0.038463 -0.958901 -0.127549 0.250522
1750711273.752522 37369026.387241 2971252.162734 5333201.781010 -0.038463 -0.958901 -0.127549 0.250522
1750711273.757523 37369026.387241 2971252.162734 5333201.781010 -0.038463 -0.958901 -0.127549 0.250522
1750711273.762524 37369026.387241 2971252.162734 5333201.781010 -0.038463 -0.958901 -0.127549 0.250522
1750711273.767525 37369026.387241 2971252.162734 5333201.781010 -0.038463 -0.958901 -0.127549 0.250522
1750711273.772526 37369026.369983 2971252.158650 5333201.767254 -0.039049 -0.961571 -0.129080 0.239155
1750711273.777528 37369026.369983 2971252.158650 5333201.767254 -0.039049 -0.961571 -0.129080 0.239155
1750711273.782529 37369026.369983 2971252.158650 5333201.767254 -0.039049 -0.961571 -0.129080 0.239155
1750711273.787530 37369026.369983 2971252.158650 5333201.767254 -0.039049 -0.961571 -0.129080 0.239155
1750711273.792531 37369026.369983 2971252.158650 5333201.767254 -0.039049 -0.961571 -0.129080 0.239155
1750711273.797532 37369026.369983 2971252.158650 5333201.767254 -0.039049 -0.961571 -0.129080 0.239155
1750711273.802533 37369026.369983 2971252.158650 5333201.767254 -0.039049 -0.961571 -0.129080 0.239155
1750711273.807534 37369026.369983 2971252.158650 5333201.767254 -0.039049 -0.961571 -0.129080 0.239155
1750711273.812536 37369026.369983 2971252.158650 5333201.767254 -0.039049 -0.961571 -0.129080 0.239155
1750711273.817537 37369026.369983 2971252.158650 5333201.767254 -0.039049 -0.961571 -0.129080 0.239155
1750711273.822538 37369026.369983 2971252.158650 5333201.767254 -0.039049 -0.961571 -0.129080 0.239155
1750711273.827539 37369026.369983 2971252.158650 5333201.767254 -0.039049 -0.961571 -0.129080 0.239155
1750711273.832540 37369026.369983 2971252.158650 5333201.767254 -0.039049 -0.961571 -0.129080 0.239155
1750711273.837542 37369026.369983 2971252.158650 5333201.767254 -0.039049 -0.961571 -0.129080 0.239155
1750711273.842542 37369026.369983 2971252.158650 5333201.767254 -0.039049 -0.961571 -0.129080 0.239155
1750711273.847544 37369026.369983 2971252.158650 5333201.767254 -0.039049 -0.961571 -0.129080 0.239155
1750711273.852545 37369026.369983 2971252.158650 5333201.767254 -0.039049 -0.961571 -0.129080 0.239155
1750711273.857546 37369026.369983 2971252.158650 5333201.767254 -0.039049 -0.961571 -0.129080 0.239155
1750711273.862548 37369026.369983 2971252.158650 5333201.767254 -0.039049 -0.961571 -0.129080 0.239155
1750711273.867548 37369026.369983 2971252.158650 5333201.767254 -0.039049 -0.961571 -0.129080 0.239155
1750711273.872550 37369026.345183 2971252.152955 5333201.748950 -0.034763 -0.965146 -0.130880 0.223952
1750711273.877550 37369026.345183 2971252.152955 5333201.748950 -0.034763 -0.965146 -0.130880 0.223952
1750711273.882552 37369026.345183 2971252.152955 5333201.748950 -0.034763 -0.965146 -0.130880 0.223952
1750711273.887552 37369026.345183 2971252.152955 5333201.748950 -0.034763 -0.965146 -0.130880 0.223952
1750711273.892554 37369026.345183 2971252.152955 5333201.748950 -0.034763 -0.965146 -0.130880 0.223952
1750711273.897556 37369026.345183 2971252.152955 5333201.748950 -0.034763 -0.965146 -0.130880 0.223952
1750711273.902556 37369026.345183 2971252.152955 5333201.748950 -0.034763 -0.965146 -0.130880 0.223952
1750711273.907558 37369026.345183 2971252.152955 5333201.748950 -0.034763 -0.965146 -0.130880 0.223952
1750711273.912559 37369026.345183 2971252.152955 5333201.748950 -0.034763 -0.965146 -0.130880 0.223952
1750711273.917560 37369026.345183 2971252.152955 5333201.748950 -0.034763 -0.965146 -0.130880 0.223952
1750711273.922562 37369026.345183 2971252.152955 5333201.748950 -0.034763 -0.965146 -0.130880 0.223952
1750711273.927562 37369026.345183 2971252.152955 5333201.748950 -0.034763 -0.965146 -0.130880 0.223952
1750711273.932564 37369026.345183 2971252.152955 5333201.748950 -0.034763 -0.965146 -0.130880 0.223952
1750711273.937564 37369026.345183 2971252.152955 5333201.748950 -0.034763 -0.965146 -0.130880 0.223952
1750711273.937591 37369026.329977 2971252.148113 5333201.735714 -0.031226 -0.967342 -0.133053 0.213472
1750711273.942566 37369026.329977 2971252.148113 5333201.735714 -0.031226 -0.967342 -0.133053 0.213472
1750711273.947567 37369026.329977 2971252.148113 5333201.735714 -0.031226 -0.967342 -0.133053 0.213472
1750711273.952568 37369026.329977 2971252.148113 5333201.735714 -0.031226 -0.967342 -0.133053 0.213472
1750711273.957569 37369026.329977 2971252.148113 5333201.735714 -0.031226 -0.967342 -0.133053 0.213472
1750711273.962570 37369026.329977 2971252.148113 5333201.735714 -0.031226 -0.967342 -0.133053 0.213472
1750711273.967572 37369026.329977 2971252.148113 5333201.735714 -0.031226 -0.967342 -0.133053 0.213472
1750711273.972573 37369026.329977 2971252.148113 5333201.735714 -0.031226 -0.967342 -0.133053 0.213472
1750711273.977574 37369026.329977 2971252.148113 5333201.735714 -0.031226 -0.967342 -0.133053 0.213472
1750711273.982575 37369026.329977 2971252.148113 5333201.735714 -0.031226 -0.967342 -0.133053 0.213472
1750711273.987576 37369026.329977 2971252.148113 5333201.735714 -0.031226 -0.967342 -0.133053 0.213472
1750711273.992577 37369026.329977 2971252.148113 5333201.735714 -0.031226 -0.967342 -0.133053 0.213472
1750711273.997578 37369026.329977 2971252.148113 5333201.735714 -0.031226 -0.967342 -0.133053 0.213472
1750711274.002579 37369026.329977 2971252.148113 5333201.735714 -0.031226 -0.967342 -0.133053 0.213472
1750711274.007581 37369026.319975 2971252.144179 5333201.724616 -0.027385 -0.969653 -0.133362 0.203070
1750711274.012582 37369026.319975 2971252.144179 5333201.724616 -0.027385 -0.969653 -0.133362 0.203070
1750711274.017583 37369026.319975 2971252.144179 5333201.724616 -0.027385 -0.969653 -0.133362 0.203070
1750711274.022585 37369026.319975 2971252.144179 5333201.724616 -0.027385 -0.969653 -0.133362 0.203070
1750711274.027585 37369026.319975 2971252.144179 5333201.724616 -0.027385 -0.969653 -0.133362 0.203070
1750711274.032587 37369026.319975 2971252.144179 5333201.724616 -0.027385 -0.969653 -0.133362 0.203070
1750711274.037589 37369026.319975 2971252.144179 5333201.724616 -0.027385 -0.969653 -0.133362 0.203070
1750711274.042589 37369026.319975 2971252.144179 5333201.724616 -0.027385 -0.969653 -0.133362 0.203070
1750711274.047591 37369026.319975 2971252.144179 5333201.724616 -0.027385 -0.969653 -0.133362 0.203070
1750711274.052591 37369026.319975 2971252.144179 5333201.724616 -0.027385 -0.969653 -0.133362 0.203070
1750711274.057593 37369026.319975 2971252.144179 5333201.724616 -0.027385 -0.969653 -0.133362 0.203070
1750711274.062593 37369026.319975 2971252.144179 5333201.724616 -0.027385 -0.969653 -0.133362 0.203070
1750711274.067595 37369026.319975 2971252.144179 5333201.724616 -0.027385 -0.969653 -0.133362 0.203070
1750711274.072595 37369026.311925 2971252.139722 5333201.712031 -0.022942 -0.971822 -0.134422 0.192263
1750711274.077597 37369026.311925 2971252.139722 5333201.712031 -0.022942 -0.971822 -0.134422 0.192263
1750711274.082599 37369026.311925 2971252.139722 5333201.712031 -0.022942 -0.971822 -0.134422 0.192263
1750711274.087599 37369026.311925 2971252.139722 5333201.712031 -0.022942 -0.971822 -0.134422 0.192263
1750711274.092601 37369026.311925 2971252.139722 5333201.712031 -0.022942 -0.971822 -0.134422 0.192263
1750711274.097602 37369026.311925 2971252.139722 5333201.712031 -0.022942 -0.971822 -0.134422 0.192263
1750711274.102603 37369026.311925 2971252.139722 5333201.712031 -0.022942 -0.971822 -0.134422 0.192263
1750711274.107604 37369026.311925 2971252.139722 5333201.712031 -0.022942 -0.971822 -0.134422 0.192263
1750711274.112605 37369026.311925 2971252.139722 5333201.712031 -0.022942 -0.971822 -0.134422 0.192263
1750711274.117607 37369026.311925 2971252.139722 5333201.712031 -0.022942 -0.971822 -0.134422 0.192263
1750711274.122607 37369026.311925 2971252.139722 5333201.712031 -0.022942 -0.971822 -0.134422 0.192263
1750711274.127609 37369026.311925 2971252.139722 5333201.712031 -0.022942 -0.971822 -0.134422 0.192263
1750711274.132610 37369026.311925 2971252.139722 5333201.712031 -0.022942 -0.971822 -0.134422 0.192263
1750711274.137611 37369026.311925 2971252.139722 5333201.712031 -0.022942 -0.971822 -0.134422 0.192263
1750711274.142612 37369026.305747 2971252.134637 5333201.696184 -0.020740 -0.973759 -0.134702 0.182258
1750711274.147613 37369026.305747 2971252.134637 5333201.696184 -0.020740 -0.973759 -0.134702 0.182258
1750711274.152615 37369026.305747 2971252.134637 5333201.696184 -0.020740 -0.973759 -0.134702 0.182258
1750711274.157615 37369026.305747 2971252.134637 5333201.696184 -0.020740 -0.973759 -0.134702 0.182258
1750711274.162617 37369026.305747 2971252.134637 5333201.696184 -0.020740 -0.973759 -0.134702 0.182258
1750711274.167618 37369026.305747 2971252.134637 5333201.696184 -0.020740 -0.973759 -0.134702 0.182258
1750711274.172619 37369026.305586 2971252.133180 5333201.688785 -0.020440 -0.974680 -0.134448 0.177495
1750711274.177620 37369026.305586 2971252.133180 5333201.688785 -0.020440 -0.974680 -0.134448 0.177495
1750711274.182622 37369026.305586 2971252.133180 5333201.688785 -0.020440 -0.974680 -0.134448 0.177495
1750711274.187622 37369026.305586 2971252.133180 5333201.688785 -0.020440 -0.974680 -0.134448 0.177495
1750711274.192624 37369026.305586 2971252.133180 5333201.688785 -0.020440 -0.974680 -0.134448 0.177495
1750711274.197625 37369026.305586 2971252.133180 5333201.688785 -0.020440 -0.974680 -0.134448 0.177495
1750711274.202626 37369026.305586 2971252.133180 5333201.688785 -0.020440 -0.974680 -0.134448 0.177495
1750711274.207628 37369026.305586 2971252.133180 5333201.688785 -0.020440 -0.974680 -0.134448 0.177495
1750711274.212628 37369026.305586 2971252.133180 5333201.688785 -0.020440 -0.974680 -0.134448 0.177495
1750711274.217630 37369026.305586 2971252.133180 5333201.688785 -0.020440 -0.974680 -0.134448 0.177495
1750711274.222631 37369026.305586 2971252.133180 5333201.688785 -0.020440 -0.974680 -0.134448 0.177495
1750711274.227632 37369026.305586 2971252.133180 5333201.688785 -0.020440 -0.974680 -0.134448 0.177495
1750711274.232634 37369026.305586 2971252.133180 5333201.688785 -0.020440 -0.974680 -0.134448 0.177495
1750711274.237634 37369026.305586 2971252.133180 5333201.688785 -0.020440 -0.974680 -0.134448 0.177495
1750711274.242635 37369026.305624 2971252.129183 5333201.673992 -0.020453 -0.976636 -0.134589 0.166281
1750711274.247636 37369026.305624 2971252.129183 5333201.673992 -0.020453 -0.976636 -0.134589 0.166281
1750711274.252638 37369026.305624 2971252.129183 5333201.673992 -0.020453 -0.976636 -0.134589 0.166281
1750711274.257638 37369026.305624 2971252.129183 5333201.673992 -0.020453 -0.976636 -0.134589 0.166281
1750711274.262640 37369026.305624 2971252.129183 5333201.673992 -0.020453 -0.976636 -0.134589 0.166281
1750711274.267642 37369026.305624 2971252.129183 5333201.673992 -0.020453 -0.976636 -0.134589 0.166281
1750711274.272642 37369026.305624 2971252.129183 5333201.673992 -0.020453 -0.976636 -0.134589 0.166281
1750711274.277644 37369026.305624 2971252.129183 5333201.673992 -0.020453 -0.976636 -0.134589 0.166281
1750711274.282644 37369026.305624 2971252.129183 5333201.673992 -0.020453 -0.976636 -0.134589 0.166281
1750711274.287646 37369026.305624 2971252.129183 5333201.673992 -0.020453 -0.976636 -0.134589 0.166281
1750711274.292646 37369026.305624 2971252.129183 5333201.673992 -0.020453 -0.976636 -0.134589 0.166281
1750711274.297648 37369026.305624 2971252.129183 5333201.673992 -0.020453 -0.976636 -0.134589 0.166281
1750711274.302649 37369026.305624 2971252.129183 5333201.673992 -0.020453 -0.976636 -0.134589 0.166281
1750711274.307650 37369026.308551 2971252.125323 5333201.657735 -0.021520 -0.978442 -0.135004 0.154795
1750711274.312652 37369026.308551 2971252.125323 5333201.657735 -0.021520 -0.978442 -0.135004 0.154795
1750711274.317652 37369026.308551 2971252.125323 5333201.657735 -0.021520 -0.978442 -0.135004 0.154795
1750711274.322654 37369026.308551 2971252.125323 5333201.657735 -0.021520 -0.978442 -0.135004 0.154795
1750711274.327655 37369026.308551 2971252.125323 5333201.657735 -0.021520 -0.978442 -0.135004 0.154795
1750711274.332656 37369026.308551 2971252.125323 5333201.657735 -0.021520 -0.978442 -0.135004 0.154795
1750711274.337658 37369026.308551 2971252.125323 5333201.657735 -0.021520 -0.978442 -0.135004 0.154795
1750711274.342659 37369026.308551 2971252.125323 5333201.657735 -0.021520 -0.978442 -0.135004 0.154795
1750711274.347660 37369026.308551 2971252.125323 5333201.657735 -0.021520 -0.978442 -0.135004 0.154795
1750711274.352661 37369026.308551 2971252.125323 5333201.657735 -0.021520 -0.978442 -0.135004 0.154795
1750711274.357662 37369026.308551 2971252.125323 5333201.657735 -0.021520 -0.978442 -0.135004 0.154795
1750711274.362663 37369026.308551 2971252.125323 5333201.657735 -0.021520 -0.978442 -0.135004 0.154795
1750711274.367664 37369026.308551 2971252.125323 5333201.657735 -0.021520 -0.978442 -0.135004 0.154795
1750711274.372666 37369026.312427 2971252.123751 5333201.638420 -0.022732 -0.980248 -0.133559 0.144080
1750711274.377666 37369026.312427 2971252.123751 5333201.638420 -0.022732 -0.980248 -0.133559 0.144080
1750711274.382668 37369026.312427 2971252.123751 5333201.638420 -0.022732 -0.980248 -0.133559 0.144080
1750711274.387669 37369026.312427 2971252.123751 5333201.638420 -0.022732 -0.980248 -0.133559 0.144080
1750711274.392670 37369026.312427 2971252.123751 5333201.638420 -0.022732 -0.980248 -0.133559 0.144080
1750711274.397671 37369026.312427 2971252.123751 5333201.638420 -0.022732 -0.980248 -0.133559 0.144080
1750711274.402673 37369026.312427 2971252.123751 5333201.638420 -0.022732 -0.980248 -0.133559 0.144080
1750711274.407674 37369026.312427 2971252.123751 5333201.638420 -0.022732 -0.980248 -0.133559 0.144080
1750711274.412675 37369026.312427 2971252.123751 5333201.638420 -0.022732 -0.980248 -0.133559 0.144080
1750711274.417676 37369026.312427 2971252.123751 5333201.638420 -0.022732 -0.980248 -0.133559 0.144080
1750711274.422677 37369026.312427 2971252.123751 5333201.638420 -0.022732 -0.980248 -0.133559 0.144080
1750711274.427678 37369026.312427 2971252.123751 5333201.638420 -0.022732 -0.980248 -0.133559 0.144080
1750711274.432679 37369026.312427 2971252.123751 5333201.638420 -0.022732 -0.980248 -0.133559 0.144080
1750711274.437681 37369026.312427 2971252.123751 5333201.638420 -0.022732 -0.980248 -0.133559 0.144080
1750711274.442682 37369026.318596 2971252.124024 5333201.616480 -0.022735 -0.982003 -0.131261 0.133881
1750711274.447683 37369026.318596 2971252.124024 5333201.616480 -0.022735 -0.982003 -0.131261 0.133881
1750711274.452685 37369026.318596 2971252.124024 5333201.616480 -0.022735 -0.982003 -0.131261 0.133881
1750711274.457685 37369026.318596 2971252.124024 5333201.616480 -0.022735 -0.982003 -0.131261 0.133881
1750711274.462687 37369026.318596 2971252.124024 5333201.616480 -0.022735 -0.982003 -0.131261 0.133881
1750711274.467687 37369026.318596 2971252.124024 5333201.616480 -0.022735 -0.982003 -0.131261 0.133881
1750711274.472689 37369026.318596 2971252.124024 5333201.616480 -0.022735 -0.982003 -0.131261 0.133881
1750711274.477690 37369026.318596 2971252.124024 5333201.616480 -0.022735 -0.982003 -0.131261 0.133881
1750711274.482691 37369026.318596 2971252.124024 5333201.616480 -0.022735 -0.982003 -0.131261 0.133881
1750711274.487693 37369026.318596 2971252.124024 5333201.616480 -0.022735 -0.982003 -0.131261 0.133881
1750711274.492693 37369026.318596 2971252.124024 5333201.616480 -0.022735 -0.982003 -0.131261 0.133881
1750711274.497694 37369026.318596 2971252.124024 5333201.616480 -0.022735 -0.982003 -0.131261 0.133881
1750711274.502695 37369026.318596 2971252.124024 5333201.616480 -0.022735 -0.982003 -0.131261 0.133881
1750711274.507697 37369026.327912 2971252.122659 5333201.596076 -0.024651 -0.983387 -0.128964 0.125343
1750711274.512698 37369026.327912 2971252.122659 5333201.596076 -0.024651 -0.983387 -0.128964 0.125343
1750711274.517699 37369026.327912 2971252.122659 5333201.596076 -0.024651 -0.983387 -0.128964 0.125343
1750711274.522701 37369026.327912 2971252.122659 5333201.596076 -0.024651 -0.983387 -0.128964 0.125343
1750711274.527701 37369026.327912 2971252.122659 5333201.596076 -0.024651 -0.983387 -0.128964 0.125343
1750711274.532702 37369026.327912 2971252.122659 5333201.596076 -0.024651 -0.983387 -0.128964 0.125343
1750711274.537703 37369026.327912 2971252.122659 5333201.596076 -0.024651 -0.983387 -0.128964 0.125343
1750711274.542705 37369026.327912 2971252.122659 5333201.596076 -0.024651 -0.983387 -0.128964 0.125343
1750711274.547706 37369026.327912 2971252.122659 5333201.596076 -0.024651 -0.983387 -0.128964 0.125343
1750711274.552706 37369026.327912 2971252.122659 5333201.596076 -0.024651 -0.983387 -0.128964 0.125343
1750711274.557708 37369026.327912 2971252.122659 5333201.596076 -0.024651 -0.983387 -0.128964 0.125343
1750711274.562709 37369026.327912 2971252.122659 5333201.596076 -0.024651 -0.983387 -0.128964 0.125343
1750711274.567710 37369026.327912 2971252.122659 5333201.596076 -0.024651 -0.983387 -0.128964 0.125343
1750711274.572711 37369026.338229 2971252.121045 5333201.574138 -0.029678 -0.984585 -0.127002 0.116543
1750711274.577712 37369026.338229 2971252.121045 5333201.574138 -0.029678 -0.984585 -0.127002 0.116543
1750711274.582713 37369026.338229 2971252.121045 5333201.574138 -0.029678 -0.984585 -0.127002 0.116543
1750711274.587714 37369026.338229 2971252.121045 5333201.574138 -0.029678 -0.984585 -0.127002 0.116543
1750711274.592716 37369026.338229 2971252.121045 5333201.574138 -0.029678 -0.984585 -0.127002 0.116543
1750711274.597717 37369026.338229 2971252.121045 5333201.574138 -0.029678 -0.984585 -0.127002 0.116543
1750711274.602718 37369026.338229 2971252.121045 5333201.574138 -0.029678 -0.984585 -0.127002 0.116543
1750711274.607718 37369026.338229 2971252.121045 5333201.574138 -0.029678 -0.984585 -0.127002 0.116543
1750711274.612720 37369026.338229 2971252.121045 5333201.574138 -0.029678 -0.984585 -0.127002 0.116543
1750711274.617722 37369026.338229 2971252.121045 5333201.574138 -0.029678 -0.984585 -0.127002 0.116543
1750711274.622722 37369026.338229 2971252.121045 5333201.574138 -0.029678 -0.984585 -0.127002 0.116543
1750711274.627723 37369026.338229 2971252.121045 5333201.574138 -0.029678 -0.984585 -0.127002 0.116543
1750711274.632725 37369026.338229 2971252.121045 5333201.574138 -0.029678 -0.984585 -0.127002 0.116543
1750711274.637726 37369026.338229 2971252.121045 5333201.574138 -0.029678 -0.984585 -0.127002 0.116543
1750711274.642726 37369026.350624 2971252.114538 5333201.551183 -0.033605 -0.985844 -0.125877 0.105530
1750711274.647728 37369026.350624 2971252.114538 5333201.551183 -0.033605 -0.985844 -0.125877 0.105530
1750711274.652729 37369026.350624 2971252.114538 5333201.551183 -0.033605 -0.985844 -0.125877 0.105530
1750711274.657730 37369026.350624 2971252.114538 5333201.551183 -0.033605 -0.985844 -0.125877 0.105530
1750711274.662731 37369026.350624 2971252.114538 5333201.551183 -0.033605 -0.985844 -0.125877 0.105530
1750711274.667732 37369026.350624 2971252.114538 5333201.551183 -0.033605 -0.985844 -0.125877 0.105530
1750711274.672734 37369026.350624 2971252.114538 5333201.551183 -0.033605 -0.985844 -0.125877 0.105530
1750711274.677734 37369026.350624 2971252.114538 5333201.551183 -0.033605 -0.985844 -0.125877 0.105530
1750711274.682736 37369026.350624 2971252.114538 5333201.551183 -0.033605 -0.985844 -0.125877 0.105530
1750711274.687736 37369026.350624 2971252.114538 5333201.551183 -0.033605 -0.985844 -0.125877 0.105530
1750711274.692738 37369026.350624 2971252.114538 5333201.551183 -0.033605 -0.985844 -0.125877 0.105530
1750711274.697739 37369026.350624 2971252.114538 5333201.551183 -0.033605 -0.985844 -0.125877 0.105530
1750711274.702740 37369026.350624 2971252.114538 5333201.551183 -0.033605 -0.985844 -0.125877 0.105530
1750711274.707741 37369026.361860 2971252.108415 5333201.530803 -0.036872 -0.986784 -0.125732 0.095337
1750711274.712742 37369026.361860 2971252.108415 5333201.530803 -0.036872 -0.986784 -0.125732 0.095337
1750711274.717743 37369026.361860 2971252.108415 5333201.530803 -0.036872 -0.986784 -0.125732 0.095337
1750711274.722744 37369026.361860 2971252.108415 5333201.530803 -0.036872 -0.986784 -0.125732 0.095337
1750711274.727746 37369026.361860 2971252.108415 5333201.530803 -0.036872 -0.986784 -0.125732 0.095337
1750711274.732747 37369026.361860 2971252.108415 5333201.530803 -0.036872 -0.986784 -0.125732 0.095337
1750711274.737747 37369026.361860 2971252.108415 5333201.530803 -0.036872 -0.986784 -0.125732 0.095337
1750711274.742749 37369026.361860 2971252.108415 5333201.530803 -0.036872 -0.986784 -0.125732 0.095337
1750711274.747750 37369026.361860 2971252.108415 5333201.530803 -0.036872 -0.986784 -0.125732 0.095337
1750711274.752751 37369026.361860 2971252.108415 5333201.530803 -0.036872 -0.986784 -0.125732 0.095337
1750711274.757752 37369026.361860 2971252.108415 5333201.530803 -0.036872 -0.986784 -0.125732 0.095337
1750711274.762753 37369026.361860 2971252.108415 5333201.530803 -0.036872 -0.986784 -0.125732 0.095337
1750711274.767755 37369026.361860 2971252.108415 5333201.530803 -0.036872 -0.986784 -0.125732 0.095337
1750711274.772755 37369026.373094 2971252.103492 5333201.512249 -0.039775 -0.987375 -0.127085 0.085778
1750711274.777757 37369026.373094 2971252.103492 5333201.512249 -0.039775 -0.987375 -0.127085 0.085778
1750711274.782758 37369026.373094 2971252.103492 5333201.512249 -0.039775 -0.987375 -0.127085 0.085778
1750711274.787759 37369026.373094 2971252.103492 5333201.512249 -0.039775 -0.987375 -0.127085 0.085778
1750711274.792760 37369026.373094 2971252.103492 5333201.512249 -0.039775 -0.987375 -0.127085 0.085778
1750711274.797761 37369026.373094 2971252.103492 5333201.512249 -0.039775 -0.987375 -0.127085 0.085778
1750711274.802763 37369026.373094 2971252.103492 5333201.512249 -0.039775 -0.987375 -0.127085 0.085778
1750711274.807763 37369026.373094 2971252.103492 5333201.512249 -0.039775 -0.987375 -0.127085 0.085778
1750711274.812765 37369026.373094 2971252.103492 5333201.512249 -0.039775 -0.987375 -0.127085 0.085778
1750711274.817765 37369026.373094 2971252.103492 5333201.512249 -0.039775 -0.987375 -0.127085 0.085778
1750711274.822767 37369026.373094 2971252.103492 5333201.512249 -0.039775 -0.987375 -0.127085 0.085778
1750711274.827768 37369026.373094 2971252.103492 5333201.512249 -0.039775 -0.987375 -0.127085 0.085778
1750711274.832769 37369026.373094 2971252.103492 5333201.512249 -0.039775 -0.987375 -0.127085 0.085778
1750711274.837770 37369026.373094 2971252.103492 5333201.512249 -0.039775 -0.987375 -0.127085 0.085778
1750711274.842771 37369026.383275 2971252.098822 5333201.495263 -0.040916 -0.987725 -0.129451 0.077251
1750711274.847772 37369026.383275 2971252.098822 5333201.495263 -0.040916 -0.987725 -0.129451 0.077251
1750711274.852773 37369026.383275 2971252.098822 5333201.495263 -0.040916 -0.987725 -0.129451 0.077251
1750711274.857774 37369026.383275 2971252.098822 5333201.495263 -0.040916 -0.987725 -0.129451 0.077251
1750711274.862775 37369026.383275 2971252.098822 5333201.495263 -0.040916 -0.987725 -0.129451 0.077251
1750711274.867776 37369026.383275 2971252.098822 5333201.495263 -0.040916 -0.987725 -0.129451 0.077251
1750711274.872778 37369026.383275 2971252.098822 5333201.495263 -0.040916 -0.987725 -0.129451 0.077251
1750711274.877779 37369026.383275 2971252.098822 5333201.495263 -0.040916 -0.987725 -0.129451 0.077251
1750711274.882780 37369026.383275 2971252.098822 5333201.495263 -0.040916 -0.987725 -0.129451 0.077251
1750711274.887781 37369026.383275 2971252.098822 5333201.495263 -0.040916 -0.987725 -0.129451 0.077251
1750711274.892782 37369026.383275 2971252.098822 5333201.495263 -0.040916 -0.987725 -0.129451 0.077251
1750711274.897783 37369026.383275 2971252.098822 5333201.495263 -0.040916 -0.987725 -0.129451 0.077251
1750711274.902785 37369026.383275 2971252.098822 5333201.495263 -0.040916 -0.987725 -0.129451 0.077251
1750711274.907785 37369026.393239 2971252.095098 5333201.479483 -0.042850 -0.988042 -0.131602 0.067951
1750711274.912786 37369026.393239 2971252.095098 5333201.479483 -0.042850 -0.988042 -0.131602 0.067951
1750711274.917788 37369026.393239 2971252.095098 5333201.479483 -0.042850 -0.988042 -0.131602 0.067951
1750711274.922788 37369026.393239 2971252.095098 5333201.479483 -0.042850 -0.988042 -0.131602 0.067951
1750711274.927790 37369026.393239 2971252.095098 5333201.479483 -0.042850 -0.988042 -0.131602 0.067951
1750711274.932791 37369026.393239 2971252.095098 5333201.479483 -0.042850 -0.988042 -0.131602 0.067951
1750711274.937792 37369026.393239 2971252.095098 5333201.479483 -0.042850 -0.988042 -0.131602 0.067951
1750711274.942792 37369026.393239 2971252.095098 5333201.479483 -0.042850 -0.988042 -0.131602 0.067951
1750711274.947794 37369026.393239 2971252.095098 5333201.479483 -0.042850 -0.988042 -0.131602 0.067951
1750711274.952796 37369026.393239 2971252.095098 5333201.479483 -0.042850 -0.988042 -0.131602 0.067951
1750711274.957796 37369026.393239 2971252.095098 5333201.479483 -0.042850 -0.988042 -0.131602 0.067951
1750711274.962798 37369026.393239 2971252.095098 5333201.479483 -0.042850 -0.988042 -0.131602 0.067951
1750711274.967798 37369026.393239 2971252.095098 5333201.479483 -0.042850 -0.988042 -0.131602 0.067951
1750711274.972800 37369026.403779 2971252.093261 5333201.463334 -0.045202 -0.988470 -0.132918 0.056708
1750711274.977800 37369026.403779 2971252.093261 5333201.463334 -0.045202 -0.988470 -0.132918 0.056708
1750711274.982802 37369026.403779 2971252.093261 5333201.463334 -0.045202 -0.988470 -0.132918 0.056708
1750711274.987803 37369026.403779 2971252.093261 5333201.463334 -0.045202 -0.988470 -0.132918 0.056708
1750711274.992804 37369026.403779 2971252.093261 5333201.463334 -0.045202 -0.988470 -0.132918 0.056708
1750711274.997805 37369026.403779 2971252.093261 5333201.463334 -0.045202 -0.988470 -0.132918 0.056708
1750711275.002806 37369026.403779 2971252.093261 5333201.463334 -0.045202 -0.988470 -0.132918 0.056708
1750711275.007808 37369026.403779 2971252.093261 5333201.463334 -0.045202 -0.988470 -0.132918 0.056708
1750711275.012808 37369026.403779 2971252.093261 5333201.463334 -0.045202 -0.988470 -0.132918 0.056708
1750711275.017810 37369026.403779 2971252.093261 5333201.463334 -0.045202 -0.988470 -0.132918 0.056708
1750711275.022810 37369026.403779 2971252.093261 5333201.463334 -0.045202 -0.988470 -0.132918 0.056708
1750711275.027812 37369026.403779 2971252.093261 5333201.463334 -0.045202 -0.988470 -0.132918 0.056708
1750711275.032813 37369026.403779 2971252.093261 5333201.463334 -0.045202 -0.988470 -0.132918 0.056708
1750711275.037814 37369026.403779 2971252.093261 5333201.463334 -0.045202 -0.988470 -0.132918 0.056708
1750711275.042815 37369026.411455 2971252.090902 5333201.448719 -0.045998 -0.989222 -0.132372 0.042451
1750711275.047816 37369026.411455 2971252.090902 5333201.448719 -0.045998 -0.989222 -0.132372 0.042451
1750711275.052817 37369026.411455 2971252.090902 5333201.448719 -0.045998 -0.989222 -0.132372 0.042451
1750711275.057818 37369026.411455 2971252.090902 5333201.448719 -0.045998 -0.989222 -0.132372 0.042451
1750711275.062819 37369026.411455 2971252.090902 5333201.448719 -0.045998 -0.989222 -0.132372 0.042451
1750711275.067821 37369026.411455 2971252.090902 5333201.448719 -0.045998 -0.989222 -0.132372 0.042451
1750711275.072822 37369026.411455 2971252.090902 5333201.448719 -0.045998 -0.989222 -0.132372 0.042451
1750711275.077823 37369026.411455 2971252.090902 5333201.448719 -0.045998 -0.989222 -0.132372 0.042451
1750711275.082824 37369026.411455 2971252.090902 5333201.448719 -0.045998 -0.989222 -0.132372 0.042451
1750711275.087825 37369026.411455 2971252.090902 5333201.448719 -0.045998 -0.989222 -0.132372 0.042451
1750711275.092825 37369026.411455 2971252.090902 5333201.448719 -0.045998 -0.989222 -0.132372 0.042451
1750711275.097827 37369026.411455 2971252.090902 5333201.448719 -0.045998 -0.989222 -0.132372 0.042451
1750711275.102829 37369026.411455 2971252.090902 5333201.448719 -0.045998 -0.989222 -0.132372 0.042451
1750711275.107829 37369026.411455 2971252.090902 5333201.448719 -0.045998 -0.989222 -0.132372 0.042451
1750711275.112830 37369026.411455 2971252.090902 5333201.448719 -0.045998 -0.989222 -0.132372 0.042451
1750711275.117831 37369026.411455 2971252.090902 5333201.448719 -0.045998 -0.989222 -0.132372 0.042451
1750711275.122833 37369026.411455 2971252.090902 5333201.448719 -0.045998 -0.989222 -0.132372 0.042451
1750711275.127834 37369026.411455 2971252.090902 5333201.448719 -0.045998 -0.989222 -0.132372 0.042451
1750711275.132835 37369026.411455 2971252.090902 5333201.448719 -0.045998 -0.989222 -0.132372 0.042451
1750711275.137835 37369026.411455 2971252.090902 5333201.448719 -0.045998 -0.989222 -0.132372 0.042451
1750711275.142837 37369026.424593 2971252.091418 5333201.420705 -0.044811 -0.990182 -0.130421 0.022825
1750711275.147838 37369026.424593 2971252.091418 5333201.420705 -0.044811 -0.990182 -0.130421 0.022825
1750711275.152839 37369026.424593 2971252.091418 5333201.420705 -0.044811 -0.990182 -0.130421 0.022825
1750711275.157840 37369026.424593 2971252.091418 5333201.420705 -0.044811 -0.990182 -0.130421 0.022825
1750711275.162842 37369026.424593 2971252.091418 5333201.420705 -0.044811 -0.990182 -0.130421 0.022825
1750711275.167843 37369026.424593 2971252.091418 5333201.420705 -0.044811 -0.990182 -0.130421 0.022825
1750711275.172844 37369026.424593 2971252.091418 5333201.420705 -0.044811 -0.990182 -0.130421 0.022825
1750711275.177845 37369026.424593 2971252.091418 5333201.420705 -0.044811 -0.990182 -0.130421 0.022825
1750711275.182846 37369026.424593 2971252.091418 5333201.420705 -0.044811 -0.990182 -0.130421 0.022825
1750711275.187847 37369026.424593 2971252.091418 5333201.420705 -0.044811 -0.990182 -0.130421 0.022825
1750711275.192848 37369026.424593 2971252.091418 5333201.420705 -0.044811 -0.990182 -0.130421 0.022825
1750711275.197849 37369026.424593 2971252.091418 5333201.420705 -0.044811 -0.990182 -0.130421 0.022825
1750711275.202850 37369026.424593 2971252.091418 5333201.420705 -0.044811 -0.990182 -0.130421 0.022825
1750711275.207852 37369026.429979 2971252.089740 5333201.408362 -0.045450 -0.990327 -0.130816 0.008595
1750711275.212852 37369026.429979 2971252.089740 5333201.408362 -0.045450 -0.990327 -0.130816 0.008595
1750711275.217854 37369026.429979 2971252.089740 5333201.408362 -0.045450 -0.990327 -0.130816 0.008595
1750711275.222854 37369026.429979 2971252.089740 5333201.408362 -0.045450 -0.990327 -0.130816 0.008595
1750711275.227856 37369026.429979 2971252.089740 5333201.408362 -0.045450 -0.990327 -0.130816 0.008595
1750711275.232857 37369026.429979 2971252.089740 5333201.408362 -0.045450 -0.990327 -0.130816 0.008595
1750711275.237858 37369026.429979 2971252.089740 5333201.408362 -0.045450 -0.990327 -0.130816 0.008595
1750711275.237889 37369026.429702 2971252.089847 5333201.401098 -0.045377 -0.990262 -0.131610 0.000746
1750711275.242859 37369026.429702 2971252.089847 5333201.401098 -0.045377 -0.990262 -0.131610 0.000746
1750711275.247860 37369026.429702 2971252.089847 5333201.401098 -0.045377 -0.990262 -0.131610 0.000746
1750711275.252862 37369026.429702 2971252.089847 5333201.401098 -0.045377 -0.990262 -0.131610 0.000746
1750711275.257862 37369026.429702 2971252.089847 5333201.401098 -0.045377 -0.990262 -0.131610 0.000746
1750711275.262864 37369026.429702 2971252.089847 5333201.401098 -0.045377 -0.990262 -0.131610 0.000746
1750711275.267864 37369026.429702 2971252.089847 5333201.401098 -0.045377 -0.990262 -0.131610 0.000746
1750711275.272866 37369026.429702 2971252.089847 5333201.401098 -0.045377 -0.990262 -0.131610 0.000746
1750711275.277867 37369026.429702 2971252.089847 5333201.401098 -0.045377 -0.990262 -0.131610 0.000746
1750711275.282868 37369026.429702 2971252.089847 5333201.401098 -0.045377 -0.990262 -0.131610 0.000746
1750711275.287869 37369026.429702 2971252.089847 5333201.401098 -0.045377 -0.990262 -0.131610 0.000746
1750711275.292870 37369026.429702 2971252.089847 5333201.401098 -0.045377 -0.990262 -0.131610 0.000746
1750711275.297871 37369026.429702 2971252.089847 5333201.401098 -0.045377 -0.990262 -0.131610 0.000746
1750711275.302873 37369026.429702 2971252.089847 5333201.401098 -0.045377 -0.990262 -0.131610 0.000746
1750711275.307873 37369026.432860 2971252.087014 5333201.387242 -0.045819 -0.989961 -0.132928 -0.014446
1750711275.312874 37369026.432860 2971252.087014 5333201.387242 -0.045819 -0.989961 -0.132928 -0.014446
1750711275.317875 37369026.432860 2971252.087014 5333201.387242 -0.045819 -0.989961 -0.132928 -0.014446
1750711275.322877 37369026.432860 2971252.087014 5333201.387242 -0.045819 -0.989961 -0.132928 -0.014446
1750711275.327877 37369026.432860 2971252.087014 5333201.387242 -0.045819 -0.989961 -0.132928 -0.014446
1750711275.332879 37369026.432860 2971252.087014 5333201.387242 -0.045819 -0.989961 -0.132928 -0.014446
1750711275.337879 37369026.432860 2971252.087014 5333201.387242 -0.045819 -0.989961 -0.132928 -0.014446
1750711275.342881 37369026.434946 2971252.085687 5333201.379245 -0.045327 -0.989868 -0.132756 -0.021978
1750711275.347882 37369026.434946 2971252.085687 5333201.379245 -0.045327 -0.989868 -0.132756 -0.021978
1750711275.352883 37369026.434946 2971252.085687 5333201.379245 -0.045327 -0.989868 -0.132756 -0.021978
1750711275.357884 37369026.434946 2971252.085687 5333201.379245 -0.045327 -0.989868 -0.132756 -0.021978
1750711275.362885 37369026.434946 2971252.085687 5333201.379245 -0.045327 -0.989868 -0.132756 -0.021978
1750711275.367887 37369026.434946 2971252.085687 5333201.379245 -0.045327 -0.989868 -0.132756 -0.021978
1750711275.372887 37369026.434946 2971252.085687 5333201.379245 -0.045327 -0.989868 -0.132756 -0.021978
1750711275.377889 37369026.434946 2971252.085687 5333201.379245 -0.045327 -0.989868 -0.132756 -0.021978
1750711275.382889 37369026.434946 2971252.085687 5333201.379245 -0.045327 -0.989868 -0.132756 -0.021978
1750711275.387891 37369026.434946 2971252.085687 5333201.379245 -0.045327 -0.989868 -0.132756 -0.021978
1750711275.392892 37369026.434946 2971252.085687 5333201.379245 -0.045327 -0.989868 -0.132756 -0.021978
1750711275.397893 37369026.434946 2971252.085687 5333201.379245 -0.045327 -0.989868 -0.132756 -0.021978
1750711275.402894 37369026.434946 2971252.085687 5333201.379245 -0.045327 -0.989868 -0.132756 -0.021978
1750711275.407895 37369026.434946 2971252.085687 5333201.379245 -0.045327 -0.989868 -0.132756 -0.021978
1750711275.412896 37369026.434946 2971252.085687 5333201.379245 -0.045327 -0.989868 -0.132756 -0.021978
1750711275.417897 37369026.434946 2971252.085687 5333201.379245 -0.045327 -0.989868 -0.132756 -0.021978
1750711275.422899 37369026.434946 2971252.085687 5333201.379245 -0.045327 -0.989868 -0.132756 -0.021978
1750711275.427900 37369026.434946 2971252.085687 5333201.379245 -0.045327 -0.989868 -0.132756 -0.021978
1750711275.432900 37369026.434946 2971252.085687 5333201.379245 -0.045327 -0.989868 -0.132756 -0.021978
1750711275.437902 37369026.434946 2971252.085687 5333201.379245 -0.045327 -0.989868 -0.132756 -0.021978
1750711275.442902 37369026.438496 2971252.082013 5333201.350890 -0.041771 -0.989618 -0.129716 -0.045661
1750711275.447904 37369026.438496 2971252.082013 5333201.350890 -0.041771 -0.989618 -0.129716 -0.045661
1750711275.452905 37369026.438496 2971252.082013 5333201.350890 -0.041771 -0.989618 -0.129716 -0.045661
1750711275.457906 37369026.438496 2971252.082013 5333201.350890 -0.041771 -0.989618 -0.129716 -0.045661
1750711275.462907 37369026.438496 2971252.082013 5333201.350890 -0.041771 -0.989618 -0.129716 -0.045661
1750711275.467908 37369026.438496 2971252.082013 5333201.350890 -0.041771 -0.989618 -0.129716 -0.045661
1750711275.472909 37369026.438496 2971252.082013 5333201.350890 -0.041771 -0.989618 -0.129716 -0.045661
1750711275.477910 37369026.438496 2971252.082013 5333201.350890 -0.041771 -0.989618 -0.129716 -0.045661
1750711275.482912 37369026.438496 2971252.082013 5333201.350890 -0.041771 -0.989618 -0.129716 -0.045661
1750711275.487912 37369026.438496 2971252.082013 5333201.350890 -0.041771 -0.989618 -0.129716 -0.045661
1750711275.492914 37369026.438496 2971252.082013 5333201.350890 -0.041771 -0.989618 -0.129716 -0.045661
1750711275.497916 37369026.438496 2971252.082013 5333201.350890 -0.041771 -0.989618 -0.129716 -0.045661
1750711275.502916 37369026.438496 2971252.082013 5333201.350890 -0.041771 -0.989618 -0.129716 -0.045661
1750711275.507917 37369026.441195 2971252.077878 5333201.330293 -0.039857 -0.988872 -0.127350 -0.065771
1750711275.512918 37369026.441195 2971252.077878 5333201.330293 -0.039857 -0.988872 -0.127350 -0.065771
1750711275.517920 37369026.441195 2971252.077878 5333201.330293 -0.039857 -0.988872 -0.127350 -0.065771
1750711275.522920 37369026.441195 2971252.077878 5333201.330293 -0.039857 -0.988872 -0.127350 -0.065771
1750711275.527922 37369026.441195 2971252.077878 5333201.330293 -0.039857 -0.988872 -0.127350 -0.065771
1750711275.532922 37369026.441195 2971252.077878 5333201.330293 -0.039857 -0.988872 -0.127350 -0.065771
1750711275.537924 37369026.441195 2971252.077878 5333201.330293 -0.039857 -0.988872 -0.127350 -0.065771
1750711275.542925 37369026.441195 2971252.077878 5333201.330293 -0.039857 -0.988872 -0.127350 -0.065771
1750711275.547926 37369026.441195 2971252.077878 5333201.330293 -0.039857 -0.988872 -0.127350 -0.065771
1750711275.552927 37369026.441195 2971252.077878 5333201.330293 -0.039857 -0.988872 -0.127350 -0.065771
1750711275.557928 37369026.441195 2971252.077878 5333201.330293 -0.039857 -0.988872 -0.127350 -0.065771
1750711275.562929 37369026.441195 2971252.077878 5333201.330293 -0.039857 -0.988872 -0.127350 -0.065771
1750711275.567931 37369026.441195 2971252.077878 5333201.330293 -0.039857 -0.988872 -0.127350 -0.065771
1750711275.572931 37369026.441195 2971252.077878 5333201.330293 -0.039857 -0.988872 -0.127350 -0.065771
1750711275.577933 37369026.441195 2971252.077878 5333201.330293 -0.039857 -0.988872 -0.127350 -0.065771
1750711275.582933 37369026.441195 2971252.077878 5333201.330293 -0.039857 -0.988872 -0.127350 -0.065771
1750711275.587935 37369026.441195 2971252.077878 5333201.330293 -0.039857 -0.988872 -0.127350 -0.065771
1750711275.592935 37369026.441195 2971252.077878 5333201.330293 -0.039857 -0.988872 -0.127350 -0.065771
1750711275.597937 37369026.441195 2971252.077878 5333201.330293 -0.039857 -0.988872 -0.127350 -0.065771
1750711275.602939 37369026.441195 2971252.077878 5333201.330293 -0.039857 -0.988872 -0.127350 -0.065771
1750711275.607939 37369026.441709 2971252.072382 5333201.300395 -0.037143 -0.986212 -0.126835 -0.099590
1750711275.612941 37369026.441709 2971252.072382 5333201.300395 -0.037143 -0.986212 -0.126835 -0.099590
1750711275.617942 37369026.441709 2971252.072382 5333201.300395 -0.037143 -0.986212 -0.126835 -0.099590
1750711275.622943 37369026.441709 2971252.072382 5333201.300395 -0.037143 -0.986212 -0.126835 -0.099590
1750711275.627944 37369026.441709 2971252.072382 5333201.300395 -0.037143 -0.986212 -0.126835 -0.099590
1750711275.632945 37369026.441709 2971252.072382 5333201.300395 -0.037143 -0.986212 -0.126835 -0.099590
1750711275.637947 37369026.441709 2971252.072382 5333201.300395 -0.037143 -0.986212 -0.126835 -0.099590
1750711275.642947 37369026.441255 2971252.070869 5333201.289097 -0.035810 -0.984929 -0.128065 -0.110598
1750711275.647949 37369026.441255 2971252.070869 5333201.289097 -0.035810 -0.984929 -0.128065 -0.110598
1750711275.652949 37369026.441255 2971252.070869 5333201.289097 -0.035810 -0.984929 -0.128065 -0.110598
1750711275.657951 37369026.441255 2971252.070869 5333201.289097 -0.035810 -0.984929 -0.128065 -0.110598
1750711275.662952 37369026.441255 2971252.070869 5333201.289097 -0.035810 -0.984929 -0.128065 -0.110598
1750711275.667953 37369026.441255 2971252.070869 5333201.289097 -0.035810 -0.984929 -0.128065 -0.110598
1750711275.672954 37369026.441255 2971252.070869 5333201.289097 -0.035810 -0.984929 -0.128065 -0.110598
1750711275.677955 37369026.441255 2971252.070869 5333201.289097 -0.035810 -0.984929 -0.128065 -0.110598
1750711275.682956 37369026.441255 2971252.070869 5333201.289097 -0.035810 -0.984929 -0.128065 -0.110598
1750711275.687957 37369026.441255 2971252.070869 5333201.289097 -0.035810 -0.984929 -0.128065 -0.110598
1750711275.692958 37369026.441255 2971252.070869 5333201.289097 -0.035810 -0.984929 -0.128065 -0.110598
1750711275.697959 37369026.441255 2971252.070869 5333201.289097 -0.035810 -0.984929 -0.128065 -0.110598
1750711275.702960 37369026.441255 2971252.070869 5333201.289097 -0.035810 -0.984929 -0.128065 -0.110598
1750711275.707962 37369026.438312 2971252.067938 5333201.267672 -0.034108 -0.982039 -0.132137 -0.130291
1750711275.712963 37369026.438312 2971252.067938 5333201.267672 -0.034108 -0.982039 -0.132137 -0.130291
1750711275.717964 37369026.438312 2971252.067938 5333201.267672 -0.034108 -0.982039 -0.132137 -0.130291
1750711275.722965 37369026.438312 2971252.067938 5333201.267672 -0.034108 -0.982039 -0.132137 -0.130291
1750711275.727966 37369026.438312 2971252.067938 5333201.267672 -0.034108 -0.982039 -0.132137 -0.130291
1750711275.732967 37369026.438312 2971252.067938 5333201.267672 -0.034108 -0.982039 -0.132137 -0.130291
1750711275.737968 37369026.438312 2971252.067938 5333201.267672 -0.034108 -0.982039 -0.132137 -0.130291
1750711275.742969 37369026.438312 2971252.067938 5333201.267672 -0.034108 -0.982039 -0.132137 -0.130291
1750711275.747971 37369026.438312 2971252.067938 5333201.267672 -0.034108 -0.982039 -0.132137 -0.130291
1750711275.752972 37369026.438312 2971252.067938 5333201.267672 -0.034108 -0.982039 -0.132137 -0.130291
1750711275.757972 37369026.438312 2971252.067938 5333201.267672 -0.034108 -0.982039 -0.132137 -0.130291
1750711275.762974 37369026.438312 2971252.067938 5333201.267672 -0.034108 -0.982039 -0.132137 -0.130291
1750711275.767975 37369026.438312 2971252.067938 5333201.267672 -0.034108 -0.982039 -0.132137 -0.130291
1750711275.772976 37369026.438312 2971252.067938 5333201.267672 -0.034108 -0.982039 -0.132137 -0.130291
1750711275.777978 37369026.438312 2971252.067938 5333201.267672 -0.034108 -0.982039 -0.132137 -0.130291
1750711275.782978 37369026.438312 2971252.067938 5333201.267672 -0.034108 -0.982039 -0.132137 -0.130291
1750711275.787980 37369026.438312 2971252.067938 5333201.267672 -0.034108 -0.982039 -0.132137 -0.130291
1750711275.792980 37369026.438312 2971252.067938 5333201.267672 -0.034108 -0.982039 -0.132137 -0.130291
1750711275.797982 37369026.438312 2971252.067938 5333201.267672 -0.034108 -0.982039 -0.132137 -0.130291
1750711275.802982 37369026.438312 2971252.067938 5333201.267672 -0.034108 -0.982039 -0.132137 -0.130291
1750711275.807984 37369026.435620 2971252.060490 5333201.235512 -0.032510 -0.977587 -0.136430 -0.157013
1750711275.812984 37369026.435620 2971252.060490 5333201.235512 -0.032510 -0.977587 -0.136430 -0.157013
1750711275.817986 37369026.435620 2971252.060490 5333201.235512 -0.032510 -0.977587 -0.136430 -0.157013
1750711275.822988 37369026.435620 2971252.060490 5333201.235512 -0.032510 -0.977587 -0.136430 -0.157013
1750711275.827988 37369026.435620 2971252.060490 5333201.235512 -0.032510 -0.977587 -0.136430 -0.157013
1750711275.832989 37369026.435620 2971252.060490 5333201.235512 -0.032510 -0.977587 -0.136430 -0.157013
1750711275.837990 37369026.435620 2971252.060490 5333201.235512 -0.032510 -0.977587 -0.136430 -0.157013
1750711275.842992 37369026.436026 2971252.057716 5333201.224819 -0.031988 -0.976264 -0.136236 -0.165302
1750711275.847992 37369026.436026 2971252.057716 5333201.224819 -0.031988 -0.976264 -0.136236 -0.165302
1750711275.852993 37369026.436026 2971252.057716 5333201.224819 -0.031988 -0.976264 -0.136236 -0.165302
1750711275.857994 37369026.436026 2971252.057716 5333201.224819 -0.031988 -0.976264 -0.136236 -0.165302
1750711275.862996 37369026.436026 2971252.057716 5333201.224819 -0.031988 -0.976264 -0.136236 -0.165302
1750711275.867997 37369026.436026 2971252.057716 5333201.224819 -0.031988 -0.976264 -0.136236 -0.165302
1750711275.872998 37369026.436026 2971252.057716 5333201.224819 -0.031988 -0.976264 -0.136236 -0.165302
1750711275.877999 37369026.436026 2971252.057716 5333201.224819 -0.031988 -0.976264 -0.136236 -0.165302
1750711275.883000 37369026.436026 2971252.057716 5333201.224819 -0.031988 -0.976264 -0.136236 -0.165302
1750711275.888001 37369026.436026 2971252.057716 5333201.224819 -0.031988 -0.976264 -0.136236 -0.165302
1750711275.893003 37369026.436026 2971252.057716 5333201.224819 -0.031988 -0.976264 -0.136236 -0.165302
1750711275.898003 37369026.436026 2971252.057716 5333201.224819 -0.031988 -0.976264 -0.136236 -0.165302
1750711275.903005 37369026.436026 2971252.057716 5333201.224819 -0.031988 -0.976264 -0.136236 -0.165302
1750711275.908006 37369026.436026 2971252.057716 5333201.224819 -0.031988 -0.976264 -0.136236 -0.165302
1750711275.913007 37369026.436026 2971252.057716 5333201.224819 -0.031988 -0.976264 -0.136236 -0.165302
1750711275.918008 37369026.436026 2971252.057716 5333201.224819 -0.031988 -0.976264 -0.136236 -0.165302
1750711275.923009 37369026.436026 2971252.057716 5333201.224819 -0.031988 -0.976264 -0.136236 -0.165302
1750711275.928010 37369026.436026 2971252.057716 5333201.224819 -0.031988 -0.976264 -0.136236 -0.165302
1750711275.933011 37369026.436026 2971252.057716 5333201.224819 -0.031988 -0.976264 -0.136236 -0.165302
1750711275.938013 37369026.436026 2971252.057716 5333201.224819 -0.031988 -0.976264 -0.136236 -0.165302
1750711275.943013 37369026.435877 2971252.048158 5333201.191430 -0.032257 -0.972091 -0.135863 -0.188521
1750711275.948015 37369026.435877 2971252.048158 5333201.191430 -0.032257 -0.972091 -0.135863 -0.188521
1750711275.953015 37369026.435877 2971252.048158 5333201.191430 -0.032257 -0.972091 -0.135863 -0.188521
1750711275.958017 37369026.435877 2971252.048158 5333201.191430 -0.032257 -0.972091 -0.135863 -0.188521
1750711275.963018 37369026.435877 2971252.048158 5333201.191430 -0.032257 -0.972091 -0.135863 -0.188521
1750711275.968019 37369026.435877 2971252.048158 5333201.191430 -0.032257 -0.972091 -0.135863 -0.188521
1750711275.973020 37369026.435877 2971252.048158 5333201.191430 -0.032257 -0.972091 -0.135863 -0.188521
1750711275.978021 37369026.435877 2971252.048158 5333201.191430 -0.032257 -0.972091 -0.135863 -0.188521
1750711275.983023 37369026.435877 2971252.048158 5333201.191430 -0.032257 -0.972091 -0.135863 -0.188521
1750711275.988023 37369026.435877 2971252.048158 5333201.191430 -0.032257 -0.972091 -0.135863 -0.188521
1750711275.993025 37369026.435877 2971252.048158 5333201.191430 -0.032257 -0.972091 -0.135863 -0.188521
1750711275.998025 37369026.435877 2971252.048158 5333201.191430 -0.032257 -0.972091 -0.135863 -0.188521
1750711276.003027 37369026.435877 2971252.048158 5333201.191430 -0.032257 -0.972091 -0.135863 -0.188521
1750711276.008029 37369026.437896 2971252.041492 5333201.169730 -0.032129 -0.969138 -0.135169 -0.203638
1750711276.013029 37369026.437896 2971252.041492 5333201.169730 -0.032129 -0.969138 -0.135169 -0.203638
1750711276.018030 37369026.437896 2971252.041492 5333201.169730 -0.032129 -0.969138 -0.135169 -0.203638
1750711276.023031 37369026.437896 2971252.041492 5333201.169730 -0.032129 -0.969138 -0.135169 -0.203638
1750711276.028033 37369026.437896 2971252.041492 5333201.169730 -0.032129 -0.969138 -0.135169 -0.203638
1750711276.033033 37369026.437896 2971252.041492 5333201.169730 -0.032129 -0.969138 -0.135169 -0.203638
1750711276.038034 37369026.437896 2971252.041492 5333201.169730 -0.032129 -0.969138 -0.135169 -0.203638
1750711276.043036 37369026.437896 2971252.041492 5333201.169730 -0.032129 -0.969138 -0.135169 -0.203638
1750711276.048037 37369026.437896 2971252.041492 5333201.169730 -0.032129 -0.969138 -0.135169 -0.203638
1750711276.053038 37369026.437896 2971252.041492 5333201.169730 -0.032129 -0.969138 -0.135169 -0.203638
1750711276.058038 37369026.437896 2971252.041492 5333201.169730 -0.032129 -0.969138 -0.135169 -0.203638
1750711276.063040 37369026.437896 2971252.041492 5333201.169730 -0.032129 -0.969138 -0.135169 -0.203638
1750711276.068041 37369026.437896 2971252.041492 5333201.169730 -0.032129 -0.969138 -0.135169 -0.203638
1750711276.073042 37369026.434440 2971252.035164 5333201.147876 -0.031832 -0.965681 -0.134888 -0.219663
1750711276.078044 37369026.434440 2971252.035164 5333201.147876 -0.031832 -0.965681 -0.134888 -0.219663
1750711276.083044 37369026.434440 2971252.035164 5333201.147876 -0.031832 -0.965681 -0.134888 -0.219663
1750711276.088046 37369026.434440 2971252.035164 5333201.147876 -0.031832 -0.965681 -0.134888 -0.219663
1750711276.093046 37369026.434440 2971252.035164 5333201.147876 -0.031832 -0.965681 -0.134888 -0.219663
1750711276.098048 37369026.434440 2971252.035164 5333201.147876 -0.031832 -0.965681 -0.134888 -0.219663
1750711276.103049 37369026.434440 2971252.035164 5333201.147876 -0.031832 -0.965681 -0.134888 -0.219663
1750711276.108050 37369026.434440 2971252.035164 5333201.147876 -0.031832 -0.965681 -0.134888 -0.219663
1750711276.113051 37369026.434440 2971252.035164 5333201.147876 -0.031832 -0.965681 -0.134888 -0.219663
1750711276.118052 37369026.434440 2971252.035164 5333201.147876 -0.031832 -0.965681 -0.134888 -0.219663
1750711276.123054 37369026.434440 2971252.035164 5333201.147876 -0.031832 -0.965681 -0.134888 -0.219663
1750711276.128054 37369026.434440 2971252.035164 5333201.147876 -0.031832 -0.965681 -0.134888 -0.219663
1750711276.133056 37369026.434440 2971252.035164 5333201.147876 -0.031832 -0.965681 -0.134888 -0.219663
1750711276.138057 37369026.434440 2971252.035164 5333201.147876 -0.031832 -0.965681 -0.134888 -0.219663
1750711276.143058 37369026.432555 2971252.026470 5333201.125819 -0.032582 -0.961973 -0.135183 -0.235101
1750711276.148059 37369026.432555 2971252.026470 5333201.125819 -0.032582 -0.961973 -0.135183 -0.235101
1750711276.153060 37369026.432555 2971252.026470 5333201.125819 -0.032582 -0.961973 -0.135183 -0.235101
1750711276.158061 37369026.432555 2971252.026470 5333201.125819 -0.032582 -0.961973 -0.135183 -0.235101
1750711276.163062 37369026.432555 2971252.026470 5333201.125819 -0.032582 -0.961973 -0.135183 -0.235101
1750711276.168063 37369026.432555 2971252.026470 5333201.125819 -0.032582 -0.961973 -0.135183 -0.235101
1750711276.173064 37369026.432555 2971252.026470 5333201.125819 -0.032582 -0.961973 -0.135183 -0.235101
1750711276.178065 37369026.432555 2971252.026470 5333201.125819 -0.032582 -0.961973 -0.135183 -0.235101
1750711276.183067 37369026.432555 2971252.026470 5333201.125819 -0.032582 -0.961973 -0.135183 -0.235101
1750711276.188067 37369026.432555 2971252.026470 5333201.125819 -0.032582 -0.961973 -0.135183 -0.235101
1750711276.193069 37369026.432555 2971252.026470 5333201.125819 -0.032582 -0.961973 -0.135183 -0.235101
1750711276.198070 37369026.432555 2971252.026470 5333201.125819 -0.032582 -0.961973 -0.135183 -0.235101
1750711276.203071 37369026.432555 2971252.026470 5333201.125819 -0.032582 -0.961973 -0.135183 -0.235101
1750711276.208071 37369026.431489 2971252.021281 5333201.105933 -0.034348 -0.958349 -0.136274 -0.248630
1750711276.213073 37369026.431489 2971252.021281 5333201.105933 -0.034348 -0.958349 -0.136274 -0.248630
1750711276.218075 37369026.431489 2971252.021281 5333201.105933 -0.034348 -0.958349 -0.136274 -0.248630
1750711276.223075 37369026.431489 2971252.021281 5333201.105933 -0.034348 -0.958349 -0.136274 -0.248630
1750711276.228076 37369026.431489 2971252.021281 5333201.105933 -0.034348 -0.958349 -0.136274 -0.248630
1750711276.233077 37369026.431489 2971252.021281 5333201.105933 -0.034348 -0.958349 -0.136274 -0.248630
1750711276.238079 37369026.431489 2971252.021281 5333201.105933 -0.034348 -0.958349 -0.136274 -0.248630
1750711276.243079 37369026.431489 2971252.021281 5333201.105933 -0.034348 -0.958349 -0.136274 -0.248630
1750711276.248081 37369026.431489 2971252.021281 5333201.105933 -0.034348 -0.958349 -0.136274 -0.248630
1750711276.253082 37369026.431489 2971252.021281 5333201.105933 -0.034348 -0.958349 -0.136274 -0.248630
1750711276.258083 37369026.431489 2971252.021281 5333201.105933 -0.034348 -0.958349 -0.136274 -0.248630
1750711276.263085 37369026.431489 2971252.021281 5333201.105933 -0.034348 -0.958349 -0.136274 -0.248630
1750711276.268085 37369026.431489 2971252.021281 5333201.105933 -0.034348 -0.958349 -0.136274 -0.248630
1750711276.273087 37369026.431928 2971252.015110 5333201.089095 -0.036660 -0.954164 -0.136613 -0.263748
1750711276.278087 37369026.431928 2971252.015110 5333201.089095 -0.036660 -0.954164 -0.136613 -0.263748
1750711276.283088 37369026.431928 2971252.015110 5333201.089095 -0.036660 -0.954164 -0.136613 -0.263748
1750711276.288089 37369026.431928 2971252.015110 5333201.089095 -0.036660 -0.954164 -0.136613 -0.263748
1750711276.293091 37369026.431928 2971252.015110 5333201.089095 -0.036660 -0.954164 -0.136613 -0.263748
1750711276.298092 37369026.431928 2971252.015110 5333201.089095 -0.036660 -0.954164 -0.136613 -0.263748
1750711276.303092 37369026.431928 2971252.015110 5333201.089095 -0.036660 -0.954164 -0.136613 -0.263748
1750711276.308094 37369026.431928 2971252.015110 5333201.089095 -0.036660 -0.954164 -0.136613 -0.263748
1750711276.313095 37369026.431928 2971252.015110 5333201.089095 -0.036660 -0.954164 -0.136613 -0.263748
1750711276.318096 37369026.431928 2971252.015110 5333201.089095 -0.036660 -0.954164 -0.136613 -0.263748
1750711276.323097 37369026.431928 2971252.015110 5333201.089095 -0.036660 -0.954164 -0.136613 -0.263748
1750711276.328098 37369026.431928 2971252.015110 5333201.089095 -0.036660 -0.954164 -0.136613 -0.263748
1750711276.333100 37369026.431928 2971252.015110 5333201.089095 -0.036660 -0.954164 -0.136613 -0.263748
1750711276.338100 37369026.431928 2971252.015110 5333201.089095 -0.036660 -0.954164 -0.136613 -0.263748
1750711276.343102 37369026.431928 2971252.015110 5333201.089095 -0.036660 -0.954164 -0.136613 -0.263748
1750711276.348102 37369026.431928 2971252.015110 5333201.089095 -0.036660 -0.954164 -0.136613 -0.263748
1750711276.353104 37369026.431928 2971252.015110 5333201.089095 -0.036660 -0.954164 -0.136613 -0.263748
1750711276.358105 37369026.431928 2971252.015110 5333201.089095 -0.036660 -0.954164 -0.136613 -0.263748
1750711276.363106 37369026.431928 2971252.015110 5333201.089095 -0.036660 -0.954164 -0.136613 -0.263748
1750711276.368107 37369026.431928 2971252.015110 5333201.089095 -0.036660 -0.954164 -0.136613 -0.263748
1750711276.373108 37369026.436087 2971252.008682 5333201.065249 -0.039480 -0.947006 -0.136318 -0.288164
1750711276.378110 37369026.436087 2971252.008682 5333201.065249 -0.039480 -0.947006 -0.136318 -0.288164
1750711276.383110 37369026.436087 2971252.008682 5333201.065249 -0.039480 -0.947006 -0.136318 -0.288164
1750711276.388112 37369026.436087 2971252.008682 5333201.065249 -0.039480 -0.947006 -0.136318 -0.288164
1750711276.393112 37369026.436087 2971252.008682 5333201.065249 -0.039480 -0.947006 -0.136318 -0.288164
1750711276.398113 37369026.436087 2971252.008682 5333201.065249 -0.039480 -0.947006 -0.136318 -0.288164
1750711276.403115 37369026.436087 2971252.008682 5333201.065249 -0.039480 -0.947006 -0.136318 -0.288164
1750711276.408116 37369026.436087 2971252.008682 5333201.065249 -0.039480 -0.947006 -0.136318 -0.288164
1750711276.413117 37369026.436087 2971252.008682 5333201.065249 -0.039480 -0.947006 -0.136318 -0.288164
1750711276.418118 37369026.436087 2971252.008682 5333201.065249 -0.039480 -0.947006 -0.136318 -0.288164
1750711276.423119 37369026.436087 2971252.008682 5333201.065249 -0.039480 -0.947006 -0.136318 -0.288164
1750711276.428120 37369026.436087 2971252.008682 5333201.065249 -0.039480 -0.947006 -0.136318 -0.288164
1750711276.433121 37369026.436087 2971252.008682 5333201.065249 -0.039480 -0.947006 -0.136318 -0.288164
1750711276.438122 37369026.436087 2971252.008682 5333201.065249 -0.039480 -0.947006 -0.136318 -0.288164
1750711276.443123 37369026.436087 2971252.008682 5333201.065249 -0.039480 -0.947006 -0.136318 -0.288164
1750711276.448125 37369026.436087 2971252.008682 5333201.065249 -0.039480 -0.947006 -0.136318 -0.288164
1750711276.453125 37369026.436087 2971252.008682 5333201.065249 -0.039480 -0.947006 -0.136318 -0.288164
1750711276.458127 37369026.436087 2971252.008682 5333201.065249 -0.039480 -0.947006 -0.136318 -0.288164
1750711276.463128 37369026.436087 2971252.008682 5333201.065249 -0.039480 -0.947006 -0.136318 -0.288164
1750711276.468129 37369026.436087 2971252.008682 5333201.065249 -0.039480 -0.947006 -0.136318 -0.288164
1750711276.473130 37369026.437202 2971252.003837 5333201.038923 -0.037091 -0.940585 -0.131956 -0.310663
1750711276.478131 37369026.437202 2971252.003837 5333201.038923 -0.037091 -0.940585 -0.131956 -0.310663
1750711276.483133 37369026.437202 2971252.003837 5333201.038923 -0.037091 -0.940585 -0.131956 -0.310663
1750711276.488133 37369026.437202 2971252.003837 5333201.038923 -0.037091 -0.940585 -0.131956 -0.310663
1750711276.493135 37369026.437202 2971252.003837 5333201.038923 -0.037091 -0.940585 -0.131956 -0.310663
1750711276.498136 37369026.437202 2971252.003837 5333201.038923 -0.037091 -0.940585 -0.131956 -0.310663
1750711276.503137 37369026.437202 2971252.003837 5333201.038923 -0.037091 -0.940585 -0.131956 -0.310663
1750711276.508138 37369026.437202 2971252.003837 5333201.038923 -0.037091 -0.940585 -0.131956 -0.310663
1750711276.513139 37369026.437202 2971252.003837 5333201.038923 -0.037091 -0.940585 -0.131956 -0.310663
1750711276.518141 37369026.437202 2971252.003837 5333201.038923 -0.037091 -0.940585 -0.131956 -0.310663
1750711276.523142 37369026.437202 2971252.003837 5333201.038923 -0.037091 -0.940585 -0.131956 -0.310663
1750711276.528143 37369026.437202 2971252.003837 5333201.038923 -0.037091 -0.940585 -0.131956 -0.310663
1750711276.533144 37369026.437202 2971252.003837 5333201.038923 -0.037091 -0.940585 -0.131956 -0.310663
1750711276.538146 37369026.437202 2971252.003837 5333201.038923 -0.037091 -0.940585 -0.131956 -0.310663
1750711276.543147 37369026.438878 2971252.003129 5333201.022401 -0.034930 -0.936425 -0.127037 -0.325190
1750711276.548148 37369026.438878 2971252.003129 5333201.022401 -0.034930 -0.936425 -0.127037 -0.325190
1750711276.553150 37369026.438878 2971252.003129 5333201.022401 -0.034930 -0.936425 -0.127037 -0.325190
1750711276.558150 37369026.438878 2971252.003129 5333201.022401 -0.034930 -0.936425 -0.127037 -0.325190
1750711276.563152 37369026.438878 2971252.003129 5333201.022401 -0.034930 -0.936425 -0.127037 -0.325190
1750711276.568153 37369026.438878 2971252.003129 5333201.022401 -0.034930 -0.936425 -0.127037 -0.325190
1750711276.573154 37369026.438878 2971252.003129 5333201.022401 -0.034930 -0.936425 -0.127037 -0.325190
1750711276.578155 37369026.438878 2971252.003129 5333201.022401 -0.034930 -0.936425 -0.127037 -0.325190
1750711276.583157 37369026.438878 2971252.003129 5333201.022401 -0.034930 -0.936425 -0.127037 -0.325190
1750711276.588158 37369026.438878 2971252.003129 5333201.022401 -0.034930 -0.936425 -0.127037 -0.325190
1750711276.593159 37369026.438878 2971252.003129 5333201.022401 -0.034930 -0.936425 -0.127037 -0.325190
1750711276.598161 37369026.438878 2971252.003129 5333201.022401 -0.034930 -0.936425 -0.127037 -0.325190
1750711276.603161 37369026.438878 2971252.003129 5333201.022401 -0.034930 -0.936425 -0.127037 -0.325190
1750711276.608163 37369026.442502 2971251.999576 5333201.007142 -0.032628 -0.930753 -0.123460 -0.342624
1750711276.613163 37369026.442502 2971251.999576 5333201.007142 -0.032628 -0.930753 -0.123460 -0.342624
1750711276.618165 37369026.442502 2971251.999576 5333201.007142 -0.032628 -0.930753 -0.123460 -0.342624
1750711276.623166 37369026.442502 2971251.999576 5333201.007142 -0.032628 -0.930753 -0.123460 -0.342624
1750711276.628167 37369026.442502 2971251.999576 5333201.007142 -0.032628 -0.930753 -0.123460 -0.342624
1750711276.633169 37369026.442502 2971251.999576 5333201.007142 -0.032628 -0.930753 -0.123460 -0.342624
1750711276.638170 37369026.442502 2971251.999576 5333201.007142 -0.032628 -0.930753 -0.123460 -0.342624
1750711276.643171 37369026.442502 2971251.999576 5333201.007142 -0.032628 -0.930753 -0.123460 -0.342624
1750711276.648172 37369026.442502 2971251.999576 5333201.007142 -0.032628 -0.930753 -0.123460 -0.342624
1750711276.653174 37369026.442502 2971251.999576 5333201.007142 -0.032628 -0.930753 -0.123460 -0.342624
1750711276.658175 37369026.442502 2971251.999576 5333201.007142 -0.032628 -0.930753 -0.123460 -0.342624
1750711276.663176 37369026.442502 2971251.999576 5333201.007142 -0.032628 -0.930753 -0.123460 -0.342624
1750711276.668178 37369026.442502 2971251.999576 5333201.007142 -0.032628 -0.930753 -0.123460 -0.342624
1750711276.671549 37369026.451344 2971251.995046 5333201.001971 -0.032324 -0.924497 -0.120914 -0.360056
1750711276.673178 37369026.451344 2971251.995046 5333201.001971 -0.032324 -0.924497 -0.120914 -0.360056
1750711276.678180 37369026.451344 2971251.995046 5333201.001971 -0.032324 -0.924497 -0.120914 -0.360056
1750711276.683181 37369026.451344 2971251.995046 5333201.001971 -0.032324 -0.924497 -0.120914 -0.360056
1750711276.688182 37369026.451344 2971251.995046 5333201.001971 -0.032324 -0.924497 -0.120914 -0.360056
1750711276.693184 37369026.451344 2971251.995046 5333201.001971 -0.032324 -0.924497 -0.120914 -0.360056
1750711276.698184 37369026.451344 2971251.995046 5333201.001971 -0.032324 -0.924497 -0.120914 -0.360056
1750711276.703186 37369026.451344 2971251.995046 5333201.001971 -0.032324 -0.924497 -0.120914 -0.360056
1750711276.708187 37369026.451344 2971251.995046 5333201.001971 -0.032324 -0.924497 -0.120914 -0.360056
1750711276.713189 37369026.451344 2971251.995046 5333201.001971 -0.032324 -0.924497 -0.120914 -0.360056
1750711276.718189 37369026.451344 2971251.995046 5333201.001971 -0.032324 -0.924497 -0.120914 -0.360056
1750711276.723191 37369026.451344 2971251.995046 5333201.001971 -0.032324 -0.924497 -0.120914 -0.360056
1750711276.728193 37369026.451344 2971251.995046 5333201.001971 -0.032324 -0.924497 -0.120914 -0.360056
1750711276.733193 37369026.451344 2971251.995046 5333201.001971 -0.032324 -0.924497 -0.120914 -0.360056
1750711276.738195 37369026.451344 2971251.995046 5333201.001971 -0.032324 -0.924497 -0.120914 -0.360056
1750711276.743196 37369026.451344 2971251.995046 5333201.001971 -0.032324 -0.924497 -0.120914 -0.360056
1750711276.748197 37369026.451344 2971251.995046 5333201.001971 -0.032324 -0.924497 -0.120914 -0.360056
1750711276.753198 37369026.451344 2971251.995046 5333201.001971 -0.032324 -0.924497 -0.120914 -0.360056
1750711276.758199 37369026.451344 2971251.995046 5333201.001971 -0.032324 -0.924497 -0.120914 -0.360056
1750711276.763201 37369026.451344 2971251.995046 5333201.001971 -0.032324 -0.924497 -0.120914 -0.360056
1750711276.768202 37369026.451344 2971251.995046 5333201.001971 -0.032324 -0.924497 -0.120914 -0.360056
1750711276.773203 37369026.456033 2971251.989417 5333200.976927 -0.027833 -0.911131 -0.118133 -0.393840
1750711276.778204 37369026.456033 2971251.989417 5333200.976927 -0.027833 -0.911131 -0.118133 -0.393840
1750711276.783206 37369026.456033 2971251.989417 5333200.976927 -0.027833 -0.911131 -0.118133 -0.393840
1750711276.788207 37369026.456033 2971251.989417 5333200.976927 -0.027833 -0.911131 -0.118133 -0.393840
1750711276.793208 37369026.456033 2971251.989417 5333200.976927 -0.027833 -0.911131 -0.118133 -0.393840
1750711276.798209 37369026.456033 2971251.989417 5333200.976927 -0.027833 -0.911131 -0.118133 -0.393840
1750711276.803210 37369026.456033 2971251.989417 5333200.976927 -0.027833 -0.911131 -0.118133 -0.393840
1750711276.808212 37369026.456033 2971251.989417 5333200.976927 -0.027833 -0.911131 -0.118133 -0.393840
1750711276.813213 37369026.456033 2971251.989417 5333200.976927 -0.027833 -0.911131 -0.118133 -0.393840
1750711276.818214 37369026.456033 2971251.989417 5333200.976927 -0.027833 -0.911131 -0.118133 -0.393840
1750711276.823215 37369026.456033 2971251.989417 5333200.976927 -0.027833 -0.911131 -0.118133 -0.393840
1750711276.828217 37369026.456033 2971251.989417 5333200.976927 -0.027833 -0.911131 -0.118133 -0.393840
1750711276.833218 37369026.456033 2971251.989417 5333200.976927 -0.027833 -0.911131 -0.118133 -0.393840
1750711276.838219 37369026.456033 2971251.989417 5333200.976927 -0.027833 -0.911131 -0.118133 -0.393840
1750711276.843221 37369026.462056 2971251.984609 5333200.960946 -0.024601 -0.901960 -0.116716 -0.415018
1750711276.848221 37369026.462056 2971251.984609 5333200.960946 -0.024601 -0.901960 -0.116716 -0.415018
1750711276.853223 37369026.462056 2971251.984609 5333200.960946 -0.024601 -0.901960 -0.116716 -0.415018
1750711276.858224 37369026.462056 2971251.984609 5333200.960946 -0.024601 -0.901960 -0.116716 -0.415018
1750711276.863225 37369026.462056 2971251.984609 5333200.960946 -0.024601 -0.901960 -0.116716 -0.415018
1750711276.868227 37369026.462056 2971251.984609 5333200.960946 -0.024601 -0.901960 -0.116716 -0.415018
1750711276.873228 37369026.462056 2971251.984609 5333200.960946 -0.024601 -0.901960 -0.116716 -0.415018
1750711276.878229 37369026.462056 2971251.984609 5333200.960946 -0.024601 -0.901960 -0.116716 -0.415018
1750711276.883230 37369026.462056 2971251.984609 5333200.960946 -0.024601 -0.901960 -0.116716 -0.415018
1750711276.888232 37369026.462056 2971251.984609 5333200.960946 -0.024601 -0.901960 -0.116716 -0.415018
1750711276.893232 37369026.462056 2971251.984609 5333200.960946 -0.024601 -0.901960 -0.116716 -0.415018
1750711276.898234 37369026.462056 2971251.984609 5333200.960946 -0.024601 -0.901960 -0.116716 -0.415018
1750711276.903234 37369026.462056 2971251.984609 5333200.960946 -0.024601 -0.901960 -0.116716 -0.415018
1750711276.908236 37369026.462056 2971251.984609 5333200.960946 -0.024601 -0.901960 -0.116716 -0.415018
1750711276.913238 37369026.462056 2971251.984609 5333200.960946 -0.024601 -0.901960 -0.116716 -0.415018
1750711276.918238 37369026.462056 2971251.984609 5333200.960946 -0.024601 -0.901960 -0.116716 -0.415018
1750711276.923240 37369026.462056 2971251.984609 5333200.960946 -0.024601 -0.901960 -0.116716 -0.415018
1750711276.928241 37369026.462056 2971251.984609 5333200.960946 -0.024601 -0.901960 -0.116716 -0.415018
1750711276.933242 37369026.462056 2971251.984609 5333200.960946 -0.024601 -0.901960 -0.116716 -0.415018
1750711276.938243 37369026.462056 2971251.984609 5333200.960946 -0.024601 -0.901960 -0.116716 -0.415018
1750711276.943245 37369026.462056 2971251.984609 5333200.960946 -0.024601 -0.901960 -0.116716 -0.415018
1750711276.948246 37369026.462056 2971251.984609 5333200.960946 -0.024601 -0.901960 -0.116716 -0.415018
1750711276.953247 37369026.462056 2971251.984609 5333200.960946 -0.024601 -0.901960 -0.116716 -0.415018
1750711276.958249 37369026.462056 2971251.984609 5333200.960946 -0.024601 -0.901960 -0.116716 -0.415018
1750711276.963249 37369026.462056 2971251.984609 5333200.960946 -0.024601 -0.901960 -0.116716 -0.415018
1750711276.968251 37369026.462056 2971251.984609 5333200.960946 -0.024601 -0.901960 -0.116716 -0.415018
1750711276.973252 37369026.480486 2971251.985850 5333200.940856 -0.019054 -0.887133 -0.114767 -0.446609
1750711276.978253 37369026.480486 2971251.985850 5333200.940856 -0.019054 -0.887133 -0.114767 -0.446609
1750711276.983255 37369026.480486 2971251.985850 5333200.940856 -0.019054 -0.887133 -0.114767 -0.446609
1750711276.988256 37369026.480486 2971251.985850 5333200.940856 -0.019054 -0.887133 -0.114767 -0.446609
1750711276.993257 37369026.480486 2971251.985850 5333200.940856 -0.019054 -0.887133 -0.114767 -0.446609
1750711276.998258 37369026.480486 2971251.985850 5333200.940856 -0.019054 -0.887133 -0.114767 -0.446609
1750711277.003260 37369026.480486 2971251.985850 5333200.940856 -0.019054 -0.887133 -0.114767 -0.446609
1750711277.008260 37369026.480486 2971251.985850 5333200.940856 -0.019054 -0.887133 -0.114767 -0.446609
1750711277.013262 37369026.480486 2971251.985850 5333200.940856 -0.019054 -0.887133 -0.114767 -0.446609
1750711277.018264 37369026.480486 2971251.985850 5333200.940856 -0.019054 -0.887133 -0.114767 -0.446609
1750711277.023264 37369026.480486 2971251.985850 5333200.940856 -0.019054 -0.887133 -0.114767 -0.446609
1750711277.028266 37369026.480486 2971251.985850 5333200.940856 -0.019054 -0.887133 -0.114767 -0.446609
1750711277.033267 37369026.480486 2971251.985850 5333200.940856 -0.019054 -0.887133 -0.114767 -0.446609
1750711277.038268 37369026.480486 2971251.985850 5333200.940856 -0.019054 -0.887133 -0.114767 -0.446609
1750711277.043269 37369026.480486 2971251.985850 5333200.940856 -0.019054 -0.887133 -0.114767 -0.446609
1750711277.048271 37369026.480486 2971251.985850 5333200.940856 -0.019054 -0.887133 -0.114767 -0.446609
1750711277.053272 37369026.480486 2971251.985850 5333200.940856 -0.019054 -0.887133 -0.114767 -0.446609
1750711277.058273 37369026.480486 2971251.985850 5333200.940856 -0.019054 -0.887133 -0.114767 -0.446609
1750711277.063275 37369026.480486 2971251.985850 5333200.940856 -0.019054 -0.887133 -0.114767 -0.446609
1750711277.068275 37369026.480486 2971251.985850 5333200.940856 -0.019054 -0.887133 -0.114767 -0.446609
1750711277.073277 37369026.499826 2971251.987995 5333200.931696 -0.019048 -0.876384 -0.114609 -0.467389
1750711277.078278 37369026.499826 2971251.987995 5333200.931696 -0.019048 -0.876384 -0.114609 -0.467389
1750711277.083279 37369026.499826 2971251.987995 5333200.931696 -0.019048 -0.876384 -0.114609 -0.467389
1750711277.088280 37369026.499826 2971251.987995 5333200.931696 -0.019048 -0.876384 -0.114609 -0.467389
1750711277.093282 37369026.499826 2971251.987995 5333200.931696 -0.019048 -0.876384 -0.114609 -0.467389
1750711277.098283 37369026.499826 2971251.987995 5333200.931696 -0.019048 -0.876384 -0.114609 -0.467389
1750711277.103284 37369026.499826 2971251.987995 5333200.931696 -0.019048 -0.876384 -0.114609 -0.467389
1750711277.108285 37369026.499826 2971251.987995 5333200.931696 -0.019048 -0.876384 -0.114609 -0.467389
1750711277.113286 37369026.499826 2971251.987995 5333200.931696 -0.019048 -0.876384 -0.114609 -0.467389
1750711277.118288 37369026.499826 2971251.987995 5333200.931696 -0.019048 -0.876384 -0.114609 -0.467389
1750711277.123290 37369026.499826 2971251.987995 5333200.931696 -0.019048 -0.876384 -0.114609 -0.467389
1750711277.128290 37369026.499826 2971251.987995 5333200.931696 -0.019048 -0.876384 -0.114609 -0.467389
1750711277.133292 37369026.499826 2971251.987995 5333200.931696 -0.019048 -0.876384 -0.114609 -0.467389
1750711277.138293 37369026.499826 2971251.987995 5333200.931696 -0.019048 -0.876384 -0.114609 -0.467389
1750711277.143294 37369026.499826 2971251.987995 5333200.931696 -0.019048 -0.876384 -0.114609 -0.467389
1750711277.148295 37369026.499826 2971251.987995 5333200.931696 -0.019048 -0.876384 -0.114609 -0.467389
1750711277.153296 37369026.499826 2971251.987995 5333200.931696 -0.019048 -0.876384 -0.114609 -0.467389
1750711277.158298 37369026.499826 2971251.987995 5333200.931696 -0.019048 -0.876384 -0.114609 -0.467389
1750711277.163299 37369026.499826 2971251.987995 5333200.931696 -0.019048 -0.876384 -0.114609 -0.467389
1750711277.168300 37369026.499826 2971251.987995 5333200.931696 -0.019048 -0.876384 -0.114609 -0.467389
1750711277.173301 37369026.534201 2971251.995552 5333200.954573 -0.023600 -0.868155 -0.113427 -0.482581
1750711277.178303 37369026.534201 2971251.995552 5333200.954573 -0.023600 -0.868155 -0.113427 -0.482581
1750711277.183303 37369026.534201 2971251.995552 5333200.954573 -0.023600 -0.868155 -0.113427 -0.482581
1750711277.188305 37369026.534201 2971251.995552 5333200.954573 -0.023600 -0.868155 -0.113427 -0.482581
1750711277.193305 37369026.534201 2971251.995552 5333200.954573 -0.023600 -0.868155 -0.113427 -0.482581
1750711277.198307 37369026.534201 2971251.995552 5333200.954573 -0.023600 -0.868155 -0.113427 -0.482581
1750711277.203309 37369026.534201 2971251.995552 5333200.954573 -0.023600 -0.868155 -0.113427 -0.482581
1750711277.208309 37369026.534201 2971251.995552 5333200.954573 -0.023600 -0.868155 -0.113427 -0.482581
1750711277.213311 37369026.534201 2971251.995552 5333200.954573 -0.023600 -0.868155 -0.113427 -0.482581
1750711277.218313 37369026.534201 2971251.995552 5333200.954573 -0.023600 -0.868155 -0.113427 -0.482581
1750711277.223314 37369026.534201 2971251.995552 5333200.954573 -0.023600 -0.868155 -0.113427 -0.482581
1750711277.228315 37369026.534201 2971251.995552 5333200.954573 -0.023600 -0.868155 -0.113427 -0.482581
1750711277.233316 37369026.534201 2971251.995552 5333200.954573 -0.023600 -0.868155 -0.113427 -0.482581
1750711277.238317 37369026.534201 2971251.995552 5333200.954573 -0.023600 -0.868155 -0.113427 -0.482581
1750711277.243318 37369026.534201 2971251.995552 5333200.954573 -0.023600 -0.868155 -0.113427 -0.482581
1750711277.248320 37369026.534201 2971251.995552 5333200.954573 -0.023600 -0.868155 -0.113427 -0.482581
1750711277.253320 37369026.534201 2971251.995552 5333200.954573 -0.023600 -0.868155 -0.113427 -0.482581
1750711277.258322 37369026.534201 2971251.995552 5333200.954573 -0.023600 -0.868155 -0.113427 -0.482581
1750711277.263324 37369026.534201 2971251.995552 5333200.954573 -0.023600 -0.868155 -0.113427 -0.482581
1750711277.268324 37369026.534201 2971251.995552 5333200.954573 -0.023600 -0.868155 -0.113427 -0.482581
1750711277.273326 37369026.534201 2971251.995552 5333200.954573 -0.023600 -0.868155 -0.113427 -0.482581
1750711277.278327 37369026.534201 2971251.995552 5333200.954573 -0.023600 -0.868155 -0.113427 -0.482581
1750711277.283329 37369026.534201 2971251.995552 5333200.954573 -0.023600 -0.868155 -0.113427 -0.482581
1750711277.288329 37369026.534201 2971251.995552 5333200.954573 -0.023600 -0.868155 -0.113427 -0.482581
1750711277.293331 37369026.534201 2971251.995552 5333200.954573 -0.023600 -0.868155 -0.113427 -0.482581
1750711277.298332 37369026.534201 2971251.995552 5333200.954573 -0.023600 -0.868155 -0.113427 -0.482581
1750711277.303333 37369026.534201 2971251.995552 5333200.954573 -0.023600 -0.868155 -0.113427 -0.482581
1750711277.308335 37369026.570578 2971251.999479 5333200.947599 0.024638 0.855960 0.112426 0.504069
1750711277.313336 37369026.570578 2971251.999479 5333200.947599 0.024638 0.855960 0.112426 0.504069
1750711277.318337 37369026.570578 2971251.999479 5333200.947599 0.024638 0.855960 0.112426 0.504069
1750711277.323338 37369026.570578 2971251.999479 5333200.947599 0.024638 0.855960 0.112426 0.504069
1750711277.328339 37369026.570578 2971251.999479 5333200.947599 0.024638 0.855960 0.112426 0.504069
1750711277.333340 37369026.570578 2971251.999479 5333200.947599 0.024638 0.855960 0.112426 0.504069
1750711277.338342 37369026.570578 2971251.999479 5333200.947599 0.024638 0.855960 0.112426 0.504069
1750711277.343344 37369026.570578 2971251.999479 5333200.947599 0.024638 0.855960 0.112426 0.504069
1750711277.348344 37369026.570578 2971251.999479 5333200.947599 0.024638 0.855960 0.112426 0.504069
1750711277.353346 37369026.570578 2971251.999479 5333200.947599 0.024638 0.855960 0.112426 0.504069
1750711277.358346 37369026.570578 2971251.999479 5333200.947599 0.024638 0.855960 0.112426 0.504069
1750711277.363348 37369026.570578 2971251.999479 5333200.947599 0.024638 0.855960 0.112426 0.504069
1750711277.368349 37369026.570578 2971251.999479 5333200.947599 0.024638 0.855960 0.112426 0.504069
1750711277.373350 37369026.570578 2971251.999479 5333200.947599 0.024638 0.855960 0.112426 0.504069
1750711277.378351 37369026.570578 2971251.999479 5333200.947599 0.024638 0.855960 0.112426 0.504069
1750711277.383353 37369026.570578 2971251.999479 5333200.947599 0.024638 0.855960 0.112426 0.504069
1750711277.388355 37369026.570578 2971251.999479 5333200.947599 0.024638 0.855960 0.112426 0.504069
1750711277.393355 37369026.570578 2971251.999479 5333200.947599 0.024638 0.855960 0.112426 0.504069
1750711277.398357 37369026.570578 2971251.999479 5333200.947599 0.024638 0.855960 0.112426 0.504069
1750711277.403358 37369026.570578 2971251.999479 5333200.947599 0.024638 0.855960 0.112426 0.504069
1750711277.408359 37369026.570578 2971251.999479 5333200.947599 0.024638 0.855960 0.112426 0.504069
1750711277.413360 37369026.570578 2971251.999479 5333200.947599 0.024638 0.855960 0.112426 0.504069
1750711277.418361 37369026.570578 2971251.999479 5333200.947599 0.024638 0.855960 0.112426 0.504069
1750711277.423363 37369026.570578 2971251.999479 5333200.947599 0.024638 0.855960 0.112426 0.504069
1750711277.428364 37369026.570578 2971251.999479 5333200.947599 0.024638 0.855960 0.112426 0.504069
1750711277.433365 37369026.570578 2971251.999479 5333200.947599 0.024638 0.855960 0.112426 0.504069
1750711277.438366 37369026.570578 2971251.999479 5333200.947599 0.024638 0.855960 0.112426 0.504069
1750711277.443368 37369026.611216 2971252.003171 5333200.946367 0.023789 0.848176 0.109429 0.517742
1750711277.448370 37369026.611216 2971252.003171 5333200.946367 0.023789 0.848176 0.109429 0.517742
1750711277.453370 37369026.611216 2971252.003171 5333200.946367 0.023789 0.848176 0.109429 0.517742
1750711277.458372 37369026.611216 2971252.003171 5333200.946367 0.023789 0.848176 0.109429 0.517742
1750711277.463372 37369026.611216 2971252.003171 5333200.946367 0.023789 0.848176 0.109429 0.517742
1750711277.468374 37369026.611216 2971252.003171 5333200.946367 0.023789 0.848176 0.109429 0.517742
1750711277.473374 37369026.611216 2971252.003171 5333200.946367 0.023789 0.848176 0.109429 0.517742
1750711277.478376 37369026.611216 2971252.003171 5333200.946367 0.023789 0.848176 0.109429 0.517742
1750711277.483378 37369026.611216 2971252.003171 5333200.946367 0.023789 0.848176 0.109429 0.517742
1750711277.488379 37369026.611216 2971252.003171 5333200.946367 0.023789 0.848176 0.109429 0.517742
1750711277.493380 37369026.611216 2971252.003171 5333200.946367 0.023789 0.848176 0.109429 0.517742
1750711277.498392 37369026.611216 2971252.003171 5333200.946367 0.023789 0.848176 0.109429 0.517742
1750711277.503405 37369026.611216 2971252.003171 5333200.946367 0.023789 0.848176 0.109429 0.517742
1750711277.508418 37369026.611216 2971252.003171 5333200.946367 0.023789 0.848176 0.109429 0.517742
1750711277.513430 37369026.611216 2971252.003171 5333200.946367 0.023789 0.848176 0.109429 0.517742
1750711277.518443 37369026.611216 2971252.003171 5333200.946367 0.023789 0.848176 0.109429 0.517742
1750711277.523454 37369026.611216 2971252.003171 5333200.946367 0.023789 0.848176 0.109429 0.517742
1750711277.528467 37369026.611216 2971252.003171 5333200.946367 0.023789 0.848176 0.109429 0.517742
1750711277.533479 37369026.611216 2971252.003171 5333200.946367 0.023789 0.848176 0.109429 0.517742
1750711277.538492 37369026.611216 2971252.003171 5333200.946367 0.023789 0.848176 0.109429 0.517742
1750711277.543504 37369026.640075 2971252.005409 5333200.949586 0.022105 0.844108 0.111128 0.524065
1750711277.548517 37369026.640075 2971252.005409 5333200.949586 0.022105 0.844108 0.111128 0.524065
1750711277.553529 37369026.640075 2971252.005409 5333200.949586 0.022105 0.844108 0.111128 0.524065
1750711277.558542 37369026.640075 2971252.005409 5333200.949586 0.022105 0.844108 0.111128 0.524065
1750711277.563555 37369026.640075 2971252.005409 5333200.949586 0.022105 0.844108 0.111128 0.524065
1750711277.568567 37369026.640075 2971252.005409 5333200.949586 0.022105 0.844108 0.111128 0.524065
1750711277.573580 37369026.640075 2971252.005409 5333200.949586 0.022105 0.844108 0.111128 0.524065
1750711277.578592 37369026.640075 2971252.005409 5333200.949586 0.022105 0.844108 0.111128 0.524065
1750711277.583605 37369026.640075 2971252.005409 5333200.949586 0.022105 0.844108 0.111128 0.524065
1750711277.588618 37369026.640075 2971252.005409 5333200.949586 0.022105 0.844108 0.111128 0.524065
1750711277.593631 37369026.640075 2971252.005409 5333200.949586 0.022105 0.844108 0.111128 0.524065
1750711277.598643 37369026.640075 2971252.005409 5333200.949586 0.022105 0.844108 0.111128 0.524065
1750711277.603655 37369026.640075 2971252.005409 5333200.949586 0.022105 0.844108 0.111128 0.524065
1750711277.608668 37369026.640075 2971252.005409 5333200.949586 0.022105 0.844108 0.111128 0.524065
1750711277.613681 37369026.640075 2971252.005409 5333200.949586 0.022105 0.844108 0.111128 0.524065
1750711277.618694 37369026.640075 2971252.005409 5333200.949586 0.022105 0.844108 0.111128 0.524065
1750711277.623706 37369026.640075 2971252.005409 5333200.949586 0.022105 0.844108 0.111128 0.524065
1750711277.628719 37369026.640075 2971252.005409 5333200.949586 0.022105 0.844108 0.111128 0.524065
1750711277.633732 37369026.640075 2971252.005409 5333200.949586 0.022105 0.844108 0.111128 0.524065
1750711277.638744 37369026.640075 2971252.005409 5333200.949586 0.022105 0.844108 0.111128 0.524065
1750711277.643757 37369026.640075 2971252.005409 5333200.949586 0.022105 0.844108 0.111128 0.524065
1750711277.648770 37369026.640075 2971252.005409 5333200.949586 0.022105 0.844108 0.111128 0.524065
1750711277.653783 37369026.640075 2971252.005409 5333200.949586 0.022105 0.844108 0.111128 0.524065
1750711277.658795 37369026.640075 2971252.005409 5333200.949586 0.022105 0.844108 0.111128 0.524065
1750711277.663808 37369026.640075 2971252.005409 5333200.949586 0.022105 0.844108 0.111128 0.524065
1750711277.668822 37369026.640075 2971252.005409 5333200.949586 0.022105 0.844108 0.111128 0.524065
1750711277.673834 37369026.669308 2971252.006663 5333200.942293 0.022014 0.836360 0.114612 0.535612
1750711277.678847 37369026.669308 2971252.006663 5333200.942293 0.022014 0.836360 0.114612 0.535612
1750711277.683859 37369026.669308 2971252.006663 5333200.942293 0.022014 0.836360 0.114612 0.535612
1750711277.688872 37369026.669308 2971252.006663 5333200.942293 0.022014 0.836360 0.114612 0.535612
1750711277.693885 37369026.669308 2971252.006663 5333200.942293 0.022014 0.836360 0.114612 0.535612
1750711277.698898 37369026.669308 2971252.006663 5333200.942293 0.022014 0.836360 0.114612 0.535612
1750711277.703912 37369026.669308 2971252.006663 5333200.942293 0.022014 0.836360 0.114612 0.535612
1750711277.708924 37369026.669308 2971252.006663 5333200.942293 0.022014 0.836360 0.114612 0.535612
1750711277.713937 37369026.669308 2971252.006663 5333200.942293 0.022014 0.836360 0.114612 0.535612
1750711277.718949 37369026.669308 2971252.006663 5333200.942293 0.022014 0.836360 0.114612 0.535612
1750711277.723963 37369026.669308 2971252.006663 5333200.942293 0.022014 0.836360 0.114612 0.535612
1750711277.728976 37369026.669308 2971252.006663 5333200.942293 0.022014 0.836360 0.114612 0.535612
1750711277.733988 37369026.669308 2971252.006663 5333200.942293 0.022014 0.836360 0.114612 0.535612
1750711277.739002 37369026.669308 2971252.006663 5333200.942293 0.022014 0.836360 0.114612 0.535612
1750711277.744014 37369026.669308 2971252.006663 5333200.942293 0.022014 0.836360 0.114612 0.535612
1750711277.749027 37369026.669308 2971252.006663 5333200.942293 0.022014 0.836360 0.114612 0.535612
1750711277.754040 37369026.669308 2971252.006663 5333200.942293 0.022014 0.836360 0.114612 0.535612
1750711277.759053 37369026.669308 2971252.006663 5333200.942293 0.022014 0.836360 0.114612 0.535612
1750711277.764066 37369026.669308 2971252.006663 5333200.942293 0.022014 0.836360 0.114612 0.535612
1750711277.769079 37369026.669308 2971252.006663 5333200.942293 0.022014 0.836360 0.114612 0.535612
1750711277.774092 37369026.669308 2971252.006663 5333200.942293 0.022014 0.836360 0.114612 0.535612
1750711277.779105 37369026.669308 2971252.006663 5333200.942293 0.022014 0.836360 0.114612 0.535612
1750711277.784118 37369026.669308 2971252.006663 5333200.942293 0.022014 0.836360 0.114612 0.535612
1750711277.789131 37369026.669308 2971252.006663 5333200.942293 0.022014 0.836360 0.114612 0.535612
1750711277.794145 37369026.669308 2971252.006663 5333200.942293 0.022014 0.836360 0.114612 0.535612
1750711277.799158 37369026.669308 2971252.006663 5333200.942293 0.022014 0.836360 0.114612 0.535612
1750711277.804171 37369026.669308 2971252.006663 5333200.942293 0.022014 0.836360 0.114612 0.535612
1750711277.809183 37369026.704605 2971252.014670 5333200.973792 0.025262 0.826921 0.120212 0.548736
1750711277.814197 37369026.704605 2971252.014670 5333200.973792 0.025262 0.826921 0.120212 0.548736
1750711277.819210 37369026.704605 2971252.014670 5333200.973792 0.025262 0.826921 0.120212 0.548736
1750711277.824223 37369026.704605 2971252.014670 5333200.973792 0.025262 0.826921 0.120212 0.548736
1750711277.829236 37369026.704605 2971252.014670 5333200.973792 0.025262 0.826921 0.120212 0.548736
1750711277.834249 37369026.704605 2971252.014670 5333200.973792 0.025262 0.826921 0.120212 0.548736
1750711277.839262 37369026.704605 2971252.014670 5333200.973792 0.025262 0.826921 0.120212 0.548736
1750711277.844276 37369026.704605 2971252.014670 5333200.973792 0.025262 0.826921 0.120212 0.548736
1750711277.849288 37369026.704605 2971252.014670 5333200.973792 0.025262 0.826921 0.120212 0.548736
1750711277.854302 37369026.704605 2971252.014670 5333200.973792 0.025262 0.826921 0.120212 0.548736
1750711277.859315 37369026.704605 2971252.014670 5333200.973792 0.025262 0.826921 0.120212 0.548736
1750711277.864329 37369026.704605 2971252.014670 5333200.973792 0.025262 0.826921 0.120212 0.548736
1750711277.869341 37369026.704605 2971252.014670 5333200.973792 0.025262 0.826921 0.120212 0.548736
1750711277.874355 37369026.704605 2971252.014670 5333200.973792 0.025262 0.826921 0.120212 0.548736
1750711277.879369 37369026.704605 2971252.014670 5333200.973792 0.025262 0.826921 0.120212 0.548736
1750711277.884381 37369026.704605 2971252.014670 5333200.973792 0.025262 0.826921 0.120212 0.548736
1750711277.889395 37369026.704605 2971252.014670 5333200.973792 0.025262 0.826921 0.120212 0.548736
1750711277.894408 37369026.704605 2971252.014670 5333200.973792 0.025262 0.826921 0.120212 0.548736
1750711277.899421 37369026.704605 2971252.014670 5333200.973792 0.025262 0.826921 0.120212 0.548736
1750711277.904434 37369026.704605 2971252.014670 5333200.973792 0.025262 0.826921 0.120212 0.548736
1750711277.909448 37369026.704605 2971252.014670 5333200.973792 0.025262 0.826921 0.120212 0.548736
1750711277.914460 37369026.704605 2971252.014670 5333200.973792 0.025262 0.826921 0.120212 0.548736
1750711277.919474 37369026.704605 2971252.014670 5333200.973792 0.025262 0.826921 0.120212 0.548736
1750711277.924488 37369026.704605 2971252.014670 5333200.973792 0.025262 0.826921 0.120212 0.548736
1750711277.929501 37369026.704605 2971252.014670 5333200.973792 0.025262 0.826921 0.120212 0.548736
1750711277.934515 37369026.704605 2971252.014670 5333200.973792 0.025262 0.826921 0.120212 0.548736
1750711277.939528 37369026.704605 2971252.014670 5333200.973792 0.025262 0.826921 0.120212 0.548736
1750711277.944541 37369026.730155 2971252.020375 5333200.984825 0.026089 0.814708 0.122932 0.566090
1750711277.949554 37369026.730155 2971252.020375 5333200.984825 0.026089 0.814708 0.122932 0.566090
1750711277.954568 37369026.730155 2971252.020375 5333200.984825 0.026089 0.814708 0.122932 0.566090
1750711277.959582 37369026.730155 2971252.020375 5333200.984825 0.026089 0.814708 0.122932 0.566090
1750711277.964595 37369026.730155 2971252.020375 5333200.984825 0.026089 0.814708 0.122932 0.566090
1750711277.969609 37369026.730155 2971252.020375 5333200.984825 0.026089 0.814708 0.122932 0.566090
1750711277.974622 37369026.730155 2971252.020375 5333200.984825 0.026089 0.814708 0.122932 0.566090
1750711277.979635 37369026.730155 2971252.020375 5333200.984825 0.026089 0.814708 0.122932 0.566090
1750711277.984648 37369026.730155 2971252.020375 5333200.984825 0.026089 0.814708 0.122932 0.566090
1750711277.989662 37369026.730155 2971252.020375 5333200.984825 0.026089 0.814708 0.122932 0.566090
1750711277.994676 37369026.730155 2971252.020375 5333200.984825 0.026089 0.814708 0.122932 0.566090
1750711277.999689 37369026.730155 2971252.020375 5333200.984825 0.026089 0.814708 0.122932 0.566090
1750711278.004703 37369026.730155 2971252.020375 5333200.984825 0.026089 0.814708 0.122932 0.566090
1750711278.009716 37369026.735822 2971252.028284 5333200.973153 0.026593 0.805726 0.123753 0.578604
1750711278.014730 37369026.735822 2971252.028284 5333200.973153 0.026593 0.805726 0.123753 0.578604
1750711278.019743 37369026.735822 2971252.028284 5333200.973153 0.026593 0.805726 0.123753 0.578604
1750711278.024757 37369026.735822 2971252.028284 5333200.973153 0.026593 0.805726 0.123753 0.578604
1750711278.029771 37369026.735822 2971252.028284 5333200.973153 0.026593 0.805726 0.123753 0.578604
1750711278.034784 37369026.735822 2971252.028284 5333200.973153 0.026593 0.805726 0.123753 0.578604
1750711278.039798 37369026.735822 2971252.028284 5333200.973153 0.026593 0.805726 0.123753 0.578604
1750711278.044811 37369026.735822 2971252.028284 5333200.973153 0.026593 0.805726 0.123753 0.578604
1750711278.049825 37369026.735822 2971252.028284 5333200.973153 0.026593 0.805726 0.123753 0.578604
1750711278.054838 37369026.735822 2971252.028284 5333200.973153 0.026593 0.805726 0.123753 0.578604
1750711278.059852 37369026.735822 2971252.028284 5333200.973153 0.026593 0.805726 0.123753 0.578604
1750711278.064865 37369026.735822 2971252.028284 5333200.973153 0.026593 0.805726 0.123753 0.578604
1750711278.069879 37369026.735822 2971252.028284 5333200.973153 0.026593 0.805726 0.123753 0.578604
1750711278.074893 37369026.735822 2971252.028284 5333200.973153 0.026593 0.805726 0.123753 0.578604
1750711278.079906 37369026.735822 2971252.028284 5333200.973153 0.026593 0.805726 0.123753 0.578604
1750711278.084921 37369026.735822 2971252.028284 5333200.973153 0.026593 0.805726 0.123753 0.578604
1750711278.089934 37369026.735822 2971252.028284 5333200.973153 0.026593 0.805726 0.123753 0.578604
1750711278.094948 37369026.735822 2971252.028284 5333200.973153 0.026593 0.805726 0.123753 0.578604
1750711278.099962 37369026.735822 2971252.028284 5333200.973153 0.026593 0.805726 0.123753 0.578604
1750711278.104975 37369026.735822 2971252.028284 5333200.973153 0.026593 0.805726 0.123753 0.578604
1750711278.109989 37369026.755670 2971252.021944 5333200.975037 0.027088 0.796230 0.118800 0.592596
1750711278.115003 37369026.755670 2971252.021944 5333200.975037 0.027088 0.796230 0.118800 0.592596
1750711278.120017 37369026.755670 2971252.021944 5333200.975037 0.027088 0.796230 0.118800 0.592596
1750711278.125030 37369026.755670 2971252.021944 5333200.975037 0.027088 0.796230 0.118800 0.592596
1750711278.130044 37369026.755670 2971252.021944 5333200.975037 0.027088 0.796230 0.118800 0.592596
1750711278.135059 37369026.755670 2971252.021944 5333200.975037 0.027088 0.796230 0.118800 0.592596
1750711278.140072 37369026.755670 2971252.021944 5333200.975037 0.027088 0.796230 0.118800 0.592596
1750711278.145086 37369026.755670 2971252.021944 5333200.975037 0.027088 0.796230 0.118800 0.592596
1750711278.150100 37369026.755670 2971252.021944 5333200.975037 0.027088 0.796230 0.118800 0.592596
1750711278.155113 37369026.755670 2971252.021944 5333200.975037 0.027088 0.796230 0.118800 0.592596
1750711278.160127 37369026.755670 2971252.021944 5333200.975037 0.027088 0.796230 0.118800 0.592596
1750711278.165141 37369026.755670 2971252.021944 5333200.975037 0.027088 0.796230 0.118800 0.592596
1750711278.170155 37369026.755670 2971252.021944 5333200.975037 0.027088 0.796230 0.118800 0.592596
1750711278.175169 37369026.763424 2971252.021967 5333200.968444 0.026569 0.788173 0.117662 0.603517
1750711278.180182 37369026.763424 2971252.021967 5333200.968444 0.026569 0.788173 0.117662 0.603517
1750711278.185197 37369026.763424 2971252.021967 5333200.968444 0.026569 0.788173 0.117662 0.603517
1750711278.190211 37369026.763424 2971252.021967 5333200.968444 0.026569 0.788173 0.117662 0.603517
1750711278.195224 37369026.763424 2971252.021967 5333200.968444 0.026569 0.788173 0.117662 0.603517
1750711278.200239 37369026.763424 2971252.021967 5333200.968444 0.026569 0.788173 0.117662 0.603517
1750711278.205252 37369026.763424 2971252.021967 5333200.968444 0.026569 0.788173 0.117662 0.603517
1750711278.210266 37369026.763424 2971252.021967 5333200.968444 0.026569 0.788173 0.117662 0.603517
1750711278.215281 37369026.763424 2971252.021967 5333200.968444 0.026569 0.788173 0.117662 0.603517
1750711278.220294 37369026.763424 2971252.021967 5333200.968444 0.026569 0.788173 0.117662 0.603517
1750711278.225309 37369026.763424 2971252.021967 5333200.968444 0.026569 0.788173 0.117662 0.603517
1750711278.230322 37369026.763424 2971252.021967 5333200.968444 0.026569 0.788173 0.117662 0.603517
1750711278.235337 37369026.763424 2971252.021967 5333200.968444 0.026569 0.788173 0.117662 0.603517
1750711278.240350 37369026.763424 2971252.021967 5333200.968444 0.026569 0.788173 0.117662 0.603517
1750711278.245364 37369026.776709 2971252.021487 5333200.965098 0.026337 0.782200 0.114523 0.611845
1750711278.250378 37369026.776709 2971252.021487 5333200.965098 0.026337 0.782200 0.114523 0.611845
1750711278.255392 37369026.776709 2971252.021487 5333200.965098 0.026337 0.782200 0.114523 0.611845
1750711278.260407 37369026.776709 2971252.021487 5333200.965098 0.026337 0.782200 0.114523 0.611845
1750711278.265420 37369026.776709 2971252.021487 5333200.965098 0.026337 0.782200 0.114523 0.611845
1750711278.270435 37369026.776709 2971252.021487 5333200.965098 0.026337 0.782200 0.114523 0.611845
1750711278.275449 37369026.776709 2971252.021487 5333200.965098 0.026337 0.782200 0.114523 0.611845
1750711278.280463 37369026.776709 2971252.021487 5333200.965098 0.026337 0.782200 0.114523 0.611845
1750711278.285477 37369026.776709 2971252.021487 5333200.965098 0.026337 0.782200 0.114523 0.611845
1750711278.290491 37369026.776709 2971252.021487 5333200.965098 0.026337 0.782200 0.114523 0.611845
1750711278.295506 37369026.776709 2971252.021487 5333200.965098 0.026337 0.782200 0.114523 0.611845
1750711278.300519 37369026.776709 2971252.021487 5333200.965098 0.026337 0.782200 0.114523 0.611845
1750711278.305534 37369026.776709 2971252.021487 5333200.965098 0.026337 0.782200 0.114523 0.611845
1750711278.310547 37369026.776709 2971252.021487 5333200.965098 0.026337 0.782200 0.114523 0.611845
1750711278.315562 37369026.776709 2971252.021487 5333200.965098 0.026337 0.782200 0.114523 0.611845
1750711278.320577 37369026.776709 2971252.021487 5333200.965098 0.026337 0.782200 0.114523 0.611845
1750711278.325590 37369026.776709 2971252.021487 5333200.965098 0.026337 0.782200 0.114523 0.611845
1750711278.330605 37369026.776709 2971252.021487 5333200.965098 0.026337 0.782200 0.114523 0.611845
1750711278.335618 37369026.776709 2971252.021487 5333200.965098 0.026337 0.782200 0.114523 0.611845
1750711278.340633 37369026.776709 2971252.021487 5333200.965098 0.026337 0.782200 0.114523 0.611845
1750711278.345647 37369026.797581 2971252.022543 5333200.959263 0.024997 0.773014 0.108916 0.624469
1750711278.350662 37369026.797581 2971252.022543 5333200.959263 0.024997 0.773014 0.108916 0.624469
1750711278.355676 37369026.797581 2971252.022543 5333200.959263 0.024997 0.773014 0.108916 0.624469
1750711278.360690 37369026.797581 2971252.022543 5333200.959263 0.024997 0.773014 0.108916 0.624469
1750711278.365705 37369026.797581 2971252.022543 5333200.959263 0.024997 0.773014 0.108916 0.624469
1750711278.370719 37369026.797581 2971252.022543 5333200.959263 0.024997 0.773014 0.108916 0.624469
1750711278.375734 37369026.797581 2971252.022543 5333200.959263 0.024997 0.773014 0.108916 0.624469
1750711278.380747 37369026.797581 2971252.022543 5333200.959263 0.024997 0.773014 0.108916 0.624469
1750711278.385762 37369026.797581 2971252.022543 5333200.959263 0.024997 0.773014 0.108916 0.624469
1750711278.390776 37369026.797581 2971252.022543 5333200.959263 0.024997 0.773014 0.108916 0.624469
1750711278.395791 37369026.797581 2971252.022543 5333200.959263 0.024997 0.773014 0.108916 0.624469
1750711278.400805 37369026.797581 2971252.022543 5333200.959263 0.024997 0.773014 0.108916 0.624469
1750711278.405819 37369026.797581 2971252.022543 5333200.959263 0.024997 0.773014 0.108916 0.624469
1750711278.410834 37369026.812652 2971252.022966 5333200.954790 0.023558 0.765642 0.106232 0.633997
1750711278.415848 37369026.812652 2971252.022966 5333200.954790 0.023558 0.765642 0.106232 0.633997
1750711278.420863 37369026.812652 2971252.022966 5333200.954790 0.023558 0.765642 0.106232 0.633997
1750711278.425876 37369026.812652 2971252.022966 5333200.954790 0.023558 0.765642 0.106232 0.633997
1750711278.430891 37369026.812652 2971252.022966 5333200.954790 0.023558 0.765642 0.106232 0.633997
1750711278.435906 37369026.812652 2971252.022966 5333200.954790 0.023558 0.765642 0.106232 0.633997
1750711278.440920 37369026.812652 2971252.022966 5333200.954790 0.023558 0.765642 0.106232 0.633997
1750711278.445935 37369026.812652 2971252.022966 5333200.954790 0.023558 0.765642 0.106232 0.633997
1750711278.450949 37369026.812652 2971252.022966 5333200.954790 0.023558 0.765642 0.106232 0.633997
1750711278.455964 37369026.812652 2971252.022966 5333200.954790 0.023558 0.765642 0.106232 0.633997
1750711278.460979 37369026.812652 2971252.022966 5333200.954790 0.023558 0.765642 0.106232 0.633997
1750711278.465993 37369026.812652 2971252.022966 5333200.954790 0.023558 0.765642 0.106232 0.633997
1750711278.471008 37369026.812652 2971252.022966 5333200.954790 0.023558 0.765642 0.106232 0.633997
1750711278.476022 37369026.827674 2971252.024042 5333200.947947 0.021409 0.756779 0.103630 0.645049
1750711278.481037 37369026.827674 2971252.024042 5333200.947947 0.021409 0.756779 0.103630 0.645049
1750711278.486051 37369026.827674 2971252.024042 5333200.947947 0.021409 0.756779 0.103630 0.645049
1750711278.491066 37369026.827674 2971252.024042 5333200.947947 0.021409 0.756779 0.103630 0.645049
1750711278.496079 37369026.827674 2971252.024042 5333200.947947 0.021409 0.756779 0.103630 0.645049
1750711278.501082 37369026.827674 2971252.024042 5333200.947947 0.021409 0.756779 0.103630 0.645049
1750711278.506083 37369026.827674 2971252.024042 5333200.947947 0.021409 0.756779 0.103630 0.645049
1750711278.511086 37369026.827674 2971252.024042 5333200.947947 0.021409 0.756779 0.103630 0.645049
1750711278.516098 37369026.827674 2971252.024042 5333200.947947 0.021409 0.756779 0.103630 0.645049
1750711278.521110 37369026.827674 2971252.024042 5333200.947947 0.021409 0.756779 0.103630 0.645049
1750711278.526122 37369026.827674 2971252.024042 5333200.947947 0.021409 0.756779 0.103630 0.645049
1750711278.531135 37369026.827674 2971252.024042 5333200.947947 0.021409 0.756779 0.103630 0.645049
1750711278.536146 37369026.827674 2971252.024042 5333200.947947 0.021409 0.756779 0.103630 0.645049
1750711278.541158 37369026.827674 2971252.024042 5333200.947947 0.021409 0.756779 0.103630 0.645049
1750711278.546170 37369026.827674 2971252.024042 5333200.947947 0.021409 0.756779 0.103630 0.645049
1750711278.551182 37369026.827674 2971252.024042 5333200.947947 0.021409 0.756779 0.103630 0.645049
1750711278.556194 37369026.827674 2971252.024042 5333200.947947 0.021409 0.756779 0.103630 0.645049
1750711278.561206 37369026.827674 2971252.024042 5333200.947947 0.021409 0.756779 0.103630 0.645049
1750711278.566219 37369026.827674 2971252.024042 5333200.947947 0.021409 0.756779 0.103630 0.645049
1750711278.571230 37369026.827674 2971252.024042 5333200.947947 0.021409 0.756779 0.103630 0.645049
1750711278.576243 37369026.852609 2971252.023301 5333200.936255 0.015539 0.743284 0.102074 0.660960
1750711278.581254 37369026.852609 2971252.023301 5333200.936255 0.015539 0.743284 0.102074 0.660960
1750711278.586267 37369026.852609 2971252.023301 5333200.936255 0.015539 0.743284 0.102074 0.660960
1750711278.591278 37369026.852609 2971252.023301 5333200.936255 0.015539 0.743284 0.102074 0.660960
1750711278.596291 37369026.852609 2971252.023301 5333200.936255 0.015539 0.743284 0.102074 0.660960
1750711278.601302 37369026.852609 2971252.023301 5333200.936255 0.015539 0.743284 0.102074 0.660960
1750711278.606315 37369026.852609 2971252.023301 5333200.936255 0.015539 0.743284 0.102074 0.660960
1750711278.611327 37369026.852609 2971252.023301 5333200.936255 0.015539 0.743284 0.102074 0.660960
1750711278.616339 37369026.852609 2971252.023301 5333200.936255 0.015539 0.743284 0.102074 0.660960
1750711278.621352 37369026.852609 2971252.023301 5333200.936255 0.015539 0.743284 0.102074 0.660960
1750711278.626363 37369026.852609 2971252.023301 5333200.936255 0.015539 0.743284 0.102074 0.660960
1750711278.631376 37369026.852609 2971252.023301 5333200.936255 0.015539 0.743284 0.102074 0.660960
1750711278.636387 37369026.852609 2971252.023301 5333200.936255 0.015539 0.743284 0.102074 0.660960
1750711278.641400 37369026.852609 2971252.023301 5333200.936255 0.015539 0.743284 0.102074 0.660960
1750711278.646413 37369026.852609 2971252.023301 5333200.936255 0.015539 0.743284 0.102074 0.660960
1750711278.651424 37369026.852609 2971252.023301 5333200.936255 0.015539 0.743284 0.102074 0.660960
1750711278.656437 37369026.852609 2971252.023301 5333200.936255 0.015539 0.743284 0.102074 0.660960
1750711278.661448 37369026.852609 2971252.023301 5333200.936255 0.015539 0.743284 0.102074 0.660960
1750711278.666461 37369026.852609 2971252.023301 5333200.936255 0.015539 0.743284 0.102074 0.660960
1750711278.671474 37369026.852609 2971252.023301 5333200.936255 0.015539 0.743284 0.102074 0.660960
1750711278.674860 37369026.877850 2971252.032978 5333200.927028 0.013110 0.731185 0.101262 0.674494
1750711278.676486 37369026.877850 2971252.032978 5333200.927028 0.013110 0.731185 0.101262 0.674494
1750711278.681498 37369026.877850 2971252.032978 5333200.927028 0.013110 0.731185 0.101262 0.674494
1750711278.686510 37369026.877850 2971252.032978 5333200.927028 0.013110 0.731185 0.101262 0.674494
1750711278.691523 37369026.877850 2971252.032978 5333200.927028 0.013110 0.731185 0.101262 0.674494
1750711278.696535 37369026.877850 2971252.032978 5333200.927028 0.013110 0.731185 0.101262 0.674494
1750711278.701547 37369026.877850 2971252.032978 5333200.927028 0.013110 0.731185 0.101262 0.674494
1750711278.706559 37369026.877850 2971252.032978 5333200.927028 0.013110 0.731185 0.101262 0.674494
1750711278.711571 37369026.877850 2971252.032978 5333200.927028 0.013110 0.731185 0.101262 0.674494
1750711278.716584 37369026.877850 2971252.032978 5333200.927028 0.013110 0.731185 0.101262 0.674494
1750711278.721596 37369026.877850 2971252.032978 5333200.927028 0.013110 0.731185 0.101262 0.674494
1750711278.726609 37369026.877850 2971252.032978 5333200.927028 0.013110 0.731185 0.101262 0.674494
1750711278.731621 37369026.877850 2971252.032978 5333200.927028 0.013110 0.731185 0.101262 0.674494
1750711278.736634 37369026.877850 2971252.032978 5333200.927028 0.013110 0.731185 0.101262 0.674494
1750711278.741646 37369026.877850 2971252.032978 5333200.927028 0.013110 0.731185 0.101262 0.674494
1750711278.746658 37369026.877850 2971252.032978 5333200.927028 0.013110 0.731185 0.101262 0.674494
1750711278.751671 37369026.877850 2971252.032978 5333200.927028 0.013110 0.731185 0.101262 0.674494
1750711278.756683 37369026.877850 2971252.032978 5333200.927028 0.013110 0.731185 0.101262 0.674494
1750711278.761696 37369026.877850 2971252.032978 5333200.927028 0.013110 0.731185 0.101262 0.674494
1750711278.766707 37369026.877850 2971252.032978 5333200.927028 0.013110 0.731185 0.101262 0.674494
1750711278.771720 37369026.877850 2971252.032978 5333200.927028 0.013110 0.731185 0.101262 0.674494
1750711278.776732 37369026.908213 2971252.032558 5333200.912122 0.010549 0.718304 0.098418 0.688652
1750711278.781745 37369026.908213 2971252.032558 5333200.912122 0.010549 0.718304 0.098418 0.688652
1750711278.786758 37369026.908213 2971252.032558 5333200.912122 0.010549 0.718304 0.098418 0.688652
1750711278.791770 37369026.908213 2971252.032558 5333200.912122 0.010549 0.718304 0.098418 0.688652
1750711278.796783 37369026.908213 2971252.032558 5333200.912122 0.010549 0.718304 0.098418 0.688652
1750711278.801795 37369026.908213 2971252.032558 5333200.912122 0.010549 0.718304 0.098418 0.688652
1750711278.806808 37369026.908213 2971252.032558 5333200.912122 0.010549 0.718304 0.098418 0.688652
1750711278.811820 37369026.908213 2971252.032558 5333200.912122 0.010549 0.718304 0.098418 0.688652
1750711278.816833 37369026.908213 2971252.032558 5333200.912122 0.010549 0.718304 0.098418 0.688652
1750711278.821846 37369026.908213 2971252.032558 5333200.912122 0.010549 0.718304 0.098418 0.688652
1750711278.826858 37369026.908213 2971252.032558 5333200.912122 0.010549 0.718304 0.098418 0.688652
1750711278.831871 37369026.908213 2971252.032558 5333200.912122 0.010549 0.718304 0.098418 0.688652
1750711278.836883 37369026.908213 2971252.032558 5333200.912122 0.010549 0.718304 0.098418 0.688652
1750711278.841896 37369026.908213 2971252.032558 5333200.912122 0.010549 0.718304 0.098418 0.688652
1750711278.846908 37369026.908213 2971252.032558 5333200.912122 0.010549 0.718304 0.098418 0.688652
1750711278.851921 37369026.908213 2971252.032558 5333200.912122 0.010549 0.718304 0.098418 0.688652
1750711278.856933 37369026.908213 2971252.032558 5333200.912122 0.010549 0.718304 0.098418 0.688652
1750711278.861946 37369026.908213 2971252.032558 5333200.912122 0.010549 0.718304 0.098418 0.688652
1750711278.866959 37369026.908213 2971252.032558 5333200.912122 0.010549 0.718304 0.098418 0.688652
1750711278.871971 37369026.908213 2971252.032558 5333200.912122 0.010549 0.718304 0.098418 0.688652
1750711278.876984 37369026.938024 2971252.033739 5333200.899703 0.008178 0.706771 0.095462 0.700924
1750711278.881996 37369026.938024 2971252.033739 5333200.899703 0.008178 0.706771 0.095462 0.700924
1750711278.887010 37369026.938024 2971252.033739 5333200.899703 0.008178 0.706771 0.095462 0.700924
1750711278.892021 37369026.938024 2971252.033739 5333200.899703 0.008178 0.706771 0.095462 0.700924
1750711278.897035 37369026.938024 2971252.033739 5333200.899703 0.008178 0.706771 0.095462 0.700924
1750711278.902048 37369026.938024 2971252.033739 5333200.899703 0.008178 0.706771 0.095462 0.700924
1750711278.907060 37369026.938024 2971252.033739 5333200.899703 0.008178 0.706771 0.095462 0.700924
1750711278.912073 37369026.938024 2971252.033739 5333200.899703 0.008178 0.706771 0.095462 0.700924
1750711278.917085 37369026.938024 2971252.033739 5333200.899703 0.008178 0.706771 0.095462 0.700924
1750711278.922098 37369026.938024 2971252.033739 5333200.899703 0.008178 0.706771 0.095462 0.700924
1750711278.927112 37369026.938024 2971252.033739 5333200.899703 0.008178 0.706771 0.095462 0.700924
1750711278.932124 37369026.938024 2971252.033739 5333200.899703 0.008178 0.706771 0.095462 0.700924
1750711278.937137 37369026.938024 2971252.033739 5333200.899703 0.008178 0.706771 0.095462 0.700924
1750711278.942149 37369026.938024 2971252.033739 5333200.899703 0.008178 0.706771 0.095462 0.700924
1750711278.947162 37369026.955828 2971252.036100 5333200.891072 0.006980 0.698634 0.093448 0.709316
1750711278.952175 37369026.955828 2971252.036100 5333200.891072 0.006980 0.698634 0.093448 0.709316
1750711278.957188 37369026.955828 2971252.036100 5333200.891072 0.006980 0.698634 0.093448 0.709316
1750711278.962200 37369026.955828 2971252.036100 5333200.891072 0.006980 0.698634 0.093448 0.709316
1750711278.967213 37369026.955828 2971252.036100 5333200.891072 0.006980 0.698634 0.093448 0.709316
1750711278.972227 37369026.955828 2971252.036100 5333200.891072 0.006980 0.698634 0.093448 0.709316
1750711278.977239 37369026.955828 2971252.036100 5333200.891072 0.006980 0.698634 0.093448 0.709316
1750711278.982252 37369026.955828 2971252.036100 5333200.891072 0.006980 0.698634 0.093448 0.709316
1750711278.987265 37369026.955828 2971252.036100 5333200.891072 0.006980 0.698634 0.093448 0.709316
1750711278.992278 37369026.955828 2971252.036100 5333200.891072 0.006980 0.698634 0.093448 0.709316
1750711278.997290 37369026.955828 2971252.036100 5333200.891072 0.006980 0.698634 0.093448 0.709316
1750711279.002304 37369026.955828 2971252.036100 5333200.891072 0.006980 0.698634 0.093448 0.709316
1750711279.007317 37369026.955828 2971252.036100 5333200.891072 0.006980 0.698634 0.093448 0.709316
1750711279.012330 37369026.974056 2971252.036159 5333200.884005 0.004689 0.690890 0.092044 0.717061
1750711279.017343 37369026.974056 2971252.036159 5333200.884005 0.004689 0.690890 0.092044 0.717061
1750711279.022355 37369026.974056 2971252.036159 5333200.884005 0.004689 0.690890 0.092044 0.717061
1750711279.027369 37369026.974056 2971252.036159 5333200.884005 0.004689 0.690890 0.092044 0.717061
1750711279.032381 37369026.974056 2971252.036159 5333200.884005 0.004689 0.690890 0.092044 0.717061
1750711279.037394 37369026.974056 2971252.036159 5333200.884005 0.004689 0.690890 0.092044 0.717061
1750711279.042407 37369026.974056 2971252.036159 5333200.884005 0.004689 0.690890 0.092044 0.717061
1750711279.047420 37369026.974056 2971252.036159 5333200.884005 0.004689 0.690890 0.092044 0.717061
1750711279.052434 37369026.974056 2971252.036159 5333200.884005 0.004689 0.690890 0.092044 0.717061
1750711279.057446 37369026.974056 2971252.036159 5333200.884005 0.004689 0.690890 0.092044 0.717061
1750711279.062459 37369026.974056 2971252.036159 5333200.884005 0.004689 0.690890 0.092044 0.717061
1750711279.067472 37369026.974056 2971252.036159 5333200.884005 0.004689 0.690890 0.092044 0.717061
1750711279.072485 37369026.974056 2971252.036159 5333200.884005 0.004689 0.690890 0.092044 0.717061
1750711279.077498 37369026.992399 2971252.036817 5333200.877631 0.003366 0.684032 0.090109 0.723857
1750711279.082511 37369026.992399 2971252.036817 5333200.877631 0.003366 0.684032 0.090109 0.723857
1750711279.087525 37369026.992399 2971252.036817 5333200.877631 0.003366 0.684032 0.090109 0.723857
1750711279.092537 37369026.992399 2971252.036817 5333200.877631 0.003366 0.684032 0.090109 0.723857
1750711279.097551 37369026.992399 2971252.036817 5333200.877631 0.003366 0.684032 0.090109 0.723857
1750711279.102564 37369026.992399 2971252.036817 5333200.877631 0.003366 0.684032 0.090109 0.723857
1750711279.107577 37369026.992399 2971252.036817 5333200.877631 0.003366 0.684032 0.090109 0.723857
1750711279.112589 37369026.992399 2971252.036817 5333200.877631 0.003366 0.684032 0.090109 0.723857
1750711279.117603 37369026.992399 2971252.036817 5333200.877631 0.003366 0.684032 0.090109 0.723857
1750711279.122617 37369026.992399 2971252.036817 5333200.877631 0.003366 0.684032 0.090109 0.723857
1750711279.127629 37369026.992399 2971252.036817 5333200.877631 0.003366 0.684032 0.090109 0.723857
1750711279.132643 37369026.992399 2971252.036817 5333200.877631 0.003366 0.684032 0.090109 0.723857
1750711279.137655 37369026.992399 2971252.036817 5333200.877631 0.003366 0.684032 0.090109 0.723857
1750711279.142669 37369026.992399 2971252.036817 5333200.877631 0.003366 0.684032 0.090109 0.723857
1750711279.147683 37369026.992399 2971252.036817 5333200.877631 0.003366 0.684032 0.090109 0.723857
1750711279.152695 37369026.992399 2971252.036817 5333200.877631 0.003366 0.684032 0.090109 0.723857
1750711279.157709 37369026.992399 2971252.036817 5333200.877631 0.003366 0.684032 0.090109 0.723857
1750711279.162722 37369026.992399 2971252.036817 5333200.877631 0.003366 0.684032 0.090109 0.723857
1750711279.167735 37369026.992399 2971252.036817 5333200.877631 0.003366 0.684032 0.090109 0.723857
1750711279.172748 37369026.992399 2971252.036817 5333200.877631 0.003366 0.684032 0.090109 0.723857
1750711279.177762 37369027.014552 2971252.039696 5333200.875395 0.003719 0.673807 0.089665 0.733437
1750711279.182775 37369027.014552 2971252.039696 5333200.875395 0.003719 0.673807 0.089665 0.733437
1750711279.187788 37369027.014552 2971252.039696 5333200.875395 0.003719 0.673807 0.089665 0.733437
1750711279.192802 37369027.014552 2971252.039696 5333200.875395 0.003719 0.673807 0.089665 0.733437
1750711279.197814 37369027.014552 2971252.039696 5333200.875395 0.003719 0.673807 0.089665 0.733437
1750711279.202828 37369027.014552 2971252.039696 5333200.875395 0.003719 0.673807 0.089665 0.733437
1750711279.207841 37369027.014552 2971252.039696 5333200.875395 0.003719 0.673807 0.089665 0.733437
1750711279.212855 37369027.014552 2971252.039696 5333200.875395 0.003719 0.673807 0.089665 0.733437
1750711279.217868 37369027.014552 2971252.039696 5333200.875395 0.003719 0.673807 0.089665 0.733437
1750711279.222881 37369027.014552 2971252.039696 5333200.875395 0.003719 0.673807 0.089665 0.733437
1750711279.227895 37369027.014552 2971252.039696 5333200.875395 0.003719 0.673807 0.089665 0.733437
1750711279.232908 37369027.014552 2971252.039696 5333200.875395 0.003719 0.673807 0.089665 0.733437
1750711279.237921 37369027.014552 2971252.039696 5333200.875395 0.003719 0.673807 0.089665 0.733437
1750711279.242934 37369027.014552 2971252.039696 5333200.875395 0.003719 0.673807 0.089665 0.733437
1750711279.247948 37369027.014552 2971252.039696 5333200.875395 0.003719 0.673807 0.089665 0.733437
1750711279.252961 37369027.014552 2971252.039696 5333200.875395 0.003719 0.673807 0.089665 0.733437
1750711279.257975 37369027.014552 2971252.039696 5333200.875395 0.003719 0.673807 0.089665 0.733437
1750711279.262989 37369027.014552 2971252.039696 5333200.875395 0.003719 0.673807 0.089665 0.733437
1750711279.268002 37369027.014552 2971252.039696 5333200.875395 0.003719 0.673807 0.089665 0.733437
1750711279.273015 37369027.014552 2971252.039696 5333200.875395 0.003719 0.673807 0.089665 0.733437
1750711279.278028 37369027.038462 2971252.038422 5333200.867600 0.004346 0.661286 0.089400 0.744775
1750711279.283042 37369027.038462 2971252.038422 5333200.867600 0.004346 0.661286 0.089400 0.744775
1750711279.288055 37369027.038462 2971252.038422 5333200.867600 0.004346 0.661286 0.089400 0.744775
1750711279.293069 37369027.038462 2971252.038422 5333200.867600 0.004346 0.661286 0.089400 0.744775
1750711279.298083 37369027.038462 2971252.038422 5333200.867600 0.004346 0.661286 0.089400 0.744775
1750711279.303096 37369027.038462 2971252.038422 5333200.867600 0.004346 0.661286 0.089400 0.744775
1750711279.308110 37369027.038462 2971252.038422 5333200.867600 0.004346 0.661286 0.089400 0.744775
1750711279.313123 37369027.038462 2971252.038422 5333200.867600 0.004346 0.661286 0.089400 0.744775
1750711279.318137 37369027.038462 2971252.038422 5333200.867600 0.004346 0.661286 0.089400 0.744775
1750711279.323150 37369027.038462 2971252.038422 5333200.867600 0.004346 0.661286 0.089400 0.744775
1750711279.328164 37369027.038462 2971252.038422 5333200.867600 0.004346 0.661286 0.089400 0.744775
1750711279.333178 37369027.038462 2971252.038422 5333200.867600 0.004346 0.661286 0.089400 0.744775
1750711279.338191 37369027.038462 2971252.038422 5333200.867600 0.004346 0.661286 0.089400 0.744775
1750711279.343204 37369027.038462 2971252.038422 5333200.867600 0.004346 0.661286 0.089400 0.744775
1750711279.348218 37369027.038462 2971252.038422 5333200.867600 0.004346 0.661286 0.089400 0.744775
1750711279.353232 37369027.038462 2971252.038422 5333200.867600 0.004346 0.661286 0.089400 0.744775
1750711279.358245 37369027.038462 2971252.038422 5333200.867600 0.004346 0.661286 0.089400 0.744775
1750711279.363259 37369027.038462 2971252.038422 5333200.867600 0.004346 0.661286 0.089400 0.744775
1750711279.368273 37369027.038462 2971252.038422 5333200.867600 0.004346 0.661286 0.089400 0.744775
1750711279.373286 37369027.038462 2971252.038422 5333200.867600 0.004346 0.661286 0.089400 0.744775
1750711279.378300 37369027.059386 2971252.037628 5333200.863438 0.006055 0.647784 0.087821 0.756721
1750711279.383313 37369027.059386 2971252.037628 5333200.863438 0.006055 0.647784 0.087821 0.756721
1750711279.388327 37369027.059386 2971252.037628 5333200.863438 0.006055 0.647784 0.087821 0.756721
1750711279.393340 37369027.059386 2971252.037628 5333200.863438 0.006055 0.647784 0.087821 0.756721
1750711279.398355 37369027.059386 2971252.037628 5333200.863438 0.006055 0.647784 0.087821 0.756721
1750711279.403368 37369027.059386 2971252.037628 5333200.863438 0.006055 0.647784 0.087821 0.756721
1750711279.408382 37369027.059386 2971252.037628 5333200.863438 0.006055 0.647784 0.087821 0.756721
1750711279.413396 37369027.059386 2971252.037628 5333200.863438 0.006055 0.647784 0.087821 0.756721
1750711279.418409 37369027.059386 2971252.037628 5333200.863438 0.006055 0.647784 0.087821 0.756721
1750711279.423423 37369027.059386 2971252.037628 5333200.863438 0.006055 0.647784 0.087821 0.756721
1750711279.428437 37369027.059386 2971252.037628 5333200.863438 0.006055 0.647784 0.087821 0.756721
1750711279.433451 37369027.059386 2971252.037628 5333200.863438 0.006055 0.647784 0.087821 0.756721
1750711279.438465 37369027.059386 2971252.037628 5333200.863438 0.006055 0.647784 0.087821 0.756721
1750711279.443478 37369027.059386 2971252.037628 5333200.863438 0.006055 0.647784 0.087821 0.756721
1750711279.448492 37369027.059386 2971252.037628 5333200.863438 0.006055 0.647784 0.087821 0.756721
1750711279.453505 37369027.059386 2971252.037628 5333200.863438 0.006055 0.647784 0.087821 0.756721
1750711279.458520 37369027.059386 2971252.037628 5333200.863438 0.006055 0.647784 0.087821 0.756721
1750711279.463533 37369027.059386 2971252.037628 5333200.863438 0.006055 0.647784 0.087821 0.756721
1750711279.468547 37369027.059386 2971252.037628 5333200.863438 0.006055 0.647784 0.087821 0.756721
1750711279.473561 37369027.059386 2971252.037628 5333200.863438 0.006055 0.647784 0.087821 0.756721
1750711279.478575 37369027.078505 2971252.038397 5333200.861562 0.007697 0.629414 0.084317 0.772444
1750711279.483589 37369027.078505 2971252.038397 5333200.861562 0.007697 0.629414 0.084317 0.772444
1750711279.488602 37369027.078505 2971252.038397 5333200.861562 0.007697 0.629414 0.084317 0.772444
1750711279.493617 37369027.078505 2971252.038397 5333200.861562 0.007697 0.629414 0.084317 0.772444
1750711279.498630 37369027.078505 2971252.038397 5333200.861562 0.007697 0.629414 0.084317 0.772444
1750711279.503644 37369027.078505 2971252.038397 5333200.861562 0.007697 0.629414 0.084317 0.772444
1750711279.508659 37369027.078505 2971252.038397 5333200.861562 0.007697 0.629414 0.084317 0.772444
1750711279.513671 37369027.078505 2971252.038397 5333200.861562 0.007697 0.629414 0.084317 0.772444
1750711279.518671 37369027.078505 2971252.038397 5333200.861562 0.007697 0.629414 0.084317 0.772444
1750711279.523669 37369027.078505 2971252.038397 5333200.861562 0.007697 0.629414 0.084317 0.772444
1750711279.528669 37369027.078505 2971252.038397 5333200.861562 0.007697 0.629414 0.084317 0.772444
1750711279.533667 37369027.078505 2971252.038397 5333200.861562 0.007697 0.629414 0.084317 0.772444
1750711279.538666 37369027.078505 2971252.038397 5333200.861562 0.007697 0.629414 0.084317 0.772444
1750711279.543665 37369027.078505 2971252.038397 5333200.861562 0.007697 0.629414 0.084317 0.772444
1750711279.548664 37369027.078505 2971252.038397 5333200.861562 0.007697 0.629414 0.084317 0.772444
1750711279.553664 37369027.078505 2971252.038397 5333200.861562 0.007697 0.629414 0.084317 0.772444
1750711279.558662 37369027.078505 2971252.038397 5333200.861562 0.007697 0.629414 0.084317 0.772444
1750711279.563662 37369027.078505 2971252.038397 5333200.861562 0.007697 0.629414 0.084317 0.772444
1750711279.568660 37369027.078505 2971252.038397 5333200.861562 0.007697 0.629414 0.084317 0.772444
1750711279.573659 37369027.078505 2971252.038397 5333200.861562 0.007697 0.629414 0.084317 0.772444
1750711279.578658 37369027.097418 2971252.041190 5333200.861767 0.006533 0.607395 0.077523 0.790581
1750711279.583657 37369027.097418 2971252.041190 5333200.861767 0.006533 0.607395 0.077523 0.790581
1750711279.588656 37369027.097418 2971252.041190 5333200.861767 0.006533 0.607395 0.077523 0.790581
1750711279.593655 37369027.097418 2971252.041190 5333200.861767 0.006533 0.607395 0.077523 0.790581
1750711279.598654 37369027.097418 2971252.041190 5333200.861767 0.006533 0.607395 0.077523 0.790581
1750711279.603653 37369027.097418 2971252.041190 5333200.861767 0.006533 0.607395 0.077523 0.790581
1750711279.608652 37369027.097418 2971252.041190 5333200.861767 0.006533 0.607395 0.077523 0.790581
1750711279.613651 37369027.097418 2971252.041190 5333200.861767 0.006533 0.607395 0.077523 0.790581
1750711279.618650 37369027.097418 2971252.041190 5333200.861767 0.006533 0.607395 0.077523 0.790581
1750711279.623649 37369027.097418 2971252.041190 5333200.861767 0.006533 0.607395 0.077523 0.790581
1750711279.628648 37369027.097418 2971252.041190 5333200.861767 0.006533 0.607395 0.077523 0.790581
1750711279.633647 37369027.097418 2971252.041190 5333200.861767 0.006533 0.607395 0.077523 0.790581
1750711279.638645 37369027.097418 2971252.041190 5333200.861767 0.006533 0.607395 0.077523 0.790581
1750711279.643645 37369027.097418 2971252.041190 5333200.861767 0.006533 0.607395 0.077523 0.790581
1750711279.648643 37369027.107471 2971252.041249 5333200.865321 0.005115 0.595546 0.074554 0.799837
1750711279.653642 37369027.107471 2971252.041249 5333200.865321 0.005115 0.595546 0.074554 0.799837
1750711279.658641 37369027.107471 2971252.041249 5333200.865321 0.005115 0.595546 0.074554 0.799837
1750711279.663640 37369027.107471 2971252.041249 5333200.865321 0.005115 0.595546 0.074554 0.799837
1750711279.668640 37369027.107471 2971252.041249 5333200.865321 0.005115 0.595546 0.074554 0.799837
1750711279.673638 37369027.107471 2971252.041249 5333200.865321 0.005115 0.595546 0.074554 0.799837
1750711279.678637 37369027.107471 2971252.041249 5333200.865321 0.005115 0.595546 0.074554 0.799837
1750711279.683635 37369027.107471 2971252.041249 5333200.865321 0.005115 0.595546 0.074554 0.799837
1750711279.688635 37369027.107471 2971252.041249 5333200.865321 0.005115 0.595546 0.074554 0.799837
1750711279.693634 37369027.107471 2971252.041249 5333200.865321 0.005115 0.595546 0.074554 0.799837
1750711279.698632 37369027.107471 2971252.041249 5333200.865321 0.005115 0.595546 0.074554 0.799837
1750711279.703632 37369027.107471 2971252.041249 5333200.865321 0.005115 0.595546 0.074554 0.799837
1750711279.708630 37369027.107471 2971252.041249 5333200.865321 0.005115 0.595546 0.074554 0.799837
1750711279.713630 37369027.107471 2971252.041249 5333200.865321 0.005115 0.595546 0.074554 0.799837
1750711279.718628 37369027.107471 2971252.041249 5333200.865321 0.005115 0.595546 0.074554 0.799837
1750711279.723627 37369027.107471 2971252.041249 5333200.865321 0.005115 0.595546 0.074554 0.799837
1750711279.728626 37369027.107471 2971252.041249 5333200.865321 0.005115 0.595546 0.074554 0.799837
1750711279.733625 37369027.107471 2971252.041249 5333200.865321 0.005115 0.595546 0.074554 0.799837
1750711279.738624 37369027.107471 2971252.041249 5333200.865321 0.005115 0.595546 0.074554 0.799837
1750711279.743622 37369027.107471 2971252.041249 5333200.865321 0.005115 0.595546 0.074554 0.799837
1750711279.748622 37369027.121780 2971252.046113 5333200.869999 0.004752 0.577162 0.072220 0.813416
1750711279.753620 37369027.121780 2971252.046113 5333200.869999 0.004752 0.577162 0.072220 0.813416
1750711279.758619 37369027.121780 2971252.046113 5333200.869999 0.004752 0.577162 0.072220 0.813416
1750711279.763618 37369027.121780 2971252.046113 5333200.869999 0.004752 0.577162 0.072220 0.813416
1750711279.768617 37369027.121780 2971252.046113 5333200.869999 0.004752 0.577162 0.072220 0.813416
1750711279.773616 37369027.121780 2971252.046113 5333200.869999 0.004752 0.577162 0.072220 0.813416
1750711279.778615 37369027.121780 2971252.046113 5333200.869999 0.004752 0.577162 0.072220 0.813416
1750711279.783614 37369027.121780 2971252.046113 5333200.869999 0.004752 0.577162 0.072220 0.813416
1750711279.788612 37369027.121780 2971252.046113 5333200.869999 0.004752 0.577162 0.072220 0.813416
1750711279.793611 37369027.121780 2971252.046113 5333200.869999 0.004752 0.577162 0.072220 0.813416
1750711279.798610 37369027.121780 2971252.046113 5333200.869999 0.004752 0.577162 0.072220 0.813416
1750711279.803609 37369027.121780 2971252.046113 5333200.869999 0.004752 0.577162 0.072220 0.813416
1750711279.808608 37369027.121780 2971252.046113 5333200.869999 0.004752 0.577162 0.072220 0.813416
1750711279.813607 37369027.131447 2971252.048254 5333200.874904 0.004179 0.564433 0.069663 0.822523
1750711279.818606 37369027.131447 2971252.048254 5333200.874904 0.004179 0.564433 0.069663 0.822523
1750711279.823604 37369027.131447 2971252.048254 5333200.874904 0.004179 0.564433 0.069663 0.822523
1750711279.828604 37369027.131447 2971252.048254 5333200.874904 0.004179 0.564433 0.069663 0.822523
1750711279.833603 37369027.131447 2971252.048254 5333200.874904 0.004179 0.564433 0.069663 0.822523
1750711279.838601 37369027.131447 2971252.048254 5333200.874904 0.004179 0.564433 0.069663 0.822523
1750711279.843600 37369027.131447 2971252.048254 5333200.874904 0.004179 0.564433 0.069663 0.822523
