1750970626.322324 -0.000000 -0.000000 -0.000000 -0.000000 0.000000 0.000000 1.000000
1750970625.739061 0.012931 -0.031328 -0.280938 0.009931 0.020202 0.016194 0.999616
1750970625.872381 0.018546 -0.025328 -0.213182 0.005772 0.010588 0.011548 0.999861
1750970626.039029 0.016660 -0.029187 -0.151596 0.001633 -0.002543 0.007427 0.999968
1750970626.205673 0.008544 -0.015275 -0.074064 0.002546 -0.006957 0.003372 0.999967
1750970626.322324 -0.000000 -0.000000 -0.000000 -0.000000 0.000000 0.000000 1.000000
1750970626.324607 -0.000000 -0.000000 -0.000000 -0.000000 0.000000 0.000000 1.000000
1750970626.329605 -0.000000 -0.000000 -0.000000 -0.000000 0.000000 0.000000 1.000000
1750970626.334605 -0.000000 -0.000000 -0.000000 -0.000000 0.000000 0.000000 1.000000
1750970626.339604 -0.000000 -0.000000 -0.000000 -0.000000 0.000000 0.000000 1.000000
1750970626.344603 -0.000000 -0.000000 -0.000000 -0.000000 0.000000 0.000000 1.000000
1750970626.349601 -0.000000 -0.000000 -0.000000 -0.000000 0.000000 0.000000 1.000000
1750970626.354601 -0.000000 -0.000000 -0.000000 -0.000000 0.000000 0.000000 1.000000
1750970626.355652 -0.000000 -0.000000 -0.000000 -0.000000 0.000000 0.000000 1.000000
1750970626.359600 -0.000000 -0.000000 -0.000000 -0.000000 0.000000 0.000000 1.000000
1750970626.364598 -0.000000 -0.000000 -0.000000 -0.000000 0.000000 0.000000 1.000000
1750970626.369597 -0.000000 -0.000000 -0.000000 -0.000000 0.000000 0.000000 1.000000
1750970626.374597 -0.000000 -0.000000 -0.000000 -0.000000 0.000000 0.000000 1.000000
1750970626.379595 -0.000000 -0.000000 -0.000000 -0.000000 0.000000 0.000000 1.000000
1750970626.384594 -0.000000 -0.000000 -0.000000 -0.000000 0.000000 0.000000 1.000000
1750970626.389593 -0.008687 0.003220 0.029280 0.002064 0.002412 -0.002607 0.999992
1750970626.394592 -0.008687 0.003220 0.029280 0.002064 0.002412 -0.002607 0.999992
1750970626.399591 -0.008687 0.003220 0.029280 0.002064 0.002412 -0.002607 0.999992
1750970626.404590 -0.008687 0.003220 0.029280 0.002064 0.002412 -0.002607 0.999992
1750970626.409589 -0.008687 0.003220 0.029280 0.002064 0.002412 -0.002607 0.999992
1750970626.414588 -0.008687 0.003220 0.029280 0.002064 0.002412 -0.002607 0.999992
1750970626.419587 -0.008687 0.003220 0.029280 0.002064 0.002412 -0.002607 0.999992
1750970626.424585 -0.015134 0.001401 0.032502 0.003667 0.003557 -0.002115 0.999985
1750970626.429584 -0.015134 0.001401 0.032502 0.003667 0.003557 -0.002115 0.999985
1750970626.434584 -0.015134 0.001401 0.032502 0.003667 0.003557 -0.002115 0.999985
1750970626.439582 -0.015134 0.001401 0.032502 0.003667 0.003557 -0.002115 0.999985
1750970626.444581 -0.015134 0.001401 0.032502 0.003667 0.003557 -0.002115 0.999985
1750970626.449579 -0.015134 0.001401 0.032502 0.003667 0.003557 -0.002115 0.999985
1750970626.454578 -0.015134 0.001401 0.032502 0.003667 0.003557 -0.002115 0.999985
1750970626.459578 -0.017619 0.001971 0.052592 0.005534 0.004095 -0.002669 0.999973
1750970626.464576 -0.017619 0.001971 0.052592 0.005534 0.004095 -0.002669 0.999973
1750970626.469575 -0.017619 0.001971 0.052592 0.005534 0.004095 -0.002669 0.999973
1750970626.474574 -0.017619 0.001971 0.052592 0.005534 0.004095 -0.002669 0.999973
1750970626.479573 -0.017619 0.001971 0.052592 0.005534 0.004095 -0.002669 0.999973
1750970626.484572 -0.017619 0.001971 0.052592 0.005534 0.004095 -0.002669 0.999973
1750970626.489571 -0.020437 0.001737 0.068599 0.007274 0.004884 -0.002795 0.999958
1750970626.494569 -0.020437 0.001737 0.068599 0.007274 0.004884 -0.002795 0.999958
1750970626.499569 -0.020437 0.001737 0.068599 0.007274 0.004884 -0.002795 0.999958
1750970626.504567 -0.020437 0.001737 0.068599 0.007274 0.004884 -0.002795 0.999958
1750970626.505629 -0.020437 0.001737 0.068599 0.007274 0.004884 -0.002795 0.999958
1750970626.509566 -0.020437 0.001737 0.068599 0.007274 0.004884 -0.002795 0.999958
1750970626.514565 -0.020437 0.001737 0.068599 0.007274 0.004884 -0.002795 0.999958
1750970626.519563 -0.020437 0.001737 0.068599 0.007274 0.004884 -0.002795 0.999958
1750970626.524563 -0.023309 0.004843 0.085740 0.009136 0.005834 -0.002725 0.999938
1750970626.529562 -0.023309 0.004843 0.085740 0.009136 0.005834 -0.002725 0.999938
1750970626.534560 -0.023309 0.004843 0.085740 0.009136 0.005834 -0.002725 0.999938
1750970626.539559 -0.023309 0.004843 0.085740 0.009136 0.005834 -0.002725 0.999938
1750970626.544558 -0.023309 0.004843 0.085740 0.009136 0.005834 -0.002725 0.999938
1750970626.549557 -0.023309 0.004843 0.085740 0.009136 0.005834 -0.002725 0.999938
1750970626.554556 -0.023309 0.004843 0.085740 0.009136 0.005834 -0.002725 0.999938
1750970626.559554 -0.029174 0.003839 0.101996 0.009215 0.007066 -0.002958 0.999928
1750970626.564554 -0.029174 0.003839 0.101996 0.009215 0.007066 -0.002958 0.999928
1750970626.569552 -0.029174 0.003839 0.101996 0.009215 0.007066 -0.002958 0.999928
1750970626.574551 -0.029174 0.003839 0.101996 0.009215 0.007066 -0.002958 0.999928
1750970626.579550 -0.029174 0.003839 0.101996 0.009215 0.007066 -0.002958 0.999928
1750970626.584549 -0.029174 0.003839 0.101996 0.009215 0.007066 -0.002958 0.999928
1750970626.589548 -0.033381 0.003203 0.119251 0.008459 0.008092 -0.001940 0.999930
1750970626.594546 -0.033381 0.003203 0.119251 0.008459 0.008092 -0.001940 0.999930
1750970626.599545 -0.033381 0.003203 0.119251 0.008459 0.008092 -0.001940 0.999930
1750970626.604543 -0.033381 0.003203 0.119251 0.008459 0.008092 -0.001940 0.999930
1750970626.609543 -0.033381 0.003203 0.119251 0.008459 0.008092 -0.001940 0.999930
1750970626.614542 -0.033381 0.003203 0.119251 0.008459 0.008092 -0.001940 0.999930
1750970626.619540 -0.033381 0.003203 0.119251 0.008459 0.008092 -0.001940 0.999930
1750970626.624540 -0.039475 0.007387 0.133900 0.008984 0.009138 -0.001004 0.999917
1750970626.629539 -0.039475 0.007387 0.133900 0.008984 0.009138 -0.001004 0.999917
1750970626.634537 -0.039475 0.007387 0.133900 0.008984 0.009138 -0.001004 0.999917
1750970626.638941 -0.039475 0.007387 0.133900 0.008984 0.009138 -0.001004 0.999917
1750970626.639536 -0.039475 0.007387 0.133900 0.008984 0.009138 -0.001004 0.999917
1750970626.644534 -0.039475 0.007387 0.133900 0.008984 0.009138 -0.001004 0.999917
1750970626.649534 -0.039475 0.007387 0.133900 0.008984 0.009138 -0.001004 0.999917
1750970626.654532 -0.039475 0.007387 0.133900 0.008984 0.009138 -0.001004 0.999917
1750970626.659531 -0.043866 0.007341 0.150302 0.009470 0.009727 -0.000004 0.999908
1750970626.664530 -0.043866 0.007341 0.150302 0.009470 0.009727 -0.000004 0.999908
1750970626.669529 -0.043866 0.007341 0.150302 0.009470 0.009727 -0.000004 0.999908
1750970626.674528 -0.043866 0.007341 0.150302 0.009470 0.009727 -0.000004 0.999908
1750970626.679527 -0.043866 0.007341 0.150302 0.009470 0.009727 -0.000004 0.999908
1750970626.684525 -0.043866 0.007341 0.150302 0.009470 0.009727 -0.000004 0.999908
1750970626.689526 -0.056755 0.000862 0.166142 0.009557 0.010790 -0.000210 0.999896
1750970626.694525 -0.056755 0.000862 0.166142 0.009557 0.010790 -0.000210 0.999896
1750970626.699523 -0.056755 0.000862 0.166142 0.009557 0.010790 -0.000210 0.999896
1750970626.704522 -0.056755 0.000862 0.166142 0.009557 0.010790 -0.000210 0.999896
1750970626.709522 -0.056755 0.000862 0.166142 0.009557 0.010790 -0.000210 0.999896
1750970626.714521 -0.056755 0.000862 0.166142 0.009557 0.010790 -0.000210 0.999896
1750970626.719519 -0.056755 0.000862 0.166142 0.009557 0.010790 -0.000210 0.999896
1750970626.724518 -0.069110 -0.006259 0.178871 0.010086 0.012185 0.001373 0.999874
1750970626.729518 -0.069110 -0.006259 0.178871 0.010086 0.012185 0.001373 0.999874
1750970626.734516 -0.069110 -0.006259 0.178871 0.010086 0.012185 0.001373 0.999874
1750970626.739515 -0.069110 -0.006259 0.178871 0.010086 0.012185 0.001373 0.999874
1750970626.744514 -0.069110 -0.006259 0.178871 0.010086 0.012185 0.001373 0.999874
1750970626.749513 -0.069110 -0.006259 0.178871 0.010086 0.012185 0.001373 0.999874
1750970626.754513 -0.069110 -0.006259 0.178871 0.010086 0.012185 0.001373 0.999874
1750970626.759511 -0.059911 0.002590 0.198653 0.012153 0.011175 0.002381 0.999861
1750970626.764510 -0.059911 0.002590 0.198653 0.012153 0.011175 0.002381 0.999861
1750970626.769509 -0.059911 0.002590 0.198653 0.012153 0.011175 0.002381 0.999861
1750970626.774509 -0.059911 0.002590 0.198653 0.012153 0.011175 0.002381 0.999861
1750970626.779507 -0.059911 0.002590 0.198653 0.012153 0.011175 0.002381 0.999861
1750970626.784506 -0.059911 0.002590 0.198653 0.012153 0.011175 0.002381 0.999861
1750970626.788921 -0.059911 0.002590 0.198653 0.012153 0.011175 0.002381 0.999861
1750970626.789505 -0.059911 0.002590 0.198653 0.012153 0.011175 0.002381 0.999861
1750970626.794504 -0.059911 0.002590 0.198653 0.012153 0.011175 0.002381 0.999861
1750970626.799503 -0.059911 0.002590 0.198653 0.012153 0.011175 0.002381 0.999861
1750970626.804502 -0.059911 0.002590 0.198653 0.012153 0.011175 0.002381 0.999861
1750970626.809501 -0.059911 0.002590 0.198653 0.012153 0.011175 0.002381 0.999861
1750970626.814500 -0.059911 0.002590 0.198653 0.012153 0.011175 0.002381 0.999861
1750970626.819499 -0.059911 0.002590 0.198653 0.012153 0.011175 0.002381 0.999861
1750970626.824498 -0.067252 0.006550 0.227955 0.009420 0.014102 0.002622 0.999853
1750970626.829497 -0.067252 0.006550 0.227955 0.009420 0.014102 0.002622 0.999853
1750970626.834496 -0.067252 0.006550 0.227955 0.009420 0.014102 0.002622 0.999853
1750970626.839494 -0.067252 0.006550 0.227955 0.009420 0.014102 0.002622 0.999853
1750970626.844494 -0.067252 0.006550 0.227955 0.009420 0.014102 0.002622 0.999853
1750970626.849493 -0.067252 0.006550 0.227955 0.009420 0.014102 0.002622 0.999853
1750970626.854491 -0.067252 0.006550 0.227955 0.009420 0.014102 0.002622 0.999853
1750970626.859490 -0.071288 0.008591 0.244097 0.006606 0.015882 0.000978 0.999852
1750970626.864490 -0.071288 0.008591 0.244097 0.006606 0.015882 0.000978 0.999852
1750970626.869489 -0.071288 0.008591 0.244097 0.006606 0.015882 0.000978 0.999852
1750970626.874488 -0.071288 0.008591 0.244097 0.006606 0.015882 0.000978 0.999852
1750970626.879486 -0.071288 0.008591 0.244097 0.006606 0.015882 0.000978 0.999852
1750970626.884486 -0.071288 0.008591 0.244097 0.006606 0.015882 0.000978 0.999852
1750970626.889485 -0.073683 0.007340 0.259439 0.003748 0.017247 -0.000546 0.999844
1750970626.894484 -0.073683 0.007340 0.259439 0.003748 0.017247 -0.000546 0.999844
1750970626.899482 -0.073683 0.007340 0.259439 0.003748 0.017247 -0.000546 0.999844
1750970626.904482 -0.073683 0.007340 0.259439 0.003748 0.017247 -0.000546 0.999844
1750970626.909480 -0.073683 0.007340 0.259439 0.003748 0.017247 -0.000546 0.999844
1750970626.914479 -0.073683 0.007340 0.259439 0.003748 0.017247 -0.000546 0.999844
1750970626.919478 -0.073683 0.007340 0.259439 0.003748 0.017247 -0.000546 0.999844
1750970626.924477 -0.076069 0.007416 0.274396 0.002160 0.018052 -0.002075 0.999833
1750970626.929476 -0.076069 0.007416 0.274396 0.002160 0.018052 -0.002075 0.999833
1750970626.934475 -0.076069 0.007416 0.274396 0.002160 0.018052 -0.002075 0.999833
1750970626.938901 -0.076069 0.007416 0.274396 0.002160 0.018052 -0.002075 0.999833
1750970626.939474 -0.076069 0.007416 0.274396 0.002160 0.018052 -0.002075 0.999833
1750970626.944473 -0.076069 0.007416 0.274396 0.002160 0.018052 -0.002075 0.999833
1750970626.949472 -0.076069 0.007416 0.274396 0.002160 0.018052 -0.002075 0.999833
1750970626.954471 -0.076069 0.007416 0.274396 0.002160 0.018052 -0.002075 0.999833
1750970626.959469 -0.085799 0.003949 0.291383 0.000459 0.018606 -0.002529 0.999824
1750970626.964469 -0.085799 0.003949 0.291383 0.000459 0.018606 -0.002529 0.999824
1750970626.969468 -0.085799 0.003949 0.291383 0.000459 0.018606 -0.002529 0.999824
1750970626.974466 -0.085799 0.003949 0.291383 0.000459 0.018606 -0.002529 0.999824
1750970626.979465 -0.085799 0.003949 0.291383 0.000459 0.018606 -0.002529 0.999824
1750970626.984465 -0.085799 0.003949 0.291383 0.000459 0.018606 -0.002529 0.999824
1750970626.989463 -0.091015 0.008999 0.302192 0.000215 0.017813 -0.002558 0.999838
1750970626.994462 -0.091015 0.008999 0.302192 0.000215 0.017813 -0.002558 0.999838
1750970626.999461 -0.091015 0.008999 0.302192 0.000215 0.017813 -0.002558 0.999838
1750970627.004460 -0.091015 0.008999 0.302192 0.000215 0.017813 -0.002558 0.999838
1750970627.009459 -0.091015 0.008999 0.302192 0.000215 0.017813 -0.002558 0.999838
1750970627.014458 -0.091015 0.008999 0.302192 0.000215 0.017813 -0.002558 0.999838
1750970627.019456 -0.091015 0.008999 0.302192 0.000215 0.017813 -0.002558 0.999838
1750970627.024455 -0.084834 0.006104 0.322175 -0.001284 0.015164 -0.001722 0.999883
1750970627.029455 -0.084834 0.006104 0.322175 -0.001284 0.015164 -0.001722 0.999883
1750970627.034453 -0.084834 0.006104 0.322175 -0.001284 0.015164 -0.001722 0.999883
1750970627.039452 -0.084834 0.006104 0.322175 -0.001284 0.015164 -0.001722 0.999883
1750970627.044451 -0.084834 0.006104 0.322175 -0.001284 0.015164 -0.001722 0.999883
1750970627.049450 -0.084834 0.006104 0.322175 -0.001284 0.015164 -0.001722 0.999883
1750970627.054449 -0.084834 0.006104 0.322175 -0.001284 0.015164 -0.001722 0.999883
1750970627.055550 -0.087143 0.004055 0.336794 -0.002532 0.012909 -0.000857 0.999913
1750970627.059448 -0.087143 0.004055 0.336794 -0.002532 0.012909 -0.000857 0.999913
1750970627.064446 -0.087143 0.004055 0.336794 -0.002532 0.012909 -0.000857 0.999913
1750970627.069446 -0.087143 0.004055 0.336794 -0.002532 0.012909 -0.000857 0.999913
1750970627.072214 -0.087143 0.004055 0.336794 -0.002532 0.012909 -0.000857 0.999913
1750970627.074445 -0.087143 0.004055 0.336794 -0.002532 0.012909 -0.000857 0.999913
1750970627.079443 -0.087143 0.004055 0.336794 -0.002532 0.012909 -0.000857 0.999913
1750970627.084442 -0.087143 0.004055 0.336794 -0.002532 0.012909 -0.000857 0.999913
1750970627.089441 -0.090073 0.002749 0.350793 -0.003226 0.010311 -0.000271 0.999942
1750970627.094440 -0.090073 0.002749 0.350793 -0.003226 0.010311 -0.000271 0.999942
1750970627.099439 -0.090073 0.002749 0.350793 -0.003226 0.010311 -0.000271 0.999942
1750970627.104437 -0.090073 0.002749 0.350793 -0.003226 0.010311 -0.000271 0.999942
1750970627.109436 -0.090073 0.002749 0.350793 -0.003226 0.010311 -0.000271 0.999942
1750970627.114436 -0.090073 0.002749 0.350793 -0.003226 0.010311 -0.000271 0.999942
1750970627.119434 -0.090073 0.002749 0.350793 -0.003226 0.010311 -0.000271 0.999942
1750970627.124433 -0.083189 0.008518 0.367775 -0.003645 0.006582 0.000749 0.999971
1750970627.129431 -0.083189 0.008518 0.367775 -0.003645 0.006582 0.000749 0.999971
1750970627.134431 -0.083189 0.008518 0.367775 -0.003645 0.006582 0.000749 0.999971
1750970627.139429 -0.083189 0.008518 0.367775 -0.003645 0.006582 0.000749 0.999971
1750970627.144428 -0.083189 0.008518 0.367775 -0.003645 0.006582 0.000749 0.999971
1750970627.149427 -0.083189 0.008518 0.367775 -0.003645 0.006582 0.000749 0.999971
1750970627.154426 -0.083189 0.008518 0.367775 -0.003645 0.006582 0.000749 0.999971
1750970627.159425 -0.085172 0.007763 0.382099 -0.006720 0.003482 0.001449 0.999970
1750970627.164424 -0.085172 0.007763 0.382099 -0.006720 0.003482 0.001449 0.999970
1750970627.169422 -0.085172 0.007763 0.382099 -0.006720 0.003482 0.001449 0.999970
1750970627.174422 -0.085172 0.007763 0.382099 -0.006720 0.003482 0.001449 0.999970
1750970627.179420 -0.085172 0.007763 0.382099 -0.006720 0.003482 0.001449 0.999970
1750970627.184419 -0.085172 0.007763 0.382099 -0.006720 0.003482 0.001449 0.999970
1750970627.189417 -0.083585 0.011650 0.396753 -0.009530 -0.000330 0.002282 0.999952
1750970627.194416 -0.083585 0.011650 0.396753 -0.009530 -0.000330 0.002282 0.999952
1750970627.199416 -0.083585 0.011650 0.396753 -0.009530 -0.000330 0.002282 0.999952
1750970627.204414 -0.083585 0.011650 0.396753 -0.009530 -0.000330 0.002282 0.999952
1750970627.205526 -0.083585 0.011650 0.396753 -0.009530 -0.000330 0.002282 0.999952
1750970627.209413 -0.083585 0.011650 0.396753 -0.009530 -0.000330 0.002282 0.999952
1750970627.214412 -0.083585 0.011650 0.396753 -0.009530 -0.000330 0.002282 0.999952
1750970627.219411 -0.083585 0.011650 0.396753 -0.009530 -0.000330 0.002282 0.999952
1750970627.224410 -0.083573 0.016122 0.413971 -0.011396 -0.004436 0.003053 0.999921
1750970627.229408 -0.083573 0.016122 0.413971 -0.011396 -0.004436 0.003053 0.999921
1750970627.234407 -0.083573 0.016122 0.413971 -0.011396 -0.004436 0.003053 0.999921
1750970627.239406 -0.083573 0.016122 0.413971 -0.011396 -0.004436 0.003053 0.999921
1750970627.244405 -0.083573 0.016122 0.413971 -0.011396 -0.004436 0.003053 0.999921
1750970627.249403 -0.083573 0.016122 0.413971 -0.011396 -0.004436 0.003053 0.999921
1750970627.254402 -0.083573 0.016122 0.413971 -0.011396 -0.004436 0.003053 0.999921
1750970627.259402 -0.079117 0.024247 0.427606 -0.011785 -0.009394 0.004860 0.999875
1750970627.264400 -0.079117 0.024247 0.427606 -0.011785 -0.009394 0.004860 0.999875
1750970627.269399 -0.079117 0.024247 0.427606 -0.011785 -0.009394 0.004860 0.999875
1750970627.274397 -0.079117 0.024247 0.427606 -0.011785 -0.009394 0.004860 0.999875
1750970627.279397 -0.079117 0.024247 0.427606 -0.011785 -0.009394 0.004860 0.999875
1750970627.284395 -0.079117 0.024247 0.427606 -0.011785 -0.009394 0.004860 0.999875
1750970627.289394 -0.079117 0.024247 0.427606 -0.011785 -0.009394 0.004860 0.999875
1750970627.294392 -0.079117 0.024247 0.427606 -0.011785 -0.009394 0.004860 0.999875
1750970627.299392 -0.079117 0.024247 0.427606 -0.011785 -0.009394 0.004860 0.999875
1750970627.304390 -0.079117 0.024247 0.427606 -0.011785 -0.009394 0.004860 0.999875
1750970627.309389 -0.079117 0.024247 0.427606 -0.011785 -0.009394 0.004860 0.999875
1750970627.314388 -0.079117 0.024247 0.427606 -0.011785 -0.009394 0.004860 0.999875
1750970627.319386 -0.079117 0.024247 0.427606 -0.011785 -0.009394 0.004860 0.999875
1750970627.324386 -0.071196 0.025131 0.459049 -0.010357 -0.020299 0.010451 0.999686
1750970627.329384 -0.071196 0.025131 0.459049 -0.010357 -0.020299 0.010451 0.999686
1750970627.334383 -0.071196 0.025131 0.459049 -0.010357 -0.020299 0.010451 0.999686
1750970627.339381 -0.071196 0.025131 0.459049 -0.010357 -0.020299 0.010451 0.999686
1750970627.344381 -0.071196 0.025131 0.459049 -0.010357 -0.020299 0.010451 0.999686
1750970627.349379 -0.071196 0.025131 0.459049 -0.010357 -0.020299 0.010451 0.999686
1750970627.354378 -0.071196 0.025131 0.459049 -0.010357 -0.020299 0.010451 0.999686
1750970627.359376 -0.066922 0.021036 0.477711 -0.009995 -0.026119 0.013808 0.999514
1750970627.364376 -0.066922 0.021036 0.477711 -0.009995 -0.026119 0.013808 0.999514
1750970627.369374 -0.066922 0.021036 0.477711 -0.009995 -0.026119 0.013808 0.999514
1750970627.372164 -0.066922 0.021036 0.477711 -0.009995 -0.026119 0.013808 0.999514
1750970627.374373 -0.066922 0.021036 0.477711 -0.009995 -0.026119 0.013808 0.999514
1750970627.379371 -0.066922 0.021036 0.477711 -0.009995 -0.026119 0.013808 0.999514
1750970627.384371 -0.066922 0.021036 0.477711 -0.009995 -0.026119 0.013808 0.999514
1750970627.389369 -0.062674 0.024990 0.493185 -0.009150 -0.031149 0.017174 0.999325
1750970627.394368 -0.062674 0.024990 0.493185 -0.009150 -0.031149 0.017174 0.999325
1750970627.399366 -0.062674 0.024990 0.493185 -0.009150 -0.031149 0.017174 0.999325
1750970627.404365 -0.062674 0.024990 0.493185 -0.009150 -0.031149 0.017174 0.999325
1750970627.409364 -0.062674 0.024990 0.493185 -0.009150 -0.031149 0.017174 0.999325
1750970627.414363 -0.062674 0.024990 0.493185 -0.009150 -0.031149 0.017174 0.999325
1750970627.419361 -0.062674 0.024990 0.493185 -0.009150 -0.031149 0.017174 0.999325
1750970627.424361 -0.061788 0.018038 0.509525 -0.008573 -0.035566 0.019611 0.999138
1750970627.429359 -0.061788 0.018038 0.509525 -0.008573 -0.035566 0.019611 0.999138
1750970627.434358 -0.061788 0.018038 0.509525 -0.008573 -0.035566 0.019611 0.999138
1750970627.439356 -0.061788 0.018038 0.509525 -0.008573 -0.035566 0.019611 0.999138
1750970627.444355 -0.061788 0.018038 0.509525 -0.008573 -0.035566 0.019611 0.999138
1750970627.449354 -0.061788 0.018038 0.509525 -0.008573 -0.035566 0.019611 0.999138
1750970627.454353 -0.061788 0.018038 0.509525 -0.008573 -0.035566 0.019611 0.999138
1750970627.459351 -0.051984 0.021455 0.527159 -0.006088 -0.040668 0.021498 0.998923
1750970627.464350 -0.051984 0.021455 0.527159 -0.006088 -0.040668 0.021498 0.998923
1750970627.469349 -0.051984 0.021455 0.527159 -0.006088 -0.040668 0.021498 0.998923
1750970627.474348 -0.051984 0.021455 0.527159 -0.006088 -0.040668 0.021498 0.998923
1750970627.479346 -0.051984 0.021455 0.527159 -0.006088 -0.040668 0.021498 0.998923
1750970627.484344 -0.051984 0.021455 0.527159 -0.006088 -0.040668 0.021498 0.998923
1750970627.489343 -0.051984 0.021455 0.527159 -0.006088 -0.040668 0.021498 0.998923
1750970627.494343 -0.051984 0.021455 0.527159 -0.006088 -0.040668 0.021498 0.998923
1750970627.499341 -0.051984 0.021455 0.527159 -0.006088 -0.040668 0.021498 0.998923
1750970627.504339 -0.051984 0.021455 0.527159 -0.006088 -0.040668 0.021498 0.998923
1750970627.509338 -0.051984 0.021455 0.527159 -0.006088 -0.040668 0.021498 0.998923
1750970627.514337 -0.051984 0.021455 0.527159 -0.006088 -0.040668 0.021498 0.998923
1750970627.519336 -0.051984 0.021455 0.527159 -0.006088 -0.040668 0.021498 0.998923
1750970627.524334 -0.043560 0.011136 0.567974 -0.007461 -0.048980 0.024569 0.998470
1750970627.529333 -0.043560 0.011136 0.567974 -0.007461 -0.048980 0.024569 0.998470
1750970627.534332 -0.043560 0.011136 0.567974 -0.007461 -0.048980 0.024569 0.998470
1750970627.538799 -0.043560 0.011136 0.567974 -0.007461 -0.048980 0.024569 0.998470
1750970627.539330 -0.043560 0.011136 0.567974 -0.007461 -0.048980 0.024569 0.998470
1750970627.544329 -0.043560 0.011136 0.567974 -0.007461 -0.048980 0.024569 0.998470
1750970627.549327 -0.043560 0.011136 0.567974 -0.007461 -0.048980 0.024569 0.998470
1750970627.554327 -0.043560 0.011136 0.567974 -0.007461 -0.048980 0.024569 0.998470
1750970627.559325 -0.041426 0.010613 0.585224 -0.006563 -0.054479 0.024834 0.998185
1750970627.564324 -0.041426 0.010613 0.585224 -0.006563 -0.054479 0.024834 0.998185
1750970627.569322 -0.041426 0.010613 0.585224 -0.006563 -0.054479 0.024834 0.998185
1750970627.574321 -0.041426 0.010613 0.585224 -0.006563 -0.054479 0.024834 0.998185
1750970627.579320 -0.041426 0.010613 0.585224 -0.006563 -0.054479 0.024834 0.998185
1750970627.584318 -0.041426 0.010613 0.585224 -0.006563 -0.054479 0.024834 0.998185
1750970627.589317 -0.041426 0.010613 0.585224 -0.006563 -0.054479 0.024834 0.998185
1750970627.594316 -0.041426 0.010613 0.585224 -0.006563 -0.054479 0.024834 0.998185
1750970627.599315 -0.041426 0.010613 0.585224 -0.006563 -0.054479 0.024834 0.998185
1750970627.604313 -0.041426 0.010613 0.585224 -0.006563 -0.054479 0.024834 0.998185
1750970627.609312 -0.041426 0.010613 0.585224 -0.006563 -0.054479 0.024834 0.998185
1750970627.614310 -0.041426 0.010613 0.585224 -0.006563 -0.054479 0.024834 0.998185
1750970627.619309 -0.041426 0.010613 0.585224 -0.006563 -0.054479 0.024834 0.998185
1750970627.624308 -0.030950 0.010557 0.622277 -0.005871 -0.067282 0.024749 0.997410
1750970627.629306 -0.030950 0.010557 0.622277 -0.005871 -0.067282 0.024749 0.997410
1750970627.634305 -0.030950 0.010557 0.622277 -0.005871 -0.067282 0.024749 0.997410
1750970627.639303 -0.030950 0.010557 0.622277 -0.005871 -0.067282 0.024749 0.997410
1750970627.644303 -0.030950 0.010557 0.622277 -0.005871 -0.067282 0.024749 0.997410
1750970627.649301 -0.030950 0.010557 0.622277 -0.005871 -0.067282 0.024749 0.997410
1750970627.654299 -0.030950 0.010557 0.622277 -0.005871 -0.067282 0.024749 0.997410
1750970627.659297 -0.029945 0.005102 0.636996 -0.007815 -0.073879 0.024373 0.996939
1750970627.664297 -0.029945 0.005102 0.636996 -0.007815 -0.073879 0.024373 0.996939
1750970627.669296 -0.029945 0.005102 0.636996 -0.007815 -0.073879 0.024373 0.996939
1750970627.674295 -0.029945 0.005102 0.636996 -0.007815 -0.073879 0.024373 0.996939
1750970627.679294 -0.029945 0.005102 0.636996 -0.007815 -0.073879 0.024373 0.996939
1750970627.684294 -0.029945 0.005102 0.636996 -0.007815 -0.073879 0.024373 0.996939
1750970627.689292 -0.029945 0.005102 0.636996 -0.007815 -0.073879 0.024373 0.996939
1750970627.694291 -0.029945 0.005102 0.636996 -0.007815 -0.073879 0.024373 0.996939
1750970627.699290 -0.029945 0.005102 0.636996 -0.007815 -0.073879 0.024373 0.996939
1750970627.704290 -0.029945 0.005102 0.636996 -0.007815 -0.073879 0.024373 0.996939
1750970627.709289 -0.029945 0.005102 0.636996 -0.007815 -0.073879 0.024373 0.996939
1750970627.714288 -0.029945 0.005102 0.636996 -0.007815 -0.073879 0.024373 0.996939
1750970627.719286 -0.029945 0.005102 0.636996 -0.007815 -0.073879 0.024373 0.996939
1750970627.724287 -0.027813 0.014089 0.664363 -0.007149 -0.086709 0.024012 0.995919
1750970627.729285 -0.027813 0.014089 0.664363 -0.007149 -0.086709 0.024012 0.995919
1750970627.734284 -0.027813 0.014089 0.664363 -0.007149 -0.086709 0.024012 0.995919
1750970627.738766 -0.027813 0.014089 0.664363 -0.007149 -0.086709 0.024012 0.995919
1750970627.739283 -0.027813 0.014089 0.664363 -0.007149 -0.086709 0.024012 0.995919
1750970627.744282 -0.027813 0.014089 0.664363 -0.007149 -0.086709 0.024012 0.995919
1750970627.749282 -0.027813 0.014089 0.664363 -0.007149 -0.086709 0.024012 0.995919
1750970627.754281 -0.027813 0.014089 0.664363 -0.007149 -0.086709 0.024012 0.995919
1750970627.759280 -0.027779 0.014014 0.680030 -0.009331 -0.093044 0.023335 0.995345
1750970627.764278 -0.027779 0.014014 0.680030 -0.009331 -0.093044 0.023335 0.995345
1750970627.769278 -0.027779 0.014014 0.680030 -0.009331 -0.093044 0.023335 0.995345
1750970627.774277 -0.027779 0.014014 0.680030 -0.009331 -0.093044 0.023335 0.995345
1750970627.779276 -0.027779 0.014014 0.680030 -0.009331 -0.093044 0.023335 0.995345
1750970627.784275 -0.027779 0.014014 0.680030 -0.009331 -0.093044 0.023335 0.995345
1750970627.789274 -0.027779 0.014014 0.680030 -0.009331 -0.093044 0.023335 0.995345
1750970627.794274 -0.027779 0.014014 0.680030 -0.009331 -0.093044 0.023335 0.995345
1750970627.799272 -0.027779 0.014014 0.680030 -0.009331 -0.093044 0.023335 0.995345
1750970627.804271 -0.027779 0.014014 0.680030 -0.009331 -0.093044 0.023335 0.995345
1750970627.809270 -0.027779 0.014014 0.680030 -0.009331 -0.093044 0.023335 0.995345
1750970627.814270 -0.027779 0.014014 0.680030 -0.009331 -0.093044 0.023335 0.995345
1750970627.819269 -0.027779 0.014014 0.680030 -0.009331 -0.093044 0.023335 0.995345
1750970627.824267 -0.034488 0.009168 0.707330 -0.011595 -0.104197 0.022509 0.994234
1750970627.829266 -0.034488 0.009168 0.707330 -0.011595 -0.104197 0.022509 0.994234
1750970627.834266 -0.034488 0.009168 0.707330 -0.011595 -0.104197 0.022509 0.994234
1750970627.839265 -0.034488 0.009168 0.707330 -0.011595 -0.104197 0.022509 0.994234
1750970627.844264 -0.034488 0.009168 0.707330 -0.011595 -0.104197 0.022509 0.994234
1750970627.849262 -0.034488 0.009168 0.707330 -0.011595 -0.104197 0.022509 0.994234
1750970627.854262 -0.034488 0.009168 0.707330 -0.011595 -0.104197 0.022509 0.994234
1750970627.859261 -0.036576 0.003387 0.720479 -0.013199 -0.110439 0.022062 0.993550
1750970627.864260 -0.036576 0.003387 0.720479 -0.013199 -0.110439 0.022062 0.993550
1750970627.869258 -0.036576 0.003387 0.720479 -0.013199 -0.110439 0.022062 0.993550
1750970627.874258 -0.036576 0.003387 0.720479 -0.013199 -0.110439 0.022062 0.993550
1750970627.879257 -0.036576 0.003387 0.720479 -0.013199 -0.110439 0.022062 0.993550
1750970627.884256 -0.036576 0.003387 0.720479 -0.013199 -0.110439 0.022062 0.993550
1750970627.888748 -0.044133 0.004805 0.730201 -0.012870 -0.116431 0.021098 0.992891
1750970627.889255 -0.044133 0.004805 0.730201 -0.012870 -0.116431 0.021098 0.992891
1750970627.894255 -0.044133 0.004805 0.730201 -0.012870 -0.116431 0.021098 0.992891
1750970627.899254 -0.044133 0.004805 0.730201 -0.012870 -0.116431 0.021098 0.992891
1750970627.904252 -0.044133 0.004805 0.730201 -0.012870 -0.116431 0.021098 0.992891
1750970627.909251 -0.044133 0.004805 0.730201 -0.012870 -0.116431 0.021098 0.992891
1750970627.914251 -0.044133 0.004805 0.730201 -0.012870 -0.116431 0.021098 0.992891
1750970627.919249 -0.044133 0.004805 0.730201 -0.012870 -0.116431 0.021098 0.992891
1750970627.922077 -0.044133 0.004805 0.730201 -0.012870 -0.116431 0.021098 0.992891
1750970627.924248 -0.044133 0.004805 0.730201 -0.012870 -0.116431 0.021098 0.992891
1750970627.929247 -0.044133 0.004805 0.730201 -0.012870 -0.116431 0.021098 0.992891
1750970627.934247 -0.044133 0.004805 0.730201 -0.012870 -0.116431 0.021098 0.992891
1750970627.939245 -0.044133 0.004805 0.730201 -0.012870 -0.116431 0.021098 0.992891
1750970627.944244 -0.044133 0.004805 0.730201 -0.012870 -0.116431 0.021098 0.992891
1750970627.949243 -0.044133 0.004805 0.730201 -0.012870 -0.116431 0.021098 0.992891
1750970627.954243 -0.044133 0.004805 0.730201 -0.012870 -0.116431 0.021098 0.992891
1750970627.959242 -0.052100 0.012290 0.752857 -0.007712 -0.127764 0.020476 0.991563
1750970627.964240 -0.052100 0.012290 0.752857 -0.007712 -0.127764 0.020476 0.991563
1750970627.969239 -0.052100 0.012290 0.752857 -0.007712 -0.127764 0.020476 0.991563
1750970627.974238 -0.052100 0.012290 0.752857 -0.007712 -0.127764 0.020476 0.991563
1750970627.979238 -0.052100 0.012290 0.752857 -0.007712 -0.127764 0.020476 0.991563
1750970627.984236 -0.052100 0.012290 0.752857 -0.007712 -0.127764 0.020476 0.991563
1750970627.989235 -0.052100 0.012290 0.752857 -0.007712 -0.127764 0.020476 0.991563
1750970627.994234 -0.052100 0.012290 0.752857 -0.007712 -0.127764 0.020476 0.991563
1750970627.999234 -0.052100 0.012290 0.752857 -0.007712 -0.127764 0.020476 0.991563
1750970628.004232 -0.052100 0.012290 0.752857 -0.007712 -0.127764 0.020476 0.991563
1750970628.009231 -0.052100 0.012290 0.752857 -0.007712 -0.127764 0.020476 0.991563
1750970628.014230 -0.052100 0.012290 0.752857 -0.007712 -0.127764 0.020476 0.991563
1750970628.019230 -0.052100 0.012290 0.752857 -0.007712 -0.127764 0.020476 0.991563
1750970628.024229 -0.060906 0.015013 0.775124 -0.004672 -0.138676 0.018471 0.990155
1750970628.029227 -0.060906 0.015013 0.775124 -0.004672 -0.138676 0.018471 0.990155
1750970628.034226 -0.060906 0.015013 0.775124 -0.004672 -0.138676 0.018471 0.990155
1750970628.039226 -0.060906 0.015013 0.775124 -0.004672 -0.138676 0.018471 0.990155
1750970628.044224 -0.060906 0.015013 0.775124 -0.004672 -0.138676 0.018471 0.990155
1750970628.049223 -0.060906 0.015013 0.775124 -0.004672 -0.138676 0.018471 0.990155
1750970628.054222 -0.060906 0.015013 0.775124 -0.004672 -0.138676 0.018471 0.990155
1750970628.059222 -0.065297 0.016338 0.785442 -0.003136 -0.143446 0.017073 0.989506
1750970628.064220 -0.065297 0.016338 0.785442 -0.003136 -0.143446 0.017073 0.989506
1750970628.069219 -0.065297 0.016338 0.785442 -0.003136 -0.143446 0.017073 0.989506
1750970628.074218 -0.065297 0.016338 0.785442 -0.003136 -0.143446 0.017073 0.989506
1750970628.079217 -0.065297 0.016338 0.785442 -0.003136 -0.143446 0.017073 0.989506
1750970628.084216 -0.065297 0.016338 0.785442 -0.003136 -0.143446 0.017073 0.989506
1750970628.089215 -0.069917 0.010390 0.799616 -0.002586 -0.147465 0.015250 0.988946
1750970628.094214 -0.069917 0.010390 0.799616 -0.002586 -0.147465 0.015250 0.988946
1750970628.099212 -0.069917 0.010390 0.799616 -0.002586 -0.147465 0.015250 0.988946
1750970628.104212 -0.069917 0.010390 0.799616 -0.002586 -0.147465 0.015250 0.988946
1750970628.109211 -0.069917 0.010390 0.799616 -0.002586 -0.147465 0.015250 0.988946
1750970628.114210 -0.069917 0.010390 0.799616 -0.002586 -0.147465 0.015250 0.988946
1750970628.119208 -0.069917 0.010390 0.799616 -0.002586 -0.147465 0.015250 0.988946
1750970628.122051 -0.069917 0.010390 0.799616 -0.002586 -0.147465 0.015250 0.988946
1750970628.124207 -0.069917 0.010390 0.799616 -0.002586 -0.147465 0.015250 0.988946
1750970628.129206 -0.069917 0.010390 0.799616 -0.002586 -0.147465 0.015250 0.988946
1750970628.134205 -0.069917 0.010390 0.799616 -0.002586 -0.147465 0.015250 0.988946
1750970628.139204 -0.069917 0.010390 0.799616 -0.002586 -0.147465 0.015250 0.988946
1750970628.144203 -0.069917 0.010390 0.799616 -0.002586 -0.147465 0.015250 0.988946
1750970628.149202 -0.069917 0.010390 0.799616 -0.002586 -0.147465 0.015250 0.988946
1750970628.154201 -0.069917 0.010390 0.799616 -0.002586 -0.147465 0.015250 0.988946
1750970628.159200 -0.088805 0.012863 0.820457 -0.001630 -0.152683 0.009792 0.988225
1750970628.164198 -0.088805 0.012863 0.820457 -0.001630 -0.152683 0.009792 0.988225
1750970628.169198 -0.088805 0.012863 0.820457 -0.001630 -0.152683 0.009792 0.988225
1750970628.174197 -0.088805 0.012863 0.820457 -0.001630 -0.152683 0.009792 0.988225
1750970628.179196 -0.088805 0.012863 0.820457 -0.001630 -0.152683 0.009792 0.988225
1750970628.184194 -0.088805 0.012863 0.820457 -0.001630 -0.152683 0.009792 0.988225
1750970628.189194 -0.097840 0.015922 0.832137 -0.000138 -0.155126 0.006300 0.987875
1750970628.194193 -0.097840 0.015922 0.832137 -0.000138 -0.155126 0.006300 0.987875
1750970628.199191 -0.097840 0.015922 0.832137 -0.000138 -0.155126 0.006300 0.987875
1750970628.204190 -0.097840 0.015922 0.832137 -0.000138 -0.155126 0.006300 0.987875
1750970628.209189 -0.097840 0.015922 0.832137 -0.000138 -0.155126 0.006300 0.987875
1750970628.214188 -0.097840 0.015922 0.832137 -0.000138 -0.155126 0.006300 0.987875
1750970628.219187 -0.097840 0.015922 0.832137 -0.000138 -0.155126 0.006300 0.987875
1750970628.224186 -0.109543 0.019865 0.838467 0.001983 -0.157713 0.001529 0.987482
1750970628.229184 -0.109543 0.019865 0.838467 0.001983 -0.157713 0.001529 0.987482
1750970628.234184 -0.109543 0.019865 0.838467 0.001983 -0.157713 0.001529 0.987482
1750970628.239182 -0.109543 0.019865 0.838467 0.001983 -0.157713 0.001529 0.987482
1750970628.244181 -0.109543 0.019865 0.838467 0.001983 -0.157713 0.001529 0.987482
1750970628.249181 -0.109543 0.019865 0.838467 0.001983 -0.157713 0.001529 0.987482
1750970628.254179 -0.109543 0.019865 0.838467 0.001983 -0.157713 0.001529 0.987482
1750970628.259178 -0.123429 0.022299 0.850489 0.004048 -0.160502 -0.003416 0.987021
1750970628.264177 -0.123429 0.022299 0.850489 0.004048 -0.160502 -0.003416 0.987021
1750970628.269175 -0.123429 0.022299 0.850489 0.004048 -0.160502 -0.003416 0.987021
1750970628.274175 -0.123429 0.022299 0.850489 0.004048 -0.160502 -0.003416 0.987021
1750970628.279174 -0.123429 0.022299 0.850489 0.004048 -0.160502 -0.003416 0.987021
1750970628.284172 -0.123429 0.022299 0.850489 0.004048 -0.160502 -0.003416 0.987021
1750970628.288693 -0.123429 0.022299 0.850489 0.004048 -0.160502 -0.003416 0.987021
1750970628.289171 -0.123429 0.022299 0.850489 0.004048 -0.160502 -0.003416 0.987021
1750970628.294171 -0.123429 0.022299 0.850489 0.004048 -0.160502 -0.003416 0.987021
1750970628.299169 -0.123429 0.022299 0.850489 0.004048 -0.160502 -0.003416 0.987021
1750970628.304168 -0.123429 0.022299 0.850489 0.004048 -0.160502 -0.003416 0.987021
1750970628.309167 -0.123429 0.022299 0.850489 0.004048 -0.160502 -0.003416 0.987021
1750970628.314166 -0.123429 0.022299 0.850489 0.004048 -0.160502 -0.003416 0.987021
1750970628.319165 -0.123429 0.022299 0.850489 0.004048 -0.160502 -0.003416 0.987021
1750970628.324163 -0.146590 0.023486 0.876923 0.010708 -0.165415 -0.010811 0.986107
1750970628.329162 -0.146590 0.023486 0.876923 0.010708 -0.165415 -0.010811 0.986107
1750970628.334161 -0.146590 0.023486 0.876923 0.010708 -0.165415 -0.010811 0.986107
1750970628.339160 -0.146590 0.023486 0.876923 0.010708 -0.165415 -0.010811 0.986107
1750970628.344159 -0.146590 0.023486 0.876923 0.010708 -0.165415 -0.010811 0.986107
1750970628.349157 -0.146590 0.023486 0.876923 0.010708 -0.165415 -0.010811 0.986107
1750970628.354156 -0.146590 0.023486 0.876923 0.010708 -0.165415 -0.010811 0.986107
1750970628.359155 -0.158650 0.023382 0.887491 0.013302 -0.167517 -0.013911 0.985681
1750970628.364154 -0.158650 0.023382 0.887491 0.013302 -0.167517 -0.013911 0.985681
1750970628.369153 -0.158650 0.023382 0.887491 0.013302 -0.167517 -0.013911 0.985681
1750970628.374151 -0.158650 0.023382 0.887491 0.013302 -0.167517 -0.013911 0.985681
1750970628.379151 -0.158650 0.023382 0.887491 0.013302 -0.167517 -0.013911 0.985681
1750970628.384150 -0.158650 0.023382 0.887491 0.013302 -0.167517 -0.013911 0.985681
1750970628.389148 -0.170784 0.022687 0.898900 0.015194 -0.169288 -0.016460 0.985312
1750970628.394147 -0.170784 0.022687 0.898900 0.015194 -0.169288 -0.016460 0.985312
1750970628.399147 -0.170784 0.022687 0.898900 0.015194 -0.169288 -0.016460 0.985312
1750970628.404145 -0.170784 0.022687 0.898900 0.015194 -0.169288 -0.016460 0.985312
1750970628.409143 -0.170784 0.022687 0.898900 0.015194 -0.169288 -0.016460 0.985312
1750970628.414142 -0.170784 0.022687 0.898900 0.015194 -0.169288 -0.016460 0.985312
1750970628.419142 -0.170784 0.022687 0.898900 0.015194 -0.169288 -0.016460 0.985312
1750970628.424140 -0.170784 0.022687 0.898900 0.015194 -0.169288 -0.016460 0.985312
1750970628.429139 -0.170784 0.022687 0.898900 0.015194 -0.169288 -0.016460 0.985312
1750970628.434137 -0.170784 0.022687 0.898900 0.015194 -0.169288 -0.016460 0.985312
1750970628.439137 -0.170784 0.022687 0.898900 0.015194 -0.169288 -0.016460 0.985312
1750970628.444136 -0.170784 0.022687 0.898900 0.015194 -0.169288 -0.016460 0.985312
1750970628.449134 -0.170784 0.022687 0.898900 0.015194 -0.169288 -0.016460 0.985312
1750970628.454133 -0.170784 0.022687 0.898900 0.015194 -0.169288 -0.016460 0.985312
1750970628.459131 -0.199038 0.021935 0.922585 0.021289 -0.172223 -0.018743 0.984650
1750970628.464131 -0.199038 0.021935 0.922585 0.021289 -0.172223 -0.018743 0.984650
1750970628.469130 -0.199038 0.021935 0.922585 0.021289 -0.172223 -0.018743 0.984650
1750970628.471996 -0.199038 0.021935 0.922585 0.021289 -0.172223 -0.018743 0.984650
1750970628.474128 -0.199038 0.021935 0.922585 0.021289 -0.172223 -0.018743 0.984650
1750970628.479127 -0.199038 0.021935 0.922585 0.021289 -0.172223 -0.018743 0.984650
1750970628.484126 -0.199038 0.021935 0.922585 0.021289 -0.172223 -0.018743 0.984650
1750970628.489125 -0.210669 0.021139 0.931129 0.026070 -0.173850 -0.018035 0.984262
1750970628.494123 -0.210669 0.021139 0.931129 0.026070 -0.173850 -0.018035 0.984262
1750970628.499122 -0.210669 0.021139 0.931129 0.026070 -0.173850 -0.018035 0.984262
1750970628.504121 -0.210669 0.021139 0.931129 0.026070 -0.173850 -0.018035 0.984262
1750970628.509120 -0.210669 0.021139 0.931129 0.026070 -0.173850 -0.018035 0.984262
1750970628.514118 -0.210669 0.021139 0.931129 0.026070 -0.173850 -0.018035 0.984262
1750970628.519117 -0.210669 0.021139 0.931129 0.026070 -0.173850 -0.018035 0.984262
1750970628.524117 -0.217715 0.022802 0.939850 0.030062 -0.176279 -0.017143 0.983732
1750970628.529115 -0.217715 0.022802 0.939850 0.030062 -0.176279 -0.017143 0.983732
1750970628.534114 -0.217715 0.022802 0.939850 0.030062 -0.176279 -0.017143 0.983732
1750970628.539112 -0.217715 0.022802 0.939850 0.030062 -0.176279 -0.017143 0.983732
1750970628.544111 -0.217715 0.022802 0.939850 0.030062 -0.176279 -0.017143 0.983732
1750970628.549110 -0.217715 0.022802 0.939850 0.030062 -0.176279 -0.017143 0.983732
1750970628.554109 -0.217715 0.022802 0.939850 0.030062 -0.176279 -0.017143 0.983732
1750970628.559107 -0.217715 0.022802 0.939850 0.030062 -0.176279 -0.017143 0.983732
1750970628.564107 -0.217715 0.022802 0.939850 0.030062 -0.176279 -0.017143 0.983732
1750970628.569105 -0.217715 0.022802 0.939850 0.030062 -0.176279 -0.017143 0.983732
1750970628.574104 -0.217715 0.022802 0.939850 0.030062 -0.176279 -0.017143 0.983732
1750970628.579102 -0.217715 0.022802 0.939850 0.030062 -0.176279 -0.017143 0.983732
1750970628.584101 -0.217715 0.022802 0.939850 0.030062 -0.176279 -0.017143 0.983732
1750970628.589100 -0.242544 0.023132 0.958323 0.035894 -0.181115 -0.016782 0.982664
1750970628.594099 -0.242544 0.023132 0.958323 0.035894 -0.181115 -0.016782 0.982664
1750970628.599097 -0.242544 0.023132 0.958323 0.035894 -0.181115 -0.016782 0.982664
1750970628.604096 -0.242544 0.023132 0.958323 0.035894 -0.181115 -0.016782 0.982664
1750970628.609095 -0.242544 0.023132 0.958323 0.035894 -0.181115 -0.016782 0.982664
1750970628.614094 -0.242544 0.023132 0.958323 0.035894 -0.181115 -0.016782 0.982664
1750970628.619092 -0.242544 0.023132 0.958323 0.035894 -0.181115 -0.016782 0.982664
1750970628.624091 -0.252252 0.023710 0.967157 0.037243 -0.184093 -0.016633 0.982062
1750970628.629091 -0.252252 0.023710 0.967157 0.037243 -0.184093 -0.016633 0.982062
1750970628.634089 -0.252252 0.023710 0.967157 0.037243 -0.184093 -0.016633 0.982062
1750970628.638634 -0.252252 0.023710 0.967157 0.037243 -0.184093 -0.016633 0.982062
1750970628.639087 -0.252252 0.023710 0.967157 0.037243 -0.184093 -0.016633 0.982062
1750970628.644086 -0.252252 0.023710 0.967157 0.037243 -0.184093 -0.016633 0.982062
1750970628.649084 -0.252252 0.023710 0.967157 0.037243 -0.184093 -0.016633 0.982062
1750970628.654084 -0.252252 0.023710 0.967157 0.037243 -0.184093 -0.016633 0.982062
1750970628.659082 -0.260103 0.024336 0.977473 0.037633 -0.188054 -0.016515 0.981299
1750970628.664081 -0.260103 0.024336 0.977473 0.037633 -0.188054 -0.016515 0.981299
1750970628.669081 -0.260103 0.024336 0.977473 0.037633 -0.188054 -0.016515 0.981299
1750970628.674080 -0.260103 0.024336 0.977473 0.037633 -0.188054 -0.016515 0.981299
1750970628.679079 -0.260103 0.024336 0.977473 0.037633 -0.188054 -0.016515 0.981299
1750970628.684078 -0.260103 0.024336 0.977473 0.037633 -0.188054 -0.016515 0.981299
1750970628.689078 -0.260103 0.024336 0.977473 0.037633 -0.188054 -0.016515 0.981299
1750970628.694076 -0.260103 0.024336 0.977473 0.037633 -0.188054 -0.016515 0.981299
1750970628.699075 -0.260103 0.024336 0.977473 0.037633 -0.188054 -0.016515 0.981299
1750970628.704074 -0.260103 0.024336 0.977473 0.037633 -0.188054 -0.016515 0.981299
1750970628.709073 -0.260103 0.024336 0.977473 0.037633 -0.188054 -0.016515 0.981299
1750970628.714073 -0.260103 0.024336 0.977473 0.037633 -0.188054 -0.016515 0.981299
1750970628.719072 -0.260103 0.024336 0.977473 0.037633 -0.188054 -0.016515 0.981299
1750970628.724071 -0.279855 0.024770 0.996997 0.037319 -0.197667 -0.014617 0.979450
1750970628.729069 -0.279855 0.024770 0.996997 0.037319 -0.197667 -0.014617 0.979450
1750970628.734069 -0.279855 0.024770 0.996997 0.037319 -0.197667 -0.014617 0.979450
1750970628.739068 -0.279855 0.024770 0.996997 0.037319 -0.197667 -0.014617 0.979450
1750970628.744067 -0.279855 0.024770 0.996997 0.037319 -0.197667 -0.014617 0.979450
1750970628.749066 -0.279855 0.024770 0.996997 0.037319 -0.197667 -0.014617 0.979450
1750970628.754066 -0.279855 0.024770 0.996997 0.037319 -0.197667 -0.014617 0.979450
1750970628.759065 -0.288654 0.025156 1.006765 0.036405 -0.203110 -0.013495 0.978386
1750970628.764064 -0.288654 0.025156 1.006765 0.036405 -0.203110 -0.013495 0.978386
1750970628.769062 -0.288654 0.025156 1.006765 0.036405 -0.203110 -0.013495 0.978386
1750970628.774061 -0.288654 0.025156 1.006765 0.036405 -0.203110 -0.013495 0.978386
1750970628.779061 -0.288654 0.025156 1.006765 0.036405 -0.203110 -0.013495 0.978386
1750970628.784060 -0.288654 0.025156 1.006765 0.036405 -0.203110 -0.013495 0.978386
1750970628.788615 -0.297363 0.025940 1.017570 0.035588 -0.209275 -0.013089 0.977121
1750970628.789058 -0.297363 0.025940 1.017570 0.035588 -0.209275 -0.013089 0.977121
1750970628.794057 -0.297363 0.025940 1.017570 0.035588 -0.209275 -0.013089 0.977121
1750970628.799057 -0.297363 0.025940 1.017570 0.035588 -0.209275 -0.013089 0.977121
1750970628.804056 -0.297363 0.025940 1.017570 0.035588 -0.209275 -0.013089 0.977121
1750970628.809055 -0.297363 0.025940 1.017570 0.035588 -0.209275 -0.013089 0.977121
1750970628.814054 -0.297363 0.025940 1.017570 0.035588 -0.209275 -0.013089 0.977121
1750970628.819054 -0.297363 0.025940 1.017570 0.035588 -0.209275 -0.013089 0.977121
1750970628.821944 -0.297363 0.025940 1.017570 0.035588 -0.209275 -0.013089 0.977121
1750970628.824053 -0.297363 0.025940 1.017570 0.035588 -0.209275 -0.013089 0.977121
1750970628.829051 -0.297363 0.025940 1.017570 0.035588 -0.209275 -0.013089 0.977121
1750970628.834050 -0.297363 0.025940 1.017570 0.035588 -0.209275 -0.013089 0.977121
1750970628.839050 -0.297363 0.025940 1.017570 0.035588 -0.209275 -0.013089 0.977121
1750970628.844049 -0.297363 0.025940 1.017570 0.035588 -0.209275 -0.013089 0.977121
1750970628.849048 -0.297363 0.025940 1.017570 0.035588 -0.209275 -0.013089 0.977121
1750970628.854047 -0.297363 0.025940 1.017570 0.035588 -0.209275 -0.013089 0.977121
1750970628.859045 -0.318077 0.024750 1.035288 0.034593 -0.223481 -0.014461 0.973987
1750970628.864045 -0.318077 0.024750 1.035288 0.034593 -0.223481 -0.014461 0.973987
1750970628.869044 -0.318077 0.024750 1.035288 0.034593 -0.223481 -0.014461 0.973987
1750970628.874043 -0.318077 0.024750 1.035288 0.034593 -0.223481 -0.014461 0.973987
1750970628.879041 -0.318077 0.024750 1.035288 0.034593 -0.223481 -0.014461 0.973987
1750970628.884041 -0.318077 0.024750 1.035288 0.034593 -0.223481 -0.014461 0.973987
1750970628.889040 -0.328823 0.025836 1.045315 0.033845 -0.230971 -0.015267 0.972252
1750970628.894039 -0.328823 0.025836 1.045315 0.033845 -0.230971 -0.015267 0.972252
1750970628.899038 -0.328823 0.025836 1.045315 0.033845 -0.230971 -0.015267 0.972252
1750970628.904037 -0.328823 0.025836 1.045315 0.033845 -0.230971 -0.015267 0.972252
1750970628.909036 -0.328823 0.025836 1.045315 0.033845 -0.230971 -0.015267 0.972252
1750970628.914035 -0.328823 0.025836 1.045315 0.033845 -0.230971 -0.015267 0.972252
1750970628.919034 -0.328823 0.025836 1.045315 0.033845 -0.230971 -0.015267 0.972252
1750970628.924032 -0.339398 0.027992 1.055825 0.032806 -0.238796 -0.016713 0.970372
1750970628.929033 -0.339398 0.027992 1.055825 0.032806 -0.238796 -0.016713 0.970372
1750970628.934031 -0.339398 0.027992 1.055825 0.032806 -0.238796 -0.016713 0.970372
1750970628.939030 -0.339398 0.027992 1.055825 0.032806 -0.238796 -0.016713 0.970372
1750970628.944029 -0.339398 0.027992 1.055825 0.032806 -0.238796 -0.016713 0.970372
1750970628.949028 -0.339398 0.027992 1.055825 0.032806 -0.238796 -0.016713 0.970372
1750970628.954027 -0.339398 0.027992 1.055825 0.032806 -0.238796 -0.016713 0.970372
1750970628.959026 -0.339398 0.027992 1.055825 0.032806 -0.238796 -0.016713 0.970372
1750970628.964026 -0.339398 0.027992 1.055825 0.032806 -0.238796 -0.016713 0.970372
1750970628.969025 -0.339398 0.027992 1.055825 0.032806 -0.238796 -0.016713 0.970372
1750970628.974023 -0.339398 0.027992 1.055825 0.032806 -0.238796 -0.016713 0.970372
1750970628.979022 -0.339398 0.027992 1.055825 0.032806 -0.238796 -0.016713 0.970372
1750970628.984021 -0.339398 0.027992 1.055825 0.032806 -0.238796 -0.016713 0.970372
1750970628.989021 -0.361860 0.033212 1.076951 0.030120 -0.254282 -0.019395 0.966466
1750970628.994019 -0.361860 0.033212 1.076951 0.030120 -0.254282 -0.019395 0.966466
1750970628.999018 -0.361860 0.033212 1.076951 0.030120 -0.254282 -0.019395 0.966466
1750970629.004017 -0.361860 0.033212 1.076951 0.030120 -0.254282 -0.019395 0.966466
1750970629.005255 -0.361860 0.033212 1.076951 0.030120 -0.254282 -0.019395 0.966466
1750970629.009017 -0.361860 0.033212 1.076951 0.030120 -0.254282 -0.019395 0.966466
1750970629.014015 -0.361860 0.033212 1.076951 0.030120 -0.254282 -0.019395 0.966466
1750970629.019014 -0.361860 0.033212 1.076951 0.030120 -0.254282 -0.019395 0.966466
1750970629.024013 -0.375042 0.034420 1.086283 0.029314 -0.261586 -0.020248 0.964523
1750970629.029013 -0.375042 0.034420 1.086283 0.029314 -0.261586 -0.020248 0.964523
1750970629.034011 -0.375042 0.034420 1.086283 0.029314 -0.261586 -0.020248 0.964523
1750970629.039010 -0.375042 0.034420 1.086283 0.029314 -0.261586 -0.020248 0.964523
1750970629.044009 -0.375042 0.034420 1.086283 0.029314 -0.261586 -0.020248 0.964523
1750970629.049009 -0.375042 0.034420 1.086283 0.029314 -0.261586 -0.020248 0.964523
1750970629.054007 -0.375042 0.034420 1.086283 0.029314 -0.261586 -0.020248 0.964523
1750970629.059006 -0.375042 0.034420 1.086283 0.029314 -0.261586 -0.020248 0.964523
1750970629.064005 -0.375042 0.034420 1.086283 0.029314 -0.261586 -0.020248 0.964523
1750970629.069004 -0.375042 0.034420 1.086283 0.029314 -0.261586 -0.020248 0.964523
1750970629.074003 -0.375042 0.034420 1.086283 0.029314 -0.261586 -0.020248 0.964523
1750970629.079002 -0.375042 0.034420 1.086283 0.029314 -0.261586 -0.020248 0.964523
1750970629.084001 -0.375042 0.034420 1.086283 0.029314 -0.261586 -0.020248 0.964523
1750970629.089000 -0.394939 0.044446 1.109945 0.027244 -0.277361 -0.020494 0.960161
1750970629.093999 -0.394939 0.044446 1.109945 0.027244 -0.277361 -0.020494 0.960161
1750970629.098998 -0.394939 0.044446 1.109945 0.027244 -0.277361 -0.020494 0.960161
1750970629.103997 -0.394939 0.044446 1.109945 0.027244 -0.277361 -0.020494 0.960161
1750970629.108995 -0.394939 0.044446 1.109945 0.027244 -0.277361 -0.020494 0.960161
1750970629.113995 -0.394939 0.044446 1.109945 0.027244 -0.277361 -0.020494 0.960161
1750970629.118994 -0.394939 0.044446 1.109945 0.027244 -0.277361 -0.020494 0.960161
1750970629.123992 -0.402909 0.049770 1.122714 0.026292 -0.284954 -0.019126 0.957990
1750970629.128992 -0.402909 0.049770 1.122714 0.026292 -0.284954 -0.019126 0.957990
1750970629.133991 -0.402909 0.049770 1.122714 0.026292 -0.284954 -0.019126 0.957990
1750970629.138990 -0.402909 0.049770 1.122714 0.026292 -0.284954 -0.019126 0.957990
1750970629.143988 -0.402909 0.049770 1.122714 0.026292 -0.284954 -0.019126 0.957990
1750970629.148987 -0.402909 0.049770 1.122714 0.026292 -0.284954 -0.019126 0.957990
1750970629.153986 -0.402909 0.049770 1.122714 0.026292 -0.284954 -0.019126 0.957990
1750970629.158985 -0.410882 0.055058 1.135812 0.026446 -0.292961 -0.017707 0.955595
1750970629.163984 -0.410882 0.055058 1.135812 0.026446 -0.292961 -0.017707 0.955595
1750970629.168983 -0.410882 0.055058 1.135812 0.026446 -0.292961 -0.017707 0.955595
1750970629.173982 -0.410882 0.055058 1.135812 0.026446 -0.292961 -0.017707 0.955595
1750970629.178981 -0.410882 0.055058 1.135812 0.026446 -0.292961 -0.017707 0.955595
1750970629.183980 -0.410882 0.055058 1.135812 0.026446 -0.292961 -0.017707 0.955595
1750970629.188563 -0.410882 0.055058 1.135812 0.026446 -0.292961 -0.017707 0.955595
1750970629.188978 -0.410882 0.055058 1.135812 0.026446 -0.292961 -0.017707 0.955595
1750970629.193977 -0.410882 0.055058 1.135812 0.026446 -0.292961 -0.017707 0.955595
1750970629.198977 -0.410882 0.055058 1.135812 0.026446 -0.292961 -0.017707 0.955595
1750970629.203976 -0.410882 0.055058 1.135812 0.026446 -0.292961 -0.017707 0.955595
1750970629.208974 -0.410882 0.055058 1.135812 0.026446 -0.292961 -0.017707 0.955595
1750970629.213973 -0.410882 0.055058 1.135812 0.026446 -0.292961 -0.017707 0.955595
1750970629.218972 -0.410882 0.055058 1.135812 0.026446 -0.292961 -0.017707 0.955595
1750970629.223971 -0.435728 0.055245 1.158417 0.024011 -0.308868 -0.011744 0.950729
1750970629.228970 -0.435728 0.055245 1.158417 0.024011 -0.308868 -0.011744 0.950729
1750970629.233969 -0.435728 0.055245 1.158417 0.024011 -0.308868 -0.011744 0.950729
1750970629.238968 -0.435728 0.055245 1.158417 0.024011 -0.308868 -0.011744 0.950729
1750970629.243967 -0.435728 0.055245 1.158417 0.024011 -0.308868 -0.011744 0.950729
1750970629.248966 -0.435728 0.055245 1.158417 0.024011 -0.308868 -0.011744 0.950729
1750970629.253964 -0.435728 0.055245 1.158417 0.024011 -0.308868 -0.011744 0.950729
1750970629.258964 -0.442947 0.057342 1.175091 0.023136 -0.317987 -0.007528 0.947783
1750970629.263962 -0.442947 0.057342 1.175091 0.023136 -0.317987 -0.007528 0.947783
1750970629.268961 -0.442947 0.057342 1.175091 0.023136 -0.317987 -0.007528 0.947783
1750970629.273960 -0.442947 0.057342 1.175091 0.023136 -0.317987 -0.007528 0.947783
1750970629.278959 -0.442947 0.057342 1.175091 0.023136 -0.317987 -0.007528 0.947783
1750970629.283958 -0.442947 0.057342 1.175091 0.023136 -0.317987 -0.007528 0.947783
1750970629.288957 -0.442947 0.057342 1.175091 0.023136 -0.317987 -0.007528 0.947783
1750970629.293955 -0.442947 0.057342 1.175091 0.023136 -0.317987 -0.007528 0.947783
1750970629.298955 -0.442947 0.057342 1.175091 0.023136 -0.317987 -0.007528 0.947783
1750970629.303954 -0.442947 0.057342 1.175091 0.023136 -0.317987 -0.007528 0.947783
1750970629.308952 -0.442947 0.057342 1.175091 0.023136 -0.317987 -0.007528 0.947783
1750970629.313951 -0.442947 0.057342 1.175091 0.023136 -0.317987 -0.007528 0.947783
1750970629.318949 -0.442947 0.057342 1.175091 0.023136 -0.317987 -0.007528 0.947783
1750970629.323949 -0.461040 0.056937 1.207125 0.023754 -0.332082 0.002157 0.942949
1750970629.328948 -0.461040 0.056937 1.207125 0.023754 -0.332082 0.002157 0.942949
1750970629.333946 -0.461040 0.056937 1.207125 0.023754 -0.332082 0.002157 0.942949
1750970629.338945 -0.461040 0.056937 1.207125 0.023754 -0.332082 0.002157 0.942949
1750970629.343945 -0.461040 0.056937 1.207125 0.023754 -0.332082 0.002157 0.942949
1750970629.348943 -0.461040 0.056937 1.207125 0.023754 -0.332082 0.002157 0.942949
1750970629.353942 -0.461040 0.056937 1.207125 0.023754 -0.332082 0.002157 0.942949
1750970629.358940 -0.461040 0.056937 1.207125 0.023754 -0.332082 0.002157 0.942949
1750970629.363940 -0.461040 0.056937 1.207125 0.023754 -0.332082 0.002157 0.942949
1750970629.368939 -0.461040 0.056937 1.207125 0.023754 -0.332082 0.002157 0.942949
1750970629.373937 -0.461040 0.056937 1.207125 0.023754 -0.332082 0.002157 0.942949
1750970629.378936 -0.461040 0.056937 1.207125 0.023754 -0.332082 0.002157 0.942949
1750970629.383935 -0.461040 0.056937 1.207125 0.023754 -0.332082 0.002157 0.942949
1750970629.388934 -0.479439 0.059274 1.239695 0.018354 -0.343771 0.005405 0.938859
1750970629.393933 -0.479439 0.059274 1.239695 0.018354 -0.343771 0.005405 0.938859
1750970629.398932 -0.479439 0.059274 1.239695 0.018354 -0.343771 0.005405 0.938859
1750970629.403931 -0.479439 0.059274 1.239695 0.018354 -0.343771 0.005405 0.938859
1750970629.405196 -0.479439 0.059274 1.239695 0.018354 -0.343771 0.005405 0.938859
1750970629.408930 -0.479439 0.059274 1.239695 0.018354 -0.343771 0.005405 0.938859
1750970629.413928 -0.479439 0.059274 1.239695 0.018354 -0.343771 0.005405 0.938859
1750970629.418927 -0.479439 0.059274 1.239695 0.018354 -0.343771 0.005405 0.938859
1750970629.423926 -0.500255 0.057083 1.252908 0.017159 -0.347883 0.006562 0.937358
1750970629.428925 -0.500255 0.057083 1.252908 0.017159 -0.347883 0.006562 0.937358
1750970629.433923 -0.500255 0.057083 1.252908 0.017159 -0.347883 0.006562 0.937358
1750970629.438922 -0.500255 0.057083 1.252908 0.017159 -0.347883 0.006562 0.937358
1750970629.443922 -0.500255 0.057083 1.252908 0.017159 -0.347883 0.006562 0.937358
1750970629.448920 -0.500255 0.057083 1.252908 0.017159 -0.347883 0.006562 0.937358
1750970629.453919 -0.500255 0.057083 1.252908 0.017159 -0.347883 0.006562 0.937358
1750970629.458917 -0.500255 0.057083 1.252908 0.017159 -0.347883 0.006562 0.937358
1750970629.463916 -0.500255 0.057083 1.252908 0.017159 -0.347883 0.006562 0.937358
1750970629.468915 -0.500255 0.057083 1.252908 0.017159 -0.347883 0.006562 0.937358
1750970629.473914 -0.500255 0.057083 1.252908 0.017159 -0.347883 0.006562 0.937358
1750970629.478913 -0.500255 0.057083 1.252908 0.017159 -0.347883 0.006562 0.937358
1750970629.483911 -0.500255 0.057083 1.252908 0.017159 -0.347883 0.006562 0.937358
1750970629.488909 -0.518498 0.057898 1.279161 0.014791 -0.357914 0.008778 0.933596
1750970629.493910 -0.518498 0.057898 1.279161 0.014791 -0.357914 0.008778 0.933596
1750970629.498908 -0.518498 0.057898 1.279161 0.014791 -0.357914 0.008778 0.933596
1750970629.503906 -0.518498 0.057898 1.279161 0.014791 -0.357914 0.008778 0.933596
1750970629.508905 -0.518498 0.057898 1.279161 0.014791 -0.357914 0.008778 0.933596
1750970629.513905 -0.518498 0.057898 1.279161 0.014791 -0.357914 0.008778 0.933596
1750970629.518903 -0.518498 0.057898 1.279161 0.014791 -0.357914 0.008778 0.933596
1750970629.523902 -0.527365 0.060112 1.292716 0.013289 -0.362459 0.009238 0.931859
1750970629.528900 -0.527365 0.060112 1.292716 0.013289 -0.362459 0.009238 0.931859
1750970629.533900 -0.527365 0.060112 1.292716 0.013289 -0.362459 0.009238 0.931859
1750970629.538898 -0.527365 0.060112 1.292716 0.013289 -0.362459 0.009238 0.931859
1750970629.543897 -0.527365 0.060112 1.292716 0.013289 -0.362459 0.009238 0.931859
1750970629.548895 -0.527365 0.060112 1.292716 0.013289 -0.362459 0.009238 0.931859
1750970629.553895 -0.527365 0.060112 1.292716 0.013289 -0.362459 0.009238 0.931859
1750970629.558894 -0.527365 0.060112 1.292716 0.013289 -0.362459 0.009238 0.931859
1750970629.563892 -0.527365 0.060112 1.292716 0.013289 -0.362459 0.009238 0.931859
1750970629.568890 -0.527365 0.060112 1.292716 0.013289 -0.362459 0.009238 0.931859
1750970629.573890 -0.527365 0.060112 1.292716 0.013289 -0.362459 0.009238 0.931859
1750970629.578889 -0.527365 0.060112 1.292716 0.013289 -0.362459 0.009238 0.931859
1750970629.583887 -0.527365 0.060112 1.292716 0.013289 -0.362459 0.009238 0.931859
1750970629.588886 -0.544432 0.062211 1.315355 0.010081 -0.370421 0.009856 0.928757
1750970629.593885 -0.544432 0.062211 1.315355 0.010081 -0.370421 0.009856 0.928757
1750970629.598884 -0.544432 0.062211 1.315355 0.010081 -0.370421 0.009856 0.928757
1750970629.603882 -0.544432 0.062211 1.315355 0.010081 -0.370421 0.009856 0.928757
1750970629.605163 -0.544432 0.062211 1.315355 0.010081 -0.370421 0.009856 0.928757
1750970629.608881 -0.544432 0.062211 1.315355 0.010081 -0.370421 0.009856 0.928757
1750970629.613880 -0.544432 0.062211 1.315355 0.010081 -0.370421 0.009856 0.928757
1750970629.618879 -0.544432 0.062211 1.315355 0.010081 -0.370421 0.009856 0.928757
1750970629.623877 -0.552008 0.063153 1.325897 0.009950 -0.373640 0.011666 0.927447
1750970629.628876 -0.552008 0.063153 1.325897 0.009950 -0.373640 0.011666 0.927447
1750970629.633875 -0.552008 0.063153 1.325897 0.009950 -0.373640 0.011666 0.927447
1750970629.638874 -0.552008 0.063153 1.325897 0.009950 -0.373640 0.011666 0.927447
1750970629.643872 -0.552008 0.063153 1.325897 0.009950 -0.373640 0.011666 0.927447
1750970629.648871 -0.552008 0.063153 1.325897 0.009950 -0.373640 0.011666 0.927447
1750970629.653870 -0.552008 0.063153 1.325897 0.009950 -0.373640 0.011666 0.927447
1750970629.658869 -0.552008 0.063153 1.325897 0.009950 -0.373640 0.011666 0.927447
1750970629.663867 -0.552008 0.063153 1.325897 0.009950 -0.373640 0.011666 0.927447
1750970629.668866 -0.552008 0.063153 1.325897 0.009950 -0.373640 0.011666 0.927447
1750970629.673865 -0.552008 0.063153 1.325897 0.009950 -0.373640 0.011666 0.927447
1750970629.678865 -0.552008 0.063153 1.325897 0.009950 -0.373640 0.011666 0.927447
1750970629.683864 -0.552008 0.063153 1.325897 0.009950 -0.373640 0.011666 0.927447
1750970629.688863 -0.579716 0.057213 1.345758 0.007961 -0.379317 0.013083 0.925140
1750970629.693862 -0.579716 0.057213 1.345758 0.007961 -0.379317 0.013083 0.925140
1750970629.698861 -0.579716 0.057213 1.345758 0.007961 -0.379317 0.013083 0.925140
1750970629.703860 -0.579716 0.057213 1.345758 0.007961 -0.379317 0.013083 0.925140
1750970629.708859 -0.579716 0.057213 1.345758 0.007961 -0.379317 0.013083 0.925140
1750970629.713858 -0.579716 0.057213 1.345758 0.007961 -0.379317 0.013083 0.925140
1750970629.718858 -0.579716 0.057213 1.345758 0.007961 -0.379317 0.013083 0.925140
1750970629.723857 -0.585565 0.059316 1.356023 0.007051 -0.382498 0.014583 0.923814
1750970629.728856 -0.585565 0.059316 1.356023 0.007051 -0.382498 0.014583 0.923814
1750970629.733855 -0.585565 0.059316 1.356023 0.007051 -0.382498 0.014583 0.923814
1750970629.738853 -0.585565 0.059316 1.356023 0.007051 -0.382498 0.014583 0.923814
1750970629.743853 -0.585565 0.059316 1.356023 0.007051 -0.382498 0.014583 0.923814
1750970629.748852 -0.585565 0.059316 1.356023 0.007051 -0.382498 0.014583 0.923814
1750970629.753851 -0.585565 0.059316 1.356023 0.007051 -0.382498 0.014583 0.923814
1750970629.758850 -0.585565 0.059316 1.356023 0.007051 -0.382498 0.014583 0.923814
1750970629.763850 -0.585565 0.059316 1.356023 0.007051 -0.382498 0.014583 0.923814
1750970629.768848 -0.585565 0.059316 1.356023 0.007051 -0.382498 0.014583 0.923814
1750970629.773847 -0.585565 0.059316 1.356023 0.007051 -0.382498 0.014583 0.923814
1750970629.778846 -0.585565 0.059316 1.356023 0.007051 -0.382498 0.014583 0.923814
1750970629.783846 -0.585565 0.059316 1.356023 0.007051 -0.382498 0.014583 0.923814
1750970629.788471 -0.605629 0.063138 1.373997 0.006861 -0.387280 0.015651 0.921804
1750970629.788845 -0.605629 0.063138 1.373997 0.006861 -0.387280 0.015651 0.921804
1750970629.793844 -0.605629 0.063138 1.373997 0.006861 -0.387280 0.015651 0.921804
1750970629.798842 -0.605629 0.063138 1.373997 0.006861 -0.387280 0.015651 0.921804
1750970629.803842 -0.605629 0.063138 1.373997 0.006861 -0.387280 0.015651 0.921804
1750970629.805136 -0.605629 0.063138 1.373997 0.006861 -0.387280 0.015651 0.921804
1750970629.808841 -0.605629 0.063138 1.373997 0.006861 -0.387280 0.015651 0.921804
1750970629.813840 -0.605629 0.063138 1.373997 0.006861 -0.387280 0.015651 0.921804
1750970629.818839 -0.605629 0.063138 1.373997 0.006861 -0.387280 0.015651 0.921804
1750970629.823839 -0.615501 0.065822 1.382981 0.006694 -0.388829 0.016172 0.921144
1750970629.828837 -0.615501 0.065822 1.382981 0.006694 -0.388829 0.016172 0.921144
1750970629.833836 -0.615501 0.065822 1.382981 0.006694 -0.388829 0.016172 0.921144
1750970629.838835 -0.615501 0.065822 1.382981 0.006694 -0.388829 0.016172 0.921144
1750970629.843835 -0.615501 0.065822 1.382981 0.006694 -0.388829 0.016172 0.921144
1750970629.848834 -0.615501 0.065822 1.382981 0.006694 -0.388829 0.016172 0.921144
1750970629.853832 -0.615501 0.065822 1.382981 0.006694 -0.388829 0.016172 0.921144
1750970629.858831 -0.615501 0.065822 1.382981 0.006694 -0.388829 0.016172 0.921144
1750970629.863830 -0.615501 0.065822 1.382981 0.006694 -0.388829 0.016172 0.921144
1750970629.868830 -0.615501 0.065822 1.382981 0.006694 -0.388829 0.016172 0.921144
1750970629.873829 -0.615501 0.065822 1.382981 0.006694 -0.388829 0.016172 0.921144
1750970629.878828 -0.615501 0.065822 1.382981 0.006694 -0.388829 0.016172 0.921144
1750970629.883827 -0.615501 0.065822 1.382981 0.006694 -0.388829 0.016172 0.921144
1750970629.888826 -0.646283 0.061784 1.397070 0.005911 -0.389594 0.015802 0.920832
1750970629.893825 -0.646283 0.061784 1.397070 0.005911 -0.389594 0.015802 0.920832
1750970629.898823 -0.646283 0.061784 1.397070 0.005911 -0.389594 0.015802 0.920832
1750970629.903822 -0.646283 0.061784 1.397070 0.005911 -0.389594 0.015802 0.920832
1750970629.908822 -0.646283 0.061784 1.397070 0.005911 -0.389594 0.015802 0.920832
1750970629.913821 -0.646283 0.061784 1.397070 0.005911 -0.389594 0.015802 0.920832
1750970629.918820 -0.646283 0.061784 1.397070 0.005911 -0.389594 0.015802 0.920832
1750970629.923819 -0.646283 0.061784 1.397070 0.005911 -0.389594 0.015802 0.920832
1750970629.928818 -0.646283 0.061784 1.397070 0.005911 -0.389594 0.015802 0.920832
1750970629.933817 -0.646283 0.061784 1.397070 0.005911 -0.389594 0.015802 0.920832
1750970629.938816 -0.646283 0.061784 1.397070 0.005911 -0.389594 0.015802 0.920832
1750970629.943815 -0.646283 0.061784 1.397070 0.005911 -0.389594 0.015802 0.920832
1750970629.948814 -0.646283 0.061784 1.397070 0.005911 -0.389594 0.015802 0.920832
1750970629.953813 -0.646283 0.061784 1.397070 0.005911 -0.389594 0.015802 0.920832
1750970629.958812 -0.667907 0.067993 1.411949 0.007829 -0.389776 0.016549 0.920728
1750970629.963810 -0.667907 0.067993 1.411949 0.007829 -0.389776 0.016549 0.920728
1750970629.968809 -0.667907 0.067993 1.411949 0.007829 -0.389776 0.016549 0.920728
1750970629.973809 -0.667907 0.067993 1.411949 0.007829 -0.389776 0.016549 0.920728
1750970629.978808 -0.667907 0.067993 1.411949 0.007829 -0.389776 0.016549 0.920728
1750970629.983807 -0.667907 0.067993 1.411949 0.007829 -0.389776 0.016549 0.920728
1750970629.988805 -0.678996 0.072684 1.419012 0.010102 -0.389889 0.016863 0.920652
1750970629.993805 -0.678996 0.072684 1.419012 0.010102 -0.389889 0.016863 0.920652
1750970629.998804 -0.678996 0.072684 1.419012 0.010102 -0.389889 0.016863 0.920652
1750970630.003803 -0.678996 0.072684 1.419012 0.010102 -0.389889 0.016863 0.920652
1750970630.008801 -0.678996 0.072684 1.419012 0.010102 -0.389889 0.016863 0.920652
1750970630.013801 -0.678996 0.072684 1.419012 0.010102 -0.389889 0.016863 0.920652
1750970630.018800 -0.678996 0.072684 1.419012 0.010102 -0.389889 0.016863 0.920652
1750970630.021776 -0.678996 0.072684 1.419012 0.010102 -0.389889 0.016863 0.920652
1750970630.023798 -0.678996 0.072684 1.419012 0.010102 -0.389889 0.016863 0.920652
1750970630.028797 -0.678996 0.072684 1.419012 0.010102 -0.389889 0.016863 0.920652
1750970630.033797 -0.678996 0.072684 1.419012 0.010102 -0.389889 0.016863 0.920652
1750970630.038796 -0.678996 0.072684 1.419012 0.010102 -0.389889 0.016863 0.920652
1750970630.043795 -0.678996 0.072684 1.419012 0.010102 -0.389889 0.016863 0.920652
1750970630.048793 -0.678996 0.072684 1.419012 0.010102 -0.389889 0.016863 0.920652
1750970630.053793 -0.678996 0.072684 1.419012 0.010102 -0.389889 0.016863 0.920652
1750970630.058792 -0.705436 0.081348 1.430884 0.013677 -0.390398 0.016248 0.920401
1750970630.063791 -0.705436 0.081348 1.430884 0.013677 -0.390398 0.016248 0.920401
1750970630.068789 -0.705436 0.081348 1.430884 0.013677 -0.390398 0.016248 0.920401
1750970630.073789 -0.705436 0.081348 1.430884 0.013677 -0.390398 0.016248 0.920401
1750970630.078788 -0.705436 0.081348 1.430884 0.013677 -0.390398 0.016248 0.920401
1750970630.083786 -0.705436 0.081348 1.430884 0.013677 -0.390398 0.016248 0.920401
1750970630.088785 -0.705436 0.081348 1.430884 0.013677 -0.390398 0.016248 0.920401
1750970630.093784 -0.705436 0.081348 1.430884 0.013677 -0.390398 0.016248 0.920401
1750970630.098783 -0.705436 0.081348 1.430884 0.013677 -0.390398 0.016248 0.920401
1750970630.103782 -0.705436 0.081348 1.430884 0.013677 -0.390398 0.016248 0.920401
1750970630.108781 -0.705436 0.081348 1.430884 0.013677 -0.390398 0.016248 0.920401
1750970630.113780 -0.705436 0.081348 1.430884 0.013677 -0.390398 0.016248 0.920401
1750970630.118779 -0.705436 0.081348 1.430884 0.013677 -0.390398 0.016248 0.920401
1750970630.123778 -0.738909 0.079883 1.440766 0.017179 -0.391616 0.013827 0.919865
1750970630.128777 -0.738909 0.079883 1.440766 0.017179 -0.391616 0.013827 0.919865
1750970630.133775 -0.738909 0.079883 1.440766 0.017179 -0.391616 0.013827 0.919865
1750970630.138775 -0.738909 0.079883 1.440766 0.017179 -0.391616 0.013827 0.919865
1750970630.143774 -0.738909 0.079883 1.440766 0.017179 -0.391616 0.013827 0.919865
1750970630.148772 -0.738909 0.079883 1.440766 0.017179 -0.391616 0.013827 0.919865
1750970630.153771 -0.738909 0.079883 1.440766 0.017179 -0.391616 0.013827 0.919865
1750970630.158771 -0.750711 0.083151 1.448489 0.019674 -0.393283 0.013253 0.919111
1750970630.163769 -0.750711 0.083151 1.448489 0.019674 -0.393283 0.013253 0.919111
1750970630.168768 -0.750711 0.083151 1.448489 0.019674 -0.393283 0.013253 0.919111
1750970630.173767 -0.750711 0.083151 1.448489 0.019674 -0.393283 0.013253 0.919111
1750970630.178766 -0.750711 0.083151 1.448489 0.019674 -0.393283 0.013253 0.919111
1750970630.183765 -0.750711 0.083151 1.448489 0.019674 -0.393283 0.013253 0.919111
1750970630.188764 -0.750711 0.083151 1.448489 0.019674 -0.393283 0.013253 0.919111
1750970630.193763 -0.750711 0.083151 1.448489 0.019674 -0.393283 0.013253 0.919111
1750970630.198761 -0.750711 0.083151 1.448489 0.019674 -0.393283 0.013253 0.919111
1750970630.203761 -0.750711 0.083151 1.448489 0.019674 -0.393283 0.013253 0.919111
1750970630.208760 -0.750711 0.083151 1.448489 0.019674 -0.393283 0.013253 0.919111
1750970630.213758 -0.750711 0.083151 1.448489 0.019674 -0.393283 0.013253 0.919111
1750970630.218757 -0.750711 0.083151 1.448489 0.019674 -0.393283 0.013253 0.919111
1750970630.223757 -0.781610 0.085569 1.459847 0.024400 -0.396994 0.012516 0.917412
1750970630.228755 -0.781610 0.085569 1.459847 0.024400 -0.396994 0.012516 0.917412
1750970630.233754 -0.781610 0.085569 1.459847 0.024400 -0.396994 0.012516 0.917412
1750970630.238411 -0.781610 0.085569 1.459847 0.024400 -0.396994 0.012516 0.917412
1750970630.238753 -0.781610 0.085569 1.459847 0.024400 -0.396994 0.012516 0.917412
1750970630.243752 -0.781610 0.085569 1.459847 0.024400 -0.396994 0.012516 0.917412
1750970630.248751 -0.781610 0.085569 1.459847 0.024400 -0.396994 0.012516 0.917412
1750970630.253750 -0.781610 0.085569 1.459847 0.024400 -0.396994 0.012516 0.917412
1750970630.258749 -0.796561 0.087425 1.466671 0.025723 -0.399432 0.011683 0.916327
1750970630.263747 -0.796561 0.087425 1.466671 0.025723 -0.399432 0.011683 0.916327
1750970630.268747 -0.796561 0.087425 1.466671 0.025723 -0.399432 0.011683 0.916327
1750970630.273745 -0.796561 0.087425 1.466671 0.025723 -0.399432 0.011683 0.916327
1750970630.278744 -0.796561 0.087425 1.466671 0.025723 -0.399432 0.011683 0.916327
1750970630.283743 -0.796561 0.087425 1.466671 0.025723 -0.399432 0.011683 0.916327
1750970630.288742 -0.796561 0.087425 1.466671 0.025723 -0.399432 0.011683 0.916327
1750970630.293741 -0.796561 0.087425 1.466671 0.025723 -0.399432 0.011683 0.916327
1750970630.298739 -0.796561 0.087425 1.466671 0.025723 -0.399432 0.011683 0.916327
1750970630.303739 -0.796561 0.087425 1.466671 0.025723 -0.399432 0.011683 0.916327
1750970630.308738 -0.796561 0.087425 1.466671 0.025723 -0.399432 0.011683 0.916327
1750970630.313736 -0.796561 0.087425 1.466671 0.025723 -0.399432 0.011683 0.916327
1750970630.318735 -0.796561 0.087425 1.466671 0.025723 -0.399432 0.011683 0.916327
1750970630.323734 -0.829179 0.089526 1.479381 0.025208 -0.404363 0.009910 0.914198
1750970630.328733 -0.829179 0.089526 1.479381 0.025208 -0.404363 0.009910 0.914198
1750970630.333732 -0.829179 0.089526 1.479381 0.025208 -0.404363 0.009910 0.914198
1750970630.338730 -0.829179 0.089526 1.479381 0.025208 -0.404363 0.009910 0.914198
1750970630.343730 -0.829179 0.089526 1.479381 0.025208 -0.404363 0.009910 0.914198
1750970630.348729 -0.829179 0.089526 1.479381 0.025208 -0.404363 0.009910 0.914198
1750970630.353727 -0.829179 0.089526 1.479381 0.025208 -0.404363 0.009910 0.914198
1750970630.358726 -0.855608 0.085370 1.486749 0.024383 -0.405124 0.009314 0.913889
1750970630.363724 -0.855608 0.085370 1.486749 0.024383 -0.405124 0.009314 0.913889
1750970630.368724 -0.855608 0.085370 1.486749 0.024383 -0.405124 0.009314 0.913889
1750970630.373722 -0.855608 0.085370 1.486749 0.024383 -0.405124 0.009314 0.913889
1750970630.378721 -0.855608 0.085370 1.486749 0.024383 -0.405124 0.009314 0.913889
1750970630.383720 -0.855608 0.085370 1.486749 0.024383 -0.405124 0.009314 0.913889
1750970630.388719 -0.864804 0.088300 1.496972 0.024918 -0.407003 0.010562 0.913026
1750970630.393718 -0.864804 0.088300 1.496972 0.024918 -0.407003 0.010562 0.913026
1750970630.398717 -0.864804 0.088300 1.496972 0.024918 -0.407003 0.010562 0.913026
1750970630.403715 -0.864804 0.088300 1.496972 0.024918 -0.407003 0.010562 0.913026
1750970630.408715 -0.864804 0.088300 1.496972 0.024918 -0.407003 0.010562 0.913026
1750970630.413713 -0.864804 0.088300 1.496972 0.024918 -0.407003 0.010562 0.913026
1750970630.418712 -0.864804 0.088300 1.496972 0.024918 -0.407003 0.010562 0.913026
1750970630.421715 -0.864804 0.088300 1.496972 0.024918 -0.407003 0.010562 0.913026
1750970630.423710 -0.864804 0.088300 1.496972 0.024918 -0.407003 0.010562 0.913026
1750970630.428709 -0.864804 0.088300 1.496972 0.024918 -0.407003 0.010562 0.913026
1750970630.433708 -0.864804 0.088300 1.496972 0.024918 -0.407003 0.010562 0.913026
1750970630.438707 -0.864804 0.088300 1.496972 0.024918 -0.407003 0.010562 0.913026
1750970630.443706 -0.864804 0.088300 1.496972 0.024918 -0.407003 0.010562 0.913026
1750970630.448705 -0.864804 0.088300 1.496972 0.024918 -0.407003 0.010562 0.913026
1750970630.453704 -0.864804 0.088300 1.496972 0.024918 -0.407003 0.010562 0.913026
1750970630.458702 -0.892808 0.091372 1.509270 0.025172 -0.409915 0.010781 0.911713
1750970630.463701 -0.892808 0.091372 1.509270 0.025172 -0.409915 0.010781 0.911713
1750970630.468700 -0.892808 0.091372 1.509270 0.025172 -0.409915 0.010781 0.911713
1750970630.473699 -0.892808 0.091372 1.509270 0.025172 -0.409915 0.010781 0.911713
1750970630.478698 -0.892808 0.091372 1.509270 0.025172 -0.409915 0.010781 0.911713
1750970630.483696 -0.892808 0.091372 1.509270 0.025172 -0.409915 0.010781 0.911713
1750970630.488696 -0.905560 0.093091 1.515989 0.024199 -0.411986 0.011158 0.910800
1750970630.493695 -0.905560 0.093091 1.515989 0.024199 -0.411986 0.011158 0.910800
1750970630.498693 -0.905560 0.093091 1.515989 0.024199 -0.411986 0.011158 0.910800
1750970630.503691 -0.905560 0.093091 1.515989 0.024199 -0.411986 0.011158 0.910800
1750970630.508690 -0.905560 0.093091 1.515989 0.024199 -0.411986 0.011158 0.910800
1750970630.513689 -0.905560 0.093091 1.515989 0.024199 -0.411986 0.011158 0.910800
1750970630.518688 -0.905560 0.093091 1.515989 0.024199 -0.411986 0.011158 0.910800
1750970630.523686 -0.905560 0.093091 1.515989 0.024199 -0.411986 0.011158 0.910800
1750970630.528685 -0.905560 0.093091 1.515989 0.024199 -0.411986 0.011158 0.910800
1750970630.533684 -0.905560 0.093091 1.515989 0.024199 -0.411986 0.011158 0.910800
1750970630.538683 -0.905560 0.093091 1.515989 0.024199 -0.411986 0.011158 0.910800
1750970630.543682 -0.905560 0.093091 1.515989 0.024199 -0.411986 0.011158 0.910800
1750970630.548680 -0.905560 0.093091 1.515989 0.024199 -0.411986 0.011158 0.910800
1750970630.553679 -0.905560 0.093091 1.515989 0.024199 -0.411986 0.011158 0.910800
1750970630.558678 -0.932719 0.095385 1.530271 0.021330 -0.418551 0.009941 0.907889
1750970630.563677 -0.932719 0.095385 1.530271 0.021330 -0.418551 0.009941 0.907889
1750970630.568675 -0.932719 0.095385 1.530271 0.021330 -0.418551 0.009941 0.907889
1750970630.573675 -0.932719 0.095385 1.530271 0.021330 -0.418551 0.009941 0.907889
1750970630.578673 -0.932719 0.095385 1.530271 0.021330 -0.418551 0.009941 0.907889
1750970630.583672 -0.932719 0.095385 1.530271 0.021330 -0.418551 0.009941 0.907889
1750970630.588670 -0.953308 0.089115 1.529664 0.018184 -0.420861 0.009064 0.906897
1750970630.593669 -0.953308 0.089115 1.529664 0.018184 -0.420861 0.009064 0.906897
1750970630.598669 -0.953308 0.089115 1.529664 0.018184 -0.420861 0.009064 0.906897
1750970630.603667 -0.953308 0.089115 1.529664 0.018184 -0.420861 0.009064 0.906897
1750970630.608666 -0.953308 0.089115 1.529664 0.018184 -0.420861 0.009064 0.906897
1750970630.613664 -0.953308 0.089115 1.529664 0.018184 -0.420861 0.009064 0.906897
1750970630.618664 -0.953308 0.089115 1.529664 0.018184 -0.420861 0.009064 0.906897
1750970630.621680 -0.953308 0.089115 1.529664 0.018184 -0.420861 0.009064 0.906897
1750970630.623662 -0.953308 0.089115 1.529664 0.018184 -0.420861 0.009064 0.906897
1750970630.628660 -0.953308 0.089115 1.529664 0.018184 -0.420861 0.009064 0.906897
1750970630.633659 -0.953308 0.089115 1.529664 0.018184 -0.420861 0.009064 0.906897
1750970630.638659 -0.953308 0.089115 1.529664 0.018184 -0.420861 0.009064 0.906897
1750970630.643657 -0.953308 0.089115 1.529664 0.018184 -0.420861 0.009064 0.906897
1750970630.648656 -0.953308 0.089115 1.529664 0.018184 -0.420861 0.009064 0.906897
1750970630.653654 -0.953308 0.089115 1.529664 0.018184 -0.420861 0.009064 0.906897
1750970630.658653 -0.975471 0.092686 1.546161 0.013624 -0.430926 0.008143 0.902248
1750970630.663652 -0.975471 0.092686 1.546161 0.013624 -0.430926 0.008143 0.902248
1750970630.668651 -0.975471 0.092686 1.546161 0.013624 -0.430926 0.008143 0.902248
1750970630.673650 -0.975471 0.092686 1.546161 0.013624 -0.430926 0.008143 0.902248
1750970630.678650 -0.975471 0.092686 1.546161 0.013624 -0.430926 0.008143 0.902248
1750970630.683649 -0.975471 0.092686 1.546161 0.013624 -0.430926 0.008143 0.902248
1750970630.688647 -0.985615 0.095559 1.553807 0.011757 -0.437582 0.007754 0.899068
1750970630.693646 -0.985615 0.095559 1.553807 0.011757 -0.437582 0.007754 0.899068
1750970630.698645 -0.985615 0.095559 1.553807 0.011757 -0.437582 0.007754 0.899068
1750970630.703645 -0.985615 0.095559 1.553807 0.011757 -0.437582 0.007754 0.899068
1750970630.708644 -0.985615 0.095559 1.553807 0.011757 -0.437582 0.007754 0.899068
1750970630.713642 -0.985615 0.095559 1.553807 0.011757 -0.437582 0.007754 0.899068
1750970630.718641 -0.985615 0.095559 1.553807 0.011757 -0.437582 0.007754 0.899068
1750970630.723641 -0.995514 0.097497 1.561863 0.010324 -0.444827 0.007723 0.895524
1750970630.728640 -0.995514 0.097497 1.561863 0.010324 -0.444827 0.007723 0.895524
1750970630.733639 -0.995514 0.097497 1.561863 0.010324 -0.444827 0.007723 0.895524
1750970630.738638 -0.995514 0.097497 1.561863 0.010324 -0.444827 0.007723 0.895524
1750970630.743637 -0.995514 0.097497 1.561863 0.010324 -0.444827 0.007723 0.895524
1750970630.748636 -0.995514 0.097497 1.561863 0.010324 -0.444827 0.007723 0.895524
1750970630.753635 -0.995514 0.097497 1.561863 0.010324 -0.444827 0.007723 0.895524
1750970630.758633 -0.995514 0.097497 1.561863 0.010324 -0.444827 0.007723 0.895524
1750970630.763633 -0.995514 0.097497 1.561863 0.010324 -0.444827 0.007723 0.895524
1750970630.768632 -0.995514 0.097497 1.561863 0.010324 -0.444827 0.007723 0.895524
1750970630.773631 -0.995514 0.097497 1.561863 0.010324 -0.444827 0.007723 0.895524
1750970630.778630 -0.995514 0.097497 1.561863 0.010324 -0.444827 0.007723 0.895524
1750970630.783630 -0.995514 0.097497 1.561863 0.010324 -0.444827 0.007723 0.895524
1750970630.788324 -1.017624 0.100014 1.574844 0.008350 -0.459307 0.009055 0.888192
1750970630.788629 -1.017624 0.100014 1.574844 0.008350 -0.459307 0.009055 0.888192
1750970630.793627 -1.017624 0.100014 1.574844 0.008350 -0.459307 0.009055 0.888192
1750970630.798626 -1.017624 0.100014 1.574844 0.008350 -0.459307 0.009055 0.888192
1750970630.803626 -1.017624 0.100014 1.574844 0.008350 -0.459307 0.009055 0.888192
1750970630.808625 -1.017624 0.100014 1.574844 0.008350 -0.459307 0.009055 0.888192
1750970630.813623 -1.017624 0.100014 1.574844 0.008350 -0.459307 0.009055 0.888192
1750970630.818622 -1.017624 0.100014 1.574844 0.008350 -0.459307 0.009055 0.888192
1750970630.821654 -1.017624 0.100014 1.574844 0.008350 -0.459307 0.009055 0.888192
1750970630.823622 -1.017624 0.100014 1.574844 0.008350 -0.459307 0.009055 0.888192
1750970630.828620 -1.017624 0.100014 1.574844 0.008350 -0.459307 0.009055 0.888192
1750970630.833619 -1.017624 0.100014 1.574844 0.008350 -0.459307 0.009055 0.888192
1750970630.838618 -1.017624 0.100014 1.574844 0.008350 -0.459307 0.009055 0.888192
1750970630.843618 -1.017624 0.100014 1.574844 0.008350 -0.459307 0.009055 0.888192
1750970630.848617 -1.017624 0.100014 1.574844 0.008350 -0.459307 0.009055 0.888192
1750970630.853615 -1.017624 0.100014 1.574844 0.008350 -0.459307 0.009055 0.888192
1750970630.858614 -1.048947 0.093841 1.581220 0.004081 -0.472586 0.009760 0.881221
1750970630.863613 -1.048947 0.093841 1.581220 0.004081 -0.472586 0.009760 0.881221
1750970630.868613 -1.048947 0.093841 1.581220 0.004081 -0.472586 0.009760 0.881221
1750970630.873611 -1.048947 0.093841 1.581220 0.004081 -0.472586 0.009760 0.881221
1750970630.878610 -1.048947 0.093841 1.581220 0.004081 -0.472586 0.009760 0.881221
1750970630.883609 -1.048947 0.093841 1.581220 0.004081 -0.472586 0.009760 0.881221
1750970630.888609 -1.058910 0.098626 1.591753 0.002535 -0.481097 0.010206 0.876604
1750970630.893607 -1.058910 0.098626 1.591753 0.002535 -0.481097 0.010206 0.876604
1750970630.898606 -1.058910 0.098626 1.591753 0.002535 -0.481097 0.010206 0.876604
1750970630.903605 -1.058910 0.098626 1.591753 0.002535 -0.481097 0.010206 0.876604
1750970630.908605 -1.058910 0.098626 1.591753 0.002535 -0.481097 0.010206 0.876604
1750970630.913604 -1.058910 0.098626 1.591753 0.002535 -0.481097 0.010206 0.876604
1750970630.918602 -1.058910 0.098626 1.591753 0.002535 -0.481097 0.010206 0.876604
1750970630.923601 -1.069563 0.102017 1.600099 0.000603 -0.490076 0.010709 0.871614
1750970630.928601 -1.069563 0.102017 1.600099 0.000603 -0.490076 0.010709 0.871614
1750970630.933599 -1.069563 0.102017 1.600099 0.000603 -0.490076 0.010709 0.871614
1750970630.938598 -1.069563 0.102017 1.600099 0.000603 -0.490076 0.010709 0.871614
1750970630.943597 -1.069563 0.102017 1.600099 0.000603 -0.490076 0.010709 0.871614
1750970630.948597 -1.069563 0.102017 1.600099 0.000603 -0.490076 0.010709 0.871614
1750970630.953595 -1.069563 0.102017 1.600099 0.000603 -0.490076 0.010709 0.871614
1750970630.958594 -1.069563 0.102017 1.600099 0.000603 -0.490076 0.010709 0.871614
1750970630.963593 -1.069563 0.102017 1.600099 0.000603 -0.490076 0.010709 0.871614
1750970630.968592 -1.069563 0.102017 1.600099 0.000603 -0.490076 0.010709 0.871614
1750970630.973591 -1.069563 0.102017 1.600099 0.000603 -0.490076 0.010709 0.871614
1750970630.978590 -1.069563 0.102017 1.600099 0.000603 -0.490076 0.010709 0.871614
1750970630.983589 -1.069563 0.102017 1.600099 0.000603 -0.490076 0.010709 0.871614
1750970630.988588 -1.092729 0.108211 1.616801 -0.003349 -0.508982 0.010958 0.860701
1750970630.993587 -1.092729 0.108211 1.616801 -0.003349 -0.508982 0.010958 0.860701
1750970630.998586 -1.092729 0.108211 1.616801 -0.003349 -0.508982 0.010958 0.860701
1750970631.003585 -1.092729 0.108211 1.616801 -0.003349 -0.508982 0.010958 0.860701
1750970631.004962 -1.092729 0.108211 1.616801 -0.003349 -0.508982 0.010958 0.860701
1750970631.008583 -1.092729 0.108211 1.616801 -0.003349 -0.508982 0.010958 0.860701
1750970631.013583 -1.092729 0.108211 1.616801 -0.003349 -0.508982 0.010958 0.860701
1750970631.018581 -1.092729 0.108211 1.616801 -0.003349 -0.508982 0.010958 0.860701
1750970631.023580 -1.104614 0.110856 1.625283 -0.004520 -0.518846 0.011518 0.854778
1750970631.028579 -1.104614 0.110856 1.625283 -0.004520 -0.518846 0.011518 0.854778
1750970631.033578 -1.104614 0.110856 1.625283 -0.004520 -0.518846 0.011518 0.854778
1750970631.038577 -1.104614 0.110856 1.625283 -0.004520 -0.518846 0.011518 0.854778
1750970631.043576 -1.104614 0.110856 1.625283 -0.004520 -0.518846 0.011518 0.854778
1750970631.048575 -1.104614 0.110856 1.625283 -0.004520 -0.518846 0.011518 0.854778
1750970631.053574 -1.104614 0.110856 1.625283 -0.004520 -0.518846 0.011518 0.854778
1750970631.058573 -1.128509 0.104231 1.619660 -0.006498 -0.526670 0.011432 0.849968
1750970631.063572 -1.128509 0.104231 1.619660 -0.006498 -0.526670 0.011432 0.849968
1750970631.068570 -1.128509 0.104231 1.619660 -0.006498 -0.526670 0.011432 0.849968
1750970631.073570 -1.128509 0.104231 1.619660 -0.006498 -0.526670 0.011432 0.849968
1750970631.078569 -1.128509 0.104231 1.619660 -0.006498 -0.526670 0.011432 0.849968
1750970631.083567 -1.128509 0.104231 1.619660 -0.006498 -0.526670 0.011432 0.849968
1750970631.088566 -1.139297 0.106894 1.630750 -0.007000 -0.537086 0.012671 0.843404
1750970631.093566 -1.139297 0.106894 1.630750 -0.007000 -0.537086 0.012671 0.843404
1750970631.098564 -1.139297 0.106894 1.630750 -0.007000 -0.537086 0.012671 0.843404
1750970631.103563 -1.139297 0.106894 1.630750 -0.007000 -0.537086 0.012671 0.843404
1750970631.108562 -1.139297 0.106894 1.630750 -0.007000 -0.537086 0.012671 0.843404
1750970631.113562 -1.139297 0.106894 1.630750 -0.007000 -0.537086 0.012671 0.843404
1750970631.118560 -1.139297 0.106894 1.630750 -0.007000 -0.537086 0.012671 0.843404
1750970631.123559 -1.139297 0.106894 1.630750 -0.007000 -0.537086 0.012671 0.843404
1750970631.128557 -1.139297 0.106894 1.630750 -0.007000 -0.537086 0.012671 0.843404
1750970631.133557 -1.139297 0.106894 1.630750 -0.007000 -0.537086 0.012671 0.843404
1750970631.138556 -1.139297 0.106894 1.630750 -0.007000 -0.537086 0.012671 0.843404
1750970631.143554 -1.139297 0.106894 1.630750 -0.007000 -0.537086 0.012671 0.843404
1750970631.148553 -1.139297 0.106894 1.630750 -0.007000 -0.537086 0.012671 0.843404
1750970631.153552 -1.139297 0.106894 1.630750 -0.007000 -0.537086 0.012671 0.843404
1750970631.158551 -1.162723 0.109769 1.648272 -0.005248 -0.557933 0.016958 0.829696
1750970631.163550 -1.162723 0.109769 1.648272 -0.005248 -0.557933 0.016958 0.829696
1750970631.168549 -1.162723 0.109769 1.648272 -0.005248 -0.557933 0.016958 0.829696
1750970631.173548 -1.162723 0.109769 1.648272 -0.005248 -0.557933 0.016958 0.829696
1750970631.178547 -1.162723 0.109769 1.648272 -0.005248 -0.557933 0.016958 0.829696
1750970631.183545 -1.162723 0.109769 1.648272 -0.005248 -0.557933 0.016958 0.829696
1750970631.188268 -1.162723 0.109769 1.648272 -0.005248 -0.557933 0.016958 0.829696
1750970631.188544 -1.162723 0.109769 1.648272 -0.005248 -0.557933 0.016958 0.829696
1750970631.193543 -1.162723 0.109769 1.648272 -0.005248 -0.557933 0.016958 0.829696
1750970631.198542 -1.162723 0.109769 1.648272 -0.005248 -0.557933 0.016958 0.829696
1750970631.203541 -1.162723 0.109769 1.648272 -0.005248 -0.557933 0.016958 0.829696
1750970631.208540 -1.162723 0.109769 1.648272 -0.005248 -0.557933 0.016958 0.829696
1750970631.213538 -1.162723 0.109769 1.648272 -0.005248 -0.557933 0.016958 0.829696
1750970631.218538 -1.162723 0.109769 1.648272 -0.005248 -0.557933 0.016958 0.829696
1750970631.223536 -1.188100 0.110477 1.663717 -0.003522 -0.580445 0.020846 0.814025
1750970631.228535 -1.188100 0.110477 1.663717 -0.003522 -0.580445 0.020846 0.814025
1750970631.233534 -1.188100 0.110477 1.663717 -0.003522 -0.580445 0.020846 0.814025
1750970631.238533 -1.188100 0.110477 1.663717 -0.003522 -0.580445 0.020846 0.814025
1750970631.243532 -1.188100 0.110477 1.663717 -0.003522 -0.580445 0.020846 0.814025
1750970631.248530 -1.188100 0.110477 1.663717 -0.003522 -0.580445 0.020846 0.814025
1750970631.253529 -1.188100 0.110477 1.663717 -0.003522 -0.580445 0.020846 0.814025
1750970631.258528 -1.201322 0.111299 1.670732 -0.002462 -0.592354 0.022669 0.805355
1750970631.263527 -1.201322 0.111299 1.670732 -0.002462 -0.592354 0.022669 0.805355
1750970631.268526 -1.201322 0.111299 1.670732 -0.002462 -0.592354 0.022669 0.805355
1750970631.273525 -1.201322 0.111299 1.670732 -0.002462 -0.592354 0.022669 0.805355
1750970631.278523 -1.201322 0.111299 1.670732 -0.002462 -0.592354 0.022669 0.805355
1750970631.283523 -1.201322 0.111299 1.670732 -0.002462 -0.592354 0.022669 0.805355
1750970631.288521 -1.215059 0.111560 1.677489 -0.001750 -0.604330 0.024083 0.796368
1750970631.293520 -1.215059 0.111560 1.677489 -0.001750 -0.604330 0.024083 0.796368
1750970631.298519 -1.215059 0.111560 1.677489 -0.001750 -0.604330 0.024083 0.796368
1750970631.303518 -1.215059 0.111560 1.677489 -0.001750 -0.604330 0.024083 0.796368
1750970631.308517 -1.215059 0.111560 1.677489 -0.001750 -0.604330 0.024083 0.796368
1750970631.313515 -1.215059 0.111560 1.677489 -0.001750 -0.604330 0.024083 0.796368
1750970631.318514 -1.215059 0.111560 1.677489 -0.001750 -0.604330 0.024083 0.796368
1750970631.323513 -1.215059 0.111560 1.677489 -0.001750 -0.604330 0.024083 0.796368
1750970631.328512 -1.215059 0.111560 1.677489 -0.001750 -0.604330 0.024083 0.796368
1750970631.333510 -1.215059 0.111560 1.677489 -0.001750 -0.604330 0.024083 0.796368
1750970631.338509 -1.215059 0.111560 1.677489 -0.001750 -0.604330 0.024083 0.796368
1750970631.343508 -1.215059 0.111560 1.677489 -0.001750 -0.604330 0.024083 0.796368
1750970631.348507 -1.215059 0.111560 1.677489 -0.001750 -0.604330 0.024083 0.796368
1750970631.353506 -1.215059 0.111560 1.677489 -0.001750 -0.604330 0.024083 0.796368
1750970631.358504 -1.238571 0.108814 1.693666 -0.000236 -0.628974 0.026509 0.776974
1750970631.363504 -1.238571 0.108814 1.693666 -0.000236 -0.628974 0.026509 0.776974
1750970631.368503 -1.238571 0.108814 1.693666 -0.000236 -0.628974 0.026509 0.776974
1750970631.371572 -1.238571 0.108814 1.693666 -0.000236 -0.628974 0.026509 0.776974
1750970631.373501 -1.238571 0.108814 1.693666 -0.000236 -0.628974 0.026509 0.776974
1750970631.378500 -1.238571 0.108814 1.693666 -0.000236 -0.628974 0.026509 0.776974
1750970631.383498 -1.238571 0.108814 1.693666 -0.000236 -0.628974 0.026509 0.776974
1750970631.388498 -1.250077 0.110056 1.699567 0.000042 -0.641368 0.027980 0.766723
1750970631.393496 -1.250077 0.110056 1.699567 0.000042 -0.641368 0.027980 0.766723
1750970631.398495 -1.250077 0.110056 1.699567 0.000042 -0.641368 0.027980 0.766723
1750970631.403493 -1.250077 0.110056 1.699567 0.000042 -0.641368 0.027980 0.766723
1750970631.408493 -1.250077 0.110056 1.699567 0.000042 -0.641368 0.027980 0.766723
1750970631.413491 -1.250077 0.110056 1.699567 0.000042 -0.641368 0.027980 0.766723
1750970631.418490 -1.250077 0.110056 1.699567 0.000042 -0.641368 0.027980 0.766723
1750970631.423488 -1.263751 0.110952 1.703664 -0.000026 -0.653582 0.028038 0.756337
1750970631.428488 -1.263751 0.110952 1.703664 -0.000026 -0.653582 0.028038 0.756337
1750970631.433486 -1.263751 0.110952 1.703664 -0.000026 -0.653582 0.028038 0.756337
1750970631.438485 -1.263751 0.110952 1.703664 -0.000026 -0.653582 0.028038 0.756337
1750970631.443483 -1.263751 0.110952 1.703664 -0.000026 -0.653582 0.028038 0.756337
1750970631.448483 -1.263751 0.110952 1.703664 -0.000026 -0.653582 0.028038 0.756337
1750970631.453481 -1.263751 0.110952 1.703664 -0.000026 -0.653582 0.028038 0.756337
1750970631.458480 -1.263751 0.110952 1.703664 -0.000026 -0.653582 0.028038 0.756337
1750970631.463479 -1.263751 0.110952 1.703664 -0.000026 -0.653582 0.028038 0.756337
1750970631.468478 -1.263751 0.110952 1.703664 -0.000026 -0.653582 0.028038 0.756337
1750970631.473477 -1.263751 0.110952 1.703664 -0.000026 -0.653582 0.028038 0.756337
1750970631.478475 -1.263751 0.110952 1.703664 -0.000026 -0.653582 0.028038 0.756337
1750970631.483474 -1.263751 0.110952 1.703664 -0.000026 -0.653582 0.028038 0.756337
1750970631.488473 -1.289066 0.111838 1.710631 -0.000641 -0.678472 0.028899 0.734057
1750970631.493472 -1.289066 0.111838 1.710631 -0.000641 -0.678472 0.028899 0.734057
1750970631.498470 -1.289066 0.111838 1.710631 -0.000641 -0.678472 0.028899 0.734057
1750970631.503469 -1.289066 0.111838 1.710631 -0.000641 -0.678472 0.028899 0.734057
1750970631.508468 -1.289066 0.111838 1.710631 -0.000641 -0.678472 0.028899 0.734057
1750970631.513467 -1.289066 0.111838 1.710631 -0.000641 -0.678472 0.028899 0.734057
1750970631.518465 -1.289066 0.111838 1.710631 -0.000641 -0.678472 0.028899 0.734057
1750970631.523464 -1.300132 0.112905 1.713285 -0.001427 -0.690992 0.030597 0.722213
1750970631.528462 -1.300132 0.112905 1.713285 -0.001427 -0.690992 0.030597 0.722213
1750970631.533462 -1.300132 0.112905 1.713285 -0.001427 -0.690992 0.030597 0.722213
1750970631.538208 -1.300132 0.112905 1.713285 -0.001427 -0.690992 0.030597 0.722213
1750970631.538460 -1.300132 0.112905 1.713285 -0.001427 -0.690992 0.030597 0.722213
1750970631.543459 -1.300132 0.112905 1.713285 -0.001427 -0.690992 0.030597 0.722213
1750970631.548457 -1.300132 0.112905 1.713285 -0.001427 -0.690992 0.030597 0.722213
1750970631.553457 -1.300132 0.112905 1.713285 -0.001427 -0.690992 0.030597 0.722213
1750970631.558455 -1.314665 0.107882 1.714433 -0.002734 -0.704209 0.031163 0.709303
1750970631.563454 -1.314665 0.107882 1.714433 -0.002734 -0.704209 0.031163 0.709303
1750970631.568452 -1.314665 0.107882 1.714433 -0.002734 -0.704209 0.031163 0.709303
1750970631.573452 -1.314665 0.107882 1.714433 -0.002734 -0.704209 0.031163 0.709303
1750970631.578450 -1.314665 0.107882 1.714433 -0.002734 -0.704209 0.031163 0.709303
1750970631.583449 -1.314665 0.107882 1.714433 -0.002734 -0.704209 0.031163 0.709303
1750970631.588447 -1.326847 0.109642 1.716737 -0.004428 -0.717191 0.031535 0.696149
1750970631.593446 -1.326847 0.109642 1.716737 -0.004428 -0.717191 0.031535 0.696149
1750970631.598445 -1.326847 0.109642 1.716737 -0.004428 -0.717191 0.031535 0.696149
1750970631.603443 -1.326847 0.109642 1.716737 -0.004428 -0.717191 0.031535 0.696149
1750970631.608442 -1.326847 0.109642 1.716737 -0.004428 -0.717191 0.031535 0.696149
1750970631.613441 -1.326847 0.109642 1.716737 -0.004428 -0.717191 0.031535 0.696149
1750970631.618440 -1.326847 0.109642 1.716737 -0.004428 -0.717191 0.031535 0.696149
1750970631.623438 -1.338645 0.111549 1.718634 -0.006785 -0.729589 0.031633 0.683120
1750970631.628437 -1.338645 0.111549 1.718634 -0.006785 -0.729589 0.031633 0.683120
1750970631.633435 -1.338645 0.111549 1.718634 -0.006785 -0.729589 0.031633 0.683120
1750970631.638435 -1.338645 0.111549 1.718634 -0.006785 -0.729589 0.031633 0.683120
1750970631.643433 -1.338645 0.111549 1.718634 -0.006785 -0.729589 0.031633 0.683120
1750970631.648431 -1.338645 0.111549 1.718634 -0.006785 -0.729589 0.031633 0.683120
1750970631.653431 -1.338645 0.111549 1.718634 -0.006785 -0.729589 0.031633 0.683120
1750970631.658429 -1.338645 0.111549 1.718634 -0.006785 -0.729589 0.031633 0.683120
1750970631.663428 -1.338645 0.111549 1.718634 -0.006785 -0.729589 0.031633 0.683120
1750970631.668433 -1.338645 0.111549 1.718634 -0.006785 -0.729589 0.031633 0.683120
1750970631.673438 -1.338645 0.111549 1.718634 -0.006785 -0.729589 0.031633 0.683120
1750970631.678445 -1.338645 0.111549 1.718634 -0.006785 -0.729589 0.031633 0.683120
1750970631.683450 -1.338645 0.111549 1.718634 -0.006785 -0.729589 0.031633 0.683120
1750970631.688214 -1.360726 0.113874 1.717022 -0.010467 -0.752826 0.031117 0.657400
1750970631.688455 -1.360726 0.113874 1.717022 -0.010467 -0.752826 0.031117 0.657400
1750970631.693460 -1.360726 0.113874 1.717022 -0.010467 -0.752826 0.031117 0.657400
1750970631.698467 -1.360726 0.113874 1.717022 -0.010467 -0.752826 0.031117 0.657400
1750970631.703472 -1.360726 0.113874 1.717022 -0.010467 -0.752826 0.031117 0.657400
1750970631.704900 -1.360726 0.113874 1.717022 -0.010467 -0.752826 0.031117 0.657400
1750970631.708477 -1.360726 0.113874 1.717022 -0.010467 -0.752826 0.031117 0.657400
1750970631.713483 -1.360726 0.113874 1.717022 -0.010467 -0.752826 0.031117 0.657400
1750970631.718488 -1.360726 0.113874 1.717022 -0.010467 -0.752826 0.031117 0.657400
1750970631.723495 -1.370556 0.114623 1.713654 -0.011611 -0.764716 0.031037 0.643515
1750970631.728500 -1.370556 0.114623 1.713654 -0.011611 -0.764716 0.031037 0.643515
1750970631.733505 -1.370556 0.114623 1.713654 -0.011611 -0.764716 0.031037 0.643515
1750970631.738512 -1.370556 0.114623 1.713654 -0.011611 -0.764716 0.031037 0.643515
1750970631.743517 -1.370556 0.114623 1.713654 -0.011611 -0.764716 0.031037 0.643515
1750970631.748523 -1.370556 0.114623 1.713654 -0.011611 -0.764716 0.031037 0.643515
1750970631.753528 -1.370556 0.114623 1.713654 -0.011611 -0.764716 0.031037 0.643515
1750970631.758535 -1.375526 0.113541 1.717057 -0.012571 -0.776567 0.031206 0.629136
1750970631.763540 -1.375526 0.113541 1.717057 -0.012571 -0.776567 0.031206 0.629136
1750970631.768546 -1.375526 0.113541 1.717057 -0.012571 -0.776567 0.031206 0.629136
1750970631.773551 -1.375526 0.113541 1.717057 -0.012571 -0.776567 0.031206 0.629136
1750970631.778557 -1.375526 0.113541 1.717057 -0.012571 -0.776567 0.031206 0.629136
1750970631.783563 -1.375526 0.113541 1.717057 -0.012571 -0.776567 0.031206 0.629136
1750970631.788569 -1.384019 0.114966 1.712682 -0.013555 -0.788139 0.031555 0.614538
1750970631.793574 -1.384019 0.114966 1.712682 -0.013555 -0.788139 0.031555 0.614538
1750970631.798580 -1.384019 0.114966 1.712682 -0.013555 -0.788139 0.031555 0.614538
1750970631.803586 -1.384019 0.114966 1.712682 -0.013555 -0.788139 0.031555 0.614538
1750970631.808592 -1.384019 0.114966 1.712682 -0.013555 -0.788139 0.031555 0.614538
1750970631.813598 -1.384019 0.114966 1.712682 -0.013555 -0.788139 0.031555 0.614538
1750970631.818603 -1.384019 0.114966 1.712682 -0.013555 -0.788139 0.031555 0.614538
1750970631.823610 -1.384019 0.114966 1.712682 -0.013555 -0.788139 0.031555 0.614538
1750970631.828615 -1.384019 0.114966 1.712682 -0.013555 -0.788139 0.031555 0.614538
1750970631.833621 -1.384019 0.114966 1.712682 -0.013555 -0.788139 0.031555 0.614538
1750970631.838627 -1.384019 0.114966 1.712682 -0.013555 -0.788139 0.031555 0.614538
1750970631.843633 -1.384019 0.114966 1.712682 -0.013555 -0.788139 0.031555 0.614538
1750970631.848639 -1.384019 0.114966 1.712682 -0.013555 -0.788139 0.031555 0.614538
1750970631.853645 -1.384019 0.114966 1.712682 -0.013555 -0.788139 0.031555 0.614538
1750970631.858650 -1.400478 0.115921 1.702422 -0.015105 -0.809255 0.032480 0.586364
1750970631.863657 -1.400478 0.115921 1.702422 -0.015105 -0.809255 0.032480 0.586364
1750970631.868663 -1.400478 0.115921 1.702422 -0.015105 -0.809255 0.032480 0.586364
1750970631.871771 -1.400478 0.115921 1.702422 -0.015105 -0.809255 0.032480 0.586364
1750970631.873668 -1.400478 0.115921 1.702422 -0.015105 -0.809255 0.032480 0.586364
1750970631.878675 -1.400478 0.115921 1.702422 -0.015105 -0.809255 0.032480 0.586364
1750970631.883681 -1.400478 0.115921 1.702422 -0.015105 -0.809255 0.032480 0.586364
1750970631.888687 -1.407069 0.117729 1.696745 -0.015280 -0.817947 0.034007 0.574084
1750970631.893692 -1.407069 0.117729 1.696745 -0.015280 -0.817947 0.034007 0.574084
1750970631.898698 -1.407069 0.117729 1.696745 -0.015280 -0.817947 0.034007 0.574084
1750970631.903705 -1.407069 0.117729 1.696745 -0.015280 -0.817947 0.034007 0.574084
1750970631.908711 -1.407069 0.117729 1.696745 -0.015280 -0.817947 0.034007 0.574084
1750970631.913717 -1.407069 0.117729 1.696745 -0.015280 -0.817947 0.034007 0.574084
1750970631.918722 -1.407069 0.117729 1.696745 -0.015280 -0.817947 0.034007 0.574084
1750970631.923728 -1.413988 0.118816 1.690000 -0.015624 -0.825029 0.035225 0.563775
1750970631.928735 -1.413988 0.118816 1.690000 -0.015624 -0.825029 0.035225 0.563775
1750970631.933741 -1.413988 0.118816 1.690000 -0.015624 -0.825029 0.035225 0.563775
1750970631.938747 -1.413988 0.118816 1.690000 -0.015624 -0.825029 0.035225 0.563775
1750970631.943754 -1.413988 0.118816 1.690000 -0.015624 -0.825029 0.035225 0.563775
1750970631.948760 -1.413988 0.118816 1.690000 -0.015624 -0.825029 0.035225 0.563775
1750970631.953765 -1.413988 0.118816 1.690000 -0.015624 -0.825029 0.035225 0.563775
1750970631.958771 -1.413988 0.118816 1.690000 -0.015624 -0.825029 0.035225 0.563775
1750970631.963777 -1.413988 0.118816 1.690000 -0.015624 -0.825029 0.035225 0.563775
1750970631.968784 -1.413988 0.118816 1.690000 -0.015624 -0.825029 0.035225 0.563775
1750970631.973790 -1.413988 0.118816 1.690000 -0.015624 -0.825029 0.035225 0.563775
1750970631.978796 -1.413988 0.118816 1.690000 -0.015624 -0.825029 0.035225 0.563775
1750970631.983802 -1.413988 0.118816 1.690000 -0.015624 -0.825029 0.035225 0.563775
1750970631.988809 -1.426878 0.117723 1.676718 -0.015258 -0.836124 0.036431 0.547117
1750970631.993815 -1.426878 0.117723 1.676718 -0.015258 -0.836124 0.036431 0.547117
1750970631.998821 -1.426878 0.117723 1.676718 -0.015258 -0.836124 0.036431 0.547117
1750970632.003827 -1.426878 0.117723 1.676718 -0.015258 -0.836124 0.036431 0.547117
1750970632.008834 -1.426878 0.117723 1.676718 -0.015258 -0.836124 0.036431 0.547117
1750970632.013840 -1.426878 0.117723 1.676718 -0.015258 -0.836124 0.036431 0.547117
1750970632.018846 -1.426878 0.117723 1.676718 -0.015258 -0.836124 0.036431 0.547117
1750970632.023852 -1.431571 0.120906 1.668130 -0.013873 -0.840133 0.037760 0.540887
1750970632.028859 -1.431571 0.120906 1.668130 -0.013873 -0.840133 0.037760 0.540887
1750970632.033865 -1.431571 0.120906 1.668130 -0.013873 -0.840133 0.037760 0.540887
1750970632.038654 -1.431571 0.120906 1.668130 -0.013873 -0.840133 0.037760 0.540887
1750970632.038871 -1.431571 0.120906 1.668130 -0.013873 -0.840133 0.037760 0.540887
1750970632.043877 -1.431571 0.120906 1.668130 -0.013873 -0.840133 0.037760 0.540887
1750970632.048884 -1.431571 0.120906 1.668130 -0.013873 -0.840133 0.037760 0.540887
1750970632.053890 -1.431571 0.120906 1.668130 -0.013873 -0.840133 0.037760 0.540887
1750970632.058896 -1.436027 0.122979 1.658208 -0.011688 -0.843515 0.039329 0.535536
1750970632.063902 -1.436027 0.122979 1.658208 -0.011688 -0.843515 0.039329 0.535536
1750970632.068909 -1.436027 0.122979 1.658208 -0.011688 -0.843515 0.039329 0.535536
1750970632.073916 -1.436027 0.122979 1.658208 -0.011688 -0.843515 0.039329 0.535536
1750970632.078922 -1.436027 0.122979 1.658208 -0.011688 -0.843515 0.039329 0.535536
1750970632.083928 -1.436027 0.122979 1.658208 -0.011688 -0.843515 0.039329 0.535536
1750970632.088935 -1.440988 0.119108 1.647964 -0.009955 -0.846314 0.040327 0.531062
1750970632.093942 -1.440988 0.119108 1.647964 -0.009955 -0.846314 0.040327 0.531062
1750970632.098948 -1.440988 0.119108 1.647964 -0.009955 -0.846314 0.040327 0.531062
1750970632.103954 -1.440988 0.119108 1.647964 -0.009955 -0.846314 0.040327 0.531062
1750970632.108960 -1.440988 0.119108 1.647964 -0.009955 -0.846314 0.040327 0.531062
1750970632.113968 -1.440988 0.119108 1.647964 -0.009955 -0.846314 0.040327 0.531062
1750970632.118974 -1.440988 0.119108 1.647964 -0.009955 -0.846314 0.040327 0.531062
1750970632.123980 -1.440988 0.119108 1.647964 -0.009955 -0.846314 0.040327 0.531062
1750970632.128986 -1.440988 0.119108 1.647964 -0.009955 -0.846314 0.040327 0.531062
1750970632.133994 -1.440988 0.119108 1.647964 -0.009955 -0.846314 0.040327 0.531062
1750970632.139000 -1.440988 0.119108 1.647964 -0.009955 -0.846314 0.040327 0.531062
1750970632.144006 -1.440988 0.119108 1.647964 -0.009955 -0.846314 0.040327 0.531062
1750970632.149013 -1.440988 0.119108 1.647964 -0.009955 -0.846314 0.040327 0.531062
1750970632.154020 -1.440988 0.119108 1.647964 -0.009955 -0.846314 0.040327 0.531062
1750970632.159026 -1.449582 0.118003 1.624288 -0.005911 -0.850752 0.043721 0.523712
1750970632.164032 -1.449582 0.118003 1.624288 -0.005911 -0.850752 0.043721 0.523712
1750970632.169039 -1.449582 0.118003 1.624288 -0.005911 -0.850752 0.043721 0.523712
1750970632.174046 -1.449582 0.118003 1.624288 -0.005911 -0.850752 0.043721 0.523712
1750970632.179053 -1.449582 0.118003 1.624288 -0.005911 -0.850752 0.043721 0.523712
1750970632.184059 -1.449582 0.118003 1.624288 -0.005911 -0.850752 0.043721 0.523712
1750970632.189065 -1.456412 0.117552 1.617288 -0.005261 -0.853160 0.045546 0.519631
1750970632.194073 -1.456412 0.117552 1.617288 -0.005261 -0.853160 0.045546 0.519631
1750970632.199079 -1.456412 0.117552 1.617288 -0.005261 -0.853160 0.045546 0.519631
1750970632.204086 -1.456412 0.117552 1.617288 -0.005261 -0.853160 0.045546 0.519631
1750970632.205549 -1.456412 0.117552 1.617288 -0.005261 -0.853160 0.045546 0.519631
1750970632.209092 -1.456412 0.117552 1.617288 -0.005261 -0.853160 0.045546 0.519631
1750970632.214098 -1.456412 0.117552 1.617288 -0.005261 -0.853160 0.045546 0.519631
1750970632.219106 -1.456412 0.117552 1.617288 -0.005261 -0.853160 0.045546 0.519631
1750970632.224112 -1.460117 0.118204 1.608591 -0.004275 -0.854896 0.047711 0.516583
1750970632.229119 -1.460117 0.118204 1.608591 -0.004275 -0.854896 0.047711 0.516583
1750970632.234126 -1.460117 0.118204 1.608591 -0.004275 -0.854896 0.047711 0.516583
1750970632.239133 -1.460117 0.118204 1.608591 -0.004275 -0.854896 0.047711 0.516583
1750970632.244139 -1.460117 0.118204 1.608591 -0.004275 -0.854896 0.047711 0.516583
1750970632.249146 -1.460117 0.118204 1.608591 -0.004275 -0.854896 0.047711 0.516583
1750970632.254153 -1.460117 0.118204 1.608591 -0.004275 -0.854896 0.047711 0.516583
1750970632.259160 -1.463800 0.119255 1.597732 -0.002996 -0.856598 0.049754 0.513571
1750970632.264166 -1.463800 0.119255 1.597732 -0.002996 -0.856598 0.049754 0.513571
1750970632.269173 -1.463800 0.119255 1.597732 -0.002996 -0.856598 0.049754 0.513571
1750970632.274180 -1.463800 0.119255 1.597732 -0.002996 -0.856598 0.049754 0.513571
1750970632.279187 -1.463800 0.119255 1.597732 -0.002996 -0.856598 0.049754 0.513571
1750970632.284194 -1.463800 0.119255 1.597732 -0.002996 -0.856598 0.049754 0.513571
1750970632.289200 -1.463800 0.119255 1.597732 -0.002996 -0.856598 0.049754 0.513571
1750970632.294207 -1.463800 0.119255 1.597732 -0.002996 -0.856598 0.049754 0.513571
1750970632.299215 -1.463800 0.119255 1.597732 -0.002996 -0.856598 0.049754 0.513571
1750970632.304221 -1.463800 0.119255 1.597732 -0.002996 -0.856598 0.049754 0.513571
1750970632.309228 -1.463800 0.119255 1.597732 -0.002996 -0.856598 0.049754 0.513571
1750970632.314235 -1.463800 0.119255 1.597732 -0.002996 -0.856598 0.049754 0.513571
1750970632.319242 -1.463800 0.119255 1.597732 -0.002996 -0.856598 0.049754 0.513571
1750970632.324249 -1.472432 0.119458 1.574262 -0.001608 -0.860460 0.052533 0.506801
1750970632.329256 -1.472432 0.119458 1.574262 -0.001608 -0.860460 0.052533 0.506801
1750970632.334263 -1.472432 0.119458 1.574262 -0.001608 -0.860460 0.052533 0.506801
1750970632.339270 -1.472432 0.119458 1.574262 -0.001608 -0.860460 0.052533 0.506801
1750970632.344277 -1.472432 0.119458 1.574262 -0.001608 -0.860460 0.052533 0.506801
1750970632.349284 -1.472432 0.119458 1.574262 -0.001608 -0.860460 0.052533 0.506801
1750970632.354290 -1.472432 0.119458 1.574262 -0.001608 -0.860460 0.052533 0.506801
1750970632.359298 -1.477273 0.119558 1.564536 -0.001046 -0.862882 0.054401 0.502467
1750970632.364305 -1.477273 0.119558 1.564536 -0.001046 -0.862882 0.054401 0.502467
1750970632.369312 -1.477273 0.119558 1.564536 -0.001046 -0.862882 0.054401 0.502467
1750970632.372456 -1.477273 0.119558 1.564536 -0.001046 -0.862882 0.054401 0.502467
1750970632.374319 -1.477273 0.119558 1.564536 -0.001046 -0.862882 0.054401 0.502467
1750970632.379327 -1.477273 0.119558 1.564536 -0.001046 -0.862882 0.054401 0.502467
1750970632.384333 -1.477273 0.119558 1.564536 -0.001046 -0.862882 0.054401 0.502467
1750970632.389340 -1.479681 0.112966 1.548309 -0.001137 -0.865036 0.055717 0.498606
1750970632.394347 -1.479681 0.112966 1.548309 -0.001137 -0.865036 0.055717 0.498606
1750970632.399355 -1.479681 0.112966 1.548309 -0.001137 -0.865036 0.055717 0.498606
1750970632.404361 -1.479681 0.112966 1.548309 -0.001137 -0.865036 0.055717 0.498606
1750970632.409368 -1.479681 0.112966 1.548309 -0.001137 -0.865036 0.055717 0.498606
1750970632.414375 -1.479681 0.112966 1.548309 -0.001137 -0.865036 0.055717 0.498606
1750970632.419382 -1.479681 0.112966 1.548309 -0.001137 -0.865036 0.055717 0.498606
1750970632.424390 -1.479681 0.112966 1.548309 -0.001137 -0.865036 0.055717 0.498606
1750970632.429397 -1.479681 0.112966 1.548309 -0.001137 -0.865036 0.055717 0.498606
1750970632.434404 -1.479681 0.112966 1.548309 -0.001137 -0.865036 0.055717 0.498606
1750970632.439411 -1.479681 0.112966 1.548309 -0.001137 -0.865036 0.055717 0.498606
1750970632.444419 -1.479681 0.112966 1.548309 -0.001137 -0.865036 0.055717 0.498606
1750970632.449426 -1.479681 0.112966 1.548309 -0.001137 -0.865036 0.055717 0.498606
1750970632.454433 -1.479681 0.112966 1.548309 -0.001137 -0.865036 0.055717 0.498606
1750970632.459440 -1.487934 0.118068 1.533598 0.000065 -0.870881 0.060749 0.487725
1750970632.464448 -1.487934 0.118068 1.533598 0.000065 -0.870881 0.060749 0.487725
1750970632.469455 -1.487934 0.118068 1.533598 0.000065 -0.870881 0.060749 0.487725
1750970632.474462 -1.487934 0.118068 1.533598 0.000065 -0.870881 0.060749 0.487725
1750970632.479469 -1.487934 0.118068 1.533598 0.000065 -0.870881 0.060749 0.487725
1750970632.484477 -1.487934 0.118068 1.533598 0.000065 -0.870881 0.060749 0.487725
1750970632.489484 -1.492559 0.119252 1.524423 0.000387 -0.873981 0.061649 0.482034
1750970632.494491 -1.492559 0.119252 1.524423 0.000387 -0.873981 0.061649 0.482034
1750970632.499498 -1.492559 0.119252 1.524423 0.000387 -0.873981 0.061649 0.482034
1750970632.504506 -1.492559 0.119252 1.524423 0.000387 -0.873981 0.061649 0.482034
1750970632.509513 -1.492559 0.119252 1.524423 0.000387 -0.873981 0.061649 0.482034
1750970632.514520 -1.492559 0.119252 1.524423 0.000387 -0.873981 0.061649 0.482034
1750970632.519527 -1.492559 0.119252 1.524423 0.000387 -0.873981 0.061649 0.482034
1750970632.522682 -1.497719 0.121335 1.515216 0.000615 -0.877483 0.061667 0.475626
1750970632.524534 -1.497719 0.121335 1.515216 0.000615 -0.877483 0.061667 0.475626
1750970632.529542 -1.497719 0.121335 1.515216 0.000615 -0.877483 0.061667 0.475626
1750970632.534550 -1.497719 0.121335 1.515216 0.000615 -0.877483 0.061667 0.475626
1750970632.539375 -1.497719 0.121335 1.515216 0.000615 -0.877483 0.061667 0.475626
1750970632.539557 -1.497719 0.121335 1.515216 0.000615 -0.877483 0.061667 0.475626
1750970632.544564 -1.497719 0.121335 1.515216 0.000615 -0.877483 0.061667 0.475626
1750970632.549572 -1.497719 0.121335 1.515216 0.000615 -0.877483 0.061667 0.475626
1750970632.554579 -1.497719 0.121335 1.515216 0.000615 -0.877483 0.061667 0.475626
1750970632.559587 -1.502115 0.121529 1.506119 0.001643 -0.881488 0.061135 0.468230
1750970632.564594 -1.502115 0.121529 1.506119 0.001643 -0.881488 0.061135 0.468230
1750970632.569601 -1.502115 0.121529 1.506119 0.001643 -0.881488 0.061135 0.468230
1750970632.574609 -1.502115 0.121529 1.506119 0.001643 -0.881488 0.061135 0.468230
1750970632.579617 -1.502115 0.121529 1.506119 0.001643 -0.881488 0.061135 0.468230
1750970632.584624 -1.502115 0.121529 1.506119 0.001643 -0.881488 0.061135 0.468230
1750970632.589631 -1.502115 0.121529 1.506119 0.001643 -0.881488 0.061135 0.468230
1750970632.594639 -1.502115 0.121529 1.506119 0.001643 -0.881488 0.061135 0.468230
1750970632.599647 -1.502115 0.121529 1.506119 0.001643 -0.881488 0.061135 0.468230
1750970632.604654 -1.502115 0.121529 1.506119 0.001643 -0.881488 0.061135 0.468230
1750970632.609661 -1.502115 0.121529 1.506119 0.001643 -0.881488 0.061135 0.468230
1750970632.614669 -1.502115 0.121529 1.506119 0.001643 -0.881488 0.061135 0.468230
1750970632.619677 -1.502115 0.121529 1.506119 0.001643 -0.881488 0.061135 0.468230
1750970632.624684 -1.507385 0.111369 1.483659 0.001940 -0.890694 0.056381 0.451090
1750970632.629691 -1.507385 0.111369 1.483659 0.001940 -0.890694 0.056381 0.451090
1750970632.634700 -1.507385 0.111369 1.483659 0.001940 -0.890694 0.056381 0.451090
1750970632.639707 -1.507385 0.111369 1.483659 0.001940 -0.890694 0.056381 0.451090
1750970632.644715 -1.507385 0.111369 1.483659 0.001940 -0.890694 0.056381 0.451090
1750970632.649722 -1.507385 0.111369 1.483659 0.001940 -0.890694 0.056381 0.451090
1750970632.654730 -1.507385 0.111369 1.483659 0.001940 -0.890694 0.056381 0.451090
1750970632.659738 -1.515572 0.112786 1.478540 0.001848 -0.895995 0.055456 0.440584
1750970632.664745 -1.515572 0.112786 1.478540 0.001848 -0.895995 0.055456 0.440584
1750970632.669746 -1.515572 0.112786 1.478540 0.001848 -0.895995 0.055456 0.440584
1750970632.674746 -1.515572 0.112786 1.478540 0.001848 -0.895995 0.055456 0.440584
1750970632.679746 -1.515572 0.112786 1.478540 0.001848 -0.895995 0.055456 0.440584
1750970632.684746 -1.515572 0.112786 1.478540 0.001848 -0.895995 0.055456 0.440584
1750970632.689746 -1.522747 0.113717 1.473196 0.000993 -0.901073 0.055109 0.430150
1750970632.694747 -1.522747 0.113717 1.473196 0.000993 -0.901073 0.055109 0.430150
1750970632.699747 -1.522747 0.113717 1.473196 0.000993 -0.901073 0.055109 0.430150
1750970632.704747 -1.522747 0.113717 1.473196 0.000993 -0.901073 0.055109 0.430150
1750970632.706244 -1.522747 0.113717 1.473196 0.000993 -0.901073 0.055109 0.430150
1750970632.709749 -1.522747 0.113717 1.473196 0.000993 -0.901073 0.055109 0.430150
1750970632.714749 -1.522747 0.113717 1.473196 0.000993 -0.901073 0.055109 0.430150
1750970632.719749 -1.522747 0.113717 1.473196 0.000993 -0.901073 0.055109 0.430150
1750970632.724749 -1.529796 0.114647 1.467267 -0.000263 -0.905916 0.054998 0.419870
1750970632.729749 -1.529796 0.114647 1.467267 -0.000263 -0.905916 0.054998 0.419870
1750970632.734750 -1.529796 0.114647 1.467267 -0.000263 -0.905916 0.054998 0.419870
1750970632.739750 -1.529796 0.114647 1.467267 -0.000263 -0.905916 0.054998 0.419870
1750970632.744750 -1.529796 0.114647 1.467267 -0.000263 -0.905916 0.054998 0.419870
1750970632.749750 -1.529796 0.114647 1.467267 -0.000263 -0.905916 0.054998 0.419870
1750970632.754751 -1.529796 0.114647 1.467267 -0.000263 -0.905916 0.054998 0.419870
1750970632.759751 -1.536165 0.115614 1.460648 -0.001702 -0.910442 0.054956 0.409967
1750970632.764751 -1.536165 0.115614 1.460648 -0.001702 -0.910442 0.054956 0.409967
1750970632.769752 -1.536165 0.115614 1.460648 -0.001702 -0.910442 0.054956 0.409967
1750970632.774753 -1.536165 0.115614 1.460648 -0.001702 -0.910442 0.054956 0.409967
1750970632.779753 -1.536165 0.115614 1.460648 -0.001702 -0.910442 0.054956 0.409967
1750970632.784753 -1.536165 0.115614 1.460648 -0.001702 -0.910442 0.054956 0.409967
1750970632.789753 -1.536165 0.115614 1.460648 -0.001702 -0.910442 0.054956 0.409967
1750970632.794754 -1.536165 0.115614 1.460648 -0.001702 -0.910442 0.054956 0.409967
1750970632.799754 -1.536165 0.115614 1.460648 -0.001702 -0.910442 0.054956 0.409967
1750970632.804754 -1.536165 0.115614 1.460648 -0.001702 -0.910442 0.054956 0.409967
1750970632.809754 -1.536165 0.115614 1.460648 -0.001702 -0.910442 0.054956 0.409967
1750970632.814754 -1.536165 0.115614 1.460648 -0.001702 -0.910442 0.054956 0.409967
1750970632.819755 -1.536165 0.115614 1.460648 -0.001702 -0.910442 0.054956 0.409967
1750970632.824756 -1.537306 0.111180 1.422761 -0.003846 -0.917900 0.053131 0.393219
1750970632.829756 -1.537306 0.111180 1.422761 -0.003846 -0.917900 0.053131 0.393219
1750970632.834756 -1.537306 0.111180 1.422761 -0.003846 -0.917900 0.053131 0.393219
1750970632.839757 -1.537306 0.111180 1.422761 -0.003846 -0.917900 0.053131 0.393219
1750970632.844757 -1.537306 0.111180 1.422761 -0.003846 -0.917900 0.053131 0.393219
1750970632.849757 -1.537306 0.111180 1.422761 -0.003846 -0.917900 0.053131 0.393219
1750970632.854757 -1.537306 0.111180 1.422761 -0.003846 -0.917900 0.053131 0.393219
1750970632.859758 -1.551434 0.113720 1.435323 -0.006046 -0.922496 0.052679 0.382347
1750970632.864758 -1.551434 0.113720 1.435323 -0.006046 -0.922496 0.052679 0.382347
1750970632.869758 -1.551434 0.113720 1.435323 -0.006046 -0.922496 0.052679 0.382347
1750970632.872933 -1.551434 0.113720 1.435323 -0.006046 -0.922496 0.052679 0.382347
1750970632.874759 -1.551434 0.113720 1.435323 -0.006046 -0.922496 0.052679 0.382347
1750970632.879759 -1.551434 0.113720 1.435323 -0.006046 -0.922496 0.052679 0.382347
1750970632.884760 -1.551434 0.113720 1.435323 -0.006046 -0.922496 0.052679 0.382347
1750970632.889760 -1.560730 0.115568 1.428109 -0.007620 -0.926576 0.051199 0.372528
1750970632.894759 -1.560730 0.115568 1.428109 -0.007620 -0.926576 0.051199 0.372528
1750970632.899761 -1.560730 0.115568 1.428109 -0.007620 -0.926576 0.051199 0.372528
1750970632.904761 -1.560730 0.115568 1.428109 -0.007620 -0.926576 0.051199 0.372528
1750970632.909761 -1.560730 0.115568 1.428109 -0.007620 -0.926576 0.051199 0.372528
1750970632.914761 -1.560730 0.115568 1.428109 -0.007620 -0.926576 0.051199 0.372528
1750970632.919761 -1.560730 0.115568 1.428109 -0.007620 -0.926576 0.051199 0.372528
1750970632.924762 -1.560730 0.115568 1.428109 -0.007620 -0.926576 0.051199 0.372528
1750970632.929762 -1.560730 0.115568 1.428109 -0.007620 -0.926576 0.051199 0.372528
1750970632.934762 -1.560730 0.115568 1.428109 -0.007620 -0.926576 0.051199 0.372528
1750970632.939763 -1.560730 0.115568 1.428109 -0.007620 -0.926576 0.051199 0.372528
1750970632.944763 -1.560730 0.115568 1.428109 -0.007620 -0.926576 0.051199 0.372528
1750970632.949763 -1.560730 0.115568 1.428109 -0.007620 -0.926576 0.051199 0.372528
1750970632.954763 -1.560730 0.115568 1.428109 -0.007620 -0.926576 0.051199 0.372528
1750970632.959764 -1.579072 0.118477 1.411526 -0.011735 -0.934925 0.046238 0.351624
1750970632.964765 -1.579072 0.118477 1.411526 -0.011735 -0.934925 0.046238 0.351624
1750970632.969765 -1.579072 0.118477 1.411526 -0.011735 -0.934925 0.046238 0.351624
1750970632.974765 -1.579072 0.118477 1.411526 -0.011735 -0.934925 0.046238 0.351624
1750970632.979765 -1.579072 0.118477 1.411526 -0.011735 -0.934925 0.046238 0.351624
1750970632.984766 -1.579072 0.118477 1.411526 -0.011735 -0.934925 0.046238 0.351624
1750970632.989766 -1.589371 0.119140 1.403762 -0.014267 -0.938890 0.044240 0.341064
1750970632.994766 -1.589371 0.119140 1.403762 -0.014267 -0.938890 0.044240 0.341064
1750970632.999766 -1.589371 0.119140 1.403762 -0.014267 -0.938890 0.044240 0.341064
1750970633.004767 -1.589371 0.119140 1.403762 -0.014267 -0.938890 0.044240 0.341064
1750970633.009767 -1.589371 0.119140 1.403762 -0.014267 -0.938890 0.044240 0.341064
1750970633.014767 -1.589371 0.119140 1.403762 -0.014267 -0.938890 0.044240 0.341064
1750970633.019767 -1.589371 0.119140 1.403762 -0.014267 -0.938890 0.044240 0.341064
1750970633.024768 -1.598749 0.120463 1.396110 -0.016690 -0.942533 0.043273 0.330877
1750970633.029768 -1.598749 0.120463 1.396110 -0.016690 -0.942533 0.043273 0.330877
1750970633.034769 -1.598749 0.120463 1.396110 -0.016690 -0.942533 0.043273 0.330877
1750970633.039622 -1.598749 0.120463 1.396110 -0.016690 -0.942533 0.043273 0.330877
1750970633.039768 -1.598749 0.120463 1.396110 -0.016690 -0.942533 0.043273 0.330877
1750970633.044770 -1.598749 0.120463 1.396110 -0.016690 -0.942533 0.043273 0.330877
1750970633.049770 -1.598749 0.120463 1.396110 -0.016690 -0.942533 0.043273 0.330877
1750970633.054770 -1.598749 0.120463 1.396110 -0.016690 -0.942533 0.043273 0.330877
1750970633.059770 -1.608064 0.120700 1.388654 -0.019231 -0.946183 0.043834 0.320073
1750970633.064771 -1.608064 0.120700 1.388654 -0.019231 -0.946183 0.043834 0.320073
1750970633.069771 -1.608064 0.120700 1.388654 -0.019231 -0.946183 0.043834 0.320073
1750970633.074771 -1.608064 0.120700 1.388654 -0.019231 -0.946183 0.043834 0.320073
1750970633.079771 -1.608064 0.120700 1.388654 -0.019231 -0.946183 0.043834 0.320073
1750970633.084772 -1.608064 0.120700 1.388654 -0.019231 -0.946183 0.043834 0.320073
1750970633.089772 -1.608064 0.120700 1.388654 -0.019231 -0.946183 0.043834 0.320073
1750970633.094772 -1.608064 0.120700 1.388654 -0.019231 -0.946183 0.043834 0.320073
1750970633.099772 -1.608064 0.120700 1.388654 -0.019231 -0.946183 0.043834 0.320073
1750970633.104773 -1.608064 0.120700 1.388654 -0.019231 -0.946183 0.043834 0.320073
1750970633.109773 -1.608064 0.120700 1.388654 -0.019231 -0.946183 0.043834 0.320073
1750970633.114774 -1.608064 0.120700 1.388654 -0.019231 -0.946183 0.043834 0.320073
1750970633.119774 -1.608064 0.120700 1.388654 -0.019231 -0.946183 0.043834 0.320073
1750970633.124775 -1.618777 0.121160 1.372458 -0.024334 -0.953334 0.045432 0.297486
1750970633.129775 -1.618777 0.121160 1.372458 -0.024334 -0.953334 0.045432 0.297486
1750970633.134775 -1.618777 0.121160 1.372458 -0.024334 -0.953334 0.045432 0.297486
1750970633.139775 -1.618777 0.121160 1.372458 -0.024334 -0.953334 0.045432 0.297486
1750970633.144776 -1.618777 0.121160 1.372458 -0.024334 -0.953334 0.045432 0.297486
1750970633.149776 -1.618777 0.121160 1.372458 -0.024334 -0.953334 0.045432 0.297486
1750970633.154776 -1.618777 0.121160 1.372458 -0.024334 -0.953334 0.045432 0.297486
1750970633.159776 -1.630297 0.121815 1.368707 -0.026153 -0.957308 0.047512 0.283935
1750970633.164777 -1.630297 0.121815 1.368707 -0.026153 -0.957308 0.047512 0.283935
1750970633.169777 -1.630297 0.121815 1.368707 -0.026153 -0.957308 0.047512 0.283935
1750970633.174777 -1.630297 0.121815 1.368707 -0.026153 -0.957308 0.047512 0.283935
1750970633.179777 -1.630297 0.121815 1.368707 -0.026153 -0.957308 0.047512 0.283935
1750970633.184777 -1.630297 0.121815 1.368707 -0.026153 -0.957308 0.047512 0.283935
1750970633.189778 -1.640711 0.122500 1.361850 -0.028120 -0.961054 0.049267 0.270476
1750970633.194778 -1.640711 0.122500 1.361850 -0.028120 -0.961054 0.049267 0.270476
1750970633.199778 -1.640711 0.122500 1.361850 -0.028120 -0.961054 0.049267 0.270476
1750970633.204780 -1.640711 0.122500 1.361850 -0.028120 -0.961054 0.049267 0.270476
1750970633.206309 -1.640711 0.122500 1.361850 -0.028120 -0.961054 0.049267 0.270476
1750970633.209780 -1.640711 0.122500 1.361850 -0.028120 -0.961054 0.049267 0.270476
1750970633.214780 -1.640711 0.122500 1.361850 -0.028120 -0.961054 0.049267 0.270476
1750970633.219779 -1.640711 0.122500 1.361850 -0.028120 -0.961054 0.049267 0.270476
1750970633.224780 -1.650862 0.121979 1.354306 -0.030413 -0.964484 0.051381 0.257304
1750970633.229781 -1.650862 0.121979 1.354306 -0.030413 -0.964484 0.051381 0.257304
1750970633.234781 -1.650862 0.121979 1.354306 -0.030413 -0.964484 0.051381 0.257304
1750970633.239781 -1.650862 0.121979 1.354306 -0.030413 -0.964484 0.051381 0.257304
1750970633.244781 -1.650862 0.121979 1.354306 -0.030413 -0.964484 0.051381 0.257304
1750970633.249782 -1.650862 0.121979 1.354306 -0.030413 -0.964484 0.051381 0.257304
1750970633.254782 -1.650862 0.121979 1.354306 -0.030413 -0.964484 0.051381 0.257304
1750970633.259782 -1.661864 0.122082 1.345669 -0.031839 -0.967853 0.053170 0.243763
1750970633.264782 -1.661864 0.122082 1.345669 -0.031839 -0.967853 0.053170 0.243763
1750970633.269783 -1.661864 0.122082 1.345669 -0.031839 -0.967853 0.053170 0.243763
1750970633.274783 -1.661864 0.122082 1.345669 -0.031839 -0.967853 0.053170 0.243763
1750970633.279783 -1.661864 0.122082 1.345669 -0.031839 -0.967853 0.053170 0.243763
1750970633.284783 -1.661864 0.122082 1.345669 -0.031839 -0.967853 0.053170 0.243763
1750970633.289784 -1.661864 0.122082 1.345669 -0.031839 -0.967853 0.053170 0.243763
1750970633.294785 -1.661864 0.122082 1.345669 -0.031839 -0.967853 0.053170 0.243763
1750970633.299784 -1.661864 0.122082 1.345669 -0.031839 -0.967853 0.053170 0.243763
1750970633.304784 -1.661864 0.122082 1.345669 -0.031839 -0.967853 0.053170 0.243763
1750970633.309785 -1.661864 0.122082 1.345669 -0.031839 -0.967853 0.053170 0.243763
1750970633.314785 -1.661864 0.122082 1.345669 -0.031839 -0.967853 0.053170 0.243763
1750970633.319786 -1.661864 0.122082 1.345669 -0.031839 -0.967853 0.053170 0.243763
1750970633.324786 -1.680642 0.121218 1.323692 -0.033392 -0.974318 0.054011 0.216038
1750970633.329786 -1.680642 0.121218 1.323692 -0.033392 -0.974318 0.054011 0.216038
1750970633.334787 -1.680642 0.121218 1.323692 -0.033392 -0.974318 0.054011 0.216038
1750970633.339787 -1.680642 0.121218 1.323692 -0.033392 -0.974318 0.054011 0.216038
1750970633.344787 -1.680642 0.121218 1.323692 -0.033392 -0.974318 0.054011 0.216038
1750970633.349788 -1.680642 0.121218 1.323692 -0.033392 -0.974318 0.054011 0.216038
1750970633.354788 -1.680642 0.121218 1.323692 -0.033392 -0.974318 0.054011 0.216038
1750970633.356329 -1.686415 0.118531 1.305477 -0.033258 -0.976987 0.055057 0.203370
1750970633.359788 -1.686415 0.118531 1.305477 -0.033258 -0.976987 0.055057 0.203370
1750970633.369788 -1.686415 0.118531 1.305477 -0.033258 -0.976987 0.055057 0.203370
1750970633.372998 -1.686415 0.118531 1.305477 -0.033258 -0.976987 0.055057 0.203370
1750970633.374789 -1.686415 0.118531 1.305477 -0.033258 -0.976987 0.055057 0.203370
1750970633.379789 -1.686415 0.118531 1.305477 -0.033258 -0.976987 0.055057 0.203370
1750970633.384789 -1.686415 0.118531 1.305477 -0.033258 -0.976987 0.055057 0.203370
1750970633.389789 -1.693056 0.118950 1.298566 -0.033363 -0.979851 0.055761 0.188865
1750970633.394790 -1.693056 0.118950 1.298566 -0.033363 -0.979851 0.055761 0.188865
1750970633.399790 -1.693056 0.118950 1.298566 -0.033363 -0.979851 0.055761 0.188865
1750970633.404790 -1.693056 0.118950 1.298566 -0.033363 -0.979851 0.055761 0.188865
1750970633.409790 -1.693056 0.118950 1.298566 -0.033363 -0.979851 0.055761 0.188865
1750970633.414791 -1.693056 0.118950 1.298566 -0.033363 -0.979851 0.055761 0.188865
1750970633.419791 -1.693056 0.118950 1.298566 -0.033363 -0.979851 0.055761 0.188865
1750970633.424791 -1.701799 0.119447 1.288101 -0.033424 -0.982721 0.054910 0.173574
1750970633.429791 -1.701799 0.119447 1.288101 -0.033424 -0.982721 0.054910 0.173574
1750970633.434793 -1.701799 0.119447 1.288101 -0.033424 -0.982721 0.054910 0.173574
1750970633.439792 -1.701799 0.119447 1.288101 -0.033424 -0.982721 0.054910 0.173574
1750970633.444793 -1.701799 0.119447 1.288101 -0.033424 -0.982721 0.054910 0.173574
1750970633.449793 -1.701799 0.119447 1.288101 -0.033424 -0.982721 0.054910 0.173574
1750970633.454794 -1.701799 0.119447 1.288101 -0.033424 -0.982721 0.054910 0.173574
1750970633.459794 -1.701799 0.119447 1.288101 -0.033424 -0.982721 0.054910 0.173574
1750970633.464794 -1.701799 0.119447 1.288101 -0.033424 -0.982721 0.054910 0.173574
1750970633.469794 -1.701799 0.119447 1.288101 -0.033424 -0.982721 0.054910 0.173574
1750970633.474794 -1.701799 0.119447 1.288101 -0.033424 -0.982721 0.054910 0.173574
1750970633.479795 -1.701799 0.119447 1.288101 -0.033424 -0.982721 0.054910 0.173574
1750970633.484795 -1.701799 0.119447 1.288101 -0.033424 -0.982721 0.054910 0.173574
1750970633.489794 -1.717048 0.119460 1.268450 -0.033947 -0.987734 0.054370 0.142381
1750970633.494796 -1.717048 0.119460 1.268450 -0.033947 -0.987734 0.054370 0.142381
1750970633.499796 -1.717048 0.119460 1.268450 -0.033947 -0.987734 0.054370 0.142381
1750970633.504796 -1.717048 0.119460 1.268450 -0.033947 -0.987734 0.054370 0.142381
1750970633.509796 -1.717048 0.119460 1.268450 -0.033947 -0.987734 0.054370 0.142381
1750970633.514796 -1.717048 0.119460 1.268450 -0.033947 -0.987734 0.054370 0.142381
1750970633.519797 -1.717048 0.119460 1.268450 -0.033947 -0.987734 0.054370 0.142381
1750970633.524797 -1.723860 0.120910 1.260977 -0.034896 -0.989869 0.054750 0.126270
1750970633.529797 -1.723860 0.120910 1.260977 -0.034896 -0.989869 0.054750 0.126270
1750970633.534797 -1.723860 0.120910 1.260977 -0.034896 -0.989869 0.054750 0.126270
1750970633.539685 -1.723860 0.120910 1.260977 -0.034896 -0.989869 0.054750 0.126270
1750970633.539798 -1.723860 0.120910 1.260977 -0.034896 -0.989869 0.054750 0.126270
1750970633.544798 -1.723860 0.120910 1.260977 -0.034896 -0.989869 0.054750 0.126270
1750970633.549798 -1.723860 0.120910 1.260977 -0.034896 -0.989869 0.054750 0.126270
1750970633.554799 -1.723860 0.120910 1.260977 -0.034896 -0.989869 0.054750 0.126270
1750970633.559799 -1.733427 0.112671 1.234130 -0.036845 -0.991588 0.054158 0.111638
1750970633.564799 -1.733427 0.112671 1.234130 -0.036845 -0.991588 0.054158 0.111638
1750970633.569799 -1.733427 0.112671 1.234130 -0.036845 -0.991588 0.054158 0.111638
1750970633.574799 -1.733427 0.112671 1.234130 -0.036845 -0.991588 0.054158 0.111638
1750970633.579800 -1.733427 0.112671 1.234130 -0.036845 -0.991588 0.054158 0.111638
1750970633.584800 -1.733427 0.112671 1.234130 -0.036845 -0.991588 0.054158 0.111638
1750970633.589800 -1.734857 0.115564 1.244367 -0.038627 -0.993018 0.055112 0.096887
1750970633.594800 -1.734857 0.115564 1.244367 -0.038627 -0.993018 0.055112 0.096887
1750970633.599801 -1.734857 0.115564 1.244367 -0.038627 -0.993018 0.055112 0.096887
1750970633.604801 -1.734857 0.115564 1.244367 -0.038627 -0.993018 0.055112 0.096887
1750970633.609802 -1.734857 0.115564 1.244367 -0.038627 -0.993018 0.055112 0.096887
1750970633.614801 -1.734857 0.115564 1.244367 -0.038627 -0.993018 0.055112 0.096887
1750970633.619802 -1.734857 0.115564 1.244367 -0.038627 -0.993018 0.055112 0.096887
1750970633.624803 -1.738068 0.111942 1.238601 -0.040205 -0.994109 0.055106 0.084231
1750970633.629802 -1.738068 0.111942 1.238601 -0.040205 -0.994109 0.055106 0.084231
1750970633.634802 -1.738068 0.111942 1.238601 -0.040205 -0.994109 0.055106 0.084231
1750970633.639803 -1.738068 0.111942 1.238601 -0.040205 -0.994109 0.055106 0.084231
1750970633.644804 -1.738068 0.111942 1.238601 -0.040205 -0.994109 0.055106 0.084231
1750970633.649804 -1.738068 0.111942 1.238601 -0.040205 -0.994109 0.055106 0.084231
1750970633.654804 -1.738068 0.111942 1.238601 -0.040205 -0.994109 0.055106 0.084231
1750970633.659804 -1.738068 0.111942 1.238601 -0.040205 -0.994109 0.055106 0.084231
1750970633.664805 -1.738068 0.111942 1.238601 -0.040205 -0.994109 0.055106 0.084231
1750970633.669805 -1.738068 0.111942 1.238601 -0.040205 -0.994109 0.055106 0.084231
1750970633.674805 -1.738068 0.111942 1.238601 -0.040205 -0.994109 0.055106 0.084231
1750970633.679805 -1.738068 0.111942 1.238601 -0.040205 -0.994109 0.055106 0.084231
1750970633.684806 -1.738068 0.111942 1.238601 -0.040205 -0.994109 0.055106 0.084231
1750970633.689806 -1.746511 0.110630 1.218674 -0.044090 -0.995582 0.054695 0.062302
1750970633.694806 -1.746511 0.110630 1.218674 -0.044090 -0.995582 0.054695 0.062302
1750970633.699806 -1.746511 0.110630 1.218674 -0.044090 -0.995582 0.054695 0.062302
1750970633.704808 -1.746511 0.110630 1.218674 -0.044090 -0.995582 0.054695 0.062302
1750970633.706372 -1.746511 0.110630 1.218674 -0.044090 -0.995582 0.054695 0.062302
1750970633.709807 -1.746511 0.110630 1.218674 -0.044090 -0.995582 0.054695 0.062302
1750970633.714808 -1.746511 0.110630 1.218674 -0.044090 -0.995582 0.054695 0.062302
1750970633.719808 -1.746511 0.110630 1.218674 -0.044090 -0.995582 0.054695 0.062302
1750970633.724809 -1.749787 0.110787 1.209841 -0.045579 -0.996058 0.055282 0.052298
1750970633.729809 -1.749787 0.110787 1.209841 -0.045579 -0.996058 0.055282 0.052298
1750970633.734809 -1.749787 0.110787 1.209841 -0.045579 -0.996058 0.055282 0.052298
1750970633.739809 -1.749787 0.110787 1.209841 -0.045579 -0.996058 0.055282 0.052298
1750970633.744810 -1.749787 0.110787 1.209841 -0.045579 -0.996058 0.055282 0.052298
1750970633.749810 -1.749787 0.110787 1.209841 -0.045579 -0.996058 0.055282 0.052298
1750970633.754810 -1.749787 0.110787 1.209841 -0.045579 -0.996058 0.055282 0.052298
1750970633.759810 -1.752639 0.110593 1.199191 -0.047065 -0.996429 0.055379 0.042983
1750970633.764811 -1.752639 0.110593 1.199191 -0.047065 -0.996429 0.055379 0.042983
1750970633.769811 -1.752639 0.110593 1.199191 -0.047065 -0.996429 0.055379 0.042983
1750970633.774812 -1.752639 0.110593 1.199191 -0.047065 -0.996429 0.055379 0.042983
1750970633.779812 -1.752639 0.110593 1.199191 -0.047065 -0.996429 0.055379 0.042983
1750970633.784813 -1.752639 0.110593 1.199191 -0.047065 -0.996429 0.055379 0.042983
1750970633.789813 -1.752639 0.110593 1.199191 -0.047065 -0.996429 0.055379 0.042983
1750970633.794813 -1.752639 0.110593 1.199191 -0.047065 -0.996429 0.055379 0.042983
1750970633.799813 -1.752639 0.110593 1.199191 -0.047065 -0.996429 0.055379 0.042983
1750970633.804813 -1.752639 0.110593 1.199191 -0.047065 -0.996429 0.055379 0.042983
1750970633.809814 -1.752639 0.110593 1.199191 -0.047065 -0.996429 0.055379 0.042983
1750970633.814814 -1.752639 0.110593 1.199191 -0.047065 -0.996429 0.055379 0.042983
1750970633.819814 -1.752639 0.110593 1.199191 -0.047065 -0.996429 0.055379 0.042983
1750970633.824815 -1.763876 0.113077 1.180842 -0.051157 -0.996744 0.056739 0.025809
1750970633.829816 -1.763876 0.113077 1.180842 -0.051157 -0.996744 0.056739 0.025809
1750970633.834816 -1.763876 0.113077 1.180842 -0.051157 -0.996744 0.056739 0.025809
1750970633.839815 -1.763876 0.113077 1.180842 -0.051157 -0.996744 0.056739 0.025809
1750970633.844816 -1.763876 0.113077 1.180842 -0.051157 -0.996744 0.056739 0.025809
1750970633.849817 -1.763876 0.113077 1.180842 -0.051157 -0.996744 0.056739 0.025809
1750970633.854817 -1.763876 0.113077 1.180842 -0.051157 -0.996744 0.056739 0.025809
1750970633.859817 -1.765712 0.111272 1.170780 -0.052678 -0.996859 0.056174 0.018503
1750970633.864817 -1.765712 0.111272 1.170780 -0.052678 -0.996859 0.056174 0.018503
1750970633.869818 -1.765712 0.111272 1.170780 -0.052678 -0.996859 0.056174 0.018503
1750970633.873062 -1.765712 0.111272 1.170780 -0.052678 -0.996859 0.056174 0.018503
1750970633.874818 -1.765712 0.111272 1.170780 -0.052678 -0.996859 0.056174 0.018503
1750970633.879818 -1.765712 0.111272 1.170780 -0.052678 -0.996859 0.056174 0.018503
1750970633.884818 -1.765712 0.111272 1.170780 -0.052678 -0.996859 0.056174 0.018503
1750970633.889819 -1.766277 0.112956 1.159604 -0.053971 -0.996906 0.055759 0.012492
1750970633.894819 -1.766277 0.112956 1.159604 -0.053971 -0.996906 0.055759 0.012492
1750970633.899819 -1.766277 0.112956 1.159604 -0.053971 -0.996906 0.055759 0.012492
1750970633.904819 -1.766277 0.112956 1.159604 -0.053971 -0.996906 0.055759 0.012492
1750970633.909821 -1.766277 0.112956 1.159604 -0.053971 -0.996906 0.055759 0.012492
1750970633.914821 -1.766277 0.112956 1.159604 -0.053971 -0.996906 0.055759 0.012492
1750970633.919821 -1.766277 0.112956 1.159604 -0.053971 -0.996906 0.055759 0.012492
1750970633.924821 -1.766277 0.112956 1.159604 -0.053971 -0.996906 0.055759 0.012492
1750970633.929822 -1.766277 0.112956 1.159604 -0.053971 -0.996906 0.055759 0.012492
1750970633.934822 -1.766277 0.112956 1.159604 -0.053971 -0.996906 0.055759 0.012492
1750970633.939822 -1.766277 0.112956 1.159604 -0.053971 -0.996906 0.055759 0.012492
1750970633.944822 -1.766277 0.112956 1.159604 -0.053971 -0.996906 0.055759 0.012492
1750970633.949823 -1.766277 0.112956 1.159604 -0.053971 -0.996906 0.055759 0.012492
1750970633.954823 -1.766277 0.112956 1.159604 -0.053971 -0.996906 0.055759 0.012492
1750970633.959823 -1.764564 0.114696 1.135102 -0.056135 -0.996923 0.054569 0.003881
1750970633.964823 -1.764564 0.114696 1.135102 -0.056135 -0.996923 0.054569 0.003881
1750970633.969823 -1.764564 0.114696 1.135102 -0.056135 -0.996923 0.054569 0.003881
1750970633.974824 -1.764564 0.114696 1.135102 -0.056135 -0.996923 0.054569 0.003881
1750970633.979824 -1.764564 0.114696 1.135102 -0.056135 -0.996923 0.054569 0.003881
1750970633.984825 -1.764564 0.114696 1.135102 -0.056135 -0.996923 0.054569 0.003881
1750970633.989825 -1.763523 0.113802 1.124315 -0.056515 -0.996938 0.054035 0.001237
1750970633.994826 -1.763523 0.113802 1.124315 -0.056515 -0.996938 0.054035 0.001237
1750970633.999826 -1.763523 0.113802 1.124315 -0.056515 -0.996938 0.054035 0.001237
1750970634.004826 -1.763523 0.113802 1.124315 -0.056515 -0.996938 0.054035 0.001237
1750970634.009827 -1.763523 0.113802 1.124315 -0.056515 -0.996938 0.054035 0.001237
1750970634.014827 -1.763523 0.113802 1.124315 -0.056515 -0.996938 0.054035 0.001237
1750970634.019827 -1.763523 0.113802 1.124315 -0.056515 -0.996938 0.054035 0.001237
1750970634.024827 -1.757733 0.118608 1.093190 -0.056000 -0.996945 0.054456 0.000260
1750970634.029827 -1.757733 0.118608 1.093190 -0.056000 -0.996945 0.054456 0.000260
1750970634.034828 -1.757733 0.118608 1.093190 -0.056000 -0.996945 0.054456 0.000260
1750970634.039828 -1.757733 0.118608 1.093190 -0.056000 -0.996945 0.054456 0.000260
1750970634.044828 -1.757733 0.118608 1.093190 -0.056000 -0.996945 0.054456 0.000260
1750970634.049828 -1.757733 0.118608 1.093190 -0.056000 -0.996945 0.054456 0.000260
1750970634.054829 -1.757733 0.118608 1.093190 -0.056000 -0.996945 0.054456 0.000260
1750970634.056418 -1.757733 0.118608 1.093190 -0.056000 -0.996945 0.054456 0.000260
1750970634.059829 -1.757733 0.118608 1.093190 -0.056000 -0.996945 0.054456 0.000260
1750970634.064829 -1.757733 0.118608 1.093190 -0.056000 -0.996945 0.054456 0.000260
1750970634.069830 -1.757733 0.118608 1.093190 -0.056000 -0.996945 0.054456 0.000260
1750970634.074831 -1.757733 0.118608 1.093190 -0.056000 -0.996945 0.054456 0.000260
1750970634.079831 -1.757733 0.118608 1.093190 -0.056000 -0.996945 0.054456 0.000260
1750970634.084831 -1.757733 0.118608 1.093190 -0.056000 -0.996945 0.054456 0.000260
1750970634.089831 -1.757123 0.116923 1.094256 -0.052846 -0.996821 0.059552 -0.002828
1750970634.094832 -1.757123 0.116923 1.094256 -0.052846 -0.996821 0.059552 -0.002828
1750970634.099832 -1.757123 0.116923 1.094256 -0.052846 -0.996821 0.059552 -0.002828
1750970634.104832 -1.757123 0.116923 1.094256 -0.052846 -0.996821 0.059552 -0.002828
1750970634.109832 -1.757123 0.116923 1.094256 -0.052846 -0.996821 0.059552 -0.002828
1750970634.114833 -1.757123 0.116923 1.094256 -0.052846 -0.996821 0.059552 -0.002828
1750970634.119833 -1.757123 0.116923 1.094256 -0.052846 -0.996821 0.059552 -0.002828
1750970634.124833 -1.755405 0.119674 1.084648 -0.049733 -0.996715 0.063745 -0.004702
1750970634.129833 -1.755405 0.119674 1.084648 -0.049733 -0.996715 0.063745 -0.004702
1750970634.134834 -1.755405 0.119674 1.084648 -0.049733 -0.996715 0.063745 -0.004702
1750970634.139834 -1.755405 0.119674 1.084648 -0.049733 -0.996715 0.063745 -0.004702
1750970634.144834 -1.755405 0.119674 1.084648 -0.049733 -0.996715 0.063745 -0.004702
1750970634.149834 -1.755405 0.119674 1.084648 -0.049733 -0.996715 0.063745 -0.004702
1750970634.154835 -1.755405 0.119674 1.084648 -0.049733 -0.996715 0.063745 -0.004702
1750970634.159835 -1.747654 0.119432 1.074147 -0.046061 -0.996597 0.068082 -0.006061
1750970634.164835 -1.747654 0.119432 1.074147 -0.046061 -0.996597 0.068082 -0.006061
1750970634.169836 -1.747654 0.119432 1.074147 -0.046061 -0.996597 0.068082 -0.006061
1750970634.174836 -1.747654 0.119432 1.074147 -0.046061 -0.996597 0.068082 -0.006061
1750970634.179837 -1.747654 0.119432 1.074147 -0.046061 -0.996597 0.068082 -0.006061
1750970634.184837 -1.747654 0.119432 1.074147 -0.046061 -0.996597 0.068082 -0.006061
1750970634.189769 -1.738133 0.117571 1.062950 -0.042286 -0.996476 0.072095 -0.007018
1750970634.189837 -1.738133 0.117571 1.062950 -0.042286 -0.996476 0.072095 -0.007018
1750970634.194838 -1.738133 0.117571 1.062950 -0.042286 -0.996476 0.072095 -0.007018
1750970634.199838 -1.738133 0.117571 1.062950 -0.042286 -0.996476 0.072095 -0.007018
1750970634.204838 -1.738133 0.117571 1.062950 -0.042286 -0.996476 0.072095 -0.007018
1750970634.209838 -1.738133 0.117571 1.062950 -0.042286 -0.996476 0.072095 -0.007018
1750970634.214838 -1.738133 0.117571 1.062950 -0.042286 -0.996476 0.072095 -0.007018
1750970634.219839 -1.738133 0.117571 1.062950 -0.042286 -0.996476 0.072095 -0.007018
1750970634.223106 -1.738133 0.117571 1.062950 -0.042286 -0.996476 0.072095 -0.007018
1750970634.224839 -1.738133 0.117571 1.062950 -0.042286 -0.996476 0.072095 -0.007018
1750970634.229839 -1.738133 0.117571 1.062950 -0.042286 -0.996476 0.072095 -0.007018
1750970634.234839 -1.738133 0.117571 1.062950 -0.042286 -0.996476 0.072095 -0.007018
1750970634.239840 -1.738133 0.117571 1.062950 -0.042286 -0.996476 0.072095 -0.007018
1750970634.244840 -1.738133 0.117571 1.062950 -0.042286 -0.996476 0.072095 -0.007018
1750970634.249840 -1.738133 0.117571 1.062950 -0.042286 -0.996476 0.072095 -0.007018
1750970634.254840 -1.738133 0.117571 1.062950 -0.042286 -0.996476 0.072095 -0.007018
1750970634.259841 -1.719378 0.114929 1.037570 -0.035010 -0.996328 0.077777 -0.007454
1750970634.264842 -1.719378 0.114929 1.037570 -0.035010 -0.996328 0.077777 -0.007454
1750970634.269842 -1.719378 0.114929 1.037570 -0.035010 -0.996328 0.077777 -0.007454
1750970634.274842 -1.719378 0.114929 1.037570 -0.035010 -0.996328 0.077777 -0.007454
1750970634.279841 -1.719378 0.114929 1.037570 -0.035010 -0.996328 0.077777 -0.007454
1750970634.284842 -1.719378 0.114929 1.037570 -0.035010 -0.996328 0.077777 -0.007454
1750970634.289842 -1.710728 0.113169 1.024104 -0.031913 -0.996264 0.079971 -0.006676
1750970634.294843 -1.710728 0.113169 1.024104 -0.031913 -0.996264 0.079971 -0.006676
1750970634.299843 -1.710728 0.113169 1.024104 -0.031913 -0.996264 0.079971 -0.006676
1750970634.304844 -1.710728 0.113169 1.024104 -0.031913 -0.996264 0.079971 -0.006676
1750970634.309844 -1.710728 0.113169 1.024104 -0.031913 -0.996264 0.079971 -0.006676
1750970634.314844 -1.710728 0.113169 1.024104 -0.031913 -0.996264 0.079971 -0.006676
1750970634.319844 -1.710728 0.113169 1.024104 -0.031913 -0.996264 0.079971 -0.006676
1750970634.324845 -1.702879 0.111575 1.011329 -0.029097 -0.996225 0.081602 -0.005591
1750970634.329845 -1.702879 0.111575 1.011329 -0.029097 -0.996225 0.081602 -0.005591
1750970634.334845 -1.702879 0.111575 1.011329 -0.029097 -0.996225 0.081602 -0.005591
1750970634.339845 -1.702879 0.111575 1.011329 -0.029097 -0.996225 0.081602 -0.005591
1750970634.344846 -1.702879 0.111575 1.011329 -0.029097 -0.996225 0.081602 -0.005591
1750970634.349846 -1.702879 0.111575 1.011329 -0.029097 -0.996225 0.081602 -0.005591
1750970634.354846 -1.702879 0.111575 1.011329 -0.029097 -0.996225 0.081602 -0.005591
1750970634.359846 -1.702879 0.111575 1.011329 -0.029097 -0.996225 0.081602 -0.005591
1750970634.364847 -1.702879 0.111575 1.011329 -0.029097 -0.996225 0.081602 -0.005591
1750970634.369847 -1.702879 0.111575 1.011329 -0.029097 -0.996225 0.081602 -0.005591
1750970634.374847 -1.702879 0.111575 1.011329 -0.029097 -0.996225 0.081602 -0.005591
1750970634.379848 -1.702879 0.111575 1.011329 -0.029097 -0.996225 0.081602 -0.005591
1750970634.384847 -1.702879 0.111575 1.011329 -0.029097 -0.996225 0.081602 -0.005591
1750970634.389848 -1.688952 0.107660 0.984303 -0.025858 -0.996285 0.082106 -0.002612
1750970634.394849 -1.688952 0.107660 0.984303 -0.025858 -0.996285 0.082106 -0.002612
1750970634.399848 -1.688952 0.107660 0.984303 -0.025858 -0.996285 0.082106 -0.002612
1750970634.404848 -1.688952 0.107660 0.984303 -0.025858 -0.996285 0.082106 -0.002612
1750970634.406463 -1.688952 0.107660 0.984303 -0.025858 -0.996285 0.082106 -0.002612
1750970634.409850 -1.688952 0.107660 0.984303 -0.025858 -0.996285 0.082106 -0.002612
1750970634.414850 -1.688952 0.107660 0.984303 -0.025858 -0.996285 0.082106 -0.002612
1750970634.419850 -1.688952 0.107660 0.984303 -0.025858 -0.996285 0.082106 -0.002612
1750970634.424850 -1.684716 0.106576 0.971790 -0.025169 -0.996308 0.082062 -0.001388
1750970634.429851 -1.684716 0.106576 0.971790 -0.025169 -0.996308 0.082062 -0.001388
1750970634.434850 -1.684716 0.106576 0.971790 -0.025169 -0.996308 0.082062 -0.001388
1750970634.439851 -1.684716 0.106576 0.971790 -0.025169 -0.996308 0.082062 -0.001388
1750970634.444852 -1.684716 0.106576 0.971790 -0.025169 -0.996308 0.082062 -0.001388
1750970634.449852 -1.684716 0.106576 0.971790 -0.025169 -0.996308 0.082062 -0.001388
1750970634.454852 -1.684716 0.106576 0.971790 -0.025169 -0.996308 0.082062 -0.001388
1750970634.459852 -1.676882 0.105048 0.952224 -0.025095 -0.996338 0.081736 0.000527
1750970634.464852 -1.676882 0.105048 0.952224 -0.025095 -0.996338 0.081736 0.000527
1750970634.469853 -1.676882 0.105048 0.952224 -0.025095 -0.996338 0.081736 0.000527
1750970634.474853 -1.676882 0.105048 0.952224 -0.025095 -0.996338 0.081736 0.000527
1750970634.479853 -1.676882 0.105048 0.952224 -0.025095 -0.996338 0.081736 0.000527
1750970634.484853 -1.676882 0.105048 0.952224 -0.025095 -0.996338 0.081736 0.000527
1750970634.489854 -1.680140 0.107089 0.951802 -0.025716 -0.996356 0.081313 0.001345
1750970634.494854 -1.680140 0.107089 0.951802 -0.025716 -0.996356 0.081313 0.001345
1750970634.499854 -1.680140 0.107089 0.951802 -0.025716 -0.996356 0.081313 0.001345
1750970634.504855 -1.680140 0.107089 0.951802 -0.025716 -0.996356 0.081313 0.001345
1750970634.509855 -1.680140 0.107089 0.951802 -0.025716 -0.996356 0.081313 0.001345
1750970634.514855 -1.680140 0.107089 0.951802 -0.025716 -0.996356 0.081313 0.001345
1750970634.519855 -1.680140 0.107089 0.951802 -0.025716 -0.996356 0.081313 0.001345
1750970634.524855 -1.680140 0.107089 0.951802 -0.025716 -0.996356 0.081313 0.001345
1750970634.529856 -1.680140 0.107089 0.951802 -0.025716 -0.996356 0.081313 0.001345
1750970634.534856 -1.680140 0.107089 0.951802 -0.025716 -0.996356 0.081313 0.001345
1750970634.539856 -1.680140 0.107089 0.951802 -0.025716 -0.996356 0.081313 0.001345
1750970634.544856 -1.680140 0.107089 0.951802 -0.025716 -0.996356 0.081313 0.001345
1750970634.549857 -1.680140 0.107089 0.951802 -0.025716 -0.996356 0.081313 0.001345
1750970634.554857 -1.680140 0.107089 0.951802 -0.025716 -0.996356 0.081313 0.001345
1750970634.559857 -1.670880 0.104862 0.927502 -0.025874 -0.996469 0.079834 0.002478
1750970634.564857 -1.670880 0.104862 0.927502 -0.025874 -0.996469 0.079834 0.002478
1750970634.569858 -1.670880 0.104862 0.927502 -0.025874 -0.996469 0.079834 0.002478
1750970634.574858 -1.670880 0.104862 0.927502 -0.025874 -0.996469 0.079834 0.002478
1750970634.579859 -1.670880 0.104862 0.927502 -0.025874 -0.996469 0.079834 0.002478
1750970634.584859 -1.670880 0.104862 0.927502 -0.025874 -0.996469 0.079834 0.002478
1750970634.589818 -1.670880 0.104862 0.927502 -0.025874 -0.996469 0.079834 0.002478
1750970634.589859 -1.670880 0.104862 0.927502 -0.025874 -0.996469 0.079834 0.002478
1750970634.594859 -1.670880 0.104862 0.927502 -0.025874 -0.996469 0.079834 0.002478
1750970634.599859 -1.670880 0.104862 0.927502 -0.025874 -0.996469 0.079834 0.002478
1750970634.604859 -1.670880 0.104862 0.927502 -0.025874 -0.996469 0.079834 0.002478
1750970634.609861 -1.670880 0.104862 0.927502 -0.025874 -0.996469 0.079834 0.002478
1750970634.614861 -1.670880 0.104862 0.927502 -0.025874 -0.996469 0.079834 0.002478
1750970634.619860 -1.670880 0.104862 0.927502 -0.025874 -0.996469 0.079834 0.002478
1750970634.624861 -1.663288 0.102520 0.902978 -0.026761 -0.996485 0.079385 0.000436
1750970634.629862 -1.663288 0.102520 0.902978 -0.026761 -0.996485 0.079385 0.000436
1750970634.634861 -1.663288 0.102520 0.902978 -0.026761 -0.996485 0.079385 0.000436
1750970634.639862 -1.663288 0.102520 0.902978 -0.026761 -0.996485 0.079385 0.000436
1750970634.644862 -1.663288 0.102520 0.902978 -0.026761 -0.996485 0.079385 0.000436
1750970634.649863 -1.663288 0.102520 0.902978 -0.026761 -0.996485 0.079385 0.000436
1750970634.654863 -1.663288 0.102520 0.902978 -0.026761 -0.996485 0.079385 0.000436
1750970634.659863 -1.661142 0.103733 0.891486 -0.027609 -0.996557 0.078166 -0.001705
1750970634.664862 -1.661142 0.103733 0.891486 -0.027609 -0.996557 0.078166 -0.001705
1750970634.669863 -1.661142 0.103733 0.891486 -0.027609 -0.996557 0.078166 -0.001705
1750970634.674864 -1.661142 0.103733 0.891486 -0.027609 -0.996557 0.078166 -0.001705
1750970634.679864 -1.661142 0.103733 0.891486 -0.027609 -0.996557 0.078166 -0.001705
1750970634.684864 -1.661142 0.103733 0.891486 -0.027609 -0.996557 0.078166 -0.001705
1750970634.689865 -1.661142 0.103733 0.891486 -0.027609 -0.996557 0.078166 -0.001705
1750970634.694865 -1.661142 0.103733 0.891486 -0.027609 -0.996557 0.078166 -0.001705
1750970634.699865 -1.661142 0.103733 0.891486 -0.027609 -0.996557 0.078166 -0.001705
1750970634.704865 -1.661142 0.103733 0.891486 -0.027609 -0.996557 0.078166 -0.001705
1750970634.709865 -1.661142 0.103733 0.891486 -0.027609 -0.996557 0.078166 -0.001705
1750970634.714866 -1.661142 0.103733 0.891486 -0.027609 -0.996557 0.078166 -0.001705
1750970634.719866 -1.661142 0.103733 0.891486 -0.027609 -0.996557 0.078166 -0.001705
1750970634.724866 -1.655193 0.102919 0.866503 -0.029047 -0.996752 0.074690 -0.007973
1750970634.729866 -1.655193 0.102919 0.866503 -0.029047 -0.996752 0.074690 -0.007973
1750970634.734867 -1.655193 0.102919 0.866503 -0.029047 -0.996752 0.074690 -0.007973
1750970634.739867 -1.655193 0.102919 0.866503 -0.029047 -0.996752 0.074690 -0.007973
1750970634.744867 -1.655193 0.102919 0.866503 -0.029047 -0.996752 0.074690 -0.007973
1750970634.749867 -1.655193 0.102919 0.866503 -0.029047 -0.996752 0.074690 -0.007973
1750970634.754868 -1.655193 0.102919 0.866503 -0.029047 -0.996752 0.074690 -0.007973
1750970634.759868 -1.658698 0.101185 0.856929 -0.030272 -0.996814 0.072758 -0.012284
1750970634.764868 -1.658698 0.101185 0.856929 -0.030272 -0.996814 0.072758 -0.012284
1750970634.769868 -1.658698 0.101185 0.856929 -0.030272 -0.996814 0.072758 -0.012284
1750970634.773174 -1.658698 0.101185 0.856929 -0.030272 -0.996814 0.072758 -0.012284
1750970634.774869 -1.658698 0.101185 0.856929 -0.030272 -0.996814 0.072758 -0.012284
1750970634.779869 -1.658698 0.101185 0.856929 -0.030272 -0.996814 0.072758 -0.012284
1750970634.784869 -1.658698 0.101185 0.856929 -0.030272 -0.996814 0.072758 -0.012284
1750970634.789869 -1.668032 0.105019 0.850732 -0.032143 -0.996685 0.072696 -0.017363
1750970634.794870 -1.668032 0.105019 0.850732 -0.032143 -0.996685 0.072696 -0.017363
1750970634.799870 -1.668032 0.105019 0.850732 -0.032143 -0.996685 0.072696 -0.017363
1750970634.804870 -1.668032 0.105019 0.850732 -0.032143 -0.996685 0.072696 -0.017363
1750970634.809870 -1.668032 0.105019 0.850732 -0.032143 -0.996685 0.072696 -0.017363
1750970634.814871 -1.668032 0.105019 0.850732 -0.032143 -0.996685 0.072696 -0.017363
1750970634.819871 -1.668032 0.105019 0.850732 -0.032143 -0.996685 0.072696 -0.017363
1750970634.824871 -1.668032 0.105019 0.850732 -0.032143 -0.996685 0.072696 -0.017363
1750970634.829871 -1.668032 0.105019 0.850732 -0.032143 -0.996685 0.072696 -0.017363
1750970634.834872 -1.668032 0.105019 0.850732 -0.032143 -0.996685 0.072696 -0.017363
1750970634.839872 -1.668032 0.105019 0.850732 -0.032143 -0.996685 0.072696 -0.017363
1750970634.844872 -1.668032 0.105019 0.850732 -0.032143 -0.996685 0.072696 -0.017363
1750970634.849872 -1.668032 0.105019 0.850732 -0.032143 -0.996685 0.072696 -0.017363
1750970634.854873 -1.668032 0.105019 0.850732 -0.032143 -0.996685 0.072696 -0.017363
1750970634.859873 -1.668741 0.105271 0.827010 -0.035339 -0.996529 0.070813 -0.025808
1750970634.864873 -1.668741 0.105271 0.827010 -0.035339 -0.996529 0.070813 -0.025808
1750970634.869873 -1.668741 0.105271 0.827010 -0.035339 -0.996529 0.070813 -0.025808
1750970634.874874 -1.668741 0.105271 0.827010 -0.035339 -0.996529 0.070813 -0.025808
1750970634.879874 -1.668741 0.105271 0.827010 -0.035339 -0.996529 0.070813 -0.025808
1750970634.884874 -1.668741 0.105271 0.827010 -0.035339 -0.996529 0.070813 -0.025808
1750970634.889874 -1.670515 0.105786 0.814409 -0.036735 -0.996460 0.069276 -0.030330
1750970634.894874 -1.670515 0.105786 0.814409 -0.036735 -0.996460 0.069276 -0.030330
1750970634.899875 -1.670515 0.105786 0.814409 -0.036735 -0.996460 0.069276 -0.030330
1750970634.904875 -1.670515 0.105786 0.814409 -0.036735 -0.996460 0.069276 -0.030330
1750970634.909875 -1.670515 0.105786 0.814409 -0.036735 -0.996460 0.069276 -0.030330
1750970634.914876 -1.670515 0.105786 0.814409 -0.036735 -0.996460 0.069276 -0.030330
1750970634.919876 -1.670515 0.105786 0.814409 -0.036735 -0.996460 0.069276 -0.030330
1750970634.924876 -1.671310 0.105725 0.801011 -0.037907 -0.996363 0.067824 -0.034997
1750970634.929876 -1.671310 0.105725 0.801011 -0.037907 -0.996363 0.067824 -0.034997
1750970634.934876 -1.671310 0.105725 0.801011 -0.037907 -0.996363 0.067824 -0.034997
1750970634.939877 -1.671310 0.105725 0.801011 -0.037907 -0.996363 0.067824 -0.034997
1750970634.944877 -1.671310 0.105725 0.801011 -0.037907 -0.996363 0.067824 -0.034997
1750970634.949877 -1.671310 0.105725 0.801011 -0.037907 -0.996363 0.067824 -0.034997
1750970634.954877 -1.671310 0.105725 0.801011 -0.037907 -0.996363 0.067824 -0.034997
1750970634.956529 -1.671310 0.105725 0.801011 -0.037907 -0.996363 0.067824 -0.034997
1750970634.959878 -1.671310 0.105725 0.801011 -0.037907 -0.996363 0.067824 -0.034997
1750970634.964878 -1.671310 0.105725 0.801011 -0.037907 -0.996363 0.067824 -0.034997
1750970634.969878 -1.671310 0.105725 0.801011 -0.037907 -0.996363 0.067824 -0.034997
1750970634.974878 -1.671310 0.105725 0.801011 -0.037907 -0.996363 0.067824 -0.034997
1750970634.979879 -1.671310 0.105725 0.801011 -0.037907 -0.996363 0.067824 -0.034997
1750970634.984879 -1.671310 0.105725 0.801011 -0.037907 -0.996363 0.067824 -0.034997
1750970634.989879 -1.670118 0.106626 0.773451 -0.039080 -0.996023 0.064852 -0.046968
1750970634.994879 -1.670118 0.106626 0.773451 -0.039080 -0.996023 0.064852 -0.046968
1750970634.999880 -1.670118 0.106626 0.773451 -0.039080 -0.996023 0.064852 -0.046968
1750970635.004879 -1.670118 0.106626 0.773451 -0.039080 -0.996023 0.064852 -0.046968
1750970635.009879 -1.670118 0.106626 0.773451 -0.039080 -0.996023 0.064852 -0.046968
1750970635.014879 -1.670118 0.106626 0.773451 -0.039080 -0.996023 0.064852 -0.046968
1750970635.019881 -1.670118 0.106626 0.773451 -0.039080 -0.996023 0.064852 -0.046968
1750970635.024880 -1.669704 0.107145 0.758330 -0.039534 -0.995696 0.063606 -0.054607
1750970635.029880 -1.669704 0.107145 0.758330 -0.039534 -0.995696 0.063606 -0.054607
1750970635.034880 -1.669704 0.107145 0.758330 -0.039534 -0.995696 0.063606 -0.054607
1750970635.039881 -1.669704 0.107145 0.758330 -0.039534 -0.995696 0.063606 -0.054607
1750970635.044881 -1.669704 0.107145 0.758330 -0.039534 -0.995696 0.063606 -0.054607
1750970635.049881 -1.669704 0.107145 0.758330 -0.039534 -0.995696 0.063606 -0.054607
1750970635.054881 -1.669704 0.107145 0.758330 -0.039534 -0.995696 0.063606 -0.054607
1750970635.059882 -1.668232 0.107718 0.743489 -0.040714 -0.995234 0.062876 -0.062434
1750970635.064883 -1.668232 0.107718 0.743489 -0.040714 -0.995234 0.062876 -0.062434
1750970635.069882 -1.668232 0.107718 0.743489 -0.040714 -0.995234 0.062876 -0.062434
1750970635.074882 -1.668232 0.107718 0.743489 -0.040714 -0.995234 0.062876 -0.062434
1750970635.079883 -1.668232 0.107718 0.743489 -0.040714 -0.995234 0.062876 -0.062434
1750970635.084883 -1.668232 0.107718 0.743489 -0.040714 -0.995234 0.062876 -0.062434
1750970635.089877 -1.626898 0.093170 0.701904 -0.042072 -0.994972 0.061604 -0.066826
1750970635.089883 -1.626898 0.093170 0.701904 -0.042072 -0.994972 0.061604 -0.066826
1750970635.094883 -1.626898 0.093170 0.701904 -0.042072 -0.994972 0.061604 -0.066826
1750970635.099884 -1.626898 0.093170 0.701904 -0.042072 -0.994972 0.061604 -0.066826
1750970635.104884 -1.626898 0.093170 0.701904 -0.042072 -0.994972 0.061604 -0.066826
1750970635.109884 -1.626898 0.093170 0.701904 -0.042072 -0.994972 0.061604 -0.066826
1750970635.114884 -1.626898 0.093170 0.701904 -0.042072 -0.994972 0.061604 -0.066826
1750970635.119885 -1.626898 0.093170 0.701904 -0.042072 -0.994972 0.061604 -0.066826
1750970635.123214 -1.626898 0.093170 0.701904 -0.042072 -0.994972 0.061604 -0.066826
1750970635.124885 -1.626898 0.093170 0.701904 -0.042072 -0.994972 0.061604 -0.066826
1750970635.129885 -1.626898 0.093170 0.701904 -0.042072 -0.994972 0.061604 -0.066826
1750970635.134885 -1.626898 0.093170 0.701904 -0.042072 -0.994972 0.061604 -0.066826
1750970635.139886 -1.626898 0.093170 0.701904 -0.042072 -0.994972 0.061604 -0.066826
1750970635.144886 -1.626898 0.093170 0.701904 -0.042072 -0.994972 0.061604 -0.066826
1750970635.149886 -1.626898 0.093170 0.701904 -0.042072 -0.994972 0.061604 -0.066826
1750970635.154886 -1.626898 0.093170 0.701904 -0.042072 -0.994972 0.061604 -0.066826
1750970635.159887 -1.651585 0.101324 0.693190 -0.046289 -0.993192 0.065190 -0.084720
1750970635.164887 -1.651585 0.101324 0.693190 -0.046289 -0.993192 0.065190 -0.084720
1750970635.169886 -1.651585 0.101324 0.693190 -0.046289 -0.993192 0.065190 -0.084720
1750970635.174886 -1.651585 0.101324 0.693190 -0.046289 -0.993192 0.065190 -0.084720
1750970635.179887 -1.651585 0.101324 0.693190 -0.046289 -0.993192 0.065190 -0.084720
1750970635.184888 -1.651585 0.101324 0.693190 -0.046289 -0.993192 0.065190 -0.084720
1750970635.189888 -1.654470 0.101147 0.680530 -0.047946 -0.992215 0.067065 -0.093339
1750970635.194887 -1.654470 0.101147 0.680530 -0.047946 -0.992215 0.067065 -0.093339
1750970635.199888 -1.654470 0.101147 0.680530 -0.047946 -0.992215 0.067065 -0.093339
1750970635.204888 -1.654470 0.101147 0.680530 -0.047946 -0.992215 0.067065 -0.093339
1750970635.209888 -1.654470 0.101147 0.680530 -0.047946 -0.992215 0.067065 -0.093339
1750970635.214888 -1.654470 0.101147 0.680530 -0.047946 -0.992215 0.067065 -0.093339
1750970635.219888 -1.654470 0.101147 0.680530 -0.047946 -0.992215 0.067065 -0.093339
1750970635.224889 -1.655274 0.098917 0.664057 -0.049304 -0.991147 0.067899 -0.102888
1750970635.229889 -1.655274 0.098917 0.664057 -0.049304 -0.991147 0.067899 -0.102888
1750970635.234889 -1.655274 0.098917 0.664057 -0.049304 -0.991147 0.067899 -0.102888
1750970635.239889 -1.655274 0.098917 0.664057 -0.049304 -0.991147 0.067899 -0.102888
1750970635.244890 -1.655274 0.098917 0.664057 -0.049304 -0.991147 0.067899 -0.102888
1750970635.249890 -1.655274 0.098917 0.664057 -0.049304 -0.991147 0.067899 -0.102888
1750970635.254890 -1.655274 0.098917 0.664057 -0.049304 -0.991147 0.067899 -0.102888
1750970635.259890 -1.655583 0.097598 0.647803 -0.050474 -0.989963 0.068483 -0.112853
1750970635.264891 -1.655583 0.097598 0.647803 -0.050474 -0.989963 0.068483 -0.112853
1750970635.269891 -1.655583 0.097598 0.647803 -0.050474 -0.989963 0.068483 -0.112853
1750970635.273231 -1.655583 0.097598 0.647803 -0.050474 -0.989963 0.068483 -0.112853
1750970635.274891 -1.655583 0.097598 0.647803 -0.050474 -0.989963 0.068483 -0.112853
1750970635.279891 -1.655583 0.097598 0.647803 -0.050474 -0.989963 0.068483 -0.112853
1750970635.284892 -1.655583 0.097598 0.647803 -0.050474 -0.989963 0.068483 -0.112853
1750970635.289891 -1.655583 0.097598 0.647803 -0.050474 -0.989963 0.068483 -0.112853
1750970635.294892 -1.655676 0.095011 0.630001 -0.051471 -0.988640 0.068755 -0.123350
1750970635.299891 -1.655676 0.095011 0.630001 -0.051471 -0.988640 0.068755 -0.123350
1750970635.304892 -1.655676 0.095011 0.630001 -0.051471 -0.988640 0.068755 -0.123350
1750970635.309892 -1.655676 0.095011 0.630001 -0.051471 -0.988640 0.068755 -0.123350
1750970635.314892 -1.655676 0.095011 0.630001 -0.051471 -0.988640 0.068755 -0.123350
1750970635.319892 -1.655676 0.095011 0.630001 -0.051471 -0.988640 0.068755 -0.123350
1750970635.324893 -1.654996 0.091963 0.612319 -0.052036 -0.987156 0.068301 -0.134722
1750970635.329893 -1.654996 0.091963 0.612319 -0.052036 -0.987156 0.068301 -0.134722
1750970635.334893 -1.654996 0.091963 0.612319 -0.052036 -0.987156 0.068301 -0.134722
1750970635.339893 -1.654996 0.091963 0.612319 -0.052036 -0.987156 0.068301 -0.134722
1750970635.344894 -1.654996 0.091963 0.612319 -0.052036 -0.987156 0.068301 -0.134722
1750970635.349894 -1.654996 0.091963 0.612319 -0.052036 -0.987156 0.068301 -0.134722
1750970635.354894 -1.654996 0.091963 0.612319 -0.052036 -0.987156 0.068301 -0.134722
1750970635.359894 -1.653673 0.089595 0.594075 -0.052293 -0.985517 0.068574 -0.146014
1750970635.364895 -1.653673 0.089595 0.594075 -0.052293 -0.985517 0.068574 -0.146014
1750970635.369895 -1.653673 0.089595 0.594075 -0.052293 -0.985517 0.068574 -0.146014
1750970635.374895 -1.653673 0.089595 0.594075 -0.052293 -0.985517 0.068574 -0.146014
1750970635.379894 -1.653673 0.089595 0.594075 -0.052293 -0.985517 0.068574 -0.146014
1750970635.384894 -1.653673 0.089595 0.594075 -0.052293 -0.985517 0.068574 -0.146014
1750970635.389895 -1.653673 0.089595 0.594075 -0.052293 -0.985517 0.068574 -0.146014
1750970635.394896 -1.651032 0.087556 0.575977 -0.052181 -0.983765 0.068786 -0.157329
1750970635.399895 -1.651032 0.087556 0.575977 -0.052181 -0.983765 0.068786 -0.157329
1750970635.404895 -1.651032 0.087556 0.575977 -0.052181 -0.983765 0.068786 -0.157329
1750970635.406579 -1.651032 0.087556 0.575977 -0.052181 -0.983765 0.068786 -0.157329
1750970635.409896 -1.651032 0.087556 0.575977 -0.052181 -0.983765 0.068786 -0.157329
1750970635.414896 -1.651032 0.087556 0.575977 -0.052181 -0.983765 0.068786 -0.157329
1750970635.419896 -1.651032 0.087556 0.575977 -0.052181 -0.983765 0.068786 -0.157329
1750970635.424896 -1.647713 0.084695 0.558164 -0.051005 -0.981979 0.067691 -0.168921
1750970635.429897 -1.647713 0.084695 0.558164 -0.051005 -0.981979 0.067691 -0.168921
1750970635.434897 -1.647713 0.084695 0.558164 -0.051005 -0.981979 0.067691 -0.168921
1750970635.439897 -1.647713 0.084695 0.558164 -0.051005 -0.981979 0.067691 -0.168921
1750970635.444897 -1.647713 0.084695 0.558164 -0.051005 -0.981979 0.067691 -0.168921
1750970635.449898 -1.647713 0.084695 0.558164 -0.051005 -0.981979 0.067691 -0.168921
1750970635.454898 -1.647713 0.084695 0.558164 -0.051005 -0.981979 0.067691 -0.168921
1750970635.459898 -1.647713 0.084695 0.558164 -0.051005 -0.981979 0.067691 -0.168921
1750970635.464898 -1.647713 0.084695 0.558164 -0.051005 -0.981979 0.067691 -0.168921
1750970635.469898 -1.647713 0.084695 0.558164 -0.051005 -0.981979 0.067691 -0.168921
1750970635.474898 -1.647713 0.084695 0.558164 -0.051005 -0.981979 0.067691 -0.168921
1750970635.479898 -1.647713 0.084695 0.558164 -0.051005 -0.981979 0.067691 -0.168921
1750970635.484898 -1.647713 0.084695 0.558164 -0.051005 -0.981979 0.067691 -0.168921
1750970635.489899 -1.647713 0.084695 0.558164 -0.051005 -0.981979 0.067691 -0.168921
1750970635.494899 -1.638625 0.081435 0.524250 -0.048841 -0.977559 0.064769 -0.194417
1750970635.499899 -1.638625 0.081435 0.524250 -0.048841 -0.977559 0.064769 -0.194417
1750970635.504899 -1.638625 0.081435 0.524250 -0.048841 -0.977559 0.064769 -0.194417
1750970635.509899 -1.638625 0.081435 0.524250 -0.048841 -0.977559 0.064769 -0.194417
1750970635.514900 -1.638625 0.081435 0.524250 -0.048841 -0.977559 0.064769 -0.194417
1750970635.519900 -1.638625 0.081435 0.524250 -0.048841 -0.977559 0.064769 -0.194417
1750970635.524899 -1.609559 0.072799 0.494009 -0.047448 -0.975261 0.062672 -0.206610
1750970635.529901 -1.609559 0.072799 0.494009 -0.047448 -0.975261 0.062672 -0.206610
1750970635.534901 -1.609559 0.072799 0.494009 -0.047448 -0.975261 0.062672 -0.206610
1750970635.539900 -1.609559 0.072799 0.494009 -0.047448 -0.975261 0.062672 -0.206610
1750970635.544900 -1.609559 0.072799 0.494009 -0.047448 -0.975261 0.062672 -0.206610
1750970635.549901 -1.609559 0.072799 0.494009 -0.047448 -0.975261 0.062672 -0.206610
1750970635.554901 -1.609559 0.072799 0.494009 -0.047448 -0.975261 0.062672 -0.206610
1750970635.559901 -1.629945 0.081019 0.499368 -0.046794 -0.971615 0.061654 -0.223546
1750970635.564901 -1.629945 0.081019 0.499368 -0.046794 -0.971615 0.061654 -0.223546
1750970635.569902 -1.629945 0.081019 0.499368 -0.046794 -0.971615 0.061654 -0.223546
1750970635.573262 -1.629945 0.081019 0.499368 -0.046794 -0.971615 0.061654 -0.223546
1750970635.574902 -1.629945 0.081019 0.499368 -0.046794 -0.971615 0.061654 -0.223546
1750970635.579902 -1.629945 0.081019 0.499368 -0.046794 -0.971615 0.061654 -0.223546
1750970635.584902 -1.629945 0.081019 0.499368 -0.046794 -0.971615 0.061654 -0.223546
1750970635.589903 -1.629945 0.081019 0.499368 -0.046794 -0.971615 0.061654 -0.223546
1750970635.594903 -1.628908 0.082276 0.487544 -0.046934 -0.967855 0.060709 -0.239519
1750970635.599902 -1.628908 0.082276 0.487544 -0.046934 -0.967855 0.060709 -0.239519
1750970635.604903 -1.628908 0.082276 0.487544 -0.046934 -0.967855 0.060709 -0.239519
1750970635.609902 -1.628908 0.082276 0.487544 -0.046934 -0.967855 0.060709 -0.239519
1750970635.614903 -1.628908 0.082276 0.487544 -0.046934 -0.967855 0.060709 -0.239519
1750970635.619903 -1.628908 0.082276 0.487544 -0.046934 -0.967855 0.060709 -0.239519
1750970635.624903 -1.625841 0.081901 0.475091 -0.046609 -0.963991 0.059844 -0.254887
1750970635.629903 -1.625841 0.081901 0.475091 -0.046609 -0.963991 0.059844 -0.254887
1750970635.634904 -1.625841 0.081901 0.475091 -0.046609 -0.963991 0.059844 -0.254887
1750970635.639904 -1.625841 0.081901 0.475091 -0.046609 -0.963991 0.059844 -0.254887
1750970635.644904 -1.625841 0.081901 0.475091 -0.046609 -0.963991 0.059844 -0.254887
1750970635.649904 -1.625841 0.081901 0.475091 -0.046609 -0.963991 0.059844 -0.254887
1750970635.654905 -1.625841 0.081901 0.475091 -0.046609 -0.963991 0.059844 -0.254887
1750970635.659904 -1.621564 0.081279 0.462533 -0.045840 -0.960222 0.058389 -0.269192
1750970635.669905 -1.621564 0.081279 0.462533 -0.045840 -0.960222 0.058389 -0.269192
1750970635.674906 -1.621564 0.081279 0.462533 -0.045840 -0.960222 0.058389 -0.269192
1750970635.679906 -1.621564 0.081279 0.462533 -0.045840 -0.960222 0.058389 -0.269192
1750970635.684906 -1.621564 0.081279 0.462533 -0.045840 -0.960222 0.058389 -0.269192
1750970635.689905 -1.621564 0.081279 0.462533 -0.045840 -0.960222 0.058389 -0.269192
1750970635.694906 -1.615933 0.079963 0.449590 -0.045165 -0.956726 0.055853 -0.281985
1750970635.699907 -1.615933 0.079963 0.449590 -0.045165 -0.956726 0.055853 -0.281985
1750970635.704906 -1.615933 0.079963 0.449590 -0.045165 -0.956726 0.055853 -0.281985
1750970635.706610 -1.615933 0.079963 0.449590 -0.045165 -0.956726 0.055853 -0.281985
1750970635.709906 -1.615933 0.079963 0.449590 -0.045165 -0.956726 0.055853 -0.281985
1750970635.714907 -1.615933 0.079963 0.449590 -0.045165 -0.956726 0.055853 -0.281985
1750970635.719907 -1.615933 0.079963 0.449590 -0.045165 -0.956726 0.055853 -0.281985
1750970635.724907 -1.609139 0.078510 0.436701 -0.044656 -0.953389 0.053439 -0.293598
1750970635.729907 -1.609139 0.078510 0.436701 -0.044656 -0.953389 0.053439 -0.293598
1750970635.734908 -1.609139 0.078510 0.436701 -0.044656 -0.953389 0.053439 -0.293598
1750970635.739908 -1.609139 0.078510 0.436701 -0.044656 -0.953389 0.053439 -0.293598
1750970635.744908 -1.609139 0.078510 0.436701 -0.044656 -0.953389 0.053439 -0.293598
1750970635.749908 -1.609139 0.078510 0.436701 -0.044656 -0.953389 0.053439 -0.293598
1750970635.754908 -1.609139 0.078510 0.436701 -0.044656 -0.953389 0.053439 -0.293598
1750970635.759909 -1.602540 0.076768 0.425174 -0.044026 -0.950156 0.052320 -0.304183
1750970635.764909 -1.602540 0.076768 0.425174 -0.044026 -0.950156 0.052320 -0.304183
1750970635.769909 -1.602540 0.076768 0.425174 -0.044026 -0.950156 0.052320 -0.304183
1750970635.774909 -1.602540 0.076768 0.425174 -0.044026 -0.950156 0.052320 -0.304183
1750970635.779910 -1.602540 0.076768 0.425174 -0.044026 -0.950156 0.052320 -0.304183
1750970635.784910 -1.602540 0.076768 0.425174 -0.044026 -0.950156 0.052320 -0.304183
1750970635.789910 -1.602540 0.076768 0.425174 -0.044026 -0.950156 0.052320 -0.304183
1750970635.794910 -1.595121 0.075145 0.414100 -0.043090 -0.946883 0.051571 -0.314478
1750970635.799911 -1.595121 0.075145 0.414100 -0.043090 -0.946883 0.051571 -0.314478
1750970635.804911 -1.595121 0.075145 0.414100 -0.043090 -0.946883 0.051571 -0.314478
1750970635.809911 -1.595121 0.075145 0.414100 -0.043090 -0.946883 0.051571 -0.314478
1750970635.814911 -1.595121 0.075145 0.414100 -0.043090 -0.946883 0.051571 -0.314478
1750970635.819912 -1.595121 0.075145 0.414100 -0.043090 -0.946883 0.051571 -0.314478
1750970635.823290 -1.558854 0.063999 0.384028 -0.041327 -0.944401 0.050267 -0.322292
1750970635.824912 -1.558854 0.063999 0.384028 -0.041327 -0.944401 0.050267 -0.322292
1750970635.829911 -1.558854 0.063999 0.384028 -0.041327 -0.944401 0.050267 -0.322292
1750970635.834912 -1.558854 0.063999 0.384028 -0.041327 -0.944401 0.050267 -0.322292
1750970635.839913 -1.558854 0.063999 0.384028 -0.041327 -0.944401 0.050267 -0.322292
1750970635.839958 -1.558854 0.063999 0.384028 -0.041327 -0.944401 0.050267 -0.322292
1750970635.844913 -1.558854 0.063999 0.384028 -0.041327 -0.944401 0.050267 -0.322292
1750970635.849913 -1.558854 0.063999 0.384028 -0.041327 -0.944401 0.050267 -0.322292
1750970635.854913 -1.558854 0.063999 0.384028 -0.041327 -0.944401 0.050267 -0.322292
1750970635.859914 -1.578285 0.071626 0.395498 -0.040820 -0.940468 0.051639 -0.333447
1750970635.864913 -1.578285 0.071626 0.395498 -0.040820 -0.940468 0.051639 -0.333447
1750970635.869913 -1.578285 0.071626 0.395498 -0.040820 -0.940468 0.051639 -0.333447
1750970635.874913 -1.578285 0.071626 0.395498 -0.040820 -0.940468 0.051639 -0.333447
1750970635.879914 -1.578285 0.071626 0.395498 -0.040820 -0.940468 0.051639 -0.333447
1750970635.884914 -1.578285 0.071626 0.395498 -0.040820 -0.940468 0.051639 -0.333447
1750970635.889914 -1.578285 0.071626 0.395498 -0.040820 -0.940468 0.051639 -0.333447
1750970635.894914 -1.571770 0.072965 0.388548 -0.040171 -0.937147 0.051681 -0.342741
1750970635.899915 -1.571770 0.072965 0.388548 -0.040171 -0.937147 0.051681 -0.342741
1750970635.904915 -1.571770 0.072965 0.388548 -0.040171 -0.937147 0.051681 -0.342741
1750970635.909915 -1.571770 0.072965 0.388548 -0.040171 -0.937147 0.051681 -0.342741
1750970635.914915 -1.571770 0.072965 0.388548 -0.040171 -0.937147 0.051681 -0.342741
1750970635.919916 -1.571770 0.072965 0.388548 -0.040171 -0.937147 0.051681 -0.342741
1750970635.924916 -1.563709 0.074566 0.378304 -0.038965 -0.933932 0.050914 -0.351653
1750970635.929916 -1.563709 0.074566 0.378304 -0.038965 -0.933932 0.050914 -0.351653
1750970635.934916 -1.563709 0.074566 0.378304 -0.038965 -0.933932 0.050914 -0.351653
1750970635.939917 -1.563709 0.074566 0.378304 -0.038965 -0.933932 0.050914 -0.351653
1750970635.944917 -1.563709 0.074566 0.378304 -0.038965 -0.933932 0.050914 -0.351653
1750970635.949917 -1.563709 0.074566 0.378304 -0.038965 -0.933932 0.050914 -0.351653
1750970635.954917 -1.563709 0.074566 0.378304 -0.038965 -0.933932 0.050914 -0.351653
1750970635.959917 -1.554131 0.075460 0.367502 -0.037901 -0.930856 0.049642 -0.360008
1750970635.964917 -1.554131 0.075460 0.367502 -0.037901 -0.930856 0.049642 -0.360008
1750970635.969918 -1.554131 0.075460 0.367502 -0.037901 -0.930856 0.049642 -0.360008
1750970635.973306 -1.554131 0.075460 0.367502 -0.037901 -0.930856 0.049642 -0.360008
1750970635.974917 -1.554131 0.075460 0.367502 -0.037901 -0.930856 0.049642 -0.360008
1750970635.979918 -1.554131 0.075460 0.367502 -0.037901 -0.930856 0.049642 -0.360008
1750970635.984919 -1.554131 0.075460 0.367502 -0.037901 -0.930856 0.049642 -0.360008
1750970635.989918 -1.554131 0.075460 0.367502 -0.037901 -0.930856 0.049642 -0.360008
1750970635.994918 -1.513916 0.067038 0.337179 -0.035989 -0.928937 0.047061 -0.365468
1750970635.999919 -1.513916 0.067038 0.337179 -0.035989 -0.928937 0.047061 -0.365468
1750970636.004919 -1.513916 0.067038 0.337179 -0.035989 -0.928937 0.047061 -0.365468
1750970636.009919 -1.513916 0.067038 0.337179 -0.035989 -0.928937 0.047061 -0.365468
1750970636.014919 -1.513916 0.067038 0.337179 -0.035989 -0.928937 0.047061 -0.365468
1750970636.019920 -1.513916 0.067038 0.337179 -0.035989 -0.928937 0.047061 -0.365468
1750970636.024920 -1.532286 0.077516 0.346391 -0.035964 -0.925736 0.046553 -0.373567
1750970636.029920 -1.532286 0.077516 0.346391 -0.035964 -0.925736 0.046553 -0.373567
1750970636.034920 -1.532286 0.077516 0.346391 -0.035964 -0.925736 0.046553 -0.373567
1750970636.039921 -1.532286 0.077516 0.346391 -0.035964 -0.925736 0.046553 -0.373567
1750970636.044921 -1.532286 0.077516 0.346391 -0.035964 -0.925736 0.046553 -0.373567
1750970636.049921 -1.532286 0.077516 0.346391 -0.035964 -0.925736 0.046553 -0.373567
1750970636.054921 -1.532286 0.077516 0.346391 -0.035964 -0.925736 0.046553 -0.373567
1750970636.059922 -1.522750 0.078918 0.336728 -0.035547 -0.923344 0.046227 -0.379520
1750970636.064922 -1.522750 0.078918 0.336728 -0.035547 -0.923344 0.046227 -0.379520
1750970636.069921 -1.522750 0.078918 0.336728 -0.035547 -0.923344 0.046227 -0.379520
1750970636.074921 -1.522750 0.078918 0.336728 -0.035547 -0.923344 0.046227 -0.379520
1750970636.079922 -1.522750 0.078918 0.336728 -0.035547 -0.923344 0.046227 -0.379520
1750970636.084922 -1.522750 0.078918 0.336728 -0.035547 -0.923344 0.046227 -0.379520
1750970636.089922 -1.522750 0.078918 0.336728 -0.035547 -0.923344 0.046227 -0.379520
1750970636.094922 -1.522750 0.078918 0.336728 -0.035547 -0.923344 0.046227 -0.379520
1750970636.099923 -1.522750 0.078918 0.336728 -0.035547 -0.923344 0.046227 -0.379520
1750970636.104923 -1.522750 0.078918 0.336728 -0.035547 -0.923344 0.046227 -0.379520
1750970636.109923 -1.522750 0.078918 0.336728 -0.035547 -0.923344 0.046227 -0.379520
1750970636.114923 -1.522750 0.078918 0.336728 -0.035547 -0.923344 0.046227 -0.379520
1750970636.119923 -1.522750 0.078918 0.336728 -0.035547 -0.923344 0.046227 -0.379520
1750970636.124924 -1.505517 0.072596 0.319502 -0.037507 -0.918297 0.047116 -0.391285
1750970636.129924 -1.505517 0.072596 0.319502 -0.037507 -0.918297 0.047116 -0.391285
1750970636.134923 -1.505517 0.072596 0.319502 -0.037507 -0.918297 0.047116 -0.391285
1750970636.139925 -1.505517 0.072596 0.319502 -0.037507 -0.918297 0.047116 -0.391285
1750970636.139991 -1.505517 0.072596 0.319502 -0.037507 -0.918297 0.047116 -0.391285
1750970636.144925 -1.505517 0.072596 0.319502 -0.037507 -0.918297 0.047116 -0.391285
1750970636.149925 -1.505517 0.072596 0.319502 -0.037507 -0.918297 0.047116 -0.391285
1750970636.154924 -1.505517 0.072596 0.319502 -0.037507 -0.918297 0.047116 -0.391285
1750970636.159925 -1.499461 0.065616 0.317854 -0.039105 -0.916254 0.047623 -0.395830
1750970636.164925 -1.499461 0.065616 0.317854 -0.039105 -0.916254 0.047623 -0.395830
1750970636.169925 -1.499461 0.065616 0.317854 -0.039105 -0.916254 0.047623 -0.395830
1750970636.174925 -1.499461 0.065616 0.317854 -0.039105 -0.916254 0.047623 -0.395830
1750970636.179925 -1.499461 0.065616 0.317854 -0.039105 -0.916254 0.047623 -0.395830
1750970636.184926 -1.499461 0.065616 0.317854 -0.039105 -0.916254 0.047623 -0.395830
1750970636.189926 -1.499461 0.065616 0.317854 -0.039105 -0.916254 0.047623 -0.395830
1750970636.194926 -1.490409 0.063650 0.309927 -0.040485 -0.914189 0.050017 -0.400147
1750970636.199927 -1.490409 0.063650 0.309927 -0.040485 -0.914189 0.050017 -0.400147
1750970636.204927 -1.490409 0.063650 0.309927 -0.040485 -0.914189 0.050017 -0.400147
1750970636.209927 -1.490409 0.063650 0.309927 -0.040485 -0.914189 0.050017 -0.400147
1750970636.214926 -1.490409 0.063650 0.309927 -0.040485 -0.914189 0.050017 -0.400147
1750970636.219927 -1.490409 0.063650 0.309927 -0.040485 -0.914189 0.050017 -0.400147
1750970636.224927 -1.481430 0.062852 0.301197 -0.041320 -0.912082 0.053531 -0.404392
1750970636.229928 -1.481430 0.062852 0.301197 -0.041320 -0.912082 0.053531 -0.404392
1750970636.234927 -1.481430 0.062852 0.301197 -0.041320 -0.912082 0.053531 -0.404392
1750970636.239927 -1.481430 0.062852 0.301197 -0.041320 -0.912082 0.053531 -0.404392
1750970636.244927 -1.481430 0.062852 0.301197 -0.041320 -0.912082 0.053531 -0.404392
1750970636.249928 -1.481430 0.062852 0.301197 -0.041320 -0.912082 0.053531 -0.404392
1750970636.254928 -1.481430 0.062852 0.301197 -0.041320 -0.912082 0.053531 -0.404392
1750970636.259928 -1.486288 0.061600 0.309041 -0.042336 -0.910117 0.056681 -0.408267
1750970636.264929 -1.486288 0.061600 0.309041 -0.042336 -0.910117 0.056681 -0.408267
1750970636.269929 -1.486288 0.061600 0.309041 -0.042336 -0.910117 0.056681 -0.408267
1750970636.273338 -1.486288 0.061600 0.309041 -0.042336 -0.910117 0.056681 -0.408267
1750970636.274929 -1.486288 0.061600 0.309041 -0.042336 -0.910117 0.056681 -0.408267
1750970636.279929 -1.486288 0.061600 0.309041 -0.042336 -0.910117 0.056681 -0.408267
1750970636.284930 -1.486288 0.061600 0.309041 -0.042336 -0.910117 0.056681 -0.408267
1750970636.289929 -1.486288 0.061600 0.309041 -0.042336 -0.910117 0.056681 -0.408267
1750970636.294930 -1.475558 0.057920 0.304712 -0.043231 -0.908667 0.058582 -0.411125
1750970636.299929 -1.475558 0.057920 0.304712 -0.043231 -0.908667 0.058582 -0.411125
1750970636.304930 -1.475558 0.057920 0.304712 -0.043231 -0.908667 0.058582 -0.411125
1750970636.309930 -1.475558 0.057920 0.304712 -0.043231 -0.908667 0.058582 -0.411125
1750970636.314930 -1.475558 0.057920 0.304712 -0.043231 -0.908667 0.058582 -0.411125
1750970636.319930 -1.475558 0.057920 0.304712 -0.043231 -0.908667 0.058582 -0.411125
1750970636.324931 -1.464350 0.054875 0.299437 -0.043420 -0.906889 0.059850 -0.414831
1750970636.329931 -1.464350 0.054875 0.299437 -0.043420 -0.906889 0.059850 -0.414831
1750970636.334931 -1.464350 0.054875 0.299437 -0.043420 -0.906889 0.059850 -0.414831
1750970636.339931 -1.464350 0.054875 0.299437 -0.043420 -0.906889 0.059850 -0.414831
1750970636.344932 -1.464350 0.054875 0.299437 -0.043420 -0.906889 0.059850 -0.414831
1750970636.349931 -1.464350 0.054875 0.299437 -0.043420 -0.906889 0.059850 -0.414831
1750970636.354931 -1.464350 0.054875 0.299437 -0.043420 -0.906889 0.059850 -0.414831
1750970636.359931 -1.364426 0.043793 0.229727 -0.041317 -0.907103 0.059506 -0.414627
1750970636.364932 -1.364426 0.043793 0.229727 -0.041317 -0.907103 0.059506 -0.414627
1750970636.369932 -1.364426 0.043793 0.229727 -0.041317 -0.907103 0.059506 -0.414627
1750970636.374932 -1.364426 0.043793 0.229727 -0.041317 -0.907103 0.059506 -0.414627
1750970636.379932 -1.364426 0.043793 0.229727 -0.041317 -0.907103 0.059506 -0.414627
1750970636.384933 -1.364426 0.043793 0.229727 -0.041317 -0.907103 0.059506 -0.414627
1750970636.389933 -1.364426 0.043793 0.229727 -0.041317 -0.907103 0.059506 -0.414627
1750970636.394933 -1.413983 0.058909 0.263580 -0.044320 -0.903357 0.063238 -0.421880
1750970636.399933 -1.413983 0.058909 0.263580 -0.044320 -0.903357 0.063238 -0.421880
1750970636.404934 -1.413983 0.058909 0.263580 -0.044320 -0.903357 0.063238 -0.421880
1750970636.406684 -1.413983 0.058909 0.263580 -0.044320 -0.903357 0.063238 -0.421880
1750970636.409933 -1.413983 0.058909 0.263580 -0.044320 -0.903357 0.063238 -0.421880
1750970636.414933 -1.413983 0.058909 0.263580 -0.044320 -0.903357 0.063238 -0.421880
1750970636.419933 -1.413983 0.058909 0.263580 -0.044320 -0.903357 0.063238 -0.421880
1750970636.424934 -1.400039 0.058054 0.257568 -0.046250 -0.901601 0.064611 -0.425209
1750970636.429934 -1.400039 0.058054 0.257568 -0.046250 -0.901601 0.064611 -0.425209
1750970636.434934 -1.400039 0.058054 0.257568 -0.046250 -0.901601 0.064611 -0.425209
1750970636.439934 -1.400039 0.058054 0.257568 -0.046250 -0.901601 0.064611 -0.425209
1750970636.444935 -1.400039 0.058054 0.257568 -0.046250 -0.901601 0.064611 -0.425209
1750970636.449934 -1.400039 0.058054 0.257568 -0.046250 -0.901601 0.064611 -0.425209
1750970636.454935 -1.400039 0.058054 0.257568 -0.046250 -0.901601 0.064611 -0.425209
1750970636.459934 -1.386875 0.057941 0.251826 -0.047762 -0.899626 0.066008 -0.428993
1750970636.464934 -1.386875 0.057941 0.251826 -0.047762 -0.899626 0.066008 -0.428993
1750970636.469935 -1.386875 0.057941 0.251826 -0.047762 -0.899626 0.066008 -0.428993
1750970636.474935 -1.386875 0.057941 0.251826 -0.047762 -0.899626 0.066008 -0.428993
1750970636.479935 -1.386875 0.057941 0.251826 -0.047762 -0.899626 0.066008 -0.428993
1750970636.484936 -1.386875 0.057941 0.251826 -0.047762 -0.899626 0.066008 -0.428993
1750970636.489936 -1.386875 0.057941 0.251826 -0.047762 -0.899626 0.066008 -0.428993
1750970636.494936 -1.374357 0.058235 0.247768 -0.048392 -0.897482 0.067620 -0.433143
1750970636.499935 -1.374357 0.058235 0.247768 -0.048392 -0.897482 0.067620 -0.433143
1750970636.504936 -1.374357 0.058235 0.247768 -0.048392 -0.897482 0.067620 -0.433143
1750970636.509937 -1.374357 0.058235 0.247768 -0.048392 -0.897482 0.067620 -0.433143
1750970636.514936 -1.374357 0.058235 0.247768 -0.048392 -0.897482 0.067620 -0.433143
1750970636.519936 -1.374357 0.058235 0.247768 -0.048392 -0.897482 0.067620 -0.433143
1750970636.523363 -1.361829 0.060304 0.243197 -0.049695 -0.895285 0.069053 -0.437295
1750970636.524937 -1.361829 0.060304 0.243197 -0.049695 -0.895285 0.069053 -0.437295
1750970636.529937 -1.361829 0.060304 0.243197 -0.049695 -0.895285 0.069053 -0.437295
1750970636.534937 -1.361829 0.060304 0.243197 -0.049695 -0.895285 0.069053 -0.437295
1750970636.539937 -1.361829 0.060304 0.243197 -0.049695 -0.895285 0.069053 -0.437295
1750970636.540031 -1.361829 0.060304 0.243197 -0.049695 -0.895285 0.069053 -0.437295
1750970636.544937 -1.361829 0.060304 0.243197 -0.049695 -0.895285 0.069053 -0.437295
1750970636.549938 -1.361829 0.060304 0.243197 -0.049695 -0.895285 0.069053 -0.437295
1750970636.554938 -1.361829 0.060304 0.243197 -0.049695 -0.895285 0.069053 -0.437295
1750970636.559937 -1.349504 0.061044 0.240547 -0.050372 -0.893143 0.069583 -0.441494
1750970636.564937 -1.349504 0.061044 0.240547 -0.050372 -0.893143 0.069583 -0.441494
1750970636.569938 -1.349504 0.061044 0.240547 -0.050372 -0.893143 0.069583 -0.441494
1750970636.574938 -1.349504 0.061044 0.240547 -0.050372 -0.893143 0.069583 -0.441494
1750970636.579938 -1.349504 0.061044 0.240547 -0.050372 -0.893143 0.069583 -0.441494
1750970636.584938 -1.349504 0.061044 0.240547 -0.050372 -0.893143 0.069583 -0.441494
1750970636.589939 -1.349504 0.061044 0.240547 -0.050372 -0.893143 0.069583 -0.441494
1750970636.594939 -1.329457 0.045917 0.220549 -0.049064 -0.890604 0.067677 -0.447031
1750970636.599939 -1.329457 0.045917 0.220549 -0.049064 -0.890604 0.067677 -0.447031
1750970636.604939 -1.329457 0.045917 0.220549 -0.049064 -0.890604 0.067677 -0.447031
1750970636.609939 -1.329457 0.045917 0.220549 -0.049064 -0.890604 0.067677 -0.447031
1750970636.614939 -1.329457 0.045917 0.220549 -0.049064 -0.890604 0.067677 -0.447031
1750970636.619939 -1.329457 0.045917 0.220549 -0.049064 -0.890604 0.067677 -0.447031
1750970636.624939 -1.338783 0.051261 0.221747 -0.049455 -0.887346 0.067898 -0.453389
1750970636.629939 -1.338783 0.051261 0.221747 -0.049455 -0.887346 0.067898 -0.453389
1750970636.634940 -1.338783 0.051261 0.221747 -0.049455 -0.887346 0.067898 -0.453389
1750970636.639940 -1.338783 0.051261 0.221747 -0.049455 -0.887346 0.067898 -0.453389
1750970636.644939 -1.338783 0.051261 0.221747 -0.049455 -0.887346 0.067898 -0.453389
1750970636.649940 -1.338783 0.051261 0.221747 -0.049455 -0.887346 0.067898 -0.453389
1750970636.654940 -1.338783 0.051261 0.221747 -0.049455 -0.887346 0.067898 -0.453389
1750970636.659940 -1.330500 0.047499 0.215233 -0.050082 -0.884464 0.068141 -0.458882
1750970636.664940 -1.330500 0.047499 0.215233 -0.050082 -0.884464 0.068141 -0.458882
1750970636.669941 -1.330500 0.047499 0.215233 -0.050082 -0.884464 0.068141 -0.458882
1750970636.673378 -1.330500 0.047499 0.215233 -0.050082 -0.884464 0.068141 -0.458882
1750970636.674941 -1.330500 0.047499 0.215233 -0.050082 -0.884464 0.068141 -0.458882
1750970636.679941 -1.330500 0.047499 0.215233 -0.050082 -0.884464 0.068141 -0.458882
1750970636.684941 -1.330500 0.047499 0.215233 -0.050082 -0.884464 0.068141 -0.458882
1750970636.689942 -1.330500 0.047499 0.215233 -0.050082 -0.884464 0.068141 -0.458882
1750970636.694942 -1.322673 0.046252 0.211068 -0.051526 -0.881365 0.068892 -0.464537
1750970636.699942 -1.322673 0.046252 0.211068 -0.051526 -0.881365 0.068892 -0.464537
1750970636.704942 -1.322673 0.046252 0.211068 -0.051526 -0.881365 0.068892 -0.464537
1750970636.709943 -1.322673 0.046252 0.211068 -0.051526 -0.881365 0.068892 -0.464537
1750970636.714943 -1.322673 0.046252 0.211068 -0.051526 -0.881365 0.068892 -0.464537
1750970636.719943 -1.322673 0.046252 0.211068 -0.051526 -0.881365 0.068892 -0.464537
1750970636.724943 -1.314080 0.043964 0.206252 -0.052905 -0.877915 0.069703 -0.470753
1750970636.729943 -1.314080 0.043964 0.206252 -0.052905 -0.877915 0.069703 -0.470753
1750970636.734944 -1.314080 0.043964 0.206252 -0.052905 -0.877915 0.069703 -0.470753
1750970636.739944 -1.314080 0.043964 0.206252 -0.052905 -0.877915 0.069703 -0.470753
1750970636.744944 -1.314080 0.043964 0.206252 -0.052905 -0.877915 0.069703 -0.470753
1750970636.749945 -1.314080 0.043964 0.206252 -0.052905 -0.877915 0.069703 -0.470753
1750970636.754945 -1.314080 0.043964 0.206252 -0.052905 -0.877915 0.069703 -0.470753
1750970636.759945 -1.304663 0.041430 0.202237 -0.054226 -0.874153 0.070056 -0.477502
1750970636.764945 -1.304663 0.041430 0.202237 -0.054226 -0.874153 0.070056 -0.477502
1750970636.769946 -1.304663 0.041430 0.202237 -0.054226 -0.874153 0.070056 -0.477502
1750970636.774946 -1.304663 0.041430 0.202237 -0.054226 -0.874153 0.070056 -0.477502
1750970636.779946 -1.304663 0.041430 0.202237 -0.054226 -0.874153 0.070056 -0.477502
1750970636.784946 -1.304663 0.041430 0.202237 -0.054226 -0.874153 0.070056 -0.477502
1750970636.789947 -1.304663 0.041430 0.202237 -0.054226 -0.874153 0.070056 -0.477502
1750970636.794947 -1.295222 0.040263 0.197420 -0.055731 -0.870172 0.070167 -0.484533
1750970636.799947 -1.295222 0.040263 0.197420 -0.055731 -0.870172 0.070167 -0.484533
1750970636.804946 -1.295222 0.040263 0.197420 -0.055731 -0.870172 0.070167 -0.484533
1750970636.806725 -1.295222 0.040263 0.197420 -0.055731 -0.870172 0.070167 -0.484533
1750970636.809947 -1.295222 0.040263 0.197420 -0.055731 -0.870172 0.070167 -0.484533
1750970636.814948 -1.295222 0.040263 0.197420 -0.055731 -0.870172 0.070167 -0.484533
1750970636.819947 -1.295222 0.040263 0.197420 -0.055731 -0.870172 0.070167 -0.484533
1750970636.824947 -1.284410 0.038879 0.191278 -0.057386 -0.866119 0.070018 -0.491572
1750970636.829948 -1.284410 0.038879 0.191278 -0.057386 -0.866119 0.070018 -0.491572
1750970636.834949 -1.284410 0.038879 0.191278 -0.057386 -0.866119 0.070018 -0.491572
1750970636.839949 -1.284410 0.038879 0.191278 -0.057386 -0.866119 0.070018 -0.491572
1750970636.844949 -1.284410 0.038879 0.191278 -0.057386 -0.866119 0.070018 -0.491572
1750970636.849948 -1.284410 0.038879 0.191278 -0.057386 -0.866119 0.070018 -0.491572
1750970636.854949 -1.284410 0.038879 0.191278 -0.057386 -0.866119 0.070018 -0.491572
1750970636.859949 -1.276848 0.042837 0.177179 -0.058836 -0.861403 0.070040 -0.499618
1750970636.864949 -1.276848 0.042837 0.177179 -0.058836 -0.861403 0.070040 -0.499618
1750970636.869949 -1.276848 0.042837 0.177179 -0.058836 -0.861403 0.070040 -0.499618
1750970636.874950 -1.276848 0.042837 0.177179 -0.058836 -0.861403 0.070040 -0.499618
1750970636.879950 -1.276848 0.042837 0.177179 -0.058836 -0.861403 0.070040 -0.499618
1750970636.884950 -1.276848 0.042837 0.177179 -0.058836 -0.861403 0.070040 -0.499618
1750970636.889950 -1.276848 0.042837 0.177179 -0.058836 -0.861403 0.070040 -0.499618
1750970636.894951 -1.273815 0.038435 0.174690 0.058834 0.857653 -0.067529 0.506370
1750970636.899951 -1.273815 0.038435 0.174690 0.058834 0.857653 -0.067529 0.506370
1750970636.904951 -1.273815 0.038435 0.174690 0.058834 0.857653 -0.067529 0.506370
1750970636.909951 -1.273815 0.038435 0.174690 0.058834 0.857653 -0.067529 0.506370
1750970636.914952 -1.273815 0.038435 0.174690 0.058834 0.857653 -0.067529 0.506370
1750970636.919952 -1.273815 0.038435 0.174690 0.058834 0.857653 -0.067529 0.506370
1750970636.924952 -1.262040 0.036098 0.167370 0.058594 0.854122 -0.064953 0.512663
1750970636.929952 -1.262040 0.036098 0.167370 0.058594 0.854122 -0.064953 0.512663
1750970636.934953 -1.262040 0.036098 0.167370 0.058594 0.854122 -0.064953 0.512663
1750970636.939953 -1.262040 0.036098 0.167370 0.058594 0.854122 -0.064953 0.512663
1750970636.940074 -1.262040 0.036098 0.167370 0.058594 0.854122 -0.064953 0.512663
1750970636.944952 -1.262040 0.036098 0.167370 0.058594 0.854122 -0.064953 0.512663
1750970636.949953 -1.262040 0.036098 0.167370 0.058594 0.854122 -0.064953 0.512663
1750970636.954954 -1.262040 0.036098 0.167370 0.058594 0.854122 -0.064953 0.512663
1750970636.959954 -1.249829 0.033891 0.159932 0.057891 0.850538 -0.063029 0.518904
1750970636.964954 -1.249829 0.033891 0.159932 0.057891 0.850538 -0.063029 0.518904
1750970636.969954 -1.249829 0.033891 0.159932 0.057891 0.850538 -0.063029 0.518904
1750970636.974954 -1.249829 0.033891 0.159932 0.057891 0.850538 -0.063029 0.518904
1750970636.979954 -1.249829 0.033891 0.159932 0.057891 0.850538 -0.063029 0.518904
1750970636.984954 -1.249829 0.033891 0.159932 0.057891 0.850538 -0.063029 0.518904
1750970636.989954 -1.249829 0.033891 0.159932 0.057891 0.850538 -0.063029 0.518904
1750970636.994955 -1.238018 0.032432 0.152901 0.056954 0.846416 -0.061884 0.525840
1750970636.999955 -1.238018 0.032432 0.152901 0.056954 0.846416 -0.061884 0.525840
1750970637.004955 -1.238018 0.032432 0.152901 0.056954 0.846416 -0.061884 0.525840
1750970637.009955 -1.238018 0.032432 0.152901 0.056954 0.846416 -0.061884 0.525840
1750970637.014955 -1.238018 0.032432 0.152901 0.056954 0.846416 -0.061884 0.525840
1750970637.019956 -1.238018 0.032432 0.152901 0.056954 0.846416 -0.061884 0.525840
1750970637.024956 -1.225861 0.030878 0.145886 0.056494 0.841797 -0.061282 0.533321
1750970637.029956 -1.225861 0.030878 0.145886 0.056494 0.841797 -0.061282 0.533321
1750970637.034956 -1.225861 0.030878 0.145886 0.056494 0.841797 -0.061282 0.533321
1750970637.039957 -1.225861 0.030878 0.145886 0.056494 0.841797 -0.061282 0.533321
1750970637.044957 -1.225861 0.030878 0.145886 0.056494 0.841797 -0.061282 0.533321
1750970637.049957 -1.225861 0.030878 0.145886 0.056494 0.841797 -0.061282 0.533321
1750970637.054957 -1.225861 0.030878 0.145886 0.056494 0.841797 -0.061282 0.533321
1750970637.059958 -1.214364 0.030266 0.139792 0.056485 0.836751 -0.061046 0.541231
1750970637.064957 -1.214364 0.030266 0.139792 0.056485 0.836751 -0.061046 0.541231
1750970637.069958 -1.214364 0.030266 0.139792 0.056485 0.836751 -0.061046 0.541231
1750970637.073422 -1.214364 0.030266 0.139792 0.056485 0.836751 -0.061046 0.541231
1750970637.074958 -1.214364 0.030266 0.139792 0.056485 0.836751 -0.061046 0.541231
1750970637.079958 -1.214364 0.030266 0.139792 0.056485 0.836751 -0.061046 0.541231
1750970637.084959 -1.214364 0.030266 0.139792 0.056485 0.836751 -0.061046 0.541231
1750970637.089958 -1.214364 0.030266 0.139792 0.056485 0.836751 -0.061046 0.541231
1750970637.094959 -1.184868 0.032342 0.121546 0.056432 0.831545 -0.061482 0.549153
1750970637.099959 -1.184868 0.032342 0.121546 0.056432 0.831545 -0.061482 0.549153
1750970637.104959 -1.184868 0.032342 0.121546 0.056432 0.831545 -0.061482 0.549153
1750970637.109959 -1.184868 0.032342 0.121546 0.056432 0.831545 -0.061482 0.549153
1750970637.114959 -1.184868 0.032342 0.121546 0.056432 0.831545 -0.061482 0.549153
1750970637.119960 -1.184868 0.032342 0.121546 0.056432 0.831545 -0.061482 0.549153
1750970637.124960 -1.195922 0.040128 0.110508 0.057990 0.824617 -0.061909 0.559295
1750970637.129960 -1.195922 0.040128 0.110508 0.057990 0.824617 -0.061909 0.559295
1750970637.134960 -1.195922 0.040128 0.110508 0.057990 0.824617 -0.061909 0.559295
1750970637.139961 -1.195922 0.040128 0.110508 0.057990 0.824617 -0.061909 0.559295
1750970637.144961 -1.195922 0.040128 0.110508 0.057990 0.824617 -0.061909 0.559295
1750970637.149961 -1.195922 0.040128 0.110508 0.057990 0.824617 -0.061909 0.559295
1750970637.154962 -1.195922 0.040128 0.110508 0.057990 0.824617 -0.061909 0.559295
1750970637.159962 -1.186354 0.039954 0.102164 0.058672 0.819564 -0.060832 0.566720
1750970637.164962 -1.186354 0.039954 0.102164 0.058672 0.819564 -0.060832 0.566720
1750970637.169961 -1.186354 0.039954 0.102164 0.058672 0.819564 -0.060832 0.566720
1750970637.174963 -1.186354 0.039954 0.102164 0.058672 0.819564 -0.060832 0.566720
1750970637.179962 -1.186354 0.039954 0.102164 0.058672 0.819564 -0.060832 0.566720
1750970637.184962 -1.186354 0.039954 0.102164 0.058672 0.819564 -0.060832 0.566720
1750970637.189962 -1.186354 0.039954 0.102164 0.058672 0.819564 -0.060832 0.566720
1750970637.190100 -1.177151 0.038747 0.090952 0.060388 0.814534 -0.059878 0.573849
1750970637.194962 -1.177151 0.038747 0.090952 0.060388 0.814534 -0.059878 0.573849
1750970637.199963 -1.177151 0.038747 0.090952 0.060388 0.814534 -0.059878 0.573849
1750970637.204963 -1.177151 0.038747 0.090952 0.060388 0.814534 -0.059878 0.573849
1750970637.206769 -1.177151 0.038747 0.090952 0.060388 0.814534 -0.059878 0.573849
1750970637.209963 -1.177151 0.038747 0.090952 0.060388 0.814534 -0.059878 0.573849
1750970637.214963 -1.177151 0.038747 0.090952 0.060388 0.814534 -0.059878 0.573849
1750970637.219964 -1.177151 0.038747 0.090952 0.060388 0.814534 -0.059878 0.573849
1750970637.224964 -1.165743 0.036933 0.082362 0.061729 0.810306 -0.058641 0.579789
1750970637.229964 -1.165743 0.036933 0.082362 0.061729 0.810306 -0.058641 0.579789
1750970637.234964 -1.165743 0.036933 0.082362 0.061729 0.810306 -0.058641 0.579789
1750970637.239965 -1.165743 0.036933 0.082362 0.061729 0.810306 -0.058641 0.579789
1750970637.244965 -1.165743 0.036933 0.082362 0.061729 0.810306 -0.058641 0.579789
1750970637.249964 -1.165743 0.036933 0.082362 0.061729 0.810306 -0.058641 0.579789
1750970637.254965 -1.165743 0.036933 0.082362 0.061729 0.810306 -0.058641 0.579789
1750970637.259965 -1.153133 0.034117 0.073704 0.062183 0.806290 -0.057751 0.585401
1750970637.264965 -1.153133 0.034117 0.073704 0.062183 0.806290 -0.057751 0.585401
1750970637.269965 -1.153133 0.034117 0.073704 0.062183 0.806290 -0.057751 0.585401
1750970637.274965 -1.153133 0.034117 0.073704 0.062183 0.806290 -0.057751 0.585401
1750970637.279966 -1.153133 0.034117 0.073704 0.062183 0.806290 -0.057751 0.585401
1750970637.284966 -1.153133 0.034117 0.073704 0.062183 0.806290 -0.057751 0.585401
1750970637.289966 -1.153133 0.034117 0.073704 0.062183 0.806290 -0.057751 0.585401
1750970637.294966 -1.139508 0.031397 0.064058 0.062636 0.802160 -0.057101 0.591063
1750970637.299967 -1.139508 0.031397 0.064058 0.062636 0.802160 -0.057101 0.591063
1750970637.304967 -1.139508 0.031397 0.064058 0.062636 0.802160 -0.057101 0.591063
1750970637.309967 -1.139508 0.031397 0.064058 0.062636 0.802160 -0.057101 0.591063
1750970637.314966 -1.139508 0.031397 0.064058 0.062636 0.802160 -0.057101 0.591063
1750970637.319968 -1.139508 0.031397 0.064058 0.062636 0.802160 -0.057101 0.591063
1750970637.324967 -1.127794 0.030759 0.052254 0.062959 0.797554 -0.056914 0.597248
1750970637.329967 -1.127794 0.030759 0.052254 0.062959 0.797554 -0.056914 0.597248
1750970637.334967 -1.127794 0.030759 0.052254 0.062959 0.797554 -0.056914 0.597248
1750970637.339967 -1.127794 0.030759 0.052254 0.062959 0.797554 -0.056914 0.597248
1750970637.340116 -1.127794 0.030759 0.052254 0.062959 0.797554 -0.056914 0.597248
1750970637.344968 -1.127794 0.030759 0.052254 0.062959 0.797554 -0.056914 0.597248
1750970637.349968 -1.127794 0.030759 0.052254 0.062959 0.797554 -0.056914 0.597248
1750970637.354968 -1.127794 0.030759 0.052254 0.062959 0.797554 -0.056914 0.597248
1750970637.359969 -1.115566 0.025260 0.045428 0.062498 0.794078 -0.056592 0.601940
1750970637.364969 -1.115566 0.025260 0.045428 0.062498 0.794078 -0.056592 0.601940
1750970637.369969 -1.115566 0.025260 0.045428 0.062498 0.794078 -0.056592 0.601940
1750970637.374969 -1.115566 0.025260 0.045428 0.062498 0.794078 -0.056592 0.601940
1750970637.379970 -1.115566 0.025260 0.045428 0.062498 0.794078 -0.056592 0.601940
1750970637.384969 -1.115566 0.025260 0.045428 0.062498 0.794078 -0.056592 0.601940
1750970637.389969 -1.115566 0.025260 0.045428 0.062498 0.794078 -0.056592 0.601940
1750970637.394969 -1.101864 0.022615 0.037794 0.062470 0.790963 -0.056867 0.606005
1750970637.399969 -1.101864 0.022615 0.037794 0.062470 0.790963 -0.056867 0.606005
1750970637.404970 -1.101864 0.022615 0.037794 0.062470 0.790963 -0.056867 0.606005
1750970637.409970 -1.101864 0.022615 0.037794 0.062470 0.790963 -0.056867 0.606005
1750970637.414970 -1.101864 0.022615 0.037794 0.062470 0.790963 -0.056867 0.606005
1750970637.419971 -1.101864 0.022615 0.037794 0.062470 0.790963 -0.056867 0.606005
1750970637.424971 -1.089546 0.020416 0.030888 0.063100 0.788465 -0.057643 0.609113
1750970637.429971 -1.089546 0.020416 0.030888 0.063100 0.788465 -0.057643 0.609113
1750970637.434971 -1.089546 0.020416 0.030888 0.063100 0.788465 -0.057643 0.609113
1750970637.439971 -1.089546 0.020416 0.030888 0.063100 0.788465 -0.057643 0.609113
1750970637.444972 -1.089546 0.020416 0.030888 0.063100 0.788465 -0.057643 0.609113
1750970637.449971 -1.089546 0.020416 0.030888 0.063100 0.788465 -0.057643 0.609113
1750970637.454971 -1.089546 0.020416 0.030888 0.063100 0.788465 -0.057643 0.609113
1750970637.459971 -1.077324 0.017380 0.024749 0.063161 0.786092 -0.058308 0.612103
1750970637.464972 -1.077324 0.017380 0.024749 0.063161 0.786092 -0.058308 0.612103
1750970637.469972 -1.077324 0.017380 0.024749 0.063161 0.786092 -0.058308 0.612103
1750970637.473464 -1.077324 0.017380 0.024749 0.063161 0.786092 -0.058308 0.612103
1750970637.474972 -1.077324 0.017380 0.024749 0.063161 0.786092 -0.058308 0.612103
1750970637.479972 -1.077324 0.017380 0.024749 0.063161 0.786092 -0.058308 0.612103
1750970637.484972 -1.077324 0.017380 0.024749 0.063161 0.786092 -0.058308 0.612103
1750970637.489973 -1.077324 0.017380 0.024749 0.063161 0.786092 -0.058308 0.612103
1750970637.494972 -1.064166 0.014947 0.018400 0.062699 0.783469 -0.058229 0.615511
1750970637.499972 -1.064166 0.014947 0.018400 0.062699 0.783469 -0.058229 0.615511
1750970637.504973 -1.064166 0.014947 0.018400 0.062699 0.783469 -0.058229 0.615511
1750970637.509973 -1.064166 0.014947 0.018400 0.062699 0.783469 -0.058229 0.615511
1750970637.514973 -1.064166 0.014947 0.018400 0.062699 0.783469 -0.058229 0.615511
1750970637.519973 -1.064166 0.014947 0.018400 0.062699 0.783469 -0.058229 0.615511
1750970637.524974 -1.054813 0.018534 0.005282 0.062807 0.778856 -0.059257 0.621231
1750970637.529974 -1.054813 0.018534 0.005282 0.062807 0.778856 -0.059257 0.621231
1750970637.534974 -1.054813 0.018534 0.005282 0.062807 0.778856 -0.059257 0.621231
1750970637.539975 -1.054813 0.018534 0.005282 0.062807 0.778856 -0.059257 0.621231
1750970637.544975 -1.054813 0.018534 0.005282 0.062807 0.778856 -0.059257 0.621231
1750970637.549974 -1.054813 0.018534 0.005282 0.062807 0.778856 -0.059257 0.621231
1750970637.554975 -1.054813 0.018534 0.005282 0.062807 0.778856 -0.059257 0.621231
1750970637.559974 -1.044181 0.013942 0.000931 0.062548 0.774986 -0.060066 0.626001
1750970637.564975 -1.044181 0.013942 0.000931 0.062548 0.774986 -0.060066 0.626001
1750970637.569975 -1.044181 0.013942 0.000931 0.062548 0.774986 -0.060066 0.626001
1750970637.574975 -1.044181 0.013942 0.000931 0.062548 0.774986 -0.060066 0.626001
1750970637.579975 -1.044181 0.013942 0.000931 0.062548 0.774986 -0.060066 0.626001
1750970637.584976 -1.044181 0.013942 0.000931 0.062548 0.774986 -0.060066 0.626001
1750970637.589976 -1.044181 0.013942 0.000931 0.062548 0.774986 -0.060066 0.626001
1750970637.594975 -1.033438 0.013720 -0.002881 0.062464 0.770232 -0.060878 0.631771
1750970637.599975 -1.033438 0.013720 -0.002881 0.062464 0.770232 -0.060878 0.631771
1750970637.604976 -1.033438 0.013720 -0.002881 0.062464 0.770232 -0.060878 0.631771
1750970637.606810 -1.033438 0.013720 -0.002881 0.062464 0.770232 -0.060878 0.631771
1750970637.609976 -1.033438 0.013720 -0.002881 0.062464 0.770232 -0.060878 0.631771
1750970637.614976 -1.033438 0.013720 -0.002881 0.062464 0.770232 -0.060878 0.631771
1750970637.619976 -1.033438 0.013720 -0.002881 0.062464 0.770232 -0.060878 0.631771
1750970637.624977 -1.021371 0.012793 -0.006525 0.061837 0.765005 -0.060651 0.638173
1750970637.629977 -1.021371 0.012793 -0.006525 0.061837 0.765005 -0.060651 0.638173
1750970637.634977 -1.021371 0.012793 -0.006525 0.061837 0.765005 -0.060651 0.638173
1750970637.639977 -1.021371 0.012793 -0.006525 0.061837 0.765005 -0.060651 0.638173
1750970637.644978 -1.021371 0.012793 -0.006525 0.061837 0.765005 -0.060651 0.638173
1750970637.649977 -1.021371 0.012793 -0.006525 0.061837 0.765005 -0.060651 0.638173
1750970637.654977 -1.021371 0.012793 -0.006525 0.061837 0.765005 -0.060651 0.638173
1750970637.659977 -1.010038 0.011077 -0.008975 0.061174 0.759498 -0.059570 0.644881
1750970637.664978 -1.010038 0.011077 -0.008975 0.061174 0.759498 -0.059570 0.644881
1750970637.669980 -1.010038 0.011077 -0.008975 0.061174 0.759498 -0.059570 0.644881
1750970637.674982 -1.010038 0.011077 -0.008975 0.061174 0.759498 -0.059570 0.644881
1750970637.679985 -1.010038 0.011077 -0.008975 0.061174 0.759498 -0.059570 0.644881
1750970637.684988 -1.010038 0.011077 -0.008975 0.061174 0.759498 -0.059570 0.644881
1750970637.689990 -1.010038 0.011077 -0.008975 0.061174 0.759498 -0.059570 0.644881
1750970637.694992 -0.980357 0.007748 -0.016574 0.060526 0.753327 -0.058627 0.652225
1750970637.699994 -0.980357 0.007748 -0.016574 0.060526 0.753327 -0.058627 0.652225
1750970637.704998 -0.980357 0.007748 -0.016574 0.060526 0.753327 -0.058627 0.652225
1750970637.710000 -0.980357 0.007748 -0.016574 0.060526 0.753327 -0.058627 0.652225
1750970637.715002 -0.980357 0.007748 -0.016574 0.060526 0.753327 -0.058627 0.652225
1750970637.720004 -0.980357 0.007748 -0.016574 0.060526 0.753327 -0.058627 0.652225
1750970637.725007 -0.986208 0.008696 -0.024828 0.060959 0.746066 -0.057859 0.660547
1750970637.730010 -0.986208 0.008696 -0.024828 0.060959 0.746066 -0.057859 0.660547
1750970637.735012 -0.986208 0.008696 -0.024828 0.060959 0.746066 -0.057859 0.660547
1750970637.740014 -0.986208 0.008696 -0.024828 0.060959 0.746066 -0.057859 0.660547
1750970637.740190 -0.986208 0.008696 -0.024828 0.060959 0.746066 -0.057859 0.660547
1750970637.745017 -0.986208 0.008696 -0.024828 0.060959 0.746066 -0.057859 0.660547
1750970637.750020 -0.986208 0.008696 -0.024828 0.060959 0.746066 -0.057859 0.660547
1750970637.755022 -0.986208 0.008696 -0.024828 0.060959 0.746066 -0.057859 0.660547
1750970637.760024 -0.979557 0.003012 -0.025793 0.059392 0.739994 -0.055621 0.667673
1750970637.765027 -0.979557 0.003012 -0.025793 0.059392 0.739994 -0.055621 0.667673
1750970637.770030 -0.979557 0.003012 -0.025793 0.059392 0.739994 -0.055621 0.667673
1750970637.775032 -0.979557 0.003012 -0.025793 0.059392 0.739994 -0.055621 0.667673
1750970637.780034 -0.979557 0.003012 -0.025793 0.059392 0.739994 -0.055621 0.667673
1750970637.785037 -0.979557 0.003012 -0.025793 0.059392 0.739994 -0.055621 0.667673
1750970637.790040 -0.979557 0.003012 -0.025793 0.059392 0.739994 -0.055621 0.667673
1750970637.795042 -0.968215 0.000932 -0.027981 0.058220 0.734020 -0.053673 0.674496
1750970637.800044 -0.968215 0.000932 -0.027981 0.058220 0.734020 -0.053673 0.674496
1750970637.805047 -0.968215 0.000932 -0.027981 0.058220 0.734020 -0.053673 0.674496
1750970637.810050 -0.968215 0.000932 -0.027981 0.058220 0.734020 -0.053673 0.674496
1750970637.815052 -0.968215 0.000932 -0.027981 0.058220 0.734020 -0.053673 0.674496
1750970637.820054 -0.968215 0.000932 -0.027981 0.058220 0.734020 -0.053673 0.674496
1750970637.825057 -0.956662 -0.000698 -0.028581 0.057206 0.728712 -0.051556 0.680476
1750970637.830060 -0.956662 -0.000698 -0.028581 0.057206 0.728712 -0.051556 0.680476
1750970637.835062 -0.956662 -0.000698 -0.028581 0.057206 0.728712 -0.051556 0.680476
1750970637.840065 -0.956662 -0.000698 -0.028581 0.057206 0.728712 -0.051556 0.680476
1750970637.845068 -0.956662 -0.000698 -0.028581 0.057206 0.728712 -0.051556 0.680476
1750970637.850070 -0.956662 -0.000698 -0.028581 0.057206 0.728712 -0.051556 0.680476
1750970637.855072 -0.956662 -0.000698 -0.028581 0.057206 0.728712 -0.051556 0.680476
1750970637.856924 -0.944201 -0.001846 -0.028902 0.055980 0.723370 -0.050124 0.686360
1750970637.860075 -0.944201 -0.001846 -0.028902 0.055980 0.723370 -0.050124 0.686360
1750970637.865077 -0.944201 -0.001846 -0.028902 0.055980 0.723370 -0.050124 0.686360
1750970637.870080 -0.944201 -0.001846 -0.028902 0.055980 0.723370 -0.050124 0.686360
1750970637.873600 -0.944201 -0.001846 -0.028902 0.055980 0.723370 -0.050124 0.686360
1750970637.875082 -0.944201 -0.001846 -0.028902 0.055980 0.723370 -0.050124 0.686360
1750970637.880085 -0.944201 -0.001846 -0.028902 0.055980 0.723370 -0.050124 0.686360
1750970637.885088 -0.944201 -0.001846 -0.028902 0.055980 0.723370 -0.050124 0.686360
1750970637.890090 -0.944201 -0.001846 -0.028902 0.055980 0.723370 -0.050124 0.686360
1750970637.895093 -0.938344 -0.010104 -0.029619 0.054683 0.717769 -0.048922 0.692405
1750970637.900095 -0.938344 -0.010104 -0.029619 0.054683 0.717769 -0.048922 0.692405
1750970637.905099 -0.938344 -0.010104 -0.029619 0.054683 0.717769 -0.048922 0.692405
1750970637.910101 -0.938344 -0.010104 -0.029619 0.054683 0.717769 -0.048922 0.692405
1750970637.915103 -0.938344 -0.010104 -0.029619 0.054683 0.717769 -0.048922 0.692405
1750970637.920106 -0.938344 -0.010104 -0.029619 0.054683 0.717769 -0.048922 0.692405
1750970637.925108 -0.908092 -0.000944 -0.015214 0.055685 0.714065 -0.050627 0.696022
1750970637.930111 -0.908092 -0.000944 -0.015214 0.055685 0.714065 -0.050627 0.696022
1750970637.935114 -0.908092 -0.000944 -0.015214 0.055685 0.714065 -0.050627 0.696022
1750970637.940116 -0.908092 -0.000944 -0.015214 0.055685 0.714065 -0.050627 0.696022
1750970637.945119 -0.908092 -0.000944 -0.015214 0.055685 0.714065 -0.050627 0.696022
1750970637.950122 -0.908092 -0.000944 -0.015214 0.055685 0.714065 -0.050627 0.696022
1750970637.955124 -0.908092 -0.000944 -0.015214 0.055685 0.714065 -0.050627 0.696022
1750970637.960127 -0.906740 0.000987 -0.035278 0.055987 0.704960 -0.050677 0.705216
1750970637.965129 -0.906740 0.000987 -0.035278 0.055987 0.704960 -0.050677 0.705216
1750970637.970132 -0.906740 0.000987 -0.035278 0.055987 0.704960 -0.050677 0.705216
1750970637.975135 -0.906740 0.000987 -0.035278 0.055987 0.704960 -0.050677 0.705216
1750970637.980137 -0.906740 0.000987 -0.035278 0.055987 0.704960 -0.050677 0.705216
1750970637.985140 -0.906740 0.000987 -0.035278 0.055987 0.704960 -0.050677 0.705216
1750970637.990143 -0.906740 0.000987 -0.035278 0.055987 0.704960 -0.050677 0.705216
1750970637.995146 -0.896755 -0.001234 -0.035621 0.055238 0.699251 -0.049574 0.711013
1750970638.000148 -0.896755 -0.001234 -0.035621 0.055238 0.699251 -0.049574 0.711013
1750970638.005151 -0.896755 -0.001234 -0.035621 0.055238 0.699251 -0.049574 0.711013
1750970638.007013 -0.896755 -0.001234 -0.035621 0.055238 0.699251 -0.049574 0.711013
1750970638.010154 -0.896755 -0.001234 -0.035621 0.055238 0.699251 -0.049574 0.711013
1750970638.015156 -0.896755 -0.001234 -0.035621 0.055238 0.699251 -0.049574 0.711013
1750970638.020159 -0.896755 -0.001234 -0.035621 0.055238 0.699251 -0.049574 0.711013
1750970638.025161 -0.884184 -0.001336 -0.033557 0.054392 0.694167 -0.048503 0.716115
1750970638.030164 -0.884184 -0.001336 -0.033557 0.054392 0.694167 -0.048503 0.716115
1750970638.035167 -0.884184 -0.001336 -0.033557 0.054392 0.694167 -0.048503 0.716115
1750970638.040169 -0.884184 -0.001336 -0.033557 0.054392 0.694167 -0.048503 0.716115
1750970638.045172 -0.884184 -0.001336 -0.033557 0.054392 0.694167 -0.048503 0.716115
1750970638.050175 -0.884184 -0.001336 -0.033557 0.054392 0.694167 -0.048503 0.716115
1750970638.055178 -0.884184 -0.001336 -0.033557 0.054392 0.694167 -0.048503 0.716115
1750970638.060180 -0.884184 -0.001336 -0.033557 0.054392 0.694167 -0.048503 0.716115
1750970638.065183 -0.884184 -0.001336 -0.033557 0.054392 0.694167 -0.048503 0.716115
1750970638.070186 -0.884184 -0.001336 -0.033557 0.054392 0.694167 -0.048503 0.716115
1750970638.075189 -0.884184 -0.001336 -0.033557 0.054392 0.694167 -0.048503 0.716115
1750970638.080191 -0.884184 -0.001336 -0.033557 0.054392 0.694167 -0.048503 0.716115
1750970638.085194 -0.884184 -0.001336 -0.033557 0.054392 0.694167 -0.048503 0.716115
1750970638.090197 -0.884184 -0.001336 -0.033557 0.054392 0.694167 -0.048503 0.716115
1750970638.095200 -0.858502 -0.000450 -0.026098 0.052125 0.685888 -0.047090 0.724309
1750970638.100202 -0.858502 -0.000450 -0.026098 0.052125 0.685888 -0.047090 0.724309
1750970638.105205 -0.858502 -0.000450 -0.026098 0.052125 0.685888 -0.047090 0.724309
1750970638.110208 -0.858502 -0.000450 -0.026098 0.052125 0.685888 -0.047090 0.724309
1750970638.115211 -0.858502 -0.000450 -0.026098 0.052125 0.685888 -0.047090 0.724309
1750970638.120213 -0.858502 -0.000450 -0.026098 0.052125 0.685888 -0.047090 0.724309
1750970638.125216 -0.847535 0.000354 -0.020163 0.051370 0.681617 -0.047203 0.728376
1750970638.130218 -0.847535 0.000354 -0.020163 0.051370 0.681617 -0.047203 0.728376
1750970638.135222 -0.847535 0.000354 -0.020163 0.051370 0.681617 -0.047203 0.728376
1750970638.140224 -0.847535 0.000354 -0.020163 0.051370 0.681617 -0.047203 0.728376
1750970638.145227 -0.847535 0.000354 -0.020163 0.051370 0.681617 -0.047203 0.728376
1750970638.150230 -0.847535 0.000354 -0.020163 0.051370 0.681617 -0.047203 0.728376
1750970638.155233 -0.847535 0.000354 -0.020163 0.051370 0.681617 -0.047203 0.728376
1750970638.160235 -0.834405 0.000089 -0.021506 0.050945 0.675354 -0.046815 0.734242
1750970638.165238 -0.834405 0.000089 -0.021506 0.050945 0.675354 -0.046815 0.734242
1750970638.170242 -0.834405 0.000089 -0.021506 0.050945 0.675354 -0.046815 0.734242
1750970638.173782 -0.834405 0.000089 -0.021506 0.050945 0.675354 -0.046815 0.734242
1750970638.175244 -0.834405 0.000089 -0.021506 0.050945 0.675354 -0.046815 0.734242
1750970638.180247 -0.834405 0.000089 -0.021506 0.050945 0.675354 -0.046815 0.734242
1750970638.185249 -0.834405 0.000089 -0.021506 0.050945 0.675354 -0.046815 0.734242
1750970638.190253 -0.834405 0.000089 -0.021506 0.050945 0.675354 -0.046815 0.734242
1750970638.195255 -0.822644 -0.000238 -0.016492 0.050398 0.669828 -0.046712 0.739330
1750970638.200258 -0.822644 -0.000238 -0.016492 0.050398 0.669828 -0.046712 0.739330
1750970638.205260 -0.822644 -0.000238 -0.016492 0.050398 0.669828 -0.046712 0.739330
1750970638.210264 -0.822644 -0.000238 -0.016492 0.050398 0.669828 -0.046712 0.739330
1750970638.215266 -0.822644 -0.000238 -0.016492 0.050398 0.669828 -0.046712 0.739330
1750970638.220269 -0.822644 -0.000238 -0.016492 0.050398 0.669828 -0.046712 0.739330
1750970638.225272 -0.811590 -0.001052 -0.011296 0.050405 0.663986 -0.047590 0.744524
1750970638.230275 -0.811590 -0.001052 -0.011296 0.050405 0.663986 -0.047590 0.744524
1750970638.235278 -0.811590 -0.001052 -0.011296 0.050405 0.663986 -0.047590 0.744524
1750970638.240281 -0.811590 -0.001052 -0.011296 0.050405 0.663986 -0.047590 0.744524
1750970638.245283 -0.811590 -0.001052 -0.011296 0.050405 0.663986 -0.047590 0.744524
1750970638.250287 -0.811590 -0.001052 -0.011296 0.050405 0.663986 -0.047590 0.744524
1750970638.255289 -0.811590 -0.001052 -0.011296 0.050405 0.663986 -0.047590 0.744524
1750970638.260292 -0.799790 -0.001632 -0.005736 0.050134 0.658069 -0.048246 0.749736
1750970638.270298 -0.799790 -0.001632 -0.005736 0.050134 0.658069 -0.048246 0.749736
1750970638.275301 -0.799790 -0.001632 -0.005736 0.050134 0.658069 -0.048246 0.749736
1750970638.280303 -0.799790 -0.001632 -0.005736 0.050134 0.658069 -0.048246 0.749736
1750970638.285306 -0.799790 -0.001632 -0.005736 0.050134 0.658069 -0.048246 0.749736
1750970638.290310 -0.799790 -0.001632 -0.005736 0.050134 0.658069 -0.048246 0.749736
1750970638.295312 -0.787758 -0.001736 0.000298 0.049766 0.652029 -0.048369 0.755011
1750970638.300315 -0.787758 -0.001736 0.000298 0.049766 0.652029 -0.048369 0.755011
1750970638.305318 -0.787758 -0.001736 0.000298 0.049766 0.652029 -0.048369 0.755011
1750970638.307200 -0.787758 -0.001736 0.000298 0.049766 0.652029 -0.048369 0.755011
1750970638.310321 -0.787758 -0.001736 0.000298 0.049766 0.652029 -0.048369 0.755011
1750970638.315324 -0.787758 -0.001736 0.000298 0.049766 0.652029 -0.048369 0.755011
1750970638.320327 -0.787758 -0.001736 0.000298 0.049766 0.652029 -0.048369 0.755011
1750970638.325329 -0.775679 -0.004317 0.006664 0.050040 0.646756 -0.048062 0.759535
1750970638.330333 -0.775679 -0.004317 0.006664 0.050040 0.646756 -0.048062 0.759535
1750970638.335336 -0.775679 -0.004317 0.006664 0.050040 0.646756 -0.048062 0.759535
1750970638.340338 -0.775679 -0.004317 0.006664 0.050040 0.646756 -0.048062 0.759535
1750970638.345341 -0.775679 -0.004317 0.006664 0.050040 0.646756 -0.048062 0.759535
1750970638.350345 -0.775679 -0.004317 0.006664 0.050040 0.646756 -0.048062 0.759535
1750970638.355347 -0.775679 -0.004317 0.006664 0.050040 0.646756 -0.048062 0.759535
1750970638.360350 -0.766840 -0.006628 0.009243 0.050695 0.640670 -0.048766 0.764587
1750970638.365353 -0.766840 -0.006628 0.009243 0.050695 0.640670 -0.048766 0.764587
1750970638.370357 -0.766840 -0.006628 0.009243 0.050695 0.640670 -0.048766 0.764587
1750970638.375359 -0.766840 -0.006628 0.009243 0.050695 0.640670 -0.048766 0.764587
1750970638.380362 -0.766840 -0.006628 0.009243 0.050695 0.640670 -0.048766 0.764587
1750970638.385365 -0.766840 -0.006628 0.009243 0.050695 0.640670 -0.048766 0.764587
1750970638.390368 -0.766840 -0.006628 0.009243 0.050695 0.640670 -0.048766 0.764587
1750970638.395371 -0.756038 -0.008321 0.016092 0.050702 0.635069 -0.049253 0.769215
1750970638.400374 -0.756038 -0.008321 0.016092 0.050702 0.635069 -0.049253 0.769215
1750970638.405378 -0.756038 -0.008321 0.016092 0.050702 0.635069 -0.049253 0.769215
1750970638.410380 -0.756038 -0.008321 0.016092 0.050702 0.635069 -0.049253 0.769215
1750970638.415383 -0.756038 -0.008321 0.016092 0.050702 0.635069 -0.049253 0.769215
1750970638.420386 -0.756038 -0.008321 0.016092 0.050702 0.635069 -0.049253 0.769215
1750970638.425389 -0.745377 -0.009983 0.023503 0.051045 0.628966 -0.049543 0.774172
1750970638.430392 -0.745377 -0.009983 0.023503 0.051045 0.628966 -0.049543 0.774172
1750970638.435395 -0.745377 -0.009983 0.023503 0.051045 0.628966 -0.049543 0.774172
1750970638.440398 -0.745377 -0.009983 0.023503 0.051045 0.628966 -0.049543 0.774172
1750970638.440622 -0.745377 -0.009983 0.023503 0.051045 0.628966 -0.049543 0.774172
1750970638.445400 -0.745377 -0.009983 0.023503 0.051045 0.628966 -0.049543 0.774172
1750970638.450404 -0.745377 -0.009983 0.023503 0.051045 0.628966 -0.049543 0.774172
1750970638.455407 -0.745377 -0.009983 0.023503 0.051045 0.628966 -0.049543 0.774172
1750970638.460410 -0.735970 -0.011290 0.030091 0.052321 0.621996 -0.049812 0.779681
1750970638.465412 -0.735970 -0.011290 0.030091 0.052321 0.621996 -0.049812 0.779681
1750970638.470416 -0.735970 -0.011290 0.030091 0.052321 0.621996 -0.049812 0.779681
1750970638.475419 -0.735970 -0.011290 0.030091 0.052321 0.621996 -0.049812 0.779681
1750970638.480422 -0.735970 -0.011290 0.030091 0.052321 0.621996 -0.049812 0.779681
1750970638.485425 -0.735970 -0.011290 0.030091 0.052321 0.621996 -0.049812 0.779681
1750970638.490428 -0.735970 -0.011290 0.030091 0.052321 0.621996 -0.049812 0.779681
1750970638.495431 -0.726565 -0.009956 0.040566 0.052512 0.615462 -0.049370 0.784864
1750970638.500434 -0.726565 -0.009956 0.040566 0.052512 0.615462 -0.049370 0.784864
1750970638.505437 -0.726565 -0.009956 0.040566 0.052512 0.615462 -0.049370 0.784864
1750970638.510440 -0.726565 -0.009956 0.040566 0.052512 0.615462 -0.049370 0.784864
1750970638.515444 -0.726565 -0.009956 0.040566 0.052512 0.615462 -0.049370 0.784864
1750970638.520446 -0.726565 -0.009956 0.040566 0.052512 0.615462 -0.049370 0.784864
1750970638.525449 -0.718319 -0.016115 0.046594 0.050606 0.606819 -0.047296 0.791816
1750970638.530453 -0.718319 -0.016115 0.046594 0.050606 0.606819 -0.047296 0.791816
1750970638.535455 -0.718319 -0.016115 0.046594 0.050606 0.606819 -0.047296 0.791816
1750970638.540458 -0.718319 -0.016115 0.046594 0.050606 0.606819 -0.047296 0.791816
1750970638.545461 -0.718319 -0.016115 0.046594 0.050606 0.606819 -0.047296 0.791816
1750970638.550465 -0.718319 -0.016115 0.046594 0.050606 0.606819 -0.047296 0.791816
1750970638.555468 -0.718319 -0.016115 0.046594 0.050606 0.606819 -0.047296 0.791816
1750970638.557367 -0.708377 -0.017772 0.054719 0.050758 0.597979 -0.046183 0.798569
1750970638.560471 -0.708377 -0.017772 0.054719 0.050758 0.597979 -0.046183 0.798569
1750970638.565474 -0.708377 -0.017772 0.054719 0.050758 0.597979 -0.046183 0.798569
1750970638.570477 -0.708377 -0.017772 0.054719 0.050758 0.597979 -0.046183 0.798569
1750970638.574045 -0.708377 -0.017772 0.054719 0.050758 0.597979 -0.046183 0.798569
1750970638.575480 -0.708377 -0.017772 0.054719 0.050758 0.597979 -0.046183 0.798569
1750970638.580483 -0.708377 -0.017772 0.054719 0.050758 0.597979 -0.046183 0.798569
1750970638.585486 -0.708377 -0.017772 0.054719 0.050758 0.597979 -0.046183 0.798569
1750970638.590490 -0.708377 -0.017772 0.054719 0.050758 0.597979 -0.046183 0.798569
1750970638.595493 -0.698848 -0.019556 0.062116 0.051833 0.588939 -0.044377 0.805292
1750970638.600496 -0.698848 -0.019556 0.062116 0.051833 0.588939 -0.044377 0.805292
1750970638.605499 -0.698848 -0.019556 0.062116 0.051833 0.588939 -0.044377 0.805292
1750970638.610502 -0.698848 -0.019556 0.062116 0.051833 0.588939 -0.044377 0.805292
1750970638.615505 -0.698848 -0.019556 0.062116 0.051833 0.588939 -0.044377 0.805292
1750970638.620508 -0.698848 -0.019556 0.062116 0.051833 0.588939 -0.044377 0.805292
1750970638.625511 -0.689801 -0.021073 0.068940 0.052224 0.580200 -0.042100 0.811707
1750970638.630515 -0.689801 -0.021073 0.068940 0.052224 0.580200 -0.042100 0.811707
1750970638.635518 -0.689801 -0.021073 0.068940 0.052224 0.580200 -0.042100 0.811707
1750970638.640521 -0.689801 -0.021073 0.068940 0.052224 0.580200 -0.042100 0.811707
1750970638.645524 -0.689801 -0.021073 0.068940 0.052224 0.580200 -0.042100 0.811707
1750970638.650527 -0.689801 -0.021073 0.068940 0.052224 0.580200 -0.042100 0.811707
1750970638.655530 -0.689801 -0.021073 0.068940 0.052224 0.580200 -0.042100 0.811707
1750970638.660533 -0.683854 -0.012743 0.070108 0.053852 0.570345 -0.042666 0.818527
1750970638.665536 -0.683854 -0.012743 0.070108 0.053852 0.570345 -0.042666 0.818527
1750970638.670537 -0.683854 -0.012743 0.070108 0.053852 0.570345 -0.042666 0.818527
1750970638.675538 -0.683854 -0.012743 0.070108 0.053852 0.570345 -0.042666 0.818527
1750970638.680538 -0.683854 -0.012743 0.070108 0.053852 0.570345 -0.042666 0.818527
1750970638.685539 -0.683854 -0.012743 0.070108 0.053852 0.570345 -0.042666 0.818527
1750970638.690540 -0.683854 -0.012743 0.070108 0.053852 0.570345 -0.042666 0.818527
1750970638.695540 -0.676546 -0.016069 0.077139 0.052994 0.561171 -0.040329 0.825017
1750970638.700540 -0.676546 -0.016069 0.077139 0.052994 0.561171 -0.040329 0.825017
1750970638.705541 -0.676546 -0.016069 0.077139 0.052994 0.561171 -0.040329 0.825017
1750970638.707450 -0.676546 -0.016069 0.077139 0.052994 0.561171 -0.040329 0.825017
1750970638.710542 -0.676546 -0.016069 0.077139 0.052994 0.561171 -0.040329 0.825017
1750970638.715543 -0.676546 -0.016069 0.077139 0.052994 0.561171 -0.040329 0.825017
1750970638.720543 -0.676546 -0.016069 0.077139 0.052994 0.561171 -0.040329 0.825017
1750970638.725543 -0.667629 -0.016629 0.084478 0.050635 0.551743 -0.037491 0.831631
1750970638.730544 -0.667629 -0.016629 0.084478 0.050635 0.551743 -0.037491 0.831631
1750970638.735545 -0.667629 -0.016629 0.084478 0.050635 0.551743 -0.037491 0.831631
1750970638.740545 -0.667629 -0.016629 0.084478 0.050635 0.551743 -0.037491 0.831631
1750970638.745545 -0.667629 -0.016629 0.084478 0.050635 0.551743 -0.037491 0.831631
1750970638.750546 -0.667629 -0.016629 0.084478 0.050635 0.551743 -0.037491 0.831631
1750970638.755547 -0.667629 -0.016629 0.084478 0.050635 0.551743 -0.037491 0.831631
1750970638.760547 -0.661303 -0.017837 0.089442 0.049196 0.542179 -0.034910 0.838095
1750970638.765548 -0.661303 -0.017837 0.089442 0.049196 0.542179 -0.034910 0.838095
1750970638.770549 -0.661303 -0.017837 0.089442 0.049196 0.542179 -0.034910 0.838095
1750970638.775549 -0.661303 -0.017837 0.089442 0.049196 0.542179 -0.034910 0.838095
1750970638.780550 -0.661303 -0.017837 0.089442 0.049196 0.542179 -0.034910 0.838095
1750970638.785550 -0.661303 -0.017837 0.089442 0.049196 0.542179 -0.034910 0.838095
1750970638.790550 -0.661303 -0.017837 0.089442 0.049196 0.542179 -0.034910 0.838095
1750970638.795552 -0.654256 -0.020495 0.096837 0.048682 0.532946 -0.032928 0.844106
1750970638.800552 -0.654256 -0.020495 0.096837 0.048682 0.532946 -0.032928 0.844106
1750970638.805552 -0.654256 -0.020495 0.096837 0.048682 0.532946 -0.032928 0.844106
1750970638.810554 -0.654256 -0.020495 0.096837 0.048682 0.532946 -0.032928 0.844106
1750970638.815554 -0.654256 -0.020495 0.096837 0.048682 0.532946 -0.032928 0.844106
1750970638.820554 -0.654256 -0.020495 0.096837 0.048682 0.532946 -0.032928 0.844106
1750970638.825555 -0.646483 -0.022535 0.104533 0.047639 0.523107 -0.031448 0.850353
1750970638.830556 -0.646483 -0.022535 0.104533 0.047639 0.523107 -0.031448 0.850353
1750970638.835556 -0.646483 -0.022535 0.104533 0.047639 0.523107 -0.031448 0.850353
1750970638.840557 -0.646483 -0.022535 0.104533 0.047639 0.523107 -0.031448 0.850353
1750970638.840808 -0.646483 -0.022535 0.104533 0.047639 0.523107 -0.031448 0.850353
1750970638.845557 -0.646483 -0.022535 0.104533 0.047639 0.523107 -0.031448 0.850353
1750970638.850559 -0.646483 -0.022535 0.104533 0.047639 0.523107 -0.031448 0.850353
1750970638.855559 -0.646483 -0.022535 0.104533 0.047639 0.523107 -0.031448 0.850353
1750970638.860559 -0.637491 -0.018797 0.104842 0.046972 0.512532 -0.031062 0.856820
1750970638.865559 -0.637491 -0.018797 0.104842 0.046972 0.512532 -0.031062 0.856820
1750970638.870560 -0.637491 -0.018797 0.104842 0.046972 0.512532 -0.031062 0.856820
1750970638.875561 -0.637491 -0.018797 0.104842 0.046972 0.512532 -0.031062 0.856820
1750970638.880561 -0.637491 -0.018797 0.104842 0.046972 0.512532 -0.031062 0.856820
1750970638.885562 -0.637491 -0.018797 0.104842 0.046972 0.512532 -0.031062 0.856820
1750970638.890562 -0.637491 -0.018797 0.104842 0.046972 0.512532 -0.031062 0.856820
1750970638.895563 -0.631554 -0.023457 0.108097 0.046547 0.501874 -0.029146 0.863196
1750970638.900563 -0.631554 -0.023457 0.108097 0.046547 0.501874 -0.029146 0.863196
1750970638.905564 -0.631554 -0.023457 0.108097 0.046547 0.501874 -0.029146 0.863196
1750970638.910564 -0.631554 -0.023457 0.108097 0.046547 0.501874 -0.029146 0.863196
1750970638.915565 -0.631554 -0.023457 0.108097 0.046547 0.501874 -0.029146 0.863196
1750970638.920566 -0.631554 -0.023457 0.108097 0.046547 0.501874 -0.029146 0.863196
1750970638.925566 -0.614969 -0.023425 0.127910 0.045793 0.492967 -0.028219 0.868384
1750970638.930566 -0.614969 -0.023425 0.127910 0.045793 0.492967 -0.028219 0.868384
1750970638.935568 -0.614969 -0.023425 0.127910 0.045793 0.492967 -0.028219 0.868384
1750970638.940568 -0.614969 -0.023425 0.127910 0.045793 0.492967 -0.028219 0.868384
1750970638.945568 -0.614969 -0.023425 0.127910 0.045793 0.492967 -0.028219 0.868384
1750970638.950569 -0.614969 -0.023425 0.127910 0.045793 0.492967 -0.028219 0.868384
1750970638.955570 -0.614969 -0.023425 0.127910 0.045793 0.492967 -0.028219 0.868384
1750970638.960571 -0.616136 -0.022269 0.124613 0.044479 0.483448 -0.027810 0.873800
1750970638.965571 -0.616136 -0.022269 0.124613 0.044479 0.483448 -0.027810 0.873800
1750970638.970572 -0.616136 -0.022269 0.124613 0.044479 0.483448 -0.027810 0.873800
1750970638.974165 -0.616136 -0.022269 0.124613 0.044479 0.483448 -0.027810 0.873800
1750970638.975573 -0.616136 -0.022269 0.124613 0.044479 0.483448 -0.027810 0.873800
1750970638.980573 -0.616136 -0.022269 0.124613 0.044479 0.483448 -0.027810 0.873800
1750970638.985573 -0.616136 -0.022269 0.124613 0.044479 0.483448 -0.027810 0.873800
1750970638.990574 -0.616136 -0.022269 0.124613 0.044479 0.483448 -0.027810 0.873800
1750970638.995575 -0.607989 -0.022476 0.133222 0.042481 0.475070 -0.026371 0.878526
1750970639.000575 -0.607989 -0.022476 0.133222 0.042481 0.475070 -0.026371 0.878526
1750970639.005575 -0.607989 -0.022476 0.133222 0.042481 0.475070 -0.026371 0.878526
1750970639.010576 -0.607989 -0.022476 0.133222 0.042481 0.475070 -0.026371 0.878526
1750970639.015577 -0.607989 -0.022476 0.133222 0.042481 0.475070 -0.026371 0.878526
1750970639.020577 -0.607989 -0.022476 0.133222 0.042481 0.475070 -0.026371 0.878526
1750970639.025578 -0.598582 -0.021257 0.145881 0.041227 0.466935 -0.025079 0.882974
1750970639.030578 -0.598582 -0.021257 0.145881 0.041227 0.466935 -0.025079 0.882974
1750970639.035579 -0.598582 -0.021257 0.145881 0.041227 0.466935 -0.025079 0.882974
1750970639.040580 -0.598582 -0.021257 0.145881 0.041227 0.466935 -0.025079 0.882974
1750970639.045580 -0.598582 -0.021257 0.145881 0.041227 0.466935 -0.025079 0.882974
1750970639.050581 -0.598582 -0.021257 0.145881 0.041227 0.466935 -0.025079 0.882974
1750970639.055581 -0.598582 -0.021257 0.145881 0.041227 0.466935 -0.025079 0.882974
1750970639.060582 -0.592635 -0.023540 0.146009 0.039837 0.457699 -0.024327 0.887881
1750970639.065582 -0.592635 -0.023540 0.146009 0.039837 0.457699 -0.024327 0.887881
1750970639.070583 -0.592635 -0.023540 0.146009 0.039837 0.457699 -0.024327 0.887881
1750970639.075584 -0.592635 -0.023540 0.146009 0.039837 0.457699 -0.024327 0.887881
1750970639.080584 -0.592635 -0.023540 0.146009 0.039837 0.457699 -0.024327 0.887881
1750970639.085584 -0.592635 -0.023540 0.146009 0.039837 0.457699 -0.024327 0.887881
1750970639.090586 -0.592635 -0.023540 0.146009 0.039837 0.457699 -0.024327 0.887881
1750970639.095586 -0.585004 -0.023163 0.155351 0.037766 0.449027 -0.023261 0.892417
1750970639.100586 -0.585004 -0.023163 0.155351 0.037766 0.449027 -0.023261 0.892417
1750970639.105587 -0.585004 -0.023163 0.155351 0.037766 0.449027 -0.023261 0.892417
1750970639.107523 -0.585004 -0.023163 0.155351 0.037766 0.449027 -0.023261 0.892417
1750970639.110588 -0.585004 -0.023163 0.155351 0.037766 0.449027 -0.023261 0.892417
1750970639.115588 -0.585004 -0.023163 0.155351 0.037766 0.449027 -0.023261 0.892417
1750970639.120589 -0.585004 -0.023163 0.155351 0.037766 0.449027 -0.023261 0.892417
1750970639.125589 -0.577209 -0.022448 0.164665 0.036208 0.439807 -0.022121 0.897089
1750970639.130590 -0.577209 -0.022448 0.164665 0.036208 0.439807 -0.022121 0.897089
1750970639.135591 -0.577209 -0.022448 0.164665 0.036208 0.439807 -0.022121 0.897089
1750970639.140591 -0.577209 -0.022448 0.164665 0.036208 0.439807 -0.022121 0.897089
1750970639.145591 -0.577209 -0.022448 0.164665 0.036208 0.439807 -0.022121 0.897089
1750970639.150592 -0.577209 -0.022448 0.164665 0.036208 0.439807 -0.022121 0.897089
1750970639.155593 -0.577209 -0.022448 0.164665 0.036208 0.439807 -0.022121 0.897089
1750970639.160593 -0.568618 -0.021318 0.167391 0.035727 0.429233 -0.020836 0.902247
1750970639.165594 -0.568618 -0.021318 0.167391 0.035727 0.429233 -0.020836 0.902247
1750970639.170595 -0.568618 -0.021318 0.167391 0.035727 0.429233 -0.020836 0.902247
1750970639.175595 -0.568618 -0.021318 0.167391 0.035727 0.429233 -0.020836 0.902247
1750970639.180596 -0.568618 -0.021318 0.167391 0.035727 0.429233 -0.020836 0.902247
1750970639.185596 -0.568618 -0.021318 0.167391 0.035727 0.429233 -0.020836 0.902247
1750970639.190596 -0.568618 -0.021318 0.167391 0.035727 0.429233 -0.020836 0.902247
1750970639.195598 -0.563135 -0.020701 0.175551 0.034914 0.419920 -0.019797 0.906673
1750970639.200598 -0.563135 -0.020701 0.175551 0.034914 0.419920 -0.019797 0.906673
1750970639.205598 -0.563135 -0.020701 0.175551 0.034914 0.419920 -0.019797 0.906673
1750970639.210599 -0.563135 -0.020701 0.175551 0.034914 0.419920 -0.019797 0.906673
1750970639.215600 -0.563135 -0.020701 0.175551 0.034914 0.419920 -0.019797 0.906673
1750970639.220600 -0.563135 -0.020701 0.175551 0.034914 0.419920 -0.019797 0.906673
1750970639.224211 -0.556998 -0.020070 0.184847 0.034403 0.410524 -0.019345 0.910995
1750970639.225600 -0.556998 -0.020070 0.184847 0.034403 0.410524 -0.019345 0.910995
1750970639.230601 -0.556998 -0.020070 0.184847 0.034403 0.410524 -0.019345 0.910995
1750970639.235602 -0.556998 -0.020070 0.184847 0.034403 0.410524 -0.019345 0.910995
1750970639.240603 -0.556998 -0.020070 0.184847 0.034403 0.410524 -0.019345 0.910995
1750970639.240880 -0.556998 -0.020070 0.184847 0.034403 0.410524 -0.019345 0.910995
1750970639.245603 -0.556998 -0.020070 0.184847 0.034403 0.410524 -0.019345 0.910995
1750970639.250603 -0.556998 -0.020070 0.184847 0.034403 0.410524 -0.019345 0.910995
1750970639.255605 -0.556998 -0.020070 0.184847 0.034403 0.410524 -0.019345 0.910995
1750970639.260605 -0.543283 -0.019376 0.188527 0.034708 0.399966 -0.018343 0.915689
1750970639.265605 -0.543283 -0.019376 0.188527 0.034708 0.399966 -0.018343 0.915689
1750970639.270606 -0.543283 -0.019376 0.188527 0.034708 0.399966 -0.018343 0.915689
1750970639.275607 -0.543283 -0.019376 0.188527 0.034708 0.399966 -0.018343 0.915689
1750970639.280607 -0.543283 -0.019376 0.188527 0.034708 0.399966 -0.018343 0.915689
1750970639.285607 -0.543283 -0.019376 0.188527 0.034708 0.399966 -0.018343 0.915689
1750970639.290609 -0.543283 -0.019376 0.188527 0.034708 0.399966 -0.018343 0.915689
1750970639.295609 -0.536775 -0.020176 0.197634 0.034407 0.390580 -0.017724 0.919755
1750970639.300609 -0.536775 -0.020176 0.197634 0.034407 0.390580 -0.017724 0.919755
1750970639.305610 -0.536775 -0.020176 0.197634 0.034407 0.390580 -0.017724 0.919755
1750970639.310611 -0.536775 -0.020176 0.197634 0.034407 0.390580 -0.017724 0.919755
1750970639.315611 -0.536775 -0.020176 0.197634 0.034407 0.390580 -0.017724 0.919755
1750970639.320611 -0.536775 -0.020176 0.197634 0.034407 0.390580 -0.017724 0.919755
1750970639.325612 -0.525394 -0.019426 0.203275 0.036134 0.380507 -0.016670 0.923922
1750970639.330613 -0.525394 -0.019426 0.203275 0.036134 0.380507 -0.016670 0.923922
1750970639.335613 -0.525394 -0.019426 0.203275 0.036134 0.380507 -0.016670 0.923922
1750970639.340614 -0.525394 -0.019426 0.203275 0.036134 0.380507 -0.016670 0.923922
1750970639.345614 -0.525394 -0.019426 0.203275 0.036134 0.380507 -0.016670 0.923922
1750970639.350616 -0.525394 -0.019426 0.203275 0.036134 0.380507 -0.016670 0.923922
1750970639.355616 -0.525394 -0.019426 0.203275 0.036134 0.380507 -0.016670 0.923922
1750970639.360616 -0.519731 -0.021524 0.211266 0.037548 0.371576 -0.015341 0.927516
1750970639.365616 -0.519731 -0.021524 0.211266 0.037548 0.371576 -0.015341 0.927516
1750970639.370618 -0.519731 -0.021524 0.211266 0.037548 0.371576 -0.015341 0.927516
1750970639.374238 -0.519731 -0.021524 0.211266 0.037548 0.371576 -0.015341 0.927516
1750970639.375618 -0.519731 -0.021524 0.211266 0.037548 0.371576 -0.015341 0.927516
1750970639.380619 -0.519731 -0.021524 0.211266 0.037548 0.371576 -0.015341 0.927516
1750970639.385619 -0.519731 -0.021524 0.211266 0.037548 0.371576 -0.015341 0.927516
1750970639.390620 -0.519731 -0.021524 0.211266 0.037548 0.371576 -0.015341 0.927516
1750970639.395620 -0.513633 -0.025076 0.217146 0.038847 0.362467 -0.013942 0.931082
1750970639.400620 -0.513633 -0.025076 0.217146 0.038847 0.362467 -0.013942 0.931082
1750970639.405621 -0.513633 -0.025076 0.217146 0.038847 0.362467 -0.013942 0.931082
1750970639.410622 -0.513633 -0.025076 0.217146 0.038847 0.362467 -0.013942 0.931082
1750970639.415623 -0.513633 -0.025076 0.217146 0.038847 0.362467 -0.013942 0.931082
1750970639.420623 -0.513633 -0.025076 0.217146 0.038847 0.362467 -0.013942 0.931082
1750970639.425623 -0.497146 -0.021670 0.226373 0.040228 0.352230 -0.013258 0.934955
1750970639.430624 -0.497146 -0.021670 0.226373 0.040228 0.352230 -0.013258 0.934955
1750970639.435625 -0.497146 -0.021670 0.226373 0.040228 0.352230 -0.013258 0.934955
1750970639.440625 -0.497146 -0.021670 0.226373 0.040228 0.352230 -0.013258 0.934955
1750970639.445626 -0.497146 -0.021670 0.226373 0.040228 0.352230 -0.013258 0.934955
1750970639.450627 -0.497146 -0.021670 0.226373 0.040228 0.352230 -0.013258 0.934955
1750970639.455627 -0.497146 -0.021670 0.226373 0.040228 0.352230 -0.013258 0.934955
1750970639.460628 -0.490173 -0.023799 0.235823 0.041356 0.343850 -0.012035 0.938036
1750970639.465628 -0.490173 -0.023799 0.235823 0.041356 0.343850 -0.012035 0.938036
1750970639.470629 -0.490173 -0.023799 0.235823 0.041356 0.343850 -0.012035 0.938036
1750970639.475629 -0.490173 -0.023799 0.235823 0.041356 0.343850 -0.012035 0.938036
1750970639.480630 -0.490173 -0.023799 0.235823 0.041356 0.343850 -0.012035 0.938036
1750970639.485630 -0.490173 -0.023799 0.235823 0.041356 0.343850 -0.012035 0.938036
1750970639.490631 -0.490173 -0.023799 0.235823 0.041356 0.343850 -0.012035 0.938036
1750970639.495632 -0.479528 -0.022735 0.242869 0.042968 0.335185 -0.011195 0.941105
1750970639.500632 -0.479528 -0.022735 0.242869 0.042968 0.335185 -0.011195 0.941105
1750970639.505632 -0.479528 -0.022735 0.242869 0.042968 0.335185 -0.011195 0.941105
1750970639.507595 -0.479528 -0.022735 0.242869 0.042968 0.335185 -0.011195 0.941105
1750970639.510634 -0.479528 -0.022735 0.242869 0.042968 0.335185 -0.011195 0.941105
1750970639.515634 -0.479528 -0.022735 0.242869 0.042968 0.335185 -0.011195 0.941105
1750970639.520634 -0.479528 -0.022735 0.242869 0.042968 0.335185 -0.011195 0.941105
1750970639.525635 -0.467751 -0.023950 0.251216 0.043831 0.326949 -0.010038 0.943972
1750970639.530635 -0.467751 -0.023950 0.251216 0.043831 0.326949 -0.010038 0.943972
1750970639.535636 -0.467751 -0.023950 0.251216 0.043831 0.326949 -0.010038 0.943972
1750970639.540636 -0.467751 -0.023950 0.251216 0.043831 0.326949 -0.010038 0.943972
1750970639.545637 -0.467751 -0.023950 0.251216 0.043831 0.326949 -0.010038 0.943972
1750970639.550638 -0.467751 -0.023950 0.251216 0.043831 0.326949 -0.010038 0.943972
1750970639.555639 -0.467751 -0.023950 0.251216 0.043831 0.326949 -0.010038 0.943972
1750970639.560639 -0.460342 -0.025736 0.262900 0.043231 0.320453 -0.009336 0.946231
1750970639.565639 -0.460342 -0.025736 0.262900 0.043231 0.320453 -0.009336 0.946231
1750970639.570640 -0.460342 -0.025736 0.262900 0.043231 0.320453 -0.009336 0.946231
1750970639.575641 -0.460342 -0.025736 0.262900 0.043231 0.320453 -0.009336 0.946231
1750970639.580641 -0.460342 -0.025736 0.262900 0.043231 0.320453 -0.009336 0.946231
1750970639.585641 -0.460342 -0.025736 0.262900 0.043231 0.320453 -0.009336 0.946231
1750970639.590642 -0.460342 -0.025736 0.262900 0.043231 0.320453 -0.009336 0.946231
1750970639.595643 -0.452951 -0.027387 0.275068 0.042381 0.314017 -0.009000 0.948428
1750970639.600643 -0.452951 -0.027387 0.275068 0.042381 0.314017 -0.009000 0.948428
1750970639.605644 -0.452951 -0.027387 0.275068 0.042381 0.314017 -0.009000 0.948428
1750970639.610645 -0.452951 -0.027387 0.275068 0.042381 0.314017 -0.009000 0.948428
1750970639.615645 -0.452951 -0.027387 0.275068 0.042381 0.314017 -0.009000 0.948428
1750970639.620646 -0.452951 -0.027387 0.275068 0.042381 0.314017 -0.009000 0.948428
1750970639.625646 -0.445044 -0.028485 0.287641 0.041775 0.307786 -0.009042 0.950495
1750970639.630647 -0.445044 -0.028485 0.287641 0.041775 0.307786 -0.009042 0.950495
1750970639.635648 -0.445044 -0.028485 0.287641 0.041775 0.307786 -0.009042 0.950495
1750970639.640648 -0.445044 -0.028485 0.287641 0.041775 0.307786 -0.009042 0.950495
1750970639.640953 -0.445044 -0.028485 0.287641 0.041775 0.307786 -0.009042 0.950495
1750970639.645648 -0.445044 -0.028485 0.287641 0.041775 0.307786 -0.009042 0.950495
1750970639.650648 -0.445044 -0.028485 0.287641 0.041775 0.307786 -0.009042 0.950495
1750970639.655650 -0.445044 -0.028485 0.287641 0.041775 0.307786 -0.009042 0.950495
1750970639.660650 -0.432796 -0.026750 0.287781 0.041741 0.299428 -0.008401 0.953168
1750970639.665650 -0.432796 -0.026750 0.287781 0.041741 0.299428 -0.008401 0.953168
1750970639.670651 -0.432796 -0.026750 0.287781 0.041741 0.299428 -0.008401 0.953168
1750970639.675652 -0.432796 -0.026750 0.287781 0.041741 0.299428 -0.008401 0.953168
1750970639.680653 -0.432796 -0.026750 0.287781 0.041741 0.299428 -0.008401 0.953168
1750970639.685653 -0.432796 -0.026750 0.287781 0.041741 0.299428 -0.008401 0.953168
1750970639.690653 -0.432796 -0.026750 0.287781 0.041741 0.299428 -0.008401 0.953168
1750970639.695655 -0.426737 -0.027914 0.298893 0.040442 0.293478 -0.008477 0.955073
1750970639.700655 -0.426737 -0.027914 0.298893 0.040442 0.293478 -0.008477 0.955073
1750970639.705656 -0.426737 -0.027914 0.298893 0.040442 0.293478 -0.008477 0.955073
1750970639.710656 -0.426737 -0.027914 0.298893 0.040442 0.293478 -0.008477 0.955073
1750970639.715657 -0.426737 -0.027914 0.298893 0.040442 0.293478 -0.008477 0.955073
1750970639.720658 -0.426737 -0.027914 0.298893 0.040442 0.293478 -0.008477 0.955073
1750970639.725658 -0.421494 -0.028753 0.310124 0.039767 0.287146 -0.009122 0.957017
1750970639.730659 -0.421494 -0.028753 0.310124 0.039767 0.287146 -0.009122 0.957017
1750970639.735660 -0.421494 -0.028753 0.310124 0.039767 0.287146 -0.009122 0.957017
1750970639.740661 -0.421494 -0.028753 0.310124 0.039767 0.287146 -0.009122 0.957017
1750970639.745661 -0.421494 -0.028753 0.310124 0.039767 0.287146 -0.009122 0.957017
1750970639.750662 -0.421494 -0.028753 0.310124 0.039767 0.287146 -0.009122 0.957017
1750970639.755663 -0.421494 -0.028753 0.310124 0.039767 0.287146 -0.009122 0.957017
1750970639.760663 -0.416883 -0.029662 0.321122 0.040329 0.280471 -0.010531 0.958957
1750970639.765664 -0.416883 -0.029662 0.321122 0.040329 0.280471 -0.010531 0.958957
1750970639.770664 -0.416883 -0.029662 0.321122 0.040329 0.280471 -0.010531 0.958957
1750970639.774312 -0.416883 -0.029662 0.321122 0.040329 0.280471 -0.010531 0.958957
1750970639.775666 -0.416883 -0.029662 0.321122 0.040329 0.280471 -0.010531 0.958957
1750970639.780666 -0.416883 -0.029662 0.321122 0.040329 0.280471 -0.010531 0.958957
1750970639.785666 -0.416883 -0.029662 0.321122 0.040329 0.280471 -0.010531 0.958957
1750970639.790667 -0.416883 -0.029662 0.321122 0.040329 0.280471 -0.010531 0.958957
1750970639.795668 -0.412196 -0.029610 0.331829 0.040521 0.273576 -0.011794 0.960924
1750970639.800669 -0.412196 -0.029610 0.331829 0.040521 0.273576 -0.011794 0.960924
1750970639.805669 -0.412196 -0.029610 0.331829 0.040521 0.273576 -0.011794 0.960924
1750970639.810669 -0.412196 -0.029610 0.331829 0.040521 0.273576 -0.011794 0.960924
1750970639.815671 -0.412196 -0.029610 0.331829 0.040521 0.273576 -0.011794 0.960924
1750970639.820671 -0.412196 -0.029610 0.331829 0.040521 0.273576 -0.011794 0.960924
1750970639.825672 -0.402976 -0.026310 0.332149 0.041569 0.264427 -0.012317 0.963431
1750970639.830672 -0.402976 -0.026310 0.332149 0.041569 0.264427 -0.012317 0.963431
1750970639.835674 -0.402976 -0.026310 0.332149 0.041569 0.264427 -0.012317 0.963431
1750970639.840674 -0.402976 -0.026310 0.332149 0.041569 0.264427 -0.012317 0.963431
1750970639.845674 -0.402976 -0.026310 0.332149 0.041569 0.264427 -0.012317 0.963431
1750970639.850675 -0.402976 -0.026310 0.332149 0.041569 0.264427 -0.012317 0.963431
1750970639.855676 -0.402976 -0.026310 0.332149 0.041569 0.264427 -0.012317 0.963431
1750970639.860677 -0.400080 -0.026514 0.342856 0.041208 0.256985 -0.013270 0.965445
1750970639.865677 -0.400080 -0.026514 0.342856 0.041208 0.256985 -0.013270 0.965445
1750970639.870677 -0.400080 -0.026514 0.342856 0.041208 0.256985 -0.013270 0.965445
1750970639.875679 -0.400080 -0.026514 0.342856 0.041208 0.256985 -0.013270 0.965445
1750970639.880679 -0.400080 -0.026514 0.342856 0.041208 0.256985 -0.013270 0.965445
1750970639.885680 -0.400080 -0.026514 0.342856 0.041208 0.256985 -0.013270 0.965445
1750970639.890680 -0.400080 -0.026514 0.342856 0.041208 0.256985 -0.013270 0.965445
1750970639.891002 -0.398004 -0.025549 0.356851 0.039945 0.249849 -0.014660 0.967350
1750970639.895681 -0.398004 -0.025549 0.356851 0.039945 0.249849 -0.014660 0.967350
1750970639.900682 -0.398004 -0.025549 0.356851 0.039945 0.249849 -0.014660 0.967350
1750970639.905682 -0.398004 -0.025549 0.356851 0.039945 0.249849 -0.014660 0.967350
1750970639.907672 -0.398004 -0.025549 0.356851 0.039945 0.249849 -0.014660 0.967350
1750970639.910683 -0.398004 -0.025549 0.356851 0.039945 0.249849 -0.014660 0.967350
1750970639.915684 -0.398004 -0.025549 0.356851 0.039945 0.249849 -0.014660 0.967350
1750970639.920685 -0.398004 -0.025549 0.356851 0.039945 0.249849 -0.014660 0.967350
1750970639.925685 -0.395825 -0.026615 0.369697 0.038745 0.242501 -0.015620 0.969251
1750970639.930685 -0.395825 -0.026615 0.369697 0.038745 0.242501 -0.015620 0.969251
1750970639.935687 -0.395825 -0.026615 0.369697 0.038745 0.242501 -0.015620 0.969251
1750970639.940687 -0.395825 -0.026615 0.369697 0.038745 0.242501 -0.015620 0.969251
1750970639.945688 -0.395825 -0.026615 0.369697 0.038745 0.242501 -0.015620 0.969251
1750970639.950688 -0.395825 -0.026615 0.369697 0.038745 0.242501 -0.015620 0.969251
1750970639.955689 -0.395825 -0.026615 0.369697 0.038745 0.242501 -0.015620 0.969251
1750970639.960690 -0.386769 -0.026130 0.368229 0.039490 0.233674 -0.015346 0.971392
1750970639.965690 -0.386769 -0.026130 0.368229 0.039490 0.233674 -0.015346 0.971392
1750970639.970692 -0.386769 -0.026130 0.368229 0.039490 0.233674 -0.015346 0.971392
1750970639.975692 -0.386769 -0.026130 0.368229 0.039490 0.233674 -0.015346 0.971392
1750970639.980692 -0.386769 -0.026130 0.368229 0.039490 0.233674 -0.015346 0.971392
1750970639.985693 -0.386769 -0.026130 0.368229 0.039490 0.233674 -0.015346 0.971392
1750970639.990694 -0.386769 -0.026130 0.368229 0.039490 0.233674 -0.015346 0.971392
1750970639.995695 -0.384722 -0.027458 0.380995 0.039421 0.226729 -0.015654 0.973034
1750970640.000695 -0.384722 -0.027458 0.380995 0.039421 0.226729 -0.015654 0.973034
1750970640.005696 -0.384722 -0.027458 0.380995 0.039421 0.226729 -0.015654 0.973034
1750970640.010697 -0.384722 -0.027458 0.380995 0.039421 0.226729 -0.015654 0.973034
1750970640.015697 -0.384722 -0.027458 0.380995 0.039421 0.226729 -0.015654 0.973034
1750970640.020698 -0.384722 -0.027458 0.380995 0.039421 0.226729 -0.015654 0.973034
1750970640.025698 -0.382198 -0.027921 0.393086 0.039660 0.219840 -0.015234 0.974610
1750970640.030700 -0.382198 -0.027921 0.393086 0.039660 0.219840 -0.015234 0.974610
1750970640.035700 -0.382198 -0.027921 0.393086 0.039660 0.219840 -0.015234 0.974610
1750970640.040700 -0.382198 -0.027921 0.393086 0.039660 0.219840 -0.015234 0.974610
1750970640.041032 -0.382198 -0.027921 0.393086 0.039660 0.219840 -0.015234 0.974610
1750970640.045701 -0.382198 -0.027921 0.393086 0.039660 0.219840 -0.015234 0.974610
1750970640.050702 -0.382198 -0.027921 0.393086 0.039660 0.219840 -0.015234 0.974610
1750970640.055702 -0.382198 -0.027921 0.393086 0.039660 0.219840 -0.015234 0.974610
1750970640.060703 -0.379623 -0.027804 0.404236 0.041101 0.213670 -0.014781 0.975929
1750970640.065703 -0.379623 -0.027804 0.404236 0.041101 0.213670 -0.014781 0.975929
1750970640.070705 -0.379623 -0.027804 0.404236 0.041101 0.213670 -0.014781 0.975929
1750970640.075705 -0.379623 -0.027804 0.404236 0.041101 0.213670 -0.014781 0.975929
1750970640.080706 -0.379623 -0.027804 0.404236 0.041101 0.213670 -0.014781 0.975929
1750970640.085706 -0.379623 -0.027804 0.404236 0.041101 0.213670 -0.014781 0.975929
1750970640.090708 -0.379623 -0.027804 0.404236 0.041101 0.213670 -0.014781 0.975929
1750970640.095708 -0.373285 -0.024482 0.405574 0.044432 0.206892 -0.014210 0.977251
1750970640.100709 -0.373285 -0.024482 0.405574 0.044432 0.206892 -0.014210 0.977251
1750970640.105709 -0.373285 -0.024482 0.405574 0.044432 0.206892 -0.014210 0.977251
1750970640.110710 -0.373285 -0.024482 0.405574 0.044432 0.206892 -0.014210 0.977251
1750970640.115711 -0.373285 -0.024482 0.405574 0.044432 0.206892 -0.014210 0.977251
1750970640.120711 -0.373285 -0.024482 0.405574 0.044432 0.206892 -0.014210 0.977251
1750970640.125711 -0.370730 -0.023651 0.418538 0.046436 0.201750 -0.012403 0.978257
1750970640.130713 -0.370730 -0.023651 0.418538 0.046436 0.201750 -0.012403 0.978257
1750970640.135713 -0.370730 -0.023651 0.418538 0.046436 0.201750 -0.012403 0.978257
1750970640.140714 -0.370730 -0.023651 0.418538 0.046436 0.201750 -0.012403 0.978257
1750970640.145714 -0.370730 -0.023651 0.418538 0.046436 0.201750 -0.012403 0.978257
1750970640.150716 -0.370730 -0.023651 0.418538 0.046436 0.201750 -0.012403 0.978257
1750970640.155716 -0.370730 -0.023651 0.418538 0.046436 0.201750 -0.012403 0.978257
1750970640.160716 -0.367482 -0.022639 0.430110 0.047436 0.197093 -0.009692 0.979189
1750970640.165717 -0.367482 -0.022639 0.430110 0.047436 0.197093 -0.009692 0.979189
1750970640.170718 -0.367482 -0.022639 0.430110 0.047436 0.197093 -0.009692 0.979189
1750970640.174393 -0.367482 -0.022639 0.430110 0.047436 0.197093 -0.009692 0.979189
1750970640.175718 -0.367482 -0.022639 0.430110 0.047436 0.197093 -0.009692 0.979189
1750970640.180719 -0.367482 -0.022639 0.430110 0.047436 0.197093 -0.009692 0.979189
1750970640.185719 -0.367482 -0.022639 0.430110 0.047436 0.197093 -0.009692 0.979189
1750970640.190721 -0.367482 -0.022639 0.430110 0.047436 0.197093 -0.009692 0.979189
1750970640.195721 -0.364711 -0.020438 0.443909 0.047089 0.192953 -0.008012 0.980045
1750970640.200722 -0.364711 -0.020438 0.443909 0.047089 0.192953 -0.008012 0.980045
1750970640.205722 -0.364711 -0.020438 0.443909 0.047089 0.192953 -0.008012 0.980045
1750970640.210722 -0.364711 -0.020438 0.443909 0.047089 0.192953 -0.008012 0.980045
1750970640.215724 -0.364711 -0.020438 0.443909 0.047089 0.192953 -0.008012 0.980045
1750970640.220725 -0.364711 -0.020438 0.443909 0.047089 0.192953 -0.008012 0.980045
1750970640.225725 -0.364273 -0.019952 0.461087 0.045658 0.189643 -0.007426 0.980763
1750970640.230726 -0.364273 -0.019952 0.461087 0.045658 0.189643 -0.007426 0.980763
1750970640.235727 -0.364273 -0.019952 0.461087 0.045658 0.189643 -0.007426 0.980763
1750970640.240727 -0.364273 -0.019952 0.461087 0.045658 0.189643 -0.007426 0.980763
1750970640.245727 -0.364273 -0.019952 0.461087 0.045658 0.189643 -0.007426 0.980763
1750970640.250728 -0.364273 -0.019952 0.461087 0.045658 0.189643 -0.007426 0.980763
1750970640.255729 -0.364273 -0.019952 0.461087 0.045658 0.189643 -0.007426 0.980763
1750970640.260730 -0.362759 -0.017583 0.477067 0.044197 0.185837 -0.007024 0.981561
1750970640.265730 -0.362759 -0.017583 0.477067 0.044197 0.185837 -0.007024 0.981561
1750970640.270730 -0.362759 -0.017583 0.477067 0.044197 0.185837 -0.007024 0.981561
1750970640.275732 -0.362759 -0.017583 0.477067 0.044197 0.185837 -0.007024 0.981561
1750970640.280732 -0.362759 -0.017583 0.477067 0.044197 0.185837 -0.007024 0.981561
1750970640.285733 -0.362759 -0.017583 0.477067 0.044197 0.185837 -0.007024 0.981561
1750970640.290734 -0.362759 -0.017583 0.477067 0.044197 0.185837 -0.007024 0.981561
1750970640.295735 -0.355679 -0.011397 0.476428 0.044626 0.179489 -0.008328 0.982712
1750970640.300735 -0.355679 -0.011397 0.476428 0.044626 0.179489 -0.008328 0.982712
1750970640.305735 -0.355679 -0.011397 0.476428 0.044626 0.179489 -0.008328 0.982712
1750970640.307753 -0.355679 -0.011397 0.476428 0.044626 0.179489 -0.008328 0.982712
1750970640.310737 -0.355679 -0.011397 0.476428 0.044626 0.179489 -0.008328 0.982712
1750970640.315737 -0.355679 -0.011397 0.476428 0.044626 0.179489 -0.008328 0.982712
1750970640.320738 -0.355679 -0.011397 0.476428 0.044626 0.179489 -0.008328 0.982712
1750970640.325738 -0.356491 -0.010330 0.491019 0.045697 0.173907 -0.009446 0.983656
1750970640.330739 -0.356491 -0.010330 0.491019 0.045697 0.173907 -0.009446 0.983656
1750970640.335740 -0.356491 -0.010330 0.491019 0.045697 0.173907 -0.009446 0.983656
1750970640.340740 -0.356491 -0.010330 0.491019 0.045697 0.173907 -0.009446 0.983656
1750970640.345741 -0.356491 -0.010330 0.491019 0.045697 0.173907 -0.009446 0.983656
1750970640.350742 -0.356491 -0.010330 0.491019 0.045697 0.173907 -0.009446 0.983656
1750970640.355742 -0.356491 -0.010330 0.491019 0.045697 0.173907 -0.009446 0.983656
1750970640.360743 -0.355946 -0.010816 0.504093 0.047471 0.168061 -0.010132 0.984581
1750970640.365743 -0.355946 -0.010816 0.504093 0.047471 0.168061 -0.010132 0.984581
1750970640.370744 -0.355946 -0.010816 0.504093 0.047471 0.168061 -0.010132 0.984581
1750970640.375745 -0.355946 -0.010816 0.504093 0.047471 0.168061 -0.010132 0.984581
1750970640.380746 -0.355946 -0.010816 0.504093 0.047471 0.168061 -0.010132 0.984581
1750970640.385746 -0.355946 -0.010816 0.504093 0.047471 0.168061 -0.010132 0.984581
1750970640.390747 -0.355946 -0.010816 0.504093 0.047471 0.168061 -0.010132 0.984581
1750970640.395748 -0.352054 -0.009450 0.516349 0.048838 0.162277 -0.011520 0.985469
1750970640.400748 -0.352054 -0.009450 0.516349 0.048838 0.162277 -0.011520 0.985469
1750970640.405748 -0.352054 -0.009450 0.516349 0.048838 0.162277 -0.011520 0.985469
1750970640.410750 -0.352054 -0.009450 0.516349 0.048838 0.162277 -0.011520 0.985469
1750970640.415751 -0.352054 -0.009450 0.516349 0.048838 0.162277 -0.011520 0.985469
1750970640.420751 -0.352054 -0.009450 0.516349 0.048838 0.162277 -0.011520 0.985469
1750970640.425751 -0.361779 -0.007044 0.542922 0.050403 0.159741 -0.012829 0.985788
1750970640.430753 -0.361779 -0.007044 0.542922 0.050403 0.159741 -0.012829 0.985788
1750970640.435753 -0.361779 -0.007044 0.542922 0.050403 0.159741 -0.012829 0.985788
1750970640.440753 -0.361779 -0.007044 0.542922 0.050403 0.159741 -0.012829 0.985788
1750970640.441113 -0.361779 -0.007044 0.542922 0.050403 0.159741 -0.012829 0.985788
1750970640.445754 -0.361779 -0.007044 0.542922 0.050403 0.159741 -0.012829 0.985788
1750970640.450754 -0.361779 -0.007044 0.542922 0.050403 0.159741 -0.012829 0.985788
1750970640.455756 -0.361779 -0.007044 0.542922 0.050403 0.159741 -0.012829 0.985788
1750970640.460756 -0.356876 -0.000677 0.541458 0.054182 0.154789 -0.013592 0.986367
1750970640.465757 -0.356876 -0.000677 0.541458 0.054182 0.154789 -0.013592 0.986367
1750970640.470757 -0.356876 -0.000677 0.541458 0.054182 0.154789 -0.013592 0.986367
1750970640.475758 -0.356876 -0.000677 0.541458 0.054182 0.154789 -0.013592 0.986367
1750970640.480759 -0.356876 -0.000677 0.541458 0.054182 0.154789 -0.013592 0.986367
1750970640.485759 -0.356876 -0.000677 0.541458 0.054182 0.154789 -0.013592 0.986367
1750970640.490761 -0.356876 -0.000677 0.541458 0.054182 0.154789 -0.013592 0.986367
1750970640.495761 -0.358683 -0.000622 0.557527 0.055617 0.151151 -0.014311 0.986841
1750970640.500762 -0.358683 -0.000622 0.557527 0.055617 0.151151 -0.014311 0.986841
1750970640.505762 -0.358683 -0.000622 0.557527 0.055617 0.151151 -0.014311 0.986841
1750970640.510763 -0.358683 -0.000622 0.557527 0.055617 0.151151 -0.014311 0.986841
1750970640.515764 -0.358683 -0.000622 0.557527 0.055617 0.151151 -0.014311 0.986841
1750970640.520764 -0.358683 -0.000622 0.557527 0.055617 0.151151 -0.014311 0.986841
1750970640.525765 -0.360634 -0.000255 0.572160 0.055875 0.146794 -0.015361 0.987468
1750970640.530766 -0.360634 -0.000255 0.572160 0.055875 0.146794 -0.015361 0.987468
1750970640.535766 -0.360634 -0.000255 0.572160 0.055875 0.146794 -0.015361 0.987468
1750970640.540767 -0.360634 -0.000255 0.572160 0.055875 0.146794 -0.015361 0.987468
1750970640.545767 -0.360634 -0.000255 0.572160 0.055875 0.146794 -0.015361 0.987468
1750970640.550769 -0.360634 -0.000255 0.572160 0.055875 0.146794 -0.015361 0.987468
1750970640.555769 -0.360634 -0.000255 0.572160 0.055875 0.146794 -0.015361 0.987468
1750970640.557803 -0.362866 0.001271 0.587952 0.055683 0.142268 -0.016052 0.988131
1750970640.560770 -0.362866 0.001271 0.587952 0.055683 0.142268 -0.016052 0.988131
1750970640.565770 -0.362866 0.001271 0.587952 0.055683 0.142268 -0.016052 0.988131
1750970640.570771 -0.362866 0.001271 0.587952 0.055683 0.142268 -0.016052 0.988131
1750970640.574473 -0.362866 0.001271 0.587952 0.055683 0.142268 -0.016052 0.988131
1750970640.575772 -0.362866 0.001271 0.587952 0.055683 0.142268 -0.016052 0.988131
1750970640.580772 -0.362866 0.001271 0.587952 0.055683 0.142268 -0.016052 0.988131
1750970640.585773 -0.362866 0.001271 0.587952 0.055683 0.142268 -0.016052 0.988131
1750970640.590773 -0.362866 0.001271 0.587952 0.055683 0.142268 -0.016052 0.988131
1750970640.595774 -0.360312 0.003627 0.597024 0.055304 0.138015 -0.015267 0.988767
1750970640.600775 -0.360312 0.003627 0.597024 0.055304 0.138015 -0.015267 0.988767
1750970640.605775 -0.360312 0.003627 0.597024 0.055304 0.138015 -0.015267 0.988767
1750970640.610777 -0.360312 0.003627 0.597024 0.055304 0.138015 -0.015267 0.988767
1750970640.615777 -0.360312 0.003627 0.597024 0.055304 0.138015 -0.015267 0.988767
1750970640.620777 -0.360312 0.003627 0.597024 0.055304 0.138015 -0.015267 0.988767
1750970640.625778 -0.361586 0.003873 0.614550 0.053971 0.135114 -0.014393 0.989254
1750970640.630778 -0.361586 0.003873 0.614550 0.053971 0.135114 -0.014393 0.989254
1750970640.635780 -0.361586 0.003873 0.614550 0.053971 0.135114 -0.014393 0.989254
1750970640.640780 -0.361586 0.003873 0.614550 0.053971 0.135114 -0.014393 0.989254
1750970640.645781 -0.361586 0.003873 0.614550 0.053971 0.135114 -0.014393 0.989254
1750970640.650782 -0.361586 0.003873 0.614550 0.053971 0.135114 -0.014393 0.989254
1750970640.655782 -0.361586 0.003873 0.614550 0.053971 0.135114 -0.014393 0.989254
1750970640.660783 -0.363598 0.004624 0.630665 0.052836 0.132977 -0.013704 0.989615
1750970640.665783 -0.363598 0.004624 0.630665 0.052836 0.132977 -0.013704 0.989615
1750970640.670784 -0.363598 0.004624 0.630665 0.052836 0.132977 -0.013704 0.989615
1750970640.675785 -0.363598 0.004624 0.630665 0.052836 0.132977 -0.013704 0.989615
1750970640.680785 -0.363598 0.004624 0.630665 0.052836 0.132977 -0.013704 0.989615
1750970640.685786 -0.363598 0.004624 0.630665 0.052836 0.132977 -0.013704 0.989615
1750970640.690787 -0.363598 0.004624 0.630665 0.052836 0.132977 -0.013704 0.989615
1750970640.695787 -0.366463 0.005547 0.645427 0.052407 0.130769 -0.013294 0.989938
1750970640.700788 -0.366463 0.005547 0.645427 0.052407 0.130769 -0.013294 0.989938
1750970640.705788 -0.366463 0.005547 0.645427 0.052407 0.130769 -0.013294 0.989938
1750970640.707833 -0.366463 0.005547 0.645427 0.052407 0.130769 -0.013294 0.989938
1750970640.710790 -0.366463 0.005547 0.645427 0.052407 0.130769 -0.013294 0.989938
1750970640.715790 -0.366463 0.005547 0.645427 0.052407 0.130769 -0.013294 0.989938
1750970640.720790 -0.366463 0.005547 0.645427 0.052407 0.130769 -0.013294 0.989938
1750970640.725791 -0.367829 0.002446 0.665147 0.052211 0.127656 -0.012847 0.990360
1750970640.730792 -0.367829 0.002446 0.665147 0.052211 0.127656 -0.012847 0.990360
1750970640.735792 -0.367829 0.002446 0.665147 0.052211 0.127656 -0.012847 0.990360
1750970640.740793 -0.367829 0.002446 0.665147 0.052211 0.127656 -0.012847 0.990360
1750970640.745793 -0.367829 0.002446 0.665147 0.052211 0.127656 -0.012847 0.990360
1750970640.750794 -0.367829 0.002446 0.665147 0.052211 0.127656 -0.012847 0.990360
1750970640.755795 -0.367829 0.002446 0.665147 0.052211 0.127656 -0.012847 0.990360
1750970640.760795 -0.371131 0.002519 0.679855 0.052747 0.123843 -0.013358 0.990809
1750970640.765795 -0.371131 0.002519 0.679855 0.052747 0.123843 -0.013358 0.990809
1750970640.770796 -0.371131 0.002519 0.679855 0.052747 0.123843 -0.013358 0.990809
1750970640.775797 -0.371131 0.002519 0.679855 0.052747 0.123843 -0.013358 0.990809
1750970640.780798 -0.371131 0.002519 0.679855 0.052747 0.123843 -0.013358 0.990809
1750970640.785798 -0.371131 0.002519 0.679855 0.052747 0.123843 -0.013358 0.990809
1750970640.790800 -0.371131 0.002519 0.679855 0.052747 0.123843 -0.013358 0.990809
1750970640.795800 -0.365689 0.008605 0.671052 0.053224 0.118500 -0.013299 0.991437
1750970640.800800 -0.365689 0.008605 0.671052 0.053224 0.118500 -0.013299 0.991437
1750970640.805801 -0.365689 0.008605 0.671052 0.053224 0.118500 -0.013299 0.991437
1750970640.810802 -0.365689 0.008605 0.671052 0.053224 0.118500 -0.013299 0.991437
1750970640.815802 -0.365689 0.008605 0.671052 0.053224 0.118500 -0.013299 0.991437
1750970640.820803 -0.365689 0.008605 0.671052 0.053224 0.118500 -0.013299 0.991437
1750970640.825803 -0.368534 0.008051 0.682932 0.051758 0.114912 -0.013740 0.991931
1750970640.830805 -0.368534 0.008051 0.682932 0.051758 0.114912 -0.013740 0.991931
1750970640.835805 -0.368534 0.008051 0.682932 0.051758 0.114912 -0.013740 0.991931
1750970640.840805 -0.368534 0.008051 0.682932 0.051758 0.114912 -0.013740 0.991931
1750970640.841192 -0.368534 0.008051 0.682932 0.051758 0.114912 -0.013740 0.991931
1750970640.845806 -0.368534 0.008051 0.682932 0.051758 0.114912 -0.013740 0.991931
1750970640.850806 -0.368534 0.008051 0.682932 0.051758 0.114912 -0.013740 0.991931
1750970640.855808 -0.368534 0.008051 0.682932 0.051758 0.114912 -0.013740 0.991931
1750970640.860808 -0.372655 0.008468 0.696369 0.051042 0.110809 -0.014784 0.992420
1750970640.865808 -0.372655 0.008468 0.696369 0.051042 0.110809 -0.014784 0.992420
1750970640.870810 -0.372655 0.008468 0.696369 0.051042 0.110809 -0.014784 0.992420
1750970640.875810 -0.372655 0.008468 0.696369 0.051042 0.110809 -0.014784 0.992420
1750970640.880810 -0.372655 0.008468 0.696369 0.051042 0.110809 -0.014784 0.992420
1750970640.885811 -0.372655 0.008468 0.696369 0.051042 0.110809 -0.014784 0.992420
1750970640.890811 -0.372655 0.008468 0.696369 0.051042 0.110809 -0.014784 0.992420
1750970640.895813 -0.377063 0.008455 0.709272 0.050535 0.105242 -0.015775 0.993037
1750970640.900813 -0.377063 0.008455 0.709272 0.050535 0.105242 -0.015775 0.993037
1750970640.905813 -0.377063 0.008455 0.709272 0.050535 0.105242 -0.015775 0.993037
1750970640.910815 -0.377063 0.008455 0.709272 0.050535 0.105242 -0.015775 0.993037
1750970640.915815 -0.377063 0.008455 0.709272 0.050535 0.105242 -0.015775 0.993037
1750970640.920815 -0.377063 0.008455 0.709272 0.050535 0.105242 -0.015775 0.993037
1750970640.925816 -0.381726 0.008505 0.729642 0.050452 0.099920 -0.016648 0.993576
1750970640.930816 -0.381726 0.008505 0.729642 0.050452 0.099920 -0.016648 0.993576
1750970640.935818 -0.381726 0.008505 0.729642 0.050452 0.099920 -0.016648 0.993576
1750970640.940818 -0.381726 0.008505 0.729642 0.050452 0.099920 -0.016648 0.993576
1750970640.945818 -0.381726 0.008505 0.729642 0.050452 0.099920 -0.016648 0.993576
1750970640.950820 -0.381726 0.008505 0.729642 0.050452 0.099920 -0.016648 0.993576
1750970640.955820 -0.381726 0.008505 0.729642 0.050452 0.099920 -0.016648 0.993576
1750970640.960820 -0.385218 0.008320 0.742031 0.050340 0.094309 -0.017672 0.994112
1750970640.965821 -0.385218 0.008320 0.742031 0.050340 0.094309 -0.017672 0.994112
1750970640.970822 -0.385218 0.008320 0.742031 0.050340 0.094309 -0.017672 0.994112
1750970640.974551 -0.385218 0.008320 0.742031 0.050340 0.094309 -0.017672 0.994112
1750970640.975823 -0.385218 0.008320 0.742031 0.050340 0.094309 -0.017672 0.994112
1750970640.980823 -0.385218 0.008320 0.742031 0.050340 0.094309 -0.017672 0.994112
1750970640.985823 -0.385218 0.008320 0.742031 0.050340 0.094309 -0.017672 0.994112
1750970640.990825 -0.385218 0.008320 0.742031 0.050340 0.094309 -0.017672 0.994112
1750970640.995825 -0.388544 0.008586 0.754196 0.050038 0.088382 -0.018867 0.994650
1750970641.000825 -0.388544 0.008586 0.754196 0.050038 0.088382 -0.018867 0.994650
1750970641.005826 -0.388544 0.008586 0.754196 0.050038 0.088382 -0.018867 0.994650
1750970641.010828 -0.388544 0.008586 0.754196 0.050038 0.088382 -0.018867 0.994650
1750970641.015828 -0.388544 0.008586 0.754196 0.050038 0.088382 -0.018867 0.994650
1750970641.020828 -0.388544 0.008586 0.754196 0.050038 0.088382 -0.018867 0.994650
1750970641.025828 -0.391487 0.009027 0.765789 0.050386 0.081759 -0.019920 0.995178
1750970641.030830 -0.391487 0.009027 0.765789 0.050386 0.081759 -0.019920 0.995178
1750970641.035830 -0.391487 0.009027 0.765789 0.050386 0.081759 -0.019920 0.995178
1750970641.040830 -0.391487 0.009027 0.765789 0.050386 0.081759 -0.019920 0.995178
1750970641.045831 -0.391487 0.009027 0.765789 0.050386 0.081759 -0.019920 0.995178
1750970641.050832 -0.391487 0.009027 0.765789 0.050386 0.081759 -0.019920 0.995178
1750970641.055833 -0.391487 0.009027 0.765789 0.050386 0.081759 -0.019920 0.995178
1750970641.060833 -0.393547 0.009383 0.776958 0.051806 0.074437 -0.020216 0.995674
1750970641.065834 -0.393547 0.009383 0.776958 0.051806 0.074437 -0.020216 0.995674
1750970641.070835 -0.393547 0.009383 0.776958 0.051806 0.074437 -0.020216 0.995674
1750970641.075835 -0.393547 0.009383 0.776958 0.051806 0.074437 -0.020216 0.995674
1750970641.080836 -0.393547 0.009383 0.776958 0.051806 0.074437 -0.020216 0.995674
1750970641.085836 -0.393547 0.009383 0.776958 0.051806 0.074437 -0.020216 0.995674
1750970641.090837 -0.393547 0.009383 0.776958 0.051806 0.074437 -0.020216 0.995674
1750970641.095838 -0.393907 0.010039 0.787486 0.053242 0.066399 -0.020262 0.996166
1750970641.100838 -0.393907 0.010039 0.787486 0.053242 0.066399 -0.020262 0.996166
1750970641.105840 -0.393907 0.010039 0.787486 0.053242 0.066399 -0.020262 0.996166
1750970641.107911 -0.393907 0.010039 0.787486 0.053242 0.066399 -0.020262 0.996166
1750970641.110840 -0.393907 0.010039 0.787486 0.053242 0.066399 -0.020262 0.996166
1750970641.115840 -0.393907 0.010039 0.787486 0.053242 0.066399 -0.020262 0.996166
1750970641.120841 -0.393907 0.010039 0.787486 0.053242 0.066399 -0.020262 0.996166
1750970641.125841 -0.393157 0.012570 0.799195 0.053334 0.057270 -0.020440 0.996724
1750970641.130843 -0.393157 0.012570 0.799195 0.053334 0.057270 -0.020440 0.996724
1750970641.135843 -0.393157 0.012570 0.799195 0.053334 0.057270 -0.020440 0.996724
1750970641.140843 -0.393157 0.012570 0.799195 0.053334 0.057270 -0.020440 0.996724
1750970641.145844 -0.393157 0.012570 0.799195 0.053334 0.057270 -0.020440 0.996724
1750970641.150845 -0.393157 0.012570 0.799195 0.053334 0.057270 -0.020440 0.996724
1750970641.155845 -0.393157 0.012570 0.799195 0.053334 0.057270 -0.020440 0.996724
1750970641.160846 -0.392301 0.014940 0.811076 0.053046 0.047788 -0.020651 0.997234
1750970641.165846 -0.392301 0.014940 0.811076 0.053046 0.047788 -0.020651 0.997234
1750970641.170847 -0.392301 0.014940 0.811076 0.053046 0.047788 -0.020651 0.997234
1750970641.175848 -0.392301 0.014940 0.811076 0.053046 0.047788 -0.020651 0.997234
1750970641.180848 -0.392301 0.014940 0.811076 0.053046 0.047788 -0.020651 0.997234
1750970641.185848 -0.392301 0.014940 0.811076 0.053046 0.047788 -0.020651 0.997234
1750970641.190850 -0.392301 0.014940 0.811076 0.053046 0.047788 -0.020651 0.997234
1750970641.195850 -0.390484 0.018172 0.823888 0.051682 0.037327 -0.020681 0.997752
1750970641.200851 -0.390484 0.018172 0.823888 0.051682 0.037327 -0.020681 0.997752
1750970641.205851 -0.390484 0.018172 0.823888 0.051682 0.037327 -0.020681 0.997752
1750970641.210853 -0.390484 0.018172 0.823888 0.051682 0.037327 -0.020681 0.997752
1750970641.215853 -0.390484 0.018172 0.823888 0.051682 0.037327 -0.020681 0.997752
1750970641.220853 -0.390484 0.018172 0.823888 0.051682 0.037327 -0.020681 0.997752
1750970641.224599 -0.389584 0.021814 0.836868 0.049969 0.026467 -0.020131 0.998197
1750970641.225854 -0.389584 0.021814 0.836868 0.049969 0.026467 -0.020131 0.998197
1750970641.230855 -0.389584 0.021814 0.836868 0.049969 0.026467 -0.020131 0.998197
1750970641.235855 -0.389584 0.021814 0.836868 0.049969 0.026467 -0.020131 0.998197
1750970641.240856 -0.389584 0.021814 0.836868 0.049969 0.026467 -0.020131 0.998197
1750970641.241269 -0.389584 0.021814 0.836868 0.049969 0.026467 -0.020131 0.998197
1750970641.245856 -0.389584 0.021814 0.836868 0.049969 0.026467 -0.020131 0.998197
1750970641.250858 -0.389584 0.021814 0.836868 0.049969 0.026467 -0.020131 0.998197
1750970641.255858 -0.389584 0.021814 0.836868 0.049969 0.026467 -0.020131 0.998197
1750970641.260858 -0.387905 0.025826 0.851731 0.048294 0.015111 -0.019554 0.998527
1750970641.265859 -0.387905 0.025826 0.851731 0.048294 0.015111 -0.019554 0.998527
1750970641.270860 -0.387905 0.025826 0.851731 0.048294 0.015111 -0.019554 0.998527
1750970641.275861 -0.387905 0.025826 0.851731 0.048294 0.015111 -0.019554 0.998527
1750970641.280861 -0.387905 0.025826 0.851731 0.048294 0.015111 -0.019554 0.998527
1750970641.285862 -0.387905 0.025826 0.851731 0.048294 0.015111 -0.019554 0.998527
1750970641.290863 -0.387905 0.025826 0.851731 0.048294 0.015111 -0.019554 0.998527
1750970641.295863 -0.375794 0.024256 0.842718 0.047387 0.002922 -0.017364 0.998721
1750970641.300864 -0.375794 0.024256 0.842718 0.047387 0.002922 -0.017364 0.998721
1750970641.305865 -0.375794 0.024256 0.842718 0.047387 0.002922 -0.017364 0.998721
1750970641.310865 -0.375794 0.024256 0.842718 0.047387 0.002922 -0.017364 0.998721
1750970641.315866 -0.375794 0.024256 0.842718 0.047387 0.002922 -0.017364 0.998721
1750970641.320866 -0.375794 0.024256 0.842718 0.047387 0.002922 -0.017364 0.998721
1750970641.325867 -0.382274 0.032799 0.880387 0.047908 -0.007824 -0.015670 0.998698
1750970641.330868 -0.382274 0.032799 0.880387 0.047908 -0.007824 -0.015670 0.998698
1750970641.335868 -0.382274 0.032799 0.880387 0.047908 -0.007824 -0.015670 0.998698
1750970641.340868 -0.382274 0.032799 0.880387 0.047908 -0.007824 -0.015670 0.998698
1750970641.345869 -0.382274 0.032799 0.880387 0.047908 -0.007824 -0.015670 0.998698
1750970641.350870 -0.382274 0.032799 0.880387 0.047908 -0.007824 -0.015670 0.998698
1750970641.355871 -0.382274 0.032799 0.880387 0.047908 -0.007824 -0.015670 0.998698
1750970641.360871 -0.378834 0.034562 0.896118 0.048268 -0.019273 -0.011924 0.998577
1750970641.365872 -0.378834 0.034562 0.896118 0.048268 -0.019273 -0.011924 0.998577
1750970641.370873 -0.378834 0.034562 0.896118 0.048268 -0.019273 -0.011924 0.998577
1750970641.374629 -0.378834 0.034562 0.896118 0.048268 -0.019273 -0.011924 0.998577
1750970641.375873 -0.378834 0.034562 0.896118 0.048268 -0.019273 -0.011924 0.998577
1750970641.380873 -0.378834 0.034562 0.896118 0.048268 -0.019273 -0.011924 0.998577
1750970641.385875 -0.378834 0.034562 0.896118 0.048268 -0.019273 -0.011924 0.998577
1750970641.390875 -0.378834 0.034562 0.896118 0.048268 -0.019273 -0.011924 0.998577
1750970641.395876 -0.373835 0.034686 0.911662 0.048844 -0.030235 -0.006907 0.998325
1750970641.400876 -0.373835 0.034686 0.911662 0.048844 -0.030235 -0.006907 0.998325
1750970641.405878 -0.373835 0.034686 0.911662 0.048844 -0.030235 -0.006907 0.998325
1750970641.410878 -0.373835 0.034686 0.911662 0.048844 -0.030235 -0.006907 0.998325
1750970641.415878 -0.373835 0.034686 0.911662 0.048844 -0.030235 -0.006907 0.998325
1750970641.420879 -0.373835 0.034686 0.911662 0.048844 -0.030235 -0.006907 0.998325
1750970641.425880 -0.373403 0.026160 0.897459 0.049129 -0.038300 0.000068 0.998058
1750970641.430880 -0.373403 0.026160 0.897459 0.049129 -0.038300 0.000068 0.998058
1750970641.435881 -0.373403 0.026160 0.897459 0.049129 -0.038300 0.000068 0.998058
1750970641.440881 -0.373403 0.026160 0.897459 0.049129 -0.038300 0.000068 0.998058
1750970641.445883 -0.373403 0.026160 0.897459 0.049129 -0.038300 0.000068 0.998058
1750970641.450883 -0.373403 0.026160 0.897459 0.049129 -0.038300 0.000068 0.998058
1750970641.455883 -0.373403 0.026160 0.897459 0.049129 -0.038300 0.000068 0.998058
1750970641.460883 -0.373403 0.026160 0.897459 0.049129 -0.038300 0.000068 0.998058
1750970641.465885 -0.373403 0.026160 0.897459 0.049129 -0.038300 0.000068 0.998058
1750970641.470885 -0.373403 0.026160 0.897459 0.049129 -0.038300 0.000068 0.998058
1750970641.475886 -0.373403 0.026160 0.897459 0.049129 -0.038300 0.000068 0.998058
1750970641.480886 -0.373403 0.026160 0.897459 0.049129 -0.038300 0.000068 0.998058
1750970641.485887 -0.373403 0.026160 0.897459 0.049129 -0.038300 0.000068 0.998058
1750970641.490888 -0.373403 0.026160 0.897459 0.049129 -0.038300 0.000068 0.998058
1750970641.495888 -0.364145 0.026799 0.929889 0.047564 -0.055779 0.012660 0.997229
1750970641.500889 -0.364145 0.026799 0.929889 0.047564 -0.055779 0.012660 0.997229
1750970641.505890 -0.364145 0.026799 0.929889 0.047564 -0.055779 0.012660 0.997229
1750970641.510890 -0.364145 0.026799 0.929889 0.047564 -0.055779 0.012660 0.997229
1750970641.515891 -0.364145 0.026799 0.929889 0.047564 -0.055779 0.012660 0.997229
1750970641.520891 -0.364145 0.026799 0.929889 0.047564 -0.055779 0.012660 0.997229
1750970641.525892 -0.363352 0.025726 0.946051 0.046111 -0.063810 0.017828 0.996737
1750970641.530893 -0.363352 0.025726 0.946051 0.046111 -0.063810 0.017828 0.996737
1750970641.535893 -0.363352 0.025726 0.946051 0.046111 -0.063810 0.017828 0.996737
1750970641.540894 -0.363352 0.025726 0.946051 0.046111 -0.063810 0.017828 0.996737
1750970641.541328 -0.363352 0.025726 0.946051 0.046111 -0.063810 0.017828 0.996737
1750970641.545894 -0.363352 0.025726 0.946051 0.046111 -0.063810 0.017828 0.996737
1750970641.550896 -0.363352 0.025726 0.946051 0.046111 -0.063810 0.017828 0.996737
1750970641.555896 -0.363352 0.025726 0.946051 0.046111 -0.063810 0.017828 0.996737
1750970641.560896 -0.355404 0.024045 0.960341 0.044446 -0.073191 0.022054 0.996083
1750970641.565897 -0.355404 0.024045 0.960341 0.044446 -0.073191 0.022054 0.996083
1750970641.570898 -0.355404 0.024045 0.960341 0.044446 -0.073191 0.022054 0.996083
1750970641.575898 -0.355404 0.024045 0.960341 0.044446 -0.073191 0.022054 0.996083
1750970641.580899 -0.355404 0.024045 0.960341 0.044446 -0.073191 0.022054 0.996083
1750970641.585899 -0.355404 0.024045 0.960341 0.044446 -0.073191 0.022054 0.996083
1750970641.590901 -0.355404 0.024045 0.960341 0.044446 -0.073191 0.022054 0.996083
1750970641.595901 -0.355404 0.024045 0.960341 0.044446 -0.073191 0.022054 0.996083
1750970641.600901 -0.355404 0.024045 0.960341 0.044446 -0.073191 0.022054 0.996083
1750970641.605903 -0.355404 0.024045 0.960341 0.044446 -0.073191 0.022054 0.996083
1750970641.610903 -0.355404 0.024045 0.960341 0.044446 -0.073191 0.022054 0.996083
1750970641.615903 -0.355404 0.024045 0.960341 0.044446 -0.073191 0.022054 0.996083
1750970641.620904 -0.355404 0.024045 0.960341 0.044446 -0.073191 0.022054 0.996083
1750970641.625905 -0.349318 0.025990 0.991609 0.043681 -0.089903 0.028149 0.994594
1750970641.630906 -0.349318 0.025990 0.991609 0.043681 -0.089903 0.028149 0.994594
1750970641.635906 -0.349318 0.025990 0.991609 0.043681 -0.089903 0.028149 0.994594
1750970641.640907 -0.349318 0.025990 0.991609 0.043681 -0.089903 0.028149 0.994594
1750970641.645907 -0.349318 0.025990 0.991609 0.043681 -0.089903 0.028149 0.994594
1750970641.650908 -0.349318 0.025990 0.991609 0.043681 -0.089903 0.028149 0.994594
1750970641.655909 -0.349318 0.025990 0.991609 0.043681 -0.089903 0.028149 0.994594
1750970641.660909 -0.347813 0.025996 1.006949 0.043134 -0.098172 0.029803 0.993788
1750970641.665910 -0.347813 0.025996 1.006949 0.043134 -0.098172 0.029803 0.993788
1750970641.670911 -0.347813 0.025996 1.006949 0.043134 -0.098172 0.029803 0.993788
1750970641.675911 -0.347813 0.025996 1.006949 0.043134 -0.098172 0.029803 0.993788
1750970641.680923 -0.347813 0.025996 1.006949 0.043134 -0.098172 0.029803 0.993788
1750970641.685936 -0.347813 0.025996 1.006949 0.043134 -0.098172 0.029803 0.993788
1750970641.690948 -0.347813 0.025996 1.006949 0.043134 -0.098172 0.029803 0.993788
1750970641.695960 -0.347013 0.025804 1.021672 0.042769 -0.106644 0.030715 0.992902
1750970641.700972 -0.347013 0.025804 1.021672 0.042769 -0.106644 0.030715 0.992902
1750970641.705983 -0.347013 0.025804 1.021672 0.042769 -0.106644 0.030715 0.992902
1750970641.710996 -0.347013 0.025804 1.021672 0.042769 -0.106644 0.030715 0.992902
1750970641.716008 -0.347013 0.025804 1.021672 0.042769 -0.106644 0.030715 0.992902
1750970641.721020 -0.347013 0.025804 1.021672 0.042769 -0.106644 0.030715 0.992902
1750970641.724809 -0.347013 0.025804 1.021672 0.042769 -0.106644 0.030715 0.992902
1750970641.726033 -0.347013 0.025804 1.021672 0.042769 -0.106644 0.030715 0.992902
1750970641.731045 -0.347013 0.025804 1.021672 0.042769 -0.106644 0.030715 0.992902
1750970641.736057 -0.347013 0.025804 1.021672 0.042769 -0.106644 0.030715 0.992902
1750970641.741069 -0.347013 0.025804 1.021672 0.042769 -0.106644 0.030715 0.992902
1750970641.746082 -0.347013 0.025804 1.021672 0.042769 -0.106644 0.030715 0.992902
1750970641.751094 -0.347013 0.025804 1.021672 0.042769 -0.106644 0.030715 0.992902
1750970641.756106 -0.347013 0.025804 1.021672 0.042769 -0.106644 0.030715 0.992902
1750970641.761118 -0.339449 0.026235 1.043341 0.042950 -0.126261 0.031468 0.990567
1750970641.766131 -0.339449 0.026235 1.043341 0.042950 -0.126261 0.031468 0.990567
1750970641.771143 -0.339449 0.026235 1.043341 0.042950 -0.126261 0.031468 0.990567
1750970641.776155 -0.339449 0.026235 1.043341 0.042950 -0.126261 0.031468 0.990567
1750970641.781167 -0.339449 0.026235 1.043341 0.042950 -0.126261 0.031468 0.990567
1750970641.786180 -0.339449 0.026235 1.043341 0.042950 -0.126261 0.031468 0.990567
1750970641.791192 -0.339449 0.026235 1.043341 0.042950 -0.126261 0.031468 0.990567
1750970641.796204 -0.341070 0.025854 1.054901 0.043196 -0.136989 0.031598 0.989126
1750970641.801216 -0.341070 0.025854 1.054901 0.043196 -0.136989 0.031598 0.989126
1750970641.806230 -0.341070 0.025854 1.054901 0.043196 -0.136989 0.031598 0.989126
1750970641.811242 -0.341070 0.025854 1.054901 0.043196 -0.136989 0.031598 0.989126
1750970641.816254 -0.341070 0.025854 1.054901 0.043196 -0.136989 0.031598 0.989126
1750970641.821266 -0.341070 0.025854 1.054901 0.043196 -0.136989 0.031598 0.989126
1750970641.826279 -0.343604 0.025860 1.065253 0.043267 -0.148363 0.031734 0.987476
1750970641.831291 -0.343604 0.025860 1.065253 0.043267 -0.148363 0.031734 0.987476
1750970641.836303 -0.343604 0.025860 1.065253 0.043267 -0.148363 0.031734 0.987476
1750970641.841316 -0.343604 0.025860 1.065253 0.043267 -0.148363 0.031734 0.987476
1750970641.846329 -0.343604 0.025860 1.065253 0.043267 -0.148363 0.031734 0.987476
1750970641.851341 -0.343604 0.025860 1.065253 0.043267 -0.148363 0.031734 0.987476
1750970641.856353 -0.343604 0.025860 1.065253 0.043267 -0.148363 0.031734 0.987476
1750970641.861366 -0.343604 0.025860 1.065253 0.043267 -0.148363 0.031734 0.987476
1750970641.866379 -0.343604 0.025860 1.065253 0.043267 -0.148363 0.031734 0.987476
1750970641.871391 -0.343604 0.025860 1.065253 0.043267 -0.148363 0.031734 0.987476
1750970641.876403 -0.343604 0.025860 1.065253 0.043267 -0.148363 0.031734 0.987476
1750970641.881415 -0.343604 0.025860 1.065253 0.043267 -0.148363 0.031734 0.987476
1750970641.886429 -0.343604 0.025860 1.065253 0.043267 -0.148363 0.031734 0.987476
1750970641.891441 -0.343604 0.025860 1.065253 0.043267 -0.148363 0.031734 0.987476
1750970641.896453 -0.353011 0.025451 1.084915 0.043159 -0.170028 0.032120 0.983970
1750970641.901466 -0.353011 0.025451 1.084915 0.043159 -0.170028 0.032120 0.983970
1750970641.906479 -0.353011 0.025451 1.084915 0.043159 -0.170028 0.032120 0.983970
1750970641.908609 -0.353011 0.025451 1.084915 0.043159 -0.170028 0.032120 0.983970
1750970641.911491 -0.353011 0.025451 1.084915 0.043159 -0.170028 0.032120 0.983970
1750970641.916504 -0.353011 0.025451 1.084915 0.043159 -0.170028 0.032120 0.983970
1750970641.921516 -0.353011 0.025451 1.084915 0.043159 -0.170028 0.032120 0.983970
1750970641.926530 -0.353393 0.026150 1.099227 0.041430 -0.181010 0.032119 0.982083
1750970641.931542 -0.353393 0.026150 1.099227 0.041430 -0.181010 0.032119 0.982083
1750970641.936554 -0.353393 0.026150 1.099227 0.041430 -0.181010 0.032119 0.982083
1750970641.941567 -0.353393 0.026150 1.099227 0.041430 -0.181010 0.032119 0.982083
1750970641.946580 -0.353393 0.026150 1.099227 0.041430 -0.181010 0.032119 0.982083
1750970641.951592 -0.353393 0.026150 1.099227 0.041430 -0.181010 0.032119 0.982083
1750970641.956605 -0.353393 0.026150 1.099227 0.041430 -0.181010 0.032119 0.982083
1750970641.961617 -0.358441 0.026265 1.109653 0.039119 -0.191331 0.032061 0.980222
1750970641.966631 -0.358441 0.026265 1.109653 0.039119 -0.191331 0.032061 0.980222
1750970641.971643 -0.358441 0.026265 1.109653 0.039119 -0.191331 0.032061 0.980222
1750970641.976656 -0.358441 0.026265 1.109653 0.039119 -0.191331 0.032061 0.980222
1750970641.981668 -0.358441 0.026265 1.109653 0.039119 -0.191331 0.032061 0.980222
1750970641.986682 -0.358441 0.026265 1.109653 0.039119 -0.191331 0.032061 0.980222
1750970641.991694 -0.358441 0.026265 1.109653 0.039119 -0.191331 0.032061 0.980222
1750970641.996707 -0.358441 0.026265 1.109653 0.039119 -0.191331 0.032061 0.980222
1750970642.001719 -0.358441 0.026265 1.109653 0.039119 -0.191331 0.032061 0.980222
1750970642.006733 -0.358441 0.026265 1.109653 0.039119 -0.191331 0.032061 0.980222
1750970642.011745 -0.358441 0.026265 1.109653 0.039119 -0.191331 0.032061 0.980222
1750970642.016758 -0.358441 0.026265 1.109653 0.039119 -0.191331 0.032061 0.980222
1750970642.021771 -0.358441 0.026265 1.109653 0.039119 -0.191331 0.032061 0.980222
1750970642.026784 -0.369818 0.024865 1.129741 0.033532 -0.211537 0.031413 0.976289
1750970642.031797 -0.369818 0.024865 1.129741 0.033532 -0.211537 0.031413 0.976289
1750970642.036809 -0.369818 0.024865 1.129741 0.033532 -0.211537 0.031413 0.976289
1750970642.041822 -0.369818 0.024865 1.129741 0.033532 -0.211537 0.031413 0.976289
1750970642.046836 -0.369818 0.024865 1.129741 0.033532 -0.211537 0.031413 0.976289
1750970642.051849 -0.369818 0.024865 1.129741 0.033532 -0.211537 0.031413 0.976289
1750970642.056861 -0.369818 0.024865 1.129741 0.033532 -0.211537 0.031413 0.976289
1750970642.059002 -0.377602 0.026291 1.138399 0.031999 -0.220635 0.031117 0.974335
1750970642.061874 -0.377602 0.026291 1.138399 0.031999 -0.220635 0.031117 0.974335
1750970642.066888 -0.377602 0.026291 1.138399 0.031999 -0.220635 0.031117 0.974335
1750970642.071900 -0.377602 0.026291 1.138399 0.031999 -0.220635 0.031117 0.974335
1750970642.075713 -0.377602 0.026291 1.138399 0.031999 -0.220635 0.031117 0.974335
1750970642.076913 -0.377602 0.026291 1.138399 0.031999 -0.220635 0.031117 0.974335
1750970642.081926 -0.377602 0.026291 1.138399 0.031999 -0.220635 0.031117 0.974335
1750970642.086939 -0.377602 0.026291 1.138399 0.031999 -0.220635 0.031117 0.974335
1750970642.091952 -0.377602 0.026291 1.138399 0.031999 -0.220635 0.031117 0.974335
1750970642.096965 -0.386278 0.031470 1.145668 0.031523 -0.228437 0.030934 0.972557
1750970642.101978 -0.386278 0.031470 1.145668 0.031523 -0.228437 0.030934 0.972557
1750970642.106991 -0.386278 0.031470 1.145668 0.031523 -0.228437 0.030934 0.972557
1750970642.112004 -0.386278 0.031470 1.145668 0.031523 -0.228437 0.030934 0.972557
1750970642.117017 -0.386278 0.031470 1.145668 0.031523 -0.228437 0.030934 0.972557
1750970642.122031 -0.386278 0.031470 1.145668 0.031523 -0.228437 0.030934 0.972557
1750970642.127043 -0.386278 0.031470 1.145668 0.031523 -0.228437 0.030934 0.972557
1750970642.132056 -0.386278 0.031470 1.145668 0.031523 -0.228437 0.030934 0.972557
1750970642.137069 -0.386278 0.031470 1.145668 0.031523 -0.228437 0.030934 0.972557
1750970642.142083 -0.386278 0.031470 1.145668 0.031523 -0.228437 0.030934 0.972557
1750970642.147096 -0.386278 0.031470 1.145668 0.031523 -0.228437 0.030934 0.972557
1750970642.152109 -0.386278 0.031470 1.145668 0.031523 -0.228437 0.030934 0.972557
1750970642.157122 -0.386278 0.031470 1.145668 0.031523 -0.228437 0.030934 0.972557
1750970642.162135 -0.402604 0.032729 1.160709 0.030868 -0.242683 0.030337 0.969140
1750970642.167149 -0.402604 0.032729 1.160709 0.030868 -0.242683 0.030337 0.969140
1750970642.172162 -0.402604 0.032729 1.160709 0.030868 -0.242683 0.030337 0.969140
1750970642.177175 -0.402604 0.032729 1.160709 0.030868 -0.242683 0.030337 0.969140
1750970642.182189 -0.402604 0.032729 1.160709 0.030868 -0.242683 0.030337 0.969140
1750970642.187201 -0.402604 0.032729 1.160709 0.030868 -0.242683 0.030337 0.969140
1750970642.192214 -0.402604 0.032729 1.160709 0.030868 -0.242683 0.030337 0.969140
1750970642.197227 -0.411685 0.034026 1.167462 0.030803 -0.248775 0.030818 0.967581
1750970642.202240 -0.411685 0.034026 1.167462 0.030803 -0.248775 0.030818 0.967581
1750970642.207254 -0.411685 0.034026 1.167462 0.030803 -0.248775 0.030818 0.967581
1750970642.212268 -0.411685 0.034026 1.167462 0.030803 -0.248775 0.030818 0.967581
1750970642.217281 -0.411685 0.034026 1.167462 0.030803 -0.248775 0.030818 0.967581
1750970642.222294 -0.411685 0.034026 1.167462 0.030803 -0.248775 0.030818 0.967581
1750970642.227308 -0.421536 0.035494 1.174299 0.030465 -0.254025 0.030900 0.966224
1750970642.232321 -0.421536 0.035494 1.174299 0.030465 -0.254025 0.030900 0.966224
1750970642.237334 -0.421536 0.035494 1.174299 0.030465 -0.254025 0.030900 0.966224
1750970642.242348 -0.421536 0.035494 1.174299 0.030465 -0.254025 0.030900 0.966224
1750970642.247361 -0.421536 0.035494 1.174299 0.030465 -0.254025 0.030900 0.966224
1750970642.252374 -0.421536 0.035494 1.174299 0.030465 -0.254025 0.030900 0.966224
1750970642.257387 -0.421536 0.035494 1.174299 0.030465 -0.254025 0.030900 0.966224
1750970642.259542 -0.421536 0.035494 1.174299 0.030465 -0.254025 0.030900 0.966224
1750970642.262401 -0.421536 0.035494 1.174299 0.030465 -0.254025 0.030900 0.966224
1750970642.267414 -0.421536 0.035494 1.174299 0.030465 -0.254025 0.030900 0.966224
1750970642.272428 -0.421536 0.035494 1.174299 0.030465 -0.254025 0.030900 0.966224
1750970642.277441 -0.421536 0.035494 1.174299 0.030465 -0.254025 0.030900 0.966224
1750970642.282454 -0.421536 0.035494 1.174299 0.030465 -0.254025 0.030900 0.966224
1750970642.287468 -0.421536 0.035494 1.174299 0.030465 -0.254025 0.030900 0.966224
1750970642.292481 -0.421536 0.035494 1.174299 0.030465 -0.254025 0.030900 0.966224
1750970642.297494 -0.443259 0.039188 1.191363 0.030880 -0.260921 0.029874 0.964404
1750970642.302508 -0.443259 0.039188 1.191363 0.030880 -0.260921 0.029874 0.964404
1750970642.307522 -0.443259 0.039188 1.191363 0.030880 -0.260921 0.029874 0.964404
1750970642.312535 -0.443259 0.039188 1.191363 0.030880 -0.260921 0.029874 0.964404
1750970642.317548 -0.443259 0.039188 1.191363 0.030880 -0.260921 0.029874 0.964404
1750970642.322562 -0.443259 0.039188 1.191363 0.030880 -0.260921 0.029874 0.964404
1750970642.327576 -0.451964 0.041970 1.197971 0.032241 -0.264111 0.027909 0.963549
1750970642.332589 -0.451964 0.041970 1.197971 0.032241 -0.264111 0.027909 0.963549
1750970642.337602 -0.451964 0.041970 1.197971 0.032241 -0.264111 0.027909 0.963549
1750970642.342616 -0.451964 0.041970 1.197971 0.032241 -0.264111 0.027909 0.963549
1750970642.347630 -0.451964 0.041970 1.197971 0.032241 -0.264111 0.027909 0.963549
1750970642.352643 -0.451964 0.041970 1.197971 0.032241 -0.264111 0.027909 0.963549
1750970642.357657 -0.451964 0.041970 1.197971 0.032241 -0.264111 0.027909 0.963549
1750970642.362671 -0.465994 0.043641 1.202379 0.034005 -0.266749 0.025977 0.962816
1750970642.367684 -0.465994 0.043641 1.202379 0.034005 -0.266749 0.025977 0.962816
1750970642.372698 -0.465994 0.043641 1.202379 0.034005 -0.266749 0.025977 0.962816
1750970642.377711 -0.465994 0.043641 1.202379 0.034005 -0.266749 0.025977 0.962816
1750970642.382726 -0.465994 0.043641 1.202379 0.034005 -0.266749 0.025977 0.962816
1750970642.387739 -0.465994 0.043641 1.202379 0.034005 -0.266749 0.025977 0.962816
1750970642.392752 -0.465994 0.043641 1.202379 0.034005 -0.266749 0.025977 0.962816
1750970642.397766 -0.478063 0.046437 1.206742 0.036931 -0.269374 0.024374 0.962018
1750970642.402780 -0.478063 0.046437 1.206742 0.036931 -0.269374 0.024374 0.962018
1750970642.407794 -0.478063 0.046437 1.206742 0.036931 -0.269374 0.024374 0.962018
1750970642.412807 -0.478063 0.046437 1.206742 0.036931 -0.269374 0.024374 0.962018
1750970642.417821 -0.478063 0.046437 1.206742 0.036931 -0.269374 0.024374 0.962018
1750970642.422835 -0.478063 0.046437 1.206742 0.036931 -0.269374 0.024374 0.962018
1750970642.426672 -0.478063 0.046437 1.206742 0.036931 -0.269374 0.024374 0.962018
1750970642.427848 -0.478063 0.046437 1.206742 0.036931 -0.269374 0.024374 0.962018
1750970642.432862 -0.478063 0.046437 1.206742 0.036931 -0.269374 0.024374 0.962018
1750970642.437876 -0.478063 0.046437 1.206742 0.036931 -0.269374 0.024374 0.962018
1750970642.442890 -0.478063 0.046437 1.206742 0.036931 -0.269374 0.024374 0.962018
1750970642.447903 -0.478063 0.046437 1.206742 0.036931 -0.269374 0.024374 0.962018
1750970642.452917 -0.478063 0.046437 1.206742 0.036931 -0.269374 0.024374 0.962018
1750970642.457931 -0.478063 0.046437 1.206742 0.036931 -0.269374 0.024374 0.962018
1750970642.462945 -0.505322 0.052117 1.215095 0.043043 -0.274039 0.020281 0.960541
1750970642.467959 -0.505322 0.052117 1.215095 0.043043 -0.274039 0.020281 0.960541
1750970642.472972 -0.505322 0.052117 1.215095 0.043043 -0.274039 0.020281 0.960541
1750970642.477986 -0.505322 0.052117 1.215095 0.043043 -0.274039 0.020281 0.960541
1750970642.483001 -0.505322 0.052117 1.215095 0.043043 -0.274039 0.020281 0.960541
1750970642.488014 -0.505322 0.052117 1.215095 0.043043 -0.274039 0.020281 0.960541
1750970642.493028 -0.505322 0.052117 1.215095 0.043043 -0.274039 0.020281 0.960541
1750970642.498042 -0.519479 0.051773 1.220578 0.046728 -0.275667 0.018585 0.959937
1750970642.503056 -0.519479 0.051773 1.220578 0.046728 -0.275667 0.018585 0.959937
1750970642.508070 -0.519479 0.051773 1.220578 0.046728 -0.275667 0.018585 0.959937
1750970642.513083 -0.519479 0.051773 1.220578 0.046728 -0.275667 0.018585 0.959937
1750970642.518097 -0.519479 0.051773 1.220578 0.046728 -0.275667 0.018585 0.959937
1750970642.523112 -0.519479 0.051773 1.220578 0.046728 -0.275667 0.018585 0.959937
1750970642.528126 -0.535152 0.053181 1.223490 0.050789 -0.277785 0.016862 0.959152
1750970642.533139 -0.535152 0.053181 1.223490 0.050789 -0.277785 0.016862 0.959152
1750970642.538153 -0.535152 0.053181 1.223490 0.050789 -0.277785 0.016862 0.959152
1750970642.543168 -0.535152 0.053181 1.223490 0.050789 -0.277785 0.016862 0.959152
1750970642.548182 -0.535152 0.053181 1.223490 0.050789 -0.277785 0.016862 0.959152
1750970642.553195 -0.535152 0.053181 1.223490 0.050789 -0.277785 0.016862 0.959152
1750970642.558209 -0.535152 0.053181 1.223490 0.050789 -0.277785 0.016862 0.959152
1750970642.563224 -0.535152 0.053181 1.223490 0.050789 -0.277785 0.016862 0.959152
1750970642.568238 -0.535152 0.053181 1.223490 0.050789 -0.277785 0.016862 0.959152
1750970642.573251 -0.535152 0.053181 1.223490 0.050789 -0.277785 0.016862 0.959152
1750970642.578265 -0.535152 0.053181 1.223490 0.050789 -0.277785 0.016862 0.959152
1750970642.583280 -0.535152 0.053181 1.223490 0.050789 -0.277785 0.016862 0.959152
1750970642.588294 -0.535152 0.053181 1.223490 0.050789 -0.277785 0.016862 0.959152
1750970642.593308 -0.535152 0.053181 1.223490 0.050789 -0.277785 0.016862 0.959152
1750970642.598322 -0.563095 0.055808 1.229272 0.058038 -0.284365 0.012005 0.956882
1750970642.603337 -0.563095 0.055808 1.229272 0.058038 -0.284365 0.012005 0.956882
1750970642.608351 -0.563095 0.055808 1.229272 0.058038 -0.284365 0.012005 0.956882
1750970642.610528 -0.563095 0.055808 1.229272 0.058038 -0.284365 0.012005 0.956882
1750970642.613364 -0.563095 0.055808 1.229272 0.058038 -0.284365 0.012005 0.956882
1750970642.618378 -0.563095 0.055808 1.229272 0.058038 -0.284365 0.012005 0.956882
1750970642.623393 -0.563095 0.055808 1.229272 0.058038 -0.284365 0.012005 0.956882
1750970642.628407 -0.576803 0.057174 1.232016 0.061240 -0.287724 0.010135 0.955700
1750970642.633421 -0.576803 0.057174 1.232016 0.061240 -0.287724 0.010135 0.955700
1750970642.638435 -0.576803 0.057174 1.232016 0.061240 -0.287724 0.010135 0.955700
1750970642.643450 -0.576803 0.057174 1.232016 0.061240 -0.287724 0.010135 0.955700
1750970642.648464 -0.576803 0.057174 1.232016 0.061240 -0.287724 0.010135 0.955700
1750970642.653478 -0.576803 0.057174 1.232016 0.061240 -0.287724 0.010135 0.955700
1750970642.658493 -0.576803 0.057174 1.232016 0.061240 -0.287724 0.010135 0.955700
1750970642.663507 -0.589856 0.058395 1.235742 0.062758 -0.291189 0.008155 0.954570
1750970642.668521 -0.589856 0.058395 1.235742 0.062758 -0.291189 0.008155 0.954570
1750970642.673535 -0.589856 0.058395 1.235742 0.062758 -0.291189 0.008155 0.954570
1750970642.678548 -0.589856 0.058395 1.235742 0.062758 -0.291189 0.008155 0.954570
1750970642.683549 -0.589856 0.058395 1.235742 0.062758 -0.291189 0.008155 0.954570
1750970642.688548 -0.589856 0.058395 1.235742 0.062758 -0.291189 0.008155 0.954570
1750970642.693547 -0.589856 0.058395 1.235742 0.062758 -0.291189 0.008155 0.954570
1750970642.698546 -0.589856 0.058395 1.235742 0.062758 -0.291189 0.008155 0.954570
1750970642.703547 -0.589856 0.058395 1.235742 0.062758 -0.291189 0.008155 0.954570
1750970642.708546 -0.589856 0.058395 1.235742 0.062758 -0.291189 0.008155 0.954570
1750970642.713545 -0.589856 0.058395 1.235742 0.062758 -0.291189 0.008155 0.954570
1750970642.718544 -0.589856 0.058395 1.235742 0.062758 -0.291189 0.008155 0.954570
1750970642.723544 -0.589856 0.058395 1.235742 0.062758 -0.291189 0.008155 0.954570
1750970642.728544 -0.608227 0.056038 1.244081 0.062719 -0.297841 0.005582 0.952537
1750970642.733543 -0.608227 0.056038 1.244081 0.062719 -0.297841 0.005582 0.952537
1750970642.738542 -0.608227 0.056038 1.244081 0.062719 -0.297841 0.005582 0.952537
1750970642.743542 -0.608227 0.056038 1.244081 0.062719 -0.297841 0.005582 0.952537
1750970642.748541 -0.608227 0.056038 1.244081 0.062719 -0.297841 0.005582 0.952537
1750970642.753541 -0.608227 0.056038 1.244081 0.062719 -0.297841 0.005582 0.952537
1750970642.758541 -0.608227 0.056038 1.244081 0.062719 -0.297841 0.005582 0.952537
1750970642.763540 -0.617633 0.058345 1.248855 0.062849 -0.301675 0.004049 0.951329
1750970642.768540 -0.617633 0.058345 1.248855 0.062849 -0.301675 0.004049 0.951329
1750970642.773539 -0.617633 0.058345 1.248855 0.062849 -0.301675 0.004049 0.951329
1750970642.777388 -0.617633 0.058345 1.248855 0.062849 -0.301675 0.004049 0.951329
1750970642.778539 -0.617633 0.058345 1.248855 0.062849 -0.301675 0.004049 0.951329
1750970642.783538 -0.617633 0.058345 1.248855 0.062849 -0.301675 0.004049 0.951329
1750970642.788537 -0.617633 0.058345 1.248855 0.062849 -0.301675 0.004049 0.951329
1750970642.793536 -0.617633 0.058345 1.248855 0.062849 -0.301675 0.004049 0.951329
1750970642.798537 -0.627556 0.060509 1.252887 0.063520 -0.305683 0.002858 0.950008
1750970642.803536 -0.627556 0.060509 1.252887 0.063520 -0.305683 0.002858 0.950008
1750970642.808535 -0.627556 0.060509 1.252887 0.063520 -0.305683 0.002858 0.950008
1750970642.813534 -0.627556 0.060509 1.252887 0.063520 -0.305683 0.002858 0.950008
1750970642.818534 -0.627556 0.060509 1.252887 0.063520 -0.305683 0.002858 0.950008
1750970642.823534 -0.627556 0.060509 1.252887 0.063520 -0.305683 0.002858 0.950008
1750970642.828533 -0.635923 0.061688 1.257524 0.064754 -0.309622 0.002754 0.948648
1750970642.833532 -0.635923 0.061688 1.257524 0.064754 -0.309622 0.002754 0.948648
1750970642.838532 -0.635923 0.061688 1.257524 0.064754 -0.309622 0.002754 0.948648
1750970642.843532 -0.635923 0.061688 1.257524 0.064754 -0.309622 0.002754 0.948648
1750970642.848531 -0.635923 0.061688 1.257524 0.064754 -0.309622 0.002754 0.948648
1750970642.853530 -0.635923 0.061688 1.257524 0.064754 -0.309622 0.002754 0.948648
1750970642.858529 -0.635923 0.061688 1.257524 0.064754 -0.309622 0.002754 0.948648
1750970642.863529 -0.635923 0.061688 1.257524 0.064754 -0.309622 0.002754 0.948648
1750970642.868528 -0.635923 0.061688 1.257524 0.064754 -0.309622 0.002754 0.948648
1750970642.873528 -0.635923 0.061688 1.257524 0.064754 -0.309622 0.002754 0.948648
1750970642.878527 -0.635923 0.061688 1.257524 0.064754 -0.309622 0.002754 0.948648
1750970642.883527 -0.635923 0.061688 1.257524 0.064754 -0.309622 0.002754 0.948648
1750970642.888526 -0.635923 0.061688 1.257524 0.064754 -0.309622 0.002754 0.948648
1750970642.893525 -0.635923 0.061688 1.257524 0.064754 -0.309622 0.002754 0.948648
1750970642.898525 -0.656037 0.060080 1.265127 0.063899 -0.317194 0.002126 0.946203
1750970642.903524 -0.656037 0.060080 1.265127 0.063899 -0.317194 0.002126 0.946203
1750970642.908524 -0.656037 0.060080 1.265127 0.063899 -0.317194 0.002126 0.946203
1750970642.913523 -0.656037 0.060080 1.265127 0.063899 -0.317194 0.002126 0.946203
1750970642.918523 -0.656037 0.060080 1.265127 0.063899 -0.317194 0.002126 0.946203
1750970642.923522 -0.656037 0.060080 1.265127 0.063899 -0.317194 0.002126 0.946203
1750970642.927382 -0.658929 0.060403 1.273486 0.062734 -0.321312 0.003020 0.944888
1750970642.928521 -0.658929 0.060403 1.273486 0.062734 -0.321312 0.003020 0.944888
1750970642.933520 -0.658929 0.060403 1.273486 0.062734 -0.321312 0.003020 0.944888
1750970642.938521 -0.658929 0.060403 1.273486 0.062734 -0.321312 0.003020 0.944888
1750970642.943520 -0.658929 0.060403 1.273486 0.062734 -0.321312 0.003020 0.944888
1750970642.948519 -0.658929 0.060403 1.273486 0.062734 -0.321312 0.003020 0.944888
1750970642.953518 -0.658929 0.060403 1.273486 0.062734 -0.321312 0.003020 0.944888
1750970642.958518 -0.658929 0.060403 1.273486 0.062734 -0.321312 0.003020 0.944888
1750970642.960713 -0.658929 0.060403 1.273486 0.062734 -0.321312 0.003020 0.944888
1750970642.963517 -0.658929 0.060403 1.273486 0.062734 -0.321312 0.003020 0.944888
1750970642.968517 -0.658929 0.060403 1.273486 0.062734 -0.321312 0.003020 0.944888
1750970642.973516 -0.658929 0.060403 1.273486 0.062734 -0.321312 0.003020 0.944888
1750970642.978516 -0.658929 0.060403 1.273486 0.062734 -0.321312 0.003020 0.944888
1750970642.983515 -0.658929 0.060403 1.273486 0.062734 -0.321312 0.003020 0.944888
1750970642.988514 -0.658929 0.060403 1.273486 0.062734 -0.321312 0.003020 0.944888
1750970642.993513 -0.658929 0.060403 1.273486 0.062734 -0.321312 0.003020 0.944888
1750970642.998513 -0.671475 0.062201 1.287076 0.062563 -0.328630 0.005804 0.942367
1750970643.003513 -0.671475 0.062201 1.287076 0.062563 -0.328630 0.005804 0.942367
1750970643.008512 -0.671475 0.062201 1.287076 0.062563 -0.328630 0.005804 0.942367
1750970643.013511 -0.671475 0.062201 1.287076 0.062563 -0.328630 0.005804 0.942367
1750970643.018511 -0.671475 0.062201 1.287076 0.062563 -0.328630 0.005804 0.942367
1750970643.023510 -0.671475 0.062201 1.287076 0.062563 -0.328630 0.005804 0.942367
1750970643.028509 -0.677181 0.064237 1.294078 0.061975 -0.332938 0.007078 0.940883
1750970643.033508 -0.677181 0.064237 1.294078 0.061975 -0.332938 0.007078 0.940883
1750970643.038509 -0.677181 0.064237 1.294078 0.061975 -0.332938 0.007078 0.940883
1750970643.043507 -0.677181 0.064237 1.294078 0.061975 -0.332938 0.007078 0.940883
1750970643.048507 -0.677181 0.064237 1.294078 0.061975 -0.332938 0.007078 0.940883
1750970643.053506 -0.677181 0.064237 1.294078 0.061975 -0.332938 0.007078 0.940883
1750970643.058506 -0.677181 0.064237 1.294078 0.061975 -0.332938 0.007078 0.940883
1750970643.063505 -0.677181 0.064237 1.294078 0.061975 -0.332938 0.007078 0.940883
1750970643.068504 -0.677181 0.064237 1.294078 0.061975 -0.332938 0.007078 0.940883
1750970643.073503 -0.677181 0.064237 1.294078 0.061975 -0.332938 0.007078 0.940883
1750970643.078503 -0.677181 0.064237 1.294078 0.061975 -0.332938 0.007078 0.940883
1750970643.083502 -0.677181 0.064237 1.294078 0.061975 -0.332938 0.007078 0.940883
1750970643.088502 -0.677181 0.064237 1.294078 0.061975 -0.332938 0.007078 0.940883
1750970643.093501 -0.677181 0.064237 1.294078 0.061975 -0.332938 0.007078 0.940883
1750970643.098500 -0.698057 0.064610 1.307903 0.060068 -0.340325 0.010310 0.938331
1750970643.103500 -0.698057 0.064610 1.307903 0.060068 -0.340325 0.010310 0.938331
1750970643.108499 -0.698057 0.064610 1.307903 0.060068 -0.340325 0.010310 0.938331
1750970643.113498 -0.698057 0.064610 1.307903 0.060068 -0.340325 0.010310 0.938331
1750970643.118498 -0.698057 0.064610 1.307903 0.060068 -0.340325 0.010310 0.938331
1750970643.123497 -0.698057 0.064610 1.307903 0.060068 -0.340325 0.010310 0.938331
1750970643.128496 -0.702464 0.061813 1.317616 0.057547 -0.344696 0.011867 0.936874
1750970643.133496 -0.702464 0.061813 1.317616 0.057547 -0.344696 0.011867 0.936874
1750970643.138495 -0.702464 0.061813 1.317616 0.057547 -0.344696 0.011867 0.936874
1750970643.143495 -0.702464 0.061813 1.317616 0.057547 -0.344696 0.011867 0.936874
1750970643.144036 -0.702464 0.061813 1.317616 0.057547 -0.344696 0.011867 0.936874
1750970643.148494 -0.702464 0.061813 1.317616 0.057547 -0.344696 0.011867 0.936874
1750970643.153493 -0.702464 0.061813 1.317616 0.057547 -0.344696 0.011867 0.936874
1750970643.158493 -0.702464 0.061813 1.317616 0.057547 -0.344696 0.011867 0.936874
1750970643.163492 -0.709165 0.063782 1.327871 0.054928 -0.349125 0.012984 0.935375
1750970643.168491 -0.709165 0.063782 1.327871 0.054928 -0.349125 0.012984 0.935375
1750970643.173491 -0.709165 0.063782 1.327871 0.054928 -0.349125 0.012984 0.935375
1750970643.178490 -0.709165 0.063782 1.327871 0.054928 -0.349125 0.012984 0.935375
1750970643.183490 -0.709165 0.063782 1.327871 0.054928 -0.349125 0.012984 0.935375
1750970643.188488 -0.709165 0.063782 1.327871 0.054928 -0.349125 0.012984 0.935375
1750970643.193488 -0.709165 0.063782 1.327871 0.054928 -0.349125 0.012984 0.935375
1750970643.198488 -0.709165 0.063782 1.327871 0.054928 -0.349125 0.012984 0.935375
1750970643.203487 -0.709165 0.063782 1.327871 0.054928 -0.349125 0.012984 0.935375
1750970643.208486 -0.709165 0.063782 1.327871 0.054928 -0.349125 0.012984 0.935375
1750970643.213486 -0.709165 0.063782 1.327871 0.054928 -0.349125 0.012984 0.935375
1750970643.218485 -0.709165 0.063782 1.327871 0.054928 -0.349125 0.012984 0.935375
1750970643.223484 -0.709165 0.063782 1.327871 0.054928 -0.349125 0.012984 0.935375
1750970643.228483 -0.723837 0.068360 1.348689 0.050452 -0.358744 0.015177 0.931948
1750970643.233483 -0.723837 0.068360 1.348689 0.050452 -0.358744 0.015177 0.931948
1750970643.238482 -0.723837 0.068360 1.348689 0.050452 -0.358744 0.015177 0.931948
1750970643.243481 -0.723837 0.068360 1.348689 0.050452 -0.358744 0.015177 0.931948
1750970643.248480 -0.723837 0.068360 1.348689 0.050452 -0.358744 0.015177 0.931948
1750970643.253479 -0.723837 0.068360 1.348689 0.050452 -0.358744 0.015177 0.931948
1750970643.258480 -0.723837 0.068360 1.348689 0.050452 -0.358744 0.015177 0.931948
1750970643.263479 -0.736740 0.074583 1.357430 0.049569 -0.363689 0.016561 0.930053
1750970643.268477 -0.736740 0.074583 1.357430 0.049569 -0.363689 0.016561 0.930053
1750970643.273478 -0.736740 0.074583 1.357430 0.049569 -0.363689 0.016561 0.930053
1750970643.278476 -0.736740 0.074583 1.357430 0.049569 -0.363689 0.016561 0.930053
1750970643.283476 -0.736740 0.074583 1.357430 0.049569 -0.363689 0.016561 0.930053
1750970643.288475 -0.736740 0.074583 1.357430 0.049569 -0.363689 0.016561 0.930053
1750970643.293475 -0.736740 0.074583 1.357430 0.049569 -0.363689 0.016561 0.930053
1750970643.298474 -0.743550 0.076546 1.368165 0.049596 -0.370022 0.018935 0.927505
1750970643.303473 -0.743550 0.076546 1.368165 0.049596 -0.370022 0.018935 0.927505
1750970643.308472 -0.743550 0.076546 1.368165 0.049596 -0.370022 0.018935 0.927505
1750970643.313472 -0.743550 0.076546 1.368165 0.049596 -0.370022 0.018935 0.927505
1750970643.318471 -0.743550 0.076546 1.368165 0.049596 -0.370022 0.018935 0.927505
1750970643.323470 -0.743550 0.076546 1.368165 0.049596 -0.370022 0.018935 0.927505
1750970643.327357 -0.743550 0.076546 1.368165 0.049596 -0.370022 0.018935 0.927505
1750970643.328469 -0.743550 0.076546 1.368165 0.049596 -0.370022 0.018935 0.927505
1750970643.333469 -0.743550 0.076546 1.368165 0.049596 -0.370022 0.018935 0.927505
1750970643.338468 -0.743550 0.076546 1.368165 0.049596 -0.370022 0.018935 0.927505
1750970643.343467 -0.743550 0.076546 1.368165 0.049596 -0.370022 0.018935 0.927505
1750970643.348466 -0.743550 0.076546 1.368165 0.049596 -0.370022 0.018935 0.927505
1750970643.353466 -0.743550 0.076546 1.368165 0.049596 -0.370022 0.018935 0.927505
1750970643.358465 -0.743550 0.076546 1.368165 0.049596 -0.370022 0.018935 0.927505
1750970643.363464 -0.757092 0.080378 1.392227 0.050127 -0.383440 0.025895 0.921841
1750970643.368463 -0.757092 0.080378 1.392227 0.050127 -0.383440 0.025895 0.921841
1750970643.373463 -0.757092 0.080378 1.392227 0.050127 -0.383440 0.025895 0.921841
1750970643.378463 -0.757092 0.080378 1.392227 0.050127 -0.383440 0.025895 0.921841
1750970643.383461 -0.757092 0.080378 1.392227 0.050127 -0.383440 0.025895 0.921841
1750970643.388461 -0.757092 0.080378 1.392227 0.050127 -0.383440 0.025895 0.921841
1750970643.393461 -0.757092 0.080378 1.392227 0.050127 -0.383440 0.025895 0.921841
1750970643.398459 -0.764774 0.081851 1.405825 0.049557 -0.390064 0.029282 0.918987
1750970643.403459 -0.764774 0.081851 1.405825 0.049557 -0.390064 0.029282 0.918987
1750970643.408458 -0.764774 0.081851 1.405825 0.049557 -0.390064 0.029282 0.918987
1750970643.413457 -0.764774 0.081851 1.405825 0.049557 -0.390064 0.029282 0.918987
1750970643.418457 -0.764774 0.081851 1.405825 0.049557 -0.390064 0.029282 0.918987
1750970643.423455 -0.764774 0.081851 1.405825 0.049557 -0.390064 0.029282 0.918987
1750970643.428455 -0.773942 0.082520 1.420146 0.047679 -0.396496 0.032711 0.916214
1750970643.433455 -0.773942 0.082520 1.420146 0.047679 -0.396496 0.032711 0.916214
1750970643.438453 -0.773942 0.082520 1.420146 0.047679 -0.396496 0.032711 0.916214
1750970643.443452 -0.773942 0.082520 1.420146 0.047679 -0.396496 0.032711 0.916214
1750970643.448451 -0.773942 0.082520 1.420146 0.047679 -0.396496 0.032711 0.916214
1750970643.453452 -0.773942 0.082520 1.420146 0.047679 -0.396496 0.032711 0.916214
1750970643.458450 -0.773942 0.082520 1.420146 0.047679 -0.396496 0.032711 0.916214
1750970643.463449 -0.773942 0.082520 1.420146 0.047679 -0.396496 0.032711 0.916214
1750970643.468448 -0.773942 0.082520 1.420146 0.047679 -0.396496 0.032711 0.916214
1750970643.473449 -0.773942 0.082520 1.420146 0.047679 -0.396496 0.032711 0.916214
1750970643.478448 -0.773942 0.082520 1.420146 0.047679 -0.396496 0.032711 0.916214
1750970643.483447 -0.773942 0.082520 1.420146 0.047679 -0.396496 0.032711 0.916214
1750970643.488446 -0.773942 0.082520 1.420146 0.047679 -0.396496 0.032711 0.916214
1750970643.493445 -0.773942 0.082520 1.420146 0.047679 -0.396496 0.032711 0.916214
1750970643.498444 -0.796373 0.082090 1.448839 0.042903 -0.410320 0.036243 0.910211
1750970643.503443 -0.796373 0.082090 1.448839 0.042903 -0.410320 0.036243 0.910211
1750970643.508443 -0.796373 0.082090 1.448839 0.042903 -0.410320 0.036243 0.910211
1750970643.510675 -0.796373 0.082090 1.448839 0.042903 -0.410320 0.036243 0.910211
1750970643.513442 -0.796373 0.082090 1.448839 0.042903 -0.410320 0.036243 0.910211
1750970643.518441 -0.796373 0.082090 1.448839 0.042903 -0.410320 0.036243 0.910211
1750970643.523440 -0.796373 0.082090 1.448839 0.042903 -0.410320 0.036243 0.910211
1750970643.528439 -0.806391 0.081992 1.462878 0.041124 -0.418067 0.037279 0.906719
1750970643.533439 -0.806391 0.081992 1.462878 0.041124 -0.418067 0.037279 0.906719
1750970643.538438 -0.806391 0.081992 1.462878 0.041124 -0.418067 0.037279 0.906719
1750970643.543437 -0.806391 0.081992 1.462878 0.041124 -0.418067 0.037279 0.906719
1750970643.548436 -0.806391 0.081992 1.462878 0.041124 -0.418067 0.037279 0.906719
1750970643.553436 -0.806391 0.081992 1.462878 0.041124 -0.418067 0.037279 0.906719
1750970643.558435 -0.806391 0.081992 1.462878 0.041124 -0.418067 0.037279 0.906719
1750970643.563434 -0.806391 0.081992 1.462878 0.041124 -0.418067 0.037279 0.906719
1750970643.568434 -0.806391 0.081992 1.462878 0.041124 -0.418067 0.037279 0.906719
1750970643.573433 -0.806391 0.081992 1.462878 0.041124 -0.418067 0.037279 0.906719
1750970643.578432 -0.806391 0.081992 1.462878 0.041124 -0.418067 0.037279 0.906719
1750970643.583431 -0.806391 0.081992 1.462878 0.041124 -0.418067 0.037279 0.906719
1750970643.588431 -0.806391 0.081992 1.462878 0.041124 -0.418067 0.037279 0.906719
1750970643.593430 -0.806391 0.081992 1.462878 0.041124 -0.418067 0.037279 0.906719
1750970643.598429 -0.826302 0.082762 1.489116 0.040993 -0.435664 0.039758 0.898296
1750970643.603428 -0.826302 0.082762 1.489116 0.040993 -0.435664 0.039758 0.898296
1750970643.608428 -0.826302 0.082762 1.489116 0.040993 -0.435664 0.039758 0.898296
1750970643.613426 -0.826302 0.082762 1.489116 0.040993 -0.435664 0.039758 0.898296
1750970643.618426 -0.826302 0.082762 1.489116 0.040993 -0.435664 0.039758 0.898296
1750970643.623425 -0.826302 0.082762 1.489116 0.040993 -0.435664 0.039758 0.898296
1750970643.628424 -0.836651 0.082640 1.501835 0.040823 -0.444713 0.040895 0.893807
1750970643.633423 -0.836651 0.082640 1.501835 0.040823 -0.444713 0.040895 0.893807
1750970643.638422 -0.836651 0.082640 1.501835 0.040823 -0.444713 0.040895 0.893807
1750970643.643421 -0.836651 0.082640 1.501835 0.040823 -0.444713 0.040895 0.893807
1750970643.648421 -0.836651 0.082640 1.501835 0.040823 -0.444713 0.040895 0.893807
1750970643.653420 -0.836651 0.082640 1.501835 0.040823 -0.444713 0.040895 0.893807
1750970643.658419 -0.836651 0.082640 1.501835 0.040823 -0.444713 0.040895 0.893807
1750970643.663418 -0.847318 0.082605 1.512923 0.039971 -0.453628 0.040908 0.889354
1750970643.668417 -0.847318 0.082605 1.512923 0.039971 -0.453628 0.040908 0.889354
1750970643.673417 -0.847318 0.082605 1.512923 0.039971 -0.453628 0.040908 0.889354
1750970643.678416 -0.847318 0.082605 1.512923 0.039971 -0.453628 0.040908 0.889354
1750970643.683417 -0.847318 0.082605 1.512923 0.039971 -0.453628 0.040908 0.889354
1750970643.688417 -0.847318 0.082605 1.512923 0.039971 -0.453628 0.040908 0.889354
1750970643.693417 -0.847318 0.082605 1.512923 0.039971 -0.453628 0.040908 0.889354
1750970643.693995 -0.847318 0.082605 1.512923 0.039971 -0.453628 0.040908 0.889354
1750970643.698416 -0.847318 0.082605 1.512923 0.039971 -0.453628 0.040908 0.889354
1750970643.703416 -0.847318 0.082605 1.512923 0.039971 -0.453628 0.040908 0.889354
1750970643.708416 -0.847318 0.082605 1.512923 0.039971 -0.453628 0.040908 0.889354
1750970643.713415 -0.847318 0.082605 1.512923 0.039971 -0.453628 0.040908 0.889354
1750970643.718415 -0.847318 0.082605 1.512923 0.039971 -0.453628 0.040908 0.889354
1750970643.723414 -0.847318 0.082605 1.512923 0.039971 -0.453628 0.040908 0.889354
1750970643.728414 -0.872871 0.081161 1.537090 0.037951 -0.471575 0.039800 0.880109
1750970643.733414 -0.872871 0.081161 1.537090 0.037951 -0.471575 0.039800 0.880109
1750970643.738413 -0.872871 0.081161 1.537090 0.037951 -0.471575 0.039800 0.880109
1750970643.743412 -0.872871 0.081161 1.537090 0.037951 -0.471575 0.039800 0.880109
1750970643.748413 -0.872871 0.081161 1.537090 0.037951 -0.471575 0.039800 0.880109
1750970643.753412 -0.872871 0.081161 1.537090 0.037951 -0.471575 0.039800 0.880109
1750970643.758411 -0.872871 0.081161 1.537090 0.037951 -0.471575 0.039800 0.880109
1750970643.763410 -0.882814 0.081753 1.544769 0.036870 -0.481172 0.038856 0.874988
1750970643.768411 -0.882814 0.081753 1.544769 0.036870 -0.481172 0.038856 0.874988
1750970643.773410 -0.882814 0.081753 1.544769 0.036870 -0.481172 0.038856 0.874988
1750970643.778409 -0.882814 0.081753 1.544769 0.036870 -0.481172 0.038856 0.874988
1750970643.783409 -0.882814 0.081753 1.544769 0.036870 -0.481172 0.038856 0.874988
1750970643.788409 -0.882814 0.081753 1.544769 0.036870 -0.481172 0.038856 0.874988
1750970643.793408 -0.882814 0.081753 1.544769 0.036870 -0.481172 0.038856 0.874988
1750970643.798408 -0.892899 0.082183 1.551307 0.035763 -0.491155 0.038150 0.869501
1750970643.803408 -0.892899 0.082183 1.551307 0.035763 -0.491155 0.038150 0.869501
1750970643.808406 -0.892899 0.082183 1.551307 0.035763 -0.491155 0.038150 0.869501
1750970643.813406 -0.892899 0.082183 1.551307 0.035763 -0.491155 0.038150 0.869501
1750970643.818406 -0.892899 0.082183 1.551307 0.035763 -0.491155 0.038150 0.869501
1750970643.823405 -0.892899 0.082183 1.551307 0.035763 -0.491155 0.038150 0.869501
1750970643.828406 -0.892899 0.082183 1.551307 0.035763 -0.491155 0.038150 0.869501
1750970643.833405 -0.892899 0.082183 1.551307 0.035763 -0.491155 0.038150 0.869501
1750970643.838404 -0.892899 0.082183 1.551307 0.035763 -0.491155 0.038150 0.869501
1750970643.843403 -0.892899 0.082183 1.551307 0.035763 -0.491155 0.038150 0.869501
1750970643.848403 -0.892899 0.082183 1.551307 0.035763 -0.491155 0.038150 0.869501
1750970643.853403 -0.892899 0.082183 1.551307 0.035763 -0.491155 0.038150 0.869501
1750970643.858402 -0.892899 0.082183 1.551307 0.035763 -0.491155 0.038150 0.869501
1750970643.860657 -0.914121 0.082206 1.564296 0.034137 -0.512043 0.037772 0.857449
1750970643.863402 -0.914121 0.082206 1.564296 0.034137 -0.512043 0.037772 0.857449
1750970643.868402 -0.914121 0.082206 1.564296 0.034137 -0.512043 0.037772 0.857449
1750970643.873401 -0.914121 0.082206 1.564296 0.034137 -0.512043 0.037772 0.857449
1750970643.877324 -0.914121 0.082206 1.564296 0.034137 -0.512043 0.037772 0.857449
1750970643.878401 -0.914121 0.082206 1.564296 0.034137 -0.512043 0.037772 0.857449
1750970643.883400 -0.914121 0.082206 1.564296 0.034137 -0.512043 0.037772 0.857449
1750970643.888400 -0.914121 0.082206 1.564296 0.034137 -0.512043 0.037772 0.857449
1750970643.893399 -0.914121 0.082206 1.564296 0.034137 -0.512043 0.037772 0.857449
1750970643.898398 -0.924104 0.082517 1.569957 0.033070 -0.522820 0.037336 0.850983
1750970643.903398 -0.924104 0.082517 1.569957 0.033070 -0.522820 0.037336 0.850983
1750970643.908398 -0.924104 0.082517 1.569957 0.033070 -0.522820 0.037336 0.850983
1750970643.913398 -0.924104 0.082517 1.569957 0.033070 -0.522820 0.037336 0.850983
1750970643.918397 -0.924104 0.082517 1.569957 0.033070 -0.522820 0.037336 0.850983
1750970643.923396 -0.924104 0.082517 1.569957 0.033070 -0.522820 0.037336 0.850983
1750970643.928396 -0.934955 0.079573 1.577895 0.030923 -0.533908 0.036081 0.844206
1750970643.933395 -0.934955 0.079573 1.577895 0.030923 -0.533908 0.036081 0.844206
1750970643.938395 -0.934955 0.079573 1.577895 0.030923 -0.533908 0.036081 0.844206
1750970643.943394 -0.934955 0.079573 1.577895 0.030923 -0.533908 0.036081 0.844206
1750970643.948394 -0.934955 0.079573 1.577895 0.030923 -0.533908 0.036081 0.844206
1750970643.953394 -0.934955 0.079573 1.577895 0.030923 -0.533908 0.036081 0.844206
1750970643.958393 -0.934955 0.079573 1.577895 0.030923 -0.533908 0.036081 0.844206
1750970643.963392 -0.934955 0.079573 1.577895 0.030923 -0.533908 0.036081 0.844206
1750970643.968392 -0.934955 0.079573 1.577895 0.030923 -0.533908 0.036081 0.844206
1750970643.973392 -0.934955 0.079573 1.577895 0.030923 -0.533908 0.036081 0.844206
1750970643.978391 -0.934955 0.079573 1.577895 0.030923 -0.533908 0.036081 0.844206
1750970643.983390 -0.934955 0.079573 1.577895 0.030923 -0.533908 0.036081 0.844206
1750970643.988390 -0.934955 0.079573 1.577895 0.030923 -0.533908 0.036081 0.844206
1750970643.993390 -0.934955 0.079573 1.577895 0.030923 -0.533908 0.036081 0.844206
1750970643.998389 -0.955223 0.078444 1.586992 0.026042 -0.554395 0.034754 0.831120
1750970644.003388 -0.955223 0.078444 1.586992 0.026042 -0.554395 0.034754 0.831120
1750970644.008388 -0.955223 0.078444 1.586992 0.026042 -0.554395 0.034754 0.831120
1750970644.013388 -0.955223 0.078444 1.586992 0.026042 -0.554395 0.034754 0.831120
1750970644.018387 -0.955223 0.078444 1.586992 0.026042 -0.554395 0.034754 0.831120
1750970644.023386 -0.955223 0.078444 1.586992 0.026042 -0.554395 0.034754 0.831120
1750970644.028386 -0.965966 0.079149 1.590701 0.023883 -0.563584 0.034485 0.824993
1750970644.033386 -0.965966 0.079149 1.590701 0.023883 -0.563584 0.034485 0.824993
1750970644.038385 -0.965966 0.079149 1.590701 0.023883 -0.563584 0.034485 0.824993
1750970644.043385 -0.965966 0.079149 1.590701 0.023883 -0.563584 0.034485 0.824993
1750970644.048384 -0.965966 0.079149 1.590701 0.023883 -0.563584 0.034485 0.824993
1750970644.053383 -0.965966 0.079149 1.590701 0.023883 -0.563584 0.034485 0.824993
1750970644.058383 -0.965966 0.079149 1.590701 0.023883 -0.563584 0.034485 0.824993
1750970644.060652 -0.965966 0.079149 1.590701 0.023883 -0.563584 0.034485 0.824993
1750970644.063382 -0.965966 0.079149 1.590701 0.023883 -0.563584 0.034485 0.824993
1750970644.068382 -0.965966 0.079149 1.590701 0.023883 -0.563584 0.034485 0.824993
1750970644.073381 -0.965966 0.079149 1.590701 0.023883 -0.563584 0.034485 0.824993
1750970644.078381 -0.965966 0.079149 1.590701 0.023883 -0.563584 0.034485 0.824993
1750970644.083380 -0.965966 0.079149 1.590701 0.023883 -0.563584 0.034485 0.824993
1750970644.088380 -0.965966 0.079149 1.590701 0.023883 -0.563584 0.034485 0.824993
1750970644.093379 -0.965966 0.079149 1.590701 0.023883 -0.563584 0.034485 0.824993
1750970644.098379 -0.987681 0.081709 1.596002 0.020390 -0.580074 0.033073 0.813637
1750970644.103378 -0.987681 0.081709 1.596002 0.020390 -0.580074 0.033073 0.813637
1750970644.108378 -0.987681 0.081709 1.596002 0.020390 -0.580074 0.033073 0.813637
1750970644.113377 -0.987681 0.081709 1.596002 0.020390 -0.580074 0.033073 0.813637
1750970644.118376 -0.987681 0.081709 1.596002 0.020390 -0.580074 0.033073 0.813637
1750970644.123377 -0.987681 0.081709 1.596002 0.020390 -0.580074 0.033073 0.813637
1750970644.128376 -1.002170 0.086846 1.600354 0.019574 -0.588419 0.032900 0.807650
1750970644.133375 -1.002170 0.086846 1.600354 0.019574 -0.588419 0.032900 0.807650
1750970644.138374 -1.002170 0.086846 1.600354 0.019574 -0.588419 0.032900 0.807650
1750970644.143375 -1.002170 0.086846 1.600354 0.019574 -0.588419 0.032900 0.807650
1750970644.148374 -1.002170 0.086846 1.600354 0.019574 -0.588419 0.032900 0.807650
1750970644.153373 -1.002170 0.086846 1.600354 0.019574 -0.588419 0.032900 0.807650
1750970644.158372 -1.002170 0.086846 1.600354 0.019574 -0.588419 0.032900 0.807650
1750970644.163372 -1.016381 0.083238 1.599911 0.018593 -0.596148 0.031974 0.802022
1750970644.168371 -1.016381 0.083238 1.599911 0.018593 -0.596148 0.031974 0.802022
1750970644.173371 -1.016381 0.083238 1.599911 0.018593 -0.596148 0.031974 0.802022
1750970644.178370 -1.016381 0.083238 1.599911 0.018593 -0.596148 0.031974 0.802022
1750970644.183370 -1.016381 0.083238 1.599911 0.018593 -0.596148 0.031974 0.802022
1750970644.188370 -1.016381 0.083238 1.599911 0.018593 -0.596148 0.031974 0.802022
1750970644.193369 -1.016381 0.083238 1.599911 0.018593 -0.596148 0.031974 0.802022
1750970644.198368 -1.026651 0.085534 1.600750 0.018145 -0.604312 0.032278 0.795887
1750970644.203368 -1.026651 0.085534 1.600750 0.018145 -0.604312 0.032278 0.795887
1750970644.208367 -1.026651 0.085534 1.600750 0.018145 -0.604312 0.032278 0.795887
1750970644.210647 -1.026651 0.085534 1.600750 0.018145 -0.604312 0.032278 0.795887
1750970644.213367 -1.026651 0.085534 1.600750 0.018145 -0.604312 0.032278 0.795887
1750970644.218365 -1.026651 0.085534 1.600750 0.018145 -0.604312 0.032278 0.795887
1750970644.223366 -1.026651 0.085534 1.600750 0.018145 -0.604312 0.032278 0.795887
1750970644.228365 -1.037550 0.087883 1.601398 0.017966 -0.611951 0.033023 0.790002
1750970644.233364 -1.037550 0.087883 1.601398 0.017966 -0.611951 0.033023 0.790002
1750970644.238364 -1.037550 0.087883 1.601398 0.017966 -0.611951 0.033023 0.790002
1750970644.243364 -1.037550 0.087883 1.601398 0.017966 -0.611951 0.033023 0.790002
1750970644.248363 -1.037550 0.087883 1.601398 0.017966 -0.611951 0.033023 0.790002
1750970644.253362 -1.037550 0.087883 1.601398 0.017966 -0.611951 0.033023 0.790002
1750970644.258361 -1.037550 0.087883 1.601398 0.017966 -0.611951 0.033023 0.790002
1750970644.263361 -1.037550 0.087883 1.601398 0.017966 -0.611951 0.033023 0.790002
1750970644.268360 -1.037550 0.087883 1.601398 0.017966 -0.611951 0.033023 0.790002
1750970644.273360 -1.037550 0.087883 1.601398 0.017966 -0.611951 0.033023 0.790002
1750970644.278358 -1.037550 0.087883 1.601398 0.017966 -0.611951 0.033023 0.790002
1750970644.283359 -1.037550 0.087883 1.601398 0.017966 -0.611951 0.033023 0.790002
1750970644.288358 -1.037550 0.087883 1.601398 0.017966 -0.611951 0.033023 0.790002
1750970644.293357 -1.037550 0.087883 1.601398 0.017966 -0.611951 0.033023 0.790002
1750970644.298357 -1.060218 0.092449 1.599812 0.018339 -0.625150 0.032926 0.779595
1750970644.303357 -1.060218 0.092449 1.599812 0.018339 -0.625150 0.032926 0.779595
1750970644.308356 -1.060218 0.092449 1.599812 0.018339 -0.625150 0.032926 0.779595
1750970644.313355 -1.060218 0.092449 1.599812 0.018339 -0.625150 0.032926 0.779595
1750970644.318354 -1.060218 0.092449 1.599812 0.018339 -0.625150 0.032926 0.779595
1750970644.323354 -1.060218 0.092449 1.599812 0.018339 -0.625150 0.032926 0.779595
1750970644.328354 -1.071701 0.094446 1.597601 0.019327 -0.630835 0.032928 0.774977
1750970644.333353 -1.071701 0.094446 1.597601 0.019327 -0.630835 0.032928 0.774977
1750970644.338352 -1.071701 0.094446 1.597601 0.019327 -0.630835 0.032928 0.774977
1750970644.343352 -1.071701 0.094446 1.597601 0.019327 -0.630835 0.032928 0.774977
1750970644.348351 -1.071701 0.094446 1.597601 0.019327 -0.630835 0.032928 0.774977
1750970644.353350 -1.071701 0.094446 1.597601 0.019327 -0.630835 0.032928 0.774977
1750970644.358349 -1.071701 0.094446 1.597601 0.019327 -0.630835 0.032928 0.774977
1750970644.363349 -1.084055 0.092802 1.594759 0.020550 -0.636382 0.032989 0.770394
1750970644.368349 -1.084055 0.092802 1.594759 0.020550 -0.636382 0.032989 0.770394
1750970644.373348 -1.084055 0.092802 1.594759 0.020550 -0.636382 0.032989 0.770394
1750970644.378348 -1.084055 0.092802 1.594759 0.020550 -0.636382 0.032989 0.770394
1750970644.383347 -1.084055 0.092802 1.594759 0.020550 -0.636382 0.032989 0.770394
1750970644.388346 -1.084055 0.092802 1.594759 0.020550 -0.636382 0.032989 0.770394
1750970644.393346 -1.084055 0.092802 1.594759 0.020550 -0.636382 0.032989 0.770394
1750970644.393970 -1.084055 0.092802 1.594759 0.020550 -0.636382 0.032989 0.770394
1750970644.398345 -1.084055 0.092802 1.594759 0.020550 -0.636382 0.032989 0.770394
1750970644.403345 -1.084055 0.092802 1.594759 0.020550 -0.636382 0.032989 0.770394
1750970644.408344 -1.084055 0.092802 1.594759 0.020550 -0.636382 0.032989 0.770394
1750970644.413343 -1.084055 0.092802 1.594759 0.020550 -0.636382 0.032989 0.770394
1750970644.418343 -1.084055 0.092802 1.594759 0.020550 -0.636382 0.032989 0.770394
1750970644.423342 -1.084055 0.092802 1.594759 0.020550 -0.636382 0.032989 0.770394
1750970644.428341 -1.108053 0.097613 1.586516 0.025056 -0.647628 0.034465 0.760764
1750970644.433340 -1.108053 0.097613 1.586516 0.025056 -0.647628 0.034465 0.760764
1750970644.438339 -1.108053 0.097613 1.586516 0.025056 -0.647628 0.034465 0.760764
1750970644.443340 -1.108053 0.097613 1.586516 0.025056 -0.647628 0.034465 0.760764
1750970644.448339 -1.108053 0.097613 1.586516 0.025056 -0.647628 0.034465 0.760764
1750970644.453338 -1.108053 0.097613 1.586516 0.025056 -0.647628 0.034465 0.760764
1750970644.458338 -1.108053 0.097613 1.586516 0.025056 -0.647628 0.034465 0.760764
1750970644.463337 -1.108053 0.097613 1.586516 0.025056 -0.647628 0.034465 0.760764
1750970644.468336 -1.108053 0.097613 1.586516 0.025056 -0.647628 0.034465 0.760764
1750970644.473336 -1.108053 0.097613 1.586516 0.025056 -0.647628 0.034465 0.760764
1750970644.478335 -1.108053 0.097613 1.586516 0.025056 -0.647628 0.034465 0.760764
1750970644.483335 -1.108053 0.097613 1.586516 0.025056 -0.647628 0.034465 0.760764
1750970644.488334 -1.108053 0.097613 1.586516 0.025056 -0.647628 0.034465 0.760764
1750970644.493333 -1.108053 0.097613 1.586516 0.025056 -0.647628 0.034465 0.760764
1750970644.498332 -1.128772 0.101526 1.574675 0.029638 -0.658417 0.035585 0.751227
1750970644.503332 -1.128772 0.101526 1.574675 0.029638 -0.658417 0.035585 0.751227
1750970644.508331 -1.128772 0.101526 1.574675 0.029638 -0.658417 0.035585 0.751227
1750970644.513330 -1.128772 0.101526 1.574675 0.029638 -0.658417 0.035585 0.751227
1750970644.518330 -1.128772 0.101526 1.574675 0.029638 -0.658417 0.035585 0.751227
1750970644.523329 -1.128772 0.101526 1.574675 0.029638 -0.658417 0.035585 0.751227
1750970644.528329 -1.137541 0.102582 1.567995 0.031641 -0.664202 0.035875 0.746021
1750970644.533328 -1.137541 0.102582 1.567995 0.031641 -0.664202 0.035875 0.746021
1750970644.538328 -1.137541 0.102582 1.567995 0.031641 -0.664202 0.035875 0.746021
1750970644.543327 -1.137541 0.102582 1.567995 0.031641 -0.664202 0.035875 0.746021
1750970644.548326 -1.137541 0.102582 1.567995 0.031641 -0.664202 0.035875 0.746021
1750970644.553325 -1.137541 0.102582 1.567995 0.031641 -0.664202 0.035875 0.746021
1750970644.558325 -1.137541 0.102582 1.567995 0.031641 -0.664202 0.035875 0.746021
1750970644.563324 -1.137541 0.102582 1.567995 0.031641 -0.664202 0.035875 0.746021
1750970644.568324 -1.137541 0.102582 1.567995 0.031641 -0.664202 0.035875 0.746021
1750970644.573323 -1.137541 0.102582 1.567995 0.031641 -0.664202 0.035875 0.746021
1750970644.578322 -1.137541 0.102582 1.567995 0.031641 -0.664202 0.035875 0.746021
1750970644.583322 -1.137541 0.102582 1.567995 0.031641 -0.664202 0.035875 0.746021
1750970644.588321 -1.137541 0.102582 1.567995 0.031641 -0.664202 0.035875 0.746021
1750970644.593320 -1.137541 0.102582 1.567995 0.031641 -0.664202 0.035875 0.746021
1750970644.598319 -1.171887 0.100869 1.562423 0.031719 -0.676286 0.034143 0.735163
1750970644.603319 -1.171887 0.100869 1.562423 0.031719 -0.676286 0.034143 0.735163
1750970644.608318 -1.171887 0.100869 1.562423 0.031719 -0.676286 0.034143 0.735163
1750970644.610624 -1.171887 0.100869 1.562423 0.031719 -0.676286 0.034143 0.735163
1750970644.613317 -1.171887 0.100869 1.562423 0.031719 -0.676286 0.034143 0.735163
1750970644.618317 -1.171887 0.100869 1.562423 0.031719 -0.676286 0.034143 0.735163
1750970644.623317 -1.171887 0.100869 1.562423 0.031719 -0.676286 0.034143 0.735163
1750970644.628315 -1.181661 0.100965 1.554771 0.032851 -0.682194 0.034143 0.729634
1750970644.633315 -1.181661 0.100965 1.554771 0.032851 -0.682194 0.034143 0.729634
1750970644.638314 -1.181661 0.100965 1.554771 0.032851 -0.682194 0.034143 0.729634
1750970644.643314 -1.181661 0.100965 1.554771 0.032851 -0.682194 0.034143 0.729634
1750970644.648313 -1.181661 0.100965 1.554771 0.032851 -0.682194 0.034143 0.729634
1750970644.653313 -1.181661 0.100965 1.554771 0.032851 -0.682194 0.034143 0.729634
1750970644.658312 -1.181661 0.100965 1.554771 0.032851 -0.682194 0.034143 0.729634
1750970644.663311 -1.181661 0.100965 1.554771 0.032851 -0.682194 0.034143 0.729634
1750970644.668310 -1.181661 0.100965 1.554771 0.032851 -0.682194 0.034143 0.729634
1750970644.673310 -1.181661 0.100965 1.554771 0.032851 -0.682194 0.034143 0.729634
1750970644.678309 -1.181661 0.100965 1.554771 0.032851 -0.682194 0.034143 0.729634
1750970644.683308 -1.181661 0.100965 1.554771 0.032851 -0.682194 0.034143 0.729634
1750970644.688308 -1.181661 0.100965 1.554771 0.032851 -0.682194 0.034143 0.729634
1750970644.693308 -1.181661 0.100965 1.554771 0.032851 -0.682194 0.034143 0.729634
1750970644.698307 -1.196889 0.098649 1.541756 0.034596 -0.693210 0.038891 0.718854
1750970644.703307 -1.196889 0.098649 1.541756 0.034596 -0.693210 0.038891 0.718854
1750970644.708306 -1.196889 0.098649 1.541756 0.034596 -0.693210 0.038891 0.718854
1750970644.713307 -1.196889 0.098649 1.541756 0.034596 -0.693210 0.038891 0.718854
1750970644.718306 -1.196889 0.098649 1.541756 0.034596 -0.693210 0.038891 0.718854
1750970644.723305 -1.196889 0.098649 1.541756 0.034596 -0.693210 0.038891 0.718854
1750970644.728305 -1.201406 0.098239 1.535606 0.035042 -0.698992 0.041074 0.713089
1750970644.733305 -1.201406 0.098239 1.535606 0.035042 -0.698992 0.041074 0.713089
1750970644.738305 -1.201406 0.098239 1.535606 0.035042 -0.698992 0.041074 0.713089
1750970644.743304 -1.201406 0.098239 1.535606 0.035042 -0.698992 0.041074 0.713089
1750970644.748303 -1.201406 0.098239 1.535606 0.035042 -0.698992 0.041074 0.713089
1750970644.753304 -1.201406 0.098239 1.535606 0.035042 -0.698992 0.041074 0.713089
1750970644.758303 -1.201406 0.098239 1.535606 0.035042 -0.698992 0.041074 0.713089
1750970644.760618 -1.207220 0.097041 1.530376 0.035566 -0.705005 0.043131 0.706995
1750970644.763302 -1.207220 0.097041 1.530376 0.035566 -0.705005 0.043131 0.706995
1750970644.768302 -1.207220 0.097041 1.530376 0.035566 -0.705005 0.043131 0.706995
1750970644.773302 -1.207220 0.097041 1.530376 0.035566 -0.705005 0.043131 0.706995
1750970644.778301 -1.207220 0.097041 1.530376 0.035566 -0.705005 0.043131 0.706995
1750970644.783301 -1.207220 0.097041 1.530376 0.035566 -0.705005 0.043131 0.706995
1750970644.788301 -1.207220 0.097041 1.530376 0.035566 -0.705005 0.043131 0.706995
1750970644.793300 -1.207220 0.097041 1.530376 0.035566 -0.705005 0.043131 0.706995
1750970644.793952 -1.207220 0.097041 1.530376 0.035566 -0.705005 0.043131 0.706995
1750970644.798300 -1.207220 0.097041 1.530376 0.035566 -0.705005 0.043131 0.706995
1750970644.803299 -1.207220 0.097041 1.530376 0.035566 -0.705005 0.043131 0.706995
1750970644.808299 -1.207220 0.097041 1.530376 0.035566 -0.705005 0.043131 0.706995
1750970644.813299 -1.207220 0.097041 1.530376 0.035566 -0.705005 0.043131 0.706995
1750970644.818298 -1.207220 0.097041 1.530376 0.035566 -0.705005 0.043131 0.706995
1750970644.823298 -1.207220 0.097041 1.530376 0.035566 -0.705005 0.043131 0.706995
1750970644.828297 -1.222349 0.095774 1.521479 0.034892 -0.718374 0.046062 0.693253
1750970644.833297 -1.222349 0.095774 1.521479 0.034892 -0.718374 0.046062 0.693253
1750970644.838297 -1.222349 0.095774 1.521479 0.034892 -0.718374 0.046062 0.693253
1750970644.843296 -1.222349 0.095774 1.521479 0.034892 -0.718374 0.046062 0.693253
1750970644.848295 -1.222349 0.095774 1.521479 0.034892 -0.718374 0.046062 0.693253
1750970644.853296 -1.222349 0.095774 1.521479 0.034892 -0.718374 0.046062 0.693253
1750970644.858295 -1.222349 0.095774 1.521479 0.034892 -0.718374 0.046062 0.693253
1750970644.863294 -1.230979 0.094753 1.517545 0.033877 -0.725499 0.046391 0.685821
1750970644.868294 -1.230979 0.094753 1.517545 0.033877 -0.725499 0.046391 0.685821
1750970644.873294 -1.230979 0.094753 1.517545 0.033877 -0.725499 0.046391 0.685821
1750970644.878294 -1.230979 0.094753 1.517545 0.033877 -0.725499 0.046391 0.685821
1750970644.883293 -1.230979 0.094753 1.517545 0.033877 -0.725499 0.046391 0.685821
1750970644.888292 -1.230979 0.094753 1.517545 0.033877 -0.725499 0.046391 0.685821
1750970644.893292 -1.230979 0.094753 1.517545 0.033877 -0.725499 0.046391 0.685821
1750970644.898292 -1.278817 0.098621 1.516819 0.032536 -0.732056 0.045395 0.678951
1750970644.903291 -1.278817 0.098621 1.516819 0.032536 -0.732056 0.045395 0.678951
1750970644.908292 -1.278817 0.098621 1.516819 0.032536 -0.732056 0.045395 0.678951
1750970644.913291 -1.278817 0.098621 1.516819 0.032536 -0.732056 0.045395 0.678951
1750970644.918290 -1.278817 0.098621 1.516819 0.032536 -0.732056 0.045395 0.678951
1750970644.923290 -1.278817 0.098621 1.516819 0.032536 -0.732056 0.045395 0.678951
1750970644.928289 -1.278817 0.098621 1.516819 0.032536 -0.732056 0.045395 0.678951
1750970644.933289 -1.278817 0.098621 1.516819 0.032536 -0.732056 0.045395 0.678951
1750970644.938288 -1.278817 0.098621 1.516819 0.032536 -0.732056 0.045395 0.678951
1750970644.943288 -1.278817 0.098621 1.516819 0.032536 -0.732056 0.045395 0.678951
1750970644.948287 -1.278817 0.098621 1.516819 0.032536 -0.732056 0.045395 0.678951
1750970644.953287 -1.278817 0.098621 1.516819 0.032536 -0.732056 0.045395 0.678951
1750970644.958287 -1.278817 0.098621 1.516819 0.032536 -0.732056 0.045395 0.678951
1750970644.963286 -1.290023 0.098720 1.516024 0.029184 -0.746572 0.044335 0.663184
1750970644.968285 -1.290023 0.098720 1.516024 0.029184 -0.746572 0.044335 0.663184
1750970644.973286 -1.290023 0.098720 1.516024 0.029184 -0.746572 0.044335 0.663184
1750970644.977283 -1.290023 0.098720 1.516024 0.029184 -0.746572 0.044335 0.663184
1750970644.978285 -1.290023 0.098720 1.516024 0.029184 -0.746572 0.044335 0.663184
1750970644.983284 -1.290023 0.098720 1.516024 0.029184 -0.746572 0.044335 0.663184
1750970644.988285 -1.290023 0.098720 1.516024 0.029184 -0.746572 0.044335 0.663184
1750970644.993284 -1.290023 0.098720 1.516024 0.029184 -0.746572 0.044335 0.663184
1750970644.998283 -1.300702 0.099853 1.513484 0.027361 -0.753669 0.044330 0.655187
1750970645.003283 -1.300702 0.099853 1.513484 0.027361 -0.753669 0.044330 0.655187
1750970645.008283 -1.300702 0.099853 1.513484 0.027361 -0.753669 0.044330 0.655187
1750970645.013282 -1.300702 0.099853 1.513484 0.027361 -0.753669 0.044330 0.655187
1750970645.018281 -1.300702 0.099853 1.513484 0.027361 -0.753669 0.044330 0.655187
1750970645.023281 -1.300702 0.099853 1.513484 0.027361 -0.753669 0.044330 0.655187
1750970645.028280 -1.300702 0.099853 1.513484 0.027361 -0.753669 0.044330 0.655187
1750970645.033280 -1.300702 0.099853 1.513484 0.027361 -0.753669 0.044330 0.655187
1750970645.038280 -1.300702 0.099853 1.513484 0.027361 -0.753669 0.044330 0.655187
1750970645.043279 -1.300702 0.099853 1.513484 0.027361 -0.753669 0.044330 0.655187
1750970645.048279 -1.300702 0.099853 1.513484 0.027361 -0.753669 0.044330 0.655187
1750970645.053278 -1.300702 0.099853 1.513484 0.027361 -0.753669 0.044330 0.655187
1750970645.058278 -1.300702 0.099853 1.513484 0.027361 -0.753669 0.044330 0.655187
1750970645.063277 -1.320943 0.099035 1.507042 0.024449 -0.768388 0.044025 0.638000
1750970645.068277 -1.320943 0.099035 1.507042 0.024449 -0.768388 0.044025 0.638000
1750970645.073277 -1.320943 0.099035 1.507042 0.024449 -0.768388 0.044025 0.638000
1750970645.078276 -1.320943 0.099035 1.507042 0.024449 -0.768388 0.044025 0.638000
1750970645.083275 -1.320943 0.099035 1.507042 0.024449 -0.768388 0.044025 0.638000
1750970645.088275 -1.320943 0.099035 1.507042 0.024449 -0.768388 0.044025 0.638000
1750970645.093275 -1.320943 0.099035 1.507042 0.024449 -0.768388 0.044025 0.638000
1750970645.098274 -1.329735 0.096811 1.504180 0.023119 -0.775912 0.043996 0.628880
1750970645.103273 -1.329735 0.096811 1.504180 0.023119 -0.775912 0.043996 0.628880
1750970645.108274 -1.329735 0.096811 1.504180 0.023119 -0.775912 0.043996 0.628880
1750970645.113273 -1.329735 0.096811 1.504180 0.023119 -0.775912 0.043996 0.628880
1750970645.118272 -1.329735 0.096811 1.504180 0.023119 -0.775912 0.043996 0.628880
1750970645.123271 -1.329735 0.096811 1.504180 0.023119 -0.775912 0.043996 0.628880
1750970645.128271 -1.340193 0.095972 1.499902 0.021839 -0.783694 0.044025 0.619200
1750970645.133271 -1.340193 0.095972 1.499902 0.021839 -0.783694 0.044025 0.619200
1750970645.138270 -1.340193 0.095972 1.499902 0.021839 -0.783694 0.044025 0.619200
1750970645.143270 -1.340193 0.095972 1.499902 0.021839 -0.783694 0.044025 0.619200
1750970645.143945 -1.340193 0.095972 1.499902 0.021839 -0.783694 0.044025 0.619200
1750970645.148270 -1.340193 0.095972 1.499902 0.021839 -0.783694 0.044025 0.619200
1750970645.153269 -1.340193 0.095972 1.499902 0.021839 -0.783694 0.044025 0.619200
1750970645.158268 -1.340193 0.095972 1.499902 0.021839 -0.783694 0.044025 0.619200
1750970645.163268 -1.351025 0.094225 1.496641 0.020125 -0.791636 0.043539 0.609107
1750970645.168268 -1.351025 0.094225 1.496641 0.020125 -0.791636 0.043539 0.609107
1750970645.173267 -1.351025 0.094225 1.496641 0.020125 -0.791636 0.043539 0.609107
1750970645.178266 -1.351025 0.094225 1.496641 0.020125 -0.791636 0.043539 0.609107
1750970645.183265 -1.351025 0.094225 1.496641 0.020125 -0.791636 0.043539 0.609107
1750970645.188266 -1.351025 0.094225 1.496641 0.020125 -0.791636 0.043539 0.609107
1750970645.193265 -1.351025 0.094225 1.496641 0.020125 -0.791636 0.043539 0.609107
1750970645.198264 -1.362977 0.099154 1.487573 0.018313 -0.798654 0.043394 0.599944
1750970645.203264 -1.362977 0.099154 1.487573 0.018313 -0.798654 0.043394 0.599944
1750970645.208264 -1.362977 0.099154 1.487573 0.018313 -0.798654 0.043394 0.599944
1750970645.213263 -1.362977 0.099154 1.487573 0.018313 -0.798654 0.043394 0.599944
1750970645.218262 -1.362977 0.099154 1.487573 0.018313 -0.798654 0.043394 0.599944
1750970645.223263 -1.362977 0.099154 1.487573 0.018313 -0.798654 0.043394 0.599944
1750970645.228262 -1.362977 0.099154 1.487573 0.018313 -0.798654 0.043394 0.599944
1750970645.233261 -1.362977 0.099154 1.487573 0.018313 -0.798654 0.043394 0.599944
1750970645.238260 -1.362977 0.099154 1.487573 0.018313 -0.798654 0.043394 0.599944
1750970645.243260 -1.362977 0.099154 1.487573 0.018313 -0.798654 0.043394 0.599944
1750970645.248260 -1.362977 0.099154 1.487573 0.018313 -0.798654 0.043394 0.599944
1750970645.253259 -1.362977 0.099154 1.487573 0.018313 -0.798654 0.043394 0.599944
1750970645.258258 -1.362977 0.099154 1.487573 0.018313 -0.798654 0.043394 0.599944
1750970645.263258 -1.377133 0.099755 1.483013 0.014699 -0.814466 0.040875 0.578584
1750970645.268258 -1.377133 0.099755 1.483013 0.014699 -0.814466 0.040875 0.578584
1750970645.273257 -1.377133 0.099755 1.483013 0.014699 -0.814466 0.040875 0.578584
1750970645.278256 -1.377133 0.099755 1.483013 0.014699 -0.814466 0.040875 0.578584
1750970645.283256 -1.377133 0.099755 1.483013 0.014699 -0.814466 0.040875 0.578584
1750970645.288255 -1.377133 0.099755 1.483013 0.014699 -0.814466 0.040875 0.578584
1750970645.293255 -1.377133 0.099755 1.483013 0.014699 -0.814466 0.040875 0.578584
1750970645.298254 -1.387949 0.101594 1.477929 0.013347 -0.822806 0.041013 0.566684
1750970645.303254 -1.387949 0.101594 1.477929 0.013347 -0.822806 0.041013 0.566684
1750970645.308254 -1.387949 0.101594 1.477929 0.013347 -0.822806 0.041013 0.566684
1750970645.310606 -1.387949 0.101594 1.477929 0.013347 -0.822806 0.041013 0.566684
1750970645.313253 -1.387949 0.101594 1.477929 0.013347 -0.822806 0.041013 0.566684
1750970645.318252 -1.387949 0.101594 1.477929 0.013347 -0.822806 0.041013 0.566684
1750970645.323252 -1.387949 0.101594 1.477929 0.013347 -0.822806 0.041013 0.566684
1750970645.328251 -1.398390 0.103102 1.474377 0.011714 -0.831146 0.042354 0.554316
1750970645.333251 -1.398390 0.103102 1.474377 0.011714 -0.831146 0.042354 0.554316
1750970645.338250 -1.398390 0.103102 1.474377 0.011714 -0.831146 0.042354 0.554316
1750970645.343250 -1.398390 0.103102 1.474377 0.011714 -0.831146 0.042354 0.554316
1750970645.348249 -1.398390 0.103102 1.474377 0.011714 -0.831146 0.042354 0.554316
1750970645.353249 -1.398390 0.103102 1.474377 0.011714 -0.831146 0.042354 0.554316
1750970645.358248 -1.398390 0.103102 1.474377 0.011714 -0.831146 0.042354 0.554316
1750970645.363248 -1.411122 0.102354 1.470796 0.009782 -0.838951 0.043460 0.542381
1750970645.368247 -1.411122 0.102354 1.470796 0.009782 -0.838951 0.043460 0.542381
1750970645.373246 -1.411122 0.102354 1.470796 0.009782 -0.838951 0.043460 0.542381
1750970645.378246 -1.411122 0.102354 1.470796 0.009782 -0.838951 0.043460 0.542381
1750970645.383246 -1.411122 0.102354 1.470796 0.009782 -0.838951 0.043460 0.542381
1750970645.388245 -1.411122 0.102354 1.470796 0.009782 -0.838951 0.043460 0.542381
1750970645.393244 -1.411122 0.102354 1.470796 0.009782 -0.838951 0.043460 0.542381
1750970645.398243 -1.422131 0.103207 1.467269 0.008509 -0.846365 0.044901 0.530638
1750970645.403244 -1.422131 0.103207 1.467269 0.008509 -0.846365 0.044901 0.530638
1750970645.408243 -1.422131 0.103207 1.467269 0.008509 -0.846365 0.044901 0.530638
1750970645.413242 -1.422131 0.103207 1.467269 0.008509 -0.846365 0.044901 0.530638
1750970645.418241 -1.422131 0.103207 1.467269 0.008509 -0.846365 0.044901 0.530638
1750970645.423241 -1.422131 0.103207 1.467269 0.008509 -0.846365 0.044901 0.530638
1750970645.428240 -1.422131 0.103207 1.467269 0.008509 -0.846365 0.044901 0.530638
1750970645.433240 -1.422131 0.103207 1.467269 0.008509 -0.846365 0.044901 0.530638
1750970645.438239 -1.422131 0.103207 1.467269 0.008509 -0.846365 0.044901 0.530638
1750970645.443239 -1.422131 0.103207 1.467269 0.008509 -0.846365 0.044901 0.530638
1750970645.448238 -1.422131 0.103207 1.467269 0.008509 -0.846365 0.044901 0.530638
1750970645.453238 -1.422131 0.103207 1.467269 0.008509 -0.846365 0.044901 0.530638
1750970645.458237 -1.422131 0.103207 1.467269 0.008509 -0.846365 0.044901 0.530638
1750970645.463237 -1.446708 0.105731 1.458421 0.004335 -0.861047 0.046416 0.506385
1750970645.468236 -1.446708 0.105731 1.458421 0.004335 -0.861047 0.046416 0.506385
1750970645.473235 -1.446708 0.105731 1.458421 0.004335 -0.861047 0.046416 0.506385
1750970645.477266 -1.446708 0.105731 1.458421 0.004335 -0.861047 0.046416 0.506385
1750970645.478234 -1.446708 0.105731 1.458421 0.004335 -0.861047 0.046416 0.506385
1750970645.483235 -1.446708 0.105731 1.458421 0.004335 -0.861047 0.046416 0.506385
1750970645.488234 -1.446708 0.105731 1.458421 0.004335 -0.861047 0.046416 0.506385
1750970645.493233 -1.446708 0.105731 1.458421 0.004335 -0.861047 0.046416 0.506385
1750970645.498233 -1.447517 0.109726 1.459329 0.002996 -0.869697 0.049249 0.491113
1750970645.503232 -1.447517 0.109726 1.459329 0.002996 -0.869697 0.049249 0.491113
1750970645.508231 -1.447517 0.109726 1.459329 0.002996 -0.869697 0.049249 0.491113
1750970645.513231 -1.447517 0.109726 1.459329 0.002996 -0.869697 0.049249 0.491113
1750970645.518231 -1.447517 0.109726 1.459329 0.002996 -0.869697 0.049249 0.491113
1750970645.523230 -1.447517 0.109726 1.459329 0.002996 -0.869697 0.049249 0.491113
1750970645.528229 -1.461178 0.110856 1.450006 0.001861 -0.875817 0.052226 0.479806
1750970645.533228 -1.461178 0.110856 1.450006 0.001861 -0.875817 0.052226 0.479806
1750970645.538228 -1.461178 0.110856 1.450006 0.001861 -0.875817 0.052226 0.479806
1750970645.543228 -1.461178 0.110856 1.450006 0.001861 -0.875817 0.052226 0.479806
1750970645.548227 -1.461178 0.110856 1.450006 0.001861 -0.875817 0.052226 0.479806
1750970645.553226 -1.461178 0.110856 1.450006 0.001861 -0.875817 0.052226 0.479806
1750970645.558226 -1.461178 0.110856 1.450006 0.001861 -0.875817 0.052226 0.479806
1750970645.563225 -1.461178 0.110856 1.450006 0.001861 -0.875817 0.052226 0.479806
1750970645.568224 -1.461178 0.110856 1.450006 0.001861 -0.875817 0.052226 0.479806
1750970645.573223 -1.461178 0.110856 1.450006 0.001861 -0.875817 0.052226 0.479806
1750970645.578224 -1.461178 0.110856 1.450006 0.001861 -0.875817 0.052226 0.479806
1750970645.583223 -1.461178 0.110856 1.450006 0.001861 -0.875817 0.052226 0.479806
1750970645.588222 -1.461178 0.110856 1.450006 0.001861 -0.875817 0.052226 0.479806
1750970645.593221 -1.461178 0.110856 1.450006 0.001861 -0.875817 0.052226 0.479806
1750970645.598221 -1.487372 0.109997 1.436610 -0.000853 -0.889777 0.057172 0.452799
1750970645.603220 -1.487372 0.109997 1.436610 -0.000853 -0.889777 0.057172 0.452799
1750970645.608219 -1.487372 0.109997 1.436610 -0.000853 -0.889777 0.057172 0.452799
1750970645.613219 -1.487372 0.109997 1.436610 -0.000853 -0.889777 0.057172 0.452799
1750970645.618219 -1.487372 0.109997 1.436610 -0.000853 -0.889777 0.057172 0.452799
1750970645.623218 -1.487372 0.109997 1.436610 -0.000853 -0.889777 0.057172 0.452799
1750970645.627259 -1.499261 0.110815 1.431787 -0.002394 -0.895931 0.059404 0.440197
1750970645.628217 -1.499261 0.110815 1.431787 -0.002394 -0.895931 0.059404 0.440197
1750970645.633216 -1.499261 0.110815 1.431787 -0.002394 -0.895931 0.059404 0.440197
1750970645.638216 -1.499261 0.110815 1.431787 -0.002394 -0.895931 0.059404 0.440197
1750970645.643215 -1.499261 0.110815 1.431787 -0.002394 -0.895931 0.059404 0.440197
1750970645.643924 -1.499261 0.110815 1.431787 -0.002394 -0.895931 0.059404 0.440197
1750970645.648215 -1.499261 0.110815 1.431787 -0.002394 -0.895931 0.059404 0.440197
1750970645.653214 -1.499261 0.110815 1.431787 -0.002394 -0.895931 0.059404 0.440197
1750970645.658214 -1.499261 0.110815 1.431787 -0.002394 -0.895931 0.059404 0.440197
1750970645.663213 -1.510994 0.110950 1.426087 -0.004093 -0.901837 0.060703 0.427772
1750970645.668212 -1.510994 0.110950 1.426087 -0.004093 -0.901837 0.060703 0.427772
1750970645.673211 -1.510994 0.110950 1.426087 -0.004093 -0.901837 0.060703 0.427772
1750970645.678211 -1.510994 0.110950 1.426087 -0.004093 -0.901837 0.060703 0.427772
1750970645.683211 -1.510994 0.110950 1.426087 -0.004093 -0.901837 0.060703 0.427772
1750970645.688210 -1.510994 0.110950 1.426087 -0.004093 -0.901837 0.060703 0.427772
1750970645.693210 -1.510994 0.110950 1.426087 -0.004093 -0.901837 0.060703 0.427772
1750970645.698210 -1.522794 0.110981 1.421144 -0.005508 -0.907403 0.061976 0.415631
1750970645.703209 -1.522794 0.110981 1.421144 -0.005508 -0.907403 0.061976 0.415631
1750970645.708208 -1.522794 0.110981 1.421144 -0.005508 -0.907403 0.061976 0.415631
1750970645.713208 -1.522794 0.110981 1.421144 -0.005508 -0.907403 0.061976 0.415631
1750970645.718208 -1.522794 0.110981 1.421144 -0.005508 -0.907403 0.061976 0.415631
1750970645.723207 -1.522794 0.110981 1.421144 -0.005508 -0.907403 0.061976 0.415631
1750970645.728207 -1.522794 0.110981 1.421144 -0.005508 -0.907403 0.061976 0.415631
1750970645.733206 -1.522794 0.110981 1.421144 -0.005508 -0.907403 0.061976 0.415631
1750970645.738206 -1.522794 0.110981 1.421144 -0.005508 -0.907403 0.061976 0.415631
1750970645.743206 -1.522794 0.110981 1.421144 -0.005508 -0.907403 0.061976 0.415631
1750970645.748205 -1.522794 0.110981 1.421144 -0.005508 -0.907403 0.061976 0.415631
1750970645.753206 -1.522794 0.110981 1.421144 -0.005508 -0.907403 0.061976 0.415631
1750970645.758205 -1.522794 0.110981 1.421144 -0.005508 -0.907403 0.061976 0.415631
1750970645.763204 -1.550925 0.111151 1.412613 -0.007822 -0.918509 0.063761 0.390146
1750970645.768203 -1.550925 0.111151 1.412613 -0.007822 -0.918509 0.063761 0.390146
1750970645.773203 -1.550925 0.111151 1.412613 -0.007822 -0.918509 0.063761 0.390146
1750970645.778203 -1.550925 0.111151 1.412613 -0.007822 -0.918509 0.063761 0.390146
1750970645.783203 -1.550925 0.111151 1.412613 -0.007822 -0.918509 0.063761 0.390146
1750970645.788202 -1.550925 0.111151 1.412613 -0.007822 -0.918509 0.063761 0.390146
1750970645.793202 -1.550925 0.111151 1.412613 -0.007822 -0.918509 0.063761 0.390146
1750970645.798202 -1.555062 0.108909 1.410157 -0.008368 -0.923702 0.063616 0.377700
1750970645.803201 -1.555062 0.108909 1.410157 -0.008368 -0.923702 0.063616 0.377700
1750970645.808200 -1.555062 0.108909 1.410157 -0.008368 -0.923702 0.063616 0.377700
1750970645.810587 -1.555062 0.108909 1.410157 -0.008368 -0.923702 0.063616 0.377700
1750970645.813200 -1.555062 0.108909 1.410157 -0.008368 -0.923702 0.063616 0.377700
1750970645.818200 -1.555062 0.108909 1.410157 -0.008368 -0.923702 0.063616 0.377700
1750970645.823200 -1.555062 0.108909 1.410157 -0.008368 -0.923702 0.063616 0.377700
1750970645.828199 -1.563772 0.109851 1.404591 -0.008670 -0.929367 0.063519 0.363549
1750970645.833199 -1.563772 0.109851 1.404591 -0.008670 -0.929367 0.063519 0.363549
1750970645.838198 -1.563772 0.109851 1.404591 -0.008670 -0.929367 0.063519 0.363549
1750970645.843198 -1.563772 0.109851 1.404591 -0.008670 -0.929367 0.063519 0.363549
1750970645.848197 -1.563772 0.109851 1.404591 -0.008670 -0.929367 0.063519 0.363549
1750970645.853196 -1.563772 0.109851 1.404591 -0.008670 -0.929367 0.063519 0.363549
1750970645.858196 -1.563772 0.109851 1.404591 -0.008670 -0.929367 0.063519 0.363549
1750970645.863196 -1.563772 0.109851 1.404591 -0.008670 -0.929367 0.063519 0.363549
1750970645.868195 -1.563772 0.109851 1.404591 -0.008670 -0.929367 0.063519 0.363549
1750970645.873195 -1.563772 0.109851 1.404591 -0.008670 -0.929367 0.063519 0.363549
1750970645.878195 -1.563772 0.109851 1.404591 -0.008670 -0.929367 0.063519 0.363549
1750970645.883194 -1.563772 0.109851 1.404591 -0.008670 -0.929367 0.063519 0.363549
1750970645.888194 -1.563772 0.109851 1.404591 -0.008670 -0.929367 0.063519 0.363549
1750970645.893194 -1.563772 0.109851 1.404591 -0.008670 -0.929367 0.063519 0.363549
1750970645.898193 -1.580586 0.111166 1.392593 -0.010938 -0.939975 0.063600 0.335086
1750970645.903192 -1.580586 0.111166 1.392593 -0.010938 -0.939975 0.063600 0.335086
1750970645.908192 -1.580586 0.111166 1.392593 -0.010938 -0.939975 0.063600 0.335086
1750970645.913192 -1.580586 0.111166 1.392593 -0.010938 -0.939975 0.063600 0.335086
1750970645.918191 -1.580586 0.111166 1.392593 -0.010938 -0.939975 0.063600 0.335086
1750970645.923191 -1.580586 0.111166 1.392593 -0.010938 -0.939975 0.063600 0.335086
1750970645.928191 -1.588514 0.113221 1.386935 -0.011373 -0.944595 0.064275 0.321682
1750970645.933190 -1.588514 0.113221 1.386935 -0.011373 -0.944595 0.064275 0.321682
1750970645.938190 -1.588514 0.113221 1.386935 -0.011373 -0.944595 0.064275 0.321682
1750970645.943189 -1.588514 0.113221 1.386935 -0.011373 -0.944595 0.064275 0.321682
1750970645.948188 -1.588514 0.113221 1.386935 -0.011373 -0.944595 0.064275 0.321682
1750970645.953188 -1.588514 0.113221 1.386935 -0.011373 -0.944595 0.064275 0.321682
1750970645.958188 -1.588514 0.113221 1.386935 -0.011373 -0.944595 0.064275 0.321682
1750970645.963187 -1.594969 0.114059 1.379976 -0.011967 -0.948723 0.063907 0.309352
1750970645.968186 -1.594969 0.114059 1.379976 -0.011967 -0.948723 0.063907 0.309352
1750970645.973186 -1.594969 0.114059 1.379976 -0.011967 -0.948723 0.063907 0.309352
1750970645.978186 -1.594969 0.114059 1.379976 -0.011967 -0.948723 0.063907 0.309352
1750970645.983185 -1.594969 0.114059 1.379976 -0.011967 -0.948723 0.063907 0.309352
1750970645.988185 -1.594969 0.114059 1.379976 -0.011967 -0.948723 0.063907 0.309352
1750970645.993185 -1.594969 0.114059 1.379976 -0.011967 -0.948723 0.063907 0.309352
1750970645.993917 -1.594969 0.114059 1.379976 -0.011967 -0.948723 0.063907 0.309352
1750970645.998184 -1.594969 0.114059 1.379976 -0.011967 -0.948723 0.063907 0.309352
1750970646.003183 -1.594969 0.114059 1.379976 -0.011967 -0.948723 0.063907 0.309352
1750970646.008183 -1.594969 0.114059 1.379976 -0.011967 -0.948723 0.063907 0.309352
1750970646.013183 -1.594969 0.114059 1.379976 -0.011967 -0.948723 0.063907 0.309352
1750970646.018182 -1.594969 0.114059 1.379976 -0.011967 -0.948723 0.063907 0.309352
1750970646.023181 -1.594969 0.114059 1.379976 -0.011967 -0.948723 0.063907 0.309352
1750970646.028181 -1.606741 0.114043 1.366072 -0.012702 -0.955835 0.062094 0.286989
1750970646.033181 -1.606741 0.114043 1.366072 -0.012702 -0.955835 0.062094 0.286989
1750970646.038180 -1.606741 0.114043 1.366072 -0.012702 -0.955835 0.062094 0.286989
1750970646.043180 -1.606741 0.114043 1.366072 -0.012702 -0.955835 0.062094 0.286989
1750970646.048179 -1.606741 0.114043 1.366072 -0.012702 -0.955835 0.062094 0.286989
1750970646.053179 -1.606741 0.114043 1.366072 -0.012702 -0.955835 0.062094 0.286989
1750970646.058179 -1.606741 0.114043 1.366072 -0.012702 -0.955835 0.062094 0.286989
1750970646.063178 -1.613064 0.113586 1.357810 -0.012333 -0.959232 0.061749 0.275518
1750970646.068177 -1.613064 0.113586 1.357810 -0.012333 -0.959232 0.061749 0.275518
1750970646.073177 -1.613064 0.113586 1.357810 -0.012333 -0.959232 0.061749 0.275518
1750970646.078176 -1.613064 0.113586 1.357810 -0.012333 -0.959232 0.061749 0.275518
1750970646.083176 -1.613064 0.113586 1.357810 -0.012333 -0.959232 0.061749 0.275518
1750970646.088175 -1.613064 0.113586 1.357810 -0.012333 -0.959232 0.061749 0.275518
1750970646.093175 -1.613064 0.113586 1.357810 -0.012333 -0.959232 0.061749 0.275518
1750970646.098174 -1.613064 0.113586 1.357810 -0.012333 -0.959232 0.061749 0.275518
1750970646.103174 -1.613064 0.113586 1.357810 -0.012333 -0.959232 0.061749 0.275518
1750970646.108174 -1.613064 0.113586 1.357810 -0.012333 -0.959232 0.061749 0.275518
1750970646.113173 -1.613064 0.113586 1.357810 -0.012333 -0.959232 0.061749 0.275518
1750970646.118172 -1.613064 0.113586 1.357810 -0.012333 -0.959232 0.061749 0.275518
1750970646.123172 -1.613064 0.113586 1.357810 -0.012333 -0.959232 0.061749 0.275518
1750970646.128171 -1.622983 0.113338 1.343519 -0.012290 -0.965457 0.061007 0.253023
1750970646.133171 -1.622983 0.113338 1.343519 -0.012290 -0.965457 0.061007 0.253023
1750970646.138170 -1.622983 0.113338 1.343519 -0.012290 -0.965457 0.061007 0.253023
1750970646.143170 -1.622983 0.113338 1.343519 -0.012290 -0.965457 0.061007 0.253023
1750970646.148170 -1.622983 0.113338 1.343519 -0.012290 -0.965457 0.061007 0.253023
1750970646.153169 -1.622983 0.113338 1.343519 -0.012290 -0.965457 0.061007 0.253023
1750970646.158169 -1.622983 0.113338 1.343519 -0.012290 -0.965457 0.061007 0.253023
1750970646.163168 -1.627202 0.114163 1.336766 -0.013294 -0.968134 0.061023 0.242519
1750970646.168168 -1.627202 0.114163 1.336766 -0.013294 -0.968134 0.061023 0.242519
1750970646.173167 -1.627202 0.114163 1.336766 -0.013294 -0.968134 0.061023 0.242519
1750970646.177244 -1.627202 0.114163 1.336766 -0.013294 -0.968134 0.061023 0.242519
1750970646.178166 -1.627202 0.114163 1.336766 -0.013294 -0.968134 0.061023 0.242519
1750970646.183166 -1.627202 0.114163 1.336766 -0.013294 -0.968134 0.061023 0.242519
1750970646.188166 -1.627202 0.114163 1.336766 -0.013294 -0.968134 0.061023 0.242519
1750970646.193165 -1.627202 0.114163 1.336766 -0.013294 -0.968134 0.061023 0.242519
1750970646.198164 -1.631575 0.115479 1.328359 -0.014056 -0.970450 0.061620 0.232878
1750970646.203164 -1.631575 0.115479 1.328359 -0.014056 -0.970450 0.061620 0.232878
1750970646.208164 -1.631575 0.115479 1.328359 -0.014056 -0.970450 0.061620 0.232878
1750970646.213163 -1.631575 0.115479 1.328359 -0.014056 -0.970450 0.061620 0.232878
1750970646.218162 -1.631575 0.115479 1.328359 -0.014056 -0.970450 0.061620 0.232878
1750970646.223162 -1.631575 0.115479 1.328359 -0.014056 -0.970450 0.061620 0.232878
1750970646.228162 -1.631575 0.115479 1.328359 -0.014056 -0.970450 0.061620 0.232878
1750970646.233161 -1.631575 0.115479 1.328359 -0.014056 -0.970450 0.061620 0.232878
1750970646.238160 -1.631575 0.115479 1.328359 -0.014056 -0.970450 0.061620 0.232878
1750970646.243160 -1.631575 0.115479 1.328359 -0.014056 -0.970450 0.061620 0.232878
1750970646.248159 -1.631575 0.115479 1.328359 -0.014056 -0.970450 0.061620 0.232878
1750970646.253159 -1.631575 0.115479 1.328359 -0.014056 -0.970450 0.061620 0.232878
1750970646.258158 -1.631575 0.115479 1.328359 -0.014056 -0.970450 0.061620 0.232878
1750970646.263158 -1.641102 0.116084 1.310933 -0.016491 -0.974687 0.063123 0.213845
1750970646.268157 -1.641102 0.116084 1.310933 -0.016491 -0.974687 0.063123 0.213845
1750970646.273157 -1.641102 0.116084 1.310933 -0.016491 -0.974687 0.063123 0.213845
1750970646.278156 -1.641102 0.116084 1.310933 -0.016491 -0.974687 0.063123 0.213845
1750970646.283156 -1.641102 0.116084 1.310933 -0.016491 -0.974687 0.063123 0.213845
1750970646.288155 -1.641102 0.116084 1.310933 -0.016491 -0.974687 0.063123 0.213845
1750970646.293154 -1.641102 0.116084 1.310933 -0.016491 -0.974687 0.063123 0.213845
1750970646.298153 -1.644869 0.116881 1.301471 -0.017720 -0.976599 0.063797 0.204625
1750970646.303154 -1.644869 0.116881 1.301471 -0.017720 -0.976599 0.063797 0.204625
1750970646.308153 -1.644869 0.116881 1.301471 -0.017720 -0.976599 0.063797 0.204625
1750970646.313152 -1.644869 0.116881 1.301471 -0.017720 -0.976599 0.063797 0.204625
1750970646.318151 -1.644869 0.116881 1.301471 -0.017720 -0.976599 0.063797 0.204625
1750970646.323152 -1.644869 0.116881 1.301471 -0.017720 -0.976599 0.063797 0.204625
1750970646.328151 -1.649128 0.114979 1.289547 -0.019213 -0.978402 0.063345 0.195826
1750970646.333150 -1.649128 0.114979 1.289547 -0.019213 -0.978402 0.063345 0.195826
1750970646.338149 -1.649128 0.114979 1.289547 -0.019213 -0.978402 0.063345 0.195826
1750970646.343149 -1.649128 0.114979 1.289547 -0.019213 -0.978402 0.063345 0.195826
1750970646.348149 -1.649128 0.114979 1.289547 -0.019213 -0.978402 0.063345 0.195826
1750970646.353148 -1.649128 0.114979 1.289547 -0.019213 -0.978402 0.063345 0.195826
1750970646.358147 -1.649128 0.114979 1.289547 -0.019213 -0.978402 0.063345 0.195826
1750970646.360570 -1.649128 0.114979 1.289547 -0.019213 -0.978402 0.063345 0.195826
1750970646.363147 -1.649128 0.114979 1.289547 -0.019213 -0.978402 0.063345 0.195826
1750970646.368146 -1.649128 0.114979 1.289547 -0.019213 -0.978402 0.063345 0.195826
1750970646.373145 -1.649128 0.114979 1.289547 -0.019213 -0.978402 0.063345 0.195826
1750970646.378145 -1.649128 0.114979 1.289547 -0.019213 -0.978402 0.063345 0.195826
1750970646.383145 -1.649128 0.114979 1.289547 -0.019213 -0.978402 0.063345 0.195826
1750970646.388144 -1.649128 0.114979 1.289547 -0.019213 -0.978402 0.063345 0.195826
1750970646.393143 -1.649128 0.114979 1.289547 -0.019213 -0.978402 0.063345 0.195826
1750970646.398142 -1.656839 0.116372 1.269260 -0.020994 -0.981307 0.063731 0.180374
1750970646.403142 -1.656839 0.116372 1.269260 -0.020994 -0.981307 0.063731 0.180374
1750970646.408142 -1.656839 0.116372 1.269260 -0.020994 -0.981307 0.063731 0.180374
1750970646.413141 -1.656839 0.116372 1.269260 -0.020994 -0.981307 0.063731 0.180374
1750970646.418140 -1.656839 0.116372 1.269260 -0.020994 -0.981307 0.063731 0.180374
1750970646.423140 -1.656839 0.116372 1.269260 -0.020994 -0.981307 0.063731 0.180374
1750970646.428139 -1.659222 0.117425 1.258403 -0.020943 -0.982552 0.064539 0.173167
1750970646.433138 -1.659222 0.117425 1.258403 -0.020943 -0.982552 0.064539 0.173167
1750970646.438138 -1.659222 0.117425 1.258403 -0.020943 -0.982552 0.064539 0.173167
1750970646.443138 -1.659222 0.117425 1.258403 -0.020943 -0.982552 0.064539 0.173167
1750970646.448137 -1.659222 0.117425 1.258403 -0.020943 -0.982552 0.064539 0.173167
1750970646.453136 -1.659222 0.117425 1.258403 -0.020943 -0.982552 0.064539 0.173167
1750970646.458135 -1.659222 0.117425 1.258403 -0.020943 -0.982552 0.064539 0.173167
1750970646.463135 -1.659222 0.117425 1.258403 -0.020943 -0.982552 0.064539 0.173167
1750970646.468134 -1.659222 0.117425 1.258403 -0.020943 -0.982552 0.064539 0.173167
1750970646.473134 -1.659222 0.117425 1.258403 -0.020943 -0.982552 0.064539 0.173167
1750970646.478133 -1.659222 0.117425 1.258403 -0.020943 -0.982552 0.064539 0.173167
1750970646.483133 -1.659222 0.117425 1.258403 -0.020943 -0.982552 0.064539 0.173167
1750970646.488132 -1.659222 0.117425 1.258403 -0.020943 -0.982552 0.064539 0.173167
1750970646.493131 -1.659222 0.117425 1.258403 -0.020943 -0.982552 0.064539 0.173167
1750970646.498130 -1.661461 0.119294 1.234615 -0.019813 -0.984749 0.066880 0.159386
1750970646.503131 -1.661461 0.119294 1.234615 -0.019813 -0.984749 0.066880 0.159386
1750970646.508130 -1.661461 0.119294 1.234615 -0.019813 -0.984749 0.066880 0.159386
1750970646.513129 -1.661461 0.119294 1.234615 -0.019813 -0.984749 0.066880 0.159386
1750970646.518128 -1.661461 0.119294 1.234615 -0.019813 -0.984749 0.066880 0.159386
1750970646.523128 -1.661461 0.119294 1.234615 -0.019813 -0.984749 0.066880 0.159386
1750970646.527228 -1.663257 0.120118 1.222445 -0.018705 -0.985649 0.068176 0.153289
1750970646.528127 -1.663257 0.120118 1.222445 -0.018705 -0.985649 0.068176 0.153289
1750970646.533126 -1.663257 0.120118 1.222445 -0.018705 -0.985649 0.068176 0.153289
1750970646.538126 -1.663257 0.120118 1.222445 -0.018705 -0.985649 0.068176 0.153289
1750970646.543126 -1.663257 0.120118 1.222445 -0.018705 -0.985649 0.068176 0.153289
1750970646.543893 -1.663257 0.120118 1.222445 -0.018705 -0.985649 0.068176 0.153289
1750970646.548125 -1.663257 0.120118 1.222445 -0.018705 -0.985649 0.068176 0.153289
1750970646.553124 -1.663257 0.120118 1.222445 -0.018705 -0.985649 0.068176 0.153289
1750970646.558124 -1.663257 0.120118 1.222445 -0.018705 -0.985649 0.068176 0.153289
1750970646.563123 -1.663276 0.120916 1.210590 -0.017579 -0.986343 0.070190 0.147961
1750970646.568122 -1.663276 0.120916 1.210590 -0.017579 -0.986343 0.070190 0.147961
1750970646.573121 -1.663276 0.120916 1.210590 -0.017579 -0.986343 0.070190 0.147961
1750970646.578121 -1.663276 0.120916 1.210590 -0.017579 -0.986343 0.070190 0.147961
1750970646.583121 -1.663276 0.120916 1.210590 -0.017579 -0.986343 0.070190 0.147961
1750970646.588120 -1.663276 0.120916 1.210590 -0.017579 -0.986343 0.070190 0.147961
1750970646.593119 -1.663276 0.120916 1.210590 -0.017579 -0.986343 0.070190 0.147961
1750970646.598119 -1.663276 0.120916 1.210590 -0.017579 -0.986343 0.070190 0.147961
1750970646.603118 -1.663276 0.120916 1.210590 -0.017579 -0.986343 0.070190 0.147961
1750970646.608117 -1.663276 0.120916 1.210590 -0.017579 -0.986343 0.070190 0.147961
1750970646.613117 -1.663276 0.120916 1.210590 -0.017579 -0.986343 0.070190 0.147961
1750970646.618116 -1.663276 0.120916 1.210590 -0.017579 -0.986343 0.070190 0.147961
1750970646.623116 -1.663276 0.120916 1.210590 -0.017579 -0.986343 0.070190 0.147961
1750970646.628115 -1.662225 0.119836 1.180194 -0.014976 -0.987532 0.075025 0.137576
1750970646.633114 -1.662225 0.119836 1.180194 -0.014976 -0.987532 0.075025 0.137576
1750970646.638114 -1.662225 0.119836 1.180194 -0.014976 -0.987532 0.075025 0.137576
1750970646.643113 -1.662225 0.119836 1.180194 -0.014976 -0.987532 0.075025 0.137576
1750970646.648112 -1.662225 0.119836 1.180194 -0.014976 -0.987532 0.075025 0.137576
1750970646.653111 -1.662225 0.119836 1.180194 -0.014976 -0.987532 0.075025 0.137576
1750970646.658111 -1.662225 0.119836 1.180194 -0.014976 -0.987532 0.075025 0.137576
1750970646.663110 -1.662225 0.119836 1.180194 -0.014976 -0.987532 0.075025 0.137576
1750970646.668110 -1.662225 0.119836 1.180194 -0.014976 -0.987532 0.075025 0.137576
1750970646.673109 -1.662225 0.119836 1.180194 -0.014976 -0.987532 0.075025 0.137576
1750970646.678109 -1.662225 0.119836 1.180194 -0.014976 -0.987532 0.075025 0.137576
1750970646.683108 -1.662225 0.119836 1.180194 -0.014976 -0.987532 0.075025 0.137576
1750970646.688107 -1.662225 0.119836 1.180194 -0.014976 -0.987532 0.075025 0.137576
1750970646.693106 -1.662225 0.119836 1.180194 -0.014976 -0.987532 0.075025 0.137576
1750970646.698107 -1.662555 0.119772 1.163020 -0.012411 -0.988730 0.079419 0.126298
1750970646.703106 -1.662555 0.119772 1.163020 -0.012411 -0.988730 0.079419 0.126298
1750970646.708105 -1.662555 0.119772 1.163020 -0.012411 -0.988730 0.079419 0.126298
1750970646.713104 -1.662555 0.119772 1.163020 -0.012411 -0.988730 0.079419 0.126298
1750970646.718105 -1.662555 0.119772 1.163020 -0.012411 -0.988730 0.079419 0.126298
1750970646.723104 -1.662555 0.119772 1.163020 -0.012411 -0.988730 0.079419 0.126298
1750970646.728103 -1.666101 0.117051 1.152867 -0.011936 -0.989132 0.082369 0.121203
1750970646.733103 -1.666101 0.117051 1.152867 -0.011936 -0.989132 0.082369 0.121203
1750970646.738102 -1.666101 0.117051 1.152867 -0.011936 -0.989132 0.082369 0.121203
1750970646.743102 -1.666101 0.117051 1.152867 -0.011936 -0.989132 0.082369 0.121203
1750970646.748101 -1.666101 0.117051 1.152867 -0.011936 -0.989132 0.082369 0.121203
1750970646.753101 -1.666101 0.117051 1.152867 -0.011936 -0.989132 0.082369 0.121203
1750970646.758101 -1.666101 0.117051 1.152867 -0.011936 -0.989132 0.082369 0.121203
1750970646.760550 -1.666101 0.117051 1.152867 -0.011936 -0.989132 0.082369 0.121203
1750970646.763100 -1.666101 0.117051 1.152867 -0.011936 -0.989132 0.082369 0.121203
1750970646.768099 -1.666101 0.117051 1.152867 -0.011936 -0.989132 0.082369 0.121203
1750970646.773099 -1.666101 0.117051 1.152867 -0.011936 -0.989132 0.082369 0.121203
1750970646.778098 -1.666101 0.117051 1.152867 -0.011936 -0.989132 0.082369 0.121203
1750970646.783098 -1.666101 0.117051 1.152867 -0.011936 -0.989132 0.082369 0.121203
1750970646.788097 -1.666101 0.117051 1.152867 -0.011936 -0.989132 0.082369 0.121203
1750970646.793097 -1.666101 0.117051 1.152867 -0.011936 -0.989132 0.082369 0.121203
1750970646.798096 -1.666406 0.114267 1.128687 -0.011983 -0.989622 0.087591 0.113280
1750970646.803096 -1.666406 0.114267 1.128687 -0.011983 -0.989622 0.087591 0.113280
1750970646.808095 -1.666406 0.114267 1.128687 -0.011983 -0.989622 0.087591 0.113280
1750970646.813095 -1.666406 0.114267 1.128687 -0.011983 -0.989622 0.087591 0.113280
1750970646.818094 -1.666406 0.114267 1.128687 -0.011983 -0.989622 0.087591 0.113280
1750970646.823093 -1.666406 0.114267 1.128687 -0.011983 -0.989622 0.087591 0.113280
1750970646.828092 -1.665249 0.113287 1.116998 -0.012199 -0.989821 0.088730 0.110601
1750970646.833093 -1.665249 0.113287 1.116998 -0.012199 -0.989821 0.088730 0.110601
1750970646.838092 -1.665249 0.113287 1.116998 -0.012199 -0.989821 0.088730 0.110601
1750970646.843091 -1.665249 0.113287 1.116998 -0.012199 -0.989821 0.088730 0.110601
1750970646.848090 -1.665249 0.113287 1.116998 -0.012199 -0.989821 0.088730 0.110601
1750970646.853091 -1.665249 0.113287 1.116998 -0.012199 -0.989821 0.088730 0.110601
1750970646.858090 -1.665249 0.113287 1.116998 -0.012199 -0.989821 0.088730 0.110601
1750970646.863089 -1.665249 0.113287 1.116998 -0.012199 -0.989821 0.088730 0.110601
1750970646.868088 -1.665249 0.113287 1.116998 -0.012199 -0.989821 0.088730 0.110601
1750970646.873088 -1.665249 0.113287 1.116998 -0.012199 -0.989821 0.088730 0.110601
1750970646.878088 -1.665249 0.113287 1.116998 -0.012199 -0.989821 0.088730 0.110601
1750970646.883087 -1.665249 0.113287 1.116998 -0.012199 -0.989821 0.088730 0.110601
1750970646.888087 -1.665249 0.113287 1.116998 -0.012199 -0.989821 0.088730 0.110601
1750970646.893086 -1.665249 0.113287 1.116998 -0.012199 -0.989821 0.088730 0.110601
1750970646.898085 -1.663693 0.111919 1.093796 -0.012764 -0.990041 0.091133 0.106542
1750970646.903085 -1.663693 0.111919 1.093796 -0.012764 -0.990041 0.091133 0.106542
1750970646.908085 -1.663693 0.111919 1.093796 -0.012764 -0.990041 0.091133 0.106542
1750970646.913084 -1.663693 0.111919 1.093796 -0.012764 -0.990041 0.091133 0.106542
1750970646.918083 -1.663693 0.111919 1.093796 -0.012764 -0.990041 0.091133 0.106542
1750970646.923082 -1.663693 0.111919 1.093796 -0.012764 -0.990041 0.091133 0.106542
1750970646.928082 -1.661718 0.111608 1.082726 -0.013169 -0.990109 0.092939 0.104280
1750970646.933082 -1.661718 0.111608 1.082726 -0.013169 -0.990109 0.092939 0.104280
1750970646.938081 -1.661718 0.111608 1.082726 -0.013169 -0.990109 0.092939 0.104280
1750970646.943080 -1.661718 0.111608 1.082726 -0.013169 -0.990109 0.092939 0.104280
1750970646.948080 -1.661718 0.111608 1.082726 -0.013169 -0.990109 0.092939 0.104280
1750970646.953079 -1.661718 0.111608 1.082726 -0.013169 -0.990109 0.092939 0.104280
1750970646.958079 -1.661718 0.111608 1.082726 -0.013169 -0.990109 0.092939 0.104280
1750970646.960541 -1.661718 0.111608 1.082726 -0.013169 -0.990109 0.092939 0.104280
1750970646.963078 -1.661718 0.111608 1.082726 -0.013169 -0.990109 0.092939 0.104280
1750970646.968078 -1.661718 0.111608 1.082726 -0.013169 -0.990109 0.092939 0.104280
1750970646.973077 -1.661718 0.111608 1.082726 -0.013169 -0.990109 0.092939 0.104280
1750970646.978076 -1.661718 0.111608 1.082726 -0.013169 -0.990109 0.092939 0.104280
1750970646.983075 -1.661718 0.111608 1.082726 -0.013169 -0.990109 0.092939 0.104280
1750970646.988075 -1.661718 0.111608 1.082726 -0.013169 -0.990109 0.092939 0.104280
1750970646.993075 -1.661718 0.111608 1.082726 -0.013169 -0.990109 0.092939 0.104280
1750970646.998074 -1.658630 0.107936 1.054125 -0.013175 -0.990297 0.096578 0.099056
1750970647.003073 -1.658630 0.107936 1.054125 -0.013175 -0.990297 0.096578 0.099056
1750970647.008073 -1.658630 0.107936 1.054125 -0.013175 -0.990297 0.096578 0.099056
1750970647.013072 -1.658630 0.107936 1.054125 -0.013175 -0.990297 0.096578 0.099056
1750970647.018072 -1.658630 0.107936 1.054125 -0.013175 -0.990297 0.096578 0.099056
1750970647.023071 -1.658630 0.107936 1.054125 -0.013175 -0.990297 0.096578 0.099056
1750970647.028071 -1.659850 0.106882 1.045431 -0.012915 -0.990527 0.097450 0.095880
1750970647.033070 -1.659850 0.106882 1.045431 -0.012915 -0.990527 0.097450 0.095880
1750970647.038069 -1.659850 0.106882 1.045431 -0.012915 -0.990527 0.097450 0.095880
1750970647.043068 -1.659850 0.106882 1.045431 -0.012915 -0.990527 0.097450 0.095880
1750970647.048068 -1.659850 0.106882 1.045431 -0.012915 -0.990527 0.097450 0.095880
1750970647.053067 -1.659850 0.106882 1.045431 -0.012915 -0.990527 0.097450 0.095880
1750970647.058067 -1.659850 0.106882 1.045431 -0.012915 -0.990527 0.097450 0.095880
1750970647.063066 -1.659934 0.106201 1.036504 -0.012698 -0.990781 0.098045 0.092624
1750970647.068066 -1.659934 0.106201 1.036504 -0.012698 -0.990781 0.098045 0.092624
1750970647.073065 -1.659934 0.106201 1.036504 -0.012698 -0.990781 0.098045 0.092624
1750970647.078064 -1.659934 0.106201 1.036504 -0.012698 -0.990781 0.098045 0.092624
1750970647.083063 -1.659934 0.106201 1.036504 -0.012698 -0.990781 0.098045 0.092624
1750970647.088063 -1.659934 0.106201 1.036504 -0.012698 -0.990781 0.098045 0.092624
1750970647.093062 -1.659934 0.106201 1.036504 -0.012698 -0.990781 0.098045 0.092624
1750970647.098062 -1.659934 0.106201 1.036504 -0.012698 -0.990781 0.098045 0.092624
1750970647.103061 -1.659934 0.106201 1.036504 -0.012698 -0.990781 0.098045 0.092624
1750970647.108061 -1.659934 0.106201 1.036504 -0.012698 -0.990781 0.098045 0.092624
1750970647.113060 -1.659934 0.106201 1.036504 -0.012698 -0.990781 0.098045 0.092624
1750970647.118059 -1.659934 0.106201 1.036504 -0.012698 -0.990781 0.098045 0.092624
1750970647.123058 -1.659934 0.106201 1.036504 -0.012698 -0.990781 0.098045 0.092624
1750970647.128058 -1.661379 0.105560 1.016985 -0.013006 -0.991275 0.098768 0.086311
1750970647.133057 -1.661379 0.105560 1.016985 -0.013006 -0.991275 0.098768 0.086311
1750970647.138057 -1.661379 0.105560 1.016985 -0.013006 -0.991275 0.098768 0.086311
1750970647.143057 -1.661379 0.105560 1.016985 -0.013006 -0.991275 0.098768 0.086311
1750970647.143865 -1.661379 0.105560 1.016985 -0.013006 -0.991275 0.098768 0.086311
1750970647.148056 -1.661379 0.105560 1.016985 -0.013006 -0.991275 0.098768 0.086311
1750970647.153055 -1.661379 0.105560 1.016985 -0.013006 -0.991275 0.098768 0.086311
1750970647.158054 -1.661379 0.105560 1.016985 -0.013006 -0.991275 0.098768 0.086311
1750970647.163053 -1.661931 0.105141 1.007012 -0.013201 -0.991552 0.098803 0.082996
1750970647.168053 -1.661931 0.105141 1.007012 -0.013201 -0.991552 0.098803 0.082996
1750970647.173052 -1.661931 0.105141 1.007012 -0.013201 -0.991552 0.098803 0.082996
1750970647.178051 -1.661931 0.105141 1.007012 -0.013201 -0.991552 0.098803 0.082996
1750970647.183052 -1.661931 0.105141 1.007012 -0.013201 -0.991552 0.098803 0.082996
1750970647.188051 -1.661931 0.105141 1.007012 -0.013201 -0.991552 0.098803 0.082996
1750970647.193050 -1.661931 0.105141 1.007012 -0.013201 -0.991552 0.098803 0.082996
1750970647.198049 -1.661931 0.105141 1.007012 -0.013201 -0.991552 0.098803 0.082996
1750970647.203048 -1.661931 0.105141 1.007012 -0.013201 -0.991552 0.098803 0.082996
1750970647.208048 -1.661931 0.105141 1.007012 -0.013201 -0.991552 0.098803 0.082996
1750970647.213047 -1.661931 0.105141 1.007012 -0.013201 -0.991552 0.098803 0.082996
1750970647.218046 -1.661931 0.105141 1.007012 -0.013201 -0.991552 0.098803 0.082996
1750970647.223046 -1.661931 0.105141 1.007012 -0.013201 -0.991552 0.098803 0.082996
1750970647.228045 -1.662973 0.105780 0.985116 -0.014566 -0.992100 0.098647 0.076122
1750970647.233044 -1.662973 0.105780 0.985116 -0.014566 -0.992100 0.098647 0.076122
1750970647.238043 -1.662973 0.105780 0.985116 -0.014566 -0.992100 0.098647 0.076122
1750970647.243044 -1.662973 0.105780 0.985116 -0.014566 -0.992100 0.098647 0.076122
1750970647.248043 -1.662973 0.105780 0.985116 -0.014566 -0.992100 0.098647 0.076122
1750970647.253042 -1.662973 0.105780 0.985116 -0.014566 -0.992100 0.098647 0.076122
1750970647.258041 -1.662973 0.105780 0.985116 -0.014566 -0.992100 0.098647 0.076122
1750970647.263041 -1.666783 0.105333 0.975423 -0.015995 -0.992424 0.098059 0.072269
1750970647.268040 -1.666783 0.105333 0.975423 -0.015995 -0.992424 0.098059 0.072269
1750970647.273039 -1.666783 0.105333 0.975423 -0.015995 -0.992424 0.098059 0.072269
1750970647.278038 -1.666783 0.105333 0.975423 -0.015995 -0.992424 0.098059 0.072269
1750970647.283038 -1.666783 0.105333 0.975423 -0.015995 -0.992424 0.098059 0.072269
1750970647.288037 -1.666783 0.105333 0.975423 -0.015995 -0.992424 0.098059 0.072269
1750970647.293036 -1.666783 0.105333 0.975423 -0.015995 -0.992424 0.098059 0.072269
1750970647.298035 -1.668892 0.106391 0.964989 -0.017331 -0.992737 0.097214 0.068714
1750970647.303035 -1.668892 0.106391 0.964989 -0.017331 -0.992737 0.097214 0.068714
1750970647.308035 -1.668892 0.106391 0.964989 -0.017331 -0.992737 0.097214 0.068714
1750970647.313034 -1.668892 0.106391 0.964989 -0.017331 -0.992737 0.097214 0.068714
1750970647.318033 -1.668892 0.106391 0.964989 -0.017331 -0.992737 0.097214 0.068714
1750970647.323033 -1.668892 0.106391 0.964989 -0.017331 -0.992737 0.097214 0.068714
1750970647.327186 -1.668892 0.106391 0.964989 -0.017331 -0.992737 0.097214 0.068714
1750970647.328032 -1.668892 0.106391 0.964989 -0.017331 -0.992737 0.097214 0.068714
1750970647.333031 -1.668892 0.106391 0.964989 -0.017331 -0.992737 0.097214 0.068714
1750970647.338030 -1.668892 0.106391 0.964989 -0.017331 -0.992737 0.097214 0.068714
1750970647.343030 -1.668892 0.106391 0.964989 -0.017331 -0.992737 0.097214 0.068714
1750970647.348029 -1.668892 0.106391 0.964989 -0.017331 -0.992737 0.097214 0.068714
1750970647.353028 -1.668892 0.106391 0.964989 -0.017331 -0.992737 0.097214 0.068714
1750970647.358027 -1.668892 0.106391 0.964989 -0.017331 -0.992737 0.097214 0.068714
1750970647.363027 -1.674647 0.107555 0.943438 -0.019720 -0.993336 0.095012 0.062183
1750970647.368026 -1.674647 0.107555 0.943438 -0.019720 -0.993336 0.095012 0.062183
1750970647.373025 -1.674647 0.107555 0.943438 -0.019720 -0.993336 0.095012 0.062183
1750970647.378025 -1.674647 0.107555 0.943438 -0.019720 -0.993336 0.095012 0.062183
1750970647.383024 -1.674647 0.107555 0.943438 -0.019720 -0.993336 0.095012 0.062183
1750970647.388024 -1.674647 0.107555 0.943438 -0.019720 -0.993336 0.095012 0.062183
1750970647.393023 -1.674647 0.107555 0.943438 -0.019720 -0.993336 0.095012 0.062183
1750970647.398022 -1.678349 0.109397 0.932616 -0.020963 -0.993663 0.093945 0.058047
1750970647.403022 -1.678349 0.109397 0.932616 -0.020963 -0.993663 0.093945 0.058047
1750970647.408020 -1.678349 0.109397 0.932616 -0.020963 -0.993663 0.093945 0.058047
1750970647.413020 -1.678349 0.109397 0.932616 -0.020963 -0.993663 0.093945 0.058047
1750970647.418020 -1.678349 0.109397 0.932616 -0.020963 -0.993663 0.093945 0.058047
1750970647.423018 -1.678349 0.109397 0.932616 -0.020963 -0.993663 0.093945 0.058047
1750970647.428018 -1.678349 0.109397 0.932616 -0.020963 -0.993663 0.093945 0.058047
1750970647.433017 -1.678349 0.109397 0.932616 -0.020963 -0.993663 0.093945 0.058047
1750970647.438016 -1.678349 0.109397 0.932616 -0.020963 -0.993663 0.093945 0.058047
1750970647.443016 -1.678349 0.109397 0.932616 -0.020963 -0.993663 0.093945 0.058047
1750970647.448014 -1.678349 0.109397 0.932616 -0.020963 -0.993663 0.093945 0.058047
1750970647.453014 -1.678349 0.109397 0.932616 -0.020963 -0.993663 0.093945 0.058047
1750970647.458014 -1.678349 0.109397 0.932616 -0.020963 -0.993663 0.093945 0.058047
1750970647.463013 -1.684876 0.110839 0.909003 -0.023850 -0.994350 0.092568 0.046156
1750970647.468012 -1.684876 0.110839 0.909003 -0.023850 -0.994350 0.092568 0.046156
1750970647.473012 -1.684876 0.110839 0.909003 -0.023850 -0.994350 0.092568 0.046156
1750970647.478011 -1.684876 0.110839 0.909003 -0.023850 -0.994350 0.092568 0.046156
1750970647.483010 -1.684876 0.110839 0.909003 -0.023850 -0.994350 0.092568 0.046156
1750970647.488009 -1.684876 0.110839 0.909003 -0.023850 -0.994350 0.092568 0.046156
1750970647.493008 -1.684876 0.110839 0.909003 -0.023850 -0.994350 0.092568 0.046156
1750970647.498008 -1.684876 0.110839 0.909003 -0.023850 -0.994350 0.092568 0.046156
1750970647.503007 -1.684876 0.110839 0.909003 -0.023850 -0.994350 0.092568 0.046156
1750970647.508006 -1.684876 0.110839 0.909003 -0.023850 -0.994350 0.092568 0.046156
1750970647.513006 -1.684876 0.110839 0.909003 -0.023850 -0.994350 0.092568 0.046156
1750970647.518005 -1.684876 0.110839 0.909003 -0.023850 -0.994350 0.092568 0.046156
1750970647.523004 -1.684876 0.110839 0.909003 -0.023850 -0.994350 0.092568 0.046156
1750970647.527170 -1.693663 0.111914 0.880935 -0.028096 -0.994785 0.092435 0.032693
1750970647.528003 -1.693663 0.111914 0.880935 -0.028096 -0.994785 0.092435 0.032693
1750970647.533003 -1.693663 0.111914 0.880935 -0.028096 -0.994785 0.092435 0.032693
1750970647.538002 -1.693663 0.111914 0.880935 -0.028096 -0.994785 0.092435 0.032693
1750970647.543001 -1.693663 0.111914 0.880935 -0.028096 -0.994785 0.092435 0.032693
1750970647.543836 -1.693663 0.111914 0.880935 -0.028096 -0.994785 0.092435 0.032693
1750970647.548000 -1.693663 0.111914 0.880935 -0.028096 -0.994785 0.092435 0.032693
1750970647.552999 -1.693663 0.111914 0.880935 -0.028096 -0.994785 0.092435 0.032693
1750970647.557999 -1.693663 0.111914 0.880935 -0.028096 -0.994785 0.092435 0.032693
1750970647.562998 -1.699322 0.113456 0.869986 -0.030772 -0.994893 0.092557 0.025988
1750970647.567997 -1.699322 0.113456 0.869986 -0.030772 -0.994893 0.092557 0.025988
1750970647.572997 -1.699322 0.113456 0.869986 -0.030772 -0.994893 0.092557 0.025988
1750970647.577996 -1.699322 0.113456 0.869986 -0.030772 -0.994893 0.092557 0.025988
1750970647.582995 -1.699322 0.113456 0.869986 -0.030772 -0.994893 0.092557 0.025988
1750970647.587994 -1.699322 0.113456 0.869986 -0.030772 -0.994893 0.092557 0.025988
1750970647.592993 -1.699322 0.113456 0.869986 -0.030772 -0.994893 0.092557 0.025988
1750970647.597992 -1.704293 0.113925 0.856354 -0.033063 -0.994935 0.092986 0.019110
1750970647.602991 -1.704293 0.113925 0.856354 -0.033063 -0.994935 0.092986 0.019110
1750970647.607991 -1.704293 0.113925 0.856354 -0.033063 -0.994935 0.092986 0.019110
1750970647.612990 -1.704293 0.113925 0.856354 -0.033063 -0.994935 0.092986 0.019110
1750970647.617989 -1.704293 0.113925 0.856354 -0.033063 -0.994935 0.092986 0.019110
1750970647.622988 -1.704293 0.113925 0.856354 -0.033063 -0.994935 0.092986 0.019110
1750970647.627987 -1.704293 0.113925 0.856354 -0.033063 -0.994935 0.092986 0.019110
1750970647.632987 -1.704293 0.113925 0.856354 -0.033063 -0.994935 0.092986 0.019110
1750970647.637986 -1.704293 0.113925 0.856354 -0.033063 -0.994935 0.092986 0.019110
1750970647.642985 -1.704293 0.113925 0.856354 -0.033063 -0.994935 0.092986 0.019110
1750970647.647984 -1.704293 0.113925 0.856354 -0.033063 -0.994935 0.092986 0.019110
1750970647.652984 -1.704293 0.113925 0.856354 -0.033063 -0.994935 0.092986 0.019110
1750970647.657983 -1.704293 0.113925 0.856354 -0.033063 -0.994935 0.092986 0.019110
1750970647.662982 -1.715611 0.107126 0.829972 -0.038022 -0.994731 0.095093 0.004636
1750970647.667981 -1.715611 0.107126 0.829972 -0.038022 -0.994731 0.095093 0.004636
1750970647.672981 -1.715611 0.107126 0.829972 -0.038022 -0.994731 0.095093 0.004636
1750970647.677980 -1.715611 0.107126 0.829972 -0.038022 -0.994731 0.095093 0.004636
1750970647.682979 -1.715611 0.107126 0.829972 -0.038022 -0.994731 0.095093 0.004636
1750970647.687979 -1.715611 0.107126 0.829972 -0.038022 -0.994731 0.095093 0.004636
1750970647.692978 -1.715611 0.107126 0.829972 -0.038022 -0.994731 0.095093 0.004636
1750970647.697978 -1.718037 0.106572 0.817116 -0.039705 -0.994599 0.095841 -0.003258
1750970647.702977 -1.718037 0.106572 0.817116 -0.039705 -0.994599 0.095841 -0.003258
1750970647.707978 -1.718037 0.106572 0.817116 -0.039705 -0.994599 0.095841 -0.003258
1750970647.712977 -1.718037 0.106572 0.817116 -0.039705 -0.994599 0.095841 -0.003258
1750970647.717976 -1.718037 0.106572 0.817116 -0.039705 -0.994599 0.095841 -0.003258
1750970647.722976 -1.718037 0.106572 0.817116 -0.039705 -0.994599 0.095841 -0.003258
1750970647.727156 -1.718037 0.106572 0.817116 -0.039705 -0.994599 0.095841 -0.003258
1750970647.727975 -1.718037 0.106572 0.817116 -0.039705 -0.994599 0.095841 -0.003258
1750970647.732975 -1.718037 0.106572 0.817116 -0.039705 -0.994599 0.095841 -0.003258
1750970647.737975 -1.718037 0.106572 0.817116 -0.039705 -0.994599 0.095841 -0.003258
1750970647.742974 -1.718037 0.106572 0.817116 -0.039705 -0.994599 0.095841 -0.003258
1750970647.747973 -1.718037 0.106572 0.817116 -0.039705 -0.994599 0.095841 -0.003258
1750970647.752974 -1.718037 0.106572 0.817116 -0.039705 -0.994599 0.095841 -0.003258
1750970647.757973 -1.718037 0.106572 0.817116 -0.039705 -0.994599 0.095841 -0.003258
1750970647.762972 -1.724146 0.104230 0.788366 -0.041171 -0.994187 0.097417 -0.020197
1750970647.767973 -1.724146 0.104230 0.788366 -0.041171 -0.994187 0.097417 -0.020197
1750970647.772972 -1.724146 0.104230 0.788366 -0.041171 -0.994187 0.097417 -0.020197
1750970647.777972 -1.724146 0.104230 0.788366 -0.041171 -0.994187 0.097417 -0.020197
1750970647.782971 -1.724146 0.104230 0.788366 -0.041171 -0.994187 0.097417 -0.020197
1750970647.787971 -1.724146 0.104230 0.788366 -0.041171 -0.994187 0.097417 -0.020197
1750970647.792970 -1.724146 0.104230 0.788366 -0.041171 -0.994187 0.097417 -0.020197
1750970647.797970 -1.727507 0.102611 0.774616 -0.040995 -0.993969 0.097555 -0.028781
1750970647.802969 -1.727507 0.102611 0.774616 -0.040995 -0.993969 0.097555 -0.028781
1750970647.807970 -1.727507 0.102611 0.774616 -0.040995 -0.993969 0.097555 -0.028781
1750970647.812969 -1.727507 0.102611 0.774616 -0.040995 -0.993969 0.097555 -0.028781
1750970647.817968 -1.727507 0.102611 0.774616 -0.040995 -0.993969 0.097555 -0.028781
1750970647.822968 -1.727507 0.102611 0.774616 -0.040995 -0.993969 0.097555 -0.028781
1750970647.827968 -1.730946 0.101122 0.760729 -0.040566 -0.993603 0.098462 -0.037592
1750970647.832967 -1.730946 0.101122 0.760729 -0.040566 -0.993603 0.098462 -0.037592
1750970647.837966 -1.730946 0.101122 0.760729 -0.040566 -0.993603 0.098462 -0.037592
1750970647.842966 -1.730946 0.101122 0.760729 -0.040566 -0.993603 0.098462 -0.037592
1750970647.847966 -1.730946 0.101122 0.760729 -0.040566 -0.993603 0.098462 -0.037592
1750970647.852965 -1.730946 0.101122 0.760729 -0.040566 -0.993603 0.098462 -0.037592
1750970647.857965 -1.730946 0.101122 0.760729 -0.040566 -0.993603 0.098462 -0.037592
1750970647.862964 -1.730946 0.101122 0.760729 -0.040566 -0.993603 0.098462 -0.037592
1750970647.867965 -1.730946 0.101122 0.760729 -0.040566 -0.993603 0.098462 -0.037592
1750970647.872964 -1.730946 0.101122 0.760729 -0.040566 -0.993603 0.098462 -0.037592
1750970647.877963 -1.730946 0.101122 0.760729 -0.040566 -0.993603 0.098462 -0.037592
1750970647.882963 -1.730946 0.101122 0.760729 -0.040566 -0.993603 0.098462 -0.037592
1750970647.887963 -1.730946 0.101122 0.760729 -0.040566 -0.993603 0.098462 -0.037592
1750970647.892962 -1.730946 0.101122 0.760729 -0.040566 -0.993603 0.098462 -0.037592
1750970647.897961 -1.735848 0.097250 0.733039 -0.039321 -0.992670 0.100158 -0.055028
1750970647.902960 -1.735848 0.097250 0.733039 -0.039321 -0.992670 0.100158 -0.055028
1750970647.907961 -1.735848 0.097250 0.733039 -0.039321 -0.992670 0.100158 -0.055028
1750970647.910486 -1.735848 0.097250 0.733039 -0.039321 -0.992670 0.100158 -0.055028
1750970647.912960 -1.735848 0.097250 0.733039 -0.039321 -0.992670 0.100158 -0.055028
1750970647.917959 -1.735848 0.097250 0.733039 -0.039321 -0.992670 0.100158 -0.055028
1750970647.922959 -1.735848 0.097250 0.733039 -0.039321 -0.992670 0.100158 -0.055028
1750970647.927959 -1.737894 0.095491 0.718830 -0.039110 -0.992058 0.100753 -0.064339
1750970647.932958 -1.737894 0.095491 0.718830 -0.039110 -0.992058 0.100753 -0.064339
1750970647.937958 -1.737894 0.095491 0.718830 -0.039110 -0.992058 0.100753 -0.064339
1750970647.942958 -1.737894 0.095491 0.718830 -0.039110 -0.992058 0.100753 -0.064339
1750970647.947957 -1.737894 0.095491 0.718830 -0.039110 -0.992058 0.100753 -0.064339
1750970647.952956 -1.737894 0.095491 0.718830 -0.039110 -0.992058 0.100753 -0.064339
1750970647.957956 -1.737894 0.095491 0.718830 -0.039110 -0.992058 0.100753 -0.064339
1750970647.962955 -1.743379 0.094734 0.705919 -0.040376 -0.991250 0.101601 -0.073957
1750970647.967955 -1.743379 0.094734 0.705919 -0.040376 -0.991250 0.101601 -0.073957
1750970647.972955 -1.743379 0.094734 0.705919 -0.040376 -0.991250 0.101601 -0.073957
1750970647.977954 -1.743379 0.094734 0.705919 -0.040376 -0.991250 0.101601 -0.073957
1750970647.982954 -1.743379 0.094734 0.705919 -0.040376 -0.991250 0.101601 -0.073957
1750970647.987953 -1.743379 0.094734 0.705919 -0.040376 -0.991250 0.101601 -0.073957
1750970647.992953 -1.743379 0.094734 0.705919 -0.040376 -0.991250 0.101601 -0.073957
1750970647.997952 -1.746553 0.093489 0.691302 -0.042453 -0.990399 0.101925 -0.083183
1750970648.002952 -1.746553 0.093489 0.691302 -0.042453 -0.990399 0.101925 -0.083183
1750970648.007951 -1.746553 0.093489 0.691302 -0.042453 -0.990399 0.101925 -0.083183
1750970648.012951 -1.746553 0.093489 0.691302 -0.042453 -0.990399 0.101925 -0.083183
1750970648.017950 -1.746553 0.093489 0.691302 -0.042453 -0.990399 0.101925 -0.083183
1750970648.022950 -1.746553 0.093489 0.691302 -0.042453 -0.990399 0.101925 -0.083183
1750970648.027950 -1.751040 0.092496 0.679515 -0.044661 -0.989452 0.101836 -0.092843
1750970648.032949 -1.751040 0.092496 0.679515 -0.044661 -0.989452 0.101836 -0.092843
1750970648.037948 -1.751040 0.092496 0.679515 -0.044661 -0.989452 0.101836 -0.092843
1750970648.042948 -1.751040 0.092496 0.679515 -0.044661 -0.989452 0.101836 -0.092843
1750970648.047947 -1.751040 0.092496 0.679515 -0.044661 -0.989452 0.101836 -0.092843
1750970648.052947 -1.751040 0.092496 0.679515 -0.044661 -0.989452 0.101836 -0.092843
1750970648.057946 -1.751040 0.092496 0.679515 -0.044661 -0.989452 0.101836 -0.092843
1750970648.060482 -1.751040 0.092496 0.679515 -0.044661 -0.989452 0.101836 -0.092843
1750970648.062946 -1.751040 0.092496 0.679515 -0.044661 -0.989452 0.101836 -0.092843
1750970648.067945 -1.751040 0.092496 0.679515 -0.044661 -0.989452 0.101836 -0.092843
1750970648.072945 -1.751040 0.092496 0.679515 -0.044661 -0.989452 0.101836 -0.092843
1750970648.077945 -1.751040 0.092496 0.679515 -0.044661 -0.989452 0.101836 -0.092843
1750970648.082944 -1.751040 0.092496 0.679515 -0.044661 -0.989452 0.101836 -0.092843
1750970648.087944 -1.751040 0.092496 0.679515 -0.044661 -0.989452 0.101836 -0.092843
1750970648.092943 -1.751040 0.092496 0.679515 -0.044661 -0.989452 0.101836 -0.092843
1750970648.097942 -1.757140 0.091173 0.654204 -0.049273 -0.987228 0.101714 -0.112284
1750970648.102942 -1.757140 0.091173 0.654204 -0.049273 -0.987228 0.101714 -0.112284
1750970648.107941 -1.757140 0.091173 0.654204 -0.049273 -0.987228 0.101714 -0.112284
1750970648.112941 -1.757140 0.091173 0.654204 -0.049273 -0.987228 0.101714 -0.112284
1750970648.117941 -1.757140 0.091173 0.654204 -0.049273 -0.987228 0.101714 -0.112284
1750970648.122940 -1.757140 0.091173 0.654204 -0.049273 -0.987228 0.101714 -0.112284
1750970648.127939 -1.758248 0.090463 0.640921 -0.051013 -0.986097 0.100203 -0.122347
1750970648.132939 -1.758248 0.090463 0.640921 -0.051013 -0.986097 0.100203 -0.122347
1750970648.137939 -1.758248 0.090463 0.640921 -0.051013 -0.986097 0.100203 -0.122347
1750970648.142938 -1.758248 0.090463 0.640921 -0.051013 -0.986097 0.100203 -0.122347
1750970648.147938 -1.758248 0.090463 0.640921 -0.051013 -0.986097 0.100203 -0.122347
1750970648.152936 -1.758248 0.090463 0.640921 -0.051013 -0.986097 0.100203 -0.122347
1750970648.157936 -1.758248 0.090463 0.640921 -0.051013 -0.986097 0.100203 -0.122347
1750970648.162936 -1.759098 0.089831 0.627978 -0.052418 -0.984906 0.097555 -0.133027
1750970648.167935 -1.759098 0.089831 0.627978 -0.052418 -0.984906 0.097555 -0.133027
1750970648.172935 -1.759098 0.089831 0.627978 -0.052418 -0.984906 0.097555 -0.133027
1750970648.177935 -1.759098 0.089831 0.627978 -0.052418 -0.984906 0.097555 -0.133027
1750970648.182934 -1.759098 0.089831 0.627978 -0.052418 -0.984906 0.097555 -0.133027
1750970648.187933 -1.759098 0.089831 0.627978 -0.052418 -0.984906 0.097555 -0.133027
1750970648.192932 -1.759098 0.089831 0.627978 -0.052418 -0.984906 0.097555 -0.133027
1750970648.197932 -1.759098 0.089831 0.627978 -0.052418 -0.984906 0.097555 -0.133027
1750970648.202932 -1.759098 0.089831 0.627978 -0.052418 -0.984906 0.097555 -0.133027
1750970648.207931 -1.759098 0.089831 0.627978 -0.052418 -0.984906 0.097555 -0.133027
1750970648.212930 -1.759098 0.089831 0.627978 -0.052418 -0.984906 0.097555 -0.133027
1750970648.217931 -1.759098 0.089831 0.627978 -0.052418 -0.984906 0.097555 -0.133027
1750970648.222930 -1.759098 0.089831 0.627978 -0.052418 -0.984906 0.097555 -0.133027
1750970648.227929 -1.761315 0.086804 0.598118 -0.055099 -0.982174 0.090502 -0.155267
1750970648.232928 -1.761315 0.086804 0.598118 -0.055099 -0.982174 0.090502 -0.155267
1750970648.237928 -1.761315 0.086804 0.598118 -0.055099 -0.982174 0.090502 -0.155267
1750970648.242928 -1.761315 0.086804 0.598118 -0.055099 -0.982174 0.090502 -0.155267
1750970648.243809 -1.761315 0.086804 0.598118 -0.055099 -0.982174 0.090502 -0.155267
1750970648.247927 -1.761315 0.086804 0.598118 -0.055099 -0.982174 0.090502 -0.155267
1750970648.252926 -1.761315 0.086804 0.598118 -0.055099 -0.982174 0.090502 -0.155267
1750970648.257926 -1.761315 0.086804 0.598118 -0.055099 -0.982174 0.090502 -0.155267
1750970648.262925 -1.759901 0.084766 0.585813 -0.055551 -0.980793 0.087476 -0.165248
1750970648.267925 -1.759901 0.084766 0.585813 -0.055551 -0.980793 0.087476 -0.165248
1750970648.272924 -1.759901 0.084766 0.585813 -0.055551 -0.980793 0.087476 -0.165248
1750970648.277924 -1.759901 0.084766 0.585813 -0.055551 -0.980793 0.087476 -0.165248
1750970648.282923 -1.759901 0.084766 0.585813 -0.055551 -0.980793 0.087476 -0.165248
1750970648.287922 -1.759901 0.084766 0.585813 -0.055551 -0.980793 0.087476 -0.165248
1750970648.292921 -1.759901 0.084766 0.585813 -0.055551 -0.980793 0.087476 -0.165248
1750970648.297921 -1.757443 0.083521 0.573643 -0.056091 -0.979268 0.085315 -0.174958
1750970648.302921 -1.757443 0.083521 0.573643 -0.056091 -0.979268 0.085315 -0.174958
1750970648.307920 -1.757443 0.083521 0.573643 -0.056091 -0.979268 0.085315 -0.174958
1750970648.312919 -1.757443 0.083521 0.573643 -0.056091 -0.979268 0.085315 -0.174958
1750970648.317919 -1.757443 0.083521 0.573643 -0.056091 -0.979268 0.085315 -0.174958
1750970648.322918 -1.757443 0.083521 0.573643 -0.056091 -0.979268 0.085315 -0.174958
1750970648.327918 -1.754174 0.082733 0.561838 -0.056637 -0.977509 0.084422 -0.184773
1750970648.332918 -1.754174 0.082733 0.561838 -0.056637 -0.977509 0.084422 -0.184773
1750970648.337917 -1.754174 0.082733 0.561838 -0.056637 -0.977509 0.084422 -0.184773
1750970648.342916 -1.754174 0.082733 0.561838 -0.056637 -0.977509 0.084422 -0.184773
1750970648.347915 -1.754174 0.082733 0.561838 -0.056637 -0.977509 0.084422 -0.184773
1750970648.352916 -1.754174 0.082733 0.561838 -0.056637 -0.977509 0.084422 -0.184773
1750970648.357915 -1.754174 0.082733 0.561838 -0.056637 -0.977509 0.084422 -0.184773
1750970648.360470 -1.750779 0.083092 0.549648 -0.057988 -0.975666 0.083560 -0.194243
1750970648.362914 -1.750779 0.083092 0.549648 -0.057988 -0.975666 0.083560 -0.194243
1750970648.367913 -1.750779 0.083092 0.549648 -0.057988 -0.975666 0.083560 -0.194243
1750970648.372913 -1.750779 0.083092 0.549648 -0.057988 -0.975666 0.083560 -0.194243
1750970648.377912 -1.750779 0.083092 0.549648 -0.057988 -0.975666 0.083560 -0.194243
1750970648.382912 -1.750779 0.083092 0.549648 -0.057988 -0.975666 0.083560 -0.194243
1750970648.387911 -1.750779 0.083092 0.549648 -0.057988 -0.975666 0.083560 -0.194243
1750970648.392911 -1.750779 0.083092 0.549648 -0.057988 -0.975666 0.083560 -0.194243
1750970648.393802 -1.750779 0.083092 0.549648 -0.057988 -0.975666 0.083560 -0.194243
1750970648.397910 -1.750779 0.083092 0.549648 -0.057988 -0.975666 0.083560 -0.194243
1750970648.402909 -1.750779 0.083092 0.549648 -0.057988 -0.975666 0.083560 -0.194243
1750970648.407908 -1.750779 0.083092 0.549648 -0.057988 -0.975666 0.083560 -0.194243
1750970648.412909 -1.750779 0.083092 0.549648 -0.057988 -0.975666 0.083560 -0.194243
1750970648.417908 -1.750779 0.083092 0.549648 -0.057988 -0.975666 0.083560 -0.194243
1750970648.422907 -1.750779 0.083092 0.549648 -0.057988 -0.975666 0.083560 -0.194243
1750970648.427906 -1.741612 0.080636 0.527357 -0.060284 -0.971777 0.082534 -0.212613
1750970648.432906 -1.741612 0.080636 0.527357 -0.060284 -0.971777 0.082534 -0.212613
1750970648.437905 -1.741612 0.080636 0.527357 -0.060284 -0.971777 0.082534 -0.212613
1750970648.442904 -1.741612 0.080636 0.527357 -0.060284 -0.971777 0.082534 -0.212613
1750970648.447903 -1.741612 0.080636 0.527357 -0.060284 -0.971777 0.082534 -0.212613
1750970648.452904 -1.741612 0.080636 0.527357 -0.060284 -0.971777 0.082534 -0.212613
1750970648.457903 -1.741612 0.080636 0.527357 -0.060284 -0.971777 0.082534 -0.212613
1750970648.462902 -1.736901 0.077736 0.516802 -0.061204 -0.969974 0.081373 -0.220869
1750970648.467901 -1.736901 0.077736 0.516802 -0.061204 -0.969974 0.081373 -0.220869
1750970648.472901 -1.736901 0.077736 0.516802 -0.061204 -0.969974 0.081373 -0.220869
1750970648.477900 -1.736901 0.077736 0.516802 -0.061204 -0.969974 0.081373 -0.220869
1750970648.482900 -1.736901 0.077736 0.516802 -0.061204 -0.969974 0.081373 -0.220869
1750970648.487899 -1.736901 0.077736 0.516802 -0.061204 -0.969974 0.081373 -0.220869
1750970648.492899 -1.736901 0.077736 0.516802 -0.061204 -0.969974 0.081373 -0.220869
1750970648.497898 -1.729884 0.076297 0.506321 -0.061513 -0.968383 0.079867 -0.228195
1750970648.502897 -1.729884 0.076297 0.506321 -0.061513 -0.968383 0.079867 -0.228195
1750970648.507896 -1.729884 0.076297 0.506321 -0.061513 -0.968383 0.079867 -0.228195
1750970648.512897 -1.729884 0.076297 0.506321 -0.061513 -0.968383 0.079867 -0.228195
1750970648.517895 -1.729884 0.076297 0.506321 -0.061513 -0.968383 0.079867 -0.228195
1750970648.522895 -1.729884 0.076297 0.506321 -0.061513 -0.968383 0.079867 -0.228195
1750970648.527895 -1.718538 0.084404 0.490216 -0.061683 -0.966947 0.079756 -0.234197
1750970648.532894 -1.718538 0.084404 0.490216 -0.061683 -0.966947 0.079756 -0.234197
1750970648.537893 -1.718538 0.084404 0.490216 -0.061683 -0.966947 0.079756 -0.234197
1750970648.542892 -1.718538 0.084404 0.490216 -0.061683 -0.966947 0.079756 -0.234197
1750970648.543794 -1.718538 0.084404 0.490216 -0.061683 -0.966947 0.079756 -0.234197
1750970648.547891 -1.718538 0.084404 0.490216 -0.061683 -0.966947 0.079756 -0.234197
1750970648.552891 -1.718538 0.084404 0.490216 -0.061683 -0.966947 0.079756 -0.234197
1750970648.557890 -1.718538 0.084404 0.490216 -0.061683 -0.966947 0.079756 -0.234197
1750970648.562890 -1.711471 0.085928 0.480049 -0.061045 -0.965707 0.078870 -0.239715
1750970648.567890 -1.711471 0.085928 0.480049 -0.061045 -0.965707 0.078870 -0.239715
1750970648.572889 -1.711471 0.085928 0.480049 -0.061045 -0.965707 0.078870 -0.239715
1750970648.577888 -1.711471 0.085928 0.480049 -0.061045 -0.965707 0.078870 -0.239715
1750970648.582887 -1.711471 0.085928 0.480049 -0.061045 -0.965707 0.078870 -0.239715
1750970648.587887 -1.711471 0.085928 0.480049 -0.061045 -0.965707 0.078870 -0.239715
1750970648.592886 -1.711471 0.085928 0.480049 -0.061045 -0.965707 0.078870 -0.239715
1750970648.597885 -1.702756 0.087435 0.470316 -0.059418 -0.964661 0.077573 -0.244706
1750970648.602885 -1.702756 0.087435 0.470316 -0.059418 -0.964661 0.077573 -0.244706
1750970648.607885 -1.702756 0.087435 0.470316 -0.059418 -0.964661 0.077573 -0.244706
1750970648.612884 -1.702756 0.087435 0.470316 -0.059418 -0.964661 0.077573 -0.244706
1750970648.617883 -1.702756 0.087435 0.470316 -0.059418 -0.964661 0.077573 -0.244706
1750970648.622882 -1.702756 0.087435 0.470316 -0.059418 -0.964661 0.077573 -0.244706
1750970648.627882 -1.695273 0.086911 0.464665 -0.056989 -0.963700 0.077043 -0.249196
1750970648.632881 -1.695273 0.086911 0.464665 -0.056989 -0.963700 0.077043 -0.249196
1750970648.637880 -1.695273 0.086911 0.464665 -0.056989 -0.963700 0.077043 -0.249196
1750970648.642879 -1.695273 0.086911 0.464665 -0.056989 -0.963700 0.077043 -0.249196
1750970648.647879 -1.695273 0.086911 0.464665 -0.056989 -0.963700 0.077043 -0.249196
1750970648.652878 -1.695273 0.086911 0.464665 -0.056989 -0.963700 0.077043 -0.249196
1750970648.657877 -1.695273 0.086911 0.464665 -0.056989 -0.963700 0.077043 -0.249196
1750970648.662877 -1.695273 0.086911 0.464665 -0.056989 -0.963700 0.077043 -0.249196
1750970648.667877 -1.695273 0.086911 0.464665 -0.056989 -0.963700 0.077043 -0.249196
1750970648.672876 -1.695273 0.086911 0.464665 -0.056989 -0.963700 0.077043 -0.249196
1750970648.677875 -1.695273 0.086911 0.464665 -0.056989 -0.963700 0.077043 -0.249196
1750970648.682875 -1.695273 0.086911 0.464665 -0.056989 -0.963700 0.077043 -0.249196
1750970648.687874 -1.695273 0.086911 0.464665 -0.056989 -0.963700 0.077043 -0.249196
1750970648.692874 -1.695273 0.086911 0.464665 -0.056989 -0.963700 0.077043 -0.249196
1750970648.697873 -1.675083 0.087784 0.450156 -0.049966 -0.961227 0.082458 -0.258353
1750970648.702874 -1.675083 0.087784 0.450156 -0.049966 -0.961227 0.082458 -0.258353
1750970648.707873 -1.675083 0.087784 0.450156 -0.049966 -0.961227 0.082458 -0.258353
1750970648.710452 -1.675083 0.087784 0.450156 -0.049966 -0.961227 0.082458 -0.258353
1750970648.712872 -1.675083 0.087784 0.450156 -0.049966 -0.961227 0.082458 -0.258353
1750970648.717872 -1.675083 0.087784 0.450156 -0.049966 -0.961227 0.082458 -0.258353
1750970648.722872 -1.675083 0.087784 0.450156 -0.049966 -0.961227 0.082458 -0.258353
1750970648.727871 -1.664572 0.087934 0.444843 -0.047851 -0.959653 0.087011 -0.263070
1750970648.732871 -1.664572 0.087934 0.444843 -0.047851 -0.959653 0.087011 -0.263070
1750970648.737870 -1.664572 0.087934 0.444843 -0.047851 -0.959653 0.087011 -0.263070
1750970648.742870 -1.664572 0.087934 0.444843 -0.047851 -0.959653 0.087011 -0.263070
1750970648.747870 -1.664572 0.087934 0.444843 -0.047851 -0.959653 0.087011 -0.263070
1750970648.752869 -1.664572 0.087934 0.444843 -0.047851 -0.959653 0.087011 -0.263070
1750970648.757869 -1.664572 0.087934 0.444843 -0.047851 -0.959653 0.087011 -0.263070
1750970648.762869 -1.653085 0.086000 0.439392 -0.046543 -0.958075 0.091942 -0.267345
1750970648.767869 -1.653085 0.086000 0.439392 -0.046543 -0.958075 0.091942 -0.267345
1750970648.772868 -1.653085 0.086000 0.439392 -0.046543 -0.958075 0.091942 -0.267345
1750970648.777867 -1.653085 0.086000 0.439392 -0.046543 -0.958075 0.091942 -0.267345
1750970648.782867 -1.653085 0.086000 0.439392 -0.046543 -0.958075 0.091942 -0.267345
1750970648.787867 -1.653085 0.086000 0.439392 -0.046543 -0.958075 0.091942 -0.267345
1750970648.792866 -1.653085 0.086000 0.439392 -0.046543 -0.958075 0.091942 -0.267345
1750970648.797865 -1.640558 0.083911 0.434149 -0.044579 -0.956529 0.096406 -0.271608
1750970648.802866 -1.640558 0.083911 0.434149 -0.044579 -0.956529 0.096406 -0.271608
1750970648.807865 -1.640558 0.083911 0.434149 -0.044579 -0.956529 0.096406 -0.271608
1750970648.812865 -1.640558 0.083911 0.434149 -0.044579 -0.956529 0.096406 -0.271608
1750970648.817865 -1.640558 0.083911 0.434149 -0.044579 -0.956529 0.096406 -0.271608
1750970648.822864 -1.640558 0.083911 0.434149 -0.044579 -0.956529 0.096406 -0.271608
1750970648.827863 -1.627351 0.081555 0.428329 -0.042853 -0.955128 0.099806 -0.275561
1750970648.832863 -1.627351 0.081555 0.428329 -0.042853 -0.955128 0.099806 -0.275561
1750970648.837863 -1.627351 0.081555 0.428329 -0.042853 -0.955128 0.099806 -0.275561
1750970648.842863 -1.627351 0.081555 0.428329 -0.042853 -0.955128 0.099806 -0.275561
1750970648.843783 -1.627351 0.081555 0.428329 -0.042853 -0.955128 0.099806 -0.275561
1750970648.847862 -1.627351 0.081555 0.428329 -0.042853 -0.955128 0.099806 -0.275561
1750970648.852861 -1.627351 0.081555 0.428329 -0.042853 -0.955128 0.099806 -0.275561
1750970648.857862 -1.627351 0.081555 0.428329 -0.042853 -0.955128 0.099806 -0.275561
1750970648.862861 -1.614629 0.080360 0.421953 -0.040831 -0.953865 0.101787 -0.279489
1750970648.867861 -1.614629 0.080360 0.421953 -0.040831 -0.953865 0.101787 -0.279489
1750970648.872860 -1.614629 0.080360 0.421953 -0.040831 -0.953865 0.101787 -0.279489
1750970648.877860 -1.614629 0.080360 0.421953 -0.040831 -0.953865 0.101787 -0.279489
1750970648.882859 -1.614629 0.080360 0.421953 -0.040831 -0.953865 0.101787 -0.279489
1750970648.887859 -1.614629 0.080360 0.421953 -0.040831 -0.953865 0.101787 -0.279489
1750970648.892858 -1.614629 0.080360 0.421953 -0.040831 -0.953865 0.101787 -0.279489
1750970648.897858 -1.614629 0.080360 0.421953 -0.040831 -0.953865 0.101787 -0.279489
1750970648.902858 -1.614629 0.080360 0.421953 -0.040831 -0.953865 0.101787 -0.279489
1750970648.907857 -1.614629 0.080360 0.421953 -0.040831 -0.953865 0.101787 -0.279489
1750970648.912856 -1.614629 0.080360 0.421953 -0.040831 -0.953865 0.101787 -0.279489
1750970648.917856 -1.614629 0.080360 0.421953 -0.040831 -0.953865 0.101787 -0.279489
1750970648.922856 -1.614629 0.080360 0.421953 -0.040831 -0.953865 0.101787 -0.279489
1750970648.927855 -1.589443 0.077865 0.408615 -0.037655 -0.951174 0.104024 -0.288148
1750970648.932856 -1.589443 0.077865 0.408615 -0.037655 -0.951174 0.104024 -0.288148
1750970648.937855 -1.589443 0.077865 0.408615 -0.037655 -0.951174 0.104024 -0.288148
1750970648.942854 -1.589443 0.077865 0.408615 -0.037655 -0.951174 0.104024 -0.288148
1750970648.947854 -1.589443 0.077865 0.408615 -0.037655 -0.951174 0.104024 -0.288148
1750970648.952853 -1.589443 0.077865 0.408615 -0.037655 -0.951174 0.104024 -0.288148
1750970648.957853 -1.589443 0.077865 0.408615 -0.037655 -0.951174 0.104024 -0.288148
1750970648.962852 -1.570785 0.076536 0.398152 -0.036752 -0.949584 0.105183 -0.293048
1750970648.967852 -1.570785 0.076536 0.398152 -0.036752 -0.949584 0.105183 -0.293048
1750970648.972852 -1.570785 0.076536 0.398152 -0.036752 -0.949584 0.105183 -0.293048
1750970648.977851 -1.570785 0.076536 0.398152 -0.036752 -0.949584 0.105183 -0.293048
1750970648.982851 -1.570785 0.076536 0.398152 -0.036752 -0.949584 0.105183 -0.293048
1750970648.987850 -1.570785 0.076536 0.398152 -0.036752 -0.949584 0.105183 -0.293048
1750970648.992851 -1.570785 0.076536 0.398152 -0.036752 -0.949584 0.105183 -0.293048
1750970648.997850 -1.567377 0.077146 0.392905 -0.036348 -0.947277 0.106791 -0.299901
1750970649.002849 -1.567377 0.077146 0.392905 -0.036348 -0.947277 0.106791 -0.299901
1750970649.007848 -1.567377 0.077146 0.392905 -0.036348 -0.947277 0.106791 -0.299901
1750970649.010448 -1.567377 0.077146 0.392905 -0.036348 -0.947277 0.106791 -0.299901
1750970649.012848 -1.567377 0.077146 0.392905 -0.036348 -0.947277 0.106791 -0.299901
1750970649.017848 -1.567377 0.077146 0.392905 -0.036348 -0.947277 0.106791 -0.299901
1750970649.022847 -1.567377 0.077146 0.392905 -0.036348 -0.947277 0.106791 -0.299901
1750970649.027848 -1.557988 0.076116 0.388714 -0.036373 -0.945182 0.107569 -0.306166
1750970649.032847 -1.557988 0.076116 0.388714 -0.036373 -0.945182 0.107569 -0.306166
1750970649.037846 -1.557988 0.076116 0.388714 -0.036373 -0.945182 0.107569 -0.306166
1750970649.042845 -1.557988 0.076116 0.388714 -0.036373 -0.945182 0.107569 -0.306166
1750970649.047845 -1.557988 0.076116 0.388714 -0.036373 -0.945182 0.107569 -0.306166
1750970649.052845 -1.557988 0.076116 0.388714 -0.036373 -0.945182 0.107569 -0.306166
1750970649.057844 -1.557988 0.076116 0.388714 -0.036373 -0.945182 0.107569 -0.306166
1750970649.062843 -1.549854 0.074545 0.383507 -0.036992 -0.943044 0.108175 -0.312407
1750970649.067844 -1.549854 0.074545 0.383507 -0.036992 -0.943044 0.108175 -0.312407
1750970649.072843 -1.549854 0.074545 0.383507 -0.036992 -0.943044 0.108175 -0.312407
1750970649.077842 -1.549854 0.074545 0.383507 -0.036992 -0.943044 0.108175 -0.312407
1750970649.082841 -1.549854 0.074545 0.383507 -0.036992 -0.943044 0.108175 -0.312407
1750970649.087842 -1.549854 0.074545 0.383507 -0.036992 -0.943044 0.108175 -0.312407
1750970649.092841 -1.549854 0.074545 0.383507 -0.036992 -0.943044 0.108175 -0.312407
1750970649.097840 -1.542343 0.072855 0.377957 -0.038424 -0.941034 0.108455 -0.318144
1750970649.102839 -1.542343 0.072855 0.377957 -0.038424 -0.941034 0.108455 -0.318144
1750970649.107840 -1.542343 0.072855 0.377957 -0.038424 -0.941034 0.108455 -0.318144
1750970649.112839 -1.542343 0.072855 0.377957 -0.038424 -0.941034 0.108455 -0.318144
1750970649.117838 -1.542343 0.072855 0.377957 -0.038424 -0.941034 0.108455 -0.318144
1750970649.122838 -1.542343 0.072855 0.377957 -0.038424 -0.941034 0.108455 -0.318144
1750970649.127111 -1.534910 0.070406 0.372278 -0.039425 -0.939044 0.107831 -0.324060
1750970649.127838 -1.534910 0.070406 0.372278 -0.039425 -0.939044 0.107831 -0.324060
1750970649.132837 -1.534910 0.070406 0.372278 -0.039425 -0.939044 0.107831 -0.324060
1750970649.137836 -1.534910 0.070406 0.372278 -0.039425 -0.939044 0.107831 -0.324060
1750970649.142836 -1.534910 0.070406 0.372278 -0.039425 -0.939044 0.107831 -0.324060
1750970649.147836 -1.534910 0.070406 0.372278 -0.039425 -0.939044 0.107831 -0.324060
1750970649.152835 -1.534910 0.070406 0.372278 -0.039425 -0.939044 0.107831 -0.324060
1750970649.157835 -1.534910 0.070406 0.372278 -0.039425 -0.939044 0.107831 -0.324060
1750970649.160443 -1.534910 0.070406 0.372278 -0.039425 -0.939044 0.107831 -0.324060
1750970649.162834 -1.534910 0.070406 0.372278 -0.039425 -0.939044 0.107831 -0.324060
1750970649.167834 -1.534910 0.070406 0.372278 -0.039425 -0.939044 0.107831 -0.324060
1750970649.172833 -1.534910 0.070406 0.372278 -0.039425 -0.939044 0.107831 -0.324060
1750970649.177832 -1.534910 0.070406 0.372278 -0.039425 -0.939044 0.107831 -0.324060
1750970649.182832 -1.534910 0.070406 0.372278 -0.039425 -0.939044 0.107831 -0.324060
1750970649.187832 -1.534910 0.070406 0.372278 -0.039425 -0.939044 0.107831 -0.324060
1750970649.192831 -1.534910 0.070406 0.372278 -0.039425 -0.939044 0.107831 -0.324060
1750970649.197830 -1.519574 0.066728 0.359780 -0.039616 -0.934700 0.104184 -0.337510
1750970649.202831 -1.519574 0.066728 0.359780 -0.039616 -0.934700 0.104184 -0.337510
1750970649.207830 -1.519574 0.066728 0.359780 -0.039616 -0.934700 0.104184 -0.337510
1750970649.212829 -1.519574 0.066728 0.359780 -0.039616 -0.934700 0.104184 -0.337510
1750970649.217828 -1.519574 0.066728 0.359780 -0.039616 -0.934700 0.104184 -0.337510
1750970649.222827 -1.519574 0.066728 0.359780 -0.039616 -0.934700 0.104184 -0.337510
1750970649.227828 -1.512850 0.063763 0.353672 -0.039870 -0.932201 0.102920 -0.344702
1750970649.232827 -1.512850 0.063763 0.353672 -0.039870 -0.932201 0.102920 -0.344702
1750970649.237826 -1.512850 0.063763 0.353672 -0.039870 -0.932201 0.102920 -0.344702
1750970649.242827 -1.512850 0.063763 0.353672 -0.039870 -0.932201 0.102920 -0.344702
1750970649.247826 -1.512850 0.063763 0.353672 -0.039870 -0.932201 0.102920 -0.344702
1750970649.252825 -1.512850 0.063763 0.353672 -0.039870 -0.932201 0.102920 -0.344702
1750970649.257824 -1.512850 0.063763 0.353672 -0.039870 -0.932201 0.102920 -0.344702
1750970649.262823 -1.505049 0.060981 0.348019 -0.039999 -0.929387 0.102330 -0.352374
1750970649.267824 -1.505049 0.060981 0.348019 -0.039999 -0.929387 0.102330 -0.352374
1750970649.272823 -1.505049 0.060981 0.348019 -0.039999 -0.929387 0.102330 -0.352374
1750970649.277822 -1.505049 0.060981 0.348019 -0.039999 -0.929387 0.102330 -0.352374
1750970649.282822 -1.505049 0.060981 0.348019 -0.039999 -0.929387 0.102330 -0.352374
1750970649.287822 -1.505049 0.060981 0.348019 -0.039999 -0.929387 0.102330 -0.352374
1750970649.292821 -1.505049 0.060981 0.348019 -0.039999 -0.929387 0.102330 -0.352374
1750970649.297820 -1.499660 0.059506 0.341076 -0.039995 -0.926037 0.101747 -0.361253
1750970649.302820 -1.499660 0.059506 0.341076 -0.039995 -0.926037 0.101747 -0.361253
1750970649.307820 -1.499660 0.059506 0.341076 -0.039995 -0.926037 0.101747 -0.361253
1750970649.310438 -1.499660 0.059506 0.341076 -0.039995 -0.926037 0.101747 -0.361253
1750970649.312819 -1.499660 0.059506 0.341076 -0.039995 -0.926037 0.101747 -0.361253
1750970649.317818 -1.499660 0.059506 0.341076 -0.039995 -0.926037 0.101747 -0.361253
1750970649.322818 -1.499660 0.059506 0.341076 -0.039995 -0.926037 0.101747 -0.361253
1750970649.327817 -1.489784 0.062342 0.333028 -0.040528 -0.922511 0.101307 -0.370227
1750970649.332817 -1.489784 0.062342 0.333028 -0.040528 -0.922511 0.101307 -0.370227
1750970649.337816 -1.489784 0.062342 0.333028 -0.040528 -0.922511 0.101307 -0.370227
1750970649.342816 -1.489784 0.062342 0.333028 -0.040528 -0.922511 0.101307 -0.370227
1750970649.347815 -1.489784 0.062342 0.333028 -0.040528 -0.922511 0.101307 -0.370227
1750970649.352814 -1.489784 0.062342 0.333028 -0.040528 -0.922511 0.101307 -0.370227
1750970649.357815 -1.489784 0.062342 0.333028 -0.040528 -0.922511 0.101307 -0.370227
1750970649.362814 -1.480140 0.061895 0.329545 -0.040811 -0.919073 0.100616 -0.378836
1750970649.367813 -1.480140 0.061895 0.329545 -0.040811 -0.919073 0.100616 -0.378836
1750970649.372812 -1.480140 0.061895 0.329545 -0.040811 -0.919073 0.100616 -0.378836
1750970649.377811 -1.480140 0.061895 0.329545 -0.040811 -0.919073 0.100616 -0.378836
1750970649.382812 -1.480140 0.061895 0.329545 -0.040811 -0.919073 0.100616 -0.378836
1750970649.387811 -1.480140 0.061895 0.329545 -0.040811 -0.919073 0.100616 -0.378836
1750970649.392810 -1.480140 0.061895 0.329545 -0.040811 -0.919073 0.100616 -0.378836
1750970649.397810 -1.480140 0.061895 0.329545 -0.040811 -0.919073 0.100616 -0.378836
1750970649.402809 -1.480140 0.061895 0.329545 -0.040811 -0.919073 0.100616 -0.378836
1750970649.407809 -1.480140 0.061895 0.329545 -0.040811 -0.919073 0.100616 -0.378836
1750970649.412808 -1.480140 0.061895 0.329545 -0.040811 -0.919073 0.100616 -0.378836
1750970649.417808 -1.480140 0.061895 0.329545 -0.040811 -0.919073 0.100616 -0.378836
1750970649.422807 -1.480140 0.061895 0.329545 -0.040811 -0.919073 0.100616 -0.378836
1750970649.427806 -1.464786 0.061738 0.318485 -0.041919 -0.911512 0.098159 -0.397183
1750970649.432805 -1.464786 0.061738 0.318485 -0.041919 -0.911512 0.098159 -0.397183
1750970649.437806 -1.464786 0.061738 0.318485 -0.041919 -0.911512 0.098159 -0.397183
1750970649.442805 -1.464786 0.061738 0.318485 -0.041919 -0.911512 0.098159 -0.397183
1750970649.447804 -1.464786 0.061738 0.318485 -0.041919 -0.911512 0.098159 -0.397183
1750970649.452803 -1.464786 0.061738 0.318485 -0.041919 -0.911512 0.098159 -0.397183
1750970649.457803 -1.464786 0.061738 0.318485 -0.041919 -0.911512 0.098159 -0.397183
1750970649.462802 -1.453299 0.061860 0.311355 -0.042278 -0.907582 0.096387 -0.406469
1750970649.467802 -1.453299 0.061860 0.311355 -0.042278 -0.907582 0.096387 -0.406469
1750970649.472801 -1.453299 0.061860 0.311355 -0.042278 -0.907582 0.096387 -0.406469
1750970649.477098 -1.453299 0.061860 0.311355 -0.042278 -0.907582 0.096387 -0.406469
1750970649.477801 -1.453299 0.061860 0.311355 -0.042278 -0.907582 0.096387 -0.406469
1750970649.482800 -1.453299 0.061860 0.311355 -0.042278 -0.907582 0.096387 -0.406469
1750970649.487799 -1.453299 0.061860 0.311355 -0.042278 -0.907582 0.096387 -0.406469
1750970649.492799 -1.453299 0.061860 0.311355 -0.042278 -0.907582 0.096387 -0.406469
1750970649.497799 -1.445608 0.061653 0.304108 -0.042023 -0.903335 0.094110 -0.416369
1750970649.502798 -1.445608 0.061653 0.304108 -0.042023 -0.903335 0.094110 -0.416369
1750970649.507797 -1.445608 0.061653 0.304108 -0.042023 -0.903335 0.094110 -0.416369
1750970649.512797 -1.445608 0.061653 0.304108 -0.042023 -0.903335 0.094110 -0.416369
1750970649.517796 -1.445608 0.061653 0.304108 -0.042023 -0.903335 0.094110 -0.416369
1750970649.522795 -1.445608 0.061653 0.304108 -0.042023 -0.903335 0.094110 -0.416369
1750970649.527795 -1.445899 0.063915 0.287470 -0.042755 -0.897963 0.092393 -0.428133
1750970649.532795 -1.445899 0.063915 0.287470 -0.042755 -0.897963 0.092393 -0.428133
1750970649.537794 -1.445899 0.063915 0.287470 -0.042755 -0.897963 0.092393 -0.428133
1750970649.542793 -1.445899 0.063915 0.287470 -0.042755 -0.897963 0.092393 -0.428133
1750970649.547792 -1.445899 0.063915 0.287470 -0.042755 -0.897963 0.092393 -0.428133
1750970649.552793 -1.445899 0.063915 0.287470 -0.042755 -0.897963 0.092393 -0.428133
1750970649.557791 -1.445899 0.063915 0.287470 -0.042755 -0.897963 0.092393 -0.428133
1750970649.562791 -1.438387 0.062576 0.279560 -0.043350 -0.893289 0.090578 -0.438122
1750970649.567790 -1.438387 0.062576 0.279560 -0.043350 -0.893289 0.090578 -0.438122
1750970649.572790 -1.438387 0.062576 0.279560 -0.043350 -0.893289 0.090578 -0.438122
1750970649.577789 -1.438387 0.062576 0.279560 -0.043350 -0.893289 0.090578 -0.438122
1750970649.582788 -1.438387 0.062576 0.279560 -0.043350 -0.893289 0.090578 -0.438122
1750970649.587787 -1.438387 0.062576 0.279560 -0.043350 -0.893289 0.090578 -0.438122
1750970649.592788 -1.438387 0.062576 0.279560 -0.043350 -0.893289 0.090578 -0.438122
1750970649.597787 -1.431248 0.062054 0.271141 -0.044483 -0.888701 0.088375 -0.447685
1750970649.602786 -1.431248 0.062054 0.271141 -0.044483 -0.888701 0.088375 -0.447685
1750970649.607785 -1.431248 0.062054 0.271141 -0.044483 -0.888701 0.088375 -0.447685
1750970649.610424 -1.431248 0.062054 0.271141 -0.044483 -0.888701 0.088375 -0.447685
1750970649.612785 -1.431248 0.062054 0.271141 -0.044483 -0.888701 0.088375 -0.447685
1750970649.617784 -1.431248 0.062054 0.271141 -0.044483 -0.888701 0.088375 -0.447685
1750970649.622783 -1.431248 0.062054 0.271141 -0.044483 -0.888701 0.088375 -0.447685
1750970649.627782 -1.423735 0.062379 0.262296 -0.045605 -0.884267 0.086502 -0.456628
1750970649.632783 -1.423735 0.062379 0.262296 -0.045605 -0.884267 0.086502 -0.456628
1750970649.637782 -1.423735 0.062379 0.262296 -0.045605 -0.884267 0.086502 -0.456628
1750970649.642781 -1.423735 0.062379 0.262296 -0.045605 -0.884267 0.086502 -0.456628
1750970649.647781 -1.423735 0.062379 0.262296 -0.045605 -0.884267 0.086502 -0.456628
1750970649.652780 -1.423735 0.062379 0.262296 -0.045605 -0.884267 0.086502 -0.456628
1750970649.657779 -1.423735 0.062379 0.262296 -0.045605 -0.884267 0.086502 -0.456628
1750970649.662778 -1.423735 0.062379 0.262296 -0.045605 -0.884267 0.086502 -0.456628
1750970649.667778 -1.423735 0.062379 0.262296 -0.045605 -0.884267 0.086502 -0.456628
1750970649.672777 -1.423735 0.062379 0.262296 -0.045605 -0.884267 0.086502 -0.456628
1750970649.677777 -1.423735 0.062379 0.262296 -0.045605 -0.884267 0.086502 -0.456628
1750970649.682776 -1.423735 0.062379 0.262296 -0.045605 -0.884267 0.086502 -0.456628
1750970649.687776 -1.423735 0.062379 0.262296 -0.045605 -0.884267 0.086502 -0.456628
1750970649.692775 -1.423735 0.062379 0.262296 -0.045605 -0.884267 0.086502 -0.456628
1750970649.697775 -1.408454 0.060907 0.242201 -0.048554 -0.875773 0.084431 -0.472796
1750970649.702774 -1.408454 0.060907 0.242201 -0.048554 -0.875773 0.084431 -0.472796
1750970649.707774 -1.408454 0.060907 0.242201 -0.048554 -0.875773 0.084431 -0.472796
1750970649.712774 -1.408454 0.060907 0.242201 -0.048554 -0.875773 0.084431 -0.472796
1750970649.717773 -1.408454 0.060907 0.242201 -0.048554 -0.875773 0.084431 -0.472796
1750970649.722773 -1.408454 0.060907 0.242201 -0.048554 -0.875773 0.084431 -0.472796
1750970649.727772 -1.402794 0.060574 0.231301 -0.050874 -0.871924 0.083296 -0.479816
1750970649.732772 -1.402794 0.060574 0.231301 -0.050874 -0.871924 0.083296 -0.479816
1750970649.737771 -1.402794 0.060574 0.231301 -0.050874 -0.871924 0.083296 -0.479816
1750970649.742770 -1.402794 0.060574 0.231301 -0.050874 -0.871924 0.083296 -0.479816
1750970649.747771 -1.402794 0.060574 0.231301 -0.050874 -0.871924 0.083296 -0.479816
1750970649.752770 -1.402794 0.060574 0.231301 -0.050874 -0.871924 0.083296 -0.479816
1750970649.757769 -1.402794 0.060574 0.231301 -0.050874 -0.871924 0.083296 -0.479816
1750970649.762769 -1.394173 0.059608 0.219920 -0.053465 -0.868359 0.082580 -0.486081
1750970649.767769 -1.394173 0.059608 0.219920 -0.053465 -0.868359 0.082580 -0.486081
1750970649.772768 -1.394173 0.059608 0.219920 -0.053465 -0.868359 0.082580 -0.486081
1750970649.777084 -1.394173 0.059608 0.219920 -0.053465 -0.868359 0.082580 -0.486081
1750970649.777767 -1.394173 0.059608 0.219920 -0.053465 -0.868359 0.082580 -0.486081
1750970649.782768 -1.394173 0.059608 0.219920 -0.053465 -0.868359 0.082580 -0.486081
1750970649.787767 -1.394173 0.059608 0.219920 -0.053465 -0.868359 0.082580 -0.486081
1750970649.792767 -1.394173 0.059608 0.219920 -0.053465 -0.868359 0.082580 -0.486081
1750970649.797766 -1.384928 0.057502 0.209379 -0.056019 -0.864747 0.082364 -0.492230
1750970649.802766 -1.384928 0.057502 0.209379 -0.056019 -0.864747 0.082364 -0.492230
1750970649.807765 -1.384928 0.057502 0.209379 -0.056019 -0.864747 0.082364 -0.492230
1750970649.812764 -1.384928 0.057502 0.209379 -0.056019 -0.864747 0.082364 -0.492230
1750970649.817764 -1.384928 0.057502 0.209379 -0.056019 -0.864747 0.082364 -0.492230
1750970649.822764 -1.384928 0.057502 0.209379 -0.056019 -0.864747 0.082364 -0.492230
1750970649.827763 -1.375901 0.055715 0.198622 -0.059499 -0.861551 0.081647 -0.497518
1750970649.832762 -1.375901 0.055715 0.198622 -0.059499 -0.861551 0.081647 -0.497518
1750970649.837762 -1.375901 0.055715 0.198622 -0.059499 -0.861551 0.081647 -0.497518
1750970649.842762 -1.375901 0.055715 0.198622 -0.059499 -0.861551 0.081647 -0.497518
1750970649.847761 -1.375901 0.055715 0.198622 -0.059499 -0.861551 0.081647 -0.497518
1750970649.852761 -1.375901 0.055715 0.198622 -0.059499 -0.861551 0.081647 -0.497518
1750970649.857760 -1.375901 0.055715 0.198622 -0.059499 -0.861551 0.081647 -0.497518
1750970649.862760 -1.365690 0.053793 0.188821 0.061375 0.858558 -0.080512 0.502623
1750970649.867759 -1.365690 0.053793 0.188821 0.061375 0.858558 -0.080512 0.502623
1750970649.872759 -1.365690 0.053793 0.188821 0.061375 0.858558 -0.080512 0.502623
1750970649.877759 -1.365690 0.053793 0.188821 0.061375 0.858558 -0.080512 0.502623
1750970649.882758 -1.365690 0.053793 0.188821 0.061375 0.858558 -0.080512 0.502623
1750970649.887757 -1.365690 0.053793 0.188821 0.061375 0.858558 -0.080512 0.502623
1750970649.892756 -1.365690 0.053793 0.188821 0.061375 0.858558 -0.080512 0.502623
1750970649.897756 -1.365690 0.053793 0.188821 0.061375 0.858558 -0.080512 0.502623
1750970649.902756 -1.365690 0.053793 0.188821 0.061375 0.858558 -0.080512 0.502623
1750970649.907755 -1.365690 0.053793 0.188821 0.061375 0.858558 -0.080512 0.502623
1750970649.912755 -1.365690 0.053793 0.188821 0.061375 0.858558 -0.080512 0.502623
1750970649.917755 -1.365690 0.053793 0.188821 0.061375 0.858558 -0.080512 0.502623
1750970649.922754 -1.365690 0.053793 0.188821 0.061375 0.858558 -0.080512 0.502623
1750970649.927079 -1.328079 0.053628 0.182856 0.065389 0.854998 -0.079297 0.508346
1750970649.927753 -1.328079 0.053628 0.182856 0.065389 0.854998 -0.079297 0.508346
1750970649.932752 -1.328079 0.053628 0.182856 0.065389 0.854998 -0.079297 0.508346
1750970649.937752 -1.328079 0.053628 0.182856 0.065389 0.854998 -0.079297 0.508346
1750970649.942752 -1.328079 0.053628 0.182856 0.065389 0.854998 -0.079297 0.508346
1750970649.943746 -1.328079 0.053628 0.182856 0.065389 0.854998 -0.079297 0.508346
1750970649.947751 -1.328079 0.053628 0.182856 0.065389 0.854998 -0.079297 0.508346
1750970649.952751 -1.328079 0.053628 0.182856 0.065389 0.854998 -0.079297 0.508346
1750970649.957751 -1.328079 0.053628 0.182856 0.065389 0.854998 -0.079297 0.508346
1750970649.962750 -1.317287 0.051531 0.171610 0.067394 0.852398 -0.079051 0.512472
1750970649.967749 -1.317287 0.051531 0.171610 0.067394 0.852398 -0.079051 0.512472
1750970649.972748 -1.317287 0.051531 0.171610 0.067394 0.852398 -0.079051 0.512472
1750970649.977748 -1.317287 0.051531 0.171610 0.067394 0.852398 -0.079051 0.512472
1750970649.982748 -1.317287 0.051531 0.171610 0.067394 0.852398 -0.079051 0.512472
1750970649.987747 -1.317287 0.051531 0.171610 0.067394 0.852398 -0.079051 0.512472
1750970649.992747 -1.317287 0.051531 0.171610 0.067394 0.852398 -0.079051 0.512472
1750970649.997746 -1.306422 0.048556 0.161729 0.069391 0.849908 -0.080055 0.516171
1750970650.002745 -1.306422 0.048556 0.161729 0.069391 0.849908 -0.080055 0.516171
1750970650.007745 -1.306422 0.048556 0.161729 0.069391 0.849908 -0.080055 0.516171
1750970650.012745 -1.306422 0.048556 0.161729 0.069391 0.849908 -0.080055 0.516171
1750970650.017744 -1.306422 0.048556 0.161729 0.069391 0.849908 -0.080055 0.516171
1750970650.022743 -1.306422 0.048556 0.161729 0.069391 0.849908 -0.080055 0.516171
1750970650.027742 -1.296053 0.046842 0.152315 0.071005 0.847670 -0.081904 0.519332
1750970650.032743 -1.296053 0.046842 0.152315 0.071005 0.847670 -0.081904 0.519332
1750970650.037742 -1.296053 0.046842 0.152315 0.071005 0.847670 -0.081904 0.519332
1750970650.042741 -1.296053 0.046842 0.152315 0.071005 0.847670 -0.081904 0.519332
1750970650.047740 -1.296053 0.046842 0.152315 0.071005 0.847670 -0.081904 0.519332
1750970650.052740 -1.296053 0.046842 0.152315 0.071005 0.847670 -0.081904 0.519332
1750970650.057740 -1.296053 0.046842 0.152315 0.071005 0.847670 -0.081904 0.519332
1750970650.062739 -1.296053 0.046842 0.152315 0.071005 0.847670 -0.081904 0.519332
1750970650.067738 -1.296053 0.046842 0.152315 0.071005 0.847670 -0.081904 0.519332
1750970650.072738 -1.296053 0.046842 0.152315 0.071005 0.847670 -0.081904 0.519332
1750970650.077738 -1.296053 0.046842 0.152315 0.071005 0.847670 -0.081904 0.519332
1750970650.082737 -1.296053 0.046842 0.152315 0.071005 0.847670 -0.081904 0.519332
1750970650.087736 -1.296053 0.046842 0.152315 0.071005 0.847670 -0.081904 0.519332
1750970650.092736 -1.296053 0.046842 0.152315 0.071005 0.847670 -0.081904 0.519332
1750970650.097735 -1.282652 0.044174 0.125846 0.072127 0.841039 -0.083845 0.529548
1750970650.102734 -1.282652 0.044174 0.125846 0.072127 0.841039 -0.083845 0.529548
1750970650.107734 -1.282652 0.044174 0.125846 0.072127 0.841039 -0.083845 0.529548
1750970650.110405 -1.282652 0.044174 0.125846 0.072127 0.841039 -0.083845 0.529548
1750970650.112734 -1.282652 0.044174 0.125846 0.072127 0.841039 -0.083845 0.529548
1750970650.117733 -1.282652 0.044174 0.125846 0.072127 0.841039 -0.083845 0.529548
1750970650.122732 -1.282652 0.044174 0.125846 0.072127 0.841039 -0.083845 0.529548
1750970650.127732 -1.270137 0.041214 0.119560 0.071802 0.837901 -0.083719 0.534563
1750970650.132731 -1.270137 0.041214 0.119560 0.071802 0.837901 -0.083719 0.534563
1750970650.137731 -1.270137 0.041214 0.119560 0.071802 0.837901 -0.083719 0.534563
1750970650.142730 -1.270137 0.041214 0.119560 0.071802 0.837901 -0.083719 0.534563
1750970650.147729 -1.270137 0.041214 0.119560 0.071802 0.837901 -0.083719 0.534563
1750970650.152729 -1.270137 0.041214 0.119560 0.071802 0.837901 -0.083719 0.534563
1750970650.157728 -1.270137 0.041214 0.119560 0.071802 0.837901 -0.083719 0.534563
1750970650.162727 -1.270137 0.041214 0.119560 0.071802 0.837901 -0.083719 0.534563
1750970650.167727 -1.270137 0.041214 0.119560 0.071802 0.837901 -0.083719 0.534563
1750970650.172727 -1.270137 0.041214 0.119560 0.071802 0.837901 -0.083719 0.534563
1750970650.177726 -1.270137 0.041214 0.119560 0.071802 0.837901 -0.083719 0.534563
1750970650.182725 -1.270137 0.041214 0.119560 0.071802 0.837901 -0.083719 0.534563
1750970650.187725 -1.270137 0.041214 0.119560 0.071802 0.837901 -0.083719 0.534563
1750970650.192724 -1.270137 0.041214 0.119560 0.071802 0.837901 -0.083719 0.534563
1750970650.197724 -1.247838 0.038879 0.107139 0.070483 0.830938 -0.084684 0.545347
1750970650.202723 -1.247838 0.038879 0.107139 0.070483 0.830938 -0.084684 0.545347
1750970650.207723 -1.247838 0.038879 0.107139 0.070483 0.830938 -0.084684 0.545347
1750970650.212722 -1.247838 0.038879 0.107139 0.070483 0.830938 -0.084684 0.545347
1750970650.217721 -1.247838 0.038879 0.107139 0.070483 0.830938 -0.084684 0.545347
1750970650.222721 -1.247838 0.038879 0.107139 0.070483 0.830938 -0.084684 0.545347
1750970650.227720 -1.237421 0.036704 0.102024 0.069050 0.827320 -0.085043 0.550947
1750970650.232720 -1.237421 0.036704 0.102024 0.069050 0.827320 -0.085043 0.550947
1750970650.237719 -1.237421 0.036704 0.102024 0.069050 0.827320 -0.085043 0.550947
1750970650.242718 -1.237421 0.036704 0.102024 0.069050 0.827320 -0.085043 0.550947
1750970650.247718 -1.237421 0.036704 0.102024 0.069050 0.827320 -0.085043 0.550947
1750970650.252717 -1.237421 0.036704 0.102024 0.069050 0.827320 -0.085043 0.550947
1750970650.257716 -1.237421 0.036704 0.102024 0.069050 0.827320 -0.085043 0.550947
1750970650.262716 -1.226733 0.034896 0.097631 0.067616 0.823552 -0.084752 0.556784
1750970650.267716 -1.226733 0.034896 0.097631 0.067616 0.823552 -0.084752 0.556784
1750970650.272715 -1.226733 0.034896 0.097631 0.067616 0.823552 -0.084752 0.556784
1750970650.277063 -1.226733 0.034896 0.097631 0.067616 0.823552 -0.084752 0.556784
1750970650.277714 -1.226733 0.034896 0.097631 0.067616 0.823552 -0.084752 0.556784
1750970650.282714 -1.226733 0.034896 0.097631 0.067616 0.823552 -0.084752 0.556784
1750970650.287713 -1.226733 0.034896 0.097631 0.067616 0.823552 -0.084752 0.556784
1750970650.292712 -1.226733 0.034896 0.097631 0.067616 0.823552 -0.084752 0.556784
1750970650.297711 -1.215450 0.034312 0.091110 0.066949 0.819686 -0.084060 0.562642
1750970650.302711 -1.215450 0.034312 0.091110 0.066949 0.819686 -0.084060 0.562642
1750970650.307711 -1.215450 0.034312 0.091110 0.066949 0.819686 -0.084060 0.562642
1750970650.312710 -1.215450 0.034312 0.091110 0.066949 0.819686 -0.084060 0.562642
1750970650.317710 -1.215450 0.034312 0.091110 0.066949 0.819686 -0.084060 0.562642
1750970650.322709 -1.215450 0.034312 0.091110 0.066949 0.819686 -0.084060 0.562642
1750970650.327708 -1.204209 0.031405 0.086254 0.066655 0.816206 -0.083631 0.567778
1750970650.332707 -1.204209 0.031405 0.086254 0.066655 0.816206 -0.083631 0.567778
1750970650.337706 -1.204209 0.031405 0.086254 0.066655 0.816206 -0.083631 0.567778
1750970650.342706 -1.204209 0.031405 0.086254 0.066655 0.816206 -0.083631 0.567778
1750970650.347706 -1.204209 0.031405 0.086254 0.066655 0.816206 -0.083631 0.567778
1750970650.352705 -1.204209 0.031405 0.086254 0.066655 0.816206 -0.083631 0.567778
1750970650.357704 -1.204209 0.031405 0.086254 0.066655 0.816206 -0.083631 0.567778
1750970650.362704 -1.192876 0.029392 0.081206 0.065729 0.812720 -0.082627 0.573009
1750970650.367703 -1.192876 0.029392 0.081206 0.065729 0.812720 -0.082627 0.573009
1750970650.372702 -1.192876 0.029392 0.081206 0.065729 0.812720 -0.082627 0.573009
1750970650.377701 -1.192876 0.029392 0.081206 0.065729 0.812720 -0.082627 0.573009
1750970650.382701 -1.192876 0.029392 0.081206 0.065729 0.812720 -0.082627 0.573009
1750970650.387701 -1.192876 0.029392 0.081206 0.065729 0.812720 -0.082627 0.573009
1750970650.392699 -1.192876 0.029392 0.081206 0.065729 0.812720 -0.082627 0.573009
1750970650.397700 -1.177775 0.031236 0.070101 0.065202 0.808394 -0.081990 0.579246
1750970650.402699 -1.177775 0.031236 0.070101 0.065202 0.808394 -0.081990 0.579246
1750970650.407698 -1.177775 0.031236 0.070101 0.065202 0.808394 -0.081990 0.579246
1750970650.410389 -1.177775 0.031236 0.070101 0.065202 0.808394 -0.081990 0.579246
1750970650.412697 -1.177775 0.031236 0.070101 0.065202 0.808394 -0.081990 0.579246
1750970650.417696 -1.177775 0.031236 0.070101 0.065202 0.808394 -0.081990 0.579246
1750970650.422696 -1.177775 0.031236 0.070101 0.065202 0.808394 -0.081990 0.579246
1750970650.427695 -1.164935 0.027865 0.067955 0.064598 0.804571 -0.081590 0.584667
1750970650.432694 -1.164935 0.027865 0.067955 0.064598 0.804571 -0.081590 0.584667
1750970650.437695 -1.164935 0.027865 0.067955 0.064598 0.804571 -0.081590 0.584667
1750970650.442694 -1.164935 0.027865 0.067955 0.064598 0.804571 -0.081590 0.584667
1750970650.447693 -1.164935 0.027865 0.067955 0.064598 0.804571 -0.081590 0.584667
1750970650.452692 -1.164935 0.027865 0.067955 0.064598 0.804571 -0.081590 0.584667
1750970650.457692 -1.164935 0.027865 0.067955 0.064598 0.804571 -0.081590 0.584667
1750970650.462691 -1.164935 0.027865 0.067955 0.064598 0.804571 -0.081590 0.584667
1750970650.467690 -1.164935 0.027865 0.067955 0.064598 0.804571 -0.081590 0.584667
1750970650.472689 -1.164935 0.027865 0.067955 0.064598 0.804571 -0.081590 0.584667
1750970650.477689 -1.164935 0.027865 0.067955 0.064598 0.804571 -0.081590 0.584667
1750970650.482688 -1.164935 0.027865 0.067955 0.064598 0.804571 -0.081590 0.584667
1750970650.487687 -1.164935 0.027865 0.067955 0.064598 0.804571 -0.081590 0.584667
1750970650.492686 -1.164935 0.027865 0.067955 0.064598 0.804571 -0.081590 0.584667
1750970650.497686 -1.143619 0.023526 0.058931 0.064666 0.795468 -0.080313 0.597160
1750970650.502685 -1.143619 0.023526 0.058931 0.064666 0.795468 -0.080313 0.597160
1750970650.507685 -1.143619 0.023526 0.058931 0.064666 0.795468 -0.080313 0.597160
1750970650.512685 -1.143619 0.023526 0.058931 0.064666 0.795468 -0.080313 0.597160
1750970650.517684 -1.143619 0.023526 0.058931 0.064666 0.795468 -0.080313 0.597160
1750970650.522683 -1.143619 0.023526 0.058931 0.064666 0.795468 -0.080313 0.597160
1750970650.527682 -1.131377 0.023087 0.054520 0.065795 0.791116 -0.078961 0.602969
1750970650.532682 -1.131377 0.023087 0.054520 0.065795 0.791116 -0.078961 0.602969
1750970650.537681 -1.131377 0.023087 0.054520 0.065795 0.791116 -0.078961 0.602969
1750970650.542680 -1.131377 0.023087 0.054520 0.065795 0.791116 -0.078961 0.602969
1750970650.547679 -1.131377 0.023087 0.054520 0.065795 0.791116 -0.078961 0.602969
1750970650.552679 -1.131377 0.023087 0.054520 0.065795 0.791116 -0.078961 0.602969
1750970650.557678 -1.131377 0.023087 0.054520 0.065795 0.791116 -0.078961 0.602969
1750970650.562677 -1.120380 0.022391 0.050183 0.066374 0.786811 -0.077658 0.608680
1750970650.567676 -1.120380 0.022391 0.050183 0.066374 0.786811 -0.077658 0.608680
1750970650.572676 -1.120380 0.022391 0.050183 0.066374 0.786811 -0.077658 0.608680
1750970650.577044 -1.120380 0.022391 0.050183 0.066374 0.786811 -0.077658 0.608680
1750970650.577675 -1.120380 0.022391 0.050183 0.066374 0.786811 -0.077658 0.608680
1750970650.582675 -1.120380 0.022391 0.050183 0.066374 0.786811 -0.077658 0.608680
1750970650.587673 -1.120380 0.022391 0.050183 0.066374 0.786811 -0.077658 0.608680
1750970650.592673 -1.120380 0.022391 0.050183 0.066374 0.786811 -0.077658 0.608680
1750970650.597672 -1.107667 0.020695 0.045816 0.066332 0.783127 -0.075724 0.613660
1750970650.602671 -1.107667 0.020695 0.045816 0.066332 0.783127 -0.075724 0.613660
1750970650.607671 -1.107667 0.020695 0.045816 0.066332 0.783127 -0.075724 0.613660
1750970650.612670 -1.107667 0.020695 0.045816 0.066332 0.783127 -0.075724 0.613660
1750970650.617670 -1.107667 0.020695 0.045816 0.066332 0.783127 -0.075724 0.613660
1750970650.622669 -1.107667 0.020695 0.045816 0.066332 0.783127 -0.075724 0.613660
1750970650.627669 -1.094040 0.019479 0.042603 0.065802 0.779878 -0.073687 0.618086
1750970650.632668 -1.094040 0.019479 0.042603 0.065802 0.779878 -0.073687 0.618086
1750970650.637667 -1.094040 0.019479 0.042603 0.065802 0.779878 -0.073687 0.618086
1750970650.642666 -1.094040 0.019479 0.042603 0.065802 0.779878 -0.073687 0.618086
1750970650.647666 -1.094040 0.019479 0.042603 0.065802 0.779878 -0.073687 0.618086
1750970650.652665 -1.094040 0.019479 0.042603 0.065802 0.779878 -0.073687 0.618086
1750970650.657664 -1.094040 0.019479 0.042603 0.065802 0.779878 -0.073687 0.618086
1750970650.662663 -1.079603 0.018656 0.040253 0.065709 0.777085 -0.072338 0.621762
1750970650.667663 -1.079603 0.018656 0.040253 0.065709 0.777085 -0.072338 0.621762
1750970650.672662 -1.079603 0.018656 0.040253 0.065709 0.777085 -0.072338 0.621762
1750970650.677661 -1.079603 0.018656 0.040253 0.065709 0.777085 -0.072338 0.621762
1750970650.682660 -1.079603 0.018656 0.040253 0.065709 0.777085 -0.072338 0.621762
1750970650.687660 -1.079603 0.018656 0.040253 0.065709 0.777085 -0.072338 0.621762
1750970650.692660 -1.079603 0.018656 0.040253 0.065709 0.777085 -0.072338 0.621762
1750970650.693702 -1.065434 0.017716 0.037886 0.065905 0.774484 -0.071561 0.625068
1750970650.697659 -1.065434 0.017716 0.037886 0.065905 0.774484 -0.071561 0.625068
1750970650.702659 -1.065434 0.017716 0.037886 0.065905 0.774484 -0.071561 0.625068
1750970650.707659 -1.065434 0.017716 0.037886 0.065905 0.774484 -0.071561 0.625068
1750970650.710369 -1.065434 0.017716 0.037886 0.065905 0.774484 -0.071561 0.625068
1750970650.712658 -1.065434 0.017716 0.037886 0.065905 0.774484 -0.071561 0.625068
1750970650.717657 -1.065434 0.017716 0.037886 0.065905 0.774484 -0.071561 0.625068
1750970650.722657 -1.065434 0.017716 0.037886 0.065905 0.774484 -0.071561 0.625068
1750970650.727657 -1.051755 0.018054 0.035574 0.066249 0.771969 -0.071125 0.628185
1750970650.732657 -1.051755 0.018054 0.035574 0.066249 0.771969 -0.071125 0.628185
1750970650.737656 -1.051755 0.018054 0.035574 0.066249 0.771969 -0.071125 0.628185
1750970650.742656 -1.051755 0.018054 0.035574 0.066249 0.771969 -0.071125 0.628185
1750970650.747656 -1.051755 0.018054 0.035574 0.066249 0.771969 -0.071125 0.628185
1750970650.752655 -1.051755 0.018054 0.035574 0.066249 0.771969 -0.071125 0.628185
1750970650.757654 -1.051755 0.018054 0.035574 0.066249 0.771969 -0.071125 0.628185
1750970650.762655 -1.032011 0.026026 0.041413 0.067693 0.770523 -0.072886 0.629602
1750970650.767654 -1.032011 0.026026 0.041413 0.067693 0.770523 -0.072886 0.629602
1750970650.772654 -1.032011 0.026026 0.041413 0.067693 0.770523 -0.072886 0.629602
1750970650.777653 -1.032011 0.026026 0.041413 0.067693 0.770523 -0.072886 0.629602
1750970650.782653 -1.032011 0.026026 0.041413 0.067693 0.770523 -0.072886 0.629602
1750970650.787652 -1.032011 0.026026 0.041413 0.067693 0.770523 -0.072886 0.629602
1750970650.792652 -1.032011 0.026026 0.041413 0.067693 0.770523 -0.072886 0.629602
1750970650.797652 -1.032011 0.026026 0.041413 0.067693 0.770523 -0.072886 0.629602
1750970650.802651 -1.032011 0.026026 0.041413 0.067693 0.770523 -0.072886 0.629602
1750970650.807651 -1.032011 0.026026 0.041413 0.067693 0.770523 -0.072886 0.629602
1750970650.812650 -1.032011 0.026026 0.041413 0.067693 0.770523 -0.072886 0.629602
1750970650.817651 -1.032011 0.026026 0.041413 0.067693 0.770523 -0.072886 0.629602
1750970650.822650 -1.032011 0.026026 0.041413 0.067693 0.770523 -0.072886 0.629602
1750970650.827650 -1.002433 0.019672 0.042177 0.067574 0.765709 -0.073669 0.635371
1750970650.832649 -1.002433 0.019672 0.042177 0.067574 0.765709 -0.073669 0.635371
1750970650.837649 -1.002433 0.019672 0.042177 0.067574 0.765709 -0.073669 0.635371
1750970650.842648 -1.002433 0.019672 0.042177 0.067574 0.765709 -0.073669 0.635371
1750970650.847648 -1.002433 0.019672 0.042177 0.067574 0.765709 -0.073669 0.635371
1750970650.852647 -1.002433 0.019672 0.042177 0.067574 0.765709 -0.073669 0.635371
1750970650.857647 -1.002433 0.019672 0.042177 0.067574 0.765709 -0.073669 0.635371
1750970650.862647 -0.988432 0.017597 0.042241 0.068989 0.763050 -0.074116 0.638360
1750970650.867646 -0.988432 0.017597 0.042241 0.068989 0.763050 -0.074116 0.638360
1750970650.872646 -0.988432 0.017597 0.042241 0.068989 0.763050 -0.074116 0.638360
1750970650.877034 -0.988432 0.017597 0.042241 0.068989 0.763050 -0.074116 0.638360
1750970650.877646 -0.988432 0.017597 0.042241 0.068989 0.763050 -0.074116 0.638360
1750970650.882645 -0.988432 0.017597 0.042241 0.068989 0.763050 -0.074116 0.638360
1750970650.887644 -0.988432 0.017597 0.042241 0.068989 0.763050 -0.074116 0.638360
1750970650.892644 -0.988432 0.017597 0.042241 0.068989 0.763050 -0.074116 0.638360
1750970650.897644 -0.974002 0.015376 0.043730 0.070014 0.760341 -0.075177 0.641349
1750970650.902643 -0.974002 0.015376 0.043730 0.070014 0.760341 -0.075177 0.641349
1750970650.907643 -0.974002 0.015376 0.043730 0.070014 0.760341 -0.075177 0.641349
1750970650.912642 -0.974002 0.015376 0.043730 0.070014 0.760341 -0.075177 0.641349
1750970650.917642 -0.974002 0.015376 0.043730 0.070014 0.760341 -0.075177 0.641349
1750970650.922642 -0.974002 0.015376 0.043730 0.070014 0.760341 -0.075177 0.641349
1750970650.927641 -0.960224 0.013472 0.045484 0.070023 0.757817 -0.075583 0.644280
1750970650.932641 -0.960224 0.013472 0.045484 0.070023 0.757817 -0.075583 0.644280
1750970650.937641 -0.960224 0.013472 0.045484 0.070023 0.757817 -0.075583 0.644280
1750970650.942640 -0.960224 0.013472 0.045484 0.070023 0.757817 -0.075583 0.644280
1750970650.947639 -0.960224 0.013472 0.045484 0.070023 0.757817 -0.075583 0.644280
1750970650.952640 -0.960224 0.013472 0.045484 0.070023 0.757817 -0.075583 0.644280
1750970650.957639 -0.960224 0.013472 0.045484 0.070023 0.757817 -0.075583 0.644280
1750970650.962638 -0.947672 0.012148 0.044099 0.069968 0.754817 -0.075631 0.647793
1750970650.967638 -0.947672 0.012148 0.044099 0.069968 0.754817 -0.075631 0.647793
1750970650.972638 -0.947672 0.012148 0.044099 0.069968 0.754817 -0.075631 0.647793
1750970650.977637 -0.947672 0.012148 0.044099 0.069968 0.754817 -0.075631 0.647793
1750970650.982636 -0.947672 0.012148 0.044099 0.069968 0.754817 -0.075631 0.647793
1750970650.987635 -0.947672 0.012148 0.044099 0.069968 0.754817 -0.075631 0.647793
1750970650.992636 -0.947672 0.012148 0.044099 0.069968 0.754817 -0.075631 0.647793
1750970650.997635 -0.934179 0.008192 0.044480 0.070623 0.752342 -0.075105 0.650657
1750970651.002635 -0.934179 0.008192 0.044480 0.070623 0.752342 -0.075105 0.650657
1750970651.007634 -0.934179 0.008192 0.044480 0.070623 0.752342 -0.075105 0.650657
1750970651.010364 -0.934179 0.008192 0.044480 0.070623 0.752342 -0.075105 0.650657
1750970651.012634 -0.934179 0.008192 0.044480 0.070623 0.752342 -0.075105 0.650657
1750970651.017633 -0.934179 0.008192 0.044480 0.070623 0.752342 -0.075105 0.650657
1750970651.022632 -0.934179 0.008192 0.044480 0.070623 0.752342 -0.075105 0.650657
1750970651.027632 -0.922196 0.004474 0.044771 0.071119 0.750006 -0.074787 0.653330
1750970651.032632 -0.922196 0.004474 0.044771 0.071119 0.750006 -0.074787 0.653330
1750970651.037632 -0.922196 0.004474 0.044771 0.071119 0.750006 -0.074787 0.653330
1750970651.042631 -0.922196 0.004474 0.044771 0.071119 0.750006 -0.074787 0.653330
1750970651.047631 -0.922196 0.004474 0.044771 0.071119 0.750006 -0.074787 0.653330
1750970651.052630 -0.922196 0.004474 0.044771 0.071119 0.750006 -0.074787 0.653330
1750970651.057630 -0.922196 0.004474 0.044771 0.071119 0.750006 -0.074787 0.653330
1750970651.062629 -0.922196 0.004474 0.044771 0.071119 0.750006 -0.074787 0.653330
1750970651.067629 -0.922196 0.004474 0.044771 0.071119 0.750006 -0.074787 0.653330
1750970651.072628 -0.922196 0.004474 0.044771 0.071119 0.750006 -0.074787 0.653330
1750970651.077628 -0.922196 0.004474 0.044771 0.071119 0.750006 -0.074787 0.653330
1750970651.082627 -0.922196 0.004474 0.044771 0.071119 0.750006 -0.074787 0.653330
1750970651.087627 -0.922196 0.004474 0.044771 0.071119 0.750006 -0.074787 0.653330
1750970651.092626 -0.922196 0.004474 0.044771 0.071119 0.750006 -0.074787 0.653330
1750970651.097626 -0.898182 0.000910 0.048712 0.072839 0.744712 -0.074966 0.659150
1750970651.102625 -0.898182 0.000910 0.048712 0.072839 0.744712 -0.074966 0.659150
1750970651.107625 -0.898182 0.000910 0.048712 0.072839 0.744712 -0.074966 0.659150
1750970651.112625 -0.898182 0.000910 0.048712 0.072839 0.744712 -0.074966 0.659150
1750970651.117624 -0.898182 0.000910 0.048712 0.072839 0.744712 -0.074966 0.659150
1750970651.122623 -0.898182 0.000910 0.048712 0.072839 0.744712 -0.074966 0.659150
1750970651.127623 -0.887911 -0.001344 0.049717 0.073755 0.740550 -0.075657 0.663643
1750970651.132622 -0.887911 -0.001344 0.049717 0.073755 0.740550 -0.075657 0.663643
1750970651.137622 -0.887911 -0.001344 0.049717 0.073755 0.740550 -0.075657 0.663643
1750970651.142622 -0.887911 -0.001344 0.049717 0.073755 0.740550 -0.075657 0.663643
1750970651.147621 -0.887911 -0.001344 0.049717 0.073755 0.740550 -0.075657 0.663643
1750970651.152621 -0.887911 -0.001344 0.049717 0.073755 0.740550 -0.075657 0.663643
1750970651.157620 -0.887911 -0.001344 0.049717 0.073755 0.740550 -0.075657 0.663643
1750970651.162619 -0.877440 -0.002943 0.052505 0.074647 0.735619 -0.076713 0.668885
1750970651.167619 -0.877440 -0.002943 0.052505 0.074647 0.735619 -0.076713 0.668885
1750970651.172619 -0.877440 -0.002943 0.052505 0.074647 0.735619 -0.076713 0.668885
1750970651.177026 -0.877440 -0.002943 0.052505 0.074647 0.735619 -0.076713 0.668885
1750970651.177618 -0.877440 -0.002943 0.052505 0.074647 0.735619 -0.076713 0.668885
1750970651.182618 -0.877440 -0.002943 0.052505 0.074647 0.735619 -0.076713 0.668885
1750970651.187618 -0.877440 -0.002943 0.052505 0.074647 0.735619 -0.076713 0.668885
1750970651.192616 -0.877440 -0.002943 0.052505 0.074647 0.735619 -0.076713 0.668885
1750970651.197616 -0.865861 -0.005097 0.053760 0.074865 0.729875 -0.077063 0.675085
1750970651.202616 -0.865861 -0.005097 0.053760 0.074865 0.729875 -0.077063 0.675085
1750970651.207615 -0.865861 -0.005097 0.053760 0.074865 0.729875 -0.077063 0.675085
1750970651.212614 -0.865861 -0.005097 0.053760 0.074865 0.729875 -0.077063 0.675085
1750970651.217614 -0.865861 -0.005097 0.053760 0.074865 0.729875 -0.077063 0.675085
1750970651.222614 -0.865861 -0.005097 0.053760 0.074865 0.729875 -0.077063 0.675085
1750970651.227613 -0.854363 -0.006988 0.055239 0.073942 0.724240 -0.076104 0.681335
1750970651.232612 -0.854363 -0.006988 0.055239 0.073942 0.724240 -0.076104 0.681335
1750970651.237612 -0.854363 -0.006988 0.055239 0.073942 0.724240 -0.076104 0.681335
1750970651.242612 -0.854363 -0.006988 0.055239 0.073942 0.724240 -0.076104 0.681335
1750970651.247611 -0.854363 -0.006988 0.055239 0.073942 0.724240 -0.076104 0.681335
1750970651.252610 -0.854363 -0.006988 0.055239 0.073942 0.724240 -0.076104 0.681335
1750970651.257610 -0.854363 -0.006988 0.055239 0.073942 0.724240 -0.076104 0.681335
1750970651.262610 -0.837489 -0.002036 0.061607 0.073365 0.719604 -0.075137 0.686398
1750970651.267609 -0.837489 -0.002036 0.061607 0.073365 0.719604 -0.075137 0.686398
1750970651.272608 -0.837489 -0.002036 0.061607 0.073365 0.719604 -0.075137 0.686398
1750970651.277608 -0.837489 -0.002036 0.061607 0.073365 0.719604 -0.075137 0.686398
1750970651.282608 -0.837489 -0.002036 0.061607 0.073365 0.719604 -0.075137 0.686398
1750970651.287607 -0.837489 -0.002036 0.061607 0.073365 0.719604 -0.075137 0.686398
1750970651.292606 -0.837489 -0.002036 0.061607 0.073365 0.719604 -0.075137 0.686398
1750970651.297605 -0.828137 0.000568 0.069092 0.071915 0.714807 -0.074984 0.691561
1750970651.302606 -0.828137 0.000568 0.069092 0.071915 0.714807 -0.074984 0.691561
1750970651.307605 -0.828137 0.000568 0.069092 0.071915 0.714807 -0.074984 0.691561
1750970651.310355 -0.828137 0.000568 0.069092 0.071915 0.714807 -0.074984 0.691561
1750970651.312604 -0.828137 0.000568 0.069092 0.071915 0.714807 -0.074984 0.691561
1750970651.317604 -0.828137 0.000568 0.069092 0.071915 0.714807 -0.074984 0.691561
1750970651.322603 -0.828137 0.000568 0.069092 0.071915 0.714807 -0.074984 0.691561
1750970651.327602 -0.818121 -0.002252 0.069731 0.070623 0.709310 -0.073380 0.697501
1750970651.332602 -0.818121 -0.002252 0.069731 0.070623 0.709310 -0.073380 0.697501
1750970651.337602 -0.818121 -0.002252 0.069731 0.070623 0.709310 -0.073380 0.697501
1750970651.342601 -0.818121 -0.002252 0.069731 0.070623 0.709310 -0.073380 0.697501
1750970651.347600 -0.818121 -0.002252 0.069731 0.070623 0.709310 -0.073380 0.697501
1750970651.352600 -0.818121 -0.002252 0.069731 0.070623 0.709310 -0.073380 0.697501
1750970651.357599 -0.818121 -0.002252 0.069731 0.070623 0.709310 -0.073380 0.697501
1750970651.362599 -0.818121 -0.002252 0.069731 0.070623 0.709310 -0.073380 0.697501
1750970651.367598 -0.818121 -0.002252 0.069731 0.070623 0.709310 -0.073380 0.697501
1750970651.372597 -0.818121 -0.002252 0.069731 0.070623 0.709310 -0.073380 0.697501
1750970651.377597 -0.818121 -0.002252 0.069731 0.070623 0.709310 -0.073380 0.697501
1750970651.382596 -0.818121 -0.002252 0.069731 0.070623 0.709310 -0.073380 0.697501
1750970651.387596 -0.818121 -0.002252 0.069731 0.070623 0.709310 -0.073380 0.697501
1750970651.392595 -0.818121 -0.002252 0.069731 0.070623 0.709310 -0.073380 0.697501
1750970651.397595 -0.800087 -0.007197 0.070081 0.068206 0.695694 -0.071397 0.711520
1750970651.402595 -0.800087 -0.007197 0.070081 0.068206 0.695694 -0.071397 0.711520
1750970651.407593 -0.800087 -0.007197 0.070081 0.068206 0.695694 -0.071397 0.711520
1750970651.412594 -0.800087 -0.007197 0.070081 0.068206 0.695694 -0.071397 0.711520
1750970651.417593 -0.800087 -0.007197 0.070081 0.068206 0.695694 -0.071397 0.711520
1750970651.422592 -0.800087 -0.007197 0.070081 0.068206 0.695694 -0.071397 0.711520
1750970651.427591 -0.788944 -0.010713 0.069700 0.067277 0.687933 -0.070942 0.719159
1750970651.432592 -0.788944 -0.010713 0.069700 0.067277 0.687933 -0.070942 0.719159
1750970651.437591 -0.788944 -0.010713 0.069700 0.067277 0.687933 -0.070942 0.719159
1750970651.442590 -0.788944 -0.010713 0.069700 0.067277 0.687933 -0.070942 0.719159
1750970651.447589 -0.788944 -0.010713 0.069700 0.067277 0.687933 -0.070942 0.719159
1750970651.452589 -0.788944 -0.010713 0.069700 0.067277 0.687933 -0.070942 0.719159
1750970651.457588 -0.788944 -0.010713 0.069700 0.067277 0.687933 -0.070942 0.719159
1750970651.460347 -0.778639 -0.013547 0.070603 0.066442 0.680453 -0.070648 0.726345
1750970651.462587 -0.778639 -0.013547 0.070603 0.066442 0.680453 -0.070648 0.726345
1750970651.467587 -0.778639 -0.013547 0.070603 0.066442 0.680453 -0.070648 0.726345
1750970651.472587 -0.778639 -0.013547 0.070603 0.066442 0.680453 -0.070648 0.726345
1750970651.477013 -0.778639 -0.013547 0.070603 0.066442 0.680453 -0.070648 0.726345
1750970651.477586 -0.778639 -0.013547 0.070603 0.066442 0.680453 -0.070648 0.726345
1750970651.482585 -0.778639 -0.013547 0.070603 0.066442 0.680453 -0.070648 0.726345
1750970651.487585 -0.778639 -0.013547 0.070603 0.066442 0.680453 -0.070648 0.726345
1750970651.492584 -0.778639 -0.013547 0.070603 0.066442 0.680453 -0.070648 0.726345
1750970651.497584 -0.768251 -0.015563 0.071968 0.064848 0.672861 -0.069480 0.733638
1750970651.502583 -0.768251 -0.015563 0.071968 0.064848 0.672861 -0.069480 0.733638
1750970651.507582 -0.768251 -0.015563 0.071968 0.064848 0.672861 -0.069480 0.733638
1750970651.512582 -0.768251 -0.015563 0.071968 0.064848 0.672861 -0.069480 0.733638
1750970651.517581 -0.768251 -0.015563 0.071968 0.064848 0.672861 -0.069480 0.733638
1750970651.522580 -0.768251 -0.015563 0.071968 0.064848 0.672861 -0.069480 0.733638
1750970651.527581 -0.757963 -0.018984 0.073348 0.062758 0.665115 -0.067077 0.741069
1750970651.532580 -0.757963 -0.018984 0.073348 0.062758 0.665115 -0.067077 0.741069
1750970651.537579 -0.757963 -0.018984 0.073348 0.062758 0.665115 -0.067077 0.741069
1750970651.542578 -0.757963 -0.018984 0.073348 0.062758 0.665115 -0.067077 0.741069
1750970651.547578 -0.757963 -0.018984 0.073348 0.062758 0.665115 -0.067077 0.741069
1750970651.552577 -0.757963 -0.018984 0.073348 0.062758 0.665115 -0.067077 0.741069
1750970651.557576 -0.757963 -0.018984 0.073348 0.062758 0.665115 -0.067077 0.741069
1750970651.562575 -0.747644 -0.008672 0.085395 0.061861 0.658229 -0.067086 0.747267
1750970651.567576 -0.747644 -0.008672 0.085395 0.061861 0.658229 -0.067086 0.747267
1750970651.572575 -0.747644 -0.008672 0.085395 0.061861 0.658229 -0.067086 0.747267
1750970651.577574 -0.747644 -0.008672 0.085395 0.061861 0.658229 -0.067086 0.747267
1750970651.582573 -0.747644 -0.008672 0.085395 0.061861 0.658229 -0.067086 0.747267
1750970651.587573 -0.747644 -0.008672 0.085395 0.061861 0.658229 -0.067086 0.747267
1750970651.592572 -0.747644 -0.008672 0.085395 0.061861 0.658229 -0.067086 0.747267
1750970651.597571 -0.747644 -0.008672 0.085395 0.061861 0.658229 -0.067086 0.747267
1750970651.602571 -0.747644 -0.008672 0.085395 0.061861 0.658229 -0.067086 0.747267
1750970651.607570 -0.747644 -0.008672 0.085395 0.061861 0.658229 -0.067086 0.747267
1750970651.612570 -0.747644 -0.008672 0.085395 0.061861 0.658229 -0.067086 0.747267
1750970651.617569 -0.747644 -0.008672 0.085395 0.061861 0.658229 -0.067086 0.747267
1750970651.622569 -0.747644 -0.008672 0.085395 0.061861 0.658229 -0.067086 0.747267
1750970651.627568 -0.727272 -0.008153 0.096031 0.058325 0.641807 -0.063007 0.762044
1750970651.632567 -0.727272 -0.008153 0.096031 0.058325 0.641807 -0.063007 0.762044
1750970651.637567 -0.727272 -0.008153 0.096031 0.058325 0.641807 -0.063007 0.762044
1750970651.642566 -0.727272 -0.008153 0.096031 0.058325 0.641807 -0.063007 0.762044
1750970651.643671 -0.727272 -0.008153 0.096031 0.058325 0.641807 -0.063007 0.762044
1750970651.647566 -0.727272 -0.008153 0.096031 0.058325 0.641807 -0.063007 0.762044
1750970651.652565 -0.727272 -0.008153 0.096031 0.058325 0.641807 -0.063007 0.762044
1750970651.657564 -0.727272 -0.008153 0.096031 0.058325 0.641807 -0.063007 0.762044
1750970651.662564 -0.718291 -0.009450 0.100809 0.056901 0.632618 -0.060547 0.769994
1750970651.667563 -0.718291 -0.009450 0.100809 0.056901 0.632618 -0.060547 0.769994
1750970651.672562 -0.718291 -0.009450 0.100809 0.056901 0.632618 -0.060547 0.769994
1750970651.677561 -0.718291 -0.009450 0.100809 0.056901 0.632618 -0.060547 0.769994
1750970651.682562 -0.718291 -0.009450 0.100809 0.056901 0.632618 -0.060547 0.769994
1750970651.687561 -0.718291 -0.009450 0.100809 0.056901 0.632618 -0.060547 0.769994
1750970651.692560 -0.718291 -0.009450 0.100809 0.056901 0.632618 -0.060547 0.769994
1750970651.697559 -0.707342 -0.009752 0.104966 0.055260 0.622818 -0.058556 0.778213
1750970651.702559 -0.707342 -0.009752 0.104966 0.055260 0.622818 -0.058556 0.778213
1750970651.707559 -0.707342 -0.009752 0.104966 0.055260 0.622818 -0.058556 0.778213
1750970651.712558 -0.707342 -0.009752 0.104966 0.055260 0.622818 -0.058556 0.778213
1750970651.717557 -0.707342 -0.009752 0.104966 0.055260 0.622818 -0.058556 0.778213
1750970651.722558 -0.707342 -0.009752 0.104966 0.055260 0.622818 -0.058556 0.778213
1750970651.727557 -0.696273 -0.009524 0.108760 0.053836 0.612491 -0.056705 0.786601
1750970651.732556 -0.696273 -0.009524 0.108760 0.053836 0.612491 -0.056705 0.786601
1750970651.737556 -0.696273 -0.009524 0.108760 0.053836 0.612491 -0.056705 0.786601
1750970651.742556 -0.696273 -0.009524 0.108760 0.053836 0.612491 -0.056705 0.786601
1750970651.747555 -0.696273 -0.009524 0.108760 0.053836 0.612491 -0.056705 0.786601
1750970651.752554 -0.696273 -0.009524 0.108760 0.053836 0.612491 -0.056705 0.786601
1750970651.757555 -0.696273 -0.009524 0.108760 0.053836 0.612491 -0.056705 0.786601
1750970651.762554 -0.685709 -0.009154 0.113004 0.053056 0.602174 -0.054782 0.794714
1750970651.767553 -0.685709 -0.009154 0.113004 0.053056 0.602174 -0.054782 0.794714
1750970651.772552 -0.685709 -0.009154 0.113004 0.053056 0.602174 -0.054782 0.794714
1750970651.777000 -0.685709 -0.009154 0.113004 0.053056 0.602174 -0.054782 0.794714
1750970651.777552 -0.685709 -0.009154 0.113004 0.053056 0.602174 -0.054782 0.794714
1750970651.782552 -0.685709 -0.009154 0.113004 0.053056 0.602174 -0.054782 0.794714
1750970651.787551 -0.685709 -0.009154 0.113004 0.053056 0.602174 -0.054782 0.794714
1750970651.792550 -0.685709 -0.009154 0.113004 0.053056 0.602174 -0.054782 0.794714
1750970651.797551 -0.674178 -0.008827 0.117313 0.052446 0.591913 -0.052898 0.802552
1750970651.802550 -0.674178 -0.008827 0.117313 0.052446 0.591913 -0.052898 0.802552
1750970651.807549 -0.674178 -0.008827 0.117313 0.052446 0.591913 -0.052898 0.802552
1750970651.812548 -0.674178 -0.008827 0.117313 0.052446 0.591913 -0.052898 0.802552
1750970651.817548 -0.674178 -0.008827 0.117313 0.052446 0.591913 -0.052898 0.802552
1750970651.822548 -0.674178 -0.008827 0.117313 0.052446 0.591913 -0.052898 0.802552
1750970651.827547 -0.674178 -0.008827 0.117313 0.052446 0.591913 -0.052898 0.802552
1750970651.832547 -0.674178 -0.008827 0.117313 0.052446 0.591913 -0.052898 0.802552
1750970651.837547 -0.674178 -0.008827 0.117313 0.052446 0.591913 -0.052898 0.802552
1750970651.842546 -0.674178 -0.008827 0.117313 0.052446 0.591913 -0.052898 0.802552
1750970651.847545 -0.674178 -0.008827 0.117313 0.052446 0.591913 -0.052898 0.802552
1750970651.852545 -0.674178 -0.008827 0.117313 0.052446 0.591913 -0.052898 0.802552
1750970651.857544 -0.674178 -0.008827 0.117313 0.052446 0.591913 -0.052898 0.802552
1750970651.862543 -0.651938 -0.012226 0.126725 0.051970 0.571394 -0.049315 0.817543
1750970651.867543 -0.651938 -0.012226 0.126725 0.051970 0.571394 -0.049315 0.817543
1750970651.872543 -0.651938 -0.012226 0.126725 0.051970 0.571394 -0.049315 0.817543
1750970651.877542 -0.651938 -0.012226 0.126725 0.051970 0.571394 -0.049315 0.817543
1750970651.882541 -0.651938 -0.012226 0.126725 0.051970 0.571394 -0.049315 0.817543
1750970651.887542 -0.651938 -0.012226 0.126725 0.051970 0.571394 -0.049315 0.817543
1750970651.892541 -0.651938 -0.012226 0.126725 0.051970 0.571394 -0.049315 0.817543
1750970651.897540 -0.643303 -0.011318 0.133765 0.052766 0.561082 -0.048528 0.824650
1750970651.902539 -0.643303 -0.011318 0.133765 0.052766 0.561082 -0.048528 0.824650
1750970651.907539 -0.643303 -0.011318 0.133765 0.052766 0.561082 -0.048528 0.824650
1750970651.912539 -0.643303 -0.011318 0.133765 0.052766 0.561082 -0.048528 0.824650
1750970651.917538 -0.643303 -0.011318 0.133765 0.052766 0.561082 -0.048528 0.824650
1750970651.922537 -0.643303 -0.011318 0.133765 0.052766 0.561082 -0.048528 0.824650
1750970651.927537 -0.627144 -0.012587 0.132211 0.055280 0.549506 -0.046769 0.832346
1750970651.932536 -0.627144 -0.012587 0.132211 0.055280 0.549506 -0.046769 0.832346
1750970651.937536 -0.627144 -0.012587 0.132211 0.055280 0.549506 -0.046769 0.832346
1750970651.942535 -0.627144 -0.012587 0.132211 0.055280 0.549506 -0.046769 0.832346
1750970651.943660 -0.627144 -0.012587 0.132211 0.055280 0.549506 -0.046769 0.832346
1750970651.947535 -0.627144 -0.012587 0.132211 0.055280 0.549506 -0.046769 0.832346
1750970651.952534 -0.627144 -0.012587 0.132211 0.055280 0.549506 -0.046769 0.832346
1750970651.957533 -0.627144 -0.012587 0.132211 0.055280 0.549506 -0.046769 0.832346
1750970651.962534 -0.613626 -0.020380 0.132786 0.055886 0.538052 -0.043613 0.839925
1750970651.967533 -0.613626 -0.020380 0.132786 0.055886 0.538052 -0.043613 0.839925
1750970651.972532 -0.613626 -0.020380 0.132786 0.055886 0.538052 -0.043613 0.839925
1750970651.977531 -0.613626 -0.020380 0.132786 0.055886 0.538052 -0.043613 0.839925
1750970651.982531 -0.613626 -0.020380 0.132786 0.055886 0.538052 -0.043613 0.839925
1750970651.987530 -0.613626 -0.020380 0.132786 0.055886 0.538052 -0.043613 0.839925
1750970651.992530 -0.613626 -0.020380 0.132786 0.055886 0.538052 -0.043613 0.839925
1750970651.997529 -0.613626 -0.020380 0.132786 0.055886 0.538052 -0.043613 0.839925
1750970652.002529 -0.613626 -0.020380 0.132786 0.055886 0.538052 -0.043613 0.839925
1750970652.007529 -0.613626 -0.020380 0.132786 0.055886 0.538052 -0.043613 0.839925
1750970652.012527 -0.613626 -0.020380 0.132786 0.055886 0.538052 -0.043613 0.839925
1750970652.017527 -0.613626 -0.020380 0.132786 0.055886 0.538052 -0.043613 0.839925
1750970652.022527 -0.613626 -0.020380 0.132786 0.055886 0.538052 -0.043613 0.839925
1750970652.027526 -0.587239 -0.022908 0.146575 0.057614 0.516780 -0.040071 0.853237
1750970652.032525 -0.587239 -0.022908 0.146575 0.057614 0.516780 -0.040071 0.853237
1750970652.037525 -0.587239 -0.022908 0.146575 0.057614 0.516780 -0.040071 0.853237
1750970652.042524 -0.587239 -0.022908 0.146575 0.057614 0.516780 -0.040071 0.853237
1750970652.047523 -0.587239 -0.022908 0.146575 0.057614 0.516780 -0.040071 0.853237
1750970652.052523 -0.587239 -0.022908 0.146575 0.057614 0.516780 -0.040071 0.853237
1750970652.057522 -0.587239 -0.022908 0.146575 0.057614 0.516780 -0.040071 0.853237
1750970652.062522 -0.574707 -0.021927 0.155141 0.058991 0.506634 -0.038422 0.859282
1750970652.067521 -0.574707 -0.021927 0.155141 0.058991 0.506634 -0.038422 0.859282
1750970652.072520 -0.574707 -0.021927 0.155141 0.058991 0.506634 -0.038422 0.859282
1750970652.077520 -0.574707 -0.021927 0.155141 0.058991 0.506634 -0.038422 0.859282
1750970652.082520 -0.574707 -0.021927 0.155141 0.058991 0.506634 -0.038422 0.859282
1750970652.087519 -0.574707 -0.021927 0.155141 0.058991 0.506634 -0.038422 0.859282
1750970652.092518 -0.574707 -0.021927 0.155141 0.058991 0.506634 -0.038422 0.859282
1750970652.097517 -0.562454 -0.022589 0.163727 0.060627 0.496557 -0.037466 0.865073
1750970652.102517 -0.562454 -0.022589 0.163727 0.060627 0.496557 -0.037466 0.865073
1750970652.107517 -0.562454 -0.022589 0.163727 0.060627 0.496557 -0.037466 0.865073
1750970652.110319 -0.562454 -0.022589 0.163727 0.060627 0.496557 -0.037466 0.865073
1750970652.112516 -0.562454 -0.022589 0.163727 0.060627 0.496557 -0.037466 0.865073
1750970652.117516 -0.562454 -0.022589 0.163727 0.060627 0.496557 -0.037466 0.865073
1750970652.122515 -0.562454 -0.022589 0.163727 0.060627 0.496557 -0.037466 0.865073
1750970652.127514 -0.555198 -0.018147 0.173339 0.062102 0.486705 -0.038970 0.870484
1750970652.132513 -0.555198 -0.018147 0.173339 0.062102 0.486705 -0.038970 0.870484
1750970652.137513 -0.555198 -0.018147 0.173339 0.062102 0.486705 -0.038970 0.870484
1750970652.142512 -0.555198 -0.018147 0.173339 0.062102 0.486705 -0.038970 0.870484
1750970652.147512 -0.555198 -0.018147 0.173339 0.062102 0.486705 -0.038970 0.870484
1750970652.152511 -0.555198 -0.018147 0.173339 0.062102 0.486705 -0.038970 0.870484
1750970652.157511 -0.555198 -0.018147 0.173339 0.062102 0.486705 -0.038970 0.870484
1750970652.162510 -0.541714 -0.021624 0.182089 0.061565 0.476604 -0.037812 0.876144
1750970652.167509 -0.541714 -0.021624 0.182089 0.061565 0.476604 -0.037812 0.876144
1750970652.172508 -0.541714 -0.021624 0.182089 0.061565 0.476604 -0.037812 0.876144
1750970652.177509 -0.541714 -0.021624 0.182089 0.061565 0.476604 -0.037812 0.876144
1750970652.182508 -0.541714 -0.021624 0.182089 0.061565 0.476604 -0.037812 0.876144
1750970652.187507 -0.541714 -0.021624 0.182089 0.061565 0.476604 -0.037812 0.876144
1750970652.192506 -0.541714 -0.021624 0.182089 0.061565 0.476604 -0.037812 0.876144
1750970652.197506 -0.529161 -0.022929 0.190905 0.060259 0.466721 -0.036593 0.881590
1750970652.202505 -0.529161 -0.022929 0.190905 0.060259 0.466721 -0.036593 0.881590
1750970652.207504 -0.529161 -0.022929 0.190905 0.060259 0.466721 -0.036593 0.881590
1750970652.212503 -0.529161 -0.022929 0.190905 0.060259 0.466721 -0.036593 0.881590
1750970652.217504 -0.529161 -0.022929 0.190905 0.060259 0.466721 -0.036593 0.881590
1750970652.222502 -0.529161 -0.022929 0.190905 0.060259 0.466721 -0.036593 0.881590
1750970652.226979 -0.517458 -0.023797 0.199341 0.059073 0.456258 -0.035856 0.887160
1750970652.227502 -0.517458 -0.023797 0.199341 0.059073 0.456258 -0.035856 0.887160
1750970652.232502 -0.517458 -0.023797 0.199341 0.059073 0.456258 -0.035856 0.887160
1750970652.237501 -0.517458 -0.023797 0.199341 0.059073 0.456258 -0.035856 0.887160
1750970652.242500 -0.517458 -0.023797 0.199341 0.059073 0.456258 -0.035856 0.887160
1750970652.243645 -0.517458 -0.023797 0.199341 0.059073 0.456258 -0.035856 0.887160
1750970652.247499 -0.517458 -0.023797 0.199341 0.059073 0.456258 -0.035856 0.887160
1750970652.252499 -0.517458 -0.023797 0.199341 0.059073 0.456258 -0.035856 0.887160
1750970652.257498 -0.517458 -0.023797 0.199341 0.059073 0.456258 -0.035856 0.887160
1750970652.262497 -0.506680 -0.025035 0.208239 0.057365 0.445272 -0.035403 0.892854
1750970652.267496 -0.506680 -0.025035 0.208239 0.057365 0.445272 -0.035403 0.892854
1750970652.272497 -0.506680 -0.025035 0.208239 0.057365 0.445272 -0.035403 0.892854
1750970652.277496 -0.506680 -0.025035 0.208239 0.057365 0.445272 -0.035403 0.892854
1750970652.282495 -0.506680 -0.025035 0.208239 0.057365 0.445272 -0.035403 0.892854
1750970652.287494 -0.506680 -0.025035 0.208239 0.057365 0.445272 -0.035403 0.892854
1750970652.292494 -0.506680 -0.025035 0.208239 0.057365 0.445272 -0.035403 0.892854
1750970652.297493 -0.506680 -0.025035 0.208239 0.057365 0.445272 -0.035403 0.892854
1750970652.302492 -0.506680 -0.025035 0.208239 0.057365 0.445272 -0.035403 0.892854
1750970652.307491 -0.506680 -0.025035 0.208239 0.057365 0.445272 -0.035403 0.892854
1750970652.312491 -0.506680 -0.025035 0.208239 0.057365 0.445272 -0.035403 0.892854
1750970652.317490 -0.506680 -0.025035 0.208239 0.057365 0.445272 -0.035403 0.892854
1750970652.322490 -0.506680 -0.025035 0.208239 0.057365 0.445272 -0.035403 0.892854
1750970652.327488 -0.483241 -0.031636 0.224581 0.053897 0.420602 -0.031787 0.905085
1750970652.332489 -0.483241 -0.031636 0.224581 0.053897 0.420602 -0.031787 0.905085
1750970652.337488 -0.483241 -0.031636 0.224581 0.053897 0.420602 -0.031787 0.905085
1750970652.342487 -0.483241 -0.031636 0.224581 0.053897 0.420602 -0.031787 0.905085
1750970652.347487 -0.483241 -0.031636 0.224581 0.053897 0.420602 -0.031787 0.905085
1750970652.352486 -0.483241 -0.031636 0.224581 0.053897 0.420602 -0.031787 0.905085
1750970652.357485 -0.483241 -0.031636 0.224581 0.053897 0.420602 -0.031787 0.905085
1750970652.362484 -0.475862 -0.031393 0.232927 0.053711 0.407428 -0.030788 0.911136
1750970652.367484 -0.475862 -0.031393 0.232927 0.053711 0.407428 -0.030788 0.911136
1750970652.372483 -0.475862 -0.031393 0.232927 0.053711 0.407428 -0.030788 0.911136
1750970652.377482 -0.475862 -0.031393 0.232927 0.053711 0.407428 -0.030788 0.911136
1750970652.382481 -0.475862 -0.031393 0.232927 0.053711 0.407428 -0.030788 0.911136
1750970652.387481 -0.475862 -0.031393 0.232927 0.053711 0.407428 -0.030788 0.911136
1750970652.392481 -0.475862 -0.031393 0.232927 0.053711 0.407428 -0.030788 0.911136
1750970652.397480 -0.470266 -0.031134 0.242213 0.053379 0.394316 -0.029441 0.916951
1750970652.402480 -0.470266 -0.031134 0.242213 0.053379 0.394316 -0.029441 0.916951
1750970652.407479 -0.470266 -0.031134 0.242213 0.053379 0.394316 -0.029441 0.916951
1750970652.410300 -0.470266 -0.031134 0.242213 0.053379 0.394316 -0.029441 0.916951
1750970652.412478 -0.470266 -0.031134 0.242213 0.053379 0.394316 -0.029441 0.916951
1750970652.417477 -0.470266 -0.031134 0.242213 0.053379 0.394316 -0.029441 0.916951
1750970652.422477 -0.470266 -0.031134 0.242213 0.053379 0.394316 -0.029441 0.916951
1750970652.427476 -0.455970 -0.032761 0.251687 0.051424 0.380257 -0.028133 0.923022
1750970652.432475 -0.455970 -0.032761 0.251687 0.051424 0.380257 -0.028133 0.923022
1750970652.437474 -0.455970 -0.032761 0.251687 0.051424 0.380257 -0.028133 0.923022
1750970652.442474 -0.455970 -0.032761 0.251687 0.051424 0.380257 -0.028133 0.923022
1750970652.447473 -0.455970 -0.032761 0.251687 0.051424 0.380257 -0.028133 0.923022
1750970652.452472 -0.455970 -0.032761 0.251687 0.051424 0.380257 -0.028133 0.923022
1750970652.457471 -0.455970 -0.032761 0.251687 0.051424 0.380257 -0.028133 0.923022
1750970652.462471 -0.449981 -0.030815 0.259781 0.050251 0.367305 -0.027377 0.928339
1750970652.467470 -0.449981 -0.030815 0.259781 0.050251 0.367305 -0.027377 0.928339
1750970652.472469 -0.449981 -0.030815 0.259781 0.050251 0.367305 -0.027377 0.928339
1750970652.477468 -0.449981 -0.030815 0.259781 0.050251 0.367305 -0.027377 0.928339
1750970652.482468 -0.449981 -0.030815 0.259781 0.050251 0.367305 -0.027377 0.928339
1750970652.487467 -0.449981 -0.030815 0.259781 0.050251 0.367305 -0.027377 0.928339
1750970652.492466 -0.449981 -0.030815 0.259781 0.050251 0.367305 -0.027377 0.928339
1750970652.497465 -0.445136 -0.030269 0.269157 0.049357 0.355228 -0.026978 0.933086
1750970652.502465 -0.445136 -0.030269 0.269157 0.049357 0.355228 -0.026978 0.933086
1750970652.507464 -0.445136 -0.030269 0.269157 0.049357 0.355228 -0.026978 0.933086
1750970652.512463 -0.445136 -0.030269 0.269157 0.049357 0.355228 -0.026978 0.933086
1750970652.517462 -0.445136 -0.030269 0.269157 0.049357 0.355228 -0.026978 0.933086
1750970652.522462 -0.445136 -0.030269 0.269157 0.049357 0.355228 -0.026978 0.933086
1750970652.527461 -0.440496 -0.026991 0.278566 0.048737 0.343550 -0.026983 0.937481
1750970652.532460 -0.440496 -0.026991 0.278566 0.048737 0.343550 -0.026983 0.937481
1750970652.537461 -0.440496 -0.026991 0.278566 0.048737 0.343550 -0.026983 0.937481
1750970652.542459 -0.440496 -0.026991 0.278566 0.048737 0.343550 -0.026983 0.937481
1750970652.547459 -0.440496 -0.026991 0.278566 0.048737 0.343550 -0.026983 0.937481
1750970652.552459 -0.440496 -0.026991 0.278566 0.048737 0.343550 -0.026983 0.937481
1750970652.557457 -0.440496 -0.026991 0.278566 0.048737 0.343550 -0.026983 0.937481
1750970652.560289 -0.440496 -0.026991 0.278566 0.048737 0.343550 -0.026983 0.937481
1750970652.562457 -0.440496 -0.026991 0.278566 0.048737 0.343550 -0.026983 0.937481
1750970652.567456 -0.440496 -0.026991 0.278566 0.048737 0.343550 -0.026983 0.937481
1750970652.572456 -0.440496 -0.026991 0.278566 0.048737 0.343550 -0.026983 0.937481
1750970652.577455 -0.440496 -0.026991 0.278566 0.048737 0.343550 -0.026983 0.937481
1750970652.582453 -0.440496 -0.026991 0.278566 0.048737 0.343550 -0.026983 0.937481
1750970652.587453 -0.440496 -0.026991 0.278566 0.048737 0.343550 -0.026983 0.937481
1750970652.592452 -0.440496 -0.026991 0.278566 0.048737 0.343550 -0.026983 0.937481
1750970652.597452 -0.433448 -0.024557 0.297556 0.048024 0.320158 -0.026858 0.945765
1750970652.602451 -0.433448 -0.024557 0.297556 0.048024 0.320158 -0.026858 0.945765
1750970652.607450 -0.433448 -0.024557 0.297556 0.048024 0.320158 -0.026858 0.945765
1750970652.612450 -0.433448 -0.024557 0.297556 0.048024 0.320158 -0.026858 0.945765
1750970652.617449 -0.433448 -0.024557 0.297556 0.048024 0.320158 -0.026858 0.945765
1750970652.622448 -0.433448 -0.024557 0.297556 0.048024 0.320158 -0.026858 0.945765
1750970652.627446 -0.431956 -0.023187 0.306987 0.047980 0.308325 -0.026552 0.949699
1750970652.632447 -0.431956 -0.023187 0.306987 0.047980 0.308325 -0.026552 0.949699
1750970652.637446 -0.431956 -0.023187 0.306987 0.047980 0.308325 -0.026552 0.949699
1750970652.642445 -0.431956 -0.023187 0.306987 0.047980 0.308325 -0.026552 0.949699
1750970652.647444 -0.431956 -0.023187 0.306987 0.047980 0.308325 -0.026552 0.949699
1750970652.652444 -0.431956 -0.023187 0.306987 0.047980 0.308325 -0.026552 0.949699
1750970652.657443 -0.431956 -0.023187 0.306987 0.047980 0.308325 -0.026552 0.949699
1750970652.662441 -0.435875 -0.020949 0.317266 0.047657 0.297376 -0.026240 0.953210
1750970652.667440 -0.435875 -0.020949 0.317266 0.047657 0.297376 -0.026240 0.953210
1750970652.672440 -0.435875 -0.020949 0.317266 0.047657 0.297376 -0.026240 0.953210
1750970652.677439 -0.435875 -0.020949 0.317266 0.047657 0.297376 -0.026240 0.953210
1750970652.682438 -0.435875 -0.020949 0.317266 0.047657 0.297376 -0.026240 0.953210
1750970652.687438 -0.435875 -0.020949 0.317266 0.047657 0.297376 -0.026240 0.953210
1750970652.692438 -0.435875 -0.020949 0.317266 0.047657 0.297376 -0.026240 0.953210
1750970652.697438 -0.435875 -0.020949 0.317266 0.047657 0.297376 -0.026240 0.953210
1750970652.702437 -0.435875 -0.020949 0.317266 0.047657 0.297376 -0.026240 0.953210
1750970652.707436 -0.435875 -0.020949 0.317266 0.047657 0.297376 -0.026240 0.953210
1750970652.712436 -0.435875 -0.020949 0.317266 0.047657 0.297376 -0.026240 0.953210
1750970652.717436 -0.435875 -0.020949 0.317266 0.047657 0.297376 -0.026240 0.953210
1750970652.722435 -0.435875 -0.020949 0.317266 0.047657 0.297376 -0.026240 0.953210
1750970652.727436 -0.432124 -0.018587 0.337504 0.046730 0.275289 -0.025319 0.959891
1750970652.732435 -0.432124 -0.018587 0.337504 0.046730 0.275289 -0.025319 0.959891
1750970652.737434 -0.432124 -0.018587 0.337504 0.046730 0.275289 -0.025319 0.959891
1750970652.742434 -0.432124 -0.018587 0.337504 0.046730 0.275289 -0.025319 0.959891
1750970652.743611 -0.432124 -0.018587 0.337504 0.046730 0.275289 -0.025319 0.959891
1750970652.747434 -0.432124 -0.018587 0.337504 0.046730 0.275289 -0.025319 0.959891
1750970652.752433 -0.432124 -0.018587 0.337504 0.046730 0.275289 -0.025319 0.959891
1750970652.757433 -0.432124 -0.018587 0.337504 0.046730 0.275289 -0.025319 0.959891
1750970652.762432 -0.431769 -0.016750 0.348339 0.046814 0.265640 -0.025245 0.962604
1750970652.767432 -0.431769 -0.016750 0.348339 0.046814 0.265640 -0.025245 0.962604
1750970652.772432 -0.431769 -0.016750 0.348339 0.046814 0.265640 -0.025245 0.962604
1750970652.777431 -0.431769 -0.016750 0.348339 0.046814 0.265640 -0.025245 0.962604
1750970652.782432 -0.431769 -0.016750 0.348339 0.046814 0.265640 -0.025245 0.962604
1750970652.787431 -0.431769 -0.016750 0.348339 0.046814 0.265640 -0.025245 0.962604
1750970652.792430 -0.431769 -0.016750 0.348339 0.046814 0.265640 -0.025245 0.962604
1750970652.797430 -0.430360 -0.016243 0.358608 0.046410 0.257371 -0.024497 0.964887
1750970652.802429 -0.430360 -0.016243 0.358608 0.046410 0.257371 -0.024497 0.964887
1750970652.807429 -0.430360 -0.016243 0.358608 0.046410 0.257371 -0.024497 0.964887
1750970652.812428 -0.430360 -0.016243 0.358608 0.046410 0.257371 -0.024497 0.964887
1750970652.817428 -0.430360 -0.016243 0.358608 0.046410 0.257371 -0.024497 0.964887
1750970652.822428 -0.430360 -0.016243 0.358608 0.046410 0.257371 -0.024497 0.964887
1750970652.827428 -0.430944 -0.016882 0.368532 0.045939 0.250274 -0.024253 0.966780
1750970652.832427 -0.430944 -0.016882 0.368532 0.045939 0.250274 -0.024253 0.966780
1750970652.837426 -0.430944 -0.016882 0.368532 0.045939 0.250274 -0.024253 0.966780
1750970652.842427 -0.430944 -0.016882 0.368532 0.045939 0.250274 -0.024253 0.966780
1750970652.847426 -0.430944 -0.016882 0.368532 0.045939 0.250274 -0.024253 0.966780
1750970652.852425 -0.430944 -0.016882 0.368532 0.045939 0.250274 -0.024253 0.966780
1750970652.857424 -0.430944 -0.016882 0.368532 0.045939 0.250274 -0.024253 0.966780
1750970652.862425 -0.430650 -0.015589 0.379293 0.045812 0.244027 -0.024322 0.968380
1750970652.867424 -0.430650 -0.015589 0.379293 0.045812 0.244027 -0.024322 0.968380
1750970652.872423 -0.430650 -0.015589 0.379293 0.045812 0.244027 -0.024322 0.968380
1750970652.877424 -0.430650 -0.015589 0.379293 0.045812 0.244027 -0.024322 0.968380
1750970652.882423 -0.430650 -0.015589 0.379293 0.045812 0.244027 -0.024322 0.968380
1750970652.887423 -0.430650 -0.015589 0.379293 0.045812 0.244027 -0.024322 0.968380
1750970652.892422 -0.430650 -0.015589 0.379293 0.045812 0.244027 -0.024322 0.968380
1750970652.893608 -0.430650 -0.015589 0.379293 0.045812 0.244027 -0.024322 0.968380
1750970652.897422 -0.430650 -0.015589 0.379293 0.045812 0.244027 -0.024322 0.968380
1750970652.902421 -0.430650 -0.015589 0.379293 0.045812 0.244027 -0.024322 0.968380
1750970652.907420 -0.430650 -0.015589 0.379293 0.045812 0.244027 -0.024322 0.968380
1750970652.912420 -0.430650 -0.015589 0.379293 0.045812 0.244027 -0.024322 0.968380
1750970652.917420 -0.430650 -0.015589 0.379293 0.045812 0.244027 -0.024322 0.968380
1750970652.922420 -0.430650 -0.015589 0.379293 0.045812 0.244027 -0.024322 0.968380
1750970652.927419 -0.431489 -0.012813 0.400905 0.046792 0.233401 -0.024239 0.970952
1750970652.932418 -0.431489 -0.012813 0.400905 0.046792 0.233401 -0.024239 0.970952
1750970652.937418 -0.431489 -0.012813 0.400905 0.046792 0.233401 -0.024239 0.970952
1750970652.942418 -0.431489 -0.012813 0.400905 0.046792 0.233401 -0.024239 0.970952
1750970652.947417 -0.431489 -0.012813 0.400905 0.046792 0.233401 -0.024239 0.970952
1750970652.952416 -0.431489 -0.012813 0.400905 0.046792 0.233401 -0.024239 0.970952
1750970652.957417 -0.431489 -0.012813 0.400905 0.046792 0.233401 -0.024239 0.970952
1750970652.962416 -0.427375 -0.013152 0.412612 0.047507 0.228283 -0.024323 0.972131
1750970652.967415 -0.427375 -0.013152 0.412612 0.047507 0.228283 -0.024323 0.972131
1750970652.972414 -0.427375 -0.013152 0.412612 0.047507 0.228283 -0.024323 0.972131
1750970652.977415 -0.427375 -0.013152 0.412612 0.047507 0.228283 -0.024323 0.972131
1750970652.982414 -0.427375 -0.013152 0.412612 0.047507 0.228283 -0.024323 0.972131
1750970652.987413 -0.427375 -0.013152 0.412612 0.047507 0.228283 -0.024323 0.972131
1750970652.992414 -0.427375 -0.013152 0.412612 0.047507 0.228283 -0.024323 0.972131
1750970652.997413 -0.429478 -0.011810 0.423913 0.048672 0.224088 -0.024827 0.973036
1750970653.002412 -0.429478 -0.011810 0.423913 0.048672 0.224088 -0.024827 0.973036
1750970653.007411 -0.429478 -0.011810 0.423913 0.048672 0.224088 -0.024827 0.973036
1750970653.012412 -0.429478 -0.011810 0.423913 0.048672 0.224088 -0.024827 0.973036
1750970653.017411 -0.429478 -0.011810 0.423913 0.048672 0.224088 -0.024827 0.973036
1750970653.022410 -0.429478 -0.011810 0.423913 0.048672 0.224088 -0.024827 0.973036
1750970653.026938 -0.418342 -0.008910 0.431804 0.050349 0.218052 -0.024303 0.974335
1750970653.027409 -0.418342 -0.008910 0.431804 0.050349 0.218052 -0.024303 0.974335
1750970653.032410 -0.418342 -0.008910 0.431804 0.050349 0.218052 -0.024303 0.974335
1750970653.037409 -0.418342 -0.008910 0.431804 0.050349 0.218052 -0.024303 0.974335
1750970653.042408 -0.418342 -0.008910 0.431804 0.050349 0.218052 -0.024303 0.974335
1750970653.043605 -0.418342 -0.008910 0.431804 0.050349 0.218052 -0.024303 0.974335
1750970653.047408 -0.418342 -0.008910 0.431804 0.050349 0.218052 -0.024303 0.974335
1750970653.052408 -0.418342 -0.008910 0.431804 0.050349 0.218052 -0.024303 0.974335
1750970653.057407 -0.418342 -0.008910 0.431804 0.050349 0.218052 -0.024303 0.974335
1750970653.062406 -0.421207 -0.007476 0.443841 0.052285 0.214061 -0.023619 0.975134
1750970653.067407 -0.421207 -0.007476 0.443841 0.052285 0.214061 -0.023619 0.975134
1750970653.072406 -0.421207 -0.007476 0.443841 0.052285 0.214061 -0.023619 0.975134
1750970653.077405 -0.421207 -0.007476 0.443841 0.052285 0.214061 -0.023619 0.975134
1750970653.082404 -0.421207 -0.007476 0.443841 0.052285 0.214061 -0.023619 0.975134
1750970653.087404 -0.421207 -0.007476 0.443841 0.052285 0.214061 -0.023619 0.975134
1750970653.092404 -0.421207 -0.007476 0.443841 0.052285 0.214061 -0.023619 0.975134
1750970653.097403 -0.421207 -0.007476 0.443841 0.052285 0.214061 -0.023619 0.975134
1750970653.102402 -0.421207 -0.007476 0.443841 0.052285 0.214061 -0.023619 0.975134
1750970653.107403 -0.421207 -0.007476 0.443841 0.052285 0.214061 -0.023619 0.975134
1750970653.112402 -0.421207 -0.007476 0.443841 0.052285 0.214061 -0.023619 0.975134
1750970653.117401 -0.421207 -0.007476 0.443841 0.052285 0.214061 -0.023619 0.975134
1750970653.122400 -0.421207 -0.007476 0.443841 0.052285 0.214061 -0.023619 0.975134
1750970653.127400 -0.428717 -0.005752 0.466947 0.055885 0.204254 -0.023151 0.977047
1750970653.132400 -0.428717 -0.005752 0.466947 0.055885 0.204254 -0.023151 0.977047
1750970653.137399 -0.428717 -0.005752 0.466947 0.055885 0.204254 -0.023151 0.977047
1750970653.142399 -0.428717 -0.005752 0.466947 0.055885 0.204254 -0.023151 0.977047
1750970653.147398 -0.428717 -0.005752 0.466947 0.055885 0.204254 -0.023151 0.977047
1750970653.152398 -0.428717 -0.005752 0.466947 0.055885 0.204254 -0.023151 0.977047
1750970653.157397 -0.428717 -0.005752 0.466947 0.055885 0.204254 -0.023151 0.977047
1750970653.162396 -0.432665 -0.005152 0.479611 0.058243 0.199143 -0.022706 0.977975
1750970653.167396 -0.432665 -0.005152 0.479611 0.058243 0.199143 -0.022706 0.977975
1750970653.172395 -0.432665 -0.005152 0.479611 0.058243 0.199143 -0.022706 0.977975
1750970653.177395 -0.432665 -0.005152 0.479611 0.058243 0.199143 -0.022706 0.977975
1750970653.182395 -0.432665 -0.005152 0.479611 0.058243 0.199143 -0.022706 0.977975
1750970653.187394 -0.432665 -0.005152 0.479611 0.058243 0.199143 -0.022706 0.977975
1750970653.192394 -0.432665 -0.005152 0.479611 0.058243 0.199143 -0.022706 0.977975
1750970653.197393 -0.445967 -0.006049 0.491649 0.060552 0.194777 -0.022932 0.978708
1750970653.202393 -0.445967 -0.006049 0.491649 0.060552 0.194777 -0.022932 0.978708
1750970653.207392 -0.445967 -0.006049 0.491649 0.060552 0.194777 -0.022932 0.978708
1750970653.210265 -0.445967 -0.006049 0.491649 0.060552 0.194777 -0.022932 0.978708
1750970653.212391 -0.445967 -0.006049 0.491649 0.060552 0.194777 -0.022932 0.978708
1750970653.217391 -0.445967 -0.006049 0.491649 0.060552 0.194777 -0.022932 0.978708
1750970653.222391 -0.445967 -0.006049 0.491649 0.060552 0.194777 -0.022932 0.978708
1750970653.227390 -0.447409 -0.002631 0.502807 0.063234 0.189567 -0.021831 0.979586
1750970653.232389 -0.447409 -0.002631 0.502807 0.063234 0.189567 -0.021831 0.979586
1750970653.237389 -0.447409 -0.002631 0.502807 0.063234 0.189567 -0.021831 0.979586
1750970653.242389 -0.447409 -0.002631 0.502807 0.063234 0.189567 -0.021831 0.979586
1750970653.247388 -0.447409 -0.002631 0.502807 0.063234 0.189567 -0.021831 0.979586
1750970653.252387 -0.447409 -0.002631 0.502807 0.063234 0.189567 -0.021831 0.979586
1750970653.257387 -0.447409 -0.002631 0.502807 0.063234 0.189567 -0.021831 0.979586
1750970653.262386 -0.447409 -0.002631 0.502807 0.063234 0.189567 -0.021831 0.979586
1750970653.267386 -0.447409 -0.002631 0.502807 0.063234 0.189567 -0.021831 0.979586
1750970653.272385 -0.447409 -0.002631 0.502807 0.063234 0.189567 -0.021831 0.979586
1750970653.277385 -0.447409 -0.002631 0.502807 0.063234 0.189567 -0.021831 0.979586
1750970653.282384 -0.447409 -0.002631 0.502807 0.063234 0.189567 -0.021831 0.979586
1750970653.287383 -0.447409 -0.002631 0.502807 0.063234 0.189567 -0.021831 0.979586
1750970653.292382 -0.447409 -0.002631 0.502807 0.063234 0.189567 -0.021831 0.979586
1750970653.297383 -0.454048 -0.000752 0.525553 0.068330 0.179677 -0.020131 0.981143
1750970653.302382 -0.454048 -0.000752 0.525553 0.068330 0.179677 -0.020131 0.981143
1750970653.307381 -0.454048 -0.000752 0.525553 0.068330 0.179677 -0.020131 0.981143
1750970653.312380 -0.454048 -0.000752 0.525553 0.068330 0.179677 -0.020131 0.981143
1750970653.317381 -0.454048 -0.000752 0.525553 0.068330 0.179677 -0.020131 0.981143
1750970653.322380 -0.454048 -0.000752 0.525553 0.068330 0.179677 -0.020131 0.981143
1750970653.327379 -0.458065 0.001719 0.537608 0.070464 0.173959 -0.019752 0.982030
1750970653.332379 -0.458065 0.001719 0.537608 0.070464 0.173959 -0.019752 0.982030
1750970653.337378 -0.458065 0.001719 0.537608 0.070464 0.173959 -0.019752 0.982030
1750970653.342377 -0.458065 0.001719 0.537608 0.070464 0.173959 -0.019752 0.982030
1750970653.347377 -0.458065 0.001719 0.537608 0.070464 0.173959 -0.019752 0.982030
1750970653.352377 -0.458065 0.001719 0.537608 0.070464 0.173959 -0.019752 0.982030
1750970653.357376 -0.458065 0.001719 0.537608 0.070464 0.173959 -0.019752 0.982030
1750970653.362375 -0.461603 0.004330 0.548104 0.072178 0.167822 -0.018863 0.982991
1750970653.367374 -0.461603 0.004330 0.548104 0.072178 0.167822 -0.018863 0.982991
1750970653.372375 -0.461603 0.004330 0.548104 0.072178 0.167822 -0.018863 0.982991
1750970653.376925 -0.461603 0.004330 0.548104 0.072178 0.167822 -0.018863 0.982991
1750970653.377374 -0.461603 0.004330 0.548104 0.072178 0.167822 -0.018863 0.982991
1750970653.382373 -0.461603 0.004330 0.548104 0.072178 0.167822 -0.018863 0.982991
1750970653.387372 -0.461603 0.004330 0.548104 0.072178 0.167822 -0.018863 0.982991
1750970653.392372 -0.461603 0.004330 0.548104 0.072178 0.167822 -0.018863 0.982991
1750970653.397371 -0.464043 0.006453 0.558850 0.073695 0.161701 -0.017482 0.983929
1750970653.402370 -0.464043 0.006453 0.558850 0.073695 0.161701 -0.017482 0.983929
1750970653.407370 -0.464043 0.006453 0.558850 0.073695 0.161701 -0.017482 0.983929
1750970653.412370 -0.464043 0.006453 0.558850 0.073695 0.161701 -0.017482 0.983929
1750970653.417369 -0.464043 0.006453 0.558850 0.073695 0.161701 -0.017482 0.983929
1750970653.422368 -0.464043 0.006453 0.558850 0.073695 0.161701 -0.017482 0.983929
1750970653.427367 -0.467492 0.009581 0.568410 0.075308 0.155498 -0.016451 0.984824
1750970653.432367 -0.467492 0.009581 0.568410 0.075308 0.155498 -0.016451 0.984824
1750970653.437367 -0.467492 0.009581 0.568410 0.075308 0.155498 -0.016451 0.984824
1750970653.442366 -0.467492 0.009581 0.568410 0.075308 0.155498 -0.016451 0.984824
1750970653.447366 -0.467492 0.009581 0.568410 0.075308 0.155498 -0.016451 0.984824
1750970653.452365 -0.467492 0.009581 0.568410 0.075308 0.155498 -0.016451 0.984824
1750970653.457364 -0.467492 0.009581 0.568410 0.075308 0.155498 -0.016451 0.984824
1750970653.462363 -0.471228 0.012332 0.579952 0.075730 0.149268 -0.015732 0.985767
1750970653.467363 -0.471228 0.012332 0.579952 0.075730 0.149268 -0.015732 0.985767
1750970653.472363 -0.471228 0.012332 0.579952 0.075730 0.149268 -0.015732 0.985767
1750970653.477362 -0.471228 0.012332 0.579952 0.075730 0.149268 -0.015732 0.985767
1750970653.482361 -0.471228 0.012332 0.579952 0.075730 0.149268 -0.015732 0.985767
1750970653.487360 -0.471228 0.012332 0.579952 0.075730 0.149268 -0.015732 0.985767
1750970653.492360 -0.471228 0.012332 0.579952 0.075730 0.149268 -0.015732 0.985767
1750970653.497359 -0.471228 0.012332 0.579952 0.075730 0.149268 -0.015732 0.985767
1750970653.502358 -0.471228 0.012332 0.579952 0.075730 0.149268 -0.015732 0.985767
1750970653.507359 -0.471228 0.012332 0.579952 0.075730 0.149268 -0.015732 0.985767
1750970653.512358 -0.471228 0.012332 0.579952 0.075730 0.149268 -0.015732 0.985767
1750970653.517357 -0.471228 0.012332 0.579952 0.075730 0.149268 -0.015732 0.985767
1750970653.522356 -0.471228 0.012332 0.579952 0.075730 0.149268 -0.015732 0.985767
1750970653.527356 -0.475249 0.015512 0.601114 0.073855 0.134909 -0.015679 0.987977
1750970653.532355 -0.475249 0.015512 0.601114 0.073855 0.134909 -0.015679 0.987977
1750970653.537354 -0.475249 0.015512 0.601114 0.073855 0.134909 -0.015679 0.987977
1750970653.542353 -0.475249 0.015512 0.601114 0.073855 0.134909 -0.015679 0.987977
1750970653.543583 -0.475249 0.015512 0.601114 0.073855 0.134909 -0.015679 0.987977
1750970653.547354 -0.475249 0.015512 0.601114 0.073855 0.134909 -0.015679 0.987977
1750970653.552353 -0.475249 0.015512 0.601114 0.073855 0.134909 -0.015679 0.987977
1750970653.557352 -0.475249 0.015512 0.601114 0.073855 0.134909 -0.015679 0.987977
1750970653.562351 -0.466994 0.007364 0.613191 0.070818 0.125979 -0.014697 0.989393
1750970653.567351 -0.466994 0.007364 0.613191 0.070818 0.125979 -0.014697 0.989393
1750970653.572350 -0.466994 0.007364 0.613191 0.070818 0.125979 -0.014697 0.989393
1750970653.577349 -0.466994 0.007364 0.613191 0.070818 0.125979 -0.014697 0.989393
1750970653.582349 -0.466994 0.007364 0.613191 0.070818 0.125979 -0.014697 0.989393
1750970653.587348 -0.466994 0.007364 0.613191 0.070818 0.125979 -0.014697 0.989393
1750970653.592348 -0.466994 0.007364 0.613191 0.070818 0.125979 -0.014697 0.989393
1750970653.597347 -0.470827 0.011334 0.622664 0.069636 0.118878 -0.014749 0.990354
1750970653.602347 -0.470827 0.011334 0.622664 0.069636 0.118878 -0.014749 0.990354
1750970653.607346 -0.470827 0.011334 0.622664 0.069636 0.118878 -0.014749 0.990354
1750970653.612345 -0.470827 0.011334 0.622664 0.069636 0.118878 -0.014749 0.990354
1750970653.617345 -0.470827 0.011334 0.622664 0.069636 0.118878 -0.014749 0.990354
1750970653.622344 -0.470827 0.011334 0.622664 0.069636 0.118878 -0.014749 0.990354
1750970653.627343 -0.474471 0.013613 0.632716 0.068978 0.112039 -0.014519 0.991201
1750970653.632342 -0.474471 0.013613 0.632716 0.068978 0.112039 -0.014519 0.991201
1750970653.637342 -0.474471 0.013613 0.632716 0.068978 0.112039 -0.014519 0.991201
1750970653.642342 -0.474471 0.013613 0.632716 0.068978 0.112039 -0.014519 0.991201
1750970653.647341 -0.474471 0.013613 0.632716 0.068978 0.112039 -0.014519 0.991201
1750970653.652340 -0.474471 0.013613 0.632716 0.068978 0.112039 -0.014519 0.991201
1750970653.657340 -0.474471 0.013613 0.632716 0.068978 0.112039 -0.014519 0.991201
1750970653.662339 -0.477357 0.014736 0.642663 0.068671 0.104736 -0.014244 0.992024
1750970653.667338 -0.477357 0.014736 0.642663 0.068671 0.104736 -0.014244 0.992024
1750970653.672337 -0.477357 0.014736 0.642663 0.068671 0.104736 -0.014244 0.992024
1750970653.677337 -0.477357 0.014736 0.642663 0.068671 0.104736 -0.014244 0.992024
1750970653.682336 -0.477357 0.014736 0.642663 0.068671 0.104736 -0.014244 0.992024
1750970653.687336 -0.477357 0.014736 0.642663 0.068671 0.104736 -0.014244 0.992024
1750970653.692335 -0.477357 0.014736 0.642663 0.068671 0.104736 -0.014244 0.992024
1750970653.693574 -0.477357 0.014736 0.642663 0.068671 0.104736 -0.014244 0.992024
1750970653.697335 -0.477357 0.014736 0.642663 0.068671 0.104736 -0.014244 0.992024
1750970653.702335 -0.477357 0.014736 0.642663 0.068671 0.104736 -0.014244 0.992024
1750970653.707334 -0.477357 0.014736 0.642663 0.068671 0.104736 -0.014244 0.992024
1750970653.712335 -0.477357 0.014736 0.642663 0.068671 0.104736 -0.014244 0.992024
1750970653.717334 -0.477357 0.014736 0.642663 0.068671 0.104736 -0.014244 0.992024
1750970653.722333 -0.477357 0.014736 0.642663 0.068671 0.104736 -0.014244 0.992024
1750970653.727333 -0.493735 0.013105 0.660863 0.069021 0.089660 -0.013041 0.993492
1750970653.732332 -0.493735 0.013105 0.660863 0.069021 0.089660 -0.013041 0.993492
1750970653.737333 -0.493735 0.013105 0.660863 0.069021 0.089660 -0.013041 0.993492
1750970653.742332 -0.493735 0.013105 0.660863 0.069021 0.089660 -0.013041 0.993492
1750970653.747331 -0.493735 0.013105 0.660863 0.069021 0.089660 -0.013041 0.993492
1750970653.752331 -0.493735 0.013105 0.660863 0.069021 0.089660 -0.013041 0.993492
1750970653.757331 -0.493735 0.013105 0.660863 0.069021 0.089660 -0.013041 0.993492
1750970653.762330 -0.490919 0.020688 0.669815 0.071788 0.080041 -0.012304 0.994127
1750970653.767331 -0.490919 0.020688 0.669815 0.071788 0.080041 -0.012304 0.994127
1750970653.772330 -0.490919 0.020688 0.669815 0.071788 0.080041 -0.012304 0.994127
1750970653.777329 -0.490919 0.020688 0.669815 0.071788 0.080041 -0.012304 0.994127
1750970653.782329 -0.490919 0.020688 0.669815 0.071788 0.080041 -0.012304 0.994127
1750970653.787329 -0.490919 0.020688 0.669815 0.071788 0.080041 -0.012304 0.994127
1750970653.792329 -0.490919 0.020688 0.669815 0.071788 0.080041 -0.012304 0.994127
1750970653.797328 -0.490749 0.022215 0.679466 0.073536 0.071050 -0.011228 0.994695
1750970653.802327 -0.490749 0.022215 0.679466 0.073536 0.071050 -0.011228 0.994695
1750970653.807328 -0.490749 0.022215 0.679466 0.073536 0.071050 -0.011228 0.994695
1750970653.812327 -0.490749 0.022215 0.679466 0.073536 0.071050 -0.011228 0.994695
1750970653.817326 -0.490749 0.022215 0.679466 0.073536 0.071050 -0.011228 0.994695
1750970653.822326 -0.490749 0.022215 0.679466 0.073536 0.071050 -0.011228 0.994695
1750970653.827326 -0.490749 0.022215 0.679466 0.073536 0.071050 -0.011228 0.994695
1750970653.832325 -0.490749 0.022215 0.679466 0.073536 0.071050 -0.011228 0.994695
1750970653.837325 -0.490749 0.022215 0.679466 0.073536 0.071050 -0.011228 0.994695
1750970653.842324 -0.490749 0.022215 0.679466 0.073536 0.071050 -0.011228 0.994695
1750970653.847324 -0.490749 0.022215 0.679466 0.073536 0.071050 -0.011228 0.994695
1750970653.852324 -0.490749 0.022215 0.679466 0.073536 0.071050 -0.011228 0.994695
1750970653.857323 -0.490749 0.022215 0.679466 0.073536 0.071050 -0.011228 0.994695
1750970653.860239 -0.489525 0.025269 0.702330 0.074129 0.054599 -0.008615 0.995716
1750970653.862322 -0.489525 0.025269 0.702330 0.074129 0.054599 -0.008615 0.995716
1750970653.867323 -0.489525 0.025269 0.702330 0.074129 0.054599 -0.008615 0.995716
1750970653.872322 -0.489525 0.025269 0.702330 0.074129 0.054599 -0.008615 0.995716
1750970653.876906 -0.489525 0.025269 0.702330 0.074129 0.054599 -0.008615 0.995716
1750970653.877321 -0.489525 0.025269 0.702330 0.074129 0.054599 -0.008615 0.995716
1750970653.882322 -0.489525 0.025269 0.702330 0.074129 0.054599 -0.008615 0.995716
1750970653.887321 -0.489525 0.025269 0.702330 0.074129 0.054599 -0.008615 0.995716
1750970653.892320 -0.489525 0.025269 0.702330 0.074129 0.054599 -0.008615 0.995716
1750970653.897320 -0.489463 0.027978 0.714613 0.073820 0.045823 -0.007835 0.996188
1750970653.902319 -0.489463 0.027978 0.714613 0.073820 0.045823 -0.007835 0.996188
1750970653.907319 -0.489463 0.027978 0.714613 0.073820 0.045823 -0.007835 0.996188
1750970653.912319 -0.489463 0.027978 0.714613 0.073820 0.045823 -0.007835 0.996188
1750970653.917318 -0.489463 0.027978 0.714613 0.073820 0.045823 -0.007835 0.996188
1750970653.922317 -0.489463 0.027978 0.714613 0.073820 0.045823 -0.007835 0.996188
1750970653.927318 -0.488922 0.029267 0.727920 0.072294 0.036282 -0.006343 0.996703
1750970653.932317 -0.488922 0.029267 0.727920 0.072294 0.036282 -0.006343 0.996703
1750970653.937316 -0.488922 0.029267 0.727920 0.072294 0.036282 -0.006343 0.996703
1750970653.942317 -0.488922 0.029267 0.727920 0.072294 0.036282 -0.006343 0.996703
1750970653.947316 -0.488922 0.029267 0.727920 0.072294 0.036282 -0.006343 0.996703
1750970653.952315 -0.488922 0.029267 0.727920 0.072294 0.036282 -0.006343 0.996703
1750970653.957314 -0.488922 0.029267 0.727920 0.072294 0.036282 -0.006343 0.996703
1750970653.962315 -0.488922 0.029267 0.727920 0.072294 0.036282 -0.006343 0.996703
1750970653.967314 -0.488922 0.029267 0.727920 0.072294 0.036282 -0.006343 0.996703
1750970653.972314 -0.488922 0.029267 0.727920 0.072294 0.036282 -0.006343 0.996703
1750970653.977313 -0.488922 0.029267 0.727920 0.072294 0.036282 -0.006343 0.996703
1750970653.982313 -0.488922 0.029267 0.727920 0.072294 0.036282 -0.006343 0.996703
1750970653.987312 -0.488922 0.029267 0.727920 0.072294 0.036282 -0.006343 0.996703
1750970653.992312 -0.488922 0.029267 0.727920 0.072294 0.036282 -0.006343 0.996703
1750970653.997311 -0.487769 0.033344 0.755380 0.068062 0.014509 -0.003235 0.997570
1750970654.002311 -0.487769 0.033344 0.755380 0.068062 0.014509 -0.003235 0.997570
1750970654.007311 -0.487769 0.033344 0.755380 0.068062 0.014509 -0.003235 0.997570
1750970654.012310 -0.487769 0.033344 0.755380 0.068062 0.014509 -0.003235 0.997570
1750970654.017310 -0.487769 0.033344 0.755380 0.068062 0.014509 -0.003235 0.997570
1750970654.022310 -0.487769 0.033344 0.755380 0.068062 0.014509 -0.003235 0.997570
1750970654.027309 -0.487298 0.033394 0.770422 0.065758 0.002753 -0.001397 0.997831
1750970654.032308 -0.487298 0.033394 0.770422 0.065758 0.002753 -0.001397 0.997831
1750970654.037308 -0.487298 0.033394 0.770422 0.065758 0.002753 -0.001397 0.997831
1750970654.042308 -0.487298 0.033394 0.770422 0.065758 0.002753 -0.001397 0.997831
1750970654.043570 -0.487298 0.033394 0.770422 0.065758 0.002753 -0.001397 0.997831
1750970654.047307 -0.487298 0.033394 0.770422 0.065758 0.002753 -0.001397 0.997831
1750970654.052306 -0.487298 0.033394 0.770422 0.065758 0.002753 -0.001397 0.997831
1750970654.057307 -0.487298 0.033394 0.770422 0.065758 0.002753 -0.001397 0.997831
1750970654.062306 -0.481313 0.034100 0.786557 0.063896 -0.009879 0.000856 0.997907
1750970654.067305 -0.481313 0.034100 0.786557 0.063896 -0.009879 0.000856 0.997907
1750970654.072304 -0.481313 0.034100 0.786557 0.063896 -0.009879 0.000856 0.997907
1750970654.077305 -0.481313 0.034100 0.786557 0.063896 -0.009879 0.000856 0.997907
1750970654.082304 -0.481313 0.034100 0.786557 0.063896 -0.009879 0.000856 0.997907
1750970654.087303 -0.481313 0.034100 0.786557 0.063896 -0.009879 0.000856 0.997907
1750970654.092303 -0.481313 0.034100 0.786557 0.063896 -0.009879 0.000856 0.997907
1750970654.097303 -0.481313 0.034100 0.786557 0.063896 -0.009879 0.000856 0.997907
1750970654.102302 -0.481313 0.034100 0.786557 0.063896 -0.009879 0.000856 0.997907
1750970654.107301 -0.481313 0.034100 0.786557 0.063896 -0.009879 0.000856 0.997907
1750970654.112302 -0.481313 0.034100 0.786557 0.063896 -0.009879 0.000856 0.997907
1750970654.117301 -0.481313 0.034100 0.786557 0.063896 -0.009879 0.000856 0.997907
1750970654.122300 -0.481313 0.034100 0.786557 0.063896 -0.009879 0.000856 0.997907
1750970654.127299 -0.479846 0.032870 0.814709 0.064850 -0.032586 0.006828 0.997339
1750970654.132299 -0.479846 0.032870 0.814709 0.064850 -0.032586 0.006828 0.997339
1750970654.137299 -0.479846 0.032870 0.814709 0.064850 -0.032586 0.006828 0.997339
1750970654.142298 -0.479846 0.032870 0.814709 0.064850 -0.032586 0.006828 0.997339
1750970654.147298 -0.479846 0.032870 0.814709 0.064850 -0.032586 0.006828 0.997339
1750970654.152298 -0.479846 0.032870 0.814709 0.064850 -0.032586 0.006828 0.997339
1750970654.157297 -0.479846 0.032870 0.814709 0.064850 -0.032586 0.006828 0.997339
1750970654.162296 -0.477775 0.027242 0.829393 0.065400 -0.042879 0.010554 0.996882
1750970654.167296 -0.477775 0.027242 0.829393 0.065400 -0.042879 0.010554 0.996882
1750970654.172296 -0.477775 0.027242 0.829393 0.065400 -0.042879 0.010554 0.996882
1750970654.177295 -0.477775 0.027242 0.829393 0.065400 -0.042879 0.010554 0.996882
1750970654.182294 -0.477775 0.027242 0.829393 0.065400 -0.042879 0.010554 0.996882
1750970654.187294 -0.477775 0.027242 0.829393 0.065400 -0.042879 0.010554 0.996882
1750970654.192294 -0.477775 0.027242 0.829393 0.065400 -0.042879 0.010554 0.996882
1750970654.197293 -0.477775 0.027242 0.829393 0.065400 -0.042879 0.010554 0.996882
1750970654.202292 -0.477775 0.027242 0.829393 0.065400 -0.042879 0.010554 0.996882
1750970654.207292 -0.477775 0.027242 0.829393 0.065400 -0.042879 0.010554 0.996882
1750970654.212292 -0.477775 0.027242 0.829393 0.065400 -0.042879 0.010554 0.996882
1750970654.217291 -0.477775 0.027242 0.829393 0.065400 -0.042879 0.010554 0.996882
1750970654.222291 -0.477775 0.027242 0.829393 0.065400 -0.042879 0.010554 0.996882
1750970654.227291 -0.472650 0.024795 0.860257 0.068217 -0.062851 0.016383 0.995554
1750970654.232290 -0.472650 0.024795 0.860257 0.068217 -0.062851 0.016383 0.995554
1750970654.237289 -0.472650 0.024795 0.860257 0.068217 -0.062851 0.016383 0.995554
1750970654.242288 -0.472650 0.024795 0.860257 0.068217 -0.062851 0.016383 0.995554
1750970654.243563 -0.472650 0.024795 0.860257 0.068217 -0.062851 0.016383 0.995554
1750970654.247288 -0.472650 0.024795 0.860257 0.068217 -0.062851 0.016383 0.995554
1750970654.252287 -0.472650 0.024795 0.860257 0.068217 -0.062851 0.016383 0.995554
1750970654.257287 -0.472650 0.024795 0.860257 0.068217 -0.062851 0.016383 0.995554
1750970654.262286 -0.470955 0.025622 0.875569 0.068306 -0.072014 0.018727 0.994886
1750970654.267286 -0.470955 0.025622 0.875569 0.068306 -0.072014 0.018727 0.994886
1750970654.272285 -0.470955 0.025622 0.875569 0.068306 -0.072014 0.018727 0.994886
1750970654.277285 -0.470955 0.025622 0.875569 0.068306 -0.072014 0.018727 0.994886
1750970654.282284 -0.470955 0.025622 0.875569 0.068306 -0.072014 0.018727 0.994886
1750970654.287284 -0.470955 0.025622 0.875569 0.068306 -0.072014 0.018727 0.994886
1750970654.292283 -0.470955 0.025622 0.875569 0.068306 -0.072014 0.018727 0.994886
1750970654.297283 -0.470955 0.025622 0.875569 0.068306 -0.072014 0.018727 0.994886
1750970654.302283 -0.470955 0.025622 0.875569 0.068306 -0.072014 0.018727 0.994886
1750970654.307282 -0.470955 0.025622 0.875569 0.068306 -0.072014 0.018727 0.994886
1750970654.312281 -0.470955 0.025622 0.875569 0.068306 -0.072014 0.018727 0.994886
1750970654.317281 -0.470955 0.025622 0.875569 0.068306 -0.072014 0.018727 0.994886
1750970654.322281 -0.470955 0.025622 0.875569 0.068306 -0.072014 0.018727 0.994886
1750970654.327280 -0.468578 0.025825 0.907797 0.068078 -0.088902 0.021251 0.993484
1750970654.332279 -0.468578 0.025825 0.907797 0.068078 -0.088902 0.021251 0.993484
1750970654.337278 -0.468578 0.025825 0.907797 0.068078 -0.088902 0.021251 0.993484
1750970654.342279 -0.468578 0.025825 0.907797 0.068078 -0.088902 0.021251 0.993484
1750970654.347278 -0.468578 0.025825 0.907797 0.068078 -0.088902 0.021251 0.993484
1750970654.352277 -0.468578 0.025825 0.907797 0.068078 -0.088902 0.021251 0.993484
1750970654.357277 -0.468578 0.025825 0.907797 0.068078 -0.088902 0.021251 0.993484
1750970654.362276 -0.468991 0.026442 0.922697 0.068698 -0.095745 0.021975 0.992789
1750970654.367275 -0.468991 0.026442 0.922697 0.068698 -0.095745 0.021975 0.992789
1750970654.372275 -0.468991 0.026442 0.922697 0.068698 -0.095745 0.021975 0.992789
1750970654.377274 -0.468991 0.026442 0.922697 0.068698 -0.095745 0.021975 0.992789
1750970654.382274 -0.468991 0.026442 0.922697 0.068698 -0.095745 0.021975 0.992789
1750970654.387274 -0.468991 0.026442 0.922697 0.068698 -0.095745 0.021975 0.992789
1750970654.392272 -0.468991 0.026442 0.922697 0.068698 -0.095745 0.021975 0.992789
1750970654.397273 -0.468991 0.026442 0.922697 0.068698 -0.095745 0.021975 0.992789
1750970654.402272 -0.468991 0.026442 0.922697 0.068698 -0.095745 0.021975 0.992789
1750970654.407271 -0.468991 0.026442 0.922697 0.068698 -0.095745 0.021975 0.992789
1750970654.412270 -0.468991 0.026442 0.922697 0.068698 -0.095745 0.021975 0.992789
1750970654.417270 -0.468991 0.026442 0.922697 0.068698 -0.095745 0.021975 0.992789
1750970654.422270 -0.468991 0.026442 0.922697 0.068698 -0.095745 0.021975 0.992789
1750970654.427269 -0.469474 0.028880 0.950852 0.066676 -0.108326 0.023405 0.991601
1750970654.432268 -0.469474 0.028880 0.950852 0.066676 -0.108326 0.023405 0.991601
1750970654.437268 -0.469474 0.028880 0.950852 0.066676 -0.108326 0.023405 0.991601
1750970654.442267 -0.469474 0.028880 0.950852 0.066676 -0.108326 0.023405 0.991601
1750970654.443555 -0.469474 0.028880 0.950852 0.066676 -0.108326 0.023405 0.991601
1750970654.447267 -0.469474 0.028880 0.950852 0.066676 -0.108326 0.023405 0.991601
1750970654.452267 -0.469474 0.028880 0.950852 0.066676 -0.108326 0.023405 0.991601
1750970654.457266 -0.469474 0.028880 0.950852 0.066676 -0.108326 0.023405 0.991601
1750970654.462265 -0.466183 0.035324 0.966172 0.065928 -0.115065 0.023886 0.990880
1750970654.467264 -0.466183 0.035324 0.966172 0.065928 -0.115065 0.023886 0.990880
1750970654.472263 -0.466183 0.035324 0.966172 0.065928 -0.115065 0.023886 0.990880
1750970654.477264 -0.466183 0.035324 0.966172 0.065928 -0.115065 0.023886 0.990880
1750970654.482263 -0.466183 0.035324 0.966172 0.065928 -0.115065 0.023886 0.990880
1750970654.487262 -0.466183 0.035324 0.966172 0.065928 -0.115065 0.023886 0.990880
1750970654.492262 -0.466183 0.035324 0.966172 0.065928 -0.115065 0.023886 0.990880
1750970654.497261 -0.466183 0.035324 0.966172 0.065928 -0.115065 0.023886 0.990880
1750970654.502260 -0.466183 0.035324 0.966172 0.065928 -0.115065 0.023886 0.990880
1750970654.507260 -0.466183 0.035324 0.966172 0.065928 -0.115065 0.023886 0.990880
1750970654.512260 -0.466183 0.035324 0.966172 0.065928 -0.115065 0.023886 0.990880
1750970654.517259 -0.466183 0.035324 0.966172 0.065928 -0.115065 0.023886 0.990880
1750970654.522258 -0.466183 0.035324 0.966172 0.065928 -0.115065 0.023886 0.990880
1750970654.527257 -0.474027 0.035988 0.993942 0.061882 -0.126765 0.023936 0.989711
1750970654.532257 -0.474027 0.035988 0.993942 0.061882 -0.126765 0.023936 0.989711
1750970654.537257 -0.474027 0.035988 0.993942 0.061882 -0.126765 0.023936 0.989711
1750970654.542256 -0.474027 0.035988 0.993942 0.061882 -0.126765 0.023936 0.989711
1750970654.547256 -0.474027 0.035988 0.993942 0.061882 -0.126765 0.023936 0.989711
1750970654.552255 -0.474027 0.035988 0.993942 0.061882 -0.126765 0.023936 0.989711
1750970654.557254 -0.474027 0.035988 0.993942 0.061882 -0.126765 0.023936 0.989711
1750970654.562253 -0.474027 0.035988 0.993942 0.061882 -0.126765 0.023936 0.989711
1750970654.567254 -0.474027 0.035988 0.993942 0.061882 -0.126765 0.023936 0.989711
1750970654.572253 -0.474027 0.035988 0.993942 0.061882 -0.126765 0.023936 0.989711
1750970654.577252 -0.474027 0.035988 0.993942 0.061882 -0.126765 0.023936 0.989711
1750970654.582251 -0.474027 0.035988 0.993942 0.061882 -0.126765 0.023936 0.989711
1750970654.587251 -0.474027 0.035988 0.993942 0.061882 -0.126765 0.023936 0.989711
1750970654.592250 -0.474027 0.035988 0.993942 0.061882 -0.126765 0.023936 0.989711
1750970654.597249 -0.480125 0.035975 1.016654 0.060041 -0.138522 0.024372 0.988237
1750970654.602248 -0.480125 0.035975 1.016654 0.060041 -0.138522 0.024372 0.988237
1750970654.607249 -0.480125 0.035975 1.016654 0.060041 -0.138522 0.024372 0.988237
1750970654.612248 -0.480125 0.035975 1.016654 0.060041 -0.138522 0.024372 0.988237
1750970654.617247 -0.480125 0.035975 1.016654 0.060041 -0.138522 0.024372 0.988237
1750970654.622247 -0.480125 0.035975 1.016654 0.060041 -0.138522 0.024372 0.988237
1750970654.627246 -0.480125 0.035975 1.016654 0.060041 -0.138522 0.024372 0.988237
1750970654.632245 -0.480125 0.035975 1.016654 0.060041 -0.138522 0.024372 0.988237
1750970654.637244 -0.480125 0.035975 1.016654 0.060041 -0.138522 0.024372 0.988237
1750970654.642244 -0.480125 0.035975 1.016654 0.060041 -0.138522 0.024372 0.988237
1750970654.647244 -0.480125 0.035975 1.016654 0.060041 -0.138522 0.024372 0.988237
1750970654.652243 -0.480125 0.035975 1.016654 0.060041 -0.138522 0.024372 0.988237
1750970654.657242 -0.480125 0.035975 1.016654 0.060041 -0.138522 0.024372 0.988237
1750970654.662242 -0.487862 0.036579 1.037611 0.057428 -0.151348 0.024587 0.986505
1750970654.667241 -0.487862 0.036579 1.037611 0.057428 -0.151348 0.024587 0.986505
1750970654.672240 -0.487862 0.036579 1.037611 0.057428 -0.151348 0.024587 0.986505
1750970654.676876 -0.487862 0.036579 1.037611 0.057428 -0.151348 0.024587 0.986505
1750970654.677239 -0.487862 0.036579 1.037611 0.057428 -0.151348 0.024587 0.986505
1750970654.682240 -0.487862 0.036579 1.037611 0.057428 -0.151348 0.024587 0.986505
1750970654.687239 -0.487862 0.036579 1.037611 0.057428 -0.151348 0.024587 0.986505
1750970654.692238 -0.487862 0.036579 1.037611 0.057428 -0.151348 0.024587 0.986505
1750970654.697237 -0.491375 0.036268 1.048512 0.057060 -0.158210 0.024778 0.985444
1750970654.702238 -0.491375 0.036268 1.048512 0.057060 -0.158210 0.024778 0.985444
1750970654.707237 -0.491375 0.036268 1.048512 0.057060 -0.158210 0.024778 0.985444
1750970654.712237 -0.491375 0.036268 1.048512 0.057060 -0.158210 0.024778 0.985444
1750970654.717237 -0.491375 0.036268 1.048512 0.057060 -0.158210 0.024778 0.985444
1750970654.722236 -0.491375 0.036268 1.048512 0.057060 -0.158210 0.024778 0.985444
1750970654.727236 -0.491375 0.036268 1.048512 0.057060 -0.158210 0.024778 0.985444
1750970654.732235 -0.491375 0.036268 1.048512 0.057060 -0.158210 0.024778 0.985444
1750970654.737235 -0.491375 0.036268 1.048512 0.057060 -0.158210 0.024778 0.985444
1750970654.742234 -0.491375 0.036268 1.048512 0.057060 -0.158210 0.024778 0.985444
1750970654.747234 -0.491375 0.036268 1.048512 0.057060 -0.158210 0.024778 0.985444
1750970654.752233 -0.491375 0.036268 1.048512 0.057060 -0.158210 0.024778 0.985444
1750970654.757233 -0.491375 0.036268 1.048512 0.057060 -0.158210 0.024778 0.985444
1750970654.762233 -0.498764 0.036453 1.068048 0.058245 -0.171725 0.025366 0.983094
1750970654.767232 -0.498764 0.036453 1.068048 0.058245 -0.171725 0.025366 0.983094
1750970654.772231 -0.498764 0.036453 1.068048 0.058245 -0.171725 0.025366 0.983094
1750970654.777232 -0.498764 0.036453 1.068048 0.058245 -0.171725 0.025366 0.983094
1750970654.782231 -0.498764 0.036453 1.068048 0.058245 -0.171725 0.025366 0.983094
1750970654.787230 -0.498764 0.036453 1.068048 0.058245 -0.171725 0.025366 0.983094
1750970654.792231 -0.498764 0.036453 1.068048 0.058245 -0.171725 0.025366 0.983094
1750970654.797230 -0.498764 0.036453 1.068048 0.058245 -0.171725 0.025366 0.983094
1750970654.802229 -0.498764 0.036453 1.068048 0.058245 -0.171725 0.025366 0.983094
1750970654.807228 -0.498764 0.036453 1.068048 0.058245 -0.171725 0.025366 0.983094
1750970654.812229 -0.498764 0.036453 1.068048 0.058245 -0.171725 0.025366 0.983094
1750970654.817228 -0.498764 0.036453 1.068048 0.058245 -0.171725 0.025366 0.983094
1750970654.822227 -0.498764 0.036453 1.068048 0.058245 -0.171725 0.025366 0.983094
1750970654.827227 -0.506799 0.038678 1.086667 0.060066 -0.184156 0.026963 0.980689
1750970654.832227 -0.506799 0.038678 1.086667 0.060066 -0.184156 0.026963 0.980689
1750970654.837226 -0.506799 0.038678 1.086667 0.060066 -0.184156 0.026963 0.980689
1750970654.842226 -0.506799 0.038678 1.086667 0.060066 -0.184156 0.026963 0.980689
1750970654.847225 -0.506799 0.038678 1.086667 0.060066 -0.184156 0.026963 0.980689
1750970654.852225 -0.506799 0.038678 1.086667 0.060066 -0.184156 0.026963 0.980689
1750970654.857225 -0.506799 0.038678 1.086667 0.060066 -0.184156 0.026963 0.980689
1750970654.860206 -0.514449 0.036357 1.098025 0.059620 -0.189649 0.027415 0.979657
1750970654.862224 -0.514449 0.036357 1.098025 0.059620 -0.189649 0.027415 0.979657
1750970654.867224 -0.514449 0.036357 1.098025 0.059620 -0.189649 0.027415 0.979657
1750970654.872223 -0.514449 0.036357 1.098025 0.059620 -0.189649 0.027415 0.979657
1750970654.877223 -0.514449 0.036357 1.098025 0.059620 -0.189649 0.027415 0.979657
1750970654.882222 -0.514449 0.036357 1.098025 0.059620 -0.189649 0.027415 0.979657
1750970654.887222 -0.514449 0.036357 1.098025 0.059620 -0.189649 0.027415 0.979657
1750970654.892222 -0.514449 0.036357 1.098025 0.059620 -0.189649 0.027415 0.979657
1750970654.893538 -0.514449 0.036357 1.098025 0.059620 -0.189649 0.027415 0.979657
1750970654.897221 -0.514449 0.036357 1.098025 0.059620 -0.189649 0.027415 0.979657
1750970654.902220 -0.514449 0.036357 1.098025 0.059620 -0.189649 0.027415 0.979657
1750970654.907220 -0.514449 0.036357 1.098025 0.059620 -0.189649 0.027415 0.979657
1750970654.912220 -0.514449 0.036357 1.098025 0.059620 -0.189649 0.027415 0.979657
1750970654.917219 -0.514449 0.036357 1.098025 0.059620 -0.189649 0.027415 0.979657
1750970654.922218 -0.514449 0.036357 1.098025 0.059620 -0.189649 0.027415 0.979657
1750970654.927218 -0.529902 0.038546 1.118769 0.058975 -0.200191 0.028922 0.977553
1750970654.932218 -0.529902 0.038546 1.118769 0.058975 -0.200191 0.028922 0.977553
1750970654.937217 -0.529902 0.038546 1.118769 0.058975 -0.200191 0.028922 0.977553
1750970654.942216 -0.529902 0.038546 1.118769 0.058975 -0.200191 0.028922 0.977553
1750970654.947217 -0.529902 0.038546 1.118769 0.058975 -0.200191 0.028922 0.977553
1750970654.952216 -0.529902 0.038546 1.118769 0.058975 -0.200191 0.028922 0.977553
1750970654.957215 -0.529902 0.038546 1.118769 0.058975 -0.200191 0.028922 0.977553
1750970654.962216 -0.529902 0.038546 1.118769 0.058975 -0.200191 0.028922 0.977553
1750970654.967215 -0.529902 0.038546 1.118769 0.058975 -0.200191 0.028922 0.977553
1750970654.972214 -0.529902 0.038546 1.118769 0.058975 -0.200191 0.028922 0.977553
1750970654.977213 -0.529902 0.038546 1.118769 0.058975 -0.200191 0.028922 0.977553
1750970654.982214 -0.529902 0.038546 1.118769 0.058975 -0.200191 0.028922 0.977553
1750970654.987213 -0.529902 0.038546 1.118769 0.058975 -0.200191 0.028922 0.977553
1750970654.992212 -0.529902 0.038546 1.118769 0.058975 -0.200191 0.028922 0.977553
1750970654.997211 -0.544654 0.042000 1.137874 0.059315 -0.208737 0.030868 0.975683
1750970655.002211 -0.544654 0.042000 1.137874 0.059315 -0.208737 0.030868 0.975683
1750970655.007211 -0.544654 0.042000 1.137874 0.059315 -0.208737 0.030868 0.975683
1750970655.012210 -0.544654 0.042000 1.137874 0.059315 -0.208737 0.030868 0.975683
1750970655.017209 -0.544654 0.042000 1.137874 0.059315 -0.208737 0.030868 0.975683
1750970655.022210 -0.544654 0.042000 1.137874 0.059315 -0.208737 0.030868 0.975683
1750970655.027209 -0.552755 0.043575 1.147143 0.058861 -0.211299 0.031496 0.975139
1750970655.032208 -0.552755 0.043575 1.147143 0.058861 -0.211299 0.031496 0.975139
1750970655.037207 -0.552755 0.043575 1.147143 0.058861 -0.211299 0.031496 0.975139
1750970655.042207 -0.552755 0.043575 1.147143 0.058861 -0.211299 0.031496 0.975139
1750970655.047207 -0.552755 0.043575 1.147143 0.058861 -0.211299 0.031496 0.975139
1750970655.052206 -0.552755 0.043575 1.147143 0.058861 -0.211299 0.031496 0.975139
1750970655.057206 -0.552755 0.043575 1.147143 0.058861 -0.211299 0.031496 0.975139
1750970655.062206 -0.552755 0.043575 1.147143 0.058861 -0.211299 0.031496 0.975139
1750970655.067205 -0.552755 0.043575 1.147143 0.058861 -0.211299 0.031496 0.975139
1750970655.072204 -0.552755 0.043575 1.147143 0.058861 -0.211299 0.031496 0.975139
1750970655.077204 -0.552755 0.043575 1.147143 0.058861 -0.211299 0.031496 0.975139
1750970655.082203 -0.552755 0.043575 1.147143 0.058861 -0.211299 0.031496 0.975139
1750970655.087203 -0.552755 0.043575 1.147143 0.058861 -0.211299 0.031496 0.975139
1750970655.092202 -0.552755 0.043575 1.147143 0.058861 -0.211299 0.031496 0.975139
1750970655.097202 -0.570741 0.048367 1.166185 0.059147 -0.214691 0.031272 0.974388
1750970655.102201 -0.570741 0.048367 1.166185 0.059147 -0.214691 0.031272 0.974388
1750970655.107201 -0.570741 0.048367 1.166185 0.059147 -0.214691 0.031272 0.974388
1750970655.112200 -0.570741 0.048367 1.166185 0.059147 -0.214691 0.031272 0.974388
1750970655.117200 -0.570741 0.048367 1.166185 0.059147 -0.214691 0.031272 0.974388
1750970655.122199 -0.570741 0.048367 1.166185 0.059147 -0.214691 0.031272 0.974388
1750970655.126863 -0.570741 0.048367 1.166185 0.059147 -0.214691 0.031272 0.974388
1750970655.127198 -0.570741 0.048367 1.166185 0.059147 -0.214691 0.031272 0.974388
1750970655.132198 -0.570741 0.048367 1.166185 0.059147 -0.214691 0.031272 0.974388
1750970655.137198 -0.570741 0.048367 1.166185 0.059147 -0.214691 0.031272 0.974388
1750970655.142197 -0.570741 0.048367 1.166185 0.059147 -0.214691 0.031272 0.974388
1750970655.147197 -0.570741 0.048367 1.166185 0.059147 -0.214691 0.031272 0.974388
1750970655.152197 -0.570741 0.048367 1.166185 0.059147 -0.214691 0.031272 0.974388
1750970655.157196 -0.570741 0.048367 1.166185 0.059147 -0.214691 0.031272 0.974388
1750970655.162195 -0.591169 0.053084 1.184140 0.062912 -0.218882 0.029945 0.973260
1750970655.167194 -0.591169 0.053084 1.184140 0.062912 -0.218882 0.029945 0.973260
1750970655.172194 -0.591169 0.053084 1.184140 0.062912 -0.218882 0.029945 0.973260
1750970655.177193 -0.591169 0.053084 1.184140 0.062912 -0.218882 0.029945 0.973260
1750970655.182193 -0.591169 0.053084 1.184140 0.062912 -0.218882 0.029945 0.973260
1750970655.187192 -0.591169 0.053084 1.184140 0.062912 -0.218882 0.029945 0.973260
1750970655.192192 -0.591169 0.053084 1.184140 0.062912 -0.218882 0.029945 0.973260
1750970655.197191 -0.602325 0.054654 1.194001 0.064454 -0.221453 0.029295 0.972598
1750970655.202190 -0.602325 0.054654 1.194001 0.064454 -0.221453 0.029295 0.972598
1750970655.207191 -0.602325 0.054654 1.194001 0.064454 -0.221453 0.029295 0.972598
1750970655.212190 -0.602325 0.054654 1.194001 0.064454 -0.221453 0.029295 0.972598
1750970655.217189 -0.602325 0.054654 1.194001 0.064454 -0.221453 0.029295 0.972598
1750970655.222188 -0.602325 0.054654 1.194001 0.064454 -0.221453 0.029295 0.972598
1750970655.227187 -0.602325 0.054654 1.194001 0.064454 -0.221453 0.029295 0.972598
1750970655.232188 -0.602325 0.054654 1.194001 0.064454 -0.221453 0.029295 0.972598
1750970655.237187 -0.602325 0.054654 1.194001 0.064454 -0.221453 0.029295 0.972598
1750970655.242186 -0.602325 0.054654 1.194001 0.064454 -0.221453 0.029295 0.972598
1750970655.247185 -0.602325 0.054654 1.194001 0.064454 -0.221453 0.029295 0.972598
1750970655.252185 -0.602325 0.054654 1.194001 0.064454 -0.221453 0.029295 0.972598
1750970655.257184 -0.602325 0.054654 1.194001 0.064454 -0.221453 0.029295 0.972598
1750970655.262184 -0.628512 0.058201 1.212541 0.066935 -0.226229 0.028080 0.971366
1750970655.267184 -0.628512 0.058201 1.212541 0.066935 -0.226229 0.028080 0.971366
1750970655.272183 -0.628512 0.058201 1.212541 0.066935 -0.226229 0.028080 0.971366
1750970655.277182 -0.628512 0.058201 1.212541 0.066935 -0.226229 0.028080 0.971366
1750970655.282181 -0.628512 0.058201 1.212541 0.066935 -0.226229 0.028080 0.971366
1750970655.287181 -0.628512 0.058201 1.212541 0.066935 -0.226229 0.028080 0.971366
1750970655.292181 -0.628512 0.058201 1.212541 0.066935 -0.226229 0.028080 0.971366
1750970655.297180 -0.640975 0.058333 1.222199 0.067474 -0.229467 0.027350 0.970590
1750970655.302179 -0.640975 0.058333 1.222199 0.067474 -0.229467 0.027350 0.970590
1750970655.307179 -0.640975 0.058333 1.222199 0.067474 -0.229467 0.027350 0.970590
1750970655.312178 -0.640975 0.058333 1.222199 0.067474 -0.229467 0.027350 0.970590
1750970655.317178 -0.640975 0.058333 1.222199 0.067474 -0.229467 0.027350 0.970590
1750970655.322178 -0.640975 0.058333 1.222199 0.067474 -0.229467 0.027350 0.970590
1750970655.326855 -0.640975 0.058333 1.222199 0.067474 -0.229467 0.027350 0.970590
1750970655.327177 -0.640975 0.058333 1.222199 0.067474 -0.229467 0.027350 0.970590
1750970655.332176 -0.640975 0.058333 1.222199 0.067474 -0.229467 0.027350 0.970590
1750970655.337175 -0.640975 0.058333 1.222199 0.067474 -0.229467 0.027350 0.970590
1750970655.342175 -0.640975 0.058333 1.222199 0.067474 -0.229467 0.027350 0.970590
1750970655.347174 -0.640975 0.058333 1.222199 0.067474 -0.229467 0.027350 0.970590
1750970655.352174 -0.640975 0.058333 1.222199 0.067474 -0.229467 0.027350 0.970590
1750970655.357172 -0.640975 0.058333 1.222199 0.067474 -0.229467 0.027350 0.970590
1750970655.362173 -0.665346 0.056575 1.240508 0.067328 -0.236022 0.027589 0.969020
1750970655.367172 -0.665346 0.056575 1.240508 0.067328 -0.236022 0.027589 0.969020
1750970655.372171 -0.665346 0.056575 1.240508 0.067328 -0.236022 0.027589 0.969020
1750970655.377171 -0.665346 0.056575 1.240508 0.067328 -0.236022 0.027589 0.969020
1750970655.382170 -0.665346 0.056575 1.240508 0.067328 -0.236022 0.027589 0.969020
1750970655.387170 -0.665346 0.056575 1.240508 0.067328 -0.236022 0.027589 0.969020
1750970655.392169 -0.665346 0.056575 1.240508 0.067328 -0.236022 0.027589 0.969020
1750970655.397169 -0.676237 0.056769 1.250134 0.067639 -0.239499 0.028129 0.968129
1750970655.402168 -0.676237 0.056769 1.250134 0.067639 -0.239499 0.028129 0.968129
1750970655.407167 -0.676237 0.056769 1.250134 0.067639 -0.239499 0.028129 0.968129
1750970655.412166 -0.676237 0.056769 1.250134 0.067639 -0.239499 0.028129 0.968129
1750970655.417166 -0.676237 0.056769 1.250134 0.067639 -0.239499 0.028129 0.968129
1750970655.422165 -0.676237 0.056769 1.250134 0.067639 -0.239499 0.028129 0.968129
1750970655.427165 -0.676237 0.056769 1.250134 0.067639 -0.239499 0.028129 0.968129
1750970655.432165 -0.676237 0.056769 1.250134 0.067639 -0.239499 0.028129 0.968129
1750970655.437164 -0.676237 0.056769 1.250134 0.067639 -0.239499 0.028129 0.968129
1750970655.442163 -0.676237 0.056769 1.250134 0.067639 -0.239499 0.028129 0.968129
1750970655.447162 -0.676237 0.056769 1.250134 0.067639 -0.239499 0.028129 0.968129
1750970655.452161 -0.676237 0.056769 1.250134 0.067639 -0.239499 0.028129 0.968129
1750970655.457161 -0.676237 0.056769 1.250134 0.067639 -0.239499 0.028129 0.968129
1750970655.462160 -0.697192 0.058502 1.266445 0.068641 -0.247752 0.029356 0.965943
1750970655.467160 -0.697192 0.058502 1.266445 0.068641 -0.247752 0.029356 0.965943
1750970655.472160 -0.697192 0.058502 1.266445 0.068641 -0.247752 0.029356 0.965943
1750970655.477159 -0.697192 0.058502 1.266445 0.068641 -0.247752 0.029356 0.965943
1750970655.482158 -0.697192 0.058502 1.266445 0.068641 -0.247752 0.029356 0.965943
1750970655.487157 -0.697192 0.058502 1.266445 0.068641 -0.247752 0.029356 0.965943
1750970655.492157 -0.697192 0.058502 1.266445 0.068641 -0.247752 0.029356 0.965943
1750970655.497156 -0.707462 0.060169 1.274408 0.068850 -0.252815 0.030452 0.964581
1750970655.502155 -0.707462 0.060169 1.274408 0.068850 -0.252815 0.030452 0.964581
1750970655.507154 -0.707462 0.060169 1.274408 0.068850 -0.252815 0.030452 0.964581
1750970655.512155 -0.707462 0.060169 1.274408 0.068850 -0.252815 0.030452 0.964581
1750970655.517154 -0.707462 0.060169 1.274408 0.068850 -0.252815 0.030452 0.964581
1750970655.522153 -0.707462 0.060169 1.274408 0.068850 -0.252815 0.030452 0.964581
1750970655.526843 -0.707462 0.060169 1.274408 0.068850 -0.252815 0.030452 0.964581
1750970655.527152 -0.707462 0.060169 1.274408 0.068850 -0.252815 0.030452 0.964581
1750970655.532152 -0.707462 0.060169 1.274408 0.068850 -0.252815 0.030452 0.964581
1750970655.537151 -0.707462 0.060169 1.274408 0.068850 -0.252815 0.030452 0.964581
1750970655.542150 -0.707462 0.060169 1.274408 0.068850 -0.252815 0.030452 0.964581
1750970655.547149 -0.707462 0.060169 1.274408 0.068850 -0.252815 0.030452 0.964581
1750970655.552149 -0.707462 0.060169 1.274408 0.068850 -0.252815 0.030452 0.964581
1750970655.557148 -0.707462 0.060169 1.274408 0.068850 -0.252815 0.030452 0.964581
1750970655.562148 -0.727837 0.063014 1.288739 0.068784 -0.264858 0.031583 0.961312
1750970655.567147 -0.727837 0.063014 1.288739 0.068784 -0.264858 0.031583 0.961312
1750970655.572147 -0.727837 0.063014 1.288739 0.068784 -0.264858 0.031583 0.961312
1750970655.577146 -0.727837 0.063014 1.288739 0.068784 -0.264858 0.031583 0.961312
1750970655.582145 -0.727837 0.063014 1.288739 0.068784 -0.264858 0.031583 0.961312
1750970655.587145 -0.727837 0.063014 1.288739 0.068784 -0.264858 0.031583 0.961312
1750970655.592144 -0.727837 0.063014 1.288739 0.068784 -0.264858 0.031583 0.961312
1750970655.597143 -0.737505 0.064524 1.296570 0.067355 -0.271371 0.031752 0.959590
1750970655.602142 -0.737505 0.064524 1.296570 0.067355 -0.271371 0.031752 0.959590
1750970655.607142 -0.737505 0.064524 1.296570 0.067355 -0.271371 0.031752 0.959590
1750970655.612141 -0.737505 0.064524 1.296570 0.067355 -0.271371 0.031752 0.959590
1750970655.617141 -0.737505 0.064524 1.296570 0.067355 -0.271371 0.031752 0.959590
1750970655.622139 -0.737505 0.064524 1.296570 0.067355 -0.271371 0.031752 0.959590
1750970655.627139 -0.751021 0.063487 1.303886 0.064442 -0.277567 0.031407 0.958028
1750970655.632138 -0.751021 0.063487 1.303886 0.064442 -0.277567 0.031407 0.958028
1750970655.637138 -0.751021 0.063487 1.303886 0.064442 -0.277567 0.031407 0.958028
1750970655.642137 -0.751021 0.063487 1.303886 0.064442 -0.277567 0.031407 0.958028
1750970655.647137 -0.751021 0.063487 1.303886 0.064442 -0.277567 0.031407 0.958028
1750970655.652136 -0.751021 0.063487 1.303886 0.064442 -0.277567 0.031407 0.958028
1750970655.657135 -0.751021 0.063487 1.303886 0.064442 -0.277567 0.031407 0.958028
1750970655.662135 -0.751021 0.063487 1.303886 0.064442 -0.277567 0.031407 0.958028
1750970655.667134 -0.751021 0.063487 1.303886 0.064442 -0.277567 0.031407 0.958028
1750970655.672133 -0.751021 0.063487 1.303886 0.064442 -0.277567 0.031407 0.958028
1750970655.677132 -0.751021 0.063487 1.303886 0.064442 -0.277567 0.031407 0.958028
1750970655.682132 -0.751021 0.063487 1.303886 0.064442 -0.277567 0.031407 0.958028
1750970655.687132 -0.751021 0.063487 1.303886 0.064442 -0.277567 0.031407 0.958028
1750970655.692131 -0.751021 0.063487 1.303886 0.064442 -0.277567 0.031407 0.958028
1750970655.697130 -0.768865 0.066605 1.321149 0.059853 -0.291356 0.031656 0.954216
1750970655.702131 -0.768865 0.066605 1.321149 0.059853 -0.291356 0.031656 0.954216
1750970655.707130 -0.768865 0.066605 1.321149 0.059853 -0.291356 0.031656 0.954216
1750970655.710166 -0.768865 0.066605 1.321149 0.059853 -0.291356 0.031656 0.954216
1750970655.712129 -0.768865 0.066605 1.321149 0.059853 -0.291356 0.031656 0.954216
1750970655.717129 -0.768865 0.066605 1.321149 0.059853 -0.291356 0.031656 0.954216
1750970655.722129 -0.768865 0.066605 1.321149 0.059853 -0.291356 0.031656 0.954216
1750970655.727128 -0.777498 0.068310 1.328367 0.058905 -0.298039 0.032098 0.952194
1750970655.732128 -0.777498 0.068310 1.328367 0.058905 -0.298039 0.032098 0.952194
1750970655.737128 -0.777498 0.068310 1.328367 0.058905 -0.298039 0.032098 0.952194
1750970655.742128 -0.777498 0.068310 1.328367 0.058905 -0.298039 0.032098 0.952194
1750970655.747127 -0.777498 0.068310 1.328367 0.058905 -0.298039 0.032098 0.952194
1750970655.752126 -0.777498 0.068310 1.328367 0.058905 -0.298039 0.032098 0.952194
1750970655.757127 -0.777498 0.068310 1.328367 0.058905 -0.298039 0.032098 0.952194
1750970655.762126 -0.785806 0.068027 1.335505 0.058088 -0.305540 0.031909 0.949870
1750970655.767126 -0.785806 0.068027 1.335505 0.058088 -0.305540 0.031909 0.949870
1750970655.772125 -0.785806 0.068027 1.335505 0.058088 -0.305540 0.031909 0.949870
1750970655.777125 -0.785806 0.068027 1.335505 0.058088 -0.305540 0.031909 0.949870
1750970655.782125 -0.785806 0.068027 1.335505 0.058088 -0.305540 0.031909 0.949870
1750970655.787124 -0.785806 0.068027 1.335505 0.058088 -0.305540 0.031909 0.949870
1750970655.792123 -0.785806 0.068027 1.335505 0.058088 -0.305540 0.031909 0.949870
1750970655.797124 -0.785806 0.068027 1.335505 0.058088 -0.305540 0.031909 0.949870
1750970655.802123 -0.785806 0.068027 1.335505 0.058088 -0.305540 0.031909 0.949870
1750970655.807122 -0.785806 0.068027 1.335505 0.058088 -0.305540 0.031909 0.949870
1750970655.812123 -0.785806 0.068027 1.335505 0.058088 -0.305540 0.031909 0.949870
1750970655.817122 -0.785806 0.068027 1.335505 0.058088 -0.305540 0.031909 0.949870
1750970655.822121 -0.785806 0.068027 1.335505 0.058088 -0.305540 0.031909 0.949870
1750970655.827121 -0.804016 0.068284 1.348855 0.057033 -0.321283 0.032686 0.944699
1750970655.832121 -0.804016 0.068284 1.348855 0.057033 -0.321283 0.032686 0.944699
1750970655.837120 -0.804016 0.068284 1.348855 0.057033 -0.321283 0.032686 0.944699
1750970655.842120 -0.804016 0.068284 1.348855 0.057033 -0.321283 0.032686 0.944699
1750970655.847119 -0.804016 0.068284 1.348855 0.057033 -0.321283 0.032686 0.944699
1750970655.852119 -0.804016 0.068284 1.348855 0.057033 -0.321283 0.032686 0.944699
1750970655.857119 -0.804016 0.068284 1.348855 0.057033 -0.321283 0.032686 0.944699
1750970655.860164 -0.812297 0.068870 1.355489 0.057262 -0.329245 0.033279 0.941919
1750970655.862118 -0.812297 0.068870 1.355489 0.057262 -0.329245 0.033279 0.941919
1750970655.867118 -0.812297 0.068870 1.355489 0.057262 -0.329245 0.033279 0.941919
1750970655.872118 -0.812297 0.068870 1.355489 0.057262 -0.329245 0.033279 0.941919
1750970655.877117 -0.812297 0.068870 1.355489 0.057262 -0.329245 0.033279 0.941919
1750970655.882116 -0.812297 0.068870 1.355489 0.057262 -0.329245 0.033279 0.941919
1750970655.887116 -0.812297 0.068870 1.355489 0.057262 -0.329245 0.033279 0.941919
1750970655.892116 -0.812297 0.068870 1.355489 0.057262 -0.329245 0.033279 0.941919
1750970655.893497 -0.812297 0.068870 1.355489 0.057262 -0.329245 0.033279 0.941919
1750970655.897115 -0.812297 0.068870 1.355489 0.057262 -0.329245 0.033279 0.941919
1750970655.902115 -0.812297 0.068870 1.355489 0.057262 -0.329245 0.033279 0.941919
1750970655.907114 -0.812297 0.068870 1.355489 0.057262 -0.329245 0.033279 0.941919
1750970655.912114 -0.812297 0.068870 1.355489 0.057262 -0.329245 0.033279 0.941919
1750970655.917114 -0.812297 0.068870 1.355489 0.057262 -0.329245 0.033279 0.941919
1750970655.922113 -0.812297 0.068870 1.355489 0.057262 -0.329245 0.033279 0.941919
1750970655.927113 -0.829486 0.068957 1.370967 0.054537 -0.345303 0.033472 0.936307
1750970655.932112 -0.829486 0.068957 1.370967 0.054537 -0.345303 0.033472 0.936307
1750970655.937112 -0.829486 0.068957 1.370967 0.054537 -0.345303 0.033472 0.936307
1750970655.942111 -0.829486 0.068957 1.370967 0.054537 -0.345303 0.033472 0.936307
1750970655.947111 -0.829486 0.068957 1.370967 0.054537 -0.345303 0.033472 0.936307
1750970655.952111 -0.829486 0.068957 1.370967 0.054537 -0.345303 0.033472 0.936307
1750970655.957110 -0.829486 0.068957 1.370967 0.054537 -0.345303 0.033472 0.936307
1750970655.962109 -0.829486 0.068957 1.370967 0.054537 -0.345303 0.033472 0.936307
1750970655.967109 -0.829486 0.068957 1.370967 0.054537 -0.345303 0.033472 0.936307
1750970655.972109 -0.829486 0.068957 1.370967 0.054537 -0.345303 0.033472 0.936307
1750970655.977108 -0.829486 0.068957 1.370967 0.054537 -0.345303 0.033472 0.936307
1750970655.982107 -0.829486 0.068957 1.370967 0.054537 -0.345303 0.033472 0.936307
1750970655.987108 -0.829486 0.068957 1.370967 0.054537 -0.345303 0.033472 0.936307
1750970655.992107 -0.829486 0.068957 1.370967 0.054537 -0.345303 0.033472 0.936307
1750970655.997106 -0.848739 0.071120 1.387617 0.050783 -0.361842 0.032890 0.930274
1750970656.002106 -0.848739 0.071120 1.387617 0.050783 -0.361842 0.032890 0.930274
1750970656.007106 -0.848739 0.071120 1.387617 0.050783 -0.361842 0.032890 0.930274
1750970656.012105 -0.848739 0.071120 1.387617 0.050783 -0.361842 0.032890 0.930274
1750970656.017104 -0.848739 0.071120 1.387617 0.050783 -0.361842 0.032890 0.930274
1750970656.022105 -0.848739 0.071120 1.387617 0.050783 -0.361842 0.032890 0.930274
1750970656.027104 -0.854922 0.075590 1.392430 0.049326 -0.371847 0.032316 0.926419
1750970656.032103 -0.854922 0.075590 1.392430 0.049326 -0.371847 0.032316 0.926419
1750970656.037104 -0.854922 0.075590 1.392430 0.049326 -0.371847 0.032316 0.926419
1750970656.042103 -0.854922 0.075590 1.392430 0.049326 -0.371847 0.032316 0.926419
1750970656.047102 -0.854922 0.075590 1.392430 0.049326 -0.371847 0.032316 0.926419
1750970656.052101 -0.854922 0.075590 1.392430 0.049326 -0.371847 0.032316 0.926419
1750970656.057101 -0.854922 0.075590 1.392430 0.049326 -0.371847 0.032316 0.926419
1750970656.062101 -0.854922 0.075590 1.392430 0.049326 -0.371847 0.032316 0.926419
1750970656.067100 -0.854922 0.075590 1.392430 0.049326 -0.371847 0.032316 0.926419
1750970656.072099 -0.854922 0.075590 1.392430 0.049326 -0.371847 0.032316 0.926419
1750970656.077100 -0.854922 0.075590 1.392430 0.049326 -0.371847 0.032316 0.926419
1750970656.082099 -0.854922 0.075590 1.392430 0.049326 -0.371847 0.032316 0.926419
1750970656.087098 -0.854922 0.075590 1.392430 0.049326 -0.371847 0.032316 0.926419
1750970656.092098 -0.854922 0.075590 1.392430 0.049326 -0.371847 0.032316 0.926419
1750970656.097098 -0.870004 0.077121 1.409168 0.046971 -0.393743 0.032787 0.917434
1750970656.102097 -0.870004 0.077121 1.409168 0.046971 -0.393743 0.032787 0.917434
1750970656.107096 -0.870004 0.077121 1.409168 0.046971 -0.393743 0.032787 0.917434
1750970656.112096 -0.870004 0.077121 1.409168 0.046971 -0.393743 0.032787 0.917434
1750970656.117096 -0.870004 0.077121 1.409168 0.046971 -0.393743 0.032787 0.917434
1750970656.122095 -0.870004 0.077121 1.409168 0.046971 -0.393743 0.032787 0.917434
1750970656.126824 -0.870004 0.077121 1.409168 0.046971 -0.393743 0.032787 0.917434
1750970656.127094 -0.870004 0.077121 1.409168 0.046971 -0.393743 0.032787 0.917434
1750970656.132094 -0.870004 0.077121 1.409168 0.046971 -0.393743 0.032787 0.917434
1750970656.137094 -0.870004 0.077121 1.409168 0.046971 -0.393743 0.032787 0.917434
1750970656.142093 -0.870004 0.077121 1.409168 0.046971 -0.393743 0.032787 0.917434
1750970656.147092 -0.870004 0.077121 1.409168 0.046971 -0.393743 0.032787 0.917434
1750970656.152092 -0.870004 0.077121 1.409168 0.046971 -0.393743 0.032787 0.917434
1750970656.157092 -0.870004 0.077121 1.409168 0.046971 -0.393743 0.032787 0.917434
1750970656.162091 -0.886887 0.080876 1.424278 0.045921 -0.415346 0.034453 0.907850
1750970656.167090 -0.886887 0.080876 1.424278 0.045921 -0.415346 0.034453 0.907850
1750970656.172091 -0.886887 0.080876 1.424278 0.045921 -0.415346 0.034453 0.907850
1750970656.177090 -0.886887 0.080876 1.424278 0.045921 -0.415346 0.034453 0.907850
1750970656.182089 -0.886887 0.080876 1.424278 0.045921 -0.415346 0.034453 0.907850
1750970656.187088 -0.886887 0.080876 1.424278 0.045921 -0.415346 0.034453 0.907850
1750970656.192089 -0.886887 0.080876 1.424278 0.045921 -0.415346 0.034453 0.907850
1750970656.197088 -0.895129 0.082009 1.433963 0.045081 -0.426502 0.035941 0.902647
1750970656.202087 -0.895129 0.082009 1.433963 0.045081 -0.426502 0.035941 0.902647
1750970656.207087 -0.895129 0.082009 1.433963 0.045081 -0.426502 0.035941 0.902647
1750970656.212086 -0.895129 0.082009 1.433963 0.045081 -0.426502 0.035941 0.902647
1750970656.217086 -0.895129 0.082009 1.433963 0.045081 -0.426502 0.035941 0.902647
1750970656.222085 -0.895129 0.082009 1.433963 0.045081 -0.426502 0.035941 0.902647
1750970656.227085 -0.895129 0.082009 1.433963 0.045081 -0.426502 0.035941 0.902647
1750970656.232085 -0.895129 0.082009 1.433963 0.045081 -0.426502 0.035941 0.902647
1750970656.237083 -0.895129 0.082009 1.433963 0.045081 -0.426502 0.035941 0.902647
1750970656.242083 -0.895129 0.082009 1.433963 0.045081 -0.426502 0.035941 0.902647
1750970656.247083 -0.895129 0.082009 1.433963 0.045081 -0.426502 0.035941 0.902647
1750970656.252082 -0.895129 0.082009 1.433963 0.045081 -0.426502 0.035941 0.902647
1750970656.257082 -0.895129 0.082009 1.433963 0.045081 -0.426502 0.035941 0.902647
1750970656.262080 -0.914090 0.084151 1.453480 0.041796 -0.449845 0.040242 0.891220
1750970656.267081 -0.914090 0.084151 1.453480 0.041796 -0.449845 0.040242 0.891220
1750970656.272080 -0.914090 0.084151 1.453480 0.041796 -0.449845 0.040242 0.891220
1750970656.277079 -0.914090 0.084151 1.453480 0.041796 -0.449845 0.040242 0.891220
1750970656.282079 -0.914090 0.084151 1.453480 0.041796 -0.449845 0.040242 0.891220
1750970656.287079 -0.914090 0.084151 1.453480 0.041796 -0.449845 0.040242 0.891220
1750970656.292078 -0.914090 0.084151 1.453480 0.041796 -0.449845 0.040242 0.891220
1750970656.297077 -0.924857 0.084420 1.464349 0.039340 -0.462206 0.042228 0.884893
1750970656.302076 -0.924857 0.084420 1.464349 0.039340 -0.462206 0.042228 0.884893
1750970656.307077 -0.924857 0.084420 1.464349 0.039340 -0.462206 0.042228 0.884893
1750970656.312076 -0.924857 0.084420 1.464349 0.039340 -0.462206 0.042228 0.884893
1750970656.317075 -0.924857 0.084420 1.464349 0.039340 -0.462206 0.042228 0.884893
1750970656.322075 -0.924857 0.084420 1.464349 0.039340 -0.462206 0.042228 0.884893
1750970656.326817 -0.924857 0.084420 1.464349 0.039340 -0.462206 0.042228 0.884893
1750970656.327075 -0.924857 0.084420 1.464349 0.039340 -0.462206 0.042228 0.884893
1750970656.332073 -0.924857 0.084420 1.464349 0.039340 -0.462206 0.042228 0.884893
1750970656.337073 -0.924857 0.084420 1.464349 0.039340 -0.462206 0.042228 0.884893
1750970656.342073 -0.924857 0.084420 1.464349 0.039340 -0.462206 0.042228 0.884893
1750970656.347072 -0.924857 0.084420 1.464349 0.039340 -0.462206 0.042228 0.884893
1750970656.352071 -0.924857 0.084420 1.464349 0.039340 -0.462206 0.042228 0.884893
1750970656.357072 -0.924857 0.084420 1.464349 0.039340 -0.462206 0.042228 0.884893
1750970656.362071 -0.946436 0.086905 1.485154 0.035045 -0.488152 0.046258 0.870827
1750970656.367070 -0.946436 0.086905 1.485154 0.035045 -0.488152 0.046258 0.870827
1750970656.372069 -0.946436 0.086905 1.485154 0.035045 -0.488152 0.046258 0.870827
1750970656.377069 -0.946436 0.086905 1.485154 0.035045 -0.488152 0.046258 0.870827
1750970656.382068 -0.946436 0.086905 1.485154 0.035045 -0.488152 0.046258 0.870827
1750970656.387068 -0.946436 0.086905 1.485154 0.035045 -0.488152 0.046258 0.870827
1750970656.392067 -0.946436 0.086905 1.485154 0.035045 -0.488152 0.046258 0.870827
1750970656.397066 -0.958134 0.087205 1.488514 0.033256 -0.500490 0.047945 0.863774
1750970656.402066 -0.958134 0.087205 1.488514 0.033256 -0.500490 0.047945 0.863774
1750970656.407065 -0.958134 0.087205 1.488514 0.033256 -0.500490 0.047945 0.863774
1750970656.412065 -0.958134 0.087205 1.488514 0.033256 -0.500490 0.047945 0.863774
1750970656.417065 -0.958134 0.087205 1.488514 0.033256 -0.500490 0.047945 0.863774
1750970656.422064 -0.958134 0.087205 1.488514 0.033256 -0.500490 0.047945 0.863774
1750970656.427063 -0.971753 0.087956 1.498575 0.031710 -0.513027 0.049417 0.856362
1750970656.432063 -0.971753 0.087956 1.498575 0.031710 -0.513027 0.049417 0.856362
1750970656.437063 -0.971753 0.087956 1.498575 0.031710 -0.513027 0.049417 0.856362
1750970656.442062 -0.971753 0.087956 1.498575 0.031710 -0.513027 0.049417 0.856362
1750970656.447061 -0.971753 0.087956 1.498575 0.031710 -0.513027 0.049417 0.856362
1750970656.452061 -0.971753 0.087956 1.498575 0.031710 -0.513027 0.049417 0.856362
1750970656.457060 -0.971753 0.087956 1.498575 0.031710 -0.513027 0.049417 0.856362
1750970656.462059 -0.971753 0.087956 1.498575 0.031710 -0.513027 0.049417 0.856362
1750970656.467058 -0.971753 0.087956 1.498575 0.031710 -0.513027 0.049417 0.856362
1750970656.472059 -0.971753 0.087956 1.498575 0.031710 -0.513027 0.049417 0.856362
1750970656.477057 -0.971753 0.087956 1.498575 0.031710 -0.513027 0.049417 0.856362
1750970656.482057 -0.971753 0.087956 1.498575 0.031710 -0.513027 0.049417 0.856362
1750970656.487056 -0.971753 0.087956 1.498575 0.031710 -0.513027 0.049417 0.856362
1750970656.492056 -0.971753 0.087956 1.498575 0.031710 -0.513027 0.049417 0.856362
1750970656.497056 -0.993025 0.088925 1.518434 0.028688 -0.536355 0.052667 0.841859
1750970656.502054 -0.993025 0.088925 1.518434 0.028688 -0.536355 0.052667 0.841859
1750970656.507054 -0.993025 0.088925 1.518434 0.028688 -0.536355 0.052667 0.841859
1750970656.510141 -0.993025 0.088925 1.518434 0.028688 -0.536355 0.052667 0.841859
1750970656.512054 -0.993025 0.088925 1.518434 0.028688 -0.536355 0.052667 0.841859
1750970656.517053 -0.993025 0.088925 1.518434 0.028688 -0.536355 0.052667 0.841859
1750970656.522052 -0.993025 0.088925 1.518434 0.028688 -0.536355 0.052667 0.841859
1750970656.527051 -1.004673 0.089135 1.527457 0.026821 -0.547319 0.053051 0.834810
1750970656.532051 -1.004673 0.089135 1.527457 0.026821 -0.547319 0.053051 0.834810
1750970656.537051 -1.004673 0.089135 1.527457 0.026821 -0.547319 0.053051 0.834810
1750970656.542050 -1.004673 0.089135 1.527457 0.026821 -0.547319 0.053051 0.834810
1750970656.547049 -1.004673 0.089135 1.527457 0.026821 -0.547319 0.053051 0.834810
1750970656.552049 -1.004673 0.089135 1.527457 0.026821 -0.547319 0.053051 0.834810
1750970656.557048 -1.004673 0.089135 1.527457 0.026821 -0.547319 0.053051 0.834810
1750970656.562047 -1.004673 0.089135 1.527457 0.026821 -0.547319 0.053051 0.834810
1750970656.567047 -1.004673 0.089135 1.527457 0.026821 -0.547319 0.053051 0.834810
1750970656.572046 -1.004673 0.089135 1.527457 0.026821 -0.547319 0.053051 0.834810
1750970656.577046 -1.004673 0.089135 1.527457 0.026821 -0.547319 0.053051 0.834810
1750970656.582045 -1.004673 0.089135 1.527457 0.026821 -0.547319 0.053051 0.834810
1750970656.587045 -1.004673 0.089135 1.527457 0.026821 -0.547319 0.053051 0.834810
1750970656.592044 -1.004673 0.089135 1.527457 0.026821 -0.547319 0.053051 0.834810
1750970656.597043 -1.025932 0.089197 1.544489 0.024639 -0.570138 0.054307 0.819382
1750970656.607042 -1.025932 0.089197 1.544489 0.024639 -0.570138 0.054307 0.819382
1750970656.612041 -1.025932 0.089197 1.544489 0.024639 -0.570138 0.054307 0.819382
1750970656.617041 -1.025932 0.089197 1.544489 0.024639 -0.570138 0.054307 0.819382
1750970656.622040 -1.025932 0.089197 1.544489 0.024639 -0.570138 0.054307 0.819382
1750970656.627040 -1.036667 0.088398 1.551591 0.023755 -0.581379 0.055209 0.811410
1750970656.632039 -1.036667 0.088398 1.551591 0.023755 -0.581379 0.055209 0.811410
1750970656.637038 -1.036667 0.088398 1.551591 0.023755 -0.581379 0.055209 0.811410
1750970656.642038 -1.036667 0.088398 1.551591 0.023755 -0.581379 0.055209 0.811410
1750970656.647037 -1.036667 0.088398 1.551591 0.023755 -0.581379 0.055209 0.811410
1750970656.652036 -1.036667 0.088398 1.551591 0.023755 -0.581379 0.055209 0.811410
1750970656.657036 -1.036667 0.088398 1.551591 0.023755 -0.581379 0.055209 0.811410
1750970656.662035 -1.036667 0.088398 1.551591 0.023755 -0.581379 0.055209 0.811410
1750970656.667035 -1.036667 0.088398 1.551591 0.023755 -0.581379 0.055209 0.811410
1750970656.672034 -1.036667 0.088398 1.551591 0.023755 -0.581379 0.055209 0.811410
1750970656.677033 -1.036667 0.088398 1.551591 0.023755 -0.581379 0.055209 0.811410
1750970656.682033 -1.036667 0.088398 1.551591 0.023755 -0.581379 0.055209 0.811410
1750970656.687032 -1.036667 0.088398 1.551591 0.023755 -0.581379 0.055209 0.811410
1750970656.692032 -1.036667 0.088398 1.551591 0.023755 -0.581379 0.055209 0.811410
1750970656.697032 -1.056428 0.088035 1.563239 0.021243 -0.603934 0.056287 0.794761
1750970656.702031 -1.056428 0.088035 1.563239 0.021243 -0.603934 0.056287 0.794761
1750970656.707031 -1.056428 0.088035 1.563239 0.021243 -0.603934 0.056287 0.794761
1750970656.710132 -1.056428 0.088035 1.563239 0.021243 -0.603934 0.056287 0.794761
1750970656.712030 -1.056428 0.088035 1.563239 0.021243 -0.603934 0.056287 0.794761
1750970656.717030 -1.056428 0.088035 1.563239 0.021243 -0.603934 0.056287 0.794761
1750970656.722030 -1.056428 0.088035 1.563239 0.021243 -0.603934 0.056287 0.794761
1750970656.727029 -1.065675 0.091635 1.565739 0.020613 -0.614443 0.058150 0.786545
1750970656.732029 -1.065675 0.091635 1.565739 0.020613 -0.614443 0.058150 0.786545
1750970656.737029 -1.065675 0.091635 1.565739 0.020613 -0.614443 0.058150 0.786545
1750970656.742028 -1.065675 0.091635 1.565739 0.020613 -0.614443 0.058150 0.786545
1750970656.747028 -1.065675 0.091635 1.565739 0.020613 -0.614443 0.058150 0.786545
1750970656.752028 -1.065675 0.091635 1.565739 0.020613 -0.614443 0.058150 0.786545
1750970656.757027 -1.065675 0.091635 1.565739 0.020613 -0.614443 0.058150 0.786545
1750970656.762027 -1.065675 0.091635 1.565739 0.020613 -0.614443 0.058150 0.786545
1750970656.767026 -1.065675 0.091635 1.565739 0.020613 -0.614443 0.058150 0.786545
1750970656.772025 -1.065675 0.091635 1.565739 0.020613 -0.614443 0.058150 0.786545
1750970656.777025 -1.065675 0.091635 1.565739 0.020613 -0.614443 0.058150 0.786545
1750970656.782025 -1.065675 0.091635 1.565739 0.020613 -0.614443 0.058150 0.786545
1750970656.787024 -1.065675 0.091635 1.565739 0.020613 -0.614443 0.058150 0.786545
1750970656.792024 -1.065675 0.091635 1.565739 0.020613 -0.614443 0.058150 0.786545
1750970656.797024 -1.085617 0.093307 1.566635 0.018698 -0.635453 0.058839 0.769667
1750970656.802023 -1.085617 0.093307 1.566635 0.018698 -0.635453 0.058839 0.769667
1750970656.807022 -1.085617 0.093307 1.566635 0.018698 -0.635453 0.058839 0.769667
1750970656.812023 -1.085617 0.093307 1.566635 0.018698 -0.635453 0.058839 0.769667
1750970656.817022 -1.085617 0.093307 1.566635 0.018698 -0.635453 0.058839 0.769667
1750970656.822021 -1.085617 0.093307 1.566635 0.018698 -0.635453 0.058839 0.769667
1750970656.827021 -1.094147 0.089522 1.574354 0.017925 -0.647297 0.058540 0.759775
1750970656.832021 -1.094147 0.089522 1.574354 0.017925 -0.647297 0.058540 0.759775
1750970656.837020 -1.094147 0.089522 1.574354 0.017925 -0.647297 0.058540 0.759775
1750970656.842020 -1.094147 0.089522 1.574354 0.017925 -0.647297 0.058540 0.759775
1750970656.847019 -1.094147 0.089522 1.574354 0.017925 -0.647297 0.058540 0.759775
1750970656.852019 -1.094147 0.089522 1.574354 0.017925 -0.647297 0.058540 0.759775
1750970656.857019 -1.094147 0.089522 1.574354 0.017925 -0.647297 0.058540 0.759775
1750970656.860129 -1.102477 0.088154 1.576868 0.017294 -0.658876 0.058323 0.749788
1750970656.862018 -1.102477 0.088154 1.576868 0.017294 -0.658876 0.058323 0.749788
1750970656.867018 -1.102477 0.088154 1.576868 0.017294 -0.658876 0.058323 0.749788
1750970656.872018 -1.102477 0.088154 1.576868 0.017294 -0.658876 0.058323 0.749788
1750970656.877017 -1.102477 0.088154 1.576868 0.017294 -0.658876 0.058323 0.749788
1750970656.882016 -1.102477 0.088154 1.576868 0.017294 -0.658876 0.058323 0.749788
1750970656.887017 -1.102477 0.088154 1.576868 0.017294 -0.658876 0.058323 0.749788
1750970656.892016 -1.102477 0.088154 1.576868 0.017294 -0.658876 0.058323 0.749788
1750970656.893461 -1.102477 0.088154 1.576868 0.017294 -0.658876 0.058323 0.749788
1750970656.897015 -1.102477 0.088154 1.576868 0.017294 -0.658876 0.058323 0.749788
1750970656.902014 -1.102477 0.088154 1.576868 0.017294 -0.658876 0.058323 0.749788
1750970656.907015 -1.102477 0.088154 1.576868 0.017294 -0.658876 0.058323 0.749788
1750970656.912014 -1.102477 0.088154 1.576868 0.017294 -0.658876 0.058323 0.749788
1750970656.917013 -1.102477 0.088154 1.576868 0.017294 -0.658876 0.058323 0.749788
1750970656.922012 -1.102477 0.088154 1.576868 0.017294 -0.658876 0.058323 0.749788
1750970656.927013 -1.120282 0.088747 1.579902 0.014492 -0.682674 0.056853 0.728364
1750970656.932012 -1.120282 0.088747 1.579902 0.014492 -0.682674 0.056853 0.728364
1750970656.937011 -1.120282 0.088747 1.579902 0.014492 -0.682674 0.056853 0.728364
1750970656.942012 -1.120282 0.088747 1.579902 0.014492 -0.682674 0.056853 0.728364
1750970656.947011 -1.120282 0.088747 1.579902 0.014492 -0.682674 0.056853 0.728364
1750970656.952010 -1.120282 0.088747 1.579902 0.014492 -0.682674 0.056853 0.728364
1750970656.957009 -1.120282 0.088747 1.579902 0.014492 -0.682674 0.056853 0.728364
1750970656.962010 -1.129172 0.088464 1.582206 0.012650 -0.693821 0.056214 0.717839
1750970656.967009 -1.129172 0.088464 1.582206 0.012650 -0.693821 0.056214 0.717839
1750970656.972008 -1.129172 0.088464 1.582206 0.012650 -0.693821 0.056214 0.717839
1750970656.977008 -1.129172 0.088464 1.582206 0.012650 -0.693821 0.056214 0.717839
1750970656.982008 -1.129172 0.088464 1.582206 0.012650 -0.693821 0.056214 0.717839
1750970656.987007 -1.129172 0.088464 1.582206 0.012650 -0.693821 0.056214 0.717839
1750970656.992006 -1.129172 0.088464 1.582206 0.012650 -0.693821 0.056214 0.717839
1750970656.997007 -1.138099 0.087338 1.583840 0.011302 -0.704146 0.055909 0.707761
1750970657.002006 -1.138099 0.087338 1.583840 0.011302 -0.704146 0.055909 0.707761
1750970657.007005 -1.138099 0.087338 1.583840 0.011302 -0.704146 0.055909 0.707761
1750970657.012005 -1.138099 0.087338 1.583840 0.011302 -0.704146 0.055909 0.707761
1750970657.017005 -1.138099 0.087338 1.583840 0.011302 -0.704146 0.055909 0.707761
1750970657.022004 -1.138099 0.087338 1.583840 0.011302 -0.704146 0.055909 0.707761
1750970657.027003 -1.138099 0.087338 1.583840 0.011302 -0.704146 0.055909 0.707761
1750970657.032002 -1.138099 0.087338 1.583840 0.011302 -0.704146 0.055909 0.707761
1750970657.037003 -1.138099 0.087338 1.583840 0.011302 -0.704146 0.055909 0.707761
1750970657.042002 -1.138099 0.087338 1.583840 0.011302 -0.704146 0.055909 0.707761
1750970657.047001 -1.138099 0.087338 1.583840 0.011302 -0.704146 0.055909 0.707761
1750970657.052001 -1.138099 0.087338 1.583840 0.011302 -0.704146 0.055909 0.707761
1750970657.057001 -1.138099 0.087338 1.583840 0.011302 -0.704146 0.055909 0.707761
1750970657.062000 -1.155303 0.086546 1.582879 0.009595 -0.722055 0.056621 0.689448
1750970657.066999 -1.155303 0.086546 1.582879 0.009595 -0.722055 0.056621 0.689448
1750970657.071998 -1.155303 0.086546 1.582879 0.009595 -0.722055 0.056621 0.689448
1750970657.076790 -1.155303 0.086546 1.582879 0.009595 -0.722055 0.056621 0.689448
1750970657.076999 -1.155303 0.086546 1.582879 0.009595 -0.722055 0.056621 0.689448
1750970657.081998 -1.155303 0.086546 1.582879 0.009595 -0.722055 0.056621 0.689448
1750970657.086997 -1.155303 0.086546 1.582879 0.009595 -0.722055 0.056621 0.689448
1750970657.091997 -1.155303 0.086546 1.582879 0.009595 -0.722055 0.056621 0.689448
1750970657.096997 -1.166119 0.091985 1.578052 0.009900 -0.729764 0.057898 0.681171
1750970657.101996 -1.166119 0.091985 1.578052 0.009900 -0.729764 0.057898 0.681171
1750970657.106995 -1.166119 0.091985 1.578052 0.009900 -0.729764 0.057898 0.681171
1750970657.111996 -1.166119 0.091985 1.578052 0.009900 -0.729764 0.057898 0.681171
1750970657.116995 -1.166119 0.091985 1.578052 0.009900 -0.729764 0.057898 0.681171
1750970657.121994 -1.166119 0.091985 1.578052 0.009900 -0.729764 0.057898 0.681171
1750970657.126994 -1.173408 0.086621 1.579879 0.008625 -0.737912 0.057843 0.672359
1750970657.131993 -1.173408 0.086621 1.579879 0.008625 -0.737912 0.057843 0.672359
1750970657.136993 -1.173408 0.086621 1.579879 0.008625 -0.737912 0.057843 0.672359
1750970657.141992 -1.173408 0.086621 1.579879 0.008625 -0.737912 0.057843 0.672359
1750970657.146992 -1.173408 0.086621 1.579879 0.008625 -0.737912 0.057843 0.672359
1750970657.151991 -1.173408 0.086621 1.579879 0.008625 -0.737912 0.057843 0.672359
1750970657.156991 -1.173408 0.086621 1.579879 0.008625 -0.737912 0.057843 0.672359
1750970657.161990 -1.173408 0.086621 1.579879 0.008625 -0.737912 0.057843 0.672359
1750970657.166990 -1.173408 0.086621 1.579879 0.008625 -0.737912 0.057843 0.672359
1750970657.171989 -1.173408 0.086621 1.579879 0.008625 -0.737912 0.057843 0.672359
1750970657.176988 -1.173408 0.086621 1.579879 0.008625 -0.737912 0.057843 0.672359
1750970657.181988 -1.173408 0.086621 1.579879 0.008625 -0.737912 0.057843 0.672359
1750970657.186988 -1.173408 0.086621 1.579879 0.008625 -0.737912 0.057843 0.672359
1750970657.191987 -1.173408 0.086621 1.579879 0.008625 -0.737912 0.057843 0.672359
1750970657.196986 -1.193045 0.093079 1.564931 0.007848 -0.751059 0.059574 0.657495
1750970657.201985 -1.193045 0.093079 1.564931 0.007848 -0.751059 0.059574 0.657495
1750970657.206985 -1.193045 0.093079 1.564931 0.007848 -0.751059 0.059574 0.657495
1750970657.211985 -1.193045 0.093079 1.564931 0.007848 -0.751059 0.059574 0.657495
1750970657.216984 -1.193045 0.093079 1.564931 0.007848 -0.751059 0.059574 0.657495
1750970657.221983 -1.193045 0.093079 1.564931 0.007848 -0.751059 0.059574 0.657495
1750970657.226983 -1.203349 0.093686 1.566301 0.006628 -0.757120 0.060286 0.650455
1750970657.231983 -1.203349 0.093686 1.566301 0.006628 -0.757120 0.060286 0.650455
1750970657.236982 -1.203349 0.093686 1.566301 0.006628 -0.757120 0.060286 0.650455
1750970657.241982 -1.203349 0.093686 1.566301 0.006628 -0.757120 0.060286 0.650455
1750970657.243450 -1.203349 0.093686 1.566301 0.006628 -0.757120 0.060286 0.650455
1750970657.246981 -1.203349 0.093686 1.566301 0.006628 -0.757120 0.060286 0.650455
1750970657.251981 -1.203349 0.093686 1.566301 0.006628 -0.757120 0.060286 0.650455
1750970657.256980 -1.203349 0.093686 1.566301 0.006628 -0.757120 0.060286 0.650455
1750970657.261980 -1.212776 0.097332 1.561201 0.006300 -0.761576 0.060977 0.645170
1750970657.266979 -1.212776 0.097332 1.561201 0.006300 -0.761576 0.060977 0.645170
1750970657.271978 -1.212776 0.097332 1.561201 0.006300 -0.761576 0.060977 0.645170
1750970657.276978 -1.212776 0.097332 1.561201 0.006300 -0.761576 0.060977 0.645170
1750970657.281978 -1.212776 0.097332 1.561201 0.006300 -0.761576 0.060977 0.645170
1750970657.286977 -1.212776 0.097332 1.561201 0.006300 -0.761576 0.060977 0.645170
1750970657.291976 -1.212776 0.097332 1.561201 0.006300 -0.761576 0.060977 0.645170
1750970657.296975 -1.223438 0.096472 1.557768 0.005368 -0.765468 0.060967 0.640557
1750970657.301975 -1.223438 0.096472 1.557768 0.005368 -0.765468 0.060967 0.640557
1750970657.306975 -1.223438 0.096472 1.557768 0.005368 -0.765468 0.060967 0.640557
1750970657.311974 -1.223438 0.096472 1.557768 0.005368 -0.765468 0.060967 0.640557
1750970657.316974 -1.223438 0.096472 1.557768 0.005368 -0.765468 0.060967 0.640557
1750970657.321973 -1.223438 0.096472 1.557768 0.005368 -0.765468 0.060967 0.640557
1750970657.326972 -1.223438 0.096472 1.557768 0.005368 -0.765468 0.060967 0.640557
1750970657.331971 -1.223438 0.096472 1.557768 0.005368 -0.765468 0.060967 0.640557
1750970657.336972 -1.223438 0.096472 1.557768 0.005368 -0.765468 0.060967 0.640557
1750970657.341971 -1.223438 0.096472 1.557768 0.005368 -0.765468 0.060967 0.640557
1750970657.346970 -1.223438 0.096472 1.557768 0.005368 -0.765468 0.060967 0.640557
1750970657.351970 -1.223438 0.096472 1.557768 0.005368 -0.765468 0.060967 0.640557
1750970657.356969 -1.223438 0.096472 1.557768 0.005368 -0.765468 0.060967 0.640557
1750970657.361968 -1.244361 0.097955 1.547881 0.005390 -0.771833 0.062511 0.632722
1750970657.366967 -1.244361 0.097955 1.547881 0.005390 -0.771833 0.062511 0.632722
1750970657.371968 -1.244361 0.097955 1.547881 0.005390 -0.771833 0.062511 0.632722
1750970657.376967 -1.244361 0.097955 1.547881 0.005390 -0.771833 0.062511 0.632722
1750970657.381966 -1.244361 0.097955 1.547881 0.005390 -0.771833 0.062511 0.632722
1750970657.386965 -1.244361 0.097955 1.547881 0.005390 -0.771833 0.062511 0.632722
1750970657.391964 -1.244361 0.097955 1.547881 0.005390 -0.771833 0.062511 0.632722
1750970657.396964 -1.253537 0.098565 1.541805 0.006509 -0.774206 0.063596 0.629697
1750970657.401963 -1.253537 0.098565 1.541805 0.006509 -0.774206 0.063596 0.629697
1750970657.406963 -1.253537 0.098565 1.541805 0.006509 -0.774206 0.063596 0.629697
1750970657.410109 -1.253537 0.098565 1.541805 0.006509 -0.774206 0.063596 0.629697
1750970657.411963 -1.253537 0.098565 1.541805 0.006509 -0.774206 0.063596 0.629697
1750970657.416962 -1.253537 0.098565 1.541805 0.006509 -0.774206 0.063596 0.629697
1750970657.421961 -1.253537 0.098565 1.541805 0.006509 -0.774206 0.063596 0.629697
1750970657.426960 -1.263499 0.098709 1.534647 0.007823 -0.776274 0.064461 0.627042
1750970657.431961 -1.263499 0.098709 1.534647 0.007823 -0.776274 0.064461 0.627042
1750970657.436960 -1.263499 0.098709 1.534647 0.007823 -0.776274 0.064461 0.627042
1750970657.441959 -1.263499 0.098709 1.534647 0.007823 -0.776274 0.064461 0.627042
1750970657.446959 -1.263499 0.098709 1.534647 0.007823 -0.776274 0.064461 0.627042
1750970657.451958 -1.263499 0.098709 1.534647 0.007823 -0.776274 0.064461 0.627042
1750970657.456957 -1.263499 0.098709 1.534647 0.007823 -0.776274 0.064461 0.627042
1750970657.461956 -1.263499 0.098709 1.534647 0.007823 -0.776274 0.064461 0.627042
1750970657.466957 -1.263499 0.098709 1.534647 0.007823 -0.776274 0.064461 0.627042
1750970657.471956 -1.263499 0.098709 1.534647 0.007823 -0.776274 0.064461 0.627042
1750970657.476955 -1.263499 0.098709 1.534647 0.007823 -0.776274 0.064461 0.627042
1750970657.481954 -1.263499 0.098709 1.534647 0.007823 -0.776274 0.064461 0.627042
1750970657.486954 -1.263499 0.098709 1.534647 0.007823 -0.776274 0.064461 0.627042
1750970657.491953 -1.263499 0.098709 1.534647 0.007823 -0.776274 0.064461 0.627042
1750970657.496952 -1.283999 0.098312 1.520679 0.010649 -0.780605 0.067458 0.621283
1750970657.506951 -1.283999 0.098312 1.520679 0.010649 -0.780605 0.067458 0.621283
1750970657.511950 -1.283999 0.098312 1.520679 0.010649 -0.780605 0.067458 0.621283
1750970657.516950 -1.283999 0.098312 1.520679 0.010649 -0.780605 0.067458 0.621283
1750970657.521950 -1.283999 0.098312 1.520679 0.010649 -0.780605 0.067458 0.621283
1750970657.526949 -1.293597 0.097436 1.512422 0.012429 -0.783508 0.068869 0.617429
1750970657.531948 -1.293597 0.097436 1.512422 0.012429 -0.783508 0.068869 0.617429
1750970657.536947 -1.293597 0.097436 1.512422 0.012429 -0.783508 0.068869 0.617429
1750970657.541947 -1.293597 0.097436 1.512422 0.012429 -0.783508 0.068869 0.617429
1750970657.546946 -1.293597 0.097436 1.512422 0.012429 -0.783508 0.068869 0.617429
1750970657.551945 -1.293597 0.097436 1.512422 0.012429 -0.783508 0.068869 0.617429
1750970657.556945 -1.293597 0.097436 1.512422 0.012429 -0.783508 0.068869 0.617429
1750970657.561944 -1.304288 0.095720 1.503620 0.014227 -0.787000 0.070330 0.612766
1750970657.566944 -1.304288 0.095720 1.503620 0.014227 -0.787000 0.070330 0.612766
1750970657.571943 -1.304288 0.095720 1.503620 0.014227 -0.787000 0.070330 0.612766
1750970657.576766 -1.304288 0.095720 1.503620 0.014227 -0.787000 0.070330 0.612766
1750970657.576942 -1.304288 0.095720 1.503620 0.014227 -0.787000 0.070330 0.612766
1750970657.581942 -1.304288 0.095720 1.503620 0.014227 -0.787000 0.070330 0.612766
1750970657.586941 -1.304288 0.095720 1.503620 0.014227 -0.787000 0.070330 0.612766
1750970657.591940 -1.304288 0.095720 1.503620 0.014227 -0.787000 0.070330 0.612766
1750970657.596941 -1.314680 0.100219 1.495263 0.015243 -0.790785 0.072354 0.607611
1750970657.606938 -1.314680 0.100219 1.495263 0.015243 -0.790785 0.072354 0.607611
1750970657.611938 -1.314680 0.100219 1.495263 0.015243 -0.790785 0.072354 0.607611
1750970657.616938 -1.314680 0.100219 1.495263 0.015243 -0.790785 0.072354 0.607611
1750970657.621937 -1.314680 0.100219 1.495263 0.015243 -0.790785 0.072354 0.607611
1750970657.626936 -1.314680 0.100219 1.495263 0.015243 -0.790785 0.072354 0.607611
1750970657.631935 -1.314680 0.100219 1.495263 0.015243 -0.790785 0.072354 0.607611
1750970657.636935 -1.314680 0.100219 1.495263 0.015243 -0.790785 0.072354 0.607611
1750970657.641934 -1.314680 0.100219 1.495263 0.015243 -0.790785 0.072354 0.607611
1750970657.646933 -1.314680 0.100219 1.495263 0.015243 -0.790785 0.072354 0.607611
1750970657.651932 -1.314680 0.100219 1.495263 0.015243 -0.790785 0.072354 0.607611
1750970657.656932 -1.314680 0.100219 1.495263 0.015243 -0.790785 0.072354 0.607611
1750970657.661932 -1.336076 0.101647 1.479550 0.013804 -0.798138 0.072595 0.597926
1750970657.666930 -1.336076 0.101647 1.479550 0.013804 -0.798138 0.072595 0.597926
1750970657.671929 -1.336076 0.101647 1.479550 0.013804 -0.798138 0.072595 0.597926
1750970657.676930 -1.336076 0.101647 1.479550 0.013804 -0.798138 0.072595 0.597926
1750970657.681929 -1.336076 0.101647 1.479550 0.013804 -0.798138 0.072595 0.597926
1750970657.686934 -1.336076 0.101647 1.479550 0.013804 -0.798138 0.072595 0.597926
1750970657.691941 -1.336076 0.101647 1.479550 0.013804 -0.798138 0.072595 0.597926
1750970657.696946 -1.345388 0.102678 1.471654 0.012911 -0.801354 0.072906 0.593590
1750970657.701952 -1.345388 0.102678 1.471654 0.012911 -0.801354 0.072906 0.593590
1750970657.706958 -1.345388 0.102678 1.471654 0.012911 -0.801354 0.072906 0.593590
1750970657.711965 -1.345388 0.102678 1.471654 0.012911 -0.801354 0.072906 0.593590
1750970657.716970 -1.345388 0.102678 1.471654 0.012911 -0.801354 0.072906 0.593590
1750970657.721976 -1.345388 0.102678 1.471654 0.012911 -0.801354 0.072906 0.593590
1750970657.726815 -1.354233 0.103822 1.464355 0.012455 -0.804181 0.073589 0.589680
1750970657.726983 -1.354233 0.103822 1.464355 0.012455 -0.804181 0.073589 0.589680
1750970657.731988 -1.354233 0.103822 1.464355 0.012455 -0.804181 0.073589 0.589680
1750970657.736994 -1.354233 0.103822 1.464355 0.012455 -0.804181 0.073589 0.589680
1750970657.742000 -1.354233 0.103822 1.464355 0.012455 -0.804181 0.073589 0.589680
1750970657.747006 -1.354233 0.103822 1.464355 0.012455 -0.804181 0.073589 0.589680
1750970657.752012 -1.354233 0.103822 1.464355 0.012455 -0.804181 0.073589 0.589680
1750970657.757018 -1.354233 0.103822 1.464355 0.012455 -0.804181 0.073589 0.589680
1750970657.760190 -1.354233 0.103822 1.464355 0.012455 -0.804181 0.073589 0.589680
1750970657.762024 -1.354233 0.103822 1.464355 0.012455 -0.804181 0.073589 0.589680
1750970657.767031 -1.354233 0.103822 1.464355 0.012455 -0.804181 0.073589 0.589680
1750970657.772036 -1.354233 0.103822 1.464355 0.012455 -0.804181 0.073589 0.589680
1750970657.777042 -1.354233 0.103822 1.464355 0.012455 -0.804181 0.073589 0.589680
1750970657.782049 -1.354233 0.103822 1.464355 0.012455 -0.804181 0.073589 0.589680
1750970657.787055 -1.354233 0.103822 1.464355 0.012455 -0.804181 0.073589 0.589680
1750970657.792061 -1.354233 0.103822 1.464355 0.012455 -0.804181 0.073589 0.589680
1750970657.797067 -1.372051 0.103619 1.449123 0.013029 -0.810421 0.075779 0.580781
1750970657.802074 -1.372051 0.103619 1.449123 0.013029 -0.810421 0.075779 0.580781
1750970657.807079 -1.372051 0.103619 1.449123 0.013029 -0.810421 0.075779 0.580781
1750970657.812085 -1.372051 0.103619 1.449123 0.013029 -0.810421 0.075779 0.580781
1750970657.817091 -1.372051 0.103619 1.449123 0.013029 -0.810421 0.075779 0.580781
1750970657.822098 -1.372051 0.103619 1.449123 0.013029 -0.810421 0.075779 0.580781
1750970657.827104 -1.378316 0.104156 1.441750 0.013604 -0.814104 0.077032 0.575426
1750970657.832110 -1.378316 0.104156 1.441750 0.013604 -0.814104 0.077032 0.575426
1750970657.837116 -1.378316 0.104156 1.441750 0.013604 -0.814104 0.077032 0.575426
1750970657.842123 -1.378316 0.104156 1.441750 0.013604 -0.814104 0.077032 0.575426
1750970657.847129 -1.378316 0.104156 1.441750 0.013604 -0.814104 0.077032 0.575426
1750970657.852135 -1.378316 0.104156 1.441750 0.013604 -0.814104 0.077032 0.575426
1750970657.857141 -1.378316 0.104156 1.441750 0.013604 -0.814104 0.077032 0.575426
1750970657.862148 -1.385292 0.106237 1.434405 0.013323 -0.818113 0.077122 0.569707
1750970657.867154 -1.385292 0.106237 1.434405 0.013323 -0.818113 0.077122 0.569707
1750970657.872160 -1.385292 0.106237 1.434405 0.013323 -0.818113 0.077122 0.569707
1750970657.877166 -1.385292 0.106237 1.434405 0.013323 -0.818113 0.077122 0.569707
1750970657.882173 -1.385292 0.106237 1.434405 0.013323 -0.818113 0.077122 0.569707
1750970657.887179 -1.385292 0.106237 1.434405 0.013323 -0.818113 0.077122 0.569707
1750970657.892185 -1.385292 0.106237 1.434405 0.013323 -0.818113 0.077122 0.569707
1750970657.897191 -1.393251 0.107125 1.427421 0.012839 -0.822392 0.076439 0.563617
1750970657.902198 -1.393251 0.107125 1.427421 0.012839 -0.822392 0.076439 0.563617
1750970657.907204 -1.393251 0.107125 1.427421 0.012839 -0.822392 0.076439 0.563617
1750970657.912210 -1.393251 0.107125 1.427421 0.012839 -0.822392 0.076439 0.563617
1750970657.917217 -1.393251 0.107125 1.427421 0.012839 -0.822392 0.076439 0.563617
1750970657.922224 -1.393251 0.107125 1.427421 0.012839 -0.822392 0.076439 0.563617
1750970657.927076 -1.393251 0.107125 1.427421 0.012839 -0.822392 0.076439 0.563617
1750970657.927230 -1.393251 0.107125 1.427421 0.012839 -0.822392 0.076439 0.563617
1750970657.932236 -1.393251 0.107125 1.427421 0.012839 -0.822392 0.076439 0.563617
1750970657.937243 -1.393251 0.107125 1.427421 0.012839 -0.822392 0.076439 0.563617
1750970657.942250 -1.393251 0.107125 1.427421 0.012839 -0.822392 0.076439 0.563617
1750970657.947256 -1.393251 0.107125 1.427421 0.012839 -0.822392 0.076439 0.563617
1750970657.952262 -1.393251 0.107125 1.427421 0.012839 -0.822392 0.076439 0.563617
1750970657.957269 -1.393251 0.107125 1.427421 0.012839 -0.822392 0.076439 0.563617
1750970657.962275 -1.409549 0.105419 1.414079 0.010464 -0.831002 0.074636 0.551141
1750970657.967281 -1.409549 0.105419 1.414079 0.010464 -0.831002 0.074636 0.551141
1750970657.972288 -1.409549 0.105419 1.414079 0.010464 -0.831002 0.074636 0.551141
1750970657.977295 -1.409549 0.105419 1.414079 0.010464 -0.831002 0.074636 0.551141
1750970657.982301 -1.409549 0.105419 1.414079 0.010464 -0.831002 0.074636 0.551141
1750970657.987308 -1.409549 0.105419 1.414079 0.010464 -0.831002 0.074636 0.551141
1750970657.992315 -1.409549 0.105419 1.414079 0.010464 -0.831002 0.074636 0.551141
1750970657.997321 -1.419632 0.105387 1.408894 0.009965 -0.835738 0.074280 0.543990
1750970658.002327 -1.419632 0.105387 1.408894 0.009965 -0.835738 0.074280 0.543990
1750970658.007334 -1.419632 0.105387 1.408894 0.009965 -0.835738 0.074280 0.543990
1750970658.012341 -1.419632 0.105387 1.408894 0.009965 -0.835738 0.074280 0.543990
1750970658.017347 -1.419632 0.105387 1.408894 0.009965 -0.835738 0.074280 0.543990
1750970658.022354 -1.419632 0.105387 1.408894 0.009965 -0.835738 0.074280 0.543990
1750970658.027360 -1.426426 0.106303 1.404031 0.009268 -0.840465 0.073972 0.536713
1750970658.032368 -1.426426 0.106303 1.404031 0.009268 -0.840465 0.073972 0.536713
1750970658.037374 -1.426426 0.106303 1.404031 0.009268 -0.840465 0.073972 0.536713
1750970658.042380 -1.426426 0.106303 1.404031 0.009268 -0.840465 0.073972 0.536713
1750970658.047387 -1.426426 0.106303 1.404031 0.009268 -0.840465 0.073972 0.536713
1750970658.052394 -1.426426 0.106303 1.404031 0.009268 -0.840465 0.073972 0.536713
1750970658.057400 -1.426426 0.106303 1.404031 0.009268 -0.840465 0.073972 0.536713
1750970658.062407 -1.434177 0.107106 1.398301 0.008132 -0.845444 0.073460 0.528926
1750970658.067415 -1.434177 0.107106 1.398301 0.008132 -0.845444 0.073460 0.528926
1750970658.072421 -1.434177 0.107106 1.398301 0.008132 -0.845444 0.073460 0.528926
1750970658.077283 -1.434177 0.107106 1.398301 0.008132 -0.845444 0.073460 0.528926
1750970658.077427 -1.434177 0.107106 1.398301 0.008132 -0.845444 0.073460 0.528926
1750970658.082434 -1.434177 0.107106 1.398301 0.008132 -0.845444 0.073460 0.528926
1750970658.087441 -1.434177 0.107106 1.398301 0.008132 -0.845444 0.073460 0.528926
1750970658.092448 -1.434177 0.107106 1.398301 0.008132 -0.845444 0.073460 0.528926
1750970658.097455 -1.442240 0.108183 1.392617 0.006914 -0.850575 0.073566 0.520637
1750970658.102461 -1.442240 0.108183 1.392617 0.006914 -0.850575 0.073566 0.520637
1750970658.107469 -1.442240 0.108183 1.392617 0.006914 -0.850575 0.073566 0.520637
1750970658.112475 -1.442240 0.108183 1.392617 0.006914 -0.850575 0.073566 0.520637
1750970658.117482 -1.442240 0.108183 1.392617 0.006914 -0.850575 0.073566 0.520637
1750970658.122489 -1.442240 0.108183 1.392617 0.006914 -0.850575 0.073566 0.520637
1750970658.127496 -1.442240 0.108183 1.392617 0.006914 -0.850575 0.073566 0.520637
1750970658.132503 -1.442240 0.108183 1.392617 0.006914 -0.850575 0.073566 0.520637
1750970658.137509 -1.442240 0.108183 1.392617 0.006914 -0.850575 0.073566 0.520637
1750970658.142517 -1.442240 0.108183 1.392617 0.006914 -0.850575 0.073566 0.520637
1750970658.147523 -1.442240 0.108183 1.392617 0.006914 -0.850575 0.073566 0.520637
1750970658.152530 -1.442240 0.108183 1.392617 0.006914 -0.850575 0.073566 0.520637
1750970658.157537 -1.442240 0.108183 1.392617 0.006914 -0.850575 0.073566 0.520637
1750970658.162544 -1.460395 0.109505 1.381455 0.001821 -0.860189 0.072323 0.504817
1750970658.167551 -1.460395 0.109505 1.381455 0.001821 -0.860189 0.072323 0.504817
1750970658.172558 -1.460395 0.109505 1.381455 0.001821 -0.860189 0.072323 0.504817
1750970658.177564 -1.460395 0.109505 1.381455 0.001821 -0.860189 0.072323 0.504817
1750970658.182572 -1.460395 0.109505 1.381455 0.001821 -0.860189 0.072323 0.504817
1750970658.187579 -1.460395 0.109505 1.381455 0.001821 -0.860189 0.072323 0.504817
1750970658.192586 -1.460395 0.109505 1.381455 0.001821 -0.860189 0.072323 0.504817
1750970658.197593 -1.470113 0.109495 1.375218 -0.000732 -0.864794 0.070081 0.497211
1750970658.202600 -1.470113 0.109495 1.375218 -0.000732 -0.864794 0.070081 0.497211
1750970658.207607 -1.470113 0.109495 1.375218 -0.000732 -0.864794 0.070081 0.497211
1750970658.212614 -1.470113 0.109495 1.375218 -0.000732 -0.864794 0.070081 0.497211
1750970658.217621 -1.470113 0.109495 1.375218 -0.000732 -0.864794 0.070081 0.497211
1750970658.222628 -1.470113 0.109495 1.375218 -0.000732 -0.864794 0.070081 0.497211
1750970658.227635 -1.470113 0.109495 1.375218 -0.000732 -0.864794 0.070081 0.497211
1750970658.232642 -1.470113 0.109495 1.375218 -0.000732 -0.864794 0.070081 0.497211
1750970658.237650 -1.470113 0.109495 1.375218 -0.000732 -0.864794 0.070081 0.497211
1750970658.242656 -1.470113 0.109495 1.375218 -0.000732 -0.864794 0.070081 0.497211
1750970658.247663 -1.470113 0.109495 1.375218 -0.000732 -0.864794 0.070081 0.497211
1750970658.252670 -1.470113 0.109495 1.375218 -0.000732 -0.864794 0.070081 0.497211
1750970658.257678 -1.470113 0.109495 1.375218 -0.000732 -0.864794 0.070081 0.497211
1750970658.262685 -1.490243 0.110848 1.362718 -0.006276 -0.874226 0.065283 0.481069
1750970658.267692 -1.490243 0.110848 1.362718 -0.006276 -0.874226 0.065283 0.481069
1750970658.272699 -1.490243 0.110848 1.362718 -0.006276 -0.874226 0.065283 0.481069
1750970658.277575 -1.490243 0.110848 1.362718 -0.006276 -0.874226 0.065283 0.481069
1750970658.277707 -1.490243 0.110848 1.362718 -0.006276 -0.874226 0.065283 0.481069
1750970658.282714 -1.490243 0.110848 1.362718 -0.006276 -0.874226 0.065283 0.481069
1750970658.287721 -1.490243 0.110848 1.362718 -0.006276 -0.874226 0.065283 0.481069
1750970658.292727 -1.490243 0.110848 1.362718 -0.006276 -0.874226 0.065283 0.481069
1750970658.297736 -1.500042 0.110744 1.351752 -0.008247 -0.879312 0.062608 0.472040
1750970658.302742 -1.500042 0.110744 1.351752 -0.008247 -0.879312 0.062608 0.472040
1750970658.307750 -1.500042 0.110744 1.351752 -0.008247 -0.879312 0.062608 0.472040
1750970658.312757 -1.500042 0.110744 1.351752 -0.008247 -0.879312 0.062608 0.472040
1750970658.317765 -1.500042 0.110744 1.351752 -0.008247 -0.879312 0.062608 0.472040
1750970658.322772 -1.500042 0.110744 1.351752 -0.008247 -0.879312 0.062608 0.472040
1750970658.327779 -1.512908 0.110294 1.348136 -0.010846 -0.885114 0.061084 0.461221
1750970658.332787 -1.512908 0.110294 1.348136 -0.010846 -0.885114 0.061084 0.461221
1750970658.337794 -1.512908 0.110294 1.348136 -0.010846 -0.885114 0.061084 0.461221
1750970658.342801 -1.512908 0.110294 1.348136 -0.010846 -0.885114 0.061084 0.461221
1750970658.347809 -1.512908 0.110294 1.348136 -0.010846 -0.885114 0.061084 0.461221
1750970658.352816 -1.512908 0.110294 1.348136 -0.010846 -0.885114 0.061084 0.461221
1750970658.357823 -1.512908 0.110294 1.348136 -0.010846 -0.885114 0.061084 0.461221
1750970658.362830 -1.512908 0.110294 1.348136 -0.010846 -0.885114 0.061084 0.461221
1750970658.367838 -1.512908 0.110294 1.348136 -0.010846 -0.885114 0.061084 0.461221
1750970658.372846 -1.512908 0.110294 1.348136 -0.010846 -0.885114 0.061084 0.461221
1750970658.377852 -1.512908 0.110294 1.348136 -0.010846 -0.885114 0.061084 0.461221
1750970658.382859 -1.512908 0.110294 1.348136 -0.010846 -0.885114 0.061084 0.461221
1750970658.387868 -1.512908 0.110294 1.348136 -0.010846 -0.885114 0.061084 0.461221
1750970658.392875 -1.512908 0.110294 1.348136 -0.010846 -0.885114 0.061084 0.461221
1750970658.397882 -1.534313 0.112610 1.334787 -0.015323 -0.895379 0.059234 0.441081
1750970658.402889 -1.534313 0.112610 1.334787 -0.015323 -0.895379 0.059234 0.441081
1750970658.407898 -1.534313 0.112610 1.334787 -0.015323 -0.895379 0.059234 0.441081
1750970658.412905 -1.534313 0.112610 1.334787 -0.015323 -0.895379 0.059234 0.441081
1750970658.417912 -1.534313 0.112610 1.334787 -0.015323 -0.895379 0.059234 0.441081
1750970658.422920 -1.534313 0.112610 1.334787 -0.015323 -0.895379 0.059234 0.441081
1750970658.427927 -1.546175 0.112977 1.328249 -0.017056 -0.899985 0.058801 0.431600
1750970658.432935 -1.546175 0.112977 1.328249 -0.017056 -0.899985 0.058801 0.431600
1750970658.437942 -1.546175 0.112977 1.328249 -0.017056 -0.899985 0.058801 0.431600
1750970658.442950 -1.546175 0.112977 1.328249 -0.017056 -0.899985 0.058801 0.431600
1750970658.444499 -1.546175 0.112977 1.328249 -0.017056 -0.899985 0.058801 0.431600
1750970658.447958 -1.546175 0.112977 1.328249 -0.017056 -0.899985 0.058801 0.431600
1750970658.452965 -1.546175 0.112977 1.328249 -0.017056 -0.899985 0.058801 0.431600
1750970658.457973 -1.546175 0.112977 1.328249 -0.017056 -0.899985 0.058801 0.431600
1750970658.462981 -1.558495 0.114654 1.320782 -0.019062 -0.904238 0.058435 0.422582
1750970658.467988 -1.558495 0.114654 1.320782 -0.019062 -0.904238 0.058435 0.422582
1750970658.472995 -1.558495 0.114654 1.320782 -0.019062 -0.904238 0.058435 0.422582
1750970658.478003 -1.558495 0.114654 1.320782 -0.019062 -0.904238 0.058435 0.422582
1750970658.483011 -1.558495 0.114654 1.320782 -0.019062 -0.904238 0.058435 0.422582
1750970658.488019 -1.558495 0.114654 1.320782 -0.019062 -0.904238 0.058435 0.422582
1750970658.493026 -1.558495 0.114654 1.320782 -0.019062 -0.904238 0.058435 0.422582
1750970658.498034 -1.558495 0.114654 1.320782 -0.019062 -0.904238 0.058435 0.422582
1750970658.503042 -1.558495 0.114654 1.320782 -0.019062 -0.904238 0.058435 0.422582
1750970658.508049 -1.558495 0.114654 1.320782 -0.019062 -0.904238 0.058435 0.422582
1750970658.513057 -1.558495 0.114654 1.320782 -0.019062 -0.904238 0.058435 0.422582
1750970658.518065 -1.558495 0.114654 1.320782 -0.019062 -0.904238 0.058435 0.422582
1750970658.523072 -1.558495 0.114654 1.320782 -0.019062 -0.904238 0.058435 0.422582
1750970658.528080 -1.584050 0.116787 1.306191 -0.022447 -0.912473 0.059711 0.404135
1750970658.533088 -1.584050 0.116787 1.306191 -0.022447 -0.912473 0.059711 0.404135
1750970658.538096 -1.584050 0.116787 1.306191 -0.022447 -0.912473 0.059711 0.404135
1750970658.543103 -1.584050 0.116787 1.306191 -0.022447 -0.912473 0.059711 0.404135
1750970658.548111 -1.584050 0.116787 1.306191 -0.022447 -0.912473 0.059711 0.404135
1750970658.553119 -1.584050 0.116787 1.306191 -0.022447 -0.912473 0.059711 0.404135
1750970658.558127 -1.584050 0.116787 1.306191 -0.022447 -0.912473 0.059711 0.404135
1750970658.563134 -1.596359 0.116344 1.297779 -0.024116 -0.916294 0.059664 0.395302
1750970658.568142 -1.596359 0.116344 1.297779 -0.024116 -0.916294 0.059664 0.395302
1750970658.573150 -1.596359 0.116344 1.297779 -0.024116 -0.916294 0.059664 0.395302
1750970658.578158 -1.596359 0.116344 1.297779 -0.024116 -0.916294 0.059664 0.395302
1750970658.583166 -1.596359 0.116344 1.297779 -0.024116 -0.916294 0.059664 0.395302
1750970658.588174 -1.596359 0.116344 1.297779 -0.024116 -0.916294 0.059664 0.395302
1750970658.593182 -1.596359 0.116344 1.297779 -0.024116 -0.916294 0.059664 0.395302
1750970658.598190 -1.596359 0.116344 1.297779 -0.024116 -0.916294 0.059664 0.395302
1750970658.603197 -1.596359 0.116344 1.297779 -0.024116 -0.916294 0.059664 0.395302
1750970658.608205 -1.596359 0.116344 1.297779 -0.024116 -0.916294 0.059664 0.395302
1750970658.613214 -1.596359 0.116344 1.297779 -0.024116 -0.916294 0.059664 0.395302
1750970658.618221 -1.596359 0.116344 1.297779 -0.024116 -0.916294 0.059664 0.395302
1750970658.623229 -1.596359 0.116344 1.297779 -0.024116 -0.916294 0.059664 0.395302
1750970658.628128 -1.622260 0.116433 1.280376 -0.026633 -0.923150 0.058247 0.379067
1750970658.628238 -1.622260 0.116433 1.280376 -0.026633 -0.923150 0.058247 0.379067
1750970658.633245 -1.622260 0.116433 1.280376 -0.026633 -0.923150 0.058247 0.379067
1750970658.638253 -1.622260 0.116433 1.280376 -0.026633 -0.923150 0.058247 0.379067
1750970658.643261 -1.622260 0.116433 1.280376 -0.026633 -0.923150 0.058247 0.379067
1750970658.644822 -1.622260 0.116433 1.280376 -0.026633 -0.923150 0.058247 0.379067
1750970658.648268 -1.622260 0.116433 1.280376 -0.026633 -0.923150 0.058247 0.379067
1750970658.653277 -1.622260 0.116433 1.280376 -0.026633 -0.923150 0.058247 0.379067
1750970658.658285 -1.622260 0.116433 1.280376 -0.026633 -0.923150 0.058247 0.379067
1750970658.663293 -1.631612 0.117679 1.269258 -0.027518 -0.925619 0.057397 0.373066
1750970658.668302 -1.631612 0.117679 1.269258 -0.027518 -0.925619 0.057397 0.373066
1750970658.673310 -1.631612 0.117679 1.269258 -0.027518 -0.925619 0.057397 0.373066
1750970658.678317 -1.631612 0.117679 1.269258 -0.027518 -0.925619 0.057397 0.373066
1750970658.683325 -1.631612 0.117679 1.269258 -0.027518 -0.925619 0.057397 0.373066
1750970658.688326 -1.631612 0.117679 1.269258 -0.027518 -0.925619 0.057397 0.373066
1750970658.693326 -1.631612 0.117679 1.269258 -0.027518 -0.925619 0.057397 0.373066
1750970658.698327 -1.643454 0.116920 1.264441 -0.028049 -0.928303 0.056318 0.366463
1750970658.703329 -1.643454 0.116920 1.264441 -0.028049 -0.928303 0.056318 0.366463
1750970658.708329 -1.643454 0.116920 1.264441 -0.028049 -0.928303 0.056318 0.366463
1750970658.713329 -1.643454 0.116920 1.264441 -0.028049 -0.928303 0.056318 0.366463
1750970658.718330 -1.643454 0.116920 1.264441 -0.028049 -0.928303 0.056318 0.366463
1750970658.723330 -1.643454 0.116920 1.264441 -0.028049 -0.928303 0.056318 0.366463
1750970658.728332 -1.657032 0.117302 1.255565 -0.028002 -0.930955 0.056084 0.359713
1750970658.733332 -1.657032 0.117302 1.255565 -0.028002 -0.930955 0.056084 0.359713
1750970658.738333 -1.657032 0.117302 1.255565 -0.028002 -0.930955 0.056084 0.359713
1750970658.743334 -1.657032 0.117302 1.255565 -0.028002 -0.930955 0.056084 0.359713
1750970658.748335 -1.657032 0.117302 1.255565 -0.028002 -0.930955 0.056084 0.359713
1750970658.753335 -1.657032 0.117302 1.255565 -0.028002 -0.930955 0.056084 0.359713
1750970658.758336 -1.657032 0.117302 1.255565 -0.028002 -0.930955 0.056084 0.359713
1750970658.763337 -1.657032 0.117302 1.255565 -0.028002 -0.930955 0.056084 0.359713
1750970658.768337 -1.657032 0.117302 1.255565 -0.028002 -0.930955 0.056084 0.359713
1750970658.773338 -1.657032 0.117302 1.255565 -0.028002 -0.930955 0.056084 0.359713
1750970658.778338 -1.657032 0.117302 1.255565 -0.028002 -0.930955 0.056084 0.359713
1750970658.783340 -1.657032 0.117302 1.255565 -0.028002 -0.930955 0.056084 0.359713
1750970658.788340 -1.657032 0.117302 1.255565 -0.028002 -0.930955 0.056084 0.359713
1750970658.793341 -1.657032 0.117302 1.255565 -0.028002 -0.930955 0.056084 0.359713
1750970658.798342 -1.679678 0.116582 1.238281 -0.026466 -0.936632 0.055224 0.344922
1750970658.803342 -1.679678 0.116582 1.238281 -0.026466 -0.936632 0.055224 0.344922
1750970658.808343 -1.679678 0.116582 1.238281 -0.026466 -0.936632 0.055224 0.344922
1750970658.811579 -1.679678 0.116582 1.238281 -0.026466 -0.936632 0.055224 0.344922
1750970658.813343 -1.679678 0.116582 1.238281 -0.026466 -0.936632 0.055224 0.344922
1750970658.818344 -1.679678 0.116582 1.238281 -0.026466 -0.936632 0.055224 0.344922
1750970658.823345 -1.679678 0.116582 1.238281 -0.026466 -0.936632 0.055224 0.344922
1750970658.828346 -1.689837 0.116507 1.230258 -0.025753 -0.939946 0.054327 0.335986
1750970658.833346 -1.689837 0.116507 1.230258 -0.025753 -0.939946 0.054327 0.335986
1750970658.838347 -1.689837 0.116507 1.230258 -0.025753 -0.939946 0.054327 0.335986
1750970658.843348 -1.689837 0.116507 1.230258 -0.025753 -0.939946 0.054327 0.335986
1750970658.848348 -1.689837 0.116507 1.230258 -0.025753 -0.939946 0.054327 0.335986
1750970658.853350 -1.689837 0.116507 1.230258 -0.025753 -0.939946 0.054327 0.335986
1750970658.858350 -1.689837 0.116507 1.230258 -0.025753 -0.939946 0.054327 0.335986
1750970658.863351 -1.689837 0.116507 1.230258 -0.025753 -0.939946 0.054327 0.335986
1750970658.868352 -1.689837 0.116507 1.230258 -0.025753 -0.939946 0.054327 0.335986
1750970658.873353 -1.689837 0.116507 1.230258 -0.025753 -0.939946 0.054327 0.335986
1750970658.878353 -1.689837 0.116507 1.230258 -0.025753 -0.939946 0.054327 0.335986
1750970658.883354 -1.689837 0.116507 1.230258 -0.025753 -0.939946 0.054327 0.335986
1750970658.888355 -1.689837 0.116507 1.230258 -0.025753 -0.939946 0.054327 0.335986
1750970658.893356 -1.689837 0.116507 1.230258 -0.025753 -0.939946 0.054327 0.335986
1750970658.898356 -1.709024 0.117452 1.213863 -0.025256 -0.947052 0.054576 0.315400
1750970658.903356 -1.709024 0.117452 1.213863 -0.025256 -0.947052 0.054576 0.315400
1750970658.908358 -1.709024 0.117452 1.213863 -0.025256 -0.947052 0.054576 0.315400
1750970658.913358 -1.709024 0.117452 1.213863 -0.025256 -0.947052 0.054576 0.315400
1750970658.918359 -1.709024 0.117452 1.213863 -0.025256 -0.947052 0.054576 0.315400
1750970658.923359 -1.709024 0.117452 1.213863 -0.025256 -0.947052 0.054576 0.315400
1750970658.928360 -1.717568 0.118588 1.206609 -0.025638 -0.950570 0.054883 0.304543
1750970658.933361 -1.717568 0.118588 1.206609 -0.025638 -0.950570 0.054883 0.304543
1750970658.938361 -1.717568 0.118588 1.206609 -0.025638 -0.950570 0.054883 0.304543
1750970658.943362 -1.717568 0.118588 1.206609 -0.025638 -0.950570 0.054883 0.304543
1750970658.948363 -1.717568 0.118588 1.206609 -0.025638 -0.950570 0.054883 0.304543
1750970658.953364 -1.717568 0.118588 1.206609 -0.025638 -0.950570 0.054883 0.304543
1750970658.958364 -1.717568 0.118588 1.206609 -0.025638 -0.950570 0.054883 0.304543
1750970658.963365 -1.717568 0.118588 1.206609 -0.025638 -0.950570 0.054883 0.304543
1750970658.968366 -1.717568 0.118588 1.206609 -0.025638 -0.950570 0.054883 0.304543
1750970658.973366 -1.717568 0.118588 1.206609 -0.025638 -0.950570 0.054883 0.304543
1750970658.978367 -1.717568 0.118588 1.206609 -0.025638 -0.950570 0.054883 0.304543
1750970658.983368 -1.717568 0.118588 1.206609 -0.025638 -0.950570 0.054883 0.304543
1750970658.988369 -1.717568 0.118588 1.206609 -0.025638 -0.950570 0.054883 0.304543
1750970658.993369 -1.717568 0.118588 1.206609 -0.025638 -0.950570 0.054883 0.304543
1750970658.998369 -1.735455 0.119330 1.190376 -0.027316 -0.957024 0.052820 0.283849
1750970659.003371 -1.735455 0.119330 1.190376 -0.027316 -0.957024 0.052820 0.283849
1750970659.008371 -1.735455 0.119330 1.190376 -0.027316 -0.957024 0.052820 0.283849
1750970659.011621 -1.735455 0.119330 1.190376 -0.027316 -0.957024 0.052820 0.283849
1750970659.013372 -1.735455 0.119330 1.190376 -0.027316 -0.957024 0.052820 0.283849
1750970659.018372 -1.735455 0.119330 1.190376 -0.027316 -0.957024 0.052820 0.283849
1750970659.023374 -1.735455 0.119330 1.190376 -0.027316 -0.957024 0.052820 0.283849
1750970659.028374 -1.743996 0.115739 1.179151 -0.027877 -0.959953 0.049216 0.274390
1750970659.033375 -1.743996 0.115739 1.179151 -0.027877 -0.959953 0.049216 0.274390
1750970659.038375 -1.743996 0.115739 1.179151 -0.027877 -0.959953 0.049216 0.274390
1750970659.043377 -1.743996 0.115739 1.179151 -0.027877 -0.959953 0.049216 0.274390
1750970659.048377 -1.743996 0.115739 1.179151 -0.027877 -0.959953 0.049216 0.274390
1750970659.053378 -1.743996 0.115739 1.179151 -0.027877 -0.959953 0.049216 0.274390
1750970659.058378 -1.743996 0.115739 1.179151 -0.027877 -0.959953 0.049216 0.274390
1750970659.063380 -1.743996 0.115739 1.179151 -0.027877 -0.959953 0.049216 0.274390
1750970659.068380 -1.743996 0.115739 1.179151 -0.027877 -0.959953 0.049216 0.274390
1750970659.073380 -1.743996 0.115739 1.179151 -0.027877 -0.959953 0.049216 0.274390
1750970659.078382 -1.743996 0.115739 1.179151 -0.027877 -0.959953 0.049216 0.274390
1750970659.083382 -1.743996 0.115739 1.179151 -0.027877 -0.959953 0.049216 0.274390
1750970659.088382 -1.743996 0.115739 1.179151 -0.027877 -0.959953 0.049216 0.274390
1750970659.093383 -1.743996 0.115739 1.179151 -0.027877 -0.959953 0.049216 0.274390
1750970659.098385 -1.758751 0.116769 1.160749 -0.029474 -0.965393 0.042887 0.255556
1750970659.103385 -1.758751 0.116769 1.160749 -0.029474 -0.965393 0.042887 0.255556
1750970659.108385 -1.758751 0.116769 1.160749 -0.029474 -0.965393 0.042887 0.255556
1750970659.113386 -1.758751 0.116769 1.160749 -0.029474 -0.965393 0.042887 0.255556
1750970659.118387 -1.758751 0.116769 1.160749 -0.029474 -0.965393 0.042887 0.255556
1750970659.123388 -1.758751 0.116769 1.160749 -0.029474 -0.965393 0.042887 0.255556
1750970659.128388 -1.766011 0.117136 1.150598 -0.030525 -0.967931 0.040559 0.246034
1750970659.133389 -1.766011 0.117136 1.150598 -0.030525 -0.967931 0.040559 0.246034
1750970659.138390 -1.766011 0.117136 1.150598 -0.030525 -0.967931 0.040559 0.246034
1750970659.143390 -1.766011 0.117136 1.150598 -0.030525 -0.967931 0.040559 0.246034
1750970659.148391 -1.766011 0.117136 1.150598 -0.030525 -0.967931 0.040559 0.246034
1750970659.153392 -1.766011 0.117136 1.150598 -0.030525 -0.967931 0.040559 0.246034
1750970659.158393 -1.766011 0.117136 1.150598 -0.030525 -0.967931 0.040559 0.246034
1750970659.163393 -1.766011 0.117136 1.150598 -0.030525 -0.967931 0.040559 0.246034
1750970659.168393 -1.766011 0.117136 1.150598 -0.030525 -0.967931 0.040559 0.246034
1750970659.173395 -1.766011 0.117136 1.150598 -0.030525 -0.967931 0.040559 0.246034
1750970659.178396 -1.766011 0.117136 1.150598 -0.030525 -0.967931 0.040559 0.246034
1750970659.183396 -1.766011 0.117136 1.150598 -0.030525 -0.967931 0.040559 0.246034
1750970659.188398 -1.766011 0.117136 1.150598 -0.030525 -0.967931 0.040559 0.246034
1750970659.193398 -1.766011 0.117136 1.150598 -0.030525 -0.967931 0.040559 0.246034
1750970659.198398 -1.779135 0.117447 1.132370 -0.032823 -0.972496 0.036907 0.227623
1750970659.203399 -1.779135 0.117447 1.132370 -0.032823 -0.972496 0.036907 0.227623
1750970659.208399 -1.779135 0.117447 1.132370 -0.032823 -0.972496 0.036907 0.227623
1750970659.211662 -1.779135 0.117447 1.132370 -0.032823 -0.972496 0.036907 0.227623
1750970659.213401 -1.779135 0.117447 1.132370 -0.032823 -0.972496 0.036907 0.227623
1750970659.218401 -1.779135 0.117447 1.132370 -0.032823 -0.972496 0.036907 0.227623
1750970659.223402 -1.779135 0.117447 1.132370 -0.032823 -0.972496 0.036907 0.227623
1750970659.228403 -1.784845 0.117833 1.124216 -0.033918 -0.974449 0.036414 0.219028
1750970659.233403 -1.784845 0.117833 1.124216 -0.033918 -0.974449 0.036414 0.219028
1750970659.238404 -1.784845 0.117833 1.124216 -0.033918 -0.974449 0.036414 0.219028
1750970659.243404 -1.784845 0.117833 1.124216 -0.033918 -0.974449 0.036414 0.219028
1750970659.248406 -1.784845 0.117833 1.124216 -0.033918 -0.974449 0.036414 0.219028
1750970659.253406 -1.784845 0.117833 1.124216 -0.033918 -0.974449 0.036414 0.219028
1750970659.258406 -1.784845 0.117833 1.124216 -0.033918 -0.974449 0.036414 0.219028
1750970659.263408 -1.784845 0.117833 1.124216 -0.033918 -0.974449 0.036414 0.219028
1750970659.268408 -1.784845 0.117833 1.124216 -0.033918 -0.974449 0.036414 0.219028
1750970659.273409 -1.784845 0.117833 1.124216 -0.033918 -0.974449 0.036414 0.219028
1750970659.278409 -1.784845 0.117833 1.124216 -0.033918 -0.974449 0.036414 0.219028
1750970659.283411 -1.784845 0.117833 1.124216 -0.033918 -0.974449 0.036414 0.219028
1750970659.288411 -1.784845 0.117833 1.124216 -0.033918 -0.974449 0.036414 0.219028
1750970659.293411 -1.784845 0.117833 1.124216 -0.033918 -0.974449 0.036414 0.219028
1750970659.298412 -1.793573 0.117770 1.106304 -0.037303 -0.977926 0.034342 0.202704
1750970659.303413 -1.793573 0.117770 1.106304 -0.037303 -0.977926 0.034342 0.202704
1750970659.308414 -1.793573 0.117770 1.106304 -0.037303 -0.977926 0.034342 0.202704
1750970659.313414 -1.793573 0.117770 1.106304 -0.037303 -0.977926 0.034342 0.202704
1750970659.318416 -1.793573 0.117770 1.106304 -0.037303 -0.977926 0.034342 0.202704
