1753905348431340800.000000 0.000000002 0.000000004 0.000000002 -0.000000008 -0.000000001 -0.000000001 1.000000000
1753905348464674048.000000 -0.000472894 -0.000287975 0.000192264 0.000538953 -0.000650629 0.000539557 0.999999523
1753905348498007552.000000 0.000087320 -0.000355789 -0.000175653 -0.000955340 -0.001341181 0.000415623 0.999998629
1753905348531341056.000000 -0.001270110 0.001396551 0.001114674 -0.003144947 -0.001928519 0.000355419 0.999993205
1753905348564674304.000000 -0.001596706 0.000053483 0.001022476 -0.003547419 -0.002485432 0.000724595 0.999990404
1753905348598007808.000000 -0.002199856 0.000460804 0.002088172 -0.003003010 -0.003475178 0.001033909 0.999988914
1753905348664674304.000000 -0.001809044 0.001912568 0.001213124 -0.002444841 -0.005275472 0.001763433 0.999981582
1753905348698007296.000000 -0.003000555 0.000162587 0.001794171 -0.002521246 -0.005955221 0.001866490 0.999977410
1753905348731340288.000000 -0.003704096 0.000163940 0.001155190 -0.002547537 -0.006268845 0.001944006 0.999975264
1753905348764673280.000000 -0.002408847 -0.000665310 0.000679112 -0.002653288 -0.006464587 0.002495832 0.999972522
1753905348798006272.000000 -0.002441365 -0.000548450 0.001538543 -0.002754259 -0.006779199 0.002759943 0.999969423
1753905348864671232.000000 -0.002510811 -0.000501361 0.000962598 -0.003041781 -0.007205055 0.003212585 0.999964297
1753905348898003712.000000 -0.001909548 -0.001730492 0.001395341 -0.003160404 -0.007416554 0.003515435 0.999961317
1753905348931336704.000000 -0.002489178 -0.001269921 0.001417178 -0.003012453 -0.007536621 0.003793807 0.999959946
1753905348964669184.000000 -0.006960166 0.001971393 0.003421931 -0.002637057 -0.007165819 0.004168807 0.999962211
1753905349031334144.000000 -0.006990017 0.002093272 0.003508246 -0.002119449 -0.006882919 0.005170755 0.999960721
1753905349064666624.000000 -0.002035023 -0.003516651 0.000257949 -0.002298629 -0.006994660 0.005716864 0.999956608
1753905349131331328.000000 -0.002307405 -0.003469577 0.000034504 -0.002006893 -0.006130391 0.006564265 0.999957681
1753905349164663808.000000 -0.001857182 -0.003565508 0.000815574 -0.002044622 -0.005755305 0.006884468 0.999957681
1753905349197997056.000000 -0.001656683 -0.003742183 0.000596953 -0.002117816 -0.005212018 0.007327938 0.999957383
1753905349264664576.000000 -0.006684482 0.001861665 0.003391051 -0.002241200 -0.003678143 0.008012760 0.999958694
1753905349297997312.000000 -0.006694295 0.001848727 0.003621564 -0.002301898 -0.002897487 0.008179290 0.999959707
1753905349331330816.000000 0.000133505 -0.001856946 0.001925495 -0.003409335 -0.002659952 0.008684156 0.999952972
1753905349397997824.000000 0.000045613 -0.001839706 0.002479616 -0.004639255 -0.000851449 0.009180494 0.999946773
1753905349431331072.000000 0.000600171 -0.002038669 0.003071565 -0.004610343 0.000049516 0.009939124 0.999940038
1753905349464664320.000000 0.000234107 -0.001826615 0.003008713 -0.004506297 0.001037008 0.010501787 0.999934196
1753905349531330816.000000 0.001207296 -0.003119582 0.004486191 -0.005028321 0.002785684 0.012411152 0.999906480
1753905349564663808.000000 -0.000973767 -0.000290303 0.005598282 -0.004644947 0.003769122 0.013233891 0.999894559
1753905349597996800.000000 0.005319558 -0.006496159 0.001765179 -0.004996640 0.004413554 0.014332941 0.999875069
1753905349664662528.000000 0.006064823 -0.005146737 0.002962264 -0.006492448 0.005230617 0.014985742 0.999853015
1753905349697995776.000000 0.006118379 -0.003797604 0.002334246 -0.007202727 0.005753958 0.015755057 0.999833465
1753905349764659968.000000 0.006644676 -0.005243712 0.002682397 -0.007256096 0.006591873 0.016676273 0.999812901
1753905349831325184.000000 0.008292622 -0.007854204 0.004596676 -0.008641976 0.006550704 0.017280743 0.999791920
1753905349864657664.000000 0.007143723 -0.007543230 0.005136575 -0.009027258 0.006604024 0.017874878 0.999777734
1753905349897990144.000000 0.013956831 -0.011064064 0.000922798 -0.009142892 0.005996612 0.018753316 0.999764383
1753905349964654592.000000 0.014607117 -0.010980719 0.004467698 -0.009006748 0.005356841 0.019750951 0.999750018
1753905349997987072.000000 0.008961211 -0.007594935 0.003167057 -0.008714568 0.005558417 0.019877581 0.999749005
1753905350064651264.000000 0.007822055 -0.005833510 0.002284637 -0.008781208 0.004532503 0.019362442 0.999763668
1753905350131315200.000000 0.004815806 -0.004688163 0.004688065 -0.009599769 0.002075542 0.017889068 0.999791801
1753905350164646144.000000 0.003957127 -0.003130794 0.005583289 -0.009954179 -0.000089058 0.017336823 0.999800205
1753905350231385856.000000 -0.003712184 0.000708279 0.008058144 -0.009987996 -0.005752998 0.016803619 0.999792457
1753905350298140160.000000 -0.003192661 -0.000301999 0.007192801 -0.010065568 -0.011416703 0.015463386 0.999764562
1753905350331518208.000000 -0.003616844 -0.000150821 0.006049795 -0.011582296 -0.013945038 0.014473599 0.999730945
1753905350398275072.000000 -0.006402205 0.002128228 0.012176099 -0.015625786 -0.020451659 0.012279618 0.999593318
1753905350465034496.000000 -0.005702171 0.001830099 0.013912272 -0.020482808 -0.025783319 0.012957558 0.999373734
1753905350498414848.000000 -0.016952084 0.009968243 0.025386585 -0.021843201 -0.027112082 0.012691127 0.999313176
1753905350531795712.000000 -0.018648379 0.012213338 0.028603816 -0.023891579 -0.028545512 0.013622538 0.999214113
1753905350598558720.000000 -0.022993805 0.018164683 0.044048838 -0.029049149 -0.031130742 0.016248409 0.998960972
1753905350665322752.000000 -0.027789308 0.023809403 0.061809137 -0.036202222 -0.033276904 0.019388538 0.998602092
1753905350698706176.000000 -0.029555932 0.025932940 0.070807584 -0.039488338 -0.034059826 0.020252844 0.998434007
1753905350765474048.000000 -0.031761471 0.029519783 0.088632099 -0.042427067 -0.035198662 0.020946264 0.998259604
1753905350832244224.000000 -0.033722561 0.031415399 0.106732301 -0.042643290 -0.036671076 0.020877590 0.998198926
1753905350865629952.000000 -0.033970229 0.033724811 0.118218012 -0.041887116 -0.037594758 0.021607721 0.998180985
1753905350932402944.000000 -0.040580194 0.039557129 0.142516509 -0.040441062 -0.037912246 0.022576341 0.998207152
1753905350965789952.000000 -0.041682828 0.041731905 0.156107619 -0.040353935 -0.038213946 0.022650978 0.998197436
1753905351065953792.000000 -0.043976314 0.054663792 0.197382152 -0.041015718 -0.044969026 0.019896403 0.997947752
1753905351132732672.000000 -0.043761302 0.058232304 0.228958592 -0.041098967 -0.056265067 0.018030304 0.997406721
1753905351166123008.000000 -0.045632523 0.061201815 0.245876834 -0.039621815 -0.063605957 0.017476259 0.997035146
1753905351232819200.000000 -0.048497520 0.063317008 0.283259571 -0.037358038 -0.080007769 0.016465871 0.995957911
1753905351299502080.000000 -0.053719729 0.065308653 0.323446363 -0.032493707 -0.099548005 0.013276981 0.994413435
1753905351332843520.000000 -0.056027800 0.066628076 0.341399521 -0.029999577 -0.111549504 0.011595966 0.993238330
1753905351399526400.000000 -0.063382275 0.067946017 0.375582665 -0.026684605 -0.140976325 0.008673964 0.989615262
1753905351432868096.000000 -0.067842923 0.069338046 0.396434039 -0.027481021 -0.156226888 0.009685650 0.987291336
1753905351499549952.000000 -0.078336895 0.075206541 0.430623889 -0.032648325 -0.185204476 0.011535864 0.982089818
1753905351532891392.000000 -0.084481381 0.079720415 0.449189603 -0.037154697 -0.198079273 0.013817854 0.979384124
1753905351599574272.000000 -0.099160470 0.085798778 0.483661115 -0.044427823 -0.221042573 0.018618489 0.974073768
1753905351632915712.000000 -0.109253220 0.085995130 0.503247499 -0.047703903 -0.232444927 0.019112460 0.971250951
1753905351699598592.000000 -0.132956177 0.093082540 0.530906975 -0.052216537 -0.253903210 0.019230908 0.965627670
1753905351766281728.000000 -0.161422014 0.101365611 0.555493712 -0.053352460 -0.270457834 0.018341223 0.961077452
1753905351799622912.000000 -0.176830664 0.107320607 0.567165136 -0.055191223 -0.278124124 0.017011033 0.958807409
1753905351866305792.000000 -0.211721346 0.118426941 0.592428744 -0.059041094 -0.294486076 0.013877979 0.953729272
1753905351899647488.000000 -0.230129182 0.123799361 0.601562679 -0.059001762 -0.301248401 0.010601810 0.951659560
1753905351966329344.000000 -0.270690382 0.133861482 0.615288675 -0.055248391 -0.310169756 0.003749985 0.949067116
1753905352033012480.000000 -0.312500298 0.138083711 0.621854186 -0.043353796 -0.314779878 0.002057512 0.948171854
1753905352066353920.000000 -0.330905586 0.139229164 0.626122594 -0.036682490 -0.316637814 0.001188494 0.947836280
1753905352133036800.000000 -0.371685773 0.137204468 0.633127272 -0.025841091 -0.318297714 -0.002975296 0.947633982
1753905352166378240.000000 -0.390472889 0.137081921 0.636575460 -0.020599620 -0.317377090 -0.004476584 0.948065102
1753905352233060864.000000 -0.427263409 0.139256656 0.645204663 -0.010571026 -0.313844800 -0.004354557 0.949405491
1753905352299743488.000000 -0.473842829 0.139742583 0.662907302 -0.008081773 -0.311135352 -0.002787366 0.950327158
1753905352333084928.000000 -0.488242954 0.143270895 0.675342917 -0.008356586 -0.310433805 -0.001922059 0.950556397
1753905352399766272.000000 -0.516913474 0.150896192 0.699124813 -0.013130496 -0.306541473 -0.000751567 0.951766491
1753905352466448640.000000 -0.543333352 0.160089627 0.725182176 -0.018743077 -0.300883889 0.000283800 0.953476548
1753905352499789824.000000 -0.568208635 0.159183919 0.735224724 -0.021127937 -0.297216058 0.000911082 0.954576075
1753905352566472448.000000 -0.583860099 0.172493473 0.770612359 -0.025618384 -0.293492347 0.005509763 0.955602229
1753905352633154816.000000 -0.604733706 0.187066734 0.802268922 -0.027383681 -0.291957736 0.010662212 0.955979705
1753905352699837184.000000 -0.627517879 0.202723503 0.834013402 -0.029814513 -0.291744173 0.015772391 0.955901563
1753905352733178368.000000 -0.659431875 0.202856541 0.844974041 -0.030936472 -0.290464997 0.018576158 0.956205010
1753905352799860992.000000 -0.679317713 0.213666126 0.884866714 -0.032189894 -0.291465610 0.026297390 0.955677867
1753905352866542592.000000 -0.706600189 0.218685016 0.924066603 -0.034659121 -0.292277485 0.028516408 0.955279768
1753905352899883520.000000 -0.720497549 0.220022395 0.943236411 -0.036146734 -0.291960329 0.027828386 0.955341995
1753905352966566144.000000 -0.749715328 0.224690333 0.977275372 -0.038740754 -0.290248990 0.025909174 0.955815554
1753905353033248512.000000 -0.795362353 0.223749548 1.006665707 -0.041014351 -0.290499300 0.021282412 0.955758929
1753905353099930880.000000 -0.824010968 0.228322878 1.032538533 -0.039826550 -0.292978346 0.021047015 0.955057442
1753905353133272064.000000 -0.838378489 0.230931044 1.045395255 -0.039171111 -0.295417547 0.020094916 0.954353392
1753905353233296128.000000 -0.887025177 0.239707023 1.082053185 -0.040172797 -0.305411637 0.015526558 0.951245904
1753905353299977984.000000 -0.921862423 0.248909324 1.105783701 -0.041312344 -0.308219731 0.013139199 0.950326979
1753905353366660608.000000 -0.961943984 0.249041885 1.132596016 -0.043094378 -0.305991769 0.009124857 0.951014578
1753905353400002304.000000 -0.977866113 0.258280993 1.143632770 -0.044382047 -0.302741110 0.007539311 0.952009141
1753905353466684928.000000 -1.014034748 0.270692080 1.164130211 -0.046765827 -0.292233080 0.002452319 0.955199897
1753905353533367552.000000 -1.049450636 0.283124417 1.181486607 -0.045050211 -0.276608735 -0.000347517 0.959926069
1753905353600050432.000000 -1.087925315 0.292095393 1.199805737 -0.040562443 -0.257859826 -0.003801712 0.965323091
1753905353666733312.000000 -1.133927584 0.285053849 1.222246051 -0.038271550 -0.236749440 -0.008365092 0.970780671
1753905353733415168.000000 -1.169256210 0.288662136 1.244083881 -0.036072139 -0.214745209 -0.011841928 0.975931942
1753905353800098048.000000 -1.201371670 0.293869525 1.267603517 -0.035321146 -0.190175235 -0.010776311 0.981055439
1753905353866780416.000000 -1.231458783 0.299180835 1.293398023 -0.038943555 -0.164664060 -0.010917001 0.985520184
1753905353900122112.000000 -1.244926929 0.302544951 1.306688547 -0.040697217 -0.150134653 -0.011373713 0.987762153
1753905353966804736.000000 -1.285803556 0.294603646 1.330814004 -0.042763300 -0.119900271 -0.016175333 0.991732657
1753905354066829056.000000 -1.310451627 0.308722943 1.384641528 -0.053744037 -0.080518499 -0.019603672 0.995110095
1753905354133511680.000000 -1.320254803 0.319038779 1.421319366 -0.063018180 -0.058239423 -0.017201575 0.996163189
1753905354200193536.000000 -1.337354660 0.331744879 1.465430140 -0.071897626 -0.042052541 -0.015337136 0.996407092
1753905354266876416.000000 -1.334718823 0.346658200 1.498492002 -0.077894747 -0.032509968 -0.010226424 0.996378958
1753905354333559552.000000 -1.338892698 0.358251005 1.540962577 -0.082550712 -0.027071547 -0.002410581 0.996216238
1753905354400242432.000000 -1.368703008 0.371390253 1.611484170 -0.085616894 -0.025500847 0.005212379 0.995988131
1753905354466925312.000000 -1.378206849 0.373994023 1.656235576 -0.087263428 -0.027299436 0.009443657 0.995766401
1753905354500266752.000000 -1.365908623 0.369941771 1.655925393 -0.087949656 -0.028917249 0.010293867 0.995651960
1753905354566949632.000000 -1.398216248 0.377410293 1.715123057 -0.086282708 -0.031358533 0.010017099 0.995726705
1753905354633632000.000000 -1.395779848 0.377725154 1.732070684 -0.088950709 -0.036277011 0.004725206 0.995363951
1753905354700314880.000000 -1.415336490 0.382367671 1.769329548 -0.098357148 -0.041288152 -0.000532889 0.994294226
1753905354733656064.000000 -1.428559661 0.389786422 1.802982926 -0.103954002 -0.044830982 -0.003109632 0.993566394
1753905354800339200.000000 -1.448806286 0.400304377 1.844220638 -0.118102565 -0.054178562 -0.008870985 0.991482615
1753905354867022336.000000 -1.470259309 0.410074174 1.885219574 -0.130854800 -0.064010240 -0.014442914 0.989227593
1753905354933705216.000000 -1.491279721 0.421877265 1.925473690 -0.138665825 -0.070601530 -0.019269839 0.987631440
1753905355000388096.000000 -1.514266849 0.436192751 1.964199543 -0.144406900 -0.073004514 -0.024818374 0.986509562
1753905355067069952.000000 -1.550307512 0.453088075 2.020432711 -0.151682541 -0.071120888 -0.029754322 0.985418200
1753905355133753088.000000 -1.575792313 0.465725511 2.056077003 -0.152593136 -0.065443240 -0.034359120 0.985521197
1753905355200436224.000000 -1.599372625 0.472989619 2.091738939 -0.152941957 -0.055552457 -0.035674375 0.986027479
1753905355267119104.000000 -1.624016643 0.475292683 2.131330729 -0.153719649 -0.044766214 -0.036411628 0.986428142
1753905355367143680.000000 -1.662519813 0.481231242 2.186109304 -0.152307764 -0.029127227 -0.040367246 0.987078786
1753905355433826560.000000 -1.683076262 0.483937025 2.223700523 -0.153885409 -0.019456510 -0.044096868 0.986912489
1753905355467167744.000000 -1.692143083 0.486623138 2.243170023 -0.156148642 -0.014027191 -0.045305740 0.986594260
1753905355533850112.000000 -1.705740213 0.489697129 2.282627106 -0.158178389 -0.003548123 -0.044215046 0.986413777
1753905355600533248.000000 -1.714544177 0.494008362 2.321043015 -0.156795233 0.004900702 -0.038939923 0.986851037
1753905355667216128.000000 -1.723861814 0.512299657 2.367221832 -0.151724443 0.010279273 -0.031828258 0.987856746
1753905355700557824.000000 -1.724403620 0.516496778 2.387998104 -0.149045467 0.011603766 -0.027318152 0.988384902
1753905355767240704.000000 -1.723976970 0.527715087 2.428611040 -0.142889723 0.011219937 -0.019427026 0.989484370
1753905355833923584.000000 -1.722419858 0.539699018 2.471924305 -0.139251038 0.009070927 -0.009673587 0.990168393
1753905355900606720.000000 -1.719296932 0.549798429 2.518948317 -0.136675209 0.006707142 0.001172145 0.990592539
1753905355967288832.000000 -1.723048687 0.558985054 2.573233604 -0.134944841 0.002127654 0.011596582 0.990782976
1753905356000630272.000000 -1.723857403 0.559702575 2.599962711 -0.136007145 -0.002552613 0.016314415 0.990570247
1753905356067313408.000000 -1.726547480 0.563888550 2.652016640 -0.140185773 -0.017663410 0.023384746 0.989691436
1753905356133996544.000000 -1.734269500 0.568854749 2.697657108 -0.142274216 -0.035966687 0.025680115 0.988840222
1753905356167337984.000000 -1.739982247 0.570340335 2.716806173 -0.142530501 -0.044463951 0.025410648 0.988464653
1753905356267361792.000000 -1.759569287 0.574645460 2.772885084 -0.143913329 -0.065102458 0.018804334 0.987267494
1753905356334044416.000000 -1.773216963 0.579702318 2.813679218 -0.143742412 -0.076473087 0.011970240 0.986583412
1753905356367385600.000000 -1.782476544 0.582585692 2.830840588 -0.144621983 -0.080453716 0.008435753 0.986174703
1753905356434067456.000000 -1.799165010 0.590314806 2.866014481 -0.146944582 -0.084112316 0.002383243 0.985559165
1753905356500749824.000000 -1.816245794 0.601470232 2.900081396 -0.151116773 -0.082257450 -0.003345199 0.985081851
1753905356567432448.000000 -1.838555098 0.612481594 2.933390617 -0.154493272 -0.077553920 -0.011524004 0.984877944
1753905356634115072.000000 -1.865198135 0.625595689 2.967596292 -0.148626193 -0.073678464 -0.023471564 0.985865593
1753905356700797440.000000 -1.897374988 0.626900494 2.992085934 -0.133674160 -0.073189862 -0.039369043 0.987534642
1753905356767479808.000000 -1.931343675 0.628532410 3.020400763 -0.123265177 -0.075312890 -0.054369129 0.988017082
1753905356834161408.000000 -1.965837240 0.630222201 3.052417517 -0.119294286 -0.082889892 -0.067302734 0.987101138
1753905356900844032.000000 -1.996478319 0.633664906 3.084772110 -0.116454862 -0.091442361 -0.072408102 0.986323357
1753905356967526656.000000 -2.017247200 0.645909846 3.120373964 -0.116428502 -0.098369002 -0.074245974 0.985522985
1753905357034209024.000000 -2.032876015 0.651837111 3.155079603 -0.120990045 -0.101930656 -0.073386751 0.984675586
1753905357100891648.000000 -2.046670198 0.655361652 3.187008858 -0.125133291 -0.105219804 -0.071431734 0.983955264
1753905357167574016.000000 -2.057103157 0.660005450 3.218826294 -0.128002256 -0.108893722 -0.068610191 0.983387113
1753905357234365440.000000 -2.068242073 0.668258131 3.253190994 -0.134445488 -0.115964480 -0.066877887 0.981837034
1753905357301203200.000000 -2.091135979 0.686926663 3.301598549 -0.145427302 -0.127382264 -0.065419003 0.978951037
1753905357368044288.000000 -2.102037668 0.701075375 3.340510845 -0.157785058 -0.145972252 -0.062940277 0.974594593
1753905357434887168.000000 -2.112617016 0.715368271 3.379328489 -0.166386262 -0.171222195 -0.058596883 0.969311655
1753905357501732096.000000 -2.121519089 0.724810064 3.416744947 -0.164841816 -0.202714205 -0.049730457 0.963981867
1753905357568579072.000000 -2.128314972 0.729170263 3.452780724 -0.156805888 -0.238521561 -0.036231469 0.957709134
1753905357602003456.000000 -2.137139082 0.727764487 3.474035740 -0.155742824 -0.256348163 -0.029773284 0.953490138
1753905357668853248.000000 -2.149188995 0.727196813 3.513622284 -0.157431990 -0.290681124 -0.021564305 0.943533063
1753905357735704064.000000 -2.164885521 0.728788257 3.549568176 -0.159672111 -0.320224226 -0.018400904 0.933607459
1753905357802557952.000000 -2.184915304 0.732746720 3.578286171 -0.156760663 -0.349781275 -0.019061936 0.923426211
1753905357869413632.000000 -2.207923651 0.738390386 3.603533268 -0.159583032 -0.378368825 -0.020787733 0.911558092
1753905357936271360.000000 -2.231523752 0.741932929 3.632882595 -0.164533064 -0.402472794 -0.022023655 0.900255263
1753905358003131392.000000 -2.254863262 0.745809555 3.653646946 -0.168021426 -0.419467926 -0.021384025 0.891828597
1753905358036561920.000000 -2.267179966 0.748777807 3.662778854 -0.169356063 -0.426231265 -0.021946827 0.888348937
1753905358103424512.000000 -2.293452501 0.753259182 3.676775932 -0.170505568 -0.436482906 -0.024995783 0.883054852
1753905358170288384.000000 -2.322087765 0.758160830 3.685023785 -0.167516544 -0.443563282 -0.027073124 0.880032301
1753905358203680512.000000 -2.336803198 0.759285212 3.686650276 -0.164030448 -0.446711779 -0.028160034 0.879061818
1753905358270349056.000000 -2.367496967 0.758091211 3.693546295 -0.155369550 -0.454552859 -0.031078318 0.876513660
1753905358303683328.000000 -2.381761074 0.758677363 3.691525459 -0.149264425 -0.459125549 -0.033571556 0.875098228
1753905358370351616.000000 -2.413333416 0.759542465 3.680174828 -0.133057490 -0.470156878 -0.039135162 0.871617317
1753905358437019648.000000 -2.444547176 0.754833519 3.665870905 -0.113557279 -0.484234512 -0.044562295 0.866392493
1753905358503687424.000000 -2.475789785 0.745811939 3.651476383 -0.096570075 -0.502303243 -0.047997061 0.857940555
1753905358537021184.000000 -2.493736029 0.742753625 3.642925262 -0.089583710 -0.510973811 -0.046292525 0.853661239
1753905358603687424.000000 -2.522099257 0.739987254 3.631167889 -0.076355033 -0.527656376 -0.039465435 0.845098376
1753905358670354944.000000 -2.548477173 0.741520882 3.622034550 -0.067519151 -0.545677304 -0.034722827 0.834548950
1753905358737021696.000000 -2.573225021 0.740892768 3.616781473 -0.060566030 -0.567003846 -0.031768952 0.820870996
1753905358803688192.000000 -2.595494747 0.737633228 3.616554499 -0.052460883 -0.588686526 -0.024647741 0.806280732
1753905358870354688.000000 -2.614938021 0.736397922 3.619961262 -0.046988592 -0.607947528 -0.015900338 0.792426109
1753905358903687680.000000 -2.619709492 0.735954523 3.623685837 -0.047426369 -0.617093563 -0.010914952 0.785383523
1753905358970353920.000000 -2.641042709 0.738615990 3.632246017 -0.047345899 -0.632682383 -0.004106980 0.772951841
1753905359003686656.000000 -2.653035164 0.740035832 3.636181831 -0.048329346 -0.638276696 -0.000553756 0.768288314
1753905359070351360.000000 -2.677798986 0.745023847 3.642111063 -0.048563767 -0.647424042 0.006273731 0.760555327
1753905359137016576.000000 -2.703511953 0.752078533 3.649101019 -0.049736891 -0.656606376 0.010602199 0.752517164
1753905359203682816.000000 -2.757450819 0.742396951 3.600872755 -0.054757021 -0.660017014 0.011673510 0.749161482
1753905359270351872.000000 -2.752732277 0.760646582 3.670109034 -0.050119407 -0.683585405 0.024489572 0.727735758
1753905359303686144.000000 -2.762166262 0.762161016 3.678835630 -0.046041884 -0.692436159 0.030618073 0.719357312
1753905359370354688.000000 -2.788656712 0.762639821 3.689715862 -0.043253385 -0.709249914 0.036893044 0.702661097
1753905359437023232.000000 -2.819203377 0.761257172 3.697377205 -0.042807173 -0.726279080 0.038329598 0.684994340
1753905359503690240.000000 -2.848448515 0.763255417 3.696172476 -0.038171019 -0.745483875 0.038178131 0.664333761
1753905359570358016.000000 -2.879523516 0.765618443 3.678504705 -0.035620771 -0.764937162 0.036922675 0.642058432
1753905359603691776.000000 -2.897493362 0.760506511 3.681019783 -0.037981156 -0.774501443 0.033913411 0.630519569
1753905359670359296.000000 -2.920337915 0.761756063 3.675126076 0.039852921 0.789812267 -0.032469220 -0.611190796
1753905359737026816.000000 -2.940056562 0.760737300 3.664871216 0.040718317 0.799220324 -0.030121280 -0.598900318
1753905359770360576.000000 -2.947778225 0.761181235 3.658519506 0.039962694 0.802686393 -0.029887652 -0.594309986
1753905359837027072.000000 -2.961040258 0.760475516 3.643730164 0.038442560 0.809040844 -0.029304678 -0.585761309
1753905359903693824.000000 -2.969623327 0.757193923 3.612288475 0.038027026 0.812478125 -0.031836573 -0.580878437
1753905359970359296.000000 -2.974470377 0.758054256 3.593023539 0.037654940 0.819803476 -0.035091218 -0.570327044
1753905360037025536.000000 -2.980300665 0.752707303 3.587792873 -0.037918948 -0.831459522 0.036002688 0.553119361
1753905360070358528.000000 -2.980356455 0.754535854 3.575173378 -0.036494553 -0.837210774 0.036243927 0.544456303
1753905360137024256.000000 -2.975574017 0.753832579 3.545817137 -0.030798359 -0.850854814 0.039760552 0.522988260
1753905360170356992.000000 -2.971514702 0.754379511 3.530395269 -0.027922655 -0.858565032 0.042786889 0.510152638
1753905360237025280.000000 -2.960986137 0.750903487 3.500019550 -0.022039097 -0.874657512 0.050203182 0.481630921
1753905360303693824.000000 -2.947890282 0.732868254 3.477022409 -0.018388135 -0.889298379 0.056519434 0.453448951
1753905360370362368.000000 -2.940886497 0.726861715 3.453621626 -0.011988400 -0.901600659 0.064795382 0.427520990
1753905360403695616.000000 -2.934518337 0.725033462 3.440284729 -0.010242268 -0.906285405 0.070522279 0.416615576
1753905360470363904.000000 -2.925278187 0.724294782 3.413876295 0.009931752 0.913828194 -0.079183728 -0.398182511
1753905360537031680.000000 -2.917915821 0.725102007 3.386029720 0.009845316 0.920202613 -0.080913424 -0.382861912
1753905360603699200.000000 -2.842991352 0.712657869 3.263405800 -0.004817591 -0.918918729 0.075247303 0.387173146
1753905360637032960.000000 -2.914427757 0.712127090 3.352906227 0.010451153 0.929025590 -0.077413812 -0.361675739
1753905360703700224.000000 -2.918913364 0.710233688 3.332205296 0.011767154 0.935319901 -0.075372219 -0.345481426
1753905360737033728.000000 -2.921235561 0.709082842 3.320170879 -0.012406788 -0.938590646 0.074018911 0.336771309
1753905360803700736.000000 -2.924355507 0.705584526 3.292668343 -0.014223607 -0.944701493 0.071358964 0.319757402
1753905360870366464.000000 -2.928397179 0.702816248 3.260477543 -0.016739877 -0.951107085 0.065465592 0.301379263
1753905360903699712.000000 -2.932645321 0.702848077 3.243804455 -0.017972682 -0.954694390 0.061317034 0.290647507
1753905360970365952.000000 -2.933076859 0.702605486 3.221519470 -0.018068427 -0.962174594 0.052637909 0.266688764
1753905361037031936.000000 -2.943255424 0.708396971 3.195497990 -0.020908201 -0.968897879 0.048884187 0.241682038
1753905361070364928.000000 -2.946581841 0.708609581 3.178797722 -0.023484739 -0.971529067 0.048605029 0.230688676
1753905361137030912.000000 -2.956221581 0.705185533 3.148894787 -0.030222610 -0.976288974 0.051049422 0.208183765
1753905361203696896.000000 -2.965493202 0.700143039 3.119626522 -0.035683133 -0.980308294 0.056225400 0.185906008
1753905361270365952.000000 -2.973727226 0.692188323 3.088830709 -0.040036082 -0.983238935 0.059779681 0.167525455
1753905361337033728.000000 -2.979924202 0.679505408 3.057322502 -0.044195227 -0.985436022 0.066188022 0.150272727
1753905361370368000.000000 -2.983859539 0.674207628 3.047329426 -0.044452209 -0.986670554 0.069636106 0.140200421
1753905361437036288.000000 -2.985836506 0.668958247 3.017349243 -0.045172788 -0.988966107 0.073909640 0.120178647
1753905361503704576.000000 -2.990115881 0.665882766 2.985674381 -0.049182057 -0.991698146 0.069979236 0.096015565
1753905361570372352.000000 -2.993632317 0.656905949 2.955133677 -0.054372072 -0.993842900 0.066457421 0.070024826
1753905361603706368.000000 -2.944796801 0.638818085 2.904924870 0.053733550 0.994449198 -0.062210836 -0.065676875
1753905361670373632.000000 -2.994076014 0.660551846 2.898622990 -0.056990523 -0.996066093 0.060951222 0.029822804
1753905361737040128.000000 -2.993396997 0.655838549 2.866502762 -0.057336275 -0.996733189 0.056534041 0.006276937
1753905361770373632.000000 -2.992578983 0.654260516 2.850672722 -0.057607953 -0.996806800 0.055246644 -0.002343022
1753905361837040128.000000 -2.983930111 0.651154160 2.819292307 -0.055721954 -0.996825099 0.054871552 -0.014967205
1753905361870373632.000000 -2.978855133 0.650133312 2.804859638 -0.054432906 -0.996801019 0.054964688 -0.020092413
1753905361937040384.000000 -2.938843489 0.653972089 2.777399063 -0.049798075 -0.996885598 0.055969253 -0.024632355
1753905361970373632.000000 -2.942567348 0.654726863 2.763199568 -0.046389051 -0.996818125 0.057374328 -0.030164687
1753905362003706368.000000 -2.923528671 0.652252376 2.748840094 -0.042295981 -0.996781528 0.060149275 -0.031933714
1753905362070372608.000000 -2.886224508 0.646549404 2.724404812 -0.033041883 -0.996486366 0.069636621 -0.032771796
1753905362103705600.000000 -2.870651722 0.644121170 2.716890335 -0.028293546 -0.996194363 0.075948693 -0.032065827
1753905362170370048.000000 -2.843225241 0.636110187 2.692987442 -0.017911527 -0.995632648 0.086172372 -0.031130839
1753905362237038080.000000 -2.836025715 0.628485918 2.667822123 0.008944860 0.995281398 -0.091321841 0.031549748
1753905362303706368.000000 -2.816687107 0.620261967 2.641266584 0.002700324 0.995217085 -0.093653895 0.027651705
1753905362370374144.000000 -2.795773983 0.616589725 2.611817837 0.000697574 0.995587707 -0.091539524 0.020618303
1753905362437042176.000000 -2.780332327 0.612271905 2.580578089 -0.000972349 0.996273398 -0.085365355 0.012294635
1753905362470375936.000000 -2.775932074 0.609449029 2.565512180 -0.000039840 -0.996582210 0.082319565 -0.006884811
1753905362537043456.000000 -2.752241373 0.604937553 2.535748005 -0.001780192 -0.997219861 0.074052528 0.008107896
1753905362603710720.000000 -2.765506744 0.602638960 2.503225327 -0.008051095 -0.997815073 0.062926859 0.018455433
1753905362670376448.000000 -2.763230562 0.601088345 2.468438148 -0.013122177 -0.998088539 0.052552979 0.029754788
1753905362737043200.000000 -2.761977673 0.599746108 2.431568861 -0.016637715 -0.998325706 0.040775601 0.037503451
1753905362803709440.000000 -2.760666609 0.599460959 2.393611431 -0.020476697 -0.998463035 0.031533919 0.040716827
1753905362870375680.000000 -2.760175943 0.600813210 2.356711149 -0.024841245 -0.998595059 0.025489580 0.039257929
1753905362937041408.000000 -2.742420435 0.590941429 2.319253922 -0.030940015 -0.998583019 0.020450277 0.038164563
1753905362970374400.000000 -2.761907339 0.590684891 2.301541805 -0.035241973 -0.998649657 0.020961847 0.031897534
1753905363037039872.000000 -2.771456003 0.586875260 2.263073921 -0.043643754 -0.998610437 0.020198626 0.021551577
1753905363103704320.000000 -2.777493000 0.582453012 2.224748135 -0.049767837 -0.998587191 0.017292313 0.006914270
1753905363170369024.000000 -2.749245882 0.571283877 2.188660860 0.051522590 0.998542666 -0.015325243 0.004818989
1753905363237037056.000000 -2.752730846 0.559177518 2.153536797 -0.053438865 -0.998238564 0.013617792 -0.021879740
1753905363303705088.000000 -2.751528263 0.553586245 2.121513844 -0.052538313 -0.997800827 0.011816665 -0.038649291
1753905363370373120.000000 -2.747608185 0.548832834 2.088890791 -0.051792894 -0.997190058 0.005810282 -0.053813323
1753905363437040896.000000 -2.741934776 0.545224428 2.054950476 -0.050554629 -0.996623099 -0.003825450 -0.064591780
1753905363503707136.000000 -2.733343363 0.540887415 2.021025181 -0.047622699 -0.995845139 -0.014201405 -0.076308414
1753905363537040896.000000 -2.743725061 0.524286449 2.003085136 -0.044943381 -0.994918942 -0.023735825 -0.086908296
1753905363570374400.000000 -2.739266634 0.524309754 1.987384319 -0.043789811 -0.994280159 -0.028615054 -0.093115777
1753905363637041664.000000 -2.725020885 0.524305284 1.955692530 -0.041054152 -0.993278742 -0.037624013 -0.101470917
1753905363703708160.000000 -2.709006071 0.523476779 1.923065186 -0.037750050 -0.992718995 -0.048056513 -0.103800699
1753905363737041408.000000 -2.675877571 0.535103977 1.909719706 0.036001030 0.993346632 0.049634170 0.097483210
1753905363803707904.000000 -2.677636147 0.515322149 1.880588055 -0.027654456 -0.992551386 -0.062095013 -0.101100340
1753905363870373632.000000 -2.654306889 0.514065266 1.858670235 -0.019756593 -0.993178546 -0.061901942 -0.096820466
1753905363937039616.000000 -2.628942251 0.512957215 1.839637041 -0.012159145 -0.994311333 -0.056180362 -0.089671232
1753905363970371328.000000 -2.615969181 0.512625873 1.830844641 -0.008238363 -0.994922400 -0.051149182 -0.086286895
1753905364037036544.000000 -2.586755276 0.505494833 1.812317848 -0.000306725 -0.995836496 -0.044353064 -0.079639226
1753905364103701760.000000 -2.555955410 0.490325212 1.790657282 0.009202053 -0.996175826 -0.039035112 -0.077623382
1753905364170366720.000000 -2.530092239 0.481569707 1.771667719 0.014968965 -0.996226490 -0.032479007 -0.079081856
1753905364203699712.000000 -2.518183231 0.480037928 1.762840986 0.016186289 -0.996270418 -0.029314192 -0.079523697
1753905364270368000.000000 -2.494699240 0.477096736 1.743218660 0.017924357 -0.996253788 -0.027224148 -0.080100074
1753905364337036032.000000 -2.472170353 0.474360883 1.721219778 0.019874085 -0.996075749 -0.029972689 -0.080868654
1753905364403702784.000000 -2.431206226 0.460219741 1.703270912 -0.022727732 0.996098697 0.035051078 0.077732950
1753905364437036288.000000 -2.430927515 0.461913586 1.694736958 -0.024101017 0.995781720 0.034931049 0.081349283
1753905364503703808.000000 -2.414221287 0.458318681 1.673040867 -0.026944719 0.995050311 0.035492543 0.088821322
1753905364570370816.000000 -2.397835255 0.454676718 1.651113510 -0.030482737 0.993716538 0.035529118 0.101666681
1753905364603704576.000000 -2.387360573 0.452726334 1.640136480 0.031987451 -0.992810547 -0.036272537 -0.109491706
1753905364670370816.000000 -2.372500896 0.451910019 1.614018440 -0.036423735 0.989813030 0.039419275 0.131869867
1753905364703704064.000000 -2.363621950 0.451551199 1.600576878 -0.038023531 0.987823009 0.040608667 0.145295918
1753905364770370304.000000 -2.347222805 0.451768667 1.573506832 -0.040895320 0.982600749 0.043060854 0.175980672
1753905364803703552.000000 -2.340784550 0.451764077 1.559909821 -0.041370902 0.979389727 0.043270487 0.192903742
1753905364837035520.000000 -2.335709095 0.451771230 1.546177387 -0.040018499 0.975913048 0.041997541 0.210305795
1753905364903700992.000000 -2.319214821 0.444298685 1.526027441 0.031826980 -0.969071627 -0.037689764 -0.241799042
1753905364937033984.000000 -2.316522837 0.442057073 1.512132168 0.027527202 -0.964640081 -0.033985361 -0.259917021
1753905365003699456.000000 -2.307127953 0.434132606 1.478888750 0.019572373 -0.955326855 -0.032610331 -0.293094128
1753905365037031936.000000 -2.301716566 0.430122405 1.461169243 0.016014749 -0.950892329 -0.032911833 -0.307350397
1753905365070364416.000000 -2.295593739 0.425568134 1.443524122 0.013045522 -0.946646273 -0.033529218 -0.320260018
1753905365103697152.000000 -2.288928747 0.420289874 1.427032471 0.011034177 -0.942534626 -0.034013499 -0.332189590
1753905365170361600.000000 -2.274320602 0.411598504 1.395052195 0.008747385 -0.933763981 -0.034219515 -0.356142461
1753905365203694592.000000 -2.264871359 0.402642071 1.378856897 0.008707494 -0.929144979 -0.037092462 -0.367747247
1753905365237028096.000000 -2.255433083 0.401505142 1.364700556 0.009019659 -0.924372256 -0.040077526 -0.379273534
1753905365303694080.000000 -2.235425711 0.398044407 1.336581469 0.011015231 -0.914607465 -0.048520245 -0.401270211
1753905365337027328.000000 -2.225288630 0.395831257 1.324808836 0.012594203 -0.909805059 -0.051486243 -0.411637425
1753905365403694080.000000 -2.203259230 0.389226228 1.304690361 0.015721155 -0.900861740 -0.054922551 -0.430330753
1753905365437027328.000000 -2.193951368 0.383733451 1.291082859 -0.017444564 0.896260440 0.055689346 0.439672351
1753905365503693312.000000 -2.170936346 0.379157037 1.278338909 -0.022508468 0.888565004 0.054604251 0.454932988
1753905365537026048.000000 -2.160446882 0.377624273 1.270962238 0.024796471 -0.884780645 -0.054179985 -0.462182790
1753905365570359296.000000 -2.147342920 0.377008677 1.266072750 0.027191637 -0.881582320 -0.053760126 -0.468169868
1753905365637024768.000000 -2.120952606 0.374007076 1.259811163 0.031110508 -0.876867890 -0.050322361 -0.477077127
1753905365670357504.000000 -2.107357979 0.373114526 1.259709120 0.033777304 -0.874811888 -0.045743894 -0.481114000
1753905365737021440.000000 -2.078179598 0.371683806 1.259224415 0.040397506 -0.870443225 -0.038888771 -0.489064753
1753905365770353920.000000 -2.063322783 0.371897876 1.259381533 0.043831427 -0.868890822 -0.036980428 -0.491670609
1753905365803686400.000000 -2.045481920 0.369580120 1.258469820 -0.047271047 0.868498981 0.035963882 0.492119610
1753905365870351104.000000 -2.014566898 0.370182991 1.260207176 -0.052588601 0.870589793 0.031380147 0.488183647
1753905365903683072.000000 -1.999102592 0.370897144 1.262118340 -0.055484183 0.872479081 0.028210869 0.484671026
1753905365970347520.000000 -1.966670990 0.371288627 1.268031120 -0.060597323 0.876311004 0.021043915 0.477456003
1753905366003679488.000000 -1.949628711 0.369883746 1.271350861 -0.062671304 0.878343701 0.017696029 0.473573267
1753905366037011200.000000 -1.932304263 0.367690355 1.274782658 -0.065061375 0.880373299 0.014741519 0.469566464
1753905366070342912.000000 -1.918260098 0.364739507 1.279076576 0.066622935 -0.882344246 -0.011997251 -0.465710402
1753905366103674880.000000 -1.901688099 0.360656142 1.282029629 0.067162968 -0.885023117 -0.008729777 -0.460594296
1753905366170337280.000000 -1.869497299 0.355238765 1.287807226 0.065993987 -0.891347349 0.001139022 -0.448490262
1753905366203670016.000000 -1.853717923 0.354534060 1.291220427 0.066618629 -0.894606590 0.005586519 -0.441825509
1753905366237003776.000000 -1.837723494 0.354091734 1.293273449 0.068844832 -0.897493422 0.008733259 -0.435533941
1753905366303671808.000000 -1.805015087 0.354050517 1.295111418 0.076360703 -0.901999533 0.012894208 -0.424734920
1753905366337005824.000000 -1.786737204 0.351214409 1.297145367 -0.078566402 0.904110909 -0.014113275 0.419775754
1753905366370339584.000000 -1.775102854 0.349377424 1.294893026 -0.079358235 0.905253649 -0.015983257 0.417088419
1753905366437007104.000000 -1.749530554 0.345070541 1.289817810 -0.079093270 0.906725824 -0.018680818 0.413816065
1753905366470340608.000000 -1.738852143 0.344162673 1.287189722 0.077921867 -0.906762600 0.019805638 -0.413905323
1753905366537007872.000000 -1.714948297 0.341086715 1.277544022 0.076916210 -0.905552924 0.021455921 -0.416650325
1753905366570341376.000000 -1.701280594 0.339549363 1.271641731 0.076723009 -0.904713333 0.021063453 -0.418525726
1753905366603673600.000000 -1.687442422 0.338608712 1.264023066 0.077116914 -0.903728366 0.019422099 -0.420655251
1753905366670340096.000000 -1.659094930 0.339011490 1.245451450 0.077495627 -0.900484920 0.015230376 -0.427655727
1753905366703673344.000000 -1.644267082 0.338580489 1.237421989 -0.077247292 0.898172915 -0.012483932 0.432622790
1753905366737006336.000000 -1.630807042 0.338514239 1.225413561 -0.075717732 0.894979656 -0.009986428 0.439520806
1753905366803672320.000000 -1.605685592 0.335337102 1.198839068 -0.068057373 0.887970805 -0.006297641 0.454792678
1753905366870338304.000000 -1.579830050 0.328407228 1.173005104 -0.059241790 0.880591035 -0.003113232 0.470149130
1753905366903670784.000000 -1.565591097 0.323921531 1.160016775 -0.055857822 0.877191424 -0.000462817 0.476880550
1753905366937003264.000000 -1.553012371 0.321508169 1.153079867 0.052752696 -0.873988092 -0.000645744 -0.483075291
1753905367003668736.000000 -1.523234844 0.312062353 1.129558563 0.051097393 -0.866880000 -0.004164916 -0.495873779
1753905367037001216.000000 -1.508452773 0.307688951 1.120350361 0.051490687 -0.863563716 -0.004581234 -0.501583040
1753905367070332416.000000 -1.494336367 0.303759873 1.112395287 0.052478187 -0.859818459 -0.003008103 -0.507887065
1753905367136997120.000000 -1.467239141 0.299085945 1.096590400 0.053853996 -0.852314293 -0.002670487 -0.520243227
1753905367170329600.000000 -1.453714848 0.297091544 1.086273551 -0.054879539 0.848538280 0.004008677 0.526265204
1753905367203662592.000000 -1.440323830 0.295977473 1.078661561 -0.055870283 0.845048249 0.005855299 0.531730950
1753905367270330624.000000 -1.413017988 0.292805821 1.064733386 0.059998397 -0.838679492 -0.010647624 -0.541205823
1753905367303664384.000000 -1.399742961 0.290829003 1.058789253 0.062392645 -0.835684657 -0.012783430 -0.545504272
1753905367336998400.000000 -1.386467457 0.288550258 1.052657962 0.064406894 -0.832656920 -0.015007460 -0.549826384
1753905367370332160.000000 -1.373948336 0.286406904 1.048748612 0.065831743 -0.829732060 -0.016451679 -0.554022014
1753905367436999680.000000 -1.349378467 0.283170223 1.041393638 0.066605829 -0.824123085 -0.017046286 -0.562222660
1753905367470333440.000000 -1.336915970 0.282283276 1.039137006 -0.066969544 0.821519732 0.017811032 0.565953493
1753905367536999168.000000 -1.309426069 0.280557543 1.032275558 -0.067904860 0.817492008 0.021030895 0.571536183
1753905367570332672.000000 -1.295844197 0.281106710 1.031171322 0.068877310 -0.816549361 -0.022753464 -0.572700143
1753905367603666176.000000 -1.281884432 0.281445712 1.029757738 0.070541568 -0.816367686 -0.023941459 -0.572708070
1753905367636999680.000000 -1.267659426 0.282445401 1.028500438 0.072757691 -0.817039490 -0.024607763 -0.571443141
1753905367703665664.000000 -1.239683390 0.285187572 1.030637503 0.077086605 -0.819303155 -0.022157777 -0.567722678
1753905367736998912.000000 -1.226829052 0.286647081 1.033419013 0.078240983 -0.820500255 -0.018006362 -0.565980017
1753905367770331904.000000 -1.213407278 0.287300527 1.038512349 0.078775115 -0.821951389 -0.012139194 -0.563953042
1753905367803664640.000000 -1.197433949 0.284988582 1.044428706 -0.078876778 0.823836684 0.004850409 0.561291516
1753905367870330624.000000 -1.168550611 0.281489283 1.055171132 -0.079861067 0.829637408 -0.007885600 0.552505076
1753905367903663360.000000 -1.153517604 0.279344440 1.059235811 0.080869354 -0.833230019 0.014665586 -0.546784043
1753905367936996096.000000 -1.137384653 0.277488112 1.064122558 0.082161322 -0.837566793 0.019470356 -0.539770663
1753905368003660288.000000 -1.103991508 0.273165822 1.072778702 0.085524991 -0.847098470 0.025217481 -0.523902416
1753905368036992768.000000 -1.087723970 0.270900130 1.075930238 0.085487545 -0.852470279 0.027312597 -0.515015006
1753905368103657472.000000 -1.056050539 0.268714190 1.079213738 0.084637366 -0.864181578 0.028887201 -0.495169014
1753905368170321920.000000 -1.024479151 0.267278194 1.079429626 0.085743427 -0.874720931 0.028479170 -0.476130694
1753905368203655424.000000 -1.009651899 0.266343892 1.080467582 0.086737193 -0.879795790 0.027071463 -0.466586798
1753905368236989952.000000 -0.994421840 0.266338468 1.078292847 0.087549448 -0.884411335 0.025900280 -0.457690984
1753905368303658752.000000 -0.964850426 0.264502108 1.071516275 0.088296026 -0.893095791 0.020633470 -0.440633684
1753905368336993024.000000 -0.950782418 0.263416499 1.065716028 0.088663705 -0.897408426 0.015898071 -0.431907505
1753905368370327296.000000 -0.935942411 0.261881500 1.057456970 -0.088303477 0.902098060 -0.010178584 0.422277361
1753905368436994304.000000 -0.910055459 0.261534989 1.042317867 0.087159604 -0.911070824 -0.003514057 -0.402915478
1753905368470328320.000000 -0.896342397 0.262035280 1.032349348 0.086514756 -0.914979339 -0.011130170 -0.393959731
1753905368503662336.000000 -0.882887900 0.262368649 1.021650434 0.085508250 -0.918424487 -0.018914387 -0.385781109
1753905368570330112.000000 -0.857385814 0.263147593 0.999424219 0.080546685 -0.924949110 -0.030404476 -0.370212197
1753905368603663872.000000 -0.846791625 0.263584971 0.987724662 0.077279463 -0.927832723 -0.034390781 -0.363279015
1753905368636997376.000000 -0.834885359 0.263301075 0.974207520 -0.072839417 0.930506766 0.037920792 0.356950462
1753905368703664640.000000 -0.816177487 0.261961132 0.952169299 0.060685318 -0.935130060 -0.041007288 -0.346651942
1753905368736998144.000000 -0.807817101 0.260048002 0.940036058 0.052773051 -0.937003076 -0.041569505 -0.342800677
1753905368803664896.000000 -0.790774226 0.254238039 0.915920138 0.034303918 -0.941056013 -0.041338380 -0.333958179
1753905368836997376.000000 -0.781263769 0.249828696 0.903054595 0.026467228 -0.942971170 -0.043025829 -0.329019338
1753905368903663616.000000 -0.762395382 0.239350766 0.879637361 -0.011332314 0.947017074 0.043512497 0.318020403
1753905368936996864.000000 -0.751864851 0.232907265 0.868197441 0.005135130 -0.949018419 -0.044223115 -0.312061012
1753905368970329856.000000 -0.742335916 0.228724450 0.859329462 -0.000244173 -0.950820267 -0.042669196 -0.306790113
1753905369036995584.000000 -0.720154881 0.223730698 0.844776750 -0.004910016 -0.953799248 -0.039844900 -0.297750413
1753905369070328832.000000 -0.708362341 0.222182393 0.837694645 -0.004587217 -0.954934359 -0.040073946 -0.294063956
1753905369136994048.000000 -0.684158623 0.217970133 0.823888779 -0.002558855 -0.957042575 -0.041814454 -0.286905110
1753905369170326784.000000 -0.673783898 0.213650599 0.818194151 0.002089846 0.958296418 0.041829750 0.282690555
1753905369203660288.000000 -0.662636578 0.210243374 0.813996553 0.001530693 0.959911823 0.040032975 0.277424663
1753905369270328832.000000 -0.640655041 0.203188822 0.807875276 0.001000747 0.963856995 0.032991059 0.264367968
1753905369303662080.000000 -0.626561284 0.198781103 0.803248048 -0.001974824 -0.965992510 -0.028801637 -0.256953448
1753905369336996352.000000 -0.615404129 0.196808577 0.800616145 -0.001556077 -0.968013704 -0.025002949 -0.249643967
1753905369403664640.000000 -0.592119455 0.194618344 0.795577765 -0.000918562 -0.972080052 -0.020040914 -0.233790413
1753905369436998656.000000 -0.579578817 0.194187462 0.791625857 -0.000509799 -0.974064231 -0.020493839 -0.225341111
1753905369470332416.000000 -0.566728175 0.194095567 0.788293481 -0.000242325 -0.975935996 -0.021917360 -0.216952994
1753905369536999936.000000 -0.538524747 0.194039717 0.788373828 -0.004961574 0.979301035 0.024246331 0.200890809
1753905369570333696.000000 -0.522874117 0.194452196 0.785526633 0.007862600 -0.980919421 -0.025971327 -0.192511871
1753905369637000960.000000 -0.494668603 0.195247218 0.786654830 0.012155345 -0.983367920 -0.023795947 -0.179648429
1753905369670334720.000000 -0.480641425 0.194502652 0.789180994 0.012274923 -0.984536409 -0.020358494 -0.173560023
1753905369703668224.000000 -0.467190623 0.193326354 0.791926861 0.011410760 -0.985907078 -0.016565518 -0.166080579
1753905369770333952.000000 -0.438126415 0.189142361 0.793511391 0.011498583 -0.988664985 -0.015551015 -0.148887426
1753905369803667200.000000 -0.422494650 0.187893480 0.792793393 -0.012621764 0.989783168 0.017811406 0.140900180
1753905369870333440.000000 -0.390061140 0.186605737 0.787487090 -0.016924435 0.990965903 0.026818145 0.130311698
1753905369903666688.000000 -0.370506555 0.186054066 0.786578178 0.019355716 -0.991505742 -0.031954493 -0.124581784
1753905369936999680.000000 -0.354922742 0.185823917 0.782885611 0.019938042 -0.992063224 -0.037531897 -0.118340708
1753905370003665408.000000 -0.325153291 0.185891733 0.775822103 0.020933356 -0.993085325 -0.047420532 -0.105331361
1753905370036998144.000000 -0.311576873 0.186832190 0.771935880 0.021177331 -0.993586600 -0.052047193 -0.098124176
1753905370070331136.000000 -0.298991531 0.187538534 0.767408848 -0.020877291 0.994109571 0.057016663 0.089773953
1753905370136996608.000000 -0.276135415 0.189709336 0.759755552 0.019229764 -0.995096862 -0.065918922 -0.071184322
1753905370170328064.000000 -0.268269002 0.189752042 0.756327510 0.018044692 -0.995530903 -0.069586977 -0.061240055
1753905370236995584.000000 -0.256162345 0.189106807 0.749452710 0.014998323 -0.996268809 -0.075007059 -0.039970029
1753905370270329344.000000 -0.250740647 0.188383520 0.747118413 0.013544955 -0.996509731 -0.076709054 -0.030012170
1753905370336997376.000000 -0.244150281 0.186041564 0.740960360 -0.009978494 0.996821642 0.077754572 0.014190933
1753905370403665152.000000 -0.241216764 0.184516370 0.738125622 -0.003635508 0.997138560 0.075502448 0.000963974
1753905370436998912.000000 -0.240072727 0.183725864 0.738008976 0.000447006 -0.997247219 -0.073995836 0.004741614
1753905370470332416.000000 -0.239909172 0.183002740 0.736410558 -0.002592535 -0.997263253 -0.073382877 0.008625377
1753905370536999424.000000 -0.240397274 0.180889532 0.733368099 -0.006892879 -0.997307539 -0.071785696 0.013303763
1753905370603666432.000000 -0.241564900 0.179110140 0.730221152 -0.010909348 -0.997194171 -0.072339304 0.015871875
1753905370636998656.000000 -0.241825879 0.177745402 0.729690552 0.013311930 0.997193754 0.071847878 -0.016290773
1753905370703664896.000000 -0.242231280 0.176753074 0.727848053 0.017719572 0.997174382 0.071354143 -0.015427077
1753905370736998144.000000 -0.241072983 0.176484615 0.726244271 0.019046018 0.997136474 0.071906269 -0.013622640
1753905370803664128.000000 -0.239545017 0.177361384 0.721253932 0.019648280 0.996932805 0.074859351 -0.011622055
1753905370870330112.000000 -0.235314041 0.178810418 0.715110958 0.017001646 0.996570051 0.080397815 -0.009762062
1753905370936995328.000000 -0.229715496 0.179616153 0.709016919 0.013331870 0.996236145 0.085289016 -0.007854309
1753905370970328064.000000 -0.227024823 0.180324644 0.705388963 -0.011539252 -0.996126890 -0.086906277 0.006738213
1753905371036993280.000000 -0.223723993 0.180713177 0.697535515 -0.010340625 -0.995733440 -0.091558591 0.005002714
1753905371103656960.000000 -0.223835751 0.181490213 0.687939584 -0.013224297 -0.995423734 -0.094531685 0.004528228
1753905371136989440.000000 -0.224623129 0.181693971 0.683203518 -0.015305423 -0.995324910 -0.095233008 0.004985142
1753905371203654400.000000 -0.228651494 0.179647177 0.671817005 0.019399982 0.995095253 0.096797891 -0.006264581
1753905371270322688.000000 -0.235533595 0.177176893 0.659410655 0.024351843 0.995163500 0.094944105 -0.006501771
1753905371336990208.000000 -0.244907290 0.175197780 0.643658042 0.029796354 0.995126307 0.093806364 -0.006012943
1753905371370323968.000000 -0.250362098 0.174328595 0.634418011 0.032204036 0.995082974 0.093529530 -0.005002870
1753905371436991488.000000 -0.261531174 0.173439115 0.615241647 0.035687283 0.995020270 0.093013279 -0.003126873
1753905371503657472.000000 -0.272070587 0.171973288 0.592756093 -0.034814429 -0.994831979 -0.095367320 -0.001554078
1753905371536990720.000000 -0.276857734 0.170353249 0.581602275 -0.034187794 -0.994833052 -0.095424585 -0.005702284
1753905371603657472.000000 -0.285379857 0.166425556 0.559635997 -0.033931248 -0.994743645 -0.095098399 -0.017030077
1753905371636990720.000000 -0.289086729 0.164713785 0.548372507 -0.033309221 -0.994646251 -0.094922155 -0.023644604
1753905371703656960.000000 -0.295463651 0.160499588 0.525648654 0.030820467 0.994309843 0.095709659 0.035181303
1753905371770322688.000000 -0.299733698 0.158031970 0.503829896 0.026272718 0.993877351 0.097623281 0.044580545
1753905371836988416.000000 -0.302675784 0.156686902 0.483338058 -0.021837708 -0.993320465 -0.099592984 -0.054026194
1753905371903654144.000000 -0.303908110 0.155248240 0.464256018 -0.019084776 -0.992503524 -0.103329942 -0.062413953
1753905371936986624.000000 -0.303889930 0.153562039 0.455893219 -0.018156923 -0.992175460 -0.104992203 -0.065076657
1753905372003650560.000000 -0.302890122 0.149885416 0.440480769 -0.017511703 -0.991756558 -0.107144110 -0.068063319
1753905372070315264.000000 -0.300092012 0.146272182 0.427616209 -0.018045848 -0.991618276 -0.107883550 -0.068766437
1753905372103647744.000000 -0.297572196 0.145020217 0.421178132 0.018753668 0.991630256 0.108181074 0.067931056
1753905372136979712.000000 -0.295030534 0.143921763 0.415545106 0.019147232 0.991633236 0.108908847 0.066602401
1753905372203644416.000000 -0.287877500 0.143498778 0.405597895 0.020494813 0.991608858 0.111611873 0.061925706
1753905372270310912.000000 -0.278786063 0.143569976 0.398368150 0.022493662 0.991599023 0.115200959 0.054352242
1753905372303643648.000000 -0.273298234 0.142522335 0.396533161 0.023925656 0.991804719 0.115223475 0.049745496
1753905372336976640.000000 -0.266764969 0.141038314 0.396557689 0.025396664 0.992224753 0.113483779 0.044345044
1753905372403641600.000000 -0.251302421 0.136069834 0.398174018 -0.027696859 -0.993195534 -0.108736336 -0.031176990
1753905372470306816.000000 -0.233365044 0.131257653 0.400672406 -0.028153952 -0.993974745 -0.104561135 -0.016988445
1753905372536971776.000000 -0.214408413 0.127771467 0.402023226 -0.029688209 -0.994501352 -0.100427397 -0.000453659
1753905372603636992.000000 -0.196120784 0.127044663 0.400901079 -0.033076510 -0.994213164 -0.100136615 0.020467680
1753905372636969216.000000 -0.187346950 0.128136203 0.399075091 0.034950268 0.993632734 0.102240264 -0.031930294
1753905372703633664.000000 -0.170444101 0.130913496 0.394609571 0.037502427 0.991773367 0.109456487 -0.054759465
1753905372770297600.000000 -0.153885990 0.131171077 0.392643124 -0.036818348 -0.989707291 -0.115685187 0.075769067
1753905372803629568.000000 -0.145177484 0.131112128 0.394172221 -0.034112770 -0.988950193 -0.117255256 0.084055007
1753905372870292224.000000 -0.128000975 0.129682586 0.401128858 -0.026136551 -0.988155365 -0.117417388 0.095284753
1753905372936955392.000000 -0.112319201 0.128524035 0.414283216 -0.019000543 -0.988249540 -0.112578467 0.101627015
1753905372970287104.000000 -0.105663508 0.128520697 0.421342641 0.015557061 0.988448381 0.110232256 -0.102842979
1753905373036950016.000000 -0.093587637 0.130554944 0.438107431 0.008390076 0.988824189 0.106375687 -0.104118057
1753905373103612928.000000 -0.085376054 0.133672342 0.456984282 0.002245816 0.989391029 0.102125853 -0.103299007
1753905373136943872.000000 -0.082335174 0.135030925 0.467717022 0.000208978 0.989752233 0.099496841 -0.102425680
1753905373203623936.000000 -0.080918700 0.138351411 0.490714043 0.000611634 0.990505159 0.094564579 -0.099784233
1753905373270377472.000000 -0.084102035 0.140960306 0.515061319 -0.006278745 -0.991093755 -0.089354254 0.098537266
1753905373303753728.000000 -0.087323397 0.141917303 0.527278483 -0.010240445 -0.991315544 -0.087645262 0.097504281
1753905373370510336.000000 -0.093972355 0.145028472 0.551485658 -0.018531598 -0.991867840 -0.084409751 0.093433663
1753905373437268480.000000 -0.099176824 0.151349574 0.573266625 -0.024510173 -0.992180526 -0.086171702 0.086899705
1753905373470648832.000000 -0.101704985 0.155002505 0.583400071 0.026926067 0.992112219 0.089801893 -0.083210751
1753905373537410048.000000 -0.104841709 0.161007583 0.601968169 0.031044679 0.991896510 0.096238665 -0.076913990
1753905373604173312.000000 -0.107319713 0.163260639 0.622166634 0.036647890 0.991574049 0.100590110 -0.072934695
1753905373670938624.000000 -0.107184619 0.163625509 0.644094706 0.040805999 0.991729438 0.099537805 -0.069999255
1753905373737704704.000000 -0.105650872 0.163636327 0.666821599 0.045605183 0.991918981 0.097156443 -0.067658223
1753905373804474112.000000 -0.101994127 0.163639575 0.688023210 -0.051464852 -0.991918027 -0.092895202 0.069429994
1753905373837859584.000000 -0.100823730 0.163567036 0.698424518 -0.054502342 -0.991782308 -0.090875581 0.071686737
1753905373904631808.000000 -0.095957935 0.164172173 0.718764663 -0.060456790 -0.991307616 -0.085635290 0.079503275
1753905373971406080.000000 -0.088214338 0.165749922 0.738526106 -0.064668238 -0.990617216 -0.079933822 0.090033881
1753905374004793600.000000 -0.083036005 0.166003317 0.748296320 -0.066573806 -0.990200162 -0.077108234 0.095529631
1753905374071571200.000000 -0.070278853 0.167927474 0.764812768 -0.070467696 -0.988846481 -0.075596519 0.107248299
1753905374138350080.000000 -0.053338945 0.170277700 0.779846311 -0.071926251 -0.987387657 -0.075347580 0.119226687
1753905374205110272.000000 -0.031755656 0.171692654 0.794190824 -0.072216757 -0.985506892 -0.076268122 0.133207485
1753905374271793920.000000 -0.005669564 0.172956616 0.807814896 -0.067660041 -0.983781099 -0.077511407 0.146931395
1753905374338477824.000000 0.021843821 0.174016297 0.819592774 0.060574457 0.982154369 0.080776848 -0.158677906
1753905374405161472.000000 0.049711853 0.174463004 0.826403022 -0.054028183 -0.980707884 -0.084350824 0.167863131
1753905374438503168.000000 0.061918050 0.174534678 0.830844462 -0.050483253 -0.980225921 -0.085942537 0.170946136
1753905374505186816.000000 0.083545744 0.174145237 0.839198291 -0.043940771 -0.979642928 -0.088750191 0.174620807
1753905374571870464.000000 0.100709736 0.174825028 0.847481847 -0.039854076 -0.979013801 -0.092182517 0.177330524
1753905374638553088.000000 0.114285231 0.175932258 0.856496811 0.037042554 0.978620231 0.096311048 -0.177917406
1753905374705236992.000000 0.125077158 0.177650586 0.866004050 0.033025309 0.979279757 0.097808681 -0.174223930
1753905374771920640.000000 0.132597208 0.179590985 0.877128005 0.030821728 0.980632961 0.097470902 -0.167058513
1753905374805262592.000000 0.134773374 0.180712804 0.882607996 0.030045962 0.981400073 0.097119980 -0.162846103
1753905374871945984.000000 0.137069762 0.182062551 0.894474566 0.029951790 0.982830822 0.096156508 -0.154597804
1753905374938629888.000000 0.135315388 0.181440860 0.906763375 -0.031641047 -0.984291017 -0.095039837 0.145387411
1753905375005313536.000000 0.130811289 0.183216885 0.920781612 -0.032532472 -0.986096084 -0.091275722 0.134999871
1753905375071996416.000000 0.122153997 0.184871629 0.935800433 -0.033874832 -0.987790585 -0.086973585 0.124731675
1753905375138680320.000000 0.109429613 0.187315539 0.950712800 -0.037625443 -0.988652885 -0.084705494 0.118215263
1753905375205363712.000000 0.091535181 0.187996194 0.967034876 0.044958435 0.988678098 0.081943087 -0.117387168
1753905375272047360.000000 0.070788532 0.189745650 0.983861387 0.055993266 0.987830341 0.078450583 -0.122072130
1753905375338730752.000000 0.050093859 0.192008436 0.999032199 0.065527923 0.986465573 0.075172633 -0.130157337
1753905375405414400.000000 0.037539780 0.196175992 1.019775391 -0.070441991 -0.984858513 -0.071345754 0.141426697
1753905375472097792.000000 0.023620665 0.198943973 1.032529593 -0.073252186 -0.983596504 -0.067101628 0.150564030
1753905375505438720.000000 0.017116189 0.200278908 1.037389994 -0.075229622 -0.982763112 -0.065859132 0.155498549
1753905375605464064.000000 -0.002381206 0.200202227 1.049891710 -0.078403488 -0.979806662 -0.059442315 0.174064949
1753905375672147456.000000 -0.015456200 0.198602647 1.056778193 0.080045708 0.977198958 0.052515358 -0.189517945
1753905375738831104.000000 -0.029414535 0.196765453 1.059445858 0.082243957 0.974174440 0.047664195 -0.204812616
1753905375772172800.000000 -0.036498547 0.198008940 1.062010288 -0.083771564 -0.972502112 -0.045369364 0.212517217
1753905375838856448.000000 -0.053793609 0.197974280 1.057782650 -0.088130839 -0.968624830 -0.044156119 0.228142813
1753905375905540096.000000 -0.071933270 0.198806822 1.049346685 -0.094066858 -0.963578105 -0.046923377 0.245900080
1753905375972222208.000000 -0.088868856 0.200485289 1.038180828 -0.097889453 -0.957224309 -0.049416672 0.267763495
1753905376038906112.000000 -0.102740645 0.203549847 1.027560949 0.100657016 0.948733032 0.049175706 -0.295559883
1753905376105589504.000000 -0.115804672 0.201786518 1.016985059 -0.098857559 -0.938414991 -0.041384649 0.328469008
1753905376172273152.000000 -0.128196359 0.194931313 1.001340151 -0.093780667 -0.925912619 -0.038371786 0.363893837
1753905376238956800.000000 -0.142831922 0.188278556 0.981236398 -0.085630789 -0.913149774 -0.040784173 0.396436155
1753905376305640448.000000 -0.160879135 0.184691668 0.958013833 -0.082652465 -0.899281085 -0.046404105 0.426976472
1753905376372323840.000000 -0.182327747 0.185064018 0.937974930 0.085369729 0.883695781 0.051089272 -0.457366079
1753905376439006208.000000 -0.208957672 0.185456797 0.922455072 -0.088141263 -0.867270708 -0.053012665 0.487095892
1753905376505689600.000000 -0.234599590 0.185877636 0.909867346 -0.093659215 -0.848913908 -0.056093108 0.517133117
1753905376572373504.000000 -0.261894345 0.186644375 0.904430389 -0.101401620 -0.828674853 -0.058754537 0.547324121
1753905376639056896.000000 -0.289359450 0.187251478 0.905167341 -0.109284118 -0.806729674 -0.057395730 0.577884138
1753905376672398592.000000 -0.302552164 0.187116161 0.907408416 -0.112448417 -0.795555592 -0.054324467 0.592870593
1753905376739081984.000000 -0.328156829 0.189710453 0.914540648 -0.117350578 -0.772577226 -0.044588245 0.622386813
1753905376805765632.000000 -0.353177726 0.191071317 0.923953056 -0.120678052 -0.749659359 -0.032427508 0.649920225
1753905376872448256.000000 -0.378133237 0.194596678 0.937752783 -0.123488136 -0.728062451 -0.018545222 0.674041450
1753905376905789952.000000 -0.390898347 0.197404683 0.945877314 -0.124253459 -0.718217552 -0.011465425 0.684538662
1753905376972473344.000000 -0.415873766 0.203950390 0.972154856 0.126021311 0.702737868 -0.000964431 -0.700197995
1753905377039156992.000000 -0.447895288 0.209857434 0.988131762 -0.128801048 -0.690702975 0.014576014 0.711426139
1753905377105840640.000000 -0.480299443 0.210000739 1.005707026 -0.130746707 -0.684351504 0.026627846 0.716839850
1753905377172524288.000000 -0.515918970 0.207727313 1.023787022 -0.135677889 -0.680509090 0.035966061 0.719169974
1753905377239206656.000000 -0.549413919 0.206432596 1.038122416 -0.136120349 -0.678485274 0.042940054 0.720614493
1753905377305887488.000000 -0.580765128 0.208669260 1.049699783 -0.135746151 -0.675948739 0.046605058 0.722837627
1753905377372569600.000000 -0.608191609 0.214711338 1.070641279 -0.135888159 -0.672934651 0.050230674 0.725375950
1753905377439251456.000000 -0.636841416 0.214963108 1.072584867 0.133672953 0.670000911 -0.049773499 -0.728528023
1753905377505933312.000000 -0.663038015 0.214054972 1.071681738 0.126722291 0.669702530 -0.050729293 -0.729977071
1753905377572615168.000000 -0.689702034 0.212965652 1.068345070 0.117836118 0.670722723 -0.051299766 -0.730488896
1753905377605956352.000000 -0.703228295 0.214993626 1.065849781 0.113974422 0.671377122 -0.051001687 -0.730521381
1753905377705979392.000000 -0.749728799 0.219537675 1.065532207 -0.110313863 -0.670701921 0.045799408 0.732046604
1753905377739319040.000000 -0.768511891 0.223124802 1.059361219 -0.111977734 -0.667325854 0.042116165 0.735094249
1753905377806000896.000000 -0.802914798 0.229293153 1.052499533 -0.115401760 -0.657282472 0.033250012 0.744013906
1753905377906023680.000000 -0.850458562 0.233617365 1.039855957 -0.108544290 -0.633254945 0.028642328 0.765758514
1753905377939364608.000000 -0.865151107 0.233418956 1.036952734 -0.106194593 -0.622500300 0.026965812 0.774912298
1753905378006046464.000000 -0.897101283 0.236094102 1.036996603 -0.103078142 -0.597997248 0.023729334 0.794488072
1753905378072728064.000000 -0.930374146 0.233567283 1.037167311 -0.099882908 -0.571454287 0.019032769 0.814310312
1753905378139410176.000000 -0.958803117 0.239205107 1.047484994 -0.097570352 -0.542140901 0.016164482 0.834447145
1753905378206091520.000000 -0.981832743 0.258330613 1.087305307 -0.099224865 -0.510811388 0.011852112 0.853865206
1753905378272774912.000000 -1.012218595 0.274141997 1.108620167 -0.102905512 -0.468474656 0.005457537 0.877446413
1753905378339458304.000000 -1.072239757 0.247409344 1.045369148 -0.108264275 -0.410400450 -0.006949703 0.905429244
1753905378406141696.000000 -1.093064666 0.269219279 1.069606423 -0.108358197 -0.366072506 -0.014917479 0.924135804
1753905378472825600.000000 -1.114311695 0.284702659 1.092026114 -0.105604894 -0.323581249 -0.016129987 0.940150321
1753905378539508736.000000 -1.131791711 0.297519535 1.115063310 -0.099445485 -0.284310251 -0.012615110 0.953477383
1753905378606192384.000000 -1.147768497 0.310183495 1.137859821 -0.094199963 -0.249029726 -0.008386076 0.963867307
1753905378672875008.000000 -1.162822366 0.272426575 1.134880781 -0.094235778 -0.218405709 -0.006161273 0.971277833
1753905378739558656.000000 -1.168975353 0.285606712 1.162551522 -0.087326042 -0.194077611 0.005828761 0.977074265
1753905378806242304.000000 -1.174360991 0.292716444 1.191511631 -0.076458253 -0.173373461 0.020334305 0.981673241
1753905378872925440.000000 -1.199495912 0.291575909 1.236602306 -0.070389397 -0.158126071 0.030897209 0.984422088
1753905378939609088.000000 -1.210203528 0.294239283 1.271727085 -0.072472140 -0.148911819 0.036921654 0.985499859
1753905379006292736.000000 -1.222294211 0.299614817 1.307220101 -0.077229992 -0.146312281 0.040947460 0.985368788
1753905379072975360.000000 -1.237640381 0.306913435 1.342271924 -0.087120377 -0.147389635 0.039677970 0.984434903
1753905379139659008.000000 -1.257839680 0.312556863 1.375453949 -0.098254234 -0.146515176 0.034012407 0.983728945
1753905379206342400.000000 -1.280129075 0.315915942 1.404797196 -0.104138628 -0.145838425 0.027102871 0.983438790
1753905379273025280.000000 -1.305189848 0.320375919 1.432060242 -0.111157559 -0.146445528 0.018883040 0.982772171
1753905379339708672.000000 -1.324955463 0.338595152 1.463866353 -0.123849615 -0.146299139 0.009846007 0.981407583
1753905379406391296.000000 -1.357131839 0.351491749 1.503859401 -0.148004875 -0.142252833 -0.002652284 0.978699028
1753905379473074432.000000 -1.387448311 0.369445324 1.539779663 -0.175301075 -0.136060476 -0.016055498 0.974935591
1753905379539756288.000000 -1.418894649 0.385839283 1.571439743 -0.191882357 -0.129554838 -0.030910395 0.972338080
1753905379606439424.000000 -1.449559569 0.398283124 1.599363327 -0.195315272 -0.119417012 -0.040884566 0.972584248
1753905379673122304.000000 -1.477141023 0.404745996 1.626496792 -0.189722657 -0.102052808 -0.044356398 0.975511670
1753905379739805440.000000 -1.503021598 0.406006187 1.655585766 -0.185365900 -0.076744512 -0.046700649 0.978554487
1753905379806488320.000000 -1.534744143 0.408898830 1.689732790 -0.180860490 -0.048750062 -0.050229337 0.981014788
1753905379839830016.000000 -1.545092106 0.408580631 1.703540206 -0.178038627 -0.035055537 -0.050475325 0.982102692
1753905379906512640.000000 -1.563275814 0.409406096 1.730124474 -0.173440367 -0.008961475 -0.049832948 0.983542025
1753905379973194752.000000 -1.578345418 0.413396955 1.758268237 -0.174253047 0.012597112 -0.049666885 0.983366907
1753905380039877632.000000 -1.587471247 0.417970300 1.787865520 -0.176606357 0.032322396 -0.047049802 0.982624948
1753905380106560768.000000 -1.594228625 0.423317939 1.818142056 -0.178939492 0.048791494 -0.043510187 0.981685758
1753905380139902464.000000 -1.596576929 0.425464004 1.832970500 -0.180117875 0.055067163 -0.040918209 0.981249690
1753905380206585088.000000 -1.600435257 0.429740727 1.865533590 -0.180848762 0.065175131 -0.033868250 0.980764508
1753905380273268480.000000 -1.603675485 0.437255025 1.897717476 -0.182159245 0.071727619 -0.028698450 0.980229378
1753905380339951872.000000 -1.607966900 0.451141238 1.938256025 -0.183047667 0.074643865 -0.025391888 0.979937315
1753905380406634240.000000 -1.609003305 0.463701308 1.975152016 -0.186294571 0.069788739 -0.022706205 0.979749143
1753905380439975680.000000 -1.609408617 0.469807595 1.993886113 -0.186305150 0.064909495 -0.020431330 0.980132520
1753905380506659328.000000 -1.610721827 0.478156060 2.033725739 -0.184393987 0.052305408 -0.015684934 0.981334329
1753905380540000768.000000 -1.611438632 0.480289131 2.053981304 -0.182724044 0.044932801 -0.013153208 0.982048869
1753905380606683904.000000 -1.614389658 0.482911557 2.097060204 -0.180328667 0.027706170 -0.009649000 0.983168781
1753905380673367552.000000 -1.617233157 0.484421521 2.138591051 -0.178665593 0.008667572 -0.008933809 0.983831167
1753905380706709248.000000 -1.613164067 0.484006286 2.151709557 -0.177320838 -0.001011329 -0.008569558 0.984115362
1753905380773392640.000000 -1.618388057 0.489893615 2.190622807 -0.180001423 -0.017630402 -0.008648003 0.983470380
1753905380840074752.000000 -1.627246499 0.499406695 2.236022472 -0.184937477 -0.028259141 -0.009058741 0.982302189
1753905380906758144.000000 -1.634380341 0.504013479 2.274124146 -0.191509232 -0.035028208 -0.011293706 0.980800569
1753905380940099840.000000 -1.639224529 0.505617678 2.292071104 -0.194835305 -0.038282860 -0.012644466 0.980007052
1753905381006783232.000000 -1.650205731 0.511652231 2.327666283 -0.201663613 -0.045575097 -0.014808297 0.978281915
1753905381073466624.000000 -1.663184404 0.519746423 2.361793756 -0.207685128 -0.053426325 -0.016771063 0.976591706
1753905381173491456.000000 -1.684745193 0.536177337 2.411581993 -0.217193425 -0.056030449 -0.018243534 0.974348426
1753905381206833152.000000 -1.690499187 0.544401169 2.429789305 -0.219132826 -0.053747762 -0.018138399 0.974044681
1753905381273515776.000000 -1.711350203 0.552066505 2.456978321 -0.220530018 -0.047868073 -0.021818124 0.973960578
1753905381340197376.000000 -1.733035445 0.559080839 2.484184980 -0.216450587 -0.041796837 -0.026551379 0.975037038
1753905381406880000.000000 -1.756240964 0.564023554 2.510687351 -0.208107531 -0.032610171 -0.030104280 0.977098644
1753905381473562368.000000 -1.777765989 0.566475451 2.540759563 -0.203280658 -0.017044861 -0.031338472 0.978470445
1753905381540244992.000000 -1.799237132 0.567881823 2.571973324 -0.198805943 0.001422839 -0.033390220 0.979468882
1753905381606927616.000000 -1.816663504 0.568718731 2.600527763 -0.192619741 0.020286947 -0.032169215 0.980536222
1753905381640268800.000000 -1.824352860 0.570213914 2.614406586 -0.190914825 0.029186167 -0.031006668 0.980682611
1753905381706951424.000000 -1.838340998 0.579898834 2.651103258 -0.192205161 0.045853417 -0.030477693 0.979809046
1753905381773633024.000000 -1.849568367 0.584466338 2.680634499 -0.195340082 0.062892392 -0.030305862 0.978247643
1753905381806974464.000000 -1.854467273 0.587294579 2.694569826 -0.196628675 0.069980778 -0.030906312 0.977488995
1753905381873656832.000000 -1.864648461 0.592282534 2.722725630 -0.197647154 0.080074005 -0.031863645 0.976477563
1753905381940339200.000000 -1.874020696 0.597355306 2.751713276 -0.198258817 0.084369346 -0.031602576 0.976000369
1753905382007021568.000000 -1.882970572 0.603746891 2.781419754 -0.199436218 0.083940208 -0.030309720 0.975838423
1753905382073703936.000000 -1.887572646 0.610540688 2.812678337 -0.201209530 0.081871115 -0.026093472 0.975772023
1753905382140386816.000000 -1.891332865 0.620355487 2.845256329 -0.202828154 0.079575762 -0.022426754 0.975717962
1753905382207068160.000000 -1.898684502 0.630694568 2.879806519 -0.202845961 0.078201592 -0.017407553 0.975927830
1753905382273751040.000000 -1.897806525 0.637467921 2.912128448 -0.198231414 0.079450652 -0.009852434 0.976880133
1753905382340433664.000000 -1.895012379 0.642392635 2.946552753 -0.193519577 0.085691489 -0.001090921 0.977346361
1753905382373775104.000000 -1.895117760 0.644052446 2.965391397 -0.193483263 0.090220354 0.002588550 0.976943135
1753905382440457728.000000 -1.895339370 0.647074580 3.004277945 -0.195704132 0.095996819 0.005294933 0.975938737
1753905382473798912.000000 -1.897334695 0.649009168 3.021533012 -0.196509585 0.096566223 0.004882033 0.975722909
1753905382540481792.000000 -1.904376268 0.653717220 3.054772615 -0.195864290 0.096558727 0.002565810 0.975862265
1753905382607163392.000000 -1.911485434 0.659911931 3.087312222 -0.198300302 0.098513953 -0.000144811 0.975177944
1753905382673846272.000000 -1.919908285 0.662891150 3.116608620 -0.200949103 0.105930828 -0.002952086 0.973852873
1753905382740528896.000000 -1.933880091 0.664115608 3.145935297 -0.202208713 0.118471727 -0.007805854 0.972118974
1753905382773870336.000000 -1.940215945 0.665877640 3.159234524 -0.202815413 0.125097975 -0.010798534 0.971133292
1753905382840552704.000000 -1.952331066 0.670736194 3.184668064 -0.204656705 0.140081599 -0.016615130 0.968615949
1753905382873893888.000000 -1.959073782 0.673424840 3.196715593 -0.205730990 0.148181498 -0.019185456 0.967134416
1753905382940576768.000000 -1.973059177 0.678663731 3.220158100 -0.206217542 0.166582018 -0.023846835 0.963927448
1753905383007259648.000000 -1.988821268 0.684017241 3.243031979 -0.205700949 0.186673701 -0.029684208 0.960186958
1753905383040600832.000000 -1.998918176 0.686463892 3.253607035 -0.204786032 0.196422651 -0.034024101 0.958291888
1753905383107282432.000000 -2.017911911 0.692242086 3.274401903 -0.200481370 0.213956848 -0.042094361 0.955121875
1753905383173965056.000000 -2.045577049 0.695581079 3.293374300 -0.189974397 0.230356604 -0.050298546 0.953055918
1753905383207306496.000000 -2.058017731 0.696848512 3.302596807 -0.185149729 0.238909021 -0.053186752 0.951742232
1753905383240647936.000000 -2.070108414 0.697295547 3.311948299 -0.180882484 0.248064071 -0.055538323 0.950084865
1753905383307331072.000000 -2.094808102 0.696460247 3.331629276 -0.173445076 0.266789258 -0.059610296 0.946143210
1753905383340672512.000000 -2.107832909 0.695936322 3.341556787 -0.170964569 0.275317669 -0.061297156 0.944041312
1753905383407355904.000000 -2.130155087 0.694869816 3.360754967 -0.165645853 0.291225970 -0.060593151 0.940253854
1753905383440697088.000000 -2.140974998 0.694576502 3.369639635 -0.162514001 0.298216254 -0.059366498 0.938686252
1753905383507378944.000000 -2.161470175 0.695572495 3.387672901 -0.157990992 0.308857739 -0.058631208 0.936059952
1753905383540720640.000000 -2.173930407 0.700828075 3.397091389 -0.156355828 0.312775701 -0.059945378 0.934949696
1753905383607403776.000000 -2.191934586 0.703904152 3.415054083 -0.155231446 0.318200350 -0.064370483 0.933010280
1753905383674086912.000000 -2.210693121 0.709129095 3.433495998 -0.155807033 0.323624104 -0.072377406 0.930458605
1753905383740770048.000000 -2.228449583 0.711555183 3.449327469 -0.153993145 0.328409314 -0.082243286 0.928261578
1753905383774111232.000000 -2.236109972 0.713118315 3.456312656 -0.151608527 0.330134064 -0.086861521 0.927621365
1753905383840794368.000000 -2.249816418 0.715062141 3.470479012 -0.143352851 0.331668198 -0.093201816 0.927771389
1753905383874136064.000000 -2.256070375 0.716909289 3.477325916 -0.139639542 0.330254823 -0.095517971 0.928605914
1753905383940818176.000000 -2.268247128 0.720813751 3.492593527 -0.135181546 0.321980625 -0.098332569 0.931871891
1753905383974159360.000000 -2.275326252 0.720635593 3.501759291 -0.134148687 0.314580411 -0.098354511 0.934542537
1753905384040842496.000000 -2.292223215 0.728278160 3.521506786 -0.133863673 0.291518480 -0.098809272 0.941984236
1753905384074184192.000000 -2.296452522 0.731274009 3.530411482 -0.134231791 0.276777714 -0.097894192 0.946463227
1753905384140867328.000000 -2.305273771 0.737036109 3.549898148 -0.133753493 0.245440274 -0.093784645 0.955548882
1753905384174208768.000000 -2.308648586 0.738908112 3.560824871 -0.133623749 0.229686111 -0.091089413 0.959735274
1753905384240891904.000000 -2.316710949 0.743160427 3.581711769 -0.132175624 0.199187711 -0.084416322 0.967330337
1753905384274233344.000000 -2.319823980 0.746358275 3.593314886 -0.130921006 0.184101388 -0.081030451 0.970773160
1753905384340916480.000000 -2.328933001 0.749642968 3.616118431 -0.129129320 0.155216724 -0.075620770 0.976480901
1753905384374258176.000000 -2.334744215 0.750948310 3.628189564 -0.127732694 0.142301559 -0.073197909 0.978814006
1753905384440940288.000000 -2.344354630 0.750674307 3.652882099 -0.126252875 0.119164512 -0.069635063 0.982349753
1753905384474281984.000000 -2.347039938 0.750022054 3.665169716 -0.124932393 0.107404359 -0.068526536 0.983951449
1753905384540965376.000000 -2.364018440 0.753338277 3.684659481 -0.124207027 0.082946606 -0.067610800 0.986469150
1753905384574307072.000000 -2.367491007 0.755319297 3.692909479 -0.123484671 0.069503911 -0.066145629 0.987697124
1753905384607648256.000000 -2.372568607 0.757344484 3.700889826 -0.122302458 0.055991977 -0.065135434 0.988769174
1753905384674331904.000000 -2.383900404 0.761795163 3.715168715 -0.121946692 0.029291522 -0.064480260 0.990006804
1753905384741015040.000000 -2.399065495 0.766481876 3.728287220 -0.127033934 0.004232660 -0.065424256 0.989729345
1753905384774356480.000000 -2.407198668 0.768743932 3.733613253 -0.129517749 -0.007883494 -0.065948792 0.989350200
1753905384841038592.000000 -2.423656464 0.772552550 3.740694284 -0.133334816 -0.032231741 -0.066715240 0.988297522
1753905384907722240.000000 -2.440684795 0.773812532 3.747667313 -0.134602934 -0.055432208 -0.066379488 0.987118602
1753905384941063680.000000 -2.450289726 0.775170267 3.744289160 -0.134146348 -0.064962022 -0.066431113 0.986596048
1753905385007747072.000000 -2.470538139 0.775426745 3.739660025 -0.134194955 -0.082022250 -0.066476345 0.985314667
1753905385074430208.000000 -2.491712093 0.776197255 3.732802629 -0.134222254 -0.092109568 -0.065515876 0.984483600
1753905385141113600.000000 -2.511643648 0.777485728 3.725168228 -0.134961426 -0.098722756 -0.065542951 0.983739495
1753905385207796736.000000 -2.534378290 0.779105484 3.715471983 -0.136571735 -0.106215388 -0.068069696 0.982564509
1753905385274479616.000000 -2.555690050 0.779933751 3.705554247 -0.139891624 -0.115589879 -0.068311542 0.981021345
1753905385341161984.000000 -2.580753803 0.777751267 3.701913118 -0.145018756 -0.123099640 -0.067255370 0.979434967
1753905385407845120.000000 -2.600484610 0.779071033 3.691850901 -0.151294798 -0.130094543 -0.066176973 0.977653325
1753905385474528000.000000 -2.617744207 0.778170407 3.679523945 -0.153725326 -0.138196766 -0.064151339 0.976296484
1753905385541211136.000000 -2.636812210 0.777055740 3.664860487 -0.152424380 -0.147409514 -0.063960060 0.975164831
1753905385607894272.000000 -2.657184124 0.775735378 3.650426388 -0.150739431 -0.162191227 -0.067362614 0.972848415
1753905385674577408.000000 -2.677988768 0.777544677 3.638215542 -0.149493381 -0.182377249 -0.072295710 0.969104528
1753905385741259520.000000 -2.700042486 0.776394606 3.629111052 -0.148627415 -0.205783084 -0.077551879 0.964131236
1753905385774600960.000000 -2.710424900 0.776201606 3.622183084 -0.147657514 -0.218472674 -0.079154141 0.961354017
1753905385841284352.000000 -2.728735209 0.776693165 3.613681316 -0.145112231 -0.245738178 -0.081732087 0.954921484
1753905385907967232.000000 -2.748277426 0.777490377 3.606470108 -0.144741610 -0.275630563 -0.083539277 0.946624994
1753905385941308672.000000 -2.756803989 0.778430343 3.604022503 -0.145553455 -0.291591793 -0.083910018 0.941672802
1753905386007992064.000000 -2.778617382 0.779494882 3.599528313 -0.148880705 -0.323273450 -0.084844641 0.930661201
1753905386074675200.000000 -2.800470591 0.780423045 3.595281601 -0.151522264 -0.356110603 -0.084454946 0.918201327
1753905386141358080.000000 -2.819418430 0.786404431 3.587254047 -0.151631266 -0.389582008 -0.085195065 0.904420078
1753905386208040192.000000 -2.836394787 0.785505414 3.587340832 -0.151378289 -0.427760750 -0.081671767 0.887375414
1753905386241381888.000000 -2.846006632 0.779193044 3.591185570 -0.152883351 -0.447381824 -0.079056352 0.877625406
1753905386308064768.000000 -2.865114689 0.778152823 3.595004082 -0.154528886 -0.484689057 -0.072322011 0.857885122
1753905386374747392.000000 -2.886980295 0.778329968 3.598372936 -0.156410903 -0.519881845 -0.067229010 0.837101400
1753905386441430272.000000 -2.909736395 0.778626442 3.603586435 -0.159323320 -0.552474439 -0.061626382 0.815837204
1753905386474771968.000000 -2.921638250 0.778987646 3.606363058 -0.159849837 -0.567861676 -0.058426369 0.805337012
1753905386541454848.000000 -2.944890499 0.779291987 3.610477924 -0.159932345 -0.597707033 -0.055658560 0.783626318
1753905386608137728.000000 -2.963472843 0.780905783 3.609201670 -0.158082321 -0.626420200 -0.052811105 0.761458397
1753905386674819584.000000 -2.992223024 0.778572798 3.599456072 -0.156891301 -0.652628124 -0.050330337 0.739546180
1753905386741502720.000000 -3.011613131 0.777439833 3.595998049 -0.157822877 -0.675730765 -0.050265457 0.718298912
1753905386808185600.000000 -3.029705048 0.775987029 3.586446047 -0.158441633 -0.694638431 -0.053748939 0.699631929
1753905386874868736.000000 -3.042192459 0.772899508 3.574565887 -0.155851290 -0.713151813 -0.055686571 0.681193054
1753905386908209920.000000 -3.046352386 0.771122456 3.567589283 -0.152896568 -0.722570717 -0.055076603 0.671923280
1753905386974893056.000000 -3.051173210 0.767187238 3.551699638 -0.147851169 -0.740680158 -0.052941579 0.653245866
1753905387041575936.000000 -3.052205086 0.766974926 3.533118725 0.143072039 0.756025076 0.051858529 -0.636606097
1753905387108257792.000000 -3.055891752 0.774897635 3.517522335 -0.137757272 -0.767671645 -0.052512527 0.623655021
1753905387174940928.000000 -3.049903154 0.771783471 3.498325109 -0.132795379 -0.775255561 -0.051269099 0.615398943
1753905387241624064.000000 -3.038613796 0.766325355 3.476017952 -0.125795782 -0.781226575 -0.048121803 0.609544814
1753905387308307456.000000 -3.025285482 0.762619555 3.451644897 -0.119782388 -0.787250400 -0.045870647 0.603145897
1753905387374990592.000000 -3.011796951 0.758742929 3.425707817 -0.115869612 -0.792618573 -0.042889979 0.597068191
1753905387441674240.000000 -2.994070053 0.753253102 3.398476601 -0.111234806 -0.798045933 -0.038936567 0.590959787
1753905387508356608.000000 -2.975008249 0.743046284 3.378326416 -0.105657496 -0.805690706 -0.036113802 0.581717074
1753905387575040000.000000 -2.951611042 0.737610459 3.349733353 -0.097968966 -0.814613521 -0.030831661 0.570838332
1753905387641723392.000000 -2.929690123 0.732598901 3.317931175 -0.088087790 -0.825688958 -0.028199855 0.556491792
1753905387708407040.000000 -2.909718752 0.728127837 3.285762310 -0.079232067 -0.837695181 -0.028675893 0.539598763
1753905387741748736.000000 -2.900265217 0.726057827 3.271519661 -0.075846910 -0.843838394 -0.029355783 0.530398250
1753905387808432128.000000 -2.884311914 0.721484184 3.243254662 -0.069952771 -0.856373608 -0.030774534 0.510669947
1753905387875115520.000000 -2.868270874 0.715206325 3.229668140 -0.063740067 -0.869449556 -0.032307111 0.488826096
1753905387941798144.000000 -2.857907057 0.711839020 3.208405972 -0.059164360 -0.879965544 -0.032270309 0.470232844
1753905388008481536.000000 -2.849669218 0.707717061 3.187463760 -0.055497222 -0.889484107 -0.032147039 0.452443182
1753905388075164928.000000 -2.842669487 0.704370022 3.166595697 -0.052303620 -0.898888230 -0.032260627 0.433847427
1753905388141848320.000000 -2.838592052 0.701836467 3.144010067 -0.050198484 -0.908179939 -0.033342555 0.414219439
1753905388208531968.000000 -2.836993694 0.700860441 3.121197701 -0.049908984 -0.917081833 -0.034397829 0.394064665
1753905388275214336.000000 -2.835626602 0.701853752 3.095243931 0.050860804 0.925810099 0.034921363 -0.372920156
1753905388341896704.000000 -2.837203979 0.698323905 3.077921867 -0.052695580 -0.935122550 -0.034315035 0.348699778
1753905388408578048.000000 -2.843367100 0.695702672 3.058712006 -0.057450261 -0.942826629 -0.027993688 0.327099085
1753905388475260672.000000 -2.849440098 0.691222310 3.037031412 -0.063639507 -0.948259473 -0.019918246 0.310414910
1753905388541943040.000000 -2.857967377 0.687064409 3.012435913 -0.070349984 -0.952422500 -0.013444510 0.296245784
1753905388608625408.000000 -2.866006851 0.682233810 2.983240604 -0.076465391 -0.956010938 -0.008855819 0.283050835
1753905388675308032.000000 -2.872733116 0.678089201 2.952567101 -0.081176363 -0.959014475 -0.007569349 0.271374911
1753905388741990656.000000 -2.879569530 0.671148658 2.918131828 0.082253054 0.962234914 0.007844711 -0.259377927
1753905388775331584.000000 -2.875159264 0.667098820 2.902935505 -0.081768431 -0.964203000 -0.006986572 0.252146274
1753905388842012928.000000 -2.879089355 0.661122024 2.873516321 -0.078947015 -0.970113754 -0.007392066 0.229329810
1753905388908695296.000000 -2.879510880 0.656089187 2.845567703 -0.076149136 -0.976294458 -0.007433999 0.202472642
1753905388975377920.000000 -2.879326820 0.652114034 2.821108341 -0.076342635 -0.980457604 -0.006056502 0.181212962
1753905389042060032.000000 -2.877218723 0.648027360 2.798184872 -0.075914852 -0.983146608 -0.007133380 0.166158915
1753905389108742400.000000 -2.872862816 0.642623484 2.774847984 -0.074125767 -0.985377073 -0.009027137 0.153153196
1753905389175424512.000000 -2.869182587 0.642325819 2.747202158 0.071607158 0.987224400 0.010338835 -0.141963154
1753905389242107392.000000 -2.861075401 0.635059536 2.725878716 -0.069158703 -0.988366842 -0.013973744 0.134732381
1753905389308789248.000000 -2.849510670 0.635653555 2.704903603 -0.067152523 -0.988735735 -0.016940756 0.132684872
1753905389375472128.000000 -2.835947752 0.635244489 2.685377836 -0.064000957 -0.988572121 -0.020991350 0.134864554
1753905389442155008.000000 -2.819990396 0.634177804 2.671146870 -0.059679743 -0.988199234 -0.016887661 0.140055507
1753905389508837888.000000 -2.800678730 0.631489038 2.656547785 -0.054430634 -0.987516880 -0.008388010 0.147571608
1753905389575520768.000000 -2.779414177 0.626321793 2.644998789 -0.050366528 -0.986406028 0.001628984 0.156408787
1753905389642203648.000000 -2.756300926 0.614250660 2.630098343 -0.046219006 -0.985194206 0.008303984 0.164885908
1753905389708886272.000000 -2.735727787 0.605913043 2.615150213 -0.042852744 -0.984087110 0.015266495 0.171765119
1753905389775568128.000000 -2.714110851 0.599649429 2.600051403 -0.040376678 -0.983214796 0.020920405 0.176694080
1753905389842251008.000000 -2.693757772 0.597902536 2.585223675 -0.038487740 -0.982735276 0.024306003 0.179330319
1753905389908933888.000000 -2.675825357 0.594518423 2.568626165 -0.035667885 -0.982984662 0.025322141 0.178403705
1753905389975616768.000000 -2.660938025 0.592370391 2.551173687 -0.033695128 -0.983825505 0.025300793 0.174103275
1753905390042299392.000000 -2.645670891 0.586505175 2.533084393 -0.031380165 -0.985239863 0.023077212 0.166689217
1753905390108982272.000000 -2.637711048 0.585484266 2.515691280 -0.028819444 -0.987366796 0.022172093 0.154222980
1753905390175664384.000000 -2.629237413 0.582793832 2.497311354 -0.026641162 -0.990068436 0.020079102 0.136570558
1753905390242417664.000000 -2.621841192 0.579711318 2.477211475 -0.024971951 -0.992772222 0.017387565 0.116092332
1753905390309253120.000000 -2.616775036 0.578082204 2.454765558 -0.023558438 -0.995335937 0.014551208 0.092410609
1753905390376090880.000000 -2.602188349 0.573355198 2.428404570 0.021701699 0.997571230 -0.011879686 -0.065112345
1753905390442930432.000000 -2.600215673 0.571245790 2.409549475 -0.020959156 -0.999190867 0.011309724 0.032410741
1753905390509772032.000000 -2.599750280 0.571159244 2.387882710 -0.023678105 -0.999601722 0.015345784 0.000548771
1753905390576615680.000000 -2.597445965 0.569659233 2.364756107 -0.025827622 -0.998988092 0.020700911 -0.030451363
1753905390676883200.000000 -2.588045597 0.563720763 2.327618122 -0.025296127 -0.996125162 0.024929663 -0.080456987
1753905390710307072.000000 -2.584816217 0.561748922 2.314362526 -0.023740310 -0.994612873 0.024790945 -0.097812086
1753905390777156608.000000 -2.573703051 0.557371259 2.290279388 -0.019289814 -0.990933597 0.025804972 -0.130433038
1753905390844007424.000000 -2.568557024 0.537629366 2.268974543 -0.010304146 -0.985921085 0.024541439 -0.165079445
1753905390910860800.000000 -2.552968502 0.538398743 2.250659466 -0.000708743 -0.979201019 0.025680657 -0.201259494
1753905390977715968.000000 -2.538783073 0.537056684 2.235457897 0.007883926 -0.970479667 0.026123933 -0.239634395
1753905391011144448.000000 -2.532328844 0.537538290 2.229089975 0.011653897 -0.965451896 0.026666986 -0.258951187
1753905391111431168.000000 -2.513087273 0.538385272 2.214538574 0.021235498 -0.948044658 0.026892722 -0.316286564
1753905391144861184.000000 -2.508621216 0.539831281 2.210678577 0.024999252 -0.941131890 0.026007686 -0.336109221
1753905391211729408.000000 -2.499643564 0.531493306 2.203802109 -0.031080434 0.926449895 -0.024039211 0.374361843
1753905391245063424.000000 -2.497321129 0.524256766 2.205512285 0.033591051 -0.918850362 0.023077633 -0.392496169
1753905391311730688.000000 -2.488204479 0.527305067 2.213243246 0.037731454 -0.904364824 0.026838100 -0.424241036
1753905391345064192.000000 -2.484686136 0.528645635 2.219285488 0.039201431 -0.897240460 0.029205007 -0.438827932
1753905391411731456.000000 -2.478300571 0.530779183 2.232586622 0.040699858 -0.883278549 0.033767130 -0.465856642
1753905391445064704.000000 -2.476261139 0.531887293 2.240882635 0.042004243 -0.876083016 0.035808153 -0.478990614
1753905391511730432.000000 -2.471477509 0.534645200 2.259327173 0.045661338 -0.860920608 0.037914321 -0.505265713
1753905391578396928.000000 -2.468324900 0.538121939 2.280329466 0.048972331 -0.844478905 0.039263781 -0.531898081
1753905391611730176.000000 -2.476443291 0.531975627 2.275730371 0.050105229 -0.834133804 0.039378099 -0.547868252
1753905391678395904.000000 -2.474111795 0.533767283 2.299721718 0.052687757 -0.814568818 0.042660046 -0.576091766
1753905391711729152.000000 -2.473268270 0.535342932 2.313134193 0.054028317 -0.804380596 0.044628248 -0.589967132
1753905391778394368.000000 -2.472958326 0.539515853 2.338413000 0.057093140 -0.783088028 0.047337100 -0.617473006
1753905391811727360.000000 -2.473825455 0.542526186 2.350752354 0.058256850 -0.772632658 0.048402119 -0.630319178
1753905391878392576.000000 -2.474115610 0.548753917 2.375802279 0.060326573 -0.752968609 0.049670968 -0.653400302
1753905391911725056.000000 -2.475647688 0.551516473 2.387265205 0.061514821 -0.743404686 0.049579971 -0.664159060
1753905391978388992.000000 -2.479557514 0.556633830 2.420460939 -0.064564072 0.725898206 -0.048858337 0.683019936
1753905392011721216.000000 -2.488956690 0.548054934 2.404722214 0.067721650 -0.714205265 0.048362836 -0.694971800
1753905392045053440.000000 -2.490028620 0.550090194 2.416114569 0.070327170 -0.705064595 0.049106468 -0.703936458
1753905392078385920.000000 -2.491688490 0.550691426 2.428311348 0.072976552 -0.695850670 0.049982056 -0.712718844
1753905392145049856.000000 -2.492009640 0.554194748 2.449417114 -0.077979587 0.676772535 -0.050405797 0.730313301
1753905392211713792.000000 -2.485509872 0.558727860 2.460216522 -0.084039904 0.655705154 -0.048895411 0.748730540
1753905392245060352.000000 -2.482627392 0.560861945 2.468844652 -0.087702736 0.645232797 -0.047702711 0.757434726
1753905392278410752.000000 -2.478667736 0.562766314 2.477936029 -0.092549674 0.634470522 -0.046683252 0.765965104
1753905392311761408.000000 -2.475491524 0.564616203 2.486118078 -0.097299375 0.623864055 -0.045709379 0.774104178
1753905392345112320.000000 -2.470923901 0.566484213 2.495179892 -0.102439538 0.613333285 -0.044503193 0.781887352
1753905392378462976.000000 -2.465012312 0.568943441 2.504896402 -0.107745767 0.602763414 -0.043621026 0.789407551
1753905392445164032.000000 -2.453999043 0.573995292 2.524987936 -0.117425233 0.579805374 -0.043407936 0.805079341
1753905392478515200.000000 -2.448200464 0.576721609 2.535039425 -0.121681236 0.567826569 -0.043482147 0.812942863
1753905392511866112.000000 -2.440778255 0.581126273 2.553846836 -0.126954004 0.557143152 -0.043814573 0.819484353
1753905392578568704.000000 -2.430501938 0.576888382 2.558906555 -0.132975101 0.532911539 -0.040391054 0.834680557
1753905392611919616.000000 -2.419585705 0.588076353 2.573701859 -0.136072978 0.521445215 -0.040934913 0.841369987
1753905392645271040.000000 -2.414655209 0.581366301 2.567544937 -0.137663051 0.508063257 -0.037957206 0.849399745
1753905392678622208.000000 -2.405762911 0.584126532 2.574114084 -0.138820082 0.495940089 -0.036310796 0.856419265
1753905392745324800.000000 -2.385805368 0.587879658 2.586678267 -0.137784526 0.473617554 -0.031301655 0.869322836
1753905392778676224.000000 -2.374774456 0.588863492 2.591638088 -0.135564968 0.462933868 -0.029067378 0.875482500
1753905392812027904.000000 -2.363935471 0.589359760 2.597443581 -0.132180884 0.453513116 -0.026912643 0.880982339
1753905392845378304.000000 -2.350140095 0.587830484 2.620220661 -0.131855071 0.446838707 -0.024981720 0.884491563
1753905392912081408.000000 -2.331634045 0.587574303 2.625593901 -0.128462896 0.429655552 -0.020691182 0.893568814
1753905392945433088.000000 -2.315901756 0.590367317 2.638921499 -0.129206628 0.422798097 -0.019015649 0.896764100
1753905392978784512.000000 -2.308070660 0.590208054 2.638669491 -0.129011765 0.415594190 -0.016748933 0.900198281
1753905393012136448.000000 -2.295952320 0.590931058 2.645786047 -0.129726857 0.409548968 -0.015839443 0.902878582
1753905393078840064.000000 -2.273349524 0.592054963 2.662408590 -0.130865872 0.400231600 -0.015475044 0.906889975
1753905393112192000.000000 -2.263427019 0.592496932 2.670158386 -0.131511658 0.395242244 -0.015557378 0.908980846
1753905393145543936.000000 -2.252854586 0.593664885 2.679206133 -0.132221386 0.389866173 -0.015522966 0.911197543
1753905393178895616.000000 -2.243198872 0.592986763 2.686526537 -0.132832214 0.384253293 -0.015476437 0.913490891
1753905393212247552.000000 -2.223818302 0.591834068 2.711551189 -0.135391369 0.380398721 -0.014578036 0.914742291
1753905393278936320.000000 -2.216846943 0.590038776 2.713335752 -0.135580882 0.369198412 -0.013316984 0.919311225
1753905393312268544.000000 -2.208625078 0.591129899 2.716321945 -0.136192352 0.364136279 -0.011838425 0.921258032
1753905393345600512.000000 -2.199995518 0.592937112 2.721534252 -0.137416735 0.359327883 -0.010613712 0.922977567
1753905393412264704.000000 -2.181194782 0.595068812 2.743577480 -0.141087145 0.351063997 -0.007719203 0.925628901
1753905393445596672.000000 -2.173929453 0.596661568 2.750316620 -0.143263772 0.346936166 -0.005884354 0.926863670
1753905393478928640.000000 -2.167925358 0.597722471 2.755973101 -0.145564467 0.342652023 -0.003883406 0.928108573
1753905393545591808.000000 -2.158701897 0.598496079 2.767275810 -0.147756636 0.334603161 -0.000754891 0.930703044
1753905393578923264.000000 -2.156498194 0.598425388 2.771923304 -0.147841856 0.330203801 -0.000338055 0.932259738
1753905393612254976.000000 -2.154313087 0.599450827 2.776972055 -0.147627473 0.325397640 -0.000508032 0.933982015
1753905393645586432.000000 -2.155015945 0.599407673 2.780258417 -0.147642389 0.321231067 -0.000133203 0.935420930
1753905393712249088.000000 -2.153203964 0.601612508 2.792106628 -0.148585916 0.313775957 0.001212920 0.937798202
1753905393745579008.000000 -2.152847767 0.602857232 2.798088789 -0.148824215 0.311131597 0.001618039 0.938640475
1753905393778910208.000000 -2.153637886 0.604360461 2.804552794 -0.148642570 0.309500515 0.001167538 0.939208984
1753905393845572096.000000 -2.156084061 0.607831836 2.818390369 -0.147290185 0.308905572 -0.001145257 0.939617813
1753905393878903040.000000 -2.159249783 0.609370828 2.825510740 -0.147143885 0.309478313 -0.003297511 0.939447224
1753905393912233472.000000 -2.163285732 0.610695362 2.832350254 -0.146802515 0.310734212 -0.005476964 0.939075768
1753905393945564416.000000 -2.173009157 0.611229837 2.844282866 -0.146820217 0.313581437 -0.008361938 0.938104808
1753905394012225536.000000 -2.183411121 0.614614248 2.858322382 -0.142913938 0.318679750 -0.013766384 0.936925530
1753905394045555712.000000 -2.189258099 0.615523338 2.865392685 -0.139663771 0.321509153 -0.016539264 0.936403990
1753905394078886144.000000 -2.195516109 0.616973996 2.871859789 -0.136135876 0.323909521 -0.019173069 0.936046004
1753905394145546752.000000 -2.206644058 0.617719173 2.884954453 -0.130091220 0.327584237 -0.023144614 0.935536861
1753905394178875648.000000 -2.211987257 0.618438601 2.892070532 -0.126277685 0.328269809 -0.024801929 0.935776591
1753905394212205824.000000 -2.220286369 0.619653702 2.900161982 -0.122253835 0.328553349 -0.026955070 0.936151803
1753905394245535488.000000 -2.227942467 0.621731997 2.908582211 -0.117709413 0.328212976 -0.028642219 0.936803281
1753905394312200192.000000 -2.244812965 0.623781919 2.926722050 -0.108803980 0.327114552 -0.031324748 0.938177288
1753905394345532416.000000 -2.252678394 0.625801325 2.936684608 -0.105155483 0.326172650 -0.032730956 0.938872993
1753905394412196864.000000 -2.276162148 0.626599908 2.965096235 -0.101613440 0.326793253 -0.036357962 0.938913763
1753905394445528832.000000 -2.274205685 0.627756238 2.969105005 -0.101323411 0.326014817 -0.037874728 0.939155698
1753905394478860800.000000 -2.282051563 0.629920840 2.979834080 -0.101776764 0.325957447 -0.040306259 0.939025402
1753905394545524480.000000 -2.295497417 0.636395574 3.003306627 -0.102458023 0.325228006 -0.044353914 0.939021826
1753905394578856448.000000 -2.300970554 0.640465736 3.014930964 -0.104217015 0.324227571 -0.045524143 0.939118147
1753905394645518592.000000 -2.309383154 0.647274017 3.037745237 -0.110180058 0.320452929 -0.046901882 0.939665079
1753905394678850048.000000 -2.312733889 0.648872077 3.049737692 -0.113490857 0.317322284 -0.047132526 0.940321743
1753905394712181504.000000 -2.314682961 0.650898695 3.061458349 -0.116201423 0.312850267 -0.047166135 0.941486776
1753905394745512960.000000 -2.320224524 0.654464483 3.077197552 -0.118294768 0.307801276 -0.047425028 0.942876279
1753905394812175616.000000 -2.321795464 0.659176111 3.098593473 -0.122433506 0.294230521 -0.046009541 0.946742654
1753905394845506560.000000 -2.320741653 0.661287308 3.108698368 -0.125185877 0.287374437 -0.044300575 0.948568404
1753905394878837504.000000 -2.314088583 0.661702991 3.109643936 -0.128145248 0.280463696 -0.042178579 0.950336754
1753905394945499392.000000 -2.310549259 0.666051030 3.134121895 -0.135024652 0.269627839 -0.039731104 0.952623069
1753905394978830336.000000 -2.307956219 0.669025779 3.147206783 -0.139052093 0.264742285 -0.039075073 0.953440726
1753905395045491712.000000 -2.301208735 0.675571680 3.173116684 -0.146109909 0.254218102 -0.039407257 0.955234110
1753905395078821120.000000 -2.296927929 0.679448485 3.185230970 -0.148194060 0.248353869 -0.039548792 0.956449032
1753905395145481984.000000 -2.285869837 0.686547160 3.209111691 -0.150664955 0.236932367 -0.036452264 0.959080040
1753905395178812672.000000 -2.282523155 0.689614654 3.222730875 -0.151651338 0.231702730 -0.033820651 0.960297823
1753905395245473024.000000 -2.264374971 0.692560732 3.234124184 -0.150286421 0.218796209 -0.026774799 0.963755906
1753905395278804992.000000 -2.254458427 0.694037557 3.245654345 -0.148326859 0.212245196 -0.023380598 0.965610981
1753905395345469440.000000 -2.234796524 0.696939051 3.269581318 -0.145803049 0.198996469 -0.017284248 0.968939245
1753905395378801664.000000 -2.222840309 0.700732350 3.293583870 -0.144528151 0.192648992 -0.014823696 0.970452666
1753905395445465600.000000 -2.207462549 0.700808942 3.313349962 -0.143504351 0.181290656 -0.010553132 0.972845733
1753905395478797312.000000 -2.197156906 0.703707397 3.340185642 -0.144443661 0.176576883 -0.008964707 0.973589480
1753905395545459968.000000 -2.188015223 0.702149570 3.364757061 -0.145587966 0.166871160 -0.008029344 0.975137830
1753905395578791936.000000 -2.187598944 0.700808704 3.369486570 -0.145828471 0.160276175 -0.008760182 0.976201296
1753905395612123136.000000 -2.183028936 0.700865746 3.384033203 -0.146223456 0.151920184 -0.009880508 0.977466822
1753905395678786048.000000 -2.173864126 0.702578306 3.412004948 -0.145739242 0.128315687 -0.009996419 0.980915606
1753905395712117504.000000 -2.171357632 0.704376757 3.424323559 -0.145019144 0.117347628 -0.009862826 0.982395947
1753905395778779648.000000 -2.166333914 0.706919014 3.448169947 -0.145390928 0.096718639 -0.008418932 0.984599531
1753905395812110848.000000 -2.165544987 0.707905114 3.459167480 -0.147203401 0.086469315 -0.007414489 0.985291481
1753905395845441792.000000 -2.167691469 0.709731162 3.478406429 -0.149993569 0.077116273 -0.007269844 0.985648155
1753905395912103424.000000 -2.168498516 0.712420225 3.491746426 -0.153605640 0.058223989 -0.006581448 0.986393511
1753905395945434368.000000 -2.170195103 0.714623213 3.500305414 -0.154647499 0.048977472 -0.006830453 0.986731350
1753905396012094720.000000 -2.177342415 0.718645751 3.518081665 -0.155840516 0.031564247 -0.009098976 0.987235904
1753905396045424896.000000 -2.181796312 0.720912635 3.524697065 -0.156004310 0.022712443 -0.010459514 0.987439871
1753905396112085760.000000 -2.192219734 0.725047648 3.538070917 -0.157825679 0.005165092 -0.011473095 0.987386823
1753905396145416192.000000 -2.197655678 0.727166414 3.543585539 -0.159276187 -0.003657054 -0.011437530 0.987161100
1753905396178746112.000000 -2.209040880 0.728892803 3.553012609 -0.161530003 -0.010998289 -0.011847058 0.986735463
1753905396212076544.000000 -2.216548920 0.730618596 3.556949615 -0.162459061 -0.018163707 -0.012072037 0.986474276
1753905396245406464.000000 -2.225134611 0.731823266 3.559825897 -0.162269115 -0.023661911 -0.012471800 0.986383975
1753905396312070656.000000 -2.241762638 0.731433451 3.557372332 -0.159259349 -0.031775042 -0.013572414 0.986631989
1753905396345402368.000000 -2.252580404 0.732025445 3.557945728 -0.157422408 -0.035104945 -0.014312954 0.986803472
1753905396378734592.000000 -2.265473843 0.733046055 3.557745457 -0.154805869 -0.037868313 -0.015113476 0.987103283
1753905396445397504.000000 -2.292692184 0.734860539 3.552962780 -0.147767037 -0.041633882 -0.017959587 0.987982333
1753905396478729216.000000 -2.307533741 0.735805869 3.549484968 -0.143444553 -0.042673722 -0.019186419 0.988551736
1753905396545392640.000000 -2.337921381 0.738329470 3.545628786 -0.134240940 -0.044660054 -0.022712177 0.989681304
1753905396578723840.000000 -2.348160982 0.733262360 3.540603399 -0.129118711 -0.047174659 -0.024664590 0.990199268
1753905396645386752.000000 -2.381216764 0.731988490 3.531258106 -0.118790291 -0.054745838 -0.027786504 0.991019547
1753905396678718208.000000 -2.398137093 0.730103195 3.525261641 -0.113955028 -0.059596155 -0.028716631 0.991280973
1753905396712049152.000000 -2.414419413 0.728510380 3.521738529 -0.109469764 -0.064265996 -0.028913362 0.991488934
1753905396778711296.000000 -2.447064400 0.727479279 3.514724731 -0.102857590 -0.073596261 -0.029943341 0.991517723
1753905396812042496.000000 -2.468629837 0.725608051 3.511906385 -0.101673089 -0.078316711 -0.031651095 0.991225183
1753905396878703104.000000 -2.489986181 0.730263352 3.513966084 -0.100347996 -0.091172352 -0.033987224 0.990183175
1753905396945364480.000000 -2.519630194 0.733835816 3.514521360 -0.100350261 -0.107649431 -0.036746055 0.988428652
1753905396978695168.000000 -2.533385754 0.734627247 3.515438318 -0.100865871 -0.117805190 -0.038227923 0.987160921
1753905397045356032.000000 -2.560103655 0.738219857 3.518985271 -0.103523128 -0.140137032 -0.041387714 0.983835220
1753905397112016640.000000 -2.586297750 0.740459383 3.524987698 -0.106891371 -0.163179114 -0.042815577 0.979853928
1753905397145346816.000000 -2.593636751 0.740976930 3.523520947 -0.108939528 -0.175207525 -0.043348040 0.977525234
1753905397212006912.000000 -2.617180109 0.745012879 3.532480240 -0.113702573 -0.198388845 -0.043763425 0.972521722
1753905397278668544.000000 -2.639992237 0.750172198 3.544200182 -0.119666107 -0.221570715 -0.043426495 0.966799200
1753905397312000000.000000 -2.651460886 0.753377140 3.551046371 -0.122456335 -0.233066916 -0.042604145 0.963778615
1753905397378664192.000000 -2.674288034 0.759214878 3.564461231 -0.126520067 -0.256359071 -0.040224228 0.957420945
1753905397445328640.000000 -2.699129820 0.761596680 3.572506666 -0.128357366 -0.278505892 -0.036724325 0.951110065
1753905397511992320.000000 -2.718404055 0.766885579 3.586666584 -0.126636624 -0.298834711 -0.031312507 0.945346832
1753905397545324032.000000 -2.728520393 0.771067739 3.594079971 -0.124969222 -0.307793945 -0.027946426 0.942796230
1753905397611987456.000000 -2.752110004 0.776910663 3.610780716 -0.121072687 -0.324775875 -0.020542476 0.937784731
1753905397678650368.000000 -2.778795958 0.783079088 3.630751610 -0.119955882 -0.340821922 -0.012613184 0.932358325
1753905397711981824.000000 -2.800871134 0.779355407 3.641728401 -0.121797800 -0.347802281 -0.009859275 0.929570675
1753905397778643456.000000 -2.826863766 0.778321028 3.665493011 -0.124264717 -0.363751739 -0.004692638 0.923158169
1753905397845305344.000000 -2.856002331 0.780885458 3.685757160 -0.124356776 -0.382099360 -0.001936357 0.915713847
1753905397878636288.000000 -2.871178865 0.783334970 3.694700241 -0.124829680 -0.392877936 -0.001228715 0.911077917
1753905397945298176.000000 -2.899857759 0.788191199 3.711566448 -0.126841381 -0.415761113 0.000968046 0.900584936
1753905398011959552.000000 -2.924918413 0.793276727 3.726486206 -0.128834918 -0.436355829 0.004640674 0.890490770
1753905398045289984.000000 -2.939811230 0.788801312 3.735700130 -0.132839590 -0.444226295 0.004976153 0.885997772
1753905398111950848.000000 -2.964395523 0.792266607 3.744439602 -0.135741040 -0.456509382 0.006855614 0.879276216
1753905398178610688.000000 -2.989307642 0.795221746 3.750493050 -0.137000710 -0.468772292 0.006798108 0.872603655
1753905398245271040.000000 -3.014669180 0.800284863 3.752751589 -0.138459727 -0.482366085 0.006037737 0.864936709
1753905398278602240.000000 -3.029210806 0.801559925 3.753886938 -0.140124619 -0.488603652 0.005257673 0.861164272
1753905398345265664.000000 -3.057251215 0.802984476 3.755973577 -0.144070759 -0.497926772 0.003977592 0.855158925
1753905398411928320.000000 -3.083918571 0.806403697 3.751873970 -0.145505548 -0.504962802 -0.000279532 0.850788295
1753905398478590976.000000 -3.113864899 0.809393764 3.741834879 -0.140949607 -0.509720862 -0.001820639 0.848713517
1753905398545253376.000000 -3.138360500 0.809077680 3.727692842 -0.132526293 -0.512369812 -0.003572577 0.848469973
1753905398611915008.000000 -3.165266037 0.808287144 3.713536024 -0.124607459 -0.514260590 -0.008796522 0.848487914
1753905398645244928.000000 -3.177191734 0.808629990 3.706718445 -0.121179894 -0.515905082 -0.011793640 0.847949505
1753905398711906304.000000 -3.202462673 0.808111250 3.692623138 -0.114311136 -0.520162106 -0.016206434 0.846227944
1753905398778567424.000000 -3.224679947 0.809210598 3.681571245 -0.107952625 -0.527974248 -0.019744178 0.842139959
1753905398845228032.000000 -3.248862267 0.805639982 3.676522017 -0.107658766 -0.538689256 -0.027113639 0.835157752
1753905398911888384.000000 -3.273132324 0.805435896 3.670311451 -0.106991090 -0.551000059 -0.032574162 0.826976895
1753905398978548224.000000 -3.296036720 0.806436062 3.667359591 -0.106196955 -0.564383745 -0.034237076 0.817937136
1753905399045208064.000000 -3.318518162 0.810032129 3.666854858 -0.107755423 -0.579528630 -0.036607083 0.806966782
1753905399111866368.000000 -3.340697289 0.814840913 3.669480562 -0.110980764 -0.596212506 -0.038308814 0.794195473
1753905399178525440.000000 -3.361886024 0.817466855 3.673211098 -0.114862457 -0.613997698 -0.040563643 0.779851377
1753905399245184256.000000 -3.382160664 0.825007319 3.678145647 -0.119684674 -0.635738075 -0.048743643 0.761010408
1753905399311848448.000000 -3.396595716 0.825583160 3.689528465 -0.120559067 -0.662748516 -0.050637022 0.737337053
1753905399378512896.000000 -3.408847570 0.827905178 3.701084852 -0.118036374 -0.692218065 -0.046604175 0.710443377
1753905399478509056.000000 -3.432732582 0.833845854 3.723304987 0.114700936 0.737762749 0.038191624 -0.664147019
1753905399511840000.000000 -3.442732811 0.837577581 3.732649326 0.113260128 0.753096879 0.036537576 -0.647056639
1753905399578503680.000000 -3.466980219 0.843309581 3.733311415 0.108347021 0.779313385 0.036138508 -0.616137683
1753905399645166848.000000 -3.496435881 0.853387654 3.754997969 -0.106152698 -0.805364549 -0.038730454 0.581910372
1753905399711830016.000000 -3.516681671 0.860617101 3.773561478 -0.102182299 -0.828091025 -0.037956931 0.549893975
1753905399778492672.000000 -3.536186218 0.867809594 3.792502642 -0.095782965 -0.846804380 -0.035065327 0.522032976
1753905399845155072.000000 -3.561035156 0.875547469 3.807344437 -0.092998944 -0.861427903 -0.039592020 0.497720569
1753905399911816960.000000 -3.587461472 0.882263720 3.813987732 -0.095509656 -0.872502983 -0.051183458 0.476441741
1753905399978477824.000000 -3.606026649 0.892312646 3.812094688 -0.097072296 -0.881860495 -0.063147552 0.457068264
1753905400045139200.000000 -3.619324207 0.899190187 3.809257746 -0.101866953 -0.890704751 -0.075555585 0.436531365
1753905400145130752.000000 -3.630006790 0.910982609 3.798944473 -0.108702682 -0.901160419 -0.087983213 0.410308033
1753905400211791360.000000 -3.629154682 0.920425773 3.786310434 -0.110348381 -0.905362666 -0.095564045 0.398759723
1753905400278453248.000000 -3.622239113 0.933149219 3.771513462 -0.111366786 -0.907040417 -0.102504432 0.392896980
1753905400378448384.000000 -3.609617233 0.952490211 3.747865200 0.110540599 0.905068159 0.113477364 -0.394658476
1753905400445110272.000000 -3.593294144 0.970633626 3.732763290 -0.103434309 -0.900671363 -0.117143430 0.405425638
1753905400511773184.000000 -3.577652454 0.987966299 3.719298363 -0.096384503 -0.895934701 -0.120696828 0.416465372
1753905400578435584.000000 -3.564489365 1.006327033 3.709138632 -0.089352265 -0.892270267 -0.123335831 0.425039202
1753905400645097728.000000 -3.550981522 1.026231289 3.700129509 -0.081442118 -0.891168892 -0.125058681 0.428422183
1753905400711759360.000000 -3.538850307 1.046516180 3.694460630 -0.073095642 -0.892275810 -0.125714019 0.427430570
1753905400778420736.000000 -3.529901505 1.069165230 3.689918041 0.068001315 0.893104434 0.125877127 -0.426491737
1753905400845080832.000000 -3.524636745 1.093126774 3.691761971 0.065792471 0.893879473 0.128073841 -0.424556345
1753905400911741440.000000 -3.520275593 1.116293311 3.695612907 0.064856604 0.894850135 0.129148394 -0.422323972
1753905400978401792.000000 -3.511598110 1.141890645 3.700594902 -0.064192988 -0.895727277 -0.125761449 0.421587557
1753905401045061888.000000 -3.505780220 1.161020994 3.712536812 -0.065511607 -0.896797478 -0.121702537 0.420298785
1753905401111721728.000000 -3.498255730 1.178661466 3.728854895 -0.066737458 -0.899068236 -0.113303691 0.417594016
1753905401178381056.000000 -3.486470222 1.197502851 3.749701738 -0.068660296 -0.901817143 -0.101264998 0.414435923
1753905401245039872.000000 -3.471540928 1.218830585 3.775690079 -0.071068309 -0.904939055 -0.085947931 0.410667211
1753905401311702528.000000 -3.456038952 1.242866278 3.806679726 0.073917970 0.908440173 0.073222563 -0.404859334
1753905401378366464.000000 -3.434368134 1.263775349 3.845849991 0.073384009 0.913936853 0.058666069 -0.394832343
1753905401445029888.000000 -3.399012089 1.289425969 3.887123346 -0.067584321 -0.921625316 -0.039554592 0.380098253
1753905401478361600.000000 -3.383609295 1.298639774 3.911808252 -0.065340795 -0.926058233 -0.032782074 0.370232612
1753905401545024512.000000 -3.350604057 1.317464113 3.962984085 -0.057667613 -0.935807765 -0.018646590 0.347261816
1753905401611687424.000000 -3.319873333 1.336672068 4.020335197 -0.055049364 -0.941803932 0.006130732 0.331568003
1753905401678350336.000000 -3.293487072 1.347636104 4.070052147 -0.050804298 -0.944831908 0.028798088 0.322307736
1753905401745011200.000000 -3.272552013 1.348335266 4.102597237 -0.044259004 -0.947290659 0.033319395 0.315549552
1753905401811672832.000000 -3.254744053 1.346705198 4.134117126 -0.036528151 -0.950996876 0.039728679 0.304454207
1753905401911664896.000000 -3.230899334 1.354164362 4.180358887 0.027473748 0.955418885 -0.067982942 -0.286004066
1753905401978325760.000000 -3.221956253 1.361267209 4.201241970 0.024725026 0.959145904 -0.072665513 -0.272300661
1753905402011656192.000000 -3.219634056 1.363844395 4.210063934 0.025256488 0.961166203 -0.072866559 -0.264975667
1753905402078316800.000000 -3.214294434 1.369572163 4.226139545 -0.026235782 -0.965088427 0.080291137 0.247930318
1753905402144977152.000000 -3.214143753 1.375012636 4.243606567 0.029271524 0.969565451 -0.088156983 -0.226526797
1753905402211635968.000000 -3.214880943 1.378291488 4.255567074 0.034010313 0.973518491 -0.094415389 -0.205404192
1753905402278297600.000000 -3.215973854 1.381591439 4.263905048 0.038011890 0.976531386 -0.100688897 -0.186556607
1753905402344962304.000000 -3.214995384 1.381818533 4.270165920 0.038304046 0.979450285 -0.107662164 -0.166189149
1753905402411627008.000000 -3.212201595 1.382230759 4.272270679 0.034875747 0.982822478 -0.113528334 -0.141262218
1753905402478291200.000000 -3.208839417 1.381268501 4.271820068 0.029280595 0.986041427 -0.116871297 -0.114918157
1753905402544955136.000000 -3.205681801 1.378945351 4.265070915 0.022360563 0.988345802 -0.119779631 -0.091244079
1753905402578286848.000000 -3.203830719 1.377038598 4.262286663 0.019183779 0.989446342 -0.118916705 -0.080540381
1753905402644949504.000000 -3.203218460 1.374107361 4.253341675 0.014838926 0.991165578 -0.116440460 -0.061744001
1753905402711612416.000000 -3.205291748 1.371599793 4.239410400 0.013359113 0.992650688 -0.110703327 -0.047021117
1753905402778275584.000000 -3.209959984 1.369409919 4.224065304 0.015380286 0.993579090 -0.106165074 -0.035958074
1753905402844937728.000000 -3.216178417 1.365797043 4.207242012 0.019540852 0.993896008 -0.105212733 -0.026818296
1753905402911600128.000000 -3.224585533 1.364433289 4.183170795 0.022796245 0.994066954 -0.104923487 -0.017388154
1753905402978262016.000000 -3.233578682 1.359206080 4.156581402 0.027333276 0.994219124 -0.103666320 -0.005882951
1753905403044923392.000000 -3.243901730 1.354252100 4.124841213 0.031867336 0.994238734 -0.101863302 0.009887915
1753905403111583744.000000 -3.253011465 1.349840760 4.089355946 0.038014911 0.994113922 -0.097030096 0.029625500
1753905403178244608.000000 -3.261492491 1.346969128 4.055561066 0.050042193 0.993478715 -0.091763325 0.045555659
1753905403211575040.000000 -3.262887478 1.348148108 4.039191723 -0.051670723 -0.992863655 0.092625320 -0.054521177
1753905403278237184.000000 -3.262310505 1.348604560 4.010510921 0.050424095 0.992017388 -0.089506112 0.073127739
1753905403344901632.000000 -3.259296894 1.347877741 3.988924026 0.047494225 0.991742909 -0.081685431 0.086704835
1753905403411565824.000000 -3.254935265 1.345644593 3.974068165 -0.043443769 -0.991637945 0.074952960 -0.095650122
1753905403444897536.000000 -3.253233671 1.344980955 3.970847130 -0.041739516 -0.991257906 0.076408736 -0.099133074
1753905403511560192.000000 -3.248715401 1.340386152 3.966330528 0.040971439 0.990182757 -0.081748605 0.105719961
1753905403544892160.000000 -3.247345448 1.338015079 3.965770721 0.041421793 0.989464104 -0.085999049 0.108854383
1753905403611555328.000000 -3.244641304 1.336948514 3.958868027 -0.043399874 -0.987540245 0.097697593 -0.115481392
1753905403678218240.000000 -3.243573666 1.333144426 3.956579685 -0.045500398 -0.985760272 0.107457116 -0.121076554
1753905403744880896.000000 -3.243054628 1.330074310 3.948732376 0.043650433 0.984476268 -0.113240913 0.126797974
1753905403778212096.000000 -3.242361546 1.327804208 3.944396973 0.042652428 0.984003127 -0.114567906 0.129587635
1753905403844874496.000000 -3.241638422 1.325271726 3.931886673 0.041670758 0.983077943 -0.115570091 0.135886118
1753905403878205184.000000 -3.242047787 1.323486090 3.925406456 0.040356372 0.982453465 -0.115672827 0.140628755
1753905403944865792.000000 -3.243548155 1.320878863 3.912044048 0.038959902 0.980739594 -0.115515240 0.152604640
1753905404011527168.000000 -3.246346712 1.318394780 3.900596142 0.037280962 0.978234351 -0.117173381 0.167147115
1753905404044857856.000000 -3.248960972 1.318736792 3.894688606 0.037310380 0.976923347 -0.117508464 0.174415186
1753905404111518720.000000 -3.253137112 1.318646669 3.888076782 -0.037661195 -0.974184394 0.118616126 -0.188352466
1753905404178179328.000000 -3.259642363 1.314989090 3.880774975 -0.037966497 -0.970990658 0.121589176 -0.202365622
1753905404244839424.000000 -3.269683123 1.315594196 3.874451637 -0.038346864 -0.967576683 0.123883545 -0.216743618
1753905404278170880.000000 -3.276870728 1.317445517 3.873098850 0.038109526 0.965665340 -0.125391319 0.224310681
1753905404344834816.000000 -3.285802603 1.318598747 3.870623112 0.036765859 0.961792648 -0.127799764 0.239312530
1753905404378166528.000000 -3.289829731 1.318758726 3.870982647 0.035432909 0.959741175 -0.129331648 0.246809155
1753905404444828672.000000 -3.299068451 1.320667028 3.873064995 0.030973557 0.955308437 -0.131486475 0.262940496
1753905404478160640.000000 -3.304201365 1.321079493 3.872511864 0.029757347 0.953287780 -0.131952286 0.270084321
1753905404544823296.000000 -3.315556526 1.321696758 3.872979164 0.027996767 0.949065447 -0.136020973 0.282823890
1753905404611486208.000000 -3.327483654 1.322956443 3.875038147 0.027233992 0.945586681 -0.137140051 0.293797255
1753905404644817152.000000 -3.328646898 1.327249527 3.878216267 -0.028305098 -0.944207847 0.137358844 -0.297998160
1753905404711479296.000000 -3.337715626 1.328911424 3.885051727 0.032042179 0.941727579 -0.139586881 0.304365188
1753905404744810240.000000 -3.340708494 1.331032157 3.885961056 0.033401366 0.940948427 -0.141061842 0.305944383
1753905404811471872.000000 -3.351819992 1.334976554 3.894859791 0.034761760 0.939804137 -0.145737261 0.307116628
1753905404844801536.000000 -3.357742548 1.337096930 3.900797367 0.034768384 0.939283907 -0.148295134 0.307482719
1753905404911462656.000000 -3.367537260 1.339834452 3.915303230 0.032880031 0.936277986 -0.157785788 0.312099636
1753905404944793344.000000 -3.371147871 1.340266943 3.926564217 0.030510399 0.933822811 -0.163544893 0.316697270
1753905405011453952.000000 -3.374554634 1.346072078 3.942197323 0.025042988 0.927487433 -0.175354123 0.329227567
1753905405078114048.000000 -3.390091896 1.346777439 3.950230598 0.018227093 0.920435846 -0.183701098 0.344557077
1753905405111443968.000000 -3.391289711 1.347437143 3.951989651 0.015043874 0.917070389 -0.187450796 0.351593375
1753905405178103808.000000 -3.395340204 1.352554560 3.961003780 0.009636286 0.909902871 -0.194688201 0.366169959
1753905405244763392.000000 -3.398730040 1.358093977 3.967278004 0.004313811 0.901488423 -0.200347170 0.383615971
1753905405278094592.000000 -3.400171995 1.361199856 3.969804764 0.000965845 0.896281123 -0.203109190 0.394240826
1753905405344759552.000000 -3.403117657 1.366173506 3.974411964 -0.007413489 0.884190500 -0.206811011 0.418785781
1753905405411424512.000000 -3.415566921 1.357490301 3.978234768 -0.011113313 0.872334957 -0.207102731 0.442737728
1753905405478088960.000000 -3.418130398 1.358238935 3.975678444 -0.011175102 0.862707198 -0.207116053 0.461209804
1753905405544753152.000000 -3.423754215 1.358985901 3.965953588 -0.007682593 0.856916785 -0.204536557 0.473074526
1753905405611417344.000000 -3.430028439 1.359288931 3.955648661 -0.004665965 0.852883875 -0.198703125 0.482788175
1753905405644748800.000000 -3.433134556 1.358084321 3.950127602 -0.002166611 0.851356924 -0.195206016 0.486909956
1753905405678080768.000000 -3.437243223 1.356604218 3.945260763 0.001293537 0.849720716 -0.192742050 0.490737855
1753905405744743168.000000 -3.447254419 1.353793383 3.935570717 0.008647734 0.847495377 -0.190543056 0.495348632
1753905405778074624.000000 -3.453571796 1.365994096 3.934529305 -0.011808817 -0.846824765 0.190609261 -0.496403605
1753905405844737536.000000 -3.466587782 1.354097128 3.922282696 0.018547950 0.847079277 -0.185413063 0.497729570
1753905405878068992.000000 -3.470510244 1.351057529 3.920359850 0.022121061 0.847250044 -0.183860332 0.497868896
1753905405944731136.000000 -3.472921848 1.352329373 3.919501543 0.029546810 0.847185791 -0.181362927 0.498508543
1753905405978062080.000000 -3.474555492 1.352579832 3.918596745 0.032421324 0.846672833 -0.180690289 0.499444723
1753905406044724224.000000 -3.480701923 1.351129770 3.919436455 0.039994240 0.844455004 -0.180386081 0.502749622
1753905406078055168.000000 -3.483328581 1.350978017 3.920034409 0.043717537 0.842597246 -0.180889219 0.505369067
1753905406144716544.000000 -3.486277342 1.348264575 3.920889378 0.049637411 0.837915301 -0.181261405 0.512424052
1753905406178046208.000000 -3.490199327 1.359413505 3.907942772 -0.051836912 -0.834563613 0.182511494 -0.517209947
1753905406244707328.000000 -3.490569830 1.356099367 3.908710718 -0.053200278 -0.829401195 0.182273418 -0.525395036
1753905406311443200.000000 -3.490572691 1.354480743 3.910568714 -0.052981187 -0.824786067 0.181491256 -0.532899499
1753905406344817664.000000 -3.484810829 1.361352324 3.911039352 0.053343747 0.822697937 -0.181755230 0.535992205
1753905406378192896.000000 -3.484418154 1.361357689 3.911008835 0.053367164 0.820305943 -0.181948945 0.539578259
1753905406444944384.000000 -3.483390331 1.361025929 3.911149979 0.053451072 0.814943731 -0.184169367 0.546892405
1753905406511697920.000000 -3.483078957 1.361195922 3.910629988 0.056618184 0.811044216 -0.186360687 0.551608026
1753905406545075456.000000 -3.483646154 1.361388087 3.910419464 0.058687735 0.809877157 -0.187206343 0.552818835
1753905406611831808.000000 -3.483710766 1.361733913 3.910064220 0.062325872 0.807284594 -0.189200923 0.555526972
1753905406645209856.000000 -3.477134705 1.363602042 3.916199923 -0.064011559 -0.806186914 0.189906642 -0.556687355
1753905406711969024.000000 -3.480653524 1.361331820 3.910623312 0.066386826 0.802045822 -0.190022632 0.562322617
1753905406778729984.000000 -3.479496241 1.360737324 3.909242153 0.066563278 0.797861159 -0.189553604 0.568380475
1753905406812111360.000000 -3.477760315 1.360513806 3.908291578 0.066337056 0.795846045 -0.188724995 0.571499288
1753905406878875136.000000 -3.473666430 1.360455155 3.908834219 0.064342141 0.792199314 -0.188294187 0.576910496
1753905406912257792.000000 -3.474288702 1.360673428 3.908703089 0.063114643 0.791182101 -0.188315600 0.578432918
1753905406945640960.000000 -3.472950697 1.360672951 3.909285545 0.061288793 0.791181445 -0.188229039 0.578658402
1753905407012408832.000000 -3.471538544 1.359878063 3.909340143 0.054682307 0.792829216 -0.187552497 0.577283084
1753905407045793280.000000 -3.463275909 1.359218001 3.911194801 -0.051311553 -0.794668138 0.186589092 -0.575373173
1753905407112562688.000000 -3.462882757 1.359693050 3.912554026 -0.046869073 -0.798548102 0.185986206 -0.570555270
1753905407145948672.000000 -3.463642120 1.360452533 3.913495302 -0.046518419 -0.800914586 0.186100364 -0.567220032
1753905407212722176.000000 -3.469295502 1.361026883 3.913261652 0.046148051 0.805358171 -0.186732426 0.560713530
1753905407246109440.000000 -3.473730564 1.361441970 3.912892580 0.046956778 0.807608306 -0.187373281 0.557185113
1753905407312802304.000000 -3.479869843 1.362736821 3.914814472 0.049367473 0.812422276 -0.189065322 0.549351633
1753905407346141952.000000 -3.483231783 1.363381147 3.916175604 0.050915353 0.814927220 -0.189750522 0.545248687
1753905407412821760.000000 -3.488912106 1.364639759 3.919672012 0.056055568 0.819500327 -0.190285861 0.537650824
1753905407446161408.000000 -3.489605665 1.365774512 3.922939777 -0.058983337 -0.821119130 0.191039994 -0.534591556
1753905407512840192.000000 -3.494888544 1.368330956 3.925868750 -0.063111581 -0.822939098 0.192236885 -0.530879676
1753905407579519744.000000 -3.493156910 1.368224382 3.930247784 -0.063175231 -0.823565483 0.193037361 -0.529608846
1753905407612859648.000000 -3.492003441 1.367841005 3.931668997 -0.063136801 -0.823186994 0.192980096 -0.530222297
1753905407679538944.000000 -3.490061045 1.369969606 3.934288740 -0.062315535 -0.821549892 0.192562386 -0.533003032
1753905407712878592.000000 -3.486935139 1.374603868 3.930474758 0.061867822 0.820640326 -0.191906691 0.534690320
1753905407779558144.000000 -3.485420227 1.372179151 3.930322647 0.059644926 0.819074929 -0.190999404 0.537659585
1753905407812897792.000000 -3.484680414 1.372306943 3.930165529 0.059511755 0.818378568 -0.191503778 0.538554847
1753905407846237696.000000 -3.483806372 1.372961879 3.928947926 0.059462432 0.818038940 -0.192056224 0.538879395
1753905407912916736.000000 -3.483694553 1.371245623 3.928410292 0.058631457 0.818445802 -0.191752866 0.538460553
1753905407946256384.000000 -3.482492685 1.371457577 3.927241802 0.058138490 0.818939805 -0.190748900 0.538119376
1753905408012934656.000000 -3.480765104 1.375266075 3.933347940 -0.056966119 -0.820335507 0.187919736 -0.537113369
1753905408046274304.000000 -3.479596853 1.374156237 3.929535627 -0.056369603 -0.820751309 0.186060846 -0.537188232
1753905408112953344.000000 -3.477076530 1.373408437 3.927615404 -0.055158023 -0.822053671 0.181248054 -0.536967874
1753905408179632384.000000 -3.474529028 1.372913957 3.925699711 -0.052567437 -0.823007226 0.178633586 -0.536643207
1753905408212972032.000000 -3.472728491 1.370049000 3.919168949 0.051208425 0.823123038 -0.177634642 0.536928535
1753905408246311168.000000 -3.470937014 1.369833589 3.919158936 0.050426256 0.823587358 -0.176621482 0.536624730
1753905408313006336.000000 -3.471231222 1.369774103 3.918447018 0.049998391 0.823810279 -0.175184160 0.536793649
1753905408346355200.000000 -3.470810175 1.369642377 3.916807413 0.049845412 0.823636651 -0.175078124 0.537108779
1753905408413052416.000000 -3.471189260 1.368505478 3.916670322 0.050842680 0.823373020 -0.174648732 0.537559032
1753905408479750656.000000 -3.472520590 1.371363759 3.919769049 -0.051315319 -0.823262870 0.174671918 -0.537675440
1753905408513100032.000000 -3.472932577 1.370860100 3.919934034 -0.051303256 -0.823416770 0.174622670 -0.537456810
1753905408579799296.000000 -3.472651482 1.368995786 3.919359684 -0.050565045 -0.823710561 0.174362630 -0.537160993
1753905408613148928.000000 -3.470651388 1.368727446 3.919464588 -0.050020821 -0.823874414 0.173907891 -0.537108064
1753905408646498560.000000 -3.469921350 1.368777990 3.919110298 -0.049423009 -0.823966384 0.173556417 -0.537135959
1753905408713198592.000000 -3.469757318 1.368746996 3.918977499 0.047388297 0.824312925 -0.173107520 0.536932468
1753905408746548992.000000 -3.468656778 1.368077040 3.918194771 0.046619073 0.824368536 -0.172594324 0.537079573
1753905408813249536.000000 -3.468113899 1.368249059 3.917536974 0.046017185 0.824572027 -0.171391562 0.537204325
1753905408846598912.000000 -3.468018770 1.368149281 3.917167425 0.046139162 0.824735940 -0.170862615 0.537110627
1753905408913299968.000000 -3.468521833 1.368503571 3.917076588 0.046285886 0.824952960 -0.170576945 0.536855459
1753905408946650880.000000 -3.468850374 1.368033648 3.916567326 0.046792630 0.825089335 -0.170175999 0.536729276
1753905409013352960.000000 -3.470282793 1.368413568 3.917644024 -0.047486268 -0.825285077 0.169910148 -0.536451459
1753905409046703872.000000 -3.470567465 1.369103193 3.918325424 -0.047840394 -0.825141430 0.169869944 -0.536653697
1753905409113406464.000000 -3.469334841 1.368718266 3.918485880 -0.047766171 -0.825233459 0.169279307 -0.536705434
1753905409146757888.000000 -3.467745304 1.367891312 3.918100119 -0.047151804 -0.825419486 0.169250682 -0.536482692
1753905409213460992.000000 -3.471165657 1.369261980 3.919074774 0.046604533 0.825405240 -0.169626191 0.536433876
1753905409246812928.000000 -3.472105265 1.369637966 3.919393063 0.046220805 0.825129807 -0.169805586 0.536833882
1753905409313498880.000000 -3.471436024 1.369447708 3.918630362 0.045546599 0.824737251 -0.169946462 0.537449777
1753905409346841344.000000 -3.471339464 1.369171619 3.917963743 0.045477368 0.824837089 -0.170030802 0.537275612
1753905409413525760.000000 -3.471576452 1.369168758 3.917592049 0.045301676 0.824873328 -0.170612201 0.537050605
1753905409446868480.000000 -3.471390009 1.368900895 3.916244268 0.045496654 0.824809074 -0.170592204 0.537139177
1753905409513552896.000000 -3.471763372 1.369620562 3.919352770 -0.046485998 -0.825101078 0.170203328 -0.536729038
1753905409546895616.000000 -3.471375465 1.369342685 3.919188023 -0.046718903 -0.825482666 0.170180157 -0.536129117
1753905409613580288.000000 -3.470843792 1.368885636 3.917318583 -0.047761261 -0.825964928 0.170198619 -0.535288095
1753905409646922496.000000 -3.470913172 1.368947744 3.917330503 -0.048501018 -0.826137483 0.170101374 -0.534985960
1753905409713607424.000000 -3.470936537 1.369066477 3.918417931 0.049364690 0.826864064 -0.170060486 0.533796191
1753905409746948864.000000 -3.470770597 1.369140148 3.918812513 0.049588159 0.827058434 -0.170359522 0.533378959
1753905409813633792.000000 -3.471414804 1.369368315 3.918675661 0.050248079 0.827869833 -0.169879794 0.532210171
1753905409846976256.000000 -3.470952511 1.369274259 3.918989182 0.050397094 0.828316867 -0.169519469 0.531615019
1753905409880318720.000000 -3.471256495 1.369424582 3.919103146 0.050519548 0.828640223 -0.169397518 0.531138182
1753905409947003648.000000 -3.468829870 1.369011045 3.918253183 -0.050544698 -0.829376876 0.169258311 -0.530029178
1753905409980346112.000000 -3.469513655 1.368944764 3.919378996 -0.050552744 -0.829857945 0.168730348 -0.529443383
1753905410047031040.000000 -3.469179869 1.368702292 3.919026613 -0.050258365 -0.830780566 0.167763263 -0.528330684
1753905410080373504.000000 -3.468768835 1.368502617 3.919018984 -0.050092299 -0.831099689 0.167720869 -0.527857840
1753905410147058432.000000 -3.472320795 1.368568659 3.921393633 -0.050795212 -0.831467986 0.167310491 -0.527340591
1753905410180400128.000000 -3.468743563 1.368428111 3.918912888 -0.050926436 -0.831647575 0.167426467 -0.527007818
1753905410247085056.000000 -3.471778393 1.369691491 3.919423819 0.052111011 0.831931829 -0.167845547 0.526309609
1753905410280426752.000000 -3.471939802 1.369757891 3.919315815 0.052567948 0.831955016 -0.167999968 0.526178122
1753905410347109376.000000 -3.472133636 1.369985580 3.920045853 0.053281937 0.831919849 -0.168068841 0.526140034
1753905410413792000.000000 -3.471147299 1.369514942 3.919119120 0.053392857 0.832361221 -0.167683095 0.525553524
1753905410447133184.000000 -3.472098351 1.369765162 3.919530630 -0.052867994 -0.832549453 0.167734623 -0.525291860
1753905410513815808.000000 -3.469762325 1.368847251 3.918613672 -0.052494839 -0.832863450 0.167056233 -0.525047719
1753905410547157248.000000 -3.469531775 1.368644953 3.918222427 -0.052181471 -0.832906604 0.166834041 -0.525081038
1753905410613839616.000000 -3.469223022 1.368536472 3.918114662 -0.052176461 -0.832968116 0.166776821 -0.525002241
1753905410647179776.000000 -3.469945192 1.368740797 3.918169737 -0.052108962 -0.832958996 0.166999847 -0.524952352
1753905410713862656.000000 -3.469067335 1.368414879 3.918398857 -0.051962513 -0.832992911 0.167078942 -0.524887979
1753905410747203840.000000 -3.471172810 1.369337440 3.919611931 0.052371554 0.832935393 -0.167116791 0.524926543
1753905410780545280.000000 -3.471995831 1.369690418 3.919720173 0.052463464 0.832862973 -0.167256311 0.524987876
1753905410847227904.000000 -3.471205473 1.369474649 3.920218945 0.051961754 0.832816064 -0.167064622 0.525173128
1753905410880569088.000000 -3.470462084 1.369141102 3.919260740 0.051806767 0.832792819 -0.166864336 0.525288820
1753905410913910272.000000 -3.470524549 1.369131684 3.918949604 0.051652592 0.832747042 -0.166580305 0.525466919
1753905410980592640.000000 -3.470199585 1.369465709 3.918897867 -0.051490795 -0.832629979 0.166754499 -0.525613010
1753905411013934080.000000 -3.469325781 1.368533850 3.918683767 -0.051417131 -0.832495570 0.166883662 -0.525792062
1753905411080615680.000000 -3.468988419 1.368317842 3.918152094 -0.051734481 -0.832536101 0.166848317 -0.525707901
1753905411147298304.000000 -3.470317841 1.369135022 3.919874430 -0.051580898 -0.832777381 0.167240456 -0.525216162
1753905411180639744.000000 -3.469882250 1.368882656 3.919740200 -0.051714886 -0.832603872 0.167468265 -0.525405407
1753905411213980928.000000 -3.470316410 1.369039059 3.919558048 -0.052104712 -0.832466304 0.167362988 -0.525618255
1753905411280663552.000000 -3.470041275 1.368849635 3.918461561 0.052078731 0.832640052 -0.167375788 0.525341690
1753905411347346432.000000 -3.469533205 1.368759513 3.918984890 0.051977880 0.832701147 -0.167734861 0.525140047
1753905411380687360.000000 -3.469419718 1.368757367 3.919219732 0.051947154 0.832595825 -0.167821825 0.525282443
1753905411447370240.000000 -3.469794035 1.369106174 3.919312000 0.052097160 0.832337618 -0.167883575 0.525656819
1753905411480711680.000000 -3.470204115 1.369049072 3.919068336 0.052293818 0.832424343 -0.167938858 0.525482416
1753905411547393280.000000 -3.471150398 1.369641662 3.917397022 -0.052331075 -0.832449794 0.168272376 -0.525331497
1753905411580734976.000000 -3.471651316 1.369590640 3.918668509 -0.052322920 -0.832416773 0.168303341 -0.525374889
1753905411647417600.000000 -3.470762253 1.369096875 3.918558836 -0.052424785 -0.832233250 0.168369398 -0.525634229
1753905411714100480.000000 -3.470550537 1.369022489 3.918546915 -0.052184246 -0.832429647 0.168597966 -0.525273740
1753905411747441664.000000 -3.471244574 1.369376421 3.918578386 -0.052157495 -0.832349002 0.168628305 -0.525394499
1753905411814124288.000000 -3.471150637 1.369292259 3.918949604 0.051943116 0.832179546 -0.168422520 0.525749981
1753905411847465728.000000 -3.470900297 1.369326591 3.919387817 0.051888116 0.832249224 -0.168279916 0.525690854
1753905411914148352.000000 -3.470213175 1.368993640 3.918595076 0.051152378 0.832277715 -0.168387339 0.525683403
1753905411947489792.000000 -3.469934464 1.368986726 3.918033123 0.051235512 0.832279086 -0.168021202 0.525790215
1753905412014171648.000000 -3.469465017 1.368595839 3.917681217 0.050894491 0.832343996 -0.167656049 0.525837123
1753905412047513088.000000 -3.469758749 1.369681120 3.917474985 -0.050747592 -0.832394779 0.167789966 -0.525728285
1753905412114195712.000000 -3.469144821 1.369197488 3.918115139 -0.050189525 -0.832431734 0.167607501 -0.525781572
1753905412147536896.000000 -3.469059467 1.368499041 3.918122292 -0.049897682 -0.832351625 0.167379349 -0.526008785
1753905412214220032.000000 -3.469417095 1.368606210 3.918167591 -0.049991284 -0.832226872 0.167439416 -0.526178122
1753905412247561216.000000 -3.469997406 1.368734598 3.918086529 -0.049964793 -0.832219779 0.167557389 -0.526154339
1753905412314244864.000000 -3.470797539 1.369064450 3.917992830 0.049996287 0.832253098 -0.167713061 0.526049018
1753905412347586816.000000 -3.470988274 1.369171500 3.917996645 0.050071735 0.832144320 -0.167653784 0.526232660
1753905412380928768.000000 -3.471251726 1.369288206 3.917979002 0.050254658 0.832167625 -0.167572111 0.526204586
1753905412447611648.000000 -3.470861435 1.369128585 3.918272018 0.050518926 0.832320809 -0.167844236 0.525850058
1753905412514295296.000000 -3.470290661 1.368959665 3.918800354 0.050660312 0.832345724 -0.167972773 0.525756061
1753905412547637248.000000 -3.469958067 1.368707418 3.917941093 -0.050670296 -0.832313776 0.167848036 -0.525845468
1753905412614321152.000000 -3.469539404 1.368636131 3.919111013 -0.050362080 -0.832720518 0.167310432 -0.525402308
1753905412647663104.000000 -3.469201088 1.368639708 3.919520140 -0.050654970 -0.832913339 0.167127728 -0.525126398
1753905412714347008.000000 -3.470473289 1.369237304 3.920285463 -0.050240479 -0.832870126 0.167395920 -0.525149405
1753905412747688960.000000 -3.471436501 1.369526505 3.920339108 -0.050541945 -0.832801878 0.167070329 -0.525332332
1753905412814372864.000000 -3.470437765 1.368928552 3.919280052 0.050399009 0.833056033 -0.166605249 0.525090873
1753905412847714048.000000 -3.470605373 1.368965387 3.919186831 0.050332610 0.833147287 -0.166541010 0.524972796
1753905412881055488.000000 -3.470000267 1.368764877 3.918798208 0.050232921 0.833145618 -0.166451007 0.525013506
1753905412947739904.000000 -3.469570875 1.368759155 3.918520927 0.049947869 0.833085477 -0.165848568 0.525326550
1753905412981081600.000000 -3.468924046 1.368382573 3.919141769 0.049937353 0.833135843 -0.165704206 0.525293410
1753905413047765760.000000 -3.469922066 1.370298266 3.920125246 -0.050050016 -0.833309412 0.165887371 -0.524949431
1753905413081107712.000000 -3.470256090 1.368946552 3.919313431 -0.049796842 -0.833323658 0.165699422 -0.525010288
1753905413147791360.000000 -3.469655514 1.368572712 3.918354034 -0.049896367 -0.833082378 0.165276870 -0.525516689
1753905413181133568.000000 -3.470113277 1.368521929 3.917906046 -0.050031260 -0.833053529 0.165226057 -0.525565386
1753905413214475520.000000 -3.469685793 1.368504643 3.917973518 -0.050162796 -0.833062530 0.165188715 -0.525550485
1753905413281159168.000000 -3.468970060 1.368436337 3.919167995 -0.050176647 -0.833145082 0.165373281 -0.525360167
1753905413347840768.000000 -3.469242334 1.368542314 3.919085741 0.049988233 0.832965493 -0.165417984 0.525648713
1753905413381182208.000000 -3.469578505 1.368234634 3.918159246 0.049869183 0.832912147 -0.165276229 0.525789201
1753905413447864832.000000 -3.469505548 1.368137360 3.917605162 0.049738269 0.833026588 -0.164773121 0.525778115
1753905413481206016.000000 -3.469956398 1.368273020 3.917779684 0.049706269 0.833124518 -0.164735883 0.525637746
1753905413547888896.000000 -3.468289375 1.367949247 3.916726351 -0.048948910 -0.833099365 0.164892778 -0.525699496
1753905413581230080.000000 -3.468809128 1.367086172 3.916600227 -0.048910651 -0.833079040 0.164496660 -0.525859296
1753905413647912704.000000 -3.468650341 1.368047953 3.918215513 -0.048886374 -0.833169162 0.164038330 -0.525861919
1753905413681254144.000000 -3.469383955 1.368350506 3.918308735 -0.048714735 -0.833195388 0.163889274 -0.525882781
1753905413747935744.000000 -3.468672991 1.368230343 3.919057131 -0.047853880 -0.833124220 0.163712099 -0.526129723
1753905413781277184.000000 -3.468641520 1.368245244 3.919552326 -0.047513898 -0.833000839 0.163580328 -0.526396811
1753905413847960064.000000 -3.468546629 1.368253708 3.919540882 0.047751650 0.832855999 -0.163627356 0.526589870
1753905413881301248.000000 -3.469105005 1.368382573 3.919352531 0.047463875 0.832843959 -0.163770989 0.526590228
1753905413947983872.000000 -3.469517946 1.368731380 3.919759274 0.047470175 0.832700253 -0.163686395 0.526843131
1753905413981325056.000000 -3.468847513 1.368605494 3.919504166 0.047099754 0.832635939 -0.163451046 0.527051151
1753905414048007936.000000 -3.469926834 1.368804097 3.919960499 0.047201771 0.832623422 -0.163226560 0.527131379
1753905414081349376.000000 -3.468841076 1.368472576 3.919497013 -0.047137015 -0.832599699 0.163446203 -0.527106404
1753905414148032000.000000 -3.467540026 1.367813587 3.918540239 -0.047156189 -0.832618058 0.163412437 -0.527086258
1753905414181372416.000000 -3.468370914 1.367863774 3.918299437 -0.047101360 -0.832609713 0.163227856 -0.527161598
1753905414281396224.000000 -3.468745947 1.368112564 3.918775797 -0.046855949 -0.832713425 0.162716195 -0.527177751
1753905414314737408.000000 -3.469228506 1.368310809 3.919014931 -0.046912022 -0.832784891 0.162680775 -0.527070820
1753905414348078336.000000 -3.468212128 1.368190885 3.916317940 0.047162469 0.832780302 -0.162780583 0.527024806
1753905414414760448.000000 -3.468152523 1.368037820 3.915669918 0.047338288 0.832619965 -0.163126335 0.527155578
1753905414448101376.000000 -3.468002319 1.368088961 3.915309429 0.047560010 0.832528055 -0.162955046 0.527333677
1753905414514783232.000000 -3.467653275 1.368279934 3.914782047 0.047421869 0.832495809 -0.162889689 0.527417123
1753905414581465344.000000 -3.468566656 1.368220448 3.916014910 0.047194570 0.832402885 -0.163144007 0.527505636
1753905414614805248.000000 -3.468932152 1.367684841 3.916428328 -0.046925757 -0.832367599 0.163044631 -0.527615964
1753905414681487360.000000 -3.470092058 1.368553877 3.918855429 -0.046610042 -0.832153320 0.163206846 -0.527931750
1753905414714828032.000000 -3.468845606 1.368134022 3.919071913 -0.046721112 -0.832252502 0.163295761 -0.527738094
1753905414748169216.000000 -3.468211174 1.367961884 3.918785810 -0.046505712 -0.832302928 0.163515240 -0.527609646
1753905414814851072.000000 -3.467804909 1.368213892 3.918928146 -0.046522614 -0.832092226 0.163919091 -0.527815163
1753905414848192256.000000 -3.467335701 1.367520094 3.917968512 0.046762191 0.832002401 -0.163842157 0.527959287
1753905414914874112.000000 -3.468026876 1.367774367 3.917845964 0.047102086 0.832116604 -0.163976565 0.527707458
1753905414948214784.000000 -3.467866421 1.367824554 3.918899059 0.047037221 0.832289338 -0.164106280 0.527400255
1753905415014896640.000000 -3.467984438 1.367910624 3.919381857 0.047151811 0.832332551 -0.164047942 0.527340114
1753905415048237824.000000 -3.469368935 1.368361950 3.919486046 0.047249593 0.832336724 -0.163914695 0.527366161
1753905415114918656.000000 -3.467981577 1.367836952 3.918237925 -0.047249444 -0.832526207 0.163489982 -0.527198970
1753905415181600512.000000 -3.469023466 1.368430614 3.919658661 -0.047378987 -0.832789063 0.163126960 -0.526884556
1753905415214941440.000000 -3.469383478 1.369103670 3.919434071 -0.047600728 -0.832783580 0.162973821 -0.526920378
1753905415248282112.000000 -3.469221115 1.369202971 3.919659376 -0.047697272 -0.832879186 0.162927762 -0.526774943
1753905415314965760.000000 -3.470397949 1.369498968 3.920606852 -0.047637012 -0.832968235 0.163229004 -0.526546240
1753905415381649920.000000 -3.468420267 1.368001699 3.918138981 0.048081834 0.832978010 -0.162819862 0.526617050
1753905415414991616.000000 -3.468433380 1.367488861 3.916538000 0.048071850 0.833012402 -0.162745953 0.526586354
1753905415481675520.000000 -3.468060970 1.367150784 3.915151358 0.048091393 0.833135307 -0.162795901 0.526374698
1753905415515016448.000000 -3.468252182 1.367149234 3.914733171 0.048004206 0.833039880 -0.162888229 0.526505053
1753905415548358656.000000 -3.467726231 1.367016792 3.915117979 0.047807198 0.833003521 -0.162800416 0.526607692
1753905415615042560.000000 -3.470295191 1.368454695 3.918944836 -0.047853999 -0.832909822 0.163187370 -0.526631892
1753905415648384512.000000 -3.468718290 1.367258310 3.918301582 -0.048112690 -0.833133519 0.163101137 -0.526281118
1753905415715068416.000000 -3.469070196 1.368221521 3.918372393 -0.047743756 -0.833646476 0.163283840 -0.525445104
1753905415748410368.000000 -3.468549967 1.368049622 3.917898893 -0.047686890 -0.833641231 0.163212880 -0.525480568
1753905415815094528.000000 -3.468145370 1.367892504 3.918186188 -0.047756933 -0.833516121 0.163099289 -0.525708020
1753905415848436480.000000 -3.469204903 1.368286371 3.918106556 -0.047838904 -0.833568633 0.163169816 -0.525595367
1753905415915120384.000000 -3.467199326 1.367569685 3.918352365 0.047705539 0.833720386 -0.163221151 0.525350809
1753905415948462592.000000 -3.467851162 1.367748499 3.918345451 0.047772862 0.833597422 -0.163074195 0.525585473
1753905415981803520.000000 -3.468061209 1.367801905 3.918312550 0.047799803 0.833506942 -0.162911236 0.525776923
1753905416048487680.000000 -3.467423677 1.367407680 3.918268681 0.047806885 0.833574414 -0.162445322 0.525813520
1753905416081829632.000000 -3.467212439 1.367576838 3.918990612 0.047673814 0.833809316 -0.162080571 0.525565624
1753905416148513536.000000 -3.467565536 1.367540240 3.918100834 -0.047513880 -0.834124625 0.161301821 -0.525319219
1753905416181855744.000000 -3.467630148 1.367616892 3.918024778 -0.047672901 -0.834260046 0.161168903 -0.525130630
1753905416248539648.000000 -3.467486143 1.367908239 3.917772055 -0.047821619 -0.834227920 0.161138728 -0.525177419
1753905416281881088.000000 -3.467135191 1.367284536 3.916708469 -0.047938086 -0.834349394 0.160641685 -0.525126040
1753905416348562944.000000 -3.467407465 1.367455125 3.917357445 -0.047880333 -0.834767878 0.159514904 -0.524809599
1753905416381904128.000000 -3.466953516 1.367317200 3.917798519 -0.047715783 -0.835036397 0.159291714 -0.524465144
1753905416448584960.000000 -3.463953972 1.366284251 3.918608427 0.047298104 0.835356236 -0.158845425 0.524128795
1753905416481925632.000000 -3.463952065 1.366385937 3.918911457 0.047114808 0.835280776 -0.158732370 0.524299741
1753905416515266816.000000 -3.464078188 1.366336584 3.918793201 0.047058351 0.835196555 -0.158770621 0.524427533
1753905416581948672.000000 -3.464921713 1.366541147 3.918238640 0.047198676 0.835008681 -0.159334362 0.524543047
1753905416615289600.000000 -3.464515924 1.366366625 3.918067217 0.047031544 0.834837198 -0.159733772 0.524709582
1753905416681971712.000000 -3.464270830 1.366944551 3.919180155 -0.047349319 -0.834696889 0.160167858 -0.524771869
1753905416748653568.000000 -3.467046976 1.367578506 3.917787313 -0.047830846 -0.834730387 0.160550103 -0.524558067
1753905416781994240.000000 -3.466724396 1.367101312 3.916251898 -0.048023399 -0.834681630 0.160550758 -0.524617851
1753905416815335168.000000 -3.466371298 1.366986156 3.915824652 -0.048087616 -0.834695518 0.160431907 -0.524626195
1753905416882016256.000000 -3.465249538 1.366797686 3.915249825 -0.047651757 -0.834797144 0.159862027 -0.524678290
1753905416915356928.000000 -3.460549831 1.365373850 3.915121317 -0.047121346 -0.835092068 0.159466997 -0.524376988
1753905416982038784.000000 -3.465927124 1.367180467 3.915679932 0.047080990 0.835237801 -0.159097269 0.524260759
1753905417015379712.000000 -3.465734482 1.367226362 3.915786266 0.046915513 0.835345626 -0.159064665 0.524113655
1753905417082061568.000000 -3.465307236 1.366689682 3.916484833 0.046716921 0.835240901 -0.159501448 0.524165511
1753905417115402496.000000 -3.466709137 1.366998553 3.916984320 0.046793837 0.835096419 -0.159472048 0.524397790
1753905417182084352.000000 -3.468353510 1.367516279 3.918745518 0.046647355 0.834973812 -0.159765020 0.524517000
1753905417215425024.000000 -3.465991020 1.367211699 3.916457415 -0.046564888 -0.834996402 0.159742817 -0.524495065
1753905417282105856.000000 -3.467226267 1.366699100 3.916366816 -0.046316475 -0.834901094 0.159670189 -0.524690926
1753905417315447296.000000 -3.467137337 1.366617203 3.916454554 -0.046118692 -0.834887624 0.159422249 -0.524805129
1753905417382129664.000000 -3.467170715 1.366818428 3.918303728 -0.046049047 -0.834887624 0.159238160 -0.524867177
1753905417415470848.000000 -3.466345787 1.366709352 3.919717550 -0.046124768 -0.835043728 0.159220189 -0.524617493
1753905417482153472.000000 -3.468459368 1.366558909 3.915195704 0.046234380 0.834814608 -0.159594432 0.524858713
1753905417515494400.000000 -3.468301535 1.366734624 3.914698601 0.046473905 0.834694207 -0.159736887 0.524985671
1753905417582176768.000000 -3.469618320 1.366731644 3.914191008 0.047001526 0.834720194 -0.159993529 0.524819195
1753905417648859136.000000 -3.469259739 1.366537571 3.913506746 0.047348268 0.834599853 -0.160726771 0.524755418
1753905417682200320.000000 -3.468050480 1.367823720 3.917977333 -0.047827523 -0.834589660 0.160989106 -0.524647653
1753905417748881920.000000 -3.467278242 1.367507577 3.918526411 -0.047776099 -0.834398210 0.161022827 -0.524946511
1753905417782223104.000000 -3.466368914 1.367228031 3.918418646 -0.047896877 -0.834476650 0.161004752 -0.524816334
1753905417848905216.000000 -3.465443850 1.367037535 3.918239355 -0.047943745 -0.834759533 0.161195442 -0.524303496
1753905417882246400.000000 -3.465681076 1.366953611 3.918066740 -0.047874670 -0.834699094 0.161349148 -0.524358630
1753905417948929024.000000 -3.464670181 1.366324306 3.916576862 -0.048087217 -0.834664047 0.160937920 -0.524521291
1753905417982269952.000000 -3.466544151 1.367276311 3.915395498 0.047869258 0.834559083 -0.160954967 0.524702966
1753905418048952320.000000 -3.467965841 1.367755651 3.916046619 0.047861811 0.834755182 -0.160957351 0.524390876
1753905418082293760.000000 -3.467077255 1.367394328 3.915955782 0.047657061 0.834734917 -0.161038637 0.524416864
1753905418148975872.000000 -3.467439413 1.367701530 3.916180849 0.047392219 0.834471107 -0.161126792 0.524833441
1753905418182316032.000000 -3.467485189 1.367836714 3.917752028 0.047383688 0.834455132 -0.161136627 0.524856448
1753905418248998656.000000 -3.465181828 1.366313219 3.914441586 -0.047154009 -0.834515452 0.161013499 -0.524819255
1753905418282339840.000000 -3.464580059 1.366110086 3.913872957 -0.046902299 -0.834438503 0.161139086 -0.524925530
1753905418349022464.000000 -3.465201378 1.367674470 3.915848494 -0.047136508 -0.834286273 0.161184698 -0.525132537
1753905418382363904.000000 -3.465381384 1.367883801 3.915165663 -0.047133636 -0.834253132 0.161090225 -0.525214374
1753905418415705088.000000 -3.464370251 1.366767168 3.911270142 -0.046855491 -0.834231973 0.160989538 -0.525303781
1753905418482387968.000000 -3.465407133 1.368043661 3.916617632 0.046981458 0.834390283 -0.161320224 0.524939537
1753905418515729152.000000 -3.467105627 1.367635727 3.916897535 0.046933986 0.834269404 -0.161171034 0.525181651
1753905418582412032.000000 -3.466626167 1.367536545 3.917110682 0.046790082 0.834248781 -0.161052942 0.525263548
1753905418615753472.000000 -3.466407061 1.367711186 3.917053223 0.046907708 0.834336936 -0.160978481 0.525135756
1753905418682435072.000000 -3.465258360 1.367974520 3.916193724 -0.046835747 -0.834553719 0.160751209 -0.524867237
1753905418749117952.000000 -3.465271473 1.366555214 3.918118715 -0.047072627 -0.834826291 0.159969151 -0.524651587
1753905418782459136.000000 -3.468206882 1.367464304 3.917399168 -0.047496818 -0.834961116 0.159579784 -0.524517238
1753905418815800320.000000 -3.469317436 1.366690278 3.918146133 -0.047575418 -0.835261881 0.159250692 -0.524131119
1753905418882483456.000000 -3.467241049 1.367367268 3.918322086 -0.047207378 -0.835802257 0.159200460 -0.523317516
1753905418915824640.000000 -3.467124701 1.367417336 3.918557882 -0.047111165 -0.835968554 0.158984840 -0.523126245
1753905418982507520.000000 -3.465770006 1.366897345 3.918339252 0.046734422 0.836560249 -0.158246890 0.522437394
1753905419015848960.000000 -3.465291977 1.366748929 3.918593407 0.046504322 0.837164462 -0.158021867 0.521557331
1753905419082530816.000000 -3.464392662 1.366285324 3.918117523 0.046026818 0.838510633 -0.158009678 0.519436598
1753905419115872256.000000 -3.464384794 1.366118312 3.917253017 0.046108410 0.839030981 -0.157731146 0.518673360
1753905419149213440.000000 -3.464143038 1.365919113 3.916810036 0.046185192 0.839690089 -0.157439783 0.517687500
1753905419215896064.000000 -3.465289593 1.366573930 3.919100285 -0.046880119 -0.841666639 0.157415375 -0.514412284
1753905419249237504.000000 -3.466401100 1.367291331 3.920129061 -0.047316883 -0.842735827 0.157722130 -0.512524545
1753905419315920128.000000 -3.464314222 1.366503596 3.919911623 -0.047500756 -0.845521629 0.157965571 -0.507822633
1753905419349261568.000000 -3.465681076 1.367005467 3.919637918 -0.047729738 -0.847098887 0.157858133 -0.505199015
1753905419382602752.000000 -3.464990377 1.366772652 3.919558287 -0.047702108 -0.849092364 0.157738253 -0.501881897
1753905419449285376.000000 -3.463082552 1.366146564 3.920368910 -0.047020789 -0.854099452 0.157156646 -0.493563563
1753905419515966976.000000 -3.462884426 1.366168261 3.920743227 0.046360705 0.859467626 -0.156670868 0.484376341
1753905419549308160.000000 -3.462445259 1.366022825 3.920964003 0.046017442 0.862439156 -0.156399801 0.479187071
1753905419615990528.000000 -3.463676929 1.366361260 3.920564651 0.045382842 0.868832290 -0.155977815 0.467698365
1753905419682672896.000000 -3.462878227 1.366198659 3.921370506 0.045554124 0.875280440 -0.156074941 0.455466360
1753905419716014336.000000 -3.462014675 1.365914226 3.921504498 0.045812577 0.878382683 -0.156466827 0.449292004
1753905419749355776.000000 -3.461588383 1.365940690 3.922687054 0.046241377 0.881553888 -0.157017738 0.442797929
1753905419816038144.000000 -3.461163044 1.366357923 3.926038265 0.046427559 0.887696505 -0.158582211 0.429757029
1753905419849379328.000000 -3.452913761 1.367679596 3.938477993 -0.046632245 -0.891272306 0.158798620 -0.422187328
1753905419916062208.000000 -3.448562145 1.367734909 3.944111347 -0.045515034 -0.897214234 0.158725470 -0.409562349
1753905419949403136.000000 -3.446002483 1.367442846 3.946274757 -0.044889387 -0.900112450 0.158670962 -0.403244406
1753905420016084736.000000 -3.444016218 1.365334868 3.950038433 0.044313230 0.905956507 -0.158192068 0.390197963
1753905420049426176.000000 -3.443005085 1.364907384 3.950705528 0.044411127 0.908759952 -0.158160165 0.383625418
1753905420116108544.000000 -3.443462610 1.365519166 3.951447487 0.044898581 0.913784683 -0.158641309 0.371234149
1753905420149449728.000000 -3.443176508 1.365849018 3.951890469 0.045041867 0.916061282 -0.158769399 0.365506977
1753905420216132096.000000 -3.441936970 1.365952015 3.953503609 0.044750713 0.920134425 -0.157925382 0.355541408
1753905420249473280.000000 -3.441574574 1.366337061 3.954683304 0.044763133 0.921656489 -0.158091381 0.351500720
1753905420316155648.000000 -3.438057423 1.364762902 3.962179661 -0.045317590 -0.924143374 0.158446059 -0.344674110
1753905420349496832.000000 -3.437517166 1.364320755 3.962286472 -0.045836151 -0.924951017 0.158798277 -0.342268586
1753905420416177920.000000 -3.437435627 1.362780809 3.963521004 -0.047250427 -0.925911188 0.159865603 -0.338967323
1753905420449519104.000000 -3.437493563 1.362265348 3.963590145 -0.047644239 -0.926032186 0.160415724 -0.338321328
1753905420516201216.000000 -3.439547777 1.365506530 3.957446098 0.048412271 0.925155044 -0.161959782 0.339872897
1753905420582883328.000000 -3.439625502 1.365537047 3.956545353 0.048907686 0.923907876 -0.162276343 0.343028903
1753905420616224256.000000 -3.439158916 1.365299225 3.957004070 0.049217824 0.923321545 -0.162077680 0.344653070
1753905420682906368.000000 -3.438363075 1.365093946 3.957530499 0.049559876 0.921980560 -0.161145896 0.348608345
1753905420716247552.000000 -3.437086105 1.364494681 3.956226826 0.049728341 0.920875847 -0.160516128 0.351780236
1753905420782929664.000000 -3.437115192 1.364084363 3.953961372 0.050216824 0.916840672 -0.159264535 0.362652004
1753905420816270848.000000 -3.438213825 1.364247561 3.953758717 -0.049936313 -0.913994551 0.158798695 -0.370004684
1753905420882951680.000000 -3.437110424 1.363525152 3.951815128 -0.048532926 -0.906809747 0.158784151 -0.387463987
1753905420949633792.000000 -3.433150768 1.361101985 3.956232548 -0.046763852 -0.899030805 0.157692134 -0.405820280
1753905420982974720.000000 -3.432107925 1.360549688 3.952970028 -0.045892388 -0.894865036 0.157338411 -0.415156692
1753905421049656832.000000 -3.441963911 1.364021540 3.934528351 0.044988550 0.884765148 -0.158242881 0.436034411
1753905421082998016.000000 -3.443561316 1.364317179 3.930377960 0.044711459 0.879500508 -0.158358067 0.446545094
1753905421149679872.000000 -3.446979761 1.364708662 3.921831131 0.044784542 0.868333340 -0.157912850 0.468033165
1753905421183021056.000000 -3.449435234 1.364670634 3.917138815 0.045548867 0.862455606 -0.158321619 0.478570849
1753905421249703168.000000 -3.453234434 1.362365007 3.908885479 0.046729613 0.850584626 -0.158958778 0.499053329
1753905421283044352.000000 -3.447760344 1.361343622 3.924217463 -0.047059979 -0.845443368 0.159320101 -0.507570744
1753905421349726208.000000 -3.446582317 1.359258771 3.915953398 -0.048849180 -0.832449853 0.159607708 -0.528361917
1753905421383067648.000000 -3.447137594 1.358887434 3.911964893 -0.049368463 -0.825326920 0.159850657 -0.539301515
1753905421449750528.000000 -3.447682142 1.358364224 3.902357340 -0.048605368 -0.809800744 0.159985572 -0.562374234
1753905421483091968.000000 -3.447577953 1.357562542 3.898215294 -0.047183111 -0.801262736 0.159712955 -0.574668229
1753905421516433408.000000 -3.457206488 1.356868029 3.885120869 0.045743659 0.791132927 -0.159276769 0.588767469
1753905421583116544.000000 -3.455378771 1.355983734 3.875340939 0.042262990 0.770330727 -0.158659264 0.616142631
1753905421649799424.000000 -3.453037977 1.354553461 3.865298033 0.039499436 0.748967707 -0.159002647 0.642032206
1753905421683140864.000000 -3.452884197 1.349936962 3.860378742 0.038709324 0.738983035 -0.158376440 0.653699219
1753905421716482048.000000 -3.451505661 1.348310590 3.855119705 0.037935160 0.729696095 -0.158023641 0.664178550
1753905421749822976.000000 -3.448407173 1.346472740 3.847255707 -0.038198825 -0.721499264 0.156542212 -0.673404992
1753905421816505600.000000 -3.444663048 1.343714476 3.832621574 -0.038953055 -0.707934737 0.151461795 -0.688745558
1753905421849847040.000000 -3.452069759 1.343561172 3.830375433 0.038828917 0.702513099 -0.148619667 0.694895685
1753905421883188480.000000 -3.450914860 1.341214657 3.825052977 0.039402995 0.697924256 -0.145588115 0.700109482
1753905421916530176.000000 -3.448507786 1.340099573 3.821615219 0.040447332 0.693933487 -0.142982885 0.704539835
1753905421983213056.000000 -3.444905758 1.339262009 3.812473297 0.043504782 0.685186684 -0.137650043 0.713918090
1753905422016554240.000000 -3.443838835 1.341965675 3.808158159 0.045449756 0.680687129 -0.134990916 0.718593657
1753905422049895936.000000 -3.444339037 1.341757536 3.805297852 0.046827666 0.676334381 -0.132356942 0.723091125
1753905422116578816.000000 -3.444205761 1.341222763 3.800704002 0.049065035 0.667004228 -0.127815872 0.732366920
1753905422183260928.000000 -3.438563585 1.342731714 3.787155151 0.051057976 0.655833960 -0.124254026 0.742856622
1753905422216602368.000000 -3.439625263 1.342626214 3.786156178 0.051453531 0.651073396 -0.122557864 0.747285485
1753905422249943808.000000 -3.439679861 1.342543602 3.785471439 0.052413736 0.646580279 -0.121037848 0.751356542
1753905422316626432.000000 -3.438033104 1.343214989 3.784711599 0.054776646 0.638458967 -0.118842393 0.758449852
1753905422349967360.000000 -3.438053846 1.334073424 3.785390854 0.053221729 0.634365082 -0.117343165 0.762219787
1753905422416649728.000000 -3.437286377 1.334020495 3.785414457 0.052930132 0.623690724 -0.113615796 0.771556675
1753905422449991168.000000 -3.435515642 1.333664417 3.784748793 0.053104762 0.617155254 -0.112827577 0.776897192
1753905422516673536.000000 -3.434658051 1.333363771 3.784163713 0.053906221 0.602667511 -0.111480020 0.788326263
1753905422550014720.000000 -3.433433294 1.332614541 3.783495665 0.054966718 0.595307767 -0.110435829 0.793971837
1753905422616697088.000000 -3.433198452 1.332991958 3.779661655 0.055872913 0.579679430 -0.108618930 0.805637538
1753905422650036992.000000 -3.433240414 1.332207084 3.778677940 0.055575810 0.571618915 -0.106717311 0.811649323
1753905422683378432.000000 -3.431396961 1.332553506 3.777589798 0.055625170 0.563275516 -0.104831189 0.817702234
1753905422750060800.000000 -3.427809000 1.330365539 3.769514084 0.053303394 0.544379354 -0.101256229 0.830997705
1753905422783401984.000000 -3.412396431 1.324548364 3.757832050 0.051575549 0.533486545 -0.099155128 0.838391602
1753905422850084352.000000 -3.407333851 1.321092129 3.751891375 0.050415155 0.512925804 -0.097395934 0.851398587
1753905422883425280.000000 -3.405841589 1.319558501 3.746294975 0.050925404 0.501846671 -0.096202023 0.858080268
1753905422950107648.000000 -3.399642706 1.316771030 3.740495682 0.051227953 0.479461640 -0.092911176 0.871125638
1753905422983448832.000000 -3.394459486 1.316770077 3.736820221 0.051390413 0.467379242 -0.090633996 0.877895892
1753905423050131200.000000 -3.386147261 1.315391779 3.731006145 0.051051375 0.440677017 -0.086525500 0.892026305
1753905423083471360.000000 -3.425222158 1.327434421 3.763137102 0.049705159 0.432284832 -0.085267857 0.896319509
1753905423116812288.000000 -3.403331518 1.326579213 3.749142170 0.046695080 0.415312678 -0.086274222 0.904373646
1753905423183494656.000000 -3.398428440 1.326551080 3.746577024 0.042069092 0.385033667 -0.085331403 0.917985797
1753905423216835840.000000 -3.396269321 1.325503588 3.744014263 0.040023651 0.370624810 -0.083239160 0.924178898
1753905423283518208.000000 -3.389230490 1.323717356 3.734853268 0.035696886 0.342995822 -0.082456708 0.935029685
1753905423316859904.000000 -3.386090279 1.320749521 3.726356745 0.034202423 0.330686450 -0.082691804 0.939488530
1753905423383542784.000000 -3.383009672 1.313867211 3.714047909 0.035211578 0.307221889 -0.085597351 0.947126210
1753905423450225664.000000 -3.379702568 1.321169138 3.729700089 0.038586468 0.285791427 -0.085310526 0.953706682
1753905423483567360.000000 -3.369441748 1.317441940 3.722061634 0.038822256 0.273856163 -0.083746284 0.957330763
1753905423550249216.000000 -3.356050491 1.315342426 3.711726904 0.038238198 0.253453255 -0.078821234 0.963372469
1753905423583590400.000000 -3.346440315 1.312241197 3.705775976 0.037620373 0.244378150 -0.075555146 0.965999722
1753905423650273280.000000 -3.345676422 1.318327785 3.721128464 0.036486208 0.232411101 -0.070622705 0.969363868
1753905423683614976.000000 -3.337746143 1.316758394 3.719331026 0.037397265 0.227194518 -0.067638539 0.970777631
1753905423716956416.000000 -3.332514763 1.314131260 3.716605663 0.038438033 0.223205090 -0.064735517 0.971859813
1753905423783639552.000000 -3.321807861 1.310696363 3.711743593 0.040965389 0.214843303 -0.059577227 0.973968625
1753905423816980480.000000 -3.317846775 1.308987021 3.710732222 0.041865665 0.209111348 -0.055864234 0.975396812
1753905423883663872.000000 -3.310636044 1.308750868 3.709892035 0.042105295 0.191494077 -0.048651222 0.979382634
1753905423917005056.000000 -3.308025360 1.309186578 3.710728407 0.041477691 0.179245695 -0.046061456 0.981849790
1753905423983687168.000000 -3.304758310 1.316217661 3.719560623 0.034694277 0.152436584 -0.038741298 0.986944079
1753905424050370304.000000 -3.299056292 1.317478180 3.722219944 0.028697599 0.127140969 -0.032596692 0.990933478
1753905424083711744.000000 -3.296664953 1.317482948 3.722995758 0.027100701 0.116056174 -0.030249098 0.992411971
1753905424150394624.000000 -3.299300671 1.320684075 3.722520828 0.025880562 0.097471111 -0.025095116 0.994585276
1753905424183736064.000000 -3.298881531 1.320510983 3.721956491 0.026014360 0.088662915 -0.022773119 0.995461464
1753905424250419200.000000 -3.296613455 1.320282817 3.721065044 0.025901983 0.070997328 -0.019449342 0.996950507
1753905424283760640.000000 -3.296023130 1.320110679 3.721170902 0.024983821 0.062434919 -0.017671412 0.997579813
1753905424350443008.000000 -3.295059681 1.320049524 3.721684694 0.022651942 0.045663230 -0.014595157 0.998593450
1753905424383783936.000000 -3.294864416 1.320350289 3.722384930 0.021587059 0.036827102 -0.013199372 0.999001265
1753905424483806720.000000 -3.293126822 1.320423961 3.722466707 0.019200794 0.007086906 -0.011496332 0.999724507
1753905424517147904.000000 -3.280469418 1.324889898 3.726212740 0.020256333 -0.006291674 -0.010975623 0.999714851
1753905424583830016.000000 -3.279673815 1.325139046 3.725422621 0.023534529 -0.035795454 -0.009848140 0.999033451
1753905424650512384.000000 -3.279430628 1.322750807 3.725194931 0.026345799 -0.072818108 -0.008938041 0.996957183
1753905424717194752.000000 -3.276155233 1.321542144 3.726353407 0.027689245 -0.115458414 -0.007833187 0.992895484
1753905424783877120.000000 -3.270051956 1.321612716 3.729485512 0.028485715 -0.162552267 -0.007056848 0.986263454
1753905424850558464.000000 -3.261348486 1.323077440 3.735910892 0.023867574 -0.207888231 -0.005888136 0.977843702
1753905424883899648.000000 -3.257493258 1.324408531 3.740642071 0.021289745 -0.227486804 -0.004433878 0.973538339
1753905424950582016.000000 -3.248183250 1.325284839 3.747513294 0.020167870 -0.261956692 -0.002667116 0.964865208
1753905425017264128.000000 -3.239305496 1.325012684 3.752218723 0.022345323 -0.289589792 -0.000758645 0.956889749
1753905425050605568.000000 -3.238513470 1.327332735 3.747859716 0.024981281 -0.300665855 0.000487588 0.953402221
1753905425117287680.000000 -3.229455471 1.326436639 3.752654076 0.029258750 -0.324502677 0.004477635 0.945421576
1753905425217311232.000000 -3.215526819 1.322963238 3.763448954 0.031648621 -0.351860523 0.015915556 0.935381889
1753905425283993856.000000 -3.211130857 1.323671579 3.770921230 0.029200282 -0.359793246 0.023161285 0.932287395
1753905425317334528.000000 -3.209365845 1.325454473 3.773991108 0.028526485 -0.362862825 0.025596060 0.931054115
1753905425384018176.000000 -3.205557346 1.325663090 3.779350996 0.026935333 -0.368640661 0.029114662 0.928725421
1753905425450701568.000000 -3.200720310 1.327489138 3.785613298 0.025614282 -0.377404124 0.032869574 0.925110579
1753905425484043008.000000 -3.200266600 1.329841733 3.787322521 0.024975028 -0.383312345 0.035658617 0.922592223
1753905425550726912.000000 -3.191952705 1.331270695 3.796185017 0.022367781 -0.402135372 0.040672462 0.914402843
1753905425617410304.000000 -3.191898346 1.331974268 3.800564766 0.016679108 -0.425306916 0.044772398 0.903787255
1753905425684093952.000000 -3.190791845 1.332089782 3.807077646 0.009666524 -0.448264509 0.049465463 0.892478943
1753905425750776320.000000 -3.187284470 1.331071377 3.812481165 0.008491615 -0.466530085 0.056430068 0.882662594
1753905425784118528.000000 -3.184465647 1.330516934 3.814793587 0.008532527 -0.473426849 0.060262840 0.878727853
1753905425850801920.000000 -3.179881811 1.328733563 3.818828344 0.008483188 -0.485640794 0.067429051 0.871512711
1753905425917485824.000000 -3.175994158 1.331392050 3.823131084 0.008177386 -0.500317097 0.071946442 0.862809241
1753905425984169216.000000 -3.175829172 1.329432487 3.825123310 0.006937459 -0.515888989 0.073698878 0.853451252
1753905426050852864.000000 -3.175894260 1.329250693 3.827961683 0.005669388 -0.532195389 0.073529378 0.843403518
1753905426117536512.000000 -3.174356461 1.328398466 3.830747128 0.006345110 -0.549115896 0.073577017 0.832477033
1753905426184219136.000000 -3.172966003 1.329148531 3.833155155 0.007997793 -0.568174958 0.074247062 0.819512427
1753905426250903040.000000 -3.171040058 1.327249169 3.837096453 0.010723221 -0.589821935 0.076959953 0.803786337
1753905426317585664.000000 -3.165286064 1.334447861 3.846668959 0.017557982 -0.614710748 0.082253858 0.784255624
1753905426384268288.000000 -3.164637327 1.337088943 3.851805449 0.022518620 -0.640603244 0.084565215 0.762869000
1753905426450950912.000000 -3.164481401 1.340392351 3.859536648 0.022183320 -0.667054057 0.082683057 0.740074575
1753905426517633536.000000 -3.162875175 1.342086315 3.868537188 0.021958778 -0.691460967 0.083099812 0.717282474
1753905426584316160.000000 -3.159363985 1.340906620 3.878247023 0.024567271 -0.712972820 0.088867120 0.695103526
1753905426650997760.000000 -3.155502796 1.340919495 3.889852524 0.028864753 -0.732448697 0.095561929 0.673463941
1753905426717680384.000000 -3.158034325 1.339677572 3.895067692 0.028328942 -0.748396456 0.099853404 0.655079842
1753905426784363008.000000 -3.159822702 1.341104031 3.904975653 0.025040615 -0.762509525 0.103524394 0.638149619
1753905426817704448.000000 -3.155532122 1.343313336 3.918096781 0.023498833 -0.770136654 0.106937110 0.628412187
1753905426917728256.000000 -3.157979488 1.345702887 3.932116032 0.021899788 -0.788570881 0.116208330 0.603466749
1753905426984410880.000000 -3.160142183 1.346413612 3.939303398 0.021470034 -0.799947917 0.121339999 0.587281048
1753905427017752064.000000 -3.161641598 1.347390413 3.941737175 0.020990474 -0.805417120 0.123604812 0.579296649
1753905427084433920.000000 -3.166431665 1.348034382 3.948112011 0.018152062 -0.816621423 0.127866447 0.562539101
1753905427151116288.000000 -3.171846628 1.349493027 3.955891132 0.014740356 -0.829971850 0.130995616 0.542005241
1753905427217798656.000000 -3.177709579 1.349779248 3.963532686 0.009563797 -0.843817174 0.133999586 0.519543409
1753905427284481792.000000 -3.180473328 1.348430037 3.967913151 0.004368331 -0.854731798 0.137647122 0.500467598
1753905427351164416.000000 -3.183954239 1.350284338 3.976670265 -0.003331076 0.864519060 -0.143135786 -0.481775790
1753905427417847040.000000 -3.185972691 1.349100113 3.980322361 -0.003028638 0.874976397 -0.147468850 -0.461150944
1753905427451188480.000000 -3.186984539 1.350176096 3.981601000 -0.002984063 0.880852759 -0.149461642 -0.449166775
1753905427517870080.000000 -3.189547539 1.350064158 3.984461308 -0.001879505 0.893417180 -0.150190711 -0.423373491
1753905427584552960.000000 -3.194783211 1.350958109 3.988355160 -0.000701653 0.905937433 -0.149811983 -0.396021903
1753905427651235584.000000 -3.199611187 1.352284431 3.993560791 -0.001043231 0.917927504 -0.152061954 -0.366449445
1753905427717918464.000000 -3.205639839 1.352825403 3.999991417 -0.001232084 0.929529965 -0.156840757 -0.333726883
1753905427784601088.000000 -3.209058762 1.351659060 4.008412838 0.001542694 -0.939388275 0.164118990 0.301018894
1753905427851283968.000000 -3.216885567 1.355220556 4.015929699 -0.000942823 0.947638273 -0.171043396 -0.269675910
1753905427884625152.000000 -3.220993519 1.356580257 4.018988132 -0.000617667 0.951346695 -0.173545957 -0.254599720
1753905427951308032.000000 -3.229970932 1.358378649 4.025687695 0.000094105 0.957923949 -0.179427981 -0.224025309
1753905428017989632.000000 -3.240628719 1.360751867 4.031752110 0.002546824 0.963477314 -0.184440166 -0.194131136
1753905428084672512.000000 -3.251355648 1.363481283 4.037186623 0.005751411 0.967983723 -0.189209491 -0.164846182
1753905428151355392.000000 -3.261740208 1.365677238 4.040743351 0.007888523 0.971866250 -0.192839921 -0.135005936
1753905428218037760.000000 -3.271337032 1.362533808 4.045302391 -0.010386600 -0.974725783 0.196544424 0.105698034
1753905428284720640.000000 -3.279462337 1.364331603 4.047347069 0.010169395 0.976058245 -0.202937976 -0.077608712
1753905428351404032.000000 -3.287001133 1.365057707 4.045425415 0.010723444 0.977216959 -0.206003353 -0.049946763
1753905428418086656.000000 -3.294234276 1.364663124 4.039505005 0.010680289 0.978377521 -0.205561519 -0.020195596
1753905428484770048.000000 -3.300472975 1.364639521 4.030880928 0.010400681 0.979629695 -0.200413212 0.007217477
1753905428551453440.000000 -3.308044672 1.363545418 4.021759510 0.009646031 0.980658531 -0.192573413 0.033634823
1753905428651478528.000000 -3.319265366 1.363352656 4.011159420 0.007440850 0.979745626 -0.183102384 0.080725782
1753905428718161920.000000 -3.330919743 1.362462163 4.007603168 -0.011648061 -0.977638483 0.180059895 -0.108008698
1753905428784845056.000000 -3.335281372 1.363774776 4.007375717 0.015175591 0.974758208 -0.181090906 0.129701018
1753905428851527936.000000 -3.340538025 1.363617420 4.010563850 0.016285118 0.971450865 -0.185442522 0.147068679
1753905428918211328.000000 -3.341973066 1.364340544 4.015746593 0.014827859 0.967582583 -0.189508289 0.166285098
1753905428951552768.000000 -3.343795300 1.366114497 4.016837597 0.013848179 0.965106905 -0.191544294 0.178010479
1753905429018236416.000000 -3.347801208 1.368971705 4.020781994 0.011038423 0.958816111 -0.196453080 0.204831854
1753905429084919808.000000 -3.353794813 1.370645285 4.022666931 0.009778219 0.951814830 -0.197907344 0.234063104
1753905429151603456.000000 -3.362739086 1.370868444 4.021602631 0.009780098 0.943775654 -0.198860854 0.263906002
1753905429184945408.000000 -3.367412806 1.372667193 4.019131660 0.009710613 0.939453304 -0.199274659 0.278608888
1753905429251628544.000000 -3.376104355 1.372793913 4.015134335 0.010543789 0.930657685 -0.199464455 0.306560189
1753905429318417664.000000 -3.384359360 1.368315220 4.012498856 0.011627839 0.921056211 -0.198973030 0.334559381
1753905429351835904.000000 -3.389593601 1.365765214 4.007530212 -0.012276672 -0.915955007 0.199038863 -0.348223120
1753905429418673920.000000 -3.393454552 1.365686655 3.999354839 0.014769392 0.907138348 -0.196296141 0.371954113
1753905429485513984.000000 -3.399464846 1.364796042 3.991152763 0.014845493 0.898766577 -0.193581685 0.393096060
1753905429518934784.000000 -3.402702093 1.363690019 3.986846447 0.014290478 0.894861877 -0.191705063 0.402824163
1753905429585777408.000000 -3.407892704 1.362343192 3.980036736 0.013850138 0.886793375 -0.190052614 0.421053231
1753905429652622336.000000 -3.415114403 1.362849355 3.971693039 0.014478028 0.879457295 -0.186903343 0.437507123
1753905429719469568.000000 -3.423175573 1.360651851 3.962400436 -0.015679760 -0.871898532 0.185851842 -0.452776194
1753905429752892416.000000 -3.424573421 1.360451221 3.959198952 -0.016489055 -0.868517816 0.184261113 -0.459840059
1753905429819742464.000000 -3.422566414 1.360843420 3.962139606 0.017980875 0.862490714 -0.180924863 0.472284555
1753905429886594304.000000 -3.426977158 1.356703162 3.956873178 -0.019911541 -0.857220292 0.181781903 -0.481385797
1753905429920020736.000000 -3.430586815 1.360144019 3.954859018 0.021795394 0.854921460 -0.183674335 0.484662801
1753905429986875648.000000 -3.435722828 1.360655069 3.950542927 0.025792504 0.850886881 -0.185215771 0.490939349
1753905430020303616.000000 -3.437862396 1.361766815 3.950422287 0.027478177 0.848289490 -0.185374349 0.495263845
1753905430087161088.000000 -3.439493895 1.363731623 3.946634054 0.032330137 0.842786908 -0.183501229 0.504967630
1753905430154020864.000000 -3.442228079 1.368139386 3.940642595 0.036324449 0.836138606 -0.183303222 0.515706003
1753905430220881408.000000 -3.442476273 1.370154738 3.935147047 0.040125329 0.831193209 -0.177941188 0.525209248
1753905430287704832.000000 -3.440173864 1.366979957 3.931369305 -0.041497674 -0.825995088 0.173617363 -0.534665465
1753905430321038592.000000 -3.444568872 1.359931469 3.928911448 0.041128706 0.822051346 -0.172706172 0.541029274
1753905430387706368.000000 -3.442818642 1.360836387 3.926772118 0.041667257 0.812803388 -0.171719983 0.555091739
1753905430454373632.000000 -3.440865993 1.362170219 3.923158646 0.040661380 0.801475525 -0.167938396 0.572521150
1753905430521040640.000000 -3.440245390 1.363480091 3.920175314 0.037498437 0.788345575 -0.164263606 0.591711640
1753905430587707648.000000 -3.439425707 1.364031672 3.916979313 0.033056889 0.772453606 -0.162640378 0.613001525
1753905430621041152.000000 -3.440884829 1.363971710 3.914604664 0.031942368 0.763856113 -0.162447035 0.623790443
1753905430687706368.000000 -3.443687916 1.362112522 3.908853531 0.031070707 0.747562289 -0.161390543 0.643535793
1753905430754372608.000000 -3.444411755 1.363032341 3.899520874 0.030857276 0.731874585 -0.160165638 0.661630213
1753905430821038592.000000 -3.443521500 1.355455399 3.896918774 0.028055536 0.718849957 -0.154054701 0.677299738
1753905430854371584.000000 -3.441016674 1.358127832 3.889203548 0.027163528 0.712306738 -0.152018368 0.684669018
1753905430921037312.000000 -3.439983368 1.358472586 3.882325411 0.024618594 0.700722992 -0.148646712 0.697341681
1753905430987702272.000000 -3.442484379 1.354514122 3.880445004 -0.023061464 -0.688038588 0.148411766 -0.709961414
1753905431021035008.000000 -3.444132328 1.354268551 3.877406597 -0.023220705 -0.680919051 0.149088830 -0.716646850
1753905431087698688.000000 -3.447704315 1.352910757 3.872284412 -0.022802314 -0.664489210 0.151168674 -0.731493175
1753905431154363392.000000 -3.450752497 1.351227999 3.867198706 -0.019772889 -0.647166669 0.152020186 -0.746775925
1753905431221027584.000000 -3.447746515 1.352624178 3.859299660 0.017687360 0.630761802 -0.153556406 0.760425746
1753905431254360064.000000 -3.449830055 1.347993135 3.855446577 0.017896239 0.623033881 -0.154222757 0.766631544
1753905431321027072.000000 -3.451609135 1.344052076 3.846341372 0.021592533 0.611930668 -0.153335646 0.775604844
1753905431354361344.000000 -3.451029062 1.345195055 3.843088150 0.022635419 0.606877387 -0.153135851 0.779574871
1753905431421029888.000000 -3.446611404 1.349147081 3.832088947 0.024240233 0.594412565 -0.152673125 0.789162219
1753905431454363904.000000 -3.450548649 1.339603662 3.830037594 0.024367856 0.587890983 -0.149834082 0.794569194
1753905431521030400.000000 -3.447844028 1.336062074 3.819229603 0.026199266 0.575957060 -0.145922378 0.803924084
1753905431554364416.000000 -3.446572065 1.335780859 3.813006401 0.028330320 0.570468366 -0.143938720 0.808111906
1753905431621031936.000000 -3.443863392 1.333939910 3.804009438 0.031720728 0.558582485 -0.139134809 0.817080796
1753905431687699200.000000 -3.442513227 1.332083225 3.797711849 0.034817584 0.544101119 -0.133688793 0.827568173
1753905431721032704.000000 -3.432747602 1.335808396 3.795205593 0.036663473 0.535838544 -0.131807089 0.833162487
1753905431787699712.000000 -3.431842804 1.333188176 3.789771557 0.038870700 0.516772211 -0.127597839 0.845668018
1753905431854366464.000000 -3.430024147 1.333155394 3.787647247 0.039919794 0.496952623 -0.123555534 0.858008504
1753905431887699712.000000 -3.425792694 1.329104900 3.773857355 0.039710730 0.485848784 -0.121077985 0.864704669
1753905431954365952.000000 -3.426049471 1.327391386 3.771752834 0.039671171 0.468609214 -0.118355021 0.874541998
1753905432021030912.000000 -3.431246042 1.331985474 3.784151554 0.039535172 0.454383433 -0.117680863 0.882113397
1753905432054363904.000000 -3.430297375 1.333245277 3.784922600 0.039074223 0.447242260 -0.116136409 0.885979712
1753905432121029632.000000 -3.429063559 1.334311724 3.785274506 0.037677698 0.433631212 -0.114129126 0.893039167
1753905432154362112.000000 -3.429464340 1.334100723 3.785023689 0.036657847 0.427089065 -0.113530010 0.896304727
1753905432221027584.000000 -3.430075884 1.333753824 3.784376621 0.035073843 0.415035605 -0.111848578 0.902222335
1753905432254360320.000000 -3.431114674 1.333456039 3.783513546 0.034433786 0.408189714 -0.111886412 0.905360162
1753905432321028096.000000 -3.432326078 1.333070636 3.782311440 0.032924876 0.391980320 -0.112204224 0.912511766
1753905432354362368.000000 -3.432657242 1.333089948 3.781611443 0.032179475 0.383035690 -0.112236731 0.916324794
1753905432421030400.000000 -3.420686007 1.332764983 3.770400524 0.028695641 0.363940209 -0.111352026 0.924296975
1753905432487698688.000000 -3.419624805 1.332256079 3.770231724 0.023764307 0.347410291 -0.111620672 0.930742860
1753905432521032960.000000 -3.420076847 1.332026958 3.769673824 0.021265421 0.340529531 -0.112235107 0.933268845
1753905432587700736.000000 -3.419507027 1.331420898 3.768582344 0.017102199 0.331799746 -0.114363745 0.936235785
1753905432654368512.000000 -3.418833017 1.331242919 3.768585682 0.015063690 0.331928611 -0.115825802 0.936045349
1753905432721036544.000000 -3.418331861 1.331557035 3.768486500 0.014181537 0.338541061 -0.115797825 0.933691442
1753905432754370048.000000 -3.418353081 1.331814170 3.767253876 0.013991795 0.342490047 -0.116104171 0.932214975
1753905432821037056.000000 -3.420169830 1.331438422 3.768076181 0.012953416 0.351245254 -0.117358439 0.928808928
1753905432887703296.000000 -3.421889067 1.331646800 3.770053864 0.012116733 0.361804098 -0.118711479 0.924585640
1753905432921036544.000000 -3.420432091 1.337181568 3.772909403 0.012256418 0.368847907 -0.119792037 0.921656609
1753905432987703040.000000 -3.419450521 1.337278128 3.774929047 0.011527454 0.386883199 -0.121743403 0.913984179
1753905433054369536.000000 -3.419810772 1.339119673 3.773356199 0.012874318 0.409196436 -0.123135887 0.904007852
1753905433087702272.000000 -3.421833515 1.337615609 3.774651766 0.012998566 0.421170712 -0.123993479 0.898371816
1753905433154368512.000000 -3.422865868 1.337400556 3.775122166 0.013965005 0.444451064 -0.125336081 0.886881709
1753905433187701248.000000 -3.423352003 1.337424159 3.775195360 0.014550388 0.455235690 -0.126172885 0.881265640
1753905433254366720.000000 -3.423463821 1.337729812 3.775933266 0.016224755 0.475326270 -0.127951324 0.870304644
1753905433321034240.000000 -3.430575371 1.339212775 3.786859274 0.016627001 0.494960934 -0.129583299 0.859037459
1753905433354369024.000000 -3.429823160 1.339238167 3.787873268 0.017241705 0.503762484 -0.131581649 0.853587925
1753905433421038336.000000 -3.434933186 1.340590715 3.803809643 0.017640505 0.524595439 -0.136238962 0.840194941
1753905433487707392.000000 -3.439284325 1.343570828 3.814122677 0.017940704 0.543978989 -0.140038744 0.827136159
1753905433554375936.000000 -3.441332817 1.339215279 3.809516668 0.019952560 0.560332894 -0.143631279 0.815474749
1753905433621044480.000000 -3.443712950 1.338630915 3.810446739 0.024392923 0.577461600 -0.146151304 0.802859128
1753905433654378752.000000 -3.444586992 1.338684201 3.811093092 0.026087048 0.585647702 -0.147379860 0.796627522
1753905433721047040.000000 -3.453937769 1.340044498 3.822834015 0.027723935 0.603628099 -0.149620771 0.782609880
1753905433754380032.000000 -3.452810287 1.340375304 3.823644400 0.028989676 0.612181723 -0.150326416 0.775754511
1753905433821047552.000000 -3.452151537 1.340772748 3.826220036 0.030910678 0.627584636 -0.151521727 0.763035536
1753905433887715328.000000 -3.447112322 1.345188618 3.828577995 0.031458762 0.640384495 -0.153276443 0.751947045
1753905433921049088.000000 -3.455394983 1.346225739 3.842915535 0.030382354 0.648179770 -0.154063061 0.745120525
1753905433987715840.000000 -3.451362371 1.346970081 3.841503620 0.030633703 0.665208220 -0.155312806 0.729683161
1753905434054383104.000000 -3.450785160 1.348077536 3.849002838 0.031376008 0.689504802 -0.156951457 0.706374586
1753905434087716608.000000 -3.454874992 1.349958301 3.861793518 0.032719985 0.703717828 -0.158639088 0.691768944
1753905434154382848.000000 -3.455437183 1.351867437 3.869803190 -0.037245218 -0.731065392 0.157699451 -0.662787437
1753905434221048576.000000 -3.452307463 1.350990415 3.871557713 -0.039100833 -0.755446851 0.155211359 -0.635358751
1753905434254381568.000000 -3.451385498 1.351756811 3.878203630 -0.040152989 -0.766269326 0.155322298 -0.622168839
1753905434321050368.000000 -3.450656414 1.353418708 3.888047695 -0.039896283 -0.785010159 0.155055001 -0.598435760
1753905434354385152.000000 -3.450358868 1.354228854 3.893750668 -0.039877463 -0.793198049 0.155051306 -0.587542176
1753905434421054720.000000 -3.445889711 1.356995940 3.902311087 0.042786319 0.809123755 -0.155501828 0.565072894
1753905434487723776.000000 -3.448461533 1.358446121 3.914594173 -0.045908809 -0.826253533 0.157840967 -0.538779974
1753905434521058304.000000 -3.449656248 1.358787537 3.920585155 -0.046779335 -0.834661961 0.159757197 -0.525003612
1753905434587727360.000000 -3.448127031 1.361023307 3.931457758 -0.047936935 -0.849827588 0.163944542 -0.498615474
1753905434654394880.000000 -3.446102858 1.362884998 3.942424059 -0.047774192 -0.862242520 0.168583617 -0.475221127
1753905434721063168.000000 -3.444164276 1.365844488 3.952112675 -0.048486587 -0.872819781 0.173261896 -0.453668386
1753905434787731456.000000 -3.443056107 1.366054773 3.960544586 -0.051476698 -0.881973445 0.178151384 -0.433284074
1753905434821065472.000000 -3.441975355 1.365810156 3.964683056 -0.053054824 -0.886186123 0.180365652 -0.423470974
1753905434887733248.000000 -3.440446138 1.366577625 3.969480515 -0.055110876 -0.894953430 0.181398466 -0.403875947
1753905434954400512.000000 -3.441011906 1.367483139 3.969267368 0.055385847 0.903215766 -0.179710984 0.385794938
1753905434987734272.000000 -3.437772274 1.367505670 3.972767353 -0.054793373 -0.907087028 0.178908095 -0.377071381
1753905435054401280.000000 -3.432331324 1.367997050 3.976912022 -0.053062480 -0.914161682 0.176936537 -0.360813618
1753905435121067264.000000 -3.430710316 1.369080186 3.977784634 -0.052688282 -0.921526253 0.174413711 -0.342918664
1753905435187734016.000000 -3.431585550 1.368993282 3.979718685 0.053263348 0.930071414 -0.171483129 0.320505619
1753905435254400512.000000 -3.427657843 1.367939949 3.986402512 -0.054297857 -0.938802540 0.169718057 -0.294783622
1753905435287734528.000000 -3.428184748 1.367220640 3.988079071 -0.055064365 -0.942605853 0.169194713 -0.282551348
1753905435354404608.000000 -3.427041769 1.367547393 3.992534161 -0.055806298 -0.948893189 0.169125840 -0.260545284
1753905435421074688.000000 -3.426341534 1.369014025 3.997077465 -0.057448573 -0.953496277 0.171621293 -0.241020262
1753905435487744256.000000 -3.423338890 1.374416590 4.002329826 0.061631486 0.957091272 -0.176844105 0.221142605
1753905435521078272.000000 -3.425635338 1.374030352 4.003995419 -0.063758872 -0.958752334 0.178906932 -0.211473510
1753905435587747584.000000 -3.421144009 1.376651764 4.009622574 -0.065474212 -0.961750150 0.184634551 -0.191467911
1753905435654416896.000000 -3.419047594 1.374633908 4.013807297 -0.063732892 -0.964309692 0.188756526 -0.174401626
1753905435721085696.000000 -3.410555363 1.377267003 4.015589714 0.061788280 0.966595829 -0.189498186 0.161137253
1753905435787754240.000000 -3.404379845 1.376965046 4.014508724 0.057362244 0.968526602 -0.187442943 0.153398186
1753905435854422784.000000 -3.397049427 1.377882838 4.012264252 0.052420631 0.970938683 -0.181475148 0.146959245
1753905435887757056.000000 -3.394333601 1.377863765 4.011706352 0.049826499 0.972466171 -0.177873001 0.142085090
1753905435954424064.000000 -3.392266035 1.374936104 4.009936810 -0.045336340 -0.975598514 0.172407746 -0.128170937
1753905436021091840.000000 -3.385925055 1.374055386 4.015133381 0.044510558 0.978407621 -0.169308484 0.109872892
1753905436087759616.000000 -3.385527134 1.375436783 4.013374329 -0.046321966 -0.980777621 0.165926725 -0.091640398
1753905436154427136.000000 -3.380595446 1.378212571 4.018735409 0.048626743 0.982208610 -0.166297734 0.072435059
1753905436187760896.000000 -3.381991863 1.376970768 4.018520832 -0.049864184 -0.982518792 0.168110579 -0.062524155
1753905436254427648.000000 -3.378667116 1.377457142 4.024706364 -0.052983139 -0.982924163 0.171845302 -0.039014596
1753905436321096192.000000 -3.369863749 1.376671076 4.034180164 0.053812485 0.982653797 -0.176668048 0.016860437
1753905436354430720.000000 -3.364845276 1.375644445 4.037817955 0.053203009 0.982402265 -0.178869039 0.007825539
1753905436454432768.000000 -3.350548029 1.373435020 4.041391373 0.046784930 0.982877672 -0.177624375 -0.014573062
1753905436521101056.000000 -3.346208811 1.371172071 4.037705421 0.043275308 0.983489513 -0.172962978 -0.030975135
1753905436587769344.000000 -3.339986801 1.370898604 4.038384438 -0.040090453 -0.982993186 0.171802729 0.051000696
1753905436654437120.000000 -3.333665371 1.369775534 4.041122437 -0.039396979 -0.981474221 0.172768623 0.072851196
1753905436721104640.000000 -3.328570843 1.369083643 4.041226387 -0.039183799 -0.979451537 0.172408104 0.097029515
1753905436787771904.000000 -3.323563576 1.368369102 4.042025566 -0.041383129 -0.976616442 0.170141354 0.124738671
1753905436854438400.000000 -3.317269325 1.367229700 4.041947842 -0.043423370 -0.973006427 0.166961610 0.153286710
1753905436921104896.000000 -3.313400269 1.364319086 4.040441990 0.045403320 0.967792451 -0.165867209 -0.183860034
1753905436987771648.000000 -3.306861401 1.363724232 4.040431976 0.046149615 0.961140275 -0.165709883 -0.215916514
1753905437087771136.000000 -3.291265965 1.365421891 4.040087700 0.045551170 0.949994743 -0.162470713 -0.262751669
1753905437154437120.000000 -3.281981468 1.365955830 4.038044453 -0.042758744 -0.941931307 0.161807105 0.291128218
1753905437221102592.000000 -3.273095131 1.364302874 4.036547184 -0.039266519 -0.933159232 0.161057413 0.318955481
1753905437287768832.000000 -3.264907837 1.362673521 4.035546303 -0.036461826 -0.922770858 0.160716236 0.348331571
1753905437354435072.000000 -3.255560875 1.362651587 4.033210754 -0.034760952 -0.911567926 0.159247562 0.377459764
1753905437421102080.000000 -3.248592377 1.359456062 4.031480312 0.036034510 0.901385605 -0.155622318 -0.402476400
1753905437487768832.000000 -3.243581772 1.359084249 4.028479099 0.036334988 0.891730249 -0.151747838 -0.424817055
1753905437554435072.000000 -3.240466595 1.360576987 4.023029327 -0.037591375 -0.880720794 0.147950217 0.448362052
1753905437621101312.000000 -3.236373425 1.358940840 4.020539284 0.039102986 0.869153678 -0.145493895 -0.471035510
1753905437687767040.000000 -3.232067585 1.357909560 4.017374039 0.039913893 0.856819808 -0.146682009 -0.492697954
1753905437754431744.000000 -3.228411674 1.356890678 4.012117863 -0.038469229 -0.845147014 0.147309303 0.512393117
1753905437821096960.000000 -3.226618290 1.355363369 4.007030010 -0.037123524 -0.836056173 0.143805340 0.528159142
1753905437887762176.000000 -3.226410866 1.355651617 4.001295090 -0.037002522 -0.829072833 0.137913957 0.540600359
1753905437954426880.000000 -3.225094318 1.353855729 3.998024702 0.040795699 0.822837353 -0.130973637 -0.551471114
1753905438021091328.000000 -3.222616673 1.353977323 3.994799137 0.042656429 0.815194726 -0.124992684 -0.563928187
