1754428984241061888.000000 -0.000000000 0.000000002 0.000000000 0.000000037 0.000000000 0.000000002 1.000000000
1754428984274403840.000000 -0.002300565 -0.000150688 0.002624313 -0.001709298 0.000412189 -0.000278353 0.999998450
1754428984307746048.000000 -0.002090004 0.001418791 0.004913907 -0.002485185 0.001577941 -0.000395601 0.999995649
1754428984341087488.000000 -0.002559576 0.001381285 0.006561679 -0.002621471 0.003804770 -0.000485073 0.999989271
1754428984374429440.000000 -0.008622146 0.001790109 0.012179984 -0.003286107 0.006694609 -0.000739962 0.999971926
1754428984407771392.000000 -0.011651222 0.001639698 0.013676220 -0.003636041 0.009002131 -0.000580122 0.999952734
1754428984441113344.000000 -0.015352600 0.001604390 0.015104986 -0.003568992 0.010843641 -0.000183495 0.999934852
1754428984474455040.000000 -0.019460887 0.002173287 0.019131880 -0.004178628 0.012250565 -0.000360478 0.999916196
1754428984507796736.000000 -0.022737104 0.003072333 0.023764251 -0.004723875 0.013211055 -0.000643106 0.999901414
1754428984574480896.000000 -0.030304134 0.006536846 0.028064748 -0.002947076 0.015549364 -0.000426423 0.999874771
1754428984607822336.000000 -0.032729920 0.006796832 0.029697502 -0.002267681 0.017088154 -0.000034290 0.999851465
1754428984641163264.000000 -0.037626076 0.008408046 0.033872474 -0.002651783 0.019111069 0.000217477 0.999813795
1754428984674505216.000000 -0.038105749 0.009988109 0.038288996 -0.002776975 0.020548752 -0.000794998 0.999784708
1754428984741188864.000000 -0.041330863 0.010587434 0.048897285 -0.001002867 0.025031481 -0.001587809 0.999684930
1754428984774530304.000000 -0.044550538 0.011134359 0.057814673 -0.001060716 0.026683271 -0.001953456 0.999641478
1754428984807872512.000000 -0.042964984 0.010429888 0.060451888 -0.001491044 0.026918229 -0.001814499 0.999634922
1754428984841214464.000000 -0.051168732 0.016247489 0.077667713 -0.001704629 0.026791941 -0.001712615 0.999638200
1754428984907897856.000000 -0.048125096 0.018236488 0.091052465 -0.002047102 0.024792433 -0.000396742 0.999690473
1754428984941240064.000000 -0.045273397 0.021104714 0.100389659 -0.002210678 0.023232087 0.000389190 0.999727607
1754428984974581760.000000 -0.039794162 0.021789126 0.108836159 -0.003219851 0.022087071 0.002022387 0.999748826
1754428985007923712.000000 -0.035626691 0.024800913 0.118056536 -0.003998937 0.020921336 0.003217291 0.999768019
1754428985074606336.000000 -0.025079057 0.028199615 0.138348281 -0.006588291 0.017990900 0.005400790 0.999801934
1754428985107948544.000000 -0.020351756 0.028697690 0.147982180 -0.006904678 0.015908590 0.006553578 0.999828219
1754428985174632192.000000 -0.015289685 0.032166794 0.168093041 -0.001635577 0.008048855 0.006936347 0.999942243
1754428985207974144.000000 -0.011065756 0.032052614 0.182052389 0.000699811 0.001984877 0.007061689 0.999972880
1754428985274658048.000000 -0.003865974 0.029323930 0.206459254 0.005537834 -0.013211377 0.006618065 0.999875546
1754428985308000000.000000 0.000601473 0.030335564 0.221489534 0.006368648 -0.021922594 0.006555071 0.999717951
1754428985374683904.000000 0.007540371 0.028659133 0.253907591 0.006328483 -0.040733323 0.007177760 0.999124289
1754428985441367808.000000 0.008906569 0.021924602 0.282380819 0.004740520 -0.061415203 0.004813138 0.998089433
1754428985508050688.000000 0.005677117 0.034600113 0.312714398 -0.000166901 -0.081596702 0.004265773 0.996656299
1754428985541392896.000000 0.007771921 0.037926476 0.324557722 -0.001567579 -0.091023251 0.004955354 0.995835245
1754428985608075008.000000 0.005486508 0.038562000 0.345097840 -0.003306431 -0.105245493 0.006011401 0.994422615
1754428985674757120.000000 0.004179718 0.039404742 0.375118852 -0.005400304 -0.117334090 0.006784499 0.993054688
1754428985708098048.000000 -0.000328985 0.043022830 0.384402722 -0.005075715 -0.123351119 0.006962995 0.992325723
1754428985774780160.000000 -0.013490903 0.041921087 0.400019795 -0.005313822 -0.134489030 0.006292268 0.990880847
1754428985808121088.000000 -0.019007212 0.042995345 0.411237508 -0.004491387 -0.138607040 0.006580577 0.990315437
1754428985874802944.000000 -0.037567865 0.043359745 0.423150748 -0.000559606 -0.145482764 0.007117440 0.989335060
1754428985941485056.000000 -0.050572809 0.047154073 0.438091457 0.003334178 -0.158406705 0.007380809 0.987340748
1754428985974824960.000000 -0.060698856 0.049596719 0.446313083 0.004317281 -0.166824013 0.006109991 0.985958338
1754428986041507072.000000 -0.087689482 0.054923959 0.457567394 0.005138962 -0.183895186 0.003318978 0.982926905
1754428986108188928.000000 -0.118074812 0.062109079 0.471161962 0.005854387 -0.195248365 0.000299895 0.980736375
1754428986141530112.000000 -0.132179350 0.062601238 0.477108896 0.008013512 -0.199304387 0.000573589 0.979904771
1754428986208211968.000000 -0.164465770 0.062045384 0.488050580 0.010303504 -0.206555769 0.002665575 0.978376985
1754428986241553152.000000 -0.182649344 0.060079530 0.496828437 0.010447264 -0.210469842 0.002530921 0.977541327
1754428986274893824.000000 -0.195629925 0.059749197 0.504032731 0.011513060 -0.214408591 0.002824179 0.976672173
1754428986308235008.000000 -0.203679562 0.053751040 0.513076723 0.011700637 -0.218021050 0.003559829 0.975867450
1754428986374916864.000000 -0.231881142 0.057234000 0.526013017 0.010398258 -0.223327070 0.004856419 0.974676013
1754428986408256768.000000 -0.244583085 0.060933162 0.530622721 0.009098022 -0.226194546 0.005786998 0.974022508
1754428986441597696.000000 -0.257686377 0.062032647 0.537026286 0.007601021 -0.229854152 0.005835858 0.973177969
1754428986508279808.000000 -0.282719523 0.068829030 0.542739630 0.004312405 -0.236907303 0.006201455 0.971502960
1754428986574961920.000000 -0.307797581 0.072348207 0.558868885 -0.000664526 -0.244329095 0.004158623 0.969683290
1754428986641644288.000000 -0.320901275 0.071089946 0.585296154 -0.007200085 -0.253418863 0.001464575 0.967328727
1754428986674985472.000000 -0.335619926 0.075752966 0.592119813 -0.009037605 -0.257851571 0.000751863 0.966142058
1754428986741667840.000000 -0.364747047 0.081409395 0.612246931 -0.013499353 -0.267522961 0.000975830 0.963456452
1754428986808350208.000000 -0.395201921 0.088190652 0.625888824 -0.017397601 -0.277061343 0.000346756 0.960694671
1754428986841690368.000000 -0.407876581 0.090787835 0.638235152 -0.020493019 -0.282273918 0.000696981 0.959114730
1754428986908372736.000000 -0.427876860 0.098361284 0.662906945 -0.022350281 -0.294003427 0.005432303 0.955527604
1754428986975055104.000000 -0.460722208 0.101258047 0.682560980 -0.022218052 -0.304180473 0.016831771 0.952206552
1754428987008396032.000000 -0.463055640 0.102618404 0.700069845 -0.022492474 -0.310470909 0.023053158 0.950037062
1754428987075078656.000000 -0.478646249 0.102571279 0.730679214 -0.024012081 -0.321124524 0.033478715 0.946140468
1754428987141761024.000000 -0.497754276 0.102164723 0.762248218 -0.025346983 -0.328645855 0.038348693 0.943333924
1754428987175101952.000000 -0.532696366 0.110451214 0.792581081 -0.025909100 -0.331677765 0.037625749 0.942286015
1754428987208443392.000000 -0.544996440 0.113766685 0.806279898 -0.027169764 -0.335973740 0.034891434 0.940832675
1754428987275125760.000000 -0.573338747 0.117920250 0.828917801 -0.033580933 -0.347090304 0.026413107 0.936858118
1754428987341807104.000000 -0.607741833 0.118766747 0.853149176 -0.036219906 -0.358065754 0.021274330 0.932751000
1754428987375148288.000000 -0.616482139 0.116698973 0.864153981 -0.036606379 -0.362442464 0.019799864 0.931076527
1754428987441830656.000000 -0.642492473 0.116206333 0.880456746 -0.037859220 -0.369298458 0.017447015 0.928375423
1754428987508513024.000000 -0.680325925 0.110187329 0.879868507 -0.039069477 -0.371243387 0.016368581 0.927568913
1754428987541854208.000000 -0.693155527 0.117432110 0.897181928 -0.038354408 -0.372028440 0.016608121 0.927279949
1754428987608536064.000000 -0.724015474 0.126658037 0.919631958 -0.040378626 -0.366659313 0.016398463 0.929333985
1754428987675217920.000000 -0.752930343 0.133781418 0.933409274 -0.042778350 -0.356154621 0.014742230 0.933330894
1754428987741898752.000000 -0.781892538 0.141074359 0.943910241 -0.043092363 -0.342337221 0.012915819 0.938499570
1754428987808580352.000000 -0.813050628 0.147143319 0.951830328 -0.040846366 -0.324753433 0.013398177 0.944821298
1754428987841921024.000000 -0.834690690 0.144655704 0.956602693 -0.039500933 -0.314924419 0.013376885 0.948200107
1754428987908602880.000000 -0.860902846 0.149095312 0.965417027 -0.036280908 -0.294425309 0.017091088 0.954832613
1754428987975284480.000000 -0.888019383 0.148551121 0.972472906 -0.033029705 -0.272039980 0.022421416 0.961457551
1754428988041966080.000000 -0.934137821 0.143569231 0.977463841 -0.032020770 -0.251224071 0.022145906 0.967145681
1754428988108647936.000000 -0.967882395 0.141450018 0.986100733 -0.032491360 -0.237832651 0.018298399 0.970590115
1754428988175328768.000000 -1.000794411 0.141775429 0.994418859 -0.030658275 -0.229942009 0.014783100 0.972609043
1754428988242010624.000000 -1.031387329 0.144666910 1.006002307 -0.033370588 -0.221296147 0.011743994 0.974564850
1754428988308692224.000000 -1.070940137 0.149054512 1.022427201 -0.038089152 -0.209742591 0.008320351 0.976979017
1754428988342032896.000000 -1.079963088 0.150914907 1.035637856 -0.040274087 -0.203886777 0.007283881 0.978138685
1754428988408714240.000000 -1.103940964 0.154813975 1.054188490 -0.043691028 -0.192708597 0.004010707 0.980274677
1754428988475395840.000000 -1.122075677 0.157562301 1.070201278 -0.041746628 -0.185096771 0.002803378 0.981829226
1754428988542077440.000000 -1.163125277 0.161941737 1.087844014 -0.040095579 -0.177387744 0.003954832 0.983316004
1754428988608760064.000000 -1.174965382 0.168625981 1.114891052 -0.041463070 -0.171770409 0.005091552 0.984250903
1754428988675441408.000000 -1.188434005 0.175790101 1.142375231 -0.042732559 -0.168215290 0.005124300 0.984810293
1754428988742123776.000000 -1.199214578 0.183008716 1.169798970 -0.037477069 -0.166060209 0.004792046 0.985391617
1754428988808806144.000000 -1.225744486 0.186651409 1.192960382 -0.033438377 -0.163138151 0.001518480 0.986035287
1754428988875488512.000000 -1.238368869 0.186845466 1.223462224 -0.030826632 -0.161284044 0.000156387 0.986426473
1754428988942170880.000000 -1.250960946 0.188863784 1.252562284 -0.029788448 -0.158892199 -0.001262557 0.986845672
1754428989008853248.000000 -1.264687061 0.191282704 1.278094172 -0.028738815 -0.157924831 -0.002042940 0.987030804
1754428989075534592.000000 -1.285459042 0.194262639 1.306558490 -0.028761551 -0.155570760 -0.002197935 0.987403512
1754428989142217216.000000 -1.298885584 0.196724087 1.335746169 -0.032714624 -0.151444465 -0.003011741 0.987919688
1754428989208899584.000000 -1.315045118 0.199223235 1.365373969 -0.038299181 -0.146970481 -0.004756193 0.988387764
1754428989275581952.000000 -1.329651713 0.202164054 1.391072631 -0.041751068 -0.143024892 -0.005547691 0.988822520
1754428989342264064.000000 -1.350487590 0.207035795 1.413384199 -0.043699738 -0.137636587 -0.007081616 0.989493012
1754428989408946432.000000 -1.368095040 0.212696254 1.439208150 -0.045359254 -0.131069452 -0.008344405 0.990299821
1754428989508968960.000000 -1.398797870 0.221740320 1.477082014 -0.046061911 -0.120306261 -0.011786831 0.991597593
1754428989575651584.000000 -1.420873284 0.228487983 1.499718785 -0.044151798 -0.111778930 -0.013798540 0.992655873
1754428989642334720.000000 -1.450916409 0.232272163 1.523313284 -0.042901993 -0.099777147 -0.014696502 0.993975878
1754428989709017600.000000 -1.472928762 0.233735323 1.547825933 -0.042281762 -0.085073963 -0.014275960 0.995374799
1754428989775700480.000000 -1.493656635 0.231651738 1.574689507 -0.042304471 -0.068291783 -0.011596644 0.996700585
1754428989875725312.000000 -1.528941751 0.238829777 1.617587447 -0.046311677 -0.042322632 -0.007295266 0.998003423
1754428989942408192.000000 -1.541625261 0.234291390 1.640058160 -0.051282071 -0.028574243 -0.007914972 0.998243988
1754428990009090304.000000 -1.571076393 0.242836639 1.679732561 -0.053700835 -0.016096245 -0.008711738 0.998389363
1754428990075773440.000000 -1.585365415 0.244599551 1.703973889 -0.054825399 -0.004785329 -0.009099355 0.998443067
1754428990142456576.000000 -1.598431587 0.248630553 1.727848291 -0.054459177 0.003684734 -0.009096153 0.998467803
1754428990209139712.000000 -1.610454917 0.253770292 1.753364205 -0.056676839 0.008704738 -0.009310910 0.998311222
1754428990242481152.000000 -1.616223097 0.255940676 1.767521381 -0.058454953 0.010441709 -0.009680491 0.998188496
1754428990342505984.000000 -1.627372622 0.266512454 1.812658429 -0.063891396 0.009112311 -0.009930240 0.997865856
1754428990375847424.000000 -1.630022526 0.268341064 1.836472988 -0.065525696 0.006031263 -0.009642364 0.997786105
1754428990442529536.000000 -1.632755637 0.274414480 1.871940732 -0.068182714 -0.000305450 -0.007872927 0.997641802
1754428990509212928.000000 -1.634265304 0.278416187 1.908932447 -0.069600567 -0.006867018 -0.005709300 0.997535050
1754428990575896064.000000 -1.635053635 0.280746251 1.947198033 -0.068085626 -0.009959633 -0.002919441 0.997625530
1754428990609237504.000000 -1.636820436 0.280974925 1.966344595 -0.066623643 -0.011304993 -0.003098265 0.997709334
1754428990675920896.000000 -1.638387561 0.285441160 2.002090454 -0.065101840 -0.012055523 -0.002548543 0.997802615
1754428990742604288.000000 -1.645146608 0.291159838 2.048037767 -0.064411893 -0.010976043 -0.001546841 0.997861862
1754428990775946240.000000 -1.647436142 0.290357411 2.066294193 -0.064575091 -0.010875727 -0.001694375 0.997852206
1754428990842628352.000000 -1.651743054 0.291164517 2.103650570 -0.067824110 -0.012628527 -0.002392662 0.997614503
1754428990909311744.000000 -1.657229543 0.291868359 2.139849186 -0.072084442 -0.015841112 -0.003469208 0.997266710
1754428990975995136.000000 -1.663465977 0.292715698 2.173659563 -0.073567204 -0.018771082 -0.003805176 0.997106373
1754428991009336832.000000 -1.669760466 0.298149675 2.194293499 -0.074027151 -0.019771086 -0.004234423 0.997051239
1754428991076020224.000000 -1.679691792 0.300641775 2.228446484 -0.076730140 -0.021515764 -0.005674874 0.996803582
1754428991142703616.000000 -1.690482855 0.306634992 2.262563229 -0.080828108 -0.022898147 -0.007132694 0.996439517
1754428991176045312.000000 -1.696974635 0.309908241 2.278903008 -0.082030274 -0.022781182 -0.007461896 0.996341527
1754428991242728960.000000 -1.710556865 0.317303181 2.311321497 -0.085053295 -0.019324914 -0.009165644 0.996146858
1754428991309411328.000000 -1.728389382 0.327120095 2.346748352 -0.087007336 -0.011657717 -0.010994633 0.996078789
1754428991376094976.000000 -1.743517637 0.334739178 2.377494097 -0.083704114 -0.000983474 -0.011905120 0.996419072
1754428991442778624.000000 -1.758127570 0.339634210 2.405093193 -0.078513622 0.014152878 -0.012207709 0.996737778
1754428991509461760.000000 -1.775046945 0.341540515 2.434438705 -0.076215602 0.030312562 -0.012451871 0.996552706
1754428991542803968.000000 -1.782582402 0.340656817 2.450048208 -0.076220736 0.036870785 -0.012352481 0.996332467
1754428991609486336.000000 -1.795843124 0.341538966 2.482359648 -0.078481086 0.047711294 -0.010000847 0.995723009
1754428991676168704.000000 -1.819660664 0.345015407 2.518724680 -0.079501867 0.057113737 -0.006525275 0.995175838
1754428991742850304.000000 -1.827689290 0.349793375 2.549447060 -0.082146615 0.066217110 -0.004366621 0.994408429
1754428991809532672.000000 -1.835433364 0.353083581 2.580939531 -0.088858917 0.075108588 -0.004814284 0.993196726
1754428991842874112.000000 -1.839497328 0.355210036 2.596254349 -0.090783671 0.079533778 -0.005056963 0.992676795
1754428991909556480.000000 -1.845984459 0.358289957 2.624515772 -0.092789598 0.086305156 -0.005252614 0.991924405
1754428991976238848.000000 -1.850749850 0.361249149 2.652461767 -0.093267433 0.092348635 -0.003947613 0.991341233
1754428992042921216.000000 -1.852194905 0.361955643 2.686788082 -0.096144818 0.097887889 -0.003077620 0.990537584
1754428992076262656.000000 -1.862684965 0.364224613 2.710503101 -0.097424768 0.100511067 -0.003032159 0.990149915
1754428992142945024.000000 -1.861336112 0.371890754 2.743014812 -0.100523166 0.099844769 -0.001136205 0.989911497
1754428992209626624.000000 -1.857344627 0.379087389 2.778043509 -0.104427442 0.098108940 0.004097369 0.989673078
1754428992242967808.000000 -1.854864955 0.382199377 2.795716047 -0.105862476 0.098191015 0.006870814 0.989497125
1754428992309650432.000000 -1.849846005 0.387590140 2.830600023 -0.103560224 0.098884530 0.012065089 0.989621997
1754428992342991360.000000 -1.847554684 0.389621913 2.848201513 -0.101909444 0.099086866 0.014457744 0.989741027
1754428992409674240.000000 -1.836933613 0.394258440 2.888171434 -0.100417756 0.095326304 0.017223557 0.990218461
1754428992476356608.000000 -1.837478638 0.394540489 2.922113895 -0.096619584 0.090838984 0.015628338 0.991044283
1754428992543038720.000000 -1.845968962 0.395266712 2.961768866 -0.094663031 0.086156398 0.008003238 0.991741955
1754428992576379904.000000 -1.848459482 0.395369202 2.976420403 -0.095467426 0.083164543 0.003987865 0.991944432
1754428992643061760.000000 -1.852816105 0.396253496 3.007426500 -0.097618535 0.076225646 -0.003630023 0.992293894
1754428992709744384.000000 -1.856585860 0.398105890 3.037969828 -0.101442307 0.070110753 -0.007706131 0.992337942
1754428992743085568.000000 -1.858209729 0.400315315 3.052671909 -0.103093728 0.067871220 -0.008784366 0.992314517
1754428992809768192.000000 -1.860592604 0.402873933 3.082104206 -0.106984429 0.064826302 -0.012261540 0.992069364
1754428992843109632.000000 -1.857182503 0.404439956 3.099067926 -0.109411374 0.063134611 -0.013528883 0.991897225
1754428992909792256.000000 -1.861937165 0.410379618 3.129933119 -0.113406755 0.060432512 -0.016568851 0.991570652
1754428992976474880.000000 -1.866757631 0.416575998 3.161938667 -0.116487265 0.059091356 -0.018411772 0.991261840
1754428993009816064.000000 -1.877775192 0.417690814 3.182257414 -0.116913833 0.058227479 -0.021743923 0.991195261
1754428993076497920.000000 -1.888731718 0.425870776 3.211176872 -0.118350014 0.055926744 -0.030327458 0.990931809
1754428993143180288.000000 -1.898705959 0.433264703 3.241058826 -0.119701482 0.058855318 -0.035403099 0.990431428
1754428993176521728.000000 -1.903109670 0.436109185 3.255164146 -0.118723519 0.062007502 -0.037271958 0.990288198
1754428993243204352.000000 -1.914014697 0.441777080 3.284120083 -0.115588605 0.070172936 -0.039675709 0.990020633
1754428993309886976.000000 -1.923053861 0.443804502 3.312618017 -0.112569116 0.076542549 -0.040499292 0.989863276
1754428993343228416.000000 -1.928038955 0.443554968 3.336107969 -0.111052223 0.079071939 -0.039640505 0.989870608
1754428993409911040.000000 -1.938181281 0.444767833 3.366087198 -0.108603418 0.084205307 -0.038245164 0.989773810
1754428993476593408.000000 -1.946050048 0.446461618 3.395852089 -0.107238919 0.090087302 -0.035633229 0.989502132
1754428993543275008.000000 -1.953361988 0.448666662 3.423043489 -0.107788675 0.095916942 -0.033189464 0.988979340
1754428993609957888.000000 -1.958596468 0.450651288 3.451124907 -0.107962765 0.100950889 -0.031716552 0.988507509
1754428993676641024.000000 -1.953457475 0.451938391 3.479673147 -0.112429120 0.104161941 -0.030738153 0.987707019
1754428993709982464.000000 -1.956243396 0.453686684 3.493493080 -0.114206381 0.105956435 -0.029767215 0.987342000
1754428993776665088.000000 -1.964969873 0.456570894 3.530007124 -0.116946876 0.107804947 -0.027186625 0.986895382
1754428993843348480.000000 -1.964689374 0.459033728 3.555051565 -0.119049802 0.106893376 -0.024392562 0.986816108
1754428993876689920.000000 -1.965246677 0.460380435 3.567977190 -0.120086536 0.106265269 -0.023368731 0.986783087
1754428993943372800.000000 -1.964101076 0.464210063 3.594779730 -0.122180574 0.104153812 -0.021937244 0.986783981
1754428994010054912.000000 -1.961287618 0.469125897 3.620671988 -0.123638049 0.097285405 -0.022651551 0.987287283
1754428994043396352.000000 -1.960619450 0.472102791 3.634518862 -0.124050401 0.091517381 -0.023303073 0.987771809
1754428994110079232.000000 -1.955107212 0.481695771 3.669414759 -0.123656958 0.078768753 -0.022085864 0.988947272
1754428994176762368.000000 -1.952477694 0.486211032 3.696212053 -0.121529624 0.067254730 -0.019103669 0.990122437
1754428994210104064.000000 -1.950374365 0.488107592 3.711153984 -0.120194443 0.061011288 -0.018292103 0.990705013
1754428994276786944.000000 -1.946088076 0.489232749 3.741967201 -0.118714131 0.048625357 -0.016135307 0.991605937
1754428994343469824.000000 -1.941364050 0.487766743 3.770346880 -0.112985000 0.036279056 -0.016511604 0.992796898
1754428994410152192.000000 -1.929735780 0.488500446 3.799642086 -0.108386196 0.021940265 -0.017402111 0.993714392
1754428994443493632.000000 -1.930398107 0.489253849 3.813345194 -0.105707206 0.015471105 -0.018947145 0.994096398
1754428994510176768.000000 -1.929652095 0.490969688 3.849092722 -0.103414476 0.002279987 -0.020405015 0.994426489
1754428994576860416.000000 -1.930110693 0.491098881 3.874445915 -0.101903364 -0.010750680 -0.020549553 0.994523942
1754428994610202368.000000 -1.930516362 0.491961628 3.886156321 -0.101344876 -0.016733458 -0.021013841 0.994488657
1754428994676886784.000000 -1.931473017 0.493745476 3.910032511 -0.104595460 -0.029635672 -0.022372197 0.993821442
1754428994710228736.000000 -1.933896422 0.495408058 3.921723843 -0.106555961 -0.036078025 -0.023110248 0.993383169
1754428994776913152.000000 -1.937254310 0.498323858 3.946431160 -0.109792486 -0.048021670 -0.023772713 0.992509127
1754428994876938496.000000 -1.944818139 0.504368424 3.989431381 -0.111416571 -0.066506155 -0.023394663 0.991269886
1754428994943622912.000000 -1.954222918 0.507588387 4.011753559 -0.114089705 -0.079031765 -0.023661721 0.990039229
1754428995010307072.000000 -1.965717793 0.512115538 4.034190178 -0.114947043 -0.089504726 -0.025351796 0.989006281
1754428995076991488.000000 -1.980021477 0.514961123 4.054747105 -0.111448497 -0.098373152 -0.025941312 0.988548994
1754428995143675904.000000 -1.996196151 0.518268824 4.075225830 -0.104106195 -0.106803216 -0.027978243 0.988419056
1754428995210360064.000000 -2.009443283 0.520215213 4.096269131 -0.099590577 -0.114397369 -0.028776648 0.988011658
1754428995277044480.000000 -2.026546955 0.522870600 4.124949932 -0.095104806 -0.120024867 -0.028953625 0.987780750
1754428995343728128.000000 -2.043742895 0.524041057 4.147715569 -0.092409723 -0.124043435 -0.028960494 0.987539887
1754428995410412288.000000 -2.060043097 0.523523033 4.170981884 -0.091530219 -0.127563998 -0.027094843 0.987226248
1754428995477096704.000000 -2.075049400 0.525269449 4.193277836 -0.091609992 -0.127414867 -0.023783812 0.987323344
1754428995543781376.000000 -2.088041782 0.528778076 4.214344501 -0.095072106 -0.123683058 -0.021675808 0.987519145
1754428995610463744.000000 -2.102256775 0.533835232 4.241434574 -0.097693928 -0.119872510 -0.021309696 0.987741053
1754428995677145856.000000 -2.113657713 0.534611881 4.263154507 -0.100962304 -0.119446926 -0.020210750 0.987487078
1754428995743827456.000000 -2.123010397 0.535434902 4.283617496 -0.103573821 -0.120706663 -0.018299488 0.987100601
1754428995810509568.000000 -2.132932186 0.538189709 4.304137230 -0.105222963 -0.122949943 -0.016941855 0.986673415
1754428995877191680.000000 -2.143131256 0.541429102 4.325155258 -0.106698863 -0.127097592 -0.017466733 0.985979974
1754428995943874304.000000 -2.152613878 0.546095192 4.346986771 -0.108473368 -0.133533195 -0.018858250 0.984909534
1754428996010556416.000000 -2.162859201 0.547955751 4.368612766 -0.110998347 -0.144198060 -0.021528399 0.983068049
1754428996077238784.000000 -2.171552420 0.557519257 4.397240162 -0.108980976 -0.158322603 -0.021304457 0.981123507
1754428996143920896.000000 -2.176746607 0.560357153 4.419789791 -0.105754077 -0.171175763 -0.019968618 0.979344785
1754428996243943424.000000 -2.182798862 0.564422071 4.456584930 -0.100582510 -0.189820796 -0.016012939 0.976521850
1754428996277284352.000000 -2.184987068 0.566082239 4.470152855 -0.099002257 -0.196364909 -0.014050988 0.975418925
1754428996343966720.000000 -2.190218925 0.567429125 4.497164726 -0.094545633 -0.209426358 -0.010750008 0.973183572
1754428996410648832.000000 -2.196709156 0.568974793 4.530263424 -0.089695960 -0.221010670 -0.010472185 0.971081495
1754428996510672384.000000 -2.209220171 0.566158235 4.570521355 -0.083665639 -0.240283147 -0.012971020 0.967003584
1754428996577355008.000000 -2.217206717 0.568187714 4.595122337 -0.082992516 -0.257806689 -0.015137644 0.962506592
1754428996644037376.000000 -2.227615833 0.570626080 4.617254734 -0.083307542 -0.277910918 -0.017502908 0.956827641
1754428996710721024.000000 -2.238947868 0.573659778 4.639475346 -0.085595213 -0.297775090 -0.018676814 0.950607538
1754428996777404416.000000 -2.253901720 0.572330475 4.668298721 -0.089451745 -0.316366196 -0.020122577 0.944195926
1754428996844087808.000000 -2.268779039 0.574334502 4.685393810 -0.092485972 -0.333388001 -0.020927558 0.938008964
1754428996877429504.000000 -2.276568890 0.574508071 4.692283630 -0.093097351 -0.341334134 -0.021072233 0.935082853
1754428996944112896.000000 -2.290934801 0.576547801 4.704488754 -0.094847865 -0.355400950 -0.020147881 0.929670990
1754428997010796288.000000 -2.306351662 0.578857660 4.713718891 -0.095409304 -0.365018487 -0.018638702 0.925911009
1754428997077478912.000000 -2.322521925 0.580825865 4.720153332 -0.095561594 -0.370629579 -0.017842248 0.923679292
1754428997144162304.000000 -2.344106197 0.575612426 4.731031418 -0.093954660 -0.374711186 -0.018821407 0.922176778
1754428997177504000.000000 -2.350824356 0.576384306 4.733899117 -0.091662511 -0.376627117 -0.018374421 0.921635807
1754428997244187904.000000 -2.369325638 0.578223407 4.733762741 -0.087303624 -0.379208922 -0.017505409 0.921016932
1754428997344212992.000000 -2.401803732 0.579188347 4.730783463 -0.078774191 -0.384671867 -0.014239077 0.919575751
1754428997410896640.000000 -2.426341295 0.578746200 4.728490829 -0.075184934 -0.390932143 -0.012765860 0.917254806
1754428997444238080.000000 -2.449533939 0.576303005 4.722486019 -0.073762976 -0.393160522 -0.012904827 0.916415453
1754428997510920960.000000 -2.472227097 0.575331867 4.721598625 -0.070513502 -0.400848687 -0.011388130 0.913355649
1754428997577604608.000000 -2.488905907 0.574234843 4.726685524 -0.069847174 -0.411295235 -0.009720298 0.908770144
1754428997644288000.000000 -2.510803699 0.575626254 4.727149963 -0.070963182 -0.421949923 -0.009839252 0.903784156
1754428997710971904.000000 -2.532155037 0.576820016 4.729028225 -0.073747955 -0.432109088 -0.012758862 0.898710310
1754428997777655552.000000 -2.551802158 0.577903569 4.733103275 -0.075401515 -0.443274319 -0.014428245 0.893092573
1754428997844339456.000000 -2.569415569 0.577222466 4.737539291 -0.076136030 -0.454728276 -0.014034935 0.887259066
1754428997911022848.000000 -2.598519087 0.583180070 4.732607841 -0.077702835 -0.462246925 -0.014156872 0.883226871
1754428997977705728.000000 -2.616425514 0.560135067 4.749872208 -0.083626449 -0.473221213 -0.017836714 0.876784027
1754428998044389632.000000 -2.632989883 0.562606394 4.760470390 -0.086741090 -0.483018070 -0.019293219 0.871089697
1754428998111073536.000000 -2.651272774 0.565660775 4.771300316 -0.088557668 -0.493521750 -0.019955730 0.864983022
1754428998177756928.000000 -2.668776035 0.568410218 4.783447266 -0.089541174 -0.503833890 -0.018615738 0.858945489
1754428998277783040.000000 -2.697749615 0.574972391 4.804690838 -0.091555052 -0.516535997 -0.015638025 0.851213157
1754428998344466688.000000 -2.738435745 0.579108119 4.804235935 -0.091352694 -0.523261547 -0.018120103 0.847067773
1754428998411149568.000000 -2.752558947 0.592529058 4.832533836 -0.088708490 -0.535436392 -0.016074248 0.839750171
1754428998477833216.000000 -2.771236420 0.592873454 4.851320267 -0.084768251 -0.544105828 -0.013946757 0.834606886
1754428998544517376.000000 -2.791157246 0.592507720 4.865637779 -0.081281029 -0.552797377 -0.013395058 0.829234004
1754428998611199744.000000 -2.811999321 0.592062473 4.880764961 -0.078505769 -0.563643754 -0.014176728 0.822156727
1754428998677882368.000000 -2.832409859 0.593312979 4.894788742 -0.077181682 -0.574333012 -0.014956632 0.814837933
1754428998711223552.000000 -2.843005657 0.593573093 4.902215004 -0.077536747 -0.579535842 -0.015987545 0.811092257
1754428998777906176.000000 -2.875092745 0.589420021 4.900419712 -0.078150764 -0.587579012 -0.019058606 0.805158436
1754428998844587520.000000 -2.887538195 0.595941663 4.916430950 -0.078188501 -0.600178242 -0.018871419 0.795811951
1754428998911270400.000000 -2.903873444 0.597646058 4.924853325 -0.079085901 -0.609992981 -0.019547844 0.788208067
1754428998977953024.000000 -2.921999693 0.597775936 4.930963516 -0.081445567 -0.617709279 -0.019810680 0.781926692
1754428999044635392.000000 -2.938582659 0.597273529 4.935677528 -0.082626171 -0.623713732 -0.019277437 0.777034461
1754428999111317760.000000 -2.956354856 0.598076344 4.937522888 -0.083293401 -0.629003406 -0.018576555 0.772704363
1754428999178000384.000000 -2.978716135 0.596436441 4.931465149 -0.084999956 -0.632351935 -0.019385975 0.769759953
1754428999244682752.000000 -2.996771574 0.599623263 4.931170464 -0.086093873 -0.634572506 -0.020497145 0.767779529
1754428999311364352.000000 -3.016117811 0.601977766 4.927127838 -0.085585766 -0.634214580 -0.023313062 0.768051684
1754428999378046976.000000 -3.036307812 0.602860928 4.931237221 -0.081294559 -0.636678815 -0.025441162 0.766409934
1754428999444729600.000000 -3.055047989 0.602582693 4.920563221 -0.075183608 -0.638327539 -0.027642202 0.765585661
1754428999511411968.000000 -3.075145245 0.603733420 4.908685207 -0.069825828 -0.639993370 -0.029605947 0.764628291
1754428999611437568.000000 -3.107071400 0.603329659 4.892613411 -0.063508287 -0.643680036 -0.033088055 0.761936963
1754428999678121728.000000 -3.130698681 0.603736281 4.882743359 -0.061831586 -0.647256613 -0.035951823 0.758909285
1754428999711463936.000000 -3.141267538 0.602742553 4.865269661 -0.061661083 -0.646812975 -0.037211504 0.759240508
1754428999778147584.000000 -3.163881063 0.603757977 4.866199493 -0.064104907 -0.651839077 -0.041309111 0.754513144
1754428999844831744.000000 -3.184638262 0.606817782 4.858377457 -0.065755196 -0.657184005 -0.045320526 0.749487519
1754428999911516416.000000 -3.205967188 0.609038830 4.853510857 -0.068894692 -0.662597239 -0.049217671 0.744174778
1754428999978200576.000000 -3.227013350 0.610849500 4.850399971 -0.073895626 -0.667373002 -0.052862689 0.739160597
1754429000044885248.000000 -3.246118784 0.611398160 4.849026680 -0.077881381 -0.669878900 -0.054262709 0.736377895
1754429000111569920.000000 -3.264160633 0.610656500 4.849556446 -0.080475427 -0.671564937 -0.054812208 0.734520197
1754429000178253312.000000 -3.280680180 0.606969595 4.833793640 -0.082654312 -0.671329916 -0.055306122 0.734456062
1754429000244937984.000000 -3.298799515 0.608789563 4.842473507 -0.086168557 -0.676504850 -0.056916360 0.729161680
1754429000311622912.000000 -3.322927952 0.610423565 4.854071617 -0.088642776 -0.684577405 -0.058956400 0.721124470
1754429000378307328.000000 -3.334300995 0.614174843 4.852642059 0.088138878 0.692296147 0.058465373 -0.713820338
1754429000444992256.000000 -3.351738453 0.616647303 4.859029770 0.086787120 0.702491224 0.055235568 -0.704218209
1754429000511676928.000000 -3.368775368 0.618336678 4.866340160 0.085287400 0.711741149 0.050304033 -0.695428014
1754429000545019392.000000 -3.377861023 0.618671536 4.870961666 0.083636880 0.716312230 0.047367446 -0.691128135
1754429000611703040.000000 -3.396573067 0.618631542 4.879964828 0.080788620 0.724349082 0.041947793 -0.683397412
1754429000678385408.000000 -3.415457964 0.619590521 4.887512684 0.076663658 0.731604815 0.035945799 -0.676450312
1754429000745069312.000000 -3.436306953 0.620210230 4.894878387 0.071892433 0.740013719 0.032756142 -0.667935848
1754429000811752960.000000 -3.462733507 0.621189594 4.908247948 -0.067622639 -0.751113415 -0.032603074 0.655890942
1754429000878436864.000000 -3.484304428 0.620657563 4.913181305 -0.065304339 -0.759579957 -0.033202589 0.646274924
1754429000911778560.000000 -3.494609833 0.619757712 4.915262222 -0.064020447 -0.763226807 -0.033367578 0.642084777
1754429000978462208.000000 -3.514158964 0.618381798 4.918901443 -0.060693007 -0.770283759 -0.034174222 0.633885980
1754429001045146112.000000 -3.531902790 0.618971109 4.921333313 -0.057285935 -0.779089332 -0.035763182 0.623264849
1754429001078487040.000000 -3.541019917 0.618920505 4.921329975 -0.056372911 -0.784384131 -0.037095167 0.616593659
1754429001145170688.000000 -3.557207584 0.620139241 4.916995525 0.054451510 0.795879483 0.039976470 -0.601674974
1754429001211854336.000000 -3.573384285 0.621884048 4.920339584 -0.054595854 -0.809338689 -0.044541802 0.583100617
1754429001245196288.000000 -3.580054283 0.622007072 4.917385101 -0.054361399 -0.815478981 -0.046108630 0.574380517
1754429001311880192.000000 -3.591358185 0.620882571 4.912301064 -0.054947022 -0.828547001 -0.047927890 0.555151880
1754429001378563584.000000 -3.600396156 0.619336724 4.907453537 -0.055327881 -0.841159999 -0.046404868 0.535943449
1754429001445247744.000000 -3.606832981 0.617651880 4.901461601 -0.056478716 -0.850775301 -0.042800881 0.520729780
1754429001511930368.000000 -3.609851837 0.615158558 4.892372131 0.055235233 0.859289587 0.038201511 -0.507061362
1754429001578662400.000000 -3.614727497 0.613391101 4.886088371 -0.052741840 -0.867493510 -0.034491070 0.493440628
1754429001645498112.000000 -3.616773605 0.612864554 4.874459743 -0.049808074 -0.872760773 -0.032039203 0.484542489
1754429001712335616.000000 -3.618944645 0.610668719 4.861097336 -0.046948843 -0.876604080 -0.029779090 0.477989852
1754429001779175424.000000 -3.620803833 0.608421087 4.847699165 -0.044628449 -0.880764246 -0.028794087 0.470567435
1754429001812595968.000000 -3.621522903 0.607895017 4.841103077 -0.043263204 -0.882770658 -0.027974326 0.466970861
1754429001879438592.000000 -3.623085022 0.605134904 4.827314377 0.042480342 0.885373652 0.026622089 -0.462169081
1754429001946283008.000000 -3.626592636 0.605775356 4.814851284 0.044117305 0.886295855 0.025077308 -0.460330874
1754429002013128704.000000 -3.629473686 0.606125057 4.802697182 0.045986116 0.886515796 0.025050076 -0.459725648
1754429002079976960.000000 -3.634464264 0.603322029 4.792328835 -0.049024563 -0.887129307 -0.024762476 0.458241284
1754429002146827776.000000 -3.638055801 0.602463365 4.781402588 -0.051595062 -0.887225866 -0.025021978 0.457757801
1754429002180253440.000000 -3.640163898 0.603083372 4.775913715 -0.052637305 -0.887616634 -0.025315503 0.456864625
1754429002247107072.000000 -3.644676685 0.603002012 4.765099525 -0.054827258 -0.888905585 -0.026489910 0.454025537
1754429002347390464.000000 -3.653101444 0.601136565 4.748215675 -0.053842634 -0.893604219 -0.028681472 0.444690794
1754429002380819200.000000 -3.655220509 0.601444006 4.742308140 0.052616902 0.896403491 0.029137464 -0.439139187
1754429002447677440.000000 -3.662704945 0.601793230 4.732383251 0.050273389 0.903833151 0.029500922 -0.423896194
1754429002514538496.000000 -3.672657490 0.600372970 4.722701073 0.048251383 0.910841048 0.027933167 -0.408974558
1754429002581340672.000000 -3.680869102 0.597764373 4.710839748 -0.046356592 -0.916649818 -0.028503971 0.395969331
1754429002648009216.000000 -3.690130234 0.596616268 4.698608875 -0.043906234 -0.924592853 -0.030831018 0.377160102
1754429002714677504.000000 -3.699396133 0.593436539 4.688356400 -0.039740760 -0.932552338 -0.027149577 0.357812405
1754429002748011520.000000 -3.705888271 0.592261553 4.683228016 -0.039435767 -0.935949087 -0.027553126 0.348833740
1754429002814679040.000000 -3.716145039 0.591402709 4.672637463 -0.038353745 -0.941635847 -0.028585589 0.333217442
1754429002881345792.000000 -3.722536564 0.590834141 4.661160946 -0.035492335 -0.947274446 -0.030178696 0.317018420
1754429002948012800.000000 -3.731070995 0.590151072 4.651795387 -0.032530274 -0.953473032 -0.031022575 0.298108399
1754429003014679808.000000 -3.737827301 0.589125395 4.643475533 -0.028914670 -0.959465444 -0.029956050 0.278734088
1754429003081346816.000000 -3.742103577 0.589927018 4.634716034 -0.026506927 -0.964735687 -0.029787550 0.260183126
1754429003148013056.000000 -3.745821953 0.589860618 4.624987602 -0.026361458 -0.968947411 -0.031604990 0.243817881
1754429003214679552.000000 -3.746418953 0.591366410 4.614069462 0.027231237 0.971930802 0.034686338 -0.231097266
1754429003281345024.000000 -3.750295162 0.589572430 4.605868340 -0.028561011 -0.974170089 -0.034562539 0.221319750
1754429003348009984.000000 -3.747492790 0.588697553 4.598732948 -0.028473968 -0.975638807 -0.033085283 0.214996591
1754429003414675456.000000 -3.741588593 0.587940872 4.589619160 -0.027696654 -0.976906121 -0.032014068 0.209433690
1754429003481340672.000000 -3.734876156 0.587553561 4.579088688 -0.027950607 -0.978214145 -0.032740578 0.203086093
1754429003581338624.000000 -3.721221924 0.588657200 4.561074257 -0.028116800 -0.979916573 -0.038189866 0.193686694
1754429003614672128.000000 -3.716792583 0.585817337 4.553864956 0.028461222 0.980442166 0.041484974 -0.190268874
1754429003681339136.000000 -3.703730106 0.587335527 4.541473866 0.027761711 0.981758296 0.045602605 -0.182483852
1754429003748004608.000000 -3.686012268 0.586579442 4.529649258 0.026981471 0.982969284 0.047537506 -0.175452903
1754429003814670848.000000 -3.672329903 0.583332837 4.522642136 -0.027741158 -0.984069407 -0.050252680 0.168263480
1754429003881337088.000000 -3.653049469 0.583700061 4.512355328 -0.027832070 -0.985170841 -0.051176187 0.161384374
1754429003914670080.000000 -3.642854214 0.583063900 4.506893158 -0.028060170 -0.985725105 -0.050995961 0.157981351
1754429003981335552.000000 -3.622030258 0.582501352 4.496632576 -0.027389549 -0.986673236 -0.050363071 0.152280301
1754429004048001024.000000 -3.600792885 0.581360817 4.486483574 -0.025392855 -0.987609923 -0.050517958 0.146389604
1754429004114665984.000000 -3.575802326 0.580569327 4.475420952 0.023582295 0.988467693 0.050396077 -0.140839845
1754429004181329664.000000 -3.563427448 0.577712178 4.470171928 -0.021323100 -0.989699662 -0.050973769 0.132066846
1754429004247994368.000000 -3.544045925 0.577977180 4.459541321 -0.017524654 -0.990810215 -0.051221520 0.123953164
1754429004314658560.000000 -3.524773598 0.579509676 4.448537827 -0.012330615 -0.991991282 -0.052577764 0.114179239
1754429004381322496.000000 -3.508014679 0.578892231 4.435672760 -0.005527239 -0.993372977 -0.053095620 0.101786107
1754429004414654464.000000 -3.500005245 0.578704119 4.428591728 -0.002904827 -0.993982196 -0.053379349 0.095611908
1754429004481317888.000000 -3.485784531 0.578257561 4.412453651 0.001207462 0.994739056 0.056450736 -0.085475653
1754429004547981312.000000 -3.483518600 0.575186551 4.400049686 -0.000469621 -0.995059669 -0.061923459 0.077599011
1754429004614647296.000000 -3.479760170 0.573551059 4.380396843 -0.001873293 -0.995179653 -0.066277616 0.072258040
1754429004681313024.000000 -3.478425503 0.573585391 4.361188889 -0.004597408 -0.995309532 -0.067814946 0.068840794
1754429004747979520.000000 -3.478480339 0.572720706 4.341943741 -0.009802573 -0.995184839 -0.069625258 0.068290241
1754429004814645504.000000 -3.478955746 0.571802020 4.319806576 -0.015160551 -0.994963944 -0.071005635 0.069102965
1754429004881311232.000000 -3.481268883 0.570618749 4.294789791 0.020604661 0.994555712 0.073449440 -0.070990212
1754429004947976704.000000 -3.485719681 0.568224788 4.270625114 0.028330741 0.993959546 0.076372914 -0.073546775
1754429005014641664.000000 -3.488519669 0.563433170 4.246944427 0.034219805 0.993595004 0.075720772 -0.076579742
1754429005047974400.000000 -3.488650799 0.560853839 4.234937668 0.035182502 0.993533015 0.075056382 -0.077595301
1754429005114638080.000000 -3.486324310 0.558791637 4.207986832 -0.035080094 -0.993567288 -0.073812604 0.078391150
1754429005181302784.000000 -3.483035564 0.553612292 4.185342789 -0.032891907 -0.994081557 -0.072869807 0.073552571
1754429005247966976.000000 -3.477406025 0.550909996 4.162414074 -0.030801130 -0.994694531 -0.073563218 0.064981878
1754429005314630656.000000 -3.470184326 0.548607707 4.140700340 -0.028088601 -0.995178103 -0.076420024 0.054695677
1754429005347962624.000000 -3.466274738 0.547035515 4.130105972 -0.026775302 -0.995428503 -0.077289589 0.049311165
1754429005414626048.000000 -3.461575508 0.544866562 4.111472130 -0.024425842 -0.995853007 -0.078910634 0.038120978
1754429005481289728.000000 -3.450370312 0.542409003 4.091557503 -0.019680409 -0.996196270 -0.080327421 0.027444217
1754429005547951360.000000 -3.437781811 0.541651845 4.071127892 -0.014797161 -0.996414483 -0.081565991 0.016918432
1754429005614619904.000000 -3.424487114 0.540620983 4.050142288 -0.010800305 -0.996490002 -0.082430199 0.009813496
1754429005681286912.000000 -3.409174204 0.539136350 4.029387951 -0.007695273 -0.996336222 -0.084762014 0.008394968
1754429005747953664.000000 -3.390282154 0.536528647 4.011693478 0.005476705 0.996212900 0.085933894 -0.012052383
1754429005814619904.000000 -3.375770330 0.536063492 3.995412111 -0.003924915 -0.996250510 -0.084599666 0.017678482
1754429005881286144.000000 -3.356126308 0.534794569 3.977324009 -0.002871422 -0.996330857 -0.081721380 0.025261872
1754429005981283584.000000 -3.325293064 0.532881021 3.951494455 -0.006025947 -0.996288478 -0.075980268 0.040000636
1754429006047949312.000000 -3.303524017 0.529077888 3.935109615 -0.008370123 -0.996176958 -0.071466863 0.049538024
1754429006081281536.000000 -3.291736126 0.526174486 3.926919222 -0.008833280 -0.996125996 -0.069758445 0.052808587
1754429006181279232.000000 -3.257509708 0.517079711 3.900035381 -0.011463302 -0.996173680 -0.064767234 0.057549220
1754429006214611456.000000 -3.246772289 0.514750242 3.890417814 -0.012329892 -0.996212721 -0.063248143 0.058376521
1754429006314608128.000000 -3.212692738 0.509731054 3.864432096 -0.010208162 -0.996474385 -0.059427090 0.058335356
1754429006381272320.000000 -3.190722942 0.509261727 3.847733259 -0.007102218 -0.996668994 -0.057921235 0.056971494
1754429006447935232.000000 -3.172353983 0.508113384 3.830157280 -0.004918916 -0.996653259 -0.058428664 0.056958631
1754429006514598656.000000 -3.154491663 0.503558159 3.816275120 -0.003009436 -0.996309340 -0.061015323 0.060297970
1754429006547930368.000000 -3.149595737 0.503475189 3.807452202 -0.002715179 -0.996129572 -0.061560374 0.062680416
1754429006614596352.000000 -3.140586376 0.501536727 3.789566040 -0.003611018 -0.995799839 -0.062031727 0.067244276
1754429006681263360.000000 -3.134006023 0.499964327 3.771004915 -0.005870736 -0.995642543 -0.061183833 0.070128173
1754429006747930368.000000 -3.127787113 0.498088241 3.749826431 -0.007839199 -0.995388031 -0.062018860 0.072766013
1754429006814596608.000000 -3.116399288 0.496902257 3.721341372 0.010239491 0.995007694 0.063467257 -0.076333381
1754429006881262080.000000 -3.118416309 0.498034388 3.699753523 -0.012419458 -0.994711876 -0.067032613 0.076816678
1754429006947927808.000000 -3.120388985 0.498870581 3.674138069 -0.015869310 -0.994589269 -0.067896068 0.077009529
1754429007014593536.000000 -3.122102261 0.495189369 3.647394896 -0.021251636 -0.994810045 -0.064585455 0.075697988
1754429007081258752.000000 -3.123262882 0.490678310 3.618336201 -0.026597705 -0.995004058 -0.062606089 0.073075727
1754429007147923968.000000 -3.126618862 0.485071212 3.589956522 -0.031046759 -0.995247066 -0.058323000 0.071539395
1754429007214588672.000000 -3.121023178 0.478727818 3.561329365 0.031449534 0.995365143 0.054390863 -0.072806843
1754429007281253120.000000 -3.117166519 0.471947074 3.533827543 -0.028542796 -0.995647728 -0.049792670 0.073428266
1754429007347916288.000000 -3.112786770 0.468275070 3.509340286 -0.024423676 -0.996250868 -0.044393722 0.070121162
1754429007414580224.000000 -3.107592583 0.465692520 3.483140469 -0.021033794 -0.996800065 -0.043302417 0.063813187
1754429007481244160.000000 -3.101046801 0.461348176 3.457960367 -0.016660681 -0.997037947 -0.044474430 0.060496718
1754429007514575616.000000 -3.097412348 0.458340943 3.444527388 -0.014245969 -0.997047544 -0.046444498 0.059466686
1754429007581240576.000000 -3.091174364 0.454670131 3.417912006 -0.010702517 -0.997094750 -0.049026582 0.057305954
1754429007647909888.000000 -3.085532188 0.452001810 3.393573761 -0.008997203 -0.996987641 -0.051867623 0.056960240
1754429007714578944.000000 -3.078767538 0.450222403 3.370016098 -0.008512120 -0.996780097 -0.053933918 0.058721118
1754429007781246720.000000 -3.070125818 0.448519409 3.347478628 -0.008784463 -0.996463180 -0.055582631 0.062405832
1754429007847915008.000000 -3.062256813 0.448155850 3.325794458 -0.008834203 -0.996045113 -0.056675997 0.067852974
1754429007914583040.000000 -3.049475193 0.446840256 3.304610968 -0.007005309 -0.995505810 -0.056111466 0.075964697
1754429007981251072.000000 -3.032270908 0.444239527 3.284551382 -0.003728128 -0.994958699 -0.053489015 0.084748805
1754429008047918848.000000 -3.016762257 0.441446990 3.264368057 -0.000459474 -0.994457006 -0.050193503 0.092389315
1754429008081252352.000000 -3.007708549 0.439307809 3.254967213 0.000432616 -0.994170964 -0.047381848 0.096844852
1754429008147919616.000000 -2.991744995 0.436008006 3.235764265 0.000168902 -0.993649244 -0.041147564 0.104728945
1754429008214586112.000000 -2.973139286 0.429060519 3.215669632 -0.002929170 -0.993035972 -0.035231255 0.112382427
1754429008281252608.000000 -2.958075047 0.423688412 3.193797350 -0.006514209 -0.992342710 -0.030836493 0.119426139
1754429008347919104.000000 -2.940238953 0.418578029 3.175011635 -0.010809638 -0.991359234 -0.025187649 0.128279656
1754429008414585600.000000 -2.927544117 0.413590580 3.153598785 -0.015151033 -0.990212679 -0.022962401 0.136828616
1754429008481251840.000000 -2.917929649 0.411628544 3.132056952 -0.018111248 -0.988856792 -0.025822474 0.145490646
1754429008547917312.000000 -2.908080101 0.410799593 3.111232996 -0.018598756 -0.987484336 -0.028803401 0.153945550
1754429008614584832.000000 -2.898999214 0.407602310 3.091421604 -0.018365020 -0.986153305 -0.032263406 0.161627769
1754429008681251840.000000 -2.894784927 0.408918321 3.074190140 -0.019758582 -0.984868169 -0.034429274 0.168697968
1754429008747919104.000000 -2.893368244 0.406105220 3.054351330 -0.021891074 -0.983512580 -0.036404554 0.175779626
1754429008814586368.000000 -2.892765045 0.404643804 3.033216715 -0.021877488 -0.982425511 -0.039656941 0.181077033
1754429008881253376.000000 -2.894847870 0.403010219 3.010730743 -0.022470003 -0.981944740 -0.042163786 0.183035225
1754429008947919872.000000 -2.897118568 0.401762277 2.986886740 -0.022664703 -0.982302785 -0.043360632 0.180796593
1754429009047919616.000000 -2.904732227 0.399724096 2.950394154 0.026605330 0.983986139 0.042620845 -0.171017662
1754429009114584320.000000 -2.920717239 0.400586605 2.926079273 -0.033892393 -0.984970152 -0.039347187 0.164733261
1754429009147917568.000000 -2.926830292 0.400226295 2.912341356 -0.037824295 -0.985336125 -0.037672728 0.162058040
1754429009214583040.000000 -2.940345764 0.399887145 2.882277489 -0.044842016 -0.986125588 -0.037686817 0.155323088
1754429009281248512.000000 -2.953926086 0.396845371 2.851201534 -0.049132079 -0.986840963 -0.037592858 0.149391413
1754429009347913472.000000 -2.964397907 0.391422510 2.819459677 -0.049513593 -0.987097919 -0.039047655 0.147177935
1754429009414578432.000000 -2.967290878 0.384882748 2.789486885 0.046791788 0.987603664 0.040532429 -0.144245088
1754429009481242880.000000 -2.965775013 0.380101562 2.760170460 -0.041797485 -0.988950670 -0.043124173 0.135535643
1754429009547906048.000000 -2.969953537 0.377149791 2.732252359 -0.037081428 -0.990681946 -0.049146097 0.121486388
1754429009614572544.000000 -2.973582506 0.374600351 2.706265688 -0.032197289 -0.992144585 -0.053267535 0.108513549
1754429009681239040.000000 -2.975997686 0.370971978 2.681336403 -0.026942875 -0.993397832 -0.056382965 0.096207492
1754429009747905536.000000 -2.975489616 0.368685901 2.657046795 -0.021614267 -0.994526327 -0.059092794 0.083416454
1754429009814571520.000000 -2.974114895 0.367490351 2.632254362 -0.017257186 -0.995407820 -0.063327461 0.069679536
1754429009881237248.000000 -2.971233130 0.352031320 2.599907160 -0.016075192 -0.995556056 -0.072428159 0.057999965
1754429009947902976.000000 -2.972144365 0.353231788 2.574335098 -0.015078316 -0.995621443 -0.078799449 0.047971606
1754429010014567168.000000 -2.969899416 0.354352146 2.549677372 -0.011355117 -0.995672882 -0.082407854 0.041419800
1754429010081232128.000000 -2.962980747 0.354981929 2.523628473 -0.004361384 -0.995568812 -0.086692534 0.036168244
1754429010147896832.000000 -2.955230474 0.355066091 2.496756315 0.001552260 -0.995482028 -0.089304388 0.032218430
1754429010214561024.000000 -2.941371679 0.359286964 2.468137264 0.007795448 -0.995376825 -0.090559728 0.031033490
1754429010281225472.000000 -2.932582617 0.358144909 2.441777229 0.013492833 -0.995104015 -0.093394071 0.029388394
1754429010347889152.000000 -2.922250032 0.354464591 2.414564610 0.017879508 -0.995069683 -0.093275838 0.028571324
1754429010414551808.000000 -2.911067963 0.350691378 2.390104294 0.021599431 -0.995073915 -0.092833988 0.027263122
1754429010481214720.000000 -2.902201176 0.346982837 2.368310452 0.023615921 -0.995317876 -0.090481386 0.024450697
1754429010514546432.000000 -2.895268679 0.344143689 2.357693195 -0.023694798 0.995423257 0.089599147 -0.023306133
1754429010581210624.000000 -2.890721798 0.341352999 2.338193893 -0.024097525 0.995690823 0.087522939 -0.018943470
1754429010647878400.000000 -2.888341904 0.338669300 2.319342136 -0.023594817 0.995749772 0.087811135 -0.014660120
1754429010714545664.000000 -2.886217833 0.340837538 2.299030304 0.021865970 -0.995879173 -0.087340578 0.010874493
1754429010814546176.000000 -2.884113073 0.338439763 2.273036242 0.020754227 -0.996119261 -0.085527107 0.000938090
1754429010881211904.000000 -2.884148359 0.337204814 2.254907846 0.020758536 -0.996027172 -0.086095162 -0.009302184
1754429010914545152.000000 -2.883229971 0.335811079 2.244095087 0.020937974 -0.995810986 -0.087797523 -0.014618490
1754429010981211648.000000 -2.884085417 0.334381878 2.222129107 0.022326728 -0.995181918 -0.091944151 -0.025706455
1754429011081210624.000000 -2.879431963 0.332891047 2.187523127 0.025510101 -0.994571149 -0.090936922 -0.043680351
1754429011147876608.000000 -2.881977320 0.331962049 2.165621042 0.028910566 -0.994007230 -0.086668454 -0.060020618
1754429011214541568.000000 -2.885208368 0.330326080 2.143890858 0.032963663 -0.993085086 -0.081594259 -0.077703379
1754429011247874560.000000 -2.887873888 0.328904927 2.132664204 0.034522787 -0.992610753 -0.078066230 -0.086242802
1754429011314538496.000000 -2.893648624 0.324928999 2.107942820 0.035813514 -0.991561592 -0.073961414 -0.100263804
1754429011381203456.000000 -2.898992777 0.320349336 2.081813335 0.036836080 -0.990670383 -0.070707239 -0.110525154
1754429011414535680.000000 -2.891923904 0.313848913 2.069750071 0.037321866 -0.990382671 -0.070748523 -0.112889372
1754429011481199872.000000 -2.898952484 0.309940875 2.041960001 0.038464006 -0.989453554 -0.068894267 -0.121473394
1754429011514532352.000000 -2.902349949 0.308928430 2.028910398 0.039241638 -0.989116848 -0.067565188 -0.124671154
1754429011581197056.000000 -2.907867670 0.306263685 2.003569603 0.040638760 -0.988686144 -0.066072144 -0.128385201
1754429011647863808.000000 -2.912184715 0.303513825 1.980031490 0.042082369 -0.988419294 -0.065097757 -0.130455777
1754429011681197056.000000 -2.914073229 0.301593065 1.969008446 0.042891808 -0.988257945 -0.064659819 -0.131627411
1754429011747862272.000000 -2.906008244 0.296155870 1.951833725 0.045226399 -0.988124251 -0.061555844 -0.133326575
1754429011814528256.000000 -2.904609203 0.294213414 1.935433149 0.049140614 -0.987115324 -0.057498664 -0.141005829
1754429011847861248.000000 -2.903193474 0.293596625 1.925877571 0.051471688 -0.986199498 -0.056547780 -0.146845385
1754429011914526976.000000 -2.898036242 0.291645586 1.908017635 0.054861430 -0.983955324 -0.056450579 -0.160111040
1754429011981192448.000000 -2.891608238 0.290696084 1.889501333 0.057174049 -0.981461942 -0.059309464 -0.173048958
1754429012014524928.000000 -2.887352943 0.290203810 1.881271839 0.058705680 -0.980296612 -0.060530003 -0.178629160
1754429012081189632.000000 -2.875725269 0.284017146 1.864974022 -0.061264295 0.977994502 0.063442953 0.189072683
1754429012114522112.000000 -2.867800236 0.285446107 1.859753847 -0.062756345 0.976870596 0.063259438 0.194380537
1754429012181185536.000000 -2.854164124 0.284154654 1.845488071 -0.064913556 0.974593580 0.063291073 0.204811931
1754429012214517760.000000 -2.848374128 0.284377337 1.838340521 -0.065502129 0.973589003 0.063278958 0.209355861
1754429012281181696.000000 -2.835988522 0.284347594 1.824866772 0.066022523 -0.972043633 -0.064244360 -0.215974465
1754429012314513664.000000 -2.827903032 0.284153819 1.818784475 0.066044673 -0.971574783 -0.064957909 -0.217855483
1754429012381177344.000000 -2.812145948 0.283142865 1.809012175 0.066393740 -0.971048534 -0.063632518 -0.220471174
1754429012414509312.000000 -2.804418087 0.282234967 1.805769920 0.066194959 -0.970967114 -0.060185757 -0.221853256
1754429012481172224.000000 -2.788028955 0.279234231 1.800342560 0.065311313 -0.970662057 -0.053176869 -0.225215331
1754429012547835392.000000 -2.769683599 0.276645154 1.793763638 0.064074323 -0.970208704 -0.047540136 -0.228756323
1754429012581167872.000000 -2.757888317 0.275054425 1.791931391 -0.063870661 0.970052600 0.045924000 0.229803428
1754429012614501632.000000 -2.749470949 0.274152309 1.787270069 -0.063575506 0.969629228 0.045184381 0.231809974
1754429012681168128.000000 -2.730998993 0.272671878 1.777191877 -0.064029582 0.968516290 0.045283776 0.236274958
1754429012714501376.000000 -2.721527576 0.271338701 1.772919655 -0.063957863 0.967841983 0.044565115 0.239176407
1754429012747834880.000000 -2.713153839 0.271754533 1.767897606 0.064254120 -0.966955245 -0.042492840 -0.243029565
1754429012814501632.000000 -2.696686268 0.271278560 1.760073423 0.065219663 -0.964841187 -0.038906958 -0.251622975
1754429012847834880.000000 -2.689038515 0.271035999 1.755863428 0.066074893 -0.963694036 -0.038998540 -0.255748212
1754429012914500864.000000 -2.674922466 0.271358907 1.745147467 0.068040244 -0.961601138 -0.040246051 -0.262819648
1754429012947834112.000000 -2.667839527 0.271315426 1.739218235 0.068734482 -0.960737228 -0.041568272 -0.265578121
1754429013014499840.000000 -2.654317141 0.270142794 1.727836132 0.069768004 -0.959058940 -0.043391638 -0.271027088
1754429013047832832.000000 -2.648218155 0.270446628 1.722240925 0.069933139 -0.958166122 -0.044038035 -0.274021536
1754429013114497536.000000 -2.630886316 0.267067641 1.714630604 -0.070793062 0.956447780 0.044951785 0.279598445
1754429013147829760.000000 -2.624910355 0.267217875 1.707352877 -0.071708754 0.955143929 0.045113988 0.283765167
1754429013214495232.000000 -2.610396385 0.267257988 1.690476418 -0.074028417 0.951717913 0.046739988 0.294224977
1754429013247827200.000000 -2.603053093 0.267292410 1.680059671 -0.074672230 0.949601889 0.048629321 0.300525516
1754429013314492160.000000 -2.583918571 0.265615940 1.662426710 0.075192675 -0.945876420 -0.054389663 -0.310975432
1754429013347824640.000000 -2.576040983 0.266618848 1.652215719 0.075767055 -0.943798125 -0.057251755 -0.316586196
1754429013414488832.000000 -2.560503483 0.267761827 1.629360437 0.075946912 -0.939295411 -0.062062617 -0.328792602
1754429013447820800.000000 -2.552852869 0.267370135 1.618057728 0.075513564 -0.937015772 -0.064254969 -0.334918708
1754429013514483712.000000 -2.536726952 0.265311927 1.595638037 0.075098015 -0.932693422 -0.065625019 -0.346607327
1754429013547815424.000000 -2.528576374 0.264333487 1.584739685 0.076336600 -0.930361748 -0.066817172 -0.352328390
1754429013614483200.000000 -2.510189533 0.260193706 1.561248302 -0.077263042 0.926504552 0.066863470 0.362145215
1754429013647817728.000000 -2.499116898 0.258680105 1.553029299 0.078123294 -0.925116062 -0.065289229 -0.365779102
1754429013714486272.000000 -2.482525826 0.254864067 1.534271717 0.080573969 -0.921856880 -0.061773296 -0.373994440
1754429013747820544.000000 -2.473913193 0.253616989 1.524487019 0.082061455 -0.920137465 -0.060559507 -0.378081441
1754429013814488832.000000 -2.455908775 0.249771208 1.505583525 0.084814385 -0.917122781 -0.058204263 -0.385103434
1754429013847822592.000000 -2.446672201 0.249369413 1.496666670 0.087062210 -0.915322781 -0.058597803 -0.388806820
1754429013914490624.000000 -2.426083565 0.249679714 1.480623245 0.095078751 -0.909926414 -0.062593363 -0.398843408
1754429013947824640.000000 -2.412160158 0.243643135 1.470368624 -0.098938718 0.906512618 0.065737456 0.405122936
1754429014014491392.000000 -2.391544342 0.244175494 1.459037304 0.105644263 -0.899017394 -0.067524694 -0.419580221
1754429014047824896.000000 -2.382141590 0.244665772 1.454642773 0.108258024 -0.895186841 -0.067884311 -0.426980644
1754429014114492160.000000 -2.362482548 0.244899213 1.445615292 0.112259060 -0.887623966 -0.068575636 -0.441383094
1754429014147825664.000000 -2.352778912 0.245169461 1.441672087 0.112778977 -0.884232700 -0.068944953 -0.447950929
1754429014214492416.000000 -2.332473040 0.245216370 1.433969259 0.112238146 -0.878863871 -0.071402922 -0.458151400
1754429014247825920.000000 -2.321475744 0.244640797 1.430673122 0.112204991 -0.876972973 -0.073052689 -0.461510390
1754429014314492416.000000 -2.300046444 0.244457364 1.425289631 0.110848352 -0.875155687 -0.075159170 -0.464937031
1754429014347825408.000000 -2.290084362 0.243034959 1.422581434 0.110178113 -0.875173748 -0.076485515 -0.464845806
1754429014381158400.000000 -2.279013157 0.243169010 1.420556307 0.110154182 -0.875902951 -0.077199921 -0.463357627
1754429014447823616.000000 -2.256341219 0.244093090 1.420093775 0.108891845 -0.878938794 -0.075382642 -0.458177507
1754429014514489088.000000 -2.235054255 0.244950861 1.423287392 0.106044553 -0.883149743 -0.071698144 -0.451287508
1754429014547822080.000000 -2.224393606 0.244736582 1.425709963 0.103694536 -0.885468662 -0.069143474 -0.447673887
1754429014614489856.000000 -2.202097178 0.242522299 1.430510998 0.098421395 -0.890349388 -0.064507641 -0.439806789
1754429014647823872.000000 -2.186617374 0.238234729 1.433863640 -0.096438259 0.892740726 0.062131524 0.435721695
1754429014714491392.000000 -2.164215088 0.236847609 1.439161777 -0.092977807 0.896055698 0.058206901 0.430175960
1754429014747825408.000000 -2.152516365 0.236073762 1.441094398 -0.090496935 0.897650957 0.056875680 0.427549124
1754429014814492672.000000 -2.130867958 0.233990401 1.446739912 -0.084901087 0.901271582 0.053815175 0.421432525
1754429014847825408.000000 -2.119471788 0.231944859 1.453074694 0.082887217 -0.903053045 -0.052827079 -0.418131918
1754429014914492416.000000 -2.097222805 0.232048780 1.457547188 0.079744078 -0.906024694 -0.051224221 -0.412475824
1754429014947825920.000000 -2.085982084 0.232964188 1.459149599 0.079910442 -0.906863332 -0.051222228 -0.410596550
1754429015014492416.000000 -2.064038992 0.233411729 1.460149050 0.081468664 -0.907484233 -0.051073726 -0.408933610
1754429015081158912.000000 -2.043880939 0.233058006 1.460505486 0.083506331 -0.907496989 -0.051750034 -0.408409029
1754429015114492160.000000 -2.034871817 0.232203692 1.460038662 0.083761208 -0.907579362 -0.051803738 -0.408166915
1754429015181158400.000000 -2.015207529 0.231750995 1.456381321 -0.082035117 0.907960236 0.051019970 0.407768905
1754429015214490880.000000 -2.007229805 0.231654555 1.452078342 -0.081091791 0.907613754 0.050591286 0.408781111
1754429015281156864.000000 -1.988621712 0.231959164 1.443489552 -0.079340950 0.906814098 0.051263776 0.410810590
1754429015314488064.000000 -1.976731062 0.229827553 1.443640232 0.079264924 -0.906757772 -0.053191338 -0.410704374
1754429015381153536.000000 -1.956601381 0.230836153 1.431134939 0.078949690 -0.905654371 -0.055292834 -0.412916332
1754429015414486272.000000 -1.946294665 0.231659293 1.423645735 0.078379385 -0.904824793 -0.056272835 -0.414707363
1754429015481150976.000000 -1.926295400 0.233391613 1.407483339 0.076506518 -0.902340889 -0.057359450 -0.420282722
1754429015514483456.000000 -1.916298032 0.232805461 1.398502350 0.074879535 -0.901068509 -0.057709482 -0.423247308
1754429015581148672.000000 -1.896962404 0.231066227 1.379373074 0.069478281 -0.898832262 -0.055393044 -0.429191262
1754429015614482432.000000 -1.884804249 0.228221580 1.368670940 -0.066347145 0.897791386 0.055538636 0.431838155
1754429015681149952.000000 -1.865210295 0.225171745 1.348347425 -0.060029257 0.895227671 0.054366332 0.438187510
1754429015714483712.000000 -1.854586482 0.221976608 1.338550329 -0.057928320 0.894045889 0.052646648 0.441083521
1754429015781149696.000000 -1.829411507 0.214891851 1.320745707 0.055904318 -0.892217159 -0.048514877 -0.445499301
1754429015814483200.000000 -1.817401886 0.212687388 1.312536240 0.056368481 -0.890963137 -0.045942441 -0.448215008
1754429015881149952.000000 -1.792424202 0.208057106 1.296461105 0.061421704 -0.886847079 -0.043330163 -0.455908090
1754429015947816448.000000 -1.766996145 0.207270771 1.281629324 0.067850538 -0.880694926 -0.042473476 -0.466871262
1754429015981149440.000000 -1.754869819 0.207689688 1.274660587 0.071564317 -0.877234876 -0.043957308 -0.472657800
1754429016047815424.000000 -1.731606126 0.203976005 1.261605263 -0.079150349 0.871992469 0.048095807 0.480678022
1754429016081148416.000000 -1.720781922 0.204143539 1.255948544 -0.082067430 0.870266616 0.049265824 0.483191490
1754429016147814400.000000 -1.698742032 0.202736646 1.247191191 0.086068287 -0.868031323 -0.050957419 -0.486330479
1754429016181145600.000000 -1.689010739 0.202538460 1.243614435 0.087656029 -0.867182016 -0.051577479 -0.487495303
1754429016214478592.000000 -1.679240465 0.202121511 1.240476012 0.088928849 -0.866489470 -0.052192021 -0.488429874
1754429016281143552.000000 -1.659258366 0.200864345 1.235537171 0.090904906 -0.865586519 -0.053064864 -0.489571750
1754429016314476032.000000 -1.648534775 0.200408652 1.234161496 0.092270933 -0.865421295 -0.054454636 -0.489455730
1754429016381140992.000000 -1.625860691 0.200919464 1.230134845 0.095469601 -0.865974844 -0.057208236 -0.487545282
1754429016414472960.000000 -1.614567876 0.201925904 1.229421496 -0.097659826 0.866909146 0.058073923 0.485343724
1754429016447805440.000000 -1.603668451 0.202679634 1.228921890 -0.099634431 0.868051112 0.058235209 0.482875675
1754429016514469632.000000 -1.581435680 0.204201013 1.231503487 -0.103024788 0.870957613 0.054802313 0.477300256
1754429016547801600.000000 -1.570745468 0.204211101 1.233448744 -0.103036880 0.872696102 0.051692262 0.474460632
1754429016614469120.000000 -1.548922539 0.203117833 1.237614751 -0.101217784 0.876260996 0.043851193 0.469040155
1754429016647802368.000000 -1.537297249 0.202463299 1.238940716 -0.100459725 0.878166378 0.041033812 0.465884149
1754429016681136384.000000 -1.520553827 0.201423258 1.240758657 0.099597074 -0.880435944 -0.038717773 -0.461967558
1754429016747804416.000000 -1.494780064 0.199764222 1.243851781 0.097824410 -0.884690940 -0.033299942 -0.454580486
1754429016781138432.000000 -1.481760383 0.198052958 1.243942142 0.095820889 -0.886871099 -0.031469755 -0.450874537
1754429016814472448.000000 -1.468835473 0.196807101 1.244100213 0.094086148 -0.888919055 -0.030341413 -0.447269738
1754429016847806208.000000 -1.455532193 0.196106404 1.244466186 0.093337551 -0.890694857 -0.029728888 -0.443922281
1754429016914473472.000000 -1.429662466 0.193826228 1.244186044 0.090885870 -0.893948734 -0.029043950 -0.437894911
1754429016947806976.000000 -1.417418957 0.191905051 1.243049860 0.088372521 -0.896008790 -0.029182902 -0.434173912
1754429016981140736.000000 -1.405875325 0.191025764 1.244609833 -0.086020932 0.898379982 0.028781161 0.429750502
1754429017047808000.000000 -1.380132318 0.188973606 1.243241072 0.081687286 -0.903550863 -0.028937100 -0.419625819
1754429017081139968.000000 -1.369551301 0.188998878 1.240882397 0.079690799 -0.905861080 -0.029283324 -0.414979100
1754429017147806720.000000 -1.348171115 0.189829648 1.238045812 0.077678800 -0.909902453 -0.030993674 -0.406304032
1754429017181139968.000000 -1.337185979 0.190178037 1.235558987 0.077599511 -0.911598504 -0.032481652 -0.402382374
1754429017214473216.000000 -1.326584101 0.189731061 1.232662439 0.077155918 -0.913359642 -0.033768173 -0.398347616
1754429017281139200.000000 -1.305051923 0.189343080 1.225980401 0.078083076 -0.916578710 -0.037419524 -0.390366912
1754429017314472192.000000 -1.294130445 0.189748064 1.223866940 -0.078760490 0.917723119 0.038421422 0.387433857
1754429017381137664.000000 -1.273531079 0.189607978 1.215558887 -0.079271339 0.918729782 0.040555634 0.384716839
1754429017414470400.000000 -1.261999726 0.189059302 1.210601211 -0.080444746 0.918511927 0.042069286 0.384830713
1754429017481136128.000000 -1.238863468 0.190041646 1.198619246 -0.082997330 0.917885840 0.046159964 0.385313243
1754429017514467584.000000 -1.224041343 0.189963043 1.191678286 0.084461309 -0.917807281 -0.048588011 -0.384883642
1754429017547800064.000000 -1.212497950 0.191140309 1.184140325 0.085483104 -0.917553842 -0.050139811 -0.385063142
1754429017614530816.000000 -1.189894915 0.192801833 1.167843819 0.087799631 -0.915918827 -0.054359023 -0.387851804
1754429017647908096.000000 -1.178710222 0.193457320 1.158430457 0.088363275 -0.914809406 -0.056529768 -0.390025705
1754429017681285632.000000 -1.167447686 0.193650216 1.149211287 0.088724412 -0.913850009 -0.058342565 -0.391921401
1754429017748042752.000000 -1.145025730 0.191842005 1.129786253 0.089067556 -0.912807405 -0.062628627 -0.393608153
1754429017781421824.000000 -1.132155180 0.189941376 1.120246410 0.088087536 -0.912905276 -0.064116955 -0.393361926
1754429017848182016.000000 -1.111635089 0.186320677 1.101026535 0.086170197 -0.913065195 -0.066940635 -0.392944902
1754429017881562368.000000 -1.100435019 0.183257252 1.091194510 0.085528992 -0.913065732 -0.068140924 -0.392877430
1754429017948325376.000000 -1.078730702 0.178644538 1.074123859 0.086598895 -0.912829995 -0.068288572 -0.393164933
1754429017981706496.000000 -1.066979885 0.177504018 1.067550659 0.089482896 -0.912478924 -0.067750350 -0.393427104
1754429018015089152.000000 -1.055790544 0.175390154 1.060091734 -0.092552893 0.912006974 0.067377105 0.393875182
1754429018081856256.000000 -1.033848882 0.176293597 1.048889518 -0.099933654 0.911068499 0.067009501 0.394306064
1754429018115240448.000000 -1.023128748 0.177424639 1.043464541 -0.103910871 0.910367846 0.068023324 0.394722372
1754429018148624896.000000 -1.012804151 0.178216591 1.037472129 -0.106492534 0.909846544 0.069046147 0.395058572
1754429018215395584.000000 -0.989591181 0.175668225 1.023989320 0.109875828 -0.909514785 -0.074341074 -0.393933594
1754429018248781568.000000 -0.980046809 0.175393745 1.018686414 0.111282416 -0.909682393 -0.076413557 -0.392753363
1754429018315555328.000000 -0.960465908 0.174253881 1.010697484 0.114806317 -0.910318255 -0.079257861 -0.389690131
1754429018348943360.000000 -0.950386345 0.173349157 1.007325411 0.116353817 -0.910754621 -0.080436021 -0.387966514
1754429018415718912.000000 -0.931231439 0.173295707 1.001387239 0.118141115 -0.912194848 -0.083260424 -0.383420169
1754429018449107968.000000 -0.921145499 0.172879443 0.998818517 -0.118466057 0.913522780 0.085891269 0.379558682
1754429018515887616.000000 -0.899620116 0.173673436 0.992804885 0.117566615 -0.917173147 -0.090408415 -0.369862109
1754429018549277952.000000 -0.891150355 0.174833894 0.991362453 0.116748668 -0.919627309 -0.091260247 -0.363767773
1754429018582644224.000000 -0.882060230 0.175402224 0.990808725 0.115725726 -0.922561646 -0.091790579 -0.356457800
1754429018615986176.000000 -0.872435272 0.175138146 0.990512967 0.114246391 -0.925891101 -0.091880471 -0.348183036
1754429018682669568.000000 -0.853480160 0.176071659 0.993431449 0.111807562 -0.932844460 -0.089783803 -0.330513656
1754429018716011776.000000 -0.844618380 0.176169202 0.996465325 -0.110819846 0.936334968 0.089167006 0.321006477
1754429018782695168.000000 -0.823536694 0.172175184 1.001252532 -0.107612990 0.942844272 0.086951397 0.303156227
1754429018816037376.000000 -0.809150457 0.172213122 1.006464005 0.106413625 -0.945740044 -0.084529944 -0.295138299
1754429018882720000.000000 -0.786306679 0.170318007 1.015568256 0.103882059 -0.950572729 -0.080957867 -0.281186491
1754429018916062208.000000 -0.775069356 0.169014245 1.019528151 0.101826027 -0.952929258 -0.079569802 -0.274273574
1754429018949403648.000000 -0.764228165 0.167777479 1.022880077 0.099060342 -0.955331802 -0.078580640 -0.267120659
1754429019016087552.000000 -0.742300272 0.164861277 1.029990911 0.092620336 -0.960353732 -0.077045627 -0.251408249
1754429019049429760.000000 -0.731992304 0.164411917 1.033591866 0.088545427 -0.963056147 -0.074391156 -0.243204713
1754429019116113408.000000 -0.712201536 0.162757859 1.040705323 -0.079608448 0.968234956 0.070406832 0.226332515
1754429019149455360.000000 -0.703172207 0.162559271 1.043545842 -0.077272177 0.970490932 0.068821043 0.217807502
1754429019216139008.000000 -0.681982875 0.161514282 1.048963070 0.073985636 -0.974691749 -0.065298274 -0.200594962
1754429019249481216.000000 -0.674293756 0.160616130 1.050623655 0.072091877 -0.976488113 -0.063206278 -0.193076953
1754429019316164096.000000 -0.658595026 0.157951906 1.052464485 0.066565409 -0.979899764 -0.057464182 -0.179062948
1754429019349506048.000000 -0.652262270 0.155818328 1.052662015 0.062660798 -0.981319070 -0.054833636 -0.173435152
1754429019416189952.000000 -0.640487432 0.151724562 1.051809192 0.050570007 -0.983851016 -0.046685155 -0.165228114
1754429019449532160.000000 -0.635597944 0.149361640 1.050494790 -0.042440105 0.984867156 0.043007664 0.162437662
1754429019516216064.000000 -0.623788178 0.147317559 1.043701291 -0.029685596 0.985854566 0.041040890 0.159766197
1754429019549558016.000000 -0.617252231 0.147728801 1.038465023 -0.025935959 0.985889196 0.041892681 0.159983978
1754429019582899456.000000 -0.606665432 0.148624599 1.032149315 0.024544371 -0.985659420 -0.044220157 -0.160990134
1754429019649582848.000000 -0.593130410 0.149591476 1.018268108 0.018592540 -0.984898388 -0.047970068 -0.165313154
1754429019682924288.000000 -0.587343872 0.148956016 1.011642098 0.013749048 -0.984678864 -0.048723262 -0.166866824
1754429019749606400.000000 -0.578737855 0.146021709 0.997842312 -0.000891961 -0.984529555 -0.047056898 -0.168779433
1754429019782948096.000000 -0.574596167 0.144014984 0.990151167 -0.009366469 -0.984503210 -0.047870524 -0.168446496
1754429019849630976.000000 -0.564935029 0.140905514 0.975698352 0.022888320 0.984217286 0.047910172 0.168810964
1754429019882972672.000000 -0.559186101 0.139609277 0.968571901 0.028679824 0.983945072 0.048482955 0.169348702
1754429019949655808.000000 -0.546167135 0.139649287 0.954802752 0.036509883 0.983270884 0.049600862 0.171421126
1754429019982997504.000000 -0.538827777 0.140707612 0.948366404 0.038019218 0.982927740 0.052025747 0.172339633
1754429020016338944.000000 -0.529475152 0.141541645 0.938732505 -0.038043842 -0.982700109 -0.055668388 -0.172494203
1754429020083021824.000000 -0.514405370 0.142486721 0.927621365 -0.036266297 -0.983101726 -0.062526450 -0.168185011
1754429020116363520.000000 -0.507207036 0.141458422 0.922752023 -0.034442969 -0.983621359 -0.065900378 -0.164194420
1754429020183045632.000000 -0.491601825 0.138605550 0.918136001 -0.027812399 -0.985022426 -0.066920787 -0.156457841
1754429020216387328.000000 -0.483784139 0.137274563 0.917204857 -0.024577610 -0.985599995 -0.066666819 -0.153440893
1754429020283070208.000000 -0.469060838 0.135553345 0.917503238 0.021429872 0.986716330 0.064866602 0.147390813
1754429020316411904.000000 -0.461527407 0.135455102 0.917989492 0.019855481 0.987290084 0.064705357 0.143796399
1754429020383095040.000000 -0.445189804 0.135884300 0.918220043 0.016243745 0.988245785 0.066486806 0.136696965
1754429020416436480.000000 -0.436248153 0.136782140 0.919332385 0.014873440 0.988810420 0.068160735 0.131859377
1754429020449778176.000000 -0.424705714 0.137513936 0.920844197 -0.013336394 -0.989451766 -0.069910452 -0.126173839
1754429020516461056.000000 -0.406475753 0.138301402 0.927281260 -0.011624639 -0.990986705 -0.070273958 -0.113454364
1754429020549802752.000000 -0.396962196 0.138960227 0.932172775 -0.010834146 -0.991860926 -0.069240257 -0.106303237
1754429020616484864.000000 -0.376702517 0.138481438 0.942450404 -0.008771745 -0.993449867 -0.066380836 -0.092596300
1754429020649824768.000000 -0.366625130 0.137587517 0.946947455 -0.008124013 -0.994123757 -0.065084465 -0.086116113
1754429020683165696.000000 -0.356246144 0.136768803 0.952224255 -0.008275648 -0.994819105 -0.063058794 -0.079309903
1754429020749847552.000000 -0.337037146 0.134799182 0.961041331 0.009294149 0.996065497 0.059305001 0.065192826
1754429020816529152.000000 -0.312291384 0.132834494 0.969836056 -0.009339983 -0.996963978 -0.056508854 -0.052747995
1754429020849870336.000000 -0.301853150 0.132437140 0.973194659 -0.008428602 -0.997248590 -0.056449212 -0.047303926
1754429020883211008.000000 -0.291603029 0.132496983 0.976272762 -0.007131579 -0.997495472 -0.056636870 -0.041765414
1754429020949892864.000000 -0.270250976 0.133215040 0.983200192 -0.004716142 -0.997920811 -0.057381716 -0.028967790
1754429020983234048.000000 -0.260091126 0.134445250 0.987378716 -0.003457415 -0.998119175 -0.057085998 -0.022079907
1754429021049915648.000000 -0.239015833 0.137407809 0.993744552 0.001757485 0.998369575 0.056692578 0.006411293
1754429021083255296.000000 -0.230070353 0.139513046 0.997011602 0.001441249 0.998392582 0.056641769 -0.001396681
1754429021149936896.000000 -0.214465171 0.142790288 1.000883341 -0.001393490 -0.998186886 -0.057830118 0.016635410
1754429021216619008.000000 -0.198578358 0.144592136 1.004065752 -0.001171016 -0.997749031 -0.059181947 0.031514119
1754429021249959680.000000 -0.191253483 0.145121083 1.004948616 -0.000708353 -0.997489631 -0.060069989 0.037490260
1754429021316641280.000000 -0.177966505 0.145620450 1.006238937 0.000101210 -0.996970236 -0.062453732 0.046367951
1754429021383322880.000000 -0.164318115 0.146432444 1.006514668 -0.003631778 0.996497035 0.065675564 -0.051645260
1754429021450004480.000000 -0.151866883 0.146728367 1.006792545 -0.008072862 0.996250510 0.067222498 -0.053860959
1754429021516685312.000000 -0.139864683 0.145894140 1.006383896 -0.012975987 0.996326029 0.065385766 -0.053766847
1754429021583367168.000000 -0.129438370 0.146971092 1.002516985 -0.016989615 0.996099949 0.068581156 -0.052847639
1754429021650050560.000000 -0.122918427 0.147799671 0.995442331 0.019019641 -0.995795786 -0.073135033 0.051772423
1754429021683392256.000000 -0.120485395 0.147548035 0.992133319 0.019045155 -0.995693207 -0.074235015 0.052168932
1754429021750075648.000000 -0.116764992 0.147209242 0.983873487 0.017779706 -0.995306253 -0.077233814 0.055536993
1754429021816759040.000000 -0.115638137 0.146562099 0.973860323 0.015348552 -0.994761705 -0.079969011 0.061794598
1754429021883442432.000000 -0.116016328 0.145176142 0.960519671 -0.013739170 0.994127810 0.084089227 -0.066709407
1754429021950125568.000000 -0.117317379 0.145234376 0.945236146 -0.011353347 0.993591487 0.088826217 -0.068971097
1754429022016807936.000000 -0.120242566 0.145745039 0.928194761 -0.008399169 0.993185997 0.093430288 -0.069150604
1754429022083491584.000000 -0.124550790 0.145543605 0.908992231 -0.004750344 0.992891550 0.097651996 -0.067881696
1754429022150174976.000000 -0.130192667 0.145087421 0.886413634 0.000095768 -0.992716610 -0.101576351 0.064776927
1754429022216858112.000000 -0.137465507 0.143461540 0.863737345 -0.006092741 -0.992573738 -0.105512239 0.060228966
1754429022283541504.000000 -0.144512445 0.141800091 0.840570927 -0.011464268 -0.992357910 -0.109717257 0.055286635
1754429022350224896.000000 -0.150147557 0.139012843 0.817430198 -0.014413395 -0.992265880 -0.112697601 0.050000288
1754429022416907264.000000 -0.153847128 0.136000738 0.796064377 -0.013467033 -0.992323697 -0.114822283 0.043911606
1754429022450248704.000000 -0.153087199 0.133922696 0.785933793 -0.011944472 -0.992376685 -0.115564547 0.041117888
1754429022516932096.000000 -0.154501110 0.131805852 0.768340528 -0.007955175 -0.992845118 -0.114676110 0.032322485
1754429022583615488.000000 -0.155580074 0.131085128 0.752818942 -0.004732049 -0.993186712 -0.114010386 0.023650859
1754429022650298368.000000 -0.155841067 0.131155357 0.739266217 -0.002998093 -0.993127465 -0.115489215 0.018738147
1754429022716980992.000000 -0.155086324 0.130190507 0.725203931 -0.001298889 -0.992854059 -0.118049607 0.017418206
1754429022783663872.000000 -0.153384879 0.129008934 0.713905931 0.000167960 -0.992637873 -0.120041512 0.016127512
1754429022850345728.000000 -0.150119409 0.126891330 0.705042422 0.001551924 -0.992722809 -0.119425140 0.015386440
1754429022917028608.000000 -0.145075828 0.124253348 0.697784364 0.001812718 -0.992807567 -0.118672736 0.015706969
1754429022983711488.000000 -0.138700932 0.122372538 0.692668140 -0.000122759 0.993109107 0.116022043 -0.016530212
1754429023050394112.000000 -0.130990714 0.121573865 0.688926578 0.001541557 0.993053913 0.115640901 -0.021649610
1754429023083735808.000000 -0.126268417 0.121237978 0.687833428 0.002392958 0.992978871 0.115212545 -0.026709864
1754429023150418432.000000 -0.116177097 0.120127559 0.686450303 0.003396483 0.992433727 0.116131246 -0.039716788
1754429023217101056.000000 -0.104790807 0.118352398 0.687308490 -0.005007657 -0.991742849 -0.115385540 0.055742249
1754429023250442752.000000 -0.098863304 0.117723748 0.688692749 -0.006557105 -0.991314173 -0.114515275 0.064339928
1754429023550514176.000000 -0.031589001 0.115960315 0.707615256 -0.021466166 -0.984591186 -0.107515924 0.136234477
1754429023884650240.000000 0.027723432 0.119003564 0.745497525 -0.016454194 -0.982877553 -0.100513376 0.153551683
1754429023951495680.000000 0.035450995 0.118361562 0.761010349 -0.011839838 -0.984170258 -0.095186137 0.149024755
1754429024018342656.000000 0.041169047 0.119444653 0.775635958 -0.007682952 -0.985158741 -0.092969775 0.144082978
1754429024085192192.000000 0.043297321 0.122135535 0.789833844 -0.004746260 -0.986131370 -0.092593588 0.137654752
1754429024185468672.000000 0.041412741 0.127351061 0.813914716 -0.001675194 -0.987731159 -0.091490187 0.126546562
1754429024252322816.000000 0.032329142 0.129638135 0.832366645 0.001533252 0.988546491 0.092106655 -0.119540669
1754429024319179008.000000 0.025669485 0.131511003 0.849803984 0.003410722 0.988762379 0.094663791 -0.115655370
1754429024352608000.000000 0.021674424 0.133444920 0.858583033 0.004817268 0.988806009 0.095861867 -0.114236794
1754429024419467008.000000 0.018095195 0.137361646 0.875057936 -0.006764212 -0.988659978 -0.099255256 0.112490594
1754429024486328064.000000 0.012955248 0.140527308 0.890648305 -0.008646309 -0.988733828 -0.102585733 0.108659841
1754429024553191424.000000 0.010215729 0.142400444 0.905776024 -0.010398913 -0.988784850 -0.104228787 0.106455974
1754429024619935488.000000 0.009080052 0.143494025 0.919308066 -0.011641016 -0.988806069 -0.105703600 0.104660749
1754429024719934976.000000 0.010331750 0.144246981 0.938130498 0.009907271 0.989042521 0.107098900 -0.101127215
1754429024786601728.000000 0.014565676 0.142815545 0.949521601 0.008399769 0.989104033 0.106156163 -0.101654455
1754429024853268224.000000 0.019911349 0.142880559 0.960199535 0.006357011 0.989198864 0.103059702 -0.104037948
1754429024919934208.000000 0.025383174 0.144069448 0.969312787 -0.006054147 -0.989063680 -0.100428171 0.107845291
1754429024986600192.000000 0.031219572 0.144717008 0.976380944 -0.007520002 -0.988695443 -0.098046742 0.113188721
1754429025053265920.000000 0.037924796 0.145901561 0.983587921 -0.010151586 -0.988100171 -0.095215365 0.120370969
1754429025119930368.000000 0.044112831 0.145410687 0.987915218 -0.012750690 -0.986854732 -0.097249418 0.128443405
1754429025186595328.000000 0.051632196 0.144785941 0.991723299 0.013007388 0.986151934 0.099605449 -0.131962284
1754429025253259776.000000 0.058462739 0.144837901 0.994429588 0.013734546 0.986268938 0.098074056 -0.132160708
1754429025319924480.000000 0.064224720 0.145046428 0.996946931 0.015209976 0.986494839 0.096623428 -0.131379351
1754429025386588928.000000 0.069493115 0.144835263 0.998538494 0.015591186 0.986442864 0.095563710 -0.132495046
1754429025453253120.000000 0.075602740 0.144734323 0.998008907 -0.013638852 -0.986663520 -0.094494820 0.131832540
1754429025519915776.000000 0.079913646 0.143994927 0.997750521 -0.012412818 -0.987237096 -0.093753532 0.128137410
1754429025586579712.000000 0.080751777 0.143982336 0.997939110 -0.012853392 -0.987615705 -0.092770241 0.125872508
1754429025619913216.000000 0.080362022 0.143999845 0.998027086 -0.013226580 -0.987611711 -0.092692725 0.125921637
1754429025686579968.000000 0.078412861 0.143475056 0.998164833 -0.013788427 -0.987361729 -0.093041606 0.127553776
1754429025753246208.000000 0.074426115 0.143595695 0.999103725 0.013233541 0.987138689 0.092651114 -0.129606724
1754429025819912448.000000 0.069225460 0.143051669 1.000920773 0.012527096 0.986921668 0.091023967 -0.132451370
1754429025886578432.000000 0.062265754 0.142609581 1.003736258 0.012620977 0.986595988 0.087888546 -0.136911377
1754429025953243904.000000 0.053472847 0.141919494 1.006638050 0.011990719 0.985996008 0.084887743 -0.143046260
1754429026019908096.000000 0.044588238 0.141516387 1.010102749 -0.011041463 -0.985060573 -0.083152667 0.150398046
1754429026086573056.000000 0.034233868 0.141078785 1.011529565 -0.010844543 -0.983864903 -0.081688456 0.158805504
1754429026153238016.000000 0.023376822 0.140090451 1.012393475 -0.012108637 -0.982048273 -0.080990188 0.169926777
1754429026219902464.000000 0.013299942 0.138405517 1.011683941 -0.013770103 -0.979796588 -0.080454975 0.182581648
1754429026286566656.000000 0.004073560 0.137309298 1.008438349 -0.017479025 -0.977004945 -0.082499407 0.195830911
1754429026353230592.000000 -0.003519952 0.136557609 1.002800703 0.020738734 0.974094927 0.084200561 -0.208852142
1754429026419893248.000000 -0.009866536 0.134688720 0.996179521 0.025138471 0.970393419 0.085000396 -0.224676982
1754429026486556416.000000 -0.015205026 0.134892553 0.988864064 -0.028590297 -0.965610147 -0.084464222 0.244224221
1754429026553219840.000000 -0.019094408 0.133796185 0.978756130 -0.032057732 -0.960185230 -0.084371559 0.264382511
1754429026619885824.000000 -0.021517813 0.133859605 0.966530383 -0.035418190 -0.954311550 -0.083794072 0.284628987
1754429026686554112.000000 -0.023050904 0.132992804 0.953367472 -0.039094098 -0.947959483 -0.082636178 0.304984987
1754429026753222144.000000 -0.023564219 0.131851375 0.938873172 -0.043098219 -0.940765738 -0.080304489 0.326578647
1754429026819889664.000000 -0.023768067 0.128489569 0.923134804 0.046881996 0.932695568 0.077838272 -0.349030524
1754429026886556160.000000 -0.020942092 0.125809520 0.905766606 0.048929844 0.924706995 0.074967623 -0.370003670
1754429026953223424.000000 -0.025902271 0.122924410 0.890814126 -0.050986774 -0.918459117 -0.072637208 0.385431170
1754429027019890176.000000 -0.024898529 0.120613463 0.872517526 -0.052896090 -0.911050797 -0.072113253 0.402477473
1754429027086556928.000000 -0.025293827 0.119179443 0.854220092 -0.055536285 -0.903771579 -0.073850542 0.417922020
1754429027153222912.000000 -0.026692271 0.118082583 0.836226106 -0.058245223 -0.897151470 -0.076682501 0.431099355
1754429027219889152.000000 -0.028628349 0.117242679 0.819751024 -0.060792927 -0.891485870 -0.080450378 0.441684186
1754429027253222144.000000 -0.030431032 0.117080696 0.812470734 0.062085103 0.888952553 0.082273208 -0.446251065
1754429027319886848.000000 -0.034907699 0.116686240 0.798761725 0.065439709 0.883878231 0.086193055 -0.455024958
1754429027386552320.000000 -0.042696118 0.117651910 0.788441658 0.070172429 0.878680170 0.088521875 -0.463854492
1754429027453217536.000000 -0.054895282 0.118204936 0.779304385 0.077104501 0.872012138 0.093593083 -0.474225819
1754429027519882496.000000 -0.076480746 0.121506110 0.773492873 -0.086187623 -0.865020216 -0.103886396 0.483238399
1754429027586547712.000000 -0.101006091 0.128000885 0.763125658 -0.100574464 -0.856175959 -0.121055141 0.492131263
1754429027653215488.000000 -0.128407657 0.133801520 0.755092978 -0.114228390 -0.848096788 -0.134238720 0.499663621
1754429027686549248.000000 -0.141041040 0.135504574 0.752879202 -0.118411332 -0.844871044 -0.137145087 0.503351808
1754429027753215232.000000 -0.163606465 0.138022289 0.749507904 -0.122347198 -0.841460824 -0.139563173 0.507441640
1754429027819882496.000000 -0.185710967 0.141495749 0.747761250 0.124831662 0.840806663 0.140643284 -0.507622600
1754429027886549248.000000 -0.208985627 0.140675679 0.747345924 0.124578670 0.841802239 0.139780045 -0.506271362
1754429027919882496.000000 -0.220537782 0.140975907 0.748269677 0.124304898 0.841915488 0.138500407 -0.506502032
1754429027986548992.000000 -0.243129790 0.139870733 0.751609743 0.123841897 0.841915786 0.135041833 -0.507547796
1754429028053214976.000000 -0.257943630 0.141176447 0.750706434 -0.119473144 -0.842611670 -0.130248189 0.508691669
1754429028119880960.000000 -0.278109074 0.141308099 0.755758286 -0.116419047 -0.842183888 -0.126885459 0.510953069
1754429028186545408.000000 -0.299368620 0.142287359 0.761633635 -0.119649790 -0.838523924 -0.123574018 0.517002046
1754429028253210880.000000 -0.320413172 0.141093254 0.768091440 -0.125310943 -0.832072318 -0.117371380 0.527424753
1754429028319875840.000000 -0.340304673 0.139162749 0.773528755 0.128888145 0.823349059 0.108610131 -0.541929960
1754429028386540288.000000 -0.359577119 0.137334839 0.776959896 -0.132106453 -0.813261986 -0.103423528 0.557186246
1754429028453204992.000000 -0.382153332 0.136284590 0.776914835 -0.136782452 -0.802945256 -0.101092480 0.571270466
1754429028519869440.000000 -0.405674398 0.136137515 0.775622308 -0.142162889 -0.790495396 -0.099890396 0.587306380
1754429028586533888.000000 -0.427006900 0.136036485 0.771615505 -0.142316326 -0.776403368 -0.097507119 0.606165230
1754429028653200384.000000 -0.446084619 0.138477430 0.767125130 0.141803995 0.761473179 0.094405174 -0.625410318
1754429028719867904.000000 -0.471913934 0.138118967 0.765396237 -0.142701268 -0.743431211 -0.093192071 0.646731615
1754429028786535168.000000 -0.490605265 0.136061519 0.756512880 -0.139262840 -0.722598195 -0.089040905 0.671214938
1754429028819868672.000000 -0.499127835 0.133484066 0.751905084 -0.135773942 -0.711657465 -0.085185170 0.683997571
1754429028919868928.000000 -0.526666641 0.123261139 0.738103092 -0.125777125 -0.677164435 -0.071187206 0.721499085
1754429028986535168.000000 -0.546846390 0.114953279 0.730229616 -0.120378651 -0.652267814 -0.061657872 0.745824456
1754429029053201152.000000 -0.568971634 0.112862229 0.721511304 -0.115351386 -0.627323270 -0.055187460 0.768188834
1754429029086533376.000000 -0.578280210 0.110742740 0.717524827 -0.113224693 -0.615785241 -0.052387778 0.777974427
1754429029153198848.000000 -0.597886920 0.108736157 0.712133646 -0.112664685 -0.595127821 -0.048387308 0.794221878
1754429029219864576.000000 -0.617554307 0.107261412 0.709369779 -0.113303751 -0.577523291 -0.048008509 0.807046652
1754429029253197056.000000 -0.627406240 0.106243774 0.708254576 -0.113878526 -0.570046365 -0.048392616 0.812242031
1754429029319862016.000000 -0.647342503 0.106281832 0.708866477 -0.115006782 -0.558206081 -0.047866151 0.820297718
1754429029386526720.000000 -0.667960048 0.110875815 0.710526347 -0.112935640 -0.548727810 -0.041052800 0.827319860
1754429029419859200.000000 -0.676012218 0.111245170 0.711412251 -0.111852802 -0.544736564 -0.038612533 0.830217004
1754429029486523392.000000 -0.693493843 0.112136513 0.716969490 -0.109405234 -0.538193882 -0.033746541 0.835008442
1754429029553186304.000000 -0.712258756 0.114751667 0.724609494 -0.108455703 -0.533132434 -0.030407798 0.838500202
1754429029619853312.000000 -0.733817101 0.118464917 0.735227525 -0.110550076 -0.529909432 -0.030154837 0.840277016
1754429029686521600.000000 -0.759874463 0.123425864 0.751949310 -0.114181370 -0.528964162 -0.029441645 0.840412319
1754429029719855616.000000 -0.770493925 0.125820786 0.759713769 -0.115192711 -0.528558850 -0.026989162 0.840611577
1754429029786523136.000000 -0.790899456 0.129543811 0.778595269 -0.117348045 -0.527110100 -0.022537541 0.841354012
1754429029853190656.000000 -0.811415255 0.131565094 0.797287941 -0.117100976 -0.525307834 -0.018010862 0.842623770
1754429029919857920.000000 -0.832330227 0.131290466 0.814508557 -0.115117878 -0.524787724 -0.013526255 0.843304753
1754429029986523904.000000 -0.850655794 0.134968355 0.832723260 -0.110655978 -0.525739670 -0.011224732 0.843342841
1754429030053190656.000000 -0.869946361 0.135320470 0.847426653 -0.104501642 -0.527277946 -0.010343876 0.843178809
1754429030119857152.000000 -0.888628662 0.137920991 0.861029148 -0.103329144 -0.526104748 -0.010035186 0.844059408
1754429030186523392.000000 -0.913647652 0.140692800 0.878472626 -0.106722087 -0.518176496 -0.010638268 0.848522425
1754429030253189376.000000 -0.934356689 0.147158518 0.891079903 -0.109620824 -0.507688046 -0.014339567 0.854418278
1754429030319854848.000000 -0.955470085 0.151435837 0.902707160 -0.113089614 -0.495998234 -0.017901009 0.860741615
1754429030386520576.000000 -0.977234542 0.154711515 0.913940787 -0.116151862 -0.483370066 -0.020999037 0.867422223
1754429030453184768.000000 -0.999704421 0.158078805 0.925776243 -0.120145835 -0.470696688 -0.024028923 0.873746097
1754429030519849472.000000 -1.026005030 0.161439374 0.937151730 -0.124862991 -0.455955952 -0.026257623 0.880808771
1754429030586514688.000000 -1.056467772 0.163898170 0.948924541 -0.129407972 -0.437457919 -0.028791197 0.889412940
1754429030686515200.000000 -1.097466111 0.169284075 0.959079385 -0.131394491 -0.411873311 -0.032462798 0.901133776
1754429030753181696.000000 -1.126496196 0.167537212 0.959979832 -0.129296467 -0.393745899 -0.033816457 0.909452081
1754429030819847936.000000 -1.155399442 0.168919370 0.967862844 -0.128725603 -0.372695655 -0.031566635 0.918439567
1754429030919846144.000000 -1.196732044 0.167987972 0.982485652 -0.128386319 -0.333696604 -0.030268092 0.933406353
1754429030986511616.000000 -1.224931955 0.168775544 0.990944386 -0.127776489 -0.306144804 -0.029264823 0.942916870
1754429031053177088.000000 -1.250076413 0.171911940 1.000176430 -0.128490523 -0.277359396 -0.026963579 0.951753616
1754429031119842048.000000 -1.273218632 0.177374989 1.012974024 -0.132436544 -0.246948183 -0.027819766 0.959532797
1754429031186506752.000000 -1.302678704 0.177079663 1.023483992 -0.136039332 -0.219169587 -0.029818289 0.965696037
1754429031286503680.000000 -1.330742240 0.184859306 1.048605800 -0.140418246 -0.186646178 -0.032140754 0.971809149
1754429031353166848.000000 -1.345656514 0.189433604 1.064778566 -0.140739933 -0.168788522 -0.032396160 0.975014448
1754429031419830528.000000 -1.359949946 0.194892049 1.084907055 -0.141115889 -0.152696043 -0.031851437 0.977627635
1754429031519825920.000000 -1.376089931 0.203901827 1.122146606 -0.143513158 -0.128370389 -0.031003974 0.980797529
1754429031619823872.000000 -1.388844490 0.216249064 1.162937403 -0.145131782 -0.107694365 -0.031674828 0.983023643
1754429031686492160.000000 -1.406519651 0.216434568 1.188758850 -0.145247117 -0.097186990 -0.029722964 0.984161854
1754429031753159424.000000 -1.411845207 0.216211960 1.217618108 -0.141875997 -0.088814601 -0.027699925 0.985502899
1754429031853160960.000000 -1.422532797 0.214668989 1.257793665 -0.138800114 -0.076275319 -0.027158072 0.987005115
1754429031953161984.000000 -1.435924172 0.216482788 1.291989326 -0.133620292 -0.065193072 -0.031256977 0.988391876
1754429032019828992.000000 -1.444514990 0.218861401 1.314149261 -0.133757263 -0.052619882 -0.034253221 0.989023268
1754429032119829248.000000 -1.458755255 0.221011564 1.346538544 -0.137630969 -0.025714885 -0.041163761 0.989293694
1754429032219827456.000000 -1.474943399 0.225568384 1.382809997 -0.140917212 0.001726872 -0.044012453 0.989041150
1754429032286493184.000000 -1.484444380 0.226682723 1.401230693 -0.143245205 0.020824518 -0.042935755 0.988536179
1754429032353159168.000000 -1.495136976 0.231636658 1.418520927 -0.144718140 0.039039288 -0.041927334 0.987813056
1754429032419824640.000000 -1.510429144 0.234450042 1.436860561 -0.146106824 0.056661941 -0.043927513 0.986667454
1754429032519822336.000000 -1.538688302 0.240182608 1.463417649 -0.146217391 0.081385583 -0.047915801 0.984733999
1754429032586487552.000000 -1.560578346 0.242823690 1.481582403 -0.145495400 0.099840000 -0.049256694 0.983075202
1754429032653154304.000000 -1.580867290 0.246583968 1.500557423 -0.147044212 0.122631446 -0.048854243 0.980282009
1754429032719821824.000000 -1.601610184 0.246063069 1.518275380 -0.147078097 0.149979323 -0.048594777 0.976479888
1754429032786489344.000000 -1.626435757 0.241750419 1.534745574 -0.147325248 0.176938161 -0.047958530 0.971950769
1754429032853156352.000000 -1.646894336 0.239044756 1.550066710 -0.145832464 0.200459465 -0.045581050 0.967714429
1754429032886489600.000000 -1.658575892 0.237886906 1.557101965 -0.143959239 0.210416004 -0.044200856 0.965943694
1754429032953156352.000000 -1.677916765 0.236993641 1.572678566 -0.143312111 0.228632167 -0.043179240 0.961937964
1754429033019822848.000000 -1.694419384 0.237961918 1.588437915 -0.144430831 0.247321859 -0.044198241 0.957088411
1754429033086487808.000000 -1.707540035 0.240830451 1.606650949 -0.146735638 0.267783225 -0.045804642 0.951137662
1754429033153153792.000000 -1.717398047 0.243109584 1.623937011 -0.146502063 0.287985116 -0.049371976 0.945073664
1754429033219819264.000000 -1.729494333 0.248909146 1.645377398 -0.143315539 0.307784528 -0.051603351 0.939183950
1754429033286484736.000000 -1.736599684 0.248483315 1.662586927 -0.140867919 0.326659203 -0.053708550 0.933040977
1754429033353149696.000000 -1.742175460 0.251438290 1.681507707 -0.138830975 0.342092097 -0.057811745 0.927554250
1754429033386482176.000000 -1.744992733 0.252537340 1.691821337 -0.138462573 0.347139448 -0.059952714 0.925595999
1754429033453146624.000000 -1.748125553 0.257716447 1.713366747 -0.136936769 0.351578355 -0.059886780 0.924150765
1754429033519810304.000000 -1.747397661 0.262237519 1.739913821 -0.134466633 0.351092905 -0.056369100 0.924919009
1754429033586475008.000000 -1.747083783 0.264432251 1.768706083 -0.128936082 0.345557779 -0.053211220 0.927973092
1754429033653144320.000000 -1.747168541 0.271860361 1.796704650 -0.122807354 0.334528774 -0.051461354 0.932931244
1754429033686478848.000000 -1.748360634 0.273402750 1.814077377 -0.120148137 0.327603161 -0.051429272 0.935732663
1754429033753147648.000000 -1.751251459 0.271707445 1.847389102 -0.114008784 0.311901361 -0.051735863 0.941829622
1754429033786481920.000000 -1.750445843 0.272190273 1.862648606 -0.112414740 0.303703070 -0.052303199 0.944664896
1754429033853150464.000000 -1.748267651 0.275177538 1.891726613 -0.112078942 0.287467688 -0.052435748 0.949763775
1754429033919818752.000000 -1.746765137 0.278075337 1.921658874 -0.113428883 0.274256378 -0.052540902 0.953497112
1754429033986486016.000000 -1.745187283 0.280797869 1.949775457 -0.115313873 0.264493018 -0.053739529 0.955959380
1754429034019819776.000000 -1.746394634 0.280309677 1.963488817 -0.116663136 0.260403633 -0.054799449 0.956857741
1754429034119821312.000000 -1.746727228 0.284318596 2.005211592 -0.119181812 0.248652160 -0.057512790 0.959510326
1754429034153154816.000000 -1.746941805 0.286784977 2.020299673 -0.119916290 0.245973751 -0.056936204 0.960143447
1754429034219821824.000000 -1.748228312 0.289814293 2.048113585 -0.121829398 0.243658826 -0.055190481 0.960594654
1754429034286489088.000000 -1.756387591 0.293622196 2.075004101 -0.125074238 0.243901864 -0.054964136 0.960128844
1754429034319822592.000000 -1.759699106 0.296974421 2.089825630 -0.126769528 0.244463623 -0.055659171 0.959723473
1754429034386488832.000000 -1.769050121 0.301281750 2.118104935 -0.128566712 0.245517209 -0.057228554 0.959122896
1754429034453154560.000000 -1.780498981 0.307727545 2.148275852 -0.130131736 0.248095602 -0.059459604 0.958112180
1754429034486487552.000000 -1.787407517 0.309919596 2.162284851 -0.130803317 0.250248879 -0.060222287 0.957412839
1754429034553153536.000000 -1.801289916 0.314475000 2.191233635 -0.129361361 0.255800784 -0.060442440 0.956126750
1754429034619820800.000000 -1.818243980 0.317427158 2.220855713 -0.126557887 0.263312787 -0.063022867 0.954294324
1754429034686488576.000000 -1.833374500 0.320641279 2.254075766 -0.127215177 0.267365038 -0.064270295 0.952996135
1754429034719822080.000000 -1.842322230 0.318800747 2.270633698 -0.127918988 0.269657791 -0.063016519 0.952339470
1754429034786489600.000000 -1.855850339 0.324265808 2.302203894 -0.128434405 0.275577396 -0.062519789 0.950606704
1754429034853155840.000000 -1.868950844 0.326385528 2.331647396 -0.128252581 0.281690478 -0.061563127 0.948900342
1754429034919822336.000000 -1.881938696 0.327882111 2.360064983 -0.129193753 0.284600824 -0.062054515 0.947871625
1754429034953155840.000000 -1.886833906 0.329886496 2.374843121 -0.130707785 0.285288513 -0.062431682 0.947432458
1754429035019822336.000000 -1.895544767 0.334070444 2.402816772 -0.133310199 0.285846323 -0.063820638 0.946809053
1754429035086488576.000000 -1.903179169 0.337609649 2.429772377 -0.135338306 0.286170542 -0.064537540 0.946374595
1754429035119821568.000000 -1.906414986 0.338575184 2.441266537 -0.135268375 0.286270738 -0.064498343 0.946357012
1754429035186487296.000000 -1.905657530 0.346074462 2.468817711 -0.135475799 0.286475509 -0.064330086 0.946276784
1754429035219820032.000000 -1.906310320 0.349558949 2.484027863 -0.136028215 0.286670357 -0.064369217 0.946135879
1754429035286485504.000000 -1.907023549 0.355171442 2.512217522 -0.137834132 0.284832746 -0.064531408 0.946418464
1754429035319816960.000000 -1.909630418 0.355179995 2.527281523 -0.139182165 0.283377379 -0.064362243 0.946669519
1754429035386481920.000000 -1.907006741 0.361267060 2.556895256 -0.140620232 0.279270202 -0.061463900 0.947869360
1754429035453146624.000000 -1.899346590 0.366727471 2.588328600 -0.140086323 0.274720967 -0.054070983 0.949726582
1754429035486479104.000000 -1.894960165 0.368003130 2.605519295 -0.139559403 0.272820413 -0.049083244 0.950622439
1754429035553143296.000000 -1.884441972 0.370944560 2.640964746 -0.140282154 0.269235522 -0.039634977 0.951978087
1754429035619809536.000000 -1.876203775 0.372273803 2.677668810 -0.143150747 0.263516843 -0.033626541 0.953381360
1754429035653143040.000000 -1.873687267 0.372173816 2.695485592 -0.143457711 0.259691834 -0.032152768 0.954435050
1754429035719810048.000000 -1.869818568 0.374372959 2.729261637 -0.143184617 0.250020146 -0.031730365 0.957069159
1754429035786475776.000000 -1.867452621 0.381779075 2.759693146 -0.143150300 0.240742832 -0.033824544 0.959378421
1754429035819808768.000000 -1.868772984 0.382034063 2.775355816 -0.144238397 0.237808898 -0.035184801 0.959898055
1754429035886475008.000000 -1.873715758 0.388381749 2.807225704 -0.146735266 0.235035241 -0.038097799 0.960091591
1754429035953140992.000000 -1.875498414 0.391310990 2.835507870 -0.151141018 0.232982501 -0.040062096 0.959828436
1754429035986473728.000000 -1.877119303 0.391877353 2.848706007 -0.151028171 0.233086273 -0.040135916 0.959817886
1754429036053139456.000000 -1.880778313 0.394589067 2.876159430 -0.151847899 0.233277991 -0.041293737 0.959592879
1754429036119804672.000000 -1.887057543 0.398652136 2.906508446 -0.155437917 0.234156862 -0.042799328 0.958737731
1754429036186468864.000000 -1.892998576 0.404732883 2.938227177 -0.159805700 0.236795381 -0.045132041 0.957263410
1754429036253133568.000000 -1.901712179 0.411008656 2.971050024 -0.162850127 0.246028230 -0.049634852 0.954194069
1754429036319797760.000000 -1.913223028 0.416973323 3.002616405 -0.163799360 0.253281832 -0.052898150 0.951955795
1754429036386462208.000000 -1.924382925 0.419025302 3.035478592 -0.160125405 0.259630948 -0.053940941 0.950811267
1754429036453125888.000000 -1.939097166 0.419690728 3.063710928 -0.154430151 0.267589867 -0.053406004 0.949576139
1754429036486458112.000000 -1.944858313 0.420809120 3.078365803 -0.153156906 0.271409482 -0.052391581 0.948754430
1754429036553121536.000000 -1.956476569 0.421458423 3.109237671 -0.151045203 0.278689981 -0.049806934 0.947120130
1754429036619787776.000000 -1.968708754 0.421803534 3.141066313 -0.151519418 0.286566794 -0.047527723 0.944808185
1754429036686454016.000000 -1.978700876 0.422934264 3.172399759 -0.150768623 0.292192221 -0.044361398 0.943358183
1754429036753121536.000000 -1.987722635 0.424741685 3.199632168 -0.149681941 0.296550930 -0.041806947 0.942287147
1754429036786455040.000000 -1.992045999 0.426673561 3.213160038 -0.149344847 0.298304856 -0.041410916 0.941804409
1754429036853122048.000000 -1.999025822 0.429702967 3.239025354 -0.148379385 0.301937670 -0.040136684 0.940854013
1754429036919788800.000000 -2.006283283 0.435064405 3.268198252 -0.150889799 0.305492193 -0.039192457 0.939345956
1754429036986455040.000000 -2.010742188 0.438194335 3.292311668 -0.151990309 0.306675315 -0.039215285 0.938781857
1754429037053121280.000000 -2.011679649 0.442007661 3.317266703 -0.153338522 0.305928588 -0.038535208 0.938834429
1754429037119785984.000000 -2.011797428 0.447278529 3.344214678 -0.155523241 0.304747343 -0.036759630 0.938930452
1754429037186451712.000000 -2.009882927 0.452385843 3.373324633 -0.158193454 0.301078677 -0.036138300 0.939691722
1754429037253116928.000000 -2.008270502 0.460550964 3.404964209 -0.161906570 0.291995138 -0.037802745 0.941857874
1754429037286449664.000000 -2.006535769 0.465764642 3.422873974 -0.164906487 0.285595745 -0.038577344 0.943267107
1754429037353114624.000000 -2.002696514 0.473438680 3.457172632 -0.167736441 0.270773172 -0.038604118 0.947130442
1754429037419779328.000000 -1.998833656 0.472662270 3.486886263 -0.166197896 0.254854888 -0.034612626 0.951960742
1754429037486443520.000000 -1.994463086 0.471005976 3.518043995 -0.161290303 0.238992721 -0.031349465 0.957018912
1754429037553106688.000000 -1.994415045 0.473087549 3.551030874 -0.154759318 0.222922653 -0.032241832 0.961933255
1754429037586439168.000000 -1.993485689 0.472513169 3.566994190 -0.151980549 0.215551704 -0.032686759 0.964038908
1754429037653108224.000000 -1.990864754 0.474934965 3.595330477 -0.147404402 0.202523202 -0.033448707 0.967541993
1754429037719776768.000000 -1.987435818 0.478257120 3.624778986 -0.147400707 0.191016942 -0.032744396 0.969903827
1754429037786445312.000000 -1.985496759 0.480510920 3.653850079 -0.149819568 0.179546431 -0.032670859 0.971725225
1754429037853113344.000000 -1.986175776 0.482876122 3.682479620 -0.152901292 0.168057159 -0.034078632 0.973250628
1754429037886447616.000000 -1.987274289 0.483937740 3.695933819 -0.154773802 0.162124157 -0.034362666 0.973950803
1754429037953115392.000000 -1.990436554 0.485989153 3.722882271 -0.157928586 0.150615185 -0.034741662 0.975277781
1754429038019782400.000000 -1.993471742 0.487758279 3.745836735 -0.160523519 0.141371742 -0.033925660 0.976265967
1754429038086449408.000000 -2.001132488 0.493568987 3.771532059 -0.161897764 0.133975208 -0.034641474 0.977056742
1754429038153116672.000000 -2.010838509 0.498728901 3.795378685 -0.163186744 0.128797218 -0.036202468 0.977481902
1754429038219783424.000000 -2.024525166 0.503412664 3.816720247 -0.161849052 0.124898225 -0.039571479 0.978079438
1754429038319783424.000000 -2.050169230 0.508221686 3.848040819 -0.154564008 0.115339026 -0.046290990 0.980134726
1754429038386449920.000000 -2.068576097 0.511507571 3.870527983 -0.148988798 0.107120574 -0.049468935 0.981774092
1754429038453114624.000000 -2.086444616 0.515165806 3.894165277 -0.146173030 0.100341357 -0.050229274 0.982874453
1754429038519780608.000000 -2.102569818 0.515495539 3.920475483 -0.144499421 0.095001273 -0.049232997 0.983702600
1754429038586446592.000000 -2.117725849 0.514540017 3.945975542 -0.143290639 0.092137486 -0.046073835 0.984304726
1754429038653115136.000000 -2.132222414 0.517723918 3.969549179 -0.143540978 0.091860227 -0.042277642 0.984464526
1754429038719783424.000000 -2.145355701 0.518253744 3.988684177 -0.146170497 0.091647610 -0.040788565 0.984160185
1754429038753117184.000000 -2.151665688 0.523003578 4.002800465 -0.148586556 0.090768516 -0.040638328 0.983886063
1754429038819785216.000000 -2.162286997 0.526539266 4.025243759 -0.156844795 0.087848134 -0.041543704 0.982830942
1754429038886451968.000000 -2.172550201 0.529079914 4.046772003 -0.163282350 0.083823539 -0.041897487 0.982118726
1754429038953118976.000000 -2.182507753 0.530746043 4.065900803 -0.165649995 0.077279605 -0.043024834 0.982210159
1754429039019786240.000000 -2.193122149 0.534662664 4.087317467 -0.170612186 0.068122528 -0.045806833 0.981912732
1754429039086453504.000000 -2.200801134 0.539208829 4.112250805 -0.177100822 0.056772839 -0.046637785 0.981446445
1754429039153119744.000000 -2.208732843 0.543748558 4.136126041 -0.181853473 0.046070043 -0.047305852 0.981106102
1754429039219786496.000000 -2.216154337 0.549422741 4.160266876 -0.187143087 0.032744624 -0.048824742 0.980572045
1754429039286452224.000000 -2.222326279 0.554931700 4.184963703 -0.190760389 0.015689567 -0.048581071 0.980308235
1754429039353117440.000000 -2.227700472 0.559110641 4.211717606 -0.193272561 -0.000170744 -0.046944901 0.980021417
1754429039386450176.000000 -2.229717255 0.560541868 4.224491596 -0.193434700 -0.007461366 -0.046396412 0.979987144
1754429039453115648.000000 -2.236047983 0.563846111 4.252082825 -0.196504340 -0.023750680 -0.046311513 0.979120612
1754429039519781120.000000 -2.244774818 0.566665471 4.279874325 -0.197412744 -0.041378763 -0.047484573 0.978295088
1754429039586455808.000000 -2.252899885 0.568504095 4.308052063 -0.200829014 -0.059834819 -0.050510623 0.976491809
1754429039653208576.000000 -2.260952950 0.572554410 4.334994793 -0.203733295 -0.079839543 -0.053138111 0.974317610
1754429039719962880.000000 -2.268837929 0.575283945 4.360335350 -0.204758361 -0.101876616 -0.055905115 0.971889853
1754429039820097536.000000 -2.283592939 0.580093861 4.392316341 -0.202823415 -0.136213988 -0.060746584 0.967790425
1754429039886856960.000000 -2.294175625 0.582999647 4.412206173 -0.202825353 -0.159507111 -0.063366100 0.964056075
1754429039953618176.000000 -2.307549238 0.588139892 4.431226254 -0.205112368 -0.183232531 -0.066226549 0.959150136
1754429040020381696.000000 -2.321035385 0.591991544 4.450122833 -0.209368870 -0.206564397 -0.068767324 0.953292668
1754429040087147008.000000 -2.334577799 0.592152357 4.466410160 -0.211746678 -0.229305670 -0.070511296 0.947423100
1754429040153914112.000000 -2.350368500 0.595383584 4.477905273 -0.213440955 -0.251095563 -0.072683133 0.941334784
1754429040220682496.000000 -2.369467974 0.597851872 4.489102840 -0.213909507 -0.271866083 -0.074415937 0.935304165
1754429040254067968.000000 -2.379787445 0.599044383 4.493688583 -0.214221925 -0.281498551 -0.075195432 0.932316065
1754429040320839936.000000 -2.401847839 0.601850331 4.501540661 -0.214635447 -0.297404796 -0.076832190 0.927134752
1754429040387613952.000000 -2.425740480 0.604716837 4.506324768 -0.214511693 -0.309250742 -0.078814253 0.923112690
1754429040487779072.000000 -2.461365938 0.607408226 4.509950638 -0.207672998 -0.322820604 -0.080434248 0.919885397
1754429040554557696.000000 -2.487810135 0.608676553 4.514032841 -0.203414887 -0.330478698 -0.083132327 0.917875409
1754429040654618880.000000 -2.528925896 0.608283043 4.516174793 -0.201286241 -0.342477649 -0.087145515 0.913563728
1754429040754643456.000000 -2.568308830 0.608055592 4.520371437 -0.202185452 -0.352671385 -0.086901151 0.909501076
1754429040821326848.000000 -2.591665745 0.609760523 4.521779060 -0.200904265 -0.358203948 -0.086113743 0.907695949
1754429040921351680.000000 -2.624293089 0.612884223 4.524450779 -0.198916316 -0.368126959 -0.088053063 0.903969884
1754429040988034816.000000 -2.643740892 0.612902939 4.527603149 -0.196528852 -0.376102269 -0.089049272 0.901107013
1754429041054717696.000000 -2.660814524 0.612601459 4.531947613 -0.195871696 -0.384182304 -0.089476690 0.897792935
1754429041121400064.000000 -2.679958582 0.613868356 4.537530422 -0.196703613 -0.393069237 -0.091498680 0.893550396
1754429041221424896.000000 -2.711963654 0.610797703 4.544319153 -0.199521393 -0.408467323 -0.095533639 0.885561407
1754429041288107776.000000 -2.731787920 0.612637520 4.550486565 -0.201437101 -0.419589639 -0.098713860 0.879558623
1754429041354791168.000000 -2.751113176 0.613146782 4.557721138 -0.201528683 -0.431764603 -0.103027180 0.873127162
1754429041421474560.000000 -2.770496607 0.611417770 4.565031528 -0.199304894 -0.446725160 -0.106291570 0.865688384
1754429041521497856.000000 -2.797222137 0.609467506 4.578019142 -0.194193244 -0.471215606 -0.108898118 0.853455424
1754429041588181248.000000 -2.814298868 0.612602234 4.585758686 -0.189365223 -0.487073481 -0.109982334 0.845460892
1754429041688205824.000000 -2.838196516 0.609002948 4.603373528 -0.179074183 -0.512780607 -0.109041259 0.832525432
1754429041754888704.000000 -2.858646393 0.604151189 4.614740849 -0.174722597 -0.528785586 -0.108692169 0.823434234
1754429041854913024.000000 -2.883300781 0.602539599 4.635358810 -0.169020146 -0.552792311 -0.108185895 0.808794618
1754429041954937344.000000 -2.906837940 0.601842165 4.655282974 0.162584662 0.578280091 0.108564898 -0.792068243
1754429042021619200.000000 -2.920743465 0.601632535 4.665552139 0.157508150 0.594358504 0.107398704 -0.781277537
1754429042121643776.000000 -2.943734646 0.603342652 4.679322243 0.154646352 0.616959214 0.108787350 -0.763944566
1754429042188326656.000000 -2.960560560 0.599196255 4.680346489 0.154348433 0.630735457 0.111364447 -0.752294779
1754429042288350976.000000 -2.981218576 0.603020668 4.682702065 -0.151258543 -0.655120194 -0.112748392 0.731591642
1754429042355033856.000000 -2.992702246 0.601275384 4.680668831 -0.147500172 -0.670913637 -0.112871423 0.717898846
1754429042455057152.000000 -3.008831024 0.599815488 4.672106743 -0.142025560 -0.692033350 -0.112214126 0.698803782
1754429042521740288.000000 -3.019883156 0.599122465 4.664422989 -0.139788479 -0.705057442 -0.112385698 0.686092317
1754429042621764608.000000 -3.036055565 0.600030124 4.649928093 -0.136654720 -0.720776916 -0.111472942 0.670358062
1754429042688447744.000000 -3.046602488 0.596787810 4.634598732 0.132206962 0.727344811 0.109765880 -0.664411306
1754429042788472576.000000 -3.060566187 0.596090972 4.616048813 -0.124157287 -0.737224102 -0.108500764 0.655220032
1754429042888496384.000000 -3.071054220 0.594767749 4.600733757 -0.117514782 -0.746900022 -0.102255657 0.646432161
1754429042955179520.000000 -3.080697536 0.592043400 4.588141441 -0.117081575 -0.750910223 -0.099527463 0.642277360
1754429043021862656.000000 -3.090721369 0.590671241 4.575492382 -0.116293237 -0.754079998 -0.099048287 0.638771296
1754429043088545792.000000 -3.099333048 0.590455711 4.561531067 -0.113961704 -0.758274555 -0.099219941 0.634182811
1754429043155229440.000000 -3.106007338 0.590336919 4.547634125 -0.110603005 -0.764803171 -0.099081099 0.626917899
1754429043255254272.000000 -3.113790512 0.587504148 4.526231766 0.106656536 0.777385831 0.100680336 -0.611685455
1754429043321936384.000000 -3.121653795 0.588470221 4.510142326 -0.103729174 -0.786662936 -0.099588767 0.600403130
1754429043421960960.000000 -3.133706570 0.586624980 4.495777607 -0.097969145 -0.801728249 -0.099286355 0.581185162
1754429043488644608.000000 -3.143080473 0.585906267 4.486996651 -0.094586991 -0.812549114 -0.100419067 0.566333234
1754429043588664064.000000 -3.162238121 0.583315015 4.476477623 -0.088665694 -0.830142736 -0.104013644 0.540539205
1754429043655500544.000000 -3.176033020 0.580864787 4.472064972 -0.084745884 -0.842488408 -0.104606576 0.521621466
1754429043755758592.000000 -3.191582680 0.576736331 4.459535599 0.078973733 0.859057546 0.101695791 -0.495420247
1754429043822600192.000000 -3.208605766 0.576414287 4.453289032 -0.073722273 -0.870265067 -0.098635443 0.476943165
1754429043922866176.000000 -3.233325958 0.573233724 4.447033882 -0.069410406 -0.886441946 -0.099725232 0.446607053
1754429043989712896.000000 -3.248556614 0.572192729 4.441683769 -0.064653747 -0.896757066 -0.101805210 0.425772667
1754429044089986304.000000 -3.267739296 0.572186589 4.431550980 -0.058753628 -0.911572576 -0.107472830 0.392470568
1754429044190263552.000000 -3.281049252 0.571608067 4.420536995 -0.052250165 -0.927088678 -0.111071497 0.354174614
1754429044257117952.000000 -3.288972855 0.572815657 4.412861824 -0.048650760 -0.936740041 -0.113632396 0.327473521
1754429044323974400.000000 -3.285344124 0.578820944 4.394410133 -0.043942962 -0.944748521 -0.117450893 0.302860737
1754429044424262656.000000 -3.287870407 0.583078921 4.379708290 -0.038413614 -0.955458820 -0.124053858 0.265016079
1754429044524555520.000000 -3.286137104 0.581927419 4.367114067 -0.034665421 -0.963218331 -0.125975072 0.234817237
1754429044591419648.000000 -3.280634880 0.581242025 4.358849049 -0.032148384 -0.967631221 -0.123862095 0.217518970
1754429044691508992.000000 -3.268448830 0.579751968 4.345881939 -0.029122137 -0.972764134 -0.122230731 0.194786191
1754429044791624192.000000 -3.256871700 0.578976393 4.328517914 0.027651193 0.975964487 0.122570276 -0.178059697
1754429044858368512.000000 -3.241559982 0.573306084 4.320406914 -0.025457965 -0.977441192 -0.121193781 0.171092838
1754429044958486528.000000 -3.215144157 0.569358468 4.307040215 -0.020292306 -0.979742765 -0.114344105 0.163149923
1754429045058605824.000000 -3.186072826 0.564086080 4.291656494 -0.014310891 -0.981809258 -0.106421150 0.156589836
1754429045125352192.000000 -3.167197704 0.561440885 4.280760288 -0.012062206 -0.982956231 -0.102754734 0.151964262
1754429045225474048.000000 -3.140755177 0.558877170 4.260225296 -0.010328632 -0.983697236 -0.101795241 0.147888109
1754429045325597696.000000 -3.118742943 0.558809280 4.238743305 -0.009499413 -0.984183133 -0.101367131 0.144976258
1754429045425722624.000000 -3.104174137 0.559394002 4.215352535 -0.007051125 -0.984516919 -0.103169136 0.141537532
1754429045492473600.000000 -3.095679760 0.559547126 4.200116158 -0.004802019 -0.984774590 -0.104042418 0.139180332
1754429045592600320.000000 -3.087466717 0.556041121 4.174284935 -0.004395399 -0.985108972 -0.104549713 0.136420071
1754429045725978880.000000 -3.086078167 0.555014193 4.128764629 -0.004875219 -0.985189140 -0.110685118 0.130872235
1754429045825967872.000000 -3.090095997 0.554928482 4.087905884 -0.005706738 -0.985983789 -0.114230029 0.121470049
1754429045925956096.000000 -3.099709988 0.554819942 4.047225952 -0.009941266 -0.988025725 -0.111622766 0.106050916
1754429046059271168.000000 -3.122250080 0.549472213 3.985117674 -0.018655656 -0.990286112 -0.109777503 0.083273448
1754429046125928448.000000 -3.134081364 0.542919219 3.950852871 -0.020991577 -0.991083682 -0.110935301 0.070752695
1754429046225914112.000000 -3.145251274 0.534065485 3.900027275 -0.017511811 -0.991810143 -0.114905067 0.052942377
1754429046325898752.000000 -3.150052547 0.531196475 3.852659225 -0.011233901 -0.992347717 -0.117837027 0.035133705
1754429046392554496.000000 -3.151521921 0.529949307 3.822530031 -0.007213459 -0.992037952 -0.122878760 0.026635624
1754429046492536576.000000 -3.148212433 0.527168870 3.783341646 0.000046493 -0.991326749 -0.130116388 0.018465756
1754429046592518912.000000 -3.140683651 0.521480262 3.744297028 0.004545377 -0.991276979 -0.131267846 0.010862206
1754429046692504576.000000 -3.128607512 0.518009782 3.701920748 0.008854781 -0.990729451 -0.135443404 0.005644155
1754429046792491520.000000 -3.111595631 0.515380740 3.657530308 0.016337587 -0.990338326 -0.137599692 0.005431085
1754429046859147776.000000 -3.095635891 0.515488505 3.628451109 0.024618795 -0.990415812 -0.135671034 0.007994127
1754429046959132672.000000 -3.066686630 0.511428714 3.587685823 0.039716151 -0.991344333 -0.124202073 0.015263985
1754429047059116544.000000 -3.041365862 0.505684495 3.542131901 0.050843652 -0.991657138 -0.115600236 0.025841093
1754429047192427520.000000 -3.010852814 0.486486912 3.485706806 0.053408884 -0.992549598 -0.101411574 0.041334979
1754429047325735424.000000 -2.997616529 0.477517903 3.430277586 0.043231659 -0.992354393 -0.096615493 0.063476168
1754429047425716224.000000 -2.996348619 0.472089946 3.384569645 0.033737041 -0.991004646 -0.099940479 0.082361847
1754429047525695488.000000 -3.002468586 0.467804074 3.340718269 0.020286331 -0.989625096 -0.102193855 0.098929733
1754429047625674240.000000 -3.011511803 0.464315593 3.297978401 0.008899048 -0.988881230 -0.100010253 0.109694175
1754429047725662464.000000 -3.024821281 0.463119268 3.249846935 -0.002678000 -0.989124775 -0.096231759 0.111195609
1754429047825649408.000000 -3.043108940 0.459869206 3.197866440 -0.017780149 -0.990105212 -0.089760989 0.106388807
1754429047925636864.000000 -3.061606884 0.453555822 3.140621185 -0.029266173 -0.991294742 -0.084403254 0.096718468
1754429048025622784.000000 -3.074190617 0.441586375 3.079533577 -0.029410655 -0.992262661 -0.084603317 0.085977532
1754429048125608448.000000 -3.075635195 0.429286689 3.023102283 -0.019711297 -0.993757069 -0.081979148 0.073060125
1754429048192263680.000000 -3.082953453 0.425420940 2.988328457 -0.011305291 -0.994645953 -0.082958348 0.060577836
1754429048325575424.000000 -3.075811148 0.414823830 2.920213461 0.003734470 -0.995405316 -0.087857179 0.037888110
1754429048425558016.000000 -3.066165209 0.404308558 2.874005318 0.013296282 -0.995906889 -0.086318493 0.023276486
1754429048525540096.000000 -3.056549072 0.399028718 2.828736067 0.020130679 -0.996350706 -0.082487039 0.008717963
1754429048625520640.000000 -3.046052694 0.397714317 2.778506994 0.026543209 -0.996232092 -0.082550861 0.001584942
1754429048692178432.000000 -3.035990238 0.397927463 2.746951342 0.031372286 -0.996212900 -0.081048094 0.002603667
1754429048825496064.000000 -3.016509533 0.390566111 2.679672480 0.039049532 -0.996958733 -0.067136362 0.006423839
1754429048925483008.000000 -2.996061563 0.379470825 2.628357410 -0.038879350 0.997153580 0.062676780 -0.015645575
1754429049025468928.000000 -2.991143703 0.367563188 2.579058647 0.034003664 -0.997358263 -0.057237256 0.029054895
1754429049158780928.000000 -2.984206915 0.361543864 2.514991760 0.024881292 -0.996630073 -0.061420426 0.048342392
1754429049258765056.000000 -2.978316545 0.359019369 2.468689442 0.021232510 -0.995862365 -0.067225784 0.057341177
1754429049358747648.000000 -2.973029375 0.349965960 2.420827866 0.019547656 -0.995988667 -0.064863794 0.058456242
1754429049458729984.000000 -2.970436811 0.345034868 2.373811245 0.019950761 -0.996448994 -0.061352670 0.054104883
1754429049558709760.000000 -2.969939947 0.347354174 2.326999664 -0.021883322 0.997258127 0.058999423 -0.038942583
1754429049625363712.000000 -2.968645334 0.346071631 2.282742977 0.023126485 -0.997672915 -0.059985217 0.022710260
1754429049725353216.000000 -2.973107576 0.343190163 2.223151922 0.022797978 -0.998089373 -0.057139449 -0.005741310
1754429049792012544.000000 -2.975394726 0.336578101 2.182221651 0.023673389 -0.997843385 -0.057379749 -0.021350000
1754429049892000768.000000 -2.974264860 0.320961088 2.129995108 0.028020333 -0.997371614 -0.054643258 -0.038455918
1754429049958659072.000000 -2.972056627 0.313723296 2.089624166 0.035609037 -0.996576130 -0.051304314 -0.054183882
1754429050025316352.000000 -2.964728117 0.308648378 2.056298971 0.042706482 -0.994878113 -0.053001333 -0.074730568
1754429050091973632.000000 -2.954851151 0.307510376 2.027986526 -0.049268018 0.992488444 0.057579942 0.096041225
1754429050158630912.000000 -2.945567369 0.300882459 1.994969368 0.054306284 -0.989793181 -0.063672982 -0.115352020
1754429050225287680.000000 -2.934255600 0.298712790 1.966786623 0.058396522 -0.987046838 -0.067979373 -0.133068874
1754429050325272064.000000 -2.913250446 0.298990130 1.929848909 -0.064403169 0.982724369 0.072591953 0.157592729
1754429050391927808.000000 -2.899384737 0.298229635 1.907074690 -0.065834314 0.980376065 0.073772959 0.170546606
1754429050458582016.000000 -2.880656242 0.296900570 1.887401581 0.067047656 -0.978894949 -0.073870189 -0.178360641
1754429050558564352.000000 -2.853218794 0.298507214 1.858138323 -0.069936872 0.977412701 0.071644366 0.186119035
1754429050625219072.000000 -2.831969261 0.298321187 1.841153860 -0.071702197 0.977151096 0.063602425 0.189708546
1754429050691877632.000000 -2.805979729 0.296205223 1.828588247 0.073261730 -0.976837456 -0.057663549 -0.192603961
1754429050758536704.000000 -2.779507399 0.290786266 1.811436653 0.073824391 -0.976341903 -0.054931555 -0.195675999
1754429050825195520.000000 -2.754159927 0.284006536 1.795236826 0.073321991 -0.975431561 -0.052880656 -0.200900093
1754429050891853056.000000 -2.732460737 0.279196084 1.778007269 0.070015758 -0.974471152 -0.052040819 -0.206870794
1754429050958510848.000000 -2.711787701 0.275155187 1.759646893 0.066982500 -0.973355293 -0.052282050 -0.212977543
1754429051025168384.000000 -2.693898201 0.274863660 1.736098289 0.067890264 -0.970903933 -0.057801459 -0.222251087
1754429051091825408.000000 -2.670033693 0.274562538 1.716006279 -0.069431014 0.968213439 0.066568024 0.230891511
1754429051158482176.000000 -2.650255203 0.274385154 1.695585251 -0.072125085 0.965166450 0.073657684 0.240471050
1754429051225138688.000000 -2.634986877 0.272740245 1.675897360 0.073233612 -0.961845279 -0.076427765 -0.252288073
1754429051291794432.000000 -2.616602421 0.271188557 1.658067226 0.073019162 -0.958568156 -0.076429315 -0.264525712
1754429051358448896.000000 -2.597194195 0.271176994 1.638253689 0.072524667 -0.955080688 -0.077513851 -0.276681662
1754429051425103872.000000 -2.576323271 0.272887886 1.616775274 0.072958969 -0.951074839 -0.078549795 -0.289764792
1754429051491758848.000000 -2.554346561 0.274808943 1.595129251 0.074342988 -0.945973873 -0.079664864 -0.305385143
1754429051558413056.000000 -2.531064510 0.272890210 1.574257851 0.074774668 -0.940495729 -0.078074910 -0.322150588
1754429051625067008.000000 -2.509974003 0.268178701 1.552046061 -0.072897375 0.934755206 0.070115410 0.340591550
1754429051691725824.000000 -2.486354351 0.261494517 1.530472755 0.070419982 -0.927663326 -0.064292371 -0.361037791
1754429051725055488.000000 -2.473450661 0.258761197 1.518859863 0.069996767 -0.923555970 -0.062159359 -0.371861666
1754429051791713280.000000 -2.446932554 0.252190202 1.495069981 0.070134737 -0.915388167 -0.059952386 -0.391856372
1754429051858371584.000000 -2.418548584 0.245784491 1.470551252 0.073028453 -0.908453047 -0.059591655 -0.407220781
1754429051925029632.000000 -2.390253305 0.241514981 1.450433731 0.078042239 -0.901588619 -0.057509363 -0.421592295
1754429051958358272.000000 -2.376867056 0.240600049 1.441197872 -0.081442073 0.897373617 0.057005078 0.429928154
1754429052025015808.000000 -2.347958803 0.239512652 1.424474239 -0.088635541 0.888052046 0.059654839 0.447156280
1754429052091672832.000000 -2.320868015 0.238736212 1.412906885 0.094789565 -0.879906237 -0.062231686 -0.461418748
1754429052158329344.000000 -2.292446613 0.237278670 1.403129339 0.100740321 -0.872939706 -0.065249473 -0.472832114
1754429052191656704.000000 -2.278687477 0.236362576 1.398458481 0.103250727 -0.869410932 -0.065995425 -0.478652924
1754429052258312448.000000 -2.251229525 0.235882312 1.393875122 0.107453264 -0.862517893 -0.064524271 -0.490258455
1754429052324968192.000000 -2.222486496 0.236397088 1.390064478 0.111177079 -0.856578827 -0.063979857 -0.499819010
1754429052358295552.000000 -2.207463026 0.236572802 1.388417006 0.113004439 -0.854571164 -0.064353354 -0.502789080
1754429052424950272.000000 -2.177180767 0.238331407 1.386635303 0.116180383 -0.852843404 -0.065622881 -0.504830480
1754429052491604992.000000 -2.147353172 0.241001517 1.387340069 0.118506774 -0.854113758 -0.065800063 -0.502111793
1754429052558258944.000000 -2.120033741 0.242088154 1.388819456 -0.117533669 0.857375085 0.062735759 0.497149855
1754429052591585792.000000 -2.106224775 0.242337257 1.392196417 -0.115455054 0.859934449 0.059461143 0.493606418
1754429052658242048.000000 -2.077996731 0.242405877 1.397371054 0.110680930 -0.865921736 -0.053278744 -0.484861612
1754429052724903168.000000 -2.048221588 0.241473749 1.404252529 0.106072158 -0.872165382 -0.048756804 -0.475078106
1754429052791563520.000000 -2.016649723 0.236560047 1.408871889 0.101181082 -0.877954543 -0.047096241 -0.465553671
1754429052824893440.000000 -2.000726461 0.233869225 1.410747766 0.099044651 -0.880598605 -0.046785541 -0.461028665
1754429052891553536.000000 -1.970095038 0.230099097 1.414758444 0.093158804 -0.886207163 -0.046142448 -0.451474577
1754429052924883712.000000 -1.955354452 0.228702337 1.416146994 0.090486579 -0.888945937 -0.046145946 -0.446607232
1754429052991543040.000000 -1.925896525 0.228776529 1.417154789 0.087542504 -0.894066453 -0.047733944 -0.436695695
1754429053058201856.000000 -1.896613002 0.230322182 1.416792870 0.088901311 -0.897546709 -0.050792795 -0.428866655
1754429053124859648.000000 -1.867622137 0.230749145 1.415486336 -0.091836981 0.899338722 0.054772623 0.423976272
1754429053158188800.000000 -1.853515506 0.229708463 1.413151503 -0.093433671 0.899929702 0.056704037 0.422115415
1754429053258175488.000000 -1.815286040 0.226855427 1.406802416 0.093604721 -0.902041495 -0.058771137 -0.417259365
1754429053291504384.000000 -1.803503513 0.225546837 1.402992487 0.092641249 -0.902539253 -0.059402503 -0.416307509
1754429053358161664.000000 -1.777938843 0.224667400 1.394491196 0.091956779 -0.903266668 -0.061176334 -0.414621383
1754429053424818432.000000 -1.752069592 0.224374920 1.383181572 0.090254568 -0.903467715 -0.062829979 -0.414309800
1754429053491475200.000000 -1.726971507 0.224817634 1.370424747 0.086816601 -0.902551830 -0.063906908 -0.416868061
1754429053558130176.000000 -1.702871203 0.224544406 1.356333017 0.081150137 -0.900684536 -0.062096156 -0.422286719
1754429053591458304.000000 -1.690090418 0.223260239 1.348866224 0.078293853 -0.899441838 -0.061193567 -0.425593615
1754429053658115840.000000 -1.664548993 0.220777467 1.329967022 -0.070514619 0.897063732 0.057778280 0.432395786
1754429053724776960.000000 -1.637237072 0.216892675 1.309126139 -0.065527149 0.894550800 0.057155624 0.438427240
1754429053791437568.000000 -1.607418537 0.210089445 1.290766120 0.064587392 -0.892564297 -0.057505157 -0.442550182
1754429053824767744.000000 -1.592749000 0.207198814 1.281874180 0.064791024 -0.891626656 -0.056857504 -0.444489866
1754429053891428096.000000 -1.565702081 0.203138247 1.266426682 0.065921888 -0.889648080 -0.052998260 -0.448744774
1754429053958087680.000000 -1.539574146 0.201576248 1.253054023 0.067694932 -0.887607038 -0.050619524 -0.452779025
1754429053991416576.000000 -1.526175380 0.200291038 1.247214794 0.069898441 -0.886494756 -0.050676119 -0.454613358
1754429054058075648.000000 -1.499925375 0.197276309 1.236819506 0.074980259 -0.885043204 -0.049366772 -0.456770569
1754429054091404800.000000 -1.487844348 0.196224034 1.232163787 0.077406406 -0.884593487 -0.048641950 -0.457314670
1754429054158063616.000000 -1.463895202 0.193858013 1.223003507 0.080563828 -0.884092391 -0.047814712 -0.457825243
1754429054224721920.000000 -1.439368367 0.191801041 1.210916042 -0.082061328 0.884527504 0.048106346 0.456686735
1754429054258050560.000000 -1.427451134 0.191961810 1.205659389 -0.083182856 0.884857714 0.048294980 0.455823541
1754429054324708352.000000 -1.401029468 0.190242141 1.197105885 0.085111246 -0.886329949 -0.051578294 -0.452233344
1754429054391365888.000000 -1.375363111 0.191032559 1.188946605 0.086333551 -0.889833093 -0.054086875 -0.444767535
1754429054458021632.000000 -1.350000501 0.192447469 1.182986856 0.087622821 -0.894776762 -0.053042650 -0.434607089
1754429054491350016.000000 -1.336570740 0.192933023 1.181122422 0.088187352 -0.897449136 -0.051595699 -0.429122388
1754429054558006272.000000 -1.307281733 0.193834439 1.177322030 0.089140937 -0.902207255 -0.049608219 -0.419064581
1754429054624662272.000000 -1.277348161 0.193764240 1.172509789 0.087300852 -0.907921374 -0.048468072 -0.407072783
1754429054657992448.000000 -1.261587739 0.192771628 1.169924736 0.086497195 -0.911145210 -0.048397459 -0.399988115
1754429054724653568.000000 -1.232001662 0.190243676 1.166228533 -0.083370224 0.918030977 0.047655564 0.384704530
1754429054791314432.000000 -1.200917482 0.186299801 1.162490010 -0.078674719 0.924618006 0.045094095 0.369943768
1754429054857973760.000000 -1.168913722 0.182356343 1.158577800 0.075496398 -0.930198014 -0.045763355 -0.356283158
1754429054924633856.000000 -1.138213992 0.179711431 1.155667186 0.071868107 -0.935497105 -0.046403289 -0.342822045
1754429054957964032.000000 -1.123065829 0.178557485 1.153890610 0.070952632 -0.937795937 -0.046945024 -0.336601853
1754429055024623360.000000 -1.093459129 0.177120179 1.150856376 0.070610613 -0.941805184 -0.048237916 -0.325100511
1754429055091282432.000000 -1.065532684 0.176784933 1.146683574 0.073759049 -0.944688737 -0.050017744 -0.315627933
1754429055124612096.000000 -1.052120447 0.176741228 1.144397616 0.076512419 -0.945691347 -0.051471293 -0.311712265
1754429055191270656.000000 -1.025411129 0.177335218 1.139143586 0.083592936 -0.946759582 -0.054236103 -0.306132197
1754429055224599808.000000 -1.013104320 0.177583456 1.136259913 0.087159559 -0.946907699 -0.055413332 -0.304464161
1754429055291257856.000000 -0.989819288 0.177833751 1.130084157 -0.092907973 0.947053790 0.057847615 0.301845938
1754429055357914368.000000 -0.969599783 0.178302109 1.120853186 -0.095816724 0.947599709 0.059746083 0.298838377
1754429055391243264.000000 -0.960379004 0.177907303 1.116065621 0.096644700 -0.947909057 -0.061276205 -0.297276884
1754429055457900032.000000 -0.942352176 0.179305866 1.104507685 0.098918475 -0.948340178 -0.065260090 -0.294290960
1754429055524556800.000000 -0.926778316 0.181178436 1.092818737 0.098969623 -0.948374033 -0.068870455 -0.293340445
1754429055591213568.000000 -0.913689613 0.180453643 1.080587268 0.094423406 -0.949113011 -0.068610638 -0.292508930
1754429055657871360.000000 -0.901100397 0.177988276 1.067278266 0.087905198 -0.949988365 -0.067448273 -0.291968316
1754429055724530944.000000 -0.887604952 0.175170824 1.052651286 0.082325444 -0.950599372 -0.067651376 -0.291559041
1754429055757859584.000000 -0.880116880 0.173502758 1.044871807 0.079843819 -0.950880468 -0.068239011 -0.291195571
1754429055824518656.000000 -0.864160419 0.169677094 1.028154373 0.077096276 -0.951279640 -0.069055550 -0.290438443
1754429055891177216.000000 -0.846605539 0.167532653 1.012080669 -0.079000875 0.950981140 0.069972984 0.290684789
1754429055924506624.000000 -0.837155163 0.166633964 1.006938696 0.081373364 -0.950761139 -0.070578143 -0.290603399
1754429055991164416.000000 -0.819093406 0.167546809 0.996414900 0.087921396 -0.949435592 -0.073460594 -0.292310506
1754429056024493568.000000 -0.810785651 0.166702598 0.992068529 0.089877166 -0.948975444 -0.073843196 -0.293112427
1754429056091151360.000000 -0.794740796 0.165814444 0.984968185 0.094530925 -0.948853612 -0.073818058 -0.292047530
1754429056157808128.000000 -0.780074179 0.164627418 0.978922844 0.097887628 -0.949357390 -0.074977271 -0.288993180
1754429056191135488.000000 -0.773338497 0.163522780 0.975880504 0.098335929 -0.949821949 -0.075442776 -0.287187696
1754429056257792000.000000 -0.759306848 0.161831573 0.971143007 0.099058256 -0.950870693 -0.076199256 -0.283242166
1754429056324448000.000000 -0.745515049 0.160754427 0.967938304 0.098420680 -0.952157140 -0.077000983 -0.278892696
1754429056391103744.000000 -0.728533089 0.160109550 0.963464618 -0.098029956 0.953806579 0.079786710 0.272538692
1754429056457759232.000000 -0.714019537 0.162443742 0.963398933 0.097366445 -0.955977917 -0.080814064 -0.264755011
1754429056491086848.000000 -0.706277132 0.162281558 0.962876558 0.096078165 -0.957425416 -0.082392238 -0.259455711
1754429056557741056.000000 -0.691111445 0.160949051 0.963572979 0.091800913 -0.960735798 -0.083328709 -0.248225302
1754429056624395520.000000 -0.676158309 0.159147397 0.964073300 0.086478196 -0.963900506 -0.083480366 -0.237588659
1754429056657759232.000000 -0.667987645 0.158594906 0.964460373 0.084557764 -0.965227246 -0.084477820 -0.232486308
1754429056724574976.000000 -0.650629938 0.158211768 0.965455413 0.082957394 -0.967218578 -0.086448267 -0.223904014
1754429056791392256.000000 -0.633136272 0.158329174 0.966010928 0.082322322 -0.968508959 -0.089505374 -0.217261031
1754429056824801536.000000 -0.624467254 0.158473700 0.966768622 0.082376942 -0.969033957 -0.090684950 -0.214391008
1754429056891621120.000000 -0.606711030 0.158329010 0.969674349 -0.083105259 0.970177293 0.092592195 0.208029687
1754429056958442496.000000 -0.591476560 0.158847302 0.971914649 0.084959745 -0.970996320 -0.093217678 -0.203121781
1754429057025265408.000000 -0.576345503 0.159737453 0.974622846 0.086832158 -0.971593916 -0.094110921 -0.199019223
1754429057058677248.000000 -0.569684863 0.160348520 0.975458622 0.087525584 -0.971878409 -0.094839334 -0.196970180
1754429057125501440.000000 -0.558103442 0.161856413 0.976501465 0.087980121 -0.972647250 -0.097084597 -0.191811115
1754429057192328448.000000 -0.549608231 0.162026912 0.975767851 0.087187819 -0.973468781 -0.099503666 -0.186697140
1754429057225742336.000000 -0.546378493 0.162337393 0.975487828 0.086255275 -0.974054694 -0.099937499 -0.183820695
1754429057292571904.000000 -0.540960848 0.162950367 0.973925710 0.085218094 -0.974821806 -0.102046035 -0.179016620
1754429057359402752.000000 -0.536663771 0.163894728 0.970920086 0.086095765 -0.974816680 -0.103578493 -0.177739993
1754429057426235136.000000 -0.532973170 0.164456218 0.965689540 -0.087859176 0.974033058 0.104880370 0.180389866
1754429057493069056.000000 -0.532821059 0.163891494 0.961754084 0.089031182 -0.972878754 -0.105672047 -0.185509950
1754429057559903744.000000 -0.535394192 0.164253175 0.956154704 0.090918586 -0.971273363 -0.105512179 -0.192948267
1754429057593321984.000000 -0.538225174 0.164156497 0.952768326 0.091753297 -0.970354855 -0.104607165 -0.197611421
1754429057660119296.000000 -0.545146167 0.163137704 0.945810437 0.093737215 -0.968334794 -0.102062061 -0.207664534
1754429057726766080.000000 -0.556878984 0.161273867 0.937741995 0.093151107 -0.966794908 -0.097558387 -0.217055023
1754429057793412096.000000 -0.572739959 0.157482266 0.926323771 0.089003220 -0.966378570 -0.094298080 -0.222033381
1754429057826735104.000000 -0.581654072 0.155357093 0.919828176 0.085869730 -0.966946661 -0.092687801 -0.221471503
1754429057893380096.000000 -0.601669371 0.152226210 0.904488087 -0.079915151 0.969056129 0.092685625 0.214367077
1754429057960024576.000000 -0.621541381 0.150058210 0.890502810 -0.074654870 0.972187936 0.092995107 0.201566949
1754429057993345792.000000 -0.631507337 0.148717284 0.884127736 0.072590075 -0.973978400 -0.093430720 -0.193307057
1754429058059989248.000000 -0.650616944 0.148137689 0.872581720 0.068833239 -0.977799773 -0.094941415 -0.173654437
1754429058126631936.000000 -0.668555140 0.148150474 0.863771558 0.063708775 -0.981666923 -0.096034542 -0.151818246
1754429058159953408.000000 -0.676364958 0.147878930 0.860165358 0.060819313 -0.983498335 -0.096772313 -0.140239820
1754429058226595072.000000 -0.690539241 0.146466210 0.853065372 0.053698920 -0.986940920 -0.098860919 -0.115284838
1754429058293236480.000000 -0.702482402 0.145004690 0.847417593 0.045685772 -0.990017533 -0.100834727 -0.087239027
1754429058326557184.000000 -0.707521081 0.144376218 0.845666289 0.041175649 -0.991412759 -0.101182908 -0.071885221
1754429058393197568.000000 -0.715520501 0.143779770 0.844698608 0.029874358 -0.993755162 -0.100643910 -0.037803140
1754429058459836160.000000 -0.722758830 0.144214481 0.844011784 0.016709380 -0.994583607 -0.102582648 0.001073816
1754429058493155840.000000 -0.724399030 0.143418655 0.843440533 0.009776009 -0.994253874 -0.104191467 0.022534089
1754429058559794688.000000 -0.728162348 0.142959014 0.845188558 -0.002891022 -0.992184758 -0.106390290 0.065132417
1754429058626432768.000000 -0.729249239 0.142740980 0.848758459 -0.014471262 -0.988299668 -0.108344167 0.106376201
1754429058726398208.000000 -0.729461193 0.142778799 0.854899883 -0.029529713 -0.979460239 -0.110255979 0.166220486
1754429058759720448.000000 -0.729485631 0.142811686 0.856397688 -0.034213949 -0.975486100 -0.111901082 0.186372086
1754429058859685376.000000 -0.729852796 0.147712350 0.863066316 0.045354504 0.962222517 0.114584133 -0.242778420
1754429058893006848.000000 -0.732051611 0.146743938 0.862276018 -0.047337737 -0.957696557 -0.116767168 0.258731186
1754429058959649536.000000 -0.734549403 0.147820711 0.865121484 -0.052673809 -0.948201358 -0.119073495 0.289760709
1754429059026291968.000000 -0.739780545 0.149657309 0.867421627 -0.058677193 -0.937845886 -0.121535093 0.319736391
1754429059092933120.000000 -0.746399879 0.151573896 0.869479179 -0.064923964 -0.926503897 -0.124215245 0.349207938
1754429059159573760.000000 -0.754480958 0.152702078 0.872054279 -0.069994576 -0.915252447 -0.125576168 0.376356781
1754429059226213888.000000 -0.764343619 0.154059485 0.873757303 -0.073246397 -0.904979765 -0.127018943 0.399390608
1754429059292853504.000000 -0.775537729 0.154668272 0.876009524 0.076804712 0.896909893 0.127543554 -0.416396946
1754429059359491072.000000 -0.788471699 0.154545382 0.877283216 0.079221770 0.891523361 0.127035156 -0.427518547
1754429059426129408.000000 -0.801165819 0.155118376 0.882645011 -0.081222154 -0.888587296 -0.123464048 0.434249014
1754429059492766976.000000 -0.816409349 0.154163554 0.883807898 -0.083069734 -0.885926366 -0.122130789 0.439679533
1754429059559403776.000000 -0.833030701 0.154769167 0.885205746 -0.085035242 -0.883377612 -0.120723523 0.444790781
1754429059626040064.000000 -0.850790381 0.155941814 0.888716817 -0.087521598 -0.881219089 -0.119451277 0.448914707
1754429059692738304.000000 -0.870001197 0.156465247 0.894171715 -0.090497106 -0.878801167 -0.117810816 0.453474939
1754429059759470336.000000 -0.889794469 0.156398296 0.902027607 -0.093072213 -0.875685394 -0.114272229 0.459842026
1754429059826205184.000000 -0.908786893 0.157213792 0.911108851 0.094325699 0.872558236 0.109622426 -0.466612935
1754429059892941824.000000 -0.926933646 0.156044081 0.920614898 -0.095055416 -0.870307088 -0.107350841 0.471174985
1754429059959679744.000000 -0.947824121 0.158014327 0.928477883 -0.097176865 -0.867303789 -0.107974909 0.476111650
1754429060026419712.000000 -0.967440009 0.160488829 0.935442150 -0.098116800 -0.863198221 -0.108871579 0.483124256
1754429060093160960.000000 -0.985323191 0.161834762 0.941391945 -0.099054225 -0.858322024 -0.109043151 0.491509110
1754429060159903744.000000 -1.002945423 0.163028032 0.946465075 -0.100804158 -0.852876365 -0.110320553 0.500269830
1754429060226647040.000000 -1.020044565 0.164245710 0.949916065 -0.103937969 -0.845889628 -0.112015419 0.510999322
1754429060326767104.000000 -1.048417568 0.164549351 0.954748333 0.110009976 0.833612740 0.111679554 -0.529637039
1754429060393515520.000000 -1.065042257 0.165297344 0.958500385 -0.114913143 -0.823464930 -0.110185415 0.544573069
1754429060460265984.000000 -1.084408998 0.167153925 0.958950222 -0.120151363 -0.811091483 -0.111078545 0.561565518
1754429060527017472.000000 -1.104937911 0.169326067 0.957376420 -0.125234827 -0.797043443 -0.113104962 0.579866707
1754429060593771008.000000 -1.125081778 0.172470853 0.956804991 -0.130103216 -0.783386886 -0.113242358 0.597121775
1754429060660516608.000000 -1.143467069 0.174207568 0.956237197 -0.133867189 -0.767908394 -0.110593565 0.616575599
1754429060727219456.000000 -1.161916971 0.174351856 0.955134869 -0.135826275 -0.749162197 -0.106527947 0.639499068
1754429060793923072.000000 -1.179977894 0.172551692 0.953062415 -0.137708262 -0.728494883 -0.103425734 0.663049638
1754429060860627200.000000 -1.203162789 0.169821128 0.953210592 -0.140292659 -0.706401169 -0.101690441 0.686275780
1754429060927332096.000000 -1.223657608 0.167863697 0.950306773 -0.143218413 -0.683335662 -0.099923700 0.708911955
1754429060994037760.000000 -1.243057132 0.166398168 0.949729085 -0.147533327 -0.658704996 -0.098471165 0.731194377
1754429061060744192.000000 -1.261410713 0.166328177 0.949977994 -0.151423931 -0.631251693 -0.097120211 0.754426837
1754429061127450368.000000 -1.278752327 0.167296439 0.951084018 -0.155491382 -0.602190316 -0.098710395 0.776817560
1754429061227512320.000000 -1.301090956 0.172429845 0.955677629 0.160978585 0.558687806 0.100948364 -0.807318628
1754429061294221056.000000 -1.317545652 0.180695027 0.968336463 -0.163732111 -0.529732108 -0.098078318 0.826411784
1754429061360930816.000000 -1.327784777 0.185939819 0.976149976 -0.164395764 -0.501761973 -0.095463224 0.843857646
1754429061427641088.000000 -1.339377522 0.189009562 0.988925159 -0.166626945 -0.477007896 -0.093706459 0.857856691
1754429061494352128.000000 -1.351188898 0.192948893 1.005123615 -0.169395775 -0.455487967 -0.092145458 0.869105875
1754429061561062912.000000 -1.363727450 0.198445916 1.025503874 -0.172550276 -0.436311096 -0.091371492 0.878356636
1754429061627775488.000000 -1.374207497 0.202790320 1.048996925 -0.174963564 -0.421574175 -0.088075668 0.885384440
1754429061694459136.000000 -1.385078907 0.206678629 1.074074507 -0.175599396 -0.411021203 -0.080822773 0.890895128
1754429061761127424.000000 -1.395190120 0.207827359 1.103564620 -0.176478639 -0.401969165 -0.072625190 0.895545483
1754429061827795456.000000 -1.405816555 0.209165931 1.134273291 -0.177804545 -0.393485516 -0.066731237 0.899500787
1754429061894462976.000000 -1.413525343 0.208151996 1.162682056 -0.178030044 -0.388126552 -0.064339675 0.901955366
1754429061961130496.000000 -1.422370911 0.209437013 1.189318299 -0.175540403 -0.384794950 -0.061978806 0.904033780
1754429062027796992.000000 -1.429496408 0.210692525 1.213344812 -0.172891140 -0.379358232 -0.057661738 0.907122493
1754429062127797248.000000 -1.442122102 0.214326620 1.247544527 -0.172869772 -0.363204420 -0.055079706 0.913873553
1754429062194464000.000000 -1.451923609 0.216584533 1.269161701 -0.175724149 -0.351753980 -0.056251742 0.917728722
1754429062261129984.000000 -1.462652326 0.220694795 1.289327860 -0.177950189 -0.342227340 -0.055883761 0.920918703
1754429062327796224.000000 -1.475105405 0.220561296 1.314068556 -0.180713430 -0.334177583 -0.054244019 0.923431456
1754429062394462208.000000 -1.489550471 0.229349762 1.330836773 -0.182890877 -0.324061096 -0.052492652 0.926703811
1754429062494459392.000000 -1.514632583 0.238961563 1.362983942 -0.189099863 -0.303637713 -0.051913433 0.932389617
1754429062561124608.000000 -1.533599257 0.245721817 1.383531809 -0.192691177 -0.289561450 -0.053801510 0.936018050
1754429062627789568.000000 -1.553957343 0.251081198 1.401676297 -0.192572817 -0.275629014 -0.053784143 0.940240264
1754429062694455808.000000 -1.574910760 0.255331516 1.418556571 -0.188829914 -0.259100974 -0.051274735 0.945822835
1754429062761122304.000000 -1.596138239 0.260179639 1.434249282 -0.183351815 -0.238921538 -0.048595726 0.952332437
1754429062827788544.000000 -1.619679332 0.260501772 1.454103708 -0.180836976 -0.216738164 -0.047666740 0.958149493
1754429062894453248.000000 -1.644163251 0.261460423 1.473997593 -0.179339960 -0.193126991 -0.044108439 0.963635623
1754429062961119232.000000 -1.667282820 0.259485126 1.495175004 -0.178588152 -0.168100387 -0.039720677 0.968643844
1754429063027784704.000000 -1.685727000 0.260064453 1.516439199 -0.180829093 -0.142415002 -0.037291341 0.972434163
1754429063094449664.000000 -1.700703382 0.260891557 1.539785147 -0.184155971 -0.117037944 -0.037098676 0.975198686
1754429063161114368.000000 -1.713248372 0.265587837 1.563678980 -0.189797416 -0.093989581 -0.038218610 0.976566613
1754429063227779072.000000 -1.721939206 0.269768775 1.589548945 -0.192245081 -0.072863229 -0.037054848 0.977936506
1754429063294443264.000000 -1.728339434 0.273240685 1.617100954 -0.195272461 -0.052750882 -0.034533627 0.978720307
1754429063361106432.000000 -1.733840823 0.280522197 1.648079991 -0.199999169 -0.034506287 -0.032678876 0.978642881
1754429063427770112.000000 -1.737271309 0.284663528 1.681497812 -0.204891622 -0.020899594 -0.031651895 0.978049517
1754429063494433536.000000 -1.738938093 0.295354664 1.714508653 -0.207766712 -0.015937120 -0.030938148 0.977559149
1754429063561096704.000000 -1.735422730 0.302795649 1.750213385 -0.208819777 -0.018534252 -0.029083841 0.977345884
1754429063627759360.000000 -1.728558540 0.309861928 1.789905190 -0.207799450 -0.025727198 -0.025572112 0.977498710
1754429063661091840.000000 -1.725452423 0.312143981 1.810650826 -0.207086340 -0.029008318 -0.023061566 0.977620542
1754429063727759616.000000 -1.717822313 0.315204442 1.855413914 -0.207083762 -0.034917939 -0.018924369 0.977516711
1754429063827759616.000000 -1.709544063 0.317135334 1.921257734 -0.205359772 -0.038102061 -0.018406894 0.977771401
1754429063894426880.000000 -1.708325028 0.316217929 1.958390236 -0.200261533 -0.041172598 -0.022413846 0.978620410
1754429063961093376.000000 -1.706472039 0.316237360 1.993238330 -0.197433352 -0.044855330 -0.024362508 0.978986561
1754429064027760128.000000 -1.702690721 0.315393299 2.025849581 -0.196228504 -0.046917878 -0.025250982 0.979109526
1754429064094426112.000000 -1.702473760 0.316681385 2.056253195 -0.196005523 -0.046612635 -0.027371075 0.979111850
1754429064161092352.000000 -1.705048203 0.318794668 2.084985971 -0.195238724 -0.047332931 -0.030170368 0.979148209
1754429064227757056.000000 -1.708310843 0.320619792 2.112330914 -0.193119869 -0.048846450 -0.031613812 0.979448497
1754429064327755264.000000 -1.713673592 0.325883120 2.153176546 -0.189617768 -0.048900221 -0.029047800 0.980209291
1754429064394420224.000000 -1.718821406 0.332422793 2.180195570 -0.186578140 -0.043308549 -0.027812064 0.981091022
1754429064461084928.000000 -1.726397753 0.339982182 2.205749989 -0.183738843 -0.034515120 -0.028410334 0.981958032
1754429064527749632.000000 -1.738414526 0.346707702 2.229001045 -0.176995471 -0.025140850 -0.029932814 0.983435154
1754429064594413824.000000 -1.753763676 0.345098257 2.252467155 -0.165520176 -0.015248109 -0.031009242 0.985600829
1754429064694410752.000000 -1.777146339 0.343311727 2.295494080 -0.149720445 0.000073514 -0.031986594 0.988210857
1754429064727744256.000000 -1.786151409 0.342251807 2.308701038 -0.144865245 0.004462328 -0.032934353 0.988893092
1754429064794411520.000000 -1.802744389 0.339607567 2.338248014 -0.136356145 0.009107137 -0.034063164 0.990032256
1754429064861077760.000000 -1.816331983 0.340268135 2.370359898 -0.132100612 0.012320662 -0.031529393 0.990658164
1754429064927744256.000000 -1.828950047 0.343153745 2.403151989 -0.133329645 0.017636122 -0.029442387 0.990477383
1754429064994409984.000000 -1.837592483 0.347925335 2.436963081 -0.138567001 0.021854185 -0.027678007 0.989725053
1754429065027742976.000000 -1.841203332 0.350180179 2.453542709 -0.141666681 0.023185771 -0.026191626 0.989296198
1754429065094407680.000000 -1.847431898 0.353705138 2.483964920 -0.144444212 0.025681036 -0.022475816 0.988924325
1754429065161072896.000000 -1.854600072 0.355805039 2.513187408 -0.146484703 0.026955139 -0.019423267 0.988654912
1754429065227738112.000000 -1.859808564 0.361448497 2.547567368 -0.148862198 0.025166195 -0.017358039 0.988385320
1754429065294402816.000000 -1.867007017 0.367559493 2.582133770 -0.154299051 0.019760629 -0.017168708 0.987677336
1754429065327735552.000000 -1.871892452 0.369553268 2.597674847 -0.157202616 0.015723381 -0.017507829 0.987286031
1754429065394399744.000000 -1.879357934 0.377624184 2.633645773 -0.162513644 0.004794877 -0.017345877 0.986542165
1754429065461063680.000000 -1.886454821 0.386431783 2.670505524 -0.164283484 -0.009561971 -0.015987404 0.986237288
1754429065527726592.000000 -1.892954946 0.392660439 2.706742048 -0.164826021 -0.027451741 -0.013761899 0.985844553
1754429065594390272.000000 -1.901469827 0.395236075 2.744971275 -0.161443740 -0.045927983 -0.009847470 0.985763431
1754429065661054208.000000 -1.910304070 0.395106941 2.785331726 -0.159441188 -0.064639658 -0.006498729 0.985067546
1754429065727721728.000000 -1.918255329 0.396705508 2.829450846 -0.157184497 -0.083409123 -0.006999089 0.984015822
1754429065794388992.000000 -1.932198524 0.394791394 2.864555359 -0.155560911 -0.101463586 -0.011148541 0.982538402
1754429065861055744.000000 -1.944683790 0.398762465 2.902627230 -0.157747075 -0.121502787 -0.015017961 0.979860902
1754429065927722752.000000 -1.957217693 0.401597470 2.935320616 -0.161437139 -0.141722202 -0.016577754 0.976513207
1754429065994388224.000000 -1.970651984 0.405391693 2.966229439 -0.166550487 -0.156764284 -0.019196577 0.973302364
1754429066061054464.000000 -1.986778378 0.408976495 2.993151188 -0.169981211 -0.170014530 -0.022381414 0.970412612
1754429066161053184.000000 -2.013943195 0.415388703 3.029802084 -0.174274594 -0.190217674 -0.025773386 0.965806067
1754429066227718656.000000 -2.033992290 0.420568079 3.052222013 -0.177206531 -0.197635606 -0.027167955 0.963742733
1754429066294383872.000000 -2.063153982 0.423175931 3.070850611 -0.178698167 -0.198393285 -0.029500697 0.963242948
1754429066361048832.000000 -2.082321405 0.427042186 3.088730335 -0.175734788 -0.195902333 -0.031058671 0.964248419
1754429066427712768.000000 -2.113569736 0.430225760 3.104461432 -0.171777442 -0.188867405 -0.032978464 0.966299176
1754429066494376960.000000 -2.143483639 0.433318019 3.119608402 -0.166671917 -0.180387452 -0.033434909 0.968794644
1754429066561041152.000000 -2.173854113 0.434845239 3.135981798 -0.162430435 -0.169192359 -0.031274777 0.971602976
1754429066627705088.000000 -2.204578876 0.434384346 3.153238058 -0.159054294 -0.155074671 -0.029234063 0.974576354
1754429066694371584.000000 -2.235023975 0.431750804 3.168439388 -0.155712947 -0.140554935 -0.026039509 0.977404594
1754429066761039104.000000 -2.262713671 0.429513842 3.182967663 -0.149999887 -0.126415014 -0.021719132 0.980330348
1754429066861038848.000000 -2.298942566 0.434199005 3.204083920 -0.149492919 -0.112515122 -0.019805120 0.982140541
1754429066927705856.000000 -2.318987131 0.438909262 3.224807739 -0.152098238 -0.109224156 -0.020391533 0.982100010
1754429066994372352.000000 -2.345577478 0.440039694 3.237726927 -0.155872703 -0.108213127 -0.021054285 0.981606066
1754429067061038848.000000 -2.367092848 0.441924870 3.257386208 -0.157428786 -0.110123493 -0.020929048 0.981147826
1754429067127704832.000000 -2.386646748 0.446270734 3.278722286 -0.158209577 -0.113138601 -0.021216767 0.980672836
1754429067194370560.000000 -2.406854153 0.450871348 3.300576925 -0.158350095 -0.114777684 -0.022110729 0.980439901
1754429067261036032.000000 -2.426276445 0.457223058 3.324225426 -0.159721196 -0.115223497 -0.022861157 0.980148017
1754429067327700480.000000 -2.443948030 0.463080198 3.347685099 -0.160310194 -0.114891693 -0.021837773 0.980114162
1754429067394365440.000000 -2.460954189 0.466151893 3.373437643 -0.158807278 -0.115720026 -0.019458240 0.980311453
1754429067461030144.000000 -2.478696108 0.471218526 3.397665501 -0.157854959 -0.117678814 -0.015302594 0.980305791
1754429067527694336.000000 -2.495789289 0.471548706 3.427061081 -0.157528728 -0.118878506 -0.011655176 0.980263650
1754429067594359040.000000 -2.515613317 0.473085582 3.454176426 -0.156791985 -0.123486578 -0.009360763 0.979836643
1754429067627691008.000000 -2.526566029 0.473061144 3.468345881 -0.157076791 -0.127674520 -0.009795968 0.979249775
1754429067694356736.000000 -2.548866510 0.473538458 3.495491505 -0.157219350 -0.136473492 -0.010233771 0.978034973
1754429067761022208.000000 -2.572447777 0.476433188 3.520295143 -0.160299823 -0.142336175 -0.012441340 0.976672709
1754429067827687936.000000 -2.596245766 0.477882326 3.543086290 -0.160808265 -0.144939631 -0.015543331 0.976161718
1754429067894353920.000000 -2.618189812 0.479152441 3.566290379 -0.164541990 -0.150841385 -0.016121825 0.974634826
1754429067961019392.000000 -2.642018318 0.481587708 3.588454723 -0.168131441 -0.160700276 -0.018074732 0.972409725
1754429068027684096.000000 -2.670423269 0.483944535 3.604791641 -0.171299264 -0.170159996 -0.021564743 0.970173776
1754429068127681792.000000 -2.716332912 0.491384894 3.627545834 -0.175497293 -0.173542112 -0.026442191 0.968702614
1754429068194344960.000000 -2.749176502 0.496582568 3.641266346 -0.178593278 -0.171077162 -0.028615933 0.968513429
1754429068261009152.000000 -2.783056259 0.502984226 3.652559042 -0.181108028 -0.167987481 -0.030132970 0.968541205
1754429068327673088.000000 -2.817514420 0.507058322 3.660721302 -0.179298505 -0.163268194 -0.029558633 0.969702005
1754429068394337024.000000 -2.852299690 0.510048509 3.666657209 -0.175715119 -0.157072604 -0.027488835 0.971440613
1754429068461000192.000000 -2.889422178 0.507155418 3.672960520 -0.172354966 -0.150048599 -0.025207704 0.973213196
1754429068527663104.000000 -2.930721521 0.501078725 3.677963495 -0.171041206 -0.145039231 -0.022965262 0.974259317
1754429068594326016.000000 -2.962964773 0.496928483 3.681342363 -0.166594326 -0.141296327 -0.016039398 0.975717425
1754429068660988672.000000 -2.993708849 0.497666448 3.689095974 -0.168609187 -0.135257691 -0.011477410 0.976291299
1754429068727656960.000000 -3.025656223 0.501786530 3.700131655 -0.173020571 -0.132899314 -0.014481990 0.975803256
1754429068794324736.000000 -3.055664539 0.505141079 3.713453770 -0.176206484 -0.131386206 -0.018406052 0.975371838
1754429068860992512.000000 -3.082439899 0.508302867 3.729305744 -0.178168610 -0.129144609 -0.019012727 0.975303173
1754429068927660032.000000 -3.105587959 0.511507034 3.745262146 -0.179195032 -0.127475098 -0.016730100 0.975376606
1754429068994327040.000000 -3.127791166 0.515152633 3.763103008 -0.179158583 -0.125156194 -0.013902294 0.975727856
1754429069060994048.000000 -3.147787809 0.521593630 3.780467749 -0.180439368 -0.122929305 -0.012629524 0.975792289
1754429069127659520.000000 -3.160147190 0.527527809 3.799902439 -0.178224653 -0.122698106 -0.008093757 0.976276457
1754429069194326272.000000 -3.177756786 0.532138467 3.817670107 -0.171225995 -0.122607909 0.003083965 0.977568209
1754429069294325248.000000 -3.193205833 0.535153151 3.854589224 -0.169384599 -0.122982740 0.024495563 0.977539837
1754429069360991232.000000 -3.204990149 0.534627795 3.880643368 -0.169339433 -0.119217403 0.036819395 0.977627635
1754429069427656704.000000 -3.220149994 0.535720050 3.903832436 -0.168938950 -0.118100956 0.041316714 0.977652669
1754429069494322176.000000 -3.239281893 0.539572358 3.923981667 -0.172563806 -0.121448405 0.040887237 0.976626992
1754429069560986112.000000 -3.256384373 0.542277753 3.940118074 -0.175135478 -0.125706822 0.039438520 0.975689530
1754429069660983552.000000 -3.290516376 0.541298270 3.960064411 -0.176385716 -0.124769099 0.030055556 0.975918770
1754429069727650816.000000 -3.293149948 0.541302145 3.968995810 -0.176171258 -0.124222651 0.024326589 0.976186812
1754429069794317824.000000 -3.325742960 0.538996339 3.972325325 -0.175449878 -0.116910994 0.020174954 0.977313757
1754429069894317312.000000 -3.352488279 0.537527204 3.976730824 -0.176212713 -0.098889723 0.012789181 0.979288757
1754429069960983808.000000 -3.372529268 0.536096215 3.975162506 -0.175352126 -0.083155520 0.006085541 0.980968833
1754429069994315520.000000 -3.384798527 0.535078943 3.972872972 -0.173006594 -0.074486487 0.002084280 0.982097864
1754429070094313984.000000 -3.417428255 0.530237079 3.960896969 -0.162430570 -0.051327240 -0.008137831 0.985350490
1754429070160979456.000000 -3.440358877 0.526725352 3.952006817 -0.153338417 -0.037653156 -0.013125787 0.987368882
1754429070227644672.000000 -3.463396072 0.526520371 3.947084665 -0.143327922 -0.025400974 -0.016980177 0.989203513
1754429070294309632.000000 -3.481782913 0.517050862 3.929555416 -0.134437144 -0.014091963 -0.019284481 0.990634263
1754429070360974080.000000 -3.511125326 0.518835425 3.929644346 -0.127415165 -0.003687505 -0.019837227 0.991644263
1754429070427637248.000000 -3.532432079 0.517209351 3.923604488 -0.123356998 0.005423912 -0.020747032 0.992130637
1754429070494301440.000000 -3.553561449 0.517542481 3.918041229 -0.119099215 0.011935526 -0.023227701 0.992538929
1754429070527633152.000000 -3.563007593 0.517351747 3.914731741 -0.116975717 0.014556529 -0.024724657 0.992720246
1754429070594296832.000000 -3.580543756 0.518202186 3.909520388 -0.114422709 0.019821828 -0.027661147 0.992849171
1754429070660961024.000000 -3.592788458 0.520314753 3.905798674 -0.113757089 0.029378250 -0.027309930 0.992698610
1754429070727629568.000000 -3.601613045 0.522256732 3.902948380 -0.113699444 0.041910823 -0.025999613 0.992290258
1754429070794298112.000000 -3.613065004 0.522233665 3.904459238 -0.113145255 0.054384377 -0.024968529 0.991774738
1754429070827632128.000000 -3.599720478 0.519666016 3.895944834 -0.112947486 0.057878140 -0.024452381 0.991612434
1754429070894299136.000000 -3.601643085 0.519358158 3.896563530 -0.111417115 0.066646174 -0.022865055 0.991272748
1754429070960966656.000000 -3.618795395 0.522209883 3.905454874 -0.109065987 0.072318994 -0.023370622 0.991124868
1754429071027634176.000000 -3.618671656 0.521505952 3.904252529 -0.103676140 0.072459437 -0.024454873 0.991666734
1754429071094301184.000000 -3.617428780 0.518001854 3.903521061 -0.095404781 0.068303317 -0.025737980 0.992758870
1754429071160968192.000000 -3.612619877 0.514229655 3.902399302 -0.088524573 0.061772782 -0.023273719 0.993884325
1754429071194301696.000000 -3.609827280 0.513420761 3.902511597 -0.086622223 0.057702284 -0.021881104 0.994328022
1754429071260967936.000000 -3.603855848 0.512433231 3.903517485 -0.083713584 0.051236581 -0.017947413 0.995009959
1754429071327633664.000000 -3.589580059 0.510577083 3.902442932 -0.081854507 0.047478277 -0.014098727 0.995412946
1754429071394299392.000000 -3.589625359 0.513123512 3.913081646 -0.083187453 0.045830738 -0.012911714 0.995395780
1754429071427632384.000000 -3.572582483 0.512449205 3.907751083 -0.084058903 0.042532153 -0.012721378 0.995471418
1754429071494297856.000000 -3.571731091 0.517863929 3.918081760 -0.086518303 0.039554983 -0.013530813 0.995372772
1754429071560963584.000000 -3.575932503 0.518497407 3.920688152 -0.090149961 0.038376842 -0.013289077 0.995099783
1754429071627628544.000000 -3.578714371 0.519453108 3.924481869 -0.092859112 0.039173413 -0.012278802 0.994832635
1754429071694295552.000000 -3.581204176 0.518680215 3.923128843 -0.089534625 0.040214058 -0.010177824 0.995119512
1754429071727629312.000000 -3.582402706 0.518317103 3.921481133 -0.087021828 0.040970661 -0.008657776 0.995325923
1754429071794295808.000000 -3.586258888 0.515725672 3.918126822 -0.082818180 0.042516306 -0.005553165 0.995641887
1754429071860963072.000000 -3.587918282 0.510483384 3.912698507 -0.075825416 0.041723084 -0.000439329 0.996247709
1754429071894296576.000000 -3.591169357 0.509953439 3.911804676 -0.072464719 0.041294631 0.002691722 0.996512115
1754429071960963584.000000 -3.594703436 0.509032011 3.908090353 -0.067926742 0.040930443 0.007077545 0.996825278
1754429072027630080.000000 -3.592467546 0.507138014 3.906832933 -0.068613522 0.038990889 0.009055165 0.996839941
1754429072094296576.000000 -3.598599434 0.508141160 3.906011343 -0.068877205 0.033046331 0.009486429 0.997032523
1754429072127629312.000000 -3.602918148 0.508102536 3.906048059 -0.068206370 0.029172156 0.008291324 0.997210145
1754429072194294272.000000 -3.619119883 0.509361207 3.903542042 -0.065632440 0.022592973 0.004982864 0.997575641
1754429072260959744.000000 -3.625815392 0.509425282 3.901551723 -0.063545719 0.016384408 0.001877731 0.997842669
1754429072327624960.000000 -3.631440878 0.510852933 3.901107550 -0.061812945 0.012102662 -0.002369362 0.998011649
1754429072394290176.000000 -3.634409666 0.511078000 3.901206255 -0.062222201 0.008384817 -0.007198035 0.998001158
1754429072427622656.000000 -3.638267279 0.514108777 3.903632879 -0.063784413 0.006689548 -0.009571912 0.997895420
1754429072494287360.000000 -3.641333580 0.516022980 3.907285452 -0.067407452 0.003632913 -0.012625187 0.997639120
1754429072527619328.000000 -3.640431404 0.515651226 3.908246756 -0.068454571 0.002305385 -0.014266888 0.997549593
1754429072594283520.000000 -3.642271757 0.514557183 3.911324501 -0.070507132 0.001222028 -0.014915171 0.997399092
1754429072660959488.000000 -3.642001629 0.513677478 3.914568424 -0.073190339 0.001639371 -0.014613769 0.997209549
1754429072727713280.000000 -3.641397953 0.513698101 3.917541265 -0.075784728 0.003569972 -0.013344598 0.997028530
1754429072761091328.000000 -3.641583443 0.513117969 3.918654203 -0.076851740 0.005285784 -0.012761132 0.996946871
1754429072827848192.000000 -3.641749859 0.512207091 3.919522285 -0.076835200 0.008889377 -0.012650919 0.996923923
1754429072894607104.000000 -3.644282818 0.512804806 3.918399096 -0.075234272 0.012489053 -0.012952189 0.997003615
1754429072961368064.000000 -3.642407417 0.510182738 3.917660713 -0.075350486 0.016543582 -0.013211355 0.996932328
1754429073028131072.000000 -3.641568184 0.510468185 3.917356730 -0.075682737 0.023152128 -0.013314931 0.996774256
1754429073061513216.000000 -3.645148516 0.509874284 3.918104887 -0.075688750 0.026660182 -0.013378865 0.996685266
1754429073128278272.000000 -3.645188808 0.509760618 3.918657064 -0.074675553 0.031554282 -0.013514521 0.996616900
1754429073161661952.000000 -3.645090342 0.512441695 3.915640116 -0.071973279 0.033548899 -0.013730395 0.996747673
1754429073228431104.000000 -3.647418976 0.512156069 3.913257360 -0.067114711 0.036079857 -0.014810802 0.996982694
1754429073295201792.000000 -3.646902800 0.511048079 3.909561634 -0.060774691 0.037103191 -0.015060155 0.997348011
1754429073328588032.000000 -3.647245646 0.510617971 3.908603907 -0.057914700 0.037831660 -0.015337033 0.997486591
1754429073395361792.000000 -3.646557808 0.508812010 3.905761957 -0.055058204 0.039678983 -0.016665516 0.997555256
1754429073462137600.000000 -3.646579027 0.510925829 3.903943777 -0.052690886 0.040037505 -0.017007846 0.997663021
1754429073528914432.000000 -3.645519733 0.510061085 3.902270079 -0.048726413 0.037612196 -0.016219927 0.997972012
1754429073595694592.000000 -3.641037464 0.509018481 3.896707773 -0.042942613 0.035584711 -0.015515408 0.998323083
1754429073662460928.000000 -3.642987967 0.508461535 3.894628763 -0.037914488 0.035563238 -0.014793224 0.998538375
1754429073695802368.000000 -3.642702341 0.508161485 3.893332958 -0.035991177 0.035342228 -0.014841342 0.998616695
1754429073762485504.000000 -3.642706394 0.508866906 3.892347574 -0.033584107 0.033439193 -0.014900201 0.998765230
1754429073795827200.000000 -3.642621040 0.508874536 3.892457724 -0.033331111 0.031643771 -0.014558482 0.998837233
1754429073862510080.000000 -3.642346144 0.509400129 3.891663074 -0.033361342 0.028254177 -0.015003737 0.998931289
1754429073929193472.000000 -3.641023159 0.507220984 3.893471956 -0.034514096 0.027448274 -0.015817201 0.998902023
1754429073995875840.000000 -3.642089605 0.508416414 3.891526699 -0.034314856 0.026431719 -0.014877593 0.998950720
1754429074029217280.000000 -3.641486168 0.507728755 3.891444683 -0.034638673 0.025649311 -0.014323498 0.998968005
1754429074095900416.000000 -3.645542622 0.505625367 3.890544415 -0.034900278 0.024828756 -0.013733567 0.998987973
1754429074162583808.000000 -3.645463467 0.505019486 3.891526699 -0.035878431 0.023684964 -0.013242297 0.998987734
1754429074229266944.000000 -3.639940023 0.506747723 3.894480467 -0.037576865 0.021702843 -0.013357253 0.998968780
1754429074295950080.000000 -3.639395475 0.507144153 3.894818068 -0.039173085 0.019631568 -0.014171216 0.998939097
1754429074362633216.000000 -3.638689995 0.507224858 3.895590782 -0.040488143 0.017495820 -0.014653003 0.998919368
1754429074395974912.000000 -3.638300657 0.507119596 3.895869970 -0.041221544 0.016966427 -0.014990877 0.998893559
1754429074462657280.000000 -3.636940002 0.506846249 3.893906832 -0.042188812 0.016293524 -0.015472487 0.998856962
1754429074529340160.000000 -3.636296749 0.507360041 3.896644831 -0.043184452 0.014654743 -0.015311680 0.998842299
1754429074596023808.000000 -3.635385036 0.506471872 3.896517038 -0.043997999 0.013002461 -0.015281770 0.998830140
1754429074662707200.000000 -3.635757446 0.508985221 3.893182993 -0.043929625 0.012025997 -0.015128261 0.998847723
1754429074696048384.000000 -3.635239840 0.509327769 3.894416809 -0.044033986 0.011541666 -0.014773944 0.998854160
1754429074762731520.000000 -3.636569023 0.506210625 3.894142628 -0.044664938 0.011160812 -0.014785006 0.998830259
1754429074829414656.000000 -3.636213541 0.505910695 3.894939661 -0.045026172 0.010993292 -0.014230064 0.998824000
1754429074896096512.000000 -3.635815620 0.505831361 3.896026134 -0.045764983 0.011452044 -0.013416588 0.998796523
1754429074962779648.000000 -3.634395361 0.506855667 3.897434950 -0.046892434 0.012942672 -0.012400696 0.998739123
1754429074996121088.000000 -3.636159420 0.506101847 3.898464918 -0.047669526 0.013859197 -0.012447939 0.998689413
1754429075062803968.000000 -3.636496544 0.505584180 3.898958683 -0.049315315 0.014900166 -0.012659151 0.998591900
1754429075129487104.000000 -3.637167931 0.507729709 3.902160168 -0.050627120 0.014803808 -0.013761481 0.998513103
1754429075196169728.000000 -3.637606621 0.509083867 3.900416136 -0.052084211 0.014278593 -0.014029643 0.998442113
1754429075262853120.000000 -3.636486530 0.508286119 3.899871349 -0.053633507 0.014070275 -0.014548233 0.998355627
1754429075329534976.000000 -3.635519505 0.508616507 3.899752378 -0.054011628 0.014294556 -0.014367556 0.998334646
1754429075362876416.000000 -3.634406567 0.508405566 3.899319649 -0.053454388 0.014452783 -0.013907989 0.998368859
1754429075429559296.000000 -3.633936882 0.507560074 3.898431540 -0.051282503 0.015812891 -0.012056034 0.998486221
1754429075496242432.000000 -3.634888172 0.507054627 3.900186539 -0.049475938 0.017579185 -0.010620989 0.998564184
1754429075562925312.000000 -3.634548426 0.506508529 3.898740053 -0.048905212 0.018556749 -0.009669406 0.998584270
1754429075629608448.000000 -3.633057356 0.507114708 3.900637150 -0.049925122 0.018430809 -0.010202173 0.998530805
1754429075662950656.000000 -3.634978771 0.508519650 3.900177002 -0.050488431 0.018509610 -0.010419536 0.998498797
1754429075729787904.000000 -3.636596918 0.507691920 3.902048111 -0.051384799 0.018225132 -0.010741842 0.998454869
1754429075796626176.000000 -3.636595249 0.507786572 3.901844263 -0.050917719 0.018139414 -0.010842441 0.998479247
1754429075863467008.000000 -3.636357546 0.507347465 3.901754379 -0.050458930 0.018553806 -0.010264675 0.998501062
1754429075930310144.000000 -3.635345697 0.507315278 3.901329517 -0.050040469 0.018793497 -0.009909785 0.998521149
1754429075997155328.000000 -3.635271311 0.507714868 3.900638342 -0.049085177 0.018776217 -0.009427733 0.998573661
1754429076030578688.000000 -3.634908438 0.507127225 3.900551319 -0.048696999 0.018630754 -0.009670518 0.998593032
1754429076097426688.000000 -3.634858131 0.506309092 3.899552584 -0.047627922 0.018382395 -0.009731704 0.998648584
1754429076164276736.000000 -3.633065701 0.507131636 3.899874449 -0.046489738 0.018794432 -0.008736449 0.998703778
1754429076197701632.000000 -3.635418653 0.508052349 3.898589373 -0.045636903 0.019685231 -0.008124635 0.998731136
1754429076264554752.000000 -3.634378672 0.507856309 3.898168087 -0.044508033 0.021022338 -0.006870231 0.998764157
1754429076331409664.000000 -3.633564234 0.507095277 3.897269249 -0.044164874 0.022278531 -0.006271354 0.998756170
1754429076364837888.000000 -3.632933617 0.506611586 3.897533417 -0.044452772 0.022708943 -0.005931306 0.998735726
1754429076431695872.000000 -3.631948948 0.506549120 3.898089409 -0.044870157 0.022785617 -0.005395839 0.998718381
1754429076498555904.000000 -3.630219698 0.507989764 3.896128416 -0.044857416 0.021976391 -0.005520766 0.998736382
1754429076565417984.000000 -3.631490946 0.507329881 3.897517920 -0.044931769 0.022259060 -0.006022760 0.998723924
1754429076632282112.000000 -3.629615784 0.506991208 3.896357775 -0.045055684 0.022664523 -0.005787726 0.998710573
1754429076665711616.000000 -3.628693819 0.507969916 3.897134781 -0.045251280 0.023010937 -0.005426739 0.998695850
1754429076732379904.000000 -3.626946926 0.509428799 3.896416187 -0.046047069 0.023506077 -0.005313050 0.998648584
1754429076799047936.000000 -3.625990152 0.509276152 3.896294355 -0.046751872 0.024119556 -0.005118108 0.998602211
1754429076865715200.000000 -3.625568151 0.509012282 3.896433353 -0.047014631 0.024833562 -0.005121426 0.998572350
1754429076899048960.000000 -3.625540495 0.509589791 3.896244526 -0.047166739 0.024938513 -0.005211896 0.998562098
1754429076965716480.000000 -3.625899792 0.510695457 3.896041393 -0.047630683 0.024895394 -0.005248848 0.998540938
1754429077032383232.000000 -3.627238035 0.507781148 3.898672819 -0.048331652 0.025266539 -0.005242617 0.998497963
1754429077099049216.000000 -3.628348827 0.510027528 3.897227049 -0.048223250 0.025544988 -0.004984396 0.998497486
1754429077132382464.000000 -3.627008200 0.510191858 3.897921801 -0.048312735 0.025368620 -0.004750696 0.998498797
1754429077199048448.000000 -3.627090693 0.508597493 3.898479700 -0.048994496 0.024565361 -0.004914068 0.998484850
1754429077232381696.000000 -3.627268314 0.508619010 3.898604155 -0.049494959 0.024275709 -0.005019252 0.998466790
1754429077299047680.000000 -3.627617598 0.508543849 3.898819923 -0.050614711 0.023258990 -0.005599000 0.998431683
1754429077365713408.000000 -3.627451897 0.509183407 3.899001598 -0.051787015 0.022033710 -0.005893117 0.998397708
1754429077432378880.000000 -3.627286673 0.509580195 3.899263382 -0.052486073 0.021265814 -0.005898173 0.998377860
1754429077465711360.000000 -3.627448559 0.509711027 3.899226189 -0.052552368 0.021044729 -0.005818018 0.998379469
1754429077532375552.000000 -3.626885891 0.510981798 3.898756504 -0.052523274 0.020828651 -0.004879314 0.998390555
1754429077599040256.000000 -3.625994205 0.508763194 3.899272203 -0.053549659 0.021182036 -0.004331562 0.998331070
1754429077632372736.000000 -3.625385284 0.509023666 3.898917675 -0.053903501 0.021105297 -0.004096372 0.998314679
1754429077699038976.000000 -3.626006842 0.508388102 3.898448706 -0.054492395 0.020512490 -0.003816270 0.998296201
1754429077765707008.000000 -3.625743389 0.508076131 3.898558855 -0.054833703 0.019494491 -0.003655249 0.998298526
1754429077832375040.000000 -3.625234127 0.508668244 3.898445129 -0.055437848 0.018806461 -0.003215616 0.998279810
1754429077865708800.000000 -3.625789881 0.509068847 3.898475170 -0.056137037 0.018675329 -0.003215402 0.998243272
1754429077932375808.000000 -3.625239372 0.509301543 3.899373531 -0.057601616 0.018773306 -0.002961039 0.998158753
1754429077999042304.000000 -3.624562740 0.509702384 3.900186300 -0.058846559 0.019901957 -0.002656260 0.998065174
1754429078065708800.000000 -3.625405312 0.509446442 3.899999142 -0.059370551 0.020715933 -0.002723025 0.998017371
1754429078099042304.000000 -3.625396013 0.509975314 3.899986506 -0.059282083 0.020975024 -0.002563573 0.998017609
1754429078165709056.000000 -3.626712322 0.509665430 3.900250673 -0.059921447 0.021563251 -0.002497308 0.997967064
1754429078232375040.000000 -3.627684593 0.509568572 3.900131464 -0.060458418 0.022633974 -0.002402245 0.997911215
1754429078265708288.000000 -3.627810717 0.509585142 3.900096178 -0.060698044 0.023255311 -0.002664239 0.997881711
1754429078332374016.000000 -3.630019426 0.508745492 3.899629831 -0.060878504 0.023733893 -0.003487019 0.997856915
1754429078399039488.000000 -3.631417513 0.509448290 3.899615049 -0.061097171 0.023672484 -0.004486179 0.997841001
1754429078465703936.000000 -3.632866859 0.509359062 3.898640633 -0.061567951 0.023488516 -0.005610009 0.997810721
1754429078499036672.000000 -3.633455038 0.509878635 3.898681879 -0.061740819 0.023166042 -0.006235035 0.997803867
1754429078565701376.000000 -3.632176876 0.509744704 3.899801254 -0.061834805 0.022251999 -0.007119301 0.997812986
1754429078632366080.000000 -3.632195711 0.510689676 3.897567511 -0.061566457 0.022073783 -0.007421017 0.997831285
1754429078699032576.000000 -3.633375168 0.510005832 3.896946430 -0.061272100 0.021753412 -0.007789908 0.997853696
1754429078732366336.000000 -3.634110212 0.509630680 3.897013664 -0.061273631 0.021630125 -0.007903411 0.997855365
1754429078799033600.000000 -3.634108543 0.508720577 3.896489143 -0.061315645 0.021855488 -0.007718307 0.997849286
1754429078865700096.000000 -3.633618832 0.509184062 3.895829201 -0.061139140 0.022072021 -0.007515058 0.997856915
1754429078932366848.000000 -3.633078098 0.509221256 3.894866228 -0.061119605 0.022093762 -0.007097975 0.997860670
1754429078965700096.000000 -3.632817268 0.509144545 3.894470692 -0.060944527 0.022110488 -0.006774174 0.997873247
1754429079032366848.000000 -3.631476402 0.509160340 3.893255711 -0.060944725 0.022561559 -0.006177206 0.997867048
1754429079099032832.000000 -3.631449699 0.508990526 3.893294334 -0.060658280 0.023109170 -0.005429336 0.997876287
1754429079165699072.000000 -3.632279158 0.510213196 3.890041590 -0.059645139 0.023149563 -0.004865229 0.997939348
1754429079199031808.000000 -3.631999493 0.509795904 3.889217377 -0.059074786 0.023250014 -0.004263217 0.997973680
1754429079265697280.000000 -3.631353140 0.509341896 3.888359547 -0.058344774 0.024080968 -0.003738880 0.997999072
1754429079332361472.000000 -3.630711079 0.508752525 3.886812925 -0.057356350 0.024425371 -0.003105100 0.998050153
1754429079399026688.000000 -3.629788399 0.509509981 3.884636879 -0.056164831 0.024846628 -0.002778530 0.998108447
1754429079432358912.000000 -3.629459381 0.509459376 3.883475542 -0.055678263 0.025331276 -0.002587706 0.998124063
1754429079499023616.000000 -3.629410744 0.509853005 3.882024765 -0.054885339 0.026022306 -0.002746190 0.998149753
1754429079565687808.000000 -3.629200697 0.509750903 3.880871773 -0.054595746 0.026211314 -0.002600923 0.998161077
1754429079632352000.000000 -3.626954317 0.510603130 3.880790472 -0.054691300 0.026600825 -0.002275820 0.998146296
1754429079699017472.000000 -3.628282309 0.509854138 3.879683971 -0.054954767 0.027406394 -0.003038098 0.998108029
1754429079765683456.000000 -3.626878977 0.508945465 3.879196882 -0.054545276 0.027102284 -0.003109838 0.998138666
1754429079832349696.000000 -3.628886461 0.508742630 3.877031088 -0.052826561 0.027947383 -0.003270450 0.998207211
1754429079899015936.000000 -3.628866196 0.508155465 3.875144482 -0.051298194 0.029311856 -0.003193819 0.998248041
1754429079965681664.000000 -3.629614830 0.507000923 3.873545170 -0.049656332 0.030040665 -0.003454488 0.998308539
1754429079999014912.000000 -3.629799843 0.506836712 3.873609066 -0.049234495 0.029843250 -0.003675416 0.998334587
1754429080065680384.000000 -3.629944324 0.507153213 3.874712229 -0.049720548 0.029815868 -0.003923023 0.998310328
1754429080132345600.000000 -3.629881382 0.508062005 3.875815153 -0.051420100 0.030133791 -0.004760172 0.998211026
1754429080199009536.000000 -3.628203869 0.509724319 3.876057863 -0.052432574 0.029307786 -0.005234099 0.998180628
1754429080232342016.000000 -3.628020763 0.508935034 3.876801968 -0.052868392 0.028908001 -0.005458332 0.998168111
1754429080299006720.000000 -3.628859520 0.508899391 3.877041578 -0.052917238 0.028188316 -0.006098547 0.998182416
1754429080365670912.000000 -3.630021095 0.507933974 3.877946854 -0.053028382 0.027537083 -0.006517727 0.998192012
1754429080432334848.000000 -3.630910158 0.507624745 3.878892422 -0.053377606 0.026757414 -0.006663110 0.998193622
1754429080498998528.000000 -3.630752325 0.507414520 3.879833937 -0.053751107 0.026308121 -0.007040890 0.998182952
1754429080532330240.000000 -3.630307436 0.507882357 3.879683733 -0.054136831 0.025850926 -0.007129990 0.998173416
1754429080598993664.000000 -3.630649567 0.508685946 3.881092072 -0.055227663 0.024913635 -0.007663299 0.998133600
1754429080665656064.000000 -3.631076574 0.509400666 3.882910490 -0.056626622 0.024271021 -0.008372876 0.998065233
1754429080698989056.000000 -3.629205942 0.509107709 3.883893967 -0.057479449 0.023782903 -0.008374870 0.998028219
1754429080765655808.000000 -3.629881382 0.509521425 3.885857105 -0.058276411 0.023456857 -0.008511256 0.997988641
1754429080832322048.000000 -3.630028963 0.509684026 3.886420488 -0.058276460 0.023197552 -0.008198272 0.997997344
1754429080898988032.000000 -3.630349874 0.510215878 3.886445761 -0.057389185 0.022783531 -0.008020393 0.998059690
1754429080932320768.000000 -3.630094290 0.510273933 3.886651754 -0.057061046 0.022718601 -0.007758601 0.998082042
1754429080998986496.000000 -3.629437208 0.509905994 3.886691332 -0.056700896 0.022852808 -0.007512226 0.998101413
1754429081065651712.000000 -3.630216122 0.509426296 3.886734486 -0.056390066 0.023015320 -0.007569184 0.998114824
1754429081132315648.000000 -3.629790306 0.509058595 3.885888577 -0.055566538 0.022760570 -0.007614046 0.998166502
1754429081165648128.000000 -3.630066156 0.509225130 3.884861946 -0.054995392 0.022833908 -0.007432897 0.998197854
1754429081232312576.000000 -3.628973007 0.508789420 3.883193493 -0.053928573 0.023038503 -0.007027162 0.998254299
1754429081298977024.000000 -3.631609678 0.507949233 3.884479284 -0.053478092 0.024025621 -0.007101795 0.998254716
1754429081365640960.000000 -3.632379055 0.508123279 3.882498026 -0.052480623 0.024979468 -0.006641360 0.998287439
1754429081432304640.000000 -3.631356239 0.507049322 3.882773161 -0.051802896 0.025630215 -0.006623226 0.998306453
1754429081498968064.000000 -3.631422281 0.506603539 3.881577492 -0.050863724 0.025809487 -0.006695125 0.998349667
1754429081532298752.000000 -3.631002426 0.506034911 3.881380081 -0.050612174 0.025578877 -0.006902500 0.998366952
1754429081598961664.000000 -3.630834818 0.505862832 3.880914450 -0.050005499 0.025376461 -0.007352889 0.998399436
1754429081665624832.000000 -3.631905794 0.505931973 3.880189180 -0.049041979 0.025157474 -0.008093664 0.998447120
1754429081732291584.000000 -3.634550333 0.506365538 3.879369497 -0.046907909 0.023002384 -0.009678329 0.998587489
1754429081798958336.000000 -3.635050535 0.504817545 3.878837585 -0.045493480 0.019821348 -0.011366593 0.998703301
1754429081832291584.000000 -3.635898113 0.504114866 3.878355980 -0.045172073 0.018652812 -0.012262417 0.998729885
1754429081898957824.000000 -3.636811018 0.504421890 3.879105568 -0.045135733 0.017343249 -0.013572303 0.998738110
1754429081965623808.000000 -3.637382984 0.504300892 3.879530668 -0.045007635 0.016120039 -0.013945989 0.998759270
1754429081998955520.000000 -3.637358189 0.504318833 3.879121304 -0.044335816 0.015547679 -0.013886194 0.998799205
1754429082065621504.000000 -3.638168335 0.503594160 3.877507210 -0.041751929 0.014175674 -0.013461423 0.998936832
1754429082098953984.000000 -3.638084173 0.503536224 3.876688004 -0.040367510 0.012975419 -0.013521058 0.999009192
1754429082165619200.000000 -3.637526274 0.503647149 3.875257969 -0.039090220 0.010413242 -0.013686076 0.999087751
1754429082232283904.000000 -3.637875795 0.504870355 3.874331236 -0.038598068 0.009320043 -0.014151414 0.999111176
1754429082298948864.000000 -3.637979269 0.505783021 3.873324633 -0.038475554 0.009226996 -0.014347441 0.999113977
1754429082332280832.000000 -3.637659550 0.505969286 3.873253345 -0.038246505 0.008994950 -0.014533875 0.999122143
1754429082398945024.000000 -3.636587620 0.502324283 3.873096704 -0.038081117 0.008927640 -0.013860894 0.999138713
1754429082465608192.000000 -3.636868477 0.502654493 3.872699499 -0.037364859 0.009786468 -0.013107215 0.999167860
1754429082532271616.000000 -3.634055376 0.503560483 3.872902870 -0.036870722 0.009926617 -0.012542615 0.999192059
1754429082565603584.000000 -3.634173870 0.504008532 3.872379780 -0.036608469 0.010058902 -0.012144827 0.999205291
1754429082632266496.000000 -3.633566856 0.504743457 3.871680737 -0.036766008 0.011089584 -0.011494468 0.999196291
1754429082698932992.000000 -3.632732868 0.504736662 3.871472120 -0.036823183 0.012211704 -0.011486300 0.999181211
1754429082732267264.000000 -3.632461548 0.504072189 3.871486425 -0.036985286 0.012078300 -0.011632714 0.999175131
1754429082798936064.000000 -3.632449627 0.503316522 3.871603966 -0.037339374 0.011767249 -0.011730260 0.999164581
1754429082865603328.000000 -3.633226633 0.503777266 3.873994112 -0.037698321 0.012238598 -0.011752184 0.999145150
1754429082932271872.000000 -3.634860516 0.504304826 3.872469187 -0.038729589 0.012678788 -0.011970472 0.999097586
1754429082965605888.000000 -3.634598732 0.504649103 3.872278214 -0.038943365 0.012592095 -0.011836487 0.999092042
1754429083032273664.000000 -3.634213209 0.504512846 3.872663975 -0.039488178 0.013036328 -0.011518340 0.999068618
1754429083065607424.000000 -3.634480238 0.504276693 3.872388840 -0.039712090 0.013386158 -0.011521674 0.999055147
1754429083132275200.000000 -3.635315418 0.504571855 3.872540951 -0.039679173 0.013363230 -0.011372561 0.999058366
1754429083198942464.000000 -3.635173798 0.504595935 3.872096300 -0.039848886 0.012390958 -0.011628619 0.999061286
1754429083232275968.000000 -3.634719133 0.504344344 3.871673584 -0.039743133 0.012118752 -0.011583384 0.999069273
1754429083298942720.000000 -3.634345531 0.503983140 3.871562958 -0.039800048 0.011582686 -0.012168171 0.999066472
1754429083365608448.000000 -3.633271217 0.506220043 3.872959137 -0.039719041 0.011204794 -0.012129033 0.999074459
1754429083398941696.000000 -3.632153511 0.506869197 3.872506857 -0.039770629 0.011198487 -0.012022058 0.999073803
1754429083465607936.000000 -3.634308100 0.505801737 3.872236729 -0.039645948 0.011489740 -0.011890222 0.999077022
1754429083498941184.000000 -3.634347677 0.505838513 3.871514082 -0.039390333 0.011317781 -0.011803308 0.999090075
1754429083565606912.000000 -3.635255575 0.504650354 3.872147322 -0.038831260 0.011414469 -0.011530693 0.999114096
1754429083598939904.000000 -3.635664701 0.504405975 3.871853590 -0.038813084 0.011533898 -0.011462456 0.999114215
1754429083665605632.000000 -3.635916471 0.504119813 3.872370005 -0.039238662 0.011505232 -0.011735594 0.999094725
1754429083732272896.000000 -3.637521982 0.504311681 3.872805595 -0.039279472 0.011269291 -0.011873749 0.999094129
1754429083765605632.000000 -3.638098717 0.504037917 3.872632980 -0.039436489 0.011162224 -0.012066434 0.999086916
1754429083832272896.000000 -3.635468721 0.503870249 3.874335766 -0.039903499 0.010709847 -0.012367519 0.999069631
1754429083898939392.000000 -3.637626171 0.502423346 3.876060247 -0.040448144 0.010645830 -0.012558394 0.999046028
1754429083932272640.000000 -3.639398575 0.502170026 3.876822233 -0.040909979 0.010747515 -0.012913320 0.999021649
1754429083998939136.000000 -3.639101505 0.505894780 3.876369476 -0.040996723 0.010668033 -0.013303001 0.999013782
1754429084065605120.000000 -3.640992880 0.501546860 3.879026890 -0.041398570 0.010912478 -0.013527902 0.998991609
1754429084098938112.000000 -3.639916897 0.505436063 3.878062487 -0.040700208 0.011403116 -0.013047575 0.999021113
1754429084165603840.000000 -3.639914751 0.505349457 3.878314257 -0.040791202 0.012736568 -0.012664478 0.999006271
1754429084198935552.000000 -3.640410185 0.505262196 3.878777266 -0.040816799 0.013252762 -0.012515462 0.999000371
1754429084298933248.000000 -3.640619040 0.505600512 3.879328966 -0.040302441 0.014890732 -0.011829863 0.999006510
1754429084332265728.000000 -3.640936136 0.505479038 3.879502296 -0.040125292 0.015552883 -0.011556270 0.999006748
1754429084398930432.000000 -3.640745878 0.506131411 3.880170822 -0.039681461 0.017317181 -0.011114370 0.999000490
1754429084465594880.000000 -3.641135454 0.506105661 3.881392241 -0.039395764 0.019030452 -0.010848355 0.998983622
1754429084498927104.000000 -3.641212463 0.506229222 3.881715298 -0.039176416 0.019813383 -0.010746301 0.998978078
1754429084565591040.000000 -3.641288757 0.505867243 3.884314299 -0.039484184 0.020763241 -0.011010482 0.998943746
1754429084598923264.000000 -3.642215967 0.506663442 3.884908438 -0.039744828 0.021214692 -0.011114288 0.998922884
1754429084665585664.000000 -3.642408609 0.506329060 3.887622118 -0.041287567 0.022556029 -0.011379986 0.998827875
1754429084698920192.000000 -3.642596483 0.506616056 3.889123440 -0.042091120 0.023456192 -0.011713282 0.998769760
1754429084765588736.000000 -3.643175602 0.507727623 3.891057968 -0.043359563 0.025075052 -0.012533513 0.998666167
1754429084832257280.000000 -3.644355059 0.507190645 3.892637730 -0.043353949 0.025681196 -0.012676142 0.998649180
1754429084865591552.000000 -3.643119574 0.506597459 3.892827272 -0.043141164 0.025781386 -0.012901926 0.998653054
1754429084932259584.000000 -3.644586086 0.506998420 3.893624544 -0.042273678 0.025941478 -0.013231894 0.998681664
1754429084965593600.000000 -3.644891024 0.507126391 3.894092083 -0.042030562 0.025692426 -0.013468454 0.998695135
1754429085032261120.000000 -3.645680189 0.508711934 3.894206524 -0.041816514 0.025420392 -0.013993140 0.998703897
1754429085065594880.000000 -3.648752451 0.507531285 3.895890951 -0.042072996 0.025636312 -0.014358744 0.998682380
1754429085132261376.000000 -3.648170710 0.508230388 3.896285295 -0.041856293 0.025112456 -0.014707737 0.998699725
1754429085198928128.000000 -3.649224281 0.508590698 3.896834612 -0.041556004 0.025011919 -0.014700396 0.998714864
1754429085232261632.000000 -3.648959160 0.508541286 3.897359371 -0.041587271 0.025180863 -0.014698175 0.998709440
1754429085298928384.000000 -3.649141073 0.509118676 3.897849798 -0.041869525 0.025350859 -0.014565662 0.998695254
1754429085332261888.000000 -3.649168968 0.508897603 3.898537159 -0.042268828 0.025307233 -0.014564961 0.998679578
1754429085398927872.000000 -3.648460388 0.508654654 3.899118423 -0.042622086 0.024893407 -0.014418377 0.998677015
1754429085465594368.000000 -3.648077726 0.508961499 3.899470091 -0.042729959 0.024527345 -0.014116320 0.998685837
1754429085498927104.000000 -3.649715185 0.509009719 3.900871515 -0.042617448 0.024636868 -0.013793894 0.998692393
1754429085565591808.000000 -3.648376226 0.508165240 3.901277304 -0.042617220 0.023941945 -0.013618520 0.998711705
1754429085632257280.000000 -3.648172617 0.508218706 3.900058031 -0.042756520 0.023293106 -0.013719589 0.998719752
1754429085665590016.000000 -3.647517920 0.507877588 3.900213957 -0.043151926 0.023220208 -0.013751761 0.998704016
1754429085732257280.000000 -3.649283648 0.509031653 3.900559664 -0.043533243 0.023585770 -0.013832727 0.998677790
1754429085765591040.000000 -3.649452209 0.509275079 3.900206089 -0.043438256 0.023322491 -0.013877995 0.998687446
1754429085832258048.000000 -3.649703264 0.509724677 3.899783611 -0.043249689 0.022441516 -0.014184347 0.998711526
1754429085898924800.000000 -3.650585175 0.509545028 3.898816347 -0.043043714 0.021511957 -0.015112347 0.998727322
1754429085965591040.000000 -3.650680304 0.509992421 3.897959471 -0.043114476 0.020625098 -0.015585689 0.998735607
1754429086032256256.000000 -3.651219130 0.509575963 3.897548676 -0.043170102 0.020888193 -0.015664546 0.998726547
1754429086065589504.000000 -3.651077747 0.509324968 3.897897720 -0.043413047 0.021157233 -0.015654285 0.998710513
1754429086132254976.000000 -3.650941372 0.509549379 3.898676157 -0.044355720 0.021262284 -0.015669771 0.998666644
1754429086198920704.000000 -3.651168585 0.508212686 3.900743246 -0.046020340 0.021239551 -0.015701097 0.998591244
1754429086232253184.000000 -3.651263237 0.508787096 3.900643587 -0.046627652 0.020925660 -0.015862739 0.998567224
1754429086298918144.000000 -3.651203156 0.509159327 3.901536465 -0.047091521 0.020566879 -0.015775125 0.998554230
1754429086332250880.000000 -3.651157856 0.509315133 3.901527882 -0.047210135 0.020437004 -0.015766921 0.998551488
1754429086398915328.000000 -3.651447535 0.509864509 3.901947260 -0.047427896 0.020467458 -0.015965454 0.998537362
1754429086432246784.000000 -3.651530504 0.509384394 3.902393341 -0.047854666 0.020230833 -0.016280720 0.998516679
1754429086498910976.000000 -3.651409864 0.508993626 3.902360678 -0.048894789 0.019250574 -0.016634973 0.998479843
1754429086565574656.000000 -3.651798487 0.509010792 3.903319120 -0.049547762 0.018400870 -0.017181125 0.998454452
1754429086598906880.000000 -3.651237726 0.508845270 3.902852535 -0.049437162 0.017802374 -0.017220758 0.998470128
1754429086665570304.000000 -3.651223183 0.508358836 3.901998997 -0.049325176 0.016780775 -0.017042970 0.998496413
1754429086732238080.000000 -3.650964499 0.508562326 3.901879787 -0.049106274 0.016295325 -0.016529178 0.998523891
1754429086765572096.000000 -3.649747133 0.508714139 3.901057482 -0.049060568 0.016022900 -0.016234530 0.998535335
1754429086832239104.000000 -3.649867058 0.509594083 3.899986029 -0.048707895 0.015741266 -0.015456067 0.998569429
1754429086865571840.000000 -3.649253368 0.509546340 3.899998903 -0.048366148 0.015631370 -0.015086247 0.998593450
1754429086932238848.000000 -3.648236513 0.509373426 3.898237228 -0.047406033 0.015493742 -0.014195694 0.998654664
1754429086998905344.000000 -3.647958517 0.509651721 3.896110535 -0.046243556 0.015094422 -0.013304934 0.998727560
1754429087032238848.000000 -3.647647619 0.509932995 3.895761013 -0.045651481 0.015000469 -0.013064049 0.998759389
1754429087098905088.000000 -3.646994352 0.509050906 3.894175529 -0.044637255 0.014911154 -0.012532040 0.998813391
1754429087132238336.000000 -3.646819115 0.509199440 3.894659281 -0.044241611 0.014501176 -0.012199424 0.998841166
1754429087198904064.000000 -3.645733356 0.508351624 3.892912149 -0.043238360 0.013062879 -0.012013382 0.998907149
1754429087265570048.000000 -3.643693924 0.509070158 3.890932322 -0.042144157 0.012377329 -0.011128698 0.998972893
1754429087298902528.000000 -3.643748760 0.508649588 3.890886545 -0.041918747 0.012487814 -0.011051711 0.998981893
1754429087365566720.000000 -3.641978741 0.510595202 3.889875174 -0.041474544 0.012503345 -0.010438060 0.999006808
1754429087432231680.000000 -3.641259193 0.510148048 3.889565468 -0.041187052 0.012198783 -0.010213227 0.999024808
1754429087465564160.000000 -3.641534567 0.509350836 3.889452696 -0.041162871 0.011855300 -0.010337017 0.999028623
1754429087532228608.000000 -3.640843630 0.508988857 3.889305115 -0.040895317 0.011478906 -0.010283516 0.999044657
1754429087598893056.000000 -3.640666962 0.509028614 3.889844418 -0.040783808 0.012058804 -0.010207199 0.999043107
1754429087665557504.000000 -3.640427351 0.509294450 3.889179945 -0.040740408 0.012383688 -0.010316785 0.999039829
1754429087698891520.000000 -3.640787363 0.509779215 3.889332771 -0.040734570 0.012465495 -0.010452336 0.999037623
1754429087765558784.000000 -3.642318487 0.509797812 3.889624357 -0.040397234 0.012729570 -0.010864560 0.999043524
1754429087832227072.000000 -3.641331911 0.510233164 3.888812065 -0.040227793 0.013013738 -0.011222301 0.999042809
1754429087898894848.000000 -3.641717196 0.510137618 3.888059139 -0.040078349 0.013526008 -0.011174517 0.999042571
1754429087932228864.000000 -3.641219616 0.509138584 3.889189005 -0.040329397 0.013644723 -0.011165073 0.999030948
1754429087998896128.000000 -3.640652180 0.508950830 3.889272213 -0.040638592 0.014013590 -0.011268400 0.999012172
1754429088065563392.000000 -3.640374660 0.508262336 3.889057875 -0.040837634 0.014088409 -0.011348372 0.999002039
1754429088132230400.000000 -3.640909672 0.508090377 3.889098883 -0.040807988 0.014246872 -0.011114221 0.999003649
1754429088198895872.000000 -3.641310692 0.508133233 3.889523745 -0.040819418 0.014425773 -0.011126544 0.999000430
1754429088265562624.000000 -3.641665459 0.507694662 3.890732765 -0.041223455 0.014295963 -0.011226607 0.998984635
1754429088298895616.000000 -3.641651154 0.508789599 3.889526367 -0.041226439 0.014033212 -0.011135324 0.998989224
1754429088365561600.000000 -3.641260624 0.508691907 3.890162706 -0.041513033 0.013416165 -0.011556804 0.998981059
1754429088398894592.000000 -3.641488314 0.507638633 3.890550852 -0.041799061 0.013191856 -0.011606470 0.998971522
1754429088465560320.000000 -3.642288446 0.507943809 3.890845776 -0.042126652 0.012919646 -0.012059130 0.998956025
1754429088498893056.000000 -3.642242670 0.508351624 3.891030312 -0.042067464 0.012659837 -0.012137866 0.998960853
1754429088565558528.000000 -3.642296314 0.508685172 3.891088963 -0.042187355 0.012560676 -0.012058782 0.998958051
1754429088632223488.000000 -3.642298937 0.508703768 3.890890360 -0.041906752 0.012571043 -0.012004003 0.998970389
1754429088665554944.000000 -3.641789436 0.509346724 3.890774012 -0.041687131 0.012423000 -0.011840664 0.998983383
1754429088732222208.000000 -3.642267704 0.508997083 3.890269518 -0.041513022 0.012557427 -0.011599737 0.998991728
1754429088765555968.000000 -3.642441034 0.508886278 3.890325785 -0.041361727 0.012760031 -0.011543890 0.998996079
1754429088832222720.000000 -3.640717745 0.507513583 3.889483929 -0.041373629 0.012888506 -0.011215275 0.998997688
1754429088865556224.000000 -3.640909195 0.507605910 3.889760733 -0.041192725 0.013122219 -0.011073445 0.999003708
1754429088932222720.000000 -3.642149210 0.509396911 3.889139891 -0.040510442 0.013765751 -0.010593086 0.999028206
1754429088965555712.000000 -3.641686201 0.509132028 3.888734818 -0.040277630 0.013794477 -0.010494126 0.999038219
1754429089032221952.000000 -3.641685009 0.509585738 3.888683796 -0.040023182 0.013902694 -0.010453030 0.999047339
1754429089098886656.000000 -3.641823530 0.509497643 3.888949871 -0.040083539 0.014062617 -0.010607973 0.999041080
1754429089132219648.000000 -3.642627478 0.509692132 3.888597012 -0.039932411 0.014311210 -0.010638684 0.999043345
1754429089198884864.000000 -3.642619133 0.509852111 3.887701035 -0.039504532 0.014449773 -0.010556005 0.999059200
1754429089265550080.000000 -3.642793179 0.509820521 3.886957645 -0.039370060 0.014572256 -0.010576527 0.999062479
1754429089332215040.000000 -3.643156290 0.509573460 3.887008905 -0.039311748 0.014871398 -0.010855642 0.999057353
1754429089365547520.000000 -3.641639471 0.507636309 3.888995886 -0.039513629 0.014677372 -0.011083835 0.999049783
1754429089432211968.000000 -3.641923666 0.506913126 3.889848709 -0.039469000 0.014660160 -0.010995966 0.999052763
1754429089465543936.000000 -3.642867088 0.508915722 3.887063742 -0.039396860 0.014979300 -0.011097962 0.999049783
1754429089532207104.000000 -3.642563343 0.508961976 3.887636900 -0.039557520 0.015298876 -0.011404541 0.999035120
1754429089598870784.000000 -3.642992973 0.509367466 3.886744261 -0.039516740 0.014734973 -0.011748385 0.999041200
1754429089632202752.000000 -3.643398523 0.509542704 3.886522532 -0.039722819 0.014510369 -0.012221440 0.999030650
1754429089698867968.000000 -3.644429922 0.509942353 3.886844635 -0.040034030 0.014311428 -0.012948062 0.999011934
1754429089732201216.000000 -3.645000458 0.510249257 3.886997461 -0.040248111 0.014229183 -0.013183834 0.999001443
1754429089798867712.000000 -3.645365477 0.510399878 3.887257576 -0.040628951 0.013735610 -0.013496700 0.998988748
1754429089865533952.000000 -3.645443201 0.509935260 3.887905598 -0.040814634 0.013506741 -0.013684493 0.998981774
1754429089898866688.000000 -3.645746946 0.509587049 3.888124228 -0.040904701 0.013472402 -0.013755907 0.998977542
1754429089965532416.000000 -3.646464825 0.508583307 3.889182091 -0.040782701 0.013179982 -0.013829857 0.998985410
1754429090032197120.000000 -3.645826340 0.510004163 3.887949705 -0.040628769 0.012717172 -0.013833500 0.998997688
1754429090065529600.000000 -3.646631241 0.509555399 3.887833357 -0.040723741 0.012601145 -0.014041952 0.998992383
1754429090132194560.000000 -3.646777153 0.508836746 3.888900280 -0.041488197 0.012201707 -0.014552154 0.998958588
1754429090165527040.000000 -3.646546841 0.508929253 3.889143705 -0.041814916 0.012036560 -0.014672265 0.998945177
1754429090232191488.000000 -3.646947145 0.509107113 3.889870405 -0.042493153 0.011987514 -0.014967955 0.998912692
1754429090298856192.000000 -3.647262812 0.508821130 3.890851021 -0.042744618 0.011880004 -0.015094537 0.998901427
1754429090332188160.000000 -3.647303104 0.508638918 3.891159773 -0.042822916 0.011793651 -0.014996167 0.998900533
1754429090398852096.000000 -3.647413254 0.508195877 3.891515255 -0.043162607 0.012014527 -0.014837077 0.998885691
1754429090465514752.000000 -3.647230625 0.508028448 3.891774654 -0.043395180 0.012189997 -0.014990395 0.998871148
1754429090498846464.000000 -3.647101641 0.510825753 3.889986277 -0.042830292 0.012131888 -0.014616556 0.998901784
1754429090565509888.000000 -3.648310661 0.509782672 3.892189264 -0.043753136 0.012479131 -0.014598386 0.998857796
1754429090598841088.000000 -3.647100925 0.510687351 3.891741991 -0.043919485 0.012690119 -0.014400122 0.998850763
1754429090665504256.000000 -3.646593809 0.509984791 3.892627239 -0.044305421 0.012673245 -0.014210585 0.998836577
1754429090732173312.000000 -3.645966291 0.509863496 3.892072201 -0.044367466 0.012300842 -0.014218384 0.998838365
1754429090765507584.000000 -3.646202564 0.508864164 3.892372370 -0.044284526 0.012082602 -0.014298416 0.998843610
1754429090832176128.000000 -3.646309376 0.508680105 3.892542362 -0.044295944 0.011820167 -0.014307823 0.998846114
1754429090898843648.000000 -3.646003008 0.508784711 3.892351389 -0.044372246 0.011548772 -0.014084762 0.998849034
1754429090965511680.000000 -3.645720959 0.508711696 3.891592741 -0.044188298 0.011510400 -0.013949432 0.998859584
1754429090998845696.000000 -3.646195889 0.509170651 3.891214848 -0.044041030 0.011417666 -0.013935173 0.998867273
1754429091065513728.000000 -3.646395683 0.509680510 3.892142773 -0.043841209 0.010786708 -0.014078272 0.998881161
1754429091098847488.000000 -3.647038221 0.509963036 3.892667770 -0.043788124 0.010489113 -0.014237143 0.998884320
1754429091165515008.000000 -3.645043373 0.510247171 3.891246080 -0.043791186 0.010017355 -0.014292642 0.998888254
1754429091232181760.000000 -3.644798517 0.510382354 3.891120195 -0.044095222 0.009888052 -0.014223777 0.998877227
1754429091265515264.000000 -3.644758224 0.509977996 3.891070843 -0.044185296 0.009818841 -0.014255743 0.998873472
1754429091332181504.000000 -3.645264149 0.509689569 3.890771627 -0.044174623 0.009911391 -0.014325743 0.998871982
1754429091398847744.000000 -3.645195246 0.510513425 3.891082525 -0.044701681 0.010356859 -0.014398923 0.998842955
1754429091432180992.000000 -3.646136522 0.510274172 3.891191959 -0.045388225 0.010587844 -0.014470388 0.998808503
1754429091498847232.000000 -3.647294760 0.510266721 3.892125607 -0.046243981 0.010828257 -0.014712759 0.998763204
1754429091565513216.000000 -3.646260500 0.510240495 3.893348217 -0.046907060 0.011362886 -0.014504900 0.998729348
1754429091598846208.000000 -3.647861242 0.510223806 3.893632412 -0.047010999 0.011882888 -0.014580867 0.998717308
1754429091665511936.000000 -3.646452188 0.510075688 3.894325495 -0.047158815 0.011287509 -0.014823582 0.998713613
1754429091698888192.000000 -3.648075342 0.510503829 3.894872427 -0.046975646 0.011123175 -0.015005100 0.998721480
1754429091765641472.000000 -3.649780035 0.510362804 3.894375086 -0.046337899 0.010811849 -0.015383617 0.998748899
1754429091799019008.000000 -3.650308609 0.510778069 3.894268274 -0.045710441 0.010858530 -0.015405753 0.998776972
1754429091865776128.000000 -3.650009394 0.510273397 3.894697189 -0.044701591 0.010918569 -0.015365436 0.998822570
1754429091932535296.000000 -3.649137497 0.510569990 3.894362450 -0.044612788 0.010626804 -0.015311508 0.998830557
1754429091999296512.000000 -3.648639679 0.510060191 3.894570827 -0.045204699 0.010526895 -0.015208596 0.998806536
1754429092032677376.000000 -3.648891687 0.510823309 3.894731998 -0.045457322 0.010680387 -0.015242365 0.998792946
1754429092099441408.000000 -3.648425102 0.510719717 3.896904945 -0.046344101 0.011000578 -0.015126864 0.998750448
1754429092166207488.000000 -3.648874998 0.511450112 3.898042440 -0.046703186 0.011012196 -0.015277493 0.998731315
1754429092232974336.000000 -3.649718285 0.511221230 3.899222136 -0.046956662 0.010857879 -0.015614732 0.998715878
1754429092266359040.000000 -3.649985313 0.511262417 3.899330854 -0.046913493 0.010669546 -0.015534886 0.998721182
1754429092333130240.000000 -3.649485111 0.511142254 3.898681164 -0.046679314 0.010522346 -0.015395349 0.998735845
1754429092399902976.000000 -3.649420977 0.511125863 3.898922682 -0.046723083 0.010965352 -0.015535101 0.998726904
1754429092466678016.000000 -3.649287701 0.510712922 3.900142908 -0.047607806 0.010826688 -0.015936630 0.998680294
1754429092500066304.000000 -3.649291754 0.510597646 3.900753975 -0.048017975 0.010912538 -0.015815455 0.998661637
1754429092566843904.000000 -3.649301529 0.511555970 3.901909828 -0.048506211 0.011295286 -0.016159583 0.998628318
1754429092633623808.000000 -3.651051998 0.512454212 3.902255297 -0.048161589 0.011128411 -0.016411951 0.998642743
1754429092700353792.000000 -3.649769783 0.512317300 3.903012037 -0.047828384 0.010438516 -0.016696569 0.998661518
1754429092733695232.000000 -3.650777817 0.511604667 3.901984930 -0.047824200 0.010710207 -0.016646951 0.998659670
1754429092800378112.000000 -3.650868416 0.511659265 3.902479649 -0.047982715 0.010674384 -0.016626211 0.998652816
1754429092867061504.000000 -3.650369883 0.512632370 3.903105974 -0.048367154 0.010772728 -0.016324237 0.998638153
1754429092933744128.000000 -3.649513006 0.513370574 3.903520346 -0.048398823 0.010632024 -0.016188152 0.998640358
1754429092967085568.000000 -3.649487257 0.513184965 3.903673649 -0.048452951 0.010365912 -0.016162399 0.998640954
1754429093033768960.000000 -3.649636984 0.514025092 3.903819323 -0.048310123 0.009759654 -0.016436882 0.998649418
1754429093100450816.000000 -3.650267124 0.514099836 3.903759241 -0.048535716 0.009192696 -0.016722724 0.998639166
1754429093167133696.000000 -3.650768995 0.512144864 3.903343916 -0.048871756 0.008826531 -0.016839927 0.998624146
1754429093233816832.000000 -3.650389194 0.512489140 3.903484821 -0.048978116 0.008354890 -0.016902158 0.998621941
1754429093300499712.000000 -3.652477264 0.512647748 3.904190540 -0.049260709 0.008517615 -0.016958971 0.998605669
1754429093367182848.000000 -3.653631210 0.513319612 3.903994083 -0.049499087 0.008684039 -0.017028347 0.998591244
1754429093400524288.000000 -3.653663635 0.513155758 3.904486179 -0.049682915 0.008634228 -0.017203160 0.998579562
1754429093467207424.000000 -3.653217316 0.513593376 3.905445337 -0.049958538 0.008250718 -0.017286718 0.998567641
1754429093533889280.000000 -3.652527332 0.512890577 3.905973673 -0.050542630 0.008547643 -0.017583208 0.998530567
1754429093600572672.000000 -3.651830435 0.512668908 3.905931473 -0.050540484 0.008406002 -0.017782982 0.998528361
1754429093633914112.000000 -3.652116060 0.512490988 3.905619144 -0.050427951 0.008288030 -0.017795281 0.998534799
1754429093700597504.000000 -3.652096510 0.513761461 3.905129671 -0.050016623 0.008028936 -0.018015876 0.998553634
1754429093733939200.000000 -3.651690960 0.513616979 3.905211687 -0.049960893 0.008020912 -0.018038267 0.998556077
1754429093800622848.000000 -3.654090881 0.513923883 3.905386925 -0.049975179 0.008041153 -0.018595256 0.998544991
1754429093867306752.000000 -3.654028893 0.513902545 3.904918909 -0.049790282 0.007952869 -0.018451445 0.998557627
1754429093933990144.000000 -3.653933287 0.513116419 3.904474258 -0.049579784 0.008109540 -0.018160149 0.998572171
1754429094000673024.000000 -3.653981209 0.513081849 3.904141903 -0.049427148 0.008117526 -0.017977383 0.998582959
1754429094034014976.000000 -3.653919458 0.512930095 3.904276371 -0.049542535 0.008095114 -0.017900132 0.998578787
1754429094100698368.000000 -3.653379679 0.513821006 3.903884172 -0.049652033 0.007947925 -0.017869197 0.998575091
1754429094167382272.000000 -3.654464245 0.514120400 3.905005932 -0.050063498 0.007846959 -0.018188639 0.998549640
1754429094234065920.000000 -3.654456139 0.513690293 3.906172752 -0.050562050 0.007434680 -0.018222746 0.998527050
1754429094267407872.000000 -3.654870272 0.513653100 3.907214165 -0.050761376 0.007193096 -0.018419992 0.998515010
1754429094334091776.000000 -3.655273914 0.512783468 3.907970428 -0.051623512 0.007278998 -0.018795624 0.998463213
1754429094400775424.000000 -3.656179667 0.513504982 3.908423901 -0.052177399 0.006757715 -0.019080166 0.998432755
1754429094434116352.000000 -3.655920744 0.513431191 3.908943415 -0.052499536 0.006735991 -0.019113000 0.998415351
1754429094500800256.000000 -3.656055450 0.512905717 3.909936905 -0.053043656 0.006877340 -0.019376609 0.998380482
1754429094534141952.000000 -3.656393528 0.512700021 3.910189390 -0.053124540 0.006807829 -0.019494005 0.998374462
1754429094600826112.000000 -3.656331539 0.512733996 3.910159349 -0.053123251 0.006440506 -0.019465366 0.998377442
1754429094667509760.000000 -3.656207323 0.513118625 3.910318136 -0.053175408 0.006586080 -0.019359076 0.998375833
1754429094734191872.000000 -3.655132294 0.513461292 3.910869598 -0.053575028 0.006902867 -0.018860228 0.998361886
1754429094800874240.000000 -3.655128956 0.514600813 3.912710667 -0.054236963 0.007269063 -0.018218448 0.998335481
1754429094834215424.000000 -3.654480457 0.513570011 3.912812233 -0.055096816 0.007603190 -0.017911393 0.998291433
1754429094900896512.000000 -3.653452158 0.513449311 3.913748264 -0.056315470 0.008903942 -0.017164124 0.998225808
1754429094967578880.000000 -3.653584957 0.512941837 3.914862633 -0.057160277 0.009810856 -0.016667522 0.998177648
1754429095034260992.000000 -3.653283834 0.512895584 3.914854288 -0.057465695 0.010244093 -0.016419157 0.998159885
1754429095067602176.000000 -3.653380871 0.512693703 3.914688110 -0.057611894 0.010364214 -0.016442930 0.998149931
1754429095134284544.000000 -3.653474569 0.512322187 3.914162397 -0.057526000 0.010369283 -0.016705718 0.998150408
1754429095200966656.000000 -3.653869629 0.512090623 3.913966417 -0.057183627 0.010343284 -0.016828932 0.998168290
1754429095267649024.000000 -3.653998375 0.513004541 3.912974358 -0.055868931 0.010698516 -0.017030837 0.998235524
1754429095334330112.000000 -3.654476643 0.512308896 3.912006855 -0.055190329 0.010169912 -0.017690968 0.998267353
1754429095367671296.000000 -3.654361963 0.512711346 3.913152695 -0.054978598 0.009382986 -0.017973926 0.998281658
1754429095434353408.000000 -3.654511452 0.513148248 3.913719177 -0.055505320 0.009035246 -0.018383240 0.998248339
1754429095501035776.000000 -3.654579401 0.513638139 3.913933277 -0.057306308 0.009653359 -0.018339662 0.998141527
1754429095534376704.000000 -3.654222727 0.513833702 3.914443493 -0.058053698 0.009933076 -0.018149722 0.998099089
1754429095601058816.000000 -3.653815508 0.514276803 3.915711164 -0.058906760 0.010278977 -0.017638328 0.998054743
1754429095667741184.000000 -3.653353453 0.513687193 3.916446924 -0.059760138 0.010620773 -0.016935680 0.998012602
1754429095734424064.000000 -3.652316570 0.513466656 3.916086912 -0.060824461 0.010765969 -0.016006261 0.997962058
1754429095801106176.000000 -3.651491880 0.514462590 3.916196108 -0.061445598 0.011183199 -0.015016983 0.997934818
1754429095834447872.000000 -3.651226521 0.513941526 3.915704727 -0.061512660 0.011816879 -0.014179682 0.997935653
1754429095901130752.000000 -3.649916887 0.513762176 3.914943695 -0.061148439 0.012451528 -0.013316386 0.997962177
1754429095967813632.000000 -3.649248600 0.513917387 3.914429903 -0.060569204 0.012430200 -0.012847085 0.998003960
1754429096001155328.000000 -3.649243832 0.513149202 3.914223909 -0.060569119 0.012259296 -0.012985246 0.998004317
1754429096067838464.000000 -3.649299383 0.513010204 3.912570953 -0.060205057 0.011751798 -0.013378840 0.998027265
1754429096134521344.000000 -3.649191856 0.515327930 3.911648989 -0.059872739 0.011310725 -0.013936831 0.998044670
1754429096201203456.000000 -3.649098396 0.515826166 3.911699295 -0.060027711 0.010979608 -0.014095255 0.998036802
1754429096267886336.000000 -3.648797512 0.515767574 3.911614656 -0.059969932 0.011078939 -0.014076008 0.998039484
1754429096334569472.000000 -3.648834944 0.513578296 3.911279917 -0.060181484 0.011532772 -0.013706572 0.998026788
1754429096401252608.000000 -3.649313211 0.514782190 3.911319017 -0.060000479 0.011754902 -0.013772013 0.998034179
1754429096467935232.000000 -3.649600983 0.514673054 3.911906004 -0.061135516 0.011907885 -0.013964918 0.997960746
1754429096501276928.000000 -3.650063992 0.514418781 3.912539244 -0.062023297 0.011697080 -0.014505559 0.997900784
1754429096567960064.000000 -3.651543617 0.515600145 3.915536404 -0.063414663 0.011234995 -0.015133718 0.997809231
1754429096634642944.000000 -3.649390459 0.514063597 3.913699150 -0.063973747 0.011465220 -0.014831146 0.997775555
1754429096701324544.000000 -3.648959398 0.514051139 3.912399769 -0.063293196 0.011735664 -0.014747974 0.997816980
1754429096734665728.000000 -3.649690628 0.513099611 3.911425829 -0.063089855 0.011796471 -0.014745714 0.997829199
1754429096801347840.000000 -3.649827957 0.512867153 3.910629988 -0.062551931 0.011555106 -0.014872015 0.997864068
1754429096834688512.000000 -3.648961544 0.513006508 3.911062241 -0.062392339 0.011462998 -0.014733450 0.997877121
1754429096901370624.000000 -3.649319172 0.512405276 3.909251451 -0.062193476 0.011687079 -0.014751966 0.997886658
1754429096968052480.000000 -3.649247408 0.512017012 3.908641338 -0.061881546 0.011867466 -0.014308584 0.997910440
1754429097001393664.000000 -3.648566961 0.511998355 3.908663988 -0.061599880 0.011833438 -0.014085497 0.997931421
1754429097068075776.000000 -3.648404360 0.512214780 3.908319235 -0.061127525 0.011974052 -0.013882768 0.997961581
1754429097134756608.000000 -3.648069620 0.513507843 3.907467365 -0.060850106 0.011691358 -0.013634443 0.997985363
1754429097201438464.000000 -3.648818016 0.513794124 3.907680273 -0.061002210 0.011517242 -0.013835465 0.997975290
1754429097268120320.000000 -3.648967743 0.513701141 3.907500267 -0.061016519 0.010866151 -0.014327580 0.997974813
1754429097334802176.000000 -3.648594856 0.513285518 3.907577515 -0.060614917 0.009872484 -0.014727972 0.998003781
1754429097401484544.000000 -3.648413897 0.513127029 3.908292770 -0.060718015 0.009267125 -0.015148484 0.997997046
1754429097434825216.000000 -3.648822069 0.512937367 3.908911943 -0.061230335 0.009007112 -0.015519439 0.997962356
1754429097501507072.000000 -3.649371624 0.513598442 3.908709764 -0.062522493 0.008210119 -0.016367031 0.997875571
1754429097568187904.000000 -3.650082111 0.513996124 3.909741163 -0.063911490 0.007495687 -0.016716162 0.997787476
1754429097601528832.000000 -3.651126862 0.514143288 3.910587549 -0.064110108 0.007346112 -0.016712235 0.997775853
1754429097668210688.000000 -3.651323557 0.514508486 3.910352945 -0.064111590 0.006923347 -0.016612960 0.997780442
1754429097734892800.000000 -3.650288582 0.514408290 3.909878016 -0.063821875 0.005884254 -0.016357124 0.997809947
1754429097801574656.000000 -3.650282145 0.514380276 3.908799171 -0.063252829 0.005770785 -0.016410448 0.997845948
1754429097868256768.000000 -3.651059866 0.514208496 3.907683611 -0.062686980 0.006133628 -0.016353548 0.997880399
1754429097934938624.000000 -3.650086880 0.514349043 3.907385349 -0.062041566 0.006196120 -0.015982017 0.997926414
1754429098001619456.000000 -3.650647402 0.514180899 3.905931950 -0.061630085 0.006545874 -0.016128652 0.997947335
1754429098034960640.000000 -3.650601387 0.513946295 3.905144215 -0.061550751 0.006610550 -0.016160132 0.997951329
1754429098101642496.000000 -3.650941372 0.513955057 3.903405905 -0.061196618 0.006735945 -0.016225409 0.997971117
1754429098168324352.000000 -3.650445938 0.513695776 3.902465582 -0.060743477 0.006574426 -0.016597759 0.997993767
1754429098201665280.000000 -3.650367737 0.513474941 3.902351141 -0.060367893 0.006552817 -0.016389951 0.998020172
1754429098268347136.000000 -3.649866819 0.512843490 3.901691914 -0.060063630 0.006901225 -0.016225772 0.998038828
1754429098335029248.000000 -3.649521589 0.512636900 3.901439667 -0.059834588 0.006970072 -0.016226297 0.998052061
1754429098401711104.000000 -3.650090694 0.513256431 3.901512384 -0.059702706 0.006883563 -0.016407879 0.998057604
1754429098468391680.000000 -3.649648666 0.512976110 3.901238441 -0.059593853 0.007171230 -0.016206201 0.998065412
1754429098535073536.000000 -3.648125887 0.513039172 3.900650501 -0.059586395 0.007429756 -0.015888778 0.998069048
1754429098601755392.000000 -3.648459673 0.512878120 3.900328159 -0.059569247 0.007626671 -0.015494675 0.998074830
1754429098668436992.000000 -3.648592472 0.512448251 3.899896622 -0.059118383 0.007899174 -0.015196974 0.998104095
1754429098701778688.000000 -3.649793625 0.512906909 3.899715900 -0.058805306 0.008074609 -0.015294120 0.998119712
1754429098768461824.000000 -3.650402069 0.512902498 3.899049759 -0.058313306 0.007944018 -0.015213829 0.998150826
1754429098835144960.000000 -3.651553631 0.512890100 3.899258375 -0.057969324 0.007788699 -0.015626034 0.998165727
1754429098868485632.000000 -3.651874542 0.513226926 3.899453163 -0.057779890 0.007626351 -0.015922988 0.998173296
1754429098935169024.000000 -3.651308298 0.511644304 3.898973227 -0.058030117 0.007019078 -0.016370431 0.998155951
1754429099001852160.000000 -3.652942896 0.512827933 3.899013519 -0.058177870 0.007038119 -0.016663106 0.998142362
1754429099068535296.000000 -3.653946877 0.512993693 3.900000811 -0.058412425 0.007707945 -0.016660715 0.998123765
1754429099135218688.000000 -3.654568434 0.513230920 3.900719404 -0.058327630 0.007886353 -0.017281005 0.998116851
1754429099201901824.000000 -3.655632496 0.509262681 3.902254581 -0.058753837 0.007042699 -0.018149311 0.998082697
1754429099235243264.000000 -3.656065226 0.509533882 3.902243614 -0.058706857 0.006601945 -0.018374801 0.998084366
1754429099301926912.000000 -3.654895067 0.512255430 3.901192665 -0.058650319 0.007025022 -0.018585194 0.998080909
1754429099368609024.000000 -3.655847549 0.512359440 3.901578903 -0.059273429 0.007504499 -0.019080916 0.998031199
1754429099435292160.000000 -3.656815767 0.513551056 3.902228117 -0.059337422 0.007179356 -0.019189930 0.998027682
1754429099501975552.000000 -3.658411741 0.512308538 3.901928425 -0.059381012 0.006713070 -0.019923817 0.998014033
1754429099568658944.000000 -3.658465385 0.512550354 3.901469469 -0.059296105 0.006424236 -0.020285157 0.998013675
1754429099635342336.000000 -3.659129620 0.512712181 3.900807142 -0.059701361 0.005943557 -0.020964690 0.997978389
1754429099668683776.000000 -3.659818649 0.512946308 3.901249886 -0.059962522 0.005824809 -0.021260528 0.997957230
1754429099735367680.000000 -3.660507917 0.513313532 3.901159048 -0.060355101 0.005885180 -0.021701908 0.997923672
1754429099802050304.000000 -3.661118031 0.513475716 3.901298046 -0.060555309 0.005796437 -0.022217428 0.997900784
1754429099868733952.000000 -3.662405968 0.513747275 3.901556492 -0.060353361 0.005732241 -0.022542775 0.997906029
1754429099935417600.000000 -3.662717104 0.512818694 3.901058912 -0.060168400 0.005806031 -0.023155486 0.997902751
1754429100002101504.000000 -3.663473368 0.513350070 3.899899006 -0.059665978 0.005833296 -0.023650963 0.997921109
1754429100035442944.000000 -3.664047956 0.513742685 3.899448156 -0.059484359 0.005789591 -0.023999276 0.997923970
1754429100102126848.000000 -3.665227413 0.513590097 3.898891926 -0.059357885 0.005838918 -0.024839284 0.997910619
1754429100168810752.000000 -3.666321039 0.512734115 3.899045467 -0.059331957 0.005790231 -0.025534445 0.997894943
1754429100235493376.000000 -3.667616844 0.513053536 3.898771524 -0.058945078 0.005749261 -0.026365019 0.997896433
1754429100302177280.000000 -3.669096470 0.513126731 3.899199963 -0.058380026 0.005265431 -0.026832629 0.997919858
1754429100335518976.000000 -3.669469833 0.513572574 3.898816824 -0.057647027 0.005058867 -0.026356019 0.997976303
1754429100402202880.000000 -3.669521809 0.513291836 3.898002625 -0.056681093 0.005858839 -0.026297122 0.998028755
1754429100468886528.000000 -3.670418501 0.511728108 3.897545099 -0.056884795 0.006210970 -0.026700802 0.998004317
1754429100535570688.000000 -3.670960426 0.513122618 3.898479939 -0.057598833 0.005400700 -0.027458988 0.997947574
1754429100602254336.000000 -3.671888590 0.513229072 3.898512363 -0.057997949 0.004814679 -0.028347060 0.997902572
1754429100635596288.000000 -3.672293901 0.513177931 3.898800373 -0.058078505 0.004498095 -0.028632488 0.997891247
1754429100702278912.000000 -3.673247814 0.513554335 3.898693562 -0.057773445 0.004111459 -0.028708484 0.997908413
1754429100768962304.000000 -3.672610044 0.512482345 3.898871183 -0.057482038 0.004161940 -0.028129043 0.997941554
1754429100835646208.000000 -3.672250509 0.512170196 3.899585724 -0.057557199 0.004853780 -0.027379695 0.997954905
1754429100902329856.000000 -3.671646833 0.512541234 3.899545670 -0.057634931 0.005235348 -0.026726399 0.997966230
1754429100935671552.000000 -3.671658039 0.513108194 3.899638653 -0.057609353 0.005367697 -0.026429830 0.997974873
1754429101002355456.000000 -3.671868086 0.512668729 3.901150465 -0.057843119 0.005524000 -0.026172530 0.997967303
1754429101069039104.000000 -3.671569586 0.513373733 3.900764704 -0.057861451 0.005315088 -0.026179779 0.997967184
1754429101135721984.000000 -3.671647549 0.513297915 3.900562763 -0.057844371 0.005373585 -0.025803568 0.997977674
1754429101169063680.000000 -3.671730518 0.513168812 3.900534391 -0.057945814 0.005575581 -0.025708459 0.997973084
1754429101235747584.000000 -3.668783903 0.512784123 3.900652885 -0.057817820 0.005580791 -0.025318943 0.997990489
1754429101302431232.000000 -3.667896032 0.512521148 3.899873972 -0.057366475 0.005458335 -0.024756338 0.998031259
1754429101369114880.000000 -3.668878078 0.512875497 3.899460316 -0.056874599 0.006392333 -0.024559090 0.998058796
1754429101435798784.000000 -3.669004917 0.512512267 3.898889542 -0.056413077 0.006706311 -0.024431350 0.998086035
1754429101502482688.000000 -3.669429064 0.512561321 3.898671389 -0.055695437 0.006375336 -0.024398504 0.998129308
1754429101569165568.000000 -3.668143988 0.511266708 3.897267580 -0.054782934 0.006545430 -0.024178613 0.998184085
1754429101635849472.000000 -3.667779207 0.511308074 3.896182775 -0.053471688 0.006859128 -0.023905959 0.998259604
1754429101669191424.000000 -3.667805195 0.511570930 3.895852089 -0.052916568 0.006987491 -0.023564423 0.998296440
1754429101735874304.000000 -3.667161465 0.511421919 3.895037413 -0.052217335 0.007273196 -0.023091178 0.998342276
1754429101802557184.000000 -3.665799618 0.513061047 3.893594503 -0.051716000 0.007580448 -0.022612112 0.998377085
1754429101869240320.000000 -3.665701389 0.511431992 3.893575668 -0.051881585 0.007657064 -0.022557452 0.998369098
1754429101902581504.000000 -3.665187836 0.512176871 3.893541813 -0.051859878 0.007646848 -0.022420160 0.998373449
1754429101969264384.000000 -3.663507462 0.513518572 3.892874002 -0.051954385 0.008494482 -0.021432268 0.998383343
1754429102035946496.000000 -3.663068056 0.512562037 3.893773317 -0.052117802 0.009060195 -0.020930916 0.998380542
1754429102102629376.000000 -3.662997246 0.511904180 3.893673658 -0.051518012 0.008282839 -0.020622311 0.998424828
1754429102169312256.000000 -3.661723852 0.512743652 3.892055750 -0.051203176 0.008023352 -0.020083560 0.998454094
1754429102202653952.000000 -3.661130905 0.512557268 3.891961336 -0.051209673 0.008282633 -0.019753229 0.998458266
1754429102269336576.000000 -3.660371304 0.512216985 3.891295910 -0.050850831 0.008877106 -0.018942913 0.998487234
1754429102336019456.000000 -3.659063339 0.511739194 3.891159058 -0.050756942 0.009398426 -0.018093046 0.998502970
1754429102402702592.000000 -3.657728910 0.511919439 3.890842676 -0.050984103 0.009841815 -0.017505113 0.998497605
1754429102436043008.000000 -3.657351017 0.511924982 3.890343428 -0.050881986 0.009904744 -0.017255493 0.998506546
1754429102502726144.000000 -3.657007694 0.511799157 3.889855385 -0.050425738 0.009899174 -0.017162800 0.998531342
1754429102569408768.000000 -3.655657530 0.511345088 3.887184143 -0.049703322 0.009835701 -0.016761495 0.998574972
1754429102602750464.000000 -3.656545401 0.511370182 3.887892723 -0.049486909 0.009946952 -0.016704455 0.998585522
1754429102669433344.000000 -3.657156706 0.511058986 3.887469530 -0.049098376 0.010162848 -0.016411236 0.998607457
1754429102736115712.000000 -3.656866550 0.510406256 3.887963533 -0.049670149 0.010398643 -0.016504057 0.998575211
1754429102802797824.000000 -3.656397820 0.510311186 3.889240980 -0.050774306 0.010092380 -0.016964288 0.998515129
1754429102836139264.000000 -3.657013178 0.510472834 3.889706850 -0.051401369 0.009797333 -0.017265391 0.998480797
1754429102869479168.000000 -3.656517506 0.511428237 3.889745474 -0.051831312 0.009172434 -0.017543217 0.998459637
1754429102936161536.000000 -3.657413960 0.511658251 3.890908241 -0.052828647 0.008392920 -0.018299360 0.998400629
1754429103036185088.000000 -3.656556368 0.511093855 3.890913248 -0.052712917 0.006745014 -0.019287884 0.998400688
1754429103069526272.000000 -3.656373978 0.511624575 3.890608311 -0.052450508 0.005927935 -0.019539982 0.998414814
1754429103169549568.000000 -3.657577753 0.511392772 3.892185926 -0.053277977 0.004157396 -0.020991812 0.998350441
1754429103236231936.000000 -3.657773972 0.511957347 3.892822266 -0.054552469 0.003456420 -0.021802012 0.998266935
1754429103302914048.000000 -3.658870459 0.512608290 3.893530369 -0.055585068 0.003108369 -0.022494759 0.998195708
1754429103336254208.000000 -3.658043146 0.513417304 3.892783403 -0.055493549 0.002782030 -0.022586841 0.998199701
1754429103402936576.000000 -3.658127308 0.513543367 3.891474485 -0.054043438 0.002715064 -0.022467621 0.998282135
1754429103469618432.000000 -3.657665730 0.513389051 3.890167952 -0.052238092 0.002785021 -0.021833746 0.998392165
1754429103536301056.000000 -3.655626059 0.512091696 3.889379501 -0.051047746 0.003308791 -0.020911029 0.998471797
1754429103602983168.000000 -3.654757261 0.511308908 3.889150858 -0.050857939 0.003903241 -0.020209553 0.998493791
1754429103636324096.000000 -3.655075788 0.511919737 3.889027834 -0.051138423 0.004165367 -0.020275092 0.998477042
1754429103703006720.000000 -3.654956818 0.511932194 3.889491081 -0.052047163 0.004040472 -0.020617248 0.998423636
1754429103769688320.000000 -3.655063629 0.512293935 3.889909983 -0.052658979 0.003438169 -0.020914629 0.998387635
1754429103836371200.000000 -3.654953957 0.511928082 3.890424728 -0.052710909 0.003345213 -0.020649053 0.998390734
1754429103903053824.000000 -3.655699253 0.512278020 3.890710115 -0.052654698 0.003626932 -0.020447262 0.998396873
1754429103969736448.000000 -3.655911922 0.512702227 3.891550541 -0.053077850 0.003758586 -0.020408599 0.998374820
1754429104036418816.000000 -3.655287504 0.512493312 3.891853094 -0.053956244 0.003662096 -0.020447962 0.998327196
1754429104103101440.000000 -3.654392481 0.512070537 3.891247988 -0.054851793 0.003337147 -0.020932730 0.998269498
1754429104169784064.000000 -3.654392004 0.512440860 3.891381264 -0.054815628 0.002550082 -0.021355465 0.998264909
1754429104236465920.000000 -3.655561686 0.512524605 3.891248703 -0.054223340 0.002061385 -0.021541078 0.998294353
1754429104303148800.000000 -3.655769825 0.512193620 3.890859604 -0.054002993 0.002075258 -0.021490289 0.998307347
1754429104336489984.000000 -3.655997992 0.512517989 3.891009569 -0.053910457 0.002301510 -0.021536263 0.998310924
1754429104403172608.000000 -3.655514479 0.512486100 3.891063213 -0.053997584 0.002387704 -0.021520490 0.998306274
1754429104469855232.000000 -3.655713320 0.512256622 3.890520573 -0.054205686 0.002338719 -0.021644635 0.998292446
1754429104503196416.000000 -3.654909849 0.512034357 3.890254974 -0.054216508 0.002247216 -0.021826426 0.998288095
1754429104569879040.000000 -3.655309677 0.511863828 3.889918804 -0.054349229 0.002275392 -0.022250026 0.998271465
1754429104636562176.000000 -3.656805038 0.512484074 3.889902353 -0.054563481 0.002040831 -0.022749797 0.998249114
1754429104669902336.000000 -3.655482054 0.511842012 3.889072418 -0.054589938 0.001909137 -0.022881744 0.998244822
1754429104736585216.000000 -3.655275583 0.512335300 3.889433861 -0.054636121 0.003017826 -0.023253754 0.998230994
1754429104803267840.000000 -3.654951096 0.512256205 3.889557838 -0.054771882 0.003683245 -0.022983020 0.998227537
1754429104836609536.000000 -3.654103041 0.510859549 3.889453411 -0.054959383 0.003475297 -0.022805851 0.998222053
1754429104903292672.000000 -3.653172493 0.510891259 3.890001059 -0.054991528 0.003600875 -0.022426832 0.998228490
1754429104936634112.000000 -3.653344631 0.511133730 3.890347958 -0.055018391 0.003820378 -0.022529865 0.998223841
1754429105003316992.000000 -3.653918982 0.512625396 3.889868498 -0.054758646 0.003895806 -0.022336712 0.998242140
1754429105069999872.000000 -3.654509068 0.512519062 3.889606714 -0.055014562 0.004161579 -0.022482473 0.998223722
1754429105136681984.000000 -3.654313326 0.512640953 3.889477015 -0.055683799 0.004329712 -0.022620188 0.998182833
1754429105170023424.000000 -3.654144287 0.512750268 3.889350414 -0.055962384 0.004192450 -0.022614140 0.998167932
1754429105236706560.000000 -3.653576136 0.512720823 3.889271259 -0.056235876 0.004083556 -0.022188853 0.998162627
1754429105303389184.000000 -3.653188705 0.512492418 3.888827562 -0.055772215 0.004498989 -0.021657685 0.998198509
1754429105336730880.000000 -3.652226210 0.512851238 3.888448000 -0.055307265 0.004631719 -0.021334628 0.998230696
1754429105403413760.000000 -3.652097940 0.513175666 3.888137341 -0.055489015 0.004133419 -0.021510309 0.998219073
1754429105470096896.000000 -3.651103020 0.513124406 3.888463736 -0.056341011 0.003356972 -0.021793336 0.998168111
1754429105503438336.000000 -3.651046515 0.512896478 3.888816595 -0.056670856 0.003266388 -0.021872310 0.998148024
1754429105570120448.000000 -3.651117802 0.512544394 3.888817310 -0.057344519 0.003785765 -0.021960931 0.998105764
1754429105670144768.000000 -3.650052309 0.513481379 3.888284206 -0.057552941 0.004186476 -0.021580761 0.998100460
1754429105736828160.000000 -3.650955915 0.512914538 3.887643814 -0.057031605 0.004517728 -0.021589452 0.998128712
1754429105803511296.000000 -3.650141239 0.512121201 3.886883497 -0.056458261 0.004498293 -0.021341324 0.998166800
1754429105870194944.000000 -3.649746895 0.512265325 3.886271000 -0.056084346 0.004573887 -0.021662420 0.998180509
1754429105936878336.000000 -3.650072098 0.512214124 3.886263371 -0.055995751 0.004154793 -0.022143945 0.998176813
1754429105970220032.000000 -3.650527954 0.509698153 3.887542486 -0.056231525 0.003700475 -0.022155028 0.998165071
1754429106036902656.000000 -3.650597095 0.510084629 3.887115955 -0.055241019 0.003515221 -0.022021526 0.998224080
1754429106103586048.000000 -3.650148869 0.512736082 3.885425329 -0.053880490 0.003860591 -0.021420600 0.998310208
1754429106170269184.000000 -3.648961782 0.512919724 3.886165619 -0.053508606 0.004239012 -0.020829650 0.998341143
1754429106203611136.000000 -3.649603367 0.513255119 3.885726213 -0.053289481 0.004635809 -0.020587577 0.998356104
1754429106270294528.000000 -3.648687363 0.512632012 3.885877132 -0.053287860 0.005161352 -0.020341236 0.998358727
1754429106303636224.000000 -3.648449898 0.512334406 3.885911465 -0.053283237 0.005075352 -0.020520676 0.998355687
1754429106370319616.000000 -3.649050474 0.512524128 3.886546135 -0.053450320 0.004637570 -0.021099404 0.998336852
1754429106403661568.000000 -3.649413347 0.513452411 3.886992931 -0.053633079 0.004328222 -0.021401485 0.998322010
1754429106470343936.000000 -3.650170565 0.513688743 3.887479067 -0.053848866 0.004173330 -0.021802412 0.998302400
1754429106537027072.000000 -3.650586128 0.513699949 3.887483120 -0.053739671 0.004456359 -0.021897815 0.998304963
1754429106603710720.000000 -3.650701046 0.514681041 3.887323856 -0.053116079 0.004525342 -0.021691127 0.998342514
1754429106637052416.000000 -3.650602818 0.514262676 3.887474060 -0.052689567 0.004496391 -0.021566687 0.998367906
1754429106703735296.000000 -3.649988174 0.512378275 3.887677908 -0.052713629 0.004553090 -0.021087775 0.998376608
1754429106770417664.000000 -3.649435520 0.513087809 3.888177395 -0.052814525 0.005027136 -0.021283520 0.998364866
1754429106837100288.000000 -3.648810863 0.513357997 3.888108730 -0.053032827 0.004778556 -0.021426816 0.998351455
1754429106870440704.000000 -3.648354053 0.514056444 3.888032913 -0.053145345 0.004473090 -0.021312052 0.998349369
1754429106937123072.000000 -3.649174929 0.513901293 3.887320280 -0.052996248 0.004555011 -0.021063225 0.998362243
1754429107003805696.000000 -3.648426533 0.513671160 3.886960983 -0.052855741 0.004659915 -0.020748314 0.998375773
1754429107070488320.000000 -3.649013519 0.513801634 3.886661053 -0.052886281 0.004646700 -0.020468526 0.998380005
1754429107137170432.000000 -3.648216963 0.512721539 3.886490107 -0.053291913 0.004540294 -0.020213939 0.998364091
1754429107203853312.000000 -3.648842573 0.513645887 3.886522532 -0.053166199 0.004717000 -0.020176882 0.998370707
1754429107237194496.000000 -3.648092031 0.512537599 3.886085510 -0.053324338 0.004705886 -0.020293459 0.998359978
1754429107303876864.000000 -3.647391319 0.512284338 3.885421515 -0.053421527 0.004713709 -0.020200731 0.998356581
1754429107370558464.000000 -3.647537231 0.512198925 3.884697437 -0.053316668 0.004649634 -0.020497167 0.998356462
1754429107437241344.000000 -3.647294998 0.512182295 3.883790731 -0.053085059 0.004579495 -0.020320358 0.998372793
1754429107470582528.000000 -3.647042990 0.512026191 3.883332014 -0.052937411 0.004788091 -0.020248001 0.998381078
1754429107537264896.000000 -3.647348642 0.511635005 3.882050753 -0.052264504 0.005294596 -0.020214353 0.998414636
1754429107603947520.000000 -3.646600485 0.511838377 3.881556749 -0.051354133 0.005356511 -0.019632479 0.998473167
1754429107637288704.000000 -3.646854639 0.512192428 3.881226301 -0.050977360 0.005722882 -0.019568956 0.998491704
1754429107703971072.000000 -3.647886753 0.512624383 3.880385637 -0.050316233 0.006368688 -0.019541496 0.998521864
1754429107770652416.000000 -3.647640705 0.511577368 3.880596638 -0.050222650 0.006190937 -0.019738765 0.998523772
1754429107837334528.000000 -3.648635149 0.511925638 3.880594492 -0.050219528 0.005881218 -0.020516146 0.998510182
1754429107870675712.000000 -3.648888350 0.512052119 3.880501270 -0.050375633 0.005776471 -0.020864524 0.998495698
1754429107937358080.000000 -3.649481297 0.512023211 3.880283833 -0.051145758 0.005229688 -0.021632945 0.998443186
1754429108004040192.000000 -3.650147200 0.512235463 3.880285025 -0.051583920 0.005068257 -0.022033913 0.998412728
1754429108070722560.000000 -3.651261330 0.513906777 3.880070210 -0.051407669 0.005504207 -0.022343509 0.998412609
1754429108104063744.000000 -3.652131081 0.513969600 3.880070686 -0.051479492 0.005566979 -0.022465177 0.998405814
1754429108170745856.000000 -3.650744915 0.514599562 3.880192518 -0.051518634 0.004854415 -0.022861505 0.998398602
1754429108237426944.000000 -3.649753809 0.513255000 3.879598618 -0.051893264 0.004207030 -0.023330519 0.998371184
1754429108304109312.000000 -3.650301695 0.513601065 3.879508495 -0.051762596 0.003891341 -0.023720013 0.998370111
1754429108337450496.000000 -3.650232553 0.513568282 3.879530907 -0.051656816 0.003660912 -0.023691671 0.998377204
1754429108404132608.000000 -3.651180744 0.513261497 3.879644632 -0.051637497 0.003572952 -0.023831924 0.998375118
1754429108470814720.000000 -3.652658939 0.513376176 3.879814625 -0.051566765 0.003553807 -0.023833599 0.998378813
1754429108504155904.000000 -3.652229309 0.512602866 3.880004644 -0.051752534 0.003376434 -0.023668068 0.998373806
1754429108570838272.000000 -3.652447939 0.512647927 3.880409718 -0.052008461 0.003255107 -0.023808068 0.998357534
1754429108637520384.000000 -3.652324915 0.512666643 3.881356001 -0.052313332 0.002916205 -0.024150759 0.998334408
1754429108670860288.000000 -3.652110577 0.512456119 3.881671429 -0.052542839 0.002734093 -0.024128648 0.998323441
1754429108737542912.000000 -3.652409554 0.513644338 3.882664680 -0.053010754 0.002841315 -0.024385588 0.998292148
1754429108770884096.000000 -3.652357340 0.513270319 3.882717609 -0.053472791 0.002789282 -0.024497567 0.998264849
1754429108837566720.000000 -3.652973652 0.513757825 3.883044720 -0.054116413 0.002490949 -0.024968598 0.998219311
1754429108904249088.000000 -3.652979851 0.513929605 3.883403063 -0.053976219 0.002263185 -0.025104415 0.998224020
1754429108970931456.000000 -3.652953148 0.514054298 3.883732319 -0.054000430 0.002280650 -0.025086638 0.998223126
1754429109037614336.000000 -3.653325319 0.513976932 3.884701014 -0.053933650 0.002465226 -0.025030473 0.998227715
1754429109070955520.000000 -3.653291225 0.514181674 3.884782553 -0.053786665 0.002547389 -0.024848767 0.998239994
1754429109137636864.000000 -3.653470993 0.514412880 3.885252476 -0.053819191 0.002732004 -0.024602868 0.998243868
1754429109204319488.000000 -3.653773308 0.515606999 3.885213852 -0.053695355 0.002734925 -0.024625232 0.998249948
1754429109271002112.000000 -3.654193401 0.514233291 3.885426998 -0.053955249 0.002362347 -0.024785960 0.998232901
1754429109337684736.000000 -3.654816151 0.515474200 3.885154963 -0.053548053 0.002059055 -0.025162537 0.998246133
1754429109404366848.000000 -3.656031370 0.515440106 3.885653257 -0.053341307 0.001560527 -0.025677104 0.998245001
1754429109471049472.000000 -3.656831503 0.515491903 3.886039734 -0.053195249 0.001244504 -0.026023319 0.998244226
1754429109504390912.000000 -3.656453848 0.514977992 3.886078358 -0.053190470 0.001053610 -0.026174717 0.998240769
1754429109571072256.000000 -3.656957865 0.515003562 3.886589289 -0.053517386 0.001065194 -0.026611840 0.998211682
1754429109637754880.000000 -3.656985760 0.515890062 3.887387037 -0.053890787 0.000665965 -0.026680473 0.998190105
1754429109704438528.000000 -3.657057285 0.515830219 3.888739347 -0.054726541 0.000746251 -0.027261425 0.998128951
1754429109771122944.000000 -3.658442497 0.515014529 3.888818026 -0.055287760 0.000586650 -0.027514860 0.998091161
1754429109804465408.000000 -3.657311440 0.515741885 3.889099121 -0.055287350 0.000306751 -0.027576454 0.998089552
1754429109871150336.000000 -3.657544851 0.514286160 3.889017105 -0.055135448 0.000113960 -0.027724078 0.998093903
1754429109904492288.000000 -3.658134699 0.514612615 3.889140129 -0.054980710 0.000179861 -0.027492965 0.998108804
1754429109971177216.000000 -3.659238338 0.514567375 3.888506174 -0.054735303 0.000220762 -0.027117105 0.998132586
1754429110037860864.000000 -3.659359217 0.514549077 3.888334513 -0.054479059 0.000345846 -0.026512733 0.998162806
1754429110104545536.000000 -3.656741619 0.515695870 3.888151407 -0.054160126 0.000591005 -0.025787000 0.998199105
1754429110171230464.000000 -3.656990051 0.514423311 3.887912989 -0.053708646 0.001239359 -0.025042025 0.998241842
1754429110237915392.000000 -3.656299829 0.514600933 3.887633801 -0.053326011 0.001563017 -0.024308218 0.998280048
1754429110337942528.000000 -3.655759096 0.514717042 3.886848450 -0.052608784 0.002027365 -0.023479734 0.998337150
1754429110371284992.000000 -3.653744221 0.515199721 3.886976004 -0.052693333 0.001952165 -0.023086431 0.998341978
1754429110471311616.000000 -3.652510881 0.515686095 3.887355328 -0.053120427 0.002696119 -0.022494687 0.998331070
1754429110537996288.000000 -3.652057171 0.515853524 3.888067245 -0.053315289 0.002980343 -0.022032149 0.998330235
1754429110571339008.000000 -3.652269363 0.515009820 3.887373924 -0.053424831 0.003297193 -0.021687822 0.998330891
1754429110638023936.000000 -3.651927948 0.514403403 3.887385368 -0.053416703 0.003551203 -0.021710707 0.998329997
1754429110704707328.000000 -3.651840210 0.514281809 3.887157202 -0.053029545 0.002906366 -0.021587295 0.998355389
1754429110771389440.000000 -3.652048349 0.513889551 3.885851860 -0.052762914 0.002170502 -0.021790570 0.998367012
1754429110838071296.000000 -3.653181791 0.514232218 3.886751890 -0.052654020 0.002015013 -0.021776218 0.998373330
1754429110904752128.000000 -3.653143167 0.512603402 3.885897398 -0.052550670 0.001847672 -0.021634229 0.998382270
1754429110971434240.000000 -3.652387619 0.512771964 3.885251284 -0.051614542 0.001811108 -0.021365400 0.998436868
1754429111004775168.000000 -3.652620077 0.512852490 3.885280371 -0.051207792 0.001747360 -0.021471294 0.998455703
1754429111071457024.000000 -3.653340340 0.512918830 3.885202885 -0.050532479 0.001230216 -0.021768808 0.998484373
1754429111138139136.000000 -3.654310465 0.512160242 3.885560989 -0.051001899 0.000266266 -0.022367669 0.998448014
1754429111171480064.000000 -3.653955698 0.512851119 3.885750055 -0.051329367 -0.000026323 -0.022654125 0.998424828
1754429111238161920.000000 -3.653760433 0.513351977 3.886330366 -0.052168399 -0.000326408 -0.022881605 0.998376071
1754429111304843776.000000 -3.652847528 0.514179468 3.887072325 -0.052697979 -0.000277259 -0.022484217 0.998357356
1754429111371524352.000000 -3.652682066 0.514486670 3.887362242 -0.053065568 0.000289632 -0.022394244 0.998339951
1754429111404865536.000000 -3.653487921 0.515269518 3.888678074 -0.053133715 0.000413843 -0.022412373 0.998335779
1754429111471547392.000000 -3.653625011 0.514371514 3.888213634 -0.053117789 -0.000289487 -0.022308286 0.998339057
1754429111538228992.000000 -3.654787540 0.514428020 3.889485121 -0.053955495 -0.000512085 -0.023101680 0.998275995
1754429111571570176.000000 -3.654894829 0.514463663 3.889765024 -0.054253466 -0.000685964 -0.023357354 0.998253763
1754429111638251776.000000 -3.654607773 0.514448822 3.890300035 -0.055022456 -0.001590397 -0.023957741 0.998196423
1754429111704933888.000000 -3.655323267 0.514141917 3.890427113 -0.055108365 -0.002172548 -0.024564259 0.998175859
1754429111738274816.000000 -3.655928135 0.514444292 3.890014648 -0.054968596 -0.002284551 -0.024525531 0.998184204
1754429111838297344.000000 -3.655860901 0.514951050 3.890767813 -0.055531405 -0.002724959 -0.024670994 0.998148382
1754429111871638528.000000 -3.655424595 0.514837027 3.892031670 -0.055630088 -0.002818335 -0.024505356 0.998146772
1754429111938320896.000000 -3.656639099 0.514558792 3.891837120 -0.055870917 -0.002803190 -0.024473399 0.998134136
1754429112005003008.000000 -3.656150579 0.514628708 3.891705513 -0.055960108 -0.003464489 -0.024464758 0.998127222
1754429112038344192.000000 -3.656058788 0.514362812 3.891980410 -0.055911899 -0.003753040 -0.024487531 0.998128355
1754429112105026560.000000 -3.656152010 0.513909221 3.892701387 -0.055815279 -0.004614175 -0.024897214 0.998120010
1754429112171708928.000000 -3.655038834 0.514872551 3.894343615 -0.055480082 -0.005369424 -0.024880936 0.998135328
1754429112238390016.000000 -3.655369759 0.514512122 3.894623756 -0.055327047 -0.005706743 -0.024948742 0.998140275
1754429112271730944.000000 -3.655984163 0.513810158 3.894086361 -0.055559818 -0.005840527 -0.024821097 0.998129725
1754429112338413312.000000 -3.656529665 0.513924062 3.894300938 -0.055592969 -0.006375750 -0.025224730 0.998114467
1754429112405095680.000000 -3.658589840 0.514236867 3.895686150 -0.055907793 -0.006561609 -0.025593847 0.998086333
1754429112471777792.000000 -3.658798695 0.514465988 3.896640062 -0.056297526 -0.007000886 -0.026529249 0.998037040
1754429112505118720.000000 -3.659246922 0.514728606 3.897346258 -0.056451678 -0.007321639 -0.026733235 0.998020530
1754429112571800832.000000 -3.659405708 0.514672041 3.897751570 -0.056687284 -0.007809948 -0.027103003 0.997993469
1754429112638483200.000000 -3.660644293 0.515143692 3.898489475 -0.056839924 -0.007632018 -0.027323268 0.997980237
1754429112705164544.000000 -3.660463810 0.514770865 3.899133682 -0.057303518 -0.007488175 -0.027304526 0.997955322
1754429112738505728.000000 -3.660466194 0.514890075 3.899381876 -0.057659566 -0.007483094 -0.027342321 0.997933805
1754429112838528768.000000 -3.661610842 0.515635431 3.899739742 -0.058368534 -0.006682729 -0.027388941 0.997896969
1754429112905210880.000000 -3.660623789 0.514148533 3.900153399 -0.058421943 -0.006332116 -0.027164476 0.997902215
1754429112971892992.000000 -3.662608624 0.515204191 3.900179863 -0.057712208 -0.006274540 -0.027319308 0.997939706
1754429113038575104.000000 -3.662512302 0.515559435 3.900235891 -0.057686549 -0.006554382 -0.027576474 0.997932315
1754429113105256192.000000 -3.663175344 0.516273499 3.901152134 -0.058466468 -0.006464846 -0.027953016 0.997877061
1754429113171938304.000000 -3.664122105 0.516098738 3.901519299 -0.059423693 -0.006379148 -0.028731177 0.997798920
1754429113271961344.000000 -3.664396286 0.516353607 3.902154922 -0.059570204 -0.007617437 -0.029403502 0.997761905
1754429113338643200.000000 -3.665479898 0.513709247 3.903585434 -0.060235389 -0.007757493 -0.029989604 0.997703433
1754429113405325312.000000 -3.663733006 0.514274180 3.901687145 -0.060294271 -0.008384011 -0.030107897 0.997691333
1754429113505348352.000000 -3.664487839 0.514673531 3.901015043 -0.059764694 -0.008922305 -0.030468713 0.997707486
1754429113572029696.000000 -3.664035082 0.514395654 3.901331663 -0.059936121 -0.008493642 -0.030326953 0.997705281
1754429113638711552.000000 -3.663332462 0.514705956 3.901036263 -0.060074948 -0.007876285 -0.030071421 0.997709751
1754429113705438720.000000 -3.663442135 0.514782250 3.900905848 -0.059816703 -0.007608184 -0.029770412 0.997736394
1754429113805694464.000000 -3.664110899 0.515151858 3.900916576 -0.059776228 -0.007356787 -0.029905187 0.997736692
1754429113905954560.000000 -3.664642572 0.514957666 3.903336763 -0.061072268 -0.007810812 -0.030481145 0.997637272
1754429113972797184.000000 -3.664958715 0.515480757 3.902686119 -0.061538856 -0.007474822 -0.030737575 0.997603357
1754429114073063424.000000 -3.664121866 0.515450597 3.902663231 -0.061630636 -0.008018605 -0.031029401 0.997584343
1754429114139910912.000000 -3.663273335 0.515375376 3.902673721 -0.061484791 -0.008026059 -0.030639805 0.997605324
1754429114240185856.000000 -3.664084911 0.515551329 3.903631449 -0.061514165 -0.007039730 -0.030438978 0.997617185
1754429114307037952.000000 -3.664390087 0.515272677 3.903701067 -0.061017651 -0.007575572 -0.030087436 0.997654438
1754429114373892352.000000 -3.664433241 0.514786780 3.903500795 -0.060577646 -0.007671745 -0.030063892 0.997681201
1754429114440747520.000000 -3.664246321 0.515044987 3.904007673 -0.060471758 -0.008086692 -0.030283617 0.997677684
1754429114507605760.000000 -3.662940025 0.514262974 3.903557062 -0.060698479 -0.008620373 -0.030217061 0.997661471
1754429114574466048.000000 -3.663068533 0.513963521 3.903558493 -0.060715307 -0.008204389 -0.030113440 0.997667074
1754429114607896832.000000 -3.663083315 0.513680816 3.903778076 -0.060755800 -0.008259832 -0.030165764 0.997662544
1754429114674760192.000000 -3.662938833 0.514139295 3.903917074 -0.060839757 -0.008887170 -0.030153131 0.997652411
1754429114741466880.000000 -3.663455009 0.514578164 3.904230356 -0.061058469 -0.008617761 -0.030097900 0.997643113
1754429114808134400.000000 -3.663667679 0.514889002 3.903949976 -0.061471138 -0.008563301 -0.030296216 0.997612238
1754429114874799872.000000 -3.663499832 0.514756143 3.903313160 -0.061239369 -0.009080703 -0.030027373 0.997630060
1754429114908133632.000000 -3.663433790 0.514276564 3.903236389 -0.061170023 -0.008911838 -0.029868398 0.997640610
1754429114974799872.000000 -3.663434982 0.515295088 3.903165817 -0.061208479 -0.008275077 -0.029588914 0.997652113
1754429115041466112.000000 -3.663511276 0.514756858 3.902375221 -0.061409809 -0.008489317 -0.029512510 0.997640133
1754429115108132096.000000 -3.663251638 0.514520526 3.901604414 -0.061096698 -0.008540753 -0.029098036 0.997671068
1754429115174797568.000000 -3.663326502 0.514849842 3.901282549 -0.060940091 -0.008313561 -0.029316939 0.997676134
1754429115208130304.000000 -3.662953615 0.514508605 3.900843382 -0.060852852 -0.008737819 -0.029450817 0.997673929
1754429115274795776.000000 -3.663112879 0.514284730 3.899727345 -0.060173579 -0.009540433 -0.029638583 0.997702181
1754429115341459456.000000 -3.663037539 0.514701903 3.898193359 -0.059248116 -0.009502143 -0.029799704 0.997753143
1754429115408124160.000000 -3.666347980 0.514421344 3.899591208 -0.058383416 -0.009411526 -0.029585849 0.997811377
1754429115474788608.000000 -3.662657499 0.514528811 3.895913601 -0.057492979 -0.009706157 -0.029053999 0.997875869
1754429115541452800.000000 -3.662021875 0.513751984 3.894385815 -0.057243664 -0.008676359 -0.028530734 0.997914791
1754429115608116736.000000 -3.661933899 0.513473511 3.894504547 -0.057755373 -0.008806276 -0.028682478 0.997879863
1754429115641448448.000000 -3.660985947 0.513631403 3.894562721 -0.058008064 -0.009344986 -0.028776288 0.997857571
1754429115708113152.000000 -3.660784721 0.513891399 3.894312143 -0.058018532 -0.009254137 -0.028894344 0.997854412
1754429115774778880.000000 -3.661265373 0.513755739 3.894065142 -0.057861604 -0.008839254 -0.028785763 0.997870445
1754429115841445120.000000 -3.661120415 0.513183951 3.892767668 -0.057483517 -0.009340225 -0.028770370 0.997888148
1754429115908111616.000000 -3.660593510 0.512899101 3.891957045 -0.057230745 -0.008656835 -0.028181776 0.997925639
1754429115974777344.000000 -3.660083055 0.513032973 3.892430782 -0.057683609 -0.007640846 -0.027988309 0.997913301
1754429116041443072.000000 -3.660838604 0.512715340 3.892649651 -0.057997569 -0.008264862 -0.028429277 0.997877657
1754429116108108288.000000 -3.660319567 0.513267040 3.893206596 -0.057863578 -0.008532074 -0.028372705 0.997884810
1754429116174773504.000000 -3.661240101 0.513075054 3.893532753 -0.058071047 -0.007874699 -0.028758049 0.997867107
1754429116241437184.000000 -3.661532402 0.513354540 3.893747807 -0.058101304 -0.009152927 -0.029333707 0.997837663
1754429116274769664.000000 -3.661310196 0.513894916 3.893721342 -0.057829488 -0.009633545 -0.029432600 0.997846007
1754429116341434112.000000 -3.660599470 0.513261378 3.894371748 -0.057747472 -0.009304765 -0.029327972 0.997856975
1754429116408098304.000000 -3.660261869 0.513333559 3.895065546 -0.058424011 -0.009347048 -0.029238986 0.997819781
1754429116441430016.000000 -3.660411119 0.512731552 3.895692348 -0.058723386 -0.009807338 -0.029132761 0.997800946
1754429116508093952.000000 -3.659310102 0.514186203 3.896113873 -0.059179150 -0.010081370 -0.028557364 0.997787952
1754429116574757376.000000 -3.658877850 0.514563084 3.897048473 -0.059829723 -0.009632048 -0.028423896 0.997757375
1754429116608089088.000000 -3.658236265 0.514358222 3.897962809 -0.060179893 -0.009351471 -0.028163183 0.997746348
1754429116674750976.000000 -3.657763958 0.514844418 3.900101185 -0.061268073 -0.009135720 -0.027645940 0.997696638
1754429116708083968.000000 -3.656837702 0.515048206 3.900630951 -0.061972372 -0.009449746 -0.027747799 0.997647345
1754429116774752256.000000 -3.656682014 0.515221238 3.902462244 -0.063181952 -0.009458724 -0.027534496 0.997577310
1754429116841420032.000000 -3.655913353 0.515335560 3.904784441 -0.064366557 -0.008676001 -0.026702071 0.997531354
1754429116908087808.000000 -3.655434608 0.515266359 3.905606031 -0.065217614 -0.007997286 -0.025733778 0.997507155
1754429116941421056.000000 -3.655763626 0.516129196 3.905632734 -0.065134056 -0.007879603 -0.025053622 0.997530878
1754429117008088320.000000 -3.655974388 0.515565932 3.906671762 -0.064590096 -0.007336488 -0.024196392 0.997591555
1754429117074755328.000000 -3.656361103 0.514250338 3.908368587 -0.065522045 -0.006242721 -0.023282697 0.997559905
1754429117108087552.000000 -3.653605223 0.515514493 3.908056974 -0.065906040 -0.006919523 -0.022985728 0.997537136
1754429117174754304.000000 -3.653141499 0.515726268 3.908572674 -0.066440560 -0.007213630 -0.023109460 0.997496665
1754429117241420800.000000 -3.652466297 0.515681446 3.910721779 -0.066979311 -0.007219845 -0.023527130 0.997450829
1754429117308086528.000000 -3.650932789 0.515794992 3.911397457 -0.067226231 -0.007276969 -0.023170175 0.997442186
1754429117341419776.000000 -3.650601387 0.516295373 3.911476851 -0.067482375 -0.006478636 -0.022590730 0.997443676
1754429117408084992.000000 -3.648743153 0.516041398 3.911597252 -0.068120725 -0.005370787 -0.021514868 0.997430623
1754429117474750720.000000 -3.647558689 0.516158700 3.911989212 -0.068073720 -0.006142349 -0.019501923 0.997470856
1754429117541414656.000000 -3.646154881 0.515416265 3.910405874 -0.066494592 -0.006845362 -0.018175147 0.997597814
1754429117574747392.000000 -3.644855261 0.515006185 3.909272671 -0.065395653 -0.006474905 -0.017120628 0.997691572
1754429117641412096.000000 -3.642113686 0.513781786 3.907333851 -0.063999854 -0.005505692 -0.014851790 0.997824252
1754429117708077312.000000 -3.642103910 0.512246788 3.905530930 -0.061695300 -0.006897695 -0.013268883 0.997983038
1754429117741411072.000000 -3.639097214 0.512225211 3.903977394 -0.060632184 -0.006735213 -0.011867465 0.998066902
1754429117808077312.000000 -3.636784315 0.511376381 3.902864218 -0.058993161 -0.005112689 -0.010355674 0.998191595
1754429117874744064.000000 -3.636065245 0.511117995 3.902019501 -0.058082309 -0.002847056 -0.009228629 0.998265147
1754429117908077056.000000 -3.636005878 0.511309385 3.901328564 -0.057766814 -0.002428126 -0.009167109 0.998285115
1754429117974742784.000000 -3.636075974 0.511757433 3.901425838 -0.058106136 -0.003796537 -0.010150481 0.998251617
1754429118041407744.000000 -3.635836363 0.512090087 3.901116848 -0.058207791 -0.005619563 -0.012002204 0.998216569
1754429118074740480.000000 -3.636064529 0.511210918 3.901519537 -0.058566112 -0.006055093 -0.012901559 0.998181820
1754429118141405696.000000 -3.636717558 0.511577964 3.901909351 -0.059813630 -0.007333028 -0.014501205 0.998077333
1754429118208070656.000000 -3.636298895 0.511344135 3.901762962 -0.060228150 -0.007655773 -0.014604376 0.998048484
1754429118274735616.000000 -3.637943983 0.511086643 3.901305914 -0.060418300 -0.007141068 -0.014260921 0.998045743
1754429118341399808.000000 -3.638101816 0.510506809 3.900871277 -0.060237795 -0.008050088 -0.014258582 0.998049796
1754429118408064000.000000 -3.638067484 0.510419726 3.900901794 -0.060554653 -0.008831279 -0.014220725 0.998024583
1754429118441395200.000000 -3.637466908 0.510369599 3.900820494 -0.060308758 -0.009125032 -0.013900775 0.998041272
1754429118508059136.000000 -3.636603832 0.509649932 3.901609182 -0.061081965 -0.008358353 -0.012930443 0.998014033
1754429118574722560.000000 -3.635403633 0.510501623 3.903005123 -0.061914112 -0.007458785 -0.011438158 0.997988105
1754429118608054272.000000 -3.635457754 0.511107922 3.903681278 -0.062572725 -0.007329574 -0.010834695 0.997954726
1754429118674717184.000000 -3.635506868 0.511607230 3.905838490 -0.064272799 -0.007505108 -0.010138988 0.997852683
1754429118741383936.000000 -3.636296034 0.511067748 3.907257318 -0.066178359 -0.007956312 -0.010034557 0.997725666
1754429118774717696.000000 -3.636757374 0.511274278 3.907849789 -0.066714965 -0.008271437 -0.010000171 0.997687697
1754429118841384704.000000 -3.636240721 0.511583507 3.908769608 -0.067387849 -0.008715054 -0.009755672 0.997641146
1754429118908050432.000000 -3.637003422 0.512010992 3.909940243 -0.068221286 -0.009294138 -0.010127090 0.997575521
1754429118941383936.000000 -3.637231588 0.512217402 3.910663605 -0.068753213 -0.009795013 -0.010220404 0.997533262
1754429119008050176.000000 -3.637068987 0.513266921 3.912206888 -0.069705866 -0.010650946 -0.010298549 0.997457623
1754429119074716416.000000 -3.637177467 0.514170110 3.913457155 -0.070372418 -0.010192602 -0.010214791 0.997416496
1754429119108049408.000000 -3.637458563 0.514455140 3.913877726 -0.070508651 -0.009887734 -0.010015325 0.997411907
1754429119174715136.000000 -3.637004852 0.512579620 3.914412737 -0.071280912 -0.009949050 -0.009872909 0.997357845
1754429119241380608.000000 -3.637806416 0.512742937 3.915254354 -0.071917057 -0.009937639 -0.010321863 0.997307718
1754429119274713088.000000 -3.636602402 0.512282372 3.916823149 -0.072335348 -0.010377601 -0.010267785 0.997273505
1754429119341377536.000000 -3.636783838 0.512914896 3.917937040 -0.072909296 -0.010420041 -0.010174676 0.997232199
1754429119374709504.000000 -3.639476776 0.514518857 3.916369438 -0.072903045 -0.009847318 -0.010502742 0.997235179
1754429119441374464.000000 -3.638233662 0.514541984 3.917996645 -0.072825268 -0.009465873 -0.010280657 0.997246861
1754429119508038656.000000 -3.638390303 0.514447808 3.918306351 -0.071944520 -0.008759883 -0.009779994 0.997322321
1754429119541370880.000000 -3.638471603 0.514136553 3.918132782 -0.071426772 -0.008115503 -0.009714443 0.997365534
1754429119608034816.000000 -3.638230562 0.514979362 3.918261290 -0.070709772 -0.006884720 -0.009222219 0.997430623
1754429119674698752.000000 -3.639145374 0.515416622 3.918769598 -0.070429794 -0.006311209 -0.008861993 0.997457445
1754429119708031488.000000 -3.639467239 0.515203953 3.919273376 -0.070802189 -0.006147851 -0.008794788 0.997432649
1754429119774697216.000000 -3.640752554 0.515565753 3.920465946 -0.072058164 -0.006137520 -0.009977227 0.997331679
1754429119841363712.000000 -3.642307043 0.515194774 3.920951843 -0.073050767 -0.006169578 -0.011136770 0.997246981
1754429119874696960.000000 -3.643058300 0.514959931 3.920845509 -0.073316842 -0.005979908 -0.011547404 0.997223914
1754429119941363200.000000 -3.643641472 0.514789760 3.920041561 -0.072495759 -0.005181934 -0.012049858 0.997282445
1754429119974696192.000000 -3.644904137 0.515288532 3.920319557 -0.071452767 -0.004988795 -0.012107895 0.997358024
1754429120041361664.000000 -3.644354820 0.515491724 3.919143200 -0.069266841 -0.004839579 -0.011903116 0.997515440
1754429120108026880.000000 -3.644993782 0.515463531 3.918251038 -0.068000808 -0.004552887 -0.011848997 0.997604549
1754429120141359616.000000 -3.644825459 0.515825450 3.918125868 -0.067923017 -0.004545834 -0.011837563 0.997609973
1754429120208023808.000000 -3.644087076 0.515877843 3.919278383 -0.069173150 -0.004231663 -0.011965502 0.997524023
1754429120274688256.000000 -3.644566774 0.515649080 3.919127226 -0.070670053 -0.003495816 -0.011974063 0.997421741
1754429120308020480.000000 -3.643692732 0.516097009 3.919216394 -0.071363695 -0.003586852 -0.011966714 0.997372150
1754429120374684928.000000 -3.643034220 0.516202211 3.919235706 -0.071541935 -0.003740363 -0.011537122 0.997363865
1754429120408016896.000000 -3.643068552 0.516255200 3.919549942 -0.071068481 -0.003922064 -0.011410119 0.997398496
1754429120474680576.000000 -3.641701460 0.516416430 3.916095257 -0.069727987 -0.004050903 -0.010751149 0.997499883
1754429120541344256.000000 -3.641303778 0.516185701 3.916880369 -0.068970039 -0.004732420 -0.010757367 0.997549534
1754429120574675968.000000 -3.640879869 0.516161680 3.916686773 -0.069008224 -0.005416517 -0.010850976 0.997542381
1754429120608007680.000000 -3.641125917 0.515766263 3.916367292 -0.069027528 -0.005736778 -0.011156902 0.997535944
1754429120674669824.000000 -3.641722202 0.515813887 3.916417599 -0.070063047 -0.005841235 -0.011732453 0.997456551
1754429120741336064.000000 -3.641597986 0.516063571 3.917554855 -0.071154252 -0.006001348 -0.012064377 0.997374356
1754429120774669824.000000 -3.641759157 0.515604377 3.917498589 -0.071513668 -0.005693406 -0.012070859 0.997350395
1754429120841337088.000000 -3.642068386 0.515274823 3.916864395 -0.072178237 -0.005165420 -0.012688475 0.997297704
1754429120908003840.000000 -3.641887426 0.514955580 3.915743589 -0.071996957 -0.006139779 -0.013516430 0.997294426
1754429120941337088.000000 -3.642236948 0.515668452 3.914735556 -0.071509853 -0.006760122 -0.013639878 0.997323751
1754429121008003584.000000 -3.642408371 0.514981508 3.912965775 -0.069801517 -0.007396542 -0.013828963 0.997437656
1754429121074669568.000000 -3.640432835 0.514833868 3.910459757 -0.068350695 -0.007511543 -0.012895452 0.997549713
1754429121108001792.000000 -3.639880180 0.514457881 3.909814119 -0.067930125 -0.007308638 -0.012214161 0.997588575
1754429121174667520.000000 -3.638761759 0.513842106 3.907652855 -0.067146897 -0.006183130 -0.010722722 0.997666359
1754429121241332736.000000 -3.638468504 0.514211357 3.906655788 -0.066519506 -0.005190494 -0.010295818 0.997718513
1754429121274665472.000000 -3.638239622 0.514178991 3.906479359 -0.066279076 -0.005278406 -0.010230489 0.997734725
1754429121341330432.000000 -3.639311790 0.513901770 3.905799389 -0.065793768 -0.005863697 -0.010440179 0.997761428
1754429121407995392.000000 -3.640836477 0.513585210 3.906085491 -0.065272219 -0.006303444 -0.011565207 0.997780561
1754429121441327616.000000 -3.640789986 0.513881147 3.906085968 -0.065107234 -0.006624730 -0.011954886 0.997784734
1754429121507992320.000000 -3.642182589 0.513879120 3.906803608 -0.064900771 -0.007094968 -0.012281783 0.997790933
1754429121574655232.000000 -3.642472982 0.513759017 3.908257723 -0.065852322 -0.006636780 -0.012684838 0.997726738
1754429121607987456.000000 -3.643321753 0.513974965 3.909614086 -0.066879272 -0.006364672 -0.013160960 0.997653961
1754429121674651136.000000 -3.644226789 0.514558852 3.911517382 -0.069451042 -0.006753178 -0.014354287 0.997459233
1754429121707984640.000000 -3.644135475 0.514739454 3.912341356 -0.070456594 -0.007079994 -0.014904594 0.997378409
1754429121774652928.000000 -3.646091223 0.515446723 3.913516760 -0.071342766 -0.007811876 -0.016181966 0.997290075
1754429121807986944.000000 -3.646064281 0.515154958 3.913356543 -0.071251735 -0.008317550 -0.016714979 0.997283638
1754429121874655232.000000 -3.647370815 0.515489638 3.913716793 -0.070984453 -0.008983476 -0.017370708 0.997285724
1754429121941323008.000000 -3.647691488 0.515290082 3.913458586 -0.070744246 -0.009231252 -0.017683761 0.997295022
1754429122007989760.000000 -3.647309780 0.515294433 3.913305044 -0.070610501 -0.009180456 -0.017929239 0.997300625
1754429122041323520.000000 -3.647600412 0.515309334 3.913338661 -0.070425540 -0.009316954 -0.018076571 0.997309744
1754429122107990784.000000 -3.648259640 0.515194356 3.912831306 -0.070126317 -0.009857217 -0.018578874 0.997316420
1754429122141324288.000000 -3.648626328 0.515614927 3.912232161 -0.069819108 -0.009984912 -0.018802613 0.997332513
1754429122207991040.000000 -3.649008989 0.515069366 3.911811352 -0.069193318 -0.010018087 -0.019282250 0.997366667
1754429122241324544.000000 -3.648989439 0.514884114 3.911660433 -0.068984278 -0.010124116 -0.019564494 0.997374535
1754429122307991040.000000 -3.649969339 0.515352249 3.910364628 -0.068158150 -0.010371569 -0.019603005 0.997428000
1754429122374657280.000000 -3.650982618 0.515488029 3.909101486 -0.067669049 -0.010310267 -0.019830041 0.997457504
1754429122407990528.000000 -3.651637316 0.515576243 3.909142733 -0.067625411 -0.010370774 -0.019990349 0.997456670
1754429122474655488.000000 -3.652723551 0.515099287 3.908741236 -0.067560881 -0.010821634 -0.020222986 0.997451484
1754429122507988224.000000 -3.652987957 0.514768004 3.908556223 -0.067600131 -0.010941605 -0.020332796 0.997445285
1754429122574653952.000000 -3.653059483 0.514480710 3.907753468 -0.067728981 -0.010763965 -0.020469427 0.997435749
1754429122641318912.000000 -3.653931856 0.514445961 3.907098055 -0.067541406 -0.011012510 -0.020627443 0.997442484
1754429122674651648.000000 -3.654219389 0.514369071 3.906652212 -0.067414038 -0.011234714 -0.020614864 0.997448862
1754429122741318912.000000 -3.655126095 0.514951587 3.905677080 -0.067079894 -0.011159676 -0.020388538 0.997476935
1754429122807985664.000000 -3.656241417 0.515064359 3.904758930 -0.067001082 -0.010643052 -0.020368993 0.997488201
1754429122841319424.000000 -3.656389713 0.515100121 3.904498100 -0.067042485 -0.010615475 -0.020394634 0.997485161
1754429122907985152.000000 -3.657015324 0.515224338 3.904429913 -0.066997819 -0.010672836 -0.020314608 0.997489274
1754429122941318400.000000 -3.657288790 0.515203297 3.904519558 -0.067027278 -0.010681476 -0.020308260 0.997487307
1754429123007984640.000000 -3.657852888 0.515319705 3.905346870 -0.067280762 -0.010626199 -0.020308701 0.997470796
1754429123074650624.000000 -3.658600092 0.515747905 3.906567097 -0.067952506 -0.010487964 -0.020354096 0.997425854
1754429123141316352.000000 -3.659177303 0.516056836 3.906941652 -0.068575501 -0.010520272 -0.020491647 0.997380018
1754429123174649344.000000 -3.659360886 0.516266286 3.907556295 -0.068640590 -0.011020198 -0.020695692 0.997365892
1754429123241314304.000000 -3.659665585 0.516505599 3.908019781 -0.068395376 -0.011736644 -0.020518716 0.997378230
1754429123274647040.000000 -3.660094261 0.516742051 3.908327818 -0.068261035 -0.011750909 -0.020703092 0.997383475
1754429123341310976.000000 -3.660789728 0.516275704 3.909395933 -0.068080336 -0.011918860 -0.020922208 0.997389317
1754429123407975936.000000 -3.661834478 0.516346097 3.910149336 -0.068128087 -0.011964571 -0.021124821 0.997381210
1754429123441307904.000000 -3.662658691 0.515876293 3.910773277 -0.068239376 -0.012066139 -0.021469265 0.997364998
1754429123507972352.000000 -3.664351225 0.515865207 3.911928415 -0.068464257 -0.012154637 -0.022156321 0.997333527
1754429123541304064.000000 -3.664630175 0.516213655 3.912093639 -0.068596251 -0.012054147 -0.022329587 0.997321725
1754429123607968000.000000 -3.664954185 0.515976965 3.912739754 -0.068779044 -0.011482951 -0.022630988 0.997309148
1754429123641299968.000000 -3.665770292 0.516323566 3.912967682 -0.068855330 -0.010999769 -0.022874564 0.997303784
1754429123707964928.000000 -3.666151762 0.516443670 3.913765907 -0.068869963 -0.010755966 -0.023232494 0.997297108
1754429123741298944.000000 -3.666613102 0.516611159 3.914016008 -0.068756908 -0.010563730 -0.023376979 0.997303605
1754429123807965440.000000 -3.666724443 0.516914785 3.914338350 -0.068474419 -0.010338305 -0.023614416 0.997319818
1754429123874633216.000000 -3.666500568 0.517210245 3.914538860 -0.068358183 -0.009939090 -0.023594346 0.997332335
1754429123907966976.000000 -3.666802168 0.517097652 3.914832592 -0.068541974 -0.009806941 -0.023691365 0.997318685
1754429123974633984.000000 -3.666913509 0.517467439 3.915301085 -0.068947598 -0.009260226 -0.023516953 0.997300148
1754429124007967488.000000 -3.666492939 0.517172039 3.915627718 -0.069398127 -0.009017684 -0.023367429 0.997274578
1754429124074634240.000000 -3.666586876 0.516944766 3.915560246 -0.069841035 -0.008289396 -0.022974711 0.997259080
1754429124141300736.000000 -3.666113853 0.517083406 3.915585041 -0.069833845 -0.007867320 -0.022741482 0.997268379
1754429124207966208.000000 -3.665223360 0.517186701 3.915634394 -0.069291867 -0.007522687 -0.022148922 0.997322261
1754429124241299200.000000 -3.665544271 0.517039120 3.915949345 -0.069234796 -0.007128248 -0.022103436 0.997330010
1754429124307964928.000000 -3.666012049 0.517442226 3.916202784 -0.069216028 -0.006613183 -0.021991825 0.997337401
1754429124374630656.000000 -3.666166544 0.517368853 3.916260719 -0.069270059 -0.006420666 -0.022017591 0.997334301
1754429124407963136.000000 -3.665874004 0.517384887 3.916042089 -0.069338426 -0.006382852 -0.022018354 0.997329712
1754429124474628352.000000 -3.665586948 0.517196894 3.915770292 -0.069518767 -0.005885553 -0.021821268 0.997324586
1754429124507961088.000000 -3.664812803 0.516874254 3.915022850 -0.069596484 -0.005711824 -0.021629194 0.997324407
1754429124574625792.000000 -3.664441347 0.516055226 3.914753437 -0.069661364 -0.005365117 -0.021234747 0.997330308
1754429124641290240.000000 -3.663338184 0.516160488 3.914725304 -0.069651090 -0.005248004 -0.020817375 0.997340381
1754429124707954688.000000 -3.662775278 0.516049147 3.914341688 -0.069597386 -0.005390057 -0.020587841 0.997348189
1754429124741287936.000000 -3.662547112 0.516402602 3.914376497 -0.069463626 -0.005540603 -0.020402355 0.997360468
1754429124807954432.000000 -3.662290573 0.516334414 3.914635658 -0.069404773 -0.005726467 -0.020150727 0.997368634
1754429124841287680.000000 -3.661482096 0.516357183 3.914716005 -0.069440804 -0.005888868 -0.020080818 0.997366607
1754429124907953664.000000 -3.660842896 0.516466498 3.915147543 -0.069636829 -0.006124218 -0.019856434 0.997356057
1754429124974619648.000000 -3.659857512 0.516370356 3.915195942 -0.069972359 -0.006397072 -0.019569460 0.997336507
1754429125007952640.000000 -3.659801722 0.516541064 3.914945602 -0.069883727 -0.006324608 -0.019358721 0.997347236
1754429125074618112.000000 -3.658535957 0.516385078 3.914606333 -0.069496267 -0.006290469 -0.018817645 0.997384906
1754429125107949824.000000 -3.658555746 0.516088545 3.914171696 -0.069033958 -0.006150155 -0.018259801 0.997428298
1754429125174614784.000000 -3.658635855 0.516180277 3.913241386 -0.068194158 -0.005676598 -0.017420664 0.997503817
1754429125207947264.000000 -3.657686710 0.515845656 3.913150072 -0.068098456 -0.005465119 -0.017028708 0.997518361
1754429125274611712.000000 -3.656015158 0.515576661 3.912772655 -0.068110101 -0.005284307 -0.016238747 0.997531712
1754429125341276416.000000 -3.655235291 0.516025364 3.911858320 -0.068291366 -0.004791835 -0.015754027 0.997529566
1754429125407940352.000000 -3.654303312 0.516207814 3.911744356 -0.068311200 -0.004499464 -0.015219850 0.997537851
1754429125441272576.000000 -3.654746294 0.516334772 3.911833048 -0.068206981 -0.004437943 -0.015162931 0.997546136
1754429125507936000.000000 -3.655718327 0.516087532 3.910643339 -0.067822479 -0.004312335 -0.015205816 0.997572243
1754429125574598656.000000 -3.655447721 0.515855074 3.910068035 -0.067309007 -0.004519544 -0.015286943 0.997604847
1754429125641261824.000000 -3.654919386 0.516057312 3.909297466 -0.066750556 -0.005078652 -0.015637551 0.997634232
1754429125674593280.000000 -3.654366255 0.515686393 3.909026623 -0.066674978 -0.005656182 -0.015952373 0.997631252
1754429125741261312.000000 -3.653497219 0.515549183 3.908265591 -0.066333562 -0.006655333 -0.016193047 0.997643948
1754429125774595840.000000 -3.652833223 0.515493691 3.908773899 -0.066072859 -0.007180792 -0.016400894 0.997654200
1754429125841264640.000000 -3.651896477 0.515605748 3.908049107 -0.065324068 -0.007966965 -0.015977435 0.997704387
1754429125874598912.000000 -3.651897669 0.515480042 3.908155680 -0.065116167 -0.008119648 -0.015796822 0.997719646
1754429125941267200.000000 -3.652276993 0.515114844 3.908028126 -0.064753972 -0.008040174 -0.015212805 0.997752905
1754429126007934720.000000 -3.651554823 0.515056312 3.908156157 -0.064605728 -0.008075759 -0.014484792 0.997773111
1754429126041268736.000000 -3.650551558 0.514705777 3.908192396 -0.064674601 -0.008128456 -0.014161058 0.997772813
1754429126107936768.000000 -3.649466515 0.514752567 3.908335447 -0.065152496 -0.008070018 -0.013956449 0.997745097
1754429126174604288.000000 -3.649644136 0.514969170 3.908613682 -0.065175056 -0.008692592 -0.014008234 0.997737706
1754429126207938304.000000 -3.649588585 0.515434504 3.908248186 -0.064966880 -0.009167937 -0.013977268 0.997747481
1754429126274605824.000000 -3.649777412 0.515558541 3.906918287 -0.064061671 -0.010085151 -0.014420920 0.997790813
1754429126341272832.000000 -3.649697781 0.515360057 3.905566692 -0.062799431 -0.011051313 -0.014790580 0.997855425
1754429126374606336.000000 -3.649839878 0.514736414 3.904668808 -0.062365938 -0.011653023 -0.014817817 0.997875333
1754429126441272320.000000 -3.649852514 0.514553666 3.903465509 -0.061279222 -0.012173242 -0.015070944 0.997932613
1754429126474605568.000000 -3.650208712 0.514382482 3.902863503 -0.060896885 -0.012200461 -0.014990947 0.997956932
1754429126541271808.000000 -3.650280237 0.513998628 3.901369095 -0.060292136 -0.012329386 -0.015048275 0.997991204
1754429126607938304.000000 -3.649938107 0.514053762 3.900194168 -0.059849620 -0.012370055 -0.015093132 0.998016715
1754429126641271296.000000 -3.649471283 0.514095485 3.899938822 -0.059651110 -0.012355084 -0.015110195 0.998028457
1754429126707938048.000000 -3.649095774 0.514240086 3.899094820 -0.059399646 -0.012259237 -0.014935710 0.998047292
1754429126774606336.000000 -3.648788452 0.513738155 3.898733616 -0.059164386 -0.012393355 -0.015131444 0.998056650
1754429126807940352.000000 -3.648614168 0.513989627 3.898821831 -0.059011381 -0.012444935 -0.015313870 0.998062313
1754429126874607104.000000 -3.647995949 0.513389707 3.898296833 -0.058698367 -0.012468878 -0.015145896 0.998082995
1754429126907940864.000000 -3.647866726 0.513393521 3.898082256 -0.058766011 -0.012304304 -0.015220453 0.998079896
1754429126974608384.000000 -3.648094654 0.513200104 3.897739887 -0.059020504 -0.012410307 -0.015801487 0.998054564
1754429127041275648.000000 -3.648949146 0.513743460 3.897516489 -0.059356589 -0.013411924 -0.016772948 0.998005807
1754429127074609152.000000 -3.649818420 0.514342427 3.897722244 -0.059481028 -0.013941078 -0.017412886 0.997980177
1754429127141276160.000000 -3.650609732 0.514356315 3.897663832 -0.059215467 -0.014882732 -0.018302429 0.997966528
1754429127174609408.000000 -3.650912046 0.514304936 3.897223473 -0.058915149 -0.015123830 -0.018290360 0.997980893
1754429127241275904.000000 -3.650160074 0.513676167 3.896542549 -0.058032237 -0.015294516 -0.017973719 0.998035729
1754429127307942144.000000 -3.649841070 0.514144242 3.894665718 -0.056787103 -0.014530608 -0.017036239 0.998135209
1754429127341274368.000000 -3.649689436 0.514076531 3.894042015 -0.056393430 -0.014034430 -0.016457900 0.998174369
1754429127407939840.000000 -3.648864031 0.514480531 3.892842531 -0.055695273 -0.013589769 -0.015837301 0.998229742
1754429127474605568.000000 -3.648313284 0.514282882 3.892699003 -0.055532046 -0.013568687 -0.015505098 0.998244345
1754429127507938048.000000 -3.648550510 0.514205098 3.893121719 -0.055465452 -0.013590124 -0.015508871 0.998247623
1754429127574603520.000000 -3.648671627 0.514311969 3.892950535 -0.055170529 -0.013615567 -0.015503285 0.998263776
1754429127641268224.000000 -3.648438931 0.514596701 3.892773390 -0.054941393 -0.014156658 -0.015706142 0.998265743
1754429127707933952.000000 -3.648613691 0.514894545 3.893207073 -0.055400044 -0.013920662 -0.015815681 0.998241961
1754429127741267456.000000 -3.648848295 0.514868796 3.893194675 -0.055658244 -0.013752650 -0.016017675 0.998226702
1754429127807933184.000000 -3.649611950 0.514698803 3.893382072 -0.055713534 -0.014233273 -0.016455779 0.998209715
1754429127841266432.000000 -3.649874687 0.514334738 3.893533945 -0.055640269 -0.014505034 -0.016525257 0.998208761
1754429127907932672.000000 -3.651842833 0.513914824 3.893934250 -0.055409264 -0.014830442 -0.017302444 0.998203635
1754429127974598912.000000 -3.651843548 0.514296055 3.894792080 -0.055512492 -0.015276270 -0.017974172 0.998179317
1754429128007931904.000000 -3.652513266 0.514487088 3.895074606 -0.055601958 -0.015331787 -0.018017979 0.998172700
1754429128074597376.000000 -3.652502775 0.514238477 3.895394325 -0.055630986 -0.015295206 -0.018156176 0.998169124
1754429128141263104.000000 -3.652408361 0.514925897 3.894977331 -0.055256583 -0.015093002 -0.017866522 0.998198271
1754429128207927040.000000 -3.651239634 0.514572084 3.894077778 -0.053946681 -0.015406015 -0.017515173 0.998271406
1754429128241259520.000000 -3.650829792 0.514511824 3.893354893 -0.053248245 -0.015553226 -0.017177980 0.998312473
1754429128307924224.000000 -3.650397301 0.514605403 3.892724752 -0.052797344 -0.015241116 -0.016940679 0.998345256
1754429128374588672.000000 -3.650264263 0.514809728 3.892982006 -0.053054251 -0.015149982 -0.016894983 0.998333812
1754429128407920896.000000 -3.650065899 0.514967561 3.892818213 -0.053213406 -0.015152232 -0.016648335 0.998329461
1754429128474585088.000000 -3.650298834 0.514321923 3.893733501 -0.053823937 -0.014613816 -0.016390974 0.998308957
1754429128541248512.000000 -3.650658846 0.514075339 3.893946171 -0.054086246 -0.014458697 -0.016162150 0.998300791
1754429128574580480.000000 -3.650106668 0.513802290 3.893653393 -0.054173093 -0.014688148 -0.015966652 0.998295844
1754429128641243648.000000 -3.649911404 0.513659596 3.893919230 -0.054387357 -0.015114385 -0.016240813 0.998273432
1754429128707907328.000000 -3.649613380 0.514099658 3.893872738 -0.054780908 -0.015292129 -0.016485255 0.998245239
1754429128741241600.000000 -3.650153399 0.514169872 3.895037889 -0.055238549 -0.015328893 -0.016587578 0.998217762
1754429128807909888.000000 -3.649555206 0.514463067 3.896353245 -0.056094341 -0.015547739 -0.016812949 0.998162806
1754429128874577408.000000 -3.649998665 0.513942003 3.896049976 -0.056526285 -0.015397609 -0.017067689 0.998136520
1754429128907911424.000000 -3.650378704 0.513682663 3.895411253 -0.056261115 -0.015396681 -0.017059352 0.998151660
1754429128974579200.000000 -3.650556803 0.513588309 3.895241261 -0.055421360 -0.015358620 -0.016979752 0.998200536
1754429129041246464.000000 -3.650029659 0.514189482 3.893819571 -0.054524075 -0.014989766 -0.016370723 0.998265743
1754429129107912192.000000 -3.649682045 0.513513923 3.893836260 -0.053864241 -0.014658141 -0.016094668 0.998310983
1754429129141245696.000000 -3.649200439 0.513805449 3.893507004 -0.053730432 -0.014654282 -0.015967760 0.998320341
1754429129207912448.000000 -3.648925066 0.513967931 3.892549992 -0.053254858 -0.014637290 -0.015463762 0.998353958
1754429129274578688.000000 -3.647625923 0.514410436 3.891532660 -0.052589536 -0.014018663 -0.014849453 0.998407423
1754429129307911680.000000 -3.647079706 0.514366508 3.891119003 -0.052008919 -0.013550472 -0.014310475 0.998452127
1754429129374577408.000000 -3.646271706 0.514215648 3.889062881 -0.050585702 -0.013103092 -0.013267902 0.998545706
1754429129407910656.000000 -3.646232128 0.513846874 3.888415813 -0.049613573 -0.012953046 -0.012881950 0.998601437
1754429129474576128.000000 -3.645124197 0.513125539 3.886262655 -0.048456836 -0.013263215 -0.011991276 0.998665273
1754429129541240576.000000 -3.644236803 0.513235450 3.885531187 -0.049165308 -0.011782134 -0.010869270 0.998662055
1754429129574573056.000000 -3.644207239 0.513325810 3.885814190 -0.049537547 -0.011125808 -0.011124421 0.998648345
1754429129641238016.000000 -3.644605875 0.512653768 3.885910273 -0.050012100 -0.011415310 -0.011908673 0.998612463
1754429129707928832.000000 -3.645434380 0.511884630 3.885438204 -0.049458969 -0.011911527 -0.012495510 0.998627007
1754429129741305600.000000 -3.645576000 0.511290729 3.885277987 -0.048844699 -0.011399178 -0.012478105 0.998663425
1754429129808060672.000000 -3.645411253 0.511488795 3.884749413 -0.048202194 -0.010457105 -0.013140217 0.998696446
1754429129874817536.000000 -3.646119356 0.510587633 3.885945559 -0.048116535 -0.009547479 -0.013272704 0.998707950
1754429129908196608.000000 -3.645538092 0.510750949 3.886770248 -0.048359387 -0.008698826 -0.013529161 0.998700559
1754429129974956544.000000 -3.644778490 0.510971904 3.889371634 -0.049684893 -0.005739725 -0.013667985 0.998654962
1754429130041717504.000000 -3.643762827 0.511642873 3.890381575 -0.049899038 -0.001551413 -0.013224621 0.998665512
1754429130075099136.000000 -3.643556833 0.510955989 3.890697718 -0.049959943 0.001054233 -0.012972718 0.998666465
1754429130141863936.000000 -3.643347740 0.510780454 3.890021563 -0.049557008 0.004238262 -0.013597996 0.998669803
1754429130208630784.000000 -3.643919468 0.511170387 3.888393402 -0.047736093 0.003085525 -0.015535421 0.998734474
1754429130242015232.000000 -3.644524574 0.511736453 3.888543367 -0.047000948 0.002620253 -0.016717004 0.998751521
1754429130308784896.000000 -3.646174431 0.512070358 3.889722824 -0.047586616 0.001965865 -0.019497247 0.998674929
1754429130375556608.000000 -3.647960901 0.513872027 3.890439987 -0.050383393 0.000734096 -0.021833992 0.998490989
1754429130408943360.000000 -3.648901224 0.514229655 3.891200066 -0.051578842 0.000322810 -0.022227842 0.998421550
1754429130475717120.000000 -3.649683237 0.514790297 3.892489433 -0.052525707 -0.001319913 -0.023240276 0.998348296
1754429130542493696.000000 -3.650895596 0.515034318 3.892337084 -0.049916726 -0.001989713 -0.023994898 0.998463154
1754429130575883008.000000 -3.650526285 0.515111923 3.891793728 -0.048111320 -0.001930251 -0.023838043 0.998555601
1754429130642662400.000000 -3.650214672 0.515463829 3.891345739 -0.044768866 -0.002937480 -0.024427164 0.998694420
1754429130709413888.000000 -3.648910046 0.514692903 3.890815496 -0.041528113 -0.005262434 -0.022298696 0.998874605
1754429130742755072.000000 -3.647338390 0.514536977 3.890943050 -0.040891632 -0.006186070 -0.020723911 0.998929560
1754429130809437184.000000 -3.644854069 0.515277207 3.892403841 -0.041784808 -0.005986254 -0.017673142 0.998952389
1754429130876118528.000000 -3.642403841 0.515898168 3.894350290 -0.043554410 -0.001922764 -0.014465961 0.998944461
1754429130909459712.000000 -3.640799522 0.515722573 3.896137953 -0.045425113 0.000480250 -0.012735260 0.998886526
1754429130976141568.000000 -3.639112234 0.516481340 3.898864031 -0.049539257 0.003267966 -0.009056890 0.998725832
1754429131042823680.000000 -3.637827635 0.517695248 3.901055098 -0.052654222 0.003724741 -0.007668941 0.998576462
1754429131076164608.000000 -3.637487411 0.518053472 3.902145624 -0.054787643 0.003703162 -0.007240031 0.998464942
1754429131142846720.000000 -3.637553692 0.519937754 3.903674126 -0.057714049 0.003172394 -0.007294187 0.998301506
1754429131209529088.000000 -3.639373779 0.519925296 3.905071497 -0.059369445 0.001887740 -0.009238304 0.998191535
1754429131242870016.000000 -3.640008926 0.520522475 3.905616045 -0.060107943 0.000748269 -0.010484206 0.998136580
1754429131309552128.000000 -3.641912937 0.520198464 3.906065702 -0.060812071 -0.001260976 -0.012472244 0.998070538
1754429131376233216.000000 -3.642881155 0.520418227 3.906295776 -0.061754469 -0.002709795 -0.013773530 0.997992635
1754429131442915328.000000 -3.642789602 0.520391583 3.906444788 -0.062056459 -0.002915848 -0.013726254 0.997973979
1754429131476256256.000000 -3.641700029 0.520591259 3.906453848 -0.062502965 -0.003203932 -0.013275168 0.997951388
1754429131542938368.000000 -3.640784025 0.520651996 3.906124592 -0.063278601 -0.003348115 -0.012905816 0.997906864
1754429131609620480.000000 -3.640552282 0.520213544 3.905850410 -0.063614808 -0.003840015 -0.012866155 0.997884214
1754429131676302592.000000 -3.641408205 0.520386159 3.904623032 -0.064664334 -0.003991664 -0.011978890 0.997827232
1754429131709644032.000000 -3.640582323 0.520508349 3.904369831 -0.065986216 -0.003850138 -0.012002080 0.997740984
1754429131776325888.000000 -3.640869617 0.521711230 3.905549049 -0.068987988 -0.002992209 -0.012451936 0.997535348
1754429131843008768.000000 -3.641886234 0.521953702 3.906899214 -0.072745167 -0.003194851 -0.012792585 0.997263432
1754429131876350464.000000 -3.641702890 0.522422373 3.907206297 -0.074478731 -0.003397221 -0.012967388 0.997132540
1754429131943033344.000000 -3.642264605 0.522951007 3.907927990 -0.076833434 -0.003362170 -0.012890493 0.996954978
1754429132009716224.000000 -3.642017841 0.523989201 3.907598257 -0.078260787 -0.003654714 -0.012356280 0.996849656
1754429132043057920.000000 -3.641696692 0.523646116 3.907531977 -0.078699924 -0.003419018 -0.011757053 0.996823251
1754429132109740800.000000 -3.640526056 0.524498641 3.906723022 -0.078429684 -0.002673135 -0.010730521 0.996858299
1754429132176423424.000000 -3.639248371 0.524169147 3.905872583 -0.078708790 -0.002378529 -0.009704611 0.996847630
1754429132209764352.000000 -3.639570713 0.524035215 3.905515671 -0.078878120 -0.002067329 -0.009474032 0.996837080
1754429132276446976.000000 -3.639795303 0.523781061 3.905028105 -0.079170838 -0.001617031 -0.009746877 0.996812105
1754429132343129856.000000 -3.640250206 0.523955405 3.903704166 -0.078986861 -0.002624233 -0.010454891 0.996817410
1754429132376471552.000000 -3.640513420 0.523766518 3.902942181 -0.078405000 -0.003152777 -0.010674698 0.996859491
1754429132443154432.000000 -3.640734673 0.523499370 3.901347637 -0.077137247 -0.003587210 -0.011269016 0.996950388
1754429132509837312.000000 -3.641783237 0.523098052 3.899717093 -0.075151905 -0.003898038 -0.010942511 0.997104466
1754429132543178752.000000 -3.641780138 0.522957981 3.899346590 -0.074411832 -0.004121666 -0.010898493 0.997159541
1754429132609861888.000000 -3.642391443 0.522199214 3.898697853 -0.073636696 -0.004265380 -0.011294041 0.997212112
1754429132676543744.000000 -3.642559290 0.522006273 3.898573637 -0.073585473 -0.004732729 -0.011625992 0.997209966
1754429132743226880.000000 -3.642575979 0.522070229 3.899335861 -0.074202873 -0.004754259 -0.011993629 0.997159719
1754429132776568832.000000 -3.642716885 0.522145867 3.900046825 -0.074850887 -0.004584865 -0.012173790 0.997109890
1754429132843252736.000000 -3.643222809 0.522774279 3.900813580 -0.076482169 -0.004526612 -0.012706506 0.996979773
1754429132909936128.000000 -3.644397974 0.522376418 3.901786089 -0.077198483 -0.003866698 -0.012896204 0.996924818
1754429132976620032.000000 -3.644922018 0.522055984 3.902020454 -0.077433906 -0.003946872 -0.012841453 0.996906996
1754429133043303424.000000 -3.645421028 0.521791697 3.902350426 -0.077503584 -0.002503718 -0.013004204 0.996904194
1754429133076645376.000000 -3.645197392 0.521827519 3.902126789 -0.077031679 -0.001795545 -0.012704770 0.996946156
1754429133143328256.000000 -3.645505667 0.521828532 3.902013302 -0.076721214 -0.001760026 -0.012110593 0.996977508
1754429133210011648.000000 -3.646609783 0.522026300 3.903331280 -0.077367552 -0.002266167 -0.012844497 0.996917367
1754429133276695552.000000 -3.647948265 0.521245480 3.904791832 -0.077096701 -0.003596692 -0.013776174 0.996922016
1754429133343379200.000000 -3.648952723 0.521033227 3.906357765 -0.077464305 -0.004704287 -0.014245508 0.996882260
1754429133376721152.000000 -3.650467396 0.520998955 3.906559229 -0.077644251 -0.005149882 -0.014448900 0.996863186
1754429133443404800.000000 -3.650372982 0.520926833 3.907732248 -0.077781528 -0.006423600 -0.014995351 0.996836960
1754429133510088704.000000 -3.651693344 0.520412564 3.908544064 -0.077706262 -0.007457833 -0.015256667 0.996831715
1754429133543429376.000000 -3.651184082 0.520529747 3.909015894 -0.077499285 -0.007830513 -0.015388211 0.996842921
1754429133610113280.000000 -3.651336193 0.519619584 3.909154415 -0.077142723 -0.007681853 -0.015247505 0.996873856
1754429133676797184.000000 -3.651759386 0.519356549 3.909721613 -0.077282473 -0.008225480 -0.015343427 0.996857226
1754429133743479296.000000 -3.650541067 0.519661605 3.909580231 -0.077112317 -0.009039698 -0.015199893 0.996865571
1754429133776820224.000000 -3.651404619 0.519489586 3.909846544 -0.076399758 -0.009013323 -0.015184468 0.996920884
1754429133843502080.000000 -3.650610685 0.520271063 3.909785509 -0.076653063 -0.008402585 -0.014887278 0.996911287
1754429133910183680.000000 -3.650009871 0.520517468 3.909796953 -0.076690204 -0.007910054 -0.014960730 0.996911407
1754429133943524352.000000 -3.649563074 0.520795286 3.909674406 -0.076628692 -0.007990678 -0.014793407 0.996917963
1754429134010204928.000000 -3.650438309 0.522237599 3.910877228 -0.078487776 -0.007705566 -0.015432606 0.996765852
1754429134076886528.000000 -3.650903702 0.523918986 3.913436174 -0.083346561 -0.007217511 -0.016880279 0.996351540
1754429134143568384.000000 -3.651124716 0.524846077 3.915408373 -0.086716324 -0.007331360 -0.016541451 0.996068776
1754429134210249984.000000 -3.651437998 0.524982035 3.916410446 -0.088693425 -0.005832220 -0.015831897 0.995916128
1754429134276931584.000000 -3.651308298 0.525177717 3.916497469 -0.088374309 -0.004835703 -0.015546342 0.995954335
1754429134310272256.000000 -3.651610613 0.524883270 3.915989637 -0.088028878 -0.005225835 -0.015473220 0.995984018
1754429134376953856.000000 -3.651362896 0.524325132 3.915699959 -0.087369345 -0.006162136 -0.015717559 0.996032953
1754429134443634432.000000 -3.650893450 0.524265409 3.915926695 -0.087222628 -0.006738901 -0.016170990 0.996034801
1754429134476975360.000000 -3.650321722 0.524558842 3.915955067 -0.087088622 -0.006993501 -0.016110135 0.996045768
1754429134543656704.000000 -3.649606943 0.523750067 3.915242910 -0.086395949 -0.007417500 -0.015747029 0.996108890
1754429134610338560.000000 -3.649548769 0.522713125 3.914439678 -0.085402668 -0.007368240 -0.015081484 0.996205151
1754429134677019904.000000 -3.648809195 0.522259712 3.914233923 -0.084291197 -0.007288218 -0.014955600 0.996302307
1754429134710361088.000000 -3.649340391 0.523160577 3.914337397 -0.083809540 -0.007752763 -0.015039592 0.996338129
1754429134777044736.000000 -3.648999691 0.524552286 3.913913965 -0.083605118 -0.008726133 -0.015446870 0.996340990
1754429134843728384.000000 -3.648839712 0.523938894 3.913232565 -0.083163925 -0.008563771 -0.015983116 0.996370912
1754429134877069056.000000 -3.649065733 0.523901224 3.912963629 -0.082904987 -0.008701696 -0.016245283 0.996387064
1754429134943752704.000000 -3.648231030 0.523681283 3.912476778 -0.082000047 -0.009321886 -0.015998067 0.996460319
1754429135010436352.000000 -3.647495508 0.524146557 3.912424564 -0.081957474 -0.009180909 -0.015653674 0.996470630
1754429135043778304.000000 -3.647607565 0.523827136 3.912616968 -0.082210198 -0.008721567 -0.015649568 0.996454000
1754429135110461696.000000 -3.647363424 0.524211526 3.912907124 -0.082913980 -0.008325618 -0.015674595 0.996398628
1754429135177145344.000000 -3.647607088 0.523518860 3.913302660 -0.083409026 -0.008755358 -0.015943313 0.996349394
1754429135210487296.000000 -3.648071051 0.523338139 3.913836956 -0.083532743 -0.008974318 -0.016059320 0.996335208
1754429135277170944.000000 -3.648278952 0.522941053 3.914420605 -0.083712183 -0.009190964 -0.016378801 0.996312976
1754429135343853568.000000 -3.647963285 0.522490263 3.914851189 -0.083458506 -0.008707983 -0.016585033 0.996335208
1754429135377195264.000000 -3.648417473 0.522981703 3.915119410 -0.083517216 -0.008311566 -0.016956851 0.996327400
1754429135443879168.000000 -3.648395538 0.522701502 3.915484190 -0.083816521 -0.008791854 -0.017443754 0.996289730
1754429135510562560.000000 -3.650169134 0.523174584 3.915857792 -0.084751874 -0.009980291 -0.018360257 0.996182978
1754429135543904512.000000 -3.651402950 0.523273170 3.916703701 -0.085187025 -0.010078514 -0.018852783 0.996135652
1754429135610588416.000000 -3.651604176 0.522981226 3.917154551 -0.085379437 -0.010685693 -0.019411050 0.996102095
1754429135677272320.000000 -3.651942492 0.523621738 3.916799784 -0.085083783 -0.011135651 -0.019021126 0.996130049
1754429135710613248.000000 -3.651326418 0.524054289 3.916328907 -0.084827006 -0.011039326 -0.018747631 0.996158183
1754429135777294080.000000 -3.650653124 0.523759127 3.915600538 -0.084314182 -0.010843520 -0.018525133 0.996208012
1754429135843975680.000000 -3.651128531 0.523929298 3.915701866 -0.083717689 -0.011117395 -0.018460980 0.996256471
1754429135877316608.000000 -3.651823282 0.523879170 3.915678263 -0.083643869 -0.011044344 -0.018621450 0.996260524
1754429135943998464.000000 -3.652388334 0.524010181 3.915615320 -0.083224647 -0.011058110 -0.018784449 0.996292412
1754429136010680320.000000 -3.654450893 0.524079084 3.915772200 -0.083026998 -0.011462871 -0.019178741 0.996296883
1754429136077361920.000000 -3.654880762 0.523098528 3.915492535 -0.083086677 -0.011879064 -0.019678237 0.996277273
1754429136144043520.000000 -3.655470371 0.523616731 3.915847540 -0.083517276 -0.011896293 -0.019906720 0.996236503
1754429136177384448.000000 -3.655613422 0.523653030 3.916144371 -0.084067017 -0.012127532 -0.020079821 0.996183932
1754429136244065024.000000 -3.656543732 0.523804843 3.917163610 -0.084731363 -0.012091147 -0.020575458 0.996118009
1754429136310746624.000000 -3.655955553 0.523965538 3.917229891 -0.085433871 -0.011431352 -0.021208337 0.996052563
1754429136377428224.000000 -3.654261827 0.524785221 3.917089939 -0.085500568 -0.011829169 -0.020918557 0.996048272
1754429136410768896.000000 -3.653843880 0.524670422 3.917034149 -0.085336767 -0.011998210 -0.020719174 0.996064544
1754429136477450496.000000 -3.652305841 0.524700940 3.916803837 -0.085182451 -0.011993681 -0.020146534 0.996089458
1754429136544132096.000000 -3.651878357 0.524743617 3.916531086 -0.084859021 -0.012012290 -0.019853178 0.996122777
1754429136610813696.000000 -3.651143312 0.524056077 3.916762829 -0.084694676 -0.012251339 -0.019657591 0.996137738
1754429136644154624.000000 -3.651712894 0.523908854 3.916700363 -0.084698975 -0.012300993 -0.019650314 0.996136844
1754429136710835456.000000 -3.651506901 0.524147630 3.917145014 -0.084750615 -0.012300494 -0.019380020 0.996137857
1754429136777518336.000000 -3.652592182 0.523468971 3.917612076 -0.085440189 -0.011573223 -0.019676086 0.996081769
1754429136844201216.000000 -3.651865959 0.522810340 3.917893410 -0.086115755 -0.011449235 -0.019499283 0.996028483
1754429136910884352.000000 -3.653383970 0.523069263 3.919403791 -0.086765997 -0.011855276 -0.020327695 0.995950818
1754429136944225792.000000 -3.653359413 0.523122251 3.919641018 -0.086838260 -0.012025401 -0.020464307 0.995939672
1754429137010908672.000000 -3.653621435 0.523685992 3.920389414 -0.087011404 -0.012152616 -0.021074172 0.995910227
1754429137077591552.000000 -3.654062271 0.523606241 3.920403004 -0.086864710 -0.012240698 -0.021033460 0.995922863
1754429137144273664.000000 -3.654365301 0.523856759 3.919822454 -0.086265683 -0.011593775 -0.020485278 0.995994091
1754429137210956544.000000 -3.654174805 0.523974836 3.919528723 -0.085472710 -0.011154378 -0.019823762 0.996080875
1754429137244297984.000000 -3.653786182 0.524512053 3.919878960 -0.085235491 -0.011049653 -0.019588774 0.996106982
1754429137310981120.000000 -3.654034615 0.525079548 3.920042992 -0.085126750 -0.010985884 -0.019505125 0.996118605
1754429137344322560.000000 -3.654975414 0.522495210 3.919430256 -0.085471265 -0.010651697 -0.019458394 0.996093690
1754429137411005184.000000 -3.654130459 0.525196612 3.920381069 -0.085479200 -0.010454614 -0.019774964 0.996088803
1754429137477688320.000000 -3.653614998 0.524516344 3.920207500 -0.085337177 -0.010511016 -0.019531108 0.996105254
1754429137544370176.000000 -3.652312279 0.523256123 3.918589115 -0.085115694 -0.010278624 -0.018874735 0.996139228
1754429137611053312.000000 -3.653878927 0.523635328 3.919049740 -0.084935844 -0.010018603 -0.019317836 0.996148765
1754429137677735936.000000 -3.654142141 0.523571193 3.919312477 -0.085135482 -0.010768301 -0.019804535 0.996114373
1754429137744419328.000000 -3.654989958 0.523323119 3.919074774 -0.085259616 -0.011359504 -0.020737208 0.996078193
1754429137777761024.000000 -3.655245066 0.523363471 3.919636250 -0.085667908 -0.011748742 -0.021202475 0.996028841
1754429137844444160.000000 -3.654923916 0.522832692 3.920494318 -0.086308256 -0.012769493 -0.022005768 0.995943546
1754429137911127552.000000 -3.656792164 0.521252990 3.918638229 -0.086693689 -0.013080080 -0.022285484 0.995899856
1754429137944469248.000000 -3.656627417 0.521471560 3.919019222 -0.086652838 -0.013228213 -0.022351123 0.995900035
1754429138011151616.000000 -3.655211926 0.522206604 3.918298244 -0.086467378 -0.013627307 -0.022242472 0.995913148
1754429138077834752.000000 -3.654759884 0.522661269 3.918100119 -0.086079411 -0.013761231 -0.021782195 0.995955110
1754429138111176448.000000 -3.654537201 0.522453249 3.917959929 -0.086056158 -0.013644031 -0.021606395 0.995962620
1754429138177859840.000000 -3.654757261 0.522190094 3.918587208 -0.086479582 -0.013579152 -0.021700060 0.995924711
1754429138244543488.000000 -3.655073404 0.522311926 3.919064045 -0.087072961 -0.013375728 -0.021439709 0.995881438
1754429138311226880.000000 -3.654865503 0.522451997 3.918882847 -0.087776132 -0.013063748 -0.021456819 0.995823443
1754429138344568320.000000 -3.652396441 0.524970412 3.919200659 -0.087858319 -0.013450335 -0.021297308 0.995814502
1754429138411251712.000000 -3.654645205 0.522586107 3.919054508 -0.088950709 -0.013115222 -0.021274727 0.995722473
1754429138477934080.000000 -3.654450655 0.522726774 3.918782949 -0.089290962 -0.013093961 -0.021422805 0.995689094
1754429138544617728.000000 -3.654062748 0.522861481 3.918728113 -0.088908665 -0.013156062 -0.021275012 0.995725691
1754429138611300864.000000 -3.653202057 0.522457838 3.917928934 -0.087909147 -0.012892974 -0.021157384 0.995820343
1754429138644642816.000000 -3.653245926 0.522264838 3.917856693 -0.087698892 -0.012699241 -0.021248767 0.995839477
1754429138711325952.000000 -3.653176308 0.522198796 3.917615414 -0.088107720 -0.012738102 -0.021536598 0.995796680
1754429138778008832.000000 -3.652997255 0.522347271 3.917128801 -0.088789858 -0.012946554 -0.021638604 0.995731175
1754429138844691968.000000 -3.651889086 0.523932219 3.916656494 -0.088847190 -0.012840321 -0.021977449 0.995720029
1754429138878032384.000000 -3.652810574 0.522215903 3.915977240 -0.089006729 -0.012523607 -0.021911634 0.995711267
1754429138944715520.000000 -3.651062727 0.523891330 3.917070627 -0.088910863 -0.012844515 -0.022050342 0.995712698
1754429139011398656.000000 -3.651732922 0.523766696 3.917536497 -0.089297764 -0.012605376 -0.022221509 0.995677292
1754429139078081536.000000 -3.654531240 0.521279573 3.917515039 -0.090992182 -0.012070125 -0.022977551 0.995513320
1754429139144764416.000000 -3.655839920 0.521458328 3.919375420 -0.092521437 -0.012553694 -0.023820320 0.995346606
1754429139211447552.000000 -3.656203270 0.521779418 3.920214176 -0.093780868 -0.011898479 -0.023672337 0.995240331
1754429139244789248.000000 -3.656130552 0.522379816 3.920356750 -0.093898229 -0.011432149 -0.023743918 0.995232999
1754429139311471872.000000 -3.655835152 0.522002399 3.919699669 -0.093489133 -0.011638813 -0.023209263 0.995281696
1754429139378153984.000000 -3.654244900 0.525132120 3.919932365 -0.092688456 -0.012455447 -0.023072679 0.995349884
1754429139444836864.000000 -3.655423880 0.521644652 3.919589281 -0.092898861 -0.012091795 -0.022854770 0.995339811
1754429139478178560.000000 -3.655416727 0.521722019 3.919957161 -0.093085296 -0.012136840 -0.022990037 0.995318770
1754429139544861440.000000 -3.655355215 0.521362543 3.919580698 -0.093088783 -0.012379850 -0.022560157 0.995325267
1754429139611544320.000000 -3.656376362 0.521830380 3.918375731 -0.092152312 -0.012105190 -0.022290893 0.995421827
1754429139678227456.000000 -3.656366587 0.521576226 3.917196512 -0.090924598 -0.012185764 -0.021745309 0.995545805
1754429139744910080.000000 -3.655788183 0.522072434 3.916464567 -0.089945517 -0.012513214 -0.021933256 0.995626509
1754429139778249728.000000 -3.655333281 0.522379279 3.916641474 -0.089792982 -0.012862724 -0.022095555 0.995632231
1754429139844931840.000000 -3.655163527 0.523027897 3.917306423 -0.090309978 -0.013624310 -0.022749811 0.995560646
1754429139911613952.000000 -3.654452801 0.525560081 3.919333220 -0.091806822 -0.013684999 -0.023499623 0.995405495
1754429139978296064.000000 -3.654412508 0.525786102 3.921942711 -0.093466431 -0.013320799 -0.023451326 0.995257080
1754429140044978432.000000 -3.652359009 0.526271582 3.922180176 -0.094706990 -0.013348354 -0.023041096 0.995149076
1754429140078319360.000000 -3.653004885 0.525843620 3.922641754 -0.095372841 -0.013266549 -0.023204684 0.995082676
1754429140145001472.000000 -3.653479338 0.526389778 3.923774004 -0.096715212 -0.013504041 -0.023857713 0.994934559
1754429140211682304.000000 -3.655948162 0.522831261 3.924980164 -0.098397747 -0.013828761 -0.024643181 0.994745910
1754429140278364416.000000 -3.656426668 0.523433268 3.925485611 -0.098987415 -0.013998184 -0.024875633 0.994679272
1754429140345046528.000000 -3.652699709 0.526042223 3.927474260 -0.098876402 -0.014009643 -0.024365898 0.994702697
1754429140411728896.000000 -3.654589653 0.525693178 3.925463915 -0.098925903 -0.013138988 -0.023709396 0.994725585
1754429140445069824.000000 -3.655452728 0.522964716 3.925426245 -0.099311508 -0.012785928 -0.023408422 0.994698882
1754429140511751680.000000 -3.655588388 0.523290217 3.925582409 -0.099205166 -0.012697043 -0.023311280 0.994712949
1754429140578433792.000000 -3.655508995 0.523217142 3.925121069 -0.098859280 -0.012697864 -0.023510633 0.994742632
1754429140611774976.000000 -3.655626297 0.522752464 3.925441980 -0.098536134 -0.012719763 -0.023575434 0.994772911
1754429140678456064.000000 -3.655907154 0.522990048 3.925108433 -0.097983718 -0.012920829 -0.023282658 0.994831741
1754429140745138432.000000 -3.655366421 0.523389161 3.925064325 -0.097927615 -0.012552754 -0.022905482 0.994850755
1754429140811821056.000000 -3.654413939 0.522977829 3.925287724 -0.098254427 -0.012542491 -0.022521621 0.994827449
1754429140845162496.000000 -3.654228926 0.523434639 3.925831556 -0.098520562 -0.012276965 -0.022327581 0.994808793
1754429140911844864.000000 -3.651994228 0.526452541 3.925900459 -0.098347060 -0.012220729 -0.022571320 0.994821131
1754429140978527744.000000 -3.653508902 0.523705006 3.926213980 -0.098794773 -0.012461311 -0.022696339 0.994770944
1754429141045210368.000000 -3.654257774 0.523652494 3.925950289 -0.098580457 -0.013078782 -0.023081282 0.994775474
1754429141078551808.000000 -3.654281855 0.523762345 3.925607204 -0.098190829 -0.013140659 -0.023007536 0.994814873
1754429141145233408.000000 -3.654130936 0.526418328 3.925209284 -0.097652465 -0.013401059 -0.023185665 0.994860232
1754429141211915776.000000 -3.652906895 0.526546240 3.924442768 -0.097475588 -0.013867431 -0.022946123 0.994876742
1754429141278598400.000000 -3.652333736 0.526430607 3.924234867 -0.097639807 -0.013590035 -0.022703499 0.994870067
1754429141311939840.000000 -3.652425289 0.526492238 3.924067259 -0.097634859 -0.013449429 -0.022640133 0.994873822
1754429141378622208.000000 -3.653064013 0.523427725 3.923851967 -0.098010376 -0.013132127 -0.022522354 0.994843841
1754429141445304832.000000 -3.652083158 0.524987221 3.924234152 -0.098166257 -0.013327007 -0.022699734 0.994821846
1754429141511987456.000000 -3.653665543 0.525955796 3.924623966 -0.098541185 -0.013053573 -0.022851299 0.994785011
1754429141578669056.000000 -3.653072596 0.526037455 3.924719810 -0.098663434 -0.012920734 -0.022856867 0.994774461
1754429141645351680.000000 -3.652852297 0.525982797 3.924101830 -0.098325856 -0.012696587 -0.022841871 0.994811118
1754429141712034304.000000 -3.651808739 0.526323676 3.923202276 -0.097529516 -0.012919807 -0.022853909 0.994886339
1754429141778716416.000000 -3.653866768 0.524785042 3.922963619 -0.097047850 -0.012906058 -0.023019008 0.994929790
1754429141845398528.000000 -3.653261423 0.525050819 3.922195196 -0.096761331 -0.013157642 -0.023166338 0.994950950
1754429141878739712.000000 -3.652957201 0.525507390 3.922108650 -0.096627764 -0.013496987 -0.023255767 0.994957387
1754429141945421568.000000 -3.652267933 0.525549650 3.921676159 -0.096577495 -0.013902613 -0.023440523 0.994952321
1754429142012102912.000000 -3.653579235 0.525605440 3.920945883 -0.096480809 -0.014079060 -0.023528628 0.994957149
1754429142078785024.000000 -3.654136658 0.525500536 3.920340300 -0.096676931 -0.014299029 -0.023566846 0.994934082
1754429142145467136.000000 -3.654123306 0.525059521 3.919702291 -0.096724413 -0.014628176 -0.023393087 0.994928777
1754429142178808320.000000 -3.654142857 0.524740636 3.919494629 -0.096796513 -0.014532327 -0.023138892 0.994929075
1754429142245490432.000000 -3.652253151 0.523511350 3.919088125 -0.097098865 -0.014461300 -0.023249121 0.994898081
1754429142312172288.000000 -3.652565479 0.524106264 3.918053627 -0.096954755 -0.014486917 -0.023163602 0.994913816
1754429142345513216.000000 -3.651692152 0.522988319 3.917887449 -0.097108081 -0.014640985 -0.023231510 0.994895041
1754429142412195328.000000 -3.650817871 0.524175763 3.916869640 -0.096545063 -0.014058121 -0.023141433 0.994960308
1754429142478876672.000000 -3.650391579 0.525935292 3.915210485 -0.095650017 -0.013600727 -0.022922514 0.995058179
1754429142545559040.000000 -3.650538206 0.524883628 3.914286375 -0.094946109 -0.013150139 -0.022723518 0.995136201
1754429142578899968.000000 -3.650571585 0.524698377 3.914122820 -0.094727539 -0.012841335 -0.022609288 0.995163620
1754429142645582080.000000 -3.650167227 0.525125027 3.914043427 -0.094407931 -0.012510413 -0.022529067 0.995200038
1754429142712264192.000000 -3.650312424 0.524855077 3.913490295 -0.094720766 -0.012234448 -0.022396306 0.995176733
1754429142778947328.000000 -3.650994778 0.525190353 3.913399458 -0.095128216 -0.011408512 -0.022455538 0.995146394
1754429142812288512.000000 -3.650896788 0.524357319 3.912827253 -0.095580578 -0.011469337 -0.022702178 0.995096743
1754429142878970368.000000 -3.651317120 0.524356365 3.912410498 -0.095939688 -0.011699853 -0.023085339 0.995050609
1754429142945653504.000000 -3.651442528 0.524568796 3.912108183 -0.095981814 -0.012266936 -0.023169424 0.995037794
1754429143012336384.000000 -3.651551008 0.523699045 3.912448168 -0.095991731 -0.012511998 -0.023330024 0.995030105
1754429143045677568.000000 -3.652259111 0.525024772 3.911408424 -0.095548384 -0.012539501 -0.023583660 0.995066464
1754429143112360960.000000 -3.652549505 0.524414659 3.911268711 -0.095169127 -0.013428248 -0.023692824 0.995088577
1754429143145702144.000000 -3.652431250 0.524247289 3.911512375 -0.095386453 -0.013793605 -0.023593796 0.995065093
1754429143212385024.000000 -3.652132511 0.523665547 3.912242413 -0.096122295 -0.013087617 -0.023241198 0.995012105
1754429143279068160.000000 -3.651478767 0.523725927 3.912873030 -0.096904919 -0.011692654 -0.022164894 0.994978189
1754429143345750016.000000 -3.651011229 0.524009526 3.913566351 -0.097413041 -0.010515060 -0.021214070 0.994962394
1754429143412432896.000000 -3.652112722 0.524703562 3.913698673 -0.097034149 -0.009851454 -0.021158848 0.995007396
1754429143445774336.000000 -3.654060364 0.521985531 3.915035963 -0.097257912 -0.009488483 -0.021297704 0.994986117
1754429143512457472.000000 -3.653561592 0.523804545 3.915762663 -0.096834615 -0.009565787 -0.021951081 0.995012462
1754429143579140352.000000 -3.654466391 0.524678171 3.916136742 -0.096404821 -0.009036503 -0.022530211 0.995046198
1754429143645823232.000000 -3.656731367 0.524312139 3.918397903 -0.096363001 -0.008557688 -0.022789976 0.995048523
1754429143679164928.000000 -3.657185316 0.521780372 3.918547392 -0.097082779 -0.008106959 -0.022836423 0.994981229
1754429143745846784.000000 -3.659651518 0.522296786 3.919913054 -0.098206602 -0.007754774 -0.024161553 0.994842470
1754429143812527616.000000 -3.659531355 0.524708509 3.921451092 -0.098746262 -0.008713460 -0.025775671 0.994740665
1754429143845868288.000000 -3.660514832 0.525820136 3.921730995 -0.098447777 -0.008863149 -0.026314477 0.994754791
1754429143912550144.000000 -3.662395477 0.526236236 3.921711206 -0.096980877 -0.008969367 -0.027031556 0.994878650
1754429143979231744.000000 -3.664332390 0.525752842 3.922647715 -0.095803656 -0.009006284 -0.027541976 0.994978428
1754429144045913344.000000 -3.667198420 0.527120888 3.924755335 -0.095766485 -0.008081167 -0.028184196 0.994971991
1754429144112595456.000000 -3.668666124 0.527388155 3.926608801 -0.096898466 -0.006542672 -0.028433051 0.994866550
1754429144179277056.000000 -3.671524525 0.526905358 3.929916382 -0.097895145 -0.005409353 -0.028824313 0.994764507
1754429144212616960.000000 -3.673261404 0.526945233 3.931321383 -0.098141871 -0.005031024 -0.029143037 0.994732916
1754429144279298560.000000 -3.677406311 0.527640462 3.934105635 -0.098495781 -0.004722373 -0.029996989 0.994674087
1754429144345980160.000000 -3.682338238 0.528207719 3.936547279 -0.098881863 -0.004389286 -0.030574540 0.994619668
1754429144412661760.000000 -3.689151525 0.527119815 3.938790321 -0.099496670 -0.002087396 -0.030574055 0.994565904
1754429144446002688.000000 -3.689469814 0.529203057 3.940383434 -0.099534236 -0.000773521 -0.030317701 0.994571865
1754429144512684288.000000 -3.696295738 0.530221045 3.944777012 -0.099909075 0.003090501 -0.029417953 0.994556844
1754429144579365632.000000 -3.702315331 0.530262172 3.948215961 -0.099353336 0.008940955 -0.027536286 0.994630933
1754429144646047232.000000 -3.707865000 0.530050337 3.950291634 -0.097598441 0.017853083 -0.026128896 0.994722724
1754429144712728320.000000 -3.713792801 0.531472862 3.953002691 -0.096641257 0.027215675 -0.023796892 0.994662523
1754429144746069504.000000 -3.717369318 0.531972170 3.954487562 -0.096373372 0.031482875 -0.022370074 0.994595766
1754429144812751872.000000 -3.723865271 0.532378972 3.958242178 -0.096636623 0.039284993 -0.020048305 0.994342089
1754429144879433984.000000 -3.731501341 0.534329355 3.962382793 -0.097483166 0.047131177 -0.017823309 0.993960798
1754429144912774912.000000 -3.736015320 0.533239782 3.964583635 -0.099030621 0.049871802 -0.017635131 0.993677378
1754429145012798208.000000 -3.749093771 0.538038015 3.974380732 -0.101837501 0.052775271 -0.017523423 0.993245661
1754429145046139648.000000 -3.754368067 0.536111534 3.976613045 -0.102666907 0.053617366 -0.018627649 0.993094981
1754429145112820736.000000 -3.762852430 0.536321461 3.985743523 -0.102294900 0.052939247 -0.022404438 0.993091822
1754429145179503104.000000 -3.775710821 0.536300302 3.994072914 -0.100229584 0.050189685 -0.027267218 0.993323505
1754429145212844032.000000 -3.780487537 0.537160039 4.000148773 -0.099318132 0.048257194 -0.030167457 0.993426919
1754429145279526656.000000 -3.789362669 0.540863574 4.015273571 -0.097759768 0.045704879 -0.035984468 0.993508518
1754429145346208768.000000 -3.793976784 0.543890417 4.032854080 -0.098641343 0.041676320 -0.040347584 0.993430972
1754429145379549696.000000 -3.797368765 0.543652892 4.043811798 -0.100124247 0.039694346 -0.041418202 0.993319750
1754429145446232064.000000 -3.799111605 0.551244378 4.068973541 -0.104252458 0.033662308 -0.042611416 0.993067265
1754429145512914432.000000 -3.797510624 0.555575192 4.095994473 -0.109902009 0.026826018 -0.040882651 0.992738903
1754429145579595776.000000 -3.791298151 0.561258316 4.124850273 -0.115489446 0.019490059 -0.036181509 0.992458224
1754429145646277888.000000 -3.782984257 0.566233695 4.155741692 -0.114793658 0.011724195 -0.029534785 0.992881060
1754429145679618816.000000 -3.777612448 0.562879145 4.172174931 -0.114199743 0.008266427 -0.027072458 0.993054509
1754429145746301952.000000 -3.771190166 0.562760174 4.205004692 -0.111222804 0.003835666 -0.022664716 0.993529618
1754429145812985344.000000 -3.764477491 0.565634966 4.240051746 -0.110078163 0.000239208 -0.018958423 0.993742108
1754429145846326784.000000 -3.761696100 0.566474617 4.259498119 -0.109544262 -0.001050964 -0.016970482 0.993836522
1754429145913010176.000000 -3.755503178 0.566630840 4.295725822 -0.109615013 -0.003198269 -0.014611935 0.993861616
1754429145979693312.000000 -3.751168013 0.570190430 4.329348564 -0.106301062 -0.008037921 -0.011499309 0.994235039
1754429146013033984.000000 -3.747077942 0.569321871 4.344442844 -0.105644487 -0.010434015 -0.009129344 0.994307280
1754429146079717376.000000 -3.744317055 0.571725011 4.372299671 -0.102939293 -0.013533073 -0.005125779 0.994582415
1754429146113058816.000000 -3.743039846 0.569765091 4.386214733 -0.102028914 -0.014644152 -0.003919581 0.994665921
1754429146179742208.000000 -3.746005297 0.575422049 4.419887066 -0.102972053 -0.016669398 -0.003734001 0.994537532
1754429146246425344.000000 -3.746613264 0.575880826 4.449151993 -0.105028562 -0.018799886 -0.004899351 0.994279444
1754429146279767040.000000 -3.751159191 0.579266846 4.463817120 -0.103022538 -0.018934276 -0.005610758 0.994482994
1754429146346450176.000000 -3.759850264 0.581879437 4.495632648 -0.102912575 -0.018579239 -0.006066162 0.994498432
1754429146379791872.000000 -3.763556242 0.586329043 4.513053894 -0.103996985 -0.019260222 -0.006497294 0.994369864
1754429146446473984.000000 -3.773966789 0.591472030 4.546581745 -0.107273541 -0.019148659 -0.007176091 0.994019270
1754429146479815936.000000 -3.778398514 0.597312450 4.562882423 -0.108361885 -0.019687794 -0.008256166 0.993882298
1754429146546499328.000000 -3.792592764 0.603855431 4.595317841 -0.107491247 -0.019001935 -0.011072799 0.993962765
1754429146579841024.000000 -3.798933506 0.607247412 4.609052658 -0.104661182 -0.016563803 -0.011631368 0.994301975
1754429146646524160.000000 -3.815330744 0.615166426 4.638967037 -0.095783964 -0.007061363 -0.011557525 0.995310068
1754429146679866112.000000 -3.823982477 0.613873065 4.651929855 -0.090973653 -0.000849645 -0.011409356 0.995787561
1754429146746548992.000000 -3.838323355 0.615100741 4.679106712 -0.083613433 0.012612897 -0.011560118 0.996351421
1754429146813231872.000000 -3.856950760 0.613177776 4.709372997 -0.078474991 0.025655700 -0.013957642 0.996488214
1754429146846573312.000000 -3.866483212 0.614295423 4.724998474 -0.075998612 0.032034099 -0.015316979 0.996475577
1754429146913255424.000000 -3.883207560 0.616697133 4.756783009 -0.074664600 0.042511914 -0.017778728 0.996143460
1754429146946596608.000000 -3.889766216 0.618196130 4.775378704 -0.075374767 0.046491228 -0.018390104 0.995901167
1754429147013279744.000000 -3.900540829 0.621143103 4.809901714 -0.076366849 0.052992325 -0.016226208 0.995538354
1754429147046621184.000000 -3.903047323 0.621886313 4.827693939 -0.078494988 0.056440797 -0.014245978 0.995213568
1754429147113304064.000000 -3.904494047 0.625448585 4.862124443 -0.082704186 0.065368630 -0.010144155 0.994376242
1754429147146645760.000000 -3.903172731 0.624584615 4.879200935 -0.084128663 0.070786297 -0.007805048 0.993906856
1754429147213328640.000000 -3.910646677 0.626402020 4.920795441 -0.083438404 0.080886498 -0.003058421 0.993220091
1754429147246670336.000000 -3.898860216 0.629160821 4.928086281 -0.081776515 0.082412265 -0.000105228 0.993237615
1754429147313352960.000000 -3.894878626 0.635841191 4.962036133 -0.079445183 0.083987184 0.007330779 0.993267775
1754429147346693632.000000 -3.891792536 0.639696479 4.980134487 -0.078047849 0.083826400 0.010889217 0.993359506
1754429147413376512.000000 -3.882406950 0.647932529 5.014196873 -0.075006023 0.080690309 0.017778825 0.993754029
1754429147446717952.000000 -3.878695726 0.652228832 5.031930447 -0.071813479 0.078475334 0.022156874 0.994079292
1754429147513400832.000000 -3.867320776 0.659815013 5.066395760 -0.064451165 0.072037749 0.031837992 0.994808018
1754429147546742272.000000 -3.862170935 0.663131058 5.085285664 -0.059759900 0.068226732 0.036190510 0.995220661
1754429147613425152.000000 -3.849870443 0.663282990 5.126480103 -0.054150257 0.060242642 0.042165961 0.995821655
1754429147680108032.000000 -3.841226578 0.662226200 5.168838024 -0.049957946 0.054405011 0.043800451 0.996306121
1754429147713449984.000000 -3.842796087 0.661501825 5.204872608 -0.048155803 0.053462319 0.042772628 0.996490479
1754429147780132608.000000 -3.843498230 0.661229432 5.241190434 -0.045922361 0.050092615 0.037339602 0.996989310
1754429147813474304.000000 -3.841759920 0.661671638 5.262622833 -0.046383925 0.047389608 0.035128780 0.997180462
1754429147880157952.000000 -3.840422153 0.663638890 5.303472996 -0.048684739 0.040016230 0.031279925 0.997521996
1754429147913499904.000000 -3.839263201 0.664914906 5.324512482 -0.051065307 0.037860304 0.029861988 0.997530580
1754429147980183552.000000 -3.837384462 0.666964650 5.364479065 -0.053866547 0.038987085 0.027883774 0.997397125
1754429148013525504.000000 -3.836789846 0.668717742 5.383692265 -0.055546556 0.041692201 0.027040513 0.997218728
1754429148080208896.000000 -3.837184906 0.673495829 5.424508095 -0.058296908 0.046121124 0.024721354 0.996926904
1754429148113551104.000000 -3.837723017 0.676443100 5.446063995 -0.060849197 0.047420528 0.023838792 0.996734858
1754429148180234752.000000 -3.839680195 0.686129987 5.487985134 -0.065449491 0.052640814 0.021191826 0.996241033
1754429148213575680.000000 -3.835610390 0.689857781 5.520582199 -0.067686073 0.058246817 0.019579325 0.995812595
1754429148280259328.000000 -3.838588476 0.702964783 5.554725647 -0.069951974 0.073641628 0.015597221 0.994706213
1754429148313601280.000000 -3.839838266 0.707399011 5.575454712 -0.070852436 0.080270708 0.013215513 0.994163930
1754429148346943232.000000 -3.843344212 0.711716592 5.596204281 -0.071104571 0.086084910 0.010700385 0.993689656
1754429148413626880.000000 -3.850234032 0.719137549 5.641160011 -0.070600197 0.096284188 0.005068362 0.992833972
1754429148446968832.000000 -3.853554726 0.720757067 5.665399551 -0.071563341 0.102656938 0.003987200 0.992131233
1754429148480310784.000000 -3.856700420 0.721122146 5.689608097 -0.071797967 0.109379634 0.002123801 0.991401434
1754429148546994688.000000 -3.859487057 0.720287144 5.732895851 -0.070458986 0.123604171 -0.001337725 0.989826143
1754429148613678336.000000 -3.861173868 0.722560823 5.770915985 -0.069516607 0.136592746 -0.001415527 0.988184214
1754429148647020288.000000 -3.861168623 0.721361160 5.798226357 -0.070685282 0.142228365 -0.002212826 0.987304330
1754429148680361216.000000 -3.860635281 0.722617865 5.816793919 -0.070755392 0.148638949 -0.001170252 0.986356318
1754429148747045120.000000 -3.859354019 0.725076735 5.862620831 -0.072438024 0.161503345 0.000452687 0.984210014
1754429148780386560.000000 -3.855060101 0.726291835 5.874901772 -0.073655836 0.166759819 0.000779761 0.983242273
1754429148847070208.000000 -3.846017361 0.731027544 5.913362980 -0.078086048 0.177430615 0.003116715 0.981025696
1754429148880412160.000000 -3.840018272 0.733405769 5.931909561 -0.079555988 0.183442637 0.004739402 0.979794562
1754429148947095552.000000 -3.825368881 0.739569008 5.966479301 -0.082358919 0.195636451 0.007063825 0.977186561
1754429149013779456.000000 -3.810561657 0.743448675 5.998316288 -0.083714746 0.206149638 0.009146875 0.974889994
1754429149047121152.000000 -3.804409981 0.746303558 6.014349937 -0.083651856 0.209392205 0.010354068 0.974192023
1754429149080462848.000000 -3.796442032 0.749916732 6.028687477 -0.083643101 0.211664408 0.011371616 0.973690271
1754429149147145472.000000 -3.777023315 0.758563995 6.058144569 -0.081631698 0.217599243 0.014248771 0.972514153
1754429149180487424.000000 -3.767281771 0.761094332 6.066433430 -0.079942316 0.222697914 0.017154062 0.971452892
1754429149247170816.000000 -3.741736174 0.766586900 6.100799561 -0.076483145 0.234152019 0.023919493 0.968891680
1754429149280512768.000000 -3.731363058 0.766246617 6.112624168 -0.074207418 0.238964096 0.025725130 0.967846990
1754429149313854720.000000 -3.717179298 0.766002715 6.117122173 -0.071579814 0.243930340 0.027829178 0.966747105
1754429149380538112.000000 -3.696824551 0.763924062 6.151531696 -0.066913217 0.250940084 0.028344139 0.965271175
1754429149413880064.000000 -3.686720848 0.761622727 6.163954735 -0.064887792 0.253738075 0.027886035 0.964691162
1754429149447222272.000000 -3.673989296 0.761122644 6.178718567 -0.062585652 0.255673766 0.026415976 0.964373469
1754429149513905664.000000 -3.656225204 0.761767089 6.204874039 -0.060547378 0.257312417 0.023756607 0.964136958
1754429149580588544.000000 -3.640601635 0.763267756 6.233918667 -0.060953196 0.257236183 0.023303648 0.964142740
1754429149613930496.000000 -3.632774353 0.764341116 6.248958588 -0.062404223 0.258297563 0.023636900 0.963757932
1754429149647272192.000000 -3.623772144 0.765055776 6.264664650 -0.066161729 0.259968430 0.024265083 0.963042200
1754429149713955840.000000 -3.607967615 0.768705010 6.295845985 -0.072157875 0.264656872 0.024552520 0.961325705
1754429149747297024.000000 -3.598327160 0.777214289 6.322792053 -0.073668353 0.267295480 0.024440987 0.960483611
1754429149813979904.000000 -3.590709448 0.772571087 6.342989922 -0.076419614 0.269369096 0.021864492 0.959751129
1754429149847321344.000000 -3.584926128 0.775612175 6.358080864 -0.077436991 0.270163953 0.021473546 0.959455013
1754429149880663040.000000 -3.579426765 0.777931809 6.372847080 -0.078454681 0.271376282 0.021516964 0.959029078
1754429149947345664.000000 -3.569160461 0.785884619 6.405319214 -0.078395873 0.278665006 0.021272775 0.956946969
1754429149980686848.000000 -3.564181805 0.790030479 6.420334339 -0.078791425 0.285139203 0.020515734 0.955021858
1754429150014027264.000000 -3.559934378 0.793946028 6.438484192 -0.080179155 0.291479856 0.019321816 0.953014970
1754429150080710144.000000 -3.554344654 0.800173998 6.477950573 -0.084237874 0.304422975 0.016381035 0.948663473
1754429150114051584.000000 -3.552231073 0.802648365 6.499326706 -0.085451625 0.310667247 0.014253470 0.946562648
1754429150180734464.000000 -3.544413090 0.807631850 6.537696362 -0.085002728 0.322255194 0.007960210 0.942795217
1754429150214075648.000000 -3.540795326 0.807826281 6.557282925 -0.084380455 0.327918500 0.004858012 0.940917552
1754429150280758528.000000 -3.535889387 0.816496611 6.604585171 -0.080639683 0.341116726 0.000187417 0.936555803
1754429150314099968.000000 -3.529008389 0.807376742 6.612769604 -0.081204802 0.347581357 -0.001834422 0.934125066
1754429150347441408.000000 -3.523832560 0.810121059 6.619982243 -0.078693919 0.354809314 -0.002306225 0.931618094
1754429150414124288.000000 -3.513857126 0.811581135 6.656198502 -0.077617124 0.368255228 -0.003473358 0.926472723
1754429150447464704.000000 -3.507702112 0.813246846 6.674791336 -0.080557480 0.374154508 -0.002157153 0.923858404
1754429150514147328.000000 -3.492254019 0.816288114 6.710885048 -0.084785819 0.387085229 0.000589043 0.918137312
1754429150547488768.000000 -3.481950521 0.819988012 6.751065254 -0.086184017 0.394919455 0.001864855 0.914662540
1754429150580830208.000000 -3.473181248 0.822036326 6.766403198 -0.088494070 0.403731346 0.004107616 0.910578370
1754429150614171392.000000 -3.465509176 0.824669242 6.780288696 -0.090716965 0.412844986 0.006007588 0.906252444
1754429150680854272.000000 -3.444004059 0.830171406 6.810249329 -0.094418436 0.429332435 0.010063057 0.898141205
1754429150714195456.000000 -3.434074402 0.830391109 6.814974308 -0.094893314 0.436278611 0.012148692 0.894711494
1754429150780877568.000000 -3.422944069 0.833259821 6.831256866 -0.094000176 0.449832439 0.016641974 0.887996495
1754429150814219008.000000 -3.408420801 0.836387992 6.839736462 -0.093875103 0.455529749 0.017881308 0.885076463
1754429150847560192.000000 -3.396948576 0.837825060 6.848628521 -0.093920484 0.460915893 0.018592108 0.882264018
1754429150914241536.000000 -3.374391794 0.842210710 6.866678715 -0.093859605 0.467500031 0.018692551 0.878797352
1754429150947582464.000000 -3.363005638 0.844366491 6.875424862 -0.093090400 0.468629330 0.018464832 0.878282309
1754429151014264832.000000 -3.334914446 0.844656110 6.896223545 -0.091056742 0.468659133 0.019167775 0.878464580
1754429151047606016.000000 -3.328178644 0.846217871 6.907927513 -0.087619394 0.468097955 0.018591458 0.879125476
1754429151114288384.000000 -3.307408094 0.843695164 6.928787231 -0.081861317 0.466062754 0.019652192 0.880737245
1754429151147629568.000000 -3.288333178 0.845537066 6.941744804 -0.079432234 0.463267624 0.020764763 0.882407188
1754429151180970496.000000 -3.274739742 0.843850255 6.954074860 -0.077697046 0.461073428 0.021347731 0.883696079
1754429151247652864.000000 -3.249296188 0.843465388 6.976481438 -0.074010208 0.456412733 0.020220075 0.886454225
1754429151280994048.000000 -3.244822979 0.851621866 6.996507645 -0.073473051 0.455517888 0.019303897 0.886979461
1754429151347675392.000000 -3.219524622 0.846092582 7.012640476 -0.079513036 0.447765678 0.019992324 0.890384138
1754429151381016320.000000 -3.204583406 0.851111770 7.028006554 -0.082628094 0.443743974 0.019689333 0.892118931
1754429151414357504.000000 -3.194083929 0.853558719 7.040813446 -0.086814798 0.440434873 0.019524153 0.893363953
1754429151481039872.000000 -3.174610138 0.858015895 7.066473007 -0.096586123 0.433950812 0.018147297 0.895560503
1754429151514381056.000000 -3.171478748 0.856962919 7.076228142 -0.100162432 0.430712938 0.016944669 0.896753430
1754429151581063168.000000 -3.156109571 0.859706461 7.098008633 -0.103832573 0.422160566 0.014118094 0.900444329
1754429151614404096.000000 -3.148329973 0.859836996 7.107303619 -0.105136968 0.418087929 0.013507278 0.902200758
1754429151647745280.000000 -3.132334232 0.851435781 7.107786179 -0.107321352 0.413322985 0.014189984 0.904126644
1754429151714427904.000000 -3.124453545 0.852723360 7.130512714 -0.110889368 0.411936909 0.015061842 0.904314458
1754429151747769600.000000 -3.117645979 0.858979344 7.145184040 -0.112257756 0.413543224 0.015401823 0.903406382
1754429151814451456.000000 -3.101864100 0.874675989 7.182148933 -0.115248181 0.420245081 0.014362453 0.899947643
1754429151847792896.000000 -3.098749876 0.888547301 7.212203979 -0.114886343 0.423786491 0.011902950 0.898367703
1754429151881134592.000000 -3.093345881 0.891415834 7.225116730 -0.114889301 0.426068664 0.008702013 0.897324026
1754429151947817216.000000 -3.083838463 0.896062255 7.249982834 -0.113081105 0.430519879 0.001531750 0.895467997
1754429151981158912.000000 -3.076081276 0.888103366 7.245869637 -0.111047179 0.433660150 -0.003152498 0.894202173
1754429152047841792.000000 -3.065257311 0.892013192 7.271440983 -0.105254635 0.445189446 -0.010316766 0.889168978
1754429152081183488.000000 -3.057831049 0.892127275 7.283382416 -0.102458164 0.452708423 -0.013053571 0.885656297
1754429152114524928.000000 -3.050801277 0.892080307 7.296813488 -0.100919783 0.460971206 -0.015516387 0.881521404
1754429152181207552.000000 -3.035513639 0.893310726 7.323493481 -0.099891298 0.477164239 -0.018319195 0.872926414
1754429152214548224.000000 -3.026745796 0.892693222 7.336742401 -0.098715447 0.485314816 -0.018622009 0.868549347
1754429152247889920.000000 -3.017936945 0.889652550 7.349140167 -0.097775094 0.493666828 -0.018422237 0.863940835
1754429152314572800.000000 -3.002306461 0.883967280 7.369314671 -0.098041773 0.511421680 -0.015422050 0.853579402
1754429152347914240.000000 -2.987000465 0.892480016 7.384301662 -0.098544665 0.521923423 -0.012886632 0.847182930
1754429152381255936.000000 -2.976325035 0.894409537 7.394838333 -0.100417145 0.531935692 -0.010664007 0.840742052
1754429152414597376.000000 -2.965375900 0.896054149 7.404560089 -0.101782359 0.541278422 -0.009126767 0.834610522
1754429152481280256.000000 -2.942579746 0.897330821 7.422441006 -0.100958452 0.556726813 -0.006261917 0.824514091
1754429152514621440.000000 -2.929582596 0.896651626 7.432083607 -0.100824192 0.563311338 -0.004601242 0.820057094
1754429152581304832.000000 -2.903031826 0.906195819 7.440340996 -0.098845951 0.576434970 -0.000289807 0.811142445
1754429152614646272.000000 -2.906436920 0.890054822 7.447286129 -0.099975951 0.582406998 0.002353208 0.806722701
1754429152681328128.000000 -2.875033855 0.898969650 7.458478451 -0.096443050 0.593152404 0.006356410 0.799267530
1754429152714669824.000000 -2.860373974 0.900636196 7.463944435 -0.095198147 0.597232759 0.008248596 0.796355665
1754429152781352960.000000 -2.845705986 0.886595070 7.472352028 -0.097122036 0.604002476 0.011110351 0.790964544
1754429152814694656.000000 -2.832212448 0.887449622 7.478557110 -0.096617378 0.605296075 0.011889731 0.790025592
1754429152848036352.000000 -2.816289425 0.889076412 7.482789040 -0.096122734 0.605942369 0.012631687 0.789578855
1754429152914719744.000000 -2.786045074 0.892008424 7.490004063 -0.091834255 0.606069922 0.012832430 0.789988041
1754429152948061184.000000 -2.770429134 0.894073188 7.491924763 -0.089101478 0.605617762 0.012329105 0.790655494
1754429153014744832.000000 -2.736767292 0.895028591 7.497106552 -0.085975021 0.605057061 0.015439763 0.791375935
1754429153048086528.000000 -2.718150616 0.894271016 7.498840332 -0.085705534 0.604449391 0.017550323 0.791825473
1754429153081428224.000000 -2.700379372 0.893866658 7.501784325 -0.084667966 0.604405761 0.018103721 0.791957974
1754429153148110592.000000 -2.657819271 0.898660302 7.509902954 -0.080690898 0.606524467 0.017656771 0.790762484
1754429153181452032.000000 -2.653059959 0.885205805 7.510979652 -0.081139423 0.607411504 0.015814811 0.790074408
1754429153248135680.000000 -2.622775555 0.881866515 7.519794941 -0.080672562 0.607882977 0.012461184 0.789819658
1754429153281477120.000000 -2.608766556 0.879145682 7.524033546 -0.080598466 0.607583702 0.011565501 0.790071130
1754429153348160768.000000 -2.571238041 0.885707617 7.519414425 -0.081317328 0.606842518 0.009574086 0.790593505
1754429153381502464.000000 -2.557430267 0.884343386 7.525634766 -0.083066665 0.607442141 0.009417251 0.789952815
1754429153448185600.000000 -2.530267239 0.888979018 7.552433491 -0.085650787 0.610234022 0.009580150 0.787519336
1754429153481527552.000000 -2.518075466 0.890340090 7.558616161 -0.086953118 0.611671567 0.009410747 0.786262453
1754429153548209920.000000 -2.490842342 0.891820967 7.569087029 -0.089107327 0.615104556 0.008443036 0.783348501
1754429153581551872.000000 -2.477900505 0.893716455 7.573446751 -0.090318233 0.617605686 0.008475814 0.781238794
1754429153614893312.000000 -2.464014530 0.894820869 7.578410625 -0.091912739 0.620275676 0.007647630 0.778942704
1754429153681576960.000000 -2.433302402 0.893690109 7.583293915 -0.096727744 0.623949170 0.004629086 0.775441706
1754429153748259328.000000 -2.410836220 0.897059679 7.603549480 0.098988317 -0.629735291 -0.001547391 -0.770475507
1754429153781600512.000000 -2.396627426 0.899006486 7.609330654 0.100742094 -0.633643329 -0.000057268 -0.767037928
1754429153814941696.000000 -2.385191441 0.901870310 7.614032269 0.102249227 -0.638345718 0.001833960 -0.762926280
1754429153881623808.000000 -2.359761715 0.908135355 7.629293919 0.104013391 -0.648963213 0.006783643 -0.753645837
1754429153914964992.000000 -2.347549438 0.910852313 7.637025833 0.103814326 -0.654569149 0.010532741 -0.748766243
1754429153981647360.000000 -2.314165592 0.911583424 7.649442673 0.102262206 -0.666056097 0.018959641 -0.738615096
1754429154014987264.000000 -2.304358482 0.913226366 7.656052113 0.101408385 -0.672192633 0.021287683 -0.733089507
1754429154081669376.000000 -2.281295300 0.909773886 7.668137550 0.099775538 -0.684422791 0.024219215 -0.721819758
1754429154115010560.000000 -2.266685009 0.910692990 7.681515694 -0.098226994 0.690925419 -0.025024224 0.715784490
1754429154148351744.000000 -2.253503323 0.908965468 7.685660362 -0.096851975 0.696923614 -0.026106367 0.710095525
1754429154215034112.000000 -2.218629837 0.908171654 7.698955536 -0.093527116 0.708739460 -0.027776392 0.698691368
1754429154248375040.000000 -2.213295937 0.908476293 7.701011181 0.090881944 -0.714058995 0.026740471 -0.693646371
1754429154281716224.000000 -2.199296951 0.908684194 7.704220772 0.088963710 -0.718934178 0.026034569 -0.688869715
1754429154315057152.000000 -2.185870171 0.907125890 7.707516670 0.086718284 -0.723391652 0.025629612 -0.684490800
1754429154381739264.000000 -2.157002449 0.907280326 7.711576462 0.083788112 -0.732527733 0.022575954 -0.675183713
1754429154415080448.000000 -2.141859055 0.908137977 7.713709831 0.085053705 -0.736995280 0.019103352 -0.670252860
1754429154481761792.000000 -2.109182358 0.910183668 7.716902733 0.088565819 -0.745171666 0.012633409 -0.660844803
1754429154515102976.000000 -2.094359398 0.913387060 7.716628075 0.090166859 -0.748215556 0.009947550 -0.657224834
1754429154548443904.000000 -2.078342438 0.917730570 7.717520714 0.091694854 -0.750509143 0.007715878 -0.654422462
1754429154581785088.000000 -2.065941811 0.919987082 7.717110634 0.092738472 -0.752226114 0.005983702 -0.652318716
1754429154648466944.000000 -2.026353836 0.913065135 7.727676868 -0.097520925 0.755662680 -0.003017536 0.647653043
1754429154681807872.000000 -2.011384964 0.914801121 7.730188847 -0.098869115 0.756619573 -0.001816146 0.646334648
1754429154715149568.000000 -1.985321045 0.914948821 7.737919807 0.099310622 -0.757179320 0.000686659 -0.645613313
1754429154781832960.000000 -1.953850746 0.918839812 7.732960701 0.098636851 -0.755885661 -0.001760520 -0.647228479
1754429154815174656.000000 -1.939446449 0.922449470 7.728277206 0.097998410 -0.754384935 -0.003291503 -0.649067700
1754429154848516352.000000 -1.921849251 0.922297001 7.729081631 0.095638759 -0.752801716 -0.004047366 -0.651249945
1754429154915198464.000000 -1.892532349 0.921152294 7.717575073 0.086644806 -0.747079849 -0.003304718 -0.659054995
1754429154948539904.000000 -1.877679825 0.921104670 7.711634636 0.081616506 -0.743789256 -0.003747224 -0.663402140
1754429154981881856.000000 -1.861025810 0.917800665 7.706423759 0.078655861 -0.740284026 -0.005092406 -0.667657793
1754429155015223552.000000 -1.843986511 0.915191293 7.702247620 0.076626658 -0.737158477 -0.005581796 -0.671338022
1754429155081906688.000000 -1.810575485 0.909169078 7.694673061 0.072980531 -0.731893897 -0.004789103 -0.677482426
1754429155115248384.000000 -1.795401573 0.905439973 7.690689087 0.071875401 -0.729610264 -0.003246512 -0.680067837
1754429155148590080.000000 -1.778942108 0.902897000 7.688032150 0.072131880 -0.727000833 -0.001316644 -0.682836056
1754429155215273472.000000 -1.739251137 0.905080736 7.691345215 0.075397365 -0.721497059 -0.000371355 -0.688300252
1754429155248615168.000000 -1.731719971 0.903909683 7.685595036 0.078961983 -0.717131853 -0.002340931 -0.692445934
1754429155281956608.000000 -1.715997219 0.905297041 7.684927940 0.081816413 -0.713798523 -0.003411123 -0.695547402
1754429155315298560.000000 -1.712689400 0.898049891 7.665776730 -0.085401066 0.708767593 0.004679799 0.700238049
1754429155381980928.000000 -1.677274227 0.897123098 7.664062500 -0.091321602 0.704013169 0.007531354 0.704250753
1754429155415322624.000000 -1.660390377 0.897459149 7.662961960 -0.094348796 0.702044308 0.009123756 0.705796659
1754429155448664064.000000 -1.619291782 0.904775381 7.683848858 0.095444530 -0.701351404 -0.009748450 -0.706329644
1754429155515347712.000000 -1.587151051 0.905353189 7.684765816 0.097914778 -0.698129594 -0.011968488 -0.709143579
1754429155548689152.000000 -1.571645737 0.906799316 7.684212208 0.098780863 -0.697765946 -0.013295234 -0.709357738
1754429155582031104.000000 -1.555788517 0.908140421 7.685064793 0.099825710 -0.698116660 -0.014529515 -0.708841980
1754429155648714240.000000 -1.522868633 0.910754621 7.687481403 0.101349279 -0.701200306 -0.017122928 -0.705516398
1754429155682056192.000000 -1.507931232 0.911908984 7.690175056 0.103315324 -0.704176307 -0.018698057 -0.702219427
1754429155748738304.000000 -1.486309528 0.912840664 7.687788963 0.107453845 -0.711167157 -0.017300623 -0.694547117
1754429155782077952.000000 -1.459768772 0.917329252 7.701664925 0.108582065 -0.714976609 -0.015018594 -0.690501869
1754429155815418880.000000 -1.444291592 0.918180108 7.706793308 0.109669305 -0.717967391 -0.012341937 -0.687272251
1754429155848759552.000000 -1.428969383 0.918185472 7.713406563 0.109380111 -0.721280515 -0.009385929 -0.683887780
1754429155915441408.000000 -1.397714615 0.917827129 7.722314835 0.108208589 -0.729004204 -0.003550093 -0.675892889
1754429155948782080.000000 -1.381460190 0.918100595 7.724791527 0.109497719 -0.733012795 -0.001834682 -0.671341300
1754429155982123264.000000 -1.375640869 0.911564112 7.705346107 -0.112174951 0.735239387 0.001677465 0.668458819
1754429156048804864.000000 -1.341692924 0.907535911 7.718341827 -0.116155691 0.742270529 -0.000987538 0.659955680
1754429156082145536.000000 -1.325361252 0.906113029 7.722050667 -0.114835560 0.746896803 -0.001740435 0.654946566
1754429156115486464.000000 -1.302769661 0.911190450 7.741812706 0.111004494 -0.754556358 0.001549263 -0.646776855
1754429156182168064.000000 -1.270824432 0.911090851 7.743633270 0.107300133 -0.767408013 -0.002298777 -0.632112682
1754429156215507712.000000 -1.255302429 0.911848307 7.743732929 0.106696464 -0.774168074 -0.005252851 -0.623900712
1754429156248848640.000000 -1.236695290 0.911804557 7.729793549 0.106722012 -0.779193223 -0.008087194 -0.617578387
1754429156282189312.000000 -1.225218773 0.913769364 7.742518425 0.106750816 -0.786417842 -0.011147623 -0.608298481
1754429156348870656.000000 -1.194571495 0.914799035 7.739355087 0.106501773 -0.796412468 -0.016964637 -0.595060289
1754429156382211584.000000 -1.181901932 0.915951729 7.737323761 0.105430104 -0.800985575 -0.018968215 -0.589021862
1754429156415552256.000000 -1.169335365 0.916637242 7.734705448 0.104024664 -0.805158734 -0.020375207 -0.583509386
1754429156448893184.000000 -1.157356262 0.915738165 7.731505394 0.102216318 -0.808834851 -0.021274086 -0.578692973
1754429156515574784.000000 -1.134142876 0.915064633 7.723482132 0.097736001 -0.815128207 -0.022831075 -0.570519447
1754429156548915712.000000 -1.122086525 0.915166438 7.718496323 0.096531108 -0.817584455 -0.023887444 -0.567156851
1754429156582256128.000000 -1.109275818 0.915483773 7.713348389 0.095601149 -0.819538891 -0.024996514 -0.564439178
1754429156615597056.000000 -1.091826439 0.905672610 7.694763660 -0.096548811 0.819567859 0.027011108 0.564143062
1754429156648937728.000000 -1.080423355 0.906772435 7.691419601 -0.095471583 0.820404649 0.027884284 0.563066423
1754429156715618304.000000 -1.055444717 0.912244618 7.676829338 -0.092462488 0.819262326 0.031083714 0.565060914
1754429156748959488.000000 -1.030007362 0.912850142 7.668829441 0.089587130 -0.818241119 -0.032983150 -0.566893160
1754429156782300416.000000 -1.024942398 0.918963552 7.665358543 0.084441885 -0.817865670 -0.032862537 -0.568230093
1754429156815641600.000000 -1.012279510 0.917684317 7.654605865 0.078160629 -0.817109644 -0.032781225 -0.570217729
1754429156882323968.000000 -0.987924576 0.914997160 7.632920265 0.062771194 -0.816135645 -0.033543307 -0.573460758
1754429156915665152.000000 -0.975835800 0.913667560 7.622313976 0.056567997 -0.815151215 -0.034062933 -0.575472295
1754429156949006080.000000 -0.963108063 0.911889434 7.612481117 0.051844887 -0.814206898 -0.034013975 -0.577254176
1754429157015688192.000000 -0.934736252 0.906660438 7.593864441 0.044879638 -0.813973546 -0.033862334 -0.578174889
1754429157049029376.000000 -0.919120789 0.903268754 7.588238716 0.043469071 -0.813762665 -0.031062005 -0.578736544
1754429157082370304.000000 -0.902660370 0.899064779 7.581557751 0.044523340 -0.812613726 -0.027582686 -0.580444515
1754429157115710464.000000 -0.885674477 0.895558894 7.576265335 0.046399076 -0.810727417 -0.024815390 -0.583054364
1754429157149051392.000000 -0.869217873 0.893612266 7.570969582 0.048571292 -0.808328688 -0.023146708 -0.586267769
1754429157215733504.000000 -0.837231636 0.891847968 7.561368942 0.053484105 -0.804408431 -0.023064217 -0.591214657
1754429157249074944.000000 -0.811705589 0.882157922 7.549411774 0.057430517 -0.803060234 -0.023639791 -0.592652678
1754429157282416128.000000 -0.804665565 0.886953115 7.547437668 -0.058618918 0.803391933 0.022824042 0.592118561
1754429157349098240.000000 -0.776458740 0.885847330 7.539855957 -0.063371837 0.804225624 0.024384487 0.590432525
1754429157382439168.000000 -0.758722305 0.886119545 7.535841465 -0.065892279 0.804836869 0.025638223 0.589269578
1754429157415780352.000000 -0.734233856 0.881249607 7.530199528 0.069135159 -0.805299342 -0.027099051 -0.588199854
1754429157449121280.000000 -0.717549324 0.881271839 7.526940346 0.070958756 -0.806230128 -0.027453357 -0.586689174
1754429157482462464.000000 -0.699973106 0.880606413 7.523458481 0.072533853 -0.807745755 -0.027818846 -0.584390163
1754429157549143552.000000 -0.664268494 0.882209659 7.517134666 0.074571908 -0.812869072 -0.028710539 -0.576939166
1754429157582484736.000000 -0.645726204 0.884323895 7.513893127 0.075018160 -0.816380382 -0.028808059 -0.571896493
1754429157615825664.000000 -0.626081467 0.886105478 7.511271000 0.076116279 -0.820568562 -0.029056637 -0.565711319
1754429157682507776.000000 -0.587553978 0.890008628 7.506507874 0.077698864 -0.829497516 -0.027085643 -0.552415788
1754429157715848960.000000 -0.568997383 0.891496420 7.505119324 0.077259637 -0.834033728 -0.024979526 -0.545705736
1754429157749189632.000000 -0.552977562 0.890002728 7.502899170 0.076305836 -0.838586628 -0.021161098 -0.538982570
1754429157782530560.000000 -0.530765533 0.890843034 7.503493309 0.073719941 -0.844228685 -0.017001035 -0.530616999
1754429157815871232.000000 -0.511338234 0.889322460 7.502998352 0.071856208 -0.849463522 -0.013989035 -0.522544563
1754429157882553344.000000 -0.480361938 0.886062086 7.498785019 -0.067476965 0.859369993 0.007694986 0.506824255
1754429157915894016.000000 -0.459174156 0.881348729 7.497051239 -0.066133954 0.863940358 0.005181890 0.499206007
1754429157949234944.000000 -0.439377785 0.875889599 7.494504452 -0.063430265 0.868529797 0.002408810 0.491555631
1754429158015915520.000000 -0.395283699 0.863557696 7.487068176 0.057158772 -0.877856195 0.000839560 -0.475500554
1754429158049256448.000000 -0.376610756 0.862365007 7.482607841 0.053633466 -0.883473933 -0.001352766 -0.465398252
1754429158082597376.000000 -0.357357979 0.862051606 7.475930214 0.052046761 -0.889181495 -0.005262423 -0.454554498
1754429158115938048.000000 -0.336142540 0.861698329 7.469060421 0.051880553 -0.894710183 -0.008895863 -0.443534642
1754429158149278976.000000 -0.316280365 0.859788895 7.460731983 0.052298754 -0.899992883 -0.012328103 -0.432580233
1754429158215960576.000000 -0.279423714 0.858900726 7.446478844 0.054677859 -0.909222662 -0.019263420 -0.412254035
1754429158249301248.000000 -0.273821831 0.857944131 7.439730167 0.055372704 -0.912229300 -0.021876471 -0.405330688
1754429158282642176.000000 -0.245594025 0.857865691 7.429711819 0.055720486 -0.915547729 -0.025260631 -0.397529483
1754429158315982848.000000 -0.230800629 0.857724309 7.420783043 0.054789037 -0.918211937 -0.028482264 -0.391246647
1754429158382664448.000000 -0.204887390 0.857543945 7.401758194 0.051798336 -0.922815204 -0.030968180 -0.380486578
1754429158416005376.000000 -0.208548546 0.859663069 7.396438599 -0.048912551 0.924429238 0.031216344 0.376913428
1754429158449345024.000000 -0.193233490 0.860026479 7.384449005 -0.047491346 0.925696790 0.031883731 0.373916447
1754429158516026624.000000 -0.165990829 0.862648249 7.358560562 -0.045033369 0.926972985 0.032664016 0.370980024
1754429158549367552.000000 -0.141256332 0.860969841 7.342873096 0.044490315 -0.926045954 -0.032753941 -0.373345256
1754429158582708480.000000 -0.138333321 0.866781116 7.331768990 -0.040983181 0.927048981 0.033234663 0.371208876
1754429158649389824.000000 -0.110148430 0.867577136 7.301046848 -0.035099264 0.926873028 0.033751622 0.372203410
1754429158682730496.000000 -0.096760750 0.865864456 7.285770416 -0.031679161 0.926767647 0.033071902 0.372833073
1754429158716071680.000000 -0.085641861 0.863721728 7.270246029 -0.028709367 0.926404357 0.031846650 0.374081075
1754429158749412608.000000 -0.063603401 0.849849582 7.255787373 0.028871633 -0.925849557 -0.031905238 -0.375434726
1754429158782753536.000000 -0.056379318 0.854935646 7.239571095 -0.024698757 0.924811721 0.028555252 0.378547192
1754429158816094464.000000 -0.044428825 0.850798428 7.225341797 -0.021331288 0.924052775 0.025575373 0.380811393
1754429158882775552.000000 -0.015255928 0.841486096 7.198642254 -0.017593058 0.922451615 0.018015128 0.385290831
1754429158916116736.000000 -0.007672310 0.832176924 7.186526299 -0.018426359 0.921555459 0.016584652 0.387454659
1754429158949457664.000000 0.007542610 0.828953862 7.173659325 -0.019401459 0.920628846 0.015729327 0.389639229
1754429158982798592.000000 0.021898270 0.826735437 7.163905621 -0.021469081 0.920217633 0.015427511 0.390513271
1754429159049480704.000000 0.064776421 0.817721784 7.142349243 0.028234793 -0.918877900 -0.016492872 -0.393184662
1754429159082821888.000000 0.077455521 0.815742493 7.131277561 0.030474551 -0.918351948 -0.016667070 -0.394237548
1754429159116162816.000000 0.089728355 0.813642204 7.120335102 0.032723382 -0.918119192 -0.017633725 -0.394557238
1754429159149503744.000000 0.103041649 0.811981261 7.110141277 0.034331754 -0.918402731 -0.018590828 -0.393715918
1754429159182844672.000000 0.117449760 0.810179114 7.099151611 0.035374317 -0.919354856 -0.019518653 -0.391349524
1754429159249526784.000000 0.151984215 0.804062068 7.072120667 0.039582569 -0.921686590 -0.019907113 -0.385396957
1754429159282867968.000000 0.157129288 0.807547987 7.066199303 0.037720587 -0.922733068 -0.020079691 -0.383063585
1754429159316208896.000000 0.170689583 0.806723118 7.056319237 0.037657250 -0.923787415 -0.020600162 -0.380492508
1754429159349548800.000000 0.172684669 0.809717536 7.050472260 -0.036740225 0.924931824 0.020420460 0.377802044
1754429159382889984.000000 0.187591553 0.810169518 7.038177490 -0.036607008 0.926149130 0.021305984 0.374771684
1754429159416230656.000000 0.200881958 0.813633978 7.031125069 -0.035108481 0.929101110 0.022466185 0.367469668
1754429159449571840.000000 0.236765862 0.809370816 7.009745121 0.038292598 -0.930047274 -0.021723332 -0.364793032
1754429159516253952.000000 0.276467323 0.804476798 6.985795021 -0.041100968 0.933843374 0.017464750 0.354883552
1754429159549594624.000000 0.292231560 0.803892851 6.976474762 -0.040595371 0.935629904 0.014400530 0.350344658
1754429159582935808.000000 0.307681084 0.802486539 6.968026161 -0.039045583 0.937406182 0.009862684 0.345901549
1754429159616276736.000000 0.323022842 0.801420391 6.958508968 -0.036832135 0.939189434 0.006743304 0.341351897
1754429159682958848.000000 0.355807304 0.796341419 6.938895226 -0.034109760 0.942532420 0.003268340 0.332352936
1754429159716299520.000000 0.373402119 0.791999400 6.929462433 -0.033297222 0.944238603 0.002184615 0.327566922
1754429159749640704.000000 0.400889397 0.788350582 6.909534931 0.032928769 -0.945795238 -0.000967732 -0.323088676
1754429159782980352.000000 0.417766571 0.783866763 6.899854183 0.032716628 -0.947318971 -0.000253811 -0.318616241
1754429159816321536.000000 0.432772160 0.779838324 6.890669823 0.031379070 -0.948828280 0.000863517 -0.314228594
1754429159883003136.000000 0.460388184 0.773311615 6.872256279 0.027532969 -0.951846004 0.003333249 -0.305319697
1754429159916344064.000000 0.474367619 0.771573842 6.863309383 0.026146930 -0.953530788 0.003416651 -0.300139636
1754429159949684992.000000 0.487659931 0.771566272 6.853625298 0.024789389 -0.955377758 0.001683056 -0.294339955
1754429159983025664.000000 0.500377178 0.770663619 6.842900276 0.024456833 -0.957425594 -0.001515698 -0.287638485
1754429160016366848.000000 0.512792110 0.769475698 6.831805229 0.024346437 -0.959646463 -0.003867378 -0.280126840
1754429160049707776.000000 0.524950981 0.768078208 6.821496010 0.023980115 -0.961925268 -0.005234244 -0.272208244
1754429160116389632.000000 0.549526215 0.765515268 6.795401573 -0.026223416 0.965046167 0.008625666 0.260622114
1754429160149730560.000000 0.560010433 0.765247464 6.786083221 -0.026876453 0.965936184 0.009625860 0.257201046
1754429160183071488.000000 0.569456100 0.764563322 6.776058197 -0.026509535 0.966569185 0.010058835 0.254833609
1754429160216411136.000000 0.577362537 0.763931513 6.764868259 -0.025438545 0.967108071 0.010045040 0.252891511
1754429160283092992.000000 0.601059914 0.762533367 6.736096382 0.024712946 -0.967709959 -0.011259723 -0.250599205
1754429160316433920.000000 0.609783173 0.762329876 6.723534584 0.023928285 -0.967450321 -0.011038699 -0.251685381
1754429160349774592.000000 0.616897106 0.763092041 6.711262703 0.022579722 -0.966776133 -0.009450763 -0.254449874
1754429160383115520.000000 0.618181705 0.764053583 6.701063156 -0.020360727 0.965796471 0.008046602 0.258375734
1754429160449797120.000000 0.630889416 0.762877166 6.671122074 -0.014184278 0.964227915 0.005631205 0.264635146
1754429160483137792.000000 0.636317253 0.761891067 6.654420853 -0.009985528 0.963726521 0.003990364 0.266675144
1754429160516478720.000000 0.642035961 0.761635542 6.637464523 -0.004769110 0.963439226 0.001372368 0.267881125
1754429160549819648.000000 0.646786690 0.760866821 6.621866226 0.000718049 0.963367462 -0.001756446 0.268178433
1754429160583160576.000000 0.663983345 0.757423818 6.599123955 0.004526100 0.963472784 -0.004463058 0.267731130
1754429160649842176.000000 0.678588390 0.753593862 6.564542294 0.010338041 0.962874770 -0.009985968 0.269565761
1754429160683182336.000000 0.687154293 0.749429703 6.548915863 0.010487548 0.962164640 -0.012751402 0.271968067
1754429160716523008.000000 0.695984364 0.746463478 6.533167362 0.010096527 0.961260498 -0.016981028 0.274932772
1754429160749863936.000000 0.706525326 0.741642714 6.517797470 0.009280940 0.960338831 -0.020929040 0.277894288
1754429160783204864.000000 0.717945099 0.735397577 6.509340286 -0.007099814 -0.959291875 0.023861602 -0.281317294
1754429160849886464.000000 0.738254547 0.729648113 6.481081486 -0.002680260 -0.956144452 0.028966071 -0.291447550
1754429160883227648.000000 0.748067379 0.728547573 6.467495918 0.000426399 -0.954118550 0.027590752 -0.298155010
1754429160916568320.000000 0.759177208 0.726432920 6.452995300 0.003127977 -0.952228308 0.025853498 -0.304274619
1754429160949909504.000000 0.770304203 0.725027919 6.439301491 0.005263323 -0.950604022 0.024938118 -0.309358090
1754429161016591104.000000 0.790829659 0.719916701 6.413487434 0.010487374 -0.947523236 0.022672346 -0.318709642
1754429161049932032.000000 0.802129269 0.716744542 6.401654720 0.012730526 -0.946047127 0.020684404 -0.323117644
1754429161083272960.000000 0.814435959 0.710724235 6.391942978 -0.013415755 0.945050478 -0.018878212 0.326103032
1754429161116612864.000000 0.823534489 0.706542730 6.384953022 0.014855177 -0.944366992 0.017898835 -0.328070104
1754429161149953536.000000 0.832529068 0.704308271 6.376630783 0.015744898 -0.943914831 0.018458808 -0.329296649
1754429161183294464.000000 0.841341019 0.703126490 6.369332314 0.016245114 -0.943925142 0.019671490 -0.329172611
1754429161216635392.000000 0.851536751 0.702251732 6.362113476 0.016575353 -0.944144487 0.021034198 -0.328441888
1754429161249976320.000000 0.861536026 0.701522112 6.355496407 0.017188767 -0.944531441 0.022216013 -0.327217758
1754429161283316992.000000 0.871486664 0.702086091 6.348628521 0.017947439 -0.945295691 0.022202935 -0.324963063
1754429161349998592.000000 0.891278267 0.702696085 6.335636139 0.019286318 -0.947932422 0.022874944 -0.317062974
1754429161383339520.000000 0.898202419 0.702823400 6.329370499 -0.018925792 0.949528992 -0.025154673 0.312095940
1754429161416680448.000000 0.918991089 0.703290999 6.328558922 0.018379016 -0.951974690 0.027512558 -0.304383844
1754429161450021632.000000 0.931850433 0.703068972 6.323460102 0.017019179 -0.954136312 0.030366141 -0.297341764
1754429161483362304.000000 0.943043232 0.703881979 6.320144653 0.016024197 -0.956182599 0.033208530 -0.290439844
1754429161516703232.000000 0.955849648 0.703927279 6.316448212 0.015232161 -0.958005488 0.035874553 -0.284088969
1754429161550042880.000000 0.967419624 0.703195870 6.312677383 0.014675661 -0.959452212 0.039216176 -0.278744072
1754429161583383808.000000 0.972630501 0.702267647 6.306374073 -0.013044965 0.960436285 -0.041964162 0.275011063
1754429161616724480.000000 0.994678974 0.698748708 6.299839973 -0.012542659 0.961870730 -0.043178201 0.269783497
1754429161650065408.000000 1.014762878 0.699469864 6.300473213 0.011370773 -0.963300526 0.045071252 -0.264370143
1754429161716747008.000000 1.045467854 0.696206927 6.294670105 0.009066422 -0.965073586 0.048551168 -0.257281333
1754429161750088448.000000 1.062134743 0.695196271 6.292352676 0.007927644 -0.965719223 0.049903467 -0.254623532
1754429161783429376.000000 1.078831196 0.692623615 6.290616035 0.006809107 -0.966361642 0.051323440 -0.251922101
1754429161816770560.000000 1.095644951 0.691192746 6.288804531 0.006947364 -0.967051625 0.052466623 -0.249018654
1754429161850111488.000000 1.111573696 0.690769076 6.287198067 0.007814663 -0.967594087 0.053839963 -0.246580511
1754429161883452672.000000 1.122175217 0.690802395 6.288971901 0.007468362 -0.967982352 0.055950001 -0.244589478
1754429161950134784.000000 1.150273323 0.688954949 6.285963058 -0.009217294 0.968849182 -0.060985520 0.239848420
1754429161983476224.000000 1.162539959 0.688221395 6.284732819 -0.009407993 0.969437897 -0.063556895 0.236774445
1754429162016816128.000000 1.175828457 0.686926961 6.283967972 -0.009639777 0.970244229 -0.064518981 0.233174816
1754429162050157312.000000 1.187186718 0.687177837 6.282708168 -0.010126733 0.971202195 -0.065096363 0.228967980
1754429162083498240.000000 1.198584557 0.686896443 6.281358719 -0.009702500 0.972427905 -0.065633669 0.223566651
1754429162116839424.000000 1.209284782 0.686151743 6.279839516 -0.011279380 0.973701119 -0.065807946 0.217826083
1754429162150180352.000000 1.227880955 0.686239660 6.280669212 0.012197345 -0.975136459 0.066044062 -0.211183012
1754429162216862464.000000 1.241084099 0.683836341 6.274289608 -0.012016960 0.977814078 -0.067580722 0.197909653
1754429162250203648.000000 1.247978687 0.683821261 6.272989273 -0.012068997 0.979407609 -0.068372987 0.189579174
1754429162283544832.000000 1.253852844 0.683491111 6.272314548 -0.012040061 0.981020391 -0.068028189 0.181179896
1754429162316886016.000000 1.259867668 0.683789432 6.271063805 -0.011564317 0.982441008 -0.066798195 0.173821375
1754429162383568128.000000 1.272174835 0.685108304 6.268959999 -0.011069212 0.984735370 -0.065522514 0.160874724
1754429162416909312.000000 1.283144951 0.685421824 6.266249180 0.011108370 -0.985814810 0.065063767 -0.154312998
1754429162450249216.000000 1.290721893 0.684867322 6.266120434 0.011339328 -0.986816108 0.064006701 -0.148218200
1754429162483590400.000000 1.298033237 0.684927464 6.265964031 0.012669938 -0.987612665 0.063629024 -0.142871112
1754429162516931328.000000 1.305997849 0.685059845 6.265903950 0.014667457 -0.988251805 0.063959032 -0.138030872
1754429162583613696.000000 1.320320129 0.683733225 6.267235279 0.015359884 -0.988951445 0.065685019 -0.132002398
1754429162616954624.000000 1.325654030 0.682788789 6.267306805 0.014407511 -0.989405930 0.065703012 -0.128652290
1754429162650295808.000000 1.330825329 0.682763696 6.266142845 0.013973331 -0.989838243 0.065818638 -0.125271872
1754429162683636736.000000 1.333725452 0.682894707 6.266893387 0.013965013 -0.990185797 0.066008173 -0.122393399
1754429162750319104.000000 1.341701508 0.682559371 6.264385223 -0.014385733 0.991251707 -0.066830724 0.112901531
1754429162783660288.000000 1.343611240 0.682984471 6.265935898 -0.015480871 0.991635621 -0.067755386 0.108758368
1754429162817001728.000000 1.348198652 0.682494998 6.266485691 -0.016479703 0.991909802 -0.068722807 0.105454177
1754429162883683328.000000 1.358705997 0.681426108 6.268075466 -0.017618636 0.992159188 -0.071540996 0.100953944
1754429162917024256.000000 1.364049673 0.681612730 6.268700600 -0.018683098 0.992298305 -0.071240529 0.099598341
1754429162950365696.000000 1.375685692 0.680549204 6.266460896 0.019480107 -0.992178440 0.071844347 -0.100204147
1754429163017048320.000000 1.386569500 0.679362357 6.265779495 0.022301652 -0.992297769 0.071173221 -0.098905228
1754429163050389248.000000 1.393147945 0.679039121 6.265425205 0.024284452 -0.992432654 0.072512478 -0.096070796
1754429163083730688.000000 1.399691105 0.678092837 6.264650345 0.025312640 -0.992639184 0.073937580 -0.092520058
1754429163150413312.000000 1.411134720 0.675340593 6.260581970 -0.029112300 0.993497670 -0.072634727 0.082698770
1754429163183754752.000000 1.417732239 0.674952865 6.259698868 -0.030906800 0.993781924 -0.073178187 0.078020528
1754429163217095680.000000 1.424398184 0.675244212 6.258938313 -0.032749660 0.994003892 -0.073298626 0.074236795
1754429163250437120.000000 1.431139708 0.675290823 6.258253574 -0.035018284 0.994232178 -0.072249547 0.071106136
1754429163283778304.000000 1.437328100 0.676307797 6.256843567 -0.037142798 0.994435787 -0.071616888 0.067742586
1754429163350460160.000000 1.446785212 0.677808821 6.258122444 0.039670791 -0.994888127 0.071357846 -0.059430458
1754429163383801088.000000 1.453662395 0.676667273 6.257137299 0.039624318 -0.995110691 0.070825778 -0.056287844
1754429163417142272.000000 1.458950043 0.673850417 6.257378101 -0.037767868 0.995352983 -0.071057208 0.052886199
1754429163450483456.000000 1.463530302 0.671389341 6.257410049 -0.036535978 0.995457232 -0.072683737 0.049468976
1754429163517166336.000000 1.468979597 0.669752359 6.261343956 -0.031970840 0.995695949 -0.076478347 0.041455559
1754429163550507520.000000 1.470401764 0.669621706 6.262716770 -0.030736621 0.995799899 -0.077012844 0.038819827
1754429163583848704.000000 1.472224712 0.669903815 6.262888432 0.029531995 -0.995848238 0.077915311 -0.036652546
1754429163617189888.000000 1.470264435 0.671881020 6.266627312 0.027801517 -0.995914578 0.078522764 -0.034865338
1754429163683872512.000000 1.473859072 0.672476947 6.265871048 -0.026183747 0.996209025 -0.077201568 0.030364003
1754429163717213952.000000 1.474357128 0.673376679 6.265830994 -0.025339780 0.996449590 -0.074663244 0.029523829
1754429163750555392.000000 1.474001646 0.674191475 6.265783310 -0.024705511 0.996531546 -0.073765993 0.029550213
1754429163783895552.000000 1.474350691 0.675013781 6.267092228 -0.023331530 0.996576607 -0.073765106 0.029144960
1754429163817237248.000000 1.475153208 0.675240278 6.268764019 -0.022793936 0.996581495 -0.073884949 0.029100642
1754429163883919616.000000 1.473521709 0.680113792 6.279135704 0.024715446 -0.996345341 0.075422265 -0.031570192
1754429163917261056.000000 1.479588270 0.676042438 6.273908615 0.026251346 -0.996162534 0.077079155 -0.032093037
1754429163950602496.000000 1.482822657 0.675917804 6.276015282 0.028841179 -0.995828509 0.079310842 -0.034692403
1754429164017285376.000000 1.483998060 0.681256771 6.286854267 0.033364769 -0.995195210 0.082305923 -0.041221771
1754429164050626816.000000 1.492324114 0.677219331 6.279026031 0.034326497 -0.995127976 0.082813039 -0.041037258
1754429164083968256.000000 1.494997978 0.677623153 6.278445244 0.034698121 -0.995105147 0.083104290 -0.040688876
1754429164150650880.000000 1.501019001 0.678679287 6.275784969 0.037504882 -0.995196581 0.080873631 -0.040455848
1754429164183992320.000000 1.500797033 0.679127753 6.276826382 -0.038786098 0.995199025 -0.080076829 0.040770750
1754429164217332736.000000 1.502963305 0.679835558 6.276812553 -0.041196160 0.995101511 -0.079762347 0.041398425
1754429164284015616.000000 1.506973267 0.680245101 6.275330067 -0.044358477 0.994924605 -0.079543144 0.042782079
1754429164317356800.000000 1.506969929 0.680244923 6.274931908 -0.044736803 0.994840264 -0.079723291 0.043997768
1754429164384039936.000000 1.508007288 0.680438995 6.272577286 -0.043940779 0.994980335 -0.078673646 0.043517027
1754429164417381376.000000 1.507105589 0.680532277 6.271665573 -0.043113507 0.995081902 -0.077802397 0.043590069
1754429164450722816.000000 1.499802113 0.685664833 6.277131081 0.041629061 -0.995134413 0.077453986 -0.044446673
1754429164517405440.000000 1.502608299 0.685114980 6.269882679 0.039924718 -0.995353937 0.076323114 -0.043028530
1754429164550746880.000000 1.509075642 0.682847619 6.263219357 0.038593255 -0.995471299 0.076380923 -0.041393824
1754429164584088320.000000 1.502147675 0.685300708 6.266793251 0.037924029 -0.995468259 0.076162882 -0.042473212
1754429164650771200.000000 1.498932123 0.686886668 6.266471386 0.037388820 -0.995381653 0.076418750 -0.044471383
1754429164684111616.000000 1.502131939 0.684133053 6.257581234 -0.038785342 0.995373726 -0.075648583 0.044767678
1754429164717453312.000000 1.501631737 0.684538543 6.254868984 -0.040636878 0.995339870 -0.074804477 0.045293666
1754429164784135936.000000 1.500295877 0.686385870 6.245530605 -0.043161321 0.995593250 -0.070371129 0.044486251
1754429164817477120.000000 1.499119282 0.687437892 6.239081860 -0.043900579 0.995772719 -0.067279920 0.044529572
1754429164884160000.000000 1.495485306 0.688352644 6.226362228 -0.044490643 0.996087909 -0.062227570 0.044240180
1754429164917501696.000000 1.487533331 0.690349460 6.226543903 0.044609267 -0.996124625 0.059479512 -0.046988450
1754429164950843392.000000 1.484260798 0.689867616 6.219521046 0.044158183 -0.996080279 0.058728136 -0.049245700
1754429164984184576.000000 1.481081486 0.688594162 6.211254597 0.043930005 -0.996073902 0.057200942 -0.051331408
1754429165050867200.000000 1.468749762 0.687603474 6.196722507 -0.040837537 0.996254742 -0.051828180 0.055880841
1754429165084208896.000000 1.462993145 0.686569035 6.188162327 -0.038597405 0.996412635 -0.049031530 0.057167307
1754429165117549568.000000 1.455704451 0.684503794 6.179556370 -0.036107328 0.996555448 -0.046942625 0.058050591
1754429165150890752.000000 1.447777271 0.681699514 6.171550751 -0.032872736 0.996687829 -0.045521747 0.058827281
1754429165217573888.000000 1.430049896 0.677345514 6.156212330 0.027687784 -0.996800780 0.043078911 -0.061367400
1754429165250915328.000000 1.423403502 0.675191939 6.146896362 0.025052086 -0.996829927 0.042126827 -0.062672153
1754429165284257024.000000 1.415028572 0.673355341 6.138054371 0.022086987 -0.996871829 0.041435633 -0.063574873
1754429165350939648.000000 1.396672964 0.669572234 6.120648861 0.018092705 -0.996870637 0.038978007 -0.066350386
1754429165384281088.000000 1.388725281 0.668513954 6.111301899 0.016722066 -0.996761620 0.038408492 -0.068640254
1754429165417622784.000000 1.381341696 0.668545723 6.099914074 -0.014009629 0.996670187 -0.037917599 0.070814341
1754429165484305664.000000 1.365045786 0.666113317 6.079326153 -0.007075613 0.996484101 -0.036736637 0.074965656
1754429165517647360.000000 1.356649876 0.664598227 6.069140911 -0.003951165 0.996426344 -0.036874954 0.075889088
1754429165584329216.000000 1.340213299 0.661316574 6.047199726 0.004541658 0.996354878 -0.040107343 0.075152464
1754429165617670656.000000 1.332329750 0.659935474 6.035490513 0.009051545 0.996275961 -0.040976193 0.075320780
1754429165684353792.000000 1.315961361 0.655794501 6.010423183 0.017677961 0.995577753 -0.047458459 0.079121388
1754429165717694976.000000 1.303393841 0.655337751 6.000386238 -0.022021957 -0.995183527 0.049982145 -0.081404500
1754429165751036672.000000 1.294733286 0.651962399 5.986009598 -0.026079427 -0.994935691 0.050821621 -0.082705252
1754429165817719552.000000 1.276794434 0.646087468 5.955007553 -0.034307022 -0.994674921 0.051017217 -0.082716793
1754429165851060992.000000 1.268908501 0.642936170 5.938580990 -0.036210932 -0.994716763 0.049418420 -0.082372695
1754429165884402432.000000 1.263390303 0.639786482 5.919992924 -0.036156990 -0.994791210 0.046988968 -0.082917571
1754429165951085568.000000 1.251735449 0.637543380 5.879871845 0.038029402 0.994783998 -0.043557860 0.084032342
1754429165984427008.000000 1.246264219 0.636868894 5.857139587 0.040458810 0.994976640 -0.037111331 0.083710186
1754429166017767680.000000 1.241266727 0.636385739 5.836060047 0.041726235 0.995072544 -0.030846167 0.084487543
1754429166051109120.000000 1.235715389 0.635002732 5.817064762 0.043215688 0.995008528 -0.027102312 0.085766710
1754429166117792000.000000 1.224812746 0.632620573 5.782872200 0.047977902 0.994651437 -0.021964623 0.088793300
1754429166151133440.000000 1.220933676 0.630994499 5.767296791 0.049896114 0.994515836 -0.021113142 0.089459069
1754429166184475136.000000 1.215027809 0.628187239 5.753008366 0.051616386 0.994460583 -0.020259611 0.089295030
1754429166251158272.000000 1.210755348 0.624319971 5.734800816 -0.054637507 -0.994299948 0.019177997 -0.089524828
1754429166284499456.000000 1.206200361 0.620806038 5.721071243 -0.055640273 -0.994232953 0.018154934 -0.089863881
1754429166317841152.000000 1.201893091 0.617841125 5.707961082 -0.056233354 -0.994181216 0.016621912 -0.090361722
1754429166384524032.000000 1.195125818 0.617021024 5.681214333 -0.059303101 -0.994259894 0.014445873 -0.087873586
1754429166417865728.000000 1.193002224 0.617618501 5.667225361 -0.059939694 -0.994471312 0.013768209 -0.085115105
1754429166451206144.000000 1.193042517 0.618911326 5.654390812 0.059532806 0.994865358 -0.014021234 0.080636986
1754429166484547840.000000 1.193375587 0.618702352 5.640179634 0.057735346 0.995385289 -0.013724724 0.075409174
1754429166551230976.000000 1.198204041 0.618947506 5.612640858 0.051890243 0.996542931 -0.013956848 0.063362859
1754429166584572672.000000 1.203253984 0.619185984 5.597566605 0.048338816 0.997119844 -0.013996251 0.056740556
1754429166617913600.000000 1.211190701 0.617393374 5.583650112 0.044370651 0.997671783 -0.013433711 0.050018437
1754429166651255296.000000 1.218611002 0.617990553 5.568103313 0.038161006 0.998164594 -0.014172538 0.044837266
1754429166717938432.000000 1.237961531 0.617700219 5.536055565 0.026194451 0.998866141 -0.012612766 0.037699204
1754429166751279616.000000 1.250137806 0.620949388 5.526706696 -0.020546716 -0.999052525 0.014347871 -0.035582110
1754429166817962240.000000 1.267243743 0.616931021 5.494499683 -0.013190834 -0.999204934 0.021727690 -0.030715583
1754429166851303680.000000 1.272619009 0.614559531 5.477898598 -0.011677017 -0.999235213 0.025992084 -0.026778301
1754429166884643840.000000 1.279580355 0.610054970 5.460879803 -0.010690862 -0.999298930 0.028918950 -0.021240205
1754429166917985024.000000 1.287737489 0.605011284 5.442853928 -0.008695091 -0.999362409 0.030936461 -0.015562756
1754429166984667648.000000 1.300147057 0.597782910 5.411209583 -0.006648235 -0.999427319 0.033028122 -0.003168487
1754429167018008832.000000 1.304511189 0.595205843 5.394139767 -0.005763029 -0.999441624 0.032820594 0.002480207
1754429167084690944.000000 1.310119033 0.589312136 5.363258362 -0.005449540 -0.999391198 0.031721137 0.013468589
1754429167151373824.000000 1.311417460 0.583618641 5.333437920 -0.005825068 -0.999354422 0.028332166 0.021309244
1754429167184714752.000000 1.309556723 0.582013011 5.320250511 -0.006259517 -0.999267697 0.028531261 0.024718216
1754429167251397376.000000 1.310895681 0.577986598 5.283928394 -0.007665296 -0.999137819 0.027203573 0.030414088
1754429167284738816.000000 1.308056474 0.578717709 5.268355846 -0.008381001 -0.999146044 0.025317861 0.031557985
1754429167351420160.000000 1.303355932 0.580069184 5.237081528 -0.010728409 -0.999216437 0.021396376 0.031521197
1754429167418102528.000000 1.298669577 0.580963731 5.204966545 -0.013017124 -0.999239683 0.020743405 0.030337984
1754429167484785152.000000 1.294434071 0.582706094 5.171644211 -0.012929095 -0.999318779 0.022349710 0.026369153
1754429167518126336.000000 1.299122691 0.579478800 5.153488159 -0.013522202 -0.999390483 0.021871904 0.023614138
1754429167584808704.000000 1.290212750 0.580025434 5.118759632 -0.015136407 -0.999517858 0.022946922 0.014437636
1754429167651491072.000000 1.280441165 0.578835785 5.083179474 -0.016657017 -0.999479473 0.027138976 0.005173775
1754429167718173696.000000 1.270120263 0.576439261 5.046255112 -0.016218742 -0.999325037 0.032169610 -0.007176099
1754429167751515392.000000 1.264682531 0.573110819 5.024960995 -0.014139760 -0.999291837 0.031932279 -0.014008882
1754429167818197504.000000 1.262305975 0.563829899 4.982755661 -0.009097757 -0.999044299 0.032445658 -0.027840165
1754429167884880896.000000 1.253819704 0.555713654 4.937149525 -0.000733885 -0.998646319 0.027896898 -0.043895576
1754429167918222336.000000 1.250747681 0.555042267 4.914981365 0.003213492 -0.998304307 0.026119493 -0.051923342
1754429167984905472.000000 1.245438337 0.553325772 4.872202873 0.008463643 -0.997622013 0.016523039 -0.066375293
1754429168018247168.000000 1.242099285 0.551905036 4.853019238 0.010271967 -0.997332454 0.010176796 -0.071547002
1754429168084930304.000000 1.238957644 0.548388541 4.816539288 0.014592584 -0.996913195 0.001671787 -0.077125862
1754429168118272000.000000 1.247216702 0.543283761 4.796562672 -0.016593808 0.996798575 0.001903412 0.078190655
1754429168151613440.000000 1.241713524 0.541931748 4.779387951 -0.016726151 0.996629953 0.004418592 0.080184311
1754429168218295552.000000 1.240598917 0.542110860 4.753942490 0.017267847 -0.996489644 -0.009327108 -0.081383094
1754429168251637248.000000 1.239120245 0.542457402 4.739191055 0.018213592 -0.996505380 -0.011280357 -0.080734760
1754429168318320640.000000 1.241464376 0.542514324 4.707765579 0.020839598 -0.996633828 -0.013868657 -0.078067109
1754429168351662080.000000 1.243205547 0.543144464 4.690831661 0.022054147 -0.996677816 -0.014917418 -0.076971442
1754429168385003776.000000 1.245517492 0.542481065 4.674715042 0.023444822 -0.996747196 -0.015497021 -0.075532980
1754429168451687168.000000 1.251819849 0.541987479 4.640632629 0.026269168 -0.997025073 -0.016541140 -0.070550963
1754429168485028864.000000 1.257323742 0.542144299 4.623354912 0.027861523 -0.997154772 -0.017130511 -0.067916460
1754429168518370304.000000 1.263252258 0.542834461 4.605564594 0.029321363 -0.997265935 -0.017485116 -0.065538988
1754429168585053696.000000 1.280447245 0.542923570 4.558745384 -0.033013824 0.997395277 0.019712105 0.061026659
1754429168618395392.000000 1.290098190 0.541946888 4.542847633 0.035148904 -0.997410297 -0.020595543 -0.059271969
1754429168651737088.000000 1.298744202 0.541093946 4.522391319 0.037478965 -0.997414827 -0.020677382 -0.057718456
1754429168718419200.000000 1.314744949 0.532655835 4.479804993 0.039844595 -0.997510612 -0.021045769 -0.054241024
1754429168751760640.000000 1.322957039 0.528385103 4.458507061 0.040683623 -0.997599959 -0.021448070 -0.051762018
1754429168818444032.000000 1.333777666 0.518081903 4.418213844 0.041046470 -0.997693062 -0.025651561 -0.047601808
1754429168851785728.000000 1.338306189 0.515322387 4.399082661 0.040239912 -0.997763097 -0.027474983 -0.045768127
1754429168918468608.000000 1.352526665 0.515276074 4.355360985 -0.039600085 0.997883201 0.031319465 0.040990122
1754429168951810304.000000 1.353443861 0.512506962 4.338872910 -0.038772587 0.997965455 0.032575730 0.038735919
1754429169018493696.000000 1.355822921 0.507122576 4.304415226 -0.035491910 0.998193800 0.036924683 0.031402327
1754429169085176832.000000 1.359086633 0.501472533 4.267826557 0.031626519 -0.998417795 -0.040870316 -0.022168055
1754429169118517760.000000 1.358950853 0.500038505 4.249548435 0.028870424 -0.998505175 -0.042747498 -0.018072091
1754429169185200640.000000 1.355462193 0.496669084 4.211607933 0.020600924 -0.998717904 -0.045070484 -0.010336163
1754429169218542592.000000 1.354482174 0.494925588 4.192740917 0.016361080 -0.998766303 -0.046469759 -0.006228116
1754429169285225728.000000 1.351506472 0.491160452 4.151097298 0.009522666 -0.998798072 -0.048076872 -0.000659563
1754429169351908864.000000 1.348674297 0.490056545 4.108451843 0.005793164 -0.998756528 -0.049515400 0.000264102
1754429169418592256.000000 1.344972134 0.489685655 4.063988686 0.002523959 -0.998743951 -0.049924560 -0.003428744
1754429169451933952.000000 1.343403816 0.489594042 4.042596340 0.000626600 -0.998776257 -0.049114905 -0.005788543
1754429169518617088.000000 1.339919567 0.485695720 3.996942520 -0.001775788 -0.998900354 -0.045275301 -0.012052085
1754429169585299456.000000 1.337011218 0.478218228 3.951361179 -0.003060707 -0.998917162 -0.042683046 -0.018259892
1754429169651983104.000000 1.334982634 0.467465699 3.907508373 -0.001637268 -0.999012828 -0.037266895 -0.024122879
1754429169685324544.000000 1.334327340 0.463818312 3.886378527 -0.001082309 -0.999054372 -0.034540132 -0.026386328
1754429169752007424.000000 1.336044312 0.459343195 3.844823360 0.002491110 -0.998954594 -0.031967476 -0.032583430
1754429169785348864.000000 1.337571740 0.456319153 3.825200558 0.004667159 -0.998851538 -0.031146359 -0.036108769
1754429169852031488.000000 1.341099858 0.449746311 3.787840605 0.009002193 -0.998506904 -0.031873543 -0.043440264
1754429169918714368.000000 1.344027281 0.443483561 3.750473738 0.010979369 -0.998231769 -0.032220181 -0.048732013
1754429169952055808.000000 1.344853878 0.441711545 3.730796099 0.011176592 -0.998139024 -0.033408262 -0.049775396
1754429170018737664.000000 1.349163532 0.438991129 3.692199230 0.012133090 -0.998030901 -0.036361855 -0.049648851
1754429170052078848.000000 1.356812239 0.436700225 3.672071934 0.012774170 -0.998055160 -0.038055167 -0.047692623
1754429170118761728.000000 1.364215851 0.437066734 3.632627249 0.014483052 -0.998110890 -0.040013727 -0.044314817
1754429170152102912.000000 1.367697120 0.437985688 3.612296581 0.014351977 -0.998247385 -0.040104412 -0.041084591
1754429170185444352.000000 1.370676160 0.438237518 3.592212915 0.013550335 -0.998396933 -0.041235641 -0.036327001
1754429170252127232.000000 1.380150557 0.438460737 3.548230410 -0.013015415 0.998781562 0.041401315 0.023496116
1754429170285468672.000000 1.385644794 0.439485669 3.528679132 -0.012687648 0.999009311 0.039477140 0.016157217
1754429170352151296.000000 1.397569060 0.437942147 3.491193056 -0.012708302 0.999299467 0.035099983 0.002675728
1754429170385492480.000000 1.405506015 0.434119463 3.475027800 0.013179181 -0.999320626 -0.034302719 0.002825521
1754429170452174592.000000 1.417325020 0.425258815 3.432993412 0.012038362 -0.999285102 -0.033769090 0.012004665
1754429170518857216.000000 1.429061413 0.415486813 3.391344547 0.012695742 -0.999177516 -0.033546269 0.018917471
1754429170585540096.000000 1.437827229 0.410129964 3.350918055 0.011624292 -0.999030769 -0.035207048 0.023726130
1754429170652222976.000000 1.444248199 0.406251013 3.310143232 0.010017183 -0.998722076 -0.040604409 0.028377084
1754429170718905600.000000 1.449143887 0.403666675 3.267732382 0.008579268 -0.998246551 -0.047261465 0.034591194
1754429170785588992.000000 1.449093461 0.402058274 3.229652405 0.007633025 -0.997696221 -0.053741828 0.040692583
1754429170852272128.000000 1.447309852 0.400041372 3.191546679 0.005450052 -0.996977091 -0.060570568 0.048355591
1754429170885612544.000000 1.446026564 0.398636669 3.172877073 0.004623531 -0.996696711 -0.062509440 0.051642887
1754429170952295680.000000 1.441015363 0.396583438 3.137166500 0.002876156 -0.996476173 -0.063842915 0.054324336
1754429171018979072.000000 1.433787823 0.396801054 3.100214958 0.001200412 -0.996540129 -0.064337194 0.052603081
1754429171085662208.000000 1.427215815 0.399599254 3.058929205 0.000762299 -0.996765971 -0.064117990 0.048434481
1754429171119003904.000000 1.422827482 0.399611562 3.039559364 0.000748080 -0.996966779 -0.063451856 0.045062993
1754429171185687040.000000 1.410287142 0.400025964 2.999976397 0.000670256 -0.997437119 -0.061500352 0.036558282
1754429171252370432.000000 1.395922899 0.396285057 2.959437132 0.001808901 -0.998012960 -0.056282230 0.028270945
1754429171319053312.000000 1.383262634 0.386515349 2.917556763 0.005532406 -0.998563886 -0.049857549 0.018813845
1754429171352394240.000000 1.379858375 0.382373691 2.894077301 -0.007707703 0.998742104 0.047565829 -0.013867114
1754429171419077376.000000 1.366798520 0.369667351 2.846813440 0.014160000 -0.998860061 -0.045523785 0.002394248
1754429171485760768.000000 1.358004689 0.361373961 2.805273056 0.021791395 -0.998678923 -0.044889558 -0.012269307
1754429171552443904.000000 1.351445675 0.356690288 2.765190840 0.027431741 -0.998061299 -0.048527502 -0.027682442
1754429171619127552.000000 1.345692992 0.353398800 2.725238800 0.031269759 -0.997307122 -0.053349834 -0.039427292
1754429171652468992.000000 1.344027996 0.351644754 2.705305338 0.032860048 -0.996942759 -0.055454694 -0.044160914
1754429171719152128.000000 1.342692018 0.348326981 2.667158604 0.035782684 -0.996070981 -0.060863789 -0.053459819
1754429171752493568.000000 1.342414856 0.341573477 2.643951178 0.038071372 -0.995488644 -0.064726740 -0.057995994
1754429171819175168.000000 1.344305754 0.339744031 2.606218100 0.041037977 -0.994608283 -0.068052493 -0.066627093
1754429171852516608.000000 1.345695734 0.339736938 2.588117599 0.042370073 -0.994226873 -0.069413088 -0.069997184
1754429171919199488.000000 1.351342440 0.340702266 2.551740170 -0.044978973 0.993797123 0.070989072 0.072833575
1754429171952540928.000000 1.353750706 0.341198385 2.533640623 -0.046184376 0.993746102 0.071703620 0.072072007
1754429172019223552.000000 1.359471321 0.342505366 2.494859695 0.049507063 -0.993920684 -0.071020037 -0.068021037
1754429172052564736.000000 1.364193201 0.342562675 2.475925446 0.051272310 -0.994015992 -0.070053659 -0.066301644
1754429172119247616.000000 1.375742674 0.336434156 2.431971550 0.056463458 -0.993907511 -0.067495443 -0.066363864
1754429172152588800.000000 1.380531073 0.335284650 2.412400246 0.058131624 -0.993989408 -0.065268926 -0.065923207
1754429172219270656.000000 1.391962767 0.327323973 2.369748116 0.060930118 -0.993868291 -0.065061040 -0.065425403
1754429172252612096.000000 1.397334814 0.322691560 2.348593235 0.061844960 -0.993790030 -0.065044500 -0.065771215
1754429172285953280.000000 1.402465820 0.318615377 2.327973604 0.061762024 -0.993731976 -0.065308578 -0.066461235
1754429172352636416.000000 1.411159277 0.311700046 2.288097620 0.063033827 -0.993377984 -0.068193965 -0.067650259
1754429172385977600.000000 1.414180040 0.309170574 2.268466949 0.064023979 -0.993198216 -0.069492884 -0.068036422
1754429172419319040.000000 1.416305065 0.308040291 2.249340057 0.064095363 -0.993101478 -0.071619235 -0.067172028
1754429172452659968.000000 1.415743589 0.308374166 2.231405973 0.064026661 -0.993007302 -0.074260607 -0.065746248
1754429172519342848.000000 1.417414546 0.305120260 2.194785357 0.064185143 -0.992990255 -0.078737795 -0.060424253
1754429172552684288.000000 1.417012453 0.304106593 2.177609444 0.063760333 -0.993030846 -0.080587514 -0.057706393
1754429172619367168.000000 1.414750934 0.300403655 2.143156528 0.061292168 -0.993297577 -0.082405321 -0.053034220
1754429172652708608.000000 1.413298488 0.299199164 2.126296759 0.059948113 -0.993447483 -0.082724854 -0.051235557
1754429172686048768.000000 1.411239624 0.298013598 2.109209061 0.058266524 -0.993599474 -0.082939997 -0.049860504
1754429172752731648.000000 1.405819178 0.292922020 2.072979927 0.055119053 -0.993779302 -0.083385527 -0.049107283
1754429172786072832.000000 1.401713967 0.292640805 2.055217981 0.053929776 -0.993804872 -0.083157480 -0.050282151
1754429172819414016.000000 1.398577452 0.292784572 2.037104607 0.052946243 -0.993823409 -0.082554497 -0.051927935
1754429172886096640.000000 1.391335011 0.294359446 2.000429630 0.051164892 -0.993844807 -0.080567531 -0.056245625
1754429172919437824.000000 1.387028337 0.294481516 1.982475758 0.050921105 -0.993788779 -0.079995103 -0.058239333
1754429172952779264.000000 1.382996202 0.292892277 1.964052558 0.050377257 -0.993839204 -0.078559540 -0.059785586
1754429173019461888.000000 1.375201821 0.287490338 1.927212000 0.051057156 -0.993807912 -0.075626984 -0.063400894
1754429173052803328.000000 1.375325799 0.281336993 1.909775496 -0.052246589 0.993720710 0.074703805 0.064875178
1754429173086144512.000000 1.367684364 0.275332361 1.895079017 0.053485554 -0.993597507 -0.074005581 -0.066531710
1754429173119484928.000000 1.365403771 0.272554457 1.878756166 0.055416785 -0.993483186 -0.072578065 -0.068210624
1754429173152826112.000000 1.363538027 0.269467890 1.863980412 0.057153124 -0.993367016 -0.070591569 -0.070515186
1754429173219508992.000000 1.361216903 0.264827728 1.833889484 0.060416944 -0.992897928 -0.068606481 -0.076136388
1754429173252850176.000000 1.361359954 0.262999773 1.818238258 0.062047303 -0.992530763 -0.069101244 -0.079106688
1754429173286191360.000000 1.361557603 0.261709660 1.803022027 0.063790143 -0.992063105 -0.070712827 -0.082105473
1754429173352873984.000000 1.364883900 0.260467976 1.771123290 0.069152221 -0.990379930 -0.078871831 -0.090248398
1754429173386215424.000000 1.371362329 0.258912921 1.752706409 -0.072188437 0.989466608 0.081920624 0.095045924
1754429173419556608.000000 1.370325089 0.260023683 1.741782069 0.074274510 -0.988641262 -0.083634317 -0.100384571
1754429173486239232.000000 1.374506235 0.255984038 1.713635206 0.075682350 -0.987425923 -0.085179426 -0.109575108
1754429173519580672.000000 1.376334190 0.254571497 1.699959993 0.075574674 -0.987137198 -0.085694931 -0.111826055
1754429173552920832.000000 1.379230976 0.253999978 1.686085939 0.075478680 -0.986939192 -0.086643010 -0.112902813
1754429173619603712.000000 1.387596846 0.253128678 1.656834841 0.075182289 -0.986855865 -0.089656837 -0.111466751
1754429173652944896.000000 1.392268658 0.252173662 1.641659260 0.074664049 -0.986959934 -0.091392182 -0.109466329
1754429173686286336.000000 1.397883654 0.251654446 1.626726747 0.074225664 -0.987218499 -0.092291802 -0.106641769
1754429173719651584.000000 1.406770945 0.250451773 1.613269448 -0.074537367 0.987543344 0.092977129 0.102750577
1754429173786489344.000000 1.418628097 0.248204514 1.581864834 0.076356024 -0.988057792 -0.093346447 -0.095906489
1754429173819908864.000000 1.426765323 0.246933892 1.565975666 0.076966584 -0.988305748 -0.093471482 -0.092688553
1754429173853329152.000000 1.438207865 0.247664824 1.550874233 -0.077105947 0.988498449 0.093853638 0.090094909
1754429173886749696.000000 1.449146032 0.246499240 1.533720255 -0.078863122 0.988493681 0.095374748 0.086974628
1754429173920171264.000000 1.459299445 0.243745983 1.514563799 0.081750400 -0.988298357 -0.097638898 -0.083964378
1754429173987014912.000000 1.484992743 0.240767211 1.476971149 0.084967151 -0.988004625 -0.101693235 -0.079284519
1754429174020436480.000000 1.498660326 0.239670455 1.460472822 -0.084317587 0.988264263 0.102210678 0.076009385
1754429174053859840.000000 1.508403182 0.235392451 1.440582275 -0.085032016 0.988487244 0.101844937 0.072734199
1754429174087283456.000000 1.513395190 0.231207907 1.426111460 0.082802124 -0.989347517 -0.099664018 -0.066351488
1754429174120707840.000000 1.522305727 0.226678163 1.412359595 0.080221161 -0.990364730 -0.096475221 -0.058606952
1754429174154132480.000000 1.530010939 0.223337620 1.398897409 0.078219764 -0.991252482 -0.093560904 -0.050464083
1754429174187557376.000000 1.536711454 0.220792010 1.385986328 0.076690368 -0.991844237 -0.092539929 -0.042425532
1754429174254408960.000000 1.550268292 0.216862932 1.360061407 0.073616482 -0.992591977 -0.092527211 -0.027939644
1754429174287835904.000000 1.556245089 0.215621889 1.348397970 0.072288483 -0.992794275 -0.092864230 -0.022589119
1754429174321263104.000000 1.561324954 0.214927256 1.337597251 0.070755593 -0.992983043 -0.092984200 -0.018229909
1754429174354690816.000000 1.570183635 0.209735364 1.323504806 -0.070796385 0.992862225 0.094915286 0.014270806
1754429174388119040.000000 1.569778204 0.207423776 1.316883445 0.071132258 -0.992819488 -0.095486626 -0.011489265
1754429174421547776.000000 1.574769139 0.206469193 1.307830691 0.072251663 -0.992786407 -0.095191874 -0.009660755
1754429174488405248.000000 1.585249782 0.204655647 1.289058566 0.076571405 -0.992362559 -0.096338004 -0.008511826
1754429174521835520.000000 1.589680552 0.203740969 1.278837085 0.077817492 -0.992115319 -0.097907670 -0.008107151
1754429174555266048.000000 1.592698574 0.201522410 1.268913031 0.079086334 -0.991893291 -0.099136055 -0.008067789
1754429174588696832.000000 1.595264316 0.200066611 1.257617235 0.079529285 -0.991766572 -0.100105777 -0.007279958
1754429174622128640.000000 1.596915007 0.198370025 1.246039629 0.079103850 -0.991643012 -0.101750441 -0.005799827
1754429174655560704.000000 1.597882390 0.197485849 1.233614206 0.078343965 -0.991430819 -0.104464442 -0.003789168
1754429174688993536.000000 1.604351759 0.203035325 1.217661500 0.078269407 -0.991205096 -0.106670819 -0.002796716
1754429174755729152.000000 1.604912162 0.202981085 1.196002960 0.079587467 -0.990771055 -0.109551094 -0.006098026
1754429174789063424.000000 1.603847027 0.203246415 1.185314894 0.079212539 -0.990718901 -0.109960057 -0.010501944
1754429174822397696.000000 1.602955341 0.202944100 1.175120711 0.079105645 -0.990626335 -0.110221043 -0.015912568
1754429174855731968.000000 1.602586389 0.202115595 1.165002346 0.079146482 -0.990455329 -0.110596918 -0.022414276
1754429174889064960.000000 1.601318240 0.201409072 1.155263662 0.079056166 -0.990344644 -0.110184886 -0.028758636
1754429174955732736.000000 1.599517107 0.199905068 1.135032415 0.079922840 -0.989973187 -0.108387575 -0.042632684
1754429174989066496.000000 1.601987243 0.201663703 1.117595673 -0.081731312 0.989470005 0.108581647 0.049791533
1754429175022400256.000000 1.598060966 0.200625509 1.107242703 0.083239898 -0.988829613 -0.108811945 -0.058712870
1754429175055734272.000000 1.598912120 0.198982969 1.095345974 0.086557716 -0.988003612 -0.108814590 -0.067202725
1754429175089068032.000000 1.600586891 0.199865013 1.084116220 0.090714402 -0.987048209 -0.108740717 -0.075380981
1754429175122401536.000000 1.602919698 0.200157434 1.072960019 0.095307007 -0.985855222 -0.109917410 -0.083212264
1754429175155734784.000000 1.607705712 0.200138271 1.062546730 0.100115284 -0.984529793 -0.112455107 -0.089621313
1754429175189068288.000000 1.611734033 0.200931847 1.051063299 0.104303077 -0.983245015 -0.115150370 -0.095345020
1754429175222401792.000000 1.616007686 0.202360660 1.039652348 0.107748069 -0.982016444 -0.117869988 -0.100701638
1754429175255735040.000000 1.619997263 0.202736288 1.031387568 0.111202188 -0.980853736 -0.120305039 -0.105293915
1754429175289068544.000000 1.625004411 0.203414649 1.020174265 0.114568397 -0.979349732 -0.124957651 -0.110154279
1754429175322401536.000000 1.630230188 0.203834862 1.009680986 0.117786296 -0.977817774 -0.129149169 -0.115409695
1754429175355733760.000000 1.634510279 0.203357995 0.999733448 0.120016187 -0.976518452 -0.131139547 -0.121697366
1754429175389067008.000000 1.640011907 0.203351438 0.990145206 0.121905923 -0.975352645 -0.133234143 -0.126786917
1754429175422400000.000000 1.645172715 0.204039842 0.981913447 0.123663150 -0.974235117 -0.135747999 -0.130942404
1754429175455732736.000000 1.653476954 0.202627927 0.971438527 -0.126190424 0.973059416 0.138802901 0.134033769
1754429175489065984.000000 1.655853987 0.203000098 0.963838696 0.127211213 -0.972418725 -0.139704764 -0.136754394
1754429175522398720.000000 1.662608147 0.203373775 0.955132782 0.129200548 -0.971835136 -0.141271397 -0.137426987
1754429175555731456.000000 1.670106769 0.204725340 0.947205484 0.131968096 -0.971117496 -0.143296942 -0.137772635
1754429175589064192.000000 1.678125739 0.206196889 0.939080119 0.135121182 -0.970137298 -0.146370769 -0.138388723
1754429175622396672.000000 1.687109709 0.206711918 0.931000352 0.138392597 -0.969292700 -0.148754328 -0.138533175
1754429175655729408.000000 1.696159720 0.207135662 0.923291802 0.140976056 -0.968826294 -0.149741679 -0.138126582
1754429175689061888.000000 1.704051256 0.206704840 0.915997863 0.142857164 -0.968732357 -0.150462136 -0.136054009
1754429175722394880.000000 1.711471319 0.202981099 0.904123902 0.146576881 -0.968223572 -0.151954100 -0.134046078
1754429175755728896.000000 1.720073819 0.202760682 0.896195769 0.149074361 -0.968332291 -0.153051063 -0.129170120
1754429175789062144.000000 1.728114009 0.202616334 0.888059318 0.150132596 -0.968835711 -0.154228270 -0.122602656
1754429175822395904.000000 1.735609770 0.202522635 0.879240155 0.151721492 -0.969070673 -0.156407267 -0.115842037
1754429175855729664.000000 1.742287993 0.203006655 0.870864451 0.153664798 -0.969155788 -0.158502042 -0.109551162
1754429175889063168.000000 1.749061465 0.203200608 0.862183869 0.155193329 -0.969219863 -0.160728067 -0.103413537
1754429175922396928.000000 1.754852653 0.203930497 0.853214800 0.156637013 -0.969245374 -0.163048983 -0.097177006
1754429175955730432.000000 1.765059114 0.205238968 0.841233909 -0.157462105 0.969227791 0.166572481 0.089759387
1754429175989064192.000000 1.765864134 0.207747221 0.833255768 0.157709241 -0.969287515 -0.166658908 -0.088512756
1754429176022397696.000000 1.771893620 0.209329426 0.825138390 0.158250064 -0.968948305 -0.169176385 -0.086460091
1754429176055730944.000000 1.780358553 0.210035712 0.813436747 -0.160343394 0.967879653 0.173350126 0.086306006
1754429176089064448.000000 1.787777185 0.211943656 0.806613207 0.163555518 -0.966850221 -0.175401762 -0.087661445
1754429176122397696.000000 1.795629025 0.213794589 0.797867477 0.166357279 -0.965957880 -0.177080885 -0.088842720
1754429176155730688.000000 1.802131057 0.215544254 0.789957166 0.168609470 -0.965043008 -0.179489151 -0.089702420
1754429176189063936.000000 1.808506012 0.217122674 0.782270551 0.170861140 -0.964033663 -0.182186633 -0.090849474
1754429176222395904.000000 1.814604163 0.218152106 0.774571538 0.173606023 -0.963013768 -0.184400901 -0.091988280
1754429176255728896.000000 1.821116686 0.219946921 0.767624259 0.175264433 -0.962305307 -0.186471939 -0.092082307
1754429176289062144.000000 1.826288462 0.222170174 0.759759784 0.176810235 -0.961558998 -0.188954994 -0.091861561
1754429176322395136.000000 1.834407210 0.223433822 0.750843167 0.179123178 -0.960761189 -0.191539526 -0.090363063
1754429176355727616.000000 1.839141965 0.227380633 0.743394613 0.181876302 -0.959919214 -0.193769187 -0.089049138
1754429176389060608.000000 1.844700456 0.230523705 0.735952973 0.184112772 -0.959177315 -0.196047455 -0.087446265
1754429176422393088.000000 1.850256681 0.230669826 0.727214217 0.185860693 -0.958339095 -0.199628517 -0.084797040
1754429176455725824.000000 1.854840994 0.233672380 0.718784750 0.188682154 -0.957246244 -0.202842072 -0.083269715
1754429176489058304.000000 1.858890414 0.236592859 0.711015642 0.191525102 -0.956255138 -0.205567896 -0.081462912
1754429176522390784.000000 1.862895250 0.239274710 0.703135371 0.194061935 -0.955353379 -0.208248004 -0.079201095
1754429176555723264.000000 1.867102742 0.241740823 0.691039622 -0.196450725 0.954371572 0.211315751 0.076991923
1754429176589055744.000000 1.869234204 0.243988246 0.687474251 0.198147252 -0.954377770 -0.211161822 -0.072879776
1754429176622387968.000000 1.874314427 0.244010866 0.677248836 0.198999777 -0.954100132 -0.213221595 -0.068034314
1754429176655720192.000000 1.877442002 0.245562673 0.670670867 0.201525822 -0.953749299 -0.213673532 -0.063978843
1754429176689051136.000000 1.880985856 0.247870535 0.663664341 0.203450039 -0.953645289 -0.213722035 -0.059090801
1754429176722383872.000000 1.884947538 0.251240522 0.657381475 0.205755383 -0.953296661 -0.214564309 -0.053408455
1754429176755717632.000000 1.888226986 0.254442245 0.649723172 0.208483398 -0.952491343 -0.216705009 -0.048309948
1754429176789051648.000000 1.891878366 0.256774276 0.641383350 0.210721463 -0.951873541 -0.218117535 -0.044249490
1754429176822385408.000000 1.891052365 0.255751938 0.627514958 -0.211569935 0.951047480 0.221273765 0.042246908
1754429176855718912.000000 1.894901872 0.258149385 0.620669067 0.213007227 -0.950887740 -0.221680909 -0.036029726
1754429176889052160.000000 1.899041057 0.260549635 0.614125073 0.214889050 -0.950473189 -0.222452104 -0.030635711
1754429176922385408.000000 1.902790427 0.263682276 0.608620763 0.217080280 -0.949924290 -0.223175064 -0.026700180
1754429176955718912.000000 1.906320691 0.267340541 0.602636218 0.219636366 -0.948911905 -0.225343063 -0.023379449
1754429176989052416.000000 1.910484314 0.270521045 0.596136451 0.221888691 -0.947908878 -0.227606729 -0.020722898
1754429177022385664.000000 1.914998174 0.273440450 0.589804053 0.224589035 -0.946755469 -0.229865819 -0.019379275
1754429177055718400.000000 1.914580107 0.273535848 0.578408062 0.227392837 -0.945005357 -0.234018877 -0.022195052
1754429177089051648.000000 1.918144345 0.276147604 0.573996902 0.229972929 -0.943842053 -0.236089423 -0.023162933
1754429177155716864.000000 1.925075293 0.282693624 0.565622091 0.233857527 -0.941362739 -0.241987914 -0.024265867
1754429177189049600.000000 1.928787351 0.285016060 0.562347054 0.235515237 -0.940508425 -0.243618041 -0.025037291
1754429177222382336.000000 1.931352854 0.287279189 0.559116721 0.236656785 -0.939923942 -0.244686037 -0.025794951
1754429177255715072.000000 1.935189962 0.289641291 0.552419126 0.237766445 -0.938890934 -0.247496367 -0.026392518
1754429177289048064.000000 1.936751366 0.292331308 0.549718380 0.238772407 -0.938292801 -0.248485953 -0.029141223
1754429177322380288.000000 1.938468099 0.294995874 0.548271775 0.240069062 -0.937557757 -0.249560922 -0.032737777
1754429177355712768.000000 1.939829826 0.297225356 0.545556843 0.240765721 -0.936827183 -0.251212299 -0.035763759
1754429177389045504.000000 1.941176653 0.299701244 0.543107271 0.241442770 -0.935997605 -0.253205955 -0.038738348
1754429177455710208.000000 1.949185252 0.301820874 0.538449526 -0.243470728 0.934163749 0.257340759 0.042846322
1754429177489042432.000000 1.954196453 0.304516554 0.537331820 0.244676366 -0.933752418 -0.257724941 -0.042635638
1754429177522374912.000000 1.955412626 0.306227863 0.535613954 0.246541530 -0.933094680 -0.258280903 -0.042926151
1754429177555705856.000000 1.956357002 0.308845043 0.533686280 0.248938292 -0.932253659 -0.259164065 -0.042033274
1754429177589037824.000000 1.957326174 0.311727822 0.532743394 0.251023114 -0.931593597 -0.259697437 -0.040964104
1754429177622369792.000000 1.957765698 0.314136803 0.531294227 0.252184123 -0.931079090 -0.260615140 -0.039683934
1754429177689033728.000000 1.963282704 0.314589262 0.525250554 0.255511194 -0.929741502 -0.263085395 -0.032876499
1754429177722366464.000000 1.963753700 0.316093922 0.524638295 0.255984366 -0.929900289 -0.262440741 -0.029704351
1754429177755700224.000000 1.963846803 0.317116141 0.523693740 0.256394804 -0.930007815 -0.261898160 -0.027507197
1754429177789033984.000000 1.964157343 0.318446219 0.522894263 0.256541401 -0.930110276 -0.261586398 -0.025572237
1754429177822367744.000000 1.964496493 0.319529116 0.522287607 0.255882531 -0.930241048 -0.261906058 -0.024105422
1754429177855701248.000000 1.963871717 0.317272604 0.514897406 0.255417079 -0.929599226 -0.264621556 -0.024145864
1754429177889034752.000000 1.964553714 0.318191469 0.513963819 0.256803751 -0.929243743 -0.264498681 -0.024462681
1754429177922368000.000000 1.965379238 0.319452405 0.512732744 0.257433176 -0.928936005 -0.264977843 -0.024350561
1754429177955701504.000000 1.966043472 0.320292056 0.511424363 0.257166445 -0.928545117 -0.266648322 -0.023835454
1754429177989035008.000000 1.970116019 0.320260227 0.505491972 0.255645752 -0.927999139 -0.270088702 -0.022692459
1754429178022367232.000000 1.970649242 0.320632219 0.504849732 0.256012678 -0.927890539 -0.270046711 -0.023482677
1754429178089033472.000000 1.971297979 0.320695758 0.504277706 0.256136358 -0.927872181 -0.269968331 -0.023761109
1754429178122366720.000000 1.971450090 0.320778549 0.504598141 0.256435573 -0.928062201 -0.268954188 -0.024596991
1754429178155699712.000000 1.971999049 0.320345819 0.505423546 0.257438570 -0.928154469 -0.267535061 -0.026071733
1754429178189032448.000000 1.971718788 0.320546448 0.505152345 -0.256878197 0.928285241 0.267523497 0.027043076
1754429178222365440.000000 1.972001791 0.322334290 0.505330086 -0.257194966 0.928187490 0.267452270 0.028072672
1754429178255698176.000000 1.977908611 0.320442617 0.506243229 0.258554190 -0.927315772 -0.269153953 -0.028132621
1754429178289030912.000000 1.978110909 0.320783377 0.505796313 0.258471072 -0.927260101 -0.269263059 -0.029645767
1754429178322363648.000000 1.978423119 0.320798516 0.505627036 0.258112460 -0.927379787 -0.269024640 -0.031152379
1754429178355696128.000000 1.978979111 0.321168125 0.505795360 0.258555412 -0.927331150 -0.268556863 -0.032913636
1754429178389028864.000000 1.972375035 0.323142707 0.504867077 -0.257847548 0.927608907 0.267894149 0.035902552
1754429178455692544.000000 1.979814887 0.323813379 0.505463839 -0.259358972 0.926607668 0.269894540 0.035891425
1754429178489024768.000000 1.984403968 0.325426757 0.507246852 0.261370063 -0.925773919 -0.270862132 -0.035526957
1754429178522357248.000000 1.984485269 0.325957954 0.506708086 0.262011409 -0.925384223 -0.271338671 -0.037275150
1754429178555689216.000000 1.984534025 0.326123893 0.506468236 0.261661381 -0.925247550 -0.271962672 -0.038557887
1754429178589021440.000000 1.984401941 0.325885057 0.506463051 0.261242300 -0.925338387 -0.272003293 -0.038930885
1754429178622353664.000000 1.985343695 0.327159464 0.508230090 0.261395425 -0.925452411 -0.271464646 -0.038952526
1754429178655685632.000000 1.984956264 0.326849699 0.508492053 0.261044621 -0.925483167 -0.271664202 -0.039182555
1754429178689017600.000000 1.984653115 0.325919390 0.508993983 0.260337234 -0.925411105 -0.272527486 -0.039593913
1754429178755684608.000000 1.983269811 0.324477911 0.510692716 0.257829756 -0.925907552 -0.272918403 -0.041648913
1754429178789018624.000000 1.980723977 0.323949754 0.515486360 0.256818950 -0.926306844 -0.272480458 -0.041881666
1754429178822352896.000000 1.979543686 0.321758330 0.517637849 0.255796224 -0.926775515 -0.271712005 -0.042757489
1754429178855686656.000000 1.978859425 0.319863915 0.519596875 0.254979849 -0.927289784 -0.270506501 -0.044105969
1754429178889019648.000000 1.977840424 0.318092406 0.521272779 0.253274113 -0.927808523 -0.270083725 -0.045590002
1754429178922353664.000000 1.975614190 0.316512048 0.518075049 -0.251094967 0.928331017 0.269865096 0.048224937
1754429178989021440.000000 1.959241748 0.313842356 0.523925066 -0.249871492 0.929458916 0.265663117 0.055619456
1754429179022355200.000000 1.971457124 0.308659256 0.544238627 0.249530599 -0.930375099 -0.263782144 -0.050553355
1754429179055688704.000000 1.970657706 0.306747198 0.549239516 0.248087958 -0.931271017 -0.261697382 -0.051973060
1754429179089022464.000000 1.969667435 0.304453492 0.554333687 0.246676907 -0.932007432 -0.260070860 -0.053626854
1754429179122355968.000000 1.968221426 0.301722288 0.559733868 0.245012790 -0.932976544 -0.257879049 -0.054972701
1754429179155689472.000000 1.964645863 0.300245464 0.561920106 -0.243216306 0.934005618 0.255414873 0.056944992
1754429179189022976.000000 1.960386038 0.293991983 0.576691031 0.241959453 -0.935018361 -0.252909780 -0.056859311
1754429179222356224.000000 1.959442377 0.291766286 0.582782269 0.240941495 -0.935760379 -0.251092494 -0.057028968
1754429179255689472.000000 1.957417488 0.290247083 0.588621378 0.239764243 -0.936517656 -0.249426052 -0.056872975
1754429179322355968.000000 1.953337431 0.286749244 0.597862482 0.236374244 -0.938056111 -0.246938109 -0.056565404
1754429179355688192.000000 1.943780661 0.280989975 0.610517383 0.234016135 -0.938796043 -0.246076465 -0.057834916
1754429179389020928.000000 1.941851854 0.279101342 0.615186036 0.232485101 -0.939458907 -0.244846582 -0.058461796
1754429179422353920.000000 1.939824104 0.277006418 0.620076358 0.230551213 -0.940217793 -0.243420631 -0.059859566
1754429179455686912.000000 1.937524080 0.274958044 0.625607133 0.228526741 -0.941175520 -0.241467491 -0.060478356
1754429179489019904.000000 1.926735640 0.269156247 0.635867536 0.225149885 -0.942327976 -0.240009561 -0.061000161
1754429179522352384.000000 1.923464417 0.264878303 0.640587926 0.223104164 -0.943255484 -0.238689855 -0.059336599
1754429179555685376.000000 1.918928981 0.262123883 0.644969463 0.220319480 -0.944401264 -0.237262994 -0.057200290
1754429179589017856.000000 1.913768768 0.259492844 0.649679065 0.217237785 -0.945674658 -0.235613644 -0.054711685
1754429179622350336.000000 1.908420682 0.255275190 0.654948711 0.213863671 -0.947050393 -0.233921334 -0.051368244
1754429179655682816.000000 1.891986728 0.248782814 0.664453387 0.210014701 -0.948722899 -0.231189877 -0.048681982
1754429179689015296.000000 1.888221860 0.244103432 0.670054674 0.207436413 -0.950275421 -0.227853611 -0.045050986
1754429179722348544.000000 1.883358121 0.240319878 0.675547779 0.205352455 -0.951469958 -0.225173414 -0.042805150
1754429179789014784.000000 1.873758912 0.234474331 0.686015904 0.201137155 -0.953750253 -0.219706148 -0.040416662
1754429179822348544.000000 1.854238153 0.226778060 0.696952701 0.198001981 -0.955006301 -0.216822818 -0.041788094
1754429179855682048.000000 1.849006176 0.224751770 0.703107834 0.196377009 -0.956171989 -0.213267803 -0.041086931
1754429179889015552.000000 1.844190359 0.222478032 0.708427489 0.194233745 -0.957327783 -0.210269704 -0.039793182
1754429179922349312.000000 1.837860465 0.219352037 0.713987648 0.191839635 -0.958531499 -0.207277820 -0.038091637
1754429179989015808.000000 1.824220538 0.213024199 0.725539327 0.185838535 -0.961199462 -0.200897858 -0.034635723
1754429180022349056.000000 1.799728036 0.201298937 0.738206148 0.181109875 -0.962497532 -0.199127361 -0.033853941
1754429180055682304.000000 1.792272568 0.198160410 0.743192255 0.177198991 -0.963829160 -0.196657822 -0.030977989
1754429180089015552.000000 1.783123255 0.194883049 0.748136818 0.172780350 -0.965172946 -0.194354609 -0.028539451
1754429180122348288.000000 1.773345232 0.191805765 0.752614200 0.168452233 -0.966376185 -0.192375451 -0.027066857
1754429180155681280.000000 1.763244987 0.189897791 0.756592035 -0.163725227 0.967567742 0.190628871 0.025836064
1754429180189014528.000000 1.739901781 0.181907311 0.768342912 0.159895808 -0.968491673 -0.189580798 -0.022724725
1754429180222346240.000000 1.730285883 0.179848611 0.771731377 0.156250075 -0.969490290 -0.187884793 -0.019336773
1754429180255678976.000000 1.720221639 0.177001804 0.775250971 0.151755825 -0.970566511 -0.186386272 -0.015201631
1754429180289011712.000000 1.709176064 0.174751461 0.779661000 0.147578150 -0.971696317 -0.184152678 -0.010716042
1754429180322344192.000000 1.698536754 0.172194690 0.784547687 0.143037617 -0.972833633 -0.181946337 -0.005526173
1754429180355676928.000000 1.686489582 0.170220152 0.787452102 -0.138607636 0.973967075 0.179377005 0.000015513
1754429180389009408.000000 1.655137300 0.161946744 0.801574707 0.134171158 -0.974747121 -0.178369910 0.007103588
1754429180422341888.000000 1.644583941 0.160519123 0.807518661 0.130297899 -0.975617230 -0.176166907 0.012601056
1754429180455674368.000000 1.633156300 0.158304229 0.812598586 0.126535699 -0.976458073 -0.173902303 0.016627036
1754429180489006592.000000 1.621407747 0.155810833 0.817165673 0.121979885 -0.977345109 -0.171704069 0.020861270
1754429180522338816.000000 1.595210195 0.149759337 0.826916695 0.117179498 -0.977824330 -0.171414956 0.027304465
1754429180555671296.000000 1.583255768 0.147367299 0.832409143 0.112505421 -0.978501856 -0.169631630 0.033193484
1754429180589003008.000000 1.606161833 0.155423105 0.821301460 -0.109531693 0.979299128 0.166106686 -0.037212707
1754429180622335232.000000 1.573632956 0.146970034 0.834672213 0.106256664 -0.979697585 -0.164232761 0.043931231
1754429180655667200.000000 1.561855674 0.144830763 0.840355754 0.102277681 -0.980267525 -0.162196547 0.048032850
1754429180688997888.000000 1.549417734 0.142606869 0.846692085 0.098061383 -0.980901241 -0.159984097 0.051204231
1754429180722330880.000000 1.538287759 0.140661731 0.851494431 -0.093730591 0.981475592 0.157757565 -0.055071592
1754429180755665152.000000 1.525139451 0.138956502 0.856297135 -0.089763902 0.981907666 0.155806735 -0.059364893
1754429180788999424.000000 1.512520075 0.138163984 0.860597849 -0.086488888 0.981997013 0.155278683 -0.063954338
1754429180822333696.000000 1.500540853 0.138191417 0.864000082 -0.083801672 0.981808782 0.156255379 -0.067920037
1754429180855667712.000000 1.495917678 0.140839487 0.868124366 0.079061948 -0.981634915 -0.156331167 0.075515606
1754429180889001472.000000 1.485045075 0.140547544 0.871894956 0.075500019 -0.981639683 -0.155680805 0.080291659
1754429180922335488.000000 1.474021673 0.140335247 0.875714302 0.071479648 -0.981623888 -0.154370964 0.086457409
1754429180955669504.000000 1.402342200 0.130687892 0.909949899 0.067550361 -0.980907798 -0.154672191 0.096609280
1754429180989003264.000000 1.391461730 0.129694164 0.914922476 0.064784437 -0.980624378 -0.152782515 0.104098134
1754429181022337024.000000 1.380678773 0.128851637 0.920683980 0.060880277 -0.980323136 -0.150245368 0.112634540
1754429181089004288.000000 1.357548118 0.126987532 0.931597590 0.053459264 -0.979548872 -0.144791484 0.129079714
1754429181122336768.000000 1.336496472 0.127750695 0.940095186 0.049804103 -0.978862345 -0.142964408 0.137511432
1754429181155670528.000000 1.325223923 0.129361928 0.942439198 0.045936853 -0.977880001 -0.141378164 0.147148788
1754429181222337280.000000 1.303193569 0.130685568 0.949299932 0.037534323 -0.975512803 -0.139254972 0.166054368
1754429181289003776.000000 1.281666756 0.130039513 0.962615371 -0.029524028 0.973031461 0.138349697 -0.182202145
1754429181355670272.000000 1.263472915 0.130977631 0.964137673 -0.023351323 0.969972670 0.139744878 -0.197684512
1754429181422336000.000000 1.246183038 0.132157534 0.963132381 -0.018275304 0.967138052 0.140345693 -0.211218148
1754429181489001984.000000 1.231778264 0.132594943 0.963578939 -0.013888578 0.964080215 0.140238956 -0.225143597
1754429181555666432.000000 1.216341972 0.132242292 0.962656617 -0.009922343 0.960618198 0.138047263 -0.240950927
1754429181588999168.000000 1.209653735 0.132436842 0.960565209 -0.007710262 0.958558559 0.137579605 -0.249354959
1754429181655664128.000000 1.189307928 0.129495025 0.978313446 0.002567543 -0.955490291 -0.135757267 0.261919320
1754429181722330112.000000 1.172846794 0.129221618 0.972573400 -0.004682826 -0.950922847 -0.135450661 0.278167278
1754429181755664128.000000 1.163984060 0.129116267 0.968834162 -0.007527282 -0.948314309 -0.136012822 0.286607623
1754429181822332672.000000 1.143769026 0.129866540 0.958842158 -0.014372905 -0.941959262 -0.137193009 0.306078941
1754429181889000448.000000 1.124046087 0.130463243 0.946175694 0.022860171 0.934161723 0.139441252 -0.327682137
1754429181955667968.000000 1.102193117 0.130742341 0.933316946 0.030765014 0.925662398 0.141634613 -0.349488705
1754429182022334464.000000 1.081933022 0.130457133 0.920041442 0.038469359 0.917091668 0.139747858 -0.371394128
1754429182089001728.000000 1.060995817 0.129404873 0.906414390 0.046156749 0.908199430 0.138778538 -0.392152905
1754429182155668736.000000 1.038580894 0.127301246 0.885693789 -0.049367581 -0.900654614 -0.136359528 0.409622043
1754429182189001984.000000 1.029422760 0.124350250 0.877389312 -0.052069031 -0.897205710 -0.135692924 0.417011172
1754429182255668736.000000 1.009652615 0.119080424 0.860371351 -0.057402808 -0.890484869 -0.133510262 0.431180477
1754429182322334976.000000 0.991240740 0.115585417 0.843267441 0.060775440 0.883959949 0.131850049 -0.444451004
1754429182389000960.000000 0.974530220 0.112833828 0.829270244 0.063352071 0.878175795 0.129543051 -0.456083924
1754429182422333952.000000 0.965765715 0.111896455 0.823267817 0.064633697 0.875151575 0.128676742 -0.461924851
1754429182488998656.000000 0.948080420 0.111516535 0.812299252 0.067438796 0.868705988 0.128283516 -0.473651081
1754429182555663872.000000 0.929251909 0.110941902 0.805787027 0.071219824 0.861580849 0.126356527 -0.486456901
1754429182622329088.000000 0.906735718 0.109852955 0.802289963 0.076106593 0.852548540 0.123896711 -0.502014458
1754429182655661568.000000 0.894596934 0.110974863 0.802113414 0.078876413 0.847130775 0.122218825 -0.511087716
1754429182722327040.000000 0.864696085 0.114539891 0.799691319 -0.084880389 -0.834894180 -0.119794473 0.530468047
1754429182788994048.000000 0.834414005 0.116500884 0.801830590 -0.091474272 -0.823603153 -0.117997296 0.547162712
1754429182822327552.000000 0.819013059 0.118409723 0.803159833 -0.094334058 -0.818919361 -0.117743202 0.553722680
1754429182888993792.000000 0.787907839 0.122330204 0.807777584 -0.098727979 -0.811161220 -0.117823154 0.564258814
1754429182955660032.000000 0.756521106 0.128691941 0.820195794 -0.100817211 -0.806852400 -0.113295607 0.570954680
1754429182988993280.000000 0.740706384 0.130332693 0.825142622 -0.100812927 -0.805272639 -0.108438998 0.574120045
1754429183055659776.000000 0.709167302 0.131615102 0.838876605 -0.099133685 -0.803463459 -0.096732281 0.579018116
1754429183122325760.000000 0.675579190 0.130618021 0.854236603 -0.097961500 -0.802722156 -0.086559840 0.581848919
1754429183188991232.000000 0.638717234 0.126770481 0.868740082 -0.096774474 -0.803191304 -0.077446111 0.582683921
1754429183255656704.000000 0.602176964 0.124684073 0.881065607 -0.097545378 -0.802205384 -0.071167424 0.584710836
1754429183322321920.000000 0.567715049 0.124222904 0.889181077 0.098398380 0.800308645 0.070099860 -0.587290287
1754429183355653376.000000 0.550347865 0.123653933 0.889861345 -0.098445036 -0.798825741 -0.070576951 0.589241028
1754429183422318336.000000 0.516819179 0.123300150 0.891850948 -0.100437939 -0.795892060 -0.072129101 0.592676520
1754429183488982784.000000 0.483607113 0.121423811 0.892718434 -0.102968790 -0.792521358 -0.073191166 0.596615851
1754429183555646720.000000 0.450087130 0.121028833 0.890556574 -0.104271077 -0.788909316 -0.074143849 0.601042688
1754429183622310912.000000 0.415761709 0.122256592 0.886011183 -0.106574714 -0.784486294 -0.075811870 0.606197715
1754429183688974336.000000 0.380231857 0.125276819 0.879224420 -0.109367117 -0.779240787 -0.076110832 0.612396777
1754429183755641344.000000 0.343508124 0.130226791 0.870172501 0.113303445 0.772464871 0.076905183 -0.620117724
1754429183822308096.000000 0.317397773 0.126511857 0.860372663 0.111790463 0.763427556 0.078061111 -0.631338120
1754429183922309888.000000 0.264474511 0.128936291 0.841781139 0.109697551 0.747358382 0.078655250 -0.650565386
1754429183988977152.000000 0.202376723 0.139807343 0.823064506 0.112891831 0.735288262 0.079382882 -0.663554847
1754429184055644416.000000 0.155137479 0.132941544 0.808203042 0.113789961 0.721958816 0.079357758 -0.677886248
1754429184122311680.000000 0.109002233 0.124705054 0.796329975 0.115538314 0.709636033 0.076266520 -0.690833569
1754429184188978176.000000 0.067082942 0.120327517 0.786230922 0.118908681 0.695815861 0.073458567 -0.704489172
1754429184255643904.000000 0.026408672 0.118884474 0.779781103 0.123762585 0.682604134 0.073000073 -0.716523170
1754429184322309632.000000 -0.012720168 0.118155017 0.776795983 0.129306078 0.667859256 0.073011741 -0.729323864
1754429184388975872.000000 -0.047066569 0.117951468 0.777166724 0.132521495 0.651798308 0.070243090 -0.743413150
1754429184455641600.000000 -0.080701411 0.118140936 0.780323863 0.136192769 0.637194753 0.069174513 -0.755413413
1754429184522306816.000000 -0.114717156 0.122225925 0.787172675 0.139848098 0.624271512 0.067739844 -0.765597105
1754429184622304512.000000 -0.170129567 0.129888579 0.801504970 0.142025933 0.609307349 0.062143441 -0.777631998
1754429184688968192.000000 -0.208105147 0.138858348 0.813358784 -0.142060548 -0.603749216 -0.055728626 0.782432139
1754429184755635200.000000 -0.247144550 0.145824537 0.830052376 -0.143312514 -0.601638138 -0.047030136 0.784398735
1754429184822303232.000000 -0.291134596 0.150071397 0.848751485 -0.145740762 -0.597686589 -0.038631961 0.787424922
1754429184888970752.000000 -0.339566708 0.148808196 0.866366982 -0.146751717 -0.590930283 -0.036325026 0.792430341
1754429184955638528.000000 -0.387604415 0.144313559 0.881675839 -0.144319862 -0.585924923 -0.032712810 0.796739399
1754429185022305792.000000 -0.433160722 0.143274888 0.894146562 -0.145339996 -0.582268715 -0.032210447 0.799250841
1754429185088972544.000000 -0.477269918 0.145100951 0.904215276 -0.146436319 -0.581279874 -0.036509655 0.799585640
1754429185155638528.000000 -0.518527687 0.146753445 0.911970735 -0.146475554 -0.580246210 -0.041881524 0.800065815
1754429185222304512.000000 -0.559664130 0.148418695 0.919443607 -0.145623460 -0.578401923 -0.044088509 0.801437020
1754429185288971008.000000 -0.601867795 0.150804117 0.924598157 -0.146531343 -0.575647652 -0.048976772 0.802969337
1754429185355636992.000000 -0.644194424 0.154742688 0.929228544 -0.147941068 -0.573091626 -0.053760968 0.804232121
1754429185422302464.000000 -0.685295463 0.158951536 0.934002221 -0.149033546 -0.569986641 -0.057071619 0.806006908
1754429185488968192.000000 -0.726363361 0.165202335 0.938153505 -0.148910969 -0.562934041 -0.057659864 0.810929179
1754429185555632128.000000 -0.767366529 0.170383006 0.940816224 -0.147153974 -0.552477419 -0.057624243 0.818409443
1754429185622296832.000000 -0.814404309 0.175001055 0.945881605 -0.147929341 -0.539900124 -0.058090370 0.826589525
1754429185722294016.000000 -0.886142969 0.177366436 0.952414572 -0.148964599 -0.517053843 -0.055818845 0.841040492
1754429185788961280.000000 -0.935938239 0.174829215 0.958290935 -0.151121035 -0.501896739 -0.058489487 0.849612355
1754429185855628288.000000 -0.980593622 0.171083197 0.966940761 -0.152396321 -0.486169815 -0.056279447 0.858630836
1754429185922294528.000000 -1.021969914 0.171030194 0.979498088 -0.157615557 -0.466633171 -0.055046469 0.868551016
1754429185988961024.000000 -1.059680104 0.173792034 0.995246649 -0.165288284 -0.442455798 -0.055740498 0.879662335
1754429186055625984.000000 -1.093181491 0.178088337 1.013021231 -0.171386436 -0.419329405 -0.057413019 0.889659166
1754429186155624192.000000 -1.135109305 0.188621119 1.045098424 -0.181541219 -0.390862733 -0.053843811 0.900760829
1754429186222289920.000000 -1.158482313 0.196839616 1.070137501 -0.188316375 -0.373679221 -0.049664546 0.906881571
1754429186288954624.000000 -1.179899931 0.203821898 1.096940994 -0.191979110 -0.359470874 -0.045984779 0.912036240
1754429186355619328.000000 -1.200459599 0.211090207 1.125980854 -0.190914318 -0.351120889 -0.040014807 0.915786386
1754429186422283776.000000 -1.219221950 0.218198955 1.158492804 -0.188708469 -0.345085800 -0.031246711 0.918873549
1754429186488947200.000000 -1.240265727 0.224493891 1.194321632 -0.186561659 -0.341437578 -0.022934983 0.920917630
1754429186588942848.000000 -1.285974145 0.239439160 1.261720777 -0.183746263 -0.341099262 -0.015161165 0.921769381
1754429186655606528.000000 -1.304872394 0.232572362 1.291274190 -0.181390882 -0.340027571 -0.014285208 0.922645450
1754429186722270464.000000 -1.337218046 0.239942968 1.336682081 -0.176296830 -0.338435203 -0.016901510 0.924172819
1754429186822272768.000000 -1.379367948 0.245375663 1.389801025 -0.175689265 -0.336297750 -0.024886027 0.924888074
1754429186888939264.000000 -1.407521725 0.249420851 1.426716805 -0.179618239 -0.331673533 -0.030694654 0.925628364
1754429186955607040.000000 -1.432817221 0.253723025 1.462597132 -0.183257863 -0.323404193 -0.033525199 0.927740455
1754429187022274304.000000 -1.458678961 0.261068702 1.500896692 -0.187183604 -0.313816845 -0.037856795 0.930079699
1754429187088941056.000000 -1.484690905 0.270556599 1.535873532 -0.190926805 -0.305380136 -0.041379597 0.931975186
1754429187155607808.000000 -1.503689408 0.273293704 1.561856985 -0.190810829 -0.297317177 -0.042740121 0.934541106
1754429187222274048.000000 -1.529883385 0.284769893 1.598538399 -0.189982280 -0.288445622 -0.043803733 0.937436521
1754429187288940544.000000 -1.559219241 0.297085524 1.637295246 -0.187238559 -0.279526472 -0.046701945 0.940545380
1754429187355605248.000000 -1.591925621 0.308568180 1.679847240 -0.186199471 -0.270311296 -0.049860496 0.943279147
1754429187422270720.000000 -1.625634551 0.313535869 1.723759413 -0.184199616 -0.259737581 -0.052500106 0.946493924
1754429187488936192.000000 -1.657183766 0.312778622 1.767955065 -0.180520579 -0.248682007 -0.055444658 0.949997663
1754429187555601408.000000 -1.686098814 0.310314059 1.809688091 -0.180454984 -0.239822224 -0.058700945 0.952090144
1754429187622266112.000000 -1.709032416 0.307953894 1.851053834 -0.182604939 -0.232106343 -0.058743589 0.953588665
1754429187688930816.000000 -1.728651285 0.308880955 1.895468473 -0.186182335 -0.224648044 -0.056422215 0.954822481
1754429187755596800.000000 -1.745784760 0.313732833 1.939887762 -0.191256195 -0.216503769 -0.054293122 0.955823958
1754429187822262784.000000 -1.760226965 0.320460558 1.983403683 -0.195925355 -0.208787337 -0.052578904 0.956690431
1754429187888929024.000000 -1.775568604 0.328908801 2.026992083 -0.198307589 -0.204072207 -0.052785497 0.957205534
1754429187988928256.000000 -1.795844555 0.342260242 2.092005491 -0.196269438 -0.206713825 -0.052094579 0.957096577
1754429188055593984.000000 -1.806583881 0.351667315 2.137525797 -0.189691424 -0.214296862 -0.050365262 0.956847668
1754429188122259712.000000 -1.819399357 0.363394946 2.187460661 -0.184471413 -0.224177465 -0.048876155 0.955680907
1754429188188924672.000000 -1.834394574 0.369497836 2.244888544 -0.179419681 -0.236039296 -0.048807833 0.953788161
1754429188255588608.000000 -1.853656530 0.369600683 2.303931713 -0.179225251 -0.247392163 -0.052528735 0.950745106
1754429188322253568.000000 -1.873997211 0.368152857 2.356208801 -0.174984753 -0.256927192 -0.057919934 0.948690712
1754429188388917760.000000 -1.895158291 0.368253678 2.403524399 -0.174919516 -0.267497659 -0.064085186 0.945378900
1754429188455581952.000000 -1.916945219 0.370253295 2.446388245 -0.178153753 -0.275777459 -0.068930998 0.942049146
1754429188522245632.000000 -1.939213872 0.370932937 2.486144304 -0.180474848 -0.284511507 -0.073515259 0.938657343
1754429188588909056.000000 -1.962403297 0.374083519 2.522284985 -0.181712836 -0.291254610 -0.076614223 0.936099112
1754429188655572480.000000 -1.986431003 0.377968699 2.554589748 -0.181893781 -0.294543475 -0.078663446 0.934864104
1754429188722235392.000000 -2.009805202 0.384284973 2.584513187 -0.180224001 -0.296521753 -0.078969248 0.934536338
1754429188788902912.000000 -2.037255049 0.393790662 2.613005161 -0.180076689 -0.296568513 -0.078988761 0.934548259
1754429188855570688.000000 -2.067849874 0.403615892 2.641205072 -0.179322541 -0.295735121 -0.078931250 0.934962034
1754429188922238208.000000 -2.102477551 0.413165092 2.671262980 -0.177488014 -0.293639094 -0.079316035 0.935939670
1754429188988904960.000000 -2.143036366 0.422773033 2.702166080 -0.176159441 -0.292668998 -0.079427212 0.936484993
1754429189055571712.000000 -2.186963558 0.426173270 2.736064434 -0.179790303 -0.291112185 -0.080153801 0.936218262
1754429189122237184.000000 -2.231040716 0.426013440 2.768061638 -0.181536153 -0.291818589 -0.079718143 0.935698450
1754429189188903680.000000 -2.270672321 0.420614302 2.797037363 -0.181535825 -0.294653028 -0.076258391 0.935098469
1754429189255569664.000000 -2.303430080 0.418580830 2.824232101 -0.182339713 -0.295976371 -0.073286720 0.934761643
1754429189322235136.000000 -2.333969355 0.418387830 2.851644516 -0.184994593 -0.293613076 -0.070495918 0.935199916
1754429189388900608.000000 -2.360855579 0.419312537 2.878521442 -0.184816182 -0.291787148 -0.067452356 0.936030746
1754429189455565568.000000 -2.388889551 0.421819687 2.905989408 -0.185782999 -0.292162716 -0.065228969 0.935879707
1754429189522230528.000000 -2.417948961 0.426406085 2.935275793 -0.187671319 -0.292848408 -0.063984349 0.935374439
1754429189588894464.000000 -2.448260307 0.433584273 2.966445923 -0.188772678 -0.294162810 -0.063543364 0.934770226
1754429189655558656.000000 -2.482291698 0.443020880 3.000754356 -0.190615416 -0.297166526 -0.062173124 0.933537543
1754429189722234880.000000 -2.514545441 0.454498172 3.035657883 -0.190912992 -0.302022815 -0.060925771 0.931999266
1754429189788988672.000000 -2.549488306 0.463861048 3.073983669 -0.190896630 -0.305795163 -0.057865173 0.930966914
1754429189855744000.000000 -2.584903240 0.466862619 3.115546703 -0.187238991 -0.307491392 -0.054171793 0.931373239
1754429189922502144.000000 -2.620963573 0.467368364 3.155900478 -0.184868813 -0.310575277 -0.054038573 0.930831015
1754429189989261312.000000 -2.654474974 0.466097414 3.191473484 -0.177965492 -0.317153633 -0.055503465 0.929871619
1754429190056022016.000000 -2.690783024 0.467047423 3.222582340 -0.178307056 -0.322988898 -0.060004402 0.927515149
1754429190122785536.000000 -2.724607468 0.467371881 3.252069473 -0.177265555 -0.329008132 -0.063378252 0.925372303
1754429190189551360.000000 -2.757686138 0.467024684 3.279967785 -0.173510641 -0.334345937 -0.064368732 0.924101472
1754429190256318720.000000 -2.794151545 0.468481690 3.307662010 -0.172894105 -0.337900519 -0.066706121 0.922757387
1754429190323088384.000000 -2.833857059 0.471924424 3.335258961 -0.173937693 -0.339581430 -0.068633772 0.921802402
1754429190389859840.000000 -2.874240875 0.479980648 3.360674381 -0.176417440 -0.340260088 -0.072070800 0.920818031
1754429190456632320.000000 -2.914154291 0.487322628 3.385725498 -0.179617032 -0.338287443 -0.074042834 0.920769811
1754429190523407616.000000 -2.956399918 0.494880080 3.409573793 -0.180345505 -0.332836509 -0.074645177 0.922563612
1754429190590185472.000000 -3.000003338 0.503817916 3.434669018 -0.181407571 -0.325175941 -0.075181276 0.925040424
1754429190623574784.000000 -3.022794485 0.506008267 3.448689222 -0.181854993 -0.320185512 -0.074829765 0.926720321
1754429190690355200.000000 -3.067287683 0.509084821 3.475346327 -0.181894705 -0.307864547 -0.072857611 0.931034684
1754429190757072128.000000 -3.113903046 0.505775213 3.500973701 -0.183062151 -0.296696454 -0.073201723 0.934398770
1754429190823755520.000000 -3.152597904 0.500727892 3.525244236 -0.181053147 -0.288769066 -0.067521453 0.937695682
1754429190890438144.000000 -3.181276560 0.509015083 3.552004814 -0.178834870 -0.282146335 -0.060728677 0.940597475
1754429190957121280.000000 -3.212925196 0.500649333 3.573072910 -0.183618695 -0.273511142 -0.059113394 0.942327678
1754429191023804928.000000 -3.241878986 0.501372933 3.594854116 -0.186968222 -0.264761358 -0.058805924 0.944185495
1754429191090488320.000000 -3.271131992 0.504248321 3.615284920 -0.188893795 -0.258737504 -0.061449479 0.945303202
1754429191190513408.000000 -3.311010838 0.510339499 3.643092632 -0.187434807 -0.258160710 -0.064332113 0.945559442
1754429191257196544.000000 -3.333536386 0.525508285 3.669157505 -0.189295009 -0.259040505 -0.063466728 0.945006609
1754429191290538496.000000 -3.346868753 0.528992951 3.681833029 -0.190565854 -0.259585649 -0.063797630 0.944579244
1754429191357221120.000000 -3.371796370 0.536128759 3.707570314 -0.191954777 -0.262521893 -0.062623031 0.943564534
1754429191423904768.000000 -3.394619942 0.541995764 3.733541489 -0.191452712 -0.267183721 -0.059708670 0.942546368
1754429191490588160.000000 -3.415912390 0.547447920 3.765497208 -0.188951150 -0.271260887 -0.056905590 0.942059875
1754429191557271552.000000 -3.439901829 0.550171256 3.799062729 -0.189816996 -0.271497935 -0.056204170 0.941859603
1754429191657296896.000000 -3.480876684 0.552843451 3.847646713 -0.194059014 -0.264050931 -0.060958326 0.942816198
1754429191723980288.000000 -3.507136345 0.558974504 3.874237061 -0.196280435 -0.257818937 -0.068125576 0.943590164
1754429191757321216.000000 -3.521624327 0.560809791 3.885574818 -0.197535008 -0.254965663 -0.072690241 0.943763018
1754429191857343232.000000 -3.560809612 0.564072967 3.918288469 -0.199480295 -0.242112219 -0.078686304 0.946254671
1754429191924025088.000000 -3.586647034 0.565364599 3.936415672 -0.198098823 -0.224655464 -0.080143049 0.950717568
1754429191957366272.000000 -3.595136404 0.565742493 3.945220232 -0.195952296 -0.216566965 -0.080742709 0.952985942
1754429192057389568.000000 -3.636143208 0.573260546 3.967233419 -0.195628688 -0.191397175 -0.082866050 0.958243132
1754429192124071424.000000 -3.666771889 0.582536161 3.979275465 -0.198003232 -0.176060423 -0.084325105 0.960565925
1754429192190753536.000000 -3.699532032 0.590984702 3.988182068 -0.199182987 -0.160136610 -0.083315209 0.963193119
1754429192257434368.000000 -3.738628626 0.597708941 3.992841005 -0.197141394 -0.147019893 -0.082622074 0.965760887
1754429192357457152.000000 -3.793659210 0.602776825 3.997299194 -0.195628703 -0.130736932 -0.078957699 0.968712032
1754429192424139264.000000 -3.824139357 0.600506127 3.999519825 -0.196969897 -0.118523836 -0.076826178 0.970181763
1754429192490821376.000000 -3.864642620 0.611587048 4.000336647 -0.198026702 -0.103549920 -0.073681846 0.971922755
1754429192557503232.000000 -3.899424553 0.616556942 4.002857208 -0.201007605 -0.088475108 -0.071700901 0.972947657
1754429192624185088.000000 -3.932354689 0.623643398 4.004120350 -0.201306522 -0.075975053 -0.071418971 0.973962426
1754429192690865920.000000 -3.962470055 0.631887257 4.005278587 -0.201000169 -0.068756700 -0.073372126 0.974416733
1754429192757547776.000000 -3.984386206 0.634478807 4.008038521 -0.197696120 -0.063214429 -0.074449554 0.975385845
1754429192857570560.000000 -4.016090393 0.646412849 4.016143799 -0.193661228 -0.053843930 -0.077578805 0.976513028
1754429192924252160.000000 -4.032716751 0.653539896 4.021853447 -0.191826820 -0.050388180 -0.080664344 0.976809502
1754429192990934016.000000 -4.048293591 0.665457964 4.035204887 -0.192164958 -0.049863860 -0.084158778 0.976475120
1754429193057615872.000000 -4.059765816 0.676093221 4.045870304 -0.192434952 -0.049652614 -0.086379662 0.976238787
1754429193124296704.000000 -4.066423416 0.687096357 4.054981232 -0.194626242 -0.048750211 -0.087660812 0.975735486
1754429193190978304.000000 -4.072167873 0.699328363 4.066867352 -0.194151565 -0.047960795 -0.086069696 0.976010740
1754429193291000832.000000 -4.083293438 0.716871679 4.084026337 -0.190853745 -0.051890310 -0.088886254 0.976207793
1754429193357682688.000000 -4.092236042 0.730588078 4.091425896 -0.188282803 -0.053629972 -0.092781164 0.976250589
1754429193424364288.000000 -4.104542255 0.745104790 4.098252296 -0.184667557 -0.051834010 -0.093853638 0.976935327
1754429193491045888.000000 -4.113567352 0.756616771 4.104172707 -0.186307341 -0.049150322 -0.092074409 0.976932049
1754429193591067392.000000 -4.138222694 0.778138995 4.106925011 -0.189649537 -0.040417992 -0.088951327 0.976978600
1754429193657748736.000000 -4.160497189 0.794234574 4.103392124 -0.189906016 -0.037776478 -0.086971819 0.977212727
1754429193724430336.000000 -4.186429501 0.812209129 4.098311424 -0.190192744 -0.031995479 -0.082851864 0.977721155
1754429193791112704.000000 -4.210289955 0.825529516 4.089148045 -0.186839744 -0.019933255 -0.080195703 0.978908777
1754429193824453376.000000 -4.222712040 0.832508326 4.083935738 -0.186469525 -0.013977062 -0.079578251 0.979132831
1754429193891135232.000000 -4.246759892 0.844373822 4.072650433 -0.183463529 -0.000603674 -0.076930344 0.980011523
1754429193957817088.000000 -4.268884659 0.854529500 4.061304569 -0.177001670 0.009787995 -0.076065935 0.981217980
1754429194024497920.000000 -4.287897110 0.862243533 4.053309441 -0.171839148 0.017218692 -0.074519426 0.982151568
1754429194091179776.000000 -4.305933952 0.869284987 4.044055462 -0.164522052 0.022354165 -0.071419373 0.983530402
1754429194157861632.000000 -4.322990894 0.874211371 4.037289143 -0.161052674 0.027186310 -0.068012133 0.984224260
1754429194191202816.000000 -4.332351685 0.877347052 4.035760880 -0.159593731 0.028482720 -0.067766838 0.984442115
1754429194291225600.000000 -4.360270023 0.885840356 4.036645889 -0.164774626 0.033693179 -0.066194795 0.983530581
1754429194324566272.000000 -4.370047092 0.886140645 4.037722588 -0.167153850 0.036230739 -0.065462783 0.983087778
1754429194391248128.000000 -4.394203186 0.889835536 4.040450573 -0.171221003 0.039017480 -0.066818759 0.982189596
1754429194457928960.000000 -4.415015697 0.886780262 4.039032459 -0.170828432 0.042593036 -0.069886170 0.981895864
1754429194524610816.000000 -4.430463791 0.892320514 4.039834023 -0.166345552 0.046889678 -0.072347321 0.982291400
1754429194591292416.000000 -4.440483570 0.901919782 4.037314415 -0.161465675 0.050642453 -0.072538130 0.982905090
1754429194624633600.000000 -4.443038940 0.908870816 4.035297394 -0.159308091 0.050329957 -0.074656263 0.983114660
1754429194691315200.000000 -4.446326256 0.926031590 4.036281109 -0.160455182 0.049202822 -0.077281043 0.982782185
1754429194757998080.000000 -4.448054314 0.940898180 4.035575390 -0.159857690 0.048671100 -0.082196414 0.982507229
1754429194824681216.000000 -4.447278500 0.955154240 4.032376289 -0.158210456 0.047616504 -0.080353834 0.982977808
1754429194891364096.000000 -4.446867943 0.967875302 4.024311543 -0.151444003 0.046173658 -0.079071745 0.984215617
1754429194958047488.000000 -4.450707436 0.981206238 4.017124176 -0.145313233 0.042098653 -0.080136180 0.985235989
1754429195024730880.000000 -4.450450897 0.993946791 4.008240700 -0.140657142 0.034107294 -0.081236884 0.986130297
1754429195058072576.000000 -4.452595234 1.001769543 4.004459858 -0.141424075 0.029895844 -0.083633862 0.985956788
1754429195124756224.000000 -4.454024792 1.017506242 4.001207352 -0.143056184 0.021790771 -0.086671174 0.985671461
1754429195191439360.000000 -4.457403660 1.031598449 3.995773315 -0.146089301 0.013138320 -0.090985142 0.984990895
1754429195258123264.000000 -4.459771156 1.048498511 3.991220951 -0.147126094 0.005906110 -0.094042756 0.984619260
1754429195291464704.000000 -4.460663795 1.055311322 3.988304615 -0.147033706 0.003243951 -0.095890395 0.984467208
1754429195358147328.000000 -4.463332176 1.069042563 3.981115580 -0.145578623 -0.000638942 -0.098378688 0.984443128
1754429195424830976.000000 -4.463743210 1.080544949 3.972300053 -0.142381474 -0.003343930 -0.099828385 0.984759212
1754429195458172672.000000 -4.466033936 1.090425730 3.969444513 -0.138473779 -0.002517528 -0.099433780 0.985358655
1754429195524856064.000000 -4.463992119 1.095841885 3.959645510 -0.137882933 -0.005271689 -0.101733856 0.985195816
1754429195591539968.000000 -4.463240623 1.105595469 3.954413652 -0.136353105 -0.004572126 -0.101280987 0.985458851
1754429195624881408.000000 -4.462830067 1.111349702 3.951871872 -0.136541665 -0.003135341 -0.101560846 0.985409558
1754429195691565312.000000 -4.462360382 1.119150996 3.944977999 -0.135614067 -0.000973360 -0.101576075 0.985540569
1754429195758248448.000000 -4.466203690 1.131172895 3.941389322 -0.134238794 0.000459794 -0.102309287 0.985653400
1754429195824930304.000000 -4.467634678 1.138306856 3.935106993 -0.133121803 0.001164371 -0.103610493 0.985668361
1754429195858271744.000000 -4.466862679 1.140567303 3.931276798 -0.131564140 0.002057467 -0.102638781 0.985977709
1754429195924954624.000000 -4.466851234 1.145967484 3.925924063 -0.129459351 0.002756862 -0.100171290 0.986508191
1754429195991637504.000000 -4.463023663 1.148507118 3.917763948 -0.128266737 0.005100250 -0.095052041 0.987160981
1754429196058320384.000000 -4.465273857 1.156258702 3.914992094 -0.123988956 0.011687898 -0.091082282 0.988025427
1754429196091661568.000000 -4.467103004 1.159072876 3.912433863 -0.121933490 0.015233289 -0.090874076 0.988252044
1754429196158344448.000000 -4.472884655 1.168490648 3.914161682 -0.124649145 0.022520768 -0.095276743 0.987358987
1754429196225026304.000000 -4.481717587 1.178702354 3.919404030 -0.127824292 0.029802248 -0.103001788 0.985983491
1754429196291709184.000000 -4.489514351 1.182044148 3.919995070 -0.127159312 0.035873000 -0.111986518 0.984887123
1754429196358392320.000000 -4.496723652 1.191986561 3.922690630 -0.127146080 0.038443170 -0.117223442 0.984182298
1754429196425075200.000000 -4.500796795 1.197842002 3.923356771 -0.128865227 0.038008545 -0.119670480 0.983680964
1754429196491758080.000000 -4.498314381 1.200524211 3.920278072 -0.127784342 0.037780024 -0.119341128 0.983870745
1754429196558440960.000000 -4.501417160 1.203858256 3.917279243 -0.125548124 0.038364746 -0.119186893 0.984154642
1754429196625123840.000000 -4.506917477 1.210389256 3.917049408 -0.121697344 0.038336042 -0.121021554 0.984415531
1754429196691805696.000000 -4.511405468 1.215229034 3.913852692 -0.117187493 0.035412520 -0.123715200 0.984737396
1754429196725147136.000000 -4.510864258 1.214224577 3.910001516 -0.115479164 0.033156872 -0.125647902 0.984772980
1754429196791830272.000000 -4.516030312 1.218945384 3.908618212 -0.112506703 0.029946132 -0.130838513 0.984543979
1754429196858513664.000000 -4.521017075 1.223074794 3.909170866 -0.111857839 0.025979396 -0.136960998 0.983897686
1754429196925197056.000000 -4.523974419 1.228445292 3.910467386 -0.111142315 0.021995289 -0.138842374 0.983812213
1754429196958538752.000000 -4.525189877 1.229701161 3.910853624 -0.111494318 0.020599477 -0.139821216 0.983663976
1754429197025222144.000000 -4.524803162 1.234690785 3.906418085 -0.106833033 0.020945381 -0.140593171 0.984063804
1754429197091905536.000000 -4.530426502 1.238267899 3.907826185 -0.107948139 0.020749077 -0.144725114 0.983347058
1754429197158587904.000000 -4.532007694 1.241375208 3.907346249 -0.106490500 0.016773429 -0.146986663 0.983246326
1754429197191929344.000000 -4.532243252 1.242116451 3.906738758 -0.104811691 0.014878104 -0.146998733 0.983455420
1754429197258612992.000000 -4.533128262 1.244613290 3.906910181 -0.103711888 0.013222089 -0.147569343 0.983510196
1754429197325296384.000000 -4.535368919 1.247256041 3.909121990 -0.106117025 0.012267096 -0.149361774 0.982995331
1754429197391979776.000000 -4.536051273 1.248508096 3.910606623 -0.109631322 0.010840979 -0.151517197 0.982296288
1754429197425321216.000000 -4.536785603 1.248867750 3.910778761 -0.109397344 0.010147780 -0.153003201 0.982099414
1754429197492004864.000000 -4.538092136 1.249997020 3.910045385 -0.105956860 0.012028578 -0.155002952 0.982141852
1754429197525346560.000000 -4.537337303 1.251784801 3.907706738 -0.104520820 0.012379642 -0.156686336 0.982024252
1754429197592029184.000000 -4.537758350 1.255498528 3.907532215 -0.102163032 0.012134226 -0.156848386 0.982249498
1754429197658712320.000000 -4.538625240 1.259697437 3.908945322 -0.103823103 0.011441058 -0.159296960 0.981689572
1754429197692054272.000000 -4.539440632 1.262621641 3.909724951 -0.104936630 0.011196150 -0.160362825 0.981400430
1754429197758737920.000000 -4.541028976 1.266551137 3.911244631 -0.105951093 0.010155162 -0.164555058 0.980608404
1754429197825421056.000000 -4.543176651 1.267841578 3.912344217 -0.107886158 0.007605111 -0.167775005 0.979874671
1754429197892104704.000000 -4.544336319 1.268511176 3.913275719 -0.109163761 0.003997575 -0.167380244 0.979822040
1754429197958788352.000000 -4.544468403 1.267535806 3.914554119 -0.109937996 0.003638885 -0.165891171 0.979990065
1754429197992130048.000000 -4.544237137 1.266814709 3.914306164 -0.109609030 0.005142753 -0.165406629 0.980102062
1754429198058812928.000000 -4.543875694 1.265395880 3.913536549 -0.108156063 0.007918139 -0.164145142 0.980457008
1754429198125496320.000000 -4.542926788 1.267132521 3.913914680 -0.108051173 0.008240233 -0.162716284 0.980704129
1754429198192180224.000000 -4.542864323 1.268564939 3.916799307 -0.112422034 0.006248240 -0.162095651 0.980330169
1754429198258863616.000000 -4.544412613 1.269912839 3.919791460 -0.115682416 0.006706464 -0.162821800 0.979827404
1754429198325547520.000000 -4.546376228 1.270562649 3.920954704 -0.116210975 0.008122419 -0.164970234 0.979394674
1754429198392230912.000000 -4.547801018 1.270826578 3.920679569 -0.115442231 0.008361073 -0.166698366 0.979190946
1754429198458913792.000000 -4.549540043 1.270839214 3.920791864 -0.115232863 0.007420077 -0.169620693 0.978721201
1754429198525597440.000000 -4.549664497 1.271573901 3.921391010 -0.115091272 0.008833975 -0.170401812 0.978590429
1754429198592281344.000000 -4.550620556 1.273607612 3.922106743 -0.115939640 0.009783547 -0.170533210 0.978458405
1754429198658964992.000000 -4.551531792 1.273870945 3.924107790 -0.117023543 0.009237109 -0.171608716 0.978146553
1754429198725648384.000000 -4.553337097 1.274024606 3.925271988 -0.116720073 0.008676787 -0.173032314 0.977937102
1754429198792331264.000000 -4.555075645 1.274841785 3.925463676 -0.116721869 0.008146848 -0.174515620 0.977677822
1754429198859014400.000000 -4.557356358 1.275857091 3.925615311 -0.116468541 0.006935223 -0.177108988 0.977250934
1754429198925696256.000000 -4.560123920 1.277176857 3.924585104 -0.115588605 0.007600481 -0.179675043 0.976881981
1754429198992379136.000000 -4.563598633 1.279345751 3.922144413 -0.113727272 0.009396419 -0.182918012 0.976482928
1754429199059062272.000000 -4.567228794 1.279784560 3.921302319 -0.112896025 0.009458836 -0.185513139 0.976089120
1754429199159086592.000000 -4.571111679 1.282724380 3.917168617 -0.111730069 0.007480851 -0.188180596 0.975729704
1754429199225769472.000000 -4.574438095 1.284682989 3.916674137 -0.111457005 0.006227504 -0.190044537 0.975408435
1754429199292452352.000000 -4.578312874 1.286827803 3.914743662 -0.112811394 0.004126325 -0.192242995 0.974832892
1754429199359134208.000000 -4.583356857 1.288829446 3.912877083 -0.113542341 0.001104703 -0.192881435 0.974630058
1754429199425817600.000000 -4.587666988 1.290851831 3.909358263 -0.113086388 -0.000211444 -0.194187507 0.974424303
1754429199492500224.000000 -4.592349052 1.292567730 3.906271458 -0.112240650 0.000100697 -0.196036503 0.974151850
1754429199559183104.000000 -4.593892097 1.292741537 3.901453733 -0.109839931 0.003290332 -0.195083827 0.974611044
1754429199625865984.000000 -4.594602585 1.292533755 3.898598433 -0.107486762 0.007878871 -0.193424881 0.975177646
1754429199692548864.000000 -4.596281528 1.291796923 3.899157524 -0.106869027 0.011667835 -0.190715164 0.975741088
1754429199792572416.000000 -4.595842838 1.291430593 3.897423744 -0.107825778 0.014975194 -0.187851071 0.976146221
1754429199892597504.000000 -4.597230911 1.291963935 3.896260500 -0.109833196 0.019528927 -0.185975134 0.976201117
1754429199959280384.000000 -4.598530769 1.292195678 3.895514011 -0.110113136 0.021071387 -0.182980657 0.976703286
1754429200025963520.000000 -4.599907398 1.292605758 3.893669367 -0.110368676 0.023443447 -0.181394294 0.976916254
1754429200092647168.000000 -4.602053642 1.293526649 3.891472101 -0.109993227 0.025540669 -0.182682246 0.976665974
1754429200125988608.000000 -4.604151249 1.294664621 3.890914440 -0.109958269 0.025954669 -0.184136108 0.976385951
1754429200226012160.000000 -4.608623981 1.298087239 3.887579918 -0.110900022 0.023148479 -0.186160266 0.975966036
1754429200292695552.000000 -4.611104965 1.296951532 3.886120319 -0.110092647 0.021671755 -0.186127469 0.976097643
1754429200359378688.000000 -4.612655640 1.296991825 3.884833813 -0.109568886 0.022452874 -0.185741410 0.976212442
1754429200426062080.000000 -4.614188671 1.297330260 3.885055542 -0.110323608 0.023203842 -0.185218126 0.976209342
1754429200492745216.000000 -4.615915298 1.298309684 3.885061026 -0.111860946 0.021980233 -0.185516745 0.976005912
1754429200526086912.000000 -4.615988255 1.300338387 3.884334087 -0.112283155 0.021177629 -0.184689522 0.976132095
1754429200592770048.000000 -4.618725300 1.300098538 3.886682272 -0.114273623 0.021440441 -0.186030611 0.975640595
1754429200659453440.000000 -4.620446205 1.303481698 3.887383461 -0.114907749 0.022775689 -0.187261760 0.975300312
1754429200726135552.000000 -4.622705460 1.302841187 3.888452768 -0.116142064 0.025124956 -0.189426973 0.974678040
1754429200792818688.000000 -4.624702454 1.303460598 3.889997721 -0.116860874 0.027345469 -0.190653726 0.974293053
1754429200859501824.000000 -4.625649929 1.303344846 3.890281677 -0.116209187 0.029361321 -0.191950813 0.974057615
1754429200892843520.000000 -4.626905918 1.303063035 3.889812231 -0.114509083 0.030255716 -0.193074435 0.974009573
1754429200959526656.000000 -4.628247738 1.303546309 3.889586449 -0.113373935 0.030549962 -0.195283070 0.973692834
1754429201026210304.000000 -4.628539085 1.304421067 3.891129971 -0.114785336 0.030961106 -0.196292087 0.973311484
1754429201092893440.000000 -4.628379822 1.305074573 3.892019987 -0.116164461 0.033686515 -0.197582841 0.972796023
1754429201159575808.000000 -4.627430916 1.306130767 3.891359806 -0.115691818 0.036068343 -0.199595481 0.972356021
1754429201192917248.000000 -4.627429962 1.306406736 3.890534401 -0.115292177 0.036598708 -0.200430736 0.972211778
1754429201259600640.000000 -4.625875473 1.306514144 3.889692068 -0.114780344 0.035919957 -0.201094046 0.972160697
1754429201326283776.000000 -4.624859810 1.305380106 3.887195110 -0.113942236 0.036344599 -0.200401306 0.972386539
1754429201392966912.000000 -4.623299599 1.304675102 3.885193586 -0.112758532 0.036060132 -0.200001374 0.972617447
1754429201426308608.000000 -4.622747421 1.304551125 3.884920597 -0.112233266 0.035126977 -0.199692622 0.972775817
1754429201492992000.000000 -4.622305393 1.303551316 3.883363962 -0.110119611 0.033842374 -0.198374689 0.973332345
1754429201559674368.000000 -4.620888710 1.301491499 3.880738258 -0.107238151 0.033840664 -0.196724206 0.973988891
1754429201626357504.000000 -4.620513439 1.300583363 3.879819870 -0.105834998 0.033955447 -0.195627049 0.974359334
1754429201693040896.000000 -4.620083809 1.301158309 3.880804777 -0.107399754 0.032685798 -0.195134178 0.974330366
1754429201759723776.000000 -4.620107174 1.302266479 3.883042812 -0.108424298 0.033655327 -0.196804598 0.973847806
1754429201826406144.000000 -4.618930817 1.305188417 3.884675741 -0.109780014 0.034305088 -0.198005453 0.973429739
1754429201893088768.000000 -4.618606567 1.306803584 3.887145758 -0.112051561 0.035172652 -0.197467744 0.973249137
1754429201926430208.000000 -4.618719101 1.306668162 3.889157057 -0.113646016 0.035964124 -0.197901830 0.972947180
1754429201993112832.000000 -4.617857933 1.307561636 3.891278982 -0.115061305 0.037121572 -0.198352277 0.972645521
1754429202059794432.000000 -4.616374969 1.307484388 3.892359734 -0.116070330 0.038395703 -0.198184133 0.972510457
1754429202126476800.000000 -4.615311623 1.307288647 3.892928123 -0.116863906 0.039833724 -0.196624398 0.972674131
1754429202193159424.000000 -4.612688541 1.306908011 3.893746853 -0.118138134 0.040932585 -0.195852727 0.972630262
1754429202259842048.000000 -4.612154007 1.306596398 3.893578291 -0.117816672 0.041455671 -0.195968136 0.972623825
1754429202326524416.000000 -4.609336376 1.307200432 3.893452883 -0.117557183 0.040224791 -0.194664598 0.972968638
1754429202393207040.000000 -4.607633591 1.307108045 3.893826723 -0.117872193 0.039573308 -0.192474604 0.973392904
1754429202426548224.000000 -4.606313229 1.307184696 3.893978119 -0.118138127 0.039772812 -0.191453382 0.973553956
1754429202493229568.000000 -4.605348587 1.307289600 3.895527363 -0.119290419 0.040143926 -0.191095456 0.973468423
1754429202559912448.000000 -4.605245113 1.307714939 3.896481276 -0.119925164 0.039415669 -0.190933734 0.973452032
1754429202626594816.000000 -4.605626583 1.308622956 3.897936821 -0.121025786 0.037932035 -0.191027150 0.973356307
1754429202693277440.000000 -4.607883930 1.308889985 3.900016546 -0.122381791 0.036332104 -0.192070857 0.973042428
1754429202759960064.000000 -4.609187603 1.309299350 3.899933577 -0.122752130 0.035564318 -0.192948461 0.972850502
1754429202826643200.000000 -4.610059261 1.310575247 3.901735306 -0.122457050 0.035771545 -0.193678036 0.972735107
1754429202893325312.000000 -4.611835480 1.311154246 3.902767897 -0.123120189 0.036280248 -0.194290847 0.972510278
1754429202960008704.000000 -4.613384247 1.312007308 3.904355526 -0.123814635 0.036790207 -0.195331559 0.972194433
1754429203026691584.000000 -4.615124702 1.312639952 3.905252695 -0.124055684 0.036539860 -0.196894422 0.971857846
1754429203093374720.000000 -4.616491318 1.312903643 3.905632019 -0.124527298 0.036348976 -0.197971508 0.971585870
1754429203126716416.000000 -4.615878105 1.313523293 3.905703306 -0.124666803 0.035969514 -0.198389098 0.971496880
1754429203193399552.000000 -4.617384911 1.312942266 3.904783726 -0.125007331 0.036505781 -0.200074241 0.971087456
1754429203260082432.000000 -4.621857643 1.314408898 3.907276630 -0.125313371 0.036452331 -0.202684999 0.970508456
1754429203326765824.000000 -4.620481014 1.314843297 3.904178858 -0.124958262 0.035400927 -0.203270152 0.970470726
1754429203393448192.000000 -4.620916367 1.314865947 3.904181004 -0.124847919 0.035089049 -0.204719335 0.970191598
1754429203460131072.000000 -4.619585037 1.313696623 3.904804230 -0.125497088 0.036578290 -0.203023270 0.970409274
1754429203526814208.000000 -4.618736267 1.313352823 3.904884100 -0.125644177 0.040067755 -0.202113792 0.970442235
1754429203593497600.000000 -4.620870113 1.313478827 3.907140970 -0.126672402 0.041025452 -0.202586472 0.970169961
1754429203660180480.000000 -4.622289181 1.314092398 3.907314539 -0.127814829 0.039499450 -0.203021675 0.969992518
1754429203726863616.000000 -4.623239517 1.314363718 3.906525612 -0.127443701 0.038842753 -0.204089254 0.969843805
