1754516391228963328.000000 0.000000001 0.000000004 -0.000000002 0.000000008 -0.000000005 -0.000000004 1.000000000
1754516391262305792.000000 0.001659429 0.001019873 0.005887472 -0.001230558 -0.001190693 0.000504168 0.999998391
1754516391295648000.000000 0.004393223 0.000967174 0.011353235 -0.003508091 -0.003010625 0.000384136 0.999989331
1754516391328990464.000000 0.004350570 0.002285773 0.019630350 -0.005972897 -0.004858291 -0.000387498 0.999970317
1754516391362332928.000000 0.006383063 0.002698066 0.025926527 -0.008040691 -0.006973420 -0.001058992 0.999942780
1754516391395674880.000000 0.007503103 0.003278236 0.033690006 -0.010469322 -0.009156956 -0.002203999 0.999900877
1754516391429017344.000000 0.009550108 0.004822994 0.041374151 -0.012910523 -0.011914611 -0.002842103 0.999841690
1754516391462359552.000000 0.009798007 0.006508584 0.049803063 -0.014976629 -0.014409237 -0.003316254 0.999778569
1754516391495701760.000000 0.011746024 0.007440788 0.059554093 -0.017581675 -0.017682102 -0.004176986 0.999680400
1754516391529043968.000000 0.011376242 0.009481939 0.065637581 -0.020013273 -0.020367930 -0.004674856 0.999581337
1754516391562385920.000000 0.011572259 0.011078506 0.074239105 -0.022462269 -0.024012402 -0.005694818 0.999443054
1754516391595726848.000000 0.012693557 0.012450572 0.082192861 -0.025705604 -0.027675055 -0.006474052 0.999265492
1754516391629069312.000000 0.011087260 0.015098725 0.092503428 -0.029375987 -0.031151518 -0.007180748 0.999057114
1754516391662411520.000000 0.009251383 0.017440345 0.102406874 -0.032775592 -0.034337312 -0.008348873 0.998837829
1754516391695753216.000000 0.007771956 0.020329112 0.111088216 -0.036030054 -0.036540359 -0.009739025 0.998634994
1754516391729095680.000000 0.005557391 0.023013763 0.121109016 -0.039516527 -0.037934415 -0.011805397 0.998428822
1754516391762437888.000000 0.003131388 0.025983442 0.135398984 -0.042602524 -0.039366364 -0.014224489 0.998214900
1754516391795779584.000000 -0.005259707 0.031314112 0.146931961 -0.044369005 -0.038253754 -0.015851023 0.998156726
1754516391829122048.000000 -0.008838468 0.035105612 0.157962739 -0.046863683 -0.038196668 -0.018373486 0.998001695
1754516391862464256.000000 -0.012342764 0.039121296 0.168227151 -0.049909636 -0.038104702 -0.020801350 0.997809827
1754516391895805952.000000 -0.016252873 0.043718256 0.179641798 -0.052473415 -0.038331605 -0.022973254 0.997621953
1754516391929148416.000000 -0.020093773 0.047437247 0.191338494 -0.054481637 -0.038863301 -0.024713786 0.997452080
1754516391962490624.000000 -0.023932237 0.051538005 0.202152044 -0.056259640 -0.039512791 -0.025715413 0.997302592
1754516391995832576.000000 -0.026509123 0.054612700 0.214042619 -0.058907654 -0.040411554 -0.026318992 0.997097909
1754516392029173760.000000 -0.023459597 0.055676673 0.224582329 -0.062365104 -0.043739311 -0.027932856 0.996703267
1754516392062516224.000000 -0.024140207 0.057749573 0.234153867 -0.065751940 -0.046086151 -0.028442768 0.996365249
1754516392095858176.000000 -0.027919885 0.060903475 0.246493056 -0.069633715 -0.048271269 -0.029421424 0.995969653
1754516392129200384.000000 -0.031240886 0.063839793 0.257045060 -0.073292062 -0.049917687 -0.030427188 0.995595694
1754516392162542592.000000 -0.034945786 0.065531261 0.268090636 -0.076857716 -0.050314769 -0.031614557 0.995269775
1754516392195884800.000000 -0.039179675 0.068875678 0.278688997 -0.079637229 -0.049646161 -0.032688551 0.995050132
1754516392229226752.000000 -0.041881531 0.070596628 0.289134562 -0.081949987 -0.048914813 -0.033989195 0.994854987
1754516392262569216.000000 -0.046494864 0.072411850 0.300074100 -0.084489644 -0.047618173 -0.035461176 0.994654000
1754516392295911168.000000 -0.052441727 0.076102674 0.314322352 -0.086229153 -0.046031144 -0.036363073 0.994546831
1754516392329253376.000000 -0.054064069 0.077776626 0.323344558 -0.087737396 -0.044481456 -0.037798632 0.994431973
1754516392362595584.000000 -0.057833783 0.081227869 0.333540142 -0.089466952 -0.041921694 -0.038694389 0.994354546
1754516392395937792.000000 -0.059951551 0.083503507 0.343094409 -0.091727987 -0.038242433 -0.039245505 0.994275272
1754516392429280000.000000 -0.065676808 0.089467257 0.352084786 -0.093600675 -0.031926565 -0.038407974 0.994356334
1754516392462621184.000000 -0.065656066 0.091651596 0.361330390 -0.096974544 -0.025529616 -0.038306106 0.994221747
1754516392495962368.000000 -0.067584582 0.095179267 0.375328720 -0.100971311 -0.018905738 -0.039013896 0.993944347
1754516392529303552.000000 -0.068502843 0.098546512 0.386011988 -0.104931101 -0.012065863 -0.039618928 0.993616760
1754516392562644736.000000 -0.072878473 0.102875449 0.400985330 -0.108577460 -0.005168817 -0.040278897 0.993258238
1754516392595985920.000000 -0.073314913 0.104600273 0.410673201 -0.111894600 0.000397950 -0.041523039 0.992852092
1754516392629326848.000000 -0.073960006 0.107476577 0.421469837 -0.114828125 0.005429239 -0.041600067 0.992499113
1754516392662668032.000000 -0.074216992 0.109097093 0.432303965 -0.118151113 0.009684317 -0.041934192 0.992062569
1754516392696008960.000000 -0.074595012 0.114286296 0.444491595 -0.120444469 0.013490193 -0.041370772 0.991765976
1754516392729350144.000000 -0.075495586 0.115543023 0.454652965 -0.122764163 0.017220005 -0.040602710 0.991455495
1754516392762691328.000000 -0.077704079 0.119804949 0.467628449 -0.124168746 0.020636454 -0.040532075 0.991218150
1754516392796032256.000000 -0.076770708 0.121078931 0.477737069 -0.125210583 0.022858676 -0.040344022 0.991046071
1754516392829373440.000000 -0.080151886 0.127053365 0.494624019 -0.125877127 0.024519378 -0.040382862 0.990920305
1754516392862714368.000000 -0.078461766 0.127920106 0.503278255 -0.126877546 0.024406996 -0.040284626 0.990799487
1754516392896055552.000000 -0.077123739 0.129986882 0.513702631 -0.127685517 0.023157910 -0.040082607 0.990733862
1754516392929395456.000000 -0.073549449 0.139890030 0.529650629 -0.127392754 0.021546349 -0.039292488 0.990839541
1754516392962736640.000000 -0.072676748 0.139040127 0.542281926 -0.127866060 0.020054990 -0.038044825 0.990858555
1754516392996077568.000000 -0.069484085 0.143649966 0.555605471 -0.127769694 0.018831031 -0.035916604 0.990974486
1754516393029418752.000000 -0.067770779 0.146802574 0.571563661 -0.127706245 0.017725019 -0.033964287 0.991071880
1754516393062759936.000000 -0.066570006 0.151443496 0.587263465 -0.125904366 0.016657658 -0.031574048 0.991399944
1754516393096100864.000000 -0.065048754 0.157171175 0.604054391 -0.124433652 0.015851151 -0.028420709 0.991694212
1754516393129442048.000000 -0.059370477 0.161862195 0.619679153 -0.122576244 0.014359228 -0.025340931 0.992031693
1754516393162782976.000000 -0.056729767 0.160969853 0.634482861 -0.121034801 0.013005805 -0.022800477 0.992301166
1754516393196124160.000000 -0.053268809 0.163463473 0.650364578 -0.120034777 0.010612778 -0.020809649 0.992494822
1754516393229465088.000000 -0.051813725 0.165649176 0.668999255 -0.119877286 0.007503194 -0.019028075 0.992578030
1754516393262806016.000000 -0.048925694 0.165752545 0.683961928 -0.120086841 0.004407709 -0.017854890 0.992593110
1754516393296146944.000000 -0.048654478 0.166067511 0.700444937 -0.119959526 0.000895057 -0.018727668 0.992601752
1754516393329488128.000000 -0.047713064 0.168361574 0.718866229 -0.119421124 -0.003285195 -0.020212134 0.992632508
1754516393362828032.000000 -0.047939230 0.175411746 0.743998051 -0.119218647 -0.007918595 -0.022318447 0.992585599
1754516393396169216.000000 -0.047337718 0.176219076 0.759102225 -0.119839162 -0.013459760 -0.024021501 0.992411494
1754516393429510144.000000 -0.044279709 0.177623391 0.775510609 -0.121307574 -0.018936837 -0.023709685 0.992151141
1754516393462851072.000000 -0.048657242 0.182174385 0.791696489 -0.123618767 -0.023333553 -0.023682982 0.991772771
1754516393496192000.000000 -0.045647152 0.186483666 0.808474123 -0.125356063 -0.027955461 -0.023308227 0.991443932
1754516393529532672.000000 -0.047050621 0.190519765 0.823281765 -0.126384988 -0.031636167 -0.024161428 0.991182268
1754516393562873344.000000 -0.051423118 0.194128752 0.839972258 -0.127182394 -0.034195334 -0.025188519 0.990969658
1754516393596214016.000000 -0.054339420 0.196443751 0.854411542 -0.128151506 -0.036963202 -0.026895087 0.990700603
1754516393629554944.000000 -0.059551753 0.202213675 0.874474466 -0.129402116 -0.038935773 -0.027726201 0.990439534
1754516393662895360.000000 -0.062124092 0.203264445 0.886634111 -0.131439656 -0.040511068 -0.028063973 0.990098476
1754516393696236288.000000 -0.065867923 0.206950009 0.902135134 -0.133062780 -0.041939512 -0.028297553 0.989815474
1754516393729576704.000000 -0.069265917 0.209807664 0.916070640 -0.134797215 -0.042955637 -0.028400112 0.989534259
1754516393762917632.000000 -0.073273927 0.216116503 0.933851123 -0.137328699 -0.043344270 -0.028371841 0.989169955
1754516393796257280.000000 -0.077249318 0.221133977 0.949014068 -0.140037492 -0.042561993 -0.028741654 0.988813400
1754516393829597952.000000 -0.081661768 0.227345288 0.964441121 -0.142037839 -0.041107003 -0.029303957 0.988573074
1754516393862938624.000000 -0.086267725 0.234368816 0.980125308 -0.143711522 -0.038711615 -0.029550288 0.988420546
1754516393896279296.000000 -0.091529831 0.240905568 0.996037602 -0.145955503 -0.036019020 -0.029753136 0.988187492
1754516393929619712.000000 -0.097485751 0.248265982 1.010995150 -0.147144586 -0.033549204 -0.030779308 0.988066554
1754516393962960640.000000 -0.104748741 0.254562408 1.024536371 -0.146191821 -0.031102747 -0.031996161 0.988249362
1754516393996301056.000000 -0.112568602 0.259807944 1.037506461 -0.143569723 -0.028458081 -0.033540569 0.988662183
1754516394029641984.000000 -0.121536382 0.262836695 1.049430728 -0.139741778 -0.025860496 -0.035781387 0.989203334
1754516394062982656.000000 -0.130005002 0.265242994 1.062774062 -0.136667103 -0.022864206 -0.038096517 0.989620090
1754516394096323328.000000 -0.137928575 0.267129838 1.077196240 -0.134384334 -0.019939644 -0.040781811 0.989889026
1754516394129663744.000000 -0.145650357 0.270018786 1.097509027 -0.133258283 -0.017005717 -0.043134447 0.989996195
1754516394163004416.000000 -0.152982503 0.270464569 1.111034274 -0.131675735 -0.013713229 -0.045149159 0.990169227
1754516394196344832.000000 -0.162528574 0.271198869 1.125184655 -0.128807992 -0.009889042 -0.046243865 0.990541399
1754516394229685504.000000 -0.169328466 0.272836894 1.137803912 -0.126383051 -0.005344309 -0.046274837 0.990887225
1754516394263025408.000000 -0.174718395 0.275831580 1.150205970 -0.126118988 -0.000127580 -0.045639459 0.990964770
1754516394296366080.000000 -0.178732127 0.279511303 1.162854195 -0.126998350 0.005093729 -0.044945247 0.990871072
1754516394329706496.000000 -0.182395652 0.283278883 1.175779819 -0.128019154 0.009924617 -0.044660769 0.990715921
1754516394363047168.000000 -0.185574695 0.287278056 1.189210534 -0.128693491 0.014117871 -0.044315398 0.990593195
1754516394396387584.000000 -0.188567743 0.290383160 1.201998830 -0.129990324 0.018106826 -0.043977704 0.990374029
1754516394429728256.000000 -0.190827310 0.294949979 1.215484500 -0.131603941 0.022077158 -0.043557916 0.990098834
1754516394463068928.000000 -0.199168175 0.301020652 1.233440042 -0.134322822 0.027018176 -0.043294903 0.989622653
1754516394496409344.000000 -0.200168774 0.305784136 1.248129368 -0.136985675 0.031468652 -0.042587925 0.989156723
1754516394529750272.000000 -0.202962309 0.308579177 1.262785435 -0.139626116 0.036137715 -0.041977603 0.988653958
1754516394563090944.000000 -0.204191357 0.312407821 1.277572393 -0.142288759 0.040119193 -0.041434370 0.988143504
1754516394596431872.000000 -0.204990432 0.316863984 1.292841315 -0.144777924 0.043700505 -0.041332081 0.987634242
1754516394629772544.000000 -0.205168739 0.320790052 1.307687283 -0.147181779 0.046368971 -0.040179230 0.987204671
1754516394663113472.000000 -0.205313176 0.325341195 1.323171854 -0.150586396 0.049267668 -0.038844395 0.986604035
1754516394696453376.000000 -0.204938978 0.330690175 1.339774013 -0.154583812 0.051670209 -0.037592523 0.985911191
1754516394729794304.000000 -0.204262152 0.337451100 1.356196404 -0.158337057 0.053399906 -0.035958495 0.985284150
1754516394763134720.000000 -0.203416169 0.343594074 1.373227596 -0.162634775 0.055035178 -0.034496829 0.984546125
1754516394796475648.000000 -0.201518789 0.349647254 1.390414000 -0.166501597 0.056090418 -0.033830125 0.983863175
1754516394829816320.000000 -0.199432209 0.355237633 1.407855153 -0.169957876 0.056292348 -0.032978129 0.983289361
1754516394863157248.000000 -0.199820101 0.361775100 1.432313442 -0.173669204 0.056513693 -0.031792112 0.982667029
1754516394896497664.000000 -0.196654782 0.366799653 1.450867534 -0.176313549 0.056278571 -0.029069973 0.982293844
1754516394929838592.000000 -0.193624526 0.370736420 1.469689131 -0.177139804 0.055471230 -0.026137203 0.982273519
1754516394963179264.000000 -0.190107748 0.374824286 1.488020062 -0.177440390 0.054146871 -0.022787860 0.982376575
1754516394996519936.000000 -0.186783955 0.377644002 1.506302714 -0.176039994 0.051953148 -0.020175369 0.982804060
1754516395029860608.000000 -0.184217557 0.380190611 1.525118947 -0.174563780 0.048992068 -0.018471973 0.983252823
1754516395063201792.000000 -0.181871623 0.382208347 1.544128776 -0.173771650 0.045221910 -0.017738724 0.983587205
1754516395096542208.000000 -0.180694744 0.383694828 1.563468218 -0.174047276 0.041651193 -0.017169969 0.983706236
1754516395129882112.000000 -0.179718569 0.385810584 1.582936883 -0.175101340 0.037336610 -0.017467018 0.983687162
1754516395163222528.000000 -0.179496199 0.389037043 1.601397753 -0.174907014 0.032275319 -0.018991446 0.983872592
1754516395196563456.000000 -0.182970762 0.392246544 1.624999046 -0.174581826 0.027714707 -0.020766117 0.984033525
1754516395229903872.000000 -0.183671907 0.395174980 1.642211914 -0.174878493 0.022619894 -0.021880385 0.984086990
1754516395263244800.000000 -0.185952902 0.397460997 1.658290744 -0.176588610 0.016920445 -0.023579357 0.983856857
1754516395296585472.000000 -0.188043952 0.400644213 1.674984097 -0.178450704 0.010690168 -0.025132487 0.983569741
1754516395329925888.000000 -0.190561384 0.404192626 1.691635132 -0.180225149 0.003936877 -0.026382683 0.983263671
1754516395363267072.000000 -0.192596689 0.407529652 1.708259225 -0.182206124 -0.002779780 -0.027024014 0.982885003
1754516395396607488.000000 -0.196343049 0.413769037 1.729006052 -0.183816597 -0.009239392 -0.027822793 0.982523322
1754516395429948416.000000 -0.199236274 0.418419600 1.745016336 -0.186086297 -0.015363730 -0.028609773 0.981996596
1754516395463288832.000000 -0.204017788 0.421109766 1.759343743 -0.188482344 -0.020515470 -0.029251393 0.981426477
1754516395496630272.000000 -0.208054796 0.425026864 1.774501920 -0.190097243 -0.024961470 -0.029835045 0.980994344
1754516395529971456.000000 -0.212456018 0.429283172 1.789704204 -0.191546321 -0.028936757 -0.030549448 0.980581164
1754516395563312896.000000 -0.217520013 0.436397552 1.808746099 -0.193307981 -0.032880578 -0.030883871 0.980100572
1754516395596653312.000000 -0.222360864 0.441693783 1.823769927 -0.195366919 -0.036102552 -0.030996995 0.979575276
1754516395629994752.000000 -0.227912083 0.447158933 1.839227319 -0.196597680 -0.038379304 -0.030932078 0.979244411
1754516395663336192.000000 -0.234411314 0.451502055 1.851752162 -0.197018057 -0.039604831 -0.031171240 0.979103565
1754516395696677376.000000 -0.240793407 0.457280934 1.866175294 -0.197409496 -0.040046353 -0.031802062 0.978986502
1754516395730019072.000000 -0.247973993 0.463874906 1.879489183 -0.197671935 -0.039814889 -0.032886676 0.978907108
1754516395763360256.000000 -0.255516350 0.470486820 1.892349839 -0.196983472 -0.039297521 -0.034513894 0.979010820
1754516395796701952.000000 -0.263979107 0.476052642 1.904615164 -0.193886980 -0.038688913 -0.036540557 0.979579389
1754516395830043392.000000 -0.272942483 0.481020480 1.916809678 -0.188956007 -0.038222138 -0.039155196 0.980459929
1754516395863384832.000000 -0.285457641 0.487425148 1.934979200 -0.184406206 -0.037610788 -0.042211249 0.981222749
1754516395896726016.000000 -0.294715792 0.492079914 1.947537184 -0.180938706 -0.036963373 -0.044651300 0.981784701
1754516395930067200.000000 -0.304584861 0.494756520 1.960819244 -0.178045630 -0.035660792 -0.046451613 0.982278228
1754516395963408896.000000 -0.316143751 0.494947076 1.971900940 -0.175007075 -0.033855785 -0.048432358 0.982792318
1754516395996750336.000000 -0.325128376 0.496342361 1.985973597 -0.172610298 -0.032380518 -0.050245892 0.983174741
1754516396030090752.000000 -0.334925979 0.500485480 2.005863190 -0.170488700 -0.029771298 -0.050727714 0.983602583
1754516396063432192.000000 -0.341221690 0.503819227 2.019519806 -0.168567583 -0.026478928 -0.049964558 0.984066844
1754516396096773376.000000 -0.346979171 0.507983029 2.033968449 -0.167746529 -0.022366159 -0.048755612 0.984369755
1754516396130115072.000000 -0.356210738 0.510560751 2.044809341 -0.168836042 -0.018301487 -0.048538797 0.984278142
1754516396163456256.000000 -0.361930162 0.514166892 2.059099913 -0.170087427 -0.015082869 -0.049031824 0.984092891
1754516396196797952.000000 -0.366839081 0.517946780 2.073296309 -0.171961144 -0.011787247 -0.049577888 0.983784795
1754516396230139136.000000 -0.371372402 0.521169007 2.087843418 -0.174310103 -0.008358106 -0.049993563 0.983385444
1754516396263480320.000000 -0.381183863 0.525688231 2.105769873 -0.176865071 -0.004486290 -0.050882496 0.982908726
1754516396296822016.000000 -0.385531902 0.528623343 2.118089914 -0.178256691 -0.001334341 -0.051767256 0.982620418
1754516396330163200.000000 -0.389701396 0.531527638 2.130851269 -0.178040549 0.001652659 -0.052171078 0.982637823
1754516396363504640.000000 -0.392788947 0.534844518 2.141924143 -0.177898735 0.003918302 -0.052258532 0.982652366
1754516396396846336.000000 -0.395604670 0.538014770 2.153900862 -0.178977340 0.005574998 -0.051946368 0.982465088
1754516396430187520.000000 -0.398714721 0.541363239 2.166123390 -0.180378616 0.006947865 -0.051291235 0.982234478
1754516396463527936.000000 -0.401121289 0.543764472 2.178949118 -0.182100937 0.007610951 -0.051413551 0.981905341
1754516396496868608.000000 -0.406482458 0.548532486 2.192588806 -0.183816805 0.008162999 -0.052136846 0.981542945
1754516396530209536.000000 -0.409663886 0.551323831 2.206123114 -0.185845867 0.007175053 -0.052901454 0.981127560
1754516396563549952.000000 -0.410798192 0.555580974 2.215160370 -0.187461793 0.004808292 -0.052983373 0.980830133
1754516396596890624.000000 -0.415680885 0.558478653 2.231360912 -0.188887611 0.000686395 -0.052923422 0.980571330
1754516396630231296.000000 -0.417842031 0.562418163 2.244617701 -0.189734995 -0.004150504 -0.052144818 0.980440915
1754516396663571968.000000 -0.423099309 0.568786323 2.264039516 -0.189947397 -0.009597017 -0.050614242 0.980441809
1754516396696912640.000000 -0.423955023 0.573285520 2.277106285 -0.190180689 -0.016505362 -0.048637904 0.980404675
1754516396730253312.000000 -0.424547374 0.578086019 2.289868593 -0.190142184 -0.023771429 -0.046034776 0.980388582
1754516396763593728.000000 -0.426523864 0.582236111 2.306042433 -0.189522251 -0.030873124 -0.043262746 0.980436981
1754516396796934656.000000 -0.426379263 0.586014390 2.320231199 -0.188543648 -0.037810147 -0.039898343 0.980525255
1754516396830275072.000000 -0.425317466 0.588813961 2.335408211 -0.187617525 -0.044855881 -0.036633275 0.980533302
1754516396863615744.000000 -0.426622212 0.593915105 2.353069544 -0.185338870 -0.051242039 -0.033651207 0.980760634
1754516396896956160.000000 -0.426034212 0.597414851 2.369112968 -0.183784157 -0.057393126 -0.030066269 0.980828941
1754516396930296064.000000 -0.425467283 0.600446224 2.385364771 -0.182941616 -0.063969433 -0.027362518 0.980658770
1754516396963636480.000000 -0.424897283 0.603210747 2.402921677 -0.183010846 -0.070793912 -0.024784034 0.980245411
1754516396996977152.000000 -0.427045703 0.606453180 2.423613071 -0.182796702 -0.076530531 -0.023434274 0.979887426
1754516397030317568.000000 -0.427192569 0.607978761 2.441687822 -0.182328939 -0.081944115 -0.022865420 0.979550183
1754516397063658240.000000 -0.428055465 0.609074116 2.459612370 -0.182218924 -0.086475432 -0.022887906 0.979180515
1754516397096998400.000000 -0.429651678 0.612272441 2.478533983 -0.181798145 -0.091068871 -0.023239331 0.978833973
1754516397130339072.000000 -0.430815637 0.614170790 2.495058298 -0.181188762 -0.096611932 -0.024012806 0.978396773
1754516397163679488.000000 -0.431756824 0.616651893 2.509784460 -0.180938020 -0.101956494 -0.023989011 0.977901280
1754516397197020416.000000 -0.432019234 0.619588435 2.523467779 -0.181556046 -0.106326915 -0.023060119 0.977343500
1754516397230360832.000000 -0.434154719 0.622135580 2.539750338 -0.182717413 -0.109549083 -0.023231914 0.976766944
1754516397263701504.000000 -0.435453057 0.625992894 2.553137302 -0.183234081 -0.111661285 -0.023917386 0.976414442
1754516397297041664.000000 -0.437822461 0.629031003 2.565250397 -0.184343070 -0.113107368 -0.025354309 0.976002812
1754516397330382336.000000 -0.440354139 0.631313324 2.576959133 -0.186015517 -0.114759974 -0.027086224 0.975445986
1754516397363721728.000000 -0.446189821 0.632347107 2.589435339 -0.187268943 -0.116461642 -0.029970935 0.974919915
1754516397397062400.000000 -0.449090928 0.634262919 2.601429939 -0.187947825 -0.117667317 -0.032455698 0.974564850
1754516397430402816.000000 -0.452039063 0.636671960 2.611531258 -0.188551664 -0.118758120 -0.034747712 0.974236846
1754516397463743232.000000 -0.455610335 0.639820933 2.621793032 -0.189281344 -0.119429156 -0.036695957 0.973941863
1754516397497084416.000000 -0.458512127 0.642869890 2.631962776 -0.190548182 -0.119669557 -0.038057193 0.973613024
1754516397530426112.000000 -0.463862956 0.644943714 2.643090010 -0.192183778 -0.119215325 -0.039183829 0.973302484
1754516397563767552.000000 -0.465790004 0.647957981 2.652995110 -0.193724707 -0.118083395 -0.040047783 0.973099828
1754516397597108992.000000 -0.468352199 0.651746988 2.663363695 -0.195224866 -0.115478575 -0.040324941 0.973101199
1754516397630450688.000000 -0.470422298 0.655351460 2.673528433 -0.196228921 -0.111345820 -0.040373869 0.973378837
1754516397663792128.000000 -0.473258734 0.658474982 2.683928490 -0.196457446 -0.105412543 -0.040729761 0.973978341
1754516397697133824.000000 -0.477021664 0.661332786 2.693614960 -0.195672691 -0.098776169 -0.041590448 0.974795222
1754516397730475264.000000 -0.482303172 0.663844228 2.703331232 -0.194002986 -0.091055751 -0.042943679 0.975821555
1754516397763816704.000000 -0.486420840 0.667874575 2.712691784 -0.192301050 -0.083181188 -0.044443194 0.976793826
1754516397797157376.000000 -0.490808070 0.672277451 2.723105192 -0.191027775 -0.075067669 -0.045575298 0.977648258
1754516397830498816.000000 -0.495384276 0.676874161 2.733569384 -0.190001518 -0.067116618 -0.046657279 0.978375196
1754516397863840256.000000 -0.501316369 0.682858169 2.747179747 -0.189687803 -0.059478499 -0.047221314 0.978902996
1754516397897181952.000000 -0.506821811 0.688237190 2.758244514 -0.189600840 -0.052340288 -0.047956005 0.979291737
1754516397930523392.000000 -0.512533784 0.693189025 2.770266533 -0.189641908 -0.046953268 -0.048770629 0.979516685
1754516397963865088.000000 -0.519712925 0.697969794 2.782269239 -0.187513709 -0.043095265 -0.049490459 0.980067372
1754516397997206528.000000 -0.526722372 0.702539146 2.794187784 -0.185542688 -0.040598214 -0.049604397 0.980543315
1754516398030547968.000000 -0.537943840 0.707390368 2.807666779 -0.185024500 -0.039264962 -0.050147962 0.980667889
1754516398063889408.000000 -0.549127698 0.714868665 2.826840162 -0.185413122 -0.040009387 -0.050809294 0.980530322
1754516398097230848.000000 -0.556927979 0.720072150 2.840247393 -0.186290205 -0.042028572 -0.050868258 0.980276465
1754516398130572544.000000 -0.565263748 0.723497748 2.852625132 -0.185882628 -0.044179160 -0.049906094 0.980308771
1754516398163913984.000000 -0.573395312 0.726039588 2.865216732 -0.184446961 -0.046313055 -0.048679896 0.980543077
1754516398197255680.000000 -0.585792899 0.728205919 2.878001928 -0.182629794 -0.048153240 -0.048546445 0.980801165
1754516398230597376.000000 -0.593138218 0.730266154 2.891014099 -0.180709973 -0.050999921 -0.048412107 0.981019557
1754516398263937792.000000 -0.601134300 0.732722700 2.903138161 -0.179874480 -0.054311290 -0.048050378 0.981013119
1754516398297279232.000000 -0.608129382 0.735182941 2.913892269 -0.179560944 -0.058063634 -0.047647793 0.980875254
1754516398330620672.000000 -0.615554690 0.737748563 2.924166679 -0.179084420 -0.062117048 -0.047497544 0.980721295
1754516398363962368.000000 -0.623637795 0.738997400 2.924815178 -0.179321155 -0.066168241 -0.047811732 0.980397761
1754516398397304064.000000 -0.630077124 0.743090749 2.935120344 -0.181071416 -0.070017241 -0.047974657 0.979800582
1754516398430645504.000000 -0.635889888 0.747332513 2.944996595 -0.183068573 -0.073230162 -0.048068922 0.979189813
1754516398463987200.000000 -0.641563058 0.750840485 2.953538656 -0.183367074 -0.076207452 -0.049045965 0.978858232
1754516398497328896.000000 -0.647468328 0.751081645 2.959507227 -0.183592319 -0.078317970 -0.050447013 0.978578269
1754516398530671360.000000 -0.651010752 0.754146576 2.967114687 -0.184841797 -0.080080129 -0.051422812 0.978149474
1754516398564013824.000000 -0.654953837 0.756234467 2.974442244 -0.185441211 -0.082002729 -0.052645531 0.977811635
1754516398597355776.000000 -0.659201324 0.757856369 2.980892658 -0.184676409 -0.084486067 -0.053504732 0.977698326
1754516398630698240.000000 -0.663227975 0.759149373 2.987451077 -0.184948832 -0.087191783 -0.053619001 0.977402985
1754516398664040704.000000 -0.674513340 0.761359692 3.004526138 -0.186193615 -0.089292131 -0.053455979 0.976985872
1754516398697381888.000000 -0.676400781 0.761773705 3.012445927 -0.186220393 -0.091215797 -0.051882446 0.976887822
1754516398730724352.000000 -0.678284526 0.762793601 3.019334316 -0.186485305 -0.091555804 -0.049430087 0.976932704
1754516398764066816.000000 -0.680306911 0.763996422 3.026068211 -0.186985925 -0.090755738 -0.046883125 0.977037191
1754516398797409280.000000 -0.685489297 0.764524281 3.031932831 -0.186486289 -0.090363346 -0.046026591 0.977209747
1754516398830751488.000000 -0.688727975 0.767210007 3.036802292 -0.184687555 -0.090268359 -0.045501910 0.977584660
1754516398864093696.000000 -0.691543758 0.769644797 3.041374683 -0.182912201 -0.089833349 -0.044902205 0.977986217
1754516398897436416.000000 -0.694932163 0.772652090 3.047516823 -0.180557176 -0.089656092 -0.045109257 0.978430450
1754516398930778624.000000 -0.698266864 0.775450587 3.053909779 -0.178899631 -0.089983240 -0.046282269 0.978650033
1754516398964121088.000000 -0.702052832 0.778640926 3.061794758 -0.178546280 -0.090141855 -0.047505002 0.978641391
1754516398997463552.000000 -0.705724299 0.779554844 3.070602894 -0.179403871 -0.090254791 -0.048876151 0.978406608
1754516399030805760.000000 -0.708461344 0.783453584 3.080053091 -0.180386826 -0.090329595 -0.050416689 0.978140712
1754516399064148224.000000 -0.710979879 0.787588954 3.089890957 -0.181119055 -0.091382712 -0.052102458 0.977819264
1754516399097490688.000000 -0.713900685 0.792266309 3.100356817 -0.182465240 -0.093431346 -0.053374033 0.977306664
1754516399130831872.000000 -0.717679203 0.796412468 3.112605095 -0.184008628 -0.095437869 -0.054467924 0.976762950
1754516399164174592.000000 -0.719400287 0.801575840 3.124991894 -0.184802413 -0.097512573 -0.055049069 0.976375461
1754516399197517056.000000 -0.721004665 0.805899382 3.137574673 -0.185577646 -0.098972566 -0.054790728 0.976096034
1754516399230859264.000000 -0.722468436 0.809823811 3.150525093 -0.185608596 -0.100816131 -0.054614075 0.975911379
1754516399264201984.000000 -0.723665774 0.812212825 3.159425974 -0.183170006 -0.102315262 -0.054083496 0.976245582
1754516399297544448.000000 -0.723810315 0.815167010 3.173052788 -0.181440100 -0.102803826 -0.052933630 0.976580262
1754516399330887168.000000 -0.723964930 0.817485392 3.187593699 -0.181360036 -0.102844164 -0.052481942 0.976615250
1754516399364229376.000000 -0.724840879 0.819939613 3.203575134 -0.180614799 -0.103992723 -0.053488165 0.976577103
1754516399397571840.000000 -0.726305544 0.822107911 3.221443176 -0.178067669 -0.103886187 -0.053020556 0.977081656
1754516399430914304.000000 -0.726432979 0.824843287 3.238910198 -0.178263754 -0.103227399 -0.053011492 0.977116168
1754516399464256768.000000 -0.727340639 0.828145504 3.257905483 -0.179124489 -0.102403991 -0.053662378 0.977009833
1754516399497602048.000000 -0.728026092 0.831302524 3.277559757 -0.179981753 -0.100706957 -0.053634327 0.977030277
1754516399530948096.000000 -0.728061199 0.833767772 3.295152664 -0.180638582 -0.099337354 -0.053973652 0.977030575
1754516399564294144.000000 -0.728447855 0.835676730 3.314213276 -0.179479048 -0.098979898 -0.055183183 0.977212965
1754516399597639424.000000 -0.729674637 0.836811364 3.333058357 -0.177722782 -0.099163607 -0.056600284 0.977434218
1754516399630985472.000000 -0.730887592 0.838132739 3.352397442 -0.176991239 -0.100034520 -0.057976484 0.977397561
1754516399664331776.000000 -0.732467949 0.840123892 3.371158600 -0.176613450 -0.102768630 -0.060082026 0.977055013
1754516399697678080.000000 -0.734071970 0.843430996 3.391765356 -0.177791849 -0.106597401 -0.062017355 0.976309896
1754516399731024384.000000 -0.735445321 0.846861839 3.410233259 -0.179992020 -0.110249504 -0.063604809 0.975398600
1754516399764370688.000000 -0.736700177 0.850940824 3.427817345 -0.182389081 -0.114361584 -0.065861061 0.974329531
1754516399797716736.000000 -0.738318622 0.855267763 3.443532705 -0.185065404 -0.119936056 -0.069507495 0.972900271
1754516399831063296.000000 -0.740332305 0.859768450 3.461895943 -0.188703775 -0.124894023 -0.071822621 0.971408248
1754516399864409600.000000 -0.740612030 0.864167154 3.476071358 -0.192660928 -0.128684193 -0.072508886 0.970084906
1754516399897756160.000000 -0.740845799 0.867836595 3.489314079 -0.196101114 -0.131962404 -0.072730511 0.968937814
1754516399931102464.000000 -0.740838528 0.869878948 3.501904011 -0.197980925 -0.134486675 -0.072670154 0.968212783
1754516399964449024.000000 -0.741224945 0.871165216 3.514158726 -0.198252067 -0.135811478 -0.072200455 0.968007445
1754516399997795328.000000 -0.742801607 0.872238159 3.525686979 -0.198165655 -0.136360660 -0.072430842 0.967930794
1754516400031140864.000000 -0.743257284 0.873423934 3.537301064 -0.197582379 -0.136699811 -0.072215416 0.968018234
1754516400064487424.000000 -0.743880749 0.874690771 3.547829151 -0.195925593 -0.136817217 -0.071684539 0.968377769
1754516400097833984.000000 -0.744364321 0.876109958 3.557779789 -0.193908289 -0.136710376 -0.070704870 0.968870878
1754516400131180800.000000 -0.746600330 0.878905177 3.565817595 -0.191951722 -0.136069134 -0.070364937 0.969375372
1754516400164527360.000000 -0.748126686 0.881665587 3.576795816 -0.190763831 -0.135833517 -0.070169382 0.969657004
1754516400197874176.000000 -0.750715256 0.884484649 3.587883472 -0.189652443 -0.135643318 -0.070291750 0.969892800
1754516400231220736.000000 -0.754635692 0.887517214 3.599575758 -0.188905954 -0.136528209 -0.071350820 0.969837010
1754516400264567296.000000 -0.759297132 0.890596271 3.610959053 -0.186616912 -0.138864800 -0.072813146 0.969839692
1754516400297914368.000000 -0.761896014 0.891226947 3.619523525 -0.182498679 -0.141798452 -0.074432164 0.970075965
1754516400331260928.000000 -0.766262293 0.894523561 3.631095648 -0.178793237 -0.142908186 -0.074173048 0.970622778
1754516400364607744.000000 -0.770451844 0.899578214 3.643637419 -0.178335741 -0.142184645 -0.074082851 0.970820129
1754516400397954816.000000 -0.775521755 0.905620515 3.657472610 -0.179826319 -0.140484855 -0.075037532 0.970719278
1754516400431301632.000000 -0.781535089 0.912124991 3.668526649 -0.180044264 -0.138880879 -0.076363452 0.970806301
1754516400464647424.000000 -0.787838519 0.919013143 3.683418036 -0.180154517 -0.137699589 -0.077344447 0.970876455
1754516400497992192.000000 -0.795558631 0.925258636 3.698652983 -0.181030571 -0.136127561 -0.078799099 0.970818162
1754516400531336192.000000 -0.803772211 0.930320799 3.713255882 -0.180364832 -0.134209022 -0.080831900 0.971042037
1754516400564680448.000000 -0.811453700 0.934323728 3.724830627 -0.175691605 -0.131866887 -0.083115399 0.972026527
1754516400598024704.000000 -0.820305824 0.937093735 3.739164114 -0.170748129 -0.129153073 -0.085199706 0.973090708
1754516400631368704.000000 -0.828416467 0.939564049 3.753815413 -0.166983247 -0.126577258 -0.087003537 0.973922610
1754516400664712960.000000 -0.837608993 0.942542732 3.769278049 -0.164618984 -0.124217756 -0.089252762 0.974425256
1754516400698057216.000000 -0.846334755 0.945562065 3.785323381 -0.164888129 -0.122080080 -0.091277942 0.974462271
1754516400731401472.000000 -0.856976211 0.951873302 3.802582502 -0.165260941 -0.119549640 -0.091026224 0.974736333
1754516400764745728.000000 -0.864352882 0.955400109 3.819083929 -0.164412901 -0.117616624 -0.090033926 0.975207031
1754516400798089728.000000 -0.871811330 0.959178030 3.835166931 -0.164218143 -0.115756623 -0.089125283 0.975545764
1754516400831433984.000000 -0.878441691 0.963037729 3.851070404 -0.165849775 -0.114500247 -0.088526979 0.975472510
1754516400864778240.000000 -0.886782885 0.966862679 3.866872787 -0.167044863 -0.114934228 -0.088419743 0.975227237
1754516400898122496.000000 -0.893479645 0.970684886 3.882294178 -0.167820051 -0.116795942 -0.089025922 0.974817753
1754516400931465984.000000 -0.900222778 0.973940492 3.897674322 -0.169007897 -0.119708620 -0.089357510 0.974228621
1754516400964810496.000000 -0.905980229 0.976974428 3.912282944 -0.170316458 -0.122590840 -0.088901266 0.973683894
1754516400998154752.000000 -0.911206365 0.979654729 3.926894665 -0.170953751 -0.124974847 -0.088099860 0.973341942
1754516401031499008.000000 -0.917310536 0.983599782 3.940980196 -0.170953840 -0.126770154 -0.088047050 0.973114550
1754516401064843264.000000 -0.921355486 0.986983657 3.956449032 -0.172364175 -0.129274383 -0.087935269 0.972546220
1754516401098187776.000000 -0.925314307 0.990927815 3.972445488 -0.174842626 -0.131988928 -0.087275438 0.971798360
1754516401131532032.000000 -0.928851604 0.995352387 3.989034891 -0.178063691 -0.134559155 -0.086086757 0.970966697
1754516401164876544.000000 -0.931410015 1.000181556 4.006065369 -0.182100981 -0.136432752 -0.084196456 0.970121861
1754516401198221056.000000 -0.933995545 1.005991101 4.021920204 -0.185774386 -0.136424437 -0.082786098 0.969547749
1754516401231565568.000000 -0.935300112 1.011664629 4.039765835 -0.189294189 -0.135505989 -0.081319213 0.969119728
1754516401264910080.000000 -0.936436832 1.017044067 4.057371140 -0.191367298 -0.133845523 -0.079777233 0.969071507
1754516401298254592.000000 -0.936909318 1.022242785 4.074993610 -0.192002133 -0.133012965 -0.077975705 0.969207168
1754516401331598848.000000 -0.937145352 1.027814269 4.092024326 -0.192107692 -0.132963836 -0.075215347 0.969411194
1754516401364942336.000000 -0.937723756 1.033424020 4.109293938 -0.192875519 -0.132491320 -0.072024040 0.969565749
1754516401398286848.000000 -0.940123081 1.039534688 4.131025314 -0.192728594 -0.130833596 -0.069691524 0.969990432
1754516401431631616.000000 -0.938174784 1.044880867 4.148935318 -0.191024914 -0.127256781 -0.067243375 0.970975637
1754516401464976128.000000 -0.936459541 1.049998999 4.167712212 -0.188899726 -0.122757040 -0.064632982 0.972147226
1754516401498317568.000000 -0.934701443 1.054296255 4.186627865 -0.185717046 -0.121355511 -0.061322190 0.973150373
1754516401564997632.000000 -0.932358980 1.061210036 4.225916862 -0.180814579 -0.123966746 -0.051991619 0.974287093
1754516401598337536.000000 -0.931744516 1.063984752 4.246013165 -0.180147886 -0.123468757 -0.049926143 0.974581778
1754516401631677696.000000 -0.935964227 1.065361619 4.265482426 -0.179962620 -0.121835798 -0.051885884 0.974719167
1754516401665017856.000000 -0.938419461 1.067794919 4.286754608 -0.180215076 -0.120209970 -0.053293314 0.974798501
1754516401698357760.000000 -0.939685047 1.068808079 4.306694984 -0.181010604 -0.119828224 -0.054843195 0.974612057
1754516401765037824.000000 -0.945250332 1.074485064 4.345343113 -0.180997938 -0.121177018 -0.056004543 0.974381566
1754516401798376960.000000 -0.947744668 1.078341007 4.362938404 -0.182616055 -0.121894039 -0.055337492 0.974028289
1754516401865057024.000000 -0.952901781 1.086683035 4.397514820 -0.189454213 -0.119809747 -0.056704789 0.972901523
1754516401898396928.000000 -0.959038258 1.091470599 4.414577961 -0.194276512 -0.118637487 -0.059667144 0.971916497
1754516401931736832.000000 -0.964357972 1.095907331 4.432697296 -0.199282333 -0.118002057 -0.062340666 0.970811903
1754516401998416896.000000 -0.973332107 1.105475068 4.466958046 -0.209707350 -0.116733223 -0.064595565 0.968619466
1754516402031756800.000000 -0.976735353 1.111273766 4.483776569 -0.216182470 -0.114246480 -0.065104574 0.967457652
1754516402098436864.000000 -0.985515535 1.123526454 4.516980171 -0.227070048 -0.107958898 -0.066734679 0.965572655
1754516402131776768.000000 -0.988441288 1.128348112 4.530429363 -0.231221303 -0.105834313 -0.067597106 0.964762390
1754516402198456576.000000 -0.999217510 1.139801741 4.561955929 -0.238188267 -0.099126443 -0.067234270 0.963804901
1754516402231796480.000000 -1.005124688 1.145755887 4.576882362 -0.240575969 -0.094858952 -0.066525169 0.963690519
1754516402298475264.000000 -1.017914414 1.157727718 4.606336117 -0.242583722 -0.084773235 -0.067198224 0.964080453
1754516402331815168.000000 -1.025215387 1.163569093 4.620427608 -0.242847279 -0.079812326 -0.068366922 0.964355350
1754516402398494976.000000 -1.042039752 1.175411224 4.646457672 -0.239308402 -0.071427740 -0.069859475 0.965789437
1754516402465174784.000000 -1.059764743 1.186128616 4.672257423 -0.233693376 -0.061108470 -0.071476012 0.967752278
1754516402498514944.000000 -1.069805145 1.190377116 4.685449123 -0.229692981 -0.055420138 -0.072746783 0.968957007
1754516402565196032.000000 -1.090867281 1.196202517 4.714913368 -0.223599687 -0.044487953 -0.075322978 0.970747411
1754516402598536448.000000 -1.102441788 1.198098183 4.730964661 -0.220619142 -0.039716467 -0.076898552 0.971512496
1754516402665217536.000000 -1.123546839 1.200613737 4.762885571 -0.213856861 -0.030962270 -0.077679001 0.973279297
1754516402698556928.000000 -1.132434487 1.199002862 4.778206825 -0.209915608 -0.025356451 -0.076643094 0.974381089
1754516402731897088.000000 -1.138155460 1.201409459 4.793675900 -0.208289132 -0.018929048 -0.075085834 0.974997163
1754516402765237760.000000 -1.144336343 1.204889297 4.808452129 -0.208353862 -0.012436673 -0.074156448 0.975158930
1754516402831918592.000000 -1.154740453 1.212131619 4.839232922 -0.208901882 -0.001723689 -0.073315486 0.975183070
1754516402865259008.000000 -1.158468962 1.215120912 4.854361534 -0.210746050 0.003189302 -0.072276697 0.974860072
1754516402898599424.000000 -1.162799001 1.217429399 4.871242046 -0.213602751 0.008026581 -0.071852490 0.974241614
1754516402931939840.000000 -1.166470408 1.221363306 4.887536049 -0.216088369 0.012545068 -0.071590379 0.973664880
1754516402998620416.000000 -1.178881526 1.231715322 4.917255878 -0.220591396 0.023316795 -0.070687652 0.972522020
1754516403031961088.000000 -1.182230353 1.237142563 4.934213161 -0.223671421 0.028156063 -0.070593461 0.971696973
1754516403065301504.000000 -1.184137344 1.242690802 4.950342178 -0.226542652 0.031449515 -0.070211545 0.970958173
1754516403131981056.000000 -1.187016487 1.252830982 4.983596802 -0.232209295 0.034728587 -0.069461800 0.969560683
1754516403165321472.000000 -1.189619541 1.258728266 4.999852657 -0.233838171 0.034801811 -0.069033258 0.969197094
1754516403198661888.000000 -1.191523910 1.264603972 5.014825821 -0.234249547 0.033526309 -0.068478033 0.969182074
1754516403265342464.000000 -1.193141460 1.275642991 5.045619488 -0.233130902 0.027039777 -0.065893106 0.969833434
1754516403298682880.000000 -1.190835476 1.279501438 5.058188438 -0.231278732 0.022496283 -0.062651716 0.970607519
1754516403332022784.000000 -1.190535307 1.284834146 5.074356556 -0.229263052 0.018138228 -0.059142835 0.971396744
1754516403398703616.000000 -1.188760161 1.293911457 5.109229088 -0.225292027 0.009122539 -0.051554531 0.972883582
1754516403432044032.000000 -1.187188864 1.296978831 5.127140045 -0.222114876 0.004281535 -0.047856942 0.973835886
1754516403498724608.000000 -1.184059024 1.302392721 5.164474964 -0.217605099 -0.007932628 -0.041851930 0.975106955
1754516403532065280.000000 -1.182973266 1.304147363 5.184145927 -0.215975121 -0.014569870 -0.039934501 0.975473106
1754516403565406208.000000 -1.179638863 1.303656340 5.199193954 -0.213377401 -0.021724170 -0.039203599 0.975941241
1754516403598745600.000000 -1.181619048 1.304244876 5.222986221 -0.210884482 -0.027004274 -0.038891334 0.976363659
1754516403632086272.000000 -1.183207273 1.305023670 5.241489410 -0.207485422 -0.032305140 -0.039192256 0.976918697
1754516403698767616.000000 -1.186323762 1.307686448 5.276498795 -0.202864274 -0.042839784 -0.039456978 0.977473319
1754516403732108032.000000 -1.187530041 1.311012983 5.293742657 -0.203189120 -0.047697149 -0.039142307 0.977193475
1754516403765448704.000000 -1.189865351 1.314250946 5.310765266 -0.204979882 -0.052132424 -0.039425224 0.976581395
1754516403798789376.000000 -1.194162250 1.318462372 5.328630447 -0.207897142 -0.056233037 -0.040178843 0.975706041
1754516403832130048.000000 -1.198073745 1.321767211 5.345276833 -0.210990861 -0.060584925 -0.041717701 0.974716365
1754516403898811136.000000 -1.208630562 1.329655170 5.377242565 -0.217398807 -0.071323581 -0.046424527 0.972365975
1754516403932151552.000000 -1.214518428 1.335810900 5.396465778 -0.220575511 -0.077070981 -0.048282746 0.971120715
1754516403998832384.000000 -1.227615476 1.345281005 5.426765919 -0.225859612 -0.087957963 -0.051007148 0.968839049
1754516404032172288.000000 -1.235006690 1.350568056 5.441515923 -0.227744192 -0.091049299 -0.051915944 0.968063772
1754516404098853376.000000 -1.250344038 1.361597538 5.470597744 -0.228062853 -0.092460804 -0.054238234 0.967727602
1754516404165534208.000000 -1.266318679 1.374300718 5.500154495 -0.230499059 -0.094668694 -0.055892862 0.966842353
1754516404198874624.000000 -1.275322199 1.381655455 5.515220642 -0.232979685 -0.092608444 -0.059261743 0.966246486
1754516404265555712.000000 -1.296044350 1.393905640 5.547173977 -0.233677343 -0.085857190 -0.067488819 0.966161847
1754516404332236544.000000 -1.314987421 1.402852654 5.575942993 -0.227838621 -0.081376083 -0.071092717 0.967684567
1754516404365577216.000000 -1.324102163 1.406556964 5.590246201 -0.223691851 -0.080043092 -0.071843080 0.968707263
1754516404432258048.000000 -1.342770338 1.414182186 5.620069504 -0.218897030 -0.076445982 -0.070999682 0.970154166
1754516404465597440.000000 -1.352570772 1.418039560 5.637210369 -0.217641532 -0.073330492 -0.071649998 0.970629275
1754516404532277504.000000 -1.371500373 1.422042608 5.671844959 -0.217618316 -0.064563170 -0.074275374 0.971059859
1754516404565617664.000000 -1.384576321 1.421101332 5.692442894 -0.215849325 -0.057792909 -0.073623464 0.971930444
1754516404598957824.000000 -1.390310764 1.423020720 5.707586765 -0.212761194 -0.049739588 -0.070827261 0.973263741
1754516404665637888.000000 -1.402167439 1.429612994 5.739066124 -0.212114185 -0.029907843 -0.065107726 0.974614918
1754516404698978048.000000 -1.407791853 1.435507178 5.755100250 -0.215118676 -0.019950449 -0.063777611 0.974298894
1754516404732317952.000000 -1.413662672 1.441563129 5.772278786 -0.218669876 -0.011847784 -0.063978940 0.973627210
1754516404765657856.000000 -1.418987155 1.446064353 5.788391113 -0.222105071 -0.004825599 -0.064326271 0.972886503
1754516404798998016.000000 -1.423965335 1.449748397 5.804281712 -0.224498928 0.000722682 -0.064199641 0.972356975
1754516404832337920.000000 -1.430888534 1.453070521 5.820819378 -0.225460738 0.005738260 -0.064340420 0.972108483
1754516404899017728.000000 -1.438101530 1.462446928 5.851658821 -0.226793721 0.015191822 -0.063282855 0.971765995
1754516404932356608.000000 -1.440615773 1.466541886 5.867122650 -0.228270575 0.019255718 -0.062016904 0.971429765
1754516404965696768.000000 -1.442326188 1.471024990 5.882319450 -0.229449406 0.022361672 -0.060703874 0.971168399
1754516404999036672.000000 -1.444701195 1.476028800 5.897682190 -0.230193585 0.024439426 -0.059439696 0.971020401
1754516405032376576.000000 -1.446264148 1.481034994 5.913544178 -0.230628878 0.025314702 -0.058119271 0.970974624
1754516405065716480.000000 -1.448398232 1.485898972 5.929039001 -0.230714634 0.025070321 -0.057135649 0.971018970
1754516405099056384.000000 -1.457715273 1.488784432 5.946603775 -0.230196506 0.024245270 -0.056847032 0.971179843
1754516405132396288.000000 -1.458934188 1.494513750 5.963175774 -0.229345888 0.021767098 -0.055834454 0.971498430
1754516405165736192.000000 -1.459679842 1.501452804 5.980677128 -0.228904188 0.017731858 -0.053614110 0.971809685
1754516405199075840.000000 -1.459916115 1.507011771 5.998654842 -0.228031218 0.013002749 -0.049607739 0.972302318
1754516405232415744.000000 -1.458515882 1.512819409 6.017414093 -0.226578906 0.008828650 -0.043831464 0.972966015
1754516405265755648.000000 -1.456548572 1.517540097 6.035155296 -0.224513173 0.005401254 -0.038123801 0.973710120
1754516405299095296.000000 -1.452987909 1.521840334 6.053689480 -0.221728936 0.002637258 -0.032319777 0.974569023
1754516405332435456.000000 -1.450539947 1.524847865 6.073193550 -0.218376756 0.001494359 -0.026672034 0.975498915
1754516405365774080.000000 -1.449570298 1.519575119 6.087375164 -0.215133443 0.001674231 -0.023109237 0.976309776
1754516405399114240.000000 -1.447424650 1.523098350 6.107642174 -0.211023793 0.002378099 -0.021410879 0.977243543
1754516405432453632.000000 -1.446619511 1.524253011 6.128011703 -0.207957819 0.004322598 -0.021272223 0.977896988
1754516405465793280.000000 -1.444918871 1.525952458 6.146307468 -0.205149323 0.005414374 -0.021495871 0.978479683
1754516405499133696.000000 -1.446460128 1.527655959 6.164939880 -0.202159941 0.003617679 -0.021777336 0.979103684
1754516405532473600.000000 -1.448701143 1.531070590 6.181737423 -0.199254677 -0.001250367 -0.021514069 0.979710817
1754516405565813504.000000 -1.450226307 1.534515142 6.199401855 -0.197846398 -0.007145056 -0.020831903 0.979985595
1754516405599153408.000000 -1.451899529 1.538576961 6.215914726 -0.198737144 -0.011859045 -0.021131089 0.979753256
1754516405632493568.000000 -1.459366083 1.536578655 6.232684135 -0.201237679 -0.014222001 -0.023182942 0.979164839
1754516405665833472.000000 -1.468001962 1.550356269 6.251245975 -0.201166406 -0.016191600 -0.027954224 0.979024291
1754516405699173376.000000 -1.473620296 1.555517435 6.267382622 -0.202071726 -0.019438833 -0.032432370 0.978640556
1754516405732513536.000000 -1.479860306 1.559923053 6.283689976 -0.202934742 -0.025110034 -0.036056291 0.978206038
1754516405765853184.000000 -1.485767722 1.564590931 6.299136162 -0.204143792 -0.033398591 -0.038468704 0.977614462
1754516405799192320.000000 -1.491672277 1.569489956 6.313949108 -0.205786020 -0.043029927 -0.039492592 0.976852596
1754516405832532224.000000 -1.496735334 1.574291229 6.328776360 -0.206697971 -0.052254539 -0.039110702 0.976225257
1754516405865872128.000000 -1.500630260 1.580323219 6.342463970 -0.206521451 -0.059249543 -0.038502630 0.975887299
1754516405899211776.000000 -1.508545756 1.577162623 6.356347561 -0.208253711 -0.062074833 -0.038971752 0.975324750
1754516405932552192.000000 -1.512933016 1.582178354 6.370364666 -0.209086150 -0.062271275 -0.039524861 0.975111902
1754516405965891840.000000 -1.517632723 1.588011980 6.383926868 -0.210185587 -0.060581893 -0.040213123 0.974953771
1754516405999231488.000000 -1.522884846 1.594327092 6.398695469 -0.211605102 -0.059078228 -0.040503133 0.974726975
1754516406032571648.000000 -1.529193044 1.600938320 6.413086414 -0.212492675 -0.058001850 -0.040847536 0.974584103
1754516406065911296.000000 -1.535434365 1.608347416 6.428221703 -0.214277223 -0.057157323 -0.042057857 0.974191785
1754516406099251200.000000 -1.547985196 1.617733717 6.450766087 -0.216068655 -0.056234840 -0.044853672 0.973724842
1754516406132591104.000000 -1.554696918 1.618156672 6.469114304 -0.217110887 -0.055932067 -0.047677986 0.973376274
1754516406165931008.000000 -1.564019799 1.623203874 6.481572151 -0.214817107 -0.054954931 -0.051184777 0.973762691
1754516406199270400.000000 -1.571781874 1.628469467 6.493345261 -0.211260989 -0.053686015 -0.053940982 0.974462450
1754516406232610560.000000 -1.579326272 1.631355643 6.504493713 -0.205906138 -0.052459922 -0.056527056 0.975528240
1754516406265949184.000000 -1.587124348 1.633951783 6.516118526 -0.200950339 -0.050408356 -0.058528498 0.976551294
1754516406299288832.000000 -1.595247030 1.636085868 6.527845860 -0.197133631 -0.047674764 -0.060434591 0.977350116
1754516406332628736.000000 -1.612765312 1.648796916 6.540436745 -0.192948744 -0.043284040 -0.063379951 0.978202581
1754516406365968384.000000 -1.622729778 1.641968727 6.567051888 -0.193060562 -0.040849358 -0.065799303 0.978125453
1754516406399308288.000000 -1.631234646 1.643588662 6.581735134 -0.190696940 -0.038363151 -0.067605056 0.978566587
1754516406432647936.000000 -1.638424397 1.645543814 6.595609665 -0.186558425 -0.035440180 -0.068030335 0.979444683
1754516406465987328.000000 -1.643637300 1.647566795 6.607464314 -0.182567716 -0.031095436 -0.067264013 0.980396748
1754516406499328000.000000 -1.647123337 1.650286436 6.620461464 -0.180285245 -0.025679177 -0.066403918 0.981034398
1754516406532668416.000000 -1.651133418 1.653512478 6.633451939 -0.179314300 -0.020184703 -0.066072561 0.981363118
1754516406566009088.000000 -1.664017081 1.655518055 6.652326584 -0.180564493 -0.013306047 -0.065669410 0.981278241
1754516406599349504.000000 -1.665075064 1.663047671 6.661781311 -0.181454882 -0.007694099 -0.064842455 0.981229067
1754516406632690176.000000 -1.670851469 1.662482023 6.682533741 -0.184205130 -0.001166406 -0.064465821 0.980770767
1754516406666030592.000000 -1.671128511 1.669723630 6.688442707 -0.183310658 0.005303429 -0.063804530 0.980967939
1754516406699370496.000000 -1.673403382 1.673079967 6.701634407 -0.182613477 0.012437326 -0.063137867 0.981076598
1754516406732710656.000000 -1.675549865 1.676820993 6.714117527 -0.181766391 0.019010743 -0.062409200 0.981175244
1754516406766051328.000000 -1.677760005 1.680634975 6.727591991 -0.181285813 0.024547752 -0.061954919 0.981169939
1754516406799391744.000000 -1.680454969 1.684726954 6.741187096 -0.180989087 0.028970553 -0.061131459 0.981155813
1754516406832732416.000000 -1.682531953 1.688365817 6.754609108 -0.181181699 0.032397136 -0.060043812 0.981080294
1754516406866072832.000000 -1.688843012 1.685205102 6.783259869 -0.182556644 0.035502728 -0.058403373 0.980816841
1754516406899413248.000000 -1.686351180 1.695908308 6.785813332 -0.179305285 0.037881918 -0.056303229 0.981450260
1754516406932753920.000000 -1.685723066 1.700908542 6.799241066 -0.176266670 0.039756477 -0.053577363 0.982078969
1754516406966094592.000000 -1.685656071 1.706026793 6.813253403 -0.172704458 0.041382793 -0.050712410 0.982796550
1754516406999435008.000000 -1.685149431 1.711148024 6.827706814 -0.170046315 0.042007074 -0.048001815 0.983369529
1754516407032775424.000000 -1.683642864 1.716541052 6.843637943 -0.168541074 0.041441079 -0.045038301 0.983792782
1754516407066115840.000000 -1.681073546 1.718922257 6.860479832 -0.168134183 0.039773148 -0.041690316 0.984078705
1754516407099456512.000000 -1.682646036 1.719437003 6.891235352 -0.169874504 0.037812721 -0.038098168 0.984002829
1754516407132795904.000000 -1.680477381 1.724887490 6.910780430 -0.168622941 0.035142452 -0.034836292 0.984437823
1754516407166136576.000000 -1.677886367 1.730092049 6.929276466 -0.167019248 0.032966144 -0.031514797 0.984898329
1754516407199476736.000000 -1.675410986 1.734985352 6.949763298 -0.165252671 0.031368952 -0.028417852 0.985342622
1754516407232817408.000000 -1.673557520 1.740200877 6.970828056 -0.164724067 0.029626619 -0.026120601 0.985548615
1754516407266157568.000000 -1.673018694 1.744167686 6.992743492 -0.166406885 0.026990457 -0.025071725 0.985368848
1754516407299498240.000000 -1.672807455 1.746760011 7.015923500 -0.168632060 0.023303516 -0.025003728 0.985086262
1754516407332838656.000000 -1.677282691 1.748294353 7.031378269 -0.169075251 0.019551208 -0.025483405 0.985079646
1754516407366179328.000000 -1.678456783 1.749879956 7.051819801 -0.167811900 0.014709376 -0.026739731 0.985346556
1754516407399519488.000000 -1.680458665 1.752226233 7.070157051 -0.166029766 0.009556973 -0.028414721 0.985665023
1754516407432860160.000000 -1.681430578 1.755490541 7.087079048 -0.165769413 0.005080819 -0.029709559 0.985703826
1754516407466200320.000000 -1.681856990 1.759712100 7.103118896 -0.167830050 0.001583797 -0.030799432 0.985333502
1754516407499541248.000000 -1.683588743 1.765053391 7.120015144 -0.170739561 -0.001574620 -0.032483067 0.984779418
1754516407532881664.000000 -1.687383652 1.768215179 7.139789104 -0.174160331 -0.004661394 -0.035316035 0.984072804
1754516407566222592.000000 -1.690102577 1.772530198 7.155921459 -0.176068589 -0.007196309 -0.037355144 0.983642578
1754516407599562496.000000 -1.692063808 1.776607752 7.171033859 -0.177506581 -0.009040569 -0.038852744 0.983310878
1754516407632903168.000000 -1.694641471 1.780539989 7.185741425 -0.178547874 -0.010633212 -0.040624999 0.983034670
1754516407666243840.000000 -1.697538018 1.784386396 7.199179649 -0.180100769 -0.011740083 -0.042224012 0.982671380
1754516407699584512.000000 -1.702627540 1.785212994 7.215590000 -0.182416603 -0.012668094 -0.043436486 0.982179701
1754516407732925184.000000 -1.704284191 1.787463188 7.230546951 -0.184308186 -0.013578319 -0.044349913 0.981773555
1754516407766265856.000000 -1.706450343 1.791252851 7.244572639 -0.185352668 -0.013640397 -0.044595771 0.981564879
1754516407799606784.000000 -1.708245635 1.795098186 7.258353233 -0.186760619 -0.012576666 -0.044390898 0.981321514
1754516407832947456.000000 -1.711210370 1.796869636 7.272611618 -0.188888192 -0.009738167 -0.044358630 0.980947912
1754516407866288128.000000 -1.713354111 1.801003695 7.287231445 -0.190703958 -0.005313242 -0.044563632 0.980621219
1754516407899628800.000000 -1.715781808 1.805286527 7.301732540 -0.191666126 0.000277618 -0.045632031 0.980398834
1754516407932969472.000000 -1.718359947 1.809897900 7.315656662 -0.192989483 0.007570134 -0.046658631 0.980061650
1754516407966310144.000000 -1.721318245 1.814669490 7.329362392 -0.194923133 0.015447445 -0.048283398 0.979507625
1754516407999651072.000000 -1.720687151 1.821629524 7.343634129 -0.195358336 0.022809871 -0.050006237 0.979190648
1754516408032990464.000000 -1.722758770 1.827924728 7.358768463 -0.195431545 0.030868188 -0.050863083 0.978910923
1754516408066331392.000000 -1.726937652 1.831784487 7.371220589 -0.194419071 0.039486844 -0.051460013 0.978771627
1754516408099671808.000000 -1.735847592 1.829020262 7.386777878 -0.193656728 0.049271762 -0.053342335 0.978378296
1754516408133012736.000000 -1.739843130 1.832438469 7.398902893 -0.189982191 0.058832861 -0.054399215 0.978512287
1754516408166353152.000000 -1.743681908 1.835256219 7.411229610 -0.187665492 0.069028117 -0.055112150 0.978253305
1754516408199694080.000000 -1.748805523 1.838450909 7.425020695 -0.185463592 0.078936018 -0.055628117 0.977894664
1754516408233034496.000000 -1.754095078 1.840495944 7.438735962 -0.182924822 0.088281080 -0.056124561 0.977545440
1754516408266375424.000000 -1.760139942 1.844200730 7.457105637 -0.179940119 0.096416295 -0.057358615 0.977259219
1754516408299716096.000000 -1.765061378 1.846484303 7.471476555 -0.178441435 0.104836598 -0.057892516 0.976635218
1754516408333056768.000000 -1.769530773 1.848579884 7.485734940 -0.177791983 0.113885172 -0.058134947 0.975725651
1754516408366397184.000000 -1.774469256 1.851637721 7.499641895 -0.176401079 0.124172270 -0.057700153 0.974748492
1754516408399738112.000000 -1.777333498 1.854468465 7.512130260 -0.174275026 0.135467798 -0.057080369 0.973662436
1754516408433078528.000000 -1.779481411 1.855747223 7.526230335 -0.172732860 0.147583947 -0.056260269 0.972222805
1754516408466418176.000000 -1.782226682 1.859898090 7.538793564 -0.172530353 0.159481734 -0.056071095 0.970389068
1754516408499758592.000000 -1.796155930 1.864770293 7.561423779 -0.172616094 0.168890461 -0.056905370 0.968731940
1754516408533099008.000000 -1.799810410 1.868350267 7.574878693 -0.172487125 0.177548900 -0.057707578 0.967157960
1754516408566439168.000000 -1.802278757 1.872130871 7.588012695 -0.172403544 0.185117409 -0.058619432 0.965697885
1754516408599779584.000000 -1.804153919 1.875849009 7.599731922 -0.172542095 0.192262873 -0.059377342 0.964229524
1754516408633119744.000000 -1.805226803 1.879879951 7.610692501 -0.172569484 0.198850036 -0.059893556 0.962855816
1754516408666460160.000000 -1.816298485 1.878717542 7.628464222 -0.173253477 0.203747272 -0.060580686 0.961665392
1754516408699800320.000000 -1.817219615 1.880874395 7.638141632 -0.173803836 0.208615616 -0.061057892 0.960491478
1754516408733140736.000000 -1.818047762 1.883440733 7.648377419 -0.174408138 0.212922230 -0.061391875 0.959414959
1754516408766480640.000000 -1.818660617 1.886476517 7.659348011 -0.175164357 0.216475949 -0.061718125 0.958460569
1754516408799821056.000000 -1.818070054 1.889126658 7.670119286 -0.175748914 0.220589831 -0.061900355 0.957403183
1754516408833161216.000000 -1.813839197 1.891002893 7.680724144 -0.176461935 0.225048006 -0.061691228 0.956247270
1754516408866501632.000000 -1.812198043 1.894310713 7.691792488 -0.177668288 0.229584128 -0.061781541 0.954938889
1754516408899841536.000000 -1.810511231 1.897605181 7.703677177 -0.179175854 0.233634964 -0.061567869 0.953687668
1754516408933180672.000000 -1.808296680 1.900459290 7.715564728 -0.180252999 0.237464055 -0.061081685 0.952569544
1754516408966521088.000000 -1.805518150 1.903521538 7.727945328 -0.180758595 0.241534203 -0.060646459 0.951477587
1754516408999860992.000000 -1.805832505 1.906759381 7.742480278 -0.180252612 0.245778725 -0.060255840 0.950511038
1754516409033201152.000000 -1.801593304 1.909826517 7.753619671 -0.178961396 0.249836653 -0.059714861 0.949730873
1754516409066541312.000000 -1.797906399 1.914551973 7.765195370 -0.177941144 0.253101736 -0.058976781 0.949103951
1754516409099881728.000000 -1.793887377 1.919134378 7.776232243 -0.177811533 0.255555123 -0.057700425 0.948549092
1754516409133221632.000000 -1.788869381 1.923820734 7.788544178 -0.177759856 0.258102894 -0.056009024 0.947970152
1754516409166561792.000000 -1.782828808 1.925711989 7.802032471 -0.177213252 0.260732114 -0.055174332 0.947401702
1754516409199901696.000000 -1.777771711 1.929023147 7.814552784 -0.176063299 0.264387965 -0.053454332 0.946701288
1754516409233242112.000000 -1.772169709 1.931477308 7.827154160 -0.175778970 0.268570632 -0.051655285 0.945676148
1754516409266582016.000000 -1.770317197 1.929444313 7.839950085 -0.174672946 0.273184061 -0.051384524 0.944573760
1754516409299922176.000000 -1.767172456 1.929102182 7.853565693 -0.172122478 0.278285027 -0.051772244 0.943531156
1754516409333262080.000000 -1.764144301 1.929470301 7.866254330 -0.170231536 0.283328325 -0.052295238 0.942343652
1754516409366601216.000000 -1.760833025 1.929854631 7.880032539 -0.168699920 0.287316948 -0.053663094 0.941334009
1754516409399941376.000000 -1.758506656 1.931445122 7.892872810 -0.167219073 0.290064394 -0.055405475 0.940654457
1754516409433281536.000000 -1.751018047 1.931811690 7.905869961 -0.167131349 0.291338623 -0.056559190 0.940207422
1754516409466621696.000000 -1.748599410 1.934445858 7.918149948 -0.168460071 0.292022824 -0.057854585 0.939679086
1754516409499961600.000000 -1.746399164 1.937601686 7.929225922 -0.169802070 0.292518616 -0.058716953 0.939229727
1754516409533302016.000000 -1.744433522 1.939739108 7.939555645 -0.170250177 0.292822272 -0.059259031 0.939019918
1754516409566642176.000000 -1.744591355 1.942251444 7.948352337 -0.169823781 0.293137997 -0.060707349 0.938906133
1754516409599982848.000000 -1.743513942 1.945116043 7.955310822 -0.169151038 0.293999076 -0.061800372 0.938687027
1754516409633322752.000000 -1.740569711 1.947246552 7.963918686 -0.169870734 0.295569569 -0.062307715 0.938030005
1754516409666663168.000000 -1.738208652 1.948415041 7.973178864 -0.171281442 0.297602922 -0.062823467 0.937095821
1754516409700003328.000000 -1.735921383 1.949902534 7.981909752 -0.171816885 0.299851656 -0.062991984 0.936269164
1754516409733343488.000000 -1.730656028 1.949567914 7.998711109 -0.173445776 0.303206772 -0.063507035 0.934852481
1754516409766683904.000000 -1.723433137 1.954582810 8.014356613 -0.173733070 0.307103604 -0.062946372 0.933564126
1754516409800022784.000000 -1.724759459 1.952165723 8.016711235 -0.175030455 0.310306996 -0.062255025 0.932308018
1754516409833363200.000000 -1.721482038 1.953974009 8.025438309 -0.175673127 0.315096468 -0.061134566 0.930653453
1754516409866703360.000000 -1.718438745 1.956007242 8.032584190 -0.176432177 0.320530683 -0.060235497 0.928710699
1754516409900043776.000000 -1.716235995 1.957015991 8.041084290 -0.176942989 0.326241374 -0.059308454 0.926682472
1754516409933383680.000000 -1.713827491 1.958483696 8.049225807 -0.177019104 0.332158566 -0.058850035 0.924592733
1754516409966724096.000000 -1.710575819 1.960621595 8.056948662 -0.176573664 0.337815642 -0.058911297 0.922622263
1754516410000064256.000000 -1.708715916 1.963328719 8.066591263 -0.175941899 0.343949258 -0.058895268 0.920475304
1754516410033404416.000000 -1.706933737 1.965983391 8.076393127 -0.175024763 0.349915206 -0.058879722 0.918400228
1754516410066744320.000000 -1.702535391 1.964778900 8.094577789 -0.174978256 0.356850982 -0.059025928 0.915727019
1754516410100084480.000000 -1.698940277 1.967598915 8.105080605 -0.173493668 0.363374174 -0.059591509 0.913404644
1754516410133424640.000000 -1.696685791 1.971098423 8.116558075 -0.171891630 0.370095462 -0.060828906 0.910924017
1754516410166765056.000000 -1.694792032 1.974346638 8.128967285 -0.170158818 0.377015263 -0.061977580 0.908330500
1754516410200104960.000000 -1.693762541 1.976187825 8.142122269 -0.166831017 0.384058833 -0.063581727 0.905882835
1754516410233445120.000000 -1.691852808 1.979107976 8.154121399 -0.164370865 0.391086370 -0.064783469 0.903236866
1754516410266784256.000000 -1.692703485 1.979538083 8.169075012 -0.161025241 0.397660106 -0.065831207 0.900890470
1754516410300123904.000000 -1.691230297 1.982571125 8.182522774 -0.157144338 0.403505564 -0.067656629 0.898839056
1754516410333464064.000000 -1.687831640 1.986526012 8.196104050 -0.154192269 0.408260137 -0.069531254 0.897058487
1754516410366804224.000000 -1.685786247 1.988897085 8.210311890 -0.152661443 0.412708879 -0.069761939 0.895264864
1754516410400144384.000000 -1.685406685 1.989739895 8.226312637 -0.151853338 0.417546481 -0.068705484 0.893238544
1754516410433484288.000000 -1.681930065 1.986897707 8.239537239 -0.153002053 0.422996342 -0.068339214 0.890502274
1754516410466824192.000000 -1.676379442 1.988708735 8.253521919 -0.152173877 0.429317385 -0.065659948 0.887816668
1754516410500164608.000000 -1.672826767 1.995039105 8.261837959 -0.151451319 0.435687512 -0.063411146 0.884995997
1754516410533504768.000000 -1.668273926 1.998607039 8.275186539 -0.152340710 0.442312598 -0.062310826 0.881628811
1754516410566844928.000000 -1.663204670 2.002012491 8.288017273 -0.153238147 0.449290544 -0.061687917 0.877981126
1754516410600185088.000000 -1.657521963 2.006145716 8.299336433 -0.154088601 0.456348032 -0.060853448 0.874242604
1754516410633525248.000000 -1.651429653 2.005828857 8.311864853 -0.154902741 0.463045657 -0.059959088 0.870631278
1754516410666865664.000000 -1.643997908 2.006054401 8.327597618 -0.157061636 0.469486624 -0.059785523 0.866798520
1754516410700204544.000000 -1.640640736 2.012042999 8.332682610 -0.157447800 0.474700570 -0.058721893 0.863956809
1754516410733544704.000000 -1.636576414 2.014677048 8.343120575 -0.158615932 0.479961604 -0.058267776 0.860861659
1754516410766885120.000000 -1.631362438 2.016448498 8.350549698 -0.159870237 0.484820306 -0.057955965 0.857923090
1754516410800225024.000000 -1.626492023 2.018955231 8.357405663 -0.160587415 0.489754945 -0.058146179 0.854968309
1754516410833565184.000000 -1.627355576 2.017825365 8.365054131 -0.160614043 0.494682640 -0.057793707 0.852145672
1754516410866905088.000000 -1.624374866 2.016525269 8.367411613 -0.160360813 0.498595119 -0.057140183 0.849954307
1754516410900245504.000000 -1.618416309 2.017577887 8.374058723 -0.159907266 0.502487242 -0.056582559 0.847782254
1754516410933585408.000000 -1.611652374 2.018429279 8.381203651 -0.159576967 0.506259203 -0.056199025 0.845623195
1754516410966925568.000000 -1.604619026 2.019220352 8.388003349 -0.159541562 0.510030866 -0.055686895 0.843394399
1754516411000265472.000000 -1.588053226 2.024847507 8.406104088 -0.160435408 0.514227092 -0.055928566 0.840656340
1754516411033605888.000000 -1.579201698 2.026584625 8.414583206 -0.161129698 0.517331898 -0.055777833 0.838626146
1754516411066945792.000000 -1.568894863 2.028539181 8.423499107 -0.161411613 0.519665658 -0.055921737 0.837118089
1754516411100285440.000000 -1.558372021 2.030704260 8.432343483 -0.161192223 0.521066487 -0.056473006 0.836252153
1754516411133624832.000000 -1.548005104 2.032021523 8.439359665 -0.160963684 0.521091759 -0.056480162 0.836279929
1754516411166964736.000000 -1.537885189 2.033330441 8.448124886 -0.159683928 0.520694971 -0.055786092 0.836818874
1754516411200304640.000000 -1.525688648 2.033619881 8.453000069 -0.157195449 0.519808829 -0.053751763 0.837973297
1754516411233644800.000000 -1.510615349 2.034492970 8.459270477 -0.154637173 0.519284189 -0.050537463 0.838973999
1754516411266984960.000000 -1.496384144 2.034504414 8.465805054 -0.150424942 0.518846631 -0.047920827 0.840163231
1754516411300324608.000000 -1.480543613 2.033911705 8.471454620 -0.144205034 0.519479632 -0.044842839 0.841032088
1754516411333664768.000000 -1.461984158 2.033938646 8.481242180 -0.138817951 0.521099448 -0.041154027 0.841125071
1754516411367004672.000000 -1.442303658 2.032532692 8.488397598 -0.134242460 0.522871256 -0.037609283 0.840934157
1754516411400344576.000000 -1.424535751 2.030120611 8.495040894 -0.130852580 0.524407566 -0.035448022 0.840605557
1754516411433684480.000000 -1.409355164 2.027265787 8.501662254 -0.127155229 0.526233137 -0.034380961 0.840076327
1754516411467024384.000000 -1.390719891 2.024399042 8.510375977 -0.124236524 0.529300749 -0.033605456 0.838616014
1754516411500365056.000000 -1.384487152 2.023509502 8.517133713 -0.121984243 0.532356143 -0.034877658 0.836959064
1754516411567046400.000000 -1.356127262 2.020162582 8.535799026 -0.118101947 0.532431960 -0.042565618 0.837111950
1754516411600385792.000000 -1.342551231 2.020155191 8.544985771 -0.117815450 0.530112147 -0.045718193 0.838457286
1754516411633726720.000000 -1.328487396 2.019879580 8.552947044 -0.118374132 0.527589023 -0.046486143 0.839926481
1754516411667067392.000000 -1.306631565 2.013033390 8.568737030 -0.120489642 0.526058018 -0.045917142 0.840617001
1754516411700408320.000000 -1.296501637 2.015593529 8.572411537 -0.120872438 0.525500357 -0.046098687 0.840900838
1754516411733748736.000000 -1.286196709 2.017692327 8.578351021 -0.120994277 0.526580751 -0.046966240 0.840159118
1754516411767089408.000000 -1.274162769 2.016411304 8.587467194 -0.121968821 0.528648794 -0.048464939 0.838632941
1754516411833770752.000000 -1.249013424 2.013327837 8.605085373 -0.122305147 0.533390164 -0.051926825 0.835368216
1754516411867111424.000000 -1.236038685 2.013351202 8.613941193 -0.122452222 0.536167026 -0.053051695 0.833496213
1754516411900452096.000000 -1.222874165 2.013617992 8.622837067 -0.123167381 0.539376020 -0.054054044 0.831252933
1754516411933792768.000000 -1.206176758 2.012585640 8.632844925 -0.123900428 0.543632627 -0.054900602 0.828310490
1754516411967133184.000000 -1.192101955 2.013689518 8.641631126 -0.124416001 0.548893869 -0.055436857 0.824719965
1754516412000473856.000000 -1.175881863 2.015509367 8.651682854 -0.125125453 0.554708660 -0.055886950 0.820681870
1754516412033813760.000000 -1.160655022 2.016931534 8.661183357 -0.126022518 0.560755372 -0.056701612 0.816368043
1754516412067154432.000000 -1.150731087 2.019568443 8.668242455 -0.126567364 0.566247761 -0.058461398 0.812358618
1754516412100494848.000000 -1.134939671 2.021922827 8.678648949 0.126699805 -0.571470618 0.060313210 -0.808536291
1754516412133835520.000000 -1.118943691 2.025265694 8.689354897 0.127868712 -0.576476276 0.062042579 -0.804658592
1754516412200516608.000000 -1.084808350 2.033236504 8.711426735 0.131741703 -0.586435497 0.065509222 -0.796521306
1754516412233857280.000000 -1.068754673 2.037430763 8.721285820 0.132844061 -0.591500878 0.067064114 -0.792452991
1754516412267198208.000000 -1.049588680 2.036883831 8.734600067 0.132454023 -0.597231567 0.068575591 -0.788078606
1754516412300538624.000000 -1.039541721 2.035400629 8.740145683 -0.130221173 0.602157772 -0.071038879 0.784475625
1754516412333879296.000000 -1.026933670 2.035936594 8.748959541 -0.126192853 0.607487559 -0.074130401 0.780729830
1754516412400560384.000000 -0.995422840 2.034004927 8.771420479 -0.120724604 0.617997587 -0.079082191 0.772819877
1754516412433900800.000000 -0.978878975 2.031065702 8.783575058 -0.119123206 0.621749938 -0.081607997 0.769790232
1754516412467240448.000000 -0.962968349 2.029659748 8.794171333 -0.116843879 0.625036359 -0.083204135 0.767303228
1754516412500581120.000000 -0.941491604 2.029020786 8.809733391 0.113446817 -0.628915489 0.083680011 -0.764586687
1754516412533922048.000000 -0.926142693 2.027876377 8.817448616 0.109250642 -0.633128285 0.083002336 -0.761789739
1754516412567262720.000000 -0.916026115 2.026072979 8.821580887 -0.105830841 0.636855006 -0.082443446 0.759222388
1754516412633944320.000000 -0.886720657 2.023658514 8.832386017 -0.098538928 0.645894766 -0.080386877 0.752760351
1754516412667285248.000000 -0.871192455 2.020413399 8.838768005 -0.095848620 0.650860071 -0.079376355 0.748928308
1754516412700625920.000000 -0.856349468 2.017724991 8.844697952 -0.093630515 0.655315578 -0.079261333 0.745327115
1754516412733966592.000000 -0.839871407 2.015521526 8.850849152 -0.092470430 0.659368575 -0.079282597 0.741887271
1754516412767307264.000000 -0.815982819 2.017938137 8.860740662 0.091441780 -0.663161278 0.078502551 -0.738710344
1754516412833988864.000000 -0.785144806 2.016714334 8.870158195 -0.090823881 0.668559730 -0.075305969 0.734239817
1754516412867329536.000000 -0.766791344 2.015837193 8.875066757 -0.091127783 0.670732200 -0.072892837 0.732462108
1754516412900670464.000000 -0.749158859 2.015177250 8.879071236 -0.091678470 0.672577262 -0.070564501 0.730927885
1754516412967350784.000000 -0.711604118 2.014000654 8.886674881 -0.092720196 0.674582541 -0.067272477 0.729257107
1754516413000691712.000000 -0.692694664 2.013543844 8.890498161 -0.091619201 0.674398899 -0.067087807 0.729583025
1754516413034032384.000000 -0.673998833 2.012956858 8.893754005 -0.089951150 0.673954844 -0.066966385 0.730211794
1754516413100713728.000000 -0.633506775 2.016463518 8.899194717 0.087403297 -0.672337592 0.065986492 -0.732098818
1754516413134054400.000000 -0.613517761 2.016729832 8.900577545 0.086301669 -0.671347976 0.064957365 -0.733228862
1754516413167395072.000000 -0.591470718 2.015827894 8.902315140 0.086060934 -0.670003712 0.063356340 -0.734625518
1754516413200735744.000000 -0.568078041 2.014227152 8.904938698 0.084576100 -0.667811036 0.063210942 -0.736803770
1754516413267416832.000000 -0.523914337 2.008398056 8.912015915 0.083837971 -0.661671519 0.061579708 -0.742542922
1754516413300757760.000000 -0.498890877 2.006217718 8.918320656 -0.084738798 0.658223987 -0.060920369 0.745553017
1754516413334098432.000000 -0.476687908 2.000651598 8.922763824 -0.084940277 0.655157983 -0.060516667 0.748258591
1754516413400778752.000000 -0.437431335 1.990580082 8.931386948 -0.083253898 0.650863171 -0.061637577 0.752094984
1754516413434119424.000000 -0.419937611 1.986024857 8.937376022 0.083523549 -0.648698866 0.062802464 -0.753836572
1754516413467459840.000000 -0.402832985 1.982752800 8.942561150 0.083924130 -0.646084249 0.064098269 -0.755925477
1754516413500800768.000000 -0.382824421 1.979931116 8.952669144 0.085295223 -0.643362045 0.065128632 -0.758002758
1754516413534141440.000000 -0.367373466 1.977270961 8.954970360 0.088339046 -0.639216006 0.065621451 -0.761112988
1754516413567482368.000000 -0.350194454 1.974125028 8.960960388 0.091846272 -0.635653555 0.066051371 -0.763640046
1754516413600823040.000000 -0.336309910 1.974159241 8.964763641 -0.094607994 0.632205784 -0.067053691 0.766073763
1754516413667504896.000000 -0.304448605 1.972881556 8.976092339 -0.100045443 0.626751006 -0.068065226 0.769767046
1754516413700845824.000000 -0.288269997 1.972101688 8.981417656 -0.101989590 0.624453306 -0.067774579 0.771403134
1754516413734186496.000000 -0.271042347 1.972086191 8.986040115 -0.103108481 0.622553289 -0.067016520 0.772855103
1754516413800866816.000000 -0.235778809 1.972603321 8.995058060 -0.105102010 0.621398628 -0.063994519 0.773771346
1754516413834207744.000000 -0.215462208 1.969560504 9.006488800 0.107048631 -0.623054564 0.062310953 -0.772308886
1754516413867548416.000000 -0.198262215 1.972151995 9.010305405 0.107732721 -0.624681711 0.061476305 -0.770965040
1754516413900889344.000000 -0.180661201 1.973669291 9.015662193 0.108943723 -0.626898825 0.060908590 -0.769037843
1754516413967570944.000000 -0.148693562 1.977722168 9.026960373 -0.111547865 0.631182313 -0.061638072 0.765092731
1754516414000911616.000000 -0.133671761 1.980662107 9.034079552 -0.111920334 0.633427203 -0.063697182 0.763011515
1754516414034252288.000000 -0.117562771 1.983096361 9.041497231 -0.111432754 0.635738492 -0.066343799 0.760932207
1754516414067593216.000000 -0.101695538 1.984374046 9.049455643 -0.110571466 0.638243139 -0.068874955 0.758733153
1754516414100934144.000000 -0.085648537 1.985658169 9.058691025 -0.109441735 0.640554845 -0.073271975 0.756533682
1754516414167615488.000000 -0.047907352 1.983564854 9.079088211 0.109104685 -0.644855261 0.078837134 -0.752358079
1754516414200956416.000000 -0.032284737 1.980488062 9.088022232 0.108337276 -0.646908939 0.080681592 -0.750508130
1754516414234297088.000000 -0.016074181 1.976517677 9.096385956 0.107055612 -0.648280621 0.082317263 -0.749329925
1754516414267636736.000000 -0.001507759 1.972152472 9.103323936 -0.105756089 0.649116516 -0.083915390 0.748613179
1754516414300977408.000000 0.014698982 1.969616413 9.111393929 -0.102725804 0.650061369 -0.084859267 0.748108685
1754516414367658752.000000 0.044898987 1.965224504 9.125305176 -0.096004985 0.651785374 -0.084888756 0.747497678
1754516414400999424.000000 0.060669899 1.963476181 9.131608963 -0.093410276 0.652386189 -0.085303187 0.747255206
1754516414434340352.000000 0.075608253 1.961602926 9.136607170 -0.091408290 0.652927518 -0.085808523 0.746971965
1754516414501021952.000000 0.110293388 1.957923412 9.150844574 0.089177951 -0.656600237 0.084690496 -0.744144499
1754516414534362880.000000 0.126162529 1.956761956 9.154101372 0.089107312 -0.658156097 0.084014058 -0.742854118
1754516414567703808.000000 0.139861107 1.954247713 9.156270981 -0.088653095 0.659954786 -0.082989126 0.741426468
1754516414601044480.000000 0.153405190 1.951443672 9.155292511 0.087222874 -0.662214220 0.081375368 -0.739758432
1754516414667726080.000000 0.186014175 1.948473096 9.158905029 0.084522858 -0.667676806 0.078790106 -0.735428989
1754516414701065728.000000 0.203289986 1.947546482 9.161181450 0.083642319 -0.670855761 0.077293731 -0.732790768
1754516414734406400.000000 0.220840454 1.946782231 9.162656784 0.082956746 -0.673943698 0.075247169 -0.730243742
1754516414767747328.000000 0.242754936 1.947737575 9.168831825 -0.082869910 0.677413523 -0.073004834 0.727264643
1754516414834428928.000000 0.277737617 1.947696209 9.169824600 -0.081763119 0.682204425 -0.069132827 0.723279059
1754516414867769600.000000 0.294377327 1.947163343 9.170534134 -0.080970414 0.684064329 -0.068401612 0.721679330
1754516414901110528.000000 0.312231064 1.946483493 9.171671867 -0.079452537 0.685165405 -0.068315774 0.720811129
1754516414934451456.000000 0.332724571 1.942561626 9.174757004 0.078073859 -0.685435414 0.067833498 -0.720750690
1754516415001133056.000000 0.366555214 1.939135671 9.172742844 0.073447987 -0.683869362 0.065898076 -0.722900748
1754516415034473984.000000 0.384907722 1.937991381 9.172125816 0.070840202 -0.681726873 0.065517329 -0.725215614
1754516415101155584.000000 0.422814369 1.929231167 9.173438072 0.065432116 -0.676134706 0.065683499 -0.730921507
1754516415134495232.000000 0.442341805 1.924259424 9.173974037 0.062649079 -0.673156679 0.066404842 -0.733843029
1754516415167835904.000000 0.461369514 1.919555426 9.175008774 0.060379412 -0.670085609 0.067505650 -0.736737847
1754516415201176576.000000 0.482140541 1.915438414 9.176328659 0.058843661 -0.666992247 0.068846464 -0.739539683
1754516415234517504.000000 0.499845982 1.907917023 9.178536415 0.057797376 -0.663473487 0.071178369 -0.742560506
1754516415301199104.000000 0.533749580 1.899367929 9.184314728 0.056866996 -0.655437410 0.076978073 -0.749161184
1754516415334540032.000000 0.550861835 1.897111654 9.186702728 0.057465233 -0.651412547 0.077675425 -0.752546370
1754516415367880704.000000 0.569105148 1.895901442 9.189593315 0.058986850 -0.647582769 0.076959230 -0.755800545
1754516415401221632.000000 0.586454391 1.894736052 9.192566872 -0.061095219 0.644004464 -0.075523324 0.758829355
1754516415467903232.000000 0.620792389 1.891815662 9.199148178 -0.066703029 0.640127897 -0.073004290 0.761877537
1754516415501245696.000000 0.635080338 1.890552282 9.201447487 -0.067660324 0.638384759 -0.073790900 0.763178885
1754516415534589440.000000 0.650353432 1.888860941 9.206216812 -0.068117902 0.636720061 -0.074877776 0.764421999
1754516415567933440.000000 0.665492058 1.887506008 9.210475922 -0.068631969 0.635050714 -0.075108603 0.765740871
1754516415601276160.000000 0.680991650 1.886938095 9.214151382 -0.069659911 0.633697927 -0.075960897 0.766684055
1754516415667963392.000000 0.713182449 1.887870550 9.224712372 -0.073478013 0.633504391 -0.073934406 0.766685724
1754516415701307648.000000 0.730230808 1.887644053 9.234582901 0.075679481 -0.633399308 0.073371693 -0.766612351
1754516415734651392.000000 0.746293545 1.888163090 9.241062164 0.075111993 -0.631955802 0.073853679 -0.767812312
1754516415767995392.000000 0.760540962 1.885946870 9.245754242 -0.074483350 0.630098045 -0.074349590 0.769350946
1754516415801339392.000000 0.775231361 1.885803938 9.251650810 -0.073490299 0.628433108 -0.075620189 0.770683229
1754516415834683392.000000 0.791039467 1.889967799 9.259425163 0.071729966 -0.627480328 0.076980770 -0.771490335
1754516415868027392.000000 0.804048061 1.888931513 9.264138222 0.070734732 -0.626184165 0.078320026 -0.772499859
1754516415934715392.000000 0.833065033 1.890036583 9.279062271 0.066224381 -0.621706188 0.081736326 -0.776153982
1754516415968059648.000000 0.845997810 1.890376091 9.287225723 0.062289778 -0.618108392 0.085724317 -0.778918087
1754516416001403648.000000 0.859000206 1.890545845 9.295476913 0.058634911 -0.613907874 0.089772478 -0.782061458
1754516416034746880.000000 0.874811172 1.890979886 9.306060791 -0.055922419 0.609782457 -0.093024693 0.785101593
1754516416068091136.000000 0.889050961 1.888016582 9.314105988 -0.053383484 0.604952931 -0.095381394 0.788723409
1754516416134779392.000000 0.918351650 1.881647468 9.330834389 -0.049238488 0.596765101 -0.099268086 0.794728220
1754516416168123648.000000 0.932836533 1.878825307 9.337292671 -0.045719657 0.594900250 -0.100991525 0.796118200
1754516416201467904.000000 0.947059155 1.877305627 9.343190193 -0.040748272 0.594975233 -0.101263404 0.796297610
1754516416234812416.000000 0.961392879 1.875519276 9.348423004 -0.037021022 0.596169174 -0.100270286 0.795712054
1754516416268156672.000000 0.976997375 1.874466181 9.354515076 -0.035501387 0.597858369 -0.098840572 0.794692218
1754516416301501184.000000 0.996066570 1.874614000 9.365101814 -0.036030963 0.600359201 -0.098469228 0.792826831
1754516416334845696.000000 1.011072159 1.874872684 9.368398666 -0.036400080 0.602403343 -0.096861787 0.791456342
1754516416368190208.000000 1.027481556 1.874858141 9.373263359 -0.037654568 0.604327619 -0.095208518 0.790130198
1754516416401534464.000000 1.043772221 1.873826146 9.378150940 -0.038363464 0.605981827 -0.093758069 0.789001763
1754516416434878976.000000 1.059305668 1.872133136 9.383199692 -0.038547780 0.608006775 -0.092355117 0.787599206
1754516416501566208.000000 1.091882706 1.869013548 9.392810822 -0.037679520 0.612256825 -0.088690884 0.784764886
1754516416534909696.000000 1.109402180 1.867536664 9.398030281 -0.037465148 0.614477515 -0.086585224 0.783273160
1754516416568252928.000000 1.129048347 1.865302563 9.406418800 -0.037784506 0.616639018 -0.085436612 0.781683683
1754516416601596416.000000 1.145908833 1.864804029 9.411397934 -0.036807559 0.617880821 -0.083765015 0.780930281
1754516416634939904.000000 1.163776875 1.863982439 9.414924622 -0.035162676 0.617653668 -0.082615785 0.781308055
1754516416701626880.000000 1.198740482 1.862386465 9.420466423 -0.031972811 0.616422236 -0.081435740 0.782540560
1754516416734970368.000000 1.216566563 1.861469507 9.422307968 -0.030913245 0.615291893 -0.080759205 0.783542156
1754516416768313600.000000 1.235138416 1.860743642 9.424747467 -0.029822122 0.613707125 -0.080663383 0.784836113
1754516416801657088.000000 1.254034042 1.860070229 9.426338196 -0.028238004 0.611530066 -0.080800317 0.786577880
1754516416835001088.000000 1.268812180 1.862104058 9.423957825 -0.025557470 0.608783364 -0.080643438 0.788813233
1754516416868344576.000000 1.295053005 1.857463360 9.425661087 -0.023677247 0.606303096 -0.081049867 0.790738165
1754516416901688064.000000 1.314947128 1.857636213 9.426085472 -0.021348592 0.604211807 -0.082360916 0.792268276
1754516416935030784.000000 1.331368923 1.854925752 9.429718018 -0.019851565 0.602566123 -0.082703546 0.793523967
1754516416968374528.000000 1.355881214 1.850148082 9.428265572 -0.019355556 0.600891948 -0.082187995 0.794858158
1754516417001718016.000000 1.379103661 1.845094919 9.430303574 -0.019455850 0.599829912 -0.081259131 0.795752883
1754516417035061760.000000 1.401371956 1.839071989 9.432601929 -0.019984869 0.598701477 -0.080763415 0.796639502
1754516417068405504.000000 1.422878742 1.834795356 9.435515404 -0.019865738 0.597276509 -0.081341289 0.797652721
1754516417101749248.000000 1.439522266 1.830047131 9.438395500 -0.019424783 0.596120298 -0.082012877 0.798459291
1754516417135092992.000000 1.460642338 1.830503941 9.434258461 -0.019162197 0.595356643 -0.082065180 0.799029768
1754516417168436992.000000 1.481054783 1.828902125 9.436861992 -0.019978222 0.594978392 -0.080363050 0.799464524
1754516417201780736.000000 1.501266479 1.827315092 9.439652443 -0.021004174 0.594567537 -0.077991724 0.799978495
1754516417268468736.000000 1.539964676 1.824246049 9.447107315 -0.023264293 0.596266866 -0.073909402 0.799038291
1754516417301812480.000000 1.559679985 1.823538184 9.451601028 -0.025641058 0.597895503 -0.073571414 0.797778666
1754516417335156480.000000 1.576607704 1.823742390 9.456886292 -0.029386569 0.599540353 -0.073304310 0.796438515
1754516417368499200.000000 1.594260693 1.822464108 9.464519501 -0.034522932 0.601253331 -0.073000431 0.794967651
1754516417401843200.000000 1.610560417 1.822105289 9.470190048 -0.039003670 0.602114856 -0.072969146 0.794110835
1754516417435187456.000000 1.629730701 1.821901083 9.480756760 -0.043366488 0.603575289 -0.073458150 0.792729497
1754516417468531712.000000 1.646012783 1.820895672 9.487347603 -0.046511997 0.605539322 -0.073816404 0.791018248
1754516417501873152.000000 1.663503647 1.822497725 9.495115280 -0.048549496 0.607734084 -0.074500941 0.789146364
1754516417535214336.000000 1.678852081 1.823385239 9.501350403 -0.049623806 0.609880388 -0.074579500 0.787414372
1754516417568555008.000000 1.694495678 1.824048877 9.507863045 -0.050584730 0.612074375 -0.074164987 0.785688102
1754516417601896192.000000 1.708992958 1.825010538 9.514546394 -0.051343381 0.614815354 -0.074515268 0.783462524
1754516417635237120.000000 1.723696232 1.826067567 9.522949219 -0.052254617 0.617636681 -0.076634899 0.780974686
1754516417668578048.000000 1.739263535 1.830894113 9.533927917 -0.052556545 0.620134532 -0.079845108 0.778649926
1754516417701918976.000000 1.752615452 1.831655383 9.541508675 -0.052081648 0.621764362 -0.083732948 0.776971996
1754516417735260160.000000 1.765398979 1.831448078 9.550090790 -0.050748207 0.623337984 -0.088055789 0.775319695
1754516417768601344.000000 1.778203011 1.831453681 9.559149742 -0.047938023 0.624674976 -0.093996391 0.773723423
1754516417801941248.000000 1.790708542 1.830216646 9.567750931 -0.044868592 0.626012027 -0.100299239 0.772033572
1754516417868623104.000000 1.824540138 1.829767704 9.596529007 -0.039014149 0.628709435 -0.111079507 0.768676698
1754516417901964288.000000 1.837392330 1.826729059 9.606596947 -0.036007412 0.629099905 -0.115238167 0.767891288
1754516417935305216.000000 1.852258205 1.823798060 9.616383553 -0.034165565 0.628501773 -0.119140618 0.767869711
1754516417968646144.000000 1.866770267 1.820865750 9.625383377 -0.032066535 0.627986968 -0.122363143 0.767874658
1754516418001987072.000000 1.881459713 1.819128513 9.633541107 -0.028287057 0.628558517 -0.124573246 0.767199814
1754516418035328000.000000 1.895798206 1.817511559 9.640457153 -0.024494821 0.630740285 -0.125415891 0.765400290
1754516418068668928.000000 1.911365032 1.815660238 9.647073746 -0.022617986 0.634072602 -0.124880567 0.762787819
1754516418102009856.000000 1.927386284 1.814479828 9.653526306 -0.022156948 0.638879478 -0.123190016 0.759056270
1754516418135351040.000000 1.945516586 1.813774586 9.664749146 -0.023159083 0.644932210 -0.121618390 0.754145324
1754516418168691712.000000 1.961470127 1.813345075 9.668487549 -0.025424033 0.651329219 -0.119550452 0.748886943
1754516418202032896.000000 1.978901863 1.812849164 9.675317764 -0.028684728 0.658138514 -0.117267080 0.743155003
1754516418235373568.000000 1.996413231 1.811746955 9.681224823 -0.031613823 0.664189756 -0.115597554 0.737895489
1754516418302054400.000000 2.031001568 1.809342623 9.694250107 -0.038251203 0.674231768 -0.112180501 0.728947163
1754516418335395584.000000 2.047383308 1.808888555 9.700417519 -0.040808380 0.678290308 -0.111461855 0.725143671
1754516418368736256.000000 2.063329220 1.809199572 9.705043793 -0.042034462 0.682405949 -0.110316172 0.721377611
1754516418402077440.000000 2.081988335 1.811232209 9.711688042 -0.043882523 0.686647713 -0.108607553 0.717491329
1754516418435418112.000000 2.098893642 1.813233495 9.718177795 0.045947131 -0.689719200 0.107293837 -0.714607835
1754516418468759040.000000 2.115476608 1.812983990 9.720062256 0.048332971 -0.692074299 0.106060460 -0.712354064
1754516418535441664.000000 2.152022362 1.813634753 9.725972176 0.051997334 -0.695758820 0.102759793 -0.708982706
1754516418568783104.000000 2.171337128 1.814099193 9.727851868 0.053058997 -0.697090805 0.101108752 -0.707832098
1754516418602124288.000000 2.191424370 1.814594030 9.729417801 0.053643327 -0.698171973 0.099480450 -0.706952572
1754516418635465728.000000 2.211400032 1.814232349 9.729873657 0.053432629 -0.698817968 0.097393192 -0.706620812
1754516418668806912.000000 2.230249405 1.813981652 9.729265213 0.052174922 -0.698826909 0.094799101 -0.707058609
1754516418702147328.000000 2.250129223 1.812210798 9.725852966 0.051053777 -0.697947145 0.092271052 -0.708342791
1754516418735488512.000000 2.268473625 1.809509039 9.723890305 0.049358279 -0.697018087 0.090319939 -0.709628046
1754516418802171136.000000 2.309067726 1.802008033 9.722612381 0.045019098 -0.696301222 0.087164864 -0.711013615
1754516418835512576.000000 2.329523087 1.797006726 9.721530914 0.042263120 -0.696751595 0.086524300 -0.710819781
1754516418868854016.000000 2.350403309 1.793401003 9.721229553 0.041491739 -0.698114872 0.085138284 -0.709694028
1754516418902195200.000000 2.373034000 1.789294958 9.722812653 0.044384591 -0.700415313 0.082964584 -0.707506418
1754516418935536640.000000 2.393758297 1.786161065 9.723257065 0.048665293 -0.702276647 0.082586497 -0.705420971
1754516418968878080.000000 2.414365768 1.783013344 9.726761818 0.052511971 -0.703036070 0.083761998 -0.704249084
1754516419002219264.000000 2.435838223 1.786555171 9.731925011 0.055214316 -0.703377426 0.084224582 -0.703646123
1754516419035560704.000000 2.455209255 1.784618855 9.735176086 0.058412436 -0.703631520 0.083251037 -0.703249633
1754516419102243072.000000 2.493462563 1.780810833 9.742162704 0.062315408 -0.704456389 0.082391970 -0.702189147
1754516419135583488.000000 2.509074688 1.778744698 9.746075630 0.063955866 -0.704877853 0.083273619 -0.701514363
1754516419168924928.000000 2.526564121 1.775740862 9.750853539 0.066330880 -0.705212116 0.084254660 -0.700840414
1754516419202266368.000000 2.543764114 1.773291349 9.755605698 0.068754904 -0.705691278 0.084688991 -0.700071752
1754516419235607552.000000 2.560257912 1.771451712 9.759588242 0.070674814 -0.706257105 0.084774703 -0.699299157
1754516419268948992.000000 2.578841209 1.771027327 9.764667511 -0.072799362 0.706636548 -0.085317403 0.698631585
1754516419335631616.000000 2.616854668 1.771431923 9.775653839 0.075975306 -0.707556725 0.085869402 -0.697293162
1754516419368973056.000000 2.633854866 1.771709681 9.780172348 0.077657074 -0.708514094 0.083883040 -0.696376979
1754516419435655680.000000 2.668706894 1.772366047 9.790245056 0.080826588 -0.712214112 0.080100253 -0.692677498
1754516419468997120.000000 2.685367584 1.772252083 9.795608521 0.080707051 -0.715163648 0.079221621 -0.689747393
1754516419502338304.000000 2.702301979 1.772771835 9.801811218 0.079825379 -0.718760729 0.078786217 -0.686151385
1754516419535679488.000000 2.719400406 1.773270011 9.808146477 0.079425521 -0.722496569 0.078698464 -0.682273388
1754516419569021184.000000 2.740061760 1.772240043 9.822632790 -0.080683783 0.726303816 -0.080003120 0.677917719
1754516419635702784.000000 2.769700050 1.779824018 9.826467514 0.077785999 -0.731311142 0.083047077 -0.672485411
1754516419669044480.000000 2.786361694 1.781574607 9.834702492 0.076348998 -0.734986901 0.084593028 -0.668437958
1754516419702385664.000000 2.802401543 1.783070087 9.843613625 0.074876666 -0.739190996 0.086115226 -0.663757801
1754516419735727360.000000 2.819705963 1.783843637 9.853570938 0.075284563 -0.744310379 0.084721625 -0.658146322
1754516419769068800.000000 2.838435173 1.782283545 9.863157272 0.075315453 -0.748997867 0.081849888 -0.653169513
1754516419802410240.000000 2.855504990 1.780850172 9.872093201 0.073631525 -0.752825320 0.080486186 -0.649118185
1754516419835751424.000000 2.872227669 1.778535247 9.881018639 0.071681261 -0.756275237 0.080906600 -0.645262539
1754516419902434304.000000 2.904412270 1.774500132 9.897287369 0.069502063 -0.763631821 0.079240866 -0.636990488
1754516419935775488.000000 2.918426514 1.774238825 9.900955200 0.069356486 -0.766366601 0.078051411 -0.633861184
1754516419969117184.000000 2.932831764 1.773965597 9.907865524 0.068710737 -0.768884122 0.077849045 -0.630900621
1754516420002458624.000000 2.948861122 1.773187160 9.913566589 0.068114974 -0.771585226 0.077468440 -0.627706468
1754516420035799040.000000 2.965027809 1.772810221 9.920886040 0.069133729 -0.774238825 0.076420851 -0.624447405
1754516420069140480.000000 2.981089592 1.771535635 9.925724030 0.071682744 -0.776177406 0.075211845 -0.621895075
1754516420102481920.000000 2.996468544 1.771215439 9.930799484 0.073548876 -0.777798772 0.073913336 -0.619803548
1754516420135823360.000000 3.012998581 1.770705462 9.934597969 0.074420169 -0.779486418 0.072134987 -0.617785633
1754516420169164800.000000 3.029740334 1.770125866 9.939372063 0.075246267 -0.781268179 0.070295960 -0.615643263
1754516420235847680.000000 3.061596870 1.765033245 9.951530457 0.077999473 -0.784439206 0.066593349 -0.611667097
1754516420269188864.000000 3.079171181 1.765867949 9.955232620 0.079536773 -0.786099672 0.064389832 -0.609569609
1754516420302530560.000000 3.096293449 1.765767813 9.957290649 0.081582882 -0.787453771 0.062130596 -0.607783318
1754516420335872000.000000 3.114696503 1.765884519 9.960159302 0.083586723 -0.788721800 0.060493376 -0.606029391
1754516420369213440.000000 3.132901192 1.765669823 9.961183548 0.085134402 -0.790272951 0.058371838 -0.603998065
1754516420402554624.000000 3.151758194 1.766319513 9.961978912 0.085912012 -0.791745603 0.056700163 -0.602115631
1754516420435896064.000000 3.170077324 1.767269731 9.963397026 0.086271614 -0.793571770 0.054987278 -0.599814594
1754516420469236736.000000 3.188691139 1.767448664 9.964460373 0.086135067 -0.795245528 0.053647622 -0.597735167
1754516420502578176.000000 3.205645561 1.765940905 9.967263222 0.084432088 -0.796442270 0.052565426 -0.596479535
1754516420569262080.000000 3.242197990 1.764892817 9.968998909 0.077725716 -0.797376513 0.049380239 -0.596415222
1754516420602603776.000000 3.261047363 1.761382341 9.969275475 0.072674505 -0.797984064 0.048043348 -0.596348643
1754516420635945472.000000 3.279916763 1.758302331 9.969728470 0.067517035 -0.799230874 0.046305209 -0.595422029
1754516420669287424.000000 3.296904564 1.755317688 9.968111992 0.064097852 -0.800735593 0.043465093 -0.593990684
1754516420702629120.000000 3.316661835 1.750805378 9.969561577 0.063004903 -0.802183568 0.040395502 -0.592368245
1754516420735971072.000000 3.334924698 1.745805025 9.971584320 0.063481405 -0.802772760 0.038686380 -0.591632903
1754516420769312768.000000 3.356455803 1.745115757 9.976262093 0.063761085 -0.801778376 0.039231617 -0.592913806
1754516420835996416.000000 3.391562462 1.738125563 9.985448837 0.064717226 -0.794425428 0.037262153 -0.602753401
1754516420869338112.000000 3.407533646 1.735390306 9.989800453 0.065383986 -0.789957285 0.036928881 -0.608546495
1754516420902679808.000000 3.423677444 1.732759476 9.994994164 0.066539861 -0.787593126 0.036862954 -0.611482441
1754516420936020736.000000 3.439291954 1.731809139 9.998474121 0.068510085 -0.787274837 0.036744189 -0.611681759
1754516420969362432.000000 3.456319809 1.730967283 10.001930237 0.070388548 -0.787774682 0.036250070 -0.610853851
1754516421036046592.000000 3.488822937 1.727632523 10.011628151 0.073276863 -0.786111116 0.035856832 -0.612677813
1754516421069388032.000000 3.507925034 1.725825667 10.014436722 0.074598573 -0.784715950 0.035992097 -0.614296854
1754516421102729984.000000 3.524609566 1.726410866 10.020893097 0.076866500 -0.784032404 0.037501134 -0.614799559
1754516421136071680.000000 3.540859222 1.726416349 10.027721405 0.079355672 -0.783915102 0.038729511 -0.614556611
1754516421169413632.000000 3.557701111 1.726128578 10.033615112 0.082086809 -0.784183562 0.038917542 -0.613843143
1754516421202755328.000000 3.575610161 1.727788687 10.040052414 0.084325165 -0.784534812 0.037690155 -0.613167107
1754516421236097024.000000 3.593267441 1.730054736 10.045572281 0.086334914 -0.784805596 0.036096647 -0.612636507
1754516421269439232.000000 3.610466003 1.731751919 10.051624298 0.087769732 -0.786187172 0.034768250 -0.610735178
1754516421302781184.000000 3.627187729 1.734467387 10.058071136 0.088549867 -0.788361549 0.034409270 -0.607833087
1754516421336122624.000000 3.645009995 1.728320241 10.071773529 0.090419427 -0.792073965 0.033584829 -0.602756500
1754516421369463808.000000 3.658772469 1.731227160 10.079200745 0.089496821 -0.796082854 0.033955544 -0.597569585
1754516421402805248.000000 3.672134399 1.734565854 10.087002754 0.087046765 -0.800210953 0.036041159 -0.592272162
1754516421436147456.000000 3.685933113 1.736036420 10.096412659 0.082879685 -0.804104328 0.038623951 -0.587414086
1754516421502830592.000000 3.710806847 1.737541437 10.115708351 0.071150817 -0.810430765 0.045371652 -0.579725027
1754516421536171776.000000 3.723165512 1.738173366 10.124922752 0.066284053 -0.813627481 0.047090724 -0.575672865
1754516421569512704.000000 3.738397598 1.738782525 10.132435799 0.063250542 -0.817157924 0.046444658 -0.571047544
1754516421602853888.000000 3.765941620 1.729868889 10.146734238 -0.063448824 0.821680665 -0.044730604 0.564636528
1754516421636194816.000000 3.776919365 1.725711465 10.154443741 0.062323164 -0.825032353 0.043687932 -0.559936523
1754516421669536000.000000 3.793124199 1.722324610 10.162150383 0.060234960 -0.828749180 0.042923633 -0.554710805
1754516421702876928.000000 3.807793617 1.718989372 10.170287132 0.056759827 -0.832833290 0.041992866 -0.549002469
1754516421736217856.000000 3.821859360 1.717591882 10.177329063 0.052796394 -0.837803543 0.039642554 -0.541965306
1754516421769559040.000000 3.835986137 1.717559576 10.182786942 0.050378237 -0.843456209 0.036080766 -0.533612192
1754516421836240384.000000 3.864665985 1.717734814 10.193228722 0.048552141 -0.854191720 0.029621391 -0.516838372
1754516421869581312.000000 3.878696442 1.717225313 10.198699951 0.047056384 -0.859159946 0.027862731 -0.508776605
1754516421902922496.000000 3.901631355 1.712976694 10.209284782 -0.046178404 0.864153206 -0.026232485 0.500418425
1754516421936263424.000000 3.910928726 1.717003345 10.209065437 0.045117006 -0.867982328 0.024721745 -0.493923128
1754516421969604608.000000 3.924173355 1.715698957 10.213006973 0.044342272 -0.871732473 0.023012863 -0.487428725
1754516422036286720.000000 3.947956085 1.712362051 10.218845367 0.041201472 -0.877834558 0.022389673 -0.476663053
1754516422069627648.000000 3.960741043 1.710873604 10.220858574 0.039835162 -0.880640984 0.022524901 -0.471569002
1754516422102968576.000000 3.973595619 1.709865570 10.222690582 0.038477492 -0.883590519 0.022415943 -0.466138244
1754516422136309760.000000 3.987798691 1.708456397 10.224830627 0.037997562 -0.886109531 0.021680957 -0.461406648
1754516422169650688.000000 4.002379417 1.707287788 10.225576401 0.038034614 -0.888256669 0.020499784 -0.457310855
1754516422236332544.000000 4.032287598 1.704635978 10.228251457 -0.036595218 0.892339885 -0.017887125 0.449522436
1754516422269672960.000000 4.047771454 1.702513933 10.226192474 0.036084373 -0.893413126 0.018229993 -0.447413176
1754516422303013888.000000 4.062762260 1.702085614 10.227156639 0.035455529 -0.894112468 0.018749868 -0.446042925
1754516422336355072.000000 4.078125000 1.702000976 10.226741791 0.034835119 -0.894043863 0.018356781 -0.446245611
1754516422369696256.000000 4.093247414 1.702264786 10.224916458 0.033812162 -0.893028855 0.017458282 -0.448387682
1754516422403036928.000000 4.108671188 1.701638341 10.223597527 0.031883758 -0.891531229 0.015962454 -0.451553673
1754516422469719040.000000 4.138771057 1.697166085 10.217276573 0.023873577 -0.888132155 0.012733975 -0.458791047
1754516422503060224.000000 4.153063774 1.694100618 10.213844299 0.018793875 -0.886613786 0.011377763 -0.461988539
1754516422536401152.000000 4.180761337 1.686771631 10.220008850 -0.015949622 0.886383295 -0.009948768 0.462570280
1754516422569742080.000000 4.181544304 1.685127974 10.208347321 0.012844802 -0.884515882 0.010660882 -0.466211438
1754516422603083008.000000 4.194818497 1.680776358 10.205522537 0.009261118 -0.884546757 0.011253307 -0.466223985
1754516422669765632.000000 4.225193024 1.671187878 10.203024864 0.006234412 -0.885786891 0.013485068 -0.463854462
1754516422703105792.000000 4.240159035 1.667169571 10.203410149 0.004594087 -0.886409342 0.017072741 -0.462564558
1754516422736446976.000000 4.254371643 1.664861798 10.203649521 0.003390213 -0.887106121 0.019776158 -0.461129338
1754516422769787904.000000 4.268540382 1.663408756 10.203279495 0.003629778 -0.888067782 0.020797217 -0.459227443
1754516422803128832.000000 4.282833099 1.662292719 10.203145981 0.004112001 -0.889629602 0.021134043 -0.456175059
1754516422869810944.000000 4.308346748 1.658700943 10.202857018 0.007591337 -0.894513726 0.020487780 -0.446506381
1754516422903151872.000000 4.321334839 1.657201052 10.204091072 0.009857138 -0.896965504 0.020663226 -0.441507488
1754516422936493056.000000 4.333773613 1.653939366 10.205205917 0.011310566 -0.899079204 0.021267857 -0.437122971
1754516422969834240.000000 4.346208572 1.651998758 10.206693649 0.011738751 -0.901085913 0.021348616 -0.432955772
1754516423003175168.000000 4.358533859 1.649810076 10.208299637 0.011602992 -0.903117657 0.020693552 -0.428737372
1754516423036516352.000000 4.370497704 1.648091316 10.209455490 0.011354382 -0.905068278 0.019550953 -0.424664944
1754516423069857280.000000 4.383390427 1.646288753 10.210648537 0.010899764 -0.907144547 0.018134529 -0.420286953
1754516423103198208.000000 4.396201134 1.644860744 10.210407257 -0.010423310 0.909413040 -0.016188381 0.415448248
1754516423169879552.000000 4.419892311 1.643885851 10.214736938 0.010353726 -0.914272845 0.012487652 -0.404774129
1754516423203220480.000000 4.434022903 1.643786192 10.217828751 0.010209374 -0.917204916 0.011490582 -0.398119360
1754516423236561664.000000 4.447235107 1.643761992 10.222176552 0.010348097 -0.920460105 0.011477067 -0.390530974
1754516423269902592.000000 4.460915565 1.643301249 10.226835251 0.010643286 -0.923782945 0.011803409 -0.382586479
1754516423336584704.000000 4.490348816 1.644854784 10.238275528 0.011472069 -0.929755390 0.012361973 -0.367791325
1754516423369925632.000000 4.506330490 1.645469666 10.244538307 0.010724818 -0.932390153 0.011962894 -0.361096203
1754516423403266560.000000 4.522495270 1.645644426 10.251439095 0.010119003 -0.934709311 0.012392588 -0.355052978
1754516423436607488.000000 4.537345886 1.644394636 10.256861687 -0.009570250 0.936915159 -0.011823014 0.349225879
1754516423469948672.000000 4.549513817 1.644277573 10.262855530 0.008515632 -0.938809395 0.011411014 -0.344142765
1754516423503289600.000000 4.564517975 1.643685579 10.269722939 0.007062484 -0.940704405 0.010789747 -0.338982224
1754516423569971968.000000 4.593515396 1.640172482 10.284286499 0.003911089 -0.943659663 0.010227725 -0.330736488
1754516423603312128.000000 4.608431816 1.637548089 10.291179657 0.003415311 -0.944974065 0.009012278 -0.327003241
1754516423636653312.000000 4.623299599 1.635286927 10.297493935 0.002535729 -0.946419895 0.008319737 -0.322821677
1754516423669994240.000000 4.638098717 1.632677794 10.303280830 0.000827116 -0.948023200 0.007180475 -0.318119377
1754516423736676352.000000 4.669304848 1.628359675 10.314702988 0.003292601 0.951100171 -0.004107016 0.308837801
1754516423770017536.000000 4.676218987 1.629446030 10.316323280 -0.004988102 -0.952005029 0.002961397 -0.306027442
1754516423803358464.000000 4.683263779 1.628612995 10.321221352 -0.005461740 -0.952661872 0.001686326 -0.303978175
1754516423870041088.000000 4.706643105 1.627070665 10.330766678 -0.005069701 -0.953617692 0.000171382 -0.300977975
1754516423903382016.000000 4.719980240 1.626465797 10.336099625 -0.003619797 -0.954046845 -0.000462718 -0.299635440
1754516423936723200.000000 4.731279373 1.625820041 10.341313362 -0.002031234 -0.954504907 -0.000573793 -0.298187643
1754516423970064128.000000 4.743279457 1.625544667 10.346450806 -0.001419518 -0.954857171 0.000193197 -0.297061861
1754516424036745216.000000 4.762434959 1.625021815 10.357278824 -0.000853604 -0.955121458 0.002847676 -0.296199620
1754516424070086400.000000 4.774491310 1.625506401 10.361567497 -0.000555629 -0.955391526 0.004633522 -0.295305610
1754516424103427328.000000 4.779594421 1.626291156 10.365443230 0.000522182 -0.955414712 0.006573069 -0.295193613
1754516424136768512.000000 4.787506104 1.625585556 10.369328499 0.001975754 -0.955525517 0.008378372 -0.294782966
1754516424203450624.000000 4.806212425 1.623926163 10.374158859 0.003493010 -0.955698133 0.009705233 -0.294168055
1754516424236791808.000000 4.816363335 1.622766018 10.375568390 0.003668817 -0.955845356 0.010085082 -0.293674260
1754516424270132736.000000 4.827068329 1.622122765 10.376247406 0.003941444 -0.956171095 0.010272840 -0.292601854
1754516424336814848.000000 4.853591919 1.620261788 10.378090858 -0.006281700 0.956844628 -0.010239059 0.290351808
1754516424370156032.000000 4.862217903 1.620517969 10.377556801 -0.006765145 0.956736267 -0.010263049 0.290696919
1754516424403496960.000000 4.868924141 1.618302941 10.376051903 0.007635069 -0.956399202 0.009717151 -0.291801155
1754516424436838144.000000 4.877385139 1.618368268 10.374001503 0.006935018 -0.956130266 0.009679407 -0.292699933
1754516424503519744.000000 4.896159172 1.617065668 10.368752480 0.001004403 -0.955790639 0.011007675 -0.293840379
1754516424536861440.000000 4.905856133 1.615053415 10.365045547 -0.002513531 -0.955907047 0.010292119 -0.293478429
1754516424570203136.000000 4.915569305 1.613645077 10.360877991 -0.006149631 -0.955930233 0.009678937 -0.293370008
1754516424636886272.000000 4.937911034 1.609129667 10.349380493 -0.013828157 -0.956001222 0.005514550 -0.292984843
1754516424670228224.000000 4.950644493 1.607096910 10.343095779 -0.017723985 -0.956220448 0.002342663 -0.292100877
1754516424703570176.000000 4.964388847 1.605791569 10.337069511 -0.021752335 -0.956576347 0.000144154 -0.290669113
1754516424736911872.000000 4.976208687 1.604767799 10.331115723 -0.025321651 -0.956995308 -0.002274966 -0.288987398
1754516424803595264.000000 5.005373955 1.599477291 10.318425179 -0.026580421 -0.957754314 -0.007023402 -0.286270678
1754516424836936960.000000 5.019866943 1.596666574 10.313536644 -0.024830164 -0.957702875 -0.008349125 -0.286564082
1754516424870278912.000000 5.034644127 1.593393803 10.309570312 -0.022484556 -0.957314849 -0.008720392 -0.288039386
1754516424936961280.000000 5.059451103 1.588243246 10.305351257 -0.019138366 -0.955352783 -0.006336334 -0.294779122
1754516424970302976.000000 5.074609756 1.584892988 10.302211761 0.018246360 0.954544008 0.005753030 0.297455639
1754516425003644672.000000 5.083319664 1.580683231 10.300333977 -0.018781364 -0.954260230 -0.005035703 -0.298344344
1754516425036986368.000000 5.092863083 1.577121496 10.299244881 -0.018577574 -0.954760432 -0.004366572 -0.296763062
1754516425103669760.000000 5.112991333 1.569736481 10.296452522 -0.015296941 -0.956559002 -0.001727397 -0.291132212
1754516425137011712.000000 5.123229980 1.566883564 10.294939995 -0.013885181 -0.957321167 0.000246511 -0.288692504
1754516425170353408.000000 5.133433342 1.564574242 10.293018341 -0.012424760 -0.957931101 0.001520896 -0.286725342
1754516425203695104.000000 5.146003723 1.563066125 10.290075302 0.011271795 0.958550155 -0.001774136 0.284695387
1754516425237037056.000000 5.156670570 1.561778307 10.285477638 -0.009851631 -0.959197998 0.000087336 -0.282563776
1754516425303720448.000000 5.185425758 1.558254242 10.274211884 -0.007372031 -0.960792065 -0.004187415 -0.277140379
1754516425337062400.000000 5.196811676 1.557523131 10.269231796 -0.005564263 -0.961479366 -0.005918615 -0.274757087
1754516425370402816.000000 5.214849472 1.553667665 10.263314247 0.003245255 0.962292373 0.007715153 0.271888614
1754516425403744768.000000 5.222897530 1.554422140 10.259475708 -0.002890388 -0.962716699 -0.008383243 -0.270366549
1754516425470428160.000000 5.248927116 1.550421834 10.251007080 -0.003202218 -0.964637756 -0.007573132 -0.263450921
1754516425503769600.000000 5.261742592 1.549186826 10.248144150 -0.003980676 -0.966018915 -0.006493499 -0.258359283
1754516425537110528.000000 5.275468826 1.547467709 10.245415688 -0.004580577 -0.967398524 -0.005428805 -0.253159434
1754516425603792896.000000 5.309049606 1.540067077 10.238176346 -0.005964738 -0.969939291 -0.001226826 -0.243270919
1754516425637134080.000000 5.322387695 1.537687659 10.236293793 -0.007107563 -0.971082509 0.001636090 -0.238633126
1754516425670475264.000000 5.337146759 1.534645081 10.233087540 -0.007617436 -0.972275674 0.003417021 -0.233688608
1754516425703816448.000000 5.353333473 1.530803561 10.229486465 -0.007645866 -0.973549962 0.004642367 -0.228299171
1754516425770498560.000000 5.385746956 1.523067951 10.219839096 -0.006989268 -0.975952923 0.004613572 -0.217820808
1754516425803838976.000000 5.400957108 1.518461466 10.215009689 -0.006635683 -0.977053642 0.003565553 -0.212860361
1754516425870521088.000000 5.432142258 1.508329153 10.203333855 0.010292420 0.979701638 -0.002281440 0.200184077
1754516425903862016.000000 5.440427780 1.505726218 10.198757172 -0.013724711 -0.980946660 0.002591110 -0.193774983
1754516425937203456.000000 5.451582909 1.502711177 10.192897797 -0.017757444 -0.982310474 0.001566257 -0.186409354
1754516426003885568.000000 5.472805977 1.496770263 10.179879189 -0.024236448 -0.984569490 -0.002432731 -0.173290804
1754516426037226752.000000 5.481890678 1.492964029 10.172753334 -0.027009778 -0.985505283 -0.003139811 -0.167451575
1754516426070567936.000000 5.491325378 1.489718914 10.164867401 -0.028483322 -0.986390710 -0.004431890 -0.161871761
1754516426103909120.000000 5.500092506 1.486877561 10.155914307 -0.029215356 -0.987196982 -0.006792518 -0.156660214
1754516426170591232.000000 5.516430855 1.481318235 10.137928009 -0.031053567 -0.988645792 -0.009419959 -0.146719411
1754516426203932160.000000 5.525713921 1.476021409 10.129423141 -0.030655108 -0.989277482 -0.010613487 -0.142400101
1754516426237273344.000000 5.530712128 1.473520994 10.121459961 -0.031451836 -0.989707172 -0.011236565 -0.139156178
1754516426303954688.000000 5.541790962 1.467649221 10.102603912 -0.035318699 -0.990434289 -0.009278333 -0.133065656
1754516426337295872.000000 5.545725822 1.464968920 10.093049049 -0.037254054 -0.990699351 -0.007136100 -0.130675763
1754516426370636800.000000 5.550107956 1.463096261 10.082181931 -0.038617961 -0.990998924 -0.005356492 -0.128067121
1754516426403977984.000000 5.554343224 1.460709572 10.071099281 -0.039304290 -0.991238654 -0.004246000 -0.126028433
1754516426470660096.000000 5.576081276 1.457960367 10.037377357 0.040557377 0.991591334 0.003599621 0.122836426
1754516426504001024.000000 5.572642326 1.455519199 10.026398659 -0.043143433 -0.991288245 -0.001845647 -0.124430843
1754516426537342208.000000 5.572498322 1.453459024 10.012237549 -0.047694072 -0.991033852 0.000440812 -0.124808289
1754516426570683136.000000 5.572266579 1.450567484 9.996432304 -0.053566303 -0.990744650 0.002714603 -0.124693476
1754516426637365760.000000 5.569456100 1.444679379 9.962815285 -0.066133752 -0.989927173 0.008115738 -0.124918886
1754516426670706688.000000 5.568537712 1.442195535 9.944257736 -0.071581073 -0.989528656 0.006956407 -0.125143051
1754516426704046848.000000 5.567689896 1.437578917 9.924226761 -0.075599484 -0.989205718 0.003904659 -0.125465721
1754516426737387776.000000 5.569232941 1.431274652 9.903488159 -0.077859879 -0.989005566 0.001575307 -0.125711679
1754516426770729216.000000 5.577562332 1.425778031 9.882332802 -0.077755712 -0.989145577 0.000458066 -0.124678932
1754516426837411328.000000 5.583918571 1.414285302 9.845664978 -0.073727235 -0.989301622 0.001232500 -0.125877395
1754516426870752256.000000 5.587813377 1.408862114 9.830126762 -0.071456604 -0.989270031 0.002783470 -0.127401203
1754516426904093696.000000 5.592177391 1.404672861 9.814411163 -0.069677778 -0.989178300 0.003533371 -0.129069105
1754516426937434880.000000 5.597647667 1.400750518 9.798880577 -0.067396991 -0.989115179 0.003156968 -0.130762860
1754516427004116992.000000 5.605713844 1.392979622 9.767885208 -0.063728839 -0.989044011 -0.000551993 -0.133154839
1754516427037457920.000000 5.611240387 1.384948492 9.752176285 0.061035030 0.989112198 0.001874406 0.133896500
1754516427070799104.000000 5.612865448 1.382122993 9.741373062 -0.060109191 -0.988952041 -0.000859914 -0.135499641
1754516427137480448.000000 5.619607925 1.373644590 9.718102455 -0.057672631 -0.988563716 0.001919707 -0.139327347
1754516427170821376.000000 5.623208046 1.371223211 9.708719254 -0.056785453 -0.988357306 0.004285873 -0.141092345
1754516427237503744.000000 5.631123543 1.365401506 9.686809540 -0.056282334 -0.988082111 0.006969657 -0.143099740
1754516427270844672.000000 5.634913445 1.362645149 9.674587250 -0.056807864 -0.988105655 0.007652147 -0.142694026
1754516427304185856.000000 5.638351440 1.359244108 9.661376953 -0.057433628 -0.988202274 0.008368365 -0.141731009
1754516427370867968.000000 5.653101921 1.350566149 9.637182236 0.056858517 0.988771796 -0.011350375 0.137726858
1754516427404208896.000000 5.658389091 1.347471714 9.624897003 0.057242792 0.988938153 -0.014535761 0.136063740
1754516427437550080.000000 5.664914131 1.346676707 9.612943649 -0.056678645 -0.989153206 0.018151864 -0.134290874
1754516427470891008.000000 5.670413017 1.344741106 9.601779938 -0.056733474 -0.989340127 0.021927306 -0.132312730
1754516427537573632.000000 5.683016777 1.338382959 9.578079224 -0.057224505 -0.989779651 0.030708732 -0.126959145
1754516427570914560.000000 5.690009117 1.334154248 9.565671921 -0.057901569 -0.989973187 0.035805132 -0.123768233
1754516427604254720.000000 5.697456360 1.329373956 9.552534103 -0.057895750 -0.990151763 0.041634556 -0.120475128
1754516427637595904.000000 5.705940247 1.323742032 9.539299011 -0.057154149 -0.990315855 0.047132000 -0.117416732
1754516427704278016.000000 5.721682549 1.311181068 9.512082100 -0.056535143 -0.990648389 0.054995369 -0.111333854
1754516427737619200.000000 5.732550621 1.303027391 9.496240616 -0.056135193 -0.990809560 0.058018196 -0.108532116
1754516427770960384.000000 5.738486290 1.296226740 9.482800484 -0.054954600 -0.990918756 0.060356528 -0.106851108
1754516427837642752.000000 5.752679825 1.284784555 9.453386307 -0.055493142 -0.990794718 0.067048639 -0.103686921
1754516427870983680.000000 5.758790970 1.280177593 9.439432144 -0.057498284 -0.990740657 0.069504030 -0.101470560
1754516427904324864.000000 5.765747070 1.275479674 9.423906326 -0.059013538 -0.990790188 0.070609964 -0.099330008
1754516427971007232.000000 5.777111053 1.267796874 9.394708633 -0.061929289 -0.990936875 0.073169760 -0.094101608
1754516428004348160.000000 5.784977913 1.263097167 9.383792877 0.062801346 0.991052926 -0.075011499 0.090793252
1754516428071029248.000000 5.792330742 1.253943443 9.356042862 -0.066394359 -0.990855515 0.081453934 -0.084631100
1754516428104370432.000000 5.797581673 1.249121666 9.343409538 -0.067029513 -0.990706861 0.085303903 -0.082038477
1754516428137711616.000000 5.801507950 1.246257663 9.330312729 -0.067570232 -0.990471721 0.089101583 -0.080380134
1754516428171052800.000000 5.805439949 1.242933750 9.316450119 -0.068443321 -0.990143418 0.093440577 -0.078743614
1754516428271075840.000000 5.817606926 1.233520746 9.274023056 -0.071812205 -0.988790214 0.105370171 -0.077679135
1754516428304416768.000000 5.821536064 1.230554819 9.257096291 -0.071984954 -0.988507926 0.107227392 -0.078565709
1754516428337757952.000000 5.827836990 1.229668856 9.244207382 0.071668833 0.988296092 -0.108384676 0.079920076
1754516428371099136.000000 5.832354546 1.228878736 9.226232529 0.070565477 0.988197803 -0.108343489 0.082141891
1754516428404440064.000000 5.835898399 1.226273537 9.205686569 0.069216959 0.988166153 -0.107438363 0.084816217
1754516428437781248.000000 5.839934349 1.223860145 9.186150551 0.067734562 0.988001525 -0.107187636 0.088180758
1754516428471121408.000000 5.839802742 1.218303442 9.166405678 -0.066938274 -0.987685621 0.107404038 -0.091982275
1754516428537804288.000000 5.846587181 1.210363746 9.130069733 -0.065882020 -0.986941278 0.108567737 -0.099093609
1754516428571145984.000000 5.847833633 1.205418944 9.110807419 -0.065881237 -0.986462414 0.109347589 -0.102930896
1754516428604487680.000000 5.849212646 1.197915554 9.091886520 0.065404199 0.985795379 -0.112237044 0.106454737
1754516428637829120.000000 5.850522041 1.190316081 9.072900772 0.065238960 0.985105515 -0.115662344 0.109239779
1754516428671170816.000000 5.852660179 1.183124900 9.057418823 0.065104865 0.984350502 -0.119598962 0.111855179
1754516428737853952.000000 5.857313156 1.168912888 9.024286270 0.063421965 0.982690752 -0.129842803 0.115919814
1754516428771195648.000000 5.866650581 1.167570829 9.008089066 -0.062571093 -0.982166588 0.132833660 -0.117426284
1754516428804537088.000000 5.865140915 1.160864115 8.987728119 0.062895253 0.981679678 -0.134379119 0.119547173
1754516428837878784.000000 5.866399765 1.156675220 8.970703125 0.063361123 0.981147051 -0.136192754 0.121604033
1754516428871220224.000000 5.870697021 1.151628017 8.952241898 0.063073553 0.980753660 -0.137675405 0.123245791
1754516428904561664.000000 5.873931885 1.146698356 8.935999870 0.062901668 0.980452359 -0.138423115 0.124882706
1754516428937902592.000000 5.879419327 1.141305089 8.920039177 0.062822163 0.980249941 -0.138746664 0.126146391
1754516429004585728.000000 5.889405251 1.131818056 8.886644363 0.062616594 0.979914546 -0.139256746 0.128273934
1754516429037927168.000000 5.896255493 1.127026916 8.871529579 0.062982544 0.979801238 -0.139458567 0.128740698
1754516429071268864.000000 5.908653259 1.122337818 8.853591919 -0.064030521 -0.979596198 0.140817717 -0.128303558
1754516429104610560.000000 5.913667679 1.120968580 8.841293335 0.064707190 0.979313314 -0.142500758 0.128265753
1754516429137952000.000000 5.921103477 1.117365122 8.826200485 0.065298222 0.979003429 -0.144327030 0.128289863
1754516429171293696.000000 5.930923462 1.113301873 8.812335968 0.066210702 0.978668630 -0.146330580 0.128106356
1754516429237977088.000000 5.948280334 1.107941985 8.783273697 0.067928880 0.978032649 -0.150358841 0.127397656
1754516429271318784.000000 5.958382607 1.105955243 8.768993378 0.068133079 0.977754951 -0.152231857 0.127195612
1754516429304659968.000000 5.968837738 1.103802681 8.755594254 0.067891814 0.977649987 -0.153457224 0.126657948
1754516429338001920.000000 5.980402946 1.100691438 8.739704132 0.066996634 0.977689326 -0.153470695 0.126814201
1754516429371342336.000000 5.992671013 1.094700098 8.719673157 0.065330863 0.977755010 -0.153104603 0.127617121
1754516429404684032.000000 6.002929688 1.088607073 8.704278946 0.063404493 0.977924526 -0.152131408 0.128451258
1754516429438025984.000000 6.012928963 1.082161784 8.688323975 0.061987985 0.978223443 -0.150417656 0.128883630
1754516429504709376.000000 6.032748222 1.067118645 8.658566475 0.062472384 0.978920996 -0.147325426 0.126910299
1754516429538051584.000000 6.040960312 1.059524298 8.644124985 0.063385442 0.979412138 -0.145326525 0.124957323
1754516429571393792.000000 6.049770355 1.053808570 8.628767014 0.065350495 0.979862392 -0.143809542 0.122138880
1754516429604735744.000000 6.057233810 1.048837423 8.615165710 0.068430111 0.980304420 -0.142134264 0.118820898
1754516429638078208.000000 6.070629120 1.045976520 8.599653244 0.071321234 0.980667830 -0.141458750 0.114862725
1754516429704762112.000000 6.084214211 1.036554575 8.571245193 0.073995940 0.981760621 -0.137272418 0.108752094
1754516429738104576.000000 6.090447426 1.033479929 8.557003021 0.074797325 0.982504368 -0.133694887 0.105906859
1754516429771446528.000000 6.097474098 1.029364944 8.541273117 0.075231634 0.983402014 -0.129065201 0.102970153
1754516429804787968.000000 6.103463173 1.025699139 8.525571823 0.075649329 0.984101653 -0.125750273 0.100040033
1754516429838129920.000000 6.109347343 1.022978067 8.510742188 0.076545984 0.984746516 -0.122795753 0.096624918
1754516429871472128.000000 6.113644600 1.019285679 8.496253967 0.077713080 0.985382855 -0.119576365 0.093181953
1754516429904814592.000000 6.119116783 1.017357230 8.475967407 0.078461573 0.985945642 -0.116688736 0.090215065
1754516429938156544.000000 6.123090744 1.014019966 8.462793350 0.078560345 0.986467123 -0.113820456 0.088067919
1754516430004841216.000000 6.130571365 1.007785439 8.429697037 -0.078857951 -0.987242639 0.108334102 -0.086007617
1754516430038183168.000000 6.133354187 1.004701734 8.412910461 -0.079393968 -0.987401009 0.106670447 -0.085774742
1754516430071525376.000000 6.135786057 1.002991199 8.395563126 -0.079961769 -0.987461865 0.105477691 -0.086021334
1754516430104867584.000000 6.137518883 1.000818849 8.378860474 -0.080515169 -0.987379909 0.105123706 -0.086874865
1754516430171552000.000000 6.141039848 0.997774243 8.343289375 -0.081263922 -0.987068474 0.104776129 -0.090077192
1754516430204894208.000000 6.144760132 0.995376825 8.317230225 -0.082313515 -0.986833572 0.104546055 -0.091947168
1754516430238236672.000000 6.144893646 0.992744327 8.298400879 -0.083976842 -0.986473322 0.104222290 -0.094636671
1754516430271577856.000000 6.144970894 0.989217639 8.278863907 -0.085082106 -0.986029506 0.104717217 -0.097679198
1754516430304920064.000000 6.144122124 0.984871149 8.258421898 -0.086564839 -0.985561311 0.104624890 -0.101139292
1754516430338262272.000000 6.144334793 0.980217636 8.236354828 -0.087855704 -0.985169470 0.103335686 -0.105091341
1754516430371604480.000000 6.143793106 0.975260079 8.214283943 -0.088273659 -0.984976590 0.101051882 -0.108707786
1754516430438289152.000000 6.147830009 0.964090109 8.171158791 -0.084159054 -0.985296845 0.094956644 -0.114414468
1754516430471631360.000000 6.152107239 0.958761871 8.150568008 0.081613287 0.985528946 -0.093116887 0.115763485
1754516430504973056.000000 6.149289131 0.952981234 8.128705978 -0.079875298 -0.985681891 0.092088155 -0.116494767
1754516430538313984.000000 6.151667595 0.947845757 8.111138344 -0.078265868 -0.985957503 0.091024540 -0.116089739
1754516430571654912.000000 6.154117584 0.944319606 8.094502449 -0.076145232 -0.986374378 0.088587135 -0.115843929
1754516430604996096.000000 6.157093048 0.940388441 8.078788757 -0.073675700 -0.986731827 0.086128108 -0.116250239
1754516430638337024.000000 6.159714699 0.936272264 8.063175201 -0.071480379 -0.986908495 0.085182652 -0.116817266
1754516430671677952.000000 6.162951469 0.932444930 8.047525406 -0.069734424 -0.987010241 0.084280312 -0.117663763
1754516430705018112.000000 6.165802956 0.928165019 8.032693863 -0.067547515 -0.987144113 0.082853638 -0.118824236
1754516430771700224.000000 6.173037529 0.920449555 8.004909515 -0.062554523 -0.987292886 0.080412753 -0.121957056
1754516430805041408.000000 6.180217743 0.916321039 7.984698772 -0.060981460 -0.987343371 0.078487076 -0.123588771
1754516430838382336.000000 6.184313774 0.913547158 7.969369411 -0.059725262 -0.987324595 0.076517932 -0.125571012
1754516430871723520.000000 6.188495636 0.910814524 7.955226421 -0.058599964 -0.987269998 0.074540570 -0.127701715
1754516430905064448.000000 6.192615509 0.907917500 7.940653324 -0.057722628 -0.987244189 0.072532564 -0.129444957
1754516430938405376.000000 6.197798729 0.904556334 7.925735950 -0.057164632 -0.987325609 0.069686808 -0.130629510
1754516431005087488.000000 6.208443642 0.898725510 7.893655300 -0.056121863 -0.987825274 0.062043596 -0.131157681
1754516431038428672.000000 6.216097832 0.896154881 7.877763271 -0.055112135 -0.988195479 0.058669358 -0.130346790
1754516431071769600.000000 6.222886086 0.895768404 7.862559319 0.053987913 0.988596737 -0.055813178 0.129022330
1754516431105110528.000000 6.228444099 0.892451644 7.845635414 -0.052182786 -0.988933682 0.053323988 -0.128233090
1754516431138450432.000000 6.240056038 0.887930512 7.830188751 -0.047804125 -0.989402235 0.051655143 -0.127003536
1754516431171791616.000000 6.250418663 0.886051416 7.815737247 -0.042804502 -0.989767134 0.050681423 -0.126333684
1754516431205132544.000000 6.261357307 0.884202242 7.800426483 -0.038687564 -0.990072727 0.050426342 -0.125365809
1754516431238473728.000000 6.271112442 0.882530987 7.785799503 -0.035732605 -0.990291059 0.050149087 -0.124627277
1754516431271814400.000000 6.280428886 0.880091488 7.770759583 -0.033139125 -0.990363777 0.052250408 -0.123900265
1754516431338496768.000000 6.298618317 0.872925043 7.741685390 -0.029439585 -0.990639508 0.056095481 -0.120913334
1754516431371837440.000000 6.307053566 0.865921259 7.727363110 0.028838918 0.990858257 -0.056566976 0.119031169
1754516431405178624.000000 6.314122200 0.861806512 7.711972713 -0.027573694 -0.991022110 0.056873754 -0.117814615
1754516431438519552.000000 6.322190285 0.855597138 7.697354317 -0.025296260 -0.991228104 0.056041118 -0.116988927
1754516431471860736.000000 6.329475403 0.849481821 7.681958675 -0.023941131 -0.991326690 0.056098819 -0.116409607
1754516431505201664.000000 6.336892128 0.844123185 7.666429996 -0.024488011 -0.991409302 0.056384847 -0.115450017
1754516431538543104.000000 6.342740059 0.840373874 7.651483059 -0.025707198 -0.991549253 0.055834875 -0.114244327
1754516431571884288.000000 6.348108292 0.836496174 7.635765553 -0.027171018 -0.991774559 0.054367717 -0.112646103
1754516431638566144.000000 6.358073235 0.828069806 7.603997707 -0.029466303 -0.992314339 0.050018273 -0.109280109
1754516431671907328.000000 6.369426727 0.819811821 7.583648205 0.031146470 0.992768705 -0.047363732 0.105815813
1754516431705248768.000000 6.368840218 0.813485146 7.569832325 -0.032679044 -0.992968857 0.045685668 -0.104201071
1754516431738589952.000000 6.372014046 0.810116887 7.556674480 -0.033598475 -0.993195176 0.045119077 -0.101974659
1754516431771931392.000000 6.375461578 0.806510448 7.540462494 -0.034885455 -0.993475676 0.043780129 -0.099359818
1754516431805272832.000000 6.379422188 0.803279698 7.523290157 -0.035915043 -0.993791938 0.041007351 -0.096985169
1754516431838614016.000000 6.383995056 0.800985396 7.505671024 -0.036017474 -0.994053483 0.037716087 -0.095592886
1754516431871955456.000000 6.388124466 0.797902882 7.487007141 -0.035941415 -0.994240880 0.033723157 -0.095164187
1754516431905296640.000000 6.392195702 0.795378566 7.468255043 -0.036192223 -0.994316161 0.029396793 -0.095715463
1754516431971979264.000000 6.400452614 0.788404107 7.432125568 0.035701502 0.994306147 -0.020768708 0.098232009
1754516432005320704.000000 6.404082298 0.787154973 7.409761906 -0.036237724 -0.994204760 0.017310519 -0.099720538
1754516432038661120.000000 6.406739235 0.785072923 7.393904686 -0.036124524 -0.994096637 0.014770473 -0.101236440
1754516432072002304.000000 6.409491539 0.784005642 7.376138687 -0.035771608 -0.994028449 0.013150564 -0.102250054
1754516432105343744.000000 6.411503792 0.783244133 7.359011650 -0.034958135 -0.993953288 0.011078668 -0.103499420
1754516432138684928.000000 6.413416862 0.782233238 7.340092659 -0.035114676 -0.993830681 0.009207840 -0.104799218
1754516432172026368.000000 6.414465904 0.780236125 7.320942402 -0.035987701 -0.993656874 0.008180667 -0.106226139
1754516432205367552.000000 6.414505005 0.778513551 7.302073956 -0.037363488 -0.993363142 0.010224064 -0.108301267
1754516432238709248.000000 6.414405823 0.773954630 7.282785416 0.039995227 0.992974460 -0.012498905 0.110661410
1754516432272050688.000000 6.412479401 0.769564271 7.261782646 -0.042231128 -0.992532849 0.013150734 -0.113675728
1754516432305391872.000000 6.412333488 0.764612257 7.243309498 -0.044029076 -0.992051661 0.014309890 -0.117005274
1754516432372074240.000000 6.413880348 0.752001345 7.206937313 -0.043834180 -0.990888059 0.017425919 -0.126158014
1754516432405415680.000000 6.416007042 0.744630218 7.189638138 -0.042621512 -0.990266323 0.019479947 -0.131059065
1754516432438757120.000000 6.418236732 0.738069892 7.172094345 -0.040829025 -0.989694834 0.021959644 -0.135480300
1754516432472097280.000000 6.422526360 0.733040452 7.159253120 0.038890723 0.989167154 -0.024652375 0.139385149
1754516432505439488.000000 6.425997734 0.728570104 7.143044472 0.037049897 0.988691747 -0.025877872 0.142990798
1754516432538781440.000000 6.428813934 0.722604513 7.126705170 0.033629734 0.988233030 -0.025174808 0.147073999
1754516432572123648.000000 6.431485176 0.720587015 7.102047443 -0.031575631 -0.987727046 0.023954470 -0.151077926
1754516432605465856.000000 6.435546875 0.716869473 7.085522652 -0.028456496 -0.987341046 0.021194609 -0.154592082
1754516432672150016.000000 6.445045471 0.709594607 7.055847168 -0.021623814 -0.986519396 0.016179955 -0.161400735
1754516432705492224.000000 6.448673248 0.705475628 7.042111397 -0.019245584 -0.986074030 0.015868625 -0.164425552
1754516432738834432.000000 6.451965332 0.701605916 7.029059410 -0.017678324 -0.985693634 0.015052074 -0.166939989
1754516432772176384.000000 6.455328941 0.698500872 7.016384125 -0.017248251 -0.985416710 0.014062026 -0.168697163
1754516432805518592.000000 6.457814217 0.696263492 7.004055977 -0.017305490 -0.985204160 0.013381574 -0.169983163
1754516432838860800.000000 6.460877419 0.692345619 6.991065025 -0.017842850 -0.985091746 0.013027516 -0.170605659
1754516432872203008.000000 6.465214729 0.686348677 6.971617699 -0.018960364 -0.984951198 0.012077042 -0.171364680
1754516432905545216.000000 6.468290329 0.683723450 6.958876133 -0.020075794 -0.984854162 0.010917302 -0.171872526
1754516432938886400.000000 6.471849442 0.680742979 6.945879936 -0.021031134 -0.984704554 0.010309184 -0.172650874
1754516432972228608.000000 6.476647377 0.678434253 6.932646275 -0.021624207 -0.984594882 0.010323561 -0.173201382
1754516433005570816.000000 6.482430458 0.676000953 6.919682503 -0.021731002 -0.984615624 0.010851806 -0.173038051
1754516433038913024.000000 6.489002228 0.672655284 6.906056404 -0.021260649 -0.984730005 0.012240279 -0.172351390
1754516433105597440.000000 6.503264427 0.666232824 6.881130219 -0.020058645 -0.985368073 0.017669732 -0.168330878
1754516433138939648.000000 6.512451172 0.665223479 6.869990349 0.019233523 0.985907316 -0.020807888 0.164875567
1754516433172281856.000000 6.519646645 0.658361018 6.853282452 -0.018471979 -0.986414373 0.024527695 -0.161381647
1754516433205624064.000000 6.527115822 0.654578388 6.840460777 -0.017631633 -0.986919880 0.028842751 -0.157627240
1754516433238966272.000000 6.535458565 0.651062429 6.826581478 -0.016962541 -0.987435997 0.031172212 -0.153983444
1754516433272308480.000000 6.543173790 0.647034645 6.811795235 -0.016286915 -0.988017261 0.031341609 -0.150247514
1754516433305650944.000000 6.551189423 0.641349673 6.795106888 -0.015860012 -0.988550067 0.030549224 -0.146915272
1754516433338993152.000000 6.559390068 0.635399461 6.778424263 -0.016017551 -0.988931477 0.029616125 -0.144502148
1754516433372334592.000000 6.566730499 0.628492773 6.762025356 -0.015587286 -0.989183426 0.028443433 -0.143053353
1754516433439019008.000000 6.588654518 0.613402545 6.730815887 0.016730011 0.989726424 -0.028419543 0.139118910
1754516433472361216.000000 6.588536263 0.614004016 6.716418266 -0.020082971 -0.989986420 0.027939688 -0.136905342
1754516433505702912.000000 6.592601776 0.611592352 6.702260017 -0.023059046 -0.990492284 0.025476556 -0.133207902
1754516433539044096.000000 6.601613998 0.604229808 6.682464123 0.025374945 0.991136312 -0.022059629 0.128524154
1754516433572385536.000000 6.603205681 0.602669358 6.668344498 -0.027660456 -0.991483629 0.020010339 -0.125676930
1754516433605726720.000000 6.608028412 0.598640382 6.652516365 -0.028988419 -0.991902649 0.017775036 -0.122363806
1754516433639068160.000000 6.614193916 0.594236016 6.635128975 -0.029219635 -0.992260039 0.014188970 -0.119854145
1754516433672409856.000000 6.620022774 0.589941025 6.616201401 -0.029243294 -0.992512882 0.010648329 -0.118108556
1754516433705751040.000000 6.628631592 0.584634542 6.597661018 0.030304970 0.992784500 -0.007788307 0.115758449
1754516433739092224.000000 6.632615089 0.580164552 6.581493378 -0.031813852 -0.993004858 0.004926748 -0.113599934
1754516433772433408.000000 6.635453224 0.576587975 6.563371658 -0.033774309 -0.993167639 0.001750594 -0.111688726
1754516433805774080.000000 6.638847351 0.572904766 6.543927193 0.035888694 0.993288994 0.001359407 0.109941550
1754516433839115264.000000 6.640695572 0.570614219 6.528036594 -0.037889823 -0.993234873 -0.003645981 -0.109706931
1754516433872456448.000000 6.642395973 0.568048656 6.510679722 -0.040573779 -0.993139923 -0.005551419 -0.109527022
1754516433905797888.000000 6.643727303 0.564565480 6.493992805 -0.043899808 -0.992993593 -0.007318112 -0.109467387
1754516433972480512.000000 6.645105362 0.559312880 6.460365295 -0.049745504 -0.992724895 -0.009045879 -0.109274708
1754516434005821696.000000 6.647102356 0.557979286 6.444171429 -0.052028507 -0.992532194 -0.009416957 -0.109927967
1754516434039163392.000000 6.646410942 0.558488131 6.426918983 -0.054614939 -0.992210329 -0.009017619 -0.111600533
1754516434072504576.000000 6.647639275 0.557067096 6.409790993 -0.055875938 -0.991926968 -0.007504534 -0.113589562
1754516434105846016.000000 6.653523445 0.547199249 6.393121719 0.056855720 0.991692901 0.006863872 0.115175858
1754516434139187456.000000 6.650027275 0.549977124 6.374944687 -0.057383165 -0.991203666 -0.004681679 -0.119166352
1754516434172528384.000000 6.651751518 0.545789838 6.357760429 -0.057755791 -0.990801454 -0.002698781 -0.122350022
1754516434205869824.000000 6.654232979 0.540586591 6.341135502 -0.058088325 -0.990360856 -0.000867297 -0.125739247
1754516434272551424.000000 6.659384727 0.528045535 6.306982040 -0.056024686 -0.989450574 0.002756927 -0.133571282
1754516434305892608.000000 6.661238670 0.521376669 6.290263653 0.054065760 0.988825977 -0.004235761 0.138860390
1754516434339234048.000000 6.661820412 0.516716957 6.270450115 -0.051433504 -0.988203466 0.004790804 -0.144172385
1754516434372575488.000000 6.665853500 0.511704147 6.252740383 -0.048291031 -0.987641156 0.005081460 -0.149020359
1754516434405916672.000000 6.669932365 0.507285953 6.236892700 -0.044910658 -0.987073243 0.006143603 -0.153726146
1754516434439258112.000000 6.674024582 0.503003657 6.220016479 -0.041917048 -0.986503363 0.006006089 -0.158171341
1754516434472599296.000000 6.677895546 0.499448836 6.204089642 -0.039409112 -0.985815346 0.005042661 -0.163063094
1754516434505940480.000000 6.681340218 0.495691240 6.188455105 -0.036732666 -0.985118866 0.003585734 -0.167865023
1754516434539281920.000000 6.685348511 0.491520882 6.171825886 -0.034356296 -0.984485805 0.001320672 -0.172063157
1754516434605964032.000000 6.698427200 0.481837988 6.134500027 0.031149430 0.983355284 0.003176532 0.178975314
1754516434639304960.000000 6.700063705 0.479220450 6.118277550 -0.029325148 -0.982568502 -0.004284767 -0.183523446
1754516434672646144.000000 6.704463005 0.475972801 6.104047298 -0.027829926 -0.981646538 -0.005690656 -0.188582435
1754516434705986048.000000 6.709767342 0.472670883 6.089557171 -0.027071934 -0.980640471 -0.006661274 -0.193822458
1754516434739327232.000000 6.715650558 0.468224525 6.073632240 -0.026467741 -0.979739368 -0.006674717 -0.198407859
1754516434772668160.000000 6.721794128 0.464522421 6.057026386 -0.025844185 -0.979009449 -0.006941967 -0.202050775
1754516434806009344.000000 6.728731155 0.460155010 6.039482594 -0.025024924 -0.978557646 -0.008534803 -0.204269305
1754516434839350272.000000 6.736347198 0.456342578 6.021577358 -0.023958396 -0.978306651 -0.010156691 -0.205521479
1754516434872691456.000000 6.747933388 0.450961679 6.000285625 0.022874283 0.978314579 0.012883634 0.205454096
1754516434906032640.000000 6.755601883 0.448997915 5.982131958 -0.022014474 -0.978410542 -0.015465687 -0.204912364
1754516434939373312.000000 6.765197754 0.447574675 5.963788033 -0.021453891 -0.978595614 -0.017208118 -0.203947082
1754516434972714496.000000 6.775807381 0.445324421 5.946534634 -0.020804813 -0.978949666 -0.017551878 -0.202279061
1754516435006055424.000000 6.786389351 0.441301674 5.929603577 -0.020022914 -0.979369998 -0.018324297 -0.200244382
1754516435039396608.000000 6.796980858 0.437561840 5.913578510 -0.019373687 -0.979956985 -0.017214376 -0.197516322
1754516435072737536.000000 6.807540894 0.431747079 5.898827076 -0.018294731 -0.980689228 -0.014359747 -0.194185361
1754516435139418624.000000 6.828633308 0.418356419 5.869432449 -0.014643784 -0.981899142 -0.012072816 -0.188451424
1754516435172759808.000000 6.838967323 0.409904331 5.854281425 -0.012695531 -0.982466280 -0.011984603 -0.185621351
1754516435206100736.000000 6.849716187 0.401846379 5.838318348 -0.012146056 -0.983078480 -0.010914256 -0.182456002
1754516435239441664.000000 6.857277870 0.395863742 5.826592922 -0.013138387 -0.983873010 -0.008182650 -0.178197771
1754516435272782848.000000 6.865715027 0.390481800 5.813844681 -0.014661903 -0.984732866 -0.005854460 -0.173354879
1754516435306123776.000000 6.873425484 0.386869103 5.800583363 -0.016143922 -0.985556960 -0.004940956 -0.168500468
1754516435339464960.000000 6.881051064 0.383319050 5.787455559 -0.016932104 -0.986228585 -0.005579306 -0.164424330
1754516435372805888.000000 6.887248993 0.380842149 5.773341179 -0.017194143 -0.986733198 -0.007191479 -0.161276966
1754516435406146816.000000 6.893935204 0.377334267 5.758555889 -0.017402794 -0.987147927 -0.009773234 -0.158558190
1754516435439487744.000000 6.900115013 0.374394059 5.743831158 -0.017843593 -0.987524807 -0.012712721 -0.155931860
1754516435472828928.000000 6.910592079 0.367458999 5.726837158 0.017370852 0.988039434 0.014958157 0.152488410
1754516435506170112.000000 6.913420677 0.365304261 5.713621616 -0.019451557 -0.988398373 -0.015666798 -0.149816215
1754516435539511040.000000 6.918908119 0.361665010 5.698651314 -0.021114018 -0.988810182 -0.016757976 -0.146724060
1754516435572852224.000000 6.921807289 0.359034628 5.685813904 -0.022328705 -0.989064038 -0.017430667 -0.144741252
1754516435606192128.000000 6.925796509 0.356278300 5.672407627 -0.023329202 -0.989280641 -0.017818557 -0.143046051
1754516435639533312.000000 6.929233551 0.353628278 5.658534050 -0.023961257 -0.989357233 -0.018271463 -0.142353222
1754516435672874240.000000 6.933063507 0.351222932 5.644685745 -0.024146281 -0.989322543 -0.019234125 -0.142435595
1754516435706215424.000000 6.936938286 0.348968863 5.629695892 -0.023914462 -0.989181280 -0.020240640 -0.143314138
1754516435739556096.000000 6.938790321 0.346542358 5.611308098 -0.023459032 -0.988831222 -0.020969665 -0.145680845
1754516435772897280.000000 6.942482948 0.344953477 5.595503807 -0.022594819 -0.988415599 -0.022021534 -0.148456216
1754516435839579392.000000 6.947154999 0.341943502 5.561281681 -0.021959368 -0.987271786 -0.022792542 -0.155861244
1754516435872920576.000000 6.948884010 0.340484500 5.542835236 -0.022558283 -0.986664891 -0.022565279 -0.159607172
1754516435906261504.000000 6.948910713 0.337448001 5.524000168 -0.023644852 -0.985909820 -0.022375254 -0.164079741
1754516435939602688.000000 6.949393272 0.333830714 5.504178047 -0.025018431 -0.985216081 -0.021632515 -0.168093666
1754516435972943616.000000 6.950052261 0.329333901 5.484774113 -0.025976798 -0.984542608 -0.021613045 -0.171854749
1754516436006284544.000000 6.952023506 0.321352661 5.463200092 -0.025139581 -0.983909249 -0.021402322 -0.175591901
1754516436039624448.000000 6.952544212 0.315889537 5.444533825 -0.024314374 -0.983280241 -0.020859284 -0.179258958
1754516436072965632.000000 6.954821587 0.309049100 5.424782276 -0.022933129 -0.982737124 -0.020687249 -0.182411402
1754516436106306560.000000 6.957858086 0.301999718 5.406112194 -0.021341540 -0.982270777 -0.019882062 -0.185184911
1754516436139647744.000000 6.960065842 0.295092046 5.388318062 -0.019418484 -0.981885493 -0.018506462 -0.187566906
1754516436206329600.000000 6.967367172 0.284546584 5.353287220 -0.014263557 -0.981150150 -0.014885444 -0.192144290
1754516436239670784.000000 6.966780663 0.279051602 5.335937500 0.012152442 0.980542719 0.014789743 0.195370287
1754516436273011712.000000 6.976873398 0.277667999 5.317929745 -0.009871931 -0.980149984 -0.014779592 -0.197459400
1754516436306352640.000000 6.982550621 0.273705870 5.302222252 -0.007863804 -0.979553819 -0.015829103 -0.200404689
1754516436339693568.000000 6.986998558 0.271506429 5.285205841 -0.006151359 -0.978955746 -0.018145110 -0.203171432
1754516436373034752.000000 6.992425919 0.268556237 5.268017292 -0.004199429 -0.978374839 -0.021984469 -0.205625460
1754516436406375424.000000 6.997624397 0.265489727 5.251719952 -0.002218866 -0.977867484 -0.025541157 -0.207648754
1754516436439716608.000000 7.003273010 0.261923105 5.235679626 -0.000243462 -0.977432787 -0.028773470 -0.209277898
1754516436473056512.000000 7.009531975 0.258507192 5.219568253 0.001814750 -0.976931274 -0.031576622 -0.211198747
1754516436506397952.000000 7.012558937 0.250047654 5.203754902 0.003424756 -0.976222634 -0.034692079 -0.213949203
1754516436539739392.000000 7.018543243 0.247525632 5.189552307 0.004004077 -0.975723267 -0.036362242 -0.215930477
1754516436606422016.000000 7.029849052 0.241726324 5.159072399 0.004725765 -0.974772155 -0.041202232 -0.219315797
1754516436639763200.000000 7.035133362 0.239598334 5.143607140 0.005542513 -0.974424839 -0.043473393 -0.220398694
1754516436673104640.000000 7.041399956 0.238264143 5.128445625 0.006692539 -0.974199355 -0.045485016 -0.220957235
1754516436706445824.000000 7.048345566 0.237049252 5.113688946 0.008397492 -0.974121153 -0.047404811 -0.220840171
1754516436739787264.000000 7.056050301 0.236375093 5.098811626 0.010369315 -0.974093020 -0.049807500 -0.220351100
1754516436773128704.000000 7.065711021 0.229962379 5.081741810 -0.012050688 0.973954678 0.052708246 0.220202222
1754516436806470144.000000 7.071169853 0.231013969 5.067611694 0.012843631 -0.973653495 -0.052028183 -0.221646383
1754516436839811584.000000 7.079934120 0.230577990 5.055687904 0.013891070 -0.973493934 -0.049894579 -0.222771555
1754516436873152768.000000 7.087964058 0.227761939 5.043941975 0.015704878 -0.973335803 -0.045459621 -0.224286243
1754516436906494208.000000 7.096342087 0.222739398 5.031660557 0.017609509 -0.973086059 -0.041610379 -0.225969106
1754516436939834880.000000 7.104700089 0.217207730 5.019478798 0.019399015 -0.972698271 -0.038606670 -0.228015959
1754516436973176064.000000 7.112255096 0.211748287 5.006721973 0.021205833 -0.972240746 -0.036086880 -0.230208859
1754516437006517504.000000 7.118636131 0.205898002 4.994892120 0.023156287 -0.971935868 -0.033443391 -0.231702507
1754516437039858688.000000 7.128253937 0.194540218 4.985679626 -0.026743660 0.971847475 0.032330241 0.231845096
1754516437073200128.000000 7.135611534 0.190973192 4.968873978 0.027003635 -0.971947968 -0.028523879 -0.231893167
1754516437106541312.000000 7.141448975 0.187513664 4.956674099 0.027606277 -0.972116292 -0.025512950 -0.231467113
1754516437139882752.000000 7.147904396 0.184548050 4.944082260 0.027977819 -0.972246289 -0.025083626 -0.230922490
1754516437206565632.000000 7.161013603 0.178117812 4.917046070 0.029641740 -0.972042739 -0.029070504 -0.231104419
1754516437239907072.000000 7.167607307 0.174531460 4.903956413 0.029990152 -0.971716881 -0.030153930 -0.232288092
1754516437273248512.000000 7.172567368 0.172162861 4.891481400 0.029895507 -0.971245050 -0.031303596 -0.234114259
1754516437306589952.000000 7.183274269 0.164295048 4.876249313 -0.030642219 0.970849991 0.033962712 0.235282868
1754516437339931136.000000 7.184402466 0.162661731 4.866034985 -0.028973514 0.970400512 0.034904215 0.237202749
1754516437373271808.000000 7.187190056 0.158461511 4.854332447 0.027611405 -0.969955027 -0.036475591 -0.238944486
1754516437406612992.000000 7.192317963 0.157330111 4.842307091 -0.027118824 0.969608903 0.037068889 0.240310550
1754516437439954176.000000 7.192795753 0.156112805 4.833250046 -0.026417021 0.969170392 0.036802787 0.242190897
1754516437473295872.000000 7.195968628 0.151762068 4.822456360 0.026809957 -0.968546629 -0.036879636 -0.244619220
1754516437506636800.000000 7.198312759 0.148720503 4.811610222 0.027264215 -0.967710257 -0.036906026 -0.247854099
1754516437539977984.000000 7.200615883 0.146269172 4.800332546 0.027517840 -0.966763854 -0.036718968 -0.251519680
1754516437606660352.000000 7.204202652 0.141132355 4.777111053 0.028234303 -0.964474797 -0.036533434 -0.260108590
1754516437640001536.000000 7.205572128 0.137562335 4.762465000 0.029435312 -0.963153839 -0.037276607 -0.264723986
1754516437673342464.000000 7.204618454 0.136779904 4.751392841 0.030045809 -0.961709261 -0.037301425 -0.269854277
1754516437706683648.000000 7.204010963 0.135313839 4.738704681 0.030885998 -0.959996164 -0.037655532 -0.275745213
1754516437740024832.000000 7.203159332 0.134621292 4.725642681 0.031623479 -0.958185136 -0.037963185 -0.281851113
1754516437773366016.000000 7.202059746 0.134162784 4.712677956 0.031967495 -0.956252217 -0.038373400 -0.288248897
1754516437806705920.000000 7.200126648 0.132193893 4.700438499 -0.032790102 0.954113483 0.038417600 0.295154780
1754516437840047104.000000 7.198178291 0.131793678 4.685744762 0.033557843 -0.952031553 -0.036561862 -0.301948726
1754516437873388288.000000 7.198332787 0.127767861 4.670154095 0.034155786 -0.950181782 -0.035393316 -0.307791114
1754516437906729216.000000 7.196145058 0.125578135 4.656205654 0.034404069 -0.948464632 -0.033616699 -0.313210994
1754516437973411328.000000 7.190272331 0.119099081 4.625955582 0.035237174 -0.945620239 -0.032053471 -0.321765900
1754516438006752768.000000 7.188202858 0.115538418 4.610318184 0.035379838 -0.945013821 -0.032618362 -0.323470592
1754516438040093696.000000 7.184821129 0.111974776 4.593924522 0.035391908 -0.944543779 -0.034597706 -0.324634373
1754516438073434880.000000 7.181230545 0.108017743 4.578151703 0.035327420 -0.944108963 -0.036668204 -0.325677246
1754516438106775808.000000 7.175537109 0.102598429 4.564179420 0.035605755 -0.943360925 -0.038564410 -0.327590108
1754516438140116992.000000 7.172798157 0.099466085 4.549946785 0.035604700 -0.942879319 -0.039243817 -0.328893363
1754516438173458176.000000 7.169976234 0.096252620 4.535761833 0.035835974 -0.942284822 -0.039691791 -0.330514401
1754516438206799104.000000 7.167340279 0.093552291 4.521687508 0.035698470 -0.941924810 -0.040569257 -0.331447512
1754516438273480192.000000 7.160950661 0.090634167 4.495571136 0.034875315 -0.941238761 -0.043432288 -0.333116978
1754516438306821376.000000 7.157942295 0.089378238 4.483188152 0.034291327 -0.941037714 -0.045755301 -0.333434641
1754516438340162304.000000 7.155410767 0.087954760 4.472893715 0.034569651 -0.940837145 -0.048146956 -0.333635032
1754516438373503488.000000 7.154555321 0.087067902 4.463360310 0.035409577 -0.940830767 -0.050020572 -0.333289176
1754516438440185600.000000 7.152619362 0.083376884 4.444323540 0.036860522 -0.941006005 -0.052768238 -0.332211703
1754516438473526784.000000 7.151155472 0.081684053 4.436278343 0.036126420 -0.941489339 -0.052815091 -0.330912918
1754516438506867968.000000 7.147888184 0.079390228 4.428335190 0.034359373 -0.942065716 -0.052624330 -0.329488069
1754516438540209408.000000 7.145070076 0.077154636 4.420611858 0.032051515 -0.942886949 -0.052319810 -0.327413648
1754516438573550336.000000 7.141407967 0.075129926 4.411327839 -0.028959066 0.943704903 0.052341860 0.325335085
1754516438606891776.000000 7.139710426 0.072944611 4.403133869 -0.026040439 0.944873691 0.053306673 0.322015554
1754516438673574656.000000 7.135665894 0.069673151 4.386595726 0.020303555 -0.947433412 -0.055755805 -0.314402819
1754516438706915072.000000 7.135929585 0.068326026 4.377859592 0.017490322 -0.949322939 -0.056520250 -0.308683783
1754516438740256256.000000 7.136233330 0.067001253 4.368638992 0.014554052 -0.951646686 -0.057593707 -0.301396340
1754516438806939136.000000 7.137148857 0.065020859 4.349868774 0.008477170 -0.957169235 -0.060573626 -0.282994926
1754516438840280576.000000 7.139528275 0.063884951 4.340422153 -0.005366858 0.960282743 0.062544174 0.271875948
1754516438873622016.000000 7.138918877 0.062282853 4.332126617 0.002291267 -0.963128746 -0.063860640 -0.261342138
1754516438906963200.000000 7.137924194 0.059508316 4.326551437 0.000384576 -0.965905130 -0.064532705 -0.250724554
1754516438940304640.000000 7.141311646 0.058917612 4.319302559 -0.002315076 -0.968910575 -0.064274311 -0.238905519
1754516438973645824.000000 7.144684792 0.057203323 4.312185764 -0.005115527 -0.971810997 -0.063558571 -0.226974726
1754516439040328448.000000 7.150009155 0.052947998 4.297636986 -0.009775650 -0.977289379 -0.061669644 -0.202501476
1754516439073669888.000000 7.152695656 0.050261706 4.290096283 -0.012254893 -0.979954123 -0.060611319 -0.189383298
1754516439107011328.000000 7.154849052 0.047211468 4.283080578 -0.014478944 -0.982408881 -0.059340246 -0.176470786
1754516439140351744.000000 7.153229713 0.038100421 4.272663593 -0.015613103 -0.984142661 -0.060257550 -0.166097894
1754516439173693184.000000 7.157631874 0.034831345 4.265075207 -0.016796818 -0.985967696 -0.059412286 -0.155099347
1754516439207034368.000000 7.161099434 0.032641053 4.257916927 -0.018826939 -0.987555861 -0.057988361 -0.144970238
1754516439273716992.000000 7.167551994 0.027883947 4.241964817 -0.023077209 -0.990026295 -0.057469018 -0.126541317
1754516439307058432.000000 7.171225548 0.026351154 4.234257698 -0.024655251 -0.990982056 -0.058235735 -0.118132882
1754516439340399872.000000 7.174392700 0.024721146 4.226285458 -0.026039392 -0.991758525 -0.059155568 -0.110624090
1754516439373741056.000000 7.176898956 0.020475507 4.217947006 0.027018018 0.992361069 0.060479369 0.104075730
1754516439407082496.000000 7.179553032 0.018626928 4.210003376 -0.028615933 -0.992884457 -0.061145391 -0.098096989
1754516439440423680.000000 7.181684494 0.017438710 4.203272820 -0.030544607 -0.993359804 -0.061489753 -0.092317112
1754516439507106816.000000 7.187137604 0.016426027 4.190320969 -0.034791999 -0.994254112 -0.061946061 -0.080069572
1754516439540448512.000000 7.189608574 0.015364349 4.183783054 -0.037052777 -0.994685650 -0.062154282 -0.073242299
1754516439573789952.000000 7.191542625 0.014037311 4.177732468 -0.039215062 -0.995103121 -0.062082257 -0.066165455
1754516439607130880.000000 7.194413662 0.013002038 4.171729088 -0.041604009 -0.995381176 -0.062962919 -0.059339222
1754516439673814272.000000 7.199039936 0.010383964 4.158580780 -0.044101983 -0.995788395 -0.065459259 -0.046644308
1754516439707155712.000000 7.200525761 0.009670496 4.152835846 -0.045173191 -0.995957375 -0.066425472 -0.040200170
1754516439773839104.000000 7.201565266 0.007721305 4.139356613 -0.046777811 -0.996123433 -0.069107242 -0.027825071
1754516439840522752.000000 7.199832916 0.004990458 4.126928329 -0.049492158 -0.996173084 -0.070561431 -0.014520332
1754516439873864192.000000 7.198241711 0.003750443 4.120714188 -0.051259331 -0.996105731 -0.071362443 -0.007302086
1754516439940547584.000000 7.191992283 0.000833154 4.109088421 -0.053759418 -0.995701730 -0.075091250 0.007028872
1754516439973889280.000000 7.189569473 0.000606179 4.101864815 -0.055087078 -0.995354950 -0.077638209 0.014367960
1754516440040571648.000000 7.184168816 0.000235200 4.087224007 -0.057352804 -0.994593561 -0.081916533 0.028001800
1754516440107255296.000000 7.177150249 -0.001222253 4.072901249 -0.057958204 -0.993953645 -0.084800355 0.038806830
1754516440140596992.000000 7.174240112 -0.001666784 4.065875530 -0.058176976 -0.993678689 -0.085927315 0.042834137
1754516440207280128.000000 7.166741848 -0.003964186 4.050465584 0.059548598 0.993024051 0.090100959 -0.047318514
1754516440240621824.000000 7.154999733 -0.002950191 4.048117161 -0.061263945 -0.992810905 -0.090669148 0.048501913
1754516440307305216.000000 7.148358822 -0.004897356 4.033380508 -0.062834114 -0.992541850 -0.091033533 0.051240169
1754516440340646912.000000 7.144293308 -0.005979896 4.026610374 -0.063294552 -0.992506266 -0.090538740 0.052229512
1754516440373988864.000000 7.140680790 -0.007011771 4.019989014 -0.063650280 -0.992507100 -0.089793622 0.053060990
1754516440407330560.000000 7.136049747 -0.008091807 4.014213085 -0.063931994 -0.992498398 -0.089302063 0.053710401
1754516440474012928.000000 7.127916813 -0.009618998 4.001985550 -0.063415743 -0.992340565 -0.089893386 0.056195702
1754516440507354624.000000 7.123073578 -0.012112141 3.997571945 0.062901154 0.992196023 0.090979390 -0.057560951
1754516440540696320.000000 7.119256496 -0.011168838 3.992018700 -0.063051127 -0.992147982 -0.090229668 0.059376631
1754516440607379712.000000 7.109508991 -0.012996316 3.985857964 -0.062857017 -0.992168725 -0.086798310 0.064157888
1754516440640721408.000000 7.104605198 -0.013295412 3.983367443 -0.063216232 -0.992144227 -0.084563598 0.067101233
1754516440674062848.000000 7.098763466 -0.013372183 3.982242107 -0.063870125 -0.992076695 -0.082395695 0.070110545
1754516440707404800.000000 7.093717575 -0.014032125 3.980522633 -0.065645941 -0.991816223 -0.080641173 0.074082144
1754516440740746240.000000 7.088266850 -0.014430285 3.978682995 -0.067972988 -0.991423726 -0.079103291 0.078748740
1754516440807430144.000000 7.077058792 -0.016570091 3.975574493 -0.072187632 -0.990401685 -0.076917119 0.089315243
1754516440840771328.000000 7.073362350 -0.017065406 3.975227833 0.073807210 0.989836931 0.075050279 -0.095618308
1754516440874113280.000000 7.068583012 -0.019309044 3.974030495 -0.076400384 -0.989170551 -0.072609991 0.102139682
1754516440907454976.000000 7.065044880 -0.020491719 3.971681118 -0.078202575 -0.988471031 -0.070169911 0.109021485
1754516440940795904.000000 7.060197830 -0.021493077 3.970704079 -0.080214150 -0.987694561 -0.068083048 0.115714818
1754516440974137600.000000 7.056765556 -0.022084117 3.968873501 -0.081880771 -0.986875236 -0.065464191 0.122830398
1754516441007479296.000000 7.054200172 -0.023283005 3.966061592 -0.083464190 -0.985971630 -0.063256860 0.129970565
1754516441040820992.000000 7.051300526 -0.023668051 3.963598251 -0.084731214 -0.984999657 -0.061852928 0.137005836
1754516441074162944.000000 7.049920082 -0.024930239 3.959455013 -0.085918762 -0.983939648 -0.061058171 0.144058287
1754516441107504384.000000 7.042910576 -0.027230740 3.959875584 0.087564431 0.982872665 0.060871504 -0.150294781
1754516441140846336.000000 7.043815613 -0.025793910 3.956392288 -0.089788437 -0.981503427 -0.060096897 0.158042669
1754516441174187776.000000 7.041685104 -0.026409507 3.952512264 -0.091399081 -0.980100393 -0.059796426 0.165752187
1754516441207529728.000000 7.040656090 -0.027028561 3.949562073 -0.093213551 -0.978522480 -0.058986992 0.174142480
1754516441240871680.000000 7.038820267 -0.027690530 3.945854664 -0.095073588 -0.976696372 -0.057335708 0.183678597
1754516441274213120.000000 7.037594795 -0.028746128 3.943035126 -0.097532019 -0.974621475 -0.055540193 0.193689898
1754516441307555072.000000 7.036247253 -0.030582309 3.938696861 -0.100226544 -0.972255290 -0.053671993 0.204434991
1754516441340896768.000000 7.035049438 -0.031004667 3.933971405 -0.102800325 -0.969614804 -0.052339517 0.215731069
1754516441374237440.000000 7.034694672 -0.031014323 3.928056717 -0.105312154 -0.966843605 -0.051588643 0.226851195
1754516441407579392.000000 7.029457092 -0.039524555 3.919259071 0.107253537 0.964319646 0.052029792 -0.236383647
1754516441440921088.000000 6.911998272 -0.037548661 4.014945984 -0.109876215 -0.961219370 -0.049474213 0.248066351
1754516441474263040.000000 6.913449287 -0.039294720 4.009591103 -0.111537881 -0.958483219 -0.048967186 0.257820785
1754516441507604736.000000 6.913990498 -0.041933775 4.002170563 -0.113326915 -0.955623031 -0.048717014 0.267522603
1754516441540946176.000000 6.914962769 -0.043501139 3.995410919 -0.114487030 -0.952857435 -0.047186963 0.276999712
1754516441574288128.000000 6.917747498 -0.045394421 3.987930298 -0.115175493 -0.950206935 -0.044504296 0.286113322
1754516441607629568.000000 6.916667938 -0.047665000 3.981314659 0.115928039 0.947696924 0.041366834 -0.294482827
1754516441640971520.000000 6.890624046 -0.051382303 3.990222931 -0.117032252 -0.944931149 -0.037788387 0.303283095
1754516441674312960.000000 6.893524170 -0.054811239 3.983244896 -0.117180601 -0.942341745 -0.034950491 0.311511189
1754516441707654656.000000 6.896228790 -0.057861805 3.976202011 -0.117025711 -0.939830303 -0.032522541 0.319321632
1754516441740996608.000000 6.899687290 -0.061008453 3.968082428 -0.117193587 -0.937296808 -0.029646110 0.326896727
1754516441774338304.000000 6.903169632 -0.067599058 3.956105232 0.117234237 0.934570074 0.027122334 -0.334812462
1754516441807678976.000000 6.905845642 -0.071041405 3.947049141 0.117666528 0.932005763 0.025761064 -0.341842502
1754516441841020672.000000 6.908315659 -0.074102342 3.938254356 0.118187599 0.929560781 0.025228523 -0.348298937
1754516441874362112.000000 6.910650730 -0.076445103 3.928495407 0.118332118 0.927334726 0.024394790 -0.354193211
1754516441907704064.000000 6.907399178 -0.080675125 3.908786774 -0.118201740 -0.924995005 -0.023024004 0.360392183
1754516441941045760.000000 6.909896851 -0.082488716 3.900115967 -0.118174523 -0.922777355 -0.022300748 0.366086662
1754516441974387456.000000 6.911571026 -0.082937658 3.891678810 -0.118535146 -0.920558393 -0.022722358 0.371490747
1754516442007729408.000000 6.912532806 -0.084187508 3.883804321 -0.118901551 -0.918540359 -0.024244208 0.376242310
1754516442041070592.000000 6.912850380 -0.085671306 3.868713379 0.119168051 0.916536212 0.025988851 -0.380900234
1754516442074412544.000000 6.912256241 -0.087080479 3.859254837 0.119343288 0.914668679 0.027708579 -0.385189205
1754516442107754496.000000 6.911132812 -0.089263737 3.850667000 0.119450435 0.912853479 0.028510926 -0.389380544
1754516442141095936.000000 6.909530640 -0.091311216 3.843069077 0.120209396 0.910838902 0.028730473 -0.393823385
1754516442174437888.000000 6.907054901 -0.093294203 3.836393356 0.120939761 0.908635914 0.028621849 -0.398666769
1754516442241121024.000000 6.892350197 -0.096511602 3.810258865 -0.123332284 -0.904278696 -0.029113395 0.407702893
1754516442274461952.000000 6.889498234 -0.097115934 3.802385330 -0.124919273 -0.902003825 -0.029657224 0.412195116
1754516442307803648.000000 6.884789467 -0.097169816 3.794658661 -0.126826748 -0.899965525 -0.029288510 0.416076034
1754516442374487040.000000 6.875627995 -0.097322345 3.780643463 -0.129231200 -0.896999300 -0.027056864 0.421852589
1754516442407828736.000000 6.870091438 -0.096376538 3.774483681 -0.130592346 -0.896126211 -0.026622482 0.423313975
1754516442441170688.000000 6.861892223 -0.097226202 3.751236916 0.132058948 0.895062149 0.027081205 -0.425077409
1754516442507853568.000000 6.846808910 -0.096307993 3.737641335 0.137259305 0.894504845 0.023979016 -0.424789459
1754516442541194752.000000 6.839084625 -0.097527266 3.733065605 0.139223754 0.895002961 0.021331165 -0.423239410
1754516442574535680.000000 6.830003262 -0.098421991 3.728267670 0.141301110 0.896021843 0.017236970 -0.420573145
1754516442607876864.000000 6.820902824 -0.098786056 3.723290443 0.144398540 0.897299945 0.013545735 -0.416915476
1754516442641217536.000000 6.810953140 -0.098817915 3.715952873 0.148764104 0.898733675 0.010359813 -0.412358880
1754516442674558720.000000 6.788970947 -0.099732220 3.676466942 -0.152455091 -0.899710774 -0.006605380 0.408942968
1754516442707898624.000000 6.777678490 -0.100063950 3.668530464 -0.155407786 -0.901054919 -0.003078834 0.404893935
1754516442774580736.000000 6.756389618 -0.104111105 3.649412155 -0.159214154 -0.902948141 0.001172616 0.399166852
1754516442841262592.000000 6.737085342 -0.109924525 3.627324104 -0.160042599 -0.904560685 0.002848230 0.395155936
1754516442874603776.000000 6.729594231 -0.112778485 3.615727425 -0.159894884 -0.905777454 0.003355029 0.392415255
1754516442907944960.000000 6.732007027 -0.117056757 3.594535828 0.159772173 0.906500936 -0.003765130 -0.390787303
1754516442941285632.000000 6.709650993 -0.119508207 3.576963425 -0.159080580 -0.908812165 0.004806316 0.385656416
1754516442974626816.000000 6.703377724 -0.122256905 3.567226410 -0.157475621 -0.910978615 0.005460306 0.381168783
1754516443007967744.000000 6.698508739 -0.125443757 3.556708336 -0.155428126 -0.913069069 0.006145318 0.376973718
1754516443074649600.000000 6.687919140 -0.132797539 3.534247398 -0.147902548 -0.917045653 0.007829008 0.370257974
1754516443107990784.000000 6.683885574 -0.136288434 3.522744179 -0.143437877 -0.919169247 0.008094355 0.366726190
1754516443141330432.000000 6.679895401 -0.140236765 3.500937462 0.138551623 0.921238184 -0.007606572 -0.363408715
1754516443174671616.000000 6.672117233 -0.142445087 3.485021591 -0.134269416 -0.923740745 0.007520841 0.358633846
1754516443208012544.000000 6.667260647 -0.145049959 3.470726013 -0.130925924 -0.926051021 0.007387968 0.353883445
1754516443241353472.000000 6.662669659 -0.146998197 3.457348824 -0.128347740 -0.928122818 0.007528696 0.349368483
1754516443274694656.000000 6.657242298 -0.149042696 3.444635391 -0.126435369 -0.929810584 0.007649826 0.345554441
1754516443308035584.000000 6.652114391 -0.150446326 3.430560112 -0.125244901 -0.930997252 0.007639453 0.342781961
1754516443341376512.000000 6.646048546 -0.151909322 3.416955948 -0.124390088 -0.931687117 0.006937916 0.341230452
1754516443374717440.000000 6.640443325 -0.153739542 3.401805878 -0.123321578 -0.931879461 0.006275950 0.341105670
1754516443408058368.000000 6.633490086 -0.152313769 3.387506485 -0.122053966 -0.931935549 0.005890207 0.341415137
1754516443441399296.000000 6.627137661 -0.153012574 3.372850418 -0.120907836 -0.931570888 0.005373574 0.342823923
1754516443474740480.000000 6.622657776 -0.153783143 3.358334541 -0.119681202 -0.930841804 0.006028126 0.345215291
1754516443508081152.000000 6.618004799 -0.153769195 3.343654633 -0.117792636 -0.929885924 0.008244556 0.348380655
1754516443541422336.000000 6.613793373 -0.154776484 3.329605103 -0.116232678 -0.928593814 0.011220912 0.352246672
1754516443574763520.000000 6.609413147 -0.158706576 3.307354927 0.114101589 0.926715076 -0.014365829 -0.357734114
1754516443608103424.000000 6.604673386 -0.160772860 3.291650772 0.111658625 0.924853384 -0.019168990 -0.363058090
1754516443641444608.000000 6.596058846 -0.165345728 3.267826080 0.110244982 0.922743320 -0.022461141 -0.368627816
1754516443674785536.000000 6.589836121 -0.170149416 3.251738548 0.109116398 0.920569301 -0.025713006 -0.374145299
1754516443708126464.000000 6.583376408 -0.174868703 3.235221863 0.108234957 0.918419659 -0.027264981 -0.379535407
1754516443741467392.000000 6.575928688 -0.179653913 3.218604088 0.107780457 0.916369259 -0.027079636 -0.384600371
1754516443808149504.000000 6.556415558 -0.192618728 3.191705704 -0.108837605 -0.911222458 0.029027492 0.396213889
1754516443841490432.000000 6.548065186 -0.196841717 3.174656868 -0.111257985 -0.907311499 0.030410107 0.404330015
1754516443874831360.000000 6.538995743 -0.199109361 3.157660484 -0.114654101 -0.902951539 0.029507995 0.413112968
1754516443908172544.000000 6.528640747 -0.200408012 3.141121864 -0.117396034 -0.898776293 0.027067939 0.421529144
1754516443941513728.000000 6.518849373 -0.203049734 3.124747276 -0.118790001 -0.894892454 0.024763625 0.429468662
1754516444008195584.000000 6.499689102 -0.207799062 3.092690468 -0.121611729 -0.887502134 0.018243451 0.444092065
1754516444041535488.000000 6.488390923 -0.205924511 3.083168030 -0.122947156 -0.884727359 0.014590995 0.449364781
1754516444074876672.000000 6.477517605 -0.207308233 3.068258286 -0.124486193 -0.881628990 0.011438444 0.455085456
1754516444141558528.000000 6.454579353 -0.208795980 3.040408611 -0.128853604 -0.876171589 0.005314487 0.464426458
1754516444174899456.000000 6.443336010 -0.209898740 3.028108120 -0.131813109 -0.873666525 0.002684644 0.468321502
1754516444208240384.000000 6.431694031 -0.208820641 3.015955925 -0.134736761 -0.871698856 -0.000113701 0.471155137
1754516444274922496.000000 6.405797958 -0.206854343 2.986029625 -0.139381558 -0.868667066 -0.005943449 0.475347310
1754516444308263424.000000 6.393649101 -0.206670865 2.973978519 -0.141317829 -0.867679834 -0.007611509 0.476553410
1754516444374945280.000000 6.367132664 -0.205119193 2.951688766 -0.144474104 -0.867210627 -0.006359003 0.476479381
1754516444408286208.000000 6.352866650 -0.203603402 2.941903591 -0.146349564 -0.867826879 -0.004870203 0.474799633
1754516444474967040.000000 6.323607922 -0.198723882 2.921474457 -0.150995582 -0.869938374 -0.001296654 0.469474137
1754516444508308224.000000 6.310085297 -0.198587701 2.906301975 -0.153481364 -0.870939732 -0.000419817 0.466805488
1754516444574990592.000000 6.276544571 -0.198899657 2.886198044 -0.158485144 -0.872677147 0.003426454 0.461849988
1754516444608331520.000000 6.259348392 -0.199690208 2.876226902 -0.161178932 -0.872506738 0.004087331 0.461233824
1754516444641672704.000000 6.243365765 -0.202149183 2.866500378 -0.162529051 -0.871809065 0.004850816 0.462071270
1754516444708355072.000000 6.213790894 -0.208652467 2.845768452 -0.160952792 -0.870911181 0.006797357 0.464286298
1754516444741696000.000000 6.197721481 -0.207422227 2.826210022 0.159022674 0.870581806 -0.009932281 -0.465511143
1754516444808378112.000000 6.175646305 -0.210986182 2.806173325 -0.154594645 -0.871141732 0.014882646 0.465823174
1754516444841719296.000000 6.164784908 -0.212682307 2.795917034 -0.153224722 -0.871807992 0.015669566 0.465002686
1754516444875060480.000000 6.153407574 -0.213997126 2.786273956 -0.152074397 -0.872868419 0.014382781 0.463429958
1754516444941741824.000000 6.130385399 -0.216131702 2.762776375 -0.149846077 -0.874873579 0.010319473 0.460473567
1754516444975082752.000000 6.119089603 -0.218009874 2.750761509 -0.148421317 -0.875919521 0.007154956 0.459004402
1754516445008423680.000000 6.107896805 -0.220505908 2.738176346 -0.146707743 -0.877220333 0.004617541 0.457099646
1754516445075106048.000000 6.083322048 -0.220943376 2.706362247 -0.142786920 -0.880245924 0.003203642 0.452513903
1754516445108447232.000000 6.072838783 -0.223869920 2.694825172 -0.140951797 -0.882138014 0.002630889 0.449397743
1754516445141788160.000000 6.064544678 -0.227746934 2.682421684 0.139874205 0.883542180 -0.001778121 -0.446973383
1754516445175129344.000000 6.052886963 -0.227007136 2.670142651 -0.140020102 -0.883964300 0.001069364 0.446094662
1754516445241811456.000000 6.031754494 -0.227713719 2.641503811 -0.139796406 -0.883325994 -0.001749469 0.447425038
1754516445275152640.000000 6.020583153 -0.226785183 2.625674248 -0.140346691 -0.882161498 -0.003627425 0.449534088
1754516445308493568.000000 6.010000229 -0.225700751 2.609696865 0.140351921 0.880818725 0.005767616 -0.452135414
1754516445341835008.000000 5.999547482 -0.225140214 2.591314316 -0.139901325 -0.879161775 -0.007362770 0.455464661
1754516445408516096.000000 5.978488922 -0.222951844 2.557296276 -0.139136955 -0.875081182 -0.009866449 0.463439971
1754516445441857024.000000 5.968769073 -0.222402886 2.540845394 -0.138034761 -0.873063266 -0.010321500 0.467547297
1754516445475198208.000000 5.958056450 -0.222375259 2.522571087 -0.137097105 -0.870751083 -0.010155529 0.472116321
1754516445508540160.000000 5.947524071 -0.224017948 2.505875587 -0.136502147 -0.868225515 -0.009778651 0.476923615
1754516445575224064.000000 5.925699711 -0.229690701 2.472073555 -0.133513212 -0.863456488 -0.006286358 0.486392587
1754516445608566528.000000 5.915585995 -0.233989537 2.457079887 -0.132967040 -0.861093819 -0.006412964 0.490709811
1754516445641908480.000000 5.903306484 -0.237017781 2.440106392 -0.132339209 -0.858786702 -0.006803866 0.494899511
1754516445675250432.000000 5.891469002 -0.240787938 2.424334526 -0.132495239 -0.856421828 -0.008054470 0.498920739
1754516445775277056.000000 5.855782032 -0.248219028 2.376597881 -0.133050844 -0.849567413 -0.008748665 0.510349095
1754516445808617984.000000 5.843026161 -0.251087934 2.360682964 -0.134221017 -0.847337365 -0.009732587 0.513721168
1754516445841960448.000000 5.829702377 -0.253476053 2.344176769 -0.134776920 -0.845322013 -0.010318779 0.516874790
1754516445908644608.000000 5.805134773 -0.258424133 2.322272301 -0.137241900 -0.840602040 -0.012633060 0.523825705
1754516445941986816.000000 5.792007446 -0.260077953 2.312369347 -0.139559194 -0.837813795 -0.015048799 0.527602971
1754516446008671232.000000 5.764793873 -0.260607243 2.291768074 -0.145184010 -0.830604136 -0.018898530 0.537271976
1754516446042013440.000000 5.750461102 -0.259542227 2.281613350 -0.148781061 -0.826358736 -0.021339567 0.542715549
1754516446075355648.000000 5.738697052 -0.256940961 2.266939163 -0.152179435 -0.821729898 -0.023831675 0.548665226
1754516446142040064.000000 5.709965229 -0.255803645 2.249836922 -0.157557130 -0.814670622 -0.027789390 0.557418466
1754516446208724480.000000 5.679446697 -0.254544050 2.234334946 -0.162213102 -0.808885992 -0.031193962 0.564284861
1754516446242066944.000000 5.663279533 -0.252755880 2.226398945 -0.165315107 -0.805902183 -0.032180343 0.567588806
1754516446308750336.000000 5.631109238 -0.248741180 2.212000370 -0.170574397 -0.800903797 -0.031246806 0.573132813
1754516446342092800.000000 5.614958286 -0.246097505 2.197273731 -0.173102111 -0.798511922 -0.029446499 0.575801492
1754516446408777216.000000 5.583512306 -0.239848465 2.186147690 -0.176863402 -0.796311259 -0.023094986 0.577991664
1754516446442119680.000000 5.567535400 -0.236275241 2.181465149 -0.179279983 -0.796003699 -0.019686976 0.577796876
1754516446508803072.000000 5.532931805 -0.232083052 2.169009686 -0.182257622 -0.797560096 -0.012619132 0.574909508
1754516446542144256.000000 5.515720367 -0.230738729 2.165560246 -0.184581444 -0.798472583 -0.009650709 0.572955549
1754516446608826624.000000 5.475542068 -0.231991842 2.146166325 0.187557831 0.799312830 0.005873283 -0.570864737
1754516446675508736.000000 5.439617634 -0.239051268 2.122994423 -0.185403436 -0.800516069 -0.003350252 0.569902062
1754516446708848896.000000 5.425013065 -0.240810066 2.117202282 -0.182256028 -0.802150548 -0.001899328 0.568624377
1754516446775531008.000000 5.398519516 -0.242825493 2.103651047 -0.177365035 -0.806514382 -0.002923165 0.563974977
1754516446808871936.000000 5.384947777 -0.242837951 2.096689701 -0.175291345 -0.809252799 -0.004755531 0.560678303
1754516446842213120.000000 5.372427464 -0.242230564 2.089476109 -0.174231336 -0.812068641 -0.008164260 0.556885362
1754516446908895232.000000 5.341298103 -0.247065961 2.065271378 0.171560541 0.816326499 0.013938684 -0.551347196
1754516446942236416.000000 5.328441143 -0.249392688 2.053477287 -0.169418260 -0.818327963 -0.015527254 0.548995316
1754516447008918528.000000 5.305716991 -0.252563328 2.040149689 -0.166442156 -0.822191238 -0.017423542 0.544054210
1754516447042259200.000000 5.294150829 -0.252481192 2.033739090 -0.165786043 -0.823542833 -0.018113269 0.542184651
1754516447075600384.000000 5.282631397 -0.252603948 2.028221607 -0.166613013 -0.824125111 -0.018967193 0.541015923
1754516447142281472.000000 5.258734703 -0.251481801 2.015048027 -0.170065984 -0.822299302 -0.021867285 0.542607903
1754516447175622400.000000 5.247258186 -0.250065267 2.008851528 -0.171435118 -0.820382595 -0.023376077 0.545010149
1754516447208963584.000000 5.231783867 -0.249271125 1.989346027 -0.172129974 -0.817329168 -0.025600687 0.549262226
1754516447242304768.000000 5.220153809 -0.247272894 1.982762337 -0.171946496 -0.814940214 -0.027388958 0.552771986
1754516447308986880.000000 5.197122097 -0.243708462 1.967042446 -0.170620963 -0.810532868 -0.031780183 0.559388220
1754516447342327552.000000 5.186811924 -0.241066903 1.958674431 -0.169704556 -0.808683991 -0.033927534 0.562209487
1754516447375668736.000000 5.173607826 -0.239376992 1.947559834 0.168727174 0.807105660 0.034903061 -0.564706564
1754516447442350848.000000 5.146175385 -0.243061364 1.914682865 -0.167494118 -0.803811312 -0.033846460 0.569813669
1754516447509032960.000000 5.122041702 -0.242111325 1.896041393 -0.166660532 -0.801871419 -0.032180566 0.572879434
1754516447542374144.000000 5.111075878 -0.242077827 1.887234688 -0.165341020 -0.801627576 -0.031500265 0.573640466
1754516447575715072.000000 5.101228237 -0.240819424 1.878205776 -0.163965434 -0.801720083 -0.031109029 0.573927343
1754516447642395904.000000 5.076800823 -0.244994149 1.860329151 -0.162433878 -0.801580131 -0.029554192 0.574639976
1754516447709078016.000000 5.042271137 -0.253640592 1.832658291 -0.163547382 -0.799076259 -0.028634416 0.577849150
1754516447742419200.000000 5.030232906 -0.254514694 1.825930119 -0.164654583 -0.797630310 -0.027516345 0.579584002
1754516447809101312.000000 5.006186962 -0.253870249 1.812374115 -0.167709962 -0.794143558 -0.025892336 0.583557189
1754516447842442240.000000 4.995566845 -0.253490508 1.806931973 -0.169436127 -0.792649150 -0.026172245 0.585075974
1754516447909124608.000000 4.967813969 -0.257981688 1.787615776 0.171731740 0.789031863 0.027169956 -0.589235842
1754516447975806720.000000 4.941873074 -0.256306529 1.774299145 -0.175280526 -0.784059167 -0.028261047 0.594751477
1754516448009147392.000000 4.928771019 -0.255855322 1.770856380 -0.177838072 -0.780686557 -0.028583582 0.598402143
1754516448042487552.000000 4.916911125 -0.254499018 1.768181801 -0.180759057 -0.777097881 -0.028708057 0.602180243
1754516448109169664.000000 4.890307426 -0.250501156 1.760690212 -0.185100272 -0.770979345 -0.030721392 0.608592629
1754516448175851520.000000 4.862737179 -0.247332200 1.751701355 -0.188282862 -0.765860975 -0.032883856 0.613942325
1754516448209192448.000000 4.850011349 -0.245288998 1.745055199 -0.189734101 -0.763389528 -0.034150857 0.616499186
1754516448242533632.000000 4.836097240 -0.242783546 1.742134571 -0.191127270 -0.761121094 -0.035641853 0.618784904
1754516448309215488.000000 4.806523323 -0.236985311 1.736906528 -0.193777636 -0.757322609 -0.037366953 0.622508287
1754516448375897600.000000 4.777239323 -0.230693161 1.732952595 -0.195153907 -0.754957914 -0.037150610 0.624958813
1754516448409238784.000000 4.762437344 -0.227574185 1.732716560 -0.195687637 -0.754454613 -0.036103405 0.625460804
1754516448475919616.000000 4.727111816 -0.221644983 1.725322247 0.196413711 0.754007876 0.032521028 -0.625968277
1754516448509261312.000000 4.709048748 -0.221225023 1.719509602 -0.197646290 -0.753957212 -0.029587867 0.625786781
1754516448575945728.000000 4.673761368 -0.217915654 1.718104839 -0.200826943 -0.756004453 -0.024659323 0.622509301
1754516448642630144.000000 4.636787415 -0.219096869 1.716062546 -0.200523660 -0.758532524 -0.020008167 0.619692206
1754516448675972352.000000 4.618851662 -0.220204040 1.713292599 -0.199603125 -0.759498179 -0.019198705 0.618831635
1754516448742657024.000000 4.583435535 -0.220844716 1.704600811 -0.195526809 -0.762413025 -0.019846817 0.616524041
1754516448809341184.000000 4.549664497 -0.219173878 1.689609528 -0.193235248 -0.764649093 -0.023124099 0.614359260
1754516448842683648.000000 4.534975052 -0.217867374 1.685524464 -0.193122566 -0.765521288 -0.026054258 0.613190174
1754516448876025856.000000 4.520072937 -0.217074469 1.681304932 -0.192488074 -0.765918493 -0.027918855 0.612811506
1754516448909368320.000000 4.505815983 -0.217235774 1.676994801 -0.191272125 -0.766050041 -0.029434863 0.612956762
1754516448976051712.000000 4.477434635 -0.218471661 1.667025089 -0.187955976 -0.767504215 -0.034487624 0.611899078
1754516449009393920.000000 4.463194370 -0.218642861 1.660647869 -0.186644644 -0.768632650 -0.037347544 0.610715091
1754516449076078592.000000 4.432665825 -0.215988189 1.642447948 0.186390042 0.771417260 0.043066930 -0.606893301
1754516449109421056.000000 4.420464039 -0.214662194 1.636836052 -0.187132448 -0.773330331 -0.046277851 0.603986800
1754516449176105472.000000 4.389055252 -0.210337579 1.624301910 -0.190551534 -0.775913298 -0.053219784 0.599012792
1754516449242790144.000000 4.358877182 -0.204868168 1.611511230 -0.192054048 -0.775577903 -0.059789926 0.598347187
1754516449276132608.000000 4.343373775 -0.201711237 1.604111671 -0.192694947 -0.774487734 -0.064188190 0.599097252
1754516449342817024.000000 4.312452793 -0.196832001 1.587278366 -0.191613063 -0.772346199 -0.070131898 0.601537585
1754516449376158720.000000 4.296072006 -0.194409296 1.572135925 -0.189913183 -0.771051228 -0.070484288 0.603692889
1754516449442843136.000000 4.269278049 -0.195393160 1.559491634 -0.184465244 -0.768776357 -0.067990996 0.608549833
1754516449476185856.000000 4.255920410 -0.196095765 1.553597689 -0.183066174 -0.766953588 -0.066209733 0.611461639
1754516449509527552.000000 4.240714073 -0.196225107 1.547354460 -0.181994021 -0.765325069 -0.065539613 0.613889575
1754516449576209664.000000 4.206842422 -0.197707057 1.533457756 -0.181554630 -0.761945665 -0.065111473 0.618253410
1754516449642892032.000000 4.167212486 -0.199806869 1.503920317 -0.181684881 -0.758158445 -0.064352542 0.622932792
1754516449676232960.000000 4.150768280 -0.200259104 1.496318817 -0.182211459 -0.756145060 -0.063035756 0.625356019
1754516449742915584.000000 4.119437695 -0.201328307 1.485632658 -0.185665220 -0.749675095 -0.060064476 0.632382751
1754516449776256768.000000 4.105505466 -0.199762121 1.481199265 -0.187439397 -0.746289432 -0.059297085 0.635926485
1754516449842938112.000000 4.076403141 -0.196371496 1.471343279 -0.192110464 -0.740262866 -0.062884897 0.641209841
1754516449909620480.000000 4.036105156 -0.198437348 1.445917368 -0.197050154 -0.733795583 -0.069236733 0.646468580
1754516449942961664.000000 4.020625591 -0.195268705 1.441811323 -0.199358642 -0.730552495 -0.070929974 0.649244308
1754516450009644032.000000 3.991588354 -0.192034528 1.436081886 -0.203496173 -0.722182393 -0.072290786 0.657127142
1754516450076326400.000000 3.963366508 -0.188769549 1.432900906 -0.207639739 -0.712276697 -0.072055630 0.666600049
1754516450109667840.000000 3.948297739 -0.186200708 1.429769039 -0.210258499 -0.707504451 -0.071436249 0.670914173
1754516450176349952.000000 3.913613081 -0.184968710 1.418663979 -0.215182692 -0.699013770 -0.071070917 0.678251624
1754516450243032320.000000 3.884842396 -0.175213441 1.416306734 -0.217364237 -0.695007920 -0.069649629 0.681810617
1754516450309713664.000000 3.854444981 -0.166558444 1.415078163 -0.219210893 -0.696530938 -0.067965887 0.679832339
1754516450343055104.000000 3.838542938 -0.162550837 1.415108919 -0.220010191 -0.698869050 -0.065427989 0.677419186
1754516450409737216.000000 3.803658962 -0.157778919 1.414422274 -0.221407384 -0.703385293 -0.056639243 0.673067629
1754516450443078400.000000 3.784872532 -0.156720906 1.414110899 -0.220088616 -0.705893815 -0.050899312 0.671330273
1754516450509761024.000000 3.733951092 -0.159067452 1.394758224 -0.219939306 -0.708781779 -0.043055013 0.668880761
1754516450543102720.000000 3.713382721 -0.159352392 1.394742012 -0.219759032 -0.711121976 -0.040199593 0.666629970
1754516450609786112.000000 3.672635078 -0.161607504 1.389798880 -0.217090607 -0.716045380 -0.034489233 0.662541509
1754516450643127808.000000 3.654382706 -0.163198411 1.386521101 -0.215741813 -0.717766643 -0.031059371 0.661288083
1754516450709810176.000000 3.620645285 -0.164726809 1.379412174 -0.213120252 -0.721050680 -0.027597694 0.658713937
1754516450743152128.000000 3.603845119 -0.164992511 1.373509645 -0.212252468 -0.722726941 -0.027509492 0.657159030
1754516450809835520.000000 3.568773985 -0.161962867 1.361578941 -0.213204473 -0.725336015 -0.030583944 0.653831959
1754516450843177216.000000 3.553784132 -0.160891756 1.357257843 -0.212710425 -0.727208614 -0.032441411 0.651820242
1754516450909860608.000000 3.521984816 -0.158483893 1.344324827 -0.211516142 -0.731633663 -0.037190959 0.646985352
1754516450943202560.000000 3.506303310 -0.156876445 1.336888313 -0.211104080 -0.734164596 -0.040127587 0.644070923
1754516451009885696.000000 3.475423813 -0.152832389 1.321946859 -0.211536363 -0.739099741 -0.046157811 0.637850702
1754516451043227392.000000 3.459895611 -0.151126221 1.314219713 -0.211746439 -0.740862072 -0.048309755 0.635573089
1754516451076569344.000000 3.438238621 -0.151616380 1.298937798 -0.212056249 -0.741259754 -0.050186645 0.634860277
1754516451143251712.000000 3.410731077 -0.148552909 1.286719084 -0.211221203 -0.741368234 -0.053358749 0.634753287
1754516451176593664.000000 3.396706343 -0.146728292 1.279096842 -0.210274324 -0.740799487 -0.055004336 0.635590613
1754516451243276800.000000 3.371642113 -0.144797221 1.264703274 -0.206766903 -0.739375234 -0.055823050 0.638322532
1754516451276618752.000000 3.358199120 -0.144761160 1.257292747 -0.204368472 -0.738485992 -0.055359501 0.640161932
1754516451343302144.000000 3.331293821 -0.144259810 1.241519690 -0.198859438 -0.736852467 -0.052950095 0.643971801
1754516451376643840.000000 3.307365894 -0.143938094 1.221956968 -0.197157294 -0.735274613 -0.052747719 0.646311104
1754516451443327488.000000 3.275557041 -0.146285489 1.204277992 -0.195548281 -0.734439969 -0.054197516 0.647627592
1754516451476669184.000000 3.260509729 -0.149493769 1.198164463 -0.194358692 -0.734757364 -0.053753335 0.647662818
1754516451543351296.000000 3.229671001 -0.155896932 1.183943987 -0.192652136 -0.734603584 -0.050811328 0.648583829
1754516451576692224.000000 3.214783430 -0.157634586 1.177504539 -0.192214146 -0.732864261 -0.047792595 0.650906742
1754516451643373568.000000 3.187214375 -0.157149598 1.166486263 -0.193455294 -0.726827979 -0.042629238 0.657631278
1754516451676714496.000000 3.167880297 -0.153922051 1.151208639 -0.195362180 -0.722333670 -0.042110804 0.662038028
1754516451743396608.000000 3.139259100 -0.151849210 1.141260147 -0.198011771 -0.715175390 -0.043866113 0.668873250
1754516451810078464.000000 3.110860825 -0.149900556 1.132621527 -0.200776979 -0.707585931 -0.048353344 0.675775766
1754516451843419648.000000 3.097237110 -0.148266032 1.130123615 -0.202893361 -0.703093886 -0.050260074 0.679681718
1754516451910101504.000000 3.069286823 -0.144138262 1.124452114 -0.207480863 -0.692736328 -0.052364927 0.688713372
1754516451943442432.000000 3.052778006 -0.143120557 1.117467880 0.209131628 0.687060237 0.052645065 -0.693859339
1754516452010124288.000000 3.023887157 -0.140276492 1.109395266 -0.211228192 -0.677429974 -0.053078916 0.702605069
1754516452043464448.000000 3.010620832 -0.139484912 1.107712150 -0.212106049 -0.673693001 -0.053923111 0.705861986
1754516452110146304.000000 2.981226206 -0.134268478 1.103966951 -0.212253600 -0.669391751 -0.054780774 0.709832489
1754516452143487232.000000 2.967194319 -0.130250692 1.103384733 -0.212896258 -0.668351054 -0.055054124 0.710599184
1754516452210169088.000000 2.935255527 -0.121006347 1.101573110 -0.214562178 -0.667984784 -0.055449538 0.710411787
1754516452243510016.000000 2.919726372 -0.117016882 1.101512790 -0.214903131 -0.668904424 -0.055364218 0.709449410
1754516452310191872.000000 2.873175144 -0.108248875 1.093594074 -0.215994239 -0.670842648 -0.052202120 0.707524955
1754516452343533056.000000 2.857937813 -0.105175525 1.095834017 -0.216138273 -0.672366381 -0.048657022 0.706286311
1754516452410214912.000000 2.821943045 -0.103373781 1.099062443 -0.216476008 -0.674598157 -0.042157467 0.704470277
1754516452443555584.000000 2.805372715 -0.102285370 1.099835277 -0.215379119 -0.676304638 -0.040202573 0.703283548
1754516452510236928.000000 2.768866539 -0.101242170 1.100143433 -0.212225363 -0.681801200 -0.038816210 0.698999941
1754516452543578624.000000 2.750802517 -0.099980190 1.098411560 -0.210154667 -0.685695231 -0.038447477 0.695829630
1754516452610261760.000000 2.706279755 -0.105736554 1.083529592 -0.211155295 -0.692456663 -0.039556552 0.688732564
1754516452676944896.000000 2.675164461 -0.100729726 1.079185247 -0.213485822 -0.698861420 -0.043007649 0.681298018
1754516452710286592.000000 2.659901381 -0.098563500 1.077235103 -0.214383081 -0.700954795 -0.046029903 0.678663135
1754516452776969728.000000 2.629105091 -0.095949233 1.069138288 -0.213896319 -0.705573797 -0.052869167 0.673512280
1754516452810311680.000000 2.613562346 -0.096387461 1.064216733 -0.212709039 -0.708918154 -0.055270758 0.670175433
1754516452876994560.000000 2.584885597 -0.095503636 1.054412365 -0.209996983 -0.717135310 -0.057823043 0.662023246
1754516452910336256.000000 2.568645000 -0.095517151 1.041128278 -0.208462924 -0.720412731 -0.059572268 0.658786714
1754516452977018368.000000 2.542016506 -0.093583047 1.029882908 -0.208374798 -0.726472676 -0.063370436 0.651768148
1754516453010360064.000000 2.529239893 -0.091931269 1.024347305 -0.208547920 -0.729133248 -0.065616287 0.648511469
1754516453077043200.000000 2.501849413 -0.088572420 1.009675503 -0.208239704 -0.732281923 -0.069212370 0.644677520
1754516453110384640.000000 2.488141775 -0.087976500 1.003322124 -0.207699358 -0.733053803 -0.071056753 0.643773258
1754516453143726336.000000 2.474299431 -0.087120838 0.995590687 -0.206585601 -0.732846856 -0.071535334 0.644314051
1754516453210409728.000000 2.448595047 -0.086231552 0.979984999 -0.202497631 -0.731445849 -0.070020385 0.647363007
1754516453243751168.000000 2.431766748 -0.078819335 0.963511109 -0.199777573 -0.729452610 -0.067448109 0.650721729
1754516453310434304.000000 2.410949945 -0.077731922 0.947945595 -0.194531009 -0.726519942 -0.064390294 0.655881405
1754516453343776256.000000 2.398474693 -0.078579374 0.941962242 -0.192864865 -0.725497723 -0.063871071 0.657553613
1754516453410458368.000000 2.368663788 -0.083719715 0.926991701 -0.192045748 -0.722626507 -0.063575603 0.660974741
1754516453443799808.000000 2.353684187 -0.087096989 0.920537710 -0.193458855 -0.720472574 -0.063607775 0.662908077
1754516453510482432.000000 2.311881781 -0.085981816 0.895491600 -0.195061222 -0.712415338 -0.060191616 0.671410859
1754516453543823360.000000 2.299897909 -0.086958855 0.889033794 -0.195503891 -0.708020687 -0.058106236 0.676098108
1754516453610505472.000000 2.273378134 -0.087727360 0.876451373 -0.197205722 -0.699399769 -0.057377003 0.684585929
1754516453643846400.000000 2.260949373 -0.087561414 0.871343136 -0.198225722 -0.696121871 -0.059214987 0.687469602
1754516453710528256.000000 2.233571768 -0.086023837 0.858451605 -0.201396152 -0.688453257 -0.064736076 0.693744183
1754516453743869184.000000 2.219349146 -0.085454918 0.854400992 -0.202800274 -0.684773922 -0.067819312 0.696675956
1754516453810550272.000000 2.180219173 -0.082064800 0.835394382 -0.206256360 -0.675298214 -0.071726397 0.704475760
1754516453843891200.000000 2.167605877 -0.081748024 0.831586003 -0.207751557 -0.671215117 -0.072866589 0.707813561
1754516453910573056.000000 2.142673016 -0.080749087 0.825244308 -0.209582552 -0.663518667 -0.074111283 0.714370787
1754516453977254912.000000 2.116000891 -0.079061791 0.817130566 -0.210950613 -0.655787647 -0.074936360 0.720990360
1754516454043936768.000000 2.087704659 -0.072938681 0.809244275 -0.212235838 -0.648101509 -0.075178877 0.727508545
1754516454110618624.000000 2.054248810 -0.066855617 0.794194460 0.213594168 0.641372740 0.074736416 -0.733098328
1754516454143959552.000000 2.034982681 -0.061640814 0.791813314 -0.214611739 -0.640121102 -0.074521326 0.733916521
1754516454210641408.000000 2.001113415 -0.056496985 0.786665678 -0.216629758 -0.639534652 -0.072203264 0.734066606
1754516454277321984.000000 1.964179277 -0.054266751 0.780833900 -0.216315344 -0.639070153 -0.070547730 0.734724462
1754516454344003840.000000 1.927277565 -0.053996757 0.776474833 -0.218358472 -0.634372532 -0.069442064 0.738287807
1754516454377344512.000000 1.906195641 -0.055147275 0.775225401 -0.219701022 -0.632052898 -0.069972329 0.739827394
1754516454444026368.000000 1.866866350 -0.055506200 0.769738495 -0.220315844 -0.628875613 -0.069588870 0.742383897
1754516454510708224.000000 1.834996939 -0.046323821 0.762740493 -0.219157293 -0.629067898 -0.067720570 0.742736638
1754516454544049408.000000 1.818321943 -0.045370191 0.759949625 -0.219940349 -0.629911065 -0.067439333 0.741815507
1754516454610731520.000000 1.785437107 -0.045785114 0.750507951 -0.222764567 -0.631100357 -0.067717656 0.739934266
1754516454677413632.000000 1.754125118 -0.048173390 0.740569770 -0.224577948 -0.629522204 -0.070246316 0.740494490
1754516454710753792.000000 1.739130020 -0.049482860 0.734148085 -0.224490583 -0.628531873 -0.072876461 0.741107821
1754516454777436160.000000 1.709624648 -0.049951479 0.721615791 -0.222671941 -0.628070235 -0.076156981 0.741717696
1754516454810777344.000000 1.696442485 -0.043814674 0.715462327 0.221212596 0.628060222 0.076517977 -0.742125630
1754516454877459456.000000 1.666600466 -0.040729910 0.701660037 -0.219781429 -0.626604497 -0.075984783 0.743834257
1754516454944141568.000000 1.638364077 -0.039349541 0.687094033 -0.219319448 -0.623290122 -0.076634571 0.746683121
1754516455010823680.000000 1.609895110 -0.037594251 0.669731200 0.217446893 0.620584965 0.078263380 -0.749310315
1754516455044164864.000000 1.595443010 -0.036761925 0.660281777 0.215905249 0.619391978 0.079380952 -0.750624597
1754516455110847232.000000 1.565854192 -0.034031823 0.639688671 0.211335003 0.616602063 0.081160158 -0.754024208
1754516455177528320.000000 1.535928965 -0.029733256 0.620156825 -0.206227481 -0.613881648 -0.081213586 0.757643700
1754516455244210432.000000 1.508673429 -0.032496028 0.599492967 -0.199614123 -0.608532965 -0.076651864 0.764176965
1754516455277551360.000000 1.492919922 -0.033900097 0.587920904 -0.196278274 -0.604580343 -0.075313322 0.768300295
1754516455344233728.000000 1.460339308 -0.038530611 0.567847252 -0.193832591 -0.596764565 -0.077928953 0.774743915
1754516455410915840.000000 1.423823833 -0.045006692 0.550361395 -0.194795832 -0.588866711 -0.079955369 0.780319095
1754516455477597952.000000 1.392636299 -0.043587916 0.539555788 -0.192861944 -0.580169201 -0.075197130 0.787752092
1754516455510938880.000000 1.380022049 -0.044082597 0.534089506 -0.194081008 -0.574972332 -0.074168518 0.791352272
1754516455577621760.000000 1.349673748 -0.042689621 0.520990193 -0.196726412 -0.566861808 -0.076204740 0.796341181
1754516455644303360.000000 1.320147991 -0.041321866 0.509304166 -0.199945495 -0.561147451 -0.079355337 0.799273491
1754516455677644544.000000 1.306761265 -0.040847071 0.504755914 -0.201384157 -0.558987319 -0.080561087 0.800304711
1754516455744327424.000000 1.277738094 -0.039602146 0.497892916 -0.204608321 -0.554604352 -0.081946112 0.802392900
1754516455777668608.000000 1.247511625 -0.035178833 0.485546470 -0.206336021 -0.551375985 -0.082195044 0.804147959
1754516455844351232.000000 1.218304157 -0.033495829 0.479789495 -0.209857255 -0.549077332 -0.082966797 0.804730177
1754516455911033856.000000 1.189910412 -0.029560015 0.473880887 -0.212202355 -0.548844874 -0.083696961 0.804198027
1754516455977716480.000000 1.161090136 -0.024116017 0.468120068 -0.212371022 -0.550038397 -0.083160453 0.803393245
1754516456044398336.000000 1.132060766 -0.017943226 0.462704897 -0.212249577 -0.553720236 -0.080090180 0.801205099
1754516456111080960.000000 1.101719975 -0.008611128 0.459673703 -0.211551562 -0.558747828 -0.071448907 0.798712671
1754516456144422144.000000 1.085708141 -0.004180424 0.459534347 -0.211629525 -0.560065150 -0.066580825 0.798189878
1754516456211104768.000000 1.053113699 -0.000856705 0.459812820 -0.213826269 -0.562591612 -0.057220027 0.796551943
1754516456277787648.000000 1.016497850 0.002866387 0.460839361 -0.218317971 -0.563904524 -0.050327055 0.794868708
1754516456344470272.000000 0.979930997 0.003274709 0.460839242 -0.220626697 -0.563071251 -0.045508523 0.795112431
1754516456377811456.000000 0.962218165 0.002802342 0.459204316 -0.219701260 -0.562635005 -0.044017598 0.795761168
1754516456444494336.000000 0.931581199 0.002525374 0.454256564 -0.215465695 -0.562075913 -0.042626780 0.797388434
1754516456511175936.000000 0.905857623 0.002508372 0.449565619 -0.213803083 -0.560601413 -0.043995284 0.798798323
1754516456544517120.000000 0.893726945 0.005050004 0.445326328 -0.212949038 -0.557846248 -0.043783758 0.800964057
1754516456611199488.000000 0.867447972 0.004606470 0.438250840 -0.211056724 -0.550037861 -0.046265651 0.806705058
1754516456644540672.000000 0.855709553 0.004287437 0.434423536 -0.209299043 -0.546133339 -0.048224397 0.809695482
1754516456711223040.000000 0.830620289 0.003651999 0.427971423 -0.206918597 -0.537093818 -0.052028600 0.816093206
1754516456777905408.000000 0.804733872 0.004925430 0.422359705 -0.207350776 -0.524075747 -0.055808071 0.824157655
1754516456844588032.000000 0.779301286 0.010700606 0.420251846 -0.210629314 -0.509146869 -0.061184872 0.832262754
1754516456877929216.000000 0.766749263 0.013279811 0.421387553 -0.212606341 -0.501749992 -0.064114265 0.836023331
1754516456977952000.000000 0.727531135 0.018952601 0.416139901 -0.217174172 -0.473422498 -0.070039079 0.850765049
1754516457044634368.000000 0.702570498 0.024946235 0.412184507 -0.219136328 -0.451256871 -0.071943365 0.862073541
1754516457111316736.000000 0.677317560 0.028560579 0.407700539 -0.221481651 -0.430406690 -0.071797609 0.872090101
1754516457144657920.000000 0.664092958 0.030551568 0.404455602 -0.220870018 -0.421462327 -0.070849285 0.876679242
1754516457211340544.000000 0.637058973 0.034489699 0.398612261 -0.220969394 -0.405828238 -0.071268573 0.883966506
1754516457278022656.000000 0.609047413 0.037541933 0.395328313 -0.223236665 -0.393834829 -0.071597278 0.888781965
1754516457344705280.000000 0.579612315 0.037975386 0.387964278 -0.224508598 -0.384315372 -0.073805511 0.892440677
1754516457378045440.000000 0.565604746 0.038103126 0.383960515 -0.224808723 -0.380666018 -0.074320637 0.893885314
1754516457478068992.000000 0.526194632 0.038125031 0.374301344 -0.227196768 -0.368427426 -0.074342847 0.898396432
1754516457511410432.000000 0.513667107 0.038352251 0.371016800 -0.227461249 -0.363413870 -0.073879987 0.900407434
1754516457578093312.000000 0.493756473 0.041619785 0.369571656 -0.227613673 -0.355203927 -0.072987273 0.903711915
1754516457644776192.000000 0.473263055 0.043523178 0.364437610 -0.228387102 -0.343063325 -0.072100289 0.908266783
1754516457711459072.000000 0.452753901 0.047611501 0.361932486 -0.230301276 -0.328762561 -0.073527962 0.912945926
1754516457778141952.000000 0.434418112 0.051099170 0.360683680 -0.232894480 -0.311469376 -0.077671334 0.917994678
1754516457844824064.000000 0.415289491 0.054541726 0.362127632 -0.234066412 -0.293881863 -0.082897790 0.923024595
1754516457878165504.000000 0.405868173 0.056580994 0.363880813 -0.234193519 -0.286189467 -0.085573465 0.925162852
1754516457944848384.000000 0.392523527 0.060910944 0.370114625 -0.234910786 -0.272783667 -0.088229172 0.928774357
1754516458011531520.000000 0.377095848 0.065613069 0.377979577 -0.238276526 -0.261368692 -0.090614229 0.930967093
1754516458044872704.000000 0.370240808 0.068665519 0.382885396 -0.239858642 -0.256145626 -0.091234893 0.931951404
1754516458111555840.000000 0.358214855 0.075700335 0.393006742 -0.242000952 -0.246384636 -0.094799593 0.933671892
1754516458144897280.000000 0.352960467 0.079216644 0.398149788 -0.241998613 -0.242309138 -0.097217761 0.934490085
1754516458211580160.000000 0.345513880 0.082522281 0.409855932 -0.239366382 -0.236490726 -0.095985092 0.936783195
1754516458278262016.000000 0.345715582 0.084828459 0.430263370 -0.233115688 -0.232934788 -0.086432576 0.940174401
1754516458311603712.000000 0.344262242 0.085122742 0.438367695 -0.231386691 -0.229087442 -0.082839802 0.941868782
1754516458378286848.000000 0.340069652 0.087079287 0.454838932 -0.230827466 -0.220362112 -0.077702060 0.944521964
1754516458444969728.000000 0.335217059 0.088679813 0.469357342 -0.228965238 -0.212318093 -0.074096970 0.947103798
1754516458511652352.000000 0.330013722 0.090971388 0.480603158 -0.222495764 -0.205642968 -0.073342130 0.950172424
1754516458544993792.000000 0.326167136 0.092667654 0.485995203 -0.219251812 -0.202724025 -0.073969916 0.951504171
1754516458611676160.000000 0.299806833 0.093698114 0.496744394 -0.214518875 -0.195820510 -0.078430519 0.953669071
1754516458645017344.000000 0.297408670 0.095436864 0.501071572 -0.213575915 -0.192277402 -0.079986587 0.954472065
1754516458711698688.000000 0.291278720 0.097650677 0.511240363 -0.212954447 -0.183345139 -0.082955822 0.956113696
1754516458778381056.000000 0.285275936 0.099220760 0.520643890 -0.212541953 -0.174156800 -0.084992863 0.957742989
1754516458845063424.000000 0.279086441 0.101202898 0.530247688 -0.211417794 -0.163220063 -0.084304988 0.959976315
1754516458878404864.000000 0.276656061 0.102964282 0.534307897 -0.211508110 -0.156890750 -0.083386056 0.961091280
1754516458945087232.000000 0.269960612 0.105236456 0.547447145 -0.214501411 -0.143479794 -0.079667524 0.962837458
1754516458978428160.000000 0.268789947 0.106652945 0.551597595 -0.215807527 -0.138543591 -0.077983037 0.963406205
1754516459045110784.000000 0.261278003 0.109408021 0.559033453 -0.216649890 -0.129650801 -0.077109575 0.964524567
1754516459111793152.000000 0.251580834 0.112507477 0.565315247 -0.216836601 -0.119859263 -0.078763768 0.965614796
1754516459178474496.000000 0.241391048 0.114716478 0.572389364 -0.218288675 -0.108207330 -0.080511995 0.966519058
1754516459211815424.000000 0.234784842 0.114939488 0.575870812 -0.216624931 -0.102100104 -0.080952093 0.967520535
1754516459278497792.000000 0.223399147 0.114596963 0.583406806 -0.210010186 -0.091037638 -0.079993293 0.970159292
1754516459345180160.000000 0.214979276 0.115223959 0.586915314 -0.207490355 -0.082389154 -0.079643607 0.971502304
1754516459378521088.000000 0.211421788 0.115703218 0.588733554 -0.207030386 -0.079141252 -0.079038799 0.971919775
1754516459445203456.000000 0.203576535 0.117506430 0.592441082 -0.206575841 -0.073554814 -0.076814987 0.972633362
1754516459511885824.000000 0.196067378 0.120306447 0.596501946 -0.206265196 -0.067324698 -0.075016700 0.973290622
1754516459578568960.000000 0.187050432 0.121534340 0.599946797 -0.205538571 -0.059739377 -0.074359290 0.973989666
1754516459611909120.000000 0.186921626 0.123114511 0.600556791 -0.205580264 -0.056621682 -0.074233130 0.974176705
1754516459678591744.000000 0.181511298 0.126300886 0.603791237 -0.206196442 -0.050823767 -0.073165335 0.974446952
1754516459711933184.000000 0.179368004 0.127783298 0.605817199 -0.206938297 -0.048347685 -0.072540186 0.974462390
1754516459778616064.000000 0.164952815 0.132999077 0.617024362 -0.210305884 -0.042704932 -0.072868891 0.973980486
1754516459811957248.000000 0.163841262 0.133563116 0.619330525 -0.211687103 -0.040410154 -0.073359653 0.973742247
1754516459845298432.000000 0.162741691 0.133506581 0.621731758 -0.212941840 -0.038537968 -0.073817365 0.973509967
1754516459911981056.000000 0.159407780 0.133528307 0.627858937 -0.213558719 -0.036078900 -0.074310943 0.973431468
1754516459945322752.000000 0.158245683 0.133796841 0.631651819 -0.213921398 -0.035187617 -0.074188337 0.973393857
1754516459978664192.000000 0.158538431 0.134503514 0.635327458 -0.214806005 -0.034559812 -0.074101739 0.973228097
1754516460045345792.000000 0.157984331 0.138381228 0.646077275 -0.217838332 -0.033860736 -0.075376295 0.972480536
1754516460078686976.000000 0.158456370 0.144783527 0.650269389 -0.219578043 -0.033218868 -0.077247694 0.971964359
1754516460112028416.000000 0.161056817 0.146064430 0.661112845 -0.221501157 -0.033932533 -0.077541642 0.971479893
1754516460178711296.000000 0.167669922 0.146606818 0.674537539 -0.223659113 -0.033987992 -0.078389131 0.970915377
1754516460212052480.000000 0.171330452 0.147262514 0.681476414 -0.224327445 -0.033412319 -0.078253023 0.970792115
1754516460245393664.000000 0.175971806 0.148113251 0.688386798 -0.225283265 -0.032742459 -0.077930093 0.970619559
1754516460312076288.000000 0.189811885 0.151203185 0.702892900 -0.226657704 -0.030660378 -0.076610401 0.970472693
1754516460378759424.000000 0.205006480 0.154520571 0.718052804 -0.228255734 -0.029027035 -0.076051451 0.970192194
1754516460412100608.000000 0.214246765 0.156224489 0.724173248 -0.228846565 -0.029321641 -0.076606855 0.970000505
1754516460445442048.000000 0.222182840 0.157446936 0.732902348 -0.228632420 -0.031303599 -0.075925149 0.970042646
1754516460512123648.000000 0.237527445 0.157295153 0.755073130 -0.227031499 -0.037001535 -0.073918819 0.970372915
1754516460545464576.000000 0.246487290 0.158714041 0.763973951 -0.226016805 -0.039789297 -0.073359780 0.970541954
1754516460578806016.000000 0.256210029 0.158237129 0.772147119 -0.225900069 -0.042472173 -0.073181488 0.970468879
1754516460645488384.000000 0.272016466 0.160642222 0.789365768 -0.227134854 -0.049018461 -0.074094728 0.969802558
1754516460678829568.000000 0.278024495 0.162713423 0.799701333 -0.229260162 -0.053330224 -0.075437196 0.968971133
1754516460712170752.000000 0.284327775 0.165094823 0.810059011 -0.231520325 -0.058396462 -0.076744005 0.968038559
1754516460778853120.000000 0.292288482 0.167955905 0.827862084 -0.235479400 -0.069814928 -0.080629744 0.966009438
1754516460812194560.000000 0.298905820 0.172827899 0.841825366 -0.237060755 -0.076157667 -0.081484340 0.965071261
1754516460878876928.000000 0.306934386 0.176543683 0.858240724 -0.240565136 -0.089983404 -0.083324656 0.962854326
1754516460945558272.000000 0.310439199 0.181926876 0.876130700 -0.246766642 -0.106221184 -0.085981712 0.959390640
1754516461012240896.000000 0.311050177 0.187388718 0.894361138 -0.253336191 -0.126692906 -0.088331401 0.954969764
1754516461045582080.000000 0.310895056 0.189817905 0.902805626 -0.255719036 -0.137713492 -0.088742748 0.952768385
1754516461112264448.000000 0.308019608 0.194562942 0.920629501 -0.259140223 -0.158076823 -0.089247487 0.948626935
1754516461178947072.000000 0.300960600 0.200182498 0.936168909 -0.261395544 -0.175664738 -0.090958446 0.944743812
1754516461245629184.000000 0.294633627 0.206386179 0.949883461 -0.262472421 -0.192870259 -0.092221029 0.940959454
1754516461278970368.000000 0.290695816 0.210131705 0.956917644 -0.262838304 -0.201498196 -0.093484148 0.938922346
1754516461345652736.000000 0.278943539 0.215435684 0.970855713 -0.259997278 -0.220246822 -0.097387537 0.935098112
1754516461412334080.000000 0.266761035 0.219276890 0.986057401 -0.256884128 -0.236523643 -0.100190878 0.931680679
1754516461479016448.000000 0.250435650 0.226751193 1.003501296 -0.259190768 -0.250457823 -0.106530428 0.926683545
1754516461545699584.000000 0.236908942 0.236326903 1.018679738 -0.266132265 -0.264972597 -0.110970438 0.920135260
1754516461612382976.000000 0.223474085 0.240416676 1.030113935 -0.263692170 -0.281897873 -0.114088021 0.915414691
1754516461645724416.000000 0.218122095 0.241778374 1.034903765 -0.263595045 -0.290714413 -0.115528502 0.912499845
1754516461712407808.000000 0.207166225 0.247094959 1.043456197 -0.267025113 -0.309509128 -0.119073756 0.904833257
1754516461779090944.000000 0.198030144 0.251414001 1.051049113 -0.268714815 -0.328885555 -0.120512351 0.897275627
1754516461812431360.000000 0.194305688 0.252648860 1.054764628 -0.269329906 -0.338577271 -0.121332370 0.893367410
1754516461879114752.000000 0.185149252 0.254741579 1.062527537 -0.268647790 -0.357550949 -0.122476690 0.885993898
1754516461912456192.000000 0.182834461 0.255194247 1.065379620 -0.268407762 -0.366456181 -0.122423179 0.882428348
1754516461979139584.000000 0.180810601 0.256661743 1.071837664 -0.267005682 -0.382626623 -0.121435307 0.876104116
1754516462045822976.000000 0.180057198 0.257268161 1.078869820 -0.265080929 -0.397628009 -0.121294029 0.870006859
1754516462112506112.000000 0.182332873 0.258308738 1.087148190 -0.262834847 -0.411826879 -0.121686131 0.864007533
1754516462145847552.000000 0.184957743 0.259105593 1.091578126 -0.262017578 -0.418155015 -0.121902995 0.861181140
1754516462212531200.000000 0.190941691 0.261156410 1.102519870 -0.261295587 -0.430417925 -0.121879630 0.855342329
1754516462245872384.000000 0.191543609 0.261695474 1.109426856 -0.260797232 -0.436065465 -0.122583486 0.852528632
1754516462279213312.000000 0.201916248 0.263997257 1.112717390 -0.259768724 -0.442389190 -0.121270142 0.849767983
1754516462345896448.000000 0.213564903 0.262550414 1.126739025 -0.256836832 -0.455251396 -0.118191801 0.844281793
1754516462379238400.000000 0.220748901 0.262066633 1.133550644 -0.254829854 -0.461701453 -0.116371751 0.841636002
1754516462445921536.000000 0.233004630 0.261498451 1.147593260 -0.251028240 -0.473251313 -0.114615716 0.836589098
1754516462479262976.000000 0.239785492 0.261240512 1.154375553 -0.249140143 -0.479713976 -0.114672385 0.833459079
1754516462512604416.000000 0.246291161 0.261457205 1.160638809 -0.247367606 -0.486217231 -0.114075027 0.830294490
1754516462545945856.000000 0.253374398 0.261730492 1.167256951 -0.245697245 -0.492966056 -0.113379896 0.826899290
1754516462612628480.000000 0.267755985 0.259889126 1.180155039 -0.242528006 -0.506236613 -0.112563156 0.819898903
1754516462645969664.000000 0.273262858 0.263201475 1.186763883 -0.241216689 -0.512521207 -0.112942427 0.816321433
1754516462679311104.000000 0.280050695 0.264209926 1.192458630 -0.240319952 -0.518481076 -0.113548785 0.812730253
1754516462712651264.000000 0.286604583 0.265658796 1.198666096 -0.239891589 -0.524577141 -0.114032216 0.808868110
1754516462779334144.000000 0.299630284 0.267696649 1.209951162 -0.238754049 -0.537676275 -0.114020132 0.800562441
1754516462812675328.000000 0.306129396 0.268244326 1.215693355 -0.238025233 -0.544715643 -0.114078753 0.795999348
1754516462846016768.000000 0.312392473 0.268792897 1.220641255 -0.237679705 -0.552090645 -0.114662252 0.790921509
1754516462912698880.000000 0.324942768 0.268353462 1.229470611 -0.238485098 -0.566688895 -0.115792654 0.780115783
1754516462946040320.000000 0.334001362 0.269317687 1.233491421 -0.238325179 -0.573778987 -0.114950351 0.775090456
1754516462979381504.000000 0.341449261 0.268538743 1.236833215 -0.238216206 -0.580481589 -0.113765724 0.770293176
1754516463012722944.000000 0.348396659 0.266679674 1.240349531 0.238069102 0.587201357 0.111722276 -0.765529871
1754516463046064128.000000 0.355802119 0.264764786 1.243572593 0.237024620 0.593710423 0.108575329 -0.761274397
1754516463112746752.000000 0.371061981 0.260826170 1.249029160 0.235722169 0.604950488 0.101968646 -0.753705800
1754516463146087168.000000 0.378022969 0.259509116 1.251068354 0.235496685 0.610250771 0.099292085 -0.749850988
1754516463212769536.000000 0.390733838 0.256187648 1.252371907 0.234874398 0.620154083 0.093915224 -0.742578506
1754516463246110976.000000 0.398645163 0.254201174 1.252768517 0.234077692 0.625286818 0.091191806 -0.738855958
1754516463312793600.000000 0.413865089 0.250315368 1.250536442 0.231968090 0.635029674 0.086774446 -0.731709182
1754516463379475712.000000 0.427680016 0.246961609 1.244594812 0.230180129 0.644048750 0.083655268 -0.724720716
1754516463412817152.000000 0.434176564 0.245124072 1.240264416 0.229054749 0.648423851 0.082522057 -0.721297920
1754516463479499776.000000 0.462512851 0.242507368 1.230073452 -0.225835860 -0.659349978 -0.079205215 0.712728798
1754516463512842240.000000 0.467749596 0.238903597 1.224527597 -0.224543154 -0.663641155 -0.079175666 0.709148765
1754516463579528448.000000 0.478336453 0.234112293 1.211669683 -0.222412288 -0.673061728 -0.080946304 0.700691402
1754516463612870912.000000 0.483211756 0.231826454 1.204149604 -0.221000388 -0.678693116 -0.082896747 0.695458651
1754516463679557120.000000 0.494247556 0.228215873 1.189725518 -0.218608201 -0.690588713 -0.087168857 0.683885515
1754516463712900352.000000 0.498563290 0.226108015 1.182918310 -0.218207076 -0.696101665 -0.090170361 0.678009987
1754516463779587072.000000 0.508074760 0.224919438 1.170808077 0.217383742 0.707634985 0.095535986 -0.665484726
1754516463846273536.000000 0.517431140 0.221958965 1.159805298 0.216211885 0.718827009 0.099348322 -0.653199971
1754516463912960000.000000 0.529014468 0.220260218 1.150359869 0.214522630 0.728187501 0.100279778 -0.643169582
1754516463979646464.000000 0.545398831 0.220365390 1.143684149 -0.211241558 -0.736000955 -0.099054389 0.635506034
1754516464012989952.000000 0.550812244 0.218149528 1.141907930 -0.209741175 -0.739692450 -0.098901041 0.631729662
1754516464079675392.000000 0.561961532 0.214662135 1.139888167 -0.207606018 -0.746858358 -0.096286230 0.624364734
1754516464146362368.000000 0.572304606 0.212056950 1.140699148 -0.206278160 -0.753910959 -0.092126004 0.616912067
1754516464213049088.000000 0.582204223 0.209433109 1.142812967 -0.203529090 -0.760825872 -0.087938920 0.609907150
1754516464279735808.000000 0.590662837 0.209111795 1.143988490 0.199662343 0.768456936 0.083484188 -0.602195442
1754516464346422784.000000 0.598531365 0.206950039 1.146614432 0.195967942 0.776341081 0.079684965 -0.593751967
1754516464413109248.000000 0.604121566 0.203839302 1.150365353 0.193016484 0.782027245 0.075772353 -0.587738514
1754516464479795456.000000 0.606815934 0.203094453 1.147126913 -0.191297874 -0.783017337 -0.075656101 0.586996734
1754516464513137408.000000 0.606992006 0.203098893 1.147465587 -0.191134110 -0.783335865 -0.076353475 0.586534560
1754516464579820032.000000 0.607471228 0.203564823 1.150016785 -0.191252261 -0.783466816 -0.076852627 0.586255968
1754516464646502656.000000 0.607540250 0.203888506 1.151908159 -0.191588134 -0.782976985 -0.077639885 0.586696804
1754516464713185536.000000 0.607139111 0.203948289 1.155024290 -0.192862928 -0.782713115 -0.077061430 0.586707413
1754516464779868160.000000 0.609422088 0.202734813 1.162137628 0.194120973 0.781891108 0.072828285 -0.587928057
1754516464846551040.000000 0.612851858 0.202025145 1.169036269 0.195042133 0.780138433 0.066517696 -0.590692818
1754516464913233664.000000 0.617350101 0.200634271 1.176905513 0.195606932 0.778595209 0.058767356 -0.593358278
1754516464979915520.000000 0.621074080 0.198419496 1.184378028 -0.194343746 -0.777041852 -0.048038185 0.596765399
1754516465046598144.000000 0.628467441 0.196480930 1.191638470 -0.191220760 -0.775681019 -0.035886444 0.600388110
1754516465079939328.000000 0.631944299 0.195080176 1.195135474 -0.189123154 -0.774889231 -0.030445848 0.602372229
1754516465146622464.000000 0.639036536 0.191746265 1.199823737 -0.183635175 -0.773543596 -0.020016484 0.606224298
1754516465213305088.000000 0.646508932 0.188753262 1.205473542 -0.176787615 -0.773350835 -0.007187448 0.608788192
1754516465279987712.000000 0.652822971 0.182463676 1.213394642 0.169161186 0.773969829 -0.006140376 -0.610178351
1754516465346670592.000000 0.658470869 0.181424290 1.219195366 0.159966022 0.776128709 -0.017510919 -0.609695435
1754516465380011008.000000 0.660345435 0.181408256 1.222526312 0.156469822 0.777920306 -0.020733580 -0.608216584
1754516465446693888.000000 0.659210324 0.183456391 1.228340268 0.154255912 0.781938672 -0.019515095 -0.603652477
1754516465513376768.000000 0.651798964 0.182952926 1.234863162 -0.158418283 -0.785318077 0.012918686 0.598341405
1754516465580059648.000000 0.642793179 0.186312869 1.241617203 -0.167030528 -0.787442446 0.004535092 0.593308151
1754516465613401344.000000 0.637480974 0.188821033 1.245047331 -0.173965394 -0.788344622 -0.002274978 0.590121746
1754516465680084224.000000 0.627313137 0.194154769 1.252056241 -0.185571596 -0.790130079 -0.011670788 0.584056079
1754516465746767360.000000 0.620898366 0.197800010 1.259085774 -0.191260546 -0.790680349 -0.017371366 0.581328094
1754516465780109056.000000 0.621022820 0.201691851 1.262387991 0.191040918 0.791153073 0.018178789 -0.580732226
1754516465846790912.000000 0.620577455 0.202878326 1.269500494 0.190510958 0.791508019 0.015443705 -0.580501676
1754516465913474048.000000 0.622752309 0.203056276 1.276223302 0.189656138 0.789953828 0.008622129 -0.583034515
1754516465980157184.000000 0.626504540 0.204176918 1.282514095 0.191761672 0.786995173 0.000840586 -0.586400390
1754516466046840320.000000 0.626693964 0.203240275 1.286960244 -0.194544300 -0.784965813 0.000083383 0.588201642
1754516466080181760.000000 0.628108382 0.201958537 1.285962462 -0.194513515 -0.783831358 0.000143268 0.589722812
1754516466146864896.000000 0.635328770 0.197603136 1.285157323 -0.191888705 -0.781420290 0.006796965 0.593729734
1754516466213548288.000000 0.643405914 0.192761958 1.281255841 -0.188570365 -0.779646099 0.010298742 0.597065449
1754516466280230400.000000 0.649052620 0.190589145 1.274696469 -0.188469559 -0.779027462 0.007300714 0.597948372
1754516466346913024.000000 0.653033257 0.188668296 1.269240260 0.189443007 0.779407978 -0.004189638 -0.597174287
1754516466413596160.000000 0.659487128 0.186097711 1.264553428 0.186638981 0.780532241 -0.006708438 -0.596565425
1754516466446937856.000000 0.663622379 0.184536219 1.262930989 0.184665844 0.780824661 -0.010030005 -0.596750319
1754516466546963200.000000 0.675232291 0.180268839 1.256543875 -0.180060908 -0.780091703 0.013377594 0.599045992
1754516466613647104.000000 0.678205729 0.179360285 1.251776338 -0.179536492 -0.779855728 0.010437826 0.599568784
1754516466646989312.000000 0.679434538 0.178784758 1.250912786 -0.179831609 -0.780152619 0.009575714 0.599108458
1754516466713672192.000000 0.681863070 0.177733749 1.248303652 -0.179165170 -0.780530989 0.008830128 0.598826647
1754516466780356096.000000 0.683587432 0.176340804 1.246877074 -0.178228706 -0.780797720 0.008358743 0.598765135
1754516466847040256.000000 0.685450792 0.175146177 1.244388819 -0.175619453 -0.781084657 0.008141558 0.599164665
1754516466913724416.000000 0.684847116 0.175919056 1.239560485 0.174543202 0.781306803 -0.005335611 -0.599221170
1754516466980408320.000000 0.683821321 0.175365299 1.238177538 0.173655614 0.782546580 -0.002918718 -0.597876310
1754516467047092480.000000 0.683085442 0.173280835 1.235016346 -0.172704428 -0.783088565 0.001984599 0.597445846
1754516467113776640.000000 0.683323622 0.172705546 1.233711720 -0.171825290 -0.782799184 0.002481165 0.598076463
1754516467147117568.000000 0.683197141 0.172624230 1.232900143 -0.171991527 -0.782404482 0.002297613 0.598545730
1754516467213801984.000000 0.681969166 0.171936661 1.230840564 -0.172759563 -0.781371713 0.001357805 0.599675298
1754516467280486144.000000 0.680776596 0.172640353 1.227443814 -0.173469320 -0.779442072 -0.000365935 0.601978779
1754516467347170048.000000 0.679970860 0.173022613 1.224188685 0.174455613 0.776806474 0.002375658 -0.605087936
1754516467413854720.000000 0.680278897 0.171641991 1.221738458 0.174585178 0.773889422 0.002314157 -0.608777404
1754516467480538880.000000 0.682340264 0.170726538 1.220494986 0.173779771 0.769988537 -0.002324429 -0.613932371
1754516467547221760.000000 0.683511734 0.171864212 1.219614983 -0.172869340 -0.765532076 0.007595206 0.619692683
1754516467580563200.000000 0.684535503 0.172657490 1.219901323 -0.172296524 -0.763473690 0.010673785 0.622340739
1754516467647245056.000000 0.684545875 0.172583103 1.221442819 -0.170236871 -0.762007356 0.013726735 0.624640524
1754516467713927680.000000 0.682668686 0.173649698 1.225921631 -0.167454243 -0.764131606 0.015741672 0.622747242
1754516467780610304.000000 0.678737521 0.176770240 1.233307242 -0.167954400 -0.767938375 0.015593113 0.617915034
1754516467847293184.000000 0.672350407 0.180597931 1.244113207 0.167608976 0.773590624 -0.013603292 -0.610966325
1754516467913975808.000000 0.665107012 0.187056050 1.258313179 0.169468910 0.778915226 -0.009558883 -0.603721738
1754516467980658688.000000 0.656422615 0.193000346 1.275448680 0.171419159 0.783427358 -0.005414524 -0.597350597
1754516468047340288.000000 0.649091125 0.199015751 1.294437170 -0.171084926 -0.787486017 0.002231079 0.592107177
1754516468080681472.000000 0.645076394 0.201655075 1.303869724 -0.171162531 -0.789521337 0.000271479 0.589372098
1754516468147364608.000000 0.637324572 0.208671749 1.321468949 -0.169755578 -0.793776810 -0.003038379 0.584031045
1754516468214047232.000000 0.629549980 0.216693714 1.339738011 -0.168218911 -0.799251080 -0.006813531 0.576934814
1754516468247388672.000000 0.625501871 0.220428348 1.348867178 -0.167853341 -0.802443266 -0.009557303 0.572554648
1754516468314071296.000000 0.618019700 0.227086425 1.365936279 -0.168429315 -0.808010638 -0.014246310 0.564400196
1754516468380753920.000000 0.612034559 0.233484238 1.384479403 0.170917973 0.813015580 0.016771408 -0.556337535
1754516468447436800.000000 0.609954238 0.237484634 1.400962591 0.174573883 0.816188514 0.017781056 -0.550494552
1754516468480776960.000000 0.610557079 0.239316478 1.408641100 0.175470665 0.817459166 0.016883289 -0.548348010
1754516468547459328.000000 0.613620758 0.240979433 1.424834967 -0.179294899 -0.819124937 -0.016467717 0.544625103
1754516468580800768.000000 0.616376519 0.242633998 1.430696726 -0.180170253 -0.819662690 -0.015669005 0.543549776
1754516468647483136.000000 0.622038841 0.245329559 1.441071391 -0.181960091 -0.820930421 -0.015436675 0.541041076
1754516468714165504.000000 0.629346013 0.247304410 1.448248744 -0.182834238 -0.821774483 -0.016147438 0.539442062
1754516468780848128.000000 0.638227940 0.248128980 1.453480721 -0.184035257 -0.822075427 -0.017475154 0.538532853
1754516468847530496.000000 0.647406578 0.247146457 1.459669352 0.185479924 0.821472406 0.019783717 -0.538877547
1754516468914212864.000000 0.656674147 0.246584237 1.461589336 0.184972927 0.820772290 0.024347588 -0.539930761
1754516468947553024.000000 0.660898924 0.246098027 1.461276412 0.185198188 0.820733309 0.027897252 -0.539740920
1754516469014235392.000000 0.669300675 0.246002272 1.460969567 0.184958488 0.820801914 0.033821166 -0.539379895
1754516469080918016.000000 0.676719666 0.247866780 1.464194179 -0.186017513 -0.820855379 -0.039389953 0.538555801
1754516469147600384.000000 0.682326794 0.248789996 1.466568470 -0.188257113 -0.821155548 -0.046487428 0.536751151
1754516469214282752.000000 0.688936710 0.249994740 1.468273163 -0.186834782 -0.822889030 -0.051371265 0.534141660
1754516469247623936.000000 0.692423105 0.250511557 1.470281124 -0.185226202 -0.824914277 -0.052687414 0.531443119
1754516469314306560.000000 0.699586391 0.251390219 1.476531625 -0.183843687 -0.829009175 -0.053301461 0.525456250
1754516469380987904.000000 0.705562472 0.251908213 1.486220717 0.182891205 0.832186878 0.048775300 -0.521187961
1754516469447670272.000000 0.711417079 0.251209646 1.500927687 0.181353793 0.834950089 0.040601842 -0.517996788
1754516469514352640.000000 0.716516852 0.252531350 1.516588211 0.179546267 0.837749481 0.033641089 -0.514594316
1754516469581034496.000000 0.718314052 0.252350092 1.536482096 -0.177361324 -0.841949284 -0.026877595 0.508863389
1754516469614375424.000000 0.718905091 0.254346699 1.546054840 -0.175904810 -0.844106138 -0.024122957 0.505925357
1754516469681057280.000000 0.718812823 0.257896334 1.563145995 -0.172802508 -0.848158300 -0.020432310 0.500349283
1754516469747739136.000000 0.715380073 0.261802375 1.582208395 -0.170914933 -0.851891398 -0.017388083 0.494739175
1754516469814419968.000000 0.711288810 0.266948611 1.599503398 -0.169698700 -0.854663134 -0.017019657 0.490370929
1754516469847760640.000000 0.708602905 0.267385036 1.608633518 0.168938935 0.856206059 0.017866049 -0.487905383
1754516469914442496.000000 0.702699065 0.273705274 1.623294830 0.167202070 0.859617472 0.019419424 -0.482414991
1754516469981124096.000000 0.697633147 0.279422432 1.637143016 0.165197536 0.863298714 0.020862693 -0.476434588
1754516470014465024.000000 0.696157932 0.281590164 1.643605232 0.164055213 0.865000427 0.021199562 -0.473720193
1754516470081146880.000000 0.692991853 0.284341365 1.655092120 -0.163065881 -0.867688835 -0.021419374 0.469112843
1754516470147828480.000000 0.690791488 0.287797123 1.664028406 -0.163806245 -0.868978858 -0.022642136 0.466401845
1754516470214510336.000000 0.689893007 0.290407658 1.670657754 -0.165124536 -0.869127572 -0.024076074 0.465587348
1754516470281191168.000000 0.690168858 0.291355193 1.675828934 -0.166882396 -0.868116736 -0.024060559 0.466845602
1754516470347872768.000000 0.691570878 0.291545004 1.678754330 -0.168335453 -0.867265463 -0.023463398 0.467935264
1754516470381213696.000000 0.690444231 0.291173249 1.679743767 0.169583306 0.866945446 0.023103813 -0.468095511
1754516470447895296.000000 0.692952633 0.289374828 1.679226398 0.171027154 0.865933776 0.021135392 -0.469533563
1754516470514577408.000000 0.696122050 0.288109630 1.677224159 0.171504870 0.865026653 0.019749748 -0.471089125
1754516470581260544.000000 0.697026968 0.286301166 1.675104141 -0.171246767 -0.864723206 -0.018837061 0.471777052
1754516470647943424.000000 0.698602200 0.286296278 1.670853257 -0.170474648 -0.864618719 -0.019285820 0.472229809
1754516470681285120.000000 0.698197961 0.285684407 1.669668317 -0.170703918 -0.864927292 -0.019755118 0.471562177
1754516470747966976.000000 0.697758555 0.285735160 1.666584969 -0.170529723 -0.865601599 -0.021638600 0.470303535
1754516470814650112.000000 0.697236538 0.284849465 1.665185094 -0.169109508 -0.866249084 -0.021762881 0.469617963
1754516470847991808.000000 0.697082281 0.284315109 1.664894819 -0.168769762 -0.866358697 -0.021889364 0.469531983
1754516470914674688.000000 0.696209669 0.284980774 1.662948847 0.168036312 0.866753280 0.022684144 -0.469028741
1754516470981357568.000000 0.693877816 0.285512030 1.662666559 0.167075500 0.867640555 0.023695264 -0.467679709
1754516471048040960.000000 0.692005873 0.286496967 1.662698984 0.164973229 0.868754983 0.024851572 -0.466295123
1754516471081382400.000000 0.689397573 0.284610689 1.664742947 -0.164152697 -0.869906604 -0.025755223 0.464384735
1754516471148064256.000000 0.687230468 0.285061449 1.664471388 -0.161151141 -0.872271538 -0.026430789 0.460949272
1754516471214747392.000000 0.685177445 0.286582887 1.664566994 -0.158121392 -0.874695361 -0.028370675 0.457275420
1754516471281430528.000000 0.682695746 0.287686020 1.664413095 -0.156145230 -0.876740754 -0.030016975 0.453920007
1754516471348113408.000000 0.680940151 0.288316578 1.663277745 -0.155812606 -0.877415776 -0.032435726 0.452561587
1754516471381454848.000000 0.680798173 0.288631171 1.661618233 -0.155613914 -0.877210438 -0.033230837 0.452970207
1754516471448137984.000000 0.681763411 0.287213117 1.656275988 0.154343829 0.876093745 0.034052514 -0.455497861
1754516471514821120.000000 0.682757735 0.284824193 1.651205540 0.152935103 0.874730170 0.033790670 -0.458602518
1754516471581504000.000000 0.683409214 0.282045662 1.645974398 -0.152239412 -0.872588754 -0.033124190 0.462941617
1754516471648186112.000000 0.685424805 0.279076755 1.636841536 -0.151949883 -0.869976819 -0.033308655 0.467912644
1754516471681527808.000000 0.686406732 0.276858002 1.631016016 -0.152404502 -0.868597865 -0.033408727 0.470313251
1754516471748210944.000000 0.688500285 0.274097323 1.618107677 -0.153725117 -0.865481138 -0.033641115 0.475583196
1754516471814894080.000000 0.691647530 0.270147562 1.603153944 -0.155467227 -0.861934245 -0.033628862 0.481423467
1754516471881577216.000000 0.695339084 0.264190614 1.589066744 0.156638578 0.858173192 0.031290293 -0.487877131
1754516471948260352.000000 0.700062633 0.256803393 1.574239373 0.156275809 0.854141474 0.028542638 -0.495182425
1754516472014943488.000000 0.708215237 0.252125919 1.555406094 0.155665323 0.849760830 0.025930567 -0.502993643
1754516472048284160.000000 0.710303068 0.249627709 1.546178937 0.155626252 0.847725213 0.024793461 -0.506485820
1754516472114967040.000000 0.718863606 0.248062089 1.527732849 -0.155636281 -0.842986882 -0.020731406 0.514510214
1754516472148308736.000000 0.721508622 0.246448740 1.519043922 -0.156291485 -0.840471208 -0.019481108 0.518460929
1754516472214992128.000000 0.726337075 0.242331132 1.500623941 -0.159139946 -0.834429204 -0.018587897 0.527311146
1754516472281675008.000000 0.730583310 0.237823501 1.481649399 -0.162478819 -0.827948153 -0.019229120 0.536407351
1754516472348358144.000000 0.732279897 0.234402835 1.463654518 -0.165701568 -0.821967483 -0.021596720 0.544468641
1754516472415041280.000000 0.732219338 0.232400507 1.445532918 -0.168617219 -0.816428840 -0.026354343 0.551650047
1754516472481723392.000000 0.730928540 0.233251840 1.427919149 0.170317829 0.811929941 0.032205332 -0.557426751
1754516472548405248.000000 0.728100419 0.230546519 1.411879539 0.169701979 0.809396565 0.036933064 -0.560994089
1754516472581746176.000000 0.727037430 0.229154333 1.404479980 0.169249550 0.808650732 0.037857596 -0.562143683
1754516472648427776.000000 0.720720530 0.225703642 1.391008139 -0.169952825 -0.806763709 -0.039732113 0.564508379
1754516472715109120.000000 0.712467074 0.225657314 1.379564047 -0.171653956 -0.804041445 -0.042272430 0.567684233
1754516472781790720.000000 0.701961398 0.227208152 1.367507815 -0.173500463 -0.802315712 -0.044433799 0.569396913
1754516472848472320.000000 0.690329552 0.228890151 1.356744766 -0.174790770 -0.801952302 -0.044850256 0.569481552
1754516472881813248.000000 0.683484197 0.229475826 1.352534294 -0.176645502 -0.801740348 -0.044419691 0.569241405
1754516472948493824.000000 0.667558670 0.229861096 1.346248746 -0.181659117 -0.800857186 -0.040503550 0.569198787
1754516473015175168.000000 0.651911497 0.233820364 1.337001801 0.186209261 0.799874187 0.038721714 -0.569234669
1754516473048515840.000000 0.643834591 0.233999625 1.334623218 0.188795283 0.800171614 0.038197845 -0.567999005
1754516473115197184.000000 0.627331853 0.233537152 1.327343822 0.191999882 0.799765289 0.035410348 -0.567677557
1754516473181878784.000000 0.612898946 0.231541306 1.318027854 -0.191358626 -0.798304081 -0.033077229 0.570086420
1754516473215219456.000000 0.606872082 0.230985537 1.312969208 -0.189528778 -0.798177660 -0.031031286 0.570989013
1754516473281900800.000000 0.595185995 0.231218114 1.303654194 -0.185798600 -0.800051689 -0.029961666 0.569647789
1754516473348582144.000000 0.581777453 0.232440233 1.294851542 -0.185730636 -0.803056598 -0.031940121 0.565317750
1754516473415262720.000000 0.567997575 0.232074708 1.285999775 -0.186914861 -0.803825736 -0.035566472 0.563615203
1754516473448603648.000000 0.561878443 0.230700552 1.282303691 -0.186445877 -0.803817391 -0.037268065 0.563672543
1754516473515284992.000000 0.551926255 0.228553727 1.274669290 -0.185084194 -0.803632498 -0.038007453 0.564335167
1754516473581966592.000000 0.543830276 0.227175847 1.269009829 0.185441747 0.803803504 0.037262551 -0.564023912
1754516473615307264.000000 0.540186167 0.227555886 1.265311599 0.186067343 0.803209245 0.037373509 -0.564656675
1754516473681988864.000000 0.535577774 0.229168624 1.256336093 -0.187219158 -0.800073922 -0.039152339 0.568592787
1754516473748670720.000000 0.533903480 0.227731943 1.249254465 -0.187670946 -0.796968400 -0.040973518 0.572662413
1754516473815351296.000000 0.534320235 0.224653989 1.242631078 -0.186882302 -0.793681204 -0.039074544 0.577597022
1754516473882032896.000000 0.534960032 0.221725613 1.235648036 -0.186759397 -0.789798737 -0.038178518 0.582993388
1754516473948714496.000000 0.534517407 0.218635380 1.227683544 -0.187136099 -0.786479473 -0.037300766 0.587400019
1754516473982055424.000000 0.534220576 0.217171043 1.223971963 -0.187425435 -0.785433292 -0.037252706 0.588709176
1754516474048737024.000000 0.533768654 0.215416014 1.218101025 0.188166738 0.783595443 0.036700860 -0.590952218
1754516474115418624.000000 0.533303976 0.213746965 1.212256789 0.188551098 0.782090843 0.037695549 -0.592757583
1754516474182099968.000000 0.531350017 0.211794928 1.204560161 -0.188349903 -0.781496227 -0.039945282 0.593457997
1754516474215440896.000000 0.530822396 0.210659742 1.201886296 -0.188244388 -0.781867385 -0.040816750 0.592943132
1754516474282121472.000000 0.530103445 0.208886549 1.195959210 -0.186884850 -0.782879472 -0.041905284 0.591961026
1754516474348803072.000000 0.529610395 0.206785530 1.190922379 -0.186148837 -0.782899261 -0.042533740 0.592121899
1754516474415484416.000000 0.528632641 0.205527127 1.187813044 -0.185757086 -0.782780349 -0.043272644 0.592348576
1754516474482165760.000000 0.527724266 0.204815492 1.185774326 -0.185634077 -0.782374442 -0.043849610 0.592880666
1754516474548847616.000000 0.527100444 0.204822540 1.185939431 0.185535297 0.781695426 0.042843781 -0.593879998
1754516474615529216.000000 0.526341319 0.204443470 1.187606573 0.185579479 0.779361844 0.041217074 -0.597039878
1754516474682211072.000000 0.527490497 0.205465689 1.187891483 -0.185071096 -0.774971247 -0.039031297 0.603029728
1754516474715551232.000000 0.527700186 0.206337303 1.188798070 -0.184891626 -0.772484422 -0.038330156 0.606311560
1754516474782233088.000000 0.526075959 0.208273306 1.191944122 -0.184560224 -0.767310977 -0.038278397 0.612948716
1754516474848914688.000000 0.524199486 0.210468784 1.194622397 -0.184200764 -0.762187958 -0.039872438 0.619314075
1754516474915596544.000000 0.521021128 0.212401003 1.196303129 -0.184245154 -0.757398844 -0.043632656 0.624897540
1754516474982278144.000000 0.517494202 0.213717863 1.199484348 -0.183781117 -0.752450109 -0.047002438 0.630741000
1754516475015618816.000000 0.515995502 0.214515656 1.201591015 -0.183797389 -0.750161707 -0.048725117 0.633326113
1754516475115641344.000000 0.509240389 0.215586647 1.208132029 0.184871107 0.740980566 0.052957494 -0.643401980
1754516475148980992.000000 0.505989432 0.215852708 1.209292173 0.185582966 0.736936033 0.054880455 -0.647666931
1754516475215662848.000000 0.499445319 0.216707915 1.210583925 -0.187927425 -0.727080822 -0.059079051 0.657682657
1754516475282344704.000000 0.493080258 0.218573049 1.212204933 -0.191111758 -0.713835478 -0.060727552 0.670989990
1754516475349026304.000000 0.486016750 0.219633490 1.212702394 -0.195185438 -0.699768305 -0.061484247 0.684431612
1754516475415707904.000000 0.478788137 0.220567480 1.211169362 -0.199949473 -0.685478330 -0.061709844 0.697374761
1754516475449048576.000000 0.475095391 0.221069515 1.210279346 -0.202483311 -0.677885592 -0.062543184 0.703960240
1754516475515730688.000000 0.467064738 0.221022800 1.206928372 -0.206864238 -0.661856234 -0.062774092 0.717783451
1754516475582413824.000000 0.460172176 0.220915467 1.202213287 -0.210886061 -0.645104349 -0.061808456 0.731810927
1754516475615754240.000000 0.456226349 0.220054924 1.199796081 0.212542325 0.636588097 0.061662890 -0.738768697
1754516475682437632.000000 0.450301349 0.219208330 1.193343878 -0.213862032 -0.618633986 -0.060416680 0.753594697
1754516475715779328.000000 0.446418464 0.217810094 1.188798189 -0.214471638 -0.609127343 -0.059969012 0.761163354
1754516475782462464.000000 0.439355731 0.217298448 1.179958224 -0.215582654 -0.590556562 -0.059238739 0.775408268
1754516475849145600.000000 0.430609703 0.216827542 1.170694709 -0.217789114 -0.571554661 -0.060830209 0.788792133
1754516475915828992.000000 0.422006726 0.216852233 1.161406279 -0.220393866 -0.553242385 -0.062095273 0.800933003
1754516475949170432.000000 0.417444766 0.216786876 1.156472802 -0.221080482 -0.543567836 -0.063119225 0.807262957
1754516476015853568.000000 0.409413457 0.217235684 1.145877957 -0.221889660 -0.523188233 -0.064858481 0.820263684
1754516476049194240.000000 0.405011773 0.216149986 1.143339038 -0.222726360 -0.513695478 -0.066711910 0.825868964
1754516476115877376.000000 0.398218274 0.220438853 1.134232998 -0.222487777 -0.494040579 -0.068014607 0.837733328
1754516476149219072.000000 0.394147277 0.220956147 1.130059123 -0.223102272 -0.483704060 -0.069289781 0.843477726
1754516476215902208.000000 0.387121141 0.221838713 1.123145103 -0.224673718 -0.462063223 -0.072289519 0.854864657
1754516476249243904.000000 0.384519249 0.222540021 1.120332003 -0.225750849 -0.450901330 -0.073387183 0.860429525
1754516476315927296.000000 0.377879828 0.224501863 1.116292238 -0.228439957 -0.427763462 -0.075989328 0.871240079
1754516476382610432.000000 0.372304678 0.227340981 1.115255356 -0.230698988 -0.402635485 -0.078476407 0.882328868
1754516476415951872.000000 0.368619263 0.229504228 1.115509152 -0.231964499 -0.389668912 -0.080397382 0.887629986
1754516476482634240.000000 0.353472829 0.228620544 1.127343297 -0.236683995 -0.363948494 -0.085448042 0.896783590
1754516476515975168.000000 0.349450022 0.229638919 1.129368782 -0.238335058 -0.351424158 -0.087248221 0.901157737
1754516476582657024.000000 0.343378067 0.233204111 1.136364579 -0.241369426 -0.326784790 -0.089118518 0.909401178
1754516476615997952.000000 0.357111722 0.245961577 1.124989152 -0.239829496 -0.313875854 -0.085680597 0.914670825
1754516476682679552.000000 0.353947729 0.249314904 1.135387778 -0.244634479 -0.287490010 -0.085240699 0.922083318
1754516476749361152.000000 0.350905925 0.253776848 1.146884203 -0.248407230 -0.260832906 -0.084822409 0.929013014
1754516476782702080.000000 0.348980039 0.255817562 1.153765917 -0.250305593 -0.247927636 -0.085021652 0.932014167
1754516476849384192.000000 0.345753014 0.260757238 1.169117689 -0.254516095 -0.224157065 -0.084469944 0.936931193
1754516476916065792.000000 0.341744453 0.266126007 1.185990930 -0.259926140 -0.200574040 -0.082180068 0.940986097
1754516476949405440.000000 0.340281457 0.268268943 1.194390178 -0.262696594 -0.191513926 -0.081679218 0.942147315
1754516477016087040.000000 0.335313767 0.274293721 1.211238265 -0.268020719 -0.179182023 -0.078898430 0.943309963
1754516477082768896.000000 0.334569156 0.276780367 1.219030738 -0.267872542 -0.172585979 -0.075793162 0.944835365
1754516477116109568.000000 0.332996905 0.277861208 1.224617362 -0.266375124 -0.170052230 -0.075299568 0.945757151
1754516477182791168.000000 0.328241706 0.278983265 1.237295866 -0.263566107 -0.167495295 -0.074555166 0.947058558
1754516477249472512.000000 0.324461639 0.280201554 1.249604344 -0.261911154 -0.167664006 -0.072821900 0.947622478
1754516477316154368.000000 0.321579576 0.280213624 1.262227297 -0.258458078 -0.167984739 -0.071512394 0.948612988
1754516477382834944.000000 0.318388909 0.282228887 1.273370385 -0.254913181 -0.169256195 -0.071344957 0.949358523
1754516477416175872.000000 0.317657292 0.284230143 1.279392719 -0.253957599 -0.170406684 -0.071428932 0.949402511
1754516477482857216.000000 0.315252066 0.286704063 1.291696668 -0.253513932 -0.169563398 -0.070802532 0.949718952
1754516477549539072.000000 0.312513679 0.288589716 1.304046750 -0.254045576 -0.165455729 -0.070618667 0.950314820
1754516477616220672.000000 0.305249542 0.291986227 1.318259835 -0.255023211 -0.161439240 -0.070212178 0.950773835
1754516477649561344.000000 0.301794916 0.293239862 1.324012518 -0.255613238 -0.159051180 -0.069469117 0.951072395
1754516477716243200.000000 0.294949591 0.295948118 1.336450100 -0.256620735 -0.152675346 -0.068192676 0.951937973
1754516477782925056.000000 0.286123723 0.299929559 1.349782348 -0.258398145 -0.143753082 -0.067352772 0.952905655
1754516477816264960.000000 0.280551016 0.302386463 1.356277466 -0.259266496 -0.138960958 -0.067334279 0.953381836
1754516477882946560.000000 0.268629283 0.307025313 1.368844271 -0.260772526 -0.128627539 -0.067851439 0.954384089
1754516477949628160.000000 0.255906194 0.312394738 1.378237605 -0.260817587 -0.117295690 -0.068449549 0.955787957
1754516478016309760.000000 0.239622921 0.317970395 1.388809204 -0.260017306 -0.104383744 -0.069750153 0.957408011
1754516478049650688.000000 0.230314225 0.320704341 1.394086957 -0.258599132 -0.098006904 -0.070161931 0.958435476
1754516478116332288.000000 0.210247159 0.325702041 1.404722095 -0.254677355 -0.086045042 -0.070751198 0.960588336
1754516478183013888.000000 0.189051732 0.329428226 1.414049149 -0.250710458 -0.075891770 -0.071923576 0.962399006
1754516478249695232.000000 0.166223228 0.333402544 1.424204707 -0.249146610 -0.068321086 -0.074269541 0.963193774
1754516478316376064.000000 0.143254489 0.337486714 1.438675284 -0.249671385 -0.059829641 -0.074070923 0.963638008
1754516478349716992.000000 0.133925661 0.338939071 1.445952654 -0.250059038 -0.054379363 -0.073236942 0.963924170
1754516478416398336.000000 0.114599131 0.343512833 1.459503889 -0.250258237 -0.042186614 -0.071531907 0.964610994
1754516478483079936.000000 0.097678199 0.348678172 1.472567558 -0.249965414 -0.029573219 -0.069546983 0.965300977
1754516478516420608.000000 0.089505240 0.351091087 1.478512526 -0.250696987 -0.023706201 -0.070017792 0.965239167
1754516478583102464.000000 0.071462274 0.356963277 1.493026733 -0.251856148 -0.013687933 -0.073477149 0.964874268
1754516478616443648.000000 0.059945866 0.359302163 1.500399113 -0.252042532 -0.009980474 -0.075467698 0.964717448
1754516478683125504.000000 0.045170136 0.365501642 1.517867804 -0.250694305 -0.005539460 -0.078721352 0.964844406
1754516478749806336.000000 0.032487310 0.371534258 1.534634829 -0.249505222 -0.000675456 -0.079353653 0.965116441
1754516478783147264.000000 0.026982419 0.374750584 1.544331908 -0.248950541 0.001888610 -0.079502657 0.965245783
1754516478816488192.000000 0.021613475 0.378268778 1.554663301 -0.249003947 0.004270897 -0.079684988 0.965209365
1754516478883169792.000000 0.011710383 0.386668742 1.577766657 -0.250159740 0.008012163 -0.079347819 0.964914441
1754516478949851648.000000 0.001794085 0.397999644 1.603434205 -0.252853513 0.007973195 -0.080094084 0.964150667
1754516478983192832.000000 -0.001804061 0.402852267 1.616429210 -0.254058599 0.005889924 -0.079524852 0.963895917
1754516479049874432.000000 -0.008881986 0.411290288 1.643967390 -0.253677905 -0.000180861 -0.073731527 0.964474559
1754516479083215360.000000 -0.001257017 0.411757439 1.644463301 -0.251148701 -0.003962781 -0.066917926 0.965624571
1754516479183237120.000000 -0.003397752 0.421909511 1.688790560 -0.249239951 -0.011303348 -0.054394033 0.966846943
1754516479249918976.000000 -0.007822387 0.428392053 1.722569823 -0.249123678 -0.017429771 -0.048947755 0.967076957
1754516479283259904.000000 -0.011765253 0.431983739 1.740011334 -0.248418689 -0.020612421 -0.047885437 0.967248857
1754516479349941504.000000 -0.036181495 0.436678380 1.798623800 -0.248861805 -0.028106878 -0.052905090 0.966684520
1754516479383282432.000000 -0.041596822 0.439532876 1.814150333 -0.246422052 -0.032648139 -0.054026611 0.967104673
1754516479449964032.000000 -0.037626162 0.441727161 1.817266226 -0.241341352 -0.043293990 -0.051644541 0.968097568
1754516479516646400.000000 -0.064069726 0.452596396 1.872933507 -0.247194976 -0.052056361 -0.057563763 0.965852559
1754516479549988608.000000 -0.069919139 0.459089994 1.888992310 -0.248740837 -0.055904739 -0.058292996 0.965196729
1754516479616671232.000000 -0.078912690 0.465745926 1.917518139 -0.252131462 -0.064932652 -0.060303610 0.963626981
1754516479650013440.000000 -0.085714400 0.468352884 1.930842996 -0.252964497 -0.069146283 -0.061469883 0.963041663
1754516479716697344.000000 -0.098411031 0.477117538 1.957651973 -0.254731297 -0.078918971 -0.063876644 0.961667120
1754516479783381760.000000 -0.111310139 0.488207102 1.986402273 -0.257729053 -0.086549401 -0.065054111 0.960131764
1754516479850065664.000000 -0.125363246 0.497726500 2.016213894 -0.262286276 -0.090401918 -0.066541381 0.958439231
1754516479883407872.000000 -0.132161781 0.504340053 2.031109333 -0.264375836 -0.091308445 -0.067174844 0.957734704
1754516479950092032.000000 -0.147570685 0.517001271 2.058803558 -0.267884642 -0.091831714 -0.068492889 0.956615686
1754516480016776192.000000 -0.163863301 0.524396062 2.081334829 -0.268678933 -0.088534079 -0.070767187 0.956538200
1754516480083459328.000000 -0.181208313 0.534950137 2.108666658 -0.268159896 -0.079601511 -0.073392496 0.957270861
1754516480116801792.000000 -0.190990955 0.540455461 2.121916771 -0.268287599 -0.074756391 -0.076349758 0.957394421
1754516480183485952.000000 -0.212219059 0.551247776 2.150129318 -0.273366064 -0.064795665 -0.081415571 0.956265688
1754516480283512320.000000 -0.243546724 0.559089303 2.193691254 -0.275574744 -0.049323548 -0.084892176 0.956252635
1754516480316854784.000000 -0.253070652 0.560295999 2.206651211 -0.272933424 -0.045298904 -0.084985286 0.957200587
1754516480383539200.000000 -0.269631982 0.560557067 2.228814840 -0.264264584 -0.032584175 -0.081170797 0.960475802
1754516480450223616.000000 -0.282251060 0.563505173 2.248655319 -0.256645083 -0.010786840 -0.079947017 0.963133216
1754516480483564800.000000 -0.288148373 0.565707326 2.258800030 -0.252897471 0.001771041 -0.080401853 0.964144886
1754516480550247424.000000 -0.299707413 0.571084559 2.279277325 -0.247542009 0.027973378 -0.081382394 0.965047896
1754516480616929536.000000 -0.308130622 0.573054969 2.295818806 -0.246326029 0.055714820 -0.082840316 0.964031577
1754516480650270464.000000 -0.312114418 0.574079037 2.305382967 -0.245538861 0.069199257 -0.083679341 0.963286042
1754516480716952320.000000 -0.320224911 0.575391293 2.322150469 -0.242901400 0.092299610 -0.084530458 0.961942971
1754516480750293504.000000 -0.323337078 0.576464415 2.330513954 -0.242014214 0.102301575 -0.083626740 0.961233675
1754516480816975360.000000 -0.328867316 0.579881370 2.350113869 -0.241534069 0.120317705 -0.081278928 0.959467947
1754516480850316544.000000 -0.331516623 0.582534254 2.360491753 -0.241764277 0.127709612 -0.080326959 0.958534241
1754516480916998656.000000 -0.335610956 0.590496600 2.381821632 -0.242083728 0.137996823 -0.078921817 0.957143545
1754516480983679488.000000 -0.338505626 0.599110425 2.402395487 -0.243805096 0.144067377 -0.076382659 0.956017494
1754516481017020160.000000 -0.338892817 0.602996707 2.413275957 -0.243871987 0.146944419 -0.074188724 0.955735266
1754516481050361344.000000 -0.340392351 0.606630683 2.425503254 -0.243328229 0.150687546 -0.071581095 0.955489814
1754516481117043200.000000 -0.338308275 0.615660548 2.449419022 -0.240556791 0.158440575 -0.063870758 0.955483973
1754516481183725312.000000 -0.337685227 0.618903935 2.475552559 -0.242425397 0.164685130 -0.055776808 0.954461992
1754516481217065984.000000 -0.338641703 0.620366335 2.489097357 -0.242340788 0.166347727 -0.053232800 0.954340458
1754516481283748096.000000 -0.341247380 0.623305380 2.514692068 -0.241616935 0.168225423 -0.049184091 0.954412103
1754516481350429952.000000 -0.344946802 0.627840161 2.537404537 -0.239323884 0.165774778 -0.047264218 0.955515027
1754516481383770112.000000 -0.347590268 0.630275309 2.548445463 -0.239508539 0.164789751 -0.046301745 0.955686212
1754516481417111040.000000 -0.350309789 0.632859945 2.559424877 -0.240124270 0.164952651 -0.045212124 0.955555797
1754516481483792896.000000 -0.356027007 0.638879895 2.581368685 -0.242464602 0.166139990 -0.045337040 0.954752862
1754516481517133824.000000 -0.360716164 0.641211569 2.592488527 -0.244548738 0.166597903 -0.046617202 0.954079628
1754516481583816704.000000 -0.370986044 0.646884918 2.615245819 -0.246925965 0.163942292 -0.051110577 0.953697205
1754516481617157888.000000 -0.375258714 0.651518464 2.627038956 -0.247882038 0.161526054 -0.053374648 0.953737438
1754516481683840512.000000 -0.387148261 0.657024562 2.649299622 -0.248628750 0.157267988 -0.055479176 0.954134524
1754516481750523136.000000 -0.400442839 0.662162185 2.670087099 -0.250356644 0.149459839 -0.057267204 0.954831839
1754516481817204992.000000 -0.417561352 0.669685245 2.693175793 -0.250030696 0.137434915 -0.059653424 0.956576049
1754516481850546176.000000 -0.425763071 0.673118651 2.704833746 -0.249211699 0.133746639 -0.060338944 0.957269371
1754516481883887616.000000 -0.434401125 0.676038384 2.717147112 -0.247952402 0.131746560 -0.061166383 0.957821071
1754516481950569984.000000 -0.451837659 0.684724212 2.743176460 -0.245972604 0.132802948 -0.063063376 0.958062589
1754516482017252608.000000 -0.468626440 0.694628835 2.769797087 -0.245287165 0.140110388 -0.063711002 0.957154274
1754516482050594048.000000 -0.477342248 0.698505104 2.782245636 -0.244116917 0.144490317 -0.063880749 0.956790924
1754516482083935232.000000 -0.484377325 0.698432267 2.791707993 -0.243483827 0.150272846 -0.062995106 0.956119955
1754516482150617856.000000 -0.499384075 0.705881655 2.816272736 -0.244165823 0.160271317 -0.064049765 0.954250395
1754516482183959296.000000 -0.510372162 0.709656239 2.833644390 -0.245370090 0.162858739 -0.063982897 0.953507662
1754516482250641920.000000 -0.525108933 0.716185033 2.853708744 -0.245391712 0.163467869 -0.064230241 0.953381181
1754516482283982336.000000 -0.532924056 0.719152331 2.864336729 -0.244766340 0.164130390 -0.063363798 0.953486085
1754516482350664960.000000 -0.550056815 0.724301159 2.882335424 -0.241397515 0.163010284 -0.062836580 0.954571426
1754516482384006144.000000 -0.559841871 0.728000998 2.890056133 -0.239488393 0.161745504 -0.063405387 0.955229580
1754516482450689024.000000 -0.578469932 0.733698905 2.906900406 -0.238061622 0.158115819 -0.066168427 0.956006229
1754516482517371648.000000 -0.595952630 0.737861574 2.922400236 -0.237332359 0.156493470 -0.067926876 0.956331074
1754516482550713088.000000 -0.603758216 0.738997281 2.929381132 -0.237068966 0.155211255 -0.069036849 0.956525862
1754516482584054784.000000 -0.611531019 0.741285145 2.935838699 -0.235892117 0.154227450 -0.069412515 0.956948638
1754516482650737408.000000 -0.620558918 0.743975282 2.949170589 -0.233361363 0.150181279 -0.069414757 0.958211720
1754516482717419520.000000 -0.630704582 0.747743368 2.959057331 -0.229300112 0.145963892 -0.068761818 0.959889531
1754516482750760960.000000 -0.635104001 0.747658312 2.960214138 -0.226545438 0.143599555 -0.068488449 0.960919201
1754516482817444096.000000 -0.641076207 0.747974217 2.964293480 -0.219879791 0.140843898 -0.066097416 0.963040471
1754516482884127232.000000 -0.645576298 0.748153389 2.969082355 -0.215932861 0.140360728 -0.063377567 0.964186311
1754516482917468672.000000 -0.647306800 0.748120844 2.971603394 -0.215334460 0.140173882 -0.061852265 0.964446306
1754516482984151552.000000 -0.648841619 0.748900533 2.979100227 -0.215129003 0.139282390 -0.058443125 0.964833856
1754516483017493248.000000 -0.650163651 0.749506295 2.983224869 -0.216054231 0.138718277 -0.057137530 0.964786589
1754516483050834688.000000 -0.651988566 0.750877500 2.988224030 -0.217557251 0.138326362 -0.055898875 0.964577675
1754516483117517568.000000 -0.653095186 0.752512813 2.995448112 -0.220732421 0.136962488 -0.055443522 0.964077055
1754516483184199936.000000 -0.658169627 0.754310787 3.004627466 -0.220018357 0.135062173 -0.057105515 0.964411318
1754516483217541120.000000 -0.662609875 0.754080296 3.006498098 -0.219176248 0.133331597 -0.057496339 0.964820564
1754516483284224256.000000 -0.662828147 0.756796777 3.011593819 -0.219793811 0.129640281 -0.056896761 0.965218604
1754516483317565952.000000 -0.664781094 0.757926583 3.013239384 -0.220757514 0.127420336 -0.057405878 0.965264082
1754516483384249088.000000 -0.667684138 0.760876358 3.016532421 -0.221051663 0.120887958 -0.060463246 0.965850174
1754516483417590528.000000 -0.668859780 0.762670159 3.018741846 -0.221190214 0.116268180 -0.062536366 0.966253519
1754516483484273664.000000 -0.670568347 0.763138771 3.022337914 -0.218703613 0.106039032 -0.064794384 0.967846155
1754516483517615104.000000 -0.670625627 0.764094889 3.025223970 -0.217217699 0.101280384 -0.063572496 0.968771100
1754516483584298240.000000 -0.668102503 0.763626575 3.031903982 -0.212722197 0.091627136 -0.061045974 0.970889866
1754516483650980096.000000 -0.665091872 0.766557157 3.046001911 -0.210721374 0.085367844 -0.058358852 0.972061276
1754516483717662720.000000 -0.660236418 0.771510124 3.059004307 -0.210209742 0.081905618 -0.056426730 0.972583950
1754516483751004416.000000 -0.655124605 0.774223864 3.070761919 -0.210934058 0.080678605 -0.056184549 0.972543597
1754516483817687296.000000 -0.652287245 0.779978335 3.087681293 -0.212231129 0.076670252 -0.056994013 0.972538590
1754516483851028992.000000 -0.650231957 0.782478929 3.097399473 -0.212289348 0.072795860 -0.056948569 0.972826242
1754516483884370176.000000 -0.647681594 0.784848094 3.106576920 -0.211874157 0.068244711 -0.056503449 0.973272562
1754516483951053056.000000 -0.640403688 0.787560105 3.125312328 -0.210422441 0.059294246 -0.054438435 0.974291146
1754516484017736192.000000 -0.634440303 0.789481878 3.143003702 -0.209702000 0.050774518 -0.053865653 0.974959254
1754516484051076608.000000 -0.631154776 0.791350126 3.151916742 -0.210068241 0.046644740 -0.053449515 0.975109637
1754516484084418304.000000 -0.628833830 0.792514145 3.160448074 -0.210469812 0.043215230 -0.052280914 0.975244462
1754516484151101184.000000 -0.624922037 0.794026971 3.174096107 -0.211060584 0.036591198 -0.050824162 0.975464821
1754516484184442624.000000 -0.622340083 0.797405720 3.181441307 -0.212086394 0.032832403 -0.049581066 0.975439966
1754516484251125504.000000 -0.623896182 0.796320260 3.189559937 -0.214767143 0.025591994 -0.048140801 0.975142419
1754516484284466944.000000 -0.626445770 0.796897471 3.194102287 -0.215702146 0.022264330 -0.047622658 0.975043058
1754516484351150080.000000 -0.630679071 0.797600508 3.199607372 -0.214999035 0.018175976 -0.046202287 0.975351453
1754516484417833216.000000 -0.637639821 0.799098253 3.202248335 -0.215579897 0.018177100 -0.045196272 0.975270391
1754516484451174400.000000 -0.642333150 0.799215555 3.202689171 -0.216226876 0.019348659 -0.044541802 0.975134671
1754516484517856256.000000 -0.652888060 0.797346056 3.200905800 -0.211736560 0.020728327 -0.046195023 0.976014316
1754516484551197440.000000 -0.658035457 0.797603488 3.199518204 -0.209626496 0.021147188 -0.046823185 0.976430833
1754516484617880064.000000 -0.667566061 0.797670484 3.195760727 -0.204881400 0.021057919 -0.048890784 0.977338135
1754516484651221504.000000 -0.671793818 0.798836410 3.194356441 -0.204153612 0.020521836 -0.050643299 0.977412581
1754516484717903872.000000 -0.678055346 0.799141943 3.194918394 -0.204507098 0.018130608 -0.054551627 0.977175653
1754516484784586240.000000 -0.686840236 0.799599111 3.194633007 -0.202608019 0.017803257 -0.056246012 0.977481127
1754516484817927680.000000 -0.689438343 0.799526274 3.194487810 -0.201474443 0.018507313 -0.056744009 0.977673590
1754516484884610048.000000 -0.694591999 0.798958838 3.196351051 -0.199372187 0.018699296 -0.057794038 0.978039384
1754516484951291648.000000 -0.699466467 0.798366368 3.198420525 -0.195366994 0.015181058 -0.058844857 0.978845537
1754516484984632576.000000 -0.701888978 0.798510432 3.199180126 -0.192852333 0.013130369 -0.059330009 0.979344428
1754516485051314944.000000 -0.704478681 0.798673749 3.202152014 -0.187899619 0.008347951 -0.059119795 0.980371833
1754516485084656128.000000 -0.704788446 0.798306227 3.204980135 -0.186485142 0.005235180 -0.059031203 0.980668724
1754516485151338496.000000 -0.704256773 0.798704863 3.212418795 -0.184603721 -0.002050961 -0.057272490 0.981140733
1754516485184679936.000000 -0.703247547 0.799355149 3.217233896 -0.183710307 -0.005537921 -0.055193413 0.981414139
1754516485251362304.000000 -0.699832916 0.800970852 3.229111910 -0.182972014 -0.011408325 -0.049809847 0.981789231
1754516485318044672.000000 -0.696302593 0.803602278 3.242920160 -0.181755647 -0.017835753 -0.044474926 0.982175529
1754516485351386112.000000 -0.694262922 0.805257261 3.251279831 -0.181656644 -0.021528952 -0.042474922 0.982208371
1754516485418067456.000000 -0.688015997 0.809219062 3.270023346 -0.181371525 -0.028497711 -0.038261905 0.982256770
1754516485451408640.000000 -0.684835076 0.809566081 3.279211998 -0.182301968 -0.031815182 -0.036540873 0.982048154
1754516485518091008.000000 -0.676899910 0.813081980 3.298759937 -0.183221027 -0.037833754 -0.030673003 0.981864512
1754516485584773632.000000 -0.668230295 0.814626515 3.317263126 -0.179631114 -0.044019215 -0.024078099 0.982453704
1754516485618114816.000000 -0.665172696 0.815206528 3.326975822 -0.178486139 -0.047667548 -0.022394447 0.982532024
1754516485651456000.000000 -0.661328137 0.816905558 3.337039471 -0.178452924 -0.051369216 -0.021219708 0.982377529
1754516485718138112.000000 -0.654727221 0.819554090 3.357698917 -0.181626886 -0.058582250 -0.020699585 0.981402814
1754516485751479296.000000 -0.651821017 0.820827127 3.367563725 -0.183222264 -0.062343422 -0.021171268 0.980864286
1754516485818160896.000000 -0.645705342 0.821235418 3.383208990 -0.183246225 -0.067611031 -0.022578651 0.980479419
1754516485884843264.000000 -0.641276956 0.826108992 3.395107746 -0.185496449 -0.072224520 -0.024832040 0.979672492
1754516485918184448.000000 -0.638859451 0.827568948 3.399865627 -0.188013375 -0.073911443 -0.024938362 0.979063928
1754516485984866816.000000 -0.636580348 0.829499304 3.407823324 -0.191706493 -0.076376103 -0.027147252 0.978099346
1754516486051549440.000000 -0.636331081 0.828778505 3.411917686 -0.192624524 -0.081694089 -0.031015381 0.977374017
1754516486084890368.000000 -0.636592031 0.828798473 3.413325787 -0.192455754 -0.084514022 -0.032420486 0.977121890
1754516486151572736.000000 -0.636344850 0.828617573 3.415055037 -0.191763327 -0.088979714 -0.035036560 0.976771176
1754516486184914176.000000 -0.635633171 0.828492820 3.415654182 -0.191874415 -0.090843216 -0.036201075 0.976535380
1754516486251596544.000000 -0.634000242 0.829541147 3.417716265 -0.192737162 -0.093791068 -0.036987290 0.976057172
1754516486318277888.000000 -0.632017314 0.830177844 3.421283722 -0.193021521 -0.095058225 -0.036986779 0.975878417
1754516486351619072.000000 -0.628215194 0.828610957 3.422655821 -0.193218067 -0.095065892 -0.036319461 0.975863814
1754516486418301440.000000 -0.628197610 0.828465343 3.425190687 -0.193195492 -0.093337916 -0.035946894 0.976048887
1754516486484983808.000000 -0.627178729 0.828790069 3.426636219 -0.193313017 -0.091972075 -0.036121894 0.976148784
1754516486518324736.000000 -0.627628505 0.828544617 3.427258253 -0.193290785 -0.091299191 -0.036460277 0.976203799
1754516486585008128.000000 -0.627749264 0.827983022 3.428235531 -0.193524569 -0.089841254 -0.037147366 0.976266801
1754516486651691520.000000 -0.627262235 0.827735066 3.428627253 -0.193186909 -0.087037116 -0.036792971 0.976601124
1754516486718373632.000000 -0.626626432 0.828237414 3.427282095 -0.192968607 -0.080863424 -0.035935115 0.977206707
1754516486751715072.000000 -0.625476658 0.828006864 3.426055431 -0.192133754 -0.076939404 -0.035135001 0.977716982
1754516486818398208.000000 -0.624071896 0.825276613 3.421611786 -0.187574252 -0.068972707 -0.034177020 0.979229629
1754516486885081600.000000 -0.623190820 0.824006319 3.417213917 -0.182734117 -0.062723778 -0.034424081 0.980555475
1754516486918423296.000000 -0.625075519 0.822315753 3.416299343 -0.181495264 -0.061140470 -0.035832860 0.980835021
1754516486985106176.000000 -0.630094767 0.822231293 3.413853884 -0.178653494 -0.062489133 -0.038793717 0.981159031
1754516487051789568.000000 -0.635607362 0.822249234 3.412078142 -0.177900910 -0.067204759 -0.040924661 0.980897605
1754516487118472704.000000 -0.641713977 0.822620392 3.411522388 -0.178828359 -0.071584761 -0.042336624 0.980358958
1754516487185154816.000000 -0.646468043 0.821889639 3.409138203 -0.178679690 -0.075251952 -0.043854728 0.980044663
1754516487218496512.000000 -0.648980558 0.822184920 3.408012390 -0.178586662 -0.076576166 -0.044715952 0.979920149
1754516487285179904.000000 -0.653981209 0.822339177 3.404727459 -0.178371266 -0.077697903 -0.044861767 0.979864419
1754516487351863040.000000 -0.659671128 0.819935918 3.399159193 -0.174275085 -0.078733630 -0.045276854 0.980499506
1754516487418546432.000000 -0.665405929 0.816850245 3.393543005 -0.170474932 -0.080681801 -0.047123656 0.980922103
1754516487485229824.000000 -0.669791698 0.814751863 3.388876677 -0.166496530 -0.082946658 -0.048816789 0.981333673
1754516487518571520.000000 -0.671099961 0.813872814 3.386415482 -0.164727747 -0.082979485 -0.048546486 0.981642723
1754516487585255168.000000 -0.671745181 0.813238680 3.379937410 -0.161846921 -0.084296405 -0.047852658 0.982043743
1754516487618595840.000000 -0.671770751 0.812836051 3.377477407 -0.160804868 -0.085692368 -0.047441579 0.982114017
1754516487685279744.000000 -0.671698272 0.812393546 3.372432470 -0.156672627 -0.087744080 -0.045500930 0.982692420
1754516487751963392.000000 -0.671837449 0.810717762 3.365912437 -0.152081087 -0.089284301 -0.044874586 0.983303607
1754516487785305344.000000 -0.671678364 0.809333920 3.363046408 -0.148970917 -0.089820445 -0.044446293 0.983750224
1754516487851988992.000000 -0.667853057 0.808403552 3.356483459 -0.142884776 -0.091946632 -0.043626111 0.984493017
1754516487918672896.000000 -0.667201817 0.808610737 3.353633404 -0.139192700 -0.093947418 -0.042271461 0.984892070
1754516487985356800.000000 -0.667286396 0.808224857 3.352172613 -0.138187021 -0.097187288 -0.040853214 0.984779179
1754516488018698496.000000 -0.666615844 0.808008492 3.351745844 -0.137890682 -0.098130360 -0.039394494 0.984786689
1754516488085381376.000000 -0.666197360 0.806770921 3.349925280 -0.136052847 -0.098617591 -0.037794244 0.985056221
1754516488152065280.000000 -0.664976239 0.803164959 3.345522404 -0.130809262 -0.096813217 -0.035837375 0.986018240
1754516488185406976.000000 -0.663596153 0.801305830 3.342742443 -0.127550021 -0.095280156 -0.035229653 0.986616254
1754516488252090880.000000 -0.661308944 0.797344863 3.337935448 -0.121511042 -0.093998767 -0.034260366 0.987535059
1754516488318775040.000000 -0.657673299 0.793616176 3.333502769 -0.114332907 -0.091903031 -0.030518144 0.988711596
1754516488385458688.000000 -0.655662060 0.789404631 3.327908754 -0.105555981 -0.091237776 -0.029021563 0.989793658
1754516488418800896.000000 -0.654957652 0.789415479 3.328104973 -0.101210922 -0.090065725 -0.027779134 0.990390301
1754516488485483520.000000 -0.652338266 0.786666989 3.325085878 -0.092773668 -0.087232061 -0.024901530 0.991546035
1754516488552166656.000000 -0.648735940 0.784476101 3.321551085 -0.085966803 -0.085994720 -0.023394348 0.992304027
1754516488585508096.000000 -0.646377146 0.783893526 3.319781542 -0.081284054 -0.086174332 -0.022606701 0.992701352
1754516488652191232.000000 -0.643075466 0.781643331 3.315391541 -0.071110316 -0.086769730 -0.021277145 0.993459463
1754516488718873856.000000 -0.639961958 0.779207349 3.311672688 -0.064249322 -0.088646814 -0.020977544 0.993767440
1754516488752215552.000000 -0.638644993 0.778467953 3.309826851 -0.062156476 -0.090718538 -0.020727782 0.993718863
1754516488818898432.000000 -0.637112319 0.778142691 3.307042599 -0.058988381 -0.093766406 -0.020998122 0.993623316
1754516488885581312.000000 -0.634962261 0.776791632 3.303046465 -0.057527632 -0.095615901 -0.023811059 0.993469298
1754516488918923008.000000 -0.636727452 0.777165115 3.304034233 -0.057306007 -0.096248537 -0.024591513 0.993402064
1754516488985604864.000000 -0.637857795 0.777585864 3.303093672 -0.056257915 -0.098248646 -0.025251919 0.993249536
1754516489052287744.000000 -0.638559878 0.777057946 3.300719738 -0.052795596 -0.101139523 -0.025487231 0.993143380
1754516489085629184.000000 -0.637765944 0.776545823 3.299235106 -0.051431250 -0.103106275 -0.024699979 0.993032694
1754516489152312320.000000 -0.637056530 0.776187956 3.297498703 -0.049277090 -0.106302008 -0.021866493 0.992871404
1754516489218995200.000000 -0.635497689 0.775870800 3.295628548 -0.046963315 -0.106929675 -0.019119246 0.992972791
1754516489285677824.000000 -0.634766340 0.775434554 3.293745995 -0.043788631 -0.104596660 -0.017187970 0.993401587
1754516489319019520.000000 -0.632695079 0.773837566 3.290633202 -0.042823520 -0.103200071 -0.016818581 0.993596077
1754516489385701376.000000 -0.631974041 0.773377597 3.287999630 -0.041363005 -0.098716781 -0.015845137 0.994129360
1754516489452384256.000000 -0.633825362 0.773526609 3.288414001 -0.041444868 -0.092935167 -0.016502181 0.994672358
1754516489485725952.000000 -0.634748995 0.774363637 3.289446354 -0.042233359 -0.090064630 -0.017112534 0.994892955
1754516489552408576.000000 -0.636772633 0.775416553 3.291714907 -0.044967081 -0.086321890 -0.019886136 0.995053351
1754516489619091456.000000 -0.638694048 0.776400447 3.294850588 -0.047793068 -0.083242275 -0.022909239 0.995118976
1754516489652433152.000000 -0.639989614 0.776793242 3.295861959 -0.047368091 -0.082031943 -0.025255902 0.995182991
1754516489719116032.000000 -0.642412126 0.778855085 3.299511194 -0.051042307 -0.080339789 -0.028477317 0.995052397
1754516489785798656.000000 -0.643462300 0.779770017 3.302268505 -0.053186867 -0.080525115 -0.030728778 0.994858146
1754516489819139328.000000 -0.643253446 0.779324591 3.303263664 -0.053496759 -0.080735840 -0.031208456 0.994809508
1754516489885821952.000000 -0.643106461 0.778920233 3.302992344 -0.052682795 -0.080945410 -0.030487690 0.994858205
1754516489952504832.000000 -0.641458392 0.778838634 3.304305553 -0.050402250 -0.082076579 -0.027657397 0.994966447
1754516489985846272.000000 -0.640476882 0.778351247 3.303671122 -0.049413506 -0.082849808 -0.026311914 0.994988441
1754516490052529152.000000 -0.640299618 0.779081821 3.304597378 -0.049786102 -0.083468340 -0.024323763 0.994968712
1754516490119212032.000000 -0.640229404 0.779659808 3.306848288 -0.051550187 -0.082787924 -0.022886334 0.994969845
1754516490152553472.000000 -0.639639318 0.780029833 3.307237625 -0.051389944 -0.082529008 -0.022318114 0.995012581
1754516490219236352.000000 -0.639806509 0.780023932 3.306694746 -0.050521992 -0.081988700 -0.022652121 0.995094121
1754516490285917952.000000 -0.641462982 0.780406952 3.306255817 -0.050186049 -0.082620211 -0.024792554 0.995007873
1754516490319259392.000000 -0.644375503 0.781887829 3.310049772 -0.050048757 -0.083406433 -0.026058665 0.994916856
1754516490385942528.000000 -0.647242129 0.780934572 3.310987711 -0.049891286 -0.085268699 -0.028366156 0.994703770
1754516490452625152.000000 -0.649384856 0.781813502 3.311435938 -0.051989533 -0.085169874 -0.030224783 0.994550049
1754516490485966336.000000 -0.649265289 0.782070756 3.311710596 -0.053052165 -0.086039692 -0.031473782 0.994380236
1754516490552649728.000000 -0.649562299 0.781914651 3.311155796 -0.053307407 -0.088840544 -0.032466400 0.994088352
1754516490619333120.000000 -0.648244262 0.781429470 3.310988903 -0.054100022 -0.090640157 -0.032235492 0.993890584
1754516490686016000.000000 -0.646405041 0.782185197 3.311844826 -0.055401709 -0.090473287 -0.031805366 0.993847907
1754516490719356672.000000 -0.645456851 0.781955719 3.312251329 -0.056797087 -0.089903906 -0.031631466 0.993826389
1754516490786040064.000000 -0.644177735 0.783262610 3.314126968 -0.060265642 -0.088272005 -0.031053575 0.993786573
1754516490819381504.000000 -0.643048704 0.784038007 3.315408707 -0.061936956 -0.087634280 -0.030827032 0.993747354
1754516490886064640.000000 -0.643795907 0.784839690 3.318626165 -0.064191647 -0.086791232 -0.030939477 0.993674815
1754516490952748032.000000 -0.643046081 0.784821868 3.318377972 -0.064244226 -0.086987741 -0.030460369 0.993669033
1754516491019431168.000000 -0.641953111 0.784560323 3.317684650 -0.063566431 -0.089020237 -0.030158449 0.993541777
1754516491086114304.000000 -0.642218113 0.785564125 3.319047928 -0.063500017 -0.089738399 -0.030016588 0.993485689
1754516491119456000.000000 -0.641898274 0.785226703 3.319234848 -0.063401565 -0.089771554 -0.029627368 0.993500710
1754516491186138112.000000 -0.641414821 0.784811735 3.319191933 -0.064011909 -0.089173242 -0.029469475 0.993520141
1754516491252821504.000000 -0.641846955 0.784698188 3.319300175 -0.064463735 -0.088854998 -0.029289654 0.993524730
1754516491286163200.000000 -0.641780198 0.784723938 3.319295406 -0.064381763 -0.088947877 -0.029128464 0.993526459
1754516491352846336.000000 -0.643356323 0.785294056 3.317710400 -0.064517051 -0.088899575 -0.029238181 0.993518829
1754516491419529472.000000 -0.643447042 0.784489393 3.318205833 -0.064540207 -0.089086927 -0.029693976 0.993487000
1754516491486212864.000000 -0.644710958 0.785087407 3.318590403 -0.064303964 -0.088838115 -0.030155014 0.993510723
1754516491519554304.000000 -0.644805610 0.785160244 3.318602562 -0.064315580 -0.088936642 -0.030422231 0.993493021
1754516491586238208.000000 -0.645803988 0.784936905 3.319150925 -0.064463750 -0.089002334 -0.030950477 0.993461192
1754516491652920576.000000 -0.645210505 0.784738958 3.318119526 -0.064526446 -0.088406496 -0.031047508 0.993507326
1754516491719603712.000000 -0.645903885 0.784829795 3.317639828 -0.064499900 -0.087211557 -0.031073933 0.993613780
1754516491752945664.000000 -0.646276116 0.784767270 3.318297863 -0.064107701 -0.086679175 -0.030919477 0.993690550
1754516491819629312.000000 -0.647911847 0.784420490 3.318394423 -0.063431628 -0.085264474 -0.031278979 0.993845046
1754516491886312448.000000 -0.649991333 0.785630882 3.319303036 -0.062131740 -0.084131226 -0.031731945 0.994009435
1754516491919654400.000000 -0.650983155 0.785019875 3.318529844 -0.061619509 -0.083832376 -0.032146022 0.994053304
1754516491986337792.000000 -0.651360214 0.784648061 3.317375183 -0.058664713 -0.081761584 -0.032196745 0.994402826
1754516492053020416.000000 -0.652472734 0.783811986 3.316375494 -0.055606022 -0.080038957 -0.033632588 0.994671106
1754516492086362368.000000 -0.653001964 0.783300102 3.315850735 -0.053825196 -0.080101833 -0.033957366 0.994752944
1754516492153045760.000000 -0.654482007 0.782727897 3.314289570 -0.050978709 -0.081128694 -0.034299571 0.994808018
1754516492219729152.000000 -0.654961467 0.782951415 3.311236382 -0.048540335 -0.083148979 -0.035256740 0.994729638
1754516492286413056.000000 -0.655619085 0.783428669 3.309717178 -0.047310591 -0.085103899 -0.035850391 0.994602382
1754516492319754752.000000 -0.655057609 0.783593237 3.308714867 -0.046835702 -0.085666515 -0.035901256 0.994574726
1754516492386438400.000000 -0.656124353 0.782409251 3.307632923 -0.046106052 -0.085272297 -0.036577452 0.994617999
1754516492453122048.000000 -0.656295240 0.782218218 3.306245089 -0.045512222 -0.085221276 -0.037005860 0.994633913
1754516492486462720.000000 -0.655852437 0.782722175 3.305696964 -0.045270346 -0.085391395 -0.037142895 0.994625270
1754516492553145344.000000 -0.655802011 0.782347620 3.304079294 -0.045329176 -0.085761085 -0.037509158 0.994577050
1754516492619828224.000000 -0.655487359 0.781536818 3.304015636 -0.046389703 -0.085500710 -0.037709024 0.994542956
1754516492686510848.000000 -0.655814826 0.782179236 3.304835320 -0.047989726 -0.084781602 -0.037779503 0.994525969
1754516492719851776.000000 -0.655877054 0.782169223 3.305559874 -0.048960403 -0.084683552 -0.038002327 0.994478524
1754516492786534400.000000 -0.655065119 0.784085453 3.307313204 -0.050882559 -0.084247917 -0.037608847 0.994433999
1754516492853217024.000000 -0.656926990 0.783389866 3.307489634 -0.052937321 -0.083327129 -0.038409054 0.994373739
1754516492919899392.000000 -0.657952368 0.783445239 3.308598280 -0.054360751 -0.082713716 -0.039077092 0.994322062
1754516492953239552.000000 -0.658070803 0.782787681 3.308217287 -0.054958768 -0.082825385 -0.039459813 0.994264841
1754516493019921920.000000 -0.658559263 0.782885373 3.308420658 -0.056048155 -0.082916528 -0.039841376 0.994181216
1754516493086604800.000000 -0.658667326 0.783762932 3.309526920 -0.058040570 -0.082664832 -0.039930735 0.994084179
1754516493119945984.000000 -0.659563839 0.784561753 3.310461760 -0.059205610 -0.082675651 -0.040110853 0.994007409
1754516493186628352.000000 -0.660588682 0.785070479 3.311950922 -0.061073717 -0.083236150 -0.040715683 0.993822932
1754516493253310976.000000 -0.660561204 0.785115719 3.312751055 -0.062198050 -0.084432319 -0.041493304 0.993620157
1754516493286652416.000000 -0.659096181 0.785879374 3.313426733 -0.062463105 -0.085197672 -0.042125732 0.993511558
1754516493353334784.000000 -0.662126720 0.786509097 3.315190792 -0.061930295 -0.085759304 -0.043141574 0.993453026
1754516493420016128.000000 -0.662419200 0.787193775 3.315298796 -0.060653098 -0.086023867 -0.043817732 0.993479371
1754516493453357568.000000 -0.663064957 0.786844254 3.315205336 -0.060413819 -0.086163759 -0.044441089 0.993454099
1754516493520040448.000000 -0.662443042 0.786479354 3.314775944 -0.060684539 -0.086757764 -0.045210421 0.993351161
1754516493586724608.000000 -0.661400855 0.786012530 3.313934565 -0.060115315 -0.086650260 -0.045026407 0.993403554
1754516493620066560.000000 -0.660759568 0.785634458 3.313714981 -0.059770986 -0.085765824 -0.044575192 0.993521392
1754516493686750976.000000 -0.658814788 0.785372019 3.313594103 -0.059072167 -0.083667457 -0.043392137 0.993794441
1754516493720092928.000000 -0.658877730 0.785600483 3.314111233 -0.058653221 -0.083089098 -0.042766649 0.993894935
1754516493786777344.000000 -0.658451438 0.786097884 3.317206383 -0.058770541 -0.082273796 -0.041023742 0.994029224
1754516493853460480.000000 -0.657010376 0.786100984 3.318726301 -0.060144119 -0.082449384 -0.039690685 0.993986666
1754516493886802688.000000 -0.657221317 0.786427200 3.319697142 -0.060907874 -0.082884051 -0.039523691 0.993910670
1754516493953486848.000000 -0.657934248 0.786680996 3.322436094 -0.063633829 -0.083933033 -0.039657958 0.993646443
1754516493986829056.000000 -0.658002675 0.786410689 3.323602438 -0.065117158 -0.084698059 -0.039677572 0.993484616
1754516494053513472.000000 -0.658653021 0.787187159 3.326243877 -0.067194127 -0.085226685 -0.039514434 0.993307590
1754516494120197888.000000 -0.659206510 0.787742078 3.327844143 -0.068622194 -0.085413441 -0.039082941 0.993211031
1754516494153539840.000000 -0.656512856 0.788278937 3.327403307 -0.068202756 -0.086383760 -0.038623918 0.993173897
1754516494220224256.000000 -0.658781469 0.787272453 3.328078985 -0.066646218 -0.086514689 -0.038165912 0.993285894
1754516494286907392.000000 -0.659567297 0.787906289 3.329058170 -0.066118978 -0.086169444 -0.038945626 0.993320942
1754516494320249856.000000 -0.659954667 0.788165748 3.328914642 -0.066291101 -0.086372182 -0.039157592 0.993283510
1754516494386934016.000000 -0.661284029 0.788740635 3.329759359 -0.067041092 -0.087100059 -0.039779551 0.993144929
1754516494453618432.000000 -0.662203133 0.789055943 3.330750227 -0.067462005 -0.087723367 -0.040857032 0.993017733
1754516494520302336.000000 -0.663439333 0.789110184 3.331790924 -0.067596667 -0.088794246 -0.041762501 0.992875695
1754516494553643520.000000 -0.663805246 0.789409339 3.331900358 -0.067596726 -0.089234650 -0.041878618 0.992831409
1754516494620326144.000000 -0.664176345 0.790122271 3.331975698 -0.067171112 -0.089073166 -0.041973129 0.992870748
1754516494687008512.000000 -0.664806783 0.789800763 3.333787918 -0.066794857 -0.088832788 -0.041585390 0.992933989
1754516494753690112.000000 -0.665231705 0.790171325 3.334850073 -0.067149051 -0.088380344 -0.041072421 0.992971778
1754516494820372480.000000 -0.665254116 0.790307939 3.335936308 -0.069003604 -0.087378614 -0.040928379 0.992939353
1754516494853713408.000000 -0.664703131 0.790710568 3.336512327 -0.070036128 -0.087052338 -0.040990096 0.992893100
1754516494920396288.000000 -0.664517879 0.791007400 3.337698221 -0.071662612 -0.086966507 -0.041087650 0.992780566
1754516494953737472.000000 -0.664521575 0.791274071 3.337894678 -0.072080009 -0.087043181 -0.041176837 0.992739916
1754516495020419840.000000 -0.664343715 0.791396737 3.337278128 -0.072025023 -0.086359590 -0.040793922 0.992819428
1754516495053761280.000000 -0.665240645 0.791677535 3.337888956 -0.071752563 -0.085849248 -0.040859044 0.992880702
1754516495120443648.000000 -0.667724013 0.792075038 3.338742256 -0.071341656 -0.084667891 -0.040511269 0.993026018
1754516495187125248.000000 -0.667600989 0.791160285 3.339227438 -0.071656756 -0.085185990 -0.040470451 0.992960691
1754516495220466432.000000 -0.667613685 0.791567147 3.338895559 -0.071820304 -0.085240819 -0.040149689 0.992957175
1754516495287149056.000000 -0.668227196 0.792183340 3.339242935 -0.072301269 -0.084663652 -0.040232591 0.992968261
1754516495353831168.000000 -0.669205904 0.792399943 3.339402199 -0.072573029 -0.084756635 -0.040303819 0.992937684
1754516495420513536.000000 -0.669103026 0.792443037 3.338597775 -0.072570354 -0.086112306 -0.040596168 0.992809236
1754516495453854976.000000 -0.669327497 0.792311728 3.338625431 -0.072294489 -0.087218814 -0.040995732 0.992716372
1754516495520537600.000000 -0.666286945 0.790991545 3.336444616 -0.072420515 -0.089235663 -0.041185256 0.992520034
1754516495587220736.000000 -0.669492900 0.792542934 3.339709044 -0.074234203 -0.089839160 -0.041868411 0.992303073
1754516495653902848.000000 -0.670352161 0.793746591 3.341506243 -0.076317593 -0.089391373 -0.042106096 0.992175341
1754516495687244288.000000 -0.671500683 0.794456065 3.341795921 -0.077174149 -0.088945113 -0.042119049 0.992148638
1754516495753927168.000000 -0.672529578 0.794654012 3.342185974 -0.077907145 -0.088813774 -0.042075407 0.992105007
1754516495820610304.000000 -0.672516823 0.795081973 3.341763496 -0.077409416 -0.088967659 -0.042142853 0.992127299
1754516495853952000.000000 -0.672334909 0.794943452 3.341804504 -0.077177279 -0.089073665 -0.042507388 0.992120326
1754516495920634880.000000 -0.672131896 0.795223773 3.341788530 -0.077417806 -0.089140967 -0.042857133 0.992080510
1754516495987318016.000000 -0.669235587 0.793460131 3.340933561 -0.078486025 -0.089009032 -0.043068431 0.991999269
1754516496020659712.000000 -0.668745875 0.793881416 3.341018200 -0.078898460 -0.088547438 -0.043059278 0.992008209
1754516496087341568.000000 -0.668929160 0.795333326 3.341773987 -0.079182491 -0.087370522 -0.042662870 0.992107093
1754516496154024704.000000 -0.668048859 0.794194520 3.341508865 -0.079474777 -0.086073674 -0.042437576 0.992206752
1754516496187366144.000000 -0.668570757 0.795045435 3.341677666 -0.079374410 -0.085441791 -0.042152297 0.992281556
1754516496254049280.000000 -0.667553186 0.795431852 3.341048717 -0.079041958 -0.085280120 -0.041727670 0.992339969
1754516496320732416.000000 -0.666354537 0.795350075 3.340240240 -0.078890786 -0.085328616 -0.041676655 0.992349982
1754516496387415296.000000 -0.666822255 0.795793772 3.340843678 -0.079153121 -0.085155509 -0.041430224 0.992354274
1754516496420756992.000000 -0.667342722 0.795866847 3.341340780 -0.079339698 -0.085075334 -0.041338060 0.992350101
1754516496487438848.000000 -0.666742504 0.795291781 3.340962887 -0.079330847 -0.084817685 -0.041111231 0.992382228
1754516496520780544.000000 -0.665360689 0.794997871 3.340252638 -0.079165220 -0.084621906 -0.040598191 0.992433310
1754516496587463680.000000 -0.666630447 0.795271158 3.341735601 -0.079061784 -0.084205113 -0.040416460 0.992484391
1754516496654146560.000000 -0.665880859 0.795924067 3.342370749 -0.079473957 -0.084013261 -0.040225394 0.992475510
1754516496687488000.000000 -0.665818572 0.795743108 3.342002630 -0.079835489 -0.083962671 -0.040177140 0.992452741
1754516496754171136.000000 -0.665342689 0.796227932 3.342794418 -0.080511510 -0.083473265 -0.039834503 0.992453158
1754516496820854272.000000 -0.665906191 0.795833290 3.342845201 -0.080946662 -0.083160646 -0.040163573 0.992430806
1754516496887536896.000000 -0.665502489 0.795515656 3.341558456 -0.080643788 -0.083543196 -0.040330738 0.992416561
1754516496920878592.000000 -0.665849566 0.795148432 3.341436625 -0.080610633 -0.083761096 -0.040761080 0.992383301
1754516496987560704.000000 -0.666315675 0.794616997 3.340790272 -0.080272481 -0.083943732 -0.041293908 0.992373228
1754516497020902144.000000 -0.666009367 0.792911589 3.338047028 -0.080264568 -0.084187977 -0.041603547 0.992340326
1754516497087585280.000000 -0.667412400 0.794827104 3.340051413 -0.080040790 -0.084278010 -0.041843574 0.992340624
1754516497154268160.000000 -0.667648911 0.795056820 3.339757442 -0.080114603 -0.084110416 -0.042095583 0.992338181
1754516497220951040.000000 -0.667741418 0.795478404 3.339498043 -0.079961404 -0.083699137 -0.042121943 0.992384195
1754516497254292736.000000 -0.667047799 0.795771718 3.339328527 -0.079728663 -0.083368599 -0.041877463 0.992441118
1754516497320975872.000000 -0.666611612 0.795854449 3.340006828 -0.079970002 -0.082134917 -0.041344851 0.992546856
1754516497387657728.000000 -0.666558325 0.796129167 3.339683533 -0.080145516 -0.081045561 -0.041200131 0.992628336
1754516497420999168.000000 -0.666994631 0.795764148 3.339614391 -0.080256753 -0.080514826 -0.041045275 0.992668867
1754516497487682304.000000 -0.664283514 0.793486357 3.336344719 -0.080109067 -0.080340818 -0.041023348 0.992695868
1754516497554364672.000000 -0.663539529 0.795810282 3.338324308 -0.079555325 -0.080199905 -0.040613092 0.992768705
1754516497621046784.000000 -0.666271746 0.794477522 3.337113619 -0.079542227 -0.079852246 -0.041377530 0.992766142
1754516497654388224.000000 -0.664644301 0.794185340 3.335833788 -0.079839125 -0.080204457 -0.041325770 0.992716074
1754516497721070336.000000 -0.665803969 0.793445587 3.336203814 -0.080126747 -0.080406882 -0.041473828 0.992670417
1754516497754411776.000000 -0.665792882 0.793819487 3.336430550 -0.079982057 -0.080330551 -0.041420586 0.992690444
1754516497821092864.000000 -0.666460812 0.793776095 3.336935282 -0.079935245 -0.080144003 -0.041511718 0.992705464
1754516497887775232.000000 -0.665186524 0.793362439 3.336066723 -0.080165796 -0.080642037 -0.041322369 0.992654443
1754516497954457344.000000 -0.663869858 0.793094337 3.334908724 -0.080388345 -0.080500774 -0.040908340 0.992664993
1754516497987798784.000000 -0.662529290 0.792386353 3.334154367 -0.080410592 -0.080426484 -0.040688287 0.992678344
1754516498054480896.000000 -0.658923686 0.793310285 3.334471703 -0.080125913 -0.080293119 -0.039506439 0.992759943
1754516498087821824.000000 -0.659407854 0.792507887 3.335677624 -0.080201708 -0.079911530 -0.039510798 0.992784321
1754516498154503936.000000 -0.659417331 0.792315900 3.334876537 -0.080173485 -0.078876063 -0.039195567 0.992881954
1754516498221186048.000000 -0.658026457 0.792874753 3.334585667 -0.080256976 -0.078617468 -0.038738020 0.992913663
1754516498254527232.000000 -0.657709181 0.792794824 3.334859371 -0.080678932 -0.078452580 -0.038607027 0.992897570
1754516498321208832.000000 -0.657884300 0.793426991 3.336240530 -0.081345074 -0.077300601 -0.038694896 0.992930174
1754516498387890688.000000 -0.657072783 0.792959094 3.334944487 -0.081245184 -0.076809853 -0.038479846 0.992984772
1754516498421231872.000000 -0.657384396 0.792819440 3.334424257 -0.080858558 -0.076905705 -0.038714971 0.992999792
1754516498487914240.000000 -0.658136725 0.792301655 3.333644152 -0.080011189 -0.077338636 -0.039127484 0.993018627
1754516498554596096.000000 -0.658356845 0.791160345 3.334063292 -0.079405703 -0.077553712 -0.039257329 0.993045390
1754516498587937280.000000 -0.659026325 0.791920602 3.334686041 -0.079213873 -0.077407554 -0.039246641 0.993072510
1754516498654619392.000000 -0.655460238 0.791640997 3.330899239 -0.079552323 -0.077491418 -0.038723700 0.993059397
1754516498721300480.000000 -0.658508599 0.792152464 3.334347248 -0.080619022 -0.077070050 -0.038650326 0.993009031
1754516498754641408.000000 -0.654976189 0.791832507 3.330288887 -0.080717318 -0.076997839 -0.038303617 0.993020117
1754516498821323520.000000 -0.654414296 0.791488528 3.329383135 -0.080892548 -0.076482795 -0.038027614 0.993056297
1754516498888005632.000000 -0.653160214 0.790832162 3.328776121 -0.081180438 -0.075209603 -0.037428804 0.993152738
1754516498954687744.000000 -0.652942777 0.791407883 3.329406023 -0.082419261 -0.073769718 -0.036280375 0.993201315
1754516499021369856.000000 -0.653108418 0.791903317 3.330316305 -0.083636969 -0.073082194 -0.035538081 0.993177176
1754516499088051712.000000 -0.654501379 0.791982710 3.331241608 -0.084437445 -0.072706096 -0.035873018 0.993125081
1754516499121392640.000000 -0.653958559 0.791752815 3.331273556 -0.084499352 -0.072665513 -0.035995640 0.993118286
1754516499188073728.000000 -0.652187228 0.791031420 3.327845097 -0.084354728 -0.072930627 -0.036648836 0.993087292
1754516499254756096.000000 -0.653223336 0.791435957 3.327769756 -0.083965264 -0.073299542 -0.037648190 0.993055761
1754516499288096768.000000 -0.653700411 0.791384161 3.327616692 -0.083576083 -0.073782802 -0.038196910 0.993031800
1754516499354778880.000000 -0.654426157 0.790760398 3.326624870 -0.082840391 -0.074549295 -0.038737819 0.993015230
1754516499421460736.000000 -0.654198647 0.790606380 3.327017546 -0.083370753 -0.074384771 -0.039363015 0.992958605
1754516499454801920.000000 -0.654254138 0.790467799 3.328031063 -0.084040321 -0.074332207 -0.039384387 0.992905259
1754516499521483776.000000 -0.654398501 0.790302813 3.328784943 -0.084382445 -0.074688151 -0.039373279 0.992849946
1754516499588165888.000000 -0.653947532 0.790709317 3.328709602 -0.084861033 -0.074820302 -0.039256230 0.992803872
1754516499621506048.000000 -0.654427230 0.791197538 3.327825546 -0.084644988 -0.074674904 -0.038835641 0.992849827
1754516499688187904.000000 -0.654689133 0.791765928 3.330320597 -0.084453255 -0.074398629 -0.038664643 0.992893577
1754516499754870016.000000 -0.652622938 0.792443573 3.328616381 -0.083964966 -0.074606657 -0.038387105 0.992930055
1754516499821551872.000000 -0.653847754 0.791875541 3.330333948 -0.084088303 -0.074173190 -0.038756549 0.992937803
1754516499888233728.000000 -0.654807031 0.791714489 3.330224514 -0.083686262 -0.073787607 -0.039103486 0.992986917
1754516499921574656.000000 -0.655342102 0.792019367 3.330184937 -0.084012076 -0.073676787 -0.039196227 0.992963910
1754516499988256768.000000 -0.655322313 0.792062283 3.329605579 -0.084579438 -0.074212782 -0.039649483 0.992857873
1754516500054937856.000000 -0.656040072 0.792521596 3.330724478 -0.085748039 -0.074231453 -0.040325303 0.992729008
1754516500088278528.000000 -0.655650079 0.792754531 3.331338167 -0.086218290 -0.074245661 -0.040852357 0.992665648
1754516500154960384.000000 -0.656092405 0.792852759 3.330740929 -0.087557539 -0.074693866 -0.041025542 0.992507637
1754516500221642496.000000 -0.658089995 0.793997765 3.334563494 -0.089541033 -0.074154660 -0.041442603 0.992353797
1754516500254983424.000000 -0.658168435 0.793876946 3.335110426 -0.090253055 -0.073508203 -0.041306123 0.992343068
1754516500321665280.000000 -0.657342732 0.794574857 3.336508274 -0.092470258 -0.071763389 -0.040520962 0.992299080
1754516500355006464.000000 -0.657360435 0.794604242 3.337412357 -0.092757374 -0.071451999 -0.040420473 0.992298782
1754516500421688320.000000 -0.656957626 0.795006573 3.337879658 -0.092782453 -0.071692564 -0.040141232 0.992290437
1754516500488369152.000000 -0.657538414 0.795811176 3.337937832 -0.093123294 -0.072144337 -0.040376890 0.992216229
1754516500521738496.000000 -0.657636046 0.796165645 3.338210106 -0.093555652 -0.072436355 -0.040479042 0.992150068
1754516500588579584.000000 -0.657753766 0.796186209 3.338951111 -0.094489373 -0.072861157 -0.040626749 0.992024481
1754516500655422720.000000 -0.658387721 0.795782566 3.340399742 -0.096006550 -0.073067881 -0.041137278 0.991842508
1754516500688844800.000000 -0.658194780 0.795860112 3.340397596 -0.096660458 -0.073251881 -0.041583356 0.991746843
1754516500755691008.000000 -0.659837902 0.797532439 3.342871428 -0.098087564 -0.073306844 -0.042675056 0.991556287
1754516500789114880.000000 -0.659557223 0.798036456 3.343229771 -0.098869942 -0.073415369 -0.043089099 0.991452575
1754516500855964160.000000 -0.660770595 0.798640788 3.346024752 -0.100531086 -0.072710209 -0.043220099 0.991331875
1754516500889389568.000000 -0.660663366 0.798493803 3.346045017 -0.101227432 -0.071868539 -0.043113187 0.991326988
1754516500956240640.000000 -0.660869062 0.798506439 3.347071648 -0.102252096 -0.069831088 -0.042749509 0.991383255
1754516500989667328.000000 -0.661032379 0.798672438 3.348055124 -0.102583438 -0.069135658 -0.042487487 0.991409004
1754516501089951232.000000 -0.661289632 0.799032390 3.348984003 -0.102710120 -0.067024864 -0.042279601 0.991549671
1754516501123380224.000000 -0.661786437 0.798981011 3.348984241 -0.102574326 -0.066333771 -0.042433351 0.991603613
1754516501190239232.000000 -0.660580754 0.799085021 3.348289251 -0.102273330 -0.065511286 -0.042254571 0.991697073
1754516501257100544.000000 -0.662736595 0.799057007 3.348883629 -0.102043927 -0.064654432 -0.043064352 0.991742134
1754516501290531840.000000 -0.662294090 0.799518824 3.348595858 -0.102139220 -0.064048842 -0.042645440 0.991789639
1754516501323964160.000000 -0.663261712 0.799530327 3.349457979 -0.102147825 -0.063725762 -0.043047838 0.991792262
1754516501390828288.000000 -0.662950933 0.799610019 3.350029945 -0.101965755 -0.063424870 -0.043199960 0.991823614
1754516501424261888.000000 -0.662672520 0.799783707 3.349766016 -0.102019235 -0.062986434 -0.042949524 0.991856933
1754516501491130112.000000 -0.663952768 0.800598085 3.351246834 -0.102696031 -0.062425274 -0.043318439 0.991806507
1754516501524528384.000000 -0.664056659 0.800944984 3.351595402 -0.103176259 -0.062413801 -0.043381784 0.991754591
1754516501591196416.000000 -0.665903866 0.801259220 3.352901697 -0.104131423 -0.062986404 -0.043914534 0.991595209
1754516501624530432.000000 -0.666699350 0.801733494 3.353189468 -0.104414627 -0.063242972 -0.044014454 0.991544664
1754516501657864448.000000 -0.667202294 0.801102638 3.353098869 -0.104530491 -0.063548096 -0.044485390 0.991491914
1754516501724532224.000000 -0.667924047 0.801225781 3.353724241 -0.104289144 -0.063857161 -0.044576388 0.991493344
1754516501757865984.000000 -0.668261886 0.801454246 3.354073286 -0.104333699 -0.064143002 -0.044842456 0.991458237
1754516501824532224.000000 -0.667002499 0.801403642 3.352453470 -0.104461767 -0.064597301 -0.044857126 0.991414547
1754516501857865728.000000 -0.667659163 0.802306235 3.353690386 -0.104500949 -0.064708732 -0.044969525 0.991398036
1754516501924532736.000000 -0.668708444 0.802684188 3.353943348 -0.104812294 -0.064536303 -0.045428783 0.991355538
1754516501991199232.000000 -0.669885099 0.802543819 3.354693890 -0.105269432 -0.064615205 -0.046225362 0.991265118
1754516502024532480.000000 -0.670175016 0.802389324 3.354643345 -0.105461188 -0.064723507 -0.046451505 0.991227090
1754516502091198720.000000 -0.669826269 0.802346349 3.354078531 -0.105917044 -0.064440988 -0.046819068 0.991179585
1754516502124531712.000000 -0.669633210 0.802880466 3.354292154 -0.106026895 -0.064174473 -0.046789117 0.991186559
1754516502191197440.000000 -0.671194673 0.803672135 3.356575966 -0.106297061 -0.063233480 -0.047236077 0.991196930
1754516502224530432.000000 -0.671016335 0.803943753 3.356986046 -0.106622130 -0.062805839 -0.047297217 0.991186261
1754516502291194880.000000 -0.672328770 0.804528117 3.358157158 -0.107404202 -0.061808817 -0.047273122 0.991165638
1754516502324527616.000000 -0.670447171 0.803962827 3.357640505 -0.108157411 -0.061508346 -0.047206026 0.991105676
1754516502357860096.000000 -0.671996176 0.804745257 3.358519316 -0.108796954 -0.060711116 -0.047446351 0.991073310
1754516502424524800.000000 -0.672908843 0.804830730 3.359426022 -0.110258579 -0.060304806 -0.047727909 0.990923107
1754516502457857280.000000 -0.673069775 0.804885387 3.359746456 -0.110665783 -0.060529325 -0.047958728 0.990852833
1754516502524523008.000000 -0.672898352 0.805597007 3.360343456 -0.111359306 -0.061080918 -0.048111256 0.990733802
1754516502557857024.000000 -0.673050046 0.805478990 3.360934496 -0.111782081 -0.061305013 -0.048250411 0.990665615
1754516502591190784.000000 -0.672784626 0.806035399 3.361469269 -0.112380035 -0.061300289 -0.048189092 0.990601301
1754516502657858816.000000 -0.673249662 0.806741595 3.363110065 -0.113885559 -0.061277304 -0.048375975 0.990421653
1754516502691192832.000000 -0.671399236 0.807434499 3.363286495 -0.114331760 -0.061697930 -0.048019163 0.990361452
1754516502757859328.000000 -0.670319855 0.806902409 3.363004208 -0.115007438 -0.061822213 -0.048013661 0.990275741
1754516502791192832.000000 -0.669457853 0.806148708 3.362993717 -0.114978708 -0.061844911 -0.047825102 0.990286767
1754516502857860096.000000 -0.671320081 0.806648254 3.363311052 -0.114435576 -0.061298966 -0.047929958 0.990378618
1754516502891193344.000000 -0.669099450 0.805946708 3.361869335 -0.114242710 -0.061764508 -0.047818944 0.990377307
1754516502957860096.000000 -0.669887841 0.806220233 3.361868382 -0.114005066 -0.061768189 -0.047907282 0.990400136
1754516502991193344.000000 -0.669691861 0.806435704 3.362444878 -0.114268355 -0.061854914 -0.048087906 0.990355670
1754516503057859584.000000 -0.669851065 0.806409121 3.363121748 -0.114731818 -0.061766226 -0.048383113 0.990293264
1754516503091193088.000000 -0.669712186 0.806291521 3.363152504 -0.114894450 -0.061549604 -0.048332527 0.990290344
1754516503157857536.000000 -0.669070363 0.805974483 3.363970280 -0.115380600 -0.061034460 -0.047933400 0.990285099
1754516503191190784.000000 -0.668682992 0.806479275 3.363917828 -0.115271069 -0.060871135 -0.047629189 0.990322590
1754516503257856256.000000 -0.666361153 0.804788291 3.362642288 -0.115152739 -0.061573762 -0.047084805 0.990318954
1754516503291188736.000000 -0.666331708 0.804798126 3.363482714 -0.115119398 -0.061687063 -0.046664737 0.990335703
1754516503324521472.000000 -0.666529119 0.805074453 3.364064932 -0.115138799 -0.061705902 -0.046497326 0.990340114
1754516503391186176.000000 -0.666125655 0.806501985 3.364751577 -0.114940859 -0.061576460 -0.046230286 0.990383685
1754516503424518912.000000 -0.666698933 0.805003405 3.364480019 -0.115416721 -0.062082246 -0.046403084 0.990288615
1754516503491183360.000000 -0.666967273 0.806595087 3.364455700 -0.115401097 -0.062927924 -0.046211466 0.990246117
1754516503524516096.000000 -0.666183293 0.806594253 3.363924980 -0.115401596 -0.063408107 -0.046217319 0.990215123
1754516503557849600.000000 -0.666323483 0.806498349 3.363871336 -0.115283921 -0.063577108 -0.046037029 0.990226328
1754516503591182848.000000 -0.666355371 0.806424081 3.363332033 -0.115335599 -0.063824557 -0.045984611 0.990206838
1754516503657848320.000000 -0.666767180 0.806325793 3.363676310 -0.115202516 -0.064188711 -0.045936637 0.990201056
1754516503724514816.000000 -0.666875660 0.805589080 3.363317490 -0.114157654 -0.064615592 -0.045828469 0.990299225
1754516503757847552.000000 -0.666917145 0.804777741 3.362202406 -0.113255724 -0.064847261 -0.045866229 0.990385950
1754516503824513792.000000 -0.667753696 0.805848718 3.361464500 -0.110886134 -0.064746350 -0.045696650 0.990668476
1754516503891179008.000000 -0.668068230 0.805861771 3.360802889 -0.109300897 -0.064695016 -0.045689829 0.990848303
1754516503924511744.000000 -0.667089045 0.805039465 3.359602928 -0.108855516 -0.064866990 -0.045733806 0.990884125
1754516503991176960.000000 -0.667523742 0.805182278 3.359460354 -0.108485334 -0.065095775 -0.046063103 0.990894437
1754516504057840896.000000 -0.667486131 0.804897964 3.359232426 -0.108556397 -0.065264307 -0.046457622 0.990857124
1754516504091173120.000000 -0.667710304 0.804793477 3.358976841 -0.108518094 -0.065295734 -0.046639044 0.990850747
1754516504157837568.000000 -0.667962134 0.804610372 3.358759403 -0.108712971 -0.065210246 -0.046884395 0.990823388
1754516504224501504.000000 -0.669316709 0.804272592 3.358640432 -0.108931310 -0.065229103 -0.047367409 0.990775228
1754516504291165952.000000 -0.670229197 0.805169821 3.358879328 -0.108935289 -0.065214358 -0.047328021 0.990777612
1754516504324497408.000000 -0.670230806 0.804513574 3.358649492 -0.109166466 -0.065575004 -0.047555465 0.990717471
1754516504391161088.000000 -0.671298027 0.804471791 3.359605789 -0.109437361 -0.065681078 -0.047938976 0.990662098
1754516504424492544.000000 -0.671522379 0.804671764 3.359450579 -0.109529257 -0.066042282 -0.048147194 0.990617871
1754516504491154688.000000 -0.671953917 0.804114401 3.359309673 -0.109565899 -0.066458493 -0.048214875 0.990582705
1754516504524486912.000000 -0.672272563 0.804462552 3.359783411 -0.109673820 -0.066174813 -0.048404988 0.990580440
1754516504591154176.000000 -0.672034025 0.804379463 3.360042334 -0.109875366 -0.066206425 -0.048561953 0.990548253
1754516504657820416.000000 -0.671849787 0.804368317 3.359929562 -0.109651186 -0.066282801 -0.048365671 0.990577638
1754516504724487168.000000 -0.671461999 0.804243743 3.359415531 -0.109704480 -0.066376664 -0.048361413 0.990565658
1754516504757820160.000000 -0.671411097 0.804429412 3.359249592 -0.109724537 -0.066147253 -0.048214447 0.990585983
1754516504824486144.000000 -0.670609891 0.805471957 3.359314919 -0.110027172 -0.066095807 -0.047885299 0.990571737
1754516504857818880.000000 -0.669175744 0.805024087 3.357921839 -0.110018961 -0.066216163 -0.047871586 0.990565300
1754516504924484608.000000 -0.670653582 0.805920839 3.359427452 -0.109869353 -0.065792352 -0.047372621 0.990634143
1754516504957816064.000000 -0.670560658 0.805816114 3.359578848 -0.109767258 -0.065409623 -0.047134858 0.990682125
1754516505024481280.000000 -0.669643581 0.805318832 3.358797550 -0.109837078 -0.064793490 -0.046786424 0.990731418
1754516505091145984.000000 -0.669234335 0.805015802 3.358009338 -0.109964378 -0.065142177 -0.046678372 0.990699530
1754516505157810432.000000 -0.668353558 0.804962814 3.357617617 -0.110345975 -0.065404527 -0.046950571 0.990626931
1754516505191142912.000000 -0.668208897 0.804906905 3.357603788 -0.110424161 -0.065494776 -0.046952531 0.990612149
1754516505257806848.000000 -0.668167949 0.805130541 3.358174801 -0.110830456 -0.065495662 -0.046780244 0.990574896
1754516505324470784.000000 -0.667568684 0.804987133 3.357127190 -0.110599570 -0.065537058 -0.046516374 0.990610421
1754516505357802752.000000 -0.667350531 0.803165495 3.355641365 -0.110474773 -0.065792464 -0.046688084 0.990599275
1754516505424465152.000000 -0.665271461 0.803048491 3.353677511 -0.109927841 -0.066092059 -0.046048619 0.990670085
1754516505491128320.000000 -0.666641057 0.802658021 3.354555130 -0.109911889 -0.066263340 -0.046237994 0.990651667
1754516505524460800.000000 -0.665255010 0.803766549 3.353563309 -0.109662324 -0.066503644 -0.046037350 0.990672529
1754516505591127296.000000 -0.666821480 0.802868128 3.354774714 -0.109984279 -0.067008376 -0.046141136 0.990597963
1754516505657794048.000000 -0.665938437 0.802476108 3.354188681 -0.110368855 -0.067049056 -0.046137370 0.990552664
1754516505691127296.000000 -0.665886998 0.802487314 3.353540421 -0.110468403 -0.067062199 -0.046041161 0.990545154
1754516505757793280.000000 -0.664736390 0.802134514 3.352643490 -0.110649496 -0.067640439 -0.045940049 0.990490317
1754516505824458240.000000 -0.663941920 0.802069426 3.351994038 -0.110827185 -0.067990348 -0.046020795 0.990442693
1754516505857790976.000000 -0.663942933 0.802269042 3.352118731 -0.110914670 -0.068122543 -0.046079621 0.990421116
1754516505924456704.000000 -0.665664434 0.803167105 3.352642059 -0.111054190 -0.068305261 -0.045961410 0.990398407
1754516505991121408.000000 -0.664078832 0.802610159 3.351294041 -0.111445457 -0.068876617 -0.046361100 0.990296245
1754516506024454144.000000 -0.663090050 0.802649498 3.350851536 -0.111650325 -0.069005355 -0.046189878 0.990272164
1754516506091118848.000000 -0.662495673 0.802816510 3.350556135 -0.111783795 -0.068659641 -0.045818161 0.990298450
1754516506157783296.000000 -0.662724257 0.803669393 3.350660801 -0.111901589 -0.068264872 -0.045689758 0.990318358
1754516506224447488.000000 -0.663214326 0.803809762 3.351188421 -0.112163402 -0.068341836 -0.045658551 0.990284860
1754516506257779712.000000 -0.663215101 0.803152084 3.350925684 -0.112388574 -0.068688795 -0.045832369 0.990227282
1754516506324442368.000000 -0.662838638 0.803385437 3.350819826 -0.112907954 -0.068871625 -0.045796111 0.990157187
1754516506391105536.000000 -0.662386894 0.803488791 3.350160360 -0.113527492 -0.069305316 -0.045874376 0.990052462
1754516506457769216.000000 -0.664037764 0.805997491 3.352979660 -0.113572977 -0.069324359 -0.045598570 0.990058661
1754516506491100672.000000 -0.665183842 0.804470181 3.353438854 -0.113638274 -0.069147006 -0.045717243 0.990058064
1754516506557766400.000000 -0.664589643 0.803536654 3.352798700 -0.113140546 -0.069012195 -0.045519020 0.990133643
1754516506591099648.000000 -0.663495719 0.804703057 3.352535725 -0.112430602 -0.069102407 -0.045000434 0.990231872
1754516506657766656.000000 -0.665088117 0.803368211 3.353038788 -0.112182207 -0.068931848 -0.045515612 0.990248382
1754516506724432128.000000 -0.664575398 0.803324938 3.352889776 -0.112081088 -0.068946525 -0.045124549 0.990276754
1754516506757765376.000000 -0.664845228 0.803236246 3.353310585 -0.112309068 -0.068868481 -0.045265701 0.990249872
1754516506791098368.000000 -0.664434731 0.802940845 3.352729797 -0.112668984 -0.068824545 -0.045324959 0.990209401
1754516506857764608.000000 -0.664750993 0.802821100 3.352963924 -0.113046028 -0.068932474 -0.045512717 0.990150273
1754516506924429824.000000 -0.664527774 0.802792192 3.352466822 -0.112666510 -0.069124244 -0.045349032 0.990187705
1754516506991095552.000000 -0.662316322 0.803587198 3.352693796 -0.111914277 -0.069313936 -0.044818118 0.990283906
1754516507024427776.000000 -0.663583577 0.803356171 3.353843927 -0.111812405 -0.069076777 -0.044811409 0.990312219
1754516507091092992.000000 -0.664607823 0.803309083 3.353468418 -0.111541122 -0.068657994 -0.044661567 0.990378737
1754516507157756672.000000 -0.664577425 0.803345740 3.353906393 -0.111019783 -0.068696715 -0.044121157 0.990458846
1754516507224421120.000000 -0.663357556 0.803204060 3.351780653 -0.110203482 -0.068601757 -0.043966286 0.990563512
1754516507257753088.000000 -0.662957370 0.802982509 3.351289988 -0.109722823 -0.068603583 -0.044042576 0.990613341
1754516507324417280.000000 -0.662512898 0.803030968 3.350214958 -0.109038331 -0.068784028 -0.044011723 0.990677774
1754516507391081216.000000 -0.662223816 0.802500963 3.349467993 -0.108856946 -0.068796679 -0.044105098 0.990692675
1754516507457744640.000000 -0.662467718 0.802688301 3.349904537 -0.108758166 -0.068756394 -0.044194348 0.990702331
1754516507491076352.000000 -0.661992133 0.802388608 3.350141287 -0.109098874 -0.068807490 -0.043907214 0.990674138
1754516507557741824.000000 -0.662306130 0.802858591 3.350625038 -0.109680720 -0.068911575 -0.043868672 0.990604281
1754516507624407808.000000 -0.662823617 0.803045154 3.352382183 -0.110354871 -0.068667002 -0.044021681 0.990539610
1754516507657741056.000000 -0.660161436 0.802628219 3.349941492 -0.110568210 -0.068927065 -0.043817669 0.990506828
1754516507724407296.000000 -0.663108349 0.804073632 3.353569984 -0.110819675 -0.069134958 -0.043997224 0.990456283
1754516507791073280.000000 -0.663854957 0.804453194 3.354414701 -0.111120149 -0.069584832 -0.044351671 0.990375280
1754516507824406016.000000 -0.664811254 0.804163396 3.354781866 -0.111583203 -0.069910899 -0.044890765 0.990276039
1754516507891071488.000000 -0.664643645 0.804351747 3.355583429 -0.112460427 -0.070598975 -0.045088407 0.990118980
1754516507957736704.000000 -0.664879799 0.804405630 3.355955601 -0.113120347 -0.070646480 -0.045192715 0.990035594
1754516507991069440.000000 -0.665128469 0.804611623 3.356082916 -0.113200493 -0.070570327 -0.045193180 0.990031898
1754516508057733120.000000 -0.662446856 0.802618086 3.352267504 -0.113128506 -0.070878275 -0.044956971 0.990028858
1754516508091065600.000000 -0.662625730 0.802805126 3.352465153 -0.113040596 -0.070839927 -0.044955902 0.990041733
1754516508157729792.000000 -0.664370775 0.803494573 3.354871273 -0.113009214 -0.070831627 -0.045073796 0.990040481
1754516508224394240.000000 -0.665416360 0.804512858 3.355744600 -0.113001220 -0.070487119 -0.044995967 0.990069628
1754516508291058176.000000 -0.666158199 0.804976165 3.356456280 -0.113043405 -0.070417963 -0.045081154 0.990065813
1754516508357721600.000000 -0.665976048 0.805171490 3.356222630 -0.112679683 -0.070589520 -0.044839926 0.990105987
1754516508391053312.000000 -0.665521502 0.805171669 3.356164932 -0.112500027 -0.070509776 -0.045031156 0.990123451
1754516508457716480.000000 -0.666209757 0.804989696 3.355893850 -0.112609550 -0.070801437 -0.045248318 0.990080237
1754516508524379648.000000 -0.666220367 0.805307627 3.356160164 -0.112943701 -0.071445175 -0.045410845 0.989988446
1754516508557713920.000000 -0.666210473 0.805315018 3.355937481 -0.113017812 -0.071497992 -0.045640636 0.989965618
1754516508624382464.000000 -0.664702713 0.803595245 3.353608131 -0.113129675 -0.071531668 -0.045728166 0.989946425
1754516508691050752.000000 -0.667347670 0.805232882 3.356441975 -0.113197751 -0.071147218 -0.045691643 0.989968061
1754516508724384768.000000 -0.665949285 0.805946648 3.356940985 -0.113220654 -0.071341790 -0.045596264 0.989955783
1754516508791052800.000000 -0.668615937 0.806151211 3.356602192 -0.113028005 -0.070851356 -0.046075877 0.989990830
1754516508824386304.000000 -0.669398308 0.805980444 3.356411457 -0.112867348 -0.071051612 -0.046212509 0.989988387
1754516508891053824.000000 -0.670372069 0.805618882 3.356721163 -0.112813376 -0.071337171 -0.046779193 0.989947438
1754516508957720320.000000 -0.671314538 0.805531442 3.356643438 -0.112522699 -0.071294196 -0.047164299 0.989965379
1754516508991053824.000000 -0.671246767 0.805834651 3.356130600 -0.112294421 -0.071278304 -0.047213838 0.989990056
1754516509057720320.000000 -0.671509385 0.805705905 3.355170727 -0.112128183 -0.071513258 -0.047802843 0.989963710
1754516509124387328.000000 -0.669422626 0.804768741 3.353286982 -0.112188473 -0.072008841 -0.048106082 0.989906251
1754516509157720576.000000 -0.670498431 0.803555846 3.353504419 -0.112338357 -0.071989939 -0.048627675 0.989865124
1754516509224386560.000000 -0.673428714 0.806008041 3.355113506 -0.111731023 -0.072146513 -0.049113408 0.989898443
1754516509291052544.000000 -0.673743427 0.804752290 3.353711367 -0.111346714 -0.072842985 -0.050035626 0.989844561
1754516509324385280.000000 -0.674809754 0.806545794 3.355047226 -0.110941067 -0.073028363 -0.049935237 0.989881575
1754516509391049984.000000 -0.674551010 0.807198048 3.355111122 -0.110169508 -0.073275007 -0.049882330 0.989952147
1754516509424382720.000000 -0.674495995 0.807433724 3.355241299 -0.110006057 -0.073315620 -0.049772169 0.989972889
1754516509491047936.000000 -0.674543619 0.807370365 3.354727030 -0.110054098 -0.073205605 -0.049665146 0.989981055
1754516509557714944.000000 -0.674482346 0.807360232 3.355108500 -0.110347606 -0.072862886 -0.049327888 0.989990532
1754516509591048448.000000 -0.673555255 0.807901621 3.355600119 -0.110419065 -0.072512925 -0.049096480 0.990019798
1754516509657715968.000000 -0.670101464 0.805619478 3.352414131 -0.110533766 -0.072884053 -0.049163509 0.989976346
1754516509724383232.000000 -0.670388758 0.805645347 3.352118731 -0.110928342 -0.073398381 -0.049311977 0.989886820
1754516509791050240.000000 -0.670652092 0.805692673 3.353393316 -0.111135729 -0.073711187 -0.050040904 0.989803731
1754516509824382720.000000 -0.670339048 0.804952025 3.351419449 -0.111418203 -0.073746473 -0.049972598 0.989772856
1754516509891049472.000000 -0.671132326 0.805741191 3.354113817 -0.112153128 -0.073499337 -0.049799725 0.989716887
1754516509957715456.000000 -0.671462715 0.805988908 3.354761124 -0.112810157 -0.073207684 -0.049640145 0.989671886
1754516509991048704.000000 -0.671069801 0.806059361 3.354441404 -0.113105156 -0.072905101 -0.049509235 0.989667118
1754516510057714688.000000 -0.670817494 0.805684328 3.354608059 -0.113690756 -0.072932281 -0.049561914 0.989595354
1754516510124380416.000000 -0.670191467 0.806388378 3.354923725 -0.114108205 -0.072700724 -0.049316235 0.989576638
1754516510157713152.000000 -0.670155048 0.806606412 3.355172634 -0.114197642 -0.072736338 -0.049407173 0.989559114
1754516510224378368.000000 -0.670234740 0.806825995 3.353733301 -0.114137106 -0.072732918 -0.049199671 0.989576697
1754516510291042560.000000 -0.670508862 0.806815267 3.354731083 -0.114664748 -0.072414726 -0.049219951 0.989538074
1754516510324375040.000000 -0.671301603 0.806452215 3.355170012 -0.115046479 -0.072325066 -0.049487166 0.989486992
1754516510391039488.000000 -0.671035647 0.806604445 3.355024576 -0.115447342 -0.072514728 -0.049636118 0.989418924
1754516510457703936.000000 -0.671522975 0.806357622 3.355719090 -0.115791120 -0.072575204 -0.049604394 0.989375949
1754516510491036160.000000 -0.671706021 0.806102037 3.355342150 -0.115850292 -0.072709464 -0.049784046 0.989350140
1754516510557702912.000000 -0.671932578 0.806568563 3.355408192 -0.116052479 -0.072789401 -0.049891539 0.989315152
1754516510591037184.000000 -0.672300339 0.806144595 3.355373621 -0.116216920 -0.073098503 -0.050167244 0.989259064
1754516510657705472.000000 -0.672729433 0.805319965 3.355585337 -0.116594516 -0.073658407 -0.050505795 0.989155889
1754516510724372736.000000 -0.672871411 0.805564344 3.355637074 -0.116697721 -0.073755391 -0.050570253 0.989133239
1754516510757706496.000000 -0.673297405 0.806854725 3.356649160 -0.116498746 -0.073459968 -0.050487321 0.989182889
1754516510824374016.000000 -0.672193825 0.806852520 3.356368542 -0.116891086 -0.073553860 -0.050366793 0.989135742
1754516510891041280.000000 -0.671977460 0.807173610 3.355796337 -0.116816752 -0.073823586 -0.050200097 0.989132881
1754516510957708288.000000 -0.672054529 0.806982875 3.356558561 -0.116999865 -0.073808074 -0.050123375 0.989116311
1754516510991041536.000000 -0.672440469 0.806976557 3.356590509 -0.116779156 -0.073597871 -0.050085563 0.989160001
1754516511057708288.000000 -0.672689855 0.807248354 3.357190847 -0.116570026 -0.073081039 -0.049913846 0.989231706
1754516511091041536.000000 -0.672366142 0.807232022 3.357441187 -0.116685160 -0.072804198 -0.049703579 0.989249051
1754516511157706752.000000 -0.671622097 0.807283878 3.356808901 -0.116428599 -0.072596878 -0.049607750 0.989299357
1754516511224372736.000000 -0.671371937 0.806743324 3.356374979 -0.116862714 -0.073122099 -0.050161161 0.989181578
1754516511257705472.000000 -0.671371698 0.806849957 3.357303858 -0.116908342 -0.073517166 -0.050308600 0.989139378
1754516511324371200.000000 -0.672355533 0.807024300 3.357849598 -0.117222935 -0.073600858 -0.050835405 0.989068985
1754516511391036160.000000 -0.671794236 0.808091998 3.358593225 -0.117350847 -0.073582694 -0.050903592 0.989051700
1754516511457701632.000000 -0.672200024 0.806974769 3.357812643 -0.117449909 -0.073944710 -0.051166974 0.988999367
1754516511491034112.000000 -0.672360837 0.808254838 3.359604836 -0.117492445 -0.074133746 -0.051077928 0.988984764
1754516511557701120.000000 -0.673855960 0.808224976 3.360341549 -0.117145345 -0.074345432 -0.051214512 0.989002943
1754516511624368384.000000 -0.673875153 0.808755696 3.360464811 -0.116847463 -0.074448690 -0.051038340 0.989039540
1754516511657702400.000000 -0.674006343 0.809105694 3.360914230 -0.116747931 -0.074423857 -0.051081982 0.989050984
1754516511724369920.000000 -0.673725128 0.808695078 3.359953880 -0.116573364 -0.074629650 -0.051033657 0.989058554
1754516511791037440.000000 -0.673400819 0.808871150 3.359898567 -0.116260327 -0.074367858 -0.050929599 0.989120424
1754516511824371456.000000 -0.673392713 0.806895256 3.359737873 -0.116164781 -0.074355625 -0.051108092 0.989123344
1754516511891038720.000000 -0.673543990 0.807148695 3.357702017 -0.115787826 -0.074414551 -0.051226526 0.989157021
1754516511957705216.000000 -0.675474286 0.807131410 3.358800411 -0.115865938 -0.074142061 -0.051461190 0.989156127
1754516511991038720.000000 -0.674073815 0.807757199 3.358276606 -0.115886465 -0.074079864 -0.051437017 0.989159644
1754516512057704192.000000 -0.674178720 0.807481229 3.359068394 -0.116246492 -0.074079163 -0.051574070 0.989110291
1754516512124370432.000000 -0.673571169 0.807178020 3.358731508 -0.116663724 -0.074131511 -0.051654041 0.989053071
1754516512191036416.000000 -0.673399627 0.807824969 3.359244585 -0.117092796 -0.074215844 -0.051657069 0.988995850
1754516512224369408.000000 -0.673113108 0.807945848 3.359289885 -0.117390610 -0.074240431 -0.051585793 0.988962471
1754516512291034880.000000 -0.672786713 0.807882249 3.358810663 -0.118022874 -0.074330389 -0.051711410 0.988873899
1754516512357700096.000000 -0.674672484 0.809047282 3.361512899 -0.118160516 -0.074265473 -0.051807415 0.988857329
1754516512424365312.000000 -0.673124135 0.809133649 3.360079527 -0.117595680 -0.074697278 -0.051492274 0.988908589
1754516512491028992.000000 -0.673930168 0.808451116 3.359689474 -0.117375858 -0.074563406 -0.051770568 0.988930285
1754516512524366592.000000 -0.674575865 0.808954537 3.360214233 -0.117325224 -0.074504063 -0.051887244 0.988934696
1754516512591189504.000000 -0.674234331 0.808318317 3.359591484 -0.117185846 -0.075050391 -0.052254777 0.988890469
1754516512658014464.000000 -0.674837232 0.807766557 3.359512806 -0.116675541 -0.075367190 -0.052347362 0.988921821
1754516512724841216.000000 -0.674776852 0.808170557 3.359351158 -0.115906946 -0.075445697 -0.052131597 0.989017665
1754516512758254848.000000 -0.674910665 0.808185041 3.359046459 -0.115595832 -0.075371332 -0.052080944 0.989062369
1754516512825083904.000000 -0.675433457 0.808220923 3.358414173 -0.115115657 -0.075269811 -0.052093517 0.989125490
1754516512891914752.000000 -0.675096214 0.809887052 3.359409094 -0.114810273 -0.075388722 -0.051543441 0.989180744
1754516512925330944.000000 -0.673269570 0.808211923 3.356448650 -0.114822581 -0.075545058 -0.051574439 0.989165783
1754516512992163072.000000 -0.675650537 0.808637619 3.359187603 -0.115172371 -0.074752003 -0.051380306 0.989195406
1754516513058998272.000000 -0.673915863 0.806624949 3.356005669 -0.115274236 -0.075103432 -0.051433362 0.989154220
1754516513092416512.000000 -0.673121154 0.806700110 3.355488062 -0.115227908 -0.075256683 -0.051344976 0.989152551
1754516513159254016.000000 -0.672838509 0.806490541 3.354973555 -0.115224846 -0.075272366 -0.051507432 0.989143193
1754516513226093568.000000 -0.672615886 0.806650758 3.355216265 -0.115270600 -0.075303636 -0.051268309 0.989147961
1754516513259513856.000000 -0.672157228 0.806652784 3.355081081 -0.115243055 -0.075338386 -0.051165868 0.989153862
1754516513326355968.000000 -0.672045171 0.806549132 3.354605436 -0.115085430 -0.075382464 -0.051194083 0.989167392
1754516513393198592.000000 -0.672599256 0.805752814 3.355203390 -0.115019642 -0.075529441 -0.051190190 0.989163995
1754516513426621184.000000 -0.672224939 0.807133317 3.355654478 -0.114624120 -0.075542673 -0.051046077 0.989216328
1754516513493467392.000000 -0.672204256 0.806176484 3.354686260 -0.114694715 -0.075628623 -0.051166490 0.989195347
1754516513526885888.000000 -0.672325313 0.807230651 3.354667902 -0.114432350 -0.075558864 -0.051114414 0.989233792
1754516513593537536.000000 -0.671797574 0.807429373 3.354746342 -0.114706434 -0.075694740 -0.050961968 0.989199579
1754516513660188416.000000 -0.670454621 0.807200193 3.354704380 -0.115062706 -0.075700320 -0.050502606 0.989181280
1754516513693513728.000000 -0.670232475 0.807156920 3.354904890 -0.115327537 -0.075360797 -0.050393138 0.989181936
1754516513760163840.000000 -0.670010805 0.806728780 3.354947090 -0.116194144 -0.074952818 -0.050247576 0.989118934
1754516513826812416.000000 -0.670274913 0.807360470 3.355691195 -0.116580136 -0.075017095 -0.049841058 0.989089191
1754516513893461504.000000 -0.670014501 0.807729065 3.357070923 -0.116920441 -0.074692890 -0.049680378 0.989081621
1754516513960109824.000000 -0.669725418 0.807191133 3.356698751 -0.117040627 -0.074473836 -0.049620066 0.989086986
1754516513993433856.000000 -0.669999063 0.807845354 3.357228041 -0.116896018 -0.074265778 -0.049267080 0.989137352
1754516514060081408.000000 -0.669426918 0.806660116 3.356294155 -0.116583049 -0.074488156 -0.049406208 0.989150643
1754516514093405184.000000 -0.669843614 0.807025313 3.356071234 -0.116249248 -0.074368209 -0.049121186 0.989213109
1754516514160051968.000000 -0.669721365 0.806402266 3.355512619 -0.115782700 -0.073904723 -0.049045462 0.989306331
1754516514226698240.000000 -0.670077622 0.806611240 3.355122566 -0.115442492 -0.073582619 -0.049134690 0.989365697
1754516514293342976.000000 -0.670413136 0.806489885 3.355592251 -0.115538239 -0.073970087 -0.049327675 0.989316046
1754516514326665984.000000 -0.670397103 0.806159079 3.355459690 -0.115610093 -0.074109167 -0.049426980 0.989292264
1754516514393310464.000000 -0.670694649 0.805931389 3.355780363 -0.115741998 -0.074270800 -0.049800325 0.989245951
1754516514459954944.000000 -0.668460369 0.804122925 3.353513241 -0.115756944 -0.074343175 -0.049481768 0.989254832
1754516514493277184.000000 -0.669518948 0.805972040 3.355171919 -0.115789235 -0.073928475 -0.049108129 0.989300668
1754516514559925504.000000 -0.669790506 0.805345178 3.355767250 -0.116290927 -0.073678434 -0.049196206 0.989256144
1754516514626577664.000000 -0.669713855 0.806820989 3.356206894 -0.116096713 -0.073616281 -0.048798021 0.989303291
1754516514659903488.000000 -0.669521034 0.806633294 3.355506897 -0.116158493 -0.073699318 -0.049060382 0.989276886
1754516514726553600.000000 -0.669821084 0.806775689 3.355724335 -0.115969412 -0.074055344 -0.049247503 0.989263177
1754516514793204480.000000 -0.670200586 0.806882441 3.356575966 -0.115830906 -0.074207939 -0.049239159 0.989268422
1754516514826529792.000000 -0.670571327 0.806454301 3.356669664 -0.115758285 -0.074083738 -0.049308751 0.989282787
1754516514893179648.000000 -0.671215832 0.806856573 3.356917858 -0.115912721 -0.074051455 -0.049591571 0.989252925
1754516514959828992.000000 -0.671787918 0.806856811 3.357287645 -0.116049886 -0.074595042 -0.050017718 0.989174545
1754516514993153536.000000 -0.672014952 0.806894362 3.357092857 -0.115963519 -0.074930362 -0.050199848 0.989150107
1754516515059802368.000000 -0.670965135 0.806379855 3.355503559 -0.115743198 -0.075248040 -0.050472461 0.989137948
1754516515126450176.000000 -0.669801474 0.805944920 3.355137825 -0.115772411 -0.075255208 -0.050311007 0.989142179
1754516515193096960.000000 -0.672245085 0.806870222 3.356968164 -0.115643941 -0.074823342 -0.050415974 0.989184618
1754516515259744000.000000 -0.672355533 0.806968629 3.357647657 -0.115491897 -0.074702695 -0.050291121 0.989217877
1754516515293067264.000000 -0.672797263 0.806984901 3.357648611 -0.115463100 -0.074473619 -0.050382957 0.989233851
1754516515359713280.000000 -0.673921585 0.807373643 3.357944012 -0.115369014 -0.073693454 -0.050397512 0.989302516
1754516515426359040.000000 -0.674380600 0.807828605 3.358372450 -0.114906125 -0.074128106 -0.050736323 0.989306629
1754516515493004032.000000 -0.673781574 0.807776213 3.358258724 -0.115309738 -0.074646756 -0.051056366 0.989204168
1754516515559652864.000000 -0.672556639 0.807255805 3.358681202 -0.116030715 -0.074683309 -0.051296897 0.989104569
1754516515626304000.000000 -0.671625376 0.806361914 3.356889009 -0.116720885 -0.074464858 -0.051062830 0.989051998
1754516515659629568.000000 -0.672067583 0.806318641 3.356849670 -0.116928458 -0.074205056 -0.051012214 0.989049613
1754516515726280704.000000 -0.671310365 0.806182384 3.357849598 -0.117605381 -0.074322417 -0.050996326 0.988961399
1754516515792931328.000000 -0.670594454 0.806246579 3.358015060 -0.118364275 -0.074162513 -0.050608896 0.988902748
1754516515859581184.000000 -0.669521272 0.806183815 3.358561277 -0.119020961 -0.074307665 -0.050653379 0.988810718
1754516515926230784.000000 -0.668699920 0.806162596 3.359385490 -0.119283855 -0.074090138 -0.050109118 0.988823116
1754516515959555328.000000 -0.669200599 0.806472182 3.360227108 -0.119482532 -0.073742479 -0.050007939 0.988830268
1754516516026204160.000000 -0.669107199 0.806850791 3.360196590 -0.119532131 -0.073614687 -0.049938701 0.988837242
1754516516092851456.000000 -0.669268608 0.806778669 3.359887838 -0.119378202 -0.074027143 -0.050074287 0.988818228
1754516516126175232.000000 -0.671278477 0.809281290 3.363854408 -0.119200148 -0.073715165 -0.049825978 0.988875568
1754516516192822528.000000 -0.670736492 0.808557332 3.362951756 -0.118894897 -0.073525712 -0.049753681 0.988930047
1754516516259469312.000000 -0.670608163 0.807913005 3.362413883 -0.118949831 -0.073404528 -0.049877796 0.988926232
1754516516326115328.000000 -0.671331823 0.808241904 3.363299370 -0.118775152 -0.073786169 -0.050070293 0.988909006
1754516516359438336.000000 -0.672039092 0.808834553 3.364510536 -0.118787095 -0.073795184 -0.049883980 0.988916397
1754516516426084096.000000 -0.672008991 0.808653057 3.364500046 -0.118663713 -0.073401891 -0.049800478 0.988964617
1754516516459406336.000000 -0.671473265 0.808821142 3.364303827 -0.118595280 -0.073198035 -0.049714528 0.988992274
1754516516526052096.000000 -0.671606243 0.808977604 3.364851236 -0.118561722 -0.073482312 -0.049579185 0.988982022
1754516516626163968.000000 -0.671509862 0.809411585 3.364059210 -0.118251517 -0.073869564 -0.049938779 0.988972247
1754516516659535616.000000 -0.671324611 0.809343994 3.365061760 -0.118451037 -0.073854901 -0.049964380 0.988948107
1754516516726279936.000000 -0.671769977 0.809181869 3.364674568 -0.118451975 -0.073724985 -0.050000265 0.988955915
1754516516793026560.000000 -0.671593726 0.809055805 3.365582228 -0.118985496 -0.073747635 -0.050408065 0.988869429
1754516516859774208.000000 -0.672558784 0.810259104 3.366803408 -0.119207457 -0.073907554 -0.050590236 0.988821507
1754516516893148928.000000 -0.672633588 0.809698284 3.365481615 -0.119167708 -0.073983103 -0.050893452 0.988805115
1754516516959898624.000000 -0.673759460 0.809863985 3.365808249 -0.119005866 -0.073700637 -0.051413748 0.988818765
1754516517026651136.000000 -0.674437761 0.809510171 3.365936756 -0.118739419 -0.073904783 -0.051720988 0.988819540
1754516517093405184.000000 -0.675202787 0.808959544 3.365533590 -0.118810765 -0.073628612 -0.052143067 0.988809407
1754516517126782976.000000 -0.675844848 0.809397817 3.364342451 -0.118714228 -0.073353201 -0.052336860 0.988831222
1754516517193539840.000000 -0.676597536 0.809690535 3.365086079 -0.118843481 -0.073500440 -0.052642614 0.988788545
1754516517260298496.000000 -0.676547587 0.808668971 3.363489389 -0.118857875 -0.073692463 -0.052876219 0.988759995
1754516517293678592.000000 -0.676657856 0.810269475 3.364933968 -0.118502527 -0.073715612 -0.052749414 0.988807738
1754516517360439808.000000 -0.676556706 0.810082018 3.364394903 -0.118530445 -0.073887534 -0.052654091 0.988796592
1754516517427202048.000000 -0.675628364 0.809818745 3.364486217 -0.118390992 -0.073780686 -0.052507475 0.988829076
1754516517460583936.000000 -0.675730288 0.810121357 3.364463091 -0.118215285 -0.073844440 -0.052394710 0.988851368
1754516517527347456.000000 -0.675146818 0.809753597 3.364142656 -0.117732339 -0.073869772 -0.052241579 0.988915205
1754516517560681472.000000 -0.675322831 0.809467077 3.363467455 -0.117622048 -0.073665604 -0.052292395 0.988940835
1754516517627349760.000000 -0.675473988 0.809697449 3.363547564 -0.117446378 -0.073807858 -0.052476168 0.988941371
1754516517694017536.000000 -0.676414192 0.809958398 3.362798691 -0.117232963 -0.073930301 -0.052466340 0.988958120
1754516517727351552.000000 -0.676096916 0.809218407 3.362103224 -0.117379025 -0.073876485 -0.052570634 0.988939226
1754516517794018560.000000 -0.676268220 0.809077144 3.362061024 -0.117455378 -0.073731951 -0.052757610 0.988931000
1754516517860684800.000000 -0.675719619 0.808996856 3.361164808 -0.117670454 -0.073666178 -0.052593321 0.988919139
1754516517927351552.000000 -0.675161541 0.808983088 3.360740423 -0.118095919 -0.073795289 -0.052681264 0.988854051
1754516517994018304.000000 -0.675415754 0.809063256 3.360511065 -0.118541375 -0.074152879 -0.052704822 0.988772750
1754516518027351296.000000 -0.675866127 0.808830440 3.360696316 -0.118897527 -0.074052662 -0.052701999 0.988737643
1754516518094017536.000000 -0.675591648 0.808463693 3.359747648 -0.118692771 -0.074020892 -0.052779149 0.988760531
1754516518160683520.000000 -0.673663199 0.807756841 3.358663559 -0.118269585 -0.074558385 -0.052161604 0.988803625
1754516518227349248.000000 -0.672941983 0.808901608 3.357215643 -0.117261082 -0.074464977 -0.051794436 0.988950074
1754516518294013696.000000 -0.673450291 0.807801068 3.357447863 -0.116823733 -0.074695744 -0.051855054 0.988981187
1754516518327346432.000000 -0.672746658 0.807703912 3.355081558 -0.116440542 -0.075004488 -0.051754542 0.989008307
1754516518394011392.000000 -0.672732890 0.806937873 3.353523493 -0.115493022 -0.075273857 -0.051719118 0.989100814
1754516518427343872.000000 -0.672522843 0.807368696 3.353295565 -0.115071706 -0.075368166 -0.051660843 0.989145756
1754516518494008576.000000 -0.672547698 0.807343662 3.352591753 -0.114577241 -0.075296931 -0.051704921 0.989206254
1754516518560674560.000000 -0.672241211 0.807143748 3.351268291 -0.114328869 -0.075311698 -0.051708769 0.989233673
1754516518627341824.000000 -0.671787739 0.806552052 3.350596428 -0.114412650 -0.075583950 -0.051595189 0.989209175
1754516518660675072.000000 -0.672146559 0.805978060 3.350161076 -0.114331685 -0.075463034 -0.051829603 0.989215553
1754516518727341056.000000 -0.671844304 0.805565059 3.349314451 -0.114521965 -0.075220026 -0.052127358 0.989196360
1754516518794007296.000000 -0.671649158 0.805746794 3.348146677 -0.114535071 -0.075740188 -0.052125696 0.989155233
1754516518860673792.000000 -0.671885908 0.806071043 3.347921610 -0.114592455 -0.076674290 -0.052635472 0.989049673
1754516518894006272.000000 -0.672512472 0.805135250 3.347335100 -0.115048371 -0.076820374 -0.052699581 0.988981903
1754516518960672256.000000 -0.672721028 0.804830730 3.346931458 -0.115275346 -0.077223115 -0.052568786 0.988931179
1754516519027337472.000000 -0.671910107 0.804370761 3.346307039 -0.114997260 -0.077222042 -0.052034035 0.988991857
1754516519060670464.000000 -0.671221554 0.804224789 3.345860243 -0.114567302 -0.077127956 -0.051851008 0.989058733
1754516519127335424.000000 -0.670515418 0.803802073 3.345656872 -0.113742061 -0.077928968 -0.051655903 0.989101410
1754516519193999360.000000 -0.669690728 0.803909659 3.346234083 -0.113583632 -0.077827252 -0.050837003 0.989170015
1754516519227331584.000000 -0.669073343 0.804224253 3.346908331 -0.113875143 -0.077184044 -0.050841670 0.989186704
1754516519260663808.000000 -0.669983506 0.805354357 3.350070715 -0.114525594 -0.076520771 -0.050875876 0.989161372
1754516519327328256.000000 -0.668946683 0.805118322 3.349094391 -0.115992494 -0.076815754 -0.050920296 0.988965273
1754516519393992192.000000 -0.669722021 0.805677772 3.351460457 -0.117308766 -0.077538811 -0.051040526 0.988747358
1754516519427324416.000000 -0.669317782 0.805987000 3.351332426 -0.117761329 -0.077478595 -0.050880391 0.988706529
1754516519493987840.000000 -0.668695748 0.806020081 3.352558613 -0.118300311 -0.076599605 -0.050346550 0.988738000
1754516519527319808.000000 -0.668807864 0.806244791 3.353736639 -0.118477270 -0.076148100 -0.050171707 0.988760591
1754516519593987328.000000 -0.670010209 0.806564987 3.355591297 -0.118571930 -0.076247700 -0.049824290 0.988759100
1754516519660653568.000000 -0.670061886 0.806009591 3.355364323 -0.118269637 -0.076399289 -0.049933739 0.988778055
1754516519727320832.000000 -0.670872271 0.806218743 3.356188297 -0.118226379 -0.075911917 -0.050228603 0.988805830
1754516519760654336.000000 -0.670946240 0.806524456 3.356420994 -0.118324272 -0.075888075 -0.050158054 0.988799572
1754516519827320832.000000 -0.671349585 0.807645738 3.358642817 -0.118626550 -0.075968407 -0.050419334 0.988743842
1754516519860654080.000000 -0.670849025 0.807990491 3.358340740 -0.118542075 -0.075813264 -0.050546147 0.988759458
1754516519927320320.000000 -0.671280324 0.807329595 3.358384132 -0.118734188 -0.075622134 -0.050763961 0.988739908
1754516519960653312.000000 -0.670464098 0.807809472 3.358417749 -0.118621074 -0.075636148 -0.050811648 0.988749921
1754516520027319552.000000 -0.670527816 0.808327973 3.359458923 -0.118620075 -0.075089619 -0.050745223 0.988795102
1754516520093984000.000000 -0.671355128 0.808048487 3.359132051 -0.118478514 -0.074561127 -0.050962579 0.988840938
1754516520127316736.000000 -0.671111345 0.808153868 3.359219790 -0.118545637 -0.074437991 -0.051031068 0.988838613
1754516520193981696.000000 -0.671492875 0.808568656 3.359833717 -0.118865579 -0.074637242 -0.051145051 0.988779306
1754516520260646912.000000 -0.671713531 0.808890462 3.360020638 -0.118670151 -0.074567452 -0.050920181 0.988819659
1754516520327311360.000000 -0.672594905 0.808633089 3.360580444 -0.118069224 -0.074371010 -0.050842043 0.988910377
1754516520393975552.000000 -0.672485828 0.809023201 3.360481262 -0.117225006 -0.074594423 -0.050866619 0.988992691
1754516520427307520.000000 -0.671517134 0.807655096 3.359255791 -0.117056079 -0.074776478 -0.050695818 0.989007771
1754516520493970688.000000 -0.671601772 0.808183789 3.359532833 -0.116684504 -0.074912056 -0.050439619 0.989054501
1754516520560636416.000000 -0.670821846 0.808357656 3.358849764 -0.116555713 -0.075155511 -0.050333411 0.989056587
1754516520593970432.000000 -0.671152830 0.808223546 3.358790159 -0.116462737 -0.075457320 -0.050528176 0.989034712
1754516520660637696.000000 -0.671058953 0.807748437 3.357646704 -0.115872048 -0.075912528 -0.050466862 0.989072382
1754516520727304704.000000 -0.669903040 0.806988537 3.357149601 -0.115348816 -0.076004110 -0.050138660 0.989143133
1754516520760638208.000000 -0.670275927 0.807149947 3.356893539 -0.114978969 -0.075782575 -0.050022587 0.989209116
1754516520827304960.000000 -0.668722153 0.806952536 3.353675604 -0.114111088 -0.076051503 -0.049548805 0.989312768
1754516520893971200.000000 -0.668929458 0.807385206 3.354406595 -0.113669679 -0.076165922 -0.049632613 0.989350617
1754516520960636416.000000 -0.670069158 0.806633770 3.355370045 -0.113540687 -0.076151781 -0.049857654 0.989355147
1754516521027302144.000000 -0.668635726 0.806224883 3.353715181 -0.112906583 -0.076232746 -0.049289078 0.989449978
1754516521060635136.000000 -0.669479489 0.806236207 3.354025841 -0.112807333 -0.075990543 -0.049311295 0.989478886
1754516521127300608.000000 -0.669462025 0.806124866 3.354039431 -0.112857468 -0.075683154 -0.048942324 0.989515007
1754516521193965568.000000 -0.668457806 0.805930853 3.352990627 -0.113080546 -0.075997122 -0.048713569 0.989476740
1754516521227298048.000000 -0.668457866 0.806045175 3.353458166 -0.113237508 -0.075988717 -0.048659232 0.989462197
1754516521293963008.000000 -0.668343842 0.806809068 3.354448318 -0.113249876 -0.076068133 -0.048527513 0.989461064
1754516521360627456.000000 -0.668606222 0.806139886 3.354299784 -0.113135025 -0.076190963 -0.048339792 0.989473939
1754516521393958656.000000 -0.668290675 0.806102812 3.354166985 -0.113188267 -0.076047182 -0.048233878 0.989484131
1754516521460622592.000000 -0.668165803 0.807505786 3.354336023 -0.113118321 -0.075436771 -0.048043590 0.989548087
1754516521493954560.000000 -0.666772604 0.806691289 3.354235888 -0.113500282 -0.075430192 -0.047982112 0.989507794
1754516521560620032.000000 -0.667134523 0.806764603 3.354672909 -0.113619402 -0.075540595 -0.048153944 0.989477396
1754516521593953280.000000 -0.666969895 0.806712210 3.354397058 -0.113678671 -0.075510480 -0.048245449 0.989468455
1754516521660620032.000000 -0.667065442 0.806319773 3.353729486 -0.113775313 -0.075453386 -0.048351582 0.989456475
1754516521727285760.000000 -0.667160749 0.806330681 3.353550911 -0.113643989 -0.075269893 -0.048428603 0.989481807
1754516521760619008.000000 -0.667750180 0.806160331 3.353883505 -0.113534816 -0.075221434 -0.048553646 0.989491880
1754516521827283712.000000 -0.667697489 0.806063950 3.353470087 -0.113402694 -0.075478181 -0.048717305 0.989479482
1754516521893948928.000000 -0.667847931 0.806387544 3.353901148 -0.113522097 -0.075437218 -0.048916467 0.989459038
1754516521960614144.000000 -0.668078363 0.806757152 3.353273630 -0.113162041 -0.075478353 -0.049038447 0.989491165
1754516521993946880.000000 -0.668476224 0.806416035 3.353372812 -0.113479182 -0.075634822 -0.049277335 0.989431024
1754516522060611328.000000 -0.668563068 0.805971324 3.353482962 -0.114072785 -0.075803719 -0.049712304 0.989328027
1754516522127276032.000000 -0.667872250 0.805956542 3.353263617 -0.114301406 -0.075797200 -0.049666971 0.989304423
1754516522193939968.000000 -0.669172049 0.806649208 3.353257418 -0.113925338 -0.075969629 -0.049866270 0.989324570
1754516522227271936.000000 -0.670072675 0.806698620 3.353513002 -0.113953330 -0.076076955 -0.050113712 0.989300549
1754516522293934848.000000 -0.670840502 0.806745768 3.353453875 -0.114337690 -0.076436572 -0.050498419 0.989208937
1754516522360598016.000000 -0.671130717 0.807504117 3.354133606 -0.114568621 -0.076775126 -0.050671343 0.989147127
1754516522393929728.000000 -0.671382487 0.807479858 3.354412794 -0.114704937 -0.076750144 -0.050763320 0.989128530
1754516522460592640.000000 -0.671336293 0.807605207 3.354752064 -0.114281118 -0.076428048 -0.050860338 0.989197552
1754516522527255552.000000 -0.671306133 0.807811856 3.355599403 -0.113812402 -0.076477885 -0.050747115 0.989253581
1754516522560588800.000000 -0.671299458 0.807448089 3.355545282 -0.113661312 -0.076159269 -0.050470825 0.989309669
1754516522627255296.000000 -0.671297073 0.807163775 3.355799437 -0.113909282 -0.075914003 -0.050650757 0.989290833
1754516522693921024.000000 -0.671614885 0.807826340 3.356737614 -0.115089521 -0.075724311 -0.050924048 0.989154696
1754516522760585728.000000 -0.672483027 0.806461155 3.356369019 -0.115748011 -0.075760201 -0.051406659 0.989050150
1754516522793918464.000000 -0.673342288 0.806335390 3.356442690 -0.115725279 -0.075716406 -0.051515102 0.989050508
1754516522860583680.000000 -0.672939181 0.805989385 3.356224537 -0.115736991 -0.075639442 -0.051704135 0.989045203
1754516522927248640.000000 -0.673383474 0.806139469 3.356306076 -0.116090320 -0.075329281 -0.051776949 0.989023626
1754516522960581120.000000 -0.673399985 0.806195021 3.356770754 -0.116349354 -0.075370051 -0.051755413 0.988991201
1754516523027245568.000000 -0.673428535 0.806294799 3.357710123 -0.116494514 -0.075519443 -0.051735029 0.988963842
1754516523060577792.000000 -0.673328161 0.806412280 3.357311487 -0.116454691 -0.075354964 -0.051617023 0.988987207
1754516523127241728.000000 -0.672988176 0.806680024 3.357133389 -0.116465822 -0.075171597 -0.051749792 0.988992929
1754516523193904896.000000 -0.673938870 0.809032321 3.359558582 -0.116706394 -0.075253859 -0.051638138 0.988964140
1754516523227236608.000000 -0.674419105 0.808487236 3.359124422 -0.116963871 -0.075350910 -0.051948205 0.988910079
1754516523293900288.000000 -0.673190415 0.808908880 3.359711409 -0.117141210 -0.075302906 -0.052036688 0.988888085
1754516523360563200.000000 -0.673203528 0.808594823 3.359683990 -0.117350943 -0.075095430 -0.052169178 0.988871992
1754516523393894400.000000 -0.672979534 0.808923960 3.359875441 -0.117375173 -0.074953355 -0.052194607 0.988878608
1754516523460557568.000000 -0.672588050 0.808752418 3.359966278 -0.117262885 -0.075131558 -0.052155636 0.988880455
1754516523527219712.000000 -0.672730029 0.808751643 3.359775543 -0.117437057 -0.075055197 -0.052156493 0.988865495
1754516523560553984.000000 -0.672923982 0.808699548 3.359873056 -0.117622972 -0.075028419 -0.052208114 0.988842785
1754516523627220992.000000 -0.673251331 0.809156895 3.360349178 -0.117851615 -0.074830480 -0.052132096 0.988834500
1754516523693889024.000000 -0.673079908 0.807690501 3.359195471 -0.117861159 -0.074857965 -0.052089307 0.988833547
1754516523760556800.000000 -0.673555732 0.809550166 3.360724688 -0.117946789 -0.074393846 -0.051870968 0.988869846
1754516523793890560.000000 -0.673893154 0.809426665 3.361533165 -0.117995761 -0.074185036 -0.051851343 0.988880694
1754516523860557568.000000 -0.673341334 0.809756458 3.361143112 -0.117881872 -0.074617252 -0.051830083 0.988862932
1754516523893891072.000000 -0.672649443 0.809927821 3.360764742 -0.117962345 -0.074975766 -0.051916122 0.988821685
1754516523960557824.000000 -0.672408998 0.809869528 3.360094070 -0.118023947 -0.075213082 -0.052149344 0.988784015
1754516524027224320.000000 -0.672722459 0.809865654 3.360538244 -0.118259639 -0.075026661 -0.052030381 0.988776267
1754516524093889792.000000 -0.672750592 0.809487283 3.360724926 -0.118437596 -0.074880928 -0.051944416 0.988770604
1754516524127222528.000000 -0.672433078 0.808954239 3.360258341 -0.118467055 -0.075039655 -0.052006271 0.988751769
1754516524193888768.000000 -0.672034800 0.808568478 3.358896494 -0.117980838 -0.075531639 -0.051793028 0.988783658
1754516524260554240.000000 -0.672575235 0.808132350 3.359004736 -0.117796741 -0.075335704 -0.051939670 0.988812804
1754516524293886976.000000 -0.673462927 0.809646547 3.360902548 -0.118245259 -0.075441152 -0.052193128 0.988737881
1754516524360552192.000000 -0.673001945 0.809726417 3.360049486 -0.119702652 -0.076019697 -0.052659411 0.988493502
1754516524393884416.000000 -0.674387515 0.810577691 3.361113787 -0.120346613 -0.075985178 -0.052853249 0.988407552
1754516524460549376.000000 -0.674550831 0.810413003 3.361154556 -0.120420821 -0.076014340 -0.053076196 0.988384366
1754516524527213056.000000 -0.674516499 0.810617864 3.361410141 -0.119566746 -0.076043673 -0.052713960 0.988505125
1754516524560547328.000000 -0.674702764 0.810300469 3.360662460 -0.119303711 -0.076105446 -0.052805688 0.988527298
1754516524627215616.000000 -0.674722731 0.809675992 3.360053062 -0.118735388 -0.076129198 -0.052878767 0.988589942
1754516524660549888.000000 -0.674504280 0.809409201 3.359366179 -0.118680827 -0.076138839 -0.052753951 0.988602459
1754516524727217408.000000 -0.675376117 0.809309304 3.360150576 -0.119116709 -0.076060653 -0.052915353 0.988547444
1754516524793885184.000000 -0.674357057 0.809471250 3.360027790 -0.119236134 -0.075768359 -0.052786510 0.988562346
1754516524827218944.000000 -0.674095809 0.810318887 3.360125065 -0.119165353 -0.075657599 -0.052735239 0.988582134
1754516524893886464.000000 -0.673840880 0.810647666 3.359721422 -0.118651874 -0.075559400 -0.052507430 0.988663554
1754516524960552448.000000 -0.673856854 0.809813023 3.359818459 -0.118771799 -0.075029612 -0.052614331 0.988683760
1754516524993885696.000000 -0.674931169 0.808891356 3.359994411 -0.119068816 -0.074697003 -0.053037137 0.988650680
1754516525060552704.000000 -0.675208688 0.809248090 3.360598803 -0.119377263 -0.074717164 -0.053231463 0.988601446
1754516525127218944.000000 -0.675220490 0.809701860 3.360837698 -0.119308218 -0.074664831 -0.053054117 0.988623321
1754516525160551936.000000 -0.675040424 0.809438884 3.360585928 -0.119286619 -0.074682288 -0.053066935 0.988623917
1754516525227218176.000000 -0.674802542 0.808972359 3.360582590 -0.119321369 -0.074743368 -0.052834585 0.988627553
1754516525293884160.000000 -0.674790144 0.809009612 3.360754728 -0.119043298 -0.074648045 -0.052865967 0.988666594
1754516525327216896.000000 -0.674349070 0.809037447 3.361034393 -0.118848801 -0.074639037 -0.052693650 0.988699853
1754516525393881344.000000 -0.673339844 0.809525013 3.359350204 -0.118204094 -0.074536622 -0.052281965 0.988806725
1754516525460546560.000000 -0.672965944 0.810410023 3.359787703 -0.118471004 -0.074453101 -0.052277308 0.988781333
1754516525493878784.000000 -0.673502207 0.809229612 3.360241175 -0.118720479 -0.074446827 -0.052496087 0.988740325
1754516525560545792.000000 -0.674408376 0.809394300 3.361211300 -0.118773773 -0.074985400 -0.052527506 0.988691568
1754516525593880064.000000 -0.673999369 0.809681594 3.360415220 -0.118485592 -0.075298913 -0.052466422 0.988705456
1754516525660548096.000000 -0.674005687 0.809596121 3.359966278 -0.117821231 -0.075467654 -0.053071145 0.988739789
1754516525727215872.000000 -0.673956871 0.808724880 3.358514786 -0.115258135 -0.075705625 -0.053493936 0.989000857
1754516525793883648.000000 -0.674518406 0.807303607 3.355966091 -0.110036686 -0.076718464 -0.054374222 0.989469409
1754516525827216384.000000 -0.674695194 0.805937588 3.353959322 -0.105676904 -0.077024311 -0.055362254 0.989866018
1754516525893883392.000000 -0.676054478 0.804450512 3.351838112 -0.097076818 -0.076559231 -0.056416884 0.990722895
1754516525960550656.000000 -0.675728977 0.803525507 3.349215984 -0.091872633 -0.078223214 -0.055400599 0.991146505
1754516525993883904.000000 -0.675973117 0.803578019 3.350311041 -0.091164142 -0.079610541 -0.054439981 0.991154671
1754516526060550400.000000 -0.674860179 0.803289354 3.349544287 -0.089224473 -0.082969934 -0.052056063 0.991183758
1754516526127216896.000000 -0.674044549 0.802137375 3.347818851 -0.083662339 -0.086274013 -0.049518730 0.991516709
1754516526193882624.000000 -0.673862338 0.800330460 3.344940662 -0.074773937 -0.089121789 -0.046900384 0.992102146
1754516526227215872.000000 -0.673899472 0.799472928 3.343926668 -0.069836415 -0.090923101 -0.045497347 0.992363870
1754516526293880576.000000 -0.672722578 0.797218323 3.340271473 -0.060141247 -0.094724908 -0.042181470 0.992789507
1754516526360545792.000000 -0.671743691 0.795926034 3.338200331 -0.052700046 -0.098627366 -0.039071724 0.992959619
1754516526393878528.000000 -0.671163321 0.795983016 3.337386131 -0.049773004 -0.100553669 -0.037361011 0.992983282
1754516526460543488.000000 -0.671460509 0.795284033 3.337192059 -0.048187479 -0.103806965 -0.034417611 0.992833138
1754516526493875968.000000 -0.670868099 0.796696901 3.339229345 -0.048094347 -0.105180494 -0.031795450 0.992780566
1754516526560542720.000000 -0.670291841 0.797733128 3.341022015 -0.048801601 -0.106651001 -0.027722804 0.992711246
1754516526627211264.000000 -0.670697689 0.797818661 3.341428995 -0.049684413 -0.106397890 -0.026775176 0.992720544
1754516526660545536.000000 -0.671098113 0.797211409 3.341778517 -0.050419759 -0.105775185 -0.027012894 0.992743611
1754516526727212800.000000 -0.671505570 0.797681689 3.342568159 -0.050975204 -0.104900517 -0.027126815 0.992804945
1754516526793880832.000000 -0.671566725 0.797230661 3.342030287 -0.050848383 -0.104026914 -0.027840737 0.992883563
1754516526860548608.000000 -0.671515644 0.797688782 3.343683720 -0.049947035 -0.104204230 -0.027481377 0.992920697
1754516526893882368.000000 -0.671550572 0.797155261 3.342974663 -0.049482595 -0.104376793 -0.027596151 0.992922723
1754516526960549888.000000 -0.671196938 0.796733618 3.341403246 -0.046769895 -0.104740247 -0.028401166 0.992993176
1754516527027216896.000000 -0.671786070 0.797051191 3.341796398 -0.045575526 -0.105768241 -0.029787054 0.992899179
1754516527093883648.000000 -0.672109425 0.797244310 3.341390371 -0.043254428 -0.106739081 -0.030413488 0.992880106
1754516527127217152.000000 -0.672331214 0.797207177 3.341249228 -0.042573702 -0.107157513 -0.030763723 0.992853701
1754516527193882368.000000 -0.672189295 0.797551095 3.341794491 -0.041885212 -0.107579812 -0.031079309 0.992827475
1754516527260548864.000000 -0.673035026 0.797305226 3.342567444 -0.040591020 -0.107201628 -0.031854529 0.992897511
1754516527293881856.000000 -0.673235059 0.796732664 3.341983557 -0.039481774 -0.107028052 -0.032025959 0.992955446
1754516527360547840.000000 -0.673098743 0.797775209 3.342665195 -0.038039107 -0.106109053 -0.031826310 0.993116856
1754516527427213312.000000 -0.673295379 0.797649443 3.342743397 -0.036976531 -0.105646044 -0.032405160 0.993187606
1754516527460546304.000000 -0.674622178 0.796162665 3.339895010 -0.037270814 -0.105714686 -0.032682259 0.993160188
1754516527527211520.000000 -0.673614740 0.796077013 3.341150045 -0.037118785 -0.106863923 -0.032811787 0.993038654
1754516527593880320.000000 -0.673336208 0.796247363 3.340078831 -0.037103999 -0.106769234 -0.033192497 0.993036747
1754516527627213824.000000 -0.672830284 0.796358883 3.339916945 -0.037693802 -0.106803685 -0.033242721 0.993009150
1754516527693881856.000000 -0.672981560 0.796782196 3.341034889 -0.037870090 -0.106288992 -0.033370823 0.993053317
1754516527727216128.000000 -0.673824847 0.796957970 3.341963768 -0.038472362 -0.105850048 -0.033625301 0.993068457
1754516527793884160.000000 -0.674380243 0.798508942 3.344622850 -0.041213837 -0.105392992 -0.034697559 0.992970228
1754516527827218176.000000 -0.674875975 0.798189402 3.344973803 -0.043230724 -0.104993381 -0.036107648 0.992876530
1754516527893885952.000000 -0.676188409 0.797898829 3.344140530 -0.045050368 -0.104244873 -0.037418477 0.992825985
1754516527960552960.000000 -0.676581562 0.797448099 3.342940807 -0.045629907 -0.104520157 -0.037001733 0.992786169
1754516527993886720.000000 -0.677104175 0.798110783 3.342211246 -0.046626054 -0.104124725 -0.036740597 0.992791116
1754516528060552960.000000 -0.674791276 0.796924710 3.339712620 -0.048883568 -0.102929771 -0.037247706 0.992788255
1754516528127219456.000000 -0.675189793 0.796242833 3.338999033 -0.050670505 -0.100608066 -0.037682682 0.992920220
1754516528160552704.000000 -0.675207257 0.795907617 3.338449717 -0.050880384 -0.099902943 -0.037937220 0.992971003
1754516528227219456.000000 -0.674301803 0.795973361 3.338210344 -0.052860357 -0.097696319 -0.039251357 0.993036091
1754516528260552192.000000 -0.673418462 0.796305299 3.338242292 -0.054758564 -0.096301302 -0.039679755 0.993052483
1754516528327218176.000000 -0.673457861 0.795219779 3.339189291 -0.054739546 -0.094064407 -0.039444223 0.993277252
1754516528393883904.000000 -0.672652841 0.794190705 3.337450743 -0.054223638 -0.092991360 -0.038340967 0.993449807
1754516528427216896.000000 -0.672022581 0.793894887 3.336588621 -0.053685740 -0.092462718 -0.038573254 0.993519366
1754516528493881344.000000 -0.671722889 0.792620420 3.335551739 -0.053020451 -0.090965770 -0.039760780 0.993646383
1754516528527215360.000000 -0.672002256 0.793149054 3.336910248 -0.053011253 -0.090352446 -0.040004369 0.993693054
1754516528593967360.000000 -0.672334075 0.792554617 3.335169554 -0.052103166 -0.089538746 -0.040384285 0.993799388
1754516528660721920.000000 -0.673685610 0.792981684 3.337078333 -0.052450210 -0.088522628 -0.040029630 0.993886530
1754516528694099712.000000 -0.672539532 0.792575002 3.334909201 -0.052906275 -0.087755643 -0.039912049 0.993935108
1754516528760856832.000000 -0.672081292 0.792226732 3.333328962 -0.051439464 -0.085842617 -0.040232252 0.994166195
1754516528827616256.000000 -0.672140837 0.791091979 3.331099749 -0.049251094 -0.083547518 -0.042229928 0.994389653
1754516528860996608.000000 -0.672207117 0.790889382 3.329913616 -0.048692603 -0.083147876 -0.043438248 0.994398713
1754516528927758592.000000 -0.672899902 0.790515780 3.329371452 -0.045940399 -0.083773583 -0.044049073 0.994450152
1754516528994521856.000000 -0.672452748 0.790381789 3.328010798 -0.043904718 -0.085806549 -0.044344440 0.994355679
1754516529027904768.000000 -0.672249615 0.790221453 3.326489925 -0.043069918 -0.086649336 -0.044910830 0.994293749
1754516529094671872.000000 -0.672809362 0.789225459 3.325022221 -0.041152608 -0.087974899 -0.045343827 0.994238853
1754516529161440768.000000 -0.672580481 0.789531469 3.324551344 -0.039384641 -0.089556672 -0.044957820 0.994186759
1754516529228211968.000000 -0.673173666 0.789040267 3.322928667 -0.038427673 -0.090724193 -0.045172751 0.994108617
1754516529261598208.000000 -0.673571885 0.788761377 3.322354555 -0.038361162 -0.090856411 -0.045486778 0.994084775
1754516529328372224.000000 -0.673287332 0.788705528 3.321672201 -0.038072575 -0.090475120 -0.045111891 0.994147778
1754516529361760000.000000 -0.672951341 0.787762880 3.320532322 -0.037706055 -0.090894781 -0.044505809 0.994150698
1754516529428536064.000000 -0.672564566 0.787282407 3.319491863 -0.037243199 -0.092000231 -0.043304853 0.994119525
1754516529461925376.000000 -0.672403514 0.787020862 3.318957806 -0.036823906 -0.092193648 -0.042570353 0.994148970
1754516529495314944.000000 -0.672799885 0.786535025 3.318571806 -0.036579460 -0.091843657 -0.041873086 0.994220018
1754516529562044928.000000 -0.671364486 0.786318958 3.317130327 -0.036617659 -0.090536281 -0.040084627 0.994412184
1754516529628727808.000000 -0.669781566 0.785779953 3.315034628 -0.036686018 -0.088912062 -0.038586736 0.994615495
1754516529662069504.000000 -0.669642866 0.784958243 3.315530539 -0.036420252 -0.088107415 -0.037935168 0.994721949
1754516529728752640.000000 -0.669596732 0.786533833 3.315879822 -0.037102200 -0.086278893 -0.036616985 0.994906366
1754516529795436032.000000 -0.669302762 0.786832631 3.315860033 -0.038442984 -0.083711833 -0.035688765 0.995108485
1754516529828776448.000000 -0.668979585 0.787152708 3.315158367 -0.038662393 -0.082606986 -0.035249300 0.995207965
1754516529895459584.000000 -0.669165492 0.786340535 3.312855244 -0.038038980 -0.080440596 -0.035043728 0.995416701
1754516529962142720.000000 -0.668745458 0.785927892 3.311274052 -0.036853664 -0.078690752 -0.035330851 0.995590985
1754516529995484416.000000 -0.668977618 0.785547853 3.310034037 -0.036332469 -0.078048527 -0.035722006 0.995646715
1754516530062167296.000000 -0.669775784 0.785576701 3.309692383 -0.036082823 -0.077640519 -0.036140144 0.995672584
1754516530095508992.000000 -0.669627964 0.784140050 3.307727098 -0.036280978 -0.077460669 -0.036528163 0.995665252
1754516530162192128.000000 -0.669664204 0.785238326 3.307963371 -0.036609348 -0.076344185 -0.037159398 0.995716155
1754516530228875520.000000 -0.671295881 0.786602676 3.309261322 -0.038186010 -0.075984798 -0.038087249 0.995649278
1754516530262216960.000000 -0.672950625 0.786943913 3.310449362 -0.039460681 -0.076795906 -0.038939323 0.995504439
1754516530328899072.000000 -0.675060213 0.787853837 3.311123133 -0.040106330 -0.078498892 -0.039521545 0.995322883
1754516530395582208.000000 -0.676294506 0.787479341 3.311301708 -0.039636996 -0.079113290 -0.039800029 0.995281875
1754516530428923904.000000 -0.676972628 0.786960363 3.311313391 -0.039602697 -0.078983657 -0.039716594 0.995296896
1754516530495606784.000000 -0.677492380 0.787284732 3.312043905 -0.039533094 -0.078266330 -0.039228398 0.995375633
1754516530528948480.000000 -0.677824557 0.787489593 3.312105417 -0.038785089 -0.079032846 -0.039020337 0.995352685
1754516530595632128.000000 -0.678826451 0.788206935 3.313172817 -0.039208118 -0.080927745 -0.037939865 0.995225608
1754516530662315520.000000 -0.679330826 0.787732065 3.313838243 -0.039886966 -0.080176070 -0.037855595 0.995262742
1754516530695657472.000000 -0.679928780 0.788140655 3.314261913 -0.039868884 -0.079301916 -0.037942495 0.995330215
1754516530762339840.000000 -0.681221783 0.788184166 3.315740585 -0.041410811 -0.079533212 -0.038621165 0.995222628
1754516530795681792.000000 -0.681846261 0.789210737 3.316188097 -0.042271048 -0.080481350 -0.039188825 0.995088041
1754516530862365184.000000 -0.682604730 0.790441453 3.318175554 -0.043716572 -0.080929406 -0.040032532 0.994955659
1754516530929048832.000000 -0.683772981 0.790274739 3.320370913 -0.044149503 -0.079674616 -0.040167894 0.995032370
1754516530995732224.000000 -0.683692992 0.790482044 3.320661068 -0.043289576 -0.078518197 -0.039845362 0.995175004
1754516531029074176.000000 -0.683693230 0.790328324 3.320190430 -0.043233208 -0.078012489 -0.039710939 0.995222628
1754516531095757824.000000 -0.683063805 0.790397525 3.319868565 -0.043075290 -0.076044925 -0.039526694 0.995389104
1754516531162440448.000000 -0.683193028 0.790626228 3.319430590 -0.041805364 -0.074100785 -0.039297096 0.995598912
1754516531229124096.000000 -0.683401406 0.790486753 3.319718599 -0.041010015 -0.072836041 -0.039622180 0.995712399
1754516531295807744.000000 -0.683384538 0.790422082 3.319033384 -0.040644221 -0.072293267 -0.040299039 0.995739758
1754516531329149696.000000 -0.683402300 0.790217876 3.318541288 -0.040414941 -0.072224304 -0.040668201 0.995739162
1754516531395833344.000000 -0.682643175 0.790515900 3.318135977 -0.039918028 -0.072412118 -0.040807866 0.995739818
1754516531462516736.000000 -0.684797168 0.791411161 3.319519520 -0.039731968 -0.072759174 -0.040960118 0.995715737
1754516531495858688.000000 -0.684200048 0.790676951 3.318726540 -0.040219117 -0.073259704 -0.041341871 0.995643735
1754516531562542080.000000 -0.683473408 0.790840149 3.318053246 -0.040633433 -0.073855124 -0.041619282 0.995571315
1754516531629224448.000000 -0.683043718 0.790467978 3.318004847 -0.040935565 -0.074254468 -0.041721404 0.995524943
1754516531662566144.000000 -0.682979882 0.790512562 3.319082975 -0.041553508 -0.074722290 -0.041748635 0.995463192
1754516531729249536.000000 -0.681782246 0.790756941 3.318732023 -0.042920098 -0.075581774 -0.041631211 0.995345235
1754516531795932672.000000 -0.681031227 0.790583611 3.319868326 -0.044444840 -0.075005613 -0.041567646 0.995324612
1754516531862616320.000000 -0.680298090 0.790812314 3.320350170 -0.045153294 -0.074116811 -0.041245580 0.995372653
1754516531895958016.000000 -0.680034995 0.790627956 3.320593834 -0.045303918 -0.074066125 -0.041098256 0.995375693
1754516531962641152.000000 -0.680071056 0.790857673 3.320736885 -0.045476917 -0.073973298 -0.041231066 0.995369196
1754516532029324800.000000 -0.679514706 0.790098667 3.321578979 -0.045881923 -0.074043334 -0.041350957 0.995340466
1754516532096007168.000000 -0.679103851 0.790484071 3.320449114 -0.044856649 -0.074016392 -0.041046932 0.995401740
1754516532129348608.000000 -0.678221941 0.790511549 3.319675684 -0.044092257 -0.073968478 -0.040684469 0.995454371
1754516532196032256.000000 -0.677571356 0.789999962 3.319104195 -0.042954128 -0.073306769 -0.040334158 0.995567262
1754516532262715648.000000 -0.677084625 0.790551066 3.318328857 -0.042948566 -0.072919212 -0.040295128 0.995597601
1754516532296057344.000000 -0.677038491 0.790753841 3.318341494 -0.043065429 -0.072824396 -0.040185958 0.995603919
1754516532362740736.000000 -0.676759839 0.790749669 3.317994595 -0.042597037 -0.072807074 -0.040512800 0.995612025
1754516532429424128.000000 -0.676971555 0.790524662 3.318427563 -0.042259790 -0.073120832 -0.040931486 0.995586336
1754516532496106496.000000 -0.677054405 0.790599883 3.318904877 -0.042860173 -0.073445663 -0.041546289 0.995511234
1754516532529448192.000000 -0.677250981 0.790469348 3.318811178 -0.044354215 -0.073716857 -0.042120017 0.995401680
1754516532596131328.000000 -0.677975595 0.790281475 3.318969965 -0.046235647 -0.073865362 -0.042590234 0.995285034
1754516532662814720.000000 -0.678240478 0.789722323 3.319516182 -0.047056727 -0.072129026 -0.043330561 0.995341957
1754516532729498112.000000 -0.676543295 0.789175570 3.318559408 -0.047653571 -0.067767642 -0.044454683 0.995570481
1754516532796181504.000000 -0.675483227 0.789671957 3.319530487 -0.047750939 -0.060312286 -0.045128707 0.996014953
1754516532829522944.000000 -0.674477339 0.789556265 3.319456100 -0.047475442 -0.055942610 -0.045252495 0.996277511
1754516532896206336.000000 -0.671673715 0.788947046 3.318805695 -0.046964481 -0.047710158 -0.044786457 0.996750891
1754516532929548032.000000 -0.670349598 0.788665533 3.318110466 -0.047000978 -0.044321686 -0.044412933 0.996922314
1754516532996230400.000000 -0.668969691 0.788275421 3.318728685 -0.047277674 -0.039402522 -0.043881636 0.997139275
1754516533029572096.000000 -0.668038070 0.788208961 3.318152189 -0.047363367 -0.037884515 -0.043450009 0.997213006
1754516533062913792.000000 -0.666711271 0.788421690 3.318323851 -0.047501605 -0.036815230 -0.043008953 0.997265518
1754516533129597184.000000 -0.665772378 0.788524747 3.318826437 -0.047433130 -0.035799958 -0.042300627 0.997336030
1754516533162938880.000000 -0.665599644 0.788499534 3.317946196 -0.047383379 -0.035321791 -0.042064611 0.997365415
1754516533229622272.000000 -0.666532993 0.788932621 3.319100142 -0.047384333 -0.034140043 -0.041759558 0.997419298
1754516533262963712.000000 -0.665428340 0.788294554 3.317981958 -0.047068015 -0.034312051 -0.041792903 0.997427046
1754516533329647616.000000 -0.665529549 0.789581478 3.319366217 -0.046621054 -0.035064273 -0.041962937 0.997414708
1754516533362989056.000000 -0.665822744 0.788745821 3.318336248 -0.046455234 -0.035584923 -0.042187121 0.997394562
1754516533429671168.000000 -0.668396592 0.788496137 3.319147110 -0.046747290 -0.036488462 -0.042869441 0.997319162
1754516533463013120.000000 -0.668900013 0.788700342 3.319131613 -0.047059007 -0.036888935 -0.043002345 0.997284055
1754516533529696768.000000 -0.670192778 0.788419008 3.319388390 -0.047722712 -0.037569340 -0.043857619 0.997189879
1754516533563037952.000000 -0.669703364 0.788295805 3.319168091 -0.047964688 -0.037925668 -0.044095382 0.997154236
1754516533629720576.000000 -0.670704842 0.788385451 3.319822073 -0.047923647 -0.038425367 -0.044803940 0.997105539
1754516533663061504.000000 -0.670873463 0.788071156 3.319783211 -0.047389030 -0.038579132 -0.044742480 0.997127950
1754516533696402688.000000 -0.670580149 0.788479626 3.319754839 -0.045992587 -0.038777113 -0.044416886 0.997200191
1754516533763085056.000000 -0.669793665 0.789286256 3.320917606 -0.046582110 -0.039493170 -0.044631261 0.997135103
1754516533796426496.000000 -0.670816243 0.788526714 3.321718931 -0.047707994 -0.038480457 -0.044207558 0.997140408
1754516533829766400.000000 -0.670898914 0.788360119 3.321907043 -0.048154939 -0.037359245 -0.044442028 0.997151136
1754516533896449280.000000 -0.671768367 0.789405763 3.323680162 -0.049410488 -0.035292894 -0.045369744 0.997123182
1754516533929790208.000000 -0.669104576 0.790933073 3.323894501 -0.049512804 -0.035061128 -0.045072801 0.997139812
1754516533996472832.000000 -0.669907272 0.790814519 3.324131727 -0.050701436 -0.035224281 -0.045480479 0.997055829
1754516534029814016.000000 -0.669687867 0.790828168 3.324005365 -0.051887229 -0.035460584 -0.045802459 0.996971607
1754516534096496384.000000 -0.671297252 0.792166173 3.326128960 -0.055328891 -0.038388167 -0.046773478 0.996632993
1754516534129837824.000000 -0.671299636 0.792271435 3.326919794 -0.057728250 -0.040472243 -0.046979021 0.996404827
1754516534196520192.000000 -0.672795951 0.793047547 3.328968048 -0.061761308 -0.045457363 -0.047940150 0.995902061
1754516534263202304.000000 -0.675432205 0.795211494 3.332050323 -0.064640500 -0.049181338 -0.049402375 0.995470881
1754516534296542720.000000 -0.674655020 0.795189679 3.333264112 -0.066464007 -0.050551966 -0.050002899 0.995252132
1754516534329883904.000000 -0.675272703 0.795504570 3.334003925 -0.067800514 -0.051787339 -0.050548598 0.995070875
1754516534396566272.000000 -0.674993277 0.795536876 3.333628178 -0.068718888 -0.054070689 -0.050421987 0.994892836
1754516534429907456.000000 -0.676184237 0.795517623 3.334205151 -0.068408765 -0.054466832 -0.050238878 0.994901896
1754516534496589824.000000 -0.675075054 0.795535803 3.334085464 -0.067504339 -0.054437492 -0.049549747 0.994999826
1754516534529931008.000000 -0.674440026 0.795659065 3.333790302 -0.067224994 -0.054184511 -0.049025245 0.995058477
1754516534596612352.000000 -0.675244749 0.796782196 3.334864855 -0.066864580 -0.053920392 -0.048460510 0.995124757
1754516534629953024.000000 -0.674728811 0.796598315 3.334640741 -0.067126900 -0.054054014 -0.048422333 0.995101750
1754516534696634624.000000 -0.674616456 0.796181381 3.335241556 -0.066892110 -0.054023024 -0.048479289 0.995116472
1754516534729974016.000000 -0.674889565 0.796631396 3.336062431 -0.066864528 -0.053997405 -0.048429996 0.995122135
1754516534796655360.000000 -0.674387217 0.796054661 3.335616827 -0.067215987 -0.054471307 -0.048549090 0.995066822
1754516534863336448.000000 -0.675850809 0.797742903 3.337255239 -0.067725331 -0.054869719 -0.048878610 0.994994283
1754516534896677376.000000 -0.676041305 0.798399091 3.337999344 -0.068138860 -0.055341538 -0.049296718 0.994919300
1754516534963358720.000000 -0.677036524 0.799257994 3.339506626 -0.068428814 -0.056353975 -0.049713828 0.994821787
1754516534996699392.000000 -0.675443470 0.797409534 3.337801695 -0.068720885 -0.057275020 -0.049884710 0.994740486
1754516535063380480.000000 -0.676451683 0.797451079 3.337866068 -0.069093704 -0.058663163 -0.050338455 0.994610906
1754516535130061568.000000 -0.677074969 0.797814071 3.337843895 -0.068440139 -0.060354717 -0.049935888 0.994575143
1754516535163401216.000000 -0.677355528 0.798289001 3.337877989 -0.067910008 -0.060905255 -0.049473856 0.994601071
1754516535230082304.000000 -0.677468657 0.797413230 3.336305141 -0.066886656 -0.061179727 -0.048793718 0.994687140
1754516535263422976.000000 -0.677626550 0.797062993 3.335873365 -0.066717207 -0.060803797 -0.048620474 0.994729996
1754516535330104064.000000 -0.676367998 0.796866357 3.334154129 -0.066755563 -0.060294412 -0.048274107 0.994775295
1754516535363444480.000000 -0.676736176 0.796891332 3.334101200 -0.066805050 -0.059941590 -0.047954198 0.994808793
1754516535430125568.000000 -0.676193595 0.797131360 3.334224701 -0.066837244 -0.059318613 -0.047260486 0.994877160
1754516535463466240.000000 -0.676649332 0.797217011 3.334971428 -0.067062244 -0.058947451 -0.047255289 0.994884372
1754516535530147328.000000 -0.676748633 0.797152281 3.334990978 -0.067425787 -0.058597866 -0.047143441 0.994885743
1754516535563488512.000000 -0.677052915 0.797400951 3.334962368 -0.067733124 -0.058615994 -0.047179520 0.994862080
1754516535630169856.000000 -0.677905798 0.797046125 3.334669828 -0.068719439 -0.058838516 -0.047612045 0.994760692
1754516535696852480.000000 -0.678027391 0.797448039 3.336336613 -0.069594324 -0.058756553 -0.048186135 0.994677067
1754516535730193664.000000 -0.678840518 0.798017442 3.337455988 -0.070133135 -0.058787733 -0.048516724 0.994621277
1754516535796876288.000000 -0.679881513 0.798956931 3.338683367 -0.071076825 -0.058889993 -0.048711311 0.994538724
1754516535830217472.000000 -0.681388021 0.798583746 3.337799311 -0.071318999 -0.058807734 -0.048944987 0.994514823
1754516535896899840.000000 -0.681185603 0.798966944 3.338916063 -0.071334809 -0.059095968 -0.049206555 0.994483709
1754516535930241024.000000 -0.681265235 0.798864901 3.338402271 -0.071111389 -0.059432112 -0.049319319 0.994474053
1754516535996923648.000000 -0.682430267 0.798285067 3.337641954 -0.070622310 -0.060069222 -0.049626552 0.994455397
1754516536030264832.000000 -0.684041917 0.798440218 3.336985588 -0.070335105 -0.059978805 -0.049879681 0.994468510
1754516536096946432.000000 -0.683796108 0.798800170 3.338090181 -0.070456594 -0.059711717 -0.049873367 0.994476259
1754516536163628800.000000 -0.686223865 0.798685610 3.337968588 -0.070514880 -0.059166055 -0.049834542 0.994506717
1754516536196970240.000000 -0.686154783 0.798468530 3.337521553 -0.070251830 -0.059134517 -0.049517568 0.994543076
1754516536263652608.000000 -0.686287940 0.798115969 3.336291313 -0.069542624 -0.058904726 -0.049278904 0.994618356
1754516536296994048.000000 -0.685164928 0.797873378 3.336544514 -0.069296636 -0.058647525 -0.049327858 0.994648278
1754516536363676416.000000 -0.688387156 0.797592282 3.337676048 -0.069110744 -0.057594478 -0.049499176 0.994714320
1754516536397017600.000000 -0.686346531 0.798104644 3.335912943 -0.069099873 -0.057604220 -0.049508166 0.994713962
1754516536463699968.000000 -0.687482774 0.798610032 3.336215973 -0.069782957 -0.057460107 -0.050011680 0.994649470
1754516536497040384.000000 -0.688039541 0.798931479 3.336643934 -0.070182860 -0.057331618 -0.050349355 0.994611740
1754516536563778560.000000 -0.691894352 0.799131274 3.338369370 -0.070857383 -0.056828395 -0.051177505 0.994550526
1754516536597197312.000000 -0.692525089 0.798897207 3.338298798 -0.070908159 -0.056746121 -0.051407520 0.994539738
1754516536664036352.000000 -0.693151653 0.797912180 3.337510824 -0.070239194 -0.056308717 -0.051785365 0.994592428
1754516536697456640.000000 -0.693254054 0.797734082 3.336789846 -0.069709979 -0.056125309 -0.051881626 0.994635046
1754516536764298752.000000 -0.693562329 0.797658145 3.336955786 -0.069044508 -0.055832021 -0.051703580 0.994707227
1754516536797720320.000000 -0.693093896 0.798039317 3.337078571 -0.068972401 -0.055769365 -0.051538844 0.994724333
1754516536831142400.000000 -0.692470133 0.797881186 3.336531639 -0.069083288 -0.055713061 -0.051348068 0.994729578
1754516536897988352.000000 -0.691855490 0.798485279 3.335984707 -0.069630831 -0.055692196 -0.050833553 0.994719028
1754516536964835072.000000 -0.689560711 0.798021734 3.334773064 -0.070348948 -0.055648476 -0.050032213 0.994711578
1754516536998259968.000000 -0.689248323 0.798207283 3.336035967 -0.070612751 -0.055618890 -0.050147712 0.994688690
1754516537065111040.000000 -0.688450158 0.797143281 3.334600687 -0.070489608 -0.055699669 -0.049480341 0.994726360
1754516537098536960.000000 -0.689630628 0.797829807 3.336060286 -0.070120022 -0.055706952 -0.049434055 0.994754374
1754516537165390848.000000 -0.686952949 0.797416568 3.335367203 -0.069405161 -0.055803407 -0.048884250 0.994826257
1754516537198818560.000000 -0.685855865 0.797133267 3.334658146 -0.068913743 -0.055541337 -0.048354372 0.994901001
1754516537265675264.000000 -0.683651745 0.797031403 3.333628416 -0.068388201 -0.054777812 -0.047592927 0.995016336
1754516537299104256.000000 -0.683194220 0.796864808 3.333674192 -0.068237990 -0.054525338 -0.047226023 0.995057940
1754516537365964288.000000 -0.681025803 0.796342492 3.332169056 -0.068052843 -0.054206911 -0.046298455 0.995131612
1754516537399393792.000000 -0.679133654 0.796168506 3.333086014 -0.068057425 -0.054167908 -0.046039306 0.995145440
1754516537466256384.000000 -0.676785409 0.795584619 3.331095934 -0.067406863 -0.053275794 -0.045275509 0.995272875
1754516537533121024.000000 -0.675331056 0.795714140 3.330746889 -0.066431858 -0.053305898 -0.044519074 0.995371044
1754516537599815936.000000 -0.673473060 0.794668496 3.329628944 -0.065863684 -0.053917151 -0.044600595 0.995372236
1754516537633149952.000000 -0.674059331 0.794601619 3.330760241 -0.065794088 -0.054498594 -0.044690501 0.995341063
1754516537699817984.000000 -0.672879219 0.794692636 3.331165314 -0.066108964 -0.056207363 -0.045232687 0.995200694
1754516537733151744.000000 -0.673423409 0.795061588 3.332308292 -0.066612080 -0.056971043 -0.045701962 0.995102286
1754516537766485504.000000 -0.673593938 0.795447350 3.332857132 -0.067221247 -0.057826836 -0.045963198 0.994999886
1754516537833151488.000000 -0.672601879 0.796276033 3.333931684 -0.067676842 -0.059499152 -0.046219781 0.994858503
1754516537866485248.000000 -0.672516704 0.796405256 3.334586382 -0.067753047 -0.060440477 -0.046254467 0.994794965
1754516537933152256.000000 -0.670458257 0.795175910 3.333823204 -0.067938507 -0.061851121 -0.045784730 0.994717360
1754516537966485504.000000 -0.670410693 0.795741498 3.335245132 -0.067947239 -0.062312417 -0.045565460 0.994697988
1754516538033152000.000000 -0.669370115 0.796125889 3.335924864 -0.068409398 -0.062957115 -0.045249872 0.994640172
1754516538099818496.000000 -0.668488145 0.796243131 3.337159157 -0.069109730 -0.063581653 -0.044943254 0.994565904
1754516538133151232.000000 -0.668547988 0.795690298 3.337790728 -0.069575287 -0.063885406 -0.045029983 0.994510055
1754516538199817216.000000 -0.666412473 0.794866562 3.337666035 -0.070263289 -0.064503968 -0.044981908 0.994423926
1754516538233149952.000000 -0.665441871 0.794577181 3.337896585 -0.070347518 -0.064390220 -0.044695772 0.994438231
1754516538299814400.000000 -0.664486587 0.795241594 3.340269327 -0.070321806 -0.064198799 -0.044647258 0.994454622
1754516538333147392.000000 -0.663519919 0.795318127 3.340565681 -0.070189744 -0.064283185 -0.044424914 0.994468510
1754516538399812096.000000 -0.662847638 0.795574188 3.341202021 -0.069810763 -0.063910633 -0.043653995 0.994553328
1754516538433144576.000000 -0.662792265 0.795835197 3.341987371 -0.069713727 -0.063409083 -0.043470144 0.994600296
1754516538499809280.000000 -0.662285864 0.797353983 3.343491554 -0.069213144 -0.062457148 -0.042457871 0.994739175
1754516538566474496.000000 -0.661152601 0.796122730 3.343314171 -0.069247998 -0.062049583 -0.042110790 0.994777024
1754516538599806976.000000 -0.661504686 0.797167182 3.344671726 -0.069074653 -0.061761446 -0.041759491 0.994821787
1754516538666472704.000000 -0.661766350 0.796774626 3.346274137 -0.069008917 -0.061522808 -0.041246686 0.994862556
1754516538699805440.000000 -0.660875499 0.797876775 3.346764565 -0.068936184 -0.061343815 -0.040817976 0.994896352
1754516538766469376.000000 -0.660164177 0.797787547 3.347191811 -0.068956658 -0.060938433 -0.040306948 0.994940698
1754516538799801856.000000 -0.660331368 0.797622621 3.347568750 -0.068876080 -0.060883224 -0.040254805 0.994951725
1754516538866466304.000000 -0.661346734 0.797898829 3.348343849 -0.068607688 -0.061577056 -0.040221635 0.994928956
1754516538899798528.000000 -0.662526071 0.798267424 3.348864317 -0.068624675 -0.061873406 -0.040333141 0.994904816
1754516538966462720.000000 -0.663394809 0.797248244 3.349563599 -0.068803497 -0.062631220 -0.040817220 0.994825363
1754516538999794688.000000 -0.664061189 0.797226131 3.349508762 -0.068677545 -0.063153580 -0.040946703 0.994795680
1754516539033126400.000000 -0.664988816 0.798254907 3.350004196 -0.068412550 -0.063782424 -0.041161958 0.994764924
1754516539099790080.000000 -0.666038573 0.797764301 3.349447489 -0.068011358 -0.065778509 -0.041361209 0.994654179
1754516539133121536.000000 -0.666931391 0.797432363 3.349661350 -0.068142049 -0.066780880 -0.041568000 0.994569838
1754516539199783680.000000 -0.667844653 0.796775222 3.349067688 -0.068983115 -0.069135793 -0.041733861 0.994343936
1754516539266446592.000000 -0.669771552 0.798693836 3.350045204 -0.069637612 -0.070576727 -0.041476663 0.994207859
1754516539333109248.000000 -0.670042098 0.799441695 3.349726200 -0.069542721 -0.071732275 -0.041129194 0.994146228
1754516539366440192.000000 -0.670096755 0.799096644 3.348975658 -0.068947710 -0.072191797 -0.040932246 0.994162500
1754516539433102336.000000 -0.670278788 0.798372030 3.346801043 -0.067478746 -0.073065311 -0.040706895 0.994208753
1754516539499763968.000000 -0.670697749 0.798498392 3.345305920 -0.065994084 -0.073687777 -0.040181726 0.994283855
1754516539566427392.000000 -0.671017766 0.795881510 3.343635321 -0.065501988 -0.073678382 -0.040292468 0.994312644
1754516539599760896.000000 -0.670740664 0.797050416 3.343033552 -0.065195270 -0.073613979 -0.040067278 0.994346678
1754516539666426112.000000 -0.671095669 0.797026157 3.341714621 -0.065314248 -0.073414430 -0.040101536 0.994352221
1754516539733092608.000000 -0.671247900 0.795708716 3.340720415 -0.065961696 -0.073317140 -0.040384788 0.994305193
1754516539766425600.000000 -0.671716094 0.795567274 3.341012239 -0.066022597 -0.073009752 -0.040290236 0.994327545
1754516539833091328.000000 -0.671780765 0.795252740 3.340559483 -0.065507472 -0.071810447 -0.039698284 0.994472802
1754516539899756800.000000 -0.671004355 0.795155585 3.339887142 -0.064346060 -0.070043065 -0.038566574 0.994719148
1754516539933089280.000000 -0.670507610 0.794982076 3.339452505 -0.063968942 -0.069385059 -0.038263824 0.994801283
1754516539999754496.000000 -0.669921517 0.794397950 3.339036465 -0.063480020 -0.068698123 -0.037474573 0.994910359
1754516540066418176.000000 -0.669579625 0.794107139 3.338742733 -0.064074568 -0.067917854 -0.037644304 0.994919360
1754516540099750400.000000 -0.670021951 0.795634508 3.338327169 -0.064376861 -0.067471497 -0.037586089 0.994932413
1754516540166415104.000000 -0.670497954 0.795051217 3.339200258 -0.065629005 -0.067457847 -0.038801555 0.994804859
1754516540233079296.000000 -0.670514822 0.796713591 3.337932825 -0.066260152 -0.067669041 -0.039499532 0.994721293
1754516540299742976.000000 -0.672210395 0.795866907 3.338840723 -0.067239948 -0.067759186 -0.040621694 0.994604170
1754516540333074944.000000 -0.672710121 0.796128690 3.338749886 -0.067662537 -0.067809902 -0.041250113 0.994546175
1754516540399738368.000000 -0.673716605 0.796487391 3.339092970 -0.068035409 -0.068362579 -0.042398896 0.994434536
1754516540466401280.000000 -0.673896432 0.796437204 3.338483095 -0.067582346 -0.068538323 -0.042718686 0.994439721
1754516540499731968.000000 -0.674095869 0.796517551 3.337744474 -0.067079790 -0.068501964 -0.042979132 0.994465053
1754516540566396160.000000 -0.673468292 0.796438813 3.336847305 -0.066339664 -0.068454973 -0.042895600 0.994521499
1754516540599729664.000000 -0.673786521 0.796272099 3.336213827 -0.066204324 -0.068380930 -0.042737029 0.994542420
1754516540666395648.000000 -0.672697008 0.796079993 3.335540771 -0.066267818 -0.067863397 -0.042371258 0.994589329
1754516540733061888.000000 -0.672498882 0.795956075 3.334970474 -0.066179357 -0.067265399 -0.042211670 0.994642615
1754516540766394624.000000 -0.670941472 0.796130776 3.334079027 -0.065964937 -0.067282677 -0.041682713 0.994677961
1754516540833060096.000000 -0.671412110 0.796574891 3.334766626 -0.065486036 -0.067071058 -0.041325208 0.994738817
1754516540899725312.000000 -0.671166360 0.796161473 3.334863663 -0.065741353 -0.066937566 -0.040813062 0.994752169
1754516540966389504.000000 -0.670021474 0.795939207 3.334417105 -0.066611983 -0.066809088 -0.040196914 0.994727969
1754516540999721984.000000 -0.670289695 0.796025336 3.335259676 -0.067125522 -0.066770233 -0.040248528 0.994693995
1754516541066386432.000000 -0.670667112 0.796308815 3.335656166 -0.068206757 -0.067468062 -0.040142529 0.994577587
1754516541133050624.000000 -0.671465814 0.796921492 3.336004496 -0.069198772 -0.067566879 -0.040277150 0.994496882
1754516541166382848.000000 -0.671571434 0.797161818 3.336397171 -0.069670685 -0.067279518 -0.040452950 0.994476259
1754516541233046528.000000 -0.671920478 0.797917008 3.335714579 -0.069908336 -0.067044161 -0.040596657 0.994469643
1754516541299710208.000000 -0.672020376 0.797078073 3.335303545 -0.069204994 -0.066978410 -0.040268704 0.994536638
1754516541333041664.000000 -0.671956003 0.796617806 3.334786415 -0.068311311 -0.066979676 -0.040058892 0.994606793
1754516541399704320.000000 -0.670870125 0.796259820 3.331991911 -0.066548318 -0.066676229 -0.039353233 0.994774878
1754516541466366976.000000 -0.671663463 0.796308100 3.331882000 -0.066760041 -0.065951183 -0.039006010 0.994822681
1754516541499698176.000000 -0.670270741 0.796371102 3.331138849 -0.067504875 -0.065752447 -0.038858302 0.994791389
1754516541566362624.000000 -0.669282377 0.796315730 3.331116915 -0.068958774 -0.065499350 -0.039182920 0.994695544
1754516541599696128.000000 -0.669557810 0.796473026 3.331677437 -0.069503769 -0.065267056 -0.039349850 0.994666338
1754516541666362880.000000 -0.669847965 0.796530485 3.331655025 -0.069238864 -0.065104552 -0.039308257 0.994697094
1754516541733029888.000000 -0.670876682 0.796324730 3.331438541 -0.069046304 -0.064790741 -0.039421659 0.994726479
1754516541799695872.000000 -0.671152890 0.795990765 3.332481146 -0.069783829 -0.065197207 -0.040074509 0.994622350
1754516541833028352.000000 -0.671843827 0.796716928 3.332314968 -0.070363156 -0.065400317 -0.040399287 0.994555116
1754516541899694080.000000 -0.673627853 0.797344029 3.333263397 -0.071729124 -0.065633796 -0.041145898 0.994411528
1754516541933027072.000000 -0.673850358 0.797128379 3.333264112 -0.072643682 -0.065793909 -0.041773506 0.994308412
1754516541999692800.000000 -0.675450623 0.796897113 3.334050179 -0.073738210 -0.065678895 -0.042313948 0.994212508
1754516542033025536.000000 -0.675932765 0.796656728 3.334482193 -0.074063912 -0.065443672 -0.042423230 0.994199157
1754516542099690496.000000 -0.676237464 0.796865761 3.334565401 -0.073757634 -0.064846314 -0.042535260 0.994256318
1754516542166355456.000000 -0.676090181 0.797328889 3.335039377 -0.073031314 -0.064654991 -0.042296968 0.994332552
1754516542199687680.000000 -0.676423728 0.797506034 3.335078955 -0.072731771 -0.064517133 -0.042161763 0.994369209
1754516542266352128.000000 -0.676852047 0.797322154 3.334445477 -0.072521187 -0.063814908 -0.042471889 0.994416654
1754516542299683584.000000 -0.677377105 0.796788275 3.333883047 -0.072320193 -0.063238472 -0.042604398 0.994462490
1754516542366347520.000000 -0.680054128 0.797915995 3.335039377 -0.071915895 -0.061845914 -0.043070078 0.994559348
1754516542399679744.000000 -0.679561496 0.797463417 3.334288359 -0.071896508 -0.061735693 -0.043480624 0.994549751
1754516542466343168.000000 -0.680938363 0.798053801 3.334284306 -0.072155669 -0.060935460 -0.043903530 0.994561672
1754516542499675136.000000 -0.680667698 0.798361540 3.334044456 -0.072368830 -0.060308475 -0.044153202 0.994573414
1754516542566340096.000000 -0.682258606 0.798390865 3.333338737 -0.072602540 -0.058735702 -0.044492379 0.994635344
1754516542599673600.000000 -0.681954801 0.798394918 3.332952499 -0.072460338 -0.058270894 -0.044429563 0.994675875
1754516542666340608.000000 -0.682465971 0.797914326 3.331890345 -0.071718894 -0.057256494 -0.044361174 0.994791567
1754516542699674112.000000 -0.683073699 0.797939062 3.332713842 -0.071436688 -0.056717608 -0.044445913 0.994838953
1754516542766339584.000000 -0.683984697 0.797944367 3.332953930 -0.071205415 -0.056071423 -0.044441301 0.994892299
1754516542799672832.000000 -0.683893740 0.797836542 3.332765102 -0.071573526 -0.055800855 -0.044466585 0.994880021
1754516542866339328.000000 -0.684426904 0.797810316 3.332321405 -0.072169170 -0.054966778 -0.044374038 0.994887531
1754516542899672064.000000 -0.683653474 0.797756851 3.330880404 -0.072531611 -0.055361670 -0.044453409 0.994835734
1754516542966337792.000000 -0.683287442 0.798406601 3.331419706 -0.072669297 -0.056277778 -0.043884352 0.994799554
1754516542999670784.000000 -0.682714403 0.798334777 3.331633091 -0.073153198 -0.056469712 -0.043737289 0.994759738
1754516543033003264.000000 -0.682850540 0.798234761 3.331424952 -0.073429443 -0.056245197 -0.043457031 0.994764388
1754516543099668736.000000 -0.682514727 0.797688544 3.330439806 -0.072981060 -0.055849098 -0.042952240 0.994841576
1754516543133001216.000000 -0.682679832 0.796168089 3.328548431 -0.072410613 -0.055973701 -0.042878803 0.994879484
1754516543199665152.000000 -0.683134258 0.796888530 3.327558279 -0.070943542 -0.057349581 -0.042803034 0.994910061
1754516543232997376.000000 -0.683120430 0.796703994 3.326713800 -0.070687845 -0.058512885 -0.043027211 0.994850814
1754516543299661824.000000 -0.683148682 0.796621203 3.327036619 -0.071441881 -0.059885517 -0.043647204 0.994688332
1754516543332994048.000000 -0.683328390 0.796989679 3.328716993 -0.072338939 -0.060018152 -0.044155546 0.994593024
1754516543399657984.000000 -0.684376776 0.797884881 3.331141233 -0.075476527 -0.060335431 -0.044638000 0.994319141
1754516543432989952.000000 -0.687410295 0.797996521 3.334242582 -0.077877678 -0.060480192 -0.045452029 0.994088233
1754516543499653632.000000 -0.686775327 0.799580693 3.335883379 -0.081386745 -0.061513845 -0.046593439 0.993690789
1754516543532985344.000000 -0.687366426 0.800069451 3.337317228 -0.082586333 -0.061408374 -0.047029007 0.993577778
1754516543599652864.000000 -0.688484848 0.800308645 3.339190483 -0.083510533 -0.061078887 -0.047315855 0.993507206
1754516543666319616.000000 -0.688981473 0.800161481 3.340569258 -0.083699465 -0.061547525 -0.047368273 0.993459940
1754516543699653376.000000 -0.689918160 0.799804032 3.340882778 -0.083960801 -0.061982833 -0.047333732 0.993412495
1754516543766320640.000000 -0.691046834 0.799722373 3.341327667 -0.083828904 -0.062242556 -0.046878342 0.993428946
1754516543799654400.000000 -0.691322684 0.801663101 3.342486858 -0.082822621 -0.061775096 -0.046456829 0.993562341
1754516543866321664.000000 -0.691561282 0.800569475 3.340967417 -0.080970377 -0.061007757 -0.046046108 0.993781507
1754516543899654912.000000 -0.691436410 0.799885452 3.340063572 -0.080111854 -0.061302658 -0.045966107 0.993836641
1754516543932988160.000000 -0.694029152 0.799472213 3.341409206 -0.079693913 -0.061660759 -0.045953400 0.993848622
1754516543999654656.000000 -0.695342362 0.800619662 3.341530561 -0.078497306 -0.062854722 -0.046141274 0.993860424
1754516544032987904.000000 -0.696775675 0.799726427 3.341689348 -0.078265488 -0.063309297 -0.046535548 0.993831456
1754516544099653120.000000 -0.698164463 0.800026536 3.342984438 -0.077634968 -0.063787669 -0.046600994 0.993847311
1754516544132985856.000000 -0.699497283 0.800525308 3.343900919 -0.077631250 -0.064184330 -0.046764463 0.993814349
1754516544199651840.000000 -0.701346040 0.801045418 3.346158266 -0.077879377 -0.065036587 -0.046874586 0.993734300
1754516544232984320.000000 -0.702580929 0.802406192 3.347874880 -0.078007370 -0.065560721 -0.046913959 0.993687987
1754516544299650048.000000 -0.703819513 0.803903997 3.349432945 -0.078747205 -0.066294849 -0.046794381 0.993586600
1754516544332982528.000000 -0.705140650 0.803847671 3.350291729 -0.078949668 -0.066428423 -0.046976682 0.993552983
1754516544399647488.000000 -0.707067490 0.802887678 3.351179123 -0.079560675 -0.066851974 -0.047307745 0.993460119
1754516544432979712.000000 -0.707165062 0.802746356 3.351061583 -0.080086328 -0.067335092 -0.047459651 0.993377984
1754516544499643392.000000 -0.707864642 0.803410053 3.351896524 -0.081260040 -0.068237588 -0.047761478 0.993206620
1754516544566308608.000000 -0.705947280 0.805049181 3.352222204 -0.081738845 -0.068475030 -0.047470734 0.993164897
1754516544632974848.000000 -0.707921386 0.804379880 3.353150129 -0.081584707 -0.067404747 -0.047173332 0.993264914
1754516544699640832.000000 -0.705560207 0.803299010 3.351885080 -0.080708370 -0.067162097 -0.046714135 0.993374705
1754516544732973824.000000 -0.704307854 0.803509772 3.350945950 -0.080122612 -0.066890322 -0.046182081 0.993465304
1754516544799639552.000000 -0.703190446 0.804811537 3.350846767 -0.079207636 -0.066086292 -0.045938972 0.993603766
1754516544866304768.000000 -0.701605141 0.804902554 3.349343777 -0.079218134 -0.065613098 -0.046080392 0.993627727
1754516544932969984.000000 -0.701385021 0.804691374 3.349050999 -0.080031320 -0.064973786 -0.046477269 0.993586063
1754516544966301184.000000 -0.700675547 0.804918230 3.349083900 -0.080523439 -0.064578481 -0.046529036 0.993569672
1754516545032965888.000000 -0.698684454 0.805074573 3.348548651 -0.081214398 -0.063875332 -0.046676394 0.993551970
1754516545099630080.000000 -0.697733164 0.803899944 3.349001408 -0.081902772 -0.063161314 -0.046853773 0.993532777
1754516545132962304.000000 -0.696655035 0.804683566 3.348127127 -0.081796706 -0.062921159 -0.046815436 0.993558526
1754516545166294016.000000 -0.696360528 0.804044425 3.347309113 -0.081783637 -0.062545709 -0.046755321 0.993586183
1754516545232957952.000000 -0.694451690 0.803141654 3.346720219 -0.082211487 -0.061546471 -0.046386849 0.993630528
1754516545299621376.000000 -0.692921281 0.802914917 3.347332001 -0.082751647 -0.060290035 -0.046052709 0.993678212
1754516545332953088.000000 -0.691991806 0.803140879 3.346732616 -0.083058342 -0.059674878 -0.045702554 0.993705988
1754516545399614976.000000 -0.689527452 0.802183151 3.345657110 -0.083415076 -0.058141749 -0.045174152 0.993791163
1754516545432946432.000000 -0.689513147 0.801954269 3.345848799 -0.083420917 -0.057312965 -0.045096029 0.993842363
1754516545499609344.000000 -0.686060548 0.801970243 3.344063997 -0.083304606 -0.056549583 -0.044447195 0.993925035
1754516545532940032.000000 -0.686759293 0.801144361 3.344355106 -0.083481647 -0.056143913 -0.044671804 0.993923068
1754516545599607296.000000 -0.685402930 0.801078618 3.344209909 -0.083833374 -0.055755738 -0.044858277 0.993906975
1754516545632941056.000000 -0.683728814 0.800406218 3.342432499 -0.083784096 -0.055359323 -0.044783801 0.993936658
1754516545699608064.000000 -0.683727145 0.800035059 3.343116760 -0.083618663 -0.054152150 -0.045226745 0.993996978
1754516545766274816.000000 -0.683520377 0.800473452 3.343255997 -0.083188958 -0.053783964 -0.045094024 0.994059086
1754516545799608576.000000 -0.683662176 0.800375044 3.343320370 -0.082873404 -0.053752914 -0.045153197 0.994084418
1754516545832940544.000000 -0.684017003 0.800598919 3.343147278 -0.082566150 -0.053638514 -0.045096431 0.994118750
1754516545899607296.000000 -0.683211565 0.800073802 3.341902256 -0.081957549 -0.053005088 -0.044762254 0.994218171
1754516545932940288.000000 -0.682549596 0.800193250 3.340314865 -0.081597053 -0.052884452 -0.044403702 0.994270384
1754516545999606016.000000 -0.682186544 0.799791753 3.340227842 -0.082169995 -0.053198494 -0.044583116 0.994198322
1754516546032939008.000000 -0.683082700 0.799949467 3.340703011 -0.082518913 -0.053383842 -0.044566900 0.994160295
1754516546099604736.000000 -0.684734046 0.800532997 3.342620373 -0.083007231 -0.053263910 -0.044789374 0.994116068
1754516546132937472.000000 -0.684338570 0.799974024 3.340898275 -0.083157659 -0.053232193 -0.044749733 0.994106948
1754516546199602944.000000 -0.684393406 0.801123798 3.341734648 -0.083066255 -0.053232897 -0.043910511 0.994151950
1754516546232935168.000000 -0.684729218 0.800526917 3.341863632 -0.083335988 -0.053287953 -0.043950472 0.994124711
1754516546299599104.000000 -0.685035586 0.800809443 3.342936277 -0.083684146 -0.053431526 -0.044044100 0.994083583
1754516546332931328.000000 -0.685800612 0.801361561 3.343745232 -0.083983243 -0.053527821 -0.044159241 0.994048119
1754516546399595776.000000 -0.686420143 0.800180137 3.343664885 -0.085202336 -0.054403819 -0.044691738 0.993873000
1754516546432928000.000000 -0.687377453 0.801416278 3.344507456 -0.085611962 -0.054599136 -0.044820447 0.993821263
1754516546499592192.000000 -0.687156796 0.801113665 3.344781399 -0.086109087 -0.054967377 -0.044926330 0.993753254
1754516546566257408.000000 -0.687199652 0.802287579 3.344908714 -0.085820295 -0.054350827 -0.044546366 0.993829191
1754516546599591424.000000 -0.687534928 0.802403688 3.345088959 -0.085778989 -0.054026056 -0.044405982 0.993856788
1754516546666259200.000000 -0.687991858 0.802891254 3.346381903 -0.085591890 -0.053643867 -0.044068567 0.993908644
1754516546699593216.000000 -0.688011348 0.803094625 3.346735716 -0.085479565 -0.053392213 -0.043992653 0.993935227
1754516546766259456.000000 -0.687519073 0.801398635 3.343685389 -0.085334949 -0.053289272 -0.044020634 0.993951917
1754516546799593216.000000 -0.687530875 0.802797377 3.345258474 -0.085374832 -0.053462423 -0.044014059 0.993939519
1754516546866260224.000000 -0.688126683 0.802278221 3.343876839 -0.085816428 -0.053656526 -0.044299513 0.993878305
1754516546932927232.000000 -0.688404977 0.801977694 3.342810392 -0.085837498 -0.053621244 -0.044657160 0.993862391
1754516546999593728.000000 -0.688721120 0.801363111 3.341997385 -0.085512131 -0.053900935 -0.044885337 0.993865073
1754516547032926976.000000 -0.688880026 0.801142633 3.341999531 -0.085128590 -0.053799856 -0.044845171 0.993905246
1754516547099592960.000000 -0.687073827 0.800104856 3.338363409 -0.083949685 -0.053837869 -0.044723552 0.994008958
1754516547132925952.000000 -0.687542200 0.800347686 3.338732243 -0.083330899 -0.053715914 -0.044687394 0.994069278
1754516547199591168.000000 -0.687045991 0.799580038 3.337362051 -0.082138531 -0.053396128 -0.044168901 0.994208872
1754516547232923648.000000 -0.687222660 0.799092829 3.335468292 -0.081576623 -0.052881792 -0.044103336 0.994285524
1754516547299589120.000000 -0.686649203 0.800274134 3.336714745 -0.080951713 -0.052872226 -0.044338740 0.994326711
1754516547332921856.000000 -0.686296582 0.799392402 3.334336996 -0.080858327 -0.052968051 -0.044205714 0.994335115
1754516547399586816.000000 -0.685940206 0.799742877 3.334639072 -0.081317253 -0.052820496 -0.044368889 0.994298279
1754516547432919552.000000 -0.685666382 0.799550951 3.334264278 -0.081693493 -0.052586477 -0.044431884 0.994277000
1754516547499584000.000000 -0.684519708 0.799549460 3.333316088 -0.082399510 -0.052000992 -0.044585492 0.994242609
1754516547532916224.000000 -0.684295952 0.799504101 3.332385778 -0.082417898 -0.051357973 -0.044258479 0.994289160
1754516547599583744.000000 -0.683432817 0.799598515 3.332956314 -0.082071543 -0.050606169 -0.043980300 0.994368672
1754516547666250240.000000 -0.682253718 0.798662364 3.329534769 -0.081257060 -0.049326643 -0.043540165 0.994519234
1754516547732917504.000000 -0.682199359 0.798354566 3.329234123 -0.080857769 -0.048560958 -0.043397035 0.994595766
1754516547766251008.000000 -0.682153046 0.798302054 3.328593254 -0.080566004 -0.048316538 -0.043009792 0.994648099
1754516547799584512.000000 -0.681651473 0.798278391 3.328079700 -0.080770493 -0.048109967 -0.042837743 0.994648933
1754516547866251264.000000 -0.682438672 0.798746467 3.330513954 -0.081921190 -0.046860117 -0.043078493 0.994604170
1754516547899584512.000000 -0.681279778 0.798768580 3.328588009 -0.082471795 -0.046511065 -0.043039110 0.994576693
1754516547966251008.000000 -0.682364762 0.798808873 3.329598904 -0.083992682 -0.046467271 -0.043336153 0.994438589
1754516547999584000.000000 -0.682829618 0.799568295 3.329999924 -0.084666848 -0.046651702 -0.043676566 0.994357884
1754516548066249216.000000 -0.683184028 0.800971985 3.331509352 -0.085599072 -0.047467209 -0.044160306 0.994218051
1754516548099581952.000000 -0.683897436 0.799611151 3.330156803 -0.085948654 -0.047565475 -0.044304740 0.994176805
1754516548166247680.000000 -0.685292542 0.799335897 3.331746101 -0.086238034 -0.047885846 -0.044512685 0.994127095
1754516548232912896.000000 -0.684284031 0.799365580 3.329963207 -0.086255528 -0.047922950 -0.044214740 0.994137049
1754516548266245632.000000 -0.684641004 0.799283683 3.330327272 -0.086236097 -0.047954340 -0.044134781 0.994140804
1754516548332910592.000000 -0.686344326 0.799397111 3.332608700 -0.086806536 -0.047389343 -0.044136934 0.994118154
1754516548366242816.000000 -0.686655819 0.799419582 3.332906723 -0.087011322 -0.047269795 -0.044115603 0.994106829
1754516548399575552.000000 -0.687131464 0.801861167 3.333797216 -0.087170549 -0.046963632 -0.043697581 0.994125903
1754516548466239744.000000 -0.687633872 0.801037073 3.334952116 -0.088176630 -0.046396974 -0.044200029 0.994041502
1754516548499571200.000000 -0.687931299 0.800369799 3.334974289 -0.088621937 -0.046142668 -0.044469334 0.994001746
1754516548532903168.000000 -0.688325942 0.800170124 3.335570812 -0.088992663 -0.046026584 -0.044629768 0.993966877
1754516548599570176.000000 -0.689762592 0.800673783 3.336569309 -0.089535087 -0.046339016 -0.045098327 0.993882477
1754516548632903936.000000 -0.689985812 0.801278889 3.336340904 -0.089509860 -0.046699528 -0.045196295 0.993863404
1754516548699571456.000000 -0.689593971 0.802182853 3.336209297 -0.088806935 -0.046900410 -0.044920690 0.993929505
1754516548732904704.000000 -0.690899491 0.802871466 3.336642504 -0.088235632 -0.046625543 -0.044757288 0.994000733
1754516548799571712.000000 -0.690450966 0.802250564 3.335997105 -0.087183796 -0.046386652 -0.044062175 0.994135737
1754516548866238464.000000 -0.690560639 0.802292526 3.336661100 -0.086289316 -0.046218172 -0.043462459 0.994248033
1754516548899571456.000000 -0.691243529 0.800855041 3.336832523 -0.086287290 -0.046270140 -0.043495242 0.994244337
1754516548966236928.000000 -0.691958845 0.801517308 3.337191582 -0.086177349 -0.046435628 -0.043398578 0.994250417
1754516548999569920.000000 -0.692298114 0.801850259 3.337092400 -0.086267650 -0.046748146 -0.043481082 0.994224310
1754516549066235648.000000 -0.692723513 0.800029099 3.337214231 -0.086803161 -0.047386523 -0.043863703 0.994130671
1754516549099568384.000000 -0.693792939 0.800986230 3.338028669 -0.086770967 -0.047566749 -0.043959133 0.994120657
1754516549166233856.000000 -0.694593310 0.801380217 3.338487864 -0.086815625 -0.047884751 -0.044117015 0.994094551
1754516549199566336.000000 -0.694845438 0.802300215 3.338838339 -0.086818315 -0.047880679 -0.044012237 0.994099081
1754516549266231552.000000 -0.696284711 0.802789032 3.339365244 -0.087248348 -0.047608413 -0.044097807 0.994070709
1754516549299563776.000000 -0.696907878 0.802651107 3.339088440 -0.087460749 -0.047353059 -0.044124510 0.994063079
1754516549366228480.000000 -0.699672639 0.804022133 3.341900110 -0.088074990 -0.047153395 -0.044915620 0.993982971
1754516549432892160.000000 -0.699095964 0.803433836 3.340114355 -0.088744253 -0.047390826 -0.045076564 0.993904769
1754516549466224128.000000 -0.699857235 0.804140508 3.340651035 -0.088914968 -0.047495183 -0.045483831 0.993865967
1754516549499556096.000000 -0.699288309 0.804481149 3.341600895 -0.089164220 -0.047784045 -0.045718133 0.993819058
1754516549566221568.000000 -0.700557172 0.804582834 3.341646910 -0.089199044 -0.047998093 -0.045703407 0.993806243
1754516549599555584.000000 -0.701118469 0.804173350 3.341935873 -0.089377038 -0.048191741 -0.045905519 0.993771672
1754516549666222848.000000 -0.702428401 0.804326236 3.342675447 -0.089691252 -0.048372757 -0.046374563 0.993712723
1754516549699556608.000000 -0.703179479 0.804667473 3.342871904 -0.089768372 -0.048683349 -0.046547119 0.993682563
1754516549766223872.000000 -0.702841043 0.804383218 3.343147993 -0.090117186 -0.049496386 -0.046631105 0.993606865
1754516549799557376.000000 -0.702768683 0.804400384 3.343604803 -0.090104267 -0.049657233 -0.046564408 0.993603170
1754516549832889856.000000 -0.702729881 0.804650843 3.344284296 -0.090150811 -0.049667999 -0.046163637 0.993617117
1754516549899556352.000000 -0.701440752 0.804760456 3.345724583 -0.090564288 -0.049518894 -0.044729486 0.993652523
1754516549966223104.000000 -0.699190736 0.805564165 3.347044945 -0.090961769 -0.049167424 -0.043258585 0.993698776
1754516549999555840.000000 -0.698102653 0.805765271 3.347457170 -0.091224059 -0.049265292 -0.042626195 0.993697286
1754516550066222080.000000 -0.697863281 0.804921687 3.347842693 -0.092231110 -0.049987912 -0.041668259 0.993608773
1754516550099555072.000000 -0.696381986 0.805848300 3.348701715 -0.092625283 -0.050637100 -0.041046456 0.993565083
1754516550166220544.000000 -0.696215689 0.806689382 3.351435661 -0.093625404 -0.050962221 -0.040688187 0.993469477
1754516550199553280.000000 -0.696321547 0.806476057 3.352385998 -0.094194196 -0.050731316 -0.040575393 0.993432164
1754516550266218496.000000 -0.697034299 0.807642102 3.355556726 -0.095296510 -0.049107574 -0.040192142 0.993424237
1754516550299549952.000000 -0.696316540 0.809206486 3.356061220 -0.095977187 -0.047764335 -0.039572787 0.993449032
1754516550366214656.000000 -0.697883964 0.811155260 3.358623028 -0.098013721 -0.044203766 -0.038633879 0.993451953
1754516550399547136.000000 -0.699296534 0.811794996 3.360527515 -0.098582350 -0.041810002 -0.037962336 0.993525267
1754516550466211584.000000 -0.701718509 0.814432204 3.364038706 -0.100474112 -0.037619974 -0.037260082 0.993529797
1754516550499543552.000000 -0.704118431 0.815558612 3.366243124 -0.102528945 -0.036148861 -0.037848696 0.993352234
1754516550566209280.000000 -0.708496332 0.819010317 3.371774912 -0.105660081 -0.034575220 -0.038331982 0.993061543
1754516550599542784.000000 -0.711099565 0.821738303 3.376368761 -0.106484182 -0.033658318 -0.038433373 0.993001044
1754516550666210048.000000 -0.713839352 0.824093342 3.382043123 -0.109652244 -0.030678088 -0.039466839 0.992712259
1754516550699543808.000000 -0.715112865 0.824800849 3.384439707 -0.110076450 -0.029606272 -0.040091515 0.992672861
1754516550766209536.000000 -0.717232883 0.826200902 3.391330957 -0.108422376 -0.029226108 -0.040026743 0.992868781
1754516550799543040.000000 -0.717951357 0.827543914 3.395650864 -0.107352369 -0.029464448 -0.039698143 0.992991149
1754516550866209792.000000 -0.719817102 0.832916379 3.408837557 -0.106701672 -0.030252723 -0.039409205 0.993049085
1754516550899542784.000000 -0.721210003 0.835896492 3.416845798 -0.107263848 -0.031175997 -0.039615527 0.992951751
1754516550966209024.000000 -0.722984910 0.843380690 3.435174227 -0.110826321 -0.035093095 -0.040174462 0.992407262
1754516551032874752.000000 -0.725686729 0.852754235 3.458577394 -0.114225708 -0.038019318 -0.039820410 0.991928101
1754516551066207744.000000 -0.726602674 0.857261002 3.469901085 -0.113663785 -0.039385736 -0.038823817 0.991978943
1754516551132873216.000000 -0.728303313 0.862980008 3.492500782 -0.109315045 -0.045010202 -0.037186880 0.992291093
1754516551166204928.000000 -0.729242086 0.867557228 3.505900383 -0.106590919 -0.049575496 -0.036426928 0.992397964
1754516551232869888.000000 -0.731142819 0.872685254 3.531332016 -0.102016062 -0.060798977 -0.035022456 0.992305219
1754516551266202368.000000 -0.731578290 0.874760032 3.545157433 -0.100107469 -0.066630073 -0.035320312 0.992114604
1754516551332866816.000000 -0.735040247 0.878979802 3.577752590 -0.097553425 -0.076222137 -0.038808968 0.991548002
1754516551399531520.000000 -0.736207783 0.880470574 3.609462023 -0.096644826 -0.085443117 -0.041617677 0.990771055
1754516551432863488.000000 -0.738747656 0.882119358 3.627630472 -0.097251549 -0.090168096 -0.043018308 0.990233004
1754516551499527680.000000 -0.742271841 0.889723718 3.662747622 -0.103275530 -0.098556712 -0.045348015 0.988718569
1754516551566193152.000000 -0.746783316 0.898725688 3.697936535 -0.112573825 -0.105915196 -0.047736574 0.986828446
1754516551599527680.000000 -0.748804688 0.903173387 3.715431213 -0.118819557 -0.109252445 -0.048522335 0.985693395
1754516551666195456.000000 -0.755277574 0.906545341 3.747906923 -0.127062678 -0.114199586 -0.049240898 0.984067559
1754516551732864000.000000 -0.761970818 0.915879428 3.780617237 -0.133061796 -0.115431048 -0.047802951 0.983201504
1754516551799532288.000000 -0.769735634 0.924187779 3.810616732 -0.139207810 -0.117998794 -0.046352793 0.982114553
1754516551832866304.000000 -0.775175393 0.926810980 3.824177742 -0.143056601 -0.119253077 -0.046543214 0.981400669
1754516551899534336.000000 -0.787379503 0.936448455 3.854591131 -0.150180474 -0.118980922 -0.046372108 0.980376959
1754516551932868096.000000 -0.793816805 0.941819668 3.868667126 -0.153048366 -0.117521711 -0.046945222 0.980082154
1754516551999535360.000000 -0.809112608 0.952054143 3.895636559 -0.155372769 -0.114747614 -0.049292985 0.979929864
1754516552066201600.000000 -0.824818015 0.960915029 3.918573141 -0.152606666 -0.113652594 -0.051607244 0.980372906
1754516552099535360.000000 -0.833336532 0.965307415 3.929489136 -0.150165230 -0.112587653 -0.052754585 0.980811656
1754516552166202112.000000 -0.849532604 0.974694431 3.952030182 -0.145731121 -0.109395236 -0.054804757 0.981728911
1754516552232868864.000000 -0.869883060 0.981794357 3.979333639 -0.150607616 -0.107402839 -0.057779543 0.981042087
1754516552266202112.000000 -0.879066050 0.985814452 3.993837833 -0.152228177 -0.107409358 -0.057448860 0.980810642
1754516552332868352.000000 -0.896575570 0.992341399 4.022522926 -0.154489815 -0.104882136 -0.056282051 0.980798185
1754516552399534336.000000 -0.912138045 0.998812795 4.050410271 -0.156208679 -0.098466262 -0.053740229 0.981333435
1754516552432867584.000000 -0.919780254 1.002909899 4.065006256 -0.157072112 -0.094654121 -0.051449616 0.981693447
1754516552499532032.000000 -0.934468508 1.011790752 4.093876839 -0.159523949 -0.087278150 -0.047966573 0.982157826
1754516552566228992.000000 -0.949821413 1.024437666 4.126153469 -0.163324878 -0.079410635 -0.048021402 0.982198060
1754516552599606016.000000 -0.956074059 1.030080914 4.141386986 -0.166970327 -0.075557671 -0.048451882 0.981867850
1754516552666362112.000000 -0.966056406 1.036828160 4.167251110 -0.173015431 -0.068546414 -0.049926613 0.981261671
1754516552733120256.000000 -0.977638125 1.047228098 4.199441433 -0.176356345 -0.063297972 -0.049530230 0.981039584
1754516552766499840.000000 -0.981305540 1.049789071 4.213573456 -0.177099943 -0.061602604 -0.049483102 0.981015921
1754516552833260800.000000 -0.989644229 1.059645891 4.245354652 -0.178089112 -0.057235304 -0.047911715 0.981179357
1754516552900023808.000000 -0.995369673 1.071261764 4.279349804 -0.179941967 -0.054419328 -0.044819672 0.981147647
1754516552933406208.000000 -0.998380721 1.078474283 4.297723293 -0.180584535 -0.053974193 -0.043448437 0.981115818
1754516553000171008.000000 -1.004357815 1.092031598 4.336482048 -0.182806715 -0.053241648 -0.041828413 0.980814695
1754516553033554688.000000 -1.007694483 1.098038793 4.358006001 -0.184021622 -0.052995365 -0.040322829 0.980663896
1754516553100323584.000000 -1.013841867 1.107736588 4.403233051 -0.184295729 -0.052614018 -0.036099374 0.980797529
1754516553133709056.000000 -1.016940951 1.110688448 4.426239491 -0.184525743 -0.052154612 -0.034516852 0.980835736
1754516553167094784.000000 -1.020295858 1.112265825 4.451462269 -0.185082749 -0.051735453 -0.033927724 0.980773568
1754516553233867520.000000 -1.027149916 1.118908405 4.496054173 -0.184402764 -0.049203143 -0.032981414 0.981064141
1754516553267255040.000000 -1.031457186 1.121857762 4.517413616 -0.182842389 -0.048206985 -0.033990595 0.981371224
1754516553334031104.000000 -1.041343212 1.128431916 4.557069778 -0.179997399 -0.050227955 -0.036525905 0.981704652
1754516553367419648.000000 -1.046074390 1.132187605 4.576361179 -0.181237355 -0.053046614 -0.037292618 0.981299341
1754516553434197760.000000 -1.055400848 1.139743567 4.613002777 -0.182535633 -0.058823850 -0.038807433 0.980670452
1754516553467588096.000000 -1.061994076 1.146189928 4.638593197 -0.183406010 -0.061195225 -0.040250126 0.980304718
1754516553500978688.000000 -1.067077398 1.149088025 4.653995037 -0.184281394 -0.062833779 -0.042544141 0.979939938
1754516553567725824.000000 -1.076618195 1.157848358 4.688943863 -0.190136090 -0.064447708 -0.046285436 0.978546083
1754516553601067520.000000 -1.079256177 1.158922195 4.702196121 -0.193686932 -0.064441487 -0.048295341 0.977752686
1754516553667751168.000000 -1.091567993 1.170609951 4.739027500 -0.198639303 -0.062563926 -0.050707053 0.976758480
1754516553701092608.000000 -1.096548319 1.176627517 4.755110264 -0.200981602 -0.062362570 -0.052460641 0.976199389
1754516553767776000.000000 -1.109167933 1.191788554 4.788949013 -0.204414383 -0.060564894 -0.055046573 0.975457132
1754516553834458880.000000 -1.123653412 1.208181500 4.822165966 -0.207821190 -0.055323802 -0.058414377 0.974852562
1754516553901142016.000000 -1.138954878 1.221187711 4.854793549 -0.205832765 -0.047074582 -0.062643409 0.975444913
1754516553934483968.000000 -1.148757577 1.224925280 4.871093273 -0.203413859 -0.043061979 -0.064913034 0.975989163
1754516554001167616.000000 -1.167634010 1.230485439 4.904090881 -0.195424989 -0.037622992 -0.068405353 0.977606475
1754516554034509056.000000 -1.177227378 1.232676744 4.921728134 -0.192324504 -0.035317957 -0.069655515 0.978218913
1754516554067851008.000000 -1.187145829 1.235448122 4.939670563 -0.189456537 -0.033682242 -0.071122915 0.978730440
1754516554134534656.000000 -1.205831170 1.238008261 4.975822926 -0.181338713 -0.031364407 -0.071361557 0.980326533
1754516554167876608.000000 -1.212362885 1.242697954 4.993709564 -0.177625343 -0.030274922 -0.070636235 0.981092930
1754516554234560000.000000 -1.227957726 1.246214986 5.030553341 -0.174722522 -0.024060450 -0.068327129 0.981949449
1754516554267901952.000000 -1.233066678 1.249863148 5.047665119 -0.173022702 -0.020634426 -0.066850163 0.982429922
1754516554334584576.000000 -1.242532611 1.257087231 5.081644535 -0.168610364 -0.012270835 -0.062697694 0.983610213
1754516554367926272.000000 -1.247279406 1.261482120 5.098586559 -0.167419285 -0.008448749 -0.061667424 0.983919024
1754516554401267968.000000 -1.252554178 1.264531136 5.114977837 -0.166499823 -0.004887138 -0.061515231 0.984108686
1754516554434609920.000000 -1.257582784 1.268878937 5.131709576 -0.165967941 -0.001326755 -0.061516363 0.984209657
1754516554467952128.000000 -1.263547301 1.276234150 5.149692535 -0.166079745 0.002255969 -0.061992541 0.984159291
1754516554534635520.000000 -1.270963907 1.286752105 5.184743404 -0.166168720 0.007793231 -0.062455397 0.984086692
1754516554567976960.000000 -1.274380207 1.291815162 5.202077866 -0.167738244 0.009752979 -0.061922133 0.983836591
1754516554634660096.000000 -1.277336717 1.304555297 5.240083694 -0.170705095 0.010867978 -0.060048163 0.983430743
1754516554668001280.000000 -1.279441714 1.312434077 5.258391857 -0.172531173 0.011223548 -0.059035908 0.983169317
1754516554701342464.000000 -1.280403733 1.319246411 5.278028011 -0.174865544 0.010315871 -0.058429979 0.982802927
1754516554734682880.000000 -1.281956673 1.327007890 5.296487331 -0.176321656 0.009024485 -0.058049478 0.982578039
1754516554801365504.000000 -1.284574747 1.341268539 5.336179256 -0.178696111 0.005255527 -0.056254193 0.982280850
1754516554834706944.000000 -1.286269903 1.347177982 5.357756138 -0.179394767 0.002157139 -0.054717708 0.982251942
1754516554868048640.000000 -1.286898613 1.351483703 5.378785610 -0.178559780 -0.001257148 -0.052143142 0.982545614
1754516554934731264.000000 -1.289370060 1.358253717 5.422461987 -0.178113520 -0.005730117 -0.047635961 0.982839525
1754516554968072704.000000 -1.291833282 1.360015631 5.445079327 -0.176387727 -0.007962761 -0.047248535 0.983153880
1754516555001414144.000000 -1.295579076 1.362961888 5.467747211 -0.174354807 -0.011190825 -0.048335992 0.983432233
1754516555068096768.000000 -1.303530455 1.369475603 5.510949135 -0.172933191 -0.021328131 -0.051375214 0.983361542
1754516555101438208.000000 -1.307769418 1.373733759 5.532155991 -0.174495295 -0.027267328 -0.052318349 0.982888997
1754516555168120064.000000 -1.318985462 1.380684376 5.573596001 -0.177857429 -0.039190438 -0.054892000 0.981742203
1754516555201461248.000000 -1.321932793 1.384832501 5.594011307 -0.179529473 -0.043972753 -0.056255206 0.981158018
1754516555234802688.000000 -1.326276898 1.388353825 5.613592625 -0.182118252 -0.046591364 -0.057328887 0.980497658
1754516555268144128.000000 -1.330025077 1.392510653 5.633920670 -0.185664132 -0.047548663 -0.058607463 0.979710758
1754516555301485568.000000 -1.333845854 1.397060871 5.653901100 -0.189513728 -0.046184197 -0.059279960 0.978998244
1754516555334827008.000000 -1.337077260 1.402125478 5.673647404 -0.193098783 -0.042954762 -0.059050865 0.978458345
1754516555368168192.000000 -1.340714693 1.406749845 5.691996574 -0.195409611 -0.038933877 -0.058714993 0.978188038
1754516555401509888.000000 -1.344359994 1.411586761 5.709589481 -0.197336450 -0.034542087 -0.058251753 0.977993846
1754516555468192256.000000 -1.352349401 1.421853423 5.744450092 -0.199600816 -0.024792822 -0.055803590 0.977972806
1754516555501533952.000000 -1.357444167 1.427309275 5.761379719 -0.199663207 -0.019954629 -0.054970406 0.978117943
1754516555534875136.000000 -1.362773776 1.432468891 5.777181149 -0.199014515 -0.015237651 -0.055469021 0.978306890
1754516555568216576.000000 -1.371247768 1.437516451 5.793763161 -0.198536068 -0.009999296 -0.057641037 0.978346050
1754516555601557760.000000 -1.379617810 1.442259073 5.809518814 -0.197871134 -0.004968916 -0.059605058 0.978401542
1754516555634897664.000000 -1.388741851 1.447565079 5.824898243 -0.196545750 -0.000743533 -0.062111944 0.978525162
1754516555668239104.000000 -1.395001173 1.450632095 5.840186119 -0.194148347 0.001763089 -0.063591503 0.978907287
1754516555701580032.000000 -1.406866789 1.456377625 5.855716228 -0.190718487 0.005724517 -0.064863063 0.979482770
1754516555734921472.000000 -1.415877342 1.460847378 5.869792461 -0.187677085 0.009150926 -0.065194190 0.980022132
1754516555768262400.000000 -1.421900749 1.463479638 5.885242462 -0.185842887 0.011631094 -0.065029830 0.980356216
1754516555801603584.000000 -1.430635214 1.466567755 5.902493477 -0.183644369 0.014708890 -0.064915374 0.980736673
1754516555834944768.000000 -1.439133644 1.469033480 5.919487476 -0.181862652 0.017604912 -0.064303800 0.981061161
1754516555868285952.000000 -1.448120117 1.470957398 5.936933041 -0.180153951 0.021227200 -0.063169189 0.981378436
1754516555901627392.000000 -1.456781387 1.472511768 5.954848766 -0.177828357 0.025814420 -0.062018603 0.981765985
1754516555934968320.000000 -1.464120626 1.474775553 5.971862793 -0.174779668 0.031131780 -0.060524885 0.982252359
1754516555968309504.000000 -1.471228600 1.477709889 5.987350941 -0.172669366 0.037736733 -0.058560908 0.982513070
1754516556001650688.000000 -1.478237391 1.482097268 6.003151894 -0.173242122 0.044876393 -0.057189468 0.982192814
1754516556034991616.000000 -1.484411240 1.484852314 6.021483898 -0.173918962 0.051402189 -0.056521405 0.981791914
1754516556068331776.000000 -1.489948034 1.488044262 6.038037777 -0.173528671 0.057161581 -0.056603026 0.981537819
1754516556101672960.000000 -1.495441198 1.490544558 6.054469585 -0.173993379 0.062245719 -0.056367870 0.981159806
1754516556135014144.000000 -1.501482248 1.494505286 6.072621346 -0.174900264 0.066760853 -0.056729428 0.980680764
1754516556168355328.000000 -1.503265262 1.507040977 6.090914726 -0.173623204 0.069978721 -0.056988727 0.980668306
1754516556235037440.000000 -1.514258146 1.511337399 6.125129700 -0.175467268 0.079159766 -0.055585742 0.979721963
1754516556268378624.000000 -1.520159483 1.517484903 6.143760681 -0.176347986 0.083254576 -0.055009380 0.979256928
1754516556301719552.000000 -1.520308018 1.523949385 6.162015915 -0.176803365 0.085395701 -0.053981941 0.979047537
1754516556335060992.000000 -1.524452925 1.529667139 6.180004597 -0.177452266 0.086953118 -0.053345188 0.978827953
1754516556368401920.000000 -1.528836966 1.535717964 6.198029041 -0.177562863 0.087470137 -0.053070296 0.978776813
1754516556401743104.000000 -1.531644821 1.544892430 6.216174126 -0.176191777 0.087501615 -0.053032171 0.979023814
1754516556435084288.000000 -1.534873605 1.551320553 6.233997345 -0.175584286 0.087638006 -0.053378351 0.979101956
1754516556468425472.000000 -1.539258242 1.559247851 6.253606319 -0.175310045 0.087717332 -0.053421233 0.979141593
1754516556501765632.000000 -1.542818904 1.567365766 6.273484707 -0.174837559 0.087816156 -0.053422384 0.979217172
1754516556535106560.000000 -1.546318412 1.574741840 6.293451309 -0.173690557 0.087347507 -0.053251144 0.979472518
1754516556568448256.000000 -1.548847675 1.582215071 6.313301563 -0.172896355 0.086657070 -0.052514710 0.979714036
1754516556601789952.000000 -1.549962997 1.587531328 6.333545208 -0.171098769 0.085533105 -0.051341102 0.980190516
1754516556635131648.000000 -1.551839709 1.591983318 6.354077339 -0.167992175 0.084356390 -0.050198387 0.980888784
1754516556668473600.000000 -1.542682886 1.587806702 6.369049549 -0.166642711 0.082041323 -0.048232194 0.981413841
1754516556701815040.000000 -1.553691506 1.600153565 6.392560005 -0.164877445 0.082563169 -0.046665784 0.981743872
1754516556735156736.000000 -1.555192709 1.604031920 6.412755489 -0.164088666 0.081311323 -0.045965862 0.982013524
1754516556768498432.000000 -1.559176207 1.604495287 6.432130337 -0.161809772 0.078862235 -0.047569696 0.982514858
1754516556801840384.000000 -1.563395858 1.607865334 6.449697971 -0.158779502 0.076223262 -0.049779791 0.983107865
1754516556835181824.000000 -1.565848470 1.611757398 6.467644215 -0.157228187 0.073866770 -0.050358489 0.983507574
1754516556901865472.000000 -1.574755192 1.617316604 6.506354332 -0.156335875 0.068780407 -0.050876427 0.983991921
1754516556935207424.000000 -1.577098489 1.619719625 6.523282051 -0.156032652 0.065870374 -0.050281335 0.984269619
1754516556968547840.000000 -1.586721659 1.624489069 6.550350189 -0.157288790 0.065134756 -0.050301414 0.984117627
1754516557001889792.000000 -1.592114568 1.626883388 6.566760540 -0.159364134 0.063371956 -0.050372973 0.983895183
1754516557035231232.000000 -1.596836209 1.629216433 6.585019112 -0.161719963 0.061485499 -0.050763514 0.983610332
1754516557068572928.000000 -1.590305328 1.623987198 6.595505714 -0.163906738 0.057745434 -0.050821956 0.983472049
1754516557101914880.000000 -1.593974948 1.626609921 6.611390114 -0.163901627 0.055366460 -0.051883638 0.983554244
1754516557135256576.000000 -1.597463489 1.630008936 6.626153469 -0.162837267 0.054087579 -0.052592300 0.983764589
1754516557168598528.000000 -1.601094365 1.629598498 6.644940376 -0.163875178 0.053900458 -0.053332120 0.983562648
1754516557201940224.000000 -1.605303049 1.638895392 6.658895016 -0.165005758 0.054111391 -0.053543776 0.983350515
1754516557235281664.000000 -1.609418154 1.640749693 6.679128170 -0.168119639 0.055308636 -0.054259874 0.982716978
1754516557268623616.000000 -1.614382505 1.647077322 6.696853638 -0.170527920 0.056537103 -0.055205930 0.982179284
1754516557301965312.000000 -1.618472695 1.653671026 6.714590549 -0.171499208 0.059173331 -0.056787170 0.981764615
1754516557335307008.000000 -1.624822140 1.661167145 6.731219769 -0.172026396 0.063641518 -0.058241613 0.981307626
1754516557368648960.000000 -1.629668593 1.667736053 6.747822285 -0.172707632 0.069228955 -0.059703775 0.980721653
1754516557401989376.000000 -1.636471272 1.674869180 6.763630390 -0.172510013 0.075380370 -0.061463200 0.980194092
1754516557435331328.000000 -1.644608974 1.682287693 6.779914856 -0.171277300 0.081770957 -0.062781826 0.979814351
1754516557468673024.000000 -1.652888536 1.689126372 6.795203209 -0.168515578 0.087320849 -0.064336881 0.979713380
1754516557502014976.000000 -1.661552191 1.699925423 6.808643818 -0.165857285 0.092610113 -0.065160558 0.979626894
1754516557535356672.000000 -1.670088410 1.705740333 6.825716972 -0.165406540 0.098430142 -0.064899668 0.979152858
1754516557568697856.000000 -1.678588867 1.710265040 6.842813015 -0.164136976 0.104515456 -0.064874776 0.978737354
1754516557602039040.000000 -1.686401010 1.713999033 6.860430241 -0.161905587 0.110354297 -0.065297626 0.978439927
1754516557635380224.000000 -1.693975687 1.717297673 6.879320621 -0.160509646 0.116542034 -0.065929204 0.977909982
1754516557668721408.000000 -1.706333637 1.712841749 6.909024715 -0.160431072 0.123923123 -0.067011692 0.976941407
1754516557702062592.000000 -1.704505086 1.722504973 6.915179253 -0.156259432 0.131566584 -0.064823888 0.976765633
1754516557735403776.000000 -1.717213869 1.725010872 6.939524651 -0.155799821 0.142319426 -0.063011363 0.975449324
1754516557768744960.000000 -1.720370173 1.728867173 6.956718445 -0.156555340 0.152195394 -0.060637996 0.973986685
1754516557802086144.000000 -1.723094702 1.732323885 6.973816395 -0.156591997 0.162050575 -0.059686728 0.972448528
1754516557835426304.000000 -1.724256992 1.729981422 6.994339943 -0.156893387 0.171342269 -0.059599757 0.970811129
1754516557868767232.000000 -1.726587892 1.732335567 7.009882450 -0.156670853 0.181374595 -0.058543909 0.969087303
1754516557902108672.000000 -1.728005290 1.735705137 7.025341511 -0.156343207 0.190932006 -0.057527792 0.967363656
1754516557935449600.000000 -1.729249239 1.738626599 7.040151596 -0.155640751 0.199857920 -0.056536570 0.965731084
1754516557968790784.000000 -1.730419397 1.742027521 7.054048061 -0.155041203 0.208460733 -0.055304453 0.964078784
1754516558002132224.000000 -1.731319666 1.745872378 7.068195343 -0.154763207 0.216564685 -0.053036943 0.962463140
1754516558035473152.000000 -1.731906295 1.749907255 7.081282616 -0.153633103 0.224596515 -0.050752558 0.960925341
1754516558068814336.000000 -1.733238459 1.752542973 7.096957207 -0.152694419 0.232734561 -0.049127206 0.959221363
1754516558102155264.000000 -1.733284235 1.757159233 7.111803055 -0.151527897 0.241081238 -0.047921773 0.957404137
1754516558135496704.000000 -1.733311534 1.760900974 7.127511978 -0.150092602 0.248806670 -0.047893163 0.955653608
1754516558168837632.000000 -1.744706273 1.767913580 7.144790173 -0.148204371 0.257294536 -0.048179720 0.953684330
1754516558202178816.000000 -1.736420393 1.769913912 7.160014629 -0.148189306 0.261854082 -0.049480639 0.952378154
1754516558235520000.000000 -1.738126755 1.775967240 7.176992416 -0.147691563 0.267103881 -0.050158426 0.950961053
1754516558268860928.000000 -1.738099098 1.783206344 7.193207741 -0.147638470 0.271397650 -0.050287019 0.949746072
1754516558302201344.000000 -1.739161372 1.789776802 7.209425926 -0.146169364 0.274852812 -0.050156068 0.948986232
1754516558335542272.000000 -1.738253713 1.798675537 7.227248669 -0.141442522 0.278353244 -0.048397407 0.948773563
1754516558368883712.000000 -1.738645792 1.804770589 7.244558334 -0.139018074 0.282067418 -0.046447892 0.948132157
1754516558435565824.000000 -1.743620992 1.815473318 7.282155037 -0.134516776 0.290752947 -0.044816449 0.946234405
1754516558468906752.000000 -1.743350863 1.820739985 7.301616192 -0.134759933 0.294845015 -0.044113606 0.944965780
1754516558502247936.000000 -1.743207097 1.824055910 7.321990013 -0.134992465 0.297641456 -0.043888494 0.944065869
1754516558535589120.000000 -1.742570758 1.826380730 7.342050076 -0.134073570 0.299502075 -0.044337157 0.943587363
1754516558568930304.000000 -1.742067456 1.829838753 7.362551689 -0.133169830 0.301272482 -0.045030028 0.943118811
1754516558602271744.000000 -1.743607402 1.832510948 7.382996559 -0.132206216 0.302107573 -0.046844069 0.942898870
1754516558635613184.000000 -1.745634913 1.835405588 7.402906418 -0.130096272 0.301781774 -0.048453059 0.943215311
1754516558668954624.000000 -1.752754211 1.836499453 7.422640800 -0.128394395 0.301066101 -0.049316872 0.943632305
1754516558702296320.000000 -1.751581788 1.840898514 7.440628052 -0.128121376 0.297173142 -0.051167529 0.944804251
1754516558735636480.000000 -1.754299879 1.844751239 7.459377289 -0.128550410 0.294405550 -0.051794883 0.945577860
1754516558768977920.000000 -1.755677938 1.848559976 7.477828979 -0.130568534 0.292331368 -0.052132748 0.945926249
1754516558802319360.000000 -1.756586909 1.850646019 7.497616768 -0.133525133 0.291400969 -0.052564763 0.945776641
1754516558835660800.000000 -1.757371902 1.853961468 7.517310143 -0.135639459 0.292251140 -0.052997667 0.945189178
1754516558869001984.000000 -1.758862495 1.857342362 7.536658287 -0.137805879 0.293977916 -0.053269651 0.944324613
1754516558902343424.000000 -1.760218859 1.860173821 7.556067467 -0.139570266 0.296859175 -0.053067595 0.943174839
1754516558935685120.000000 -1.750427961 1.868901253 7.567736626 -0.139950275 0.298850834 -0.052693408 0.942510247
1754516558969026304.000000 -1.751639605 1.872386575 7.586312294 -0.141671985 0.301922053 -0.052932706 0.941259980
1754516559002367744.000000 -1.755089998 1.875816584 7.605340958 -0.142974645 0.305873007 -0.052769564 0.939795375
1754516559035709184.000000 -1.768661499 1.875102758 7.629159451 -0.144922525 0.311992228 -0.052514203 0.937497020
1754516559069050624.000000 -1.769917250 1.877955914 7.646325111 -0.145783857 0.316959262 -0.053440019 0.935643196
1754516559135733248.000000 -1.776752234 1.885632873 7.683720589 -0.144754082 0.329255909 -0.055323265 0.931437731
1754516559169074176.000000 -1.775647521 1.895205140 7.696473122 -0.142960101 0.335768610 -0.056460958 0.929319143
1754516559202415104.000000 -1.780891180 1.897382379 7.719504833 -0.142849788 0.342449546 -0.057465836 0.926833391
1754516559235756800.000000 -1.785205722 1.903354406 7.739727974 -0.141987279 0.348726720 -0.058514055 0.924556911
1754516559269097984.000000 -1.784882903 1.912482381 7.754638195 -0.140533641 0.354846299 -0.058864709 0.922425807
1754516559335781120.000000 -1.790899277 1.922676921 7.794061661 -0.139962226 0.368348062 -0.058945410 0.917199969
1754516559369122304.000000 -1.794399977 1.926127911 7.813697815 -0.140233576 0.375690520 -0.058589697 0.914198279
1754516559402464000.000000 -1.796872139 1.928851128 7.832816124 -0.138484538 0.381637663 -0.059554372 0.911936402
1754516559435805184.000000 -1.800729513 1.929933667 7.852147102 -0.137189165 0.387287468 -0.059342947 0.909761548
1754516559502488064.000000 -1.806214094 1.932955384 7.887002468 -0.134095773 0.399792850 -0.057639394 0.904909849
1754516559535829248.000000 -1.807857275 1.933547974 7.903714180 -0.131100014 0.408017367 -0.056662176 0.901733994
1754516559569170944.000000 -1.808660507 1.933806539 7.917385101 -0.128723934 0.416947693 -0.055243384 0.898071826
1754516559635852800.000000 -1.807853699 1.940380573 7.944499016 -0.124192454 0.435263276 -0.051127642 0.890229285
1754516559669193984.000000 -1.805919170 1.940836310 7.947766781 -0.121801347 0.443619967 -0.049625725 0.886511743
1754516559702535680.000000 -1.801146746 1.946936727 7.965200901 -0.119564392 0.453015924 -0.048963308 0.882090509
1754516559735877120.000000 -1.798443317 1.948652267 7.979500294 -0.118755750 0.462251335 -0.048922632 0.877398133
1754516559802559744.000000 -1.793264389 1.953394175 8.006467819 -0.117189609 0.479238242 -0.051372826 0.868307650
1754516559835900928.000000 -1.794718027 1.953021526 8.015162468 -0.117568329 0.487249136 -0.053659022 0.863647342
1754516559902584064.000000 -1.787032604 1.958730459 8.040197372 -0.117245339 0.500935018 -0.056765880 0.855625689
1754516559935925504.000000 -1.782690525 1.960478544 8.051528931 -0.117272064 0.506191611 -0.056879181 0.852515221
1754516560002608128.000000 -1.768903255 1.964473486 8.074204445 -0.117149077 0.516027272 -0.055183552 0.846727014
1754516560035949824.000000 -1.760654926 1.966698885 8.085958481 -0.116647668 0.520205379 -0.054842483 0.844258308
1754516560069289984.000000 -1.751206398 1.970262766 8.096890450 -0.115928493 0.523323178 -0.054577135 0.842445791
1754516560135972864.000000 -1.730131626 1.978515625 8.120620728 -0.116756655 0.525423944 -0.053788994 0.841073275
1754516560169314304.000000 -1.713980675 1.984972477 8.136217117 -0.117192745 0.524836838 -0.052499965 0.841460645
1754516560235997184.000000 -1.693331718 1.987957954 8.156714439 -0.114629567 0.523736477 -0.050900035 0.842596769
1754516560269338624.000000 -1.680457115 1.988576531 8.167566299 -0.111326501 0.524377763 -0.049369495 0.842731833
1754516560336021504.000000 -1.652624607 1.987505198 8.192975998 -0.106619395 0.526504338 -0.047367461 0.842129409
1754516560369362944.000000 -1.635004520 1.988507152 8.214756012 -0.105067313 0.527775228 -0.046688668 0.841566682
1754516560402704128.000000 -1.621701717 1.986958265 8.227839470 -0.105188482 0.528548598 -0.047177166 0.841038764
1754516560469387264.000000 -1.595340252 1.986312389 8.254123688 -0.106041670 0.528375268 -0.049848761 0.840886414
1754516560502727424.000000 -1.582632542 1.988112092 8.266548157 -0.107393421 0.528149605 -0.050570942 0.840813518
1754516560569410304.000000 -1.557600498 1.990498424 8.291682243 -0.113066800 0.526635289 -0.051505849 0.840962768
1754516560602751488.000000 -1.545947075 1.991482496 8.304382324 -0.114853494 0.526361167 -0.052169628 0.840851367
1754516560669433856.000000 -1.526092529 1.991140604 8.330368996 -0.118360922 0.526084721 -0.054419488 0.840395212
1754516560702775040.000000 -1.514068127 1.990327477 8.341650009 -0.117839351 0.525806785 -0.056907348 0.840477645
1754516560769457408.000000 -1.494149208 1.990355611 8.364122391 -0.116729997 0.527076542 -0.060387634 0.839593887
1754516560802798336.000000 -1.484562874 1.991648197 8.375220299 -0.116293229 0.528691947 -0.061035592 0.838591278
1754516560836139776.000000 -1.473004341 1.993379712 8.387166023 -0.116120026 0.531194389 -0.060991112 0.837035716
1754516560902821888.000000 -1.448147297 1.996489286 8.410473824 -0.116547853 0.539982617 -0.059304688 0.831455648
1754516560936163072.000000 -1.435888767 1.997965097 8.421670914 -0.116699085 0.545190811 -0.058599792 0.828078806
1754516561002844416.000000 -1.410596848 2.004268646 8.444117546 -0.117430821 0.557158351 -0.058076907 0.820007086
1754516561036185344.000000 -1.397303581 2.008224487 8.454709053 -0.119309545 0.563696802 -0.057833131 0.815270841
1754516561102867712.000000 -1.374202251 2.016826391 8.478161812 0.121098801 -0.577140212 0.058613747 -0.805486619
1754516561169549824.000000 -1.354341984 2.027078152 8.504890442 -0.120792702 0.588739574 -0.059535183 0.797026038
1754516561202891008.000000 -1.344825745 2.029784203 8.518171310 0.121448427 -0.593270421 0.059597407 -0.793554485
1754516561269573120.000000 -1.321631432 2.033561230 8.548215866 -0.121317722 0.601258457 -0.059095066 0.787577450
1754516561336255488.000000 -1.298510551 2.030242920 8.577207565 -0.119947866 0.606073439 -0.061233643 0.783924699
1754516561369596672.000000 -1.286802769 2.028090954 8.591013908 -0.118439630 0.608187199 -0.062214762 0.782438397
1754516561436277760.000000 -1.264550209 2.026782751 8.615838051 -0.111859165 0.613689661 -0.061832801 0.779133677
1754516561469618688.000000 -1.252726555 2.027590752 8.627382278 -0.111210302 0.616544068 -0.059248198 0.777171433
1754516561536301312.000000 -1.226813793 2.029227734 8.649425507 -0.111401178 0.621389329 -0.055544712 0.773550272
1754516561569642240.000000 -1.214728355 2.030026436 8.659827232 -0.110394262 0.623721898 -0.054258134 0.771906853
1754516561636324608.000000 -1.187564373 2.030273438 8.678247452 -0.108988509 0.627446294 -0.052214887 0.769224524
1754516561669665792.000000 -1.175671577 2.029382944 8.689599037 -0.108807169 0.629464567 -0.051845629 0.767624557
1754516561736348160.000000 -1.146270752 2.030821085 8.702984810 -0.108645573 0.633155346 -0.050591346 0.764690220
1754516561803030528.000000 -1.114889145 2.030650616 8.716389656 -0.107432097 0.636987209 -0.050797734 0.761659563
1754516561836370688.000000 -1.096506119 2.030213356 8.723869324 0.106338255 -0.638808966 0.051256150 -0.760255277
1754516561903053056.000000 -1.062483788 2.031383514 8.734056473 0.103369862 -0.641453207 0.050997153 -0.758453608
1754516561969735168.000000 -1.027675152 2.032781839 8.742067337 -0.100562371 0.642765641 -0.047399808 0.757953107
1754516562003076352.000000 -1.008179665 2.033809662 8.744089127 -0.098434091 0.643283963 -0.045305341 0.757920802
1754516562069758720.000000 -0.968049049 2.032134533 8.747413635 -0.093225397 0.644455731 -0.042255562 0.757760167
1754516562136441088.000000 -0.927166939 2.027763844 8.752097130 0.086514488 -0.645441651 0.040109407 -0.757833481
1754516562169782016.000000 -0.901428699 2.024379730 8.756736755 0.084892072 -0.645555377 0.038327273 -0.758012295
1754516562236464384.000000 -0.863376141 2.015780449 8.765851021 0.085029356 -0.642650723 0.036674589 -0.760542631
1754516562269805312.000000 -0.843921661 2.010657787 8.771669388 0.085802302 -0.639440238 0.037266735 -0.763128757
1754516562336486656.000000 -0.807800770 2.005721092 8.784414291 -0.090612404 0.629713833 -0.039315883 0.770522058
1754516562403169024.000000 -0.772386551 2.001095057 8.796484947 -0.101187788 0.618783236 -0.038122352 0.778084278
1754516562436510208.000000 -0.756938457 1.999887586 8.801794052 -0.103763141 0.613851786 -0.039097633 0.781594872
1754516562469851136.000000 -0.738578320 1.993705630 8.806697845 0.103695184 -0.610028803 0.040562820 -0.784516990
1754516562536532992.000000 -0.714530945 1.991944194 8.815855980 0.103976063 -0.602588713 0.041944999 -0.790137053
1754516562603215616.000000 -0.687107563 1.991026163 8.824879646 -0.107448779 0.595910668 -0.040236630 0.794812083
1754516562636556800.000000 -0.675386429 1.992357731 8.828612328 -0.108316816 0.593640208 -0.039339174 0.796436608
1754516562703239168.000000 -0.650619030 1.993507862 8.835273743 -0.109503545 0.591699660 -0.036805078 0.797838330
1754516562736579584.000000 -0.638136387 1.994313359 8.842548370 -0.109867573 0.592415810 -0.036055282 0.797290862
1754516562803261952.000000 -0.614356041 1.996402979 8.852226257 -0.108799949 0.595192850 -0.036382642 0.795351803
1754516562836603136.000000 -0.602200508 1.997383952 8.858884811 -0.108216085 0.596869469 -0.037327312 0.794130266
1754516562903285760.000000 -0.578248978 2.000477314 8.874229431 -0.106744446 0.599933445 -0.040889226 0.791841865
1754516562936626688.000000 -0.566107273 2.002299547 8.881978989 -0.105714336 0.601252019 -0.042741328 0.790881634
1754516563003309312.000000 -0.541551590 2.005671263 8.901132584 -0.103201963 0.604465604 -0.046778206 0.788531899
1754516563069991680.000000 -0.515758514 2.006140471 8.924989700 -0.102731742 0.607293844 -0.054384254 0.785928011
1754516563103332864.000000 -0.502344608 2.006783724 8.935910225 -0.102972679 0.608759165 -0.057611328 0.784531653
1754516563136674048.000000 -0.488171101 2.007392645 8.946578026 -0.104007117 0.610255063 -0.060142670 0.783041596
1754516563203355648.000000 -0.458766460 2.005120993 8.968785286 -0.104134366 0.614671528 -0.063188627 0.779321671
1754516563236696576.000000 -0.442886353 2.003319502 8.978263855 -0.103621304 0.617699087 -0.063774146 0.776944935
1754516563303378944.000000 -0.412604332 2.000669479 8.995830536 -0.100910045 0.623861670 -0.064558081 0.772299170
1754516563336720128.000000 -0.395777225 1.999473810 9.008300781 0.100693151 -0.627164125 0.063983180 -0.769696236
1754516563403402496.000000 -0.365538120 2.000981331 9.023981094 0.103841983 -0.632596672 0.059190374 -0.765202522
1754516563436743936.000000 -0.349163532 2.001546383 9.030746460 -0.104221620 0.635002613 -0.057855468 0.763257802
1754516563503426304.000000 -0.321068764 1.998223782 9.042875290 -0.103976667 0.640814185 -0.055054318 0.758627057
1754516563536767232.000000 -0.306583881 1.997176409 9.046895027 -0.103354119 0.644101679 -0.053790867 0.756014287
1754516563603450880.000000 -0.275513172 1.995289683 9.055353165 -0.102695294 0.651875675 -0.049283285 0.749721944
1754516563636791552.000000 -0.259071350 1.995064497 9.058260918 0.102600098 -0.655389667 0.046696987 -0.746831417
1754516563703474944.000000 -0.225317955 1.993266344 9.065923691 0.102648161 -0.658892632 0.042803176 -0.743970275
1754516563736816896.000000 -0.207364082 1.994293213 9.069499969 0.102855168 -0.659363449 0.041341275 -0.743607163
1754516563803500288.000000 -0.169053078 1.995395064 9.077530861 0.103106402 -0.659033000 0.039953351 -0.743941128
1754516563836842240.000000 -0.149660110 1.995760560 9.081099510 0.103277035 -0.657929480 0.039269306 -0.744930029
1754516563903525888.000000 -0.107707500 1.997272491 9.088107109 0.103169188 -0.654405236 0.039108612 -0.748051167
1754516563936867840.000000 -0.086163521 1.997134089 9.092770576 -0.103101768 0.652708352 -0.039234545 0.749534905
1754516564003551232.000000 -0.043988228 1.993811131 9.100445747 -0.099290080 0.649921596 -0.040662400 0.752389550
1754516564070233856.000000 0.001832485 1.985918045 9.108388901 0.098499775 -0.648006082 0.040173039 -0.754169762
1754516564103575808.000000 0.024218559 1.979930401 9.114150047 -0.099897742 0.646699488 -0.039972089 0.755117536
1754516564170259200.000000 0.066417217 1.971055984 9.126255035 -0.100892134 0.640994847 -0.045187768 0.759542286
1754516564203601408.000000 0.083616257 1.970469475 9.130579948 -0.101898968 0.636434674 -0.047807746 0.763074100
1754516564236943104.000000 0.104616165 1.967644215 9.139146805 -0.105348215 0.631620109 -0.049022820 0.766521096
1754516564303626752.000000 0.141104221 1.965854764 9.152498245 -0.111304700 0.621448517 -0.052652977 0.773718834
1754516564370310400.000000 0.175888538 1.963812590 9.165200233 -0.117920063 0.612371087 -0.056092054 0.779711664
1754516564403652096.000000 0.193669319 1.962137461 9.171464920 -0.120886974 0.608481526 -0.056498542 0.782268941
1754516564436993792.000000 0.211148262 1.960910559 9.177690506 -0.123573765 0.605225921 -0.056385070 0.784379959
1754516564503676672.000000 0.247321606 1.959127188 9.190237045 -0.127669305 0.601503313 -0.056533925 0.786573768
1754516564537018624.000000 0.263354301 1.958840132 9.198770523 0.128812790 -0.601592004 0.056546118 -0.786318541
1754516564603700992.000000 0.298123837 1.960173965 9.209791183 0.127793610 -0.603910148 0.056020353 -0.784743965
1754516564637041920.000000 0.314350605 1.960995197 9.213048935 -0.126354083 0.606210589 -0.055647507 0.783228338
1754516564670383104.000000 0.332277775 1.961251736 9.218706131 -0.124928437 0.609485626 -0.055201933 0.780943632
1754516564737065216.000000 0.370082855 1.961421371 9.239725113 -0.124313802 0.618086517 -0.054734066 0.774286389
1754516564770406400.000000 0.386455536 1.965027809 9.243220329 -0.123167582 0.621328413 -0.054923717 0.771857619
1754516564837088512.000000 0.421896458 1.964356184 9.261557579 -0.119197398 0.625685036 -0.058161497 0.768718064
1754516564870429696.000000 0.439237595 1.962299228 9.273015976 -0.116775595 0.627413154 -0.060683709 0.767485380
1754516564903770624.000000 0.455810547 1.958667755 9.284187317 -0.115236871 0.629033506 -0.063378729 0.766172647
1754516564970451712.000000 0.487576008 1.952286482 9.305718422 -0.112453498 0.630152345 -0.069981262 0.765091419
1754516565003792896.000000 0.503606319 1.950225115 9.315733910 -0.108634353 0.630539894 -0.072363369 0.765102327
1754516565070475008.000000 0.534677029 1.946619034 9.330166817 0.102191478 -0.632643163 0.074386597 -0.764059007
1754516565103816192.000000 0.549799919 1.944543123 9.337749481 0.100386105 -0.634550452 0.074942842 -0.762661159
1754516565170498304.000000 0.583808899 1.941349506 9.350645065 0.099026769 -0.640362263 0.073194444 -0.758137584
1754516565203839232.000000 0.601611614 1.939426661 9.356981277 0.099285744 -0.643631816 0.071772553 -0.755466282
1754516565237180416.000000 0.619529247 1.938212156 9.364900589 -0.098945074 0.647125840 -0.071556397 0.752540886
1754516565303862528.000000 0.653200150 1.933682323 9.376791954 -0.099585950 0.652842104 -0.070857927 0.747568727
1754516565337203456.000000 0.670639515 1.934191704 9.379673004 -0.099430472 0.654476583 -0.070190288 0.746222019
1754516565370544640.000000 0.688313961 1.932860851 9.384099007 -0.100408711 0.656040728 -0.069040589 0.744823515
1754516565437225728.000000 0.725892067 1.933362961 9.391593933 -0.103688359 0.657059073 -0.066630974 0.743695140
1754516565503907584.000000 0.762232304 1.933760643 9.396697998 -0.104500599 0.654502571 -0.067204535 0.745781243
1754516565537248768.000000 0.780966759 1.934513211 9.399225235 -0.104356132 0.652279794 -0.068192177 0.747656822
1754516565570589952.000000 0.799481869 1.934838295 9.400458336 -0.104429759 0.650217175 -0.068627350 0.749401331
1754516565637272576.000000 0.838129044 1.934190273 9.401895523 -0.103101194 0.647169590 -0.068540983 0.752225995
1754516565670614272.000000 0.856643677 1.932562470 9.400995255 -0.100259423 0.646246672 -0.068422951 0.753413320
1754516565737296896.000000 0.893062592 1.925853848 9.396121025 -0.092793167 0.645405054 -0.065725803 0.755329072
1754516565770638336.000000 0.915972710 1.922395706 9.395347595 0.089784242 -0.646609843 0.063425153 -0.754858851
1754516565837319936.000000 0.957111835 1.911939025 9.397123337 0.086805157 -0.646463394 0.061944857 -0.755455375
1754516565870661120.000000 0.970717430 1.905838251 9.397308350 -0.084684961 0.645440400 -0.063256674 0.756461442
1754516565937344000.000000 1.003023148 1.898329973 9.401269913 -0.083277017 0.641993344 -0.066777691 0.759243250
1754516565970685184.000000 1.018683910 1.895688891 9.403737068 -0.084414512 0.640198231 -0.067576021 0.760561705
1754516566004026624.000000 1.034886837 1.894037724 9.406329155 -0.084826045 0.638435662 -0.068780228 0.761888266
1754516566070709248.000000 1.067257881 1.889645576 9.413572311 -0.086839572 0.634554803 -0.069622815 0.764821470
1754516566104050688.000000 1.083039761 1.887351751 9.417557716 -0.088927478 0.632078230 -0.069114894 0.766676068
1754516566170733568.000000 1.114125252 1.884298563 9.426534653 -0.092712082 0.626743734 -0.068503670 0.770651758
1754516566237415936.000000 1.143651485 1.880107164 9.435908318 -0.096276663 0.621966541 -0.068417698 0.774084985
1754516566270757376.000000 1.161058426 1.881522417 9.444010735 0.097718723 -0.621125698 0.068175346 -0.774600685
1754516566337438976.000000 1.192022324 1.882173061 9.457862854 0.100806110 -0.621114910 0.068309925 -0.774201691
1754516566370780160.000000 1.204398632 1.881873846 9.463461876 -0.101604052 0.621789634 -0.068485290 0.773540080
1754516566437463040.000000 1.233147144 1.884868979 9.479871750 -0.104452252 0.624895632 -0.069815956 0.770532966
1754516566470804480.000000 1.246990681 1.885953903 9.489538193 -0.105214529 0.626429439 -0.071755745 0.769004107
1754516566504145920.000000 1.260963440 1.885913968 9.499713898 -0.105213530 0.628041148 -0.073636137 0.767510474
1754516566570828544.000000 1.286263943 1.885805845 9.518098831 -0.101575606 0.630600154 -0.081159525 0.765139818
1754516566604169728.000000 1.298906803 1.885881424 9.528011322 -0.099302545 0.631933749 -0.084507331 0.763974726
1754516566637510912.000000 1.312133789 1.884692430 9.538902283 -0.097751670 0.633939207 -0.086315982 0.762309194
1754516566704193280.000000 1.339898586 1.881799579 9.559189796 -0.093359470 0.638424575 -0.090987138 0.758564055
1754516566737533696.000000 1.356336594 1.886112213 9.572613716 -0.091756031 0.641716123 -0.091185004 0.755954027
1754516566770874880.000000 1.369631767 1.882322311 9.579793930 0.090125404 -0.644568682 0.090391062 -0.753815711
1754516566837557248.000000 1.396152020 1.881570339 9.597887039 0.086671285 -0.649351895 0.090980247 -0.750035226
1754516566870898688.000000 1.408834934 1.884971619 9.608936310 -0.084877498 0.651396811 -0.091697723 0.748377919
1754516566904239872.000000 1.419816017 1.885634780 9.617832184 -0.083714493 0.652815640 -0.092961818 0.747115672
1754516566937581056.000000 1.429679394 1.886265516 9.625986099 -0.082885325 0.653548002 -0.094410412 0.746385813
1754516567004263680.000000 1.452287674 1.888674855 9.641940117 -0.084875055 0.653088152 -0.094803460 0.746514797
1754516567037604864.000000 1.463511944 1.889667988 9.648826599 -0.086494602 0.651858985 -0.094794229 0.747403979
1754516567070946048.000000 1.473359108 1.889876246 9.654890060 -0.087341964 0.650197387 -0.095425889 0.748671234
1754516567137628672.000000 1.496081352 1.889654636 9.667781830 -0.087846786 0.646962106 -0.095986374 0.751338601
1754516567170968832.000000 1.505124092 1.888243675 9.671886444 -0.087627545 0.645244479 -0.096158728 0.752817750
1754516567204310016.000000 1.514146805 1.887232184 9.674725533 -0.086560383 0.644018590 -0.095662646 0.754053116
1754516567270992640.000000 1.529210091 1.883351684 9.677996635 -0.083758652 0.643476367 -0.094908044 0.754927218
1754516567337675008.000000 1.554195881 1.884272933 9.688369751 0.079792157 -0.645218134 0.095914721 -0.753742099
1754516567371015936.000000 1.555733681 1.882770538 9.684883118 -0.078438021 0.644697309 -0.096068352 0.754310131
1754516567404357376.000000 1.565541267 1.882160187 9.687290192 -0.077469058 0.644394100 -0.095492795 0.754742384
1754516567437698816.000000 1.574335098 1.880447388 9.689447403 -0.075426556 0.643793285 -0.094927512 0.755532861
1754516567504381184.000000 1.589672565 1.876932502 9.694288254 -0.070260808 0.641933739 -0.095963091 0.757479787
1754516567537722368.000000 1.598210812 1.876534104 9.698070526 -0.069838151 0.641725063 -0.094956584 0.757822454
1754516567571063808.000000 1.605872631 1.875820398 9.701456070 -0.068464562 0.641381085 -0.094372749 0.758311749
1754516567604405248.000000 1.612531662 1.875880003 9.704908371 -0.066487484 0.640964150 -0.095334478 0.758719862
1754516567671087616.000000 1.626132488 1.877057314 9.714112282 -0.065945148 0.641928434 -0.096668288 0.757782578
1754516567704428800.000000 1.632547855 1.877327323 9.718494415 -0.066208012 0.643575609 -0.097242437 0.756287515
1754516567737770496.000000 1.646434307 1.876363397 9.726163864 0.065963589 -0.646052063 0.098188326 -0.754072011
1754516567771111936.000000 1.650169849 1.877541780 9.733980179 -0.064686328 0.649116755 -0.098733157 0.751475096
1754516567837795328.000000 1.663691044 1.873915792 9.745221138 0.063549809 -0.655971289 0.100336559 -0.745382905
1754516567871136768.000000 1.669579983 1.876860142 9.753326416 0.063794643 -0.659448683 0.101482935 -0.742131352
1754516567904478208.000000 1.676110744 1.878136039 9.760313034 0.064808033 -0.662202001 0.102647953 -0.739426792
1754516567971161600.000000 1.690270424 1.879143238 9.776757240 0.067373931 -0.664796948 0.106729284 -0.736284375
1754516568004503296.000000 1.697186947 1.880618811 9.784718513 -0.067899674 0.665151596 -0.109161586 0.735558867
1754516568037844736.000000 1.703074932 1.881311655 9.793281555 -0.068275183 0.665695846 -0.111410871 0.734694004
1754516568071185408.000000 1.709467411 1.882280350 9.800963402 -0.068125650 0.666908264 -0.113096952 0.733349502
1754516568137868288.000000 1.721735001 1.885071516 9.815080643 0.065570429 -0.673323691 0.114757352 -0.727438331
1754516568171209984.000000 1.726174355 1.884716749 9.822003365 0.063947357 -0.677914619 0.114815928 -0.723297954
1754516568204551424.000000 1.731373787 1.885038376 9.829998016 0.061742648 -0.682486355 0.116017148 -0.718985617
1754516568271234816.000000 1.741002083 1.881606460 9.849678040 0.059781775 -0.690665841 0.117969103 -0.710978389
1754516568304576512.000000 1.746624947 1.883207560 9.856551170 -0.059154589 0.692687809 -0.120159090 0.708693326
1754516568337917952.000000 1.746412277 1.883737564 9.864377975 0.058172267 -0.693898678 0.121804059 -0.707307816
1754516568371259392.000000 1.750946999 1.885557771 9.873649597 0.058382869 -0.694642186 0.122702561 -0.706404865
1754516568437943040.000000 1.761602402 1.889992356 9.892457962 -0.061421521 0.692675769 -0.124157041 0.707822561
1754516568471284480.000000 1.766359329 1.892546892 9.902551651 -0.061948638 0.691237032 -0.125836000 0.708885789
1754516568537966848.000000 1.774836540 1.897529602 9.918730736 -0.060687251 0.689562082 -0.126950845 0.710425735
1754516568571308288.000000 1.779738426 1.899251699 9.925994873 -0.059671037 0.689470828 -0.128135860 0.710387647
1754516568604649984.000000 1.783510208 1.900257826 9.932558060 -0.057846524 0.690352380 -0.128460109 0.709623396
1754516568671333376.000000 1.792160034 1.903195381 9.945184708 -0.056897134 0.691763878 -0.128483579 0.708320141
1754516568704674816.000000 1.795871735 1.903518200 9.951268196 -0.057179250 0.692905128 -0.128845364 0.707115173
1754516568738016256.000000 1.796753883 1.903125525 9.955866814 0.057545621 -0.694263160 0.129618049 -0.705610633
1754516568771357952.000000 1.801059723 1.902515650 9.962810516 -0.059192646 0.696005583 -0.130599052 0.703574002
1754516568838041344.000000 1.803996086 1.907003403 9.969984055 0.059774887 -0.697843671 0.133604348 -0.701135635
1754516568871382784.000000 1.805664062 1.908464074 9.973661423 0.059570748 -0.697653234 0.134693637 -0.701134086
1754516568904724480.000000 1.807248116 1.905536175 9.978838921 -0.058535792 0.697015047 -0.134712666 0.701851964
1754516568971406592.000000 1.807471275 1.906131744 9.981953621 -0.054950181 0.697533548 -0.132811710 0.701989055
1754516569004748544.000000 1.808176041 1.906234264 9.982956886 -0.054801337 0.697879016 -0.132360250 0.701742530
1754516569038089984.000000 1.808951378 1.907167196 9.985899925 -0.055661216 0.698082864 -0.132697314 0.701408386
1754516569104773632.000000 1.810917854 1.908578515 9.991230011 -0.056899562 0.698455870 -0.134258494 0.700640142
1754516569138114816.000000 1.809264183 1.909322381 9.993065834 -0.058271278 0.698862016 -0.134924635 0.699994147
1754516569204798208.000000 1.811433792 1.911204100 9.998807907 -0.058656406 0.699524939 -0.136271015 0.699038267
1754516569238140160.000000 1.813451767 1.915774822 10.002685547 0.057748459 -0.700579286 0.136890694 -0.697936118
1754516569271481856.000000 1.815781593 1.915478945 10.008941650 -0.056933779 0.702032983 -0.137271181 0.696466029
1754516569304823296.000000 1.816012383 1.914912224 10.011165619 -0.056106869 0.703847051 -0.138113141 0.694533110
1754516569371506688.000000 1.814796448 1.915469766 10.012258530 -0.054254748 0.707316458 -0.138795599 0.691010594
1754516569404847360.000000 1.814197540 1.914875746 10.011849403 -0.053441335 0.709131122 -0.138131335 0.689345241
1754516569471530752.000000 1.814494133 1.914686918 10.012323380 -0.051912922 0.712458551 -0.137776718 0.686094403
1754516569504872448.000000 1.814660072 1.914683700 10.012840271 -0.050920907 0.714107037 -0.137584642 0.684491575
1754516569571555328.000000 1.814200401 1.914325833 10.012624741 -0.048124462 0.717599690 -0.137688488 0.681011438
1754516569604896512.000000 1.814469337 1.915271759 10.013176918 -0.047050394 0.719373524 -0.137516662 0.679247499
1754516569671578880.000000 1.814436913 1.916352153 10.015043259 -0.045954123 0.724153340 -0.137181744 0.674293220
1754516569704919808.000000 1.815403938 1.916087389 10.016100883 -0.045780305 0.726972580 -0.137051940 0.671291173
1754516569771602432.000000 1.823480606 1.918761253 10.027091980 -0.045805544 0.733445048 -0.137055725 0.664210856
1754516569804943360.000000 1.817162514 1.917968869 10.019996643 0.046283532 -0.735233188 0.137977347 -0.662006378
1754516569838283520.000000 1.825740814 1.919253588 10.031449318 -0.045896553 0.737912059 -0.138414666 0.658954322
1754516569904965632.000000 1.827866554 1.919477701 10.037014008 -0.045641378 0.739027560 -0.141236305 0.657120645
1754516569938306816.000000 1.827853203 1.920309067 10.039985657 -0.044687472 0.739904165 -0.142930642 0.655832112
1754516569971648000.000000 1.828391075 1.920535684 10.043079376 -0.043720923 0.740929484 -0.144260421 0.654447079
1754516570038330112.000000 1.829607010 1.920629740 10.047407150 -0.042218771 0.742518365 -0.145608380 0.652443409
1754516570071671296.000000 1.830831528 1.920220137 10.048463821 -0.041186381 0.743407130 -0.145065308 0.651617765
1754516570105012224.000000 1.832770348 1.919948459 10.050024986 -0.040075775 0.744272947 -0.144722775 0.650774300
1754516570171694592.000000 1.836060524 1.921777010 10.053068161 -0.038099356 0.746650755 -0.143648416 0.648402929
1754516570205035776.000000 1.838693619 1.921961784 10.054469109 -0.038428169 0.747587800 -0.143737838 0.647283018
1754516570238376704.000000 1.818941116 1.920863867 10.032917023 0.038927019 -0.746301770 0.143205717 -0.648853242
1754516570305057792.000000 1.833203316 1.923570871 10.048081398 -0.040946092 0.747284114 -0.142181322 0.647822917
1754516570338398976.000000 1.836030006 1.923923969 10.051452637 -0.040870585 0.747293890 -0.142680287 0.647706687
1754516570405081088.000000 1.839468956 1.923883915 10.056852341 -0.039194774 0.748266697 -0.143317446 0.646545291
1754516570438422272.000000 1.841403008 1.924395800 10.060159683 -0.037842352 0.749216437 -0.143607825 0.645460784
1754516570471763456.000000 1.841923714 1.925318718 10.061966896 -0.036284048 0.749966621 -0.144340336 0.644514918
1754516570538445568.000000 1.844141006 1.925763369 10.067088127 -0.035090726 0.751792908 -0.145096749 0.642279625
1754516570571786752.000000 1.845406532 1.926251411 10.069510460 -0.034531571 0.752547264 -0.145436242 0.641349077
1754516570605127936.000000 1.848195076 1.926326752 10.072542191 -0.034494657 0.753063738 -0.145686775 0.640687585
1754516570671810560.000000 1.851614952 1.926653862 10.076479912 -0.034254022 0.754227459 -0.145731851 0.639319897
1754516570705151744.000000 1.853388786 1.926607132 10.077181816 -0.034764174 0.754618824 -0.146049008 0.638757885
1754516570738492160.000000 1.855255127 1.926779151 10.078848839 -0.034941632 0.755041182 -0.146075860 0.638242722
1754516570805174528.000000 1.842289925 1.924831748 10.062547684 -0.035969950 0.754139066 -0.145497188 0.639383376
1754516570838515712.000000 1.844906807 1.924144268 10.063776970 -0.035784304 0.754496992 -0.145280853 0.639020562
1754516570905198592.000000 1.848645210 1.924564958 10.065959930 -0.036119580 0.755011737 -0.144656152 0.638535321
1754516570938539776.000000 1.849130630 1.925095320 10.066411018 -0.035823230 0.755028784 -0.144282028 0.638616443
1754516571005222144.000000 1.848855019 1.925041199 10.065092087 -0.034182698 0.755454183 -0.144219920 0.638217211
1754516571038563584.000000 1.848499298 1.924835801 10.064913750 -0.033608388 0.755546868 -0.144143879 0.638155103
1754516571071905024.000000 1.849123001 1.924784303 10.064622879 -0.032532573 0.755506516 -0.143885449 0.638317049
1754516571105245952.000000 1.848354340 1.925150871 10.063696861 -0.031579740 0.755399764 -0.143655419 0.638542891
1754516571171927552.000000 1.847811699 1.925735950 10.060197830 -0.029770833 0.755503595 -0.142680898 0.638725579
1754516571205268736.000000 1.847888947 1.925191283 10.059018135 -0.029719712 0.755438149 -0.142366111 0.638875484
1754516571271951360.000000 1.849346161 1.923987150 10.057495117 0.029540477 -0.754845202 0.141831473 -0.639703035
1754516571305292544.000000 1.848335266 1.923430681 10.059318542 -0.029880408 0.754703164 -0.141713962 0.639880896
1754516571371975168.000000 1.849707603 1.924631357 10.056973457 0.030809464 -0.753303826 0.141648144 -0.641498148
1754516571405316352.000000 1.849399567 1.923889160 10.058773041 -0.031157853 0.752735317 -0.141030997 0.642284274
1754516571438657792.000000 1.850137711 1.923882723 10.058104515 -0.031639442 0.752041280 -0.140549347 0.643178642
1754516571505340416.000000 1.851568222 1.923611045 10.056620598 -0.032623351 0.751032174 -0.139864296 0.644456744
1754516571538681600.000000 1.852861404 1.923420429 10.055542946 -0.033286680 0.750575483 -0.139079168 0.645124376
1754516571572022784.000000 1.855000496 1.923766375 10.054447174 -0.034424886 0.749818683 -0.138191074 0.646134734
1754516571638704384.000000 1.858930588 1.923820019 10.051863670 -0.035457775 0.747944415 -0.136481225 0.648609936
1754516571672045824.000000 1.861157417 1.923457503 10.049579620 -0.035528768 0.747248113 -0.135137662 0.649689019
1754516571738728192.000000 1.867081642 1.921457529 10.044519424 -0.036723267 0.745515168 -0.130870879 0.652480900
1754516571772069632.000000 1.871473312 1.919057369 10.042797089 -0.036864012 0.744163871 -0.128008008 0.654580176
1754516571805410816.000000 1.873400688 1.919208646 10.034973145 0.036701359 -0.742014349 0.125793114 -0.657452643
1754516571872093184.000000 1.877204895 1.914430499 10.020683289 -0.036268041 0.737585068 -0.120871991 0.663357377
1754516571938775808.000000 1.892457008 1.912015438 10.016050339 -0.035915274 0.733949482 -0.115814313 0.668292820
1754516571972117248.000000 1.899153709 1.909829855 10.011943817 -0.036084089 0.731215298 -0.113392279 0.671687782
1754516572038799872.000000 1.916165352 1.905215621 10.005052567 -0.037496068 0.725229323 -0.107242920 0.679069638
1754516572072140288.000000 1.925252914 1.903881073 10.001488686 -0.039284274 0.721608222 -0.105665967 0.683061540
1754516572105481216.000000 1.934206963 1.903236747 9.997275352 -0.041852310 0.717452228 -0.104567632 0.687441945
1754516572172163840.000000 1.954304695 1.900400400 9.988926888 -0.046777803 0.707629323 -0.100748584 0.697798252
1754516572205505024.000000 1.963430405 1.898911953 9.983650208 -0.047906760 0.702577412 -0.098937146 0.703065693
1754516572272187648.000000 1.984848976 1.893982887 9.974579811 -0.047822196 0.692020953 -0.097571090 0.713652551
1754516572305529088.000000 1.996873856 1.890235066 9.972178459 0.046533044 -0.686628580 0.096627474 -0.719054341
1754516572338870016.000000 2.007137299 1.886732936 9.965599060 -0.046180304 0.680747330 -0.096074037 0.724720895
1754516572372211456.000000 2.017329216 1.884629607 9.958602905 -0.045372460 0.674662530 -0.096431367 0.730392277
1754516572438894080.000000 2.040612221 1.878482580 9.946824074 -0.041427709 0.664115131 -0.097829640 0.740043461
1754516572472235520.000000 2.052406788 1.874427438 9.940227509 -0.039592940 0.659440339 -0.098284893 0.744251907
1754516572505575424.000000 2.065249920 1.868444800 9.936601639 0.039584290 -0.655270636 0.098251358 -0.747930706
1754516572538916864.000000 2.078727722 1.864199400 9.931393623 0.039738886 -0.650942445 0.098568983 -0.751650870
1754516572572258048.000000 2.091297626 1.859688878 9.925975800 0.040019896 -0.646571636 0.099004187 -0.755342126
1754516572638942208.000000 2.117063522 1.849960804 9.916280746 0.040578317 -0.637567103 0.101590991 -0.762588322
1754516572672284160.000000 2.129265308 1.845865250 9.910355568 0.040343925 -0.632987320 0.102326341 -0.766308546
1754516572705626368.000000 2.141478062 1.842893124 9.906051636 0.040160187 -0.629079521 0.102732792 -0.769475281
1754516572738968320.000000 2.154114723 1.840262532 9.902118683 0.040344063 -0.625669420 0.101900905 -0.772351265
1754516572805652736.000000 2.181135178 1.837870002 9.894107819 -0.043546122 0.619960904 -0.098272644 0.777235389
1754516572838994688.000000 2.195064545 1.836403370 9.893833160 0.045294516 -0.618447423 0.095780022 -0.778650999
1754516572872336640.000000 2.209423542 1.834864855 9.892567635 0.046298523 -0.617529392 0.093575880 -0.779588044
1754516572905678848.000000 2.224195004 1.832349420 9.892221451 0.047970213 -0.617139220 0.091766387 -0.780010998
1754516572939020544.000000 2.234210968 1.831826091 9.888570786 -0.049141899 0.616622627 -0.090492532 0.780495226
1754516572972361728.000000 2.247225285 1.829018474 9.888654709 -0.050562385 0.616589904 -0.088720925 0.780633748
1754516573039046144.000000 2.277633667 1.827452898 9.896289825 -0.053275697 0.617215693 -0.085775547 0.780287862
1754516573072388096.000000 2.292072296 1.825366974 9.898785591 -0.054116618 0.617428064 -0.084668688 0.780182838
1754516573105730560.000000 2.307855129 1.825575233 9.903062820 -0.054806415 0.618077576 -0.083539836 0.779741943
1754516573139072512.000000 2.322236538 1.826382995 9.907196999 -0.055762284 0.619323790 -0.081908882 0.778857946
1754516573172414464.000000 2.338402748 1.827037096 9.912404060 -0.056507271 0.620867729 -0.080943301 0.777674973
1754516573239098880.000000 2.367451668 1.828201771 9.923049927 -0.057719283 0.625423789 -0.081423372 0.773875952
1754516573272441088.000000 2.382191181 1.829626799 9.928811073 -0.058446858 0.628697336 -0.081652410 0.771139741
1754516573305783296.000000 2.397316456 1.828176260 9.930984497 -0.058757078 0.631958783 -0.082127392 0.768395007
1754516573339125504.000000 2.412711620 1.831426859 9.943206787 -0.057709053 0.635959208 -0.084277079 0.764933288
1754516573372467456.000000 2.425146103 1.831020832 9.948796272 -0.054315943 0.639374971 -0.087608315 0.761954248
1754516573439150848.000000 2.453949451 1.826506615 9.963485718 -0.047766853 0.648194492 -0.090546221 0.754561841
1754516573472493056.000000 2.466351509 1.826677442 9.969661713 -0.044669814 0.651683986 -0.091824375 0.751585603
1754516573505835264.000000 2.479782581 1.824968219 9.976735115 -0.041548721 0.655090153 -0.092603527 0.748702407
1754516573572519424.000000 2.510014057 1.819175839 9.986250877 -0.034906302 0.662065148 -0.093949422 0.742714584
1754516573605860864.000000 2.524049759 1.818376660 9.990867615 -0.031762332 0.666481853 -0.094288819 0.738852382
1754516573639201792.000000 2.536551952 1.818223953 9.997528076 -0.029453104 0.672031939 -0.093378231 0.734020531
1754516573705884160.000000 2.569612503 1.815266609 10.003704071 -0.027289128 0.682085514 -0.091227151 0.725046456
1754516573739225600.000000 2.581761837 1.815588474 10.010284424 -0.027002776 0.686439633 -0.090667665 0.721006930
1754516573772566528.000000 2.599839687 1.813031197 10.010429382 -0.026360121 0.690114200 -0.089521699 0.717658341
1754516573805907712.000000 2.612807751 1.812954307 10.013834000 0.024634354 -0.693607271 0.088708788 -0.714445949
1754516573872589056.000000 2.643334866 1.807398796 10.018065453 -0.020919429 0.700267971 -0.088555969 0.708057225
1754516573905930240.000000 2.659040928 1.805607915 10.019173622 -0.019375630 0.703815758 -0.088627584 0.704566002
1754516573939271424.000000 2.675545216 1.804197311 10.018947601 -0.018239088 0.707483530 -0.087930925 0.701001108
1754516574005953536.000000 2.710472107 1.803588629 10.016191483 -0.015719209 0.714547515 -0.085348956 0.694183290
1754516574039294976.000000 2.728454590 1.805295229 10.013416290 0.014839248 -0.717276692 0.083970957 -0.691551149
1754516574072635904.000000 2.748113632 1.805780649 10.011856079 0.014105380 -0.719829142 0.081903942 -0.689158082
1754516574139318528.000000 2.786797523 1.806540847 10.007174492 0.011920364 -0.722103953 0.080654927 -0.686963320
1754516574172659456.000000 2.807143211 1.807077765 10.004978180 0.009891804 -0.722230256 0.079921275 -0.686948538
1754516574206000640.000000 2.828511238 1.805396080 10.002633095 0.007209346 -0.721844018 0.078738578 -0.687524199
1754516574239341568.000000 2.849604130 1.803267360 9.998901367 0.004316476 -0.720706820 0.078351490 -0.688784480
1754516574306022912.000000 2.897080421 1.796436429 9.997325897 -0.001131736 -0.721099198 0.075318761 -0.688724756
1754516574339364096.000000 2.915771008 1.792418718 9.990605354 -0.004019608 -0.721161187 0.073946029 -0.688797832
1754516574372705024.000000 2.937910557 1.786957264 9.989681244 -0.006456974 -0.721759439 0.074236050 -0.688121200
1754516574406046464.000000 2.959012032 1.781460881 9.987852097 -0.007773279 -0.721470952 0.075081520 -0.688318312
1754516574472728576.000000 3.000141144 1.771473050 9.986522675 0.006972325 0.719511509 -0.077567175 0.690100014
1754516574506069760.000000 3.022467136 1.767691135 9.985595703 0.005397549 0.717865705 -0.077390492 0.691845775
1754516574539410944.000000 3.040143967 1.766455889 9.991314888 -0.004303821 -0.716852009 0.077944942 -0.692841470
1754516574606093056.000000 3.075562477 1.760888577 9.996482849 0.000436378 -0.712498963 0.079598092 -0.697143674
1754516574639434496.000000 3.093216419 1.758517623 10.000661850 0.003779607 -0.709770381 0.081517480 -0.699690402
1754516574672775936.000000 3.110532284 1.757186532 10.004445076 0.007244532 -0.707278609 0.083027199 -0.702005029
1754516574706117376.000000 3.128142834 1.756588459 10.007825851 0.011143886 -0.705420554 0.082845621 -0.703842580
1754516574739457792.000000 3.146492958 1.754995823 10.012147903 0.015304222 -0.704137862 0.082456246 -0.705093443
1754516574806140416.000000 3.183747292 1.747806668 10.018801689 0.022299010 -0.704134583 0.081383273 -0.705034792
1754516574839481600.000000 3.198985100 1.752164364 10.024074554 0.024215903 -0.705850601 0.081047393 -0.703292251
1754516574872823040.000000 3.216779709 1.753546119 10.028985023 0.026144953 -0.708333254 0.080576509 -0.700776696
1754516574906164736.000000 3.234114170 1.755075455 10.033028603 0.027631197 -0.711468935 0.079717681 -0.697634280
1754516574939505920.000000 3.252714157 1.755740523 10.038525581 0.028995845 -0.715433478 0.078452811 -0.693656504
1754516574972847104.000000 3.268414497 1.756766677 10.041704178 -0.030247349 0.719688535 -0.077639975 0.689279020
1754516575006188288.000000 3.285417557 1.758200288 10.048163414 -0.031292412 0.724793196 -0.078447163 0.683770239
1754516575039529728.000000 3.301271915 1.759656549 10.055541039 -0.031530581 0.729856491 -0.080772698 0.678079069
1754516575106212608.000000 3.334324837 1.756927490 10.076837540 0.030040538 -0.739790022 0.087334320 -0.666469097
1754516575139554048.000000 3.349928856 1.757381678 10.088349342 0.027148582 -0.744843900 0.091314480 -0.660403132
1754516575172894208.000000 3.365226746 1.757558465 10.097963333 0.024436500 -0.749927640 0.094447985 -0.654286683
1754516575239576832.000000 3.397734642 1.755314350 10.119756699 0.021834772 -0.758942127 0.100699015 -0.642954051
1754516575272918272.000000 3.413100243 1.758017659 10.129096985 -0.020327670 0.762861669 -0.104366042 0.637759149
1754516575306259968.000000 3.432139397 1.748918176 10.145702362 0.021146465 -0.767565966 0.106355168 -0.631730974
1754516575372942336.000000 3.466149330 1.747523546 10.159049988 0.018564181 -0.775246322 0.110374726 -0.621663809
1754516575406283520.000000 3.479048729 1.749495983 10.164890289 -0.017511826 0.778443038 -0.110495515 0.617665529
1754516575439624960.000000 3.496102333 1.747053981 10.171687126 -0.018171541 0.781610787 -0.109907083 0.613738477
1754516575472966656.000000 3.510941505 1.748850584 10.179280281 -0.018135076 0.785115302 -0.109570399 0.609310687
1754516575539649280.000000 3.546959877 1.745626450 10.186094284 -0.019698653 0.792305470 -0.104402639 0.600803018
1754516575572990464.000000 3.569729805 1.735881448 10.193585396 0.021874482 -0.796576858 0.100941710 -0.595648944
1754516575606331904.000000 3.589912415 1.734007716 10.195684433 0.022154622 -0.800788701 0.097807951 -0.590491652
1754516575639672064.000000 3.610043526 1.732371330 10.196537018 0.022245150 -0.805079818 0.094296180 -0.585200787
1754516575706354688.000000 3.647440910 1.727308273 10.197590828 0.020661138 -0.814458013 0.088504530 -0.573060393
1754516575739696128.000000 3.666896820 1.724652529 10.198137283 0.019299906 -0.819967508 0.086993299 -0.565431774
1754516575773037312.000000 3.686139107 1.722630739 10.198207855 0.017963564 -0.825535893 0.087396756 -0.557251930
1754516575839719936.000000 3.722585678 1.722326517 10.197379112 0.012198364 -0.835746646 0.090321697 -0.541498721
1754516575873060864.000000 3.737655640 1.724414945 10.192335129 -0.009092142 0.838936090 -0.090944305 0.536500514
1754516575906402304.000000 3.757558823 1.723215222 10.190458298 -0.007352861 0.841364264 -0.089963913 0.532877684
1754516575973084928.000000 3.796694756 1.720209002 10.182928085 -0.000900105 0.843976796 -0.086796701 0.529309630
1754516576006426368.000000 3.816737175 1.717683911 10.180018425 0.002512950 0.844760656 -0.085638382 0.528241754
1754516576039767552.000000 3.840038300 1.711164594 10.181577682 -0.005504992 -0.846044898 0.084221952 -0.526388288
1754516576106449152.000000 3.879733086 1.700950503 10.177201271 -0.009748528 -0.849040210 0.082871147 -0.521697283
1754516576139790592.000000 3.900010109 1.695234895 10.176353455 -0.009035135 -0.850967646 0.082780592 -0.518574715
1754516576173132032.000000 3.919924736 1.691002965 10.175660133 -0.007903527 -0.852288485 0.083044730 -0.516377389
1754516576239814400.000000 3.958074570 1.682741404 10.177328110 -0.005364193 -0.853337109 0.083314784 -0.514631689
1754516576273155328.000000 3.974165916 1.679117799 10.178879738 -0.004004295 -0.852722406 0.084384389 -0.515487909
1754516576339837952.000000 4.008543015 1.675038695 10.178117752 -0.003069009 -0.851746738 0.086800851 -0.516704798
1754516576406520832.000000 4.041205406 1.665912628 10.185181618 -0.001239995 -0.853109717 0.089559183 -0.513985932
1754516576439862016.000000 4.058035851 1.663335443 10.186820030 -0.000688596 -0.853762746 0.090708174 -0.512699485
1754516576506543360.000000 4.092123032 1.657963753 10.188371658 -0.001637324 0.854547679 -0.091020606 0.511332512
1754516576573225984.000000 4.128578186 1.657500386 10.189328194 0.006306186 -0.855241895 0.088696443 -0.510543406
1754516576606567424.000000 4.147094727 1.656849623 10.191005707 0.009558037 -0.855917394 0.086524144 -0.509732962
1754516576673249792.000000 4.182979584 1.655763268 10.193542480 0.013087840 -0.857625246 0.081863299 -0.507549167
1754516576706591232.000000 4.201186180 1.654989481 10.195036888 0.013946974 -0.859058082 0.079685010 -0.505445361
1754516576739932160.000000 4.218885422 1.654950142 10.198145866 0.013627162 -0.861487091 0.078586452 -0.501476407
1754516576806614528.000000 4.255439758 1.656612158 10.205360413 0.012728827 -0.867769361 0.078791656 -0.490516365
1754516576839955712.000000 4.272109985 1.654343843 10.211668015 0.012274483 -0.871129751 0.078469612 -0.484587282
1754516576873297152.000000 4.292474747 1.658524632 10.214239120 0.010347329 -0.874481857 0.078270935 -0.478589684
1754516576939979520.000000 4.329718590 1.658485651 10.221941948 0.004944360 -0.881721377 0.077471912 -0.465339899
1754516576973319424.000000 4.347914696 1.654882908 10.225783348 -0.001249525 0.885742545 -0.076033764 0.457905501
1754516577006660864.000000 4.367143631 1.652605057 10.230144501 0.001307376 0.889496982 -0.075182930 0.450711697
1754516577073343232.000000 4.405083656 1.646929026 10.239004135 0.001736604 0.895111382 -0.071214281 0.440114975
1754516577106684672.000000 4.424670219 1.640042186 10.245549202 -0.001549429 -0.897271574 0.070574664 -0.435798854
1754516577173367040.000000 4.458196640 1.634079337 10.253248215 -0.006482293 -0.901261985 0.070119619 -0.427513868
1754516577206707968.000000 4.474442482 1.631458879 10.256678581 -0.008124718 -0.903324246 0.069689713 -0.423181534
1754516577240049408.000000 4.489729881 1.628931046 10.259670258 -0.008470196 -0.905250907 0.069290876 -0.419103652
1754516577306731776.000000 4.520219803 1.626551867 10.262289047 0.009038600 0.908978820 -0.067795925 0.411192834
1754516577340072960.000000 4.536035538 1.623113751 10.262997627 -0.008257415 -0.910852969 0.065668963 -0.407389730
1754516577406754304.000000 4.564672470 1.620137691 10.262634277 0.008183561 0.913962781 -0.062620148 0.400853872
1754516577440095488.000000 4.580622673 1.619145155 10.260971069 0.008047097 0.915478408 -0.060984071 0.397637516
1754516577473436672.000000 4.595038414 1.616694450 10.258962631 0.007971784 0.917247951 -0.058707759 0.393886030
1754516577506777856.000000 4.607075691 1.615458131 10.256848335 0.008400192 0.919220746 -0.056428839 0.389587581
1754516577573460224.000000 4.635115623 1.612615108 10.248554230 0.009601255 0.923961401 -0.051114313 0.378933430
1754516577606839296.000000 4.648479462 1.611182094 10.244710922 0.010778735 0.925943732 -0.049301758 0.374274671
1754516577673677824.000000 4.677846909 1.607071757 10.234689713 -0.014442809 -0.928579807 0.047197301 -0.367836118
1754516577707098368.000000 4.691867828 1.605960131 10.229518890 -0.015621876 -0.929260254 0.046358686 -0.366172642
1754516577773939968.000000 4.721105576 1.602758884 10.216405869 -0.019533990 -0.930014074 0.044234432 -0.364329070
1754516577807361536.000000 4.735929489 1.599854350 10.209368706 -0.022155710 -0.930434883 0.042983722 -0.363252759
1754516577840782592.000000 4.749946594 1.597800732 10.202285767 -0.024631659 -0.930770755 0.042875506 -0.362244248
1754516577874205696.000000 4.766895294 1.594262838 10.194717407 -0.026185803 -0.930967689 0.042891424 -0.361626655
1754516577941052160.000000 4.799775124 1.587989807 10.177706718 -0.028518645 -0.929969013 0.040189251 -0.364320308
1754516578007901184.000000 4.833828926 1.578210592 10.161838531 0.029512791 0.927659810 -0.037932832 0.370320648
1754516578041326336.000000 4.850309372 1.571722865 10.152372360 0.029398300 0.926724076 -0.036001299 0.372856826
1754516578108177920.000000 4.883312225 1.563555002 10.139820099 -0.028435415 -0.925898194 0.037911355 -0.374789029
1754516578141604608.000000 4.897390366 1.560848236 10.133953094 -0.026620675 -0.925304353 0.038661160 -0.376309097
1754516578175031808.000000 4.912747383 1.558338761 10.128298759 -0.024200883 -0.924676180 0.037841201 -0.378095597
1754516578241887744.000000 4.942914009 1.552621841 10.115479469 -0.019879740 -0.924505651 0.035253264 -0.379013658
1754516578275316224.000000 4.956752777 1.549934864 10.109351158 -0.017610451 -0.925063908 0.033002261 -0.377965152
1754516578308744448.000000 4.972707748 1.545559764 10.103311539 -0.014901778 -0.925862134 0.030934790 -0.376298159
1754516578375604224.000000 5.001184464 1.537900209 10.093255043 -0.010913552 -0.928376675 0.028564082 -0.370380580
1754516578409034752.000000 5.014730453 1.533837438 10.086459160 -0.009922042 -0.929805458 0.028406838 -0.366819501
1754516578475897600.000000 5.038466454 1.525161266 10.073402405 0.009481184 0.933600605 -0.027115965 0.357162029
1754516578509329664.000000 5.052571297 1.522848964 10.065679550 0.010311707 0.936130643 -0.025008840 0.350610554
1754516578576195328.000000 5.084823608 1.519370198 10.050999641 -0.012245553 -0.942494690 0.021663584 -0.333293468
1754516578609579520.000000 5.098528862 1.518525600 10.043251038 -0.013859134 -0.946287751 0.020580253 -0.322372437
1754516578676246528.000000 5.126013756 1.515534520 10.028393745 -0.016263217 -0.954646230 0.018188488 -0.296741366
1754516578709580288.000000 5.139282227 1.513597250 10.020918846 0.017261513 0.958326101 -0.018013394 0.284585178
1754516578776245504.000000 5.167202950 1.508507490 10.007776260 0.021068819 0.964553297 -0.019327803 0.262334943
1754516578809578752.000000 5.181092262 1.504830956 10.001528740 0.023732178 0.967073560 -0.020982640 0.252517968
1754516578842911744.000000 5.195335388 1.500402451 9.995166779 0.026795870 0.969414175 -0.022331702 0.242939383
1754516578909577728.000000 5.222028732 1.488743544 9.982175827 -0.033105582 -0.973408401 0.025466839 -0.225236863
1754516578942910720.000000 5.239545822 1.482467055 9.976423264 0.035795234 0.975086391 -0.026253885 0.217338443
1754516578976243456.000000 5.254921913 1.476148844 9.969907761 0.038192842 0.976327717 -0.027524704 0.211111099
1754516579042908672.000000 5.283300400 1.465899706 9.954603195 -0.041625384 -0.978538215 0.029034717 -0.199718386
1754516579076241408.000000 5.298156738 1.462148666 9.946581841 -0.041723896 -0.979675293 0.028096145 -0.194180518
1754516579142906368.000000 5.326350212 1.455102086 9.929494858 -0.039951209 -0.981889069 0.026023852 -0.183359399
1754516579176237824.000000 5.338937759 1.451638937 9.920131683 -0.039079003 -0.982858956 0.024398340 -0.178510338
1754516579242902272.000000 5.364123344 1.445353746 9.898777962 -0.037570432 -0.984262288 0.018540554 -0.171675771
1754516579276234752.000000 5.374917030 1.443148851 9.888818741 -0.037616547 -0.984737992 0.016305542 -0.169145584
1754516579342898688.000000 5.394169807 1.437359214 9.868074417 -0.038827110 -0.985435367 0.013822964 -0.164980486
1754516579409562880.000000 5.413814545 1.432194948 9.844133377 -0.038720455 -0.985666275 0.010780664 -0.163849190
1754516579442894336.000000 5.423901558 1.431304812 9.829626083 -0.038944464 -0.985616207 0.009276823 -0.164189249
1754516579509558016.000000 5.441220284 1.425785780 9.801656723 0.037610065 0.985389888 -0.006459400 0.165983975
1754516579542889472.000000 5.447953224 1.423113108 9.788235664 -0.036962986 -0.985212088 0.005296207 -0.167221159
1754516579609554432.000000 5.462207794 1.418406129 9.756826401 -0.037289273 -0.984435618 0.003539666 -0.171707883
1754516579642888448.000000 5.469572067 1.416167498 9.740058899 -0.038956236 -0.983989298 0.002282819 -0.173903212
1754516579709557760.000000 5.482979774 1.407646179 9.704817772 -0.041639332 -0.983073652 0.001226014 -0.178411946
1754516579776227328.000000 5.496360779 1.395736456 9.672004700 -0.043238800 -0.982173324 0.000909148 -0.182935014
1754516579809561856.000000 5.502207756 1.388958693 9.656743050 -0.044642143 -0.981878936 0.001772127 -0.184167698
1754516579876230656.000000 5.515606880 1.377080917 9.627292633 -0.044996493 -0.981504083 0.005930949 -0.185983643
1754516579909565184.000000 5.522772789 1.371656895 9.614683151 -0.043682147 -0.981203020 0.008723928 -0.187767148
1754516579976233984.000000 5.539120674 1.365235329 9.590926170 -0.041211274 -0.980375826 0.011867883 -0.192416504
1754516580009568256.000000 5.546535492 1.361742854 9.579008102 -0.039789617 -0.979758382 0.011958214 -0.195824906
1754516580076235264.000000 5.561717987 1.354536295 9.553058624 -0.036374945 -0.978663683 0.009123662 -0.202017695
1754516580109569280.000000 5.571821213 1.350095749 9.538537979 -0.034284849 -0.978115201 0.006866499 -0.205105439
1754516580142903296.000000 5.580733299 1.346021891 9.524026871 -0.032921012 -0.977600157 0.004902771 -0.207822412
1754516580209571072.000000 5.599555969 1.338654757 9.496730804 -0.029923817 -0.976549864 0.001022484 -0.213199258
1754516580242905088.000000 5.609308243 1.334450722 9.483208656 -0.029509680 -0.975916445 -0.000363809 -0.216139242
1754516580309572352.000000 5.629370689 1.327484131 9.455600739 -0.029177224 -0.975095153 -0.001576212 -0.219853863
1754516580342906112.000000 5.639348984 1.324957848 9.441463470 -0.028977262 -0.975074589 -0.002402731 -0.219964072
1754516580409573376.000000 5.659622192 1.320179105 9.415770531 -0.029974602 -0.975549340 -0.001796115 -0.217719823
1754516580442906880.000000 5.671576500 1.314385653 9.404592514 0.030506831 0.976067483 0.001269661 0.215314046
1754516580509572608.000000 5.692581177 1.307662010 9.379167557 -0.033074047 -0.977155030 0.001797614 -0.209931195
1754516580542905856.000000 5.702802658 1.303930759 9.367466927 -0.034653310 -0.977795124 0.003487743 -0.206648901
1754516580609572608.000000 5.724690437 1.293956637 9.342936516 -0.036339279 -0.979242086 0.003183429 -0.199384958
1754516580676240128.000000 5.745640755 1.282806516 9.318313599 -0.040104497 -0.980755329 0.003006894 -0.191054165
1754516580709573632.000000 5.754274368 1.277843952 9.307349205 -0.043396100 -0.981602252 0.004317416 -0.185890317
1754516580742907648.000000 5.762619019 1.273359537 9.297174454 -0.046223409 -0.982416689 0.005543297 -0.180803984
1754516580809574400.000000 5.781400681 1.266089439 9.275845528 -0.048062697 -0.983900905 0.004526849 -0.172071248
1754516580842907648.000000 5.789839745 1.263273478 9.265170097 -0.047920100 -0.984566152 0.003387568 -0.168290481
1754516580909574400.000000 5.806960106 1.256387711 9.243568420 -0.047345098 -0.985544443 0.002209665 -0.162652448
1754516580942907648.000000 5.814533234 1.252772331 9.232963562 -0.047774009 -0.985933363 0.003095941 -0.160135925
1754516581009572864.000000 5.823352814 1.244737387 9.208534241 -0.048534207 -0.986099780 0.003166148 -0.158876166
1754516581076238848.000000 5.836236954 1.240709305 9.186627388 0.047773823 0.984740734 -0.003030501 0.167314813
1754516581109571584.000000 5.840239525 1.235550046 9.170804024 -0.048153628 -0.983980656 0.003307966 -0.171617314
1754516581176237056.000000 5.848630905 1.230423689 9.140717506 -0.049149636 -0.983279109 0.003240743 -0.175316691
1754516581209570048.000000 5.851933479 1.227881312 9.125092506 -0.050322797 -0.983199358 0.004247591 -0.175409973
1754516581276234752.000000 5.858002663 1.223902702 9.091665268 -0.053301413 -0.983125508 0.005297354 -0.174914643
1754516581309567488.000000 5.859483719 1.222044468 9.074909210 -0.054637354 -0.983296394 0.006596173 -0.173492298
1754516581376231936.000000 5.863113403 1.215244889 9.038490295 -0.056693800 -0.983751535 0.010389773 -0.170032248
1754516581409563392.000000 5.864330292 1.211781621 9.020590782 -0.059172712 -0.983793676 0.012589386 -0.168790445
1754516581476227584.000000 5.866580009 1.202147484 8.985994339 -0.063280314 -0.983793020 0.018070385 -0.166794404
1754516581509559552.000000 5.867892265 1.197439432 8.975115776 0.063579373 0.983767509 -0.020703834 0.166525200
1754516581576223488.000000 5.870808601 1.184250832 8.938210487 -0.063607447 -0.983800232 0.025729068 -0.165617764
1754516581609556992.000000 5.874126434 1.179278851 8.920882225 -0.061900496 -0.983826220 0.028798684 -0.165604934
1754516581676225536.000000 5.881384850 1.169304490 8.887800217 -0.057894409 -0.983743489 0.032540783 -0.166847557
1754516581709559808.000000 5.884293556 1.165061951 8.871307373 -0.057478748 -0.983865559 0.032205556 -0.166335747
1754516581776228096.000000 5.892282486 1.156551480 8.838798523 -0.055969469 -0.984445632 0.029439604 -0.163913339
1754516581809562112.000000 5.897982597 1.153419495 8.823998451 -0.054823413 -0.984796166 0.027533824 -0.162520245
1754516581876229376.000000 5.908901215 1.144681215 8.794941902 -0.051315948 -0.985485017 0.025054256 -0.159869701
1754516581909563136.000000 5.915620804 1.139863729 8.780841827 -0.048837788 -0.985788763 0.023800597 -0.158962607
1754516581942896896.000000 5.921761513 1.136132598 8.767727852 -0.046354968 -0.985976636 0.022917433 -0.158669874
1754516582009564160.000000 5.934768677 1.129218340 8.739500046 -0.043163508 -0.986353755 0.020682666 -0.157529280
1754516582042897920.000000 5.938025475 1.127158165 8.730291367 0.042616900 0.986401558 -0.019674180 0.157507852
1754516582109564928.000000 5.953205109 1.117825985 8.703762054 -0.040474895 -0.986999631 0.018011704 -0.154496536
1754516582142898432.000000 5.960115433 1.116875768 8.683494568 0.039986581 0.987264931 -0.017822444 0.152942866
1754516582209564928.000000 5.978386879 1.108336091 8.655864716 -0.036635078 -0.988029242 0.016556563 -0.148936406
1754516582242898176.000000 5.988093376 1.106468916 8.640838623 -0.035102282 -0.988446951 0.015896965 -0.146587014
1754516582309563392.000000 6.008272171 1.101851583 8.611074448 -0.032548238 -0.989429712 0.018668814 -0.140075326
1754516582342896384.000000 6.018484116 1.097458959 8.596236229 -0.031091675 -0.989992797 0.022049731 -0.135872886
1754516582409562624.000000 6.039854050 1.089293599 8.565681458 -0.028445421 -0.990975380 0.025031870 -0.128577635
1754516582442895104.000000 6.050272942 1.083051324 8.551694870 -0.027067274 -0.991386175 0.026729438 -0.125325218
1754516582509560832.000000 6.071570396 1.071549296 8.521768570 -0.025397925 -0.991960764 0.031051626 -0.120019287
1754516582542893568.000000 6.081354141 1.064540386 8.509153366 -0.026046518 -0.992053568 0.033970915 -0.118310541
1754516582609559552.000000 6.094485283 1.052256107 8.487829208 0.029362015 0.992229402 -0.038499925 0.114614256
1754516582642894336.000000 6.100876808 1.048684716 8.471522331 -0.030334162 -0.992421389 0.038354628 -0.112732448
1754516582709563136.000000 6.117677689 1.039536238 8.439523697 0.029890027 0.992949903 -0.035068750 0.109212369
1754516582742896896.000000 6.122750282 1.035450697 8.424652100 -0.030924585 -0.993122220 0.031546582 -0.108428769
1754516582809565184.000000 6.136452675 1.027425528 8.392762184 -0.032001194 -0.993597686 0.026344195 -0.105098590
1754516582842899200.000000 6.142416954 1.024060845 8.377985001 -0.033167932 -0.993771434 0.025818106 -0.103207096
1754516582909567488.000000 6.152474403 1.017220736 8.349128723 -0.036431633 -0.993892908 0.025591929 -0.100969315
1754516582942901504.000000 6.156206131 1.013572693 8.334407806 -0.038179923 -0.993901849 0.025001144 -0.100381203
1754516582976235520.000000 6.160963058 1.010124087 8.318037987 -0.039691929 -0.993983507 0.023713816 -0.099292502
1754516583042903296.000000 6.168000221 1.004988194 8.283127785 -0.043078866 -0.994050562 0.020377779 -0.097941726
1754516583076237056.000000 6.170859337 1.002102733 8.264968872 -0.044634126 -0.993937492 0.018768771 -0.098710917
1754516583142904576.000000 6.177138329 0.995743036 8.230520248 -0.047774997 -0.993486404 0.017480066 -0.101964884
1754516583176237056.000000 6.181914330 0.992178917 8.211165428 0.050183073 0.993233681 -0.018203089 0.103137590
1754516583242904064.000000 6.180548668 0.988659143 8.175362587 -0.056305323 -0.992583394 0.021187786 -0.105636552
1754516583276237568.000000 6.181986809 0.984921932 8.156454086 -0.059109543 -0.992316484 0.022292430 -0.106382191
1754516583342904064.000000 6.184618950 0.975731552 8.117287636 -0.063336551 -0.991670907 0.025084561 -0.109307848
1754516583376237312.000000 6.186646461 0.969883323 8.096605301 -0.064678736 -0.991305947 0.025871256 -0.111623988
1754516583442903552.000000 6.190253258 0.955797613 8.058259010 -0.065795340 -0.990479529 0.029714793 -0.117211059
1754516583476236544.000000 6.192073822 0.948933721 8.040609360 -0.065621257 -0.990190566 0.032749377 -0.118928462
1754516583509569536.000000 6.194905281 0.942628980 8.023601532 -0.064240284 -0.989942908 0.036709402 -0.120576344
1754516583576235264.000000 6.201210022 0.932334185 7.990412235 -0.061120689 -0.989397705 0.042111434 -0.124832243
1754516583609568768.000000 6.210818291 0.928651571 7.972814560 0.059411753 0.989204228 -0.043122560 0.126829505
1754516583676236032.000000 6.217276573 0.919491827 7.941286564 -0.055052008 -0.988860071 0.041648202 -0.131873310
1754516583709570048.000000 6.220356941 0.914545417 7.926392078 -0.053168304 -0.988784730 0.038328566 -0.134197101
1754516583742903808.000000 6.225452423 0.909711480 7.910500526 -0.051081490 -0.988737524 0.035224177 -0.136191413
1754516583809571584.000000 6.234670639 0.901827097 7.879461288 -0.047948644 -0.988777041 0.031319030 -0.137985945
1754516583842905344.000000 6.240427971 0.898517966 7.864624023 -0.046184700 -0.988873661 0.029996051 -0.138188973
1754516583876238848.000000 6.245828629 0.895753860 7.850409985 -0.044438247 -0.988926053 0.028786920 -0.138643414
1754516583942905600.000000 6.258740425 0.889703512 7.821867943 -0.042590652 -0.989120483 0.024546746 -0.138651162
1754516583976239104.000000 6.266086578 0.887100875 7.807103157 -0.041723974 -0.989265025 0.022531604 -0.138225272
1754516584009572864.000000 6.272518158 0.883673131 7.793591022 -0.040858507 -0.989442706 0.020858616 -0.137472376
1754516584042906112.000000 6.279472351 0.881213307 7.779033661 -0.040076517 -0.989676595 0.019866493 -0.136160329
1754516584109571328.000000 6.294888496 0.879279971 7.750744820 0.039407235 0.990012288 -0.021165973 0.133696735
1754516584142904576.000000 6.303928375 0.875264049 7.736888885 -0.038553398 -0.990245044 0.023609508 -0.131799296
1754516584209570560.000000 6.320634842 0.869450450 7.710704803 -0.036773130 -0.990722358 0.030165404 -0.127306595
1754516584242903296.000000 6.328639984 0.865821600 7.697887421 -0.034941871 -0.990999043 0.033759195 -0.124741092
1754516584309569024.000000 6.346370697 0.857758462 7.671069145 -0.033953246 -0.991455972 0.042665266 -0.118498690
1754516584342902016.000000 6.354905128 0.854186177 7.656629086 -0.034300301 -0.991703153 0.046070069 -0.115003884
1754516584409566976.000000 6.372704506 0.843631029 7.626892090 -0.035250999 -0.992578268 0.049035612 -0.105552979
1754516584442899456.000000 6.380771637 0.837640524 7.611142635 -0.036791179 -0.993028522 0.049868740 -0.100269876
1754516584509563392.000000 6.396088600 0.824267685 7.581707954 -0.041339286 -0.993639529 0.054066986 -0.089712501
1754516584542895872.000000 6.402148247 0.819044948 7.567720413 -0.043917235 -0.993886113 0.055543393 -0.084715545
1754516584576228096.000000 6.409069061 0.813551962 7.552630901 -0.045698155 -0.994217992 0.055184893 -0.079980865
1754516584609561088.000000 6.415790558 0.808438063 7.537659168 -0.046788327 -0.994538367 0.054150075 -0.075974301
1754516584676229120.000000 6.427330971 0.798191190 7.505967140 -0.049991157 -0.995227337 0.046765633 -0.069544412
1754516584709562880.000000 6.434711456 0.794364095 7.486725807 0.051513322 0.995593131 -0.041784588 0.066292688
1754516584776230144.000000 6.440386772 0.784506738 7.454647064 -0.054558765 -0.996109784 0.034112345 -0.060208406
1754516584842897152.000000 6.448882580 0.776148796 7.422395706 -0.056731373 -0.996483207 0.028873088 -0.054489601
1754516584876230656.000000 6.453894615 0.772503257 7.406705856 -0.056287594 -0.996639848 0.027091064 -0.052979376
1754516584942897664.000000 6.462414742 0.766313553 7.372622490 -0.054706991 -0.996811688 0.021847272 -0.053817194
1754516584976229632.000000 6.466460705 0.763565302 7.354005814 -0.054010179 -0.996803701 0.018884672 -0.055756465
1754516585042896128.000000 6.474369049 0.759487867 7.314374924 -0.052652679 -0.996548891 0.015011918 -0.062391575
1754516585076229120.000000 6.477631569 0.757037222 7.293528080 -0.052109770 -0.996335149 0.014165356 -0.066334330
1754516585142895104.000000 6.481403351 0.753591180 7.252184391 -0.054405235 -0.995567203 0.012988659 -0.075613953
1754516585209560576.000000 6.485904694 0.748143554 7.210134983 -0.060106713 -0.994486570 0.013893938 -0.084797703
1754516585242893312.000000 6.485562325 0.743871152 7.188150883 0.063542157 0.993837535 -0.015965940 0.089412071
1754516585309558528.000000 6.483999252 0.735881805 7.146996975 -0.069556259 -0.992495596 0.019643961 -0.098633580
1754516585342891264.000000 6.484546661 0.728955686 7.126678467 -0.071136869 -0.991843343 0.022588724 -0.103325605
1754516585376223488.000000 6.484808922 0.721008897 7.105808735 -0.072562180 -0.991245508 0.024557749 -0.107536420
1754516585442887424.000000 6.487668991 0.706144512 7.066333771 -0.072017178 -0.990327179 0.027872249 -0.115277164
1754516585476219648.000000 6.489077568 0.701088786 7.048231125 -0.071171194 -0.989826143 0.029604726 -0.119593039
1754516585509552128.000000 6.491743088 0.695469260 7.029806614 -0.070957653 -0.989410758 0.029494314 -0.123132668
1754516585576216064.000000 6.499002457 0.686052918 6.993407249 -0.070175223 -0.989271700 0.026491476 -0.125360772
1754516585609548800.000000 6.504364967 0.681390703 6.974357128 -0.067647249 -0.989596665 0.022311186 -0.124998026
1754516585642882304.000000 6.510515213 0.677005172 6.956167221 -0.064735591 -0.989892423 0.017154422 -0.125012308
1754516585676215552.000000 6.517314911 0.672640681 6.940528870 0.061927371 0.990138888 -0.013037128 0.124980442
1754516585742881792.000000 6.535155296 0.662487030 6.908048630 -0.055446979 -0.990466595 0.008873464 -0.125789374
1754516585776214784.000000 6.543201447 0.657487929 6.892750740 -0.052976731 -0.990524769 0.008100369 -0.126446053
1754516585809547776.000000 6.551050186 0.654039979 6.876478195 -0.051472519 -0.990602791 0.006978252 -0.126522914
1754516585876212480.000000 6.565315247 0.647860110 6.845787525 -0.049667448 -0.990888178 0.005209821 -0.125086874
1754516585909545472.000000 6.571987152 0.644472599 6.829987526 -0.049196061 -0.991135538 0.004297830 -0.123336092
1754516585942878208.000000 6.579849243 0.641811728 6.813703537 -0.048495710 -0.991466939 0.003508312 -0.120951205
1754516586009543168.000000 6.597843170 0.636376023 6.779986858 -0.045144670 -0.992153108 0.001562187 -0.116583385
1754516586042875648.000000 6.607498169 0.633691847 6.762784004 -0.043111559 -0.992383063 0.002077508 -0.115382038
1754516586076208384.000000 6.617820740 0.630405903 6.745366096 -0.042015538 -0.992530882 0.002996268 -0.114490867
1754516586142872832.000000 6.637819290 0.621928215 6.712220192 -0.041607007 -0.992866457 0.008369271 -0.111423023
1754516586176205056.000000 6.649404526 0.617261648 6.695592403 -0.042257171 -0.993133008 0.009792143 -0.108652674
1754516586209537024.000000 6.660273552 0.610158801 6.678359985 0.042353645 0.993453622 -0.009674072 0.105653197
1754516586276201216.000000 6.680280685 0.596686482 6.643767357 -0.044329163 -0.994208992 0.009010965 -0.097479910
1754516586309532160.000000 6.688940048 0.588795006 6.626886845 -0.045298468 -0.994441986 0.008768867 -0.094638519
1754516586342864128.000000 6.696544647 0.581759572 6.611372948 -0.047661029 -0.994563580 0.009056284 -0.092140183
1754516586376195840.000000 6.704317093 0.574851632 6.595708847 -0.050877560 -0.994659126 0.010261526 -0.089216121
1754516586442859264.000000 6.719734192 0.563777983 6.566385746 -0.054305848 -0.994969189 0.010936969 -0.083472997
1754516586476190464.000000 6.726763725 0.559264123 6.550636768 -0.054570541 -0.995240033 0.009285793 -0.080207124
1754516586509522176.000000 6.733749390 0.555278420 6.534413338 -0.054828897 -0.995535195 0.006784606 -0.076535031
1754516586576185088.000000 6.745382309 0.547973394 6.504337311 -0.055253282 -0.995913386 0.003815591 -0.071338534
1754516586609517568.000000 6.749523163 0.544920087 6.491442204 -0.056573264 -0.995989263 0.004150676 -0.069193043
1754516586676184320.000000 6.757266045 0.537136972 6.463283062 -0.059096657 -0.996102095 0.005917511 -0.065217026
1754516586709517568.000000 6.759861946 0.533854723 6.447486401 -0.059904408 -0.996137977 0.006639008 -0.063847952
1754516586776182528.000000 6.768135071 0.528053463 6.411541939 0.060990792 0.996177614 -0.005330774 0.062306222
1754516586809515776.000000 6.772484779 0.526131570 6.392077446 -0.061535612 -0.996154666 0.004359178 -0.062212046
1754516586876181248.000000 6.773626328 0.524029076 6.355155468 -0.064626865 -0.995852411 0.002725073 -0.063983299
1754516586909514240.000000 6.775029182 0.522555053 6.333933353 -0.066533409 -0.995655656 0.002134929 -0.065104075
1754516586976179712.000000 6.775766373 0.517564297 6.292941093 -0.071483143 -0.995104790 0.004261177 -0.068107083
1754516587009512192.000000 6.775731087 0.514013052 6.272758484 -0.074421883 -0.994764745 0.007167777 -0.069663994
1754516587076177152.000000 6.774995804 0.504451752 6.231675148 -0.079634286 -0.994083285 0.014215327 -0.072489873
1754516587109509376.000000 6.775173187 0.498612761 6.210137844 -0.080966212 -0.993757665 0.017320685 -0.074767813
1754516587176172800.000000 6.777516365 0.482792854 6.165752411 -0.079225659 -0.993316948 0.020060284 -0.081500962
1754516587209505024.000000 6.779688835 0.475438774 6.143123150 -0.078004844 -0.993114769 0.020426374 -0.084977247
1754516587242837248.000000 6.781669617 0.467939556 6.122073650 -0.076349676 -0.992938459 0.022163400 -0.088049963
1754516587309501184.000000 6.786765099 0.456680536 6.082917213 -0.074529976 -0.992606997 0.023676317 -0.092823356
1754516587342833152.000000 6.788702965 0.452284575 6.066280365 -0.073133029 -0.992554843 0.023979435 -0.094400555
1754516587376164864.000000 6.792462349 0.445672393 6.045648098 0.071333937 0.992634416 -0.022854542 0.095216691
1754516587442828288.000000 6.801745415 0.438559711 6.010325432 -0.066308379 -0.992819488 0.017366048 -0.098036364
1754516587476159488.000000 6.808717728 0.434568465 5.991494656 -0.063943245 -0.992818594 0.014526336 -0.100058131
1754516587509491200.000000 6.815695763 0.430734336 5.974368572 -0.060882658 -0.992805600 0.012236109 -0.102375440
1754516587576154112.000000 6.831262589 0.420057833 5.939156532 -0.054947194 -0.992643297 0.008132167 -0.107582808
1754516587609486336.000000 6.839050293 0.415929496 5.921638966 -0.052847598 -0.992534757 0.006967137 -0.109696969
1754516587642818816.000000 6.846880913 0.412130177 5.904138088 -0.050995529 -0.992496610 0.005811166 -0.110978790
1754516587676152064.000000 6.855010986 0.408286929 5.886694431 -0.049255703 -0.992512286 0.004074980 -0.111699469
1754516587742818560.000000 6.871926308 0.401321173 5.852103710 -0.047396060 -0.992522240 0.002480400 -0.112459488
1754516587776151552.000000 6.880746841 0.397974670 5.834899902 -0.046794161 -0.992538035 0.002739388 -0.112565845
1754516587842817536.000000 6.903645515 0.390806377 5.795829773 0.045559891 0.992736876 -0.004609716 0.111250065
1754516587876150272.000000 6.915215492 0.390582323 5.782252312 -0.045679256 -0.992965758 0.006675801 -0.109031655
1754516587909483520.000000 6.926170349 0.385555863 5.764827728 -0.044961028 -0.993252635 0.009040225 -0.106517807
1754516587976148480.000000 6.946220398 0.377880454 5.732133865 -0.043662559 -0.993587852 0.014327872 -0.103303321
1754516588042813952.000000 6.967856407 0.361945391 5.696392536 -0.044192974 -0.993745685 0.016012963 -0.101292454
1754516588076145152.000000 6.978453636 0.351477623 5.678450584 -0.044882216 -0.993845224 0.016971823 -0.099845797
1754516588109477632.000000 6.988166809 0.342369795 5.661329269 -0.047397826 -0.993984997 0.018997721 -0.096883632
1754516588176142336.000000 7.004160881 0.326753974 5.628456593 -0.055794355 -0.994448006 0.022867670 -0.086239345
1754516588209474304.000000 7.011790276 0.321342528 5.611797333 -0.058832843 -0.994816542 0.022137947 -0.079929814
1754516588242806784.000000 7.019111633 0.316995025 5.594075203 -0.060217422 -0.995269299 0.019998800 -0.073572859
1754516588276138752.000000 7.026996613 0.313557923 5.576394081 -0.061483927 -0.995685816 0.016693424 -0.067459807
1754516588309470720.000000 7.034441948 0.311059952 5.558737755 -0.062747352 -0.996014059 0.013030168 -0.062040590
1754516588342802432.000000 7.041271210 0.308291972 5.541636944 -0.063493140 -0.996245086 0.009663345 -0.058060583
1754516588409466112.000000 7.055690765 0.296868384 5.512104988 -0.064278945 -0.996552944 0.005468776 -0.052159254
1754516588442797824.000000 7.058768749 0.294117391 5.498163700 -0.064841688 -0.996589303 0.004930608 -0.050804920
1754516588509459968.000000 7.070370674 0.287278712 5.465203762 -0.065328814 -0.996649981 0.002685334 -0.049129684
1754516588542791680.000000 7.074510098 0.285346210 5.448259354 -0.065265320 -0.996648014 0.000835229 -0.049320463
1754516588609455616.000000 7.084676743 0.279533386 5.411683083 -0.064951546 -0.996497273 -0.002090969 -0.052631926
1754516588642789888.000000 7.087920189 0.278769255 5.394118309 -0.064939789 -0.996309340 -0.002396631 -0.056079030
1754516588676124160.000000 7.091756821 0.276986361 5.375531197 -0.064434893 -0.996088862 -0.002438231 -0.060409006
1754516588742792192.000000 7.100100517 0.272731066 5.336814880 -0.064226404 -0.995440006 -0.003375852 -0.070447952
1754516588776125952.000000 7.104336739 0.270461559 5.316717625 -0.065421119 -0.995050013 -0.003502544 -0.074721776
1754516588809459968.000000 7.106276512 0.265639901 5.296510696 -0.066066548 -0.994679570 -0.003356349 -0.078971505
1754516588876127744.000000 7.108799934 0.254765153 5.258094788 -0.069270544 -0.993984103 -0.000985855 -0.084831096
1754516588909461248.000000 7.112816811 0.246585011 5.239138603 0.070309348 0.993727505 0.000227113 0.086961158
1754516588942795008.000000 7.116534233 0.239464998 5.222589970 -0.070265561 -0.993567646 0.001185771 -0.088795774
1754516588976127488.000000 7.118244171 0.232937336 5.203927040 -0.070061594 -0.993377864 0.002159765 -0.091034248
1754516589042794496.000000 7.123927116 0.222117662 5.167725563 -0.067281038 -0.993000627 0.002360533 -0.097043604
1754516589076128000.000000 7.128084183 0.218009233 5.150198936 -0.065364540 -0.992779493 0.002375996 -0.100551873
1754516589109460992.000000 7.131755829 0.213616848 5.133039474 -0.063957527 -0.992529809 0.001485639 -0.103884093
1754516589142794496.000000 7.134990692 0.210744619 5.115960598 -0.062444780 -0.992340684 -0.000044337 -0.106586218
1754516589176127744.000000 7.138962746 0.206403613 5.099203110 -0.060569674 -0.992234588 -0.002539257 -0.108606935
1754516589242793984.000000 7.147655487 0.198028147 5.064982414 -0.056800772 -0.992007375 -0.009107343 -0.112303823
1754516589276126976.000000 7.152722359 0.193624675 5.048818588 -0.054780215 -0.991864324 -0.011474042 -0.114336021
1754516589309459712.000000 7.158012390 0.189599335 5.032663345 -0.053267963 -0.991641819 -0.012846178 -0.116808265
1754516589342792704.000000 7.163432121 0.185610771 5.017091751 -0.051961213 -0.991410673 -0.014198592 -0.119177930
1754516589409457152.000000 7.163445473 0.174740970 4.981884956 0.048802525 0.990626931 0.017371980 0.126392037
1754516589442790144.000000 7.169256210 0.172699034 4.966333866 0.048112825 0.990421414 0.019105887 0.128006294
1754516589476122624.000000 7.189465523 0.172852159 4.950455666 -0.048323289 -0.990607619 -0.020838628 -0.126202688
1754516589509454848.000000 7.196627617 0.169752896 4.932978153 -0.047451764 -0.990503609 -0.023418676 -0.126895785
1754516589542787584.000000 7.203706741 0.168402493 4.916831493 -0.047138594 -0.990467548 -0.025546834 -0.126883402
1754516589609453312.000000 7.218649864 0.163896441 4.885246754 -0.046898350 -0.990616739 -0.028974012 -0.125058517
1754516589642787584.000000 7.226517677 0.161440670 4.869999409 -0.046607547 -0.990817010 -0.028729085 -0.123629302
1754516589676121344.000000 7.234191895 0.157872856 4.855525970 -0.046486285 -0.991111159 -0.027246065 -0.121636160
1754516589709455104.000000 7.241184235 0.153512478 4.841788769 -0.046608526 -0.991452634 -0.025491163 -0.119162276
1754516589742789120.000000 7.249483109 0.149518907 4.827316284 -0.046394866 -0.991855502 -0.024465889 -0.116067588
1754516589809456384.000000 7.266036987 0.140066326 4.795452118 -0.047483541 -0.992616296 -0.026049240 -0.108534254
1754516589842789120.000000 7.274265289 0.133915603 4.778152466 -0.048172299 -0.992995322 -0.027320551 -0.104371570
1754516589876122368.000000 7.282712936 0.127786636 4.761197090 -0.049221955 -0.993284702 -0.029233297 -0.100539260
1754516589942789376.000000 7.287213326 0.112567902 4.726893902 0.052493360 0.993454337 0.033744425 0.095678523
1754516589976122880.000000 7.313097954 0.114394665 4.711425304 -0.057164818 -0.994065762 -0.033461981 -0.086289212
1754516590042789120.000000 7.327013969 0.107448101 4.682389259 -0.060062163 -0.994556487 -0.037679102 -0.076356359
1754516590076122368.000000 7.334948540 0.104922295 4.667704582 -0.060461689 -0.994816065 -0.039586563 -0.071541950
1754516590109455360.000000 7.342846870 0.102191091 4.652627945 -0.061224509 -0.994945645 -0.042079091 -0.067557685
1754516590176121344.000000 7.355328560 0.096772552 4.625863075 -0.062525898 -0.994959354 -0.048374761 -0.061695777
1754516590209454080.000000 7.361752510 0.093572855 4.613107681 -0.061909832 -0.995062172 -0.050122537 -0.059212923
1754516590242787072.000000 7.367216110 0.090649247 4.601816654 -0.060856130 -0.995226264 -0.050332539 -0.057340287
1754516590309451264.000000 7.377086639 0.085246921 4.578722000 -0.059952691 -0.995319486 -0.051348530 -0.055750351
1754516590376116736.000000 7.385260582 0.080695391 4.555523872 -0.058370169 -0.995415032 -0.052787326 -0.054363117
1754516590409448960.000000 7.384487152 0.078064322 4.542075634 0.057574533 0.995324075 0.054929350 0.054753799
1754516590476113920.000000 7.397987366 0.070668578 4.523087502 -0.055190720 -0.995373845 -0.058894437 -0.052119758
1754516590509446144.000000 7.401566505 0.069865227 4.508344650 -0.054083023 -0.995299399 -0.060503256 -0.052853916
1754516590576110336.000000 7.406651497 0.066951036 4.479465485 -0.051859498 -0.995091558 -0.063117512 -0.055853974
1754516590609443072.000000 7.408679008 0.065322042 4.465719700 -0.051153246 -0.995035589 -0.063270763 -0.057308938
1754516590676109824.000000 7.410907745 0.060167432 4.438640594 -0.050272740 -0.995140553 -0.061187211 -0.058517035
1754516590742775296.000000 7.413829803 0.054250479 4.409812450 -0.047600321 -0.995277286 -0.060064748 -0.059578888
1754516590776108544.000000 7.415418625 0.052070618 4.394365311 -0.045778345 -0.995308518 -0.059980050 -0.060561515
1754516590842774272.000000 7.419291496 0.045068979 4.362665653 -0.040816937 -0.995219171 -0.062965937 -0.062515572
1754516590909440000.000000 7.428442955 0.034046292 4.336836815 -0.032458473 -0.995237291 -0.064830624 -0.065163575
1754516590942772736.000000 7.431282997 0.032029927 4.324481964 -0.028242528 -0.995178938 -0.064069055 -0.068676852
1754516591009437952.000000 7.436073303 0.028715670 4.299325466 -0.019881485 -0.994905651 -0.064168461 -0.075166218
1754516591076102656.000000 7.439304352 0.025908530 4.277006149 -0.013150837 -0.994507432 -0.067067847 -0.079271816
1754516591109435392.000000 7.440624237 0.025034010 4.265802383 -0.010335398 -0.994271636 -0.069357201 -0.080663562
1754516591142767616.000000 7.441822052 0.023884714 4.255147934 -0.007756100 -0.994072199 -0.072419249 -0.080720298
1754516591209431040.000000 7.444522858 0.020520508 4.234787941 -0.004199378 -0.993869662 -0.077456266 -0.078778490
1754516591242763264.000000 7.444493294 0.019130409 4.225333214 -0.004689659 -0.993841469 -0.078649268 -0.077919394
1754516591309426944.000000 7.444630623 0.016608119 4.210015774 -0.007144437 -0.994046628 -0.079229012 -0.074451104
1754516591342759168.000000 7.446196556 0.015505373 4.200855732 0.007208975 0.994067490 0.080635525 0.072635181
1754516591376090880.000000 7.452627182 0.012714505 4.192883968 -0.007226079 -0.994059384 -0.083644353 -0.069263868
1754516591442754304.000000 7.458012581 0.013354838 4.178236008 -0.006544147 -0.994031727 -0.087249570 -0.065158077
1754516591476085760.000000 7.456857681 0.017945409 4.172327042 0.005997164 0.994058669 0.087628089 0.064286985
1754516591542748672.000000 7.469324112 0.014289916 4.159163475 -0.003970213 -0.994166076 -0.090736859 -0.058180153
1754516591576080128.000000 7.473600388 0.014544308 4.154170990 -0.003102179 -0.994332612 -0.090876624 -0.055086467
1754516591642745600.000000 7.483667374 0.014231801 4.144715309 -0.002059256 -0.994914472 -0.089617968 -0.045930162
1754516591676079616.000000 7.490095139 0.014777184 4.138703823 -0.001831589 -0.995224476 -0.089271814 -0.039440412
1754516591742747136.000000 7.502786636 0.014811933 4.128522873 -0.002134830 -0.995805860 -0.088128597 -0.024486104
1754516591809414400.000000 7.510095596 0.019090950 4.119825840 0.003633788 0.996357203 0.084456958 0.011229882
1754516591842747648.000000 7.528332233 0.013199329 4.112902164 -0.002368359 -0.996258020 -0.086393528 -0.000763042
1754516591909414656.000000 7.544526577 0.014227152 4.099925518 -0.002674851 -0.996235251 -0.085923910 0.011199437
1754516591976081152.000000 7.561407089 0.014908671 4.086465836 -0.003052647 -0.995995581 -0.085888527 0.024632107
1754516592042747136.000000 7.576161861 0.014937103 4.072786808 -0.004198137 -0.995458603 -0.086955003 0.038514651
1754516592109412352.000000 7.590023994 0.015379429 4.059888363 -0.005513285 -0.994920313 -0.086531006 0.051142745
1754516592142745088.000000 7.596174717 0.014620185 4.053874493 -0.006536605 -0.994536400 -0.087254085 0.056933161
1754516592209410816.000000 7.607823372 0.013808250 4.043521404 -0.009221960 -0.993815362 -0.086209543 0.069382876
1754516592276076032.000000 7.617079258 0.013966799 4.034604073 0.012567452 0.993108332 0.084258631 -0.080488175
1754516592309408768.000000 7.630568027 0.009657860 4.029318810 -0.013248455 -0.992282510 -0.085227869 0.089085646
1754516592376073472.000000 7.641242981 0.011143923 4.018336773 -0.014133467 -0.991289556 -0.087673940 0.097255297
1754516592442738176.000000 7.651112556 0.012508631 4.008495808 -0.015238038 -0.990277886 -0.089335777 0.105530761
1754516592509401600.000000 7.659743786 0.012689352 4.000009060 -0.016713796 -0.989251852 -0.090905480 0.113303468
1754516592576065792.000000 7.668245316 0.013375521 3.992538452 -0.016698165 -0.988289297 -0.091579147 0.120908104
1754516592642731776.000000 7.675956249 0.013329506 3.984780788 -0.017001288 -0.987426758 -0.092065684 0.127370685
1754516592676064768.000000 7.679661274 0.013508677 3.981641769 -0.017478919 -0.986931384 -0.092339277 0.130898774
1754516592742730752.000000 7.686411858 0.013801694 3.976480007 -0.017775040 -0.985785484 -0.092796028 0.138924301
1754516592776064000.000000 7.689559937 0.013154387 3.974138260 0.017756769 0.985171199 0.092991054 -0.143091708
1754516592842729728.000000 7.699165344 0.014368176 3.967578411 -0.016892964 -0.983798206 -0.094262712 0.151559576
1754516592909394944.000000 7.706235409 0.015175819 3.963047981 -0.015387459 -0.982777953 -0.093803458 0.158466548
1754516592976059392.000000 7.713413715 0.014204979 3.959628105 -0.014058104 -0.981770337 -0.091807202 0.165833816
1754516593009391872.000000 7.716425896 0.013687968 3.958462715 -0.014045251 -0.981293797 -0.089747511 0.169736668
1754516593076056576.000000 7.721883297 0.013552070 3.955683708 -0.014070203 -0.980073690 -0.086169146 0.178416729
1754516593142721024.000000 7.727687359 0.013766408 3.951453209 -0.012654698 -0.978359640 -0.083674602 0.188814610
1754516593209384960.000000 7.732893944 0.014635324 3.947165489 -0.011218936 -0.976856649 -0.083855018 0.196452692
1754516593242716928.000000 7.734986305 0.015031099 3.944475174 0.011593044 0.976272285 0.083966956 -0.199267715
1754516593309380864.000000 7.740915298 0.016827226 3.941197395 -0.010772487 -0.975232065 -0.083391890 0.204578206
1754516593376044288.000000 7.745246887 0.018972278 3.937923431 -0.010194844 -0.974171877 -0.084260069 0.209250018
1754516593409374976.000000 7.747327805 0.019643068 3.936772346 -0.009602912 -0.973666310 -0.084618717 0.211474434
1754516593476037632.000000 7.752203941 0.020038962 3.936241150 -0.009170833 -0.972567081 -0.082567416 0.217282906
1754516593542700800.000000 7.755820274 0.020074844 3.936688423 -0.010451911 -0.971150577 -0.081730790 0.223779872
1754516593609383936.000000 7.760125160 0.018781185 3.937374115 -0.008919895 -0.969771624 -0.079813197 0.230419964
1754516593676137216.000000 7.764817238 0.019407630 3.937397003 0.008247449 0.969117761 0.077113025 -0.234086201
1754516593742892288.000000 7.770301819 0.019552827 3.935970306 -0.006534663 -0.968307674 -0.075380988 0.238023788
1754516593776270336.000000 7.772859097 0.019674778 3.935503960 -0.005793670 -0.967941582 -0.074443661 0.239820153
1754516593843027712.000000 7.776750088 0.021699667 3.932511330 -0.005569824 -0.967299998 -0.073200598 0.242778450
1754516593909787648.000000 7.780052185 0.023045897 3.929883003 -0.005486217 -0.966458797 -0.073506936 0.246016458
1754516593976549632.000000 7.783523560 0.024001479 3.926777840 -0.004882535 -0.965589762 -0.073852152 0.249316111
1754516594009931264.000000 7.785196304 0.024235845 3.925381660 -0.004788697 -0.965331972 -0.072945118 0.250580013
1754516594110079488.000000 7.789198875 0.025540352 3.922082901 -0.004798683 -0.965063334 -0.071950115 0.251898617
1754516594143463424.000000 7.789312363 0.025300264 3.921687126 0.004828137 0.965013981 0.071856461 -0.252113879
1754516594210232320.000000 7.790725231 0.026281595 3.919790268 0.004540054 0.964824200 0.071395844 -0.252974927
1754516594277003264.000000 7.793567657 0.026138783 3.918168068 -0.004432548 -0.964323044 -0.071866825 0.254748076
1754516594343774976.000000 7.794730186 0.027669787 3.917448997 -0.005005886 -0.963827014 -0.071261592 0.256776661
1754516594410550016.000000 7.794932365 0.029439807 3.916739464 -0.005923834 -0.963779807 -0.071111523 0.256975919
1754516594477326848.000000 7.795239449 0.029657483 3.915919304 -0.006463413 -0.963600039 -0.071171038 0.257619947
1754516594510715904.000000 7.795084476 0.029240131 3.915616035 -0.006766355 -0.963236034 -0.071765088 0.258805722
1754516594577495808.000000 7.795263290 0.027928829 3.915416718 -0.007118564 -0.962674499 -0.072215945 0.260752678
1754516594644203520.000000 7.794960022 0.025649190 3.915334702 -0.007153711 -0.962330043 -0.073296778 0.261720061
1754516594710884864.000000 7.794656754 0.022010684 3.914063454 -0.007429746 -0.962187469 -0.073996790 0.262039274
1754516594777565184.000000 7.791787148 0.017127752 3.914912224 -0.009569754 -0.961847365 -0.074298434 0.263130844
1754516594810905856.000000 7.789968967 0.014546871 3.915768623 -0.011309236 -0.961445332 -0.074225076 0.264548123
1754516594877587200.000000 7.785628319 0.008796453 3.916691780 -0.014826205 -0.960289359 -0.074608430 0.268436730
1754516594910928128.000000 7.783074379 0.005030632 3.916671753 -0.016633155 -0.959703326 -0.075570501 0.270151824
1754516594977609728.000000 7.777613640 -0.004350066 3.916381836 -0.019698810 -0.958484173 -0.076000489 0.274124205
1754516595044290816.000000 7.772052765 -0.012889028 3.914774895 -0.020904781 -0.957896769 -0.080556862 0.274786085
1754516595077631488.000000 7.769520760 -0.017279148 3.912751198 0.021487316 0.957681775 0.082807116 -0.274821520
1754516595144313088.000000 7.761497498 -0.023843765 3.912219048 -0.023328619 -0.957241058 -0.084350049 0.275736243
1754516595210993152.000000 7.750897884 -0.030338049 3.910964012 -0.027012000 -0.956939638 -0.086079232 0.275911599
1754516595277674752.000000 7.737785816 -0.036121368 3.908139229 -0.031178080 -0.956734538 -0.089882858 0.274969459
1754516595311015168.000000 7.730363846 -0.039165378 3.907096863 -0.033565458 -0.956678689 -0.092294917 0.274082035
1754516595377696512.000000 7.714845657 -0.045060396 3.904582977 -0.038525291 -0.956765711 -0.096062385 0.271822214
1754516595444377600.000000 7.698101044 -0.051195502 3.901796341 -0.042554583 -0.957409620 -0.099295340 0.267761916
1754516595477718272.000000 7.688748837 -0.054274440 3.901481628 -0.044917874 -0.957855463 -0.100053743 0.265489578
1754516595544399616.000000 7.667364120 -0.059415698 3.898673058 0.050631512 0.958322942 0.101642951 -0.262149572
1754516595577740032.000000 7.658881187 -0.061500192 3.898158073 -0.053192183 -0.958283484 -0.101121597 0.261988193
1754516595644421376.000000 7.633310795 -0.064834476 3.895488739 -0.060003486 -0.958624959 -0.099276334 0.259965420
1754516595711104000.000000 7.606761932 -0.067898393 3.891500473 -0.066238388 -0.958894670 -0.095122926 0.259008080
1754516595744445440.000000 7.592231750 -0.069705606 3.890887260 -0.069559693 -0.958818018 -0.091131896 0.259854734
1754516595777786624.000000 7.577937126 -0.071083784 3.889835358 -0.072595604 -0.958504677 -0.087175235 0.261532247
1754516595844469504.000000 7.546978951 -0.075773478 3.888173103 -0.078422762 -0.957044303 -0.078572728 0.267847717
1754516595877810688.000000 7.531848431 -0.076873183 3.887189865 -0.081735775 -0.955940068 -0.075272217 0.271720529
1754516595911152128.000000 7.515761375 -0.078802943 3.885287285 -0.084556766 -0.955161750 -0.073081873 0.274181306
1754516595977834752.000000 7.485217571 -0.081076741 3.877913475 -0.089479886 -0.953882873 -0.069062479 0.278084934
1754516596011176448.000000 7.469214916 -0.080319643 3.872817993 0.090795286 0.953236282 0.069165729 -0.279844582
1754516596044517632.000000 7.450569630 -0.078458548 3.891565323 -0.093739241 -0.952572703 -0.067398369 0.281559438
1754516596077858048.000000 7.435768604 -0.078404546 3.888070107 -0.095745116 -0.951359272 -0.066263594 0.285232514
1754516596144540672.000000 7.406372547 -0.078799963 3.880500793 -0.098777033 -0.948991239 -0.065531716 0.292171836
1754516596177882112.000000 7.392624378 -0.078891158 3.876065254 -0.100416712 -0.948061585 -0.065905683 0.294537336
1754516596211223296.000000 7.378535748 -0.078806281 3.872308731 -0.101740286 -0.947332561 -0.066466637 0.296297371
1754516596244564736.000000 7.365025043 -0.078955770 3.867015839 -0.102932468 -0.946536124 -0.067684956 0.298149318
1754516596277906176.000000 7.351937771 -0.079471231 3.861349106 -0.104356967 -0.945557356 -0.068463363 0.300572515
1754516596311247616.000000 7.339293957 -0.080470562 3.855384827 -0.105332792 -0.944529176 -0.068900034 0.303352207
1754516596377930240.000000 7.316452980 -0.082234025 3.843973160 -0.109371290 -0.942712784 -0.072581470 0.306696057
1754516596411271936.000000 7.301235676 -0.078782082 3.832028389 0.112806365 0.941865921 0.074748412 -0.307532191
1754516596444612864.000000 7.290806770 -0.078036785 3.824033737 0.114602119 0.941202164 0.078185819 -0.308045357
1754516596477954304.000000 7.261433125 -0.068980932 3.825740814 -0.117678531 -0.940937877 -0.079790138 0.307280451
1754516596511294720.000000 7.252149582 -0.069700480 3.815979958 -0.120559491 -0.939803898 -0.083014682 0.308776110
1754516596544636160.000000 7.243427277 -0.069900513 3.805898666 -0.123449601 -0.938550293 -0.085731022 0.310698718
1754516596611318784.000000 7.226976395 -0.071561337 3.785574913 -0.128901348 -0.935646474 -0.088845618 0.316317230
1754516596644659968.000000 7.219787598 -0.072700739 3.775119781 -0.131431267 -0.934159577 -0.089300312 0.319526553
1754516596678000896.000000 7.212811947 -0.073691607 3.765409470 -0.133429721 -0.932786405 -0.089613669 0.322607309
1754516596711342080.000000 7.206573009 -0.073620796 3.754741669 -0.135258377 -0.931296527 -0.089422703 0.326183498
1754516596744683008.000000 7.200837612 -0.073262811 3.745488167 -0.136341453 -0.929529905 -0.088860489 0.330891430
1754516596778024192.000000 7.196113586 -0.073531151 3.734010696 -0.136791945 -0.927653193 -0.088233538 0.336098820
1754516596844706304.000000 7.192209244 -0.077546358 3.709513664 0.136869475 0.923728764 0.084552966 -0.347624451
1754516596878047232.000000 7.143592358 -0.079435349 3.694566727 -0.137474462 -0.922499835 -0.080179930 0.351661801
1754516596911388160.000000 7.141497135 -0.084267855 3.679999352 -0.137258127 -0.920385838 -0.075724557 0.358212173
1754516596944729344.000000 7.140789986 -0.089358330 3.666101456 -0.136877328 -0.918269873 -0.071229063 0.364652544
1754516597011410432.000000 7.137157440 -0.100347757 3.637423515 -0.135936797 -0.914168894 -0.062319227 0.376739681
1754516597044751360.000000 7.136255264 -0.106040359 3.622202873 -0.135246530 -0.912149668 -0.057294790 0.382633865
1754516597078092544.000000 7.136454582 -0.112584591 3.608386993 -0.134659171 -0.910174489 -0.052131671 0.388241798
1754516597111433216.000000 7.136429787 -0.118701220 3.593727112 -0.134497881 -0.907689750 -0.047574062 0.394647211
1754516597144774400.000000 7.136271477 -0.124073625 3.579781532 -0.134562135 -0.905067623 -0.044131953 0.400996268
1754516597178115328.000000 7.134648800 -0.128814399 3.567748070 -0.135165483 -0.902279556 -0.042127177 0.407243580
1754516597244797696.000000 7.121617317 -0.136931419 3.556051254 0.136596873 0.897078574 0.040709939 -0.418251157
1754516597311479552.000000 7.010175228 -0.149283946 3.532578468 -0.137839362 -0.892855227 -0.041613091 0.426706403
1754516597344820480.000000 7.003827095 -0.149457812 3.523244858 -0.138803557 -0.890807748 -0.040006816 0.430806994
1754516597411501568.000000 6.995546341 -0.152076900 3.505218506 -0.140651688 -0.887498975 -0.035976011 0.437342495
1754516597444842496.000000 6.989712238 -0.153138220 3.498831749 -0.142035246 -0.886056364 -0.034345165 0.439943910
1754516597511524608.000000 6.974623680 -0.153724909 3.481802940 -0.145513356 -0.883515477 -0.034354702 0.443898797
1754516597544865536.000000 6.965249538 -0.152644813 3.473199844 -0.147290573 -0.882876754 -0.035821725 0.444467098
1754516597611547904.000000 6.944884300 -0.151184499 3.454963684 -0.150629163 -0.881619513 -0.037407905 0.445711225
1754516597644889088.000000 6.929699898 -0.155165792 3.437630653 0.152344480 0.881132901 0.038246494 -0.446019322
1754516597711571712.000000 6.896306992 -0.154203713 3.401365280 -0.154714197 -0.880977154 -0.037613355 0.445564955
1754516597778254592.000000 6.871832371 -0.151746809 3.385347366 -0.157791436 -0.880727708 -0.035323374 0.445166111
1754516597811595776.000000 6.858983994 -0.151017547 3.376426697 -0.159692019 -0.880709291 -0.034415580 0.444595605
1754516597878277376.000000 6.830585480 -0.149185836 3.357333183 -0.165043712 -0.880342364 -0.031537760 0.443580210
1754516597944960000.000000 6.800810337 -0.149710774 3.337441444 -0.173130393 -0.878232956 -0.029265003 0.444832981
1754516597978301184.000000 6.785755634 -0.151367962 3.326010704 -0.175411060 -0.876752436 -0.028529244 0.446903050
1754516598044983808.000000 6.756955624 -0.155165613 3.305010796 -0.176520437 -0.874176085 -0.025584586 0.451666117
1754516598078325504.000000 6.743502617 -0.156135201 3.283819199 0.175284266 0.873393178 0.024789067 -0.453701854
1754516598145008128.000000 6.712724686 -0.162943244 3.243619919 -0.171002835 -0.873697162 -0.022969007 0.454844713
1754516598211690752.000000 6.695980072 -0.168114245 3.221893311 -0.167153016 -0.876440167 -0.023849936 0.450936496
1754516598245032192.000000 6.686306953 -0.170588613 3.211236954 -0.165605113 -0.877981842 -0.025568673 0.448407471
1754516598311713792.000000 6.670426369 -0.173893511 3.188903809 -0.162804872 -0.879153967 -0.028454844 0.446960032
1754516598378396416.000000 6.653714180 -0.176860452 3.163877487 -0.158752248 -0.880253375 -0.032045588 0.446010053
1754516598411737600.000000 6.646091461 -0.178390801 3.150648117 -0.157386288 -0.880798519 -0.033604145 0.445302576
1754516598478420480.000000 6.629981041 -0.180175126 3.124736786 -0.157120928 -0.881397188 -0.036344144 0.443994552
1754516598511761664.000000 6.621238708 -0.180991173 3.096344948 0.157978132 0.880986631 0.038123917 -0.444355816
1754516598578444544.000000 6.598051071 -0.185449779 3.065403938 -0.158799872 -0.880606711 -0.042784836 0.444391727
1754516598611785984.000000 6.591125488 -0.186146200 3.049879074 -0.158814847 -0.880096078 -0.043471355 0.445330322
1754516598678469120.000000 6.578314304 -0.187190831 3.018453598 -0.158613741 -0.877633691 -0.043784220 0.450204253
1754516598745151232.000000 6.566986084 -0.189013600 2.987228394 -0.157916561 -0.873918056 -0.042647216 0.457723469
1754516598778492928.000000 6.560658455 -0.191289127 2.970998764 -0.158303142 -0.871886551 -0.041460495 0.461557180
1754516598845176064.000000 6.548607826 -0.198018193 2.936815739 -0.158714369 -0.867596686 -0.036465168 0.469846934
1754516598911859200.000000 6.534615993 -0.207589775 2.900735855 -0.158291206 -0.863506913 -0.031792268 0.477796048
1754516598945200896.000000 6.530488014 -0.213947952 2.883890152 0.159342855 0.861495137 0.030235590 -0.481167197
1754516599011884288.000000 6.515899658 -0.217933029 2.854595184 -0.161205649 -0.857027590 -0.027186925 0.488648444
1754516599078567168.000000 6.501351833 -0.227687716 2.820340633 -0.163191006 -0.852290630 -0.025873771 0.496286213
1754516599111909120.000000 6.495378494 -0.230781227 2.804992199 -0.164624035 -0.849961758 -0.025219357 0.499828011
1754516599178591232.000000 6.480295181 -0.236997247 2.770448685 -0.167613089 -0.845274448 -0.026917607 0.506648302
1754516599245274624.000000 6.466049671 -0.242580444 2.737481117 -0.168677017 -0.840854704 -0.030052381 0.513427973
1754516599278616320.000000 6.458513737 -0.245177507 2.720981121 -0.168308929 -0.839015901 -0.031836025 0.516440690
1754516599345299712.000000 6.443436146 -0.250530690 2.693933964 -0.167281657 -0.836629629 -0.033967152 0.520493925
1754516599378641408.000000 6.433424473 -0.251123726 2.682758331 0.167522445 0.835305810 0.033885837 -0.522544086
1754516599445324544.000000 6.414919376 -0.255926788 2.660260677 -0.167579904 -0.831896722 -0.033171393 0.527981579
1754516599512007936.000000 6.395912647 -0.257577002 2.634563923 -0.167084396 -0.828407347 -0.033855643 0.533552110
1754516599545349888.000000 6.386138916 -0.257250249 2.622664452 -0.167132393 -0.827540219 -0.034381118 0.534847558
1754516599612033024.000000 6.363348961 -0.254118919 2.598074436 -0.167864770 -0.827570975 -0.034267575 0.534577906
1754516599678714880.000000 6.338205338 -0.249783784 2.575567245 -0.168832958 -0.828795731 -0.032732431 0.532467604
1754516599712056320.000000 6.323997974 -0.247775614 2.563491821 -0.170118541 -0.829030275 -0.031388082 0.531773806
1754516599778739200.000000 6.293198109 -0.244601563 2.540968895 -0.174483910 -0.828492224 -0.027908128 0.531391859
1754516599812080896.000000 6.280282497 -0.242038310 2.535741329 0.177567348 0.828168869 0.025401087 -0.530999959
1754516599878763776.000000 6.246662140 -0.244435996 2.516581059 -0.185443386 -0.825752199 -0.021050042 0.532260239
1754516599945446400.000000 6.209399700 -0.245273277 2.492745876 -0.192478240 -0.821687758 -0.018531928 0.536132395
1754516599978788096.000000 6.192581177 -0.246921301 2.480558872 -0.193624884 -0.819808781 -0.018920267 0.538576782
1754516600045470976.000000 6.160371780 -0.248021990 2.455874443 -0.194722444 -0.817157507 -0.022751534 0.542050779
1754516600078811392.000000 6.144954681 -0.249748915 2.442308426 -0.194365397 -0.816881239 -0.025191125 0.542487383
1754516600145494528.000000 6.115787983 -0.253675640 2.416287899 -0.193193853 -0.817440927 -0.030461226 0.541791975
1754516600212177408.000000 6.091536999 -0.257241070 2.392271996 -0.190700963 -0.817262053 -0.033973191 0.542735398
1754516600278860288.000000 6.068576336 -0.259346247 2.370263100 0.187131956 0.816454768 0.035689019 -0.545077622
1754516600345543424.000000 6.048678875 -0.261613548 2.353900909 -0.185459331 -0.816032588 -0.038943797 0.546057761
1754516600378884864.000000 6.036667347 -0.261465251 2.341670990 -0.185229391 -0.815723717 -0.040287759 0.546499670
1754516600445567744.000000 6.012901783 -0.262932956 2.319241047 -0.184675500 -0.815598607 -0.042840667 0.546679676
1754516600512249600.000000 5.988499165 -0.262969255 2.296805859 -0.183416918 -0.815554202 -0.042592332 0.547188818
1754516600578932736.000000 5.963113785 -0.261911154 2.272356033 -0.180698127 -0.815362811 -0.042977218 0.548347175
1754516600612274432.000000 5.949769497 -0.260516465 2.258686543 -0.179248169 -0.814825714 -0.043299295 0.549594760
1754516600678957056.000000 5.925937653 -0.258309603 2.230576038 0.175628439 0.813409030 0.044660289 -0.552743912
1754516600745639680.000000 5.899820328 -0.257420093 2.208248138 -0.176157862 -0.810248077 -0.044494200 0.557213426
1754516600778981376.000000 5.883689404 -0.256598413 2.192641258 -0.177067667 -0.807813525 -0.043914061 0.560496151
1754516600845664000.000000 5.851200104 -0.259098142 2.164942265 -0.179840133 -0.802061617 -0.044159058 0.567806959
1754516600912346880.000000 5.819314480 -0.264489979 2.136089325 -0.180616990 -0.797757208 -0.044631582 0.573558271
1754516600979028736.000000 5.790762424 -0.271283627 2.110508442 -0.180436060 -0.793721497 -0.039886035 0.579532743
1754516601012370432.000000 5.777859688 -0.273761839 2.099275589 -0.180964530 -0.791707337 -0.038817804 0.582189500
1754516601079053056.000000 5.749309063 -0.277674168 2.074604034 0.180710360 0.787991524 0.039440796 -0.587245762
1754516601145735936.000000 5.725875854 -0.277964830 2.063363075 -0.179592207 -0.785556257 -0.043634489 0.590545595
1754516601212419072.000000 5.697161198 -0.278638899 2.045497894 -0.181371659 -0.783414006 -0.049011782 0.592422783
1754516601245760256.000000 5.683869362 -0.277913153 2.038986206 -0.182115898 -0.782410562 -0.050349746 0.593407571
1754516601312443136.000000 5.654888630 -0.276953310 2.024328232 -0.184277356 -0.779862225 -0.052084610 0.595939577
1754516601379126016.000000 5.626420498 -0.275047630 2.012238026 -0.185832977 -0.777254343 -0.053335078 0.598746419
1754516601412466176.000000 5.611181736 -0.273106337 2.006670475 -0.187162906 -0.775623977 -0.054006632 0.600383818
1754516601479149312.000000 5.582736492 -0.270375431 2.001465321 -0.188941032 -0.773098171 -0.052790701 0.603186309
1754516601545832192.000000 5.550312996 -0.263087332 1.995138168 -0.192031786 -0.771642983 -0.049300622 0.604367733
1754516601612515328.000000 5.516317844 -0.255604804 1.989964485 -0.194419026 -0.770703316 -0.045699645 0.605086207
1754516601679198976.000000 5.479043961 -0.249479517 1.985524178 -0.195381716 -0.770012856 -0.042492956 0.605888247
1754516601745882624.000000 5.444287300 -0.246226668 1.982551575 -0.194997847 -0.769805133 -0.036358278 0.606674492
1754516601779224320.000000 5.425159931 -0.246110022 1.980794907 -0.194471031 -0.768800616 -0.033791438 0.608263731
1754516601845906944.000000 5.388934135 -0.247353062 1.975716114 -0.189243868 -0.766655803 -0.031246962 0.612739265
1754516601912590848.000000 5.342848301 -0.247149169 1.972624302 0.183769450 0.765285969 0.028908264 -0.616222799
1754516601979274496.000000 5.317482948 -0.250756800 1.962087154 -0.175799847 -0.765905917 -0.026504489 0.617883563
1754516602045958400.000000 5.286862850 -0.248370066 1.955634117 -0.168987393 -0.767467141 -0.026763313 0.617835820
1754516602112641792.000000 5.256078243 -0.246838242 1.948088646 -0.163042009 -0.768781364 -0.030400705 0.617631316
1754516602179325696.000000 5.227848530 -0.247091621 1.940017223 -0.159439996 -0.767794073 -0.033488180 0.619636834
1754516602246009344.000000 5.201616764 -0.247637585 1.931559086 -0.155661225 -0.765019596 -0.034036439 0.623984158
1754516602279351296.000000 5.188474655 -0.247959197 1.925585270 -0.153683975 -0.763296008 -0.033254933 0.626621604
1754516602346034176.000000 5.163701534 -0.248133987 1.917646408 -0.150804281 -0.758554935 -0.030651713 0.633176804
1754516602412717824.000000 5.126652718 -0.242010087 1.914591312 0.147595078 0.754203796 0.027491380 -0.639246881
1754516602479401472.000000 5.108832836 -0.248061538 1.888070107 -0.146323174 -0.749486744 -0.024329256 0.645187795
1754516602546085120.000000 5.081896782 -0.247284532 1.875902176 -0.144250751 -0.746784687 -0.022659313 0.648838222
1754516602612768768.000000 5.054931164 -0.244980663 1.860371113 -0.141642317 -0.744882464 -0.022781683 0.651589274
1754516602679450880.000000 5.027490616 -0.243071184 1.844954491 -0.141507551 -0.742983818 -0.022087118 0.653806448
1754516602746132480.000000 4.995534897 -0.242730886 1.830125809 -0.144184351 -0.741849244 -0.022799620 0.654485226
1754516602812814592.000000 4.962583542 -0.245873630 1.815454483 -0.145694643 -0.740127444 -0.023425611 0.656076074
1754516602879496704.000000 4.931500435 -0.245023012 1.801929712 0.148248300 0.736954927 0.021724170 -0.659126759
1754516602912837888.000000 4.921359062 -0.249405608 1.778311491 -0.148464128 -0.733696282 -0.020224404 0.662751257
1754516603012861184.000000 4.885156631 -0.256386131 1.761866093 -0.148499325 -0.725291967 -0.015768450 0.672049880
1754516603079543296.000000 4.860932350 -0.259162068 1.751748085 -0.148571372 -0.720462561 -0.014112117 0.677245319
1754516603112884736.000000 4.848114014 -0.259840846 1.745307446 -0.148904517 -0.718477130 -0.014763911 0.679264486
1754516603179565824.000000 4.824005604 -0.260372639 1.736962080 0.148664266 0.715662181 0.014065571 -0.682296753
1754516603246247936.000000 4.797965527 -0.259088725 1.728338480 0.149260297 0.713895798 0.013177966 -0.684032619
1754516603312930304.000000 4.766514778 -0.252259552 1.719113827 -0.150176704 -0.711080372 -0.010018259 0.686812460
1754516603346271488.000000 4.751338482 -0.250284284 1.708821535 -0.150754660 -0.709002137 -0.010665910 0.688821733
1754516603412953600.000000 4.719642639 -0.245508805 1.701973200 -0.151860610 -0.706326544 -0.012370099 0.691294611
1754516603479635712.000000 4.687372208 -0.237461939 1.693233013 -0.153068960 -0.706103504 -0.013507458 0.691234648
1754516603546317824.000000 4.653008938 -0.229833364 1.685291290 -0.154260561 -0.705470204 -0.011848564 0.691646755
1754516603613000192.000000 4.616414547 -0.224499851 1.681502342 -0.153317377 -0.705135047 -0.009233641 0.692237794
1754516603646340352.000000 4.598582745 -0.223003924 1.679775953 -0.153565124 -0.705762744 -0.008913895 0.691547096
1754516603713022464.000000 4.555356026 -0.217166483 1.676215410 -0.154629663 -0.708429277 -0.009292321 0.688571930
1754516603779704832.000000 4.515412331 -0.215519115 1.671532631 -0.153388232 -0.711871028 -0.011969411 0.685250700
1754516603846387200.000000 4.482440472 -0.217256516 1.661477566 -0.151158065 -0.715202630 -0.012881510 0.682254016
1754516603913069312.000000 4.450876236 -0.214162707 1.657405138 -0.151219398 -0.717786372 -0.015395425 0.679469287
1754516603979751424.000000 4.422147751 -0.212085202 1.650855780 -0.149981096 -0.720497429 -0.018194489 0.676799953
1754516604013092864.000000 4.408781052 -0.210929647 1.647923231 -0.149779171 -0.721661210 -0.019577546 0.675565004
1754516604113115136.000000 4.369037628 -0.211904496 1.635227442 -0.150241002 -0.724788964 -0.023887154 0.671965778
1754516604146456064.000000 4.355800629 -0.211074635 1.629599571 -0.150512740 -0.726008117 -0.025066424 0.670544446
1754516604213138432.000000 4.327301502 -0.204393953 1.619534016 0.150550544 0.729110003 0.028362906 -0.667029738
1754516604279820544.000000 4.299362183 -0.204937145 1.600418091 -0.153587490 -0.729973078 -0.032650132 0.665194929
1754516604346502656.000000 4.271278858 -0.203167260 1.588845253 -0.155059621 -0.730993092 -0.036569178 0.663527250
1754516604413184768.000000 4.245299339 -0.199609458 1.576165199 -0.156103179 -0.731121600 -0.038694490 0.663020253
1754516604479866880.000000 4.221016884 -0.195675880 1.563422203 -0.155139804 -0.730353594 -0.036487706 0.664216816
1754516604546548480.000000 4.197343349 -0.193478838 1.549871206 -0.152898595 -0.728804767 -0.032927863 0.666619420
1754516604579889408.000000 4.186042786 -0.192766011 1.542762756 -0.152275860 -0.727642715 -0.032050300 0.668072522
1754516604646573056.000000 4.155210972 -0.190757364 1.524223089 0.152451918 0.725305319 0.034035034 -0.670471728
1754516604713257216.000000 4.122579575 -0.190240368 1.503324986 -0.154856339 -0.721948266 -0.034513000 0.673512578
1754516604779941632.000000 4.094188213 -0.193480670 1.492711782 -0.156909138 -0.718748152 -0.033251993 0.676516771
1754516604846626304.000000 4.067344666 -0.194913775 1.482430696 -0.159049273 -0.716313303 -0.029595736 0.678765655
1754516604879968256.000000 4.055394650 -0.194245234 1.477891922 -0.160399348 -0.715490818 -0.028364157 0.679367781
1754516604946652928.000000 4.027600765 -0.192097276 1.466748714 -0.163091138 -0.713905871 -0.030164104 0.680316031
1754516605013336064.000000 3.999965191 -0.188475072 1.456377029 -0.165718779 -0.713023007 -0.036232024 0.680310845
1754516605046678528.000000 3.983337164 -0.187218934 1.451617718 0.167939931 0.712469339 0.038517352 -0.680220664
1754516605146705408.000000 3.942109585 -0.186863244 1.435201406 -0.171463355 -0.708654165 -0.039060455 0.683289111
1754516605180047616.000000 3.929154634 -0.186059922 1.431770086 -0.172200888 -0.707452416 -0.038871896 0.684358776
1754516605246732288.000000 3.901240587 -0.181818575 1.427823782 -0.175152674 -0.705598235 -0.039582040 0.685482323
1754516605313416704.000000 3.870693207 -0.177070022 1.422848940 -0.178563967 -0.703265250 -0.039752830 0.686988115
1754516605380101120.000000 3.840505600 -0.170155749 1.417571068 -0.180787340 -0.701401055 -0.039706893 0.688313842
1754516605446785024.000000 3.809744596 -0.165362269 1.413568020 -0.181071416 -0.700252652 -0.038276929 0.689488471
1754516605480126976.000000 3.795959949 -0.162075579 1.418151140 0.179970458 0.700701356 0.036863800 -0.689397871
1754516605546812160.000000 3.763065815 -0.161664128 1.406421661 -0.177676901 -0.700574458 -0.031991340 0.690364420
1754516605613496576.000000 3.729376793 -0.162255257 1.403268814 -0.175784260 -0.701126814 -0.028972793 0.690421402
1754516605680181760.000000 3.696147442 -0.161890998 1.400960922 -0.173549354 -0.701195955 -0.026796941 0.691004217
1754516605746866432.000000 3.664409399 -0.161632583 1.399487972 -0.169882298 -0.702965081 -0.025897129 0.690151811
1754516605780209152.000000 3.648035765 -0.160579830 1.396614790 -0.167559862 -0.703702867 -0.024923071 0.690003514
1754516605846892800.000000 3.617455006 -0.155573234 1.393055201 -0.164366245 -0.706079245 -0.025253592 0.688329995
1754516605913577728.000000 3.586212397 -0.156750679 1.385083437 -0.164433196 -0.707252383 -0.029351640 0.686945617
1754516606013605376.000000 3.546509027 -0.154576734 1.380735874 -0.166968718 -0.707495213 -0.035898603 0.685772061
1754516606046947840.000000 3.534196377 -0.152180701 1.380652666 -0.166114494 -0.706970394 -0.036730275 0.686476409
1754516606113633280.000000 3.511361599 -0.150460050 1.373700619 -0.162735000 -0.705849886 -0.038683087 0.688329101
1754516606180318464.000000 3.489182234 -0.146901071 1.368014336 -0.162688047 -0.705564022 -0.040175062 0.688547790
1754516606247003392.000000 3.465666771 -0.143281192 1.363794804 -0.165745765 -0.705820918 -0.041227575 0.687492192
1754516606313687808.000000 3.432916164 -0.138768017 1.346237659 0.168420509 0.702970445 0.042386185 -0.689688742
1754516606347030272.000000 3.419785023 -0.139277458 1.337314844 -0.168918595 -0.701025963 -0.043555133 0.691471040
1754516606413715712.000000 3.395373344 -0.134300381 1.325680017 -0.167110294 -0.699031413 -0.043770283 0.693911731
1754516606480400896.000000 3.371707678 -0.132253796 1.313328505 0.163955852 0.696912706 0.042691302 -0.696856320
1754516606547086336.000000 3.346476078 -0.131546170 1.300122261 0.160185635 0.694052577 0.041409466 -0.700654685
1754516606613770752.000000 3.317583799 -0.132543266 1.285047054 0.159231901 0.690696716 0.042913631 -0.704089344
1754516606680453120.000000 3.287251472 -0.136455581 1.270582438 0.157769665 0.688004017 0.043488551 -0.707013428
1754516606713794304.000000 3.272277832 -0.140000314 1.262010694 -0.157180965 -0.686275959 -0.042901941 0.708857536
1754516606780475648.000000 3.243345499 -0.139525235 1.241066217 -0.156507403 -0.680483401 -0.039580401 0.714759588
1754516606847158016.000000 3.217118740 -0.136827409 1.227040529 -0.157665789 -0.673626363 -0.039191350 0.720994532
1754516606913840128.000000 3.193525553 -0.133692399 1.216583967 -0.158490747 -0.668442070 -0.039376657 0.725613773
1754516606947181568.000000 3.182763815 -0.132898048 1.212172389 -0.159586579 -0.666782618 -0.039692719 0.726882160
1754516607013863680.000000 3.159339905 -0.130963549 1.204876542 -0.163273111 -0.663897336 -0.041303981 0.728612602
1754516607047204608.000000 3.146203041 -0.128392935 1.201477766 -0.164851099 -0.662142634 -0.041614942 0.729835331
1754516607113886976.000000 3.120791197 -0.126964822 1.195687056 -0.167494565 -0.659233749 -0.043218810 0.731770933
1754516607180568576.000000 3.093541384 -0.127550960 1.193062901 -0.170436829 -0.657940090 -0.043808274 0.732220590
1754516607247250432.000000 3.060744286 -0.123415232 1.180245638 -0.173342347 -0.656674802 -0.045981381 0.732541084
1754516607313932544.000000 3.031826019 -0.118029609 1.176579952 -0.176389709 -0.655699670 -0.047667094 0.732579410
1754516607347273728.000000 3.016943932 -0.115685508 1.174635053 -0.177397221 -0.655109406 -0.048264269 0.732825100
1754516607413956096.000000 2.986455917 -0.110717684 1.172140718 -0.180303484 -0.654123724 -0.047797002 0.733026862
1754516607480638464.000000 2.955123425 -0.105453923 1.171733737 -0.183443442 -0.652621686 -0.045825936 0.733712137
1754516607513979392.000000 2.938733101 -0.103744507 1.170361638 -0.183934540 -0.651902497 -0.044971671 0.734281182
1754516607580661504.000000 2.906896830 -0.095270529 1.172579885 -0.183108374 -0.651211381 -0.040984925 0.735333562
1754516607647343104.000000 2.875572205 -0.096562833 1.169816852 -0.179737523 -0.650167704 -0.035411250 0.737375379
1754516607714026240.000000 2.845777035 -0.098437846 1.168478131 -0.175326869 -0.650161922 -0.032299362 0.738584340
1754516607780709120.000000 2.815221786 -0.098498195 1.165320635 -0.169435173 -0.652914762 -0.028705908 0.737678885
1754516607847391744.000000 2.786445141 -0.094862893 1.162483454 -0.167803243 -0.656308532 -0.028148854 0.735057116
1754516607880733184.000000 2.770678282 -0.092137262 1.159937859 -0.167652860 -0.657804489 -0.028692942 0.733731925
1754516607947416064.000000 2.738986492 -0.087217301 1.154706478 -0.170869872 -0.658914685 -0.033055920 0.731807530
1754516607980757504.000000 2.723221302 -0.084953338 1.151773572 -0.172045290 -0.659670889 -0.036029678 0.730709612
1754516608047440640.000000 2.695562124 -0.085106343 1.142434955 -0.171523288 -0.660999358 -0.040391840 0.729402661
1754516608114122496.000000 2.668766260 -0.083590642 1.132906675 -0.169006318 -0.663167775 -0.042308100 0.727911711
1754516608180805120.000000 2.645385265 -0.079742253 1.124884844 -0.168506280 -0.665251672 -0.043814380 0.726034582
1754516608247488000.000000 2.618608475 -0.074863657 1.115359545 -0.169516832 -0.665453672 -0.045972545 0.725480556
1754516608280829696.000000 2.606472969 -0.072968133 1.111570239 -0.170210868 -0.665188968 -0.047603413 0.725455701
1754516608347512576.000000 2.581942797 -0.066879429 1.102249384 -0.171232656 -0.662733853 -0.049183656 0.727354288
1754516608380853760.000000 2.569118738 -0.066676363 1.097181082 -0.170649722 -0.660910010 -0.048834603 0.729171991
1754516608447536640.000000 2.543053150 -0.066794038 1.081975698 -0.168346956 -0.656229973 -0.047943491 0.733977556
1754516608514218752.000000 2.520039558 -0.063621655 1.071390390 -0.164123923 -0.652543068 -0.045212023 0.738381207
1754516608580901632.000000 2.493303776 -0.064611897 1.060647011 -0.162852526 -0.647048950 -0.042637080 0.743632197
1754516608647584000.000000 2.464648247 -0.068457961 1.047325850 -0.160724893 -0.642550349 -0.042736191 0.747977436
1754516608680925440.000000 2.450997591 -0.069990575 1.041271687 -0.159792840 -0.641744852 -0.042048790 0.748907089
1754516608747607808.000000 2.425884247 -0.073078230 1.029468775 -0.158436611 -0.640118957 -0.037971061 0.750802100
1754516608814289920.000000 2.402299404 -0.072087422 1.018753529 -0.159894615 -0.635039210 -0.035003476 0.754939556
1754516608847631104.000000 2.385658741 -0.073283181 1.008826256 -0.160793960 -0.631566167 -0.035525188 0.757632852
1754516608914313216.000000 2.363016129 -0.072670028 0.995393753 -0.162502512 -0.626102328 -0.035147194 0.761809409
1754516608980994816.000000 2.339589357 -0.071949109 0.986840844 -0.166343689 -0.622152328 -0.039694548 0.763989925
1754516609014335744.000000 2.329424858 -0.070726991 0.983270228 -0.168015823 -0.620143890 -0.041409228 0.765165031
1754516609081017856.000000 2.307473660 -0.070953771 0.978464782 -0.170893058 -0.616908967 -0.044856459 0.766946375
1754516609147700480.000000 2.284797192 -0.068391755 0.972390234 -0.173009813 -0.616316140 -0.048014734 0.766757309
1754516609214382592.000000 2.259573936 -0.065452322 0.965951622 -0.176441997 -0.616628885 -0.052738417 0.765412211
1754516609281064960.000000 2.235208750 -0.061679006 0.961875737 -0.178447470 -0.618299365 -0.055955771 0.763368487
1754516609347747072.000000 2.209684849 -0.054391295 0.960239828 -0.178279117 -0.623514533 -0.055930398 0.759156168
1754516609381088512.000000 2.197046280 -0.051509425 0.950649440 -0.178091124 -0.626560628 -0.055595607 0.756713033
1754516609447769600.000000 2.173493624 -0.045562118 0.949398518 -0.179234102 -0.634928286 -0.055227410 0.749460697
1754516609514451968.000000 2.148628473 -0.041105360 0.948435009 -0.181026950 -0.641503572 -0.052294038 0.743618071
1754516609581134080.000000 2.123959064 -0.037116379 0.948641777 -0.183052659 -0.645699024 -0.046531025 0.739864469
1754516609614475008.000000 2.110436678 -0.036711112 0.948537052 -0.183332011 -0.647547960 -0.044112451 0.738325953
1754516609681157632.000000 2.083816767 -0.035425290 0.948866665 -0.182212010 -0.651420593 -0.040218178 0.735413194
1754516609747839744.000000 2.054028273 -0.033451542 0.946900785 -0.181709930 -0.652202368 -0.038190685 0.734952450
1754516609814522112.000000 2.024368525 -0.034365222 0.945399821 -0.179168791 -0.652190328 -0.037216228 0.735636652
1754516609881203200.000000 1.995253086 -0.035018489 0.938336968 -0.176454812 -0.653169513 -0.036763329 0.735446751
1754516609914544128.000000 1.982836246 -0.035179734 0.937110186 -0.174654201 -0.654193223 -0.037170611 0.734945893
1754516609981226496.000000 1.959547997 -0.034933805 0.932241559 -0.170313627 -0.655394375 -0.037447665 0.734880447
1754516610047908864.000000 1.938543081 -0.033333108 0.924025118 -0.164972737 -0.657434642 -0.040267635 0.734126925
1754516610114590976.000000 1.916226387 -0.031823680 0.912771523 -0.160827368 -0.660198867 -0.045662716 0.732247949
1754516610181273344.000000 1.893134832 -0.032457039 0.902198076 -0.158809736 -0.663729012 -0.052305732 0.729045570
1754516610214614272.000000 1.881035566 -0.034146860 0.897301853 -0.157609031 -0.665259182 -0.054482270 0.727750897
1754516610281296384.000000 1.859736681 -0.029665671 0.887818098 -0.153858900 -0.667879403 -0.055491172 0.726075351
