0.000000 -0.000000 0.000000 -0.000000 0.000000 -0.000000 -0.000000 1.000000
1753905408.415805 16599951.927689 4834027.075121 -102470537.075498 -0.059023 -0.287488 0.023840 0.955667
1753905408.420806 16599951.927689 4834027.075121 -102470537.075498 -0.059023 -0.287488 0.023840 0.955667
1753905408.425809 16599951.927689 4834027.075121 -102470537.075498 -0.059023 -0.287488 0.023840 0.955667
1753905408.430812 16599951.927689 4834027.075121 -102470537.075498 -0.059023 -0.287488 0.023840 0.955667
1753905408.435815 16599951.927689 4834027.075121 -102470537.075498 -0.059023 -0.287488 0.023840 0.955667
1753905408.440816 16599951.927689 4834027.075121 -102470537.075498 -0.059023 -0.287488 0.023840 0.955667
1753905408.445819 16599951.927689 4834027.075121 -102470537.075498 -0.059023 -0.287488 0.023840 0.955667
1753905408.450822 16599951.927689 4834027.075121 -102470537.075498 -0.059023 -0.287488 0.023840 0.955667
1753905408.455824 16599951.927689 4834027.075121 -102470537.075498 -0.059023 -0.287488 0.023840 0.955667
1753905408.460827 16599951.927689 4834027.075121 -102470537.075498 -0.059023 -0.287488 0.023840 0.955667
1753905408.462363 16599951.927689 4834027.075121 -102470537.075498 -0.059023 -0.287488 0.023840 0.955667
1753905408.465829 16599951.927689 4834027.075121 -102470537.075498 -0.059023 -0.287488 0.023840 0.955667
1753905408.470831 16599951.927689 4834027.075121 -102470537.075498 -0.059023 -0.287488 0.023840 0.955667
1753905408.475834 16599951.927689 4834027.075121 -102470537.075498 -0.059023 -0.287488 0.023840 0.955667
1753905408.480837 16599951.927850 4834027.077390 -102470537.079289 -0.058939 -0.287696 0.023396 0.955620
1753905408.485839 16599951.927850 4834027.077390 -102470537.079289 -0.058939 -0.287696 0.023396 0.955620
1753905408.490842 16599951.927850 4834027.077390 -102470537.079289 -0.058939 -0.287696 0.023396 0.955620
1753905408.495844 16599951.927850 4834027.077390 -102470537.079289 -0.058939 -0.287696 0.023396 0.955620
1753905408.500847 16599951.927850 4834027.077390 -102470537.079289 -0.058939 -0.287696 0.023396 0.955620
1753905408.505850 16599951.927850 4834027.077390 -102470537.079289 -0.058939 -0.287696 0.023396 0.955620
1753905408.510852 16599951.927850 4834027.077390 -102470537.079289 -0.058939 -0.287696 0.023396 0.955620
1753905408.515855 16599951.927972 4834027.076782 -102470537.079547 -0.058863 -0.287447 0.023397 0.955700
1753905408.520856 16599951.927972 4834027.076782 -102470537.079547 -0.058863 -0.287447 0.023397 0.955700
1753905408.525859 16599951.927972 4834027.076782 -102470537.079547 -0.058863 -0.287447 0.023397 0.955700
1753905408.530862 16599951.927972 4834027.076782 -102470537.079547 -0.058863 -0.287447 0.023397 0.955700
1753905408.535865 16599951.927972 4834027.076782 -102470537.079547 -0.058863 -0.287447 0.023397 0.955700
1753905408.540867 16599951.927972 4834027.076782 -102470537.079547 -0.058863 -0.287447 0.023397 0.955700
1753905408.545869 16599951.927972 4834027.076782 -102470537.079547 -0.058863 -0.287447 0.023397 0.955700
1753905408.550872 16599951.927972 4834027.076782 -102470537.079547 -0.058863 -0.287447 0.023397 0.955700
1753905408.555874 16599951.927972 4834027.076782 -102470537.079547 -0.058863 -0.287447 0.023397 0.955700
1753905408.560877 16599951.927972 4834027.076782 -102470537.079547 -0.058863 -0.287447 0.023397 0.955700
1753905408.565880 16599951.927972 4834027.076782 -102470537.079547 -0.058863 -0.287447 0.023397 0.955700
1753905408.570883 16599951.927972 4834027.076782 -102470537.079547 -0.058863 -0.287447 0.023397 0.955700
1753905408.575885 16599951.927972 4834027.076782 -102470537.079547 -0.058863 -0.287447 0.023397 0.955700
1753905408.580888 16599951.927580 4834027.075101 -102470537.078596 -0.058757 -0.286992 0.024140 0.955824
1753905408.582660 16599951.927580 4834027.075101 -102470537.078596 -0.058757 -0.286992 0.024140 0.955824
1753905408.585890 16599951.927580 4834027.075101 -102470537.078596 -0.058757 -0.286992 0.024140 0.955824
1753905408.590892 16599951.927580 4834027.075101 -102470537.078596 -0.058757 -0.286992 0.024140 0.955824
1753905408.595895 16599951.927580 4834027.075101 -102470537.078596 -0.058757 -0.286992 0.024140 0.955824
1753905408.600898 16599951.927580 4834027.075101 -102470537.078596 -0.058757 -0.286992 0.024140 0.955824
1753905408.605901 16599951.927580 4834027.075101 -102470537.078596 -0.058757 -0.286992 0.024140 0.955824
1753905408.610903 16599951.927580 4834027.075101 -102470537.078596 -0.058757 -0.286992 0.024140 0.955824
1753905408.615905 16599951.925834 4834027.075451 -102470537.077642 -0.058445 -0.286841 0.024780 0.955873
1753905408.620908 16599951.925834 4834027.075451 -102470537.077642 -0.058445 -0.286841 0.024780 0.955873
1753905408.625910 16599951.925834 4834027.075451 -102470537.077642 -0.058445 -0.286841 0.024780 0.955873
1753905408.630913 16599951.925834 4834027.075451 -102470537.077642 -0.058445 -0.286841 0.024780 0.955873
1753905408.635916 16599951.925834 4834027.075451 -102470537.077642 -0.058445 -0.286841 0.024780 0.955873
1753905408.640919 16599951.925834 4834027.075451 -102470537.077642 -0.058445 -0.286841 0.024780 0.955873
1753905408.645921 16599951.925834 4834027.075451 -102470537.077642 -0.058445 -0.286841 0.024780 0.955873
1753905408.650923 16599951.925440 4834027.075727 -102470537.076986 -0.058260 -0.286773 0.025452 0.955887
1753905408.655926 16599951.925440 4834027.075727 -102470537.076986 -0.058260 -0.286773 0.025452 0.955887
1753905408.660928 16599951.925440 4834027.075727 -102470537.076986 -0.058260 -0.286773 0.025452 0.955887
1753905408.665931 16599951.925440 4834027.075727 -102470537.076986 -0.058260 -0.286773 0.025452 0.955887
1753905408.670934 16599951.925440 4834027.075727 -102470537.076986 -0.058260 -0.286773 0.025452 0.955887
1753905408.675937 16599951.925440 4834027.075727 -102470537.076986 -0.058260 -0.286773 0.025452 0.955887
1753905408.680939 16599951.925440 4834027.075727 -102470537.076986 -0.058260 -0.286773 0.025452 0.955887
1753905408.685942 16599951.925440 4834027.075727 -102470537.076986 -0.058260 -0.286773 0.025452 0.955887
1753905408.686428 16599951.925440 4834027.075727 -102470537.076986 -0.058260 -0.286773 0.025452 0.955887
1753905408.690944 16599951.925440 4834027.075727 -102470537.076986 -0.058260 -0.286773 0.025452 0.955887
1753905408.695946 16599951.925440 4834027.075727 -102470537.076986 -0.058260 -0.286773 0.025452 0.955887
1753905408.700949 16599951.925440 4834027.075727 -102470537.076986 -0.058260 -0.286773 0.025452 0.955887
1753905408.705952 16599951.925440 4834027.075727 -102470537.076986 -0.058260 -0.286773 0.025452 0.955887
1753905408.710955 16599951.925440 4834027.075727 -102470537.076986 -0.058260 -0.286773 0.025452 0.955887
1753905408.715957 16599951.925369 4834027.075749 -102470537.076786 -0.058322 -0.286212 0.027495 0.955994
1753905408.720960 16599951.925369 4834027.075749 -102470537.076786 -0.058322 -0.286212 0.027495 0.955994
1753905408.725963 16599951.925369 4834027.075749 -102470537.076786 -0.058322 -0.286212 0.027495 0.955994
1753905408.730965 16599951.925369 4834027.075749 -102470537.076786 -0.058322 -0.286212 0.027495 0.955994
1753905408.735968 16599951.925369 4834027.075749 -102470537.076786 -0.058322 -0.286212 0.027495 0.955994
1753905408.740971 16599951.925369 4834027.075749 -102470537.076786 -0.058322 -0.286212 0.027495 0.955994
1753905408.745974 16599951.925369 4834027.075749 -102470537.076786 -0.058322 -0.286212 0.027495 0.955994
1753905408.750975 16599951.924721 4834027.075458 -102470537.075456 -0.058041 -0.286250 0.028389 0.955974
1753905408.755979 16599951.924721 4834027.075458 -102470537.075456 -0.058041 -0.286250 0.028389 0.955974
1753905408.760982 16599951.924721 4834027.075458 -102470537.075456 -0.058041 -0.286250 0.028389 0.955974
1753905408.765984 16599951.924721 4834027.075458 -102470537.075456 -0.058041 -0.286250 0.028389 0.955974
1753905408.770986 16599951.924721 4834027.075458 -102470537.075456 -0.058041 -0.286250 0.028389 0.955974
1753905408.775989 16599951.924721 4834027.075458 -102470537.075456 -0.058041 -0.286250 0.028389 0.955974
1753905408.780992 16599951.924721 4834027.075458 -102470537.075456 -0.058041 -0.286250 0.028389 0.955974
1753905408.785994 16599951.924721 4834027.075458 -102470537.075456 -0.058041 -0.286250 0.028389 0.955974
1753905408.790997 16599951.924721 4834027.075458 -102470537.075456 -0.058041 -0.286250 0.028389 0.955974
1753905408.796000 16599951.924721 4834027.075458 -102470537.075456 -0.058041 -0.286250 0.028389 0.955974
1753905408.801003 16599951.924721 4834027.075458 -102470537.075456 -0.058041 -0.286250 0.028389 0.955974
1753905408.806005 16599951.924721 4834027.075458 -102470537.075456 -0.058041 -0.286250 0.028389 0.955974
1753905408.811008 16599951.924721 4834027.075458 -102470537.075456 -0.058041 -0.286250 0.028389 0.955974
1753905408.816010 16599951.924670 4834027.075797 -102470537.074657 -0.057037 -0.286286 0.029314 0.955996
1753905408.821013 16599951.924670 4834027.075797 -102470537.074657 -0.057037 -0.286286 0.029314 0.955996
1753905408.826016 16599951.924670 4834027.075797 -102470537.074657 -0.057037 -0.286286 0.029314 0.955996
1753905408.831019 16599951.924670 4834027.075797 -102470537.074657 -0.057037 -0.286286 0.029314 0.955996
1753905408.836021 16599951.924670 4834027.075797 -102470537.074657 -0.057037 -0.286286 0.029314 0.955996
1753905408.841024 16599951.924670 4834027.075797 -102470537.074657 -0.057037 -0.286286 0.029314 0.955996
1753905408.846027 16599951.924670 4834027.075797 -102470537.074657 -0.057037 -0.286286 0.029314 0.955996
1753905408.851030 16599951.924763 4834027.075737 -102470537.074278 -0.056473 -0.286197 0.029335 0.956055
1753905408.856032 16599951.924763 4834027.075737 -102470537.074278 -0.056473 -0.286197 0.029335 0.956055
1753905408.861035 16599951.924763 4834027.075737 -102470537.074278 -0.056473 -0.286197 0.029335 0.956055
1753905408.866038 16599951.924763 4834027.075737 -102470537.074278 -0.056473 -0.286197 0.029335 0.956055
1753905408.871041 16599951.924763 4834027.075737 -102470537.074278 -0.056473 -0.286197 0.029335 0.956055
1753905408.876043 16599951.924763 4834027.075737 -102470537.074278 -0.056473 -0.286197 0.029335 0.956055
1753905408.881046 16599951.924763 4834027.075737 -102470537.074278 -0.056473 -0.286197 0.029335 0.956055
1753905408.886048 16599951.924763 4834027.075737 -102470537.074278 -0.056473 -0.286197 0.029335 0.956055
1753905408.891051 16599951.924763 4834027.075737 -102470537.074278 -0.056473 -0.286197 0.029335 0.956055
1753905408.896054 16599951.924763 4834027.075737 -102470537.074278 -0.056473 -0.286197 0.029335 0.956055
1753905408.901057 16599951.924763 4834027.075737 -102470537.074278 -0.056473 -0.286197 0.029335 0.956055
1753905408.906059 16599951.924763 4834027.075737 -102470537.074278 -0.056473 -0.286197 0.029335 0.956055
1753905408.911062 16599951.924763 4834027.075737 -102470537.074278 -0.056473 -0.286197 0.029335 0.956055
1753905408.916065 16599951.925308 4834027.075923 -102470537.074513 -0.056117 -0.285931 0.029246 0.956158
1753905408.921067 16599951.925308 4834027.075923 -102470537.074513 -0.056117 -0.285931 0.029246 0.956158
1753905408.926070 16599951.925308 4834027.075923 -102470537.074513 -0.056117 -0.285931 0.029246 0.956158
1753905408.931073 16599951.925308 4834027.075923 -102470537.074513 -0.056117 -0.285931 0.029246 0.956158
1753905408.936076 16599951.925308 4834027.075923 -102470537.074513 -0.056117 -0.285931 0.029246 0.956158
1753905408.941078 16599951.925308 4834027.075923 -102470537.074513 -0.056117 -0.285931 0.029246 0.956158
1753905408.946081 16599951.925308 4834027.075923 -102470537.074513 -0.056117 -0.285931 0.029246 0.956158
1753905408.951084 16599951.925726 4834027.075384 -102470537.074163 -0.055573 -0.285868 0.028861 0.956221
1753905408.956087 16599951.925726 4834027.075384 -102470537.074163 -0.055573 -0.285868 0.028861 0.956221
1753905408.961089 16599951.925726 4834027.075384 -102470537.074163 -0.055573 -0.285868 0.028861 0.956221
1753905408.966092 16599951.925726 4834027.075384 -102470537.074163 -0.055573 -0.285868 0.028861 0.956221
1753905408.971095 16599951.925726 4834027.075384 -102470537.074163 -0.055573 -0.285868 0.028861 0.956221
1753905408.976097 16599951.925726 4834027.075384 -102470537.074163 -0.055573 -0.285868 0.028861 0.956221
1753905408.981100 16599951.925726 4834027.075384 -102470537.074163 -0.055573 -0.285868 0.028861 0.956221
1753905408.986103 16599951.925726 4834027.075384 -102470537.074163 -0.055573 -0.285868 0.028861 0.956221
1753905408.991106 16599951.925726 4834027.075384 -102470537.074163 -0.055573 -0.285868 0.028861 0.956221
1753905408.996108 16599951.925726 4834027.075384 -102470537.074163 -0.055573 -0.285868 0.028861 0.956221
1753905409.001111 16599951.925726 4834027.075384 -102470537.074163 -0.055573 -0.285868 0.028861 0.956221
1753905409.006114 16599951.925726 4834027.075384 -102470537.074163 -0.055573 -0.285868 0.028861 0.956221
1753905409.011117 16599951.925726 4834027.075384 -102470537.074163 -0.055573 -0.285868 0.028861 0.956221
1753905409.016119 16599951.926416 4834027.075293 -102470537.075857 -0.055091 -0.285666 0.028243 0.956328
1753905409.021122 16599951.926416 4834027.075293 -102470537.075857 -0.055091 -0.285666 0.028243 0.956328
1753905409.026124 16599951.926416 4834027.075293 -102470537.075857 -0.055091 -0.285666 0.028243 0.956328
1753905409.031128 16599951.926416 4834027.075293 -102470537.075857 -0.055091 -0.285666 0.028243 0.956328
1753905409.036131 16599951.926416 4834027.075293 -102470537.075857 -0.055091 -0.285666 0.028243 0.956328
1753905409.041133 16599951.926416 4834027.075293 -102470537.075857 -0.055091 -0.285666 0.028243 0.956328
1753905409.046136 16599951.926416 4834027.075293 -102470537.075857 -0.055091 -0.285666 0.028243 0.956328
1753905409.051139 16599951.926460 4834027.075853 -102470537.076698 -0.054988 -0.285950 0.027939 0.956257
1753905409.056142 16599951.926460 4834027.075853 -102470537.076698 -0.054988 -0.285950 0.027939 0.956257
1753905409.061144 16599951.926460 4834027.075853 -102470537.076698 -0.054988 -0.285950 0.027939 0.956257
1753905409.066147 16599951.926460 4834027.075853 -102470537.076698 -0.054988 -0.285950 0.027939 0.956257
1753905409.071150 16599951.926460 4834027.075853 -102470537.076698 -0.054988 -0.285950 0.027939 0.956257
1753905409.076153 16599951.926460 4834027.075853 -102470537.076698 -0.054988 -0.285950 0.027939 0.956257
1753905409.081156 16599951.926460 4834027.075853 -102470537.076698 -0.054988 -0.285950 0.027939 0.956257
1753905409.086158 16599951.926460 4834027.075853 -102470537.076698 -0.054988 -0.285950 0.027939 0.956257
1753905409.091161 16599951.926460 4834027.075853 -102470537.076698 -0.054988 -0.285950 0.027939 0.956257
1753905409.096165 16599951.926460 4834027.075853 -102470537.076698 -0.054988 -0.285950 0.027939 0.956257
1753905409.101167 16599951.926460 4834027.075853 -102470537.076698 -0.054988 -0.285950 0.027939 0.956257
1753905409.106170 16599951.926460 4834027.075853 -102470537.076698 -0.054988 -0.285950 0.027939 0.956257
1753905409.111173 16599951.926460 4834027.075853 -102470537.076698 -0.054988 -0.285950 0.027939 0.956257
1753905409.116175 16599951.925279 4834027.075858 -102470537.076153 -0.054436 -0.285993 0.028181 0.956269
1753905409.121178 16599951.925279 4834027.075858 -102470537.076153 -0.054436 -0.285993 0.028181 0.956269
1753905409.126181 16599951.925279 4834027.075858 -102470537.076153 -0.054436 -0.285993 0.028181 0.956269
1753905409.131183 16599951.925279 4834027.075858 -102470537.076153 -0.054436 -0.285993 0.028181 0.956269
1753905409.136187 16599951.925279 4834027.075858 -102470537.076153 -0.054436 -0.285993 0.028181 0.956269
1753905409.141190 16599951.925279 4834027.075858 -102470537.076153 -0.054436 -0.285993 0.028181 0.956269
1753905409.146193 16599951.925279 4834027.075858 -102470537.076153 -0.054436 -0.285993 0.028181 0.956269
1753905409.151195 16599951.923985 4834027.075560 -102470537.074889 -0.054536 -0.285643 0.028750 0.956351
1753905409.156198 16599951.923985 4834027.075560 -102470537.074889 -0.054536 -0.285643 0.028750 0.956351
1753905409.161201 16599951.923985 4834027.075560 -102470537.074889 -0.054536 -0.285643 0.028750 0.956351
1753905409.166203 16599951.923985 4834027.075560 -102470537.074889 -0.054536 -0.285643 0.028750 0.956351
1753905409.171206 16599951.923985 4834027.075560 -102470537.074889 -0.054536 -0.285643 0.028750 0.956351
1753905409.176209 16599951.923985 4834027.075560 -102470537.074889 -0.054536 -0.285643 0.028750 0.956351
1753905409.181213 16599951.923985 4834027.075560 -102470537.074889 -0.054536 -0.285643 0.028750 0.956351
1753905409.186215 16599951.923985 4834027.075560 -102470537.074889 -0.054536 -0.285643 0.028750 0.956351
1753905409.191218 16599951.923985 4834027.075560 -102470537.074889 -0.054536 -0.285643 0.028750 0.956351
1753905409.196221 16599951.923985 4834027.075560 -102470537.074889 -0.054536 -0.285643 0.028750 0.956351
1753905409.201223 16599951.923985 4834027.075560 -102470537.074889 -0.054536 -0.285643 0.028750 0.956351
1753905409.206226 16599951.923985 4834027.075560 -102470537.074889 -0.054536 -0.285643 0.028750 0.956351
1753905409.211229 16599951.923985 4834027.075560 -102470537.074889 -0.054536 -0.285643 0.028750 0.956351
1753905409.216233 16599951.926590 4834027.075810 -102470537.077660 -0.055041 -0.285502 0.029161 0.956352
1753905409.221235 16599951.926590 4834027.075810 -102470537.077660 -0.055041 -0.285502 0.029161 0.956352
1753905409.226238 16599951.926590 4834027.075810 -102470537.077660 -0.055041 -0.285502 0.029161 0.956352
1753905409.231241 16599951.926590 4834027.075810 -102470537.077660 -0.055041 -0.285502 0.029161 0.956352
1753905409.236243 16599951.926590 4834027.075810 -102470537.077660 -0.055041 -0.285502 0.029161 0.956352
1753905409.241246 16599951.926590 4834027.075810 -102470537.077660 -0.055041 -0.285502 0.029161 0.956352
1753905409.246249 16599951.926590 4834027.075810 -102470537.077660 -0.055041 -0.285502 0.029161 0.956352
1753905409.251253 16599951.927279 4834027.075878 -102470537.078464 -0.055375 -0.285892 0.029522 0.956205
1753905409.256255 16599951.927279 4834027.075878 -102470537.078464 -0.055375 -0.285892 0.029522 0.956205
1753905409.261257 16599951.927279 4834027.075878 -102470537.078464 -0.055375 -0.285892 0.029522 0.956205
1753905409.261283 16599951.927279 4834027.075878 -102470537.078464 -0.055375 -0.285892 0.029522 0.956205
1753905409.266258 16599951.927279 4834027.075878 -102470537.078464 -0.055375 -0.285892 0.029522 0.956205
1753905409.271259 16599951.927279 4834027.075878 -102470537.078464 -0.055375 -0.285892 0.029522 0.956205
1753905409.276261 16599951.927279 4834027.075878 -102470537.078464 -0.055375 -0.285892 0.029522 0.956205
1753905409.281263 16599951.927279 4834027.075878 -102470537.078464 -0.055375 -0.285892 0.029522 0.956205
1753905409.286264 16599951.927279 4834027.075878 -102470537.078464 -0.055375 -0.285892 0.029522 0.956205
1753905409.291265 16599951.927279 4834027.075878 -102470537.078464 -0.055375 -0.285892 0.029522 0.956205
1753905409.296267 16599951.927279 4834027.075878 -102470537.078464 -0.055375 -0.285892 0.029522 0.956205
1753905409.301269 16599951.927279 4834027.075878 -102470537.078464 -0.055375 -0.285892 0.029522 0.956205
1753905409.306269 16599951.927279 4834027.075878 -102470537.078464 -0.055375 -0.285892 0.029522 0.956205
1753905409.311271 16599951.927279 4834027.075878 -102470537.078464 -0.055375 -0.285892 0.029522 0.956205
1753905409.316273 16599951.927091 4834027.075912 -102470537.077449 -0.055778 -0.286478 0.030195 0.955985
1753905409.321274 16599951.927091 4834027.075912 -102470537.077449 -0.055778 -0.286478 0.030195 0.955985
1753905409.326275 16599951.927091 4834027.075912 -102470537.077449 -0.055778 -0.286478 0.030195 0.955985
1753905409.331277 16599951.927091 4834027.075912 -102470537.077449 -0.055778 -0.286478 0.030195 0.955985
1753905409.336279 16599951.927091 4834027.075912 -102470537.077449 -0.055778 -0.286478 0.030195 0.955985
1753905409.341280 16599951.927091 4834027.075912 -102470537.077449 -0.055778 -0.286478 0.030195 0.955985
1753905409.346281 16599951.927091 4834027.075912 -102470537.077449 -0.055778 -0.286478 0.030195 0.955985
1753905409.351283 16599951.927295 4834027.075689 -102470537.076787 -0.055854 -0.286271 0.030218 0.956042
1753905409.356284 16599951.927295 4834027.075689 -102470537.076787 -0.055854 -0.286271 0.030218 0.956042
1753905409.361286 16599951.927295 4834027.075689 -102470537.076787 -0.055854 -0.286271 0.030218 0.956042
1753905409.366287 16599951.927295 4834027.075689 -102470537.076787 -0.055854 -0.286271 0.030218 0.956042
1753905409.371289 16599951.927295 4834027.075689 -102470537.076787 -0.055854 -0.286271 0.030218 0.956042
1753905409.376290 16599951.927295 4834027.075689 -102470537.076787 -0.055854 -0.286271 0.030218 0.956042
1753905409.381292 16599951.927295 4834027.075689 -102470537.076787 -0.055854 -0.286271 0.030218 0.956042
1753905409.381580 16599951.927295 4834027.075689 -102470537.076787 -0.055854 -0.286271 0.030218 0.956042
1753905409.386293 16599951.927295 4834027.075689 -102470537.076787 -0.055854 -0.286271 0.030218 0.956042
1753905409.391294 16599951.927295 4834027.075689 -102470537.076787 -0.055854 -0.286271 0.030218 0.956042
1753905409.396296 16599951.927295 4834027.075689 -102470537.076787 -0.055854 -0.286271 0.030218 0.956042
1753905409.401298 16599951.927295 4834027.075689 -102470537.076787 -0.055854 -0.286271 0.030218 0.956042
1753905409.406299 16599951.927295 4834027.075689 -102470537.076787 -0.055854 -0.286271 0.030218 0.956042
1753905409.411301 16599951.927295 4834027.075689 -102470537.076787 -0.055854 -0.286271 0.030218 0.956042
1753905409.413526 16599951.927683 4834027.075620 -102470537.076589 -0.056438 -0.285993 0.030197 0.956091
1753905409.416302 16599951.927683 4834027.075620 -102470537.076589 -0.056438 -0.285993 0.030197 0.956091
1753905409.421304 16599951.927683 4834027.075620 -102470537.076589 -0.056438 -0.285993 0.030197 0.956091
1753905409.426305 16599951.927683 4834027.075620 -102470537.076589 -0.056438 -0.285993 0.030197 0.956091
1753905409.431306 16599951.927683 4834027.075620 -102470537.076589 -0.056438 -0.285993 0.030197 0.956091
1753905409.436308 16599951.927683 4834027.075620 -102470537.076589 -0.056438 -0.285993 0.030197 0.956091
1753905409.441310 16599951.927683 4834027.075620 -102470537.076589 -0.056438 -0.285993 0.030197 0.956091
1753905409.446310 16599951.927683 4834027.075620 -102470537.076589 -0.056438 -0.285993 0.030197 0.956091
1753905409.451312 16599951.928175 4834027.075443 -102470537.075305 -0.056380 -0.286124 0.030026 0.956061
1753905409.456314 16599951.928175 4834027.075443 -102470537.075305 -0.056380 -0.286124 0.030026 0.956061
1753905409.461316 16599951.928175 4834027.075443 -102470537.075305 -0.056380 -0.286124 0.030026 0.956061
1753905409.466316 16599951.928175 4834027.075443 -102470537.075305 -0.056380 -0.286124 0.030026 0.956061
1753905409.471318 16599951.928175 4834027.075443 -102470537.075305 -0.056380 -0.286124 0.030026 0.956061
1753905409.476320 16599951.928175 4834027.075443 -102470537.075305 -0.056380 -0.286124 0.030026 0.956061
1753905409.481320 16599951.928175 4834027.075443 -102470537.075305 -0.056380 -0.286124 0.030026 0.956061
1753905409.485348 16599951.928175 4834027.075443 -102470537.075305 -0.056380 -0.286124 0.030026 0.956061
1753905409.486322 16599951.928175 4834027.075443 -102470537.075305 -0.056380 -0.286124 0.030026 0.956061
1753905409.491324 16599951.928175 4834027.075443 -102470537.075305 -0.056380 -0.286124 0.030026 0.956061
1753905409.496325 16599951.928175 4834027.075443 -102470537.075305 -0.056380 -0.286124 0.030026 0.956061
1753905409.501327 16599951.928175 4834027.075443 -102470537.075305 -0.056380 -0.286124 0.030026 0.956061
1753905409.506328 16599951.928175 4834027.075443 -102470537.075305 -0.056380 -0.286124 0.030026 0.956061
1753905409.511330 16599951.928175 4834027.075443 -102470537.075305 -0.056380 -0.286124 0.030026 0.956061
1753905409.516331 16599951.927019 4834027.075966 -102470537.078256 -0.055680 -0.285819 0.029146 0.956221
1753905409.521333 16599951.927019 4834027.075966 -102470537.078256 -0.055680 -0.285819 0.029146 0.956221
1753905409.526335 16599951.927019 4834027.075966 -102470537.078256 -0.055680 -0.285819 0.029146 0.956221
1753905409.531335 16599951.927019 4834027.075966 -102470537.078256 -0.055680 -0.285819 0.029146 0.956221
1753905409.536337 16599951.927019 4834027.075966 -102470537.078256 -0.055680 -0.285819 0.029146 0.956221
1753905409.541339 16599951.927019 4834027.075966 -102470537.078256 -0.055680 -0.285819 0.029146 0.956221
1753905409.546341 16599951.927019 4834027.075966 -102470537.078256 -0.055680 -0.285819 0.029146 0.956221
1753905409.551341 16599951.926721 4834027.075822 -102470537.077874 -0.055510 -0.285181 0.028862 0.956430
1753905409.556343 16599951.926721 4834027.075822 -102470537.077874 -0.055510 -0.285181 0.028862 0.956430
1753905409.561345 16599951.926721 4834027.075822 -102470537.077874 -0.055510 -0.285181 0.028862 0.956430
1753905409.566345 16599951.926721 4834027.075822 -102470537.077874 -0.055510 -0.285181 0.028862 0.956430
1753905409.571347 16599951.926721 4834027.075822 -102470537.077874 -0.055510 -0.285181 0.028862 0.956430
1753905409.576349 16599951.926721 4834027.075822 -102470537.077874 -0.055510 -0.285181 0.028862 0.956430
1753905409.581351 16599951.926721 4834027.075822 -102470537.077874 -0.055510 -0.285181 0.028862 0.956430
1753905409.586352 16599951.926721 4834027.075822 -102470537.077874 -0.055510 -0.285181 0.028862 0.956430
1753905409.591353 16599951.926721 4834027.075822 -102470537.077874 -0.055510 -0.285181 0.028862 0.956430
1753905409.596355 16599951.926721 4834027.075822 -102470537.077874 -0.055510 -0.285181 0.028862 0.956430
1753905409.601356 16599951.926721 4834027.075822 -102470537.077874 -0.055510 -0.285181 0.028862 0.956430
1753905409.606358 16599951.926721 4834027.075822 -102470537.077874 -0.055510 -0.285181 0.028862 0.956430
1753905409.611360 16599951.926721 4834027.075822 -102470537.077874 -0.055510 -0.285181 0.028862 0.956430
1753905409.616361 16599951.927161 4834027.075578 -102470537.075942 -0.055134 -0.284402 0.027768 0.956715
1753905409.621362 16599951.927161 4834027.075578 -102470537.075942 -0.055134 -0.284402 0.027768 0.956715
1753905409.626364 16599951.927161 4834027.075578 -102470537.075942 -0.055134 -0.284402 0.027768 0.956715
1753905409.631365 16599951.927161 4834027.075578 -102470537.075942 -0.055134 -0.284402 0.027768 0.956715
1753905409.636366 16599951.927161 4834027.075578 -102470537.075942 -0.055134 -0.284402 0.027768 0.956715
1753905409.641368 16599951.927161 4834027.075578 -102470537.075942 -0.055134 -0.284402 0.027768 0.956715
1753905409.646369 16599951.927161 4834027.075578 -102470537.075942 -0.055134 -0.284402 0.027768 0.956715
1753905409.651371 16599951.927227 4834027.075616 -102470537.075998 -0.054802 -0.284181 0.027055 0.956821
1753905409.656372 16599951.927227 4834027.075616 -102470537.075998 -0.054802 -0.284181 0.027055 0.956821
1753905409.661374 16599951.927227 4834027.075616 -102470537.075998 -0.054802 -0.284181 0.027055 0.956821
1753905409.666376 16599951.927227 4834027.075616 -102470537.075998 -0.054802 -0.284181 0.027055 0.956821
1753905409.671377 16599951.927227 4834027.075616 -102470537.075998 -0.054802 -0.284181 0.027055 0.956821
1753905409.676378 16599951.927227 4834027.075616 -102470537.075998 -0.054802 -0.284181 0.027055 0.956821
1753905409.681380 16599951.927227 4834027.075616 -102470537.075998 -0.054802 -0.284181 0.027055 0.956821
1753905409.686382 16599951.927227 4834027.075616 -102470537.075998 -0.054802 -0.284181 0.027055 0.956821
1753905409.691383 16599951.927227 4834027.075616 -102470537.075998 -0.054802 -0.284181 0.027055 0.956821
1753905409.696384 16599951.927227 4834027.075616 -102470537.075998 -0.054802 -0.284181 0.027055 0.956821
1753905409.701386 16599951.927227 4834027.075616 -102470537.075998 -0.054802 -0.284181 0.027055 0.956821
1753905409.706387 16599951.927227 4834027.075616 -102470537.075998 -0.054802 -0.284181 0.027055 0.956821
1753905409.711389 16599951.927227 4834027.075616 -102470537.075998 -0.054802 -0.284181 0.027055 0.956821
1753905409.716390 16599951.926702 4834027.075704 -102470537.076954 -0.054365 -0.282982 0.026108 0.957227
1753905409.718596 16599951.926702 4834027.075704 -102470537.076954 -0.054365 -0.282982 0.026108 0.957227
1753905409.721392 16599951.926702 4834027.075704 -102470537.076954 -0.054365 -0.282982 0.026108 0.957227
1753905409.726393 16599951.926702 4834027.075704 -102470537.076954 -0.054365 -0.282982 0.026108 0.957227
1753905409.731395 16599951.926702 4834027.075704 -102470537.076954 -0.054365 -0.282982 0.026108 0.957227
1753905409.736397 16599951.926702 4834027.075704 -102470537.076954 -0.054365 -0.282982 0.026108 0.957227
1753905409.741397 16599951.926702 4834027.075704 -102470537.076954 -0.054365 -0.282982 0.026108 0.957227
1753905409.746399 16599951.926702 4834027.075704 -102470537.076954 -0.054365 -0.282982 0.026108 0.957227
1753905409.751401 16599951.926378 4834027.075819 -102470537.077219 -0.054540 -0.282551 0.025764 0.957354
1753905409.756402 16599951.926378 4834027.075819 -102470537.077219 -0.054540 -0.282551 0.025764 0.957354
1753905409.761403 16599951.926378 4834027.075819 -102470537.077219 -0.054540 -0.282551 0.025764 0.957354
1753905409.766405 16599951.926378 4834027.075819 -102470537.077219 -0.054540 -0.282551 0.025764 0.957354
1753905409.771407 16599951.926378 4834027.075819 -102470537.077219 -0.054540 -0.282551 0.025764 0.957354
1753905409.776407 16599951.926378 4834027.075819 -102470537.077219 -0.054540 -0.282551 0.025764 0.957354
1753905409.781409 16599951.926378 4834027.075819 -102470537.077219 -0.054540 -0.282551 0.025764 0.957354
1753905409.786411 16599951.926378 4834027.075819 -102470537.077219 -0.054540 -0.282551 0.025764 0.957354
1753905409.791412 16599951.926378 4834027.075819 -102470537.077219 -0.054540 -0.282551 0.025764 0.957354
1753905409.796414 16599951.926378 4834027.075819 -102470537.077219 -0.054540 -0.282551 0.025764 0.957354
1753905409.801415 16599951.926378 4834027.075819 -102470537.077219 -0.054540 -0.282551 0.025764 0.957354
1753905409.806417 16599951.926378 4834027.075819 -102470537.077219 -0.054540 -0.282551 0.025764 0.957354
1753905409.811418 16599951.926378 4834027.075819 -102470537.077219 -0.054540 -0.282551 0.025764 0.957354
1753905409.816420 16599951.927030 4834027.075842 -102470537.077463 -0.053729 -0.281341 0.025136 0.957773
1753905409.821421 16599951.927030 4834027.075842 -102470537.077463 -0.053729 -0.281341 0.025136 0.957773
1753905409.821445 16599951.927030 4834027.075842 -102470537.077463 -0.053729 -0.281341 0.025136 0.957773
1753905409.826422 16599951.927030 4834027.075842 -102470537.077463 -0.053729 -0.281341 0.025136 0.957773
1753905409.831424 16599951.927030 4834027.075842 -102470537.077463 -0.053729 -0.281341 0.025136 0.957773
1753905409.836426 16599951.927030 4834027.075842 -102470537.077463 -0.053729 -0.281341 0.025136 0.957773
1753905409.841428 16599951.927030 4834027.075842 -102470537.077463 -0.053729 -0.281341 0.025136 0.957773
1753905409.846428 16599951.927030 4834027.075842 -102470537.077463 -0.053729 -0.281341 0.025136 0.957773
1753905409.851430 16599951.926466 4834027.075888 -102470537.077483 -0.053252 -0.280694 0.025027 0.957992
1753905409.856432 16599951.926466 4834027.075888 -102470537.077483 -0.053252 -0.280694 0.025027 0.957992
1753905409.861433 16599951.926466 4834027.075888 -102470537.077483 -0.053252 -0.280694 0.025027 0.957992
1753905409.866434 16599951.926466 4834027.075888 -102470537.077483 -0.053252 -0.280694 0.025027 0.957992
1753905409.871436 16599951.926466 4834027.075888 -102470537.077483 -0.053252 -0.280694 0.025027 0.957992
1753905409.876438 16599951.926466 4834027.075888 -102470537.077483 -0.053252 -0.280694 0.025027 0.957992
1753905409.881439 16599951.926690 4834027.075937 -102470537.077757 -0.053032 -0.280177 0.024890 0.958159
1753905409.886441 16599951.926690 4834027.075937 -102470537.077757 -0.053032 -0.280177 0.024890 0.958159
1753905409.891442 16599951.926690 4834027.075937 -102470537.077757 -0.053032 -0.280177 0.024890 0.958159
1753905409.896443 16599951.926690 4834027.075937 -102470537.077757 -0.053032 -0.280177 0.024890 0.958159
1753905409.901445 16599951.926690 4834027.075937 -102470537.077757 -0.053032 -0.280177 0.024890 0.958159
1753905409.906447 16599951.926690 4834027.075937 -102470537.077757 -0.053032 -0.280177 0.024890 0.958159
1753905409.911448 16599951.926690 4834027.075937 -102470537.077757 -0.053032 -0.280177 0.024890 0.958159
1753905409.916449 16599951.926690 4834027.075937 -102470537.077757 -0.053032 -0.280177 0.024890 0.958159
1753905409.921451 16599951.926690 4834027.075937 -102470537.077757 -0.053032 -0.280177 0.024890 0.958159
1753905409.926453 16599951.926690 4834027.075937 -102470537.077757 -0.053032 -0.280177 0.024890 0.958159
1753905409.931453 16599951.926690 4834027.075937 -102470537.077757 -0.053032 -0.280177 0.024890 0.958159
1753905409.936455 16599951.926690 4834027.075937 -102470537.077757 -0.053032 -0.280177 0.024890 0.958159
1753905409.941457 16599951.926690 4834027.075937 -102470537.077757 -0.053032 -0.280177 0.024890 0.958159
1753905409.946459 16599951.926690 4834027.075937 -102470537.077757 -0.053032 -0.280177 0.024890 0.958159
1753905409.951460 16599951.925065 4834027.076294 -102470537.075754 -0.052730 -0.278935 0.024779 0.958541
1753905409.956461 16599951.925065 4834027.076294 -102470537.075754 -0.052730 -0.278935 0.024779 0.958541
1753905409.961463 16599951.925065 4834027.076294 -102470537.075754 -0.052730 -0.278935 0.024779 0.958541
1753905409.966464 16599951.925065 4834027.076294 -102470537.075754 -0.052730 -0.278935 0.024779 0.958541
1753905409.971466 16599951.925065 4834027.076294 -102470537.075754 -0.052730 -0.278935 0.024779 0.958541
1753905409.976467 16599951.925065 4834027.076294 -102470537.075754 -0.052730 -0.278935 0.024779 0.958541
1753905409.981469 16599951.925009 4834027.076005 -102470537.077040 -0.052127 -0.278276 0.024853 0.958763
1753905409.986470 16599951.925009 4834027.076005 -102470537.077040 -0.052127 -0.278276 0.024853 0.958763
1753905409.991472 16599951.925009 4834027.076005 -102470537.077040 -0.052127 -0.278276 0.024853 0.958763
1753905409.996473 16599951.925009 4834027.076005 -102470537.077040 -0.052127 -0.278276 0.024853 0.958763
1753905410.001474 16599951.925009 4834027.076005 -102470537.077040 -0.052127 -0.278276 0.024853 0.958763
1753905410.006476 16599951.925009 4834027.076005 -102470537.077040 -0.052127 -0.278276 0.024853 0.958763
1753905410.011478 16599951.925009 4834027.076005 -102470537.077040 -0.052127 -0.278276 0.024853 0.958763
1753905410.016479 16599951.925009 4834027.076005 -102470537.077040 -0.052127 -0.278276 0.024853 0.958763
1753905410.021480 16599951.925009 4834027.076005 -102470537.077040 -0.052127 -0.278276 0.024853 0.958763
1753905410.026482 16599951.925009 4834027.076005 -102470537.077040 -0.052127 -0.278276 0.024853 0.958763
1753905410.031484 16599951.925009 4834027.076005 -102470537.077040 -0.052127 -0.278276 0.024853 0.958763
1753905410.036486 16599951.925009 4834027.076005 -102470537.077040 -0.052127 -0.278276 0.024853 0.958763
1753905410.041486 16599951.925009 4834027.076005 -102470537.077040 -0.052127 -0.278276 0.024853 0.958763
1753905410.046488 16599951.925009 4834027.076005 -102470537.077040 -0.052127 -0.278276 0.024853 0.958763
1753905410.049183 16599951.924864 4834027.075881 -102470537.076532 -0.051097 -0.276975 0.025277 0.959185
1753905410.051489 16599951.924864 4834027.075881 -102470537.076532 -0.051097 -0.276975 0.025277 0.959185
1753905410.056491 16599951.924864 4834027.075881 -102470537.076532 -0.051097 -0.276975 0.025277 0.959185
1753905410.061492 16599951.924864 4834027.075881 -102470537.076532 -0.051097 -0.276975 0.025277 0.959185
1753905410.066494 16599951.924864 4834027.075881 -102470537.076532 -0.051097 -0.276975 0.025277 0.959185
1753905410.071495 16599951.924864 4834027.075881 -102470537.076532 -0.051097 -0.276975 0.025277 0.959185
1753905410.076497 16599951.924864 4834027.075881 -102470537.076532 -0.051097 -0.276975 0.025277 0.959185
1753905410.081499 16599951.924484 4834027.075816 -102470537.076286 -0.051032 -0.276417 0.025393 0.959346
1753905410.086499 16599951.924484 4834027.075816 -102470537.076286 -0.051032 -0.276417 0.025393 0.959346
1753905410.091501 16599951.924484 4834027.075816 -102470537.076286 -0.051032 -0.276417 0.025393 0.959346
1753905410.096503 16599951.924484 4834027.075816 -102470537.076286 -0.051032 -0.276417 0.025393 0.959346
1753905410.101505 16599951.924484 4834027.075816 -102470537.076286 -0.051032 -0.276417 0.025393 0.959346
1753905410.106505 16599951.924484 4834027.075816 -102470537.076286 -0.051032 -0.276417 0.025393 0.959346
1753905410.111507 16599951.924484 4834027.075816 -102470537.076286 -0.051032 -0.276417 0.025393 0.959346
1753905410.116509 16599951.924484 4834027.075816 -102470537.076286 -0.051032 -0.276417 0.025393 0.959346
1753905410.121511 16599951.924484 4834027.075816 -102470537.076286 -0.051032 -0.276417 0.025393 0.959346
1753905410.126511 16599951.924484 4834027.075816 -102470537.076286 -0.051032 -0.276417 0.025393 0.959346
1753905410.131513 16599951.924484 4834027.075816 -102470537.076286 -0.051032 -0.276417 0.025393 0.959346
1753905410.136515 16599951.924484 4834027.075816 -102470537.076286 -0.051032 -0.276417 0.025393 0.959346
1753905410.141516 16599951.924484 4834027.075816 -102470537.076286 -0.051032 -0.276417 0.025393 0.959346
1753905410.146518 16599951.924484 4834027.075816 -102470537.076286 -0.051032 -0.276417 0.025393 0.959346
1753905410.151520 16599951.926132 4834027.074762 -102470537.080085 -0.050373 -0.275949 0.024779 0.959532
1753905410.156520 16599951.926132 4834027.074762 -102470537.080085 -0.050373 -0.275949 0.024779 0.959532
1753905410.161522 16599951.926132 4834027.074762 -102470537.080085 -0.050373 -0.275949 0.024779 0.959532
1753905410.166524 16599951.926132 4834027.074762 -102470537.080085 -0.050373 -0.275949 0.024779 0.959532
1753905410.171526 16599951.926132 4834027.074762 -102470537.080085 -0.050373 -0.275949 0.024779 0.959532
1753905410.176526 16599951.926132 4834027.074762 -102470537.080085 -0.050373 -0.275949 0.024779 0.959532
1753905410.181528 16599951.924501 4834027.075755 -102470537.076170 -0.050405 -0.275597 0.024583 0.959636
1753905410.186530 16599951.924501 4834027.075755 -102470537.076170 -0.050405 -0.275597 0.024583 0.959636
1753905410.191532 16599951.924501 4834027.075755 -102470537.076170 -0.050405 -0.275597 0.024583 0.959636
1753905410.196532 16599951.924501 4834027.075755 -102470537.076170 -0.050405 -0.275597 0.024583 0.959636
1753905410.201534 16599951.924501 4834027.075755 -102470537.076170 -0.050405 -0.275597 0.024583 0.959636
1753905410.206536 16599951.924501 4834027.075755 -102470537.076170 -0.050405 -0.275597 0.024583 0.959636
1753905410.211537 16599951.924501 4834027.075755 -102470537.076170 -0.050405 -0.275597 0.024583 0.959636
1753905410.216539 16599951.924501 4834027.075755 -102470537.076170 -0.050405 -0.275597 0.024583 0.959636
1753905410.221540 16599951.924501 4834027.075755 -102470537.076170 -0.050405 -0.275597 0.024583 0.959636
1753905410.226541 16599951.924501 4834027.075755 -102470537.076170 -0.050405 -0.275597 0.024583 0.959636
1753905410.231543 16599951.924501 4834027.075755 -102470537.076170 -0.050405 -0.275597 0.024583 0.959636
1753905410.236545 16599951.924501 4834027.075755 -102470537.076170 -0.050405 -0.275597 0.024583 0.959636
1753905410.241546 16599951.924501 4834027.075755 -102470537.076170 -0.050405 -0.275597 0.024583 0.959636
1753905410.246547 16599951.924501 4834027.075755 -102470537.076170 -0.050405 -0.275597 0.024583 0.959636
1753905410.251549 16599951.927011 4834027.076028 -102470537.078336 -0.050407 -0.275009 0.023257 0.959838
1753905410.256551 16599951.927011 4834027.076028 -102470537.078336 -0.050407 -0.275009 0.023257 0.959838
1753905410.261552 16599951.927011 4834027.076028 -102470537.078336 -0.050407 -0.275009 0.023257 0.959838
1753905410.266553 16599951.927011 4834027.076028 -102470537.078336 -0.050407 -0.275009 0.023257 0.959838
1753905410.271554 16599951.927011 4834027.076028 -102470537.078336 -0.050407 -0.275009 0.023257 0.959838
1753905410.276556 16599951.927011 4834027.076028 -102470537.078336 -0.050407 -0.275009 0.023257 0.959838
1753905410.281557 16599951.927216 4834027.076044 -102470537.078336 -0.050421 -0.274936 0.022763 0.959869
1753905410.286558 16599951.927216 4834027.076044 -102470537.078336 -0.050421 -0.274936 0.022763 0.959869
1753905410.291560 16599951.927216 4834027.076044 -102470537.078336 -0.050421 -0.274936 0.022763 0.959869
1753905410.296561 16599951.927216 4834027.076044 -102470537.078336 -0.050421 -0.274936 0.022763 0.959869
1753905410.301562 16599951.927216 4834027.076044 -102470537.078336 -0.050421 -0.274936 0.022763 0.959869
1753905410.306564 16599951.927216 4834027.076044 -102470537.078336 -0.050421 -0.274936 0.022763 0.959869
1753905410.311565 16599951.927216 4834027.076044 -102470537.078336 -0.050421 -0.274936 0.022763 0.959869
1753905410.316566 16599951.927216 4834027.076044 -102470537.078336 -0.050421 -0.274936 0.022763 0.959869
1753905410.321568 16599951.927216 4834027.076044 -102470537.078336 -0.050421 -0.274936 0.022763 0.959869
1753905410.326569 16599951.927216 4834027.076044 -102470537.078336 -0.050421 -0.274936 0.022763 0.959869
1753905410.331571 16599951.927216 4834027.076044 -102470537.078336 -0.050421 -0.274936 0.022763 0.959869
1753905410.336571 16599951.927216 4834027.076044 -102470537.078336 -0.050421 -0.274936 0.022763 0.959869
1753905410.341573 16599951.927216 4834027.076044 -102470537.078336 -0.050421 -0.274936 0.022763 0.959869
1753905410.346574 16599951.927216 4834027.076044 -102470537.078336 -0.050421 -0.274936 0.022763 0.959869
1753905410.351575 16599951.927045 4834027.076190 -102470537.079092 -0.050297 -0.275010 0.022058 0.959871
1753905410.356577 16599951.927045 4834027.076190 -102470537.079092 -0.050297 -0.275010 0.022058 0.959871
1753905410.361578 16599951.927045 4834027.076190 -102470537.079092 -0.050297 -0.275010 0.022058 0.959871
1753905410.366580 16599951.927045 4834027.076190 -102470537.079092 -0.050297 -0.275010 0.022058 0.959871
1753905410.371580 16599951.927045 4834027.076190 -102470537.079092 -0.050297 -0.275010 0.022058 0.959871
1753905410.376582 16599951.927045 4834027.076190 -102470537.079092 -0.050297 -0.275010 0.022058 0.959871
1753905410.381584 16599951.927045 4834027.076190 -102470537.079092 -0.050297 -0.275010 0.022058 0.959871
1753905410.386584 16599951.927045 4834027.076190 -102470537.079092 -0.050297 -0.275010 0.022058 0.959871
1753905410.391586 16599951.927045 4834027.076190 -102470537.079092 -0.050297 -0.275010 0.022058 0.959871
1753905410.396588 16599951.927045 4834027.076190 -102470537.079092 -0.050297 -0.275010 0.022058 0.959871
1753905410.401588 16599951.927045 4834027.076190 -102470537.079092 -0.050297 -0.275010 0.022058 0.959871
1753905410.406590 16599951.927045 4834027.076190 -102470537.079092 -0.050297 -0.275010 0.022058 0.959871
1753905410.411591 16599951.927045 4834027.076190 -102470537.079092 -0.050297 -0.275010 0.022058 0.959871
1753905410.413792 16599951.926615 4834027.076056 -102470537.077732 -0.049807 -0.274369 0.021993 0.960082
1753905410.416593 16599951.926615 4834027.076056 -102470537.077732 -0.049807 -0.274369 0.021993 0.960082
1753905410.421593 16599951.926615 4834027.076056 -102470537.077732 -0.049807 -0.274369 0.021993 0.960082
1753905410.426595 16599951.926615 4834027.076056 -102470537.077732 -0.049807 -0.274369 0.021993 0.960082
1753905410.431597 16599951.926615 4834027.076056 -102470537.077732 -0.049807 -0.274369 0.021993 0.960082
1753905410.436597 16599951.926615 4834027.076056 -102470537.077732 -0.049807 -0.274369 0.021993 0.960082
1753905410.441599 16599951.926615 4834027.076056 -102470537.077732 -0.049807 -0.274369 0.021993 0.960082
1753905410.446600 16599951.926615 4834027.076056 -102470537.077732 -0.049807 -0.274369 0.021993 0.960082
1753905410.451601 16599951.927233 4834027.075999 -102470537.078599 -0.049957 -0.273990 0.022449 0.960172
1753905410.456603 16599951.927233 4834027.075999 -102470537.078599 -0.049957 -0.273990 0.022449 0.960172
1753905410.461604 16599951.927233 4834027.075999 -102470537.078599 -0.049957 -0.273990 0.022449 0.960172
1753905410.466606 16599951.927233 4834027.075999 -102470537.078599 -0.049957 -0.273990 0.022449 0.960172
1753905410.471606 16599951.927233 4834027.075999 -102470537.078599 -0.049957 -0.273990 0.022449 0.960172
1753905410.476608 16599951.927233 4834027.075999 -102470537.078599 -0.049957 -0.273990 0.022449 0.960172
1753905410.481610 16599951.927233 4834027.075999 -102470537.078599 -0.049957 -0.273990 0.022449 0.960172
1753905410.486611 16599951.927233 4834027.075999 -102470537.078599 -0.049957 -0.273990 0.022449 0.960172
1753905410.491612 16599951.927233 4834027.075999 -102470537.078599 -0.049957 -0.273990 0.022449 0.960172
1753905410.496613 16599951.927233 4834027.075999 -102470537.078599 -0.049957 -0.273990 0.022449 0.960172
1753905410.501615 16599951.927233 4834027.075999 -102470537.078599 -0.049957 -0.273990 0.022449 0.960172
1753905410.506616 16599951.927233 4834027.075999 -102470537.078599 -0.049957 -0.273990 0.022449 0.960172
1753905410.511617 16599951.927233 4834027.075999 -102470537.078599 -0.049957 -0.273990 0.022449 0.960172
1753905410.516619 16599951.925591 4834027.075849 -102470537.076497 -0.049355 -0.273653 0.022967 0.960287
1753905410.520270 16599951.925591 4834027.075849 -102470537.076497 -0.049355 -0.273653 0.022967 0.960287
1753905410.521619 16599951.925591 4834027.075849 -102470537.076497 -0.049355 -0.273653 0.022967 0.960287
1753905410.526621 16599951.925591 4834027.075849 -102470537.076497 -0.049355 -0.273653 0.022967 0.960287
1753905410.531622 16599951.925591 4834027.075849 -102470537.076497 -0.049355 -0.273653 0.022967 0.960287
1753905410.536624 16599951.925591 4834027.075849 -102470537.076497 -0.049355 -0.273653 0.022967 0.960287
1753905410.541625 16599951.925591 4834027.075849 -102470537.076497 -0.049355 -0.273653 0.022967 0.960287
1753905410.546626 16599951.925591 4834027.075849 -102470537.076497 -0.049355 -0.273653 0.022967 0.960287
1753905410.551628 16599951.925559 4834027.075733 -102470537.076014 -0.049224 -0.273638 0.023332 0.960289
1753905410.556628 16599951.925559 4834027.075733 -102470537.076014 -0.049224 -0.273638 0.023332 0.960289
1753905410.561630 16599951.925559 4834027.075733 -102470537.076014 -0.049224 -0.273638 0.023332 0.960289
1753905410.566632 16599951.925559 4834027.075733 -102470537.076014 -0.049224 -0.273638 0.023332 0.960289
1753905410.571633 16599951.925559 4834027.075733 -102470537.076014 -0.049224 -0.273638 0.023332 0.960289
1753905410.576634 16599951.925559 4834027.075733 -102470537.076014 -0.049224 -0.273638 0.023332 0.960289
1753905410.581635 16599951.925559 4834027.075733 -102470537.076014 -0.049224 -0.273638 0.023332 0.960289
1753905410.586637 16599951.925559 4834027.075733 -102470537.076014 -0.049224 -0.273638 0.023332 0.960289
1753905410.591639 16599951.925559 4834027.075733 -102470537.076014 -0.049224 -0.273638 0.023332 0.960289
1753905410.596639 16599951.925559 4834027.075733 -102470537.076014 -0.049224 -0.273638 0.023332 0.960289
1753905410.601641 16599951.925559 4834027.075733 -102470537.076014 -0.049224 -0.273638 0.023332 0.960289
1753905410.606642 16599951.925559 4834027.075733 -102470537.076014 -0.049224 -0.273638 0.023332 0.960289
1753905410.611643 16599951.925559 4834027.075733 -102470537.076014 -0.049224 -0.273638 0.023332 0.960289
1753905410.616645 16599951.925338 4834027.075725 -102470537.075750 -0.049158 -0.273549 0.023344 0.960317
1753905410.621646 16599951.925338 4834027.075725 -102470537.075750 -0.049158 -0.273549 0.023344 0.960317
1753905410.624038 16599951.925338 4834027.075725 -102470537.075750 -0.049158 -0.273549 0.023344 0.960317
1753905410.626647 16599951.925338 4834027.075725 -102470537.075750 -0.049158 -0.273549 0.023344 0.960317
1753905410.631648 16599951.925338 4834027.075725 -102470537.075750 -0.049158 -0.273549 0.023344 0.960317
1753905410.636650 16599951.925338 4834027.075725 -102470537.075750 -0.049158 -0.273549 0.023344 0.960317
1753905410.641651 16599951.925338 4834027.075725 -102470537.075750 -0.049158 -0.273549 0.023344 0.960317
1753905410.646652 16599951.925338 4834027.075725 -102470537.075750 -0.049158 -0.273549 0.023344 0.960317
1753905410.651654 16599951.925947 4834027.075699 -102470537.076192 -0.049387 -0.273483 0.023340 0.960324
1753905410.656655 16599951.925947 4834027.075699 -102470537.076192 -0.049387 -0.273483 0.023340 0.960324
1753905410.661657 16599951.925947 4834027.075699 -102470537.076192 -0.049387 -0.273483 0.023340 0.960324
1753905410.666657 16599951.925947 4834027.075699 -102470537.076192 -0.049387 -0.273483 0.023340 0.960324
1753905410.671659 16599951.925947 4834027.075699 -102470537.076192 -0.049387 -0.273483 0.023340 0.960324
1753905410.676660 16599951.925947 4834027.075699 -102470537.076192 -0.049387 -0.273483 0.023340 0.960324
1753905410.681661 16599951.925947 4834027.075699 -102470537.076192 -0.049387 -0.273483 0.023340 0.960324
1753905410.686663 16599951.925947 4834027.075699 -102470537.076192 -0.049387 -0.273483 0.023340 0.960324
1753905410.691664 16599951.925947 4834027.075699 -102470537.076192 -0.049387 -0.273483 0.023340 0.960324
1753905410.696666 16599951.925947 4834027.075699 -102470537.076192 -0.049387 -0.273483 0.023340 0.960324
1753905410.701667 16599951.925947 4834027.075699 -102470537.076192 -0.049387 -0.273483 0.023340 0.960324
1753905410.706668 16599951.925947 4834027.075699 -102470537.076192 -0.049387 -0.273483 0.023340 0.960324
1753905410.711670 16599951.925947 4834027.075699 -102470537.076192 -0.049387 -0.273483 0.023340 0.960324
1753905410.716671 16599951.925031 4834027.075652 -102470537.075893 -0.049493 -0.273388 0.023450 0.960343
1753905410.721672 16599951.925031 4834027.075652 -102470537.075893 -0.049493 -0.273388 0.023450 0.960343
1753905410.726674 16599951.925031 4834027.075652 -102470537.075893 -0.049493 -0.273388 0.023450 0.960343
1753905410.726887 16599951.925031 4834027.075652 -102470537.075893 -0.049493 -0.273388 0.023450 0.960343
1753905410.731674 16599951.925031 4834027.075652 -102470537.075893 -0.049493 -0.273388 0.023450 0.960343
1753905410.736676 16599951.925031 4834027.075652 -102470537.075893 -0.049493 -0.273388 0.023450 0.960343
1753905410.741677 16599951.925031 4834027.075652 -102470537.075893 -0.049493 -0.273388 0.023450 0.960343
1753905410.746679 16599951.925031 4834027.075652 -102470537.075893 -0.049493 -0.273388 0.023450 0.960343
1753905410.751679 16599951.926332 4834027.075872 -102470537.078133 -0.049429 -0.273497 0.023054 0.960325
1753905410.756681 16599951.926332 4834027.075872 -102470537.078133 -0.049429 -0.273497 0.023054 0.960325
1753905410.761683 16599951.926332 4834027.075872 -102470537.078133 -0.049429 -0.273497 0.023054 0.960325
1753905410.766683 16599951.926332 4834027.075872 -102470537.078133 -0.049429 -0.273497 0.023054 0.960325
1753905410.771685 16599951.926332 4834027.075872 -102470537.078133 -0.049429 -0.273497 0.023054 0.960325
1753905410.776687 16599951.926332 4834027.075872 -102470537.078133 -0.049429 -0.273497 0.023054 0.960325
1753905410.781687 16599951.927031 4834027.075956 -102470537.078696 -0.049551 -0.273582 0.022934 0.960298
1753905410.786689 16599951.927031 4834027.075956 -102470537.078696 -0.049551 -0.273582 0.022934 0.960298
1753905410.791690 16599951.927031 4834027.075956 -102470537.078696 -0.049551 -0.273582 0.022934 0.960298
1753905410.796692 16599951.927031 4834027.075956 -102470537.078696 -0.049551 -0.273582 0.022934 0.960298
1753905410.801692 16599951.927031 4834027.075956 -102470537.078696 -0.049551 -0.273582 0.022934 0.960298
1753905410.806694 16599951.927031 4834027.075956 -102470537.078696 -0.049551 -0.273582 0.022934 0.960298
1753905410.811696 16599951.927031 4834027.075956 -102470537.078696 -0.049551 -0.273582 0.022934 0.960298
1753905410.816697 16599951.927031 4834027.075956 -102470537.078696 -0.049551 -0.273582 0.022934 0.960298
1753905410.821698 16599951.927031 4834027.075956 -102470537.078696 -0.049551 -0.273582 0.022934 0.960298
1753905410.826699 16599951.927031 4834027.075956 -102470537.078696 -0.049551 -0.273582 0.022934 0.960298
1753905410.831701 16599951.927031 4834027.075956 -102470537.078696 -0.049551 -0.273582 0.022934 0.960298
1753905410.836702 16599951.927031 4834027.075956 -102470537.078696 -0.049551 -0.273582 0.022934 0.960298
1753905410.841703 16599951.927031 4834027.075956 -102470537.078696 -0.049551 -0.273582 0.022934 0.960298
1753905410.846705 16599951.927031 4834027.075956 -102470537.078696 -0.049551 -0.273582 0.022934 0.960298
1753905410.851705 16599951.926072 4834027.075983 -102470537.078688 -0.049520 -0.273707 0.023488 0.960250
1753905410.856707 16599951.926072 4834027.075983 -102470537.078688 -0.049520 -0.273707 0.023488 0.960250
1753905410.861709 16599951.926072 4834027.075983 -102470537.078688 -0.049520 -0.273707 0.023488 0.960250
1753905410.866710 16599951.926072 4834027.075983 -102470537.078688 -0.049520 -0.273707 0.023488 0.960250
1753905410.871711 16599951.926072 4834027.075983 -102470537.078688 -0.049520 -0.273707 0.023488 0.960250
1753905410.876713 16599951.926072 4834027.075983 -102470537.078688 -0.049520 -0.273707 0.023488 0.960250
1753905410.881714 16599951.925891 4834027.075906 -102470537.077446 -0.049381 -0.273811 0.023705 0.960222
1753905410.886716 16599951.925891 4834027.075906 -102470537.077446 -0.049381 -0.273811 0.023705 0.960222
1753905410.891716 16599951.925891 4834027.075906 -102470537.077446 -0.049381 -0.273811 0.023705 0.960222
1753905410.896718 16599951.925891 4834027.075906 -102470537.077446 -0.049381 -0.273811 0.023705 0.960222
1753905410.901719 16599951.925891 4834027.075906 -102470537.077446 -0.049381 -0.273811 0.023705 0.960222
1753905410.906720 16599951.925891 4834027.075906 -102470537.077446 -0.049381 -0.273811 0.023705 0.960222
1753905410.911721 16599951.925891 4834027.075906 -102470537.077446 -0.049381 -0.273811 0.023705 0.960222
1753905410.916723 16599951.926103 4834027.075883 -102470537.077211 nan nan nan nan
1753905410.921724 16599951.926103 4834027.075883 -102470537.077211 nan nan nan nan
1753905410.926725 16599951.926103 4834027.075883 -102470537.077211 nan nan nan nan
1753905410.931727 16599951.926103 4834027.075883 -102470537.077211 nan nan nan nan
1753905410.936728 16599951.926103 4834027.075883 -102470537.077211 nan nan nan nan
1753905410.941729 16599951.926103 4834027.075883 -102470537.077211 nan nan nan nan
1753905410.946731 16599951.926103 4834027.075883 -102470537.077211 nan nan nan nan
1753905410.951732 16599951.926103 4834027.075883 -102470537.077211 nan nan nan nan
1753905410.956734 16599951.926103 4834027.075883 -102470537.077211 nan nan nan nan
1753905410.958298 16599951.926103 4834027.075883 -102470537.077211 nan nan nan nan
1753905410.961734 16599951.926103 4834027.075883 -102470537.077211 nan nan nan nan
1753905410.966736 16599951.926103 4834027.075883 -102470537.077211 nan nan nan nan
1753905410.971738 16599951.926103 4834027.075883 -102470537.077211 nan nan nan nan
1753905410.976739 16599951.926103 4834027.075883 -102470537.077211 nan nan nan nan
1753905410.981740 16599951.925950 4834027.076301 -102470537.077063 -0.049401 -0.274122 0.024074 0.960123
1753905410.986742 16599951.925950 4834027.076301 -102470537.077063 -0.049401 -0.274122 0.024074 0.960123
1753905410.991742 16599951.925950 4834027.076301 -102470537.077063 -0.049401 -0.274122 0.024074 0.960123
1753905410.996744 16599951.925950 4834027.076301 -102470537.077063 -0.049401 -0.274122 0.024074 0.960123
1753905411.001745 16599951.925950 4834027.076301 -102470537.077063 -0.049401 -0.274122 0.024074 0.960123
1753905411.006747 16599951.925950 4834027.076301 -102470537.077063 -0.049401 -0.274122 0.024074 0.960123
1753905411.011747 16599951.925950 4834027.076301 -102470537.077063 -0.049401 -0.274122 0.024074 0.960123
1753905411.016749 16599951.925121 4834027.075682 -102470537.076284 -0.049572 -0.274311 0.024128 0.960059
1753905411.021750 16599951.925121 4834027.075682 -102470537.076284 -0.049572 -0.274311 0.024128 0.960059
1753905411.026752 16599951.925121 4834027.075682 -102470537.076284 -0.049572 -0.274311 0.024128 0.960059
1753905411.031753 16599951.925121 4834027.075682 -102470537.076284 -0.049572 -0.274311 0.024128 0.960059
1753905411.036754 16599951.925121 4834027.075682 -102470537.076284 -0.049572 -0.274311 0.024128 0.960059
1753905411.041756 16599951.925121 4834027.075682 -102470537.076284 -0.049572 -0.274311 0.024128 0.960059
1753905411.046757 16599951.925121 4834027.075682 -102470537.076284 -0.049572 -0.274311 0.024128 0.960059
1753905411.051758 16599951.925121 4834027.075682 -102470537.076284 -0.049572 -0.274311 0.024128 0.960059
1753905411.056760 16599951.925121 4834027.075682 -102470537.076284 -0.049572 -0.274311 0.024128 0.960059
1753905411.061761 16599951.925121 4834027.075682 -102470537.076284 -0.049572 -0.274311 0.024128 0.960059
1753905411.066762 16599951.925121 4834027.075682 -102470537.076284 -0.049572 -0.274311 0.024128 0.960059
1753905411.071764 16599951.925121 4834027.075682 -102470537.076284 -0.049572 -0.274311 0.024128 0.960059
1753905411.076765 16599951.925121 4834027.075682 -102470537.076284 -0.049572 -0.274311 0.024128 0.960059
1753905411.081766 16599951.925073 4834027.075587 -102470537.075627 -0.049443 -0.274268 0.023826 0.960086
1753905411.086767 16599951.925073 4834027.075587 -102470537.075627 -0.049443 -0.274268 0.023826 0.960086
1753905411.091769 16599951.925073 4834027.075587 -102470537.075627 -0.049443 -0.274268 0.023826 0.960086
1753905411.096770 16599951.925073 4834027.075587 -102470537.075627 -0.049443 -0.274268 0.023826 0.960086
1753905411.101771 16599951.925073 4834027.075587 -102470537.075627 -0.049443 -0.274268 0.023826 0.960086
1753905411.106773 16599951.925073 4834027.075587 -102470537.075627 -0.049443 -0.274268 0.023826 0.960086
1753905411.111774 16599951.925073 4834027.075587 -102470537.075627 -0.049443 -0.274268 0.023826 0.960086
1753905411.116775 16599951.925073 4834027.075587 -102470537.075627 -0.049443 -0.274268 0.023826 0.960086
1753905411.121776 16599951.925073 4834027.075587 -102470537.075627 -0.049443 -0.274268 0.023826 0.960086
1753905411.126778 16599951.925073 4834027.075587 -102470537.075627 -0.049443 -0.274268 0.023826 0.960086
1753905411.131778 16599951.925073 4834027.075587 -102470537.075627 -0.049443 -0.274268 0.023826 0.960086
1753905411.136780 16599951.925073 4834027.075587 -102470537.075627 -0.049443 -0.274268 0.023826 0.960086
1753905411.141782 16599951.925073 4834027.075587 -102470537.075627 -0.049443 -0.274268 0.023826 0.960086
1753905411.146782 16599951.925073 4834027.075587 -102470537.075627 -0.049443 -0.274268 0.023826 0.960086
1753905411.151784 16599951.925449 4834027.075934 -102470537.077894 -0.049798 -0.273694 0.023806 0.960232
1753905411.156786 16599951.925449 4834027.075934 -102470537.077894 -0.049798 -0.273694 0.023806 0.960232
1753905411.161787 16599951.925449 4834027.075934 -102470537.077894 -0.049798 -0.273694 0.023806 0.960232
1753905411.166788 16599951.925449 4834027.075934 -102470537.077894 -0.049798 -0.273694 0.023806 0.960232
1753905411.171343 16599951.925449 4834027.075934 -102470537.077894 -0.049798 -0.273694 0.023806 0.960232
1753905411.171789 16599951.925449 4834027.075934 -102470537.077894 -0.049798 -0.273694 0.023806 0.960232
1753905411.176791 16599951.925449 4834027.075934 -102470537.077894 -0.049798 -0.273694 0.023806 0.960232
1753905411.181792 16599951.925103 4834027.075829 -102470537.077519 -0.050013 -0.273929 0.023637 0.960158
1753905411.186793 16599951.925103 4834027.075829 -102470537.077519 -0.050013 -0.273929 0.023637 0.960158
1753905411.191795 16599951.925103 4834027.075829 -102470537.077519 -0.050013 -0.273929 0.023637 0.960158
1753905411.196796 16599951.925103 4834027.075829 -102470537.077519 -0.050013 -0.273929 0.023637 0.960158
1753905411.201797 16599951.925103 4834027.075829 -102470537.077519 -0.050013 -0.273929 0.023637 0.960158
1753905411.206799 16599951.925103 4834027.075829 -102470537.077519 -0.050013 -0.273929 0.023637 0.960158
1753905411.211800 16599951.925103 4834027.075829 -102470537.077519 -0.050013 -0.273929 0.023637 0.960158
1753905411.216802 16599951.925590 4834027.075848 -102470537.077608 nan nan nan nan
1753905411.221802 16599951.925590 4834027.075848 -102470537.077608 nan nan nan nan
1753905411.226804 16599951.925590 4834027.075848 -102470537.077608 nan nan nan nan
1753905411.231805 16599951.925590 4834027.075848 -102470537.077608 nan nan nan nan
1753905411.236806 16599951.925590 4834027.075848 -102470537.077608 nan nan nan nan
1753905411.241808 16599951.925590 4834027.075848 -102470537.077608 nan nan nan nan
1753905411.246809 16599951.925590 4834027.075848 -102470537.077608 nan nan nan nan
1753905411.251811 16599951.925590 4834027.075848 -102470537.077608 nan nan nan nan
1753905411.256812 16599951.925590 4834027.075848 -102470537.077608 nan nan nan nan
1753905411.261813 16599951.925590 4834027.075848 -102470537.077608 nan nan nan nan
1753905411.266815 16599951.925590 4834027.075848 -102470537.077608 nan nan nan nan
1753905411.271815 16599951.925590 4834027.075848 -102470537.077608 nan nan nan nan
1753905411.274193 16599951.925590 4834027.075848 -102470537.077608 nan nan nan nan
1753905411.276817 16599951.925590 4834027.075848 -102470537.077608 nan nan nan nan
1753905411.281818 16599951.925898 4834027.075769 -102470537.076507 -0.049818 -0.273916 0.023308 0.960180
1753905411.286819 16599951.925898 4834027.075769 -102470537.076507 -0.049818 -0.273916 0.023308 0.960180
1753905411.291821 16599951.925898 4834027.075769 -102470537.076507 -0.049818 -0.273916 0.023308 0.960180
1753905411.296822 16599951.925898 4834027.075769 -102470537.076507 -0.049818 -0.273916 0.023308 0.960180
1753905411.301824 16599951.925898 4834027.075769 -102470537.076507 -0.049818 -0.273916 0.023308 0.960180
1753905411.306824 16599951.925898 4834027.075769 -102470537.076507 -0.049818 -0.273916 0.023308 0.960180
1753905411.311826 16599951.925898 4834027.075769 -102470537.076507 -0.049818 -0.273916 0.023308 0.960180
1753905411.316828 16599951.925898 4834027.075769 -102470537.076507 -0.049818 -0.273916 0.023308 0.960180
1753905411.321828 16599951.925898 4834027.075769 -102470537.076507 -0.049818 -0.273916 0.023308 0.960180
1753905411.326830 16599951.925898 4834027.075769 -102470537.076507 -0.049818 -0.273916 0.023308 0.960180
1753905411.331831 16599951.925898 4834027.075769 -102470537.076507 -0.049818 -0.273916 0.023308 0.960180
1753905411.336833 16599951.925898 4834027.075769 -102470537.076507 -0.049818 -0.273916 0.023308 0.960180
1753905411.341834 16599951.925898 4834027.075769 -102470537.076507 -0.049818 -0.273916 0.023308 0.960180
1753905411.346835 16599951.925898 4834027.075769 -102470537.076507 -0.049818 -0.273916 0.023308 0.960180
1753905411.351837 16599951.925187 4834027.075829 -102470537.076683 -0.050168 -0.273676 0.023281 0.960230
1753905411.356837 16599951.925187 4834027.075829 -102470537.076683 -0.050168 -0.273676 0.023281 0.960230
1753905411.361839 16599951.925187 4834027.075829 -102470537.076683 -0.050168 -0.273676 0.023281 0.960230
1753905411.366841 16599951.925187 4834027.075829 -102470537.076683 -0.050168 -0.273676 0.023281 0.960230
1753905411.371842 16599951.925187 4834027.075829 -102470537.076683 -0.050168 -0.273676 0.023281 0.960230
1753905411.376843 16599951.925187 4834027.075829 -102470537.076683 -0.050168 -0.273676 0.023281 0.960230
1753905411.377960 16599951.925187 4834027.075829 -102470537.076683 -0.050168 -0.273676 0.023281 0.960230
1753905411.381845 16599951.924970 4834027.075858 -102470537.076825 -0.050281 -0.273830 0.023302 0.960180
1753905411.380687 16599951.924970 4834027.075858 -102470537.076825 -0.050281 -0.273830 0.023302 0.960180
1753905411.386846 16599951.924970 4834027.075858 -102470537.076825 -0.050281 -0.273830 0.023302 0.960180
1753905411.391848 16599951.924970 4834027.075858 -102470537.076825 -0.050281 -0.273830 0.023302 0.960180
1753905411.396848 16599951.924970 4834027.075858 -102470537.076825 -0.050281 -0.273830 0.023302 0.960180
1753905411.401850 16599951.924970 4834027.075858 -102470537.076825 -0.050281 -0.273830 0.023302 0.960180
1753905411.406852 16599951.924970 4834027.075858 -102470537.076825 -0.050281 -0.273830 0.023302 0.960180
1753905411.411852 16599951.924970 4834027.075858 -102470537.076825 -0.050281 -0.273830 0.023302 0.960180
1753905411.416854 16599951.924970 4834027.075858 -102470537.076825 -0.050281 -0.273830 0.023302 0.960180
1753905411.421855 16599951.924970 4834027.075858 -102470537.076825 -0.050281 -0.273830 0.023302 0.960180
1753905411.426856 16599951.924970 4834027.075858 -102470537.076825 -0.050281 -0.273830 0.023302 0.960180
1753905411.431858 16599951.924970 4834027.075858 -102470537.076825 -0.050281 -0.273830 0.023302 0.960180
1753905411.436859 16599951.924970 4834027.075858 -102470537.076825 -0.050281 -0.273830 0.023302 0.960180
1753905411.441861 16599951.924970 4834027.075858 -102470537.076825 -0.050281 -0.273830 0.023302 0.960180
1753905411.446861 16599951.924970 4834027.075858 -102470537.076825 -0.050281 -0.273830 0.023302 0.960180
1753905411.451863 16599951.925313 4834027.076075 -102470537.077150 -0.050356 -0.274275 0.023185 0.960052
1753905411.456865 16599951.925313 4834027.076075 -102470537.077150 -0.050356 -0.274275 0.023185 0.960052
1753905411.461866 16599951.925313 4834027.076075 -102470537.077150 -0.050356 -0.274275 0.023185 0.960052
1753905411.466867 16599951.925313 4834027.076075 -102470537.077150 -0.050356 -0.274275 0.023185 0.960052
1753905411.471869 16599951.925313 4834027.076075 -102470537.077150 -0.050356 -0.274275 0.023185 0.960052
1753905411.476870 16599951.925313 4834027.076075 -102470537.077150 -0.050356 -0.274275 0.023185 0.960052
1753905411.480810 16599951.925760 4834027.075900 -102470537.077138 -0.050334 -0.274112 0.022962 0.960105
1753905411.481871 16599951.925760 4834027.075900 -102470537.077138 -0.050334 -0.274112 0.022962 0.960105
1753905411.486872 16599951.925760 4834027.075900 -102470537.077138 -0.050334 -0.274112 0.022962 0.960105
1753905411.491874 16599951.925760 4834027.075900 -102470537.077138 -0.050334 -0.274112 0.022962 0.960105
1753905411.496875 16599951.925760 4834027.075900 -102470537.077138 -0.050334 -0.274112 0.022962 0.960105
1753905411.501876 16599951.925760 4834027.075900 -102470537.077138 -0.050334 -0.274112 0.022962 0.960105
1753905411.506878 16599951.925760 4834027.075900 -102470537.077138 -0.050334 -0.274112 0.022962 0.960105
1753905411.511878 16599951.925760 4834027.075900 -102470537.077138 -0.050334 -0.274112 0.022962 0.960105
1753905411.516880 16599951.925760 4834027.075900 -102470537.077138 -0.050334 -0.274112 0.022962 0.960105
1753905411.521881 16599951.925760 4834027.075900 -102470537.077138 -0.050334 -0.274112 0.022962 0.960105
1753905411.526883 16599951.925760 4834027.075900 -102470537.077138 -0.050334 -0.274112 0.022962 0.960105
1753905411.531883 16599951.925760 4834027.075900 -102470537.077138 -0.050334 -0.274112 0.022962 0.960105
1753905411.536885 16599951.925760 4834027.075900 -102470537.077138 -0.050334 -0.274112 0.022962 0.960105
1753905411.541887 16599951.925760 4834027.075900 -102470537.077138 -0.050334 -0.274112 0.022962 0.960105
1753905411.546888 16599951.925760 4834027.075900 -102470537.077138 -0.050334 -0.274112 0.022962 0.960105
1753905411.551889 16599951.927558 4834027.076203 -102470537.076293 -0.050630 -0.273950 0.022815 0.960139
1753905411.556891 16599951.927558 4834027.076203 -102470537.076293 -0.050630 -0.273950 0.022815 0.960139
1753905411.561892 16599951.927558 4834027.076203 -102470537.076293 -0.050630 -0.273950 0.022815 0.960139
1753905411.566894 16599951.927558 4834027.076203 -102470537.076293 -0.050630 -0.273950 0.022815 0.960139
1753905411.571895 16599951.927558 4834027.076203 -102470537.076293 -0.050630 -0.273950 0.022815 0.960139
1753905411.576896 16599951.927558 4834027.076203 -102470537.076293 -0.050630 -0.273950 0.022815 0.960139
1753905411.581897 16599951.927281 4834027.075982 -102470537.077614 -0.050668 -0.273997 0.022820 0.960124
1753905411.586898 16599951.927281 4834027.075982 -102470537.077614 -0.050668 -0.273997 0.022820 0.960124
1753905411.591900 16599951.927281 4834027.075982 -102470537.077614 -0.050668 -0.273997 0.022820 0.960124
1753905411.596902 16599951.927281 4834027.075982 -102470537.077614 -0.050668 -0.273997 0.022820 0.960124
1753905411.601902 16599951.927281 4834027.075982 -102470537.077614 -0.050668 -0.273997 0.022820 0.960124
1753905411.606904 16599951.927281 4834027.075982 -102470537.077614 -0.050668 -0.273997 0.022820 0.960124
1753905411.611905 16599951.927281 4834027.075982 -102470537.077614 -0.050668 -0.273997 0.022820 0.960124
1753905411.616907 16599951.927281 4834027.075982 -102470537.077614 -0.050668 -0.273997 0.022820 0.960124
1753905411.621907 16599951.927281 4834027.075982 -102470537.077614 -0.050668 -0.273997 0.022820 0.960124
1753905411.626909 16599951.927281 4834027.075982 -102470537.077614 -0.050668 -0.273997 0.022820 0.960124
1753905411.631911 16599951.927281 4834027.075982 -102470537.077614 -0.050668 -0.273997 0.022820 0.960124
1753905411.636911 16599951.927281 4834027.075982 -102470537.077614 -0.050668 -0.273997 0.022820 0.960124
1753905411.641913 16599951.927281 4834027.075982 -102470537.077614 -0.050668 -0.273997 0.022820 0.960124
1753905411.646914 16599951.927281 4834027.075982 -102470537.077614 -0.050668 -0.273997 0.022820 0.960124
1753905411.651916 16599951.926494 4834027.075784 -102470537.076992 -0.050743 -0.274305 0.022734 0.960034
1753905411.656917 16599951.926494 4834027.075784 -102470537.076992 -0.050743 -0.274305 0.022734 0.960034
1753905411.661918 16599951.926494 4834027.075784 -102470537.076992 -0.050743 -0.274305 0.022734 0.960034
1753905411.666920 16599951.926494 4834027.075784 -102470537.076992 -0.050743 -0.274305 0.022734 0.960034
1753905411.671921 16599951.926494 4834027.075784 -102470537.076992 -0.050743 -0.274305 0.022734 0.960034
1753905411.676922 16599951.926494 4834027.075784 -102470537.076992 -0.050743 -0.274305 0.022734 0.960034
1753905411.681924 16599951.926494 4834027.075784 -102470537.076992 -0.050743 -0.274305 0.022734 0.960034
1753905411.686924 16599951.926494 4834027.075784 -102470537.076992 -0.050743 -0.274305 0.022734 0.960034
1753905411.691926 16599951.926494 4834027.075784 -102470537.076992 -0.050743 -0.274305 0.022734 0.960034
1753905411.696928 16599951.926494 4834027.075784 -102470537.076992 -0.050743 -0.274305 0.022734 0.960034
1753905411.701929 16599951.926494 4834027.075784 -102470537.076992 -0.050743 -0.274305 0.022734 0.960034
1753905411.706930 16599951.926494 4834027.075784 -102470537.076992 -0.050743 -0.274305 0.022734 0.960034
1753905411.711931 16599951.926494 4834027.075784 -102470537.076992 -0.050743 -0.274305 0.022734 0.960034
1753905411.716933 16599951.926310 4834027.075778 -102470537.076863 -0.050979 -0.273863 0.022858 0.960145
1753905411.721935 16599951.926310 4834027.075778 -102470537.076863 -0.050979 -0.273863 0.022858 0.960145
1753905411.726935 16599951.926310 4834027.075778 -102470537.076863 -0.050979 -0.273863 0.022858 0.960145
1753905411.731937 16599951.926310 4834027.075778 -102470537.076863 -0.050979 -0.273863 0.022858 0.960145
1753905411.736938 16599951.926310 4834027.075778 -102470537.076863 -0.050979 -0.273863 0.022858 0.960145
1753905411.741939 16599951.926310 4834027.075778 -102470537.076863 -0.050979 -0.273863 0.022858 0.960145
1753905411.746941 16599951.926310 4834027.075778 -102470537.076863 -0.050979 -0.273863 0.022858 0.960145
1753905411.751942 16599951.926945 4834027.075903 -102470537.077297 -0.051033 -0.273994 0.022889 0.960104
1753905411.756943 16599951.926945 4834027.075903 -102470537.077297 -0.051033 -0.273994 0.022889 0.960104
1753905411.761945 16599951.926945 4834027.075903 -102470537.077297 -0.051033 -0.273994 0.022889 0.960104
1753905411.766946 16599951.926945 4834027.075903 -102470537.077297 -0.051033 -0.273994 0.022889 0.960104
1753905411.771948 16599951.926945 4834027.075903 -102470537.077297 -0.051033 -0.273994 0.022889 0.960104
1753905411.776948 16599951.926945 4834027.075903 -102470537.077297 -0.051033 -0.273994 0.022889 0.960104
1753905411.781950 16599951.926945 4834027.075903 -102470537.077297 -0.051033 -0.273994 0.022889 0.960104
1753905411.786952 16599951.926945 4834027.075903 -102470537.077297 -0.051033 -0.273994 0.022889 0.960104
1753905411.791953 16599951.926945 4834027.075903 -102470537.077297 -0.051033 -0.273994 0.022889 0.960104
1753905411.796954 16599951.926945 4834027.075903 -102470537.077297 -0.051033 -0.273994 0.022889 0.960104
1753905411.801955 16599951.926945 4834027.075903 -102470537.077297 -0.051033 -0.273994 0.022889 0.960104
1753905411.806956 16599951.926945 4834027.075903 -102470537.077297 -0.051033 -0.273994 0.022889 0.960104
1753905411.811958 16599951.926945 4834027.075903 -102470537.077297 -0.051033 -0.273994 0.022889 0.960104
1753905411.814152 16599951.926652 4834027.075846 -102470537.077551 -0.050937 -0.274357 0.023191 0.959998
1753905411.816959 16599951.926652 4834027.075846 -102470537.077551 -0.050937 -0.274357 0.023191 0.959998
1753905411.821961 16599951.926652 4834027.075846 -102470537.077551 -0.050937 -0.274357 0.023191 0.959998
1753905411.826962 16599951.926652 4834027.075846 -102470537.077551 -0.050937 -0.274357 0.023191 0.959998
1753905411.831963 16599951.926652 4834027.075846 -102470537.077551 -0.050937 -0.274357 0.023191 0.959998
1753905411.836965 16599951.926652 4834027.075846 -102470537.077551 -0.050937 -0.274357 0.023191 0.959998
1753905411.841966 16599951.926652 4834027.075846 -102470537.077551 -0.050937 -0.274357 0.023191 0.959998
1753905411.846967 16599951.926652 4834027.075846 -102470537.077551 -0.050937 -0.274357 0.023191 0.959998
1753905411.851969 16599951.926226 4834027.075948 -102470537.077805 -0.050803 -0.274281 0.023277 0.960025
1753905411.856970 16599951.926226 4834027.075948 -102470537.077805 -0.050803 -0.274281 0.023277 0.960025
1753905411.861971 16599951.926226 4834027.075948 -102470537.077805 -0.050803 -0.274281 0.023277 0.960025
1753905411.866972 16599951.926226 4834027.075948 -102470537.077805 -0.050803 -0.274281 0.023277 0.960025
1753905411.871974 16599951.926226 4834027.075948 -102470537.077805 -0.050803 -0.274281 0.023277 0.960025
1753905411.876975 16599951.926226 4834027.075948 -102470537.077805 -0.050803 -0.274281 0.023277 0.960025
1753905411.881976 16599951.926226 4834027.075948 -102470537.077805 -0.050803 -0.274281 0.023277 0.960025
1753905411.886977 16599951.926226 4834027.075948 -102470537.077805 -0.050803 -0.274281 0.023277 0.960025
1753905411.891979 16599951.926226 4834027.075948 -102470537.077805 -0.050803 -0.274281 0.023277 0.960025
1753905411.896980 16599951.926226 4834027.075948 -102470537.077805 -0.050803 -0.274281 0.023277 0.960025
1753905411.901981 16599951.926226 4834027.075948 -102470537.077805 -0.050803 -0.274281 0.023277 0.960025
1753905411.906983 16599951.926226 4834027.075948 -102470537.077805 -0.050803 -0.274281 0.023277 0.960025
1753905411.911984 16599951.926226 4834027.075948 -102470537.077805 -0.050803 -0.274281 0.023277 0.960025
1753905411.916985 16599951.926003 4834027.075852 -102470537.076731 -0.051100 -0.274153 0.023947 0.960029
1753905411.921987 16599951.926003 4834027.075852 -102470537.076731 -0.051100 -0.274153 0.023947 0.960029
1753905411.926989 16599951.926003 4834027.075852 -102470537.076731 -0.051100 -0.274153 0.023947 0.960029
1753905411.931989 16599951.926003 4834027.075852 -102470537.076731 -0.051100 -0.274153 0.023947 0.960029
1753905411.934449 16599951.926003 4834027.075852 -102470537.076731 -0.051100 -0.274153 0.023947 0.960029
1753905411.936991 16599951.926003 4834027.075852 -102470537.076731 -0.051100 -0.274153 0.023947 0.960029
1753905411.941992 16599951.926003 4834027.075852 -102470537.076731 -0.051100 -0.274153 0.023947 0.960029
1753905411.946994 16599951.926003 4834027.075852 -102470537.076731 -0.051100 -0.274153 0.023947 0.960029
1753905411.951995 16599951.926071 4834027.075939 -102470537.076114 -0.050734 -0.274285 0.023983 0.960010
1753905411.956996 16599951.926071 4834027.075939 -102470537.076114 -0.050734 -0.274285 0.023983 0.960010
1753905411.961998 16599951.926071 4834027.075939 -102470537.076114 -0.050734 -0.274285 0.023983 0.960010
1753905411.966999 16599951.926071 4834027.075939 -102470537.076114 -0.050734 -0.274285 0.023983 0.960010
1753905411.972000 16599951.926071 4834027.075939 -102470537.076114 -0.050734 -0.274285 0.023983 0.960010
1753905411.977001 16599951.926071 4834027.075939 -102470537.076114 -0.050734 -0.274285 0.023983 0.960010
1753905411.982002 16599951.926071 4834027.075939 -102470537.076114 -0.050734 -0.274285 0.023983 0.960010
1753905411.987004 16599951.926071 4834027.075939 -102470537.076114 -0.050734 -0.274285 0.023983 0.960010
1753905411.992005 16599951.926071 4834027.075939 -102470537.076114 -0.050734 -0.274285 0.023983 0.960010
1753905411.997007 16599951.926071 4834027.075939 -102470537.076114 -0.050734 -0.274285 0.023983 0.960010
1753905412.002007 16599951.926071 4834027.075939 -102470537.076114 -0.050734 -0.274285 0.023983 0.960010
1753905412.007009 16599951.926071 4834027.075939 -102470537.076114 -0.050734 -0.274285 0.023983 0.960010
1753905412.012011 16599951.926071 4834027.075939 -102470537.076114 -0.050734 -0.274285 0.023983 0.960010
1753905412.017011 16599951.925778 4834027.075715 -102470537.075513 nan nan nan nan
1753905412.027015 16599951.925778 4834027.075715 -102470537.075513 nan nan nan nan
1753905412.032016 16599951.925778 4834027.075715 -102470537.075513 nan nan nan nan
1753905412.037017 16599951.925778 4834027.075715 -102470537.075513 nan nan nan nan
1753905412.042018 16599951.925778 4834027.075715 -102470537.075513 nan nan nan nan
1753905412.047020 16599951.925778 4834027.075715 -102470537.075513 nan nan nan nan
1753905412.052021 16599951.926397 4834027.076663 -102470537.075672 -0.050626 -0.274135 0.024506 0.960045
1753905412.057022 16599951.926397 4834027.076663 -102470537.075672 -0.050626 -0.274135 0.024506 0.960045
1753905412.062024 16599951.926397 4834027.076663 -102470537.075672 -0.050626 -0.274135 0.024506 0.960045
1753905412.067025 16599951.926397 4834027.076663 -102470537.075672 -0.050626 -0.274135 0.024506 0.960045
1753905412.072026 16599951.926397 4834027.076663 -102470537.075672 -0.050626 -0.274135 0.024506 0.960045
1753905412.077028 16599951.926397 4834027.076663 -102470537.075672 -0.050626 -0.274135 0.024506 0.960045
1753905412.082029 16599951.926397 4834027.076663 -102470537.075672 -0.050626 -0.274135 0.024506 0.960045
1753905412.087030 16599951.926397 4834027.076663 -102470537.075672 -0.050626 -0.274135 0.024506 0.960045
1753905412.092031 16599951.926397 4834027.076663 -102470537.075672 -0.050626 -0.274135 0.024506 0.960045
1753905412.097033 16599951.926397 4834027.076663 -102470537.075672 -0.050626 -0.274135 0.024506 0.960045
1753905412.102035 16599951.926397 4834027.076663 -102470537.075672 -0.050626 -0.274135 0.024506 0.960045
1753905412.107035 16599951.926397 4834027.076663 -102470537.075672 -0.050626 -0.274135 0.024506 0.960045
1753905412.112037 16599951.926397 4834027.076663 -102470537.075672 -0.050626 -0.274135 0.024506 0.960045
1753905412.117038 16599951.925440 4834027.076378 -102470537.075826 -0.050601 -0.274104 0.025095 0.960040
1753905412.122039 16599951.925440 4834027.076378 -102470537.075826 -0.050601 -0.274104 0.025095 0.960040
1753905412.127041 16599951.925440 4834027.076378 -102470537.075826 -0.050601 -0.274104 0.025095 0.960040
1753905412.132042 16599951.925440 4834027.076378 -102470537.075826 -0.050601 -0.274104 0.025095 0.960040
1753905412.137043 16599951.925440 4834027.076378 -102470537.075826 -0.050601 -0.274104 0.025095 0.960040
1753905412.142045 16599951.925440 4834027.076378 -102470537.075826 -0.050601 -0.274104 0.025095 0.960040
1753905412.147046 16599951.925440 4834027.076378 -102470537.075826 -0.050601 -0.274104 0.025095 0.960040
1753905412.152048 16599951.925192 4834027.075739 -102470537.075669 -0.050485 -0.274310 0.025463 0.959977
1753905412.157049 16599951.925192 4834027.075739 -102470537.075669 -0.050485 -0.274310 0.025463 0.959977
1753905412.162050 16599951.925192 4834027.075739 -102470537.075669 -0.050485 -0.274310 0.025463 0.959977
1753905412.167052 16599951.925192 4834027.075739 -102470537.075669 -0.050485 -0.274310 0.025463 0.959977
1753905412.172053 16599951.925192 4834027.075739 -102470537.075669 -0.050485 -0.274310 0.025463 0.959977
1753905412.177054 16599951.925192 4834027.075739 -102470537.075669 -0.050485 -0.274310 0.025463 0.959977
1753905412.182055 16599951.925192 4834027.075739 -102470537.075669 -0.050485 -0.274310 0.025463 0.959977
1753905412.187057 16599951.925192 4834027.075739 -102470537.075669 -0.050485 -0.274310 0.025463 0.959977
1753905412.192058 16599951.925192 4834027.075739 -102470537.075669 -0.050485 -0.274310 0.025463 0.959977
1753905412.197059 16599951.925192 4834027.075739 -102470537.075669 -0.050485 -0.274310 0.025463 0.959977
1753905412.202061 16599951.925192 4834027.075739 -102470537.075669 -0.050485 -0.274310 0.025463 0.959977
1753905412.207062 16599951.925192 4834027.075739 -102470537.075669 -0.050485 -0.274310 0.025463 0.959977
1753905412.212063 16599951.925192 4834027.075739 -102470537.075669 -0.050485 -0.274310 0.025463 0.959977
1753905412.217065 16599951.925485 4834027.075732 -102470537.075904 -0.050544 -0.274515 0.025376 0.959918
1753905412.222066 16599951.925485 4834027.075732 -102470537.075904 -0.050544 -0.274515 0.025376 0.959918
1753905412.227067 16599951.925485 4834027.075732 -102470537.075904 -0.050544 -0.274515 0.025376 0.959918
1753905412.232069 16599951.925485 4834027.075732 -102470537.075904 -0.050544 -0.274515 0.025376 0.959918
1753905412.237070 16599951.925485 4834027.075732 -102470537.075904 -0.050544 -0.274515 0.025376 0.959918
1753905412.242072 16599951.925485 4834027.075732 -102470537.075904 -0.050544 -0.274515 0.025376 0.959918
1753905412.247072 16599951.925485 4834027.075732 -102470537.075904 -0.050544 -0.274515 0.025376 0.959918
1753905412.252074 16599951.926031 4834027.075679 -102470537.076147 nan nan nan nan
1753905412.257076 16599951.926031 4834027.075679 -102470537.076147 nan nan nan nan
1753905412.262076 16599951.926031 4834027.075679 -102470537.076147 nan nan nan nan
1753905412.267078 16599951.926031 4834027.075679 -102470537.076147 nan nan nan nan
1753905412.272080 16599951.926031 4834027.075679 -102470537.076147 nan nan nan nan
1753905412.277080 16599951.926031 4834027.075679 -102470537.076147 nan nan nan nan
1753905412.282082 16599951.926031 4834027.075679 -102470537.076147 nan nan nan nan
1753905412.287084 16599951.926031 4834027.075679 -102470537.076147 nan nan nan nan
1753905412.288912 16599951.926031 4834027.075679 -102470537.076147 nan nan nan nan
1753905412.292085 16599951.926031 4834027.075679 -102470537.076147 nan nan nan nan
1753905412.297087 16599951.926031 4834027.075679 -102470537.076147 nan nan nan nan
1753905412.302088 16599951.926031 4834027.075679 -102470537.076147 nan nan nan nan
1753905412.307089 16599951.926031 4834027.075679 -102470537.076147 nan nan nan nan
1753905412.312091 16599951.926031 4834027.075679 -102470537.076147 nan nan nan nan
1753905412.317092 16599951.926813 4834027.075751 -102470537.076523 -0.050792 -0.274373 0.025280 0.959948
1753905412.322093 16599951.926813 4834027.075751 -102470537.076523 -0.050792 -0.274373 0.025280 0.959948
1753905412.327095 16599951.926813 4834027.075751 -102470537.076523 -0.050792 -0.274373 0.025280 0.959948
1753905412.332096 16599951.926813 4834027.075751 -102470537.076523 -0.050792 -0.274373 0.025280 0.959948
1753905412.337097 16599951.926813 4834027.075751 -102470537.076523 -0.050792 -0.274373 0.025280 0.959948
1753905412.342099 16599951.926813 4834027.075751 -102470537.076523 -0.050792 -0.274373 0.025280 0.959948
1753905412.347100 16599951.926813 4834027.075751 -102470537.076523 -0.050792 -0.274373 0.025280 0.959948
1753905412.352102 16599951.926992 4834027.075795 -102470537.076640 -0.050741 -0.274591 0.025246 0.959889
1753905412.357103 16599951.926992 4834027.075795 -102470537.076640 -0.050741 -0.274591 0.025246 0.959889
1753905412.362105 16599951.926992 4834027.075795 -102470537.076640 -0.050741 -0.274591 0.025246 0.959889
1753905412.367106 16599951.926992 4834027.075795 -102470537.076640 -0.050741 -0.274591 0.025246 0.959889
1753905412.372107 16599951.926992 4834027.075795 -102470537.076640 -0.050741 -0.274591 0.025246 0.959889
1753905412.377109 16599951.926992 4834027.075795 -102470537.076640 -0.050741 -0.274591 0.025246 0.959889
1753905412.380929 16599951.927245 4834027.075827 -102470537.076776 -0.050609 -0.274588 0.025091 0.959901
1753905412.382110 16599951.927245 4834027.075827 -102470537.076776 -0.050609 -0.274588 0.025091 0.959901
1753905412.387111 16599951.927245 4834027.075827 -102470537.076776 -0.050609 -0.274588 0.025091 0.959901
1753905412.392113 16599951.927245 4834027.075827 -102470537.076776 -0.050609 -0.274588 0.025091 0.959901
1753905412.397115 16599951.927245 4834027.075827 -102470537.076776 -0.050609 -0.274588 0.025091 0.959901
1753905412.402116 16599951.927245 4834027.075827 -102470537.076776 -0.050609 -0.274588 0.025091 0.959901
1753905412.407117 16599951.927245 4834027.075827 -102470537.076776 -0.050609 -0.274588 0.025091 0.959901
1753905412.412119 16599951.927245 4834027.075827 -102470537.076776 -0.050609 -0.274588 0.025091 0.959901
1753905412.417120 16599951.927245 4834027.075827 -102470537.076776 -0.050609 -0.274588 0.025091 0.959901
1753905412.422121 16599951.927245 4834027.075827 -102470537.076776 -0.050609 -0.274588 0.025091 0.959901
1753905412.427123 16599951.927245 4834027.075827 -102470537.076776 -0.050609 -0.274588 0.025091 0.959901
1753905412.432124 16599951.927245 4834027.075827 -102470537.076776 -0.050609 -0.274588 0.025091 0.959901
1753905412.437125 16599951.927245 4834027.075827 -102470537.076776 -0.050609 -0.274588 0.025091 0.959901
1753905412.442127 16599951.927245 4834027.075827 -102470537.076776 -0.050609 -0.274588 0.025091 0.959901
1753905412.447129 16599951.927245 4834027.075827 -102470537.076776 -0.050609 -0.274588 0.025091 0.959901
1753905412.452130 16599951.926733 4834027.075789 -102470537.076803 -0.050756 -0.274235 0.024723 0.960004
1753905412.457131 16599951.926733 4834027.075789 -102470537.076803 -0.050756 -0.274235 0.024723 0.960004
1753905412.462132 16599951.926733 4834027.075789 -102470537.076803 -0.050756 -0.274235 0.024723 0.960004
1753905412.467134 16599951.926733 4834027.075789 -102470537.076803 -0.050756 -0.274235 0.024723 0.960004
1753905412.472135 16599951.926733 4834027.075789 -102470537.076803 -0.050756 -0.274235 0.024723 0.960004
1753905412.477137 16599951.926733 4834027.075789 -102470537.076803 -0.050756 -0.274235 0.024723 0.960004
1753905412.482138 16599951.926733 4834027.075789 -102470537.076803 -0.050756 -0.274235 0.024723 0.960004
1753905412.487140 16599951.926733 4834027.075789 -102470537.076803 -0.050756 -0.274235 0.024723 0.960004
1753905412.492141 16599951.926733 4834027.075789 -102470537.076803 -0.050756 -0.274235 0.024723 0.960004
1753905412.497143 16599951.926733 4834027.075789 -102470537.076803 -0.050756 -0.274235 0.024723 0.960004
1753905412.501957 16599951.926733 4834027.075789 -102470537.076803 -0.050756 -0.274235 0.024723 0.960004
1753905412.502144 16599951.926733 4834027.075789 -102470537.076803 -0.050756 -0.274235 0.024723 0.960004
1753905412.507145 16599951.926733 4834027.075789 -102470537.076803 -0.050756 -0.274235 0.024723 0.960004
1753905412.512146 16599951.926733 4834027.075789 -102470537.076803 -0.050756 -0.274235 0.024723 0.960004
1753905412.517148 16599951.925949 4834027.075793 -102470537.076938 nan nan nan nan
1753905412.522150 16599951.925949 4834027.075793 -102470537.076938 nan nan nan nan
1753905412.527151 16599951.925949 4834027.075793 -102470537.076938 nan nan nan nan
1753905412.532152 16599951.925949 4834027.075793 -102470537.076938 nan nan nan nan
1753905412.537154 16599951.925949 4834027.075793 -102470537.076938 nan nan nan nan
1753905412.542155 16599951.925949 4834027.075793 -102470537.076938 nan nan nan nan
1753905412.547156 16599951.925949 4834027.075793 -102470537.076938 nan nan nan nan
1753905412.552158 16599951.926069 4834027.075667 -102470537.075999 -0.050720 -0.274254 0.024577 0.960004
1753905412.557159 16599951.926069 4834027.075667 -102470537.075999 -0.050720 -0.274254 0.024577 0.960004
1753905412.562160 16599951.926069 4834027.075667 -102470537.075999 -0.050720 -0.274254 0.024577 0.960004
1753905412.567162 16599951.926069 4834027.075667 -102470537.075999 -0.050720 -0.274254 0.024577 0.960004
1753905412.572163 16599951.926069 4834027.075667 -102470537.075999 -0.050720 -0.274254 0.024577 0.960004
1753905412.577165 16599951.926069 4834027.075667 -102470537.075999 -0.050720 -0.274254 0.024577 0.960004
1753905412.582166 16599951.926069 4834027.075667 -102470537.075999 -0.050720 -0.274254 0.024577 0.960004
1753905412.587168 16599951.926069 4834027.075667 -102470537.075999 -0.050720 -0.274254 0.024577 0.960004
1753905412.592170 16599951.926069 4834027.075667 -102470537.075999 -0.050720 -0.274254 0.024577 0.960004
1753905412.597170 16599951.926069 4834027.075667 -102470537.075999 -0.050720 -0.274254 0.024577 0.960004
1753905412.602172 16599951.926069 4834027.075667 -102470537.075999 -0.050720 -0.274254 0.024577 0.960004
1753905412.604807 16599951.926069 4834027.075667 -102470537.075999 -0.050720 -0.274254 0.024577 0.960004
1753905412.607172 16599951.926069 4834027.075667 -102470537.075999 -0.050720 -0.274254 0.024577 0.960004
1753905412.612174 16599951.926069 4834027.075667 -102470537.075999 -0.050720 -0.274254 0.024577 0.960004
1753905412.617176 16599951.925094 4834027.075708 -102470537.076771 -0.050211 -0.273705 0.024970 0.960177
1753905412.622178 16599951.925094 4834027.075708 -102470537.076771 -0.050211 -0.273705 0.024970 0.960177
1753905412.627178 16599951.925094 4834027.075708 -102470537.076771 -0.050211 -0.273705 0.024970 0.960177
1753905412.632180 16599951.925094 4834027.075708 -102470537.076771 -0.050211 -0.273705 0.024970 0.960177
1753905412.637182 16599951.925094 4834027.075708 -102470537.076771 -0.050211 -0.273705 0.024970 0.960177
1753905412.642182 16599951.925094 4834027.075708 -102470537.076771 -0.050211 -0.273705 0.024970 0.960177
1753905412.647184 16599951.925094 4834027.075708 -102470537.076771 -0.050211 -0.273705 0.024970 0.960177
1753905412.652186 16599951.924605 4834027.075808 -102470537.076951 -0.049916 -0.273443 0.024711 0.960274
1753905412.657188 16599951.924605 4834027.075808 -102470537.076951 -0.049916 -0.273443 0.024711 0.960274
1753905412.662188 16599951.924605 4834027.075808 -102470537.076951 -0.049916 -0.273443 0.024711 0.960274
1753905412.667190 16599951.924605 4834027.075808 -102470537.076951 -0.049916 -0.273443 0.024711 0.960274
1753905412.672192 16599951.924605 4834027.075808 -102470537.076951 -0.049916 -0.273443 0.024711 0.960274
1753905412.677193 16599951.924605 4834027.075808 -102470537.076951 -0.049916 -0.273443 0.024711 0.960274
1753905412.682194 16599951.924605 4834027.075808 -102470537.076951 -0.049916 -0.273443 0.024711 0.960274
1753905412.687196 16599951.924605 4834027.075808 -102470537.076951 -0.049916 -0.273443 0.024711 0.960274
1753905412.692197 16599951.924605 4834027.075808 -102470537.076951 -0.049916 -0.273443 0.024711 0.960274
1753905412.697198 16599951.924605 4834027.075808 -102470537.076951 -0.049916 -0.273443 0.024711 0.960274
1753905412.702200 16599951.924605 4834027.075808 -102470537.076951 -0.049916 -0.273443 0.024711 0.960274
1753905412.707201 16599951.924605 4834027.075808 -102470537.076951 -0.049916 -0.273443 0.024711 0.960274
1753905412.712202 16599951.924605 4834027.075808 -102470537.076951 -0.049916 -0.273443 0.024711 0.960274
1753905412.717204 16599951.925383 4834027.075978 -102470537.078339 -0.050290 -0.273402 0.025033 0.960258
1753905412.722205 16599951.925383 4834027.075978 -102470537.078339 -0.050290 -0.273402 0.025033 0.960258
1753905412.727207 16599951.925383 4834027.075978 -102470537.078339 -0.050290 -0.273402 0.025033 0.960258
1753905412.732208 16599951.925383 4834027.075978 -102470537.078339 -0.050290 -0.273402 0.025033 0.960258
1753905412.737210 16599951.925383 4834027.075978 -102470537.078339 -0.050290 -0.273402 0.025033 0.960258
1753905412.742211 16599951.925383 4834027.075978 -102470537.078339 -0.050290 -0.273402 0.025033 0.960258
1753905412.747213 16599951.925383 4834027.075978 -102470537.078339 -0.050290 -0.273402 0.025033 0.960258
1753905412.752213 16599951.926210 4834027.075960 -102470537.078915 -0.049919 -0.273655 0.024858 0.960210
1753905412.757215 16599951.926210 4834027.075960 -102470537.078915 -0.049919 -0.273655 0.024858 0.960210
1753905412.762217 16599951.926210 4834027.075960 -102470537.078915 -0.049919 -0.273655 0.024858 0.960210
1753905412.767218 16599951.926210 4834027.075960 -102470537.078915 -0.049919 -0.273655 0.024858 0.960210
1753905412.772219 16599951.926210 4834027.075960 -102470537.078915 -0.049919 -0.273655 0.024858 0.960210
1753905412.777221 16599951.926210 4834027.075960 -102470537.078915 -0.049919 -0.273655 0.024858 0.960210
1753905412.782223 16599951.926210 4834027.075960 -102470537.078915 -0.049919 -0.273655 0.024858 0.960210
1753905412.787223 16599951.926210 4834027.075960 -102470537.078915 -0.049919 -0.273655 0.024858 0.960210
1753905412.792225 16599951.926210 4834027.075960 -102470537.078915 -0.049919 -0.273655 0.024858 0.960210
1753905412.797227 16599951.926210 4834027.075960 -102470537.078915 -0.049919 -0.273655 0.024858 0.960210
1753905412.802227 16599951.926210 4834027.075960 -102470537.078915 -0.049919 -0.273655 0.024858 0.960210
1753905412.807229 16599951.926210 4834027.075960 -102470537.078915 -0.049919 -0.273655 0.024858 0.960210
1753905412.812231 16599951.926210 4834027.075960 -102470537.078915 -0.049919 -0.273655 0.024858 0.960210
1753905412.817232 16599951.925808 4834027.075711 -102470537.077413 -0.049466 -0.273359 0.025097 0.960311
1753905412.822233 16599951.925808 4834027.075711 -102470537.077413 -0.049466 -0.273359 0.025097 0.960311
1753905412.827235 16599951.925808 4834027.075711 -102470537.077413 -0.049466 -0.273359 0.025097 0.960311
1753905412.832237 16599951.925808 4834027.075711 -102470537.077413 -0.049466 -0.273359 0.025097 0.960311
1753905412.837237 16599951.925808 4834027.075711 -102470537.077413 -0.049466 -0.273359 0.025097 0.960311
1753905412.842239 16599951.925808 4834027.075711 -102470537.077413 -0.049466 -0.273359 0.025097 0.960311
1753905412.847241 16599951.925808 4834027.075711 -102470537.077413 -0.049466 -0.273359 0.025097 0.960311
1753905412.852242 16599951.926002 4834027.075696 -102470537.077424 -0.049404 -0.273216 0.025165 0.960354
1753905412.857243 16599951.926002 4834027.075696 -102470537.077424 -0.049404 -0.273216 0.025165 0.960354
1753905412.862245 16599951.926002 4834027.075696 -102470537.077424 -0.049404 -0.273216 0.025165 0.960354
1753905412.867247 16599951.926002 4834027.075696 -102470537.077424 -0.049404 -0.273216 0.025165 0.960354
1753905412.872247 16599951.926002 4834027.075696 -102470537.077424 -0.049404 -0.273216 0.025165 0.960354
1753905412.877249 16599951.926002 4834027.075696 -102470537.077424 -0.049404 -0.273216 0.025165 0.960354
1753905412.882251 16599951.925666 4834027.075695 -102470537.076758 -0.049347 -0.273245 0.025289 0.960345
1753905412.887253 16599951.925666 4834027.075695 -102470537.076758 -0.049347 -0.273245 0.025289 0.960345
1753905412.892253 16599951.925666 4834027.075695 -102470537.076758 -0.049347 -0.273245 0.025289 0.960345
1753905412.897255 16599951.925666 4834027.075695 -102470537.076758 -0.049347 -0.273245 0.025289 0.960345
1753905412.902256 16599951.925666 4834027.075695 -102470537.076758 -0.049347 -0.273245 0.025289 0.960345
1753905412.907257 16599951.925666 4834027.075695 -102470537.076758 -0.049347 -0.273245 0.025289 0.960345
1753905412.912259 16599951.925666 4834027.075695 -102470537.076758 -0.049347 -0.273245 0.025289 0.960345
1753905412.917261 16599951.925666 4834027.075695 -102470537.076758 -0.049347 -0.273245 0.025289 0.960345
1753905412.922262 16599951.925666 4834027.075695 -102470537.076758 -0.049347 -0.273245 0.025289 0.960345
1753905412.927263 16599951.925666 4834027.075695 -102470537.076758 -0.049347 -0.273245 0.025289 0.960345
1753905412.932265 16599951.925666 4834027.075695 -102470537.076758 -0.049347 -0.273245 0.025289 0.960345
1753905412.937265 16599951.925666 4834027.075695 -102470537.076758 -0.049347 -0.273245 0.025289 0.960345
1753905412.942268 16599951.925666 4834027.075695 -102470537.076758 -0.049347 -0.273245 0.025289 0.960345
1753905412.947269 16599951.925666 4834027.075695 -102470537.076758 -0.049347 -0.273245 0.025289 0.960345
1753905412.952271 16599951.925462 4834027.075825 -102470537.076307 -0.048876 -0.273547 0.025766 0.960270
1753905412.957271 16599951.925462 4834027.075825 -102470537.076307 -0.048876 -0.273547 0.025766 0.960270
1753905412.961107 16599951.925462 4834027.075825 -102470537.076307 -0.048876 -0.273547 0.025766 0.960270
1753905412.962273 16599951.925462 4834027.075825 -102470537.076307 -0.048876 -0.273547 0.025766 0.960270
1753905412.967274 16599951.925462 4834027.075825 -102470537.076307 -0.048876 -0.273547 0.025766 0.960270
1753905412.972276 16599951.925462 4834027.075825 -102470537.076307 -0.048876 -0.273547 0.025766 0.960270
1753905412.977277 16599951.925462 4834027.075825 -102470537.076307 -0.048876 -0.273547 0.025766 0.960270
1753905412.982279 16599951.924515 4834027.075653 -102470537.076447 nan nan nan nan
1753905412.987280 16599951.924515 4834027.075653 -102470537.076447 nan nan nan nan
1753905412.992282 16599951.924515 4834027.075653 -102470537.076447 nan nan nan nan
1753905412.997283 16599951.924515 4834027.075653 -102470537.076447 nan nan nan nan
1753905413.002285 16599951.924515 4834027.075653 -102470537.076447 nan nan nan nan
1753905413.007286 16599951.924515 4834027.075653 -102470537.076447 nan nan nan nan
1753905413.012287 16599951.924515 4834027.075653 -102470537.076447 nan nan nan nan
1753905413.017288 16599951.924515 4834027.075653 -102470537.076447 nan nan nan nan
1753905413.022290 16599951.924515 4834027.075653 -102470537.076447 nan nan nan nan
1753905413.027291 16599951.924515 4834027.075653 -102470537.076447 nan nan nan nan
1753905413.032292 16599951.924515 4834027.075653 -102470537.076447 nan nan nan nan
1753905413.037294 16599951.924515 4834027.075653 -102470537.076447 nan nan nan nan
1753905413.042295 16599951.924515 4834027.075653 -102470537.076447 nan nan nan nan
1753905413.047297 16599951.924515 4834027.075653 -102470537.076447 nan nan nan nan
1753905413.052298 16599951.925286 4834027.077159 -102470537.078112 -0.048834 -0.273141 0.025614 0.960392
1753905413.057300 16599951.925286 4834027.077159 -102470537.078112 -0.048834 -0.273141 0.025614 0.960392
1753905413.062302 16599951.925286 4834027.077159 -102470537.078112 -0.048834 -0.273141 0.025614 0.960392
1753905413.063956 16599951.925286 4834027.077159 -102470537.078112 -0.048834 -0.273141 0.025614 0.960392
1753905413.067302 16599951.925286 4834027.077159 -102470537.078112 -0.048834 -0.273141 0.025614 0.960392
1753905413.072304 16599951.925286 4834027.077159 -102470537.078112 -0.048834 -0.273141 0.025614 0.960392
1753905413.077306 16599951.925286 4834027.077159 -102470537.078112 -0.048834 -0.273141 0.025614 0.960392
1753905413.082306 16599951.925647 4834027.075783 -102470537.077354 -0.048725 -0.273168 0.025915 0.960382
1753905413.087308 16599951.925647 4834027.075783 -102470537.077354 -0.048725 -0.273168 0.025915 0.960382
1753905413.092310 16599951.925647 4834027.075783 -102470537.077354 -0.048725 -0.273168 0.025915 0.960382
1753905413.097311 16599951.925647 4834027.075783 -102470537.077354 -0.048725 -0.273168 0.025915 0.960382
1753905413.102312 16599951.925647 4834027.075783 -102470537.077354 -0.048725 -0.273168 0.025915 0.960382
1753905413.107314 16599951.925647 4834027.075783 -102470537.077354 -0.048725 -0.273168 0.025915 0.960382
1753905413.112316 16599951.925647 4834027.075783 -102470537.077354 -0.048725 -0.273168 0.025915 0.960382
1753905413.117316 16599951.925647 4834027.075783 -102470537.077354 -0.048725 -0.273168 0.025915 0.960382
1753905413.122318 16599951.925647 4834027.075783 -102470537.077354 -0.048725 -0.273168 0.025915 0.960382
1753905413.127320 16599951.925647 4834027.075783 -102470537.077354 -0.048725 -0.273168 0.025915 0.960382
1753905413.132320 16599951.925647 4834027.075783 -102470537.077354 -0.048725 -0.273168 0.025915 0.960382
1753905413.137322 16599951.925647 4834027.075783 -102470537.077354 -0.048725 -0.273168 0.025915 0.960382
1753905413.142324 16599951.925647 4834027.075783 -102470537.077354 -0.048725 -0.273168 0.025915 0.960382
1753905413.147326 16599951.925647 4834027.075783 -102470537.077354 -0.048725 -0.273168 0.025915 0.960382
1753905413.152326 16599951.925572 4834027.075624 -102470537.076175 -0.048356 -0.273750 0.025996 0.960233
1753905413.157328 16599951.925572 4834027.075624 -102470537.076175 -0.048356 -0.273750 0.025996 0.960233
1753905413.162330 16599951.925572 4834027.075624 -102470537.076175 -0.048356 -0.273750 0.025996 0.960233
1753905413.166805 16599951.925572 4834027.075624 -102470537.076175 -0.048356 -0.273750 0.025996 0.960233
1753905413.167330 16599951.925572 4834027.075624 -102470537.076175 -0.048356 -0.273750 0.025996 0.960233
1753905413.172332 16599951.925572 4834027.075624 -102470537.076175 -0.048356 -0.273750 0.025996 0.960233
1753905413.177334 16599951.925572 4834027.075624 -102470537.076175 -0.048356 -0.273750 0.025996 0.960233
1753905413.182334 16599951.926167 4834027.075444 -102470537.076014 -0.048278 -0.273826 0.025888 0.960218
1753905413.187336 16599951.926167 4834027.075444 -102470537.076014 -0.048278 -0.273826 0.025888 0.960218
1753905413.192338 16599951.926167 4834027.075444 -102470537.076014 -0.048278 -0.273826 0.025888 0.960218
1753905413.197340 16599951.926167 4834027.075444 -102470537.076014 -0.048278 -0.273826 0.025888 0.960218
1753905413.202340 16599951.926167 4834027.075444 -102470537.076014 -0.048278 -0.273826 0.025888 0.960218
1753905413.207342 16599951.926167 4834027.075444 -102470537.076014 -0.048278 -0.273826 0.025888 0.960218
1753905413.212344 16599951.926167 4834027.075444 -102470537.076014 -0.048278 -0.273826 0.025888 0.960218
1753905413.217345 16599951.925780 4834027.075556 -102470537.075855 -0.048205 -0.273830 0.025771 0.960223
1753905413.222346 16599951.925780 4834027.075556 -102470537.075855 -0.048205 -0.273830 0.025771 0.960223
1753905413.227348 16599951.925780 4834027.075556 -102470537.075855 -0.048205 -0.273830 0.025771 0.960223
1753905413.232349 16599951.925780 4834027.075556 -102470537.075855 -0.048205 -0.273830 0.025771 0.960223
1753905413.237350 16599951.925780 4834027.075556 -102470537.075855 -0.048205 -0.273830 0.025771 0.960223
1753905413.242352 16599951.925780 4834027.075556 -102470537.075855 -0.048205 -0.273830 0.025771 0.960223
1753905413.247354 16599951.925780 4834027.075556 -102470537.075855 -0.048205 -0.273830 0.025771 0.960223
1753905413.252354 16599951.925780 4834027.075556 -102470537.075855 -0.048205 -0.273830 0.025771 0.960223
1753905413.257356 16599951.925780 4834027.075556 -102470537.075855 -0.048205 -0.273830 0.025771 0.960223
1753905413.262358 16599951.925780 4834027.075556 -102470537.075855 -0.048205 -0.273830 0.025771 0.960223
1753905413.267359 16599951.925780 4834027.075556 -102470537.075855 -0.048205 -0.273830 0.025771 0.960223
1753905413.269655 16599951.925780 4834027.075556 -102470537.075855 -0.048205 -0.273830 0.025771 0.960223
1753905413.272360 16599951.925780 4834027.075556 -102470537.075855 -0.048205 -0.273830 0.025771 0.960223
1753905413.277361 16599951.925780 4834027.075556 -102470537.075855 -0.048205 -0.273830 0.025771 0.960223
1753905413.282363 16599951.924552 4834027.075690 -102470537.076501 -0.048355 -0.273620 0.025684 0.960278
1753905413.287364 16599951.924552 4834027.075690 -102470537.076501 -0.048355 -0.273620 0.025684 0.960278
1753905413.292365 16599951.924552 4834027.075690 -102470537.076501 -0.048355 -0.273620 0.025684 0.960278
1753905413.297367 16599951.924552 4834027.075690 -102470537.076501 -0.048355 -0.273620 0.025684 0.960278
1753905413.302368 16599951.924552 4834027.075690 -102470537.076501 -0.048355 -0.273620 0.025684 0.960278
1753905413.307369 16599951.924552 4834027.075690 -102470537.076501 -0.048355 -0.273620 0.025684 0.960278
1753905413.312371 16599951.924552 4834027.075690 -102470537.076501 -0.048355 -0.273620 0.025684 0.960278
1753905413.317372 16599951.924552 4834027.075690 -102470537.076501 -0.048355 -0.273620 0.025684 0.960278
1753905413.322373 16599951.924552 4834027.075690 -102470537.076501 -0.048355 -0.273620 0.025684 0.960278
1753905413.327375 16599951.924552 4834027.075690 -102470537.076501 -0.048355 -0.273620 0.025684 0.960278
1753905413.332376 16599951.924552 4834027.075690 -102470537.076501 -0.048355 -0.273620 0.025684 0.960278
1753905413.337378 16599951.924552 4834027.075690 -102470537.076501 -0.048355 -0.273620 0.025684 0.960278
1753905413.342378 16599951.924552 4834027.075690 -102470537.076501 -0.048355 -0.273620 0.025684 0.960278
1753905413.347380 16599951.924552 4834027.075690 -102470537.076501 -0.048355 -0.273620 0.025684 0.960278
1753905413.352381 16599951.924843 4834027.075709 -102470537.076586 -0.048489 -0.273913 0.025884 0.960182
1753905413.357383 16599951.924843 4834027.075709 -102470537.076586 -0.048489 -0.273913 0.025884 0.960182
1753905413.362384 16599951.924843 4834027.075709 -102470537.076586 -0.048489 -0.273913 0.025884 0.960182
1753905413.367385 16599951.924843 4834027.075709 -102470537.076586 -0.048489 -0.273913 0.025884 0.960182
1753905413.372387 16599951.924843 4834027.075709 -102470537.076586 -0.048489 -0.273913 0.025884 0.960182
1753905413.372504 16599951.924843 4834027.075709 -102470537.076586 -0.048489 -0.273913 0.025884 0.960182
1753905413.377388 16599951.924843 4834027.075709 -102470537.076586 -0.048489 -0.273913 0.025884 0.960182
1753905413.381182 16599951.925528 4834027.075329 -102470537.075913 -0.048401 -0.274051 0.026054 0.960143
1753905413.382389 16599951.925528 4834027.075329 -102470537.075913 -0.048401 -0.274051 0.026054 0.960143
1753905413.387391 16599951.925528 4834027.075329 -102470537.075913 -0.048401 -0.274051 0.026054 0.960143
1753905413.392392 16599951.925528 4834027.075329 -102470537.075913 -0.048401 -0.274051 0.026054 0.960143
1753905413.397393 16599951.925528 4834027.075329 -102470537.075913 -0.048401 -0.274051 0.026054 0.960143
1753905413.402394 16599951.925528 4834027.075329 -102470537.075913 -0.048401 -0.274051 0.026054 0.960143
1753905413.407396 16599951.925528 4834027.075329 -102470537.075913 -0.048401 -0.274051 0.026054 0.960143
1753905413.412397 16599951.925528 4834027.075329 -102470537.075913 -0.048401 -0.274051 0.026054 0.960143
1753905413.417398 16599951.925528 4834027.075329 -102470537.075913 -0.048401 -0.274051 0.026054 0.960143
1753905413.422400 16599951.925528 4834027.075329 -102470537.075913 -0.048401 -0.274051 0.026054 0.960143
1753905413.427402 16599951.925528 4834027.075329 -102470537.075913 -0.048401 -0.274051 0.026054 0.960143
1753905413.432402 16599951.925528 4834027.075329 -102470537.075913 -0.048401 -0.274051 0.026054 0.960143
1753905413.437404 16599951.925528 4834027.075329 -102470537.075913 -0.048401 -0.274051 0.026054 0.960143
1753905413.442404 16599951.925528 4834027.075329 -102470537.075913 -0.048401 -0.274051 0.026054 0.960143
1753905413.447406 16599951.925528 4834027.075329 -102470537.075913 -0.048401 -0.274051 0.026054 0.960143
1753905413.452408 16599951.925736 4834027.075267 -102470537.075389 -0.047941 -0.274015 0.026318 0.960169
1753905413.457409 16599951.925736 4834027.075267 -102470537.075389 -0.047941 -0.274015 0.026318 0.960169
1753905413.462410 16599951.925736 4834027.075267 -102470537.075389 -0.047941 -0.274015 0.026318 0.960169
1753905413.467411 16599951.925736 4834027.075267 -102470537.075389 -0.047941 -0.274015 0.026318 0.960169
1753905413.472413 16599951.925736 4834027.075267 -102470537.075389 -0.047941 -0.274015 0.026318 0.960169
1753905413.477414 16599951.925736 4834027.075267 -102470537.075389 -0.047941 -0.274015 0.026318 0.960169
1753905413.482415 16599951.926044 4834027.075256 -102470537.075786 -0.047893 -0.273852 0.026343 0.960217
1753905413.487417 16599951.926044 4834027.075256 -102470537.075786 -0.047893 -0.273852 0.026343 0.960217
1753905413.492418 16599951.926044 4834027.075256 -102470537.075786 -0.047893 -0.273852 0.026343 0.960217
1753905413.497419 16599951.926044 4834027.075256 -102470537.075786 -0.047893 -0.273852 0.026343 0.960217
1753905413.502420 16599951.926044 4834027.075256 -102470537.075786 -0.047893 -0.273852 0.026343 0.960217
1753905413.507422 16599951.926044 4834027.075256 -102470537.075786 -0.047893 -0.273852 0.026343 0.960217
1753905413.512424 16599951.926044 4834027.075256 -102470537.075786 -0.047893 -0.273852 0.026343 0.960217
1753905413.517424 16599951.926044 4834027.075256 -102470537.075786 -0.047893 -0.273852 0.026343 0.960217
1753905413.522426 16599951.926044 4834027.075256 -102470537.075786 -0.047893 -0.273852 0.026343 0.960217
1753905413.527428 16599951.926044 4834027.075256 -102470537.075786 -0.047893 -0.273852 0.026343 0.960217
1753905413.532429 16599951.926044 4834027.075256 -102470537.075786 -0.047893 -0.273852 0.026343 0.960217
1753905413.537430 16599951.926044 4834027.075256 -102470537.075786 -0.047893 -0.273852 0.026343 0.960217
1753905413.542431 16599951.926044 4834027.075256 -102470537.075786 -0.047893 -0.273852 0.026343 0.960217
1753905413.547433 16599951.926044 4834027.075256 -102470537.075786 -0.047893 -0.273852 0.026343 0.960217
1753905413.552433 16599951.925166 4834027.075471 -102470537.074004 -0.048254 -0.273800 0.027028 0.960195
1753905413.557435 16599951.925166 4834027.075471 -102470537.074004 -0.048254 -0.273800 0.027028 0.960195
1753905413.562437 16599951.925166 4834027.075471 -102470537.074004 -0.048254 -0.273800 0.027028 0.960195
1753905413.567437 16599951.925166 4834027.075471 -102470537.074004 -0.048254 -0.273800 0.027028 0.960195
1753905413.572439 16599951.925166 4834027.075471 -102470537.074004 -0.048254 -0.273800 0.027028 0.960195
1753905413.577441 16599951.925166 4834027.075471 -102470537.074004 -0.048254 -0.273800 0.027028 0.960195
1753905413.582442 16599951.925438 4834027.074493 -102470537.074006 -0.047898 -0.273971 0.027194 0.960159
1753905413.587443 16599951.925438 4834027.074493 -102470537.074006 -0.047898 -0.273971 0.027194 0.960159
1753905413.592444 16599951.925438 4834027.074493 -102470537.074006 -0.047898 -0.273971 0.027194 0.960159
1753905413.597446 16599951.925438 4834027.074493 -102470537.074006 -0.047898 -0.273971 0.027194 0.960159
1753905413.602447 16599951.925438 4834027.074493 -102470537.074006 -0.047898 -0.273971 0.027194 0.960159
1753905413.607448 16599951.925438 4834027.074493 -102470537.074006 -0.047898 -0.273971 0.027194 0.960159
1753905413.612450 16599951.925438 4834027.074493 -102470537.074006 -0.047898 -0.273971 0.027194 0.960159
1753905413.617451 16599951.925438 4834027.074493 -102470537.074006 -0.047898 -0.273971 0.027194 0.960159
1753905413.622452 16599951.925438 4834027.074493 -102470537.074006 -0.047898 -0.273971 0.027194 0.960159
1753905413.627453 16599951.925438 4834027.074493 -102470537.074006 -0.047898 -0.273971 0.027194 0.960159
1753905413.628709 16599951.925438 4834027.074493 -102470537.074006 -0.047898 -0.273971 0.027194 0.960159
1753905413.632455 16599951.925438 4834027.074493 -102470537.074006 -0.047898 -0.273971 0.027194 0.960159
1753905413.637456 16599951.925438 4834027.074493 -102470537.074006 -0.047898 -0.273971 0.027194 0.960159
1753905413.642457 16599951.925438 4834027.074493 -102470537.074006 -0.047898 -0.273971 0.027194 0.960159
1753905413.647459 16599951.925438 4834027.074493 -102470537.074006 -0.047898 -0.273971 0.027194 0.960159
1753905413.652460 16599951.924698 4834027.075432 -102470537.075466 -0.047456 -0.273969 0.027345 0.960178
1753905413.657461 16599951.924698 4834027.075432 -102470537.075466 -0.047456 -0.273969 0.027345 0.960178
1753905413.662463 16599951.924698 4834027.075432 -102470537.075466 -0.047456 -0.273969 0.027345 0.960178
1753905413.667464 16599951.924698 4834027.075432 -102470537.075466 -0.047456 -0.273969 0.027345 0.960178
1753905413.672465 16599951.924698 4834027.075432 -102470537.075466 -0.047456 -0.273969 0.027345 0.960178
1753905413.677467 16599951.924698 4834027.075432 -102470537.075466 -0.047456 -0.273969 0.027345 0.960178
1753905413.682468 16599951.925320 4834027.075496 -102470537.075963 -0.047358 -0.273964 0.027553 0.960178
1753905413.687470 16599951.925320 4834027.075496 -102470537.075963 -0.047358 -0.273964 0.027553 0.960178
1753905413.692470 16599951.925320 4834027.075496 -102470537.075963 -0.047358 -0.273964 0.027553 0.960178
1753905413.697472 16599951.925320 4834027.075496 -102470537.075963 -0.047358 -0.273964 0.027553 0.960178
1753905413.702473 16599951.925320 4834027.075496 -102470537.075963 -0.047358 -0.273964 0.027553 0.960178
1753905413.707474 16599951.925320 4834027.075496 -102470537.075963 -0.047358 -0.273964 0.027553 0.960178
1753905413.712476 16599951.925320 4834027.075496 -102470537.075963 -0.047358 -0.273964 0.027553 0.960178
1753905413.717477 16599951.925320 4834027.075496 -102470537.075963 -0.047358 -0.273964 0.027553 0.960178
1753905413.722479 16599951.925320 4834027.075496 -102470537.075963 -0.047358 -0.273964 0.027553 0.960178
1753905413.727479 16599951.925320 4834027.075496 -102470537.075963 -0.047358 -0.273964 0.027553 0.960178
1753905413.732481 16599951.925320 4834027.075496 -102470537.075963 -0.047358 -0.273964 0.027553 0.960178
1753905413.737483 16599951.925320 4834027.075496 -102470537.075963 -0.047358 -0.273964 0.027553 0.960178
1753905413.742485 16599951.925320 4834027.075496 -102470537.075963 -0.047358 -0.273964 0.027553 0.960178
1753905413.747485 16599951.925320 4834027.075496 -102470537.075963 -0.047358 -0.273964 0.027553 0.960178
1753905413.752487 16599951.924318 4834027.075585 -102470537.076223 -0.047445 -0.274101 0.028452 0.960108
1753905413.757487 16599951.924318 4834027.075585 -102470537.076223 -0.047445 -0.274101 0.028452 0.960108
1753905413.762489 16599951.924318 4834027.075585 -102470537.076223 -0.047445 -0.274101 0.028452 0.960108
1753905413.767490 16599951.924318 4834027.075585 -102470537.076223 -0.047445 -0.274101 0.028452 0.960108
1753905413.772492 16599951.924318 4834027.075585 -102470537.076223 -0.047445 -0.274101 0.028452 0.960108
1753905413.777493 16599951.924318 4834027.075585 -102470537.076223 -0.047445 -0.274101 0.028452 0.960108
1753905413.782494 16599951.924035 4834027.075601 -102470537.076631 nan nan nan nan
1753905413.787496 16599951.924035 4834027.075601 -102470537.076631 nan nan nan nan
1753905413.792497 16599951.924035 4834027.075601 -102470537.076631 nan nan nan nan
1753905413.797498 16599951.924035 4834027.075601 -102470537.076631 nan nan nan nan
1753905413.802500 16599951.924035 4834027.075601 -102470537.076631 nan nan nan nan
1753905413.807501 16599951.924035 4834027.075601 -102470537.076631 nan nan nan nan
1753905413.812503 16599951.924035 4834027.075601 -102470537.076631 nan nan nan nan
1753905413.817503 16599951.924035 4834027.075601 -102470537.076631 nan nan nan nan
1753905413.822505 16599951.924035 4834027.075601 -102470537.076631 nan nan nan nan
1753905413.827506 16599951.924035 4834027.075601 -102470537.076631 nan nan nan nan
1753905413.832507 16599951.924035 4834027.075601 -102470537.076631 nan nan nan nan
1753905413.837509 16599951.924035 4834027.075601 -102470537.076631 nan nan nan nan
1753905413.842510 16599951.924035 4834027.075601 -102470537.076631 nan nan nan nan
1753905413.847511 16599951.924035 4834027.075601 -102470537.076631 nan nan nan nan
1753905413.852513 16599951.923966 4834027.075638 -102470537.076575 -0.047454 -0.274600 0.028625 0.959960
1753905413.857514 16599951.923966 4834027.075638 -102470537.076575 -0.047454 -0.274600 0.028625 0.959960
1753905413.862515 16599951.923966 4834027.075638 -102470537.076575 -0.047454 -0.274600 0.028625 0.959960
1753905413.864712 16599951.923966 4834027.075638 -102470537.076575 -0.047454 -0.274600 0.028625 0.959960
1753905413.867517 16599951.923966 4834027.075638 -102470537.076575 -0.047454 -0.274600 0.028625 0.959960
1753905413.872518 16599951.923966 4834027.075638 -102470537.076575 -0.047454 -0.274600 0.028625 0.959960
1753905413.877520 16599951.923966 4834027.075638 -102470537.076575 -0.047454 -0.274600 0.028625 0.959960
1753905413.882520 16599951.924551 4834027.075595 -102470537.076716 -0.047670 -0.274555 0.028859 0.959955
1753905413.887522 16599951.924551 4834027.075595 -102470537.076716 -0.047670 -0.274555 0.028859 0.959955
1753905413.892524 16599951.924551 4834027.075595 -102470537.076716 -0.047670 -0.274555 0.028859 0.959955
1753905413.897525 16599951.924551 4834027.075595 -102470537.076716 -0.047670 -0.274555 0.028859 0.959955
1753905413.902526 16599951.924551 4834027.075595 -102470537.076716 -0.047670 -0.274555 0.028859 0.959955
1753905413.907527 16599951.924551 4834027.075595 -102470537.076716 -0.047670 -0.274555 0.028859 0.959955
1753905413.912529 16599951.924551 4834027.075595 -102470537.076716 -0.047670 -0.274555 0.028859 0.959955
1753905413.917529 16599951.924551 4834027.075595 -102470537.076716 -0.047670 -0.274555 0.028859 0.959955
1753905413.922531 16599951.924551 4834027.075595 -102470537.076716 -0.047670 -0.274555 0.028859 0.959955
1753905413.927532 16599951.924551 4834027.075595 -102470537.076716 -0.047670 -0.274555 0.028859 0.959955
1753905413.932533 16599951.924551 4834027.075595 -102470537.076716 -0.047670 -0.274555 0.028859 0.959955
1753905413.937535 16599951.924551 4834027.075595 -102470537.076716 -0.047670 -0.274555 0.028859 0.959955
1753905413.942536 16599951.924551 4834027.075595 -102470537.076716 -0.047670 -0.274555 0.028859 0.959955
1753905413.947538 16599951.924551 4834027.075595 -102470537.076716 -0.047670 -0.274555 0.028859 0.959955
1753905413.952539 16599951.924759 4834027.075795 -102470537.077328 -0.047621 -0.274839 0.028906 0.959875
1753905413.957540 16599951.924759 4834027.075795 -102470537.077328 -0.047621 -0.274839 0.028906 0.959875
1753905413.962542 16599951.924759 4834027.075795 -102470537.077328 -0.047621 -0.274839 0.028906 0.959875
1753905413.967542 16599951.924759 4834027.075795 -102470537.077328 -0.047621 -0.274839 0.028906 0.959875
1753905413.967561 16599951.924759 4834027.075795 -102470537.077328 -0.047621 -0.274839 0.028906 0.959875
1753905413.972544 16599951.924759 4834027.075795 -102470537.077328 -0.047621 -0.274839 0.028906 0.959875
1753905413.977546 16599951.924759 4834027.075795 -102470537.077328 -0.047621 -0.274839 0.028906 0.959875
1753905413.982547 16599951.924318 4834027.075883 -102470537.076755 -0.047517 -0.275012 0.029349 0.959817
1753905413.987548 16599951.924318 4834027.075883 -102470537.076755 -0.047517 -0.275012 0.029349 0.959817
1753905413.992549 16599951.924318 4834027.075883 -102470537.076755 -0.047517 -0.275012 0.029349 0.959817
1753905413.997551 16599951.924318 4834027.075883 -102470537.076755 -0.047517 -0.275012 0.029349 0.959817
1753905414.002553 16599951.924318 4834027.075883 -102470537.076755 -0.047517 -0.275012 0.029349 0.959817
1753905414.007553 16599951.924318 4834027.075883 -102470537.076755 -0.047517 -0.275012 0.029349 0.959817
1753905414.012555 16599951.924318 4834027.075883 -102470537.076755 -0.047517 -0.275012 0.029349 0.959817
1753905414.017555 16599951.924318 4834027.075883 -102470537.076755 -0.047517 -0.275012 0.029349 0.959817
1753905414.022557 16599951.924318 4834027.075883 -102470537.076755 -0.047517 -0.275012 0.029349 0.959817
1753905414.027559 16599951.924318 4834027.075883 -102470537.076755 -0.047517 -0.275012 0.029349 0.959817
1753905414.032560 16599951.924318 4834027.075883 -102470537.076755 -0.047517 -0.275012 0.029349 0.959817
1753905414.037561 16599951.924318 4834027.075883 -102470537.076755 -0.047517 -0.275012 0.029349 0.959817
1753905414.042562 16599951.924318 4834027.075883 -102470537.076755 -0.047517 -0.275012 0.029349 0.959817
1753905414.047564 16599951.924318 4834027.075883 -102470537.076755 -0.047517 -0.275012 0.029349 0.959817
1753905414.052566 16599951.925003 4834027.075737 -102470537.077715 nan nan nan nan
1753905414.057566 16599951.925003 4834027.075737 -102470537.077715 nan nan nan nan
1753905414.062568 16599951.925003 4834027.075737 -102470537.077715 nan nan nan nan
1753905414.067569 16599951.925003 4834027.075737 -102470537.077715 nan nan nan nan
1753905414.070411 16599951.925003 4834027.075737 -102470537.077715 nan nan nan nan
1753905414.072570 16599951.925003 4834027.075737 -102470537.077715 nan nan nan nan
1753905414.077572 16599951.925003 4834027.075737 -102470537.077715 nan nan nan nan
1753905414.082573 16599951.924283 4834027.075758 -102470537.076723 -0.047510 -0.275080 0.029321 0.959799
1753905414.087575 16599951.924283 4834027.075758 -102470537.076723 -0.047510 -0.275080 0.029321 0.959799
1753905414.092576 16599951.924283 4834027.075758 -102470537.076723 -0.047510 -0.275080 0.029321 0.959799
1753905414.097577 16599951.924283 4834027.075758 -102470537.076723 -0.047510 -0.275080 0.029321 0.959799
1753905414.102579 16599951.924283 4834027.075758 -102470537.076723 -0.047510 -0.275080 0.029321 0.959799
1753905414.107579 16599951.924283 4834027.075758 -102470537.076723 -0.047510 -0.275080 0.029321 0.959799
1753905414.112581 16599951.924283 4834027.075758 -102470537.076723 -0.047510 -0.275080 0.029321 0.959799
1753905414.117583 16599951.924283 4834027.075758 -102470537.076723 -0.047510 -0.275080 0.029321 0.959799
1753905414.122583 16599951.924283 4834027.075758 -102470537.076723 -0.047510 -0.275080 0.029321 0.959799
1753905414.127585 16599951.924283 4834027.075758 -102470537.076723 -0.047510 -0.275080 0.029321 0.959799
1753905414.132586 16599951.924283 4834027.075758 -102470537.076723 -0.047510 -0.275080 0.029321 0.959799
1753905414.137588 16599951.924283 4834027.075758 -102470537.076723 -0.047510 -0.275080 0.029321 0.959799
1753905414.142588 16599951.924283 4834027.075758 -102470537.076723 -0.047510 -0.275080 0.029321 0.959799
1753905414.147590 16599951.924283 4834027.075758 -102470537.076723 -0.047510 -0.275080 0.029321 0.959799
1753905414.152592 16599951.923566 4834027.075541 -102470537.075147 -0.047469 -0.275060 0.029310 0.959807
1753905414.157592 16599951.923566 4834027.075541 -102470537.075147 -0.047469 -0.275060 0.029310 0.959807
1753905414.162594 16599951.923566 4834027.075541 -102470537.075147 -0.047469 -0.275060 0.029310 0.959807
1753905414.167596 16599951.923566 4834027.075541 -102470537.075147 -0.047469 -0.275060 0.029310 0.959807
1753905414.172597 16599951.923566 4834027.075541 -102470537.075147 -0.047469 -0.275060 0.029310 0.959807
1753905414.173260 16599951.923566 4834027.075541 -102470537.075147 -0.047469 -0.275060 0.029310 0.959807
1753905414.177598 16599951.923566 4834027.075541 -102470537.075147 -0.047469 -0.275060 0.029310 0.959807
1753905414.182599 16599951.924381 4834027.075340 -102470537.075366 -0.047314 -0.275135 0.029422 0.959790
1753905414.187601 16599951.924381 4834027.075340 -102470537.075366 -0.047314 -0.275135 0.029422 0.959790
1753905414.192603 16599951.924381 4834027.075340 -102470537.075366 -0.047314 -0.275135 0.029422 0.959790
1753905414.197603 16599951.924381 4834027.075340 -102470537.075366 -0.047314 -0.275135 0.029422 0.959790
1753905414.202605 16599951.924381 4834027.075340 -102470537.075366 -0.047314 -0.275135 0.029422 0.959790
1753905414.207607 16599951.924381 4834027.075340 -102470537.075366 -0.047314 -0.275135 0.029422 0.959790
1753905414.212607 16599951.924381 4834027.075340 -102470537.075366 -0.047314 -0.275135 0.029422 0.959790
1753905414.217609 16599951.924381 4834027.075340 -102470537.075366 -0.047314 -0.275135 0.029422 0.959790
1753905414.222610 16599951.924381 4834027.075340 -102470537.075366 -0.047314 -0.275135 0.029422 0.959790
1753905414.227611 16599951.924381 4834027.075340 -102470537.075366 -0.047314 -0.275135 0.029422 0.959790
1753905414.232612 16599951.924381 4834027.075340 -102470537.075366 -0.047314 -0.275135 0.029422 0.959790
1753905414.237614 16599951.924381 4834027.075340 -102470537.075366 -0.047314 -0.275135 0.029422 0.959790
1753905414.242615 16599951.924381 4834027.075340 -102470537.075366 -0.047314 -0.275135 0.029422 0.959790
1753905414.247616 16599951.924381 4834027.075340 -102470537.075366 -0.047314 -0.275135 0.029422 0.959790
1753905414.252618 16599951.924381 4834027.075340 -102470537.075366 -0.047314 -0.275135 0.029422 0.959790
1753905414.257619 16599951.924381 4834027.075340 -102470537.075366 -0.047314 -0.275135 0.029422 0.959790
1753905414.262621 16599951.924381 4834027.075340 -102470537.075366 -0.047314 -0.275135 0.029422 0.959790
1753905414.267622 16599951.924381 4834027.075340 -102470537.075366 -0.047314 -0.275135 0.029422 0.959790
1753905414.272623 16599951.924381 4834027.075340 -102470537.075366 -0.047314 -0.275135 0.029422 0.959790
1753905414.277625 16599951.924381 4834027.075340 -102470537.075366 -0.047314 -0.275135 0.029422 0.959790
1753905414.277946 16599951.924381 4834027.075340 -102470537.075366 -0.047314 -0.275135 0.029422 0.959790
1753905414.282625 16599951.924496 4834027.075456 -102470537.076000 -0.046879 -0.275112 0.029801 0.959806
1753905414.287627 16599951.924496 4834027.075456 -102470537.076000 -0.046879 -0.275112 0.029801 0.959806
1753905414.292628 16599951.924496 4834027.075456 -102470537.076000 -0.046879 -0.275112 0.029801 0.959806
1753905414.297630 16599951.924496 4834027.075456 -102470537.076000 -0.046879 -0.275112 0.029801 0.959806
1753905414.302630 16599951.924496 4834027.075456 -102470537.076000 -0.046879 -0.275112 0.029801 0.959806
1753905414.307632 16599951.924496 4834027.075456 -102470537.076000 -0.046879 -0.275112 0.029801 0.959806
1753905414.312634 16599951.924496 4834027.075456 -102470537.076000 -0.046879 -0.275112 0.029801 0.959806
1753905414.317634 16599951.924811 4834027.075494 -102470537.076478 nan nan nan nan
1753905414.322635 16599951.924811 4834027.075494 -102470537.076478 nan nan nan nan
1753905414.327637 16599951.924811 4834027.075494 -102470537.076478 nan nan nan nan
1753905414.332638 16599951.924811 4834027.075494 -102470537.076478 nan nan nan nan
1753905414.337639 16599951.924811 4834027.075494 -102470537.076478 nan nan nan nan
1753905414.342641 16599951.924811 4834027.075494 -102470537.076478 nan nan nan nan
1753905414.347642 16599951.924811 4834027.075494 -102470537.076478 nan nan nan nan
1753905414.352643 16599951.925379 4834027.075731 -102470537.073660 -0.046840 -0.274990 0.029473 0.959853
1753905414.357645 16599951.925379 4834027.075731 -102470537.073660 -0.046840 -0.274990 0.029473 0.959853
1753905414.362646 16599951.925379 4834027.075731 -102470537.073660 -0.046840 -0.274990 0.029473 0.959853
1753905414.367646 16599951.925379 4834027.075731 -102470537.073660 -0.046840 -0.274990 0.029473 0.959853
1753905414.372648 16599951.925379 4834027.075731 -102470537.073660 -0.046840 -0.274990 0.029473 0.959853
1753905414.377650 16599951.925379 4834027.075731 -102470537.073660 -0.046840 -0.274990 0.029473 0.959853
1753905414.382651 16599951.925379 4834027.075731 -102470537.073660 -0.046840 -0.274990 0.029473 0.959853
1753905414.387652 16599951.925379 4834027.075731 -102470537.073660 -0.046840 -0.274990 0.029473 0.959853
1753905414.392653 16599951.925379 4834027.075731 -102470537.073660 -0.046840 -0.274990 0.029473 0.959853
1753905414.397655 16599951.925379 4834027.075731 -102470537.073660 -0.046840 -0.274990 0.029473 0.959853
1753905414.402655 16599951.925379 4834027.075731 -102470537.073660 -0.046840 -0.274990 0.029473 0.959853
1753905414.407657 16599951.925379 4834027.075731 -102470537.073660 -0.046840 -0.274990 0.029473 0.959853
1753905414.412658 16599951.925379 4834027.075731 -102470537.073660 -0.046840 -0.274990 0.029473 0.959853
1753905414.414761 16599951.925634 4834027.075614 -102470537.073054 -0.047151 -0.275166 0.029224 0.959795
1753905414.417659 16599951.925634 4834027.075614 -102470537.073054 -0.047151 -0.275166 0.029224 0.959795
1753905414.422661 16599951.925634 4834027.075614 -102470537.073054 -0.047151 -0.275166 0.029224 0.959795
1753905414.427662 16599951.925634 4834027.075614 -102470537.073054 -0.047151 -0.275166 0.029224 0.959795
1753905414.432663 16599951.925634 4834027.075614 -102470537.073054 -0.047151 -0.275166 0.029224 0.959795
1753905414.437664 16599951.925634 4834027.075614 -102470537.073054 -0.047151 -0.275166 0.029224 0.959795
1753905414.442666 16599951.925634 4834027.075614 -102470537.073054 -0.047151 -0.275166 0.029224 0.959795
1753905414.447667 16599951.925634 4834027.075614 -102470537.073054 -0.047151 -0.275166 0.029224 0.959795
1753905414.452669 16599951.925715 4834027.075714 -102470537.072681 -0.046951 -0.275401 0.029081 0.959742
1753905414.457669 16599951.925715 4834027.075714 -102470537.072681 -0.046951 -0.275401 0.029081 0.959742
1753905414.462671 16599951.925715 4834027.075714 -102470537.072681 -0.046951 -0.275401 0.029081 0.959742
1753905414.467673 16599951.925715 4834027.075714 -102470537.072681 -0.046951 -0.275401 0.029081 0.959742
1753905414.472673 16599951.925715 4834027.075714 -102470537.072681 -0.046951 -0.275401 0.029081 0.959742
1753905414.477674 16599951.925715 4834027.075714 -102470537.072681 -0.046951 -0.275401 0.029081 0.959742
1753905414.482676 16599951.925715 4834027.075714 -102470537.072681 -0.046951 -0.275401 0.029081 0.959742
1753905414.487677 16599951.925715 4834027.075714 -102470537.072681 -0.046951 -0.275401 0.029081 0.959742
1753905414.492678 16599951.925715 4834027.075714 -102470537.072681 -0.046951 -0.275401 0.029081 0.959742
1753905414.497680 16599951.925715 4834027.075714 -102470537.072681 -0.046951 -0.275401 0.029081 0.959742
1753905414.502681 16599951.925715 4834027.075714 -102470537.072681 -0.046951 -0.275401 0.029081 0.959742
1753905414.507683 16599951.925715 4834027.075714 -102470537.072681 -0.046951 -0.275401 0.029081 0.959742
1753905414.512684 16599951.925715 4834027.075714 -102470537.072681 -0.046951 -0.275401 0.029081 0.959742
1753905414.517685 16599951.925757 4834027.076011 -102470537.072092 -0.046935 -0.275472 0.029240 0.959717
1753905414.522686 16599951.925757 4834027.076011 -102470537.072092 -0.046935 -0.275472 0.029240 0.959717
1753905414.527687 16599951.925757 4834027.076011 -102470537.072092 -0.046935 -0.275472 0.029240 0.959717
1753905414.532689 16599951.925757 4834027.076011 -102470537.072092 -0.046935 -0.275472 0.029240 0.959717
1753905414.537690 16599951.925757 4834027.076011 -102470537.072092 -0.046935 -0.275472 0.029240 0.959717
1753905414.542691 16599951.925757 4834027.076011 -102470537.072092 -0.046935 -0.275472 0.029240 0.959717
1753905414.547692 16599951.925757 4834027.076011 -102470537.072092 -0.046935 -0.275472 0.029240 0.959717
1753905414.552694 16599951.925757 4834027.076011 -102470537.072092 -0.046935 -0.275472 0.029240 0.959717
1753905414.557695 16599951.925757 4834027.076011 -102470537.072092 -0.046935 -0.275472 0.029240 0.959717
1753905414.562696 16599951.925757 4834027.076011 -102470537.072092 -0.046935 -0.275472 0.029240 0.959717
1753905414.567698 16599951.925757 4834027.076011 -102470537.072092 -0.046935 -0.275472 0.029240 0.959717
1753905414.572699 16599951.925757 4834027.076011 -102470537.072092 -0.046935 -0.275472 0.029240 0.959717
1753905414.577701 16599951.925757 4834027.076011 -102470537.072092 -0.046935 -0.275472 0.029240 0.959717
1753905414.582701 16599951.925834 4834027.075657 -102470537.073585 -0.047256 -0.275536 0.029396 0.959678
1753905414.587703 16599951.925834 4834027.075657 -102470537.073585 -0.047256 -0.275536 0.029396 0.959678
1753905414.592704 16599951.925834 4834027.075657 -102470537.073585 -0.047256 -0.275536 0.029396 0.959678
1753905414.597705 16599951.925834 4834027.075657 -102470537.073585 -0.047256 -0.275536 0.029396 0.959678
1753905414.602706 16599951.925834 4834027.075657 -102470537.073585 -0.047256 -0.275536 0.029396 0.959678
1753905414.607708 16599951.925834 4834027.075657 -102470537.073585 -0.047256 -0.275536 0.029396 0.959678
1753905414.612709 16599951.925834 4834027.075657 -102470537.073585 -0.047256 -0.275536 0.029396 0.959678
1753905414.617710 16599951.925778 4834027.075029 -102470537.074025 -0.047245 -0.275616 0.029693 0.959647
1753905414.622712 16599951.925778 4834027.075029 -102470537.074025 -0.047245 -0.275616 0.029693 0.959647
1753905414.627713 16599951.925778 4834027.075029 -102470537.074025 -0.047245 -0.275616 0.029693 0.959647
1753905414.632714 16599951.925778 4834027.075029 -102470537.074025 -0.047245 -0.275616 0.029693 0.959647
1753905414.637715 16599951.925778 4834027.075029 -102470537.074025 -0.047245 -0.275616 0.029693 0.959647
1753905414.642717 16599951.925778 4834027.075029 -102470537.074025 -0.047245 -0.275616 0.029693 0.959647
1753905414.647717 16599951.925778 4834027.075029 -102470537.074025 -0.047245 -0.275616 0.029693 0.959647
1753905414.652719 16599951.925778 4834027.075029 -102470537.074025 -0.047245 -0.275616 0.029693 0.959647
1753905414.657721 16599951.925778 4834027.075029 -102470537.074025 -0.047245 -0.275616 0.029693 0.959647
1753905414.662721 16599951.925778 4834027.075029 -102470537.074025 -0.047245 -0.275616 0.029693 0.959647
1753905414.667722 16599951.925778 4834027.075029 -102470537.074025 -0.047245 -0.275616 0.029693 0.959647
1753905414.672724 16599951.925778 4834027.075029 -102470537.074025 -0.047245 -0.275616 0.029693 0.959647
1753905414.677726 16599951.925778 4834027.075029 -102470537.074025 -0.047245 -0.275616 0.029693 0.959647
1753905414.682727 16599951.925657 4834027.075466 -102470537.076816 -0.047531 -0.275920 0.029984 0.959536
1753905414.687728 16599951.925657 4834027.075466 -102470537.076816 -0.047531 -0.275920 0.029984 0.959536
1753905414.692729 16599951.925657 4834027.075466 -102470537.076816 -0.047531 -0.275920 0.029984 0.959536
1753905414.697731 16599951.925657 4834027.075466 -102470537.076816 -0.047531 -0.275920 0.029984 0.959536
1753905414.702731 16599951.925657 4834027.075466 -102470537.076816 -0.047531 -0.275920 0.029984 0.959536
1753905414.707733 16599951.925657 4834027.075466 -102470537.076816 -0.047531 -0.275920 0.029984 0.959536
1753905414.709546 16599951.925657 4834027.075466 -102470537.076816 -0.047531 -0.275920 0.029984 0.959536
1753905414.712734 16599951.925657 4834027.075466 -102470537.076816 -0.047531 -0.275920 0.029984 0.959536
1753905414.717735 16599951.924426 4834027.075441 -102470537.076305 -0.047562 -0.275721 0.029832 0.959597
1753905414.722737 16599951.924426 4834027.075441 -102470537.076305 -0.047562 -0.275721 0.029832 0.959597
1753905414.727738 16599951.924426 4834027.075441 -102470537.076305 -0.047562 -0.275721 0.029832 0.959597
1753905414.732738 16599951.924426 4834027.075441 -102470537.076305 -0.047562 -0.275721 0.029832 0.959597
1753905414.737740 16599951.924426 4834027.075441 -102470537.076305 -0.047562 -0.275721 0.029832 0.959597
1753905414.742742 16599951.924426 4834027.075441 -102470537.076305 -0.047562 -0.275721 0.029832 0.959597
1753905414.747743 16599951.924426 4834027.075441 -102470537.076305 -0.047562 -0.275721 0.029832 0.959597
1753905414.752744 16599951.924019 4834027.075474 -102470537.075716 -0.047815 -0.275543 0.029961 0.959631
1753905414.757746 16599951.924019 4834027.075474 -102470537.075716 -0.047815 -0.275543 0.029961 0.959631
1753905414.762747 16599951.924019 4834027.075474 -102470537.075716 -0.047815 -0.275543 0.029961 0.959631
1753905414.767748 16599951.924019 4834027.075474 -102470537.075716 -0.047815 -0.275543 0.029961 0.959631
1753905414.772749 16599951.924019 4834027.075474 -102470537.075716 -0.047815 -0.275543 0.029961 0.959631
1753905414.777750 16599951.924019 4834027.075474 -102470537.075716 -0.047815 -0.275543 0.029961 0.959631
1753905414.782752 16599951.924019 4834027.075474 -102470537.075716 -0.047815 -0.275543 0.029961 0.959631
1753905414.787754 16599951.924019 4834027.075474 -102470537.075716 -0.047815 -0.275543 0.029961 0.959631
1753905414.792754 16599951.924019 4834027.075474 -102470537.075716 -0.047815 -0.275543 0.029961 0.959631
1753905414.797756 16599951.924019 4834027.075474 -102470537.075716 -0.047815 -0.275543 0.029961 0.959631
1753905414.802757 16599951.924019 4834027.075474 -102470537.075716 -0.047815 -0.275543 0.029961 0.959631
1753905414.807758 16599951.924019 4834027.075474 -102470537.075716 -0.047815 -0.275543 0.029961 0.959631
1753905414.812759 16599951.924019 4834027.075474 -102470537.075716 -0.047815 -0.275543 0.029961 0.959631
1753905414.817761 16599951.923677 4834027.075836 -102470537.075678 nan nan nan nan
1753905414.822762 16599951.923677 4834027.075836 -102470537.075678 nan nan nan nan
1753905414.827763 16599951.923677 4834027.075836 -102470537.075678 nan nan nan nan
1753905414.831680 16599951.923677 4834027.075836 -102470537.075678 nan nan nan nan
1753905414.832764 16599951.923677 4834027.075836 -102470537.075678 nan nan nan nan
1753905414.837766 16599951.923677 4834027.075836 -102470537.075678 nan nan nan nan
1753905414.842767 16599951.923677 4834027.075836 -102470537.075678 nan nan nan nan
1753905414.847768 16599951.923677 4834027.075836 -102470537.075678 nan nan nan nan
1753905414.852770 16599951.923629 4834027.075333 -102470537.074509 -0.048117 -0.275977 0.029665 0.959500
1753905414.857770 16599951.923629 4834027.075333 -102470537.074509 -0.048117 -0.275977 0.029665 0.959500
1753905414.862772 16599951.923629 4834027.075333 -102470537.074509 -0.048117 -0.275977 0.029665 0.959500
1753905414.867773 16599951.923629 4834027.075333 -102470537.074509 -0.048117 -0.275977 0.029665 0.959500
1753905414.872774 16599951.923629 4834027.075333 -102470537.074509 -0.048117 -0.275977 0.029665 0.959500
1753905414.877775 16599951.923629 4834027.075333 -102470537.074509 -0.048117 -0.275977 0.029665 0.959500
1753905414.882777 16599951.923629 4834027.075333 -102470537.074509 -0.048117 -0.275977 0.029665 0.959500
1753905414.887779 16599951.923629 4834027.075333 -102470537.074509 -0.048117 -0.275977 0.029665 0.959500
1753905414.892779 16599951.923629 4834027.075333 -102470537.074509 -0.048117 -0.275977 0.029665 0.959500
1753905414.897780 16599951.923629 4834027.075333 -102470537.074509 -0.048117 -0.275977 0.029665 0.959500
1753905414.902782 16599951.923629 4834027.075333 -102470537.074509 -0.048117 -0.275977 0.029665 0.959500
1753905414.907784 16599951.923629 4834027.075333 -102470537.074509 -0.048117 -0.275977 0.029665 0.959500
1753905414.912784 16599951.923629 4834027.075333 -102470537.074509 -0.048117 -0.275977 0.029665 0.959500
1753905414.917786 16599951.924318 4834027.075367 -102470537.074794 -0.048124 -0.275750 0.029275 0.959577
1753905414.922787 16599951.924318 4834027.075367 -102470537.074794 -0.048124 -0.275750 0.029275 0.959577
1753905414.927788 16599951.924318 4834027.075367 -102470537.074794 -0.048124 -0.275750 0.029275 0.959577
1753905414.932789 16599951.924318 4834027.075367 -102470537.074794 -0.048124 -0.275750 0.029275 0.959577
1753905414.934529 16599951.924318 4834027.075367 -102470537.074794 -0.048124 -0.275750 0.029275 0.959577
1753905414.937791 16599951.924318 4834027.075367 -102470537.074794 -0.048124 -0.275750 0.029275 0.959577
1753905414.942792 16599951.924318 4834027.075367 -102470537.074794 -0.048124 -0.275750 0.029275 0.959577
1753905414.947793 16599951.924318 4834027.075367 -102470537.074794 -0.048124 -0.275750 0.029275 0.959577
1753905414.952794 16599951.923645 4834027.075447 -102470537.075617 -0.048225 -0.275395 0.029265 0.959674
1753905414.957796 16599951.923645 4834027.075447 -102470537.075617 -0.048225 -0.275395 0.029265 0.959674
1753905414.962796 16599951.923645 4834027.075447 -102470537.075617 -0.048225 -0.275395 0.029265 0.959674
1753905414.967798 16599951.923645 4834027.075447 -102470537.075617 -0.048225 -0.275395 0.029265 0.959674
1753905414.972800 16599951.923645 4834027.075447 -102470537.075617 -0.048225 -0.275395 0.029265 0.959674
1753905414.977800 16599951.923645 4834027.075447 -102470537.075617 -0.048225 -0.275395 0.029265 0.959674
1753905414.982802 16599951.923645 4834027.075447 -102470537.075617 -0.048225 -0.275395 0.029265 0.959674
1753905414.987803 16599951.923645 4834027.075447 -102470537.075617 -0.048225 -0.275395 0.029265 0.959674
1753905414.992805 16599951.923645 4834027.075447 -102470537.075617 -0.048225 -0.275395 0.029265 0.959674
1753905414.997805 16599951.923645 4834027.075447 -102470537.075617 -0.048225 -0.275395 0.029265 0.959674
1753905415.002807 16599951.923645 4834027.075447 -102470537.075617 -0.048225 -0.275395 0.029265 0.959674
1753905415.007808 16599951.923645 4834027.075447 -102470537.075617 -0.048225 -0.275395 0.029265 0.959674
1753905415.012809 16599951.923645 4834027.075447 -102470537.075617 -0.048225 -0.275395 0.029265 0.959674
1753905415.017810 16599951.923508 4834027.075485 -102470537.076101 -0.048129 -0.275346 0.029165 0.959696
1753905415.022812 16599951.923508 4834027.075485 -102470537.076101 -0.048129 -0.275346 0.029165 0.959696
1753905415.027814 16599951.923508 4834027.075485 -102470537.076101 -0.048129 -0.275346 0.029165 0.959696
1753905415.032814 16599951.923508 4834027.075485 -102470537.076101 -0.048129 -0.275346 0.029165 0.959696
1753905415.037816 16599951.923508 4834027.075485 -102470537.076101 -0.048129 -0.275346 0.029165 0.959696
1753905415.042817 16599951.923508 4834027.075485 -102470537.076101 -0.048129 -0.275346 0.029165 0.959696
1753905415.047818 16599951.923508 4834027.075485 -102470537.076101 -0.048129 -0.275346 0.029165 0.959696
1753905415.052819 16599951.924690 4834027.075493 -102470537.076958 -0.047977 -0.275391 0.029112 0.959693
1753905415.057821 16599951.924690 4834027.075493 -102470537.076958 -0.047977 -0.275391 0.029112 0.959693
1753905415.062822 16599951.924690 4834027.075493 -102470537.076958 -0.047977 -0.275391 0.029112 0.959693
1753905415.067823 16599951.924690 4834027.075493 -102470537.076958 -0.047977 -0.275391 0.029112 0.959693
1753905415.072824 16599951.924690 4834027.075493 -102470537.076958 -0.047977 -0.275391 0.029112 0.959693
1753905415.077826 16599951.924690 4834027.075493 -102470537.076958 -0.047977 -0.275391 0.029112 0.959693
1753905415.082828 16599951.924690 4834027.075493 -102470537.076958 -0.047977 -0.275391 0.029112 0.959693
1753905415.087828 16599951.924690 4834027.075493 -102470537.076958 -0.047977 -0.275391 0.029112 0.959693
1753905415.092830 16599951.924690 4834027.075493 -102470537.076958 -0.047977 -0.275391 0.029112 0.959693
1753905415.097831 16599951.924690 4834027.075493 -102470537.076958 -0.047977 -0.275391 0.029112 0.959693
1753905415.102832 16599951.924690 4834027.075493 -102470537.076958 -0.047977 -0.275391 0.029112 0.959693
1753905415.107833 16599951.924690 4834027.075493 -102470537.076958 -0.047977 -0.275391 0.029112 0.959693
1753905415.112835 16599951.924690 4834027.075493 -102470537.076958 -0.047977 -0.275391 0.029112 0.959693
1753905415.117836 16599951.924090 4834027.075434 -102470537.075115 -0.047537 -0.275202 0.029212 0.959766
1753905415.122837 16599951.924090 4834027.075434 -102470537.075115 -0.047537 -0.275202 0.029212 0.959766
1753905415.127838 16599951.924090 4834027.075434 -102470537.075115 -0.047537 -0.275202 0.029212 0.959766
1753905415.132839 16599951.924090 4834027.075434 -102470537.075115 -0.047537 -0.275202 0.029212 0.959766
1753905415.137841 16599951.924090 4834027.075434 -102470537.075115 -0.047537 -0.275202 0.029212 0.959766
1753905415.142842 16599951.924090 4834027.075434 -102470537.075115 -0.047537 -0.275202 0.029212 0.959766
1753905415.147844 16599951.924090 4834027.075434 -102470537.075115 -0.047537 -0.275202 0.029212 0.959766
1753905415.152844 16599951.924090 4834027.075434 -102470537.075115 -0.047537 -0.275202 0.029212 0.959766
1753905415.157846 16599951.924090 4834027.075434 -102470537.075115 -0.047537 -0.275202 0.029212 0.959766
1753905415.162847 16599951.924090 4834027.075434 -102470537.075115 -0.047537 -0.275202 0.029212 0.959766
1753905415.167849 16599951.924090 4834027.075434 -102470537.075115 -0.047537 -0.275202 0.029212 0.959766
1753905415.172849 16599951.924090 4834027.075434 -102470537.075115 -0.047537 -0.275202 0.029212 0.959766
1753905415.176960 16599951.924090 4834027.075434 -102470537.075115 -0.047537 -0.275202 0.029212 0.959766
1753905415.177851 16599951.924090 4834027.075434 -102470537.075115 -0.047537 -0.275202 0.029212 0.959766
1753905415.182852 16599951.924335 4834027.075660 -102470537.076944 -0.047103 -0.274869 0.029154 0.959885
1753905415.187853 16599951.924335 4834027.075660 -102470537.076944 -0.047103 -0.274869 0.029154 0.959885
1753905415.192855 16599951.924335 4834027.075660 -102470537.076944 -0.047103 -0.274869 0.029154 0.959885
1753905415.197856 16599951.924335 4834027.075660 -102470537.076944 -0.047103 -0.274869 0.029154 0.959885
1753905415.202857 16599951.924335 4834027.075660 -102470537.076944 -0.047103 -0.274869 0.029154 0.959885
1753905415.207858 16599951.924335 4834027.075660 -102470537.076944 -0.047103 -0.274869 0.029154 0.959885
1753905415.212860 16599951.924335 4834027.075660 -102470537.076944 -0.047103 -0.274869 0.029154 0.959885
1753905415.217861 16599951.924914 4834027.076195 -102470537.077049 -0.046900 -0.274944 0.028990 0.959878
1753905415.222862 16599951.924914 4834027.076195 -102470537.077049 -0.046900 -0.274944 0.028990 0.959878
1753905415.227863 16599951.924914 4834027.076195 -102470537.077049 -0.046900 -0.274944 0.028990 0.959878
1753905415.232865 16599951.924914 4834027.076195 -102470537.077049 -0.046900 -0.274944 0.028990 0.959878
1753905415.237865 16599951.924914 4834027.076195 -102470537.077049 -0.046900 -0.274944 0.028990 0.959878
1753905415.242867 16599951.924914 4834027.076195 -102470537.077049 -0.046900 -0.274944 0.028990 0.959878
1753905415.247868 16599951.924914 4834027.076195 -102470537.077049 -0.046900 -0.274944 0.028990 0.959878
1753905415.252870 16599951.924689 4834027.076336 -102470537.077177 -0.046809 -0.274797 0.028894 0.959927
1753905415.257871 16599951.924689 4834027.076336 -102470537.077177 -0.046809 -0.274797 0.028894 0.959927
1753905415.262872 16599951.924689 4834027.076336 -102470537.077177 -0.046809 -0.274797 0.028894 0.959927
1753905415.267874 16599951.924689 4834027.076336 -102470537.077177 -0.046809 -0.274797 0.028894 0.959927
1753905415.272875 16599951.924689 4834027.076336 -102470537.077177 -0.046809 -0.274797 0.028894 0.959927
1753905415.277876 16599951.924689 4834027.076336 -102470537.077177 -0.046809 -0.274797 0.028894 0.959927
1753905415.282878 16599951.924689 4834027.076336 -102470537.077177 -0.046809 -0.274797 0.028894 0.959927
1753905415.287879 16599951.924689 4834027.076336 -102470537.077177 -0.046809 -0.274797 0.028894 0.959927
1753905415.292880 16599951.924689 4834027.076336 -102470537.077177 -0.046809 -0.274797 0.028894 0.959927
1753905415.297882 16599951.924689 4834027.076336 -102470537.077177 -0.046809 -0.274797 0.028894 0.959927
1753905415.302884 16599951.924689 4834027.076336 -102470537.077177 -0.046809 -0.274797 0.028894 0.959927
1753905415.307884 16599951.924689 4834027.076336 -102470537.077177 -0.046809 -0.274797 0.028894 0.959927
1753905415.312886 16599951.924689 4834027.076336 -102470537.077177 -0.046809 -0.274797 0.028894 0.959927
1753905415.317888 16599951.925218 4834027.076245 -102470537.078619 -0.047087 -0.274532 0.028841 0.959991
1753905415.322890 16599951.925218 4834027.076245 -102470537.078619 -0.047087 -0.274532 0.028841 0.959991
1753905415.327890 16599951.925218 4834027.076245 -102470537.078619 -0.047087 -0.274532 0.028841 0.959991
1753905415.332892 16599951.925218 4834027.076245 -102470537.078619 -0.047087 -0.274532 0.028841 0.959991
1753905415.337894 16599951.925218 4834027.076245 -102470537.078619 -0.047087 -0.274532 0.028841 0.959991
1753905415.342895 16599951.925218 4834027.076245 -102470537.078619 -0.047087 -0.274532 0.028841 0.959991
1753905415.347896 16599951.925218 4834027.076245 -102470537.078619 -0.047087 -0.274532 0.028841 0.959991
1753905415.352898 16599951.925218 4834027.076245 -102470537.078619 -0.047087 -0.274532 0.028841 0.959991
1753905415.357899 16599951.925218 4834027.076245 -102470537.078619 -0.047087 -0.274532 0.028841 0.959991
1753905415.362900 16599951.925218 4834027.076245 -102470537.078619 -0.047087 -0.274532 0.028841 0.959991
1753905415.367902 16599951.925218 4834027.076245 -102470537.078619 -0.047087 -0.274532 0.028841 0.959991
1753905415.372903 16599951.925218 4834027.076245 -102470537.078619 -0.047087 -0.274532 0.028841 0.959991
1753905415.377904 16599951.925218 4834027.076245 -102470537.078619 -0.047087 -0.274532 0.028841 0.959991
1753905415.382906 16599951.924540 4834027.075459 -102470537.075278 -0.046581 -0.274681 0.028539 0.959982
1753905415.387908 16599951.924540 4834027.075459 -102470537.075278 -0.046581 -0.274681 0.028539 0.959982
1753905415.388169 16599951.924540 4834027.075459 -102470537.075278 -0.046581 -0.274681 0.028539 0.959982
1753905415.392908 16599951.924540 4834027.075459 -102470537.075278 -0.046581 -0.274681 0.028539 0.959982
1753905415.397910 16599951.924540 4834027.075459 -102470537.075278 -0.046581 -0.274681 0.028539 0.959982
1753905415.402911 16599951.924540 4834027.075459 -102470537.075278 -0.046581 -0.274681 0.028539 0.959982
1753905415.407913 16599951.924540 4834027.075459 -102470537.075278 -0.046581 -0.274681 0.028539 0.959982
1753905415.412914 16599951.924540 4834027.075459 -102470537.075278 -0.046581 -0.274681 0.028539 0.959982
1753905415.414992 16599951.925267 4834027.074992 -102470537.073836 -0.046506 -0.274645 0.028566 0.959995
1753905415.417916 16599951.925267 4834027.074992 -102470537.073836 -0.046506 -0.274645 0.028566 0.959995
1753905415.422917 16599951.925267 4834027.074992 -102470537.073836 -0.046506 -0.274645 0.028566 0.959995
1753905415.427919 16599951.925267 4834027.074992 -102470537.073836 -0.046506 -0.274645 0.028566 0.959995
1753905415.432920 16599951.925267 4834027.074992 -102470537.073836 -0.046506 -0.274645 0.028566 0.959995
1753905415.437921 16599951.925267 4834027.074992 -102470537.073836 -0.046506 -0.274645 0.028566 0.959995
1753905415.442923 16599951.925267 4834027.074992 -102470537.073836 -0.046506 -0.274645 0.028566 0.959995
1753905415.447924 16599951.925267 4834027.074992 -102470537.073836 -0.046506 -0.274645 0.028566 0.959995
1753905415.452925 16599951.925267 4834027.074992 -102470537.073836 -0.046506 -0.274645 0.028566 0.959995
1753905415.457927 16599951.925267 4834027.074992 -102470537.073836 -0.046506 -0.274645 0.028566 0.959995
1753905415.462929 16599951.925267 4834027.074992 -102470537.073836 -0.046506 -0.274645 0.028566 0.959995
1753905415.467929 16599951.925267 4834027.074992 -102470537.073836 -0.046506 -0.274645 0.028566 0.959995
1753905415.472931 16599951.925267 4834027.074992 -102470537.073836 -0.046506 -0.274645 0.028566 0.959995
1753905415.477933 16599951.925267 4834027.074992 -102470537.073836 -0.046506 -0.274645 0.028566 0.959995
1753905415.482934 16599951.925611 4834027.074805 -102470537.072414 -0.046520 -0.274411 0.028509 0.960063
1753905415.487935 16599951.925611 4834027.074805 -102470537.072414 -0.046520 -0.274411 0.028509 0.960063
1753905415.492937 16599951.925611 4834027.074805 -102470537.072414 -0.046520 -0.274411 0.028509 0.960063
1753905415.497939 16599951.925611 4834027.074805 -102470537.072414 -0.046520 -0.274411 0.028509 0.960063
1753905415.502939 16599951.925611 4834027.074805 -102470537.072414 -0.046520 -0.274411 0.028509 0.960063
1753905415.507941 16599951.925611 4834027.074805 -102470537.072414 -0.046520 -0.274411 0.028509 0.960063
1753905415.512943 16599951.925611 4834027.074805 -102470537.072414 -0.046520 -0.274411 0.028509 0.960063
1753905415.517943 16599951.925987 4834027.074752 -102470537.072154 -0.046652 -0.274543 0.028581 0.960017
1753905415.522945 16599951.925987 4834027.074752 -102470537.072154 -0.046652 -0.274543 0.028581 0.960017
1753905415.527947 16599951.925987 4834027.074752 -102470537.072154 -0.046652 -0.274543 0.028581 0.960017
1753905415.532948 16599951.925987 4834027.074752 -102470537.072154 -0.046652 -0.274543 0.028581 0.960017
1753905415.537949 16599951.925987 4834027.074752 -102470537.072154 -0.046652 -0.274543 0.028581 0.960017
1753905415.542951 16599951.925987 4834027.074752 -102470537.072154 -0.046652 -0.274543 0.028581 0.960017
1753905415.547953 16599951.925987 4834027.074752 -102470537.072154 -0.046652 -0.274543 0.028581 0.960017
1753905415.552953 16599951.925323 4834027.074780 -102470537.072195 -0.046632 -0.274627 0.028806 0.959987
1753905415.557955 16599951.925323 4834027.074780 -102470537.072195 -0.046632 -0.274627 0.028806 0.959987
1753905415.562957 16599951.925323 4834027.074780 -102470537.072195 -0.046632 -0.274627 0.028806 0.959987
1753905415.567957 16599951.925323 4834027.074780 -102470537.072195 -0.046632 -0.274627 0.028806 0.959987
1753905415.572959 16599951.925323 4834027.074780 -102470537.072195 -0.046632 -0.274627 0.028806 0.959987
1753905415.577961 16599951.925323 4834027.074780 -102470537.072195 -0.046632 -0.274627 0.028806 0.959987
1753905415.582963 16599951.925323 4834027.074780 -102470537.072195 -0.046632 -0.274627 0.028806 0.959987
1753905415.587963 16599951.925323 4834027.074780 -102470537.072195 -0.046632 -0.274627 0.028806 0.959987
1753905415.592965 16599951.925323 4834027.074780 -102470537.072195 -0.046632 -0.274627 0.028806 0.959987
1753905415.597967 16599951.925323 4834027.074780 -102470537.072195 -0.046632 -0.274627 0.028806 0.959987
1753905415.602968 16599951.925323 4834027.074780 -102470537.072195 -0.046632 -0.274627 0.028806 0.959987
1753905415.607969 16599951.925323 4834027.074780 -102470537.072195 -0.046632 -0.274627 0.028806 0.959987
1753905415.612971 16599951.925323 4834027.074780 -102470537.072195 -0.046632 -0.274627 0.028806 0.959987
1753905415.617972 16599951.925750 4834027.075308 -102470537.076976 -0.047002 -0.274662 0.028656 0.959964
1753905415.622974 16599951.925750 4834027.075308 -102470537.076976 -0.047002 -0.274662 0.028656 0.959964
1753905415.627975 16599951.925750 4834027.075308 -102470537.076976 -0.047002 -0.274662 0.028656 0.959964
1753905415.632976 16599951.925750 4834027.075308 -102470537.076976 -0.047002 -0.274662 0.028656 0.959964
1753905415.637978 16599951.925750 4834027.075308 -102470537.076976 -0.047002 -0.274662 0.028656 0.959964
1753905415.642979 16599951.925750 4834027.075308 -102470537.076976 -0.047002 -0.274662 0.028656 0.959964
1753905415.647980 16599951.925750 4834027.075308 -102470537.076976 -0.047002 -0.274662 0.028656 0.959964
1753905415.652982 16599951.924510 4834027.074658 -102470537.075436 -0.046800 -0.274311 0.028393 0.960082
1753905415.657983 16599951.924510 4834027.074658 -102470537.075436 -0.046800 -0.274311 0.028393 0.960082
1753905415.662985 16599951.924510 4834027.074658 -102470537.075436 -0.046800 -0.274311 0.028393 0.960082
1753905415.667986 16599951.924510 4834027.074658 -102470537.075436 -0.046800 -0.274311 0.028393 0.960082
1753905415.672987 16599951.924510 4834027.074658 -102470537.075436 -0.046800 -0.274311 0.028393 0.960082
1753905415.677989 16599951.924510 4834027.074658 -102470537.075436 -0.046800 -0.274311 0.028393 0.960082
1753905415.682991 16599951.924510 4834027.074658 -102470537.075436 -0.046800 -0.274311 0.028393 0.960082
1753905415.687992 16599951.924510 4834027.074658 -102470537.075436 -0.046800 -0.274311 0.028393 0.960082
1753905415.692993 16599951.924510 4834027.074658 -102470537.075436 -0.046800 -0.274311 0.028393 0.960082
1753905415.697994 16599951.924510 4834027.074658 -102470537.075436 -0.046800 -0.274311 0.028393 0.960082
1753905415.702996 16599951.924510 4834027.074658 -102470537.075436 -0.046800 -0.274311 0.028393 0.960082
1753905415.707998 16599951.924510 4834027.074658 -102470537.075436 -0.046800 -0.274311 0.028393 0.960082
1753905415.712999 16599951.924510 4834027.074658 -102470537.075436 -0.046800 -0.274311 0.028393 0.960082
1753905415.718000 16599951.924999 4834027.075467 -102470537.075838 -0.046957 -0.273315 0.028598 0.960352
1753905415.723002 16599951.924999 4834027.075467 -102470537.075838 -0.046957 -0.273315 0.028598 0.960352
1753905415.728003 16599951.924999 4834027.075467 -102470537.075838 -0.046957 -0.273315 0.028598 0.960352
1753905415.733004 16599951.924999 4834027.075467 -102470537.075838 -0.046957 -0.273315 0.028598 0.960352
1753905415.738006 16599951.924999 4834027.075467 -102470537.075838 -0.046957 -0.273315 0.028598 0.960352
1753905415.743008 16599951.924999 4834027.075467 -102470537.075838 -0.046957 -0.273315 0.028598 0.960352
1753905415.748008 16599951.924999 4834027.075467 -102470537.075838 -0.046957 -0.273315 0.028598 0.960352
1753905415.753010 16599951.924784 4834027.075469 -102470537.075147 -0.046908 -0.273345 0.028676 0.960343
1753905415.758012 16599951.924784 4834027.075469 -102470537.075147 -0.046908 -0.273345 0.028676 0.960343
1753905415.763012 16599951.924784 4834027.075469 -102470537.075147 -0.046908 -0.273345 0.028676 0.960343
1753905415.768014 16599951.924784 4834027.075469 -102470537.075147 -0.046908 -0.273345 0.028676 0.960343
1753905415.773016 16599951.924784 4834027.075469 -102470537.075147 -0.046908 -0.273345 0.028676 0.960343
1753905415.778018 16599951.924784 4834027.075469 -102470537.075147 -0.046908 -0.273345 0.028676 0.960343
1753905415.783018 16599951.924784 4834027.075469 -102470537.075147 -0.046908 -0.273345 0.028676 0.960343
1753905415.788020 16599951.924784 4834027.075469 -102470537.075147 -0.046908 -0.273345 0.028676 0.960343
1753905415.793022 16599951.924784 4834027.075469 -102470537.075147 -0.046908 -0.273345 0.028676 0.960343
1753905415.798023 16599951.924784 4834027.075469 -102470537.075147 -0.046908 -0.273345 0.028676 0.960343
1753905415.803024 16599951.924784 4834027.075469 -102470537.075147 -0.046908 -0.273345 0.028676 0.960343
1753905415.808026 16599951.924784 4834027.075469 -102470537.075147 -0.046908 -0.273345 0.028676 0.960343
1753905415.813027 16599951.924784 4834027.075469 -102470537.075147 -0.046908 -0.273345 0.028676 0.960343
1753905415.818028 16599951.924264 4834027.075438 -102470537.075162 -0.046810 -0.273611 0.028667 0.960273
1753905415.823030 16599951.924264 4834027.075438 -102470537.075162 -0.046810 -0.273611 0.028667 0.960273
1753905415.828032 16599951.924264 4834027.075438 -102470537.075162 -0.046810 -0.273611 0.028667 0.960273
1753905415.833032 16599951.924264 4834027.075438 -102470537.075162 -0.046810 -0.273611 0.028667 0.960273
1753905415.838034 16599951.924264 4834027.075438 -102470537.075162 -0.046810 -0.273611 0.028667 0.960273
1753905415.843036 16599951.924264 4834027.075438 -102470537.075162 -0.046810 -0.273611 0.028667 0.960273
1753905415.845481 16599951.924264 4834027.075438 -102470537.075162 -0.046810 -0.273611 0.028667 0.960273
1753905415.848036 16599951.924264 4834027.075438 -102470537.075162 -0.046810 -0.273611 0.028667 0.960273
1753905415.853038 16599951.925265 4834027.075492 -102470537.075691 nan nan nan nan
1753905415.858040 16599951.925265 4834027.075492 -102470537.075691 nan nan nan nan
1753905415.863042 16599951.925265 4834027.075492 -102470537.075691 nan nan nan nan
1753905415.868042 16599951.925265 4834027.075492 -102470537.075691 nan nan nan nan
1753905415.873044 16599951.925265 4834027.075492 -102470537.075691 nan nan nan nan
1753905415.878046 16599951.925265 4834027.075492 -102470537.075691 nan nan nan nan
1753905415.883046 16599951.925265 4834027.075492 -102470537.075691 nan nan nan nan
1753905415.888048 16599951.925265 4834027.075492 -102470537.075691 nan nan nan nan
1753905415.893050 16599951.925265 4834027.075492 -102470537.075691 nan nan nan nan
1753905415.898052 16599951.925265 4834027.075492 -102470537.075691 nan nan nan nan
1753905415.903052 16599951.925265 4834027.075492 -102470537.075691 nan nan nan nan
1753905415.908054 16599951.925265 4834027.075492 -102470537.075691 nan nan nan nan
1753905415.913056 16599951.925265 4834027.075492 -102470537.075691 nan nan nan nan
1753905415.918057 16599951.923328 4834027.075415 -102470537.074776 -0.046892 -0.273203 0.028641 0.960386
1753905415.923058 16599951.923328 4834027.075415 -102470537.074776 -0.046892 -0.273203 0.028641 0.960386
1753905415.928060 16599951.923328 4834027.075415 -102470537.074776 -0.046892 -0.273203 0.028641 0.960386
1753905415.933061 16599951.923328 4834027.075415 -102470537.074776 -0.046892 -0.273203 0.028641 0.960386
1753905415.938063 16599951.923328 4834027.075415 -102470537.074776 -0.046892 -0.273203 0.028641 0.960386
1753905415.943064 16599951.923328 4834027.075415 -102470537.074776 -0.046892 -0.273203 0.028641 0.960386
1753905415.948066 16599951.923328 4834027.075415 -102470537.074776 -0.046892 -0.273203 0.028641 0.960386
1753905415.948330 16599951.923328 4834027.075415 -102470537.074776 -0.046892 -0.273203 0.028641 0.960386
1753905415.953067 16599951.923905 4834027.075388 -102470537.075126 -0.046764 -0.273476 0.028645 0.960314
1753905415.958068 16599951.923905 4834027.075388 -102470537.075126 -0.046764 -0.273476 0.028645 0.960314
1753905415.963070 16599951.923905 4834027.075388 -102470537.075126 -0.046764 -0.273476 0.028645 0.960314
1753905415.968071 16599951.923905 4834027.075388 -102470537.075126 -0.046764 -0.273476 0.028645 0.960314
1753905415.973072 16599951.923905 4834027.075388 -102470537.075126 -0.046764 -0.273476 0.028645 0.960314
1753905415.978074 16599951.923905 4834027.075388 -102470537.075126 -0.046764 -0.273476 0.028645 0.960314
1753905415.983075 16599951.924107 4834027.075375 -102470537.075212 -0.046625 -0.273694 0.028687 0.960257
1753905415.988077 16599951.924107 4834027.075375 -102470537.075212 -0.046625 -0.273694 0.028687 0.960257
1753905415.993078 16599951.924107 4834027.075375 -102470537.075212 -0.046625 -0.273694 0.028687 0.960257
1753905415.998080 16599951.924107 4834027.075375 -102470537.075212 -0.046625 -0.273694 0.028687 0.960257
1753905416.003081 16599951.924107 4834027.075375 -102470537.075212 -0.046625 -0.273694 0.028687 0.960257
1753905416.008082 16599951.924107 4834027.075375 -102470537.075212 -0.046625 -0.273694 0.028687 0.960257
1753905416.013083 16599951.924107 4834027.075375 -102470537.075212 -0.046625 -0.273694 0.028687 0.960257
1753905416.018085 16599951.924107 4834027.075375 -102470537.075212 -0.046625 -0.273694 0.028687 0.960257
1753905416.023086 16599951.924107 4834027.075375 -102470537.075212 -0.046625 -0.273694 0.028687 0.960257
1753905416.028088 16599951.924107 4834027.075375 -102470537.075212 -0.046625 -0.273694 0.028687 0.960257
1753905416.033089 16599951.924107 4834027.075375 -102470537.075212 -0.046625 -0.273694 0.028687 0.960257
1753905416.038091 16599951.924107 4834027.075375 -102470537.075212 -0.046625 -0.273694 0.028687 0.960257
1753905416.043092 16599951.924107 4834027.075375 -102470537.075212 -0.046625 -0.273694 0.028687 0.960257
1753905416.048094 16599951.924107 4834027.075375 -102470537.075212 -0.046625 -0.273694 0.028687 0.960257
1753905416.053095 16599951.923514 4834027.075194 -102470537.074788 -0.046172 -0.273735 0.028814 0.960264
1753905416.058096 16599951.923514 4834027.075194 -102470537.074788 -0.046172 -0.273735 0.028814 0.960264
1753905416.063098 16599951.923514 4834027.075194 -102470537.074788 -0.046172 -0.273735 0.028814 0.960264
1753905416.068099 16599951.923514 4834027.075194 -102470537.074788 -0.046172 -0.273735 0.028814 0.960264
1753905416.073101 16599951.923514 4834027.075194 -102470537.074788 -0.046172 -0.273735 0.028814 0.960264
1753905416.078102 16599951.923514 4834027.075194 -102470537.074788 -0.046172 -0.273735 0.028814 0.960264
1753905416.083103 16599951.923004 4834027.075408 -102470537.075326 -0.045815 -0.273435 0.029015 0.960361
1753905416.088105 16599951.923004 4834027.075408 -102470537.075326 -0.045815 -0.273435 0.029015 0.960361
1753905416.093106 16599951.923004 4834027.075408 -102470537.075326 -0.045815 -0.273435 0.029015 0.960361
1753905416.098108 16599951.923004 4834027.075408 -102470537.075326 -0.045815 -0.273435 0.029015 0.960361
1753905416.103109 16599951.923004 4834027.075408 -102470537.075326 -0.045815 -0.273435 0.029015 0.960361
1753905416.108111 16599951.923004 4834027.075408 -102470537.075326 -0.045815 -0.273435 0.029015 0.960361
1753905416.113112 16599951.923004 4834027.075408 -102470537.075326 -0.045815 -0.273435 0.029015 0.960361
1753905416.118114 16599951.923004 4834027.075408 -102470537.075326 -0.045815 -0.273435 0.029015 0.960361
1753905416.123115 16599951.923004 4834027.075408 -102470537.075326 -0.045815 -0.273435 0.029015 0.960361
1753905416.128117 16599951.923004 4834027.075408 -102470537.075326 -0.045815 -0.273435 0.029015 0.960361
1753905416.133117 16599951.923004 4834027.075408 -102470537.075326 -0.045815 -0.273435 0.029015 0.960361
1753905416.138119 16599951.923004 4834027.075408 -102470537.075326 -0.045815 -0.273435 0.029015 0.960361
1753905416.143121 16599951.923004 4834027.075408 -102470537.075326 -0.045815 -0.273435 0.029015 0.960361
1753905416.148122 16599951.923004 4834027.075408 -102470537.075326 -0.045815 -0.273435 0.029015 0.960361
1753905416.153123 16599951.923751 4834027.075280 -102470537.074740 -0.045059 -0.273131 0.029357 0.960472
1753905416.158125 16599951.923751 4834027.075280 -102470537.074740 -0.045059 -0.273131 0.029357 0.960472
1753905416.163126 16599951.923751 4834027.075280 -102470537.074740 -0.045059 -0.273131 0.029357 0.960472
1753905416.168128 16599951.923751 4834027.075280 -102470537.074740 -0.045059 -0.273131 0.029357 0.960472
1753905416.173129 16599951.923751 4834027.075280 -102470537.074740 -0.045059 -0.273131 0.029357 0.960472
1753905416.178131 16599951.923751 4834027.075280 -102470537.074740 -0.045059 -0.273131 0.029357 0.960472
1753905416.183132 16599951.923862 4834027.075334 -102470537.074720 -0.044861 -0.272945 0.029221 0.960539
1753905416.188133 16599951.923862 4834027.075334 -102470537.074720 -0.044861 -0.272945 0.029221 0.960539
1753905416.193135 16599951.923862 4834027.075334 -102470537.074720 -0.044861 -0.272945 0.029221 0.960539
1753905416.198136 16599951.923862 4834027.075334 -102470537.074720 -0.044861 -0.272945 0.029221 0.960539
1753905416.203138 16599951.923862 4834027.075334 -102470537.074720 -0.044861 -0.272945 0.029221 0.960539
1753905416.208139 16599951.923862 4834027.075334 -102470537.074720 -0.044861 -0.272945 0.029221 0.960539
1753905416.213141 16599951.923862 4834027.075334 -102470537.074720 -0.044861 -0.272945 0.029221 0.960539
1753905416.218142 16599951.923862 4834027.075334 -102470537.074720 -0.044861 -0.272945 0.029221 0.960539
1753905416.223143 16599951.923862 4834027.075334 -102470537.074720 -0.044861 -0.272945 0.029221 0.960539
1753905416.228145 16599951.923862 4834027.075334 -102470537.074720 -0.044861 -0.272945 0.029221 0.960539
1753905416.228411 16599951.923862 4834027.075334 -102470537.074720 -0.044861 -0.272945 0.029221 0.960539
1753905416.233146 16599951.923862 4834027.075334 -102470537.074720 -0.044861 -0.272945 0.029221 0.960539
1753905416.238147 16599951.923862 4834027.075334 -102470537.074720 -0.044861 -0.272945 0.029221 0.960539
1753905416.243149 16599951.923862 4834027.075334 -102470537.074720 -0.044861 -0.272945 0.029221 0.960539
1753905416.248151 16599951.923862 4834027.075334 -102470537.074720 -0.044861 -0.272945 0.029221 0.960539
1753905416.253151 16599951.923952 4834027.075660 -102470537.074484 -0.044799 -0.273021 0.029093 0.960524
1753905416.258153 16599951.923952 4834027.075660 -102470537.074484 -0.044799 -0.273021 0.029093 0.960524
1753905416.263155 16599951.923952 4834027.075660 -102470537.074484 -0.044799 -0.273021 0.029093 0.960524
1753905416.268155 16599951.923952 4834027.075660 -102470537.074484 -0.044799 -0.273021 0.029093 0.960524
1753905416.273157 16599951.923952 4834027.075660 -102470537.074484 -0.044799 -0.273021 0.029093 0.960524
1753905416.278158 16599951.923952 4834027.075660 -102470537.074484 -0.044799 -0.273021 0.029093 0.960524
1753905416.283160 16599951.924072 4834027.075189 -102470537.073298 -0.044275 -0.272981 0.029115 0.960559
1753905416.288161 16599951.924072 4834027.075189 -102470537.073298 -0.044275 -0.272981 0.029115 0.960559
1753905416.293162 16599951.924072 4834027.075189 -102470537.073298 -0.044275 -0.272981 0.029115 0.960559
1753905416.298163 16599951.924072 4834027.075189 -102470537.073298 -0.044275 -0.272981 0.029115 0.960559
1753905416.303164 16599951.924072 4834027.075189 -102470537.073298 -0.044275 -0.272981 0.029115 0.960559
1753905416.308166 16599951.924072 4834027.075189 -102470537.073298 -0.044275 -0.272981 0.029115 0.960559
1753905416.313167 16599951.924072 4834027.075189 -102470537.073298 -0.044275 -0.272981 0.029115 0.960559
1753905416.318168 16599951.924072 4834027.075189 -102470537.073298 -0.044275 -0.272981 0.029115 0.960559
1753905416.323169 16599951.924072 4834027.075189 -102470537.073298 -0.044275 -0.272981 0.029115 0.960559
1753905416.328171 16599951.924072 4834027.075189 -102470537.073298 -0.044275 -0.272981 0.029115 0.960559
1753905416.331261 16599951.924072 4834027.075189 -102470537.073298 -0.044275 -0.272981 0.029115 0.960559
1753905416.333173 16599951.924072 4834027.075189 -102470537.073298 -0.044275 -0.272981 0.029115 0.960559
1753905416.338174 16599951.924072 4834027.075189 -102470537.073298 -0.044275 -0.272981 0.029115 0.960559
1753905416.343175 16599951.924072 4834027.075189 -102470537.073298 -0.044275 -0.272981 0.029115 0.960559
1753905416.348176 16599951.924072 4834027.075189 -102470537.073298 -0.044275 -0.272981 0.029115 0.960559
1753905416.353178 16599951.923993 4834027.075259 -102470537.074015 -0.043143 -0.272615 0.029448 0.960704
1753905416.358178 16599951.923993 4834027.075259 -102470537.074015 -0.043143 -0.272615 0.029448 0.960704
1753905416.363180 16599951.923993 4834027.075259 -102470537.074015 -0.043143 -0.272615 0.029448 0.960704
1753905416.368181 16599951.923993 4834027.075259 -102470537.074015 -0.043143 -0.272615 0.029448 0.960704
1753905416.373182 16599951.923993 4834027.075259 -102470537.074015 -0.043143 -0.272615 0.029448 0.960704
1753905416.378183 16599951.923993 4834027.075259 -102470537.074015 -0.043143 -0.272615 0.029448 0.960704
1753905416.381904 16599951.923357 4834027.075258 -102470537.074139 -0.042919 -0.272203 0.029628 0.960826
1753905416.383185 16599951.923357 4834027.075258 -102470537.074139 -0.042919 -0.272203 0.029628 0.960826
1753905416.388185 16599951.923357 4834027.075258 -102470537.074139 -0.042919 -0.272203 0.029628 0.960826
1753905416.393187 16599951.923357 4834027.075258 -102470537.074139 -0.042919 -0.272203 0.029628 0.960826
1753905416.398189 16599951.923357 4834027.075258 -102470537.074139 -0.042919 -0.272203 0.029628 0.960826
1753905416.403190 16599951.923357 4834027.075258 -102470537.074139 -0.042919 -0.272203 0.029628 0.960826
1753905416.408191 16599951.923357 4834027.075258 -102470537.074139 -0.042919 -0.272203 0.029628 0.960826
1753905416.413192 16599951.923357 4834027.075258 -102470537.074139 -0.042919 -0.272203 0.029628 0.960826
1753905416.418194 16599951.923357 4834027.075258 -102470537.074139 -0.042919 -0.272203 0.029628 0.960826
1753905416.423194 16599951.923357 4834027.075258 -102470537.074139 -0.042919 -0.272203 0.029628 0.960826
1753905416.428196 16599951.923357 4834027.075258 -102470537.074139 -0.042919 -0.272203 0.029628 0.960826
1753905416.433197 16599951.923357 4834027.075258 -102470537.074139 -0.042919 -0.272203 0.029628 0.960826
1753905416.434110 16599951.923357 4834027.075258 -102470537.074139 -0.042919 -0.272203 0.029628 0.960826
1753905416.438199 16599951.923357 4834027.075258 -102470537.074139 -0.042919 -0.272203 0.029628 0.960826
1753905416.443199 16599951.923357 4834027.075258 -102470537.074139 -0.042919 -0.272203 0.029628 0.960826
1753905416.448201 16599951.923357 4834027.075258 -102470537.074139 -0.042919 -0.272203 0.029628 0.960826
1753905416.453202 16599951.920236 4834027.075173 -102470537.073153 -0.042544 -0.271758 0.030112 0.960953
1753905416.458204 16599951.920236 4834027.075173 -102470537.073153 -0.042544 -0.271758 0.030112 0.960953
1753905416.463205 16599951.920236 4834027.075173 -102470537.073153 -0.042544 -0.271758 0.030112 0.960953
1753905416.468206 16599951.920236 4834027.075173 -102470537.073153 -0.042544 -0.271758 0.030112 0.960953
1753905416.473208 16599951.920236 4834027.075173 -102470537.073153 -0.042544 -0.271758 0.030112 0.960953
1753905416.478208 16599951.920236 4834027.075173 -102470537.073153 -0.042544 -0.271758 0.030112 0.960953
1753905416.483210 16599951.920100 4834027.075266 -102470537.073427 -0.042505 -0.271920 0.030338 0.960902
1753905416.488211 16599951.920100 4834027.075266 -102470537.073427 -0.042505 -0.271920 0.030338 0.960902
1753905416.493212 16599951.920100 4834027.075266 -102470537.073427 -0.042505 -0.271920 0.030338 0.960902
1753905416.498213 16599951.920100 4834027.075266 -102470537.073427 -0.042505 -0.271920 0.030338 0.960902
1753905416.503215 16599951.920100 4834027.075266 -102470537.073427 -0.042505 -0.271920 0.030338 0.960902
1753905416.508217 16599951.920100 4834027.075266 -102470537.073427 -0.042505 -0.271920 0.030338 0.960902
1753905416.513217 16599951.920100 4834027.075266 -102470537.073427 -0.042505 -0.271920 0.030338 0.960902
1753905416.518219 16599951.920253 4834027.075182 -102470537.073381 -0.042576 -0.272054 0.030396 0.960859
1753905416.523220 16599951.920253 4834027.075182 -102470537.073381 -0.042576 -0.272054 0.030396 0.960859
1753905416.528222 16599951.920253 4834027.075182 -102470537.073381 -0.042576 -0.272054 0.030396 0.960859
1753905416.533222 16599951.920253 4834027.075182 -102470537.073381 -0.042576 -0.272054 0.030396 0.960859
1753905416.536960 16599951.920253 4834027.075182 -102470537.073381 -0.042576 -0.272054 0.030396 0.960859
1753905416.538224 16599951.920253 4834027.075182 -102470537.073381 -0.042576 -0.272054 0.030396 0.960859
1753905416.543225 16599951.920253 4834027.075182 -102470537.073381 -0.042576 -0.272054 0.030396 0.960859
1753905416.548227 16599951.920253 4834027.075182 -102470537.073381 -0.042576 -0.272054 0.030396 0.960859
1753905416.553227 16599951.920253 4834027.075182 -102470537.073381 -0.042576 -0.272054 0.030396 0.960859
1753905416.558229 16599951.920253 4834027.075182 -102470537.073381 -0.042576 -0.272054 0.030396 0.960859
1753905416.563229 16599951.920253 4834027.075182 -102470537.073381 -0.042576 -0.272054 0.030396 0.960859
1753905416.568231 16599951.920253 4834027.075182 -102470537.073381 -0.042576 -0.272054 0.030396 0.960859
1753905416.573233 16599951.920253 4834027.075182 -102470537.073381 -0.042576 -0.272054 0.030396 0.960859
1753905416.578234 16599951.920253 4834027.075182 -102470537.073381 -0.042576 -0.272054 0.030396 0.960859
1753905416.583235 16599951.921281 4834027.075129 -102470537.073366 -0.043107 -0.272207 0.030118 0.960801
1753905416.588236 16599951.921281 4834027.075129 -102470537.073366 -0.043107 -0.272207 0.030118 0.960801
1753905416.593238 16599951.921281 4834027.075129 -102470537.073366 -0.043107 -0.272207 0.030118 0.960801
1753905416.598239 16599951.921281 4834027.075129 -102470537.073366 -0.043107 -0.272207 0.030118 0.960801
1753905416.603240 16599951.921281 4834027.075129 -102470537.073366 -0.043107 -0.272207 0.030118 0.960801
1753905416.608241 16599951.921281 4834027.075129 -102470537.073366 -0.043107 -0.272207 0.030118 0.960801
1753905416.613243 16599951.921281 4834027.075129 -102470537.073366 -0.043107 -0.272207 0.030118 0.960801
1753905416.618244 16599951.920999 4834027.075089 -102470537.072988 -0.043565 -0.272367 0.030185 0.960733
1753905416.623245 16599951.920999 4834027.075089 -102470537.072988 -0.043565 -0.272367 0.030185 0.960733
1753905416.628247 16599951.920999 4834027.075089 -102470537.072988 -0.043565 -0.272367 0.030185 0.960733
1753905416.633248 16599951.920999 4834027.075089 -102470537.072988 -0.043565 -0.272367 0.030185 0.960733
1753905416.638248 16599951.920999 4834027.075089 -102470537.072988 -0.043565 -0.272367 0.030185 0.960733
1753905416.643250 16599951.920999 4834027.075089 -102470537.072988 -0.043565 -0.272367 0.030185 0.960733
1753905416.648252 16599951.920999 4834027.075089 -102470537.072988 -0.043565 -0.272367 0.030185 0.960733
1753905416.653252 16599951.920999 4834027.075089 -102470537.072988 -0.043565 -0.272367 0.030185 0.960733
1753905416.658254 16599951.920999 4834027.075089 -102470537.072988 -0.043565 -0.272367 0.030185 0.960733
1753905416.663255 16599951.920999 4834027.075089 -102470537.072988 -0.043565 -0.272367 0.030185 0.960733
1753905416.668257 16599951.920999 4834027.075089 -102470537.072988 -0.043565 -0.272367 0.030185 0.960733
1753905416.673257 16599951.920999 4834027.075089 -102470537.072988 -0.043565 -0.272367 0.030185 0.960733
1753905416.678259 16599951.920999 4834027.075089 -102470537.072988 -0.043565 -0.272367 0.030185 0.960733
1753905416.683260 16599951.920357 4834027.075697 -102470537.073911 -0.043915 -0.272489 0.029768 0.960695
1753905416.688262 16599951.920357 4834027.075697 -102470537.073911 -0.043915 -0.272489 0.029768 0.960695
1753905416.693262 16599951.920357 4834027.075697 -102470537.073911 -0.043915 -0.272489 0.029768 0.960695
1753905416.698264 16599951.920357 4834027.075697 -102470537.073911 -0.043915 -0.272489 0.029768 0.960695
1753905416.703265 16599951.920357 4834027.075697 -102470537.073911 -0.043915 -0.272489 0.029768 0.960695
1753905416.708266 16599951.920357 4834027.075697 -102470537.073911 -0.043915 -0.272489 0.029768 0.960695
1753905416.713268 16599951.920357 4834027.075697 -102470537.073911 -0.043915 -0.272489 0.029768 0.960695
1753905416.718269 16599951.920357 4834027.075697 -102470537.073911 -0.043915 -0.272489 0.029768 0.960695
1753905416.723270 16599951.920357 4834027.075697 -102470537.073911 -0.043915 -0.272489 0.029768 0.960695
1753905416.728271 16599951.920357 4834027.075697 -102470537.073911 -0.043915 -0.272489 0.029768 0.960695
1753905416.733273 16599951.920357 4834027.075697 -102470537.073911 -0.043915 -0.272489 0.029768 0.960695
1753905416.738274 16599951.920357 4834027.075697 -102470537.073911 -0.043915 -0.272489 0.029768 0.960695
1753905416.743275 16599951.920357 4834027.075697 -102470537.073911 -0.043915 -0.272489 0.029768 0.960695
1753905416.748276 16599951.920357 4834027.075697 -102470537.073911 -0.043915 -0.272489 0.029768 0.960695
1753905416.750923 16599951.923504 4834027.075479 -102470537.074221 -0.044133 -0.272328 0.029178 0.960749
1753905416.753278 16599951.923504 4834027.075479 -102470537.074221 -0.044133 -0.272328 0.029178 0.960749
1753905416.758279 16599951.923504 4834027.075479 -102470537.074221 -0.044133 -0.272328 0.029178 0.960749
1753905416.763280 16599951.923504 4834027.075479 -102470537.074221 -0.044133 -0.272328 0.029178 0.960749
1753905416.768282 16599951.923504 4834027.075479 -102470537.074221 -0.044133 -0.272328 0.029178 0.960749
1753905416.773282 16599951.923504 4834027.075479 -102470537.074221 -0.044133 -0.272328 0.029178 0.960749
1753905416.778284 16599951.923504 4834027.075479 -102470537.074221 -0.044133 -0.272328 0.029178 0.960749
1753905416.783285 16599951.923933 4834027.075147 -102470537.072674 -0.044092 -0.272426 0.029001 0.960728
1753905416.788287 16599951.923933 4834027.075147 -102470537.072674 -0.044092 -0.272426 0.029001 0.960728
1753905416.793288 16599951.923933 4834027.075147 -102470537.072674 -0.044092 -0.272426 0.029001 0.960728
1753905416.798289 16599951.923933 4834027.075147 -102470537.072674 -0.044092 -0.272426 0.029001 0.960728
1753905416.803291 16599951.923933 4834027.075147 -102470537.072674 -0.044092 -0.272426 0.029001 0.960728
1753905416.808292 16599951.923933 4834027.075147 -102470537.072674 -0.044092 -0.272426 0.029001 0.960728
1753905416.813293 16599951.923933 4834027.075147 -102470537.072674 -0.044092 -0.272426 0.029001 0.960728
1753905416.818294 16599951.923843 4834027.075151 -102470537.072115 -0.043960 -0.272445 0.028974 0.960730
1753905416.823295 16599951.923843 4834027.075151 -102470537.072115 -0.043960 -0.272445 0.028974 0.960730
1753905416.828296 16599951.923843 4834027.075151 -102470537.072115 -0.043960 -0.272445 0.028974 0.960730
1753905416.833298 16599951.923843 4834027.075151 -102470537.072115 -0.043960 -0.272445 0.028974 0.960730
1753905416.838299 16599951.923843 4834027.075151 -102470537.072115 -0.043960 -0.272445 0.028974 0.960730
1753905416.843300 16599951.923843 4834027.075151 -102470537.072115 -0.043960 -0.272445 0.028974 0.960730
1753905416.848301 16599951.923843 4834027.075151 -102470537.072115 -0.043960 -0.272445 0.028974 0.960730
1753905416.853303 16599951.923843 4834027.075151 -102470537.072115 -0.043960 -0.272445 0.028974 0.960730
1753905416.853773 16599951.923843 4834027.075151 -102470537.072115 -0.043960 -0.272445 0.028974 0.960730
1753905416.858305 16599951.923843 4834027.075151 -102470537.072115 -0.043960 -0.272445 0.028974 0.960730
1753905416.863305 16599951.923843 4834027.075151 -102470537.072115 -0.043960 -0.272445 0.028974 0.960730
1753905416.868306 16599951.923843 4834027.075151 -102470537.072115 -0.043960 -0.272445 0.028974 0.960730
1753905416.873308 16599951.923843 4834027.075151 -102470537.072115 -0.043960 -0.272445 0.028974 0.960730
1753905416.878310 16599951.923843 4834027.075151 -102470537.072115 -0.043960 -0.272445 0.028974 0.960730
1753905416.883310 16599951.923188 4834027.075322 -102470537.071035 -0.043524 -0.272432 0.029554 0.960736
1753905416.888312 16599951.923188 4834027.075322 -102470537.071035 -0.043524 -0.272432 0.029554 0.960736
1753905416.893313 16599951.923188 4834027.075322 -102470537.071035 -0.043524 -0.272432 0.029554 0.960736
1753905416.898314 16599951.923188 4834027.075322 -102470537.071035 -0.043524 -0.272432 0.029554 0.960736
1753905416.903315 16599951.923188 4834027.075322 -102470537.071035 -0.043524 -0.272432 0.029554 0.960736
1753905416.908317 16599951.923188 4834027.075322 -102470537.071035 -0.043524 -0.272432 0.029554 0.960736
1753905416.913317 16599951.923188 4834027.075322 -102470537.071035 -0.043524 -0.272432 0.029554 0.960736
1753905416.918319 16599951.919084 4834027.075396 -102470537.068336 nan nan nan nan
1753905416.923320 16599951.919084 4834027.075396 -102470537.068336 nan nan nan nan
1753905416.928321 16599951.919084 4834027.075396 -102470537.068336 nan nan nan nan
1753905416.933322 16599951.919084 4834027.075396 -102470537.068336 nan nan nan nan
1753905416.938324 16599951.919084 4834027.075396 -102470537.068336 nan nan nan nan
1753905416.943326 16599951.919084 4834027.075396 -102470537.068336 nan nan nan nan
1753905416.948326 16599951.919084 4834027.075396 -102470537.068336 nan nan nan nan
1753905416.953328 16599951.919084 4834027.075396 -102470537.068336 nan nan nan nan
1753905416.956622 16599951.919084 4834027.075396 -102470537.068336 nan nan nan nan
1753905416.958329 16599951.919084 4834027.075396 -102470537.068336 nan nan nan nan
1753905416.963330 16599951.919084 4834027.075396 -102470537.068336 nan nan nan nan
1753905416.968331 16599951.919084 4834027.075396 -102470537.068336 nan nan nan nan
1753905416.973333 16599951.919084 4834027.075396 -102470537.068336 nan nan nan nan
1753905416.978333 16599951.919084 4834027.075396 -102470537.068336 nan nan nan nan
1753905416.983335 16599951.923607 4834027.075474 -102470537.071804 -0.042866 -0.271871 0.030264 0.960902
1753905416.988336 16599951.923607 4834027.075474 -102470537.071804 -0.042866 -0.271871 0.030264 0.960902
1753905416.993338 16599951.923607 4834027.075474 -102470537.071804 -0.042866 -0.271871 0.030264 0.960902
1753905416.998338 16599951.923607 4834027.075474 -102470537.071804 -0.042866 -0.271871 0.030264 0.960902
1753905417.003340 16599951.923607 4834027.075474 -102470537.071804 -0.042866 -0.271871 0.030264 0.960902
1753905417.008341 16599951.923607 4834027.075474 -102470537.071804 -0.042866 -0.271871 0.030264 0.960902
1753905417.013343 16599951.923607 4834027.075474 -102470537.071804 -0.042866 -0.271871 0.030264 0.960902
1753905417.018343 16599951.923406 4834027.075574 -102470537.071806 -0.042856 -0.271680 0.030414 0.960952
1753905417.023345 16599951.923406 4834027.075574 -102470537.071806 -0.042856 -0.271680 0.030414 0.960952
1753905417.028346 16599951.923406 4834027.075574 -102470537.071806 -0.042856 -0.271680 0.030414 0.960952
1753905417.033348 16599951.923406 4834027.075574 -102470537.071806 -0.042856 -0.271680 0.030414 0.960952
1753905417.038348 16599951.923406 4834027.075574 -102470537.071806 -0.042856 -0.271680 0.030414 0.960952
1753905417.043350 16599951.923406 4834027.075574 -102470537.071806 -0.042856 -0.271680 0.030414 0.960952
1753905417.048352 16599951.923406 4834027.075574 -102470537.071806 -0.042856 -0.271680 0.030414 0.960952
1753905417.053353 16599951.923406 4834027.075574 -102470537.071806 -0.042856 -0.271680 0.030414 0.960952
1753905417.058354 16599951.923406 4834027.075574 -102470537.071806 -0.042856 -0.271680 0.030414 0.960952
1753905417.063355 16599951.923406 4834027.075574 -102470537.071806 -0.042856 -0.271680 0.030414 0.960952
1753905417.068357 16599951.923406 4834027.075574 -102470537.071806 -0.042856 -0.271680 0.030414 0.960952
1753905417.073357 16599951.923406 4834027.075574 -102470537.071806 -0.042856 -0.271680 0.030414 0.960952
1753905417.078359 16599951.923406 4834027.075574 -102470537.071806 -0.042856 -0.271680 0.030414 0.960952
1753905417.083360 16599951.922557 4834027.075182 -102470537.072094 -0.043343 -0.271707 0.030487 0.960920
1753905417.088362 16599951.922557 4834027.075182 -102470537.072094 -0.043343 -0.271707 0.030487 0.960920
1753905417.093362 16599951.922557 4834027.075182 -102470537.072094 -0.043343 -0.271707 0.030487 0.960920
1753905417.098364 16599951.922557 4834027.075182 -102470537.072094 -0.043343 -0.271707 0.030487 0.960920
1753905417.103365 16599951.922557 4834027.075182 -102470537.072094 -0.043343 -0.271707 0.030487 0.960920
1753905417.108366 16599951.922557 4834027.075182 -102470537.072094 -0.043343 -0.271707 0.030487 0.960920
1753905417.113368 16599951.922557 4834027.075182 -102470537.072094 -0.043343 -0.271707 0.030487 0.960920
1753905417.118369 16599951.923509 4834027.075042 -102470537.073270 -0.043327 -0.271979 0.030449 0.960845
1753905417.123370 16599951.923509 4834027.075042 -102470537.073270 -0.043327 -0.271979 0.030449 0.960845
1753905417.128371 16599951.923509 4834027.075042 -102470537.073270 -0.043327 -0.271979 0.030449 0.960845
1753905417.133373 16599951.923509 4834027.075042 -102470537.073270 -0.043327 -0.271979 0.030449 0.960845
1753905417.138374 16599951.923509 4834027.075042 -102470537.073270 -0.043327 -0.271979 0.030449 0.960845
1753905417.143375 16599951.923509 4834027.075042 -102470537.073270 -0.043327 -0.271979 0.030449 0.960845
1753905417.148376 16599951.923509 4834027.075042 -102470537.073270 -0.043327 -0.271979 0.030449 0.960845
1753905417.153378 16599951.923509 4834027.075042 -102470537.073270 -0.043327 -0.271979 0.030449 0.960845
1753905417.158379 16599951.923509 4834027.075042 -102470537.073270 -0.043327 -0.271979 0.030449 0.960845
1753905417.163380 16599951.923509 4834027.075042 -102470537.073270 -0.043327 -0.271979 0.030449 0.960845
1753905417.168382 16599951.923509 4834027.075042 -102470537.073270 -0.043327 -0.271979 0.030449 0.960845
1753905417.169667 16599951.923509 4834027.075042 -102470537.073270 -0.043327 -0.271979 0.030449 0.960845
1753905417.173383 16599951.923509 4834027.075042 -102470537.073270 -0.043327 -0.271979 0.030449 0.960845
1753905417.178384 16599951.923509 4834027.075042 -102470537.073270 -0.043327 -0.271979 0.030449 0.960845
1753905417.183385 16599951.924044 4834027.075007 -102470537.075676 nan nan nan nan
1753905417.188385 16599951.924044 4834027.075007 -102470537.075676 nan nan nan nan
1753905417.193387 16599951.924044 4834027.075007 -102470537.075676 nan nan nan nan
1753905417.198389 16599951.924044 4834027.075007 -102470537.075676 nan nan nan nan
1753905417.203390 16599951.924044 4834027.075007 -102470537.075676 nan nan nan nan
1753905417.208391 16599951.924044 4834027.075007 -102470537.075676 nan nan nan nan
1753905417.213392 16599951.924044 4834027.075007 -102470537.075676 nan nan nan nan
1753905417.218394 16599951.923257 4834027.075472 -102470537.072502 -0.043665 -0.272052 0.030603 0.960804
1753905417.223395 16599951.923257 4834027.075472 -102470537.072502 -0.043665 -0.272052 0.030603 0.960804
1753905417.228396 16599951.923257 4834027.075472 -102470537.072502 -0.043665 -0.272052 0.030603 0.960804
1753905417.233397 16599951.923257 4834027.075472 -102470537.072502 -0.043665 -0.272052 0.030603 0.960804
1753905417.238399 16599951.923257 4834027.075472 -102470537.072502 -0.043665 -0.272052 0.030603 0.960804
1753905417.243399 16599951.923257 4834027.075472 -102470537.072502 -0.043665 -0.272052 0.030603 0.960804
1753905417.248401 16599951.923257 4834027.075472 -102470537.072502 -0.043665 -0.272052 0.030603 0.960804
1753905417.253403 16599951.923257 4834027.075472 -102470537.072502 -0.043665 -0.272052 0.030603 0.960804
1753905417.258404 16599951.923257 4834027.075472 -102470537.072502 -0.043665 -0.272052 0.030603 0.960804
1753905417.263405 16599951.923257 4834027.075472 -102470537.072502 -0.043665 -0.272052 0.030603 0.960804
1753905417.268406 16599951.923257 4834027.075472 -102470537.072502 -0.043665 -0.272052 0.030603 0.960804
1753905417.273408 16599951.923257 4834027.075472 -102470537.072502 -0.043665 -0.272052 0.030603 0.960804
1753905417.273435 16599951.923257 4834027.075472 -102470537.072502 -0.043665 -0.272052 0.030603 0.960804
1753905417.278409 16599951.923257 4834027.075472 -102470537.072502 -0.043665 -0.272052 0.030603 0.960804
1753905417.283410 16599951.924179 4834027.074609 -102470537.072952 -0.043687 -0.272231 0.030882 0.960743
1753905417.288412 16599951.924179 4834027.074609 -102470537.072952 -0.043687 -0.272231 0.030882 0.960743
1753905417.293413 16599951.924179 4834027.074609 -102470537.072952 -0.043687 -0.272231 0.030882 0.960743
1753905417.298414 16599951.924179 4834027.074609 -102470537.072952 -0.043687 -0.272231 0.030882 0.960743
1753905417.303415 16599951.924179 4834027.074609 -102470537.072952 -0.043687 -0.272231 0.030882 0.960743
1753905417.308417 16599951.924179 4834027.074609 -102470537.072952 -0.043687 -0.272231 0.030882 0.960743
1753905417.313417 16599951.924179 4834027.074609 -102470537.072952 -0.043687 -0.272231 0.030882 0.960743
1753905417.318419 16599951.924040 4834027.074557 -102470537.072968 -0.043512 -0.272327 0.031153 0.960715
1753905417.323421 16599951.924040 4834027.074557 -102470537.072968 -0.043512 -0.272327 0.031153 0.960715
1753905417.328422 16599951.924040 4834027.074557 -102470537.072968 -0.043512 -0.272327 0.031153 0.960715
1753905417.333423 16599951.924040 4834027.074557 -102470537.072968 -0.043512 -0.272327 0.031153 0.960715
1753905417.338424 16599951.924040 4834027.074557 -102470537.072968 -0.043512 -0.272327 0.031153 0.960715
1753905417.343426 16599951.924040 4834027.074557 -102470537.072968 -0.043512 -0.272327 0.031153 0.960715
1753905417.348428 16599951.924040 4834027.074557 -102470537.072968 -0.043512 -0.272327 0.031153 0.960715
1753905417.353428 16599951.924040 4834027.074557 -102470537.072968 -0.043512 -0.272327 0.031153 0.960715
1753905417.358430 16599951.924040 4834027.074557 -102470537.072968 -0.043512 -0.272327 0.031153 0.960715
1753905417.363431 16599951.924040 4834027.074557 -102470537.072968 -0.043512 -0.272327 0.031153 0.960715
1753905417.368432 16599951.924040 4834027.074557 -102470537.072968 -0.043512 -0.272327 0.031153 0.960715
1753905417.373433 16599951.924040 4834027.074557 -102470537.072968 -0.043512 -0.272327 0.031153 0.960715
1753905417.376284 16599951.924040 4834027.074557 -102470537.072968 -0.043512 -0.272327 0.031153 0.960715
1753905417.378435 16599951.924040 4834027.074557 -102470537.072968 -0.043512 -0.272327 0.031153 0.960715
1753905417.382130 16599951.923142 4834027.074709 -102470537.074590 -0.043359 -0.272385 0.031278 0.960702
1753905417.383436 16599951.923142 4834027.074709 -102470537.074590 -0.043359 -0.272385 0.031278 0.960702
1753905417.388437 16599951.923142 4834027.074709 -102470537.074590 -0.043359 -0.272385 0.031278 0.960702
1753905417.393439 16599951.923142 4834027.074709 -102470537.074590 -0.043359 -0.272385 0.031278 0.960702
1753905417.398440 16599951.923142 4834027.074709 -102470537.074590 -0.043359 -0.272385 0.031278 0.960702
1753905417.403441 16599951.923142 4834027.074709 -102470537.074590 -0.043359 -0.272385 0.031278 0.960702
1753905417.408442 16599951.923142 4834027.074709 -102470537.074590 -0.043359 -0.272385 0.031278 0.960702
1753905417.413444 16599951.923142 4834027.074709 -102470537.074590 -0.043359 -0.272385 0.031278 0.960702
1753905417.418446 16599951.921700 4834027.074833 -102470537.075361 -0.043287 -0.272117 0.031182 0.960784
1753905417.423446 16599951.921700 4834027.074833 -102470537.075361 -0.043287 -0.272117 0.031182 0.960784
1753905417.428448 16599951.921700 4834027.074833 -102470537.075361 -0.043287 -0.272117 0.031182 0.960784
1753905417.433450 16599951.921700 4834027.074833 -102470537.075361 -0.043287 -0.272117 0.031182 0.960784
1753905417.438450 16599951.921700 4834027.074833 -102470537.075361 -0.043287 -0.272117 0.031182 0.960784
1753905417.443451 16599951.921700 4834027.074833 -102470537.075361 -0.043287 -0.272117 0.031182 0.960784
1753905417.448453 16599951.921700 4834027.074833 -102470537.075361 -0.043287 -0.272117 0.031182 0.960784
1753905417.453454 16599951.921700 4834027.074833 -102470537.075361 -0.043287 -0.272117 0.031182 0.960784
1753905417.458455 16599951.921700 4834027.074833 -102470537.075361 -0.043287 -0.272117 0.031182 0.960784
1753905417.463457 16599951.921700 4834027.074833 -102470537.075361 -0.043287 -0.272117 0.031182 0.960784
1753905417.468458 16599951.921700 4834027.074833 -102470537.075361 -0.043287 -0.272117 0.031182 0.960784
1753905417.473459 16599951.921700 4834027.074833 -102470537.075361 -0.043287 -0.272117 0.031182 0.960784
1753905417.478461 16599951.921700 4834027.074833 -102470537.075361 -0.043287 -0.272117 0.031182 0.960784
1753905417.483462 16599951.925763 4834027.074120 -102470537.072548 -0.043658 -0.272406 0.031001 0.960691
1753905417.488464 16599951.925763 4834027.074120 -102470537.072548 -0.043658 -0.272406 0.031001 0.960691
1753905417.493464 16599951.925763 4834027.074120 -102470537.072548 -0.043658 -0.272406 0.031001 0.960691
1753905417.498466 16599951.925763 4834027.074120 -102470537.072548 -0.043658 -0.272406 0.031001 0.960691
1753905417.503468 16599951.925763 4834027.074120 -102470537.072548 -0.043658 -0.272406 0.031001 0.960691
1753905417.508468 16599951.925763 4834027.074120 -102470537.072548 -0.043658 -0.272406 0.031001 0.960691
1753905417.513470 16599951.925763 4834027.074120 -102470537.072548 -0.043658 -0.272406 0.031001 0.960691
1753905417.518471 16599951.925941 4834027.074343 -102470537.072077 -0.043753 -0.272587 0.030747 0.960644
1753905417.523473 16599951.925941 4834027.074343 -102470537.072077 -0.043753 -0.272587 0.030747 0.960644
1753905417.528473 16599951.925941 4834027.074343 -102470537.072077 -0.043753 -0.272587 0.030747 0.960644
1753905417.533475 16599951.925941 4834027.074343 -102470537.072077 -0.043753 -0.272587 0.030747 0.960644
1753905417.538476 16599951.925941 4834027.074343 -102470537.072077 -0.043753 -0.272587 0.030747 0.960644
1753905417.543477 16599951.925941 4834027.074343 -102470537.072077 -0.043753 -0.272587 0.030747 0.960644
1753905417.548479 16599951.925941 4834027.074343 -102470537.072077 -0.043753 -0.272587 0.030747 0.960644
1753905417.553480 16599951.925941 4834027.074343 -102470537.072077 -0.043753 -0.272587 0.030747 0.960644
1753905417.558482 16599951.925941 4834027.074343 -102470537.072077 -0.043753 -0.272587 0.030747 0.960644
1753905417.563482 16599951.925941 4834027.074343 -102470537.072077 -0.043753 -0.272587 0.030747 0.960644
1753905417.568484 16599951.925941 4834027.074343 -102470537.072077 -0.043753 -0.272587 0.030747 0.960644
1753905417.573486 16599951.925941 4834027.074343 -102470537.072077 -0.043753 -0.272587 0.030747 0.960644
1753905417.578486 16599951.925941 4834027.074343 -102470537.072077 -0.043753 -0.272587 0.030747 0.960644
1753905417.583488 16599951.927277 4834027.073948 -102470537.072302 -0.043842 -0.272485 0.030154 0.960687
1753905417.588489 16599951.927277 4834027.073948 -102470537.072302 -0.043842 -0.272485 0.030154 0.960687
1753905417.593491 16599951.927277 4834027.073948 -102470537.072302 -0.043842 -0.272485 0.030154 0.960687
1753905417.598491 16599951.927277 4834027.073948 -102470537.072302 -0.043842 -0.272485 0.030154 0.960687
1753905417.603493 16599951.927277 4834027.073948 -102470537.072302 -0.043842 -0.272485 0.030154 0.960687
1753905417.608495 16599951.927277 4834027.073948 -102470537.072302 -0.043842 -0.272485 0.030154 0.960687
1753905417.613496 16599951.927277 4834027.073948 -102470537.072302 -0.043842 -0.272485 0.030154 0.960687
1753905417.618497 16599951.927277 4834027.073948 -102470537.072302 -0.043842 -0.272485 0.030154 0.960687
1753905417.623498 16599951.927277 4834027.073948 -102470537.072302 -0.043842 -0.272485 0.030154 0.960687
1753905417.628499 16599951.927277 4834027.073948 -102470537.072302 -0.043842 -0.272485 0.030154 0.960687
1753905417.633500 16599951.927277 4834027.073948 -102470537.072302 -0.043842 -0.272485 0.030154 0.960687
1753905417.638502 16599951.927277 4834027.073948 -102470537.072302 -0.043842 -0.272485 0.030154 0.960687
1753905417.643504 16599951.927277 4834027.073948 -102470537.072302 -0.043842 -0.272485 0.030154 0.960687
1753905417.648504 16599951.927277 4834027.073948 -102470537.072302 -0.043842 -0.272485 0.030154 0.960687
1753905417.653506 16599951.927298 4834027.073883 -102470537.071508 -0.044460 -0.272471 0.029611 0.960680
1753905417.658507 16599951.927298 4834027.073883 -102470537.071508 -0.044460 -0.272471 0.029611 0.960680
1753905417.663509 16599951.927298 4834027.073883 -102470537.071508 -0.044460 -0.272471 0.029611 0.960680
1753905417.668509 16599951.927298 4834027.073883 -102470537.071508 -0.044460 -0.272471 0.029611 0.960680
1753905417.673511 16599951.927298 4834027.073883 -102470537.071508 -0.044460 -0.272471 0.029611 0.960680
1753905417.678513 16599951.927298 4834027.073883 -102470537.071508 -0.044460 -0.272471 0.029611 0.960680
1753905417.683513 16599951.924280 4834027.075404 -102470537.074926 -0.044576 -0.272429 0.029068 0.960703
1753905417.688515 16599951.924280 4834027.075404 -102470537.074926 -0.044576 -0.272429 0.029068 0.960703
1753905417.693516 16599951.924280 4834027.075404 -102470537.074926 -0.044576 -0.272429 0.029068 0.960703
1753905417.698518 16599951.924280 4834027.075404 -102470537.074926 -0.044576 -0.272429 0.029068 0.960703
1753905417.703518 16599951.924280 4834027.075404 -102470537.074926 -0.044576 -0.272429 0.029068 0.960703
1753905417.708520 16599951.924280 4834027.075404 -102470537.074926 -0.044576 -0.272429 0.029068 0.960703
1753905417.713522 16599951.924280 4834027.075404 -102470537.074926 -0.044576 -0.272429 0.029068 0.960703
1753905417.718522 16599951.924280 4834027.075404 -102470537.074926 -0.044576 -0.272429 0.029068 0.960703
1753905417.723524 16599951.924280 4834027.075404 -102470537.074926 -0.044576 -0.272429 0.029068 0.960703
1753905417.728526 16599951.924280 4834027.075404 -102470537.074926 -0.044576 -0.272429 0.029068 0.960703
1753905417.733526 16599951.924280 4834027.075404 -102470537.074926 -0.044576 -0.272429 0.029068 0.960703
1753905417.738528 16599951.924280 4834027.075404 -102470537.074926 -0.044576 -0.272429 0.029068 0.960703
1753905417.743529 16599951.924280 4834027.075404 -102470537.074926 -0.044576 -0.272429 0.029068 0.960703
1753905417.748531 16599951.924280 4834027.075404 -102470537.074926 -0.044576 -0.272429 0.029068 0.960703
1753905417.753531 16599951.923285 4834027.075329 -102470537.074952 -0.044665 -0.272755 0.029142 0.960604
1753905417.758533 16599951.923285 4834027.075329 -102470537.074952 -0.044665 -0.272755 0.029142 0.960604
1753905417.763535 16599951.923285 4834027.075329 -102470537.074952 -0.044665 -0.272755 0.029142 0.960604
1753905417.768535 16599951.923285 4834027.075329 -102470537.074952 -0.044665 -0.272755 0.029142 0.960604
1753905417.773536 16599951.923285 4834027.075329 -102470537.074952 -0.044665 -0.272755 0.029142 0.960604
1753905417.778538 16599951.923285 4834027.075329 -102470537.074952 -0.044665 -0.272755 0.029142 0.960604
1753905417.783540 16599951.922533 4834027.075341 -102470537.074359 -0.044597 -0.272629 0.029017 0.960647
1753905417.788540 16599951.922533 4834027.075341 -102470537.074359 -0.044597 -0.272629 0.029017 0.960647
1753905417.793542 16599951.922533 4834027.075341 -102470537.074359 -0.044597 -0.272629 0.029017 0.960647
1753905417.798544 16599951.922533 4834027.075341 -102470537.074359 -0.044597 -0.272629 0.029017 0.960647
1753905417.803545 16599951.922533 4834027.075341 -102470537.074359 -0.044597 -0.272629 0.029017 0.960647
1753905417.808546 16599951.922533 4834027.075341 -102470537.074359 -0.044597 -0.272629 0.029017 0.960647
1753905417.813547 16599951.922533 4834027.075341 -102470537.074359 -0.044597 -0.272629 0.029017 0.960647
1753905417.818548 16599951.922533 4834027.075341 -102470537.074359 -0.044597 -0.272629 0.029017 0.960647
1753905417.823550 16599951.922533 4834027.075341 -102470537.074359 -0.044597 -0.272629 0.029017 0.960647
1753905417.828551 16599951.922533 4834027.075341 -102470537.074359 -0.044597 -0.272629 0.029017 0.960647
1753905417.833553 16599951.922533 4834027.075341 -102470537.074359 -0.044597 -0.272629 0.029017 0.960647
1753905417.833597 16599951.922533 4834027.075341 -102470537.074359 -0.044597 -0.272629 0.029017 0.960647
1753905417.838553 16599951.922533 4834027.075341 -102470537.074359 -0.044597 -0.272629 0.029017 0.960647
1753905417.843555 16599951.922533 4834027.075341 -102470537.074359 -0.044597 -0.272629 0.029017 0.960647
1753905417.848556 16599951.922533 4834027.075341 -102470537.074359 -0.044597 -0.272629 0.029017 0.960647
1753905417.853557 16599951.921829 4834027.075444 -102470537.073713 -0.044699 -0.272062 0.028860 0.960808
1753905417.858559 16599951.921829 4834027.075444 -102470537.073713 -0.044699 -0.272062 0.028860 0.960808
1753905417.863560 16599951.921829 4834027.075444 -102470537.073713 -0.044699 -0.272062 0.028860 0.960808
1753905417.868562 16599951.921829 4834027.075444 -102470537.073713 -0.044699 -0.272062 0.028860 0.960808
1753905417.873562 16599951.921829 4834027.075444 -102470537.073713 -0.044699 -0.272062 0.028860 0.960808
1753905417.878564 16599951.921829 4834027.075444 -102470537.073713 -0.044699 -0.272062 0.028860 0.960808
1753905417.883565 16599951.922092 4834027.075294 -102470537.073670 -0.044875 -0.272113 0.028890 0.960784
1753905417.888567 16599951.922092 4834027.075294 -102470537.073670 -0.044875 -0.272113 0.028890 0.960784
1753905417.893568 16599951.922092 4834027.075294 -102470537.073670 -0.044875 -0.272113 0.028890 0.960784
1753905417.898569 16599951.922092 4834027.075294 -102470537.073670 -0.044875 -0.272113 0.028890 0.960784
1753905417.903571 16599951.922092 4834027.075294 -102470537.073670 -0.044875 -0.272113 0.028890 0.960784
1753905417.908571 16599951.922092 4834027.075294 -102470537.073670 -0.044875 -0.272113 0.028890 0.960784
1753905417.913573 16599951.922092 4834027.075294 -102470537.073670 -0.044875 -0.272113 0.028890 0.960784
1753905417.918574 16599951.922092 4834027.075294 -102470537.073670 -0.044875 -0.272113 0.028890 0.960784
1753905417.923576 16599951.922092 4834027.075294 -102470537.073670 -0.044875 -0.272113 0.028890 0.960784
1753905417.928577 16599951.922092 4834027.075294 -102470537.073670 -0.044875 -0.272113 0.028890 0.960784
1753905417.933578 16599951.922092 4834027.075294 -102470537.073670 -0.044875 -0.272113 0.028890 0.960784
1753905417.936446 16599951.922092 4834027.075294 -102470537.073670 -0.044875 -0.272113 0.028890 0.960784
1753905417.938580 16599951.922092 4834027.075294 -102470537.073670 -0.044875 -0.272113 0.028890 0.960784
1753905417.943580 16599951.922092 4834027.075294 -102470537.073670 -0.044875 -0.272113 0.028890 0.960784
1753905417.948582 16599951.922092 4834027.075294 -102470537.073670 -0.044875 -0.272113 0.028890 0.960784
1753905417.953584 16599951.921899 4834027.075026 -102470537.071791 -0.044440 -0.272329 0.028821 0.960745
1753905417.958585 16599951.921899 4834027.075026 -102470537.071791 -0.044440 -0.272329 0.028821 0.960745
1753905417.963586 16599951.921899 4834027.075026 -102470537.071791 -0.044440 -0.272329 0.028821 0.960745
1753905417.968587 16599951.921899 4834027.075026 -102470537.071791 -0.044440 -0.272329 0.028821 0.960745
1753905417.973589 16599951.921899 4834027.075026 -102470537.071791 -0.044440 -0.272329 0.028821 0.960745
1753905417.978590 16599951.921899 4834027.075026 -102470537.071791 -0.044440 -0.272329 0.028821 0.960745
1753905417.983591 16599951.924282 4834027.075382 -102470537.071887 -0.044540 -0.272497 0.029044 0.960686
1753905417.988593 16599951.924282 4834027.075382 -102470537.071887 -0.044540 -0.272497 0.029044 0.960686
1753905417.993593 16599951.924282 4834027.075382 -102470537.071887 -0.044540 -0.272497 0.029044 0.960686
1753905417.998595 16599951.924282 4834027.075382 -102470537.071887 -0.044540 -0.272497 0.029044 0.960686
1753905418.003596 16599951.924282 4834027.075382 -102470537.071887 -0.044540 -0.272497 0.029044 0.960686
1753905418.008597 16599951.924282 4834027.075382 -102470537.071887 -0.044540 -0.272497 0.029044 0.960686
1753905418.013598 16599951.924282 4834027.075382 -102470537.071887 -0.044540 -0.272497 0.029044 0.960686
1753905418.018600 16599951.924282 4834027.075382 -102470537.071887 -0.044540 -0.272497 0.029044 0.960686
1753905418.023602 16599951.924282 4834027.075382 -102470537.071887 -0.044540 -0.272497 0.029044 0.960686
1753905418.028602 16599951.924282 4834027.075382 -102470537.071887 -0.044540 -0.272497 0.029044 0.960686
1753905418.033604 16599951.924282 4834027.075382 -102470537.071887 -0.044540 -0.272497 0.029044 0.960686
1753905418.038605 16599951.924282 4834027.075382 -102470537.071887 -0.044540 -0.272497 0.029044 0.960686
1753905418.040214 16599951.924282 4834027.075382 -102470537.071887 -0.044540 -0.272497 0.029044 0.960686
1753905418.043607 16599951.924282 4834027.075382 -102470537.071887 -0.044540 -0.272497 0.029044 0.960686
1753905418.048608 16599951.924282 4834027.075382 -102470537.071887 -0.044540 -0.272497 0.029044 0.960686
1753905418.053609 16599951.925213 4834027.075396 -102470537.073232 -0.044500 -0.272146 0.029015 0.960788
1753905418.058611 16599951.925213 4834027.075396 -102470537.073232 -0.044500 -0.272146 0.029015 0.960788
1753905418.063612 16599951.925213 4834027.075396 -102470537.073232 -0.044500 -0.272146 0.029015 0.960788
1753905418.068613 16599951.925213 4834027.075396 -102470537.073232 -0.044500 -0.272146 0.029015 0.960788
1753905418.073614 16599951.925213 4834027.075396 -102470537.073232 -0.044500 -0.272146 0.029015 0.960788
1753905418.078616 16599951.925213 4834027.075396 -102470537.073232 -0.044500 -0.272146 0.029015 0.960788
1753905418.083616 16599951.924449 4834027.075323 -102470537.072649 -0.044637 -0.272143 0.029191 0.960778
1753905418.088618 16599951.924449 4834027.075323 -102470537.072649 -0.044637 -0.272143 0.029191 0.960778
1753905418.093620 16599951.924449 4834027.075323 -102470537.072649 -0.044637 -0.272143 0.029191 0.960778
1753905418.098621 16599951.924449 4834027.075323 -102470537.072649 -0.044637 -0.272143 0.029191 0.960778
1753905418.103622 16599951.924449 4834027.075323 -102470537.072649 -0.044637 -0.272143 0.029191 0.960778
1753905418.108623 16599951.924449 4834027.075323 -102470537.072649 -0.044637 -0.272143 0.029191 0.960778
1753905418.113624 16599951.924449 4834027.075323 -102470537.072649 -0.044637 -0.272143 0.029191 0.960778
1753905418.118626 16599951.924449 4834027.075323 -102470537.072649 -0.044637 -0.272143 0.029191 0.960778
1753905418.123627 16599951.924449 4834027.075323 -102470537.072649 -0.044637 -0.272143 0.029191 0.960778
1753905418.128629 16599951.924449 4834027.075323 -102470537.072649 -0.044637 -0.272143 0.029191 0.960778
1753905418.133631 16599951.924449 4834027.075323 -102470537.072649 -0.044637 -0.272143 0.029191 0.960778
1753905418.138631 16599951.924449 4834027.075323 -102470537.072649 -0.044637 -0.272143 0.029191 0.960778
1753905418.143632 16599951.924449 4834027.075323 -102470537.072649 -0.044637 -0.272143 0.029191 0.960778
1753905418.148634 16599951.924449 4834027.075323 -102470537.072649 -0.044637 -0.272143 0.029191 0.960778
1753905418.153635 16599951.924701 4834027.075502 -102470537.073074 -0.044851 -0.272567 0.029466 0.960639
1753905418.158636 16599951.924701 4834027.075502 -102470537.073074 -0.044851 -0.272567 0.029466 0.960639
1753905418.160511 16599951.924701 4834027.075502 -102470537.073074 -0.044851 -0.272567 0.029466 0.960639
1753905418.163638 16599951.924701 4834027.075502 -102470537.073074 -0.044851 -0.272567 0.029466 0.960639
1753905418.168638 16599951.924701 4834027.075502 -102470537.073074 -0.044851 -0.272567 0.029466 0.960639
1753905418.173640 16599951.924701 4834027.075502 -102470537.073074 -0.044851 -0.272567 0.029466 0.960639
1753905418.178641 16599951.924701 4834027.075502 -102470537.073074 -0.044851 -0.272567 0.029466 0.960639
1753905418.183643 16599951.923943 4834027.075592 -102470537.074455 -0.044866 -0.272591 0.029474 0.960631
1753905418.188644 16599951.923943 4834027.075592 -102470537.074455 -0.044866 -0.272591 0.029474 0.960631
1753905418.193645 16599951.923943 4834027.075592 -102470537.074455 -0.044866 -0.272591 0.029474 0.960631
1753905418.198647 16599951.923943 4834027.075592 -102470537.074455 -0.044866 -0.272591 0.029474 0.960631
1753905418.203647 16599951.923943 4834027.075592 -102470537.074455 -0.044866 -0.272591 0.029474 0.960631
1753905418.208649 16599951.923943 4834027.075592 -102470537.074455 -0.044866 -0.272591 0.029474 0.960631
1753905418.213650 16599951.923943 4834027.075592 -102470537.074455 -0.044866 -0.272591 0.029474 0.960631
1753905418.218652 16599951.923943 4834027.075592 -102470537.074455 -0.044866 -0.272591 0.029474 0.960631
1753905418.223653 16599951.923943 4834027.075592 -102470537.074455 -0.044866 -0.272591 0.029474 0.960631
1753905418.228654 16599951.923943 4834027.075592 -102470537.074455 -0.044866 -0.272591 0.029474 0.960631
1753905418.233656 16599951.923943 4834027.075592 -102470537.074455 -0.044866 -0.272591 0.029474 0.960631
1753905418.238656 16599951.923943 4834027.075592 -102470537.074455 -0.044866 -0.272591 0.029474 0.960631
1753905418.243658 16599951.923943 4834027.075592 -102470537.074455 -0.044866 -0.272591 0.029474 0.960631
1753905418.248659 16599951.923943 4834027.075592 -102470537.074455 -0.044866 -0.272591 0.029474 0.960631
1753905418.253661 16599951.923438 4834027.074894 -102470537.070231 -0.044800 -0.272512 0.029723 0.960649
1753905418.258662 16599951.923438 4834027.074894 -102470537.070231 -0.044800 -0.272512 0.029723 0.960649
1753905418.263360 16599951.923438 4834027.074894 -102470537.070231 -0.044800 -0.272512 0.029723 0.960649
1753905418.263663 16599951.923438 4834027.074894 -102470537.070231 -0.044800 -0.272512 0.029723 0.960649
1753905418.268665 16599951.923438 4834027.074894 -102470537.070231 -0.044800 -0.272512 0.029723 0.960649
1753905418.273667 16599951.923438 4834027.074894 -102470537.070231 -0.044800 -0.272512 0.029723 0.960649
1753905418.278667 16599951.923438 4834027.074894 -102470537.070231 -0.044800 -0.272512 0.029723 0.960649
1753905418.283669 16599951.923199 4834027.074892 -102470537.069412 -0.045004 -0.272591 0.029940 0.960610
1753905418.288670 16599951.923199 4834027.074892 -102470537.069412 -0.045004 -0.272591 0.029940 0.960610
1753905418.293671 16599951.923199 4834027.074892 -102470537.069412 -0.045004 -0.272591 0.029940 0.960610
1753905418.298672 16599951.923199 4834027.074892 -102470537.069412 -0.045004 -0.272591 0.029940 0.960610
1753905418.303674 16599951.923199 4834027.074892 -102470537.069412 -0.045004 -0.272591 0.029940 0.960610
1753905418.308675 16599951.923199 4834027.074892 -102470537.069412 -0.045004 -0.272591 0.029940 0.960610
1753905418.313676 16599951.923199 4834027.074892 -102470537.069412 -0.045004 -0.272591 0.029940 0.960610
1753905418.318678 16599951.923199 4834027.074892 -102470537.069412 -0.045004 -0.272591 0.029940 0.960610
1753905418.323679 16599951.923199 4834027.074892 -102470537.069412 -0.045004 -0.272591 0.029940 0.960610
1753905418.328680 16599951.923199 4834027.074892 -102470537.069412 -0.045004 -0.272591 0.029940 0.960610
1753905418.333682 16599951.923199 4834027.074892 -102470537.069412 -0.045004 -0.272591 0.029940 0.960610
1753905418.338683 16599951.923199 4834027.074892 -102470537.069412 -0.045004 -0.272591 0.029940 0.960610
1753905418.343685 16599951.923199 4834027.074892 -102470537.069412 -0.045004 -0.272591 0.029940 0.960610
1753905418.348686 16599951.923199 4834027.074892 -102470537.069412 -0.045004 -0.272591 0.029940 0.960610
1753905418.353687 16599951.923053 4834027.076162 -102470537.071671 -0.045017 -0.272861 0.029728 0.960540
1753905418.358688 16599951.923053 4834027.076162 -102470537.071671 -0.045017 -0.272861 0.029728 0.960540
1753905418.363689 16599951.923053 4834027.076162 -102470537.071671 -0.045017 -0.272861 0.029728 0.960540
1753905418.368691 16599951.923053 4834027.076162 -102470537.071671 -0.045017 -0.272861 0.029728 0.960540
1753905418.373693 16599951.923053 4834027.076162 -102470537.071671 -0.045017 -0.272861 0.029728 0.960540
1753905418.378694 16599951.923053 4834027.076162 -102470537.071671 -0.045017 -0.272861 0.029728 0.960540
1753905418.382364 16599951.923611 4834027.076318 -102470537.071217 -0.044937 -0.272952 0.029766 0.960516
1753905418.383695 16599951.923611 4834027.076318 -102470537.071217 -0.044937 -0.272952 0.029766 0.960516
1753905418.388696 16599951.923611 4834027.076318 -102470537.071217 -0.044937 -0.272952 0.029766 0.960516
1753905418.393698 16599951.923611 4834027.076318 -102470537.071217 -0.044937 -0.272952 0.029766 0.960516
1753905418.398699 16599951.923611 4834027.076318 -102470537.071217 -0.044937 -0.272952 0.029766 0.960516
1753905418.403700 16599951.923611 4834027.076318 -102470537.071217 -0.044937 -0.272952 0.029766 0.960516
1753905418.408702 16599951.923611 4834027.076318 -102470537.071217 -0.044937 -0.272952 0.029766 0.960516
1753905418.413702 16599951.923611 4834027.076318 -102470537.071217 -0.044937 -0.272952 0.029766 0.960516
1753905418.418704 16599951.924566 4834027.075623 -102470537.067211 -0.044924 -0.273007 0.030070 0.960492
1753905418.423706 16599951.924566 4834027.075623 -102470537.067211 -0.044924 -0.273007 0.030070 0.960492
1753905418.428707 16599951.924566 4834027.075623 -102470537.067211 -0.044924 -0.273007 0.030070 0.960492
1753905418.433708 16599951.924566 4834027.075623 -102470537.067211 -0.044924 -0.273007 0.030070 0.960492
1753905418.438709 16599951.924566 4834027.075623 -102470537.067211 -0.044924 -0.273007 0.030070 0.960492
1753905418.443711 16599951.924566 4834027.075623 -102470537.067211 -0.044924 -0.273007 0.030070 0.960492
1753905418.448713 16599951.924566 4834027.075623 -102470537.067211 -0.044924 -0.273007 0.030070 0.960492
1753905418.453713 16599951.924566 4834027.075623 -102470537.067211 -0.044924 -0.273007 0.030070 0.960492
1753905418.458715 16599951.924566 4834027.075623 -102470537.067211 -0.044924 -0.273007 0.030070 0.960492
1753905418.463716 16599951.924566 4834027.075623 -102470537.067211 -0.044924 -0.273007 0.030070 0.960492
1753905418.468717 16599951.924566 4834027.075623 -102470537.067211 -0.044924 -0.273007 0.030070 0.960492
1753905418.473719 16599951.924566 4834027.075623 -102470537.067211 -0.044924 -0.273007 0.030070 0.960492
1753905418.478720 16599951.924566 4834027.075623 -102470537.067211 -0.044924 -0.273007 0.030070 0.960492
1753905418.483721 16599951.922906 4834027.076439 -102470537.072491 -0.045163 -0.272620 0.029816 0.960599
1753905418.486507 16599951.922906 4834027.076439 -102470537.072491 -0.045163 -0.272620 0.029816 0.960599
1753905418.488722 16599951.922906 4834027.076439 -102470537.072491 -0.045163 -0.272620 0.029816 0.960599
1753905418.493724 16599951.922906 4834027.076439 -102470537.072491 -0.045163 -0.272620 0.029816 0.960599
1753905418.498726 16599951.922906 4834027.076439 -102470537.072491 -0.045163 -0.272620 0.029816 0.960599
1753905418.503726 16599951.922906 4834027.076439 -102470537.072491 -0.045163 -0.272620 0.029816 0.960599
1753905418.508728 16599951.922906 4834027.076439 -102470537.072491 -0.045163 -0.272620 0.029816 0.960599
1753905418.513730 16599951.922906 4834027.076439 -102470537.072491 -0.045163 -0.272620 0.029816 0.960599
1753905418.518730 16599951.924036 4834027.075530 -102470537.073505 -0.045063 -0.272883 0.029930 0.960525
1753905418.523732 16599951.924036 4834027.075530 -102470537.073505 -0.045063 -0.272883 0.029930 0.960525
1753905418.528733 16599951.924036 4834027.075530 -102470537.073505 -0.045063 -0.272883 0.029930 0.960525
1753905418.533735 16599951.924036 4834027.075530 -102470537.073505 -0.045063 -0.272883 0.029930 0.960525
1753905418.538737 16599951.924036 4834027.075530 -102470537.073505 -0.045063 -0.272883 0.029930 0.960525
1753905418.543737 16599951.924036 4834027.075530 -102470537.073505 -0.045063 -0.272883 0.029930 0.960525
1753905418.548739 16599951.924036 4834027.075530 -102470537.073505 -0.045063 -0.272883 0.029930 0.960525
1753905418.553739 16599951.924036 4834027.075530 -102470537.073505 -0.045063 -0.272883 0.029930 0.960525
1753905418.558741 16599951.924036 4834027.075530 -102470537.073505 -0.045063 -0.272883 0.029930 0.960525
1753905418.563742 16599951.924036 4834027.075530 -102470537.073505 -0.045063 -0.272883 0.029930 0.960525
1753905418.568744 16599951.924036 4834027.075530 -102470537.073505 -0.045063 -0.272883 0.029930 0.960525
1753905418.573745 16599951.924036 4834027.075530 -102470537.073505 -0.045063 -0.272883 0.029930 0.960525
1753905418.578746 16599951.924036 4834027.075530 -102470537.073505 -0.045063 -0.272883 0.029930 0.960525
1753905418.583748 16599951.923509 4834027.075578 -102470537.073430 -0.044997 -0.272952 0.030110 0.960503
1753905418.588750 16599951.923509 4834027.075578 -102470537.073430 -0.044997 -0.272952 0.030110 0.960503
1753905418.593750 16599951.923509 4834027.075578 -102470537.073430 -0.044997 -0.272952 0.030110 0.960503
1753905418.598752 16599951.923509 4834027.075578 -102470537.073430 -0.044997 -0.272952 0.030110 0.960503
1753905418.603754 16599951.923509 4834027.075578 -102470537.073430 -0.044997 -0.272952 0.030110 0.960503
1753905418.608754 16599951.923509 4834027.075578 -102470537.073430 -0.044997 -0.272952 0.030110 0.960503
1753905418.613756 16599951.923509 4834027.075578 -102470537.073430 -0.044997 -0.272952 0.030110 0.960503
1753905418.618757 16599951.923405 4834027.075811 -102470537.073302 -0.044875 -0.272827 0.030004 0.960547
1753905418.623759 16599951.923405 4834027.075811 -102470537.073302 -0.044875 -0.272827 0.030004 0.960547
1753905418.628759 16599951.923405 4834027.075811 -102470537.073302 -0.044875 -0.272827 0.030004 0.960547
1753905418.633761 16599951.923405 4834027.075811 -102470537.073302 -0.044875 -0.272827 0.030004 0.960547
1753905418.638763 16599951.923405 4834027.075811 -102470537.073302 -0.044875 -0.272827 0.030004 0.960547
1753905418.643763 16599951.923405 4834027.075811 -102470537.073302 -0.044875 -0.272827 0.030004 0.960547
1753905418.648765 16599951.923405 4834027.075811 -102470537.073302 -0.044875 -0.272827 0.030004 0.960547
1753905418.653766 16599951.923405 4834027.075811 -102470537.073302 -0.044875 -0.272827 0.030004 0.960547
1753905418.658767 16599951.923405 4834027.075811 -102470537.073302 -0.044875 -0.272827 0.030004 0.960547
1753905418.663769 16599951.923405 4834027.075811 -102470537.073302 -0.044875 -0.272827 0.030004 0.960547
1753905418.668770 16599951.923405 4834027.075811 -102470537.073302 -0.044875 -0.272827 0.030004 0.960547
1753905418.673772 16599951.923405 4834027.075811 -102470537.073302 -0.044875 -0.272827 0.030004 0.960547
1753905418.678772 16599951.923405 4834027.075811 -102470537.073302 -0.044875 -0.272827 0.030004 0.960547
1753905418.683774 16599951.922992 4834027.076425 -102470537.072045 -0.044634 -0.272514 0.030105 0.960644
1753905418.688776 16599951.922992 4834027.076425 -102470537.072045 -0.044634 -0.272514 0.030105 0.960644
1753905418.693776 16599951.922992 4834027.076425 -102470537.072045 -0.044634 -0.272514 0.030105 0.960644
1753905418.698778 16599951.922992 4834027.076425 -102470537.072045 -0.044634 -0.272514 0.030105 0.960644
1753905418.703780 16599951.922992 4834027.076425 -102470537.072045 -0.044634 -0.272514 0.030105 0.960644
1753905418.708781 16599951.922992 4834027.076425 -102470537.072045 -0.044634 -0.272514 0.030105 0.960644
1753905418.713782 16599951.922992 4834027.076425 -102470537.072045 -0.044634 -0.272514 0.030105 0.960644
1753905418.718783 16599951.922992 4834027.076425 -102470537.072045 -0.044634 -0.272514 0.030105 0.960644
1753905418.723785 16599951.922992 4834027.076425 -102470537.072045 -0.044634 -0.272514 0.030105 0.960644
1753905418.728787 16599951.922992 4834027.076425 -102470537.072045 -0.044634 -0.272514 0.030105 0.960644
1753905418.733787 16599951.922992 4834027.076425 -102470537.072045 -0.044634 -0.272514 0.030105 0.960644
1753905418.738789 16599951.922992 4834027.076425 -102470537.072045 -0.044634 -0.272514 0.030105 0.960644
1753905418.743790 16599951.922992 4834027.076425 -102470537.072045 -0.044634 -0.272514 0.030105 0.960644
1753905418.745467 16599951.922992 4834027.076425 -102470537.072045 -0.044634 -0.272514 0.030105 0.960644
1753905418.748791 16599951.922992 4834027.076425 -102470537.072045 -0.044634 -0.272514 0.030105 0.960644
1753905418.753793 16599951.921632 4834027.075038 -102470537.073441 -0.043776 -0.272309 0.030073 0.960743
1753905418.758794 16599951.921632 4834027.075038 -102470537.073441 -0.043776 -0.272309 0.030073 0.960743
1753905418.763795 16599951.921632 4834027.075038 -102470537.073441 -0.043776 -0.272309 0.030073 0.960743
1753905418.768796 16599951.921632 4834027.075038 -102470537.073441 -0.043776 -0.272309 0.030073 0.960743
1753905418.773798 16599951.921632 4834027.075038 -102470537.073441 -0.043776 -0.272309 0.030073 0.960743
1753905418.778800 16599951.921632 4834027.075038 -102470537.073441 -0.043776 -0.272309 0.030073 0.960743
1753905418.783800 16599951.924622 4834027.075024 -102470537.074450 -0.043265 -0.272226 0.029762 0.960799
1753905418.788802 16599951.924622 4834027.075024 -102470537.074450 -0.043265 -0.272226 0.029762 0.960799
1753905418.793803 16599951.924622 4834027.075024 -102470537.074450 -0.043265 -0.272226 0.029762 0.960799
1753905418.798804 16599951.924622 4834027.075024 -102470537.074450 -0.043265 -0.272226 0.029762 0.960799
1753905418.803806 16599951.924622 4834027.075024 -102470537.074450 -0.043265 -0.272226 0.029762 0.960799
1753905418.808807 16599951.924622 4834027.075024 -102470537.074450 -0.043265 -0.272226 0.029762 0.960799
1753905418.813808 16599951.924622 4834027.075024 -102470537.074450 -0.043265 -0.272226 0.029762 0.960799
1753905418.818809 16599951.924936 4834027.073937 -102470537.075504 -0.042868 -0.271806 0.029735 0.960937
1753905418.823811 16599951.924936 4834027.073937 -102470537.075504 -0.042868 -0.271806 0.029735 0.960937
1753905418.828813 16599951.924936 4834027.073937 -102470537.075504 -0.042868 -0.271806 0.029735 0.960937
1753905418.833813 16599951.924936 4834027.073937 -102470537.075504 -0.042868 -0.271806 0.029735 0.960937
1753905418.838815 16599951.924936 4834027.073937 -102470537.075504 -0.042868 -0.271806 0.029735 0.960937
1753905418.843817 16599951.924936 4834027.073937 -102470537.075504 -0.042868 -0.271806 0.029735 0.960937
1753905418.848316 16599951.924936 4834027.073937 -102470537.075504 -0.042868 -0.271806 0.029735 0.960937
1753905418.848818 16599951.924936 4834027.073937 -102470537.075504 -0.042868 -0.271806 0.029735 0.960937
1753905418.853819 16599951.924936 4834027.073937 -102470537.075504 -0.042868 -0.271806 0.029735 0.960937
1753905418.858820 16599951.924936 4834027.073937 -102470537.075504 -0.042868 -0.271806 0.029735 0.960937
1753905418.863822 16599951.924936 4834027.073937 -102470537.075504 -0.042868 -0.271806 0.029735 0.960937
1753905418.868823 16599951.924936 4834027.073937 -102470537.075504 -0.042868 -0.271806 0.029735 0.960937
1753905418.873824 16599951.924936 4834027.073937 -102470537.075504 -0.042868 -0.271806 0.029735 0.960937
1753905418.878826 16599951.924936 4834027.073937 -102470537.075504 -0.042868 -0.271806 0.029735 0.960937
1753905418.883826 16599951.923327 4834027.075210 -102470537.074736 -0.042801 -0.270836 0.030007 0.961205
1753905418.888828 16599951.923327 4834027.075210 -102470537.074736 -0.042801 -0.270836 0.030007 0.961205
1753905418.893830 16599951.923327 4834027.075210 -102470537.074736 -0.042801 -0.270836 0.030007 0.961205
1753905418.898831 16599951.923327 4834027.075210 -102470537.074736 -0.042801 -0.270836 0.030007 0.961205
1753905418.903832 16599951.923327 4834027.075210 -102470537.074736 -0.042801 -0.270836 0.030007 0.961205
1753905418.908833 16599951.923327 4834027.075210 -102470537.074736 -0.042801 -0.270836 0.030007 0.961205
1753905418.913835 16599951.923327 4834027.075210 -102470537.074736 -0.042801 -0.270836 0.030007 0.961205
1753905418.918837 16599951.923121 4834027.075289 -102470537.074887 -0.042588 -0.270606 0.030137 0.961275
1753905418.923837 16599951.923121 4834027.075289 -102470537.074887 -0.042588 -0.270606 0.030137 0.961275
1753905418.928839 16599951.923121 4834027.075289 -102470537.074887 -0.042588 -0.270606 0.030137 0.961275
1753905418.933840 16599951.923121 4834027.075289 -102470537.074887 -0.042588 -0.270606 0.030137 0.961275
1753905418.938841 16599951.923121 4834027.075289 -102470537.074887 -0.042588 -0.270606 0.030137 0.961275
1753905418.943843 16599951.923121 4834027.075289 -102470537.074887 -0.042588 -0.270606 0.030137 0.961275
1753905418.948844 16599951.923121 4834027.075289 -102470537.074887 -0.042588 -0.270606 0.030137 0.961275
1753905418.953846 16599951.923121 4834027.075289 -102470537.074887 -0.042588 -0.270606 0.030137 0.961275
1753905418.958847 16599951.923121 4834027.075289 -102470537.074887 -0.042588 -0.270606 0.030137 0.961275
1753905418.963848 16599951.923121 4834027.075289 -102470537.074887 -0.042588 -0.270606 0.030137 0.961275
1753905418.968850 16599951.923121 4834027.075289 -102470537.074887 -0.042588 -0.270606 0.030137 0.961275
1753905418.969532 16599951.923121 4834027.075289 -102470537.074887 -0.042588 -0.270606 0.030137 0.961275
1753905418.973850 16599951.923121 4834027.075289 -102470537.074887 -0.042588 -0.270606 0.030137 0.961275
1753905418.978852 16599951.923121 4834027.075289 -102470537.074887 -0.042588 -0.270606 0.030137 0.961275
1753905418.983854 16599951.922006 4834027.075209 -102470537.073936 -0.041868 -0.269773 0.030623 0.961526
1753905418.988854 16599951.922006 4834027.075209 -102470537.073936 -0.041868 -0.269773 0.030623 0.961526
1753905418.993856 16599951.922006 4834027.075209 -102470537.073936 -0.041868 -0.269773 0.030623 0.961526
1753905418.998857 16599951.922006 4834027.075209 -102470537.073936 -0.041868 -0.269773 0.030623 0.961526
1753905419.003859 16599951.922006 4834027.075209 -102470537.073936 -0.041868 -0.269773 0.030623 0.961526
1753905419.008859 16599951.922006 4834027.075209 -102470537.073936 -0.041868 -0.269773 0.030623 0.961526
1753905419.013861 16599951.922006 4834027.075209 -102470537.073936 -0.041868 -0.269773 0.030623 0.961526
1753905419.018863 16599951.921447 4834027.075209 -102470537.073888 -0.041584 -0.268751 0.030804 0.961818
1753905419.023863 16599951.921447 4834027.075209 -102470537.073888 -0.041584 -0.268751 0.030804 0.961818
1753905419.028865 16599951.921447 4834027.075209 -102470537.073888 -0.041584 -0.268751 0.030804 0.961818
1753905419.033866 16599951.921447 4834027.075209 -102470537.073888 -0.041584 -0.268751 0.030804 0.961818
1753905419.038868 16599951.921447 4834027.075209 -102470537.073888 -0.041584 -0.268751 0.030804 0.961818
1753905419.043869 16599951.921447 4834027.075209 -102470537.073888 -0.041584 -0.268751 0.030804 0.961818
1753905419.048870 16599951.921447 4834027.075209 -102470537.073888 -0.041584 -0.268751 0.030804 0.961818
1753905419.053872 16599951.921447 4834027.075209 -102470537.073888 -0.041584 -0.268751 0.030804 0.961818
1753905419.058874 16599951.921447 4834027.075209 -102470537.073888 -0.041584 -0.268751 0.030804 0.961818
1753905419.063874 16599951.921447 4834027.075209 -102470537.073888 -0.041584 -0.268751 0.030804 0.961818
1753905419.068876 16599951.921447 4834027.075209 -102470537.073888 -0.041584 -0.268751 0.030804 0.961818
1753905419.072381 16599951.921447 4834027.075209 -102470537.073888 -0.041584 -0.268751 0.030804 0.961818
1753905419.073876 16599951.921447 4834027.075209 -102470537.073888 -0.041584 -0.268751 0.030804 0.961818
1753905419.078878 16599951.921447 4834027.075209 -102470537.073888 -0.041584 -0.268751 0.030804 0.961818
1753905419.083880 16599951.920852 4834027.075048 -102470537.072955 -0.041400 -0.266303 0.031019 0.962500
1753905419.088881 16599951.920852 4834027.075048 -102470537.072955 -0.041400 -0.266303 0.031019 0.962500
1753905419.093883 16599951.920852 4834027.075048 -102470537.072955 -0.041400 -0.266303 0.031019 0.962500
1753905419.098883 16599951.920852 4834027.075048 -102470537.072955 -0.041400 -0.266303 0.031019 0.962500
1753905419.103885 16599951.920852 4834027.075048 -102470537.072955 -0.041400 -0.266303 0.031019 0.962500
1753905419.108887 16599951.920852 4834027.075048 -102470537.072955 -0.041400 -0.266303 0.031019 0.962500
1753905419.113887 16599951.920852 4834027.075048 -102470537.072955 -0.041400 -0.266303 0.031019 0.962500
1753905419.118889 16599951.921260 4834027.074905 -102470537.072188 -0.040999 -0.265463 0.030932 0.962752
1753905419.123890 16599951.921260 4834027.074905 -102470537.072188 -0.040999 -0.265463 0.030932 0.962752
1753905419.128892 16599951.921260 4834027.074905 -102470537.072188 -0.040999 -0.265463 0.030932 0.962752
1753905419.133893 16599951.921260 4834027.074905 -102470537.072188 -0.040999 -0.265463 0.030932 0.962752
1753905419.138894 16599951.921260 4834027.074905 -102470537.072188 -0.040999 -0.265463 0.030932 0.962752
1753905419.143896 16599951.921260 4834027.074905 -102470537.072188 -0.040999 -0.265463 0.030932 0.962752
1753905419.148896 16599951.921260 4834027.074905 -102470537.072188 -0.040999 -0.265463 0.030932 0.962752
1753905419.153898 16599951.921247 4834027.074796 -102470537.071656 -0.040556 -0.264374 0.030826 0.963074
1753905419.158900 16599951.921247 4834027.074796 -102470537.071656 -0.040556 -0.264374 0.030826 0.963074
1753905419.163901 16599951.921247 4834027.074796 -102470537.071656 -0.040556 -0.264374 0.030826 0.963074
1753905419.168902 16599951.921247 4834027.074796 -102470537.071656 -0.040556 -0.264374 0.030826 0.963074
1753905419.173904 16599951.921247 4834027.074796 -102470537.071656 -0.040556 -0.264374 0.030826 0.963074
1753905419.178905 16599951.921247 4834027.074796 -102470537.071656 -0.040556 -0.264374 0.030826 0.963074
1753905419.183906 16599951.921247 4834027.074796 -102470537.071656 -0.040556 -0.264374 0.030826 0.963074
1753905419.188907 16599951.921247 4834027.074796 -102470537.071656 -0.040556 -0.264374 0.030826 0.963074
1753905419.193909 16599951.921247 4834027.074796 -102470537.071656 -0.040556 -0.264374 0.030826 0.963074
1753905419.198911 16599951.921247 4834027.074796 -102470537.071656 -0.040556 -0.264374 0.030826 0.963074
1753905419.203911 16599951.921247 4834027.074796 -102470537.071656 -0.040556 -0.264374 0.030826 0.963074
1753905419.208913 16599951.921247 4834027.074796 -102470537.071656 -0.040556 -0.264374 0.030826 0.963074
1753905419.213914 16599951.921247 4834027.074796 -102470537.071656 -0.040556 -0.264374 0.030826 0.963074
1753905419.218915 16599951.921134 4834027.075035 -102470537.074287 -0.039895 -0.260830 0.029793 0.964100
1753905419.223917 16599951.921134 4834027.075035 -102470537.074287 -0.039895 -0.260830 0.029793 0.964100
1753905419.228918 16599951.921134 4834027.075035 -102470537.074287 -0.039895 -0.260830 0.029793 0.964100
1753905419.233919 16599951.921134 4834027.075035 -102470537.074287 -0.039895 -0.260830 0.029793 0.964100
1753905419.238920 16599951.921134 4834027.075035 -102470537.074287 -0.039895 -0.260830 0.029793 0.964100
1753905419.243922 16599951.921134 4834027.075035 -102470537.074287 -0.039895 -0.260830 0.029793 0.964100
1753905419.248924 16599951.921134 4834027.075035 -102470537.074287 -0.039895 -0.260830 0.029793 0.964100
1753905419.253924 16599951.921673 4834027.075364 -102470537.075839 -0.039819 -0.258795 0.029074 0.964673
1753905419.258926 16599951.921673 4834027.075364 -102470537.075839 -0.039819 -0.258795 0.029074 0.964673
1753905419.263927 16599951.921673 4834027.075364 -102470537.075839 -0.039819 -0.258795 0.029074 0.964673
1753905419.268929 16599951.921673 4834027.075364 -102470537.075839 -0.039819 -0.258795 0.029074 0.964673
1753905419.273930 16599951.921673 4834027.075364 -102470537.075839 -0.039819 -0.258795 0.029074 0.964673
1753905419.278931 16599951.921673 4834027.075364 -102470537.075839 -0.039819 -0.258795 0.029074 0.964673
1753905419.283933 16599951.921673 4834027.075364 -102470537.075839 -0.039819 -0.258795 0.029074 0.964673
1753905419.288933 16599951.921673 4834027.075364 -102470537.075839 -0.039819 -0.258795 0.029074 0.964673
1753905419.293935 16599951.921673 4834027.075364 -102470537.075839 -0.039819 -0.258795 0.029074 0.964673
1753905419.298937 16599951.921673 4834027.075364 -102470537.075839 -0.039819 -0.258795 0.029074 0.964673
1753905419.302874 16599951.921673 4834027.075364 -102470537.075839 -0.039819 -0.258795 0.029074 0.964673
1753905419.303938 16599951.921673 4834027.075364 -102470537.075839 -0.039819 -0.258795 0.029074 0.964673
1753905419.308939 16599951.921673 4834027.075364 -102470537.075839 -0.039819 -0.258795 0.029074 0.964673
1753905419.313941 16599951.921673 4834027.075364 -102470537.075839 -0.039819 -0.258795 0.029074 0.964673
1753905419.318942 16599951.919896 4834027.075252 -102470537.074477 -0.039360 -0.253589 0.028286 0.966097
1753905419.323943 16599951.919896 4834027.075252 -102470537.074477 -0.039360 -0.253589 0.028286 0.966097
1753905419.328944 16599951.919896 4834027.075252 -102470537.074477 -0.039360 -0.253589 0.028286 0.966097
1753905419.333946 16599951.919896 4834027.075252 -102470537.074477 -0.039360 -0.253589 0.028286 0.966097
1753905419.338947 16599951.919896 4834027.075252 -102470537.074477 -0.039360 -0.253589 0.028286 0.966097
1753905419.343948 16599951.919896 4834027.075252 -102470537.074477 -0.039360 -0.253589 0.028286 0.966097
1753905419.348949 16599951.919896 4834027.075252 -102470537.074477 -0.039360 -0.253589 0.028286 0.966097
1753905419.349262 16599951.921276 4834027.075319 -102470537.075013 -0.038836 -0.250708 0.027794 0.966884
1753905419.353951 16599951.921276 4834027.075319 -102470537.075013 -0.038836 -0.250708 0.027794 0.966884
1753905419.358952 16599951.921276 4834027.075319 -102470537.075013 -0.038836 -0.250708 0.027794 0.966884
1753905419.363953 16599951.921276 4834027.075319 -102470537.075013 -0.038836 -0.250708 0.027794 0.966884
1753905419.368955 16599951.921276 4834027.075319 -102470537.075013 -0.038836 -0.250708 0.027794 0.966884
1753905419.373955 16599951.921276 4834027.075319 -102470537.075013 -0.038836 -0.250708 0.027794 0.966884
1753905419.378957 16599951.921276 4834027.075319 -102470537.075013 -0.038836 -0.250708 0.027794 0.966884
1753905419.383959 16599951.920699 4834027.075308 -102470537.074561 -0.038274 -0.247019 0.027468 0.967865
1753905419.388960 16599951.920699 4834027.075308 -102470537.074561 -0.038274 -0.247019 0.027468 0.967865
1753905419.393961 16599951.920699 4834027.075308 -102470537.074561 -0.038274 -0.247019 0.027468 0.967865
1753905419.398962 16599951.920699 4834027.075308 -102470537.074561 -0.038274 -0.247019 0.027468 0.967865
1753905419.403964 16599951.920699 4834027.075308 -102470537.074561 -0.038274 -0.247019 0.027468 0.967865
1753905419.405723 16599951.920699 4834027.075308 -102470537.074561 -0.038274 -0.247019 0.027468 0.967865
1753905419.408965 16599951.920699 4834027.075308 -102470537.074561 -0.038274 -0.247019 0.027468 0.967865
1753905419.413966 16599951.920699 4834027.075308 -102470537.074561 -0.038274 -0.247019 0.027468 0.967865
1753905419.418968 16599951.920699 4834027.075308 -102470537.074561 -0.038274 -0.247019 0.027468 0.967865
1753905419.423969 16599951.920699 4834027.075308 -102470537.074561 -0.038274 -0.247019 0.027468 0.967865
1753905419.428970 16599951.920699 4834027.075308 -102470537.074561 -0.038274 -0.247019 0.027468 0.967865
1753905419.433971 16599951.920699 4834027.075308 -102470537.074561 -0.038274 -0.247019 0.027468 0.967865
1753905419.438973 16599951.920699 4834027.075308 -102470537.074561 -0.038274 -0.247019 0.027468 0.967865
1753905419.443974 16599951.920699 4834027.075308 -102470537.074561 -0.038274 -0.247019 0.027468 0.967865
1753905419.448975 16599951.920699 4834027.075308 -102470537.074561 -0.038274 -0.247019 0.027468 0.967865
1753905419.453977 16599951.918566 4834027.075279 -102470537.074190 -0.036762 -0.237691 0.027309 0.970261
1753905419.458977 16599951.918566 4834027.075279 -102470537.074190 -0.036762 -0.237691 0.027309 0.970261
1753905419.463979 16599951.918566 4834027.075279 -102470537.074190 -0.036762 -0.237691 0.027309 0.970261
1753905419.468981 16599951.918566 4834027.075279 -102470537.074190 -0.036762 -0.237691 0.027309 0.970261
1753905419.473982 16599951.918566 4834027.075279 -102470537.074190 -0.036762 -0.237691 0.027309 0.970261
1753905419.478983 16599951.918566 4834027.075279 -102470537.074190 -0.036762 -0.237691 0.027309 0.970261
1753905419.483984 16599951.918566 4834027.075279 -102470537.074190 -0.036762 -0.237691 0.027309 0.970261
1753905419.488986 16599951.918566 4834027.075279 -102470537.074190 -0.036762 -0.237691 0.027309 0.970261
1753905419.493988 16599951.918566 4834027.075279 -102470537.074190 -0.036762 -0.237691 0.027309 0.970261
1753905419.498988 16599951.918566 4834027.075279 -102470537.074190 -0.036762 -0.237691 0.027309 0.970261
1753905419.503990 16599951.918566 4834027.075279 -102470537.074190 -0.036762 -0.237691 0.027309 0.970261
1753905419.508991 16599951.918566 4834027.075279 -102470537.074190 -0.036762 -0.237691 0.027309 0.970261
1753905419.513992 16599951.918566 4834027.075279 -102470537.074190 -0.036762 -0.237691 0.027309 0.970261
1753905419.518994 16599951.918213 4834027.075354 -102470537.074413 -0.035239 -0.227438 0.026996 0.972780
1753905419.523995 16599951.918213 4834027.075354 -102470537.074413 -0.035239 -0.227438 0.026996 0.972780
1753905419.528997 16599951.918213 4834027.075354 -102470537.074413 -0.035239 -0.227438 0.026996 0.972780
1753905419.533997 16599951.918213 4834027.075354 -102470537.074413 -0.035239 -0.227438 0.026996 0.972780
1753905419.538999 16599951.918213 4834027.075354 -102470537.074413 -0.035239 -0.227438 0.026996 0.972780
1753905419.544001 16599951.918213 4834027.075354 -102470537.074413 -0.035239 -0.227438 0.026996 0.972780
1753905419.549001 16599951.918213 4834027.075354 -102470537.074413 -0.035239 -0.227438 0.026996 0.972780
1753905419.554003 16599951.917703 4834027.075345 -102470537.074356 -0.034383 -0.221667 0.026787 0.974148
1753905419.559004 16599951.917703 4834027.075345 -102470537.074356 -0.034383 -0.221667 0.026787 0.974148
1753905419.564006 16599951.917703 4834027.075345 -102470537.074356 -0.034383 -0.221667 0.026787 0.974148
1753905419.569006 16599951.917703 4834027.075345 -102470537.074356 -0.034383 -0.221667 0.026787 0.974148
1753905419.574008 16599951.917703 4834027.075345 -102470537.074356 -0.034383 -0.221667 0.026787 0.974148
1753905419.579010 16599951.917703 4834027.075345 -102470537.074356 -0.034383 -0.221667 0.026787 0.974148
1753905419.584010 16599951.917703 4834027.075345 -102470537.074356 -0.034383 -0.221667 0.026787 0.974148
1753905419.589012 16599951.917703 4834027.075345 -102470537.074356 -0.034383 -0.221667 0.026787 0.974148
1753905419.594013 16599951.917703 4834027.075345 -102470537.074356 -0.034383 -0.221667 0.026787 0.974148
1753905419.599015 16599951.917703 4834027.075345 -102470537.074356 -0.034383 -0.221667 0.026787 0.974148
1753905419.604016 16599951.917703 4834027.075345 -102470537.074356 -0.034383 -0.221667 0.026787 0.974148
1753905419.609017 16599951.917703 4834027.075345 -102470537.074356 -0.034383 -0.221667 0.026787 0.974148
1753905419.614019 16599951.917703 4834027.075345 -102470537.074356 -0.034383 -0.221667 0.026787 0.974148
1753905419.619019 16599951.918999 4834027.075299 -102470537.074690 -0.032650 -0.208950 0.026148 0.977031
1753905419.624021 16599951.918999 4834027.075299 -102470537.074690 -0.032650 -0.208950 0.026148 0.977031
1753905419.629022 16599951.918999 4834027.075299 -102470537.074690 -0.032650 -0.208950 0.026148 0.977031
1753905419.634024 16599951.918999 4834027.075299 -102470537.074690 -0.032650 -0.208950 0.026148 0.977031
1753905419.639025 16599951.918999 4834027.075299 -102470537.074690 -0.032650 -0.208950 0.026148 0.977031
1753905419.644026 16599951.918999 4834027.075299 -102470537.074690 -0.032650 -0.208950 0.026148 0.977031
1753905419.649028 16599951.918999 4834027.075299 -102470537.074690 -0.032650 -0.208950 0.026148 0.977031
1753905419.654029 16599951.918999 4834027.075299 -102470537.074690 -0.032650 -0.208950 0.026148 0.977031
1753905419.659030 16599951.918999 4834027.075299 -102470537.074690 -0.032650 -0.208950 0.026148 0.977031
1753905419.664032 16599951.918999 4834027.075299 -102470537.074690 -0.032650 -0.208950 0.026148 0.977031
1753905419.669033 16599951.918999 4834027.075299 -102470537.074690 -0.032650 -0.208950 0.026148 0.977031
1753905419.674034 16599951.918999 4834027.075299 -102470537.074690 -0.032650 -0.208950 0.026148 0.977031
1753905419.679035 16599951.918999 4834027.075299 -102470537.074690 -0.032650 -0.208950 0.026148 0.977031
1753905419.684037 16599951.917885 4834027.075374 -102470537.074948 -0.031148 -0.195604 0.024497 0.979882
1753905419.689038 16599951.917885 4834027.075374 -102470537.074948 -0.031148 -0.195604 0.024497 0.979882
1753905419.694039 16599951.917885 4834027.075374 -102470537.074948 -0.031148 -0.195604 0.024497 0.979882
1753905419.699041 16599951.917885 4834027.075374 -102470537.074948 -0.031148 -0.195604 0.024497 0.979882
1753905419.704042 16599951.917885 4834027.075374 -102470537.074948 -0.031148 -0.195604 0.024497 0.979882
1753905419.709043 16599951.917885 4834027.075374 -102470537.074948 -0.031148 -0.195604 0.024497 0.979882
1753905419.714044 16599951.917885 4834027.075374 -102470537.074948 -0.031148 -0.195604 0.024497 0.979882
1753905419.719046 16599951.917042 4834027.075364 -102470537.074582 -0.030691 -0.188916 0.023400 0.981234
1753905419.729048 16599951.917042 4834027.075364 -102470537.074582 -0.030691 -0.188916 0.023400 0.981234
1753905419.734050 16599951.917042 4834027.075364 -102470537.074582 -0.030691 -0.188916 0.023400 0.981234
1753905419.739052 16599951.917042 4834027.075364 -102470537.074582 -0.030691 -0.188916 0.023400 0.981234
1753905419.744052 16599951.917042 4834027.075364 -102470537.074582 -0.030691 -0.188916 0.023400 0.981234
1753905419.749054 16599951.917042 4834027.075364 -102470537.074582 -0.030691 -0.188916 0.023400 0.981234
1753905419.751922 16599951.916078 4834027.075500 -102470537.075379 -0.030314 -0.181923 0.022055 0.982598
1753905419.754055 16599951.916078 4834027.075500 -102470537.075379 -0.030314 -0.181923 0.022055 0.982598
1753905419.759056 16599951.916078 4834027.075500 -102470537.075379 -0.030314 -0.181923 0.022055 0.982598
1753905419.764057 16599951.916078 4834027.075500 -102470537.075379 -0.030314 -0.181923 0.022055 0.982598
1753905419.769059 16599951.916078 4834027.075500 -102470537.075379 -0.030314 -0.181923 0.022055 0.982598
1753905419.774060 16599951.916078 4834027.075500 -102470537.075379 -0.030314 -0.181923 0.022055 0.982598
1753905419.779061 16599951.916078 4834027.075500 -102470537.075379 -0.030314 -0.181923 0.022055 0.982598
1753905419.784063 16599951.916078 4834027.075500 -102470537.075379 -0.030314 -0.181923 0.022055 0.982598
1753905419.789064 16599951.916078 4834027.075500 -102470537.075379 -0.030314 -0.181923 0.022055 0.982598
1753905419.794065 16599951.916078 4834027.075500 -102470537.075379 -0.030314 -0.181923 0.022055 0.982598
1753905419.799067 16599951.916078 4834027.075500 -102470537.075379 -0.030314 -0.181923 0.022055 0.982598
1753905419.804068 16599951.916078 4834027.075500 -102470537.075379 -0.030314 -0.181923 0.022055 0.982598
1753905419.809070 16599951.916078 4834027.075500 -102470537.075379 -0.030314 -0.181923 0.022055 0.982598
1753905419.814070 16599951.916078 4834027.075500 -102470537.075379 -0.030314 -0.181923 0.022055 0.982598
1753905419.819072 16599951.914070 4834027.075973 -102470537.078085 -0.030207 -0.167819 0.019860 0.985155
1753905419.824074 16599951.914070 4834027.075973 -102470537.078085 -0.030207 -0.167819 0.019860 0.985155
1753905419.829074 16599951.914070 4834027.075973 -102470537.078085 -0.030207 -0.167819 0.019860 0.985155
1753905419.834076 16599951.914070 4834027.075973 -102470537.078085 -0.030207 -0.167819 0.019860 0.985155
1753905419.839077 16599951.914070 4834027.075973 -102470537.078085 -0.030207 -0.167819 0.019860 0.985155
1753905419.844078 16599951.914070 4834027.075973 -102470537.078085 -0.030207 -0.167819 0.019860 0.985155
1753905419.849079 16599951.914070 4834027.075973 -102470537.078085 -0.030207 -0.167819 0.019860 0.985155
1753905419.854081 16599951.901141 4834027.079541 -102470537.084768 -0.029460 -0.159678 0.018682 0.986553
1753905419.859082 16599951.901141 4834027.079541 -102470537.084768 -0.029460 -0.159678 0.018682 0.986553
1753905419.864083 16599951.901141 4834027.079541 -102470537.084768 -0.029460 -0.159678 0.018682 0.986553
1753905419.869085 16599951.901141 4834027.079541 -102470537.084768 -0.029460 -0.159678 0.018682 0.986553
1753905419.874086 16599951.901141 4834027.079541 -102470537.084768 -0.029460 -0.159678 0.018682 0.986553
1753905419.879088 16599951.901141 4834027.079541 -102470537.084768 -0.029460 -0.159678 0.018682 0.986553
1753905419.884089 16599951.901141 4834027.079541 -102470537.084768 -0.029460 -0.159678 0.018682 0.986553
1753905419.889090 16599951.901141 4834027.079541 -102470537.084768 -0.029460 -0.159678 0.018682 0.986553
1753905419.894092 16599951.901141 4834027.079541 -102470537.084768 -0.029460 -0.159678 0.018682 0.986553
1753905419.899092 16599951.901141 4834027.079541 -102470537.084768 -0.029460 -0.159678 0.018682 0.986553
1753905419.904094 16599951.901141 4834027.079541 -102470537.084768 -0.029460 -0.159678 0.018682 0.986553
1753905419.909096 16599951.901141 4834027.079541 -102470537.084768 -0.029460 -0.159678 0.018682 0.986553
1753905419.914097 16599951.901141 4834027.079541 -102470537.084768 -0.029460 -0.159678 0.018682 0.986553
1753905419.919098 16599951.894650 4834027.080827 -102470537.087394 -0.028198 -0.145915 0.018219 0.988727
1753905419.924099 16599951.894650 4834027.080827 -102470537.087394 -0.028198 -0.145915 0.018219 0.988727
1753905419.929101 16599951.894650 4834027.080827 -102470537.087394 -0.028198 -0.145915 0.018219 0.988727
1753905419.934101 16599951.894650 4834027.080827 -102470537.087394 -0.028198 -0.145915 0.018219 0.988727
1753905419.939103 16599951.894650 4834027.080827 -102470537.087394 -0.028198 -0.145915 0.018219 0.988727
1753905419.944104 16599951.894650 4834027.080827 -102470537.087394 -0.028198 -0.145915 0.018219 0.988727
1753905419.949105 16599951.894650 4834027.080827 -102470537.087394 -0.028198 -0.145915 0.018219 0.988727
1753905419.954107 16599951.891358 4834027.081292 -102470537.087905 -0.027578 -0.139039 0.018052 0.989738
1753905419.959108 16599951.891358 4834027.081292 -102470537.087905 -0.027578 -0.139039 0.018052 0.989738
1753905419.964110 16599951.891358 4834027.081292 -102470537.087905 -0.027578 -0.139039 0.018052 0.989738
1753905419.969110 16599951.891358 4834027.081292 -102470537.087905 -0.027578 -0.139039 0.018052 0.989738
1753905419.974112 16599951.891358 4834027.081292 -102470537.087905 -0.027578 -0.139039 0.018052 0.989738
1753905419.979114 16599951.891358 4834027.081292 -102470537.087905 -0.027578 -0.139039 0.018052 0.989738
1753905419.984114 16599951.891358 4834027.081292 -102470537.087905 -0.027578 -0.139039 0.018052 0.989738
1753905419.989116 16599951.891358 4834027.081292 -102470537.087905 -0.027578 -0.139039 0.018052 0.989738
1753905419.994117 16599951.891358 4834027.081292 -102470537.087905 -0.027578 -0.139039 0.018052 0.989738
1753905419.999119 16599951.891358 4834027.081292 -102470537.087905 -0.027578 -0.139039 0.018052 0.989738
1753905420.004120 16599951.891358 4834027.081292 -102470537.087905 -0.027578 -0.139039 0.018052 0.989738
1753905420.009121 16599951.891358 4834027.081292 -102470537.087905 -0.027578 -0.139039 0.018052 0.989738
1753905420.014123 16599951.891358 4834027.081292 -102470537.087905 -0.027578 -0.139039 0.018052 0.989738
1753905420.019124 16599951.887233 4834027.079828 -102470537.089746 -0.025778 -0.125001 0.017118 0.991674
1753905420.024125 16599951.887233 4834027.079828 -102470537.089746 -0.025778 -0.125001 0.017118 0.991674
1753905420.029127 16599951.887233 4834027.079828 -102470537.089746 -0.025778 -0.125001 0.017118 0.991674
1753905420.034128 16599951.887233 4834027.079828 -102470537.089746 -0.025778 -0.125001 0.017118 0.991674
1753905420.039129 16599951.887233 4834027.079828 -102470537.089746 -0.025778 -0.125001 0.017118 0.991674
1753905420.044130 16599951.887233 4834027.079828 -102470537.089746 -0.025778 -0.125001 0.017118 0.991674
1753905420.049132 16599951.887233 4834027.079828 -102470537.089746 -0.025778 -0.125001 0.017118 0.991674
1753905420.054133 16599951.885953 4834027.079718 -102470537.089735 -0.024986 -0.118013 0.016215 0.992565
1753905420.059134 16599951.885953 4834027.079718 -102470537.089735 -0.024986 -0.118013 0.016215 0.992565
1753905420.064136 16599951.885953 4834027.079718 -102470537.089735 -0.024986 -0.118013 0.016215 0.992565
1753905420.069137 16599951.885953 4834027.079718 -102470537.089735 -0.024986 -0.118013 0.016215 0.992565
1753905420.074139 16599951.885953 4834027.079718 -102470537.089735 -0.024986 -0.118013 0.016215 0.992565
1753905420.079139 16599951.885953 4834027.079718 -102470537.089735 -0.024986 -0.118013 0.016215 0.992565
1753905420.084141 16599951.885953 4834027.079718 -102470537.089735 -0.024986 -0.118013 0.016215 0.992565
1753905420.089143 16599951.885953 4834027.079718 -102470537.089735 -0.024986 -0.118013 0.016215 0.992565
1753905420.094143 16599951.885953 4834027.079718 -102470537.089735 -0.024986 -0.118013 0.016215 0.992565
1753905420.099145 16599951.885953 4834027.079718 -102470537.089735 -0.024986 -0.118013 0.016215 0.992565
1753905420.104146 16599951.885953 4834027.079718 -102470537.089735 -0.024986 -0.118013 0.016215 0.992565
1753905420.109147 16599951.885953 4834027.079718 -102470537.089735 -0.024986 -0.118013 0.016215 0.992565
1753905420.114149 16599951.885953 4834027.079718 -102470537.089735 -0.024986 -0.118013 0.016215 0.992565
1753905420.119150 16599951.886086 4834027.080149 -102470537.090699 -0.023963 -0.104927 0.014066 0.994092
1753905420.124152 16599951.886086 4834027.080149 -102470537.090699 -0.023963 -0.104927 0.014066 0.994092
1753905420.129152 16599951.886086 4834027.080149 -102470537.090699 -0.023963 -0.104927 0.014066 0.994092
1753905420.134154 16599951.886086 4834027.080149 -102470537.090699 -0.023963 -0.104927 0.014066 0.994092
1753905420.139155 16599951.886086 4834027.080149 -102470537.090699 -0.023963 -0.104927 0.014066 0.994092
1753905420.144156 16599951.886086 4834027.080149 -102470537.090699 -0.023963 -0.104927 0.014066 0.994092
1753905420.149158 16599951.886086 4834027.080149 -102470537.090699 -0.023963 -0.104927 0.014066 0.994092
1753905420.154159 16599951.885703 4834027.080544 -102470537.090990 -0.023429 -0.098883 0.013174 0.994736
1753905420.159160 16599951.885703 4834027.080544 -102470537.090990 -0.023429 -0.098883 0.013174 0.994736
1753905420.164161 16599951.885703 4834027.080544 -102470537.090990 -0.023429 -0.098883 0.013174 0.994736
1753905420.169163 16599951.885703 4834027.080544 -102470537.090990 -0.023429 -0.098883 0.013174 0.994736
1753905420.174165 16599951.885703 4834027.080544 -102470537.090990 -0.023429 -0.098883 0.013174 0.994736
1753905420.179165 16599951.885703 4834027.080544 -102470537.090990 -0.023429 -0.098883 0.013174 0.994736
1753905420.184167 16599951.885703 4834027.080544 -102470537.090990 -0.023429 -0.098883 0.013174 0.994736
1753905420.189168 16599951.885703 4834027.080544 -102470537.090990 -0.023429 -0.098883 0.013174 0.994736
1753905420.194170 16599951.885703 4834027.080544 -102470537.090990 -0.023429 -0.098883 0.013174 0.994736
1753905420.199171 16599951.885703 4834027.080544 -102470537.090990 -0.023429 -0.098883 0.013174 0.994736
1753905420.204172 16599951.885703 4834027.080544 -102470537.090990 -0.023429 -0.098883 0.013174 0.994736
1753905420.209174 16599951.885703 4834027.080544 -102470537.090990 -0.023429 -0.098883 0.013174 0.994736
1753905420.214174 16599951.885703 4834027.080544 -102470537.090990 -0.023429 -0.098883 0.013174 0.994736
1753905420.219176 16599951.883871 4834027.080993 -102470537.091760 -0.021616 -0.088311 0.012429 0.995781
1753905420.224177 16599951.883871 4834027.080993 -102470537.091760 -0.021616 -0.088311 0.012429 0.995781
1753905420.229179 16599951.883871 4834027.080993 -102470537.091760 -0.021616 -0.088311 0.012429 0.995781
1753905420.234179 16599951.883871 4834027.080993 -102470537.091760 -0.021616 -0.088311 0.012429 0.995781
1753905420.239181 16599951.883871 4834027.080993 -102470537.091760 -0.021616 -0.088311 0.012429 0.995781
1753905420.244183 16599951.883871 4834027.080993 -102470537.091760 -0.021616 -0.088311 0.012429 0.995781
1753905420.249183 16599951.883871 4834027.080993 -102470537.091760 -0.021616 -0.088311 0.012429 0.995781
1753905420.254185 16599951.883051 4834027.081451 -102470537.092648 -0.021348 -0.084053 0.011859 0.996162
1753905420.259187 16599951.883051 4834027.081451 -102470537.092648 -0.021348 -0.084053 0.011859 0.996162
1753905420.264188 16599951.883051 4834027.081451 -102470537.092648 -0.021348 -0.084053 0.011859 0.996162
1753905420.269189 16599951.883051 4834027.081451 -102470537.092648 -0.021348 -0.084053 0.011859 0.996162
1753905420.274190 16599951.883051 4834027.081451 -102470537.092648 -0.021348 -0.084053 0.011859 0.996162
1753905420.279192 16599951.883051 4834027.081451 -102470537.092648 -0.021348 -0.084053 0.011859 0.996162
1753905420.284192 16599951.883051 4834027.081451 -102470537.092648 -0.021348 -0.084053 0.011859 0.996162
1753905420.289194 16599951.883051 4834027.081451 -102470537.092648 -0.021348 -0.084053 0.011859 0.996162
1753905420.294195 16599951.883051 4834027.081451 -102470537.092648 -0.021348 -0.084053 0.011859 0.996162
1753905420.299197 16599951.883051 4834027.081451 -102470537.092648 -0.021348 -0.084053 0.011859 0.996162
1753905420.304198 16599951.883051 4834027.081451 -102470537.092648 -0.021348 -0.084053 0.011859 0.996162
1753905420.309199 16599951.883051 4834027.081451 -102470537.092648 -0.021348 -0.084053 0.011859 0.996162
1753905420.314201 16599951.883051 4834027.081451 -102470537.092648 -0.021348 -0.084053 0.011859 0.996162
1753905420.319201 16599951.875847 4834027.080901 -102470537.096990 -0.020833 -0.076957 0.010365 0.996763
1753905420.324203 16599951.875847 4834027.080901 -102470537.096990 -0.020833 -0.076957 0.010365 0.996763
1753905420.329205 16599951.875847 4834027.080901 -102470537.096990 -0.020833 -0.076957 0.010365 0.996763
1753905420.334123 16599951.875847 4834027.080901 -102470537.096990 -0.020833 -0.076957 0.010365 0.996763
1753905420.334206 16599951.875847 4834027.080901 -102470537.096990 -0.020833 -0.076957 0.010365 0.996763
1753905420.339207 16599951.875847 4834027.080901 -102470537.096990 -0.020833 -0.076957 0.010365 0.996763
1753905420.344208 16599951.875847 4834027.080901 -102470537.096990 -0.020833 -0.076957 0.010365 0.996763
1753905420.349210 16599951.875847 4834027.080901 -102470537.096990 -0.020833 -0.076957 0.010365 0.996763
1753905420.349497 16599951.875242 4834027.080642 -102470537.096735 -0.020791 -0.074510 0.009467 0.996958
1753905420.354211 16599951.875242 4834027.080642 -102470537.096735 -0.020791 -0.074510 0.009467 0.996958
1753905420.359212 16599951.875242 4834027.080642 -102470537.096735 -0.020791 -0.074510 0.009467 0.996958
1753905420.364213 16599951.875242 4834027.080642 -102470537.096735 -0.020791 -0.074510 0.009467 0.996958
1753905420.369215 16599951.875242 4834027.080642 -102470537.096735 -0.020791 -0.074510 0.009467 0.996958
1753905420.374216 16599951.875242 4834027.080642 -102470537.096735 -0.020791 -0.074510 0.009467 0.996958
1753905420.379217 16599951.875242 4834027.080642 -102470537.096735 -0.020791 -0.074510 0.009467 0.996958
1753905420.384219 16599951.875242 4834027.080642 -102470537.096735 -0.020791 -0.074510 0.009467 0.996958
1753905420.389220 16599951.875242 4834027.080642 -102470537.096735 -0.020791 -0.074510 0.009467 0.996958
1753905420.394221 16599951.875242 4834027.080642 -102470537.096735 -0.020791 -0.074510 0.009467 0.996958
1753905420.399223 16599951.875242 4834027.080642 -102470537.096735 -0.020791 -0.074510 0.009467 0.996958
1753905420.404224 16599951.875242 4834027.080642 -102470537.096735 -0.020791 -0.074510 0.009467 0.996958
1753905420.409225 16599951.875242 4834027.080642 -102470537.096735 -0.020791 -0.074510 0.009467 0.996958
1753905420.414226 16599951.875242 4834027.080642 -102470537.096735 -0.020791 -0.074510 0.009467 0.996958
1753905420.419228 16599951.874139 4834027.079181 -102470537.097476 -0.021120 -0.071266 0.007401 0.997206
1753905420.424229 16599951.874139 4834027.079181 -102470537.097476 -0.021120 -0.071266 0.007401 0.997206
1753905420.429230 16599951.874139 4834027.079181 -102470537.097476 -0.021120 -0.071266 0.007401 0.997206
1753905420.434232 16599951.874139 4834027.079181 -102470537.097476 -0.021120 -0.071266 0.007401 0.997206
1753905420.436972 16599951.874139 4834027.079181 -102470537.097476 -0.021120 -0.071266 0.007401 0.997206
1753905420.439233 16599951.874139 4834027.079181 -102470537.097476 -0.021120 -0.071266 0.007401 0.997206
1753905420.444233 16599951.874139 4834027.079181 -102470537.097476 -0.021120 -0.071266 0.007401 0.997206
1753905420.449235 16599951.874139 4834027.079181 -102470537.097476 -0.021120 -0.071266 0.007401 0.997206
1753905420.454237 16599951.874021 4834027.078671 -102470537.097474 -0.021487 -0.070650 0.006790 0.997247
1753905420.459238 16599951.874021 4834027.078671 -102470537.097474 -0.021487 -0.070650 0.006790 0.997247
1753905420.464239 16599951.874021 4834027.078671 -102470537.097474 -0.021487 -0.070650 0.006790 0.997247
1753905420.469240 16599951.874021 4834027.078671 -102470537.097474 -0.021487 -0.070650 0.006790 0.997247
1753905420.474242 16599951.874021 4834027.078671 -102470537.097474 -0.021487 -0.070650 0.006790 0.997247
1753905420.479244 16599951.874021 4834027.078671 -102470537.097474 -0.021487 -0.070650 0.006790 0.997247
1753905420.484244 16599951.874021 4834027.078671 -102470537.097474 -0.021487 -0.070650 0.006790 0.997247
1753905420.489246 16599951.874021 4834027.078671 -102470537.097474 -0.021487 -0.070650 0.006790 0.997247
1753905420.494247 16599951.874021 4834027.078671 -102470537.097474 -0.021487 -0.070650 0.006790 0.997247
1753905420.499248 16599951.874021 4834027.078671 -102470537.097474 -0.021487 -0.070650 0.006790 0.997247
1753905420.504249 16599951.874021 4834027.078671 -102470537.097474 -0.021487 -0.070650 0.006790 0.997247
1753905420.509251 16599951.874021 4834027.078671 -102470537.097474 -0.021487 -0.070650 0.006790 0.997247
1753905420.514251 16599951.874021 4834027.078671 -102470537.097474 -0.021487 -0.070650 0.006790 0.997247
1753905420.519253 16599951.879740 4834027.081232 -102470537.093841 -0.022952 -0.072396 0.005826 0.997095
1753905420.524255 16599951.879740 4834027.081232 -102470537.093841 -0.022952 -0.072396 0.005826 0.997095
1753905420.529256 16599951.879740 4834027.081232 -102470537.093841 -0.022952 -0.072396 0.005826 0.997095
1753905420.534257 16599951.879740 4834027.081232 -102470537.093841 -0.022952 -0.072396 0.005826 0.997095
1753905420.539258 16599951.879740 4834027.081232 -102470537.093841 -0.022952 -0.072396 0.005826 0.997095
1753905420.544260 16599951.879740 4834027.081232 -102470537.093841 -0.022952 -0.072396 0.005826 0.997095
1753905420.549260 16599951.879740 4834027.081232 -102470537.093841 -0.022952 -0.072396 0.005826 0.997095
1753905420.554262 16599951.879740 4834027.081232 -102470537.093841 -0.022952 -0.072396 0.005826 0.997095
1753905420.559263 16599951.879740 4834027.081232 -102470537.093841 -0.022952 -0.072396 0.005826 0.997095
1753905420.564265 16599951.879740 4834027.081232 -102470537.093841 -0.022952 -0.072396 0.005826 0.997095
1753905420.569266 16599951.879740 4834027.081232 -102470537.093841 -0.022952 -0.072396 0.005826 0.997095
1753905420.574267 16599951.879740 4834027.081232 -102470537.093841 -0.022952 -0.072396 0.005826 0.997095
1753905420.579269 16599951.879740 4834027.081232 -102470537.093841 -0.022952 -0.072396 0.005826 0.997095
1753905420.584269 16599951.880286 4834027.081252 -102470537.093120 -0.023458 -0.075789 0.005667 0.996832
1753905420.589271 16599951.880286 4834027.081252 -102470537.093120 -0.023458 -0.075789 0.005667 0.996832
1753905420.594272 16599951.880286 4834027.081252 -102470537.093120 -0.023458 -0.075789 0.005667 0.996832
1753905420.599274 16599951.880286 4834027.081252 -102470537.093120 -0.023458 -0.075789 0.005667 0.996832
1753905420.604275 16599951.880286 4834027.081252 -102470537.093120 -0.023458 -0.075789 0.005667 0.996832
1753905420.609276 16599951.880286 4834027.081252 -102470537.093120 -0.023458 -0.075789 0.005667 0.996832
1753905420.614278 16599951.880286 4834027.081252 -102470537.093120 -0.023458 -0.075789 0.005667 0.996832
1753905420.619278 16599951.879606 4834027.081160 -102470537.093236 -0.023352 -0.077546 0.005634 0.996699
1753905420.624280 16599951.879606 4834027.081160 -102470537.093236 -0.023352 -0.077546 0.005634 0.996699
1753905420.629281 16599951.879606 4834027.081160 -102470537.093236 -0.023352 -0.077546 0.005634 0.996699
1753905420.634283 16599951.879606 4834027.081160 -102470537.093236 -0.023352 -0.077546 0.005634 0.996699
1753905420.639283 16599951.879606 4834027.081160 -102470537.093236 -0.023352 -0.077546 0.005634 0.996699
1753905420.644285 16599951.879606 4834027.081160 -102470537.093236 -0.023352 -0.077546 0.005634 0.996699
1753905420.649099 16599951.879606 4834027.081160 -102470537.093236 -0.023352 -0.077546 0.005634 0.996699
1753905420.649287 16599951.879606 4834027.081160 -102470537.093236 -0.023352 -0.077546 0.005634 0.996699
1753905420.654287 16599951.879606 4834027.081160 -102470537.093236 -0.023352 -0.077546 0.005634 0.996699
1753905420.659289 16599951.879606 4834027.081160 -102470537.093236 -0.023352 -0.077546 0.005634 0.996699
1753905420.664290 16599951.879606 4834027.081160 -102470537.093236 -0.023352 -0.077546 0.005634 0.996699
1753905420.669292 16599951.879606 4834027.081160 -102470537.093236 -0.023352 -0.077546 0.005634 0.996699
1753905420.674292 16599951.879606 4834027.081160 -102470537.093236 -0.023352 -0.077546 0.005634 0.996699
1753905420.679294 16599951.879606 4834027.081160 -102470537.093236 -0.023352 -0.077546 0.005634 0.996699
1753905420.684295 16599951.878631 4834027.081197 -102470537.093250 -0.022766 -0.081764 0.006070 0.996373
1753905420.689296 16599951.878631 4834027.081197 -102470537.093250 -0.022766 -0.081764 0.006070 0.996373
1753905420.694298 16599951.878631 4834027.081197 -102470537.093250 -0.022766 -0.081764 0.006070 0.996373
1753905420.699299 16599951.878631 4834027.081197 -102470537.093250 -0.022766 -0.081764 0.006070 0.996373
1753905420.704299 16599951.878631 4834027.081197 -102470537.093250 -0.022766 -0.081764 0.006070 0.996373
1753905420.709301 16599951.878631 4834027.081197 -102470537.093250 -0.022766 -0.081764 0.006070 0.996373
1753905420.714303 16599951.878631 4834027.081197 -102470537.093250 -0.022766 -0.081764 0.006070 0.996373
1753905420.719304 16599951.878132 4834027.081035 -102470537.091403 -0.022440 -0.085133 0.006487 0.996096
1753905420.724305 16599951.878132 4834027.081035 -102470537.091403 -0.022440 -0.085133 0.006487 0.996096
1753905420.729306 16599951.878132 4834027.081035 -102470537.091403 -0.022440 -0.085133 0.006487 0.996096
1753905420.734308 16599951.878132 4834027.081035 -102470537.091403 -0.022440 -0.085133 0.006487 0.996096
1753905420.739310 16599951.878132 4834027.081035 -102470537.091403 -0.022440 -0.085133 0.006487 0.996096
1753905420.744310 16599951.878132 4834027.081035 -102470537.091403 -0.022440 -0.085133 0.006487 0.996096
1753905420.749311 16599951.878132 4834027.081035 -102470537.091403 -0.022440 -0.085133 0.006487 0.996096
1753905420.754313 16599951.878132 4834027.081035 -102470537.091403 -0.022440 -0.085133 0.006487 0.996096
1753905420.759314 16599951.878132 4834027.081035 -102470537.091403 -0.022440 -0.085133 0.006487 0.996096
1753905420.764315 16599951.878132 4834027.081035 -102470537.091403 -0.022440 -0.085133 0.006487 0.996096
1753905420.769317 16599951.878132 4834027.081035 -102470537.091403 -0.022440 -0.085133 0.006487 0.996096
1753905420.774317 16599951.878132 4834027.081035 -102470537.091403 -0.022440 -0.085133 0.006487 0.996096
1753905420.779319 16599951.878132 4834027.081035 -102470537.091403 -0.022440 -0.085133 0.006487 0.996096
1753905420.784321 16599951.879248 4834027.080672 -102470537.089422 -0.022248 -0.096689 0.007744 0.995036
1753905420.789322 16599951.879248 4834027.080672 -102470537.089422 -0.022248 -0.096689 0.007744 0.995036
1753905420.794323 16599951.879248 4834027.080672 -102470537.089422 -0.022248 -0.096689 0.007744 0.995036
1753905420.799324 16599951.879248 4834027.080672 -102470537.089422 -0.022248 -0.096689 0.007744 0.995036
1753905420.804326 16599951.879248 4834027.080672 -102470537.089422 -0.022248 -0.096689 0.007744 0.995036
1753905420.809326 16599951.879248 4834027.080672 -102470537.089422 -0.022248 -0.096689 0.007744 0.995036
1753905420.814328 16599951.879248 4834027.080672 -102470537.089422 -0.022248 -0.096689 0.007744 0.995036
1753905420.819329 16599951.880287 4834027.080497 -102470537.089826 -0.022661 -0.104428 0.009067 0.994233
1753905420.824331 16599951.880287 4834027.080497 -102470537.089826 -0.022661 -0.104428 0.009067 0.994233
1753905420.829331 16599951.880287 4834027.080497 -102470537.089826 -0.022661 -0.104428 0.009067 0.994233
1753905420.834333 16599951.880287 4834027.080497 -102470537.089826 -0.022661 -0.104428 0.009067 0.994233
1753905420.839335 16599951.880287 4834027.080497 -102470537.089826 -0.022661 -0.104428 0.009067 0.994233
1753905420.844336 16599951.880287 4834027.080497 -102470537.089826 -0.022661 -0.104428 0.009067 0.994233
1753905420.849337 16599951.880287 4834027.080497 -102470537.089826 -0.022661 -0.104428 0.009067 0.994233
1753905420.854338 16599951.880287 4834027.080497 -102470537.089826 -0.022661 -0.104428 0.009067 0.994233
1753905420.859340 16599951.880287 4834027.080497 -102470537.089826 -0.022661 -0.104428 0.009067 0.994233
1753905420.864340 16599951.880287 4834027.080497 -102470537.089826 -0.022661 -0.104428 0.009067 0.994233
1753905420.869342 16599951.880287 4834027.080497 -102470537.089826 -0.022661 -0.104428 0.009067 0.994233
1753905420.874343 16599951.880287 4834027.080497 -102470537.089826 -0.022661 -0.104428 0.009067 0.994233
1753905420.879344 16599951.880287 4834027.080497 -102470537.089826 -0.022661 -0.104428 0.009067 0.994233
1753905420.884346 16599951.880236 4834027.080175 -102470537.087500 -0.024942 -0.122758 0.012592 0.992043
1753905420.889347 16599951.880236 4834027.080175 -102470537.087500 -0.024942 -0.122758 0.012592 0.992043
1753905420.894349 16599951.880236 4834027.080175 -102470537.087500 -0.024942 -0.122758 0.012592 0.992043
1753905420.899349 16599951.880236 4834027.080175 -102470537.087500 -0.024942 -0.122758 0.012592 0.992043
1753905420.904351 16599951.880236 4834027.080175 -102470537.087500 -0.024942 -0.122758 0.012592 0.992043
1753905420.909353 16599951.880236 4834027.080175 -102470537.087500 -0.024942 -0.122758 0.012592 0.992043
1753905420.914354 16599951.880236 4834027.080175 -102470537.087500 -0.024942 -0.122758 0.012592 0.992043
1753905420.919354 16599951.880236 4834027.080175 -102470537.087500 -0.024942 -0.122758 0.012592 0.992043
1753905420.924356 16599951.880236 4834027.080175 -102470537.087500 -0.024942 -0.122758 0.012592 0.992043
1753905420.929358 16599951.880236 4834027.080175 -102470537.087500 -0.024942 -0.122758 0.012592 0.992043
1753905420.934358 16599951.880236 4834027.080175 -102470537.087500 -0.024942 -0.122758 0.012592 0.992043
1753905420.939360 16599951.880236 4834027.080175 -102470537.087500 -0.024942 -0.122758 0.012592 0.992043
1753905420.944361 16599951.880236 4834027.080175 -102470537.087500 -0.024942 -0.122758 0.012592 0.992043
1753905420.949363 16599951.880236 4834027.080175 -102470537.087500 -0.024942 -0.122758 0.012592 0.992043
1753905420.954364 16599951.874085 4834027.078999 -102470537.088858 -0.026428 -0.142101 0.016856 0.989356
1753905420.959365 16599951.874085 4834027.078999 -102470537.088858 -0.026428 -0.142101 0.016856 0.989356
1753905420.964366 16599951.874085 4834027.078999 -102470537.088858 -0.026428 -0.142101 0.016856 0.989356
1753905420.969367 16599951.874085 4834027.078999 -102470537.088858 -0.026428 -0.142101 0.016856 0.989356
1753905420.974369 16599951.874085 4834027.078999 -102470537.088858 -0.026428 -0.142101 0.016856 0.989356
1753905420.979370 16599951.874085 4834027.078999 -102470537.088858 -0.026428 -0.142101 0.016856 0.989356
1753905420.980605 16599951.874085 4834027.078999 -102470537.088858 -0.026428 -0.142101 0.016856 0.989356
1753905420.984372 16599951.874821 4834027.078842 -102470537.085472 -0.027398 -0.151991 0.018933 0.987821
1753905420.989372 16599951.874821 4834027.078842 -102470537.085472 -0.027398 -0.151991 0.018933 0.987821
1753905420.994374 16599951.874821 4834027.078842 -102470537.085472 -0.027398 -0.151991 0.018933 0.987821
1753905420.999375 16599951.874821 4834027.078842 -102470537.085472 -0.027398 -0.151991 0.018933 0.987821
1753905421.004377 16599951.874821 4834027.078842 -102470537.085472 -0.027398 -0.151991 0.018933 0.987821
1753905421.009377 16599951.874821 4834027.078842 -102470537.085472 -0.027398 -0.151991 0.018933 0.987821
1753905421.014379 16599951.874821 4834027.078842 -102470537.085472 -0.027398 -0.151991 0.018933 0.987821
1753905421.019381 16599951.874821 4834027.078842 -102470537.085472 -0.027398 -0.151991 0.018933 0.987821
1753905421.024381 16599951.874821 4834027.078842 -102470537.085472 -0.027398 -0.151991 0.018933 0.987821
1753905421.029383 16599951.874821 4834027.078842 -102470537.085472 -0.027398 -0.151991 0.018933 0.987821
1753905421.034384 16599951.874821 4834027.078842 -102470537.085472 -0.027398 -0.151991 0.018933 0.987821
1753905421.039385 16599951.874821 4834027.078842 -102470537.085472 -0.027398 -0.151991 0.018933 0.987821
1753905421.044387 16599951.874821 4834027.078842 -102470537.085472 -0.027398 -0.151991 0.018933 0.987821
1753905421.049388 16599951.874821 4834027.078842 -102470537.085472 -0.027398 -0.151991 0.018933 0.987821
1753905421.054389 16599951.893419 4834027.079447 -102470537.075321 -0.031012 -0.174384 0.022089 0.983941
1753905421.059390 16599951.893419 4834027.079447 -102470537.075321 -0.031012 -0.174384 0.022089 0.983941
1753905421.064392 16599951.893419 4834027.079447 -102470537.075321 -0.031012 -0.174384 0.022089 0.983941
1753905421.069393 16599951.893419 4834027.079447 -102470537.075321 -0.031012 -0.174384 0.022089 0.983941
1753905421.074394 16599951.893419 4834027.079447 -102470537.075321 -0.031012 -0.174384 0.022089 0.983941
1753905421.079395 16599951.893419 4834027.079447 -102470537.075321 -0.031012 -0.174384 0.022089 0.983941
1753905421.084397 16599951.896979 4834027.079309 -102470537.072644 -0.032486 -0.185749 0.023591 0.981777
1753905421.089397 16599951.896979 4834027.079309 -102470537.072644 -0.032486 -0.185749 0.023591 0.981777
1753905421.094399 16599951.896979 4834027.079309 -102470537.072644 -0.032486 -0.185749 0.023591 0.981777
1753905421.099401 16599951.896979 4834027.079309 -102470537.072644 -0.032486 -0.185749 0.023591 0.981777
1753905421.104402 16599951.896979 4834027.079309 -102470537.072644 -0.032486 -0.185749 0.023591 0.981777
1753905421.109403 16599951.896979 4834027.079309 -102470537.072644 -0.032486 -0.185749 0.023591 0.981777
1753905421.114404 16599951.896979 4834027.079309 -102470537.072644 -0.032486 -0.185749 0.023591 0.981777
1753905421.119406 16599951.896979 4834027.079309 -102470537.072644 -0.032486 -0.185749 0.023591 0.981777
1753905421.124407 16599951.896979 4834027.079309 -102470537.072644 -0.032486 -0.185749 0.023591 0.981777
1753905421.129408 16599951.896979 4834027.079309 -102470537.072644 -0.032486 -0.185749 0.023591 0.981777
1753905421.134409 16599951.896979 4834027.079309 -102470537.072644 -0.032486 -0.185749 0.023591 0.981777
1753905421.139411 16599951.896979 4834027.079309 -102470537.072644 -0.032486 -0.185749 0.023591 0.981777
1753905421.144411 16599951.896979 4834027.079309 -102470537.072644 -0.032486 -0.185749 0.023591 0.981777
1753905421.149413 16599951.896979 4834027.079309 -102470537.072644 -0.032486 -0.185749 0.023591 0.981777
1753905421.154415 16599951.904361 4834027.078779 -102470537.067156 -0.034740 -0.209220 0.026218 0.976899
1753905421.159415 16599951.904361 4834027.078779 -102470537.067156 -0.034740 -0.209220 0.026218 0.976899
1753905421.164417 16599951.904361 4834027.078779 -102470537.067156 -0.034740 -0.209220 0.026218 0.976899
1753905421.169418 16599951.904361 4834027.078779 -102470537.067156 -0.034740 -0.209220 0.026218 0.976899
1753905421.174420 16599951.904361 4834027.078779 -102470537.067156 -0.034740 -0.209220 0.026218 0.976899
1753905421.179420 16599951.904361 4834027.078779 -102470537.067156 -0.034740 -0.209220 0.026218 0.976899
1753905421.184422 16599951.908820 4834027.078071 -102470537.064387 -0.036303 -0.220913 0.026625 0.974254
1753905421.189423 16599951.908820 4834027.078071 -102470537.064387 -0.036303 -0.220913 0.026625 0.974254
1753905421.194425 16599951.908820 4834027.078071 -102470537.064387 -0.036303 -0.220913 0.026625 0.974254
1753905421.196405 16599951.908820 4834027.078071 -102470537.064387 -0.036303 -0.220913 0.026625 0.974254
1753905421.199425 16599951.908820 4834027.078071 -102470537.064387 -0.036303 -0.220913 0.026625 0.974254
1753905421.204427 16599951.908820 4834027.078071 -102470537.064387 -0.036303 -0.220913 0.026625 0.974254
1753905421.209429 16599951.908820 4834027.078071 -102470537.064387 -0.036303 -0.220913 0.026625 0.974254
1753905421.214429 16599951.908820 4834027.078071 -102470537.064387 -0.036303 -0.220913 0.026625 0.974254
1753905421.219431 16599951.908820 4834027.078071 -102470537.064387 -0.036303 -0.220913 0.026625 0.974254
1753905421.224432 16599951.908820 4834027.078071 -102470537.064387 -0.036303 -0.220913 0.026625 0.974254
1753905421.229434 16599951.908820 4834027.078071 -102470537.064387 -0.036303 -0.220913 0.026625 0.974254
1753905421.234434 16599951.908820 4834027.078071 -102470537.064387 -0.036303 -0.220913 0.026625 0.974254
1753905421.239436 16599951.908820 4834027.078071 -102470537.064387 -0.036303 -0.220913 0.026625 0.974254
1753905421.244437 16599951.908820 4834027.078071 -102470537.064387 -0.036303 -0.220913 0.026625 0.974254
1753905421.249438 16599951.908820 4834027.078071 -102470537.064387 -0.036303 -0.220913 0.026625 0.974254
1753905421.254440 16599951.915682 4834027.074852 -102470537.058872 -0.039339 -0.243726 0.027725 0.968649
1753905421.259441 16599951.915682 4834027.074852 -102470537.058872 -0.039339 -0.243726 0.027725 0.968649
1753905421.264443 16599951.915682 4834027.074852 -102470537.058872 -0.039339 -0.243726 0.027725 0.968649
1753905421.269443 16599951.915682 4834027.074852 -102470537.058872 -0.039339 -0.243726 0.027725 0.968649
1753905421.274445 16599951.915682 4834027.074852 -102470537.058872 -0.039339 -0.243726 0.027725 0.968649
1753905421.279447 16599951.915682 4834027.074852 -102470537.058872 -0.039339 -0.243726 0.027725 0.968649
1753905421.284448 16599951.902894 4834027.075299 -102470537.068989 -0.040766 -0.253239 0.028299 0.966130
1753905421.289449 16599951.902894 4834027.075299 -102470537.068989 -0.040766 -0.253239 0.028299 0.966130
1753905421.294451 16599951.902894 4834027.075299 -102470537.068989 -0.040766 -0.253239 0.028299 0.966130
1753905421.299452 16599951.902894 4834027.075299 -102470537.068989 -0.040766 -0.253239 0.028299 0.966130
1753905421.300173 16599951.902894 4834027.075299 -102470537.068989 -0.040766 -0.253239 0.028299 0.966130
1753905421.304453 16599951.902894 4834027.075299 -102470537.068989 -0.040766 -0.253239 0.028299 0.966130
1753905421.309454 16599951.902894 4834027.075299 -102470537.068989 -0.040766 -0.253239 0.028299 0.966130
1753905421.314456 16599951.902894 4834027.075299 -102470537.068989 -0.040766 -0.253239 0.028299 0.966130
1753905421.319457 16599951.902894 4834027.075299 -102470537.068989 -0.040766 -0.253239 0.028299 0.966130
1753905421.324458 16599951.902894 4834027.075299 -102470537.068989 -0.040766 -0.253239 0.028299 0.966130
1753905421.329460 16599951.902894 4834027.075299 -102470537.068989 -0.040766 -0.253239 0.028299 0.966130
1753905421.334461 16599951.902894 4834027.075299 -102470537.068989 -0.040766 -0.253239 0.028299 0.966130
1753905421.339462 16599951.902894 4834027.075299 -102470537.068989 -0.040766 -0.253239 0.028299 0.966130
1753905421.344464 16599951.902894 4834027.075299 -102470537.068989 -0.040766 -0.253239 0.028299 0.966130
1753905421.349465 16599951.902894 4834027.075299 -102470537.068989 -0.040766 -0.253239 0.028299 0.966130
1753905421.354466 16599951.905775 4834027.073802 -102470537.061021 -0.043484 -0.276754 0.028905 0.959521
1753905421.359468 16599951.905775 4834027.073802 -102470537.061021 -0.043484 -0.276754 0.028905 0.959521
1753905421.364469 16599951.905775 4834027.073802 -102470537.061021 -0.043484 -0.276754 0.028905 0.959521
1753905421.369471 16599951.905775 4834027.073802 -102470537.061021 -0.043484 -0.276754 0.028905 0.959521
1753905421.374471 16599951.905775 4834027.073802 -102470537.061021 -0.043484 -0.276754 0.028905 0.959521
1753905421.379473 16599951.905775 4834027.073802 -102470537.061021 -0.043484 -0.276754 0.028905 0.959521
1753905421.383068 16599951.908237 4834027.073343 -102470537.057846 -0.045157 -0.289138 0.029586 0.955764
1753905421.384475 16599951.908237 4834027.073343 -102470537.057846 -0.045157 -0.289138 0.029586 0.955764
1753905421.389475 16599951.908237 4834027.073343 -102470537.057846 -0.045157 -0.289138 0.029586 0.955764
1753905421.394477 16599951.908237 4834027.073343 -102470537.057846 -0.045157 -0.289138 0.029586 0.955764
1753905421.399478 16599951.908237 4834027.073343 -102470537.057846 -0.045157 -0.289138 0.029586 0.955764
1753905421.404480 16599951.908237 4834027.073343 -102470537.057846 -0.045157 -0.289138 0.029586 0.955764
1753905421.409481 16599951.908237 4834027.073343 -102470537.057846 -0.045157 -0.289138 0.029586 0.955764
1753905421.414482 16599951.908237 4834027.073343 -102470537.057846 -0.045157 -0.289138 0.029586 0.955764
1753905421.419484 16599951.908237 4834027.073343 -102470537.057846 -0.045157 -0.289138 0.029586 0.955764
1753905421.424484 16599951.908237 4834027.073343 -102470537.057846 -0.045157 -0.289138 0.029586 0.955764
1753905421.429486 16599951.908237 4834027.073343 -102470537.057846 -0.045157 -0.289138 0.029586 0.955764
1753905421.434488 16599951.908237 4834027.073343 -102470537.057846 -0.045157 -0.289138 0.029586 0.955764
1753905421.439489 16599951.908237 4834027.073343 -102470537.057846 -0.045157 -0.289138 0.029586 0.955764
1753905421.444490 16599951.908237 4834027.073343 -102470537.057846 -0.045157 -0.289138 0.029586 0.955764
1753905421.449492 16599951.908237 4834027.073343 -102470537.057846 -0.045157 -0.289138 0.029586 0.955764
1753905421.454493 16599951.913616 4834027.072832 -102470537.049866 -0.048902 -0.315141 0.032865 0.947214
1753905421.459494 16599951.913616 4834027.072832 -102470537.049866 -0.048902 -0.315141 0.032865 0.947214
1753905421.464495 16599951.913616 4834027.072832 -102470537.049866 -0.048902 -0.315141 0.032865 0.947214
1753905421.469497 16599951.913616 4834027.072832 -102470537.049866 -0.048902 -0.315141 0.032865 0.947214
1753905421.474498 16599951.913616 4834027.072832 -102470537.049866 -0.048902 -0.315141 0.032865 0.947214
1753905421.479499 16599951.913616 4834027.072832 -102470537.049866 -0.048902 -0.315141 0.032865 0.947214
1753905421.484501 16599951.915516 4834027.072166 -102470537.046157 -0.050882 -0.328936 0.035658 0.942306
1753905421.489502 16599951.915516 4834027.072166 -102470537.046157 -0.050882 -0.328936 0.035658 0.942306
1753905421.494503 16599951.915516 4834027.072166 -102470537.046157 -0.050882 -0.328936 0.035658 0.942306
1753905421.499505 16599951.915516 4834027.072166 -102470537.046157 -0.050882 -0.328936 0.035658 0.942306
1753905421.504506 16599951.915516 4834027.072166 -102470537.046157 -0.050882 -0.328936 0.035658 0.942306
1753905421.509508 16599951.915516 4834027.072166 -102470537.046157 -0.050882 -0.328936 0.035658 0.942306
1753905421.514508 16599951.915516 4834027.072166 -102470537.046157 -0.050882 -0.328936 0.035658 0.942306
1753905421.519510 16599951.930067 4834027.068786 -102470537.039714 -0.053033 -0.344883 0.038694 0.936347
1753905421.524512 16599951.930067 4834027.068786 -102470537.039714 -0.053033 -0.344883 0.038694 0.936347
1753905421.529512 16599951.930067 4834027.068786 -102470537.039714 -0.053033 -0.344883 0.038694 0.936347
1753905421.534514 16599951.930067 4834027.068786 -102470537.039714 -0.053033 -0.344883 0.038694 0.936347
1753905421.539516 16599951.930067 4834027.068786 -102470537.039714 -0.053033 -0.344883 0.038694 0.936347
1753905421.544517 16599951.930067 4834027.068786 -102470537.039714 -0.053033 -0.344883 0.038694 0.936347
1753905421.549518 16599951.930067 4834027.068786 -102470537.039714 -0.053033 -0.344883 0.038694 0.936347
1753905421.554520 16599951.930067 4834027.068786 -102470537.039714 -0.053033 -0.344883 0.038694 0.936347
1753905421.559521 16599951.930067 4834027.068786 -102470537.039714 -0.053033 -0.344883 0.038694 0.936347
1753905421.564522 16599951.930067 4834027.068786 -102470537.039714 -0.053033 -0.344883 0.038694 0.936347
1753905421.569524 16599951.930067 4834027.068786 -102470537.039714 -0.053033 -0.344883 0.038694 0.936347
1753905421.574525 16599951.930067 4834027.068786 -102470537.039714 -0.053033 -0.344883 0.038694 0.936347
1753905421.579526 16599951.930067 4834027.068786 -102470537.039714 -0.053033 -0.344883 0.038694 0.936347
1753905421.584527 16599951.933520 4834027.068655 -102470537.030342 -0.057779 -0.376041 0.045125 0.923698
1753905421.589529 16599951.933520 4834027.068655 -102470537.030342 -0.057779 -0.376041 0.045125 0.923698
1753905421.594531 16599951.933520 4834027.068655 -102470537.030342 -0.057779 -0.376041 0.045125 0.923698
1753905421.599531 16599951.933520 4834027.068655 -102470537.030342 -0.057779 -0.376041 0.045125 0.923698
1753905421.604533 16599951.933520 4834027.068655 -102470537.030342 -0.057779 -0.376041 0.045125 0.923698
1753905421.609535 16599951.933520 4834027.068655 -102470537.030342 -0.057779 -0.376041 0.045125 0.923698
1753905421.614536 16599951.933520 4834027.068655 -102470537.030342 -0.057779 -0.376041 0.045125 0.923698
1753905421.619537 16599951.933520 4834027.068655 -102470537.030342 -0.057779 -0.376041 0.045125 0.923698
1753905421.624538 16599951.933520 4834027.068655 -102470537.030342 -0.057779 -0.376041 0.045125 0.923698
1753905421.629540 16599951.933520 4834027.068655 -102470537.030342 -0.057779 -0.376041 0.045125 0.923698
1753905421.634541 16599951.933520 4834027.068655 -102470537.030342 -0.057779 -0.376041 0.045125 0.923698
1753905421.639542 16599951.933520 4834027.068655 -102470537.030342 -0.057779 -0.376041 0.045125 0.923698
1753905421.644544 16599951.933520 4834027.068655 -102470537.030342 -0.057779 -0.376041 0.045125 0.923698
1753905421.649545 16599951.933520 4834027.068655 -102470537.030342 -0.057779 -0.376041 0.045125 0.923698
1753905421.654546 16599951.936560 4834027.068163 -102470537.020397 -0.063252 -0.405994 0.050369 0.910292
1753905421.659548 16599951.936560 4834027.068163 -102470537.020397 -0.063252 -0.405994 0.050369 0.910292
1753905421.664549 16599951.936560 4834027.068163 -102470537.020397 -0.063252 -0.405994 0.050369 0.910292
1753905421.669550 16599951.936560 4834027.068163 -102470537.020397 -0.063252 -0.405994 0.050369 0.910292
1753905421.674551 16599951.936560 4834027.068163 -102470537.020397 -0.063252 -0.405994 0.050369 0.910292
1753905421.679553 16599951.936560 4834027.068163 -102470537.020397 -0.063252 -0.405994 0.050369 0.910292
1753905421.684555 16599951.937874 4834027.063891 -102470537.015342 -0.064906 -0.419694 0.052493 0.903819
1753905421.689555 16599951.937874 4834027.063891 -102470537.015342 -0.064906 -0.419694 0.052493 0.903819
1753905421.694557 16599951.937874 4834027.063891 -102470537.015342 -0.064906 -0.419694 0.052493 0.903819
1753905421.699559 16599951.937874 4834027.063891 -102470537.015342 -0.064906 -0.419694 0.052493 0.903819
1753905421.704559 16599951.937874 4834027.063891 -102470537.015342 -0.064906 -0.419694 0.052493 0.903819
1753905421.709561 16599951.937874 4834027.063891 -102470537.015342 -0.064906 -0.419694 0.052493 0.903819
1753905421.714563 16599951.937874 4834027.063891 -102470537.015342 -0.064906 -0.419694 0.052493 0.903819
1753905421.719564 16599951.939122 4834027.062844 -102470537.009906 -0.066654 -0.432065 0.054389 0.897730
1753905421.724565 16599951.939122 4834027.062844 -102470537.009906 -0.066654 -0.432065 0.054389 0.897730
1753905421.729566 16599951.939122 4834027.062844 -102470537.009906 -0.066654 -0.432065 0.054389 0.897730
1753905421.734568 16599951.939122 4834027.062844 -102470537.009906 -0.066654 -0.432065 0.054389 0.897730
1753905421.739569 16599951.939122 4834027.062844 -102470537.009906 -0.066654 -0.432065 0.054389 0.897730
1753905421.744570 16599951.939122 4834027.062844 -102470537.009906 -0.066654 -0.432065 0.054389 0.897730
1753905421.749572 16599951.939122 4834027.062844 -102470537.009906 -0.066654 -0.432065 0.054389 0.897730
1753905421.754572 16599951.940295 4834027.062160 -102470537.001364 -0.066828 -0.443159 0.055476 0.892225
1753905421.759574 16599951.940295 4834027.062160 -102470537.001364 -0.066828 -0.443159 0.055476 0.892225
1753905421.764576 16599951.940295 4834027.062160 -102470537.001364 -0.066828 -0.443159 0.055476 0.892225
1753905421.769577 16599951.940295 4834027.062160 -102470537.001364 -0.066828 -0.443159 0.055476 0.892225
1753905421.774578 16599951.940295 4834027.062160 -102470537.001364 -0.066828 -0.443159 0.055476 0.892225
1753905421.779579 16599951.940295 4834027.062160 -102470537.001364 -0.066828 -0.443159 0.055476 0.892225
1753905421.784581 16599951.940295 4834027.062160 -102470537.001364 -0.066828 -0.443159 0.055476 0.892225
1753905421.789583 16599951.940295 4834027.062160 -102470537.001364 -0.066828 -0.443159 0.055476 0.892225
1753905421.794583 16599951.940295 4834027.062160 -102470537.001364 -0.066828 -0.443159 0.055476 0.892225
1753905421.799585 16599951.940295 4834027.062160 -102470537.001364 -0.066828 -0.443159 0.055476 0.892225
1753905421.804587 16599951.940295 4834027.062160 -102470537.001364 -0.066828 -0.443159 0.055476 0.892225
1753905421.809587 16599951.940295 4834027.062160 -102470537.001364 -0.066828 -0.443159 0.055476 0.892225
1753905421.814589 16599951.940295 4834027.062160 -102470537.001364 -0.066828 -0.443159 0.055476 0.892225
1753905421.819590 16599951.944285 4834027.060903 -102470536.986589 -0.064536 -0.461764 0.057691 0.882769
1753905421.824592 16599951.944285 4834027.060903 -102470536.986589 -0.064536 -0.461764 0.057691 0.882769
1753905421.829593 16599951.944285 4834027.060903 -102470536.986589 -0.064536 -0.461764 0.057691 0.882769
1753905421.834594 16599951.944285 4834027.060903 -102470536.986589 -0.064536 -0.461764 0.057691 0.882769
1753905421.839596 16599951.944285 4834027.060903 -102470536.986589 -0.064536 -0.461764 0.057691 0.882769
1753905421.844596 16599951.944285 4834027.060903 -102470536.986589 -0.064536 -0.461764 0.057691 0.882769
1753905421.849598 16599951.944285 4834027.060903 -102470536.986589 -0.064536 -0.461764 0.057691 0.882769
1753905421.854600 16599951.951444 4834027.058541 -102470536.988347 -0.062964 -0.469196 0.059202 0.878855
1753905421.859600 16599951.951444 4834027.058541 -102470536.988347 -0.062964 -0.469196 0.059202 0.878855
1753905421.864602 16599951.951444 4834027.058541 -102470536.988347 -0.062964 -0.469196 0.059202 0.878855
1753905421.869604 16599951.951444 4834027.058541 -102470536.988347 -0.062964 -0.469196 0.059202 0.878855
1753905421.874605 16599951.951444 4834027.058541 -102470536.988347 -0.062964 -0.469196 0.059202 0.878855
1753905421.879606 16599951.951444 4834027.058541 -102470536.988347 -0.062964 -0.469196 0.059202 0.878855
1753905421.884608 16599951.952727 4834027.056742 -102470536.982844 -0.060855 -0.475624 0.060006 0.875487
1753905421.889609 16599951.952727 4834027.056742 -102470536.982844 -0.060855 -0.475624 0.060006 0.875487
1753905421.894611 16599951.952727 4834027.056742 -102470536.982844 -0.060855 -0.475624 0.060006 0.875487
1753905421.899611 16599951.952727 4834027.056742 -102470536.982844 -0.060855 -0.475624 0.060006 0.875487
1753905421.904613 16599951.952727 4834027.056742 -102470536.982844 -0.060855 -0.475624 0.060006 0.875487
1753905421.909615 16599951.952727 4834027.056742 -102470536.982844 -0.060855 -0.475624 0.060006 0.875487
1753905421.914615 16599951.952727 4834027.056742 -102470536.982844 -0.060855 -0.475624 0.060006 0.875487
1753905421.919617 16599951.952307 4834027.056466 -102470536.978531 -0.058899 -0.481194 0.060164 0.872561
1753905421.924618 16599951.952307 4834027.056466 -102470536.978531 -0.058899 -0.481194 0.060164 0.872561
1753905421.929620 16599951.952307 4834027.056466 -102470536.978531 -0.058899 -0.481194 0.060164 0.872561
1753905421.934621 16599951.952307 4834027.056466 -102470536.978531 -0.058899 -0.481194 0.060164 0.872561
1753905421.939622 16599951.952307 4834027.056466 -102470536.978531 -0.058899 -0.481194 0.060164 0.872561
1753905421.944624 16599951.952307 4834027.056466 -102470536.978531 -0.058899 -0.481194 0.060164 0.872561
1753905421.949625 16599951.952307 4834027.056466 -102470536.978531 -0.058899 -0.481194 0.060164 0.872561
1753905421.954626 16599951.952307 4834027.056466 -102470536.978531 -0.058899 -0.481194 0.060164 0.872561
1753905421.959628 16599951.952307 4834027.056466 -102470536.978531 -0.058899 -0.481194 0.060164 0.872561
1753905421.964628 16599951.952307 4834027.056466 -102470536.978531 -0.058899 -0.481194 0.060164 0.872561
1753905421.969630 16599951.952307 4834027.056466 -102470536.978531 -0.058899 -0.481194 0.060164 0.872561
1753905421.974632 16599951.952307 4834027.056466 -102470536.978531 -0.058899 -0.481194 0.060164 0.872561
1753905421.979633 16599951.952307 4834027.056466 -102470536.978531 -0.058899 -0.481194 0.060164 0.872561
1753905421.984634 16599951.953996 4834027.056908 -102470536.968825 -0.054746 -0.493179 0.059629 0.866153
1753905421.989635 16599951.953996 4834027.056908 -102470536.968825 -0.054746 -0.493179 0.059629 0.866153
1753905421.994637 16599951.953996 4834027.056908 -102470536.968825 -0.054746 -0.493179 0.059629 0.866153
1753905421.999639 16599951.953996 4834027.056908 -102470536.968825 -0.054746 -0.493179 0.059629 0.866153
1753905422.004639 16599951.953996 4834027.056908 -102470536.968825 -0.054746 -0.493179 0.059629 0.866153
1753905422.009641 16599951.953996 4834027.056908 -102470536.968825 -0.054746 -0.493179 0.059629 0.866153
1753905422.014643 16599951.953996 4834027.056908 -102470536.968825 -0.054746 -0.493179 0.059629 0.866153
1753905422.019643 16599951.956082 4834027.059876 -102470536.965096 -0.052582 -0.499253 0.058955 0.862847
1753905422.024645 16599951.956082 4834027.059876 -102470536.965096 -0.052582 -0.499253 0.058955 0.862847
1753905422.029647 16599951.956082 4834027.059876 -102470536.965096 -0.052582 -0.499253 0.058955 0.862847
1753905422.034648 16599951.956082 4834027.059876 -102470536.965096 -0.052582 -0.499253 0.058955 0.862847
1753905422.039649 16599951.956082 4834027.059876 -102470536.965096 -0.052582 -0.499253 0.058955 0.862847
1753905422.044651 16599951.956082 4834027.059876 -102470536.965096 -0.052582 -0.499253 0.058955 0.862847
1753905422.049652 16599951.956082 4834027.059876 -102470536.965096 -0.052582 -0.499253 0.058955 0.862847
1753905422.053177 16599951.957945 4834027.059571 -102470536.962879 -0.050565 -0.505035 0.058795 0.859608
1753905422.054653 16599951.957945 4834027.059571 -102470536.962879 -0.050565 -0.505035 0.058795 0.859608
1753905422.059654 16599951.957945 4834027.059571 -102470536.962879 -0.050565 -0.505035 0.058795 0.859608
1753905422.064656 16599951.957945 4834027.059571 -102470536.962879 -0.050565 -0.505035 0.058795 0.859608
1753905422.069657 16599951.957945 4834027.059571 -102470536.962879 -0.050565 -0.505035 0.058795 0.859608
1753905422.074658 16599951.957945 4834027.059571 -102470536.962879 -0.050565 -0.505035 0.058795 0.859608
1753905422.079660 16599951.957945 4834027.059571 -102470536.962879 -0.050565 -0.505035 0.058795 0.859608
1753905422.084661 16599951.957945 4834027.059571 -102470536.962879 -0.050565 -0.505035 0.058795 0.859608
1753905422.089662 16599951.957945 4834027.059571 -102470536.962879 -0.050565 -0.505035 0.058795 0.859608
1753905422.094664 16599951.957945 4834027.059571 -102470536.962879 -0.050565 -0.505035 0.058795 0.859608
1753905422.099665 16599951.957945 4834027.059571 -102470536.962879 -0.050565 -0.505035 0.058795 0.859608
1753905422.104667 16599951.957945 4834027.059571 -102470536.962879 -0.050565 -0.505035 0.058795 0.859608
1753905422.109668 16599951.957945 4834027.059571 -102470536.962879 -0.050565 -0.505035 0.058795 0.859608
1753905422.114669 16599951.957945 4834027.059571 -102470536.962879 -0.050565 -0.505035 0.058795 0.859608
1753905422.119671 16599951.960126 4834027.059175 -102470536.958818 -0.047466 -0.516921 0.058782 0.852692
1753905422.124672 16599951.960126 4834027.059175 -102470536.958818 -0.047466 -0.516921 0.058782 0.852692
1753905422.129673 16599951.960126 4834027.059175 -102470536.958818 -0.047466 -0.516921 0.058782 0.852692
1753905422.134675 16599951.960126 4834027.059175 -102470536.958818 -0.047466 -0.516921 0.058782 0.852692
1753905422.139676 16599951.960126 4834027.059175 -102470536.958818 -0.047466 -0.516921 0.058782 0.852692
1753905422.144677 16599951.960126 4834027.059175 -102470536.958818 -0.047466 -0.516921 0.058782 0.852692
1753905422.149679 16599951.960126 4834027.059175 -102470536.958818 -0.047466 -0.516921 0.058782 0.852692
1753905422.154680 16599951.960126 4834027.059175 -102470536.958818 -0.047466 -0.516921 0.058782 0.852692
1753905422.159681 16599951.960126 4834027.059175 -102470536.958818 -0.047466 -0.516921 0.058782 0.852692
1753905422.164682 16599951.960126 4834027.059175 -102470536.958818 -0.047466 -0.516921 0.058782 0.852692
1753905422.169684 16599951.960126 4834027.059175 -102470536.958818 -0.047466 -0.516921 0.058782 0.852692
1753905422.174685 16599951.960126 4834027.059175 -102470536.958818 -0.047466 -0.516921 0.058782 0.852692
1753905422.179686 16599951.960126 4834027.059175 -102470536.958818 -0.047466 -0.516921 0.058782 0.852692
1753905422.184688 16599951.963070 4834027.062543 -102470536.944759 -0.045692 -0.530374 0.058822 0.844486
1753905422.189689 16599951.963070 4834027.062543 -102470536.944759 -0.045692 -0.530374 0.058822 0.844486
1753905422.194690 16599951.963070 4834027.062543 -102470536.944759 -0.045692 -0.530374 0.058822 0.844486
1753905422.199692 16599951.963070 4834027.062543 -102470536.944759 -0.045692 -0.530374 0.058822 0.844486
1753905422.204693 16599951.963070 4834027.062543 -102470536.944759 -0.045692 -0.530374 0.058822 0.844486
1753905422.209695 16599951.963070 4834027.062543 -102470536.944759 -0.045692 -0.530374 0.058822 0.844486
1753905422.214696 16599951.963070 4834027.062543 -102470536.944759 -0.045692 -0.530374 0.058822 0.844486
1753905422.219697 16599951.964432 4834027.062136 -102470536.944421 -0.044888 -0.536010 0.059312 0.840928
1753905422.224699 16599951.964432 4834027.062136 -102470536.944421 -0.044888 -0.536010 0.059312 0.840928
1753905422.229700 16599951.964432 4834027.062136 -102470536.944421 -0.044888 -0.536010 0.059312 0.840928
1753905422.234701 16599951.964432 4834027.062136 -102470536.944421 -0.044888 -0.536010 0.059312 0.840928
1753905422.239702 16599951.964432 4834027.062136 -102470536.944421 -0.044888 -0.536010 0.059312 0.840928
1753905422.244704 16599951.964432 4834027.062136 -102470536.944421 -0.044888 -0.536010 0.059312 0.840928
1753905422.249705 16599951.964432 4834027.062136 -102470536.944421 -0.044888 -0.536010 0.059312 0.840928
1753905422.254706 16599951.964817 4834027.062051 -102470536.943852 -0.044041 -0.541307 0.059180 0.837582
1753905422.259708 16599951.964817 4834027.062051 -102470536.943852 -0.044041 -0.541307 0.059180 0.837582
1753905422.264710 16599951.964817 4834027.062051 -102470536.943852 -0.044041 -0.541307 0.059180 0.837582
1753905422.269710 16599951.964817 4834027.062051 -102470536.943852 -0.044041 -0.541307 0.059180 0.837582
1753905422.274712 16599951.964817 4834027.062051 -102470536.943852 -0.044041 -0.541307 0.059180 0.837582
1753905422.279713 16599951.964817 4834027.062051 -102470536.943852 -0.044041 -0.541307 0.059180 0.837582
1753905422.284714 16599951.964817 4834027.062051 -102470536.943852 -0.044041 -0.541307 0.059180 0.837582
1753905422.289716 16599951.964817 4834027.062051 -102470536.943852 -0.044041 -0.541307 0.059180 0.837582
1753905422.294717 16599951.964817 4834027.062051 -102470536.943852 -0.044041 -0.541307 0.059180 0.837582
1753905422.296526 16599951.964817 4834027.062051 -102470536.943852 -0.044041 -0.541307 0.059180 0.837582
1753905422.299719 16599951.964817 4834027.062051 -102470536.943852 -0.044041 -0.541307 0.059180 0.837582
1753905422.304719 16599951.964817 4834027.062051 -102470536.943852 -0.044041 -0.541307 0.059180 0.837582
1753905422.309721 16599951.964817 4834027.062051 -102470536.943852 -0.044041 -0.541307 0.059180 0.837582
1753905422.314722 16599951.964817 4834027.062051 -102470536.943852 -0.044041 -0.541307 0.059180 0.837582
1753905422.316627 16599951.964049 4834027.063203 -102470536.942502 -0.042853 -0.550695 0.058156 0.831575
1753905422.319723 16599951.964049 4834027.063203 -102470536.942502 -0.042853 -0.550695 0.058156 0.831575
1753905422.324725 16599951.964049 4834027.063203 -102470536.942502 -0.042853 -0.550695 0.058156 0.831575
1753905422.329726 16599951.964049 4834027.063203 -102470536.942502 -0.042853 -0.550695 0.058156 0.831575
1753905422.334727 16599951.964049 4834027.063203 -102470536.942502 -0.042853 -0.550695 0.058156 0.831575
1753905422.339728 16599951.964049 4834027.063203 -102470536.942502 -0.042853 -0.550695 0.058156 0.831575
1753905422.344730 16599951.964049 4834027.063203 -102470536.942502 -0.042853 -0.550695 0.058156 0.831575
1753905422.349731 16599951.964049 4834027.063203 -102470536.942502 -0.042853 -0.550695 0.058156 0.831575
1753905422.354732 16599951.961420 4834027.054478 -102470536.941506 -0.042632 -0.555231 0.060384 0.828405
1753905422.359734 16599951.961420 4834027.054478 -102470536.941506 -0.042632 -0.555231 0.060384 0.828405
1753905422.364735 16599951.961420 4834027.054478 -102470536.941506 -0.042632 -0.555231 0.060384 0.828405
1753905422.369736 16599951.961420 4834027.054478 -102470536.941506 -0.042632 -0.555231 0.060384 0.828405
1753905422.374738 16599951.961420 4834027.054478 -102470536.941506 -0.042632 -0.555231 0.060384 0.828405
1753905422.379739 16599951.961420 4834027.054478 -102470536.941506 -0.042632 -0.555231 0.060384 0.828405
1753905422.384741 16599951.961420 4834027.054478 -102470536.941506 -0.042632 -0.555231 0.060384 0.828405
1753905422.389741 16599951.961420 4834027.054478 -102470536.941506 -0.042632 -0.555231 0.060384 0.828405
1753905422.394743 16599951.961420 4834027.054478 -102470536.941506 -0.042632 -0.555231 0.060384 0.828405
1753905422.399745 16599951.961420 4834027.054478 -102470536.941506 -0.042632 -0.555231 0.060384 0.828405
1753905422.404745 16599951.961420 4834027.054478 -102470536.941506 -0.042632 -0.555231 0.060384 0.828405
1753905422.409747 16599951.961420 4834027.054478 -102470536.941506 -0.042632 -0.555231 0.060384 0.828405
1753905422.414748 16599951.961420 4834027.054478 -102470536.941506 -0.042632 -0.555231 0.060384 0.828405
1753905422.419750 16599951.960772 4834027.054661 -102470536.941134 -0.041187 -0.567129 0.062497 0.820221
1753905422.424750 16599951.960772 4834027.054661 -102470536.941134 -0.041187 -0.567129 0.062497 0.820221
1753905422.429752 16599951.960772 4834027.054661 -102470536.941134 -0.041187 -0.567129 0.062497 0.820221
1753905422.434753 16599951.960772 4834027.054661 -102470536.941134 -0.041187 -0.567129 0.062497 0.820221
1753905422.439755 16599951.960772 4834027.054661 -102470536.941134 -0.041187 -0.567129 0.062497 0.820221
1753905422.444756 16599951.960772 4834027.054661 -102470536.941134 -0.041187 -0.567129 0.062497 0.820221
1753905422.449757 16599951.960772 4834027.054661 -102470536.941134 -0.041187 -0.567129 0.062497 0.820221
1753905422.454759 16599951.959596 4834027.054870 -102470536.939625 -0.041609 -0.574034 0.062997 0.815344
1753905422.459759 16599951.959596 4834027.054870 -102470536.939625 -0.041609 -0.574034 0.062997 0.815344
1753905422.464761 16599951.959596 4834027.054870 -102470536.939625 -0.041609 -0.574034 0.062997 0.815344
1753905422.469763 16599951.959596 4834027.054870 -102470536.939625 -0.041609 -0.574034 0.062997 0.815344
1753905422.474763 16599951.959596 4834027.054870 -102470536.939625 -0.041609 -0.574034 0.062997 0.815344
1753905422.479765 16599951.959596 4834027.054870 -102470536.939625 -0.041609 -0.574034 0.062997 0.815344
1753905422.484766 16599951.959596 4834027.054870 -102470536.939625 -0.041609 -0.574034 0.062997 0.815344
1753905422.489768 16599951.959596 4834027.054870 -102470536.939625 -0.041609 -0.574034 0.062997 0.815344
1753905422.494768 16599951.959596 4834027.054870 -102470536.939625 -0.041609 -0.574034 0.062997 0.815344
1753905422.499770 16599951.959596 4834027.054870 -102470536.939625 -0.041609 -0.574034 0.062997 0.815344
1753905422.504771 16599951.959596 4834027.054870 -102470536.939625 -0.041609 -0.574034 0.062997 0.815344
1753905422.509773 16599951.959596 4834027.054870 -102470536.939625 -0.041609 -0.574034 0.062997 0.815344
1753905422.514774 16599951.959596 4834027.054870 -102470536.939625 -0.041609 -0.574034 0.062997 0.815344
1753905422.519775 16599951.959133 4834027.054854 -102470536.938648 -0.042792 -0.588990 0.063544 0.804501
1753905422.524777 16599951.959133 4834027.054854 -102470536.938648 -0.042792 -0.588990 0.063544 0.804501
1753905422.529778 16599951.959133 4834027.054854 -102470536.938648 -0.042792 -0.588990 0.063544 0.804501
1753905422.534779 16599951.959133 4834027.054854 -102470536.938648 -0.042792 -0.588990 0.063544 0.804501
1753905422.539781 16599951.959133 4834027.054854 -102470536.938648 -0.042792 -0.588990 0.063544 0.804501
1753905422.544782 16599951.959133 4834027.054854 -102470536.938648 -0.042792 -0.588990 0.063544 0.804501
1753905422.549783 16599951.959133 4834027.054854 -102470536.938648 -0.042792 -0.588990 0.063544 0.804501
1753905422.554784 16599951.958304 4834027.054523 -102470536.937340 -0.042867 -0.596549 0.063275 0.798929
1753905422.559786 16599951.958304 4834027.054523 -102470536.937340 -0.042867 -0.596549 0.063275 0.798929
1753905422.564786 16599951.958304 4834027.054523 -102470536.937340 -0.042867 -0.596549 0.063275 0.798929
1753905422.569788 16599951.958304 4834027.054523 -102470536.937340 -0.042867 -0.596549 0.063275 0.798929
1753905422.574790 16599951.958304 4834027.054523 -102470536.937340 -0.042867 -0.596549 0.063275 0.798929
1753905422.579791 16599951.958304 4834027.054523 -102470536.937340 -0.042867 -0.596549 0.063275 0.798929
1753905422.584792 16599951.958304 4834027.054523 -102470536.937340 -0.042867 -0.596549 0.063275 0.798929
1753905422.589793 16599951.958304 4834027.054523 -102470536.937340 -0.042867 -0.596549 0.063275 0.798929
1753905422.594795 16599951.958304 4834027.054523 -102470536.937340 -0.042867 -0.596549 0.063275 0.798929
1753905422.599795 16599951.958304 4834027.054523 -102470536.937340 -0.042867 -0.596549 0.063275 0.798929
1753905422.604797 16599951.958304 4834027.054523 -102470536.937340 -0.042867 -0.596549 0.063275 0.798929
1753905422.609799 16599951.958304 4834027.054523 -102470536.937340 -0.042867 -0.596549 0.063275 0.798929
1753905422.614799 16599951.958304 4834027.054523 -102470536.937340 -0.042867 -0.596549 0.063275 0.798929
1753905422.619801 16599951.960230 4834027.055015 -102470536.934032 -0.043753 -0.612077 0.063826 0.787003
1753905422.624802 16599951.960230 4834027.055015 -102470536.934032 -0.043753 -0.612077 0.063826 0.787003
1753905422.629804 16599951.960230 4834027.055015 -102470536.934032 -0.043753 -0.612077 0.063826 0.787003
1753905422.634804 16599951.960230 4834027.055015 -102470536.934032 -0.043753 -0.612077 0.063826 0.787003
1753905422.639806 16599951.960230 4834027.055015 -102470536.934032 -0.043753 -0.612077 0.063826 0.787003
1753905422.644808 16599951.960230 4834027.055015 -102470536.934032 -0.043753 -0.612077 0.063826 0.787003
1753905422.649809 16599951.960230 4834027.055015 -102470536.934032 -0.043753 -0.612077 0.063826 0.787003
1753905422.654810 16599951.960586 4834027.054270 -102470536.933081 -0.043499 -0.620018 0.065097 0.780671
1753905422.659811 16599951.960586 4834027.054270 -102470536.933081 -0.043499 -0.620018 0.065097 0.780671
1753905422.664813 16599951.960586 4834027.054270 -102470536.933081 -0.043499 -0.620018 0.065097 0.780671
1753905422.669813 16599951.960586 4834027.054270 -102470536.933081 -0.043499 -0.620018 0.065097 0.780671
1753905422.674815 16599951.960586 4834027.054270 -102470536.933081 -0.043499 -0.620018 0.065097 0.780671
1753905422.679817 16599951.960586 4834027.054270 -102470536.933081 -0.043499 -0.620018 0.065097 0.780671
1753905422.684817 16599951.959750 4834027.055177 -102470536.931298 -0.043210 -0.628124 0.066026 0.774102
1753905422.689819 16599951.959750 4834027.055177 -102470536.931298 -0.043210 -0.628124 0.066026 0.774102
1753905422.694820 16599951.959750 4834027.055177 -102470536.931298 -0.043210 -0.628124 0.066026 0.774102
1753905422.699822 16599951.959750 4834027.055177 -102470536.931298 -0.043210 -0.628124 0.066026 0.774102
1753905422.704823 16599951.959750 4834027.055177 -102470536.931298 -0.043210 -0.628124 0.066026 0.774102
1753905422.709824 16599951.959750 4834027.055177 -102470536.931298 -0.043210 -0.628124 0.066026 0.774102
1753905422.714826 16599951.959750 4834027.055177 -102470536.931298 -0.043210 -0.628124 0.066026 0.774102
1753905422.719826 16599951.959750 4834027.055177 -102470536.931298 -0.043210 -0.628124 0.066026 0.774102
1753905422.724828 16599951.959750 4834027.055177 -102470536.931298 -0.043210 -0.628124 0.066026 0.774102
1753905422.729829 16599951.959750 4834027.055177 -102470536.931298 -0.043210 -0.628124 0.066026 0.774102
1753905422.734831 16599951.959750 4834027.055177 -102470536.931298 -0.043210 -0.628124 0.066026 0.774102
1753905422.739831 16599951.959750 4834027.055177 -102470536.931298 -0.043210 -0.628124 0.066026 0.774102
1753905422.744833 16599951.959750 4834027.055177 -102470536.931298 -0.043210 -0.628124 0.066026 0.774102
1753905422.749835 16599951.959750 4834027.055177 -102470536.931298 -0.043210 -0.628124 0.066026 0.774102
1753905422.754835 16599951.960550 4834027.054312 -102470536.922271 -0.043854 -0.645700 0.070196 0.759092
1753905422.759837 16599951.960550 4834027.054312 -102470536.922271 -0.043854 -0.645700 0.070196 0.759092
1753905422.764838 16599951.960550 4834027.054312 -102470536.922271 -0.043854 -0.645700 0.070196 0.759092
1753905422.769840 16599951.960550 4834027.054312 -102470536.922271 -0.043854 -0.645700 0.070196 0.759092
1753905422.774841 16599951.960550 4834027.054312 -102470536.922271 -0.043854 -0.645700 0.070196 0.759092
1753905422.779842 16599951.960550 4834027.054312 -102470536.922271 -0.043854 -0.645700 0.070196 0.759092
1753905422.784844 16599951.952743 4834027.053640 -102470536.903657 -0.044279 -0.655520 0.072941 0.750342
1753905422.789845 16599951.952743 4834027.053640 -102470536.903657 -0.044279 -0.655520 0.072941 0.750342
1753905422.794846 16599951.952743 4834027.053640 -102470536.903657 -0.044279 -0.655520 0.072941 0.750342
1753905422.799847 16599951.952743 4834027.053640 -102470536.903657 -0.044279 -0.655520 0.072941 0.750342
1753905422.804849 16599951.952743 4834027.053640 -102470536.903657 -0.044279 -0.655520 0.072941 0.750342
1753905422.805263 16599951.952743 4834027.053640 -102470536.903657 -0.044279 -0.655520 0.072941 0.750342
1753905422.809850 16599951.952743 4834027.053640 -102470536.903657 -0.044279 -0.655520 0.072941 0.750342
1753905422.814851 16599951.952743 4834027.053640 -102470536.903657 -0.044279 -0.655520 0.072941 0.750342
1753905422.819853 16599951.952743 4834027.053640 -102470536.903657 -0.044279 -0.655520 0.072941 0.750342
1753905422.824854 16599951.952743 4834027.053640 -102470536.903657 -0.044279 -0.655520 0.072941 0.750342
1753905422.829855 16599951.952743 4834027.053640 -102470536.903657 -0.044279 -0.655520 0.072941 0.750342
1753905422.834857 16599951.952743 4834027.053640 -102470536.903657 -0.044279 -0.655520 0.072941 0.750342
1753905422.839858 16599951.952743 4834027.053640 -102470536.903657 -0.044279 -0.655520 0.072941 0.750342
1753905422.844859 16599951.952743 4834027.053640 -102470536.903657 -0.044279 -0.655520 0.072941 0.750342
1753905422.849860 16599951.952743 4834027.053640 -102470536.903657 -0.044279 -0.655520 0.072941 0.750342
1753905422.854862 16599951.950902 4834027.051981 -102470536.895489 -0.046563 -0.673350 0.075392 0.733994
1753905422.859863 16599951.950902 4834027.051981 -102470536.895489 -0.046563 -0.673350 0.075392 0.733994
1753905422.864864 16599951.950902 4834027.051981 -102470536.895489 -0.046563 -0.673350 0.075392 0.733994
1753905422.869865 16599951.950902 4834027.051981 -102470536.895489 -0.046563 -0.673350 0.075392 0.733994
1753905422.874867 16599951.950902 4834027.051981 -102470536.895489 -0.046563 -0.673350 0.075392 0.733994
1753905422.879868 16599951.950902 4834027.051981 -102470536.895489 -0.046563 -0.673350 0.075392 0.733994
1753905422.884869 16599951.952259 4834027.051062 -102470536.889726 -0.047237 -0.682824 0.075652 0.725118
1753905422.889871 16599951.952259 4834027.051062 -102470536.889726 -0.047237 -0.682824 0.075652 0.725118
1753905422.894872 16599951.952259 4834027.051062 -102470536.889726 -0.047237 -0.682824 0.075652 0.725118
1753905422.899873 16599951.952259 4834027.051062 -102470536.889726 -0.047237 -0.682824 0.075652 0.725118
1753905422.904875 16599951.952259 4834027.051062 -102470536.889726 -0.047237 -0.682824 0.075652 0.725118
1753905422.909031 16599951.952259 4834027.051062 -102470536.889726 -0.047237 -0.682824 0.075652 0.725118
1753905422.909876 16599951.952259 4834027.051062 -102470536.889726 -0.047237 -0.682824 0.075652 0.725118
1753905422.914877 16599951.952259 4834027.051062 -102470536.889726 -0.047237 -0.682824 0.075652 0.725118
1753905422.919878 16599951.952259 4834027.051062 -102470536.889726 -0.047237 -0.682824 0.075652 0.725118
1753905422.924880 16599951.952259 4834027.051062 -102470536.889726 -0.047237 -0.682824 0.075652 0.725118
1753905422.929880 16599951.952259 4834027.051062 -102470536.889726 -0.047237 -0.682824 0.075652 0.725118
1753905422.934882 16599951.952259 4834027.051062 -102470536.889726 -0.047237 -0.682824 0.075652 0.725118
1753905422.939883 16599951.952259 4834027.051062 -102470536.889726 -0.047237 -0.682824 0.075652 0.725118
1753905422.944885 16599951.952259 4834027.051062 -102470536.889726 -0.047237 -0.682824 0.075652 0.725118
1753905422.949886 16599951.952259 4834027.051062 -102470536.889726 -0.047237 -0.682824 0.075652 0.725118
1753905422.954887 16599951.949588 4834027.050383 -102470536.881227 -0.047939 -0.701472 0.077040 0.706897
1753905422.959889 16599951.949588 4834027.050383 -102470536.881227 -0.047939 -0.701472 0.077040 0.706897
1753905422.964890 16599951.949588 4834027.050383 -102470536.881227 -0.047939 -0.701472 0.077040 0.706897
1753905422.969891 16599951.949588 4834027.050383 -102470536.881227 -0.047939 -0.701472 0.077040 0.706897
1753905422.974893 16599951.949588 4834027.050383 -102470536.881227 -0.047939 -0.701472 0.077040 0.706897
1753905422.979894 16599951.949588 4834027.050383 -102470536.881227 -0.047939 -0.701472 0.077040 0.706897
1753905422.984895 16599951.947318 4834027.052016 -102470536.875521 -0.047828 -0.711305 0.077886 0.696915
1753905422.989896 16599951.947318 4834027.052016 -102470536.875521 -0.047828 -0.711305 0.077886 0.696915
1753905422.994898 16599951.947318 4834027.052016 -102470536.875521 -0.047828 -0.711305 0.077886 0.696915
1753905422.999898 16599951.947318 4834027.052016 -102470536.875521 -0.047828 -0.711305 0.077886 0.696915
1753905423.004900 16599951.947318 4834027.052016 -102470536.875521 -0.047828 -0.711305 0.077886 0.696915
1753905423.009902 16599951.947318 4834027.052016 -102470536.875521 -0.047828 -0.711305 0.077886 0.696915
1753905423.011880 16599951.947318 4834027.052016 -102470536.875521 -0.047828 -0.711305 0.077886 0.696915
1753905423.014903 16599951.947318 4834027.052016 -102470536.875521 -0.047828 -0.711305 0.077886 0.696915
1753905423.019905 16599951.947318 4834027.052016 -102470536.875521 -0.047828 -0.711305 0.077886 0.696915
1753905423.024905 16599951.947318 4834027.052016 -102470536.875521 -0.047828 -0.711305 0.077886 0.696915
1753905423.029907 16599951.947318 4834027.052016 -102470536.875521 -0.047828 -0.711305 0.077886 0.696915
1753905423.034909 16599951.947318 4834027.052016 -102470536.875521 -0.047828 -0.711305 0.077886 0.696915
1753905423.039909 16599951.947318 4834027.052016 -102470536.875521 -0.047828 -0.711305 0.077886 0.696915
1753905423.044911 16599951.947318 4834027.052016 -102470536.875521 -0.047828 -0.711305 0.077886 0.696915
1753905423.049912 16599951.947318 4834027.052016 -102470536.875521 -0.047828 -0.711305 0.077886 0.696915
1753905423.054913 16599951.943292 4834027.053321 -102470536.866200 -0.048609 -0.732097 0.080048 0.674732
1753905423.059914 16599951.943292 4834027.053321 -102470536.866200 -0.048609 -0.732097 0.080048 0.674732
1753905423.064916 16599951.943292 4834027.053321 -102470536.866200 -0.048609 -0.732097 0.080048 0.674732
1753905423.069917 16599951.943292 4834027.053321 -102470536.866200 -0.048609 -0.732097 0.080048 0.674732
1753905423.074918 16599951.943292 4834027.053321 -102470536.866200 -0.048609 -0.732097 0.080048 0.674732
1753905423.079919 16599951.943292 4834027.053321 -102470536.866200 -0.048609 -0.732097 0.080048 0.674732
1753905423.084921 16599951.961080 4834027.052407 -102470536.915057 -0.049214 -0.738308 0.081875 0.667664
1753905423.089921 16599951.961080 4834027.052407 -102470536.915057 -0.049214 -0.738308 0.081875 0.667664
1753905423.094923 16599951.961080 4834027.052407 -102470536.915057 -0.049214 -0.738308 0.081875 0.667664
1753905423.099925 16599951.961080 4834027.052407 -102470536.915057 -0.049214 -0.738308 0.081875 0.667664
1753905423.104925 16599951.961080 4834027.052407 -102470536.915057 -0.049214 -0.738308 0.081875 0.667664
1753905423.109927 16599951.961080 4834027.052407 -102470536.915057 -0.049214 -0.738308 0.081875 0.667664
1753905423.114730 16599951.961080 4834027.052407 -102470536.915057 -0.049214 -0.738308 0.081875 0.667664
1753905423.114928 16599951.961080 4834027.052407 -102470536.915057 -0.049214 -0.738308 0.081875 0.667664
1753905423.119930 16599951.950476 4834027.058467 -102470536.892109 -0.053857 -0.750055 0.084794 0.653702
1753905423.129932 16599951.950476 4834027.058467 -102470536.892109 -0.053857 -0.750055 0.084794 0.653702
1753905423.134934 16599951.950476 4834027.058467 -102470536.892109 -0.053857 -0.750055 0.084794 0.653702
1753905423.139934 16599951.950476 4834027.058467 -102470536.892109 -0.053857 -0.750055 0.084794 0.653702
1753905423.144936 16599951.950476 4834027.058467 -102470536.892109 -0.053857 -0.750055 0.084794 0.653702
1753905423.149937 16599951.950476 4834027.058467 -102470536.892109 -0.053857 -0.750055 0.084794 0.653702
1753905423.154939 16599951.950476 4834027.058467 -102470536.892109 -0.053857 -0.750055 0.084794 0.653702
1753905423.159940 16599951.950476 4834027.058467 -102470536.892109 -0.053857 -0.750055 0.084794 0.653702
1753905423.164941 16599951.950476 4834027.058467 -102470536.892109 -0.053857 -0.750055 0.084794 0.653702
1753905423.169943 16599951.950476 4834027.058467 -102470536.892109 -0.053857 -0.750055 0.084794 0.653702
1753905423.174944 16599951.950476 4834027.058467 -102470536.892109 -0.053857 -0.750055 0.084794 0.653702
1753905423.179945 16599951.950476 4834027.058467 -102470536.892109 -0.053857 -0.750055 0.084794 0.653702
1753905423.184947 16599951.947841 4834027.059971 -102470536.887481 -0.059299 -0.770537 0.089924 0.628227
1753905423.189948 16599951.947841 4834027.059971 -102470536.887481 -0.059299 -0.770537 0.089924 0.628227
1753905423.194949 16599951.947841 4834027.059971 -102470536.887481 -0.059299 -0.770537 0.089924 0.628227
1753905423.199950 16599951.947841 4834027.059971 -102470536.887481 -0.059299 -0.770537 0.089924 0.628227
1753905423.204952 16599951.947841 4834027.059971 -102470536.887481 -0.059299 -0.770537 0.089924 0.628227
1753905423.209953 16599951.947841 4834027.059971 -102470536.887481 -0.059299 -0.770537 0.089924 0.628227
1753905423.214954 16599951.947841 4834027.059971 -102470536.887481 -0.059299 -0.770537 0.089924 0.628227
1753905423.217579 16599951.947178 4834027.059671 -102470536.884047 -0.060270 -0.780118 0.092618 0.615796
1753905423.219955 16599951.947178 4834027.059671 -102470536.884047 -0.060270 -0.780118 0.092618 0.615796
1753905423.224957 16599951.947178 4834027.059671 -102470536.884047 -0.060270 -0.780118 0.092618 0.615796
1753905423.229958 16599951.947178 4834027.059671 -102470536.884047 -0.060270 -0.780118 0.092618 0.615796
1753905423.234959 16599951.947178 4834027.059671 -102470536.884047 -0.060270 -0.780118 0.092618 0.615796
1753905423.239961 16599951.947178 4834027.059671 -102470536.884047 -0.060270 -0.780118 0.092618 0.615796
1753905423.244962 16599951.947178 4834027.059671 -102470536.884047 -0.060270 -0.780118 0.092618 0.615796
1753905423.249963 16599951.947178 4834027.059671 -102470536.884047 -0.060270 -0.780118 0.092618 0.615796
1753905423.254965 16599951.947178 4834027.059671 -102470536.884047 -0.060270 -0.780118 0.092618 0.615796
1753905423.259966 16599951.947178 4834027.059671 -102470536.884047 -0.060270 -0.780118 0.092618 0.615796
1753905423.264967 16599951.947178 4834027.059671 -102470536.884047 -0.060270 -0.780118 0.092618 0.615796
1753905423.269968 16599951.947178 4834027.059671 -102470536.884047 -0.060270 -0.780118 0.092618 0.615796
1753905423.274970 16599951.947178 4834027.059671 -102470536.884047 -0.060270 -0.780118 0.092618 0.615796
1753905423.279971 16599951.947178 4834027.059671 -102470536.884047 -0.060270 -0.780118 0.092618 0.615796
1753905423.283518 16599951.945849 4834027.060254 -102470536.872447 -0.065260 -0.797296 0.097149 0.592133
1753905423.284972 16599951.945849 4834027.060254 -102470536.872447 -0.065260 -0.797296 0.097149 0.592133
1753905423.289974 16599951.945849 4834027.060254 -102470536.872447 -0.065260 -0.797296 0.097149 0.592133
1753905423.294975 16599951.945849 4834027.060254 -102470536.872447 -0.065260 -0.797296 0.097149 0.592133
1753905423.299976 16599951.945849 4834027.060254 -102470536.872447 -0.065260 -0.797296 0.097149 0.592133
1753905423.304978 16599951.945849 4834027.060254 -102470536.872447 -0.065260 -0.797296 0.097149 0.592133
1753905423.309979 16599951.945849 4834027.060254 -102470536.872447 -0.065260 -0.797296 0.097149 0.592133
1753905423.314981 16599951.945849 4834027.060254 -102470536.872447 -0.065260 -0.797296 0.097149 0.592133
1753905423.319982 16599951.947038 4834027.058516 -102470536.863150 -0.067903 -0.804626 0.098544 0.581596
1753905423.320429 16599951.947038 4834027.058516 -102470536.863150 -0.067903 -0.804626 0.098544 0.581596
1753905423.324983 16599951.947038 4834027.058516 -102470536.863150 -0.067903 -0.804626 0.098544 0.581596
1753905423.329985 16599951.947038 4834027.058516 -102470536.863150 -0.067903 -0.804626 0.098544 0.581596
1753905423.334985 16599951.947038 4834027.058516 -102470536.863150 -0.067903 -0.804626 0.098544 0.581596
1753905423.339987 16599951.947038 4834027.058516 -102470536.863150 -0.067903 -0.804626 0.098544 0.581596
1753905423.344988 16599951.947038 4834027.058516 -102470536.863150 -0.067903 -0.804626 0.098544 0.581596
1753905423.349990 16599951.947038 4834027.058516 -102470536.863150 -0.067903 -0.804626 0.098544 0.581596
1753905423.354991 16599951.947038 4834027.058516 -102470536.863150 -0.067903 -0.804626 0.098544 0.581596
1753905423.359992 16599951.947038 4834027.058516 -102470536.863150 -0.067903 -0.804626 0.098544 0.581596
1753905423.364994 16599951.947038 4834027.058516 -102470536.863150 -0.067903 -0.804626 0.098544 0.581596
1753905423.369995 16599951.947038 4834027.058516 -102470536.863150 -0.067903 -0.804626 0.098544 0.581596
1753905423.374996 16599951.947038 4834027.058516 -102470536.863150 -0.067903 -0.804626 0.098544 0.581596
1753905423.379998 16599951.947038 4834027.058516 -102470536.863150 -0.067903 -0.804626 0.098544 0.581596
1753905423.385000 16599951.949308 4834027.053092 -102470536.849967 -0.074192 -0.818221 0.096747 0.561828
1753905423.390000 16599951.949308 4834027.053092 -102470536.849967 -0.074192 -0.818221 0.096747 0.561828
1753905423.395002 16599951.949308 4834027.053092 -102470536.849967 -0.074192 -0.818221 0.096747 0.561828
1753905423.400003 16599951.949308 4834027.053092 -102470536.849967 -0.074192 -0.818221 0.096747 0.561828
1753905423.405004 16599951.949308 4834027.053092 -102470536.849967 -0.074192 -0.818221 0.096747 0.561828
1753905423.410006 16599951.949308 4834027.053092 -102470536.849967 -0.074192 -0.818221 0.096747 0.561828
1753905423.415007 16599951.949308 4834027.053092 -102470536.849967 -0.074192 -0.818221 0.096747 0.561828
1753905423.420009 16599951.949308 4834027.053092 -102470536.849967 -0.074192 -0.818221 0.096747 0.561828
1753905423.425009 16599951.949308 4834027.053092 -102470536.849967 -0.074192 -0.818221 0.096747 0.561828
1753905423.430011 16599951.949308 4834027.053092 -102470536.849967 -0.074192 -0.818221 0.096747 0.561828
1753905423.435013 16599951.949308 4834027.053092 -102470536.849967 -0.074192 -0.818221 0.096747 0.561828
1753905423.440013 16599951.949308 4834027.053092 -102470536.849967 -0.074192 -0.818221 0.096747 0.561828
1753905423.440726 16599951.949308 4834027.053092 -102470536.849967 -0.074192 -0.818221 0.096747 0.561828
1753905423.445015 16599951.949308 4834027.053092 -102470536.849967 -0.074192 -0.818221 0.096747 0.561828
1753905423.450016 16599951.949308 4834027.053092 -102470536.849967 -0.074192 -0.818221 0.096747 0.561828
1753905423.455018 16599951.940194 4834027.060804 -102470536.862879 -0.076459 -0.830765 0.093510 0.543360
1753905423.460019 16599951.940194 4834027.060804 -102470536.862879 -0.076459 -0.830765 0.093510 0.543360
1753905423.465020 16599951.940194 4834027.060804 -102470536.862879 -0.076459 -0.830765 0.093510 0.543360
1753905423.470022 16599951.940194 4834027.060804 -102470536.862879 -0.076459 -0.830765 0.093510 0.543360
1753905423.475023 16599951.940194 4834027.060804 -102470536.862879 -0.076459 -0.830765 0.093510 0.543360
1753905423.480024 16599951.940194 4834027.060804 -102470536.862879 -0.076459 -0.830765 0.093510 0.543360
1753905423.485026 16599951.934960 4834027.060493 -102470536.850630 -0.076828 -0.837542 0.093642 0.532777
1753905423.490027 16599951.934960 4834027.060493 -102470536.850630 -0.076828 -0.837542 0.093642 0.532777
1753905423.495028 16599951.934960 4834027.060493 -102470536.850630 -0.076828 -0.837542 0.093642 0.532777
1753905423.500030 16599951.934960 4834027.060493 -102470536.850630 -0.076828 -0.837542 0.093642 0.532777
1753905423.505031 16599951.934960 4834027.060493 -102470536.850630 -0.076828 -0.837542 0.093642 0.532777
1753905423.510032 16599951.934960 4834027.060493 -102470536.850630 -0.076828 -0.837542 0.093642 0.532777
1753905423.515033 16599951.934960 4834027.060493 -102470536.850630 -0.076828 -0.837542 0.093642 0.532777
1753905423.520035 16599951.934960 4834027.060493 -102470536.850630 -0.076828 -0.837542 0.093642 0.532777
1753905423.525037 16599951.934960 4834027.060493 -102470536.850630 -0.076828 -0.837542 0.093642 0.532777
1753905423.530037 16599951.934960 4834027.060493 -102470536.850630 -0.076828 -0.837542 0.093642 0.532777
1753905423.535039 16599951.934960 4834027.060493 -102470536.850630 -0.076828 -0.837542 0.093642 0.532777
1753905423.540041 16599951.934960 4834027.060493 -102470536.850630 -0.076828 -0.837542 0.093642 0.532777
1753905423.545041 16599951.934960 4834027.060493 -102470536.850630 -0.076828 -0.837542 0.093642 0.532777
1753905423.550043 16599951.934960 4834027.060493 -102470536.850630 -0.076828 -0.837542 0.093642 0.532777
1753905423.555045 16599951.929014 4834027.062727 -102470536.834812 -0.075578 -0.848951 0.095392 0.514267
1753905423.560046 16599951.929014 4834027.062727 -102470536.834812 -0.075578 -0.848951 0.095392 0.514267
1753905423.565047 16599951.929014 4834027.062727 -102470536.834812 -0.075578 -0.848951 0.095392 0.514267
1753905423.570049 16599951.929014 4834027.062727 -102470536.834812 -0.075578 -0.848951 0.095392 0.514267
1753905423.575050 16599951.929014 4834027.062727 -102470536.834812 -0.075578 -0.848951 0.095392 0.514267
1753905423.580052 16599951.929014 4834027.062727 -102470536.834812 -0.075578 -0.848951 0.095392 0.514267
1753905423.585052 16599951.923575 4834027.062788 -102470536.824430 -0.074094 -0.853969 0.096792 0.505844
1753905423.590054 16599951.923575 4834027.062788 -102470536.824430 -0.074094 -0.853969 0.096792 0.505844
1753905423.595056 16599951.923575 4834027.062788 -102470536.824430 -0.074094 -0.853969 0.096792 0.505844
1753905423.600056 16599951.923575 4834027.062788 -102470536.824430 -0.074094 -0.853969 0.096792 0.505844
1753905423.605058 16599951.923575 4834027.062788 -102470536.824430 -0.074094 -0.853969 0.096792 0.505844
1753905423.610059 16599951.923575 4834027.062788 -102470536.824430 -0.074094 -0.853969 0.096792 0.505844
1753905423.615061 16599951.923575 4834027.062788 -102470536.824430 -0.074094 -0.853969 0.096792 0.505844
1753905423.620062 16599951.923575 4834027.062788 -102470536.824430 -0.074094 -0.853969 0.096792 0.505844
1753905423.625063 16599951.923575 4834027.062788 -102470536.824430 -0.074094 -0.853969 0.096792 0.505844
1753905423.630065 16599951.923575 4834027.062788 -102470536.824430 -0.074094 -0.853969 0.096792 0.505844
1753905423.635066 16599951.923575 4834027.062788 -102470536.824430 -0.074094 -0.853969 0.096792 0.505844
1753905423.640067 16599951.923575 4834027.062788 -102470536.824430 -0.074094 -0.853969 0.096792 0.505844
1753905423.645069 16599951.923575 4834027.062788 -102470536.824430 -0.074094 -0.853969 0.096792 0.505844
1753905423.650069 16599951.923575 4834027.062788 -102470536.824430 -0.074094 -0.853969 0.096792 0.505844
1753905423.655071 16599951.916379 4834027.068574 -102470536.838144 -0.071623 -0.860476 0.099096 0.494602
1753905423.660073 16599951.916379 4834027.068574 -102470536.838144 -0.071623 -0.860476 0.099096 0.494602
1753905423.665074 16599951.916379 4834027.068574 -102470536.838144 -0.071623 -0.860476 0.099096 0.494602
1753905423.670075 16599951.916379 4834027.068574 -102470536.838144 -0.071623 -0.860476 0.099096 0.494602
1753905423.675076 16599951.916379 4834027.068574 -102470536.838144 -0.071623 -0.860476 0.099096 0.494602
1753905423.680078 16599951.916379 4834027.068574 -102470536.838144 -0.071623 -0.860476 0.099096 0.494602
1753905423.685080 16599951.910496 4834027.069518 -102470536.832392 -0.069371 -0.863509 0.098982 0.489635
1753905423.690080 16599951.910496 4834027.069518 -102470536.832392 -0.069371 -0.863509 0.098982 0.489635
1753905423.695082 16599951.910496 4834027.069518 -102470536.832392 -0.069371 -0.863509 0.098982 0.489635
1753905423.700084 16599951.910496 4834027.069518 -102470536.832392 -0.069371 -0.863509 0.098982 0.489635
1753905423.705084 16599951.910496 4834027.069518 -102470536.832392 -0.069371 -0.863509 0.098982 0.489635
1753905423.710086 16599951.910496 4834027.069518 -102470536.832392 -0.069371 -0.863509 0.098982 0.489635
1753905423.715087 16599951.910496 4834027.069518 -102470536.832392 -0.069371 -0.863509 0.098982 0.489635
1753905423.720089 16599951.907029 4834027.068648 -102470536.827014 -0.066966 -0.865910 0.098736 0.485764
1753905423.725090 16599951.907029 4834027.068648 -102470536.827014 -0.066966 -0.865910 0.098736 0.485764
1753905423.730091 16599951.907029 4834027.068648 -102470536.827014 -0.066966 -0.865910 0.098736 0.485764
1753905423.735093 16599951.907029 4834027.068648 -102470536.827014 -0.066966 -0.865910 0.098736 0.485764
1753905423.740093 16599951.907029 4834027.068648 -102470536.827014 -0.066966 -0.865910 0.098736 0.485764
1753905423.745095 16599951.907029 4834027.068648 -102470536.827014 -0.066966 -0.865910 0.098736 0.485764
1753905423.750097 16599951.907029 4834027.068648 -102470536.827014 -0.066966 -0.865910 0.098736 0.485764
1753905423.755098 16599951.907029 4834027.068648 -102470536.827014 -0.066966 -0.865910 0.098736 0.485764
1753905423.760099 16599951.907029 4834027.068648 -102470536.827014 -0.066966 -0.865910 0.098736 0.485764
1753905423.765101 16599951.907029 4834027.068648 -102470536.827014 -0.066966 -0.865910 0.098736 0.485764
1753905423.770102 16599951.907029 4834027.068648 -102470536.827014 -0.066966 -0.865910 0.098736 0.485764
1753905423.775103 16599951.907029 4834027.068648 -102470536.827014 -0.066966 -0.865910 0.098736 0.485764
1753905423.780104 16599951.907029 4834027.068648 -102470536.827014 -0.066966 -0.865910 0.098736 0.485764
1753905423.785106 16599951.900042 4834027.068707 -102470536.816952 -0.062705 -0.870796 0.097617 0.477759
1753905423.790108 16599951.900042 4834027.068707 -102470536.816952 -0.062705 -0.870796 0.097617 0.477759
1753905423.795108 16599951.900042 4834027.068707 -102470536.816952 -0.062705 -0.870796 0.097617 0.477759
1753905423.800110 16599951.900042 4834027.068707 -102470536.816952 -0.062705 -0.870796 0.097617 0.477759
1753905423.805112 16599951.900042 4834027.068707 -102470536.816952 -0.062705 -0.870796 0.097617 0.477759
1753905423.810112 16599951.900042 4834027.068707 -102470536.816952 -0.062705 -0.870796 0.097617 0.477759
1753905423.815114 16599951.900042 4834027.068707 -102470536.816952 -0.062705 -0.870796 0.097617 0.477759
1753905423.820116 16599951.896932 4834027.068299 -102470536.813822 -0.059839 -0.874016 0.097686 0.472200
1753905423.825116 16599951.896932 4834027.068299 -102470536.813822 -0.059839 -0.874016 0.097686 0.472200
1753905423.830118 16599951.896932 4834027.068299 -102470536.813822 -0.059839 -0.874016 0.097686 0.472200
1753905423.835119 16599951.896932 4834027.068299 -102470536.813822 -0.059839 -0.874016 0.097686 0.472200
1753905423.840121 16599951.896932 4834027.068299 -102470536.813822 -0.059839 -0.874016 0.097686 0.472200
1753905423.845122 16599951.896932 4834027.068299 -102470536.813822 -0.059839 -0.874016 0.097686 0.472200
1753905423.850123 16599951.896932 4834027.068299 -102470536.813822 -0.059839 -0.874016 0.097686 0.472200
1753905423.855125 16599951.896932 4834027.068299 -102470536.813822 -0.059839 -0.874016 0.097686 0.472200
1753905423.860126 16599951.896932 4834027.068299 -102470536.813822 -0.059839 -0.874016 0.097686 0.472200
1753905423.865127 16599951.896932 4834027.068299 -102470536.813822 -0.059839 -0.874016 0.097686 0.472200
1753905423.870129 16599951.896932 4834027.068299 -102470536.813822 -0.059839 -0.874016 0.097686 0.472200
1753905423.875130 16599951.896932 4834027.068299 -102470536.813822 -0.059839 -0.874016 0.097686 0.472200
1753905423.880131 16599951.896932 4834027.068299 -102470536.813822 -0.059839 -0.874016 0.097686 0.472200
1753905423.885133 16599951.891462 4834027.070278 -102470536.809473 -0.055684 -0.882952 0.099110 0.455491
1753905423.890134 16599951.891462 4834027.070278 -102470536.809473 -0.055684 -0.882952 0.099110 0.455491
1753905423.895135 16599951.891462 4834027.070278 -102470536.809473 -0.055684 -0.882952 0.099110 0.455491
1753905423.900136 16599951.891462 4834027.070278 -102470536.809473 -0.055684 -0.882952 0.099110 0.455491
1753905423.905138 16599951.891462 4834027.070278 -102470536.809473 -0.055684 -0.882952 0.099110 0.455491
1753905423.910140 16599951.891462 4834027.070278 -102470536.809473 -0.055684 -0.882952 0.099110 0.455491
1753905423.915140 16599951.891462 4834027.070278 -102470536.809473 -0.055684 -0.882952 0.099110 0.455491
1753905423.920142 16599951.889010 4834027.071474 -102470536.808958 -0.055300 -0.888640 0.100155 0.444105
1753905423.925143 16599951.889010 4834027.071474 -102470536.808958 -0.055300 -0.888640 0.100155 0.444105
1753905423.930145 16599951.889010 4834027.071474 -102470536.808958 -0.055300 -0.888640 0.100155 0.444105
1753905423.935146 16599951.889010 4834027.071474 -102470536.808958 -0.055300 -0.888640 0.100155 0.444105
1753905423.940147 16599951.889010 4834027.071474 -102470536.808958 -0.055300 -0.888640 0.100155 0.444105
1753905423.945149 16599951.889010 4834027.071474 -102470536.808958 -0.055300 -0.888640 0.100155 0.444105
1753905423.950150 16599951.889010 4834027.071474 -102470536.808958 -0.055300 -0.888640 0.100155 0.444105
1753905423.955151 16599951.889010 4834027.071474 -102470536.808958 -0.055300 -0.888640 0.100155 0.444105
1753905423.960153 16599951.889010 4834027.071474 -102470536.808958 -0.055300 -0.888640 0.100155 0.444105
1753905423.965155 16599951.889010 4834027.071474 -102470536.808958 -0.055300 -0.888640 0.100155 0.444105
1753905423.970155 16599951.889010 4834027.071474 -102470536.808958 -0.055300 -0.888640 0.100155 0.444105
1753905423.975157 16599951.889010 4834027.071474 -102470536.808958 -0.055300 -0.888640 0.100155 0.444105
1753905423.980159 16599951.889010 4834027.071474 -102470536.808958 -0.055300 -0.888640 0.100155 0.444105
1753905423.985159 16599951.883458 4834027.079024 -102470536.816049 -0.054333 -0.900092 0.107987 0.418594
1753905423.990161 16599951.883458 4834027.079024 -102470536.816049 -0.054333 -0.900092 0.107987 0.418594
1753905423.995162 16599951.883458 4834027.079024 -102470536.816049 -0.054333 -0.900092 0.107987 0.418594
1753905424.000164 16599951.883458 4834027.079024 -102470536.816049 -0.054333 -0.900092 0.107987 0.418594
1753905424.005165 16599951.883458 4834027.079024 -102470536.816049 -0.054333 -0.900092 0.107987 0.418594
1753905424.010166 16599951.883458 4834027.079024 -102470536.816049 -0.054333 -0.900092 0.107987 0.418594
1753905424.015168 16599951.883458 4834027.079024 -102470536.816049 -0.054333 -0.900092 0.107987 0.418594
1753905424.020169 16599951.883458 4834027.079024 -102470536.816049 -0.054333 -0.900092 0.107987 0.418594
1753905424.025170 16599951.883458 4834027.079024 -102470536.816049 -0.054333 -0.900092 0.107987 0.418594
1753905424.030172 16599951.883458 4834027.079024 -102470536.816049 -0.054333 -0.900092 0.107987 0.418594
1753905424.035172 16599951.883458 4834027.079024 -102470536.816049 -0.054333 -0.900092 0.107987 0.418594
1753905424.040174 16599951.883458 4834027.079024 -102470536.816049 -0.054333 -0.900092 0.107987 0.418594
1753905424.045176 16599951.883458 4834027.079024 -102470536.816049 -0.054333 -0.900092 0.107987 0.418594
1753905424.050177 16599951.883458 4834027.079024 -102470536.816049 -0.054333 -0.900092 0.107987 0.418594
1753905424.055178 16599951.877741 4834027.081915 -102470536.815684 -0.053996 -0.910142 0.114669 0.394433
1753905424.060179 16599951.877741 4834027.081915 -102470536.815684 -0.053996 -0.910142 0.114669 0.394433
1753905424.065181 16599951.877741 4834027.081915 -102470536.815684 -0.053996 -0.910142 0.114669 0.394433
1753905424.070183 16599951.877741 4834027.081915 -102470536.815684 -0.053996 -0.910142 0.114669 0.394433
1753905424.075183 16599951.877741 4834027.081915 -102470536.815684 -0.053996 -0.910142 0.114669 0.394433
1753905424.076188 16599951.877741 4834027.081915 -102470536.815684 -0.053996 -0.910142 0.114669 0.394433
1753905424.080185 16599951.877741 4834027.081915 -102470536.815684 -0.053996 -0.910142 0.114669 0.394433
1753905424.085186 16599951.875392 4834027.082634 -102470536.815151 -0.053884 -0.914422 0.116484 0.383874
1753905424.090187 16599951.875392 4834027.082634 -102470536.815151 -0.053884 -0.914422 0.116484 0.383874
1753905424.095189 16599951.875392 4834027.082634 -102470536.815151 -0.053884 -0.914422 0.116484 0.383874
1753905424.100190 16599951.875392 4834027.082634 -102470536.815151 -0.053884 -0.914422 0.116484 0.383874
1753905424.105192 16599951.875392 4834027.082634 -102470536.815151 -0.053884 -0.914422 0.116484 0.383874
1753905424.110193 16599951.875392 4834027.082634 -102470536.815151 -0.053884 -0.914422 0.116484 0.383874
1753905424.115194 16599951.875392 4834027.082634 -102470536.815151 -0.053884 -0.914422 0.116484 0.383874
1753905424.120196 16599951.875392 4834027.082634 -102470536.815151 -0.053884 -0.914422 0.116484 0.383874
1753905424.125196 16599951.875392 4834027.082634 -102470536.815151 -0.053884 -0.914422 0.116484 0.383874
1753905424.130198 16599951.875392 4834027.082634 -102470536.815151 -0.053884 -0.914422 0.116484 0.383874
1753905424.135200 16599951.875392 4834027.082634 -102470536.815151 -0.053884 -0.914422 0.116484 0.383874
1753905424.140202 16599951.875392 4834027.082634 -102470536.815151 -0.053884 -0.914422 0.116484 0.383874
1753905424.145202 16599951.875392 4834027.082634 -102470536.815151 -0.053884 -0.914422 0.116484 0.383874
1753905424.150204 16599951.875392 4834027.082634 -102470536.815151 -0.053884 -0.914422 0.116484 0.383874
1753905424.155205 16599951.878583 4834027.084890 -102470536.816616 -0.052131 -0.921582 0.118427 0.365983
1753905424.160206 16599951.878583 4834027.084890 -102470536.816616 -0.052131 -0.921582 0.118427 0.365983
1753905424.165208 16599951.878583 4834027.084890 -102470536.816616 -0.052131 -0.921582 0.118427 0.365983
1753905424.170209 16599951.878583 4834027.084890 -102470536.816616 -0.052131 -0.921582 0.118427 0.365983
1753905424.175211 16599951.878583 4834027.084890 -102470536.816616 -0.052131 -0.921582 0.118427 0.365983
1753905424.180212 16599951.878583 4834027.084890 -102470536.816616 -0.052131 -0.921582 0.118427 0.365983
1753905424.185213 16599951.878497 4834027.084861 -102470536.815898 -0.051215 -0.924927 0.118616 0.357516
1753905424.190215 16599951.878497 4834027.084861 -102470536.815898 -0.051215 -0.924927 0.118616 0.357516
1753905424.195216 16599951.878497 4834027.084861 -102470536.815898 -0.051215 -0.924927 0.118616 0.357516
1753905424.200217 16599951.878497 4834027.084861 -102470536.815898 -0.051215 -0.924927 0.118616 0.357516
1753905424.205219 16599951.878497 4834027.084861 -102470536.815898 -0.051215 -0.924927 0.118616 0.357516
1753905424.210220 16599951.878497 4834027.084861 -102470536.815898 -0.051215 -0.924927 0.118616 0.357516
1753905424.215221 16599951.878497 4834027.084861 -102470536.815898 -0.051215 -0.924927 0.118616 0.357516
1753905424.220222 16599951.878497 4834027.084861 -102470536.815898 -0.051215 -0.924927 0.118616 0.357516
1753905424.225224 16599951.878497 4834027.084861 -102470536.815898 -0.051215 -0.924927 0.118616 0.357516
1753905424.230226 16599951.878497 4834027.084861 -102470536.815898 -0.051215 -0.924927 0.118616 0.357516
1753905424.235226 16599951.878497 4834027.084861 -102470536.815898 -0.051215 -0.924927 0.118616 0.357516
1753905424.240228 16599951.878497 4834027.084861 -102470536.815898 -0.051215 -0.924927 0.118616 0.357516
1753905424.245229 16599951.878497 4834027.084861 -102470536.815898 -0.051215 -0.924927 0.118616 0.357516
1753905424.250230 16599951.878497 4834027.084861 -102470536.815898 -0.051215 -0.924927 0.118616 0.357516
1753905424.255232 16599951.877069 4834027.085347 -102470536.813971 -0.050735 -0.931258 0.118958 0.340636
1753905424.260233 16599951.877069 4834027.085347 -102470536.813971 -0.050735 -0.931258 0.118958 0.340636
1753905424.265234 16599951.877069 4834027.085347 -102470536.813971 -0.050735 -0.931258 0.118958 0.340636
1753905424.270236 16599951.877069 4834027.085347 -102470536.813971 -0.050735 -0.931258 0.118958 0.340636
1753905424.275237 16599951.877069 4834027.085347 -102470536.813971 -0.050735 -0.931258 0.118958 0.340636
1753905424.280239 16599951.877069 4834027.085347 -102470536.813971 -0.050735 -0.931258 0.118958 0.340636
1753905424.283761 16599951.876491 4834027.085361 -102470536.813737 -0.050572 -0.934121 0.119977 0.332363
1753905424.285239 16599951.876491 4834027.085361 -102470536.813737 -0.050572 -0.934121 0.119977 0.332363
1753905424.290241 16599951.876491 4834027.085361 -102470536.813737 -0.050572 -0.934121 0.119977 0.332363
1753905424.291070 16599951.876491 4834027.085361 -102470536.813737 -0.050572 -0.934121 0.119977 0.332363
1753905424.295243 16599951.876491 4834027.085361 -102470536.813737 -0.050572 -0.934121 0.119977 0.332363
1753905424.300243 16599951.876491 4834027.085361 -102470536.813737 -0.050572 -0.934121 0.119977 0.332363
1753905424.305245 16599951.876491 4834027.085361 -102470536.813737 -0.050572 -0.934121 0.119977 0.332363
1753905424.310246 16599951.876491 4834027.085361 -102470536.813737 -0.050572 -0.934121 0.119977 0.332363
1753905424.315247 16599951.876491 4834027.085361 -102470536.813737 -0.050572 -0.934121 0.119977 0.332363
1753905424.320248 16599951.876491 4834027.085361 -102470536.813737 -0.050572 -0.934121 0.119977 0.332363
1753905424.325250 16599951.876491 4834027.085361 -102470536.813737 -0.050572 -0.934121 0.119977 0.332363
1753905424.330251 16599951.876491 4834027.085361 -102470536.813737 -0.050572 -0.934121 0.119977 0.332363
1753905424.335252 16599951.876491 4834027.085361 -102470536.813737 -0.050572 -0.934121 0.119977 0.332363
1753905424.340254 16599951.876491 4834027.085361 -102470536.813737 -0.050572 -0.934121 0.119977 0.332363
1753905424.345255 16599951.876491 4834027.085361 -102470536.813737 -0.050572 -0.934121 0.119977 0.332363
1753905424.350257 16599951.876491 4834027.085361 -102470536.813737 -0.050572 -0.934121 0.119977 0.332363
1753905424.355257 16599951.875422 4834027.085587 -102470536.813682 -0.050772 -0.939424 0.122337 0.316130
1753905424.360259 16599951.875422 4834027.085587 -102470536.813682 -0.050772 -0.939424 0.122337 0.316130
1753905424.365261 16599951.875422 4834027.085587 -102470536.813682 -0.050772 -0.939424 0.122337 0.316130
1753905424.370262 16599951.875422 4834027.085587 -102470536.813682 -0.050772 -0.939424 0.122337 0.316130
1753905424.375263 16599951.875422 4834027.085587 -102470536.813682 -0.050772 -0.939424 0.122337 0.316130
1753905424.380265 16599951.875422 4834027.085587 -102470536.813682 -0.050772 -0.939424 0.122337 0.316130
1753905424.385266 16599951.874969 4834027.085922 -102470536.814232 -0.051041 -0.942110 0.123346 0.307585
1753905424.390266 16599951.874969 4834027.085922 -102470536.814232 -0.051041 -0.942110 0.123346 0.307585
1753905424.395268 16599951.874969 4834027.085922 -102470536.814232 -0.051041 -0.942110 0.123346 0.307585
1753905424.400270 16599951.874969 4834027.085922 -102470536.814232 -0.051041 -0.942110 0.123346 0.307585
1753905424.405270 16599951.874969 4834027.085922 -102470536.814232 -0.051041 -0.942110 0.123346 0.307585
1753905424.410272 16599951.874969 4834027.085922 -102470536.814232 -0.051041 -0.942110 0.123346 0.307585
1753905424.415273 16599951.874969 4834027.085922 -102470536.814232 -0.051041 -0.942110 0.123346 0.307585
1753905424.420275 16599951.874969 4834027.085922 -102470536.814232 -0.051041 -0.942110 0.123346 0.307585
1753905424.425276 16599951.874969 4834027.085922 -102470536.814232 -0.051041 -0.942110 0.123346 0.307585
1753905424.430277 16599951.874969 4834027.085922 -102470536.814232 -0.051041 -0.942110 0.123346 0.307585
1753905424.435279 16599951.874969 4834027.085922 -102470536.814232 -0.051041 -0.942110 0.123346 0.307585
1753905424.440279 16599951.874969 4834027.085922 -102470536.814232 -0.051041 -0.942110 0.123346 0.307585
1753905424.445281 16599951.874969 4834027.085922 -102470536.814232 -0.051041 -0.942110 0.123346 0.307585
1753905424.450283 16599951.874969 4834027.085922 -102470536.814232 -0.051041 -0.942110 0.123346 0.307585
1753905424.455284 16599951.874969 4834027.085922 -102470536.814232 -0.051041 -0.942110 0.123346 0.307585
1753905424.460285 16599951.874969 4834027.085922 -102470536.814232 -0.051041 -0.942110 0.123346 0.307585
1753905424.465286 16599951.874969 4834027.085922 -102470536.814232 -0.051041 -0.942110 0.123346 0.307585
1753905424.470288 16599951.874969 4834027.085922 -102470536.814232 -0.051041 -0.942110 0.123346 0.307585
1753905424.475288 16599951.874969 4834027.085922 -102470536.814232 -0.051041 -0.942110 0.123346 0.307585
1753905424.480290 16599951.874969 4834027.085922 -102470536.814232 -0.051041 -0.942110 0.123346 0.307585
1753905424.485291 16599951.873534 4834027.086519 -102470536.813448 -0.054436 -0.950560 0.124700 0.279145
1753905424.490293 16599951.873534 4834027.086519 -102470536.813448 -0.054436 -0.950560 0.124700 0.279145
1753905424.495294 16599951.873534 4834027.086519 -102470536.813448 -0.054436 -0.950560 0.124700 0.279145
1753905424.500295 16599951.873534 4834027.086519 -102470536.813448 -0.054436 -0.950560 0.124700 0.279145
1753905424.505297 16599951.873534 4834027.086519 -102470536.813448 -0.054436 -0.950560 0.124700 0.279145
1753905424.510298 16599951.873534 4834027.086519 -102470536.813448 -0.054436 -0.950560 0.124700 0.279145
1753905424.515299 16599951.873534 4834027.086519 -102470536.813448 -0.054436 -0.950560 0.124700 0.279145
1753905424.520301 16599951.862399 4834027.094560 -102470536.811094 -0.055606 -0.954341 0.123170 0.266403
1753905424.525302 16599951.862399 4834027.094560 -102470536.811094 -0.055606 -0.954341 0.123170 0.266403
1753905424.530304 16599951.862399 4834027.094560 -102470536.811094 -0.055606 -0.954341 0.123170 0.266403
1753905424.535304 16599951.862399 4834027.094560 -102470536.811094 -0.055606 -0.954341 0.123170 0.266403
1753905424.540306 16599951.862399 4834027.094560 -102470536.811094 -0.055606 -0.954341 0.123170 0.266403
1753905424.545307 16599951.862399 4834027.094560 -102470536.811094 -0.055606 -0.954341 0.123170 0.266403
1753905424.550308 16599951.862399 4834027.094560 -102470536.811094 -0.055606 -0.954341 0.123170 0.266403
1753905424.555310 16599951.862399 4834027.094560 -102470536.811094 -0.055606 -0.954341 0.123170 0.266403
1753905424.560311 16599951.862399 4834027.094560 -102470536.811094 -0.055606 -0.954341 0.123170 0.266403
1753905424.565313 16599951.862399 4834027.094560 -102470536.811094 -0.055606 -0.954341 0.123170 0.266403
1753905424.570313 16599951.862399 4834027.094560 -102470536.811094 -0.055606 -0.954341 0.123170 0.266403
1753905424.575315 16599951.862399 4834027.094560 -102470536.811094 -0.055606 -0.954341 0.123170 0.266403
1753905424.580316 16599951.862399 4834027.094560 -102470536.811094 -0.055606 -0.954341 0.123170 0.266403
1753905424.585317 16599951.862232 4834027.095052 -102470536.810069 -0.057916 -0.962189 0.118792 0.238174
1753905424.590319 16599951.862232 4834027.095052 -102470536.810069 -0.057916 -0.962189 0.118792 0.238174
1753905424.595320 16599951.862232 4834027.095052 -102470536.810069 -0.057916 -0.962189 0.118792 0.238174
1753905424.600321 16599951.862232 4834027.095052 -102470536.810069 -0.057916 -0.962189 0.118792 0.238174
1753905424.605322 16599951.862232 4834027.095052 -102470536.810069 -0.057916 -0.962189 0.118792 0.238174
1753905424.610324 16599951.862232 4834027.095052 -102470536.810069 -0.057916 -0.962189 0.118792 0.238174
1753905424.615325 16599951.862232 4834027.095052 -102470536.810069 -0.057916 -0.962189 0.118792 0.238174
1753905424.620326 16599951.862232 4834027.095052 -102470536.810069 -0.057916 -0.962189 0.118792 0.238174
1753905424.625328 16599951.862232 4834027.095052 -102470536.810069 -0.057916 -0.962189 0.118792 0.238174
1753905424.630329 16599951.862232 4834027.095052 -102470536.810069 -0.057916 -0.962189 0.118792 0.238174
1753905424.635330 16599951.862232 4834027.095052 -102470536.810069 -0.057916 -0.962189 0.118792 0.238174
1753905424.640331 16599951.862232 4834027.095052 -102470536.810069 -0.057916 -0.962189 0.118792 0.238174
1753905424.645333 16599951.862232 4834027.095052 -102470536.810069 -0.057916 -0.962189 0.118792 0.238174
1753905424.650334 16599951.862232 4834027.095052 -102470536.810069 -0.057916 -0.962189 0.118792 0.238174
1753905424.655335 16599951.861557 4834027.092854 -102470536.809341 -0.061584 -0.970661 0.114221 0.202431
1753905424.660337 16599951.861557 4834027.092854 -102470536.809341 -0.061584 -0.970661 0.114221 0.202431
1753905424.665338 16599951.861557 4834027.092854 -102470536.809341 -0.061584 -0.970661 0.114221 0.202431
1753905424.670339 16599951.861557 4834027.092854 -102470536.809341 -0.061584 -0.970661 0.114221 0.202431
1753905424.675340 16599951.861557 4834027.092854 -102470536.809341 -0.061584 -0.970661 0.114221 0.202431
1753905424.680342 16599951.861557 4834027.092854 -102470536.809341 -0.061584 -0.970661 0.114221 0.202431
1753905424.685344 16599951.861557 4834027.092854 -102470536.809341 -0.061584 -0.970661 0.114221 0.202431
1753905424.690344 16599951.861557 4834027.092854 -102470536.809341 -0.061584 -0.970661 0.114221 0.202431
1753905424.695346 16599951.861557 4834027.092854 -102470536.809341 -0.061584 -0.970661 0.114221 0.202431
1753905424.700347 16599951.861557 4834027.092854 -102470536.809341 -0.061584 -0.970661 0.114221 0.202431
1753905424.705349 16599951.861557 4834027.092854 -102470536.809341 -0.061584 -0.970661 0.114221 0.202431
1753905424.710349 16599951.861557 4834027.092854 -102470536.809341 -0.061584 -0.970661 0.114221 0.202431
1753905424.715351 16599951.861557 4834027.092854 -102470536.809341 -0.061584 -0.970661 0.114221 0.202431
1753905424.720352 16599951.857985 4834027.092680 -102470536.808483 -0.066184 -0.978558 0.110529 0.160710
1753905424.725353 16599951.857985 4834027.092680 -102470536.808483 -0.066184 -0.978558 0.110529 0.160710
1753905424.730355 16599951.857985 4834027.092680 -102470536.808483 -0.066184 -0.978558 0.110529 0.160710
1753905424.735356 16599951.857985 4834027.092680 -102470536.808483 -0.066184 -0.978558 0.110529 0.160710
1753905424.740358 16599951.857985 4834027.092680 -102470536.808483 -0.066184 -0.978558 0.110529 0.160710
1753905424.745358 16599951.857985 4834027.092680 -102470536.808483 -0.066184 -0.978558 0.110529 0.160710
1753905424.750360 16599951.857985 4834027.092680 -102470536.808483 -0.066184 -0.978558 0.110529 0.160710
1753905424.755362 16599951.857985 4834027.092680 -102470536.808483 -0.066184 -0.978558 0.110529 0.160710
1753905424.760362 16599951.857985 4834027.092680 -102470536.808483 -0.066184 -0.978558 0.110529 0.160710
1753905424.765364 16599951.857985 4834027.092680 -102470536.808483 -0.066184 -0.978558 0.110529 0.160710
1753905424.770365 16599951.857985 4834027.092680 -102470536.808483 -0.066184 -0.978558 0.110529 0.160710
1753905424.775366 16599951.857985 4834027.092680 -102470536.808483 -0.066184 -0.978558 0.110529 0.160710
1753905424.780367 16599951.857985 4834027.092680 -102470536.808483 -0.066184 -0.978558 0.110529 0.160710
1753905424.785369 16599951.851395 4834027.094552 -102470536.808113 -0.071765 -0.985117 0.106673 0.114084
1753905424.790370 16599951.851395 4834027.094552 -102470536.808113 -0.071765 -0.985117 0.106673 0.114084
1753905424.795371 16599951.851395 4834027.094552 -102470536.808113 -0.071765 -0.985117 0.106673 0.114084
1753905424.800373 16599951.851395 4834027.094552 -102470536.808113 -0.071765 -0.985117 0.106673 0.114084
1753905424.805374 16599951.851395 4834027.094552 -102470536.808113 -0.071765 -0.985117 0.106673 0.114084
1753905424.810376 16599951.851395 4834027.094552 -102470536.808113 -0.071765 -0.985117 0.106673 0.114084
1753905424.815376 16599951.851395 4834027.094552 -102470536.808113 -0.071765 -0.985117 0.106673 0.114084
1753905424.820378 16599951.851395 4834027.094552 -102470536.808113 -0.071765 -0.985117 0.106673 0.114084
1753905424.825380 16599951.851395 4834027.094552 -102470536.808113 -0.071765 -0.985117 0.106673 0.114084
1753905424.830380 16599951.851395 4834027.094552 -102470536.808113 -0.071765 -0.985117 0.106673 0.114084
1753905424.835382 16599951.851395 4834027.094552 -102470536.808113 -0.071765 -0.985117 0.106673 0.114084
1753905424.840383 16599951.851395 4834027.094552 -102470536.808113 -0.071765 -0.985117 0.106673 0.114084
1753905424.845385 16599951.851395 4834027.094552 -102470536.808113 -0.071765 -0.985117 0.106673 0.114084
1753905424.850385 16599951.851395 4834027.094552 -102470536.808113 -0.071765 -0.985117 0.106673 0.114084
1753905424.855387 16599951.841306 4834027.098490 -102470536.809486 -0.078089 -0.988733 0.107896 0.068320
1753905424.860389 16599951.841306 4834027.098490 -102470536.809486 -0.078089 -0.988733 0.107896 0.068320
1753905424.865389 16599951.841306 4834027.098490 -102470536.809486 -0.078089 -0.988733 0.107896 0.068320
1753905424.870391 16599951.841306 4834027.098490 -102470536.809486 -0.078089 -0.988733 0.107896 0.068320
1753905424.875392 16599951.841306 4834027.098490 -102470536.809486 -0.078089 -0.988733 0.107896 0.068320
1753905424.880394 16599951.841306 4834027.098490 -102470536.809486 -0.078089 -0.988733 0.107896 0.068320
1753905424.885394 16599951.836013 4834027.100855 -102470536.811813 -0.080044 -0.989626 0.109136 0.048189
1753905424.890396 16599951.836013 4834027.100855 -102470536.811813 -0.080044 -0.989626 0.109136 0.048189
1753905424.895398 16599951.836013 4834027.100855 -102470536.811813 -0.080044 -0.989626 0.109136 0.048189
1753905424.900398 16599951.836013 4834027.100855 -102470536.811813 -0.080044 -0.989626 0.109136 0.048189
1753905424.905400 16599951.836013 4834027.100855 -102470536.811813 -0.080044 -0.989626 0.109136 0.048189
1753905424.910401 16599951.836013 4834027.100855 -102470536.811813 -0.080044 -0.989626 0.109136 0.048189
1753905424.915402 16599951.836013 4834027.100855 -102470536.811813 -0.080044 -0.989626 0.109136 0.048189
1753905424.920403 16599951.836013 4834027.100855 -102470536.811813 -0.080044 -0.989626 0.109136 0.048189
1753905424.925405 16599951.836013 4834027.100855 -102470536.811813 -0.080044 -0.989626 0.109136 0.048189
1753905424.930407 16599951.836013 4834027.100855 -102470536.811813 -0.080044 -0.989626 0.109136 0.048189
1753905424.935407 16599951.836013 4834027.100855 -102470536.811813 -0.080044 -0.989626 0.109136 0.048189
1753905424.940409 16599951.836013 4834027.100855 -102470536.811813 -0.080044 -0.989626 0.109136 0.048189
1753905424.945410 16599951.836013 4834027.100855 -102470536.811813 -0.080044 -0.989626 0.109136 0.048189
1753905424.950412 16599951.836013 4834027.100855 -102470536.811813 -0.080044 -0.989626 0.109136 0.048189
1753905424.955412 16599951.825050 4834027.104410 -102470536.813160 -0.083260 -0.990608 0.107701 0.012772
1753905424.960414 16599951.825050 4834027.104410 -102470536.813160 -0.083260 -0.990608 0.107701 0.012772
1753905424.965416 16599951.825050 4834027.104410 -102470536.813160 -0.083260 -0.990608 0.107701 0.012772
1753905424.970416 16599951.825050 4834027.104410 -102470536.813160 -0.083260 -0.990608 0.107701 0.012772
1753905424.975418 16599951.825050 4834027.104410 -102470536.813160 -0.083260 -0.990608 0.107701 0.012772
1753905424.980419 16599951.825050 4834027.104410 -102470536.813160 -0.083260 -0.990608 0.107701 0.012772
1753905424.985421 16599951.825050 4834027.104410 -102470536.813160 -0.083260 -0.990608 0.107701 0.012772
1753905424.990422 16599951.825050 4834027.104410 -102470536.813160 -0.083260 -0.990608 0.107701 0.012772
1753905424.995423 16599951.825050 4834027.104410 -102470536.813160 -0.083260 -0.990608 0.107701 0.012772
1753905425.000425 16599951.825050 4834027.104410 -102470536.813160 -0.083260 -0.990608 0.107701 0.012772
1753905425.005425 16599951.825050 4834027.104410 -102470536.813160 -0.083260 -0.990608 0.107701 0.012772
1753905425.010427 16599951.825050 4834027.104410 -102470536.813160 -0.083260 -0.990608 0.107701 0.012772
1753905425.015428 16599951.825050 4834027.104410 -102470536.813160 -0.083260 -0.990608 0.107701 0.012772
1753905425.020430 16599951.815292 4834027.106773 -102470536.812684 -0.084489 -0.990897 0.103610 -0.015816
1753905425.025431 16599951.815292 4834027.106773 -102470536.812684 -0.084489 -0.990897 0.103610 -0.015816
1753905425.030432 16599951.815292 4834027.106773 -102470536.812684 -0.084489 -0.990897 0.103610 -0.015816
1753905425.035434 16599951.815292 4834027.106773 -102470536.812684 -0.084489 -0.990897 0.103610 -0.015816
1753905425.040435 16599951.815292 4834027.106773 -102470536.812684 -0.084489 -0.990897 0.103610 -0.015816
1753905425.045436 16599951.815292 4834027.106773 -102470536.812684 -0.084489 -0.990897 0.103610 -0.015816
1753905425.050437 16599951.815292 4834027.106773 -102470536.812684 -0.084489 -0.990897 0.103610 -0.015816
1753905425.055439 16599951.817529 4834027.109293 -102470536.808989 -0.084034 -0.991017 0.100381 -0.027335
1753905425.060440 16599951.817529 4834027.109293 -102470536.808989 -0.084034 -0.991017 0.100381 -0.027335
1753905425.065441 16599951.817529 4834027.109293 -102470536.808989 -0.084034 -0.991017 0.100381 -0.027335
1753905425.070443 16599951.817529 4834027.109293 -102470536.808989 -0.084034 -0.991017 0.100381 -0.027335
1753905425.075444 16599951.817529 4834027.109293 -102470536.808989 -0.084034 -0.991017 0.100381 -0.027335
1753905425.080445 16599951.817529 4834027.109293 -102470536.808989 -0.084034 -0.991017 0.100381 -0.027335
1753905425.085447 16599951.817529 4834027.109293 -102470536.808989 -0.084034 -0.991017 0.100381 -0.027335
1753905425.090448 16599951.817529 4834027.109293 -102470536.808989 -0.084034 -0.991017 0.100381 -0.027335
1753905425.095448 16599951.817529 4834027.109293 -102470536.808989 -0.084034 -0.991017 0.100381 -0.027335
1753905425.100450 16599951.817529 4834027.109293 -102470536.808989 -0.084034 -0.991017 0.100381 -0.027335
1753905425.105452 16599951.817529 4834027.109293 -102470536.808989 -0.084034 -0.991017 0.100381 -0.027335
1753905425.110453 16599951.817529 4834027.109293 -102470536.808989 -0.084034 -0.991017 0.100381 -0.027335
1753905425.115454 16599951.817529 4834027.109293 -102470536.808989 -0.084034 -0.991017 0.100381 -0.027335
1753905425.120456 16599951.807421 4834027.111116 -102470536.808391 -0.082164 -0.990686 0.095044 -0.052515
1753905425.125457 16599951.807421 4834027.111116 -102470536.808391 -0.082164 -0.990686 0.095044 -0.052515
1753905425.130458 16599951.807421 4834027.111116 -102470536.808391 -0.082164 -0.990686 0.095044 -0.052515
1753905425.135459 16599951.807421 4834027.111116 -102470536.808391 -0.082164 -0.990686 0.095044 -0.052515
1753905425.140461 16599951.807421 4834027.111116 -102470536.808391 -0.082164 -0.990686 0.095044 -0.052515
1753905425.145463 16599951.807421 4834027.111116 -102470536.808391 -0.082164 -0.990686 0.095044 -0.052515
1753905425.150463 16599951.807421 4834027.111116 -102470536.808391 -0.082164 -0.990686 0.095044 -0.052515
1753905425.155464 16599951.807421 4834027.111116 -102470536.808391 -0.082164 -0.990686 0.095044 -0.052515
1753905425.160466 16599951.807421 4834027.111116 -102470536.808391 -0.082164 -0.990686 0.095044 -0.052515
1753905425.165467 16599951.807421 4834027.111116 -102470536.808391 -0.082164 -0.990686 0.095044 -0.052515
1753905425.170468 16599951.807421 4834027.111116 -102470536.808391 -0.082164 -0.990686 0.095044 -0.052515
1753905425.175470 16599951.807421 4834027.111116 -102470536.808391 -0.082164 -0.990686 0.095044 -0.052515
1753905425.180471 16599951.807421 4834027.111116 -102470536.808391 -0.082164 -0.990686 0.095044 -0.052515
1753905425.185472 16599951.807421 4834027.111116 -102470536.808391 -0.082164 -0.990686 0.095044 -0.052515
1753905425.190474 16599951.807421 4834027.111116 -102470536.808391 -0.082164 -0.990686 0.095044 -0.052515
1753905425.195475 16599951.807421 4834027.111116 -102470536.808391 -0.082164 -0.990686 0.095044 -0.052515
1753905425.200476 16599951.807421 4834027.111116 -102470536.808391 -0.082164 -0.990686 0.095044 -0.052515
1753905425.205477 16599951.807421 4834027.111116 -102470536.808391 -0.082164 -0.990686 0.095044 -0.052515
1753905425.210479 16599951.807421 4834027.111116 -102470536.808391 -0.082164 -0.990686 0.095044 -0.052515
1753905425.215480 16599951.807421 4834027.111116 -102470536.808391 -0.082164 -0.990686 0.095044 -0.052515
1753905425.220481 16599951.789550 4834027.111869 -102470536.810015 -0.074135 -0.989443 0.093035 -0.082776
1753905425.225482 16599951.789550 4834027.111869 -102470536.810015 -0.074135 -0.989443 0.093035 -0.082776
1753905425.230484 16599951.789550 4834027.111869 -102470536.810015 -0.074135 -0.989443 0.093035 -0.082776
1753905425.235485 16599951.789550 4834027.111869 -102470536.810015 -0.074135 -0.989443 0.093035 -0.082776
1753905425.240486 16599951.789550 4834027.111869 -102470536.810015 -0.074135 -0.989443 0.093035 -0.082776
1753905425.245488 16599951.789550 4834027.111869 -102470536.810015 -0.074135 -0.989443 0.093035 -0.082776
1753905425.250488 16599951.789550 4834027.111869 -102470536.810015 -0.074135 -0.989443 0.093035 -0.082776
1753905425.255490 16599951.789550 4834027.111869 -102470536.810015 -0.074135 -0.989443 0.093035 -0.082776
1753905425.260492 16599951.789550 4834027.111869 -102470536.810015 -0.074135 -0.989443 0.093035 -0.082776
1753905425.265493 16599951.789550 4834027.111869 -102470536.810015 -0.074135 -0.989443 0.093035 -0.082776
1753905425.270494 16599951.789550 4834027.111869 -102470536.810015 -0.074135 -0.989443 0.093035 -0.082776
1753905425.275496 16599951.789550 4834027.111869 -102470536.810015 -0.074135 -0.989443 0.093035 -0.082776
1753905425.280497 16599951.789550 4834027.111869 -102470536.810015 -0.074135 -0.989443 0.093035 -0.082776
1753905425.285498 16599951.782216 4834027.113761 -102470536.814293 -0.068911 -0.988645 0.096472 -0.092329
1753905425.290499 16599951.782216 4834027.113761 -102470536.814293 -0.068911 -0.988645 0.096472 -0.092329
1753905425.295501 16599951.782216 4834027.113761 -102470536.814293 -0.068911 -0.988645 0.096472 -0.092329
1753905425.300503 16599951.782216 4834027.113761 -102470536.814293 -0.068911 -0.988645 0.096472 -0.092329
1753905425.305504 16599951.782216 4834027.113761 -102470536.814293 -0.068911 -0.988645 0.096472 -0.092329
1753905425.310505 16599951.782216 4834027.113761 -102470536.814293 -0.068911 -0.988645 0.096472 -0.092329
1753905425.315507 16599951.782216 4834027.113761 -102470536.814293 -0.068911 -0.988645 0.096472 -0.092329
1753905425.320508 16599951.779610 4834027.115947 -102470536.816330 -0.067164 -0.988324 0.097437 -0.095968
1753905425.325509 16599951.779610 4834027.115947 -102470536.816330 -0.067164 -0.988324 0.097437 -0.095968
1753905425.330511 16599951.779610 4834027.115947 -102470536.816330 -0.067164 -0.988324 0.097437 -0.095968
1753905425.335512 16599951.779610 4834027.115947 -102470536.816330 -0.067164 -0.988324 0.097437 -0.095968
1753905425.340513 16599951.779610 4834027.115947 -102470536.816330 -0.067164 -0.988324 0.097437 -0.095968
1753905425.345515 16599951.779610 4834027.115947 -102470536.816330 -0.067164 -0.988324 0.097437 -0.095968
1753905425.350517 16599951.779610 4834027.115947 -102470536.816330 -0.067164 -0.988324 0.097437 -0.095968
1753905425.355518 16599951.779610 4834027.115947 -102470536.816330 -0.067164 -0.988324 0.097437 -0.095968
1753905425.360519 16599951.779610 4834027.115947 -102470536.816330 -0.067164 -0.988324 0.097437 -0.095968
1753905425.365520 16599951.779610 4834027.115947 -102470536.816330 -0.067164 -0.988324 0.097437 -0.095968
1753905425.370522 16599951.779610 4834027.115947 -102470536.816330 -0.067164 -0.988324 0.097437 -0.095968
1753905425.375523 16599951.779610 4834027.115947 -102470536.816330 -0.067164 -0.988324 0.097437 -0.095968
1753905425.380524 16599951.779610 4834027.115947 -102470536.816330 -0.067164 -0.988324 0.097437 -0.095968
1753905425.385526 16599951.773743 4834027.117218 -102470536.819020 -0.064975 -0.987613 0.099272 -0.102680
1753905425.390527 16599951.773743 4834027.117218 -102470536.819020 -0.064975 -0.987613 0.099272 -0.102680
1753905425.395528 16599951.773743 4834027.117218 -102470536.819020 -0.064975 -0.987613 0.099272 -0.102680
1753905425.400530 16599951.773743 4834027.117218 -102470536.819020 -0.064975 -0.987613 0.099272 -0.102680
1753905425.405531 16599951.773743 4834027.117218 -102470536.819020 -0.064975 -0.987613 0.099272 -0.102680
1753905425.410533 16599951.773743 4834027.117218 -102470536.819020 -0.064975 -0.987613 0.099272 -0.102680
1753905425.415534 16599951.773743 4834027.117218 -102470536.819020 -0.064975 -0.987613 0.099272 -0.102680
1753905425.420536 16599951.773743 4834027.117218 -102470536.819020 -0.064975 -0.987613 0.099272 -0.102680
1753905425.425537 16599951.773743 4834027.117218 -102470536.819020 -0.064975 -0.987613 0.099272 -0.102680
1753905425.430538 16599951.773743 4834027.117218 -102470536.819020 -0.064975 -0.987613 0.099272 -0.102680
1753905425.435539 16599951.773743 4834027.117218 -102470536.819020 -0.064975 -0.987613 0.099272 -0.102680
1753905425.440541 16599951.773743 4834027.117218 -102470536.819020 -0.064975 -0.987613 0.099272 -0.102680
1753905425.445542 16599951.773743 4834027.117218 -102470536.819020 -0.064975 -0.987613 0.099272 -0.102680
1753905425.450543 16599951.773743 4834027.117218 -102470536.819020 -0.064975 -0.987613 0.099272 -0.102680
1753905425.455545 16599951.766970 4834027.120328 -102470536.822244 -0.062860 -0.986536 0.100578 -0.112598
1753905425.460547 16599951.766970 4834027.120328 -102470536.822244 -0.062860 -0.986536 0.100578 -0.112598
1753905425.465548 16599951.766970 4834027.120328 -102470536.822244 -0.062860 -0.986536 0.100578 -0.112598
1753905425.470549 16599951.766970 4834027.120328 -102470536.822244 -0.062860 -0.986536 0.100578 -0.112598
1753905425.475551 16599951.766970 4834027.120328 -102470536.822244 -0.062860 -0.986536 0.100578 -0.112598
1753905425.480551 16599951.766970 4834027.120328 -102470536.822244 -0.062860 -0.986536 0.100578 -0.112598
1753905425.484043 16599951.766288 4834027.122679 -102470536.823878 -0.061117 -0.985783 0.101278 -0.119332
1753905425.485553 16599951.766288 4834027.122679 -102470536.823878 -0.061117 -0.985783 0.101278 -0.119332
1753905425.490555 16599951.766288 4834027.122679 -102470536.823878 -0.061117 -0.985783 0.101278 -0.119332
1753905425.495556 16599951.766288 4834027.122679 -102470536.823878 -0.061117 -0.985783 0.101278 -0.119332
1753905425.500557 16599951.766288 4834027.122679 -102470536.823878 -0.061117 -0.985783 0.101278 -0.119332
1753905425.505559 16599951.766288 4834027.122679 -102470536.823878 -0.061117 -0.985783 0.101278 -0.119332
1753905425.510561 16599951.766288 4834027.122679 -102470536.823878 -0.061117 -0.985783 0.101278 -0.119332
1753905425.515561 16599951.766288 4834027.122679 -102470536.823878 -0.061117 -0.985783 0.101278 -0.119332
1753905425.520563 16599951.766288 4834027.122679 -102470536.823878 -0.061117 -0.985783 0.101278 -0.119332
1753905425.525564 16599951.766288 4834027.122679 -102470536.823878 -0.061117 -0.985783 0.101278 -0.119332
1753905425.530566 16599951.766288 4834027.122679 -102470536.823878 -0.061117 -0.985783 0.101278 -0.119332
1753905425.535567 16599951.766288 4834027.122679 -102470536.823878 -0.061117 -0.985783 0.101278 -0.119332
1753905425.540569 16599951.766288 4834027.122679 -102470536.823878 -0.061117 -0.985783 0.101278 -0.119332
1753905425.545570 16599951.766288 4834027.122679 -102470536.823878 -0.061117 -0.985783 0.101278 -0.119332
1753905425.550571 16599951.766288 4834027.122679 -102470536.823878 -0.061117 -0.985783 0.101278 -0.119332
1753905425.555573 16599951.755221 4834027.126426 -102470536.827509 -0.059391 -0.982947 0.102979 -0.140294
1753905425.560574 16599951.755221 4834027.126426 -102470536.827509 -0.059391 -0.982947 0.102979 -0.140294
1753905425.565576 16599951.755221 4834027.126426 -102470536.827509 -0.059391 -0.982947 0.102979 -0.140294
1753905425.570576 16599951.755221 4834027.126426 -102470536.827509 -0.059391 -0.982947 0.102979 -0.140294
1753905425.575578 16599951.755221 4834027.126426 -102470536.827509 -0.059391 -0.982947 0.102979 -0.140294
1753905425.580580 16599951.755221 4834027.126426 -102470536.827509 -0.059391 -0.982947 0.102979 -0.140294
1753905425.585582 16599951.755221 4834027.126426 -102470536.827509 -0.059391 -0.982947 0.102979 -0.140294
1753905425.590582 16599951.755221 4834027.126426 -102470536.827509 -0.059391 -0.982947 0.102979 -0.140294
1753905425.595584 16599951.755221 4834027.126426 -102470536.827509 -0.059391 -0.982947 0.102979 -0.140294
1753905425.600585 16599951.755221 4834027.126426 -102470536.827509 -0.059391 -0.982947 0.102979 -0.140294
1753905425.605586 16599951.755221 4834027.126426 -102470536.827509 -0.059391 -0.982947 0.102979 -0.140294
1753905425.610588 16599951.755221 4834027.126426 -102470536.827509 -0.059391 -0.982947 0.102979 -0.140294
1753905425.615589 16599951.755221 4834027.126426 -102470536.827509 -0.059391 -0.982947 0.102979 -0.140294
1753905425.620591 16599951.753043 4834027.127043 -102470536.831324 -0.059878 -0.978485 0.106793 -0.166063
1753905425.625592 16599951.753043 4834027.127043 -102470536.831324 -0.059878 -0.978485 0.106793 -0.166063
1753905425.630594 16599951.753043 4834027.127043 -102470536.831324 -0.059878 -0.978485 0.106793 -0.166063
1753905425.635595 16599951.753043 4834027.127043 -102470536.831324 -0.059878 -0.978485 0.106793 -0.166063
1753905425.640596 16599951.753043 4834027.127043 -102470536.831324 -0.059878 -0.978485 0.106793 -0.166063
1753905425.645597 16599951.753043 4834027.127043 -102470536.831324 -0.059878 -0.978485 0.106793 -0.166063
1753905425.650599 16599951.753043 4834027.127043 -102470536.831324 -0.059878 -0.978485 0.106793 -0.166063
1753905425.655600 16599951.753043 4834027.127043 -102470536.831324 -0.059878 -0.978485 0.106793 -0.166063
1753905425.660602 16599951.753043 4834027.127043 -102470536.831324 -0.059878 -0.978485 0.106793 -0.166063
1753905425.665603 16599951.753043 4834027.127043 -102470536.831324 -0.059878 -0.978485 0.106793 -0.166063
1753905425.670605 16599951.753043 4834027.127043 -102470536.831324 -0.059878 -0.978485 0.106793 -0.166063
1753905425.675606 16599951.753043 4834027.127043 -102470536.831324 -0.059878 -0.978485 0.106793 -0.166063
1753905425.680607 16599951.753043 4834027.127043 -102470536.831324 -0.059878 -0.978485 0.106793 -0.166063
1753905425.685609 16599951.748738 4834027.127386 -102470536.836324 -0.060093 -0.973143 0.111935 -0.191969
1753905425.690611 16599951.748738 4834027.127386 -102470536.836324 -0.060093 -0.973143 0.111935 -0.191969
1753905425.695611 16599951.748738 4834027.127386 -102470536.836324 -0.060093 -0.973143 0.111935 -0.191969
1753905425.700613 16599951.748738 4834027.127386 -102470536.836324 -0.060093 -0.973143 0.111935 -0.191969
1753905425.705615 16599951.748738 4834027.127386 -102470536.836324 -0.060093 -0.973143 0.111935 -0.191969
1753905425.710615 16599951.748738 4834027.127386 -102470536.836324 -0.060093 -0.973143 0.111935 -0.191969
1753905425.715617 16599951.748738 4834027.127386 -102470536.836324 -0.060093 -0.973143 0.111935 -0.191969
1753905425.720618 16599951.748738 4834027.127386 -102470536.836324 -0.060093 -0.973143 0.111935 -0.191969
1753905425.725620 16599951.748738 4834027.127386 -102470536.836324 -0.060093 -0.973143 0.111935 -0.191969
1753905425.730621 16599951.748738 4834027.127386 -102470536.836324 -0.060093 -0.973143 0.111935 -0.191969
1753905425.735623 16599951.748738 4834027.127386 -102470536.836324 -0.060093 -0.973143 0.111935 -0.191969
1753905425.740624 16599951.748738 4834027.127386 -102470536.836324 -0.060093 -0.973143 0.111935 -0.191969
1753905425.745626 16599951.748738 4834027.127386 -102470536.836324 -0.060093 -0.973143 0.111935 -0.191969
1753905425.750627 16599951.748738 4834027.127386 -102470536.836324 -0.060093 -0.973143 0.111935 -0.191969
1753905425.755628 16599951.742785 4834027.127396 -102470536.838989 -0.055964 -0.968916 0.112592 -0.213053
1753905425.760630 16599951.742785 4834027.127396 -102470536.838989 -0.055964 -0.968916 0.112592 -0.213053
1753905425.765631 16599951.742785 4834027.127396 -102470536.838989 -0.055964 -0.968916 0.112592 -0.213053
1753905425.770632 16599951.742785 4834027.127396 -102470536.838989 -0.055964 -0.968916 0.112592 -0.213053
1753905425.775634 16599951.742785 4834027.127396 -102470536.838989 -0.055964 -0.968916 0.112592 -0.213053
1753905425.780635 16599951.742785 4834027.127396 -102470536.838989 -0.055964 -0.968916 0.112592 -0.213053
1753905425.785636 16599951.739138 4834027.127688 -102470536.839452 -0.053120 -0.967234 0.112671 -0.221227
1753905425.790638 16599951.739138 4834027.127688 -102470536.839452 -0.053120 -0.967234 0.112671 -0.221227
1753905425.795640 16599951.739138 4834027.127688 -102470536.839452 -0.053120 -0.967234 0.112671 -0.221227
1753905425.800640 16599951.739138 4834027.127688 -102470536.839452 -0.053120 -0.967234 0.112671 -0.221227
1753905425.805642 16599951.739138 4834027.127688 -102470536.839452 -0.053120 -0.967234 0.112671 -0.221227
1753905425.810643 16599951.739138 4834027.127688 -102470536.839452 -0.053120 -0.967234 0.112671 -0.221227
1753905425.815645 16599951.739138 4834027.127688 -102470536.839452 -0.053120 -0.967234 0.112671 -0.221227
1753905425.820646 16599951.739138 4834027.127688 -102470536.839452 -0.053120 -0.967234 0.112671 -0.221227
1753905425.825647 16599951.739138 4834027.127688 -102470536.839452 -0.053120 -0.967234 0.112671 -0.221227
1753905425.830649 16599951.739138 4834027.127688 -102470536.839452 -0.053120 -0.967234 0.112671 -0.221227
1753905425.835650 16599951.739138 4834027.127688 -102470536.839452 -0.053120 -0.967234 0.112671 -0.221227
1753905425.840652 16599951.739138 4834027.127688 -102470536.839452 -0.053120 -0.967234 0.112671 -0.221227
1753905425.845653 16599951.739138 4834027.127688 -102470536.839452 -0.053120 -0.967234 0.112671 -0.221227
1753905425.850655 16599951.739138 4834027.127688 -102470536.839452 -0.053120 -0.967234 0.112671 -0.221227
1753905425.855655 16599951.732842 4834027.127318 -102470536.840285 -0.047743 -0.964021 0.112993 -0.235830
1753905425.860657 16599951.732842 4834027.127318 -102470536.840285 -0.047743 -0.964021 0.112993 -0.235830
1753905425.865659 16599951.732842 4834027.127318 -102470536.840285 -0.047743 -0.964021 0.112993 -0.235830
1753905425.870660 16599951.732842 4834027.127318 -102470536.840285 -0.047743 -0.964021 0.112993 -0.235830
1753905425.875661 16599951.732842 4834027.127318 -102470536.840285 -0.047743 -0.964021 0.112993 -0.235830
1753905425.880663 16599951.732842 4834027.127318 -102470536.840285 -0.047743 -0.964021 0.112993 -0.235830
1753905425.885664 16599951.732842 4834027.127318 -102470536.840285 -0.047743 -0.964021 0.112993 -0.235830
1753905425.890665 16599951.732842 4834027.127318 -102470536.840285 -0.047743 -0.964021 0.112993 -0.235830
1753905425.895667 16599951.732842 4834027.127318 -102470536.840285 -0.047743 -0.964021 0.112993 -0.235830
1753905425.900669 16599951.732842 4834027.127318 -102470536.840285 -0.047743 -0.964021 0.112993 -0.235830
1753905425.905669 16599951.732842 4834027.127318 -102470536.840285 -0.047743 -0.964021 0.112993 -0.235830
1753905425.910671 16599951.732842 4834027.127318 -102470536.840285 -0.047743 -0.964021 0.112993 -0.235830
1753905425.915673 16599951.732842 4834027.127318 -102470536.840285 -0.047743 -0.964021 0.112993 -0.235830
1753905425.920673 16599951.728081 4834027.130963 -102470536.842463 -0.045237 -0.959889 0.112504 -0.252802
1753905425.925675 16599951.728081 4834027.130963 -102470536.842463 -0.045237 -0.959889 0.112504 -0.252802
1753905425.930677 16599951.728081 4834027.130963 -102470536.842463 -0.045237 -0.959889 0.112504 -0.252802
1753905425.935678 16599951.728081 4834027.130963 -102470536.842463 -0.045237 -0.959889 0.112504 -0.252802
1753905425.940679 16599951.728081 4834027.130963 -102470536.842463 -0.045237 -0.959889 0.112504 -0.252802
1753905425.945681 16599951.728081 4834027.130963 -102470536.842463 -0.045237 -0.959889 0.112504 -0.252802
1753905425.950682 16599951.728081 4834027.130963 -102470536.842463 -0.045237 -0.959889 0.112504 -0.252802
1753905425.955683 16599951.728081 4834027.130963 -102470536.842463 -0.045237 -0.959889 0.112504 -0.252802
1753905425.960685 16599951.728081 4834027.130963 -102470536.842463 -0.045237 -0.959889 0.112504 -0.252802
1753905425.965686 16599951.728081 4834027.130963 -102470536.842463 -0.045237 -0.959889 0.112504 -0.252802
1753905425.970688 16599951.728081 4834027.130963 -102470536.842463 -0.045237 -0.959889 0.112504 -0.252802
1753905425.975689 16599951.728081 4834027.130963 -102470536.842463 -0.045237 -0.959889 0.112504 -0.252802
1753905425.980690 16599951.728081 4834027.130963 -102470536.842463 -0.045237 -0.959889 0.112504 -0.252802
1753905425.985692 16599951.726406 4834027.129115 -102470536.843733 -0.045710 -0.955103 0.112017 -0.270446
1753905425.990693 16599951.726406 4834027.129115 -102470536.843733 -0.045710 -0.955103 0.112017 -0.270446
1753905425.995694 16599951.726406 4834027.129115 -102470536.843733 -0.045710 -0.955103 0.112017 -0.270446
1753905426.000696 16599951.726406 4834027.129115 -102470536.843733 -0.045710 -0.955103 0.112017 -0.270446
1753905426.005698 16599951.726406 4834027.129115 -102470536.843733 -0.045710 -0.955103 0.112017 -0.270446
1753905426.010699 16599951.726406 4834027.129115 -102470536.843733 -0.045710 -0.955103 0.112017 -0.270446
1753905426.015700 16599951.726406 4834027.129115 -102470536.843733 -0.045710 -0.955103 0.112017 -0.270446
1753905426.020702 16599951.726406 4834027.129115 -102470536.843733 -0.045710 -0.955103 0.112017 -0.270446
1753905426.025703 16599951.726406 4834027.129115 -102470536.843733 -0.045710 -0.955103 0.112017 -0.270446
1753905426.030704 16599951.726406 4834027.129115 -102470536.843733 -0.045710 -0.955103 0.112017 -0.270446
1753905426.035706 16599951.726406 4834027.129115 -102470536.843733 -0.045710 -0.955103 0.112017 -0.270446
1753905426.040708 16599951.726406 4834027.129115 -102470536.843733 -0.045710 -0.955103 0.112017 -0.270446
1753905426.045709 16599951.726406 4834027.129115 -102470536.843733 -0.045710 -0.955103 0.112017 -0.270446
1753905426.050710 16599951.726406 4834027.129115 -102470536.843733 -0.045710 -0.955103 0.112017 -0.270446
1753905426.055712 16599951.724916 4834027.128877 -102470536.846145 -0.048090 -0.949760 0.110901 -0.288695
1753905426.060712 16599951.724916 4834027.128877 -102470536.846145 -0.048090 -0.949760 0.110901 -0.288695
1753905426.065714 16599951.724916 4834027.128877 -102470536.846145 -0.048090 -0.949760 0.110901 -0.288695
1753905426.070716 16599951.724916 4834027.128877 -102470536.846145 -0.048090 -0.949760 0.110901 -0.288695
1753905426.075717 16599951.724916 4834027.128877 -102470536.846145 -0.048090 -0.949760 0.110901 -0.288695
1753905426.080718 16599951.724916 4834027.128877 -102470536.846145 -0.048090 -0.949760 0.110901 -0.288695
1753905426.085720 16599951.724916 4834027.128877 -102470536.846145 -0.048090 -0.949760 0.110901 -0.288695
1753905426.090721 16599951.724916 4834027.128877 -102470536.846145 -0.048090 -0.949760 0.110901 -0.288695
1753905426.095723 16599951.724916 4834027.128877 -102470536.846145 -0.048090 -0.949760 0.110901 -0.288695
1753905426.100724 16599951.724916 4834027.128877 -102470536.846145 -0.048090 -0.949760 0.110901 -0.288695
1753905426.105726 16599951.724916 4834027.128877 -102470536.846145 -0.048090 -0.949760 0.110901 -0.288695
1753905426.110727 16599951.724916 4834027.128877 -102470536.846145 -0.048090 -0.949760 0.110901 -0.288695
1753905426.115729 16599951.724916 4834027.128877 -102470536.846145 -0.048090 -0.949760 0.110901 -0.288695
1753905426.120729 16599951.721985 4834027.128488 -102470536.847597 -0.049785 -0.944041 0.107838 -0.307700
1753905426.130733 16599951.721985 4834027.128488 -102470536.847597 -0.049785 -0.944041 0.107838 -0.307700
1753905426.135734 16599951.721985 4834027.128488 -102470536.847597 -0.049785 -0.944041 0.107838 -0.307700
1753905426.140735 16599951.721985 4834027.128488 -102470536.847597 -0.049785 -0.944041 0.107838 -0.307700
1753905426.145737 16599951.721985 4834027.128488 -102470536.847597 -0.049785 -0.944041 0.107838 -0.307700
1753905426.150738 16599951.721985 4834027.128488 -102470536.847597 -0.049785 -0.944041 0.107838 -0.307700
1753905426.155739 16599951.721985 4834027.128488 -102470536.847597 -0.049785 -0.944041 0.107838 -0.307700
1753905426.160741 16599951.721985 4834027.128488 -102470536.847597 -0.049785 -0.944041 0.107838 -0.307700
1753905426.165742 16599951.721985 4834027.128488 -102470536.847597 -0.049785 -0.944041 0.107838 -0.307700
1753905426.170743 16599951.721985 4834027.128488 -102470536.847597 -0.049785 -0.944041 0.107838 -0.307700
1753905426.175745 16599951.721985 4834027.128488 -102470536.847597 -0.049785 -0.944041 0.107838 -0.307700
1753905426.180747 16599951.721985 4834027.128488 -102470536.847597 -0.049785 -0.944041 0.107838 -0.307700
1753905426.185748 16599951.719774 4834027.129587 -102470536.849079 -0.050835 -0.937135 0.103610 -0.329330
1753905426.190749 16599951.719774 4834027.129587 -102470536.849079 -0.050835 -0.937135 0.103610 -0.329330
1753905426.195750 16599951.719774 4834027.129587 -102470536.849079 -0.050835 -0.937135 0.103610 -0.329330
1753905426.200752 16599951.719774 4834027.129587 -102470536.849079 -0.050835 -0.937135 0.103610 -0.329330
1753905426.205753 16599951.719774 4834027.129587 -102470536.849079 -0.050835 -0.937135 0.103610 -0.329330
1753905426.210755 16599951.719774 4834027.129587 -102470536.849079 -0.050835 -0.937135 0.103610 -0.329330
1753905426.215756 16599951.719774 4834027.129587 -102470536.849079 -0.050835 -0.937135 0.103610 -0.329330
1753905426.220758 16599951.719774 4834027.129587 -102470536.849079 -0.050835 -0.937135 0.103610 -0.329330
1753905426.225759 16599951.719774 4834027.129587 -102470536.849079 -0.050835 -0.937135 0.103610 -0.329330
1753905426.230760 16599951.719774 4834027.129587 -102470536.849079 -0.050835 -0.937135 0.103610 -0.329330
1753905426.235762 16599951.719774 4834027.129587 -102470536.849079 -0.050835 -0.937135 0.103610 -0.329330
1753905426.240763 16599951.719774 4834027.129587 -102470536.849079 -0.050835 -0.937135 0.103610 -0.329330
1753905426.245764 16599951.719774 4834027.129587 -102470536.849079 -0.050835 -0.937135 0.103610 -0.329330
1753905426.250766 16599951.719774 4834027.129587 -102470536.849079 -0.050835 -0.937135 0.103610 -0.329330
1753905426.255768 16599951.715656 4834027.128301 -102470536.851138 -0.049894 -0.928561 0.098383 -0.354409
1753905426.260768 16599951.715656 4834027.128301 -102470536.851138 -0.049894 -0.928561 0.098383 -0.354409
1753905426.265770 16599951.715656 4834027.128301 -102470536.851138 -0.049894 -0.928561 0.098383 -0.354409
1753905426.270772 16599951.715656 4834027.128301 -102470536.851138 -0.049894 -0.928561 0.098383 -0.354409
1753905426.275772 16599951.715656 4834027.128301 -102470536.851138 -0.049894 -0.928561 0.098383 -0.354409
1753905426.280774 16599951.715656 4834027.128301 -102470536.851138 -0.049894 -0.928561 0.098383 -0.354409
1753905426.285775 16599951.715656 4834027.128301 -102470536.851138 -0.049894 -0.928561 0.098383 -0.354409
1753905426.290777 16599951.715656 4834027.128301 -102470536.851138 -0.049894 -0.928561 0.098383 -0.354409
1753905426.295778 16599951.715656 4834027.128301 -102470536.851138 -0.049894 -0.928561 0.098383 -0.354409
1753905426.300779 16599951.715656 4834027.128301 -102470536.851138 -0.049894 -0.928561 0.098383 -0.354409
1753905426.305781 16599951.715656 4834027.128301 -102470536.851138 -0.049894 -0.928561 0.098383 -0.354409
1753905426.310782 16599951.715656 4834027.128301 -102470536.851138 -0.049894 -0.928561 0.098383 -0.354409
1753905426.315783 16599951.715656 4834027.128301 -102470536.851138 -0.049894 -0.928561 0.098383 -0.354409
1753905426.320784 16599951.707736 4834027.136754 -102470536.857647 -0.045673 -0.917973 0.089231 -0.383768
1753905426.325786 16599951.707736 4834027.136754 -102470536.857647 -0.045673 -0.917973 0.089231 -0.383768
1753905426.330786 16599951.707736 4834027.136754 -102470536.857647 -0.045673 -0.917973 0.089231 -0.383768
1753905426.335788 16599951.707736 4834027.136754 -102470536.857647 -0.045673 -0.917973 0.089231 -0.383768
1753905426.340790 16599951.707736 4834027.136754 -102470536.857647 -0.045673 -0.917973 0.089231 -0.383768
1753905426.345792 16599951.707736 4834027.136754 -102470536.857647 -0.045673 -0.917973 0.089231 -0.383768
1753905426.350792 16599951.707736 4834027.136754 -102470536.857647 -0.045673 -0.917973 0.089231 -0.383768
1753905426.355794 16599951.707736 4834027.136754 -102470536.857647 -0.045673 -0.917973 0.089231 -0.383768
1753905426.360795 16599951.707736 4834027.136754 -102470536.857647 -0.045673 -0.917973 0.089231 -0.383768
1753905426.365796 16599951.707736 4834027.136754 -102470536.857647 -0.045673 -0.917973 0.089231 -0.383768
1753905426.370797 16599951.707736 4834027.136754 -102470536.857647 -0.045673 -0.917973 0.089231 -0.383768
1753905426.375799 16599951.707736 4834027.136754 -102470536.857647 -0.045673 -0.917973 0.089231 -0.383768
1753905426.380800 16599951.707736 4834027.136754 -102470536.857647 -0.045673 -0.917973 0.089231 -0.383768
1753905426.385801 16599951.705161 4834027.139386 -102470536.862144 -0.044848 -0.905470 0.080735 -0.414240
1753905426.390803 16599951.705161 4834027.139386 -102470536.862144 -0.044848 -0.905470 0.080735 -0.414240
1753905426.395804 16599951.705161 4834027.139386 -102470536.862144 -0.044848 -0.905470 0.080735 -0.414240
1753905426.400805 16599951.705161 4834027.139386 -102470536.862144 -0.044848 -0.905470 0.080735 -0.414240
1753905426.405807 16599951.705161 4834027.139386 -102470536.862144 -0.044848 -0.905470 0.080735 -0.414240
1753905426.410808 16599951.705161 4834027.139386 -102470536.862144 -0.044848 -0.905470 0.080735 -0.414240
1753905426.415809 16599951.705161 4834027.139386 -102470536.862144 -0.044848 -0.905470 0.080735 -0.414240
1753905426.420810 16599951.705161 4834027.139386 -102470536.862144 -0.044848 -0.905470 0.080735 -0.414240
1753905426.425812 16599951.705161 4834027.139386 -102470536.862144 -0.044848 -0.905470 0.080735 -0.414240
1753905426.430814 16599951.705161 4834027.139386 -102470536.862144 -0.044848 -0.905470 0.080735 -0.414240
1753905426.435814 16599951.705161 4834027.139386 -102470536.862144 -0.044848 -0.905470 0.080735 -0.414240
1753905426.440816 16599951.705161 4834027.139386 -102470536.862144 -0.044848 -0.905470 0.080735 -0.414240
1753905426.445817 16599951.705161 4834027.139386 -102470536.862144 -0.044848 -0.905470 0.080735 -0.414240
1753905426.450818 16599951.705161 4834027.139386 -102470536.862144 -0.044848 -0.905470 0.080735 -0.414240
1753905426.455820 16599951.701782 4834027.142457 -102470536.869206 -0.049448 -0.890799 0.075908 -0.445276
1753905426.460821 16599951.701782 4834027.142457 -102470536.869206 -0.049448 -0.890799 0.075908 -0.445276
1753905426.465823 16599951.701782 4834027.142457 -102470536.869206 -0.049448 -0.890799 0.075908 -0.445276
1753905426.470824 16599951.701782 4834027.142457 -102470536.869206 -0.049448 -0.890799 0.075908 -0.445276
1753905426.475825 16599951.701782 4834027.142457 -102470536.869206 -0.049448 -0.890799 0.075908 -0.445276
1753905426.480827 16599951.701782 4834027.142457 -102470536.869206 -0.049448 -0.890799 0.075908 -0.445276
1753905426.485827 16599951.701782 4834027.142457 -102470536.869206 -0.049448 -0.890799 0.075908 -0.445276
1753905426.490829 16599951.701782 4834027.142457 -102470536.869206 -0.049448 -0.890799 0.075908 -0.445276
1753905426.495830 16599951.701782 4834027.142457 -102470536.869206 -0.049448 -0.890799 0.075908 -0.445276
1753905426.500832 16599951.701782 4834027.142457 -102470536.869206 -0.049448 -0.890799 0.075908 -0.445276
1753905426.505832 16599951.701782 4834027.142457 -102470536.869206 -0.049448 -0.890799 0.075908 -0.445276
1753905426.510834 16599951.701782 4834027.142457 -102470536.869206 -0.049448 -0.890799 0.075908 -0.445276
1753905426.515836 16599951.701782 4834027.142457 -102470536.869206 -0.049448 -0.890799 0.075908 -0.445276
1753905426.520837 16599951.696155 4834027.144416 -102470536.876344 -0.051536 -0.875709 0.071698 -0.474697
1753905426.525838 16599951.696155 4834027.144416 -102470536.876344 -0.051536 -0.875709 0.071698 -0.474697
1753905426.530839 16599951.696155 4834027.144416 -102470536.876344 -0.051536 -0.875709 0.071698 -0.474697
1753905426.535841 16599951.696155 4834027.144416 -102470536.876344 -0.051536 -0.875709 0.071698 -0.474697
1753905426.540842 16599951.696155 4834027.144416 -102470536.876344 -0.051536 -0.875709 0.071698 -0.474697
1753905426.545843 16599951.696155 4834027.144416 -102470536.876344 -0.051536 -0.875709 0.071698 -0.474697
1753905426.550845 16599951.696155 4834027.144416 -102470536.876344 -0.051536 -0.875709 0.071698 -0.474697
1753905426.555846 16599951.696155 4834027.144416 -102470536.876344 -0.051536 -0.875709 0.071698 -0.474697
1753905426.560847 16599951.696155 4834027.144416 -102470536.876344 -0.051536 -0.875709 0.071698 -0.474697
1753905426.565849 16599951.696155 4834027.144416 -102470536.876344 -0.051536 -0.875709 0.071698 -0.474697
1753905426.570850 16599951.696155 4834027.144416 -102470536.876344 -0.051536 -0.875709 0.071698 -0.474697
1753905426.575851 16599951.696155 4834027.144416 -102470536.876344 -0.051536 -0.875709 0.071698 -0.474697
1753905426.580853 16599951.696155 4834027.144416 -102470536.876344 -0.051536 -0.875709 0.071698 -0.474697
1753905426.585854 16599951.687887 4834027.144205 -102470536.882637 0.047383 0.861100 -0.066473 0.501840
1753905426.590856 16599951.687887 4834027.144205 -102470536.882637 0.047383 0.861100 -0.066473 0.501840
1753905426.595856 16599951.687887 4834027.144205 -102470536.882637 0.047383 0.861100 -0.066473 0.501840
1753905426.600858 16599951.687887 4834027.144205 -102470536.882637 0.047383 0.861100 -0.066473 0.501840
1753905426.605860 16599951.687887 4834027.144205 -102470536.882637 0.047383 0.861100 -0.066473 0.501840
1753905426.610860 16599951.687887 4834027.144205 -102470536.882637 0.047383 0.861100 -0.066473 0.501840
1753905426.615862 16599951.687887 4834027.144205 -102470536.882637 0.047383 0.861100 -0.066473 0.501840
1753905426.620863 16599951.687887 4834027.144205 -102470536.882637 0.047383 0.861100 -0.066473 0.501840
1753905426.625865 16599951.687887 4834027.144205 -102470536.882637 0.047383 0.861100 -0.066473 0.501840
1753905426.630865 16599951.687887 4834027.144205 -102470536.882637 0.047383 0.861100 -0.066473 0.501840
1753905426.635867 16599951.687887 4834027.144205 -102470536.882637 0.047383 0.861100 -0.066473 0.501840
1753905426.640869 16599951.687887 4834027.144205 -102470536.882637 0.047383 0.861100 -0.066473 0.501840
1753905426.645869 16599951.687887 4834027.144205 -102470536.882637 0.047383 0.861100 -0.066473 0.501840
1753905426.650871 16599951.687887 4834027.144205 -102470536.882637 0.047383 0.861100 -0.066473 0.501840
1753905426.655873 16599951.678633 4834027.145206 -102470536.890572 0.041622 0.846746 -0.060072 0.526954
1753905426.660874 16599951.678633 4834027.145206 -102470536.890572 0.041622 0.846746 -0.060072 0.526954
1753905426.665875 16599951.678633 4834027.145206 -102470536.890572 0.041622 0.846746 -0.060072 0.526954
1753905426.670876 16599951.678633 4834027.145206 -102470536.890572 0.041622 0.846746 -0.060072 0.526954
1753905426.675878 16599951.678633 4834027.145206 -102470536.890572 0.041622 0.846746 -0.060072 0.526954
1753905426.680879 16599951.678633 4834027.145206 -102470536.890572 0.041622 0.846746 -0.060072 0.526954
1753905426.685880 16599951.678633 4834027.145206 -102470536.890572 0.041622 0.846746 -0.060072 0.526954
1753905426.690881 16599951.678633 4834027.145206 -102470536.890572 0.041622 0.846746 -0.060072 0.526954
1753905426.695883 16599951.678633 4834027.145206 -102470536.890572 0.041622 0.846746 -0.060072 0.526954
1753905426.700884 16599951.678633 4834027.145206 -102470536.890572 0.041622 0.846746 -0.060072 0.526954
1753905426.705885 16599951.678633 4834027.145206 -102470536.890572 0.041622 0.846746 -0.060072 0.526954
1753905426.710887 16599951.678633 4834027.145206 -102470536.890572 0.041622 0.846746 -0.060072 0.526954
1753905426.715888 16599951.678633 4834027.145206 -102470536.890572 0.041622 0.846746 -0.060072 0.526954
1753905426.720889 16599951.677627 4834027.143170 -102470536.896048 0.039097 0.833711 -0.058267 0.547725
1753905426.725891 16599951.677627 4834027.143170 -102470536.896048 0.039097 0.833711 -0.058267 0.547725
1753905426.730891 16599951.677627 4834027.143170 -102470536.896048 0.039097 0.833711 -0.058267 0.547725
1753905426.735893 16599951.677627 4834027.143170 -102470536.896048 0.039097 0.833711 -0.058267 0.547725
1753905426.740895 16599951.677627 4834027.143170 -102470536.896048 0.039097 0.833711 -0.058267 0.547725
1753905426.745896 16599951.677627 4834027.143170 -102470536.896048 0.039097 0.833711 -0.058267 0.547725
1753905426.750897 16599951.677627 4834027.143170 -102470536.896048 0.039097 0.833711 -0.058267 0.547725
1753905426.755898 16599951.677627 4834027.143170 -102470536.896048 0.039097 0.833711 -0.058267 0.547725
1753905426.760900 16599951.677627 4834027.143170 -102470536.896048 0.039097 0.833711 -0.058267 0.547725
1753905426.765902 16599951.677627 4834027.143170 -102470536.896048 0.039097 0.833711 -0.058267 0.547725
1753905426.770902 16599951.677627 4834027.143170 -102470536.896048 0.039097 0.833711 -0.058267 0.547725
1753905426.775904 16599951.677627 4834027.143170 -102470536.896048 0.039097 0.833711 -0.058267 0.547725
1753905426.780905 16599951.677627 4834027.143170 -102470536.896048 0.039097 0.833711 -0.058267 0.547725
1753905426.784363 16599951.674210 4834027.143828 -102470536.905603 0.037710 0.821130 -0.059214 0.566407
1753905426.785907 16599951.674210 4834027.143828 -102470536.905603 0.037710 0.821130 -0.059214 0.566407
1753905426.790907 16599951.674210 4834027.143828 -102470536.905603 0.037710 0.821130 -0.059214 0.566407
1753905426.795909 16599951.674210 4834027.143828 -102470536.905603 0.037710 0.821130 -0.059214 0.566407
1753905426.800910 16599951.674210 4834027.143828 -102470536.905603 0.037710 0.821130 -0.059214 0.566407
1753905426.805911 16599951.674210 4834027.143828 -102470536.905603 0.037710 0.821130 -0.059214 0.566407
1753905426.810913 16599951.674210 4834027.143828 -102470536.905603 0.037710 0.821130 -0.059214 0.566407
1753905426.815914 16599951.674210 4834027.143828 -102470536.905603 0.037710 0.821130 -0.059214 0.566407
1753905426.820916 16599951.664358 4834027.147028 -102470536.914992 0.035509 0.813878 -0.059802 0.576858
1753905426.825917 16599951.664358 4834027.147028 -102470536.914992 0.035509 0.813878 -0.059802 0.576858
1753905426.830918 16599951.664358 4834027.147028 -102470536.914992 0.035509 0.813878 -0.059802 0.576858
1753905426.835920 16599951.664358 4834027.147028 -102470536.914992 0.035509 0.813878 -0.059802 0.576858
1753905426.840920 16599951.664358 4834027.147028 -102470536.914992 0.035509 0.813878 -0.059802 0.576858
1753905426.845922 16599951.664358 4834027.147028 -102470536.914992 0.035509 0.813878 -0.059802 0.576858
1753905426.850924 16599951.664358 4834027.147028 -102470536.914992 0.035509 0.813878 -0.059802 0.576858
1753905426.855925 16599951.664358 4834027.147028 -102470536.914992 0.035509 0.813878 -0.059802 0.576858
1753905426.860926 16599951.664358 4834027.147028 -102470536.914992 0.035509 0.813878 -0.059802 0.576858
1753905426.865927 16599951.664358 4834027.147028 -102470536.914992 0.035509 0.813878 -0.059802 0.576858
1753905426.870929 16599951.664358 4834027.147028 -102470536.914992 0.035509 0.813878 -0.059802 0.576858
1753905426.875931 16599951.664358 4834027.147028 -102470536.914992 0.035509 0.813878 -0.059802 0.576858
1753905426.880931 16599951.664358 4834027.147028 -102470536.914992 0.035509 0.813878 -0.059802 0.576858
1753905426.885933 16599951.664358 4834027.147028 -102470536.914992 0.035509 0.813878 -0.059802 0.576858
1753905426.890934 16599951.664358 4834027.147028 -102470536.914992 0.035509 0.813878 -0.059802 0.576858
1753905426.895935 16599951.664358 4834027.147028 -102470536.914992 0.035509 0.813878 -0.059802 0.576858
1753905426.900937 16599951.664358 4834027.147028 -102470536.914992 0.035509 0.813878 -0.059802 0.576858
1753905426.905938 16599951.664358 4834027.147028 -102470536.914992 0.035509 0.813878 -0.059802 0.576858
1753905426.910939 16599951.664358 4834027.147028 -102470536.914992 0.035509 0.813878 -0.059802 0.576858
1753905426.915940 16599951.664358 4834027.147028 -102470536.914992 0.035509 0.813878 -0.059802 0.576858
1753905426.920942 16599951.659547 4834027.148338 -102470536.928534 0.028574 0.795370 -0.059271 0.602543
1753905426.925944 16599951.659547 4834027.148338 -102470536.928534 0.028574 0.795370 -0.059271 0.602543
1753905426.930944 16599951.659547 4834027.148338 -102470536.928534 0.028574 0.795370 -0.059271 0.602543
1753905426.935946 16599951.659547 4834027.148338 -102470536.928534 0.028574 0.795370 -0.059271 0.602543
1753905426.940948 16599951.659547 4834027.148338 -102470536.928534 0.028574 0.795370 -0.059271 0.602543
1753905426.945949 16599951.659547 4834027.148338 -102470536.928534 0.028574 0.795370 -0.059271 0.602543
1753905426.950950 16599951.659547 4834027.148338 -102470536.928534 0.028574 0.795370 -0.059271 0.602543
1753905426.955951 16599951.659547 4834027.148338 -102470536.928534 0.028574 0.795370 -0.059271 0.602543
1753905426.960953 16599951.659547 4834027.148338 -102470536.928534 0.028574 0.795370 -0.059271 0.602543
1753905426.965953 16599951.659547 4834027.148338 -102470536.928534 0.028574 0.795370 -0.059271 0.602543
1753905426.970955 16599951.659547 4834027.148338 -102470536.928534 0.028574 0.795370 -0.059271 0.602543
1753905426.975956 16599951.659547 4834027.148338 -102470536.928534 0.028574 0.795370 -0.059271 0.602543
1753905426.980957 16599951.659547 4834027.148338 -102470536.928534 0.028574 0.795370 -0.059271 0.602543
1753905426.985959 16599951.657690 4834027.148243 -102470536.935840 0.024666 0.783248 -0.058140 0.618494
1753905426.990960 16599951.657690 4834027.148243 -102470536.935840 0.024666 0.783248 -0.058140 0.618494
1753905426.995962 16599951.657690 4834027.148243 -102470536.935840 0.024666 0.783248 -0.058140 0.618494
1753905427.000962 16599951.657690 4834027.148243 -102470536.935840 0.024666 0.783248 -0.058140 0.618494
1753905427.005964 16599951.657690 4834027.148243 -102470536.935840 0.024666 0.783248 -0.058140 0.618494
1753905427.010966 16599951.657690 4834027.148243 -102470536.935840 0.024666 0.783248 -0.058140 0.618494
1753905427.015967 16599951.657690 4834027.148243 -102470536.935840 0.024666 0.783248 -0.058140 0.618494
1753905427.020968 16599951.657868 4834027.148680 -102470536.938824 0.023042 0.777177 -0.057771 0.626201
1753905427.025970 16599951.657868 4834027.148680 -102470536.938824 0.023042 0.777177 -0.057771 0.626201
1753905427.030971 16599951.657868 4834027.148680 -102470536.938824 0.023042 0.777177 -0.057771 0.626201
1753905427.035972 16599951.657868 4834027.148680 -102470536.938824 0.023042 0.777177 -0.057771 0.626201
1753905427.040973 16599951.657868 4834027.148680 -102470536.938824 0.023042 0.777177 -0.057771 0.626201
1753905427.045975 16599951.657868 4834027.148680 -102470536.938824 0.023042 0.777177 -0.057771 0.626201
1753905427.050977 16599951.657868 4834027.148680 -102470536.938824 0.023042 0.777177 -0.057771 0.626201
1753905427.055977 16599951.657868 4834027.148680 -102470536.938824 0.023042 0.777177 -0.057771 0.626201
1753905427.060979 16599951.657868 4834027.148680 -102470536.938824 0.023042 0.777177 -0.057771 0.626201
1753905427.065980 16599951.657868 4834027.148680 -102470536.938824 0.023042 0.777177 -0.057771 0.626201
1753905427.070981 16599951.657868 4834027.148680 -102470536.938824 0.023042 0.777177 -0.057771 0.626201
1753905427.075982 16599951.657868 4834027.148680 -102470536.938824 0.023042 0.777177 -0.057771 0.626201
1753905427.080984 16599951.657868 4834027.148680 -102470536.938824 0.023042 0.777177 -0.057771 0.626201
1753905427.085984 16599951.658555 4834027.147736 -102470536.946738 0.020557 0.764071 -0.058620 0.642135
1753905427.090986 16599951.658555 4834027.147736 -102470536.946738 0.020557 0.764071 -0.058620 0.642135
1753905427.095988 16599951.658555 4834027.147736 -102470536.946738 0.020557 0.764071 -0.058620 0.642135
1753905427.100989 16599951.658555 4834027.147736 -102470536.946738 0.020557 0.764071 -0.058620 0.642135
1753905427.105990 16599951.658555 4834027.147736 -102470536.946738 0.020557 0.764071 -0.058620 0.642135
1753905427.110992 16599951.658555 4834027.147736 -102470536.946738 0.020557 0.764071 -0.058620 0.642135
1753905427.115993 16599951.658555 4834027.147736 -102470536.946738 0.020557 0.764071 -0.058620 0.642135
1753905427.120995 16599951.658555 4834027.147736 -102470536.946738 0.020557 0.764071 -0.058620 0.642135
1753905427.125995 16599951.658555 4834027.147736 -102470536.946738 0.020557 0.764071 -0.058620 0.642135
1753905427.130997 16599951.658555 4834027.147736 -102470536.946738 0.020557 0.764071 -0.058620 0.642135
1753905427.135998 16599951.658555 4834027.147736 -102470536.946738 0.020557 0.764071 -0.058620 0.642135
1753905427.140999 16599951.658555 4834027.147736 -102470536.946738 0.020557 0.764071 -0.058620 0.642135
1753905427.146001 16599951.658555 4834027.147736 -102470536.946738 0.020557 0.764071 -0.058620 0.642135
1753905427.151002 16599951.658555 4834027.147736 -102470536.946738 0.020557 0.764071 -0.058620 0.642135
1753905427.156004 16599951.659213 4834027.147356 -102470536.956298 0.019428 0.747814 -0.059050 0.660991
1753905427.161005 16599951.659213 4834027.147356 -102470536.956298 0.019428 0.747814 -0.059050 0.660991
1753905427.166006 16599951.659213 4834027.147356 -102470536.956298 0.019428 0.747814 -0.059050 0.660991
1753905427.171008 16599951.659213 4834027.147356 -102470536.956298 0.019428 0.747814 -0.059050 0.660991
1753905427.176008 16599951.659213 4834027.147356 -102470536.956298 0.019428 0.747814 -0.059050 0.660991
1753905427.181010 16599951.659213 4834027.147356 -102470536.956298 0.019428 0.747814 -0.059050 0.660991
1753905427.186011 16599951.659213 4834027.147356 -102470536.956298 0.019428 0.747814 -0.059050 0.660991
1753905427.191013 16599951.659213 4834027.147356 -102470536.956298 0.019428 0.747814 -0.059050 0.660991
1753905427.196013 16599951.659213 4834027.147356 -102470536.956298 0.019428 0.747814 -0.059050 0.660991
1753905427.201015 16599951.659213 4834027.147356 -102470536.956298 0.019428 0.747814 -0.059050 0.660991
1753905427.206017 16599951.659213 4834027.147356 -102470536.956298 0.019428 0.747814 -0.059050 0.660991
1753905427.211017 16599951.659213 4834027.147356 -102470536.956298 0.019428 0.747814 -0.059050 0.660991
1753905427.216019 16599951.659213 4834027.147356 -102470536.956298 0.019428 0.747814 -0.059050 0.660991
1753905427.221021 16599951.660014 4834027.145726 -102470536.965761 0.018870 0.729595 -0.060819 0.680908
1753905427.226022 16599951.660014 4834027.145726 -102470536.965761 0.018870 0.729595 -0.060819 0.680908
1753905427.231023 16599951.660014 4834027.145726 -102470536.965761 0.018870 0.729595 -0.060819 0.680908
1753905427.236024 16599951.660014 4834027.145726 -102470536.965761 0.018870 0.729595 -0.060819 0.680908
1753905427.241026 16599951.660014 4834027.145726 -102470536.965761 0.018870 0.729595 -0.060819 0.680908
1753905427.246027 16599951.660014 4834027.145726 -102470536.965761 0.018870 0.729595 -0.060819 0.680908
1753905427.251028 16599951.660014 4834027.145726 -102470536.965761 0.018870 0.729595 -0.060819 0.680908
1753905427.256030 16599951.660014 4834027.145726 -102470536.965761 0.018870 0.729595 -0.060819 0.680908
1753905427.261030 16599951.660014 4834027.145726 -102470536.965761 0.018870 0.729595 -0.060819 0.680908
1753905427.266032 16599951.660014 4834027.145726 -102470536.965761 0.018870 0.729595 -0.060819 0.680908
1753905427.271034 16599951.660014 4834027.145726 -102470536.965761 0.018870 0.729595 -0.060819 0.680908
1753905427.276035 16599951.660014 4834027.145726 -102470536.965761 0.018870 0.729595 -0.060819 0.680908
1753905427.281036 16599951.660014 4834027.145726 -102470536.965761 0.018870 0.729595 -0.060819 0.680908
1753905427.286037 16599951.659609 4834027.143531 -102470536.970626 0.017447 0.713833 -0.063419 0.697220
1753905427.291039 16599951.659609 4834027.143531 -102470536.970626 0.017447 0.713833 -0.063419 0.697220
1753905427.296041 16599951.659609 4834027.143531 -102470536.970626 0.017447 0.713833 -0.063419 0.697220
1753905427.301041 16599951.659609 4834027.143531 -102470536.970626 0.017447 0.713833 -0.063419 0.697220
1753905427.306043 16599951.659609 4834027.143531 -102470536.970626 0.017447 0.713833 -0.063419 0.697220
1753905427.311044 16599951.659609 4834027.143531 -102470536.970626 0.017447 0.713833 -0.063419 0.697220
1753905427.316046 16599951.659609 4834027.143531 -102470536.970626 0.017447 0.713833 -0.063419 0.697220
1753905427.321047 16599951.659609 4834027.143531 -102470536.970626 0.017447 0.713833 -0.063419 0.697220
1753905427.326048 16599951.659609 4834027.143531 -102470536.970626 0.017447 0.713833 -0.063419 0.697220
1753905427.331050 16599951.659609 4834027.143531 -102470536.970626 0.017447 0.713833 -0.063419 0.697220
1753905427.336051 16599951.659609 4834027.143531 -102470536.970626 0.017447 0.713833 -0.063419 0.697220
1753905427.341052 16599951.659609 4834027.143531 -102470536.970626 0.017447 0.713833 -0.063419 0.697220
1753905427.346054 16599951.659609 4834027.143531 -102470536.970626 0.017447 0.713833 -0.063419 0.697220
1753905427.351055 16599951.659609 4834027.143531 -102470536.970626 0.017447 0.713833 -0.063419 0.697220
1753905427.356056 16599951.658280 4834027.144100 -102470536.980121 0.013006 0.698829 -0.062675 0.712418
1753905427.361058 16599951.658280 4834027.144100 -102470536.980121 0.013006 0.698829 -0.062675 0.712418
1753905427.366059 16599951.658280 4834027.144100 -102470536.980121 0.013006 0.698829 -0.062675 0.712418
1753905427.371060 16599951.658280 4834027.144100 -102470536.980121 0.013006 0.698829 -0.062675 0.712418
1753905427.376061 16599951.658280 4834027.144100 -102470536.980121 0.013006 0.698829 -0.062675 0.712418
1753905427.381063 16599951.658280 4834027.144100 -102470536.980121 0.013006 0.698829 -0.062675 0.712418
1753905427.386064 16599951.658280 4834027.144100 -102470536.980121 0.013006 0.698829 -0.062675 0.712418
1753905427.391065 16599951.658280 4834027.144100 -102470536.980121 0.013006 0.698829 -0.062675 0.712418
1753905427.396067 16599951.658280 4834027.144100 -102470536.980121 0.013006 0.698829 -0.062675 0.712418
1753905427.401068 16599951.658280 4834027.144100 -102470536.980121 0.013006 0.698829 -0.062675 0.712418
1753905427.406069 16599951.658280 4834027.144100 -102470536.980121 0.013006 0.698829 -0.062675 0.712418
1753905427.411070 16599951.658280 4834027.144100 -102470536.980121 0.013006 0.698829 -0.062675 0.712418
1753905427.416072 16599951.658280 4834027.144100 -102470536.980121 0.013006 0.698829 -0.062675 0.712418
1753905427.421074 16599951.657696 4834027.142301 -102470536.984024 0.009468 0.682219 -0.060606 0.728570
1753905427.426074 16599951.657696 4834027.142301 -102470536.984024 0.009468 0.682219 -0.060606 0.728570
1753905427.431076 16599951.657696 4834027.142301 -102470536.984024 0.009468 0.682219 -0.060606 0.728570
1753905427.436078 16599951.657696 4834027.142301 -102470536.984024 0.009468 0.682219 -0.060606 0.728570
1753905427.441078 16599951.657696 4834027.142301 -102470536.984024 0.009468 0.682219 -0.060606 0.728570
1753905427.446080 16599951.657696 4834027.142301 -102470536.984024 0.009468 0.682219 -0.060606 0.728570
1753905427.451082 16599951.657696 4834027.142301 -102470536.984024 0.009468 0.682219 -0.060606 0.728570
1753905427.456083 16599951.658112 4834027.142998 -102470536.985801 0.007846 0.672506 -0.059147 0.737683
1753905427.461084 16599951.658112 4834027.142998 -102470536.985801 0.007846 0.672506 -0.059147 0.737683
1753905427.466085 16599951.658112 4834027.142998 -102470536.985801 0.007846 0.672506 -0.059147 0.737683
1753905427.471087 16599951.658112 4834027.142998 -102470536.985801 0.007846 0.672506 -0.059147 0.737683
1753905427.476087 16599951.658112 4834027.142998 -102470536.985801 0.007846 0.672506 -0.059147 0.737683
1753905427.481089 16599951.658112 4834027.142998 -102470536.985801 0.007846 0.672506 -0.059147 0.737683
1753905427.486090 16599951.658112 4834027.142998 -102470536.985801 0.007846 0.672506 -0.059147 0.737683
1753905427.491091 16599951.658112 4834027.142998 -102470536.985801 0.007846 0.672506 -0.059147 0.737683
1753905427.496093 16599951.658112 4834027.142998 -102470536.985801 0.007846 0.672506 -0.059147 0.737683
1753905427.501094 16599951.658112 4834027.142998 -102470536.985801 0.007846 0.672506 -0.059147 0.737683
1753905427.506096 16599951.658112 4834027.142998 -102470536.985801 0.007846 0.672506 -0.059147 0.737683
1753905427.511096 16599951.658112 4834027.142998 -102470536.985801 0.007846 0.672506 -0.059147 0.737683
1753905427.516098 16599951.658112 4834027.142998 -102470536.985801 0.007846 0.672506 -0.059147 0.737683
1753905427.521100 16599951.658656 4834027.142067 -102470536.989489 0.007999 0.651255 -0.056010 0.756747
1753905427.526100 16599951.658656 4834027.142067 -102470536.989489 0.007999 0.651255 -0.056010 0.756747
1753905427.531102 16599951.658656 4834027.142067 -102470536.989489 0.007999 0.651255 -0.056010 0.756747
1753905427.536104 16599951.658656 4834027.142067 -102470536.989489 0.007999 0.651255 -0.056010 0.756747
1753905427.541106 16599951.658656 4834027.142067 -102470536.989489 0.007999 0.651255 -0.056010 0.756747
1753905427.546106 16599951.658656 4834027.142067 -102470536.989489 0.007999 0.651255 -0.056010 0.756747
1753905427.551108 16599951.658656 4834027.142067 -102470536.989489 0.007999 0.651255 -0.056010 0.756747
1753905427.556109 16599951.658656 4834027.142067 -102470536.989489 0.007999 0.651255 -0.056010 0.756747
1753905427.561110 16599951.658656 4834027.142067 -102470536.989489 0.007999 0.651255 -0.056010 0.756747
1753905427.566111 16599951.658656 4834027.142067 -102470536.989489 0.007999 0.651255 -0.056010 0.756747
1753905427.571113 16599951.658656 4834027.142067 -102470536.989489 0.007999 0.651255 -0.056010 0.756747
1753905427.576114 16599951.658656 4834027.142067 -102470536.989489 0.007999 0.651255 -0.056010 0.756747
1753905427.581116 16599951.658656 4834027.142067 -102470536.989489 0.007999 0.651255 -0.056010 0.756747
1753905427.586117 16599951.661077 4834027.141265 -102470536.995561 0.009141 0.628445 -0.052418 0.776032
1753905427.591118 16599951.661077 4834027.141265 -102470536.995561 0.009141 0.628445 -0.052418 0.776032
1753905427.596119 16599951.661077 4834027.141265 -102470536.995561 0.009141 0.628445 -0.052418 0.776032
1753905427.601120 16599951.661077 4834027.141265 -102470536.995561 0.009141 0.628445 -0.052418 0.776032
1753905427.606122 16599951.661077 4834027.141265 -102470536.995561 0.009141 0.628445 -0.052418 0.776032
1753905427.611124 16599951.661077 4834027.141265 -102470536.995561 0.009141 0.628445 -0.052418 0.776032
1753905427.616125 16599951.661077 4834027.141265 -102470536.995561 0.009141 0.628445 -0.052418 0.776032
1753905427.621126 16599951.661077 4834027.141265 -102470536.995561 0.009141 0.628445 -0.052418 0.776032
1753905427.626128 16599951.661077 4834027.141265 -102470536.995561 0.009141 0.628445 -0.052418 0.776032
1753905427.631129 16599951.661077 4834027.141265 -102470536.995561 0.009141 0.628445 -0.052418 0.776032
1753905427.636130 16599951.661077 4834027.141265 -102470536.995561 0.009141 0.628445 -0.052418 0.776032
1753905427.641131 16599951.661077 4834027.141265 -102470536.995561 0.009141 0.628445 -0.052418 0.776032
1753905427.646133 16599951.661077 4834027.141265 -102470536.995561 0.009141 0.628445 -0.052418 0.776032
1753905427.651135 16599951.661077 4834027.141265 -102470536.995561 0.009141 0.628445 -0.052418 0.776032
1753905427.656135 16599951.662582 4834027.140979 -102470537.002619 0.007187 0.603734 -0.047794 0.795719
1753905427.661137 16599951.662582 4834027.140979 -102470537.002619 0.007187 0.603734 -0.047794 0.795719
1753905427.666138 16599951.662582 4834027.140979 -102470537.002619 0.007187 0.603734 -0.047794 0.795719
1753905427.671139 16599951.662582 4834027.140979 -102470537.002619 0.007187 0.603734 -0.047794 0.795719
1753905427.676141 16599951.662582 4834027.140979 -102470537.002619 0.007187 0.603734 -0.047794 0.795719
1753905427.681142 16599951.662582 4834027.140979 -102470537.002619 0.007187 0.603734 -0.047794 0.795719
1753905427.686144 16599951.662582 4834027.140979 -102470537.002619 0.007187 0.603734 -0.047794 0.795719
1753905427.691144 16599951.662582 4834027.140979 -102470537.002619 0.007187 0.603734 -0.047794 0.795719
1753905427.696146 16599951.662582 4834027.140979 -102470537.002619 0.007187 0.603734 -0.047794 0.795719
1753905427.701148 16599951.662582 4834027.140979 -102470537.002619 0.007187 0.603734 -0.047794 0.795719
1753905427.706149 16599951.662582 4834027.140979 -102470537.002619 0.007187 0.603734 -0.047794 0.795719
1753905427.711150 16599951.662582 4834027.140979 -102470537.002619 0.007187 0.603734 -0.047794 0.795719
1753905427.716151 16599951.662582 4834027.140979 -102470537.002619 0.007187 0.603734 -0.047794 0.795719
1753905427.721153 16599951.664220 4834027.139560 -102470537.011180 0.002657 0.576027 -0.043558 0.816265
1753905427.726154 16599951.664220 4834027.139560 -102470537.011180 0.002657 0.576027 -0.043558 0.816265
1753905427.731155 16599951.664220 4834027.139560 -102470537.011180 0.002657 0.576027 -0.043558 0.816265
1753905427.736157 16599951.664220 4834027.139560 -102470537.011180 0.002657 0.576027 -0.043558 0.816265
1753905427.741157 16599951.664220 4834027.139560 -102470537.011180 0.002657 0.576027 -0.043558 0.816265
1753905427.746159 16599951.664220 4834027.139560 -102470537.011180 0.002657 0.576027 -0.043558 0.816265
1753905427.751161 16599951.664220 4834027.139560 -102470537.011180 0.002657 0.576027 -0.043558 0.816265
1753905427.756162 16599951.664220 4834027.139560 -102470537.011180 0.002657 0.576027 -0.043558 0.816265
1753905427.761163 16599951.664220 4834027.139560 -102470537.011180 0.002657 0.576027 -0.043558 0.816265
1753905427.766165 16599951.664220 4834027.139560 -102470537.011180 0.002657 0.576027 -0.043558 0.816265
1753905427.771166 16599951.664220 4834027.139560 -102470537.011180 0.002657 0.576027 -0.043558 0.816265
1753905427.776167 16599951.664220 4834027.139560 -102470537.011180 0.002657 0.576027 -0.043558 0.816265
1753905427.781168 16599951.664220 4834027.139560 -102470537.011180 0.002657 0.576027 -0.043558 0.816265
1753905427.786170 16599951.662262 4834027.137276 -102470537.019836 -0.004534 0.548005 -0.039970 0.835507
1753905427.791172 16599951.662262 4834027.137276 -102470537.019836 -0.004534 0.548005 -0.039970 0.835507
1753905427.796172 16599951.662262 4834027.137276 -102470537.019836 -0.004534 0.548005 -0.039970 0.835507
1753905427.801174 16599951.662262 4834027.137276 -102470537.019836 -0.004534 0.548005 -0.039970 0.835507
1753905427.806175 16599951.662262 4834027.137276 -102470537.019836 -0.004534 0.548005 -0.039970 0.835507
1753905427.811176 16599951.662262 4834027.137276 -102470537.019836 -0.004534 0.548005 -0.039970 0.835507
1753905427.816178 16599951.662262 4834027.137276 -102470537.019836 -0.004534 0.548005 -0.039970 0.835507
1753905427.821179 16599951.662262 4834027.137276 -102470537.019836 -0.004534 0.548005 -0.039970 0.835507
1753905427.826181 16599951.662262 4834027.137276 -102470537.019836 -0.004534 0.548005 -0.039970 0.835507
1753905427.831181 16599951.662262 4834027.137276 -102470537.019836 -0.004534 0.548005 -0.039970 0.835507
1753905427.836183 16599951.662262 4834027.137276 -102470537.019836 -0.004534 0.548005 -0.039970 0.835507
1753905427.841185 16599951.662262 4834027.137276 -102470537.019836 -0.004534 0.548005 -0.039970 0.835507
1753905427.846185 16599951.662262 4834027.137276 -102470537.019836 -0.004534 0.548005 -0.039970 0.835507
1753905427.851187 16599951.662262 4834027.137276 -102470537.019836 -0.004534 0.548005 -0.039970 0.835507
1753905427.856188 16599951.665542 4834027.138171 -102470537.030739 -0.011311 0.520697 -0.037430 0.852846
1753905427.861190 16599951.665542 4834027.138171 -102470537.030739 -0.011311 0.520697 -0.037430 0.852846
1753905427.866191 16599951.665542 4834027.138171 -102470537.030739 -0.011311 0.520697 -0.037430 0.852846
1753905427.871192 16599951.665542 4834027.138171 -102470537.030739 -0.011311 0.520697 -0.037430 0.852846
1753905427.876194 16599951.665542 4834027.138171 -102470537.030739 -0.011311 0.520697 -0.037430 0.852846
1753905427.881196 16599951.665542 4834027.138171 -102470537.030739 -0.011311 0.520697 -0.037430 0.852846
1753905427.886196 16599951.667604 4834027.138169 -102470537.035620 -0.013811 0.507444 -0.036033 0.860820
1753905427.891198 16599951.667604 4834027.138169 -102470537.035620 -0.013811 0.507444 -0.036033 0.860820
1753905427.896199 16599951.667604 4834027.138169 -102470537.035620 -0.013811 0.507444 -0.036033 0.860820
1753905427.901200 16599951.667604 4834027.138169 -102470537.035620 -0.013811 0.507444 -0.036033 0.860820
1753905427.906202 16599951.667604 4834027.138169 -102470537.035620 -0.013811 0.507444 -0.036033 0.860820
1753905427.911203 16599951.667604 4834027.138169 -102470537.035620 -0.013811 0.507444 -0.036033 0.860820
1753905427.916205 16599951.667604 4834027.138169 -102470537.035620 -0.013811 0.507444 -0.036033 0.860820
1753905427.921205 16599951.667604 4834027.138169 -102470537.035620 -0.013811 0.507444 -0.036033 0.860820
1753905427.926207 16599951.667604 4834027.138169 -102470537.035620 -0.013811 0.507444 -0.036033 0.860820
1753905427.931208 16599951.667604 4834027.138169 -102470537.035620 -0.013811 0.507444 -0.036033 0.860820
1753905427.936209 16599951.667604 4834027.138169 -102470537.035620 -0.013811 0.507444 -0.036033 0.860820
1753905427.941211 16599951.667604 4834027.138169 -102470537.035620 -0.013811 0.507444 -0.036033 0.860820
1753905427.946212 16599951.667604 4834027.138169 -102470537.035620 -0.013811 0.507444 -0.036033 0.860820
1753905427.951214 16599951.667604 4834027.138169 -102470537.035620 -0.013811 0.507444 -0.036033 0.860820
1753905427.956214 16599951.671809 4834027.137047 -102470537.046098 -0.019772 0.480347 -0.033514 0.876215
1753905427.961216 16599951.671809 4834027.137047 -102470537.046098 -0.019772 0.480347 -0.033514 0.876215
1753905427.966218 16599951.671809 4834027.137047 -102470537.046098 -0.019772 0.480347 -0.033514 0.876215
1753905427.971218 16599951.671809 4834027.137047 -102470537.046098 -0.019772 0.480347 -0.033514 0.876215
1753905427.976220 16599951.671809 4834027.137047 -102470537.046098 -0.019772 0.480347 -0.033514 0.876215
1753905427.981222 16599951.671809 4834027.137047 -102470537.046098 -0.019772 0.480347 -0.033514 0.876215
1753905427.986223 16599951.671809 4834027.137047 -102470537.046098 -0.019772 0.480347 -0.033514 0.876215
1753905427.991224 16599951.671809 4834027.137047 -102470537.046098 -0.019772 0.480347 -0.033514 0.876215
1753905427.996225 16599951.671809 4834027.137047 -102470537.046098 -0.019772 0.480347 -0.033514 0.876215
1753905428.001227 16599951.671809 4834027.137047 -102470537.046098 -0.019772 0.480347 -0.033514 0.876215
1753905428.006227 16599951.671809 4834027.137047 -102470537.046098 -0.019772 0.480347 -0.033514 0.876215
1753905428.011229 16599951.671809 4834027.137047 -102470537.046098 -0.019772 0.480347 -0.033514 0.876215
1753905428.016231 16599951.671809 4834027.137047 -102470537.046098 -0.019772 0.480347 -0.033514 0.876215
1753905428.017990 16599951.677857 4834027.135973 -102470537.056973 -0.024552 0.453323 -0.032565 0.890413
1753905428.021232 16599951.677857 4834027.135973 -102470537.056973 -0.024552 0.453323 -0.032565 0.890413
1753905428.026233 16599951.677857 4834027.135973 -102470537.056973 -0.024552 0.453323 -0.032565 0.890413
1753905428.031235 16599951.677857 4834027.135973 -102470537.056973 -0.024552 0.453323 -0.032565 0.890413
1753905428.036236 16599951.677857 4834027.135973 -102470537.056973 -0.024552 0.453323 -0.032565 0.890413
1753905428.041238 16599951.677857 4834027.135973 -102470537.056973 -0.024552 0.453323 -0.032565 0.890413
1753905428.046238 16599951.677857 4834027.135973 -102470537.056973 -0.024552 0.453323 -0.032565 0.890413
1753905428.051240 16599951.677857 4834027.135973 -102470537.056973 -0.024552 0.453323 -0.032565 0.890413
1753905428.056242 16599951.677857 4834027.135973 -102470537.056973 -0.024552 0.453323 -0.032565 0.890413
1753905428.061242 16599951.677857 4834027.135973 -102470537.056973 -0.024552 0.453323 -0.032565 0.890413
1753905428.066244 16599951.677857 4834027.135973 -102470537.056973 -0.024552 0.453323 -0.032565 0.890413
1753905428.071246 16599951.677857 4834027.135973 -102470537.056973 -0.024552 0.453323 -0.032565 0.890413
1753905428.076247 16599951.677857 4834027.135973 -102470537.056973 -0.024552 0.453323 -0.032565 0.890413
1753905428.081248 16599951.677857 4834027.135973 -102470537.056973 -0.024552 0.453323 -0.032565 0.890413
1753905428.086249 16599951.684382 4834027.135226 -102470537.067409 -0.029020 0.426473 -0.032406 0.903453
1753905428.091251 16599951.684382 4834027.135226 -102470537.067409 -0.029020 0.426473 -0.032406 0.903453
1753905428.096251 16599951.684382 4834027.135226 -102470537.067409 -0.029020 0.426473 -0.032406 0.903453
1753905428.101253 16599951.684382 4834027.135226 -102470537.067409 -0.029020 0.426473 -0.032406 0.903453
1753905428.106255 16599951.684382 4834027.135226 -102470537.067409 -0.029020 0.426473 -0.032406 0.903453
1753905428.111256 16599951.684382 4834027.135226 -102470537.067409 -0.029020 0.426473 -0.032406 0.903453
1753905428.116257 16599951.684382 4834027.135226 -102470537.067409 -0.029020 0.426473 -0.032406 0.903453
1753905428.121258 16599951.684382 4834027.135226 -102470537.067409 -0.029020 0.426473 -0.032406 0.903453
1753905428.126260 16599951.684382 4834027.135226 -102470537.067409 -0.029020 0.426473 -0.032406 0.903453
1753905428.131261 16599951.684382 4834027.135226 -102470537.067409 -0.029020 0.426473 -0.032406 0.903453
1753905428.136262 16599951.684382 4834027.135226 -102470537.067409 -0.029020 0.426473 -0.032406 0.903453
1753905428.141264 16599951.684382 4834027.135226 -102470537.067409 -0.029020 0.426473 -0.032406 0.903453
1753905428.146265 16599951.684382 4834027.135226 -102470537.067409 -0.029020 0.426473 -0.032406 0.903453
1753905428.151266 16599951.684382 4834027.135226 -102470537.067409 -0.029020 0.426473 -0.032406 0.903453
1753905428.156268 16599951.691486 4834027.134106 -102470537.075987 -0.032812 0.399027 -0.030875 0.915832
1753905428.161269 16599951.691486 4834027.134106 -102470537.075987 -0.032812 0.399027 -0.030875 0.915832
1753905428.166270 16599951.691486 4834027.134106 -102470537.075987 -0.032812 0.399027 -0.030875 0.915832
1753905428.171271 16599951.691486 4834027.134106 -102470537.075987 -0.032812 0.399027 -0.030875 0.915832
1753905428.176273 16599951.691486 4834027.134106 -102470537.075987 -0.032812 0.399027 -0.030875 0.915832
1753905428.181275 16599951.691486 4834027.134106 -102470537.075987 -0.032812 0.399027 -0.030875 0.915832
1753905428.186275 16599951.691486 4834027.134106 -102470537.075987 -0.032812 0.399027 -0.030875 0.915832
1753905428.191277 16599951.691486 4834027.134106 -102470537.075987 -0.032812 0.399027 -0.030875 0.915832
1753905428.196279 16599951.691486 4834027.134106 -102470537.075987 -0.032812 0.399027 -0.030875 0.915832
1753905428.201279 16599951.691486 4834027.134106 -102470537.075987 -0.032812 0.399027 -0.030875 0.915832
1753905428.206281 16599951.691486 4834027.134106 -102470537.075987 -0.032812 0.399027 -0.030875 0.915832
1753905428.211282 16599951.691486 4834027.134106 -102470537.075987 -0.032812 0.399027 -0.030875 0.915832
1753905428.216284 16599951.691486 4834027.134106 -102470537.075987 -0.032812 0.399027 -0.030875 0.915832
1753905428.221285 16599951.696086 4834027.128122 -102470537.084099 -0.036700 0.371761 -0.029835 0.927123
1753905428.226286 16599951.696086 4834027.128122 -102470537.084099 -0.036700 0.371761 -0.029835 0.927123
1753905428.231288 16599951.696086 4834027.128122 -102470537.084099 -0.036700 0.371761 -0.029835 0.927123
1753905428.236288 16599951.696086 4834027.128122 -102470537.084099 -0.036700 0.371761 -0.029835 0.927123
1753905428.241290 16599951.696086 4834027.128122 -102470537.084099 -0.036700 0.371761 -0.029835 0.927123
1753905428.246292 16599951.696086 4834027.128122 -102470537.084099 -0.036700 0.371761 -0.029835 0.927123
1753905428.251293 16599951.696086 4834027.128122 -102470537.084099 -0.036700 0.371761 -0.029835 0.927123
1753905428.256294 16599951.696086 4834027.128122 -102470537.084099 -0.036700 0.371761 -0.029835 0.927123
1753905428.261295 16599951.696086 4834027.128122 -102470537.084099 -0.036700 0.371761 -0.029835 0.927123
1753905428.266297 16599951.696086 4834027.128122 -102470537.084099 -0.036700 0.371761 -0.029835 0.927123
1753905428.271298 16599951.696086 4834027.128122 -102470537.084099 -0.036700 0.371761 -0.029835 0.927123
1753905428.276299 16599951.696086 4834027.128122 -102470537.084099 -0.036700 0.371761 -0.029835 0.927123
1753905428.281301 16599951.696086 4834027.128122 -102470537.084099 -0.036700 0.371761 -0.029835 0.927123
1753905428.286303 16599951.702054 4834027.127333 -102470537.090198 -0.044039 0.345771 -0.027194 0.936890
1753905428.291303 16599951.702054 4834027.127333 -102470537.090198 -0.044039 0.345771 -0.027194 0.936890
1753905428.296305 16599951.702054 4834027.127333 -102470537.090198 -0.044039 0.345771 -0.027194 0.936890
1753905428.301307 16599951.702054 4834027.127333 -102470537.090198 -0.044039 0.345771 -0.027194 0.936890
1753905428.306307 16599951.702054 4834027.127333 -102470537.090198 -0.044039 0.345771 -0.027194 0.936890
1753905428.311309 16599951.702054 4834027.127333 -102470537.090198 -0.044039 0.345771 -0.027194 0.936890
1753905428.316311 16599951.702054 4834027.127333 -102470537.090198 -0.044039 0.345771 -0.027194 0.936890
1753905428.321312 16599951.702054 4834027.127333 -102470537.090198 -0.044039 0.345771 -0.027194 0.936890
1753905428.326313 16599951.702054 4834027.127333 -102470537.090198 -0.044039 0.345771 -0.027194 0.936890
1753905428.331314 16599951.702054 4834027.127333 -102470537.090198 -0.044039 0.345771 -0.027194 0.936890
1753905428.336316 16599951.702054 4834027.127333 -102470537.090198 -0.044039 0.345771 -0.027194 0.936890
1753905428.341317 16599951.702054 4834027.127333 -102470537.090198 -0.044039 0.345771 -0.027194 0.936890
1753905428.346318 16599951.702054 4834027.127333 -102470537.090198 -0.044039 0.345771 -0.027194 0.936890
1753905428.351320 16599951.702054 4834027.127333 -102470537.090198 -0.044039 0.345771 -0.027194 0.936890
1753905428.356322 16599951.709370 4834027.125764 -102470537.092450 -0.048010 0.319863 -0.024459 0.945930
1753905428.361322 16599951.709370 4834027.125764 -102470537.092450 -0.048010 0.319863 -0.024459 0.945930
1753905428.366324 16599951.709370 4834027.125764 -102470537.092450 -0.048010 0.319863 -0.024459 0.945930
1753905428.371326 16599951.709370 4834027.125764 -102470537.092450 -0.048010 0.319863 -0.024459 0.945930
1753905428.376326 16599951.709370 4834027.125764 -102470537.092450 -0.048010 0.319863 -0.024459 0.945930
1753905428.381328 16599951.709370 4834027.125764 -102470537.092450 -0.048010 0.319863 -0.024459 0.945930
1753905428.386330 16599951.709370 4834027.125764 -102470537.092450 -0.048010 0.319863 -0.024459 0.945930
1753905428.391331 16599951.709370 4834027.125764 -102470537.092450 -0.048010 0.319863 -0.024459 0.945930
1753905428.396332 16599951.709370 4834027.125764 -102470537.092450 -0.048010 0.319863 -0.024459 0.945930
1753905428.401334 16599951.709370 4834027.125764 -102470537.092450 -0.048010 0.319863 -0.024459 0.945930
1753905428.406336 16599951.709370 4834027.125764 -102470537.092450 -0.048010 0.319863 -0.024459 0.945930
1753905428.411336 16599951.709370 4834027.125764 -102470537.092450 -0.048010 0.319863 -0.024459 0.945930
1753905428.416338 16599951.709370 4834027.125764 -102470537.092450 -0.048010 0.319863 -0.024459 0.945930
1753905428.421339 16599951.718267 4834027.123285 -102470537.090958 -0.048912 0.291882 -0.019905 0.954995
1753905428.426341 16599951.718267 4834027.123285 -102470537.090958 -0.048912 0.291882 -0.019905 0.954995
1753905428.431342 16599951.718267 4834027.123285 -102470537.090958 -0.048912 0.291882 -0.019905 0.954995
1753905428.436343 16599951.718267 4834027.123285 -102470537.090958 -0.048912 0.291882 -0.019905 0.954995
1753905428.441345 16599951.718267 4834027.123285 -102470537.090958 -0.048912 0.291882 -0.019905 0.954995
1753905428.446346 16599951.718267 4834027.123285 -102470537.090958 -0.048912 0.291882 -0.019905 0.954995
1753905428.451347 16599951.718267 4834027.123285 -102470537.090958 -0.048912 0.291882 -0.019905 0.954995
1753905428.456349 16599951.718267 4834027.123285 -102470537.090958 -0.048912 0.291882 -0.019905 0.954995
1753905428.461351 16599951.718267 4834027.123285 -102470537.090958 -0.048912 0.291882 -0.019905 0.954995
1753905428.466351 16599951.718267 4834027.123285 -102470537.090958 -0.048912 0.291882 -0.019905 0.954995
1753905428.471353 16599951.718267 4834027.123285 -102470537.090958 -0.048912 0.291882 -0.019905 0.954995
1753905428.476355 16599951.718267 4834027.123285 -102470537.090958 -0.048912 0.291882 -0.019905 0.954995
1753905428.481355 16599951.718267 4834027.123285 -102470537.090958 -0.048912 0.291882 -0.019905 0.954995
1753905428.486357 16599951.727875 4834027.121503 -102470537.086739 -0.045275 0.265948 -0.014192 0.962819
1753905428.491359 16599951.727875 4834027.121503 -102470537.086739 -0.045275 0.265948 -0.014192 0.962819
1753905428.496360 16599951.727875 4834027.121503 -102470537.086739 -0.045275 0.265948 -0.014192 0.962819
1753905428.501361 16599951.727875 4834027.121503 -102470537.086739 -0.045275 0.265948 -0.014192 0.962819
1753905428.506362 16599951.727875 4834027.121503 -102470537.086739 -0.045275 0.265948 -0.014192 0.962819
1753905428.511364 16599951.727875 4834027.121503 -102470537.086739 -0.045275 0.265948 -0.014192 0.962819
1753905428.516365 16599951.727875 4834027.121503 -102470537.086739 -0.045275 0.265948 -0.014192 0.962819
1753905428.521367 16599951.727875 4834027.121503 -102470537.086739 -0.045275 0.265948 -0.014192 0.962819
1753905428.526368 16599951.727875 4834027.121503 -102470537.086739 -0.045275 0.265948 -0.014192 0.962819
1753905428.531370 16599951.727875 4834027.121503 -102470537.086739 -0.045275 0.265948 -0.014192 0.962819
1753905428.536371 16599951.727875 4834027.121503 -102470537.086739 -0.045275 0.265948 -0.014192 0.962819
1753905428.541372 16599951.727875 4834027.121503 -102470537.086739 -0.045275 0.265948 -0.014192 0.962819
1753905428.546374 16599951.727875 4834027.121503 -102470537.086739 -0.045275 0.265948 -0.014192 0.962819
1753905428.551374 16599951.727875 4834027.121503 -102470537.086739 -0.045275 0.265948 -0.014192 0.962819
1753905428.556376 16599951.738560 4834027.118305 -102470537.082576 -0.039191 0.240836 -0.007458 0.969746
1753905428.561378 16599951.738560 4834027.118305 -102470537.082576 -0.039191 0.240836 -0.007458 0.969746
1753905428.566379 16599951.738560 4834027.118305 -102470537.082576 -0.039191 0.240836 -0.007458 0.969746
1753905428.571380 16599951.738560 4834027.118305 -102470537.082576 -0.039191 0.240836 -0.007458 0.969746
1753905428.576382 16599951.738560 4834027.118305 -102470537.082576 -0.039191 0.240836 -0.007458 0.969746
1753905428.581383 16599951.738560 4834027.118305 -102470537.082576 -0.039191 0.240836 -0.007458 0.969746
1753905428.586385 16599951.738560 4834027.118305 -102470537.082576 -0.039191 0.240836 -0.007458 0.969746
1753905428.591386 16599951.738560 4834027.118305 -102470537.082576 -0.039191 0.240836 -0.007458 0.969746
1753905428.596387 16599951.738560 4834027.118305 -102470537.082576 -0.039191 0.240836 -0.007458 0.969746
1753905428.601389 16599951.738560 4834027.118305 -102470537.082576 -0.039191 0.240836 -0.007458 0.969746
1753905428.606390 16599951.738560 4834027.118305 -102470537.082576 -0.039191 0.240836 -0.007458 0.969746
1753905428.611391 16599951.738560 4834027.118305 -102470537.082576 -0.039191 0.240836 -0.007458 0.969746
1753905428.616393 16599951.738560 4834027.118305 -102470537.082576 -0.039191 0.240836 -0.007458 0.969746
1753905428.621394 16599951.738560 4834027.118305 -102470537.082576 -0.039191 0.240836 -0.007458 0.969746
1753905428.626395 16599951.738560 4834027.118305 -102470537.082576 -0.039191 0.240836 -0.007458 0.969746
1753905428.631397 16599951.738560 4834027.118305 -102470537.082576 -0.039191 0.240836 -0.007458 0.969746
1753905428.636398 16599951.738560 4834027.118305 -102470537.082576 -0.039191 0.240836 -0.007458 0.969746
1753905428.641399 16599951.738560 4834027.118305 -102470537.082576 -0.039191 0.240836 -0.007458 0.969746
1753905428.646400 16599951.738560 4834027.118305 -102470537.082576 -0.039191 0.240836 -0.007458 0.969746
1753905428.651402 16599951.738560 4834027.118305 -102470537.082576 -0.039191 0.240836 -0.007458 0.969746
1753905428.656404 16599951.753213 4834027.114880 -102470537.079132 -0.033259 0.195679 0.004011 0.980095
1753905428.661405 16599951.753213 4834027.114880 -102470537.079132 -0.033259 0.195679 0.004011 0.980095
1753905428.666406 16599951.753213 4834027.114880 -102470537.079132 -0.033259 0.195679 0.004011 0.980095
1753905428.671408 16599951.753213 4834027.114880 -102470537.079132 -0.033259 0.195679 0.004011 0.980095
1753905428.676409 16599951.753213 4834027.114880 -102470537.079132 -0.033259 0.195679 0.004011 0.980095
1753905428.681410 16599951.753213 4834027.114880 -102470537.079132 -0.033259 0.195679 0.004011 0.980095
1753905428.686412 16599951.753213 4834027.114880 -102470537.079132 -0.033259 0.195679 0.004011 0.980095
1753905428.691413 16599951.753213 4834027.114880 -102470537.079132 -0.033259 0.195679 0.004011 0.980095
1753905428.696414 16599951.753213 4834027.114880 -102470537.079132 -0.033259 0.195679 0.004011 0.980095
1753905428.701416 16599951.753213 4834027.114880 -102470537.079132 -0.033259 0.195679 0.004011 0.980095
1753905428.706418 16599951.753213 4834027.114880 -102470537.079132 -0.033259 0.195679 0.004011 0.980095
1753905428.711418 16599951.753213 4834027.114880 -102470537.079132 -0.033259 0.195679 0.004011 0.980095
1753905428.716420 16599951.753213 4834027.114880 -102470537.079132 -0.033259 0.195679 0.004011 0.980095
1753905428.721421 16599951.764328 4834027.110546 -102470537.081767 -0.030896 0.168414 0.004705 0.985221
1753905428.726423 16599951.764328 4834027.110546 -102470537.081767 -0.030896 0.168414 0.004705 0.985221
1753905428.731424 16599951.764328 4834027.110546 -102470537.081767 -0.030896 0.168414 0.004705 0.985221
1753905428.736425 16599951.764328 4834027.110546 -102470537.081767 -0.030896 0.168414 0.004705 0.985221
1753905428.741427 16599951.764328 4834027.110546 -102470537.081767 -0.030896 0.168414 0.004705 0.985221
1753905428.746429 16599951.764328 4834027.110546 -102470537.081767 -0.030896 0.168414 0.004705 0.985221
1753905428.751429 16599951.764328 4834027.110546 -102470537.081767 -0.030896 0.168414 0.004705 0.985221
1753905428.756431 16599951.764328 4834027.110546 -102470537.081767 -0.030896 0.168414 0.004705 0.985221
1753905428.761433 16599951.764328 4834027.110546 -102470537.081767 -0.030896 0.168414 0.004705 0.985221
1753905428.766433 16599951.764328 4834027.110546 -102470537.081767 -0.030896 0.168414 0.004705 0.985221
1753905428.771435 16599951.764328 4834027.110546 -102470537.081767 -0.030896 0.168414 0.004705 0.985221
1753905428.776437 16599951.764328 4834027.110546 -102470537.081767 -0.030896 0.168414 0.004705 0.985221
1753905428.781438 16599951.764328 4834027.110546 -102470537.081767 -0.030896 0.168414 0.004705 0.985221
1753905428.786439 16599951.768318 4834027.110475 -102470537.083975 -0.032423 0.146555 0.004092 0.988663
1753905428.791441 16599951.768318 4834027.110475 -102470537.083975 -0.032423 0.146555 0.004092 0.988663
1753905428.796442 16599951.768318 4834027.110475 -102470537.083975 -0.032423 0.146555 0.004092 0.988663
1753905428.801443 16599951.768318 4834027.110475 -102470537.083975 -0.032423 0.146555 0.004092 0.988663
1753905428.806445 16599951.768318 4834027.110475 -102470537.083975 -0.032423 0.146555 0.004092 0.988663
1753905428.811446 16599951.768318 4834027.110475 -102470537.083975 -0.032423 0.146555 0.004092 0.988663
1753905428.816448 16599951.768318 4834027.110475 -102470537.083975 -0.032423 0.146555 0.004092 0.988663
1753905428.821449 16599951.768318 4834027.110475 -102470537.083975 -0.032423 0.146555 0.004092 0.988663
1753905428.826450 16599951.768318 4834027.110475 -102470537.083975 -0.032423 0.146555 0.004092 0.988663
1753905428.831452 16599951.768318 4834027.110475 -102470537.083975 -0.032423 0.146555 0.004092 0.988663
1753905428.836454 16599951.768318 4834027.110475 -102470537.083975 -0.032423 0.146555 0.004092 0.988663
1753905428.841454 16599951.768318 4834027.110475 -102470537.083975 -0.032423 0.146555 0.004092 0.988663
1753905428.846456 16599951.768318 4834027.110475 -102470537.083975 -0.032423 0.146555 0.004092 0.988663
1753905428.851458 16599951.768318 4834027.110475 -102470537.083975 -0.032423 0.146555 0.004092 0.988663
1753905428.856458 16599951.770865 4834027.108677 -102470537.089276 -0.037605 0.129209 0.004229 0.990895
1753905428.861460 16599951.770865 4834027.108677 -102470537.089276 -0.037605 0.129209 0.004229 0.990895
1753905428.866462 16599951.770865 4834027.108677 -102470537.089276 -0.037605 0.129209 0.004229 0.990895
1753905428.871462 16599951.770865 4834027.108677 -102470537.089276 -0.037605 0.129209 0.004229 0.990895
1753905428.876464 16599951.770865 4834027.108677 -102470537.089276 -0.037605 0.129209 0.004229 0.990895
1753905428.881466 16599951.770865 4834027.108677 -102470537.089276 -0.037605 0.129209 0.004229 0.990895
1753905428.886467 16599951.770865 4834027.108677 -102470537.089276 -0.037605 0.129209 0.004229 0.990895
1753905428.891468 16599951.770865 4834027.108677 -102470537.089276 -0.037605 0.129209 0.004229 0.990895
1753905428.896470 16599951.770865 4834027.108677 -102470537.089276 -0.037605 0.129209 0.004229 0.990895
1753905428.901471 16599951.770865 4834027.108677 -102470537.089276 -0.037605 0.129209 0.004229 0.990895
1753905428.906472 16599951.770865 4834027.108677 -102470537.089276 -0.037605 0.129209 0.004229 0.990895
1753905428.911474 16599951.770865 4834027.108677 -102470537.089276 -0.037605 0.129209 0.004229 0.990895
1753905428.916475 16599951.770865 4834027.108677 -102470537.089276 -0.037605 0.129209 0.004229 0.990895
1753905428.921477 16599951.769477 4834027.108847 -102470537.094519 -0.043383 0.110314 0.007126 0.992924
1753905428.926478 16599951.769477 4834027.108847 -102470537.094519 -0.043383 0.110314 0.007126 0.992924
1753905428.931479 16599951.769477 4834027.108847 -102470537.094519 -0.043383 0.110314 0.007126 0.992924
1753905428.936481 16599951.769477 4834027.108847 -102470537.094519 -0.043383 0.110314 0.007126 0.992924
1753905428.941482 16599951.769477 4834027.108847 -102470537.094519 -0.043383 0.110314 0.007126 0.992924
1753905428.946483 16599951.769477 4834027.108847 -102470537.094519 -0.043383 0.110314 0.007126 0.992924
1753905428.951485 16599951.769477 4834027.108847 -102470537.094519 -0.043383 0.110314 0.007126 0.992924
1753905428.956487 16599951.770825 4834027.109966 -102470537.096662 -0.046526 0.098745 0.009093 0.993983
1753905428.961487 16599951.770825 4834027.109966 -102470537.096662 -0.046526 0.098745 0.009093 0.993983
1753905428.966489 16599951.770825 4834027.109966 -102470537.096662 -0.046526 0.098745 0.009093 0.993983
1753905428.971491 16599951.770825 4834027.109966 -102470537.096662 -0.046526 0.098745 0.009093 0.993983
1753905428.976491 16599951.770825 4834027.109966 -102470537.096662 -0.046526 0.098745 0.009093 0.993983
1753905428.981493 16599951.770825 4834027.109966 -102470537.096662 -0.046526 0.098745 0.009093 0.993983
1753905428.986495 16599951.770825 4834027.109966 -102470537.096662 -0.046526 0.098745 0.009093 0.993983
1753905428.991497 16599951.770825 4834027.109966 -102470537.096662 -0.046526 0.098745 0.009093 0.993983
1753905428.996497 16599951.770825 4834027.109966 -102470537.096662 -0.046526 0.098745 0.009093 0.993983
1753905429.001499 16599951.770825 4834027.109966 -102470537.096662 -0.046526 0.098745 0.009093 0.993983
1753905429.006500 16599951.770825 4834027.109966 -102470537.096662 -0.046526 0.098745 0.009093 0.993983
1753905429.011502 16599951.770825 4834027.109966 -102470537.096662 -0.046526 0.098745 0.009093 0.993983
1753905429.016503 16599951.770825 4834027.109966 -102470537.096662 -0.046526 0.098745 0.009093 0.993983
1753905429.021504 16599951.772711 4834027.111408 -102470537.102504 -0.054201 0.072207 0.014035 0.995817
1753905429.026506 16599951.772711 4834027.111408 -102470537.102504 -0.054201 0.072207 0.014035 0.995817
1753905429.031507 16599951.772711 4834027.111408 -102470537.102504 -0.054201 0.072207 0.014035 0.995817
1753905429.036508 16599951.772711 4834027.111408 -102470537.102504 -0.054201 0.072207 0.014035 0.995817
1753905429.041510 16599951.772711 4834027.111408 -102470537.102504 -0.054201 0.072207 0.014035 0.995817
1753905429.046511 16599951.772711 4834027.111408 -102470537.102504 -0.054201 0.072207 0.014035 0.995817
1753905429.051512 16599951.772711 4834027.111408 -102470537.102504 -0.054201 0.072207 0.014035 0.995817
1753905429.056514 16599951.772711 4834027.111408 -102470537.102504 -0.054201 0.072207 0.014035 0.995817
1753905429.061515 16599951.772711 4834027.111408 -102470537.102504 -0.054201 0.072207 0.014035 0.995817
1753905429.066516 16599951.772711 4834027.111408 -102470537.102504 -0.054201 0.072207 0.014035 0.995817
1753905429.071518 16599951.772711 4834027.111408 -102470537.102504 -0.054201 0.072207 0.014035 0.995817
1753905429.076519 16599951.772711 4834027.111408 -102470537.102504 -0.054201 0.072207 0.014035 0.995817
1753905429.081521 16599951.772711 4834027.111408 -102470537.102504 -0.054201 0.072207 0.014035 0.995817
1753905429.086522 16599951.777002 4834027.111150 -102470537.107383 -0.058398 0.042789 0.018753 0.997199
1753905429.091523 16599951.777002 4834027.111150 -102470537.107383 -0.058398 0.042789 0.018753 0.997199
1753905429.096525 16599951.777002 4834027.111150 -102470537.107383 -0.058398 0.042789 0.018753 0.997199
1753905429.101526 16599951.777002 4834027.111150 -102470537.107383 -0.058398 0.042789 0.018753 0.997199
1753905429.106527 16599951.777002 4834027.111150 -102470537.107383 -0.058398 0.042789 0.018753 0.997199
1753905429.111529 16599951.777002 4834027.111150 -102470537.107383 -0.058398 0.042789 0.018753 0.997199
1753905429.116531 16599951.777002 4834027.111150 -102470537.107383 -0.058398 0.042789 0.018753 0.997199
1753905429.121531 16599951.777002 4834027.111150 -102470537.107383 -0.058398 0.042789 0.018753 0.997199
1753905429.126533 16599951.777002 4834027.111150 -102470537.107383 -0.058398 0.042789 0.018753 0.997199
1753905429.131535 16599951.777002 4834027.111150 -102470537.107383 -0.058398 0.042789 0.018753 0.997199
1753905429.136535 16599951.777002 4834027.111150 -102470537.107383 -0.058398 0.042789 0.018753 0.997199
1753905429.141537 16599951.777002 4834027.111150 -102470537.107383 -0.058398 0.042789 0.018753 0.997199
1753905429.146539 16599951.777002 4834027.111150 -102470537.107383 -0.058398 0.042789 0.018753 0.997199
1753905429.151541 16599951.777002 4834027.111150 -102470537.107383 -0.058398 0.042789 0.018753 0.997199
1753905429.156541 16599951.784881 4834027.108662 -102470537.110976 -0.061960 0.012301 0.022443 0.997750
1753905429.161543 16599951.784881 4834027.108662 -102470537.110976 -0.061960 0.012301 0.022443 0.997750
1753905429.166544 16599951.784881 4834027.108662 -102470537.110976 -0.061960 0.012301 0.022443 0.997750
1753905429.171545 16599951.784881 4834027.108662 -102470537.110976 -0.061960 0.012301 0.022443 0.997750
1753905429.176547 16599951.784881 4834027.108662 -102470537.110976 -0.061960 0.012301 0.022443 0.997750
1753905429.181548 16599951.784881 4834027.108662 -102470537.110976 -0.061960 0.012301 0.022443 0.997750
1753905429.186550 16599951.790429 4834027.108994 -102470537.111518 -0.063733 -0.002810 0.024325 0.997666
1753905429.191551 16599951.790429 4834027.108994 -102470537.111518 -0.063733 -0.002810 0.024325 0.997666
1753905429.196553 16599951.790429 4834027.108994 -102470537.111518 -0.063733 -0.002810 0.024325 0.997666
1753905429.201554 16599951.790429 4834027.108994 -102470537.111518 -0.063733 -0.002810 0.024325 0.997666
1753905429.206556 16599951.790429 4834027.108994 -102470537.111518 -0.063733 -0.002810 0.024325 0.997666
1753905429.211556 16599951.790429 4834027.108994 -102470537.111518 -0.063733 -0.002810 0.024325 0.997666
1753905429.216558 16599951.790429 4834027.108994 -102470537.111518 -0.063733 -0.002810 0.024325 0.997666
1753905429.221560 16599951.790429 4834027.108994 -102470537.111518 -0.063733 -0.002810 0.024325 0.997666
1753905429.226560 16599951.790429 4834027.108994 -102470537.111518 -0.063733 -0.002810 0.024325 0.997666
1753905429.231562 16599951.790429 4834027.108994 -102470537.111518 -0.063733 -0.002810 0.024325 0.997666
1753905429.236564 16599951.790429 4834027.108994 -102470537.111518 -0.063733 -0.002810 0.024325 0.997666
1753905429.241565 16599951.790429 4834027.108994 -102470537.111518 -0.063733 -0.002810 0.024325 0.997666
1753905429.246566 16599951.790429 4834027.108994 -102470537.111518 -0.063733 -0.002810 0.024325 0.997666
1753905429.251568 16599951.790429 4834027.108994 -102470537.111518 -0.063733 -0.002810 0.024325 0.997666
1753905429.256569 16599951.799625 4834027.106537 -102470537.112478 -0.066361 -0.031863 0.027118 0.996918
1753905429.261570 16599951.799625 4834027.106537 -102470537.112478 -0.066361 -0.031863 0.027118 0.996918
1753905429.266572 16599951.799625 4834027.106537 -102470537.112478 -0.066361 -0.031863 0.027118 0.996918
1753905429.271573 16599951.799625 4834027.106537 -102470537.112478 -0.066361 -0.031863 0.027118 0.996918
1753905429.276585 16599951.799625 4834027.106537 -102470537.112478 -0.066361 -0.031863 0.027118 0.996918
1753905429.281599 16599951.799625 4834027.106537 -102470537.112478 -0.066361 -0.031863 0.027118 0.996918
1753905429.286612 16599951.799625 4834027.106537 -102470537.112478 -0.066361 -0.031863 0.027118 0.996918
1753905429.291625 16599951.799625 4834027.106537 -102470537.112478 -0.066361 -0.031863 0.027118 0.996918
1753905429.296636 16599951.799625 4834027.106537 -102470537.112478 -0.066361 -0.031863 0.027118 0.996918
1753905429.301649 16599951.799625 4834027.106537 -102470537.112478 -0.066361 -0.031863 0.027118 0.996918
1753905429.306663 16599951.799625 4834027.106537 -102470537.112478 -0.066361 -0.031863 0.027118 0.996918
1753905429.311676 16599951.799625 4834027.106537 -102470537.112478 -0.066361 -0.031863 0.027118 0.996918
1753905429.316688 16599951.799625 4834027.106537 -102470537.112478 -0.066361 -0.031863 0.027118 0.996918
1753905429.318418 16599951.806597 4834027.099804 -102470537.113578 -0.068393 -0.061250 0.029823 0.995330
1753905429.321701 16599951.806597 4834027.099804 -102470537.113578 -0.068393 -0.061250 0.029823 0.995330
1753905429.326714 16599951.806597 4834027.099804 -102470537.113578 -0.068393 -0.061250 0.029823 0.995330
1753905429.331726 16599951.806597 4834027.099804 -102470537.113578 -0.068393 -0.061250 0.029823 0.995330
1753905429.336739 16599951.806597 4834027.099804 -102470537.113578 -0.068393 -0.061250 0.029823 0.995330
1753905429.341752 16599951.806597 4834027.099804 -102470537.113578 -0.068393 -0.061250 0.029823 0.995330
1753905429.346766 16599951.806597 4834027.099804 -102470537.113578 -0.068393 -0.061250 0.029823 0.995330
1753905429.351778 16599951.806597 4834027.099804 -102470537.113578 -0.068393 -0.061250 0.029823 0.995330
1753905429.356791 16599951.812829 4834027.095863 -102470537.111526 -0.069703 -0.075705 0.030927 0.994210
1753905429.361804 16599951.812829 4834027.095863 -102470537.111526 -0.069703 -0.075705 0.030927 0.994210
1753905429.366817 16599951.812829 4834027.095863 -102470537.111526 -0.069703 -0.075705 0.030927 0.994210
1753905429.371830 16599951.812829 4834027.095863 -102470537.111526 -0.069703 -0.075705 0.030927 0.994210
1753905429.376843 16599951.812829 4834027.095863 -102470537.111526 -0.069703 -0.075705 0.030927 0.994210
1753905429.381856 16599951.812829 4834027.095863 -102470537.111526 -0.069703 -0.075705 0.030927 0.994210
1753905429.386868 16599951.812829 4834027.095863 -102470537.111526 -0.069703 -0.075705 0.030927 0.994210
1753905429.391881 16599951.812829 4834027.095863 -102470537.111526 -0.069703 -0.075705 0.030927 0.994210
1753905429.396895 16599951.812829 4834027.095863 -102470537.111526 -0.069703 -0.075705 0.030927 0.994210
1753905429.401907 16599951.812829 4834027.095863 -102470537.111526 -0.069703 -0.075705 0.030927 0.994210
1753905429.406920 16599951.812829 4834027.095863 -102470537.111526 -0.069703 -0.075705 0.030927 0.994210
1753905429.411934 16599951.812829 4834027.095863 -102470537.111526 -0.069703 -0.075705 0.030927 0.994210
1753905429.416947 16599951.812829 4834027.095863 -102470537.111526 -0.069703 -0.075705 0.030927 0.994210
1753905429.421959 16599951.820257 4834027.094745 -102470537.106492 -0.068889 -0.101141 0.032317 0.991958
1753905429.426973 16599951.820257 4834027.094745 -102470537.106492 -0.068889 -0.101141 0.032317 0.991958
1753905429.431986 16599951.820257 4834027.094745 -102470537.106492 -0.068889 -0.101141 0.032317 0.991958
1753905429.436999 16599951.820257 4834027.094745 -102470537.106492 -0.068889 -0.101141 0.032317 0.991958
1753905429.442012 16599951.820257 4834027.094745 -102470537.106492 -0.068889 -0.101141 0.032317 0.991958
1753905429.447025 16599951.820257 4834027.094745 -102470537.106492 -0.068889 -0.101141 0.032317 0.991958
1753905429.452039 16599951.820257 4834027.094745 -102470537.106492 -0.068889 -0.101141 0.032317 0.991958
1753905429.457051 16599951.820257 4834027.094745 -102470537.106492 -0.068889 -0.101141 0.032317 0.991958
1753905429.462064 16599951.820257 4834027.094745 -102470537.106492 -0.068889 -0.101141 0.032317 0.991958
1753905429.467078 16599951.820257 4834027.094745 -102470537.106492 -0.068889 -0.101141 0.032317 0.991958
1753905429.472090 16599951.820257 4834027.094745 -102470537.106492 -0.068889 -0.101141 0.032317 0.991958
1753905429.477104 16599951.820257 4834027.094745 -102470537.106492 -0.068889 -0.101141 0.032317 0.991958
1753905429.482117 16599951.820257 4834027.094745 -102470537.106492 -0.068889 -0.101141 0.032317 0.991958
1753905429.487131 16599951.829240 4834027.092200 -102470537.102367 -0.068560 -0.123642 0.035642 0.989314
1753905429.492143 16599951.829240 4834027.092200 -102470537.102367 -0.068560 -0.123642 0.035642 0.989314
1753905429.497157 16599951.829240 4834027.092200 -102470537.102367 -0.068560 -0.123642 0.035642 0.989314
1753905429.502170 16599951.829240 4834027.092200 -102470537.102367 -0.068560 -0.123642 0.035642 0.989314
1753905429.507183 16599951.829240 4834027.092200 -102470537.102367 -0.068560 -0.123642 0.035642 0.989314
1753905429.512196 16599951.829240 4834027.092200 -102470537.102367 -0.068560 -0.123642 0.035642 0.989314
1753905429.517210 16599951.829240 4834027.092200 -102470537.102367 -0.068560 -0.123642 0.035642 0.989314
1753905429.522223 16599951.833863 4834027.090231 -102470537.100132 -0.067979 -0.133954 0.037900 0.987926
1753905429.527236 16599951.833863 4834027.090231 -102470537.100132 -0.067979 -0.133954 0.037900 0.987926
1753905429.532250 16599951.833863 4834027.090231 -102470537.100132 -0.067979 -0.133954 0.037900 0.987926
1753905429.537263 16599951.833863 4834027.090231 -102470537.100132 -0.067979 -0.133954 0.037900 0.987926
1753905429.542277 16599951.833863 4834027.090231 -102470537.100132 -0.067979 -0.133954 0.037900 0.987926
1753905429.547289 16599951.833863 4834027.090231 -102470537.100132 -0.067979 -0.133954 0.037900 0.987926
1753905429.552303 16599951.833863 4834027.090231 -102470537.100132 -0.067979 -0.133954 0.037900 0.987926
1753905429.557316 16599951.833863 4834027.090231 -102470537.100132 -0.067979 -0.133954 0.037900 0.987926
1753905429.562329 16599951.833863 4834027.090231 -102470537.100132 -0.067979 -0.133954 0.037900 0.987926
1753905429.567343 16599951.833863 4834027.090231 -102470537.100132 -0.067979 -0.133954 0.037900 0.987926
1753905429.572356 16599951.833863 4834027.090231 -102470537.100132 -0.067979 -0.133954 0.037900 0.987926
1753905429.577370 16599951.833863 4834027.090231 -102470537.100132 -0.067979 -0.133954 0.037900 0.987926
1753905429.582383 16599951.833863 4834027.090231 -102470537.100132 -0.067979 -0.133954 0.037900 0.987926
1753905429.587397 16599951.841332 4834027.087479 -102470537.096702 -0.068610 -0.153476 0.041020 0.984914
1753905429.592410 16599951.841332 4834027.087479 -102470537.096702 -0.068610 -0.153476 0.041020 0.984914
1753905429.597423 16599951.841332 4834027.087479 -102470537.096702 -0.068610 -0.153476 0.041020 0.984914
1753905429.602437 16599951.841332 4834027.087479 -102470537.096702 -0.068610 -0.153476 0.041020 0.984914
1753905429.607450 16599951.841332 4834027.087479 -102470537.096702 -0.068610 -0.153476 0.041020 0.984914
1753905429.612464 16599951.841332 4834027.087479 -102470537.096702 -0.068610 -0.153476 0.041020 0.984914
1753905429.617477 16599951.841332 4834027.087479 -102470537.096702 -0.068610 -0.153476 0.041020 0.984914
1753905429.622491 16599951.841332 4834027.087479 -102470537.096702 -0.068610 -0.153476 0.041020 0.984914
1753905429.627504 16599951.841332 4834027.087479 -102470537.096702 -0.068610 -0.153476 0.041020 0.984914
1753905429.632517 16599951.841332 4834027.087479 -102470537.096702 -0.068610 -0.153476 0.041020 0.984914
1753905429.637531 16599951.841332 4834027.087479 -102470537.096702 -0.068610 -0.153476 0.041020 0.984914
1753905429.642545 16599951.841332 4834027.087479 -102470537.096702 -0.068610 -0.153476 0.041020 0.984914
1753905429.647559 16599951.841332 4834027.087479 -102470537.096702 -0.068610 -0.153476 0.041020 0.984914
1753905429.652572 16599951.841332 4834027.087479 -102470537.096702 -0.068610 -0.153476 0.041020 0.984914
1753905429.657585 16599951.851723 4834027.085899 -102470537.093302 -0.067334 -0.171344 0.043306 0.981953
1753905429.662599 16599951.851723 4834027.085899 -102470537.093302 -0.067334 -0.171344 0.043306 0.981953
1753905429.667612 16599951.851723 4834027.085899 -102470537.093302 -0.067334 -0.171344 0.043306 0.981953
1753905429.672626 16599951.851723 4834027.085899 -102470537.093302 -0.067334 -0.171344 0.043306 0.981953
1753905429.677640 16599951.851723 4834027.085899 -102470537.093302 -0.067334 -0.171344 0.043306 0.981953
1753905429.682654 16599951.851723 4834027.085899 -102470537.093302 -0.067334 -0.171344 0.043306 0.981953
1753905429.687667 16599951.851723 4834027.085899 -102470537.093302 -0.067334 -0.171344 0.043306 0.981953
1753905429.692681 16599951.851723 4834027.085899 -102470537.093302 -0.067334 -0.171344 0.043306 0.981953
1753905429.697695 16599951.851723 4834027.085899 -102470537.093302 -0.067334 -0.171344 0.043306 0.981953
1753905429.702708 16599951.851723 4834027.085899 -102470537.093302 -0.067334 -0.171344 0.043306 0.981953
1753905429.707721 16599951.851723 4834027.085899 -102470537.093302 -0.067334 -0.171344 0.043306 0.981953
1753905429.712735 16599951.851723 4834027.085899 -102470537.093302 -0.067334 -0.171344 0.043306 0.981953
1753905429.717749 16599951.851723 4834027.085899 -102470537.093302 -0.067334 -0.171344 0.043306 0.981953
1753905429.722763 16599951.862620 4834027.081504 -102470537.089047 -0.067872 -0.188124 0.044297 0.978795
1753905429.727776 16599951.862620 4834027.081504 -102470537.089047 -0.067872 -0.188124 0.044297 0.978795
1753905429.732790 16599951.862620 4834027.081504 -102470537.089047 -0.067872 -0.188124 0.044297 0.978795
1753905429.737805 16599951.862620 4834027.081504 -102470537.089047 -0.067872 -0.188124 0.044297 0.978795
1753905429.742817 16599951.862620 4834027.081504 -102470537.089047 -0.067872 -0.188124 0.044297 0.978795
1753905429.747832 16599951.862620 4834027.081504 -102470537.089047 -0.067872 -0.188124 0.044297 0.978795
1753905429.752846 16599951.862620 4834027.081504 -102470537.089047 -0.067872 -0.188124 0.044297 0.978795
1753905429.757859 16599951.865393 4834027.080939 -102470537.086989 -0.066985 -0.195948 0.044818 0.977297
1753905429.762872 16599951.865393 4834027.080939 -102470537.086989 -0.066985 -0.195948 0.044818 0.977297
1753905429.767887 16599951.865393 4834027.080939 -102470537.086989 -0.066985 -0.195948 0.044818 0.977297
1753905429.772901 16599951.865393 4834027.080939 -102470537.086989 -0.066985 -0.195948 0.044818 0.977297
1753905429.777914 16599951.865393 4834027.080939 -102470537.086989 -0.066985 -0.195948 0.044818 0.977297
1753905429.782928 16599951.865393 4834027.080939 -102470537.086989 -0.066985 -0.195948 0.044818 0.977297
1753905429.787942 16599951.865393 4834027.080939 -102470537.086989 -0.066985 -0.195948 0.044818 0.977297
1753905429.792955 16599951.865393 4834027.080939 -102470537.086989 -0.066985 -0.195948 0.044818 0.977297
1753905429.797969 16599951.865393 4834027.080939 -102470537.086989 -0.066985 -0.195948 0.044818 0.977297
1753905429.802984 16599951.865393 4834027.080939 -102470537.086989 -0.066985 -0.195948 0.044818 0.977297
1753905429.807998 16599951.865393 4834027.080939 -102470537.086989 -0.066985 -0.195948 0.044818 0.977297
1753905429.813011 16599951.865393 4834027.080939 -102470537.086989 -0.066985 -0.195948 0.044818 0.977297
1753905429.818025 16599951.865393 4834027.080939 -102470537.086989 -0.066985 -0.195948 0.044818 0.977297
1753905429.823040 16599951.862311 4834027.081876 -102470537.088555 -0.064909 -0.209786 0.045814 0.974514
1753905429.828053 16599951.862311 4834027.081876 -102470537.088555 -0.064909 -0.209786 0.045814 0.974514
1753905429.833067 16599951.862311 4834027.081876 -102470537.088555 -0.064909 -0.209786 0.045814 0.974514
1753905429.838081 16599951.862311 4834027.081876 -102470537.088555 -0.064909 -0.209786 0.045814 0.974514
1753905429.843096 16599951.862311 4834027.081876 -102470537.088555 -0.064909 -0.209786 0.045814 0.974514
1753905429.848109 16599951.862311 4834027.081876 -102470537.088555 -0.064909 -0.209786 0.045814 0.974514
1753905429.853123 16599951.862311 4834027.081876 -102470537.088555 -0.064909 -0.209786 0.045814 0.974514
1753905429.858137 16599951.862311 4834027.081876 -102470537.088555 -0.064909 -0.209786 0.045814 0.974514
1753905429.863152 16599951.862311 4834027.081876 -102470537.088555 -0.064909 -0.209786 0.045814 0.974514
1753905429.868165 16599951.862311 4834027.081876 -102470537.088555 -0.064909 -0.209786 0.045814 0.974514
1753905429.873179 16599951.862311 4834027.081876 -102470537.088555 -0.064909 -0.209786 0.045814 0.974514
1753905429.878194 16599951.862311 4834027.081876 -102470537.088555 -0.064909 -0.209786 0.045814 0.974514
1753905429.883207 16599951.862311 4834027.081876 -102470537.088555 -0.064909 -0.209786 0.045814 0.974514
1753905429.888221 16599951.867634 4834027.076675 -102470537.085563 -0.066423 -0.220098 0.044812 0.972181
1753905429.893236 16599951.867634 4834027.076675 -102470537.085563 -0.066423 -0.220098 0.044812 0.972181
1753905429.898250 16599951.867634 4834027.076675 -102470537.085563 -0.066423 -0.220098 0.044812 0.972181
1753905429.903264 16599951.867634 4834027.076675 -102470537.085563 -0.066423 -0.220098 0.044812 0.972181
1753905429.908278 16599951.867634 4834027.076675 -102470537.085563 -0.066423 -0.220098 0.044812 0.972181
1753905429.913292 16599951.867634 4834027.076675 -102470537.085563 -0.066423 -0.220098 0.044812 0.972181
1753905429.918306 16599951.867634 4834027.076675 -102470537.085563 -0.066423 -0.220098 0.044812 0.972181
1753905429.923320 16599951.872488 4834027.078888 -102470537.086248 -0.068212 -0.224014 0.042874 0.971250
1753905429.928334 16599951.872488 4834027.078888 -102470537.086248 -0.068212 -0.224014 0.042874 0.971250
1753905429.933349 16599951.872488 4834027.078888 -102470537.086248 -0.068212 -0.224014 0.042874 0.971250
1753905429.938362 16599951.872488 4834027.078888 -102470537.086248 -0.068212 -0.224014 0.042874 0.971250
1753905429.943377 16599951.872488 4834027.078888 -102470537.086248 -0.068212 -0.224014 0.042874 0.971250
1753905429.948391 16599951.872488 4834027.078888 -102470537.086248 -0.068212 -0.224014 0.042874 0.971250
1753905429.953405 16599951.872488 4834027.078888 -102470537.086248 -0.068212 -0.224014 0.042874 0.971250
1753905429.958420 16599951.872488 4834027.078888 -102470537.086248 -0.068212 -0.224014 0.042874 0.971250
1753905429.963434 16599951.872488 4834027.078888 -102470537.086248 -0.068212 -0.224014 0.042874 0.971250
1753905429.968448 16599951.872488 4834027.078888 -102470537.086248 -0.068212 -0.224014 0.042874 0.971250
1753905429.973462 16599951.872488 4834027.078888 -102470537.086248 -0.068212 -0.224014 0.042874 0.971250
1753905429.978477 16599951.872488 4834027.078888 -102470537.086248 -0.068212 -0.224014 0.042874 0.971250
1753905429.983491 16599951.872488 4834027.078888 -102470537.086248 -0.068212 -0.224014 0.042874 0.971250
1753905429.988506 16599951.879062 4834027.077883 -102470537.085230 -0.069498 -0.231574 0.039373 0.969532
1753905429.993519 16599951.879062 4834027.077883 -102470537.085230 -0.069498 -0.231574 0.039373 0.969532
1753905429.998534 16599951.879062 4834027.077883 -102470537.085230 -0.069498 -0.231574 0.039373 0.969532
1753905430.003548 16599951.879062 4834027.077883 -102470537.085230 -0.069498 -0.231574 0.039373 0.969532
1753905430.008562 16599951.879062 4834027.077883 -102470537.085230 -0.069498 -0.231574 0.039373 0.969532
1753905430.013577 16599951.879062 4834027.077883 -102470537.085230 -0.069498 -0.231574 0.039373 0.969532
1753905430.018591 16599951.879062 4834027.077883 -102470537.085230 -0.069498 -0.231574 0.039373 0.969532
1753905430.023606 16599951.881141 4834027.078293 -102470537.086387 -0.069788 -0.236623 0.038229 0.968337
1753905430.028620 16599951.881141 4834027.078293 -102470537.086387 -0.069788 -0.236623 0.038229 0.968337
1753905430.033634 16599951.881141 4834027.078293 -102470537.086387 -0.069788 -0.236623 0.038229 0.968337
1753905430.038649 16599951.881141 4834027.078293 -102470537.086387 -0.069788 -0.236623 0.038229 0.968337
1753905430.043663 16599951.881141 4834027.078293 -102470537.086387 -0.069788 -0.236623 0.038229 0.968337
1753905430.048677 16599951.881141 4834027.078293 -102470537.086387 -0.069788 -0.236623 0.038229 0.968337
1753905430.053692 16599951.881141 4834027.078293 -102470537.086387 -0.069788 -0.236623 0.038229 0.968337
1753905430.058707 16599951.881141 4834027.078293 -102470537.086387 -0.069788 -0.236623 0.038229 0.968337
1753905430.063720 16599951.881141 4834027.078293 -102470537.086387 -0.069788 -0.236623 0.038229 0.968337
1753905430.068735 16599951.881141 4834027.078293 -102470537.086387 -0.069788 -0.236623 0.038229 0.968337
1753905430.073750 16599951.881141 4834027.078293 -102470537.086387 -0.069788 -0.236623 0.038229 0.968337
1753905430.078764 16599951.881141 4834027.078293 -102470537.086387 -0.069788 -0.236623 0.038229 0.968337
1753905430.083779 16599951.881141 4834027.078293 -102470537.086387 -0.069788 -0.236623 0.038229 0.968337
1753905430.088793 16599951.884956 4834027.079729 -102470537.084323 -0.067983 -0.248132 0.035263 0.965694
1753905430.093807 16599951.884956 4834027.079729 -102470537.084323 -0.067983 -0.248132 0.035263 0.965694
1753905430.098822 16599951.884956 4834027.079729 -102470537.084323 -0.067983 -0.248132 0.035263 0.965694
1753905430.103837 16599951.884956 4834027.079729 -102470537.084323 -0.067983 -0.248132 0.035263 0.965694
1753905430.108852 16599951.884956 4834027.079729 -102470537.084323 -0.067983 -0.248132 0.035263 0.965694
1753905430.113867 16599951.884956 4834027.079729 -102470537.084323 -0.067983 -0.248132 0.035263 0.965694
1753905430.118880 16599951.884956 4834027.079729 -102470537.084323 -0.067983 -0.248132 0.035263 0.965694
1753905430.123895 16599951.884956 4834027.079729 -102470537.084323 -0.067983 -0.248132 0.035263 0.965694
1753905430.128910 16599951.884956 4834027.079729 -102470537.084323 -0.067983 -0.248132 0.035263 0.965694
1753905430.133924 16599951.884956 4834027.079729 -102470537.084323 -0.067983 -0.248132 0.035263 0.965694
1753905430.138939 16599951.884956 4834027.079729 -102470537.084323 -0.067983 -0.248132 0.035263 0.965694
1753905430.143954 16599951.884956 4834027.079729 -102470537.084323 -0.067983 -0.248132 0.035263 0.965694
1753905430.148968 16599951.884956 4834027.079729 -102470537.084323 -0.067983 -0.248132 0.035263 0.965694
1753905430.153983 16599951.884956 4834027.079729 -102470537.084323 -0.067983 -0.248132 0.035263 0.965694
1753905430.158998 16599951.891439 4834027.083192 -102470537.081360 -0.068220 -0.260725 0.032754 0.962442
1753905430.164013 16599951.891439 4834027.083192 -102470537.081360 -0.068220 -0.260725 0.032754 0.962442
1753905430.169027 16599951.891439 4834027.083192 -102470537.081360 -0.068220 -0.260725 0.032754 0.962442
1753905430.174042 16599951.891439 4834027.083192 -102470537.081360 -0.068220 -0.260725 0.032754 0.962442
1753905430.179057 16599951.891439 4834027.083192 -102470537.081360 -0.068220 -0.260725 0.032754 0.962442
1753905430.184071 16599951.891439 4834027.083192 -102470537.081360 -0.068220 -0.260725 0.032754 0.962442
1753905430.189086 16599951.891439 4834027.083192 -102470537.081360 -0.068220 -0.260725 0.032754 0.962442
1753905430.194100 16599951.891439 4834027.083192 -102470537.081360 -0.068220 -0.260725 0.032754 0.962442
1753905430.199116 16599951.891439 4834027.083192 -102470537.081360 -0.068220 -0.260725 0.032754 0.962442
1753905430.204129 16599951.891439 4834027.083192 -102470537.081360 -0.068220 -0.260725 0.032754 0.962442
1753905430.209145 16599951.891439 4834027.083192 -102470537.081360 -0.068220 -0.260725 0.032754 0.962442
1753905430.214160 16599951.891439 4834027.083192 -102470537.081360 -0.068220 -0.260725 0.032754 0.962442
1753905430.219174 16599951.891439 4834027.083192 -102470537.081360 -0.068220 -0.260725 0.032754 0.962442
1753905430.224189 16599951.895044 4834027.085124 -102470537.077165 -0.063291 -0.271913 0.031728 0.959714
1753905430.229204 16599951.895044 4834027.085124 -102470537.077165 -0.063291 -0.271913 0.031728 0.959714
1753905430.234219 16599951.895044 4834027.085124 -102470537.077165 -0.063291 -0.271913 0.031728 0.959714
1753905430.239233 16599951.895044 4834027.085124 -102470537.077165 -0.063291 -0.271913 0.031728 0.959714
1753905430.244249 16599951.895044 4834027.085124 -102470537.077165 -0.063291 -0.271913 0.031728 0.959714
1753905430.249264 16599951.895044 4834027.085124 -102470537.077165 -0.063291 -0.271913 0.031728 0.959714
1753905430.254278 16599951.895044 4834027.085124 -102470537.077165 -0.063291 -0.271913 0.031728 0.959714
1753905430.259293 16599951.895044 4834027.085124 -102470537.077165 -0.063291 -0.271913 0.031728 0.959714
1753905430.264308 16599951.895044 4834027.085124 -102470537.077165 -0.063291 -0.271913 0.031728 0.959714
1753905430.269323 16599951.895044 4834027.085124 -102470537.077165 -0.063291 -0.271913 0.031728 0.959714
1753905430.274337 16599951.895044 4834027.085124 -102470537.077165 -0.063291 -0.271913 0.031728 0.959714
1753905430.279337 16599951.895044 4834027.085124 -102470537.077165 -0.063291 -0.271913 0.031728 0.959714
1753905430.284338 16599951.895044 4834027.085124 -102470537.077165 -0.063291 -0.271913 0.031728 0.959714
1753905430.289338 16599951.894373 4834027.082860 -102470537.072258 -0.060038 -0.282719 0.032710 0.956763
1753905430.294338 16599951.894373 4834027.082860 -102470537.072258 -0.060038 -0.282719 0.032710 0.956763
1753905430.299338 16599951.894373 4834027.082860 -102470537.072258 -0.060038 -0.282719 0.032710 0.956763
1753905430.304339 16599951.894373 4834027.082860 -102470537.072258 -0.060038 -0.282719 0.032710 0.956763
1753905430.309338 16599951.894373 4834027.082860 -102470537.072258 -0.060038 -0.282719 0.032710 0.956763
1753905430.314338 16599951.894373 4834027.082860 -102470537.072258 -0.060038 -0.282719 0.032710 0.956763
1753905430.319339 16599951.894373 4834027.082860 -102470537.072258 -0.060038 -0.282719 0.032710 0.956763
1753905430.324339 16599951.897474 4834027.074849 -102470537.071141 -0.060163 -0.289824 0.034037 0.954580
1753905430.329339 16599951.897474 4834027.074849 -102470537.071141 -0.060163 -0.289824 0.034037 0.954580
1753905430.334340 16599951.897474 4834027.074849 -102470537.071141 -0.060163 -0.289824 0.034037 0.954580
1753905430.339340 16599951.897474 4834027.074849 -102470537.071141 -0.060163 -0.289824 0.034037 0.954580
1753905430.344340 16599951.897474 4834027.074849 -102470537.071141 -0.060163 -0.289824 0.034037 0.954580
1753905430.349340 16599951.897474 4834027.074849 -102470537.071141 -0.060163 -0.289824 0.034037 0.954580
1753905430.354341 16599951.897474 4834027.074849 -102470537.071141 -0.060163 -0.289824 0.034037 0.954580
1753905430.359341 16599951.897474 4834027.074849 -102470537.071141 -0.060163 -0.289824 0.034037 0.954580
1753905430.364340 16599951.897474 4834027.074849 -102470537.071141 -0.060163 -0.289824 0.034037 0.954580
1753905430.369341 16599951.897474 4834027.074849 -102470537.071141 -0.060163 -0.289824 0.034037 0.954580
1753905430.374341 16599951.897474 4834027.074849 -102470537.071141 -0.060163 -0.289824 0.034037 0.954580
1753905430.379341 16599951.897474 4834027.074849 -102470537.071141 -0.060163 -0.289824 0.034037 0.954580
1753905430.384341 16599951.897474 4834027.074849 -102470537.071141 -0.060163 -0.289824 0.034037 0.954580
1753905430.389342 16599951.897408 4834027.076277 -102470537.068608 -0.061128 -0.305813 0.035381 0.949468
1753905430.394342 16599951.897408 4834027.076277 -102470537.068608 -0.061128 -0.305813 0.035381 0.949468
1753905430.399342 16599951.897408 4834027.076277 -102470537.068608 -0.061128 -0.305813 0.035381 0.949468
1753905430.404342 16599951.897408 4834027.076277 -102470537.068608 -0.061128 -0.305813 0.035381 0.949468
1753905430.409343 16599951.897408 4834027.076277 -102470537.068608 -0.061128 -0.305813 0.035381 0.949468
1753905430.414342 16599951.897408 4834027.076277 -102470537.068608 -0.061128 -0.305813 0.035381 0.949468
1753905430.419343 16599951.897408 4834027.076277 -102470537.068608 -0.061128 -0.305813 0.035381 0.949468
1753905430.424343 16599951.897408 4834027.076277 -102470537.068608 -0.061128 -0.305813 0.035381 0.949468
1753905430.429343 16599951.897408 4834027.076277 -102470537.068608 -0.061128 -0.305813 0.035381 0.949468
1753905430.434343 16599951.897408 4834027.076277 -102470537.068608 -0.061128 -0.305813 0.035381 0.949468
1753905430.439343 16599951.897408 4834027.076277 -102470537.068608 -0.061128 -0.305813 0.035381 0.949468
1753905430.444344 16599951.897408 4834027.076277 -102470537.068608 -0.061128 -0.305813 0.035381 0.949468
1753905430.449343 16599951.897408 4834027.076277 -102470537.068608 -0.061128 -0.305813 0.035381 0.949468
1753905430.454344 16599951.897408 4834027.076277 -102470537.068608 -0.061128 -0.305813 0.035381 0.949468
1753905430.454374 16599951.898062 4834027.078198 -102470537.064796 -0.060323 -0.325479 0.039335 0.942803
1753905430.459344 16599951.898062 4834027.078198 -102470537.064796 -0.060323 -0.325479 0.039335 0.942803
1753905430.464345 16599951.898062 4834027.078198 -102470537.064796 -0.060323 -0.325479 0.039335 0.942803
1753905430.469344 16599951.898062 4834027.078198 -102470537.064796 -0.060323 -0.325479 0.039335 0.942803
1753905430.474344 16599951.898062 4834027.078198 -102470537.064796 -0.060323 -0.325479 0.039335 0.942803
1753905430.479345 16599951.898062 4834027.078198 -102470537.064796 -0.060323 -0.325479 0.039335 0.942803
1753905430.484344 16599951.898062 4834027.078198 -102470537.064796 -0.060323 -0.325479 0.039335 0.942803
1753905430.489345 16599951.898062 4834027.078198 -102470537.064796 -0.060323 -0.325479 0.039335 0.942803
1753905430.494345 16599951.898062 4834027.078198 -102470537.064796 -0.060323 -0.325479 0.039335 0.942803
1753905430.499346 16599951.898062 4834027.078198 -102470537.064796 -0.060323 -0.325479 0.039335 0.942803
1753905430.504345 16599951.898062 4834027.078198 -102470537.064796 -0.060323 -0.325479 0.039335 0.942803
1753905430.509346 16599951.898062 4834027.078198 -102470537.064796 -0.060323 -0.325479 0.039335 0.942803
1753905430.514346 16599951.898062 4834027.078198 -102470537.064796 -0.060323 -0.325479 0.039335 0.942803
1753905430.519345 16599951.898062 4834027.078198 -102470537.064796 -0.060323 -0.325479 0.039335 0.942803
1753905430.524346 16599951.899460 4834027.079682 -102470537.062179 -0.060551 -0.346984 0.045476 0.934809
1753905430.529346 16599951.899460 4834027.079682 -102470537.062179 -0.060551 -0.346984 0.045476 0.934809
1753905430.534347 16599951.899460 4834027.079682 -102470537.062179 -0.060551 -0.346984 0.045476 0.934809
1753905430.539346 16599951.899460 4834027.079682 -102470537.062179 -0.060551 -0.346984 0.045476 0.934809
1753905430.544346 16599951.899460 4834027.079682 -102470537.062179 -0.060551 -0.346984 0.045476 0.934809
1753905430.549347 16599951.899460 4834027.079682 -102470537.062179 -0.060551 -0.346984 0.045476 0.934809
1753905430.554346 16599951.899460 4834027.079682 -102470537.062179 -0.060551 -0.346984 0.045476 0.934809
1753905430.559347 16599951.899460 4834027.079682 -102470537.062179 -0.060551 -0.346984 0.045476 0.934809
1753905430.564347 16599951.899460 4834027.079682 -102470537.062179 -0.060551 -0.346984 0.045476 0.934809
1753905430.569347 16599951.899460 4834027.079682 -102470537.062179 -0.060551 -0.346984 0.045476 0.934809
1753905430.574347 16599951.899460 4834027.079682 -102470537.062179 -0.060551 -0.346984 0.045476 0.934809
1753905430.579347 16599951.899460 4834027.079682 -102470537.062179 -0.060551 -0.346984 0.045476 0.934809
1753905430.584348 16599951.899460 4834027.079682 -102470537.062179 -0.060551 -0.346984 0.045476 0.934809
1753905430.589348 16599951.900618 4834027.080507 -102470537.059152 -0.063582 -0.370942 0.052449 0.924991
1753905430.594347 16599951.900618 4834027.080507 -102470537.059152 -0.063582 -0.370942 0.052449 0.924991
1753905430.599348 16599951.900618 4834027.080507 -102470537.059152 -0.063582 -0.370942 0.052449 0.924991
1753905430.604348 16599951.900618 4834027.080507 -102470537.059152 -0.063582 -0.370942 0.052449 0.924991
1753905430.609349 16599951.900618 4834027.080507 -102470537.059152 -0.063582 -0.370942 0.052449 0.924991
1753905430.614348 16599951.900618 4834027.080507 -102470537.059152 -0.063582 -0.370942 0.052449 0.924991
1753905430.619349 16599951.900618 4834027.080507 -102470537.059152 -0.063582 -0.370942 0.052449 0.924991
1753905430.624349 16599951.903040 4834027.080044 -102470537.057852 -0.065488 -0.383365 0.054705 0.919647
1753905430.629348 16599951.903040 4834027.080044 -102470537.057852 -0.065488 -0.383365 0.054705 0.919647
1753905430.634349 16599951.903040 4834027.080044 -102470537.057852 -0.065488 -0.383365 0.054705 0.919647
1753905430.639349 16599951.903040 4834027.080044 -102470537.057852 -0.065488 -0.383365 0.054705 0.919647
1753905430.644348 16599951.903040 4834027.080044 -102470537.057852 -0.065488 -0.383365 0.054705 0.919647
1753905430.649349 16599951.903040 4834027.080044 -102470537.057852 -0.065488 -0.383365 0.054705 0.919647
1753905430.654349 16599951.903040 4834027.080044 -102470537.057852 -0.065488 -0.383365 0.054705 0.919647
1753905430.659349 16599951.903040 4834027.080044 -102470537.057852 -0.065488 -0.383365 0.054705 0.919647
1753905430.664349 16599951.903040 4834027.080044 -102470537.057852 -0.065488 -0.383365 0.054705 0.919647
1753905430.669349 16599951.903040 4834027.080044 -102470537.057852 -0.065488 -0.383365 0.054705 0.919647
1753905430.674350 16599951.903040 4834027.080044 -102470537.057852 -0.065488 -0.383365 0.054705 0.919647
1753905430.679349 16599951.903040 4834027.080044 -102470537.057852 -0.065488 -0.383365 0.054705 0.919647
1753905430.684350 16599951.903040 4834027.080044 -102470537.057852 -0.065488 -0.383365 0.054705 0.919647
1753905430.689350 16599951.907885 4834027.077513 -102470537.054042 -0.068076 -0.406455 0.057886 0.909290
1753905430.694350 16599951.907885 4834027.077513 -102470537.054042 -0.068076 -0.406455 0.057886 0.909290
1753905430.699349 16599951.907885 4834027.077513 -102470537.054042 -0.068076 -0.406455 0.057886 0.909290
1753905430.704350 16599951.907885 4834027.077513 -102470537.054042 -0.068076 -0.406455 0.057886 0.909290
1753905430.709350 16599951.907885 4834027.077513 -102470537.054042 -0.068076 -0.406455 0.057886 0.909290
1753905430.714351 16599951.907885 4834027.077513 -102470537.054042 -0.068076 -0.406455 0.057886 0.909290
1753905430.719350 16599951.907885 4834027.077513 -102470537.054042 -0.068076 -0.406455 0.057886 0.909290
1753905430.724350 16599951.907885 4834027.077513 -102470537.054042 -0.068076 -0.406455 0.057886 0.909290
1753905430.729351 16599951.907885 4834027.077513 -102470537.054042 -0.068076 -0.406455 0.057886 0.909290
1753905430.734350 16599951.907885 4834027.077513 -102470537.054042 -0.068076 -0.406455 0.057886 0.909290
1753905430.739351 16599951.907885 4834027.077513 -102470537.054042 -0.068076 -0.406455 0.057886 0.909290
1753905430.744351 16599951.907885 4834027.077513 -102470537.054042 -0.068076 -0.406455 0.057886 0.909290
1753905430.749350 16599951.907885 4834027.077513 -102470537.054042 -0.068076 -0.406455 0.057886 0.909290
1753905430.754351 16599951.907885 4834027.077513 -102470537.054042 -0.068076 -0.406455 0.057886 0.909290
1753905430.759351 16599951.913625 4834027.078317 -102470537.046635 -0.070156 -0.427917 0.060276 0.899073
1753905430.764351 16599951.913625 4834027.078317 -102470537.046635 -0.070156 -0.427917 0.060276 0.899073
1753905430.769351 16599951.913625 4834027.078317 -102470537.046635 -0.070156 -0.427917 0.060276 0.899073
1753905430.774351 16599951.913625 4834027.078317 -102470537.046635 -0.070156 -0.427917 0.060276 0.899073
1753905430.779351 16599951.913625 4834027.078317 -102470537.046635 -0.070156 -0.427917 0.060276 0.899073
1753905430.784352 16599951.913625 4834027.078317 -102470537.046635 -0.070156 -0.427917 0.060276 0.899073
1753905430.789351 16599951.913625 4834027.078317 -102470537.046635 -0.070156 -0.427917 0.060276 0.899073
1753905430.794352 16599951.913625 4834027.078317 -102470537.046635 -0.070156 -0.427917 0.060276 0.899073
1753905430.799352 16599951.913625 4834027.078317 -102470537.046635 -0.070156 -0.427917 0.060276 0.899073
1753905430.804351 16599951.913625 4834027.078317 -102470537.046635 -0.070156 -0.427917 0.060276 0.899073
1753905430.809352 16599951.913625 4834027.078317 -102470537.046635 -0.070156 -0.427917 0.060276 0.899073
1753905430.814352 16599951.913625 4834027.078317 -102470537.046635 -0.070156 -0.427917 0.060276 0.899073
1753905430.819352 16599951.913625 4834027.078317 -102470537.046635 -0.070156 -0.427917 0.060276 0.899073
1753905430.824352 16599951.912379 4834027.071412 -102470537.042668 -0.067781 -0.446222 0.066224 0.889891
1753905430.829352 16599951.912379 4834027.071412 -102470537.042668 -0.067781 -0.446222 0.066224 0.889891
1753905430.834352 16599951.912379 4834027.071412 -102470537.042668 -0.067781 -0.446222 0.066224 0.889891
1753905430.839352 16599951.912379 4834027.071412 -102470537.042668 -0.067781 -0.446222 0.066224 0.889891
1753905430.844352 16599951.912379 4834027.071412 -102470537.042668 -0.067781 -0.446222 0.066224 0.889891
1753905430.849352 16599951.912379 4834027.071412 -102470537.042668 -0.067781 -0.446222 0.066224 0.889891
1753905430.854352 16599951.912379 4834027.071412 -102470537.042668 -0.067781 -0.446222 0.066224 0.889891
1753905430.859352 16599951.915084 4834027.074841 -102470537.035329 -0.067406 -0.454963 0.068370 0.885319
1753905430.864352 16599951.915084 4834027.074841 -102470537.035329 -0.067406 -0.454963 0.068370 0.885319
1753905430.869352 16599951.915084 4834027.074841 -102470537.035329 -0.067406 -0.454963 0.068370 0.885319
1753905430.874352 16599951.915084 4834027.074841 -102470537.035329 -0.067406 -0.454963 0.068370 0.885319
1753905430.879352 16599951.915084 4834027.074841 -102470537.035329 -0.067406 -0.454963 0.068370 0.885319
1753905430.884352 16599951.915084 4834027.074841 -102470537.035329 -0.067406 -0.454963 0.068370 0.885319
1753905430.889353 16599951.915084 4834027.074841 -102470537.035329 -0.067406 -0.454963 0.068370 0.885319
1753905430.894352 16599951.915084 4834027.074841 -102470537.035329 -0.067406 -0.454963 0.068370 0.885319
1753905430.899352 16599951.915084 4834027.074841 -102470537.035329 -0.067406 -0.454963 0.068370 0.885319
1753905430.904353 16599951.915084 4834027.074841 -102470537.035329 -0.067406 -0.454963 0.068370 0.885319
1753905430.909353 16599951.915084 4834027.074841 -102470537.035329 -0.067406 -0.454963 0.068370 0.885319
1753905430.914352 16599951.915084 4834027.074841 -102470537.035329 -0.067406 -0.454963 0.068370 0.885319
1753905430.919353 16599951.915084 4834027.074841 -102470537.035329 -0.067406 -0.454963 0.068370 0.885319
1753905430.924353 16599951.917960 4834027.075593 -102470537.029031 -0.067207 -0.469931 0.072969 0.877111
1753905430.929352 16599951.917960 4834027.075593 -102470537.029031 -0.067207 -0.469931 0.072969 0.877111
1753905430.934353 16599951.917960 4834027.075593 -102470537.029031 -0.067207 -0.469931 0.072969 0.877111
1753905430.939353 16599951.917960 4834027.075593 -102470537.029031 -0.067207 -0.469931 0.072969 0.877111
1753905430.944353 16599951.917960 4834027.075593 -102470537.029031 -0.067207 -0.469931 0.072969 0.877111
1753905430.949352 16599951.917960 4834027.075593 -102470537.029031 -0.067207 -0.469931 0.072969 0.877111
1753905430.954353 16599951.917960 4834027.075593 -102470537.029031 -0.067207 -0.469931 0.072969 0.877111
1753905430.959353 16599951.917960 4834027.075593 -102470537.029031 -0.067207 -0.469931 0.072969 0.877111
1753905430.964353 16599951.917960 4834027.075593 -102470537.029031 -0.067207 -0.469931 0.072969 0.877111
1753905430.969352 16599951.917960 4834027.075593 -102470537.029031 -0.067207 -0.469931 0.072969 0.877111
1753905430.974353 16599951.917960 4834027.075593 -102470537.029031 -0.067207 -0.469931 0.072969 0.877111
1753905430.979353 16599951.917960 4834027.075593 -102470537.029031 -0.067207 -0.469931 0.072969 0.877111
1753905430.984353 16599951.917960 4834027.075593 -102470537.029031 -0.067207 -0.469931 0.072969 0.877111
1753905430.989353 16599951.919992 4834027.071092 -102470537.027995 -0.069880 -0.485134 0.075721 0.868348
1753905430.994353 16599951.919992 4834027.071092 -102470537.027995 -0.069880 -0.485134 0.075721 0.868348
1753905430.999352 16599951.919992 4834027.071092 -102470537.027995 -0.069880 -0.485134 0.075721 0.868348
1753905431.004353 16599951.919992 4834027.071092 -102470537.027995 -0.069880 -0.485134 0.075721 0.868348
1753905431.009353 16599951.919992 4834027.071092 -102470537.027995 -0.069880 -0.485134 0.075721 0.868348
1753905431.014353 16599951.919992 4834027.071092 -102470537.027995 -0.069880 -0.485134 0.075721 0.868348
1753905431.019353 16599951.919992 4834027.071092 -102470537.027995 -0.069880 -0.485134 0.075721 0.868348
1753905431.024353 16599951.922871 4834027.070406 -102470537.026193 -0.071851 -0.493399 0.076007 0.863491
1753905431.029353 16599951.922871 4834027.070406 -102470537.026193 -0.071851 -0.493399 0.076007 0.863491
1753905431.034352 16599951.922871 4834027.070406 -102470537.026193 -0.071851 -0.493399 0.076007 0.863491
1753905431.039353 16599951.922871 4834027.070406 -102470537.026193 -0.071851 -0.493399 0.076007 0.863491
1753905431.044353 16599951.922871 4834027.070406 -102470537.026193 -0.071851 -0.493399 0.076007 0.863491
1753905431.049353 16599951.922871 4834027.070406 -102470537.026193 -0.071851 -0.493399 0.076007 0.863491
1753905431.054352 16599951.922871 4834027.070406 -102470537.026193 -0.071851 -0.493399 0.076007 0.863491
1753905431.059353 16599951.922871 4834027.070406 -102470537.026193 -0.071851 -0.493399 0.076007 0.863491
1753905431.064353 16599951.922871 4834027.070406 -102470537.026193 -0.071851 -0.493399 0.076007 0.863491
1753905431.069353 16599951.922871 4834027.070406 -102470537.026193 -0.071851 -0.493399 0.076007 0.863491
1753905431.074353 16599951.922871 4834027.070406 -102470537.026193 -0.071851 -0.493399 0.076007 0.863491
1753905431.079353 16599951.922871 4834027.070406 -102470537.026193 -0.071851 -0.493399 0.076007 0.863491
1753905431.084353 16599951.922871 4834027.070406 -102470537.026193 -0.071851 -0.493399 0.076007 0.863491
1753905431.089352 16599951.928133 4834027.068108 -102470537.023388 -0.077073 -0.511780 0.077190 0.852163
1753905431.094352 16599951.928133 4834027.068108 -102470537.023388 -0.077073 -0.511780 0.077190 0.852163
1753905431.099353 16599951.928133 4834027.068108 -102470537.023388 -0.077073 -0.511780 0.077190 0.852163
1753905431.104353 16599951.928133 4834027.068108 -102470537.023388 -0.077073 -0.511780 0.077190 0.852163
1753905431.109352 16599951.928133 4834027.068108 -102470537.023388 -0.077073 -0.511780 0.077190 0.852163
1753905431.114352 16599951.928133 4834027.068108 -102470537.023388 -0.077073 -0.511780 0.077190 0.852163
1753905431.119353 16599951.928133 4834027.068108 -102470537.023388 -0.077073 -0.511780 0.077190 0.852163
1753905431.124353 16599951.928133 4834027.068108 -102470537.023388 -0.077073 -0.511780 0.077190 0.852163
1753905431.129352 16599951.928133 4834027.068108 -102470537.023388 -0.077073 -0.511780 0.077190 0.852163
1753905431.134352 16599951.928133 4834027.068108 -102470537.023388 -0.077073 -0.511780 0.077190 0.852163
1753905431.139353 16599951.928133 4834027.068108 -102470537.023388 -0.077073 -0.511780 0.077190 0.852163
1753905431.144352 16599951.928133 4834027.068108 -102470537.023388 -0.077073 -0.511780 0.077190 0.852163
1753905431.149352 16599951.928133 4834027.068108 -102470537.023388 -0.077073 -0.511780 0.077190 0.852163
1753905431.154352 16599951.928133 4834027.068108 -102470537.023388 -0.077073 -0.511780 0.077190 0.852163
1753905431.159352 16599951.932869 4834027.065660 -102470537.020296 -0.081985 -0.530497 0.081206 0.839796
1753905431.164352 16599951.932869 4834027.065660 -102470537.020296 -0.081985 -0.530497 0.081206 0.839796
1753905431.169352 16599951.932869 4834027.065660 -102470537.020296 -0.081985 -0.530497 0.081206 0.839796
1753905431.174352 16599951.932869 4834027.065660 -102470537.020296 -0.081985 -0.530497 0.081206 0.839796
1753905431.179352 16599951.932869 4834027.065660 -102470537.020296 -0.081985 -0.530497 0.081206 0.839796
1753905431.184352 16599951.932869 4834027.065660 -102470537.020296 -0.081985 -0.530497 0.081206 0.839796
1753905431.189352 16599951.932869 4834027.065660 -102470537.020296 -0.081985 -0.530497 0.081206 0.839796
1753905431.194351 16599951.932869 4834027.065660 -102470537.020296 -0.081985 -0.530497 0.081206 0.839796
1753905431.199351 16599951.932869 4834027.065660 -102470537.020296 -0.081985 -0.530497 0.081206 0.839796
1753905431.204351 16599951.932869 4834027.065660 -102470537.020296 -0.081985 -0.530497 0.081206 0.839796
1753905431.209352 16599951.932869 4834027.065660 -102470537.020296 -0.081985 -0.530497 0.081206 0.839796
1753905431.214351 16599951.932869 4834027.065660 -102470537.020296 -0.081985 -0.530497 0.081206 0.839796
1753905431.219351 16599951.932869 4834027.065660 -102470537.020296 -0.081985 -0.530497 0.081206 0.839796
1753905431.224351 16599951.934945 4834027.068029 -102470537.012330 -0.087078 -0.547518 0.083947 0.828006
1753905431.229352 16599951.934945 4834027.068029 -102470537.012330 -0.087078 -0.547518 0.083947 0.828006
1753905431.234351 16599951.934945 4834027.068029 -102470537.012330 -0.087078 -0.547518 0.083947 0.828006
1753905431.239351 16599951.934945 4834027.068029 -102470537.012330 -0.087078 -0.547518 0.083947 0.828006
1753905431.244351 16599951.934945 4834027.068029 -102470537.012330 -0.087078 -0.547518 0.083947 0.828006
1753905431.249351 16599951.934945 4834027.068029 -102470537.012330 -0.087078 -0.547518 0.083947 0.828006
1753905431.254351 16599951.934945 4834027.068029 -102470537.012330 -0.087078 -0.547518 0.083947 0.828006
1753905431.259351 16599951.937510 4834027.063045 -102470537.009294 -0.089089 -0.555499 0.084089 0.822443
1753905431.264351 16599951.937510 4834027.063045 -102470537.009294 -0.089089 -0.555499 0.084089 0.822443
1753905431.269350 16599951.937510 4834027.063045 -102470537.009294 -0.089089 -0.555499 0.084089 0.822443
1753905431.274351 16599951.937510 4834027.063045 -102470537.009294 -0.089089 -0.555499 0.084089 0.822443
1753905431.279351 16599951.937510 4834027.063045 -102470537.009294 -0.089089 -0.555499 0.084089 0.822443
1753905431.284351 16599951.937510 4834027.063045 -102470537.009294 -0.089089 -0.555499 0.084089 0.822443
1753905431.289351 16599951.937510 4834027.063045 -102470537.009294 -0.089089 -0.555499 0.084089 0.822443
1753905431.294352 16599951.937510 4834027.063045 -102470537.009294 -0.089089 -0.555499 0.084089 0.822443
1753905431.299353 16599951.937510 4834027.063045 -102470537.009294 -0.089089 -0.555499 0.084089 0.822443
1753905431.304352 16599951.937510 4834027.063045 -102470537.009294 -0.089089 -0.555499 0.084089 0.822443
1753905431.309352 16599951.937510 4834027.063045 -102470537.009294 -0.089089 -0.555499 0.084089 0.822443
1753905431.314353 16599951.937510 4834027.063045 -102470537.009294 -0.089089 -0.555499 0.084089 0.822443
1753905431.319353 16599951.937510 4834027.063045 -102470537.009294 -0.089089 -0.555499 0.084089 0.822443
1753905431.324353 16599951.942771 4834027.058895 -102470537.001764 -0.089313 -0.567608 0.081570 0.814365
1753905431.329354 16599951.942771 4834027.058895 -102470537.001764 -0.089313 -0.567608 0.081570 0.814365
1753905431.334354 16599951.942771 4834027.058895 -102470537.001764 -0.089313 -0.567608 0.081570 0.814365
1753905431.339354 16599951.942771 4834027.058895 -102470537.001764 -0.089313 -0.567608 0.081570 0.814365
1753905431.344354 16599951.942771 4834027.058895 -102470537.001764 -0.089313 -0.567608 0.081570 0.814365
1753905431.349355 16599951.942771 4834027.058895 -102470537.001764 -0.089313 -0.567608 0.081570 0.814365
1753905431.354356 16599951.942771 4834027.058895 -102470537.001764 -0.089313 -0.567608 0.081570 0.814365
1753905431.359355 16599951.944302 4834027.060212 -102470536.998909 -0.089776 -0.572907 0.080960 0.810656
1753905431.364356 16599951.944302 4834027.060212 -102470536.998909 -0.089776 -0.572907 0.080960 0.810656
1753905431.369356 16599951.944302 4834027.060212 -102470536.998909 -0.089776 -0.572907 0.080960 0.810656
1753905431.374356 16599951.944302 4834027.060212 -102470536.998909 -0.089776 -0.572907 0.080960 0.810656
1753905431.379356 16599951.944302 4834027.060212 -102470536.998909 -0.089776 -0.572907 0.080960 0.810656
1753905431.384356 16599951.944302 4834027.060212 -102470536.998909 -0.089776 -0.572907 0.080960 0.810656
1753905431.389357 16599951.944302 4834027.060212 -102470536.998909 -0.089776 -0.572907 0.080960 0.810656
1753905431.394357 16599951.944302 4834027.060212 -102470536.998909 -0.089776 -0.572907 0.080960 0.810656
1753905431.399357 16599951.944302 4834027.060212 -102470536.998909 -0.089776 -0.572907 0.080960 0.810656
1753905431.404358 16599951.944302 4834027.060212 -102470536.998909 -0.089776 -0.572907 0.080960 0.810656
1753905431.409357 16599951.944302 4834027.060212 -102470536.998909 -0.089776 -0.572907 0.080960 0.810656
1753905431.414358 16599951.944302 4834027.060212 -102470536.998909 -0.089776 -0.572907 0.080960 0.810656
1753905431.419358 16599951.944302 4834027.060212 -102470536.998909 -0.089776 -0.572907 0.080960 0.810656
1753905431.424359 16599951.947507 4834027.065494 -102470536.988049 -0.091196 -0.585640 0.080337 0.801408
1753905431.429358 16599951.947507 4834027.065494 -102470536.988049 -0.091196 -0.585640 0.080337 0.801408
1753905431.434359 16599951.947507 4834027.065494 -102470536.988049 -0.091196 -0.585640 0.080337 0.801408
1753905431.439359 16599951.947507 4834027.065494 -102470536.988049 -0.091196 -0.585640 0.080337 0.801408
1753905431.444359 16599951.947507 4834027.065494 -102470536.988049 -0.091196 -0.585640 0.080337 0.801408
1753905431.449359 16599951.947507 4834027.065494 -102470536.988049 -0.091196 -0.585640 0.080337 0.801408
1753905431.454360 16599951.947507 4834027.065494 -102470536.988049 -0.091196 -0.585640 0.080337 0.801408
1753905431.459360 16599951.949397 4834027.055239 -102470536.986616 -0.089683 -0.592699 0.081445 0.796261
1753905431.464360 16599951.949397 4834027.055239 -102470536.986616 -0.089683 -0.592699 0.081445 0.796261
1753905431.469360 16599951.949397 4834027.055239 -102470536.986616 -0.089683 -0.592699 0.081445 0.796261
1753905431.474360 16599951.949397 4834027.055239 -102470536.986616 -0.089683 -0.592699 0.081445 0.796261
1753905431.479360 16599951.949397 4834027.055239 -102470536.986616 -0.089683 -0.592699 0.081445 0.796261
1753905431.484361 16599951.949397 4834027.055239 -102470536.986616 -0.089683 -0.592699 0.081445 0.796261
1753905431.489361 16599951.949397 4834027.055239 -102470536.986616 -0.089683 -0.592699 0.081445 0.796261
1753905431.494362 16599951.949397 4834027.055239 -102470536.986616 -0.089683 -0.592699 0.081445 0.796261
1753905431.499361 16599951.949397 4834027.055239 -102470536.986616 -0.089683 -0.592699 0.081445 0.796261
1753905431.504361 16599951.949397 4834027.055239 -102470536.986616 -0.089683 -0.592699 0.081445 0.796261
1753905431.509362 16599951.949397 4834027.055239 -102470536.986616 -0.089683 -0.592699 0.081445 0.796261
1753905431.514363 16599951.949397 4834027.055239 -102470536.986616 -0.089683 -0.592699 0.081445 0.796261
1753905431.519362 16599951.949397 4834027.055239 -102470536.986616 -0.089683 -0.592699 0.081445 0.796261
1753905431.524363 16599951.952017 4834027.052859 -102470536.975474 -0.087675 -0.605273 0.081530 0.786963
1753905431.529363 16599951.952017 4834027.052859 -102470536.975474 -0.087675 -0.605273 0.081530 0.786963
1753905431.534364 16599951.952017 4834027.052859 -102470536.975474 -0.087675 -0.605273 0.081530 0.786963
1753905431.539363 16599951.952017 4834027.052859 -102470536.975474 -0.087675 -0.605273 0.081530 0.786963
1753905431.544363 16599951.952017 4834027.052859 -102470536.975474 -0.087675 -0.605273 0.081530 0.786963
1753905431.549364 16599951.952017 4834027.052859 -102470536.975474 -0.087675 -0.605273 0.081530 0.786963
1753905431.554364 16599951.954196 4834027.053077 -102470536.969505 -0.086223 -0.611144 0.080377 0.782693
1753905431.554364 16599951.954196 4834027.053077 -102470536.969505 -0.086223 -0.611144 0.080377 0.782693
1753905431.559364 16599951.954196 4834027.053077 -102470536.969505 -0.086223 -0.611144 0.080377 0.782693
1753905431.564364 16599951.954196 4834027.053077 -102470536.969505 -0.086223 -0.611144 0.080377 0.782693
1753905431.569364 16599951.954196 4834027.053077 -102470536.969505 -0.086223 -0.611144 0.080377 0.782693
1753905431.574364 16599951.954196 4834027.053077 -102470536.969505 -0.086223 -0.611144 0.080377 0.782693
1753905431.579365 16599951.954196 4834027.053077 -102470536.969505 -0.086223 -0.611144 0.080377 0.782693
1753905431.584365 16599951.954196 4834027.053077 -102470536.969505 -0.086223 -0.611144 0.080377 0.782693
1753905431.589365 16599951.954196 4834027.053077 -102470536.969505 -0.086223 -0.611144 0.080377 0.782693
1753905431.594365 16599951.954196 4834027.053077 -102470536.969505 -0.086223 -0.611144 0.080377 0.782693
1753905431.599366 16599951.954196 4834027.053077 -102470536.969505 -0.086223 -0.611144 0.080377 0.782693
1753905431.604366 16599951.954196 4834027.053077 -102470536.969505 -0.086223 -0.611144 0.080377 0.782693
1753905431.609365 16599951.954196 4834027.053077 -102470536.969505 -0.086223 -0.611144 0.080377 0.782693
1753905431.614366 16599951.954196 4834027.053077 -102470536.969505 -0.086223 -0.611144 0.080377 0.782693
1753905431.619366 16599951.954196 4834027.053077 -102470536.969505 -0.086223 -0.611144 0.080377 0.782693
1753905431.624366 16599951.956282 4834027.052290 -102470536.960194 -0.082920 -0.623609 0.079167 0.773284
1753905431.629367 16599951.956282 4834027.052290 -102470536.960194 -0.082920 -0.623609 0.079167 0.773284
1753905431.634367 16599951.956282 4834027.052290 -102470536.960194 -0.082920 -0.623609 0.079167 0.773284
1753905431.639366 16599951.956282 4834027.052290 -102470536.960194 -0.082920 -0.623609 0.079167 0.773284
1753905431.644367 16599951.956282 4834027.052290 -102470536.960194 -0.082920 -0.623609 0.079167 0.773284
1753905431.649367 16599951.956282 4834027.052290 -102470536.960194 -0.082920 -0.623609 0.079167 0.773284
1753905431.654368 16599951.956282 4834027.052290 -102470536.960194 -0.082920 -0.623609 0.079167 0.773284
1753905431.659367 16599951.956282 4834027.052290 -102470536.960194 -0.082920 -0.623609 0.079167 0.773284
1753905431.664367 16599951.956282 4834027.052290 -102470536.960194 -0.082920 -0.623609 0.079167 0.773284
1753905431.669368 16599951.956282 4834027.052290 -102470536.960194 -0.082920 -0.623609 0.079167 0.773284
1753905431.674369 16599951.956282 4834027.052290 -102470536.960194 -0.082920 -0.623609 0.079167 0.773284
1753905431.679368 16599951.956282 4834027.052290 -102470536.960194 -0.082920 -0.623609 0.079167 0.773284
1753905431.684368 16599951.956282 4834027.052290 -102470536.960194 -0.082920 -0.623609 0.079167 0.773284
1753905431.689368 16599951.958044 4834027.051031 -102470536.953850 -0.079540 -0.638208 0.078501 0.761710
1753905431.694368 16599951.958044 4834027.051031 -102470536.953850 -0.079540 -0.638208 0.078501 0.761710
1753905431.699369 16599951.958044 4834027.051031 -102470536.953850 -0.079540 -0.638208 0.078501 0.761710
1753905431.704369 16599951.958044 4834027.051031 -102470536.953850 -0.079540 -0.638208 0.078501 0.761710
1753905431.709369 16599951.958044 4834027.051031 -102470536.953850 -0.079540 -0.638208 0.078501 0.761710
1753905431.714369 16599951.958044 4834027.051031 -102470536.953850 -0.079540 -0.638208 0.078501 0.761710
1753905431.719369 16599951.958044 4834027.051031 -102470536.953850 -0.079540 -0.638208 0.078501 0.761710
1753905431.724370 16599951.952369 4834027.057587 -102470536.947498 -0.078736 -0.646118 0.077659 0.755183
1753905431.729369 16599951.952369 4834027.057587 -102470536.947498 -0.078736 -0.646118 0.077659 0.755183
1753905431.734370 16599951.952369 4834027.057587 -102470536.947498 -0.078736 -0.646118 0.077659 0.755183
1753905431.739370 16599951.952369 4834027.057587 -102470536.947498 -0.078736 -0.646118 0.077659 0.755183
1753905431.744370 16599951.952369 4834027.057587 -102470536.947498 -0.078736 -0.646118 0.077659 0.755183
1753905431.749370 16599951.952369 4834027.057587 -102470536.947498 -0.078736 -0.646118 0.077659 0.755183
1753905431.754370 16599951.952369 4834027.057587 -102470536.947498 -0.078736 -0.646118 0.077659 0.755183
1753905431.759371 16599951.952369 4834027.057587 -102470536.947498 -0.078736 -0.646118 0.077659 0.755183
1753905431.764370 16599951.952369 4834027.057587 -102470536.947498 -0.078736 -0.646118 0.077659 0.755183
1753905431.769371 16599951.952369 4834027.057587 -102470536.947498 -0.078736 -0.646118 0.077659 0.755183
1753905431.774371 16599951.952369 4834027.057587 -102470536.947498 -0.078736 -0.646118 0.077659 0.755183
1753905431.779371 16599951.952369 4834027.057587 -102470536.947498 -0.078736 -0.646118 0.077659 0.755183
1753905431.784371 16599951.952369 4834027.057587 -102470536.947498 -0.078736 -0.646118 0.077659 0.755183
1753905431.789371 16599951.953845 4834027.055453 -102470536.941978 -0.077540 -0.663680 0.077571 0.739931
1753905431.794372 16599951.953845 4834027.055453 -102470536.941978 -0.077540 -0.663680 0.077571 0.739931
1753905431.799371 16599951.953845 4834027.055453 -102470536.941978 -0.077540 -0.663680 0.077571 0.739931
1753905431.804371 16599951.953845 4834027.055453 -102470536.941978 -0.077540 -0.663680 0.077571 0.739931
1753905431.809372 16599951.953845 4834027.055453 -102470536.941978 -0.077540 -0.663680 0.077571 0.739931
1753905431.814372 16599951.953845 4834027.055453 -102470536.941978 -0.077540 -0.663680 0.077571 0.739931
1753905431.819371 16599951.953845 4834027.055453 -102470536.941978 -0.077540 -0.663680 0.077571 0.739931
1753905431.824372 16599951.953845 4834027.055453 -102470536.941978 -0.077540 -0.663680 0.077571 0.739931
1753905431.829372 16599951.953845 4834027.055453 -102470536.941978 -0.077540 -0.663680 0.077571 0.739931
1753905431.834373 16599951.953845 4834027.055453 -102470536.941978 -0.077540 -0.663680 0.077571 0.739931
1753905431.839372 16599951.953845 4834027.055453 -102470536.941978 -0.077540 -0.663680 0.077571 0.739931
1753905431.844373 16599951.953845 4834027.055453 -102470536.941978 -0.077540 -0.663680 0.077571 0.739931
1753905431.849372 16599951.953845 4834027.055453 -102470536.941978 -0.077540 -0.663680 0.077571 0.739931
1753905431.854372 16599951.953481 4834027.056008 -102470536.939261 -0.076917 -0.681112 0.078477 0.723886
1753905431.859373 16599951.953481 4834027.056008 -102470536.939261 -0.076917 -0.681112 0.078477 0.723886
1753905431.864373 16599951.953481 4834027.056008 -102470536.939261 -0.076917 -0.681112 0.078477 0.723886
1753905431.869373 16599951.953481 4834027.056008 -102470536.939261 -0.076917 -0.681112 0.078477 0.723886
1753905431.874373 16599951.953481 4834027.056008 -102470536.939261 -0.076917 -0.681112 0.078477 0.723886
1753905431.879373 16599951.953481 4834027.056008 -102470536.939261 -0.076917 -0.681112 0.078477 0.723886
1753905431.884374 16599951.953481 4834027.056008 -102470536.939261 -0.076917 -0.681112 0.078477 0.723886
1753905431.889373 16599951.956306 4834027.053655 -102470536.924737 -0.076570 -0.690566 0.079768 0.714767
1753905431.894374 16599951.956306 4834027.053655 -102470536.924737 -0.076570 -0.690566 0.079768 0.714767
1753905431.899374 16599951.956306 4834027.053655 -102470536.924737 -0.076570 -0.690566 0.079768 0.714767
1753905431.904374 16599951.956306 4834027.053655 -102470536.924737 -0.076570 -0.690566 0.079768 0.714767
1753905431.909374 16599951.956306 4834027.053655 -102470536.924737 -0.076570 -0.690566 0.079768 0.714767
1753905431.914374 16599951.956306 4834027.053655 -102470536.924737 -0.076570 -0.690566 0.079768 0.714767
1753905431.919374 16599951.956306 4834027.053655 -102470536.924737 -0.076570 -0.690566 0.079768 0.714767
1753905431.924374 16599951.956306 4834027.053655 -102470536.924737 -0.076570 -0.690566 0.079768 0.714767
1753905431.929374 16599951.956306 4834027.053655 -102470536.924737 -0.076570 -0.690566 0.079768 0.714767
1753905431.934374 16599951.956306 4834027.053655 -102470536.924737 -0.076570 -0.690566 0.079768 0.714767
1753905431.939375 16599951.956306 4834027.053655 -102470536.924737 -0.076570 -0.690566 0.079768 0.714767
1753905431.944374 16599951.956306 4834027.053655 -102470536.924737 -0.076570 -0.690566 0.079768 0.714767
1753905431.949374 16599951.956306 4834027.053655 -102470536.924737 -0.076570 -0.690566 0.079768 0.714767
1753905431.954375 16599951.957196 4834027.051978 -102470536.922780 -0.076994 -0.704699 0.081117 0.700637
1753905431.959374 16599951.957196 4834027.051978 -102470536.922780 -0.076994 -0.704699 0.081117 0.700637
1753905431.964375 16599951.957196 4834027.051978 -102470536.922780 -0.076994 -0.704699 0.081117 0.700637
1753905431.969375 16599951.957196 4834027.051978 -102470536.922780 -0.076994 -0.704699 0.081117 0.700637
1753905431.974375 16599951.957196 4834027.051978 -102470536.922780 -0.076994 -0.704699 0.081117 0.700637
1753905431.979375 16599951.957196 4834027.051978 -102470536.922780 -0.076994 -0.704699 0.081117 0.700637
1753905431.984375 16599951.957196 4834027.051978 -102470536.922780 -0.076994 -0.704699 0.081117 0.700637
1753905431.989376 16599951.957196 4834027.051978 -102470536.922780 -0.076994 -0.704699 0.081117 0.700637
1753905431.994375 16599951.957196 4834027.051978 -102470536.922780 -0.076994 -0.704699 0.081117 0.700637
1753905431.999375 16599951.957196 4834027.051978 -102470536.922780 -0.076994 -0.704699 0.081117 0.700637
1753905432.004375 16599951.957196 4834027.051978 -102470536.922780 -0.076994 -0.704699 0.081117 0.700637
1753905432.009376 16599951.957196 4834027.051978 -102470536.922780 -0.076994 -0.704699 0.081117 0.700637
1753905432.014375 16599951.957196 4834027.051978 -102470536.922780 -0.076994 -0.704699 0.081117 0.700637
1753905432.019376 16599951.957196 4834027.051978 -102470536.922780 -0.076994 -0.704699 0.081117 0.700637
1753905432.024376 16599951.956024 4834027.054578 -102470536.936698 -0.078840 -0.715748 0.081824 0.689053
1753905432.029375 16599951.956024 4834027.054578 -102470536.936698 -0.078840 -0.715748 0.081824 0.689053
1753905432.034375 16599951.956024 4834027.054578 -102470536.936698 -0.078840 -0.715748 0.081824 0.689053
1753905432.039376 16599951.956024 4834027.054578 -102470536.936698 -0.078840 -0.715748 0.081824 0.689053
1753905432.044376 16599951.956024 4834027.054578 -102470536.936698 -0.078840 -0.715748 0.081824 0.689053
1753905432.049376 16599951.956024 4834027.054578 -102470536.936698 -0.078840 -0.715748 0.081824 0.689053
1753905432.054376 16599951.955163 4834027.056054 -102470536.937098 -0.078729 -0.721359 0.082887 0.683061
1753905432.059376 16599951.955163 4834027.056054 -102470536.937098 -0.078729 -0.721359 0.082887 0.683061
1753905432.064376 16599951.955163 4834027.056054 -102470536.937098 -0.078729 -0.721359 0.082887 0.683061
1753905432.069376 16599951.955163 4834027.056054 -102470536.937098 -0.078729 -0.721359 0.082887 0.683061
1753905432.074376 16599951.955163 4834027.056054 -102470536.937098 -0.078729 -0.721359 0.082887 0.683061
1753905432.079376 16599951.955163 4834027.056054 -102470536.937098 -0.078729 -0.721359 0.082887 0.683061
1753905432.084376 16599951.955163 4834027.056054 -102470536.937098 -0.078729 -0.721359 0.082887 0.683061
1753905432.089376 16599951.955163 4834027.056054 -102470536.937098 -0.078729 -0.721359 0.082887 0.683061
1753905432.094377 16599951.955163 4834027.056054 -102470536.937098 -0.078729 -0.721359 0.082887 0.683061
1753905432.099377 16599951.955163 4834027.056054 -102470536.937098 -0.078729 -0.721359 0.082887 0.683061
1753905432.104376 16599951.955163 4834027.056054 -102470536.937098 -0.078729 -0.721359 0.082887 0.683061
1753905432.109376 16599951.955163 4834027.056054 -102470536.937098 -0.078729 -0.721359 0.082887 0.683061
1753905432.114377 16599951.955163 4834027.056054 -102470536.937098 -0.078729 -0.721359 0.082887 0.683061
1753905432.119376 16599951.955163 4834027.056054 -102470536.937098 -0.078729 -0.721359 0.082887 0.683061
1753905432.124377 16599951.954242 4834027.057439 -102470536.936967 -0.079533 -0.731639 0.085108 0.671666
1753905432.129377 16599951.954242 4834027.057439 -102470536.936967 -0.079533 -0.731639 0.085108 0.671666
1753905432.134377 16599951.954242 4834027.057439 -102470536.936967 -0.079533 -0.731639 0.085108 0.671666
1753905432.139376 16599951.954242 4834027.057439 -102470536.936967 -0.079533 -0.731639 0.085108 0.671666
1753905432.144377 16599951.954242 4834027.057439 -102470536.936967 -0.079533 -0.731639 0.085108 0.671666
1753905432.149377 16599951.954242 4834027.057439 -102470536.936967 -0.079533 -0.731639 0.085108 0.671666
1753905432.154376 16599951.954647 4834027.057120 -102470536.936917 -0.080354 -0.736389 0.086390 0.666191
1753905432.159377 16599951.954647 4834027.057120 -102470536.936917 -0.080354 -0.736389 0.086390 0.666191
1753905432.164377 16599951.954647 4834027.057120 -102470536.936917 -0.080354 -0.736389 0.086390 0.666191
1753905432.169377 16599951.954647 4834027.057120 -102470536.936917 -0.080354 -0.736389 0.086390 0.666191
1753905432.174376 16599951.954647 4834027.057120 -102470536.936917 -0.080354 -0.736389 0.086390 0.666191
1753905432.179377 16599951.954647 4834027.057120 -102470536.936917 -0.080354 -0.736389 0.086390 0.666191
1753905432.184377 16599951.954647 4834027.057120 -102470536.936917 -0.080354 -0.736389 0.086390 0.666191
1753905432.189378 16599951.954647 4834027.057120 -102470536.936917 -0.080354 -0.736389 0.086390 0.666191
1753905432.194377 16599951.954647 4834027.057120 -102470536.936917 -0.080354 -0.736389 0.086390 0.666191
1753905432.199377 16599951.954647 4834027.057120 -102470536.936917 -0.080354 -0.736389 0.086390 0.666191
1753905432.204377 16599951.954647 4834027.057120 -102470536.936917 -0.080354 -0.736389 0.086390 0.666191
1753905432.209377 16599951.954647 4834027.057120 -102470536.936917 -0.080354 -0.736389 0.086390 0.666191
1753905432.214377 16599951.954647 4834027.057120 -102470536.936917 -0.080354 -0.736389 0.086390 0.666191
1753905432.219377 16599951.954647 4834027.057120 -102470536.936917 -0.080354 -0.736389 0.086390 0.666191
1753905432.224377 16599951.955398 4834027.056614 -102470536.936612 -0.081235 -0.745120 0.088612 0.656007
1753905432.229377 16599951.955398 4834027.056614 -102470536.936612 -0.081235 -0.745120 0.088612 0.656007
1753905432.234377 16599951.955398 4834027.056614 -102470536.936612 -0.081235 -0.745120 0.088612 0.656007
1753905432.239377 16599951.955398 4834027.056614 -102470536.936612 -0.081235 -0.745120 0.088612 0.656007
1753905432.244377 16599951.955398 4834027.056614 -102470536.936612 -0.081235 -0.745120 0.088612 0.656007
1753905432.249377 16599951.955398 4834027.056614 -102470536.936612 -0.081235 -0.745120 0.088612 0.656007
1753905432.254377 16599951.956622 4834027.056029 -102470536.936345 -0.082597 -0.749854 0.089327 0.650321
1753905432.259377 16599951.956622 4834027.056029 -102470536.936345 -0.082597 -0.749854 0.089327 0.650321
1753905432.264377 16599951.956622 4834027.056029 -102470536.936345 -0.082597 -0.749854 0.089327 0.650321
1753905432.269377 16599951.956622 4834027.056029 -102470536.936345 -0.082597 -0.749854 0.089327 0.650321
1753905432.274378 16599951.956622 4834027.056029 -102470536.936345 -0.082597 -0.749854 0.089327 0.650321
1753905432.279377 16599951.956622 4834027.056029 -102470536.936345 -0.082597 -0.749854 0.089327 0.650321
1753905432.284378 16599951.956622 4834027.056029 -102470536.936345 -0.082597 -0.749854 0.089327 0.650321
1753905432.289378 16599951.956622 4834027.056029 -102470536.936345 -0.082597 -0.749854 0.089327 0.650321
1753905432.294378 16599951.956622 4834027.056029 -102470536.936345 -0.082597 -0.749854 0.089327 0.650321
1753905432.299378 16599951.956622 4834027.056029 -102470536.936345 -0.082597 -0.749854 0.089327 0.650321
1753905432.304379 16599951.956622 4834027.056029 -102470536.936345 -0.082597 -0.749854 0.089327 0.650321
1753905432.309379 16599951.956622 4834027.056029 -102470536.936345 -0.082597 -0.749854 0.089327 0.650321
1753905432.314379 16599951.956622 4834027.056029 -102470536.936345 -0.082597 -0.749854 0.089327 0.650321
1753905432.319380 16599951.956622 4834027.056029 -102470536.936345 -0.082597 -0.749854 0.089327 0.650321
1753905432.324380 16599951.958144 4834027.055312 -102470536.935861 -0.086024 -0.760790 0.090911 0.636815
1753905432.329381 16599951.958144 4834027.055312 -102470536.935861 -0.086024 -0.760790 0.090911 0.636815
1753905432.334380 16599951.958144 4834027.055312 -102470536.935861 -0.086024 -0.760790 0.090911 0.636815
1753905432.339381 16599951.958144 4834027.055312 -102470536.935861 -0.086024 -0.760790 0.090911 0.636815
1753905432.344382 16599951.958144 4834027.055312 -102470536.935861 -0.086024 -0.760790 0.090911 0.636815
1753905432.349381 16599951.958144 4834027.055312 -102470536.935861 -0.086024 -0.760790 0.090911 0.636815
1753905432.354382 16599951.958786 4834027.055241 -102470536.935435 -0.087750 -0.766718 0.091722 0.629309
1753905432.359382 16599951.958786 4834027.055241 -102470536.935435 -0.087750 -0.766718 0.091722 0.629309
1753905432.364383 16599951.958786 4834027.055241 -102470536.935435 -0.087750 -0.766718 0.091722 0.629309
1753905432.369382 16599951.958786 4834027.055241 -102470536.935435 -0.087750 -0.766718 0.091722 0.629309
1753905432.374383 16599951.958786 4834027.055241 -102470536.935435 -0.087750 -0.766718 0.091722 0.629309
1753905432.379383 16599951.958786 4834027.055241 -102470536.935435 -0.087750 -0.766718 0.091722 0.629309
1753905432.384384 16599951.958786 4834027.055241 -102470536.935435 -0.087750 -0.766718 0.091722 0.629309
1753905432.389383 16599951.958786 4834027.055241 -102470536.935435 -0.087750 -0.766718 0.091722 0.629309
1753905432.394384 16599951.958786 4834027.055241 -102470536.935435 -0.087750 -0.766718 0.091722 0.629309
1753905432.399384 16599951.958786 4834027.055241 -102470536.935435 -0.087750 -0.766718 0.091722 0.629309
1753905432.404384 16599951.958786 4834027.055241 -102470536.935435 -0.087750 -0.766718 0.091722 0.629309
1753905432.409385 16599951.958786 4834027.055241 -102470536.935435 -0.087750 -0.766718 0.091722 0.629309
1753905432.414385 16599951.958786 4834027.055241 -102470536.935435 -0.087750 -0.766718 0.091722 0.629309
1753905432.419385 16599951.958786 4834027.055241 -102470536.935435 -0.087750 -0.766718 0.091722 0.629309
1753905432.424385 16599951.954900 4834027.058748 -102470536.919889 -0.091028 -0.778985 0.095484 0.613008
1753905432.429386 16599951.954900 4834027.058748 -102470536.919889 -0.091028 -0.778985 0.095484 0.613008
1753905432.434386 16599951.954900 4834027.058748 -102470536.919889 -0.091028 -0.778985 0.095484 0.613008
1753905432.439386 16599951.954900 4834027.058748 -102470536.919889 -0.091028 -0.778985 0.095484 0.613008
1753905432.444386 16599951.954900 4834027.058748 -102470536.919889 -0.091028 -0.778985 0.095484 0.613008
1753905432.449387 16599951.954900 4834027.058748 -102470536.919889 -0.091028 -0.778985 0.095484 0.613008
1753905432.454386 16599951.954900 4834027.058748 -102470536.919889 -0.091028 -0.778985 0.095484 0.613008
1753905432.459387 16599951.954900 4834027.058748 -102470536.919889 -0.091028 -0.778985 0.095484 0.613008
1753905432.464388 16599951.954900 4834027.058748 -102470536.919889 -0.091028 -0.778985 0.095484 0.613008
1753905432.469388 16599951.954900 4834027.058748 -102470536.919889 -0.091028 -0.778985 0.095484 0.613008
1753905432.474388 16599951.954900 4834027.058748 -102470536.919889 -0.091028 -0.778985 0.095484 0.613008
1753905432.479388 16599951.954900 4834027.058748 -102470536.919889 -0.091028 -0.778985 0.095484 0.613008
1753905432.484389 16599951.954900 4834027.058748 -102470536.919889 -0.091028 -0.778985 0.095484 0.613008
1753905432.489388 16599951.954000 4834027.058588 -102470536.919128 -0.095344 -0.788840 0.100216 0.598830
1753905432.494389 16599951.954000 4834027.058588 -102470536.919128 -0.095344 -0.788840 0.100216 0.598830
1753905432.499389 16599951.954000 4834027.058588 -102470536.919128 -0.095344 -0.788840 0.100216 0.598830
1753905432.504390 16599951.954000 4834027.058588 -102470536.919128 -0.095344 -0.788840 0.100216 0.598830
1753905432.509389 16599951.954000 4834027.058588 -102470536.919128 -0.095344 -0.788840 0.100216 0.598830
1753905432.514390 16599951.954000 4834027.058588 -102470536.919128 -0.095344 -0.788840 0.100216 0.598830
1753905432.519391 16599951.954000 4834027.058588 -102470536.919128 -0.095344 -0.788840 0.100216 0.598830
1753905432.524390 16599951.954604 4834027.058242 -102470536.918840 -0.097731 -0.792703 0.102452 0.592936
1753905432.529390 16599951.954604 4834027.058242 -102470536.918840 -0.097731 -0.792703 0.102452 0.592936
1753905432.534391 16599951.954604 4834027.058242 -102470536.918840 -0.097731 -0.792703 0.102452 0.592936
1753905432.539391 16599951.954604 4834027.058242 -102470536.918840 -0.097731 -0.792703 0.102452 0.592936
1753905432.544391 16599951.954604 4834027.058242 -102470536.918840 -0.097731 -0.792703 0.102452 0.592936
1753905432.549391 16599951.954604 4834027.058242 -102470536.918840 -0.097731 -0.792703 0.102452 0.592936
1753905432.554392 16599951.954604 4834027.058242 -102470536.918840 -0.097731 -0.792703 0.102452 0.592936
1753905432.559391 16599951.954604 4834027.058242 -102470536.918840 -0.097731 -0.792703 0.102452 0.592936
1753905432.564392 16599951.954604 4834027.058242 -102470536.918840 -0.097731 -0.792703 0.102452 0.592936
1753905432.569392 16599951.954604 4834027.058242 -102470536.918840 -0.097731 -0.792703 0.102452 0.592936
1753905432.574393 16599951.954604 4834027.058242 -102470536.918840 -0.097731 -0.792703 0.102452 0.592936
1753905432.579392 16599951.954604 4834027.058242 -102470536.918840 -0.097731 -0.792703 0.102452 0.592936
1753905432.584393 16599951.954604 4834027.058242 -102470536.918840 -0.097731 -0.792703 0.102452 0.592936
1753905432.589393 16599951.954565 4834027.057855 -102470536.917524 -0.102298 -0.797167 0.105833 0.585542
1753905432.594393 16599951.954565 4834027.057855 -102470536.917524 -0.102298 -0.797167 0.105833 0.585542
1753905432.599393 16599951.954565 4834027.057855 -102470536.917524 -0.102298 -0.797167 0.105833 0.585542
1753905432.604394 16599951.954565 4834027.057855 -102470536.917524 -0.102298 -0.797167 0.105833 0.585542
1753905432.609394 16599951.954565 4834027.057855 -102470536.917524 -0.102298 -0.797167 0.105833 0.585542
1753905432.614394 16599951.954565 4834027.057855 -102470536.917524 -0.102298 -0.797167 0.105833 0.585542
1753905432.619394 16599951.954565 4834027.057855 -102470536.917524 -0.102298 -0.797167 0.105833 0.585542
1753905432.624395 16599951.954565 4834027.057855 -102470536.917524 -0.102298 -0.797167 0.105833 0.585542
1753905432.629395 16599951.954565 4834027.057855 -102470536.917524 -0.102298 -0.797167 0.105833 0.585542
1753905432.634395 16599951.954565 4834027.057855 -102470536.917524 -0.102298 -0.797167 0.105833 0.585542
1753905432.639395 16599951.954565 4834027.057855 -102470536.917524 -0.102298 -0.797167 0.105833 0.585542
1753905432.644396 16599951.954565 4834027.057855 -102470536.917524 -0.102298 -0.797167 0.105833 0.585542
1753905432.649395 16599951.954565 4834027.057855 -102470536.917524 -0.102298 -0.797167 0.105833 0.585542
1753905432.654369 16599951.953972 4834027.057890 -102470536.917160 -0.104209 -0.796581 0.107354 0.585725
1753905432.654396 16599951.953972 4834027.057890 -102470536.917160 -0.104209 -0.796581 0.107354 0.585725
1753905432.659396 16599951.953972 4834027.057890 -102470536.917160 -0.104209 -0.796581 0.107354 0.585725
1753905432.664397 16599951.953972 4834027.057890 -102470536.917160 -0.104209 -0.796581 0.107354 0.585725
1753905432.669396 16599951.953972 4834027.057890 -102470536.917160 -0.104209 -0.796581 0.107354 0.585725
1753905432.674397 16599951.953972 4834027.057890 -102470536.917160 -0.104209 -0.796581 0.107354 0.585725
1753905432.679397 16599951.953972 4834027.057890 -102470536.917160 -0.104209 -0.796581 0.107354 0.585725
1753905432.684397 16599951.953972 4834027.057890 -102470536.917160 -0.104209 -0.796581 0.107354 0.585725
1753905432.689397 16599951.953972 4834027.057890 -102470536.917160 -0.104209 -0.796581 0.107354 0.585725
1753905432.694397 16599951.953972 4834027.057890 -102470536.917160 -0.104209 -0.796581 0.107354 0.585725
1753905432.699397 16599951.953972 4834027.057890 -102470536.917160 -0.104209 -0.796581 0.107354 0.585725
1753905432.704398 16599951.953972 4834027.057890 -102470536.917160 -0.104209 -0.796581 0.107354 0.585725
1753905432.709398 16599951.953972 4834027.057890 -102470536.917160 -0.104209 -0.796581 0.107354 0.585725
1753905432.714398 16599951.953972 4834027.057890 -102470536.917160 -0.104209 -0.796581 0.107354 0.585725
1753905432.719398 16599951.953972 4834027.057890 -102470536.917160 -0.104209 -0.796581 0.107354 0.585725
1753905432.724398 16599951.953696 4834027.058343 -102470536.916880 -0.103340 -0.792432 0.108186 0.591327
1753905432.729399 16599951.953696 4834027.058343 -102470536.916880 -0.103340 -0.792432 0.108186 0.591327
1753905432.734399 16599951.953696 4834027.058343 -102470536.916880 -0.103340 -0.792432 0.108186 0.591327
1753905432.739399 16599951.953696 4834027.058343 -102470536.916880 -0.103340 -0.792432 0.108186 0.591327
1753905432.744399 16599951.953696 4834027.058343 -102470536.916880 -0.103340 -0.792432 0.108186 0.591327
1753905432.749399 16599951.953696 4834027.058343 -102470536.916880 -0.103340 -0.792432 0.108186 0.591327
1753905432.754399 16599951.954427 4834027.058601 -102470536.915888 -0.103033 -0.789920 0.108265 0.594717
1753905432.759399 16599951.954427 4834027.058601 -102470536.915888 -0.103033 -0.789920 0.108265 0.594717
1753905432.764400 16599951.954427 4834027.058601 -102470536.915888 -0.103033 -0.789920 0.108265 0.594717
1753905432.769400 16599951.954427 4834027.058601 -102470536.915888 -0.103033 -0.789920 0.108265 0.594717
1753905432.774400 16599951.954427 4834027.058601 -102470536.915888 -0.103033 -0.789920 0.108265 0.594717
1753905432.779400 16599951.954427 4834027.058601 -102470536.915888 -0.103033 -0.789920 0.108265 0.594717
1753905432.784401 16599951.954427 4834027.058601 -102470536.915888 -0.103033 -0.789920 0.108265 0.594717
1753905432.789400 16599951.954427 4834027.058601 -102470536.915888 -0.103033 -0.789920 0.108265 0.594717
1753905432.794400 16599951.954427 4834027.058601 -102470536.915888 -0.103033 -0.789920 0.108265 0.594717
1753905432.799401 16599951.954427 4834027.058601 -102470536.915888 -0.103033 -0.789920 0.108265 0.594717
1753905432.804401 16599951.954427 4834027.058601 -102470536.915888 -0.103033 -0.789920 0.108265 0.594717
1753905432.809401 16599951.954427 4834027.058601 -102470536.915888 -0.103033 -0.789920 0.108265 0.594717
1753905432.814401 16599951.954427 4834027.058601 -102470536.915888 -0.103033 -0.789920 0.108265 0.594717
1753905432.819402 16599951.954427 4834027.058601 -102470536.915888 -0.103033 -0.789920 0.108265 0.594717
1753905432.824401 16599951.955375 4834027.057678 -102470536.917427 -0.103060 -0.784106 0.108853 0.602251
1753905432.829401 16599951.955375 4834027.057678 -102470536.917427 -0.103060 -0.784106 0.108853 0.602251
1753905432.834402 16599951.955375 4834027.057678 -102470536.917427 -0.103060 -0.784106 0.108853 0.602251
1753905432.839402 16599951.955375 4834027.057678 -102470536.917427 -0.103060 -0.784106 0.108853 0.602251
1753905432.844402 16599951.955375 4834027.057678 -102470536.917427 -0.103060 -0.784106 0.108853 0.602251
1753905432.849402 16599951.955375 4834027.057678 -102470536.917427 -0.103060 -0.784106 0.108853 0.602251
1753905432.854403 16599951.955375 4834027.057678 -102470536.917427 -0.103060 -0.784106 0.108853 0.602251
1753905432.859403 16599951.955375 4834027.057678 -102470536.917427 -0.103060 -0.784106 0.108853 0.602251
1753905432.864403 16599951.955375 4834027.057678 -102470536.917427 -0.103060 -0.784106 0.108853 0.602251
1753905432.869403 16599951.955375 4834027.057678 -102470536.917427 -0.103060 -0.784106 0.108853 0.602251
1753905432.874403 16599951.955375 4834027.057678 -102470536.917427 -0.103060 -0.784106 0.108853 0.602251
1753905432.879404 16599951.955375 4834027.057678 -102470536.917427 -0.103060 -0.784106 0.108853 0.602251
1753905432.884403 16599951.955375 4834027.057678 -102470536.917427 -0.103060 -0.784106 0.108853 0.602251
1753905432.889404 16599951.955779 4834027.057323 -102470536.920000 -0.102823 -0.777054 0.109192 0.611303
1753905432.894404 16599951.955779 4834027.057323 -102470536.920000 -0.102823 -0.777054 0.109192 0.611303
1753905432.899403 16599951.955779 4834027.057323 -102470536.920000 -0.102823 -0.777054 0.109192 0.611303
1753905432.904404 16599951.955779 4834027.057323 -102470536.920000 -0.102823 -0.777054 0.109192 0.611303
1753905432.909404 16599951.955779 4834027.057323 -102470536.920000 -0.102823 -0.777054 0.109192 0.611303
1753905432.914404 16599951.955779 4834027.057323 -102470536.920000 -0.102823 -0.777054 0.109192 0.611303
1753905432.919404 16599951.955779 4834027.057323 -102470536.920000 -0.102823 -0.777054 0.109192 0.611303
1753905432.924404 16599951.954475 4834027.062992 -102470536.922658 -0.102640 -0.772335 0.108692 0.617373
1753905432.929405 16599951.954475 4834027.062992 -102470536.922658 -0.102640 -0.772335 0.108692 0.617373
1753905432.934404 16599951.954475 4834027.062992 -102470536.922658 -0.102640 -0.772335 0.108692 0.617373
1753905432.939404 16599951.954475 4834027.062992 -102470536.922658 -0.102640 -0.772335 0.108692 0.617373
1753905432.944405 16599951.954475 4834027.062992 -102470536.922658 -0.102640 -0.772335 0.108692 0.617373
1753905432.949404 16599951.954475 4834027.062992 -102470536.922658 -0.102640 -0.772335 0.108692 0.617373
1753905432.954405 16599951.954475 4834027.062992 -102470536.922658 -0.102640 -0.772335 0.108692 0.617373
1753905432.959405 16599951.954475 4834027.062992 -102470536.922658 -0.102640 -0.772335 0.108692 0.617373
1753905432.964406 16599951.954475 4834027.062992 -102470536.922658 -0.102640 -0.772335 0.108692 0.617373
1753905432.969405 16599951.954475 4834027.062992 -102470536.922658 -0.102640 -0.772335 0.108692 0.617373
1753905432.974405 16599951.954475 4834027.062992 -102470536.922658 -0.102640 -0.772335 0.108692 0.617373
1753905432.979406 16599951.954475 4834027.062992 -102470536.922658 -0.102640 -0.772335 0.108692 0.617373
1753905432.984405 16599951.954475 4834027.062992 -102470536.922658 -0.102640 -0.772335 0.108692 0.617373
1753905432.989405 16599951.952637 4834027.063351 -102470536.923901 -0.101682 -0.759972 0.108637 0.632693
1753905432.994406 16599951.952637 4834027.063351 -102470536.923901 -0.101682 -0.759972 0.108637 0.632693
1753905432.999406 16599951.952637 4834027.063351 -102470536.923901 -0.101682 -0.759972 0.108637 0.632693
1753905433.004405 16599951.952637 4834027.063351 -102470536.923901 -0.101682 -0.759972 0.108637 0.632693
1753905433.009406 16599951.952637 4834027.063351 -102470536.923901 -0.101682 -0.759972 0.108637 0.632693
1753905433.014406 16599951.952637 4834027.063351 -102470536.923901 -0.101682 -0.759972 0.108637 0.632693
1753905433.019407 16599951.952637 4834027.063351 -102470536.923901 -0.101682 -0.759972 0.108637 0.632693
1753905433.024406 16599951.952637 4834027.063351 -102470536.923901 -0.101682 -0.759972 0.108637 0.632693
1753905433.029407 16599951.952637 4834027.063351 -102470536.923901 -0.101682 -0.759972 0.108637 0.632693
1753905433.034407 16599951.952637 4834027.063351 -102470536.923901 -0.101682 -0.759972 0.108637 0.632693
1753905433.039406 16599951.952637 4834027.063351 -102470536.923901 -0.101682 -0.759972 0.108637 0.632693
1753905433.044406 16599951.952637 4834027.063351 -102470536.923901 -0.101682 -0.759972 0.108637 0.632693
1753905433.049407 16599951.952637 4834027.063351 -102470536.923901 -0.101682 -0.759972 0.108637 0.632693
1753905433.054407 16599951.954220 4834027.065020 -102470536.923064 -0.098894 -0.744596 0.106637 0.651480
1753905433.059407 16599951.954220 4834027.065020 -102470536.923064 -0.098894 -0.744596 0.106637 0.651480
1753905433.064407 16599951.954220 4834027.065020 -102470536.923064 -0.098894 -0.744596 0.106637 0.651480
1753905433.069407 16599951.954220 4834027.065020 -102470536.923064 -0.098894 -0.744596 0.106637 0.651480
1753905433.074407 16599951.954220 4834027.065020 -102470536.923064 -0.098894 -0.744596 0.106637 0.651480
1753905433.079407 16599951.954220 4834027.065020 -102470536.923064 -0.098894 -0.744596 0.106637 0.651480
1753905433.084408 16599951.954220 4834027.065020 -102470536.923064 -0.098894 -0.744596 0.106637 0.651480
1753905433.089408 16599951.954802 4834027.062952 -102470536.924912 -0.097650 -0.735983 0.106061 0.661472
1753905433.094407 16599951.954802 4834027.062952 -102470536.924912 -0.097650 -0.735983 0.106061 0.661472
1753905433.099407 16599951.954802 4834027.062952 -102470536.924912 -0.097650 -0.735983 0.106061 0.661472
1753905433.104408 16599951.954802 4834027.062952 -102470536.924912 -0.097650 -0.735983 0.106061 0.661472
1753905433.109407 16599951.954802 4834027.062952 -102470536.924912 -0.097650 -0.735983 0.106061 0.661472
1753905433.114408 16599951.954802 4834027.062952 -102470536.924912 -0.097650 -0.735983 0.106061 0.661472
1753905433.119408 16599951.954802 4834027.062952 -102470536.924912 -0.097650 -0.735983 0.106061 0.661472
1753905433.124408 16599951.954802 4834027.062952 -102470536.924912 -0.097650 -0.735983 0.106061 0.661472
1753905433.129408 16599951.954802 4834027.062952 -102470536.924912 -0.097650 -0.735983 0.106061 0.661472
1753905433.134408 16599951.954802 4834027.062952 -102470536.924912 -0.097650 -0.735983 0.106061 0.661472
1753905433.139408 16599951.954802 4834027.062952 -102470536.924912 -0.097650 -0.735983 0.106061 0.661472
1753905433.144408 16599951.954802 4834027.062952 -102470536.924912 -0.097650 -0.735983 0.106061 0.661472
1753905433.149408 16599951.954802 4834027.062952 -102470536.924912 -0.097650 -0.735983 0.106061 0.661472
1753905433.154408 16599951.955339 4834027.062426 -102470536.925789 -0.094701 -0.718853 0.104264 0.680743
1753905433.159409 16599951.955339 4834027.062426 -102470536.925789 -0.094701 -0.718853 0.104264 0.680743
1753905433.164408 16599951.955339 4834027.062426 -102470536.925789 -0.094701 -0.718853 0.104264 0.680743
1753905433.169408 16599951.955339 4834027.062426 -102470536.925789 -0.094701 -0.718853 0.104264 0.680743
1753905433.174409 16599951.955339 4834027.062426 -102470536.925789 -0.094701 -0.718853 0.104264 0.680743
1753905433.179409 16599951.955339 4834027.062426 -102470536.925789 -0.094701 -0.718853 0.104264 0.680743
1753905433.184408 16599951.955339 4834027.062426 -102470536.925789 -0.094701 -0.718853 0.104264 0.680743
1753905433.189409 16599951.955701 4834027.062300 -102470536.926097 -0.093487 -0.710648 0.103199 0.689629
1753905433.194409 16599951.955701 4834027.062300 -102470536.926097 -0.093487 -0.710648 0.103199 0.689629
1753905433.199409 16599951.955701 4834027.062300 -102470536.926097 -0.093487 -0.710648 0.103199 0.689629
1753905433.204409 16599951.955701 4834027.062300 -102470536.926097 -0.093487 -0.710648 0.103199 0.689629
1753905433.209409 16599951.955701 4834027.062300 -102470536.926097 -0.093487 -0.710648 0.103199 0.689629
1753905433.214409 16599951.955701 4834027.062300 -102470536.926097 -0.093487 -0.710648 0.103199 0.689629
1753905433.219408 16599951.955701 4834027.062300 -102470536.926097 -0.093487 -0.710648 0.103199 0.689629
1753905433.224409 16599951.955701 4834027.062300 -102470536.926097 -0.093487 -0.710648 0.103199 0.689629
1753905433.229409 16599951.955701 4834027.062300 -102470536.926097 -0.093487 -0.710648 0.103199 0.689629
1753905433.234408 16599951.955701 4834027.062300 -102470536.926097 -0.093487 -0.710648 0.103199 0.689629
1753905433.239409 16599951.955701 4834027.062300 -102470536.926097 -0.093487 -0.710648 0.103199 0.689629
1753905433.244409 16599951.955701 4834027.062300 -102470536.926097 -0.093487 -0.710648 0.103199 0.689629
1753905433.249409 16599951.955701 4834027.062300 -102470536.926097 -0.093487 -0.710648 0.103199 0.689629
1753905433.254409 16599951.955479 4834027.062545 -102470536.926833 -0.091253 -0.694964 0.100530 0.706110
1753905433.259409 16599951.955479 4834027.062545 -102470536.926833 -0.091253 -0.694964 0.100530 0.706110
1753905433.264409 16599951.955479 4834027.062545 -102470536.926833 -0.091253 -0.694964 0.100530 0.706110
1753905433.269410 16599951.955479 4834027.062545 -102470536.926833 -0.091253 -0.694964 0.100530 0.706110
1753905433.274409 16599951.955479 4834027.062545 -102470536.926833 -0.091253 -0.694964 0.100530 0.706110
1753905433.279410 16599951.955479 4834027.062545 -102470536.926833 -0.091253 -0.694964 0.100530 0.706110
1753905433.284410 16599951.955479 4834027.062545 -102470536.926833 -0.091253 -0.694964 0.100530 0.706110
1753905433.289410 16599951.955479 4834027.062545 -102470536.926833 -0.091253 -0.694964 0.100530 0.706110
1753905433.294411 16599951.955479 4834027.062545 -102470536.926833 -0.091253 -0.694964 0.100530 0.706110
1753905433.299411 16599951.955479 4834027.062545 -102470536.926833 -0.091253 -0.694964 0.100530 0.706110
1753905433.304412 16599951.955479 4834027.062545 -102470536.926833 -0.091253 -0.694964 0.100530 0.706110
1753905433.309411 16599951.955479 4834027.062545 -102470536.926833 -0.091253 -0.694964 0.100530 0.706110
1753905433.314412 16599951.955479 4834027.062545 -102470536.926833 -0.091253 -0.694964 0.100530 0.706110
1753905433.319412 16599951.955479 4834027.062545 -102470536.926833 -0.091253 -0.694964 0.100530 0.706110
1753905433.324412 16599951.955860 4834027.061623 -102470536.939916 -0.089273 -0.678933 0.099041 0.721991
1753905433.329413 16599951.955860 4834027.061623 -102470536.939916 -0.089273 -0.678933 0.099041 0.721991
1753905433.334414 16599951.955860 4834027.061623 -102470536.939916 -0.089273 -0.678933 0.099041 0.721991
1753905433.339414 16599951.955860 4834027.061623 -102470536.939916 -0.089273 -0.678933 0.099041 0.721991
1753905433.344414 16599951.955860 4834027.061623 -102470536.939916 -0.089273 -0.678933 0.099041 0.721991
1753905433.349414 16599951.955860 4834027.061623 -102470536.939916 -0.089273 -0.678933 0.099041 0.721991
1753905433.354415 16599951.954721 4834027.061860 -102470536.940406 -0.089453 -0.671369 0.097561 0.729208
1753905433.359416 16599951.954721 4834027.061860 -102470536.940406 -0.089453 -0.671369 0.097561 0.729208
1753905433.364415 16599951.954721 4834027.061860 -102470536.940406 -0.089453 -0.671369 0.097561 0.729208
1753905433.369416 16599951.954721 4834027.061860 -102470536.940406 -0.089453 -0.671369 0.097561 0.729208
1753905433.374416 16599951.954721 4834027.061860 -102470536.940406 -0.089453 -0.671369 0.097561 0.729208
1753905433.379416 16599951.954721 4834027.061860 -102470536.940406 -0.089453 -0.671369 0.097561 0.729208
1753905433.384417 16599951.954721 4834027.061860 -102470536.940406 -0.089453 -0.671369 0.097561 0.729208
1753905433.389417 16599951.954721 4834027.061860 -102470536.940406 -0.089453 -0.671369 0.097561 0.729208
1753905433.394417 16599951.954721 4834027.061860 -102470536.940406 -0.089453 -0.671369 0.097561 0.729208
1753905433.399417 16599951.954721 4834027.061860 -102470536.940406 -0.089453 -0.671369 0.097561 0.729208
1753905433.404418 16599951.954721 4834027.061860 -102470536.940406 -0.089453 -0.671369 0.097561 0.729208
1753905433.409419 16599951.954721 4834027.061860 -102470536.940406 -0.089453 -0.671369 0.097561 0.729208
1753905433.414418 16599951.954721 4834027.061860 -102470536.940406 -0.089453 -0.671369 0.097561 0.729208
1753905433.419419 16599951.954721 4834027.061860 -102470536.940406 -0.089453 -0.671369 0.097561 0.729208
1753905433.424419 16599951.950802 4834027.061342 -102470536.956724 -0.090070 -0.652843 0.095010 0.746094
1753905433.429420 16599951.950802 4834027.061342 -102470536.956724 -0.090070 -0.652843 0.095010 0.746094
1753905433.434419 16599951.950802 4834027.061342 -102470536.956724 -0.090070 -0.652843 0.095010 0.746094
1753905433.439420 16599951.950802 4834027.061342 -102470536.956724 -0.090070 -0.652843 0.095010 0.746094
1753905433.444421 16599951.950802 4834027.061342 -102470536.956724 -0.090070 -0.652843 0.095010 0.746094
1753905433.449421 16599951.950802 4834027.061342 -102470536.956724 -0.090070 -0.652843 0.095010 0.746094
1753905433.454421 16599951.950802 4834027.061342 -102470536.956724 -0.090070 -0.652843 0.095010 0.746094
1753905433.459421 16599951.950802 4834027.061342 -102470536.956724 -0.090070 -0.652843 0.095010 0.746094
1753905433.464422 16599951.950802 4834027.061342 -102470536.956724 -0.090070 -0.652843 0.095010 0.746094
1753905433.469421 16599951.950802 4834027.061342 -102470536.956724 -0.090070 -0.652843 0.095010 0.746094
1753905433.474422 16599951.950802 4834027.061342 -102470536.956724 -0.090070 -0.652843 0.095010 0.746094
1753905433.479423 16599951.950802 4834027.061342 -102470536.956724 -0.090070 -0.652843 0.095010 0.746094
1753905433.484423 16599951.950802 4834027.061342 -102470536.956724 -0.090070 -0.652843 0.095010 0.746094
1753905433.489423 16599951.949640 4834027.062694 -102470536.968170 -0.090126 -0.635055 0.092760 0.761563
1753905433.494423 16599951.949640 4834027.062694 -102470536.968170 -0.090126 -0.635055 0.092760 0.761563
1753905433.499424 16599951.949640 4834027.062694 -102470536.968170 -0.090126 -0.635055 0.092760 0.761563
1753905433.504423 16599951.949640 4834027.062694 -102470536.968170 -0.090126 -0.635055 0.092760 0.761563
1753905433.509424 16599951.949640 4834027.062694 -102470536.968170 -0.090126 -0.635055 0.092760 0.761563
1753905433.514425 16599951.949640 4834027.062694 -102470536.968170 -0.090126 -0.635055 0.092760 0.761563
1753905433.519425 16599951.949640 4834027.062694 -102470536.968170 -0.090126 -0.635055 0.092760 0.761563
1753905433.524425 16599951.949640 4834027.062694 -102470536.968170 -0.090126 -0.635055 0.092760 0.761563
1753905433.529425 16599951.949640 4834027.062694 -102470536.968170 -0.090126 -0.635055 0.092760 0.761563
1753905433.534426 16599951.949640 4834027.062694 -102470536.968170 -0.090126 -0.635055 0.092760 0.761563
1753905433.539425 16599951.949640 4834027.062694 -102470536.968170 -0.090126 -0.635055 0.092760 0.761563
1753905433.544426 16599951.949640 4834027.062694 -102470536.968170 -0.090126 -0.635055 0.092760 0.761563
1753905433.549426 16599951.949640 4834027.062694 -102470536.968170 -0.090126 -0.635055 0.092760 0.761563
1753905433.554427 16599951.952643 4834027.057996 -102470536.964524 -0.090035 -0.619672 0.088992 0.774584
1753905433.559427 16599951.952643 4834027.057996 -102470536.964524 -0.090035 -0.619672 0.088992 0.774584
1753905433.564427 16599951.952643 4834027.057996 -102470536.964524 -0.090035 -0.619672 0.088992 0.774584
1753905433.569428 16599951.952643 4834027.057996 -102470536.964524 -0.090035 -0.619672 0.088992 0.774584
1753905433.574428 16599951.952643 4834027.057996 -102470536.964524 -0.090035 -0.619672 0.088992 0.774584
1753905433.579428 16599951.952643 4834027.057996 -102470536.964524 -0.090035 -0.619672 0.088992 0.774584
1753905433.584428 16599951.952643 4834027.057996 -102470536.964524 -0.090035 -0.619672 0.088992 0.774584
1753905433.589429 16599951.952643 4834027.057996 -102470536.964524 -0.090035 -0.619672 0.088992 0.774584
1753905433.594428 16599951.952643 4834027.057996 -102470536.964524 -0.090035 -0.619672 0.088992 0.774584
1753905433.599429 16599951.952643 4834027.057996 -102470536.964524 -0.090035 -0.619672 0.088992 0.774584
1753905433.604429 16599951.952643 4834027.057996 -102470536.964524 -0.090035 -0.619672 0.088992 0.774584
1753905433.609430 16599951.952643 4834027.057996 -102470536.964524 -0.090035 -0.619672 0.088992 0.774584
1753905433.614429 16599951.952643 4834027.057996 -102470536.964524 -0.090035 -0.619672 0.088992 0.774584
1753905433.619430 16599951.952643 4834027.057996 -102470536.964524 -0.090035 -0.619672 0.088992 0.774584
1753905433.624431 16599951.953938 4834027.056701 -102470536.966399 -0.088108 -0.603580 0.083105 0.788049
1753905433.629430 16599951.953938 4834027.056701 -102470536.966399 -0.088108 -0.603580 0.083105 0.788049
1753905433.634431 16599951.953938 4834027.056701 -102470536.966399 -0.088108 -0.603580 0.083105 0.788049
1753905433.639431 16599951.953938 4834027.056701 -102470536.966399 -0.088108 -0.603580 0.083105 0.788049
1753905433.644431 16599951.953938 4834027.056701 -102470536.966399 -0.088108 -0.603580 0.083105 0.788049
1753905433.649431 16599951.953938 4834027.056701 -102470536.966399 -0.088108 -0.603580 0.083105 0.788049
1753905433.654432 16599951.954320 4834027.056476 -102470536.967393 -0.087315 -0.595634 0.080662 0.794412
1753905433.659432 16599951.954320 4834027.056476 -102470536.967393 -0.087315 -0.595634 0.080662 0.794412
1753905433.664432 16599951.954320 4834027.056476 -102470536.967393 -0.087315 -0.595634 0.080662 0.794412
1753905433.669432 16599951.954320 4834027.056476 -102470536.967393 -0.087315 -0.595634 0.080662 0.794412
1753905433.674433 16599951.954320 4834027.056476 -102470536.967393 -0.087315 -0.595634 0.080662 0.794412
1753905433.679434 16599951.954320 4834027.056476 -102470536.967393 -0.087315 -0.595634 0.080662 0.794412
1753905433.684433 16599951.954320 4834027.056476 -102470536.967393 -0.087315 -0.595634 0.080662 0.794412
1753905433.689433 16599951.954320 4834027.056476 -102470536.967393 -0.087315 -0.595634 0.080662 0.794412
1753905433.694434 16599951.954320 4834027.056476 -102470536.967393 -0.087315 -0.595634 0.080662 0.794412
1753905433.699434 16599951.954320 4834027.056476 -102470536.967393 -0.087315 -0.595634 0.080662 0.794412
1753905433.704434 16599951.954320 4834027.056476 -102470536.967393 -0.087315 -0.595634 0.080662 0.794412
1753905433.709434 16599951.954320 4834027.056476 -102470536.967393 -0.087315 -0.595634 0.080662 0.794412
1753905433.714435 16599951.954320 4834027.056476 -102470536.967393 -0.087315 -0.595634 0.080662 0.794412
1753905433.719434 16599951.954320 4834027.056476 -102470536.967393 -0.087315 -0.595634 0.080662 0.794412
1753905433.724435 16599951.956059 4834027.054744 -102470536.982263 -0.085686 -0.577585 0.077353 0.808127
1753905433.729435 16599951.956059 4834027.054744 -102470536.982263 -0.085686 -0.577585 0.077353 0.808127
1753905433.734435 16599951.956059 4834027.054744 -102470536.982263 -0.085686 -0.577585 0.077353 0.808127
1753905433.739435 16599951.956059 4834027.054744 -102470536.982263 -0.085686 -0.577585 0.077353 0.808127
1753905433.744436 16599951.956059 4834027.054744 -102470536.982263 -0.085686 -0.577585 0.077353 0.808127
1753905433.749436 16599951.956059 4834027.054744 -102470536.982263 -0.085686 -0.577585 0.077353 0.808127
1753905433.754380 16599951.954799 4834027.055389 -102470536.982447 -0.084428 -0.568910 0.075386 0.814574
1753905433.754436 16599951.954799 4834027.055389 -102470536.982447 -0.084428 -0.568910 0.075386 0.814574
1753905433.759436 16599951.954799 4834027.055389 -102470536.982447 -0.084428 -0.568910 0.075386 0.814574
1753905433.764437 16599951.954799 4834027.055389 -102470536.982447 -0.084428 -0.568910 0.075386 0.814574
1753905433.769437 16599951.954799 4834027.055389 -102470536.982447 -0.084428 -0.568910 0.075386 0.814574
1753905433.774437 16599951.954799 4834027.055389 -102470536.982447 -0.084428 -0.568910 0.075386 0.814574
1753905433.779437 16599951.954799 4834027.055389 -102470536.982447 -0.084428 -0.568910 0.075386 0.814574
1753905433.784438 16599951.954799 4834027.055389 -102470536.982447 -0.084428 -0.568910 0.075386 0.814574
1753905433.789437 16599951.954799 4834027.055389 -102470536.982447 -0.084428 -0.568910 0.075386 0.814574
1753905433.794438 16599951.954799 4834027.055389 -102470536.982447 -0.084428 -0.568910 0.075386 0.814574
1753905433.799438 16599951.954799 4834027.055389 -102470536.982447 -0.084428 -0.568910 0.075386 0.814574
1753905433.804438 16599951.954799 4834027.055389 -102470536.982447 -0.084428 -0.568910 0.075386 0.814574
1753905433.809438 16599951.954799 4834027.055389 -102470536.982447 -0.084428 -0.568910 0.075386 0.814574
1753905433.814439 16599951.954799 4834027.055389 -102470536.982447 -0.084428 -0.568910 0.075386 0.814574
1753905433.819439 16599951.954799 4834027.055389 -102470536.982447 -0.084428 -0.568910 0.075386 0.814574
1753905433.824439 16599951.953005 4834027.055927 -102470536.984375 -0.082168 -0.552884 0.072150 0.826052
1753905433.829439 16599951.953005 4834027.055927 -102470536.984375 -0.082168 -0.552884 0.072150 0.826052
1753905433.834440 16599951.953005 4834027.055927 -102470536.984375 -0.082168 -0.552884 0.072150 0.826052
1753905433.839439 16599951.953005 4834027.055927 -102470536.984375 -0.082168 -0.552884 0.072150 0.826052
1753905433.844440 16599951.953005 4834027.055927 -102470536.984375 -0.082168 -0.552884 0.072150 0.826052
1753905433.849440 16599951.953005 4834027.055927 -102470536.984375 -0.082168 -0.552884 0.072150 0.826052
1753905433.854440 16599951.953005 4834027.055927 -102470536.984375 -0.082168 -0.552884 0.072150 0.826052
1753905433.859440 16599951.953005 4834027.055927 -102470536.984375 -0.082168 -0.552884 0.072150 0.826052
1753905433.864440 16599951.953005 4834027.055927 -102470536.984375 -0.082168 -0.552884 0.072150 0.826052
1753905433.869441 16599951.953005 4834027.055927 -102470536.984375 -0.082168 -0.552884 0.072150 0.826052
1753905433.874441 16599951.953005 4834027.055927 -102470536.984375 -0.082168 -0.552884 0.072150 0.826052
1753905433.879441 16599951.953005 4834027.055927 -102470536.984375 -0.082168 -0.552884 0.072150 0.826052
1753905433.884441 16599951.953005 4834027.055927 -102470536.984375 -0.082168 -0.552884 0.072150 0.826052
1753905433.889441 16599951.948775 4834027.061627 -102470536.984631 -0.081271 -0.538883 0.070176 0.835509
1753905433.894441 16599951.948775 4834027.061627 -102470536.984631 -0.081271 -0.538883 0.070176 0.835509
1753905433.899442 16599951.948775 4834027.061627 -102470536.984631 -0.081271 -0.538883 0.070176 0.835509
1753905433.904442 16599951.948775 4834027.061627 -102470536.984631 -0.081271 -0.538883 0.070176 0.835509
1753905433.909441 16599951.948775 4834027.061627 -102470536.984631 -0.081271 -0.538883 0.070176 0.835509
1753905433.914442 16599951.948775 4834027.061627 -102470536.984631 -0.081271 -0.538883 0.070176 0.835509
1753905433.919442 16599951.948775 4834027.061627 -102470536.984631 -0.081271 -0.538883 0.070176 0.835509
1753905433.924443 16599951.948196 4834027.059870 -102470537.001118 -0.080834 -0.530095 0.070379 0.841137
1753905433.929442 16599951.948196 4834027.059870 -102470537.001118 -0.080834 -0.530095 0.070379 0.841137
1753905433.934443 16599951.948196 4834027.059870 -102470537.001118 -0.080834 -0.530095 0.070379 0.841137
1753905433.939443 16599951.948196 4834027.059870 -102470537.001118 -0.080834 -0.530095 0.070379 0.841137
1753905433.944443 16599951.948196 4834027.059870 -102470537.001118 -0.080834 -0.530095 0.070379 0.841137
1753905433.949443 16599951.948196 4834027.059870 -102470537.001118 -0.080834 -0.530095 0.070379 0.841137
1753905433.954443 16599951.948196 4834027.059870 -102470537.001118 -0.080834 -0.530095 0.070379 0.841137
1753905433.959444 16599951.948196 4834027.059870 -102470537.001118 -0.080834 -0.530095 0.070379 0.841137
1753905433.964443 16599951.948196 4834027.059870 -102470537.001118 -0.080834 -0.530095 0.070379 0.841137
1753905433.969444 16599951.948196 4834027.059870 -102470537.001118 -0.080834 -0.530095 0.070379 0.841137
1753905433.974444 16599951.948196 4834027.059870 -102470537.001118 -0.080834 -0.530095 0.070379 0.841137
1753905433.979445 16599951.948196 4834027.059870 -102470537.001118 -0.080834 -0.530095 0.070379 0.841137
1753905433.984444 16599951.948196 4834027.059870 -102470537.001118 -0.080834 -0.530095 0.070379 0.841137
1753905433.989444 16599951.945853 4834027.061827 -102470536.998037 -0.078704 -0.510801 0.068400 0.853352
1753905433.994445 16599951.945853 4834027.061827 -102470536.998037 -0.078704 -0.510801 0.068400 0.853352
1753905433.999444 16599951.945853 4834027.061827 -102470536.998037 -0.078704 -0.510801 0.068400 0.853352
1753905434.004445 16599951.945853 4834027.061827 -102470536.998037 -0.078704 -0.510801 0.068400 0.853352
1753905434.009445 16599951.945853 4834027.061827 -102470536.998037 -0.078704 -0.510801 0.068400 0.853352
1753905434.014446 16599951.945853 4834027.061827 -102470536.998037 -0.078704 -0.510801 0.068400 0.853352
1753905434.019445 16599951.945853 4834027.061827 -102470536.998037 -0.078704 -0.510801 0.068400 0.853352
1753905434.024446 16599951.945853 4834027.061827 -102470536.998037 -0.078704 -0.510801 0.068400 0.853352
1753905434.029446 16599951.945853 4834027.061827 -102470536.998037 -0.078704 -0.510801 0.068400 0.853352
1753905434.034446 16599951.945853 4834027.061827 -102470536.998037 -0.078704 -0.510801 0.068400 0.853352
1753905434.039446 16599951.945853 4834027.061827 -102470536.998037 -0.078704 -0.510801 0.068400 0.853352
1753905434.044446 16599951.945853 4834027.061827 -102470536.998037 -0.078704 -0.510801 0.068400 0.853352
1753905434.049447 16599951.945853 4834027.061827 -102470536.998037 -0.078704 -0.510801 0.068400 0.853352
1753905434.054446 16599951.941706 4834027.062938 -102470537.004311 -0.075361 -0.482116 0.065064 0.870432
1753905434.059447 16599951.941706 4834027.062938 -102470537.004311 -0.075361 -0.482116 0.065064 0.870432
1753905434.064447 16599951.941706 4834027.062938 -102470537.004311 -0.075361 -0.482116 0.065064 0.870432
1753905434.069447 16599951.941706 4834027.062938 -102470537.004311 -0.075361 -0.482116 0.065064 0.870432
1753905434.074447 16599951.941706 4834027.062938 -102470537.004311 -0.075361 -0.482116 0.065064 0.870432
1753905434.079447 16599951.941706 4834027.062938 -102470537.004311 -0.075361 -0.482116 0.065064 0.870432
1753905434.084447 16599951.941706 4834027.062938 -102470537.004311 -0.075361 -0.482116 0.065064 0.870432
1753905434.089448 16599951.938750 4834027.063283 -102470537.017540 -0.073805 -0.464510 0.061909 0.880313
1753905434.094448 16599951.938750 4834027.063283 -102470537.017540 -0.073805 -0.464510 0.061909 0.880313
1753905434.099448 16599951.938750 4834027.063283 -102470537.017540 -0.073805 -0.464510 0.061909 0.880313
1753905434.104448 16599951.938750 4834027.063283 -102470537.017540 -0.073805 -0.464510 0.061909 0.880313
1753905434.109447 16599951.938750 4834027.063283 -102470537.017540 -0.073805 -0.464510 0.061909 0.880313
1753905434.114448 16599951.938750 4834027.063283 -102470537.017540 -0.073805 -0.464510 0.061909 0.880313
1753905434.119449 16599951.938750 4834027.063283 -102470537.017540 -0.073805 -0.464510 0.061909 0.880313
1753905434.124449 16599951.938750 4834027.063283 -102470537.017540 -0.073805 -0.464510 0.061909 0.880313
1753905434.129448 16599951.938750 4834027.063283 -102470537.017540 -0.073805 -0.464510 0.061909 0.880313
1753905434.134448 16599951.938750 4834027.063283 -102470537.017540 -0.073805 -0.464510 0.061909 0.880313
1753905434.139449 16599951.938750 4834027.063283 -102470537.017540 -0.073805 -0.464510 0.061909 0.880313
1753905434.144448 16599951.938750 4834027.063283 -102470537.017540 -0.073805 -0.464510 0.061909 0.880313
1753905434.149449 16599951.938750 4834027.063283 -102470537.017540 -0.073805 -0.464510 0.061909 0.880313
1753905434.154449 16599951.935459 4834027.064804 -102470537.024954 -0.066263 -0.430289 0.054998 0.898574
1753905434.159449 16599951.935459 4834027.064804 -102470537.024954 -0.066263 -0.430289 0.054998 0.898574
1753905434.164449 16599951.935459 4834027.064804 -102470537.024954 -0.066263 -0.430289 0.054998 0.898574
1753905434.169449 16599951.935459 4834027.064804 -102470537.024954 -0.066263 -0.430289 0.054998 0.898574
1753905434.174450 16599951.935459 4834027.064804 -102470537.024954 -0.066263 -0.430289 0.054998 0.898574
1753905434.179450 16599951.935459 4834027.064804 -102470537.024954 -0.066263 -0.430289 0.054998 0.898574
1753905434.184449 16599951.935459 4834027.064804 -102470537.024954 -0.066263 -0.430289 0.054998 0.898574
1753905434.189450 16599951.935459 4834027.064804 -102470537.024954 -0.066263 -0.430289 0.054998 0.898574
1753905434.194449 16599951.935459 4834027.064804 -102470537.024954 -0.066263 -0.430289 0.054998 0.898574
1753905434.199449 16599951.935459 4834027.064804 -102470537.024954 -0.066263 -0.430289 0.054998 0.898574
1753905434.204450 16599951.935459 4834027.064804 -102470537.024954 -0.066263 -0.430289 0.054998 0.898574
1753905434.209450 16599951.935459 4834027.064804 -102470537.024954 -0.066263 -0.430289 0.054998 0.898574
1753905434.214450 16599951.935459 4834027.064804 -102470537.024954 -0.066263 -0.430289 0.054998 0.898574
1753905434.219450 16599951.935459 4834027.064804 -102470537.024954 -0.066263 -0.430289 0.054998 0.898574
1753905434.224451 16599951.931773 4834027.064892 -102470537.024733 -0.058480 -0.398033 0.051121 0.914077
1753905434.229451 16599951.931773 4834027.064892 -102470537.024733 -0.058480 -0.398033 0.051121 0.914077
1753905434.234450 16599951.931773 4834027.064892 -102470537.024733 -0.058480 -0.398033 0.051121 0.914077
1753905434.239450 16599951.931773 4834027.064892 -102470537.024733 -0.058480 -0.398033 0.051121 0.914077
1753905434.244451 16599951.931773 4834027.064892 -102470537.024733 -0.058480 -0.398033 0.051121 0.914077
1753905434.249450 16599951.931773 4834027.064892 -102470537.024733 -0.058480 -0.398033 0.051121 0.914077
1753905434.254451 16599951.927711 4834027.065796 -102470537.030051 -0.056068 -0.382723 0.048707 0.920873
1753905434.259451 16599951.927711 4834027.065796 -102470537.030051 -0.056068 -0.382723 0.048707 0.920873
1753905434.264451 16599951.927711 4834027.065796 -102470537.030051 -0.056068 -0.382723 0.048707 0.920873
1753905434.269451 16599951.927711 4834027.065796 -102470537.030051 -0.056068 -0.382723 0.048707 0.920873
1753905434.274451 16599951.927711 4834027.065796 -102470537.030051 -0.056068 -0.382723 0.048707 0.920873
1753905434.279452 16599951.927711 4834027.065796 -102470537.030051 -0.056068 -0.382723 0.048707 0.920873
1753905434.284452 16599951.927711 4834027.065796 -102470537.030051 -0.056068 -0.382723 0.048707 0.920873
1753905434.289452 16599951.927711 4834027.065796 -102470537.030051 -0.056068 -0.382723 0.048707 0.920873
1753905434.294453 16599951.927711 4834027.065796 -102470537.030051 -0.056068 -0.382723 0.048707 0.920873
1753905434.299453 16599951.927711 4834027.065796 -102470537.030051 -0.056068 -0.382723 0.048707 0.920873
1753905434.304453 16599951.927711 4834027.065796 -102470537.030051 -0.056068 -0.382723 0.048707 0.920873
1753905434.309453 16599951.927711 4834027.065796 -102470537.030051 -0.056068 -0.382723 0.048707 0.920873
1753905434.314454 16599951.927711 4834027.065796 -102470537.030051 -0.056068 -0.382723 0.048707 0.920873
1753905434.319455 16599951.927711 4834027.065796 -102470537.030051 -0.056068 -0.382723 0.048707 0.920873
1753905434.324454 16599951.922342 4834027.067444 -102470537.038337 -0.051972 -0.355083 0.046496 0.932230
1753905434.329455 16599951.922342 4834027.067444 -102470537.038337 -0.051972 -0.355083 0.046496 0.932230
1753905434.334456 16599951.922342 4834027.067444 -102470537.038337 -0.051972 -0.355083 0.046496 0.932230
1753905434.339455 16599951.922342 4834027.067444 -102470537.038337 -0.051972 -0.355083 0.046496 0.932230
1753905434.344456 16599951.922342 4834027.067444 -102470537.038337 -0.051972 -0.355083 0.046496 0.932230
1753905434.349457 16599951.922342 4834027.067444 -102470537.038337 -0.051972 -0.355083 0.046496 0.932230
1753905434.354456 16599951.919295 4834027.068216 -102470537.043173 -0.050238 -0.342517 0.045335 0.937072
1753905434.359457 16599951.919295 4834027.068216 -102470537.043173 -0.050238 -0.342517 0.045335 0.937072
1753905434.364457 16599951.919295 4834027.068216 -102470537.043173 -0.050238 -0.342517 0.045335 0.937072
1753905434.369458 16599951.919295 4834027.068216 -102470537.043173 -0.050238 -0.342517 0.045335 0.937072
1753905434.374458 16599951.919295 4834027.068216 -102470537.043173 -0.050238 -0.342517 0.045335 0.937072
1753905434.379458 16599951.919295 4834027.068216 -102470537.043173 -0.050238 -0.342517 0.045335 0.937072
1753905434.384459 16599951.919295 4834027.068216 -102470537.043173 -0.050238 -0.342517 0.045335 0.937072
1753905434.389459 16599951.919295 4834027.068216 -102470537.043173 -0.050238 -0.342517 0.045335 0.937072
1753905434.394459 16599951.919295 4834027.068216 -102470537.043173 -0.050238 -0.342517 0.045335 0.937072
1753905434.399460 16599951.919295 4834027.068216 -102470537.043173 -0.050238 -0.342517 0.045335 0.937072
1753905434.404460 16599951.919295 4834027.068216 -102470537.043173 -0.050238 -0.342517 0.045335 0.937072
1753905434.409460 16599951.919295 4834027.068216 -102470537.043173 -0.050238 -0.342517 0.045335 0.937072
1753905434.414460 16599951.919295 4834027.068216 -102470537.043173 -0.050238 -0.342517 0.045335 0.937072
1753905434.419461 16599951.919295 4834027.068216 -102470537.043173 -0.050238 -0.342517 0.045335 0.937072
1753905434.424462 16599951.911843 4834027.072074 -102470537.048696 -0.046443 -0.317263 0.039966 0.946356
1753905434.429461 16599951.911843 4834027.072074 -102470537.048696 -0.046443 -0.317263 0.039966 0.946356
1753905434.434462 16599951.911843 4834027.072074 -102470537.048696 -0.046443 -0.317263 0.039966 0.946356
1753905434.439462 16599951.911843 4834027.072074 -102470537.048696 -0.046443 -0.317263 0.039966 0.946356
1753905434.444463 16599951.911843 4834027.072074 -102470537.048696 -0.046443 -0.317263 0.039966 0.946356
1753905434.449462 16599951.911843 4834027.072074 -102470537.048696 -0.046443 -0.317263 0.039966 0.946356
1753905434.454463 16599951.911843 4834027.072074 -102470537.048696 -0.046443 -0.317263 0.039966 0.946356
1753905434.459464 16599951.911843 4834027.072074 -102470537.048696 -0.046443 -0.317263 0.039966 0.946356
1753905434.464463 16599951.911843 4834027.072074 -102470537.048696 -0.046443 -0.317263 0.039966 0.946356
1753905434.469464 16599951.911843 4834027.072074 -102470537.048696 -0.046443 -0.317263 0.039966 0.946356
1753905434.474464 16599951.911843 4834027.072074 -102470537.048696 -0.046443 -0.317263 0.039966 0.946356
1753905434.479465 16599951.911843 4834027.072074 -102470537.048696 -0.046443 -0.317263 0.039966 0.946356
1753905434.484465 16599951.911843 4834027.072074 -102470537.048696 -0.046443 -0.317263 0.039966 0.946356
1753905434.489465 16599951.907815 4834027.072478 -102470537.060663 -0.044019 -0.287988 0.033387 0.956039
1753905434.494466 16599951.907815 4834027.072478 -102470537.060663 -0.044019 -0.287988 0.033387 0.956039
1753905434.499465 16599951.907815 4834027.072478 -102470537.060663 -0.044019 -0.287988 0.033387 0.956039
1753905434.504466 16599951.907815 4834027.072478 -102470537.060663 -0.044019 -0.287988 0.033387 0.956039
1753905434.509467 16599951.907815 4834027.072478 -102470537.060663 -0.044019 -0.287988 0.033387 0.956039
1753905434.514467 16599951.907815 4834027.072478 -102470537.060663 -0.044019 -0.287988 0.033387 0.956039
1753905434.519467 16599951.907815 4834027.072478 -102470537.060663 -0.044019 -0.287988 0.033387 0.956039
1753905434.524467 16599951.905710 4834027.072345 -102470537.066406 -0.043695 -0.272656 0.030452 0.960636
1753905434.529468 16599951.905710 4834027.072345 -102470537.066406 -0.043695 -0.272656 0.030452 0.960636
1753905434.534469 16599951.905710 4834027.072345 -102470537.066406 -0.043695 -0.272656 0.030452 0.960636
1753905434.539468 16599951.905710 4834027.072345 -102470537.066406 -0.043695 -0.272656 0.030452 0.960636
1753905434.544469 16599951.905710 4834027.072345 -102470537.066406 -0.043695 -0.272656 0.030452 0.960636
1753905434.549469 16599951.905710 4834027.072345 -102470537.066406 -0.043695 -0.272656 0.030452 0.960636
1753905434.554469 16599951.905710 4834027.072345 -102470537.066406 -0.043695 -0.272656 0.030452 0.960636
1753905434.559469 16599951.905710 4834027.072345 -102470537.066406 -0.043695 -0.272656 0.030452 0.960636
1753905434.564470 16599951.905710 4834027.072345 -102470537.066406 -0.043695 -0.272656 0.030452 0.960636
1753905434.569470 16599951.905710 4834027.072345 -102470537.066406 -0.043695 -0.272656 0.030452 0.960636
1753905434.574470 16599951.905710 4834027.072345 -102470537.066406 -0.043695 -0.272656 0.030452 0.960636
1753905434.579471 16599951.905710 4834027.072345 -102470537.066406 -0.043695 -0.272656 0.030452 0.960636
1753905434.584471 16599951.905710 4834027.072345 -102470537.066406 -0.043695 -0.272656 0.030452 0.960636
1753905434.589471 16599951.899293 4834027.074767 -102470537.075266 -0.043840 -0.243442 0.025131 0.968598
1753905434.594471 16599951.899293 4834027.074767 -102470537.075266 -0.043840 -0.243442 0.025131 0.968598
1753905434.599472 16599951.899293 4834027.074767 -102470537.075266 -0.043840 -0.243442 0.025131 0.968598
1753905434.604472 16599951.899293 4834027.074767 -102470537.075266 -0.043840 -0.243442 0.025131 0.968598
1753905434.609472 16599951.899293 4834027.074767 -102470537.075266 -0.043840 -0.243442 0.025131 0.968598
1753905434.614472 16599951.899293 4834027.074767 -102470537.075266 -0.043840 -0.243442 0.025131 0.968598
1753905434.619473 16599951.899293 4834027.074767 -102470537.075266 -0.043840 -0.243442 0.025131 0.968598
1753905434.624473 16599951.899293 4834027.074767 -102470537.075266 -0.043840 -0.243442 0.025131 0.968598
1753905434.629473 16599951.899293 4834027.074767 -102470537.075266 -0.043840 -0.243442 0.025131 0.968598
1753905434.634474 16599951.899293 4834027.074767 -102470537.075266 -0.043840 -0.243442 0.025131 0.968598
1753905434.639474 16599951.899293 4834027.074767 -102470537.075266 -0.043840 -0.243442 0.025131 0.968598
1753905434.644474 16599951.899293 4834027.074767 -102470537.075266 -0.043840 -0.243442 0.025131 0.968598
1753905434.649474 16599951.899293 4834027.074767 -102470537.075266 -0.043840 -0.243442 0.025131 0.968598
1753905434.654475 16599951.892330 4834027.076981 -102470537.083895 -0.045321 -0.217601 0.021241 0.974754
1753905434.659476 16599951.892330 4834027.076981 -102470537.083895 -0.045321 -0.217601 0.021241 0.974754
1753905434.664475 16599951.892330 4834027.076981 -102470537.083895 -0.045321 -0.217601 0.021241 0.974754
1753905434.669475 16599951.892330 4834027.076981 -102470537.083895 -0.045321 -0.217601 0.021241 0.974754
1753905434.674476 16599951.892330 4834027.076981 -102470537.083895 -0.045321 -0.217601 0.021241 0.974754
1753905434.679476 16599951.892330 4834027.076981 -102470537.083895 -0.045321 -0.217601 0.021241 0.974754
1753905434.684476 16599951.892330 4834027.076981 -102470537.083895 -0.045321 -0.217601 0.021241 0.974754
1753905434.689476 16599951.892330 4834027.076981 -102470537.083895 -0.045321 -0.217601 0.021241 0.974754
1753905434.694477 16599951.892330 4834027.076981 -102470537.083895 -0.045321 -0.217601 0.021241 0.974754
1753905434.699476 16599951.892330 4834027.076981 -102470537.083895 -0.045321 -0.217601 0.021241 0.974754
1753905434.704477 16599951.892330 4834027.076981 -102470537.083895 -0.045321 -0.217601 0.021241 0.974754
1753905434.709478 16599951.892330 4834027.076981 -102470537.083895 -0.045321 -0.217601 0.021241 0.974754
1753905434.714477 16599951.892330 4834027.076981 -102470537.083895 -0.045321 -0.217601 0.021241 0.974754
1753905434.719478 16599951.892330 4834027.076981 -102470537.083895 -0.045321 -0.217601 0.021241 0.974754
1753905434.724478 16599951.886386 4834027.080236 -102470537.091670 -0.046962 -0.194131 0.016687 0.979709
1753905434.729479 16599951.886386 4834027.080236 -102470537.091670 -0.046962 -0.194131 0.016687 0.979709
1753905434.734478 16599951.886386 4834027.080236 -102470537.091670 -0.046962 -0.194131 0.016687 0.979709
1753905434.739479 16599951.886386 4834027.080236 -102470537.091670 -0.046962 -0.194131 0.016687 0.979709
1753905434.744479 16599951.886386 4834027.080236 -102470537.091670 -0.046962 -0.194131 0.016687 0.979709
1753905434.749479 16599951.886386 4834027.080236 -102470537.091670 -0.046962 -0.194131 0.016687 0.979709
1753905434.754479 16599951.886386 4834027.080236 -102470537.091670 -0.046962 -0.194131 0.016687 0.979709
1753905434.759480 16599951.886386 4834027.080236 -102470537.091670 -0.046962 -0.194131 0.016687 0.979709
1753905434.764480 16599951.886386 4834027.080236 -102470537.091670 -0.046962 -0.194131 0.016687 0.979709
1753905434.769480 16599951.886386 4834027.080236 -102470537.091670 -0.046962 -0.194131 0.016687 0.979709
1753905434.774480 16599951.886386 4834027.080236 -102470537.091670 -0.046962 -0.194131 0.016687 0.979709
1753905434.779481 16599951.886386 4834027.080236 -102470537.091670 -0.046962 -0.194131 0.016687 0.979709
1753905434.784480 16599951.886386 4834027.080236 -102470537.091670 -0.046962 -0.194131 0.016687 0.979709
1753905434.789481 16599951.881091 4834027.080639 -102470537.098317 -0.048454 -0.172478 0.010010 0.983770
1753905434.794481 16599951.881091 4834027.080639 -102470537.098317 -0.048454 -0.172478 0.010010 0.983770
1753905434.799482 16599951.881091 4834027.080639 -102470537.098317 -0.048454 -0.172478 0.010010 0.983770
1753905434.804481 16599951.881091 4834027.080639 -102470537.098317 -0.048454 -0.172478 0.010010 0.983770
1753905434.809482 16599951.881091 4834027.080639 -102470537.098317 -0.048454 -0.172478 0.010010 0.983770
1753905434.814482 16599951.881091 4834027.080639 -102470537.098317 -0.048454 -0.172478 0.010010 0.983770
1753905434.819482 16599951.881091 4834027.080639 -102470537.098317 -0.048454 -0.172478 0.010010 0.983770
1753905434.824482 16599951.877970 4834027.080668 -102470537.101251 -0.049031 -0.162134 0.006692 0.985527
1753905434.829483 16599951.877970 4834027.080668 -102470537.101251 -0.049031 -0.162134 0.006692 0.985527
1753905434.834483 16599951.877970 4834027.080668 -102470537.101251 -0.049031 -0.162134 0.006692 0.985527
1753905434.839483 16599951.877970 4834027.080668 -102470537.101251 -0.049031 -0.162134 0.006692 0.985527
1753905434.844483 16599951.877970 4834027.080668 -102470537.101251 -0.049031 -0.162134 0.006692 0.985527
1753905434.849483 16599951.877970 4834027.080668 -102470537.101251 -0.049031 -0.162134 0.006692 0.985527
1753905434.854484 16599951.877970 4834027.080668 -102470537.101251 -0.049031 -0.162134 0.006692 0.985527
1753905434.859484 16599951.877970 4834027.080668 -102470537.101251 -0.049031 -0.162134 0.006692 0.985527
1753905434.864484 16599951.877970 4834027.080668 -102470537.101251 -0.049031 -0.162134 0.006692 0.985527
1753905434.869485 16599951.877970 4834027.080668 -102470537.101251 -0.049031 -0.162134 0.006692 0.985527
1753905434.874484 16599951.877970 4834027.080668 -102470537.101251 -0.049031 -0.162134 0.006692 0.985527
1753905434.879485 16599951.877970 4834027.080668 -102470537.101251 -0.049031 -0.162134 0.006692 0.985527
1753905434.884485 16599951.877970 4834027.080668 -102470537.101251 -0.049031 -0.162134 0.006692 0.985527
1753905434.887733 16599951.874390 4834027.081788 -102470537.104696 -0.047206 -0.141391 0.002039 0.988825
1753905434.889485 16599951.874390 4834027.081788 -102470537.104696 -0.047206 -0.141391 0.002039 0.988825
1753905434.894485 16599951.874390 4834027.081788 -102470537.104696 -0.047206 -0.141391 0.002039 0.988825
1753905434.899486 16599951.874390 4834027.081788 -102470537.104696 -0.047206 -0.141391 0.002039 0.988825
1753905434.904486 16599951.874390 4834027.081788 -102470537.104696 -0.047206 -0.141391 0.002039 0.988825
1753905434.909485 16599951.874390 4834027.081788 -102470537.104696 -0.047206 -0.141391 0.002039 0.988825
1753905434.914486 16599951.874390 4834027.081788 -102470537.104696 -0.047206 -0.141391 0.002039 0.988825
1753905434.919486 16599951.874390 4834027.081788 -102470537.104696 -0.047206 -0.141391 0.002039 0.988825
1753905434.924486 16599951.874390 4834027.081788 -102470537.104696 -0.047206 -0.141391 0.002039 0.988825
1753905434.929486 16599951.874390 4834027.081788 -102470537.104696 -0.047206 -0.141391 0.002039 0.988825
1753905434.934487 16599951.874390 4834027.081788 -102470537.104696 -0.047206 -0.141391 0.002039 0.988825
1753905434.939487 16599951.874390 4834027.081788 -102470537.104696 -0.047206 -0.141391 0.002039 0.988825
1753905434.944487 16599951.874390 4834027.081788 -102470537.104696 -0.047206 -0.141391 0.002039 0.988825
1753905434.949487 16599951.874390 4834027.081788 -102470537.104696 -0.047206 -0.141391 0.002039 0.988825
1753905434.954488 16599951.875188 4834027.082482 -102470537.104954 -0.043424 -0.122099 0.000009 0.991567
1753905434.959488 16599951.875188 4834027.082482 -102470537.104954 -0.043424 -0.122099 0.000009 0.991567
1753905434.964487 16599951.875188 4834027.082482 -102470537.104954 -0.043424 -0.122099 0.000009 0.991567
1753905434.969488 16599951.875188 4834027.082482 -102470537.104954 -0.043424 -0.122099 0.000009 0.991567
1753905434.974488 16599951.875188 4834027.082482 -102470537.104954 -0.043424 -0.122099 0.000009 0.991567
1753905434.979488 16599951.875188 4834027.082482 -102470537.104954 -0.043424 -0.122099 0.000009 0.991567
1753905434.984488 16599951.875188 4834027.082482 -102470537.104954 -0.043424 -0.122099 0.000009 0.991567
1753905434.989489 16599951.870717 4834027.083432 -102470537.106316 -0.041823 -0.112716 -0.000290 0.992747
1753905434.994489 16599951.870717 4834027.083432 -102470537.106316 -0.041823 -0.112716 -0.000290 0.992747
1753905434.999489 16599951.870717 4834027.083432 -102470537.106316 -0.041823 -0.112716 -0.000290 0.992747
1753905435.004489 16599951.870717 4834027.083432 -102470537.106316 -0.041823 -0.112716 -0.000290 0.992747
1753905435.009489 16599951.870717 4834027.083432 -102470537.106316 -0.041823 -0.112716 -0.000290 0.992747
1753905435.014489 16599951.870717 4834027.083432 -102470537.106316 -0.041823 -0.112716 -0.000290 0.992747
1753905435.019490 16599951.870717 4834027.083432 -102470537.106316 -0.041823 -0.112716 -0.000290 0.992747
1753905435.024490 16599951.870717 4834027.083432 -102470537.106316 -0.041823 -0.112716 -0.000290 0.992747
1753905435.029490 16599951.870717 4834027.083432 -102470537.106316 -0.041823 -0.112716 -0.000290 0.992747
1753905435.034490 16599951.870717 4834027.083432 -102470537.106316 -0.041823 -0.112716 -0.000290 0.992747
1753905435.039490 16599951.870717 4834027.083432 -102470537.106316 -0.041823 -0.112716 -0.000290 0.992747
1753905435.044491 16599951.870717 4834027.083432 -102470537.106316 -0.041823 -0.112716 -0.000290 0.992747
1753905435.049490 16599951.870717 4834027.083432 -102470537.106316 -0.041823 -0.112716 -0.000290 0.992747
1753905435.054490 16599951.864236 4834027.085488 -102470537.107209 -0.038576 -0.095200 -0.000131 0.994710
1753905435.059491 16599951.864236 4834027.085488 -102470537.107209 -0.038576 -0.095200 -0.000131 0.994710
1753905435.064491 16599951.864236 4834027.085488 -102470537.107209 -0.038576 -0.095200 -0.000131 0.994710
1753905435.069491 16599951.864236 4834027.085488 -102470537.107209 -0.038576 -0.095200 -0.000131 0.994710
1753905435.074491 16599951.864236 4834027.085488 -102470537.107209 -0.038576 -0.095200 -0.000131 0.994710
1753905435.079491 16599951.864236 4834027.085488 -102470537.107209 -0.038576 -0.095200 -0.000131 0.994710
1753905435.084492 16599951.864236 4834027.085488 -102470537.107209 -0.038576 -0.095200 -0.000131 0.994710
1753905435.089491 16599951.864236 4834027.085488 -102470537.107209 -0.038576 -0.095200 -0.000131 0.994710
1753905435.094492 16599951.864236 4834027.085488 -102470537.107209 -0.038576 -0.095200 -0.000131 0.994710
1753905435.099492 16599951.864236 4834027.085488 -102470537.107209 -0.038576 -0.095200 -0.000131 0.994710
1753905435.104492 16599951.864236 4834027.085488 -102470537.107209 -0.038576 -0.095200 -0.000131 0.994710
1753905435.109492 16599951.864236 4834027.085488 -102470537.107209 -0.038576 -0.095200 -0.000131 0.994710
1753905435.114492 16599951.864236 4834027.085488 -102470537.107209 -0.038576 -0.095200 -0.000131 0.994710
1753905435.119492 16599951.864236 4834027.085488 -102470537.107209 -0.038576 -0.095200 -0.000131 0.994710
1753905435.124492 16599951.862731 4834027.086998 -102470537.107330 -0.034316 -0.076274 -0.001336 0.996495
1753905435.129493 16599951.862731 4834027.086998 -102470537.107330 -0.034316 -0.076274 -0.001336 0.996495
1753905435.134493 16599951.862731 4834027.086998 -102470537.107330 -0.034316 -0.076274 -0.001336 0.996495
1753905435.139492 16599951.862731 4834027.086998 -102470537.107330 -0.034316 -0.076274 -0.001336 0.996495
1753905435.144493 16599951.862731 4834027.086998 -102470537.107330 -0.034316 -0.076274 -0.001336 0.996495
1753905435.149493 16599951.862731 4834027.086998 -102470537.107330 -0.034316 -0.076274 -0.001336 0.996495
1753905435.154494 16599951.862731 4834027.086998 -102470537.107330 -0.034316 -0.076274 -0.001336 0.996495
1753905435.159493 16599951.862731 4834027.086998 -102470537.107330 -0.034316 -0.076274 -0.001336 0.996495
1753905435.164493 16599951.862731 4834027.086998 -102470537.107330 -0.034316 -0.076274 -0.001336 0.996495
1753905435.169494 16599951.862731 4834027.086998 -102470537.107330 -0.034316 -0.076274 -0.001336 0.996495
1753905435.174494 16599951.862731 4834027.086998 -102470537.107330 -0.034316 -0.076274 -0.001336 0.996495
1753905435.179494 16599951.862731 4834027.086998 -102470537.107330 -0.034316 -0.076274 -0.001336 0.996495
1753905435.184494 16599951.862731 4834027.086998 -102470537.107330 -0.034316 -0.076274 -0.001336 0.996495
1753905435.189494 16599951.862400 4834027.086619 -102470537.109394 -0.029015 -0.052894 -0.003933 0.998171
1753905435.194494 16599951.862400 4834027.086619 -102470537.109394 -0.029015 -0.052894 -0.003933 0.998171
1753905435.199494 16599951.862400 4834027.086619 -102470537.109394 -0.029015 -0.052894 -0.003933 0.998171
1753905435.204494 16599951.862400 4834027.086619 -102470537.109394 -0.029015 -0.052894 -0.003933 0.998171
1753905435.209494 16599951.862400 4834027.086619 -102470537.109394 -0.029015 -0.052894 -0.003933 0.998171
1753905435.214494 16599951.862400 4834027.086619 -102470537.109394 -0.029015 -0.052894 -0.003933 0.998171
1753905435.219495 16599951.862400 4834027.086619 -102470537.109394 -0.029015 -0.052894 -0.003933 0.998171
1753905435.224495 16599951.862400 4834027.086619 -102470537.109394 -0.029015 -0.052894 -0.003933 0.998171
1753905435.229496 16599951.862400 4834027.086619 -102470537.109394 -0.029015 -0.052894 -0.003933 0.998171
1753905435.234495 16599951.862400 4834027.086619 -102470537.109394 -0.029015 -0.052894 -0.003933 0.998171
1753905435.239496 16599951.862400 4834027.086619 -102470537.109394 -0.029015 -0.052894 -0.003933 0.998171
1753905435.244495 16599951.862400 4834027.086619 -102470537.109394 -0.029015 -0.052894 -0.003933 0.998171
1753905435.249495 16599951.862400 4834027.086619 -102470537.109394 -0.029015 -0.052894 -0.003933 0.998171
1753905435.254495 16599951.855422 4834027.086703 -102470537.112931 -0.024506 -0.026328 -0.007755 0.999323
1753905435.259496 16599951.855422 4834027.086703 -102470537.112931 -0.024506 -0.026328 -0.007755 0.999323
1753905435.264495 16599951.855422 4834027.086703 -102470537.112931 -0.024506 -0.026328 -0.007755 0.999323
1753905435.269495 16599951.855422 4834027.086703 -102470537.112931 -0.024506 -0.026328 -0.007755 0.999323
1753905435.274496 16599951.855422 4834027.086703 -102470537.112931 -0.024506 -0.026328 -0.007755 0.999323
1753905435.279497 16599951.855422 4834027.086703 -102470537.112931 -0.024506 -0.026328 -0.007755 0.999323
1753905435.284496 16599951.855422 4834027.086703 -102470537.112931 -0.024506 -0.026328 -0.007755 0.999323
1753905435.289497 16599951.854785 4834027.085831 -102470537.114493 -0.022639 -0.013812 -0.009935 0.999599
1753905435.294498 16599951.854785 4834027.085831 -102470537.114493 -0.022639 -0.013812 -0.009935 0.999599
1753905435.299497 16599951.854785 4834027.085831 -102470537.114493 -0.022639 -0.013812 -0.009935 0.999599
1753905435.304498 16599951.854785 4834027.085831 -102470537.114493 -0.022639 -0.013812 -0.009935 0.999599
1753905435.309499 16599951.854785 4834027.085831 -102470537.114493 -0.022639 -0.013812 -0.009935 0.999599
1753905435.314500 16599951.854785 4834027.085831 -102470537.114493 -0.022639 -0.013812 -0.009935 0.999599
1753905435.319499 16599951.854785 4834027.085831 -102470537.114493 -0.022639 -0.013812 -0.009935 0.999599
1753905435.324500 16599951.854785 4834027.085831 -102470537.114493 -0.022639 -0.013812 -0.009935 0.999599
1753905435.329500 16599951.854785 4834027.085831 -102470537.114493 -0.022639 -0.013812 -0.009935 0.999599
1753905435.334501 16599951.854785 4834027.085831 -102470537.114493 -0.022639 -0.013812 -0.009935 0.999599
1753905435.339501 16599951.854785 4834027.085831 -102470537.114493 -0.022639 -0.013812 -0.009935 0.999599
1753905435.344501 16599951.854785 4834027.085831 -102470537.114493 -0.022639 -0.013812 -0.009935 0.999599
1753905435.349502 16599951.854785 4834027.085831 -102470537.114493 -0.022639 -0.013812 -0.009935 0.999599
1753905435.354502 16599951.851589 4834027.086419 -102470537.117764 -0.020363 0.008690 -0.013517 0.999663
1753905435.359502 16599951.851589 4834027.086419 -102470537.117764 -0.020363 0.008690 -0.013517 0.999663
1753905435.364503 16599951.851589 4834027.086419 -102470537.117764 -0.020363 0.008690 -0.013517 0.999663
1753905435.369504 16599951.851589 4834027.086419 -102470537.117764 -0.020363 0.008690 -0.013517 0.999663
1753905435.374503 16599951.851589 4834027.086419 -102470537.117764 -0.020363 0.008690 -0.013517 0.999663
1753905435.379504 16599951.851589 4834027.086419 -102470537.117764 -0.020363 0.008690 -0.013517 0.999663
1753905435.384505 16599951.851589 4834027.086419 -102470537.117764 -0.020363 0.008690 -0.013517 0.999663
1753905435.389504 16599951.851589 4834027.086419 -102470537.117764 -0.020363 0.008690 -0.013517 0.999663
1753905435.394505 16599951.851589 4834027.086419 -102470537.117764 -0.020363 0.008690 -0.013517 0.999663
1753905435.399506 16599951.851589 4834027.086419 -102470537.117764 -0.020363 0.008690 -0.013517 0.999663
1753905435.404506 16599951.851589 4834027.086419 -102470537.117764 -0.020363 0.008690 -0.013517 0.999663
1753905435.409506 16599951.851589 4834027.086419 -102470537.117764 -0.020363 0.008690 -0.013517 0.999663
1753905435.414506 16599951.851589 4834027.086419 -102470537.117764 -0.020363 0.008690 -0.013517 0.999663
1753905435.419507 16599951.851589 4834027.086419 -102470537.117764 -0.020363 0.008690 -0.013517 0.999663
1753905435.424507 16599951.848991 4834027.087956 -102470537.121528 -0.020650 0.028375 -0.018368 0.999215
1753905435.429507 16599951.848991 4834027.087956 -102470537.121528 -0.020650 0.028375 -0.018368 0.999215
1753905435.434508 16599951.848991 4834027.087956 -102470537.121528 -0.020650 0.028375 -0.018368 0.999215
1753905435.439509 16599951.848991 4834027.087956 -102470537.121528 -0.020650 0.028375 -0.018368 0.999215
1753905435.444508 16599951.848991 4834027.087956 -102470537.121528 -0.020650 0.028375 -0.018368 0.999215
1753905435.449509 16599951.848991 4834027.087956 -102470537.121528 -0.020650 0.028375 -0.018368 0.999215
1753905435.454509 16599951.848991 4834027.087956 -102470537.121528 -0.020650 0.028375 -0.018368 0.999215
1753905435.459510 16599951.848991 4834027.087956 -102470537.121528 -0.020650 0.028375 -0.018368 0.999215
1753905435.464510 16599951.848991 4834027.087956 -102470537.121528 -0.020650 0.028375 -0.018368 0.999215
1753905435.469510 16599951.848991 4834027.087956 -102470537.121528 -0.020650 0.028375 -0.018368 0.999215
1753905435.474511 16599951.848991 4834027.087956 -102470537.121528 -0.020650 0.028375 -0.018368 0.999215
1753905435.479511 16599951.848991 4834027.087956 -102470537.121528 -0.020650 0.028375 -0.018368 0.999215
1753905435.484511 16599951.848991 4834027.087956 -102470537.121528 -0.020650 0.028375 -0.018368 0.999215
1753905435.489512 16599951.845134 4834027.093932 -102470537.125429 -0.022973 0.047890 -0.026471 0.998237
1753905435.494513 16599951.845134 4834027.093932 -102470537.125429 -0.022973 0.047890 -0.026471 0.998237
1753905435.499512 16599951.845134 4834027.093932 -102470537.125429 -0.022973 0.047890 -0.026471 0.998237
1753905435.504513 16599951.845134 4834027.093932 -102470537.125429 -0.022973 0.047890 -0.026471 0.998237
1753905435.509513 16599951.845134 4834027.093932 -102470537.125429 -0.022973 0.047890 -0.026471 0.998237
1753905435.514513 16599951.845134 4834027.093932 -102470537.125429 -0.022973 0.047890 -0.026471 0.998237
1753905435.519514 16599951.845134 4834027.093932 -102470537.125429 -0.022973 0.047890 -0.026471 0.998237
1753905435.524514 16599951.846023 4834027.092839 -102470537.127921 -0.023636 0.057321 -0.030376 0.997613
1753905435.529515 16599951.846023 4834027.092839 -102470537.127921 -0.023636 0.057321 -0.030376 0.997613
1753905435.534515 16599951.846023 4834027.092839 -102470537.127921 -0.023636 0.057321 -0.030376 0.997613
1753905435.539515 16599951.846023 4834027.092839 -102470537.127921 -0.023636 0.057321 -0.030376 0.997613
1753905435.544516 16599951.846023 4834027.092839 -102470537.127921 -0.023636 0.057321 -0.030376 0.997613
1753905435.549515 16599951.846023 4834027.092839 -102470537.127921 -0.023636 0.057321 -0.030376 0.997613
1753905435.554516 16599951.846023 4834027.092839 -102470537.127921 -0.023636 0.057321 -0.030376 0.997613
1753905435.559517 16599951.846023 4834027.092839 -102470537.127921 -0.023636 0.057321 -0.030376 0.997613
1753905435.564517 16599951.846023 4834027.092839 -102470537.127921 -0.023636 0.057321 -0.030376 0.997613
1753905435.569517 16599951.846023 4834027.092839 -102470537.127921 -0.023636 0.057321 -0.030376 0.997613
1753905435.574517 16599951.846023 4834027.092839 -102470537.127921 -0.023636 0.057321 -0.030376 0.997613
1753905435.579518 16599951.846023 4834027.092839 -102470537.127921 -0.023636 0.057321 -0.030376 0.997613
1753905435.584519 16599951.846023 4834027.092839 -102470537.127921 -0.023636 0.057321 -0.030376 0.997613
1753905435.589518 16599951.840065 4834027.096612 -102470537.130916 -0.027186 0.077180 -0.036319 0.995984
1753905435.594519 16599951.840065 4834027.096612 -102470537.130916 -0.027186 0.077180 -0.036319 0.995984
1753905435.599519 16599951.840065 4834027.096612 -102470537.130916 -0.027186 0.077180 -0.036319 0.995984
1753905435.604519 16599951.840065 4834027.096612 -102470537.130916 -0.027186 0.077180 -0.036319 0.995984
1753905435.609520 16599951.840065 4834027.096612 -102470537.130916 -0.027186 0.077180 -0.036319 0.995984
1753905435.614520 16599951.840065 4834027.096612 -102470537.130916 -0.027186 0.077180 -0.036319 0.995984
1753905435.619520 16599951.840065 4834027.096612 -102470537.130916 -0.027186 0.077180 -0.036319 0.995984
1753905435.624520 16599951.840065 4834027.096612 -102470537.130916 -0.027186 0.077180 -0.036319 0.995984
1753905435.634521 16599951.840065 4834027.096612 -102470537.130916 -0.027186 0.077180 -0.036319 0.995984
1753905435.639521 16599951.840065 4834027.096612 -102470537.130916 -0.027186 0.077180 -0.036319 0.995984
1753905435.644522 16599951.840065 4834027.096612 -102470537.130916 -0.027186 0.077180 -0.036319 0.995984
1753905435.649522 16599951.840065 4834027.096612 -102470537.130916 -0.027186 0.077180 -0.036319 0.995984
1753905435.654523 16599951.835650 4834027.095260 -102470537.133076 -0.030352 0.094551 -0.038136 0.994326
1753905435.659523 16599951.835650 4834027.095260 -102470537.133076 -0.030352 0.094551 -0.038136 0.994326
1753905435.664523 16599951.835650 4834027.095260 -102470537.133076 -0.030352 0.094551 -0.038136 0.994326
1753905435.669523 16599951.835650 4834027.095260 -102470537.133076 -0.030352 0.094551 -0.038136 0.994326
1753905435.674523 16599951.835650 4834027.095260 -102470537.133076 -0.030352 0.094551 -0.038136 0.994326
1753905435.679523 16599951.835650 4834027.095260 -102470537.133076 -0.030352 0.094551 -0.038136 0.994326
1753905435.684524 16599951.835650 4834027.095260 -102470537.133076 -0.030352 0.094551 -0.038136 0.994326
1753905435.689525 16599951.835650 4834027.095260 -102470537.133076 -0.030352 0.094551 -0.038136 0.994326
1753905435.694525 16599951.835650 4834027.095260 -102470537.133076 -0.030352 0.094551 -0.038136 0.994326
1753905435.699525 16599951.835650 4834027.095260 -102470537.133076 -0.030352 0.094551 -0.038136 0.994326
1753905435.704525 16599951.835650 4834027.095260 -102470537.133076 -0.030352 0.094551 -0.038136 0.994326
1753905435.709525 16599951.835650 4834027.095260 -102470537.133076 -0.030352 0.094551 -0.038136 0.994326
1753905435.714526 16599951.835650 4834027.095260 -102470537.133076 -0.030352 0.094551 -0.038136 0.994326
1753905435.719526 16599951.835650 4834027.095260 -102470537.133076 -0.030352 0.094551 -0.038136 0.994326
1753905435.724526 16599951.828474 4834027.100321 -102470537.130813 -0.030588 0.108097 -0.038307 0.992931
1753905435.729526 16599951.828474 4834027.100321 -102470537.130813 -0.030588 0.108097 -0.038307 0.992931
1753905435.734527 16599951.828474 4834027.100321 -102470537.130813 -0.030588 0.108097 -0.038307 0.992931
1753905435.739527 16599951.828474 4834027.100321 -102470537.130813 -0.030588 0.108097 -0.038307 0.992931
1753905435.744527 16599951.828474 4834027.100321 -102470537.130813 -0.030588 0.108097 -0.038307 0.992931
1753905435.749527 16599951.828474 4834027.100321 -102470537.130813 -0.030588 0.108097 -0.038307 0.992931
1753905435.754528 16599951.828474 4834027.100321 -102470537.130813 -0.030588 0.108097 -0.038307 0.992931
1753905435.759528 16599951.828474 4834027.100321 -102470537.130813 -0.030588 0.108097 -0.038307 0.992931
1753905435.764528 16599951.828474 4834027.100321 -102470537.130813 -0.030588 0.108097 -0.038307 0.992931
1753905435.769529 16599951.828474 4834027.100321 -102470537.130813 -0.030588 0.108097 -0.038307 0.992931
1753905435.774529 16599951.828474 4834027.100321 -102470537.130813 -0.030588 0.108097 -0.038307 0.992931
1753905435.779529 16599951.828474 4834027.100321 -102470537.130813 -0.030588 0.108097 -0.038307 0.992931
1753905435.784529 16599951.828474 4834027.100321 -102470537.130813 -0.030588 0.108097 -0.038307 0.992931
1753905435.789530 16599951.823955 4834027.101927 -102470537.126764 -0.029163 0.116516 -0.034578 0.992158
1753905435.794531 16599951.823955 4834027.101927 -102470537.126764 -0.029163 0.116516 -0.034578 0.992158
1753905435.799530 16599951.823955 4834027.101927 -102470537.126764 -0.029163 0.116516 -0.034578 0.992158
1753905435.804530 16599951.823955 4834027.101927 -102470537.126764 -0.029163 0.116516 -0.034578 0.992158
1753905435.809531 16599951.823955 4834027.101927 -102470537.126764 -0.029163 0.116516 -0.034578 0.992158
1753905435.814531 16599951.823955 4834027.101927 -102470537.126764 -0.029163 0.116516 -0.034578 0.992158
1753905435.819531 16599951.823955 4834027.101927 -102470537.126764 -0.029163 0.116516 -0.034578 0.992158
1753905435.824532 16599951.823955 4834027.101927 -102470537.126764 -0.029163 0.116516 -0.034578 0.992158
1753905435.829532 16599951.823955 4834027.101927 -102470537.126764 -0.029163 0.116516 -0.034578 0.992158
1753905435.834532 16599951.823955 4834027.101927 -102470537.126764 -0.029163 0.116516 -0.034578 0.992158
1753905435.839532 16599951.823955 4834027.101927 -102470537.126764 -0.029163 0.116516 -0.034578 0.992158
1753905435.844533 16599951.823955 4834027.101927 -102470537.126764 -0.029163 0.116516 -0.034578 0.992158
1753905435.849532 16599951.823955 4834027.101927 -102470537.126764 -0.029163 0.116516 -0.034578 0.992158
1753905435.854533 16599951.819417 4834027.105065 -102470537.121362 -0.024152 0.123711 -0.029088 0.991598
1753905435.859534 16599951.819417 4834027.105065 -102470537.121362 -0.024152 0.123711 -0.029088 0.991598
1753905435.864534 16599951.819417 4834027.105065 -102470537.121362 -0.024152 0.123711 -0.029088 0.991598
1753905435.869534 16599951.819417 4834027.105065 -102470537.121362 -0.024152 0.123711 -0.029088 0.991598
1753905435.874534 16599951.819417 4834027.105065 -102470537.121362 -0.024152 0.123711 -0.029088 0.991598
1753905435.879534 16599951.819417 4834027.105065 -102470537.121362 -0.024152 0.123711 -0.029088 0.991598
1753905435.884535 16599951.819417 4834027.105065 -102470537.121362 -0.024152 0.123711 -0.029088 0.991598
1753905435.889534 16599951.817502 4834027.105881 -102470537.119531 -0.020963 0.128955 -0.026285 0.991080
1753905435.894535 16599951.817502 4834027.105881 -102470537.119531 -0.020963 0.128955 -0.026285 0.991080
1753905435.899536 16599951.817502 4834027.105881 -102470537.119531 -0.020963 0.128955 -0.026285 0.991080
1753905435.904535 16599951.817502 4834027.105881 -102470537.119531 -0.020963 0.128955 -0.026285 0.991080
1753905435.909536 16599951.817502 4834027.105881 -102470537.119531 -0.020963 0.128955 -0.026285 0.991080
1753905435.914536 16599951.817502 4834027.105881 -102470537.119531 -0.020963 0.128955 -0.026285 0.991080
1753905435.919537 16599951.817502 4834027.105881 -102470537.119531 -0.020963 0.128955 -0.026285 0.991080
1753905435.924536 16599951.817502 4834027.105881 -102470537.119531 -0.020963 0.128955 -0.026285 0.991080
1753905435.929537 16599951.817502 4834027.105881 -102470537.119531 -0.020963 0.128955 -0.026285 0.991080
1753905435.934537 16599951.817502 4834027.105881 -102470537.119531 -0.020963 0.128955 -0.026285 0.991080
1753905435.939537 16599951.817502 4834027.105881 -102470537.119531 -0.020963 0.128955 -0.026285 0.991080
1753905435.944537 16599951.817502 4834027.105881 -102470537.119531 -0.020963 0.128955 -0.026285 0.991080
1753905435.949538 16599951.817502 4834027.105881 -102470537.119531 -0.020963 0.128955 -0.026285 0.991080
1753905435.954538 16599951.816024 4834027.103749 -102470537.116490 -0.015832 0.143408 -0.022414 0.989283
1753905435.959538 16599951.816024 4834027.103749 -102470537.116490 -0.015832 0.143408 -0.022414 0.989283
1753905435.964538 16599951.816024 4834027.103749 -102470537.116490 -0.015832 0.143408 -0.022414 0.989283
1753905435.969538 16599951.816024 4834027.103749 -102470537.116490 -0.015832 0.143408 -0.022414 0.989283
1753905435.974538 16599951.816024 4834027.103749 -102470537.116490 -0.015832 0.143408 -0.022414 0.989283
1753905435.979539 16599951.816024 4834027.103749 -102470537.116490 -0.015832 0.143408 -0.022414 0.989283
1753905435.984539 16599951.816024 4834027.103749 -102470537.116490 -0.015832 0.143408 -0.022414 0.989283
1753905435.989540 16599951.816024 4834027.103749 -102470537.116490 -0.015832 0.143408 -0.022414 0.989283
1753905435.994539 16599951.816024 4834027.103749 -102470537.116490 -0.015832 0.143408 -0.022414 0.989283
1753905435.999539 16599951.816024 4834027.103749 -102470537.116490 -0.015832 0.143408 -0.022414 0.989283
1753905436.004540 16599951.816024 4834027.103749 -102470537.116490 -0.015832 0.143408 -0.022414 0.989283
1753905436.009541 16599951.816024 4834027.103749 -102470537.116490 -0.015832 0.143408 -0.022414 0.989283
1753905436.014540 16599951.816024 4834027.103749 -102470537.116490 -0.015832 0.143408 -0.022414 0.989283
1753905436.019541 16599951.816024 4834027.103749 -102470537.116490 -0.015832 0.143408 -0.022414 0.989283
1753905436.024541 16599951.807915 4834027.104754 -102470537.117591 -0.011789 0.161525 -0.023320 0.986523
1753905436.029541 16599951.807915 4834027.104754 -102470537.117591 -0.011789 0.161525 -0.023320 0.986523
1753905436.034541 16599951.807915 4834027.104754 -102470537.117591 -0.011789 0.161525 -0.023320 0.986523
1753905436.039541 16599951.807915 4834027.104754 -102470537.117591 -0.011789 0.161525 -0.023320 0.986523
1753905436.044542 16599951.807915 4834027.104754 -102470537.117591 -0.011789 0.161525 -0.023320 0.986523
1753905436.049541 16599951.807915 4834027.104754 -102470537.117591 -0.011789 0.161525 -0.023320 0.986523
1753905436.054542 16599951.807915 4834027.104754 -102470537.117591 -0.011789 0.161525 -0.023320 0.986523
1753905436.059542 16599951.807915 4834027.104754 -102470537.117591 -0.011789 0.161525 -0.023320 0.986523
1753905436.064542 16599951.807915 4834027.104754 -102470537.117591 -0.011789 0.161525 -0.023320 0.986523
1753905436.069542 16599951.807915 4834027.104754 -102470537.117591 -0.011789 0.161525 -0.023320 0.986523
1753905436.074543 16599951.807915 4834027.104754 -102470537.117591 -0.011789 0.161525 -0.023320 0.986523
1753905436.079543 16599951.807915 4834027.104754 -102470537.117591 -0.011789 0.161525 -0.023320 0.986523
1753905436.084543 16599951.807915 4834027.104754 -102470537.117591 -0.011789 0.161525 -0.023320 0.986523
1753905436.087760 16599951.808865 4834027.106219 -102470537.116138 -0.006834 0.179063 -0.026669 0.983452
1753905436.089543 16599951.808865 4834027.106219 -102470537.116138 -0.006834 0.179063 -0.026669 0.983452
1753905436.094543 16599951.808865 4834027.106219 -102470537.116138 -0.006834 0.179063 -0.026669 0.983452
1753905436.099544 16599951.808865 4834027.106219 -102470537.116138 -0.006834 0.179063 -0.026669 0.983452
1753905436.104543 16599951.808865 4834027.106219 -102470537.116138 -0.006834 0.179063 -0.026669 0.983452
1753905436.109544 16599951.808865 4834027.106219 -102470537.116138 -0.006834 0.179063 -0.026669 0.983452
1753905436.114544 16599951.808865 4834027.106219 -102470537.116138 -0.006834 0.179063 -0.026669 0.983452
1753905436.119544 16599951.808865 4834027.106219 -102470537.116138 -0.006834 0.179063 -0.026669 0.983452
1753905436.124544 16599951.808865 4834027.106219 -102470537.116138 -0.006834 0.179063 -0.026669 0.983452
1753905436.129545 16599951.808865 4834027.106219 -102470537.116138 -0.006834 0.179063 -0.026669 0.983452
1753905436.134545 16599951.808865 4834027.106219 -102470537.116138 -0.006834 0.179063 -0.026669 0.983452
1753905436.139544 16599951.808865 4834027.106219 -102470537.116138 -0.006834 0.179063 -0.026669 0.983452
1753905436.144545 16599951.808865 4834027.106219 -102470537.116138 -0.006834 0.179063 -0.026669 0.983452
1753905436.149546 16599951.808865 4834027.106219 -102470537.116138 -0.006834 0.179063 -0.026669 0.983452
1753905436.154546 16599951.802728 4834027.110277 -102470537.118714 -0.005401 0.197386 -0.031687 0.979799
1753905436.159545 16599951.802728 4834027.110277 -102470537.118714 -0.005401 0.197386 -0.031687 0.979799
1753905436.164546 16599951.802728 4834027.110277 -102470537.118714 -0.005401 0.197386 -0.031687 0.979799
1753905436.169547 16599951.802728 4834027.110277 -102470537.118714 -0.005401 0.197386 -0.031687 0.979799
1753905436.174546 16599951.802728 4834027.110277 -102470537.118714 -0.005401 0.197386 -0.031687 0.979799
1753905436.179546 16599951.802728 4834027.110277 -102470537.118714 -0.005401 0.197386 -0.031687 0.979799
1753905436.184546 16599951.802728 4834027.110277 -102470537.118714 -0.005401 0.197386 -0.031687 0.979799
1753905436.189547 16599951.803664 4834027.108673 -102470537.119013 -0.006252 0.206800 -0.034782 0.977745
1753905436.194547 16599951.803664 4834027.108673 -102470537.119013 -0.006252 0.206800 -0.034782 0.977745
1753905436.199547 16599951.803664 4834027.108673 -102470537.119013 -0.006252 0.206800 -0.034782 0.977745
1753905436.204547 16599951.803664 4834027.108673 -102470537.119013 -0.006252 0.206800 -0.034782 0.977745
1753905436.209547 16599951.803664 4834027.108673 -102470537.119013 -0.006252 0.206800 -0.034782 0.977745
1753905436.214547 16599951.803664 4834027.108673 -102470537.119013 -0.006252 0.206800 -0.034782 0.977745
1753905436.219548 16599951.803664 4834027.108673 -102470537.119013 -0.006252 0.206800 -0.034782 0.977745
1753905436.224548 16599951.803664 4834027.108673 -102470537.119013 -0.006252 0.206800 -0.034782 0.977745
1753905436.229548 16599951.803664 4834027.108673 -102470537.119013 -0.006252 0.206800 -0.034782 0.977745
1753905436.234548 16599951.803664 4834027.108673 -102470537.119013 -0.006252 0.206800 -0.034782 0.977745
1753905436.239548 16599951.803664 4834027.108673 -102470537.119013 -0.006252 0.206800 -0.034782 0.977745
1753905436.244548 16599951.803664 4834027.108673 -102470537.119013 -0.006252 0.206800 -0.034782 0.977745
1753905436.249548 16599951.803664 4834027.108673 -102470537.119013 -0.006252 0.206800 -0.034782 0.977745
1753905436.254549 16599951.797824 4834027.110048 -102470537.122694 -0.007732 0.228987 -0.042160 0.972485
1753905436.259549 16599951.797824 4834027.110048 -102470537.122694 -0.007732 0.228987 -0.042160 0.972485
1753905436.264549 16599951.797824 4834027.110048 -102470537.122694 -0.007732 0.228987 -0.042160 0.972485
1753905436.269549 16599951.797824 4834027.110048 -102470537.122694 -0.007732 0.228987 -0.042160 0.972485
1753905436.274549 16599951.797824 4834027.110048 -102470537.122694 -0.007732 0.228987 -0.042160 0.972485
1753905436.279550 16599951.797824 4834027.110048 -102470537.122694 -0.007732 0.228987 -0.042160 0.972485
1753905436.284550 16599951.797824 4834027.110048 -102470537.122694 -0.007732 0.228987 -0.042160 0.972485
1753905436.289550 16599951.797824 4834027.110048 -102470537.122694 -0.007732 0.228987 -0.042160 0.972485
1753905436.294551 16599951.797824 4834027.110048 -102470537.122694 -0.007732 0.228987 -0.042160 0.972485
1753905436.299550 16599951.797824 4834027.110048 -102470537.122694 -0.007732 0.228987 -0.042160 0.972485
1753905436.304551 16599951.797824 4834027.110048 -102470537.122694 -0.007732 0.228987 -0.042160 0.972485
1753905436.309552 16599951.797824 4834027.110048 -102470537.122694 -0.007732 0.228987 -0.042160 0.972485
1753905436.314552 16599951.797824 4834027.110048 -102470537.122694 -0.007732 0.228987 -0.042160 0.972485
1753905436.319552 16599951.797824 4834027.110048 -102470537.122694 -0.007732 0.228987 -0.042160 0.972485
1753905436.324552 16599951.785482 4834027.111824 -102470537.126216 -0.011029 0.250090 -0.047492 0.966994
1753905436.329553 16599951.785482 4834027.111824 -102470537.126216 -0.011029 0.250090 -0.047492 0.966994
1753905436.334553 16599951.785482 4834027.111824 -102470537.126216 -0.011029 0.250090 -0.047492 0.966994
1753905436.339553 16599951.785482 4834027.111824 -102470537.126216 -0.011029 0.250090 -0.047492 0.966994
1753905436.344553 16599951.785482 4834027.111824 -102470537.126216 -0.011029 0.250090 -0.047492 0.966994
1753905436.349554 16599951.785482 4834027.111824 -102470537.126216 -0.011029 0.250090 -0.047492 0.966994
1753905436.354554 16599951.779232 4834027.112313 -102470537.126627 -0.012873 0.258809 -0.048836 0.964607
1753905436.359554 16599951.779232 4834027.112313 -102470537.126627 -0.012873 0.258809 -0.048836 0.964607
1753905436.364555 16599951.779232 4834027.112313 -102470537.126627 -0.012873 0.258809 -0.048836 0.964607
1753905436.369555 16599951.779232 4834027.112313 -102470537.126627 -0.012873 0.258809 -0.048836 0.964607
1753905436.374555 16599951.779232 4834027.112313 -102470537.126627 -0.012873 0.258809 -0.048836 0.964607
1753905436.379555 16599951.779232 4834027.112313 -102470537.126627 -0.012873 0.258809 -0.048836 0.964607
1753905436.384556 16599951.779232 4834027.112313 -102470537.126627 -0.012873 0.258809 -0.048836 0.964607
1753905436.389556 16599951.779232 4834027.112313 -102470537.126627 -0.012873 0.258809 -0.048836 0.964607
1753905436.394556 16599951.779232 4834027.112313 -102470537.126627 -0.012873 0.258809 -0.048836 0.964607
1753905436.399557 16599951.779232 4834027.112313 -102470537.126627 -0.012873 0.258809 -0.048836 0.964607
1753905436.404556 16599951.779232 4834027.112313 -102470537.126627 -0.012873 0.258809 -0.048836 0.964607
1753905436.409557 16599951.779232 4834027.112313 -102470537.126627 -0.012873 0.258809 -0.048836 0.964607
1753905436.414557 16599951.779232 4834027.112313 -102470537.126627 -0.012873 0.258809 -0.048836 0.964607
1753905436.419558 16599951.779232 4834027.112313 -102470537.126627 -0.012873 0.258809 -0.048836 0.964607
1753905436.424557 16599951.779232 4834027.112313 -102470537.126627 -0.012873 0.258809 -0.048836 0.964607
1753905436.429558 16599951.779232 4834027.112313 -102470537.126627 -0.012873 0.258809 -0.048836 0.964607
1753905436.434559 16599951.779232 4834027.112313 -102470537.126627 -0.012873 0.258809 -0.048836 0.964607
1753905436.439558 16599951.779232 4834027.112313 -102470537.126627 -0.012873 0.258809 -0.048836 0.964607
1753905436.444559 16599951.779232 4834027.112313 -102470537.126627 -0.012873 0.258809 -0.048836 0.964607
1753905436.449559 16599951.779232 4834027.112313 -102470537.126627 -0.012873 0.258809 -0.048836 0.964607
1753905436.454560 16599951.765187 4834027.114497 -102470537.122152 -0.012239 0.281100 -0.045640 0.958514
1753905436.459559 16599951.765187 4834027.114497 -102470537.122152 -0.012239 0.281100 -0.045640 0.958514
1753905436.464560 16599951.765187 4834027.114497 -102470537.122152 -0.012239 0.281100 -0.045640 0.958514
1753905436.469560 16599951.765187 4834027.114497 -102470537.122152 -0.012239 0.281100 -0.045640 0.958514
1753905436.474560 16599951.765187 4834027.114497 -102470537.122152 -0.012239 0.281100 -0.045640 0.958514
1753905436.479560 16599951.765187 4834027.114497 -102470537.122152 -0.012239 0.281100 -0.045640 0.958514
1753905436.484561 16599951.765187 4834027.114497 -102470537.122152 -0.012239 0.281100 -0.045640 0.958514
1753905436.489560 16599951.765187 4834027.114497 -102470537.122152 -0.012239 0.281100 -0.045640 0.958514
1753905436.494561 16599951.765187 4834027.114497 -102470537.122152 -0.012239 0.281100 -0.045640 0.958514
1753905436.499562 16599951.765187 4834027.114497 -102470537.122152 -0.012239 0.281100 -0.045640 0.958514
1753905436.504562 16599951.765187 4834027.114497 -102470537.122152 -0.012239 0.281100 -0.045640 0.958514
1753905436.509563 16599951.765187 4834027.114497 -102470537.122152 -0.012239 0.281100 -0.045640 0.958514
1753905436.514562 16599951.765187 4834027.114497 -102470537.122152 -0.012239 0.281100 -0.045640 0.958514
1753905436.519562 16599951.765187 4834027.114497 -102470537.122152 -0.012239 0.281100 -0.045640 0.958514
1753905436.524563 16599951.763042 4834027.113718 -102470537.116466 -0.007850 0.297135 -0.043407 0.953816
1753905436.529563 16599951.763042 4834027.113718 -102470537.116466 -0.007850 0.297135 -0.043407 0.953816
1753905436.534563 16599951.763042 4834027.113718 -102470537.116466 -0.007850 0.297135 -0.043407 0.953816
1753905436.539564 16599951.763042 4834027.113718 -102470537.116466 -0.007850 0.297135 -0.043407 0.953816
1753905436.544564 16599951.763042 4834027.113718 -102470537.116466 -0.007850 0.297135 -0.043407 0.953816
1753905436.549564 16599951.763042 4834027.113718 -102470537.116466 -0.007850 0.297135 -0.043407 0.953816
1753905436.554564 16599951.763042 4834027.113718 -102470537.116466 -0.007850 0.297135 -0.043407 0.953816
1753905436.559565 16599951.763042 4834027.113718 -102470537.116466 -0.007850 0.297135 -0.043407 0.953816
1753905436.564565 16599951.763042 4834027.113718 -102470537.116466 -0.007850 0.297135 -0.043407 0.953816
1753905436.569565 16599951.763042 4834027.113718 -102470537.116466 -0.007850 0.297135 -0.043407 0.953816
1753905436.574565 16599951.763042 4834027.113718 -102470537.116466 -0.007850 0.297135 -0.043407 0.953816
1753905436.579566 16599951.763042 4834027.113718 -102470537.116466 -0.007850 0.297135 -0.043407 0.953816
1753905436.584565 16599951.763042 4834027.113718 -102470537.116466 -0.007850 0.297135 -0.043407 0.953816
1753905436.589566 16599951.757564 4834027.115338 -102470537.113894 -0.006683 0.316442 -0.043010 0.947613
1753905436.594566 16599951.757564 4834027.115338 -102470537.113894 -0.006683 0.316442 -0.043010 0.947613
1753905436.599566 16599951.757564 4834027.115338 -102470537.113894 -0.006683 0.316442 -0.043010 0.947613
1753905436.604566 16599951.757564 4834027.115338 -102470537.113894 -0.006683 0.316442 -0.043010 0.947613
1753905436.609567 16599951.757564 4834027.115338 -102470537.113894 -0.006683 0.316442 -0.043010 0.947613
1753905436.614567 16599951.757564 4834027.115338 -102470537.113894 -0.006683 0.316442 -0.043010 0.947613
1753905436.619567 16599951.757564 4834027.115338 -102470537.113894 -0.006683 0.316442 -0.043010 0.947613
1753905436.624567 16599951.757564 4834027.115338 -102470537.113894 -0.006683 0.316442 -0.043010 0.947613
1753905436.629568 16599951.757564 4834027.115338 -102470537.113894 -0.006683 0.316442 -0.043010 0.947613
1753905436.634567 16599951.757564 4834027.115338 -102470537.113894 -0.006683 0.316442 -0.043010 0.947613
1753905436.639568 16599951.757564 4834027.115338 -102470537.113894 -0.006683 0.316442 -0.043010 0.947613
1753905436.644568 16599951.757564 4834027.115338 -102470537.113894 -0.006683 0.316442 -0.043010 0.947613
1753905436.649569 16599951.757564 4834027.115338 -102470537.113894 -0.006683 0.316442 -0.043010 0.947613
1753905436.654568 16599951.750706 4834027.116146 -102470537.112874 -0.006923 0.336951 -0.045871 0.940379
1753905436.659569 16599951.750706 4834027.116146 -102470537.112874 -0.006923 0.336951 -0.045871 0.940379
1753905436.664569 16599951.750706 4834027.116146 -102470537.112874 -0.006923 0.336951 -0.045871 0.940379
1753905436.669569 16599951.750706 4834027.116146 -102470537.112874 -0.006923 0.336951 -0.045871 0.940379
1753905436.674569 16599951.750706 4834027.116146 -102470537.112874 -0.006923 0.336951 -0.045871 0.940379
1753905436.679569 16599951.750706 4834027.116146 -102470537.112874 -0.006923 0.336951 -0.045871 0.940379
1753905436.684570 16599951.750706 4834027.116146 -102470537.112874 -0.006923 0.336951 -0.045871 0.940379
1753905436.689570 16599951.750706 4834027.116146 -102470537.112874 -0.006923 0.336951 -0.045871 0.940379
1753905436.694570 16599951.750706 4834027.116146 -102470537.112874 -0.006923 0.336951 -0.045871 0.940379
1753905436.699570 16599951.750706 4834027.116146 -102470537.112874 -0.006923 0.336951 -0.045871 0.940379
1753905436.704571 16599951.750706 4834027.116146 -102470537.112874 -0.006923 0.336951 -0.045871 0.940379
1753905436.709570 16599951.750706 4834027.116146 -102470537.112874 -0.006923 0.336951 -0.045871 0.940379
1753905436.714571 16599951.750706 4834027.116146 -102470537.112874 -0.006923 0.336951 -0.045871 0.940379
1753905436.719571 16599951.750706 4834027.116146 -102470537.112874 -0.006923 0.336951 -0.045871 0.940379
1753905436.724571 16599951.746342 4834027.117033 -102470537.110303 -0.005730 0.359400 -0.049196 0.931868
1753905436.729571 16599951.746342 4834027.117033 -102470537.110303 -0.005730 0.359400 -0.049196 0.931868
1753905436.734571 16599951.746342 4834027.117033 -102470537.110303 -0.005730 0.359400 -0.049196 0.931868
1753905436.739572 16599951.746342 4834027.117033 -102470537.110303 -0.005730 0.359400 -0.049196 0.931868
1753905436.744572 16599951.746342 4834027.117033 -102470537.110303 -0.005730 0.359400 -0.049196 0.931868
1753905436.749572 16599951.746342 4834027.117033 -102470537.110303 -0.005730 0.359400 -0.049196 0.931868
1753905436.754573 16599951.746342 4834027.117033 -102470537.110303 -0.005730 0.359400 -0.049196 0.931868
1753905436.759573 16599951.746342 4834027.117033 -102470537.110303 -0.005730 0.359400 -0.049196 0.931868
1753905436.764572 16599951.746342 4834027.117033 -102470537.110303 -0.005730 0.359400 -0.049196 0.931868
1753905436.769573 16599951.746342 4834027.117033 -102470537.110303 -0.005730 0.359400 -0.049196 0.931868
1753905436.774573 16599951.746342 4834027.117033 -102470537.110303 -0.005730 0.359400 -0.049196 0.931868
1753905436.779573 16599951.746342 4834027.117033 -102470537.110303 -0.005730 0.359400 -0.049196 0.931868
1753905436.784573 16599951.746342 4834027.117033 -102470537.110303 -0.005730 0.359400 -0.049196 0.931868
1753905436.789573 16599951.741677 4834027.117862 -102470537.108362 -0.002017 0.384539 -0.054854 0.921475
1753905436.794574 16599951.741677 4834027.117862 -102470537.108362 -0.002017 0.384539 -0.054854 0.921475
1753905436.799573 16599951.741677 4834027.117862 -102470537.108362 -0.002017 0.384539 -0.054854 0.921475
1753905436.804574 16599951.741677 4834027.117862 -102470537.108362 -0.002017 0.384539 -0.054854 0.921475
1753905436.809574 16599951.741677 4834027.117862 -102470537.108362 -0.002017 0.384539 -0.054854 0.921475
1753905436.814574 16599951.741677 4834027.117862 -102470537.108362 -0.002017 0.384539 -0.054854 0.921475
1753905436.819574 16599951.741677 4834027.117862 -102470537.108362 -0.002017 0.384539 -0.054854 0.921475
1753905436.824575 16599951.741677 4834027.117862 -102470537.108362 -0.002017 0.384539 -0.054854 0.921475
1753905436.829575 16599951.741677 4834027.117862 -102470537.108362 -0.002017 0.384539 -0.054854 0.921475
1753905436.834574 16599951.741677 4834027.117862 -102470537.108362 -0.002017 0.384539 -0.054854 0.921475
1753905436.839575 16599951.741677 4834027.117862 -102470537.108362 -0.002017 0.384539 -0.054854 0.921475
1753905436.844575 16599951.741677 4834027.117862 -102470537.108362 -0.002017 0.384539 -0.054854 0.921475
1753905436.849575 16599951.741677 4834027.117862 -102470537.108362 -0.002017 0.384539 -0.054854 0.921475
1753905436.854575 16599951.736322 4834027.118690 -102470537.104961 0.002450 0.410245 -0.060275 0.909978
1753905436.859576 16599951.736322 4834027.118690 -102470537.104961 0.002450 0.410245 -0.060275 0.909978
1753905436.864576 16599951.736322 4834027.118690 -102470537.104961 0.002450 0.410245 -0.060275 0.909978
1753905436.869576 16599951.736322 4834027.118690 -102470537.104961 0.002450 0.410245 -0.060275 0.909978
1753905436.874576 16599951.736322 4834027.118690 -102470537.104961 0.002450 0.410245 -0.060275 0.909978
1753905436.879576 16599951.736322 4834027.118690 -102470537.104961 0.002450 0.410245 -0.060275 0.909978
1753905436.884576 16599951.736322 4834027.118690 -102470537.104961 0.002450 0.410245 -0.060275 0.909978
1753905436.889576 16599951.736322 4834027.118690 -102470537.104961 0.002450 0.410245 -0.060275 0.909978
1753905436.894576 16599951.736322 4834027.118690 -102470537.104961 0.002450 0.410245 -0.060275 0.909978
1753905436.899577 16599951.736322 4834027.118690 -102470537.104961 0.002450 0.410245 -0.060275 0.909978
1753905436.904577 16599951.736322 4834027.118690 -102470537.104961 0.002450 0.410245 -0.060275 0.909978
1753905436.909577 16599951.736322 4834027.118690 -102470537.104961 0.002450 0.410245 -0.060275 0.909978
1753905436.914577 16599951.736322 4834027.118690 -102470537.104961 0.002450 0.410245 -0.060275 0.909978
1753905436.919578 16599951.736322 4834027.118690 -102470537.104961 0.002450 0.410245 -0.060275 0.909978
1753905436.924577 16599951.733247 4834027.117117 -102470537.101249 0.004785 0.437555 -0.066577 0.896711
1753905436.929578 16599951.733247 4834027.117117 -102470537.101249 0.004785 0.437555 -0.066577 0.896711
1753905436.934578 16599951.733247 4834027.117117 -102470537.101249 0.004785 0.437555 -0.066577 0.896711
1753905436.939577 16599951.733247 4834027.117117 -102470537.101249 0.004785 0.437555 -0.066577 0.896711
1753905436.944577 16599951.733247 4834027.117117 -102470537.101249 0.004785 0.437555 -0.066577 0.896711
1753905436.949578 16599951.733247 4834027.117117 -102470537.101249 0.004785 0.437555 -0.066577 0.896711
1753905436.954578 16599951.733247 4834027.117117 -102470537.101249 0.004785 0.437555 -0.066577 0.896711
1753905436.959578 16599951.733247 4834027.117117 -102470537.101249 0.004785 0.437555 -0.066577 0.896711
1753905436.964578 16599951.733247 4834027.117117 -102470537.101249 0.004785 0.437555 -0.066577 0.896711
1753905436.969579 16599951.733247 4834027.117117 -102470537.101249 0.004785 0.437555 -0.066577 0.896711
1753905436.974579 16599951.733247 4834027.117117 -102470537.101249 0.004785 0.437555 -0.066577 0.896711
1753905436.979578 16599951.733247 4834027.117117 -102470537.101249 0.004785 0.437555 -0.066577 0.896711
1753905436.984579 16599951.733247 4834027.117117 -102470537.101249 0.004785 0.437555 -0.066577 0.896711
1753905436.989579 16599951.727795 4834027.118538 -102470537.097877 0.005761 0.466113 -0.072246 0.881752
1753905436.994578 16599951.727795 4834027.118538 -102470537.097877 0.005761 0.466113 -0.072246 0.881752
1753905436.999579 16599951.727795 4834027.118538 -102470537.097877 0.005761 0.466113 -0.072246 0.881752
1753905437.004579 16599951.727795 4834027.118538 -102470537.097877 0.005761 0.466113 -0.072246 0.881752
1753905437.009579 16599951.727795 4834027.118538 -102470537.097877 0.005761 0.466113 -0.072246 0.881752
1753905437.014579 16599951.727795 4834027.118538 -102470537.097877 0.005761 0.466113 -0.072246 0.881752
1753905437.019579 16599951.727795 4834027.118538 -102470537.097877 0.005761 0.466113 -0.072246 0.881752
1753905437.024580 16599951.727795 4834027.118538 -102470537.097877 0.005761 0.466113 -0.072246 0.881752
1753905437.029579 16599951.727795 4834027.118538 -102470537.097877 0.005761 0.466113 -0.072246 0.881752
1753905437.034580 16599951.727795 4834027.118538 -102470537.097877 0.005761 0.466113 -0.072246 0.881752
1753905437.039580 16599951.727795 4834027.118538 -102470537.097877 0.005761 0.466113 -0.072246 0.881752
1753905437.044580 16599951.727795 4834027.118538 -102470537.097877 0.005761 0.466113 -0.072246 0.881752
1753905437.049580 16599951.727795 4834027.118538 -102470537.097877 0.005761 0.466113 -0.072246 0.881752
1753905437.054580 16599951.727795 4834027.118538 -102470537.097877 0.005761 0.466113 -0.072246 0.881752
1753905437.059580 16599951.727795 4834027.118538 -102470537.097877 0.005761 0.466113 -0.072246 0.881752
1753905437.064580 16599951.727795 4834027.118538 -102470537.097877 0.005761 0.466113 -0.072246 0.881752
1753905437.069580 16599951.727795 4834027.118538 -102470537.097877 0.005761 0.466113 -0.072246 0.881752
1753905437.074580 16599951.727795 4834027.118538 -102470537.097877 0.005761 0.466113 -0.072246 0.881752
1753905437.079581 16599951.727795 4834027.118538 -102470537.097877 0.005761 0.466113 -0.072246 0.881752
1753905437.084580 16599951.727795 4834027.118538 -102470537.097877 0.005761 0.466113 -0.072246 0.881752
1753905437.089581 16599951.715740 4834027.124900 -102470537.090105 0.009383 0.507549 -0.078184 0.858017
1753905437.094581 16599951.715740 4834027.124900 -102470537.090105 0.009383 0.507549 -0.078184 0.858017
1753905437.099581 16599951.715740 4834027.124900 -102470537.090105 0.009383 0.507549 -0.078184 0.858017
1753905437.104581 16599951.715740 4834027.124900 -102470537.090105 0.009383 0.507549 -0.078184 0.858017
1753905437.109581 16599951.715740 4834027.124900 -102470537.090105 0.009383 0.507549 -0.078184 0.858017
1753905437.114581 16599951.715740 4834027.124900 -102470537.090105 0.009383 0.507549 -0.078184 0.858017
1753905437.119581 16599951.715740 4834027.124900 -102470537.090105 0.009383 0.507549 -0.078184 0.858017
1753905437.124581 16599951.715740 4834027.124900 -102470537.090105 0.009383 0.507549 -0.078184 0.858017
1753905437.129581 16599951.715740 4834027.124900 -102470537.090105 0.009383 0.507549 -0.078184 0.858017
1753905437.134581 16599951.715740 4834027.124900 -102470537.090105 0.009383 0.507549 -0.078184 0.858017
1753905437.139581 16599951.715740 4834027.124900 -102470537.090105 0.009383 0.507549 -0.078184 0.858017
1753905437.144581 16599951.715740 4834027.124900 -102470537.090105 0.009383 0.507549 -0.078184 0.858017
1753905437.149582 16599951.715740 4834027.124900 -102470537.090105 0.009383 0.507549 -0.078184 0.858017
1753905437.154581 16599951.709413 4834027.128263 -102470537.083833 0.009497 0.532719 -0.079887 0.842460
1753905437.159581 16599951.709413 4834027.128263 -102470537.083833 0.009497 0.532719 -0.079887 0.842460
1753905437.164582 16599951.709413 4834027.128263 -102470537.083833 0.009497 0.532719 -0.079887 0.842460
1753905437.169582 16599951.709413 4834027.128263 -102470537.083833 0.009497 0.532719 -0.079887 0.842460
1753905437.174581 16599951.709413 4834027.128263 -102470537.083833 0.009497 0.532719 -0.079887 0.842460
1753905437.179582 16599951.709413 4834027.128263 -102470537.083833 0.009497 0.532719 -0.079887 0.842460
1753905437.184582 16599951.709413 4834027.128263 -102470537.083833 0.009497 0.532719 -0.079887 0.842460
1753905437.189583 16599951.709413 4834027.128263 -102470537.083833 0.009497 0.532719 -0.079887 0.842460
1753905437.194582 16599951.709413 4834027.128263 -102470537.083833 0.009497 0.532719 -0.079887 0.842460
1753905437.199582 16599951.709413 4834027.128263 -102470537.083833 0.009497 0.532719 -0.079887 0.842460
1753905437.204582 16599951.709413 4834027.128263 -102470537.083833 0.009497 0.532719 -0.079887 0.842460
1753905437.209582 16599951.709413 4834027.128263 -102470537.083833 0.009497 0.532719 -0.079887 0.842460
1753905437.214582 16599951.709413 4834027.128263 -102470537.083833 0.009497 0.532719 -0.079887 0.842460
1753905437.219582 16599951.709413 4834027.128263 -102470537.083833 0.009497 0.532719 -0.079887 0.842460
1753905437.224582 16599951.702575 4834027.129413 -102470537.077845 0.009372 0.557273 -0.080857 0.826330
1753905437.229582 16599951.702575 4834027.129413 -102470537.077845 0.009372 0.557273 -0.080857 0.826330
1753905437.234582 16599951.702575 4834027.129413 -102470537.077845 0.009372 0.557273 -0.080857 0.826330
1753905437.239583 16599951.702575 4834027.129413 -102470537.077845 0.009372 0.557273 -0.080857 0.826330
1753905437.244582 16599951.702575 4834027.129413 -102470537.077845 0.009372 0.557273 -0.080857 0.826330
1753905437.249582 16599951.702575 4834027.129413 -102470537.077845 0.009372 0.557273 -0.080857 0.826330
1753905437.254583 16599951.702575 4834027.129413 -102470537.077845 0.009372 0.557273 -0.080857 0.826330
1753905437.259582 16599951.702575 4834027.129413 -102470537.077845 0.009372 0.557273 -0.080857 0.826330
1753905437.264582 16599951.702575 4834027.129413 -102470537.077845 0.009372 0.557273 -0.080857 0.826330
1753905437.269583 16599951.702575 4834027.129413 -102470537.077845 0.009372 0.557273 -0.080857 0.826330
1753905437.274583 16599951.702575 4834027.129413 -102470537.077845 0.009372 0.557273 -0.080857 0.826330
1753905437.279582 16599951.702575 4834027.129413 -102470537.077845 0.009372 0.557273 -0.080857 0.826330
1753905437.284583 16599951.702575 4834027.129413 -102470537.077845 0.009372 0.557273 -0.080857 0.826330
1753905437.289583 16599951.696048 4834027.130364 -102470537.072632 0.008887 0.582784 -0.082897 0.808339
1753905437.294584 16599951.696048 4834027.130364 -102470537.072632 0.008887 0.582784 -0.082897 0.808339
1753905437.299583 16599951.696048 4834027.130364 -102470537.072632 0.008887 0.582784 -0.082897 0.808339
1753905437.304583 16599951.696048 4834027.130364 -102470537.072632 0.008887 0.582784 -0.082897 0.808339
1753905437.309584 16599951.696048 4834027.130364 -102470537.072632 0.008887 0.582784 -0.082897 0.808339
1753905437.314584 16599951.696048 4834027.130364 -102470537.072632 0.008887 0.582784 -0.082897 0.808339
1753905437.319584 16599951.696048 4834027.130364 -102470537.072632 0.008887 0.582784 -0.082897 0.808339
1753905437.324584 16599951.696048 4834027.130364 -102470537.072632 0.008887 0.582784 -0.082897 0.808339
1753905437.329585 16599951.696048 4834027.130364 -102470537.072632 0.008887 0.582784 -0.082897 0.808339
1753905437.334584 16599951.696048 4834027.130364 -102470537.072632 0.008887 0.582784 -0.082897 0.808339
1753905437.339585 16599951.696048 4834027.130364 -102470537.072632 0.008887 0.582784 -0.082897 0.808339
1753905437.344585 16599951.696048 4834027.130364 -102470537.072632 0.008887 0.582784 -0.082897 0.808339
1753905437.349586 16599951.696048 4834027.130364 -102470537.072632 0.008887 0.582784 -0.082897 0.808339
1753905437.354585 16599951.689686 4834027.133221 -102470537.065985 0.009640 0.607622 -0.085686 0.789531
1753905437.359586 16599951.689686 4834027.133221 -102470537.065985 0.009640 0.607622 -0.085686 0.789531
1753905437.364585 16599951.689686 4834027.133221 -102470537.065985 0.009640 0.607622 -0.085686 0.789531
1753905437.369585 16599951.689686 4834027.133221 -102470537.065985 0.009640 0.607622 -0.085686 0.789531
1753905437.374586 16599951.689686 4834027.133221 -102470537.065985 0.009640 0.607622 -0.085686 0.789531
1753905437.379586 16599951.689686 4834027.133221 -102470537.065985 0.009640 0.607622 -0.085686 0.789531
1753905437.384586 16599951.689686 4834027.133221 -102470537.065985 0.009640 0.607622 -0.085686 0.789531
1753905437.389586 16599951.689686 4834027.133221 -102470537.065985 0.009640 0.607622 -0.085686 0.789531
1753905437.394586 16599951.689686 4834027.133221 -102470537.065985 0.009640 0.607622 -0.085686 0.789531
1753905437.399587 16599951.689686 4834027.133221 -102470537.065985 0.009640 0.607622 -0.085686 0.789531
1753905437.404586 16599951.689686 4834027.133221 -102470537.065985 0.009640 0.607622 -0.085686 0.789531
1753905437.409587 16599951.689686 4834027.133221 -102470537.065985 0.009640 0.607622 -0.085686 0.789531
1753905437.414587 16599951.689686 4834027.133221 -102470537.065985 0.009640 0.607622 -0.085686 0.789531
1753905437.419586 16599951.689686 4834027.133221 -102470537.065985 0.009640 0.607622 -0.085686 0.789531
1753905437.421102 16599951.684141 4834027.132322 -102470537.060488 0.013190 0.628287 -0.090071 0.772637
1753905437.424587 16599951.684141 4834027.132322 -102470537.060488 0.013190 0.628287 -0.090071 0.772637
1753905437.429587 16599951.684141 4834027.132322 -102470537.060488 0.013190 0.628287 -0.090071 0.772637
1753905437.434588 16599951.684141 4834027.132322 -102470537.060488 0.013190 0.628287 -0.090071 0.772637
1753905437.439587 16599951.684141 4834027.132322 -102470537.060488 0.013190 0.628287 -0.090071 0.772637
1753905437.444587 16599951.684141 4834027.132322 -102470537.060488 0.013190 0.628287 -0.090071 0.772637
1753905437.449588 16599951.684141 4834027.132322 -102470537.060488 0.013190 0.628287 -0.090071 0.772637
1753905437.454587 16599951.684141 4834027.132322 -102470537.060488 0.013190 0.628287 -0.090071 0.772637
1753905437.459588 16599951.684141 4834027.132322 -102470537.060488 0.013190 0.628287 -0.090071 0.772637
1753905437.464588 16599951.684141 4834027.132322 -102470537.060488 0.013190 0.628287 -0.090071 0.772637
1753905437.469589 16599951.684141 4834027.132322 -102470537.060488 0.013190 0.628287 -0.090071 0.772637
1753905437.474588 16599951.684141 4834027.132322 -102470537.060488 0.013190 0.628287 -0.090071 0.772637
1753905437.479588 16599951.684141 4834027.132322 -102470537.060488 0.013190 0.628287 -0.090071 0.772637
1753905437.484589 16599951.684141 4834027.132322 -102470537.060488 0.013190 0.628287 -0.090071 0.772637
1753905437.489589 16599951.681563 4834027.133539 -102470537.055376 0.016657 0.646680 -0.093047 0.756881
1753905437.494588 16599951.681563 4834027.133539 -102470537.055376 0.016657 0.646680 -0.093047 0.756881
1753905437.499589 16599951.681563 4834027.133539 -102470537.055376 0.016657 0.646680 -0.093047 0.756881
1753905437.504589 16599951.681563 4834027.133539 -102470537.055376 0.016657 0.646680 -0.093047 0.756881
1753905437.509589 16599951.681563 4834027.133539 -102470537.055376 0.016657 0.646680 -0.093047 0.756881
1753905437.514589 16599951.681563 4834027.133539 -102470537.055376 0.016657 0.646680 -0.093047 0.756881
1753905437.519589 16599951.681563 4834027.133539 -102470537.055376 0.016657 0.646680 -0.093047 0.756881
1753905437.524590 16599951.681563 4834027.133539 -102470537.055376 0.016657 0.646680 -0.093047 0.756881
1753905437.529589 16599951.681563 4834027.133539 -102470537.055376 0.016657 0.646680 -0.093047 0.756881
1753905437.534590 16599951.681563 4834027.133539 -102470537.055376 0.016657 0.646680 -0.093047 0.756881
1753905437.539590 16599951.681563 4834027.133539 -102470537.055376 0.016657 0.646680 -0.093047 0.756881
1753905437.544589 16599951.681563 4834027.133539 -102470537.055376 0.016657 0.646680 -0.093047 0.756881
1753905437.549589 16599951.681563 4834027.133539 -102470537.055376 0.016657 0.646680 -0.093047 0.756881
1753905437.554590 16599951.682283 4834027.135994 -102470537.049453 0.020173 0.665717 -0.097196 0.739572
1753905437.559590 16599951.682283 4834027.135994 -102470537.049453 0.020173 0.665717 -0.097196 0.739572
1753905437.564590 16599951.682283 4834027.135994 -102470537.049453 0.020173 0.665717 -0.097196 0.739572
1753905437.569590 16599951.682283 4834027.135994 -102470537.049453 0.020173 0.665717 -0.097196 0.739572
1753905437.574590 16599951.682283 4834027.135994 -102470537.049453 0.020173 0.665717 -0.097196 0.739572
1753905437.579591 16599951.682283 4834027.135994 -102470537.049453 0.020173 0.665717 -0.097196 0.739572
1753905437.584590 16599951.682283 4834027.135994 -102470537.049453 0.020173 0.665717 -0.097196 0.739572
1753905437.589591 16599951.682283 4834027.135994 -102470537.049453 0.020173 0.665717 -0.097196 0.739572
1753905437.594591 16599951.682283 4834027.135994 -102470537.049453 0.020173 0.665717 -0.097196 0.739572
1753905437.599591 16599951.682283 4834027.135994 -102470537.049453 0.020173 0.665717 -0.097196 0.739572
1753905437.604591 16599951.682283 4834027.135994 -102470537.049453 0.020173 0.665717 -0.097196 0.739572
1753905437.609591 16599951.682283 4834027.135994 -102470537.049453 0.020173 0.665717 -0.097196 0.739572
1753905437.614591 16599951.682283 4834027.135994 -102470537.049453 0.020173 0.665717 -0.097196 0.739572
1753905437.619592 16599951.682283 4834027.135994 -102470537.049453 0.020173 0.665717 -0.097196 0.739572
1753905437.624591 16599951.679863 4834027.135719 -102470537.045014 0.022357 0.683804 -0.101849 0.722176
1753905437.629591 16599951.679863 4834027.135719 -102470537.045014 0.022357 0.683804 -0.101849 0.722176
1753905437.634592 16599951.679863 4834027.135719 -102470537.045014 0.022357 0.683804 -0.101849 0.722176
1753905437.639591 16599951.679863 4834027.135719 -102470537.045014 0.022357 0.683804 -0.101849 0.722176
1753905437.644592 16599951.679863 4834027.135719 -102470537.045014 0.022357 0.683804 -0.101849 0.722176
1753905437.649592 16599951.679863 4834027.135719 -102470537.045014 0.022357 0.683804 -0.101849 0.722176
1753905437.654591 16599951.679863 4834027.135719 -102470537.045014 0.022357 0.683804 -0.101849 0.722176
1753905437.659592 16599951.679863 4834027.135719 -102470537.045014 0.022357 0.683804 -0.101849 0.722176
1753905437.664592 16599951.679863 4834027.135719 -102470537.045014 0.022357 0.683804 -0.101849 0.722176
1753905437.669591 16599951.679863 4834027.135719 -102470537.045014 0.022357 0.683804 -0.101849 0.722176
1753905437.674592 16599951.679863 4834027.135719 -102470537.045014 0.022357 0.683804 -0.101849 0.722176
1753905437.679592 16599951.679863 4834027.135719 -102470537.045014 0.022357 0.683804 -0.101849 0.722176
1753905437.684592 16599951.679863 4834027.135719 -102470537.045014 0.022357 0.683804 -0.101849 0.722176
1753905437.689593 16599951.677779 4834027.136095 -102470537.040000 0.020727 0.701007 -0.106711 0.704821
1753905437.694592 16599951.677779 4834027.136095 -102470537.040000 0.020727 0.701007 -0.106711 0.704821
1753905437.699592 16599951.677779 4834027.136095 -102470537.040000 0.020727 0.701007 -0.106711 0.704821
1753905437.704593 16599951.677779 4834027.136095 -102470537.040000 0.020727 0.701007 -0.106711 0.704821
1753905437.709592 16599951.677779 4834027.136095 -102470537.040000 0.020727 0.701007 -0.106711 0.704821
1753905437.714592 16599951.677779 4834027.136095 -102470537.040000 0.020727 0.701007 -0.106711 0.704821
1753905437.719592 16599951.677779 4834027.136095 -102470537.040000 0.020727 0.701007 -0.106711 0.704821
1753905437.724592 16599951.677779 4834027.136095 -102470537.040000 0.020727 0.701007 -0.106711 0.704821
1753905437.729592 16599951.677779 4834027.136095 -102470537.040000 0.020727 0.701007 -0.106711 0.704821
1753905437.734592 16599951.677779 4834027.136095 -102470537.040000 0.020727 0.701007 -0.106711 0.704821
1753905437.739593 16599951.677779 4834027.136095 -102470537.040000 0.020727 0.701007 -0.106711 0.704821
1753905437.744592 16599951.677779 4834027.136095 -102470537.040000 0.020727 0.701007 -0.106711 0.704821
1753905437.749592 16599951.677779 4834027.136095 -102470537.040000 0.020727 0.701007 -0.106711 0.704821
1753905437.754592 16599951.677329 4834027.136319 -102470537.033536 0.019019 0.716819 -0.108958 0.688430
1753905437.759593 16599951.677329 4834027.136319 -102470537.033536 0.019019 0.716819 -0.108958 0.688430
1753905437.764592 16599951.677329 4834027.136319 -102470537.033536 0.019019 0.716819 -0.108958 0.688430
1753905437.769593 16599951.677329 4834027.136319 -102470537.033536 0.019019 0.716819 -0.108958 0.688430
1753905437.774593 16599951.677329 4834027.136319 -102470537.033536 0.019019 0.716819 -0.108958 0.688430
1753905437.779592 16599951.677329 4834027.136319 -102470537.033536 0.019019 0.716819 -0.108958 0.688430
1753905437.784593 16599951.677329 4834027.136319 -102470537.033536 0.019019 0.716819 -0.108958 0.688430
1753905437.789593 16599951.677329 4834027.136319 -102470537.033536 0.019019 0.716819 -0.108958 0.688430
1753905437.794593 16599951.677329 4834027.136319 -102470537.033536 0.019019 0.716819 -0.108958 0.688430
1753905437.799592 16599951.677329 4834027.136319 -102470537.033536 0.019019 0.716819 -0.108958 0.688430
1753905437.804593 16599951.677329 4834027.136319 -102470537.033536 0.019019 0.716819 -0.108958 0.688430
1753905437.809593 16599951.677329 4834027.136319 -102470537.033536 0.019019 0.716819 -0.108958 0.688430
1753905437.814592 16599951.677329 4834027.136319 -102470537.033536 0.019019 0.716819 -0.108958 0.688430
1753905437.819592 16599951.677329 4834027.136319 -102470537.033536 0.019019 0.716819 -0.108958 0.688430
1753905437.824593 16599951.678174 4834027.135490 -102470537.028056 0.021446 0.729374 -0.109484 0.674957
1753905437.829592 16599951.678174 4834027.135490 -102470537.028056 0.021446 0.729374 -0.109484 0.674957
1753905437.834592 16599951.678174 4834027.135490 -102470537.028056 0.021446 0.729374 -0.109484 0.674957
1753905437.839592 16599951.678174 4834027.135490 -102470537.028056 0.021446 0.729374 -0.109484 0.674957
1753905437.844593 16599951.678174 4834027.135490 -102470537.028056 0.021446 0.729374 -0.109484 0.674957
1753905437.849592 16599951.678174 4834027.135490 -102470537.028056 0.021446 0.729374 -0.109484 0.674957
1753905437.854593 16599951.678174 4834027.135490 -102470537.028056 0.021446 0.729374 -0.109484 0.674957
1753905437.859593 16599951.678174 4834027.135490 -102470537.028056 0.021446 0.729374 -0.109484 0.674957
1753905437.864592 16599951.678174 4834027.135490 -102470537.028056 0.021446 0.729374 -0.109484 0.674957
1753905437.869592 16599951.678174 4834027.135490 -102470537.028056 0.021446 0.729374 -0.109484 0.674957
1753905437.874593 16599951.678174 4834027.135490 -102470537.028056 0.021446 0.729374 -0.109484 0.674957
1753905437.879593 16599951.678174 4834027.135490 -102470537.028056 0.021446 0.729374 -0.109484 0.674957
1753905437.884592 16599951.678174 4834027.135490 -102470537.028056 0.021446 0.729374 -0.109484 0.674957
1753905437.889592 16599951.681103 4834027.135919 -102470537.023132 0.026614 0.739039 -0.109939 0.664098
1753905437.894593 16599951.681103 4834027.135919 -102470537.023132 0.026614 0.739039 -0.109939 0.664098
1753905437.899593 16599951.681103 4834027.135919 -102470537.023132 0.026614 0.739039 -0.109939 0.664098
1753905437.904592 16599951.681103 4834027.135919 -102470537.023132 0.026614 0.739039 -0.109939 0.664098
1753905437.909593 16599951.681103 4834027.135919 -102470537.023132 0.026614 0.739039 -0.109939 0.664098
1753905437.914593 16599951.681103 4834027.135919 -102470537.023132 0.026614 0.739039 -0.109939 0.664098
1753905437.919592 16599951.681103 4834027.135919 -102470537.023132 0.026614 0.739039 -0.109939 0.664098
1753905437.924592 16599951.681103 4834027.135919 -102470537.023132 0.026614 0.739039 -0.109939 0.664098
1753905437.929593 16599951.681103 4834027.135919 -102470537.023132 0.026614 0.739039 -0.109939 0.664098
1753905437.934593 16599951.681103 4834027.135919 -102470537.023132 0.026614 0.739039 -0.109939 0.664098
1753905437.939592 16599951.681103 4834027.135919 -102470537.023132 0.026614 0.739039 -0.109939 0.664098
1753905437.944592 16599951.681103 4834027.135919 -102470537.023132 0.026614 0.739039 -0.109939 0.664098
1753905437.949593 16599951.681103 4834027.135919 -102470537.023132 0.026614 0.739039 -0.109939 0.664098
1753905437.954593 16599951.681310 4834027.134660 -102470537.019386 0.033866 0.746791 -0.113566 0.654414
1753905437.959592 16599951.681310 4834027.134660 -102470537.019386 0.033866 0.746791 -0.113566 0.654414
1753905437.964592 16599951.681310 4834027.134660 -102470537.019386 0.033866 0.746791 -0.113566 0.654414
1753905437.969593 16599951.681310 4834027.134660 -102470537.019386 0.033866 0.746791 -0.113566 0.654414
1753905437.974591 16599951.681310 4834027.134660 -102470537.019386 0.033866 0.746791 -0.113566 0.654414
1753905437.979592 16599951.681310 4834027.134660 -102470537.019386 0.033866 0.746791 -0.113566 0.654414
1753905437.984592 16599951.681310 4834027.134660 -102470537.019386 0.033866 0.746791 -0.113566 0.654414
1753905437.989591 16599951.681310 4834027.134660 -102470537.019386 0.033866 0.746791 -0.113566 0.654414
1753905437.994591 16599951.681310 4834027.134660 -102470537.019386 0.033866 0.746791 -0.113566 0.654414
1753905437.999592 16599951.681310 4834027.134660 -102470537.019386 0.033866 0.746791 -0.113566 0.654414
1753905438.004592 16599951.681310 4834027.134660 -102470537.019386 0.033866 0.746791 -0.113566 0.654414
1753905438.009591 16599951.681310 4834027.134660 -102470537.019386 0.033866 0.746791 -0.113566 0.654414
1753905438.014591 16599951.681310 4834027.134660 -102470537.019386 0.033866 0.746791 -0.113566 0.654414
1753905438.019592 16599951.681310 4834027.134660 -102470537.019386 0.033866 0.746791 -0.113566 0.654414
1753905438.024592 16599951.681030 4834027.135581 -102470537.015432 0.039559 0.756001 -0.115917 0.643009
1753905438.029591 16599951.681030 4834027.135581 -102470537.015432 0.039559 0.756001 -0.115917 0.643009
1753905438.034591 16599951.681030 4834027.135581 -102470537.015432 0.039559 0.756001 -0.115917 0.643009
1753905438.039592 16599951.681030 4834027.135581 -102470537.015432 0.039559 0.756001 -0.115917 0.643009
1753905438.044591 16599951.681030 4834027.135581 -102470537.015432 0.039559 0.756001 -0.115917 0.643009
1753905438.049591 16599951.681030 4834027.135581 -102470537.015432 0.039559 0.756001 -0.115917 0.643009
