timestamp,frame,subject,segment,x,y,z,qx,qy,qz,qw
1757619195597.0483,190352,April7,April7,1192.3727163661435,1529.7276414873527,1642.946257712117,-0.6843278631419025,0.1827743066075522,-0.18375032512109915,0.6815605230569449
1757619195597.0483,190352,UWB2,UWB2,-1223.0603901213374,2021.7751578536377,1719.6132021821495,0.500445199490539,0.5015154847210924,-0.4945420546524121,0.5034530534935837
1757619195597.0483,190352,UWB3,UWB3,1879.2455307835614,-1460.325301996573,1388.3640295710056,-0.7062233835445229,-0.0007012025908422355,0.7079864258055187,-0.0018060246341835458
1757619195597.0483,190352,UWB4,UWB4,-749.4274452648862,-1868.4357141221199,1445.0704129458586,-0.1373779254737783,0.5952969375317905,0.09752004542433468,0.7856454050640329
1757619195597.0483,190352,UWB1,UWB1,-168.85985249837256,-443.428116691219,238.4576597643301,0.018892670250812527,0.3391848752385462,0.06662315343029049,0.9381673853035023
1757619195597.0483,190352,LeftRS,LeftRS,-215.1973394959333,-481.449930866677,250.674452958994,-0.006136520089767123,-0.5500311459261468,0.8350954422899277,-0.006609379618988405
1757619195607.1912,190353,April7,April7,1192.3845089261315,1529.7213541758206,1642.9439183426,-0.684319762805645,0.18270301807098013,-0.1837590263488166,0.6815854235946627
1757619195607.1912,190353,UWB2,UWB2,-1223.0071005861294,2021.8382894247823,1719.60375450768,0.5010308717734158,0.5006794039887634,-0.4961546253656544,0.5021143173418728
1757619195607.1912,190353,UWB3,UWB3,1879.250149972227,-1460.3137216893822,1388.348282027146,-0.7062676391991871,-0.000496216604658296,0.7079416772639067,-0.002087386369306915
1757619195607.1912,190353,UWB4,UWB4,-749.3825063086209,-1868.4717882366037,1445.2846601266067,-0.14138549678730913,0.5985577560088808,0.09471662606354748,0.7827946823829076
1757619195607.1912,190353,UWB1,UWB1,-168.8525211217582,-443.41566488769803,238.47697838349697,0.0187705088189628,0.3393061393666489,0.06660974794918928,0.9381269387801008
1757619195607.1912,190353,LeftRS,LeftRS,-215.19422572346926,-481.4403944165753,250.65122856114527,-0.006293813121084924,-0.5505700826227182,0.8347384748063312,-0.0066821190658387115
1757619195616.1975,190354,April7,April7,1192.3743544486335,1529.7305731587373,1642.951095283162,-0.6843179783603575,0.1827047697910425,-0.18376766786469836,0.6815844157813216
1757619195616.1975,190354,UWB2,UWB2,-1223.0521427190245,2021.8000782739698,1719.5906329364486,0.5008699862532999,0.5014417215454833,-0.49521523431438685,0.5024413681884368
1757619195616.1975,190354,UWB3,UWB3,1879.2642089395881,-1460.3022204940846,1388.3726982393646,-0.7060779399586038,-0.0004901160488409969,0.7081320523265089,-0.001642850546967389
1757619195616.1975,190354,UWB4,UWB4,-749.3744044324168,-1868.4448184624177,1445.2991860334316,-0.14157085037909606,0.5985124358629181,0.09489888532239328,0.7827737604218369
1757619195616.1975,190354,UWB1,UWB1,-168.85440613337673,-443.4241577101631,238.46661452457172,0.019007687334066648,0.33922475569853466,0.06653854625947685,0.9381566472637474
1757619195616.1975,190354,LeftRS,LeftRS,-215.19796422558778,-481.4268314924637,250.65137451947038,-0.006961008610983841,-0.5512271693727286,0.834303809133903,-0.0061078776270574375
1757619195627.1953,190355,April7,April7,1192.591703773342,1529.5984048515506,1642.8201305469731,-0.6845059043414602,0.18293723063998177,-0.18433144299654583,0.6811810006820986
1757619195627.1953,190355,UWB2,UWB2,-1223.0610990777607,2021.770415449367,1719.6125902148121,0.5003584129918297,0.5009132480739142,-0.49523861392156476,0.5034541605085675
1757619195627.1953,190355,UWB3,UWB3,1879.2483845823076,-1460.3206157522352,1388.3576628982394,-0.7062904619804597,-0.0005279790560187157,0.7079197761057007,-0.001759304408014154
1757619195627.1953,190355,UWB4,UWB4,-749.4018513816808,-1868.4567922461117,1445.071936359354,-0.13723303221899383,0.5954377118086466,0.09757769571827277,0.7855568849691129
1757619195627.1953,190355,UWB1,UWB1,-168.8542516779279,-443.4083827464634,238.46671972501963,0.018714565671090665,0.3393538540010034,0.06654642318434908,0.9381152916181347
1757619195627.1953,190355,LeftRS,LeftRS,-215.1984035912572,-481.0226394423154,250.71092452816066,-0.009831881570058718,-0.5636080677302668,0.8259468642613126,-0.007813930576365426
1757619195635.2634,190356,April7,April7,1192.3650411136557,1529.719681685668,1642.949471470955,-0.6843314371820751,0.1827498501891163,-0.1837504348690651,0.6815634629479493
1757619195635.2634,190356,UWB2,UWB2,-1223.0891371941375,2021.7918625692732,1719.5768548121002,0.5005770107619906,0.5009500928101693,-0.49501137856852073,0.5034236743516991
1757619195635.2634,190356,UWB3,UWB3,1879.2839625380711,-1460.3208204367297,1388.3776521360105,-0.7058055272852125,-0.0006414049301298032,0.708403173345295,-0.0017579100303656233
1757619195635.2634,190356,UWB4,UWB4,-749.4293293986311,-1868.4324219889795,1445.0719965881774,-0.13683355384829846,0.5951924146828831,0.09723572534238255,0.7858548095942052
1757619195635.2634,190356,UWB1,UWB1,-168.85117965339865,-443.412568340198,238.4641156642868,0.01849694529658903,0.33927786489719175,0.066683650713406,0.9381373482241449
1757619195635.2634,190356,LeftRS,LeftRS,-215.22648071464013,-481.0002138414554,250.71345659913044,-0.01035191371698206,-0.5649127048396052,0.8250547485838564,-0.0071509182925508655
1757619195647.4548,190357,April7,April7,1192.385689001336,1529.7548034356569,1642.9644084613121,-0.6842868577946717,0.18294623430856538,-0.1838215487647592,0.681536359860232
1757619195647.4548,190357,UWB2,UWB2,-1223.0418040661214,2021.7603919714325,1719.5976721582128,0.5006251620472663,0.5018300193589484,-0.49467143433258115,0.5028332236941916
1757619195647.4548,190357,UWB3,UWB3,1879.2862716056836,-1460.3186683504346,1388.3745539221375,-0.7060293371056363,-0.0004240983374200632,0.7081802608913484,-0.001764474606677433
1757619195647.4548,190357,UWB4,UWB4,-749.3708643284998,-1868.472359881131,1445.0896705939256,-0.13741243979085846,0.595550582119978,0.09808490239299776,0.7853767741981139
1757619195647.4548,190357,UWB1,UWB1,-168.8519893473615,-443.4218169039569,238.4479170638732,0.018670023635438078,0.3390267606095849,0.06671940718127134,0.9382221520052717
1757619195647.4548,190357,LeftRS,LeftRS,-215.17866563590155,-481.4016955906068,250.66432885792113,-0.0069703149617126176,-0.5516439241506509,0.8340278189482477,-0.006163836259540146
1757619195656.6016,190358,April7,April7,1192.608767550185,1529.61858536522,1642.7988980255245,-0.6844500381225217,0.18291584730617666,-0.18440331564416176,0.6812234253883096
1757619195656.6016,190358,UWB2,UWB2,-1223.0516565923988,2021.7695448891427,1719.657999624413,0.5003384063496529,0.5014021887133667,-0.49503126829613187,0.5031911840384907
1757619195656.6016,190358,UWB3,UWB3,1879.2893444884046,-1460.3063476939944,1388.3502977444348,-0.7060509126201123,-0.0002915910068242017,0.7081586189200655,-0.0018423387899513034
1757619195656.6016,190358,UWB4,UWB4,-749.386844348706,-1868.412897998789,1445.0638026217414,-0.1372749218458271,0.5954252310973503,0.0981202641275685,0.7854914409288144
1757619195656.6016,190358,UWB1,UWB1,-168.86514975811332,-443.40083497907347,238.4659657891747,0.01862673809022975,0.3392189656176338,0.06663893533471923,0.9381592563583625
1757619195656.6016,190358,LeftRS,LeftRS,-215.19722115796984,-481.0105360189145,250.72386754475875,-0.00974595820265018,-0.5632501732812583,0.8261898101365587,-0.008040909392722497
1757619195666.741,190359,April7,April7,1192.5877898307695,1529.5983920400986,1642.829716540605,-0.6845134646409343,0.18296870035568455,-0.18432794106396452,0.6811658987049599
1757619195666.741,190359,UWB2,UWB2,-1223.0415226345938,2021.8199240641825,1719.6197156499204,0.5012861029913732,0.5006127188980711,-0.4958207746936661,0.5022558192867217
1757619195666.741,190359,UWB3,UWB3,1879.2581940439513,-1460.311847498081,1388.3529664429038,-0.7061063156098211,-0.0005750812599076703,0.7081031784250631,-0.001851767207693219
1757619195666.741,190359,UWB4,UWB4,-749.4703167360365,-1868.4390639537148,1445.0648256925222,-0.1365547595148718,0.5948999259149145,0.09713348094144521,0.7861373688360469
1757619195666.741,190359,UWB1,UWB1,-168.86768685114134,-443.42829736554575,238.4510069002966,0.019041696045935336,0.339174092537367,0.0666367002160581,0.9381673086115626
1757619195666.741,190359,LeftRS,LeftRS,-215.22953341362623,-481.0059179094777,250.71040684029393,-0.01022555312547535,-0.5642301431167294,0.8255203952970223,-0.00747399561152497
1757619195677.7554,190360,April7,April7,1192.38450859599,1529.7213535967735,1642.9439186421655,-0.6843197657765654,0.18270302892673243,-0.18375903538104602,0.6815854152667381
1757619195677.7554,190360,UWB2,UWB2,-1223.062093575272,2021.7906402771316,1719.5976429214043,0.5006216798283467,0.5011686892576108,-0.49539439995748635,0.5027845135686012
1757619195677.7554,190360,UWB3,UWB3,1879.2734175805724,-1460.31396692667,1388.3620304615795,-0.70602026519091,-0.0005981085282385089,0.708188787244278,-0.0019154705490619978
1757619195677.7554,190360,UWB4,UWB4,-749.378757404453,-1868.4521003438142,1445.3061968179334,-0.14159498260345146,0.5985013215534515,0.09487272232811136,0.7827810648951298
1757619195677.7554,190360,UWB1,UWB1,-168.85660053690233,-443.4172761736958,238.45569151125312,0.018978848881976533,0.33909751005117983,0.06650203916809948,0.9382058200409384
1757619195677.7554,190360,LeftRS,LeftRS,-215.19022945373143,-481.4144917776173,250.64457228744016,-0.00666766724752647,-0.5515231483383015,0.8341095484460238,-0.006246619217977228
1757619195690.4385,190361,April7,April7,1192.5819765259455,1529.597861023235,1642.7933661099346,-0.6845252960417104,0.18294707929179413,-0.1843096656544503,0.6811647615694425
1757619195690.4385,190361,UWB2,UWB2,-1223.0872314429976,2021.8428535697162,1719.569653392285,0.500844987390354,0.5003831680878673,-0.4956876244816865,0.5030554270018445
1757619195690.4385,190361,UWB3,UWB3,1879.264743235316,-1460.338551836126,1388.373017500629,-0.7060110576983147,-0.000771030150178449,0.7081978849989957,-0.0018835082064485068
1757619195690.4385,190361,UWB4,UWB4,-749.3546895157288,-1868.450338329313,1445.2813725579574,-0.1417278408648501,0.598917893848732,0.09500198869963437,0.7824226464607869
1757619195690.4385,190361,UWB1,UWB1,-168.85512899426897,-443.42678962204883,238.45479015862688,0.01875013394518139,0.3392492982762417,0.06665203369953374,0.9381448995223668
1757619195690.4385,190361,LeftRS,LeftRS,-215.1759510434323,-481.4255404125501,250.65431449337257,-0.006761764152063104,-0.5512696895152572,0.8342724403982269,-0.006745602959763969
1757619195696.39,190362,April7,April7,1192.5819354457155,1529.569296223349,1642.8324867115446,-0.68449512659656,0.18287329610262715,-0.18420751707789496,0.6812425191443334
1757619195696.39,190362,UWB2,UWB2,-1223.050781221529,2021.7490573415853,1719.5822594614908,0.5003225198213075,0.5018771179552233,-0.49457514304283384,0.5031820371563126
1757619195696.39,190362,UWB3,UWB3,1879.2717137490108,-1460.3199678696615,1388.3691084924617,-0.7060483324288171,-0.0006467177699242624,0.7081607886888394,-0.0019056217393838806
1757619195696.39,190362,UWB4,UWB4,-749.3963386990209,-1868.465601383293,1445.2874099908192,-0.1416719596554999,0.5984645547390454,0.0948820759447853,0.7827941135654859
1757619195696.39,190362,UWB1,UWB1,-168.85982254665132,-443.4310010996803,238.4588609443031,0.018735178502793975,0.3392711587057392,0.06663198988562571,0.9381387167582498
1757619195696.39,190362,LeftRS,LeftRS,-215.15161020268596,-481.40807493334324,250.650452045383,-0.0068457225946582986,-0.5516474983816284,0.8340216808574535,-0.006783028170096955
1757619195706.723,190363,April7,April7,1192.3823498919692,1529.740361627736,1642.967347550688,-0.6842460231518828,0.18281207798451257,-0.1837508517282251,0.6816324144529582
1757619195706.723,190363,UWB2,UWB2,-1223.0971572030076,2021.750713767089,1719.6104573193588,0.5004023791693656,0.5019780398118237,-0.49354851606234174,0.5040092943200335
1757619195706.723,190363,UWB3,UWB3,1879.2818428698115,-1460.3162654606683,1388.3655980673877,-0.7059193247842457,-0.0003820022380168607,0.7082894451025092,-0.0019552306320985797
1757619195706.723,190363,UWB4,UWB4,-749.3810984122738,-1868.4214157174138,1445.0826077240577,-0.13776628289262938,0.5957737863559968,0.09789376531878743,0.7851693177275187
1757619195706.723,190363,UWB1,UWB1,-168.85583815775925,-443.427171468041,238.4588201297861,0.01870068412522926,0.33927849983451513,0.06664149584897044,0.9381360748816245
1757619195706.723,190363,LeftRS,LeftRS,-215.21689549229256,-481.0129287852338,250.72067272509742,-0.009928994283389324,-0.5642601593807668,0.8254988714085286,-0.007968745908717545
1757619195717.709,190364,April7,April7,1192.5819974385674,1529.5644074786892,1642.836478780118,-0.684532056878577,0.18297400139495312,-0.1842526263105244,0.6811661674046785
1757619195717.709,190364,UWB2,UWB2,-1223.0109616024486,2021.7502847192056,1719.5975698854002,0.5002303249660621,0.5017410968431875,-0.4945363618681437,0.5034473959741608
1757619195717.709,190364,UWB3,UWB3,1879.268915639998,-1460.3319646869052,1388.385558699124,-0.7058972676151117,-0.0010993510261858204,0.7083106953971229,-0.0019487911341787905
1757619195717.709,190364,UWB4,UWB4,-749.4270038755765,-1868.47228037321,1445.049890312605,-0.1370368478578359,0.5952811224880679,0.09754466022646702,0.7857138962751248
1757619195717.709,190364,UWB1,UWB1,-168.85136953281665,-443.3984348353217,238.45886485370312,0.018524052980449516,0.33938436189072213,0.06650445589696129,0.9381110124665705
1757619195717.709,190364,LeftRS,LeftRS,-215.19557571940433,-481.4218985030688,250.6498224033131,-0.006477063402656974,-0.5513729920176607,0.8342111053290565,-0.006140282472690886
1757619195727.7178,190365,April7,April7,1192.5757009219458,1529.5888579092639,1642.8236152927825,-0.6844841281745833,0.18286594121751376,-0.18422895123404323,0.6812497481444806
1757619195727.7178,190365,UWB2,UWB2,-1223.0622897563555,2021.7670068764814,1719.588039833926,0.5009955541295471,0.5015585826081334,-0.4944978324665806,0.5029058924295895
1757619195727.7178,190365,UWB3,UWB3,1879.290895943067,-1460.2878520754741,1388.3550190423489,-0.7058969062183866,-8.93477259427938e-05,0.7083127923669429,-0.001593103147414561
1757619195727.7178,190365,UWB4,UWB4,-749.4041835659381,-1868.4467110515363,1445.0835730391445,-0.13716741280994454,0.5953240321326754,0.09767903394558884,0.7856419056769924
1757619195727.7178,190365,UWB1,UWB1,-168.8534861331342,-443.43219635117225,238.4595117566595,0.01862265353041322,0.339175293728658,0.06685139525673921,0.9381600118592733
1757619195727.7178,190365,LeftRS,LeftRS,-215.20606002870275,-481.0603946179779,250.74182704405976,-0.009706113068673961,-0.562573813878716,0.8266503678806062,-0.008103369047040534
1757619195737.8953,190366,April7,April7,1192.587780620358,1529.588376269593,1642.8297571405797,-0.6844770936012319,0.18285998896315878,-0.1842366548605722,0.681256330449406
1757619195737.8953,190366,UWB2,UWB2,-1223.0529883085553,2021.8049859947782,1719.6082477165369,0.5008930081912276,0.5008990256781428,-0.4952197072388636,0.5029550695460624
1757619195737.8953,190366,UWB3,UWB3,1879.2688419230783,-1460.3072131083397,1388.366014911257,-0.7060722445056874,-0.0004929715633881004,0.7081378393436663,-0.0015946809782651393
1757619195737.8953,190366,UWB4,UWB4,-749.4188396617764,-1868.4028067797492,1445.0873517273026,-0.13724242883405405,0.5954560902574363,0.09735901871182566,0.7855684449992425
1757619195737.8953,190366,UWB1,UWB1,-168.86096379849005,-443.41459907454055,238.45718983193575,0.01867686612250852,0.33924355336955087,0.06660564332668782,0.9381517331679778
1757619195737.8953,190366,LeftRS,LeftRS,-215.21713318190814,-481.04905980740523,250.72459895438035,-0.009569706284473418,-0.5625959105530474,0.8266357420957787,-0.00822265409570823
1757619195747.0784,190367,April7,April7,1192.3986388912704,1529.7198705286726,1642.9418230381675,-0.6842941865494493,0.18272995948905119,-0.18372562995496355,0.6816128821093459
1757619195747.0784,190367,UWB2,UWB2,-1223.064961764303,2021.798798931514,1719.6037167377851,0.5007427947241709,0.501411182835298,-0.4949908223230916,0.5028196148475554
1757619195747.0784,190367,UWB3,UWB3,1879.276495416551,-1460.303412398896,1388.3669115717796,-0.7061486648926396,-0.00024930113753888165,0.7080618475585294,-0.001555940643946471
1757619195747.0784,190367,UWB4,UWB4,-749.383933237629,-1868.4478434776627,1445.2802654148222,-0.14181742193062227,0.5985364121871616,0.09479938406542998,0.7827228493559437
1757619195747.0784,190367,UWB1,UWB1,-168.85989395306288,-443.4157491199159,238.46366151615806,0.01861116615622352,0.33928274400710345,0.06663624426622163,0.9381366931654513
1757619195747.0784,190367,LeftRS,LeftRS,-215.17930030630575,-481.42680492689635,250.65463832499643,-0.006730059829619232,-0.5510823027758873,0.834395187742424,-0.006904529976748156
1757619195758.128,190368,April7,April7,1192.3781505958686,1529.7351403250354,1642.9274825724722,-0.6843906602977562,0.18287231009320232,-0.18377337978583788,0.6814649566782338
1757619195758.128,190368,UWB2,UWB2,-1223.0857818670688,2021.8239388211414,1719.5819928603885,0.5009833115849649,0.500718667340439,-0.4952752969671909,0.5029899779361786
1757619195758.128,190368,UWB3,UWB3,1879.280772848586,-1460.2882144548125,1388.3596317092931,-0.7060213068220615,-1.901904275013553e-07,0.7081891246728066,-0.0014415298805154147
1757619195758.128,190368,UWB4,UWB4,-749.4424679089923,-1868.4673367516996,1445.0631068105954,-0.13677069534206457,0.5953359645742895,0.09736000656279044,0.785741621210269
1757619195758.128,190368,UWB1,UWB1,-168.85997622233754,-443.4211868320555,238.4724208876417,0.018764068719888456,0.3393620657167595,0.06657295938008927,0.9381094494550761
1757619195758.128,190368,LeftRS,LeftRS,-215.19780741830078,-481.39432490287385,250.62455448512492,-0.0069671864016096026,-0.5521250625410817,0.8337092959504833,-0.006179277741063771
1757619195767.4294,190369,April7,April7,1192.5912034479306,1529.5852670068366,1642.8137708442368,-0.6844796065279567,0.18285361202913483,-0.1842426759529552,0.6812538889231582
1757619195767.4294,190369,UWB2,UWB2,-1223.072683838079,2021.7057147138562,1719.6052193364133,0.5004889879266166,0.5025277626673821,-0.493718509603708,0.5032083604108737
1757619195767.4294,190369,UWB3,UWB3,1879.2540289390413,-1460.3054419360303,1388.3612612794755,-0.7059698006134258,-0.0005669173703668428,0.7082394339002491,-0.0017954094769249093
1757619195767.4294,190369,UWB4,UWB4,-749.389589430296,-1868.4808736658829,1445.291506462602,-0.14146944390227015,0.5985004548799764,0.09488674298400623,0.7828027260787555
1757619195767.4294,190369,UWB1,UWB1,-168.86451735413547,-443.42553026623426,238.47045834259464,0.018780648147372816,0.33937606031959383,0.06661120903428262,0.938101339817883
1757619195767.4294,190369,LeftRS,LeftRS,-215.1950038831232,-481.4533740054338,250.66554241447983,-0.006041361232528915,-0.5499011872979902,0.8351795391305935,-0.006879213641712107
1757619195777.7952,190370,April7,April7,1192.3692123735243,1529.7231486435921,1642.9323570823933,-0.6843178792112452,0.1828047032164278,-0.18372341451933294,0.6815696498752969
1757619195777.7952,190370,UWB2,UWB2,-1223.08687525226,2021.8248227970917,1719.5817938787045,0.5009785814203099,0.5007977362729433,-0.4952382933521677,0.5029524044078343
1757619195777.7952,190370,UWB3,UWB3,1879.2643646997938,-1460.3001750658698,1388.3699518661,-0.7059027247738584,-0.0005127910908893036,0.7083064364074715,-0.0017528108534863227
1757619195777.7952,190370,UWB4,UWB4,-749.3589975068069,-1868.4417709078216,1445.06683725835,-0.13783114070847038,0.5956659448309513,0.09825521113174429,0.7851946079190232
1757619195777.7952,190370,UWB1,UWB1,-168.8459785952102,-443.4163077882176,238.46603619859872,0.01862423913594571,0.3394101835674432,0.06667981418137578,0.938087238687351
1757619195777.7952,190370,LeftRS,LeftRS,-215.18895844930682,-481.42997672221384,250.64688003813257,-0.006601871061758433,-0.5511847160643781,0.8343326371406015,-0.00639333070661776
1757619195786.2307,190371,April7,April7,1192.3733618535982,1529.7671923289165,1642.9513015918067,-0.68430035262373,0.18290716892042946,-0.18387138839992667,0.6815198511301308
1757619195786.2307,190371,UWB2,UWB2,-1223.0329598848218,2021.8905588877894,1719.614682294561,0.5013093419864708,0.5004607951779582,-0.4963850603657355,0.5018264719727755
1757619195786.2307,190371,UWB3,UWB3,1879.254816876047,-1460.3197727882898,1388.3789871817917,-0.7062497341938504,-0.0005988459201805259,0.7079605480242382,-0.0016783253260048351
1757619195786.2307,190371,UWB4,UWB4,-749.4060553618475,-1868.441042735375,1445.0621303829291,-0.1370199402436225,0.595436458529031,0.09731751981301112,0.7856273036036133
1757619195786.2307,190371,UWB1,UWB1,-168.85640591846038,-443.41702743587865,238.46342829045054,0.018872943510398088,0.33914537881346485,0.06673623265616606,0.9381740239868012
1757619195786.2307,190371,LeftRS,LeftRS,-215.2132125147365,-481.0210120586357,250.73033919519432,-0.009704952409687707,-0.5631793377017421,0.8262415765923915,-0.007726874832176781
1757619195797.216,190372,April7,April7,1192.5878290076748,1529.5960241332907,1642.8231333643457,-0.6845199897437868,0.18297463628984587,-0.1842931435184861,0.6811671625730643
1757619195797.216,190372,UWB2,UWB2,-1223.0711814847252,2021.7603828782449,1719.605710063993,0.500329312714291,0.5020221097905156,-0.4941159040812753,0.5034817310034879
1757619195797.216,190372,UWB3,UWB3,1879.2708616641858,-1460.3003380792497,1388.3732989272553,-0.7061022577382808,-0.0003559934635808213,0.7081077582256284,-0.0016963567524213969
1757619195797.216,190372,UWB4,UWB4,-749.4079185492224,-1868.4709754646894,1445.052936977804,-0.13701950498743382,0.5952512353600612,0.09790758190631721,0.7856944237173747
1757619195797.216,190372,UWB1,UWB1,-168.8515185049683,-443.43175652649796,238.4670079986889,0.018985988582309744,0.33924558146201234,0.06665956770826476,0.9381409647430395
1757619195797.216,190372,LeftRS,LeftRS,-215.21510666618786,-481.0043437144334,250.71266852978027,-0.01013046988949347,-0.5641293236890581,0.8255864895467778,-0.00790113990334529
1757619195805.7456,190373,April7,April7,1192.3707168006308,1529.726477770712,1642.9458539993414,-0.6843170555110629,0.18276088760982842,-0.18372363347163612,0.6815821681945005
1757619195805.7456,190373,UWB2,UWB2,-1223.0685972421454,2021.7302302637827,1719.618120560943,0.5003946922334639,0.5020344558232286,-0.49372554035231875,0.5037873042809462
1757619195805.7456,190373,UWB3,UWB3,1879.285557708524,-1460.3199937575207,1388.3734470505701,-0.7059490104980541,-0.0005491211548525128,0.7082602758430313,-0.0017534838261948529
1757619195805.7456,190373,UWB4,UWB4,-749.3983262111987,-1868.4526003125102,1445.048395530591,-0.13712996519476675,0.5953852925615379,0.09805471676279602,0.7855552167528784
1757619195805.7456,190373,UWB1,UWB1,-168.85745269481646,-443.4346211117076,238.45539001884134,0.018981191148957296,0.33904373988966896,0.06681178423978709,0.9382031988385509
1757619195805.7456,190373,LeftRS,LeftRS,-215.17350048808024,-481.4339834045904,250.65557197515983,-0.006510972278736308,-0.5509118085151857,0.8345109915468754,-0.00672245981496769
1757619195817.3872,190374,April7,April7,1192.601728511888,1529.5911744428847,1642.8150497832241,-0.6845034052585268,0.18298856710040198,-0.1842632330214687,0.6811881777133972
1757619195817.3872,190374,UWB2,UWB2,-1223.0636604397282,2021.7867574783404,1719.575765668307,0.5008639252550126,0.5012110371440262,-0.49492640607602684,0.5029619043146497
1757619195817.3872,190374,UWB3,UWB3,1879.2683061148202,-1460.3021540847888,1388.3464975473505,-0.7060133427962765,-0.00030788852884352277,0.7081963289477881,-0.0017391558750045025
1757619195817.3872,190374,UWB4,UWB4,-749.3850237328394,-1868.4828648180746,1445.2698449031136,-0.14183269285055208,0.5987271751560735,0.09503793720036617,0.782545236686729
1757619195817.3872,190374,UWB1,UWB1,-168.85205490209967,-443.4340180522475,238.4446936378542,0.01885821200091483,0.3393117623745771,0.06661620162228811,0.9381226878376867
1757619195817.3872,190374,LeftRS,LeftRS,-215.2150826598857,-481.0423685673688,250.71063769611362,-0.01015753607246174,-0.5636055694714905,0.8259466258678314,-0.007599851261577223
1757619195826.5698,190375,April7,April7,1192.3715422143764,1529.7389376056176,1642.953057000871,-0.6843540086658364,0.18282806832249904,-0.18385411897073564,0.6814918570268896
1757619195826.5698,190375,UWB2,UWB2,-1223.0200875180515,2021.7327972428598,1719.564276258651,0.5003813554357025,0.5016718575540653,-0.4942871417361619,0.5036110284583513
1757619195826.5698,190375,UWB3,UWB3,1879.2822992368783,-1460.2955448289522,1388.3584417469076,-0.7060515155822563,-8.174685807350918e-05,0.7081588997091424,-0.0014911150817910638
1757619195826.5698,190375,UWB4,UWB4,-749.4285443245388,-1868.436120263473,1445.0784954489936,-0.13754007101344792,0.5955090291748281,0.0973285633327188,0.7854800288972715
1757619195826.5698,190375,UWB1,UWB1,-168.86099647519907,-443.41612729141644,238.44857879741284,0.018558964329992718,0.3392163733670649,0.06664683795368145,0.9381609754586203
1757619195826.5698,190375,LeftRS,LeftRS,-215.2266475137821,-481.02260247791776,250.70689476771685,-0.009935501180872788,-0.5640041996200881,0.825679944177956,-0.007292352808002965
1757619195837.4004,190376,April7,April7,1192.377137559401,1529.7212036481642,1642.9252516585154,-0.6843219436842668,0.1826829954640013,-0.18373839230171782,0.681594163527584
1757619195837.4004,190376,UWB2,UWB2,-1223.0328178261304,2021.6650393180341,1719.5905166013192,0.49967669827249667,0.5029499500315355,-0.4934743723752441,0.5038328976710743
1757619195837.4004,190376,UWB3,UWB3,1879.2563313995563,-1460.316766256164,1388.3705759515387,-0.7062217622418654,-0.0005078283095996753,0.707988447918167,-0.001709462145624321
1757619195837.4004,190376,UWB4,UWB4,-749.4176880084632,-1868.4604746750663,1445.0436629990097,-0.13680569497685008,0.5952711892269044,0.09789669197650552,0.7857179206295001
1757619195837.4004,190376,UWB1,UWB1,-168.86214644186143,-443.4211075018749,238.4645192881841,0.018803824431917266,0.3393229830472206,0.06652956845816736,0.938125868891504
1757619195837.4004,190376,LeftRS,LeftRS,-215.16155584205802,-481.3954479396128,250.64131439382075,-0.007119228770901138,-0.5521400062707343,0.8336939165684042,-0.006721869821398751
1757619195846.3958,190377,April7,April7,1192.3495191671161,1529.7293103814186,1642.9315321931956,-0.6843468004751276,0.18275947049038413,-0.1837755003128932,0.6815386989087826
1757619195846.3958,190377,UWB2,UWB2,-1223.035627731744,2021.8067215215174,1719.5944432549027,0.5004903094623586,0.5006804345532126,-0.49563585107684005,0.5031636470545297
1757619195846.3958,190377,UWB3,UWB3,1879.2678536123935,-1460.3003635841185,1388.3675018259682,-0.7060849267307755,-0.00027932215562785954,0.7081252250656882,-0.0016321300185535097
1757619195846.3958,190377,UWB4,UWB4,-749.3989387730907,-1868.4688095370996,1445.0610809476782,-0.1372486721818724,0.5954497338817478,0.09774553185325524,0.7855241736618885
1757619195846.3958,190377,UWB1,UWB1,-168.85486680709045,-443.42702885723514,238.45802114570944,0.018751841349416157,0.339282523171759,0.06664005291789397,0.9381337011659434
1757619195846.3958,190377,LeftRS,LeftRS,-215.18295871294023,-481.39635957513747,250.65291126926658,-0.00687081159639744,-0.5520635653676901,0.8337527784594223,-0.005908989144887969
1757619195856.5833,190378,April7,April7,1192.5723096495344,1529.5653484345398,1642.8221215854983,-0.684552646022571,0.18288565646040392,-0.18436123659457065,0.6811398137870553
1757619195856.5833,190378,UWB2,UWB2,-1223.0185992505315,2021.8438694308634,1719.6088080249717,0.500972283312989,0.5001347256051322,-0.4965743372341203,0.5023006621502144
1757619195856.5833,190378,UWB3,UWB3,1879.2670743922583,-1460.3004120456706,1388.376388881819,-0.7060581503517642,-0.0004361511396751952,0.7081519893051538,-0.0015678447570821171
1757619195856.5833,190378,UWB4,UWB4,-749.3789335399138,-1868.4440935498374,1445.0719307655966,-0.13714384903226584,0.5956832161580038,0.09791571823328289,0.7853442447634874
1757619195856.5833,190378,UWB1,UWB1,-168.84634422663993,-443.4284302636666,238.477458824243,0.019002557688073678,0.3392373144137634,0.0667487530047349,0.9381372774189084
1757619195856.5833,190378,LeftRS,LeftRS,-215.18496215379648,-481.44305770621935,250.69457634181364,-0.006296158539020491,-0.5503844274706716,0.8348621868938593,-0.006516845880906457
1757619195866.5688,190379,April7,April7,1192.5630867287107,1529.5885823527506,1642.8176587477155,-0.6844947441296149,0.1828910966213588,-0.18425858686816463,0.6812243134246728
1757619195866.5688,190379,UWB2,UWB2,-1223.0183379737393,2021.8254296931098,1719.6209823005806,0.501102136224519,0.5005566643107454,-0.49611690886289556,0.5022028351429818
1757619195866.5688,190379,UWB3,UWB3,1879.275732441688,-1460.2968872038066,1388.364718604737,-0.706112718219008,-0.0002824439817407909,0.7080975158456223,-0.0016301680955819568
1757619195866.5688,190379,UWB4,UWB4,-749.3832807471988,-1868.4433052594884,1445.299440246193,-0.14134811394934027,0.5986752145631556,0.09473514109540251,0.7827093657241864
1757619195866.5688,190379,UWB1,UWB1,-168.85050882302963,-443.42564630416445,238.4743629106506,0.01899670738600029,0.3392934465566626,0.06660274496323228,0.9381274735320113
1757619195866.5688,190379,LeftRS,LeftRS,-215.23206573232028,-481.0110576726539,250.71664962849565,-0.010071154817569058,-0.5642562839509838,0.8255044190538723,-0.0074747565175074665
1757619195877.606,190380,April7,April7,1192.36502982291,1529.7233003270615,1642.9490534950576,-0.684334825774598,0.18282448103864948,-0.18372269803293825,0.6815475226222284
1757619195877.606,190380,UWB2,UWB2,-1223.0256224168866,2021.6726107853615,1719.612057595872,0.5000222695539234,0.5028317022508769,-0.4931776962812629,0.5038985702027102
1757619195877.606,190380,UWB3,UWB3,1879.2674913192693,-1460.3039822003668,1388.364565839115,-0.7061455324696716,-0.0004064160548493181,0.7080645682011764,-0.0016997226821449988
1757619195877.606,190380,UWB4,UWB4,-749.4602469262827,-1868.4528916366214,1445.0631222324992,-0.1365898262858759,0.5952189585749873,0.09718925630527457,0.7858828533356162
1757619195877.606,190380,UWB1,UWB1,-168.8455363755155,-443.4089848899512,238.46960885209356,0.018574761538462332,0.33945706195236897,0.06664584291154795,0.9380736713857095
1757619195877.606,190380,LeftRS,LeftRS,-215.2230560655953,-481.02622780587785,250.72482084584158,-0.009882404914286488,-0.5635941601876016,0.8259550425231327,-0.007888498345852698
1757619195898.2334,190381,April7,April7,1192.5717857631053,1529.58884445553,1642.8332019337438,-0.6844916974574272,0.18289742273947915,-0.1842254551182552,0.6812346369303149
1757619195898.2334,190381,UWB2,UWB2,-1223.060116436401,2021.8140072995463,1719.5598472607294,0.5005650984936204,0.500473859830302,-0.4954026018883502,0.5035243388743827
1757619195898.2334,190381,UWB3,UWB3,1879.272185095485,-1460.3079236610006,1388.3626884920795,-0.7060588216904322,-0.000545974958715287,0.7081510763436701,-0.001641736204284339
1757619195898.2334,190381,UWB4,UWB4,-749.3867071916283,-1868.4613374603618,1445.0792813876246,-0.13760467386626848,0.5955170825363036,0.09796344431353704,0.7853836780299397
1757619195898.2334,190381,UWB1,UWB1,-168.8519502597648,-443.4230753742061,238.44962601437038,0.018969326061218084,0.3393143307308381,0.06656002551663484,0.9381235060655349
1757619195898.2334,190381,LeftRS,LeftRS,-215.2288671835556,-481.00465534778795,250.70445327370652,-0.010211410280327744,-0.5643955995347254,0.8254115223651041,-0.0070109252489306455
1757619195902.3184,190382,April7,April7,1192.3698125310327,1529.721921927733,1642.9315641534756,-0.6843370751147323,0.18277507650249264,-0.18373270979239437,0.6815558160453663
1757619195902.3184,190382,UWB2,UWB2,-1223.0240943358774,2021.8110328940909,1719.6005602569808,0.5005282443804328,0.500823932573021,-0.4955848744980003,0.5030332964211587
1757619195902.3184,190382,UWB3,UWB3,1879.2525146054372,-1460.3103204059344,1388.3536385824218,-0.7061101721673663,-0.0005427214276749431,0.7080997957896914,-0.0016761318032276333
1757619195902.3184,190382,UWB4,UWB4,-749.3750669301969,-1868.4571103382423,1445.2955513509253,-0.1419266597313127,0.5985158012846631,0.09523468092620231,0.7826659660538297
1757619195902.3184,190382,UWB1,UWB1,-168.85215170257683,-443.4228114753295,238.4213921968294,0.018914958529054147,0.33914337737369177,0.06648581841437935,0.9381916807759384
1757619195902.3184,190382,LeftRS,LeftRS,-215.19185882500756,-481.4409325735868,250.64214501051418,-0.006527365354411341,-0.5509938002991817,0.8344570562244757,-0.006681829882435379
1757619195907.212,190383,April7,April7,1192.3529259242007,1529.7436920458435,1642.9302812906453,-0.6843904053884469,0.18281540885005707,-0.18385683844604095,0.681457968077159
1757619195907.212,190383,UWB2,UWB2,-1223.06698760833,2021.812518655245,1719.569728219714,0.500847052575878,0.5010463341569534,-0.4949634017587858,0.5031063822625441
1757619195907.212,190383,UWB3,UWB3,1879.2624511371916,-1460.3107466066658,1388.347730183116,-0.7062077158434913,-0.00045156632061552353,0.708002414546245,-0.0017433208723713683
1757619195907.212,190383,UWB4,UWB4,-749.3964622438342,-1868.460590302463,1445.052172451043,-0.13757659830775812,0.5954249253786276,0.09807750852918647,0.7854442310925894
1757619195907.212,190383,UWB1,UWB1,-168.86504255266968,-443.4131822662952,238.44812125482292,0.018346012475525572,0.3391479936978008,0.06674767877458943,0.938182716519127
1757619195907.212,190383,LeftRS,LeftRS,-215.22166822095895,-481.0312948854576,250.70362766068345,-0.009907034425005418,-0.5632526654356135,0.8261856912719217,-0.00809253273801037
1757619195916.2134,190384,April7,April7,1192.362303748128,1529.721968246836,1642.9584304277064,-0.6843203953753646,0.18277371913588653,-0.18374114256682106,0.6815706541473012
1757619195916.2134,190384,UWB2,UWB2,-1223.0666822146788,2021.7941821129014,1719.5818198562417,0.5009782979674785,0.5014655292460122,-0.4945070533203731,0.5030068013059336
1757619195916.2134,190384,UWB3,UWB3,1879.2868403308948,-1460.291341047812,1388.353806386921,-0.7061030132247571,1.0212277819248292e-05,0.7081073336928202,-0.0015932925258358547
1757619195916.2134,190384,UWB4,UWB4,-749.4329456461611,-1868.4764560240517,1445.2940947450018,-0.14100430931606192,0.5982141111610152,0.09441417208257613,0.7831625795912996
1757619195916.2134,190384,UWB1,UWB1,-168.8709213682093,-443.41109833255143,238.45321355996995,0.018994285547285262,0.33910348266293816,0.06639048887259999,0.9382112492129221
1757619195916.2134,190384,LeftRS,LeftRS,-215.21480924036678,-481.05467041533575,250.73110230857418,-0.009557864188042121,-0.5624864453406325,0.826705710114359,-0.008678416015389885
1757619195928.4302,190385,April7,April7,1192.3911995050541,1529.7260363457615,1642.9474677075684,-0.6843662310139885,0.18288401920829214,-0.183721165051103,0.6815004261760917
1757619195928.4302,190385,UWB2,UWB2,-1223.0428561764907,2021.8311513179856,1719.6221953239788,0.5009690017643709,0.5003227693998343,-0.4960812931604305,0.5026037567185159
1757619195928.4302,190385,UWB3,UWB3,1879.2740923890885,-1460.2969167666613,1388.3649197929121,-0.7060673691798256,-0.00018727234308153258,0.7081428927561121,-0.0015743403554573212
1757619195928.4302,190385,UWB4,UWB4,-749.4075113864898,-1868.4310132931896,1445.3017394020753,-0.14164654518750325,0.5985851496221312,0.09474006909514303,0.7827237023344464
1757619195928.4302,190385,UWB1,UWB1,-168.84914254092493,-443.42781587816853,238.4672680020197,0.01899061515853694,0.33934798886347917,0.06653137190721141,0.9381129332560962
1757619195928.4302,190385,LeftRS,LeftRS,-215.21768733061015,-480.99156201799667,250.71062872942673,-0.010364154888089625,-0.5652353733202264,0.824835915337835,-0.006875304342074029
1757619195935.4683,190386,April7,April7,1192.3650040747893,1529.7065170677872,1642.962356117581,-0.6843786255830677,0.18284814304149916,-0.18379789699079382,0.6814769155980769
1757619195935.4683,190386,UWB2,UWB2,-1223.0564535896594,2021.7653438020868,1719.6139153881995,0.5010896324076997,0.501506143385351,-0.4946989851055964,0.5026665719696917
1757619195935.4683,190386,UWB3,UWB3,1879.2844536310593,-1460.287901413612,1388.3580352094489,-0.7061037412903305,1.2084049171274782e-05,0.7081065369944533,-0.0016243938860296624
1757619195935.4683,190386,UWB4,UWB4,-749.4425604196445,-1868.445206997081,1445.2863906610103,-0.14114116318159659,0.5981808584985764,0.0942019825668439,0.7831888782804107
1757619195935.4683,190386,UWB1,UWB1,-168.85303782264972,-443.4189572765662,238.47552667624737,0.01853934628740789,0.3393527953066924,0.06672026545052555,0.9381068058248918
1757619195935.4683,190386,LeftRS,LeftRS,-215.1811427008446,-481.4076090725974,250.66358560209247,-0.007027284020632795,-0.551689136678736,0.8339941674458466,-0.006591086122455303
1757619195946.4949,190387,April7,April7,1192.595318182362,1529.5787152747178,1642.8225187600347,-0.6844683580874671,0.18288096805884677,-0.18419965730584445,0.6812694801231857
1757619195946.4949,190387,UWB2,UWB2,-1223.0620672726866,2021.7908151914214,1719.5976435173593,0.500623239528148,0.5011659022982655,-0.4953978717323377,0.5027823178085902
1757619195946.4949,190387,UWB3,UWB3,1879.278139025333,-1460.2881934083257,1388.35168938513,-0.7061072736977735,-3.734919110777591e-05,0.70810287987382,-0.0016817105988212284
1757619195946.4949,190387,UWB4,UWB4,-749.4280516442112,-1868.454487155988,1445.297208520601,-0.14090316430528177,0.5982185549821578,0.09417978329647735,0.7832056097743725
1757619195946.4949,190387,UWB1,UWB1,-168.84278725584383,-443.4133988923108,238.4951227560139,0.018415587935770052,0.33952467674969833,0.0667270336646729,0.9380465675952908
1757619195946.4949,190387,LeftRS,LeftRS,-215.21607434097766,-481.00621096248807,250.70746929090166,-0.01028748054237863,-0.5645549596421041,0.8252990959276012,-0.007298462076112892
1757619195956.5464,190388,April7,April7,1192.3603496565754,1529.7205622524978,1642.939940227935,-0.6843098582442567,0.182769481879928,-0.1837710396893943,0.681574309503041
1757619195956.5464,190388,UWB2,UWB2,-1223.027811873576,2021.8058305499517,1719.5914212258306,0.5009661653049226,0.5003537439602023,-0.4958127541236217,0.5028406755355403
1757619195956.5464,190388,UWB3,UWB3,1879.2827871807895,-1460.2890207246598,1388.3473435131357,-0.7060999875742794,1.7894229578330828e-05,0.7081102895157436,-0.0016202189138883002
1757619195956.5464,190388,UWB4,UWB4,-749.3754783883417,-1868.4375539864639,1445.3071918319463,-0.14147250168092776,0.5985332358938941,0.09502107038606099,0.7827608146689583
1757619195956.5464,190388,UWB1,UWB1,-168.84877615204098,-443.42058455090546,238.4757541340766,0.0185528261050338,0.33948119461904247,0.06672941137784603,0.9380594313798623
1757619195956.5464,190388,LeftRS,LeftRS,-215.22494853024418,-481.011035181788,250.70385469825885,-0.010409050800162047,-0.5640747537686616,0.8256232815955075,-0.0075842408801854045
1757619195965.684,190389,April7,April7,1192.3657514172476,1529.7265846237035,1642.9559318086558,-0.6843239030214282,0.18279711757822878,-0.18372031822306245,0.6815664708820608
1757619195965.684,190389,UWB2,UWB2,-1223.0933827791982,2021.8050515597133,1719.5716916639683,0.500436543945359,0.5009846454596862,-0.4948266655884827,0.5037104540509768
1757619195965.684,190389,UWB3,UWB3,1879.2845095310506,-1460.286189276332,1388.3337341801646,-0.7059791773099128,-0.00016272237919981688,0.7082305487362743,-0.0016925019828422203
1757619195965.684,190389,UWB4,UWB4,-749.414898631722,-1868.485533687932,1445.0420337172602,-0.1365508229630629,0.5954007832312246,0.09775695777242388,0.7856814604423571
1757619195965.684,190389,UWB1,UWB1,-168.86572806810625,-443.40928046259677,238.46144315828664,0.018490658330490874,0.3393167091419887,0.06664772834217482,0.9381259759533278
1757619195965.684,190389,LeftRS,LeftRS,-215.16007555739813,-481.42469099734654,250.64203067092592,-0.006783758714228076,-0.5514817236625231,0.8341318165125392,-0.006782460129735189
1757619195975.2844,190390,April7,April7,1192.3766597468903,1529.7240168889334,1642.9294182703568,-0.6843190941283152,0.18275176500533352,-0.18371943318205416,0.6815836996804593
1757619195975.2844,190390,UWB2,UWB2,-1223.0948737309639,2021.7951062045456,1719.5764329728236,0.5006857049006604,0.5014811572645317,-0.4946276087822801,0.5031639916042072
1757619195975.2844,190390,UWB3,UWB3,1879.281764891366,-1460.294685887187,1388.350547517318,-0.7060211125044605,-0.00021485733427172707,0.7081888925614414,-0.0016232642696361744
1757619195975.2844,190390,UWB4,UWB4,-749.37918107679,-1868.4433985793582,1445.287570411149,-0.14194847889952403,0.5985734965432201,0.0946042612602243,0.7826943415699019
1757619195975.2844,190390,UWB1,UWB1,-168.85778221301288,-443.425264843678,238.44167785846133,0.018947680846899104,0.339173436087958,0.06658659985446896,0.9381730066265138
1757619195975.2844,190390,LeftRS,LeftRS,-215.21508174946769,-481.04057414981116,250.7076082204834,-0.009897097576186696,-0.5633447121318986,0.8261246014165861,-0.007932572526155562
1757619196005.0964,190391,April7,April7,1192.5797397996778,1529.596300736321,1642.810656974023,-0.684547476198706,0.18300637092797267,-0.18429929598062628,0.6811293493388761
1757619196005.0964,190391,UWB2,UWB2,-1223.0262905340146,2021.7961298749087,1719.615634339474,0.5008131232105505,0.5012336494497702,-0.4955154629072048,0.5024096638194946
1757619196005.0964,190391,UWB3,UWB3,1879.2816760687851,-1460.3006862661532,1388.3581414855373,-0.7060447966072414,-0.00030210076148785847,0.7081654334254903,-0.001540396136253487
1757619196005.0964,190391,UWB4,UWB4,-749.410981963511,-1868.447252119083,1445.0575528697905,-0.13690302397432347,0.5957605989856267,0.09756752948939643,0.7853708983100335
1757619196005.0964,190391,UWB1,UWB1,-168.85282277158592,-443.4309069446863,238.43462233406092,0.019172533365561076,0.33911468972092074,0.06646955199788303,0.9381979747564109
1757619196005.0964,190391,LeftRS,LeftRS,-215.21330742143672,-481.2514235169827,250.53302535248827,-0.007730624865754843,-0.5557208363147489,0.8313190699973354,-0.004815950953498824
1757619196007.0945,190393,April7,April7,1192.5831560066351,1529.594801973654,1642.823412615337,-0.6845395700266236,0.18297636942143156,-0.18433713727303977,0.6811351151739997
1757619196007.0945,190393,UWB2,UWB2,-1223.062058696308,2021.7908600107949,1719.5976430208673,0.5006236590368435,0.5011651531850337,-0.4953988050178353,0.5027817272261244
1757619196007.0945,190393,UWB3,UWB3,1879.2719576594934,-1460.3100366281064,1388.3836955457928,-0.7060656450280368,-0.00041856636195525314,0.7081446962626928,-0.0014895866412095468
1757619196007.0945,190393,UWB4,UWB4,-749.3839295323812,-1868.4349317819704,1445.2964429208046,-0.1416241895531513,0.5988068799724164,0.09461680989218284,0.7825730436942865
1757619196007.0945,190393,UWB1,UWB1,-168.84866184861136,-443.4065656768708,238.46600307517616,0.018779858914480457,0.33923322611280066,0.06647401346707962,0.9381627474664682
1757619196007.0945,190393,LeftRS,LeftRS,-215.19319636387908,-481.44113268151466,250.6700031380628,-0.0065180223125298285,-0.5506212454838081,0.8347052362866592,-0.006397493464303399
1757619196015.0928,190394,April7,April7,1192.3841741587103,1529.7544091411055,1642.9632209410174,-0.6842948092719867,0.18292662746683647,-0.1838595984791172,0.6815233752514454
1757619196015.0928,190394,UWB2,UWB2,-1223.0578897768212,2021.784406236704,1719.6016298066095,0.5009519297020887,0.5011688067675105,-0.4951146573673445,0.502731008901381
1757619196015.0928,190394,UWB3,UWB3,1879.2649893773892,-1460.298322691574,1388.3628022995274,-0.7061820418601612,-0.00011576758254414592,0.7080283101369612,-0.001679999011763378
1757619196015.0928,190394,UWB4,UWB4,-749.4341645721759,-1868.4603583373168,1445.298303147981,-0.1414850185881626,0.5982115607505902,0.09438714291673246,0.78308108478718
1757619196015.0928,190394,UWB1,UWB1,-168.85489628405384,-443.4094317507691,238.47588597155385,0.018656213054958053,0.33923988546196904,0.06674398129147129,0.9381436386756359
1757619196015.0928,190394,LeftRS,LeftRS,-215.2189611059103,-481.0079991217009,250.7346663994996,-0.009935707505535999,-0.5633416575493183,0.8261271222276585,-0.007838144282821606
1757619196026.1396,190395,April7,April7,1192.583385819535,1529.5932019470029,1642.8152038230526,-0.6845459270467024,0.1829771458088639,-0.1842854136984155,0.6811425138496471
1757619196026.1396,190395,UWB2,UWB2,-1223.0548809952845,2021.7685147082875,1719.6103772133954,0.5006522275279318,0.5009724719471551,-0.49536603746888197,0.5029775525258113
1757619196026.1396,190395,UWB3,UWB3,1879.260176669056,-1460.2969003073345,1388.362567463332,-0.7061992855423441,-0.00022265447184395128,0.7080112242830776,-0.001620436251916784
1757619196026.1396,190395,UWB4,UWB4,-749.4367876289584,-1868.4574071173654,1445.072384715581,-0.13650126290273443,0.5951324665532041,0.09718498975169684,0.7859642677928944
1757619196026.1396,190395,UWB1,UWB1,-168.85434166460158,-443.4103279373962,238.47328965229926,0.01831561097232024,0.3392834786441105,0.06674009969124294,0.9381348616308132
1757619196026.1396,190395,LeftRS,LeftRS,-215.2371231599595,-481.02268953946174,250.7470135142602,-0.009555572947763644,-0.5634073178162791,0.8260890064208177,-0.007605177668700772
1757619196036.2993,190396,April7,April7,1192.369790678224,1529.7187822629464,1642.9678421008987,-0.6843288978861307,0.18283373135264713,-0.18373546935155116,0.6815475504319468
1757619196036.2993,190396,UWB2,UWB2,-1223.0614205679697,2021.7720286096298,1719.6098078864115,0.5006156834292553,0.5014616692224351,-0.4951212095223137,0.5027674608469304
1757619196036.2993,190396,UWB3,UWB3,1879.2518186880284,-1460.3072021166718,1388.367135713348,-0.7061187641646958,-0.0005443435516388938,0.708091172385785,-0.0016988743170471298
1757619196036.2993,190396,UWB4,UWB4,-749.4286517925223,-1868.484960752238,1445.285543422912,-0.14111168910506047,0.5984942456525506,0.09447925483742298,0.7829213239681665
1757619196036.2993,190396,UWB1,UWB1,-168.8615534847247,-443.42637103743704,238.45867812625,0.018814846821356396,0.3392524877504867,0.06661029547163468,0.9381454149711421
1757619196036.2993,190396,LeftRS,LeftRS,-215.19067821278102,-481.4041625058699,250.63573863642046,-0.007081090009379605,-0.5521949940972785,0.8336645715991845,-0.005824836352535339
1757619196046.4111,190397,April7,April7,1192.3580101835205,1529.7299372077227,1642.9406919971764,-0.6843333541554709,0.18277568236772798,-0.1837383793632242,0.6815578612812783
1757619196046.4111,190397,UWB2,UWB2,-1223.0349390177105,2021.7620123878737,1719.5878481387167,0.5003443988127998,0.5012564347523192,-0.4951131036794378,0.5032499217694587
1757619196046.4111,190397,UWB3,UWB3,1879.2492439174666,-1460.3154143170677,1388.3427818246842,-0.706147904937177,-0.0006177459823049186,0.7080618981454855,-0.0017615724081268425
1757619196046.4111,190397,UWB4,UWB4,-749.4231474437601,-1868.4587621628423,1445.277189362811,-0.14123665752155118,0.5983143920025549,0.09430102662789819,0.7830577317616357
1757619196046.4111,190397,UWB1,UWB1,-168.86442237766573,-443.40649701803426,238.47326165232562,0.018064333252432115,0.33942704136752994,0.0667509695065217,0.9380870276912316
1757619196046.4111,190397,LeftRS,LeftRS,-215.24142573604573,-480.9965920030941,250.70248278068257,-0.010401575015340125,-0.5644101104671094,0.8253991920761684,-0.007014852793469006
1757619196055.3418,190398,April7,April7,1192.5971441643198,1529.5834946484072,1642.7977052848626,-0.684481291424701,0.18283840054661193,-0.18423589071324878,0.6812581137485455
1757619196055.3418,190398,UWB2,UWB2,-1223.0636920802324,2021.7623990810398,1719.585235690994,0.5005946134614251,0.50168250911903,-0.4946477185744787,0.5030341216324237
1757619196055.3418,190398,UWB3,UWB3,1879.2769375645628,-1460.3087530423034,1388.358442204732,-0.7057517257430167,-0.0004465050408936887,0.7084571593685695,-0.0016599950058910269
1757619196055.3418,190398,UWB4,UWB4,-749.4067470572581,-1868.490399848659,1445.0593051372916,-0.1371524282747465,0.5955722723519561,0.09785626150713866,0.7854342950926669
1757619196055.3418,190398,UWB1,UWB1,-168.85170141462774,-443.4428995709585,238.4493772830312,0.01858917685155482,0.3392676256375343,0.06680044254003246,0.938130919208352
1757619196055.3418,190398,LeftRS,LeftRS,-215.1797714414561,-481.38611757468175,250.63317051189154,-0.007245967576407277,-0.5527740236847719,0.8332779571924188,-0.006018367756978373
1757619196066.614,190399,April7,April7,1192.3963781955786,1529.7248555471706,1642.9262358165963,-0.6843132266706883,0.18272975891955265,-0.18374616448514094,0.681588284850725
1757619196066.614,190399,UWB2,UWB2,-1223.0485744143425,2021.819640634048,1719.597421157172,0.5007586531539715,0.5004925028035024,-0.4956998717600507,0.5030205394076627
1757619196066.614,190399,UWB3,UWB3,1879.267980670963,-1460.3169204161654,1388.3478866873181,-0.7060322727001285,-0.0003236719423107428,0.7081772882888979,-0.0018037444797787182
1757619196066.614,190399,UWB4,UWB4,-749.415306873404,-1868.478151162081,1445.1000428925493,-0.13722807886597596,0.5952628042797956,0.0976984096141616,0.7856752948709605
1757619196066.614,190399,UWB1,UWB1,-168.85331824146974,-443.42623327789096,238.45870131951241,0.01863743199689132,0.3392658185978742,0.06663774886574719,0.9381421858576563
1757619196066.614,190399,LeftRS,LeftRS,-215.19414139491295,-481.4648685711902,250.67366685242018,-0.006541812065444497,-0.5497489861208087,0.8352767876078078,-0.0067782768920042645
1757619196075.476,190400,April7,April7,1192.3923118502591,1529.7183774154648,1642.9519790361292,-0.6843013214380276,0.1827320930303978,-0.18373545284578502,0.6816024992783211
1757619196075.476,190400,UWB2,UWB2,-1223.0545356596717,2021.7128711973317,1719.5807917278678,0.500358676764619,0.5025628511470505,-0.4936792058700999,0.5033414516258072
1757619196075.476,190400,UWB3,UWB3,1879.2752935371748,-1460.3045520551223,1388.3662515015824,-0.7058769848578841,-0.00024634791182798844,0.7083320499565515,-0.0018244355286998178
1757619196075.476,190400,UWB4,UWB4,-749.376617048843,-1868.455590280409,1445.034224124575,-0.1374643328791521,0.5955625333853269,0.09802650321621952,0.7853659215174424
1757619196075.476,190400,UWB1,UWB1,-168.85462570408995,-443.4162704479886,238.47058232572857,0.018814317356346397,0.33925610720775273,0.06655072266719299,0.9381483446114111
1757619196075.476,190400,LeftRS,LeftRS,-215.20961258983837,-481.04273692902996,250.71140950498545,-0.00979566475504389,-0.5631983974516674,0.8262230932140785,-0.008185981898376068
1757619196085.6433,190401,April7,April7,1192.3801642785222,1529.7085667910503,1642.954886478276,-0.6843351400782941,0.18276140377877367,-0.18369272938403042,0.6815722019817703
1757619196085.6433,190401,UWB2,UWB2,-1223.0426713012307,2021.7519488018522,1719.5837511884326,0.5003680730187868,0.5012664756548363,-0.4949784625009201,0.5033488189598451
1757619196085.6433,190401,UWB3,UWB3,1879.2609784859987,-1460.303865000794,1388.3598869041862,-0.7062096148079205,-0.00013652550117298102,0.7080008360293314,-0.0016665819523431675
1757619196085.6433,190401,UWB4,UWB4,-749.4025473316335,-1868.455471730554,1445.0733690942534,-0.13711850017447047,0.5952927392848173,0.09792589966041568,0.7856434239783214
1757619196085.6433,190401,UWB1,UWB1,-168.86488934276068,-443.4267323627719,238.44830164359456,0.018956790144546393,0.33907428698021547,0.06657468921449691,0.9382095068652136
1757619196085.6433,190401,LeftRS,LeftRS,-215.1486527686031,-481.4218257743429,250.68295451595975,-0.006363318429757767,-0.5510010699893502,0.8344531800714994,-0.006724531040500015
1757619196107.5989,190402,April7,April7,1192.3772524092933,1529.7634905787222,1642.9326117607154,-0.6843220904585697,0.18282357365227384,-0.18390565105828438,0.6815112096922935
1757619196107.5989,190402,UWB2,UWB2,-1223.0512829456466,2021.7811962557753,1719.6021835625922,0.5009915834507029,0.5006742875514976,-0.4953657528909805,0.5029368369478516
1757619196107.5989,190402,UWB3,UWB3,1879.2844501386676,-1460.2882657163932,1388.3646907770924,-0.7060476522391496,0.0001692077071127556,0.7081625955592009,-0.0015564020022118745
1757619196107.5989,190402,UWB4,UWB4,-749.3447780093123,-1868.4507609169164,1445.2939226761748,-0.141745159378939,0.5986957773212678,0.09521641468541191,0.7825634225957523
1757619196107.5989,190402,UWB1,UWB1,-168.8484413320217,-443.4035439161347,238.4676960865934,0.01827312578017262,0.3392513848163406,0.06673526602952634,0.9381476403223459
1757619196107.5989,190402,LeftRS,LeftRS,-215.17689140472194,-481.00558462917985,250.71675296068943,-0.010292411667905498,-0.5642742596695913,0.8254841821157144,-0.008030642137667581
1757619196111.6401,190403,April7,April7,1192.4233005679469,1529.759918425731,1642.9224782698582,-0.6842851321704198,0.18284881928310592,-0.18385267114412357,0.6815558395982357
1757619196111.6401,190403,UWB2,UWB2,-1223.0670881862566,2021.754592716613,1719.6241992035389,0.5003094540362236,0.5017075398422836,-0.4947052476953633,0.5032362393250795
1757619196111.6401,190403,UWB3,UWB3,1879.263316029755,-1460.3239022833095,1388.3906478694996,-0.7058790698436483,-0.0010044304014807778,0.7083291271509813,-0.001891429555530001
1757619196111.6401,190403,UWB4,UWB4,-749.4351883378247,-1868.4175387832295,1445.3110140537774,-0.14123906250066023,0.5981594048973163,0.09420957824024882,0.7831867011923896
1757619196111.6401,190403,UWB1,UWB1,-168.8687272476068,-443.42279840531944,238.4568126328069,0.019214119292978983,0.3390845143204041,0.06666003733844773,0.9381945156469034
1757619196111.6401,190403,LeftRS,LeftRS,-215.23268213518259,-480.9945507603304,250.69247698180516,-0.010068523161651877,-0.5645027780839137,0.8253394730324677,-0.007070546752238963
1757619196115.6064,190404,April7,April7,1192.5610570089152,1529.5939671270016,1642.8353085924318,-0.6844898620794336,0.18290694511756816,-0.18420298318584952,0.6812400011183067
1757619196115.6064,190404,UWB2,UWB2,-1223.0708741969618,2021.8205286754537,1719.627761818799,0.5009956697530947,0.5007957141553668,-0.4952779027751705,0.5028983899307027
1757619196115.6064,190404,UWB3,UWB3,1879.2708381961447,-1460.2972842372,1388.356500513597,-0.7060570274080257,-0.00027390405572963304,0.7081529702531724,-0.001664255365122298
1757619196115.6064,190404,UWB4,UWB4,-749.3635006462587,-1868.4718472587747,1445.086434969328,-0.13755975012468205,0.5957403363134606,0.09855623053964344,0.7851480346129491
1757619196115.6064,190404,UWB1,UWB1,-168.84069977308303,-443.41052511130573,238.48546896996947,0.01838376090498007,0.3396361040790994,0.06685387474036826,0.937997821731564
1757619196115.6064,190404,LeftRS,LeftRS,-215.21785776790188,-481.0210603181022,250.73109553771081,-0.009540266984132859,-0.5631044556286358,0.8262918986206719,-0.008003351228982783
1757619196127.319,190405,April7,April7,1192.5916958112873,1529.588389647901,1642.8201705196218,-0.684469523869522,0.18282850683824522,-0.18424015076233277,0.6812714399035091
1757619196127.319,190405,UWB2,UWB2,-1223.051859393792,2021.8090880759296,1719.6018830036185,0.5007067543741021,0.5009242435110532,-0.4957552678303808,0.5025876667860636
1757619196127.319,190405,UWB3,UWB3,1879.3058541315534,-1460.2763091592096,1388.342985024087,-0.7060128356794061,0.0002666018851595966,0.7081974951396597,-0.0014534982870415627
1757619196127.319,190405,UWB4,UWB4,-749.3464522066799,-1868.4560313672096,1445.3019127310927,-0.14228126381074918,0.5988558166929978,0.09573494421342703,0.7822803674117297
1757619196127.319,190405,UWB1,UWB1,-168.8496770315745,-443.41008634378693,238.4755517866463,0.018656959311644506,0.3394355133450973,0.06669788730920395,0.9380761386891167
1757619196127.319,190405,LeftRS,LeftRS,-215.21165552750819,-481.03722277090446,250.70927790878468,-0.009613810253858261,-0.5622355948254639,0.8268782849230133,-0.008426890674232164
1757619196137.3037,190406,April7,April7,1192.5760515044767,1529.5989585295442,1642.8146227856896,-0.6844887069937464,0.18295750144503228,-0.18437201520288082,0.6811818572694439
1757619196137.3037,190406,UWB2,UWB2,-1223.0963473920717,2021.813969887492,1719.5641268480508,0.5005467126131001,0.5011469001863985,-0.4950393015079519,0.5032304272282248
1757619196137.3037,190406,UWB3,UWB3,1879.2858348538832,-1460.2940440520692,1388.3407195618004,-0.7060982290950857,-2.8654476278423835e-05,0.7081120327127554,-0.001624553820125323
1757619196137.3037,190406,UWB4,UWB4,-749.4358823308232,-1868.4880713136938,1445.0765774047652,-0.13693910078953245,0.595332484201025,0.09765947606311207,0.7856777600677451
1757619196137.3037,190406,UWB1,UWB1,-168.86417735939727,-443.43572140040874,238.44935385382126,0.019133737841284217,0.3390870366637836,0.06665572463286322,0.9381955531851891
1757619196137.3037,190406,LeftRS,LeftRS,-215.17908114158163,-481.4102690954974,250.6359794603157,-0.0072843438868552554,-0.5525252093463751,0.8334395693987297,-0.0064277158728901565
1757619196147.0413,190407,April7,April7,1192.4096336432806,1529.7235656127532,1642.9376149125912,-0.6843437980793824,0.18283170367007476,-0.18378449170827815,0.6815199151682315
1757619196147.0413,190407,UWB2,UWB2,-1223.0873076499936,2021.7593783972695,1719.5937144796374,0.5001915640002762,0.5013399884083604,-0.49448118032829924,0.5039394582951358
1757619196147.0413,190407,UWB3,UWB3,1879.2841562521216,-1460.3287640174935,1388.3286298842518,-0.706105046010815,-0.0005812704155839229,0.7081042923100679,-0.0019071798097488146
1757619196147.0413,190407,UWB4,UWB4,-749.440296957437,-1868.4584798846022,1445.034319210541,-0.13687766924749512,0.5951757937679961,0.0973570139967367,0.7858446983976213
1757619196147.0413,190407,UWB1,UWB1,-168.85827553329094,-443.4495964659095,238.4347521629781,0.018836478528667554,0.3390655452279862,0.0667773802346076,0.9382006846111818
1757619196147.0413,190407,LeftRS,LeftRS,-215.18739043144606,-481.42541503201875,250.63539440908707,-0.006841573938090007,-0.5515800181154006,0.8340707389652844,-0.0062192349825805505
1757619196158.047,190408,April7,April7,1192.62841271396,1529.5460370901935,1642.8163842606912,-0.6844924619470624,0.18297993310833405,-0.18417827547355553,0.6812244684837049
1757619196158.047,190408,UWB2,UWB2,-1223.054204631765,2021.7181733530517,1719.5704360573507,0.5000424613702587,0.5024765168881714,-0.49387870938272765,0.5035461321678043
1757619196158.047,190408,UWB3,UWB3,1879.2977565797964,-1460.287267435004,1388.3462754899608,-0.7060717268001774,7.737217884098551e-05,0.7081385560045956,-0.0015799135065161611
1757619196158.047,190408,UWB4,UWB4,-749.382685970745,-1868.5013738858077,1445.2470516682044,-0.14144542964107287,0.5985045453781074,0.09513898374479851,0.7827733218291258
1757619196158.047,190408,UWB1,UWB1,-168.8451585744233,-443.4358134889929,238.43554162317602,0.018838242051679895,0.3392480149155345,0.06661988798719302,0.938145881799225
1757619196158.047,190408,LeftRS,LeftRS,-215.1739764569275,-481.4356983627358,250.6520081277362,-0.006739226420999556,-0.5515249129100432,0.8341076234517507,-0.0062710259518058056
1757619196167.087,190409,April7,April7,1192.576347451188,1529.5658792188838,1642.8090673611312,-0.6845387948821056,0.1829645079158568,-0.18424202365360862,0.6811648140240995
1757619196167.087,190409,UWB2,UWB2,-1223.0890159020805,2021.7932091524713,1719.6022916536508,0.500778038919716,0.501431329806387,-0.49482547612265565,0.5029271571552971
1757619196167.087,190409,UWB3,UWB3,1879.255235161119,-1460.3072446619292,1388.3595576098814,-0.7062759413171935,-0.0002416971821669212,0.7079346268808747,-0.0016734282240657493
1757619196167.087,190409,UWB4,UWB4,-749.4079998062693,-1868.4507117252297,1445.0331304457534,-0.13680106525478955,0.595346408065248,0.0979128484005815,0.7856597209142435
1757619196167.087,190409,UWB1,UWB1,-168.85110157322913,-443.43306997680054,238.45858432752905,0.018655828336965885,0.33926982817885964,0.06671374041304155,0.9381349692856833
1757619196167.087,190409,LeftRS,LeftRS,-215.22178385411314,-481.0534526324765,250.738249950016,-0.009872258828897647,-0.5628473834411021,0.8264612421017378,-0.008196143164503438
1757619196177.0466,190410,April7,April7,1192.5716786260502,1529.5879347965006,1642.8235519045284,-0.6845024622366445,0.18283958471605077,-0.1842479084694126,0.6812332740533747
1757619196177.0466,190410,UWB2,UWB2,-1222.9977713494072,2021.8707419596653,1719.6379025221988,0.5011993851939474,0.5004608147475214,-0.4967706831894153,0.5015546206615765
1757619196177.0466,190410,UWB3,UWB3,1879.2604644200733,-1460.2968613047015,1388.3640437643562,-0.7060878675033477,-0.00030544143503524556,0.7081221046680553,-0.0017073226375147812
1757619196177.0466,190410,UWB4,UWB4,-749.3422324501863,-1868.4833556612916,1445.2924918103258,-0.14182820610777655,0.5987715900433059,0.0955730334033005,0.7824468916133241
1757619196177.0466,190410,UWB1,UWB1,-168.86639711110132,-443.4181572980199,238.4675229541125,0.018738972038432927,0.33902268654071144,0.06678181021818791,0.9382178098723363
1757619196177.0466,190410,LeftRS,LeftRS,-215.22861829659902,-481.02665533472174,250.73544417424415,-0.010202096724163631,-0.5636702116974536,0.82589946963203,-0.007866112693729041
1757619196187.1165,190411,April7,April7,1192.3605905174159,1529.7239043760749,1642.9664181307423,-0.6843378849178677,0.18278192445162847,-0.18376801610542065,0.6815436476239628
1757619196187.1165,190411,UWB2,UWB2,-1223.0308508940238,2021.8331216357722,1719.6344242691775,0.5011432173471829,0.5008078869392485,-0.496240194525062,0.5017894034593473
1757619196187.1165,190411,UWB3,UWB3,1879.251223532159,-1460.310182896959,1388.3874294146685,-0.7059995540281794,-0.0006381971232500998,0.7082101654923912,-0.001607454411093564
1757619196187.1165,190411,UWB4,UWB4,-749.4285632426667,-1868.451474989261,1445.0907763697057,-0.13701484333752947,0.5951739295722549,0.09763985872399422,0.7857871112782847
1757619196187.1165,190411,UWB1,UWB1,-168.85843947843458,-443.39602868176434,238.49455978499205,0.018425240205281503,0.3393886766538762,0.06660252388303577,0.9381044400784585
1757619196187.1165,190411,LeftRS,LeftRS,-215.1984823733923,-481.4103676304673,250.68123741250767,-0.006377892396296839,-0.5512842990325398,0.8342713046089518,-0.006027805144489693
1757619196197.3228,190412,April7,April7,1192.3530772804438,1529.7297236321392,1642.9565495503557,-0.6843242939943538,0.18279742924550865,-0.18374624128704442,0.6815590064867795
1757619196197.3228,190412,UWB2,UWB2,-1223.0662378631955,2021.7545122064134,1719.6243338815539,0.500456308514834,0.5017456874069858,-0.4945708806455493,0.5031842529866
1757619196197.3228,190412,UWB3,UWB3,1879.2650552403431,-1460.3070991268876,1388.3929568616052,-0.7059228902473259,-0.0005862497821828607,0.7082867826713168,-0.0015371496901097172
1757619196197.3228,190412,UWB4,UWB4,-749.4144242891651,-1868.4322686207302,1445.3047491968498,-0.14146264113558837,0.5983025895863926,0.09450177103210616,0.7830017546142256
1757619196197.3228,190412,UWB1,UWB1,-168.8613022796536,-443.4014762213338,238.47162163162054,0.018936025965464457,0.3392691280808123,0.0664725096565355,0.9381467321863263
1757619196197.3228,190412,LeftRS,LeftRS,-215.22235491223338,-481.00594670139265,250.72018311508825,-0.01022217143331195,-0.5637466703911328,0.8258501548502386,-0.007531305858649969
1757619196207.509,190413,April7,April7,1192.3671181014322,1529.726989984894,1642.9405708561926,-0.684310461333374,0.18280825839993783,-0.1837480867932284,0.6815694929868228
1757619196207.509,190413,UWB2,UWB2,-1223.071408929827,2021.7378423053067,1719.6106217435406,0.5003585728417592,0.5020876944609337,-0.49409988652061815,0.5034029676064439
1757619196207.509,190413,UWB3,UWB3,1879.2724391905829,-1460.304396572225,1388.364443170868,-0.7059190365131763,-0.0005170248164319382,0.7082906571798488,-0.0015464557497718238
1757619196207.509,190413,UWB4,UWB4,-749.3761079172364,-1868.4408757986132,1445.0760534403203,-0.13760697247227036,0.5954980564776986,0.09813568320737139,0.7853761987351807
1757619196207.509,190413,UWB1,UWB1,-168.8596602695797,-443.428479867421,238.45207151347438,0.019041025862512204,0.3392651220465877,0.06657636613279265,0.9381386911162813
1757619196207.509,190413,LeftRS,LeftRS,-215.20963375060973,-481.0071405908379,250.71934894080692,-0.010240002154589188,-0.5642355589031168,0.8255171399188526,-0.007404601634054441
1757619196217.7117,190414,April7,April7,1192.3683895349227,1529.7213453970144,1642.931146700278,-0.6843118422212194,0.1827920790423194,-0.1837720596663105,0.6815659825146715
1757619196217.7117,190414,UWB2,UWB2,-1223.0663993523267,2021.7741233627603,1719.584093293905,0.5006727937691376,0.501545507362174,-0.4947942993783973,0.5029487637193942
1757619196217.7117,190414,UWB3,UWB3,1879.2697239906004,-1460.3126086068473,1388.3741440156405,-0.7059031501451521,-0.0006378098165048592,0.7083063872563442,-0.0015484139157666073
1757619196217.7117,190414,UWB4,UWB4,-749.4727202132977,-1868.4916997178204,1445.0447464347908,-0.13665953992005891,0.5949844434747685,0.09716898095470537,0.7860508070806124
1757619196217.7117,190414,UWB1,UWB1,-168.85022563184853,-443.4601500169914,238.43969244985948,0.020371088410565934,0.3392158043887206,0.06609794107935367,0.9381624161065889
1757619196217.7117,190414,LeftRS,LeftRS,-215.16706808768038,-481.4145930034045,250.6554771831457,-0.0074766381972336425,-0.5521891876765826,0.83366349708333,-0.006031129673289422
1757619196226.958,190415,April7,April7,1192.4119892947883,1529.7398638695015,1642.9330472870977,-0.6842359190674782,0.1828115695995755,-0.18379605997174536,0.6816305050518834
1757619196226.958,190415,UWB2,UWB2,-1223.0850532932782,2021.8133230895542,1719.6087725576208,0.5005673496438123,0.5011320928807127,-0.4950540459090449,0.5032101405820947
1757619196226.958,190415,UWB3,UWB3,1879.292313426816,-1460.2913213511556,1388.3683558747966,-0.705767377351391,-0.00021033152145516222,0.7084424440494741,-0.0012916254868603919
1757619196226.958,190415,UWB4,UWB4,-749.4402964533284,-1868.482251243609,1445.0666237336402,-0.13707114098469333,0.5953073930778381,0.09764849013658941,0.7856751125179334
1757619196226.958,190415,UWB1,UWB1,-168.86043330470912,-443.42371060913337,238.43571187156957,0.01908145893752124,0.33931473566768366,0.06641773076572113,0.9381311705318814
1757619196226.958,190415,LeftRS,LeftRS,-215.22493328088544,-481.02551526921013,250.7026928095312,-0.010433946095016928,-0.5640115310333668,0.8256685184707087,-0.007322788858691137
1757619196238.2224,190416,April7,April7,1192.4052593724653,1529.7431273918853,1642.9358306935567,-0.6843030821756536,0.1829018271036511,-0.18385088019882934,0.6815240767699718
1757619196238.2224,190416,UWB2,UWB2,-1223.0761069609164,2021.7180526848426,1719.5748196106442,0.5002985137054683,0.5021104805268097,-0.4935970328833556,0.5039329634564338
1757619196238.2224,190416,UWB3,UWB3,1879.268422427623,-1460.3096556460805,1388.358659907396,-0.7059028370577736,-0.0006234121765444403,0.7083061564859141,-0.0017845658285610489
1757619196238.2224,190416,UWB4,UWB4,-749.3793523181329,-1868.4809289663535,1445.0468913908112,-0.1373140348518666,0.5957936940254964,0.09846176363656896,0.7851624106474596
1757619196238.2224,190416,UWB1,UWB1,-168.8504522269772,-443.41608062421045,238.45155691884375,0.01860069523820434,0.3392375909329359,0.06668988209374328,0.9381494180891422
1757619196238.2224,190416,LeftRS,LeftRS,-215.16384911594605,-481.4297180130881,250.65055569124547,-0.0068254678154603165,-0.551160822243884,0.8343426955287382,-0.006886757610455319
1757619196247.2134,190417,April7,April7,1192.3675190423078,1529.7182974485813,1642.9291449357975,-0.6844375448424918,0.18292140566936993,-0.18389067382768856,0.6813730451354255
1757619196247.2134,190417,UWB2,UWB2,-1223.047844235053,2021.8196815745453,1719.623562307455,0.5007429170674882,0.5010830368517191,-0.49559630334939225,0.5025501221695391
1757619196247.2134,190417,UWB3,UWB3,1879.2494568664426,-1460.3153812998921,1388.3468141656545,-0.7059479212532637,-0.0007707671210030611,0.7082605486911319,-0.001983321450969271
1757619196247.2134,190417,UWB4,UWB4,-749.4065059944411,-1868.4388533394101,1445.0704465566723,-0.13737177790158467,0.5954224882756348,0.09754007722236291,0.7855488453478019
1757619196247.2134,190417,UWB1,UWB1,-168.86884668019493,-443.41314934855757,238.46364082649262,0.018689218754897367,0.3391741426489859,0.06670681606114408,0.9381693955526591
1757619196247.2134,190417,LeftRS,LeftRS,-215.19930251897878,-480.9995758097788,250.7079196777795,-0.009947508851204535,-0.5642813333226697,0.825482540560738,-0.00813628666131634
1757619196257.5598,190418,April7,April7,1192.6125699214924,1529.6137620536085,1642.8166439091199,-0.6844645201737317,0.1829906059962101,-0.18437303035596503,0.6811969938408724
1757619196257.5598,190418,UWB2,UWB2,-1223.0035701310703,2021.6887470554916,1719.6654759277121,0.49994689071040027,0.5025223816305544,-0.49421484307053537,0.5032653885557051
1757619196257.5598,190418,UWB3,UWB3,1879.2635486056822,-1460.2983009590534,1388.3726150200475,-0.7059102918134912,-0.00039913135959609926,0.7082992089965907,-0.001652616335832004
1757619196257.5598,190418,UWB4,UWB4,-749.3978397563427,-1868.4140022368554,1445.312255738163,-0.14196900659840675,0.5986323784761639,0.09456758562184549,0.7826500165176561
1757619196257.5598,190418,UWB1,UWB1,-168.85826134997828,-443.41268908457874,238.45510498373994,0.01866528467137713,0.33928998586968123,0.06662934528557525,0.9381334888935069
1757619196257.5598,190418,LeftRS,LeftRS,-215.1978848208902,-481.38734157546327,250.64150345155403,-0.006943322137731068,-0.552487237496972,0.8334709546867888,-0.0059841769817607
1757619196266.368,190419,April7,April7,1192.3845424559152,1529.7317503782156,1642.9361364790805,-0.6843921637744071,0.18283818380592867,-0.18383071629063702,0.6814571391179389
1757619196266.368,190419,UWB2,UWB2,-1223.0670465178625,2021.7548614238394,1719.6241995387722,0.5003118836111468,0.5017032341328762,-0.49471062125717474,0.5032328339778904
1757619196266.368,190419,UWB3,UWB3,1879.2475532072783,-1460.313823514699,1388.3858972742357,-0.7060214803047329,-0.0006576477631067747,0.7081882879818333,-0.0016079841707369608
1757619196266.368,190419,UWB4,UWB4,-749.4253730095077,-1868.4358063302755,1445.3080037338696,-0.14143186994210036,0.5984950202037231,0.09418805338247074,0.782898044164147
1757619196266.368,190419,UWB1,UWB1,-168.85439038382566,-443.4160673478135,238.47722946594115,0.01852360327568788,0.33936566900960646,0.06675576902496116,0.938099933973579
1757619196266.368,190419,LeftRS,LeftRS,-215.22079616754078,-481.0115491713311,250.70387547482076,-0.010253825065331323,-0.5641067732549283,0.8256048842760298,-0.007415018476429355
1757619196277.4243,190420,April7,April7,1192.5867697329427,1529.5797656737184,1642.8185095508336,-0.6844879077941038,0.18285174073603586,-0.1842523318794847,0.6812434390072495
1757619196277.4243,190420,UWB2,UWB2,-1223.0548588417605,2021.7686277315156,1719.6103759864848,0.500653274703398,0.5009705732489459,-0.4953684037643013,0.502976070821858
1757619196277.4243,190420,UWB3,UWB3,1879.2444190898914,-1460.3188871598586,1388.375595922036,-0.7061191811381693,-0.0006744988774835828,0.7080904609288851,-0.0017737591563768648
1757619196277.4243,190420,UWB4,UWB4,-749.3853732787722,-1868.44689591576,1445.2851829353813,-0.14121543568901473,0.5984728076376064,0.09466065084786458,0.7828970944016724
1757619196277.4243,190420,UWB1,UWB1,-168.85557146082985,-443.42291815010964,238.4685220258517,0.018963640622355924,0.33932989389232127,0.06645878530275848,0.9381251693145506
1757619196277.4243,190420,LeftRS,LeftRS,-215.21689759446994,-481.03213819741046,250.7428831876733,-0.009544932439376166,-0.5629036701054216,0.8264301175887914,-0.007849406904405956
1757619196286.4019,190421,April7,April7,1192.3676653081893,1529.7285564236695,1642.9561628626418,-0.6843329483945947,0.18281566715604156,-0.18373223639337544,0.6815492006405269
1757619196286.4019,190421,UWB2,UWB2,-1223.0348740788372,2021.7622154422813,1719.5878366935447,0.5003465893780124,0.5012525323683534,-0.4951179526627003,0.5032468601424154
1757619196286.4019,190421,UWB3,UWB3,1879.286627484007,-1460.3000519061331,1388.367284806889,-0.705932730534198,-0.00014154099413855216,0.7082771461077972,-0.0015634027223811917
1757619196286.4019,190421,UWB4,UWB4,-749.3919648347288,-1868.4432401907995,1445.0782110525527,-0.1374528785541293,0.5954021509772002,0.09802823502807241,0.7854893060546326
1757619196286.4019,190421,UWB1,UWB1,-168.86854697945333,-443.4185023225626,238.45497966559157,0.0189504810788818,0.3392071608617282,0.06639702601500831,0.9381741928998937
1757619196286.4019,190421,LeftRS,LeftRS,-215.21605520130768,-481.02562026694795,250.73971936784125,-0.010059042734103334,-0.563115318661141,0.8262797344680166,-0.007858368526554055
1757619196298.8083,190422,April7,April7,1192.3683894864535,1529.72134536649,1642.9311467154762,-0.6843118426579399,0.18279207902683686,-0.1837720592964695,0.6815659821800649
1757619196298.8083,190422,UWB2,UWB2,-1223.0637138584518,2021.765955096896,1719.5916084274866,0.50070386922246,0.5015019813020198,-0.49440825254776427,0.5033407175149578
1757619196298.8083,190422,UWB3,UWB3,1879.2900679848583,-1460.3037509660332,1388.3792579618696,-0.70575598031299,-0.00028404885723140827,0.7084534026928032,-0.001480466712233739
1757619196298.8083,190422,UWB4,UWB4,-749.409987759244,-1868.4508424931903,1445.0462461505026,-0.1370382627085191,0.595257123162086,0.0977390743711884,0.7857076716054715
1757619196298.8083,190422,UWB1,UWB1,-168.85552326182216,-443.4230814109882,238.45154179342526,0.01875480204915188,0.3393411163474666,0.0664743420319252,0.9381242060663262
1757619196298.8083,190422,LeftRS,LeftRS,-215.2102283396763,-481.01473456285646,250.6953196580757,-0.010588271423793079,-0.5643508597467987,0.8254346736422684,-0.007320871559260871
1757619196306.6152,190423,April7,April7,1192.5972928186245,1529.5765807139467,1642.8188922592537,-0.6844904568401027,0.18288849443284227,-0.1842092922288859,0.6812426511570225
1757619196306.6152,190423,UWB2,UWB2,-1223.03142773375,2021.920651248563,1719.5978216477542,0.5013627951312746,0.4998137532335338,-0.49656570878064255,0.5022390432851094
1757619196306.6152,190423,UWB3,UWB3,1879.2851311644815,-1460.2916503653291,1388.3754903428924,-0.705823913884137,-0.00031862765290817765,0.708385476533393,-0.0015867268999627015
1757619196306.6152,190423,UWB4,UWB4,-749.4135030910882,-1868.4712270185219,1445.0601766171096,-0.1371700243159517,0.5953545396836791,0.09755719403567202,0.7856334707731603
1757619196306.6152,190423,UWB1,UWB1,-168.85375047591438,-443.4186824263405,238.4573767921888,0.01901359239033726,0.33924460308327087,0.06644105641017306,0.9381562602287469
1757619196306.6152,190423,LeftRS,LeftRS,-215.21110564767338,-481.0126475971693,250.71770392900828,-0.010233227177649738,-0.5645036445117761,0.8253328940144846,-0.007518673561775685
1757619196313.901,190424,April7,April7,1192.384283439812,1529.723758327212,1642.9623723412433,-0.6843794209680946,0.18289842722189883,-0.18377787685357297,0.6814680223270382
1757619196313.901,190424,UWB2,UWB2,-1223.0764773408368,2021.8215071450727,1719.6019463237535,0.5007605667209146,0.5007294641385576,-0.49525005810558376,0.5032258325118829
1757619196313.901,190424,UWB3,UWB3,1879.262928974303,-1460.3157540567686,1388.369693106448,-0.7059953712948223,-0.0006561983559185139,0.7082138975450389,-0.0017833782741597001
1757619196313.901,190424,UWB4,UWB4,-749.4041920477096,-1868.4574025278832,1445.0600498935853,-0.1370644014112348,0.5955537065998595,0.09775923110246548,0.7854758208596896
1757619196313.901,190424,UWB1,UWB1,-168.83938080925682,-443.4032899370907,238.4684534239161,0.018573675258479336,0.33919990273657347,0.06659305135495305,0.938170458969013
1757619196313.901,190424,LeftRS,LeftRS,-215.2190210177991,-480.9783681845757,250.7031440792253,-0.010579229602907969,-0.565401595434005,0.8247142404325886,-0.007452342543753019
1757619196326.4583,190425,April7,April7,1192.595581829964,1529.598560121276,1642.8117579889415,-0.6845254860143363,0.18293191738451312,-0.18435102334189674,0.6811574508082973
1757619196326.4583,190425,UWB2,UWB2,-1223.0507871573548,2021.79008739687,1719.6422893736124,0.5006431507129364,0.5011524145416412,-0.4954109605083433,0.5027630388677232
1757619196326.4583,190425,UWB3,UWB3,1879.271570327205,-1460.2962422272567,1388.349692584848,-0.7058523412114899,-0.00044864542379634634,0.7083566007351032,-0.0017881047374337011
1757619196326.4583,190425,UWB4,UWB4,-749.3691879215846,-1868.459026098166,1445.0573184469445,-0.13718276527183573,0.5954999584448694,0.09809016232672044,0.7854546507973894
1757619196326.4583,190425,UWB1,UWB1,-168.86228050030707,-443.40117468519816,238.4603495114756,0.018334342991362065,0.339207853537016,0.06680367742956987,0.9381573176433531
1757619196326.4583,190425,LeftRS,LeftRS,-215.21921654464754,-481.04444324503226,250.73501927469022,-0.009937628893047707,-0.5633748564746467,0.8261029963844538,-0.007990869088037336
1757619196337.3513,190426,April7,April7,1192.5831559154617,1529.594801880226,1642.8234126301859,-0.6845395712563568,0.1829763686855437,-0.18433713613774935,0.681135114443051
1757619196337.3513,190426,UWB2,UWB2,-1223.008137771726,2021.7811001095142,1719.6063795806062,0.500696293833645,0.5013909932913706,-0.49521424081481624,0.5026660411065683
1757619196337.3513,190426,UWB3,UWB3,1879.2538988896245,-1460.3090121822327,1388.3753837043448,-0.7059374967820866,-0.00040018019379824805,0.7082720081221272,-0.0016890836283204142
1757619196337.3513,190426,UWB4,UWB4,-749.3680756457808,-1868.460791172381,1445.3215873904262,-0.14200153523961354,0.5986162952193158,0.09482799742938106,0.7826249075968814
1757619196337.3513,190426,UWB1,UWB1,-168.84522755431823,-443.40044924374837,238.45850771919524,0.018595293176551442,0.3393212557997254,0.06663502967347167,0.9381231652904597
1757619196337.3513,190426,LeftRS,LeftRS,-215.1981454107504,-481.03637372107454,250.74513709716874,-0.009369546636391508,-0.5617455631923673,0.8272122383139681,-0.008605034172714104
1757619196345.3484,190427,April7,April7,1192.6018032201985,1529.5976485606734,1642.8207838984463,-0.6845132360384566,0.18295732785879823,-0.18432731108970493,0.6811693535805672
1757619196345.3484,190427,UWB2,UWB2,-1223.0045514916596,2021.8635583115922,1719.6000105925937,0.5012535471594097,0.49992732659695366,-0.4965929816683959,0.5022080845022554
1757619196345.3484,190427,UWB3,UWB3,1879.2563348185308,-1460.306462786218,1388.3892641803466,-0.7059291509364611,-0.000663502962381141,0.7082802676205211,-0.0016297611325403975
1757619196345.3484,190427,UWB4,UWB4,-749.3899782270888,-1868.4825309173043,1445.0522397218306,-0.1372753701705723,0.5955037434665995,0.0981042761751029,0.7854338388801173
1757619196345.3484,190427,UWB1,UWB1,-168.83595650480274,-443.42133255462403,238.4655987845239,0.01852965203295738,0.3395468581052813,0.06686175144738399,0.9380266996945011
1757619196345.3484,190427,LeftRS,LeftRS,-215.18367676491997,-481.39866803712164,250.63578884417487,-0.006876037370172497,-0.5510712119308186,0.834404452015191,-0.006515362492719523
1757619196356.5923,190428,April7,April7,1192.4228426568827,1529.7541856944054,1642.9048446905795,-0.6842769595159274,0.18281379659081126,-0.1838945274482168,0.6815621477358381
1757619196356.5923,190428,UWB2,UWB2,-1223.030703387183,2021.757615187607,1719.617237660146,0.5001325097278272,0.501172144982464,-0.49519326480171105,0.5034655740982132
1757619196356.5923,190428,UWB3,UWB3,1879.2409140950642,-1460.317397088218,1388.3675445586625,-0.706115699078002,-0.0006876633889737601,0.70809380798655,-0.0018181654916510038
1757619196356.5923,190428,UWB4,UWB4,-749.3829570001487,-1868.468523730695,1445.2960262331997,-0.14190082634161102,0.598529902688092,0.0951196971040518,0.7826738492466606
1757619196356.5923,190428,UWB1,UWB1,-168.84263873672757,-443.41301100407424,238.47346308244988,0.018522304994161305,0.33950346220064537,0.06676172225002755,0.9380496766236256
1757619196356.5923,190428,LeftRS,LeftRS,-215.23433009066846,-481.03116291875654,250.71154179500627,-0.00965015925130569,-0.5633490465273343,0.8261249970266493,-0.007887679689641078
1757619196366.5808,190429,April7,April7,1192.3501191056296,1529.7316976815644,1642.923820223083,-0.6843359956781578,0.18272658084694213,-0.18377431634741698,0.681558685897414
1757619196366.5808,190429,UWB2,UWB2,-1223.0396571431156,2021.8676575209026,1719.6076923710477,0.5010743499709244,0.5006384141182119,-0.4956723861757402,0.5025878626601178
1757619196366.5808,190429,UWB3,UWB3,1879.2901930367073,-1460.290630294434,1388.3817491941186,-0.7058182430567222,-0.00015330019848824368,0.7083919281689359,-0.001208458715849349
1757619196366.5808,190429,UWB4,UWB4,-749.3979189750854,-1868.4643465542547,1445.3091683011749,-0.1412993862266783,0.5986274854070758,0.09481614910992837,0.782744859475378
1757619196366.5808,190429,UWB1,UWB1,-168.873857875653,-443.4149593025199,238.4618999566523,0.01873495940175953,0.33913387438360415,0.06666804388525653,0.938185796346488
1757619196366.5808,190429,LeftRS,LeftRS,-215.22852586643123,-481.01037077107975,250.72317902833544,-0.01024748224213763,-0.5642737538997565,0.8254925140266993,-0.007226967099255929
1757619196378.112,190430,April7,April7,1192.3930862415489,1529.7058591947366,1642.953136557161,-0.6842948764265939,0.1827890969531132,-0.1837399853266964,0.6815924632238267
1757619196378.112,190430,UWB2,UWB2,-1223.0386718894968,2021.848976903476,1719.574570596246,0.5011582917566916,0.5004885426134706,-0.496020516087844,0.5023098973105231
1757619196378.112,190430,UWB3,UWB3,1879.2629226022402,-1460.3197439793526,1388.3840264088408,-0.705942448312804,-0.0005854818825789248,0.7082671733788504,-0.0015899669880010598
1757619196378.112,190430,UWB4,UWB4,-749.4324447176185,-1868.501824391346,1445.065815367734,-0.13639678856685777,0.5953591287039652,0.09736026515871508,0.7857890319326989
1757619196378.112,190430,UWB1,UWB1,-168.86280973152788,-443.4184361957752,238.45582812453995,0.018815226545889237,0.33913285248955255,0.0665279219258338,0.9381945060682014
1757619196378.112,190430,LeftRS,LeftRS,-215.21926372242902,-481.0274734586981,250.7052883987568,-0.010506811822722341,-0.564201759574357,0.8255372878494176,-0.007359875593313632
1757619196387.1401,190431,April7,April7,1192.413388067552,1529.7050284679026,1642.951021396674,-0.6843032204852046,0.18277694649208592,-0.1836864539377879,0.6816017729615789
1757619196387.1401,190431,UWB2,UWB2,-1223.0213037732544,2021.8722604364555,1719.5768708438477,0.5008430450003654,0.5008371952362105,-0.495893500908437,0.5024022132708634
1757619196387.1401,190431,UWB3,UWB3,1879.2767117886594,-1460.3278896699503,1388.375110280719,-0.7057454185419546,-0.0007695188359697656,0.7084624113192348,-0.0019554527705525457
1757619196387.1401,190431,UWB4,UWB4,-749.4034420498466,-1868.472169969301,1445.0437765643574,-0.13716470118255134,0.5952772584874058,0.09806741048746977,0.7856294376342461
1757619196387.1401,190431,UWB1,UWB1,-168.86310675790492,-443.42272159933174,238.43932450461818,0.018833425049166463,0.3389858432438529,0.06644903203878087,0.9382528584141274
1757619196387.1401,190431,LeftRS,LeftRS,-215.20443027127746,-481.0361891389782,250.71183607543875,-0.01018204561572829,-0.5640040432225025,0.8256737030610211,-0.007661674050072567
1757619196415.1775,190432,April7,April7,1192.3811175602696,1529.7083166883247,1642.9559308823486,-0.6843454488355125,0.18282488596461208,-0.1837017747888511,0.6815423872875215
1757619196415.1775,190432,UWB2,UWB2,-1223.0093752516825,2021.8068243054588,1719.6235870895955,0.5010966839593106,0.5003766493530827,-0.4959860678931826,0.5025168082393109
1757619196415.1775,190432,UWB3,UWB3,1879.274224980983,-1460.3076995200017,1388.377216127092,-0.7061790702849488,-0.0003060352045590846,0.7080317033973147,-0.0014608279283322828
1757619196415.1775,190432,UWB4,UWB4,-749.4137009953542,-1868.447837270579,1445.0667535719165,-0.13749277629733758,0.5953722474574918,0.09781142792843983,0.7855320158911825
1757619196415.1775,190432,UWB1,UWB1,-168.86538374812756,-443.4328905529092,238.45476421035647,0.018670472564957415,0.33905569834265226,0.06664075309065719,0.9382172759564213
1757619196415.1775,190432,LeftRS,LeftRS,-215.1757652017459,-481.43644415030946,250.65774810044613,-0.006988377099014168,-0.551489109850601,0.8341267685270541,-0.006592293100887728
1757619196419.1885,190434,April7,April7,1192.601291307275,1529.5832524741431,1642.8187851520154,-0.6844899329682438,0.18282427054395442,-0.18426031022573353,0.6812466189572735
1757619196419.1885,190434,UWB2,UWB2,-1223.060009406537,2021.7528268801418,1719.622102140995,0.5007520109346978,0.5018015294219591,-0.49470244876102026,0.5027048197545841
1757619196419.1885,190434,UWB3,UWB3,1879.2618413919354,-1460.3245652327198,1388.372706521838,-0.7060797038718878,-0.0007655305645869493,0.7081291650112529,-0.0019878137759529392
1757619196419.1885,190434,UWB4,UWB4,-749.406666434786,-1868.4386653164624,1445.2820116357716,-0.14130399841695224,0.5986129386762035,0.09437689931903333,0.7828082335768747
1757619196419.1885,190434,UWB1,UWB1,-168.84347413925036,-443.4140806987721,238.4824041812918,0.01855774634803009,0.3392553592940156,0.06669077283108107,0.9381437800571742
1757619196419.1885,190434,LeftRS,LeftRS,-215.21944680091968,-481.0419949549995,250.75300276366033,-0.009965688251596189,-0.563302789674224,0.826152072912017,-0.007962702184973414
1757619196427.143,190435,April7,April7,1192.5934975940097,1529.5830829827005,1642.8367444608948,-0.6844779173825785,0.18286109822705357,-0.18423727928677794,0.6812550361588601
1757619196427.143,190435,UWB2,UWB2,-1223.0795127421954,2021.7715307413348,1719.6625083553827,0.5003415546116313,0.5016369732205735,-0.4945835016426708,0.5033943143598184
1757619196427.143,190435,UWB3,UWB3,1879.2690269465188,-1460.2989668697328,1388.3728581230173,-0.7060226292224184,-0.00015574469852174417,0.708187387393526,-0.0016269929883785828
1757619196427.143,190435,UWB4,UWB4,-749.3574799705526,-1868.4519615937577,1445.3090226304475,-0.14180029396810745,0.5986522190629554,0.09492725377019051,0.7826218842667305
1757619196427.143,190435,UWB1,UWB1,-168.8371468401356,-443.40999197528436,238.4883671629014,0.018375619021848123,0.3394793183992064,0.06687598369245072,0.9380531604391839
1757619196427.143,190435,LeftRS,LeftRS,-215.2241211385503,-481.029888635333,250.71684471108415,-0.010090750430761141,-0.5637525508408633,0.8258456780660375,-0.0077559136025881605
1757619196436.1868,190436,April7,April7,1192.3939030366244,1529.7637730277463,1642.9389298417827,-0.6842964749241889,0.18284275221075286,-0.18389549150956136,0.68153452632481
1757619196436.1868,190436,UWB2,UWB2,-1223.0417330237117,2021.6939393360997,1719.6238346242426,0.5003299738001241,0.5022728482384097,-0.49372500068808856,0.5036144625953366
1757619196436.1868,190436,UWB3,UWB3,1879.2619210214891,-1460.3025660010103,1388.357857921773,-0.7058999653047222,-0.0005812857333687918,0.7083089663349482,-0.0018191479339476067
1757619196436.1868,190436,UWB4,UWB4,-749.3848276756271,-1868.431094628706,1445.309091961794,-0.1415318271172983,0.5984842733992708,0.09460951154669481,0.7828373756607958
1757619196436.1868,190436,UWB1,UWB1,-168.8495731424307,-443.4027715763789,238.48360370862764,0.018510128154812094,0.3393048798919657,0.06691815807330516,0.9381106191474795
1757619196436.1868,190436,LeftRS,LeftRS,-215.22920368205953,-480.99489753143763,250.74253722497733,-0.009747164223903418,-0.5630666054800455,0.8263184482870947,-0.007668937552170637
1757619196444.1863,190437,April7,April7,1192.5909781751666,1529.6190671438235,1642.8129424147385,-0.6844805928756587,0.18301804914869957,-0.18437354222241537,0.6811733322662819
1757619196444.1863,190437,UWB2,UWB2,-1223.0610616123415,2021.751571998098,1719.5975593518326,0.5006607794660157,0.5018557513297357,-0.49453984515363214,0.5029015115479072
1757619196444.1863,190437,UWB3,UWB3,1879.293869367123,-1460.2852011095902,1388.3545467318554,-0.7058936761841018,3.264376495205747e-05,0.7083162243642995,-0.0014977182587329984
1757619196444.1863,190437,UWB4,UWB4,-749.4059118457708,-1868.4316480015668,1445.0663649986568,-0.13719303857562806,0.5955633814904496,0.09770542223104633,0.7854527224860197
1757619196444.1863,190437,UWB1,UWB1,-168.8457177886515,-443.4028244458524,238.4586267298367,0.01886549974544616,0.3395327953772195,0.06657018209797547,0.9380458329091006
1757619196444.1863,190437,LeftRS,LeftRS,-215.22160847571087,-481.0017940936809,250.71513333258872,-0.00950104173276487,-0.5631883185325836,0.8262346951779499,-0.008054598601657302
1757619196456.3137,190438,April7,April7,1192.6273992717377,1529.6153648111972,1642.7803753055193,-0.6844532471866657,0.18295391902341043,-0.1843304166095934,0.6812297068112476
1757619196456.3137,190438,UWB2,UWB2,-1223.0663221114496,2021.7949660322925,1719.5818475285641,0.5001029431810978,0.5007645155303415,-0.49524731488401147,0.5038472420361582
1757619196456.3137,190438,UWB3,UWB3,1879.2840968046476,-1460.2961434354434,1388.346447350748,-0.7060170915622818,-0.00024668777783231916,0.7081928264020285,-0.001651120765838917
1757619196456.3137,190438,UWB4,UWB4,-749.3967812848003,-1868.460487559101,1445.0608638545523,-0.1375281626273208,0.5954638250711404,0.09790390718630936,0.7854448818813794
1757619196456.3137,190438,UWB1,UWB1,-168.85066553955986,-443.42670531225684,238.42817399365626,0.019097704614277428,0.33930154993196776,0.06656414352629117,0.9381252318794339
1757619196456.3137,190438,LeftRS,LeftRS,-215.2000415423558,-481.25376862483955,250.5351253650051,-0.007204617816780786,-0.5538712693234826,0.8325524460504341,-0.005579881320197301
1757619196465.3508,190439,April7,April7,1192.6130978668593,1529.609770370434,1642.8134056620363,-0.6844497007308248,0.1829893566158906,-0.18433531087451727,0.6812224274784132
1757619196465.3508,190439,UWB2,UWB2,-1223.072950893399,2021.7854268277406,1719.5630497634295,0.5002453443190791,0.500894709262399,-0.49512147219988695,0.5037001225795359
1757619196465.3508,190439,UWB3,UWB3,1879.2767186116014,-1460.3016196971746,1388.348293527587,-0.7060103879715918,-0.0002627505225938378,0.7081993548511829,-0.0017137172268626294
1757619196465.3508,190439,UWB4,UWB4,-749.4463539798685,-1868.4869261711656,1445.0453540219182,-0.13651669392038246,0.5950114026468476,0.09752877875952162,0.7860106617056513
1757619196465.3508,190439,UWB1,UWB1,-168.85601501012405,-443.4319791498227,238.42512558105753,0.01904000649089654,0.33921840744477194,0.06655990653063931,0.938156772104797
1757619196465.3508,190439,LeftRS,LeftRS,-215.18947783545568,-481.42825636457053,250.64086828409384,-0.006423001821363746,-0.550482628654808,0.8347975528633049,-0.006377015785862121
1757619196477.3513,190440,April7,April7,1192.3769861793003,1529.7179251648843,1642.950469324352,-0.6843887902687062,0.18293349819536092,-0.18376473157302445,0.681452744086073
1757619196477.3513,190440,UWB2,UWB2,-1223.0563940989125,2021.7666677348684,1719.6139070970466,0.500354084271022,0.5009273832401782,-0.4952618178485053,0.5034215717019371
1757619196477.3513,190440,UWB3,UWB3,1879.261356839161,-1460.3075501346932,1388.360846992506,-0.7059793757621587,-0.0005156109067470684,0.7082300443848925,-0.0017491067545631904
1757619196477.3513,190440,UWB4,UWB4,-749.4213660770345,-1868.445555611259,1445.060723619213,-0.13685914067335034,0.5952929839262703,0.09759057043041766,0.7857301823561159
1757619196477.3513,190440,UWB1,UWB1,-168.8549638276277,-443.43186091021346,238.44875316056925,0.01880589455328595,0.33918352852117317,0.06660440090543808,0.9381709471572891
1757619196477.3513,190440,LeftRS,LeftRS,-215.1799228340384,-481.4257459758674,250.66880324054688,-0.006408058880680655,-0.5505691910495168,0.8347394368225918,-0.006524972150491638
1757619196485.353,190441,April7,April7,1192.3996435921079,1529.7104672861053,1642.9593955847354,-0.684319616824987,0.18275697326588808,-0.18371421501301882,0.6815831849109429
1757619196485.353,190441,UWB2,UWB2,-1223.04153017636,2021.8198941576477,1719.6197165886515,0.501285807041803,0.5006132535286297,-0.4958201093662181,0.5022562385854454
1757619196485.353,190441,UWB3,UWB3,1879.2470618324949,-1460.3126500342141,1388.398210071537,-0.7059941075791341,-0.0007404225689562552,0.7082151565971637,-0.0017503725364848175
1757619196485.353,190441,UWB4,UWB4,-749.433751096128,-1868.4630212001484,1445.0629738497482,-0.13644848221709613,0.5951068530530248,0.0976914045142143,0.7859300443640113
1757619196485.353,190441,UWB1,UWB1,-168.8618399569815,-443.4150896120621,238.46951296205748,0.018448298760192754,0.33928795805373885,0.06661901117911019,0.9381392482686655
1757619196485.353,190441,LeftRS,LeftRS,-215.17226555842612,-481.40536214896764,250.67013973215475,-0.007126629831535358,-0.5522249019676265,0.8336421736999815,-0.006131478032201474
1757619196494.3064,190442,April7,April7,1192.4015906635439,1529.7052748414317,1642.9763324290834,-0.684327509332709,0.18278808222396592,-0.18371157603470345,0.6815676296584376
1757619196494.3064,190442,UWB2,UWB2,-1223.0686840550932,2021.805521913478,1719.6618086900064,0.500744784228608,0.5010509706112194,-0.49546708200150336,0.5027076253353587
1757619196494.3064,190442,UWB3,UWB3,1879.246284532493,-1460.340067859382,1388.3978526570843,-0.705968983435529,-0.001256673037757434,0.7082387346551867,-0.002027297191364164
1757619196494.3064,190442,UWB4,UWB4,-749.3833905321773,-1868.4397028655796,1445.296927487983,-0.14151102698408283,0.5985028826759401,0.09475058231523738,0.7828098465281486
1757619196494.3064,190442,UWB1,UWB1,-168.85922156168846,-443.4015252986971,238.485506599913,0.01853414142321568,0.33925448964247856,0.06650537999136283,0.9381577219696751
1757619196494.3064,190442,LeftRS,LeftRS,-215.21000905491286,-481.0333722102375,250.72184091405313,-0.010091572305289752,-0.5636130282191119,0.8259374845466834,-0.008110869915558741
1757619196516.3813,190443,April7,April7,1192.389263059524,1529.717663335487,1642.9632257174417,-0.6843410198887183,0.1827490143667256,-0.18376141178510613,0.681551105775938
1757619196516.3813,190443,UWB2,UWB2,-1223.0560986468483,2021.7960184370334,1719.6517654973961,0.5003151183295933,0.5013193498512463,-0.4950278913397747,0.5033001873944268
1757619196516.3813,190443,UWB3,UWB3,1879.2678690252355,-1460.3036324815407,1388.3914073780404,-0.7059194951421504,-0.0005031207044178352,0.7082903050001655,-0.0015023616678543448
1757619196516.3813,190443,UWB4,UWB4,-749.3623272905281,-1868.434435435706,1445.1013318413452,-0.13736515329562632,0.5957885439932376,0.09823012248188567,0.7851863909567466
1757619196516.3813,190443,UWB1,UWB1,-168.87424398136537,-443.39702391576594,238.49177570715761,0.018613360186752994,0.3391215901859793,0.0665800599966029,0.9381989050852382
1757619196516.3813,190443,LeftRS,LeftRS,-215.22261181770352,-481.0161590050642,250.74412206299615,-0.009859374967118393,-0.5635113151927801,0.8260127918134013,-0.007788333299999395
1757619196520.5625,190444,April7,April7,1192.3630534224533,1529.7223333883549,1642.9592694346102,-0.6843464050292114,0.18277174855784506,-0.18373255534398467,0.6815473820355208
1757619196520.5625,190444,UWB2,UWB2,-1223.007289719218,2021.7811069137585,1719.6065241086865,0.5008438331077524,0.5014280748806677,-0.4950813325350944,0.50261298703344
1757619196520.5625,190444,UWB3,UWB3,1879.2694605326192,-1460.3059616800936,1388.3806784779822,-0.7060004746968902,-0.0004441924868672768,0.7082093957206276,-0.0016075552319788355
1757619196520.5625,190444,UWB4,UWB4,-749.3474182638712,-1868.461942751954,1445.2929440596172,-0.14203866758017417,0.5986851759774714,0.09545828434406338,0.7824888452412346
1757619196520.5625,190444,UWB1,UWB1,-168.87162885817665,-443.4068781660502,238.469573159053,0.018758412048523937,0.33918025196088564,0.06652933805309848,0.9381784083186867
1757619196520.5625,190444,LeftRS,LeftRS,-215.17510451312143,-481.43479226731034,250.668013736588,-0.00641639111474517,-0.5506113048260722,0.8347075012684014,-0.007029100159660959
1757619196526.5076,190445,April7,April7,1192.3852028975887,1529.713357545585,1642.9582650798118,-0.684339542212017,0.18280953818054124,-0.18371883026109287,0.6815478377361049
1757619196526.5076,190445,UWB2,UWB2,-1223.0700404759937,2021.7860276358533,1719.5796237277439,0.5003163811032278,0.5016893397469805,-0.49469126981931416,0.5032612370812629
1757619196526.5076,190445,UWB3,UWB3,1879.2489733278119,-1460.3230293861275,1388.3548102384625,-0.7062888027018126,-0.0005978827889202049,0.7079212449278893,-0.001811268604674122
1757619196526.5076,190445,UWB4,UWB4,-749.4035108926377,-1868.438560816297,1445.0562812679766,-0.13668212929756202,0.5953100607864014,0.097694015188362,0.7857352012310201
1757619196526.5076,190445,UWB1,UWB1,-168.84901049531393,-443.4038857003476,238.46687862511416,0.018523946121494165,0.3394229487752091,0.06657825631866832,0.9380918190936298
1757619196526.5076,190445,LeftRS,LeftRS,-215.21614053986582,-481.01935661686315,250.70805892396368,-0.010087931647144022,-0.5635418789862339,0.8259835682203459,-0.008362373690086664
1757619196536.5369,190446,April7,April7,1192.6068489054137,1529.6191535430862,1642.811851476078,-0.6844622453003205,0.18302947703973166,-0.18435437641244376,0.6811938851682282
1757619196536.5369,190446,UWB2,UWB2,-1223.0742162779993,2021.8860409312033,1719.5735261399132,0.5007756605479167,0.49988532571655897,-0.4961971786694174,0.5031170428603645
1757619196536.5369,190446,UWB3,UWB3,1879.2692455556898,-1460.3051045880643,1388.3582698050275,-0.7060147874222185,-0.00043386232637391403,0.7081950452851689,-0.0016460674892303274
1757619196536.5369,190446,UWB4,UWB4,-749.3994674179354,-1868.421775455496,1445.0838921317606,-0.13759612627485157,0.5953648653230531,0.09783321194844725,0.7855168017381093
1757619196536.5369,190446,UWB1,UWB1,-168.85225798729448,-443.43850900042105,238.43963086977544,0.018940533003965445,0.3393635998400453,0.06663306370869793,0.9381010809789764
1757619196536.5369,190446,LeftRS,LeftRS,-215.17172267545263,-481.4313933058291,250.65869243760935,-0.0067529920363920285,-0.5504766471350204,0.8347959536157378,-0.006750843231305158
1757619196545.5403,190447,April7,April7,1192.5948918642518,1529.6190799910178,1642.8033563804522,-0.6844730332153477,0.18298657948489142,-0.18437704672154162,0.6811884344083095
1757619196545.5403,190447,UWB2,UWB2,-1223.0367960679068,2021.912519382343,1719.546381496965,0.5012678001135896,0.4990001490857582,-0.49721298632108357,0.5025024278700984
1757619196545.5403,190447,UWB3,UWB3,1879.2850025262019,-1460.3122855662489,1388.3532062466152,-0.7060057600097286,-0.0006266824749914423,0.7082034945684966,-0.001812286713091141
1757619196545.5403,190447,UWB4,UWB4,-749.3690920278136,-1868.461098737867,1445.0576794377757,-0.13775428015700159,0.5955874069175555,0.0982584940389667,0.785267258561595
1757619196545.5403,190447,UWB1,UWB1,-168.83100262725802,-443.44202891418627,238.44348901509,0.018963380811243245,0.339440138301004,0.06671339004610838,0.9380672184267815
1757619196545.5403,190447,LeftRS,LeftRS,-215.20193753691348,-480.99787269696037,250.7050023712855,-0.009933816101690364,-0.5638564862700026,0.8257768307212336,-0.007733565342014205
1757619196556.731,190448,April7,April7,1192.3829286023272,1529.7455218825041,1642.9383836221077,-0.6843574264441293,0.18282230317684814,-0.1837962489971549,0.6815055811851115
1757619196556.731,190448,UWB2,UWB2,-1223.056084446235,2021.8052647747204,1719.5996567003333,0.5006774966526004,0.5004613616213719,-0.49530213298536296,0.5035238494152164
1757619196556.731,190448,UWB3,UWB3,1879.3071384624138,-1460.2842983929986,1388.3778154736733,-0.705721823435475,4.138508230793914e-05,0.7084878912463514,-0.0012705004847203413
1757619196556.731,190448,UWB4,UWB4,-749.3932075581891,-1868.4675846784535,1445.2703242215314,-0.14147132137310106,0.5984700660545235,0.09482427539062968,0.7828331891675808
1757619196556.731,190448,UWB1,UWB1,-168.83293239497218,-443.4469755936429,238.4587153893796,0.01985952727556918,0.3394195560969874,0.06634611135166259,0.9380821699743727
1757619196556.731,190448,LeftRS,LeftRS,-215.20307326235118,-481.2544308954122,250.5477734822707,-0.007145641654214409,-0.5539440553919518,0.8325059632049092,-0.005361392499548223
1757619196565.7712,190449,April7,April7,1192.3754777087295,1529.736140299958,1642.9367375302427,-0.6843724235216018,0.18284229231308485,-0.18381283235478013,0.6814806855124945
1757619196565.7712,190449,UWB2,UWB2,-1223.082671227604,2021.9329069438884,1719.569537196365,0.5015002336075239,0.4996581247095381,-0.4965071075953608,0.5023146087967536
1757619196565.7712,190449,UWB3,UWB3,1879.2608191349868,-1460.302929829856,1388.3689620820367,-0.7059292988617761,-0.00045899560313738337,0.7082801426054265,-0.0016893556151253515
1757619196565.7712,190449,UWB4,UWB4,-749.371706022,-1868.451041713103,1445.3153196452388,-0.14183491409246057,0.598617720231176,0.09462121967289921,0.782679057441316
1757619196565.7712,190449,UWB1,UWB1,-168.8473541959321,-443.42376216898884,238.46440871314644,0.018983184245868704,0.3392624118742754,0.06670521454225292,0.9381316906266459
1757619196565.7712,190449,LeftRS,LeftRS,-215.18027808924452,-481.4272678966915,250.65460152843806,-0.006008829945600982,-0.5507838073785061,0.8345974685435974,-0.006939523970753455
1757619196576.7073,190450,April7,April7,1192.3556336898425,1529.7320586347787,1642.956549511586,-0.6843318558604592,0.18278749455813836,-0.1837331357856363,0.6815576114328966
1757619196576.7073,190450,UWB2,UWB2,-1222.9749394770247,2021.8741836867748,1719.6428533416456,0.5007280392842965,0.5002698917787896,-0.49701196682429977,0.5019766636882471
1757619196576.7073,190450,UWB3,UWB3,1879.2642341384771,-1460.2961787591782,1388.3630612004808,-0.7060705173983315,-0.0003084871689444704,0.7081394108960404,-0.0017041221575937583
1757619196576.7073,190450,UWB4,UWB4,-749.3777799257589,-1868.4481499850815,1445.3090949209768,-0.14136094627625187,0.5985857073705783,0.09479159298736552,0.7827686680613021
1757619196576.7073,190450,UWB1,UWB1,-168.85272361323794,-443.40854524957734,238.46353744673138,0.01861804429652821,0.33916108991232324,0.06682225607829845,0.9381673142934921
1757619196576.7073,190450,LeftRS,LeftRS,-215.16846069173698,-481.4441662769495,250.67631611397778,-0.00654121385329214,-0.5504687995828119,0.8347998143526594,-0.00711218418976935
1757619196587.043,190451,April7,April7,1192.5786459832768,1529.5592820214365,1642.8270579532773,-0.684534846445164,0.1829282729321465,-0.18429482448213513,0.6811642302950565
1757619196587.043,190451,UWB2,UWB2,-1223.0644561407453,2021.7792119194173,1719.61586968047,0.500728157518446,0.5017200630873259,-0.49469745706236856,0.5028147934775368
1757619196587.043,190451,UWB3,UWB3,1879.2702242018408,-1460.2997582687187,1388.3669908943061,-0.7060745282386592,-0.0002724136598966638,0.7081356166155252,-0.001623220226167152
1757619196587.043,190451,UWB4,UWB4,-749.4365169685634,-1868.4444144193794,1445.0633136824438,-0.1366752891319213,0.5951421249966581,0.09717717349695597,0.7859276769183731
1757619196587.043,190451,UWB1,UWB1,-168.86476617232404,-443.399742576164,238.47917790925098,0.01838883549962112,0.3392169096334797,0.0665981396134483,0.9381675899047608
1757619196587.043,190451,LeftRS,LeftRS,-215.20887490426173,-481.0383599638584,250.75001459137042,-0.009396715862109198,-0.5623224651434279,0.8268180898175049,-0.008774581275343432
1757619196597.2585,190452,April7,April7,1192.3893319061144,1529.7059942310846,1642.9475874113134,-0.6843032657388426,0.18280164011902245,-0.18369692508501365,0.6815922832480289
1757619196597.2585,190452,UWB2,UWB2,-1223.0374312985853,2021.7568351990005,1719.6270823375937,0.5004209144058666,0.5017324084300212,-0.49476852132214033,0.5030383773281215
1757619196597.2585,190452,UWB3,UWB3,1879.2851129059507,-1460.2935004683802,1388.3551709092058,-0.7058704596785145,-4.943901940166556e-06,0.7083388766048224,-0.001711729832305422
1757619196597.2585,190452,UWB4,UWB4,-749.4479990740402,-1868.448890289577,1445.0659938073545,-0.13668565665865354,0.5950237367900661,0.09730336556672951,0.7859998975633307
1757619196597.2585,190452,UWB1,UWB1,-168.86149841694157,-443.4169059306854,238.4621979870463,0.018531464268055672,0.3392257507266701,0.06655708836104846,0.9381644998958917
1757619196597.2585,190452,LeftRS,LeftRS,-215.16302509277332,-481.4176456599333,250.65392840567947,-0.00722430504069522,-0.5518092645919453,0.8339148119128035,-0.006358568990661317
1757619196606.651,190453,April7,April7,1192.5952828568004,1529.5681430786722,1642.8336711790473,-0.6844761534028235,0.18293353587235744,-0.18418310400611085,0.6812520099601803
1757619196606.651,190453,UWB2,UWB2,-1223.050649739857,2021.8720905344464,1719.5881070777407,0.5008344961677732,0.5007119002736772,-0.4957204384633545,0.5027063230777944
1757619196606.651,190453,UWB3,UWB3,1879.266953296911,-1460.3069481090117,1388.3473606503092,-0.706103428849335,-0.00034841789798420783,0.7081065279068584,-0.0017238062171461305
1757619196606.651,190453,UWB4,UWB4,-749.3707936588937,-1868.4604705605666,1445.0542269994155,-0.13701237276817788,0.5954893874765804,0.09829376504219121,0.7854669533882578
1757619196606.651,190453,UWB1,UWB1,-168.86389380811443,-443.4074514637397,238.44979184758097,0.018540321526477905,0.33908686876610256,0.0664151278719295,0.9382245907552467
1757619196606.651,190453,LeftRS,LeftRS,-215.20252270101855,-481.01672677038863,250.7282866607573,-0.010435524340090051,-0.5639901961812345,0.8256809834397952,-0.007554603172427471
1757619196617.5452,190454,April7,April7,1192.585770608287,1529.5741392443615,1642.8415285984984,-0.6844750028390287,0.18294177241163842,-0.18419259234915403,0.6812483888561487
1757619196617.5452,190454,UWB2,UWB2,-1223.071194201511,2021.7815318554815,1719.5859510360265,0.5004986334882899,0.5016694185949391,-0.4941479565247345,0.503633507012192
1757619196617.5452,190454,UWB3,UWB3,1879.2862338067566,-1460.2937445499992,1388.3489618883764,-0.7059702830602297,-0.0002472035955687827,0.7082394323723087,-0.0016747415297699284
1757619196617.5452,190454,UWB4,UWB4,-749.3566582282112,-1868.4402852914448,1445.0681785927645,-0.13771993259621784,0.595583148080513,0.0985298918249631,0.7852425066851387
1757619196617.5452,190454,UWB1,UWB1,-168.8482468718176,-443.4198058149138,238.43986387186143,0.018780910478949666,0.3390372390764539,0.06655710013302381,0.9382276804394974
1757619196617.5452,190454,LeftRS,LeftRS,-215.19193375773548,-481.02942518249455,250.71281269596454,-0.010306178692377177,-0.5640620827737768,0.825633014467727,-0.007607554048710249
1757619196628.7754,190455,April7,April7,1192.60267561707,1529.5821222207487,1642.8136698398791,-0.684480322520817,0.1828816078938265,-0.18424055474998757,0.6812462282914923
1757619196628.7754,190455,UWB2,UWB2,-1223.0229689308833,2021.827173282032,1719.5953148141075,0.5010217219268446,0.5005152507655384,-0.4959716151576588,0.50246778490414
1757619196628.7754,190455,UWB3,UWB3,1879.275386316079,-1460.3079230372093,1388.3725696298022,-0.7060708007228276,-0.0004049503716694257,0.7081395818996956,-0.0014808540596436106
1757619196628.7754,190455,UWB4,UWB4,-749.3899339716721,-1868.409798924301,1445.0700471955986,-0.1376416244333852,0.5953958415095165,0.09791845890438804,0.785474729410376
1757619196628.7754,190455,UWB1,UWB1,-168.85749815252646,-443.41823831428286,238.44954961554868,0.019011522895203567,0.3391797849796187,0.06651520421743953,0.9381744843398253
1757619196628.7754,190455,LeftRS,LeftRS,-215.18151692582424,-481.40511025453435,250.65014129403224,-0.006795937503865774,-0.5521659727273177,0.8336843973663282,-0.0060728398201300325
1757619196637.9001,190456,April7,April7,1192.3965244109913,1529.764512534073,1642.9304985181504,-0.6842672587313126,0.1828786650126059,-0.18390926858011855,0.6815505068898914
1757619196637.9001,190456,UWB2,UWB2,-1223.050793607236,2021.7900311351784,1719.6422892619726,0.5006426589171131,0.5011533120537945,-0.49540987096187183,0.5027637075639578
1757619196637.9001,190456,UWB3,UWB3,1879.2947049206036,-1460.2798077727389,1388.3669205419533,-0.7058009352609701,3.502390928955201e-05,0.7084089341336299,-0.0013492952679257288
1757619196637.9001,190456,UWB4,UWB4,-749.4309662509622,-1868.4390853151272,1445.0491359488315,-0.13657452928624933,0.5952514441187878,0.09732076853370678,0.7858446311051223
1757619196637.9001,190456,UWB1,UWB1,-168.84596848589968,-443.40356041717126,238.47947587545144,0.018770346279995437,0.3393056557008836,0.06661754429421626,0.9381265633709189
1757619196637.9001,190456,LeftRS,LeftRS,-215.2294118882555,-480.99258670771104,250.72203151129705,-0.009780773603377509,-0.5638274996999839,0.8258026591717371,-0.007270155065193627
1757619196647.8618,190457,April7,April7,1192.6362576755305,1529.6130035046128,1642.828207200418,-0.6844323370849301,0.18294287851257912,-0.18439778117202657,0.6812354493512692
1757619196647.8618,190457,UWB2,UWB2,-1223.0021619537604,2021.7966806866282,1719.5947591818194,0.5007434907196682,0.5006004415623169,-0.4957421639019698,0.5028865292879574
1757619196647.8618,190457,UWB3,UWB3,1879.2884411463588,-1460.2976168297291,1388.4010395262517,-0.7057836571953193,-0.0002260155246566947,0.7084263934636739,-0.0011929782205567644
1757619196647.8618,190457,UWB4,UWB4,-749.374642646617,-1868.4532982077535,1445.3010692903651,-0.1419628838166994,0.5985972439959819,0.09509202707852525,0.7826144551980614
1757619196647.8618,190457,UWB1,UWB1,-168.85197253189563,-443.4040814062375,238.45936327286793,0.01873217489504124,0.33926377520259937,0.06657736460886404,0.9381453250860019
1757619196647.8618,190457,LeftRS,LeftRS,-215.22829975202845,-480.9970501291829,250.71623951190278,-0.009546277647473516,-0.563736931943071,0.8258637209381983,-0.007658628115047678
1757619196657.187,190458,April7,April7,1192.602252661585,1529.6179532885765,1642.8043200336215,-0.6844446413622619,0.1830152911134676,-0.18437890666665113,0.6812087454705407
1757619196657.187,190458,UWB2,UWB2,-1223.0566139666666,2021.7871057059797,1719.6116523942762,0.500662648741176,0.5008412547490639,-0.494982433636188,0.5034752626380465
1757619196657.187,190458,UWB3,UWB3,1879.2554562190826,-1460.300837198842,1388.3519522526292,-0.7061942372179462,-0.0004023018803603817,0.7080158082735142,-0.0017755867094317614
1757619196657.187,190458,UWB4,UWB4,-749.3729284418475,-1868.445786728404,1445.3113185906077,-0.1418183203896218,0.5985444027134911,0.095113355362411,0.7826784854676413
1757619196657.187,190458,UWB1,UWB1,-168.84607033767207,-443.4118156482092,238.4750094496512,0.018630161636328312,0.3394873506332689,0.066753223963796,0.9380539765535071
1757619196657.187,190458,LeftRS,LeftRS,-215.21703909157304,-481.00556114083633,250.71533150525934,-0.009546440414364464,-0.5635368892401765,0.8259980253713324,-0.00789316309091763
1757619196668.1418,190459,April7,April7,1192.5896144473963,1529.598496494574,1642.804934915517,-0.6845086996753809,0.18289202631945345,-0.18435287199687406,0.6811845310662801
1757619196668.1418,190459,UWB2,UWB2,-1223.0645568648497,2021.7534602429369,1719.5732133788224,0.5007406418348432,0.5010962557314111,-0.49467212122785675,0.5034489493352052
1757619196668.1418,190459,UWB3,UWB3,1879.2555742357233,-1460.3097588257322,1388.3639877250912,-0.7060573471022699,-0.000584210239649441,0.7081522177878834,-0.0017657132844908414
1757619196668.1418,190459,UWB4,UWB4,-749.3815280719742,-1868.4288024759894,1445.2978216363945,-0.14139696266852947,0.5986682188012095,0.09473057280180555,0.7827064464549552
1757619196668.1418,190459,UWB1,UWB1,-168.8527300226454,-443.4238692122343,238.44285612255015,0.018915319361611477,0.3392167293777122,0.0667506651562224,0.9381463478077066
1757619196668.1418,190459,LeftRS,LeftRS,-215.22099623969882,-481.03316403234123,250.72688916923377,-0.00938942221318652,-0.5626967176104065,0.8265699734838773,-0.008143812119598397
1757619196676.1414,190460,April7,April7,1192.5794598259656,1529.5904234429822,1642.813159865467,-0.6844793930358585,0.1828107070911306,-0.1842716769918153,0.6812577742240655
1757619196676.1414,190460,UWB2,UWB2,-1223.0432480390634,2021.7794750063063,1719.5853773430888,0.5004878044731289,0.5014922947124597,-0.49508753816844375,0.5028973707109714
1757619196676.1414,190460,UWB3,UWB3,1879.2697934968378,-1460.3067421335488,1388.3762814004228,-0.7058998968458681,-0.0005962861425620403,0.7083095991222098,-0.0015785649063325747
1757619196676.1414,190460,UWB4,UWB4,-749.3676631247678,-1868.457875465602,1445.0789663962112,-0.13748642671631015,0.5957638290190839,0.09818949246191902,0.7851890002231128
1757619196676.1414,190460,UWB1,UWB1,-168.8611192310585,-443.4143107041123,238.44244677889148,0.01863265005479743,0.3392257376475498,0.06667599423965316,0.9381540572110558
1757619196676.1414,190460,LeftRS,LeftRS,-215.21045096491275,-481.0366806222884,250.74818400078138,-0.00997675051487651,-0.5628615872832288,0.8264534996070978,-0.007868354170289095
1757619196687.1377,190461,April7,April7,1192.5844899698034,1529.58595158248,1642.8362587916465,-0.684471430088979,0.18291583581087503,-0.1842138801834772,0.6812531869645121
1757619196687.1377,190461,UWB2,UWB2,-1223.0575224656557,2021.7894949717913,1719.5740012544554,0.5015573479366702,0.5011421225975619,-0.49446065473140904,0.5027976338565353
1757619196687.1377,190461,UWB3,UWB3,1879.2818439652578,-1460.3015400712443,1388.3645875476986,-0.7058762043644258,-0.0004226792292392109,0.7083331627448528,-0.0016540889379230352
1757619196687.1377,190461,UWB4,UWB4,-749.4602756836337,-1868.4654824312681,1445.0490582781756,-0.13672873451173922,0.5950403513318447,0.09714817534855479,0.7859990238366328
1757619196687.1377,190461,UWB1,UWB1,-168.8561009665983,-443.4181284673915,238.42395105251236,0.019180585388358005,0.3389445193343023,0.06632946629474712,0.9382692150222413
1757619196687.1377,190461,LeftRS,LeftRS,-215.18746447657307,-481.4408105454196,250.65383412455913,-0.006251935671243344,-0.5512821728424622,0.8342716356198228,-0.006302158890566279
1757619196695.1846,190462,April7,April7,1192.3878589672056,1529.7159283320377,1642.961215689039,-0.684300523079134,0.18279150626716356,-0.1837159046701638,0.6815926391338365
1757619196695.1846,190462,UWB2,UWB2,-1223.0547481986457,2021.8172581040726,1719.6079787412525,0.5008277226418548,0.501167140239502,-0.4953516627908272,0.502622940132954
1757619196695.1846,190462,UWB3,UWB3,1879.2775240457418,-1460.3349494474537,1388.3844599621145,-0.7059622192597708,-0.0008213008381947491,0.7082466243475822,-0.0018410711576062075
1757619196695.1846,190462,UWB4,UWB4,-749.3620460465645,-1868.4339953663841,1445.2864277540014,-0.14184853277402987,0.598784809904769,0.09506279041075368,0.7824952466670234
1757619196695.1846,190462,UWB1,UWB1,-168.85553618539106,-443.4030744370268,238.4535734458275,0.018858670859499393,0.33904755328849917,0.0663212534757843,0.938239094516902
1757619196695.1846,190462,LeftRS,LeftRS,-215.20395511920435,-481.01260312033867,250.6962365505663,-0.010831749424767544,-0.5644866794205035,0.8253376147602992,-0.007435295756922435
1757619196706.1418,190463,April7,April7,1192.4024797892655,1529.707596379853,1642.9775348851074,-0.6843080292444138,0.18282229895305768,-0.18368733869097326,0.6815845433413035
1757619196706.1418,190463,UWB2,UWB2,-1223.0838746759046,2021.7128752537742,1719.5888231220617,0.5000623920112238,0.5027543232390568,-0.4931233520425163,0.5039891409850056
1757619196706.1418,190463,UWB3,UWB3,1879.2640695085358,-1460.3162248104761,1388.386036102967,-0.7060528816022509,-0.0005894138915452893,0.7081571262426556,-0.0015701987663708165
1757619196706.1418,190463,UWB4,UWB4,-749.4007900014321,-1868.4337537457343,1445.0648811475785,-0.1374439060319694,0.5954621283263668,0.0975725952609714,0.7855021419943725
1757619196706.1418,190463,UWB1,UWB1,-168.86584461173092,-443.40884551989416,238.45755576368737,0.018679779348738875,0.33911023592299344,0.06644640377791142,0.9382111644830906
1757619196706.1418,190463,LeftRS,LeftRS,-215.2124607096213,-481.0056807970493,250.72448592060206,-0.010455669021981607,-0.5643567326218056,0.8254293394694348,-0.007652638289847525
1757619196717.1824,190464,April7,April7,1192.3975759999503,1529.6996359274926,1642.9532973088958,-0.6843604228507468,0.18281277417001013,-0.18380458900974928,0.68150287915369
1757619196717.1824,190464,UWB2,UWB2,-1223.017855344027,2021.896881759495,1719.6198731981628,0.5014825941425641,0.4998219065874123,-0.4972362827285868,0.5014472540613075
1757619196717.1824,190464,UWB3,UWB3,1879.2729847732226,-1460.3040817864144,1388.3875607958287,-0.7059059502108066,-0.000473722435640601,0.7083039030850043,-0.0014648954164469751
1757619196717.1824,190464,UWB4,UWB4,-749.3763544186545,-1868.4416117457185,1445.0609383511733,-0.13702571963695104,0.5954727756585607,0.09820802777024029,0.7854879431849638
1757619196717.1824,190464,UWB1,UWB1,-168.8645403985106,-443.3897923846342,238.45264011939673,0.01860754569904187,0.3390328681942262,0.06634644856207532,0.9382476337781271
1757619196717.1824,190464,LeftRS,LeftRS,-215.2314551595447,-480.9840739922027,250.7024552133427,-0.010595959196728746,-0.5652755740602784,0.8248054023881649,-0.006877442171440231
1757619196728.1406,190465,April7,April7,1192.6029905373307,1529.5816237763834,1642.8038870753703,-0.6844864237158844,0.18281979724956843,-0.18425852621742603,0.6812518278863168
1757619196728.1406,190465,UWB2,UWB2,-1223.055523102829,2021.7871147923863,1719.5981878362222,0.50065837560516,0.5006789713690848,-0.495639494201886,0.5029942846121578
1757619196728.1406,190465,UWB3,UWB3,1879.2278061436457,-1460.3066016617208,1388.3679794515317,-0.706208606036688,-0.0006314582959815802,0.7080011320791713,-0.0018447207784279133
1757619196728.1406,190465,UWB4,UWB4,-749.386584873094,-1868.4335660338706,1445.299389428086,-0.14159823665507573,0.5987854728937839,0.09453530590390619,0.7826039693006903
1757619196728.1406,190465,UWB1,UWB1,-168.85215929910783,-443.40696231287325,238.47869145665823,0.018567082540525782,0.3394271717703043,0.06656437052632881,0.938090423725975
1757619196728.1406,190465,LeftRS,LeftRS,-215.20869521660157,-481.4550618109976,250.67030006274746,-0.00593405125094681,-0.5493717543209576,0.8355281317764,-0.006942881268131928
1757619196735.1665,190466,April7,April7,1192.6177775643027,1529.5676667702335,1642.7910368114938,-0.6844729255655317,0.18284454435092995,-0.18424437074979863,0.6812625768496855
1757619196735.1665,190466,UWB2,UWB2,-1223.0620279383552,2021.7909936036083,1719.5976394977313,0.5006249512350255,0.5011628107200521,-0.4954017085204151,0.5027799146218546
1757619196735.1665,190466,UWB3,UWB3,1879.2463818413853,-1460.3063375492648,1388.3597282040002,-0.7060819680464198,-0.00042467783661935803,0.7081276326509227,-0.0018248081076263829
1757619196735.1665,190466,UWB4,UWB4,-749.3872557373946,-1868.440749796995,1445.2878815280646,-0.1413254615483411,0.598523228906803,0.09485500779397767,0.7828151671202646
1757619196735.1665,190466,UWB1,UWB1,-168.84732201006665,-443.43323303832426,238.46978589558012,0.018678734803869206,0.33945673621578737,0.06675253896693464,0.9380641383430667
1757619196735.1665,190466,LeftRS,LeftRS,-215.17267421888099,-481.3918959977017,250.6531120713425,-0.0072554043220883525,-0.5525040572500215,0.8334559269386677,-0.006151721807297602
1757619196746.1826,190467,April7,April7,1192.6352461055506,1529.5915752424191,1642.775223387778,-0.6844694097962548,0.18296216197837786,-0.18445530892902898,0.681177446298144
1757619196746.1826,190467,UWB2,UWB2,-1223.0271463680776,2021.8448561989642,1719.5635195582709,0.5011415124655826,0.4996807309393714,-0.496650287664313,0.5025085505487038
1757619196746.1826,190467,UWB3,UWB3,1879.2298936446343,-1460.3036985361816,1388.356357081755,-0.70614267029351,-0.0004505008947589235,0.7080665848820611,-0.0020093812854175275
1757619196746.1826,190467,UWB4,UWB4,-749.350311005363,-1868.457953371482,1445.3017491994233,-0.14173158335137873,0.5986760863551599,0.0951381898063752,0.7825904591467664
1757619196746.1826,190467,UWB1,UWB1,-168.8430727351313,-443.404994178729,238.45865514439123,0.018570316393547573,0.33928782781657035,0.0666234295124492,0.9381365742175052
1757619196746.1826,190467,LeftRS,LeftRS,-215.20053204212405,-481.0301512411434,250.70933146591884,-0.010018681565644528,-0.5629440630918412,0.8263945874716909,-0.008098990482101037
1757619196756.1804,190468,April7,April7,1192.415266157537,1529.734348750771,1642.9105049174032,-0.6843309072418121,0.1828774445763034,-0.18395721386705616,0.6814739856554392
1757619196756.1804,190468,UWB2,UWB2,-1223.0606442073883,2021.9110562978674,1719.5810567011392,0.5009380480971435,0.5002032132396863,-0.49643712380535293,0.5024022288377965
1757619196756.1804,190468,UWB3,UWB3,1879.281887774181,-1460.2957110127463,1388.3591503843106,-0.7058523867901053,-0.0003749254943682992,0.7083569112465685,-0.0016594525622058976
1757619196756.1804,190468,UWB4,UWB4,-749.3943908671803,-1868.4559558016801,1445.0865681259831,-0.1377593590248023,0.5954068132957177,0.09809215028011385,0.785424099283653
1757619196756.1804,190468,UWB1,UWB1,-168.84716883651456,-443.3891375493719,238.44993706827756,0.018481849778101685,0.33924347216375833,0.06656763217536701,0.9381583225498893
1757619196756.1804,190468,LeftRS,LeftRS,-215.20501339297516,-481.0088793768802,250.71112747702773,-0.009942883844012235,-0.5633889817654582,0.8260944774459379,-0.007868203064709799
1757619196766.1746,190469,April7,April7,1192.6301491816228,1529.61273815906,1642.7750868291118,-0.6844208376401222,0.18294913454432685,-0.18435706156926035,0.6812563431066336
1757619196766.1746,190469,UWB2,UWB2,-1223.0549885921946,2021.8188931726556,1719.6012811688147,0.5002108922272488,0.5009711636049086,-0.4954647904344405,0.5033205717763976
1757619196766.1746,190469,UWB3,UWB3,1879.2877985209514,-1460.2955117982187,1388.3725909277239,-0.705842696895447,-0.00031002060990798874,0.7083670916829441,-0.0014333691887087189
1757619196766.1746,190469,UWB4,UWB4,-749.3650457587804,-1868.459815243338,1445.0454510483837,-0.13749729771693187,0.5955186496550118,0.09833070622779078,0.7853553993233615
1757619196766.1746,190469,UWB1,UWB1,-168.84276579703828,-443.40825789322963,238.45894677203944,0.01878742208656062,0.3393284553746002,0.06658488066745812,0.938120293891423
1757619196766.1746,190469,LeftRS,LeftRS,-215.2169601367095,-481.00985953556614,250.70854018728073,-0.009975474768597059,-0.5636883149760362,0.8258947548972045,-0.007336708792399905
1757619196777.1758,190470,April7,April7,1192.593497829561,1529.607410664352,1642.8191735910075,-0.6844646180872627,0.18299443183855704,-0.18436088231229988,0.6811991555894441
1757619196777.1758,190470,UWB2,UWB2,-1223.0770761653723,2021.8402581617486,1719.5897515249346,0.5007685208601402,0.5004334035104703,-0.4955268154336579,0.5032399749152006
1757619196777.1758,190470,UWB3,UWB3,1879.2799191874294,-1460.2947977111965,1388.3702381307423,-0.7058810719856724,-0.0003602205229598787,0.7083281598650892,-0.0017321650237386733
1757619196777.1758,190470,UWB4,UWB4,-749.3988636611845,-1868.4313356529833,1445.04331335594,-0.13735507718309814,0.5953977710366543,0.09807981499649882,0.78550329528708
1757619196777.1758,190470,UWB1,UWB1,-168.85202548282243,-443.40306381296085,238.46158774322177,0.018638799662555088,0.3392322707633658,0.06657101440236558,0.9381590279165413
1757619196777.1758,190470,LeftRS,LeftRS,-215.22567654071563,-481.0188878510681,250.71735254175715,-0.010297394799507791,-0.5642347456386703,0.8255160914561234,-0.007503214072226801
1757619196785.137,190471,April7,April7,1192.5814682711962,1529.5866705775268,1642.813347763469,-0.6845351658120321,0.1829960905785965,-0.18431641697708837,0.6811398505684219
1757619196785.137,190471,UWB2,UWB2,-1223.0264156182132,2021.7999567113327,1719.6188286701235,0.5006368210258222,0.5013699600473099,-0.49489517429918284,0.5030603373857844
1757619196785.137,190471,UWB3,UWB3,1879.2818002361037,-1460.2953819567651,1388.3735894429267,-0.7058740602686012,-0.0002785730074299471,0.7083358476358316,-0.0014354062235889143
1757619196785.137,190471,UWB4,UWB4,-749.3778810606746,-1868.461682314507,1445.2833510582484,-0.1415364781903479,0.5985151291616201,0.09485949422347001,0.7827826913401892
1757619196785.137,190471,UWB1,UWB1,-168.8581321673447,-443.39161266513474,238.47570372922002,0.01840235001954778,0.3393859639393388,0.06654211520811693,0.9381101576565268
1757619196785.137,190471,LeftRS,LeftRS,-215.22496630623138,-481.020176374358,250.73025024463195,-0.010047923864009607,-0.5637578140162389,0.8258411126347168,-0.00791347230411238
1757619196796.2053,190472,April7,April7,1192.359345157224,1529.7382813501758,1642.939435577597,-0.6843726901428998,0.18289383319237817,-0.1838318433389613,0.6814614590285857
1757619196796.2053,190472,UWB2,UWB2,-1223.0612820007796,2021.8152299077851,1719.585126267532,0.5007520805552277,0.5010513347435985,-0.49515885861706826,0.5030035969099144
1757619196796.2053,190472,UWB3,UWB3,1879.2727873035246,-1460.3007201508888,1388.3800145215873,-0.7060778188171731,-0.0002500261329236689,0.7081328337807538,-0.001393191643580371
1757619196796.2053,190472,UWB4,UWB4,-749.3957712591292,-1868.4187829794548,1445.0905615051824,-0.13746938899009806,0.5953991294293433,0.09788720605818116,0.7855062944722929
1757619196796.2053,190472,UWB1,UWB1,-168.86120771667237,-443.42295022833247,238.4652905597218,0.018615024907230625,0.3393114898903841,0.06662706964477567,0.9381268716259125
1757619196796.2053,190472,LeftRS,LeftRS,-215.21382530198343,-481.0150595484315,250.73211769382107,-0.010371882585017887,-0.5641862021727573,0.8255479613377887,-0.007544326381077166
1757619196820.7031,190473,April7,April7,1192.581029909616,1529.5934633375252,1642.8309009719278,-0.6845327218511632,0.1829573231770135,-0.18435867034143422,0.6811412858437508
1757619196820.7031,190473,UWB2,UWB2,-1223.0720133365219,2021.8006612346096,1719.6057877015614,0.5003016714414326,0.5013151767142657,-0.49499596847705357,0.5033491058304537
1757619196820.7031,190473,UWB3,UWB3,1879.263343042339,-1460.309799188766,1388.3904359452247,-0.7059320712260582,-0.0006589820466058048,0.7082774294456013,-0.0015998422050669094
1757619196820.7031,190473,UWB4,UWB4,-749.3968481477909,-1868.452650363477,1445.0746866514132,-0.13750907894741124,0.5954687299081893,0.09786532571757293,0.7854493127699304
1757619196820.7031,190473,UWB1,UWB1,-168.85347194253552,-443.41550155632666,238.47742952879094,0.018810180065411714,0.3393849134901249,0.06652348941034172,0.9381037698345954
1757619196820.7031,190473,LeftRS,LeftRS,-215.17565452180915,-481.4134012366729,250.65997285504906,-0.007273894781738267,-0.5516397397612126,0.834026699714644,-0.006336571153606269
1757619196824.7522,190474,April7,April7,1192.365933766094,1529.7297946944982,1642.9422211859703,-0.6844128811545862,0.18284023791421466,-0.18383836396614725,0.6814337175715641
1757619196824.7522,190474,UWB2,UWB2,-1223.0605973805798,2021.7719300546946,1719.6099540234368,0.5007622181946105,0.5015005987660246,-0.4949859778476411,0.5027158561258502
1757619196824.7522,190474,UWB3,UWB3,1879.2677135269432,-1460.3114886382584,1388.3963638831028,-0.7059106616304817,-0.0005602907054525789,0.7082990788308805,-0.0014962613632451588
1757619196824.7522,190474,UWB4,UWB4,-749.4120053147385,-1868.427288847808,1445.30572666236,-0.1414439211785116,0.5983801725340296,0.09426368465833637,0.7829745487781998
1757619196824.7522,190474,UWB1,UWB1,-168.8600845611525,-443.39538993983456,238.4704023299837,0.01855807422555233,0.33933310013577783,0.06652169872850652,0.9381276611589464
1757619196824.7522,190474,LeftRS,LeftRS,-215.17621538983454,-481.3828733531313,250.66810775667503,-0.007070372667889454,-0.5519436985146098,0.8338291293105842,-0.0060948021710383925
1757619196830.7312,190475,April7,April7,1192.3853252209733,1529.757150136504,1642.9442241745464,-0.6843074958519598,0.18285960947874888,-0.1838756031410929,0.6815243039771942
1757619196830.7312,190475,UWB2,UWB2,-1223.074927540533,2021.7205143862493,1719.571163564843,0.5007371786801481,0.5022757732295232,-0.4935250156492103,0.5034028053582706
1757619196830.7312,190475,UWB3,UWB3,1879.2749564493092,-1460.2974864931582,1388.3620789700828,-0.7060631944325138,-0.0002643879426968699,0.7081468361663772,-0.0016595162909934346
1757619196830.7312,190475,UWB4,UWB4,-749.3990615026343,-1868.424828346561,1445.0712415303676,-0.13725065905004258,0.5955304702595529,0.09791764703510548,0.7854411817455674
1757619196830.7312,190475,UWB1,UWB1,-168.85626851447734,-443.40386307847825,238.4721661676299,0.01861819860159392,0.3393557791624696,0.06656966841133755,0.9381148634775325
1757619196830.7312,190475,LeftRS,LeftRS,-215.22960220395012,-480.993995834452,250.70116841225342,-0.010449041117916065,-0.5648459721246597,0.8250992421202336,-0.0071474447798199475
1757619196836.8833,190476,April7,April7,1192.6010943159329,1529.6170059625802,1642.8189394256538,-0.6844623510045874,0.1830025575335337,-0.1843570928395611,0.681200276213394
1757619196836.8833,190476,UWB2,UWB2,-1223.0690080187055,2021.792465487962,1719.5852338181749,0.500533772602308,0.5013814459264057,-0.49453857746662483,0.5035019201180222
1757619196836.8833,190476,UWB3,UWB3,1879.269048975866,-1460.3064802879233,1388.3792739594476,-0.7060154921560822,-0.0003475077704685704,0.7081946748996049,-0.0015187224228263053
1757619196836.8833,190476,UWB4,UWB4,-749.425084570419,-1868.4669619359927,1445.2622595193561,-0.14105778686594367,0.5982399468410029,0.09441869114139345,0.7831326691763678
1757619196836.8833,190476,UWB1,UWB1,-168.85517722497235,-443.42262206141703,238.45132911399097,0.01890112477376247,0.33919104551890866,0.06662323200529076,0.9381649786041075
1757619196836.8833,190476,LeftRS,LeftRS,-215.1755746285855,-481.43433777878244,250.65893071258773,-0.006920078640799164,-0.5514262201680132,0.8341716336397442,-0.006238738143520808
1757619196846.6821,190477,April7,April7,1192.3731878842877,1529.7298653091425,1642.9267073245153,-0.6843960108393197,0.1828609194327503,-0.1838084565848267,0.6814531794476705
1757619196846.6821,190477,UWB2,UWB2,-1223.0204831607896,2021.9099689946008,1719.588673185335,0.5015688133997541,0.4991379629310185,-0.4973005966277753,0.501978222614781
1757619196846.6821,190477,UWB3,UWB3,1879.2830495726776,-1460.3048956910623,1388.3699908828787,-0.7059275918549043,-0.00012042125911828619,0.7082821870240171,-0.0016012810906250673
1757619196846.6821,190477,UWB4,UWB4,-749.3665455854075,-1868.4948839033518,1445.0644105747783,-0.137432036683958,0.5956335058364195,0.09845038532549256,0.7852647220187454
1757619196846.6821,190477,UWB1,UWB1,-168.84532305274814,-443.38816484291107,238.45617196003533,0.018303933032927207,0.33931325202837703,0.06655710920308935,0.93813732163686
1757619196846.6821,190477,LeftRS,LeftRS,-215.17927440042033,-481.411504738045,250.66448596936692,-0.006909712288030896,-0.5508199327734592,0.8345696749286012,-0.006566218478503061
1757619196856.8347,190478,April7,April7,1192.3644433751235,1529.756612948869,1642.9361221762372,-0.684279994465753,0.18293442112439992,-0.18393237125651174,0.6815165218435915
1757619196856.8347,190478,UWB2,UWB2,-1223.0687934028158,2021.7720380823052,1719.5874900320152,0.5002256220913732,0.5014673612236553,-0.49481810920914165,0.503447962980657
1757619196856.8347,190478,UWB3,UWB3,1879.2679518438379,-1460.3163820983464,1388.3656156948625,-0.7060478331918979,-0.00044889186711644504,0.7081622720596826,-0.001565941373639904
1757619196856.8347,190478,UWB4,UWB4,-749.383180775402,-1868.4742085960213,1445.0536445128107,-0.13731599975981817,0.5957737863066,0.09796715083295407,0.7852390394762174
1757619196856.8347,190478,UWB1,UWB1,-168.85127593016574,-443.4104606789279,238.44633759214332,0.018447517663210868,0.3393334833814352,0.06666303665209487,0.9381196702407472
1757619196856.8347,190478,LeftRS,LeftRS,-215.2045333421928,-481.43551569227776,250.65879161725056,-0.006653797926310045,-0.5512601492664532,0.8342851462361671,-0.006022422567438254
1757619196865.7844,190479,April7,April7,1192.3629149401543,1529.7294555405035,1642.9377927550624,-0.6843354894815254,0.1827317947417181,-0.18374719707476908,0.6815651081105295
1757619196865.7844,190479,UWB2,UWB2,-1223.0614091748612,2021.811363703487,1719.5955320782691,0.5010807036688607,0.5011152496993042,-0.4949878506913546,0.5027809290312001
1757619196865.7844,190479,UWB3,UWB3,1879.2526853992158,-1460.320986607332,1388.3579531477715,-0.7061614805509686,-0.0006702442156983745,0.70804843720554,-0.0017101840684022082
1757619196865.7844,190479,UWB4,UWB4,-749.3912138114947,-1868.406020923553,1445.0886016692214,-0.13749224619315042,0.5954333397016401,0.09766902529754853,0.7855035211289255
1757619196865.7844,190479,UWB1,UWB1,-168.8503156351566,-443.4166994192035,238.46541717812937,0.01874395699549177,0.339451486513554,0.06659648733834991,0.9380758286269202
1757619196865.7844,190479,LeftRS,LeftRS,-215.22721913041522,-481.0118047760428,250.7176735467608,-0.009985596596691099,-0.5642426334280443,0.8255167221202712,-0.007258097725780562
1757619196877.7805,190480,April7,April7,1192.5985845654097,1529.577158039967,1642.80566368313,-0.6844737088864609,0.18285084207450822,-0.18424490919592434,0.6812599539318611
1757619196877.7805,190480,UWB2,UWB2,-1223.0603522180681,2021.8283309374356,1719.5748630239705,0.5014767948169583,0.500958140621827,-0.495094189855701,0.502437766072535
1757619196877.7805,190480,UWB3,UWB3,1879.2710138244781,-1460.2962003906177,1388.3555749750537,-0.705907433335481,-0.0004337234809583964,0.70830182709344,-0.0017404544665562934
1757619196877.7805,190480,UWB4,UWB4,-749.3795206965441,-1868.431036916536,1445.0718620196103,-0.13769386892247687,0.595444174496482,0.0982637413951095,0.7853858100617798
1757619196877.7805,190480,UWB1,UWB1,-168.84890795920418,-443.4141092506588,238.47473972067314,0.018454880480033502,0.3393161057089733,0.06672762248501468,0.9381212193477247
1757619196877.7805,190480,LeftRS,LeftRS,-215.2240454981744,-481.0073683484675,250.7197691961719,-0.010055409069920194,-0.5641405495111319,0.8255844129262082,-0.00739636931222549
1757619196885.7786,190481,April7,April7,1192.369812580214,1529.721921981546,1642.9315641111357,-0.6843370746285927,0.1827750759958436,-0.18373270979330794,0.681555816669113
1757619196885.7786,190481,UWB2,UWB2,-1223.0439239325015,2021.818024400525,1719.6230876767875,0.5008403208577155,0.500531731019994,-0.4958478298992973,0.5027543026463588
1757619196885.7786,190481,UWB3,UWB3,1879.2692502203454,-1460.2962932610742,1388.3830238032817,-0.705881956941267,-0.0006617807934090368,0.7083268375989762,-0.0018210019172085687
1757619196885.7786,190481,UWB4,UWB4,-749.4284443773888,-1868.4686303759217,1445.0606830296965,-0.13695504712871948,0.5952761208156766,0.09748115744997515,0.7857398290750084
1757619196885.7786,190481,UWB1,UWB1,-168.8402472261187,-443.40026894954997,238.48667939622382,0.01820932699996244,0.33950044084227016,0.06667793810493707,0.9380628569814429
1757619196885.7786,190481,LeftRS,LeftRS,-215.2154247196464,-481.0269482742499,250.75435706463247,-0.009538215800442243,-0.5627077546611516,0.8265616295305287,-0.008054680092125104
1757619196895.782,190482,April7,April7,1192.577280402404,1529.5932428947162,1642.819928896186,-0.6844855964947658,0.18290021629632838,-0.18419268862295785,0.6812488770837037
1757619196895.782,190482,UWB2,UWB2,-1223.0759455204256,2021.7840964588927,1719.6543132489317,0.5006795421512104,0.5013406574325446,-0.4945811811793654,0.5033557355385775
1757619196895.782,190482,UWB3,UWB3,1879.274817013729,-1460.297262923377,1388.3760236315786,-0.7058933537245353,-0.0002993291836556848,0.7083163730245308,-0.0015489593092570752
1757619196895.782,190482,UWB4,UWB4,-749.3713126570207,-1868.4158044250078,1445.2963360704,-0.14180467360950924,0.5985571082027065,0.09486779769421787,0.782701043645122
1757619196895.782,190482,UWB1,UWB1,-168.84713313502962,-443.4034880857915,238.4771857379283,0.018436706694411453,0.3390401853438522,0.06685197866157383,0.9382124778094263
1757619196895.782,190482,LeftRS,LeftRS,-215.20528258445157,-481.01858865759516,250.72917156516291,-0.0102523052634597,-0.5639248448442153,0.8257261964922131,-0.007740027823961339
1757619196903.783,190483,April7,April7,1192.582512602188,1529.5743271867411,1642.84857620589,-0.6844827545590568,0.18290520519496717,-0.1841821476463311,0.6812532430104228
1757619196903.783,190483,UWB2,UWB2,-1223.0365198469979,2021.758808229885,1719.5913820367252,0.500781149832015,0.5017906551746227,-0.4944448706317901,0.5029400046310298
1757619196903.783,190483,UWB3,UWB3,1879.2629308038295,-1460.3055153455616,1388.3640552414233,-0.7059641545776094,-0.0004970266404829773,0.7082452896135489,-0.0017248641280019155
1757619196903.783,190483,UWB4,UWB4,-749.3953300471235,-1868.441658138226,1445.086222096916,-0.13737622227532117,0.5955727909927321,0.09803992999465569,0.7853718840836692
1757619196903.783,190483,UWB1,UWB1,-168.86472413553116,-443.4151222077989,238.48047607192018,0.018842214703135532,0.3391107115443183,0.06663412208263783,0.9381944308272477
1757619196903.783,190483,LeftRS,LeftRS,-215.1990139515232,-481.0222795402632,250.75768970081523,-0.009725178950836702,-0.5628914417770171,0.8264316818663485,-0.008325915933025011
1757619196926.7754,190484,April7,April7,1192.3777148620795,1529.716542298841,1642.9488539846002,-0.6843310471976796,0.1827495481662551,-0.18372451529984402,0.6815709229157259
1757619196926.7754,190484,UWB2,UWB2,-1223.0245345691442,2021.8275533341327,1719.623181269677,0.5008111486246661,0.5004940009603508,-0.49599381911788587,0.5026769139445305
1757619196926.7754,190484,UWB3,UWB3,1879.273812931176,-1460.3050502043293,1388.3801352412102,-0.7059217097585974,-0.00048793081541683055,0.7082879536431826,-0.001573638767602611
1757619196926.7754,190484,UWB4,UWB4,-749.4029331437275,-1868.4684578314595,1445.0420221262596,-0.13719127232167833,0.595578781403391,0.09785526609760074,0.7854226994668404
1757619196926.7754,190484,UWB1,UWB1,-168.86292382772353,-443.4239350720846,238.46183589592712,0.01908744415247005,0.33909549418951845,0.06652674607662983,0.9382025939809313
1757619196926.7754,190484,LeftRS,LeftRS,-215.22969192496706,-481.00872836927397,250.7438609193578,-0.010064565662480015,-0.5635543039993856,0.8259826565799547,-0.007609335773542689
1757619196930.7778,190485,April7,April7,1192.3952283710353,1529.7298558247178,1642.953960927044,-0.6843499762973612,0.18283370662684062,-0.18380846682919577,0.6815067080996283
1757619196930.7778,190485,UWB2,UWB2,-1223.049159519962,2021.7118360107884,1719.5744902358376,0.5005191062349487,0.5025144013726542,-0.4934636228952515,0.5034417082304011
1757619196930.7778,190485,UWB3,UWB3,1879.27754018719,-1460.3163713847093,1388.3673731948452,-0.7058205346059281,-0.0006579917764094653,0.7083879604051939,-0.0018540572789949787
1757619196930.7778,190485,UWB4,UWB4,-749.3887250106949,-1868.4961859579873,1445.25744265629,-0.14138273499435844,0.5984946264661177,0.09490495416157955,0.7828206397459676
1757619196930.7778,190485,UWB1,UWB1,-168.85046941972928,-443.41682848150555,238.45966758994612,0.018882060134933012,0.3391958329687674,0.06655055021973821,0.9381687902329383
1757619196930.7778,190485,LeftRS,LeftRS,-215.20848155255135,-481.0186975329525,250.706561121913,-0.010223434690522662,-0.5638149053462115,0.8258013493992893,-0.007769505961408934
1757619196934.781,190486,April7,April7,1192.594264931919,1529.6007993572275,1642.8092081168331,-0.684500393930648,0.18303188279076127,-0.18444672333303141,0.6811299045281781
1757619196934.781,190486,UWB2,UWB2,-1223.0779857410782,2021.7510021389915,1719.5547899605676,0.5003989370136944,0.5020339748143655,-0.4937508527090064,0.5037587591464616
1757619196934.781,190486,UWB3,UWB3,1879.2848656441015,-1460.2924116629795,1388.3616097580027,-0.7058412232849476,-0.00025399014151583903,0.7083683353424476,-0.0015506401215344854
1757619196934.781,190486,UWB4,UWB4,-749.3556582523216,-1868.4608608068409,1445.272990922707,-0.14203656120926064,0.5987412166131888,0.09514906412146985,0.7824840103191982
1757619196934.781,190486,UWB1,UWB1,-168.85659352596406,-443.4087186374996,238.46750959386415,0.01865122806129949,0.33922919803153667,0.06669033855427946,0.9381514172233614
1757619196934.781,190486,LeftRS,LeftRS,-215.2252746039348,-481.26907361575735,250.56605339094915,-0.007440039477464214,-0.5538281975856805,0.8325814026903714,-0.005213565546154138
1757619196945.7788,190487,April7,April7,1192.3653600548353,1529.7416139189734,1642.9373553915977,-0.6843803732068507,0.18283268172704636,-0.1838256687989623,0.6814718180177098
1757619196945.7788,190487,UWB2,UWB2,-1223.0636614046543,2021.7867536802669,1719.5757657928252,0.5008638869691633,0.5012111051760868,-0.49492632121644387,0.5029619581493856
1757619196945.7788,190487,UWB3,UWB3,1879.2727550179272,-1460.300015481163,1388.364372564339,-0.705889551570838,-0.0003463452674178388,0.7083200666510023,-0.001582468829636557
1757619196945.7788,190487,UWB4,UWB4,-749.4294186247564,-1868.4285442424791,1445.0696001926588,-0.13708905899036283,0.5951918569968341,0.09747703750233819,0.7857808030421491
1757619196945.7788,190487,UWB1,UWB1,-168.8533390663281,-443.42467531693455,238.458427528402,0.018759277195318676,0.3392895690908611,0.06676437906574431,0.9381221644930966
1757619196945.7788,190487,LeftRS,LeftRS,-215.21902391812955,-481.02538559641414,250.729112903128,-0.009691805709481383,-0.5631483230406462,0.8262616292258069,-0.007858449447113808
1757619196955.7947,190488,April7,April7,1192.4013821068459,1529.7644389730651,1642.90289501855,-0.6843010543108302,0.18287830955338655,-0.18384100392994582,0.6815350880461046
1757619196955.7947,190488,UWB2,UWB2,-1223.0504952984888,2021.7806115972132,1719.602317437072,0.5011342980937586,0.5007203400570959,-0.49522172468824943,0.502890643901811
1757619196955.7947,190488,UWB3,UWB3,1879.2820967919201,-1460.2966679222093,1388.378512147366,-0.705844865195826,-0.00042000388507500245,0.7083648220207626,-0.0014590397240208802
1757619196955.7947,190488,UWB4,UWB4,-749.3847211580388,-1868.441944933478,1445.058602986741,-0.1378897265111487,0.5955094326580844,0.09830208403621271,0.7852971661810989
1757619196955.7947,190488,UWB1,UWB1,-168.84775156287893,-443.4034308455434,238.46551524155976,0.01837781281021531,0.3394233284642831,0.0666916446087763,0.9380865016777061
1757619196955.7947,190488,LeftRS,LeftRS,-215.16671306522892,-481.43568763638336,250.6693952449019,-0.006295182375149907,-0.5498657096389179,0.8351993843116862,-0.007075343633577784
1757619196963.7744,190489,April7,April7,1192.3741986663117,1529.7058854400896,1642.9438307592181,-0.6843913003200741,0.18281101798778224,-0.18382390762578646,0.6814671310735795
1757619196963.7744,190489,UWB2,UWB2,-1223.0569846471749,2021.7846948853185,1719.6017665121342,0.5011020974924619,0.5012010711131288,-0.49498766503236863,0.5026742341412691
1757619196963.7744,190489,UWB3,UWB3,1879.278792920001,-1460.2958566196892,1388.3708825676283,-0.7060167813909521,-0.0003748217863425703,0.7081933178094526,-0.0015454814877419582
1757619196963.7744,190489,UWB4,UWB4,-749.3654291628993,-1868.4630299085773,1445.052171788499,-0.1376367301645271,0.5956194553408494,0.09833238973218356,0.7852543129831541
1757619196963.7744,190489,UWB1,UWB1,-168.8345194029729,-443.41417103226195,238.46689835885056,0.018710948882072097,0.3394068284087557,0.06675789399352126,0.9380811738922127
1757619196963.7744,190489,LeftRS,LeftRS,-215.21531147352934,-481.0173986644917,250.7219620810851,-0.010399622129281288,-0.5640539694226608,0.8256402037919552,-0.007295294407146961
1757619196975.7698,190490,April7,April7,1192.5915380189624,1529.5744324850957,1642.8259803602105,-0.6844905627777463,0.18286160478397742,-0.18421204044263856,0.6812490199038765
1757619196975.7698,190490,UWB2,UWB2,-1223.031285994923,2021.7757639428053,1719.6050939052764,0.500881549986258,0.501443944789328,-0.49492137264889674,0.5027170954053712
1757619196975.7698,190490,UWB3,UWB3,1879.271331252862,-1460.2974141294696,1388.3671934811998,-0.7058843140810591,-0.00039616203168546705,0.7083250894605332,-0.001657054822602557
1757619196975.7698,190490,UWB4,UWB4,-749.3603168942565,-1868.4660812368243,1445.2881434308526,-0.14175758254620688,0.5989276352453927,0.09509456161145995,0.7823985556491918
1757619196975.7698,190490,UWB1,UWB1,-168.8616318825231,-443.4230228688181,238.46379611586923,0.018984312783354735,0.33913576219885155,0.06659484252961335,0.9381853002549143
1757619196975.7698,190490,LeftRS,LeftRS,-215.18234633897868,-481.4085892588587,250.65798450217994,-0.006732305078136399,-0.5519128105305027,0.8338510298557901,-0.006275798681823143
1757619196986.77,190491,April7,April7,1192.3799244568659,1529.7096277632702,1642.962578468807,-0.6843254887207385,0.18277899394716215,-0.1836874967765275,0.681578585628069
1757619196986.77,190491,UWB2,UWB2,-1223.0668493719304,2021.798486496619,1719.5995211253269,0.5004517513355585,0.5012861465081264,-0.49475690179433895,0.5034638537482831
1757619196986.77,190491,UWB3,UWB3,1879.277423544525,-1460.2970994642722,1388.372971831904,-0.7058905837613295,-0.00026994176739474123,0.7083191850159126,-0.0015306949156995114
1757619196986.77,190491,UWB4,UWB4,-749.3877531739498,-1868.451304385898,1445.0561656825848,-0.1368186621356859,0.5953536380743597,0.09812672017076646,0.7856244943429103
1757619196986.77,190491,UWB1,UWB1,-168.8514882783965,-443.4034206844804,238.49396989649227,0.018264385597600463,0.3393382470563552,0.06673939102490437,0.9381161015509153
1757619196986.77,190491,LeftRS,LeftRS,-215.21603316047765,-481.01543919031195,250.71597037305403,-0.010157321251335633,-0.5639783179432807,0.8256907260102202,-0.0077531087687823
1757619196995.7812,190492,April7,April7,1192.35676572662,1529.7211307383773,1642.9640793248109,-0.6843174096316105,0.1827641499505952,-0.18372374160583566,0.681580908724908
1757619196995.7812,190492,UWB2,UWB2,-1223.0456596548468,2021.9089411571347,1719.5537947184255,0.5010129357918468,0.4999723367805395,-0.49645297720851445,0.5025416818973764
1757619196995.7812,190492,UWB3,UWB3,1879.2793780940412,-1460.300336260318,1388.3601579727506,-0.7059715497527986,-0.00025099283218985697,0.708238164578216,-0.0016763582880885
1757619196995.7812,190492,UWB4,UWB4,-749.388620534715,-1868.4861712475285,1445.276864819288,-0.1414470109669491,0.5985026637034229,0.0948531750520277,0.782809159253373
1757619196995.7812,190492,UWB1,UWB1,-168.86881861394576,-443.4084456722799,238.45661068552047,0.01874731918651871,0.3391294008620445,0.06645111439492872,0.9382025564290164
1757619196995.7812,190492,LeftRS,LeftRS,-215.2189637093624,-481.02519908486306,250.7359438493614,-0.010112129484425662,-0.5640455847624283,0.8256464736384624,-0.0076304466233811106
1757619197005.7654,190493,April7,April7,1192.3595354781237,1529.7313791471424,1642.9469824443258,-0.6843259312419335,0.18278413937167592,-0.18376292947059605,0.681556427580579
1757619197005.7654,190493,UWB2,UWB2,-1223.0643327594912,2021.7619055190462,1719.5958993554846,0.5000470369859157,0.5014499722239875,-0.4945563658213552,0.5038996796821192
1757619197005.7654,190493,UWB3,UWB3,1879.2607006103294,-1460.3122364664312,1388.3711206932737,-0.7059559367520961,-0.0005797974143117233,0.7082534037157213,-0.0017307005878012282
1757619197005.7654,190493,UWB4,UWB4,-749.4056887514835,-1868.4464161872324,1445.0746701312253,-0.13737885196606778,0.5953560089734394,0.0976262885571712,0.7855872843893638
1757619197005.7654,190493,UWB1,UWB1,-168.85990168475263,-443.42095476130714,238.44120882116178,0.018952711568604334,0.33899969616977016,0.0664288580297586,0.9382468798465908
1757619197005.7654,190493,LeftRS,LeftRS,-215.2151522295737,-481.0177299171652,250.72340590570622,-0.010033737950980729,-0.5639587096014967,0.8257068909617922,-0.0076176233535754576
1757619197025.766,190494,April7,April7,1192.3919968786113,1529.7181689609686,1642.9533293150566,-0.6843282620397756,0.18276301473572787,-0.18375334989146452,0.681562335096353
1757619197025.766,190494,UWB2,UWB2,-1223.08404022343,2021.690672690661,1719.5937288043551,0.5000947137505708,0.5028142904342994,-0.4931142787235873,0.5039061169828195
1757619197025.766,190494,UWB3,UWB3,1879.2760772475947,-1460.3070832179808,1388.3726473901065,-0.7060680798564378,-0.00039186222422016894,0.7081423132168713,-0.0014755621636069797
1757619197025.766,190494,UWB4,UWB4,-749.3379384275541,-1868.4546542612434,1445.2842419475332,-0.14223954834690458,0.5988101658808875,0.09540281402843083,0.7823634700056166
1757619197025.766,190494,UWB1,UWB1,-168.86312629744808,-443.40787066391596,238.46572408512523,0.018806751008981163,0.3393240234034307,0.06640108390780573,0.9381345368941828
1757619197025.766,190494,LeftRS,LeftRS,-215.20986057760646,-481.034884478761,250.71192512334986,-0.00995678968132744,-0.5633737397015638,0.8261053026475244,-0.007805170821871174
1757619197030.7646,190495,April7,April7,1192.6052002006722,1529.5833626724882,1642.8113943678582,-0.6844809283342266,0.1828327770321521,-0.1842457762486811,0.6812573143269347
1757619197030.7646,190495,UWB2,UWB2,-1223.0620260309977,2021.7910008705705,1719.5976394411236,0.5006250386619104,0.5011626879016663,-0.4954018765158765,0.5027797844628265
1757619197030.7646,190495,UWB3,UWB3,1879.2810568824148,-1460.29510566863,1388.3427036337737,-0.7060392535888091,-0.0002627921339392219,0.7081705829121014,-0.0017113824780705625
1757619197030.7646,190495,UWB4,UWB4,-749.394581862511,-1868.4451805097706,1445.066519161126,-0.1372041008945204,0.5953491549156237,0.0978967616805252,0.785589359965781
1757619197030.7646,190495,UWB1,UWB1,-168.85040386436805,-443.42013588320725,238.46104996818406,0.0188894080635522,0.3393911410086573,0.06648170813150342,0.9381028867623039
1757619197030.7646,190495,LeftRS,LeftRS,-215.22288596689776,-481.02920743391826,250.72987640711563,-0.00971025761779416,-0.5635113038531196,0.8260131054921606,-0.007941717821109239
1757619197034.7646,190496,April7,April7,1192.594789618756,1529.5757354101984,1642.817332782858,-0.6845055917504083,0.18293222140712176,-0.18421824612608706,0.6812132815996087
1757619197034.7646,190496,UWB2,UWB2,-1223.060554073218,2021.7721160439346,1719.6099490096262,0.50076401621904,0.5014973497898527,-0.49499003372620964,0.502713312660066
1757619197034.7646,190496,UWB3,UWB3,1879.2599545956725,-1460.3072714921855,1388.363635251591,-0.7059867195141333,-0.00043653222184138413,0.7082229879480431,-0.0016615207605898178
1757619197034.7646,190496,UWB4,UWB4,-749.3598203890749,-1868.4658284780712,1445.2948038286731,-0.1415881813028238,0.5986645768544984,0.09543472714349976,0.7825891158136746
1757619197034.7646,190496,UWB1,UWB1,-168.86012965408145,-443.41699671786546,238.46089388596073,0.01887726580604305,0.33921324711115153,0.0666349056208644,0.9381566026910941
1757619197034.7646,190496,LeftRS,LeftRS,-215.2241933762558,-481.01062710114525,250.7010983783253,-0.00988394271149909,-0.5643138035782985,0.8254674082182137,-0.0074697213451607606
1757619197045.7703,190497,April7,April7,1192.607701806435,1529.5798701825925,1642.7939690536182,-0.6844923643693291,0.18290598479002648,-0.18417927247227525,0.6812441555269738
1757619197045.7703,190497,UWB2,UWB2,-1223.0146624349713,2021.8318329572278,1719.607195352064,0.5004913642083981,0.49991118242936583,-0.4968621105569042,0.5027178603628766
1757619197045.7703,190497,UWB3,UWB3,1879.2830893946948,-1460.2890270723997,1388.3781936615094,-0.7058590856455486,-0.0001299142342003995,0.7083508132325609,-0.0014351747947966868
1757619197045.7703,190497,UWB4,UWB4,-749.4151027863163,-1868.4759236942932,1445.2734199964154,-0.14102745640441006,0.598503380131599,0.09495254533045455,0.7828722594692068
1757619197045.7703,190497,UWB1,UWB1,-168.87006925055843,-443.4024851443961,238.4643037450327,0.018597146188499395,0.33919084438593555,0.06665834663954433,0.9381686319962323
1757619197045.7703,190497,LeftRS,LeftRS,-215.19343695251723,-481.38084404780267,250.62618537575642,-0.006863267885432895,-0.5526766446820185,0.8333459556152643,-0.0059950176514067055
1757619197056.8433,190498,April7,April7,1192.3850644058944,1529.720479433637,1642.9367883683612,-0.6843286285122022,0.18276958781270203,-0.18373347764621487,0.6815655618951205
1757619197056.8433,190498,UWB2,UWB2,-1223.0418855680496,2021.8378279199505,1719.6075659497512,0.5011512879736034,0.5001999787794761,-0.49626723995320227,0.5023606218053331
1757619197056.8433,190498,UWB3,UWB3,1879.2717248194926,-1460.2990861244143,1388.3776444095167,-0.7059634462658949,-0.0003453095171326907,0.7082465030785454,-0.0015440773070470113
1757619197056.8433,190498,UWB4,UWB4,-749.4061733722955,-1868.4367814464167,1445.0552355141028,-0.13713237381274565,0.5953512604643757,0.09796996200297753,0.7855911629219715
1757619197056.8433,190498,UWB1,UWB1,-168.85274457114815,-443.4094755072546,238.45957014533593,0.018569975603262567,0.33933055738710516,0.06663152559136995,0.9381205512229318
1757619197056.8433,190498,LeftRS,LeftRS,-215.20194666902105,-481.0190269766272,250.72628826271546,-0.010030740220233371,-0.5632705456203985,0.8261729576648414,-0.007995042867983648
1757619197064.805,190499,April7,April7,1192.37284847013,1529.7384288746991,1642.9467664120762,-0.6843888635326257,0.18289267798174744,-0.18381999269176347,0.681448723015889
1757619197064.805,190499,UWB2,UWB2,-1223.0626595511105,2021.767174589232,1719.616147203943,0.5007949595587667,0.5014480304798662,-0.49457038309738977,0.5031445293067367
1757619197064.805,190499,UWB3,UWB3,1879.2822053903142,-1460.2897748082967,1388.3571794746647,-0.7057836917914272,-0.00038818412291922723,0.7084252113383618,-0.0017174558357779678
1757619197064.805,190499,UWB4,UWB4,-749.3756354074877,-1868.455109270354,1445.2838580218233,-0.14171556711891045,0.5985773342031527,0.0947504744220143,0.7827159258704374
1757619197064.805,190499,UWB1,UWB1,-168.85287845343538,-443.4204081336269,238.45292884435355,0.018900248554602744,0.33908443626555657,0.0666219125563257,0.9382036273935319
1757619197064.805,190499,LeftRS,LeftRS,-215.18783639169249,-481.4008610780802,250.65995786869266,-0.0070272890220812595,-0.5521064043093917,0.8337223385555771,-0.006016454352395045
1757619197077.8662,190500,April7,April7,1192.4031077797806,1529.7182848910013,1642.9256834161383,-0.6843233682739635,0.18271145135028266,-0.18375351851992067,0.6815810279131895
1757619197077.8662,190500,UWB2,UWB2,-1223.0065693115564,2021.8979907408561,1719.5858732546444,0.5014560479697184,0.4993486031664053,-0.49712284693045833,0.5020574464442368
1757619197077.8662,190500,UWB3,UWB3,1879.2780227786557,-1460.299711645166,1388.3617394059183,-0.7059764122659423,-0.00022850149703103646,0.7082333649520763,-0.00165948179656388
1757619197077.8662,190500,UWB4,UWB4,-749.4407461298281,-1868.4450246610522,1445.2789557880908,-0.1412367930724385,0.5981975832575261,0.09409955126663434,0.783171178044038
1757619197077.8662,190500,UWB1,UWB1,-168.8567383541225,-443.40773916005924,238.46754546123475,0.018775530691701715,0.3393703123561429,0.06650032915884883,0.9381113882478476
1757619197077.8662,190500,LeftRS,LeftRS,-215.2318441582418,-481.00318632680694,250.70444847004316,-0.010489690978552001,-0.5643550378598591,0.8254330955651399,-0.007318631779398909
1757619197085.4756,190501,April7,April7,1192.5852899513009,1529.5838173416278,1642.8244261352195,-0.6845031004920992,0.18290170321116184,-0.1842310882369231,0.6812205065220794
1757619197085.4756,190501,UWB2,UWB2,-1223.06261736112,2021.747955777922,1719.603636421297,0.500707089178064,0.5017787399480358,-0.49415450480160367,0.5033108705037809
1757619197085.4756,190501,UWB3,UWB3,1879.27048787056,-1460.3050958738313,1388.3575229657538,-0.7060886330749783,-0.00038313474517381516,0.708121253809498,-0.0017278175077984196
1757619197085.4756,190501,UWB4,UWB4,-749.3773091627161,-1868.4643374335167,1445.2784434615514,-0.14147465666869938,0.598504823924292,0.09487521821873837,0.7827998404622811
1757619197085.4756,190501,UWB1,UWB1,-168.85841387385258,-443.41134038223913,238.44816129827655,0.018973508841572444,0.3391550592465757,0.06638564832339705,0.9381933688991693
1757619197085.4756,190501,LeftRS,LeftRS,-215.1684628814239,-481.40803807010553,250.63966567073618,-0.007077214814831811,-0.5521236192029393,0.8337093719077509,-0.006172952445638701
1757619197096.654,190502,April7,April7,1192.5983384815593,1529.5755249409788,1642.8080364488892,-0.684497432673009,0.18290494424937953,-0.18422320232833356,0.6812274640361213
1757619197096.654,190502,UWB2,UWB2,-1223.072228479793,2021.8974784815712,1719.5661730217382,0.5009303424122404,0.49997701141118683,-0.49614286194416946,0.5029254822068001
1757619197096.654,190502,UWB3,UWB3,1879.287382483632,-1460.2959327643748,1388.36882284605,-0.7057597679726123,-0.0001512522525008318,0.7084493164210598,-0.001641065670167219
1757619197096.654,190502,UWB4,UWB4,-749.4262841862643,-1868.4392186402356,1445.0656819312542,-0.1375470020461418,0.59529866096115,0.0977110199901407,0.7855907860065995
1757619197096.654,190502,UWB1,UWB1,-168.85122035115975,-443.41335375251526,238.46533416646116,0.01887156295481329,0.33929357954378925,0.06648295320853863,0.9381384481645959
1757619197096.654,190502,LeftRS,LeftRS,-215.22826663855216,-480.9940903754515,250.71276877428087,-0.010576050118123285,-0.564625139678261,0.8252466439684876,-0.0073875182539027565
1757619197104.7322,190503,April7,April7,1192.3550932738726,1529.7241531835127,1642.9407123425324,-0.6843462516896986,0.1828009278018304,-0.18375791320471319,0.6815328736955384
1757619197104.7322,190503,UWB2,UWB2,-1223.0247139328005,2021.7812122629427,1719.6175340401728,0.5006244570223831,0.5015030834886417,-0.49527587140147733,0.5025650420492219
1757619197104.7322,190503,UWB3,UWB3,1879.258627231746,-1460.3123447088767,1388.3932764182323,-0.7059548872782937,-0.0006022924652124077,0.7082549302726926,-0.001512652009323729
1757619197104.7322,190503,UWB4,UWB4,-749.4144741909163,-1868.488120692385,1445.0512919992714,-0.13682483954033273,0.595244433178001,0.09781522501048547,0.7857450030458424
1757619197104.7322,190503,UWB1,UWB1,-168.85650364855624,-443.4246893932494,238.45652484390874,0.01884874855088632,0.3390206771115728,0.06665746114846945,0.9382251798167199
1757619197104.7322,190503,LeftRS,LeftRS,-215.18645407736045,-481.4011161974939,250.63720916142833,-0.007220741023102824,-0.5519194075045039,0.8338436000022577,-0.006138342954729819
1757619197131.4226,190504,April7,April7,1192.600366649782,1529.5780205070196,1642.8120982210366,-0.6844890805620599,0.18288184856561687,-0.18420545048181897,0.6812468569243595
1757619197131.4226,190504,UWB2,UWB2,-1223.016492845501,2021.751244185662,1719.6290891061053,0.5002010404636259,0.5019676654112086,-0.4946705860233973,0.5031186672386503
1757619197131.4226,190504,UWB3,UWB3,1879.2640121386316,-1460.3056904711323,1388.3661960859629,-0.7061025663433207,-0.00035103660777580244,0.7081075443513435,-0.0016577724170375727
1757619197131.4226,190504,UWB4,UWB4,-749.3772102330903,-1868.4703424980696,1445.058814253286,-0.1370980340450911,0.5954406551051549,0.09808353158708867,0.7855152297316199
1757619197131.4226,190504,UWB1,UWB1,-168.86573415881747,-443.40818793004564,238.47068556878074,0.018827797852930393,0.3392798330314952,0.06647633967385953,0.9381447677142882
1757619197131.4226,190504,LeftRS,LeftRS,-215.20693993643593,-481.0401983126889,250.72209655029573,-0.009645242677417433,-0.5632168119547829,0.8262136276090087,-0.008051930100707648
1757619197135.4668,190505,April7,April7,1192.367561373123,1529.7271151223033,1642.9204277246126,-0.6843415461776524,0.1827013480557771,-0.18379554671869272,0.681554152360734
1757619197135.4668,190505,UWB2,UWB2,-1223.0579379334035,2021.9128909120725,1719.5769694612904,0.501513829442937,0.49921864268847943,-0.4968365964077696,0.5024122034143836
1757619197135.4668,190505,UWB3,UWB3,1879.2930533866972,-1460.2838513276963,1388.3632858080753,-0.7059874152218509,-1.1180978693252039e-05,0.7082228129311723,-0.001488847612528338
1757619197135.4668,190505,UWB4,UWB4,-749.3695595925428,-1868.44414095843,1445.041808852595,-0.13762390075813885,0.5958055582432298,0.0982755818926986,0.7851224800693448
1757619197135.4668,190505,UWB1,UWB1,-168.8615338321223,-443.41169526251343,238.46015255447898,0.018927211189310393,0.33912236534712664,0.06652798486223993,0.9381960398702047
1757619197135.4668,190505,LeftRS,LeftRS,-215.21864994115344,-481.03145261233976,250.72366354318518,-0.009938157155600135,-0.5637238295512947,0.8258659292768749,-0.007883139477223933
1757619197140.425,190506,April7,April7,1192.3716687142653,1529.7203345800426,1642.930527611255,-0.6843399391889875,0.18279726049351525,-0.18376177735336072,0.6815391539528839
1757619197140.425,190506,UWB2,UWB2,-1223.0597454839865,2021.8005941670174,1719.5930246313426,0.5005207951708212,0.5007090737700881,-0.49546035772473984,0.5032776479927776
1757619197140.425,190506,UWB3,UWB3,1879.2675310377203,-1460.303527287804,1388.3404108527388,-0.7061757642945974,-0.00022263367030246134,0.7080343222328567,-0.001771693384696547
1757619197140.425,190506,UWB4,UWB4,-749.3958220789981,-1868.429726781925,1445.052673774845,-0.13730481726066743,0.5954677315139237,0.09768962933020305,0.7855076729122409
1757619197140.425,190506,UWB1,UWB1,-168.84765764438512,-443.40900949936844,238.4605577264209,0.018452318700247126,0.3393661690976478,0.06671119912061778,0.9381043284829576
1757619197140.425,190506,LeftRS,LeftRS,-215.1625577317485,-481.4183891911949,250.6681097264202,-0.007360922875988742,-0.5516818599676837,0.8339944517364981,-0.006796813205382138
1757619197147.8896,190507,April7,April7,1192.37469026099,1529.7240960145489,1642.9229392427376,-0.6843404919857142,0.18277339039531393,-0.18378582953476472,0.6815385151657765
1757619197147.8896,190507,UWB2,UWB2,-1223.0942910769402,2021.7759455023565,1719.5885792926404,0.5006749153900991,0.5017828910172895,-0.49434284352183255,0.5031537661989595
1757619197147.8896,190507,UWB3,UWB3,1879.2691777681646,-1460.3035322764044,1388.3740562739072,-0.7059859191798256,-0.00035618909004921724,0.708224119326466,-0.0015335753651047359
1757619197147.8896,190507,UWB4,UWB4,-749.3933955400822,-1868.4289602986719,1445.0703951993403,-0.13730075569728828,0.595371837417859,0.09792750687538997,0.7855514503148769
1757619197147.8896,190507,UWB1,UWB1,-168.86022472916147,-443.4205209834996,238.45748624502374,0.018900403734110248,0.3392971078162094,0.06655135569570132,0.938131741506121
1757619197147.8896,190507,LeftRS,LeftRS,-215.22886761430104,-481.00989564579675,250.69241072598902,-0.010396011904693275,-0.5641485438942982,0.8255755157719482,-0.007308290928959518
1757619197157.8296,190508,April7,April7,1192.4081428755612,1529.711115352742,1642.935396469521,-0.6843246458882251,0.18279344282716115,-0.18373161559678924,0.6815636651990352
1757619197157.8296,190508,UWB2,UWB2,-1223.0676001484078,2021.792267411564,1719.571829753951,0.5003926921618226,0.501092179721805,-0.4953793129378218,0.5031034857421934
1757619197157.8296,190508,UWB3,UWB3,1879.2734658704867,-1460.3003481902385,1388.3636768813114,-0.7058823494179715,-0.00040390005890945875,0.7083270937616891,-0.0016352027478835137
1757619197157.8296,190508,UWB4,UWB4,-749.358934898195,-1868.448129368717,1445.0678695420065,-0.13790272217377414,0.5957010040534573,0.09824706145666255,0.7851564607782939
1757619197157.8296,190508,UWB1,UWB1,-168.86499924778587,-443.42624516400156,238.45112354889045,0.018740957152627455,0.3392869158537057,0.06664311830012751,0.9381321122521705
1757619197157.8296,190508,LeftRS,LeftRS,-215.17140965938074,-481.4065795911823,250.6513351965826,-0.006842142853934702,-0.5518686037636418,0.8338772043154635,-0.006560288420624644
1757619197166.971,190509,April7,April7,1192.3797996069675,1529.7175126725526,1642.9397076069617,-0.6843469503587015,0.18282877410196707,-0.18373108220482479,0.6815319363954714
1757619197166.971,190509,UWB2,UWB2,-1223.039794633071,2021.8819691850613,1719.5923240984096,0.501117000072059,0.5000843017557676,-0.4967438804297086,0.5020388039104765
1757619197166.971,190509,UWB3,UWB3,1879.2861158297192,-1460.2950817921253,1388.3670277036215,-0.7059301009960479,-0.0001947827259621691,0.7082799948629691,-0.001450325588245773
1757619197166.971,190509,UWB4,UWB4,-749.4056296921768,-1868.4645348871202,1445.0698863467294,-0.13724762649197592,0.5954075546672226,0.0976396236891359,0.7855694983598596
1757619197166.971,190509,UWB1,UWB1,-168.8508823357167,-443.4328622837304,238.44790363084158,0.018945890960799554,0.3393271414472486,0.06660870911487406,0.9381158905822833
1757619197166.971,190509,LeftRS,LeftRS,-215.16045430789828,-481.4100519624426,250.66145813525915,-0.006819372455234357,-0.5516428621492633,0.8340267040244225,-0.006565498704918142
1757619197176.0186,190510,April7,April7,1192.5852900707148,1529.5838174385765,1642.8244259512976,-0.6845030999031569,0.1829017023666124,-0.18423109058453546,0.6812205067057191
1757619197176.0186,190510,UWB2,UWB2,-1223.0696494120118,2021.7669676642124,1719.5938891089863,0.5002679948140394,0.50132651799625,-0.4944514261064816,0.5039061846611553
1757619197176.0186,190510,UWB3,UWB3,1879.2688748987748,-1460.3074650094977,1388.370032442857,-0.7059248109941917,-0.00048093667208350463,0.7082846673960888,-0.0016612809348049533
1757619197176.0186,190510,UWB4,UWB4,-749.4275539616868,-1868.4675687622967,1445.0513775847573,-0.13711469409536442,0.5952318613778856,0.09782705189683444,0.7857025262660967
1757619197176.0186,190510,UWB1,UWB1,-168.8504871070573,-443.41703309430534,238.47250162302853,0.018729499099291388,0.33917182072730995,0.06663287976695606,0.9381746858778346
1757619197176.0186,190510,LeftRS,LeftRS,-215.17393995937687,-481.4326293104645,250.65934508196875,-0.0064006400308877906,-0.551147717476116,0.8343571298100969,-0.006588267080172356
1757619197186.5527,190511,April7,April7,1192.598602604659,1529.5681514240162,1642.8290665412762,-0.6845089291984997,0.1829461916149179,-0.1842089544821489,0.6812086889564128
1757619197186.5527,190511,UWB2,UWB2,-1223.03949523515,2021.8636998697289,1719.6044888349313,0.5012490018882836,0.5005032842836574,-0.4962902788955372,0.5019381033564417
1757619197186.5527,190511,UWB3,UWB3,1879.2773511237056,-1460.2945634874627,1388.3654889433546,-0.7060478482771317,-0.00019456386781176036,0.7081623161649461,-0.001591242292233376
1757619197186.5527,190511,UWB4,UWB4,-749.4276708872947,-1868.477059329398,1445.063527414802,-0.13600604388434653,0.5951785566729205,0.09677684910233353,0.7860655718077804
1757619197186.5527,190511,UWB1,UWB1,-168.84478012271478,-443.40701797635546,238.4588462240303,0.01871950119680319,0.33905013055190264,0.0665982690307415,0.9382213277312501
1757619197186.5527,190511,LeftRS,LeftRS,-215.21299779510457,-480.99875707739164,250.72272051737832,-0.010235843297504653,-0.5645079348847276,0.8253290218510833,-0.007617391581323306
1757619197196.628,190512,April7,April7,1192.6084573408125,1529.5756188533185,1642.8213993096415,-0.6844937828493386,0.18292213342382038,-0.18416249352948758,0.6812429304743516
1757619197196.628,190512,UWB2,UWB2,-1223.0492320828416,2021.8930359668916,1719.6344617606694,0.5014709425184182,0.5001024720559771,-0.4962945091853924,0.5021117120777215
1757619197196.628,190512,UWB3,UWB3,1879.2715494280149,-1460.3191194890992,1388.367985954098,-0.7060563331563253,-0.0006002586602911713,0.7081529129306876,-0.001883084482206628
1757619197196.628,190512,UWB4,UWB4,-749.3771629939451,-1868.4572140948098,1445.2862051793493,-0.14182872739396968,0.5985519015718819,0.09502458427968646,0.782681647665872
1757619197196.628,190512,UWB1,UWB1,-168.85352575446407,-443.4185783010572,238.48324737718644,0.018683592668167215,0.33930270082017916,0.06669546939058206,0.9381238270846296
1757619197196.628,190512,LeftRS,LeftRS,-215.1858916378022,-481.4305783770946,250.66388938466457,-0.00649265468541025,-0.5508350717355603,0.8345610917425308,-0.006808328042274011
1757619197206.979,190513,April7,April7,1192.379799404937,1529.7175123294026,1642.939707743987,-0.684346952135933,0.18282878051078813,-0.18373108801323293,0.681531931325797
1757619197206.979,190513,UWB2,UWB2,-1223.04693292897,2021.8837783103584,1719.5943381665686,0.5006759211330686,0.4999896872563892,-0.4967465584749496,0.5025701854249861
1757619197206.979,190513,UWB3,UWB3,1879.2635356872536,-1460.3241189655066,1388.3681204350391,-0.7060857854727,-0.0007346021737595013,0.708123124908657,-0.0019909501865050575
1757619197206.979,190513,UWB4,UWB4,-749.4273484033397,-1868.4451354592798,1445.0673387924235,-0.13695482840619544,0.595150388642065,0.09759474507869931,0.7858210073601064
1757619197206.979,190513,UWB1,UWB1,-168.84925438683197,-443.40371625148146,238.46737311017776,0.01888729065554228,0.3393856176057285,0.06643038989522836,0.9381085630738264
1757619197206.979,190513,LeftRS,LeftRS,-215.14228869871945,-481.43201862539115,250.67011998669875,-0.006624874406291107,-0.5509543118610947,0.8344764046783598,-0.00738832293872844
1757619197221.259,190514,April7,April7,1192.5886794135577,1529.5778543182576,1642.800693121484,-0.6844838758863802,0.18289031855706672,-0.18421911598971735,0.6812461172980147
1757619197221.259,190514,UWB2,UWB2,-1223.089407758296,2021.8110560546618,1719.5901819411179,0.5006424296586421,0.5010199348440727,-0.4952716295039387,0.5030329964553479
1757619197221.259,190514,UWB3,UWB3,1879.2826549990052,-1460.3081365895039,1388.3639872061585,-0.7057640220397565,-0.0006165589114315507,0.7084443064697098,-0.0018519395310724023
1757619197221.259,190514,UWB4,UWB4,-749.3932088263574,-1868.4472974481241,1445.0722455933005,-0.13792311580721545,0.5954436993758323,0.09827595996885002,0.7853444153311678
1757619197221.259,190514,UWB1,UWB1,-168.85183510411747,-443.40943020275836,238.4600791128297,0.018619157874771895,0.33936807469725544,0.06658276134768366,0.9381094673478303
1757619197221.259,190514,LeftRS,LeftRS,-215.20928229621398,-480.97438276165883,250.6955221362798,-0.010901806724717304,-0.5656020290932007,0.8245776807388361,-0.006866128687493011
1757619197228.3015,190515,April7,April7,1192.3648018573067,1529.7257125394046,1642.9145297458385,-0.6843506857327974,0.18271219517231974,-0.18376161540968178,0.6815512169854782
1757619197228.3015,190515,UWB2,UWB2,-1223.0497860741718,2021.7287275267117,1719.597228902534,0.5000581471616996,0.5016233725975956,-0.4944174347927969,0.5038524007027578
1757619197228.3015,190515,UWB3,UWB3,1879.2633828640455,-1460.3062690393442,1388.354349157665,-0.7059424922181053,-0.0005369953184953603,0.7082667925170928,-0.0017492668371563878
1757619197228.3015,190515,UWB4,UWB4,-749.3800640395356,-1868.4856087230953,1445.0736792822588,-0.1376456846905982,0.5958559810673635,0.09801372801345294,0.7851131284300443
1757619197228.3015,190515,UWB1,UWB1,-168.85994989466488,-443.4161545358805,238.4463146985136,0.0187613049917323,0.33919914875119117,0.06656833024235402,0.9381687525867718
1757619197228.3015,190515,LeftRS,LeftRS,-215.18745979790535,-481.4180291085145,250.65108371668356,-0.006788674541691861,-0.5514418441724944,0.8341601838318279,-0.006526415804762971
1757619197238.503,190516,April7,April7,1192.6142198272469,1529.5742437234512,1642.7971376614448,-0.6844921587588255,0.18284965603007275,-0.1842388128926322,0.6812433836091774
1757619197238.503,190516,UWB2,UWB2,-1223.0379808134653,2021.7965890771616,1719.599060138275,0.5005895036041527,0.5011426332652943,-0.49556686356829405,0.5026725512083972
1757619197238.503,190516,UWB3,UWB3,1879.2614102252444,-1460.3107106345003,1388.3590098329616,-0.7060472749728077,-0.0005111588355695706,0.7081625198055176,-0.0016821898874157764
1757619197238.503,190516,UWB4,UWB4,-749.436970189914,-1868.4720672332799,1445.0612183987282,-0.13726549652751102,0.5952079054085322,0.09765080307727002,0.7857162677841206
1757619197238.503,190516,UWB1,UWB1,-168.84893083483752,-443.4320024302569,238.44800422925252,0.01880628330520678,0.33935688012613985,0.0666037022467898,0.9381082978347
1757619197238.503,190516,LeftRS,LeftRS,-215.18453388373766,-481.41363644399246,250.65916793598623,-0.006844584647641827,-0.5514989293023665,0.834122017523702,-0.0065224628426492235
1757619197247.9084,190517,April7,April7,1192.5775054550677,1529.576479972367,1642.8295703057115,-0.684516390468498,0.18290856590159998,-0.1842249795969564,0.6812069616440365
1757619197247.9084,190517,UWB2,UWB2,-1223.041593805128,2021.7649297386329,1719.5872768153524,0.5003024347014491,0.5017555337500277,-0.49485543900008594,0.5030476644166629
1757619197247.9084,190517,UWB3,UWB3,1879.287363640656,-1460.2943329087122,1388.3616433224477,-0.7059432775007195,-5.783891500957242e-05,0.7082667556598853,-0.001512756828586086
1757619197247.9084,190517,UWB4,UWB4,-749.4621942472716,-1868.467599586982,1445.0489726278913,-0.13649895311471102,0.5949286840911638,0.09729750241256188,0.7861050137662409
1757619197247.9084,190517,UWB1,UWB1,-168.87350550938274,-443.4161788781378,238.45298801483506,0.019187101148983997,0.3390585436903294,0.06641831820007044,0.9382215975490896
1757619197247.9084,190517,LeftRS,LeftRS,-215.21490310609974,-481.02832810194127,250.70106972829916,-0.009979541363297725,-0.5636638121212776,0.8259091552005605,-0.007588347315705792
1757619197257.8757,190518,April7,April7,1192.6108504662357,1529.576183568227,1642.8178045154434,-0.6844714094992144,0.18286215718793628,-0.18418754755451894,0.681274737805964
1757619197257.8757,190518,UWB2,UWB2,-1223.0366103989804,2021.7768247548934,1719.6113636851787,0.5007209986826752,0.5014907874831761,-0.49513839858221254,0.5026165912474143
1757619197257.8757,190518,UWB3,UWB3,1879.2323388345098,-1460.3046300252863,1388.3622250997864,-0.7060932165393882,-0.000742497634654504,0.7081162159382944,-0.0018008274637253917
1757619197257.8757,190518,UWB4,UWB4,-749.3915552766432,-1868.4311039022093,1445.086098524791,-0.13750215147406375,0.5958735130015851,0.09798170007314821,0.7851289711212606
1757619197257.8757,190518,UWB1,UWB1,-168.85480449353506,-443.40064558009743,238.46434849417608,0.018704512892892884,0.339309537177437,0.06650084398195584,0.9381347541411952
1757619197257.8757,190518,LeftRS,LeftRS,-215.15671446103772,-481.38723393212183,250.63768757431095,-0.007383928376839863,-0.5526469155101597,0.833360262012357,-0.006126832585261533
1757619197267.9192,190519,April7,April7,1192.6037928222015,1529.5810320616388,1642.8176475409857,-0.6845265100824094,0.18297883955281619,-0.1842263282407105,0.6811775548660187
1757619197267.9192,190519,UWB2,UWB2,-1223.0357682933188,2021.7423167904687,1719.628980847475,0.5002356021871155,0.5019951812319156,-0.4945368036566955,0.5031883644853579
1757619197267.9192,190519,UWB3,UWB3,1879.2495834856961,-1460.321912157243,1388.4013950495857,-0.706015603020739,-0.0007815356765183541,0.7081942146142705,-0.0015204868054395295
1757619197267.9192,190519,UWB4,UWB4,-749.373646398781,-1868.4712588953864,1445.0664947482308,-0.13729927532063513,0.595500851339035,0.09822248672824153,0.7854170791062756
1757619197267.9192,190519,UWB1,UWB1,-168.85445585271114,-443.42245310432816,238.46166798121337,0.01911490815881579,0.33916631525197677,0.06655409129062788,0.9381744953988866
1757619197267.9192,190519,LeftRS,LeftRS,-215.20230820039677,-481.01233582695994,250.7311613463276,-0.009687224043640459,-0.5632932719322703,0.8261615965598932,-0.007991486455856605
1757619197278.319,190520,April7,April7,1192.399494169437,1529.72941374647,1642.942986134435,-0.6843680491818552,0.18282250906434055,-0.18384987253248736,0.6814803942948242
1757619197278.319,190520,UWB2,UWB2,-1223.0640748036387,2021.786452792521,1719.6038487581022,0.5006596865285328,0.5011073413104848,-0.494990188791336,0.5032057469566561
1757619197278.319,190520,UWB3,UWB3,1879.2701359907458,-1460.2996686049757,1388.383904750977,-0.705884368958545,-0.0005147566940717428,0.7083252217123149,-0.0015404453065502703
1757619197278.319,190520,UWB4,UWB4,-749.3806168694941,-1868.4688017641442,1445.2841867959694,-0.14160209415704944,0.5985638353669096,0.09487460760714296,0.78273174891056
1757619197278.319,190520,UWB1,UWB1,-168.8588136807793,-443.412549701513,238.47376747836404,0.019097593379959553,0.33916948874047576,0.06659736060236209,0.9381706302136179
1757619197278.319,190520,LeftRS,LeftRS,-215.18400968812566,-481.4039645250646,250.67418364441076,-0.006756192980160245,-0.5515536952117193,0.8340864426229508,-0.00653309936429632
1757619197288.3271,190521,April7,April7,1192.3668076899626,1529.720463933401,1642.9397643057853,-0.6843481377348226,0.18274495250227296,-0.1837877949024327,0.6815379337635753
1757619197288.3271,190521,UWB2,UWB2,-1223.04604237686,2021.7866161816605,1719.643607682948,0.5006411854583082,0.5011621794961013,-0.49543960081665667,0.5027270384694354
1757619197288.3271,190521,UWB3,UWB3,1879.2341072075094,-1460.3017379392347,1388.375204130369,-0.7062439411004596,-0.0005561605328471079,0.7079662441904562,-0.00172726118808626
1757619197288.3271,190521,UWB4,UWB4,-749.3297475441584,-1868.4554409669822,1445.074213809949,-0.13829166326669734,0.595868534344441,0.09881285008073243,0.7848898816445916
1757619197288.3271,190521,UWB1,UWB1,-168.85692859056974,-443.4012341733532,238.47592092587527,0.018802919794995997,0.3391550391244557,0.06662218966088762,0.9381800432158321
1757619197288.3271,190521,LeftRS,LeftRS,-215.21313138097258,-481.0143111849555,250.71017287285983,-0.009718364023332714,-0.5633147154865329,0.8261486393435045,-0.007778844895790274
1757619197297.7708,190522,April7,April7,1192.3646396698848,1529.73833099646,1642.930476669171,-0.6843912803087264,0.1828600255893554,-0.18382802956808347,0.681452890539
1757619197297.7708,190522,UWB2,UWB2,-1223.0890623698356,2021.792968747577,1719.6022943034752,0.5007757827197091,0.5014353558712669,-0.49482045235417843,0.5029303324077052
1757619197297.7708,190522,UWB3,UWB3,1879.2742999172647,-1460.296911537672,1388.3721772821184,-0.7060431461295607,-0.0003078806141259761,0.7081672006281741,-0.00148221707411716
1757619197297.7708,190522,UWB4,UWB4,-749.3974208864512,-1868.458310810254,1445.0599510473678,-0.13745037152217002,0.595423988576031,0.0979888589635679,0.7854781045424795
1757619197297.7708,190522,UWB1,UWB1,-168.8611217038062,-443.4105003159173,238.45475678980756,0.0186457071835057,0.33901274739846116,0.06683721665530566,0.9382193140064565
1757619197297.7708,190522,LeftRS,LeftRS,-215.22207504857224,-481.0195157299052,250.7029613078132,-0.009847976812834525,-0.5636920048084936,0.8258887824686261,-0.007877820775169008
1757619197305.8125,190523,April7,April7,1192.3810251911812,1529.7465523125095,1642.943883354907,-0.6842594187860178,0.18281870774927386,-0.1837628166044578,0.681613963422921
1757619197305.8125,190523,UWB2,UWB2,-1223.057168562546,2021.8476413835197,1719.568830723066,0.5012476110788812,0.5005350527785541,-0.4958144676258511,0.5023778528364666
1757619197305.8125,190523,UWB3,UWB3,1879.2750995240563,-1460.300372373943,1388.3633525914113,-0.705869325150159,-0.0004615063507911981,0.7083399243510135,-0.0016835659618553679
1757619197305.8125,190523,UWB4,UWB4,-749.3676327871767,-1868.4642266148408,1445.2948277805076,-0.14087955254685958,0.5985427534851497,0.09432016718435038,0.7829452279610165
1757619197305.8125,190523,UWB1,UWB1,-168.86242662567295,-443.4068484623709,238.4672635883611,0.018357799189328915,0.33921163284349326,0.0668595581857096,0.9381515116609829
1757619197305.8125,190523,LeftRS,LeftRS,-215.20362438825734,-481.0409584012582,250.72410687028147,-0.009624030764648758,-0.5631978817150867,0.8262268201913661,-0.00804771147248074
1757619197316.812,190524,April7,April7,1192.3759378448274,1529.7207326314306,1642.9225399542593,-0.6843300183313965,0.1827791281054231,-0.18372180924112708,0.6815647534524792
1757619197316.812,190524,UWB2,UWB2,-1223.0118737813216,2021.8810637299048,1719.57223548832,0.5013560018232772,0.4996962328151892,-0.4966482593903364,0.5022811372036933
1757619197316.812,190524,UWB3,UWB3,1879.2298979503137,-1460.3079684032955,1388.3575466343555,-0.7060787289670784,-0.000708298233771424,0.7081304099932546,-0.0019103027593538094
1757619197316.812,190524,UWB4,UWB4,-749.3936205151779,-1868.4534794150402,1445.0640489070508,-0.13766471374943123,0.5954853357391342,0.0979726072693403,0.7853960846176822
1757619197316.812,190524,UWB1,UWB1,-168.8572092653052,-443.39988776899503,238.45432332483,0.018399087402046908,0.3393590530684823,0.06660375588677497,0.9381155826362815
1757619197316.812,190524,LeftRS,LeftRS,-215.2206559569778,-481.0359923084834,250.7088742536252,-0.009991790046463757,-0.5629891312178493,0.8263641583858162,-0.008104319683997479
1757619197326.8171,190525,April7,April7,1192.380697087812,1529.7120964307092,1642.9108697543174,-0.6843244605278728,0.18275737674492032,-0.1837281222416886,0.6815744647990374
1757619197326.8171,190525,UWB2,UWB2,-1223.0764104591315,2021.7393528391121,1719.5589183730438,0.5005976381840599,0.5019425295260501,-0.49393702919835564,0.5034698728665244
1757619197326.8171,190525,UWB3,UWB3,1879.2704367297677,-1460.300164230231,1388.3516114441795,-0.7058933305684363,-0.00043016068363022644,0.7083158981367584,-0.001734724042535302
1757619197326.8171,190525,UWB4,UWB4,-749.3905849006034,-1868.5009021164958,1445.2951094584207,-0.1411118762866178,0.5986328938688952,0.09458118488663514,0.7828029740710382
1757619197326.8171,190525,UWB1,UWB1,-168.86760402132035,-443.42595533773635,238.44015096853872,0.018651592120872293,0.3391653972447591,0.06663614497324152,0.9381783282544245
1757619197326.8171,190525,LeftRS,LeftRS,-215.22733414915314,-481.00672663983,250.71432566315306,-0.01029568331517121,-0.5644478642735343,0.825371806377518,-0.007347697546337587
1757619197336.8118,190526,April7,April7,1192.3970070540502,1529.7052104341242,1642.9522866067182,-0.684321499389259,0.18276580378053148,-0.18370468658834818,0.6815814951768934
1757619197336.8118,190526,UWB2,UWB2,-1223.012312035973,2021.7875442767195,1719.6023841201322,0.5003678200949725,0.5013874399491787,-0.49549803791830455,0.5027169920479357
1757619197336.8118,190526,UWB3,UWB3,1879.2645834892157,-1460.3087111297968,1388.3568424387333,-0.7059759924357509,-0.00048820128139911344,0.7082335162782418,-0.0017164451703750312
1757619197336.8118,190526,UWB4,UWB4,-749.3960368433488,-1868.4465513881705,1445.065395087145,-0.1375343337573025,0.5954805375555585,0.0978260627927976,0.785440830278728
1757619197336.8118,190526,UWB1,UWB1,-168.86633295830612,-443.4181373846881,238.4378958793285,0.018705273878804527,0.33916679787717974,0.06644522452196065,0.9381902941754863
1757619197336.8118,190526,LeftRS,LeftRS,-215.229771579949,-481.0047666202242,250.71262533459466,-0.010209536722192826,-0.5644241174289187,0.8253874804968361,-0.007529147600466626
1757619197346.813,190527,April7,April7,1192.3643192501982,1529.7163975397139,1642.9425932336085,-0.6843423587531838,0.18277721359307414,-0.18375280794354476,0.6815445192943329
1757619197346.813,190527,UWB2,UWB2,-1222.9880496747776,2021.9657098034572,1719.5735052852312,0.5013695063113482,0.4990762124985826,-0.49810750191805914,0.501438399798156
1757619197346.813,190527,UWB3,UWB3,1879.2845824400724,-1460.2941818925121,1388.376031049225,-0.7059635370075616,-0.00012691041231822504,0.708246649403946,-0.0014669415817769758
1757619197346.813,190527,UWB4,UWB4,-749.4130826462135,-1868.4606711984375,1445.0593089909294,-0.13698349595507514,0.5953806561522166,0.09751778146787692,0.7856511174899871
1757619197346.813,190527,UWB1,UWB1,-168.86168569007563,-443.40432062883224,238.47494013449924,0.018806465533907885,0.33924201226486983,0.06641570793413808,0.9381631668895402
1757619197346.813,190527,LeftRS,LeftRS,-215.2185742200379,-480.9870163891713,250.7023987302095,-0.010349479862434577,-0.5651080424238613,0.8249234314434845,-0.006864467201123415
1757619197356.8088,190528,April7,April7,1192.5675100144756,1529.587523890518,1642.8386948954944,-0.6845050489020305,0.18283128641237809,-0.1842962006251398,0.6812198390912895
1757619197356.8088,190528,UWB2,UWB2,-1223.006667193563,2021.7622104947327,1719.6186717590438,0.500835546917816,0.5017256215559003,-0.4948020961734055,0.5025992849579891
1757619197356.8088,190528,UWB3,UWB3,1879.2571573277344,-1460.313310834185,1388.3925890321736,-0.705954325033468,-0.0007103523083845361,0.7082551536641928,-0.0016197759874508899
1757619197356.8088,190528,UWB4,UWB4,-749.3975823973366,-1868.4529428231872,1445.0615857210191,-0.13729680140277148,0.5954286895961131,0.09775948274057222,0.7855299787180114
1757619197356.8088,190528,UWB1,UWB1,-168.85088519938955,-443.40257782024815,238.4831072793855,0.018775159669210673,0.33935952984141443,0.06645762167201034,0.9381183227114316
1757619197356.8088,190528,LeftRS,LeftRS,-215.20651165394463,-481.0234418715332,250.7165803176668,-0.010029686828919523,-0.5636729520087967,0.8258997315152466,-0.007863970933711429
1757619197365.815,190529,April7,April7,1192.573818213279,1529.5869625040336,1642.8245267634168,-0.684502382547982,0.18287370038595235,-0.18423320794952272,0.6812281725544774
1757619197365.815,190529,UWB2,UWB2,-1223.0424755545368,2021.7202569861984,1719.6536144125967,0.5001040502239602,0.5022793701035727,-0.49406803046534836,0.5034959330422051
1757619197365.815,190529,UWB3,UWB3,1879.2656270949365,-1460.3013228605118,1388.3883086436047,-0.7060095297770508,-0.0004866131736771838,0.70820022701376,-0.0016569638698253225
1757619197365.815,190529,UWB4,UWB4,-749.4797639507751,-1868.3978864519406,1445.0812415326839,-0.13661620159791796,0.595057567781997,0.09680580181503054,0.7860477983057265
1757619197365.815,190529,UWB1,UWB1,-168.8611890381309,-443.4013903824145,238.4850458453648,0.018888960186763934,0.33919395247564227,0.06655675883698117,0.9381688907867978
1757619197365.815,190529,LeftRS,LeftRS,-215.23120169924235,-481.0029091847473,250.71340054843455,-0.010179182593627966,-0.5644717351413994,0.8253562873557198,-0.007419123301713241
1757619197375.8179,190530,April7,April7,1192.5974182942473,1529.590983075791,1642.8239441168123,-0.6845389567111313,0.18301041331747228,-0.18429530438109346,0.6811379053798754
1757619197375.8179,190530,UWB2,UWB2,-1223.0412820618767,2021.7256125947024,1719.6433673724405,0.4999361184100954,0.5022288624664045,-0.49413553615243366,0.5036468198312142
1757619197375.8179,190530,UWB3,UWB3,1879.266828387298,-1460.2969996844924,1388.3960091122142,-0.7058356613028458,-0.0004527998859507961,0.7083734016939162,-0.0017140530993567543
1757619197375.8179,190530,UWB4,UWB4,-749.3586572561231,-1868.463138030779,1445.0962152155623,-0.1376088547976604,0.595777078027405,0.09843430573313092,0.7851268456964392
1757619197375.8179,190530,UWB1,UWB1,-168.85211850961667,-443.4102105478471,238.47978935637752,0.018650494662643662,0.33920870391837504,0.06677572291209558,0.9381527685107698
1757619197375.8179,190530,LeftRS,LeftRS,-215.21177965835452,-481.02155894358816,250.73674087916828,-0.009968161421879961,-0.5628617265886493,0.826450073068085,-0.008221266646264134
1757619197386.8115,190531,April7,April7,1192.3886956647275,1529.7396542061929,1642.9335362875381,-0.6843562074788617,0.1829423852988831,-0.18374904039999648,0.6814873110325568
1757619197386.8115,190531,UWB2,UWB2,-1223.0246384873492,2021.7816220014768,1719.6175307132203,0.5006282600518321,0.501496292028979,-0.49528433930018073,0.5025596855724138
1757619197386.8115,190531,UWB3,UWB3,1879.2473589211504,-1460.3100115245022,1388.3904621142717,-0.7061965454612343,-0.0006659541899907726,0.708013372375456,-0.001749348784401006
1757619197386.8115,190531,UWB4,UWB4,-749.4040911765944,-1868.4642027956916,1445.0778829845744,-0.13721013503083704,0.5953506158241968,0.09757055504536748,0.7856277807401594
1757619197386.8115,190531,UWB1,UWB1,-168.87202062165056,-443.4053039295092,238.45863952428272,0.019041198868193807,0.3390469049666945,0.06661347039611275,0.9382149404800338
1757619197386.8115,190531,LeftRS,LeftRS,-215.20226140472184,-481.0039695482735,250.71240301921273,-0.010052832696694344,-0.5633548644999786,0.8261148446553124,-0.008031228991391193
1757619197396.8774,190532,April7,April7,1192.394609674924,1529.7293644608608,1642.9472154309826,-0.684364598241653,0.18292545371229504,-0.18380992449470357,0.6814670107312191
1757619197396.8774,190532,UWB2,UWB2,-1223.0622522179956,2021.7675837333484,1719.5880549747055,0.5010002484857145,0.5015503394669868,-0.49450810857023497,0.5028993324275658
1757619197396.8774,190532,UWB3,UWB3,1879.2828570737079,-1460.29744189329,1388.3604756664088,-0.7058563982640931,-0.0002457064897673982,0.7083533502575764,-0.0014885687186687398
1757619197396.8774,190532,UWB4,UWB4,-749.3663990290875,-1868.4567842223687,1445.0645706079831,-0.13761194245278177,0.5958424121183924,0.09808597557178651,0.7851203185572507
1757619197396.8774,190532,UWB1,UWB1,-168.8624050002178,-443.43151783320627,238.4404882745016,0.019145403461251154,0.33911711860309085,0.06668807059924314,0.9381821436354422
1757619197396.8774,190532,LeftRS,LeftRS,-215.20496478940242,-481.0167476610881,250.72531165545996,-0.009732810897557453,-0.5631244103582008,0.8262739643023065,-0.008216250173408138
1757619197404.873,190533,April7,April7,1192.3859161643604,1529.7563571167543,1642.9345669545553,-0.6843149222582554,0.18291591412100386,-0.1838688055439215,0.681503571438776
1757619197404.873,190533,UWB2,UWB2,-1223.0667806685776,2021.816980655864,1719.5593200739763,0.5005238403118067,0.5009730629175533,-0.4951460048405151,0.5033212785100616
1757619197404.873,190533,UWB3,UWB3,1879.2733280578016,-1460.3020341501663,1388.3410994606097,-0.706003732472522,-0.0002838528048558997,0.7082059442282702,-0.0017290813158899131
1757619197404.873,190533,UWB4,UWB4,-749.3853369215775,-1868.483709527908,1445.2696137928328,-0.1416197449369696,0.5985083608464055,0.09497463500269944,0.7827588444387203
1757619197404.873,190533,UWB1,UWB1,-168.85469519270612,-443.4267614715422,238.42888410084694,0.019184543740983193,0.3392937601053771,0.06649566298193807,0.9381311339251021
1757619197404.873,190533,LeftRS,LeftRS,-215.19929608011364,-481.0586403050605,250.73612298540937,-0.009349358085362929,-0.561538347157014,0.8273543976835788,-0.00848379686244331
1757619197415.8816,190534,April7,April7,1192.3929313862998,1529.7717656319778,1642.9257428070548,-0.6843687155982455,0.18284440058201076,-0.18381055863197557,0.6814844567718431
1757619197415.8816,190534,UWB2,UWB2,-1223.038317571139,2021.8147864239047,1719.5869081359535,0.500457377609423,0.5007252354637035,-0.4960194081469877,0.502773705067827
1757619197415.8816,190534,UWB3,UWB3,1879.2577930476186,-1460.3097356378685,1388.3266652769005,-0.7062555972584127,-0.0002508980704937505,0.7079545774671252,-0.0018123561089006274
1757619197415.8816,190534,UWB4,UWB4,-749.3894719257515,-1868.45456325944,1445.2821769556426,-0.1414281977364409,0.5985265597691288,0.0945474330235924,0.7828312749530406
1757619197415.8816,190534,UWB1,UWB1,-168.8569630705106,-443.41817790900143,238.43458835598886,0.019084259636954436,0.33928363603915007,0.06647738304689446,0.9381381363602055
1757619197415.8816,190534,LeftRS,LeftRS,-215.243912519402,-481.0228825986001,250.7409984396822,-0.009334212636346468,-0.5630162385134034,0.8263555399127808,-0.007880945383299762
1757619197429.8098,190535,April7,April7,1192.3992533812648,1529.7250534702025,1642.922531620207,-0.6843570104887212,0.18281986660785343,-0.18382289161751408,0.6814994666804978
1757619197429.8098,190535,UWB2,UWB2,-1223.0999985726987,2021.7956322908262,1719.5528814925465,0.5005798085755693,0.5011127455452187,-0.49470311022757946,0.5035620162698323
1757619197429.8098,190535,UWB3,UWB3,1879.2777550622557,-1460.2958664190007,1388.3647617922072,-0.7059689673816301,-0.0002297115850714905,0.7082406994248653,-0.001695878792895936
1757619197429.8098,190535,UWB4,UWB4,-749.4049594844461,-1868.4463747012098,1445.2933438950147,-0.1414001076430339,0.598422649296654,0.09434655114238795,0.7829400172777282
1757619197429.8098,190535,UWB1,UWB1,-168.85649990813664,-443.4268286540862,238.45135625773574,0.018894062622702403,0.33917947738127774,0.06658239935600374,0.9381722020060979
1757619197429.8098,190535,LeftRS,LeftRS,-215.20452348262367,-481.00769191409853,250.71001884663212,-0.010373459822329963,-0.5641828090496588,0.8255457399292447,-0.00802375154317549
1757619197436.8135,190536,April7,April7,1192.5853906467885,1529.5731361503379,1642.8379822132285,-0.6844972803140806,0.18294091733291692,-0.18420383449299627,0.6812231949707046
1757619197436.8135,190536,UWB2,UWB2,-1222.9920628517675,2021.8877342746202,1719.6234984294713,0.5015010164082333,0.500220711970755,-0.49717783113967867,0.5010889881849581
1757619197436.8135,190536,UWB3,UWB3,1879.2703933185512,-1460.3040481051462,1388.386189818498,-0.7059256962578733,-0.0004628886221963769,0.7082840788243248,-0.0015364833023267764
1757619197436.8135,190536,UWB4,UWB4,-749.378235824379,-1868.4821241719424,1445.034590719372,-0.13695338087360792,0.5954992180746033,0.09837742138396433,0.7854593151154723
1757619197436.8135,190536,UWB1,UWB1,-168.8562588695996,-443.4184515072346,238.4707597437734,0.0189238656220005,0.33912287456885515,0.06663130800134368,0.9381885908750475
1757619197436.8135,190536,LeftRS,LeftRS,-215.2175935374082,-481.0124594100542,250.7086172835273,-0.01046631679692511,-0.5644831023575151,0.8253437525175606,-0.007548082257986065
1757619197445.8157,190537,April7,April7,1192.5740887246143,1529.579492377837,1642.843360521383,-0.6845153152260193,0.18287495733072434,-0.184236994534322,0.681213815954484
1757619197445.8157,190537,UWB2,UWB2,-1223.0358057199096,2021.9203609208078,1719.6035705783515,0.5015225710379098,0.49972865047802806,-0.49690487370069863,0.5018285893842899
1757619197445.8157,190537,UWB3,UWB3,1879.2783449436147,-1460.3149577052623,1388.368343451887,-0.7060197288901726,-0.0005964607679601342,0.7081893779854685,-0.0018951414076203976
1757619197445.8157,190537,UWB4,UWB4,-749.422498215337,-1868.4521799957133,1445.0857093953698,-0.13678808541582133,0.5951712631295362,0.09746933445473181,0.7858498050352993
1757619197445.8157,190537,UWB1,UWB1,-168.86654041627057,-443.415936738295,238.45545802451275,0.019095190349994583,0.33912033619764587,0.06641037918135724,0.9382017015651174
1757619197445.8157,190537,LeftRS,LeftRS,-215.20907360537595,-481.0196158749989,250.74551429769312,-0.010179928886331485,-0.563650164404045,0.8259154469899962,-0.00765085867579424
1757619197455.8767,190538,April7,April7,1192.3723471284347,1529.7211173361736,1642.9678420143352,-0.6843364594488914,0.18282379267586327,-0.18372236056734986,0.6815461578852376
1757619197455.8767,190538,UWB2,UWB2,-1223.057929135236,2021.7840645061146,1719.6016235562006,0.5009490445016,0.5011740087521542,-0.4951081589276942,0.5027350979665721
1757619197455.8767,190538,UWB3,UWB3,1879.2463401969028,-1460.2950793524756,1388.353138221795,-0.7062154480559604,-0.00027203768262836484,0.7079948511168982,-0.0017198007383631337
1757619197455.8767,190538,UWB4,UWB4,-749.3214755601764,-1868.4913176868617,1445.2655335900624,-0.1421095912261654,0.5989241595008563,0.09579707574127264,0.7822516446305153
1757619197455.8767,190538,UWB1,UWB1,-168.8620237464269,-443.4118057929987,238.46676483250423,0.018377961558528062,0.33927873201795244,0.06663479440390889,0.9381428445092956
1757619197455.8767,190538,LeftRS,LeftRS,-215.20747759360458,-481.0274160233451,250.72102643198187,-0.010516644800480151,-0.5637315621184006,0.8258519036798788,-0.008047312719690348
1757619197465.8113,190539,April7,April7,1192.6067855524755,1529.5709810255732,1642.8504753852444,-0.6844812875344453,0.1829108519478164,-0.18422001973829355,0.6812429607581534
1757619197465.8113,190539,UWB2,UWB2,-1223.0330015327665,2021.7899420929048,1719.6031978943388,0.5010635571220791,0.5011867067150283,-0.4951457355923334,0.502571285750629
1757619197465.8113,190539,UWB3,UWB3,1879.2744796512857,-1460.3032591038852,1388.367933450889,-0.7059072862064388,-0.0004081322439255057,0.708302242142645,-0.001634161691552214
1757619197465.8113,190539,UWB4,UWB4,-749.425036477005,-1868.4822824774312,1445.2693993662413,-0.14081263086191279,0.598170675329191,0.09433192360877032,0.783240151137718
1757619197465.8113,190539,UWB1,UWB1,-168.86432695952846,-443.41422640324873,238.46260465972352,0.01878911200054978,0.3392263508371842,0.06649806289568876,0.9381633438794331
1757619197465.8113,190539,LeftRS,LeftRS,-215.2211552511595,-481.0404175109127,250.72908581941562,-0.009646903661967052,-0.5632318052056413,0.8262091806299018,-0.0074337539236632244
1757619197476.8733,190540,April7,April7,1192.4002701279328,1529.714510656187,1642.9638105156464,-0.6843135878724674,0.18279285959753014,-0.18372436040978846,0.6815768799814754
1757619197476.8733,190540,UWB2,UWB2,-1223.0686253737815,2021.8210134641547,1719.5989086775073,0.5012408299426836,0.5003965570704577,-0.4954343710061986,0.5028973057156841
1757619197476.8733,190540,UWB3,UWB3,1879.263013864767,-1460.3151593495215,1388.3707288706576,-0.7060573054443006,-0.000510034288190139,0.7081524518685167,-0.0017106157858442312
1757619197476.8733,190540,UWB4,UWB4,-749.3747343369292,-1868.4527111805803,1445.289978492865,-0.1419326155342265,0.5989444030911901,0.09533820262534067,0.7823243328527631
1757619197476.8733,190540,UWB1,UWB1,-168.85727407178325,-443.4073766518274,238.472326189145,0.018730708448631953,0.3392663997248471,0.0664661836988365,0.9381522888120378
1757619197476.8733,190540,LeftRS,LeftRS,-215.22082637623046,-481.0337533599361,250.70555432862204,-0.009872199649656726,-0.563443940521658,0.8260581364097216,-0.007837144556615916
1757619197487.045,190541,April7,April7,1192.3845693466692,1529.7210420854183,1642.938549262176,-0.6843281483263219,0.18280735656200583,-0.18371229526829808,0.6815616247723554
1757619197487.045,190541,UWB2,UWB2,-1223.0625882512065,2021.7857275667704,1719.5759671879043,0.5008673642798476,0.5011343305666689,-0.4949605754065211,0.5030012871952723
1757619197487.045,190541,UWB3,UWB3,1879.2796212651845,-1460.3001639151105,1388.3866647117925,-0.7058852715958007,-0.0004002621688604255,0.7083245096375015,-0.0014873402812117362
1757619197487.045,190541,UWB4,UWB4,-749.4199238458897,-1868.4478847692242,1445.0683755596558,-0.13698309071081846,0.5952339710640583,0.09751241583088298,0.7857629930898048
1757619197487.045,190541,UWB1,UWB1,-168.84962347624258,-443.41491712541847,238.4644317334745,0.018927529257262272,0.3393051980749255,0.06650790400066964,0.9381313500256714
1757619197487.045,190541,LeftRS,LeftRS,-215.16492643752073,-481.4151228009491,250.6641073196254,-0.006352131699329078,-0.5513019756877336,0.8342552369949153,-0.006631860390085743
1757619197497.0037,190542,April7,April7,1192.3911801102552,1529.759323885344,1642.931648236997,-0.6842966078938933,0.18285672218042845,-0.18387119822660994,0.6815371993083369
1757619197497.0037,190542,UWB2,UWB2,-1223.063696834765,2021.786589601452,1719.5757689335076,0.500862300331055,0.5012139204183795,-0.49492280739872685,0.502964190377889
1757619197497.0037,190542,UWB3,UWB3,1879.2386907896725,-1460.298783719473,1388.3593773867558,-0.7060383462014453,-0.0005831339067099716,0.7081709377447487,-0.0018538019576460445
1757619197497.0037,190542,UWB4,UWB4,-749.439160989241,-1868.454039866827,1445.0528041998252,-0.13685288177189395,0.5954953175156787,0.09712332256495969,0.7856358417113949
1757619197497.0037,190542,UWB1,UWB1,-168.84493735463332,-443.4183745261857,238.47197350100836,0.01881898790752829,0.33935648905187454,0.06669851825156366,0.9381014479764793
1757619197497.0037,190542,LeftRS,LeftRS,-215.19160478991134,-481.03128627716643,250.7269839453008,-0.009677891862953938,-0.5626403892066636,0.8265993233493225,-0.00869997016692668
1757619197506.0078,190543,April7,April7,1192.3992295665685,1529.7635296202195,1642.9103555127888,-0.6842823513758823,0.18287731857103048,-0.18382382340843756,0.6815587662815783
1757619197506.0078,190543,UWB2,UWB2,-1223.0582321515517,2021.7820849805153,1719.605366031295,0.5006624585847739,0.5010381379885473,-0.49505581357571354,0.5032073412518019
1757619197506.0078,190543,UWB3,UWB3,1879.2569641486384,-1460.3059069271906,1388.356488197916,-0.7059684795470578,-0.0005534859388661282,0.7082407614407337,-0.001795375498557153
1757619197506.0078,190543,UWB4,UWB4,-749.4015171336613,-1868.4594120421064,1445.0686392478606,-0.13687614601980708,0.5953459236613985,0.09766269729771719,0.7856781461814089
1757619197506.0078,190543,UWB1,UWB1,-168.8551776188119,-443.43189360533853,238.45268228995394,0.019001035337553655,0.33925866129130056,0.06674848986800894,0.9381296075144819
1757619197506.0078,190543,LeftRS,LeftRS,-215.18086325986744,-481.41435476135234,250.6686848721605,-0.006581436359696058,-0.5507164170558551,0.8346379667557394,-0.0068976177373101955
1757619197516.0046,190544,April7,April7,1192.386454634396,1529.7583694373334,1642.9340343005374,-0.6843131045775188,0.18287535458995227,-0.18387309820335185,0.6815151233422319
1757619197516.0046,190544,UWB2,UWB2,-1223.0364167501707,2021.7571877003631,1719.6261911165225,0.5003152138646829,0.501189671474242,-0.4951262578146592,0.5033324833601839
1757619197516.0046,190544,UWB3,UWB3,1879.249770443419,-1460.3049839777314,1388.3563870500957,-0.7060682275781309,-0.00047419298085609244,0.7081411048723023,-0.0018996673205357746
1757619197516.0046,190544,UWB4,UWB4,-749.3368574579971,-1868.4207381325093,1445.2982951020422,-0.14232772865566753,0.5988622718980253,0.09524492380669258,0.7823267868620577
1757619197516.0046,190544,UWB1,UWB1,-168.82395634644686,-443.4604712120287,238.45560998806462,0.020054793495985795,0.3394957181620112,0.0663857394132186,0.938047651353626
1757619197516.0046,190544,LeftRS,LeftRS,-215.14899143126442,-481.4172073267462,250.65626366779912,-0.006166270478987239,-0.5504594220265245,0.8348117917223765,-0.006758269888071693
1757619197541.041,190545,April7,April7,1192.581925509434,1529.593206640836,1642.8239812765216,-0.6845565525207309,0.18295604390386955,-0.18431637259485945,0.6811291266664863
1757619197541.041,190545,UWB2,UWB2,-1223.035491182258,2021.7296381789743,1719.5964845384874,0.5003963266930708,0.5010730158961918,-0.4949465384305392,0.5035447081127982
1757619197541.041,190545,UWB3,UWB3,1879.2738191656706,-1460.2923068056095,1388.3520998684398,-0.7061249701754967,-8.4340446365225e-05,0.70808520815794,-0.0016903754819310017
1757619197541.041,190545,UWB4,UWB4,-749.377472547436,-1868.4514753963965,1445.3027613430156,-0.14159185401947705,0.5984901017554971,0.09502322662548489,0.7827719536223201
1757619197541.041,190545,UWB1,UWB1,-168.85385160692724,-443.4195131084457,238.44859049079184,0.01902472073807165,0.33919111551155273,0.06650085226321048,0.9381711378032974
1757619197541.041,190545,LeftRS,LeftRS,-215.2204538874374,-481.03787991761203,250.72315528668292,-0.009372156759521107,-0.5622804263252773,0.826852575348991,-0.008228212921446463
1757619197545.001,190546,April7,April7,1192.3810963273097,1529.720137928334,1642.948164775955,-0.6843411502959822,0.18271363384628223,-0.1837526193019587,0.6815628312326957
1757619197545.001,190546,UWB2,UWB2,-1223.08690453912,2021.824699684657,1719.5817971978615,0.5009773722843676,0.50079990420049,-0.49523559264752715,0.5029541094243918
1757619197545.001,190546,UWB3,UWB3,1879.2466182983044,-1460.3162930449346,1388.3664320502203,-0.7060636976001636,-0.0006512277679684502,0.7081457607179145,-0.0017923199561368816
1757619197545.001,190546,UWB4,UWB4,-749.357366239076,-1868.4181919874823,1445.0540539771475,-0.1382389340391383,0.5959601633557736,0.0983022597152565,0.7848937167181023
1757619197545.001,190546,UWB1,UWB1,-168.84390205045685,-443.42384781195204,238.45708534317419,0.01948798028340706,0.33920920188820386,0.06620604713264522,0.9381759404833996
1757619197545.001,190546,LeftRS,LeftRS,-215.16828585692105,-481.40373243044286,250.64877509200227,-0.007274422094446986,-0.5520914470181046,0.8337276346397089,-0.006352019420891958
1757619197550.0024,190547,April7,April7,1192.3782616598182,1529.6899136515804,1642.9710433951984,-0.6843791723431457,0.1828721789878252,-0.1837453522220032,0.6814840864994338
1757619197550.0024,190547,UWB2,UWB2,-1223.0006443604757,2021.78693897861,1719.6189573149834,0.5005900571231865,0.5014808169235224,-0.4954437250347987,0.5024560680206422
1757619197550.0024,190547,UWB3,UWB3,1879.2960959078405,-1460.2864666408525,1388.3577882307823,-0.7059820696514753,0.00022880057619138546,0.7082280226293209,-0.00152739761624098
1757619197550.0024,190547,UWB4,UWB4,-749.3933891737213,-1868.4503296300009,1445.0633606668994,-0.13739157896378298,0.5954954244248412,0.09768487689004464,0.7854720990244617
1757619197550.0024,190547,UWB1,UWB1,-168.8693046948477,-443.40314546208947,238.46578359436452,0.018705395546864588,0.33926108999777516,0.06637897478375472,0.9381608884928078
1757619197550.0024,190547,LeftRS,LeftRS,-215.21764273921093,-481.01566632426034,250.73149742214306,-0.010064176197424994,-0.5638402138412086,0.8257863245956525,-0.007737682067071721
1757619197557.0415,190548,April7,April7,1192.4041855041442,1529.7139633316872,1642.9543548187933,-0.6843176325124127,0.18276940952607906,-0.18364459950441805,0.6816006028804235
1757619197557.0415,190548,UWB2,UWB2,-1223.0788061252867,2021.8116194673269,1719.6065542035383,0.5008627265607241,0.501188027426337,-0.4951855141405361,0.5027309388649438
1757619197557.0415,190548,UWB3,UWB3,1879.280866411134,-1460.2981242641567,1388.3588166647214,-0.706090435999936,-9.988544674687335e-05,0.7081201385786344,-0.001468179721037047
1757619197557.0415,190548,UWB4,UWB4,-749.4274224405287,-1868.4509439915244,1445.0560249788837,-0.13694078916549315,0.5951465323333575,0.09758520730009035,0.785827559093285
1757619197557.0415,190548,UWB1,UWB1,-168.86891836149425,-443.4048934324731,238.45999914722506,0.018538524780457977,0.339030724117481,0.0665669923924664,0.9382341534644549
1757619197557.0415,190548,LeftRS,LeftRS,-216.3091074061898,-479.59081174274206,249.95670811864576,0.0010087420285405854,-0.6016081850349251,0.7987878285244422,-0.002139892452846522
1757619197564.9995,190549,April7,April7,1192.3652246322224,1529.7232370122301,1642.9593348082803,-0.6843502049509074,0.18276670428412767,-0.18372436161899774,0.6815471280377176
1757619197564.9995,190549,UWB2,UWB2,-1223.0639573472959,2021.722530847533,1719.6130755973509,0.5002774981799051,0.5022360249850029,-0.49397975028050556,0.5034534798121156
1757619197564.9995,190549,UWB3,UWB3,1879.274883300049,-1460.3077951065034,1388.3753525077423,-0.7060000949986105,-0.0003022921415442566,0.7082101923558431,-0.001448421455911559
1757619197564.9995,190549,UWB4,UWB4,-749.3907912485289,-1868.4467507439385,1445.070299605577,-0.13756942730989796,0.5953999187263519,0.09786539069419417,0.7854909004912489
1757619197564.9995,190549,UWB1,UWB1,-168.8709933907331,-443.412553440001,238.45972794396374,0.018980287019053767,0.33902558156359197,0.06647996217951149,0.9382333496410972
1757619197564.9995,190549,LeftRS,LeftRS,-216.26496911762206,-479.611898923142,249.97596128438582,0.0008835275100710706,-0.6003619115879376,0.7997229232509017,-0.00283558118358701
1757619197577.0588,190550,April7,April7,1192.3599689823734,1529.7153702885812,1642.981953039938,-0.6843222453413795,0.18283499955240057,-0.18369934872014754,0.6815636263397571
1757619197577.0588,190550,UWB2,UWB2,-1223.1007300288616,2021.737997729253,1719.6186581684653,0.5000635931348378,0.5022767498526945,-0.4935476341733653,0.5040488093234257
1757619197577.0588,190550,UWB3,UWB3,1879.2725249139771,-1460.3079935632502,1388.377038400405,-0.7060015753589327,-0.0003698060034802224,0.7082085486838259,-0.001513408528557691
1757619197577.0588,190550,UWB4,UWB4,-749.4339269966388,-1868.4749460918576,1445.0511231370524,-0.13670976096173962,0.5950945506146139,0.0976483885018129,0.7858992997258452
1757619197577.0588,190550,UWB1,UWB1,-168.86519607051358,-443.4079535305224,238.46919327524807,0.01885548659031234,0.3391199168039331,0.06647681554633933,0.9382019961858715
1757619197577.0588,190550,LeftRS,LeftRS,-216.29337864875893,-479.58915202974083,249.9450486050311,0.0011021961968874525,-0.6013838660959788,0.7989563310885054,-0.00223869975475228
1757619197585.054,190551,April7,April7,1192.5923181644937,1529.598845983081,1642.821001936117,-0.6845317942265065,0.18293531831025403,-0.1843225039003484,0.681157916025111
1757619197585.054,190551,UWB2,UWB2,-1223.0605494243425,2021.7721351147993,1719.6099488182617,0.5007642326419597,0.5014970051072104,-0.49499046175583694,0.5027130194711007
1757619197585.054,190551,UWB3,UWB3,1879.2637174099734,-1460.3041526944965,1388.364951621791,-0.7059579971076506,-0.0004912471053951216,0.7082514252516349,-0.0017273173026066246
1757619197585.054,190551,UWB4,UWB4,-749.4030062860934,-1868.4301271463173,1445.305573149314,-0.1417195419120766,0.5983636639199366,0.09444174695321891,0.7829158662161373
1757619197585.054,190551,UWB1,UWB1,-168.86382331795525,-443.4240820506211,238.4621517476944,0.019052878703348233,0.33918652507026065,0.06665281961581795,0.9381614416832202
1757619197585.054,190551,LeftRS,LeftRS,-215.16871292111017,-481.40623269468506,250.66125094122518,-0.006692588806360926,-0.5510386395023026,0.8344275141645643,-0.0065077366008855254
1757619197596.0,190552,April7,April7,1192.384957070821,1529.759997832091,1642.9407899971623,-0.6843065157426296,0.18285320685693518,-0.18388960997092468,0.6815232267495057
1757619197596.0,190552,UWB2,UWB2,-1223.0469810754807,2021.8257406199548,1719.6344400543192,0.5004914392013177,0.5009625902101962,-0.4956278095710768,0.5028895275066497
1757619197596.0,190552,UWB3,UWB3,1879.2849468800994,-1460.2842527277596,1388.3659926089479,-0.7059277825267035,-0.0002626075235541721,0.7082823730674901,-0.0014060213742129125
1757619197596.0,190552,UWB4,UWB4,-749.4115362206246,-1868.4395998994437,1445.072806019649,-0.13687131648732043,0.5957626566791338,0.09752612401904026,0.7853800065977433
1757619197596.0,190552,UWB1,UWB1,-168.8549165924866,-443.4274431265917,238.45893849033527,0.019181222421618727,0.33928268616270213,0.06666989598481876,0.9381228408614766
1757619197596.0,190552,LeftRS,LeftRS,-215.1674249233061,-481.3898301047159,250.65246773408091,-0.006417604103895789,-0.5512203560354008,0.8343074957031152,-0.006777614873103343
1757619197606.9976,190553,April7,April7,1192.5907042520134,1529.6210767958096,1642.812231593525,-0.6844811040948542,0.18300319522603153,-0.18440047034881102,0.6811695201704858
1757619197606.9976,190553,UWB2,UWB2,-1223.0496556772275,2021.8142811715663,1719.6298236239916,0.50063516265958,0.5009109211954165,-0.495355226172316,0.5030664795429617
1757619197606.9976,190553,UWB3,UWB3,1879.2483718628114,-1460.30833717399,1388.3562288963992,-0.706094251282677,-0.0007743573799931387,0.7081151669132096,-0.001794174930498049
1757619197606.9976,190553,UWB4,UWB4,-749.3846316130741,-1868.4466292757015,1445.2954961657551,-0.1417545725009397,0.5985588071307715,0.0945061346079544,0.7827525701667974
1757619197606.9976,190553,UWB1,UWB1,-168.84636743646828,-443.413798610986,238.45339280622443,0.018679092426652687,0.3394281657515667,0.06686003007420444,0.9380668143469953
1757619197606.9976,190553,LeftRS,LeftRS,-215.2243304287689,-480.9931471449246,250.6935066231272,-0.009345489784649372,-0.5637845464298367,0.8258339379137464,-0.00761275360582718
1757619197615.996,190554,April7,April7,1192.4001336658785,1529.7521849623458,1642.9180761687153,-0.6843197428875651,0.18290152418118197,-0.18388139903469705,0.6814991951833398
1757619197615.996,190554,UWB2,UWB2,-1223.0557958718061,2021.8057225644272,1719.5860216422986,0.50052958157514,0.5002547796470584,-0.4961000748849388,0.5030904581759094
1757619197615.996,190554,UWB3,UWB3,1879.2646090818384,-1460.298743234094,1388.35793293096,-0.7059351796699186,-0.00043108523118066494,0.7082742210737895,-0.0017216365006263164
1757619197615.996,190554,UWB4,UWB4,-749.450751587022,-1868.4124140880172,1445.0832701118609,-0.1373787495728873,0.5954403614713369,0.0972196868477652,0.7855737951242366
1757619197615.996,190554,UWB1,UWB1,-168.84225153213893,-443.4225737810569,238.4549783201645,0.01862431572066572,0.33945134430563983,0.06687566779243628,0.9380584015776132
1757619197615.996,190554,LeftRS,LeftRS,-215.21090296679793,-481.0237601321005,250.7023542222655,-0.009555816586759233,-0.5626969708317406,0.826564584013348,-0.008473124629359723
1757619197643.434,190555,April7,April7,1192.3903851996788,1529.754770754234,1642.9184278771238,-0.6843440894542324,0.18289743135286635,-0.18389672550034222,0.6814717097457773
1757619197643.434,190555,UWB2,UWB2,-1223.1007212111078,2021.895644460004,1719.5955325819386,0.5010435676932681,0.500097321420022,-0.4961977850563034,0.5026388071835872
1757619197643.434,190555,UWB3,UWB3,1879.2765409342378,-1460.2944580690978,1388.3604598328043,-0.7060060817883732,-0.00042690773273424375,0.7082040405348423,-0.0015057216675054086
1757619197643.434,190555,UWB4,UWB4,-749.3894970385372,-1868.4179112764846,1445.0645212215081,-0.13774925322537376,0.5955407787302767,0.09774917813383652,0.7853670621304073
1757619197643.434,190555,UWB1,UWB1,-168.85728663357364,-443.43472051251047,238.44269954070188,0.01897459160842791,0.33916025030566244,0.06678051893955395,0.9381634461947757
1757619197643.434,190555,LeftRS,LeftRS,-215.17645554046757,-481.42759659709407,250.6701858144125,-0.006467106769397569,-0.5501238525601309,0.8350309629592021,-0.006724155996127123
1757619197646.48,190557,April7,April7,1192.596017081665,1529.5693003261572,1642.8398001037235,-0.6844941571849085,0.18290947867209018,-0.18418777804239847,0.6812391164719112
1757619197646.48,190557,UWB2,UWB2,-1223.0583228643495,2021.7808302523865,1719.579894499156,0.5004624233216102,0.5005549084870609,-0.4952437858735861,0.5037020339309434
1757619197646.48,190557,UWB3,UWB3,1879.2844825458446,-1460.3007597018495,1388.3660226044558,-0.7058707530991993,-0.0002938104975432144,0.7083389823827599,-0.0015098448651894027
1757619197646.48,190557,UWB4,UWB4,-749.4033282470984,-1868.47198115835,1445.045288158731,-0.13717084211680164,0.5952782754631737,0.09808848144302255,0.7856249643708881
1757619197646.48,190557,UWB1,UWB1,-168.85294273923282,-443.4043006325828,238.45946035527354,0.018631155231690743,0.33907852543094796,0.06644215561440724,0.9382238931106037
1757619197646.48,190557,LeftRS,LeftRS,-215.19517069404387,-481.03793344777927,250.74848616063514,-0.009897089365027053,-0.5631867071603045,0.8262312673583928,-0.008041973599692607
1757619197656.5718,190558,April7,April7,1192.381117215328,1529.7083162176502,1642.9559310653124,-0.6843454516617303,0.18282489420722406,-0.1837017816543533,0.6815423803880696
1757619197656.5718,190558,UWB2,UWB2,-1223.0975031016842,2021.7653281188477,1719.5920240599141,0.5001608605697193,0.5017428741731348,-0.4942412742166939,0.5038042919937251
1757619197656.5718,190558,UWB3,UWB3,1879.2608940439218,-1460.3099752292806,1388.3505810653542,-0.7061508838511611,-0.00039833854739139977,0.7080591904671689,-0.0017185335617979948
1757619197656.5718,190558,UWB4,UWB4,-749.4123472400314,-1868.4398873938055,1445.2852867624251,-0.14127580912899415,0.5982823311455542,0.09439414142658303,0.783063946340481
1757619197656.5718,190558,UWB1,UWB1,-168.86848604728254,-443.4104781895836,238.48264100950655,0.01878453761658927,0.3391737367007828,0.06639931120092944,0.9381894525899347
1757619197656.5718,190558,LeftRS,LeftRS,-215.20257772339156,-481.04077669168134,250.74460347582195,-0.010000262215473269,-0.5626190519535424,0.8266157842750407,-0.008132792993707729
1757619197667.569,190559,April7,April7,1192.383855566251,1529.706030611225,1642.9469716730139,-0.684356484536384,0.18280101454813677,-0.1837110677632929,0.6815352043250918
1757619197667.569,190559,UWB2,UWB2,-1223.066813745997,2021.8241829582416,1719.5890972596278,0.5012623550147393,0.5014929203723102,-0.494697201357767,0.5025092847205135
1757619197667.569,190559,UWB3,UWB3,1879.2538850301507,-1460.3137672196726,1388.3856278645683,-0.7058282605105092,-0.0006102170580051408,0.7083805096378246,-0.0017742223949313246
1757619197667.569,190559,UWB4,UWB4,-749.3951203172765,-1868.4113645526718,1445.0838232091814,-0.1374431611241848,0.5953656759068551,0.0978170582352861,0.7855449780441345
1757619197667.569,190559,UWB1,UWB1,-168.85392998277914,-443.3913814112459,238.48113018758883,0.018278626579854965,0.33921282671115977,0.06647073432993017,0.9381802553254992
1757619197667.569,190559,LeftRS,LeftRS,-215.20147741057386,-481.01869022332033,250.75667886410298,-0.010280002769880158,-0.563924850692478,0.8257261481230626,-0.007707958248950629
1757619197675.599,190560,April7,April7,1192.3843428926896,1529.7171956538189,1642.9299098861538,-0.6843395481013503,0.18279694586447,-0.1837358506608266,0.6815466210531779
1757619197675.599,190560,UWB2,UWB2,-1223.0488069659252,2021.77324219987,1719.569944164419,0.5004615539548417,0.5016729341539369,-0.49438619858021055,0.5034330013059272
1757619197675.599,190560,UWB3,UWB3,1879.2690280416814,-1460.298355026271,1388.380599108555,-0.7059108500809399,-0.00030684115900008835,0.7082989528470273,-0.001539799439149758
1757619197675.599,190560,UWB4,UWB4,-749.341120543379,-1868.4705412447263,1445.3036293772464,-0.14102507958391522,0.5987295489410079,0.09452086963866338,0.7827519781872151
1757619197675.599,190560,UWB1,UWB1,-168.8590808422726,-443.39819027841196,238.50136811430843,0.018017982692508084,0.3393203158397148,0.06685818092455852,0.9381188939583233
1757619197675.599,190560,LeftRS,LeftRS,-215.2108458807266,-481.0096151880462,250.72816718784446,-0.010448919410026411,-0.5648402474048865,0.825101953292408,-0.007285716697937252
1757619197687.07,190561,April7,April7,1192.5967710832906,1529.579304154314,1642.814518032067,-0.6845169018841489,0.18286301154994217,-0.18426376410894535,0.6812081879119005
1757619197687.07,190561,UWB2,UWB2,-1223.0504088827822,2021.7813299187244,1719.602327027371,0.501140465434448,0.5007092935106678,-0.49523547256978084,0.5028819583210146
1757619197687.07,190561,UWB3,UWB3,1879.266112977052,-1460.3051965167658,1388.3857006211163,-0.7057985119192969,-0.0005370934719744758,0.7084103176127543,-0.0017303187294118803
1757619197687.07,190561,UWB4,UWB4,-749.4042926560331,-1868.4620634266976,1445.0659991447287,-0.1372778711812926,0.5958858771157826,0.09781898866023953,0.7851791215992533
1757619197687.07,190561,UWB1,UWB1,-168.84664387692405,-443.41801827133804,238.47089057749264,0.01842418001927901,0.33946013626436994,0.06677721197635228,0.9380661860650654
1757619197687.07,190561,LeftRS,LeftRS,-215.20392108538437,-481.0229065691989,250.74984730058316,-0.010031703560112733,-0.562923099949838,0.8264053348650474,-0.008436289061885927
1757619197693.5159,190562,April7,April7,1192.4135664917244,1529.7492842783577,1642.9229530170046,-0.6842994234253983,0.18287695414100696,-0.1838627216184649,0.681531230643781
1757619197693.5159,190562,UWB2,UWB2,-1223.046934829644,2021.7580122230956,1719.5785136513773,0.5001547846966669,0.5015595446788166,-0.49459610941766885,0.5036446197821582
1757619197693.5159,190562,UWB3,UWB3,1879.263596291652,-1460.307350419418,1388.3680946064426,-0.7059589445691812,-0.0006838966563144071,0.7082505698147044,-0.0016221051994391097
1757619197693.5159,190562,UWB4,UWB4,-749.4159385881371,-1868.4424917556726,1445.1111919403377,-0.13742844332699305,0.5953821403660966,0.09715644317947507,0.7856170539432802
1757619197693.5159,190562,UWB1,UWB1,-168.8491655152104,-443.4068897932446,238.46284979344992,0.018536271672550786,0.3393138533034399,0.06668251416009655,0.9381236367846947
1757619197693.5159,190562,LeftRS,LeftRS,-215.22510950035525,-481.0194473031886,250.74554129115424,-0.009593668586221491,-0.5630314121958896,0.8263390294598122,-0.008209676922743582
1757619197705.5125,190563,April7,April7,1192.5989894327795,1529.6182391222512,1642.8135636091697,-0.6844509531946004,0.1830186791719957,-0.18435038412421542,0.6812092128108629
1757619197705.5125,190563,UWB2,UWB2,-1223.0509597206924,2021.7492172321838,1719.5501770949254,0.5002503897096732,0.5017593806887944,-0.4943362026632161,0.5036057885118375
1757619197705.5125,190563,UWB3,UWB3,1879.2751247189096,-1460.2944307394296,1388.3439992565893,-0.7058485487025367,-0.0004104610555941114,0.7083604886341871,-0.001753840979177308
1757619197705.5125,190563,UWB4,UWB4,-749.415280886361,-1868.5178943809199,1445.0393175833199,-0.13660731554676803,0.5954795570267045,0.09791043550140312,0.7855928240012834
1757619197705.5125,190563,UWB1,UWB1,-168.85342922187374,-443.41737163675384,238.4474929663477,0.01869657442851764,0.33930515727813026,0.06672558228542501,0.9381205386397705
1757619197705.5125,190563,LeftRS,LeftRS,-215.22004604786483,-481.0019296406517,250.70395677607405,-0.009598574534215953,-0.5638610258418743,0.825777932036459,-0.007708298453585224
1757619197715.563,190564,April7,April7,1192.6011896752625,1529.613500987278,1642.8056076248217,-0.6844554386114209,0.18300488656200345,-0.18430357306909753,0.6812210779208461
1757619197715.563,190564,UWB2,UWB2,-1223.0524024258043,2021.7448565382456,1719.5603565629235,0.5005617454674495,0.5019243414580862,-0.494100145666416,0.503363626495671
1757619197715.563,190564,UWB3,UWB3,1879.2740128236162,-1460.306854935148,1388.3683757423066,-0.7059726585922528,-0.0003966148781062738,0.7082373061967123,-0.0015382223666565713
1757619197715.563,190564,UWB4,UWB4,-749.4220494301321,-1868.429343244638,1445.0448981725501,-0.13717442834876395,0.5952610329260245,0.09789787701404185,0.7856611766933478
1757619197715.563,190564,UWB1,UWB1,-168.84108127893163,-443.41217054420156,238.4506689390124,0.018780348085328257,0.33947528999976595,0.06661467535342959,0.9380651955130442
1757619197715.563,190564,LeftRS,LeftRS,-215.22886093515814,-481.031853642308,250.72835532589866,-0.009479087918284253,-0.5618328870599281,0.8271552758390268,-0.00825248821914455
1757619197730.4453,190565,April7,April7,1192.3892002518598,1529.7591028342226,1642.934199593189,-0.6842964910565938,0.1829317859563695,-0.1838779652097717,0.6815153468006133
1757619197730.4453,190565,UWB2,UWB2,-1223.0335151448437,2021.7871928497182,1719.5835547487586,0.4998281658294618,0.5010616169692365,-0.4950979029568626,0.5039713554672006
1757619197730.4453,190565,UWB3,UWB3,1879.2717798476842,-1460.300046419175,1388.3801642585627,-0.7058908270186461,-0.0005162914550960463,0.7083185896533862,-0.0016276748763752557
1757619197730.4453,190565,UWB4,UWB4,-749.4159364407965,-1868.4824762493283,1445.2621565644233,-0.1411244147686186,0.5984727685373776,0.09459191641185041,0.7829218442634966
1757619197730.4453,190565,UWB1,UWB1,-168.86680739929412,-443.44309447465264,238.42889834219392,0.019270777063808822,0.33905557365692546,0.06670021509932691,0.9382009573802585
1757619197730.4453,190565,LeftRS,LeftRS,-215.19688328271965,-481.0332544414423,250.71690810383146,-0.009413134733344744,-0.5626680946316536,0.8265877347611532,-0.008290049487306387
1757619197748.5295,190566,April7,April7,1192.396268066798,1529.7346803767837,1642.9257973173355,-0.6843505440267559,0.18284055786311693,-0.1838377231893353,0.6814964085181585
1757619197748.5295,190566,UWB2,UWB2,-1223.0349719694361,2021.8814108464267,1719.5888052241428,0.5010842849454205,0.4998733860683733,-0.49649941525163477,0.5025231018928987
1757619197748.5295,190566,UWB3,UWB3,1879.2864510666245,-1460.2955252085676,1388.3816128098802,-0.7059100704500985,-0.00021191260954359211,0.7083001636694857,-0.0013437544280317654
1757619197748.5295,190566,UWB4,UWB4,-749.3933944607058,-1868.4457276985174,1445.0656564781261,-0.13763549102496137,0.5959563381170372,0.09793224105218717,0.7850489098336141
1757619197748.5295,190566,UWB1,UWB1,-168.84978055684286,-443.4203452235612,238.45274990155013,0.018945191299909948,0.33928978005617544,0.06653336173314246,0.9381347646540602
1757619197748.5295,190566,LeftRS,LeftRS,-215.20507112705485,-481.0166933534709,250.72123951606932,-0.010149964816996523,-0.5640371356909474,0.8256508978607504,-0.007725453870304946
1757619197753.5044,190567,April7,April7,1192.392751208461,1529.7248205616938,1642.9339925108084,-0.6843216664893131,0.18271940546710255,-0.183761102430344,0.6815785595752134
1757619197753.5044,190567,UWB2,UWB2,-1223.050011190736,2021.8264562818922,1719.583108274866,0.5008840895511757,0.5007744024849119,-0.49537094704039686,0.5029391130928969
1757619197753.5044,190567,UWB3,UWB3,1879.275698712207,-1460.2980966296996,1388.3634698399042,-0.7061202491191563,-0.00024173286175588826,0.7080901298277459,-0.0015822103685445219
1757619197753.5044,190567,UWB4,UWB4,-749.3594705215436,-1868.4508582935782,1445.2907619013658,-0.14159926725996375,0.598889171430251,0.09496880055951772,0.7824719386504
1757619197753.5044,190567,UWB1,UWB1,-168.85787216530144,-443.4338030157818,238.4536830351289,0.01901720494945603,0.33907130927779966,0.06676856887505511,0.9381955826750231
1757619197753.5044,190567,LeftRS,LeftRS,-215.15632065846586,-481.4199825457884,250.69748617971908,-0.006865722991530998,-0.5507083866980841,0.834641665479433,-0.006813583045308177
1757619197756.644,190568,April7,April7,1192.5867084735917,1529.5814945866325,1642.8148793340304,-0.6844878892600529,0.18287988868043967,-0.1842477801464203,0.6812371329307175
1757619197756.644,190568,UWB2,UWB2,-1223.0322034834178,2021.7548778102207,1719.6207984701782,0.5005734219594942,0.5016991467279176,-0.49453451729075826,0.5031499047085654
1757619197756.644,190568,UWB3,UWB3,1879.2700419244704,-1460.3034097432642,1388.3890842955814,-0.7059115098447858,-0.0005326836520007603,0.7082981613108147,-0.001539870287047246
1757619197756.644,190568,UWB4,UWB4,-749.3402471294894,-1868.4487106721883,1445.3143984179208,-0.1417892659048868,0.5987022087495318,0.09516835761400406,0.7825563577287187
1757619197756.644,190568,UWB1,UWB1,-168.850886373847,-443.41235584813603,238.47775501529517,0.018530125929449512,0.3391878848197537,0.06673859729139468,0.9381653227742525
1757619197756.644,190568,LeftRS,LeftRS,-215.2168027720389,-481.02688586901155,250.73181219542587,-0.010184800282202857,-0.5638194636719175,0.825800703607878,-0.007555140545112444
1757619197765.9233,190569,April7,April7,1192.3601774051642,1529.7317415558366,1642.9467517933363,-0.6843244515728828,0.18275566983115446,-0.18373791384605645,0.6815722919394086
1757619197765.9233,190569,UWB2,UWB2,-1223.057007501472,2021.7845988333002,1719.6017692089,0.5011011613282152,0.5012027695737439,-0.4949855599885926,0.5026755467395466
1757619197765.9233,190569,UWB3,UWB3,1879.2594155519398,-1460.3113607785256,1388.4046619070432,-0.7059695099406215,-0.0006164785800403754,0.7082405205968455,-0.0014268752813097311
1757619197765.9233,190569,UWB4,UWB4,-749.3775158737711,-1868.4506048319165,1445.2987665643004,-0.1415637416384806,0.5984876406097717,0.09493961895394144,0.7827890647189336
1757619197765.9233,190569,UWB1,UWB1,-168.85285810846455,-443.41424652382284,238.45822992572025,0.018674078611750862,0.339001777905334,0.06678404908603838,0.9382264993873806
1757619197765.9233,190569,LeftRS,LeftRS,-215.17754374744476,-481.41240253633714,250.69740651242938,-0.006749150889351613,-0.5506835694768859,0.8346601439717556,-0.006670782226755828
1757619197776.9626,190570,April7,April7,1192.3556336898423,1529.7320586347787,1642.9565495115858,-0.6843318558604594,0.18278749455813906,-0.18373313578563646,0.6815576114328961
1757619197776.9626,190570,UWB2,UWB2,-1223.0649936587472,2021.7797498970465,1719.5837172030022,0.5007937258947307,0.5017268354462388,-0.4942774264867656,0.5031556939588345
1757619197776.9626,190570,UWB3,UWB3,1879.247654181691,-1460.3147178694603,1388.374259072063,-0.705975610466159,-0.0007241741976716504,0.7082337438295361,-0.0016962015990328778
1757619197776.9626,190570,UWB4,UWB4,-749.376452102726,-1868.4754113753686,1445.0516840192545,-0.13733543451617533,0.5955435321397456,0.09807603067484329,0.7853966971918308
1757619197776.9626,190570,UWB1,UWB1,-168.8674309885555,-443.4102200735604,238.46638259485738,0.018304455017469048,0.33920163024424177,0.06684578672075817,0.9381571519547486
1757619197776.9626,190570,LeftRS,LeftRS,-215.19522108625333,-481.0158012359759,250.727680625391,-0.009821601778079248,-0.5634496574088578,0.8260537180930265,-0.007954528838368922
1757619197787.1587,190571,April7,April7,1192.3629149184785,1529.7294555274898,1642.937792765805,-0.6843354895646163,0.18273179525678956,-0.18374719746192786,0.6815651077846305
1757619197787.1587,190571,UWB2,UWB2,-1223.0766923827846,2021.7579941555803,1719.5468463207496,0.5004694197686087,0.5015189729320045,-0.4943996258732732,0.5035653776840374
1757619197787.1587,190571,UWB3,UWB3,1879.2483786419598,-1460.3195480311329,1388.3622979705833,-0.7060341321574867,-0.0006333185890521795,0.7081753460609863,-0.0017556672782164265
1757619197787.1587,190571,UWB4,UWB4,-749.3719740355426,-1868.4415264940174,1445.0505571903034,-0.137382135520593,0.595495104740759,0.09810189797309027,0.7854220182065634
1757619197787.1587,190571,UWB1,UWB1,-168.85990714184592,-443.4151685955863,238.43518650146595,0.01857572357248633,0.33924109898914606,0.06660496703795929,0.9381546768077572
1757619197787.1587,190571,LeftRS,LeftRS,-215.22494642508732,-481.0103394527722,250.7099868220851,-0.010173603563536821,-0.5642270831731055,0.8255237725695984,-0.007402521662198543
1757619197797.1724,190572,April7,April7,1192.6260948935083,1529.617628985984,1642.7874418555432,-0.6844603717533206,0.18297810973763956,-0.18431753422316105,0.6812195368851661
1757619197797.1724,190572,UWB2,UWB2,-1223.0767262514298,2021.7578166199664,1719.5468481264654,0.5004677106234776,0.5015219326231931,-0.49439592424337403,0.503567762880759
1757619197797.1724,190572,UWB3,UWB3,1879.2838270339887,-1460.293463794164,1388.3634160680792,-0.7058493913537063,-0.00017618928387368754,0.7083604333112821,-0.0014498972347336268
1757619197797.1724,190572,UWB4,UWB4,-749.3654817013908,-1868.4578379292348,1445.0539831517283,-0.13783962460835347,0.5958867767136894,0.09833539371197625,0.7850155014833201
1757619197797.1724,190572,UWB1,UWB1,-168.86166586435826,-443.4089918215274,238.45740154840445,0.018653874356318274,0.33916075052102457,0.06661995120810636,0.9381811127807592
1757619197797.1724,190572,LeftRS,LeftRS,-215.2159459488396,-481.0306035340458,250.68391470692356,-0.009806771228660912,-0.5637038328994233,0.8258822567994235,-0.007766203477812663
1757619197806.261,190573,April7,April7,1192.3966529803367,1529.7361113879347,1642.9257321473397,-0.684354307615995,0.18283567482060506,-0.18383281818912267,0.6814952623584195
1757619197806.261,190573,UWB2,UWB2,-1223.0741509332124,2021.782194259363,1719.5385106871674,0.5008841516426692,0.5015381566003717,-0.4943829988635711,0.5031500715907402
1757619197806.261,190573,UWB3,UWB3,1879.2726938366236,-1460.301255949791,1388.3498480022722,-0.7059202260235696,-0.00037590351063367046,0.7082893431616921,-0.0016430310288816908
1757619197806.261,190573,UWB4,UWB4,-749.3984156390645,-1868.4579856641901,1445.064827530924,-0.13761295161269196,0.5957263257451864,0.09794106888337818,0.785226316031604
1757619197806.261,190573,UWB1,UWB1,-168.86373551361186,-443.4050556926912,238.4487179532505,0.018815796991236543,0.3392052818706806,0.0664973854228257,0.9381704750558636
1757619197806.261,190573,LeftRS,LeftRS,-215.21281176891597,-481.0469050908581,250.7165949257688,-0.010129804598949233,-0.5633764845327285,0.8261000477636964,-0.007939447030502478
1757619197817.0618,190574,April7,April7,1192.61458345619,1529.5989817834075,1642.792926320333,-0.6845092475023037,0.18299197154557512,-0.18427135280399282,0.6811791959312027
1757619197817.0618,190574,UWB2,UWB2,-1223.0984736770442,2021.7770488713622,1719.5651766989156,0.5007213345539403,0.5014422332437027,-0.4942970187967857,0.5034920943279041
1757619197817.0618,190574,UWB3,UWB3,1879.2643788826017,-1460.3090913453339,1388.346274495613,-0.7060746995762592,-0.0004082940883846655,0.7081351457886222,-0.0017225600597695824
1757619197817.0618,190574,UWB4,UWB4,-749.4195574804,-1868.4449393686034,1445.0725696756049,-0.13713184684470012,0.5952346045553514,0.09761686246255356,0.7857235966189148
1757619197817.0618,190574,UWB1,UWB1,-168.85445808657812,-443.4262266156661,238.43977132454268,0.018825242261415683,0.3393413400138436,0.06662567760926037,0.938111978547612
1757619197817.0618,190574,LeftRS,LeftRS,-216.31178951663244,-479.58081394111656,249.95595707004173,0.001441449333475921,-0.6013629469400156,0.7989708442490794,-0.0024735220541814156
1757619197824.0576,190575,April7,April7,1192.416068921629,1529.7255941456604,1642.9328016420018,-0.6843617445125941,0.18281885873516257,-0.18385375573398913,0.681486657272876
1757619197824.0576,190575,UWB2,UWB2,-1223.0272248661752,2021.7626941764233,1719.6130937144721,0.5006892824026498,0.5011215770841771,-0.49525814649099664,0.5028983752231551
1757619197824.0576,190575,UWB3,UWB3,1879.2701342215175,-1460.2982476829802,1388.3617005634694,-0.7060839255432041,-0.00034348202910322134,0.7081264001793025,-0.0015406098458128619
1757619197824.0576,190575,UWB4,UWB4,-749.4390793159324,-1868.4703061173857,1445.0570348049869,-0.1367922088425834,0.5951670164802324,0.09734963223642268,0.7858671409324984
1757619197824.0576,190575,UWB1,UWB1,-168.84627968710697,-443.4210294439224,238.45684362314117,0.018865293900840456,0.3392827360877797,0.06657023009310933,0.9381363068041741
1757619197824.0576,190575,LeftRS,LeftRS,-215.1790420112782,-481.4267371803126,250.68329325912967,-0.006076172784965714,-0.5500963577483872,0.8350486873636622,-0.007125099891953217
1757619197837.738,190576,April7,April7,1192.5832638304082,1529.5957117396426,1642.8330622554008,-0.6845288073216728,0.1830341873589665,-0.18431465572693156,0.6811364811026303
1757619197837.738,190576,UWB2,UWB2,-1223.0580441891152,2021.9035130307766,1719.6291237068967,0.5011492814997124,0.5000796098002989,-0.49656119576056246,0.5021919557093117
1757619197837.738,190576,UWB3,UWB3,1879.2820682441468,-1460.2929781298653,1388.3547239508339,-0.7061244454967442,-2.3608321122304005e-06,0.7080859362775435,-0.0016044663588522731
1757619197837.738,190576,UWB4,UWB4,-749.3801106396159,-1868.424693948021,1445.2950300651444,-0.141467781014903,0.5984959898855744,0.0945569061225514,0.7828463505248888
1757619197837.738,190576,UWB1,UWB1,-168.85463986962066,-443.40388578223093,238.47993846462956,0.01870060825287182,0.3392909286146854,0.06665075247106936,0.9381309238085042
1757619197837.738,190576,LeftRS,LeftRS,-215.2299793507158,-480.9880059881072,250.72720175274938,-0.010238933210546903,-0.5643585764015923,0.8254365940972818,-0.006999329522006875
1757619197846.705,190577,April7,April7,1192.56415215631,1529.5921454865384,1642.8395219321185,-0.6845667666860762,0.18302813193513798,-0.18429613431678094,0.6811049696964456
1757619197846.705,190577,UWB2,UWB2,-1223.0430020682159,2021.8781814405966,1719.5983518764128,0.501146647913799,0.5001108159635501,-0.49629264034219184,0.5024289245089406
1757619197846.705,190577,UWB3,UWB3,1879.2797273864292,-1460.290410501027,1388.3772234506257,-0.7057875023859979,-0.00044098164429039074,0.7084217887016748,-0.0015415264007238203
1757619197846.705,190577,UWB4,UWB4,-749.4015133364331,-1868.4598983874846,1445.0519805752522,-0.13679897943553415,0.5953763060282691,0.09807237397546807,0.7856175296595317
1757619197846.705,190577,UWB1,UWB1,-168.85572189511063,-443.41238214740787,238.47386169600696,0.01867112380235087,0.3392633634574188,0.06671546377390793,0.9381368803351402
1757619197846.705,190577,LeftRS,LeftRS,-215.20392166275664,-481.04472983366907,250.74426275729255,-0.010047308836542253,-0.5624784096507917,0.8267105250396743,-0.008173007432120924
1757619197857.9536,190578,April7,April7,1192.6152383796261,1529.6087039606934,1642.8385079933594,-0.6844452202352141,0.1830665826469129,-0.18425860985142262,0.6812269309934623
1757619197857.9536,190578,UWB2,UWB2,-1223.037372586607,2021.8950325912176,1719.5839636731903,0.5014468666186408,0.49987390926447595,-0.49669585524867854,0.5019664751492687
1757619197857.9536,190578,UWB3,UWB3,1879.2498707107081,-1460.3197258242456,1388.329163980592,-0.706308571725674,-0.000512502595827027,0.7079009932343517,-0.002030425016156889
1757619197857.9536,190578,UWB4,UWB4,-749.4020658523264,-1868.485778944033,1445.06519755396,-0.13673692099330678,0.5952852868244783,0.09798648764213423,0.785708018265772
1757619197857.9536,190578,UWB1,UWB1,-168.8619751320811,-443.4018255227201,238.46463229748468,0.018580678385400305,0.3391678095767525,0.06669933339206445,0.9381743730579621
1757619197857.9536,190578,LeftRS,LeftRS,-215.21490333100678,-481.02949354677685,250.73919653476676,-0.009741451771084358,-0.5629211485941913,0.8264141074894235,-0.00803788064404098
1757619197866.8892,190579,April7,April7,1192.5993094033388,1529.6051513199352,1642.8328783035897,-0.6845691182850726,0.182927096202367,-0.18421789509089254,0.6811509134499117
1757619197866.8892,190579,UWB2,UWB2,-1223.068194577372,2021.7685593449125,1719.5903485038898,0.5005635319598657,0.5013754787423116,-0.49455057279715203,0.5034664941520849
1757619197866.8892,190579,UWB3,UWB3,1879.2485082804396,-1460.3239268867408,1388.3587568859925,-0.7061452193046845,-0.0006359813373281425,0.7080645906904455,-0.0017493402326057182
1757619197866.8892,190579,UWB4,UWB4,-749.3628835297354,-1868.4494732097617,1445.0789170827293,-0.13773131265585842,0.5955719770030158,0.09841188113031878,0.7852637820345502
1757619197866.8892,190579,UWB1,UWB1,-168.84928596108637,-443.4056127342443,238.4728257804304,0.018286059218713385,0.33926281344762454,0.06680640204404743,0.9381381924299752
1757619197866.8892,190579,LeftRS,LeftRS,-215.1960050816956,-481.02948554507157,250.74671268949788,-0.009688292940074665,-0.562209165771305,0.8268967321199054,-0.00829369109998189
1757619197877.0044,190580,April7,April7,1192.4058268283147,1529.7602687143449,1642.9374733658863,-0.6842700872970109,0.1828443967595777,-0.18387813658313457,0.6815652610652052
1757619197877.0044,190580,UWB2,UWB2,-1223.0846931427518,2021.7717902092372,1719.5487934587727,0.5001078119259492,0.5017336032537776,-0.4943968504493856,0.5037135317641847
1757619197877.0044,190580,UWB3,UWB3,1879.2674958867572,-1460.3095504521348,1388.3683412765226,-0.7061839622060055,-0.0003425408547596339,0.7080265030791951,-0.0016016011477731115
1757619197877.0044,190580,UWB4,UWB4,-749.3952927334274,-1868.4460471757843,1445.0690153947403,-0.1371499134671134,0.595346105354358,0.09788294048339209,0.7856028551613632
1757619197877.0044,190580,UWB1,UWB1,-168.8562487698859,-443.4186956726186,238.46174576802562,0.018713812913365442,0.33932891234853224,0.06660444309857126,0.9381202111723929
1757619197877.0044,190580,LeftRS,LeftRS,-215.1688081957371,-481.4173954268472,250.66539037262703,-0.006691478560990666,-0.5512734007527347,0.8342709944763551,-0.006691002362596836
1757619197886.5115,190581,April7,April7,1192.6301204448412,1529.6104405119206,1642.7983893528065,-0.6844527119187284,0.1829069294290868,-0.18440005799777248,0.6812240152287201
1757619197886.5115,190581,UWB2,UWB2,-1223.0681001472553,2021.7591638829344,1719.5412162646285,0.5004725263780853,0.5010831780685393,-0.49505915459845745,0.5033481225213122
1757619197886.5115,190581,UWB3,UWB3,1879.2590071539505,-1460.3114471372774,1388.3392560581499,-0.7061902489410453,-0.0003849365758030028,0.7080198180919254,-0.0017667239439435355
1757619197886.5115,190581,UWB4,UWB4,-749.3920600546679,-1868.453344463124,1445.0631358516093,-0.13773190945955993,0.5954947840847717,0.09805431166013046,0.7853669430331994
1757619197886.5115,190581,UWB1,UWB1,-168.8448422320431,-443.4140142013925,238.45843431112718,0.018479425092757865,0.3392795804265148,0.06664451566572223,0.9381398540119328
1757619197886.5115,190581,LeftRS,LeftRS,-215.21303637246217,-481.0171904156352,250.70262157466615,-0.010046786576721138,-0.5638696297531035,0.8257638186925778,-0.00801364210776977
1757619197896.6555,190582,April7,April7,1192.382315595598,1529.7390260425334,1642.919636860685,-0.6843696042637969,0.18279636871286153,-0.18384558843103463,0.6814870005800936
1757619197896.6555,190582,UWB2,UWB2,-1223.0192596998459,2021.8704595763345,1719.5544330527139,0.5014626956942624,0.5002505558144165,-0.4963399662265341,0.5019274690238162
1757619197896.6555,190582,UWB3,UWB3,1879.2805832614292,-1460.2951833050072,1388.3727920867952,-0.7058811549093034,-0.00019712483397202235,0.708328736266742,-0.0014688990667985982
1757619197896.6555,190582,UWB4,UWB4,-749.4271778572344,-1868.4524890287196,1445.066421787088,-0.1372842925050548,0.5952852291414167,0.09754166287142668,0.7856679597652654
1757619197896.6555,190582,UWB1,UWB1,-168.8679700057378,-443.43504518603476,238.44312692360003,0.01893829002259622,0.3389220982913014,0.06670812356383263,0.9382553909844771
1757619197896.6555,190582,LeftRS,LeftRS,-215.21494389860695,-480.9981248385432,250.71836979126766,-0.010324674071266112,-0.563804528034684,0.8258097291193137,-0.007493101146726649
1757619197905.5652,190583,April7,April7,1192.4049838852097,1529.7560882983942,1642.9160041994082,-0.6842811184804634,0.18286623352295917,-0.18388170331551984,0.6815473649820942
1757619197905.5652,190583,UWB2,UWB2,-1223.0170719826922,2021.7930567304566,1719.5512566094462,0.5008676415566322,0.5009946919471648,-0.49491789371091804,0.5031820771520098
1757619197905.5652,190583,UWB3,UWB3,1879.2577091897322,-1460.3058435118319,1388.352721766368,-0.7062206699821892,-0.0004246257719281219,0.7079894155499327,-0.0017811378740549273
1757619197905.5652,190583,UWB4,UWB4,-749.3653952172416,-1868.4590836221266,1445.3215801928077,-0.14177817994260852,0.5985882860811838,0.09495461235021309,0.7826714719804045
1757619197905.5652,190583,UWB1,UWB1,-168.85539511768715,-443.41217452960075,238.46706432084778,0.018442838275292264,0.33935713277881474,0.06673370700342779,0.9381061829548263
1757619197905.5652,190583,LeftRS,LeftRS,-215.22447805196433,-481.0269154791467,250.72015360918647,-0.010385650218398736,-0.5637930602086524,0.8258157941285358,-0.00760247972438797
1757619197915.939,190584,April7,April7,1192.4342403299556,1529.767787161874,1642.9215997174003,-0.684288049154831,0.18284543464001005,-0.1837940090379582,0.6815696406508556
1757619197915.939,190584,UWB2,UWB2,-1223.0366631344593,2021.8535812041916,1719.5956700993665,0.5010532147593447,0.49936738899630484,-0.4969307374197122,0.5026308078439287
1757619197915.939,190584,UWB3,UWB3,1879.2544094059829,-1460.3314250184155,1388.356622560928,-0.7061473428892743,-0.0008631413247596406,0.7080613051467423,-0.002091236802267969
1757619197915.939,190584,UWB4,UWB4,-749.3969356025747,-1868.4564070046015,1445.2832170721824,-0.1418527393826762,0.5984372005775531,0.09505952678525162,0.782760757614928
1757619197915.939,190584,UWB1,UWB1,-168.84205674339148,-443.4080989074608,238.47658577290184,0.018504102078441324,0.33945976079390294,0.06666912447811073,0.9380724368881856
1757619197915.939,190584,LeftRS,LeftRS,-215.23475679245158,-481.00455313187246,250.703977601114,-0.009921183070472257,-0.5644188218558904,0.8253969405916328,-0.007270084130437746
1757619197923.937,190585,April7,April7,1192.627418399198,1529.5895644003192,1642.8191442646262,-0.6845055664506327,0.1829651429650688,-0.18427511212345454,0.6811890846231747
1757619197923.937,190585,UWB2,UWB2,-1223.085821466681,2021.8236514146402,1719.581990440396,0.5009807951590141,0.5007231784902135,-0.49526967941573913,0.5029935248648144
1757619197923.937,190585,UWB3,UWB3,1879.2636274226397,-1460.3013837652238,1388.358782782274,-0.7061915197535326,-0.00020827791494586585,0.7080186242998838,-0.0017668313463511847
1757619197923.937,190585,UWB4,UWB4,-749.3913147274641,-1868.4587370191427,1445.0342503633929,-0.13708644088830868,0.5954337293842042,0.09821505769588337,0.7855060687722208
1757619197923.937,190585,UWB1,UWB1,-168.84679526227734,-443.41613272429015,238.46904454075454,0.018583279932988337,0.3394169327411705,0.06666696488616862,0.9380865222719994
1757619197923.937,190585,LeftRS,LeftRS,-215.231809229006,-480.9753633597948,250.7188156766856,-0.010939284860881554,-0.5647665061420268,0.8251497086174839,-0.006861774941072589
1757619197950.9497,190586,April7,April7,1192.4412147187554,1529.7633790498194,1642.954095390316,-0.6843116243348575,0.18278398953230993,-0.18382711762490497,0.6815535230607797
1757619197950.9497,190586,UWB2,UWB2,-1223.013075259184,2021.8788614363475,1719.575747059992,0.500920319534366,0.49952578771990835,-0.49672447949917103,0.5028097178323738
1757619197950.9497,190586,UWB3,UWB3,1879.2745125976237,-1460.3029380547482,1388.3566963874307,-0.7061025560297992,-4.827628925957622e-05,0.7081075903600254,-0.0016788424889752202
1757619197950.9497,190586,UWB4,UWB4,-749.3114431109152,-1868.4856278490981,1445.2965231379628,-0.1421067541332802,0.5988890183029374,0.09596811966988006,0.7822580994741282
1757619197950.9497,190586,UWB1,UWB1,-168.85656270974178,-443.42380077567407,238.4354156350057,0.018682451556880753,0.33909735154364146,0.06682130421061354,0.9381891416358993
1757619197950.9497,190586,LeftRS,LeftRS,-215.19284678120792,-481.0130309290022,250.7449092808746,-0.010102546797557548,-0.5626890947985547,0.826566751007638,-0.00814415567533106
1757619197953.944,190587,April7,April7,1192.39999085579,1529.7222198280606,1642.9560919492653,-0.6843586118817546,0.18290770364146777,-0.18377849779610267,0.6814862625465689
1757619197953.944,190587,UWB2,UWB2,-1223.0573849618725,2021.802435799041,1719.5896567590837,0.500965666372826,0.500791420791475,-0.49543151157956233,0.5027812360373806
1757619197953.944,190587,UWB3,UWB3,1879.2803153749746,-1460.2918879429412,1388.341063006763,-0.706052121894222,-0.00016804664055671074,0.7081579569607481,-0.0016373521834284136
1757619197953.944,190587,UWB4,UWB4,-749.4320516911514,-1868.4716896026014,1445.0514895666931,-0.1368562083172379,0.5951049277270645,0.09774317685558907,0.7858541687986208
1757619197953.944,190587,UWB1,UWB1,-168.8506620683193,-443.4206198912421,238.46348830639394,0.018745981522264973,0.33930461637585463,0.06663139495921463,0.9381264428042684
1757619197953.944,190587,LeftRS,LeftRS,-215.21483953957863,-481.0255146268255,250.74447879476202,-0.009923874553956906,-0.5631555543450312,0.8262525225319509,-0.008006705550101032
1757619197958.9792,190588,April7,April7,1192.3720969220367,1529.7380623450786,1642.9459275716831,-0.6843628745763728,0.1828946586733278,-0.18382857700538074,0.6814719759509614
1757619197958.9792,190588,UWB2,UWB2,-1223.0673919301478,2021.8122307417534,1719.5978055408584,0.5006429232878437,0.5009421416014823,-0.4950277446884,0.5033499439934795
1757619197958.9792,190588,UWB3,UWB3,1879.2782851673423,-1460.2926825788807,1388.3466626299853,-0.7060883818265475,-7.570108560562084e-05,0.7081216390899947,-0.0017133509310111696
1757619197958.9792,190588,UWB4,UWB4,-749.3986750283825,-1868.456231600261,1445.0724224589412,-0.13745470230967033,0.5953486208576045,0.09807797908057762,0.7855233506875388
1757619197958.9792,190588,UWB1,UWB1,-168.84972436103288,-443.41755724043185,238.46602083575243,0.018717883645135294,0.33930069891127845,0.06663045109461464,0.9381284877547922
1757619197958.9792,190588,LeftRS,LeftRS,-215.21748379341162,-481.0075532577266,250.70393232624446,-0.010301221024657005,-0.5648802066151551,0.8250759668717288,-0.007340702316719727
1757619197965.9814,190589,April7,April7,1192.5998019715455,1529.5835950030314,1642.8363005242745,-0.6845083601320872,0.18303763757120434,-0.1842667378101865,0.6811690667363173
1757619197965.9814,190589,UWB2,UWB2,-1223.0640714361234,2021.8043552105835,1719.56363922401,0.5007265525642054,0.500803290909773,-0.49536782175922967,0.5030702779300559
1757619197965.9814,190589,UWB3,UWB3,1879.2856806587806,-1460.286915166524,1388.3629876552043,-0.7059515029040673,-0.00014829711917527886,0.7082587377349053,-0.0014191467900868634
1757619197965.9814,190589,UWB4,UWB4,-749.3456272124976,-1868.4558403202093,1445.0715960549355,-0.1374086505554299,0.5957830483574601,0.0978250342201012,0.785233522413724
1757619197965.9814,190589,UWB1,UWB1,-168.85524905420525,-443.4161897323945,238.4521479242019,0.018853837625372544,0.3393195247061228,0.0664560970967545,0.9381313234929711
1757619197965.9814,190589,LeftRS,LeftRS,-215.18485856095026,-481.41522054945534,250.66434973266513,-0.006729216419308371,-0.5512722139967432,0.8342729529316825,-0.0065041316224210746
1757619197975.9355,190590,April7,April7,1192.5817314007109,1529.5935477303403,1642.8353227230657,-0.6845333527031366,0.18300287187959915,-0.18432133007023505,0.6811385213023571
1757619197975.9355,190590,UWB2,UWB2,-1223.0464814002921,2021.8841887780989,1719.5662997334348,0.5008804892888834,0.5000918634601815,-0.49668544713072366,0.5023250244206484
1757619197975.9355,190590,UWB3,UWB3,1879.2573145505391,-1460.3121452082737,1388.3614526021627,-0.7061357555338592,-0.0005123927549950228,0.7080739972696756,-0.0018018326320985059
1757619197975.9355,190590,UWB4,UWB4,-749.3873824183585,-1868.427889561571,1445.059588496958,-0.13762219705774664,0.5955118188016355,0.09794517050958437,0.7853868779897047
1757619197975.9355,190590,UWB1,UWB1,-168.86093760292098,-443.407074729168,238.46064608455086,0.018709307022203994,0.33927990534653985,0.06653097718040642,0.9381432389215477
1757619197975.9355,190590,LeftRS,LeftRS,-215.23619061742428,-481.0146188648229,250.73398274168602,-0.010002109913284197,-0.5640937602058563,0.825616037265171,-0.00750643088667381
1757619197984.9875,190591,April7,April7,1192.3675535127475,1529.7383789724083,1642.9557254508738,-0.6843702756470614,0.1829264893607074,-0.1838238052365274,0.6814572869441602
1757619197984.9875,190591,UWB2,UWB2,-1223.0561104658893,2021.809811039252,1719.5784672468753,0.5007508986012926,0.5005901038557996,-0.49570112451101433,0.5029298963376045
1757619197984.9875,190591,UWB3,UWB3,1879.2822808916724,-1460.2904277912521,1388.3588432475444,-0.7059322404869417,-8.68938059901554e-05,0.7082776147357045,-0.0015763105196225419
1757619197984.9875,190591,UWB4,UWB4,-749.3778125042925,-1868.4593242893018,1445.2987137215405,-0.1419182781365926,0.5985722577560648,0.09508516644623233,0.7826424890698462
1757619197984.9875,190591,UWB1,UWB1,-168.8654557840578,-443.4174672714707,238.45920694302143,0.018748772619016116,0.33931061156904785,0.06655390653911121,0.9381297191360599
1757619197984.9875,190591,LeftRS,LeftRS,-215.2241600771972,-481.0215540524237,250.71699531817072,-0.009940893610588196,-0.5637161804437673,0.8258729577722417,-0.007687923038263226
1757619197995.9387,190592,April7,April7,1192.3771405257523,1529.765614857912,1642.9271447184187,-0.6842945439408182,0.18289833690149782,-0.18390242231236106,0.681519680243454
1757619197995.9387,190592,UWB2,UWB2,-1223.0908052668708,2021.8303615790096,1719.5778392728243,0.500507598548857,0.5006781239820123,-0.4956917805386033,0.5030936480091736
1757619197995.9387,190592,UWB3,UWB3,1879.2679659604541,-1460.2990820672028,1388.365409658989,-0.7061525135352333,-0.000271997642548758,0.7080578304597995,-0.0016316769644332616
1757619197995.9387,190592,UWB4,UWB4,-749.3974032404508,-1868.4490344507876,1445.0758123970668,-0.13739738800072085,0.5956596072944907,0.09780168455526415,0.7853320447470008
1757619197995.9387,190592,UWB1,UWB1,-168.85761329346477,-443.42343194901787,238.46620148422738,0.018711779903957778,0.33922159048213646,0.06675150543925633,0.938148612089358
1757619197995.9387,190592,LeftRS,LeftRS,-215.20544527064004,-481.03665403841444,250.74201705132012,-0.009801387316088058,-0.5633097622840304,0.826148852119886,-0.008007413014442744
1757619198005.943,190593,April7,April7,1192.377262082223,1529.766511389025,1642.9417350044348,-0.6842944313738937,0.1829038588209228,-0.1839012255181592,0.681518634280835
1757619198005.943,190593,UWB2,UWB2,-1223.0451385830906,2021.8072326130605,1719.6278972355267,0.5009465914300114,0.5009110345020777,-0.49582073339030885,0.5022971713926009
1757619198005.943,190593,UWB3,UWB3,1879.2650612451296,-1460.3070520663052,1388.3809918520144,-0.706105822591703,-0.0003639684710244399,0.7081047433083762,-0.001451665672747088
1757619198005.943,190593,UWB4,UWB4,-749.3941988390528,-1868.4581217918915,1445.0586484099717,-0.1370542270202611,0.595300529998456,0.09835423512308955,0.7855952280104482
1757619198005.943,190593,UWB1,UWB1,-168.85791477718496,-443.43283071058715,238.46061197673737,0.01907748631648512,0.33916515931517094,0.06663274623453587,0.9381700919086065
1757619198005.943,190593,LeftRS,LeftRS,-215.16149938988355,-481.397473007954,250.65297325616143,-0.007441884772505306,-0.5522004144224165,0.8336550242009244,-0.006214602746800391
1757619198016.9775,190594,April7,April7,1192.3727189856336,1529.7668283781659,1642.9515324583087,-0.6843018311427441,0.1829356863644026,-0.1838964494869715,0.6815039504031932
1757619198016.9775,190594,UWB2,UWB2,-1223.0569252472426,2021.7433585312622,1719.632420532712,0.5005283516781599,0.5012041263847017,-0.4944410183862068,0.5037795869212082
1757619198016.9775,190594,UWB3,UWB3,1879.2724314930501,-1460.2996416060116,1388.3642519673617,-0.7058856336250752,-0.00040833660007328205,0.7083237785780374,-0.0016523328595551244
1757619198016.9775,190594,UWB4,UWB4,-749.3942536022112,-1868.448455297049,1445.0664011667752,-0.13742901618322725,0.5957645574478093,0.09771019223916969,0.7852582861278898
1757619198016.9775,190594,UWB1,UWB1,-168.86108886230252,-443.4021891123207,238.47175494209753,0.018601325755254073,0.3392401581855344,0.06665756025505358,0.9381507743509273
1757619198016.9775,190594,LeftRS,LeftRS,-215.22295333372563,-481.00767477600726,250.71312612125195,-0.010160977967175928,-0.5643235907558805,0.8254575789207975,-0.007444786454670902
1757619198026.98,190595,April7,April7,1192.594732293242,1529.6219033079328,1642.8100990424057,-0.6844642115407537,0.18298956110542786,-0.18439954487518415,0.6811904076659935
1757619198026.98,190595,UWB2,UWB2,-1223.029440316113,2021.9007897428799,1719.596537123654,0.5012050684879188,0.49983280525856993,-0.49711226634303574,0.5018366674134722
1757619198026.98,190595,UWB3,UWB3,1879.278527182184,-1460.2938824680814,1388.335918052324,-0.7060640011052906,-0.00018579084440880023,0.7081456880678392,-0.0018100541088622152
1757619198026.98,190595,UWB4,UWB4,-749.3940749146501,-1868.4415629653386,1445.0689476360674,-0.13716074193022787,0.5953535379567826,0.09820210496916579,0.7855554991820223
1757619198026.98,190595,UWB1,UWB1,-168.8511392598399,-443.4065693701499,238.47975346415973,0.018386458742377355,0.3392942658512479,0.0668097429387141,0.9381246172784513
1757619198026.98,190595,LeftRS,LeftRS,-216.29843401836206,-479.57866856509315,249.9561755945322,0.0008353547804464971,-0.6011341554982949,0.7991424550061663,-0.002892383525752505
1757619198049.9321,190596,April7,April7,1192.4056412915895,1529.7563686337667,1642.9308651631832,-0.6842818735566473,0.18285716080493666,-0.18390595017524528,0.6815424988614448
1757619198049.9321,190596,UWB2,UWB2,-1223.0238087352213,2021.882792358148,1719.5757627254782,0.5007750717042186,0.5005886343052646,-0.4962033709817349,0.5024117448770359
1757619198049.9321,190596,UWB3,UWB3,1879.2703758350754,-1460.304490895306,1388.3594930291665,-0.7061528563885938,-0.0003125331566546135,0.708057492823962,-0.001622526764362652
1757619198049.9321,190596,UWB4,UWB4,-749.3664219486989,-1868.4583823955427,1445.069258598058,-0.13789729842293919,0.595643993531643,0.09828979552383885,0.7851953159266891
1757619198049.9321,190596,UWB1,UWB1,-168.84864348192067,-443.4045476370619,238.46601345569078,0.01860766085444281,0.3392913899336751,0.06656119058112589,0.9381389638975796
1757619198049.9321,190596,LeftRS,LeftRS,-216.28366727787937,-479.5725054786176,249.95580329674488,0.0006158911292539737,-0.6016418838031155,0.7987597731726734,-0.0030804371596706193
1757619198053.9736,190597,April7,April7,1192.407199952557,1529.7543345011327,1642.9218666057457,-0.6842935233182388,0.18287640200227184,-0.1839148565570823,0.6815232359010238
1757619198053.9736,190597,UWB2,UWB2,-1223.0693719026535,2021.9040101295968,1719.5844806392447,0.5011271510684359,0.5000969641576404,-0.49654333685664276,0.5022144158878911
1757619198053.9736,190597,UWB3,UWB3,1879.283413751172,-1460.288291540419,1388.3399973452417,-0.7060377142906772,-7.096221817247012e-05,0.7081721513409008,-0.0017161086096023092
1757619198053.9736,190597,UWB4,UWB4,-749.4327916797804,-1868.47646332945,1445.0694148775635,-0.13706688979646528,0.5954643462207304,0.09733979761373521,0.7855952163181487
1757619198053.9736,190597,UWB1,UWB1,-168.8620558171057,-443.42350238322757,238.46057705993434,0.018970166509686845,0.3391968381449089,0.06664334870605687,0.9381600619554928
1757619198053.9736,190597,LeftRS,LeftRS,-215.19140505276266,-481.43146274855883,250.6691902902136,-0.0070296714844395956,-0.5513369809430909,0.8342268960844904,-0.006603257727488587
1757619198057.9343,190598,April7,April7,1192.6004433890644,1529.6167068163256,1642.8192819495116,-0.6844636035043772,0.18303064526843107,-0.1843821171160761,0.6811846983441556
1757619198057.9343,190598,UWB2,UWB2,-1223.0410003927186,2021.8823327026441,1719.592137308646,0.5011072866752485,0.5001722536715534,-0.496695981610215,0.5020082725915528
1757619198057.9343,190598,UWB3,UWB3,1879.2786468188904,-1460.289231646218,1388.3462328569121,-0.7060526535057462,-0.00010438369763694335,0.7081575623746723,-0.0015831718480724516
1757619198057.9343,190598,UWB4,UWB4,-749.3958537700602,-1868.419660165069,1445.0800877805666,-0.1375032378361803,0.5955882043458542,0.0979595693737344,0.7853479949657735
1757619198057.9343,190598,UWB1,UWB1,-168.86207216357556,-443.43524045463363,238.44805462001557,0.018974771623872524,0.33920811645037346,0.06663182487394136,0.9381567095586857
1757619198057.9343,190598,LeftRS,LeftRS,-215.22161199300464,-481.0504451875619,250.72133823784048,-0.010244241800273066,-0.5628652822847938,0.8264435888814042,-0.008289988252172939
1757619198065.9683,190599,April7,April7,1192.4168548288221,1529.7378861827035,1642.96579402796,-0.6843043829293359,0.1829027093519074,-0.18384997796882122,0.6815227773275787
1757619198065.9683,190599,UWB2,UWB2,-1223.096640967931,2021.7740612850832,1719.5919977196636,0.5002288637586443,0.5017014731407473,-0.4943709770891961,0.5036507249304953
1757619198065.9683,190599,UWB3,UWB3,1879.2452480436607,-1460.3188513043397,1388.371849415704,-0.7062078549508347,-0.0005946688618724044,0.7080024292901812,-0.0016346540574230237
1757619198065.9683,190599,UWB4,UWB4,-749.3828685457423,-1868.436678483481,1445.3187458456962,-0.14188208315147807,0.5984943951739746,0.09477063713286873,0.7827467404999944
1757619198065.9683,190599,UWB1,UWB1,-168.8547172991794,-443.43863207975915,238.45442572452808,0.0188889944166569,0.33926024577226516,0.06665216202530502,0.9381381459176587
1757619198065.9683,190599,LeftRS,LeftRS,-215.20038241357466,-481.0232909349327,250.7169125649724,-0.010276301238931881,-0.5638847224505923,0.8257505803749737,-0.00802473862873201
1757619198075.9363,190600,April7,April7,1192.614451353214,1529.6179116945668,1642.825293300942,-0.6844594167424124,0.18305549773297253,-0.18430647034082442,0.681202698594829
1757619198075.9363,190600,UWB2,UWB2,-1223.0404465374006,2021.8429906592298,1719.620200294904,0.5009430842133996,0.5007563845561805,-0.495907133438404,0.5023695698486268
1757619198075.9363,190600,UWB3,UWB3,1879.2810463740293,-1460.2925528344276,1388.374068741041,-0.7058746607698163,-0.0001993505912546526,0.7083351474284859,-0.001497484525379757
1757619198075.9363,190600,UWB4,UWB4,-749.4178062329123,-1868.445410060439,1445.2728125546053,-0.14107396262682836,0.5982719334489243,0.09437094609326,0.7831110746564075
1757619198075.9363,190600,UWB1,UWB1,-168.8600672515596,-443.408448830491,238.46484655712882,0.01882450479029865,0.3392786401133128,0.06646186457833839,0.9381462907985256
1757619198075.9363,190600,LeftRS,LeftRS,-215.1653169174809,-481.4210700706022,250.65639901269583,-0.006800501550533611,-0.5514017469913761,0.8341844587271507,-0.006793777418370725
1757619198083.9749,190601,April7,April7,1192.3728481236526,1529.738428385524,1642.9467665783543,-0.6843888659776521,0.18289268879086085,-0.18382000252105274,0.6814487150078375
1757619198083.9749,190601,UWB2,UWB2,-1223.0430600824343,2021.8381029409609,1719.6073635609496,0.5011412520249642,0.5002885330293009,-0.4962185652070049,0.5023305333962319
1757619198083.9749,190601,UWB3,UWB3,1879.27330928322,-1460.2995928307935,1388.3641501172522,-0.7059938450554202,-0.00023505724882831757,0.7082159399067527,-0.001678676248703889
1757619198083.9749,190601,UWB4,UWB4,-749.3862025017612,-1868.4654839593202,1445.2902521721253,-0.14157242563654338,0.5984185348648384,0.09495066969957347,0.7828389845640086
1757619198083.9749,190601,UWB1,UWB1,-168.86237017325854,-443.42999760594876,238.45580614197544,0.018682432866979456,0.33928182959928543,0.06665664937204335,0.9381341577303455
1757619198083.9749,190601,LeftRS,LeftRS,-215.19757766718544,-481.4266448933547,250.67026241518096,-0.0065659696675060344,-0.5502620092366697,0.8349395785250702,-0.006671539966664106
1757619198095.9368,190602,April7,April7,1192.5953854601853,1529.5928645695371,1642.8326193387704,-0.6845282787932333,0.18303413102574737,-0.18428754004128386,0.6811443642852484
1757619198095.9368,190602,UWB2,UWB2,-1223.0450985362615,2021.8649559142261,1719.5786745828425,0.5010162593384272,0.5004331858366857,-0.49626706583973007,0.502263211627828
1757619198095.9368,190602,UWB3,UWB3,1879.2719366533133,-1460.3096891698744,1388.3810551905988,-0.7058960366013103,-0.00034210888842586216,0.7083134015276651,-0.0016714330315586343
1757619198095.9368,190602,UWB4,UWB4,-749.4220114377933,-1868.4557895268624,1445.2869394165223,-0.14110596333970082,0.5982579381925438,0.09441177047582196,0.7831110803041944
1757619198095.9368,190602,UWB1,UWB1,-168.8698441225281,-443.4233465431105,238.45598424842862,0.018978435120773678,0.3391210233145318,0.066512809104624,0.9381965661690962
1757619198095.9368,190602,LeftRS,LeftRS,-215.2186969609977,-481.0182778684863,250.70629017426094,-0.010186366158542274,-0.5638390168236718,0.8257851563653045,-0.007789517220545745
1757619198105.9363,190603,April7,April7,1192.6110844232885,1529.612045523352,1642.8182466432622,-0.6844547772400872,0.18300798849399874,-0.18434172951973685,0.6812105847814427
1757619198105.9363,190603,UWB2,UWB2,-1223.0456756663493,2021.7289665343953,1719.6139437866868,0.5001386914340765,0.502329428492972,-0.49403455757529785,0.5034444264483555
1757619198105.9363,190603,UWB3,UWB3,1879.2869734914939,-1460.2955892498767,1388.371979368154,-0.705957088586631,-0.0001797967574761682,0.7082529632585673,-0.001515514061970092
1757619198105.9363,190603,UWB4,UWB4,-749.3556448300345,-1868.4552653658247,1445.282165584278,-0.14194308276361928,0.5987257224902126,0.09512322951760312,0.7825159689682216
1757619198105.9363,190603,UWB1,UWB1,-168.85618191853163,-443.4372697963879,238.460383599969,0.018817985908850535,0.339323074842662,0.06663987152825061,0.938117722787686
1757619198105.9363,190603,LeftRS,LeftRS,-215.17550495900633,-481.4009332791213,250.65159934906723,-0.007152875832492222,-0.5521595811787462,0.833683878754874,-0.0063105930042195125
1757619198116.9753,190604,April7,April7,1192.5929667501573,1529.6164133730133,1642.8398028700342,-0.6844650043256714,0.18305452196611527,-0.18437754086128816,0.6811781134675128
1757619198116.9753,190604,UWB2,UWB2,-1223.0759588547007,2021.866217864558,1719.6145872754912,0.5005188657979763,0.5005903769277142,-0.49575256627783587,0.5031098612993155
1757619198116.9753,190604,UWB3,UWB3,1879.262952882983,-1460.3083826283466,1388.3678858517421,-0.7059448739990702,-0.0006771763991730517,0.7082644725167406,-0.0016772826668543283
1757619198116.9753,190604,UWB4,UWB4,-749.4059104943617,-1868.4757562922416,1445.0531488813222,-0.1364020375551293,0.5954157409821709,0.09691595879868885,0.7858001504654936
1757619198116.9753,190604,UWB1,UWB1,-168.84735950513675,-443.4175584224167,238.47191651696477,0.018361753025849494,0.339230544100397,0.06684752446857975,0.9381454537797372
1757619198116.9753,190604,LeftRS,LeftRS,-215.21641527256168,-481.0016287821783,250.72592182072938,-0.010373687656259623,-0.5638815381214144,0.8257552500076641,-0.007633128783037934
1757619198125.9666,190605,April7,April7,1192.3838351149038,1529.7643667603256,1642.9513765376696,-0.684284512039288,0.18290932594824785,-0.18391704659835129,0.681522857309167
1757619198125.9666,190605,UWB2,UWB2,-1223.0530311177276,2021.8483970401526,1719.6155218522906,0.5008230432485945,0.5004318656675566,-0.49582462381330206,0.5028937955434553
1757619198125.9666,190605,UWB3,UWB3,1879.2638287833727,-1460.3076930928526,1388.381406804971,-0.7058962289636413,-0.0005184467574018618,0.7083134747468406,-0.0015055364250461702
1757619198125.9666,190605,UWB4,UWB4,-749.4006843310327,-1868.4963082304164,1445.04792458559,-0.13646455914450617,0.5953911399516768,0.09732988706055985,0.7857567738488274
1757619198125.9666,190605,UWB1,UWB1,-168.86713125918226,-443.425427872258,238.45271063362574,0.01883595222063491,0.33907716331494886,0.06670515960469767,0.938201633927559
1757619198125.9666,190605,LeftRS,LeftRS,-215.22129417922943,-481.0062385768843,250.71120450592684,-0.00978175215094564,-0.5634457972553679,0.8260548237677876,-0.008159596196494581
1757619198151.959,190606,April7,April7,1192.4133152892384,1529.7570833109094,1642.9468836540561,-0.684278585553834,0.18290439661269417,-0.1838724651629417,0.6815421598163194
1757619198151.959,190606,UWB2,UWB2,-1223.0955574818545,2021.75481880538,1719.6323775701849,0.5001627864034831,0.5019326173259829,-0.4940218161398297,0.5038286215959713
1757619198151.959,190606,UWB3,UWB3,1879.2707284513567,-1460.3014572829895,1388.375104183467,-0.7059680719616306,-0.0004268321697906951,0.708241687599225,-0.0016158996498998647
1757619198151.959,190606,UWB4,UWB4,-749.3973186899658,-1868.4564728666658,1445.054890226662,-0.1371755915032902,0.5953283365640238,0.09800885750724557,0.7855961383750301
1757619198151.959,190606,UWB1,UWB1,-168.8555470018997,-443.4184900745786,238.46396591950733,0.018932539934762464,0.3392488667040108,0.06667920301366742,0.9381394615179158
1757619198151.959,190606,LeftRS,LeftRS,-215.23032520196057,-480.99467130428224,250.7122156866262,-0.010049071036490193,-0.5640551592944354,0.8256433030010201,-0.007343681242991142
1757619198156.959,190607,April7,April7,1192.375456032728,1529.7645416473404,1642.942573931782,-0.6843128705147249,0.18291182698828679,-0.183905750520941,0.6814967598756679
1757619198156.959,190607,UWB2,UWB2,-1223.0854303860121,2021.805887332706,1719.5941000164069,0.5011170260193814,0.5011333134078562,-0.4948251236369231,0.5028868913026646
1757619198156.959,190607,UWB3,UWB3,1879.2737500641042,-1460.299199363669,1388.3715584179354,-0.7060366953684065,-0.0004289772579445344,0.708173367695194,-0.0015754551785468393
1757619198156.959,190607,UWB4,UWB4,-749.4310077770747,-1868.4558974408167,1445.288800794748,-0.14065723500029675,0.5982019467191196,0.09432259045583853,0.7832453141342292
1757619198156.959,190607,UWB1,UWB1,-168.84281540031606,-443.4177407328572,238.48135427953818,0.018670848048441845,0.33933500718882903,0.06689908607719477,0.938097897136192
1757619198156.959,190607,LeftRS,LeftRS,-215.21605417127918,-481.0163418137216,250.70696288296426,-0.009746950538948047,-0.5640034835570816,0.8256803576087967,-0.007550797949742079
1757619198160.958,190608,April7,April7,1192.5889727769,1529.6198533032996,1642.8193823170902,-0.6844628749099674,0.18300261674846582,-0.1843842142601697,0.6811923932817044
1757619198160.958,190608,UWB2,UWB2,-1223.057050480557,2021.784344140843,1719.6017692885816,0.5010988503115675,0.501206899494676,-0.4949803994629763,0.5026788142172213
1757619198160.958,190608,UWB3,UWB3,1879.2892993942803,-1460.2818101069463,1388.3606531401197,-0.7059795775070516,6.763232393918732e-05,0.7082307884516019,-0.0014077848045695612
1757619198160.958,190608,UWB4,UWB4,-749.3585916718969,-1868.4861209391654,1445.283438762358,-0.14184307995613393,0.5986766711902295,0.0952932277482689,0.7825509470868081
1757619198160.958,190608,UWB1,UWB1,-168.84616215025576,-443.41543812428563,238.47463442252496,0.018823328308731232,0.3395100401292244,0.06661792691069698,0.9380515267174588
1757619198160.958,190608,LeftRS,LeftRS,-215.21366120211246,-481.01543028944786,250.7125081088945,-0.010016372002803553,-0.5642430181282249,0.8255149501148416,-0.007386198098076869
1757619198166.9292,190609,April7,April7,1192.590327616207,1529.6187681090228,1642.8132846750768,-0.6844818412600109,0.1830461407743309,-0.18439857687441924,0.6811577527853719
1757619198166.9292,190609,UWB2,UWB2,-1223.0307301893117,2021.7565461880433,1719.617242772142,0.5008701888290725,0.5017468938143421,-0.4946352542422279,0.5027077418846015
1757619198166.9292,190609,UWB3,UWB3,1879.2519498658771,-1460.314000818246,1388.3539998271192,-0.7061754577235028,-0.0005421732624899214,0.7080343085750705,-0.001829436464262754
1757619198166.9292,190609,UWB4,UWB4,-749.4141828475518,-1868.4786401063914,1445.2914369813866,-0.14144859998181364,0.5985208258633492,0.09452912489474806,0.78283418366706
1757619198166.9292,190609,UWB1,UWB1,-168.87712045529665,-443.4180433891866,238.45333292823798,0.0189799747504822,0.3390906631480549,0.0665685421279048,0.9382035556974024
1757619198166.9292,190609,LeftRS,LeftRS,-215.21716977520563,-481.0036248062576,250.7092599395233,-0.009926027716552082,-0.5645711166737319,0.8252899268050632,-0.007580561037242252
1757619198176.9639,190610,April7,April7,1192.4042787377014,1529.7454123712478,1642.938387448646,-0.6843025135096052,0.18294610884117612,-0.18383711963329313,0.6815164742757459
1757619198176.9639,190610,UWB2,UWB2,-1223.0752953338379,2021.865817484511,1719.5957059572122,0.500693932310013,0.5000851679467186,-0.49652864601243685,0.502672571995623
1757619198176.9639,190610,UWB3,UWB3,1879.2328144520104,-1460.3280552689887,1388.3359298770847,-0.7063753341854212,-0.0005701810911035451,0.7078343706695273,-0.0020163945130558148
1757619198176.9639,190610,UWB4,UWB4,-749.3868901269756,-1868.4773229606158,1445.2780169773375,-0.1413845414048908,0.5985167732504878,0.09466520082558565,0.7828324107637626
1757619198176.9639,190610,UWB1,UWB1,-168.85477292482037,-443.4226004166837,238.46467528650135,0.018618813535962724,0.33928797661240806,0.06668296581135626,0.938131329174851
1757619198176.9639,190610,LeftRS,LeftRS,-215.20933293635812,-481.0366548715646,250.73157862407353,-0.010053781794201695,-0.5637074212952917,0.8258776371602012,-0.007680695732173204
1757619198186.961,190611,April7,April7,1192.398844859117,1529.7434489459376,1642.950683717212,-0.684313954719153,0.18294461379102897,-0.1838400754933635,0.6815045900829126
1757619198186.961,190611,UWB2,UWB2,-1223.0419725838626,2021.8365678006599,1719.5820509299242,0.5009516369457668,0.4997164689973117,-0.4964543351378486,0.5028558453245346
1757619198186.961,190611,UWB3,UWB3,1879.2800629512935,-1460.2948268345986,1388.3505763729659,-0.7059997823979923,-0.00011308448996486057,0.7082101676793935,-0.001628760697894825
1757619198186.961,190611,UWB4,UWB4,-749.4046419315802,-1868.458244363768,1445.0536889607881,-0.13714306474144256,0.5954300674210689,0.09759322805394027,0.7855764612323091
1757619198186.961,190611,UWB1,UWB1,-168.85895042151756,-443.43726182475103,238.46123816089974,0.018791018239918543,0.339127867913298,0.06675607056633473,0.9381805870303598
1757619198186.961,190611,LeftRS,LeftRS,-215.22759225400966,-481.0052838580289,250.7171709461229,-0.01019606960418907,-0.5646862665507577,0.8252107106312838,-0.007262478434031868
1757619198196.931,190612,April7,April7,1192.6105330688174,1529.6157418795501,1642.827513840103,-0.6844523924645504,0.18305429588479274,-0.18434723076473492,0.6811990499971718
1757619198196.931,190612,UWB2,UWB2,-1223.0306487189764,2021.901254241527,1719.596358672005,0.5011960611518675,0.4999195141297378,-0.49706598924579953,0.5018051315134542
1757619198196.931,190612,UWB3,UWB3,1879.2876189090491,-1460.2960608339722,1388.3761737115183,-0.7060220820648444,-0.00012323097286277948,0.7081886626125592,-0.0012738123819264952
1757619198196.931,190612,UWB4,UWB4,-749.4026921429472,-1868.473311653836,1445.0513649086397,-0.13726674119185875,0.595425907714806,0.09780854461280462,0.7855312334880719
1757619198196.931,190612,UWB1,UWB1,-168.86526857369765,-443.4277835580111,238.45460018428005,0.01892604976550112,0.33908900763322325,0.06661367985085978,0.9382020396478132
1757619198196.931,190612,LeftRS,LeftRS,-215.21272355198897,-481.0123539696654,250.72577133227213,-0.010426618171321183,-0.5644227918167602,0.825387118445678,-0.007369017249541806
1757619198206.959,190613,April7,April7,1192.5621681633454,1529.6040417011284,1642.833565470191,-0.6845362524210546,0.18299654339637336,-0.18433067625114108,0.6811347781600308
1757619198206.959,190613,UWB2,UWB2,-1223.0204482715567,2021.9108128670193,1719.6142068678555,0.501764505389845,0.4996280279714115,-0.49710623826748895,0.5014873903418006
1757619198206.959,190613,UWB3,UWB3,1879.2640161344052,-1460.307171193626,1388.3692118234098,-0.7058168006819863,-0.0004076293354791314,0.7083920297706248,-0.0017916112370007598
1757619198206.959,190613,UWB4,UWB4,-749.3731939983284,-1868.4556450821178,1445.0407150531273,-0.13736409943528904,0.5955882463199292,0.0980351808301265,0.7853628768610648
1757619198206.959,190613,UWB1,UWB1,-168.85807733519468,-443.4017177702936,238.4749393804659,0.018469127029638578,0.3392333441661207,0.06665223561403313,0.9381562284823807
1757619198206.959,190613,LeftRS,LeftRS,-215.2198506880902,-480.9995470402551,250.70784424895993,-0.010514410413492171,-0.5648173670081282,0.8251164628788199,-0.007322006965800557
1757619198215.9592,190614,April7,April7,1192.3789393339787,1529.7449633076426,1642.9410525060073,-0.6843736952581565,0.18292071268912816,-0.18376592022866728,0.6814710152827549
1757619198215.9592,190614,UWB2,UWB2,-1223.0780226140641,2021.8218073528787,1719.6298136947169,0.500549362946629,0.5007090634241237,-0.4952713907658121,0.5034352178260468
1757619198215.9592,190614,UWB3,UWB3,1879.2757249120475,-1460.298276030129,1388.36150079237,-0.7060567883874185,-0.00030799774463926834,0.7081531330284575,-0.0016902341296934017
1757619198215.9592,190614,UWB4,UWB4,-749.3916373640275,-1868.4550680729549,1445.0522120441235,-0.13702050047970457,0.5953269927434531,0.09842628529620565,0.7855720339485857
1757619198215.9592,190614,UWB1,UWB1,-168.85712486528874,-443.4326666399849,238.45064556247786,0.019129304460609245,0.3390771590280731,0.06674490029798587,0.9381928736781772
1757619198215.9592,190614,LeftRS,LeftRS,-215.16823174789877,-481.3809903285918,250.66391606459666,-0.0069372783134762075,-0.5522191456211618,0.8336472744397243,-0.0061734267837816525
1757619198225.9583,190615,April7,April7,1192.3881295522415,1529.7614024289446,1642.9419565524763,-0.6843124922481049,0.1829115025749949,-0.183879804151588,0.6815042280163189
1757619198225.9583,190615,UWB2,UWB2,-1223.0537048160527,2021.9398453974493,1719.6023273938354,0.5013161817802904,0.4994964857128441,-0.4973879298434646,0.5017873990962531
1757619198225.9583,190615,UWB3,UWB3,1879.2637867676767,-1460.3033264850683,1388.3569530841444,-0.7061960719708206,-0.00020641122202599585,0.7080141272908876,-0.0017495382002079545
1757619198225.9583,190615,UWB4,UWB4,-749.3865459156185,-1868.425390622135,1445.0829799534552,-0.13743375938858168,0.5954071579497081,0.09794372155758073,0.7854993987585376
1757619198225.9583,190615,UWB1,UWB1,-168.84250676763637,-443.4154244049818,238.45440922631835,0.01905269208685018,0.33909903615429093,0.06648615071506397,0.9382048978589743
1757619198225.9583,190615,LeftRS,LeftRS,-215.15776630374003,-481.42158634771,250.68996272247006,-0.0068242527287277035,-0.5507195941402756,0.8346324504019657,-0.007073255309618064
1757619198236.9636,190616,April7,April7,1192.6010943159326,1529.61700596258,1642.8189394256538,-0.6844623510045882,0.18300255753353392,-0.18435709283956092,0.6812002762133931
1757619198236.9636,190616,UWB2,UWB2,0.0,0.0,0.0,0.0,0.0,0.0,0.0
1757619198236.9636,190616,UWB3,UWB3,1879.2860068018265,-1460.2908012465602,1388.3542217613617,-0.7059983195178019,-0.00011309550847444298,0.7082118594479172,-0.0015238716381140408
1757619198236.9636,190616,UWB4,UWB4,-1223.4215196106568,2028.1423572299493,1716.2640985748938,0.45452890970832893,0.47819701206482795,-0.4645394506743329,0.5907065148267943
1757619198236.9636,190616,UWB1,UWB1,-168.8503752439189,-443.3986171744756,238.46782994648007,0.018632702690772513,0.339136358061347,0.06659151495217297,0.9381923700221068
1757619198236.9636,190616,LeftRS,LeftRS,-215.16129220945106,-481.41359528736825,250.65092885093122,-0.0063582131407099104,-0.5511313850880798,0.8343692008853126,-0.006465764499039306
1757619198245.964,190617,April7,April7,1192.6324749250346,1529.6134059314318,1642.8058077903138,-0.6844409026627076,0.1829616453698585,-0.18436966756677473,0.6812294127290226
1757619198245.964,190617,UWB2,UWB2,0.0,0.0,0.0,0.0,0.0,0.0,0.0
1757619198245.964,190617,UWB3,UWB3,1879.2744908178654,-1460.2984993420584,1388.345172095577,-0.706134214673094,-0.00015554175310656713,0.7080759073946041,-0.0017193144227204986
1757619198245.964,190617,UWB4,UWB4,-1223.5865954115209,2027.5814421825348,1715.914333911592,0.4370001580265469,0.46746110607066466,-0.4756710870927145,0.6035296124466464
1757619198245.964,190617,UWB1,UWB1,-168.85450102185925,-443.428755510919,238.46937346733256,0.019047864744972363,0.33925747109265886,0.0666703252488536,0.9381346464594957
1757619198245.964,190617,LeftRS,LeftRS,-215.18129796238424,-481.3991708491716,250.65875095943744,-0.006787916394355993,-0.551967896388809,0.833813897659928,-0.006304729676634878
1757619198255.9617,190618,April7,April7,1192.4034271776352,1529.7551737827614,1642.932023781756,-0.6843082382897454,0.1828686324036425,-0.18391159816895705,0.6815114249596602
1757619198255.9617,190618,UWB2,UWB2,0.0,0.0,0.0,0.0,0.0,0.0,0.0
1757619198255.9617,190618,UWB3,UWB3,1879.2938196010284,-1460.2846066115403,1388.3651123196973,-0.7058053212839166,-2.7985186729100627e-05,0.7084045457206821,-0.0013591417919542241
1757619198255.9617,190618,UWB4,UWB4,-749.3453758166582,-1868.4378595044689,1445.28855455775,-0.14189448656629627,0.5987376911368723,0.09517279103983971,0.7825095984969523
1757619198255.9617,190618,UWB1,UWB1,-168.8530732826712,-443.4238372793401,238.4588784571865,0.018830733571039614,0.33936493137758394,0.06667878932033931,0.9380995607498376
1757619198255.9617,190618,LeftRS,LeftRS,-215.2059383540296,-481.0090240557183,250.70909570726252,-0.010193327102593004,-0.5635488230471137,0.8259850011892595,-0.007589330350666854
1757619198266.9304,190619,April7,April7,1192.4198736048845,1529.7511952114498,1642.9212492387305,-0.6842931440660154,0.1828760790433082,-0.1838889136192285,0.6815307037441036
1757619198266.9304,190619,UWB2,UWB2,0.0,0.0,0.0,0.0,0.0,0.0,0.0
1757619198266.9304,190619,UWB3,UWB3,1879.2665779849685,-1460.3031578166585,1388.3416878060132,-0.7061009925653706,-0.0004111863078421949,0.7081087583757317,-0.0017904009602132988
1757619198266.9304,190619,UWB4,UWB4,-749.4210973366054,-1868.4569067272955,1445.0519387516438,-0.13710478204239263,0.5955176972108052,0.09753638314113157,0.7855237774972786
1757619198266.9304,190619,UWB1,UWB1,-168.84454274089907,-443.41936525073197,238.4440865261415,0.018654370117513024,0.33940511419335834,0.0665823203964305,0.9380953989576644
1757619198266.9304,190619,LeftRS,LeftRS,-215.20338208269052,-481.0421102947475,250.70870537050257,-0.009688677121269659,-0.5628479806414187,0.8264651611220457,-0.007976068895632571
1757619198276.9287,190620,April7,April7,1192.6165984721008,1529.6134165965952,1642.8090941936582,-0.6844578149204301,0.18299020543594913,-0.1843708007393081,0.6812044422518148
1757619198276.9287,190620,UWB2,UWB2,0.0,0.0,0.0,0.0,0.0,0.0,0.0
1757619198276.9287,190620,UWB3,UWB3,1879.2701774839265,-1460.2990133501496,1388.3592649775458,-0.7060469554579399,-0.000157581166919048,0.7081630512727302,-0.0016627293364977222
1757619198276.9287,190620,UWB4,UWB4,-749.3922442010911,-1868.4419233356023,1445.0725953440235,-0.13771662353382597,0.5954579747245392,0.09802132443139311,0.7854016500467186
1757619198276.9287,190620,UWB1,UWB1,-168.85675896175357,-443.41662631626275,238.45796501678402,0.01875929153817968,0.33933160759479714,0.06659760546806952,0.938118813378154
1757619198276.9287,190620,LeftRS,LeftRS,-215.20994462287894,-481.06911860518545,250.75519134285162,-0.00945457315715303,-0.5616506365879688,0.8272767212753966,-0.008508813229547219
1757619198286.9287,190621,April7,April7,1192.6164791647445,1529.6138727732484,1642.8092529634416,-0.6844555150102386,0.182999106349135,-0.18435849027298332,0.6812076938142679
1757619198286.9287,190621,UWB2,UWB2,0.0,0.0,0.0,0.0,0.0,0.0,0.0
1757619198286.9287,190621,UWB3,UWB3,1879.2733266783619,-1460.3013306404446,1388.3656857440471,-0.7059909702102004,-0.0002258228447634585,0.7082189217006417,-0.0016303161912036574
1757619198286.9287,190621,UWB4,UWB4,-749.3734840301322,-1868.464287707076,1445.0673178598763,-0.1372213502506978,0.595696753667725,0.09812399064905407,0.7852944423362573
1757619198286.9287,190621,UWB1,UWB1,-168.86128079390087,-443.4175601208456,238.47357691399245,0.01864092339148237,0.33920843195863437,0.06665336084107855,0.9381617585213471
1757619198286.9287,190621,LeftRS,LeftRS,-215.20046198124834,-481.02255260480297,250.71803157558867,-0.0097284345987816,-0.5634659408630797,0.8260406617032586,-0.008265365108963184
1757619198296.959,190622,April7,April7,1192.4004733970855,1529.7581071387037,1642.9402205845754,-0.6842866697354884,0.18290878122340568,-0.18386101827358867,0.6815359545417117
1757619198296.959,190622,UWB2,UWB2,0.0,0.0,0.0,0.0,0.0,0.0,0.0
1757619198296.959,190622,UWB3,UWB3,1879.254081907593,-1460.3131641281004,1388.3672669416546,-0.7060614546494872,-0.0005163210608963961,0.7081479606950687,-0.0018497119310202082
1757619198296.959,190622,UWB4,UWB4,-749.3667739187547,-1868.4580114726864,1445.0702943689553,-0.13756317605372015,0.595506574062972,0.09849574211056765,0.7853323383306483
1757619198296.959,190622,UWB1,UWB1,-168.861752696037,-443.4264677804885,238.46408205650062,0.01864294507334041,0.3391100068041682,0.06672529696762115,0.9381921864036452
1757619198296.959,190622,LeftRS,LeftRS,-215.1829491017318,-481.4259028436553,250.65678511504638,-0.007059050907965881,-0.5512610018553287,0.8342770916673987,-0.006573579901764662
1757619198305.9631,190623,April7,April7,1192.590887123987,1529.6246008367584,1642.826218125113,-0.6844663656997526,0.18299990400509755,-0.1843979938053919,0.6811858844988233
1757619198305.9631,190623,UWB2,UWB2,0.0,0.0,0.0,0.0,0.0,0.0,0.0
1757619198305.9631,190623,UWB3,UWB3,1879.272945344516,-1460.3026119739106,1388.3818532422372,-0.7059870521669317,-0.000355177208714474,0.708222980332944,-0.0015382295404434202
1757619198305.9631,190623,UWB4,UWB4,-749.3483514813051,-1868.461911828367,1445.2861390296985,-0.14180383217734124,0.5989370256689622,0.09516115458321014,0.7823748891171213
1757619198305.9631,190623,UWB1,UWB1,-168.8599801689763,-443.41383951746235,238.47946848028946,0.018469203376287595,0.33918242584803315,0.06665778409922865,0.9381742430601415
1757619198305.9631,190623,LeftRS,LeftRS,-215.21820182902724,-481.0168754196869,250.72779606358515,-0.01040349729561483,-0.5643161585114075,0.825459211008592,-0.007492092366037041
1757619198315.9602,190624,April7,April7,1192.4002151575983,1529.7326973067597,1642.9498647035762,-0.6843571354371428,0.18279515764553417,-0.1838475079878735,0.6814993289242929
1757619198315.9602,190624,UWB2,UWB2,0.0,0.0,0.0,0.0,0.0,0.0,0.0
1757619198315.9602,190624,UWB3,UWB3,1879.2867692088423,-1460.2905930310562,1388.3630058809517,-0.7059395147473732,-8.436771080490289e-05,0.7082703378836062,-0.0015883559346089701
1757619198315.9602,190624,UWB4,UWB4,-749.411183649287,-1868.464445400389,1445.051762985393,-0.13625020532563864,0.5952094593440636,0.09766360135724822,0.7858901971815155
1757619198315.9602,190624,UWB1,UWB1,-168.84674011852923,-443.41112975052476,238.48068975339388,0.018509889605346785,0.33935301478645175,0.0667247155954164,0.9381069915904342
1757619198315.9602,190624,LeftRS,LeftRS,-215.22137339351144,-481.0075356980321,250.73618502306616,-0.010143151345463517,-0.5638396399952014,0.8257871685634665,-0.0075847931282259735
1757619198326.9297,190625,April7,April7,1192.603619390297,1529.6244198874588,1642.8320168037587,-0.6844580648838885,0.18296583635483057,-0.1843806434649723,0.6812080728072906
1757619198326.9297,190625,UWB2,UWB2,-1222.0732305265742,2025.6598332436504,1718.9213680481428,0.39657190550882,0.5664068316265565,-0.41062683664859817,0.5943901293526287
1757619198326.9297,190625,UWB3,UWB3,1879.2744251469098,-1460.3058081576612,1388.3776281794292,-0.7059825785306519,-0.00044592356562809756,0.7082272418657156,-0.0016043200013444569
1757619198326.9297,190625,UWB4,UWB4,-749.364705039783,-1868.4254177197597,1445.0773900099196,-0.13643443557013493,0.5958314454437995,0.09730824748181326,0.7854308616186594
1757619198326.9297,190625,UWB1,UWB1,-168.8584209973211,-443.41566880082155,238.4692534795488,0.0189766740894132,0.3390581461560774,0.06673741846467962,0.9382033768551351
1757619198326.9297,190625,LeftRS,LeftRS,-215.15936836197025,-481.44068364034325,250.6937374711435,-0.0063111491528994495,-0.5499232321406136,0.8351569540532336,-0.007580913198013132
1757619198335.9287,190626,April7,April7,1192.413735978148,1529.757292454729,1642.9466040832688,-0.6842791470270846,0.1829000307362947,-0.18387104280667377,0.6815431514715223
1757619198335.9287,190626,UWB2,UWB2,-1222.2863148466206,2026.0525428301553,1719.0019820726977,0.41163328384938475,0.554518460205038,-0.4288517240168887,0.5823688828628707
1757619198335.9287,190626,UWB3,UWB3,1879.28153271131,-1460.2954401077518,1388.382434459627,-0.7058138514024141,-0.0004592682144016655,0.7083957932367727,-0.0014129280383215757
1757619198335.9287,190626,UWB4,UWB4,-749.3858739635788,-1868.460246910454,1445.0734299680034,-0.13672816770228424,0.5958158633644413,0.09712348966174249,0.7854144720311609
1757619198335.9287,190626,UWB1,UWB1,-168.85562688180758,-443.4171504703564,238.47205666072514,0.019027114165210354,0.33922080822858464,0.06656113778305862,0.9381560782344879
1757619198335.9287,190626,LeftRS,LeftRS,-215.1982008761508,-481.03072964550756,250.72578233011347,-0.009781730882411247,-0.5626591234871017,0.8265924525674126,-0.007996615300265585
1757619198346.9597,190627,April7,April7,1192.4020136135525,1529.7647394105513,1642.917377012298,-0.6843032398815256,0.18287426960693512,-0.1838531059467851,0.681530713054883
1757619198346.9597,190627,UWB2,UWB2,-1222.2883295664053,2026.0132450811986,1719.0600601237534,0.428719543463844,0.5405566952081761,-0.4480298269756224,0.5685659912956121
1757619198346.9597,190627,UWB3,UWB3,1879.2634756939292,-1460.3075262172526,1388.3641202994593,-0.7059148440859573,-0.0006112071138736771,0.708294181536169,-0.0017921291726287632
1757619198346.9597,190627,UWB4,UWB4,-749.4231882060734,-1868.466063520526,1445.2701738228036,-0.14105075000913897,0.598531787024978,0.094379650693754,0.7829156195768934
1757619198346.9597,190627,UWB1,UWB1,-168.84050530404474,-443.4042563724116,238.4629470450798,0.01842720907268985,0.33934621958865757,0.06672209944055611,0.9381112634772715
1757619198346.9597,190627,LeftRS,LeftRS,-215.13661219160147,-481.3760301733862,250.65286909140207,-0.0072144373654687835,-0.552000773969156,0.8337851001365962,-0.006745681667468086
1757619198355.9604,190628,April7,April7,1192.3827582845431,1529.7584342804569,1642.9438051775478,-0.6843033247604534,0.18294414112817575,-0.18386093164443373,0.6815097642466355
1757619198355.9604,190628,UWB2,UWB2,-1222.616304688472,2026.5029748246793,1719.0739468297004,0.43674866743555724,0.5342092914156283,-0.4566095101028453,0.5615859593527218
1757619198355.9604,190628,UWB3,UWB3,1879.2702985700528,-1460.3015481735242,1388.3569449038775,-0.7059816714211434,-0.0002976279706731959,0.7082279789310993,-0.0017090623658466122
1757619198355.9604,190628,UWB4,UWB4,-749.3969794551481,-1868.4429854352054,1445.0583670578276,-0.13693006198308952,0.5952981764550679,0.0980781737220862,0.7856531748003814
1757619198355.9604,190628,UWB1,UWB1,-168.8475662429961,-443.4312805280965,238.44851709269614,0.018965868766879276,0.3392532925465287,0.06685874413264385,0.9381244094741713
1757619198355.9604,190628,LeftRS,LeftRS,-215.21083505258795,-480.98307243731006,250.6927363986951,-0.009922927656088851,-0.5642969775362209,0.8254767134597775,-0.007658471509543931
1757619198365.9624,190629,April7,April7,1192.3831824669196,1529.7706036644195,1642.9371904329853,-0.684307006037652,0.18290590762911849,-0.1839075188729914,0.6815037600366806
1757619198365.9624,190629,UWB2,UWB2,-1222.475172590936,2026.452372365054,1719.1441397562674,0.44756032871696116,0.5229304242477686,-0.4713431818775788,0.5514246353331833
1757619198365.9624,190629,UWB3,UWB3,1879.2467923442236,-1460.3157434610544,1388.344926630531,-0.7061004705304842,-0.0006375573876430707,0.7081085177633442,-0.0020114940233898634
1757619198365.9624,190629,UWB4,UWB4,-749.3794962177018,-1868.4729357262793,1445.2680196493152,-0.1415938659952084,0.5985450807896348,0.09498807785575374,0.7827338171053619
1757619198365.9624,190629,UWB1,UWB1,-168.86094786051012,-443.4247427599136,238.45383941547854,0.01915755161719713,0.33932056700007085,0.06655268839012118,0.9381179460466751
1757619198365.9624,190629,LeftRS,LeftRS,-215.20138973607163,-481.0083626785135,250.69903559760405,-0.009934626269931284,-0.5635542619320354,0.8259843451355541,-0.007599911190628121
1757619198375.9585,190630,April7,April7,1192.4222067744697,1529.771832141211,1642.92995752818,-0.6843207091596096,0.1828439076980503,-0.18380604365675682,0.6815340129063598
1757619198375.9585,190630,UWB2,UWB2,-1222.4447861537428,2026.5081091838654,1719.1823570696563,0.45875305959088636,0.5124504975508886,-0.4850361981878951,0.540074072996733
1757619198375.9585,190630,UWB3,UWB3,1879.2798647080224,-1460.288265121485,1388.347548492752,-0.7059621785505987,-0.0001562237738612482,0.7082474368022044,-0.0017164828378584073
1757619198375.9585,190630,UWB4,UWB4,-749.4100409905255,-1868.4300946409126,1445.3017121906664,-0.14136597655683183,0.5985034917930016,0.09446172508875518,0.7828704959806406
1757619198375.9585,190630,UWB1,UWB1,-168.84765935727117,-443.43872593527203,238.46540152508683,0.019163259976523097,0.33929943058790085,0.06667659842134198,0.9381166756287608
1757619198375.9585,190630,LeftRS,LeftRS,-215.23220871960717,-481.0325228034588,250.71274065895167,-0.00949311556883091,-0.5636353588899352,0.8259319047563899,-0.00784548732026402
1757619198383.9292,190631,April7,April7,1192.4067029486353,1529.7328406598804,1642.910509468928,-0.6843306110778632,0.18282984286330925,-0.1838172392226846,0.6815248241002865
1757619198383.9292,190631,UWB2,UWB2,-1222.4911754072075,2026.6272663501536,1719.2425233524834,0.46653818053046503,0.5048950842684593,-0.49400063236267844,0.5323405444019295
1757619198383.9292,190631,UWB3,UWB3,1879.282977761644,-1460.2931626841523,1388.35397772047,-0.706119054371328,-3.076930311290664e-05,0.7080912537396749,-0.0016298725001996823
1757619198383.9292,190631,UWB4,UWB4,-749.3895544732104,-1868.4804140976016,1445.2822006503006,-0.1413038783207024,0.5984034669712927,0.09497425523038891,0.7828961588433668
1757619198383.9292,190631,UWB1,UWB1,-168.84279775659107,-443.415902222605,238.48001524773778,0.018521067394209976,0.3394648478212294,0.06669563850786821,0.9380683764845271
1757619198383.9292,190631,LeftRS,LeftRS,-215.1981436893797,-481.4308860413639,250.66550037148556,-0.006438808886877269,-0.5514835613344343,0.8341370356931407,-0.006311022347256417
1757619198395.958,190632,April7,April7,1192.4163543548907,1529.7301537575881,1642.924946664729,-0.6842911601854826,0.18272709418779945,-0.1837401116222211,0.6816127848879765
1757619198395.958,190632,UWB2,UWB2,-1222.5288759883392,2026.7356646066928,1719.2669137542157,0.47364309788700354,0.49702994836706715,-0.5032195930598771,0.5247794655003992
1757619198395.958,190632,UWB3,UWB3,1879.2762154325856,-1460.2932060564506,1388.3446880048823,-0.7061694589209103,-7.056873275149058e-05,0.7080407716931275,-0.0017192811298490625
1757619198395.958,190632,UWB4,UWB4,-749.396462843717,-1868.466590134706,1445.262628089517,-0.14125496400299678,0.5984382999744879,0.09496815130280328,0.7828791008235466
1757619198395.958,190632,UWB1,UWB1,-168.86203899970647,-443.43326083624123,238.4493555904385,0.01896253608240296,0.33916118585168725,0.0665631773364908,0.9381787972768686
1757619198395.958,190632,LeftRS,LeftRS,-215.20888755768448,-481.0398244645194,250.71952567244972,-0.00986786819860707,-0.5635654751429555,0.8259743557811419,-0.007933725230780828
1757619198405.9272,190633,April7,April7,1192.6143515322244,1529.5943467278466,1642.829970785062,-0.6845188094075898,0.1828288636964774,-0.18418099942218705,0.681237818693674
1757619198405.9272,190633,UWB2,UWB2,-1222.571312475841,2026.815134506878,1719.3293634668698,0.4754865492683763,0.496229512472616,-0.5048893206777333,0.5222600753280102
1757619198405.9272,190633,UWB3,UWB3,1879.2743402244953,-1460.2983759557148,1388.3550740750188,-0.706156211382993,-9.162344493913352e-05,0.7080541275305845,-0.001658076374841973
1757619198405.9272,190633,UWB4,UWB4,-749.4476498933253,-1868.4575658367992,1445.276244652393,-0.14129392408184632,0.5983352523872616,0.0944187002763159,0.7830172806562808
1757619198405.9272,190633,UWB1,UWB1,-168.86808247492897,-443.4268885973563,238.44330481776854,0.01919646749719139,0.33910441297314214,0.06632723845793848,0.9382112716101388
1757619198405.9272,190633,LeftRS,LeftRS,-215.18904208967322,-481.41537933268853,250.6793385106867,-0.006957490203366817,-0.5518008058685661,0.8339222777752653,-0.006410819213224252
1757619198415.9292,190634,April7,April7,1192.625747643957,1529.5907133235135,1642.8287087873296,-0.6844912893767248,0.18284596710047366,-0.18419570496105844,0.68125690407979
1757619198415.9292,190634,UWB2,UWB2,-1222.580315720676,2026.8312665866115,1719.379670427389,0.4762759309793326,0.4948234263567951,-0.5064751367179039,0.5213386137481782
1757619198415.9292,190634,UWB3,UWB3,1879.2666710513024,-1460.3085056173707,1388.3781082007652,-0.7060959402506815,-0.00046403331915924263,0.7081143492963302,-0.0015414782579441916
1757619198415.9292,190634,UWB4,UWB4,-749.3920104150806,-1868.4789205767913,1445.0815371004996,-0.13770168143888417,0.5954729302171939,0.09821353084300956,0.7853689188316547
1757619198415.9292,190634,UWB1,UWB1,-168.8550924699811,-443.4023119602854,238.47168688736463,0.01862939583202822,0.33930704982582405,0.06641669321238779,0.938143109771724
1757619198415.9292,190634,LeftRS,LeftRS,-215.20125488506542,-481.0257338553061,250.74589831430845,-0.010241861753327688,-0.5632896236244842,0.8261567064116168,-0.008062297186423678
1757619198426.9294,190635,April7,April7,1192.3866314196262,1529.7264863331052,1642.9450094044244,-0.6843053904350935,0.1828107031771784,-0.18375853115522844,0.6815711126896539
1757619198426.9294,190635,UWB2,UWB2,-1222.6109826374827,2026.839771790275,1719.3565258132703,0.4757544098375587,0.4949431401135066,-0.5056787670246413,0.5224729793540875
1757619198426.9294,190635,UWB3,UWB3,1879.2734245177858,-1460.3001981095015,1388.3682164302043,-0.7060269206334944,-0.00034183006980608723,0.7081832692240977,-0.0015256749516034916
1757619198426.9294,190635,UWB4,UWB4,-749.413340181213,-1868.4585691994544,1445.0549788525063,-0.1371241792170552,0.5953743753969585,0.09752114462059643,0.7856309177639456
1757619198426.9294,190635,UWB1,UWB1,-168.85209731949715,-443.41060157271363,238.46028808718415,0.01866576816282877,0.33939180569611027,0.06643049736762967,0.9381107505751731
1757619198426.9294,190635,LeftRS,LeftRS,-215.22651954180265,-480.9933100827239,250.72815169548434,-0.010650807039305628,-0.5643952591245961,0.8254018978649752,-0.00750058584302899
1757619198436.9312,190636,April7,April7,1192.4130974946659,1529.7207470728226,1642.9488006914064,-0.6842947681048688,0.1827643811694262,-0.18376727502689183,0.6815918426369635
1757619198436.9312,190636,UWB2,UWB2,-1222.531467724808,2026.8521244790554,1719.3513745035102,0.4772767514450351,0.4935283679762982,-0.5075958690421679,0.5205603579452167
1757619198436.9312,190636,UWB3,UWB3,1879.2597477042332,-1460.3116316009407,1388.3709236989669,-0.7061000520346917,-0.0005703469320152784,0.7081099900767244,-0.0016227059265654575
1757619198436.9312,190636,UWB4,UWB4,-749.355564148503,-1868.4682454558563,1445.0701708753647,-0.1370702614417677,0.595716302108914,0.09755807387845397,0.7853765040100784
1757619198436.9312,190636,UWB1,UWB1,-168.85710258662706,-443.41624702601916,238.46376338407083,0.01869800445249835,0.3393368629993668,0.06660433009944705,0.9381176585328982
1757619198436.9312,190636,LeftRS,LeftRS,-215.22700368160417,-480.9969295196757,250.70958934441987,-0.010384982756184704,-0.5646162160419572,0.8252522688710017,-0.007705416204181347
1757619198459.9602,190637,April7,April7,1192.6370698123499,1529.5869450028338,1642.825193072093,-0.6844909160012194,0.18298458982317217,-0.18431280522940896,0.6811883848301606
1757619198459.9602,190637,UWB2,UWB2,-1222.5652013845663,2026.8267840017713,1719.3570704243784,0.4762587514371727,0.49514848113451126,-0.5058096658750315,0.521691638055548
1757619198459.9602,190637,UWB3,UWB3,1879.263200998032,-1460.3080205271206,1388.349146518149,-0.7062059993141265,-0.0003832131348178446,0.7080042704986881,-0.001700775132093512
1757619198459.9602,190637,UWB4,UWB4,-749.3673075275475,-1868.4888320594218,1445.0596428690203,-0.1366593901398354,0.5959130823771895,0.09738146388642507,0.7853207369156008
1757619198459.9602,190637,UWB1,UWB1,-168.85772267259065,-443.42852943745515,238.46060070329096,0.018958670821514857,0.3392399633511205,0.06671074876072815,0.938139910709482
1757619198459.9602,190637,LeftRS,LeftRS,-215.17846286977573,-481.3985057174775,250.66047955597685,-0.006982124322424273,-0.5521363183225901,0.8337025304743919,-0.006068493199899109
1757619198463.9639,190638,April7,April7,1192.4301039636136,1529.7525969301716,1642.9366738623078,-0.6842741825377995,0.18291142768525778,-0.1839079130892268,0.6815351291294768
1757619198463.9639,190638,UWB2,UWB2,-1222.5600844519997,2026.8321259668212,1719.3341344029668,0.4767272495534603,0.49436167505294104,-0.5068220003840596,0.5210269894148897
1757619198463.9639,190638,UWB3,UWB3,1879.2449897972551,-1460.3165170769084,1388.330350621181,-0.7062941233656147,-0.0004568893038308829,0.7079156294707303,-0.0019657320320065463
1757619198463.9639,190638,UWB4,UWB4,-749.3874045275859,-1868.4550938201603,1445.2825455089724,-0.1415466640950115,0.5985408400894489,0.0947092640610031,0.7827793813901937
1757619198463.9639,190638,UWB1,UWB1,-168.85028307801502,-443.43156063056705,238.4562620499934,0.01886770598749859,0.33937644334278105,0.06679664477847205,0.9380862687520334
1757619198463.9639,190638,LeftRS,LeftRS,-215.1624381030369,-481.40289669981706,250.67033366585727,-0.006665613704674517,-0.5509554766587317,0.8344806615617609,-0.006757056543773622
1757619198466.935,190639,April7,April7,1192.635820785092,1529.609419369757,1642.8052773550162,-0.684532991082999,0.1829821086656243,-0.18443011977850995,0.6811150144767981
1757619198466.935,190639,UWB2,UWB2,-1222.5524585321855,2026.8514997455857,1719.3377917840564,0.4765000578298309,0.49390182979806674,-0.5074415488614379,0.5210678956713745
1757619198466.935,190639,UWB3,UWB3,1879.2899382088735,-1460.2981719802513,1388.3558220504128,-0.7059046020350209,-4.285422374980908e-05,0.708305599001863,-0.0013672643878857
1757619198466.935,190639,UWB4,UWB4,-749.336641448346,-1868.4619318585835,1445.3128069991042,-0.14135684823304706,0.5987490148153949,0.09474702153539723,0.782649896585558
1757619198466.935,190639,UWB1,UWB1,-168.85861985401255,-443.41819272112104,238.4475037336247,0.01888315935553339,0.33920038312279677,0.06665468698348159,0.9381597300487992
1757619198466.935,190639,LeftRS,LeftRS,-215.21897139097794,-480.9940780356995,250.7144041665315,-0.009757503302400222,-0.5635662159373108,0.8259752224530413,-0.007927375167912818
1757619198476.959,190640,April7,April7,1192.4030827152612,1529.7578648344206,1642.9386252629902,-0.6842896100055782,0.18290111035776344,-0.18392598841023677,0.6815175304096208
1757619198476.959,190640,UWB2,UWB2,-1222.5652374703227,2026.8612056558002,1719.331972063975,0.4771024045680484,0.49383201509379954,-0.5074082263364642,0.5206151441034607
1757619198476.959,190640,UWB3,UWB3,1879.2429104389055,-1460.317100146397,1388.3374083461022,-0.7062158224359426,-0.0006238547603609709,0.7079936412236696,-0.001956254894713309
1757619198476.959,190640,UWB4,UWB4,-749.3767516092355,-1868.4501688515163,1445.0635543335716,-0.13740052401019714,0.5956043203291336,0.0978634736289363,0.7853657301768856
1757619198476.959,190640,UWB1,UWB1,-168.85518589717975,-443.4180431728267,238.4628783557593,0.01877160329094384,0.3393135455796717,0.06678816199054405,0.9381115531289252
1757619198476.959,190640,LeftRS,LeftRS,-215.14613318339508,-481.4175750204587,250.66987241141535,-0.006420148888576728,-0.5503240111128824,0.8348949656019554,-0.007256782578134661
1757619198486.9602,190641,April7,April7,1192.3800960803474,1529.7435504120795,1642.9313193673813,-0.6843843772498233,0.18286096126541448,-0.18379089830889747,0.6814695875241013
1757619198486.9602,190641,UWB2,UWB2,-1222.571867084378,2026.8374531188629,1719.286884907501,0.4759083877201759,0.4951208954009985,-0.5058865900431506,0.5219628947055621
1757619198486.9602,190641,UWB3,UWB3,1879.272338704808,-1460.2971246885736,1388.3466993376096,-0.7061466931137723,-9.573084499410219e-05,0.708063561414316,-0.0016827469697995672
1757619198486.9602,190641,UWB4,UWB4,-749.4049107013515,-1868.4774546281449,1445.2713900993144,-0.14098615026096076,0.5983226244259969,0.09459361773169024,0.7830612939093672
1757619198486.9602,190641,UWB1,UWB1,-168.85407446522566,-443.4233997788027,238.4329729055222,0.018768538412023906,0.3390856850545005,0.06669005023880865,0.9382009791916345
1757619198486.9602,190641,LeftRS,LeftRS,-215.2115031481725,-481.00556710128996,250.72932710907918,-0.00972865318699587,-0.5630464447353997,0.8263287503184227,-0.008052997900638624
1757619198494.9587,190642,April7,April7,1192.5994603630197,1529.5714975959925,1642.835176150974,-0.6844994433700465,0.18291688405802953,-0.18420495964758915,0.6812271709157144
1757619198494.9587,190642,UWB2,UWB2,-1222.5524532550942,2026.8719499443796,1719.3368454249412,0.4756358541111461,0.49516008817074525,-0.5059144369492242,0.5221471093983474
1757619198494.9587,190642,UWB3,UWB3,1879.2698131518737,-1460.2963895274331,1388.3385108113423,-0.706170870776508,-0.00014901957089133745,0.7080392503345913,-0.0017604106185884556
1757619198494.9587,190642,UWB4,UWB4,-749.3808991413605,-1868.451999227739,1445.2907096619842,-0.141393948742718,0.598464001474279,0.09514025313810108,0.7828134659234943
1757619198494.9587,190642,UWB1,UWB1,-168.8597568571853,-443.41838564247917,238.4573584884157,0.0187910311417976,0.33928351949967295,0.06653596397159187,0.9381399448072308
1757619198494.9587,190642,LeftRS,LeftRS,-215.20047281127913,-481.0246267114206,250.70844549129743,-0.010028874932618262,-0.5635987262580274,0.8259516313502546,-0.007733052293111008
1757619198506.9592,190643,April7,April7,1192.6005594969868,1529.5842506060874,1642.8200213881642,-0.6844865384319709,0.18288099614957443,-0.18421138085464492,0.6812480364128636
1757619198506.9592,190643,UWB2,UWB2,-1222.6007752898315,2026.8529796914247,1719.3154351849673,0.4750462420355047,0.4960602854150187,-0.504502248959266,0.5231947457275903
1757619198506.9592,190643,UWB3,UWB3,1879.289546550524,-1460.2901517747937,1388.3589062723638,-0.7060167466466238,-2.799510833238942e-05,0.7081936141771643,-0.0014688463080530757
1757619198506.9592,190643,UWB4,UWB4,-749.4118983090643,-1868.474484557617,1445.052586323982,-0.13679437075286613,0.595417695153907,0.09781078453605463,0.785619576421297
1757619198506.9592,190643,UWB1,UWB1,-168.8715410042446,-443.4165072512905,238.45483868520662,0.018961048340092112,0.3390613355537217,0.06644327451183203,0.9382234172362768
1757619198506.9592,190643,LeftRS,LeftRS,-216.2974556434855,-479.5929445657236,249.95957522929365,0.001169396701961995,-0.6008278236489147,0.7993720198364621,-0.0029887695188889575
1757619198513.9592,190644,April7,April7,1192.3715357563317,1529.717332614444,1642.9583209128937,-0.6843291372951904,0.1828153010183603,-0.18366387733772843,0.6815715499664423
1757619198513.9592,190644,UWB2,UWB2,-1222.5799607518384,2026.8942201576585,1719.301657522868,0.4753833135542307,0.4956458250195278,-0.5052932361664758,0.5225176234533354
1757619198513.9592,190644,UWB3,UWB3,1879.2741239837737,-1460.3028469056464,1388.359721450616,-0.7060784980870416,-0.00022499873911030677,0.708131807895913,-0.0015641485801902392
1757619198513.9592,190644,UWB4,UWB4,-749.4156721157029,-1868.4460440405499,1445.0643945873921,-0.1373891177098501,0.5955515182645211,0.09771628484533813,0.7854260927062187
1757619198513.9592,190644,UWB1,UWB1,-168.85980861483384,-443.41146661491575,238.46231036401872,0.018615489862958638,0.33919772769468404,0.06646194361772675,0.9381797136553738
1757619198513.9592,190644,LeftRS,LeftRS,-216.30237759141423,-479.57699716027327,249.95283150017517,0.0009882799630193896,-0.6014764150827028,0.7988860250829012,-0.0025028642026973646
1757619198525.9573,190645,April7,April7,1192.5896040094176,1529.579323199939,1642.8413921646852,-0.6844811774083779,0.182841745347269,-0.18423955502764297,0.6812563396367195
1757619198525.9573,190645,UWB2,UWB2,-1222.5916307744858,2026.84802125466,1719.3481090534399,0.4756719354838204,0.49564567644042284,-0.5050195951121852,0.5225196472590445
1757619198525.9573,190645,UWB3,UWB3,1879.2533890502052,-1460.3193906997892,1388.3612840598307,-0.7062634971863354,-0.0005285214507345187,0.7079464849205557,-0.001835128287837522
1757619198525.9573,190645,UWB4,UWB4,-749.3873093014656,-1868.4453083968642,1445.0897323536142,-0.1373322326185111,0.5956216867609938,0.09809205434215684,0.7853359873448684
1757619198525.9573,190645,UWB1,UWB1,-168.85741483351632,-443.4111038854035,238.48257440935862,0.01844456511036979,0.33930300213341275,0.06656197317771476,0.938137929351453
1757619198525.9573,190645,LeftRS,LeftRS,-215.18419830906248,-481.22616367085607,250.57918937380728,-0.008223298627171619,-0.5557908052119591,0.8312637356609527,-0.005436908729079944
1757619198536.9597,190646,April7,April7,1192.374255344614,1529.7155444528378,1642.9509347733854,-0.6843309314319671,0.18280077878027917,-0.18371759617081448,0.6815591657515856
1757619198536.9597,190646,UWB2,UWB2,-1222.6232707167956,2026.8361701141714,1719.316947317809,0.4755946218655875,0.4961448480691884,-0.5042192084806968,0.522889123224064
1757619198536.9597,190646,UWB3,UWB3,1879.2593724384906,-1460.3168542995186,1388.3662566615494,-0.7061594820840255,-0.0005211531138650017,0.7080508260450384,-0.0015943648239295513
1757619198536.9597,190646,UWB4,UWB4,-749.3784077214269,-1868.4868662606398,1445.0531131339776,-0.13711786282976682,0.5954673295828558,0.09824178956979183,0.7854717702594949
1757619198536.9597,190646,UWB1,UWB1,-168.86240583097097,-443.42839619881335,238.46769252108905,0.01895701502245617,0.3391735253914226,0.06655787827870877,0.9381748238436316
1757619198536.9597,190646,LeftRS,LeftRS,-215.19168638058835,-481.035575526983,250.75973490583675,-0.01018541831218413,-0.5628984547162021,0.8264204010196698,-0.008420671612503202
1757619198561.9583,190647,April7,April7,1192.5937731697113,1529.580201047209,1642.833756185878,-0.6844681764927175,0.1828831324545073,-0.18421970470467114,0.6812636608765251
1757619198561.9583,190647,UWB2,UWB2,-1222.6143590653244,2026.8559511458766,1719.325178729366,0.4764305065132541,0.49456310434951123,-0.5061865910127399,0.521724489897302
1757619198561.9583,190647,UWB3,UWB3,1879.2334499395506,-1460.3190650000265,1388.3430175601611,-0.7060941100091521,-0.0007436568304712522,0.7081152536178114,-0.0018282173516136193
1757619198561.9583,190647,UWB4,UWB4,-749.439458415403,-1868.4744188304126,1445.063477683119,-0.136826665984396,0.5950981765192951,0.09765455169425437,0.7858754432557354
1757619198561.9583,190647,UWB1,UWB1,-168.85463639622583,-443.4212138020742,238.46558674445944,0.018937693929981046,0.339358078495419,0.06658810704740818,0.9381063278266246
1757619198561.9583,190647,LeftRS,LeftRS,-215.19583353677228,-481.4054780807691,250.65842425949992,-0.006832201865044449,-0.5511696103430794,0.8343426488951157,-0.0061421402308323375
1757619198565.9585,190648,April7,April7,1192.6244050037756,1529.5965227431573,1642.8238429856826,-0.6845835330479363,0.18295049460582952,-0.1842337510787844,0.681125853103909
1757619198565.9585,190648,UWB2,UWB2,-1222.5884230942797,2026.8650258793452,1719.3131304618869,0.4759013795392704,0.4940705867406365,-0.5065480466822311,0.5223228969447911
1757619198565.9585,190648,UWB3,UWB3,1879.268573381933,-1460.3003224559018,1388.376761491187,-0.7059809656197743,-0.00035971687636151395,0.7082289812929099,-0.001567432023082691
1757619198565.9585,190648,UWB4,UWB4,-749.3944101736855,-1868.4525123967833,1445.071236977596,-0.1369701030160463,0.595620816450864,0.09772070241610367,0.7854461777929047
1757619198565.9585,190648,UWB1,UWB1,-168.85625163848147,-443.4161815577142,238.4576520474319,0.018929458596273225,0.33921105762421533,0.06666715157728523,0.9381540517864242
1757619198565.9585,190648,LeftRS,LeftRS,-215.15262467562317,-481.43956356445943,250.6680335366032,-0.006165467277145865,-0.549758871025293,0.835267509955799,-0.00744026575391159
1757619198570.9297,190649,April7,April7,1192.4142540777893,1529.763093083054,1642.9153389600308,-0.6842770753848528,0.18285948772055458,-0.18386366642060434,0.6815581002553647
1757619198570.9297,190649,UWB2,UWB2,-1222.5584801200866,2026.8333674156565,1719.3324062990869,0.4763568417827437,0.49482242633814993,-0.5064431378007528,0.5212967234254634
1757619198570.9297,190649,UWB3,UWB3,1879.2591147663143,-1460.3093830607431,1388.3640548229232,-0.7061859411370318,-0.00046340172018827984,0.7080241513632954,-0.0017328835897664938
1757619198570.9297,190649,UWB4,UWB4,-749.3725520183958,-1868.4913167280024,1445.0646337358835,-0.13716999289393644,0.5955951031959049,0.09792750902469269,0.785405035045457
1757619198570.9297,190649,UWB1,UWB1,-168.84692675615364,-443.4196212422586,238.44083063898867,0.019028440351812653,0.33933830676930415,0.06666857209697083,0.9381059287262128
1757619198570.9297,190649,LeftRS,LeftRS,-215.2160967303531,-480.98541935755895,250.69455523521358,-0.009916599822132492,-0.5639490971058039,0.8257148300625285,-0.0076220952713736394
1757619198573.9578,190650,April7,April7,1192.405423120622,1529.7588434710608,1642.9300125136622,-0.6842812230475566,0.1828553182648074,-0.18390842184926817,0.6815429793782105
1757619198573.9578,190650,UWB2,UWB2,-1222.6090796738304,2026.8499233804594,1719.328928197707,0.4766637057909739,0.49386778557733396,-0.5066830375084046,0.5216882416269445
1757619198573.9578,190650,UWB3,UWB3,1879.2995038345657,-1460.2774516128927,1388.3369490505088,-0.7059846753731942,0.00018898329063339606,0.7082253994031278,-0.0015446889012423512
1757619198573.9578,190650,UWB4,UWB4,-749.3661153635855,-1868.404118414542,1445.3156721825671,-0.14212413186261558,0.5985862748875059,0.09474341666140457,0.7826358589139143
1757619198573.9578,190650,UWB1,UWB1,-168.84731531930635,-443.40702019213114,238.43791088472364,0.01869469228636284,0.3392077022210243,0.06667249943080925,0.9381595925288511
1757619198573.9578,190650,LeftRS,LeftRS,-215.198907612263,-481.3994590925415,250.64018779191858,-0.0064627404582233965,-0.5510257803910859,0.8344377103993821,-0.006521487069799224
1757619198586.9292,190651,April7,April7,1192.6219375843104,1529.607004943401,1642.8059176637137,-0.6844440214732374,0.18301270624852792,-0.1843818748646032,0.681209259363484
1757619198586.9292,190651,UWB2,UWB2,-1222.5327292998227,2026.8118436681382,1719.3248779935027,0.4757812280824633,0.49444651570998144,-0.5066002595313416,0.5220259027571137
1757619198586.9292,190651,UWB3,UWB3,1879.280623833502,-1460.2920293452976,1388.354488221307,-0.706027034365939,-9.911422691681233e-05,0.7081832339209886,-0.0015245045154079998
1757619198586.9292,190651,UWB4,UWB4,-749.3733763093774,-1868.4513822070232,1445.291935752961,-0.1417632103932824,0.5985425338127507,0.0950588896754622,0.7826965151894254
1757619198586.9292,190651,UWB1,UWB1,-168.8549081231249,-443.4198406033115,238.44677497659058,0.01876943734436805,0.339064714067976,0.06673559096453464,0.9382053020498189
1757619198586.9292,190651,LeftRS,LeftRS,-215.20971150244117,-481.01765999115753,250.7006628287761,-0.010083172800060882,-0.5639790478456764,0.8256910820112348,-0.007758885518223546
1757619198595.9578,190652,April7,April7,1192.4134345313403,1529.706158424352,1642.953596865303,-0.6843023232412225,0.182755507078664,-0.18376779821510705,0.6815864958890087
1757619198595.9578,190652,UWB2,UWB2,-1222.592441075519,2026.8572355462986,1719.3208803027196,0.4748625161483564,0.49550036774439593,-0.5047977766514866,0.5236068954952144
1757619198595.9578,190652,UWB3,UWB3,1879.2964474151338,-1460.2818861577557,1388.3448723246615,-0.7060473372484928,0.0001562173090153102,0.7081629843548796,-0.0015234008192839402
1757619198595.9578,190652,UWB4,UWB4,-749.3923577058065,-1868.4466836630945,1445.0735492997153,-0.13746262154158742,0.5953970603773507,0.09805119853857697,0.7854885935760445
1757619198595.9578,190652,UWB1,UWB1,-168.84492330426906,-443.4062338391866,238.4495952857978,0.018756184067584624,0.3391456866759816,0.06652168287929504,0.9381914913679438
1757619198595.9578,190652,LeftRS,LeftRS,-215.19863077183575,-481.0382167080948,250.7027833253027,-0.010103034269020185,-0.5632645358362334,0.82617641550619,-0.007970058286806735
1757619198605.9622,190653,April7,April7,1192.3979764742398,1529.7104542933823,1642.9605981503935,-0.6842925695308604,0.1828011296560568,-0.18370308540204197,0.6816014984542598
1757619198605.9622,190653,UWB2,UWB2,-1222.5948606108486,2026.8393711096603,1719.3325566195692,0.47553579353458353,0.4953997491398028,-0.5056644046791027,0.5222531067022802
1757619198605.9622,190653,UWB3,UWB3,1879.2660931822822,-1460.3148799949286,1388.3796690222323,-0.705903777066621,-0.0004732126315532928,0.7083055253540397,-0.0017077311912297854
1757619198605.9622,190653,UWB4,UWB4,-749.3730457869203,-1868.4406713254918,1445.0596167626325,-0.1373254242912834,0.595483476948962,0.09821990511475051,0.7854260033658446
1757619198605.9622,190653,UWB1,UWB1,-168.84806268108596,-443.4208822844054,238.47046809991642,0.018945341540940054,0.3393054426554786,0.06642341008855429,0.9381368883113352
1757619198605.9622,190653,LeftRS,LeftRS,-215.22706047309018,-480.99350204932944,250.72026417582043,-0.010625409323819201,-0.5650717738086362,0.8249410636738332,-0.007296066484578914
1757619198615.963,190654,April7,April7,1192.6136948497194,1529.5591363071972,1642.8478383919764,-0.6844758361531866,0.1828914775711966,-0.1842014216903053,0.6812586684964024
1757619198615.963,190654,UWB2,UWB2,-1222.5918972318564,2026.8407565438565,1719.3548039918687,0.4754557185561872,0.4952327539445109,-0.5054081194022736,0.5227322564707602
1757619198615.963,190654,UWB3,UWB3,1879.2563224642136,-1460.2920418570454,1388.3558197667205,-0.7060891635696775,-0.00018046409790135862,0.7081209333443607,-0.0016745989651057054
1757619198615.963,190654,UWB4,UWB4,-749.4017794138326,-1868.4832605625465,1445.0734858370602,-0.13702740081271406,0.5955946639794086,0.0980619383701644,0.7854134859479135
1757619198615.963,190654,UWB1,UWB1,-168.8703340034258,-443.4240578751084,238.46608359011753,0.019010145549251723,0.33916771757296515,0.06639036162103494,0.9381877176804064
1757619198615.963,190654,LeftRS,LeftRS,-215.1655788583805,-481.4730268081054,250.72415697838147,-0.0061795802069099905,-0.5490428644580596,0.8357382548535348,-0.007437415580919193
1757619198625.9602,190655,April7,April7,1192.4070236892592,1529.707279716933,1642.9677370652919,-0.6843006213226139,0.18279046748992636,-0.183692107704211,0.6815992328483677
1757619198625.9602,190655,UWB2,UWB2,-1222.6216846281336,2026.8437544224253,1719.373836021767,0.47485378711030085,0.49640125143775293,-0.5042807414009235,0.5232596031514116
1757619198625.9602,190655,UWB3,UWB3,1879.276467381839,-1460.2989841351273,1388.3707290660197,-0.7060578456871318,4.997972542131325e-05,0.7081521516295263,-0.001687064950125436
1757619198625.9602,190655,UWB4,UWB4,-749.3807742351943,-1868.4621236015491,1445.2955817219515,-0.1418220871620872,0.598796870805117,0.0950787033689483,0.7824888774114741
1757619198625.9602,190655,UWB1,UWB1,-168.87049187881766,-443.40062298237797,238.4769863304078,0.018429546956007747,0.3390588858315026,0.06655803408179012,0.9382267592841635
1757619198625.9602,190655,LeftRS,LeftRS,-215.2028517728912,-481.0359651715937,250.75069233612632,-0.010038153446046692,-0.563828142824497,0.8257926594837243,-0.007971472716522671
1757619198635.9583,190656,April7,April7,1192.4070236892592,1529.707279716933,1642.9677370652919,-0.6843006213226139,0.1827904674899264,-0.18369210770421096,0.6815992328483677
1757619198635.9583,190656,UWB2,UWB2,-1222.6125198821762,2026.842885878586,1719.3392441854407,0.47680682471096075,0.4947316656701228,-0.506039291161552,0.5213636606947505
1757619198635.9583,190656,UWB3,UWB3,1879.287739748726,-1460.2827689568835,1388.3578783197304,-0.7059577042445205,-2.5863237216364542e-05,0.708252319323845,-0.001539909508198145
1757619198635.9583,190656,UWB4,UWB4,-749.3645568463176,-1868.4421134989946,1445.2951413235648,-0.14198326191780955,0.5988374471068451,0.09506213589960241,0.7824306075275563
1757619198635.9583,190656,UWB1,UWB1,-168.8618221823573,-443.42081361290013,238.4646551229136,0.018777716210327165,0.33913556248279614,0.06656745757368474,0.9381914736478784
1757619198635.9583,190656,LeftRS,LeftRS,-215.1709315177007,-481.42525297223614,250.65625941535515,-0.006755130087247735,-0.5514799688173678,0.8341351668677832,-0.006537247521321951
1757619198645.9275,190657,April7,April7,1192.618414789226,1529.5768024063404,1642.8529029201104,-0.6845358030471492,0.18299883223857705,-0.18426589024319323,0.681152144119649
1757619198645.9275,190657,UWB2,UWB2,-1222.5558674751298,2026.8298420621509,1719.3170360818663,0.4761725452874183,0.49507432002889745,-0.5060877122669701,0.5215710423852258
1757619198645.9275,190657,UWB3,UWB3,1879.2626072438932,-1460.3051611942262,1388.3855915184345,-0.7059146175056349,-0.0005723964964881435,0.7082950130416731,-0.0015490817990858378
1757619198645.9275,190657,UWB4,UWB4,-749.4112650629163,-1868.4840186730678,1445.2517166682094,-0.14093404253748637,0.5985451827293612,0.09458762166872468,0.7829012975545332
1757619198645.9275,190657,UWB1,UWB1,-168.85663559171823,-443.40740966357225,238.45173165089747,0.01866441273596672,0.33908861346438396,0.06656329359349672,0.9382109996488045
1757619198645.9275,190657,LeftRS,LeftRS,-215.21720967489617,-481.0428524173431,250.7327925883085,-0.010118207562598229,-0.56304139142144,0.826326821949782,-0.008123838274010522
1757619198663.959,190658,April7,April7,1192.4160514832895,1529.7547958306386,1642.9379255507554,-0.6842896313510205,0.18288054736761203,-0.18388176711674098,0.6815349598824932
1757619198663.959,190658,UWB2,UWB2,-1222.5636912083746,2026.8370595559195,1719.3323422738558,0.47501106706508617,0.49591117847069527,-0.5053532656890846,0.5225463291334771
1757619198663.959,190658,UWB3,UWB3,1879.2581697297921,-1460.3092963810582,1388.3395394892495,-0.7062159668585202,-0.0003464749291363524,0.7079939081036257,-0.0018746192583739892
1757619198663.959,190658,UWB4,UWB4,-749.381603545356,-1868.4618828310734,1445.0725759063891,-0.1371065198490877,0.5954163330151272,0.09800013110968392,0.7855425939413951
1757619198663.959,190658,UWB1,UWB1,-168.8454106009872,-443.404324794906,238.4685641384472,0.018718526576114933,0.33948369152531327,0.06654166826271045,0.9380685722994778
1757619198663.959,190658,LeftRS,LeftRS,-215.22278955879028,-481.02269028052183,250.69280642413656,-0.010011003607524946,-0.563769373081201,0.825833500367278,-0.007931169745305814
1757619198666.9595,190659,April7,April7,1192.6371415763222,1529.6278410600792,1642.798929645894,-0.6844948082443734,0.18293531476875163,-0.18430437568004285,0.6811999891383924
1757619198666.9595,190659,UWB2,UWB2,-1222.6020897367857,2026.8317537402502,1719.314255697696,0.47532691805144367,0.49593494287167306,-0.5050559495662525,0.5225240101873958
1757619198666.9595,190659,UWB3,UWB3,1879.243391973616,-1460.3189015756752,1388.3371541847712,-0.7060024017191336,-0.0007472768205146074,0.7082063431139186,-0.001955995240086683
1757619198666.9595,190659,UWB4,UWB4,-749.3703977871251,-1868.441560774952,1445.3136139118853,-0.1421665165929203,0.5985433198495324,0.09533128452255984,0.7825896255475241
1757619198666.9595,190659,UWB1,UWB1,-168.84746822769327,-443.443490070409,238.45551124556846,0.019128667142701616,0.3393723163681091,0.0666815403662771,0.938090665741147
1757619198666.9595,190659,LeftRS,LeftRS,-215.21090653769625,-481.05126932532266,250.74306084563707,-0.00968358000391458,-0.5619237745167674,0.8270854461702244,-0.00880707922854701
1757619198676.9622,190660,April7,April7,1192.4134381498334,1529.7452813836796,1642.9538096770914,-0.6842842629079744,0.18292718292952623,-0.18385101853574107,0.6815361298312281
1757619198676.9622,190660,UWB2,UWB2,-1222.5858188164705,2026.8303699811015,1719.3199072540592,0.47682266934559325,0.4945320324422085,-0.5065185153308039,0.5210731277985842
1757619198676.9622,190660,UWB3,UWB3,1879.2520348738556,-1460.3246382244934,1388.3572620122086,-0.7060829654219711,-0.0007638335679552297,0.708126305434876,-0.0018433801422415538
1757619198676.9622,190660,UWB4,UWB4,-749.3855680476556,-1868.4564326690747,1445.0791069914803,-0.13667235509685038,0.5954398184638764,0.09728615500634438,0.7856891840824004
1757619198676.9622,190660,UWB1,UWB1,-168.8575869570211,-443.4394360842786,238.44233672116644,0.018794943081808665,0.3392304860269479,0.0668525490946903,0.9381365381137302
1757619198676.9622,190660,LeftRS,LeftRS,-215.1734574499402,-481.40511018006293,250.64619182223853,-0.006213366661604758,-0.5510847861452207,0.8344002610945653,-0.006569386525847936
1757619198685.9636,190661,April7,April7,1192.4094347253304,1529.7476113686762,1642.9630738198184,-0.6842898415633831,0.18291843455394402,-0.18385053536887458,0.6815330070349293
1757619198685.9636,190661,UWB2,UWB2,-1222.5249836494424,2026.8256980300314,1719.3494721469003,0.47636265192741145,0.49517634529412724,-0.506219670874474,0.5211723858087405
1757619198685.9636,190661,UWB3,UWB3,1879.2819957223685,-1460.294706536658,1388.3620947796219,-0.7059628184300267,-0.00013363361412767905,0.7082470464916303,-0.0016131559976785904
1757619198685.9636,190661,UWB4,UWB4,-749.4068480853824,-1868.4749768979057,1445.0570473490861,-0.137127521347806,0.5954000962153895,0.0976898115260572,0.7855898860345107
1757619198685.9636,190661,UWB1,UWB1,-168.84318599220012,-443.4109316345702,238.44012975426347,0.018768313844502088,0.3391988313628956,0.06650887176080822,0.9381729441710546
1757619198685.9636,190661,LeftRS,LeftRS,-215.1368321379777,-481.406598400235,250.66374312960724,-0.00668466004007679,-0.5512074846298186,0.8343142101177112,-0.006739659032664527
1757619198695.9585,190662,April7,April7,1192.4081539967215,1529.7447276092919,1642.9661563607717,-0.6843172851361747,0.1829267529174616,-0.18385279809542782,0.6815026081853328
1757619198695.9585,190662,UWB2,UWB2,-1222.6212564881962,2026.9218106881804,1719.308624787911,0.47516147666477687,0.49601053242276544,-0.5047593500780041,0.5228892055954726
1757619198695.9585,190662,UWB3,UWB3,1879.2506798101385,-1460.3218453609525,1388.362821819623,-0.7061264999607582,-0.000597717191193965,0.7080834233011247,-0.0016954154326246716
1757619198695.9585,190662,UWB4,UWB4,-749.3832698767546,-1868.4753204869312,1445.2681650438806,-0.14150896688618006,0.5985161735730571,0.09488201245133263,0.7827841375343892
1757619198695.9585,190662,UWB1,UWB1,-168.8552630740097,-443.4307263201477,238.4514938746754,0.018992459412848613,0.3391274372486337,0.06668938507709393,0.9381814289937018
1757619198695.9585,190662,LeftRS,LeftRS,-215.20188976107977,-481.0282430834028,250.73674641957902,-0.009538985530139866,-0.5627526821453194,0.8265322848150273,-0.007925190960192946
1757619198705.9597,190663,April7,April7,1192.6206628549737,1529.5745145664102,1642.8489153319179,-0.6844678158190686,0.18297694285838018,-0.18431706847102397,0.6812124967734536
1757619198705.9597,190663,UWB2,UWB2,-1223.0240363440662,2021.8984523910851,1719.622379328052,0.5014276387330128,0.49992108869607843,-0.49711308713548635,0.5015254797018687
1757619198705.9597,190663,UWB3,UWB3,1879.2877065002508,-1460.2882146144163,1388.35756536091,-0.705877338336269,-9.845830400036413e-05,0.708332235735995,-0.0016178215333270114
1757619198705.9597,190663,UWB4,UWB4,-749.3743329067956,-1868.459331229313,1445.2979488863034,-0.14157697598930294,0.5985601853733744,0.09475497909776633,0.7827535744355933
1757619198705.9597,190663,UWB1,UWB1,-168.86494488538807,-443.4107753572902,238.45789766241646,0.018696478948722367,0.33912840334408145,0.06661955119732803,0.9381919862791841
1757619198705.9597,190663,LeftRS,LeftRS,-215.22047475732515,-481.01266142164803,250.71982200209078,-0.010277837115933568,-0.5640795484215884,0.8256194166280936,-0.007823554396938921
1757619198715.96,190664,April7,April7,1192.5882567478889,1529.5719845056542,1642.8655060150302,-0.6845038788531698,0.1829513090502147,-0.18418273751175357,0.6812194782553229
1757619198715.96,190664,UWB2,UWB2,-1223.0514522733504,2021.801196342772,1719.5873849599923,0.5014000075086945,0.5009703539940983,-0.4953844102327498,0.5022161118359902
1757619198715.96,190664,UWB3,UWB3,1879.2565219171308,-1460.3130436201427,1388.3714597882822,-0.7060571109023146,-0.0005018555993978899,0.7081524264647164,-0.0018014375838746946
1757619198715.96,190664,UWB4,UWB4,-749.4318530600731,-1868.4604443742917,1445.0572870895828,-0.1368867005815734,0.5951149207572801,0.09769842900076924,0.7858468548430594
1757619198715.96,190664,UWB1,UWB1,-168.86636949739568,-443.42073178238695,238.4813188844197,0.018468913981536907,0.33910820442604517,0.06687051371626365,0.9381859406869244
1757619198715.96,190664,LeftRS,LeftRS,-215.21914778471208,-481.02506580615903,250.7206779638696,-0.009946702049033989,-0.5636827841583445,0.8258942899219164,-0.00783605999328906
1757619198725.9597,190665,April7,April7,1192.3785377408303,1529.7170364388257,1642.9770914074404,-0.6843316756697002,0.18283933924106152,-0.18368915948450013,0.6815557397519812
1757619198725.9597,190665,UWB2,UWB2,-1223.06062577695,2021.7717456602772,1719.6099535222233,0.5007605641456979,0.5015035480160066,-0.49498229878589745,0.5027181840877332
1757619198725.9597,190665,UWB3,UWB3,1879.2731960561332,-1460.3013977235214,1388.3812284330222,-0.7059944525101913,-0.00027744589585603565,0.7082157544347599,-0.001483650570080522
1757619198725.9597,190665,UWB4,UWB4,-749.4048323384735,-1868.4689690118298,1445.0546757604402,-0.1369246252787096,0.5952768637496728,0.09789443738223019,0.7856931854141636
1757619198725.9597,190665,UWB1,UWB1,-168.86103173577266,-443.4093500567177,238.47457678907327,0.018532248162185367,0.3390974334898886,0.06677020164111112,0.9381957293397958
1757619198725.9597,190665,LeftRS,LeftRS,-215.21948797089166,-480.99831912957814,250.71651651139857,-0.010203228995136336,-0.5648248927368441,0.8251177413799187,-0.007031893271885207
1757619198735.9602,190666,April7,April7,1192.5976184976716,1529.5741748116368,1642.84407262364,-0.6844842022483787,0.1829196759247014,-0.18418307671348053,0.6812476519477766
1757619198735.9602,190666,UWB2,UWB2,-1223.0208446687184,2021.7132781264077,1719.6053660650566,0.5002742065499023,0.5024068627415549,-0.49371420528223475,0.503546766481114
1757619198735.9602,190666,UWB3,UWB3,1879.261423308744,-1460.3097920050632,1388.3927605888207,-0.7060590679266546,-0.0005233566474188224,0.7081508613711661,-0.001635920425576102
1757619198735.9602,190666,UWB4,UWB4,-749.3500910898741,-1868.4643018328125,1445.2799192273717,-0.14162515392682556,0.5989315399696267,0.0951440828166195,0.7824135285830625
1757619198735.9602,190666,UWB1,UWB1,-168.8611284753842,-443.4217483258681,238.4663465853344,0.01879565990465176,0.33903623101855557,0.06657144689989301,0.9382267314903877
1757619198735.9602,190666,LeftRS,LeftRS,-215.21124313083175,-480.993931892552,250.7168656528949,-0.01075767313627366,-0.5652016852137534,0.8248530678220939,-0.006981690676814414
1757619198746.958,190667,April7,April7,1192.4184220860811,1529.740918296668,1642.9726465688425,-0.6842762808042393,0.18291231394019944,-0.18384020215842733,0.6815510523857391
1757619198746.958,190667,UWB2,UWB2,-1223.0620195612066,2021.791024557937,1719.5976384977685,0.5006252805728548,0.5011622553660355,-0.49540241552127107,0.5027794436365401
1757619198746.958,190667,UWB3,UWB3,1879.2601428051119,-1460.3120708083327,1388.360082816815,-0.7061301283832806,-0.0004548943387281646,0.7080798051855728,-0.001739065528826477
1757619198746.958,190667,UWB4,UWB4,-749.3938530415467,-1868.4438263065315,1445.0745095305715,-0.1374392633653345,0.5953877253119687,0.09793624237289654,0.7855140978132163
1757619198746.958,190667,UWB1,UWB1,-168.8553114231761,-443.3991798940134,238.45540673089556,0.018434625252177317,0.33933401063411534,0.06650162455351803,0.9381311889871912
1757619198746.958,190667,LeftRS,LeftRS,-215.20783434979487,-481.0408253255924,250.74956876095445,-0.009470302984378396,-0.5622060679231964,0.826900160073536,-0.008412836744104028
1757619198757.93,190668,April7,April7,1192.407896378149,1529.746200880411,1642.9562264062772,-0.6842710302106431,0.18299171965789693,-0.1838023436267385,0.6815452195037606
1757619198757.93,190668,UWB2,UWB2,-1223.0200916544743,2021.7327595948686,1719.5642756153277,0.500381031248818,0.5016724279841545,-0.494286429147493,0.5036114817272073
1757619198757.93,190668,UWB3,UWB3,1879.2783275372342,-1460.2919203236686,1388.3453873779222,-0.7061697906438169,7.116728013132064e-05,0.7080407662983896,-0.0015795495798453802
1757619198757.93,190668,UWB4,UWB4,-749.3982851981759,-1868.4687416171562,1445.0420917674799,-0.13725988461625308,0.595419929680806,0.0979359440563197,0.7855210896442147
1757619198757.93,190668,UWB1,UWB1,-168.85372403738214,-443.43083025075526,238.43474868321402,0.018989729074644024,0.33914683232795745,0.06648231952367802,0.9381891693588962
1757619198757.93,190668,LeftRS,LeftRS,-215.216910755577,-481.04442704096965,250.72395008326052,-0.009810161877362621,-0.562953208809702,0.8263908447885545,-0.008100436065989676
1757619198766.9272,190669,April7,April7,1192.4310050633737,1529.7510429412553,1642.9198046489807,-0.6842680747829908,0.1828308321026377,-0.1838750079380999,0.6815717644688637
1757619198766.9272,190669,UWB2,UWB2,-1223.0469243883108,2021.758104963103,1719.578514428742,0.5001556020722339,0.5015581252638013,-0.49459787286262497,0.503643489839181
1757619198766.9272,190669,UWB3,UWB3,1879.2266643424177,-1460.305723323429,1388.3467767447144,-0.7061102121970262,-0.0007911076184374916,0.7080984913550487,-0.0020661366148132018
1757619198766.9272,190669,UWB4,UWB4,-749.3982930398112,-1868.416671973275,1445.2914648754033,-0.14144842150680195,0.5988494881308398,0.09460770430877022,0.7825733300490694
1757619198766.9272,190669,UWB1,UWB1,-168.85225460305537,-443.436623928727,238.44059340268922,0.018907847285412848,0.3393214158066849,0.06667745001734025,0.9381138458338432
1757619198766.9272,190669,LeftRS,LeftRS,-215.17259571754846,-481.41478657579705,250.64273625758068,-0.006573338134749635,-0.5514824067386442,0.8341344718953676,-0.006605231211319543
1757619198775.9282,190670,April7,April7,1192.6358931138873,1529.61962147366,1642.8100012245702,-0.6844327079926732,0.18301787474786996,-0.18431448277751358,0.6812374748874631
1757619198775.9282,190670,UWB2,UWB2,-1223.0235537197711,2021.721422014014,1719.597856756346,0.5002427377308986,0.5024512513903784,-0.49409968137627147,0.5031554910637519
1757619198775.9282,190670,UWB3,UWB3,1879.2819006934728,-1460.2867896706339,1388.3494231501327,-0.7059584800389,-2.8192612429622878e-05,0.7082514488153023,-0.0015839562393054635
1757619198775.9282,190670,UWB4,UWB4,-749.4089857714862,-1868.4663540599686,1445.0509201082543,-0.1364334616471848,0.5953297043700051,0.09772011105626423,0.7857602901221464
1757619198775.9282,190670,UWB1,UWB1,-168.84027372614466,-443.4189512565802,238.46990640637847,0.01876120521973497,0.3394964542102431,0.06666424408370414,0.9380543978459478
1757619198775.9282,190670,LeftRS,LeftRS,-215.1565143771931,-481.42819756688107,250.66579744133213,-0.00633560749642831,-0.5501473300891455,0.8350113595934856,-0.007335163479763569
1757619198785.9583,190671,April7,April7,1192.4063828541862,1529.734013390743,1642.9224495376802,-0.684371380856706,0.18289952908437612,-0.18377552299895186,0.6814764357418829
1757619198785.9583,190671,UWB2,UWB2,-1223.0946527500707,2021.775914179165,1719.6166785757123,0.5004727640814137,0.501674709162971,-0.4944124304581987,0.5033943257600099
1757619198785.9583,190671,UWB3,UWB3,1879.2828084311438,-1460.2870286182688,1388.3611636374271,-0.7059183221997603,-0.0001337646765040722,0.7082913080914595,-0.001651475635977976
1757619198785.9583,190671,UWB4,UWB4,-749.3784156417092,-1868.4661422809982,1445.280356596543,-0.14158928403065796,0.5984826231379312,0.09514930451796295,0.7827628212296333
1757619198785.9583,190671,UWB1,UWB1,-168.84460945144463,-443.40116523366544,238.4645386342386,0.018721544123456165,0.3393954297135983,0.06668547913655293,0.9380902371027448
1757619198785.9583,190671,LeftRS,LeftRS,-215.2016484635087,-481.00312133609793,250.72019671911363,-0.009851424694263965,-0.5636228264282698,0.8259368351216174,-0.007784815334226411
1757619198793.9727,190672,April7,April7,1192.6304433672906,1529.6152886755776,1642.814482550657,-0.6844302116981634,0.182985358296907,-0.18436190776514721,0.6812358849392443
1757619198793.9727,190672,UWB2,UWB2,-1223.0744673717725,2021.8078776561813,1719.6359506177705,0.5006567999192197,0.5010933194530346,-0.4952787523936809,0.5029385760920952
1757619198793.9727,190672,UWB3,UWB3,1879.2229229540353,-1460.3139886339236,1388.3781415220321,-0.7061383357218972,-0.0008674927633484042,0.7080707770532934,-0.0019164976807095886
1757619198793.9727,190672,UWB4,UWB4,-749.3379403550729,-1868.445283819007,1445.3063907069559,-0.14224556055035417,0.5985053877909954,0.09545178272507314,0.7825895849444149
1757619198793.9727,190672,UWB1,UWB1,-168.8589871186083,-443.41201587853624,238.45969884349643,0.01883840611428001,0.3391819168273358,0.06664586099156371,0.9381679332428182
1757619198793.9727,190672,LeftRS,LeftRS,-215.19187730378226,-480.9665522633155,250.70017154574867,-0.010318301691580437,-0.5650475630333082,0.8249614822122023,-0.007303220287482863
1757619198805.9595,190673,April7,April7,1192.6061747141312,1529.6255811987414,1642.8265783704553,-0.6844441194137428,0.1830167609351501,-0.1843498794134586,0.6812167309872795
1757619198805.9595,190673,UWB2,UWB2,-1223.046839711991,2021.8024643146398,1719.6060210512805,0.5011813236526045,0.5009674385905278,-0.4953354873380075,0.5024854836485206
1757619198805.9595,190673,UWB3,UWB3,1879.2619810598328,-1460.3019896092521,1388.3777215040143,-0.70593968933684,-0.000626326929680043,0.7082692714055414,-0.0018444284335611206
1757619198805.9595,190673,UWB4,UWB4,-749.375761303173,-1868.445577941832,1445.3051722396592,-0.1417014602334356,0.5985195176664516,0.0948831635702759,0.782746618268598
1757619198805.9595,190673,UWB1,UWB1,-168.85440027770287,-443.4057810363265,238.47159780668477,0.01864594557530549,0.3391650666912488,0.0666487781955026,0.938177662607126
1757619198805.9595,190673,LeftRS,LeftRS,-215.20941826747634,-481.0106514098661,250.72566203368774,-0.010062496631371714,-0.5635545439052128,0.8259812578055472,-0.007744931200299912
1757619198814.959,190674,April7,April7,1192.3984550412565,1529.7343185617249,1642.9514134075353,-0.6843555221638106,0.1828812108365866,-0.1838112341933966,0.6814876463965744
1757619198814.959,190674,UWB2,UWB2,-1223.0653253496923,2021.8767318081118,1719.6043605471925,0.5012961109561973,0.5003930886202157,-0.49574126315707673,0.5025430986539753
1757619198814.959,190674,UWB3,UWB3,1879.288718730781,-1460.2872815616352,1388.3612457477816,-0.706018082243185,1.2161774679958653e-05,0.7081923034777244,-0.0014590039963268012
1757619198814.959,190674,UWB4,UWB4,-749.396339513934,-1868.4483838036028,1445.0894913789743,-0.13740574604782135,0.5954048032500797,0.09762134374087689,0.7855462140867341
1757619198814.959,190674,UWB1,UWB1,-168.85963884456243,-443.42874411103446,238.4834493706355,0.018875991780770707,0.33909126326001243,0.06676254763174762,0.9381916511826035
1757619198814.959,190674,LeftRS,LeftRS,-215.19973280458186,-481.04649456497657,250.74237427554567,-0.01016141831498271,-0.5627727261609721,0.8265063155438962,-0.008421082663704227
1757619198826.9285,190675,April7,April7,1192.4095097920904,1529.7314814850658,1642.9584363368542,-0.6843471943816816,0.18284718152086335,-0.18383730675128812,0.6814981074061983
1757619198826.9285,190675,UWB2,UWB2,-1223.1013755780255,2021.7775458929086,1719.5906765345032,0.5002309161816935,0.5016913377651865,-0.49434275792348037,0.5036864796636977
1757619198826.9285,190675,UWB3,UWB3,1879.2484861188766,-1460.2959571070594,1388.3527854958006,-0.7060073180973397,-0.0005516618219251464,0.7082018901719764,-0.0018561301344195774
1757619198826.9285,190675,UWB4,UWB4,-749.3736625912602,-1868.4635284248168,1445.0538031503227,-0.13701985307786874,0.5954295558748205,0.09851041329485405,0.7854838650957194
1757619198826.9285,190675,UWB1,UWB1,-168.86373193765488,-443.4208304993889,238.45643615954276,0.019041588385432108,0.3392618295387696,0.06642882559087705,0.9381503291372782
1757619198826.9285,190675,LeftRS,LeftRS,-215.19570889055265,-481.01372816966597,250.69862750295508,-0.01013611276639482,-0.5639623135524088,0.8257026734711228,-0.007672231307890684
1757619198835.958,190676,April7,April7,1192.614712208437,1529.5832723743936,1642.803816652875,-0.6844571487461008,0.18278582061993004,-0.18426624926637705,0.681288268423843
1757619198835.958,190676,UWB2,UWB2,-1223.0504007346701,2021.7813617955171,1719.6023259837677,0.5011407846607128,0.5007087217618617,-0.4952361849984938,0.5028815078817132
1757619198835.958,190676,UWB3,UWB3,1879.2715481264142,-1460.3015735607123,1388.3619917784376,-0.7058958295847392,-0.0004157042713801455,0.7083136077094003,-0.0016547200746117484
1757619198835.958,190676,UWB4,UWB4,-749.3805632215705,-1868.4577596425418,1445.2859420539905,-0.14175512393044432,0.5985491612533191,0.09519543100428286,0.7826763164414274
1757619198835.958,190676,UWB1,UWB1,-168.85970398207502,-443.42191505932874,238.45412535906573,0.01871044044224641,0.33924587337281126,0.06665559479380635,0.9381466774980657
1757619198835.958,190676,LeftRS,LeftRS,-215.2030355155958,-481.02650152334394,250.7283865630071,-0.010094153092255738,-0.5637130804411569,0.8258726802947647,-0.00774512463639714
1757619198845.9624,190677,April7,April7,1192.3924596289369,1529.7392660029545,1642.9425131969685,-0.6843555107281846,0.18284414783927008,-0.18383027424944323,0.6814924671676653
1757619198845.9624,190677,UWB2,UWB2,-1223.0639939999994,2021.8049324866106,1719.5636447051997,0.500731649439495,0.5007942726572944,-0.49537904231998103,0.5030631333673664
1757619198845.9624,190677,UWB3,UWB3,1879.2225917760722,-1460.3076973555778,1388.3489857116863,-0.7060975645647569,-0.0007881828347956692,0.7081111153841998,-0.0020630930377639627
1757619198845.9624,190677,UWB4,UWB4,-749.4023309625111,-1868.4733971543485,1445.0545968177564,-0.13744982965612496,0.5954238581812419,0.0980011201887369,0.7854767685156699
1757619198845.9624,190677,UWB1,UWB1,-168.84072157177206,-443.4551427451292,238.44828793523342,0.019643089768391853,0.3393688818566548,0.06631257117325849,0.9381074319906577
1757619198845.9624,190677,LeftRS,LeftRS,-215.18316557179654,-481.39801806756697,250.6439352091109,-0.007006781054075687,-0.5526111329057638,0.8333921753027403,-0.005415067131156728
1757619198857.9304,190678,April7,April7,1192.603720409465,1529.5904766658728,1642.8031870413652,-0.6845284837076869,0.1829465263644213,-0.1843119981758681,0.681161075526535
1757619198857.9304,190678,UWB2,UWB2,-1223.0392497948883,2021.7624137409844,1719.5644353681919,0.5003847635970998,0.5009273230842446,-0.4950526873647491,0.5035968050737291
1757619198857.9304,190678,UWB3,UWB3,1879.2725557416225,-1460.3022912067877,1388.3624290585365,-0.7060024939658782,-0.00023844110153091574,0.7082073605390936,-0.0016601620558454174
1757619198857.9304,190678,UWB4,UWB4,-749.4113015523492,-1868.4789273850608,1445.3026572502608,-0.14094614807245612,0.5982741360776473,0.0946406865252396,0.7830998543596553
1757619198857.9304,190678,UWB1,UWB1,-168.86569122518355,-443.42325907767423,238.45149697478234,0.018701389078742345,0.3392276651230624,0.06661415151341199,0.9381563857267237
1757619198857.9304,190678,LeftRS,LeftRS,-215.214750429021,-481.04158439093055,250.71827094823664,-0.009878122917536517,-0.5634652128485853,0.8260415076547527,-0.008050107364983511
1757619198864.9314,190679,April7,April7,1192.6100369945664,1529.5863154481972,1642.8224557492456,-0.6845199883588463,0.18292322948593512,-0.18430134344747298,0.6811787522046601
1757619198864.9314,190679,UWB2,UWB2,-1223.0771217388667,2021.757557599122,1719.5749341614203,0.5002639090763862,0.5014173540921769,-0.49446094644813954,0.5038105107363523
1757619198864.9314,190679,UWB3,UWB3,1879.2488192881044,-1460.311938829159,1388.3566750293446,-0.7060020038701315,-0.0006529977567768109,0.708207108424447,-0.0018535647742060923
1757619198864.9314,190679,UWB4,UWB4,-749.4160712863882,-1868.4854332871355,1445.2896874630596,-0.1413644081047455,0.5983117385696534,0.09456202137763817,0.7830052309684329
1757619198864.9314,190679,UWB1,UWB1,-168.86057714710088,-443.41279427995073,238.4668251433502,0.018627725576126068,0.3392635654055543,0.06656529237856548,0.9381483373532822
1757619198864.9314,190679,LeftRS,LeftRS,-215.21600280709285,-481.0176911877174,250.7314727379754,-0.010773341259772673,-0.5642828432424815,0.8254787505770532,-0.007323952896415314
1757619198875.9307,190680,April7,April7,1192.3773910134971,1529.7381111028535,1642.9369688958354,-0.6843814700630433,0.1828608653342725,-0.18382477869249575,0.6814633945430995
1757619198875.9307,190680,UWB2,UWB2,-1223.0305658107209,2021.8180852673675,1719.5870944044946,0.5007602928141516,0.5005290368428517,-0.49558431098543204,0.5030964153350204
1757619198875.9307,190680,UWB3,UWB3,1879.277133556099,-1460.2944954166446,1388.376865606399,-0.7058831871617747,-0.00034534107316765795,0.7083265505948515,-0.0015180725534719448
1757619198875.9307,190680,UWB4,UWB4,-749.3779352444034,-1868.45207354082,1445.299820638885,-0.14163983357081664,0.5985066951015935,0.09533785782103628,0.7827123266760884
1757619198875.9307,190680,UWB1,UWB1,-168.8378697245536,-443.38865134642924,238.47930821532734,0.01798375512617534,0.3393393413738367,0.06672600103443312,0.9381220798667332
1757619198875.9307,190680,LeftRS,LeftRS,-215.20609417991764,-480.9886621930339,250.69093224763424,-0.010850793427609676,-0.564943242362848,0.8250264319240617,-0.007264971933572623
1757619198886.9324,190681,April7,April7,1192.5999111344554,1529.595544494481,1642.8292739026267,-0.6845129385301479,0.18296864991897488,-0.1843008252526462,0.6811737780793116
1757619198886.9324,190681,UWB2,UWB2,-1223.0778609551053,2021.7911206983972,1719.6215001527462,0.5005967861397521,0.5009368105329338,-0.49502417132677073,0.5034046477356828
1757619198886.9324,190681,UWB3,UWB3,1879.2772476317339,-1460.2917548214461,1388.3514794629675,-0.7058929421287141,-0.00024787152645482487,0.7083163370233271,-0.0017491479156822437
1757619198886.9324,190681,UWB4,UWB4,-749.3974134929625,-1868.450378073262,1445.0692426425553,-0.13726412914642988,0.5953260567307262,0.09801708734700207,0.7855813742796647
1757619198886.9324,190681,UWB1,UWB1,-168.85470248497967,-443.3981308136725,238.47079559730975,0.01863781434483788,0.3392793057787489,0.06654921683279076,0.9381435851114049
1757619198886.9324,190681,LeftRS,LeftRS,-215.19965775898123,-480.95751551578246,250.69616770776184,-0.010702747234343118,-0.5651778773447019,0.8248664267853381,-0.0074024404194502486
1757619198893.9639,190682,April7,April7,1192.3744290213015,1529.7439538390129,1642.9605199662115,-0.6843740530213578,0.1828324074048288,-0.1838331453257947,0.6814762219133546
1757619198893.9639,190682,UWB2,UWB2,-1223.0259721466502,2021.8194496963367,1719.6057284898873,0.5005420993985955,0.5005249962096324,-0.49553663352127947,0.5033644601453217
1757619198893.9639,190682,UWB3,UWB3,1879.2889333236694,-1460.2850219579084,1388.3476463453585,-0.7058486109126836,-0.00016819091314249874,0.7083605886918756,-0.0017281702900293944
1757619198893.9639,190682,UWB4,UWB4,-749.3921640591344,-1868.4428387573694,1445.072646058133,-0.13746403620795306,0.5953994040673807,0.09795731260143238,0.785498283444039
1757619198893.9639,190682,UWB1,UWB1,-168.8458005296312,-443.38842281485705,238.46439278358838,0.01832738128956982,0.33901147674860554,0.06668602251532829,0.9382368038661038
1757619198893.9639,190682,LeftRS,LeftRS,-215.19085458618375,-480.94268294444976,250.69415040182326,-0.01108273737793422,-0.5658994827243399,0.8243705291626772,-0.006941111768580167
1757619198906.9604,190683,April7,April7,1192.3987127761668,1529.7332511523416,1642.9512475652307,-0.6843502773737532,0.18285759574320798,-0.1837910994988097,0.6815046803085797
1757619198906.9604,190683,UWB2,UWB2,-1223.0678484208936,2021.7504134263913,1719.6024298785364,0.5006962721851647,0.5017913696329493,-0.49409779021570893,0.5033647167668011
1757619198906.9604,190683,UWB3,UWB3,1879.2770773232328,-1460.2996252713847,1388.3614047742058,-0.7058741840457955,-0.0003536710254989032,0.7083353564318099,-0.0015918678051775102
1757619198906.9604,190683,UWB4,UWB4,-749.4355559525301,-1868.4282674248311,1445.0713576699593,-0.13683324756353085,0.5953456583602625,0.09722980911830653,0.7857395075033589
1757619198906.9604,190683,UWB1,UWB1,-168.8746270015762,-443.42016078911587,238.46697688093602,0.019099640959926986,0.33904063519780014,0.06665074701469985,0.9382133708929205
1757619198906.9604,190683,LeftRS,LeftRS,-215.2117208217107,-481.0230766219531,250.76489944117407,-0.00955707945327803,-0.5622304913959959,0.8268852637959744,-0.008142315027228657
1757619198913.9626,190684,April7,April7,1192.5960030582225,1529.5872906394459,1642.8579413777961,-0.6845374537006129,0.18296854386787545,-0.18430644544630714,0.6811476496347162
1757619198913.9626,190684,UWB2,UWB2,-1223.052382108466,2021.7860595373127,1719.6204132306718,0.5008840803079543,0.5011971889037203,-0.4949399415291979,0.5029423130023338
1757619198913.9626,190684,UWB3,UWB3,1879.2790834887583,-1460.2992439567838,1388.369436501777,-0.7059568179326716,-0.00023975430538537406,0.7082533371367821,-0.0014574521816126406
1757619198913.9626,190684,UWB4,UWB4,-749.4019645398155,-1868.4868186041147,1445.0759420318493,-0.1373144509263553,0.5954130655171337,0.09803006637895319,0.7855050153016345
1757619198913.9626,190684,UWB1,UWB1,-168.84468961332436,-443.4186543408221,238.4720719010522,0.018935001124077932,0.3394623620550781,0.06656152520039638,0.9380705377760328
1757619198913.9626,190684,LeftRS,LeftRS,-215.20314858342894,-480.998110887398,250.72673718120163,-0.009981555412843965,-0.5630597207482231,0.8263185572805947,-0.007858836821693862
1757619198925.932,190685,April7,April7,1192.383478662431,1529.7617175977987,1642.9506842402184,-0.6842924127328628,0.18291679073249856,-0.1838585614655911,0.6815287014647029
1757619198925.932,190685,UWB2,UWB2,-1223.0600744826177,2021.7955649690568,1719.5725911697898,0.500565748185263,0.5019606107480906,-0.494513770591367,0.5029170982345308
1757619198925.932,190685,UWB3,UWB3,1879.2627247944185,-1460.3064530334102,1388.363953027515,-0.7059280304412909,-0.0005148232054652413,0.7082812952474071,-0.001719766554622777
1757619198925.932,190685,UWB4,UWB4,-749.3626485545064,-1868.4484309521708,1445.0674845742528,-0.13771912209730278,0.5955340274915778,0.09847703898333267,0.785286532611813
1757619198925.932,190685,UWB1,UWB1,-168.863117862461,-443.41179679987357,238.46245602786092,0.0189916418759455,0.3392256148240255,0.06657311415484697,0.9381542092096818
1757619198925.932,190685,LeftRS,LeftRS,-215.22480993674833,-481.03495736240257,250.72617574006756,-0.009305406125462977,-0.5622654519523033,0.8268628756371046,-0.008291914787937229
1757619198934.9773,190686,April7,April7,1192.360817257088,1529.7419316517553,1642.9471528915574,-0.6843877687034111,0.1828644930011316,-0.1838208802612769,0.6814571470228885
1757619198934.9773,190686,UWB2,UWB2,-1223.020914068991,2021.817163262075,1719.6188703949153,0.5005869205618706,0.500819040093006,-0.4961655467134383,0.5024069807409711
1757619198934.9773,190686,UWB3,UWB3,1879.2661733363664,-1460.2953771033722,1388.3518322836371,-0.7058770583399637,-0.00038396468110638433,0.7083322078760593,-0.001707151390535726
1757619198934.9773,190686,UWB4,UWB4,-749.3813396732934,-1868.4651685286974,1445.286156598171,-0.14170572957579064,0.598523777310694,0.09499267715835345,0.7827293053702671
1757619198934.9773,190686,UWB1,UWB1,-168.84979933029948,-443.43391111286815,238.4539581074113,0.019624700657021658,0.3392037443088087,0.06642377535941567,0.9381596735300493
1757619198934.9773,190686,LeftRS,LeftRS,-215.1800533108344,-481.2544391590254,250.5490405466255,-0.007976630466193943,-0.5556544852078592,0.8313587244273007,-0.0052093908863087915
1757619198945.984,190687,April7,April7,1192.6042787093963,1529.5829792568907,1642.809955648536,-0.6844898527875328,0.182912362789317,-0.18417324769884613,0.6812465954423482
1757619198945.984,190687,UWB2,UWB2,-1223.0364095423065,2021.7816664819795,1719.6009672810094,0.5004006776222446,0.5014122880691557,-0.4953270604232948,0.5028279849221503
1757619198945.984,190687,UWB3,UWB3,1879.2698669094646,-1460.2959586160366,1388.3636873497453,-0.7059682836965604,-0.00026374331157823835,0.7082413407267841,-0.0017076707896168841
1757619198945.984,190687,UWB4,UWB4,-749.3957281778062,-1868.4512214721992,1445.0613450881203,-0.13747080921611804,0.5957128078084606,0.09793320003127551,0.7852624501133746
1757619198945.984,190687,UWB1,UWB1,-168.84896500808054,-443.40501415942356,238.46980563818673,0.018466987869796236,0.33939960573915645,0.06665086926900086,0.9380962315289453
1757619198945.984,190687,LeftRS,LeftRS,-215.18207381239532,-481.4006274586095,250.6373631251872,-0.006740381816028798,-0.5521592178573614,0.8336899040223122,-0.005992438517756654
1757619198953.9326,190688,April7,April7,1192.6233980959394,1529.567852861308,1642.8408483686069,-0.6844848574871916,0.18292159347152148,-0.1841136642483767,0.6812652414072029
1757619198953.9326,190688,UWB2,UWB2,-1223.0554714044554,2021.7875291560988,1719.5981929177888,0.5006619521026606,0.5006725687324031,-0.49564746104259066,0.5029892473976796
1757619198953.9326,190688,UWB3,UWB3,1879.2663020434477,-1460.3040017547291,1388.3764938138104,-0.7059258343668847,-0.0004241461875462516,0.7082837762454631,-0.0016213515646099482
1757619198953.9326,190688,UWB4,UWB4,-749.4021551827933,-1868.4516681034486,1445.0722936795821,-0.1370901163107724,0.5954881372468953,0.09792251918943565,0.7855007056926916
1757619198953.9326,190688,UWB1,UWB1,-168.85765745800722,-443.4160458756141,238.46828477946522,0.018438904688919237,0.33930018332744205,0.06667244539701517,0.9381312154558228
1757619198953.9326,190688,LeftRS,LeftRS,-215.22541043314462,-481.01245708554484,250.72171254462654,-0.009964003962953558,-0.5639458803842549,0.825718575709886,-0.00738893431363618
1757619198971.9333,190689,April7,April7,1192.6138775638894,1529.5663332466752,1642.8616576491595,-0.6844810955931735,0.18292348597481325,-0.18418002692472984,0.681250574852159
1757619198971.9333,190689,UWB2,UWB2,-1223.0440272996352,2021.913130890148,1719.575611405637,0.5007729620063384,0.49992416121768113,-0.4969265263734406,0.5023607279043842
1757619198971.9333,190689,UWB3,UWB3,1879.2732899662844,-1460.3007163402897,1388.3728772792588,-0.7059087887091983,-0.00031441644447062,0.7083009874427423,-0.0015473697192694951
1757619198971.9333,190689,UWB4,UWB4,-749.3405556970772,-1868.4527579043788,1445.3147189618483,-0.14196980977437973,0.5989622652748292,0.09534570603280304,0.7823029938780611
1757619198971.9333,190689,UWB1,UWB1,-168.86152733615057,-443.41803090480846,238.47935172852956,0.01860198466393038,0.33915651702465455,0.06667436233111652,0.9381798082105621
1757619198971.9333,190689,LeftRS,LeftRS,-215.21332829409863,-481.02082683691214,250.76468878423668,-0.010384860113312551,-0.5643503193323232,0.8254387705121454,-0.007190819517252902
1757619198975.9329,190690,April7,April7,1192.613877620442,1529.5663332821732,1642.8616576243912,-0.6844810951270176,0.18292348604577857,-0.184180027646368,0.6812505751063713
1757619198975.9329,190690,UWB2,UWB2,-1223.0495073670584,2021.834137431007,1719.6216609667356,0.5009273365900927,0.500821256251757,-0.495825978607425,0.5024007082809073
1757619198975.9329,190690,UWB3,UWB3,1879.2541546099394,-1460.3142645498028,1388.351411724882,-0.7061033086984146,-0.0004567951399813678,0.7081063074926451,-0.0018346859358157816
1757619198975.9329,190690,UWB4,UWB4,-749.41154109548,-1868.4580426023742,1445.0703804941836,-0.13746504099791582,0.5954136751532282,0.0975031086058883,0.7855438000240063
1757619198975.9329,190690,UWB1,UWB1,-168.85197638171528,-443.4203559847993,238.4534746122121,0.018621245512489518,0.3390207855047167,0.0665845083410944,0.9382348636990118
1757619198975.9329,190690,LeftRS,LeftRS,-215.16600394545785,-481.43185142076493,250.69192925394043,-0.006774952625176406,-0.5502710757887611,0.8349299881200642,-0.006910723915448624
1757619198985.9326,190691,April7,April7,1192.3929232818887,1529.7083688691914,1642.9701369371853,-0.684350177284089,0.1828007750412532,-0.1837185792912757,0.6815395770743975
1757619198985.9326,190691,UWB2,UWB2,-1222.9954838128576,2021.8027218960985,1719.6071728777908,0.5004914767406253,0.5006495395764244,-0.4961085574908641,0.5027271818951473
1757619198985.9326,190691,UWB3,UWB3,1879.278769455578,-1460.3008074466504,1388.3586474656913,-0.7059831202374119,-0.00020464771085269696,0.7082267309159755,-0.0016400229366693292
1757619198985.9326,190691,UWB4,UWB4,-749.4487151339142,-1868.4358733471772,1445.0665053453488,-0.13680510674871096,0.5950693741128814,0.09717084768225091,0.7859609590311023
1757619198985.9326,190691,UWB1,UWB1,-168.8657635735357,-443.4061991406755,238.4467359155509,0.018823629066066366,0.33912181381172324,0.06645867461369515,0.938203235420994
1757619198985.9326,190691,LeftRS,LeftRS,-215.18874299234864,-481.01049805877153,250.699324578863,-0.01016226027391604,-0.5646180621292145,0.8252557129791834,-0.007495370490860806
1757619198995.9668,190692,April7,April7,1192.5998680825676,1529.6040067115064,1642.8143789514518,-0.6845395740452681,0.18292298519918126,-0.18428477914968622,0.6811636170741172
1757619198995.9668,190692,UWB2,UWB2,-1223.0503830908933,2021.790313950588,1719.6142123844836,0.5008466251957953,0.5012575081460641,-0.49534564272344633,0.5025199128313993
1757619198995.9668,190692,UWB3,UWB3,1879.2966589991192,-1460.2852601448374,1388.3528713195951,-0.7058796941659585,-9.328729675014752e-06,0.7083300819079141,-0.0015337344866009858
1757619198995.9668,190692,UWB4,UWB4,-749.3658293925015,-1868.4545183001644,1445.0559421253283,-0.13736306165450243,0.5955202817043531,0.09820289151900684,0.7853936436392743
1757619198995.9668,190692,UWB1,UWB1,-168.84500391913804,-443.40376670304687,238.47345400157906,0.018666004958720457,0.3393473028174278,0.06657594504490026,0.9381165342700215
1757619198995.9668,190692,LeftRS,LeftRS,-215.21836092198575,-481.0197864598768,250.7339798371632,-0.009750474851616541,-0.5632029766551595,0.8262261802336017,-0.007591733894691213
1757619199003.9321,190693,April7,April7,1192.6253662232484,1529.6163889481895,1642.8311706569348,-0.6844493697029734,0.18297538897413032,-0.1843396051965302,0.6812253498651937
1757619199003.9321,190693,UWB2,UWB2,-1223.0415458077591,2021.8198259823014,1719.619718158421,0.5012851480753194,0.5006144419913553,-0.495818630280081,0.5022571718312977
1757619199003.9321,190693,UWB3,UWB3,1879.2671621576485,-1460.3069612317404,1388.371643927351,-0.7059317363580155,-0.0005505630866254422,0.7082777656689627,-0.001639250385659686
1757619199003.9321,190693,UWB4,UWB4,-749.4047376558532,-1868.4350068753192,1445.0694426671341,-0.13707354799912536,0.5953001855299226,0.0977288565640739,0.7856701611628445
1757619199003.9321,190693,UWB1,UWB1,-168.85483356131343,-443.4069037593547,238.48190063456047,0.018565257232614853,0.3392102641252501,0.06683389757512108,0.9381497524760549
1757619199003.9321,190693,LeftRS,LeftRS,-215.21860248757025,-481.0205046487086,250.73760714970254,-0.009851082744959003,-0.5631360689100934,0.8262674763493891,-0.007923483353317816
1757619199015.9294,190694,April7,April7,1192.4028021024094,1529.7581045304821,1642.9384438940276,-0.6843104288861254,0.1828194157914294,-0.18389465129496946,0.6815270026583461
1757619199015.9294,190694,UWB2,UWB2,-1223.0635119778005,2021.7465244094365,1719.6318463602847,0.5004889906293339,0.501699015803103,-0.49418862703855726,0.5035736973937122
1757619199015.9294,190694,UWB3,UWB3,1879.2769805362536,-1460.296656005905,1388.3815806301025,-0.7058609144367927,-0.00044552502572854343,0.7083487442822367,-0.001492464969454574
1757619199015.9294,190694,UWB4,UWB4,-749.4185429083809,-1868.4641204855175,1445.2888785971202,-0.14078361438801848,0.5982689541637173,0.09454549849729457,0.7831445467585124
1757619199015.9294,190694,UWB1,UWB1,-168.86312915884977,-443.42127304872025,238.45333643001382,0.01904737055770393,0.33900778062131637,0.06681781372140665,0.9382144222524713
1757619199015.9294,190694,LeftRS,LeftRS,-215.1623379534152,-481.38274432238495,250.67355018628052,-0.006777138145166138,-0.5511792811277705,0.8343313970366245,-0.006825714098176168
1757619199025.9565,190695,April7,April7,1192.6423925334477,1529.6307017481224,1642.8358059856819,-0.6844876790786592,0.18288414486021914,-0.1842964785509576,0.6812230286345093
1757619199025.9565,190695,UWB2,UWB2,-1223.0405621117288,2021.7588249702699,1719.5746439399275,0.500703469662716,0.5010800842058563,-0.4948324545593028,0.5033444413071285
1757619199025.9565,190695,UWB3,UWB3,1879.2461650011987,-1460.3169582963744,1388.372425730944,-0.7060116191236311,-0.0007834866331220588,0.7081977177697386,-0.0017240524522466945
1757619199025.9565,190695,UWB4,UWB4,-749.3763247500207,-1868.4779593719736,1445.2905197232194,-0.14054749683795756,0.5984914510755862,0.09415606701525457,0.7830638665947003
1757619199025.9565,190695,UWB1,UWB1,-168.84896842360584,-443.40243799076705,238.47050397009497,0.01869105896737667,0.3394361918272879,0.0666446674365698,0.9380789968306166
1757619199025.9565,190695,LeftRS,LeftRS,-215.2055554957442,-480.99359768703283,250.72581102512837,-0.009692570348831132,-0.562839321471825,0.8264680733931169,-0.00827501945847787
1757619199035.96,190696,April7,April7,1192.4028020442913,1529.7581045249008,1642.9384438977995,-0.684310429485922,0.1828194145400539,-0.18389464970356412,0.6815270028211856
1757619199035.96,190696,UWB2,UWB2,-1223.0292212881475,2021.7593094484168,1719.6137061873035,0.5004290871677963,0.5012197516563682,-0.4952943785919139,0.503023824287861
1757619199035.96,190696,UWB3,UWB3,1879.2657645959014,-1460.30087216671,1388.3793758001918,-0.7059938864522363,-0.0003052382613235604,0.7082162682467109,-0.0015021692226836526
1757619199035.96,190696,UWB4,UWB4,-749.3983527619303,-1868.4419391241736,1445.0841172402377,-0.1371023970765117,0.5953665900683209,0.09761732562655905,0.7856286743009148
1757619199035.96,190696,UWB1,UWB1,-168.8545288756719,-443.40771648400084,238.46699771915976,0.018846618212675765,0.33930271610728885,0.06667294969153877,0.9381221613433891
1757619199035.96,190696,LeftRS,LeftRS,-215.2266051070088,-480.9914059265478,250.70997274462246,-0.00988026736242777,-0.5639139449008352,0.8257390407353279,-0.007647200057889824
1757619199045.9592,190697,April7,April7,1192.6293323538707,1529.6394838534445,1642.7681556512919,-0.6845023942565024,0.18284590761056388,-0.18429005771328805,0.6812202440879294
1757619199045.9592,190697,UWB2,UWB2,-1223.0709280509059,2021.752701077282,1719.5770878269218,0.5001923579374408,0.5015749343657421,-0.4944366438339727,0.5037485439295898
1757619199045.9592,190697,UWB3,UWB3,1879.2415811737706,-1460.3189134965503,1388.3643870648918,-0.7059787916679717,-0.0008710876240310841,0.7082301055963086,-0.0018178141883491202
1757619199045.9592,190697,UWB4,UWB4,-749.4236048897984,-1868.4787395173457,1445.0369857534347,-0.1366340284421139,0.595358265478579,0.0978804767068963,0.7856838360801679
1757619199045.9592,190697,UWB1,UWB1,-168.85612714451045,-443.44203863763045,238.45723639461082,0.0188351513504063,0.3392625796722581,0.06687040419483156,0.9381228534422088
1757619199045.9592,190697,LeftRS,LeftRS,-215.19660089880404,-481.41763181601704,250.64916588731555,-0.0062810595833723,-0.5504230925058085,0.8348369700995294,-0.006496220585086367
1757619199055.9612,190698,April7,April7,1192.6218916432751,1529.5943637939913,1642.7989196006936,-0.6844953267919608,0.1830194546380665,-0.18443329005231768,0.6811419737062377
1757619199055.9612,190698,UWB2,UWB2,-1223.0489002637366,2021.7620425618293,1719.5997625681052,0.5001820121328833,0.5017378722003935,-0.49467188396020684,0.5033654632151294
1757619199055.9612,190698,UWB3,UWB3,1879.259072070438,-1460.3161271553763,1388.3777573557463,-0.7060562992927559,-0.0005258293816639111,0.7081536436592529,-0.001625639752103683
1757619199055.9612,190698,UWB4,UWB4,-749.4005615443465,-1868.4646660956744,1445.0574010810253,-0.13740607424895346,0.5954000637916359,0.0979855860119893,0.7855043982883191
1757619199055.9612,190698,UWB1,UWB1,-168.8522432154269,-443.41458830749133,238.4485460743118,0.018594407535490458,0.33937893199723573,0.06660800122430557,0.9381042387164247
1757619199055.9612,190698,LeftRS,LeftRS,-215.22704271561713,-481.0136032658496,250.71203248740085,-0.010251303706863123,-0.5637573911741333,0.8258408045767051,-0.0077123384874750005
1757619199073.958,190699,April7,April7,1192.4061956095225,1529.716307311361,1642.9184597622063,-0.6843167550733262,0.1827623449310784,-0.18373426511690527,0.6815792131683285
1757619199073.958,190699,UWB2,UWB2,-1223.064000088585,2021.8049025273292,1719.5636451400312,0.5007313256695364,0.5007947946569291,-0.49537840625805213,0.5030635623367938
1757619199073.958,190699,UWB3,UWB3,1879.2960008426926,-1460.286906938591,1388.3674800752706,-0.7058184188492366,-0.00014526990355638337,0.7083912254829877,-0.001486663556389002
1757619199073.958,190699,UWB4,UWB4,-749.414291870818,-1868.4575165491042,1445.2750331514462,-0.1412899603104098,0.5982621108976066,0.09432939963737885,0.7830846430264575
1757619199073.958,190699,UWB1,UWB1,-168.86398279655535,-443.41536358918825,238.42556467387126,0.01908540408944638,0.33899625566334174,0.06634301283591122,0.9382515071369889
1757619199073.958,190699,LeftRS,LeftRS,-215.20397067757796,-481.05132403586725,250.73013981891367,-0.009843949733600569,-0.5626705363389116,0.8265845192045894,-0.007937052415194552
1757619199077.9292,190700,April7,April7,1192.5978925328493,1529.5712920049282,1642.8410854814686,-0.6844744666202953,0.1829417191777728,-0.1841654831619165,0.6812562709736191
1757619199077.9292,190700,UWB2,UWB2,-1223.051037506291,2021.8338524282526,1719.5893766067688,0.5008387613999373,0.5008044782556146,-0.4955228591972003,0.5028046396479748
1757619199077.9292,190700,UWB3,UWB3,1879.2942205455076,-1460.2961343314432,1388.3841113162161,-0.7057244848761555,-0.00023842096747162856,0.7084847863581605,-0.0014839476941782804
1757619199077.9292,190700,UWB4,UWB4,-749.3686571852296,-1868.4282057260625,1445.0833419613487,-0.13767975293615506,0.5958255889219787,0.0979418440598459,0.7851391904620311
1757619199077.9292,190700,UWB1,UWB1,-168.85468878660834,-443.4189329093322,238.46073239104413,0.01883155272307202,0.33907148573010576,0.06659247113559394,0.9382117793839896
1757619199077.9292,190700,LeftRS,LeftRS,-215.1645321436071,-481.4293004090813,250.68177774358492,-0.006802466534442003,-0.5508840040140277,0.8345267582933654,-0.006755017608221113
1757619199084.9575,190701,April7,April7,1192.3778852286694,1529.7136935824467,1642.9718985479817,-0.6843453851382252,0.18278842777725174,-0.18370210775846138,0.6815521404234847
1757619199084.9575,190701,UWB2,UWB2,-1223.0395096053653,2021.7519983553304,1719.633280060364,0.5004528530741633,0.5016812637660384,-0.4943510625733968,0.5034678523685441
1757619199084.9575,190701,UWB3,UWB3,1879.263822578466,-1460.3130338779963,1388.3683993668312,-0.7059484764774091,-0.0005649285183830322,0.7082609116850576,-0.0017059877037391546
1757619199084.9575,190701,UWB4,UWB4,-749.4328256579945,-1868.4799880988721,1445.0498025952372,-0.13619145313838132,0.5952485281834612,0.09767067446647014,0.7858699110773643
1757619199084.9575,190701,UWB1,UWB1,-168.8667198002029,-443.41895219712967,238.47472957160034,0.018838117520678477,0.33903199139835694,0.0666260707288851,0.9382235345779657
1757619199084.9575,190701,LeftRS,LeftRS,-215.1650243168941,-481.41769534437924,250.6782925419903,-0.007291035705176246,-0.5517833595506061,0.8339292370973357,-0.006632679371740738
1757619199093.958,190702,April7,April7,1192.3894583657066,1529.707351395728,1642.9634589081434,-0.6843251912412766,0.1828134363114751,-0.1836825284849183,0.6815709859332099
1757619199093.958,190702,UWB2,UWB2,-1223.0334328528186,2021.7888107726046,1719.605814220374,0.5006635411405496,0.5005929117186058,-0.4954060058325939,0.5033047234972958
1757619199093.958,190702,UWB3,UWB3,1879.2696808396308,-1460.3051620353058,1388.3818652215882,-0.7060056564671783,-0.00034224635569406675,0.7082045056698405,-0.0015079962591415647
1757619199093.958,190702,UWB4,UWB4,-749.3837518933619,-1868.4248082888082,1445.2946234449348,-0.14136458367260737,0.5984720882807999,0.09485824569837252,0.7828468095706312
1757619199093.958,190702,UWB1,UWB1,-168.85561385519503,-443.4065300159711,238.46963217244274,0.018791525160627376,0.3392013456845259,0.06640324765229835,0.9381790524037359
1757619199093.958,190702,LeftRS,LeftRS,-215.22163323065513,-481.01852825177986,250.74952178328547,-0.010061290068525661,-0.5633877848697694,0.8260935317753366,-0.007902598347524312
1757619199105.9307,190703,April7,April7,1192.389692289352,1529.726422974128,1642.9492975484663,-0.6843756511741083,0.18288488534767702,-0.1837980128156247,0.6814700120155031
1757619199105.9307,190703,UWB2,UWB2,-1223.0081907111314,2021.7603217309436,1719.622226860104,0.5005368862394778,0.5016816054263518,-0.49469662336135717,0.5030443749068249
1757619199105.9307,190703,UWB3,UWB3,1879.259589293284,-1460.306817237818,1388.3944346929263,-0.705953298524565,-0.0005776248845540298,0.7082562791444568,-0.0016277912115669404
1757619199105.9307,190703,UWB4,UWB4,-749.3746832320212,-1868.448853113932,1445.0698083043344,-0.13714476476125262,0.5957642752426008,0.0981285781337147,0.7852560244892711
1757619199105.9307,190703,UWB1,UWB1,-168.85513549017008,-443.40777882740616,238.4924005406117,0.01850491669462473,0.33930260497651166,0.06668825149006431,0.9381279163458873
1757619199105.9307,190703,LeftRS,LeftRS,-215.21144338713142,-481.04004224734405,250.7412505910769,-0.010232884940583248,-0.5632981179015972,0.8261513739992814,-0.008026560496904783
1757619199114.96,190704,April7,April7,1192.4040144921491,1529.747175524934,1642.945300383979,-0.6843005288196771,0.18294863819021548,-0.18385495270024327,0.6815129774326
1757619199114.96,190704,UWB2,UWB2,-1223.021656713726,2021.8568194605718,1719.6044587078268,0.5009076966102051,0.5004301195291627,-0.49617200785213295,0.5024684204690575
1757619199114.96,190704,UWB3,UWB3,1879.2649158429901,-1460.3045954102718,1388.383164075887,-0.7059135206033573,-0.0005234000443110269,0.7082962191893304,-0.0015143856401438334
1757619199114.96,190704,UWB4,UWB4,-749.37503103176,-1868.4462079281666,1445.298297709084,-0.1415197866935173,0.5985091325006631,0.0948615653976287,0.7827900431775027
1757619199114.96,190704,UWB1,UWB1,-168.85126560365194,-443.4063464119033,238.48108519124108,0.018491595136866615,0.3394689298665699,0.06673441213413235,0.9380647231410272
1757619199114.96,190704,LeftRS,LeftRS,-215.20897470517474,-481.0294419888028,250.7605781664305,-0.009635035665161017,-0.5619996632573179,0.8270379780890524,-0.008469202132695452
1757619199125.9585,190705,April7,April7,1192.3800648925703,1529.7435588408862,1642.9332918482849,-0.6843501299700855,0.1829640729632344,-0.1839411747930174,0.6814357576693464
1757619199125.9585,190705,UWB2,UWB2,-1223.031362874507,2021.7753238107168,1719.6050956731162,0.5008774998931338,0.5014511675035283,-0.49491237221774853,0.502722786967085
1757619199125.9585,190705,UWB3,UWB3,1879.2376271068993,-1460.3018368856337,1388.3570817907505,-0.7060508502290856,-0.0005794319056484983,0.7081585369166993,-0.0018296834294413982
1757619199125.9585,190705,UWB4,UWB4,-749.3898675689181,-1868.4531079860399,1445.2918099902136,-0.1414985576686931,0.5984488797763778,0.09482316826561965,0.7828445971150009
1757619199125.9585,190705,UWB1,UWB1,-168.83817231292733,-443.41700090925394,238.45856742198785,0.018568657794560847,0.3393310903751554,0.06679767011774344,0.9381085690469723
1757619199125.9585,190705,LeftRS,LeftRS,-215.23305843141782,-480.98835697219926,250.70469877062126,-0.010343863401455149,-0.5644111311691914,0.8253918587304173,-0.007833201375721653
1757619199135.9617,190706,April7,April7,1192.3923789050555,1529.7655899446806,1642.903236405628,-0.6843023201136486,0.18289335501250648,-0.18382812853344596,0.6815332527024914
1757619199135.9617,190706,UWB2,UWB2,-1223.0843679523891,2021.7947093784567,1719.6209329631315,0.5005614274359518,0.5014248110356956,-0.49478098488391226,0.5031929980021637
1757619199135.9617,190706,UWB3,UWB3,1879.240160719736,-1460.3058168753541,1388.3620945760492,-0.7061267942681524,-0.0006013316488462274,0.708082908581483,-0.0017842061589961992
1757619199135.9617,190706,UWB4,UWB4,-749.3982586044998,-1868.4311707210775,1445.0544351428834,-0.1372842997995149,0.5953433777597377,0.09790960063291632,0.7855781270440809
1757619199135.9617,190706,UWB1,UWB1,-168.8526867490058,-443.40297499048063,238.43536365694675,0.018711697386854142,0.33910748615207237,0.06665251914856041,0.9381969019921542
1757619199135.9617,190706,LeftRS,LeftRS,-215.1952213669091,-481.0252649470189,250.7212158260961,-0.009164371625855533,-0.5626502633394468,0.8266034002049142,-0.00821670410984614
1757619199146.93,190707,April7,April7,1192.6396367913142,1529.6072758685968,1642.8097435479601,-0.6844307217157403,0.18307584630175436,-0.18434931432846285,0.6812144684159263
1757619199146.93,190707,UWB2,UWB2,-1222.9829607586546,2021.8842228406768,1719.5680627590527,0.5013392465015302,0.5007166552135023,-0.49614193476623614,0.5017817968753916
1757619199146.93,190707,UWB3,UWB3,1879.2863680893959,-1460.2952453450916,1388.3565857810297,-0.7059009659289951,-0.00034450189899112166,0.7083086546519489,-0.0015991760689883152
1757619199146.93,190707,UWB4,UWB4,-749.40332067305,-1868.4564743680749,1445.2768575494315,-0.141379057888786,0.5983123633948148,0.09510889197727786,0.7829358699575879
1757619199146.93,190707,UWB1,UWB1,-168.84387219162,-443.4345160527763,238.4275530426909,0.019217745038726843,0.3392115836048986,0.06670719651162854,0.9381451538847505
1757619199146.93,190707,LeftRS,LeftRS,-215.12889419403126,-481.42184503419355,250.63808109510717,-0.006288157475758043,-0.5505848034968868,0.8347238576924235,-0.00727424449228423
1757619199156.9468,190708,April7,April7,1192.4006193231296,1529.7585648026625,1642.939933121377,-0.6842833189553194,0.18293943254134934,-0.18378898338255834,0.6815505212441317
1757619199156.9468,190708,UWB2,UWB2,-1223.0658504271623,2021.7546985157214,1719.5962370041652,0.5006596882827944,0.5018513544904907,-0.4945044794869295,0.5029417603381093
1757619199156.9468,190708,UWB3,UWB3,1879.2484539764528,-1460.2983554458503,1388.3604379487965,-0.7060961592482977,-0.0005007991074337903,0.7081136015308029,-0.0017579596502588632
1757619199156.9468,190708,UWB4,UWB4,-749.3703658074458,-1868.477467389725,1445.041230013178,-0.13757693268262203,0.5955785690911173,0.0983591490169912,0.7852924508981809
1757619199156.9468,190708,UWB1,UWB1,-168.85636966619526,-443.40432293722955,238.45215451385116,0.01879665767625742,0.33921734570145384,0.06664652288997622,0.938155914026095
1757619199156.9468,190708,LeftRS,LeftRS,-215.20713242420763,-480.9886096360278,250.70575055211256,-0.010131376821599387,-0.5640715673984045,0.8256316389375792,-0.007281403824323922
1757619199176.9324,190709,April7,April7,1192.4294433923208,1529.7659366679798,1642.9474347124747,-0.6843189984259278,0.18284261015794936,-0.18382071681556275,0.6815321213071149
1757619199176.9324,190709,UWB2,UWB2,-1223.0657066676076,2021.7978531812726,1719.5997189884404,0.5004587698482145,0.5012028577642846,-0.49479928345184404,0.5034981471132423
1757619199176.9324,190709,UWB3,UWB3,1879.2547471028347,-1460.3118260408664,1388.363151345952,-0.7060575653215233,-0.0006550572447076575,0.708151809869768,-0.0018164609605261762
1757619199176.9324,190709,UWB4,UWB4,-749.4558230696554,-1868.4620794714358,1445.0591225601543,-0.13681465270105495,0.5951147705045433,0.09723456019181033,0.785917044628706
1757619199176.9324,190709,UWB1,UWB1,-168.85250018080671,-443.41385767709005,238.45785491345075,0.01885714238850797,0.33913415988016876,0.06664930903159022,0.9381845763968427
1757619199176.9324,190709,LeftRS,LeftRS,-215.20076008887477,-481.0201728956886,250.73040446675023,-0.009813567949338835,-0.5629221403320187,0.8264138643206375,-0.007904597823664034
1757619199180.9282,190710,April7,April7,1192.4091741012244,1529.7193689227515,1642.9673817715932,-0.684345115866108,0.1829115605876373,-0.18378880558010524,0.6814960002355381
1757619199180.9282,190710,UWB2,UWB2,-1223.0327901778849,2021.794467393517,1719.5927900053332,0.5007409069210881,0.5011123870784896,-0.4953294637611262,0.5027858808503474
1757619199180.9282,190710,UWB3,UWB3,1879.276225619816,-1460.295743955525,1388.378094272373,-0.7059510956179004,-0.00020907438899302224,0.7082591115756679,-0.001427499153011706
1757619199180.9282,190710,UWB4,UWB4,-749.3810190041331,-1868.4487897497079,1445.0679998463895,-0.13726451500257353,0.5955784182421378,0.0976579355178362,0.7854347383937736
1757619199180.9282,190710,UWB1,UWB1,-168.84881496108622,-443.4181905212675,238.46705767883174,0.018796757650516114,0.33933017467765253,0.06653730994587681,0.9381228602055426
1757619199180.9282,190710,LeftRS,LeftRS,-215.1819841806622,-481.43500668525974,250.67534933460666,-0.006143968696511786,-0.550685266828774,0.8346643504983823,-0.0065886685674844125
1757619199184.9612,190711,April7,April7,1192.611634830301,1529.6064086467452,1642.8432919204479,-0.6844516202993214,0.18305248786872858,-0.18431786209571652,0.6812082588072219
1757619199184.9612,190711,UWB2,UWB2,-1223.0925531528076,2021.8074035679197,1719.5961850862047,0.500672124505087,0.5010433719435559,-0.49482298192341995,0.5034214732561666
1757619199184.9612,190711,UWB3,UWB3,1879.2463439827843,-1460.3167351066359,1388.383214886193,-0.7060236438205485,-0.0007821919344579104,0.7081857495596444,-0.0017165846258321569
1757619199184.9612,190711,UWB4,UWB4,-749.3989876829013,-1868.4172909707984,1445.0890830493274,-0.13726391868429583,0.5958423722663335,0.09760319929051707,0.7852414275416923
1757619199184.9612,190711,UWB1,UWB1,-168.86328825935502,-443.40601635121516,238.48243323658102,0.01862792966239812,0.3392991128578201,0.06648616600225066,0.9381410885259798
1757619199184.9612,190711,LeftRS,LeftRS,-215.1589015964222,-481.43537094719403,250.6731695602163,-0.006989127249125115,-0.5510212724286905,0.834433288064948,-0.0069135519439796796
1757619199196.9602,190712,April7,April7,1192.6051639235939,1529.5809506454336,1642.8461129943303,-0.6846178102801109,0.18303573208021817,-0.18425265143772687,0.6810633854989506
1757619199196.9602,190712,UWB2,UWB2,-1223.0735498809036,2021.8286125386428,1719.6202395417308,0.5009635158552785,0.5008403684867594,-0.49566218052296684,0.5025071978342032
1757619199196.9602,190712,UWB3,UWB3,1879.25455861983,-1460.308345926768,1388.365595806556,-0.7059982636082754,-0.0005582276923255321,0.7082110961041703,-0.0017842418203370487
1757619199196.9602,190712,UWB4,UWB4,-749.4537894506082,-1868.4715969957747,1445.2925273827495,-0.14080228311013068,0.5982851622721861,0.09423834813914965,0.7831658288101717
1757619199196.9602,190712,UWB1,UWB1,-168.8606160738511,-443.407372307488,238.4817023009459,0.018477152245793944,0.3393202915814785,0.06652129386057741,0.9381339200930009
1757619199196.9602,190712,LeftRS,LeftRS,-215.23422671570975,-481.00930524400036,250.73642873769228,-0.010221685560589666,-0.5642925319835151,0.8254772006993154,-0.007539669591974223
1757619199205.9592,190713,April7,April7,1192.4115319207267,1529.7341098557888,1642.9686840134386,-0.6844047552373593,0.1828732820931237,-0.1836648984073,0.681479786052393
1757619199205.9592,190713,UWB2,UWB2,-1223.020276151489,2021.8375455521905,1719.6168088022146,0.501042929560538,0.5007717623577733,-0.49575250591462416,0.5024072826321831
1757619199205.9592,190713,UWB3,UWB3,1879.2631265258558,-1460.3109514982461,1388.3763682653805,-0.7059002010953989,-0.0006624139213969776,0.7083090879910354,-0.001644132166227185
1757619199205.9592,190713,UWB4,UWB4,-749.3528375414918,-1868.4308972795172,1445.093501779811,-0.1382430838035151,0.5956352192387879,0.09874333013325418,0.785084256712011
1757619199205.9592,190713,UWB1,UWB1,-168.85911928522734,-443.4181443770082,238.4507527017298,0.01865357009984752,0.33908568147525636,0.06650529830886327,0.9382163877474323
1757619199205.9592,190713,LeftRS,LeftRS,-215.17582047562857,-481.4180132449997,250.65900907849033,-0.007077838329469864,-0.551686061299672,0.8339960492108792,-0.006556208727697468
1757619199215.9624,190714,April7,April7,1192.4404824127673,1529.763271490826,1642.9464864293866,-0.6843092938542681,0.1828762279648798,-0.1837389233198327,0.6815549014182783
1757619199215.9624,190714,UWB2,UWB2,-1223.0258898963118,2021.913115665512,1719.588372718398,0.501541177843852,0.4995409077151007,-0.4971039936547211,0.5017997089862668
1757619199215.9624,190714,UWB3,UWB3,1879.2842724122738,-1460.2973697531502,1388.3592915504912,-0.7059542498558578,-0.00018332383886407165,0.7082555378635632,-0.0016299044198948042
1757619199215.9624,190714,UWB4,UWB4,-749.3723434364263,-1868.4536570331875,1445.290869343047,-0.14193647320368732,0.5986120304137623,0.09502630602118839,0.7826159184314995
1757619199215.9624,190714,UWB1,UWB1,-168.84721985583468,-443.4076702839783,238.4551084676155,0.018822964133403237,0.3392718504730216,0.06643575457859192,0.9381506265048366
1757619199215.9624,190714,LeftRS,LeftRS,-215.18845768664417,-481.4225095158664,250.6395978030654,-0.007000417799323783,-0.551635678738202,0.8340335197900937,-0.0060958969992656225
1757619199225.9673,190715,April7,April7,1192.4155920387682,1529.767661113337,1642.941476476991,-0.6843436013662039,0.18286308312745397,-0.18372798211738658,0.681526930271526
1757619199225.9673,190715,UWB2,UWB2,-1223.0140038636291,2021.7829209926224,1719.580520608319,0.500603604943637,0.5014419891556225,-0.49501505130509643,0.5029036301424961
1757619199225.9673,190715,UWB3,UWB3,1879.270021416607,-1460.3064322425735,1388.3610546363439,-0.7060063002911083,-0.0003844775333791514,0.7082032381002796,-0.001769087495366189
1757619199225.9673,190715,UWB4,UWB4,-749.4186337402224,-1868.4689211958398,1445.0422668014949,-0.1366205257814718,0.5951952215103185,0.09774183573557975,0.7858269617247274
1757619199225.9673,190715,UWB1,UWB1,-168.84800397094483,-443.4128845653589,238.4602499129555,0.01860831527130239,0.3392557390152268,0.06665279910335324,0.9381453397633461
1757619199225.9673,190715,LeftRS,LeftRS,-215.18076156770312,-480.99610564457913,250.68763854972894,-0.010427923037796534,-0.5641500805172135,0.8255724849053226,-0.007484466633643897
1757619199235.9602,190716,April7,April7,1192.5995520504746,1529.612616798177,1642.8514957389693,-0.6844308074312748,0.1830184976284292,-0.184281051478076,0.6812482612314991
1757619199235.9602,190716,UWB2,UWB2,-1223.0824924974704,2021.7895770902792,1719.602857702183,0.5008135760089967,0.5009438103631038,-0.4950681337054461,0.5031387521682086
1757619199235.9602,190716,UWB3,UWB3,1879.2221888570384,-1460.3053133182243,1388.3610442630825,-0.7061080579161921,-0.0007721227321669446,0.7081005415011936,-0.0021065369748691646
1757619199235.9602,190716,UWB4,UWB4,-749.3902542595645,-1868.4843759210796,1445.0715460965155,-0.13625990758275106,0.5953523281819072,0.09720020495282425,0.7858377460208004
1757619199235.9602,190716,UWB1,UWB1,-168.84910515992593,-443.3981014091995,238.45948166133905,0.018383953301078573,0.33923896698118966,0.06667126585670174,0.9381545159789108
1757619199235.9602,190716,LeftRS,LeftRS,-215.1526231675661,-481.3945399817042,250.66300727169997,-0.006988407069103708,-0.5514620173895104,0.8341432957480264,-0.006765183068377483
1757619199245.9639,190717,April7,April7,1192.411510014458,1529.756974998777,1642.9366624031857,-0.684376395781562,0.18286692249708536,-0.18386162711427037,0.6814569242647527
1757619199245.9639,190717,UWB2,UWB2,-1223.0349181809959,2021.762089473563,1719.5878453010714,0.5003452084121125,0.5012550039770979,-0.49511485452312276,0.5032488194099477
1757619199245.9639,190717,UWB3,UWB3,1879.237521996263,-1460.2941289935425,1388.3412628157075,-0.7061805888409491,-0.0005454418113112859,0.7080290938987921,-0.0018656447508367446
1757619199245.9639,190717,UWB4,UWB4,-749.4199697487118,-1868.4561481904464,1445.049984979671,-0.13659214139434506,0.5954313133186977,0.09791784300831984,0.7856311055765779
1757619199245.9639,190717,UWB1,UWB1,-168.84870705861144,-443.41227628430113,238.45284307363949,0.018766917237396263,0.3391562839307839,0.06677563165715406,0.9381694052272512
1757619199245.9639,190717,LeftRS,LeftRS,-215.14921594677705,-481.39843836507214,250.66052234132817,-0.006387278049267286,-0.5506481095322713,0.8346855608768807,-0.006773227539650691
1757619199256.9304,190718,April7,April7,1192.6345509046746,1529.6072803011812,1642.811874785175,-0.6844334180052661,0.1829875375714694,-0.1843522230847066,0.6812346990978111
1757619199256.9304,190718,UWB2,UWB2,-1223.0714430850462,2021.7814889374106,1719.6179602774603,0.5002902317398394,0.5016175567812968,-0.49471084049149644,0.5033395425104783
1757619199256.9304,190718,UWB3,UWB3,1879.2205966245074,-1460.3033267951027,1388.3484228857355,-0.7062380638742065,-0.0007877172385867176,0.7079714851888069,-0.001884886288106654
1757619199256.9304,190718,UWB4,UWB4,-749.3425155325873,-1868.412320522115,1445.3183043758218,-0.14196529385196854,0.59876078356296,0.09507170020961625,0.7824913745389449
1757619199256.9304,190718,UWB1,UWB1,-168.85281330234835,-443.41490696661134,238.44268681964317,0.01931069569286502,0.3392274447528837,0.06640526111263692,0.9381589305948377
1757619199256.9304,190718,LeftRS,LeftRS,-215.15340741941426,-481.40705116554267,250.64925753981498,-0.006430904654594356,-0.5509532548797713,0.8344822648173157,-0.006964489074760409
1757619199267.93,190719,April7,April7,1192.4148730230716,1529.7468254968458,1642.9554157800192,-0.6842867350863862,0.1828829682394946,-0.18384844855708934,0.6815462068531211
1757619199267.93,190719,UWB2,UWB2,-1223.0261925690024,2021.7911509751173,1719.59333804614,0.500779484633784,0.500619513961324,-0.4955785159042,0.5029929866163545
1757619199267.93,190719,UWB3,UWB3,1879.262134237564,-1460.301241154596,1388.360520615803,-0.7059350701445318,-0.0005017565996453859,0.7082742189215894,-0.0017480821955869026
1757619199267.93,190719,UWB4,UWB4,-749.4059163588854,-1868.4362179065558,1445.0603681763664,-0.13695420801262304,0.5952955861135063,0.09761143176153073,0.7857090545811958
1757619199267.93,190719,UWB1,UWB1,-168.85292419450505,-443.41105547850236,238.4491767118175,0.018719899105949282,0.33910470632373313,0.0667280324485225,0.9381923753751715
1757619199267.93,190719,LeftRS,LeftRS,-215.22086356242968,-481.00619541829263,250.71551524790183,-0.009634389779185949,-0.5636187580685792,0.8259465715252488,-0.007303086505200763
1757619199275.958,190720,April7,April7,1192.425327342526,1529.7451971497296,1642.9624433967165,-0.6842505633673255,0.18290551366869753,-0.18385551230274108,0.6815745668648326
1757619199275.958,190720,UWB2,UWB2,-1223.085479615645,2021.8056368037526,1719.5941029291105,0.5011146724459261,0.5011375233133982,-0.4948198719950977,0.5028902087588112
1757619199275.958,190720,UWB3,UWB3,1879.2246519972664,-1460.3077932316205,1388.359402084547,-0.7062106639795909,-0.0005639215010959044,0.7079987400492158,-0.0019910205345111576
1757619199275.958,190720,UWB4,UWB4,-749.3689853850304,-1868.440031477642,1445.3032128382617,-0.14195180077413233,0.5985655867375781,0.09511215423577007,0.7826382323571415
1757619199275.958,190720,UWB1,UWB1,-168.86099301607746,-443.3916853264267,238.4722096844414,0.01827160936617363,0.3393328965420359,0.06665847026078697,0.9381236496102493
1757619199275.958,190720,LeftRS,LeftRS,-215.22093128645105,-481.0341937955534,250.72308196557506,-0.009847101347705788,-0.563455658005821,0.8260500945809178,-0.007873836366862997
1757619199287.9587,190721,April7,April7,1192.655408971756,1529.6049685022303,1642.8427001254156,-0.6844147908971147,0.18299155184122848,-0.18436620016165223,0.6812485524343899
1757619199287.9587,190721,UWB2,UWB2,-1223.057051305955,2021.784337376014,1719.6017691838688,0.5010987921411928,0.5012070034313344,-0.4949802698654035,0.5026788961852213
1757619199287.9587,190721,UWB3,UWB3,1879.2275128220672,-1460.3119941917198,1388.356552602846,-0.7061919842772305,-0.0006933091312250418,0.7080170611046244,-0.0020595751521302022
1757619199287.9587,190721,UWB4,UWB4,-749.4329278297535,-1868.4543148807793,1445.0741666565189,-0.1370135872591685,0.595144552584165,0.09755425062432997,0.7858202126573824
1757619199287.9587,190721,UWB1,UWB1,-168.83895435408505,-443.41396045913206,238.45906206479816,0.018295382811047232,0.3392679165840341,0.06663156384434392,0.9381485993403088
1757619199287.9587,190721,LeftRS,LeftRS,-215.2107838699867,-481.0268935535019,250.73481553603062,-0.009847516341456345,-0.5638421182382176,0.8257865069388287,-0.007857294719707603
1757619199294.9587,190722,April7,April7,1192.4289123117533,1529.7319497775231,1642.9654739776834,-0.6843932140731702,0.1828718325952736,-0.18373626753853112,0.6814725272267779
1757619199294.9587,190722,UWB2,UWB2,-1223.0807860637922,2021.8073780184725,1719.6127411023185,0.5009002190927998,0.5011269729886482,-0.4947804697212612,0.5031530723730384
1757619199294.9587,190722,UWB3,UWB3,1879.2849986833512,-1460.299494200148,1388.3746977368417,-0.7059508051891882,-0.00026975825847963016,0.708259269072336,-0.001481774726169711
1757619199294.9587,190722,UWB4,UWB4,-749.3892613240164,-1868.4568147311334,1445.0697070041774,-0.13726620270130732,0.5955674172310015,0.09832362361891156,0.7853597304211647
1757619199294.9587,190722,UWB1,UWB1,-168.84968142656956,-443.41048678861193,238.456437540233,0.01872376405184974,0.3390977150049498,0.06646451972706897,0.938213530042923
1757619199294.9587,190722,LeftRS,LeftRS,-215.20414414711914,-481.0282614155186,250.73930764416784,-0.010656849284361124,-0.5639184661053847,0.8257258554774738,-0.007694591910857882
1757619199306.9587,190723,April7,April7,1192.6404395267607,1529.600268960013,1642.8290842561569,-0.6845555065172835,0.1829776061558554,-0.1841893388154398,0.6811587491980626
1757619199306.9587,190723,UWB2,UWB2,-1223.0404900191522,2021.7716589957606,1719.5928909191896,0.5005228449959447,0.5014427419667539,-0.49470914711118646,0.5032841324048989
1757619199306.9587,190723,UWB3,UWB3,1879.2660644622079,-1460.3129406256674,1388.3870838515652,-0.7060486186413258,-0.0005441926871316639,0.7081612887623333,-0.00162513613774125
1757619199306.9587,190723,UWB4,UWB4,-749.3865056151327,-1868.4517364673466,1445.0642937551124,-0.13686421856264988,0.5958620238346544,0.09793794127889018,0.7852546044990489
1757619199306.9587,190723,UWB1,UWB1,-168.8490399464007,-443.42397115282665,238.45343807963988,0.018541460808589084,0.3391767166275059,0.06668801343676456,0.9381727335585521
1757619199306.9587,190723,LeftRS,LeftRS,-215.19621069696436,-481.0445799416875,250.72960481781743,-0.009840138040468035,-0.5630825304184667,0.826299550884324,-0.008383783706982046
1757619199314.9275,190724,April7,April7,1192.6333419757527,1529.6007454711282,1642.8490291198673,-0.6844364012663559,0.18305610503453415,-0.18431162417265934,0.6812242657348474
1757619199314.9275,190724,UWB2,UWB2,-1223.0518643081023,2021.8001853987203,1719.589999585603,0.5010010831058233,0.5003747302734771,-0.4956467414120608,0.5029486571789837
1757619199314.9275,190724,UWB3,UWB3,1879.2739006662239,-1460.30005097624,1388.3785164195674,-0.7060900455124671,-0.00036790676145418214,0.708120634963522,-0.0013706245567971303
1757619199314.9275,190724,UWB4,UWB4,-749.4017371936092,-1868.423405587846,1445.0752365215685,-0.13729788780295013,0.5955487992154853,0.09766793179523019,0.7854501211768221
1757619199314.9275,190724,UWB1,UWB1,-168.86469624702175,-443.4280364273769,238.4545743788461,0.018849729129617052,0.3390679817622524,0.06664867566320559,0.9382086897315298
1757619199314.9275,190724,LeftRS,LeftRS,-215.21977104247256,-481.00375419894567,250.71650131436775,-0.01024064323946677,-0.5646129915525735,0.825260798849923,-0.007205059172728152
1757619199325.9622,190725,April7,April7,1192.6426571527988,1529.6044743848017,1642.8273771747242,-0.6844407041387102,0.18305508429031472,-0.18428893976655142,0.6812263539480051
1757619199325.9622,190725,UWB2,UWB2,-1223.0380249876384,2021.7774735543912,1719.5790963302206,0.5006401689272892,0.5014597568970736,-0.49485276759722147,0.5030092164866901
1757619199325.9622,190725,UWB3,UWB3,1879.2452586523448,-1460.3206357497277,1388.3711078287952,-0.7061222409608134,-0.0007245727853937143,0.7080872217238812,-0.0018281810941403471
1757619199325.9622,190725,UWB4,UWB4,-749.3443817062009,-1868.4577631500438,1445.297851092826,-0.14215653311378415,0.5987772821867435,0.09536273463548901,0.7824086114511828
1757619199325.9622,190725,UWB1,UWB1,-168.85807086417313,-443.4210230538148,238.45502491189197,0.018677296794265358,0.33912148027479583,0.06663263884676143,0.9381939413793969
1757619199325.9622,190725,LeftRS,LeftRS,-215.21272841037668,-481.0292453358479,250.73477326305354,-0.009838691255263444,-0.5634756562531806,0.8260356229566825,-0.007970857607352827
1757619199334.96,190726,April7,April7,1192.3899502818576,1529.743394367755,1642.954338906011,-0.6843019448425471,0.18297183141461246,-0.1838138256098023,0.6815164229189047
1757619199334.96,190726,UWB2,UWB2,-1223.0169302526704,2021.7432065267328,1719.5870771887412,0.5001493940236642,0.5015060908870481,-0.49491605064959127,0.5033888430133951
1757619199334.96,190726,UWB3,UWB3,1879.2479755564975,-1460.314089557977,1388.3778697246712,-0.7061267185567319,-0.0008127767905763074,0.7080832580852019,-0.001579985327789598
1757619199334.96,190726,UWB4,UWB4,-749.3730898236441,-1868.457810384842,1445.291632763787,-0.1413393806302261,0.5987887532987632,0.09501933797932594,0.7825896330874488
1757619199334.96,190726,UWB1,UWB1,-168.8568208016644,-443.41369397804056,238.46645774579045,0.01885262619565807,0.3393590207890496,0.06656580043032177,0.9381092834567276
1757619199334.96,190726,LeftRS,LeftRS,-215.20095559744905,-480.974717748622,250.72383325680744,-0.01012132646879103,-0.5646018450412471,0.8252669467771203,-0.007535375485096594
1757619199345.9597,190727,April7,April7,1192.6277661186361,1529.6247134305042,1642.8182798931628,-0.6845170067606071,0.18290119004090297,-0.1843535149938201,0.681173548845332
1757619199345.9597,190727,UWB2,UWB2,-1223.0346974091813,2021.827465114986,1719.5787272978237,0.5007967215689643,0.5004270648880376,-0.4960193768003975,0.5027327065467956
1757619199345.9597,190727,UWB3,UWB3,1879.2493388761184,-1460.3100307196883,1388.3630222016973,-0.7061830623976821,-0.0006909992861835608,0.7080269758866394,-0.0016752072821243007
1757619199345.9597,190727,UWB4,UWB4,-749.4003653203907,-1868.4516949257388,1445.296583673888,-0.14152548318935818,0.5984468024435737,0.09456987386084913,0.7828719570983649
1757619199345.9597,190727,UWB1,UWB1,-168.85446780988266,-443.42686274494264,238.45904089171987,0.019223249166874526,0.3391016100888618,0.06684393665347216,0.9381750651447077
1757619199345.9597,190727,LeftRS,LeftRS,-215.15856249769894,-481.3980059121137,250.67550568350782,-0.0068646632637811445,-0.5511587845945769,0.8343454645263768,-0.006672060159230063
1757619199355.9297,190728,April7,April7,1192.4315546933688,1529.7600342075173,1642.913659167183,-0.6842890182943079,0.18288211936212223,-0.1838852859493738,0.6815342041825547
1757619199355.9297,190728,UWB2,UWB2,-1223.0416040617476,2021.764832286807,1719.5872749885943,0.5003016054985479,0.5017570032381412,-0.494853605620032,0.5030488268964647
1757619199355.9297,190728,UWB3,UWB3,1879.2839088510382,-1460.2904699230396,1388.371742478617,-0.7059580261845789,-0.00038380741187604944,0.7082522346153454,-0.0013748162837758956
1757619199355.9297,190728,UWB4,UWB4,-749.4398240457722,-1868.4733028890464,1445.0528465767804,-0.13667627685748274,0.5950597672044492,0.0976038625995796,0.7859369916250323
1757619199355.9297,190728,UWB1,UWB1,-168.83976412884965,-443.40905643856945,238.4561247446293,0.018788651582437473,0.33938215459559185,0.06668517334529364,0.938093719928705
1757619199355.9297,190728,LeftRS,LeftRS,-215.2164189183276,-481.00311156403507,250.73827751913058,-0.009641735924300551,-0.5626923953154034,0.8265730124034542,-0.007833284678793538
1757619199369.9329,190729,April7,April7,1192.6505790870067,1529.5952471825724,1642.8306670709644,-0.6844419965377618,0.18303999880504646,-0.1843513720256674,0.6812122164532173
1757619199369.9329,190729,UWB2,UWB2,-1223.0264333621906,2021.7997770390382,1719.6188263191227,0.500635286124017,0.5013726706353815,-0.49489181288629225,0.5030624702416074
1757619199369.9329,190729,UWB3,UWB3,1879.2841707630287,-1460.2941838324828,1388.3799001366724,-0.7060475328615574,-0.00029785706143376775,0.708163338484275,-0.0012159967454553001
1757619199369.9329,190729,UWB4,UWB4,-749.3934241107538,-1868.4820992447815,1445.2815829659653,-0.14116197355458052,0.5983752404220518,0.09479527256492895,0.7829650216780878
1757619199369.9329,190729,UWB1,UWB1,-168.84816633505417,-443.40804747069,238.46921515533322,0.018720873780449444,0.3393273366606182,0.06668156457662815,0.9381151616008138
1757619199369.9329,190729,LeftRS,LeftRS,-215.20681368182588,-481.024494988969,250.72999755620657,-0.00930204394994468,-0.5627794840882239,0.8265158033122446,-0.00802191640825492
1757619199373.9636,190730,April7,April7,1192.6199530645802,1529.61037426942,1642.8358721399736,-0.6844451738246942,0.18293247689835299,-0.18440170004124445,0.6812242846125033
1757619199373.9636,190730,UWB2,UWB2,-1223.0272442966595,2021.7751469046298,1719.6313412510426,0.5005045682990058,0.501490638808956,-0.4951267069617221,0.5028437733054395
1757619199373.9636,190730,UWB3,UWB3,1879.2329138486075,-1460.3075874541578,1388.3584548321035,-0.7062542045718632,-0.0008230109679585782,0.7079555312993576,-0.0018129754978594638
1757619199373.9636,190730,UWB4,UWB4,-749.3410243311407,-1868.4344833648343,1445.0576276396073,-0.1377798836155865,0.5960176921225234,0.09870179414375999,0.7848806088703042
1757619199373.9636,190730,UWB1,UWB1,-168.8465934673693,-443.405200546923,238.46321978942012,0.01875165048806165,0.3391458049196231,0.06663829836138159,0.9381832634410475
1757619199373.9636,190730,LeftRS,LeftRS,-215.20234205864747,-480.9882553077668,250.69779543615107,-0.009880152804406992,-0.5639868594940562,0.825691112144174,-0.007442595294018233
1757619199385.9604,190731,April7,April7,1192.613620912278,1529.615213870423,1642.8250916075167,-0.6844552748046104,0.18295101072053285,-0.18432830998211364,0.6812290206733845
1757619199385.9604,190731,UWB2,UWB2,-1223.0137286646082,2021.761695040691,1719.596427362564,0.5003055775854061,0.5016092665522169,-0.49467651064124263,0.5033662906529247
1757619199385.9604,190731,UWB3,UWB3,1879.237673631249,-1460.3004953195714,1388.3524886200667,-0.7062625035086937,-0.0005468505966647344,0.7079475103276521,-0.001816511199075435
1757619199385.9604,190731,UWB4,UWB4,-749.4265755311508,-1868.5037013384324,1445.0561282325064,-0.13638420755498107,0.5953033394176951,0.0968070522224273,0.7859018237971869
1757619199385.9604,190731,UWB1,UWB1,-168.84728159867777,-443.41064690189114,238.4768721984865,0.018538221900126457,0.3394197258055444,0.06665257282068228,0.9380874258827129
1757619199385.9604,190731,LeftRS,LeftRS,-215.21871577659908,-481.0265713405059,250.72139495070226,-0.009957768550610648,-0.5633722109153501,0.8261047298020622,-0.00797309303249164
1757619199396.9595,190732,April7,April7,1192.4100378091878,1529.7670063915864,1642.954389768418,-0.68433035441196,0.18279647240428532,-0.18378441206261076,0.6815428860972368
1757619199396.9595,190732,UWB2,UWB2,-1223.0468127060692,2021.700082154419,1719.6197526312278,0.4998520006131532,0.5022379064110901,-0.49413595337914246,0.5037208774955821
1757619199396.9595,190732,UWB3,UWB3,1879.2343788046903,-1460.3048409301039,1388.3555458101694,-0.7061715794585546,-0.0005456410464685154,0.7080377520116116,-0.0019860431019217777
1757619199396.9595,190732,UWB4,UWB4,-749.3822668879071,-1868.4701132964676,1445.297116457982,-0.14156494566036337,0.5987426974726354,0.094897431582606,0.782598892065658
1757619199396.9595,190732,UWB1,UWB1,-168.86725990172837,-443.4275169540832,238.4423165882023,0.018826776817694273,0.33901447203854845,0.06674034119437562,0.9382219711136269
1757619199396.9595,190732,LeftRS,LeftRS,-215.20627050623835,-481.2637115169465,250.56125996908958,-0.007949672693093057,-0.5541793411165652,0.8323415425315372,-0.0054421650015096575
1757619199403.9265,190733,April7,April7,1192.3931489959048,1529.7154621704037,1642.953551359943,-0.6843726313930435,0.1828675060849848,-0.18375691598061145,0.6814887911387202
1757619199403.9265,190733,UWB2,UWB2,-1223.02052880845,2021.808185533643,1719.5789319535772,0.5010826421178217,0.5003793847333632,-0.49598636348983216,0.5025277945887334
1757619199403.9265,190733,UWB3,UWB3,1879.272764627547,-1460.304591599754,1388.3879373712673,-0.7059017318987938,-0.0005212965175895473,0.708307995248827,-0.0015023377822678133
1757619199403.9265,190733,UWB4,UWB4,-749.392678296363,-1868.44668311898,1445.0713029892554,-0.13753418913202842,0.595499119442015,0.09782327447977729,0.7854271147176131
1757619199403.9265,190733,UWB1,UWB1,-168.87939140290248,-443.4169868896632,238.46134996954206,0.01894465110242653,0.3389922034846257,0.06660028423828175,0.938237596939403
1757619199403.9265,190733,LeftRS,LeftRS,-215.220941970257,-481.024006578091,250.72059446362195,-0.0101194958843132,-0.5639945996863172,0.8256803739639511,-0.0077205814851022125
1757619199415.9268,190734,April7,April7,1192.5945280854305,1529.5806811932089,1642.8406400183533,-0.6845279414983827,0.18299604798034314,-0.18425076867240772,0.68116488310481
1757619199415.9268,190734,UWB2,UWB2,-1223.0314460061354,2021.7741189284684,1719.579660968439,0.5006782538111794,0.5009677591837234,-0.4951012279521862,0.5032170153117486
1757619199415.9268,190734,UWB3,UWB3,1879.262333242636,-1460.3005910865754,1388.3495448286872,-0.7060294660119817,-0.00037646259067708595,0.7081799555711655,-0.0018444310710859402
1757619199415.9268,190734,UWB4,UWB4,-749.3899106674646,-1868.490752507489,1445.2722666216273,-0.14140975553652982,0.5985005526735194,0.09491011624883314,0.7828106024590007
1757619199415.9268,190734,UWB1,UWB1,-168.86330143875443,-443.4086585360594,238.4713846571437,0.01848885440104506,0.3392730501542995,0.06659426084844185,0.9381455985741152
1757619199415.9268,190734,LeftRS,LeftRS,-215.20548496058314,-481.01386517281,250.7440579513941,-0.01022775111547571,-0.5646225367968336,0.8252528460538706,-0.007384045518193657
1757619199425.9268,190735,April7,April7,1192.3900583338936,1529.7261290769663,1642.959344320918,-0.6843634049118633,0.18282967421137405,-0.18379357510980018,0.6814983213431726
1757619199425.9268,190735,UWB2,UWB2,-1223.0307342672352,2021.8918139168086,1719.5844633367224,0.501486618417815,0.4993787219388535,-0.49694590870404587,0.5021721093857087
1757619199425.9268,190735,UWB3,UWB3,1879.239669645572,-1460.2997639963332,1388.3678843593173,-0.7060602032532943,-0.0004998235504975301,0.7081494468507428,-0.001760818935154775
1757619199425.9268,190735,UWB4,UWB4,-749.4305417856627,-1868.468953418086,1445.0628925579274,-0.13689409876360448,0.5951556361981214,0.09765877259588673,0.7858196603295026
1757619199425.9268,190735,UWB1,UWB1,-168.85943652410737,-443.42622124816654,238.4596171161556,0.0189181557488719,0.3392336949837872,0.06649416789960573,0.9381583710685778
1757619199425.9268,190735,LeftRS,LeftRS,-215.15892476468747,-481.4269820090857,250.6622176630311,-0.006888608703785227,-0.5510879892454802,0.8343894518686911,-0.0069869728613302555
1757619199435.9597,190736,April7,April7,1192.4014112497607,1529.7757733665335,1642.9578232065696,-0.6843243410584977,0.18285035833335392,-0.18375555909875027,0.6815422490150723
1757619199435.9597,190736,UWB2,UWB2,-1223.0195274019704,2021.797788345034,1719.6312167160454,0.5007213406668289,0.5011620617701537,-0.49574430104933054,0.5023468073156364
1757619199435.9597,190736,UWB3,UWB3,1879.2416291368306,-1460.3044474449737,1388.3687439790401,-0.7061431679139689,-0.0005957782957226055,0.7080665042395954,-0.0018157727186297312
1757619199435.9597,190736,UWB4,UWB4,-749.3985732630772,-1868.4165160445687,1445.0758691450064,-0.13700731106816774,0.595581081716347,0.0973790650255379,0.7855122465692107
1757619199435.9597,190736,UWB1,UWB1,-168.86267644296504,-443.43088213339996,238.45707077702176,0.01906016475465927,0.3390277516138119,0.06666064987575951,0.9382181257646595
1757619199435.9597,190736,LeftRS,LeftRS,-215.17279780600475,-481.42305694702407,250.6599656958072,-0.006964220075195369,-0.5515328708788692,0.8340962014485788,-0.006820462440995551
1757619199445.9585,190737,April7,April7,1192.3804356931887,1529.7482180169106,1642.9677460610521,-0.6843017773722639,0.1829308217121266,-0.18384691675872405,0.6815186741030634
1757619199445.9585,190737,UWB2,UWB2,-1223.0247028179397,2021.7813004707402,1719.6175351262457,0.5006252211142179,0.5015017188229921,-0.49527757245908377,0.5025639662977859
1757619199445.9585,190737,UWB3,UWB3,1879.211915331064,-1460.3235928469232,1388.362874321935,-0.7061783996162813,-0.0009599870379755692,0.7080302523803316,-0.002075585343649082
1757619199445.9585,190737,UWB4,UWB4,-749.4279601056154,-1868.4632736422839,1445.0445337605508,-0.13725908873341322,0.5952398880008812,0.09781957980901047,0.7856721632454342
1757619199445.9585,190737,UWB1,UWB1,-168.85037619886842,-443.410864471429,238.46966543281368,0.018809581090341455,0.3393938770001568,0.0665261981281312,0.9381003469121121
1757619199445.9585,190737,LeftRS,LeftRS,-215.20959332015948,-480.9900174593442,250.69181981146914,-0.010361791695551544,-0.5648270803265059,0.8251121921875543,-0.007271375808014226
1757619199455.9602,190738,April7,April7,1192.5996731711205,1529.6064327086895,1642.8369917382568,-0.6844609683253322,0.18304956114636375,-0.18432249581650526,0.6811983988084872
1757619199455.9602,190738,UWB2,UWB2,-1223.0450764874017,2021.7662200158597,1719.6585553037621,0.5003763800869687,0.5009095059229143,-0.49528036685705806,0.5033989504687721
1757619199455.9602,190738,UWB3,UWB3,1879.2319914395364,-1460.3077546669056,1388.3645554158568,-0.7061541109847437,-0.000695513247629032,0.7080553300452215,-0.0018807964327462194
1757619199455.9602,190738,UWB4,UWB4,-749.3980022677703,-1868.4700513073183,1445.0452057039722,-0.13739589233879676,0.5954602490510698,0.0979914414348246,0.7854598258179658
1757619199455.9602,190738,UWB1,UWB1,-168.85831707061124,-443.41542598807723,238.4582839927143,0.018770036295425035,0.3391768893679828,0.06665326993127371,0.9381705948619347
1757619199455.9602,190738,LeftRS,LeftRS,-215.1905910267024,-481.03565580760386,250.73633501246914,-0.010027703868061224,-0.5626618728955928,0.8265880916828796,-0.007949127802088531
1757619199465.958,190739,April7,April7,1192.4026031458188,1529.7513902208511,1642.9634938376264,-0.6842759784089698,0.18287236465627318,-0.18384410224150124,0.6815610241852791
1757619199465.958,190739,UWB2,UWB2,-1223.0598978209548,2021.8138935383108,1719.5919381914418,0.5006379686047678,0.5005905886137315,-0.4956427296882866,0.5030993654237633
1757619199465.958,190739,UWB3,UWB3,1879.220695709944,-1460.3155052564748,1388.362669987637,-0.7061361234771135,-0.0009377708550620104,0.7080729365762672,-0.001900577491092309
1757619199465.958,190739,UWB4,UWB4,-749.4502364402315,-1868.4646674509615,1445.064923829659,-0.13652984064386156,0.59504177657067,0.09718991644021698,0.7860273575975115
1757619199465.958,190739,UWB1,UWB1,-168.85286709112344,-443.4238619503411,238.45611629646191,0.018968123262959033,0.3393315377707611,0.06663741418690275,0.9381118125279604
1757619199465.958,190739,LeftRS,LeftRS,-215.2285808209159,-481.22621308066357,250.53801463200742,-0.0071625197687544715,-0.5548386533150066,0.8319115593071295,-0.005091619519625759
1757619199485.9634,190741,April7,April7,1192.3705569701167,1529.7621370568938,1642.940349699417,-0.6843844584701985,0.1830379265262694,-0.1840432205385477,0.6813538900096019
1757619199485.9634,190741,UWB2,UWB2,-1223.0961476983198,2021.7947048977665,1719.604377484605,0.5003330782387201,0.5013417566388558,-0.4948227115080415,0.5034617543034053
1757619199485.9634,190741,UWB3,UWB3,1879.2423529623584,-1460.2994236064121,1388.3637827710202,-0.7061153698407662,-0.0005411729785378373,0.7080943255142357,-0.0017938174335741792
1757619199485.9634,190741,UWB4,UWB4,-749.4357004504177,-1868.4549247279845,1445.078377343375,-0.1368891785712468,0.5951283844853988,0.09744389226848352,0.7858678302548444
1757619199485.9634,190741,UWB1,UWB1,-168.85208894147598,-443.4392044536953,238.44630998053046,0.01905603697630648,0.3392284774261882,0.06673668194191246,0.9381402468934226
1757619199485.9634,190741,LeftRS,LeftRS,-215.18272810694893,-481.02413547897646,250.72188478913816,-0.009653387201479543,-0.5630121167610553,0.8263513274862574,-0.008225087080045492
1757619199493.9592,190742,April7,April7,1192.3753485899076,1529.7645404056395,1642.941504011613,-0.684285386733743,0.18288528027598358,-0.18388927352433104,0.6815359263044911
1757619199493.9592,190742,UWB2,UWB2,-1222.9834489162536,2021.794232867455,1719.632841471813,0.5005717114479227,0.5008114541346722,-0.49581466162149174,0.5027759644481611
1757619199493.9592,190742,UWB3,UWB3,1879.266098020142,-1460.3013233084519,1388.3559094603113,-0.7060433030825073,-0.0002842863468202827,0.7081664528051762,-0.001745988244583051
1757619199493.9592,190742,UWB4,UWB4,-749.4074556309432,-1868.4684619426905,1445.0689292731265,-0.13686196132015235,0.5953001899041416,0.09770215102180493,0.7857103646569814
1757619199493.9592,190742,UWB1,UWB1,-168.85400729225356,-443.42371575766964,238.46733110245464,0.01839897807457189,0.33930549757713846,0.06694834876812038,0.9381104282103275
1757619199493.9592,190742,LeftRS,LeftRS,-215.1795029087668,-481.4103189819467,250.66917289762438,-0.006347318110209897,-0.551509006051738,0.8341152483234723,-0.007019993654138037
1757619199505.9492,190743,April7,April7,1192.415878419735,1529.7438389981764,1642.9536377159284,-0.6842796347822847,0.18285373031323224,-0.1838391233308348,0.681563695824322
1757619199505.9492,190743,UWB2,UWB2,-1223.0596397344227,2021.7514232067606,1719.6249132190428,0.5004964757594176,0.501249746262339,-0.49482455475170967,0.5033891433464928
1757619199505.9492,190743,UWB3,UWB3,1879.2823133525494,-1460.2944958686785,1388.371413727356,-0.7058802129369309,-0.00014868639713532788,0.7083297628781776,-0.0014317462810035583
1757619199505.9492,190743,UWB4,UWB4,-749.383975721663,-1868.440825232461,1445.2922159292618,-0.1417021843822111,0.5985555836944477,0.0946480633091097,0.7827473719415119
1757619199505.9492,190743,UWB1,UWB1,-168.84623633875324,-443.4217675214533,238.4755953869013,0.018569158430003778,0.339289844056573,0.0667575309894972,0.9381263348459281
1757619199505.9492,190743,LeftRS,LeftRS,-215.15741241904283,-481.4089050305554,250.6758099595261,-0.006793152766475732,-0.5511932757684921,0.8343230438438412,-0.0066995771686343755
1757619199515.958,190744,April7,April7,1192.3907600774096,1529.7211337955462,1642.9772030156423,-0.6843448135272567,0.18290052261181275,-0.18377833064063012,0.6815020911293034
1757619199515.958,190744,UWB2,UWB2,-1223.0968954061323,2021.7928225467097,1719.5798811520972,0.5001020096008846,0.5012753031619929,-0.49483596000116237,0.5037444025721148
1757619199515.958,190744,UWB3,UWB3,1879.2776076964103,-1460.3027031266504,1388.3773941133136,-0.7059783191270486,-0.0003158899403476758,0.7082317767418851,-0.0015045095963770524
1757619199515.958,190744,UWB4,UWB4,-749.4069372876937,-1868.4680527126884,1445.0626685712257,-0.13690125806677886,0.5953013675451769,0.09766591452842638,0.7857071314923274
1757619199515.958,190744,UWB1,UWB1,-168.85339189815318,-443.423521986716,238.4529170883681,0.018964770620880655,0.3392013792737519,0.0664598429985664,0.9381715467027807
1757619199515.958,190744,LeftRS,LeftRS,-215.1961606066837,-481.40840595091186,250.65171396196638,-0.006954735778868943,-0.5517183021252208,0.8339778453749971,-0.006284916386658768
1757619199524.959,190745,April7,April7,1192.3733643907456,1529.720908225139,1642.9673518829266,-0.6843695937865056,0.18300345318928538,-0.18377521443321976,0.6814504132960185
1757619199524.959,190745,UWB2,UWB2,-1223.0702590642916,2021.7814840743315,1719.5900119843907,0.5006392308300557,0.5017638755521484,-0.4945069586529262,0.503046957637765
1757619199524.959,190745,UWB3,UWB3,1879.2869788928824,-1460.2946474923854,1388.3692262024194,-0.7059675769693456,-4.7624982110021926e-05,0.7082425234365184,-0.0015185506790954919
1757619199524.959,190745,UWB4,UWB4,-749.4000550935533,-1868.4345563818126,1445.2702119853282,-0.141680062817186,0.5984501206985354,0.09467272813147698,0.7828290281946437
1757619199524.959,190745,UWB1,UWB1,-168.86939026313567,-443.3997115301251,238.47042694995156,0.01851687904386069,0.3391094858088159,0.06649937477305555,0.9382109117782357
1757619199524.959,190745,LeftRS,LeftRS,-215.21089979538252,-481.0271711691341,250.73668410413813,-0.010432736055971555,-0.5640674199948589,0.8256308399040603,-0.007267731286021501
1757619199534.9583,190746,April7,April7,1192.3863435278283,1529.7746193566525,1642.9522783787936,-0.68435029869174,0.18286704759827843,-0.18375003651520458,0.6815131955170612
1757619199534.9583,190746,UWB2,UWB2,-1223.0294449581706,2021.8173265263856,1719.5872880275485,0.5007660982993928,0.5004477167940126,-0.49562401573970655,0.5031324205134368
1757619199534.9583,190746,UWB3,UWB3,1879.25566579282,-1460.3159509762577,1388.3667507285088,-0.7060176854146633,-0.00022457544927305997,0.7081919679244838,-0.0017646571440826577
1757619199534.9583,190746,UWB4,UWB4,-749.4429432581263,-1868.4574471942228,1445.0509604869158,-0.1364703361098132,0.5952483233758091,0.09733265097138265,0.7858636242601166
1757619199534.9583,190746,UWB1,UWB1,-168.8696117475784,-443.4348941775484,238.44666778477824,0.018632752757262293,0.3390912775721903,0.06667240628987399,0.9382029184769489
1757619199534.9583,190746,LeftRS,LeftRS,-215.15354558633092,-481.42029772306546,250.66169369807739,-0.006996913507393664,-0.5514580228299396,0.834143998845536,-0.006991526860599665
1757619199545.958,190747,April7,April7,1192.4274883510548,1529.7401266172717,1642.953530938623,-0.6842801744231468,0.18288628954679909,-0.18383966226182488,0.6815542726494277
1757619199545.958,190747,UWB2,UWB2,-1223.06208115322,2021.7907318355878,1719.5976437050883,0.5006224823564325,0.5011672561717779,-0.49539618519276984,0.5027833839706579
1757619199545.958,190747,UWB3,UWB3,1879.219930840942,-1460.3195696194396,1388.3693809059152,-0.7060358630321881,-0.0005847405851715868,0.708172845703103,-0.002058834527227191
1757619199545.958,190747,UWB4,UWB4,-749.4172527653224,-1868.3956986297844,1445.0916941865794,-0.13712541477803222,0.5954344667577086,0.0978018541193878,0.785550261759059
1757619199545.958,190747,UWB1,UWB1,-168.86065357696128,-443.4277726276055,238.46293756140932,0.018929677127119692,0.33927802237197335,0.06649851148657382,0.9381418010243951
1757619199545.958,190747,LeftRS,LeftRS,-215.16976118890912,-481.41220810510305,250.64593869102387,-0.007072147069284036,-0.5519496879894246,0.8338226665694067,-0.006425525604283231
1757619199555.958,190748,April7,April7,1192.4133153037078,1529.757083332968,1642.9468836473247,-0.6842785855552221,0.18290439554360818,-0.18387246401037646,0.6815421604127838
1757619199555.958,190748,UWB2,UWB2,-1222.9945118198748,2021.8329289511887,1719.6156461839587,0.5004530350843114,0.5003359057007358,-0.4963998719034896,0.5027901235264318
1757619199555.958,190748,UWB3,UWB3,1879.2533108202654,-1460.3192748798447,1388.381797780065,-0.7062615417713507,-0.00047695411226797885,0.7079491489241898,-0.0015523102283114892
1757619199555.958,190748,UWB4,UWB4,-749.4112407423582,-1868.4857296207447,1445.2929927729551,-0.14025297286509145,0.5985475608690484,0.09388841233614922,0.7831059232372172
1757619199555.958,190748,UWB1,UWB1,-168.85565550181252,-443.4378556732505,238.46303397382647,0.01887042739792054,0.3392532667562429,0.06676335486588021,0.938133136826586
1757619199555.958,190748,LeftRS,LeftRS,-215.1839643940684,-481.42202405152403,250.664489448157,-0.0070517638545634755,-0.5514566894304979,0.8341500825995549,-0.006279491066211653
1757619199564.959,190749,April7,April7,1192.4031981602043,1529.7625576395071,1642.947501159315,-0.6842865279716195,0.182894784061496,-0.1838853004530119,0.6815333021041234
1757619199564.959,190749,UWB2,UWB2,-1223.099905886639,2021.7585333565019,1719.6029541053845,0.5003687560335612,0.502027535529133,-0.4939277861357008,0.5036216870221703
1757619199564.959,190749,UWB3,UWB3,1879.2772931182803,-1460.301090088285,1388.3866879321613,-0.705891776651017,-0.00040498457198984107,0.708318159037894,-0.0014216965695530407
1757619199564.959,190749,UWB4,UWB4,-749.4111357649724,-1868.4958881140874,1445.0422026748497,-0.13655739193473407,0.5952684742421419,0.0976979419401401,0.7857879067675176
1757619199564.959,190749,UWB1,UWB1,-168.85491570308295,-443.4234974094317,238.4691116516553,0.019064062361623675,0.3393205699601542,0.06660419050290331,0.9381161943680757
1757619199564.959,190749,LeftRS,LeftRS,-215.2467278271059,-480.9977109202048,250.7171275575614,-0.010024579964629752,-0.5646029041508556,0.8252702282644053,-0.007219332473915867
1757619199585.9292,190750,April7,April7,1192.3882729974603,1529.7436558718107,1642.9495816965941,-0.6843477218542394,0.18299673687804605,-0.1839331447721966,0.6814315726022019
1757619199585.9292,190750,UWB2,UWB2,-1223.0637598265157,2021.8095664363814,1719.5989281189366,0.5006355862521995,0.5010323982342035,-0.4950176044771739,0.5032773757633849
1757619199585.9292,190750,UWB3,UWB3,1879.2950630349283,-1460.3009823141933,1388.397812898183,-0.7057934922111677,-0.00029182196043658676,0.7084164355453239,-0.0012708428564695623
1757619199585.9292,190750,UWB4,UWB4,-749.3885778276805,-1868.468650050703,1445.0664791807762,-0.13665166686970243,0.5954161105791511,0.09740775574750207,0.7856956830254084
1757619199585.9292,190750,UWB1,UWB1,-168.8634794972506,-443.41372485923915,238.45667220673892,0.019001536502962376,0.33900795958563995,0.06670239707365294,0.9382234995845801
1757619199585.9292,190750,LeftRS,LeftRS,-215.21238092614988,-481.026532864789,250.73721353780405,-0.009525261299232025,-0.5620743459267816,0.8269898556128605,-0.008335332121893886
1757619199589.959,190751,April7,April7,1192.6256680171157,1529.6344121864065,1642.8140083021801,-0.684497052969354,0.18296670366444945,-0.18424546505603975,0.6812052395810815
1757619199589.959,190751,UWB2,UWB2,-1223.0211040395318,2021.7940077545022,1719.609357570186,0.5009646674134589,0.5012033394758648,-0.49527797271117346,0.5025229788265149
1757619199589.959,190751,UWB3,UWB3,1879.2751148208401,-1460.2972746568646,1388.3722115782352,-0.7058158653847756,-0.0005478743727588766,0.7083932936178727,-0.0016141753419611424
1757619199589.959,190751,UWB4,UWB4,-749.3692892222228,-1868.4355736331815,1445.2915030316494,-0.14179994526784664,0.5985446341135902,0.09542252264339357,0.7826440050675885
1757619199589.959,190751,UWB1,UWB1,-168.84011025659697,-443.41545100821736,238.44125266973833,0.018643751594876464,0.33923766432006724,0.06673903156497486,0.9381450417173793
1757619199589.959,190751,LeftRS,LeftRS,-215.20547012725012,-481.0013762802303,250.7004797299645,-0.009927675128506345,-0.5636008583675902,0.8259477999073006,-0.008108362482529767
1757619199596.9448,190752,April7,April7,1192.409466584843,1529.771114405261,1642.9303857820266,-0.6843349086491739,0.18299119773607833,-0.18397091367544666,0.6814357323157215
1757619199596.9448,190752,UWB2,UWB2,-1223.0470967418435,2021.8212096321242,1719.5939015403737,0.5010537130940025,0.500541831763849,-0.4957986678771834,0.5025800753913889
1757619199596.9448,190752,UWB3,UWB3,1879.271664774879,-1460.3090931990255,1388.3846654127508,-0.7059083552152909,-0.0006123807053536956,0.7083012014235175,-0.0015579117806253987
1757619199596.9448,190752,UWB4,UWB4,-749.3728445669378,-1868.4510190031947,1445.0429796380058,-0.1375813234900858,0.595585644029405,0.0981181267754642,0.7853164669423847
1757619199596.9448,190752,UWB1,UWB1,-168.8467158150391,-443.41314744956566,238.45471026231445,0.01875499518297972,0.3393469758177509,0.0666611075402852,0.9381088299875106
1757619199596.9448,190752,LeftRS,LeftRS,-215.2052824057185,-480.9938350142443,250.7141265223617,-0.009956343561906384,-0.5639363765875861,0.8257236903179426,-0.0075512669043109855
1757619199606.9595,190753,April7,April7,1192.6155424029494,1529.6254860452648,1642.819947434356,-0.6844956612279465,0.18308166107473942,-0.18444783298867046,0.6811209819437469
1757619199606.9595,190753,UWB2,UWB2,-1223.0676369846144,2021.7920390157337,1719.5718300813028,0.5003906169327377,0.5010958668890709,-0.4953747208645089,0.5031063988867309
1757619199606.9595,190753,UWB3,UWB3,1879.275615531374,-1460.2994194274459,1388.353570054416,-0.7061543431414059,-8.556866499033646e-05,0.7080560328500065,-0.0016403308336165642
1757619199606.9595,190753,UWB4,UWB4,-749.3999229066638,-1868.4616762349049,1445.057952321274,-0.13642390108282318,0.5954638119346334,0.096825998556087,0.7857710187409792
1757619199606.9595,190753,UWB1,UWB1,-168.83920788575497,-443.415268063203,238.46561064214862,0.018535443203660955,0.3394024511427769,0.0667469950182195,0.9380870173707536
1757619199606.9595,190753,LeftRS,LeftRS,-215.15776295357614,-481.41719197618806,250.64771543729813,-0.006298886008731125,-0.5506013475069793,0.834713979428544,-0.007145117571591677
1757619199613.962,190754,April7,April7,1192.423277715642,1529.7590417467381,1642.9408843653237,-0.6843196706219546,0.1830143323748095,-0.18386729489413242,0.6814727877278567
1757619199613.962,190754,UWB2,UWB2,-1223.0209371931426,2021.8170682951175,1719.6188732096134,0.5005859870311834,0.5008207236142903,-0.49616345304114445,0.5024083003422242
1757619199613.962,190754,UWB3,UWB3,1879.2722412494174,-1460.3006538526631,1388.3651844518138,-0.7060045424012693,-0.0001537620062898918,0.7082055233350124,-0.00158088070424346
1757619199613.962,190754,UWB4,UWB4,-749.4778856669619,-1868.4725254716886,1445.0612817593108,-0.136024654991246,0.5948719996559138,0.09669181286372319,0.7863048331181832
1757619199613.962,190754,UWB1,UWB1,-168.85799663545234,-443.42135158091753,238.45566108976902,0.01873038852552875,0.33926782010478623,0.06663379086785799,0.9381398918613405
1757619199613.962,190754,LeftRS,LeftRS,-215.17600127424825,-481.45223472118835,250.6723254109708,-0.0062528311631406385,-0.5500738338540831,0.8350635792009404,-0.006964057985877152
1757619199626.9287,190755,April7,April7,1192.6111768120697,1529.6009212472936,1642.8270435165068,-0.6844662913579564,0.18301168292423242,-0.18435555999834832,0.6811942802208639
1757619199626.9287,190755,UWB2,UWB2,-1223.0900496308918,2021.7708942390782,1719.5925641316148,0.5002679682420967,0.5012062710617092,-0.49462358304776305,0.5038568694503766
1757619199626.9287,190755,UWB3,UWB3,1879.271756246578,-1460.3072070758303,1388.3934586920468,-0.7059593085724458,-0.00027049414332940355,0.7082507013300875,-0.0015249715642904516
1757619199626.9287,190755,UWB4,UWB4,-749.4022580005341,-1868.4340810956207,1445.0921470009005,-0.13758185675700493,0.5953793339653014,0.09771014597924894,0.7855236525726281
1757619199626.9287,190755,UWB1,UWB1,-168.85529612046963,-443.42426195528947,238.46863163093357,0.01878748643553492,0.33933851303453416,0.06661854222306032,0.9381142647657695
1757619199626.9287,190755,LeftRS,LeftRS,-215.20555311164975,-481.0145333941357,250.72467973903568,-0.010033462057556506,-0.5634159576916923,0.8260769639840179,-0.007657534357765245
1757619199636.9292,190756,April7,April7,1192.416814041513,1529.7518265444137,1642.9284382075448,-0.6842987989556,0.18289201412883901,-0.1838304168612887,0.6815365307541664
1757619199636.9292,190756,UWB2,UWB2,-1223.0490009595198,2021.811514274443,1719.5850741691859,0.5008078754342257,0.5005517975065146,-0.49547287863667877,0.5031361609460577
1757619199636.9292,190756,UWB3,UWB3,1879.2865752879939,-1460.2934744278375,1388.366475269712,-0.7058478521640685,9.476356612969087e-05,0.7083617019567061,-0.0015810807179355683
1757619199636.9292,190756,UWB4,UWB4,-749.3841615587306,-1868.4737221145674,1445.29632223749,-0.14158677911210255,0.5984741248581856,0.09485255712123612,0.7828057857881815
1757619199636.9292,190756,UWB1,UWB1,-168.86581210689067,-443.4184489801612,238.4627555227074,0.018923629565285607,0.33914261829540754,0.06649817205755076,0.9381909047804801
1757619199636.9292,190756,LeftRS,LeftRS,-215.20086333462513,-481.04637601844394,250.7484547250182,-0.010163046338269314,-0.5634523412776005,0.8260488318498123,-0.007842129651913332
1757619199645.9636,190757,April7,April7,1192.6287413916948,1529.6036755209013,1642.8297326941747,-0.6844566335321325,0.18307088657772128,-0.18426426343316363,0.6812127777155541
1757619199645.9636,190757,UWB2,UWB2,-1223.0811367849933,2021.8010073661821,1719.5980354739297,0.5007121502061415,0.5005532054212305,-0.4951093300142378,0.5035877108422391
1757619199645.9636,190757,UWB3,UWB3,1879.2560161196834,-1460.31052883921,1388.36737185452,-0.7059015417800669,-0.0003878797245829592,0.7083075780209158,-0.0017993832243309116
1757619199645.9636,190757,UWB4,UWB4,-749.4034329120293,-1868.4653427830244,1445.0508850733843,-0.13702093554494463,0.5953912226894279,0.09763166439278617,0.7856224368452512
1757619199645.9636,190757,UWB1,UWB1,-168.8708648972815,-443.43410210562564,238.45387746992867,0.01896410156644195,0.3390870550716399,0.06656397443067054,0.9382055048029794
1757619199645.9636,190757,LeftRS,LeftRS,-215.17390195018635,-481.4373558190928,250.657471585313,-0.006331089755111004,-0.5510396136226497,0.8344290601553257,-0.006588253897159573
1757619199655.9602,190758,April7,April7,1192.3950225368262,1529.7470495457094,1642.9673599926255,-0.6843104416546902,0.18294908309298064,-0.18383292776263913,0.6815088459499384
1757619199655.9602,190758,UWB2,UWB2,-1223.0673892796738,2021.7966854005542,1719.6071192429915,0.5002947272206989,0.5013338401385361,-0.4950135305658876,0.5033201478222489
1757619199655.9602,190758,UWB3,UWB3,1879.269839130281,-1460.3059828498292,1388.3674997155676,-0.705900232994063,-0.0002676585650931537,0.7083088099854096,-0.001849084874502933
1757619199655.9602,190758,UWB4,UWB4,-749.3634366312614,-1868.4472618104899,1445.0723538360453,-0.13774736451769704,0.5958644573465967,0.09814210381720014,0.7850728243276598
1757619199655.9602,190758,UWB1,UWB1,-168.86049477789993,-443.4079275592701,238.47216845248656,0.01845784506501867,0.33929344160738834,0.06652886095018644,0.9381434746873425
1757619199655.9602,190758,LeftRS,LeftRS,-215.21559089510723,-481.02497176528755,250.72054261485914,-0.010045163837554216,-0.5638940264805968,0.825748265903967,-0.007900818917561997
1757619199665.9678,190759,April7,April7,1192.4020108503469,1529.7588894898815,1642.9571242482407,-0.6843479165735986,0.18301815336219937,-0.18391617526621473,0.6814302055946101
1757619199665.9678,190759,UWB2,UWB2,-1223.0330446207167,2021.78899373478,1719.5777476044293,0.5008667716485773,0.5006989460948783,-0.4953395499367881,0.5030623944464845
1757619199665.9678,190759,UWB3,UWB3,1879.286534730484,-1460.290207088948,1388.3653188747119,-0.705939581756835,-3.1334062928395535e-05,0.7082704160003469,-0.001524383763034988
1757619199665.9678,190759,UWB4,UWB4,-749.4018485975126,-1868.46647637046,1445.2997434427373,-0.14115311617161166,0.5983801501818987,0.09471204972181144,0.7829729377831811
1757619199665.9678,190759,UWB1,UWB1,-168.8459442442482,-443.41970889484406,238.45825926537862,0.018613367325702977,0.3393364182130826,0.0665749502301146,0.9381215879793899
1757619199665.9678,190759,LeftRS,LeftRS,-215.20612864208653,-481.05037878313783,250.75915855357118,-0.00982198494411564,-0.5619852563760643,0.8270459531460755,-0.008431584215695849
1757619199688.9631,190760,April7,April7,1192.6080761767464,1529.6475347895525,1642.8301046828656,-0.6845443341666797,0.18307432015492903,-0.1843450826403422,0.6811018560879372
1757619199688.9631,190760,UWB2,UWB2,-1223.0153343692812,2021.7703839782068,1719.6256208957836,0.50070061079454,0.5009563091421169,-0.49515258926686123,0.5031556300221688
1757619199688.9631,190760,UWB3,UWB3,1879.274047650612,-1460.2951806909853,1388.3745660276497,-0.7059062723173569,-0.00029581021513936593,0.7083032353512493,-0.001665530030704253
1757619199688.9631,190760,UWB4,UWB4,-749.3725617513788,-1868.4425273284253,1445.2733394103366,-0.14173962827219574,0.5986020207343824,0.09522438947228096,0.7826351731168267
1757619199688.9631,190760,UWB1,UWB1,-168.85332558279163,-443.4144834775933,238.46737036489202,0.018502378741231847,0.3393191789476475,0.0666913956034896,0.9381217482457537
1757619199688.9631,190760,LeftRS,LeftRS,-215.20015763059595,-481.24399263451346,250.5584938951071,-0.00807327833379923,-0.5557032873785158,0.8313266866401294,-0.004961718815069247
1757619199693.9626,190761,April7,April7,1192.6096235377565,1529.6240301810442,1642.8306056074211,-0.6845191940826877,0.18312984835974772,-0.1844363129611693,0.6810874966062828
1757619199693.9626,190761,UWB2,UWB2,-1223.0516036100273,2021.8292611143993,1719.6278586044375,0.5009595872378588,0.5007707151974338,-0.49540824870620187,0.5028308362351886
1757619199693.9626,190761,UWB3,UWB3,1879.2711779140407,-1460.302626567002,1388.362177986064,-0.7058920780713509,-0.00047303417412741523,0.7083172126154793,-0.0016960741192223558
1757619199693.9626,190761,UWB4,UWB4,-749.3971042183755,-1868.46434053017,1445.0714817768126,-0.13773239037789017,0.5954515254923868,0.09799198515800824,0.7854074358410255
1757619199693.9626,190761,UWB1,UWB1,-168.85486641974444,-443.41002085146187,238.48221876085563,0.018603935120807245,0.3393176396285748,0.06673931640745669,0.9381168886020435
1757619199693.9626,190761,LeftRS,LeftRS,-215.22862472099942,-480.9910666517104,250.73135978391196,-0.010090889642986342,-0.563986904193125,0.8256894490326233,-0.007340272547446087
1757619199696.9656,190762,April7,April7,1192.4136256820325,1529.789645910432,1642.946411579097,-0.6842893273714218,0.1829921382124514,-0.18401976807094578,0.6814680614358369
1757619199696.9656,190762,UWB2,UWB2,-1223.0681750444196,2021.753101826148,1719.599656493217,0.5002163698300119,0.501765644538118,-0.4945378670787077,0.5034353179312852
1757619199696.9656,190762,UWB3,UWB3,1879.2759680215343,-1460.2984979192202,1388.361925553896,-0.7058732660988651,-0.00040748853903751624,0.7083360742036152,-0.0016649750213783554
1757619199696.9656,190762,UWB4,UWB4,-749.3601982096244,-1868.4446577172193,1445.0756176771977,-0.13769420185586123,0.5955932125267815,0.09830740780390684,0.7852672701304835
1757619199696.9656,190762,UWB1,UWB1,-168.84515785764634,-443.4165659908558,238.47964137140846,0.01859675921025266,0.33934562895222997,0.0668528500169289,0.9380988226740855
1757619199696.9656,190762,LeftRS,LeftRS,-215.2271850723126,-481.0194322330717,250.72983356828877,-0.009430308314774441,-0.5629873182629126,0.8263743201669054,-0.007863315389020027
1757619199706.9585,190763,April7,April7,1192.6395802042034,1529.653431368769,1642.799585800846,-0.6844261505113118,0.18315086494865176,-0.18444886116152104,0.6811719480285765
1757619199706.9585,190763,UWB2,UWB2,-1223.011756685557,2021.8017471932021,1719.6373820946833,0.5009853160513769,0.5003479551840332,-0.495857021018841,0.50278370255049
1757619199706.9585,190763,UWB3,UWB3,1879.2623667332891,-1460.3123880666308,1388.3907720426948,-0.7059462591969964,-0.0006529527931909821,0.708263591796375,-0.0014619555790053467
1757619199706.9585,190763,UWB4,UWB4,-749.3858413746209,-1868.4621924712796,1445.2788464653438,-0.1410910023268057,0.5984382328047485,0.0949341592290121,0.7829128406096222
1757619199706.9585,190763,UWB1,UWB1,-168.8497895557762,-443.4251084983345,238.46981404869896,0.018804449944195292,0.33923997010084006,0.06693278073779153,0.93812719724512
1757619199706.9585,190763,LeftRS,LeftRS,-215.2016604391458,-481.1976776042532,250.53939969545326,-0.007920006917238267,-0.5554889549038002,0.8314717094667421,-0.004908240699939886
1757619199716.929,190764,April7,April7,1192.4260513422253,1529.7877053046966,1642.9333448303705,-0.6843640075828887,0.18304388251922274,-0.18400296492705304,0.6813837032798997
1757619199716.929,190764,UWB2,UWB2,-1223.0380299651158,2021.796333462802,1719.5990631310597,0.5005871038545867,0.5011469107002918,-0.4955615365867289,0.5026759282140244
1757619199716.929,190764,UWB3,UWB3,1879.2713857825033,-1460.3013510213973,1388.3754368372092,-0.7059756571480401,-0.0003005467627531391,0.7082344759090148,-0.0014860416951184411
1757619199716.929,190764,UWB4,UWB4,-749.3986149407499,-1868.4471000385665,1445.0746687734377,-0.13717062725734744,0.5953195501675398,0.0982797041961626,0.7855698262721519
1757619199716.929,190764,UWB1,UWB1,-168.8372400499504,-443.41777301735175,238.46083117701312,0.018700879140177745,0.33936251776480425,0.06668670947479714,0.9381024685156423
1757619199716.929,190764,LeftRS,LeftRS,-215.21104910628634,-481.00066553029296,250.69917773854982,-0.010107978446007655,-0.5644600219604204,0.8253638531638505,-0.007564540349463029
1757619199724.9395,190765,April7,April7,1192.414083891407,1529.7639999753694,1642.9233158952063,-0.6843488977974577,0.1830287630256635,-0.18389198756643918,0.6814328983088247
1757619199724.9395,190765,UWB2,UWB2,-1223.0585081359566,2021.8032175519616,1719.5894627664575,0.5009598136063408,0.500872371568864,-0.49539215403934034,0.5027452100883156
1757619199724.9395,190765,UWB3,UWB3,1879.2638652434998,-1460.3070036792494,1388.354575738375,-0.7058514618354998,-0.0003995743368036548,0.7083573784737751,-0.0018380769293374528
1757619199724.9395,190765,UWB4,UWB4,-749.389643278836,-1868.4547394469755,1445.2853561235863,-0.14168872280311903,0.5984879824462309,0.09490275384783588,0.7827706611836944
1757619199724.9395,190765,UWB1,UWB1,-168.8543530371046,-443.4317137960101,238.4584063257701,0.018580264146886506,0.33935538594876546,0.06677766365776248,0.9381009750811515
1757619199724.9395,190765,LeftRS,LeftRS,-215.24072365697202,-480.9933639079009,250.6953331149072,-0.01014970149456075,-0.5647244702320424,0.825187367826102,-0.007004588563216657
1757619199735.929,190766,April7,April7,1192.4176325999824,1529.7467836003495,1642.9188359670886,-0.6843797801940807,0.18293676253431818,-0.18378709161552623,0.6814548864968764
1757619199735.929,190766,UWB2,UWB2,-1223.09082647834,2021.8302663941297,1719.577841083225,0.5005067017836748,0.5006797750697216,-0.495689728014513,0.5030949193210551
1757619199735.929,190766,UWB3,UWB3,1879.2572847432955,-1460.31093031832,1388.354406039849,-0.7060823410058472,-0.0004168372273818371,0.7081273270902851,-0.0018007205215771224
1757619199735.929,190766,UWB4,UWB4,-749.3900285356759,-1868.489535867878,1445.2614752054917,-0.14129242645669102,0.5984760764448505,0.09484513592977178,0.7828583756591108
1757619199735.929,190766,UWB1,UWB1,-168.85621231427518,-443.4243839397671,238.4517958303863,0.01885453506420013,0.33927771944643226,0.06651499605215341,0.9381422551483986
1757619199735.929,190766,LeftRS,LeftRS,-215.22292759092986,-481.24097039612207,250.55080499319388,-0.007835645982738946,-0.5557608478906741,0.8312909369175511,-0.00488475205226708
1757619199746.927,190767,April7,April7,1192.638577956905,1529.5968212059656,1642.8255987215741,-0.6844260673776925,0.18306311208299486,-0.18431145053032233,0.6812328122542277
1757619199746.927,190767,UWB2,UWB2,-1223.0624278472892,2021.8088250536437,1719.585495496307,0.500489545504615,0.5007514797496372,-0.4958469254430118,0.5028856698076067
1757619199746.927,190767,UWB3,UWB3,1879.2799750236238,-1460.3008906893292,1388.358695591938,-0.7058920664523083,-1.375670357168638e-05,0.7083174661562295,-0.001660562694391961
1757619199746.927,190767,UWB4,UWB4,-749.441933556247,-1868.4495636213717,1445.0438464112606,-0.13666635819159387,0.5953645055986633,0.0971603149395588,0.7857628683087233
1757619199746.927,190767,UWB1,UWB1,-168.87222581773466,-443.4183051750485,238.44527985748593,0.01872205082493829,0.3390660573573753,0.06644416918912005,0.9382264470487928
1757619199746.927,190767,LeftRS,LeftRS,-215.21547415890896,-481.02536463614405,250.71900515331714,-0.010054668478045661,-0.5637580216264494,0.8258432200827339,-0.007666324869815714
1757619199756.7773,190768,April7,April7,1192.6292583159627,1529.5976495162015,1642.8405651543064,-0.6845278624017449,0.18312122429105837,-0.18426112646651008,0.681128519505045
1757619199756.7773,190768,UWB2,UWB2,-1223.057838826386,2021.8012034596024,1719.5922325259842,0.5005645648209907,0.5001988694593037,-0.4956895198418921,0.5035157468799972
1757619199756.7773,190768,UWB3,UWB3,1879.2840654068623,-1460.2940416282668,1388.3781069825936,-0.7057607429697437,-6.111633792055951e-05,0.7084486160712149,-0.0015258880590968867
1757619199756.7773,190768,UWB4,UWB4,-749.406050684187,-1868.4712661357025,1445.0452730170239,-0.13702349930121807,0.5958358262087687,0.0977702509678407,0.785267602076546
1757619199756.7773,190768,UWB1,UWB1,-168.8655544273023,-443.42674870631436,238.46292820980239,0.018553582283174157,0.33913857725395796,0.06680733493487566,0.9381777923195166
1757619199756.7773,190768,LeftRS,LeftRS,-215.21703768800407,-481.04729924058677,250.73321070976291,-0.009852676031683825,-0.5630944752086553,0.826295406202047,-0.007964826043159139
1757619199765.778,190769,April7,April7,1192.3965101428382,1529.7390593295959,1642.9799444511987,-0.6842816142964762,0.18297788259608572,-0.18379504878204725,0.6815402753026901
1757619199765.778,190769,UWB2,UWB2,-1223.0467889438416,2021.80298854177,1719.6060309240372,0.5011857172019037,0.5009596301860425,-0.4953452069267097,0.5024793048190266
1757619199765.778,190769,UWB3,UWB3,1879.2774562338097,-1460.3060416576625,1388.3686005399868,-0.7060231176837733,-0.00011214279335714766,0.7081869189369805,-0.0016225186055588785
1757619199765.778,190769,UWB4,UWB4,-749.3847334851204,-1868.429554931813,1445.0815935023497,-0.1378392679847758,0.5955523255743572,0.09791731788532416,0.7853215663424381
1757619199765.778,190769,UWB1,UWB1,-168.86911025779122,-443.41758824803765,238.4665887366032,0.0187864522497365,0.33904412821131974,0.06648227991166834,0.938230384711048
1757619199765.778,190769,LeftRS,LeftRS,-215.1770498367338,-481.4252508715507,250.67901408716108,-0.006866457489770453,-0.5514186976667138,0.8341735398753907,-0.006691561614949721
1757619199777.8066,190770,April7,April7,1192.6077208588329,1529.6063955101251,1642.8528777767392,-0.6844591838085708,0.1830839595606661,-0.18431436352395458,0.6811931479767342
1757619199777.8066,190770,UWB2,UWB2,-1223.0328736270465,2021.7578775119432,1719.6457285833956,0.5002002024313797,0.501733672574839,-0.494714277946274,0.5033099070038936
1757619199777.8066,190770,UWB3,UWB3,1879.2817627753384,-1460.3037052032478,1388.3936147869547,-0.7058969827899145,-0.0004485903072307218,0.7083131356391629,-0.0013230025881015826
1757619199777.8066,190770,UWB4,UWB4,-749.3995986824593,-1868.4298190648415,1445.065408714832,-0.1372543239903176,0.5953335533608103,0.09784353802628191,0.7855990407677772
1757619199777.8066,190770,UWB1,UWB1,-168.85343599594864,-443.41198304135077,238.47432764906497,0.01901652919055577,0.33920608140016767,0.0664775310968499,0.9381675457070315
1757619199777.8066,190770,LeftRS,LeftRS,-215.2178961736322,-481.0159780061679,250.75589115544008,-0.010066380588677678,-0.56312906263677,0.8262693306578571,-0.007957387127287318
1757619199785.7766,190771,April7,April7,1192.3774019577897,1529.7593897850102,1642.9632113686966,-0.6843053346583723,0.1829438193137697,-0.18388658963041793,0.681500909821167
1757619199785.7766,190771,UWB2,UWB2,-1223.037362936429,2021.7382171964157,1719.6070797064851,0.5004758010152386,0.5020407494154825,-0.49406399967723197,0.5033684761160876
1757619199785.7766,190771,UWB3,UWB3,1879.2498704998989,-1460.3152971811223,1388.3858733393563,-0.7060720528317538,-0.0007866786230213822,0.7081371083634445,-0.0018636269360703442
1757619199785.7766,190771,UWB4,UWB4,-749.4052725973293,-1868.4271390259796,1445.0790606438284,-0.13709756891569905,0.5953369432664867,0.09743772470798859,0.7856742775369776
1757619199785.7766,190771,UWB1,UWB1,-168.84938633938035,-443.4111106027934,238.47524525432138,0.018945101464708045,0.33922444425835985,0.06671521913500879,0.9381454786353056
1757619199785.7766,190771,LeftRS,LeftRS,-215.21499203755883,-481.0281808610889,250.7487073633599,-0.009598980287967577,-0.5630148928908542,0.8263522609248494,-0.00800192632563915
1757619199796.781,190772,April7,April7,1192.6260517564458,1529.6488533686124,1642.8220782479968,-0.684413478682699,0.18317907392939725,-0.18449682634423495,0.6811641051470053
1757619199796.781,190772,UWB2,UWB2,-1223.0636728638565,2021.7867062562234,1719.5757671414924,0.5008634154217962,0.5012119432116084,-0.49492527588432556,0.5029626212402677
1757619199796.781,190772,UWB3,UWB3,1879.2750578543212,-1460.2934511021572,1388.3683715324569,-0.7058732589259462,-0.00026714901332153154,0.7083363958031168,-0.0015560672604503507
1757619199796.781,190772,UWB4,UWB4,-749.3493086787041,-1868.4683090039862,1445.2953832975506,-0.1418393888294368,0.5986589308458412,0.09518272547705185,0.782578635707471
1757619199796.781,190772,UWB1,UWB1,-168.8393283180485,-443.4060518093239,238.46035097568068,0.01866246203964334,0.3395029383931167,0.06670309175229468,0.9380512591984211
1757619199796.781,190772,LeftRS,LeftRS,-215.21222390767312,-480.9973536895053,250.7253363777183,-0.009526019588582315,-0.5628491810451072,0.8264669641823232,-0.007900092588366124
1757619199806.8154,190773,April7,April7,1192.4161916127432,1529.7937860332208,1642.8976661645445,-0.6842824427340186,0.1830232774674989,-0.18399882863707995,0.6814722661496959
1757619199806.8154,190773,UWB2,UWB2,-1223.097771123156,2021.790435260183,1719.5824847252484,0.5005714082985225,0.5013900700798359,-0.4943466963166781,0.5036443255514322
1757619199806.8154,190773,UWB3,UWB3,1879.2530725722988,-1460.3115660121612,1388.3445553373133,-0.7060795588301538,-0.000516101346492306,0.7081297301439368,-0.0019171666309255463
1757619199806.8154,190773,UWB4,UWB4,-749.3904669570757,-1868.44574163836,1445.0699569611131,-0.13763720842153473,0.5955124439503254,0.09792708819873179,0.7853860282403522
1757619199806.8154,190773,UWB1,UWB1,-168.85531076430416,-443.41979455022226,238.45166685544922,0.018961024733349045,0.3393355605897637,0.06672179203081967,0.9381045034155248
1757619199806.8154,190773,LeftRS,LeftRS,-215.19721156309373,-481.23350176350453,250.53268942400237,-0.007601940873202639,-0.5549102194540364,0.8318559041729026,-0.005710825957464163
1757619199814.7783,190774,April7,April7,1192.4342394073535,1529.7822788597837,1642.9388022184735,-0.6842509894196117,0.1829926629507333,-0.1840152708769385,0.6815076293546308
1757619199814.7783,190774,UWB2,UWB2,-1223.0587679983996,2021.821724636857,1719.577311531722,0.5008308118321405,0.5004497122228949,-0.49585141548429085,0.5028418809305824
1757619199814.7783,190774,UWB3,UWB3,1879.2732724380721,-1460.2967087734391,1388.3580091770416,-0.7060415047511394,-0.0002618373554819299,0.7081685247228057,-0.0016326671036484082
1757619199814.7783,190774,UWB4,UWB4,-749.3693653897483,-1868.4695653947806,1445.2791049625912,-0.14094475413516772,0.598610246663985,0.09456173868657965,0.7828527488916618
1757619199814.7783,190774,UWB1,UWB1,-168.85723771347273,-443.4271761531254,238.4445571620482,0.019217898048537758,0.33913244626785016,0.06670429235296949,0.9381739676971801
1757619199814.7783,190774,LeftRS,LeftRS,-215.18736988498452,-481.00956877492973,250.70644302424824,-0.009707341490666077,-0.5633875785477579,0.8260970391548625,-0.007992856738805771
1757619199825.807,190775,April7,April7,1192.630869026816,1529.6367940418336,1642.8164335716674,-0.6844304616162425,0.18318340805059255,-0.18446262796653068,0.681155137329543
1757619199825.807,190775,UWB2,UWB2,-1223.0924816679114,2021.825865514526,1719.5559829336694,0.5007439488499563,0.5007307255152231,-0.4952114034213252,0.5032791513033619
1757619199825.807,190775,UWB3,UWB3,1879.231976785382,-1460.2986235645722,1388.3438336929544,-0.7061749640229532,-0.000462211470667096,0.7080345088840019,-0.001959790072310962
1757619199825.807,190775,UWB4,UWB4,-749.3404073771471,-1868.4814937774822,1445.2900621933684,-0.14131676866555298,0.5987973684339061,0.09471850332573097,0.7826235925259915
1757619199825.807,190775,UWB1,UWB1,-168.83924641636685,-443.43352609061606,238.43985899162448,0.018733536829460384,0.33898380279687534,0.0669918847040677,0.9382169916511987
1757619199825.807,190775,LeftRS,LeftRS,-215.18781354332012,-481.27244737002155,250.57229845325003,-0.007435499728374388,-0.5538965246458645,0.8325301635690638,-0.006072896894429115
1757619199834.7766,190776,April7,April7,1192.3974476466144,1529.7629950110106,1642.9361896236883,-0.6843550563488031,0.1830499959242368,-0.18389972203927604,0.6814189225988962
1757619199834.7766,190776,UWB2,UWB2,-1223.061038462201,2021.7887935229364,1719.5723706014082,0.500429274481982,0.5006016654514003,-0.49562523797078356,0.5033131602443212
1757619199834.7766,190776,UWB3,UWB3,1879.2588560351674,-1460.3132352536816,1388.3531084761992,-0.7060824924185862,-0.000407516806130236,0.7081271707217692,-0.0018049696929497935
1757619199834.7766,190776,UWB4,UWB4,-749.3977863011929,-1868.4653038935473,1445.2773538308911,-0.14124919732526692,0.5984760825169564,0.09449572726039697,0.7829084240443794
1757619199834.7766,190776,UWB1,UWB1,-168.85642014486774,-443.39958957780857,238.46046830952912,0.018697873465116734,0.33904571467291555,0.06653272096578682,0.9382280053007922
1757619199834.7766,190776,LeftRS,LeftRS,-215.23041813754728,-481.002675620725,250.71930697391076,-0.009846464153933027,-0.5643296512188187,0.8254555264595692,-0.007633199608754593
1757619199846.789,190777,April7,April7,1192.61117056432,1529.602190300713,1642.8346565549402,-0.6844546623769979,0.18303844031930103,-0.1843388245783417,0.6812033046521009
1757619199846.789,190777,UWB2,UWB2,-1223.0434585997284,2021.8101382081743,1719.6098464140064,0.5008614211461354,0.5006891520784855,-0.4956227978610274,0.5027984208793899
1757619199846.789,190777,UWB3,UWB3,1879.2166516946452,-1460.3219465178477,1388.3792996211423,-0.7061565520342608,-0.0009860137025462117,0.7080525253348136,-0.0018902812108116355
1757619199846.789,190777,UWB4,UWB4,-749.3611853510928,-1868.444853498405,1445.0738675071116,-0.13768447279949617,0.5956923835181374,0.09800927105608073,0.7852310188444296
1757619199846.789,190777,UWB1,UWB1,-168.8535129603779,-443.42965917440813,238.44337901930498,0.01901140138679698,0.33901677216515724,0.06652040208779128,0.9382330365714622
1757619199846.789,190777,LeftRS,LeftRS,-215.17585663942182,-481.4010387018849,250.66214017727657,-0.007440717193214828,-0.5523664894355202,0.8335492706897986,-0.005613413296277541
1757619199855.7764,190778,April7,April7,1192.612548643687,1529.5831230413814,1642.8340685100275,-0.6844997490180964,0.1830991888608953,-0.18439784255179387,0.6811256978670597
1757619199855.7764,190778,UWB2,UWB2,-1223.031170817713,2021.7575997031158,1719.6200403632643,0.5006798976299813,0.5015744851924996,-0.49461804586021096,0.5030861403602139
1757619199855.7764,190778,UWB3,UWB3,1879.2671029510027,-1460.3033271873626,1388.3876885939585,-0.7059086215028142,-0.00033084003057741657,0.7083005366610907,-0.00180510345459769
1757619199855.7764,190778,UWB4,UWB4,-749.3802944145993,-1868.4471824420725,1445.0696402008662,-0.1372285471807283,0.5957541511434621,0.09790864901041058,0.7852765205218832
1757619199855.7764,190778,UWB1,UWB1,-168.87104271754555,-443.4327111653056,238.4574219017383,0.018913902694436716,0.33893370940567485,0.06665040131546074,0.9382557907723581
1757619199855.7764,190778,LeftRS,LeftRS,-215.19049768146706,-481.39664556052026,250.65821402209517,-0.007013689223467223,-0.5524190096479702,0.8335153040737104,-0.006023605061965647
1757619199865.7805,190779,April7,April7,1192.366125042962,1529.7568463110715,1642.9851448261043,-0.6843109243647187,0.18292969036396486,-0.18385721506451747,0.6815070151122202
1757619199865.7805,190779,UWB2,UWB2,-1223.0631303429773,2021.7663289641885,1719.620561092872,0.5003579988489976,0.5018007857573726,-0.4944605941088859,0.5033354401138448
1757619199865.7805,190779,UWB3,UWB3,1879.2648912652492,-1460.310852928713,1388.3872593576468,-0.7059401029572365,-0.0005792127378457362,0.7082696668583445,-0.0015213670499323543
1757619199865.7805,190779,UWB4,UWB4,-749.3751980746418,-1868.4907586490492,1445.0611095511704,-0.13685705376641696,0.5954396653556653,0.09802922759888663,0.7855647791823887
1757619199865.7805,190779,UWB1,UWB1,-168.8654027281064,-443.40668518398417,238.46590969469074,0.018720607547887638,0.33926717544413054,0.06631102573211439,0.9381631896347002
1757619199865.7805,190779,LeftRS,LeftRS,-215.17374643468224,-481.4191895814555,250.65990678127463,-0.006778770517559203,-0.5517462100324938,0.8339585303577668,-0.006583132124093934
1757619199881.7778,190780,April7,April7,1192.605076214144,1529.6090198651864,1642.8162253924172,-0.6844557240807562,0.18303533126434887,-0.1842945369213877,0.681215056309657
1757619199881.7778,190780,UWB2,UWB2,-1223.0459176441334,2021.7210326491686,1719.6040461489029,0.5001605647368503,0.5019819747548226,-0.49452419322227253,0.5032885144936492
1757619199881.7778,190780,UWB3,UWB3,1879.2657244187803,-1460.30934380544,1388.3894539838345,-0.7058282729602245,-0.0004889276603965768,0.7083807169682589,-0.0017233302833052854
1757619199881.7778,190780,UWB4,UWB4,-749.3743531876306,-1868.4743417147001,1445.2837545694745,-0.1408931766358538,0.5986758115595883,0.09500879163354428,0.7827577626208891
1757619199881.7778,190780,UWB1,UWB1,-168.85509304701998,-443.4222010532557,238.4847574615432,0.019569337679393194,0.3392324672711461,0.06612404961686884,0.9381716176873965
1757619199881.7778,190780,LeftRS,LeftRS,-215.1942996795786,-481.0279073511532,250.74340872108135,-0.010232566688587293,-0.5639318726433793,0.8257203541183186,-0.007876191377409993
1757619199885.777,190781,April7,April7,1192.3963559001363,1529.7590061632852,1642.9591839336615,-0.6843197759443854,0.1830640115518638,-0.18391592643666402,0.6814462149934571
1757619199885.777,190781,UWB2,UWB2,-1223.0424561447926,2021.731761148456,1719.5847480499253,0.5001802061391543,0.5016389152845896,-0.49460388672837313,0.5035326754957221
1757619199885.777,190781,UWB3,UWB3,1879.2475785497502,-1460.3211758451948,1388.3911227491737,-0.7059972337819561,-0.0008390979007693295,0.7082120481383454,-0.0017019631690843263
1757619199885.777,190781,UWB4,UWB4,-749.3886953810409,-1868.4637213081307,1445.0955385469465,-0.13767439339832918,0.5955425469323301,0.0978685998229798,0.7853639750869943
1757619199885.777,190781,UWB1,UWB1,-168.86291171705687,-443.42429471254565,238.4594807300445,0.01885910305848082,0.3391027469910213,0.06666040817863157,0.9381951029484387
1757619199885.777,190781,LeftRS,LeftRS,-215.18496622212763,-481.41059230950407,250.66931296011876,-0.006841512978978591,-0.551040661024093,0.8344242680761738,-0.006597305800920297
1757619199896.7812,190782,April7,April7,1192.4096828410493,1529.7412585631603,1642.9569448580207,-0.6842950960585835,0.1829268646263783,-0.18382486246481394,0.6815323936893454
1757619199896.7812,190782,UWB2,UWB2,-1223.1037286175551,2021.7598279183946,1719.5514557874112,0.5006183493606549,0.5017928417600278,-0.4938150903889232,0.5037180448881979
1757619199896.7812,190782,UWB3,UWB3,1879.295027802859,-1460.283770509957,1388.3546492729831,-0.7058891097532212,5.3822818736681087e-05,0.70832078977215,-0.0014901716233667094
1757619199896.7812,190782,UWB4,UWB4,-749.3897505572799,-1868.4556779780442,1445.0825748356217,-0.13786309298175958,0.5957281239987947,0.09794635525622311,0.7851804132569796
1757619199896.7812,190782,UWB1,UWB1,-168.84592565485895,-443.4158821986894,238.46907343277326,0.018709932547400988,0.3394265029266789,0.06663945779570578,0.9380824964787112
1757619199896.7812,190782,LeftRS,LeftRS,-215.17632876093018,-481.3762297631023,250.64898172408414,-0.0070050102711218835,-0.5519823845651125,0.8338049976526,-0.005966812420501385
1757619199905.7795,190783,April7,April7,1192.6231617320273,1529.6188596444586,1642.8206167807518,-0.6845034715480448,0.18310799063958066,-0.18442588882652583,0.6811119972024839
1757619199905.7795,190783,UWB2,UWB2,-1223.067661502901,2021.783751318398,1719.5567700004492,0.5004004421524012,0.5008568686373074,-0.4948934877101723,0.5038077316343745
1757619199905.7795,190783,UWB3,UWB3,1879.2762817429286,-1460.2991842179295,1388.3605606697388,-0.7057862919500663,-0.00018542199171896214,0.7084226565459125,-0.001736492583690301
1757619199905.7795,190783,UWB4,UWB4,-749.4122177019997,-1868.4573815307615,1445.0564212188897,-0.1371513174384344,0.595382468678718,0.09756240923276478,0.7856149237505838
1757619199905.7795,190783,UWB1,UWB1,-168.83120623898807,-443.41823818964326,238.45781191713095,0.018904015392881026,0.33957438888925645,0.06661929327627074,0.9380265147509872
1757619199905.7795,190783,LeftRS,LeftRS,-215.16661776270865,-481.4122544288492,250.67412241080473,-0.006738585400029357,-0.550845854079651,0.8345540035954702,-0.0065613712620457105
1757619199915.7769,190784,April7,April7,1192.6462262551318,1529.6608951291125,1642.8200526902363,-0.6844649738392727,0.18303679260126154,-0.18443083914979908,0.6811684796817505
1757619199915.7769,190784,UWB2,UWB2,-1223.093414716236,2021.7923461248788,1719.5534230848982,0.5006180026131004,0.5006190734403043,-0.49495302798478213,0.5037694501020645
1757619199915.7769,190784,UWB3,UWB3,1879.2756795102011,-1460.299929347866,1388.3804671600235,-0.7058680124952869,-0.000479811216550086,0.7083416450145508,-0.001494207224630485
1757619199915.7769,190784,UWB4,UWB4,-749.3777383709936,-1868.4643687461305,1445.2705158152137,-0.14150959920273923,0.598561510993937,0.09480171360805857,0.7827590855346942
1757619199915.7769,190784,UWB1,UWB1,-168.84088022727934,-443.40380592348157,238.4678920902753,0.01881611017710713,0.3395280136684568,0.06664853915695583,0.9380429916375896
1757619199915.7769,190784,LeftRS,LeftRS,-215.22502460301192,-480.9998217531173,250.70959528822274,-0.0099278494879156,-0.5635860469155441,0.8259632231846167,-0.007547150000810482
1757619199925.865,190785,April7,April7,1192.6322916327122,1529.6492201726446,1642.8111285425825,-0.6844293258892035,0.18313259167792958,-0.18444021351014303,0.6811760120325054
1757619199925.865,190785,UWB2,UWB2,-1223.0392196862429,2021.762601244819,1719.5644347526534,0.5003864841655877,0.5009242737537828,-0.4950564635270628,0.5035944165186161
1757619199925.865,190785,UWB3,UWB3,1879.2803785018255,-1460.291892151204,1388.3603922289099,-0.7062105867221796,-0.000168480010014518,0.7080005172967627,-0.001358794876945657
1757619199925.865,190785,UWB4,UWB4,-749.4002012850034,-1868.457601008359,1445.0601597168538,-0.13732000458565036,0.5954071230291206,0.09779753245805889,0.7855375336875366
1757619199925.865,190785,UWB1,UWB1,-168.84959117056988,-443.41658871331447,238.442279635393,0.019183784807774683,0.33906475778309947,0.06656680082369443,0.9382088964926923
1757619199925.865,190785,LeftRS,LeftRS,-215.2070029158448,-481.0075099715679,250.71913766822763,-0.00934936087430854,-0.5633998740499055,0.8260945329256485,-0.007809868254152596
1757619199935.8716,190786,April7,April7,1192.4068148055949,1529.7922236656811,1642.9567819189012,-0.6842626285240433,0.1830685948340852,-0.18391800592487034,0.6815018062246498
1757619199935.8716,190786,UWB2,UWB2,-1223.0233978475121,2021.8382914235626,1719.5707318028342,0.5009702003370367,0.5007638782341822,-0.4956887123060434,0.5025505916049721
1757619199935.8716,190786,UWB3,UWB3,1879.2615085906539,-1460.3075573595995,1388.36082305438,-0.7061121659189853,-0.0005624470438255042,0.7080977864522459,-0.0016785755722930813
1757619199935.8716,190786,UWB4,UWB4,-749.3860185324214,-1868.4412436717028,1445.2968976242282,-0.14173841976648785,0.5985392841623447,0.09468829761232031,0.7827484091148366
1757619199935.8716,190786,UWB1,UWB1,-168.8494518862696,-443.42597872663265,238.44424842288717,0.01871840770284335,0.33906209543857707,0.06684872707655874,0.9381992135672014
1757619199935.8716,190786,LeftRS,LeftRS,-215.18648145997776,-481.0247333799702,250.72323704621283,-0.009967244176073036,-0.5629063897183026,0.8264215393505185,-0.00803055137336293
1757619199945.8872,190787,April7,April7,1192.5855089279992,1529.5933234222787,1642.8528317786609,-0.6845040541359532,0.18311670739747063,-0.1844025816304715,0.6811153787952307
1757619199945.8872,190787,UWB2,UWB2,-1223.0795843289493,2021.8471646868813,1719.559669007568,0.5005403959777721,0.5007501411401732,-0.49578215706525663,0.5029002494314683
1757619199945.8872,190787,UWB3,UWB3,1879.2783985360259,-1460.2938911688848,1388.3754165061782,-0.7058840212901428,-0.00021095332013583177,0.708325821714371,-0.0014947503521610872
1757619199945.8872,190787,UWB4,UWB4,-749.3592863851061,-1868.4478395603553,1445.2959520788872,-0.1408947799676954,0.598608794669714,0.09418947575108522,0.7829077305657819
1757619199945.8872,190787,UWB1,UWB1,-168.85538052294365,-443.41122423044624,238.46451162751998,0.018626595725558956,0.33931800606986495,0.06663911979389156,0.9381234291933781
1757619199945.8872,190787,LeftRS,LeftRS,-215.1965953162074,-481.0122381921782,250.72571524761784,-0.00980497477397203,-0.56346716071683,0.8260403252117995,-0.00812418533641729
1757619199955.9033,190788,April7,April7,1192.397523403523,1529.7523286279636,1642.9691881543033,-0.684300489893194,0.18296727896248277,-0.18379727599950363,0.681523569435542
1757619199955.9033,190788,UWB2,UWB2,-1223.051846781087,2021.8091927836424,1719.6018865958413,0.5007076008161917,0.5009226631379197,-0.4957572566897479,0.5025864368237201
1757619199955.9033,190788,UWB3,UWB3,1879.2558347876382,-1460.3119741463631,1388.3731664853303,-0.705962508410754,-0.00074201151981824,0.7082468014558377,-0.0016894865716614881
1757619199955.9033,190788,UWB4,UWB4,-749.3407922501374,-1868.4778594944091,1445.2828091692531,-0.14107254162473182,0.5987769207525228,0.09452515817513776,0.7827066702447544
1757619199955.9033,190788,UWB1,UWB1,-168.85979295489588,-443.40238354774,238.47615989088865,0.018321087657825474,0.3392042263275544,0.06669562208146057,0.938166576138655
1757619199955.9033,190788,LeftRS,LeftRS,-215.21394091881064,-481.0095897558438,250.711748708518,-0.010405338172107011,-0.5644004192498087,0.8254008357795505,-0.007573373263197293
1757619199965.4492,190789,April7,April7,1192.402402252285,1529.7438621406914,1642.9757011532195,-0.6842914585287471,0.1829825517884592,-0.18381078656566102,0.6815248933587803
1757619199965.4492,190789,UWB2,UWB2,-1223.067631188018,2021.792084340289,1719.5718305387475,0.5003910128685812,0.5010951637981375,-0.49537559626916244,0.5031058434161196
1757619199965.4492,190789,UWB3,UWB3,1879.2691027942763,-1460.3054444973482,1388.3721229756204,-0.7059173332555838,-0.0004852397300962018,0.70829207911309,-0.0016774437056991938
1757619199965.4492,190789,UWB4,UWB4,-749.3914670086243,-1868.4418887159704,1445.076718686694,-0.1373906622778996,0.5954075111840575,0.09794512685484733,0.7855064949889559
1757619199965.4492,190789,UWB1,UWB1,-168.85733058727448,-443.4052863094815,238.4526608999902,0.01850429736949071,0.3389942872675269,0.06660527390330961,0.9382452779881751
1757619199965.4492,190789,LeftRS,LeftRS,-215.1893896844023,-481.03090284070083,250.74338781563588,-0.010263229958547613,-0.5637555257281431,0.8258393317943686,-0.007985698669106462
1757619199976.0024,190790,April7,April7,1192.6207567945721,1529.5802629587943,1642.843211486553,-0.6845067853267154,0.18313058651466674,-0.18436720826729389,0.6811184784163503
1757619199976.0024,190790,UWB2,UWB2,-1223.0788473031118,2021.7260396450793,1719.5673159960359,0.5002660639489493,0.5021574631036816,-0.4939792816970097,0.5035436592435723
1757619199976.0024,190790,UWB3,UWB3,1879.2808721453005,-1460.2958925315866,1388.383715141004,-0.7059226761802488,-0.00038292417782001027,0.708287002719351,-0.0015969979423199679
1757619199976.0024,190790,UWB4,UWB4,-749.3993640308023,-1868.4289337340022,1445.2864314170995,-0.14169993276737533,0.5984841921060859,0.09446138558063089,0.7828249149631317
1757619199976.0024,190790,UWB1,UWB1,-168.84975232725498,-443.4192019780853,238.461881374399,0.01867220098221404,0.33912706030557216,0.06645475353741984,0.9382046427146167
1757619199976.0024,190790,LeftRS,LeftRS,-215.1623125754192,-481.4248097397354,250.68020495898517,-0.007216832270196262,-0.5513793470907531,0.8341948111330258,-0.006910138384572817
1757619199997.9065,190791,April7,April7,1192.408020860235,1529.7215426582236,1642.9654088642674,-0.6843487668725879,0.18302006694481332,-0.18388273611047076,0.6814378619771663
1757619199997.9065,190791,UWB2,UWB2,-1223.0744579766954,2021.7226194085922,1719.5967390404312,0.500062890163528,0.5020579002010085,-0.4940790682351958,0.5037468064999461
1757619199997.9065,190791,UWB3,UWB3,1879.2339882044873,-1460.3082891399688,1388.3419875263207,-0.7063473097818858,-0.00047228439326743317,0.7078624263972937,-0.002010026437833782
1757619199997.9065,190791,UWB4,UWB4,-749.3680314992213,-1868.4760199666393,1445.0584458726325,-0.13786223555509056,0.59562433414668,0.0983116022059492,0.7852136559254277
1757619199997.9065,190791,UWB1,UWB1,-168.8443443266343,-443.42047727181,238.49111547154854,0.018499113620966925,0.3392968554759756,0.06674562467059611,0.9381260300443035
1757619199997.9065,190791,LeftRS,LeftRS,-215.21484185017235,-480.9953804024847,250.723833812823,-0.010534528333086195,-0.5650786691188247,0.824937859201997,-0.0072560233546635055
1757619200002.0906,190792,April7,April7,1192.395022785681,1529.747049927284,1642.9673598305646,-0.6843104395502769,0.18294907608429725,-0.1838329217588475,0.6815088515639502
1757619200002.0906,190792,UWB2,UWB2,-1223.0707502967775,2021.8042547633406,1719.5955732373977,0.49998314130607474,0.5011629779664325,-0.49521508586258745,0.5036015753148881
1757619200002.0906,190792,UWB3,UWB3,1879.2751444327475,-1460.3065737598429,1388.3649446903917,-0.7059447945045222,-0.00036106392170851464,0.7082646478807699,-0.0017335821703530617
1757619200002.0906,190792,UWB4,UWB4,-749.4149473855132,-1868.4283860609671,1445.0950662052917,-0.13743182575517512,0.5954514964560349,0.09760290341573859,0.7855085498469676
1757619200002.0906,190792,UWB1,UWB1,-168.86093793582856,-443.4050822916752,238.46936219933997,0.018707591641843112,0.339348801255768,0.06649116236486549,0.9381211768362361
1757619200002.0906,190792,LeftRS,LeftRS,-215.2222511178295,-480.9842684648994,250.71544409523906,-0.010246147896558097,-0.5650865526753039,0.8249353293092685,-0.007342131586367526
1757619200006.088,190793,April7,April7,1192.6257954754296,1529.6116900446082,1642.8341341360203,-0.6844981687002538,0.18313748534298194,-0.18438983746867424,0.6811191572306008
1757619200006.088,190793,UWB2,UWB2,-1223.0581977837696,2021.7785746820327,1719.5989884262094,0.5005532967263,0.5012177855028361,-0.4952961980170806,0.5029003925847451
1757619200006.088,190793,UWB3,UWB3,1879.2567901586292,-1460.3088604976301,1388.3460931886382,-0.7061476606381298,-0.0003805742023433072,0.7080623395246655,-0.0017492528206758734
1757619200006.088,190793,UWB4,UWB4,-749.4245232987711,-1868.4665617753017,1445.271263664918,-0.14110684887906927,0.598287571383837,0.09443597529958982,0.7830853629689838
1757619200006.088,190793,UWB1,UWB1,-168.85568505332444,-443.4278603087046,238.45977404769903,0.01908406207222528,0.33917358816689375,0.06671723773682264,0.9381609061635355
1757619200006.088,190793,LeftRS,LeftRS,-215.14554359215253,-481.4105299549749,250.67305355506716,-0.0063953617527984325,-0.5507819299305566,0.8345938298082419,-0.007176646572995469
1757619200015.0989,190794,April7,April7,1192.419229984578,1529.8004671715823,1642.9122367014693,-0.684269438705965,0.18300354523347495,-0.18397809072490712,0.6814962214262239
1757619200015.0989,190794,UWB2,UWB2,-1223.0254019080849,2021.7585442324078,1719.573480575234,0.4999717304349939,0.5016996894623698,-0.4949661982161002,0.5033231099231384
1757619200015.0989,190794,UWB3,UWB3,1879.2012651332166,-1460.321557387791,1388.3230266084543,-0.7063753932611376,-0.000996032470610519,0.7078329053617066,-0.002321594645058643
1757619200015.0989,190794,UWB4,UWB4,-749.4012762306047,-1868.4427222656873,1445.0484133606508,-0.13724299241530374,0.5954242697723661,0.09772820360044884,0.785546623835891
1757619200015.0989,190794,UWB1,UWB1,-168.85449123245502,-443.43865367123357,238.44121445446126,0.01906365023458624,0.33917977244794945,0.06683097386098412,0.9381509900515391
1757619200015.0989,190794,LeftRS,LeftRS,-215.16772918595294,-481.42531001464624,250.659599152308,-0.00581649619075528,-0.550154892393633,0.8350128105984636,-0.007026299443354098
1757619200027.2693,190795,April7,April7,1192.4117481087274,1529.7745134389017,1642.9251090116984,-0.6843274093565471,0.18301384496851864,-0.18389471911888824,0.6814577475041141
1757619200027.2693,190795,UWB2,UWB2,-1223.09081280771,2021.8303277755517,1719.5778399943972,0.5005072514789579,0.500678715376919,-0.4956910504040825,0.5030941241306589
1757619200027.2693,190795,UWB3,UWB3,1879.215927061115,-1460.3198681564327,1388.3653668473821,-0.7061319180091659,-0.0008519375449788626,0.7080769315598393,-0.0020118558395002435
1757619200027.2693,190795,UWB4,UWB4,-749.4310615561619,-1868.435312514952,1445.0579052385615,-0.13695865828275475,0.5952415962400978,0.0971646812261969,0.7858045512397722
1757619200027.2693,190795,UWB1,UWB1,-168.84395201057663,-443.43613459231517,238.44371850515248,0.019258844335784245,0.33927655705199783,0.06672419798461629,0.9381196065284545
1757619200027.2693,190795,LeftRS,LeftRS,-215.19117758968164,-481.4067613661897,250.64545573836705,-0.006447465013099902,-0.55097779057282,0.8344716779922909,-0.0062388395658761015
1757619200034.9065,190796,April7,April7,1192.3898234015103,1529.7731930084417,1642.9406790720166,-0.6843313713137935,0.18301437415217486,-0.18396686186590677,0.6814341544306987
1757619200034.9065,190796,UWB2,UWB2,-1223.0946198143351,2021.7942239254141,1719.5764936650053,0.5005430733795673,0.5013647921436486,-0.49479807208430054,0.5032542545792857
1757619200034.9065,190796,UWB3,UWB3,1879.2701581387664,-1460.30235668094,1388.3572580588307,-0.7059815138900223,-0.000300136616961991,0.7082281625648434,-0.0016975610707792481
1757619200034.9065,190796,UWB4,UWB4,-749.3599844791622,-1868.4750936528985,1445.0800231483697,-0.13773963997122876,0.5954030223962813,0.09847838088346723,0.7853820987268174
1757619200034.9065,190796,UWB1,UWB1,-168.85036049431773,-443.4255553954919,238.45281653022886,0.018889534331761236,0.3393416138350007,0.0666739799819742,0.938107155396413
1757619200034.9065,190796,LeftRS,LeftRS,-215.19202109766601,-481.04398271392273,250.72569581181298,-0.009181690040356441,-0.5617872337500486,0.8271875968194412,-0.00845459824880419
1757619200046.9023,190797,April7,April7,1192.397269414264,1529.7867928346363,1642.9680045651205,-0.6843959929420229,0.18297606746444667,-0.183800002906351,0.6814245684679812
1757619200046.9023,190797,UWB2,UWB2,-1223.094602423917,2021.7943399657943,1719.5764940498666,0.5005441145330984,0.501362944802791,-0.4948003764076186,0.5032527938241665
1757619200046.9023,190797,UWB3,UWB3,1879.288284178381,-1460.2900364912282,1388.3688981235414,-0.7057767204302476,-0.0003154246788009008,0.7084328182390566,-0.0014364706275503143
1757619200046.9023,190797,UWB4,UWB4,-749.4067056464471,-1868.4696300180583,1445.0627455646536,-0.13693962517441818,0.5953019457114405,0.09773864530527152,0.7856909632311889
1757619200046.9023,190797,UWB1,UWB1,-168.84684723225823,-443.41507484863297,238.45780941148504,0.018771864961032135,0.3393617809879007,0.06662644128786847,0.9381055996058861
1757619200046.9023,190797,LeftRS,LeftRS,-215.19912799532827,-481.24939853331017,250.56853764611063,-0.007680637736989967,-0.555195984496817,0.8316667186150547,-0.005375476781698109
1757619200057.384,190798,April7,April7,1192.5919407711785,1529.6080210682094,1642.8604620653537,-0.6844636522381788,0.18305222659377918,-0.18433586781354278,0.6811913673419983
1757619200057.384,190798,UWB2,UWB2,-1223.0378161948481,2021.774809420299,1719.6149697383678,0.5002865640025692,0.5013190641067771,-0.4952171979012341,0.503142600804641
1757619200057.384,190798,UWB3,UWB3,1879.2389519936905,-1460.330691283904,1388.3583136064394,-0.7061714837810907,-0.0009087203595140438,0.7080374866329595,-0.0019817275803536843
1757619200057.384,190798,UWB4,UWB4,-749.416015253778,-1868.4642569088305,1445.2889930344934,-0.14122932316924364,0.5982400458861428,0.09461300618103084,0.7830782239576655
1757619200057.384,190798,UWB1,UWB1,-168.85303080897717,-443.4064237256928,238.45014922552457,0.018617557461976908,0.3391964831370808,0.0666396268562296,0.938167518364417
1757619200057.384,190798,LeftRS,LeftRS,-215.21062922812524,-481.02068429425265,250.72082060097244,-0.010086010276716845,-0.5633875047495894,0.82609493792267,-0.007742443236444556
1757619200066.1194,190799,April7,April7,1192.3785987626206,1529.7690555963045,1642.9592343672944,-0.6843469185794737,0.18288228993583316,-0.18379266956551862,0.6815010034274236
1757619200066.1194,190799,UWB2,UWB2,-1223.0206906800165,2021.9285495731551,1719.601958593358,0.5016293155417069,0.4992148223462099,-0.4975514471369539,0.5015926119780113
1757619200066.1194,190799,UWB3,UWB3,1879.2629196837906,-1460.3166316339239,1388.3743637410723,-0.7059728499815006,-0.0006942414099260427,0.708236648183199,-0.0016441679020715735
1757619200066.1194,190799,UWB4,UWB4,-749.3921358739636,-1868.4741102150608,1445.0493956469766,-0.13640316104359948,0.5957359805556464,0.09704989435193392,0.7855406654877869
1757619200066.1194,190799,UWB1,UWB1,-168.8519705984691,-443.4084321977775,238.4774620820466,0.018488892850687784,0.3391843334465885,0.06653580899175765,0.9381818240124681
1757619200066.1194,190799,LeftRS,LeftRS,-215.17338476614583,-481.0423508229365,250.7387551381856,-0.010096063958470231,-0.5634898089713718,0.8260227732741701,-0.007980144760747682
1757619200076.577,190800,April7,April7,1192.3887161471123,1529.7635818399926,1642.9586166083109,-0.6843389704763935,0.18289190285329004,-0.18377983735376568,0.6815098654753546
1757619200076.577,190800,UWB2,UWB2,-1222.9954574983788,2021.8034286769555,1719.6326322557447,0.5006861424255877,0.5011408861703082,-0.49591063050252154,0.5022388331720418
1757619200076.577,190800,UWB3,UWB3,1879.2576446414844,-1460.3178129190364,1388.3672119916114,-0.7061633848998982,-0.0005501488259414824,0.7080468722742383,-0.001611777173211043
1757619200076.577,190800,UWB4,UWB4,-749.3508699900518,-1868.4569069653228,1445.2974979401597,-0.14167966088737055,0.5986410195948234,0.09512008006039202,0.7826288863303057
1757619200076.577,190800,UWB1,UWB1,-168.87027962060162,-443.4321555207095,238.46726315713522,0.019005960129527204,0.3389821065656634,0.06665514364541378,0.9382361092675283
1757619200076.577,190800,LeftRS,LeftRS,-215.2205817378761,-480.99879687442234,250.7242784221828,-0.010327024351495618,-0.564854790585591,0.8250892237786536,-0.007758281052578252
1757619200098.1206,190801,April7,April7,1192.6168137448183,1529.5953336695634,1642.81705836394,-0.6844875103720017,0.18302510198316152,-0.1843810980693374,0.6811624408784865
1757619200098.1206,190801,UWB2,UWB2,-1223.042623483963,2021.8940043411992,1719.5880029755283,0.5009095909893628,0.5002638905705667,-0.4965105338962632,0.5022976320630199
1757619200098.1206,190801,UWB3,UWB3,1879.2843110925796,-1460.2874636795273,1388.3561801717922,-0.7059687845130503,-0.0001542733907559464,0.708241053337973,-0.001631520642174143
1757619200098.1206,190801,UWB4,UWB4,-749.3584271646681,-1868.4775869440355,1445.0648054416906,-0.13763280763588737,0.595691947743629,0.0984337838613682,0.785187304947296
1757619200098.1206,190801,UWB1,UWB1,-168.86871458368984,-443.4202913049844,238.46429132058094,0.018683878031895633,0.3391338657962107,0.06666244255981849,0.9381872161374648
1757619200098.1206,190801,LeftRS,LeftRS,-215.20967566387515,-481.0355517877952,250.75964903161437,-0.01037033750805817,-0.5636343351819226,0.8259223830737014,-0.007810854105615414
1757619200103.1118,190802,April7,April7,1192.6119659897088,1529.6388784621493,1642.8395212017913,-0.6845442564136797,0.1830365538032552,-0.18437613314469148,0.6811036797063144
1757619200103.1118,190802,UWB2,UWB2,-1223.0609688702348,2021.7898644654008,1719.597839831307,0.5006275260437361,0.5010876706380495,-0.4954339251107054,0.5028204971471054
1757619200103.1118,190802,UWB3,UWB3,1879.2862258255461,-1460.2894333788277,1388.3710996640707,-0.705988916914196,-0.00024202825722970475,0.7082213309553979,-0.0014618469168174177
1757619200103.1118,190802,UWB4,UWB4,-749.3382862991572,-1868.4721503902686,1445.2985024832242,-0.14137172961579106,0.5988227931948173,0.09457914926231746,0.7826110662012217
1757619200103.1118,190802,UWB1,UWB1,-168.86099305111645,-443.4216100202947,238.45948262716072,0.018852799762570108,0.33928425669993745,0.0665465651294643,0.9381376869981045
1757619200103.1118,190802,LeftRS,LeftRS,-215.16130271260843,-481.4541221665253,250.67983129240997,-0.006576184275062819,-0.5504268791848744,0.8348283237923833,-0.0069766944307303016
1757619200106.115,190803,April7,April7,1192.3849963763066,1529.7493896336682,1642.944511773162,-0.6843704915062341,0.18306770910157252,-0.18401645236121758,0.6813671473590501
1757619200106.115,190803,UWB2,UWB2,-1223.0730608232536,2021.7214329846042,1719.5832661818902,0.5001080638768637,0.5017762763451761,-0.49412494708147264,0.5039375255071171
1757619200106.115,190803,UWB3,UWB3,1879.27981758907,-1460.2959438962848,1388.3536801863968,-0.706133858756685,-6.157685611490741e-05,0.7080764623440001,-0.0016410972215923933
1757619200106.115,190803,UWB4,UWB4,-749.402934577108,-1868.441814296269,1445.0550772961988,-0.13685750147150416,0.5955015543155985,0.09763425270357634,0.7855669772830945
1757619200106.115,190803,UWB1,UWB1,-168.85034354965492,-443.4489114943041,238.4518564356559,0.019989777122074347,0.33917314100635465,0.0662681221403541,0.9381740378088089
1757619200106.115,190803,LeftRS,LeftRS,-215.19691950587,-481.40911271504723,250.65218586574377,-0.0067486549138425795,-0.5520052256317612,0.8337936351681197,-0.0057324065814201765
1757619200114.675,190804,April7,April7,1192.630994518071,1529.6158049596118,1642.8284928084188,-0.6844753720985064,0.18316774345168196,-0.18434988719521897,0.681144743678273
1757619200114.675,190804,UWB2,UWB2,-1223.0515188231898,2021.7219920328423,1719.578246754574,0.4999256268226806,0.5019162598298222,-0.49449577600880595,0.5036152929308652
1757619200114.675,190804,UWB3,UWB3,1879.2713219245852,-1460.303542720404,1388.3613768474788,-0.7061449108560148,-0.00029044799368212106,0.7080654924647722,-0.0015933903267918324
1757619200114.675,190804,UWB4,UWB4,-749.3635330937003,-1868.4552373807594,1445.057423203099,-0.13743579089042887,0.5955351583897994,0.09835690051855121,0.7853503667945554
1757619200114.675,190804,UWB1,UWB1,-168.84766842889616,-443.40788634954697,238.44074823838793,0.018984594238701205,0.3392382688958046,0.06641497365932876,0.9381609847845946
1757619200114.675,190804,LeftRS,LeftRS,-215.20637241410859,-481.03502243376613,250.74994328737966,-0.009462455915577686,-0.5620931687843302,0.8269820531740548,-0.007900333034818538
1757619200126.9277,190805,April7,April7,1192.4104778520632,1529.7427878613075,1642.9501293268506,-0.6843813428546476,0.18307923080616736,-0.18399230085995674,0.681359674492225
1757619200126.9277,190805,UWB2,UWB2,-1223.0876710650705,2021.772958016655,1719.5891590056974,0.5007162105200977,0.5012851037985672,-0.4945987922705556,0.5033572845569643
1757619200126.9277,190805,UWB3,UWB3,1879.2723987152583,-1460.2999781034657,1388.3541251643187,-0.7060264653471835,-0.0002586402202297036,0.7081835523681995,-0.0016184837831664822
1757619200126.9277,190805,UWB4,UWB4,-749.4321495888476,-1868.4405236471603,1445.0634133671124,-0.1368235600895923,0.5954469885944779,0.09735068319097918,0.7856494394196607
1757619200126.9277,190805,UWB1,UWB1,-168.84846584215865,-443.4221850965152,238.45390453344098,0.018772599145194423,0.33929773746705116,0.06673066819523349,0.9381213422544504
1757619200126.9277,190805,LeftRS,LeftRS,-215.20669913237435,-481.2457591777962,250.5468914095427,-0.007440532009118751,-0.5549022335698763,0.8318661972415367,-0.005174896084806406
1757619200137.327,190806,April7,April7,1192.3963421139242,1529.7648057124686,1642.9454797456817,-0.6843533491734412,0.18303992438253483,-0.18394626215645382,0.6814107808039138
1757619200137.327,190806,UWB2,UWB2,-1223.0557223108315,2021.7105196994785,1719.5844471055632,0.49992114606577626,0.5023960589901888,-0.4937528315154056,0.5038702104688537
1757619200137.327,190806,UWB3,UWB3,1879.2799941056935,-1460.2948541147764,1388.3421968091534,-0.7061154999666012,-0.00012666758827086492,0.708094538121808,-0.0017348614649078313
1757619200137.327,190806,UWB4,UWB4,-749.3640652686981,-1868.4671220432786,1445.0458179328052,-0.13768899279001748,0.5956255369586428,0.09843240081957234,0.7852280073049445
1757619200137.327,190806,UWB1,UWB1,-168.84110564781864,-443.41956279272154,238.46250234790085,0.018583739972262047,0.3394079658507568,0.06681176880932034,0.9380794555229663
1757619200137.327,190806,LeftRS,LeftRS,-215.21239362674947,-480.98690511018987,250.72125169692794,-0.010463259563560192,-0.5642649964632384,0.8254959850940466,-0.007205037075324072
1757619200147.3367,190807,April7,April7,1192.606845987611,1529.6424382222708,1642.8216966150978,-0.6845554929259144,0.18306182739416726,-0.18437215443045002,0.681086670789218
1757619200147.3367,190807,UWB2,UWB2,-1223.067099986793,2021.8293160965125,1719.616374230528,0.5015112555815185,0.5003616582570569,-0.49589682201850394,0.5022061463017405
1757619200147.3367,190807,UWB3,UWB3,1879.2802344711138,-1460.2918776286633,1388.3661656105478,-0.7058511516615396,-0.0002753187642301473,0.7083583863594307,-0.0015723777917448485
1757619200147.3367,190807,UWB4,UWB4,-749.4443285357368,-1868.4394536794512,1445.0589688795872,-0.1362036157769519,0.5950657763464388,0.09719696389540308,0.7860649127648495
1757619200147.3367,190807,UWB1,UWB1,-168.85124261022847,-443.4094967627069,238.47034092574916,0.018635848700831625,0.33926847651518444,0.06673499784256756,0.9381343432841684
1757619200147.3367,190807,LeftRS,LeftRS,-215.21547694179569,-481.01332765059453,250.74411902267622,-0.009450049711838264,-0.5631145966238241,0.8262847561024518,-0.008133231974028222
1757619200156.5024,190808,April7,April7,1192.6114739545783,1529.6230749225033,1642.8219466070504,-0.6844792087627919,0.183117017340824,-0.18441398894484456,0.6811371751806781
1757619200156.5024,190808,UWB2,UWB2,-1223.034937481114,2021.7626864692918,1719.6132734025666,0.5005388743795987,0.5017482829190464,-0.4949134689108636,0.5027625225821918
1757619200156.5024,190808,UWB3,UWB3,1879.28117871484,-1460.2903397690095,1388.3504776724958,-0.7060953364657587,-3.565804886685178e-05,0.7081148869443434,-0.0016375095756420647
1757619200156.5024,190808,UWB4,UWB4,-749.3953618075816,-1868.4532433160239,1445.0589375029,-0.1374118722194536,0.5954412290107503,0.09788641501111807,0.7854845446751852
1757619200156.5024,190808,UWB1,UWB1,-168.8623384143112,-443.4227578152493,238.45552640423895,0.019010277642925087,0.33924214989859064,0.06656033127763072,0.9381487597264803
1757619200156.5024,190808,LeftRS,LeftRS,-215.15935151345408,-481.38210859772073,250.65037580993112,-0.007279575955717062,-0.5525362045471071,0.8334322705253295,-0.00643435199351258
1757619200166.8584,190809,April7,April7,1192.4084008258274,1529.7426769267886,1642.958081899016,-0.6842718140949252,0.182966127972756,-0.1838088116190715,0.6815495588884803
1757619200166.8584,190809,UWB2,UWB2,-1223.0597893405863,2021.796606347301,1719.597436203503,0.5008931749481668,0.5013820450961062,-0.4947516915047088,0.502934226215338
1757619200166.8584,190809,UWB3,UWB3,1879.2668673112885,-1460.303600642933,1388.3655350923295,-0.7059079072939738,-0.0004506030846466013,0.7083015382260998,-0.0016596153902880722
1757619200166.8584,190809,UWB4,UWB4,-749.4036086582,-1868.4487246662727,1445.0823736339116,-0.13601081848225463,0.5953425394402818,0.09674057784282634,0.78594502262386
1757619200166.8584,190809,UWB1,UWB1,-168.8607116164708,-443.4273912734553,238.44619573823778,0.018948127481393004,0.33900440085072053,0.06661778905752395,0.9382318769099035
1757619200166.8584,190809,LeftRS,LeftRS,-215.19393267701534,-481.02180617936034,250.75306571616252,-0.009849859982474568,-0.5631835470594952,0.8262287856767037,-0.008559573529732295
1757619200175.8752,190810,April7,April7,1192.6066712737509,1529.6054986517047,1642.8291969313007,-0.6845351912552599,0.1830651143919741,-0.18430578993714314,0.6811241528689348
1757619200175.8752,190810,UWB2,UWB2,-1223.062064190554,2021.790831789548,1719.5976433667136,0.5006233938974222,0.501165626700892,-0.4953982151011464,0.5027821004876039
1757619200175.8752,190810,UWB3,UWB3,1879.26937386346,-1460.303885740199,1388.3725368227706,-0.7059903903054604,-0.00034090227727284186,0.7082196895384565,-0.0015244448279622045
1757619200175.8752,190810,UWB4,UWB4,-749.3620302790088,-1868.4285634998653,1445.0705299422493,-0.13745404921543256,0.5959779451923233,0.09860543785181855,0.7849800257488524
1757619200175.8752,190810,UWB1,UWB1,-168.84635020985516,-443.43344833648797,238.45770027932815,0.01967105707634378,0.3393481726459402,0.06617059218014348,0.9381243627397646
1757619200175.8752,190810,LeftRS,LeftRS,-215.19407630822516,-481.02181389928853,250.7335411248418,-0.01022020095724738,-0.5641122243420305,0.8256002465744824,-0.007561659634902706
1757619200204.0288,190811,April7,April7,1192.6342157191327,1529.604794324912,1642.8053880568898,-0.68442936555292,0.18302954909427935,-0.18426404912033006,0.6812513397630516
1757619200204.0288,190811,UWB2,UWB2,-1223.0744260236163,2021.7417177890839,1719.5963909844077,0.5001706225629109,0.501922276103577,-0.4943517918720517,0.5035073812258628
1757619200204.0288,190811,UWB3,UWB3,1879.2730904751334,-1460.2870580770134,1388.3524489574993,-0.7060979191472171,-0.00020564748133438207,0.7081118764692957,-0.0018046296618389834
1757619200204.0288,190811,UWB4,UWB4,-749.4046045403223,-1868.468708532653,1445.0560828615526,-0.13705283347494254,0.5955508444775941,0.09803870753540504,0.7854451758737218
1757619200204.0288,190811,UWB1,UWB1,-168.8580487665225,-443.43340616637875,238.44708786522347,0.018942024353484722,0.3390952603571348,0.06655674626937472,0.9382034979911091
1757619200204.0288,190811,LeftRS,LeftRS,-215.20938402730732,-480.9925741609349,250.71863599779542,-0.01044188375857795,-0.5652375069547397,0.8248307152801253,-0.007198536353989933
1757619200207.3164,190813,April7,April7,1192.38733544061,1529.773781978689,1642.9528403658055,-0.684361091537909,0.1828616215290953,-0.1838309444628939,0.6814819936129435
1757619200207.3164,190813,UWB2,UWB2,-1223.0479175352737,2021.734801008673,1719.570062145531,0.5002656215898242,0.5016162310037211,-0.49449847586113577,0.5035739489091766
1757619200207.3164,190813,UWB3,UWB3,1879.2442740224592,-1460.3223509767668,1388.3714913352535,-0.7061314496495376,-0.0006741035026152951,0.7080782720249609,-0.0017555872112033427
1757619200207.3164,190813,UWB4,UWB4,-749.4164369613072,-1868.4425665685146,1445.0665106178078,-0.13731454315229255,0.5953585729278253,0.09747101808896694,0.7856158644738029
1757619200207.3164,190813,UWB1,UWB1,-168.86945282440567,-443.42283579503635,238.45042621066432,0.018974519547535568,0.3390923259820488,0.06657005636567119,0.9382029576075187
1757619200207.3164,190813,LeftRS,LeftRS,-215.22259964307304,-481.0152343542179,250.72573039572347,-0.010372642102442505,-0.5642620422108074,0.8254990247513178,-0.007219151648697319
1757619200215.2395,190814,April7,April7,1192.6360442499927,1529.620163420176,1642.828033943649,-0.6845018223887708,0.1830135639329249,-0.18419975476609424,0.6812002208654455
1757619200215.2395,190814,UWB2,UWB2,-1223.0825722322843,2021.7715038006027,1719.5857055932433,0.5005380543200915,0.5009571535393073,-0.49452498384451676,0.5039331571238714
1757619200215.2395,190814,UWB3,UWB3,1879.2776108806772,-1460.2944064202293,1388.3588800207647,-0.7059542364877163,-0.00011765738498197236,0.7082556862083746,-0.0015764185008753223
1757619200215.2395,190814,UWB4,UWB4,-749.4078473623036,-1868.4439853854085,1445.2787214953332,-0.14139977395868453,0.5986953267289757,0.0943858094349618,0.7827268544355849
1757619200215.2395,190814,UWB1,UWB1,-168.84292402034606,-443.44237132649135,238.45952770830985,0.019657759575584872,0.33933861333254167,0.06632821438440421,0.938116968168998
1757619200215.2395,190814,LeftRS,LeftRS,-215.210924279255,-481.0179347744921,250.73886492348728,-0.010070252298875957,-0.563982204223798,0.8256891157772599,-0.007755477062694581
1757619200229.4543,190815,April7,April7,1192.4024019219885,1529.7438617342177,1642.9757013453986,-0.6842914614121234,0.18298255799709479,-0.1838107912313535,0.6815248875383819
1757619200229.4543,190815,UWB2,UWB2,-1223.0404574936329,2021.8180510543962,1719.594421858614,0.5010938595181864,0.5000458178891651,-0.4960507191804461,0.5027850514536865
1757619200229.4543,190815,UWB3,UWB3,1879.263033652059,-1460.308851720378,1388.3425426652225,-0.7060928549103817,-0.0002975340426972673,0.7081170234020195,-0.0017529649922310958
1757619200229.4543,190815,UWB4,UWB4,-749.3768921863541,-1868.4287163802617,1445.293025629895,-0.14164741534888892,0.5985180999719945,0.09484672398019882,0.7827619003765558
1757619200229.4543,190815,UWB1,UWB1,-168.85311154924435,-443.41244028411774,238.45720046151132,0.018647583485431576,0.3393150444880395,0.06664729098146793,0.9381235029669949
1757619200229.4543,190815,LeftRS,LeftRS,-215.18810080945775,-481.4547661452257,250.65042260995813,-0.0059335909332803435,-0.5497737277155734,0.8352617832497498,-0.007168978644617189
1757619200237.863,190816,April7,April7,1192.6377128005558,1529.6243770018893,1642.8339712146724,-0.684486337807923,0.18298925021793663,-0.1843014375398155,0.6811948089788505
1757619200237.863,190816,UWB2,UWB2,-1223.0620946479607,2021.7906312024568,1719.5976427885382,0.5006216021267739,0.50116882859401,-0.49539422652763376,0.5027846229279667
1757619200237.863,190816,UWB3,UWB3,1879.275898807245,-1460.2970035820529,1388.3551434730548,-0.7059629228056802,-0.00022910491523866046,0.7082467415099841,-0.001688867990351193
1757619200237.863,190816,UWB4,UWB4,-749.4093717050453,-1868.4356880270054,1445.0607124910648,-0.13658802353069902,0.5952323314617965,0.09762885470883802,0.7858185478459845
1757619200237.863,190816,UWB1,UWB1,-168.84603513271884,-443.4316759469253,238.46177863158724,0.018635069571338463,0.33933893023185013,0.06679926577358741,0.9381043026781641
1757619200237.863,190816,LeftRS,LeftRS,-215.19960707866022,-481.02618502080236,250.72276820958746,-0.009644735240847158,-0.5624776590532465,0.8267138481347058,-0.00837110807602076
1757619200247.517,190817,April7,April7,1192.6393696761459,1529.6312108666589,1642.804177825556,-0.6845094655707524,0.18293909881124917,-0.1842835981588176,0.6811898656907709
1757619200247.517,190817,UWB2,UWB2,-1223.0645866949699,2021.7658138388697,1719.591470928579,0.50055535041456,0.5014671770034352,-0.49453850375933783,0.5033951527965261
1757619200247.517,190817,UWB3,UWB3,1879.2619157823783,-1460.31172953075,1388.3709376025781,-0.7060087826609708,-0.0006171522380917303,0.7082006722031264,-0.0017394883527018933
1757619200247.517,190817,UWB4,UWB4,-749.3764692366661,-1868.4605186439564,1445.0554524109393,-0.13764445100975026,0.5955956178483123,0.09820650167532813,0.7852867935568543
1757619200247.517,190817,UWB1,UWB1,-168.85361794745128,-443.4303919158609,238.45779042409535,0.018893942825107334,0.3393203483460103,0.06666589959427274,0.9381153329703925
1757619200247.517,190817,LeftRS,LeftRS,-215.1348972322139,-481.43193320485346,250.67648629130878,-0.0064453927620274475,-0.5502927721938159,0.8349153620925684,-0.007256715870385463
1757619200256.475,190818,April7,April7,1192.6144315006245,1529.5886917098883,1642.8329890839962,-0.6845015071857597,0.18312668276744004,-0.18437462107462024,0.6811228257976729
1757619200256.475,190818,UWB2,UWB2,-1223.0518597145726,2021.8002039778216,1719.5899990190558,0.5010012672075607,0.5003743998566803,-0.4956471525849408,0.5029483973122153
1757619200256.475,190818,UWB3,UWB3,1879.2701478702845,-1460.2992434138432,1388.3748353142623,-0.7059175611887311,-0.0003363143114200058,0.7082921271728051,-0.001595707699173842
1757619200256.475,190818,UWB4,UWB4,-749.3575612773077,-1868.4737833942434,1445.3002138958643,-0.14099583313602482,0.598677335185928,0.0944595722135461,0.7828045813548795
1757619200256.475,190818,UWB1,UWB1,-168.85239692900248,-443.41284513281136,238.44796851866346,0.01877132278875824,0.339166202211787,0.06655846135385922,0.9381811637099736
1757619200256.475,190818,LeftRS,LeftRS,-215.20331467889213,-481.02818707449114,250.71822971687342,-0.009759234147170073,-0.5629662588797613,0.826382545892595,-0.008101639084762502
1757619200266.888,190819,April7,April7,1192.4112316974451,1529.7481112006033,1642.9610285373274,-0.6842873105476506,0.18298672650718545,-0.1837660233292552,0.6815400085214363
1757619200266.888,190819,UWB2,UWB2,-1223.0418647663128,2021.8379383253002,1719.6075649353372,0.5011523040574949,0.5001981397531757,-0.496269525057086,0.5023591818857708
1757619200266.888,190819,UWB3,UWB3,1879.2662558594616,-1460.3133974715777,1388.385788346864,-0.7059324229419943,-0.0006322741626128342,0.7082772398179981,-0.0015381886836538425
1757619200266.888,190819,UWB4,UWB4,-749.3541451013438,-1868.4602102447814,1445.0758233918657,-0.1368856483041097,0.595632640312942,0.09768018153886811,0.7854569747712034
1757619200266.888,190819,UWB1,UWB1,-168.85463556184212,-443.4142507030858,238.45917893376622,0.018813912278921603,0.33922114822900223,0.06655318674421275,0.9381608191739561
1757619200266.888,190819,LeftRS,LeftRS,-215.1618338705134,-481.39655013675775,250.68070191628206,-0.006640498525762142,-0.5505666920669472,0.8347344417786046,-0.007115692120253743
1757619200276.3418,190820,April7,April7,1192.4009063551043,1529.7468505755915,1642.98139597162,-0.6844026205648248,0.1829605981488563,-0.18382808694881855,0.6814144898208072
1757619200276.3418,190820,UWB2,UWB2,-1223.036235743877,2021.8943164664167,1719.5841531751914,0.5014532977434232,0.49979184911440583,-0.49673637135904447,0.5020016684335802
1757619200276.3418,190820,UWB3,UWB3,1879.2811066591048,-1460.2954013308963,1388.3624935864063,-0.7059690992087415,-0.00010619935695037288,0.7082408695471801,-0.0015780960519152956
1757619200276.3418,190820,UWB4,UWB4,-749.3795207040356,-1868.4657922598685,1445.2879248405554,-0.1414884895070342,0.5985180574354257,0.09488203075825394,0.7827863964709224
1757619200276.3418,190820,UWB1,UWB1,-168.85720569956516,-443.406915874074,238.45746665794093,0.01891574128271136,0.33902022869226306,0.06650568374309399,0.9382347644907615
1757619200276.3418,190820,LeftRS,LeftRS,-215.21615376127156,-481.00347318020584,250.72864030299087,-0.009640422785625503,-0.5641923120925836,0.8255519198158792,-0.007623969599580928
1757619200286.511,190821,April7,April7,1192.610254859143,1529.5945347788745,1642.8290795555083,-0.6844921729415265,0.18311432334762667,-0.1843600522697161,0.6811394724238463
1757619200286.511,190821,UWB2,UWB2,-1223.0894152526457,2021.8109697820692,1719.5901797343322,0.5006417178845461,0.5010212063427327,-0.49527004601799407,0.5030339974850779
1757619200286.511,190821,UWB3,UWB3,1879.2956326163462,-1460.29026698962,1388.3820519438657,-0.7058641561407373,-5.280391649080298e-05,0.7083454508334052,-0.0015851091733513976
1757619200286.511,190821,UWB4,UWB4,-749.3638847445585,-1868.4338143583057,1445.2958567128283,-0.14207099021593692,0.5986462885992031,0.0950693847979284,0.7825600724286962
1757619200286.511,190821,UWB1,UWB1,-168.85559916029314,-443.4137339827152,238.46454633531417,0.01885854974591,0.33906449463706906,0.06653922530923503,0.9382175414440069
1757619200286.511,190821,LeftRS,LeftRS,-215.1690507298461,-481.402650215015,250.67258466421518,-0.007535955254255377,-0.5523211552065685,0.8335728334867656,-0.00639391605610307
1757619200298.35,190822,April7,April7,1192.424751556974,1529.7424137254134,1642.9624895346383,-0.6842691293815792,0.18291015088664397,-0.18383036579248327,0.6815614659666454
1757619200298.35,190822,UWB2,UWB2,-1223.0625547912246,2021.7859266040166,1719.575966799642,0.5008691557862036,0.5011311030642759,-0.4949646091204304,0.5029987495430356
1757619200298.35,190822,UWB3,UWB3,1879.2772626845733,-1460.3107210137816,1388.3689151897513,-0.705810123819799,-0.0005936957799470322,0.7083993419383029,-0.0014453304745278253
1757619200298.35,190822,UWB4,UWB4,-749.3852588764695,-1868.462060047547,1445.2962302361302,-0.1413402498940164,0.5984318567424096,0.09479018166756177,0.7828902017876835
1757619200298.35,190822,UWB1,UWB1,-168.8599105847568,-443.3997888137521,238.45571859677568,0.018441237434865282,0.3390120924281897,0.06665023377114485,0.9382368934803104
1757619200298.35,190822,LeftRS,LeftRS,-215.18691089104965,-481.00058562978637,250.7307606741658,-0.010270424271731984,-0.564134818403132,0.8255825169478098,-0.007741625195233489
1757619200307.3247,190823,April7,April7,1192.6063581869128,1529.6162037908316,1642.7931211645614,-0.6844534554681604,0.18297435532390616,-0.1843340914399552,0.6812230143825898
1757619200307.3247,190823,UWB2,UWB2,-1223.0676176879854,2021.7921796480375,1719.5718299862683,0.5003919102417324,0.501093639610548,-0.4953774744024447,0.5031046196976726
1757619200307.3247,190823,UWB3,UWB3,1879.284962302159,-1460.306456246196,1388.3610276574364,-0.7059465442830366,-0.00018134601368657578,0.7082636138881525,-0.001448092039916154
1757619200307.3247,190823,UWB4,UWB4,-749.3851701360054,-1868.4564083819369,1445.2676545436,-0.14164311528148235,0.5985697362328155,0.09475597958165524,0.782734184185829
1757619200307.3247,190823,UWB1,UWB1,-168.86001793177132,-443.4239063319174,238.44734409346427,0.018717752493622262,0.3392393243661501,0.0666594506341167,0.9381486258511192
1757619200307.3247,190823,LeftRS,LeftRS,-215.1954997856132,-481.41956815388716,250.66103706592517,-0.006528056620946886,-0.5514828972223078,0.8341374542913988,-0.006221406296645834
1757619200317.683,190824,April7,April7,1192.3990303191852,1529.7546577626533,1642.9431208675037,-0.6842939220221224,0.18289877322449416,-0.1839085433408012,0.6815185358615138
1757619200317.683,190824,UWB2,UWB2,-1223.0645807712046,2021.7695539706824,1719.576635276634,0.5004180978026193,0.5007099637030407,-0.4950599113964382,0.5037727104243132
1757619200317.683,190824,UWB3,UWB3,1879.2897764117738,-1460.2912770662174,1388.3323468212532,-0.706102135287851,2.0093103022881196e-05,0.7081081027714885,-0.0016397949773531218
1757619200317.683,190824,UWB4,UWB4,-749.3723166521022,-1868.4686398254269,1445.0576941556478,-0.13719243849022258,0.5956182761203036,0.09776395806348394,0.7854039167691652
1757619200317.683,190824,UWB1,UWB1,-168.85070478570123,-443.4333006003177,238.43514164709595,0.018625486893352795,0.3391371065633856,0.06679156418755268,0.9381780220955831
1757619200317.683,190824,LeftRS,LeftRS,-215.17545310796893,-481.4209092618799,250.65360336333146,-0.006717283979210706,-0.5513136840340641,0.8342459380582463,-0.0064664307038447884
1757619200328.3823,190825,April7,April7,1192.409122721425,1529.761086195254,1642.9181350866381,-0.6842916120368089,0.18289973284072297,-0.18382292157404884,0.6815436970047032
1757619200328.3823,190825,UWB2,UWB2,-1223.0864007940957,2021.7803020483404,1719.5780025533281,0.5005003192309051,0.50108442970909,-0.49486832611076575,0.5035068664528888
1757619200328.3823,190825,UWB3,UWB3,1879.2916391201957,-1460.2845771717862,1388.3617655112118,-0.7059996724781,-5.785843550104517e-05,0.7082103110430774,-0.001616924699698492
1757619200328.3823,190825,UWB4,UWB4,-749.3897434868293,-1868.400678204918,1445.0811925234802,-0.1374387475995558,0.5954076784412823,0.09768260315559527,0.7855306462208681
1757619200328.3823,190825,UWB1,UWB1,-168.8397574895532,-443.42203427880435,238.4580399620672,0.018375454542328848,0.33939205695725205,0.06679404140522685,0.9380905768514282
1757619200328.3823,190825,LeftRS,LeftRS,-215.21305634440634,-480.9991123096332,250.6982193193965,-0.010420864911800939,-0.5644581146911336,0.8253586051078386,-0.007849541914274678
1757619200337.365,190826,April7,April7,1192.6235274086143,1529.6200264582355,1642.802465978503,-0.684442096901058,0.18302483873080885,-0.18430457772952455,0.6812288506993711
1757619200337.365,190826,UWB2,UWB2,-1223.0432894778828,2021.7111754001485,1719.6004561176023,0.49987477220400833,0.5018888387374271,-0.49422336356174357,0.5039603879021687
1757619200337.365,190826,UWB3,UWB3,1879.2718851371199,-1460.3022091562925,1388.3514533406947,-0.7060613185973684,-0.0003220446802377187,0.7081486539136724,-0.0016717140973729378
1757619200337.365,190826,UWB4,UWB4,-749.4009163601677,-1868.4622135995019,1445.0582887573705,-0.13726691349953465,0.5954022073412356,0.09782072602809024,0.7855476506939811
1757619200337.365,190826,UWB1,UWB1,-168.85118253434862,-443.42358757360927,238.46053968171714,0.018915076143696086,0.33920107087976775,0.0666623305253332,0.9381582953304992
1757619200337.365,190826,LeftRS,LeftRS,-215.21654065921155,-481.02044723033924,250.71910794084505,-0.009942532485588938,-0.563963476751772,0.8257046713409534,-0.007624871379561798
1757619200347.509,190827,April7,April7,1192.3884412295847,1529.7567250990567,1642.962263328306,-0.6842956337027533,0.18297743407048334,-0.18380478999456346,0.6815236925385527
1757619200347.509,190827,UWB2,UWB2,-1223.0729215820895,2021.7562933363283,1719.5983254842797,0.5002161257820336,0.5017595763157797,-0.4945046032707675,0.5034742817930655
1757619200347.509,190827,UWB3,UWB3,1879.3042110133651,-1460.291768884875,1388.371900682785,-0.7059248783082746,3.0093139021285628e-05,0.7082854230516795,-0.001350841350563061
1757619200347.509,190827,UWB4,UWB4,-749.3440506828384,-1868.4473893603779,1445.2836485957155,-0.1417482776755644,0.5987662274217578,0.09530769764704838,0.7824978424534765
1757619200347.509,190827,UWB1,UWB1,-168.8611078104919,-443.42572131660256,238.4711014112488,0.01914406532778324,0.3390931005081526,0.06667314365772546,0.9381919131314712
1757619200347.509,190827,LeftRS,LeftRS,-215.22400769547116,-481.03701465272997,250.73817888815648,-0.010046563369260178,-0.563257684183093,0.8261826174664739,-0.00788228199272234
1757619200357.7104,190828,April7,April7,1192.4013427237123,1529.7349331366122,1642.975494429377,-0.6843463786224353,0.18298499093485465,-0.18389882502770927,0.6814453384625634
1757619200357.7104,190828,UWB2,UWB2,-1223.0771358681752,2021.817860257106,1719.6143844113533,0.5004724793460069,0.501422009230259,-0.494702649736546,0.5033612563759663
1757619200357.7104,190828,UWB3,UWB3,1879.293476671617,-1460.2956759352658,1388.3702598749642,-0.7060489693657231,0.00011881178509853093,0.7081616029224496,-0.001408150441821998
1757619200357.7104,190828,UWB4,UWB4,-749.4323670136083,-1868.447685481224,1445.0827115952243,-0.13688915987752479,0.5953467564865645,0.09752617496400232,0.7856922060488086
1757619200357.7104,190828,UWB1,UWB1,-168.8576282870923,-443.40931251458176,238.48217036261516,0.018755901236983886,0.339227928636711,0.06658295607988407,0.9381574167277575
1757619200357.7104,190828,LeftRS,LeftRS,-215.2216610335122,-480.98401023517675,250.7132874181759,-0.010287544799038761,-0.5652477676730678,0.8248255957340159,-0.007201679293537668
1757619200366.6404,190829,April7,April7,1192.5955996079322,1529.6092430606639,1642.853320543294,-0.6844597058928794,0.18308402266194046,-0.18434148884856136,0.6811852663879711
1757619200366.6404,190829,UWB2,UWB2,-1223.0890902402305,2021.7926921291921,1719.6022890355125,0.5007734459090023,0.5014394871154354,-0.49481529634647936,0.5029336130498523
1757619200366.6404,190829,UWB3,UWB3,1879.273302259439,-1460.2997371799654,1388.362479283456,-0.7060725647301129,-0.0002496031442131063,0.7081375942053268,-0.001618241886416881
1757619200366.6404,190829,UWB4,UWB4,-749.3556295820761,-1868.4317318415126,1445.076657827756,-0.13784969425200624,0.5955882076968257,0.0984905364045156,0.7852208370171172
1757619200366.6404,190829,UWB1,UWB1,-168.8525493536872,-443.42353221054503,238.47174865272956,0.018781791790486863,0.3390862026316942,0.06681039613219074,0.9381919646056537
1757619200366.6404,190829,LeftRS,LeftRS,-215.19458526909807,-481.028435271157,250.73421645957902,-0.00961290490211467,-0.5624654943179279,0.8267194583982451,-0.008665844837304653
1757619200376.7502,190830,April7,April7,1192.395789229418,1529.786479482141,1642.9706120351022,-0.6843977116400933,0.1829919886303318,-0.18385378976499014,0.6814040566271754
1757619200376.7502,190830,UWB2,UWB2,-1223.0606281435407,2021.7717298986888,1719.6099530238803,0.5007604307664136,0.5015037844990813,-0.49498199391068765,0.5027183812194804
1757619200376.7502,190830,UWB3,UWB3,1879.2736175989035,-1460.3025773319177,1388.371748852197,-0.7061523566945516,-0.00023178138724300022,0.7080582277783334,-0.0015301919896674883
1757619200376.7502,190830,UWB4,UWB4,-749.3944296246268,-1868.4434524914486,1445.0775026987951,-0.1372404957550518,0.5953900145595598,0.09779094433421752,0.7855652156847939
1757619200376.7502,190830,UWB1,UWB1,-168.858177560329,-443.41221341435653,238.48123937528769,0.0186872052506755,0.3392963201344867,0.06666404376009935,0.9381282965419317
1757619200376.7502,190830,LeftRS,LeftRS,-215.22360702687024,-480.984267069233,250.72172622112498,-0.010848566688622115,-0.5649453105304832,0.8250252992818126,-0.007236038652047923
1757619200386.7124,190831,April7,April7,1192.394111626469,1529.7777606023908,1642.9358030896556,-0.6843346235231589,0.18305034045514462,-0.18391729425096406,0.6814346078546909
1757619200386.7124,190831,UWB2,UWB2,-1223.0658419551926,2021.7590743799462,1719.5994144173037,0.5004873767282338,0.5019781156163903,-0.49389500611187404,0.5035852262682662
1757619200386.7124,190831,UWB3,UWB3,1879.2735198736075,-1460.3020247180102,1388.3604391098859,-0.7060713442186065,-0.00031238334266021683,0.7081386877621065,-0.0016607782932141148
1757619200386.7124,190831,UWB4,UWB4,-749.3880256399259,-1868.4721714287325,1445.2960499676883,-0.1404229354500478,0.5984563442761164,0.09388872139909206,0.7831451405641882
1757619200386.7124,190831,UWB1,UWB1,-168.8571542253277,-443.4014170412106,238.47252848526924,0.0184074309771998,0.3392472703045454,0.066769817010355,0.938144044170264
1757619200386.7124,190831,LeftRS,LeftRS,-215.21392533498528,-481.016549954593,250.72972114528991,-0.009865829539405041,-0.5631298681775195,0.8262726446129504,-0.007806006545608698
1757619200397.7,190832,April7,April7,1192.6026867416879,1529.638584063325,1642.8055374641008,-0.6845107265350983,0.18312116388987304,-0.1844302410275701,0.6810999858967276
1757619200397.7,190832,UWB2,UWB2,-1223.075478628987,2021.842712782558,1719.5862325870849,0.5010716801986675,0.500468809190944,-0.4956428700200617,0.5027885119293786
1757619200397.7,190832,UWB3,UWB3,1879.288221782768,-1460.2907719159064,1388.3653950495554,-0.7059248290919221,-0.00018941720022065786,0.7082850095231185,-0.00156367435898544
1757619200397.7,190832,UWB4,UWB4,-749.3915231105809,-1868.473877702356,1445.0545850900585,-0.13644928443537305,0.5953585503569889,0.0973775545714218,0.7857782137216514
1757619200397.7,190832,UWB1,UWB1,-168.84039360097032,-443.41007258040247,238.4660959977976,0.0183044685357367,0.33941237472829017,0.06679026426098493,0.9380848825734667
1757619200397.7,190832,LeftRS,LeftRS,-215.1701711330317,-481.02274324380846,250.73704700898006,-0.009819466720825985,-0.562292342656434,0.8268354238955923,-0.008607046802155157
1757619200405.726,190833,April7,April7,1192.3756944172035,1529.7634791717715,1642.934882976869,-0.6843225293856704,0.18289426338568268,-0.18391100235854174,0.681490357530672
1757619200405.726,190833,UWB2,UWB2,-1223.021355217002,2021.825271419256,1719.5904037558348,0.50098562277787,0.5006914442404986,-0.49582382740784453,0.5024740944654457
1757619200405.726,190833,UWB3,UWB3,1879.2726341860637,-1460.3042185024572,1388.3523442144028,-0.7061624005522933,-0.0003033139846009017,0.7080477592062602,-0.0017154386736516025
1757619200405.726,190833,UWB4,UWB4,-749.399495259304,-1868.4372135933534,1445.0523488451126,-0.13750870034781448,0.5954290513929111,0.09781721017204567,0.7854854521123551
1757619200405.726,190833,UWB1,UWB1,-168.84280467187884,-443.4302820178576,238.43831110556414,0.018731806369442754,0.3391339975495523,0.06674716301095149,0.9381801891780638
1757619200405.726,190833,LeftRS,LeftRS,-215.19428847200544,-481.2385759296229,250.55416741808713,-0.00794359110463036,-0.5556070432964632,0.8313918663474159,-0.005027660597633934
1757619200416.6963,190834,April7,April7,1192.6265686327529,1529.6150057629325,1642.834646554515,-0.6845162095706392,0.18299467524995422,-0.1842481241770929,0.6811777568318208
1757619200416.6963,190834,UWB2,UWB2,-1223.0620890092155,2021.790676416767,1719.5976433458013,0.5006219930857408,0.5011681299017912,-0.4953950966690494,0.5027840727448167
1757619200416.6963,190834,UWB3,UWB3,1879.2843813631719,-1460.2892676785737,1388.3429911168018,-0.7061380559667237,5.92742837943128e-06,0.7080722250422192,-0.0016643329482608998
1757619200416.6963,190834,UWB4,UWB4,-749.3721546333403,-1868.5070310023962,1445.0433354438887,-0.13652538377562337,0.5956014779695371,0.09743215826683974,0.7855741044362954
1757619200416.6963,190834,UWB1,UWB1,-168.84243087363865,-443.41665456020166,238.4503171621668,0.01857672675350342,0.33927764124878285,0.06658024153127698,0.9381431973901558
1757619200416.6963,190834,LeftRS,LeftRS,-215.1636919074609,-481.4486193021669,250.6639964400101,-0.0063521479856987,-0.5496758136078699,0.8353234874192581,-0.007128921112108344
1757619200427.7058,190835,April7,April7,1192.4081051330527,1529.7412295830177,1642.9501770276254,-0.6843074526708908,0.18290596013174468,-0.18383282026641007,0.6815234509246613
1757619200427.7058,190835,UWB2,UWB2,-1223.0659900341668,2021.9350984813955,1719.5640945440407,0.5013364186195454,0.49937680924176503,-0.4969994738540471,0.502270963470956
1757619200427.7058,190835,UWB3,UWB3,1879.2686601819535,-1460.3026688355246,1388.3553117586237,-0.7060299709368063,-0.00030471252566313526,0.7081797661594288,-0.0017338084167941345
1757619200427.7058,190835,UWB4,UWB4,-749.3720857453983,-1868.4717270870565,1445.0494523632256,-0.13663685467315212,0.5955860560669181,0.09733089830680414,0.785578968658449
1757619200427.7058,190835,UWB1,UWB1,-168.85657616648567,-443.43787335133004,238.4477704274455,0.01882353407620029,0.3391566614382535,0.06671076836881801,0.9381727489916672
1757619200427.7058,190835,LeftRS,LeftRS,-215.1643366636695,-481.43385535143454,250.66306032742634,-0.006436649887688659,-0.5501388976079575,0.8350184506522571,-0.007067527660265001
1757619200437.0227,190836,April7,April7,1192.4076605720622,1529.7217085523243,1642.9585097944955,-0.6843392222895724,0.18303210899761652,-0.18387867543492054,0.681445308614189
1757619200437.0227,190836,UWB2,UWB2,-1223.0751346274346,2021.761890805842,1719.568732318378,0.5002275763738049,0.501476596327254,-0.4948680160914661,0.5033877648701031
1757619200437.0227,190836,UWB3,UWB3,1879.2680138590397,-1460.2987632942163,1388.357282550249,-0.7060408632899805,-0.0001611495847676686,0.7081691781478794,-0.0016396697556816792
1757619200437.0227,190836,UWB4,UWB4,-749.3921998089646,-1868.4837010880663,1445.2854657394348,-0.1414313845216371,0.5984759429132995,0.0947933441634559,0.7828396586330042
1757619200437.0227,190836,UWB1,UWB1,-168.86382931728218,-443.41864228289796,238.47076824507175,0.018600302177598192,0.3392687641265682,0.06665221631112696,0.9381408297839658
1757619200437.0227,190836,LeftRS,LeftRS,-215.2050856334426,-481.4598346507507,250.67474244517746,-0.0061262378605491,-0.5500313996562979,0.8350919297441882,-0.00702833393755493
1757619200444.9785,190837,April7,April7,1192.6170563828816,1529.6210016698487,1642.8425039862882,-0.6845150591576539,0.1830029100270456,-0.18425760954858272,0.6811741348814331
1757619200444.9785,190837,UWB2,UWB2,-1223.0462157214458,2021.8172035111788,1719.5756023538308,0.5013039806649692,0.5001352344720881,-0.49605367483157314,0.5024836493808508
1757619200444.9785,190837,UWB3,UWB3,1879.2703275918943,-1460.2975664830717,1388.3581528062537,-0.7060262835328741,-0.0001620351780668008,0.7081837212092235,-0.0016363739229316155
1757619200444.9785,190837,UWB4,UWB4,-749.4093277505553,-1868.4452034487451,1445.0536532086094,-0.13694585859717434,0.5953718573510159,0.09777458275184732,0.7856324294828889
1757619200444.9785,190837,UWB1,UWB1,-168.86890366910941,-443.42346825410516,238.47634103343094,0.01895563485429338,0.3391350287168844,0.06657657439211458,0.938187441797576
1757619200444.9785,190837,LeftRS,LeftRS,-215.212998535836,-481.0076111968616,250.713605543171,-0.010639215912479773,-0.5646895779057005,0.8252024635410441,-0.007306288746095903
1757619200456.171,190838,April7,April7,1192.39082904489,1529.750203927233,1642.9841410300799,-0.6843116454891802,0.18295755704835512,-0.1838303826010106,0.6815060488356317
1757619200456.171,190838,UWB2,UWB2,-1223.0905364054256,2021.8117922085687,1719.589985451312,0.5006362740097892,0.5011015979193211,-0.4952313349691663,0.5029974498672493
1757619200456.171,190838,UWB3,UWB3,1879.279231335801,-1460.3009124344862,1388.3922099070262,-0.7057772136550089,-0.0002881876147471939,0.708432224959797,-0.0014913992698689954
1757619200456.171,190838,UWB4,UWB4,-749.3456909602254,-1868.4305408001824,1445.3078067855415,-0.1423367953385097,0.5987172797011993,0.09551234515471596,0.7824035068959019
1757619200456.171,190838,UWB1,UWB1,-168.86341511289953,-443.4181271143053,238.4702522825478,0.01898389458511586,0.3391914313143985,0.06652299603164781,0.9381702807423844
1757619200456.171,190838,LeftRS,LeftRS,-215.21803500631353,-481.0133956033468,250.75257655071633,-0.009983860305278204,-0.5636250833382965,0.825933384377982,-0.007818729771240153
1757619200467.132,190839,April7,April7,1192.39873658167,1529.7516443644527,1642.9697987202478,-0.684309254409762,0.1829377136864413,-0.18385455841979118,0.6815072549786958
1757619200467.132,190839,UWB2,UWB2,-1223.0451292482098,2021.8072781490048,1719.6278965514907,0.5009470203783479,0.500910261633115,-0.49582169546775157,0.5022965646589508
1757619200467.132,190839,UWB3,UWB3,1879.2748870252644,-1460.2966992877248,1388.383296751861,-0.7059738324209724,-0.00039104614781923817,0.7082357450260939,-0.0017101131801253693
1757619200467.132,190839,UWB4,UWB4,-749.3917681736665,-1868.4346133389886,1445.0693249733793,-0.13714538679227586,0.5955657224073954,0.09782441816834277,0.7854444578612669
1757619200467.132,190839,UWB1,UWB1,-168.86660621907293,-443.39758428788554,238.48118116166535,0.018874825842027106,0.33912210089468525,0.06652461419948671,0.9381974298301065
1757619200467.132,190839,LeftRS,LeftRS,-215.1993875796017,-481.01723472697546,250.72465531180382,-0.010066696114507735,-0.563388593364436,0.8260925096610641,-0.007944808245963263
1757619200477.2449,190840,April7,April7,1192.3974496171502,1529.7613683109432,1642.9557430676075,-0.6843130501070024,0.18293226213343128,-0.18382262086360746,0.6815135222303599
1757619200477.2449,190840,UWB2,UWB2,-1223.0413386285352,2021.725120099896,1719.6433600846217,0.4999318333187897,0.5022363807343094,-0.49412613961435126,0.5036527951389076
1757619200477.2449,190840,UWB3,UWB3,1879.2688804611503,-1460.3009633008967,1388.3878921240284,-0.7059968479659944,-0.0004532765167723064,0.708212995912281,-0.0016117144385942013
1757619200477.2449,190840,UWB4,UWB4,-749.3603981044082,-1868.4493116024119,1445.080579665218,-0.13802340388739084,0.5955772495876261,0.09844816881441198,0.7852039466342906
1757619200477.2449,190840,UWB1,UWB1,-168.8645391327433,-443.4102165041927,238.4658692527374,0.018836058164451257,0.33910239453307334,0.06665682368006076,0.9381959479723021
1757619200477.2449,190840,LeftRS,LeftRS,-215.2103354501623,-481.0354043167369,250.73782799611774,-0.009932676903551688,-0.5634301958570966,0.8260675723481613,-0.007753853285858065
1757619200487.6558,190841,April7,April7,1192.4043402177908,1529.76246479242,1642.9356242206,-0.6842893595764903,0.18294913532424292,-0.18381290111851067,0.6815354016020777
1757619200487.6558,190841,UWB2,UWB2,-1223.0312851266783,2021.7757654355244,1719.6050936164013,0.5008815576237351,0.5014439177688969,-0.49492141757083086,0.5027170705224564
1757619200487.6558,190841,UWB3,UWB3,1879.2782805353377,-1460.2901864350083,1388.3468287540445,-0.706117184991857,-0.00011878398476598752,0.7080925878651974,-0.001842270313622108
1757619200487.6558,190841,UWB4,UWB4,-749.3593946524032,-1868.423085290126,1445.0800423078092,-0.1374190426402243,0.5955323652630669,0.0984120278585427,0.7853485095273249
1757619200487.6558,190841,UWB1,UWB1,-168.84299531296568,-443.41252172222045,238.45599186555498,0.01907893398492568,0.33916065286771757,0.06650006695090162,0.93818110560801
1757619200487.6558,190841,LeftRS,LeftRS,-215.20902715065046,-481.2633628471378,250.5474467679859,-0.007146186409614018,-0.553655630940797,0.8326934139276415,-0.006004394130680051
1757619200507.2334,190842,April7,April7,1192.4006918294288,1529.7680846993114,1642.9409005751183,-0.6843494245754105,0.18302200734916954,-0.1839454379876196,0.6814197573836027
1757619200507.2334,190842,UWB2,UWB2,-1223.0649892306517,2021.779785064467,1719.583717644849,0.5007940324794352,0.5017262918355272,-0.49427810559617824,0.5031552637528609
1757619200507.2334,190842,UWB3,UWB3,1879.2748710055628,-1460.2995112313529,1388.3598207181947,-0.7058767712450943,-0.0004912979156419842,0.7083323063682223,-0.0017567578188189094
1757619200507.2334,190842,UWB4,UWB4,-749.4230851281428,-1868.457702202666,1445.0525839600102,-0.13715413275624008,0.5952698936027875,0.09757713320466885,0.7856979067768783
1757619200507.2334,190842,UWB1,UWB1,-168.8538038055348,-443.41833483292424,238.46504238240297,0.01877643941758977,0.3392314089676329,0.06675502900310876,0.9381435191885229
1757619200507.2334,190842,LeftRS,LeftRS,-215.15329856504118,-481.42306546152156,250.64700947617266,-0.006229603557809018,-0.5502405395667985,0.8349505926318428,-0.007351769887962879
1757619200511.283,190843,April7,April7,1192.4151716284425,1529.7718177793604,1642.9050229050374,-0.6843297720753657,0.18290507364754954,-0.1839858462110878,0.6814599808347167
1757619200511.283,190843,UWB2,UWB2,-1223.051146312044,2021.703846447862,1719.5903337246268,0.5000581324827621,0.502331973147302,-0.4940431267540011,0.5035134971367904
1757619200511.283,190843,UWB3,UWB3,1879.2608529426827,-1460.30437793522,1388.355272659496,-0.7059600848436227,-0.0004594088536894807,0.7082494064540038,-0.0017104995298369635
1757619200511.283,190843,UWB4,UWB4,-749.3672068432687,-1868.4528905730288,1445.2941566869197,-0.14196979617962022,0.5986415259219892,0.09505660286182806,0.7825836330175059
1757619200511.283,190843,UWB1,UWB1,-168.8535460387099,-443.4117244363184,238.46572533853362,0.018443036473514925,0.33943551860249727,0.06682640650474252,0.9380712203827347
1757619200511.283,190843,LeftRS,LeftRS,-215.1986099743388,-481.03054506142666,250.7198034151669,-0.00937902886306088,-0.5627536086123478,0.8265287166663063,-0.008407754594117885
1757619200515.248,190844,April7,April7,1192.633788111112,1529.6033229639029,1642.7985088807247,-0.68455283345212,0.183151930362362,-0.1844453871853066,0.6810452905374772
1757619200515.248,190844,UWB2,UWB2,-1223.0610520050038,2021.770661213045,1719.612587265349,0.5003607226796885,0.5009091381643948,-0.4952437331632424,0.5034509184274059
1757619200515.248,190844,UWB3,UWB3,1879.2825178149099,-1460.2884364314807,1388.347731663358,-0.7059582447747347,-4.74589009207535e-05,0.7082516735609176,-0.0015878540197598401
1757619200515.248,190844,UWB4,UWB4,-749.4079902875965,-1868.4763394630959,1445.0500728927682,-0.13731195800260562,0.5953903485906052,0.0978897035759039,0.7855401739748706
1757619200515.248,190844,UWB1,UWB1,-168.85289068193907,-443.4154224377095,238.46426342561375,0.0184303065934429,0.33937813504250114,0.06679083588538252,0.9380947657330135
1757619200515.248,190844,LeftRS,LeftRS,-215.21293501271523,-481.005648116371,250.70906206807948,-0.00962635629974053,-0.5635731722795959,0.8259732955371664,-0.007792805051851742
1757619200526.251,190845,April7,April7,1192.4243186013955,1529.755124079123,1642.9566958528276,-0.6843118336923214,0.18290971071021273,-0.18373232044218724,0.6815451462826864
1757619200526.251,190845,UWB2,UWB2,-1223.0554674873204,2021.7875487419806,1719.598192641693,0.5006621368007519,0.5006722383182559,-0.4956478724331478,0.5029889870603398
1757619200526.251,190845,UWB3,UWB3,1879.2601561322474,-1460.308387284688,1388.3548967040965,-0.7060624906687907,-0.00045053099865028317,0.7081469725785199,-0.001849735191907155
1757619200526.251,190845,UWB4,UWB4,-749.384063863156,-1868.4549148742926,1445.0807935681842,-0.1368072447318147,0.595557501142818,0.09723619829370364,0.7855826897041452
1757619200526.251,190845,UWB1,UWB1,-168.85999294321508,-443.4331044430771,238.43231476061382,0.01912238859005934,0.3390431908305457,0.0665181729571043,0.9382213926747257
1757619200526.251,190845,LeftRS,LeftRS,-215.20368745482958,-481.23440312854,250.5399491260375,-0.0076129708374161305,-0.5554667172538605,0.8314864708738472,-0.0053867849412624
1757619200536.295,190846,April7,April7,1192.4274044390502,1529.7594088263704,1642.970874597359,-0.6843212445502597,0.18288366608237153,-0.18376067128220602,0.6815350428461977
1757619200536.295,190846,UWB2,UWB2,-1223.0452673036934,2021.8459094158152,1719.6188784632952,0.5009401845769856,0.5007552731680366,-0.49586774887523344,0.5024124436116101
1757619200536.295,190846,UWB3,UWB3,1879.2683688060954,-1460.301340522154,1388.3733716315585,-0.7059220954676786,-0.00043125598489263594,0.7082873590121438,-0.0016811342598946728
1757619200536.295,190846,UWB4,UWB4,-749.3656393746523,-1868.4699568916496,1445.269097303601,-0.14111469368267507,0.5986824916916917,0.09491442945168159,0.7827241969241362
1757619200536.295,190846,UWB1,UWB1,-168.84163308243,-443.4128226119592,238.4859237558459,0.018453677756013087,0.3394467851081096,0.0665621779341726,0.9380857201374008
1757619200536.295,190846,LeftRS,LeftRS,-215.20385163112627,-480.9943946247395,250.70991409893963,-0.010910493565412958,-0.5650537549248915,0.8249507419648434,-0.0071755492538320585
1757619200546.294,190847,April7,April7,1192.6428144280544,1529.5743328695517,1642.850298002746,-0.6844778472620263,0.18309513628903454,-0.18436337541204462,0.6811581266354528
1757619200546.294,190847,UWB2,UWB2,-1223.0203890969942,2021.777447338561,1719.6469313733817,0.5004184046204426,0.501408903535814,-0.49536837424848756,0.5027730159491002
1757619200546.294,190847,UWB3,UWB3,1879.2590642836155,-1460.3130861648615,1388.3912045612976,-0.7061370942612849,-0.0006225928890173507,0.7080731608407542,-0.0015541503490402767
1757619200546.294,190847,UWB4,UWB4,-749.4098557293479,-1868.447394745419,1445.3064114439424,-0.1412589228861089,0.5983170785902399,0.0944283156388592,0.7830363231535974
1757619200546.294,190847,UWB1,UWB1,-168.860102747535,-443.41078937109546,238.48203602836819,0.018317866529678574,0.33922598367719026,0.06665509816128125,0.9381616521970793
1757619200546.294,190847,LeftRS,LeftRS,-215.1558227889865,-481.39885567386233,250.67656556819034,-0.006832210462702785,-0.5515880085742618,0.8340625689148449,-0.006604606910573774
1757619200557.2947,190848,April7,April7,1192.3815449472615,1529.7260439705874,1642.9713316778762,-0.6843683900945263,0.18292230046646676,-0.18376857717996653,0.6814752003358103
1757619200557.2947,190848,UWB2,UWB2,-1223.0565463135476,2021.7379288711127,1719.6416130177502,0.5002308342184872,0.5014121774360052,-0.4946195157605777,0.5036928383893624
1757619200557.2947,190848,UWB3,UWB3,1879.258851151857,-1460.3094094134578,1388.3921758858066,-0.7059521281383494,-0.0006991721128834432,0.7082570897545248,-0.00173168927441461
1757619200557.2947,190848,UWB4,UWB4,-749.3901838482435,-1868.4344884663665,1445.080630527398,-0.1365415392709168,0.5954333580227144,0.09698348047293251,0.7857542419374388
1757619200557.2947,190848,UWB1,UWB1,-168.86321926581866,-443.4145529535511,238.49556563707304,0.018860245154947535,0.33916805004457606,0.0665112299646646,0.9381820618996308
1757619200557.2947,190848,LeftRS,LeftRS,-215.1947348250543,-481.00724558264335,250.72428337137475,-0.010489704334816836,-0.5645545947803984,0.8252954320558926,-0.007451539638621966
1757619200564.2944,190849,April7,April7,1192.4157754052435,1529.7477950052917,1642.951230698867,-0.6842799024531454,0.182954893316233,-0.18377079037780314,0.6815547070589986
1757619200564.2944,190849,UWB2,UWB2,-1223.0259820982642,2021.760426379154,1719.6613216971537,0.5001162468720332,0.5016479265279281,-0.49496111402970083,0.503236120547144
1757619200564.2944,190849,UWB3,UWB3,1879.257352997206,-1460.310922957149,1388.3916003225909,-0.7059637708993864,-0.0006772283598178333,0.7082455788976632,-0.0017016201636731163
1757619200564.2944,190849,UWB4,UWB4,-749.3398591732672,-1868.4488405324644,1445.2979130027302,-0.142287858953398,0.5987200728003522,0.09557414953899926,0.7824027233850198
1757619200564.2944,190849,UWB1,UWB1,-168.87659093838997,-443.4165366550547,238.47795205868232,0.018864646501464456,0.33899212825575076,0.06655758857752803,0.9382422658864586
1757619200564.2944,190849,LeftRS,LeftRS,-215.22222299771377,-481.0110345218307,250.74609511923902,-0.010308615811202237,-0.5637740354875325,0.8258285507043558,-0.00773137708967427
1757619200576.4036,190850,April7,April7,1192.405139886072,1529.7415756147084,1642.9667422701186,-0.6843024970034222,0.18295868897113748,-0.183820089611497,0.681517707312191
1757619200576.4036,190850,UWB2,UWB2,-1223.0957540694194,2021.7948971968015,1719.5762950972626,0.5005363604807874,0.5014474021155393,-0.4947565355832599,0.5032194603211153
1757619200576.4036,190850,UWB3,UWB3,1879.2581636339635,-1460.3209533203244,1388.3986412311945,-0.7059253400964626,-0.0006793701354590138,0.7082840162746464,-0.0016446749737445267
1757619200576.4036,190850,UWB4,UWB4,-749.3996995081413,-1868.4579885947862,1445.0803418239996,-0.13717962551082483,0.5953854874497693,0.09755332405339853,0.7856088216441075
1757619200576.4036,190850,UWB1,UWB1,-168.8684562182618,-443.4160904111983,238.48087626256284,0.018882171105573615,0.3391232526577846,0.06666646038231852,0.9381867970618842
1757619200576.4036,190850,LeftRS,LeftRS,-215.16141094267903,-481.3880002432515,250.6553655755021,-0.007277799747262598,-0.5525103321845491,0.8334498872480229,-0.006375884755537833
1757619200586.426,190851,April7,April7,1192.405100234913,1529.7436966080595,1642.964614729354,-0.6844014133628266,0.18295212127408478,-0.18383063119483106,0.6814172919311543
1757619200586.426,190851,UWB2,UWB2,-1223.0265079538976,2021.8579817135453,1719.5840282624927,0.5003560912499088,0.5005790454838411,-0.49620687287093074,0.5028351026800449
1757619200586.426,190851,UWB3,UWB3,1879.2780965701622,-1460.2929976913342,1388.3550886914336,-0.7060250031606863,-0.00024508059916990787,0.7081849067191397,-0.0016651554450518276
1757619200586.426,190851,UWB4,UWB4,-749.3923403042976,-1868.4422935182024,1445.0558388937318,-0.1376926437276377,0.5956957427833014,0.09784708747817084,0.7852472638380754
1757619200586.426,190851,UWB1,UWB1,-168.85183730251865,-443.41415718029634,238.46208480676046,0.01875585005016872,0.3391859985425118,0.06676476035822954,0.9381596576574389
1757619200586.426,190851,LeftRS,LeftRS,-215.22487212919,-480.999708716413,250.7252048702144,-0.009952205450190904,-0.5637323761038763,0.8258633683040821,-0.007513895952913682
1757619200612.4485,190852,April7,April7,1192.4144444319493,1529.7638345680202,1642.9302148192128,-0.684358439997316,0.18301671102036338,-0.1838960403303761,0.6814254584637541
1757619200612.4485,190852,UWB2,UWB2,-1223.0314383701295,2021.7741849581123,1719.5796619696687,0.5006788207791798,0.5009667508929276,-0.49510248415906594,0.5032162190375777
1757619200612.4485,190852,UWB3,UWB3,1879.2844679520445,-1460.2874386504177,1388.3347619303763,-0.706123277732669,6.5975424795416e-05,0.7080870630628215,-0.001619695768684351
1757619200612.4485,190852,UWB4,UWB4,-749.3927324491904,-1868.4458770671006,1445.0707890636932,-0.13755811472999493,0.5954986934189471,0.09781397384502835,0.7854244061199656
1757619200612.4485,190852,UWB1,UWB1,-168.84227317683374,-443.4108421010907,238.44309095704435,0.01865320533468214,0.3394183421636667,0.06670493675686524,0.9380819251781121
1757619200612.4485,190852,LeftRS,LeftRS,-215.18173415235805,-481.232541420772,250.5329910469559,-0.007493292219113347,-0.5553438485634975,0.8315680334168224,-0.005627275866766842
1757619200616.5579,190854,April7,April7,1192.3994717186235,1529.7474926575953,1642.9550977683982,-0.6843079278304431,0.18298046003846258,-0.1838501762990186,0.6814982933414708
1757619200616.5579,190854,UWB2,UWB2,-1223.0118541754473,2021.8593063609903,1719.6024813131273,0.5006991895918572,0.49956266442161157,-0.49715809484570095,0.5025647168150892
1757619200616.5579,190854,UWB3,UWB3,1879.2735029754738,-1460.294074166163,1388.3505451760498,-0.7059421282101652,-0.0002662824929883284,0.7082673246102834,-0.0017428715179298043
1757619200616.5579,190854,UWB4,UWB4,-749.4091233209282,-1868.472586124526,1445.0554986545728,-0.1367876787761619,0.5953552452485273,0.0975104559703354,0.7857053989037831
1757619200616.5579,190854,UWB1,UWB1,-168.8480084891502,-443.4166520239087,238.4651065506183,0.01872913994577919,0.3393095204040866,0.06681027125315189,0.9381122834368605
1757619200616.5579,190854,LeftRS,LeftRS,-215.21336834153095,-480.9907029602169,250.70191995204277,-0.009842977748475713,-0.5639284710455724,0.8257297527178141,-0.007626979075865548
1757619200626.5264,190855,April7,April7,1192.6169836402478,1529.6203525768171,1642.8284531976574,-0.6845143478484456,0.1829953145842449,-0.18425866040124256,0.6811766059525021
1757619200626.5264,190855,UWB2,UWB2,-1223.1713823003242,2021.8661776202327,1719.6097494932371,0.5124871189400815,0.5160990791641489,-0.47672477719045553,0.4936923943298325
1757619200626.5264,190855,UWB3,UWB3,1879.2677097448063,-1460.3010904382802,1388.3587624839581,-0.7059902926629724,-0.0002967507322892052,0.7082193659082221,-0.0017170781022764615
1757619200626.5264,190855,UWB4,UWB4,-749.3763426630942,-1868.4766287431125,1445.2992910372357,-0.1405939993006918,0.5985148212341108,0.09408388541691863,0.7830463323639244
1757619200626.5264,190855,UWB1,UWB1,-168.85793515843022,-443.40833502589203,238.48147630174768,0.01869106791102781,0.33932428336297127,0.06671235875444509,0.9381146709704361
1757619200626.5264,190855,LeftRS,LeftRS,-215.22997389304072,-481.01278484452627,250.72600556686294,-0.009671209286430197,-0.5632765355873433,0.8261748984349505,-0.007813409221190228
1757619200637.5266,190856,April7,April7,1192.4100910053294,1529.748204579107,1642.972904610157,-0.6842844786099331,0.18293236885023983,-0.18383842832770755,0.6815379175294433
1757619200637.5266,190856,UWB2,UWB2,-1223.0576374491918,2021.3992292894834,1719.515788307443,0.49889753286049876,0.5057306929683381,-0.489653551114665,0.5055463557145579
1757619200637.5266,190856,UWB3,UWB3,1879.2261242159293,-1460.3069322403599,1388.3699896840021,-0.7061164240056743,-0.000603939612383806,0.7080931418111394,-0.0018257947346684337
1757619200637.5266,190856,UWB4,UWB4,-749.3650785408914,-1868.4614616002016,1445.3050077669518,-0.14117585255887954,0.5986561119573164,0.09434352166261822,0.7828023621519787
1757619200637.5266,190856,UWB1,UWB1,-168.86016899813015,-443.4199181373995,238.4697629126207,0.0188690858131163,0.339021806819865,0.06654584526052536,0.938232286046336
1757619200637.5266,190856,LeftRS,LeftRS,-215.22547831554985,-481.0115798176385,250.72871405295908,-0.010210659307178373,-0.5646210928031482,0.8252531681311432,-0.007481476311690109
1757619200646.736,190857,April7,April7,1192.6351987396931,1529.6150565074925,1642.8591771375477,-0.6844936941428448,0.18299894890363524,-0.18425028832833,0.6811986484350756
1757619200646.736,190857,UWB2,UWB2,-1223.102642517652,2021.7223517320808,1719.5756428502873,0.4999940898728908,0.5019502171311852,-0.49361844389899984,0.5043735931399124
1757619200646.736,190857,UWB3,UWB3,1879.2563738087542,-1460.311709238665,1388.3615703864289,-0.7060031786220007,-0.0005257317720431268,0.7082063741776602,-0.0017224853750571654
1757619200646.736,190857,UWB4,UWB4,-749.4154686953061,-1868.4877389626574,1445.0538333003597,-0.13669439140988796,0.5952410717942127,0.09770807001494496,0.7857835852576154
1757619200646.736,190857,UWB1,UWB1,-168.86183028014355,-443.4338016378405,238.4719335118157,0.018763075245972684,0.3391230927580896,0.06660367230993973,0.9381937037735504
1757619200646.736,190857,LeftRS,LeftRS,-215.1639109105485,-481.42039110922207,250.67927726483757,-0.0071297503508316075,-0.5517856932974018,0.8339314581761853,-0.00632759009275343
1757619200656.9922,190858,April7,April7,1192.4263412572582,1529.7427294558595,1642.9609514423337,-0.6842948707554952,0.1829207926299841,-0.18379308418600257,0.681542820141725
1757619200656.9922,190858,UWB2,UWB2,-1223.0755908249043,2021.7691322108562,1719.5940112809885,0.5000150581329043,0.5019261052157062,-0.4942863444166886,0.503722280891492
1757619200656.9922,190858,UWB3,UWB3,1879.2876623220795,-1460.302991105188,1388.3783644211042,-0.7059743467881345,-0.00021598221140301896,0.7082359709850153,-0.0014086985709193553
1757619200656.9922,190858,UWB4,UWB4,-749.4235987100487,-1868.4079455487201,1445.0870929868709,-0.13738569361727004,0.5952322586469602,0.09750749089146758,0.7856946090405549
1757619200656.9922,190858,UWB1,UWB1,-168.86830235556994,-443.4168014004168,238.45184676517346,0.018779205297398707,0.33914061164892517,0.0663388813013853,0.9382058088748289
1757619200656.9922,190858,LeftRS,LeftRS,-215.16317758889855,-481.4184203798026,250.6431164406947,-0.007298621209818761,-0.552033631024319,0.8337660280974779,-0.006309575033019136
1757619200665.8777,190859,April7,April7,1192.6170837974876,1529.6107410420257,1642.8388112003418,-0.6844541184899778,0.18308499771782677,-0.18427041813144243,0.6812098474731808
1757619200665.8777,190859,UWB2,UWB2,-1223.087214545854,2021.8236226663537,1719.5569750198679,0.5006493256482868,0.5013792739481463,-0.4949973555707231,0.502938062151928
1757619200665.8777,190859,UWB3,UWB3,1879.2721978976076,-1460.3066935640625,1388.3769786603066,-0.7059947506859718,-0.00045908309730748135,0.708215055294844,-0.0016237919458822123
1757619200665.8777,190859,UWB4,UWB4,-749.3901933800231,-1868.4446677634548,1445.053725802152,-0.13671062579759535,0.5954894493072639,0.09701518137004844,0.78567841712847
1757619200665.8777,190859,UWB1,UWB1,-168.87418647575507,-443.4126258731826,238.43527584827658,0.01885982143504913,0.3387732442272136,0.06643762599883266,0.9383299195820445
1757619200665.8777,190859,LeftRS,LeftRS,-215.16348840124147,-481.4100941426963,250.61673416794454,-0.007505358143638978,-0.5521716392588752,0.8336707693154037,-0.006572578365093174
1757619200677.6,190860,April7,April7,1192.6282610847247,1529.6296091982704,1642.8341094777172,-0.6844852328020605,0.18299027442929536,-0.18424421891096757,0.6812111224415582
1757619200677.6,190860,UWB2,UWB2,-1223.0714189098755,2021.7377629586001,1719.610620823283,0.5003578755887107,0.5020889208023098,-0.49409835343682146,0.5034039422520905
1757619200677.6,190860,UWB3,UWB3,1879.2678720671959,-1460.308769187444,1388.387366362404,-0.7059338468970148,-0.0004740657716423242,0.7082761727268881,-0.0014290605927068708
1757619200677.6,190860,UWB4,UWB4,-749.3619014467616,-1868.4452041267289,1445.0701103308293,-0.1376925868274714,0.5955417408374608,0.0984321663715662,0.7852909620493835
1757619200677.6,190860,UWB1,UWB1,-168.84733932740244,-443.3974252118012,238.46809564709076,0.01870186146264661,0.3393376671812983,0.06639790623802226,0.9381319235891045
1757619200677.6,190860,LeftRS,LeftRS,-215.16186115492155,-481.3930825258302,250.67227234470823,-0.007343427736009616,-0.5518628636780234,0.8338803837804223,-0.006079416780668994
1757619200685.9182,190861,April7,April7,1192.3900755548814,1529.7562508552242,1642.9625939425982,-0.6843049546453756,0.18294348777208563,-0.18386063590294785,0.6815083828500857
1757619200685.9182,190861,UWB2,UWB2,-1223.0576303280016,2021.8627111468336,1719.6317012184934,0.5007827404989884,0.5001836576729749,-0.4959554335172116,0.5030518495940175
1757619200685.9182,190861,UWB3,UWB3,1879.219659220823,-1460.3097657505896,1388.3605085191168,-0.7061454133632573,-0.0008408200344212673,0.7080633812617859,-0.0020484930634833694
1757619200685.9182,190861,UWB4,UWB4,-749.3817956273668,-1868.461764832528,1445.2921031030273,-0.14128374787557504,0.5984909485595483,0.09466958607076525,0.7828698209483573
1757619200685.9182,190861,UWB1,UWB1,-168.85348324622856,-443.3980529855574,238.48141905065717,0.018574769562237397,0.33924093706091396,0.06676142166437948,0.9381436335311847
1757619200685.9182,190861,LeftRS,LeftRS,-215.21606449569748,-480.9968312748667,250.71563169308232,-0.010062014658408924,-0.5639598738603342,0.8257050837363306,-0.007689683246367073
1757619200715.6213,190862,April7,April7,1192.395748548966,1529.7571529792433,1642.9426062017826,-0.6843031669899581,0.18292739860821175,-0.1838629128772708,0.6815138822901785
1757619200715.6213,190862,UWB2,UWB2,-1223.0522489862926,2021.8090080288375,1719.629948482683,0.5005048137473844,0.5008168871344439,-0.49582323790098604,0.5028286922342876
1757619200715.6213,190862,UWB3,UWB3,1879.268441170567,-1460.2996160441642,1388.3769239370608,-0.7059770197904818,-0.0004582752891150595,0.7082324397434382,-0.0017460832071306733
1757619200715.6213,190862,UWB4,UWB4,-749.3385650005337,-1868.4752194312123,1445.2911361543422,-0.14124421991203967,0.5988141275980837,0.09457824780495162,0.7826408282044391
1757619200715.6213,190862,UWB1,UWB1,-168.84053220992237,-443.4230766054136,238.4746128565169,0.018801141369115947,0.3393290056361313,0.06695572811492922,0.9380934247130254
1757619200715.6213,190862,LeftRS,LeftRS,-215.22362494620407,-480.998323058754,250.73353399606938,-0.009456418009139897,-0.5632914560123277,0.8261654639765326,-0.007996116206580781
1757619200720.652,190864,April7,April7,1192.4150632522637,1529.777743245217,1642.943136123164,-0.6843817302213674,0.1829569467402439,-0.18384685823762353,0.6814313873713556
1757619200720.652,190864,UWB2,UWB2,-1223.062058047174,2021.7908632646838,1719.5976429731606,0.5006236900254707,0.5011650981936501,-0.4953988734121276,0.5027816837950896
1757619200720.652,190864,UWB3,UWB3,1879.221831472794,-1460.3056304225609,1388.358673304071,-0.7062029512481593,-0.0008670810890108718,0.7080063619728166,-0.0019055772857478857
1757619200720.652,190864,UWB4,UWB4,-749.3701267671323,-1868.4951736132932,1445.2972252652,-0.1405370356745785,0.5985370125479061,0.09420311865102322,0.7830252605442887
1757619200720.652,190864,UWB1,UWB1,-168.84458171633952,-443.4155016752165,238.46140163036736,0.018805494750111548,0.3393679314443287,0.06671231640956529,0.9380965980716864
1757619200720.652,190864,LeftRS,LeftRS,-215.17990441961123,-481.42900016348835,250.6575295342473,-0.005949150845704984,-0.5498873157480106,0.8351851258534115,-0.007372457994719323
1757619200727.704,190865,April7,April7,1192.6234174936544,1529.6059023301293,1642.849590670184,-0.6844440131663431,0.18306646590544717,-0.1843438226304008,0.6812051210609416
1757619200727.704,190865,UWB2,UWB2,-1223.1013656932407,2021.7776606362297,1719.590679360649,0.5002318753990647,0.5016896485486934,-0.4943448665486737,0.5036851400337292
1757619200727.704,190865,UWB3,UWB3,1879.21668098597,-1460.318193208693,1388.3660672554856,-0.7062796786330506,-0.001054129919666206,0.7079298113995494,-0.0018128684193686087
1757619200727.704,190865,UWB4,UWB4,-749.3937118626139,-1868.4550361549582,1445.0591348068779,-0.13747571628141045,0.5954508050273966,0.09802671241790106,0.785448616955735
1757619200727.704,190865,UWB1,UWB1,-168.85831631896792,-443.4131618109252,238.45828606214752,0.018773376671557762,0.3392993188606668,0.06664144073168855,0.9381270974266974
1757619200727.704,190865,LeftRS,LeftRS,-215.2170431889321,-481.03536087196045,250.7147252892047,-0.009826732033573985,-0.5624636778985775,0.8267237918512339,-0.008112852116448325
1757619200735.814,190866,April7,April7,1192.4047788511898,1529.7417405581198,1642.95984377138,-0.6842929551532687,0.18297075172444288,-0.18381604655346756,0.6815251400868881
1757619200735.814,190866,UWB2,UWB2,-1223.0620371795933,2021.790957040801,1719.5976409097498,0.5006245985884473,0.5011634746573674,-0.4954008962990543,0.5027804042557784
1757619200735.814,190866,UWB3,UWB3,1879.2381424324742,-1460.3081192704606,1388.3704555798608,-0.7061521629080348,-0.0006521824324640599,0.7080574621619209,-0.001824213583736596
1757619200735.814,190866,UWB4,UWB4,-749.375865810736,-1868.4531317735248,1445.2913933680522,-0.14168726377959018,0.5985034226755432,0.09491447473272802,0.7827576986619316
1757619200735.814,190866,UWB1,UWB1,-168.8622590387371,-443.4282724071205,238.44401197820576,0.018840711644668245,0.339145443910159,0.06660434106377436,0.9381840209741179
1757619200735.814,190866,LeftRS,LeftRS,-215.16004344482823,-481.3983391599712,250.64935168327207,-0.007130213732268894,-0.5522666792152333,0.8336139299311075,-0.0062041039260604895
1757619200747.0452,190867,April7,April7,1192.6042305957844,1529.5764529091912,1642.8489050947721,-0.6845375823029508,0.18304966875507106,-0.18424849303673332,0.6811414023513639
1757619200747.0452,190867,UWB2,UWB2,-1223.049300475862,2021.8377278144812,1719.6143944509404,0.5008848314927773,0.5004403463270172,-0.49637622655199776,0.5022792918910226
1757619200747.0452,190867,UWB3,UWB3,1879.2168983635133,-1460.3198713505915,1388.3666724668647,-0.7061800800105045,-0.0010147711250488793,0.7080287660718056,-0.0019827381969119364
1757619200747.0452,190867,UWB4,UWB4,-749.3546932466863,-1868.444956215264,1445.0580790350787,-0.13797806038729865,0.5956906149851506,0.09846151144925716,0.7851242429281495
1757619200747.0452,190867,UWB1,UWB1,-168.85569964247156,-443.4107198318139,238.45393675128463,0.01837631307257228,0.33919533990859596,0.06660235710151853,0.9381753346420235
1757619200747.0452,190867,LeftRS,LeftRS,-215.20087285958226,-481.03649696729826,250.74049748449514,-0.009930105240052887,-0.5635729158921736,0.8259698653447656,-0.00779378117888736
1757619200757.1877,190868,April7,April7,1192.4124134643005,1529.7219884323624,1642.9671623834013,-0.6843637732502608,0.18274011934725537,-0.18363170882504584,0.6815656022406135
1757619200757.1877,190868,UWB2,UWB2,-1223.0673133969535,2021.773701607787,1719.583950586549,0.5005215907642132,0.5015151210791482,-0.4949189268828421,0.503006934664886
1757619200757.1877,190868,UWB3,UWB3,1879.264991777318,-1460.315783359961,1388.391578932672,-0.705963081441387,-0.0006573866775965053,0.7082465935279041,-0.0015678777560037879
1757619200757.1877,190868,UWB4,UWB4,-749.397614622438,-1868.4309577929782,1445.0681966752286,-0.13773389793187654,0.5954792766150253,0.09785799213689063,0.7854028379484466
1757619200757.1877,190868,UWB1,UWB1,-168.8801171785949,-443.42807623672337,238.46389122407717,0.01909789128752952,0.3390318973380516,0.06634031664497604,0.9382385653570071
1757619200757.1877,190868,LeftRS,LeftRS,-215.2104357146887,-481.03255063675823,250.72125565510083,-0.010227478103209599,-0.5646658917341427,0.8252208133664368,-0.007644513756307882
1757619200766.05,190869,April7,April7,1192.6230156641482,1529.5467381905355,1642.8427311014705,-0.6845310889511842,0.18297506108188297,-0.18419978587400232,0.6811811463666321
1757619200766.05,190869,UWB2,UWB2,-1223.0512702626468,2021.7696812567267,1719.6299182835683,0.5005410720101762,0.5015087026939078,-0.49496404993393883,0.5029495458057105
1757619200766.05,190869,UWB3,UWB3,1879.251678941793,-1460.315868420641,1388.4015082633848,-0.7060133311695092,-0.000634877067911008,0.708196403858021,-0.0016207111428091314
1757619200766.05,190869,UWB4,UWB4,-749.3532780048836,-1868.4421733135878,1445.0716740341154,-0.1373458483827684,0.5957506497937621,0.09766544866190888,0.7852889540417564
1757619200766.05,190869,UWB1,UWB1,-168.87722995766768,-443.40989881691354,238.47644032780067,0.018822523817446556,0.33906126847105994,0.06635770330816985,0.9382322868200617
1757619200766.05,190869,LeftRS,LeftRS,-215.18259943167885,-481.4372765521549,250.67872332703288,-0.006605479570464611,-0.550976226900276,0.8344675806020218,-0.006739581187878224
1757619200777.051,190870,April7,April7,1192.4058822246145,1529.7395296924199,1642.9554669359734,-0.6844194322976755,0.1828856924512174,-0.18365055147347825,0.6814655817673065
1757619200777.051,190870,UWB2,UWB2,-1223.0366014118413,2021.777117713544,1719.6113757053845,0.5007232557337993,0.5014867834876402,-0.49514338144134024,0.5026134289584795
1757619200777.051,190870,UWB3,UWB3,1879.255237934475,-1460.317125332714,1388.3908037326103,-0.7059765303279061,-0.0006380069396116376,0.7082333145445033,-0.0015178084934623244
1757619200777.051,190870,UWB4,UWB4,-749.3686155582451,-1868.4580084408128,1445.0627762796976,-0.13744698501065641,0.5954980732907647,0.09835113660583439,0.7853772500822824
1757619200777.051,190870,UWB1,UWB1,-168.8591283333784,-443.4191437024657,238.4576292827794,0.018877816807106346,0.3390040435419145,0.06645357004184352,0.9382450690110355
1757619200777.051,190870,LeftRS,LeftRS,-215.2253766856881,-481.0091658167449,250.73650928458989,-0.010306878445244413,-0.5645272390139613,0.8253179329785063,-0.00728520226725401
1757619200787.0479,190871,April7,April7,1192.3875350125516,1529.750235719803,1642.9579488345944,-0.6843019413545695,0.18288906332285118,-0.18383858638915107,0.6815319638356637
1757619200787.0479,190871,UWB2,UWB2,-1223.0946793849425,2021.775742080473,1719.616678259923,0.5004712096994135,0.5016774652043728,-0.4944089888339296,0.503396504684262
1757619200787.0479,190871,UWB3,UWB3,1879.2732162112718,-1460.3038499541813,1388.3798047720788,-0.7059884845520449,-0.00038479966886296004,0.7082214810551611,-0.0015637714526546302
1757619200787.0479,190871,UWB4,UWB4,-749.3734605326993,-1868.4721105017443,1445.0645105192104,-0.13736781383867705,0.5956059155325251,0.09803112766207314,0.7853493331716451
1757619200787.0479,190871,UWB1,UWB1,-168.8639114467992,-443.4297138643326,238.46275519166971,0.018997109964540022,0.33916121157192347,0.0666279249275708,0.9381734924830835
1757619200787.0479,190871,LeftRS,LeftRS,-215.18406115492772,-481.40336182572526,250.66991454993934,-0.0068542241150102495,-0.551675893681873,0.834006743481218,-0.006283292921854281
1757619200797.0479,190872,April7,April7,1192.6232170169328,1529.6284391724548,1642.7998516316745,-0.6845075625190155,0.18295555928757443,-0.1842406151235811,0.6811989840853636
1757619200797.0479,190872,UWB2,UWB2,-1223.0563457129792,2021.7669952968529,1719.6139083268172,0.500357010267923,0.5009221931861756,-0.49526828865325523,0.5034174618582211
1757619200797.0479,190872,UWB3,UWB3,1879.2305811939036,-1460.302491108983,1388.365162173446,-0.7062547381360047,-0.0007475478769877194,0.707955176723491,-0.001775889361930161
1757619200797.0479,190872,UWB4,UWB4,-749.3905963515308,-1868.4413825085046,1445.0721834394508,-0.13756188221331594,0.5957903632522128,0.09781852507971232,0.7852019534928298
1757619200797.0479,190872,UWB1,UWB1,-168.85920180172144,-443.4116754053474,238.4712995988531,0.019030917782903656,0.3393049672070061,0.06661636058813825,0.938121646642366
1757619200797.0479,190872,LeftRS,LeftRS,-215.19881800681188,-480.99420400397366,250.71440083910005,-0.010054206124251447,-0.564061007456421,0.8256374903729299,-0.007538388232825066
1757619200808.047,190873,April7,April7,1192.6191004881423,1529.6123501854856,1642.8177740532271,-0.6845519939318869,0.18303988488827339,-0.18434617541876616,0.6811031168277231
1757619200808.047,190873,UWB2,UWB2,-1223.0373218777586,2021.8952327086924,1719.583957084883,0.5014488692615439,0.499870329652141,-0.4967002988117225,0.5019636423189678
1757619200808.047,190873,UWB3,UWB3,1879.272184081683,-1460.300588448097,1388.368938316665,-0.7060731516415959,-0.00047241805135304525,0.70813720805911,-0.0014750980773159416
1757619200808.047,190873,UWB4,UWB4,-749.4342487901912,-1868.4610671065905,1445.060376363693,-0.13695040642731846,0.5952015253370194,0.09744029249573091,0.7858022141825666
1757619200808.047,190873,UWB1,UWB1,-168.83494384279953,-443.45821360639184,238.45267832323046,0.020136705929679782,0.33935220787248,0.06648945990235927,0.938090477410504
1757619200808.047,190873,LeftRS,LeftRS,-215.14733786711201,-481.4184521688398,250.65337928242442,-0.0064276212201960885,-0.5505608546966283,0.834741871539782,-0.006887587344629794
1757619200817.046,190874,April7,April7,1192.5962492059894,1529.6374375227751,1642.8199184400426,-0.6845151008872609,0.1829844481436514,-0.18430128530706194,0.6811672369022392
1757619200817.046,190874,UWB2,UWB2,-1223.089957414194,2021.7721248476973,1719.6179968978993,0.5004680111569357,0.5016895780464186,-0.49443474340785454,0.503362316427677
1757619200817.046,190874,UWB3,UWB3,1879.2840272103292,-1460.2914962673722,1388.3688501180693,-0.7060267433699395,-0.00029676856477522007,0.708183797117509,-0.0013634790366406975
1757619200817.046,190874,UWB4,UWB4,-749.3700422084519,-1868.4689286487019,1445.0491204860834,-0.1375685485841316,0.5955854294362707,0.09825332735109023,0.7853019637999819
1757619200817.046,190874,UWB1,UWB1,-168.83508816818522,-443.4135868114838,238.43671508930356,0.019054987721157563,0.3391568501634146,0.06655744604032478,0.9381788980822192
1757619200817.046,190874,LeftRS,LeftRS,-215.1617849251643,-481.3904126044021,250.67388985731407,-0.006379365523040603,-0.5508336347792349,0.8345615838033781,-0.0069694570101962216
1757619200827.0474,190875,April7,April7,1192.6159022207082,1529.5941122865265,1642.8082735466917,-0.6845156286622548,0.18305624669222156,-0.1843658358320362,0.6811299459295777
1757619200827.0474,190875,UWB2,UWB2,-1223.0757431213708,2021.69988884462,1719.5868534348228,0.5004312501808301,0.5025260067650149,-0.49314327880174846,0.5038312048096274
1757619200827.0474,190875,UWB3,UWB3,1879.271219266931,-1460.2968650799235,1388.3504865151726,-0.7061613562429124,-0.0003830163938220194,0.708049066009646,-0.0015850458923103276
1757619200827.0474,190875,UWB4,UWB4,-749.3694058719498,-1868.4742984211903,1445.0640078144988,-0.13775436681305772,0.5956191101365057,0.09821336794808955,0.7852488423553543
1757619200827.0474,190875,UWB1,UWB1,-168.84818541681503,-443.4240496912627,238.45206390440256,0.018856283309873566,0.33926485659811706,0.06681212231806949,0.9381257580775363
1757619200827.0474,190875,LeftRS,LeftRS,-215.18494197998265,-481.0039822559861,250.71350932562694,-0.009657537535133372,-0.5636864037423995,0.8258943453934818,-0.007930980506230645
1757619200836.0527,190876,April7,April7,1192.6120199285003,1529.5788469416461,1642.8363155436177,-0.6845159359130095,0.1829807914290717,-0.18429029732156446,0.6811703529677848
1757619200836.0527,190876,UWB2,UWB2,-1223.0785038802524,2021.7076676481327,1719.5793516808374,0.5003972635586683,0.5025762082320433,-0.49352189213096814,0.503444014295103
1757619200836.0527,190876,UWB3,UWB3,1879.285265471367,-1460.3031829603806,1388.392784026022,-0.7058828450766166,-2.1695715968645138e-05,0.7083268720637053,-0.0015655249229901502
1757619200836.0527,190876,UWB4,UWB4,-749.3944155551632,-1868.471542073326,1445.2748900225579,-0.14100852892782087,0.5984572048310439,0.09433144018619677,0.7829860459470678
1757619200836.0527,190876,UWB1,UWB1,-168.85115196664515,-443.4422752075977,238.4417105503934,0.01917764428869443,0.33904658989044806,0.06668267973865558,0.9382073587784667
1757619200836.0527,190876,LeftRS,LeftRS,-215.17504112481578,-481.42361627194083,250.6649510608947,-0.006594004224729571,-0.5512311142978646,0.834298993886431,-0.006779862705668251
1757619200846.0457,190877,April7,April7,1192.5957208759676,1529.5913112755868,1642.8351991509846,-0.6845245742960722,0.18278676641309258,-0.18416368929747357,0.681248002384866
1757619200846.0457,190877,UWB2,UWB2,-1223.054331227171,2021.771952537758,1719.577467571356,0.5008264278116987,0.5008514761136893,-0.49503388018397565,0.5032515728242775
1757619200846.0457,190877,UWB3,UWB3,1879.241429394678,-1460.303467406402,1388.3639566705758,-0.7060563594716698,-0.0005613297634533221,0.7081531698790519,-0.0017860987542322334
1757619200846.0457,190877,UWB4,UWB4,-749.363025262097,-1868.4772131063678,1445.2914614144997,-0.14099541258762405,0.5988832732636203,0.09426192942575533,0.7826709444557345
1757619200846.0457,190877,UWB1,UWB1,-168.85682892857304,-443.4333700161436,238.45295765841104,0.019061630000442933,0.33924061282175155,0.06650237498184289,0.9381523836753937
1757619200846.0457,190877,LeftRS,LeftRS,-215.196810679753,-481.429496846455,250.64092076476965,-0.006535777938589147,-0.5510588798062941,0.8344172642061043,-0.006262889761935743
1757619200856.0435,190878,April7,April7,1192.3997976171459,1529.7286877777306,1642.9690471002589,-0.6843703430028532,0.18273676728876936,-0.18364045588414968,0.6815575474321071
1757619200856.0435,190878,UWB2,UWB2,-1223.0799776055792,2021.726734358679,1719.5671104404855,0.5002595661801448,0.5022396351813806,-0.4939380612325083,0.5035085967131027
1757619200856.0435,190878,UWB3,UWB3,1879.2222365966873,-1460.3155688156398,1388.363648819536,-0.7062536607113905,-0.0005762762622462194,0.7079559633852716,-0.0019464184189681459
1757619200856.0435,190878,UWB4,UWB4,-749.387785465302,-1868.4642102063447,1445.0636697104615,-0.13683887317791418,0.5954828283086288,0.09733184566827485,0.7856219420279466
1757619200856.0435,190878,UWB1,UWB1,-168.88495806415324,-443.4196325047536,238.4589065470778,0.018782827081165066,0.33902773392778623,0.06652793022715796,0.9382331456169728
1757619200856.0435,190878,LeftRS,LeftRS,-215.21989088648337,-481.04733664722966,250.7382251483578,-0.01002067545852575,-0.5634221196110825,0.8260733218672933,-0.00761367818110424
1757619200865.046,190879,April7,April7,1192.401226168504,1529.7047724174136,1642.9693322639498,-0.6843092009714493,0.18278177608185472,-0.18367920968156976,0.6815964258481211
1757619200865.046,190879,UWB2,UWB2,-1223.0817907520109,2021.857081196865,1719.5396515952652,0.5010676929144264,0.500931687102026,-0.4954951879555023,0.5024769951823403
1757619200865.046,190879,UWB3,UWB3,1879.2627535774718,-1460.3168445102942,1388.3925170831328,-0.7059673762925122,-0.0007110078520846114,0.7082421628157449,-0.0016114864494120894
1757619200865.046,190879,UWB4,UWB4,-749.3878971513112,-1868.437388441831,1445.0617111247118,-0.1366530682238581,0.5955114289291464,0.09695711096307463,0.78567893925793
1757619200865.046,190879,UWB1,UWB1,-168.87260711249996,-443.4165512477118,238.47826128447392,0.01873875343884189,0.33912199300874923,0.06639238303055212,0.9382095631855693
1757619200865.046,190879,LeftRS,LeftRS,-215.21874582071848,-481.0003862873456,250.7082402461026,-0.010672002790390508,-0.5648354603890117,0.8251002101070943,-0.007526906722143399
1757619200877.047,190880,April7,April7,1192.3906389101912,1529.6998727807636,1642.9914905601288,-0.6843497317906581,0.1828317132798627,-0.18367868803855125,0.6815424776032973
1757619200877.047,190880,UWB2,UWB2,-1223.081976249302,2021.7221539345994,1719.5732903433254,0.5002934200558051,0.5021836519079513,-0.49352613500893155,0.5039345470082452
1757619200877.047,190880,UWB3,UWB3,1879.254474557289,-1460.3175115555764,1388.3737632072882,-0.7061933616170296,-0.0006228690479525134,0.7080167377026434,-0.001687357429461999
1757619200877.047,190880,UWB4,UWB4,-749.3973898288406,-1868.4656717316911,1445.0499427506536,-0.1375174817922469,0.5954637369364595,0.09805515099885251,0.7854279518566795
1757619200877.047,190880,UWB1,UWB1,-168.8728358830798,-443.4243955969092,238.47489805124204,0.01890399093201309,0.3389540733907766,0.06653100221934348,0.9382571081544397
1757619200877.047,190880,LeftRS,LeftRS,-215.199075276092,-481.0376190019617,250.76681448527862,-0.010177033394535994,-0.5629146108373715,0.8264112565959074,-0.008246445820497684
1757619200886.091,190881,April7,April7,1192.6135804640262,1529.5730067610332,1642.8402479136137,-0.6844624721926557,0.18290992620305474,-0.1841320280840917,0.681285901285173
1757619200886.091,190881,UWB2,UWB2,-1223.0661717274388,2021.754983942418,1719.624337163501,0.5004604969755637,0.5017382628611747,-0.494580150628258,0.5031783790591091
1757619200886.091,190881,UWB3,UWB3,1879.2703237941073,-1460.2888953586178,1388.392180302476,-0.7058890761335203,-0.00035114936537344426,0.7083205020453388,-0.0015985217320764562
1757619200886.091,190881,UWB4,UWB4,-749.3697959223317,-1868.4440376377972,1445.306159705685,-0.14185496980788134,0.5985437404543156,0.09490329917310257,0.782697848540433
1757619200886.091,190881,UWB1,UWB1,-168.86524632751042,-443.40118415353004,238.4733262865273,0.018800226029047937,0.3391372547026563,0.06636545342306391,0.9382047220974501
1757619200886.091,190881,LeftRS,LeftRS,-215.2060661732644,-481.025419481529,250.73648320296513,-0.010017856461171402,-0.5631966539783472,0.8262217983473549,-0.008167706849556164
1757619200896.0479,190882,April7,April7,1192.4275826794008,1529.7478480374634,1642.9654358733605,-0.684284625323561,0.18293075379597057,-0.18378758453068006,0.6815519163158519
1757619200896.0479,190882,UWB2,UWB2,-1223.0395074492744,2021.863661018114,1719.6044909220739,0.501248585384587,0.5005040250497098,-0.496289357607631,0.5019386915594325
1757619200896.0479,190882,UWB3,UWB3,1879.258599695702,-1460.299256459715,1388.3867769976039,-0.7059932752135937,-0.0007352719229790679,0.7082161902006365,-0.0016681325121948355
1757619200896.0479,190882,UWB4,UWB4,-749.3937864627453,-1868.4454696688686,1445.0807995147052,-0.13750785900689702,0.5953872552283909,0.09810228546831802,0.7854817290101883
1757619200896.0479,190882,UWB1,UWB1,-168.85435874181158,-443.41702190737476,238.48450782637204,0.018777379956512835,0.3391419632486872,0.06675367622763177,0.9381759352466313
1757619200896.0479,190882,LeftRS,LeftRS,-215.21151487290925,-481.00397273381697,250.7175636480653,-0.010046346259136047,-0.564376321475486,0.8254215405778317,-0.007597304440346428
1757619200914.044,190883,April7,April7,1192.4315519568895,1529.7710966547804,1642.9445222196732,-0.6843135901910058,0.18287970896222466,-0.18372578436279655,0.681553195642177
1757619200914.044,190883,UWB2,UWB2,-1223.0342056922575,2021.8436725553333,1719.613174248381,0.5012016060545136,0.5006002547405093,-0.49575456406028273,0.5024179010102171
1757619200914.044,190883,UWB3,UWB3,1879.273841054789,-1460.3024327020744,1388.3783133757213,-0.7060885168213547,-0.000398263922242122,0.7081221510473853,-0.0013663802150186808
1757619200914.044,190883,UWB4,UWB4,-749.3727801571821,-1868.44475916188,1445.2955617516086,-0.14097627970514456,0.5988715977267838,0.09400762149083852,0.7827139101218921
1757619200914.044,190883,UWB1,UWB1,-168.84466014222434,-443.4126208662316,238.47585226684583,0.018752595952244266,0.3394238411093784,0.06666418601567023,0.9380808507450066
1757619200914.044,190883,LeftRS,LeftRS,-215.21108675757893,-480.99944276413777,250.71651739164602,-0.010049120559341478,-0.5638207019348346,0.8257988542976733,-0.007841140627761976
1757619200917.0457,190884,April7,April7,1192.6397791775,1529.629894443645,1642.8041084075664,-0.6844860875110513,0.18290433801749356,-0.18430517997690518,0.6812168522371393
1757619200917.0457,190884,UWB2,UWB2,-1223.0446022791252,2021.8090471638698,1719.6338790939972,0.5003743354289893,0.5003738409655841,-0.4954985121444913,0.5037189376864256
1757619200917.0457,190884,UWB3,UWB3,1879.221657718748,-1460.3144065293839,1388.3585972459393,-0.70626132145111,-0.000730727802370313,0.7079480624600099,-0.00198814439334479
1757619200917.0457,190884,UWB4,UWB4,-749.439616453942,-1868.4655136725464,1445.0516688591692,-0.13660248668125474,0.595128427003564,0.09762098015013587,0.7858957057010096
1757619200917.0457,190884,UWB1,UWB1,-168.8585811558694,-443.42310527754415,238.4587962873629,0.01896237187063403,0.339197502511852,0.0668552575815917,0.9381449020681512
1757619200917.0457,190884,LeftRS,LeftRS,-215.21049036812394,-481.0190962921674,250.72274706816683,-0.009683528957460788,-0.5628394527988666,0.8264706505393067,-0.00801520038038361
1757619200927.0776,190885,April7,April7,1192.4046049896535,1529.7795902705877,1642.9151700723348,-0.6843328635151404,0.18278927320492297,-0.1838168267807681,0.6815335558185183
1757619200927.0776,190885,UWB2,UWB2,-1223.0717531445798,2021.8034543431208,1719.524999601004,0.49988200356490287,0.5012825246094773,-0.4942659396318338,0.5045146122293662
1757619200927.0776,190885,UWB3,UWB3,1879.2518496389919,-1460.335170530272,1388.3708601884468,-0.7061237245963125,-0.0009861636822400045,0.7080859606001275,-0.0016079317204185104
1757619200927.0776,190885,UWB4,UWB4,-749.418088019743,-1868.4157773113623,1445.0685581996984,-0.13744708159379054,0.5953271301443307,0.09748897737947106,0.7856142865076793
1757619200927.0776,190885,UWB1,UWB1,-168.86078156306965,-443.4363281275011,238.43906853470412,0.019229069201554396,0.3391810554608461,0.06670347017161134,0.9381562245069706
1757619200927.0776,190885,LeftRS,LeftRS,-215.20731672571256,-481.0329155384365,250.70860700054146,-0.00917489405973409,-0.5622416794726334,0.8268787069613955,-0.00846871635113405
1757619200936.0754,190886,April7,April7,1192.4089015492118,1529.7774740676352,1642.9455779946459,-0.6843227593787073,0.18281353438503375,-0.18380701042560563,0.6815398415062508
1757619200936.0754,190886,UWB2,UWB2,-1223.0546512878743,2021.7901638609733,1719.5653272620004,0.5006941922448543,0.500433720880934,-0.49548733512564075,0.5033524784756975
1757619200936.0754,190886,UWB3,UWB3,1879.2762412038649,-1460.2976112271983,1388.3483430679312,-0.7061143311516582,-0.00024727268789926775,0.7080961620366575,-0.0015216791448471657
1757619200936.0754,190886,UWB4,UWB4,-749.4412616181082,-1868.459524568737,1445.0383693680478,-0.13682982308256453,0.5951705809362804,0.09736457567933955,0.7858560418460538
1757619200936.0754,190886,UWB1,UWB1,-168.84675570923898,-443.43880477908425,238.43962511142354,0.019030166485417055,0.3394082173338578,0.0667453703836913,0.9380751410746018
1757619200936.0754,190886,LeftRS,LeftRS,-215.20845430528829,-481.00370556406847,250.6768146635198,-0.00985121728615652,-0.5636037759567637,0.8259510001117044,-0.0076604608043113085
1757619200946.0854,190887,April7,April7,1192.3808244940678,1529.722760818042,1642.9644530556973,-0.6843793001205595,0.18294964517680778,-0.1837709421732669,0.6814562654410944
1757619200946.0854,190887,UWB2,UWB2,-1223.0803298247147,2021.744979443732,1719.5550356010483,0.5001276566511231,0.5018223973689996,-0.49439279274549897,0.5036093476423888
1757619200946.0854,190887,UWB3,UWB3,1879.2706448628417,-1460.3016697722483,1388.357048352351,-0.7061146168251861,-0.00037318544845394466,0.7080956061416227,-0.0016190124674638217
1757619200946.0854,190887,UWB4,UWB4,-749.3997150735498,-1868.4545347318606,1445.0695929692524,-0.13720872947707533,0.5954540401951709,0.09753856027248696,0.7855536135939449
1757619200946.0854,190887,UWB1,UWB1,-168.8387709767329,-443.47070383867833,238.45063297955448,0.020068447084133283,0.3393395650715929,0.06634649175873136,0.9381066357509482
1757619200946.0854,190887,LeftRS,LeftRS,-215.16819763712243,-481.43478333979203,250.66575560906367,-0.006575046863113194,-0.5511620997415632,0.8343469510182787,-0.006501837718769613
1757619200956.085,190888,April7,April7,1192.5904637157475,1529.5910088836436,1642.8440170067754,-0.6845292966236128,0.18303678711129237,-0.18421280320047145,0.681162843793598
1757619200956.085,190888,UWB2,UWB2,-1223.052150666021,2021.8184533285291,1719.5778243970394,0.5008696231347465,0.49995543226977535,-0.49610119964705307,0.5030484927654131
1757619200956.085,190888,UWB3,UWB3,1879.2986849256306,-1460.2799622998548,1388.3550198434573,-0.7058371121507893,2.5294009989949798e-05,0.7083724329763232,-0.0015705636095913328
1757619200956.085,190888,UWB4,UWB4,-749.398479336985,-1868.4259491990404,1445.0698620104197,-0.13726573735025155,0.5953849619669936,0.09772068095744545,0.7855733784481668
1757619200956.085,190888,UWB1,UWB1,-168.8553381316644,-443.43014783254966,238.45232487735004,0.018960358904428258,0.33921241782770095,0.06653670135409959,0.9381621969332468
1757619200956.085,190888,LeftRS,LeftRS,-215.177266371058,-481.44218138947497,250.68133988482145,-0.006672788432112084,-0.5505346691598174,0.8347570742171138,-0.006904997618743265
1757619200964.0457,190889,April7,April7,1192.3920482817257,1529.713846498892,1642.9740976246317,-0.684331034307061,0.18285162997542817,-0.18363450711523985,0.6815678137178283
1757619200964.0457,190889,UWB2,UWB2,-1223.0418742197592,2021.837891228044,1719.6075655786542,0.5011518644294987,0.5001989354442806,-0.4962685364329597,0.5023598048271121
1757619200964.0457,190889,UWB3,UWB3,1879.2343155776844,-1460.30614600044,1388.3789136875134,-0.7062907289039847,-0.000660367196963123,0.7079196441298554,-0.0016575990172965531
1757619200964.0457,190889,UWB4,UWB4,-749.4622717163921,-1868.4726203267805,1445.2563655212514,-0.1403208255463242,0.5980707380611899,0.09407653365364077,0.7834354242748134
1757619200964.0457,190889,UWB1,UWB1,-168.8676967239478,-443.41802974750817,238.4796944620288,0.018513494737772876,0.33903985736945297,0.06675877407408273,0.9382177208471503
1757619200964.0457,190889,LeftRS,LeftRS,-215.18070372990658,-481.4044733595058,250.6606631099974,-0.006968739128826094,-0.5522225075685551,0.8336446151311052,-0.006196327344731125
1757619200976.0464,190890,April7,April7,1192.3965923780033,1529.7135299915144,1642.9642996067184,-0.6843236254700226,0.1828197994998494,-0.18363927661405424,0.6815825060981731
1757619200976.0464,190890,UWB2,UWB2,-1223.0354233168036,2021.761267327524,1719.6159218376706,0.5001359629867181,0.5011595545275462,-0.4951681547184592,0.5034993723787703
1757619200976.0464,190890,UWB3,UWB3,1879.2632559217052,-1460.3088003158164,1388.400133238115,-0.7059622257274822,-0.0005084260302042854,0.7082477834212203,-0.0014678650481524211
1757619200976.0464,190890,UWB4,UWB4,-749.3206046268194,-1868.4426602348492,1445.2998232002956,-0.14207916164878415,0.5988791804511704,0.09546453641511347,0.7823322576337759
1757619200976.0464,190890,UWB1,UWB1,-168.85774274307846,-443.3923202570968,238.5035639325886,0.018110415314753506,0.3392275971181487,0.06665334026009344,0.9381652212924686
1757619200976.0464,190890,LeftRS,LeftRS,-215.21388131332128,-481.0089078169183,250.7509288820171,-0.01042640176130933,-0.563817796047856,0.8257967533040395,-0.007778511332986783
1757619200986.0427,190891,April7,April7,1192.5775276280974,1529.577107018277,1642.8676127837161,-0.6845020442455919,0.18296083230360424,-0.18416026331382937,0.6812248400363563
1757619200986.0427,190891,UWB2,UWB2,-1223.0913846274073,2021.7913485527085,1719.605695640532,0.5003322168690377,0.5013496712738268,-0.49485368250976103,0.5034242870413272
1757619200986.0427,190891,UWB3,UWB3,1879.2600602826,-1460.3064299606126,1388.3944107445611,-0.7060679087674139,-0.0003560295101891537,0.7081422015590946,-0.001613636525816395
1757619200986.0427,190891,UWB4,UWB4,-749.4147964569972,-1868.4638842699685,1445.2910511329114,-0.14028675086847142,0.5982967551446052,0.09358397782692059,0.7833279386108313
1757619200986.0427,190891,UWB1,UWB1,-168.8753100661263,-443.40808575432067,238.48550187529113,0.01884463771387651,0.33904390527450806,0.06644582639654979,0.9382318807630248
1757619200986.0427,190891,LeftRS,LeftRS,-215.21842861807514,-481.0144262639473,250.7706572305959,-0.010057503817131606,-0.5638579869137452,0.8257752468660096,-0.007632750089457536
1757619200996.046,190892,April7,April7,1192.5947387326755,1529.5948265714007,1642.842845345571,-0.6845415390288151,0.18287786951740348,-0.1841480678638388,0.6812107275189168
1757619200996.046,190892,UWB2,UWB2,-1223.0792008379976,2021.811423334041,1719.634632286255,0.5006593984165719,0.50108237169137,-0.49525157975737144,0.5029736536888748
1757619200996.046,190892,UWB3,UWB3,1879.2661823124874,-1460.3150476423637,1388.3960351906428,-0.7058711000160576,-0.0007631738779559385,0.7083381569027009,-0.0015694596004904963
1757619200996.046,190892,UWB4,UWB4,-749.4355279337416,-1868.4588127325699,1445.0618549023798,-0.13679171764363549,0.5951950606394467,0.0976291089637863,0.785811315047987
1757619200996.046,190892,UWB1,UWB1,-168.8586163571055,-443.39146350936306,238.4813423822176,0.01844931147707956,0.33932373360175144,0.06644758475195982,0.9381384467130747
1757619200996.046,190892,LeftRS,LeftRS,-215.21904511767224,-481.0096819395385,250.73595983694133,-0.010098710495344847,-0.5646401805019401,0.8252418555204278,-0.007440598515512379
1757619201006.0786,190893,April7,April7,1192.6020646350983,1529.628132250361,1642.8047063098554,-0.6844484553445712,0.18301430598025323,-0.18434784204129698,0.6812135853883964
1757619201006.0786,190893,UWB2,UWB2,-1223.0631891563035,2021.8046521356189,1719.5637983365202,0.5008763298362031,0.5008361036301113,-0.4952403969538706,0.5030139647518708
1757619201006.0786,190893,UWB3,UWB3,1879.2850416534272,-1460.297349105661,1388.3689843551972,-0.706021142470741,-0.00010157483389805414,0.7081892592530628,-0.0014522897303660878
1757619201006.0786,190893,UWB4,UWB4,-749.3924167879491,-1868.4609426569664,1445.2687919067898,-0.14131862259438005,0.5984788148693184,0.09455792895673006,0.78288629642628
1757619201006.0786,190893,UWB1,UWB1,-168.84973375751255,-443.4414228291626,238.45193151814388,0.019067932364065048,0.3393165816716388,0.06664380460593683,0.9381147449356498
1757619201006.0786,190893,LeftRS,LeftRS,-215.1966074859476,-481.0456506896032,250.74375504538065,-0.009752990877031726,-0.5632750374262983,0.8261713015257665,-0.008190965546020147
1757619201017.046,190894,April7,April7,1192.6048222269496,1529.6209387096467,1642.8183307867148,-0.6844529974930991,0.18301321269063742,-0.1843646579217902,0.6812047644524697
1757619201017.046,190894,UWB2,UWB2,-1223.0640307522888,2021.8047479376266,1719.5636469740448,0.5007298807436795,0.5007973944603984,-0.49537516411503324,0.5030656050756208
1757619201017.046,190894,UWB3,UWB3,1879.2835763482337,-1460.2906429992504,1388.3487275454543,-0.7060317121050028,-0.00031346775324240085,0.7081782704109212,-0.001631121651650847
1757619201017.046,190894,UWB4,UWB4,-749.3979360471053,-1868.4530764249835,1445.0693243477772,-0.13742399721307197,0.5954615694772953,0.09771776378122048,0.7854880030320103
1757619201017.046,190894,UWB1,UWB1,-168.8592644579231,-443.4263811824614,238.44921877854645,0.019007150458456835,0.33895798148122475,0.06680488021774673,0.9382341514785719
1757619201017.046,190894,LeftRS,LeftRS,-215.17502938351248,-481.42706022384453,250.67488513065433,-0.005940084040157301,-0.5500703918895111,0.8350654488693493,-0.007278425155746889
1757619201026.079,190895,April7,April7,1192.4234878067102,1529.770413583066,1642.9288213834388,-0.68434398512783,0.1828046702114436,-0.18382210031279442,0.6815168361859
1757619201026.079,190895,UWB2,UWB2,-1223.06756944971,2021.7924008548664,1719.5718264731754,0.500394030648148,0.5010898327534355,-0.49538221679193684,0.5031016327633422
1757619201026.079,190895,UWB3,UWB3,1879.2583338575494,-1460.3085258777376,1388.359412941083,-0.7060835955523612,-0.0006891943107950184,0.7081261206981916,-0.001696551791659497
1757619201026.079,190895,UWB4,UWB4,-749.4001760563929,-1868.4549381606112,1445.055550277665,-0.13716841322688975,0.5953721129958833,0.09816894688153739,0.7855442262201436
1757619201026.079,190895,UWB1,UWB1,-168.83389625421037,-443.4391462479414,238.46155928119893,0.019079535236960852,0.3395166318028984,0.06678485196381839,0.938032095193191
1757619201026.079,190895,LeftRS,LeftRS,-215.2158520196448,-480.99565808307165,250.70856462571368,-0.009640738401856046,-0.5634247457244171,0.8260747101549832,-0.007757919231553865
1757619201036.0662,190896,April7,April7,1192.6477380391404,1529.6268167888695,1642.8120903481058,-0.6844678194512498,0.18293347493555862,-0.18428205140749593,0.6812336408404225
1757619201036.0662,190896,UWB2,UWB2,-1223.0649390943374,2021.771404607395,1719.561094524857,0.5006058514487677,0.5006832748187192,-0.4951201525831475,0.5035534473301696
1757619201036.0662,190896,UWB3,UWB3,1879.270849537922,-1460.2957843580039,1388.3762234742283,-0.7060698664628684,-0.0003671317850486894,0.7081407125276075,-0.0013928920461457708
1757619201036.0662,190896,UWB4,UWB4,-749.3992916673698,-1868.4609456643395,1445.0578352671655,-0.1371085836650641,0.5954593029960702,0.09756856202171083,0.7855633841172907
1757619201036.0662,190896,UWB1,UWB1,-168.8452369934935,-443.41448164160585,238.45406563836787,0.01877546742927089,0.33929711697808135,0.06672191892121555,0.9381221315844998
1757619201036.0662,190896,LeftRS,LeftRS,-215.20824544699238,-481.0050207308485,250.70255127309343,-0.009596821642060114,-0.563361010909986,0.8261168583592482,-0.007950392159824536
1757619201046.0696,190897,April7,April7,1192.6188579270204,1529.6176209682267,1642.8071295826587,-0.6844388213210033,0.1829395003990984,-0.18436843880556006,0.6812377836224621
1757619201046.0696,190897,UWB2,UWB2,-1223.0331393975173,2021.81253949023,1719.5806470174555,0.5006078343004896,0.5006970691615624,-0.4957797497342402,0.5028883384245946
1757619201046.0696,190897,UWB3,UWB3,1879.2419958281275,-1460.323270506984,1388.3731578718166,-0.7063698005932207,-0.0005517109655024002,0.7078408712390375,-0.0016436022829679957
1757619201046.0696,190897,UWB4,UWB4,-749.4034615177065,-1868.4576987182234,1445.0637332282092,-0.1371577961236579,0.5955796484622076,0.09773284458241423,0.7854431312259113
1757619201046.0696,190897,UWB1,UWB1,-168.84573130911232,-443.4167491912151,238.46612935914035,0.018790725743695332,0.3393038107235967,0.06675949511384761,0.9381167317912068
1757619201046.0696,190897,LeftRS,LeftRS,-215.21066064000925,-481.0000041335999,250.72188221840076,-0.009828479151520873,-0.5637378047793358,0.8258581455472888,-0.007836574081639507
1757619201056.065,190898,April7,April7,1192.4076079708873,1529.7161995514168,1642.935407611937,-0.6843900958617071,0.18295668348175576,-0.1838422077724769,0.6814243107617322
1757619201056.065,190898,UWB2,UWB2,-1223.0348026940637,2021.885093347695,1719.5758546461755,0.5011225804836229,0.49980125819714544,-0.49691209637553246,0.5021486135693882
1757619201056.065,190898,UWB3,UWB3,1879.272306725386,-1460.3030700706774,1388.3710120548767,-0.7059444766450286,-0.0004040700529276167,0.7082652241887842,-0.0016139475147375051
1757619201056.065,190898,UWB4,UWB4,-749.4146685394305,-1868.4945146334453,1445.276529392721,-0.1402078727251379,0.5983208778649931,0.09368963033999878,0.7833110063719966
1757619201056.065,190898,UWB1,UWB1,-168.86867295614493,-443.4237732456188,238.43378964465654,0.01914110339402954,0.33898390454156385,0.06652944753884257,0.9382416337131877
1757619201056.065,190898,LeftRS,LeftRS,-215.16522000090285,-481.4084660745356,250.65204691804487,-0.006951629125862835,-0.5519551197430919,0.8338201229169958,-0.006420534290208065
1757619201066.062,190899,April7,April7,1192.3789331753421,1529.7361209757225,1642.9640452251504,-0.6843560103921145,0.18288983370937925,-0.18376064950083904,0.6814984838288151
1757619201066.062,190899,UWB2,UWB2,-1223.0947745585079,2021.7744980806021,1719.591244936494,0.5002709860704408,0.5011943442563352,-0.494597567951902,0.503891273547811
1757619201066.062,190899,UWB3,UWB3,1879.2704600637967,-1460.3069004688314,1388.384301363854,-0.7058936474053561,-0.0005360967127193872,0.7083159417741639,-0.0015484772057483714
1757619201066.062,190899,UWB4,UWB4,-749.4049554173783,-1868.4105639208128,1445.311528301183,-0.14175963864588945,0.5983207471345525,0.09464165106444145,0.7829172665634181
1757619201066.062,190899,UWB1,UWB1,-168.87084556198315,-443.3989046738632,238.46779548699303,0.01848189171102696,0.3391137432131554,0.06658123562521161,0.9382042570279481
1757619201066.062,190899,LeftRS,LeftRS,-215.2102648871831,-481.0137601407415,250.74137303572363,-0.010369342548448578,-0.5637635870653709,0.8258355148453305,-0.007667923737683368
1757619201076.0676,190900,April7,April7,1192.6017555325282,1529.569180549426,1642.8621008106127,-0.6844816311895997,0.18292353740516792,-0.18420713121289262,0.6812426945204779
1757619201076.0676,190900,UWB2,UWB2,-1223.096297654434,2021.7715503951501,1719.5947615247903,0.5007102992682766,0.5017243251624942,-0.49393413114966844,0.5035781685422183
1757619201076.0676,190900,UWB3,UWB3,1879.2626521327845,-1460.3148813959588,1388.3943733719304,-0.7059747014650463,-0.0005827980435538921,0.7082352224947962,-0.0015002851482095298
1757619201076.0676,190900,UWB4,UWB4,-749.4085915854442,-1868.438531272422,1445.0519624932876,-0.13697101287956048,0.5953368392579151,0.0977806447395389,0.7856538264194114
1757619201076.0676,190900,UWB1,UWB1,-168.8830500644067,-443.40649761269,238.4746452793226,0.01898991698286203,0.3389456919522984,0.066368159364649,0.9382699336451693
1757619201076.0676,190900,LeftRS,LeftRS,-215.23937131721547,-481.02257682766714,250.745771055501,-0.010453255084261669,-0.5642236321738583,0.8255253791727236,-0.0070901831015134096
1757619201086.0767,190901,April7,April7,1192.6051606160745,1529.5900488492089,1642.843773602446,-0.6845145992848027,0.18283848452144402,-0.18415381229809516,0.6812468167705048
1757619201086.0767,190901,UWB2,UWB2,-1223.0808314129088,2021.8072056707454,1719.6127470046652,0.5008984630848249,0.5011300805095763,-0.4947765800383268,0.5031555504347568
1757619201086.0767,190901,UWB3,UWB3,1879.2718241708922,-1460.3129991108942,1388.3895840765654,-0.705940882424129,-0.0005668952578480313,0.7082689606823473,-0.001492811426911262
1757619201086.0767,190901,UWB4,UWB4,-749.4030886943958,-1868.4673803632718,1445.0686547557084,-0.13749077601070891,0.5954183674076721,0.09795122644651047,0.785479987971164
1757619201086.0767,190901,UWB1,UWB1,-168.87487629577396,-443.41595905260226,238.4794428245862,0.018908930560335963,0.3389683946660194,0.06650844813761284,0.9382534338274136
1757619201086.0767,190901,LeftRS,LeftRS,-215.23054043290634,-481.0167891745129,250.7384071622058,-0.010523004242401024,-0.5645121276653295,0.825327182145763,-0.00709693679074641
1757619201096.0693,190902,April7,April7,1192.3887405562139,1529.7427233061107,1642.9699191043046,-0.6844130983338746,0.1828639575065436,-0.1837036245632272,0.6814634709185843
1757619201096.0693,190902,UWB2,UWB2,-1223.062216579585,2021.7677791421731,1719.5880534344399,0.5010020502429923,0.5015471043811249,-0.49451214151816386,0.5028967981905896
1757619201096.0693,190902,UWB3,UWB3,1879.2770010327313,-1460.3014579799897,1388.3958418940829,-0.705909287072327,-0.0004739006551154757,0.7083003692711449,-0.0015622847269309659
1757619201096.0693,190902,UWB4,UWB4,-749.4029424777364,-1868.4220960872115,1445.0828525090385,-0.13713077668426818,0.5953553142789877,0.09745434849941453,0.7856524993941608
1757619201096.0693,190902,UWB1,UWB1,-168.86137530971448,-443.43741982473074,238.47822802470952,0.018927423590746537,0.3391551539409479,0.06658822764071919,0.9381799092557761
1757619201096.0693,190902,LeftRS,LeftRS,-215.18481443959197,-481.39960344798794,250.66791181494827,-0.007498650078513474,-0.5523425871393417,0.833561948145338,-0.005992936122431666
1757619201114.062,190903,April7,April7,1192.6461003976237,1529.6122420597576,1642.822668979209,-0.6844947874225477,0.18296870035391724,-0.18426091323745114,0.6812028013264921
1757619201114.062,190903,UWB2,UWB2,-1223.032796296071,2021.7944376261917,1719.5927904731318,0.5007406239306037,0.5011128926430181,-0.4953288338348239,0.5027862793915229
1757619201114.062,190903,UWB3,UWB3,1879.2710455042784,-1460.3106320358684,1388.3671368010382,-0.7062196143057327,-0.00022486421341178935,0.7079911811128023,-0.0015143554559493284
1757619201114.062,190903,UWB4,UWB4,-749.373027834273,-1868.422610896977,1445.0692248592604,-0.13719988732980753,0.5954579280678824,0.09823026899552209,0.7854660152233578
1757619201114.062,190903,UWB1,UWB1,-168.84909804618752,-443.4125749819453,238.47463936966628,0.01843241529353501,0.3393811034864954,0.06671187119639672,0.9380992692163291
1757619201114.062,190903,LeftRS,LeftRS,-215.23020699955825,-481.0206392968208,250.73499566699473,-0.010059739372074048,-0.5638051982303616,0.8258084414568742,-0.007932093718388418
1757619201121.0625,190904,April7,April7,1192.443657602477,1529.7433085327202,1642.9450708453787,-0.6843559812797961,0.18291738146164177,-0.18378331633372882,0.6814850072328519
1757619201121.0625,190904,UWB2,UWB2,-1223.0307039833074,2021.8919275473204,1719.5844590357037,0.5014877687425664,0.49937666091163885,-0.49694846441201507,0.5021704810688146
1757619201121.0625,190904,UWB3,UWB3,1879.2663972259336,-1460.303801805364,1388.37055077934,-0.7060286213464381,-0.0005643614048188889,0.7081813328725666,-0.0015707026096418828
1757619201121.0625,190904,UWB4,UWB4,-749.390653947681,-1868.466923606631,1445.263482611009,-0.14134341832554492,0.5985017731599883,0.09475926051233713,0.78283992499588
1757619201121.0625,190904,UWB1,UWB1,-168.84315113200375,-443.4174286673864,238.4662943340068,0.018394872423284504,0.3394545154466846,0.06686018121314244,0.938062885301158
1757619201121.0625,190904,LeftRS,LeftRS,-215.21908903221964,-480.9860601976956,250.70436322066618,-0.010352768066753632,-0.5642850337675801,0.8254833548095268,-0.007242360919337495
1757619201125.063,190905,April7,April7,1192.4157885413765,1529.7373123135412,1642.8930638898476,-0.6843352708203726,0.1829648533147665,-0.18389474819699608,0.6814630005717673
1757619201125.063,190905,UWB2,UWB2,-1223.057467637611,2021.8011826750353,1719.564175097885,0.5007659281600136,0.5003080173637362,-0.4956193562057719,0.5032760939184214
1757619201125.063,190905,UWB3,UWB3,1879.2804712738196,-1460.293545654499,1388.3507139303522,-0.7060402340262615,-0.00034469693699810966,0.7081697814515877,-0.0016216531608775463
1757619201125.063,190905,UWB4,UWB4,-749.3706465895613,-1868.4699270397323,1445.0458500329,-0.13742308449544058,0.595583766198608,0.0981099652953363,0.7853466164682883
1757619201125.063,190905,UWB1,UWB1,-168.844190315454,-443.4105638814711,238.44852892977437,0.018540952079247386,0.33934767491154877,0.06671085321903344,0.9381092957064808
1757619201125.063,190905,LeftRS,LeftRS,-215.18590927688987,-481.41796603219893,250.6417499511179,-0.0061820506476444135,-0.5499153133131589,0.8351666007151614,-0.007188844369056729
1757619201134.0315,190906,April7,April7,1192.4188176794016,1529.7765403195508,1642.9154550155245,-0.6843377007835136,0.18283513751980382,-0.18376205937206153,0.6815311653253925
1757619201134.0315,190906,UWB2,UWB2,-1223.0281595473366,2021.8046226300726,1719.5666199488385,0.5006365586796739,0.5009356599116455,-0.49557211996268147,0.5028267839504488
1757619201134.0315,190906,UWB3,UWB3,1879.2757796870615,-1460.2963475054703,1388.3570394284345,-0.7060825513551121,-0.0004422449030364925,0.7081277721155812,-0.0015144140532661918
1757619201134.0315,190906,UWB4,UWB4,-749.4013839381879,-1868.4293446281426,1445.0665364403142,-0.13714993556040764,0.5953235139199876,0.09771559781957345,0.7856408027161635
1757619201134.0315,190906,UWB1,UWB1,-168.83878272881296,-443.4170383738815,238.45805517674415,0.01842800554659475,0.339521277486826,0.06695015445543497,0.938031655949671
1757619201134.0315,190906,LeftRS,LeftRS,-215.21316179028284,-480.9864375138111,250.69342442124628,-0.010031839691288987,-0.5638539099691813,0.8257767395556986,-0.007804281750076238
1757619201146.0317,190907,April7,April7,1192.6105329389977,1529.615741775669,1642.8275140276808,-0.6844523931524211,0.18305429666152667,-0.1843472282381486,0.6811990497810381
1757619201146.0317,190907,UWB2,UWB2,-1223.0869140810205,2021.8246459328695,1719.5817981858784,0.500976840925834,0.50080081154913,-0.49523448601728504,0.5029548248768471
1757619201146.0317,190907,UWB3,UWB3,1879.2607923927415,-1460.310189038934,1388.3693198630249,-0.7061168767527188,-0.00045860960622380825,0.7080934680673284,-0.001544837401819972
1757619201146.0317,190907,UWB4,UWB4,-749.3902436755236,-1868.4741595896087,1445.2879956698187,-0.1412160330005598,0.5984357638391936,0.09459144053455319,0.7829336676624552
1757619201146.0317,190907,UWB1,UWB1,-168.84615041452375,-443.41283931809835,238.45928655021325,0.01864261027376276,0.3394489541192629,0.06673117843745625,0.9380691927858348
1757619201146.0317,190907,LeftRS,LeftRS,-215.21306271739476,-481.02983691195277,250.71818447401296,-0.009568058581029793,-0.5629493255648237,0.8263982512172348,-0.00790186599458937
1757619201156.0635,190908,April7,April7,1192.4128534906574,1529.7699466983718,1642.950436006543,-0.6843325668548416,0.18288696476730804,-0.18371869158022255,0.681534106574364
1757619201156.0635,190908,UWB2,UWB2,-1223.0507612946458,2021.7902373634429,1719.642289014962,0.5006445386696051,0.5011499707121644,-0.4954140048483755,0.5027610929214681
1757619201156.0635,190908,UWB3,UWB3,1879.2867851146652,-1460.2951989789794,1388.3605163800887,-0.7060177451683715,-0.00013560266814725765,0.7081925349752173,-0.0015028388672167817
1757619201156.0635,190908,UWB4,UWB4,-749.4060178782453,-1868.4719699030666,1445.0649568082517,-0.13714270803395756,0.5953010165671497,0.09799602797588948,0.7856241822959497
1757619201156.0635,190908,UWB1,UWB1,-168.86238849825136,-443.4108984567158,238.45720158561423,0.018883110651933245,0.33925501246103534,0.06647645547934854,0.9381526237873409
1757619201156.0635,190908,LeftRS,LeftRS,-215.22628966330504,-481.0043862181126,250.70979069590192,-0.010238349416274474,-0.5645133613128241,0.8253278128573134,-0.007337739753552433
1757619201166.0686,190909,April7,April7,1192.3816410168401,1529.7407053720065,1642.979716952712,-0.6844129355704996,0.182905715802367,-0.1837119532535832,0.6814501823188164
1757619201166.0686,190909,UWB2,UWB2,-1223.0004362098207,2021.8852398921506,1719.6319347930466,0.5012451585665998,0.5001055678025484,-0.4966403496026212,0.5019921067238221
1757619201166.0686,190909,UWB3,UWB3,1879.2731154880828,-1460.3049676493924,1388.3793627938055,-0.705993859959553,-0.0003479666752105004,0.7082162480443374,-0.0015148018371491552
1757619201166.0686,190909,UWB4,UWB4,-749.3717869951217,-1868.4432474237963,1445.3007938453927,-0.14210820257485796,0.5985923589779816,0.09502373357854989,0.7826001128232165
1757619201166.0686,190909,UWB1,UWB1,-168.8683075450356,-443.41252317562265,238.48617426548046,0.018523205520259496,0.3390755687101558,0.06675178823342977,0.9382051206046459
1757619201166.0686,190909,LeftRS,LeftRS,-215.22340570175774,-481.0358857846211,250.75445691519195,-0.009700672931839632,-0.5634269555527527,0.8260682519682233,-0.008197913843779847
1757619201177.0637,190910,April7,April7,1192.3841972750038,1529.7430404276959,1642.9797170602592,-0.6844204966472837,0.1828957768268123,-0.18369884453706262,0.6814487897881619
1757619201177.0637,190910,UWB2,UWB2,-1223.0488397117608,2021.7984635881617,1719.6392767671987,0.5004318750642518,0.5013438947963065,-0.49520287122359424,0.5029874291690154
1757619201177.0637,190910,UWB3,UWB3,1879.2561957981356,-1460.3135276937273,1388.3926823283014,-0.7060781603293453,-0.0005231733801443194,0.7081316498877213,-0.0017100359164447573
1757619201177.0637,190910,UWB4,UWB4,-749.370845162989,-1868.4630448321248,1445.0625617809606,-0.13731690953094722,0.5957590460706884,0.09833275639699994,0.785204364736456
1757619201177.0637,190910,UWB1,UWB1,-168.87508794480294,-443.4078043898512,238.4563244614085,0.019124207062133164,0.3388848959120527,0.06625631054338485,0.93829707094294
1757619201177.0637,190910,LeftRS,LeftRS,-215.1957444105516,-481.03355933382727,250.75375868229327,-0.009959295866168182,-0.5630185266875797,0.8263438614433508,-0.008171516829183982
1757619201187.0637,190911,April7,April7,1192.3745567944786,1529.7142032572756,1642.9815665014855,-0.6843308991182571,0.18285323127738828,-0.18368533327821002,0.6815538237453362
1757619201187.0637,190911,UWB2,UWB2,-1223.0705702968776,2021.762634348126,1719.598094311343,0.5004900541279012,0.5019668681407111,-0.4938681458165923,0.5036201182992374
1757619201187.0637,190911,UWB3,UWB3,1879.2598645183152,-1460.3165886595045,1388.397063782016,-0.7059841457545177,-0.0005645035471929002,0.7082259231039194,-0.001452281863252541
1757619201187.0637,190911,UWB4,UWB4,-749.3972261755988,-1868.455199579962,1445.072687473366,-0.13759743447493356,0.5954626055183576,0.09795922995308035,0.7854267761683483
1757619201187.0637,190911,UWB1,UWB1,-168.86729372690266,-443.4061649877827,238.49093065958087,0.018265716045292587,0.3390942252101478,0.06675995927362029,0.9382028447432181
1757619201187.0637,190911,LeftRS,LeftRS,-215.22288666804394,-481.03514830509215,250.75355478684574,-0.010296168771154544,-0.5637254960363495,0.8258621027751144,-0.007703325715174544
1757619201198.0369,190912,April7,April7,1192.4070235949969,1529.7072796448329,1642.9677370999102,-0.6843006220543727,0.18279046846273728,-0.18369210813155795,0.6815992317376508
1757619201198.0369,190912,UWB2,UWB2,-1223.0410130032208,2021.8814310732555,1719.5920916420944,0.5011005648551975,0.500184239187546,-0.4966811210506696,0.5020177434733037
1757619201198.0369,190912,UWB3,UWB3,1879.281619785614,-1460.3017681882764,1388.393776310506,-0.7059007808279814,-0.00031252621992446426,0.7083094400303429,-0.0013141985048813684
1757619201198.0369,190912,UWB4,UWB4,-749.3739702521324,-1868.436887800337,1445.304737843384,-0.14146383342297436,0.5987884621760591,0.09465027242759189,0.7826120925001671
1757619201198.0369,190912,UWB1,UWB1,-168.86674542368075,-443.42556861742486,238.45562437257146,0.019126987727619768,0.3391845565103699,0.06632512208707812,0.9381838695828582
1757619201198.0369,190912,LeftRS,LeftRS,-215.21129625979782,-481.0199522035105,250.72404303685926,-0.010241820933755698,-0.5640513003293703,0.8256395467186133,-0.007782968263474316
1757619201207.063,190913,April7,April7,1192.6295899415088,1529.5803316741572,1642.831391951352,-0.6845179076908791,0.1830132449096531,-0.18421574141841382,0.6811798197625973
1757619201207.063,190913,UWB2,UWB2,-1223.0606410349374,2021.7715910519844,1719.6099500577438,0.5007592685438836,0.5015058594734382,-0.4949794155554808,0.5027200076161258
1757619201207.063,190913,UWB3,UWB3,1879.2786805459675,-1460.2965111145209,1388.3799971690257,-0.7058331134601079,-0.00038691636546904154,0.7083765478358778,-0.0014603818203162144
1757619201207.063,190913,UWB4,UWB4,-749.3642327047136,-1868.4581226103423,1445.0797718952851,-0.13733928217517755,0.5955177258698104,0.09815278105857808,0.7854060041258426
1757619201207.063,190913,UWB1,UWB1,-168.86027111840605,-443.40398763264454,238.46334033453704,0.01878453270631612,0.3393196778439896,0.06642215825055688,0.938135061945877
1757619201207.063,190913,LeftRS,LeftRS,-215.17231039598164,-481.41927988426403,250.66326612592752,-0.006670195512856029,-0.5515939976394438,0.8340592150796408,-0.00669298145008618
1757619201216.0632,190914,April7,April7,1192.418512746796,1529.7455078511132,1642.9422718484957,-0.6842909473938875,0.1829310343059894,-0.18378009770008916,0.6815475124243815
1757619201216.0632,190914,UWB2,UWB2,-1223.0422803840588,2021.7590473856558,1719.6003337080222,0.5002228166723737,0.5012401440875708,-0.49492771593043416,0.5035692679655022
1757619201216.0632,190914,UWB3,UWB3,1879.2747065957287,-1460.3031761578093,1388.377237550936,-0.7058728529947387,-0.0005789820116978231,0.7083365708083159,-0.0015756396840269909
1757619201216.0632,190914,UWB4,UWB4,-749.4291088452026,-1868.4594412507442,1445.0552906823589,-0.1371299356866452,0.5952337789535023,0.09762476313658233,0.7857235740092288
1757619201216.0632,190914,UWB1,UWB1,-168.85005215655545,-443.422664642536,238.44448712229547,0.018647786670368448,0.33923907734155717,0.06674097257324962,0.9381443124790142
1757619201216.0632,190914,LeftRS,LeftRS,-215.20740243114923,-481.01698587497896,250.7163462076804,-0.009737140658288969,-0.5642653126101284,0.8254992289602788,-0.007801798688766104
1757619201227.0652,190915,April7,April7,1192.4240288033411,1529.7287089086435,1642.9394079726028,-0.6843212912633567,0.18295842308895546,-0.18387941668987376,0.6814829021055823
1757619201227.0652,190915,UWB2,UWB2,-1223.0421102835357,2021.7787986936942,1719.5855770251078,0.5004945198158305,0.5014097281137512,-0.49512905763796305,0.5029321390304641
1757619201227.0652,190915,UWB3,UWB3,1879.2884042504236,-1460.283597961571,1388.3544753275373,-0.7060067895031621,-0.00013732750139679666,0.7082034930193213,-0.0014855274576665457
1757619201227.0652,190915,UWB4,UWB4,-749.3478416658443,-1868.4377402666748,1445.2874266680976,-0.14145280860978182,0.5987559119626673,0.09447663730600775,0.7826599682042696
1757619201227.0652,190915,UWB1,UWB1,-168.8437939168534,-443.4017318242288,238.46006904489053,0.01815533281481033,0.3392722186028506,0.0668453091466633,0.9381345586960167
1757619201227.0652,190915,LeftRS,LeftRS,-215.21226452682853,-481.0151795619234,250.7055378608839,-0.009502310160719877,-0.5630375751490762,0.8263383216006224,-0.007960736531522138
1757619201235.0635,190916,April7,April7,1192.38958866788,1529.7541225381508,1642.954842256113,-0.6842809376736574,0.18294292575740015,-0.18385137088375808,0.6815351477920604
1757619201235.0635,190916,UWB2,UWB2,-1223.0658247479867,2021.754943629494,1719.5962418462063,0.5006617738201348,0.5018476637891429,-0.4945090891527581,0.5029388345812693
1757619201235.0635,190916,UWB3,UWB3,1879.2741893157747,-1460.2959432184518,1388.3543382459043,-0.7060659801349557,-0.0003207534577925175,0.7081442333186284,-0.0015727780694233997
1757619201235.0635,190916,UWB4,UWB4,-749.4257473920587,-1868.4470562868225,1445.0733232679893,-0.1372664368318757,0.5951919171059467,0.09777072066967675,0.7857133022362296
1757619201235.0635,190916,UWB1,UWB1,-168.85220551624118,-443.4345608912412,238.45266346094527,0.018796000288673512,0.33927210628107574,0.0669010774072165,0.9381180064973192
1757619201235.0635,190916,LeftRS,LeftRS,-215.21893329977905,-481.00264757429153,250.7178172026552,-0.009506293140648358,-0.563662412967835,0.825913498940809,-0.007823481664347405
1757619201246.0637,190917,April7,April7,1192.6251348254393,1529.6036063539093,1642.8398860206596,-0.6844293579214891,0.18302469467772614,-0.18434224617312994,0.681231496210465
1757619201246.0637,190917,UWB2,UWB2,-1223.0803017425603,2021.8214629575375,1719.5823309177376,0.5010165418045317,0.5003054478705036,-0.49548604496961723,0.5031604743118135
1757619201246.0637,190917,UWB3,UWB3,1879.2707136099837,-1460.299176656665,1388.3584754257022,-0.7059742814202272,-0.0003055034627239127,0.7082352728906471,-0.0017374908168744127
1757619201246.0637,190917,UWB4,UWB4,-749.3746844562947,-1868.4446987167014,1445.0659691380229,-0.13737312406790098,0.5956219846501288,0.09780061718650129,0.7853649568596797
1757619201246.0637,190917,UWB1,UWB1,-168.82221171700877,-443.4541092516781,238.48131829188512,0.019549005579002784,0.33945717858090096,0.06661605927408658,0.9380559476585381
1757619201246.0637,190917,LeftRS,LeftRS,-215.19150822033427,-480.9978118184479,250.72526565064834,-0.01015034470789788,-0.5640413094969733,0.825647208846103,-0.007813975165701011
1757619201256.0625,190918,April7,April7,1192.4017077276544,1529.7623015829774,1642.9574169835823,-0.6843388030446577,0.18287514652303669,-0.18378181257604703,0.681513997506908
1757619201256.0625,190918,UWB2,UWB2,-1223.0253320126874,2021.9181736425344,1719.609982774789,0.5012960938843289,0.4995716343607253,-0.49754056533578644,0.5015812937538776
1757619201256.0625,190918,UWB3,UWB3,1879.275788219319,-1460.29590953031,1388.3681970887314,-0.7059794410794819,-0.0001311988162327449,0.7082305464277727,-0.0015826138479150915
1757619201256.0625,190918,UWB4,UWB4,-749.4267111198394,-1868.4695729391294,1445.0569450425212,-0.1371125920658467,0.5952838449230113,0.09762887181653501,0.785688159805461
1757619201256.0625,190918,UWB1,UWB1,-168.84902273847538,-443.42136078331174,238.46950793327807,0.01893574869412077,0.33929492226428887,0.06659467959736207,0.9381287447874028
1757619201256.0625,190918,LeftRS,LeftRS,-215.18211259105124,-481.3718054973095,250.66019968824926,-0.0072459132659944605,-0.5529315653210278,0.8331730092576046,-0.006075973766162038
1757619201266.035,190919,April7,April7,1192.6298099044166,1529.576544372738,1642.8519327730799,-0.6844999192819399,0.1829728630844004,-0.1842790976694468,0.6811916074349784
1757619201266.035,190919,UWB2,UWB2,-1223.058512627457,2021.8031880409521,1719.5894610999521,0.5009595867539206,0.5008728144308815,-0.49539157722775157,0.5027455632974097
1757619201266.035,190919,UWB3,UWB3,1879.2085610777895,-1460.3201573087185,1388.368746539296,-0.7062911451546291,-0.0008200677256961652,0.7079183324633871,-0.0019443063918421352
1757619201266.035,190919,UWB4,UWB4,-749.3737752979898,-1868.4628682676755,1445.286878658653,-0.14156857482659158,0.5985108783780522,0.09510248410855533,0.7827506528908694
1757619201266.035,190919,UWB1,UWB1,-168.86132110498758,-443.41372875157373,238.4832918180341,0.0188386961396564,0.33916924098305307,0.06664615089953471,0.9381724895076672
1757619201266.035,190919,LeftRS,LeftRS,-215.18659171594695,-481.39736328723546,250.6630537912013,-0.007085775713385483,-0.5524156860798062,0.833517156806269,-0.00598755919469893
1757619201277.0356,190920,April7,April7,1192.6099799037504,1529.5707143509596,1642.8450303077325,-0.6844688647682838,0.18289576550486641,-0.1841912267601162,0.6812672780251591
1757619201277.0356,190920,UWB2,UWB2,-1223.0362713415045,2021.7822667597052,1719.600953832721,0.5004065854658023,0.5014017854482433,-0.49534011911321624,0.5028197143794935
1757619201277.0356,190920,UWB3,UWB3,1879.2664537578287,-1460.308365149982,1388.3906040072766,-0.7059249606164598,-0.0005555720507605711,0.7082848278440853,-0.0014979867224579606
1757619201277.0356,190920,UWB4,UWB4,-749.3699714340394,-1868.4376545462592,1445.2943869737273,-0.14158261670305702,0.598544520283066,0.09481018980026833,0.7827578474832858
1757619201277.0356,190920,UWB1,UWB1,-168.8664703815199,-443.4006979212247,238.4848849827348,0.018349150834339953,0.3392293947215366,0.0666353178154935,0.9381612126069521
1757619201277.0356,190920,LeftRS,LeftRS,-215.22159835903358,-480.99930231454954,250.72175031606702,-0.010105918032160552,-0.5648036036132659,0.8251298939279119,-0.007444320835973442
1757619201287.1296,190921,April7,April7,1192.3978963978022,1529.7257814068646,1642.9757387239633,-0.6843657001824542,0.18286632308506148,-0.18379013366870786,0.6814871114417114
1757619201287.1296,190921,UWB2,UWB2,-1223.0650073232885,2021.79860484697,1719.6037221203694,0.5007408524903951,0.5014146075445294,-0.49498657834679444,0.5028223118007901
1757619201287.1296,190921,UWB3,UWB3,1879.2822302882057,-1460.2982199384012,1388.3683408669533,-0.7059019410923024,-0.0003739875986176453,0.708307631575442,-0.0016151617206583448
1757619201287.1296,190921,UWB4,UWB4,-749.3630226165847,-1868.4444145200032,1445.0828363090454,-0.13769615985426334,0.5955738191846709,0.0983093865862484,0.7852813877663279
1757619201287.1296,190921,UWB1,UWB1,-168.86068673721795,-443.41437639598,238.46976544061266,0.018539476878685728,0.33915022700534636,0.06662037066982439,0.9381871548529654
1757619201287.1296,190921,LeftRS,LeftRS,-215.19501072816738,-481.0455207618457,250.7439550836281,-0.010309743505439345,-0.5630721219930319,0.8262985688196467,-0.008612188439644617
1757619201297.0632,190922,April7,April7,1192.4172870154969,1529.7648829570787,1642.9714921894529,-0.6843291926714989,0.18287404688740377,-0.1837734941609225,0.6815261857599336
1757619201297.0632,190922,UWB2,UWB2,-1223.044717357668,2021.7349815956784,1719.619559745222,0.5003520456399664,0.5020284935470365,-0.493873371397793,0.5036906938935559
1757619201297.0632,190922,UWB3,UWB3,1879.2728569172932,-1460.302942968052,1388.3589381475092,-0.7060784444102234,-0.00031713479501632946,0.7081315885016993,-0.0016682718067121134
1757619201297.0632,190922,UWB4,UWB4,-749.4033871647359,-1868.4263547835103,1445.0648540438033,-0.13711919850319046,0.5955009234886095,0.09765631670146808,0.7855190763656593
1757619201297.0632,190922,UWB1,UWB1,-168.8532495710795,-443.417657052677,238.46883779315903,0.018525879791424494,0.33940090912779436,0.0665109511266336,0.9381045293790085
1757619201297.0632,190922,LeftRS,LeftRS,-215.19453210734812,-481.03589155196306,250.72163807659388,-0.010283860410856395,-0.5634959140245507,0.8260164584086445,-0.007962884573218535
1757619201306.0627,190923,April7,April7,1192.4146343540042,1529.7478879317987,1642.963107032791,-0.6842770746575091,0.18290053715304924,-0.1838431981095524,0.6815526077392264
1757619201306.0627,190923,UWB2,UWB2,-1223.051674347623,2021.849247454113,1719.587613685546,0.5011794074871662,0.5005641990728764,-0.4956389938002146,0.5025899640283854
1757619201306.0627,190923,UWB3,UWB3,1879.2676569777734,-1460.310332312882,1388.3654178020518,-0.7059439030356152,-0.0004798039413480801,0.7082656357831218,-0.0016627458464569475
1757619201306.0627,190923,UWB4,UWB4,-749.3651179454597,-1868.466690898689,1445.0534631098683,-0.13768351379187868,0.59565747365221,0.09825311460391263,0.7852271961558762
1757619201306.0627,190923,UWB1,UWB1,-168.8367273958669,-443.42282271461823,238.47602408446576,0.01845346980740666,0.339396640792983,0.0667123785524089,0.9380931980450482
1757619201306.0627,190923,LeftRS,LeftRS,-215.2252602348127,-481.0157767232152,250.73455827540786,-0.00998805782116396,-0.5639441204546559,0.8257186336284803,-0.007483701243448719
1757619201321.06,190924,April7,April7,1192.6372509489245,1529.6008560424855,1642.8416386292708,-0.6844273931539164,0.1830646128507691,-0.18429708596226627,0.6812349632308586
1757619201321.06,190924,UWB2,UWB2,-1223.0145941554579,2021.8020081064428,1719.568353364312,0.5006140259246479,0.5011412697463505,-0.4952979624722868,0.502914459103467
1757619201321.06,190924,UWB3,UWB3,1879.3068644378134,-1460.2923924525358,1388.382452658984,-0.7057449223787933,-5.4055265746772315e-05,0.7084648533737209,-0.001285748315793756
1757619201321.06,190924,UWB4,UWB4,-749.3480761775977,-1868.4674736353604,1445.2711257107524,-0.14164317962549738,0.5986573954219657,0.09567638927722852,0.782555148923729
1757619201321.06,190924,UWB1,UWB1,-168.84725916558267,-443.4331254249881,238.4477705559091,0.01885535312818667,0.33924607087124875,0.06668567472951893,0.9381415670583517
1757619201321.06,190924,LeftRS,LeftRS,-215.18205572294974,-481.42324207096186,250.6560834215266,-0.006471700676939975,-0.5507028209115231,0.8346509245405555,-0.006508017673225034
1757619201326.065,190925,April7,April7,1192.6341307133605,1529.6299872338836,1642.8057879886876,-0.6844784973259264,0.18288999191235913,-0.18429092289877816,0.68123218750574
1757619201326.065,190925,UWB2,UWB2,-1222.9962239051774,2021.9167780251785,1719.590084039734,0.501543643628757,0.4990977933516899,-0.49748986151984703,0.501855760046677
1757619201326.065,190925,UWB3,UWB3,1879.2719747315234,-1460.3014922366729,1388.349860818261,-0.7060616774734174,-0.0003559891421724848,0.7081481431047275,-0.001728667834157062
1757619201326.065,190925,UWB4,UWB4,-749.3939162831205,-1868.455675175569,1445.2637886062162,-0.14101728642675754,0.5983668444409898,0.0949320224835171,0.7829809419837468
1757619201326.065,190925,UWB1,UWB1,-168.85242244985628,-443.43365649479387,238.45499245805541,0.018638909220723327,0.339226790541025,0.06691487845323225,0.9381365437311812
1757619201326.065,190925,LeftRS,LeftRS,-215.2157067565451,-481.02802143995615,250.72763504679537,-0.009508102470906183,-0.5627747296907756,0.8265165224097147,-0.008039763219690885
1757619201335.0686,190926,April7,April7,1192.4274909179546,1529.758586846484,1642.9068673499996,-0.6842897570530606,0.1828377471541956,-0.1838490526952667,0.6815551426193591
1757619201335.0686,190926,UWB2,UWB2,-1223.0443828573289,2021.701283123293,1719.5909003705656,0.5001040220024423,0.5018261218231844,-0.4943099977933311,0.503710369869869
1757619201335.0686,190926,UWB3,UWB3,1879.2603700475247,-1460.309466291905,1388.3665639427106,-0.7059547809044808,-0.0007531173316605767,0.708254311778842,-0.0017635132746956232
1757619201335.0686,190926,UWB4,UWB4,-749.3698169508114,-1868.44616414066,1445.0855855400123,-0.13767373521375187,0.5960365853118655,0.09810824459822416,0.7849593008200617
1757619201335.0686,190926,UWB1,UWB1,-168.8512047285332,-443.4078731004577,238.45952064748295,0.018565414038427784,0.339373479521135,0.06674174871562191,0.9380972794852783
1757619201335.0686,190926,LeftRS,LeftRS,-215.2335648651163,-481.0298977517406,250.71202929998847,-0.00914026709257916,-0.5624436253663332,0.826744764168754,-0.008168152900355323
1757619201346.0654,190927,April7,April7,1192.3827217286537,1529.753915632852,1642.9641942310163,-0.6843055114478827,0.18291394369533662,-0.1838403098309597,0.6815212371490179
1757619201346.0654,190927,UWB2,UWB2,-1223.0620327528984,2021.7909748669197,1719.597640354681,0.5006247762891479,0.5011631571376172,-0.4954012918882982,0.502780154032259
1757619201346.0654,190927,UWB3,UWB3,1879.2683008503823,-1460.3033619373543,1388.3622223584998,-0.7061544178173604,-0.00033148611187434283,0.7080558649055075,-0.0016493898557520322
1757619201346.0654,190927,UWB4,UWB4,-749.3430634173151,-1868.4457899095707,1445.2940112883662,-0.14170850863785547,0.598705705678477,0.09552660374419046,0.7825246606623796
1757619201346.0654,190927,UWB1,UWB1,-168.85829814907288,-443.4270857662936,238.45719226087297,0.018952380291105724,0.3392433669205375,0.06675242984006086,0.938135842185004
1757619201346.0654,190927,LeftRS,LeftRS,-215.21779187100634,-481.0036930517746,250.71291334907795,-0.009911143971136583,-0.5644400903519561,0.8253802905481158,-0.007518617117994986
1757619201356.064,190928,April7,April7,1192.6289108063315,1529.629906909318,1642.8337672984128,-0.6844839858551408,0.18296221497235157,-0.18421922406342772,0.6812266718836977
1757619201356.064,190928,UWB2,UWB2,-1223.1126186607053,2021.833412984322,1719.5784573255976,0.501196121213484,0.5005601042929619,-0.49529767380719547,0.5029137544270973
1757619201356.064,190928,UWB3,UWB3,1879.255297501406,-1460.3116725154287,1388.3949443499937,-0.705969865059338,-0.0005783747134798978,0.7082400321346819,-0.0015073130583318378
1757619201356.064,190928,UWB4,UWB4,-749.3788976281361,-1868.4449057556815,1445.3037967886303,-0.1407304331875139,0.5988324388644672,0.09374757936439035,0.7828192937720724
1757619201356.064,190928,UWB1,UWB1,-168.85633203940802,-443.4166663994979,238.46267050482672,0.0189656577771178,0.3393280442885479,0.06649187130613275,0.938123453088451
1757619201356.064,190928,LeftRS,LeftRS,-215.2236633864089,-481.00308808350985,250.70737179169925,-0.010212832133353647,-0.5644723998196772,0.8253567744946371,-0.0072665464588839435
1757619201366.0645,190929,April7,April7,1192.3987971290417,1529.7257882588922,1642.9750459447162,-0.6843445970731512,0.1828151300743438,-0.1838089232525064,0.6815169700054735
1757619201366.0645,190929,UWB2,UWB2,-1223.057039401544,2021.7844225966692,1719.6017703167581,0.5010995342991476,0.5012056784535024,-0.4949819321943498,0.5026778405821067
1757619201366.0645,190929,UWB3,UWB3,1879.2831710623948,-1460.3057187417567,1388.40526140743,-0.7058276274924236,-0.0003865052065407317,0.7083823115470395,-0.001308269626336432
1757619201366.0645,190929,UWB4,UWB4,-749.3834760527603,-1868.434443033403,1445.0848461514556,-0.1376679425010364,0.5954550840127008,0.09814061422288027,0.7853974792236825
1757619201366.0645,190929,UWB1,UWB1,-168.86010662879502,-443.42912532074234,238.46278424270255,0.018954153896079615,0.33922106113318645,0.06658662526108643,0.9381556550328407
1757619201366.0645,190929,LeftRS,LeftRS,-215.22280197127944,-481.0061584833822,250.73189928545017,-0.010137298329447542,-0.5641659610063859,0.8255648610587659,-0.007527536737958715
1757619201376.0674,190930,April7,April7,1192.4000899709574,1529.7399368971269,1642.9760707789612,-0.684396532277424,0.18283666430738937,-0.18370174578525333,0.6814879378147746
1757619201376.0674,190930,UWB2,UWB2,-1223.0760636897703,2021.803785900171,1719.6140624105099,0.500897182059812,0.5011387691564269,-0.4948066318506195,0.503118618349159
1757619201376.0674,190930,UWB3,UWB3,1879.22902139239,-1460.3062565714981,1388.3751205808676,-0.7061898562717258,-0.0006740970228884777,0.7080194663300556,-0.00196666972989988
1757619201376.0674,190930,UWB4,UWB4,-749.4030562316035,-1868.4665507046018,1445.0645666159103,-0.13718995215673957,0.595323210111493,0.0979826942466061,0.7856007791225482
1757619201376.0674,190930,UWB1,UWB1,-168.85398367051056,-443.41110453663293,238.4863745406257,0.0187452126895293,0.33920103991787,0.06648791381172602,0.9381740930322178
1757619201376.0674,190930,LeftRS,LeftRS,-215.2075067999937,-481.0321786207297,250.74803208278993,-0.010296917936756106,-0.5639951787139202,0.8256800163117672,-0.007478136924177006
1757619201386.0825,190931,April7,April7,1192.39480896206,1529.7252303759187,1642.9777142556393,-0.6843608611161427,0.1829135306187758,-0.18377859336419616,0.6814824140871305
1757619201386.0825,190931,UWB2,UWB2,-1223.0915806188307,2021.7679039415543,1719.5960819449808,0.5007068464617344,0.5017369427593282,-0.49395930291534784,0.5035443389019991
1757619201386.0825,190931,UWB3,UWB3,1879.2756433515701,-1460.3028448886005,1388.366846719951,-0.7059095581487286,-0.00034931987533279665,0.7083001235059567,-0.0015838975150284122
1757619201386.0825,190931,UWB4,UWB4,-749.3936753435138,-1868.44187994534,1445.0824597723365,-0.13696192646294517,0.5954983532207475,0.09707310063913295,0.785620745107486
1757619201386.0825,190931,UWB1,UWB1,-168.8572496818887,-443.43107119528116,238.44308568239228,0.018937863928959256,0.33919014527970337,0.06642789025118857,0.9381784148293533
1757619201386.0825,190931,LeftRS,LeftRS,-215.21220609282548,-481.03935452312174,250.7208184969231,-0.009886509276068461,-0.5632987708563479,0.8261551997409993,-0.00802107392881633
1757619201396.071,190932,April7,April7,1192.6010124446193,1529.5862106514496,1642.84505146345,-0.6845121775069449,0.18296682396894728,-0.18427144438309065,0.6811829819926408
1757619201396.071,190932,UWB2,UWB2,-1223.068585847656,2021.8211859106893,1719.5989046242507,0.5012425040326591,0.5003935511865232,-0.4954381134860788,0.5028949411033735
1757619201396.071,190932,UWB3,UWB3,1879.2344396005783,-1460.3173423468513,1388.3771542480158,-0.7061971256182077,-0.0007445006297427757,0.7080127672161546,-0.0017282784258391946
1757619201396.071,190932,UWB4,UWB4,-749.3719482265288,-1868.4771900178455,1445.0401104096484,-0.1375374554539084,0.5955682134386531,0.09826432884279998,0.7853190900301796
1757619201396.071,190932,UWB1,UWB1,-168.85700880460192,-443.4161471855481,238.43901950590705,0.018789692843101894,0.3391279697956563,0.06650903452862951,0.9381981218651038
1757619201396.071,190932,LeftRS,LeftRS,-215.21282298505798,-481.0453051765186,250.7218438157759,-0.009741139794464062,-0.5631789877976768,0.8262382373072992,-0.00805686725819475
1757619201406.062,190933,April7,April7,1192.6338927013799,1529.6133377104427,1642.8058216434715,-0.6844388357483968,0.1830124944057282,-0.1843240790227885,0.6812301673466709
1757619201406.062,190933,UWB2,UWB2,-1223.0488381623845,2021.8279615393305,1719.5540656624041,0.5011252943809508,0.5004522892315436,-0.49549310134886526,0.5028991271121835
1757619201406.062,190933,UWB3,UWB3,1879.2984602508059,-1460.2839196449938,1388.3507611491898,-0.7060645233744712,0.00017164862595792348,0.7081459035454386,-0.0014962154071028616
1757619201406.062,190933,UWB4,UWB4,-749.3630748873111,-1868.457524649921,1445.0473476682798,-0.13752818439959405,0.5955332241028232,0.09837788056140237,0.7853330313323733
1757619201406.062,190933,UWB1,UWB1,-168.84033131247162,-443.417606369096,238.440907499091,0.01846825030404177,0.339351877832981,0.06664124860566374,0.9381141565535694
1757619201406.062,190933,LeftRS,LeftRS,-215.1620429064252,-481.4299353456076,250.64298343840076,-0.006761756809605694,-0.5512778086729854,0.8342658406143278,-0.006896629149665366
1757619201430.0679,190934,April7,April7,1192.4225018481566,1529.7528216742153,1642.9385255716115,-0.6842508528708898,0.18292713052700993,-0.18377328514510463,0.6815906505591096
1757619201430.0679,190934,UWB2,UWB2,-1223.039378772174,2021.7174928757313,1719.604624949322,0.5001968795737066,0.5014931367517353,-0.49476932190808853,0.503498792008722
1757619201430.0679,190934,UWB3,UWB3,1879.2826132478447,-1460.2912019040189,1388.3645271119751,-0.7061028252148173,-2.050906205081602e-06,0.708107935901946,-0.001396900902989705
1757619201430.0679,190934,UWB4,UWB4,-749.3999297709514,-1868.4164278494982,1445.0706180860805,-0.13706452787965143,0.5955315000356061,0.09754553965328182,0.7855192011378329
1757619201430.0679,190934,UWB1,UWB1,-168.84826142737694,-443.4322108923997,238.4448408935719,0.018784726458701745,0.339302468834164,0.0667506749046546,0.9381179649141606
1757619201430.0679,190934,LeftRS,LeftRS,-215.1658710962922,-481.40781018457614,250.63298496014312,-0.006663556671236611,-0.5514978198373117,0.8341229630024698,-0.006680892093254019
1757619201435.0618,190935,April7,April7,1192.608221960886,1529.63604700537,1642.81641046773,-0.684518821205333,0.18292065475278682,-0.18433143174237956,0.681172475040116
1757619201435.0618,190935,UWB2,UWB2,-1223.0462108217582,2021.817219960941,1719.5756015686236,0.5013041515854545,0.500134925896487,-0.49605405851727796,0.5024834072188255
1757619201435.0618,190935,UWB3,UWB3,1879.2534721112338,-1460.3130049360132,1388.3627306498227,-0.7060692113055297,-0.0006158347969232433,0.7081403467578039,-0.0017716906128388238
1757619201435.0618,190935,UWB4,UWB4,-749.4126450135583,-1868.4148754350551,1445.0852502151586,-0.13623067963531138,0.5952713005715904,0.09695121129528891,0.7859349484978287
1757619201435.0618,190935,UWB1,UWB1,-168.84603669555037,-443.429425438358,238.45652733996798,0.018931682701692893,0.33933411923152434,0.06667512372804618,0.9381089354607479
1757619201435.0618,190935,LeftRS,LeftRS,-215.22382140874072,-481.04636823661167,250.74416001049698,-0.009870809545985291,-0.5629551624194681,0.8263896401231146,-0.008013421327159782
1757619201438.0618,190936,April7,April7,1192.4109248839243,1529.7774516131115,1642.9441137264291,-0.6843285215953329,0.18279920582918557,-0.1838450234604262,0.6815276459749822
1757619201438.0618,190936,UWB2,UWB2,-1223.0444765527145,2021.7016987171774,1719.6163169565332,0.5002955593558613,0.5023229815378596,-0.4941033187418924,0.5032274693575153
1757619201438.0618,190936,UWB3,UWB3,1879.2521228794176,-1460.3093879406806,1388.3817463537866,-0.7060344903889837,-0.0005763562698754403,0.7081751502736208,-0.001709599237505238
1757619201438.0618,190936,UWB4,UWB4,-749.3972319423101,-1868.4414260439107,1445.3087498443256,-0.14176258584204773,0.5984595222091075,0.0946801717001987,0.782806000628153
1757619201438.0618,190936,UWB1,UWB1,-168.8417361521458,-443.413639329416,238.47930344235667,0.0183811699657521,0.3392805807882134,0.06678364791262012,0.9381315283382102
1757619201438.0618,190936,LeftRS,LeftRS,-215.16896775649434,-481.42765844183066,250.6766938080939,-0.006549148732402286,-0.5504916717247046,0.8347866594483488,-0.006874679606158928
1757619201445.0637,190937,April7,April7,1192.395022839917,1529.7470499893623,1642.9673598112413,-0.6843104393317115,0.1829490745213304,-0.18383292043531882,0.6815088525600018
1757619201445.0637,190937,UWB2,UWB2,-1223.0614602834746,2021.751345860503,1719.6256572710433,0.5004570131760421,0.5017508140532325,-0.49460532298000587,0.5031445846271999
1757619201445.0637,190937,UWB3,UWB3,1879.268520909522,-1460.3019850513608,1388.3748703571823,-0.7059808157681188,-0.0004204854445580438,0.7082289834306928,-0.0016180198082990686
1757619201445.0637,190937,UWB4,UWB4,-749.3791471088874,-1868.4573397288357,1445.321984403431,-0.1419966059550009,0.5984921621347925,0.09507903784870972,0.7826902786685455
1757619201445.0637,190937,UWB1,UWB1,-168.84930113694637,-443.41248286979487,238.4948547067925,0.018434673010826026,0.3394698222754836,0.06672309598443926,0.9380663255108813
1757619201445.0637,190937,LeftRS,LeftRS,-215.2107574586393,-481.0281799282983,250.7477335408391,-0.009760333636291236,-0.5628111021309388,0.8264856704707075,-0.008356776415057455
1757619201456.0361,190938,April7,April7,1192.611853969498,1529.6053415882493,1642.8420609744685,-0.6844751494186418,0.18301539434595737,-0.1843318334436069,0.6811908032556225
1757619201456.0361,190938,UWB2,UWB2,-1223.065828003198,2021.754920959991,1719.5962420142678,0.5006615557753524,0.5018480196442224,-0.4945086454105428,0.5029391328600369
1757619201456.0361,190938,UWB3,UWB3,1879.256023227629,-1460.3161216183219,1388.3790281364666,-0.706141599255169,-0.0005552318510364386,0.7080686721451499,-0.0015776709251511503
1757619201456.0361,190938,UWB4,UWB4,-749.3926532827331,-1868.4513203842962,1445.2906074721059,-0.14127750812347237,0.5986792349579648,0.09463778361673904,0.7827308153130804
1757619201456.0361,190938,UWB1,UWB1,-168.8611364557528,-443.425239774134,238.46566356867956,0.01873829038902423,0.33912470761168223,0.06671909556049498,0.9381854142162823
1757619201456.0361,190938,LeftRS,LeftRS,-215.1729331473963,-481.3997166636689,250.64342425333354,-0.006956998750477088,-0.5519710901131765,0.8338077229530496,-0.006648081791628806
1757619201465.0623,190939,April7,April7,1192.399565430804,1529.7467323562378,1642.9575625811774,-0.6843030425160137,0.18291725928332317,-0.18383770259324672,0.6815235295753489
1757619201465.0623,190939,UWB2,UWB2,-1223.0498506356416,2021.7327880383884,1719.5596816207683,0.49990721244385367,0.5020717272010801,-0.4943588433921685,0.5036130395967698
1757619201465.0623,190939,UWB3,UWB3,1879.2957308250122,-1460.2944196911749,1388.36081315853,-0.7060868287272023,1.2368111018449144e-06,0.7081239385874329,-0.001370363402319874
1757619201465.0623,190939,UWB4,UWB4,-749.3646889397028,-1868.463483147143,1445.0439785936019,-0.13748016819717926,0.5956270294207677,0.0981480109748851,0.7852990596693346
1757619201465.0623,190939,UWB1,UWB1,-168.86060588455948,-443.43459609150176,238.44018317983554,0.019159544948962114,0.33910053779743127,0.06649507814038301,0.9382015464099097
1757619201465.0623,190939,LeftRS,LeftRS,-215.18683687762825,-481.4375141126577,250.65838042182037,-0.006543672501143608,-0.5510946461908393,0.834390555429271,-0.006653743339220961
1757619201475.067,190940,April7,April7,1192.639282749449,1529.5989734084355,1642.832963897869,-0.6844380842757473,0.18304089708560103,-0.1843048442511575,0.6812284955670895
1757619201475.067,190940,UWB2,UWB2,-1223.0628059678616,2021.7868012789454,1719.5759064226318,0.5010116171339881,0.501247480862331,-0.49479419087736803,0.5029085713128818
1757619201475.067,190940,UWB3,UWB3,1879.2939938216412,-1460.2873179440428,1388.3393638850296,-0.7059244919313864,-0.00012303605533772546,0.7082852839597709,-0.0015978359019772008
1757619201475.067,190940,UWB4,UWB4,-749.4088705012136,-1868.4849022279268,1445.0351838049812,-0.13718078060982372,0.5953391718579447,0.09787638631603951,0.7856035367056907
1757619201475.067,190940,UWB1,UWB1,-168.85007121473436,-443.42311115030674,238.4421547154699,0.018679451212160046,0.3392337876987133,0.06682283189435191,0.9381397681175317
1757619201475.067,190940,LeftRS,LeftRS,-215.18530282788154,-481.3784302587505,250.61703725706,-0.0073465880866811556,-0.5530743285669929,0.8330797677960663,-0.005737178096131957
1757619201485.07,190941,April7,April7,1192.6478959147944,1529.6223675418587,1642.8408657745895,-0.6844888115132548,0.1830064063878758,-0.18422765296994578,0.6812076731917757
1757619201485.07,190941,UWB2,UWB2,-1223.0369264634442,2021.8544777249076,1719.5865322525617,0.5010830260244047,0.4999741901511511,-0.49609504564662393,0.5028233446229405
1757619201485.07,190941,UWB3,UWB3,1879.2841010121326,-1460.3043755410313,1388.3599372961285,-0.7061274282625312,-0.0002531825139427151,0.7080830312392726,-0.001553005139064354
1757619201485.07,190941,UWB4,UWB4,-749.3746223924666,-1868.4609595793372,1445.2801485938317,-0.14188117238035788,0.5985800902297241,0.09499916648017322,0.7826536698135534
1757619201485.07,190941,UWB1,UWB1,-168.83497081796165,-443.430665919776,238.44596895613725,0.018889755703070738,0.3394266576051546,0.06654270617347909,0.9380857047688029
1757619201485.07,190941,LeftRS,LeftRS,-215.2016812350749,-481.064910768593,250.72562322626337,-0.009895415134129755,-0.5627037455622367,0.8265590431708105,-0.00816845408307147
1757619201495.0625,190942,April7,April7,1192.6173457154862,1529.6012118817764,1642.8524747459799,-0.6844510152656131,0.18309356761689471,-0.18430043863782278,0.6812025407447445
1757619201495.0625,190942,UWB2,UWB2,-1223.056548750313,2021.7434992829453,1719.604328871796,0.5007316470674377,0.5013106662209206,-0.49437352262871853,0.5035377380911382
1757619201495.0625,190942,UWB3,UWB3,1879.2645066172338,-1460.3070680456144,1388.362214215104,-0.7061681581642676,-0.00040231668327053797,0.7080420340469425,-0.0016877674130990035
1757619201495.0625,190942,UWB4,UWB4,-749.3887933238982,-1868.4516156026746,1445.0763750437877,-0.13620302926791494,0.5953901097167229,0.0972952304023993,0.785807222040302
1757619201495.0625,190942,UWB1,UWB1,-168.84124327548517,-443.4311642308356,238.4592255492993,0.018860316870731173,0.33916014431176805,0.066662221278759,0.9381742019540604
1757619201495.0625,190942,LeftRS,LeftRS,-215.21200601959586,-480.9914780344551,250.68733506667863,-0.00997909124559466,-0.5652128389817844,0.824853393602299,-0.007193292072089311
1757619201506.047,190943,April7,April7,1192.6246489536554,1529.61770006552,1642.8507760000034,-0.6844962017283205,0.18303624774480384,-0.1842359381098322,0.681189988872264
1757619201506.047,190943,UWB2,UWB2,-1223.0694066100739,2021.7370134701234,1719.5849883316764,0.5006987646824537,0.5018067993413872,-0.49418088882060185,0.5032652703144713
1757619201506.047,190943,UWB3,UWB3,1879.2598035391277,-1460.3130819705984,1388.3868257659142,-0.7059571321410374,-0.0003466641016850921,0.7082522721868589,-0.0017681474355831647
1757619201506.047,190943,UWB4,UWB4,-749.4121575175077,-1868.4403814556404,1445.2993536273557,-0.1415095447255676,0.5983817260558664,0.09441857786115546,0.7829428400775127
1757619201506.047,190943,UWB1,UWB1,-168.84895495620066,-443.4317136128668,238.46603293401478,0.018581239666837224,0.339275441525788,0.06688849064713584,0.9381219761464248
1757619201506.047,190943,LeftRS,LeftRS,-215.18702499668686,-481.4180801128485,250.65289116176234,-0.00675293122319619,-0.5512727029908623,0.8342701524842718,-0.006790988949574706
1757619201529.0325,190944,April7,April7,1192.6173457116702,1529.601211881741,1642.8524747472559,-0.6844510152525141,0.18309356765592305,-0.18430043860529616,0.6812025407562161
1757619201529.0325,190944,UWB2,UWB2,-1223.0152595914835,2021.7919410920997,1719.6352109708685,0.5010554867093459,0.5011560596979422,-0.495472446438255,0.5022878237494751
1757619201529.0325,190944,UWB3,UWB3,1879.2687114035703,-1460.3071413966613,1388.3725652940614,-0.7060744524319249,-0.0002929225970372546,0.7081357549201158,-0.001591987131619805
1757619201529.0325,190944,UWB4,UWB4,-749.3433973896491,-1868.4457106817722,1445.2904082931782,-0.1418285262172018,0.5987724232890533,0.09542387168179178,0.7824644010898313
1757619201529.0325,190944,UWB1,UWB1,-168.85004376334012,-443.41935969960616,238.48234191714656,0.01848171443864646,0.3393223306184386,0.06685561544036113,0.9381093267094033
1757619201529.0325,190944,LeftRS,LeftRS,-215.1695015731038,-481.4350622077641,250.68752483235616,-0.006288325155714211,-0.5500732317503697,0.8350647352784546,-0.006839924909294514
1757619201549.0662,190945,April7,April7,1192.40185804151,1529.7638935520965,1642.9590490067071,-0.6843456089564879,0.1829028095847364,-0.18376393950801156,0.6815045592543598
1757619201549.0662,190945,UWB2,UWB2,-1223.1054814578295,2021.720205746208,1719.6071838255798,0.5000883606989379,0.5023260945515016,-0.49316764802379415,0.5043469016151126
1757619201549.0662,190945,UWB3,UWB3,1879.2463650530917,-1460.3119950442233,1388.3513571161527,-0.7062884468853604,-0.0003020797621710756,0.7079218112679921,-0.0018021307189311482
1757619201549.0662,190945,UWB4,UWB4,-749.338177760922,-1868.4757242039436,1445.2898615182048,-0.14123451672968038,0.5988175184191564,0.09457618447670536,0.782640234238111
1757619201549.0662,190945,UWB1,UWB1,-168.8619852451276,-443.42432609892995,238.4590640792917,0.018752173222604078,0.33927264401270385,0.06666584363635696,0.9381354349539897
1757619201549.0662,190945,LeftRS,LeftRS,-215.20642736576409,-480.9956797836871,250.7172085919638,-0.010211366737123181,-0.5643787353993396,0.8254145092549696,-0.007953548250944565
1757619201560.0369,190948,April7,April7,1192.3960473070415,1529.7595927760385,1642.9500319477577,-0.6842879898385024,0.1829738704260546,-0.18379363847807134,0.6815353315559531
1757619201560.0369,190948,UWB2,UWB2,-1223.0601461422946,2021.7747252071827,1719.5770450198695,0.5009303322190365,0.501389895516998,-0.4946409003184642,0.5029983644789701
1757619201560.0369,190948,UWB3,UWB3,1879.2866034915446,-1460.2987853063808,1388.3712262187896,-0.7060359808955282,-0.00017521483635833652,0.7081746895757484,-0.0013311742722222188
1757619201560.0369,190948,UWB4,UWB4,-749.3764765276892,-1868.4585540229093,1445.262795977593,-0.1415741342184991,0.5985473262449723,0.09511584088456758,0.7827201540640811
1757619201560.0369,190948,UWB1,UWB1,-168.8408194433568,-443.42110393427146,238.44442776804058,0.018900701076372574,0.33915203749063383,0.06652056520036705,0.9381863745387679
1757619201560.0369,190948,LeftRS,LeftRS,-215.17919260514648,-481.419432974802,250.6330046278184,-0.006679981518231231,-0.5512630359173127,0.834278606807547,-0.006606761793968555
1757619201564.0635,190949,April7,April7,1192.6026315715114,1529.633200876437,1642.8327881655707,-0.6844919762842679,0.18302542588650658,-0.18427317608833974,0.6811870700885593
1757619201564.0635,190949,UWB2,UWB2,-1223.0392156637379,2021.8270567741386,1719.619447031684,0.5008211593095853,0.5002497107984686,-0.49573708457701626,0.5031631308123956
1757619201564.0635,190949,UWB3,UWB3,1879.2702842852377,-1460.3003528016434,1388.361956826723,-0.7060858472529349,-0.00044049480907939445,0.7081238280759133,-0.0017962139468093927
1757619201564.0635,190949,UWB4,UWB4,-749.4062665482936,-1868.4671958245883,1445.0517413393748,-0.13704815308046983,0.5955379822480033,0.09790451168554637,0.7854724833046819
1757619201564.0635,190949,UWB1,UWB1,-168.83762827381096,-443.4184825135554,238.46693513703,0.01875601010617974,0.3392668426544872,0.06657590836447301,0.9381438429076842
1757619201564.0635,190949,LeftRS,LeftRS,-215.22717069829068,-481.00339404026005,250.6926015914553,-0.010427943545792882,-0.564954113420833,0.8250241666915945,-0.007296032971850162
1757619201575.0637,190950,April7,April7,1192.4095985369854,1529.7605407912963,1642.974288884919,-0.6843361659626818,0.1829242327327633,-0.1837458600843666,0.6815131663706014
1757619201575.0637,190950,UWB2,UWB2,-1223.072705285432,2021.8571972898653,1719.6032433685136,0.5007217628891358,0.5000494775803762,-0.4961340539866182,0.5030698128645688
1757619201575.0637,190950,UWB3,UWB3,1879.2902523517648,-1460.2959156082184,1388.384931621171,-0.7059479791129165,-0.00027060008582387727,0.7082620699550536,-0.0014892363699914504
1757619201575.0637,190950,UWB4,UWB4,-749.4098019622902,-1868.4460479301506,1445.0572132276432,-0.13689119663829696,0.5952662060033784,0.09764527660791376,0.7857380888244139
1757619201575.0637,190950,UWB1,UWB1,-168.8489177917329,-443.43177501618703,238.47305945754573,0.018910434979909446,0.339277294643726,0.06671612733067453,0.9381270016059138
1757619201575.0637,190950,LeftRS,LeftRS,-215.20197760397826,-481.20125176476125,250.53911434177104,-0.008127273577909433,-0.5565430654259385,0.8307641784462256,-0.0049642281431461835
1757619201585.0635,190951,April7,April7,1192.6245357481748,1529.6168873077236,1642.843321890292,-0.6845055294904945,0.18301839727715863,-0.18424036481224632,0.6811842146797651
1757619201585.0635,190951,UWB2,UWB2,-1223.055148570531,2021.8284035114502,1719.5833710975814,0.5007770504205178,0.5014148936214835,-0.49506924555465204,0.5027045775926756
1757619201585.0635,190951,UWB3,UWB3,1879.2622985830142,-1460.3064421587708,1388.3841326961276,-0.7060265263227778,-0.0004660412637901258,0.7081833356943572,-0.0016401155282293432
1757619201585.0635,190951,UWB4,UWB4,-749.3804634174496,-1868.4431802055262,1445.280157164748,-0.14157548860133293,0.5985938073058545,0.09461653350018057,0.7827448795557749
1757619201585.0635,190951,UWB1,UWB1,-168.84418755262956,-443.4210939873473,238.47811242579218,0.018812732820766988,0.33936193129892367,0.06655677904098847,0.9381096715376983
1757619201585.0635,190951,LeftRS,LeftRS,-215.17375991119232,-481.40592526830073,250.66076934317462,-0.006776079341835941,-0.5519259292622064,0.8338391780952772,-0.006639158847018108
1757619201595.064,190952,April7,April7,1192.3987748637207,1529.7438259918533,1642.9834580093768,-0.684299902543559,0.18297221607904016,-0.18382574492193024,0.6815151553897376
1757619201595.064,190952,UWB2,UWB2,-1223.0404063573537,2021.9256973857462,1719.5674326016733,0.5011115485838361,0.4996277347868221,-0.49692402200606817,0.502320474260219
1757619201595.064,190952,UWB3,UWB3,1879.2521919204223,-1460.3090526060432,1388.3758597641404,-0.7059749134610571,-0.000729154895740717,0.708234369226422,-0.0017228300099122714
1757619201595.064,190952,UWB4,UWB4,-749.3866341485757,-1868.4752364046537,1445.2782380826918,-0.14148335296802175,0.5984940024573474,0.0948842109371044,0.7828054524403582
1757619201595.064,190952,UWB1,UWB1,-168.84656768208828,-443.4272354143693,238.4732310976545,0.018587838491060906,0.3393400704660856,0.06677987837103817,0.9381062075698314
1757619201595.064,190952,LeftRS,LeftRS,-215.17692670078208,-481.42800266944516,250.70230069309943,-0.006369146347148424,-0.550227608549281,0.8349626512925129,-0.0068105588262297664
1757619201606.0642,190953,April7,April7,1192.6149105243358,1529.6220706792242,1642.8437250301379,-0.6845137038388334,0.18300878178882463,-0.18425427875706638,0.6811748202955873
1757619201606.0642,190953,UWB2,UWB2,-1223.0376939366317,2021.9129058258798,1719.5717567438332,0.5013120316727036,0.4994604222049825,-0.4971418791732021,0.5020711956716343
1757619201606.0642,190953,UWB3,UWB3,1879.2672155287976,-1460.2976301004753,1388.3585282654446,-0.706149125761294,-0.0001788430855298372,0.7080613672256794,-0.001574942606063469
1757619201606.0642,190953,UWB4,UWB4,-749.4443921916604,-1868.4539205328037,1445.0583440368787,-0.13681318189212774,0.5951909780057352,0.09714272883583909,0.7858709456364034
1757619201606.0642,190953,UWB1,UWB1,-168.85469286724077,-443.4372403743493,238.45699519960834,0.018833937276664457,0.3392331430060603,0.06675788524334311,0.938141536363637
1757619201606.0642,190953,LeftRS,LeftRS,-215.167879424138,-481.42629450863154,250.67403501823955,-0.006401666669135468,-0.5504604961933856,0.8348051568396996,-0.0072533377305653325
1757619201616.064,190954,April7,April7,1192.4112883974801,1529.7669165198758,1642.943582513751,-0.6843606553958973,0.18287733167214126,-0.18372845913134234,0.6815058533951109
1757619201616.064,190954,UWB2,UWB2,-1223.0427288240146,2021.751581274607,1719.5837507391284,0.5003647779179758,0.5012723827736005,-0.494971099891679,0.5033534519198146
1757619201616.064,190954,UWB3,UWB3,1879.2575584985887,-1460.3053559862656,1388.338217836969,-0.706215736046763,-0.000373053800389547,0.7079939824198136,-0.001927653527845674
1757619201616.064,190954,UWB4,UWB4,-749.4231104737793,-1868.4912699673303,1445.268431045393,-0.14116697460027477,0.5982650342768682,0.09466897882881814,0.7830636107567583
1757619201616.064,190954,UWB1,UWB1,-168.84299425421375,-443.43779800374904,238.43225897516797,0.01890094930167719,0.33908031000755,0.06676274919056818,0.9381950931449154
1757619201616.064,190954,LeftRS,LeftRS,-215.1908722178005,-481.39376050153203,250.63014092009095,-0.006899008308945077,-0.5521216965887124,0.8337108283640225,-0.006347480518316878
1757619201629.0647,190955,April7,April7,1192.4123366994295,1529.7582548334422,1642.9653297466132,-0.6843471998837132,0.18290036507021026,-0.1837551603791531,0.6815059849352291
1757619201629.0647,190955,UWB2,UWB2,-1223.029595111434,2021.89110885624,1719.5846484225633,0.5014930388017165,0.4992963592539711,-0.4969866484946932,0.5022072768162187
1757619201629.0647,190955,UWB3,UWB3,1879.2528412145389,-1460.319505098326,1388.3538773780183,-0.706273430830409,-0.0005668842641284738,0.7079365926023619,-0.001816700259275836
1757619201629.0647,190955,UWB4,UWB4,-749.4072800917961,-1868.4499935612769,1445.0510058026978,-0.13735212545885947,0.595372466935661,0.0977625336153667,0.7855625412836226
1757619201629.0647,190955,UWB1,UWB1,-168.83213713102802,-443.4392815916684,238.46995260497053,0.019410189020674238,0.33947202821466216,0.06637931972165202,0.9380702385937292
1757619201629.0647,190955,LeftRS,LeftRS,-215.17085073303636,-481.45580408182894,250.65238821931553,-0.006366535070190834,-0.550412443316275,0.8348401237022409,-0.006897632248504286
1757619201636.0625,190956,April7,April7,1192.4145843128922,1529.7634230064057,1642.9738927179276,-0.6843279043018122,0.1828865554183261,-0.1837683783865763,0.68152550234476
1757619201636.0625,190956,UWB2,UWB2,-1223.0720105169044,2021.7775854164372,1719.5961331186152,0.5006814255906225,0.501693965508637,-0.49411248463939067,0.5034621411429547
1757619201636.0625,190956,UWB3,UWB3,1879.2726608230557,-1460.3123143724365,1388.371849088238,-0.7060094033477913,-0.00043312481164669555,0.7082006252703948,-0.0015521449723282805
1757619201636.0625,190956,UWB4,UWB4,-749.3729978094901,-1868.4417580116037,1445.0501611984937,-0.13729194399166866,0.5954899175679189,0.09800446141336325,0.7854538851727823
1757619201636.0625,190956,UWB1,UWB1,-168.8480035140408,-443.4341685748876,238.4404549220829,0.018804671387598528,0.3391015200287777,0.0666131427785039,0.9381999960868406
1757619201636.0625,190956,LeftRS,LeftRS,-215.1748765792694,-481.4116347887309,250.62270506934024,-0.007173383381762699,-0.5519281362642602,0.8338368916120548,-0.006317686084716162
1757619201645.0647,190957,April7,April7,1192.4278255398901,1529.759618726433,1642.9705947704667,-0.6843218022844019,0.18287927889199782,-0.1837592237918201,0.6815360503609467
1757619201645.0647,190957,UWB2,UWB2,-1223.0514098772042,2021.8484433994386,1719.5876547136716,0.5010375019262183,0.5004464234027809,-0.4958106543899718,0.5026794146971678
1757619201645.0647,190957,UWB3,UWB3,1879.3032609177988,-1460.3106889890782,1388.3868387463178,-0.7059689099574018,-0.0002473422595774075,0.7082418252808107,-0.001163579937157725
1757619201645.0647,190957,UWB4,UWB4,-749.3765923797287,-1868.4809557570572,1445.3059687068221,-0.14153878761114266,0.5984808834067616,0.09476787707524263,0.7828195534558917
1757619201645.0647,190957,UWB1,UWB1,-168.8346692809784,-443.42239545886446,238.45900371820872,0.018600196809949992,0.3391942567569341,0.06663808805950087,0.9381687769700697
1757619201645.0647,190957,LeftRS,LeftRS,-215.1708402239232,-481.4185881938867,250.66391747781418,-0.006443945551400566,-0.5510888601135248,0.8343951820155635,-0.006650116820121547
1757619201655.062,190958,April7,April7,1192.6097530127458,1529.6045132510865,1642.8442029198923,-0.684469870717725,0.18306024219102873,-0.18432212428437922,0.6811866838891646
1757619201655.062,190958,UWB2,UWB2,-1223.0808730130475,2021.8069506061943,1719.612747168705,0.5008961471293861,0.5011342046817389,-0.4947714362008922,0.5031588065498248
1757619201655.062,190958,UWB3,UWB3,1879.2784848026142,-1460.3075324424128,1388.3920420758368,-0.7059150332146993,-0.0004893356310894405,0.7082950885098925,-0.0013394121449270898
1757619201655.062,190958,UWB4,UWB4,-749.3825806520422,-1868.466199112199,1445.2916726990188,-0.14186635228504307,0.5987284794563619,0.0950893995565509,0.7825318856565423
1757619201655.062,190958,UWB1,UWB1,-168.86886355724278,-443.4494148704566,238.4473027036871,0.01940528445032471,0.3390554327627476,0.06660625944325314,0.9382049108017108
1757619201655.062,190958,LeftRS,LeftRS,-215.17573251304407,-481.4098618402873,250.6638037808748,-0.006935228553596442,-0.5516089642097176,0.8340472830783079,-0.006677035126833431
1757619201666.0457,190959,April7,April7,1192.6128777426209,1529.628362106762,1642.831060096728,-0.6845111275828575,0.18299314025619842,-0.1842683674237696,0.6811778002852111
1757619201666.0457,190959,UWB2,UWB2,-1223.0570722629452,2021.7841021127065,1719.6017635158526,0.5010968399007214,0.5012104636112152,-0.49497595574048175,0.5026816402524944
1757619201666.0457,190959,UWB3,UWB3,1879.2909166325626,-1460.288054802689,1388.3708585176155,-0.7058403567439885,-0.0001002686433610082,0.708369490558253,-0.0014302391266654824
1757619201666.0457,190959,UWB4,UWB4,-749.3642120307009,-1868.4815201559688,1445.2809593708598,-0.14155344462450703,0.598622947325635,0.09503828753138478,0.7826754839352058
1757619201666.0457,190959,UWB1,UWB1,-168.8386105635453,-443.4340253337736,238.46008165561807,0.018828713065922792,0.3392875393130712,0.06669824467670166,0.9381262118650183
1757619201666.0457,190959,LeftRS,LeftRS,-215.1554304130376,-481.4022839617938,250.65373460090566,-0.006769268912189107,-0.5519803598693444,0.8338049568358185,-0.006415081677008239
1757619201675.0356,190960,April7,April7,1192.4092242893516,1529.7717347886335,1642.9593624227134,-0.6843468314806563,0.1828740087041191,-0.18372747670041728,0.6815208914539376
1757619201675.0356,190960,UWB2,UWB2,-1223.0833040858845,2021.789823084902,1719.6027142646246,0.5006680413300351,0.50090264570984,-0.49520611746939264,0.5031887847841195
1757619201675.0356,190960,UWB3,UWB3,1879.2692256935798,-1460.300948828433,1388.384544259916,-0.7058892505969163,-0.0004978574357812588,0.7083204451207769,-0.0015050095023698981
1757619201675.0356,190960,UWB4,UWB4,-749.3925214671264,-1868.4501830538525,1445.2832863706221,-0.1412093889319504,0.5985706370550581,0.09474612949619837,0.782813050401216
1757619201675.0356,190960,UWB1,UWB1,-168.85539475611222,-443.4100411369367,238.46062634493435,0.018563526846406053,0.33926333251395474,0.06676704505383592,0.9381353571725818
1757619201675.0356,190960,LeftRS,LeftRS,-215.20112876845963,-481.03054176922615,250.73369259638747,-0.009431878734856767,-0.562474429788591,0.8267159262495258,-0.008621646183823451
1757619201686.1335,190961,April7,April7,1192.6264593035917,1529.6255103635574,1642.8218405572065,-0.6844999599131879,0.18301420336296423,-0.18421028923654337,0.6811990719207219
1757619201686.1335,190961,UWB2,UWB2,-1223.0363732621279,2021.781905949993,1719.600967381217,0.5004028400633332,0.5014084276738504,-0.49533183577744744,0.5028249782772642
1757619201686.1335,190961,UWB3,UWB3,1879.2603974911635,-1460.3101171119476,1388.3746293592,-0.706009126103332,-0.0005906926591383263,0.7082004064901285,-0.0017173200658834673
1757619201686.1335,190961,UWB4,UWB4,-749.391048620695,-1868.4376325892802,1445.0677695456857,-0.13712402429620216,0.595379449620919,0.09777143943449085,0.7855959893996494
1757619201686.1335,190961,UWB1,UWB1,-168.83145400369332,-443.421403370643,238.44738822479772,0.018889102268490332,0.3393775522027689,0.06675557517177913,0.9380883604756176
1757619201686.1335,190961,LeftRS,LeftRS,-215.2187838316324,-480.9971135169674,250.6928539061044,-0.010023153427824878,-0.5646390099650646,0.8252435050688821,-0.00744863495280715
1757619201696.1267,190962,April7,April7,1192.4148144787034,1529.7432655978587,1642.9541485017737,-0.6842805574384937,0.18288661956960844,-0.18386560962182874,0.6815468000749905
1757619201696.1267,190962,UWB2,UWB2,-1223.0747763406305,2021.7437554339942,1719.5808329396043,0.5003602946628881,0.5018924210577779,-0.4944157618950782,0.5032858309145406
1757619201696.1267,190962,UWB3,UWB3,1879.2696012664985,-1460.3031184248534,1388.3670857978486,-0.7059035383292327,-0.000273314116218148,0.7083059272300916,-0.0016832481646139473
1757619201696.1267,190962,UWB4,UWB4,-749.3575671134631,-1868.4620449608483,1445.291381877284,-0.14143604263496895,0.5987036497709487,0.09460827788371182,0.7826870762639325
1757619201696.1267,190962,UWB1,UWB1,-168.8524509649107,-443.4220475377853,238.45674644479163,0.018831436845963105,0.33931028445660066,0.06662590023341265,0.9381230714924266
1757619201696.1267,190962,LeftRS,LeftRS,-215.22204276124643,-481.0346592293864,250.73019179162418,-0.009441728022413463,-0.5625563454374493,0.8266637466371897,-0.008262080596097196
1757619201706.1758,190963,April7,April7,1192.4044457118262,1529.7600155246475,1642.948457930784,-0.6843498370118087,0.18285127955775793,-0.18379111169530934,0.6815068139115
1757619201706.1758,190963,UWB2,UWB2,-1223.0838899365788,2021.808857172263,1719.5905293689648,0.5006779556820162,0.5006024137351641,-0.49548801905266376,0.503200189817007
1757619201706.1758,190963,UWB3,UWB3,1879.2775336340694,-1460.3006476594605,1388.373940216105,-0.7058544467497374,-0.0002172860738130096,0.7083549991526557,-0.001627257147901317
1757619201706.1758,190963,UWB4,UWB4,-749.429695932197,-1868.4834303475009,1445.0416836503434,-0.13643255819345412,0.5951230058500758,0.09751352228964137,0.785942668356559
1757619201706.1758,190963,UWB1,UWB1,-168.85557917538048,-443.41602225356985,238.46895863138127,0.01864184613548583,0.3391566781239666,0.06662349723297308,0.9381825722496795
1757619201706.1758,190963,LeftRS,LeftRS,-215.22379273945015,-480.97917011065886,250.69287312750583,-0.010580763407501288,-0.5651822313494648,0.8248672093691115,-0.007154000291388081
1757619201715.0527,190964,April7,April7,1192.416158907473,1529.7546540620044,1642.9486536010031,-0.6843507143691527,0.18289589922328972,-0.18376231113798058,0.6815017261863411
1757619201715.0527,190964,UWB2,UWB2,-1223.0514059444263,2021.801532549521,1719.587388245745,0.5014029388061383,0.5009650819335759,-0.49539097943949806,0.502211964343571
1757619201715.0527,190964,UWB3,UWB3,1879.2674339984628,-1460.3172604795736,1388.3879822061024,-0.7059802227655657,-0.0004603958315645106,0.7082295157081009,-0.0016328439697602226
1757619201715.0527,190964,UWB4,UWB4,-749.4172642632607,-1868.4704868416818,1445.0695204855726,-0.13731699907810055,0.5953727473528426,0.09750810512179348,0.7856000909554877
1757619201715.0527,190964,UWB1,UWB1,-168.85628991021025,-443.4427708196401,238.46016357348606,0.018948542672314137,0.33932291449533336,0.066656585705682,0.9381139653640432
1757619201715.0527,190964,LeftRS,LeftRS,-215.17568697217138,-481.46142229527607,250.67726220350414,-0.006419253757279339,-0.549846001504675,0.8352115239613375,-0.007062439571498221
1757619201727.0051,190965,April7,April7,1192.6330523502959,1529.6205346855381,1642.8390582857235,-0.6845004503362242,0.18296545688210017,-0.18426880112398672,0.6811958484971553
1757619201727.0051,190965,UWB2,UWB2,-1223.0658421743174,2021.7547985238546,1719.5962397776032,0.500660515311759,0.5018498904936088,-0.4945063080386801,0.5029406000009056
1757619201727.0051,190965,UWB3,UWB3,1879.275150498167,-1460.301341470944,1388.3600740967415,-0.7060716361945987,-0.00022835865894819054,0.7081386119783935,-0.0015807084234095135
1757619201727.0051,190965,UWB4,UWB4,-749.4158665932571,-1868.4609384732119,1445.047983750039,-0.13696693551891997,0.5953187571908715,0.09790819185262492,0.7856523543396418
1757619201727.0051,190965,UWB1,UWB1,-168.86269361537362,-443.4287460513875,238.4718867495732,0.018924113607239706,0.33920972115113585,0.06657907351405695,0.9381608976986617
1757619201727.0051,190965,LeftRS,LeftRS,-215.15603441391744,-481.4367519071246,250.69452423551647,-0.006854428347274555,-0.5512242604985347,0.8343013663677606,-0.006786864280603008
1757619201736.2034,190966,April7,April7,1192.625059404377,1529.6092154740056,1642.8172442523141,-0.6844342563438859,0.18297399916280796,-0.18430818443362687,0.6812494091917739
1757619201736.2034,190966,UWB2,UWB2,-1223.0683382696434,2021.7174225821898,1719.5717713099923,0.5007776772925372,0.5017802429212077,-0.4937790674254314,0.5036075240818952
1757619201736.2034,190966,UWB3,UWB3,1879.2514917880892,-1460.3192391811695,1388.3527214565656,-0.7061844522533363,-0.0005563206025709067,0.7080253371322396,-0.001825344302073947
1757619201736.2034,190966,UWB4,UWB4,-749.3795431418813,-1868.4555366953093,1445.0565399880295,-0.1374065819502925,0.595580716990431,0.09783486507673525,0.7853861343067619
1757619201736.2034,190966,UWB1,UWB1,-168.86697759284732,-443.4161749826797,238.46333322921976,0.018718487267802217,0.33913409022292235,0.06657529167485812,0.938192633536143
1757619201736.2034,190966,LeftRS,LeftRS,-215.16082637013187,-481.42274616098626,250.65561016714975,-0.007029421170242744,-0.5514633646446182,0.8341434445334067,-0.006592316344928036
1757619201746.9592,190967,April7,April7,1192.603057683654,1529.6091928396122,1642.8365643189748,-0.6844627787123821,0.1830293916849763,-0.1843154799960593,0.6812038976478146
1757619201746.9592,190967,UWB2,UWB2,-1223.090482152482,2021.812119238153,1719.5899847868734,0.50063924411082,0.5010962890134654,-0.4952379496789534,0.5029932699260169
1757619201746.9592,190967,UWB3,UWB3,1879.2866645645465,-1460.2920142238274,1388.3589286537717,-0.7060255686241206,-9.62149829974611e-05,0.7081846914859633,-0.0015264129832314687
1757619201746.9592,190967,UWB4,UWB4,-749.3850739250969,-1868.4468267230886,1445.2741747992966,-0.1413975755722053,0.598478909438593,0.09464458699369054,0.7828614965192047
1757619201746.9592,190967,UWB1,UWB1,-168.85022098899,-443.41390586206205,238.46321752447903,0.018564710415864973,0.3393330950551756,0.06661174290084629,0.9381211424092103
1757619201746.9592,190967,LeftRS,LeftRS,-215.19056238018953,-481.01944964839964,250.71407118376706,-0.010110749228755623,-0.5638912591642079,0.8257483328892122,-0.008006954410024927
1757619201756.95,190968,April7,April7,1192.4162176954874,1529.7717036845713,1642.9458914751783,-0.6843375807339669,0.18289896425318344,-0.1837381138582529,0.6815206159655816
1757619201756.95,190968,UWB2,UWB2,-1223.033583855239,2021.900459482274,1719.590585352143,0.5016122919278482,0.4996142486558437,-0.4965523944974109,0.5022015836751571
1757619201756.95,190968,UWB3,UWB3,1879.2804329514595,-1460.2964544401839,1388.3610801778948,-0.7061011962930079,-0.0002468638042002617,0.7081090851362029,-0.00160099950506099
1757619201756.95,190968,UWB4,UWB4,-749.3844769132969,-1868.4226347865217,1445.0822391930767,-0.13756654186394007,0.5954188444820783,0.09803263645462193,0.7854562039891082
1757619201756.95,190968,UWB1,UWB1,-168.84991745795028,-443.4246284939389,238.44742205762714,0.018896288654947756,0.33890022142008513,0.06663952232631815,0.9382690148675945
1757619201756.95,190968,LeftRS,LeftRS,-215.20590305645965,-481.00492401169726,250.72465906446584,-0.010200791621188353,-0.5641697408607139,0.825559441707157,-0.0077495519627520095
1757619201766.108,190969,April7,April7,1192.4072051522182,1529.7748303687233,1642.934906555149,-0.6843348085476872,0.1830456642171187,-0.1838899369100363,0.6814430612490944
1757619201766.108,190969,UWB2,UWB2,-1223.0316568708104,2021.7696272390904,1719.5900564768087,0.5010017844784478,0.5010414203811622,-0.4949179924457525,0.5030018765027668
1757619201766.108,190969,UWB3,UWB3,1879.283894826745,-1460.2950157235114,1388.371007676267,-0.7059241320977642,-0.0002695725121615985,0.7082858019721582,-0.0015065780218625198
1757619201766.108,190969,UWB4,UWB4,-749.3840262718043,-1868.4695623792652,1445.057062700873,-0.13649661951201406,0.5955654513373388,0.09724394486377708,0.7856297354495151
1757619201766.108,190969,UWB1,UWB1,-168.83505352264987,-443.39849618520594,238.4690121846343,0.01868152483336746,0.3392639406786105,0.06656398298728493,0.9381472247755088
1757619201766.108,190969,LeftRS,LeftRS,-215.1941875678508,-481.014257828985,250.74241578630546,-0.009665243438347829,-0.562770479412709,0.8265162804417424,-0.008173661090007125
1757619201777.3057,190970,April7,April7,1192.6208300215403,1529.6327457326786,1642.824730144311,-0.6844867821257803,0.1829001972403717,-0.1843027110451279,0.6812179340313522
1757619201777.3057,190970,UWB2,UWB2,-1223.056246836712,2021.8271235979391,1719.5837538243368,0.5009819011676672,0.500284235323159,-0.4956523958871304,0.5030522050850181
1757619201777.3057,190970,UWB3,UWB3,1879.270533585617,-1460.2996092060723,1388.366240743377,-0.7061464005945769,-0.00017385474812683376,0.7080642421065066,-0.0015032471481578416
1757619201777.3057,190970,UWB4,UWB4,-749.4027765342571,-1868.4633575787689,1445.0703500787492,-0.13742801905209864,0.5954239492005172,0.0978366155548654,0.7855010228858046
1757619201777.3057,190970,UWB1,UWB1,-168.84362525245993,-443.4283384247627,238.47489453699487,0.0192256391812265,0.3393319505956297,0.06657859769458019,0.9381105971217156
1757619201777.3057,190970,LeftRS,LeftRS,-215.21849634142376,-480.98320217823226,250.71877398343653,-0.01013088225080847,-0.5643400582492591,0.825446873229389,-0.007424510480026568
1757619201786.4822,190971,April7,April7,1192.392131086418,1529.7775283939134,1642.9414494969171,-0.6843248799447006,0.1828738712274102,-0.18378689019153424,0.681526950974572
1757619201786.4822,190971,UWB2,UWB2,-1223.0429964387376,2021.8386762825319,1719.607373226117,0.5011460752362323,0.5002798039717296,-0.49622939726119875,0.5023237146573071
1757619201786.4822,190971,UWB3,UWB3,1879.2635608162793,-1460.3078255485304,1388.3796641140761,-0.705919327904419,-0.0006408138589147655,0.7082901039463046,-0.0016187959428273454
1757619201786.4822,190971,UWB4,UWB4,-749.3775702635626,-1868.4551890842738,1445.0719832621232,-0.13735352464493641,0.5954847532894099,0.09805893598797699,0.7854402351168225
1757619201786.4822,190971,UWB1,UWB1,-168.84362892417482,-443.4174379587972,238.47109066536044,0.018713987164704016,0.33943134522042967,0.06671091136509867,0.9380755848390293
1757619201786.4822,190971,LeftRS,LeftRS,-215.19509514469516,-481.03922551259507,250.74094723310958,-0.009443505273521674,-0.5624781303291041,0.8267131513334851,-0.008633569475155993
1757619201795.7053,190972,April7,April7,1192.3968727243277,1529.7945651314394,1642.9200756731598,-0.6843667893172382,0.18286917759451116,-0.18393298834776522,0.6814467091145008
1757619201795.7053,190972,UWB2,UWB2,-1223.0626000111429,2021.7856237044666,1719.5759654451206,0.5008664754007743,0.5011359111639421,-0.4949586046875751,0.5030025367801041
1757619201795.7053,190972,UWB3,UWB3,1879.2599151130628,-1460.3033489516265,1388.3564646986404,-0.7059602320817664,-0.00047396012037492205,0.708249186188923,-0.0017367623876300947
1757619201795.7053,190972,UWB4,UWB4,-749.4078104224582,-1868.4863439939913,1445.0531921033376,-0.13685723410339842,0.5952865116798656,0.09784265079545779,0.7857040678085504
1757619201795.7053,190972,UWB1,UWB1,-168.84285567600747,-443.4194428489928,238.45508575029,0.018564195484289784,0.33930284448995457,0.06679955623858333,0.9381187396344747
1757619201795.7053,190972,LeftRS,LeftRS,-215.16514292839483,-481.42314771344115,250.66395714542014,-0.00600629531024104,-0.5502321246700198,0.8349595127559657,-0.007151605140277287
1757619201804.7195,190973,April7,April7,1192.6035771504141,1529.6361179473145,1642.799228009334,-0.6844800309945592,0.18303651490881123,-0.18448474290131212,0.6811388265371169
1757619201804.7195,190973,UWB2,UWB2,-1223.0680557437195,2021.8534954991758,1719.564584876964,0.5014557568023468,0.49977360959428124,-0.4960826517889993,0.5026633721655908
1757619201804.7195,190973,UWB3,UWB3,1879.2723988391572,-1460.2988016190782,1388.3545075638767,-0.7059806643573476,-0.0002546261822212776,0.7082289855115151,-0.001714876204166604
1757619201804.7195,190973,UWB4,UWB4,-749.3752476668809,-1868.4658734058546,1445.0670840517566,-0.13712789501226272,0.5954947054830999,0.09792889542463043,0.7854883370184524
1757619201804.7195,190973,UWB1,UWB1,-168.8600146405702,-443.41619722643435,238.4658940328885,0.018567217704819644,0.33938247864147614,0.06666785521063502,0.938099242457579
1757619201804.7195,190973,LeftRS,LeftRS,-215.19038850899977,-481.40754276686954,250.6673424147246,-0.0067949711964038146,-0.5518381393023302,0.8339003287377603,-0.0062239946045562836
1757619201816.771,190974,April7,April7,1192.4004899981308,1529.7738129835031,1642.912624308594,-0.6843379191272989,0.18281320793271413,-0.18377750188237318,0.6815326648457455
1757619201816.771,190974,UWB2,UWB2,-1223.0976316904223,2021.7819695904739,1719.5587900502937,0.5006776321788216,0.501585788700488,-0.49466086430727135,0.5030350231666793
1757619201816.771,190974,UWB3,UWB3,1879.2834337361894,-1460.2906880516473,1388.351642104538,-0.7059830029068146,-6.722464400852234e-05,0.7082269303430632,-0.0016156188801838484
1757619201816.771,190974,UWB4,UWB4,-749.3688412964912,-1868.4405985216044,1445.2935135217508,-0.14209588964888065,0.5986029259461589,0.09509619650526462,0.782585464089273
1757619201816.771,190974,UWB1,UWB1,-168.86105858884176,-443.4206607666335,238.45558724706754,0.018555714497452653,0.33930007458912137,0.06667995948419625,0.9381284175668552
1757619201816.771,190974,LeftRS,LeftRS,-215.19132447582078,-481.4236654172425,250.63284081558808,-0.006879656108104449,-0.5511439731679829,0.8343571314740613,-0.006416255202235326
1757619201830.7444,190975,April7,April7,1192.6441656023715,1529.6199270348213,1642.807408344792,-0.6844590332390684,0.1829354845489433,-0.18422209995500416,0.6812581435832175
1757619201830.7444,190975,UWB2,UWB2,-1223.0857163399646,2021.8342136457227,1719.5759405388915,0.5011987360364183,0.5006853100087315,-0.49519399655624563,0.5028886090493703
1757619201830.7444,190975,UWB3,UWB3,1879.2596482346337,-1460.3109929845905,1388.3534939357185,-0.7062139314906021,-0.00035693278227725796,0.7079960315656908,-0.0018370777908806165
1757619201830.7444,190975,UWB4,UWB4,-749.3686057491791,-1868.4571097035036,1445.0704489612963,-0.13757036842987053,0.5954927116691123,0.09843314900146546,0.7853494376751616
1757619201830.7444,190975,UWB1,UWB1,-168.85182207402093,-443.42039094036215,238.4588297538799,0.018851301836537604,0.33929434596266367,0.06647555647447681,0.938139102483339
1757619201830.7444,190975,LeftRS,LeftRS,-215.21673590870026,-481.021874406264,250.71506301935565,-0.0101730366165517,-0.5641207745430561,0.8255932315424989,-0.00775094098511671
1757619201835.7454,190976,April7,April7,1192.4217933083219,1529.7619359814037,1642.9533616453555,-0.6843010640949058,0.18283466919503533,-0.18375814459269046,0.6815691320143348
1757619201835.7454,190976,UWB2,UWB2,-1223.0435638703932,2021.8334796727843,1719.6203568427495,0.5010730809292647,0.49975242861116215,-0.49631460980371656,0.5028370369818481
1757619201835.7454,190976,UWB3,UWB3,1879.273018759578,-1460.298580542323,1388.3694933556774,-0.7061577476064217,-0.0003164043285100581,0.7080522639107625,-0.0017683197024588484
1757619201835.7454,190976,UWB4,UWB4,-749.3894147192545,-1868.4621596618638,1445.0511779015155,-0.13726784179649534,0.5954341283585709,0.09841065061679309,0.7854496051559137
1757619201835.7454,190976,UWB1,UWB1,-168.84951026993028,-443.4286299450314,238.45372428145546,0.01894318297046109,0.33905361301004333,0.06654232555412276,0.9382195490574861
1757619201835.7454,190976,LeftRS,LeftRS,-215.21629714692753,-481.0039131476034,250.70907627553643,-0.010269951124589005,-0.5644285990859085,0.8253855206140369,-0.007323045712864363
1757619201843.744,190977,April7,April7,1192.6436139182479,1529.6236238632396,1642.8166760419806,-0.6844566461052548,0.1829817963374269,-0.18422760104099542,0.6812466167447396
1757619201843.744,190977,UWB2,UWB2,-1223.0606235368953,2021.771763938656,1719.6099537661314,0.500760722814893,0.5015032652761464,-0.49498265139174424,0.5027179609129437
1757619201843.744,190977,UWB3,UWB3,1879.2646581786503,-1460.3112773158643,1388.3794330686649,-0.7060257947786626,-0.0004855617448358288,0.7081841227183739,-0.0016092440949285157
1757619201843.744,190977,UWB4,UWB4,-749.3815252992733,-1868.4349406462204,1445.3044996547417,-0.14174168595120198,0.5985041328042182,0.09489628890445694,0.7827495077175989
1757619201843.744,190977,UWB1,UWB1,-168.85923555519275,-443.4161978426384,238.45323353699334,0.018677121718033794,0.33902387745600915,0.06653449208618424,0.9382361840186383
1757619201843.744,190977,LeftRS,LeftRS,-215.17433203568672,-481.3998708513063,250.64387392030048,-0.0071384203497587275,-0.5522102038325223,0.8336524585695746,-0.006042520919126959
1757619201856.653,190978,April7,April7,1192.4086984896685,1529.7648653678555,1642.9542590093445,-0.68430089120532,0.18283937617408622,-0.1837855256848009,0.6815606600770303
1757619201856.653,190978,UWB2,UWB2,-1223.0915817862945,2021.7678941475765,1719.5960817918449,0.5007067615339518,0.501737092656444,-0.49395911536185894,0.5035444579754316
1757619201856.653,190978,UWB3,UWB3,1879.2762924043689,-1460.2941798845786,1388.3490564048388,-0.7061242630122009,-4.481308488192945e-05,0.7080860540838702,-0.0016319280615857562
1757619201856.653,190978,UWB4,UWB4,-749.3757553382023,-1868.4688570509177,1445.0544481038012,-0.13708833524295053,0.5957262356100342,0.09806034642711053,0.7853032592602742
1757619201856.653,190978,UWB1,UWB1,-168.85408881462115,-443.42667190268685,238.454912076513,0.018695575413743462,0.33914185218357523,0.06659405440679872,0.9381889529700866
1757619201856.653,190978,LeftRS,LeftRS,-215.16061219819866,-481.41045042643555,250.66403907970383,-0.006798012682046085,-0.5521349193514605,0.8337045961948502,-0.006120795692795518
1757619201865.0288,190979,April7,April7,1192.6367472166628,1529.6216144457685,1642.8307031233323,-0.684469359535949,0.18297108197192533,-0.18425833973018627,0.681228407553844
1757619201865.0288,190979,UWB2,UWB2,-1223.0374085727158,2021.8937600177564,1719.5839044559464,0.5014372175901014,0.499891152038824,-0.49667446595641207,0.5019801069720868
1757619201865.0288,190979,UWB3,UWB3,1879.2709855123364,-1460.302120211988,1388.3717704152264,-0.7060558029393328,-0.00037836681099941974,0.7081545151911622,-0.0014975275024014711
1757619201865.0288,190979,UWB4,UWB4,-749.4016988369812,-1868.463651496971,1445.06172540758,-0.13708337140077925,0.5953362768938888,0.09783709642766929,0.7856276276087304
1757619201865.0288,190979,UWB1,UWB1,-168.858391502188,-443.43096881488975,238.46817085227084,0.01885734761650744,0.33920199193364936,0.06670192742707765,0.9381563099967019
1757619201865.0288,190979,LeftRS,LeftRS,-215.19972280868924,-481.4248820555319,250.65723411995094,-0.006406332547872816,-0.551051289171424,0.8344230704131621,-0.006290879753172548
1757619201875.9011,190980,April7,April7,1192.60961364252,1529.6162459927828,1642.8360148654451,-0.6844491391012774,0.18298897341823528,-0.18436370169715555,0.6812154116631411
1757619201875.9011,190980,UWB2,UWB2,-1223.0921833408356,2021.8074046630081,1719.5680976720773,0.5008738405893242,0.5011518798947235,-0.4947531496587108,0.5031813887596305
1757619201875.9011,190980,UWB3,UWB3,1879.2698668671437,-1460.304322957935,1388.3640522136566,-0.7061093942784022,-0.0004728828128456899,0.7081007088497369,-0.0016388471964883177
1757619201875.9011,190980,UWB4,UWB4,-749.4199835111242,-1868.4592099981987,1445.068548453865,-0.13674868500289633,0.5952319638583089,0.0974664948259144,0.7858110388240354
1757619201875.9011,190980,UWB1,UWB1,-168.86754713051755,-443.41060332403936,238.46835105583546,0.018655126008396705,0.33917288617405883,0.06667499655440985,0.9381727902643731
1757619201875.9011,190980,LeftRS,LeftRS,-215.21146202259555,-481.00211237676723,250.73601804340728,-0.009876620243989363,-0.5633122519762946,0.826145205934413,-0.008115285425536273
1757619201886.054,190981,April7,April7,1192.4186789411458,1529.7896589243003,1642.9245512429995,-0.6843540446950903,0.18287016568485642,-0.18386977949245864,0.681476300542622
1757619201886.054,190981,UWB2,UWB2,-1223.0412080469177,2021.8592644738737,1719.58263638826,0.501486606640417,0.50055557174574,-0.4958104874729354,0.5021227573675838
1757619201886.054,190981,UWB3,UWB3,1879.2680249183102,-1460.3025599265814,1388.3581177320514,-0.7060959103764275,-0.00044136900781687144,0.7081142298297847,-0.001614947570035074
1757619201886.054,190981,UWB4,UWB4,-749.3478460266825,-1868.4492948958268,1445.2629110154776,-0.14177288272875713,0.5987557541297586,0.09503437983400431,0.7825346402996154
1757619201886.054,190981,UWB1,UWB1,-168.8530469166247,-443.4151713582479,238.46054124444683,0.018674812300450105,0.33933430188504565,0.06674754557126532,0.9381088679412126
1757619201886.054,190981,LeftRS,LeftRS,-215.20483875931419,-481.03634876650756,250.74311302231268,-0.009593357045124314,-0.5624491622215907,0.8267347116120214,-0.008283962374558897
1757619201896.2307,190982,April7,April7,1192.4019503935178,1529.794803598198,1642.9341606785654,-0.6843778587884557,0.1829635065185662,-0.18382731419423737,0.6814387868610742
1757619201896.2307,190982,UWB2,UWB2,-1223.0943059021292,2021.7757943058139,1719.5885759631622,0.5006736393878953,0.5017851487444636,-0.4943400233022388,0.5031555551547837
1757619201896.2307,190982,UWB3,UWB3,1879.2784687138903,-1460.3178630646066,1388.3745521404232,-0.7059953728653975,-0.0007591129593528411,0.708213727219396,-0.001809369551618539
1757619201896.2307,190982,UWB4,UWB4,-749.3496491344688,-1868.4691824304357,1445.2870355547016,-0.14172952840980518,0.5987550405355281,0.09508081130945775,0.7825373994453989
1757619201896.2307,190982,UWB1,UWB1,-168.84408178974414,-443.41805735848305,238.4697232065458,0.018631825636487468,0.33940625755075976,0.06674925430094059,0.9380835700827018
1757619201896.2307,190982,LeftRS,LeftRS,-215.20539388319906,-481.0056315995841,250.72022648706394,-0.009960316315597453,-0.5635562046526637,0.8259787429178871,-0.0080195102197958
1757619201906.2576,190983,April7,April7,1192.6271998385305,1529.6365758400232,1642.8117478511504,-0.6844925134243126,0.18299802349495992,-0.18423880387430253,0.6812031896651483
1757619201906.2576,190983,UWB2,UWB2,-1223.0162457599297,2021.7178450202211,1719.612446411136,0.500202527192165,0.5013349304361332,-0.4945640664133104,0.5038522635931088
1757619201906.2576,190983,UWB3,UWB3,1879.2650712826219,-1460.3046794003014,1388.3794714256794,-0.7061237973946959,-0.00028082408215062343,0.7080861638165239,-0.0017574135336369961
1757619201906.2576,190983,UWB4,UWB4,-749.3814571200464,-1868.4579743816555,1445.3100044090352,-0.14170179691915585,0.5985383114944177,0.09487061586592735,0.7827337073797918
1757619201906.2576,190983,UWB1,UWB1,-168.8414922351437,-443.4145961191335,238.46934676325927,0.018829293700120573,0.33933748403850456,0.06663955167647084,0.938112306591024
1757619201906.2576,190983,LeftRS,LeftRS,-215.16815555640278,-481.4173038843551,250.68809424529871,-0.0064267483299346295,-0.550782078985815,0.8345990451926978,-0.006498625808925943
1757619201916.2644,190984,April7,April7,1192.6102800208287,1529.6353895485893,1642.816329166051,-0.6844892893696793,0.18293749437602405,-0.18428834666346064,0.6812092858833193
1757619201916.2644,190984,UWB2,UWB2,-1223.078481990721,2021.7078942899216,1719.5793578312068,0.5003991730683537,0.5025728637540636,-0.4935260966976019,0.5034413333139987
1757619201916.2644,190984,UWB3,UWB3,1879.2716329004602,-1460.2992037411407,1388.3806396051143,-0.7060812418361472,-0.00031195914979749006,0.7081290681493901,-0.0015509514787850984
1757619201916.2644,190984,UWB4,UWB4,-749.4459704461183,-1868.4786588442223,1445.080214576889,-0.13691362840204852,0.5952736865621597,0.09744374470647817,0.7857535320073721
1757619201916.2644,190984,UWB1,UWB1,-168.84836503982015,-443.42065141971204,238.46729156896492,0.01883817107612302,0.33931039268144497,0.0667207291778776,0.938116157534259
1757619201916.2644,190984,LeftRS,LeftRS,-215.22718138339349,-481.0014958628097,250.71883076273716,-0.009966724508619152,-0.5644499882339208,0.8253713784459104,-0.007678725649083543
1757619201924.4753,190985,April7,April7,1192.6307215479833,1529.6269363193712,1642.8189571992066,-0.684456539028413,0.18294291875287325,-0.1842572899238212,0.6812491363439335
1757619201924.4753,190985,UWB2,UWB2,-1223.0942525622984,2021.7761748778216,1719.5885787424552,0.50067702138516,0.501779162155345,-0.4943475023415799,0.5031508119959719
1757619201924.4753,190985,UWB3,UWB3,1879.2916259416445,-1460.2916712407114,1388.3568802236325,-0.7060675863621042,-9.507686178807747e-05,0.7081428862592336,-0.0014856276872309494
1757619201924.4753,190985,UWB4,UWB4,-749.4096359388852,-1868.4618059799222,1445.3005304616638,-0.14173109984026866,0.598377669306039,0.09452249567687011,0.7828933248054658
1757619201924.4753,190985,UWB1,UWB1,-168.86202929879883,-443.41815925248426,238.4534211487958,0.01880640705684022,0.33922907283440107,0.06656802736636364,0.9381570513139451
1757619201924.4753,190985,LeftRS,LeftRS,-215.22068449266942,-480.9936530561809,250.7016736046626,-0.010703882971752511,-0.5649181826987628,0.8250458052555522,-0.007231388239598177
1757619201944.063,190986,April7,April7,1192.4304025870242,1529.772731105591,1642.9176173674546,-0.6843153723370529,0.1827911726559022,-0.18374891156748796,0.6815689223255741
1757619201944.063,190986,UWB2,UWB2,-1223.059270662258,2021.751370454284,1719.596818835176,0.5006981869862508,0.5013590869411189,-0.49475373744790024,0.5031492132276302
1757619201944.063,190986,UWB3,UWB3,1879.286050818859,-1460.2965937577376,1388.3672976378857,-0.7061163192255614,-4.192838224481211e-05,0.7080944930827842,-0.0013895435189018438
1757619201944.063,190986,UWB4,UWB4,-749.409158734318,-1868.4603250559296,1445.040559164227,-0.13734232050420897,0.5953576132678927,0.09790530682257644,0.7855577319449251
1757619201944.063,190986,UWB1,UWB1,-168.86286934703506,-443.4185864324942,238.44041714220293,0.018431842126036758,0.33905489341368983,0.06667087067468465,0.938220145515727
1757619201944.063,190986,LeftRS,LeftRS,-215.17957730022331,-481.43162184035737,250.64234693591987,-0.0067592142083071054,-0.5509181209575835,0.834505049487148,-0.0066977163499381395
1757619201947.1108,190987,April7,April7,1192.3827778674358,1529.7287330288293,1642.9781006395735,-0.6843597660994251,0.18288535005041062,-0.18377948943134068,0.6814908352616598
1757619201947.1108,190987,UWB2,UWB2,-1223.0620598989499,2021.790853974381,1719.59764310456,0.5006236020413818,0.5011652550018498,-0.49539867817618854,0.5027818074665473
1757619201947.1108,190987,UWB3,UWB3,1879.2614469269868,-1460.3082909536524,1388.3443105797496,-0.7062242178492261,-0.00034373193471777937,0.7079857202378071,-0.0018590080579600641
1757619201947.1108,190987,UWB4,UWB4,-749.4047711941614,-1868.4340759061774,1445.0506006966573,-0.13688216798331737,0.5953684323019548,0.09769718462850181,0.7856557528728241
1757619201947.1108,190987,UWB1,UWB1,-168.85890317255524,-443.41054551163677,238.45820219324128,0.018521822105606496,0.3392655624749421,0.06650623922046846,0.9381539001513554
1757619201947.1108,190987,LeftRS,LeftRS,-215.21714774768557,-480.99793891343796,250.71713809020994,-0.010703673097823548,-0.5649541397651082,0.8250231124259558,-0.007008231408166522
1757619201955.1104,190988,April7,April7,1192.6176758888942,1529.6070422089604,1642.829285853749,-0.684552321527917,0.1829105528328337,-0.18416300112534964,0.6811870798610548
1757619201955.1104,190988,UWB2,UWB2,-1223.0672945942406,2021.7738684771773,1719.5839533215885,0.5005230226798493,0.5015125822346004,-0.49492209350267846,0.5030049254139927
1757619201955.1104,190988,UWB3,UWB3,1879.2772733178708,-1460.2986294849711,1388.3773491952975,-0.7059184257966707,-0.0003225910435608961,0.7082917151132576,-0.001385047901323886
1757619201955.1104,190988,UWB4,UWB4,-749.3931409879801,-1868.4548008010418,1445.2684745246145,-0.1411592708341483,0.5984801107351994,0.09474747085539646,0.7828911380763363
1757619201955.1104,190988,UWB1,UWB1,-168.8642437517445,-443.41698944565485,238.4468420334774,0.01875352375022801,0.33913881901086035,0.0665061288128742,0.9381951298195882
1757619201955.1104,190988,LeftRS,LeftRS,-215.19941292556146,-481.0302969296303,250.73079704790624,-0.01015459101149218,-0.5637898743612754,0.8258190110691475,-0.007798897733797417
1757619201966.5942,190989,April7,April7,1192.4356786124877,1529.764532527967,1642.9633311020946,-0.6843082326804454,0.1828212738012179,-0.18374146781626952,0.6815700239419192
1757619201966.5942,190989,UWB2,UWB2,-1223.0626059489734,2021.7675624632125,1719.616150728612,0.500798353435433,0.5014419628103658,-0.49457797753235494,0.5031397333437824
1757619201966.5942,190989,UWB3,UWB3,1879.27394523594,-1460.2995786962895,1388.382054425525,-0.7060639963218123,-0.000273982176809767,0.7081465744002706,-0.001409679751040838
1757619201966.5942,190989,UWB4,UWB4,-749.3639365438576,-1868.4597470435917,1445.2955450195568,-0.14187406475252887,0.5986393659928289,0.09522687978903424,0.7825819449744186
1757619201966.5942,190989,UWB1,UWB1,-168.85035524750162,-443.3964530492292,238.47883166727286,0.018597527121458853,0.33924266622148913,0.06655627845079895,0.9381571335329075
1757619201966.5942,190989,LeftRS,LeftRS,-215.20189711816772,-481.03655444816076,250.73549721732857,-0.009839906720779798,-0.5632647109672849,0.8261771874834145,-0.008203444195117371
1757619201975.894,190990,April7,April7,1192.6195484268487,1529.625562190263,1642.8478339801154,-0.6844890459158951,0.1829611663833595,-0.18426315577879246,0.6812099874775976
1757619201975.894,190990,UWB2,UWB2,-1223.0429090966766,2021.8496287669052,1719.6283152191786,0.5003396642540492,0.5015503031664397,-0.49455758736131217,0.5035080004837618
1757619201975.894,190990,UWB3,UWB3,1879.2601876892622,-1460.3082236158732,1388.3827225629573,-0.7062248451857983,-0.0004940546318236066,0.7079852686192818,-0.0017559528466301372
1757619201975.894,190990,UWB4,UWB4,-749.3471282093258,-1868.4549751684985,1445.2985054154235,-0.14192535737133993,0.5987612622020015,0.09505264114640796,0.7825005681993948
1757619201975.894,190990,UWB1,UWB1,-168.86265415658477,-443.415474338272,238.46884094572258,0.018928877304392414,0.33915814217758744,0.06658707660662552,0.9381788813587877
1757619201975.894,190990,LeftRS,LeftRS,-215.21394757687477,-481.0259758400263,250.73926915569555,-0.009708018166557718,-0.5635262666089592,0.826004358945324,-0.007791035128305256
1757619201986.0325,190991,April7,April7,1192.4081774953984,1529.7462334690968,1642.9726734173998,-0.6842754340383447,0.18291379415993111,-0.18382648791172765,0.6815552043816355
1757619201986.0325,190991,UWB2,UWB2,-1223.0460230373599,2021.78670824415,1719.643606070486,0.5006420639546231,0.5011606075451867,-0.49544155914915805,0.5027258007224673
1757619201986.0325,190991,UWB3,UWB3,1879.2583542831292,-1460.300718363864,1388.3714493720454,-0.7061805956271208,-0.00039236712964999605,0.7080293335606626,-0.0018097583829878455
1757619201986.0325,190991,UWB4,UWB4,-749.3846285113683,-1868.4440439383363,1445.280372047804,-0.14154557217794608,0.5988062016080353,0.09463146802764934,0.7825860139125327
1757619201986.0325,190991,UWB1,UWB1,-168.84961950076928,-443.42206460054547,238.47525949728777,0.018888187107358498,0.3393308766135906,0.0666987493755989,0.938109305676146
1757619201986.0325,190991,LeftRS,LeftRS,-215.22279076639586,-481.0132497122148,250.74335338505207,-0.009723532603118843,-0.5632562889855995,0.8261880882446928,-0.007813365117975627
1757619201996.1062,190992,April7,April7,1192.3983626946497,1529.7827383062488,1642.9464756732255,-0.6843301479380778,0.18280830649687102,-0.18382128053666996,0.6815299762451053
1757619201996.1062,190992,UWB2,UWB2,-1223.0669872261276,2021.8125211712702,1719.5697282267395,0.5008470750819508,0.5010462939215585,-0.49496345185319807,0.5031063506445661
1757619201996.1062,190992,UWB3,UWB3,1879.2709115454993,-1460.2966693161686,1388.3650439423993,-0.7061496411078015,-0.00020081210004074988,0.7080606688586071,-0.0016532553721668323
1757619201996.1062,190992,UWB4,UWB4,-749.4495917948925,-1868.450352754943,1445.0604653006058,-0.13634123864596673,0.5950208041095736,0.09742930889640412,0.7860463339328345
1757619201996.1062,190992,UWB1,UWB1,-168.84963327423063,-443.4215744123155,238.47231033296484,0.01864906986012423,0.33936410942882617,0.06686773731402915,0.9380900378596044
1757619201996.1062,190992,LeftRS,LeftRS,-215.17446557142713,-481.4138618774019,250.64713285853387,-0.006464663311025907,-0.5512711736300573,0.8342767850278847,-0.006367669616988794
1757619202005.987,190993,April7,April7,1192.4123020277418,1529.773663281951,1642.929181983363,-0.6843257167200529,0.1828134598896634,-0.18381560186367324,0.6815345749338414
1757619202005.987,190993,UWB2,UWB2,-1223.0576910682412,2021.8023078382357,1719.564141935726,0.5009107756906194,0.5004210046828675,-0.49545372567871315,0.5031826890705741
1757619202005.987,190993,UWB3,UWB3,1879.2830992512463,-1460.2988880769096,1388.373374403362,-0.705948777251106,-0.0004808498239749277,0.7082615705182775,-0.0012807841731661477
1757619202005.987,190993,UWB4,UWB4,-749.3569676153105,-1868.4495735623548,1445.0606528250553,-0.13805972027670507,0.5957091205895997,0.09837375384729892,0.7851068474019792
1757619202005.987,190993,UWB1,UWB1,-168.83996531197127,-443.4331870135575,238.45310906707215,0.018836539555298976,0.3394627387550995,0.06674430276821548,0.9380593967454586
1757619202005.987,190993,LeftRS,LeftRS,-215.17920465495664,-481.424629795346,250.6551031566599,-0.0064158797237633194,-0.5507245636560356,0.8346373363445514,-0.006465930165998876
1757619202013.981,190994,April7,April7,1192.635778005135,1529.609580117103,1642.7845635958595,-0.6844513100121448,0.1829774156819958,-0.1843620804752103,0.6812167737628377
1757619202013.981,190994,UWB2,UWB2,-1223.0883229808685,2021.7069657692653,1719.5202712884422,0.4999565755909511,0.5018388506263468,-0.4933953382187501,0.5047397653736051
1757619202013.981,190994,UWB3,UWB3,1879.2620157806439,-1460.312998610017,1388.355511678506,-0.7059718320820652,-0.0007196154515588765,0.7082369780410102,-0.0019071957508224827
1757619202013.981,190994,UWB4,UWB4,-749.4250768595776,-1868.4594915423654,1445.0759800612154,-0.13725793436812428,0.595182409339929,0.09766456220973159,0.7857351922586225
1757619202013.981,190994,UWB1,UWB1,-168.8486141803976,-443.4293485224747,238.43975831673987,0.018713309584406188,0.3393753622406,0.06675832856170737,0.9380924800445354
1757619202013.981,190994,LeftRS,LeftRS,-215.16793329753992,-481.4335908218948,250.64874556004438,-0.006704448183617522,-0.5503549610724381,0.8348757054452473,-0.006857379587664544
1757619202026.0322,190995,April7,April7,1192.646466007789,1529.6124655655194,1642.8223789837616,-0.684495380441644,0.18296450803678277,-0.184259460298614,0.681203724478493
1757619202026.0322,190995,UWB2,UWB2,-1223.0582437249666,2021.7812034008762,1719.5798871818404,0.5004660246598193,0.50054852116378,-0.49525173777089765,0.5036969846612706
1757619202026.0322,190995,UWB3,UWB3,1879.2666853691996,-1460.3062575106665,1388.3319974898895,-0.7062384069152553,-0.00022621022678585102,0.7079717165391471,-0.0018193425596286258
1757619202026.0322,190995,UWB4,UWB4,-749.4004565296462,-1868.4532611889006,1445.0238711928541,-0.13721509863493733,0.5954273838542601,0.09778916751725665,0.7855415494926784
1757619202026.0322,190995,UWB1,UWB1,-168.85156116749732,-443.4186241457301,238.43519637029135,0.018837565946403435,0.33932866000232387,0.06648771545640592,0.9381261057574458
1757619202026.0322,190995,LeftRS,LeftRS,-215.16428195607196,-481.4602712269675,250.6688041819123,-0.006073213465994219,-0.5490123392569379,0.8357597245156165,-0.007365480256049964
1757619202046.0295,190997,April7,April7,1192.6667705919285,1529.5993790888338,1642.8229896407886,-0.6845147869481879,0.18305711887137574,-0.1842635848019557,0.6811582261088246
1757619202046.0295,190997,UWB2,UWB2,-1223.0679849684616,2021.8848130370218,1719.5968382702133,0.501263513265875,0.5004375476855804,-0.49612560489569396,0.5021519046082334
1757619202046.0295,190997,UWB3,UWB3,1879.280035113011,-1460.291533748862,1388.35893439961,-0.7061298426267307,6.354269433621203e-05,0.7080806944078528,-0.0015399744048738347
1757619202046.0295,190997,UWB4,UWB4,-749.3365411598672,-1868.4356368886472,1445.288781911735,-0.1418984749349471,0.5988245125357683,0.09541041423274904,0.7824134960833504
1757619202046.0295,190997,UWB1,UWB1,-168.86070574917534,-443.40772895313086,238.4672950163877,0.01884141793103159,0.3390981658715666,0.06645953354284413,0.9382113649248528
1757619202046.0295,190997,LeftRS,LeftRS,-215.22098289182878,-480.9927480150093,250.69836657251813,-0.0104902577532009,-0.564932101610203,0.8250405957812048,-0.007049140057148782
1757619202056.007,190998,April7,April7,1192.6079566065353,1529.5803841353247,1642.8482975939878,-0.6845282426049497,0.18306034095019538,-0.1842560498552296,0.6811458762549507
1757619202056.007,190998,UWB2,UWB2,-1223.0351411245917,2021.880269729021,1719.6179897795446,0.5011976513820208,0.5001247906201525,-0.49689020638769865,0.5017730870147233
1757619202056.007,190998,UWB3,UWB3,1879.2646738276264,-1460.3032996988861,1388.377094241111,-0.7061851287906147,-0.00022785203753626553,0.7080255447155769,-0.0015297021417858823
1757619202056.007,190998,UWB4,UWB4,-749.4116624401006,-1868.449255807658,1445.2830372722096,-0.1413419948719609,0.5983950046703074,0.09437839057920837,0.7829678015492821
1757619202056.007,190998,UWB1,UWB1,-168.85204456838594,-443.4075454098284,238.49587496073855,0.01858529202124996,0.33930605331464025,0.06659586172673039,0.9381316433770911
1757619202056.007,190998,LeftRS,LeftRS,-215.1672678692372,-481.423404829936,250.6973447693868,-0.006906382766778821,-0.5518167979776686,0.8339123626148608,-0.0063792495524650624
1757619202066.9207,190999,April7,April7,1192.6466972023084,1529.588938493158,1642.8564729159527,-0.6845527632013595,0.1829326901248956,-0.1842247025473087,0.6811640068650193
1757619202066.9207,190999,UWB2,UWB2,-1223.0657632460895,2021.9166021593337,1719.576299218254,0.5014657298573785,0.4998002640638594,-0.49654102361362007,0.5021741029653377
1757619202066.9207,190999,UWB3,UWB3,1879.247381694031,-1460.3058326984485,1388.3961864372534,-0.7060030224100586,-0.000631840136477498,0.7082064657104604,-0.0017131992886661141
1757619202066.9207,190999,UWB4,UWB4,-749.3962026374847,-1868.4603811778127,1445.2953207515718,-0.14128973378025605,0.5984070152924452,0.09469164071939878,0.7829302321120063
1757619202066.9207,190999,UWB1,UWB1,-168.8588672585418,-443.3993722795256,238.48976223685804,0.018388541417349927,0.3392977129987511,0.06667578101986497,0.9381328603794616
1757619202066.9207,190999,LeftRS,LeftRS,-215.22855034639787,-480.98855111982385,250.71393323032333,-0.010376526520351623,-0.5655081914884781,0.8246500802703169,-0.006712538041840493
1757619202075.9849,191000,April7,April7,1192.4106617082298,1529.718126244229,1642.9606521088758,-0.6843654731959612,0.18293726210811342,-0.1837848627990277,0.6814697215838708
1757619202075.9849,191000,UWB2,UWB2,-1223.090544118282,2021.8117086509471,1719.5899834514664,0.5006355801742356,0.5011028379717284,-0.49522979021100444,0.5029984259695559
1757619202075.9849,191000,UWB3,UWB3,1879.2641171373473,-1460.309539686435,1388.3695832616888,-0.7061970043888386,-0.00035502160782313055,0.7080134329903536,-0.001625932687094497
1757619202075.9849,191000,UWB4,UWB4,-749.3899729904396,-1868.440707684108,1445.0882458890135,-0.13750951194062153,0.5954503246219577,0.09768530803875777,0.7854855986119864
1757619202075.9849,191000,UWB1,UWB1,-168.8633525076765,-443.41694600107195,238.45577002636625,0.018969524885129697,0.3391314998905826,0.06647460525566581,0.938195667099193
1757619202075.9849,191000,LeftRS,LeftRS,-215.2240484208021,-481.0244054461535,250.72972488311936,-0.009938457305381999,-0.5636557006305986,0.8259123823640263,-0.007887640382048361
1757619202087.3828,191001,April7,April7,1192.422971063324,1529.7644730103498,1642.9498182696213,-0.6843246153480014,0.18289657786951052,-0.18370586371682637,0.6815429687616819
1757619202087.3828,191001,UWB2,UWB2,-1223.040008084302,2021.8101166837394,1719.5650619639314,0.500692697310029,0.5007805627322898,-0.49553606727744853,0.5029608900075025
1757619202087.3828,191001,UWB3,UWB3,1879.2850335898015,-1460.2916236407075,1388.355182326825,-0.7059179296916319,-0.0003756731326206828,0.7082919159059227,-0.0015156753924749418
1757619202087.3828,191001,UWB4,UWB4,-749.3446121628297,-1868.4499960689,1445.2833528803349,-0.1419317785077645,0.5989106078662555,0.09532826272689497,0.7823515682609498
1757619202087.3828,191001,UWB1,UWB1,-168.86007636167633,-443.39593816474644,238.4494594841119,0.018774400847463547,0.3393258944641081,0.06631884184603021,0.9381403255564452
1757619202087.3828,191001,LeftRS,LeftRS,-215.22226214711958,-481.00779136236474,250.6946470874941,-0.01030916867304844,-0.5644264932508909,0.8253876398212255,-0.007190186932175673
1757619202096.6543,191002,April7,April7,1192.4209138997023,1529.764918419383,1642.9637355678271,-0.6843207523735805,0.18288439230078718,-0.18375854381456835,0.6815359157805096
1757619202096.6543,191002,UWB2,UWB2,-1223.058912127196,2021.7998400851136,1719.5676925990676,0.5004725828772343,0.5002551065002601,-0.4955250293827325,0.5037131797599161
1757619202096.6543,191002,UWB3,UWB3,1879.280963982593,-1460.2962095796865,1388.3655887145046,-0.7059819085057499,-0.00038118737865635536,0.7082282776055489,-0.001451329955285193
1757619202096.6543,191002,UWB4,UWB4,-749.3919778456714,-1868.4408437393079,1445.050244646049,-0.1363354718116229,0.5954473782739104,0.09715155436164355,0.7857586361712773
1757619202096.6543,191002,UWB1,UWB1,-168.8459763781339,-443.4122121904562,238.43535710078552,0.018746952148290745,0.33924198720373305,0.06655040827535738,0.9381548214775615
1757619202096.6543,191002,LeftRS,LeftRS,-215.1903155359034,-481.00970349016825,250.70048592747452,-0.009862669506109544,-0.5636876365878747,0.8258925169397071,-0.007779882466010047
1757619202106.8364,191003,April7,April7,1192.637249875186,1529.628751318057,1642.8085789776042,-0.684484040083243,0.1829931359442549,-0.18428191230892826,0.6812013563289298
1757619202106.8364,191003,UWB2,UWB2,-1223.0022178962809,2021.9385437178248,1719.577550723315,0.5015226115885606,0.49920602286918814,-0.49756669691694944,0.5016929328938908
1757619202106.8364,191003,UWB3,UWB3,1879.2634613459122,-1460.3273057039937,1388.3709378144188,-0.7060862275310861,-0.0010643728684300799,0.7081222049527786,-0.0020122758587129874
1757619202106.8364,191003,UWB4,UWB4,-749.3962480578543,-1868.4615170977495,1445.0551336038498,-0.13751044552103445,0.5954290571780608,0.09808678439915501,0.7854515248994592
1757619202106.8364,191003,UWB1,UWB1,-168.83863928053768,-443.42611548249334,238.43177086461583,0.01898802186117234,0.3393275136160141,0.06667153364390792,0.9381104413290274
1757619202106.8364,191003,LeftRS,LeftRS,-215.20731897094586,-481.0081962860786,250.70347447748435,-0.009476317469572646,-0.5632071205535185,0.8262239057689973,-0.007873772974478159
1757619202115.0955,191004,April7,April7,1192.6189355689696,1529.618576233934,1642.815796921365,-0.6844566377690131,0.18298351369857696,-0.18438009621315288,0.6812049066535628
1757619202115.0955,191004,UWB2,UWB2,-1222.9725191745636,2021.933207438783,1719.604436054987,0.5020301354121378,0.4999280424509522,-0.4969190699658254,0.5011079059579172
1757619202115.0955,191004,UWB3,UWB3,1879.2812379859681,-1460.3083812738748,1388.3752132360585,-0.7060102505531247,-0.0007344161037163032,0.7081988872882984,-0.0018228523025208654
1757619202115.0955,191004,UWB4,UWB4,-749.3742064965459,-1868.4518113115141,1445.2911062078065,-0.14189131547722636,0.5987420253662614,0.09516024368192731,0.7825083831339098
1757619202115.0955,191004,UWB1,UWB1,-168.8312833354716,-443.41260030459665,238.47488308267293,0.018818020357711813,0.3394719235853721,0.06677952456500344,0.9380539378446936
1757619202115.0955,191004,LeftRS,LeftRS,-215.16618277090208,-481.33895094992084,250.64311096767585,-0.007071888108919154,-0.5529935713999905,0.8331330853695303,-0.006112319650145551
1757619202127.1392,191005,April7,April7,1192.671274818111,1529.622252289453,1642.816048823355,-0.684464036013942,0.18288976525389058,-0.18433709768831594,0.6812342853855273
1757619202127.1392,191005,UWB2,UWB2,-1223.0443374663753,2021.8498452117644,1719.609825601274,0.500828179659586,0.49999034189266217,-0.4964887423953553,0.5026725784719142
1757619202127.1392,191005,UWB3,UWB3,1879.2738857121121,-1460.2895719217106,1388.3773525776794,-0.70606326079491,-0.00022508120649650096,0.7081475011258687,-0.001318234917363981
1757619202127.1392,191005,UWB4,UWB4,-749.3877458564458,-1868.4672468471088,1445.2924596970163,-0.1413934233689962,0.5987613592526057,0.094701897749186,0.7826393071247256
1757619202127.1392,191005,UWB1,UWB1,-168.83692148673956,-443.4062978962857,238.4768534926806,0.018498813021039257,0.33962790541978743,0.0667630341543675,0.9380049984128461
1757619202127.1392,191005,LeftRS,LeftRS,-215.23082328797096,-481.00663766797834,250.7171280935796,-0.009488159840813514,-0.5635231397453013,0.8260126372464234,-0.0074006015729425325
1757619202149.0864,191006,April7,April7,1192.6611957507237,1529.6262631804602,1642.8151738852541,-0.6844863528810388,0.18292060815773334,-0.18429099100421198,0.6812160556427782
1757619202149.0864,191006,UWB2,UWB2,-1223.0262545812602,2021.7907991540253,1719.593340022174,0.5007762615994088,0.500625293428048,-0.49557132279503313,0.5029975302342772
1757619202149.0864,191006,UWB3,UWB3,1879.245363596122,-1460.3158744178086,1388.367593943921,-0.7060954122538009,-0.0006540144034121601,0.708114169994739,-0.0017785702002116872
1757619202149.0864,191006,UWB4,UWB4,-749.4126622580703,-1868.480106698098,1445.065536515911,-0.13707605781883297,0.5953591424489192,0.09770729643685346,0.7856277299703317
1757619202149.0864,191006,UWB1,UWB1,-168.83853207898147,-443.43823747652476,238.4694706085687,0.01902945326657205,0.33954291926194113,0.06670182243766032,0.9380295052773923
1757619202149.0864,191006,LeftRS,LeftRS,-215.23169922983467,-481.2338094688108,250.53150479406412,-0.007541165449439593,-0.5548324543614526,0.8319132092975331,-0.004948798560234014
1757619202155.083,191007,April7,April7,1192.6543982548624,1529.597571725971,1642.811443751912,-0.6845289772729495,0.18292306914493553,-0.1841774649914396,0.6812032673421158
1757619202155.083,191007,UWB2,UWB2,-1223.0519326026033,2021.7997573665411,1719.5900002234891,0.5009972277224705,0.5003816374691895,-0.4956381590320922,0.5029540834005926
1757619202155.083,191007,UWB3,UWB3,1879.2467864076443,-1460.3142763021124,1388.3724461425286,-0.7062115219420199,-0.0007131968904221204,0.7079986216994564,-0.0016520587766686824
1757619202155.083,191007,UWB4,UWB4,-749.3730032506027,-1868.4299931532405,1445.0895364586918,-0.1375553917580545,0.5955281046440648,0.09808408318068029,0.785368896381784
1757619202155.083,191007,UWB1,UWB1,-168.8533783628038,-443.42849730155257,238.45077977302324,0.01863937666337521,0.33926764680883886,0.06670289160485472,0.9381368566035261
1757619202155.083,191007,LeftRS,LeftRS,-215.24412190828295,-480.99781659861395,250.71226560178582,-0.010139492266462886,-0.5645641074630273,0.8252966414884997,-0.007071973476792649
1757619202158.0896,191008,April7,April7,1192.411997672058,1529.7210232305824,1642.9526544628889,-0.6843634877043039,0.18275477666000195,-0.1836511149911181,0.6815567300435621
1757619202158.0896,191008,UWB2,UWB2,-1223.031657131901,2021.7928563145513,1719.5675078135343,0.5005511011040552,0.5005409480703915,-0.49556588348410935,0.5033108479011014
1757619202158.0896,191008,UWB3,UWB3,1879.2550541294565,-1460.3150562060416,1388.3690408238192,-0.7060904548543588,-0.000569434303413482,0.7081193479431338,-0.0017130022562404214
1757619202158.0896,191008,UWB4,UWB4,-749.3596065718318,-1868.4486248810763,1445.2852677475064,-0.14154664166541794,0.5988559355848434,0.09503430948908215,0.7824989435570996
1757619202158.0896,191008,UWB1,UWB1,-168.875446854023,-443.4140243287811,238.4535612771017,0.018841065174076826,0.33914837896246924,0.06637042119180762,0.9381995302178837
1757619202158.0896,191008,LeftRS,LeftRS,-215.15096115644354,-481.4191309572477,250.67613495024855,-0.006990514051454588,-0.5516178550233655,0.8340419039159163,-0.006555703244604986
1757619202167.087,191009,April7,April7,1192.632557377198,1529.582278287286,1642.8321897420442,-0.6845230597475797,0.182845433636672,-0.1840979831685686,0.6812515399360902
1757619202167.087,191009,UWB2,UWB2,-1223.0966370483732,2021.7741027168731,1719.5919986228182,0.5002292142519663,0.5017008560459354,-0.49437174756183877,0.5036502352469318
1757619202167.087,191009,UWB3,UWB3,1879.2690403658535,-1460.3128364289253,1388.391004449921,-0.7059612103495058,-0.000463991120800802,0.708248962672455,-0.001400381195367196
1757619202167.087,191009,UWB4,UWB4,-749.3647611992812,-1868.460571058813,1445.0590113299527,-0.13762473964399283,0.5956589309487856,0.0978650278866614,0.7852848561736155
1757619202167.087,191009,UWB1,UWB1,-168.86854897522437,-443.4245129087723,238.4513176765717,0.01981517705006776,0.3392074070244754,0.06578121066545857,0.9381996195381839
1757619202167.087,191009,LeftRS,LeftRS,-215.1910661983535,-481.0454569085418,250.77209244576926,-0.010133914855085925,-0.5637308737618231,0.8258590271376082,-0.007853217987850535
1757619202176.0962,191010,April7,April7,1192.615595313887,1529.5880751445038,1642.8324336896517,-0.6844989548140197,0.18281387112544406,-0.18411286730335896,0.6812802077530067
1757619202176.0962,191010,UWB2,UWB2,-1223.0802904645218,2021.725793581671,1719.580624062694,0.500402927411168,0.5024524750853933,-0.49312819707142036,0.5039474196500924
1757619202176.0962,191010,UWB3,UWB3,1879.268595449251,-1460.3063712560427,1388.3845649299265,-0.7059312929691296,-0.0005899895647442099,0.7082781053002725,-0.0016694524559665981
1757619202176.0962,191010,UWB4,UWB4,-749.4055602576962,-1868.447376088361,1445.0676258418573,-0.13739519120961768,0.595461745867199,0.09733375261311068,0.7855405853573129
1757619202176.0962,191010,UWB1,UWB1,-168.8580727719156,-443.4202164135287,238.46429150288097,0.018690231195899246,0.339173754316342,0.06645537740265174,0.9381873599953651
1757619202176.0962,191010,LeftRS,LeftRS,-215.17057448695797,-481.4402157740828,250.68319604469866,-0.007187535071334361,-0.5510579764176816,0.8344096631880933,-0.006630229587354566
1757619202186.15,191011,April7,April7,1192.4020015622611,1529.727393835067,1642.9678622925262,-0.6843713295967306,0.1827506735675004,-0.1836627341636067,0.6815468249622886
1757619202186.15,191011,UWB2,UWB2,-1223.0532355974005,2021.7654987804297,1719.6361142517053,0.5005790611795602,0.5014469092129425,-0.4945600588255407,0.5033705880997169
1757619202186.15,191011,UWB3,UWB3,1879.25612467731,-1460.3163730827916,1388.3902505893222,-0.7060810901246692,-0.000664943283284783,0.7081285590344205,-0.0017308664374377544
1757619202186.15,191011,UWB4,UWB4,-749.3730824638707,-1868.4337887486424,1445.0651397236566,-0.13787744123021273,0.5956240612755314,0.09799813195355553,0.7852503772447773
1757619202186.15,191011,UWB1,UWB1,-168.84536345156064,-443.42266592014477,238.45488776444594,0.01905665374252625,0.3390460252551119,0.06645591489455871,0.9382261177788512
1757619202186.15,191011,LeftRS,LeftRS,-215.15433437513443,-481.4307466893087,250.67381822651146,-0.00694255108227045,-0.5511007653995073,0.8343825814277914,-0.0067420449748140975
1757619202196.828,191012,April7,April7,1192.4237194474017,1529.7171365149823,1642.972628127223,-0.6843608632884557,0.1828635542512461,-0.18381488990673242,0.6814860347609898
1757619202196.828,191012,UWB2,UWB2,-1223.0330508401037,2021.7902966732474,1719.6000002172277,0.500778353392893,0.5015015084857205,-0.4947672362275456,0.5029141673440964
1757619202196.828,191012,UWB3,UWB3,1879.2724565201172,-1460.297800973951,1388.3767513940506,-0.7061519635097303,-0.0003002139101503128,0.7080584135449178,-0.0016116175771077117
1757619202196.828,191012,UWB4,UWB4,-749.4030160923112,-1868.4638766338958,1445.0672777919265,-0.13726205777731124,0.5953225746377621,0.098009564593968,0.7855853135525799
1757619202196.828,191012,UWB1,UWB1,-168.83806915526046,-443.4209446027282,238.4729557111599,0.018658634772989777,0.3390974121735475,0.06682666671640636,0.9381892117377955
1757619202196.828,191012,LeftRS,LeftRS,-215.19637197849437,-480.99953914719214,250.72518739294628,-0.010142283787231957,-0.564506377772838,0.825331943443353,-0.007540998964804137
1757619202204.8352,191013,April7,April7,1192.4194302046874,1529.7706433675985,1642.9316937871836,-0.6843246685852448,0.1828855046769618,-0.1838058808795968,0.6815189199859556
1757619202204.8352,191013,UWB2,UWB2,-1222.980998994538,2021.888516020007,1719.5892125350247,0.5012304040703516,0.4996008003679357,-0.49704592996998914,0.5021080220504935
1757619202204.8352,191013,UWB3,UWB3,1879.277416563978,-1460.2884850420219,1388.3661199315231,-0.7059652673136569,-0.00028400472538553937,0.7082449926775313,-0.0014110404943682103
1757619202204.8352,191013,UWB4,UWB4,-749.4105541138049,-1868.442818534932,1445.0591459029877,-0.13682829477424058,0.595263437317056,0.09752361003690384,0.7857662524109997
1757619202204.8352,191013,UWB1,UWB1,-168.8317352554865,-443.43461733227264,238.4634423216831,0.01888232644985528,0.33951354286752145,0.06678900531721228,0.9380369079765051
1757619202204.8352,191013,LeftRS,LeftRS,-215.1703116716763,-481.41057952467764,250.6524474360004,-0.006297643840743656,-0.5505314267563555,0.8347625262701597,-0.00685657135364863
1757619202216.8762,191014,April7,April7,1192.6418647819446,1529.620111711132,1642.7844262574192,-0.684436414644809,0.18291150696796743,-0.1843620566014506,0.6812494455135725
1757619202216.8762,191014,UWB2,UWB2,-1223.0519326809572,2021.7997609485428,1719.5899996135297,0.5009972664151814,0.5003815794074632,-0.4956382206350753,0.5029540419162618
1757619202216.8762,191014,UWB3,UWB3,1879.2484375789406,-1460.311966926528,1388.3725977581996,-0.7060968980407906,-0.0008088737735403899,0.7081130256201543,-0.0015681987955932625
1757619202216.8762,191014,UWB4,UWB4,-749.3895888914032,-1868.4745883875134,1445.2985286050518,-0.14138874403512142,0.5984280703451533,0.09491592137836638,0.7828691049926821
1757619202216.8762,191014,UWB1,UWB1,-168.85044494698923,-443.4351544070766,238.43835872804053,0.01904439353963536,0.3393590031394552,0.066836756661899,0.9380861506395992
1757619202216.8762,191014,LeftRS,LeftRS,-215.20598411837403,-481.02436721916314,250.7022554745791,-0.009306713286376314,-0.5627873979139756,0.8265097703569632,-0.00808265683433454
1757619202226.8345,191015,April7,April7,1192.644017925928,1529.6114333970038,1642.7895556381438,-0.684427813349323,0.18289096194406873,-0.18439787995378729,0.6812539073073902
1757619202226.8345,191015,UWB2,UWB2,-1223.0373512199715,2021.895126882373,1719.5839614532117,0.5014477828730195,0.49987227146146795,-0.49669788831803396,0.5019651790872466
1757619202226.8345,191015,UWB3,UWB3,1879.2567846884413,-1460.301408082725,1388.348361054827,-0.7061500115147876,-0.0005079193622645117,0.7080598702448487,-0.0017673156013091006
1757619202226.8345,191015,UWB4,UWB4,-749.432918771489,-1868.481090360309,1445.2821631166064,-0.14006370893335043,0.5981486059489831,0.0935985356980095,0.7834792382420291
1757619202226.8345,191015,UWB1,UWB1,-168.84893204731935,-443.43284363077873,238.43850041511752,0.019064140374642845,0.3393788181334559,0.06674572881987895,0.9380850622616362
1757619202226.8345,191015,LeftRS,LeftRS,-215.15321297155273,-481.4049941770716,250.64165544817251,-0.006257398404807712,-0.5510015868186967,0.8344531545806039,-0.0067844748478276965
1757619202238.8347,191016,April7,April7,1192.6592801867462,1529.6164448948946,1642.8266007851753,-0.6844696879232052,0.18300123362322734,-0.18422369472594935,0.681229348390252
1757619202238.8347,191016,UWB2,UWB2,-1223.03137677997,2021.7751521838848,1719.6050907280796,0.5008760952777654,0.5014536762215697,-0.49490924293274563,0.5027247647002367
1757619202238.8347,191016,UWB3,UWB3,1879.2683390786653,-1460.3035998554064,1388.3762486750836,-0.7059975184515884,-0.0007055404504485209,0.7082123594342886,-0.0015033620289037315
1757619202238.8347,191016,UWB4,UWB4,-749.3948158615702,-1868.4433225362839,1445.066460489654,-0.13729033556851755,0.5953455974141311,0.09791311215021202,0.7855749524190262
1757619202238.8347,191016,UWB1,UWB1,-168.8413607054716,-443.42811883938634,238.45377029370636,0.018914737640109168,0.3394194729854414,0.06670170769919595,0.938076508739187
1757619202238.8347,191016,LeftRS,LeftRS,-215.1935861542523,-481.04357440738687,250.73550878430257,-0.009497084043132046,-0.5624694031076815,0.8267243431201853,-0.008052108721596816
1757619202247.8281,191017,April7,April7,1192.4146083033486,1529.7453885199393,1642.9525508559389,-0.6843094364857881,0.18294218461527922,-0.1838151651174948,0.681516498184395
1757619202247.8281,191017,UWB2,UWB2,-1223.049711686578,2021.9124860614015,1719.622260180862,0.5014846018412075,0.4997949626019965,-0.49658459608651134,0.5021174448308194
1757619202247.8281,191017,UWB3,UWB3,1879.266396679277,-1460.3042307715891,1388.3685127956035,-0.7060262609546044,-0.0007026815387806957,0.7081830453772268,-0.0017886646842528945
1757619202247.8281,191017,UWB4,UWB4,-749.4050914053057,-1868.4484364005602,1445.0592560123325,-0.13746530799373788,0.5953878687566722,0.09796934896075198,0.7855053032919517
1757619202247.8281,191017,UWB1,UWB1,-168.85724910801267,-443.4171565943495,238.45571671531906,0.018908759403938907,0.33914423646704417,0.06658378646423661,0.9381845474473957
1757619202247.8281,191017,LeftRS,LeftRS,-215.20680444675344,-481.03277140351537,250.71155883481984,-0.01022743175376238,-0.5637165243151733,0.8258702878660756,-0.007572811482430516
1757619202255.8306,191018,April7,April7,1192.4036378307892,1529.7294791856968,1642.963041413843,-0.6843567189658605,0.1829176979376379,-0.18373381966155708,0.6814975278752314
1757619202255.8306,191018,UWB2,UWB2,-1223.0706209067948,2021.859538534069,1719.590670954636,0.5011937694641577,0.5007439519922035,-0.4952608127429861,0.5027693580109031
1757619202255.8306,191018,UWB3,UWB3,1879.2579620917807,-1460.312119126818,1388.3793987901145,-0.7060559549269599,-0.000591307683329674,0.7081534724285278,-0.0018161373352955786
1757619202255.8306,191018,UWB4,UWB4,-749.4018580851236,-1868.4295901392643,1445.0779214260642,-0.13728624561733652,0.5953560948011974,0.09772214859731518,0.7855914897839005
1757619202255.8306,191018,UWB1,UWB1,-168.8491720503324,-443.4174560676184,238.46243523287654,0.01894296810353693,0.339098195955569,0.0663638789022651,0.9382160801415378
1757619202255.8306,191018,LeftRS,LeftRS,-215.18365960150985,-481.40099237787496,250.6377955030663,-0.0070300545366606,-0.5524972692739879,0.8334657738367173,-0.0056700635587500995
1757619202264.835,191019,April7,April7,1192.6083302345014,1529.5911103161086,1642.8466617433028,-0.684512398304709,0.1828891863813947,-0.184090700015166,0.6812524761348124
1757619202264.835,191019,UWB2,UWB2,-1223.0722095491828,2021.8083960419624,1719.6071072474142,0.5009020919181567,0.500693689370908,-0.4954362412220861,0.5029372273155905
1757619202264.835,191019,UWB3,UWB3,1879.2633601296095,-1460.3130379487052,1388.3936854128756,-0.7059638668439066,-0.0007295982622280645,0.7082453248161851,-0.0017453576113235412
1757619202264.835,191019,UWB4,UWB4,-749.4020305730706,-1868.4733324821661,1445.0472319612627,-0.13727524954213938,0.5953921004746086,0.09801001418823511,0.7855302601901464
1757619202264.835,191019,UWB1,UWB1,-168.86186986056646,-443.41395264931873,238.49689784129154,0.018543274925001855,0.33913352834125576,0.06665260056641174,0.9381908269363972
1757619202264.835,191019,LeftRS,LeftRS,-215.2131402712711,-480.99636274728823,250.71624312757194,-0.01064486705880467,-0.5649404577772038,0.8250342865339346,-0.0068841858796284796
1757619202277.8276,191020,April7,April7,1192.3961875342623,1529.72864436045,1642.984330107193,-0.6843638900212167,0.18272044232108084,-0.18363008190484234,0.6815711987845712
1757619202277.8276,191020,UWB2,UWB2,-1223.0633659697708,2021.7839692858379,1719.6056220172272,0.5005545403484841,0.5016793105218654,-0.49475274161011534,0.5029739021063601
1757619202277.8276,191020,UWB3,UWB3,1879.2607264426713,-1460.3109947223331,1388.381977990061,-0.7060361327022527,-0.0005203537690049353,0.7081736917407712,-0.00165253655002752
1757619202277.8276,191020,UWB4,UWB4,-749.3537863165509,-1868.4634861819281,1445.296267165161,-0.14118502560628143,0.5987255467717303,0.09435718677764046,0.782745954630783
1757619202277.8276,191020,UWB1,UWB1,-168.86490483897427,-443.42483149437965,238.45567728988908,0.018951858949470445,0.3391759082421263,0.06638487409331421,0.9381863241393487
1757619202277.8276,191020,LeftRS,LeftRS,-215.22895992486605,-481.01514231777605,250.72747708450422,-0.0102961583120864,-0.5646260076524191,0.8252504589804924,-0.007289757128294897
1757619202285.875,191021,April7,April7,1192.3992909492588,1529.7250947126677,1642.9609368294987,-0.6843571953113856,0.1827338030874826,-0.18363250122794098,0.6815736870856222
1757619202285.875,191021,UWB2,UWB2,-1223.0620569844373,2021.7908684872443,1719.597642893105,0.5006237393014487,0.501165009665855,-0.4953989837122849,0.5027816142932175
1757619202285.875,191021,UWB3,UWB3,1879.2667649292196,-1460.3060512231464,1388.3786072332193,-0.7059535011577664,-0.000509424744772654,0.7082563805817657,-0.0015146137256800561
1757619202285.875,191021,UWB4,UWB4,-749.3672917347768,-1868.4540191042242,1445.0749018024126,-0.13765997804280763,0.5956462111691638,0.09804611841399029,0.78526573860638
1757619202285.875,191021,UWB1,UWB1,-168.85910263712088,-443.44172254769336,238.45286649776193,0.01986873035888107,0.33924793680871523,0.06604910451606545,0.9381650103886746
1757619202285.875,191021,LeftRS,LeftRS,-215.16880339215044,-481.43332999926423,250.6660520537319,-0.006861590845746487,-0.551301072366199,0.8342538064184889,-0.006374374887568455
1757619202296.8333,191022,April7,April7,1192.6388132053048,1529.5988771621908,1642.8221860085548,-0.6845348179857533,0.18295843807944134,-0.18414359644346517,0.6811970557699211
1757619202296.8333,191022,UWB2,UWB2,-1223.0205879163373,2021.8565347685721,1719.581804342023,0.5007874842696274,0.5007615497876969,-0.49615607115706395,0.5022737489727175
1757619202296.8333,191022,UWB3,UWB3,1879.2553725548778,-1460.3151963437056,1388.367724341614,-0.7060870018627136,-0.0006253979633054569,0.7081225914421986,-0.0017748710085658365
1757619202296.8333,191022,UWB4,UWB4,-749.4113000741525,-1868.4559254852998,1445.0470289766674,-0.13716721698435988,0.5956249186306362,0.09771032433979712,0.7854099588166841
1757619202296.8333,191022,UWB1,UWB1,-168.85377975855346,-443.425244219986,238.4481096833727,0.01853618942121691,0.33925246057845004,0.06671516872882204,0.9381435199023084
1757619202296.8333,191022,LeftRS,LeftRS,-215.16187148221923,-481.42445818745557,250.65503033178473,-0.006877318129617343,-0.5511459974556884,0.8343506893026466,-0.007051187426039899
1757619202305.83,191023,April7,April7,1192.4125359286656,1529.7657815119553,1642.9531225185233,-0.684331738950139,0.1827901861134699,-0.18378846503578933,0.6815420889760736
1757619202305.83,191023,UWB2,UWB2,-1223.0105861283596,2021.895133486157,1719.5814529293998,0.501443488510848,0.5000103495774383,-0.49657851750868404,0.5019500513939577
1757619202305.83,191023,UWB3,UWB3,1879.2461004197376,-1460.3196245241795,1388.365690672203,-0.7062166811933522,-0.0008957820552291071,0.7079928788498073,-0.0018111534221792141
1757619202305.83,191023,UWB4,UWB4,-749.3521536223776,-1868.4507582696751,1445.279122840549,-0.1418207360179114,0.5986705544494761,0.0953846862575722,0.782548533765184
1757619202305.83,191023,UWB1,UWB1,-168.8610783141359,-443.4066137287223,238.44806362914477,0.018692983479409123,0.33916028587211017,0.06665620359189196,0.9381779273562683
1757619202305.83,191023,LeftRS,LeftRS,-215.22375236944282,-480.9843718770819,250.70308441252436,-0.009800497982573871,-0.5643802665090181,0.8254242386440885,-0.007327432929070905
1757619202316.8276,191024,April7,April7,1192.6289108063309,1529.6299069093168,1642.833767298414,-0.6844839858551534,0.18296221497234683,-0.18421922406341382,0.6812266718836902
1757619202316.8276,191024,UWB2,UWB2,-1223.016636498443,2021.9119959033335,1719.6158974591463,0.5020166196553467,0.499473506389718,-0.49667542410899884,0.5018157561204365
1757619202316.8276,191024,UWB3,UWB3,1879.2603004287885,-1460.3027550844884,1388.3820652119816,-0.7060259077865144,-0.000737871820925204,0.7081837587142789,-0.001623875832786282
1757619202316.8276,191024,UWB4,UWB4,-749.4060036571227,-1868.454502094155,1445.044093251261,-0.13736254885915058,0.5953824435610688,0.09791385495500213,0.78553431056703
1757619202316.8276,191024,UWB1,UWB1,-168.85321679320143,-443.42858347473305,238.45081544772157,0.01895469890888695,0.3392182524425178,0.06673382900052881,0.9381462000488229
1757619202316.8276,191024,LeftRS,LeftRS,-215.17294584288678,-481.39497145284327,250.64460852612154,-0.006479859301124432,-0.5514074555092464,0.8341844180559881,-0.0066472629591885395
1757619202326.828,191025,April7,April7,1192.4393218167143,1529.764209189215,1642.954225728257,-0.6843219336365677,0.1828406208928708,-0.18372743792351798,0.6815548598971901
1757619202326.828,191025,UWB2,UWB2,-1223.057346344591,2021.795726782013,1719.5919034041108,0.5011036180052096,0.501257170853124,-0.4946159002342347,0.5029826278569555
1757619202326.828,191025,UWB3,UWB3,1879.281446898853,-1460.2919459494326,1388.3761866814464,-0.7061358682823579,-0.0004672747875594172,0.7080747233788856,-0.0014502728392214775
1757619202326.828,191025,UWB4,UWB4,-749.3797936810072,-1868.4630863644152,1445.2818672304636,-0.14168400961688654,0.5985344328869331,0.09492222030182686,0.7827336367887681
1757619202326.828,191025,UWB1,UWB1,-168.84011078743183,-443.4126323247149,238.44994372521688,0.01891491842191567,0.3391656044920222,0.06665473053572704,0.9381716609916668
1757619202326.828,191025,LeftRS,LeftRS,-215.21258094849603,-481.01359756796995,250.71648213567164,-0.009478644378207087,-0.5630232806137393,0.8263454372050335,-0.008255858411825391
1757619202340.829,191026,April7,April7,1192.6131779258262,1529.6208459899442,1642.8508762464742,-0.6844954799862484,0.1830082287054668,-0.18423804638750302,0.6811976720217116
1757619202340.829,191026,UWB2,UWB2,-1223.0097876445786,2021.7525314181767,1719.593950766368,0.5006665066168117,0.5019099096622045,-0.49446065675627754,0.502919626436617
1757619202340.829,191026,UWB3,UWB3,1879.2642794525973,-1460.2983620603343,1388.3618099394396,-0.706279402827526,-0.0003521760555303861,0.7079312822150777,-0.0016064790490938775
1757619202340.829,191026,UWB4,UWB4,-749.3865407724898,-1868.4479999705445,1445.2915387280507,-0.14166647028318863,0.5985373632158928,0.09470406431640388,0.7827609956008432
1757619202340.829,191026,UWB1,UWB1,-168.84088405598004,-443.4305558168012,238.4497298640582,0.018856513704078388,0.3393105618139568,0.06678350814113179,0.9381112607643021
1757619202340.829,191026,LeftRS,LeftRS,-215.15128317434434,-481.3865316487273,250.6571541623883,-0.007025425189609738,-0.5517021833072477,0.8339858487373858,-0.0065535059856113125
1757619202347.829,191027,April7,April7,1192.6097530407733,1529.6045132823983,1642.8442027745612,-0.6844698710413862,0.18306024103481794,-0.18432212542502702,0.6811866835660128
1757619202347.829,191027,UWB2,UWB2,-1223.0316304044338,2021.8554103916715,1719.5428056601015,0.5009220423895528,0.5005018207612301,-0.4958695458025383,0.5026812393640295
1757619202347.829,191027,UWB3,UWB3,1879.2798124730962,-1460.2897418238363,1388.364851577332,-0.7059663368348437,-0.00015047720982878642,0.7082438334221747,-0.0014768317657368557
1757619202347.829,191027,UWB4,UWB4,-749.3813684316685,-1868.434559258015,1445.296211813193,-0.14179047477076884,0.5985746715705647,0.0946907259331694,0.7827116264887857
1757619202347.829,191027,UWB1,UWB1,-168.86324083869647,-443.42564343560025,238.46885696328297,0.01899592382476005,0.3392341045872635,0.06665506657228662,0.9381452335662989
1757619202347.829,191027,LeftRS,LeftRS,-215.20310809037522,-481.0411641413711,250.742689458506,-0.009656933526608827,-0.5621944292553233,0.8269051433826683,-0.008488297616882308
1757619202355.874,191028,April7,April7,1192.5917086396744,1529.5916660522148,1642.8383404344252,-0.6845224472264378,0.18281876983942152,-0.1841234675517785,0.6812524240942108
1757619202355.874,191028,UWB2,UWB2,-1223.0236724844026,2021.7199642431622,1719.572465852275,0.5000411606204812,0.5019721755527665,-0.49428432717179915,0.5036524362777038
1757619202355.874,191028,UWB3,UWB3,1879.2549395000647,-1460.3170036937238,1388.3673649588334,-0.7060904764693086,-0.0006263286263045229,0.7081191777490555,-0.0017540968611248025
1757619202355.874,191028,UWB4,UWB4,-749.4093739129061,-1868.4595915652694,1445.0706042925756,-0.1374662758692731,0.5954291897137505,0.09760275636850564,0.7855194491447871
1757619202355.874,191028,UWB1,UWB1,-168.8620647796767,-443.4379510676034,238.44182004442402,0.019079102551636324,0.33919748157549084,0.06654134733841972,0.9381648604765884
1757619202355.874,191028,LeftRS,LeftRS,-215.22075052561235,-481.02282178084715,250.70711581204066,-0.010107544314835421,-0.5636241285726954,0.8259333897339132,-0.007727545615610497
1757619202365.8313,191029,April7,April7,1192.6266449548305,1529.5915459591295,1642.8292634910279,-0.6845089919043443,0.18283949026514448,-0.1840827825935897,0.6812713776126821
1757619202365.8313,191029,UWB2,UWB2,-1223.077181820521,2021.8504444829853,1719.5718497398207,0.5013406038076911,0.5008667376135356,-0.4951439388696596,0.50261574779025
1757619202365.8313,191029,UWB3,UWB3,1879.2647892617358,-1460.3100477985215,1388.389047594979,-0.7059401451752927,-0.0005327595064805403,0.708269762006952,-0.0014737108979013657
1757619202365.8313,191029,UWB4,UWB4,-749.398085583014,-1868.4527640694096,1445.0680999526828,-0.13725621800438684,0.5953211340464004,0.09803263165533309,0.785584547396122
1757619202365.8313,191029,UWB1,UWB1,-168.85446306708948,-443.4234263244659,238.45988232888774,0.018987451831741102,0.33927374886588496,0.06655883479622761,0.9381379011179509
1757619202365.8313,191029,LeftRS,LeftRS,-215.15449394568594,-481.440349941754,250.68711837082392,-0.006659634172782025,-0.5502532930815047,0.8349409984652938,-0.007105758750680444
1757619202375.828,191030,April7,April7,1192.616790525172,1529.584079408268,1642.836930812744,-0.6845241385048781,0.18286353957815693,-0.18412923727727193,0.6812371493663514
1757619202375.828,191030,UWB2,UWB2,-1223.0112875189307,2021.8217829940118,1719.640555714391,0.5009721493342851,0.5004867842992391,-0.49562922152726846,0.5028832459940058
1757619202375.828,191030,UWB3,UWB3,1879.2750321811343,-1460.30191420959,1388.390733938117,-0.7058857518269234,-0.00048262894473642047,0.7083240222437402,-0.0014669524499101106
1757619202375.828,191030,UWB4,UWB4,-749.3767560557912,-1868.4546999024988,1445.2872900178186,-0.14186970422294232,0.5985532728776645,0.09502642687116541,0.7826729487769652
1757619202375.828,191030,UWB1,UWB1,-168.86212300470322,-443.4049069991143,238.4553194324847,0.018736848904678405,0.3389870009200608,0.06642596761254053,0.9382560069229953
1757619202375.828,191030,LeftRS,LeftRS,-215.18046745095958,-481.4298527603652,250.67389856896702,-0.006701415630544592,-0.5512847116203915,0.8342660418789062,-0.006358390509511362
1757619202384.829,191031,April7,April7,1192.6101885476803,1529.597471552332,1642.8484004319932,-0.6845275597100656,0.18286710143399248,-0.1840630106592082,0.6812506523428661
1757619202384.829,191031,UWB2,UWB2,-1223.0003096268792,2021.9037087822267,1719.5917034575668,0.5013162424273083,0.49979184087174017,-0.4970284143802954,0.5018494756151597
1757619202384.829,191031,UWB3,UWB3,1879.2781774148868,-1460.311814769684,1388.3715654434252,-0.7059366882289403,-0.0006423827352655862,0.7082714759554808,-0.0021203548340457835
1757619202384.829,191031,UWB4,UWB4,-749.3867268588051,-1868.443275637234,1445.2843280473885,-0.1415870904713458,0.5985113718527257,0.09463166936492595,0.7828039861472568
1757619202384.829,191031,UWB1,UWB1,-168.85279550458745,-443.4145808607293,238.4576028510866,0.018831864894120844,0.33909678914127467,0.06655333979907678,0.9382054047063874
1757619202384.829,191031,LeftRS,LeftRS,-215.21417957964633,-481.0522305397474,250.74507337756472,-0.010097049284464697,-0.5630612245364668,0.8263130490163367,-0.008176309960297142
1757619202395.83,191032,April7,April7,1192.41778207318,1529.7252386632879,1642.9545703983883,-0.6843595140884691,0.18279551781579764,-0.1835800260299231,0.6815689460251999
1757619202395.83,191032,UWB2,UWB2,-1223.020272486716,2021.889011311276,1719.6045848872175,0.5012729631341168,0.4993019177228879,-0.4969677908155857,0.5024400723278997
1757619202395.83,191032,UWB3,UWB3,1879.2723668357019,-1460.3048571730126,1388.38952559371,-0.7060157756389149,-0.00046084344109173785,0.7081941385549164,-0.0016044590253585745
1757619202395.83,191032,UWB4,UWB4,-749.3790708762115,-1868.4250402507666,1445.3044731943044,-0.14174252294318493,0.5985207482324804,0.09474406120675027,0.7827550919610708
1757619202395.83,191032,UWB1,UWB1,-168.8597366547418,-443.4095423921051,238.46501800199962,0.018685451933017093,0.3391640721124087,0.06654759706777039,0.9381844186505622
1757619202395.83,191032,LeftRS,LeftRS,-215.2104305829282,-481.02424684911387,250.7280089456732,-0.0100295263785543,-0.5637208796563135,0.8258658895175799,-0.007981915275834533
1757619202406.8264,191033,April7,April7,1192.6341480116926,1529.6096176157123,1642.843683174506,-0.6844986967358829,0.18306677513574995,-0.18422309964630285,0.6811827504898983
1757619202406.8264,191033,UWB2,UWB2,-1223.0120837453237,2021.864262100156,1719.5841152540702,0.5010893829407415,0.4998764434338747,-0.49700804460576886,0.502011927349458
1757619202406.8264,191033,UWB3,UWB3,1879.2710592916126,-1460.2987844564734,1388.353558997489,-0.7060752759123563,-0.0004219530484135434,0.7081347213175998,-0.001656250391764269
1757619202406.8264,191033,UWB4,UWB4,-749.4072556104006,-1868.454270021866,1445.04465143032,-0.13726868448831733,0.5953760108907622,0.09780745137587336,0.7855688489050505
1757619202406.8264,191033,UWB1,UWB1,-168.85851681007446,-443.4279581542366,238.45724326564962,0.019024788554326436,0.3391306028448781,0.06657362976251077,0.938187850835203
1757619202406.8264,191033,LeftRS,LeftRS,-215.19071343540904,-481.00022402941545,250.70389280423655,-0.010386884262806574,-0.5647456912343383,0.8251645299756081,-0.007610212723337449
1757619202416.8687,191034,April7,April7,1192.4085165053748,1529.7574218727307,1642.9605119669113,-0.6843375416654299,0.18296364761088324,-0.18374418836432663,0.6815016551429436
1757619202416.8687,191034,UWB2,UWB2,-1223.071326269685,2021.917983328568,1719.5504629686807,0.5012343101387444,0.49972754618670706,-0.49652094805583835,0.5024972577673248
1757619202416.8687,191034,UWB3,UWB3,1879.271937399268,-1460.3165680799386,1388.3475916970128,-0.7062237517196417,-0.0005814977912212257,0.7079860040630712,-0.0018688012622033246
1757619202416.8687,191034,UWB4,UWB4,-749.3993200315305,-1868.4335817387782,1445.0660690993084,-0.13757609491623093,0.595469729570569,0.09772536926373115,0.7854542453096941
1757619202416.8687,191034,UWB1,UWB1,-168.855232142825,-443.42010410368505,238.46062873729764,0.018931147601635678,0.33935420308366215,0.06654471711337967,0.9381109407336842
1757619202416.8687,191034,LeftRS,LeftRS,-215.17609810829086,-481.41169643698964,250.66675639056007,-0.006444115765949106,-0.5505623176181369,0.8347427507303684,-0.006644388161358124
1757619202424.867,191035,April7,April7,1192.6305950959813,1529.6217372554897,1642.8327943089528,-0.6844743971216154,0.18294233594965068,-0.18427715334645775,0.6812259773062184
1757619202424.867,191035,UWB2,UWB2,-1223.0296469363855,2021.6957957668872,1719.5702704089535,0.4998823382764759,0.5022377981667354,-0.4939264390294567,0.5038963333857005
1757619202424.867,191035,UWB3,UWB3,1879.2652034229363,-1460.3010578387853,1388.348229499435,-0.7060220011838043,-0.0003358087248828857,0.7081875594580188,-0.00178933110731477
1757619202424.867,191035,UWB4,UWB4,-749.3824264883783,-1868.4901831953446,1445.0476605101069,-0.13727132861042668,0.5955385401873309,0.09801507450649104,0.7854192986313477
1757619202424.867,191035,UWB1,UWB1,-168.84291287397983,-443.44226460064374,238.43338552698876,0.019254385279767975,0.3391715650505058,0.06660562272583435,0.9381660882434372
1757619202424.867,191035,LeftRS,LeftRS,-215.17914226495097,-481.4153957720255,250.6442684410793,-0.006543023986892148,-0.5507163765568911,0.8346395928181336,-0.006738807723616569
1757619202455.8708,191036,April7,April7,1192.6264572909022,1529.6233552200035,1642.814474269007,-0.684485354917185,0.18298153565388736,-0.18425457081352253,0.6812105472230777
1757619202455.8708,191036,UWB2,UWB2,-1223.032926969732,2021.7903130150596,1719.6031927467252,0.5010670744238284,0.5011804455701349,-0.49515354348660073,0.5025663302282893
1757619202455.8708,191036,UWB3,UWB3,1879.2894380442606,-1460.2964360804863,1388.3555764159519,-0.706004095714671,-0.00018197674678728542,0.708206311834253,-0.00141548461599698
1757619202455.8708,191036,UWB4,UWB4,-749.3990000291878,-1868.4525059044279,1445.0740419392996,-0.1374280686909495,0.5953484105851006,0.09798005389912673,0.7855403904240663
1757619202455.8708,191036,UWB1,UWB1,-168.83875318662774,-443.4168400793262,238.46334516151464,0.018663955041431656,0.3394820460145863,0.06672028386350803,0.9380575680293479
1757619202455.8708,191036,LeftRS,LeftRS,-215.2068939484453,-480.9922552060727,250.68804583712867,-0.009962585969934023,-0.5641362438709413,0.8255880145349312,-0.007448186910102225
1757619202459.924,191038,April7,April7,1192.3721661151765,1529.7465428597366,1642.9801032552944,-0.6844194056311856,0.18286759603463665,-0.18369974013271662,0.6814572070138667
1757619202459.924,191038,UWB2,UWB2,-1223.0631200481466,2021.7468573830695,1719.60375035264,0.5006935927454563,0.5018025569784397,-0.4941247152678057,0.5033297981990108
1757619202459.924,191038,UWB3,UWB3,1879.2715658483178,-1460.3006265472693,1388.3636097028186,-0.7058910250362271,-0.0004186826472491265,0.7083183851363416,-0.001658540319298393
1757619202459.924,191038,UWB4,UWB4,-749.3616288493732,-1868.4176127229534,1445.067775469017,-0.13765811297778874,0.5955691888121865,0.09816427318209756,0.785309722809809
1757619202459.924,191038,UWB1,UWB1,-168.85295405438836,-443.40965279267334,238.46274621156712,0.018818101458002435,0.33923837713707305,0.06662252056017595,0.9381495841757488
1757619202459.924,191038,LeftRS,LeftRS,-215.16119717107446,-481.4033340767557,250.6499275882422,-0.007137493663788601,-0.5519998365284781,0.8337882109474274,-0.006515822420948252
1757619202466.9155,191039,April7,April7,1192.38228378252,1529.741068858145,1642.9794854909758,-0.6844114537586772,0.18287722296071493,-0.1836869272356748,0.6814660637543347
1757619202466.9155,191039,UWB2,UWB2,-1223.0625480675174,2021.7859610359335,1719.5759662277296,0.5008695096945395,0.5011305160504148,-0.49496533144009225,0.502998271183705
1757619202466.9155,191039,UWB3,UWB3,1879.2678163057974,-1460.301934206076,1388.3869721330154,-0.7059705628416332,-0.0005146813678341841,0.7082389649820886,-0.0016935126977188025
1757619202466.9155,191039,UWB4,UWB4,-749.3958284219783,-1868.4513012061561,1445.0706389967334,-0.1375113518489541,0.5954756780351743,0.09781691701866888,0.7854496773989952
1757619202466.9155,191039,UWB1,UWB1,-168.85116424495544,-443.4147729499515,238.4681514729967,0.01870255057150841,0.3391434016726966,0.06657562477955925,0.9381895618099807
1757619202466.9155,191039,LeftRS,LeftRS,-215.21785743712286,-481.0260962756052,250.74664588087484,-0.009916496597063926,-0.5629606807105362,0.8263841627180848,-0.00813330670146142
1757619202476.368,191040,April7,April7,1192.5928807797654,1529.571121499112,1642.8501793311823,-0.6844734529733004,0.1829523490537611,-0.18414363848343882,0.6812603397795871
1757619202476.368,191040,UWB2,UWB2,-1223.0648332140654,2021.734580554045,1719.6112115686858,0.5003972001361153,0.5015944592403863,-0.49435068130409937,0.5036100122609296
1757619202476.368,191040,UWB3,UWB3,1879.2351710559844,-1460.294779002321,1388.3557484741286,-0.7061008805063037,-0.000539069431262347,0.7081078212255176,-0.002137632246539552
1757619202476.368,191040,UWB4,UWB4,-749.3840698716785,-1868.456354944772,1445.3001632208998,-0.1414093442933057,0.5984911878022559,0.09500765585257877,0.7828060045751951
1757619202476.368,191040,UWB1,UWB1,-168.8519068269638,-443.41299645806333,238.47914047353535,0.018629594334637907,0.33939217179062475,0.06651089096622458,0.9381056408129359
1757619202476.368,191040,LeftRS,LeftRS,-215.21931022329426,-481.0142324471044,250.72130163763202,-0.010154638717375642,-0.5642337877237481,0.8255190015265267,-0.00744944441408604
1757619202487.1018,191041,April7,April7,1192.3699605918903,1529.733322216443,1642.972847791532,-0.6843841693598687,0.18274916082281964,-0.18362655071631936,0.6815440872168027
1757619202487.1018,191041,UWB2,UWB2,-1223.0736425401174,2021.74308197748,1719.5810359964912,0.5003669935747458,0.5018098794880556,-0.4944573456072591,0.5033206234242511
1757619202487.1018,191041,UWB3,UWB3,1879.27094702813,-1460.3060413348992,1388.371478556503,-0.7060279127386688,-0.00025043058153048696,0.7081820825743023,-0.0016314530721896461
1757619202487.1018,191041,UWB4,UWB4,-749.3850908448991,-1868.4685073381547,1445.2966876178232,-0.14172745045918933,0.598518369549893,0.09493121152218457,0.7827369648717288
1757619202487.1018,191041,UWB1,UWB1,-168.86772935434266,-443.42966708736753,238.45382431634008,0.019224578422780636,0.33916615479616646,0.06627858108136236,0.9381918165892785
1757619202487.1018,191041,LeftRS,LeftRS,-215.20517263871352,-481.028688940827,250.72748894311968,-0.010219065484128287,-0.5640485247079864,0.8256424816527204,-0.007702270166157069
1757619202496.3188,191042,April7,April7,1192.5971823084667,1529.5924516454832,1642.8262661602887,-0.6845504620461798,0.1828388184374025,-0.18408237516170167,0.6812299982675476
1757619202496.3188,191042,UWB2,UWB2,-1223.0740866584358,2021.7544225634456,1719.601935693479,0.4997833453089769,0.5015854815085711,-0.49458664590076434,0.5039966886679067
1757619202496.3188,191042,UWB3,UWB3,1879.255284073148,-1460.3144205754047,1388.3869466732801,-0.706027089654531,-0.0005824962484021242,0.7081828988088924,-0.0015463527112878235
1757619202496.3188,191042,UWB4,UWB4,-749.428818074829,-1868.4182560846036,1445.0704669800648,-0.13722921115234687,0.5952607987376587,0.09726568136641575,0.785730305079953
1757619202496.3188,191042,UWB1,UWB1,-168.86475141302867,-443.4095167270912,238.46321551130566,0.018390065990799138,0.33921583298236757,0.06650987428931328,0.9381742166298072
1757619202496.3188,191042,LeftRS,LeftRS,-215.2037881516092,-481.03753504634284,250.70614163618345,-0.010051021338681415,-0.5635275296862954,0.8259980516803465,-0.007932141954265845
1757619202506.9065,191043,April7,April7,1192.6227759358853,1529.5991803894285,1642.8322287025194,-0.6845594691344172,0.18298563359978717,-0.18413577505077883,0.6811670921741143
1757619202506.9065,191043,UWB2,UWB2,-1223.0860856999109,2021.8229017225724,1719.5571744975737,0.5006556127250807,0.5012974246640001,-0.4950379403661653,0.5029734456908636
1757619202506.9065,191043,UWB3,UWB3,1879.261894901985,-1460.3133651547316,1388.3858224207336,-0.7059566513078105,-0.0006137245866152113,0.7082530842784199,-0.0015486854102130816
1757619202506.9065,191043,UWB4,UWB4,-749.4105834672724,-1868.4706850845935,1445.290965189046,-0.1414830937483115,0.5983633117476328,0.09464404008614319,0.7829344717241568
1757619202506.9065,191043,UWB1,UWB1,-168.8634999982311,-443.4062594732299,238.4606300736557,0.018828643898616115,0.3392473397508628,0.06635218098412747,0.938165290724162
1757619202506.9065,191043,LeftRS,LeftRS,-215.22668127890063,-481.0151591032912,250.72665556236674,-0.010098379511706905,-0.5640341298069044,0.8256544503193867,-0.007632287468201569
1757619202517.8706,191044,April7,April7,1192.4141414116375,1529.7602234103622,1642.96449148064,-0.6843287672974443,0.18289241636631318,-0.1837506396619802,0.681527845879143
1757619202517.8706,191044,UWB2,UWB2,-1223.0156873564113,2021.8871462075872,1719.5682057261836,0.5008890105189614,0.4995664840850245,-0.49711269853649953,0.502416651867772
1757619202517.8706,191044,UWB3,UWB3,1879.2639351724465,-1460.3119645529403,1388.3791322930592,-0.706024260877385,-0.0005513887316277266,0.7081854609448319,-0.0016709067493010199
1757619202517.8706,191044,UWB4,UWB4,-749.3665532895201,-1868.469838889833,1445.0497323475709,-0.13768013074954466,0.5956493978121429,0.09834070240437123,0.7852229509721649
1757619202517.8706,191044,UWB1,UWB1,-168.85331190165266,-443.40893162445417,238.459790157932,0.01883663575471462,0.3390880332343997,0.06645331407110815,0.9382155636737421
1757619202517.8706,191044,LeftRS,LeftRS,-215.15833000441071,-481.4347074151515,250.67215704997258,-0.006419437431642586,-0.5506839101590227,0.8346585949430796,-0.007145054420704062
1757619202526.5374,191045,April7,April7,1192.6150236564868,1529.6228833666928,1642.8511791534333,-0.6845043771204274,0.18302663216115533,-0.1842498513394404,0.6811805941922561
1757619202526.5374,191045,UWB2,UWB2,-1223.0382507254285,2021.7167748301547,1719.6048236388388,0.5002030791921616,0.5014112000566873,-0.49481002696440796,0.5035342344268904
1757619202526.5374,191045,UWB3,UWB3,1879.2677620817183,-1460.3075009333897,1388.3806553633926,-0.7060135085049386,-0.00040313914710735945,0.7081965442160392,-0.0015550073423966164
1757619202526.5374,191045,UWB4,UWB4,-749.3809846118601,-1868.4366698488786,1445.2929816621463,-0.14175292369617282,0.5984813435086952,0.0950093419944339,0.782751183345895
1757619202526.5374,191045,UWB1,UWB1,-168.86012478520362,-443.42445227546233,238.46325823545948,0.01913912969251155,0.33918009384412456,0.06654086750775233,0.9381699582729239
1757619202526.5374,191045,LeftRS,LeftRS,-215.22757591818228,-480.9826458864639,250.70933495049673,-0.010241640905978192,-0.5650172433545155,0.8249834417030116,-0.0072762916015528005
1757619202536.5344,191046,April7,April7,1192.422001430942,1529.7635636872249,1642.9523169179445,-0.6843286538409146,0.18290289924519992,-0.18377292547576046,0.6815191375464541
1757619202536.5344,191046,UWB2,UWB2,-1223.0729315412054,2021.7228671332468,1719.60866644379,0.5003097863045906,0.5022558747569738,-0.4939399994995797,0.5034405932126623
1757619202536.5344,191046,UWB3,UWB3,1879.2529480873704,-1460.3223594594315,1388.3971967840328,-0.7060033560294069,-0.000844598417639735,0.7082062019211571,-0.001588549381328034
1757619202536.5344,191046,UWB4,UWB4,-749.3782902466224,-1868.4509499599246,1445.3049759226976,-0.1416598313640768,0.5985012883760402,0.09490165816701208,0.782765849579089
1757619202536.5344,191046,UWB1,UWB1,-168.82891115426682,-443.41505127903326,238.4578721613061,0.018793588410104207,0.33931094515195465,0.06665551997826125,0.9381214874370943
1757619202536.5344,191046,LeftRS,LeftRS,-215.151700013435,-481.426676583948,250.667786312712,-0.006197977040066994,-0.5501474171535486,0.8350149804210178,-0.007027585102816606
1757619202547.7793,191047,April7,April7,1192.4195201624514,1529.7745986111022,1642.9449089464233,-0.6843124986703111,0.18285154353948765,-0.18372669052430352,0.681561604242646
1757619202547.7793,191047,UWB2,UWB2,-1223.0714965193513,2021.7748411808059,1719.5605455268726,0.5005688990571278,0.5011741924463946,-0.49487349357381644,0.5033442474892161
1757619202547.7793,191047,UWB3,UWB3,1879.2824735209408,-1460.2881553721022,1388.34949507129,-0.7061057721154891,0.00012388006437589647,0.7081047474648523,-0.0015132272322656971
1757619202547.7793,191047,UWB4,UWB4,-749.3959542450862,-1868.4790061372507,1445.0648826835713,-0.13632666884862615,0.5954743529509468,0.0969255922588981,0.7857676271669317
1757619202547.7793,191047,UWB1,UWB1,-168.85462449166627,-443.40845297936403,238.45056359538233,0.019010544996022023,0.3392138861708076,0.06658596191556158,0.9381571554295325
1757619202547.7793,191047,LeftRS,LeftRS,-215.18039996667068,-481.3895770361244,250.64785079317463,-0.006388987611008799,-0.5513889765123268,0.8341994771474028,-0.006372577578578222
1757619202557.7422,191048,April7,April7,1192.3998525407296,1529.7725406121074,1642.9533211682904,-0.6843355046709834,0.18286510034188955,-0.18378663567525394,0.6815187045641761
1757619202557.7422,191048,UWB2,UWB2,-1223.0862133824855,2021.831720578913,1719.5964694933216,0.500289740413487,0.5006742508280565,-0.4956438704564782,0.5033613253654796
1757619202557.7422,191048,UWB3,UWB3,1879.2908988742915,-1460.2887393906653,1388.3433314769466,-0.7060713636128045,4.850982450065365e-05,0.7081389330029864,-0.0015743881807563907
1757619202557.7422,191048,UWB4,UWB4,-749.4347917520607,-1868.4366522076982,1445.0817181555574,-0.1370382652976984,0.5954232507216475,0.09748258843792112,0.7856136526917712
1757619202557.7422,191048,UWB1,UWB1,-168.85172499093053,-443.41164104881506,238.4635172723859,0.018932718242285134,0.3392159971054696,0.06658834263330832,0.9381577970219347
1757619202557.7422,191048,LeftRS,LeftRS,-215.2066770904441,-481.0085797118492,250.7166953141158,-0.00958521692555604,-0.5634202285171556,0.8260765648455208,-0.007954792718246416
1757619202566.4324,191049,April7,April7,1192.4240634545556,1529.7742816357,1642.9351114081956,-0.6843050944410121,0.18281972197161747,-0.1837314648419372,0.6815762875917369
1757619202566.4324,191049,UWB2,UWB2,-1223.0156918471341,2021.887129932221,1719.5682064314276,0.5008888422008053,0.49956678276378386,-0.4971123283171094,0.5024168890004811
1757619202566.4324,191049,UWB3,UWB3,1879.2550912305164,-1460.3142372904822,1388.3501161705988,-0.7062280974604365,-0.0005803874489134452,0.707981730509908,-0.00184574429903541
1757619202566.4324,191049,UWB4,UWB4,-749.3782204158641,-1868.457243870814,1445.293754162141,-0.14160936436731109,0.5984795182581719,0.09505103247609793,0.782773501962209
1757619202566.4324,191049,UWB1,UWB1,-168.84950352112497,-443.4085381810806,238.45009082579483,0.018915294148269382,0.33901097013118936,0.06647067059246703,0.9382406001282305
1757619202566.4324,191049,LeftRS,LeftRS,-215.2012121929657,-481.27565788390916,250.5432746579227,-0.007535424502145599,-0.5542414535724196,0.8323033742827567,-0.005542713869709699
1757619202576.669,191050,April7,April7,1192.424522121765,1529.7771220806521,1642.943164295478,-0.6843263760836347,0.18282287442403056,-0.183750131351159,0.6815490421180319
1757619202576.669,191050,UWB2,UWB2,-1223.0365579339286,2021.7585014745712,1719.5913781574186,0.5007784939997244,0.5017954058366619,-0.49443895043220193,0.5029437293814194
1757619202576.669,191050,UWB3,UWB3,1879.2782747104657,-1460.2978493259945,1388.3601518615983,-0.7060561654366364,-0.00021118477953470724,0.7081540087774352,-0.0015957764099344817
1757619202576.669,191050,UWB4,UWB4,-749.3777676862456,-1868.428721705083,1445.2868179918084,-0.14171186304276323,0.5985032868604918,0.09481814148985976,0.7827650244706555
1757619202576.669,191050,UWB1,UWB1,-168.87129550805585,-443.4190265258998,238.44263934033924,0.019173364617289995,0.3390993518790496,0.06641894349233854,0.9382070856638328
1757619202576.669,191050,LeftRS,LeftRS,-215.21589535467666,-481.02636005652255,250.73660173716888,-0.009705683372649774,-0.5627515791406393,0.826530063436427,-0.008032068274278114
1757619202584.5786,191051,April7,April7,1192.4033989208897,1529.733171287742,1642.9860234585278,-0.6844173827995973,0.1828952431838865,-0.18367852415143512,0.6814575378613164
1757619202584.5786,191051,UWB2,UWB2,-1223.0605942623824,2021.771946301244,1719.609953852993,0.5007623700319737,0.5015003271874766,-0.4949863167187734,0.5027156421397656
1757619202584.5786,191051,UWB3,UWB3,1879.2746352894,-1460.2996688531355,1388.3607359617185,-0.7060751701945035,-0.00019701322580344252,0.7081351144932818,-0.0015731631125560524
1757619202584.5786,191051,UWB4,UWB4,-749.3468018853592,-1868.4437967862893,1445.2890327808248,-0.1422262010020491,0.5987500546224316,0.09512816680586549,0.7824453410419897
1757619202584.5786,191051,UWB1,UWB1,-168.86756527885842,-443.4048731816586,238.4415342514784,0.01876111543443409,0.33910756829470046,0.06640422043358812,0.9382134923254506
1757619202584.5786,191051,LeftRS,LeftRS,-215.22350897161007,-480.99428107395676,250.7129145414334,-0.01024525845236224,-0.5650939040353359,0.8249345052224956,-0.006853932788071614
1757619202596.6157,191052,April7,April7,1192.3959492552926,1529.7305550944516,1642.9464913518455,-0.6843660436971153,0.18272484219236476,-0.1835777967737393,0.6815819413774349
1757619202596.6157,191052,UWB2,UWB2,-1223.0535743644966,2021.8191803760053,1719.5783202866298,0.5007327463714626,0.5011034240937979,-0.4956313879208196,0.5025053257234653
1757619202596.6157,191052,UWB3,UWB3,1879.2694104817922,-1460.300998563001,1388.3449317084564,-0.7061987555857021,-0.00014372175261118846,0.7080115495455451,-0.0017154193014378505
1757619202596.6157,191052,UWB4,UWB4,-749.3785805892406,-1868.4548534167639,1445.0743849587736,-0.13715987764075446,0.5954463293370478,0.09814846952617981,0.7854920208215218
1757619202596.6157,191052,UWB1,UWB1,-168.85733175140962,-443.4144855030864,238.47074326968817,0.018956143457937807,0.3392420178492984,0.06649866602548679,0.9381542758883367
1757619202596.6157,191052,LeftRS,LeftRS,-215.2103050937323,-481.003693108475,250.7216468934605,-0.010570881305196086,-0.5648910088272864,0.8250662893812534,-0.007212679195146755
1757619202606.6155,191053,April7,April7,1192.612190532923,1529.587010622412,1642.8176334544723,-0.6845443588032667,0.18287828379044788,-0.18408184308903788,0.6812256815427818
1757619202606.6155,191053,UWB2,UWB2,-1223.0140270667619,2021.7267964277912,1719.5958279078125,0.4998442270936622,0.5013184129377057,-0.495156690446889,0.5036421838929335
1757619202606.6155,191053,UWB3,UWB3,1879.2714246736928,-1460.3065333852414,1388.3692058758577,-0.7061062780986435,-0.00025966393199417095,0.7081040996477842,-0.0015622632059500306
1757619202606.6155,191053,UWB4,UWB4,-749.3772261227122,-1868.4798053585398,1445.0530595604805,-0.13735447899133998,0.5957274177264786,0.09829619361389928,0.7852263681200333
1757619202606.6155,191053,UWB1,UWB1,-168.8648930869033,-443.41934408366683,238.46401836712135,0.018890296878330222,0.33909723451749224,0.06646588042504524,0.9382102690579341
1757619202606.6155,191053,LeftRS,LeftRS,-215.2085773505942,-481.0486097385488,250.74219962690685,-0.010379230670812157,-0.5632856359913345,0.8261571037320209,-0.008124272868297002
1757619202617.6692,191054,April7,April7,1192.6019430782694,1529.5979816497806,1642.8463954379517,-0.684563808270183,0.18295657780104613,-0.18418183386067646,0.6811580837967587
1757619202617.6692,191054,UWB2,UWB2,-1223.1087864433446,2021.766036820824,1719.5473780820055,0.500140864666342,0.5017567178964321,-0.49422772035611073,0.503823651656218
1757619202617.6692,191054,UWB3,UWB3,1879.2859828804776,-1460.293124966936,1388.3699085462688,-0.7060574485503119,7.11350437264134e-05,0.7081532891699653,-0.0013391505475006118
1757619202617.6692,191054,UWB4,UWB4,-749.3657618409169,-1868.494469866346,1445.0804250737285,-0.13657893691741235,0.5956338144286788,0.09707974695011147,0.7855839075692387
1757619202617.6692,191054,UWB1,UWB1,-168.8597094546003,-443.4183262658363,238.46933396864392,0.01861078391009542,0.33931202148534534,0.06652806162699071,0.9381337899329368
1757619202617.6692,191054,LeftRS,LeftRS,-215.1986709407619,-481.00458480313273,250.72475052411778,-0.01070958685059639,-0.5649396974354773,0.825029761453132,-0.007371277202031869
1757619202625.6865,191055,April7,April7,1192.5993215806393,1529.602426423697,1642.812621890929,-0.6845377453174903,0.18283321034491337,-0.184092896559987,0.681241438747507
1757619202625.6865,191055,UWB2,UWB2,-1223.0634208572212,2021.7653208666807,1719.591670325413,0.5005637008210108,0.5013816529592483,-0.49458373327880667,0.5034276018180013
1757619202625.6865,191055,UWB3,UWB3,1879.2778169236294,-1460.2982141340872,1388.358028004626,-0.7060593397526933,-0.00026245046854537384,0.7081506759491762,-0.001661330932475462
1757619202625.6865,191055,UWB4,UWB4,-749.4033997741103,-1868.4299547628714,1445.0579099443719,-0.13705409628108714,0.5953763600249788,0.09785734486290858,0.7855998374951227
1757619202625.6865,191055,UWB1,UWB1,-168.86365528556365,-443.4224921613266,238.4571429302203,0.018805739992173533,0.3391128212378726,0.06661659666474777,0.9381956446627984
1757619202625.6865,191055,LeftRS,LeftRS,-215.21420140747145,-481.02165240386995,250.71214083290812,-0.010019484150307734,-0.5639722342599625,0.8256972575121035,-0.007679053208480782
1757619202637.4282,191056,April7,April7,1192.4066116960564,1529.7660498222372,1642.9470958920026,-0.6843300730476146,0.18291391794144138,-0.18375422859098098,0.6815197966463569
1757619202637.4282,191056,UWB2,UWB2,-1223.0563520893063,2021.7669632846705,1719.6139087996632,0.5003567067665932,0.5009227332583693,-0.4952676160253151,0.5034178878578466
1757619202637.4282,191056,UWB3,UWB3,1879.2734051094685,-1460.298395624234,1388.3421975362378,-0.7061935222204166,-5.0224212728143415e-05,0.7080169159652836,-0.0016593246996248882
1757619202637.4282,191056,UWB4,UWB4,-749.3793423578858,-1868.4633220986207,1445.285941444793,-0.14081629076241814,0.5985833828203099,0.09397034769096317,0.7829676109662187
1757619202637.4282,191056,UWB1,UWB1,-168.86228865839215,-443.42659762921744,238.45220249209274,0.019117291580425928,0.3392739840349311,0.0664929739525726,0.9381398495611606
1757619202637.4282,191056,LeftRS,LeftRS,-215.1878219485402,-481.391483437361,250.6332631641336,-0.007146964406664274,-0.5527416143903674,0.8333026373885912,-0.00568710313940127
1757619202653.8274,191057,April7,April7,1192.406100462692,1529.7771781186384,1642.9465089051312,-0.6843455288606738,0.18288933471761096,-0.18375092870543777,0.6815117640766324
1757619202653.8274,191057,UWB2,UWB2,-1223.0808116849223,2021.706003670075,1719.582806417454,0.4999530910431962,0.5024916718263073,-0.4935542856562374,0.5039376882233731
1757619202653.8274,191057,UWB3,UWB3,1879.2836192845189,-1460.2889846895812,1388.3560843149774,-0.706002541105838,-0.00014372216452411215,0.708207518288467,-0.0015818772802549655
1757619202653.8274,191057,UWB4,UWB4,-749.3762561927921,-1868.4517003536478,1445.3030532550022,-0.14166204442490937,0.5985184779813911,0.09494630632725992,0.7827468911461763
1757619202653.8274,191057,UWB1,UWB1,-168.8615574900174,-443.41117884267425,238.43614784643154,0.019055603180282057,0.33897022302053453,0.06649488164156983,0.9382507674435009
1757619202653.8274,191057,LeftRS,LeftRS,-215.1771924864847,-481.4348358047327,250.668157400362,-0.006747195984074955,-0.5509488317064022,0.834486015172213,-0.006553676045098777
1757619202657.4873,191058,April7,April7,1192.3998698506903,1529.777764840015,1642.9307462979677,-0.6843497977313643,0.18282135356035914,-0.18381965016679983,0.6815071850244532
1757619202657.4873,191058,UWB2,UWB2,-1223.0418712844755,2021.8098124016967,1719.5829988621756,0.501251896708945,0.500644564357481,-0.49547181510027916,0.5026024638481473
1757619202657.4873,191058,UWB3,UWB3,1879.2978078981623,-1460.2827629784001,1388.3499792409636,-0.7059580701205938,7.786763012769425e-06,0.7082520726359397,-0.0014848494431768146
1757619202657.4873,191058,UWB4,UWB4,-749.3954015680046,-1868.4890035762726,1445.0560041707347,-0.13664655162578987,0.5954655125078904,0.09731831985290038,0.7856702157798171
1757619202657.4873,191058,UWB1,UWB1,-168.84298788418366,-443.4055277010815,238.44337536032359,0.018869326450509014,0.33929921867447177,0.0664385981543133,0.938139595903236
1757619202657.4873,191058,LeftRS,LeftRS,-215.2074883727675,-481.01200580805823,250.71536086310235,-0.009651589362347468,-0.5635928800020938,0.8259606492231906,-0.007675830152605025
1757619202667.4785,191059,April7,April7,1192.6240482041726,1529.6229882576924,1642.8285834852695,-0.6845121897245526,0.1829830360345093,-0.18427974814598833,0.6811763685458728
1757619202667.4785,191059,UWB2,UWB2,-1223.0507705640018,2021.799278319908,1719.5901943264614,0.5010055701357461,0.500295905064205,-0.49568333855303015,0.5029865345611811
1757619202667.4785,191059,UWB3,UWB3,1879.2773216297355,-1460.2897891608495,1388.3501012484046,-0.7061192364269215,-5.794539560380379e-05,0.7080907402021465,-0.0017675491984371476
1757619202667.4785,191059,UWB4,UWB4,-749.3642542521701,-1868.467550105741,1445.276950081603,-0.1411261083546269,0.598619069697382,0.09436187703590199,0.782837446151869
1757619202667.4785,191059,UWB1,UWB1,-168.84389810486383,-443.41489805417007,238.4496982251681,0.018865994225009636,0.33905071340231446,0.06662069356485541,0.9382165907679426
1757619202667.4785,191059,LeftRS,LeftRS,-215.20586807089876,-480.98141102144155,250.71207238432208,-0.010274177110121059,-0.5644376124548235,0.8253789028341377,-0.0073681535898355325
1757619202677.5876,191060,April7,April7,1192.6123903343707,1529.6300533357175,1642.8376617799179,-0.6845096820696759,0.18299714084851848,-0.18428590494932476,0.6811734337385357
1757619202677.5876,191060,UWB2,UWB2,-1223.097782997879,2021.7903265807056,1719.5824828489801,0.5005704761256172,0.5013917168922635,-0.4943446409743805,0.5036456299851237
1757619202677.5876,191060,UWB3,UWB3,1879.285272215638,-1460.2947810565672,1388.349584478941,-0.706123845572419,2.0390545212689272e-05,0.7080865977596439,-0.0015761888898781517
1757619202677.5876,191060,UWB4,UWB4,-749.3523301964946,-1868.4662865573048,1445.283927078983,-0.1417080044305491,0.5986308699606571,0.09523883237292727,0.7826170761098303
1757619202677.5876,191060,UWB1,UWB1,-168.85907257887808,-443.4258086195975,238.45627852501923,0.019117032788206402,0.3392028763910207,0.06657716170690958,0.9381595968940918
1757619202677.5876,191060,LeftRS,LeftRS,-215.23487676182972,-480.99171402550155,250.68779206948065,-0.01020434974894851,-0.5651114185040992,0.8249229742104034,-0.006858756618239834
1757619202686.8933,191061,April7,April7,1192.4142740105726,1529.7768567807248,1642.925252956483,-0.6843451056763108,0.18286696960236468,-0.18375729076988565,0.6815164751157807
1757619202686.8933,191061,UWB2,UWB2,-1223.0351175915634,2021.7593916759558,1719.5801434557777,0.5001691685892353,0.5014599481708762,-0.49482451587004844,0.5035051356909755
1757619202686.8933,191061,UWB3,UWB3,1879.2638199193532,-1460.3084764974576,1388.3789315226797,-0.7061133082481214,-0.00041319489665833653,0.7080971431174803,-0.0015036933641854684
1757619202686.8933,191061,UWB4,UWB4,-749.4152072097463,-1868.4544176984218,1445.2901763615453,-0.14116586236120773,0.5982500986169966,0.09485575465610936,0.7830526193157075
1757619202686.8933,191061,UWB1,UWB1,-168.8618834010248,-443.40743733471663,238.45751765469998,0.01887609529720087,0.3392695811797765,0.06644210927890468,0.938149929609868
1757619202686.8933,191061,LeftRS,LeftRS,-215.19841969565974,-481.0541384508992,250.71986795270337,-0.009354939798600644,-0.5624606412592892,0.8267264955819702,-0.008591486385272538
1757619202697.922,191062,April7,April7,1192.6457675715683,1529.6179884903768,1642.8343676095665,-0.6844949485527819,0.18297960503422353,-0.18422110424728252,0.681210477236776
1757619202697.922,191062,UWB2,UWB2,-1223.0537413738746,2021.7961376570606,1719.5687393340147,0.5011119283634523,0.5014850635442507,-0.4947454920848243,0.502619602040774
1757619202697.922,191062,UWB3,UWB3,1879.2689359289604,-1460.3050835375104,1388.3693196132501,-0.7061816075848965,-0.00025137650162336615,0.7080289778945307,-0.0015621716589385268
1757619202697.922,191062,UWB4,UWB4,-749.3959545076851,-1868.4458660787718,1445.0552227282333,-0.13705701591424813,0.5954076977203021,0.0979868395541747,0.7855594357897279
1757619202697.922,191062,UWB1,UWB1,-168.85827882240608,-443.410606118218,238.46508711380716,0.018865829065262164,0.3392022523435757,0.06650451851098382,0.9381700600191565
1757619202697.922,191062,LeftRS,LeftRS,-215.22991560719126,-481.00747946274385,250.72130137592796,-0.010505275513507948,-0.5645436580225849,0.8253050316071944,-0.007190422568399846
1757619202706.857,191063,April7,April7,1192.3943147810978,1529.7375661213027,1642.979099413565,-0.6844125462150323,0.18290540927577276,-0.18368603725377075,0.6814576417937689
1757619202706.857,191063,UWB2,UWB2,-1223.0499274339466,2021.8086977492642,1719.5869969259747,0.5007906199647751,0.5005643859198595,-0.4954411785236524,0.5031720273694321
1757619202706.857,191063,UWB3,UWB3,1879.2867181523557,-1460.294411734552,1388.3693970323955,-0.7061036049761533,-7.720082230824197e-05,0.70810707650371,-0.0014357176194009246
1757619202706.857,191063,UWB4,UWB4,-749.3634856684066,-1868.4511694194675,1445.0730495329865,-0.13779393118007963,0.5956710480519068,0.09816693603937335,0.7852083084833757
1757619202706.857,191063,UWB1,UWB1,-168.86529207855799,-443.422311256021,238.4494108258755,0.01890297665115934,0.3390585642638735,0.06652954131053711,0.9382194773111759
1757619202706.857,191063,LeftRS,LeftRS,-215.220051394788,-480.98619862634433,250.69108717195482,-0.010856172722237935,-0.5653692916876536,0.8247372385939591,-0.006942247967124242
1757619202717.459,191064,April7,April7,1192.6113193636736,1529.59502478213,1642.8332956255729,-0.6845658848434752,0.18297936486234184,-0.18418310079722322,0.6811495333065742
1757619202717.459,191064,UWB2,UWB2,-1223.0839143347025,2021.808741702407,1719.5905313479577,0.5006768608342581,0.5006043839285771,-0.49548556253034115,0.5032017380143219
1757619202717.459,191064,UWB3,UWB3,1879.2605144754166,-1460.3041654194215,1388.349326722815,-0.7062301860319892,-0.00018323851783594322,0.7079801581659466,-0.0017281215781598757
1757619202717.459,191064,UWB4,UWB4,-749.3973074887062,-1868.4203250276541,1445.06878466018,-0.1374100076653601,0.5957288130230375,0.09800933987879101,0.7852514504438004
1757619202717.459,191064,UWB1,UWB1,-168.85927166861103,-443.4239582177683,238.4433275065088,0.018981420039631245,0.3390907956335514,0.06640858214994477,0.9382148145423405
1757619202717.459,191064,LeftRS,LeftRS,-215.179254209168,-481.41407219944324,250.6659511722267,-0.007285809821082908,-0.5521039585929394,0.8337203881871936,-0.006200822707698478
1757619202726.9492,191065,April7,April7,1192.6062850643375,1529.5869500069227,1642.82631200919,-0.6845533572165227,0.18284591004160394,-0.1841463410476556,0.6812078973290064
1757619202726.9492,191065,UWB2,UWB2,-1223.0278723624733,2021.8052254571644,1719.5914091038303,0.5009611000350266,0.5003627964555127,-0.49580149957888764,0.5028478111618284
1757619202726.9492,191065,UWB3,UWB3,1879.254650607316,-1460.3135803359621,1388.3597125337594,-0.7062654284117342,-0.0003772406275059995,0.7079450880686499,-0.001659698578157338
1757619202726.9492,191065,UWB4,UWB4,-749.3621386372813,-1868.44809677216,1445.2931550844517,-0.14237195819625117,0.5986669256426951,0.09540084460918878,0.7824492421293168
1757619202726.9492,191065,UWB1,UWB1,-168.85450161765428,-443.42112063766155,238.46046211601546,0.01861349305098487,0.3392092895387882,0.06655280287505776,0.9381691319780806
1757619202726.9492,191065,LeftRS,LeftRS,-215.21342173968324,-481.03570128627524,250.72694243411553,-0.010137995259220635,-0.5636705316688969,0.8258969134230296,-0.008187867765155375
1757619202736.5542,191066,April7,April7,1192.6183931213466,1529.584936481905,1642.8332166575185,-0.6845336608780449,0.18289429205718255,-0.18406192883748845,0.6812375146822341
1757619202736.5542,191066,UWB2,UWB2,-1223.0404730592818,2021.7641271008094,1719.5874773244782,0.5003080174206047,0.5016749703695317,-0.49489453977813713,0.5030839952802906
1757619202736.5542,191066,UWB3,UWB3,1879.254742736121,-1460.3107097526804,1388.3442141459295,-0.7062614631204882,-0.0003244560736030098,0.7079486037424333,-0.0018479443451390313
1757619202736.5542,191066,UWB4,UWB4,-749.3425761848748,-1868.485535782641,1445.2865845566075,-0.14108343214078223,0.5987873031202604,0.09452202633174073,0.7826971427924624
1757619202736.5542,191066,UWB1,UWB1,-168.86535080472535,-443.4046579853568,238.4682979655442,0.01876072256189658,0.33918369442886587,0.06645502256986742,0.9381823845595161
1757619202736.5542,191066,LeftRS,LeftRS,-215.20539635811397,-481.051914002483,250.7371406461136,-0.00999933967938022,-0.5631274190916826,0.8262701194747738,-0.008075440313683398
1757619202748.5696,191067,April7,April7,1192.4211657196618,1529.7625035734343,1642.950656819211,-0.6843430569895742,0.1829045337381744,-0.18371039140150236,0.6815210957698171
1757619202748.5696,191067,UWB2,UWB2,-1223.030015898646,2021.8322880544247,1719.6091098719282,0.5010953942980875,0.5003552432749482,-0.496303163777603,0.5022262497767849
1757619202748.5696,191067,UWB3,UWB3,1879.272436648245,-1460.3006701901704,1388.3616083440447,-0.7060866231227801,-0.00017407944759106967,0.7081237681011295,-0.0015425283377851786
1757619202748.5696,191067,UWB4,UWB4,-749.3738088507099,-1868.4467478209044,1445.0679366408476,-0.13725212547845414,0.5954303645153651,0.09848667652458636,0.7854456757866121
1757619202748.5696,191067,UWB1,UWB1,-168.85613114887755,-443.41556479292836,238.46086339465296,0.019149652496180464,0.3389935154943643,0.06648851656630572,0.9382408882727612
1757619202748.5696,191067,LeftRS,LeftRS,-216.30396858785437,-479.6022929213494,249.94893827470523,0.0013550916963749565,-0.6009888542862768,0.7992519050143821,-0.002636869553846333
1757619202757.5688,191068,April7,April7,1192.4036714215413,1529.7464430026225,1642.9417426850964,-0.6844250020675051,0.18285626347268685,-0.1836875793629798,0.6814579052600915
1757619202757.5688,191068,UWB2,UWB2,-1223.0412266126975,2021.8591815811028,1719.5826382577056,0.5014857549934666,0.500557018640062,-0.4958086992168662,0.5021239313254094
1757619202757.5688,191068,UWB3,UWB3,1879.289653831567,-1460.293360974401,1388.3760010871968,-0.7060058283419658,-0.00018318716306927742,0.7082046891527513,-0.0013620028241638025
1757619202757.5688,191068,UWB4,UWB4,-749.3830438970815,-1868.472819982533,1445.2733615760453,-0.1407932821271077,0.5985275738481672,0.09411076157530283,0.7829975476379349
1757619202757.5688,191068,UWB1,UWB1,-168.86096746528239,-443.41851674635797,238.45458464355892,0.01898792527108501,0.3389287233595365,0.06666899441073543,0.9382547758258606
1757619202757.5688,191068,LeftRS,LeftRS,-216.2926143751762,-479.6090955841911,249.93449485244145,0.0015953835896534967,-0.600693516604151,0.7994730909824366,-0.002744204061118785
1757619202766.5693,191069,April7,April7,1192.6208352500155,1529.6252834679292,1642.8390426199887,-0.6844928686783307,0.18302228959554007,-0.18424523878763135,0.6811945729553374
1757619202766.5693,191069,UWB2,UWB2,-1223.028764577516,2021.7042504928784,1719.5841150390584,0.5001410001664894,0.5028006430066249,-0.49361866031570417,0.5033796892334034
1757619202766.5693,191069,UWB3,UWB3,1879.2658159999644,-1460.3040545415781,1388.364952156486,-0.7060900244274964,-0.00041602431798758757,0.7081198052781533,-0.0017451935637216374
1757619202766.5693,191069,UWB4,UWB4,-749.3704836420138,-1868.4484548545497,1445.2816291126464,-0.14093353200358133,0.5986181814325883,0.09401815409221229,0.782914170976889
1757619202766.5693,191069,UWB1,UWB1,-168.8580672438167,-443.41063988363015,238.4448092441249,0.0190908112839815,0.33901399025974116,0.06647621764309335,0.9382355609443482
1757619202766.5693,191069,LeftRS,LeftRS,-216.3043621210829,-479.58508150947563,249.94676337584795,0.0012052842577737891,-0.6011248798427853,0.7991494648800442,-0.002749346430313722
1757619202777.5693,191070,April7,April7,1192.6152106042439,1529.6189642612285,1642.8422010213058,-0.6845061624014109,0.18298450796011792,-0.1842458054248652,0.6811912115290607
1757619202777.5693,191070,UWB2,UWB2,-1223.0678028660657,2021.750703251068,1719.6024302108763,0.5006989096831076,0.5017867178747758,-0.4941036041150836,0.5033610235279369
1757619202777.5693,191070,UWB3,UWB3,1879.2577735810485,-1460.315700528288,1388.3755903321864,-0.7061366817971003,-0.0006060469609927943,0.7080733669600588,-0.0016511600491252829
1757619202777.5693,191070,UWB4,UWB4,-749.3633875344364,-1868.447541742411,1445.0697002146337,-0.13764782371837989,0.595531110388797,0.0984067818712599,0.7853100524419783
1757619202777.5693,191070,UWB1,UWB1,-168.84164339639275,-443.3981775356739,238.4473192835114,0.018942587046348963,0.33916589396494135,0.06635039983036213,0.9381925704296026
1757619202777.5693,191070,LeftRS,LeftRS,-216.2745112428433,-479.57171613430967,249.97711132043418,0.0018603750246532825,-0.6003073108384321,0.7997613228013706,-0.0030819003390179438
1757619202785.569,191071,April7,April7,1192.6037274844987,1529.6098355672116,1642.8324566382078,-0.6844570543153147,0.18303205238181736,-0.18432105014296551,0.6812074273472776
1757619202785.569,191071,UWB2,UWB2,-1223.0463177929823,2021.869864272894,1719.581678192532,0.5008376624555597,0.5006459718817664,-0.49561406160836163,0.5028736905433369
1757619202785.569,191071,UWB3,UWB3,1879.2640079632558,-1460.3080204803414,1388.3702775765614,-0.7061911385004882,-0.00040055719038779224,0.7080191120551405,-0.0016889114755205914
1757619202785.569,191071,UWB4,UWB4,-749.3546308804302,-1868.4609551164397,1445.0697722387447,-0.1370284302999296,0.5959638762453454,0.09762976944832968,0.7851870449884067
1757619202785.569,191071,UWB1,UWB1,-168.85418627216382,-443.42054396485526,238.4564961014158,0.01916476057292714,0.3390082581342885,0.06664249384426876,0.9382243286566143
1757619202785.569,191071,LeftRS,LeftRS,-216.27316623217183,-479.56534072299314,249.96618353089406,0.001297999882378839,-0.6005599151436536,0.7995734534463329,-0.0028975960480825593
1757619202797.5693,191072,April7,April7,1192.6149457887861,1529.6263373911072,1642.821171343842,-0.6844946700968871,0.18294326887539078,-0.1842600571904571,0.6812099810677392
1757619202797.5693,191072,UWB2,UWB2,-1223.0697082140432,2021.8799470901683,1719.5749582915744,0.5014976827993113,0.5004954528903213,-0.4956385340785048,0.5023413374584501
1757619202797.5693,191072,UWB3,UWB3,1879.2612067708205,-1460.3092520260093,1388.3799106307313,-0.7059671271124974,-0.0006410918763139839,0.7082424555505905,-0.001621293743600248
1757619202797.5693,191072,UWB4,UWB4,-749.3999591118072,-1868.444271000211,1445.0844434431417,-0.13722309486622195,0.5953518616410519,0.09772166115287248,0.7856057917412478
1757619202797.5693,191072,UWB1,UWB1,-168.86160743546512,-443.41251093259973,238.46167986399178,0.01888151455145928,0.3391937822479364,0.0666175530109147,0.9381647872966777
1757619202797.5693,191072,LeftRS,LeftRS,-215.17042278398486,-481.41724628000446,250.65957976185172,-0.006648562955784082,-0.5512541772431706,0.8342796843376756,-0.007213666474576077
1757619202807.5752,191073,April7,April7,1192.6178458176673,1529.6250623759374,1642.8130002731598,-0.6845228758114175,0.18296704781190176,-0.18429969390491788,0.6811645283868043
1757619202807.5752,191073,UWB2,UWB2,-1223.0644517206354,2021.8043706314038,1719.591709787467,0.5005253335827703,0.5006945954933618,-0.4954375944133809,0.5033099467797927
1757619202807.5752,191073,UWB3,UWB3,1879.2849364427116,-1460.2884094999904,1388.3559148341265,-0.705998143014064,-0.00012146200105000116,0.7082119521059683,-0.0015614742806808438
1757619202807.5752,191073,UWB4,UWB4,-749.3991579635035,-1868.4628851051953,1445.0584326837338,-0.13643518568048424,0.5954689648461963,0.0968896086492218,0.785757313519341
1757619202807.5752,191073,UWB1,UWB1,-168.85259234627193,-443.41023925486473,238.46765698069092,0.018680502935344286,0.3391461964482851,0.06658601269283047,0.9381882535815582
1757619202807.5752,191073,LeftRS,LeftRS,-215.19554986192952,-481.0160381540048,250.74190752002926,-0.00980167720488312,-0.563530685988007,0.8259965044388947,-0.008177269017494541
1757619202816.5781,191074,April7,April7,1192.6326554245113,1529.631584932351,1642.7870862338284,-0.6845057079448482,0.18296792965514744,-0.18425259007698508,0.6811942862051572
1757619202816.5781,191074,UWB2,UWB2,-1223.0650437061668,2021.7746290914667,1719.5715719784976,0.5001785390773936,0.5015060195567194,-0.4945135497807047,0.5037553875424721
1757619202816.5781,191074,UWB3,UWB3,1879.2689080690334,-1460.3015715591946,1388.3656537309419,-0.7058617618329237,-0.0005167426079619017,0.7083472305009578,-0.0017627253957662149
1757619202816.5781,191074,UWB4,UWB4,-749.454803706478,-1868.4631323899332,1445.0424538095729,-0.13623946986938912,0.5950480038414895,0.09726858562721162,0.7860632940317518
1757619202816.5781,191074,UWB1,UWB1,-168.85282347027857,-443.41789160177535,238.45478317779597,0.01878576045350587,0.3393404664313123,0.0664996990001578,0.9381220246211317
1757619202816.5781,191074,LeftRS,LeftRS,-215.21490220883973,-481.0215474044343,250.7301153138357,-0.010166497804414702,-0.5640583479720958,0.825640261470273,-0.007278807916282649
1757619202827.6074,191075,April7,April7,1192.620444097192,1529.594327637548,1642.8201430282775,-0.6845777454642491,0.18302871705368517,-0.18413917323933152,0.6811362301533398
1757619202827.6074,191075,UWB2,UWB2,-1223.0512214852288,2021.7791388579217,1719.5778369098168,0.5009057154852088,0.5006479680711484,-0.49524234705162756,0.5031700447634745
1757619202827.6074,191075,UWB3,UWB3,1879.285209565223,-1460.2973497942485,1388.3803163031378,-0.7057812903223519,-6.767406550056228e-05,0.7084280083465613,-0.0015882824879040818
1757619202827.6074,191075,UWB4,UWB4,-749.4170680685144,-1868.4614736347064,1445.0490280503457,-0.13706031821606895,0.5955003393921552,0.09769942211221518,0.785524434930752
1757619202827.6074,191075,UWB1,UWB1,-168.85095528113027,-443.41806018106615,238.47388358201488,0.018432701531543777,0.3392875273747243,0.06664683658202067,0.938137734267098
1757619202827.6074,191075,LeftRS,LeftRS,-215.19528266948393,-481.0438099589472,250.7260927937443,-0.010322978811393786,-0.5633629935574628,0.8261021671150752,-0.008413268461766687
1757619202836.6633,191076,April7,April7,1192.6082754930517,1529.5869974735774,1642.8272202525764,-0.6845519253081801,0.18290975979148136,-0.1840783467542392,0.681210572133252
1757619202836.6633,191076,UWB2,UWB2,-1223.0574628971472,2021.801234430468,1719.5641756017958,0.5007663750409252,0.5003072560156216,-0.4956203044452293,0.5032754723092601
1757619202836.6633,191076,UWB3,UWB3,1879.2876471690975,-1460.296254523948,1388.3671872201335,-0.7059729585214359,-1.3933639022756257e-05,0.7082372558779796,-0.0014734411335367518
1757619202836.6633,191076,UWB4,UWB4,-749.3914699815163,-1868.4596520845726,1445.263060090922,-0.1414530919045172,0.59867528831982,0.09468849588425453,0.7826959886782417
1757619202836.6633,191076,UWB1,UWB1,-168.85421422824777,-443.4277414444202,238.4442623753455,0.018643682250057376,0.33911498175597204,0.06658294083550122,0.9382004872363379
1757619202836.6633,191076,LeftRS,LeftRS,-215.17482042898249,-481.4316569069817,250.644021799105,-0.006991940766620971,-0.5515776313465741,0.8340702688890944,-0.006325813599260839
1757619202845.5754,191077,April7,April7,1192.3905803017242,1529.7351297397258,1642.965480574969,-0.6843714619770689,0.1827990782538032,-0.18357562211244957,0.6815571802768691
1757619202845.5754,191077,UWB2,UWB2,-1223.0464509861883,2021.7157442466853,1719.5823469234788,0.5004027440759019,0.5019530582608871,-0.49408290349998946,0.5035099854946968
1757619202845.5754,191077,UWB3,UWB3,1879.2707945800723,-1460.3090045432903,1388.3567331080144,-0.7062028744205388,-0.00020519669306877126,0.7080074664343337,-0.0016986841147885211
1757619202845.5754,191077,UWB4,UWB4,-749.4178492403678,-1868.4244018580835,1445.0644270366936,-0.13754212820575457,0.5953639956613924,0.09758213696360701,0.7855581469148858
1757619202845.5754,191077,UWB1,UWB1,-168.8506303218205,-443.42469612062024,238.45081282606924,0.018500454533018573,0.33913650760889374,0.06661901753462555,0.9381929806237285
1757619202845.5754,191077,LeftRS,LeftRS,-215.20872282372338,-481.0616284305353,250.74064225365115,-0.009859767818372016,-0.5629727457987945,0.8263802318721701,-0.007757888709706739
1757619202856.6887,191078,April7,April7,1192.4020038941326,1529.7419087760827,1642.9763020505147,-0.6844055745650452,0.18285520847209952,-0.18371365755391614,0.6814706701444148
1757619202856.6887,191078,UWB2,UWB2,-1223.0584397066768,2021.8035828466084,1719.5894578666641,0.5009632431154859,0.5008662655301395,-0.49539973363171813,0.5027404071871776
1757619202856.6887,191078,UWB3,UWB3,1879.2667810195169,-1460.306199456649,1388.3540191216562,-0.7061778621256362,-0.0003231007675059918,0.7080320544102616,-0.0018255347557707443
1757619202856.6887,191078,UWB4,UWB4,-749.3977150336461,-1868.4485147516543,1445.0555171866533,-0.13709469941823108,0.5953934633884825,0.09803127362902814,0.7855581051305901
1757619202856.6887,191078,UWB1,UWB1,-168.87239001914324,-443.4278877808375,238.45769990031812,0.018967238615017125,0.33899222113344096,0.06667747841719088,0.9382316514285065
1757619202856.6887,191078,LeftRS,LeftRS,-215.20931838354903,-481.0332198505885,250.7421066332724,-0.00983081180011182,-0.563611897724991,0.8259422245641522,-0.00802655369412843
1757619202865.7021,191079,April7,April7,1192.430963591585,1529.7368196746318,1642.9721512097717,-0.6842796779741597,0.18293092067120093,-0.18385260112186225,0.6815393030740727
1757619202865.7021,191079,UWB2,UWB2,-1223.0934406508322,2021.786570932844,1719.6118904431557,0.5003644446506822,0.5012973816804002,-0.49443778635223656,0.5038527890930941
1757619202865.7021,191079,UWB3,UWB3,1879.2792309349197,-1460.2954047799062,1388.354737953159,-0.7061383356669841,-1.567144531296275e-05,0.7080720961628845,-0.001599153327895297
1757619202865.7021,191079,UWB4,UWB4,-749.3579730564139,-1868.4336983920482,1445.0740592067095,-0.13694347940986817,0.5955855482723116,0.09752641639802502,0.7855017098904674
1757619202865.7021,191079,UWB1,UWB1,-168.86317741376948,-443.4366088942522,238.4599061168718,0.018833801803253187,0.33900044260701195,0.06687239119228545,0.9382174967021836
1757619202865.7021,191079,LeftRS,LeftRS,-215.17827128260487,-481.41138921129715,250.64517419671583,-0.006800157250687897,-0.5520653247367625,0.8337517358690234,-0.005973108072779156
1757619202876.9019,191080,April7,April7,1192.6427044727684,1529.6329865886812,1642.801902239464,-0.684487979053262,0.1829856709877434,-0.18425252294049316,0.6812073535530938
1757619202876.9019,191080,UWB2,UWB2,-1223.0560225834552,2021.7642868333485,1719.6167157098434,0.5008371750762507,0.5009486737271633,-0.4948279727935114,0.5033466277762285
1757619202876.9019,191080,UWB3,UWB3,1879.2686630957398,-1460.3014916266793,1388.375514259944,-0.705922622889908,-0.00035019642808726826,0.7082871124352924,-0.0015793076869460685
1757619202876.9019,191080,UWB4,UWB4,-749.3487525816049,-1868.484123999472,1445.2875624868316,-0.14132971289433585,0.5986463686239516,0.0950693013337741,0.7826942350180361
1757619202876.9019,191080,UWB1,UWB1,-168.854257684628,-443.4131124153509,238.4683765505997,0.019005173647331557,0.3392684869161798,0.06664890724793296,0.9381330504373552
1757619202876.9019,191080,LeftRS,LeftRS,-215.2047955354186,-480.99826535616603,250.73536579222022,-0.00971744128854506,-0.5630085359198499,0.8263554551059794,-0.007976316993482863
1757619202885.7554,191081,April7,April7,1192.4115361060433,1529.7791428871853,1642.9342120082392,-0.6843340702540125,0.18289083467483466,-0.18374799081180931,0.681523659717065
1757619202885.7554,191081,UWB2,UWB2,-1223.0472840307311,2021.8660639340337,1719.601125993789,0.5011312365006322,0.5001819590262984,-0.49624441398666835,0.5024211114742195
1757619202885.7554,191081,UWB3,UWB3,1879.2806525474507,-1460.2903161131942,1388.3677997979519,-0.705841972214894,-0.00030102492756054145,0.708367449222997,-0.0016051557827328792
1757619202885.7554,191081,UWB4,UWB4,-749.3908426745493,-1868.434716575757,1445.0881257560752,-0.1366774212755286,0.5953803702995809,0.09718496180639705,0.785745875187452
1757619202885.7554,191081,UWB1,UWB1,-168.85522189897122,-443.4109480501268,238.46055788534167,0.018935469825859932,0.3390431653284679,0.06674471138771024,0.9382091043729529
1757619202885.7554,191081,LeftRS,LeftRS,-215.19549653932236,-481.05112101099274,250.7636606560959,-0.008881764364616927,-0.5611957845700233,0.8275895470896513,-0.008714768531259421
1757619202896.046,191082,April7,April7,1192.3998698392118,1529.777764848282,1642.9307463037526,-0.6843497977340333,0.182821353556538,-0.18381965001032166,0.6815071850650043
1757619202896.046,191082,UWB2,UWB2,-1223.0859782857083,2021.8040337423397,1719.5967237925097,0.500709721581014,0.5005510173136534,-0.495071160918931,0.5036298237861933
1757619202896.046,191082,UWB3,UWB3,1879.2855811294078,-1460.2923193648853,1388.355411498198,-0.7061083974654117,-5.421734837397413e-05,0.7081020790237097,-0.0015407049060789447
1757619202896.046,191082,UWB4,UWB4,-749.3546507506367,-1868.453411034226,1445.0603005216344,-0.13709944635031265,0.59569751776858,0.09762508958278567,0.7853773303443022
1757619202896.046,191082,UWB1,UWB1,-168.847835659211,-443.4258548076596,238.44942529395885,0.019062247735939286,0.33906955380293446,0.0667915125965444,0.9381936698998764
1757619202896.046,191082,LeftRS,LeftRS,-215.2270675242494,-480.9867235349809,250.7065551516984,-0.009746717616155288,-0.5637779669229929,0.8258334680093323,-0.007647785533533046
1757619202906.1807,191083,April7,April7,1192.629662161397,1529.6319553671362,1642.7981115691398,-0.6845043380645214,0.18291982763919168,-0.1843216257434312,0.6811899045865245
1757619202906.1807,191083,UWB2,UWB2,-1223.0682598085539,2021.7861739788434,1719.5275331435253,0.5005772897455403,0.5014598736122277,-0.4946292345268264,0.5032914587982037
1757619202906.1807,191083,UWB3,UWB3,1879.2758527658825,-1460.3044312977393,1388.3699017861386,-0.706142144825963,-0.000367811740951851,0.7080683320717076,-0.0015404974203367834
1757619202906.1807,191083,UWB4,UWB4,-749.3943598571725,-1868.474605712901,1445.061602577704,-0.13623718650421912,0.5953451510039883,0.09723188541822608,0.78584320360201
1757619202906.1807,191083,UWB1,UWB1,-168.83269829785021,-443.4193638761779,238.44410663702138,0.018630737455107023,0.33922716837832345,0.06670635372557825,0.9381514196698428
1757619202906.1807,191083,LeftRS,LeftRS,-215.1669115441165,-480.99590419377216,250.7063504457452,-0.010207900963628579,-0.5637756374545362,0.8258249538705389,-0.008122495636848004
1757619202917.173,191084,April7,April7,1192.4317536792598,1529.760435527653,1642.9315153012649,-0.6843413566035551,0.18282589765158505,-0.18381413961341278,0.6815159285505211
1757619202917.173,191084,UWB2,UWB2,-1223.013382881679,2021.7434680178048,1719.6085113374118,0.5004376590467703,0.5020263875355913,-0.4942222924409386,0.5032653189721862
1757619202917.173,191084,UWB3,UWB3,1879.284289993346,-1460.2944697994378,1388.3342227305839,-0.7061177669388186,-7.020266784955314e-05,0.7080923683953695,-0.001700619051510512
1757619202917.173,191084,UWB4,UWB4,-749.3900896541792,-1868.4424132844165,1445.071077400059,-0.13686656155462962,0.5955281531458582,0.09706226384571928,0.785616114954397
1757619202917.173,191084,UWB1,UWB1,-168.85028295913955,-443.4337258437489,238.43532462948764,0.018825578086535826,0.33905496754858094,0.0667145692590196,0.9382091946036992
1757619202917.173,191084,LeftRS,LeftRS,-215.18505922732248,-481.4283101693972,250.64788731765364,-0.00662811664846435,-0.5508866839353559,0.8345236972757815,-0.007080128357698061
1757619202925.1726,191085,April7,April7,1192.6301045904472,1529.6127092128097,1642.8261144569335,-0.6845093954964486,0.1830061528315232,-0.18424972492962205,0.6811810877925563
1757619202925.1726,191085,UWB2,UWB2,-1223.060162167541,2021.8138412316325,1719.5598541427678,0.5005633914714595,0.5004769057917009,-0.49539881043230316,0.5035267386246876
1757619202925.1726,191085,UWB3,UWB3,1879.2664968555953,-1460.3171858685057,1388.3709839604467,-0.705916822793537,-0.0005416754349302892,0.7082922787649011,-0.001787100116091574
1757619202925.1726,191085,UWB4,UWB4,-749.3782184109367,-1868.46442821903,1445.2878244453166,-0.1418807544072213,0.5985550805471294,0.09506771725518662,0.7826645489709786
1757619202925.1726,191085,UWB1,UWB1,-168.8550836523276,-443.43580448381226,238.45055435223358,0.018693880276173525,0.3391409008095158,0.06677822399541741,0.9381762398602664
1757619202925.1726,191085,LeftRS,LeftRS,-215.17735041832034,-481.4510629759628,250.65030355331538,-0.006088746137544865,-0.5502254148840712,0.8349632596947424,-0.0071606526276996735
1757619202936.1724,191086,April7,April7,1192.399455157524,1529.7173715789384,1642.9518480366066,-0.6843663677630414,0.182866647008699,-0.18378312210611747,0.6814882450310831
1757619202936.1724,191086,UWB2,UWB2,-1223.0540226597745,2021.7685701196176,1719.6105236801689,0.5008004437380319,0.501008815579046,-0.49523412297652075,0.5029236976953345
1757619202936.1724,191086,UWB3,UWB3,1879.2777243528576,-1460.2972048850306,1388.3621736743796,-0.7060603556993621,-0.00013918760118417133,0.708150012147097,-0.001521523107976298
1757619202936.1724,191086,UWB4,UWB4,-749.3934154626584,-1868.4436911228433,1445.0998818907897,-0.1373587486777005,0.5954339739478373,0.09774485589936632,0.7855169635186722
1757619202936.1724,191086,UWB1,UWB1,-168.8631560674641,-443.42858912581534,238.4577760929906,0.01871720955314167,0.3392179182434418,0.06658075065083711,0.9381619655751883
1757619202936.1724,191086,LeftRS,LeftRS,-215.1692554833368,-481.4345331900701,250.68336422077698,-0.00734077076839863,-0.5513134714573013,0.8342397176294479,-0.006607783574277343
1757619202946.8252,191087,April7,April7,1192.3991532957396,1529.7228059810564,1642.9607776883904,-0.684371273871168,0.18274881786257915,-0.18362164287482488,0.6815584504191368
1757619202946.8252,191087,UWB2,UWB2,-1223.08906625778,2021.7921497307777,1719.5768458441016,0.5005799061924496,0.5009449880955347,-0.49501774604489457,0.503419613760683
1757619202946.8252,191087,UWB3,UWB3,1879.2709824710626,-1460.3094874263188,1388.3676184762016,-0.7060081978781202,-0.00020846623017567583,0.7082014064040534,-0.001774552912902922
1757619202946.8252,191087,UWB4,UWB4,-749.3755497188696,-1868.448683151515,1445.3046265723617,-0.14166571304793565,0.5985242202570288,0.09491763764402934,0.7827453133532085
1757619202946.8252,191087,UWB1,UWB1,-168.86279086257355,-443.4148691788822,238.47372395528657,0.018486598967625254,0.33924888316103763,0.06653923880408485,0.9381582865550844
1757619202946.8252,191087,LeftRS,LeftRS,-215.21639701349,-481.01976535889486,250.7216933591873,-0.010442732749009486,-0.5649582700776223,0.8250202923149018,-0.007390512314259716
1757619202968.6382,191088,April7,April7,1192.4079817948668,1529.7270542790486,1642.9461045885837,-0.6843671258951343,0.182752990227904,-0.18357687527780364,0.6815735561331814
1757619202968.6382,191088,UWB2,UWB2,-1223.0555175648353,2021.7917632059127,1719.601391425532,0.5004884152606324,0.5008019822881977,-0.4950361161444972,0.5036347530092462
1757619202968.6382,191088,UWB3,UWB3,1879.2581360612455,-1460.318250903774,1388.3859375400484,-0.7059194594728576,-0.0005324035849114428,0.7082899461396996,-0.0016689761510216483
1757619202968.6382,191088,UWB4,UWB4,-749.4015008230928,-1868.425267893295,1445.0856660043594,-0.13742924466386836,0.5953573127652165,0.09783297538470936,0.7855517689977369
1757619202968.6382,191088,UWB1,UWB1,-168.84950812261977,-443.43839229771885,238.4825425223206,0.019480248852708718,0.33927748634080945,0.06626846272253663,0.9381470023484008
1757619202968.6382,191088,LeftRS,LeftRS,-215.1920283735849,-481.02152514180625,250.73730939242623,-0.0104697342034236,-0.5644814971126697,0.8253445795027825,-0.00757292338030087
1757619202973.6084,191089,April7,April7,1192.4208390102774,1529.7351209638637,1642.9379255874146,-0.6843467403577861,0.18270688803973392,-0.18361944343196052,0.6815949178348135
1757619202973.6084,191089,UWB2,UWB2,-1223.0349037134313,2021.762966186025,1719.6132773966056,0.5005412865416615,0.5017439845873749,-0.4949188326788906,0.5027591306553931
1757619202973.6084,191089,UWB3,UWB3,1879.2596255389974,-1460.3080146959567,1388.3727428274756,-0.7059645490607089,-0.0004930666468053165,0.7082449519656604,-0.0017030472544853905
1757619202973.6084,191089,UWB4,UWB4,-749.3794764509718,-1868.4699568078036,1445.0424676038213,-0.1366588484522498,0.595775151965002,0.09786378337442113,0.7853655246727018
1757619202973.6084,191089,UWB1,UWB1,-168.85582063832345,-443.4005857082763,238.46650029805,0.018663211960088386,0.33914876462617527,0.06639738328565563,0.9382010378723155
1757619202973.6084,191089,LeftRS,LeftRS,-215.22490168348241,-481.02882548568647,250.7342925300708,-0.010128390277751746,-0.5632717322169054,0.826173718697163,-0.007704409766443357
1757619202976.6096,191090,April7,April7,1192.4072750555865,1529.775758102015,1642.9443017600486,-0.684341320154024,0.1828235610280693,-0.18375054201669813,0.6815337419170332
1757619202976.6096,191090,UWB2,UWB2,-1223.0631108554576,2021.746933240279,1719.6037513971637,0.5006942537118781,0.5018013913404116,-0.4941261719283112,0.5033288727702847
1757619202976.6096,191090,UWB3,UWB3,1879.2730614211148,-1460.300287377089,1388.3654753083674,-0.7059942741045151,-0.00020884144829926617,0.7082156273635007,-0.0016329344785956667
1757619202976.6096,191090,UWB4,UWB4,-749.4049724931689,-1868.4573637457338,1445.0573172082834,-0.13666515874893104,0.5954778219833735,0.09755755850209744,0.7856279785554847
1757619202976.6096,191090,UWB1,UWB1,-168.85900918010697,-443.4131970627735,238.47622203668627,0.01861621980267391,0.3391481733430628,0.06674888042823872,0.9381772432967552
1757619202976.6096,191090,LeftRS,LeftRS,-215.22002826272555,-481.0361324500656,250.71970475704362,-0.009798565763587523,-0.5633038749309295,0.8261563133404036,-0.007647125248700215
1757619202985.5237,191091,April7,April7,1192.6063227497357,1529.643838527969,1642.8110204916509,-0.6845234902190696,0.18292329950079922,-0.18426879335963367,0.6811840203879045
1757619202985.5237,191091,UWB2,UWB2,-1223.0460199963745,2021.7867212603223,1719.643605731696,0.5006421911698209,0.5011603793753284,-0.4954418434932911,0.5027256212697205
1757619202985.5237,191091,UWB3,UWB3,1879.2649741910789,-1460.323194417231,1388.369117315928,-0.7060774592020137,-0.0007142922886396678,0.7081315140023463,-0.0019673002058693337
1757619202985.5237,191091,UWB4,UWB4,-749.3959177952571,-1868.429056382842,1445.3132448582057,-0.14199523461967983,0.5984024413621053,0.09496628146710852,0.7827728130827515
1757619202985.5237,191091,UWB1,UWB1,-168.85200791881758,-443.4131229111558,238.4617345934234,0.018804364485325947,0.33932111001774506,0.06664897598409127,0.9381180598266406
1757619202985.5237,191091,LeftRS,LeftRS,-215.16728093307992,-481.40771607637873,250.63790838989513,-0.0068384832651432964,-0.5517592839529907,0.833948826934741,-0.0066544550855011835
1757619202996.5955,191092,April7,April7,1192.6392873912139,1529.6267719710734,1642.7977085214359,-0.6844961642508793,0.18292944273665535,-0.18430770734447088,0.6811993020543364
1757619202996.5955,191092,UWB2,UWB2,-1223.0559986782298,2021.7732371003312,1719.6285996387069,0.5005437930218379,0.5014975550243621,-0.4949371408609172,0.5029844333260414
1757619202996.5955,191092,UWB3,UWB3,1879.264780631595,-1460.3215662482667,1388.3747699915884,-0.7060128483028364,-0.0009908118007164732,0.7081954619656998,-0.002015930177541387
1757619202996.5955,191092,UWB4,UWB4,-749.3888173273074,-1868.452657038282,1445.276783261953,-0.14133840623965563,0.5989572419522785,0.09465668587069823,0.7825048172724113
1757619202996.5955,191092,UWB1,UWB1,-168.8533012121903,-443.41566383678503,238.47033787851598,0.018628740298576286,0.33931749399074784,0.06680395683413219,0.9381118481599252
1757619202996.5955,191092,LeftRS,LeftRS,-215.20426023793377,-481.0007956858445,250.71676225183757,-0.009542683033031862,-0.5634300077076916,0.8260669867474734,-0.008300422940519275
1757619203004.9927,191093,April7,April7,1192.3991485719484,1529.774480727621,1642.92386796041,-0.6843607126552617,0.1828487231750247,-0.18382203385814413,0.6814882385452451
1757619203004.9927,191093,UWB2,UWB2,-1223.0799730806793,2021.7267789001469,1719.5671113097915,0.5002599470309833,0.5022389667711689,-0.4939388969017212,0.5035080652588373
1757619203004.9927,191093,UWB3,UWB3,1879.2868673748458,-1460.3059133262227,1388.3468007189624,-0.706158557293288,-0.00045271767144783667,0.7080512704992908,-0.0018125541405137637
1757619203004.9927,191093,UWB4,UWB4,-749.3910370499202,-1868.447198974429,1445.057796744559,-0.13685268500540584,0.5957549407316638,0.09723678629916185,0.7854249808803093
1757619203004.9927,191093,UWB1,UWB1,-168.85407731768674,-443.4295948357442,238.44449748970806,0.01885249717738417,0.33911151427763536,0.06681611435698598,0.9381809905858997
1757619203004.9927,191093,LeftRS,LeftRS,-215.1937815610481,-480.98972617953945,250.69515676226962,-0.00992070883151782,-0.5637813678043,0.825829362276636,-0.007616643273634486
1757619203016.0642,191094,April7,April7,1192.6491430941062,1529.6342402082726,1642.7900407049926,-0.6844810200756828,0.18290537701379933,-0.184261253062053,0.6812335479375592
1757619203016.0642,191094,UWB2,UWB2,-1223.0592007441685,2021.7519079723795,1719.5968247405435,0.5007028924423923,0.5013507282643304,-0.4947641620978279,0.503142608682948
1757619203016.0642,191094,UWB3,UWB3,1879.271841293712,-1460.3133420571933,1388.3405298337314,-0.7061678622046209,-0.0006288487482355413,0.7080414512936671,-0.0019642272182677466
1757619203016.0642,191094,UWB4,UWB4,-749.3665198619666,-1868.4445512987709,1445.2849496106314,-0.14191793765281477,0.5985689895719903,0.09530256519218869,0.7826186074729676
1757619203016.0642,191094,UWB1,UWB1,-168.8443753135887,-443.4245912482509,238.4368929020212,0.018964006377073,0.3392276550915552,0.06669062383356035,0.9381456844093596
1757619203016.0642,191094,LeftRS,LeftRS,-215.17209374563907,-481.42065888912316,250.66127863315012,-0.006453929624185353,-0.5503665244312188,0.8348685273470556,-0.007041137924048669
1757619203025.0898,191095,April7,April7,1192.627165607567,1529.6296191585293,1642.7981514887963,-0.6844966940342829,0.18292949771447,-0.18433482198670006,0.6811914181235703
1757619203025.0898,191095,UWB2,UWB2,-1223.0649308917687,2021.7714525357087,1719.5610943151614,0.5006062905577037,0.5006824923090802,-0.4951211272712782,0.5035528304744622
1757619203025.0898,191095,UWB3,UWB3,1879.2781160454465,-1460.2942446438658,1388.3466344136502,-0.7061152198821921,-0.00010813522775995333,0.7080949016074748,-0.0017014332184129045
1757619203025.0898,191095,UWB4,UWB4,-749.3921649633656,-1868.444413586681,1445.071828604904,-0.13750827796479306,0.5955042720940806,0.09777070719925995,0.7854342902004045
1757619203025.0898,191095,UWB1,UWB1,-168.84261706942806,-443.43707813674934,238.43506470612945,0.01896058687229372,0.33921478438608876,0.0667099734347676,0.938149031680836
1757619203025.0898,191095,LeftRS,LeftRS,-215.18119051178766,-481.4368711734539,250.64875476141435,-0.00611152237097304,-0.5500986645659413,0.8350494097799668,-0.006825815937042914
1757619203036.4973,191096,April7,April7,1192.4028659418068,1529.753380766683,1642.9133725183726,-0.6844091449638199,0.18283376374055937,-0.183700671059319,0.681476338972022
1757619203036.4973,191096,UWB2,UWB2,-1223.074775397095,2021.7437630244556,1719.580833049313,0.5003603606391428,0.5018923043358366,-0.4944159080165774,0.5032857381743243
1757619203036.4973,191096,UWB3,UWB3,1879.2711569776015,-1460.3033354329807,1388.3522953878314,-0.7061694484198096,-0.00021397466169698415,0.7080406852593358,-0.0017470978210147618
1757619203036.4973,191096,UWB4,UWB4,-749.4036114422363,-1868.511765675182,1445.2679736454568,-0.14053611801092925,0.5984168057040337,0.09422166718805845,0.7831150640983111
1757619203036.4973,191096,UWB1,UWB1,-168.84099687891216,-443.4187278464118,238.45644951966935,0.01848968255198,0.3391196442385047,0.06663862092343142,0.938197896358812
1757619203036.4973,191096,LeftRS,LeftRS,-215.187430784719,-481.3912208559113,250.63375864532068,-0.007281763082374665,-0.5526033176370057,0.8333930414320414,-0.005708568615562493
1757619203045.4458,191097,April7,April7,1192.6071475199135,1529.5772568520122,1642.817356064897,-0.6844636251237883,0.18288926913351863,-0.1841754461940183,0.6812785525300528
1757619203045.4458,191097,UWB2,UWB2,-1223.0518508085702,2021.8002382479353,1719.5899978173497,0.5010016114471081,0.5003737819342511,-0.49564792137887587,0.502947911530623
1757619203045.4458,191097,UWB3,UWB3,1879.3013659829192,-1460.2947521159977,1388.3851167885023,-0.7058708717552121,2.772178784061345e-05,0.7083391808798672,-0.0013843660925934795
1757619203045.4458,191097,UWB4,UWB4,-749.4032852023203,-1868.456859015761,1445.292028167234,-0.14143837737922352,0.5983552818816129,0.09471873086809672,0.782939655446986
1757619203045.4458,191097,UWB1,UWB1,-168.86121122115676,-443.4210232768221,238.45997973859744,0.018665791131718453,0.3392589000642563,0.06646908981564953,0.9381560888613883
1757619203045.4458,191097,LeftRS,LeftRS,-215.18585931269257,-481.4648160772925,250.66686672102554,-0.006514594565506149,-0.5502694887208405,0.8349366133148084,-0.00647314351378789
1757619203070.8872,191098,April7,April7,1192.626548259779,1529.5875526601035,1642.8203371689103,-0.6845126244824736,0.1828211971610346,-0.18410223659538988,0.6812673801623687
1757619203070.8872,191098,UWB2,UWB2,-1223.0611086461545,2021.77034321817,1719.6125895959142,0.5003577795678861,0.5009143750886774,-0.4952372106780613,0.5034550490512816
1757619203070.8872,191098,UWB3,UWB3,1879.283694054526,-1460.2964745187671,1388.3602596363198,-0.7061513294785422,8.159761454769901e-05,0.7080593649861164,-0.0014929410485008323
1757619203070.8872,191098,UWB4,UWB4,-749.3979161825215,-1868.4706127232396,1445.073219974811,-0.1370921406135138,0.5953045571754988,0.09796369272876969,0.7856343577613132
1757619203070.8872,191098,UWB1,UWB1,-168.8731710930196,-443.4187190986559,238.45455218052157,0.018720345183385875,0.33901997016110363,0.06642022231134724,0.9382448308284413
1757619203070.8872,191098,LeftRS,LeftRS,-215.22196392694414,-481.04246573488865,250.72435157268288,-0.010337752624039652,-0.5642494658975996,0.8255057750908896,-0.007475720470120079
1757619203075.9878,191099,April7,April7,1192.3913144336695,1529.7262814876678,1642.9866650650756,-0.684358795765678,0.18273798665236907,-0.18363315802101884,0.6815707814802634
1757619203075.9878,191099,UWB2,UWB2,-1223.06224568004,2021.7676266341198,1719.5880551284777,0.5010006344274205,0.5015496553037299,-0.49450896309019743,0.5028987900079795
1757619203075.9878,191099,UWB3,UWB3,1879.2679342943634,-1460.3127913738642,1388.3882541450298,-0.7060127177925619,-0.000370341749926209,0.7081972205048458,-0.0016130813245032916
1757619203075.9878,191099,UWB4,UWB4,-749.4129298252727,-1868.4511999713757,1445.067002245232,-0.13690574444604192,0.5952809536252613,0.09757984559907248,0.7857325099049522
1757619203075.9878,191099,UWB1,UWB1,-168.87378095922372,-443.42452195885966,238.46994765783612,0.01906948561015941,0.3390837515515101,0.0662636002474087,0.938225825393103
1757619203075.9878,191099,LeftRS,LeftRS,-215.2348903634084,-481.0402462794627,250.72994904369298,-0.010283343625705597,-0.5643838858546023,0.8254139076638993,-0.007547401310835313
1757619203081.1155,191100,April7,April7,1192.6319283820535,1529.6336959110197,1642.8412016223256,-0.6844744032013134,0.1829758858201901,-0.18419660745732486,0.6812387440330554
1757619203081.1155,191100,UWB2,UWB2,-1223.07652027229,2021.8032799511263,1719.642151061844,0.5006908000352192,0.5010384844138875,-0.494866180270406,0.5033652982883354
1757619203081.1155,191100,UWB3,UWB3,1879.2813882044616,-1460.3016382401804,1388.3861650744577,-0.7059891208657931,-0.00018392431861976636,0.7082213205873292,-0.0013742112388688405
1757619203081.1155,191100,UWB4,UWB4,-749.4027509202438,-1868.4572921825977,1445.0756201674226,-0.13678803197463746,0.5955349504154307,0.09776934306586262,0.7855369582003547
1757619203081.1155,191100,UWB1,UWB1,-168.86902498986234,-443.4090579664411,238.48260017735313,0.018785894924064527,0.33902992917342006,0.0665119533217618,0.9382334236968387
1757619203081.1155,191100,LeftRS,LeftRS,-215.2243834387117,-480.98936551413453,250.7377904402945,-0.010553384989859228,-0.5646116311071832,0.8252600718077943,-0.006938729245056478
1757619203087.0718,191101,April7,April7,1192.3868073764586,1529.7691538018607,1642.9755240935176,-0.6843444989315179,0.1829149392625872,-0.1837846231366486,0.6814968408402593
1757619203087.0718,191101,UWB2,UWB2,-1223.0458631253227,2021.7821536601468,1719.6209579486967,0.5009175634735968,0.5007133572531317,-0.49517780448391285,0.5031567056280425
1757619203087.0718,191101,UWB3,UWB3,1879.2737506306603,-1460.3037143205595,1388.3888466951644,-0.7058983281949104,-0.00047593552334662713,0.7083115140014402,-0.0014570072052157474
1757619203087.0718,191101,UWB4,UWB4,-749.4093691271646,-1868.4499754305907,1445.0673264594602,-0.13655459991582639,0.5952645020703915,0.09725489500964277,0.7858463585290582
1757619203087.0718,191101,UWB1,UWB1,-168.85969408008782,-443.41265783215493,238.49068643308232,0.018643915422399317,0.33915159593033206,0.06674901623904492,0.93817544639942
1757619203087.0718,191101,LeftRS,LeftRS,-215.2070941009664,-481.02476673971626,250.763156871151,-0.010201305595035655,-0.564069601082661,0.8256313660458534,-0.007366539205260959
1757619203096.308,191102,April7,April7,1192.384458585343,1529.7831900369338,1642.9403226212312,-0.6843391474474034,0.18284553616190388,-0.18383629151457082,0.6815069031923278
1757619203096.308,191102,UWB2,UWB2,-1223.0801254435128,2021.7905104708427,1719.6503429399895,0.5003510605943449,0.50133799837455,-0.4948645157223253,0.5034065341518945
1757619203096.308,191102,UWB3,UWB3,1879.2766552964329,-1460.296430272706,1388.3666024675274,-0.7059724897407318,-0.0002978172034391757,0.7082372708649937,-0.0016502096506889527
1757619203096.308,191102,UWB4,UWB4,-749.3525468865336,-1868.4701659649218,1445.2776853509652,-0.1416927460249256,0.5987046214023073,0.09508088234184082,0.7825826268506944
1757619203096.308,191102,UWB1,UWB1,-168.8402824008647,-443.41519647253784,238.4532595504163,0.018917069262698667,0.3391769815533432,0.06676516342476867,0.9381596519930588
1757619203096.308,191102,LeftRS,LeftRS,-215.15600222783647,-481.3947413580512,250.65690804420075,-0.006670438794061438,-0.5513699882406993,0.8342106036373013,-0.006269776139185699
1757619203105.5608,191103,April7,April7,1192.3932887887122,1529.787439673523,1642.9256491587118,-0.684335000489587,0.1828496970636652,-0.18379151709647187,0.68152202725372
1757619203105.5608,191103,UWB2,UWB2,-1223.0628430487448,2021.8303771819983,1719.5832204038443,0.5009429032071583,0.500778362030444,-0.4954024557448713,0.5028455495382655
1757619203105.5608,191103,UWB3,UWB3,1879.2736431009064,-1460.2986182390384,1388.3556584017967,-0.706088251721709,-0.0005426695645622109,0.7081218204793231,-0.0016042603820675032
1757619203105.5608,191103,UWB4,UWB4,-749.3704129734137,-1868.4653686487884,1445.2839878517948,-0.1407431256498467,0.5985983870127899,0.09437070348968994,0.7829211416042224
1757619203105.5608,191103,UWB1,UWB1,-168.83433348321432,-443.41585921652927,238.43915306259788,0.018465888041086728,0.33937291560329624,0.06692557892251644,0.9380863510464579
1757619203105.5608,191103,LeftRS,LeftRS,-215.2204056635503,-481.01764518287007,250.71129032694355,-0.009148627651679533,-0.5626329237318582,0.8266194594619682,-0.007795189788287195
1757619203116.9504,191104,April7,April7,1192.425674537784,1529.7874220437698,1642.905341800336,-0.6843789515854568,0.18292311463360067,-0.18388362642381242,0.6814333398746801
1757619203116.9504,191104,UWB2,UWB2,-1223.0272313318071,2021.7003471095802,1719.5767070221361,0.500025465652902,0.502085619979586,-0.4937109432957271,0.5041171177200362
1757619203116.9504,191104,UWB3,UWB3,1879.2761716268935,-1460.2932852025303,1388.3570116165035,-0.7058550399399312,-0.00027825192351407265,0.7083545040890102,-0.0015753425270810342
1757619203116.9504,191104,UWB4,UWB4,-749.3878445822642,-1868.4513823877055,1445.272589200957,-0.14127965502157547,0.5984520252350146,0.09470606932108527,0.78289590176654
1757619203116.9504,191104,UWB1,UWB1,-168.83580828208827,-443.433408540457,238.42970209755677,0.018959078878431773,0.3393104749600514,0.06680366224648789,0.9381077899798738
1757619203116.9504,191104,LeftRS,LeftRS,-215.21753204087688,-480.99032119286613,250.6908804796355,-0.009897293333170775,-0.5640176906352822,0.8256695883675438,-0.0074712167744713995
1757619203127.5088,191105,April7,April7,1192.6513739137224,1529.6423107466253,1642.7605417024845,-0.6845183212394901,0.18297917882166115,-0.18432321314426017,0.6811594828682903
1757619203127.5088,191105,UWB2,UWB2,-1223.0401668743882,2021.7929323289482,1719.5542097678,0.49975622990005447,0.5014712485549443,-0.49440294027946485,0.5043173903325653
1757619203127.5088,191105,UWB3,UWB3,1879.2520549487226,-1460.3144988054191,1388.3259632770323,-0.706274899978059,-0.00039088782644057746,0.7079349697149001,-0.0019213335091403537
1757619203127.5088,191105,UWB4,UWB4,-749.3616316479854,-1868.4812706006012,1445.0495987959753,-0.13671749611515538,0.5956397152232882,0.09748839389945867,0.7855047224298698
1757619203127.5088,191105,UWB1,UWB1,-168.8390460161798,-443.45054188165113,238.42124913246073,0.01886796928404677,0.3392734139197421,0.06694227011478213,0.9381131503258119
1757619203127.5088,191105,LeftRS,LeftRS,-215.15065951600957,-481.4126221564555,250.61773704486325,-0.006543182936825331,-0.5512383619365051,0.8342963114197548,-0.006566569728980493
1757619203138.556,191106,April7,April7,1192.422139829851,1529.778016964896,1642.8996157334984,-0.6842980283875325,0.1828502298643737,-0.18374527792766418,0.6815714743317586
1757619203138.556,191106,UWB2,UWB2,-1223.0132124214017,2021.7091672958322,1719.5798692672,0.5001834591124159,0.5018351306855016,-0.49464485161118105,0.503293631605603
1757619203138.556,191106,UWB3,UWB3,1879.278661402565,-1460.3029805530737,1388.3503503616328,-0.706109157993214,-0.00013394635972492226,0.7081010480568549,-0.0016567429706134005
1757619203138.556,191106,UWB4,UWB4,-749.3719089907548,-1868.4395186676104,1445.058818600878,-0.1376903326463916,0.5955926149723827,0.0980606586083474,0.7852992528452974
1757619203138.556,191106,UWB1,UWB1,-168.84547391493342,-443.4364588276909,238.43981493170955,0.018796827377927296,0.3392250286717163,0.06671212718611688,0.9381484697474601
1757619203138.556,191106,LeftRS,LeftRS,-215.19372816462632,-481.47640263048663,250.67248717627584,-0.0060330394482810525,-0.5488038425792608,0.8358998223835603,-0.007030771251123159
1757619203146.2573,191107,April7,April7,1192.6448520087695,1529.6168205219567,1642.8234036466295,-0.6844739099468543,0.18295553259455205,-0.18425022101535762,0.6812302076030549
1757619203146.2573,191107,UWB2,UWB2,-1223.053600551674,2021.7423996225095,1719.5639782771386,0.5001237877815937,0.5017589146549795,-0.494171814415629,0.5038932489093436
1757619203146.2573,191107,UWB3,UWB3,1879.261247525877,-1460.3161782574468,1388.3645585092602,-0.7058778748246283,-0.00047964158272630595,0.7083310007425968,-0.0018409682262617796
1757619203146.2573,191107,UWB4,UWB4,-749.4428354888738,-1868.4824917708136,1445.0526792281012,-0.13667653268514168,0.5951798870365712,0.09725872669370479,0.7858887755670143
1757619203146.2573,191107,UWB1,UWB1,-168.85450856417,-443.4429200577939,238.43882638806696,0.018925573135401434,0.3389314000341343,0.06656343755471304,0.9382625632163408
1757619203146.2573,191107,LeftRS,LeftRS,-215.17476087243963,-481.4225460701791,250.65617664189298,-0.006858366757224953,-0.5518507900111544,0.8338940656725767,-0.005861365502039782
1757619203167.2756,191108,April7,April7,1192.617025854059,1529.6067442249773,1642.8296284247062,-0.6845535735041615,0.18293860400446765,-0.184187984583709,0.681171533831656
1757619203167.2756,191108,UWB2,UWB2,-1223.0791452936787,2021.820843646812,1719.5825185082472,0.501023754592833,0.5002216030390215,-0.4955288437842532,0.5031945053004987
1757619203167.2756,191108,UWB3,UWB3,1879.2739016754686,-1460.3027253897453,1388.3702678552802,-0.706092560834488,-0.00023131542109015632,0.7081177767996694,-0.001567229295446326
1757619203167.2756,191108,UWB4,UWB4,-749.383321315035,-1868.431292765318,1445.3054925050765,-0.14154844724299728,0.5986727197469894,0.09477580532071708,0.7826701466388307
1757619203167.2756,191108,UWB1,UWB1,-168.8713390055461,-443.40353819554093,238.48432727774562,0.018449985041138657,0.33908257085329735,0.06646511935742415,0.9382243847312346
1757619203167.2756,191108,LeftRS,LeftRS,-215.19883018125705,-481.4265831009916,250.6573348293819,-0.006936722589918567,-0.5524586555199736,0.833490367243872,-0.005926510984457724
1757619203172.2634,191109,April7,April7,1192.6323550961163,1529.5863492888434,1642.838447235972,-0.6845083771680001,0.18288059838135723,-0.18406539224671237,0.681265660149968
1757619203172.2634,191109,UWB2,UWB2,-1223.06436389624,2021.8975491262745,1719.5886530152866,0.5016033713516894,0.5001384936670175,-0.49612615534238935,0.502109931176715
1757619203172.2634,191109,UWB3,UWB3,1879.282196902879,-1460.2894879953735,1388.369102195747,-0.7059029104385288,-3.4148489503157517e-05,0.7083063636660956,-0.0017818693577277439
1757619203172.2634,191109,UWB4,UWB4,-749.3963420426284,-1868.440590319704,1445.2948060914648,-0.1415166737056585,0.59837883556862,0.09473202834645231,0.7829058966518235
1757619203172.2634,191109,UWB1,UWB1,-168.86721852600363,-443.40765534472945,238.47951803709537,0.01833000417188392,0.3390985877035353,0.06650031455258858,0.9382184537350208
1757619203172.2634,191109,LeftRS,LeftRS,-215.20977542631067,-481.02474390000884,250.7190195042822,-0.01077579341922591,-0.5653030448349247,0.824782877941194,-0.007039462450412937
1757619203178.4805,191110,April7,April7,1192.418503720876,1529.7285227639964,1642.9614485273391,-0.684348588971594,0.18276816211771502,-0.18357765004874715,0.6815878916847634
1757619203178.4805,191110,UWB2,UWB2,-1223.045254132573,2021.811121589234,1719.6310945399657,0.5007707898867302,0.5010463535852968,-0.4952021546551849,0.5029473069616341
1757619203178.4805,191110,UWB3,UWB3,1879.272959200235,-1460.3062503319643,1388.4006239005337,-0.705591009412219,-0.0003301895839458002,0.7086173916131289,-0.0016157706799452048
1757619203178.4805,191110,UWB4,UWB4,-749.4757513714374,-1868.4662562742194,1445.081277375525,-0.13602720684794992,0.5951157746116031,0.09643816408154819,0.7861510632913735
1757619203178.4805,191110,UWB1,UWB1,-168.8738191445102,-443.40678122424646,238.4653221152005,0.018635949091351703,0.3390474893696933,0.06640353065610786,0.9382377483719015
1757619203178.4805,191110,LeftRS,LeftRS,-215.17152233874154,-481.4520443748992,250.68388676405706,-0.007259041640748406,-0.5514409317052122,0.8341562784433029,-0.006596081273335088
1757619203187.6304,191111,April7,April7,1192.3874237848638,1529.751919943014,1642.953695356264,-0.6844145897223184,0.18286784172466294,-0.18373293790656928,0.6814530279970991
1757619203187.6304,191111,UWB2,UWB2,-1223.0540699173146,2021.7727398119143,1719.6137086927683,0.5006261075749704,0.501138956650898,-0.49462122675588444,0.503570341247067
1757619203187.6304,191111,UWB3,UWB3,1879.267425610611,-1460.3032974743999,1388.364443661868,-0.7060893445603053,-0.00034740040012461366,0.7081206713944338,-0.0016827225727586372
1757619203187.6304,191111,UWB4,UWB4,-749.3511246789622,-1868.4342471303682,1445.3059398881917,-0.14192283901813266,0.5986865875686544,0.09509767398940257,0.782552688342605
1757619203187.6304,191111,UWB1,UWB1,-168.85154843121094,-443.4074863138652,238.47106111257528,0.018461336476481138,0.3393358298780171,0.06649994152596388,0.9381301249792287
1757619203187.6304,191111,LeftRS,LeftRS,-215.2163944102111,-481.0006995065093,250.71150937287533,-0.01034737462260509,-0.5650279451569402,0.8249757359896966,-0.007168546463798059
1757619203197.634,191112,April7,April7,1192.6338324661483,1529.631763301814,1642.8223697998446,-0.6844829675459254,0.18295953203390564,-0.18429392357303753,0.6812082108368288
1757619203197.634,191112,UWB2,UWB2,-1223.022744122907,2021.8408779123422,1719.5696557848903,0.5002737092806347,0.500464975372894,-0.49550162473539816,0.5037252863537666
1757619203197.634,191112,UWB3,UWB3,1879.276597296403,-1460.2998085408208,1388.3607967849362,-0.7061229231222351,-0.00024209034448831565,0.7080874841757478,-0.001572764202101274
1757619203197.634,191112,UWB4,UWB4,-749.3730523128679,-1868.439811198316,1445.0561292674308,-0.1372249186889562,0.595492849421312,0.09797566496733248,0.785466967512387
1757619203197.634,191112,UWB1,UWB1,-168.8485204387485,-443.4288946608692,238.45009518007643,0.019195058974502455,0.33914025153672533,0.06653456288535145,0.9381836661551016
1757619203197.634,191112,LeftRS,LeftRS,-215.19961091162014,-481.4083452693239,250.64054511111726,-0.0067713192901068696,-0.551339477210893,0.8342270425187381,-0.00664617441316884
1757619203206.686,191113,April7,April7,1192.4254976715083,1529.7766438615615,1642.9450752554312,-0.6843150317499628,0.182808423210022,-0.18383008636711973,0.681542747794128
1757619203206.686,191113,UWB2,UWB2,-1223.063652003695,2021.8033080053704,1719.5663721231615,0.5004744309482397,0.500245271883677,-0.49549646458848556,0.503749208937715
1757619203206.686,191113,UWB3,UWB3,1879.285820181476,-1460.296355912507,1388.3399321094148,-0.706055926038248,-0.00014422100492173328,0.7081539587344892,-0.0017260461306758265
1757619203206.686,191113,UWB4,UWB4,-749.3966198361278,-1868.4254138785136,1445.074523993421,-0.13780095244233587,0.5954836581307547,0.09780004382828174,0.7853949718659943
1757619203206.686,191113,UWB1,UWB1,-168.86448665139406,-443.4258187899776,238.44998847585882,0.019386528130298307,0.3392931249795694,0.06653070046737072,0.9381247271892861
1757619203206.686,191113,LeftRS,LeftRS,-215.20919039902955,-481.01508221018514,250.70096374680958,-0.009494173642273292,-0.5629176149287944,0.8264204598918901,-0.007927354022925808
1757619203217.6296,191114,April7,April7,1192.4545871530238,1529.8022555788864,1642.929739704493,-0.6842781289283857,0.18289088877574566,-0.18395140914022876,0.6815249402247945
1757619203217.6296,191114,UWB2,UWB2,-1223.05356033529,2021.7159619902432,1719.573335469572,0.49964456291889375,0.5018072222329607,-0.49417391868676785,0.5043183127253971
1757619203217.6296,191114,UWB3,UWB3,1879.3015879037166,-1460.2888639896066,1388.3656041787758,-0.7058719130708403,-0.00010286590234200881,0.7083376787147831,-0.0016014584824115832
1757619203217.6296,191114,UWB4,UWB4,-749.3979557629118,-1868.4302528772769,1445.0620510606443,-0.13737871802662513,0.5953412792321607,0.09795696811141986,0.7855573062953419
1757619203217.6296,191114,UWB1,UWB1,-168.82623459260716,-443.4206206654445,238.45990372879749,0.018928186013212448,0.3393466759272762,0.0667628330516183,0.9380982258986952
1757619203217.6296,191114,LeftRS,LeftRS,-215.2045981438743,-481.05191132990615,250.7123626782804,-0.00941825644989531,-0.562075446445124,0.8269877290363115,-0.008589817944680613
1757619203226.6313,191115,April7,April7,1192.4612838548048,1529.808231394593,1642.9233334747582,-0.6842909044734583,0.18290765581891913,-0.18393497234809084,0.6815120493762612
1757619203226.6313,191115,UWB2,UWB2,-1223.0342250226624,2021.7867260695077,1719.5813082931415,0.5004302268767566,0.5005296956249431,-0.49541508194117057,0.5035906158884448
1757619203226.6313,191115,UWB3,UWB3,1879.2831078639445,-1460.3018449405156,1388.3686851218733,-0.7059803047866878,-0.000215936528629378,0.7082297934194957,-0.0015239218121488845
1757619203226.6313,191115,UWB4,UWB4,-749.3674786105005,-1868.4640022652668,1445.0477395390417,-0.13668937894542357,0.5958952474863068,0.09732811580887521,0.7853356642734634
1757619203226.6313,191115,UWB1,UWB1,-168.83224323805692,-443.4312746648124,238.4428446591867,0.01927541598467364,0.3392917697822037,0.06666732840792895,0.9381178074312561
1757619203226.6313,191115,LeftRS,LeftRS,-215.21025541653202,-481.4127085699665,250.63226586415135,-0.006140858923326582,-0.5504894797923233,0.8347955841663935,-0.0063210083017307545
1757619203237.5706,191116,April7,April7,1192.6317352625776,1529.6470417561054,1642.8029938495747,-0.6845472309750885,0.18307339338263717,-0.18432468321472922,0.681104714678657
1757619203237.5706,191116,UWB2,UWB2,-1223.0071124284077,2021.880307518006,1719.572939654859,0.5008623116611398,0.5001052312791809,-0.49724949405824714,0.5017715048340964
1757619203237.5706,191116,UWB3,UWB3,1879.2883456997524,-1460.2950179323254,1388.3523756910772,-0.7060591791683349,-5.893847137562209e-05,0.7081509695640335,-0.0016236822081511998
1757619203237.5706,191116,UWB4,UWB4,-749.4057718325693,-1868.4544971455616,1445.0525403588028,-0.13646487554333683,0.5952462482340553,0.09775638205291586,0.785813547525205
1757619203237.5706,191116,UWB1,UWB1,-168.8348313967394,-443.43102310767455,238.43781113800455,0.01888976370743302,0.33923661626575796,0.06678138777624797,0.9381374852644546
1757619203237.5706,191116,LeftRS,LeftRS,-215.17907200539105,-481.42739910993043,250.64658717767875,-0.006012033670901892,-0.5501845522077272,0.8349920843265304,-0.0070023621128265014
1757619203246.5637,191117,April7,April7,1192.649143069433,1529.6342402042053,1642.7900407429433,-0.6844810202544027,0.18290537722422073,-0.1842612527390335,0.681233547788862
1757619203246.5637,191117,UWB2,UWB2,-1223.0890888442136,2021.7927021501168,1719.602288373253,0.5007735466624136,0.5014393459228056,-0.4948154746110675,0.502933478115228
1757619203246.5637,191117,UWB3,UWB3,1879.2660643103359,-1460.3171062248603,1388.3558217018588,-0.7061328845405138,-0.0005690155784196581,0.7080761155701776,-0.0020591626486537963
1757619203246.5637,191117,UWB4,UWB4,-749.3924080771534,-1868.4793880786544,1445.0500235954823,-0.13637547236641423,0.5954581523118696,0.09712311369118434,0.7857470459181511
1757619203246.5637,191117,UWB1,UWB1,-168.84708601032895,-443.42221729396886,238.4450892187663,0.018555613010244828,0.33921238314303237,0.0666541915623272,0.9381619620808612
1757619203246.5637,191117,LeftRS,LeftRS,-215.1544643910877,-481.4283604401551,250.6319571956987,-0.006583481042699226,-0.5513058875570158,0.8342514147854542,-0.006561482362976378
1757619203256.5203,191118,April7,April7,1192.6170756332124,1529.612330718165,1642.807092862677,-0.6845683111309147,0.18285734121462688,-0.18420682024790758,0.6811734489345868
1757619203256.5203,191118,UWB2,UWB2,-1223.04251220502,2021.7785865744104,1719.6136532584833,0.5002912651303058,0.5013044146019278,-0.4951946721244278,0.5031746919654418
1757619203256.5203,191118,UWB3,UWB3,1879.27320318761,-1460.3260776101201,1388.3966938440367,-0.7059565425608985,-0.00047073899733344413,0.7082525875450161,-0.0018467961577291524
1757619203256.5203,191118,UWB4,UWB4,-749.3687093581879,-1868.459787416363,1445.0624754704004,-0.13739621067719976,0.5954982857292604,0.09834692292406418,0.7853865008621086
1757619203256.5203,191118,UWB1,UWB1,-168.85727807647075,-443.4046672199357,238.46459972197644,0.018537246918790377,0.3392921765213111,0.06641236494811394,0.9381506207481302
1757619203256.5203,191118,LeftRS,LeftRS,-215.20356510535316,-481.04793560132697,250.73237631497534,-0.01010367778657279,-0.5637120131433333,0.8258723163256341,-0.007848506864833628
1757619203265.52,191119,April7,April7,1192.6145474013438,1529.5876337523002,1642.8493361660503,-0.6845358170800458,0.18290464443633742,-0.18406038376141634,0.6812329860684752
1757619203265.52,191119,UWB2,UWB2,-1223.0595852030967,2021.751735615788,1719.6249116223532,0.5004993334721998,0.5012446441819064,-0.4948309381397454,0.5033851075792544
1757619203265.52,191119,UWB3,UWB3,1879.2627687875618,-1460.3110853149028,1388.3935298187432,-0.7058433082142447,-0.0004772377587137797,0.7083659877792593,-0.0016198304870654896
1757619203265.52,191119,UWB4,UWB4,-749.370417034433,-1868.4344940014557,1445.3100286203446,-0.14184088171932388,0.5987327289789166,0.09505489421464018,0.7825374435823425
1757619203265.52,191119,UWB1,UWB1,-168.87703314799612,-443.4089743374845,238.48305627459044,0.018580879399503543,0.3390189731326941,0.06655062675974008,0.938238722743141
1757619203265.52,191119,LeftRS,LeftRS,-215.17513271627112,-481.457856418432,250.66107136735985,-0.007021793755943205,-0.5510987838650372,0.8343823620208906,-0.006848268639998551
1757619203276.5237,191120,April7,April7,1192.3697202160643,1529.7343829297693,1642.9805399351562,-0.6843745221389902,0.18276674677879098,-0.18362130808124336,0.681550471306021
1757619203276.5237,191120,UWB2,UWB2,-1223.0714137939283,2021.737805695334,1719.6106214118067,0.5003582483723533,0.502088265335583,-0.4940991729285318,0.5034034211339814
1757619203276.5237,191120,UWB3,UWB3,1879.269766099778,-1460.3079517472281,1388.3925889600453,-0.7061222320794591,-0.00014756258078533593,0.7080881484063491,-0.0015955171185429225
1757619203276.5237,191120,UWB4,UWB4,-749.4103682044721,-1868.4464759427278,1445.0653031826873,-0.13687565979255537,0.5953010885483377,0.0974988360063604,0.7857325529128355
1757619203276.5237,191120,UWB1,UWB1,-168.87993861631634,-443.4140773979038,238.4831306607711,0.01860408216414503,0.3389722110092486,0.06655712324342763,0.9382546976359301
1757619203276.5237,191120,LeftRS,LeftRS,-215.17020139415618,-481.45711592584536,250.68817247699891,-0.0068128757394788604,-0.5508998049316844,0.8345162841177796,-0.006749903158121469
1757619203285.6204,191121,April7,April7,1192.3820096561635,1529.7298130512668,1642.9799872678125,-0.6843703604717707,0.18277132675269325,-0.18360030624078127,0.6815590798845618
1757619203285.6204,191121,UWB2,UWB2,-1223.0920237779605,2021.7666657037998,1719.5987501110296,0.5003046578075525,0.5011449806731759,-0.4942185662540998,0.5042786595642252
1757619203285.6204,191121,UWB3,UWB3,1879.2770585341168,-1460.3097062812392,1388.3792288011937,-0.7060911962973906,-0.00035225309915942147,0.7081194050375236,-0.0014165586390127581
1757619203285.6204,191121,UWB4,UWB4,-749.4282366749044,-1868.456767151471,1445.0707977436352,-0.13687980774997832,0.5953655986223539,0.09754383368041687,0.7856773655377265
1757619203285.6204,191121,UWB1,UWB1,-168.8653963239942,-443.42704108162854,238.4705895794682,0.018805940864388856,0.339111062668358,0.06646086293675134,0.9382073211512711
1757619203285.6204,191121,LeftRS,LeftRS,-215.18442674998118,-481.43947290965593,250.6770666798312,-0.006401077414460042,-0.5506833552645168,0.8346655601901517,-0.0063459494962034456
1757619203297.8152,191122,April7,April7,1192.6126122378687,1529.6319720672186,1642.844043170328,-0.684496089824212,0.18296088178949635,-0.18424814894815456,0.6812070451480615
1757619203297.8152,191122,UWB2,UWB2,-1223.0466652016255,2021.7621819407384,1719.6366773989253,0.5006171237467324,0.500954279398001,-0.4948092424409645,0.5035783146238301
1757619203297.8152,191122,UWB3,UWB3,1879.2783796216802,-1460.3321642445362,1388.3968646052094,-0.7057344864619172,-0.0006927246476747541,0.7084735061210781,-0.0019094175560934977
1757619203297.8152,191122,UWB4,UWB4,-749.4013653442951,-1868.4422471806863,1445.0583909379673,-0.13668383323767835,0.5954645529774629,0.09785593210313508,0.7855976784786418
1757619203297.8152,191122,UWB1,UWB1,-168.85412965716577,-443.41851617640697,238.46279709100548,0.018895677289078174,0.3390583352421714,0.06648315946938418,0.9382229949162207
1757619203297.8152,191122,LeftRS,LeftRS,-215.21321891594272,-481.0196333222203,250.70300497611987,-0.010119848691893847,-0.5645445750149483,0.8253085908867348,-0.0072623200285482125
1757619203307.173,191123,April7,April7,1192.631765073219,1529.6394182533804,1642.8018062751116,-0.684467139428641,0.1829428232174124,-0.1842487420693864,0.6812408234401875
1757619203307.173,191123,UWB2,UWB2,-1223.063694501892,2021.7866018702177,1719.575768856413,0.5008624167052164,0.5012137190149616,-0.4949230612767668,0.5029640253734209
1757619203307.173,191123,UWB3,UWB3,1879.2842610395167,-1460.294175795164,1388.3596931920924,-0.7058478815737025,-0.0002736932698270681,0.7083616661182224,-0.0015630560216170477
1757619203307.173,191123,UWB4,UWB4,-749.4378923071994,-1868.48416460613,1445.0522460135526,-0.13719848160669357,0.5952016357208767,0.09783349085777245,0.7857099958296272
1757619203307.173,191123,UWB1,UWB1,-168.85621977893922,-443.4362574210702,238.44189225604833,0.01930786696527582,0.33923621898474193,0.06654652058118245,0.9381458066850408
1757619203307.173,191123,LeftRS,LeftRS,-215.16764296597353,-481.42578581528124,250.6651189979279,-0.006831994630528906,-0.5507343836235473,0.8346216913326953,-0.007182959077648118
1757619203318.1714,191124,April7,April7,1192.6013176758136,1529.6511901928761,1642.810967184521,-0.6845496890061067,0.18304496292776393,-0.18438126243430308,0.6810945711804998
1757619203318.1714,191124,UWB2,UWB2,-1222.9936660880164,2021.8250159671152,1719.5754346997396,0.5008528863608299,0.5005383808814687,-0.4959749748062311,0.5026097291682106
1757619203318.1714,191124,UWB3,UWB3,1879.2693403784688,-1460.3133004806193,1388.356077959181,-0.7059336628840989,-0.0006657260557813421,0.7082746078774372,-0.002073704877942976
1757619203318.1714,191124,UWB4,UWB4,-749.4018431699302,-1868.4797126883625,1445.2636405688029,-0.1412673046978331,0.5984116037550171,0.0947108826713286,0.7829284448903208
1757619203318.1714,191124,UWB1,UWB1,-168.83795706340123,-443.45245063483543,238.43574650021543,0.019874271848811114,0.3393496499956728,0.0664997900847609,0.9380962670669661
1757619203318.1714,191124,LeftRS,LeftRS,-215.18285285544255,-481.41866059045645,250.63178885518136,-0.006057932216810773,-0.5501426948410232,0.8350189626975054,-0.00704618378240498
1757619203326.2722,191125,April7,April7,1192.406012264708,1529.7901413684,1642.9097930083592,-0.6843910200681265,0.18294147604274474,-0.1838397261207714,0.6814281349439946
1757619203326.2722,191125,UWB2,UWB2,-1223.0085489403564,2021.9353656354817,1719.5620037856784,0.5010560412616298,0.4996559251771189,-0.497564294646141,0.5017136360952428
1757619203326.2722,191125,UWB3,UWB3,1879.250377206458,-1460.3240785120606,1388.3396588162968,-0.7061935906779573,-0.000758327079771345,0.7080148907702636,-0.002225280428553948
1757619203326.2722,191125,UWB4,UWB4,-749.3799488990846,-1868.4608096787108,1445.286968043957,-0.14064791861721596,0.5984871224463235,0.09410240812595025,0.7830555944755528
1757619203326.2722,191125,UWB1,UWB1,-168.8255030721271,-443.4131414978858,238.44969978138772,0.018490063162337013,0.3394370650012684,0.0669053507251666,0.9380641078902443
1757619203326.2722,191125,LeftRS,LeftRS,-215.15412633749773,-481.40925949713767,250.6380321608133,-0.006104445058541367,-0.5507575092951554,0.8346139992589364,-0.006955138138700503
1757619203336.4485,191126,April7,April7,1192.4224156657654,1529.817026079142,1642.9200338181686,-0.6843051460578998,0.18292982467761384,-0.18393175360345748,0.6814926678537715
1757619203336.4485,191126,UWB2,UWB2,-1222.9914005492628,2021.8979723227978,1719.5846478193064,0.5007259984156728,0.4999629503589077,-0.49726371431873356,0.5020351792464162
1757619203336.4485,191126,UWB3,UWB3,1879.245059153456,-1460.3333914096481,1388.3663522713655,-0.7060390930002178,-0.0010969857085819084,0.7081688113794397,-0.0021284659303502703
1757619203336.4485,191126,UWB4,UWB4,-749.4136728314189,-1868.456740492442,1445.0526261400937,-0.1369167678469169,0.5953397007052942,0.09750641231203254,0.7856951947189956
1757619203336.4485,191126,UWB1,UWB1,-168.83134259154053,-443.41262249297984,238.44705562587546,0.018478490865026356,0.3392627308758995,0.06685519313825407,0.938130975911373
1757619203336.4485,191126,LeftRS,LeftRS,-215.19276755289906,-481.00307803490483,250.70306214031035,-0.009802656440129799,-0.5634263023487868,0.8260713352655877,-0.0078012050876412045
1757619203347.334,191127,April7,April7,1192.42377775685,1529.771035739444,1642.935925436572,-0.6843179455484237,0.18277506138317293,-0.18384024860020767,0.6815460287694264
1757619203347.334,191127,UWB2,UWB2,-1223.035989465874,2021.875882583802,1719.5963216933048,0.5015835556239838,0.5002137944794888,-0.49627910667996106,0.5019035214191803
1757619203347.334,191127,UWB3,UWB3,1879.2744835000397,-1460.30046383476,1388.3727424894657,-0.7059555466919492,-0.00041700653317231775,0.7082541774427705,-0.0016162720337869173
1757619203347.334,191127,UWB4,UWB4,-749.3636352880931,-1868.4560185497526,1445.292128165535,-0.14080284343299201,0.5986523489118415,0.09398802631557802,0.782915177610462
1757619203347.334,191127,UWB1,UWB1,-168.84770105283218,-443.404567411259,238.4566539799331,0.018823780260040907,0.33927447126292215,0.06650985345612655,0.9381444120385896
1757619203347.334,191127,LeftRS,LeftRS,-215.1874894957855,-481.0019871347274,250.70771884519598,-0.01002356541846195,-0.563820294208921,0.8258001801606502,-0.00776314505244833
1757619203358.5054,191128,April7,April7,1192.626455021188,1529.6252042442056,1642.8272231473914,-0.6844828498105381,0.18297780371376476,-0.18419761477925736,0.6812294696891524
1757619203358.5054,191128,UWB2,UWB2,-1223.072420763558,2021.7707452863958,1719.6333315327533,0.5008343805842363,0.5007169415620942,-0.4948682232716535,0.5035403749983348
1757619203358.5054,191128,UWB3,UWB3,1879.2868431510287,-1460.296028312319,1388.3841413609723,-0.7058498476869546,-0.00038501606337186013,0.7083599210858035,-0.0014375264339984977
1757619203358.5054,191128,UWB4,UWB4,-749.4128611370874,-1868.4486198932482,1445.078433324316,-0.13686104283570935,0.5953736807914444,0.09694631366112519,0.7857484632134436
1757619203358.5054,191128,UWB1,UWB1,-168.86146251013136,-443.40802056394904,238.4694725697318,0.018594549117819832,0.3392792996044888,0.06654349567039398,0.9381448517083899
1757619203358.5054,191128,LeftRS,LeftRS,-215.22393385156525,-481.00901678247186,250.72835678130434,-0.010182419256517505,-0.5645361375149988,0.8253138593186694,-0.007231970288538467
1757619203374.087,191129,April7,April7,1192.4295754968746,1529.7603120581398,1642.9709401291796,-0.6843250463242916,0.18287862768587532,-0.18375248365640826,0.6815347850690298
1757619203374.087,191129,UWB2,UWB2,-1223.011451834609,2021.899155012453,1719.5974554688073,0.5015153015076461,0.4996577881585332,-0.49674870296259416,0.5020609755708939
1757619203374.087,191129,UWB3,UWB3,1879.2686310051142,-1460.3301909320746,1388.3899190773536,-0.7057776600893315,-0.0009381730952765091,0.7084296277727453,-0.0021158553450319256
1757619203374.087,191129,UWB4,UWB4,-749.3594287910953,-1868.4730278887864,1445.0668231178502,-0.13674768613293542,0.5955920939371891,0.0976036581732298,0.7855212625308153
1757619203374.087,191129,UWB1,UWB1,-168.85675412472358,-443.42309962209293,238.46199527484816,0.018792689836268167,0.3390635222333844,0.06643966674781505,0.9382262698207978
1757619203374.087,191129,LeftRS,LeftRS,-215.15835428488484,-481.2720856718812,250.5969476079461,-0.007738506741281634,-0.5543256902660463,0.8322427914383189,-0.00592289822987253
1757619203377.8271,191130,April7,April7,1192.3721661151778,1529.7465428597375,1642.9801032552946,-0.6844194056311852,0.18286759603463684,-0.18369974013271634,0.681457207013867
1757619203377.8271,191130,UWB2,UWB2,-1223.0373894337501,2021.7381629600561,1719.610180136011,0.49996042926078105,0.5024864318439278,-0.49392580687246407,0.5035714967028204
1757619203377.8271,191130,UWB3,UWB3,1879.2582906590144,-1460.3295328364254,1388.4024886880677,-0.7058746597085864,-0.0004863918693664656,0.7083347563835379,-0.0016127936355609222
1757619203377.8271,191130,UWB4,UWB4,-749.3863967258237,-1868.4314340190842,1445.074846563096,-0.137808354450861,0.5954371720009944,0.09802404958695687,0.7854009914340431
1757619203377.8271,191130,UWB1,UWB1,-168.86086595445363,-443.41662528665205,238.44140673844538,0.01876941904175411,0.33887082543479313,0.06633196129820879,0.9383039717960859
1757619203377.8271,191130,LeftRS,LeftRS,-215.18688516346955,-481.0427784025941,250.7097182782295,-0.010318808123252712,-0.5639863619204695,0.8256834182801069,-0.007732951823642583
1757619203387.8293,191131,April7,April7,1192.4033438093788,1529.7493417815635,1642.952217680257,-0.6843929482329951,0.18279939041179974,-0.18367456916406819,0.681508861216358
1757619203387.8293,191131,UWB2,UWB2,-1223.0626704540523,2021.7664530264883,1719.5907101112618,0.5005998216981825,0.5009567148325239,-0.49476909838989563,0.5036325323670059
1757619203387.8293,191131,UWB3,UWB3,1879.2854649547241,-1460.303018953849,1388.3579371959213,-0.7060424172693494,1.6074682908284323e-05,0.7081674900891459,-0.0017060887720310228
1757619203387.8293,191131,UWB4,UWB4,-749.3618578923357,-1868.4617834615058,1445.273018154647,-0.1416448909441293,0.5986595012542275,0.09494578261176778,0.7826422073921802
1757619203387.8293,191131,UWB1,UWB1,-168.8478966051416,-443.40555114273695,238.47258196657904,0.018114791528241785,0.3392448802092953,0.06651987782754157,0.9381683598552438
1757619203387.8293,191131,LeftRS,LeftRS,-215.2118859112754,-481.009322988365,250.719630156741,-0.010540365705273615,-0.5646746463800141,0.8252135999483949,-0.007345671284201083
1757619203395.9575,191132,April7,April7,1192.6095277898812,1529.6139008073085,1642.8293249282892,-0.6844458245937646,0.18302550101259157,-0.1842760327403255,0.681232649637947
1757619203395.9575,191132,UWB2,UWB2,-1223.0671493206514,2021.732933800337,1719.6146208725224,0.49995310939404675,0.5015091285742116,-0.49438358483826933,0.5041035145745574
1757619203395.9575,191132,UWB3,UWB3,1879.282060984669,-1460.2947779675394,1388.3571894060967,-0.7060213932950408,4.018346057142964e-05,0.7081883292463692,-0.001755253330750008
1757619203395.9575,191132,UWB4,UWB4,-749.3784699031677,-1868.4609395754485,1445.2821712026355,-0.14160606860109334,0.5985474447153921,0.09483649971850594,0.7827481817808067
1757619203395.9575,191132,UWB1,UWB1,-168.879269248684,-443.4168499459907,238.45172812260736,0.018714833768785622,0.33897587370959276,0.06659249057204834,0.9382486622634942
1757619203395.9575,191132,LeftRS,LeftRS,-215.22106772841818,-481.0110447859567,250.71104706527404,-0.010452231517738646,-0.5645998602152211,0.8252689145848688,-0.006997665408198399
1757619203405.87,191133,April7,April7,1192.422687123963,1529.7612268796415,1642.9506309918731,-0.6843374695525496,0.18285191532129497,-0.18381467532742585,0.6815127071185249
1757619203405.87,191133,UWB2,UWB2,-1223.0363475881804,2021.7820162727671,1719.600965137696,0.5004038997615637,0.5014065349982002,-0.4953342307109323,0.5028234517706256
1757619203405.87,191133,UWB3,UWB3,1879.2494238236166,-1460.3187853821917,1388.3797698460041,-0.705895210872236,-0.0005454867453968131,0.7083136790810853,-0.0018400376272198417
1757619203405.87,191133,UWB4,UWB4,-749.411440870401,-1868.4574774249431,1445.0517231168728,-0.13717806576921504,0.5953486359514268,0.09777732027015247,0.785609174834014
1757619203405.87,191133,UWB1,UWB1,-168.8593428095251,-443.4221809510952,238.46246510294012,0.018803257184854077,0.3392733953882045,0.06659218155794079,0.93813937240495
1757619203405.87,191133,LeftRS,LeftRS,-215.17912187207688,-481.3958996412724,250.6560235774554,-0.007206090473578484,-0.552298638448027,0.8335914627721974,-0.006289628117036284
1757619203416.9214,191134,April7,April7,1192.6403461914597,1529.6312918738265,1642.8020953587447,-0.6844881495780343,0.18295768748481803,-0.18426617545211488,0.6812110056815706
1757619203416.9214,191134,UWB2,UWB2,-1223.035932506283,2021.8761466473577,1719.5963166598328,0.5015860933333743,0.5002092650796648,-0.4962847369743392,0.5018999322069451
1757619203416.9214,191134,UWB3,UWB3,1879.2791272548257,-1460.2891207962673,1388.3505307590717,-0.7061013492152916,-8.019238362244774e-05,0.7081087091932401,-0.0017129419750631053
1757619203416.9214,191134,UWB4,UWB4,-749.3743994044083,-1868.4608853256145,1445.0716557372475,-0.1372214597542799,0.5955007878875984,0.0979613560560326,0.7854633379909067
1757619203416.9214,191134,UWB1,UWB1,-168.84700128971866,-443.4113932487724,238.48247055453444,0.01857860653786826,0.3394177362508375,0.06680182919670491,0.9380767299711907
1757619203416.9214,191134,LeftRS,LeftRS,-215.2049386834162,-481.42801405727204,250.66117477610265,-0.005858143548491264,-0.5499162051263324,0.835171822333246,-0.006773232181448187
1757619203425.9355,191135,April7,April7,1192.3850215404664,1529.7904595089337,1642.9336141212805,-0.6844118670272215,0.18295322372197143,-0.18389660001208125,0.6813886957574568
1757619203425.9355,191135,UWB2,UWB2,-1223.0540557688976,2021.7683097519114,1719.6105205607355,0.5007981870886892,0.5010128476868302,-0.49522909865139875,0.5029268755100871
1757619203425.9355,191135,UWB3,UWB3,1879.2816775100325,-1460.2825210309954,1388.351728034086,-0.7059117886977951,-0.00013620368925594382,0.7082974617021931,-0.001798269241527544
1757619203425.9355,191135,UWB4,UWB4,-749.3858438390546,-1868.4702068611907,1445.296330519571,-0.14120712385810533,0.5984621929182868,0.09481551961554187,0.7828879671186625
1757619203425.9355,191135,UWB1,UWB1,-168.8393181989912,-443.4248341160433,238.45763713796447,0.01887032482728805,0.3394825831806564,0.0668227383664225,0.9380459520701073
1757619203425.9355,191135,LeftRS,LeftRS,-215.19917467340622,-481.0108146296363,250.7073666596133,-0.009511082869077496,-0.5630714422707083,0.8263125961836869,-0.008220923915059885
1757619203437.1826,191136,April7,April7,1192.3886621020501,1529.77158904732,1642.9412866471928,-0.6843483172724728,0.1829937961503236,-0.18394630707092363,0.6814282114293465
1757619203437.1826,191136,UWB2,UWB2,-1223.0509971845372,2021.8255342123598,1719.578107149189,0.5001253235484898,0.5006220424111071,-0.49572019218126623,0.5035014622237143
1757619203437.1826,191136,UWB3,UWB3,1879.2901359620214,-1460.2848394940138,1388.33857764912,-0.7060479910556413,7.169127103302322e-05,0.7081622347180424,-0.0015743270952965752
1757619203437.1826,191136,UWB4,UWB4,-749.3934415082728,-1868.452957385966,1445.0636677055218,-0.13763328576813882,0.595487593070296,0.0979365316857709,0.7854043805004995
1757619203437.1826,191136,UWB1,UWB1,-168.82484515519994,-443.4299397039449,238.45071701786097,0.0188249791947219,0.3394912889216961,0.06681672737359226,0.9380441406712623
1757619203437.1826,191136,LeftRS,LeftRS,-215.19805766364647,-481.0042864032151,250.68495988377921,-0.009832545564898747,-0.5637496895255446,0.825848934253167,-0.00794647094466977
1757619203446.35,191137,April7,April7,1192.6221100142377,1529.6522250399687,1642.8033971331606,-0.6845554019134116,0.18306378092812975,-0.18433860250835185,0.6810953189155929
1757619203446.35,191137,UWB2,UWB2,-1223.0723965127358,2021.8188047529543,1719.593653035816,0.5001687729505965,0.5008993277033253,-0.49544717101405733,0.5034512516675462
1757619203446.35,191137,UWB3,UWB3,1879.2768638261598,-1460.2969602351577,1388.3549839570114,-0.705960911969675,-0.00020178236687084492,0.7082488280211324,-0.0016576071650178485
1757619203446.35,191137,UWB4,UWB4,-749.3693408138364,-1868.4618652312154,1445.0626192439838,-0.13750066561438257,0.5955280413349422,0.09823611827924424,0.7853595253161418
1757619203446.35,191137,UWB1,UWB1,-168.83868043071115,-443.40138361152685,238.45674274114725,0.018387696202556175,0.33922299890615726,0.06687007080667584,0.9381460671301597
1757619203446.35,191137,LeftRS,LeftRS,-215.18757469107746,-481.43119049765335,250.6290421526381,-0.005916002030211544,-0.5504046441649122,0.8348494186328816,-0.00679535208907201
1757619203456.808,191138,April7,April7,1192.6416582989543,1529.6340421728594,1642.8127586795476,-0.6844810018219163,0.18296923720883093,-0.1842386194930621,0.6812225388721187
1757619203456.808,191138,UWB2,UWB2,-1223.0318078109688,2021.7741353667016,1719.607736072993,0.5004766506544464,0.5008586870380324,-0.49517156976300236,0.5034568643555175
1757619203456.808,191138,UWB3,UWB3,1879.2777832225058,-1460.3062613292693,1388.3785858635438,-0.7058575806977487,-0.00033234420183217043,0.7083518198159213,-0.0016323854708324927
1757619203456.808,191138,UWB4,UWB4,-749.3631843400673,-1868.4637100848904,1445.2959410791234,-0.14109688798849346,0.598561011988916,0.09423718072239817,0.7829021247233026
1757619203456.808,191138,UWB1,UWB1,-168.861924768099,-443.4198531365472,238.44070273334702,0.018896556949851297,0.33882962310920967,0.06674218544972933,0.9382872093983302
1757619203456.808,191138,LeftRS,LeftRS,-215.1549906048283,-481.3956533354859,250.61965169853238,-0.007157801455609089,-0.5527494595906423,0.8332949563261257,-0.006026322428745755
1757619203480.0566,191139,April7,April7,1192.440777369754,1529.7633410292383,1642.9464038113967,-0.6843096922539708,0.18285601273701235,-0.1837206823909108,0.6815648425168478
1757619203480.0566,191139,UWB2,UWB2,-1223.0714187949482,2021.7377639113322,1719.6106208361123,0.5003578840290678,0.5020889064152553,-0.49409837152367714,0.5034039304597625
1757619203480.0566,191139,UWB3,UWB3,1879.2675323128642,-1460.329428715923,1388.3814104525766,-0.7060446928683235,-0.0004328665040070292,0.7081645237324826,-0.001926558021645097
1757619203480.0566,191139,UWB4,UWB4,-749.390363263478,-1868.4401854703804,1445.0645624696544,-0.1373820461707511,0.5953760451861604,0.09801286597299119,0.7855234027781638
1757619203480.0566,191139,UWB1,UWB1,-168.8566761930603,-443.41704086946413,238.45425834126263,0.018884453997251725,0.3392619024582303,0.06645110239923378,0.9381519013078716
1757619203480.0566,191139,LeftRS,LeftRS,-215.15439736104358,-481.4191259314872,250.66913969916413,-0.007180509839196907,-0.5512926621510067,0.8342556837978707,-0.00650345968331339
1757619203483.8108,191140,April7,April7,1192.4186827510619,1529.730548871433,1642.9500487928185,-0.68441216183093,0.1828364946892353,-0.18371729123812994,0.6814680959867383
1757619203483.8108,191140,UWB2,UWB2,-1223.053536824799,2021.8193393305503,1719.5783160980511,0.500734300083023,0.5011006300643537,-0.4956348679257905,0.5025031312993554
1757619203483.8108,191140,UWB3,UWB3,1879.2811416737745,-1460.2987297905458,1388.3859804063918,-0.7058586297565324,-7.22778985565472e-05,0.7083512018400903,-0.0014711987750741977
1757619203483.8108,191140,UWB4,UWB4,-749.3653496341875,-1868.4328390161393,1445.2972429250424,-0.14105142738613344,0.5985849360946915,0.0942218733804183,0.7828938674491792
1757619203483.8108,191140,UWB1,UWB1,-168.8665752915896,-443.41803728070585,238.4632724157837,0.018772769226344802,0.33898980697255887,0.06648800040796667,0.9382498812715258
1757619203483.8108,191140,LeftRS,LeftRS,-215.1982961019682,-481.03973542618803,250.7197666185381,-0.01057213544918447,-0.5637842414813475,0.8258196809566107,-0.007577173224061199
1757619203489.5122,191141,April7,April7,1192.5964480336934,1529.5858991891268,1642.8549800428352,-0.6845209886919237,0.1830263655865945,-0.18429294906413107,0.6811523137049739
1757619203489.5122,191141,UWB2,UWB2,-1223.0539554973338,2021.7688561237317,1719.6105160330346,0.5008032327829868,0.5010038172752047,-0.49524037485904604,0.5029197433182102
1757619203489.5122,191141,UWB3,UWB3,1879.2708748119414,-1460.3024945425811,1388.3780550325148,-0.7060002912472945,-8.793965947599794e-05,0.7082096719210798,-0.0016253069827633462
1757619203489.5122,191141,UWB4,UWB4,-749.3834367996408,-1868.4417148558784,1445.2865665056686,-0.1418562204912247,0.598530498806651,0.09492360755427168,0.7827052851713021
1757619203489.5122,191141,UWB1,UWB1,-168.87188269429268,-443.41928805630573,238.46321433835766,0.018832918386198216,0.33888952262918615,0.06642322322463956,0.9382894905377929
1757619203489.5122,191141,LeftRS,LeftRS,-215.21053476799062,-481.00457093664784,250.72025440121593,-0.010537043769172248,-0.5647328456786351,0.8251751516216324,-0.007193946520065679
1757619203497.2886,191142,April7,April7,1192.417265109211,1529.7686705702663,1642.9407603466173,-0.6843289479935222,0.18287406291705058,-0.18376180553021595,0.6815295788728212
1757619203497.2886,191142,UWB2,UWB2,-1223.041331137449,2021.7252403972966,1719.6433641204123,0.49993280834074927,0.502234663849698,-0.49412828556789495,0.5036514340037617
1757619203497.2886,191142,UWB3,UWB3,1879.2773690467093,-1460.2968832503616,1388.3789247700252,-0.7059698209653148,-1.8104271868419123e-05,0.7082401265255025,-0.001592085920079257
1757619203497.2886,191142,UWB4,UWB4,-749.420520028089,-1868.4699240182297,1445.3057213346372,-0.14105589191461704,0.5982470678684663,0.0941556588689498,0.7831592386264167
1757619203497.2886,191142,UWB1,UWB1,-168.86579544873484,-443.41874950948153,238.46713524612804,0.01860687598347438,0.3390481171181193,0.06662566094748129,0.9382223509105424
1757619203497.2886,191142,LeftRS,LeftRS,-215.1718850392436,-481.4235085240089,250.66092515069363,-0.006952778112108,-0.5517008919623793,0.8339887558523591,-0.006367086953480547
1757619203506.2925,191143,April7,April7,1192.4001801067634,1529.7730863113654,1642.951053326279,-0.6843329521507135,0.18288727208058966,-0.18374461477694104,0.6815266486734639
1757619203506.2925,191143,UWB2,UWB2,-1223.0685903008127,2021.7666359932755,1719.5918934442443,0.5004513788103414,0.5020309380670673,-0.4942699014162388,0.5032003768125678
1757619203506.2925,191143,UWB3,UWB3,1879.2602185819148,-1460.315710401885,1388.3780906044965,-0.7059583111347928,-0.00043845598480534906,0.7082508900906878,-0.0018295851467365033
1757619203506.2925,191143,UWB4,UWB4,-749.3514914832788,-1868.4637880608207,1445.293589553329,-0.14153185638921342,0.5986712463199307,0.0949828718051394,0.7826491720563004
1757619203506.2925,191143,UWB1,UWB1,-168.8559773433411,-443.4200627545299,238.48517644198049,0.0184728163435771,0.3392553732198656,0.06672026728122095,0.9381433540412194
1757619203506.2925,191143,LeftRS,LeftRS,-215.177141940627,-481.41899348784796,250.65608000637934,-0.007069919945738138,-0.551427741406589,0.8341674042082264,-0.006496460243719785
1757619203517.4478,191144,April7,April7,1192.3900782477356,1529.7761843612311,1642.9516882040602,-0.6843415755917674,0.1828049511121363,-0.18378313218329484,0.6815296898084222
1757619203517.4478,191144,UWB2,UWB2,-1223.0674824447497,2021.751310875985,1719.6024890836904,0.49982243465181997,0.5010891423275472,-0.4948405476600616,0.5042023776735495
1757619203517.4478,191144,UWB3,UWB3,1879.2732757178217,-1460.302503363715,1388.347472704356,-0.706061844199261,-0.0003514088115605974,0.7081480002190765,-0.001720018461731299
1757619203517.4478,191144,UWB4,UWB4,-749.3820593414031,-1868.4319035570545,1445.3107892871365,-0.14187950467182764,0.5986715967406376,0.0947559571884676,0.7826134639701706
1757619203517.4478,191144,UWB1,UWB1,-168.8479331727944,-443.42083988212505,238.46136638921664,0.018666546829219272,0.3393427309967726,0.06667382998199198,0.9381112254656465
1757619203517.4478,191144,LeftRS,LeftRS,-215.21611346165935,-481.0128440478993,250.69692336719802,-0.010202381661600167,-0.5641633208107639,0.8255637518494436,-0.00775567485602296
1757619203526.3247,191145,April7,April7,1192.4052822286912,1529.7802996753016,1642.92082069823,-0.684324246316895,0.18276467166338817,-0.1838313024988039,0.6815449016141056
1757619203526.3247,191145,UWB2,UWB2,-1223.0400880872749,2021.8818388925815,1719.5667827208708,0.5010626933577775,0.49971344492103204,-0.49676601787570795,0.5024402191048366
1757619203526.3247,191145,UWB3,UWB3,1879.2749788554281,-1460.2948592409539,1388.3779626733656,-0.7059569615914613,-0.0002726083141107051,0.7082529102201162,-0.001584054921855917
1757619203526.3247,191145,UWB4,UWB4,-749.4073110132395,-1868.4595623095008,1445.2767493060126,-0.14147394047637343,0.5983561332121018,0.09458141852803714,0.7829491792465034
1757619203526.3247,191145,UWB1,UWB1,-168.84779754180985,-443.4279462042742,238.43348105480345,0.01914882846943951,0.33930698517278074,0.06657175703210266,0.9381216836566912
1757619203526.3247,191145,LeftRS,LeftRS,-215.20669052692452,-481.04431256322397,250.69557471769755,-0.009457553354240556,-0.5626125795322862,0.826627189976388,-0.008070243386622785
1757619203536.5588,191146,April7,April7,1192.6264093761745,1529.647925318063,1642.8185205004374,-0.6845410852982206,0.18306114304053547,-0.184309867091053,0.6811181933705085
1757619203536.5588,191146,UWB2,UWB2,-1223.0350306550095,2021.7614068479554,1719.5878463027364,0.5003389463013886,0.5012660877196646,-0.49510105865800164,0.503257578017424
1757619203536.5588,191146,UWB3,UWB3,1879.2816386513155,-1460.2985265614213,1388.3672841211337,-0.705920658281184,-0.0001777836242170107,0.7082890577917274,-0.001613448899116437
1757619203536.5588,191146,UWB4,UWB4,-749.3758184851401,-1868.4489574692086,1445.0540907654483,-0.1372675714856769,0.5954686050417787,0.09812121774751038,0.785459725801246
1757619203536.5588,191146,UWB1,UWB1,-168.83473971765412,-443.4228558492394,238.4485834760352,0.019104107378063888,0.3394773741920814,0.06660556614542226,0.9380585504388225
1757619203536.5588,191146,LeftRS,LeftRS,-215.20269626416942,-481.01893175884777,250.70082765628663,-0.00963885108429508,-0.562926510783246,0.8264109987073356,-0.008105382330226974
1757619203546.4807,191147,April7,April7,1192.6337564848948,1529.6373721665123,1642.799728008105,-0.6844878682823777,0.18290885161538473,-0.18425987073699557,0.6812261079927672
1757619203546.4807,191147,UWB2,UWB2,-1223.0298916121903,2021.75414205735,1719.6247774257906,0.4999485980844929,0.500722757548545,-0.4956528952225121,0.5036430549544715
1757619203546.4807,191147,UWB3,UWB3,1879.284461402077,-1460.2922957261258,1388.367788843706,-0.7060042900861252,-0.0002741357020394613,0.7082059378165542,-0.0014889160414163207
1757619203546.4807,191147,UWB4,UWB4,-749.3664291559825,-1868.479270414463,1445.0597871026646,-0.13709015947552108,0.5956904788167963,0.09828102999988353,0.785302477243103
1757619203546.4807,191147,UWB1,UWB1,-168.84158474166375,-443.4218882312264,238.45939285862383,0.018608522571397248,0.3394010311664543,0.06682675729902353,0.9380804056368275
1757619203546.4807,191147,LeftRS,LeftRS,-215.2032505024952,-481.03465525927896,250.74703382610863,-0.009551480337172989,-0.5619445432399426,0.8270778601105377,-0.008325434594933819
1757619203557.5354,191148,April7,April7,1192.6237894788978,1529.6424703726195,1642.8090830053263,-0.6845278311105205,0.18291640363345107,-0.1842220394088422,0.6811941558124073
1757619203557.5354,191148,UWB2,UWB2,-1223.0455278664986,2021.7969506772104,1719.5912026779852,0.5009104528192015,0.5009462140946399,-0.4954678855041218,0.5026461810008946
1757619203557.5354,191148,UWB3,UWB3,1879.2685312520002,-1460.2948472799028,1388.3496174073807,-0.7060830739921427,-0.00025537239976612154,0.7081269581643582,-0.0016847930547496343
1757619203557.5354,191148,UWB4,UWB4,-749.4164427418812,-1868.440428625087,1445.2677915768127,-0.14086530758088764,0.5983582328883944,0.09430363916357125,0.7830908082051065
1757619203557.5354,191148,UWB1,UWB1,-168.8563088124177,-443.40061319438377,238.46666192796303,0.018558609788914337,0.3392523987621454,0.06671579692840783,0.9381430543243608
1757619203557.5354,191148,LeftRS,LeftRS,-215.2253108625975,-480.9754123250315,250.71712165861896,-0.009886772186612922,-0.5639979023448937,0.8256846845249945,-0.007308873179233891
1757619203582.901,191149,April7,April7,1192.6285726832923,1529.6256669138388,1642.8252386125732,-0.6844968586089639,0.18291757190171604,-0.18429304559211274,0.6812057587766153
1757619203582.901,191149,UWB2,UWB2,-1223.0620178244794,2021.791032890421,1719.597638571962,0.5006253786574291,0.5011621053812935,-0.49540259176632145,0.5027793218153533
1757619203582.901,191149,UWB3,UWB3,1879.2607596119055,-1460.307836522334,1388.3915164127811,-0.7059502990395898,-0.0005730226332290364,0.7082594406131723,-0.0015529691858209176
1757619203582.901,191149,UWB4,UWB4,-749.4224895167688,-1868.4631318588995,1445.0879309362053,-0.13630321547315571,0.5952137029389917,0.0970263401166739,0.7859567231145084
1757619203582.901,191149,UWB1,UWB1,-168.8568977495496,-443.4074015256849,238.46716173352212,0.018757244037567337,0.3390885068935814,0.06658358683509177,0.9382077468519275
1757619203582.901,191149,LeftRS,LeftRS,-215.22022414176266,-480.96773673135016,250.71074534427882,-0.010890599378983226,-0.5650072435825634,0.8249856501055735,-0.006847383754748365
1757619203586.908,191151,April7,April7,1192.5972735661705,1529.6043741229773,1642.8359187477035,-0.6845845681397524,0.18300454921078915,-0.18415080189773866,0.6811327228914232
1757619203586.908,191151,UWB2,UWB2,-1223.0253116757076,2021.7997874253656,1719.6334534702962,0.5002949443644396,0.5009699835296285,-0.4958073017447708,0.5029007494349914
1757619203586.908,191151,UWB3,UWB3,1879.2402629422506,-1460.3014718120705,1388.3561657843402,-0.7061305243467182,-0.0003647293851570754,0.7080788597390277,-0.001969250868424134
1757619203586.908,191151,UWB4,UWB4,-749.3950493525374,-1868.4754146129324,1445.0688328601868,-0.13635052407322185,0.595375591140891,0.09717982895267481,0.7858069234254184
1757619203586.908,191151,UWB1,UWB1,-168.84989271812623,-443.40767475907904,238.4777242795086,0.018441399775989135,0.3390823070707974,0.0665458816038115,0.9382189240510016
1757619203586.908,191151,LeftRS,LeftRS,-215.1947139695277,-481.0184324979399,250.7244234187413,-0.010432176279431042,-0.5643068273075553,0.825466272023425,-0.007376184915301487
1757619203596.076,191152,April7,April7,1192.4146522558606,1529.7596276218849,1642.9643824865566,-0.6843310665819055,0.18288284366781343,-0.18376394269705473,0.6815245191240588
1757619203596.076,191152,UWB2,UWB2,-1223.0703935486779,2021.7835932503795,1719.5833654074581,0.500026047136406,0.5015604275561112,-0.4946302178190925,0.5037380641912111
1757619203596.076,191152,UWB3,UWB3,1879.2342376516056,-1460.3104806411568,1388.3670445487398,-0.7062529183709858,-0.0006998841915185979,0.7079569732296284,-0.0018026397664158054
1757619203596.076,191152,UWB4,UWB4,-749.4172467176743,-1868.4709694147393,1445.036644314322,-0.13673036953831896,0.595208724111058,0.09773919631875727,0.7857979576780311
1757619203596.076,191152,UWB1,UWB1,-168.8635138957389,-443.40353424267175,238.4623726999741,0.018239357296263855,0.3389874353266264,0.06665369418481208,0.9382495028443197
1757619203596.076,191152,LeftRS,LeftRS,-215.2091242679641,-480.99322659025995,250.71776880051,-0.010873240646504972,-0.5650344735958895,0.8249653493160855,-0.007070269715381492
1757619203604.946,191153,April7,April7,1192.3865281722647,1529.7547542211296,1642.9620318623622,-0.6842865885451593,0.1829588519002815,-0.18379284822922357,0.6815409834986803
1757619203604.946,191153,UWB2,UWB2,-1223.030709843166,2021.9003449324182,1719.5963294562403,0.5011887764378596,0.49993252329208754,-0.49704986002584856,0.5018154234136413
1757619203604.946,191153,UWB3,UWB3,1879.2312278759139,-1460.3087891238933,1388.3707623045157,-0.7061810274321447,-0.0007732038145436631,0.7080279417759395,-0.002047514412324627
1757619203604.946,191153,UWB4,UWB4,-749.3992704954557,-1868.4593347878604,1445.0557549787104,-0.1371872608475489,0.5953137430955286,0.09805687355987448,0.7855991676996612
1757619203604.946,191153,UWB1,UWB1,-168.8446481090405,-443.41189047784684,238.45785656733648,0.018131794274220184,0.3391454319430299,0.06674986729501715,0.9381876514027835
1757619203604.946,191153,LeftRS,LeftRS,-215.15623013487107,-481.4010401060525,250.6601310231732,-0.0072767852053054185,-0.552824981398426,0.8332438829455877,-0.006018294830395851
1757619203617.3,191154,April7,April7,1192.410023137143,1529.7683274969236,1642.952245879059,-0.6843224848268488,0.18291057357728524,-0.1836870423189589,0.6815464249177373
1757619203617.3,191154,UWB2,UWB2,-1223.0673099136916,2021.7737390568288,1719.5839514698441,0.5005219038094523,0.501514565791382,-0.4949196194792361,0.5030064953463039
1757619203617.3,191154,UWB3,UWB3,1879.274786062582,-1460.3039845144006,1388.3609609682494,-0.7059653392531291,-0.0003103981462328196,0.7082446140935498,-0.0015524283185055978
1757619203617.3,191154,UWB4,UWB4,-749.436845522193,-1868.447211680119,1445.0518433865293,-0.13705371350222953,0.5952404190422295,0.09730590405278737,0.7857713943572581
1757619203617.3,191154,UWB1,UWB1,-168.84437805901408,-443.42314587620587,238.47141754127637,0.018464822649707936,0.3393780712909058,0.06671899076990694,0.938099222535668
1757619203617.3,191154,LeftRS,LeftRS,-215.19695763306459,-481.0357013423632,250.7416531036585,-0.009327128325604275,-0.5624246502054566,0.8267513180525402,-0.00858927336013858
1757619203626.3257,191155,April7,April7,1192.4063965470098,1529.7682922058011,1642.960002322978,-0.6843309257946388,0.1829002236823497,-0.18370199094590642,0.6815366979851556
1757619203626.3257,191155,UWB2,UWB2,-1223.0134790004709,2021.709376568161,1719.6079368714675,0.4999842178672118,0.5017217465906295,-0.49472068141720216,0.5035300569577349
1757619203626.3257,191155,UWB3,UWB3,1879.2698543189963,-1460.2948114752949,1388.3500740984684,-0.7059992495113938,-0.00025678851095998757,0.7082103456266716,-0.0017607090503202396
1757619203626.3257,191155,UWB4,UWB4,-749.3652141976994,-1868.422237405551,1445.0820183876697,-0.1376608669417917,0.5955827735098722,0.09811396272064614,0.7853052246931599
1757619203626.3257,191155,UWB1,UWB1,-168.85953997281507,-443.4028383135447,238.46501878518038,0.018359163302975358,0.3391722567125185,0.06680179670862404,0.9381698360935785
1757619203626.3257,191155,LeftRS,LeftRS,-216.28296415982882,-479.53492167561575,249.92725828164438,0.000680673817928147,-0.6020713409891145,0.7984387710144168,-0.00227288004759386
1757619203636.7722,191156,April7,April7,1192.6063654428717,1529.6353761810312,1642.8259156179522,-0.6844968552193758,0.18296896859747902,-0.18428484372319048,0.6811941779691595
1757619203636.7722,191156,UWB2,UWB2,-1223.0681645141694,2021.7569285171553,1719.5848365408615,0.5000793490956642,0.5010072898773544,-0.49506118642023306,0.5038122287102573
1757619203636.7722,191156,UWB3,UWB3,1879.2805593579515,-1460.2896733165187,1388.3676374143529,-0.7058416129335419,-0.0003130842990335535,0.7083677481171041,-0.0016287593746908133
1757619203636.7722,191156,UWB4,UWB4,-749.4230740764649,-1868.4503621866113,1445.0574800899253,-0.13683577665179744,0.595369408022357,0.09765675052044381,0.78566812159906
1757619203636.7722,191156,UWB1,UWB1,-168.84362862132025,-443.40687740814917,238.45995383600368,0.018630502467865948,0.3393896596899298,0.06659580428317301,0.938100507475199
1757619203636.7722,191156,LeftRS,LeftRS,-216.32238830918882,-479.5740860261502,249.94026871272888,0.0018987022050651937,-0.6001027579706085,0.7999153579294621,-0.002914610537651177
1757619203646.624,191157,April7,April7,1192.395877920141,1529.7826099311908,1642.942355243034,-0.6843414150163926,0.18285231473020352,-0.18376384075345828,0.6815223470457192
1757619203646.624,191157,UWB2,UWB2,-1223.060478522625,2021.7309250481637,1719.6406235769505,0.5001916424430961,0.501498468399256,-0.49444583550707727,0.503816358183204
1757619203646.624,191157,UWB3,UWB3,1879.2680370999835,-1460.3066152312326,1388.3750170440067,-0.7061682584163755,-0.00038228384598879424,0.7080423027609993,-0.0015304133904715073
1757619203646.624,191157,UWB4,UWB4,-749.4359248703647,-1868.494724174136,1445.0662973595233,-0.13656064204704615,0.5951099973406045,0.09750755669693366,0.7859310138275232
1757619203646.624,191157,UWB1,UWB1,-168.84915536715965,-443.42512856347383,238.4755310908834,0.018820409272875555,0.3392416800035428,0.06690488561133583,0.9381282487083039
1757619203646.624,191157,LeftRS,LeftRS,-215.2189158280734,-481.22944732675614,250.54840166585524,-0.007729222551612546,-0.5556979224144337,0.8313349038800141,-0.004728185046889789
1757619203656.8152,191158,April7,April7,1192.4088466699127,1529.7778936157438,1642.9410612047886,-0.6843181963864521,0.1828297916674209,-0.18378519025736995,0.6815459465181367
1757619203656.8152,191158,UWB2,UWB2,-1223.0584446876787,2021.803564023041,1719.5894585600474,0.5009630530274022,0.5008666067588652,-0.4953993085788265,0.5027406754927883
1757619203656.8152,191158,UWB3,UWB3,1879.278152658293,-1460.305621239917,1388.3982418167182,-0.7058243078248118,-0.00045605495109040127,0.7083854255181767,-0.0013883122626428012
1757619203656.8152,191158,UWB4,UWB4,-749.3740664071146,-1868.4234873867426,1445.3080484789964,-0.14154866337463187,0.5987362225429784,0.09471624521853321,0.7826287399549822
1757619203656.8152,191158,UWB1,UWB1,-168.84597696070165,-443.40652807413215,238.4793465575978,0.018604351666356125,0.3394799380472666,0.06663743410789133,0.9380654039767244
1757619203656.8152,191158,LeftRS,LeftRS,-215.20912707732484,-480.9973590343724,250.72130316231167,-0.010009204021123244,-0.5635748346768814,0.825965993753699,-0.007962331081658256
1757619203684.6848,191159,April7,April7,1192.383605647295,1529.7769056392776,1642.9612374833443,-0.684339260307426,0.18289091537980934,-0.18374073658894488,0.6815203823739776
1757619203684.6848,191159,UWB2,UWB2,-1223.0428376676487,2021.7441021447712,1719.6310671857793,0.49979396728385117,0.5019008234523391,-0.4945399694638611,0.503717949141398
1757619203684.6848,191159,UWB3,UWB3,1879.2490201966514,-1460.3205491474155,1388.3668920520813,-0.7061915070916482,-0.000702745356406918,0.7080184056216857,-0.0017316932513627462
1757619203684.6848,191159,UWB4,UWB4,-749.4382948071224,-1868.4206746634975,1445.075860889661,-0.13630518601541045,0.5951118511940116,0.09711906527695835,0.7860220531215845
1757619203684.6848,191159,UWB1,UWB1,-168.85887216371097,-443.40554992694524,238.4643777856005,0.018667193390175012,0.3392672641469247,0.06655997626586109,0.9381465924516716
1757619203684.6848,191159,LeftRS,LeftRS,-215.2014541557618,-481.0165558730104,250.72798393271094,-0.009768813037295852,-0.5632679145512711,0.8261756321581393,-0.008225056656540422
1757619203687.6387,191161,April7,April7,1192.6023980660277,1529.631025061914,1642.831309255083,-0.6845130366610978,0.1830199305496482,-0.18422931519714011,0.6811792473971865
1757619203687.6387,191161,UWB2,UWB2,-1223.0484238878162,2021.8324896645681,1719.5963714071258,0.5007366856773426,0.5002507076559475,-0.49606040754003244,0.5029275029045547
1757619203687.6387,191161,UWB3,UWB3,1879.2775507778263,-1460.298528743216,1388.3438615701373,-0.7060981566670446,-0.00010310138520779143,0.7081119699566865,-0.001679442040371404
1757619203687.6387,191161,UWB4,UWB4,-749.3988811312009,-1868.4261309070607,1445.0608850615445,-0.13721087195747445,0.5953392735624184,0.09769372577105355,0.7856209403496139
1757619203687.6387,191161,UWB1,UWB1,-168.85019771977596,-443.40347940166566,238.46575632727075,0.018793743518842825,0.3392632341123259,0.06643191154042036,0.9381546004328278
1757619203687.6387,191161,LeftRS,LeftRS,-215.21107409174758,-481.02109156014984,250.70237870233603,-0.010082181919199962,-0.5642543202986198,0.8255060077884002,-0.007432545818797429
1757619203696.7395,191162,April7,April7,1192.633885239937,1529.6191461170752,1642.830019652595,-0.6845018088041447,0.18305819695114825,-0.1841930645518385,0.6811900507522486
1757619203696.7395,191162,UWB2,UWB2,-1223.028349227883,2021.78523030111,1719.5790687511435,0.5008621677272712,0.5007135011966097,-0.49536226450031845,0.5030301239171349
1757619203696.7395,191162,UWB3,UWB3,1879.2792303093042,-1460.2911103779695,1388.3351269994362,-0.7061133420651569,-2.127458778921042e-05,0.7080967793472946,-0.0017025812624645515
1757619203696.7395,191162,UWB4,UWB4,-749.3676272353792,-1868.4653013592138,1445.289654768803,-0.14083073747946312,0.598559518740453,0.09418835689248764,0.7829570609759396
1757619203696.7395,191162,UWB1,UWB1,-168.86204918694216,-443.42638225058585,238.43684076960528,0.01887198878223343,0.3389811147747353,0.06656436886194031,0.9382456163838404
1757619203696.7395,191162,LeftRS,LeftRS,-215.21021259127244,-481.03679630472766,250.7043896145629,-0.010046532876636573,-0.5638471448162812,0.8257826928916158,-0.007642550644768282
1757619203707.9695,191163,April7,April7,1192.408730785371,1529.7748899602016,1642.9364797221956,-0.6843290784221352,0.18283895363654246,-0.18374378760682764,0.6815437256514821
1757619203707.9695,191163,UWB2,UWB2,-1223.0570858355436,2021.78341030003,1719.5763227822802,0.5009020903934127,0.5007188886654521,-0.49517467909203294,0.5031696806836103
1757619203707.9695,191163,UWB3,UWB3,1879.2865655990638,-1460.286124368816,1388.337638280985,-0.7060355989273877,1.894390001545187e-05,0.7081743988346371,-0.0016593744526282768
1757619203707.9695,191163,UWB4,UWB4,-749.3676080660518,-1868.463654669134,1445.0506264581782,-0.1375260830384433,0.5956057880410429,0.09818365175633295,0.7853026755741399
1757619203707.9695,191163,UWB1,UWB1,-168.85211735214514,-443.42603598733456,238.43384870008362,0.018897361353182925,0.33899007482987525,0.06649099948708938,0.9382470708123372
1757619203707.9695,191163,LeftRS,LeftRS,-215.2098513063606,-481.01820807063484,250.69721887087064,-0.010292530754249353,-0.5640238063519913,0.8256587603375962,-0.007669495202946047
1757619203716.1206,191164,April7,April7,1192.408009161512,1529.7716058118785,1642.9296014201377,-0.684340000313575,0.1828663110825738,-0.1837461580139744,0.6815247799287794
1757619203716.1206,191164,UWB2,UWB2,-1223.0352314816334,2021.7621287468166,1719.6159046266916,0.5001444075827384,0.5011446078719761,-0.49518675094533493,0.5034875720936496
1757619203716.1206,191164,UWB3,UWB3,1879.2812125171683,-1460.3125023298046,1388.3720136716327,-0.7059386217374333,-0.00034932726265424403,0.7082709495805153,-0.0016740042508381187
1757619203716.1206,191164,UWB4,UWB4,-749.3628151742834,-1868.4377339992352,1445.046324365808,-0.1377593844768669,0.5956585084173706,0.09826352638424798,0.7852118011855657
1757619203716.1206,191164,UWB1,UWB1,-168.84889205206017,-443.41644939032517,238.46227123659648,0.01838074358319409,0.3392404075813471,0.06668666294198049,0.9381529636019028
1757619203716.1206,191164,LeftRS,LeftRS,-215.21750800543563,-481.02638508938446,250.71662407510345,-0.009950743179686089,-0.5636833043743624,0.8258940411298842,-0.007819712649514365
1757619203727.0151,191165,April7,April7,1192.3892615197603,1529.7625490830078,1642.9384142038978,-0.6843039474938689,0.18275543162217994,-0.18370860405046074,0.681600842469205
1757619203727.0151,191165,UWB2,UWB2,-1223.0913803003739,2021.791368228214,1719.6056951500689,0.5003324078094158,0.5013493320220269,-0.4948541056491363,0.5034240191914698
1757619203727.0151,191165,UWB3,UWB3,1879.259839069368,-1460.3049232933176,1388.3669749377575,-0.7059724895854942,-0.0004958865010047928,0.7082369724713085,-0.00172883478462817
1757619203727.0151,191165,UWB4,UWB4,-749.373516166443,-1868.4869336077816,1445.28068374395,-0.140901751654826,0.5985772675263885,0.09444953683504075,0.7828992503335857
1757619203727.0151,191165,UWB1,UWB1,-168.84713315203288,-443.40645511576855,238.4677626313176,0.01852246465154094,0.3392996378635495,0.06654914638040887,0.9381385213095854
1757619203727.0151,191165,LeftRS,LeftRS,-215.22072855812624,-481.00897925829065,250.70688440256095,-0.010406263887932818,-0.5642940836279523,0.8254750535187355,-0.007404922188992884
1757619203738.0662,191166,April7,April7,1192.396478642747,1529.778239179005,1642.9368171524334,-0.6843300234470175,0.18283487181368266,-0.18376826815305908,0.681537271378392
1757619203738.0662,191166,UWB2,UWB2,-1223.0554561628655,2021.7876014337044,1719.5981916088572,0.5006626419297764,0.5006713337269788,-0.4956489982300887,0.5029882753240421
1757619203738.0662,191166,UWB3,UWB3,1879.2526889514022,-1460.3110257969886,1388.3577982980025,-0.706093617541452,-0.0004553641405421634,0.7081159600998885,-0.0018392831589006283
1757619203738.0662,191166,UWB4,UWB4,-749.398900429938,-1868.468434600901,1445.0547926102277,-0.13730700306147542,0.5956848852325336,0.09796320386557994,0.785308547708587
1757619203738.0662,191166,UWB1,UWB1,-168.86153212078997,-443.4066506805912,238.46942246805946,0.01870869129961961,0.33928912274247114,0.06649422833132733,0.93814252310463
1757619203738.0662,191166,LeftRS,LeftRS,-215.21980512119669,-481.0138967621895,250.70275483438937,-0.010254968455674857,-0.5641310633845836,0.8255865156084434,-0.0076081661431379195
1757619203746.2156,191167,April7,April7,1192.6175095952478,1529.6330340160264,1642.8300685275824,-0.6844893740112474,0.18294586913134062,-0.18427862422610977,0.6812095819105904
1757619203746.2156,191167,UWB2,UWB2,-1223.0606188580057,2021.77179852713,1719.6099540888813,0.5007610256693437,0.5015027257580017,-0.4949833244444981,0.5027175347546118
1757619203746.2156,191167,UWB3,UWB3,1879.2733196895913,-1460.2948601324836,1388.3568996757883,-0.7059004050368415,-0.00034183051294013497,0.708309111787284,-0.0016442262108886912
1757619203746.2156,191167,UWB4,UWB4,-749.404564870984,-1868.460760635884,1445.07374591216,-0.13735921444956947,0.5954142842252635,0.09771208407490271,0.7855358839493289
1757619203746.2156,191167,UWB1,UWB1,-168.8711054784403,-443.4199686007469,238.45167125649692,0.018985689998680912,0.33908418996636924,0.06655710534612987,0.9382065910118461
1757619203746.2156,191167,LeftRS,LeftRS,-215.21749777467645,-480.9985363248025,250.70319854691797,-0.010150720714303651,-0.5644895759428068,0.8253428859157065,-0.00758961061079987
1757619203757.7559,191168,April7,April7,1192.3813958049122,1529.7838195053987,1642.947512840469,-0.6843448213020227,0.18286147515091458,-0.18377776705790347,0.6815127135996402
1757619203757.7559,191168,UWB2,UWB2,-1223.0878205688755,2021.8038701361015,1719.5975055832034,0.5006696593121827,0.5010542023272788,-0.4948503391165304,0.5033862537362859
1757619203757.7559,191168,UWB3,UWB3,1879.2619111017157,-1460.3191319834523,1388.3878407612751,-0.7058993112830881,-0.0006093468465445688,0.7083101520070231,-0.0015873217286570965
1757619203757.7559,191168,UWB4,UWB4,-749.4219176143239,-1868.4477588506463,1445.0649686726977,-0.13714962846473977,0.5951772989082118,0.09776569327840913,0.7857453986464707
1757619203757.7559,191168,UWB1,UWB1,-168.86334525940129,-443.435440905497,238.437748772726,0.019113286102333215,0.339204383718615,0.06656774211384206,0.9381597966606275
1757619203757.7559,191168,LeftRS,LeftRS,-215.19962246774284,-481.4029058297194,250.62881709263607,-0.0072186931280546094,-0.5521996503826145,0.8336595197430575,-0.00593647442644926
1757619203766.7986,191169,April7,April7,1192.3826839925232,1529.7740968110284,1642.961568157747,-0.6843410132739102,0.18286692213029063,-0.183809706613002,0.6815064622559895
1757619203766.7986,191169,UWB2,UWB2,-1223.0738012309075,2021.7907304480796,1719.6464733747675,0.5008942645821797,0.5008675747500978,-0.4950895489926433,0.5031132543979474
1757619203766.7986,191169,UWB3,UWB3,1879.2872620591365,-1460.2964948442782,1388.3848783581689,-0.705855530860723,-0.0002817638702547465,0.70835453549405,-0.0013199270651090237
1757619203766.7986,191169,UWB4,UWB4,-749.4237757624807,-1868.4434222738455,1445.0761987860594,-0.13733216292215214,0.5953093878724957,0.09749335834084255,0.7856472839750813
1757619203766.7986,191169,UWB1,UWB1,-168.84657695154232,-443.42098108142204,238.46558444532474,0.018780132078299323,0.33935213127385033,0.06661949729631643,0.9381094180419485
1757619203766.7986,191169,LeftRS,LeftRS,-215.1587230348636,-481.3670334324924,250.63820327073225,-0.007361260588697354,-0.5535439533007369,0.8327650883085596,-0.00610010665267272
1757619203778.008,191170,April7,April7,1192.6077858877427,1529.6352085800231,1642.8237351070577,-0.6844962518350128,0.1829798325846412,-0.18425726944675522,0.6811993252691472
1757619203778.008,191170,UWB2,UWB2,-1223.0670674338298,2021.7340916635096,1719.6400416167385,0.5001524292215996,0.5019933388585823,-0.49419312854005976,0.5036103523450777
1757619203778.008,191170,UWB3,UWB3,1879.2859406337943,-1460.2938305183811,1388.3884406228185,-0.7058581838332321,-0.00027694270118660354,0.7083517279328643,-0.0014061126971018174
1757619203778.008,191170,UWB4,UWB4,-749.4205318003945,-1868.4023929744405,1445.0866763399738,-0.13732402199710267,0.5952576349103862,0.09741091099520653,0.7856981452711446
1757619203778.008,191170,UWB1,UWB1,-168.84174710551358,-443.42658904257826,238.45703991983217,0.018987754915235244,0.33928468800405875,0.06667893113507369,0.9381254104819631
1757619203778.008,191170,LeftRS,LeftRS,-215.1699885545398,-481.3804939350299,250.64426765546673,-0.007284946320629506,-0.5520025756708259,0.8337862310458903,-0.00637235656321902
1757619203788.961,191171,April7,April7,1192.4015337691335,1529.7765862383953,1642.9614601604655,-0.6843413422740156,0.18281730533851281,-0.1837963544514654,0.6815230445213978
1757619203788.961,191171,UWB2,UWB2,-1223.0520739876977,2021.8004538939088,1719.5906303662807,0.5008734495553725,0.501435504998473,-0.49522298709376894,0.5024364784839502
1757619203788.961,191171,UWB3,UWB3,1879.2801481022138,-1460.2966023696129,1388.3630689182567,-0.7058793469284164,-0.0004346835772890883,0.7083299725082901,-0.0016759106495233711
1757619203788.961,191171,UWB4,UWB4,-749.408243932481,-1868.4396324646148,1445.2722430137678,-0.1415147034497781,0.5984046866766345,0.09460639451216007,0.7829016859021124
1757619203788.961,191171,UWB1,UWB1,-168.8619986584856,-443.42245663086334,238.44285307083638,0.019068343879890478,0.33911564739663513,0.06660121031393319,0.9381904149676432
1757619203788.961,191171,LeftRS,LeftRS,-215.18608512802572,-481.40494913135825,250.65580020483776,-0.006484360848329401,-0.5510253967090176,0.8344380995580535,-0.006482534381134136
1757619203799.52,191172,April7,April7,1192.3767140399627,1529.7912589586683,1642.935833536065,-0.684341308191703,0.18285334406950982,-0.18378763631833675,0.6815157615210267
1757619203799.52,191172,UWB2,UWB2,-1223.0946825227068,2021.7757155073543,1719.6166778687739,0.5004709800645949,0.5016778722388312,-0.4944084805872995,0.5033968265121073
1757619203799.52,191172,UWB3,UWB3,1879.2870273018266,-1460.2855076279068,1388.3611410129379,-0.7060438988503893,0.00012360178935364528,0.708165951444107,-0.0017270883016156432
1757619203799.52,191172,UWB4,UWB4,-749.3864108694229,-1868.4726334200873,1445.2837165729054,-0.14131281218986746,0.5984282108583253,0.09490476213681062,0.7828840601798268
1757619203799.52,191172,UWB1,UWB1,-168.84987600228203,-443.4031140178825,238.46886813755393,0.018654881804977107,0.3392914605370711,0.0666034711121193,0.9381349997880266
1757619203799.52,191172,LeftRS,LeftRS,-215.22029607828753,-481.02126898709656,250.7162788981358,-0.010055927931018855,-0.5638248662927092,0.8257983922862216,-0.007577186875516498
1757619203807.521,191173,April7,April7,1192.386831410699,1529.7857849118247,1642.9352158942445,-0.6843333598236361,0.18286296563322976,-0.18377481207486238,0.6815246194226319
1757619203807.521,191173,UWB2,UWB2,-1223.0297726108367,2021.7786238770468,1719.6015254149374,0.5004415190376525,0.5009151352389307,-0.49558178519868196,0.5030318155853942
1757619203807.521,191173,UWB3,UWB3,1879.2525211418413,-1460.3037131260317,1388.3542307589983,-0.7061518007687297,-0.0002960235522916519,0.7080584733882653,-0.001656775246081812
1757619203807.521,191173,UWB4,UWB4,-749.3818088334885,-1868.4594148126298,1445.2887812979034,-0.14161044989452404,0.5985222237155365,0.09480702625707334,0.7827702446896985
1757619203807.521,191173,UWB1,UWB1,-168.84925831383237,-443.4187495985502,238.4572505442391,0.018894223591642768,0.33918277165030736,0.06658090932829455,0.9381711135200774
1757619203807.521,191173,LeftRS,LeftRS,-215.22367195950196,-480.999444281224,250.7049255344101,-0.009931042624274666,-0.5636632097780822,0.8259117087460047,-0.007416851846917819
1757619203816.9998,191174,April7,April7,1192.3915133889893,1529.7783458800461,1642.946895096932,-0.6843368699593803,0.1828710909797064,-0.18376493671200164,0.6815215774524856
1757619203816.9998,191174,UWB2,UWB2,-1223.0372626627973,2021.7611857943484,1719.616677812645,0.5000966512437628,0.5016610337862559,-0.49494846579821566,0.5032549679827036
1757619203816.9998,191174,UWB3,UWB3,1879.2470428635418,-1460.3094630258408,1388.3520041523398,-0.7062875637346802,-0.00025069393826823873,0.7079227679541148,-0.0017801905696388403
1757619203816.9998,191174,UWB4,UWB4,-749.3951140350886,-1868.4387869362977,1445.0797578252918,-0.13626642820034798,0.5956412208755882,0.096976130631944,0.7856453567781168
1757619203816.9998,191174,UWB1,UWB1,-168.85032735961056,-443.41947455128343,238.45014464645783,0.018642893927480662,0.33919654857255627,0.06666642581050958,0.9381650876109845
1757619203816.9998,191174,LeftRS,LeftRS,-215.194271784561,-480.9916672600284,250.69707067461766,-0.01046153462757148,-0.5647579649806856,0.8251568809563626,-0.007424223493275502
1757619203827.4314,191175,April7,April7,1192.4020519303592,1529.7730817898062,1642.9459976357446,-0.6843294781697932,0.18287632438133916,-0.1837506656394885,0.6815314432699894
1757619203827.4314,191175,UWB2,UWB2,-1223.0122300544888,2021.8414364314674,1719.609292270941,0.5011538726201178,0.49975785469068845,-0.4966529819304241,0.5024168569748008
1757619203827.4314,191175,UWB3,UWB3,1879.2651043002522,-1460.301628535491,1388.3463249410256,-0.7062103274293107,-0.00021981075590263107,0.7079997838901534,-0.001797533564003951
1757619203827.4314,191175,UWB4,UWB4,-749.3765399457669,-1868.4399641080006,1445.2768372391379,-0.14184247598623914,0.5985955717851623,0.09501468270301876,0.7826469596926398
1757619203827.4314,191175,UWB1,UWB1,-168.84283248526344,-443.41466160924296,238.45601570248178,0.018726112347298148,0.3392121770977631,0.06649441938073015,0.9381699866315122
1757619203827.4314,191175,LeftRS,LeftRS,-215.18475496220807,-481.41418018443534,250.66374187435932,-0.0065771345137210545,-0.5512338220978924,0.8343024541720289,-0.006117976746216558
1757619203837.573,191176,April7,April7,1192.6258044319259,1529.6249058653136,1642.827565905344,-0.6844841035676774,0.18300587029002116,-0.1842226067663032,0.6812139124818086
1757619203837.573,191176,UWB2,UWB2,-1223.0621046103302,2021.7905344037792,1719.597640831522,0.5006207875193692,0.5011702841388743,-0.49539241347279134,0.5027857695612016
1757619203837.573,191176,UWB3,UWB3,1879.274257945269,-1460.302335392196,1388.3733960691832,-0.7058689067555997,-0.00018264964622009445,0.7083407469940921,-0.0015618138855015625
1757619203837.573,191176,UWB4,UWB4,-749.374524690844,-1868.5026504646482,1445.0569326470809,-0.13619635770660912,0.5954900726712228,0.0974168677304909,0.7857175570006408
1757619203837.573,191176,UWB1,UWB1,-168.8501697591213,-443.4239881776149,238.44934268547135,0.01849132106544827,0.3391167190478818,0.06667415812664329,0.9381963965745966
1757619203837.573,191176,LeftRS,LeftRS,-215.1901747028942,-481.0036208889125,250.7015563263906,-0.010643521427013318,-0.564607635632219,0.8252585198525872,-0.0073012771584779175
1757619203846.746,191177,April7,April7,1192.390372015068,1529.7784386026935,1642.9587718177384,-0.6843340409125079,0.1828167435486868,-0.18383735177683982,0.6815194691410439
1757619203846.746,191177,UWB2,UWB2,-1223.0308038623089,2021.7348127335956,1719.6076692896793,0.5005132938618632,0.5015498412802147,-0.49431194867490946,0.5035771011241015
1757619203846.746,191177,UWB3,UWB3,1879.2874348130802,-1460.2967559217036,1388.3598420403555,-0.7059381872816485,-0.0001634738434238734,0.7082716335489391,-0.0015944038761662083
1757619203846.746,191177,UWB4,UWB4,-749.4079172445294,-1868.4372861974875,1445.0749809678528,-0.13710803393852253,0.5953139593048942,0.09756096543306363,0.7856745731599136
1757619203846.746,191177,UWB1,UWB1,-168.8640484945292,-443.4305219300486,238.4551380201961,0.018908186429951738,0.33919030183026944,0.06648041706514173,0.9381752361776908
1757619203846.746,191177,LeftRS,LeftRS,-215.18088210314198,-481.4415898410483,250.6731094126108,-0.006682854347929294,-0.5508332385588984,0.8345604775853045,-0.0068477740228886
1757619203855.9202,191178,April7,April7,1192.38438382643,1529.7736239057183,1642.9356549288048,-0.6842884799235973,0.1827621302511748,-0.18369638844013456,0.6816178671836269
1757619203855.9202,191178,UWB2,UWB2,-1223.0338668401791,2021.7694187710622,1719.6188995746236,0.5007588986647072,0.5014360430866546,-0.49476640866342064,0.5029996232205443
1757619203855.9202,191178,UWB3,UWB3,1879.2733839585542,-1460.3105436184487,1388.3733523460673,-0.7061899062073977,-0.00035099003235971866,0.7080207942756246,-0.0014993498917098122
1757619203855.9202,191178,UWB4,UWB4,-749.368152663578,-1868.4903003517004,1445.0569705677854,-0.13724597732684704,0.5956235941648964,0.0979968588788354,0.7853615036603024
1757619203855.9202,191178,UWB1,UWB1,-168.85143802197942,-443.3967718523468,238.4677510608184,0.018467307773671525,0.3392155291998699,0.06643224330926488,0.9381783094604903
1757619203855.9202,191178,LeftRS,LeftRS,-215.2150482561731,-481.03196735458596,250.74723743069222,-0.009929837062913659,-0.5637205288119013,0.8258682390083582,-0.007887682116298178
1757619203866.8276,191179,April7,April7,1192.578957574578,1529.59645100494,1642.850430117864,-0.6845460205867442,0.1828461640931774,-0.18416959119734871,0.6812089163050239
1757619203866.8276,191179,UWB2,UWB2,-1223.0211638951396,2021.8170269773248,1719.632519158581,0.5007382460680557,0.5010212848941773,-0.4953734283892553,0.5028360045318457
1757619203866.8276,191179,UWB3,UWB3,1879.2775852738073,-1460.3026171124857,1388.388460794087,-0.7059970360111941,-0.0003421545527592993,0.7082132713007685,-0.001424930571919007
1757619203866.8276,191179,UWB4,UWB4,-749.3739923878032,-1868.4525384546862,1445.0444456141968,-0.1375587008664969,0.5955781091942701,0.09812003861836945,0.7853259053959887
1757619203866.8276,191179,UWB1,UWB1,-168.8602768397631,-443.4088360246137,238.48400892703256,0.018617153422888957,0.33921758280652603,0.06667264372815243,0.9381575516359846
1757619203866.8276,191179,LeftRS,LeftRS,-215.2114675497893,-481.0038828267063,250.71548010659563,-0.010132499669183458,-0.5642843398647318,0.8254848380019487,-0.007436293618084308
1757619203876.1252,191180,April7,April7,1192.359973865568,1529.769152056546,1642.9484662160444,-0.6844299395375028,0.18281912932196948,-0.18373456481177913,0.6814502428732957
1757619203876.1252,191180,UWB2,UWB2,-1223.0699678177946,2021.8411888620171,1719.6120543298014,0.501301862496037,0.500544056889076,-0.4956595590817015,0.502467602201339
1757619203876.1252,191180,UWB3,UWB3,1879.2619434481733,-1460.311985577284,1388.378655372121,-0.7060168487136688,-0.00038881725181258377,0.7081928102722759,-0.001732521925277034
1757619203876.1252,191180,UWB4,UWB4,-749.3634085613307,-1868.4486843163847,1445.305674162037,-0.14172460291892888,0.5985574885679523,0.09500867019900613,0.7826981681297804
1757619203876.1252,191180,UWB1,UWB1,-168.86286843751043,-443.4098183030886,238.46984481933072,0.019133295390783383,0.33919794269482895,0.06651165509208032,0.9381656956081889
1757619203876.1252,191180,LeftRS,LeftRS,-215.2148488549703,-481.0154018916287,250.71864183469546,-0.009950259009031548,-0.5640062742533086,0.8256761803816394,-0.0075339298471254305
1757619203885.7021,191181,April7,April7,1192.6078874088846,1529.6428058258882,1642.802414726902,-0.684485349619143,0.1829343918524718,-0.18427007356825867,0.681219020889372
1757619203885.7021,191181,UWB2,UWB2,-1223.035794175153,2021.7626861019148,1719.6131330530613,0.5003912596296097,0.5017112797101161,-0.49504630138234584,0.5028156109207328
1757619203885.7021,191181,UWB3,UWB3,1879.2476840798413,-1460.3198413915163,1388.3765806078327,-0.7060576040231711,-0.0005551639861767968,0.708152000412657,-0.0017595185590626604
1757619203885.7021,191181,UWB4,UWB4,-749.4415767798921,-1868.4630899136919,1445.0847029200027,-0.13680353540108603,0.5950815245165,0.0972028105174044,0.7859480806697091
1757619203885.7021,191181,UWB1,UWB1,-168.8642756080141,-443.42080113515647,238.4460632014857,0.019098970738934674,0.33915450137521863,0.06659037186016321,0.9381765163812007
1757619203885.7021,191181,LeftRS,LeftRS,-215.2256586130964,-481.0306936639944,250.71094153277124,-0.010294965961954951,-0.5639077903142906,0.8257369970135127,-0.0077736389035332875
1757619203897.6384,191182,April7,April7,1192.6158265588956,1529.6427299647416,1642.8185852952379,-0.6844930926010997,0.18292643412983312,-0.18427617999073162,0.681211725798925
1757619203897.6384,191182,UWB2,UWB2,-1223.0173264977047,2021.6729235744933,1719.606533170429,0.5000168501310824,0.5024132988282144,-0.4938182172227602,0.5036939498192102
1757619203897.6384,191182,UWB3,UWB3,1879.2588314902712,-1460.3081582910374,1388.381291324775,-0.7059839727178262,-0.0005518958493477737,0.7082258892853028,-0.0015541629802912772
1757619203897.6384,191182,UWB4,UWB4,-749.4174203784313,-1868.4721651713314,1445.2835652322858,-0.14107427131090347,0.5982429373038142,0.09462999568135075,0.7831019102629937
1757619203897.6384,191182,UWB1,UWB1,-168.8554547707051,-443.41536348459505,238.45542968599435,0.01857731369744353,0.3392129159546672,0.06677201786497797,0.9381529612464898
1757619203897.6384,191182,LeftRS,LeftRS,-215.21008806187072,-481.01421795508935,250.7125604384691,-0.00961545895434448,-0.5632113813239701,0.8262211391801815,-0.007688437295460611
1757619203906.8428,191183,April7,April7,1192.399504936423,1529.7826453735086,1642.9345984690528,-0.6843329752616538,0.18286265910037147,-0.18374889143492,0.6815320768479736
1757619203906.8428,191183,UWB2,UWB2,-1223.0811784404427,2021.8008727618449,1719.5980426628578,0.5007107252382778,0.5005557461923426,-0.4951061478819662,0.503589730747824
1757619203906.8428,191183,UWB3,UWB3,1879.2738064325158,-1460.2990811539928,1388.3570222547635,-0.7059638823008174,-0.00028622861725211896,0.7082457094861365,-0.0017117109614517658
1757619203906.8428,191183,UWB4,UWB4,-749.3840123132902,-1868.461065668535,1445.0550413077483,-0.1370586766930516,0.5954526609514915,0.0978834056833847,0.7855379599998715
1757619203906.8428,191183,UWB1,UWB1,-168.85754906258444,-443.416157963857,238.43413085674504,0.01882154337289224,0.33896994752271864,0.066660133809617,0.9382438652834303
1757619203906.8428,191183,LeftRS,LeftRS,-215.20762726403922,-481.02158452623144,250.72311544052826,-0.009642756369533186,-0.5630827004247401,0.8263028029897715,-0.008280549693533628
1757619203916.885,191184,April7,April7,1192.402706405361,1529.7748938552081,1642.9488851776603,-0.684338215817181,0.1828866628252408,-0.1837927515462392,0.6815085468369906
1757619203916.885,191184,UWB2,UWB2,-1223.0777838218849,2021.7510422641085,1719.5868731570956,0.5004735094580643,0.5021487184018091,-0.4939937717812963,0.5033319822735666
1757619203916.885,191184,UWB3,UWB3,1879.258222674915,-1460.3148948328421,1388.3553387962818,-0.7060792587444209,-0.000418304306461126,0.7081304618897651,-0.0017760451076408992
1757619203916.885,191184,UWB4,UWB4,-749.3496660468064,-1868.4648787680408,1445.285481127268,-0.14186214955043017,0.5986486480541453,0.09541578382717093,0.782553994881198
1757619203916.885,191184,UWB1,UWB1,-168.85549450813116,-443.43196868478805,238.445948888131,0.018809599584438265,0.3391180071046062,0.06676325951063909,0.9381832674911595
1757619203916.885,191184,LeftRS,LeftRS,-215.1827562174557,-481.41607313290143,250.6568146511106,-0.006939565678643023,-0.5513676519555692,0.8342085048367837,-0.006459509514827806
1757619203925.905,191185,April7,April7,1192.6214891235272,1529.6417725175825,1642.802564667941,-0.6844931234595353,0.1829569323818491,-0.1842562165976072,0.6812089044303287
1757619203925.905,191185,UWB2,UWB2,-1223.046066554865,2021.869146607289,1719.590860575725,0.5008089119684195,0.5000370184024608,-0.49645374496794925,0.5026799111039584
1757619203925.905,191185,UWB3,UWB3,1879.2565215719676,-1460.3113356986914,1388.3551260625889,-0.7060836738441013,-0.00042552526666463954,0.7081259892949024,-0.0018021498772540518
1757619203925.905,191185,UWB4,UWB4,-749.3676261678457,-1868.4325081531415,1445.0588336509513,-0.1375760917604443,0.595628583212073,0.09792882907356662,0.7853084453085811
1757619203925.905,191185,UWB1,UWB1,-168.8556876179048,-443.43091634644975,238.44311614048922,0.01896546243419158,0.33894089783502296,0.0666006960974812,0.9382556827905584
1757619203925.905,191185,LeftRS,LeftRS,-215.19635336558693,-481.43246333282633,250.6682531264629,-0.006327154855062177,-0.5508329959218282,0.8345657519600218,-0.006556170423869041
1757619203936.1165,191186,April7,April7,1192.4059325734822,1529.7683226731092,1642.9683865901966,-0.6843539661994863,0.1828794074625764,-0.18378964302079676,0.6814955160464795
1757619203936.1165,191186,UWB2,UWB2,-1223.0274656755753,2021.7884249141678,1719.5968936824836,0.5003387537049178,0.5004578733321748,-0.49564440071203597,0.5035272352153887
1757619203936.1165,191186,UWB3,UWB3,1879.2756445201205,-1460.3012406020819,1388.363098391592,-0.7059825271561286,-0.00025983143949313023,0.7082272305962466,-0.0016714304772034781
1757619203936.1165,191186,UWB4,UWB4,-749.3589724030446,-1868.4517560608563,1445.3060533919308,-0.14105161419749918,0.5986344272554778,0.0943421674460874,0.7828415038041611
1757619203936.1165,191186,UWB1,UWB1,-168.85610983531583,-443.41446149578536,238.45868158857118,0.018408361964274603,0.33904847667448573,0.06669907975468911,0.9382209203777012
1757619203936.1165,191186,LeftRS,LeftRS,-215.15904590747786,-481.41441410440757,250.62267830260913,-0.007163214047159285,-0.5518411678899987,0.8338948493924717,-0.0062764594337700605
1757619203946.1187,191187,April7,April7,1192.399505086861,1529.7826456817697,1642.9345983467322,-0.6843329739558706,0.18286265303751362,-0.18374888568177392,0.68153208133697
1757619203946.1187,191187,UWB2,UWB2,-1223.0365411937344,2021.758663799732,1719.591381489549,0.5007798707021285,0.5017929659257611,-0.4944419981793188,0.5029417967155148
1757619203946.1187,191187,UWB3,UWB3,1879.2583482563277,-1460.3086888352004,1388.3627401899585,-0.7059868324647195,-0.0005515643219973519,0.7082225291363647,-0.00177126703855677
1757619203946.1187,191187,UWB4,UWB4,-749.3701496624411,-1868.501977260718,1445.0352836815857,-0.1365247572443476,0.5955778422795053,0.0975017695842023,0.7855834961180193
1757619203946.1187,191187,UWB1,UWB1,-168.84995020297785,-443.4327957391283,238.4580789162404,0.018827752768293737,0.3391876187239393,0.06653280664690216,0.9381741099975875
1757619203946.1187,191187,LeftRS,LeftRS,-215.18458885507738,-481.43456126532396,250.65658541607797,-0.006938399940530836,-0.5512643054310967,0.8342772618150379,-0.006401139136001401
1757619203956.0605,191188,April7,April7,1192.3850015737385,1529.7409403433935,1642.9593463766516,-0.6843802197591553,0.18273571808868078,-0.1836075133159827,0.6815567864755994
1757619203956.0605,191188,UWB2,UWB2,-1223.068073648565,2021.7536265206954,1719.5996507912914,0.500221405579028,0.5017568447333709,-0.49454884939047594,0.5034282965133269
1757619203956.0605,191188,UWB3,UWB3,1879.269202938559,-1460.301366345227,1388.3666487951702,-0.7060093202716516,-0.00023079557735658182,0.7082005730086934,-0.0016537270392169554
1757619203956.0605,191188,UWB4,UWB4,-749.3616461887408,-1868.4740447607028,1445.0717038557239,-0.1366183343900886,0.5955801589341368,0.09752211380239377,0.7855629461169736
1757619203956.0605,191188,UWB1,UWB1,-168.8479896004605,-443.42218322457944,238.4749304074967,0.018652192742746557,0.3393896987491667,0.0665475272259236,0.9381034882724573
1757619203956.0605,191188,LeftRS,LeftRS,-215.19863396808577,-481.41434342804837,250.65631426294883,-0.007006611734281917,-0.552039909362833,0.8337678021368206,-0.005839347790287347
1757619203966.0847,191189,April7,April7,1192.3955362814245,1529.7593971820172,1642.9555118262742,-0.6843040052818007,0.18291369051978495,-0.18381068419475885,0.6815308082189478
1757619203966.0847,191189,UWB2,UWB2,-1223.043236341626,2021.7795363452979,1719.5853766354662,0.5004883837843301,0.5014912704458955,-0.4950888152893576,0.5028965582889698
1757619203966.0847,191189,UWB3,UWB3,1879.2733289961586,-1460.3050517970512,1388.3860526354572,-0.7059071808050272,-0.0004858013299807465,0.7083026531645438,-0.0014722788576091545
1757619203966.0847,191189,UWB4,UWB4,-749.3958999896662,-1868.449573806822,1445.079420032458,-0.1374712561918119,0.5953717333677823,0.09809380420923777,0.7855009601543765
1757619203966.0847,191189,UWB1,UWB1,-168.86592168451745,-443.418211984749,238.4659056756143,0.018910648385697622,0.339131535741917,0.06648848331181491,0.9381958593118261
1757619203966.0847,191189,LeftRS,LeftRS,-215.1688203337812,-481.4328290573054,250.6790462328751,-0.0065059844982933435,-0.5509246745874505,0.8345032427759216,-0.006634221347760046
1757619203992.7786,191190,April7,April7,1192.6157286993332,1529.6397216683624,1642.8118482347109,-0.6844917910640318,0.18297001069622756,-0.18424091737105738,0.6812108686141521
1757619203992.7786,191190,UWB2,UWB2,-1223.0570719652778,2021.7840825089102,1719.6017652727717,0.5010966589688318,0.5012107613403655,-0.49497561560283343,0.502681858679505
1757619203992.7786,191190,UWB3,UWB3,1879.2677940532,-1460.3025322733442,1388.3656027563447,-0.7060079455331026,-0.00040939807443411176,0.7082012416510828,-0.0019011999392709474
1757619203992.7786,191190,UWB4,UWB4,-749.3890691631916,-1868.4533914477768,1445.2802856376727,-0.14128658543624892,0.5984369003763236,0.09472325177162136,0.7829041337338525
1757619203992.7786,191190,UWB1,UWB1,-168.85789051944025,-443.4110813346836,238.46393087302818,0.018989031770197184,0.3391809423212623,0.0664650797990241,0.9381780738249005
1757619203992.7786,191190,LeftRS,LeftRS,-215.22277915139162,-481.01473057153726,250.74141113629793,-0.009908926345913716,-0.5637127893300299,0.8258770554914294,-0.007536148700433513
1757619203996.7803,191192,April7,April7,1192.5963048202918,1529.6260818826988,1642.8139898577547,-0.6844471203081398,0.18302736762951424,-0.1843325193271212,0.6812155639142591
1757619203996.7803,191192,UWB2,UWB2,-1223.021067489331,2021.7941655392585,1719.6093537167217,0.5009662079738614,0.5012005814969891,-0.4952814108522199,0.5025208051808447
1757619203996.7803,191192,UWB3,UWB3,1879.2741821168213,-1460.2922168908044,1388.3539023456806,-0.7060467557757342,-0.0003155223475622451,0.7081627247364145,-0.0018532129144229284
1757619203996.7803,191192,UWB4,UWB4,-749.429691493634,-1868.4245247106858,1445.0800687435187,-0.1369120182238053,0.5953823715419226,0.09730489392773307,0.7856886715109955
1757619203996.7803,191192,UWB1,UWB1,-168.84283333595596,-443.4293166104578,238.4591426007698,0.018853587919319924,0.33931510371626433,0.06678807864526992,0.9381093513889852
1757619203996.7803,191192,LeftRS,LeftRS,-215.1722858677188,-481.40799640202243,250.65668875841152,-0.006363309417203862,-0.5510013403775155,0.8344564611706754,-0.006280573696375308
1757619204004.7778,191193,April7,April7,1192.4166681570312,1529.781150139643,1642.9314153399644,-0.6843195340008089,0.18285058638248708,-0.18378873269488938,0.6815380695008189
1757619204004.7778,191193,UWB2,UWB2,-1223.014204569538,2021.8726145548324,1719.5956533676201,0.5008924345901659,0.5003344343625452,-0.4966689697142726,0.5020877983823262
1757619204004.7778,191193,UWB3,UWB3,1879.2784404542738,-1460.3034967285428,1388.3537867910904,-0.7060227034659041,-0.0001606585771307228,0.7081872895421712,-0.0016368599300323244
1757619204004.7778,191193,UWB4,UWB4,-749.3580720412972,-1868.4543972526455,1445.070368307249,-0.13788822800539738,0.5956537792751163,0.09830890934057204,0.785187092454448
1757619204004.7778,191193,UWB1,UWB1,-168.85106247718392,-443.41700744730247,238.45605989159856,0.01874986187732573,0.339284689342293,0.06675678982558401,0.9381246576386679
1757619204004.7778,191193,LeftRS,LeftRS,-215.21183443357415,-481.0065460792785,250.70929971623147,-0.009661476122011604,-0.5632792939787503,0.8261704242380634,-0.008094625886531525
1757619204016.831,191194,April7,April7,1192.6246879136074,1529.6364352047294,1642.811070700194,-0.684495499519342,0.182946266457848,-0.18429168693383075,0.6811997862991322
1757619204016.831,191194,UWB2,UWB2,-1223.03927411072,2021.762170559275,1719.5644303775641,0.5003827164841759,0.5009309669019169,-0.4950481477910435,0.5035996771358026
1757619204016.831,191194,UWB3,UWB3,1879.2218679054074,-1460.3152756582106,1388.3458609918887,-0.7061331424829702,-0.0008948639612976648,0.7080753711203156,-0.0021102413235069037
1757619204016.831,191194,UWB4,UWB4,-749.404176264469,-1868.4667410454067,1445.0448732186983,-0.1370479146293516,0.5956589438697528,0.09762275499013476,0.7854158703463107
1757619204016.831,191194,UWB1,UWB1,-168.84685917432637,-443.42237464605455,238.44949063700838,0.01887850277934992,0.3393509189353767,0.06664215172249481,0.9381062730652223
1757619204016.831,191194,LeftRS,LeftRS,-215.18461262666628,-481.40135465797897,250.63818647833614,-0.006668172156195594,-0.5518419442885595,0.8339000971568834,-0.00605243468848369
1757619204024.8198,191195,April7,April7,1192.3886236560365,1529.7868598048728,1642.9208567541398,-0.6843425160063252,0.1828760058055844,-0.18378794036321275,0.6815083860553562
1757619204024.8198,191195,UWB2,UWB2,-1223.0327955917285,2021.7944411697695,1719.5927904257298,0.5007406580008694,0.5011128329645338,-0.4953289081808684,0.5027862316963987
1757619204024.8198,191195,UWB3,UWB3,1879.268427759288,-1460.2995239916083,1388.3460125238416,-0.7060139661002005,-0.0003022398562182211,0.7081956165375204,-0.0017768060039490981
1757619204024.8198,191195,UWB4,UWB4,-749.3702528799096,-1868.43355760771,1445.0839014247902,-0.1376904426086359,0.5955373544404435,0.09800707769510048,0.7853478300740265
1757619204024.8198,191195,UWB1,UWB1,-168.8504526005406,-443.4246182081515,238.45082597097996,0.01868599236917154,0.3392495175715933,0.06665663882719855,0.9381457727970003
1757619204024.8198,191195,LeftRS,LeftRS,-215.19947533867975,-481.0091539973057,250.70091592241562,-0.010374105272113278,-0.5643135104785634,0.8254624899163817,-0.007370045604411058
1757619204035.8367,191196,April7,April7,1192.3900325923648,1529.7780329239838,1642.9495026936247,-0.6843386006990759,0.18288698155625602,-0.18381868530824538,0.6815010803381171
1757619204035.8367,191196,UWB2,UWB2,-1223.0328148974043,2021.7943348303697,1719.5927911934657,0.5007396757817479,0.5011145901291262,-0.4953267187204722,0.5027876155787036
1757619204035.8367,191196,UWB3,UWB3,1879.262594349665,-1460.3047747413286,1388.363145308553,-0.7059671318742079,-0.000507559309474439,0.7082422372964697,-0.0017562477454481985
1757619204035.8367,191196,UWB4,UWB4,-749.406092646735,-1868.4383552146248,1445.0654839974086,-0.13722011964692166,0.5952847286674925,0.09783645579545715,0.7856428950208472
1757619204035.8367,191196,UWB1,UWB1,-168.85139498395506,-443.40516903251086,238.45612470670076,0.018565952662502674,0.3392531073261504,0.06650422341519292,0.938157674828292
1757619204035.8367,191196,LeftRS,LeftRS,-215.1743877901956,-481.4516682180503,250.66526857494853,-0.006507437971849408,-0.5498323320588693,0.8352173035790683,-0.007356335763017547
1757619204046.7764,191197,April7,April7,1192.3827588495058,1529.7378291113357,1642.9634017511173,-0.6843576102202487,0.18270669773873005,-0.18368626277228142,0.6815660502136173
1757619204046.7764,191197,UWB2,UWB2,-1223.067693013588,2021.7736490014486,1719.6120346235016,0.5003196383509869,0.5014074016112114,-0.4949876635519061,0.5032475434825848
1757619204046.7764,191197,UWB3,UWB3,1879.2889986455593,-1460.287539565907,1388.361649953246,-0.705771586669665,3.77658739247037e-05,0.7084374377772193,-0.0016919749321284033
1757619204046.7764,191197,UWB4,UWB4,-749.362337209323,-1868.4788645912595,1445.0715215919747,-0.1369232709683965,0.5955653506057531,0.09784997102186498,0.7854803079620658
1757619204046.7764,191197,UWB1,UWB1,-168.84589644493386,-443.41044737704453,238.469773027214,0.018113424835758268,0.33922235273974727,0.06672782871905314,0.9381617643652242
1757619204046.7764,191197,LeftRS,LeftRS,-215.18103710973583,-481.418091725015,250.67433996447866,-0.006679610762683717,-0.5518174589484991,0.8339156420694323,-0.006129984633525114
1757619204055.8203,191198,April7,April7,1192.3900824894845,1529.7325328141826,1642.9655307029439,-0.6843737678274044,0.18277067357939,-0.18364313040605368,0.681544296024641
1757619204055.8203,191198,UWB2,UWB2,-1223.0462256708645,2021.8370986746581,1719.6176503074407,0.500313983889559,0.5014665203169026,-0.4951574136791728,0.5030272181546124
1757619204055.8203,191198,UWB3,UWB3,1879.2527215510063,-1460.3092255233462,1388.3747299755057,-0.7060249724942149,-0.0006085728802917205,0.7081840070130775,-0.001944238795540112
1757619204055.8203,191198,UWB4,UWB4,-749.3742989686157,-1868.4588367048382,1445.075944115285,-0.13678166855549614,0.5955075028926363,0.09744982439076115,0.7855985748917579
1757619204055.8203,191198,UWB1,UWB1,-168.86091958592743,-443.42541372142097,238.45327957616664,0.018873882939270375,0.33890699973784605,0.06650439447619302,0.9382766050514322
1757619204055.8203,191198,LeftRS,LeftRS,-215.17086924850918,-481.4389487096007,250.67443920780454,-0.006832880583094712,-0.5509400796788975,0.8344896561648698,-0.006734545284193448
1757619204065.8252,191199,April7,April7,1192.614092558793,1529.5942116231952,1642.8280852645996,-0.6845288831639894,0.18288432268695137,-0.18408874128839037,0.6812377470167464
1757619204065.8252,191199,UWB2,UWB2,-1223.181473143654,2021.5927674033192,1719.590111736838,0.5108441419452526,0.5191489801037421,-0.472081568526074,0.49665037174598464
1757619204065.8252,191199,UWB3,UWB3,1879.2708015443989,-1460.3017550934371,1388.3520626251077,-0.7060299455952138,-0.00027565255704981023,0.7081798079044188,-0.0017319396490540924
1757619204065.8252,191199,UWB4,UWB4,-749.392093752723,-1868.4445321498868,1445.0621912645045,-0.13728881142130026,0.5953645716243431,0.09796533219998936,0.7855543283567565
1757619204065.8252,191199,UWB1,UWB1,-168.86640094876807,-443.4045829093903,238.45849210352827,0.01872831255653613,0.3389954186950289,0.06659727081251147,0.9382409924603016
1757619204065.8252,191199,LeftRS,LeftRS,-215.157799410043,-481.41876181378944,250.66423126856492,-0.007090073527789939,-0.5516486748344829,0.8340223491828088,-0.006339674622441366
1757619204093.8123,191200,April7,April7,1192.4061004626924,1529.7771781186377,1642.9465089051312,-0.6843455288606741,0.18288933471761165,-0.18375092870543797,0.6815117640766318
1757619204093.8123,191200,UWB2,UWB2,-1222.9197015945545,2021.0624989136495,1719.2821993812504,0.4979672307748583,0.5072973808030219,-0.4875355681577956,0.5069389255974218
1757619204093.8123,191200,UWB3,UWB3,1879.2633969336782,-1460.3051530034113,1388.3814507978539,-0.7060402884405513,-0.00038671114534710174,0.7081695982306676,-0.001667841445735125
1757619204093.8123,191200,UWB4,UWB4,-749.3936609215402,-1868.446471073693,1445.0588859550958,-0.1372584861403459,0.5954593153507616,0.09765729676251984,0.7855261702410047
1757619204093.8123,191200,UWB1,UWB1,-168.85282982740583,-443.4098086802655,238.4656160392101,0.01885653042543777,0.3392011157258327,0.06647809737996882,0.9381725304651614
1757619204093.8123,191200,LeftRS,LeftRS,-215.2240736489388,-481.00269715810657,250.71855459211622,-0.010311224173535713,-0.5646359383122678,0.8252428982735367,-0.007354907977764824
1757619204098.7744,191202,April7,April7,1192.631172349551,1529.6419647427188,1642.8154821149246,-0.6844797317873067,0.18291704599734573,-0.18431237446963775,0.6812178797369793
1757619204098.7744,191202,UWB2,UWB2,-1223.0600728578227,2021.8150495853095,1719.5853258313543,0.500763163399135,0.5009608781080501,-0.49521010805697346,0.5030322073842822
1757619204098.7744,191202,UWB3,UWB3,1879.2849751234544,-1460.2895300923108,1388.3739048682528,-0.7056451451166452,-0.00022912386043367775,0.708563470531409,-0.0016385676825545847
1757619204098.7744,191202,UWB4,UWB4,-749.4090856357369,-1868.4519019784784,1445.3038210263355,-0.14149813945105505,0.5982919360059868,0.0944932101890386,0.7830045140803904
1757619204098.7744,191202,UWB1,UWB1,-168.85338253471255,-443.43083638669424,238.44346704631883,0.019202398394667766,0.3393038151597807,0.06657125455494546,0.9381217708703335
1757619204098.7744,191202,LeftRS,LeftRS,-215.21428896685183,-481.031035552993,250.72696696930296,-0.009724070374043004,-0.5627466638512224,0.8265353260438638,-0.007809582654903097
1757619204106.7842,191203,April7,April7,1192.4313421594816,1529.778166718998,1642.9263323267899,-0.6843244602951709,0.18282820111117593,-0.18379537777429938,0.6815373364893351
1757619204106.7842,191203,UWB2,UWB2,-1223.090502331764,2021.8120266198257,1719.5899864646676,0.5006383608629791,0.5010978749197421,-0.4952359644285661,0.5029945237473826
1757619204106.7842,191203,UWB3,UWB3,1879.2567598079845,-1460.3124542530793,1388.3825400723804,-0.705947277512919,-0.0006478234959536876,0.7082623367834372,-0.0015760681713890103
1757619204106.7842,191203,UWB4,UWB4,-749.3330686366162,-1868.4461242824998,1445.0781859879346,-0.13770875139562197,0.5957192926927091,0.09856912005848353,0.7851362637616821
1757619204106.7842,191203,UWB1,UWB1,-168.8503423035739,-443.43128095306645,238.43614242208378,0.018912189116516626,0.3393330663325229,0.06677413235842507,0.9381026673259
1757619204106.7842,191203,LeftRS,LeftRS,-215.22665919599632,-481.05808588945905,250.72375223978557,-0.009485754066556912,-0.5622542682107056,0.826867175837298,-0.008416167268046691
1757619204116.7822,191204,April7,April7,1192.6271997076483,1529.6365757361518,1642.811748035772,-0.6844925141262639,0.18299802427065207,-0.1842388014199544,0.6812031894152308
1757619204116.7822,191204,UWB2,UWB2,-1223.0942893767544,2021.7759590731812,1719.5885794650808,0.5006750336883107,0.5017826813040995,-0.49434310547668064,0.5031536002575645
1757619204116.7822,191204,UWB3,UWB3,1879.2599743693431,-1460.315403180436,1388.383383170267,-0.7057493273544406,-0.0005152406917770173,0.7084590754151479,-0.0018330105559001707
1757619204116.7822,191204,UWB4,UWB4,-749.4070455817675,-1868.4483084530627,1445.0726903145062,-0.13701347968140185,0.5955019061842167,0.09749576757930224,0.7855567206896529
1757619204116.7822,191204,UWB1,UWB1,-168.8424370929259,-443.41074407521296,238.46443526299592,0.018629382108376398,0.33952520848258316,0.06673816361753226,0.9380413617981235
1757619204116.7822,191204,LeftRS,LeftRS,-215.21401928861016,-481.047568067604,250.72392634299624,-0.009171319558729915,-0.5618364985025581,0.8271527422495861,-0.00860097883537669
1757619204125.8276,191205,April7,April7,1192.6102717218762,1529.6252714280442,1642.8138497197967,-0.6844554955511362,0.18304572282640297,-0.18431721876167195,0.6812063570114202
1757619204125.8276,191205,UWB2,UWB2,-1223.0163630205464,2021.823896207526,1719.595838399542,0.5010606713253222,0.5000214046159197,-0.4962208630201813,0.5026745007263119
1757619204125.8276,191205,UWB3,UWB3,1879.286718556208,-1460.2884155642278,1388.357605766185,-0.705908930775956,-0.00012058006332291163,0.7083007401365731,-0.0016212443300897366
1757619204125.8276,191205,UWB4,UWB4,-749.3394438671537,-1868.479973247192,1445.2840360256841,-0.14121369185637048,0.5988053258786327,0.09455994725207259,0.7826552825525193
1757619204125.8276,191205,UWB1,UWB1,-168.84557296803536,-443.43036443318863,238.46563569481683,0.01857277767098272,0.33941551466753733,0.06683911512450641,0.9380749932824817
1757619204125.8276,191205,LeftRS,LeftRS,-215.20787952025452,-481.27126702831293,250.53718787882943,-0.00724109968491959,-0.5540071500078178,0.8324609361126777,-0.005695091041672941
1757619204136.827,191206,April7,April7,1192.4266184908608,1529.773562164297,1642.9235167169359,-0.6843192721442478,0.18286423828106124,-0.18373849307558285,0.6815482156767547
1757619204136.827,191206,UWB2,UWB2,-1223.055686929054,2021.7641574680022,1719.5886277905038,0.5010380262488278,0.5010595739615192,-0.49475514139366056,0.5031078906742757
1757619204136.827,191206,UWB3,UWB3,1879.2616818203908,-1460.314121108258,1388.3806792664016,-0.7059796147931217,-0.0005445037567730178,0.7082302121412836,-0.0015664043306725878
1757619204136.827,191206,UWB4,UWB4,-749.3884664813567,-1868.4621578755782,1445.0744360212163,-0.13672576280235463,0.5955212143311587,0.09707790842893332,0.7856439580132468
1757619204136.827,191206,UWB1,UWB1,-168.85106642392668,-443.41877553929174,238.44900770773515,0.01889928695860704,0.33904037484057753,0.06652970840625211,0.9382261129811917
1757619204136.827,191206,LeftRS,LeftRS,-215.18598174974173,-481.3954365902275,250.6262442865819,-0.006992063082795032,-0.5522900237443304,0.8336020344804386,-0.00587271967720553
1757619204145.8254,191207,April7,April7,1192.3747497915706,1529.7550587868684,1642.9543129988142,-0.6844149794940094,0.18286815669450945,-0.18375886586673632,0.6814455607946521
1757619204145.8254,191207,UWB2,UWB2,-1223.094765046107,2021.7745820449952,1719.5912462079539,0.5002717106105212,0.5011930645652948,-0.49459916397722786,0.5038902604610439
1757619204145.8254,191207,UWB3,UWB3,1879.2860985802333,-1460.293746242762,1388.3665085718926,-0.7058432177467313,1.9642806963833933e-05,0.7083661600161686,-0.001653759065993468
1757619204145.8254,191207,UWB4,UWB4,-749.3992102869754,-1868.455456315214,1445.0643619951575,-0.1371957667622832,0.5953126980511754,0.09797499376434993,0.7856086899458374
1757619204145.8254,191207,UWB1,UWB1,-168.8627337642534,-443.43198508186555,238.45132089849042,0.018873281872246142,0.33911181078614355,0.06662939384708672,0.9381937448588555
1757619204145.8254,191207,LeftRS,LeftRS,-215.16967938407996,-481.43046523295334,250.66125492036133,-0.006511643447892235,-0.5511153243434797,0.8343786162802634,-0.006467029273297384
1757619204155.825,191208,April7,April7,1192.3908144883053,1529.7542020128658,1642.9513200433075,-0.6844219302244489,0.182870509043981,-0.1836910893289898,0.6814562216686879
1757619204155.825,191208,UWB2,UWB2,-1223.0855341284216,2021.8046023307886,1719.5686518509892,0.5009166826765598,0.500650884925606,-0.49501225591912024,0.5033825929940189
1757619204155.825,191208,UWB3,UWB3,1879.2785342567001,-1460.3005295907553,1388.375247459684,-0.705917700860709,-0.0003235543355995392,0.7082924736962795,-0.001366246437413323
1757619204155.825,191208,UWB4,UWB4,-749.4016213050937,-1868.461563780047,1445.049380515278,-0.1363778412820503,0.5954133282952133,0.09686550580805335,0.7858123991642118
1757619204155.825,191208,UWB1,UWB1,-168.85366119222317,-443.4182771755913,238.45144854986506,0.019024690311687784,0.3391018887220014,0.06633337147604264,0.9382152493177337
1757619204155.825,191208,LeftRS,LeftRS,-215.17127696618027,-481.445019732745,250.66037110744756,-0.006412914057215101,-0.5507425967071586,0.8346237707345868,-0.006680421418658411
1757619204165.8235,191209,April7,April7,1192.5999231427913,1529.606532053684,1642.8173343809399,-0.6845325381172656,0.1828691465782797,-0.1841148946318018,0.6812310805176073
1757619204165.8235,191209,UWB2,UWB2,-1223.0662178744972,2021.7547215873856,1719.6243386559584,0.500458067265593,0.5017425699347959,-0.4945747728587914,0.5031817867090268
1757619204165.8235,191209,UWB3,UWB3,1879.2755453107648,-1460.3043177664053,1388.3922305343217,-0.7057678876850371,-0.0002926612019084204,0.7084415180784721,-0.0014894712792958265
1757619204165.8235,191209,UWB4,UWB4,-749.3832493816883,-1868.4815413966187,1445.2689915274493,-0.14159622485740445,0.5985165845083279,0.09509577066523692,0.7827421041289409
1757619204165.8235,191209,UWB1,UWB1,-168.86088740012002,-443.4091237065174,238.44412531326628,0.018630794944105723,0.33906720427774695,0.06638219724084107,0.9382322358310343
1757619204165.8235,191209,LeftRS,LeftRS,-215.18871765898382,-481.00883659909323,250.71767815722325,-0.010698388540949535,-0.5646938720470065,0.8251983006723013,-0.007357983605057626
1757619204175.8247,191210,April7,April7,1192.403940890578,1529.7605104342579,1642.936225287555,-0.6844034830855531,0.18282182286548876,-0.18371579806430885,0.6814811508516556
1757619204175.8247,191210,UWB2,UWB2,-1223.0560295402308,2021.7642526163477,1719.6167162193567,0.5008368496055998,0.5009492530080809,-0.49482725027000574,0.5033470853973515
1757619204175.8247,191210,UWB3,UWB3,1879.2681952954774,-1460.3108050780806,1388.3852710121823,-0.7059038931927836,-0.0003495689911215163,0.708305614974303,-0.0016514153524294268
1757619204175.8247,191210,UWB4,UWB4,-749.3660242010827,-1868.455368464123,1445.2987523657698,-0.1408799119892433,0.5985550548671176,0.0942102745955025,0.7829489899422345
1757619204175.8247,191210,UWB1,UWB1,-168.87490913746262,-443.4004582452659,238.44032970920085,0.018742907399067112,0.33899273746656855,0.06634248801886078,0.9382597197208348
1757619204175.8247,191210,LeftRS,LeftRS,-215.20793807400852,-481.03357797154666,250.71675804795785,-0.010216267947482496,-0.5637367598655881,0.8258581828207356,-0.007399683338222318
1757619204196.822,191211,April7,April7,1192.3988624580716,1529.7822823658137,1642.9348294108827,-0.6843344557467848,0.1828911430759095,-0.18377391217610364,0.6815162005892663
1757619204196.822,191211,UWB2,UWB2,-1223.0086947265872,2021.8701403422824,1719.5959770515083,0.5009258466670997,0.49992093347091854,-0.49687956870762634,0.5022579522708802
1757619204196.822,191211,UWB3,UWB3,1879.2771178491453,-1460.2979175771145,1388.3682664081757,-0.7058067288755969,-0.00015787578814794082,0.7084026221615377,-0.0016004573793251306
1757619204196.822,191211,UWB4,UWB4,-749.3804371516703,-1868.456824790169,1445.305444356704,-0.14181134859779512,0.5984791988566958,0.09510916374413535,0.7827301175479411
1757619204196.822,191211,UWB1,UWB1,-168.86502199603785,-443.41092475825843,238.46014434232427,0.01837438461935615,0.33923591102240036,0.06667919620502746,0.9381552448588205
1757619204196.822,191211,LeftRS,LeftRS,-215.22535834094793,-481.01424636599484,250.71132732828409,-0.010163349748566398,-0.5640535919154173,0.8256411429644143,-0.0075468413008294224
1757619204201.7861,191212,April7,April7,1192.3807970159226,1529.7828091717556,1642.9421979069605,-0.684354719369491,0.18283128791360545,-0.18381171432735383,0.6815017182022338
1757619204201.7861,191212,UWB2,UWB2,-1223.0891749931052,2021.7915570670382,1719.5768507715684,0.5005743783403612,0.5009547981061012,-0.4950055067718832,0.5034273833127748
1757619204201.7861,191212,UWB3,UWB3,1879.2805216462768,-1460.2908548279338,1388.3590261031868,-0.7059362345881768,-0.00013703182573210584,0.7082735062009725,-0.001629211934115146
1757619204201.7861,191212,UWB4,UWB4,-749.3291247701229,-1868.452212707757,1445.3094787307425,-0.1413307708187746,0.5988099256488713,0.09465782599971788,0.7826187974621945
1757619204201.7861,191212,UWB1,UWB1,-168.84153119890487,-443.4075648176465,238.4693717038271,0.018688909944258904,0.3394694449112642,0.06661545640919389,0.9380690814562265
1757619204201.7861,191212,LeftRS,LeftRS,-215.21797151650426,-481.008806042536,250.7001869549355,-0.010046845382424242,-0.5640259341045161,0.8256604225572484,-0.007659841902788529
1757619204205.8357,191213,April7,April7,1192.4266187269022,1529.7735626173805,1642.9235165234068,-0.6843192703302456,0.1828642287229047,-0.18373848443774107,0.6815482223913282
1757619204205.8357,191213,UWB2,UWB2,-1223.0863594257332,2021.7849414257141,1719.6098046106742,0.500808022344901,0.5013894073446857,-0.4944372443329156,0.5033207708549358
1757619204205.8357,191213,UWB3,UWB3,1879.2708406893614,-1460.3064561799233,1388.3861575337116,-0.7057127935013283,-0.0004975174640970017,0.7084961158739198,-0.0015682335584441907
1757619204205.8357,191213,UWB4,UWB4,-749.4411214614839,-1868.454209397067,1445.0804015262172,-0.1367997002471376,0.5953295623394883,0.09718039567035716,0.7857636571605482
1757619204205.8357,191213,UWB1,UWB1,-168.84551357095046,-443.42033092790433,238.45351645915667,0.018951686247948327,0.3393041409461287,0.0666282243117645,0.9381227069260344
1757619204205.8357,191213,LeftRS,LeftRS,-215.22014286985075,-481.02268079550004,250.73107315117883,-0.01033935088487059,-0.5630247464325944,0.8263380856044918,-0.007848630918557722
1757619204217.7827,191214,April7,April7,1192.3932887904577,1529.78743968143,1642.9256491566223,-0.6843350005201102,0.18284969661000272,-0.18379151657734916,0.6815220274847827
1757619204217.7827,191214,UWB2,UWB2,-1223.0570102085971,2021.7845861469739,1719.60176943544,0.501101039756145,0.5012029869192252,-0.49498528901475847,0.5026757180504481
1757619204217.7827,191214,UWB3,UWB3,1879.284549895027,-1460.2969431393549,1388.3764528100032,-0.7057041890011927,-2.2900370050571834e-05,0.7085046677348295,-0.0016531484208242094
1757619204217.7827,191214,UWB4,UWB4,-749.4178949177032,-1868.4784830951055,1445.1019477540378,-0.13721659295788557,0.5955419207086189,0.09750860132412362,0.7854893379056983
1757619204217.7827,191214,UWB1,UWB1,-168.84398748178845,-443.4243683275021,238.45117786603925,0.018907218994045245,0.33937610000164514,0.06670788237553225,0.9380919135386238
1757619204217.7827,191214,LeftRS,LeftRS,-215.19443693089985,-481.42710014405685,250.6736415974067,-0.00654598420907774,-0.5504332852685251,0.8348252265082136,-0.006869479219198496
1757619204226.816,191215,April7,April7,1192.3913749814808,1529.785468088469,1642.9254181321214,-0.6843259564423636,0.18283114068383016,-0.1837795897444768,0.6815393031431465
1757619204226.816,191215,UWB2,UWB2,-1223.003798397227,2021.7453893884735,1719.6000585347006,0.4999308066461414,0.5010719280091944,-0.4955201860869041,0.5034439956019807
1757619204226.816,191215,UWB3,UWB3,1879.2680717520254,-1460.3015231842567,1388.3647223854077,-0.705902165345616,-0.00046343771650372346,0.7083071502176125,-0.0017026850731597775
1757619204226.816,191215,UWB4,UWB4,-749.3681786952761,-1868.4970326821522,1445.034527351615,-0.13644770872902176,0.5955958826422154,0.09737165786889539,0.7855993429262167
1757619204226.816,191215,UWB1,UWB1,-168.84534795582542,-443.42149935640316,238.45151057924838,0.01880978918529387,0.3392313203305624,0.06681034551858667,0.9381389453962964
1757619204226.816,191215,LeftRS,LeftRS,-215.20997346150008,-480.99315569367803,250.7060396132174,-0.009678042614173455,-0.5635751346030093,0.8259675858366987,-0.008182316020164926
1757619204237.7805,191216,April7,April7,1192.4059625296497,1529.7843006661622,1642.9250316300206,-0.6843346132453267,0.1828493804012689,-0.1837655824241652,0.6815294945323707
1757619204237.7805,191216,UWB2,UWB2,-1223.0120359586524,2021.9006076189687,1719.585558806429,0.5014239254644616,0.4997595891662469,-0.4969160623996212,0.5018852726843557
1757619204237.7805,191216,UWB3,UWB3,1879.2779512147206,-1460.29099970096,1388.3358242626432,-0.706149369161265,6.8168208621475194e-06,0.7080609580316793,-0.001657738802961387
1757619204237.7805,191216,UWB4,UWB4,-749.4226527208815,-1868.4603520829273,1445.0574940040817,-0.1372230563909955,0.5955037508948045,0.09772845001720352,0.7854898252187404
1757619204237.7805,191216,UWB1,UWB1,-168.8607546493908,-443.4161783174084,238.44305677985568,0.019035776027636717,0.3392573238149357,0.06649438674570823,0.9381474319104998
1757619204237.7805,191216,LeftRS,LeftRS,-215.20681881711798,-481.2184485782989,250.54117990169655,-0.007865728530624323,-0.5555334543089325,0.8314409197946098,-0.005168012128565129
1757619204247.7834,191217,April7,April7,1192.4160799784281,1529.7788266319112,1642.9244140322,-0.6843266634185133,0.18285900081339354,-0.18375275850990996,0.681538353503316
1757619204247.7834,191217,UWB2,UWB2,-1223.0389175531448,2021.7602231498022,1719.57997185888,0.5001940695300845,0.5009590832088865,-0.49498618277809653,0.5038199763965436
1757619204247.7834,191217,UWB3,UWB3,1879.2635679447912,-1460.31313135529,1388.3733573550803,-0.7059338823927815,-0.0004093963005845647,0.7082756508741052,-0.0016698692722504046
1757619204247.7834,191217,UWB4,UWB4,-749.3884079079701,-1868.4670455059788,1445.0770691709133,-0.13689156149436324,0.5955112006877493,0.0970768405812175,0.7856228085219007
1757619204247.7834,191217,UWB1,UWB1,-168.86177389281002,-443.42883150946096,238.437829014069,0.019112431112807884,0.33916891012992495,0.0664977011803128,0.9381776063816334
1757619204247.7834,191217,LeftRS,LeftRS,-215.20133975048938,-481.4241713466602,250.63581410751803,-0.006657196939339877,-0.5514169782343423,0.8341810517448488,-0.006080358021997635
1757619204254.777,191218,April7,April7,1192.6159652353374,1529.6137116265686,1642.80726694719,-0.6845608388213129,0.1829463788265787,-0.18418260104180334,0.681163599952301
1757619204254.777,191218,UWB2,UWB2,-1223.0408927381268,2021.757518296695,1719.5498234564266,0.5003734914887912,0.501663264275825,-0.49458922726384225,0.5033307407321708
1757619204254.777,191218,UWB3,UWB3,1879.2575382659907,-1460.3144917926375,1388.3745775975183,-0.7059720151153851,-0.00046255751740970855,0.7082373041401476,-0.0017946974011658148
1757619204254.777,191218,UWB4,UWB4,-749.3966000136772,-1868.4427778540642,1445.3102427733127,-0.14051361248842986,0.5983710691138799,0.09362993712702976,0.783225014428518
1757619204254.777,191218,UWB1,UWB1,-168.85887832065774,-443.3958312419932,238.45131803210526,0.01836463156215774,0.3391089135101972,0.066475677378254,0.9382157904249012
1757619204254.777,191218,LeftRS,LeftRS,-215.2278882104694,-481.012327176752,250.70896793826478,-0.010288105675428316,-0.5642160287775719,0.8255283341501131,-0.007576098429709634
1757619204267.777,191219,April7,April7,1192.3938082400705,1529.744009909951,1642.93945858066,-0.6843655492499761,0.18277114702630903,-0.18360973133900269,0.6815614201024625
1757619204267.777,191219,UWB2,UWB2,-1223.0313830309747,2021.7933238096987,1719.5996083700318,0.5006284034536783,0.5006489753095436,-0.49581675255611884,0.5028792629067435
1757619204267.777,191219,UWB3,UWB3,1879.2700181634352,-1460.3039102969683,1388.3868913461415,-0.7059003757257851,-0.00022653299474731557,0.7083092666059047,-0.0016096810874138287
1757619204267.777,191219,UWB4,UWB4,-749.3517421738687,-1868.4421058956455,1445.293395027889,-0.14178348830935908,0.5986909038833963,0.09507234382990487,0.7825777236088439
1757619204267.777,191219,UWB1,UWB1,-168.87069109080943,-443.400212641531,238.47249715263092,0.01851960672835252,0.33917073427683675,0.06646152998466816,0.938191399560258
1757619204267.777,191219,LeftRS,LeftRS,-215.1983561303239,-481.00579278528664,250.72331039985636,-0.010390729884118712,-0.5644737420758766,0.8253515659932947,-0.007497983178706976
1757619204276.0005,191220,April7,April7,1192.5832665651312,1529.5979712043782,1642.8429460673465,-0.6845408271737746,0.18284987313744136,-0.18415019255869491,0.6812183837848637
1757619204276.0005,191220,UWB2,UWB2,-1223.0422109484487,2021.760091580152,1719.625765012591,0.5004208438593493,0.5017261526835588,-0.4947355044493057,0.5030771584774469
1757619204276.0005,191220,UWB3,UWB3,1879.2694858104555,-1460.302367331674,1388.3863442967613,-0.7059503462869011,-0.00038687653229412433,0.708259159727929,-0.0017092587403002531
1757619204276.0005,191220,UWB4,UWB4,-749.4036806184158,-1868.409715391444,1445.093496529425,-0.1367652649216608,0.5953583361423345,0.0968408395797942,0.7857897719404471
1757619204276.0005,191220,UWB1,UWB1,-168.86541636506482,-443.3996266617697,238.47648074079711,0.018669124429584145,0.33908259100760063,0.06635589906057855,0.9382277734795892
1757619204276.0005,191220,LeftRS,LeftRS,-215.1484772846732,-481.3964213815371,250.64290158674174,-0.007886802215708606,-0.5529247371300234,0.833172265884258,-0.006000731771735519
1757619204287.005,191221,April7,April7,1192.6115595674253,1529.5826791998795,1642.8435139257335,-0.6845218450869074,0.1830744277165449,-0.18419678195135467,0.681164549161097
1757619204287.005,191221,UWB2,UWB2,-1223.0910783841348,2021.7885562318,1719.608484580604,0.5008111984539608,0.5013772805734235,-0.49441151291196617,0.5033549661302716
1757619204287.005,191221,UWB3,UWB3,1879.2572406974052,-1460.3127877491554,1388.3880720948493,-0.7059712533631473,-0.0007062200908430397,0.7082380190525834,-0.0017317755405655995
1757619204287.005,191221,UWB4,UWB4,-749.3696421631391,-1868.4701262969108,1445.2887179439495,-0.14104550502654023,0.5985939495169326,0.09431819682450997,0.7828764441859911
1757619204287.005,191221,UWB1,UWB1,-168.8577273365832,-443.41501033327285,238.46697520815178,0.018785184011443058,0.3390221028382782,0.06643547359272384,0.9382416844807518
1757619204287.005,191221,LeftRS,LeftRS,-215.20108950866197,-481.0221291883034,250.72897981086635,-0.010444574198456746,-0.5642055664164423,0.8255324611303536,-0.007690599103825188
1757619204296.9556,191222,April7,April7,1192.612390259738,1529.6300533072806,1642.8376618173315,-0.6845096825101178,0.18299714096609707,-0.1842859040607376,0.6811734335047491
1757619204296.9556,191222,UWB2,UWB2,-1223.0844576118934,2021.7942899715745,1719.6209393587424,0.500557391223698,0.5014319746814666,-0.49477202183534463,0.5031986876645604
1757619204296.9556,191222,UWB3,UWB3,1879.2679723023034,-1460.3101302352084,1388.3852612147932,-0.7059244035085679,-0.0006306573795634917,0.7082851433421717,-0.0015794059330862184
1757619204296.9556,191222,UWB4,UWB4,-749.33580232297,-1868.465892868485,1445.2900208446183,-0.14098985910398468,0.5987563353527086,0.09440301658124818,0.7827520558677532
1757619204296.9556,191222,UWB1,UWB1,-168.8547299201832,-443.4008564149683,238.46645019923855,0.018503022514134083,0.3391144741669179,0.06659525575941529,0.9382025812577337
1757619204296.9556,191222,LeftRS,LeftRS,-215.20219477707298,-480.9991406792953,250.71497818775663,-0.010523474686238554,-0.5647712664662611,0.8251479038818553,-0.007321869570274524
1757619204307.9836,191223,April7,April7,1192.3925887488033,1529.780367554609,1642.9495029857721,-0.6843461648734671,0.18287705241023508,-0.18380558478827771,0.6814996825570507
1757619204307.9836,191223,UWB2,UWB2,-1223.0247409686986,2021.772251721041,1719.6056661368266,0.5009184033642745,0.5009548226315457,-0.4951662433788285,0.5029268438563221
1757619204307.9836,191223,UWB3,UWB3,1879.2642583592492,-1460.3111036436935,1388.3706095798107,-0.7060086535303751,-0.000497623453826519,0.7082011817145965,-0.0016185577451089878
1757619204307.9836,191223,UWB4,UWB4,-749.4038284331722,-1868.4338209656482,1445.0784884977754,-0.13727425632287055,0.5953407639527099,0.09776407580543121,0.7855999865129305
1757619204307.9836,191223,UWB1,UWB1,-168.84816952411734,-443.4077927101348,238.46432915846248,0.018274524404196392,0.3394109201646411,0.06683305832281454,0.9380829448113911
1757619204307.9836,191223,LeftRS,LeftRS,-215.15923642238158,-481.41826397365423,250.66740738653408,-0.006798592214169443,-0.5505431391849119,0.8347485990325084,-0.007127934735440335
1757619204317.9807,191224,April7,April7,1192.6303763904266,1529.6367521015752,1642.8035753099284,-0.6844755256720139,0.18298149542858305,-0.18420445646056016,0.6812339871929537
1757619204317.9807,191224,UWB2,UWB2,-1223.0603449978714,2021.8366115643564,1719.5753945504798,0.5010192080279188,0.5001805317751074,-0.4960897894690414,0.502686890225725
1757619204317.9807,191224,UWB3,UWB3,1879.2837133139142,-1460.2834968761936,1388.3547296484007,-0.7058686959443677,-4.1541912442753014e-05,0.7083408892553569,-0.0016021763316119919
1757619204317.9807,191224,UWB4,UWB4,-749.4057600230974,-1868.4457126519267,1445.0628122314413,-0.13741703412327427,0.5953858056457493,0.09789104427907612,0.7855250757412375
1757619204317.9807,191224,UWB1,UWB1,-168.84577985093046,-443.43482431283167,238.44403599191213,0.018952408296948754,0.33923264122090874,0.06680087148995667,0.9381362720405891
1757619204317.9807,191224,LeftRS,LeftRS,-215.2163986844051,-481.0051008789386,250.71027457128807,-0.009596592419927085,-0.5631399064591832,0.8262670463648067,-0.008007450196330606
1757619204328.2498,191225,April7,April7,1192.6268221476946,1529.6426659707058,1642.782038978672,-0.6844783076198538,0.1829025472337185,-0.18432348849506774,0.6812201965607646
1757619204328.2498,191225,UWB2,UWB2,-1223.0262495219486,2021.7908397333474,1719.59334054105,0.500776610975393,0.5006246666674148,-0.49557210284415504,0.5029970376719549
1757619204328.2498,191225,UWB3,UWB3,1879.2684282169362,-1460.2992800610002,1388.3507708559084,-0.7059594918564812,-0.00036582906034046697,0.7082498474859433,-0.0017931990897995203
1757619204328.2498,191225,UWB4,UWB4,-749.3957021474479,-1868.4623050316025,1445.070512992944,-0.1373354201036355,0.5956167881974166,0.0979212549134654,0.785360459813533
1757619204328.2498,191225,UWB1,UWB1,-168.84557300175356,-443.410881284846,238.44766045566658,0.01863770395250376,0.3394606230213537,0.06675824038648742,0.9380631421977058
1757619204328.2498,191225,LeftRS,LeftRS,-215.1993430916669,-481.02022809818095,250.6981612539017,-0.009617774227440232,-0.5627743082237713,0.8265116362214538,-0.008431584234342045
1757619204337.3718,191226,April7,April7,1192.3992444785426,1529.788871083475,1642.8985313640576,-0.6843221751949408,0.1828171866854901,-0.18376473169270452,0.6815508492950293
1757619204337.3718,191226,UWB2,UWB2,-1223.0558045801067,2021.805677623417,1719.5860222186643,0.5005291614867433,0.5002555333363901,-0.4960991384430269,0.5030910501129873
1757619204337.3718,191226,UWB3,UWB3,1879.265692043496,-1460.3004792396528,1388.357254358375,-0.7059341799696748,-0.00040487090636957455,0.7082753614444264,-0.0016679331099530746
1757619204337.3718,191226,UWB4,UWB4,-749.4106762053677,-1868.4460167517962,1445.057687411201,-0.13682780977288111,0.5955966277990495,0.09721301723398597,0.7855523131577055
1757619204337.3718,191226,UWB1,UWB1,-168.85109653294688,-443.4171867298912,238.43909790055181,0.018846075332430625,0.3393582380579112,0.06657534346483136,0.938109021036113
1757619204337.3718,191226,LeftRS,LeftRS,-215.23000474145843,-481.2692237758299,250.54261564126705,-0.00696294532322397,-0.5530993538221801,0.8330650345154206,-0.005938893982358485
1757619204345.3628,191227,April7,April7,1192.3987664474025,1529.7676223157744,1642.9264441639198,-0.6842898999726394,0.1829076937531279,-0.18383050675823484,0.6815412336362031
1757619204345.3628,191227,UWB2,UWB2,-1223.0262400205147,2021.7909071606684,1719.593340996716,0.5007772036943886,0.500623604470559,-0.4955734246876562,0.5029962024213326
1757619204345.3628,191227,UWB3,UWB3,1879.2731408631105,-1460.3072013910898,1388.3900976969903,-0.7058515132346526,-0.0004104558677196644,0.7083581584865282,-0.001480572830529272
1757619204345.3628,191227,UWB4,UWB4,-749.425972018951,-1868.4495001855391,1445.056009822585,-0.13716942638749066,0.5952585080916468,0.09751888731513483,0.7857110942489305
1757619204345.3628,191227,UWB1,UWB1,-168.85247748435668,-443.4227276700412,238.45512262516883,0.018857101389605512,0.339385351166742,0.06661625472595677,0.9380960866280681
1757619204345.3628,191227,LeftRS,LeftRS,-215.2126525909616,-481.03495283185407,250.70474070942157,-0.00975652173488304,-0.5632744692021269,0.8261745732150825,-0.007890323287119987
1757619204356.42,191228,April7,April7,1192.433885718423,1529.7776945251853,1642.920999955142,-0.6843117412283966,0.1828184373160019,-0.18376757129463892,0.6815602244371108
1757619204356.42,191228,UWB2,UWB2,-1223.0278975535853,2021.863546950579,1719.5885591070764,0.5012931685168509,0.49972663558616276,-0.49670744814609946,0.502255074479353
1757619204356.42,191228,UWB3,UWB3,1879.275625617658,-1460.3060294112038,1388.37498873721,-0.7057234559171507,-0.0003542906532004714,0.7084854088009498,-0.0016443122081194605
1757619204356.42,191228,UWB4,UWB4,-749.3929144333359,-1868.4682222132342,1445.0582810197018,-0.13733287862626914,0.5954463792534888,0.09798211341391401,0.7854825238877539
1757619204356.42,191228,UWB1,UWB1,-168.86733180565645,-443.42575676254876,238.4555144396309,0.01897063840590247,0.3390553434308661,0.06657972766630797,0.938215715511806
1757619204356.42,191228,LeftRS,LeftRS,-215.1681762610381,-481.4172032212481,250.6646240441238,-0.00702794735324866,-0.5517559856466964,0.8339517699549835,-0.006354970337697741
1757619204366.3677,191229,April7,April7,1192.4229711609526,1529.7644731100745,1642.9498182294558,-0.6843246145937237,0.18289657613965343,-0.1837058624121122,0.6815429703349346
1757619204366.3677,191229,UWB2,UWB2,-1223.031375494125,2021.775172809736,1719.6050914604564,0.500876260047746,0.501453382128474,-0.4949096098049453,0.5027245327166897
1757619204366.3677,191229,UWB3,UWB3,1879.2665030941819,-1460.3097753562195,1388.3719470573835,-0.706037376995833,-0.00038913353026697833,0.708172334296349,-0.0017366050788863699
1757619204366.3677,191229,UWB4,UWB4,-749.4340596101247,-1868.4359438918098,1445.052732791348,-0.13694708977204986,0.5952256252758854,0.09718976681432122,0.7858155628673151
1757619204366.3677,191229,UWB1,UWB1,-168.86354445337096,-443.4186480097013,238.4648598674868,0.019042485574887462,0.33907259727478034,0.06637866219822143,0.9382222714928693
1757619204366.3677,191229,LeftRS,LeftRS,-215.23222100308857,-480.99906417733445,250.73866898451124,-0.01058636211747399,-0.5646763624500523,0.8252115147906522,-0.00738176701148952
1757619204376.4158,191230,April7,April7,1192.398858188517,1529.737249345051,1642.969301407937,-0.6844051457574193,0.1828735834395269,-0.1836908088757319,0.681472329354121
1757619204376.4158,191230,UWB2,UWB2,-1223.0298734642083,2021.922461141586,1719.594309175243,0.5016601979625209,0.4998589012661923,-0.49666977407750723,0.5017940415379176
1757619204376.4158,191230,UWB3,UWB3,1879.2835718468034,-1460.293920478901,1388.3673415048015,-0.7057153289032071,-0.0001288672719689328,0.708493620210074,-0.0016272878933991698
1757619204376.4158,191230,UWB4,UWB4,-749.3949534538431,-1868.4774364341556,1445.0721991736523,-0.13639736313917594,0.5953756748239146,0.09730366988430665,0.7857834058973846
1757619204376.4158,191230,UWB1,UWB1,-168.8554716458048,-443.4122197331048,238.4759187281759,0.018396007452971173,0.3391894323613381,0.06662670086192517,0.9381753560057091
1757619204376.4158,191230,LeftRS,LeftRS,-215.2031259056531,-481.0318096631814,250.74704432094615,-0.009942703041399702,-0.5636817397150746,0.8258946753239911,-0.007875546933181926
1757619204388.4255,191231,April7,April7,1192.5923175556986,1529.603164809027,1642.846798628383,-0.6845719884670876,0.18294695478742934,-0.18419574021107588,0.6811486868726372
1757619204388.4255,191231,UWB2,UWB2,-1223.085505558654,2021.8053874964137,1719.5940977100506,0.5011125741622744,0.5011412754081335,-0.4948151925687998,0.5028931648987388
1757619204388.4255,191231,UWB3,UWB3,1879.2662082665245,-1460.3124225009965,1388.3767867862964,-0.7059424091631095,-0.0003074515962993546,0.7082670789353154,-0.0017220089827741883
1757619204388.4255,191231,UWB4,UWB4,-749.3389891994389,-1868.4379987630593,1445.307871991076,-0.14112946711127336,0.5987651167029745,0.0942885123909626,0.7827339809690522
1757619204388.4255,191231,UWB1,UWB1,-168.86279452609904,-443.4175986425893,238.453846557899,0.01902168665356576,0.3389491450750082,0.06633453631646481,0.9382704203913999
1757619204388.4255,191231,LeftRS,LeftRS,-215.14293509582438,-481.4200481555972,250.65252581986834,-0.007303635443807615,-0.5517110655990122,0.8339782352461979,-0.006469941309160165
1757619204397.4158,191232,April7,April7,1192.3995047812273,1529.7826452613576,1642.9345985691336,-0.684332976816712,0.182862659163755,-0.18374889015402726,0.6815320756148614
1757619204397.4158,191232,UWB2,UWB2,-1223.019467162161,2021.863447948419,1719.587429061626,0.5010096183216268,0.5004462142521795,-0.4960127935002099,0.502507967771654
1757619204397.4158,191232,UWB3,UWB3,1879.2270409785444,-1460.312777584734,1388.3744566456019,-0.7061943214259265,-0.0007130197146305839,0.7080152811726202,-0.001853001542744208
1757619204397.4158,191232,UWB4,UWB4,-749.390329598528,-1868.4308761247862,1445.0846813882376,-0.1375916063463408,0.5953736852321798,0.09810981211378782,0.7854764092976213
1757619204397.4158,191232,UWB1,UWB1,-168.86422339668866,-443.4329680972602,238.4425811046092,0.019027082485772784,0.33892685415158225,0.06652107431960241,0.9382651567325505
1757619204397.4158,191232,LeftRS,LeftRS,-215.14588928000666,-481.4482468463372,250.67386151446442,-0.0062789629366502234,-0.5503162992079698,0.8349019296456553,-0.007163331937428148
1757619204405.4297,191233,April7,April7,1192.4160799736876,1529.778826630459,1642.924414034059,-0.6843266634509058,0.18285900079042797,-0.18375275843371522,0.6815383534974959
1757619204405.4297,191233,UWB2,UWB2,-1223.0314453631072,2021.774124942403,1719.5796610761302,0.5006783049178767,0.5009676683087845,-0.49510134114323034,0.5032169435660888
1757619204405.4297,191233,UWB3,UWB3,1879.2534613011094,-1460.312399442294,1388.3653175681445,-0.7060645062749543,-0.0005930961128995244,0.708145143000831,-0.0017371413409733565
1757619204405.4297,191233,UWB4,UWB4,-749.3580405138349,-1868.4422570877177,1445.0638049211072,-0.13780304580805242,0.5956729081247767,0.09823620238187795,0.7851966350117541
1757619204405.4297,191233,UWB1,UWB1,-168.85379896175593,-443.41723677010356,238.44472723072184,0.01867443446786938,0.33915419435705596,0.06664463425621227,0.9381813207862206
1757619204405.4297,191233,LeftRS,LeftRS,-215.1661683759684,-481.3964759979182,250.64003761084606,-0.007271587497672325,-0.5522208540341682,0.8336420309349085,-0.006341659385250591
1757619204416.3965,191234,April7,April7,1192.623881242963,1529.6333698822025,1642.8142906212504,-0.6845019990022447,0.1828982092132629,-0.18432925869713537,0.6811959944220732
1757619204416.3965,191234,UWB2,UWB2,-1223.0426461180798,2021.8931650044983,1719.5624828849134,0.5007133930819181,0.4997733475507749,-0.49670612803025627,0.5027879487850478
1757619204416.3965,191234,UWB3,UWB3,1879.2745867277315,-1460.2969691249602,1388.3567689978208,-0.7059644770035598,-0.0002394508548074409,0.7082451749217962,-0.0016947189656841394
1757619204416.3965,191234,UWB4,UWB4,-749.3407695576145,-1868.468552939027,1445.2780160970606,-0.14215823355041549,0.5987771979889586,0.09534401339186616,0.7824106485169081
1757619204416.3965,191234,UWB1,UWB1,-168.85032017450547,-443.4212716641253,238.45132992074986,0.0188687568917784,0.3392603024682019,0.06668777738479674,0.9381360016170465
1757619204416.3965,191234,LeftRS,LeftRS,-215.2126959746002,-481.0493878981132,250.73868691707352,-0.009706110367704825,-0.5622293763527483,0.826886842069192,-0.007878464340769196
1757619204426.3645,191235,April7,April7,1192.3832950014855,1529.781584034086,1642.9409307955664,-0.6843561043267632,0.1828250089454652,-0.18381577436007715,0.6815009168527892
1757619204426.3645,191235,UWB2,UWB2,-1223.0262570237983,2021.7907780334456,1719.5933396850396,0.5007760817606961,0.5006256161356152,-0.4955709212088682,0.5029977837500224
1757619204426.3645,191235,UWB3,UWB3,1879.2758290689117,-1460.3025610997279,1388.3763614048419,-0.7057802876676454,-0.00035550754704130404,0.7084287655993395,-0.0016562685638556
1757619204426.3645,191235,UWB4,UWB4,-749.3722764687227,-1868.449935714087,1445.036869988595,-0.1374324167657441,0.5955971323672073,0.0980214099328781,0.7853459046386229
1757619204426.3645,191235,UWB1,UWB1,-168.85261009472788,-443.42354918716194,238.44247357522553,0.019090167100144596,0.3392026409844891,0.06668155537429422,0.9381528148665874
1757619204426.3645,191235,LeftRS,LeftRS,-215.18812172660944,-481.2331361203315,250.5224053212867,-0.007797061631717428,-0.5554198503276888,0.8315164692109611,-0.005325140638119742
1757619204437.41,191236,April7,April7,1192.4022427689345,1529.7803595134403,1642.9256393837227,-0.6843440102901006,0.1828387884779443,-0.18375818295358715,0.6815248955141523
1757619204437.41,191236,UWB2,UWB2,-1223.0146303946096,2021.8941620742944,1719.5934065652375,0.5013465614339235,0.5003620047964855,-0.49622445276654,0.5020465934263184
1757619204437.41,191236,UWB3,UWB3,1879.290193084148,-1460.2876430932288,1388.3436228532546,-0.706074408905133,5.2652424861970045e-05,0.7081358632151294,-0.0015891965117355714
1757619204437.41,191236,UWB4,UWB4,-749.4099230429929,-1868.4601332671732,1445.2851688861197,-0.14149656622978632,0.598543748683191,0.09469829051994197,0.7827875423319239
1757619204437.41,191236,UWB1,UWB1,-168.84349790941124,-443.41742556475054,238.46980068835327,0.0186480470379472,0.3393766918520379,0.06683622789269324,0.938087751764361
1757619204437.41,191236,LeftRS,LeftRS,-215.2066770470918,-481.0055133269073,250.72594192435136,-0.009820310784061712,-0.563469055512582,0.8260412292505447,-0.007878613717670551
1757619204445.4263,191237,April7,April7,1192.3893876054476,1529.7881197665172,1642.935216007817,-0.6843409231245928,0.18285303103042408,-0.18376170614218593,0.681523224355326
1757619204445.4263,191237,UWB2,UWB2,-1223.0518493290203,2021.8091689638825,1719.6018860175288,0.5007074148692088,0.5009230365440365,-0.49575679865640576,0.5025867017146874
1757619204445.4263,191237,UWB3,UWB3,1879.2963244069063,-1460.2851686382103,1388.3667379953165,-0.7056073380001942,9.294564643967215e-05,0.7086010967100493,-0.001661825111729813
1757619204445.4263,191237,UWB4,UWB4,-749.432296738327,-1868.4446598663408,1445.049781762928,-0.13686472774816622,0.5952342403159131,0.09726516400667688,0.7858140577291249
1757619204445.4263,191237,UWB1,UWB1,-168.85256920751746,-443.41675952244935,238.46220621582273,0.018256107028735435,0.3393590141144975,0.06690606773495301,0.9380968778306629
1757619204445.4263,191237,LeftRS,LeftRS,-215.2087671691324,-481.01770328842184,250.71266093379967,-0.009690779017845,-0.5629767399063569,0.8263785088219726,-0.007863795750819424
1757619204456.4255,191238,April7,April7,1192.6102800626732,1529.6353895619511,1642.8163291413368,-0.6844892891751848,0.18293749424113437,-0.18428834718990095,0.6812092859725561
1757619204456.4255,191238,UWB2,UWB2,-1223.02934612649,2021.7789239324795,1719.5734522614223,0.5006459804428678,0.501018989648053,-0.4955181433106992,0.5027875733631064
1757619204456.4255,191238,UWB3,UWB3,1879.2665281075392,-1460.307318762241,1388.380059549499,-0.7057420330327776,-0.0005189305589173949,0.7084664122367782,-0.0018045094027380507
1757619204456.4255,191238,UWB4,UWB4,-749.3596724211407,-1868.4566537313167,1445.0939331272552,-0.13783352826787834,0.5956835239898758,0.09811548942278962,0.7851983242898303
1757619204456.4255,191238,UWB1,UWB1,-168.8621533734674,-443.41602365196087,238.46128393650557,0.018967180339821244,0.33932563846522884,0.06642230350742788,0.9381292207083674
1757619204456.4255,191238,LeftRS,LeftRS,-215.20161127428008,-481.2889422249336,250.58086604192533,-0.007306922542970622,-0.5537049844879529,0.8326599458284553,-0.005900309237747256
1757619204467.3687,191239,April7,April7,1192.6008058879058,1529.6323864540914,1642.8303081445572,-0.6845182873341691,0.18295127356284002,-0.1842924381019827,0.681175339442979
1757619204467.3687,191239,UWB2,UWB2,-1223.0093820036006,2021.9101377247162,1719.58154853393,0.5012496823999779,0.49952617378352737,-0.49689228386147666,0.5023150563521227
1757619204467.3687,191239,UWB3,UWB3,1879.258251077196,-1460.3106511220112,1388.375016631694,-0.7060341790980502,-0.0004329891030388489,0.708175897911717,-0.0015646350093943425
1757619204467.3687,191239,UWB4,UWB4,-749.375638975377,-1868.4567047126236,1445.315891922665,-0.1407721565874564,0.5985132390094717,0.09398658625922802,0.7830272180859643
1757619204467.3687,191239,UWB1,UWB1,-168.87054587405035,-443.4169569867415,238.45995811668374,0.01859928315461725,0.339092946939023,0.06659919484252338,0.9382081790565839
1757619204467.3687,191239,LeftRS,LeftRS,-215.1804926475138,-481.4172276855122,250.63440805671078,-0.006993220680824335,-0.5514081555412133,0.8341822367053812,-0.006335363632335961
1757619204477.4126,191240,April7,April7,1192.3763384694132,1529.7455449354247,1642.9521426547678,-0.684375943656293,0.1827414898452483,-0.18361357105431095,0.6815579008113551
1757619204477.4126,191240,UWB2,UWB2,-1223.0100243158668,2021.7972354718445,1719.59777277071,0.5002648617413618,0.5009322973771848,-0.4955584437311943,0.5032134044299978
1757619204477.4126,191240,UWB3,UWB3,1879.269163489466,-1460.3000764496896,1388.3678655259876,-0.7060076294725888,-0.0002142578286695899,0.7082022789088808,-0.001647230507991846
1757619204477.4126,191240,UWB4,UWB4,-749.3972697883145,-1868.4774055737444,1445.0631676496628,-0.13714212183099384,0.5954108158985212,0.09781351037633515,0.7855638203981958
1757619204477.4126,191240,UWB1,UWB1,-168.8641596555841,-443.4142642308836,238.47318311360706,0.018556975850692266,0.33926837328297016,0.06646461390342276,0.9381551388954137
1757619204477.4126,191240,LeftRS,LeftRS,-215.21759091695546,-480.9778241886336,250.714672511158,-0.010743953904711062,-0.5657095256276228,0.8245067943890083,-0.006770972974770168
1757619204503.41,191241,April7,April7,1192.5999231427904,1529.6065320536843,1642.8173343809397,-0.6845325381172654,0.1828691465782811,-0.18411489463180056,0.6812310805176073
1757619204503.41,191241,UWB2,UWB2,-1223.0396701368968,2021.8675999777033,1719.6076937163534,0.5010737866630142,0.5006394127294598,-0.4956711430933807,0.5025886555082509
1757619204503.41,191241,UWB3,UWB3,1879.2812040446581,-1460.3021131811436,1388.3821311506042,-0.7058614210059567,-0.0001536903256483165,0.708348279816306,-0.001531403283145079
1757619204503.41,191241,UWB4,UWB4,-749.3869902368592,-1868.452319710834,1445.0603389244466,-0.13730860268713108,0.5957697212166501,0.09781184537659485,0.7852627775551111
1757619204503.41,191241,UWB1,UWB1,-168.87755951725433,-443.3955845418927,238.46236405592123,0.018926681315046483,0.3389722925473329,0.06624353800095455,0.9382704084072566
1757619204503.41,191241,LeftRS,LeftRS,-215.15445517487495,-481.39877111351956,250.66261084096183,-0.007415953010470414,-0.5527638138364143,0.8332854237745787,-0.005707212874023599
1757619204506.4158,191243,April7,April7,1192.5967402543654,1529.6405595885117,1642.8263185761568,-0.6845050291729372,0.1829593522687982,-0.18429876264377243,0.6811847814964107
1757619204506.4158,191243,UWB2,UWB2,-1223.0248961260252,2021.8784825253235,1719.6380947499079,0.5011285444008018,0.5001625203836134,-0.4967451020191413,0.5019481435469585
1757619204506.4158,191243,UWB3,UWB3,1879.2698898366557,-1460.301464118747,1388.3835676203782,-0.7059965470633067,-0.0004274224364326306,0.708213095934577,-0.0017039928141768378
1757619204506.4158,191243,UWB4,UWB4,-749.3970634395656,-1868.452958144544,1445.0611726804766,-0.1364409753383864,0.5954462411590358,0.09689383597715522,0.7857730071005986
1757619204506.4158,191243,UWB1,UWB1,-168.86797706564775,-443.39715964929326,238.46367894531434,0.018924534725651743,0.33905160853973393,0.0665276783111878,0.9382216884886854
1757619204506.4158,191243,LeftRS,LeftRS,-215.19668087970825,-481.01134257136334,250.73109504134436,-0.010039573319697476,-0.5636452362403848,0.8259205515764763,-0.007648340649344174
1757619204517.3677,191244,April7,April7,1192.3853753406668,1529.7866526573355,1642.943038241359,-0.6843456017143569,0.18284758384229394,-0.18378157477826965,0.6815146302679566
1757619204517.3677,191244,UWB2,UWB2,-1223.012552281948,2021.7638253451892,1719.5928069202844,0.5007409002693916,0.5017796293273465,-0.49459894477582766,0.5028395750297979
1757619204517.3677,191244,UWB3,UWB3,1879.2153286428836,-1460.3127089795094,1388.3773306397334,-0.7061324651791603,-0.0009672551223816722,0.7080761924359472,-0.0020277433125606677
1757619204517.3677,191244,UWB4,UWB4,-749.4104303515495,-1868.4568773990538,1445.0448523190087,-0.13689070173253218,0.5953628815998868,0.09748786968264235,0.7856844724550653
1757619204517.3677,191244,UWB1,UWB1,-168.82835772548043,-443.4198927860614,238.45139944968463,0.01880859315355887,0.33937664253272193,0.06679393414793595,0.9380875767687377
1757619204517.3677,191244,LeftRS,LeftRS,-215.1849647639785,-481.26602958525046,250.5594132625465,-0.0072708497249709654,-0.5536550110613562,0.8326958870972833,-0.0055518539421684655
1757619204526.3733,191245,April7,April7,1192.3924773551134,1529.790189531401,1642.949065185634,-0.6843834773981712,0.18298787001493286,-0.18389715158662662,0.6814077581963022
1757619204526.3733,191245,UWB2,UWB2,-1223.051156124878,2021.7137459514029,1719.535102050981,0.5001369176494563,0.5017850182584818,-0.49394519127157793,0.5040763901187206
1757619204526.3733,191245,UWB3,UWB3,1879.2596165653604,-1460.3087341353619,1388.3625632706921,-0.7060499664744686,-0.0004779462987789533,0.7081599075382393,-0.0016618556405235607
1757619204526.3733,191245,UWB4,UWB4,-749.3520323185712,-1868.4626205574386,1445.0744702937118,-0.13720403349833943,0.5957407675066083,0.09767917180998617,0.7853195340222597
1757619204526.3733,191245,UWB1,UWB1,-168.84218132010264,-443.4258719391705,238.44520125040208,0.018955805544100885,0.3392650150624366,0.06666992301188276,0.9381338115410022
1757619204526.3733,191245,LeftRS,LeftRS,-215.169847005662,-481.40236903036066,250.63627891435678,-0.006815448925031153,-0.5508656179863325,0.8345395003559416,-0.006666552492977262
1757619204536.382,191246,April7,April7,1192.6127469384824,1529.6478791891593,1642.8174643456498,-0.6845604553958721,0.18306275607110462,-0.18438255448679527,0.6810786179647483
1757619204536.382,191246,UWB2,UWB2,-1223.0388495323245,2021.74456085015,1719.5765533512092,0.5005203473963608,0.5013388357865798,-0.4946063504609348,0.5034911237133165
1757619204536.382,191246,UWB3,UWB3,1879.2490222009517,-1460.311323834093,1388.3529965222933,-0.7061004333369608,-0.000769542255037095,0.7081090773404651,-0.0017664750519307834
1757619204536.382,191246,UWB4,UWB4,-749.3692324056133,-1868.4271103324493,1445.0940916201391,-0.13779825041158886,0.5955833704597467,0.09786285399933782,0.7853120098549478
1757619204536.382,191246,UWB1,UWB1,-168.854555330538,-443.4253068955728,238.44341549631963,0.018752659496905105,0.33932101340410165,0.066863841431998,0.9381038398456556
1757619204536.382,191246,LeftRS,LeftRS,-215.20743011914445,-481.4118991408647,250.64604303825868,-0.006274229721498227,-0.5504537921231988,0.8348176943458667,-0.0063776159842936315
1757619204546.4282,191247,April7,April7,1192.4125957518834,1529.771831755617,1642.9137442726549,-0.6843461260170665,0.18278401482750323,-0.18381887229100366,0.6815210971926227
1757619204546.4282,191247,UWB2,UWB2,-1223.030116243862,2021.7967551739575,1719.5893571880472,0.5003085784689651,0.5004984472301747,-0.4960331646118866,0.5031339088509783
1757619204546.4282,191247,UWB3,UWB3,1879.2721077345736,-1460.2932718403142,1388.3507153004962,-0.7057850126630866,-0.00019781930742043726,0.7084237790193618,-0.0017961312910701353
1757619204546.4282,191247,UWB4,UWB4,-749.3669298583217,-1868.4645016585487,1445.0741708971948,-0.13776542424380864,0.5958702768473453,0.09806484883554334,0.785074892271848
1757619204546.4282,191247,UWB1,UWB1,-168.8597498775189,-443.4200032484725,238.44072582198197,0.01902618230903392,0.33934176979299296,0.06665201904292496,0.9381058980829428
1757619204546.4282,191247,LeftRS,LeftRS,-215.1885686165857,-481.4550550380365,250.66297978158502,-0.005493964172640482,-0.5489550103242458,0.8358024575997869,-0.007243263610662248
1757619204557.3738,191248,April7,April7,1192.631236565177,1529.6063209236952,1642.8158602203073,-0.6845457732371147,0.18303945304852756,-0.18433415391497063,0.6811127385913058
1757619204557.3738,191248,UWB2,UWB2,-1223.0438490295694,2021.8632291057108,1719.5555610906897,0.5010940290351112,0.49968490909285024,-0.4964237069738731,0.5027755650830175
1757619204557.3738,191248,UWB3,UWB3,1879.2696777265483,-1460.2988449687589,1388.3470581957176,-0.7060078475391846,-0.00026798529633243563,0.70820182989017,-0.0017365302138216414
1757619204557.3738,191248,UWB4,UWB4,-749.3717844636216,-1868.4334157911833,1445.069047519736,-0.13757922772687087,0.5958289372656036,0.09783870685371358,0.7851671293783333
1757619204557.3738,191248,UWB1,UWB1,-168.8518211579642,-443.4268339316917,238.46747581336138,0.018623205598623453,0.3393293821688792,0.06682201459382892,0.9381063718873998
1757619204557.3738,191248,LeftRS,LeftRS,-215.22752244226757,-481.0122728861394,250.71235153338043,-0.01014358264579844,-0.5640637740503438,0.825633755661902,-0.007620239288460857
1757619204567.4153,191249,April7,April7,1192.6411056850948,1529.6316296600694,1642.8014682927578,-0.6844773602252645,0.1829719679079509,-0.1842269301604633,0.6812286257216421
1757619204567.4153,191249,UWB2,UWB2,-1223.021352786667,2021.890777350621,1719.629928127597,0.5014643269029935,0.49987105836971757,-0.4967364076783591,0.501911740383571
1757619204567.4153,191249,UWB3,UWB3,1879.277604227032,-1460.2961106844266,1388.3640977869393,-0.7059767111286749,-0.00017480280664392507,0.7082331171544305,-0.001644552716417957
1757619204567.4153,191249,UWB4,UWB4,-749.4052898542863,-1868.4337132436292,1445.0696723908084,-0.1371727755495779,0.5954851783623134,0.09787058862503495,0.7854949903602303
1757619204567.4153,191249,UWB1,UWB1,-168.86827408684474,-443.42316233574843,238.44175642914965,0.01895667789982668,0.33889884311666874,0.06652399577607641,0.9382764925559898
1757619204567.4153,191249,LeftRS,LeftRS,-215.205921273609,-481.02577173299835,250.707300507037,-0.010021606988859455,-0.5637504895488481,0.8258482185074356,-0.007724824586362322
1757619204576.3687,191250,April7,April7,1192.6327673860378,1529.5942210683538,1642.83153546309,-0.6845518767828249,0.18299105397387405,-0.18412040217778777,0.6811774215727738
1757619204576.3687,191250,UWB2,UWB2,-1223.0396971814555,2021.7918365270807,1719.5771912414239,0.5008240307430681,0.501199193043809,-0.4950812887487754,0.5028609913816668
1757619204576.3687,191250,UWB3,UWB3,1879.2605070922223,-1460.3160309526434,1388.3818268581188,-0.7059383364358329,-0.000513376217376456,0.7082707937187137,-0.0018122803678014981
1757619204576.3687,191250,UWB4,UWB4,-749.4149720853569,-1868.4472300717753,1445.0886219347567,-0.13730775939605724,0.5952514092118776,0.09776855497852353,0.7856612811500385
1757619204576.3687,191250,UWB1,UWB1,-168.85889116541057,-443.4034774421684,238.4764911774785,0.01846135886524209,0.33924283625927976,0.06651020342789739,0.9381630290709542
1757619204576.3687,191250,LeftRS,LeftRS,-215.2244339923934,-481.02570543649733,250.71541071802002,-0.010321062803499436,-0.564036998911277,0.8256523367964717,-0.0073456289242118155
1757619204586.3718,191251,April7,April7,1192.3905802900704,1529.735129680347,1642.9654806170472,-0.6843714621332813,0.18279907960302313,-0.1835756232427253,0.6815571794537033
1757619204586.3718,191251,UWB2,UWB2,-1223.0014350580352,2021.7002142267343,1719.5950818616752,0.4997999082732237,0.5025595232087223,-0.49413575207065297,0.5034519200955234
1757619204586.3718,191251,UWB3,UWB3,1879.2519060786224,-1460.3337179672635,1388.3941912094356,-0.7060249622877556,-0.0007302411209547468,0.7081843426274159,-0.0017765786933253863
1757619204586.3718,191251,UWB4,UWB4,-749.4355855750731,-1868.433577248753,1445.0640276085464,-0.13699697276730005,0.5951096705837605,0.09750975937361891,0.7858550478664516
1757619204586.3718,191251,UWB1,UWB1,-168.8701355978475,-443.41888740714376,238.46086121342861,0.018789013552199415,0.33906407518397713,0.06641131953638159,0.93822815057256
1757619204586.3718,191251,LeftRS,LeftRS,-215.1796721602727,-481.39483337609016,250.64144947104512,-0.0078499018622683,-0.5534051969468029,0.8328549894551375,-0.00579944589646872
